date,gourdes_pour_1_dollar,exercice_fichier,source_id,attribution
1993-10-01,12.4426,9394.pdf,SRC-007,"BRH — Banque de la République d'Haïti, taux de référence calculé à l'achat"
1993-10-04,12.3421,9394.pdf,SRC-007,"BRH — Banque de la République d'Haïti, taux de référence calculé à l'achat"
1993-10-05,12.4124,9394.pdf,SRC-007,"BRH — Banque de la République d'Haïti, taux de référence calculé à l'achat"
1993-10-06,12.3676,9394.pdf,SRC-007,"BRH — Banque de la République d'Haïti, taux de référence calculé à l'achat"
1993-10-08,12.3187,9394.pdf,SRC-007,"BRH — Banque de la République d'Haïti, taux de référence calculé à l'achat"
1993-10-11,12.2668,9394.pdf,SRC-007,"BRH — Banque de la République d'Haïti, taux de référence calculé à l'achat"
1993-10-12,12.36,9394.pdf,SRC-007,"BRH — Banque de la République d'Haïti, taux de référence calculé à l'achat"
1993-10-13,12.3176,9394.pdf,SRC-007,"BRH — Banque de la République d'Haïti, taux de référence calculé à l'achat"
1993-10-14,12.3956,9394.pdf,SRC-007,"BRH — Banque de la République d'Haïti, taux de référence calculé à l'achat"
1993-10-15,12.4488,9394.pdf,SRC-007,"BRH — Banque de la République d'Haïti, taux de référence calculé à l'achat"
1993-10-21,12.4087,9394.pdf,SRC-007,"BRH — Banque de la République d'Haïti, taux de référence calculé à l'achat"
1993-10-22,12.5067,9394.pdf,SRC-007,"BRH — Banque de la République d'Haïti, taux de référence calculé à l'achat"
1993-10-25,12.6587,9394.pdf,SRC-007,"BRH — Banque de la République d'Haïti, taux de référence calculé à l'achat"
1993-10-26,12.8628,9394.pdf,SRC-007,"BRH — Banque de la République d'Haïti, taux de référence calculé à l'achat"
1993-10-27,12.6018,9394.pdf,SRC-007,"BRH — Banque de la République d'Haïti, taux de référence calculé à l'achat"
1993-10-28,12.4866,9394.pdf,SRC-007,"BRH — Banque de la République d'Haïti, taux de référence calculé à l'achat"
1993-11-03,12.436,9394.pdf,SRC-007,"BRH — Banque de la République d'Haïti, taux de référence calculé à l'achat"
1993-11-05,12.4881,9394.pdf,SRC-007,"BRH — Banque de la République d'Haïti, taux de référence calculé à l'achat"
1993-11-08,12.4252,9394.pdf,SRC-007,"BRH — Banque de la République d'Haïti, taux de référence calculé à l'achat"
1993-11-09,12.6676,9394.pdf,SRC-007,"BRH — Banque de la République d'Haïti, taux de référence calculé à l'achat"
1993-11-10,12.7069,9394.pdf,SRC-007,"BRH — Banque de la République d'Haïti, taux de référence calculé à l'achat"
1993-11-11,12.6328,9394.pdf,SRC-007,"BRH — Banque de la République d'Haïti, taux de référence calculé à l'achat"
1993-11-12,12.6519,9394.pdf,SRC-007,"BRH — Banque de la République d'Haïti, taux de référence calculé à l'achat"
1993-11-15,12.6302,9394.pdf,SRC-007,"BRH — Banque de la République d'Haïti, taux de référence calculé à l'achat"
1993-11-17,12.7029,9394.pdf,SRC-007,"BRH — Banque de la République d'Haïti, taux de référence calculé à l'achat"
1993-11-19,12.6791,9394.pdf,SRC-007,"BRH — Banque de la République d'Haïti, taux de référence calculé à l'achat"
1993-11-22,12.7497,9394.pdf,SRC-007,"BRH — Banque de la République d'Haïti, taux de référence calculé à l'achat"
1993-11-23,12.9316,9394.pdf,SRC-007,"BRH — Banque de la République d'Haïti, taux de référence calculé à l'achat"
1993-11-24,13.0654,9394.pdf,SRC-007,"BRH — Banque de la République d'Haïti, taux de référence calculé à l'achat"
1993-11-25,13.1002,9394.pdf,SRC-007,"BRH — Banque de la République d'Haïti, taux de référence calculé à l'achat"
1993-11-26,13.1619,9394.pdf,SRC-007,"BRH — Banque de la République d'Haïti, taux de référence calculé à l'achat"
1993-11-29,13.2011,9394.pdf,SRC-007,"BRH — Banque de la République d'Haïti, taux de référence calculé à l'achat"
1993-11-30,13.1677,9394.pdf,SRC-007,"BRH — Banque de la République d'Haïti, taux de référence calculé à l'achat"
1993-12-01,13.1597,9394.pdf,SRC-007,"BRH — Banque de la République d'Haïti, taux de référence calculé à l'achat"
1993-12-02,13.188,9394.pdf,SRC-007,"BRH — Banque de la République d'Haïti, taux de référence calculé à l'achat"
1993-12-03,13.2877,9394.pdf,SRC-007,"BRH — Banque de la République d'Haïti, taux de référence calculé à l'achat"
1993-12-06,13.4048,9394.pdf,SRC-007,"BRH — Banque de la République d'Haïti, taux de référence calculé à l'achat"
1993-12-07,13.4323,9394.pdf,SRC-007,"BRH — Banque de la République d'Haïti, taux de référence calculé à l'achat"
1993-12-08,13.4192,9394.pdf,SRC-007,"BRH — Banque de la République d'Haïti, taux de référence calculé à l'achat"
1993-12-09,13.3602,9394.pdf,SRC-007,"BRH — Banque de la République d'Haïti, taux de référence calculé à l'achat"
1993-12-10,13.2786,9394.pdf,SRC-007,"BRH — Banque de la République d'Haïti, taux de référence calculé à l'achat"
1993-12-13,13.2307,9394.pdf,SRC-007,"BRH — Banque de la République d'Haïti, taux de référence calculé à l'achat"
1993-12-14,13.2166,9394.pdf,SRC-007,"BRH — Banque de la République d'Haïti, taux de référence calculé à l'achat"
1993-12-15,13.276,9394.pdf,SRC-007,"BRH — Banque de la République d'Haïti, taux de référence calculé à l'achat"
1993-12-16,13.2958,9394.pdf,SRC-007,"BRH — Banque de la République d'Haïti, taux de référence calculé à l'achat"
1993-12-17,13.2687,9394.pdf,SRC-007,"BRH — Banque de la République d'Haïti, taux de référence calculé à l'achat"
1993-12-20,13.1531,9394.pdf,SRC-007,"BRH — Banque de la République d'Haïti, taux de référence calculé à l'achat"
1993-12-21,12.7388,9394.pdf,SRC-007,"BRH — Banque de la République d'Haïti, taux de référence calculé à l'achat"
1993-12-22,12.643,9394.pdf,SRC-007,"BRH — Banque de la République d'Haïti, taux de référence calculé à l'achat"
1993-12-23,12.7143,9394.pdf,SRC-007,"BRH — Banque de la République d'Haïti, taux de référence calculé à l'achat"
1993-12-24,12.7387,9394.pdf,SRC-007,"BRH — Banque de la République d'Haïti, taux de référence calculé à l'achat"
1993-12-27,12.8458,9394.pdf,SRC-007,"BRH — Banque de la République d'Haïti, taux de référence calculé à l'achat"
1993-12-28,12.7698,9394.pdf,SRC-007,"BRH — Banque de la République d'Haïti, taux de référence calculé à l'achat"
1993-12-29,12.7663,9394.pdf,SRC-007,"BRH — Banque de la République d'Haïti, taux de référence calculé à l'achat"
1993-12-30,12.8161,9394.pdf,SRC-007,"BRH — Banque de la République d'Haïti, taux de référence calculé à l'achat"
1993-12-31,12.8049,9394.pdf,SRC-007,"BRH — Banque de la République d'Haïti, taux de référence calculé à l'achat"
1994-01-03,12.7809,9394.pdf,SRC-007,"BRH — Banque de la République d'Haïti, taux de référence calculé à l'achat"
1994-01-04,12.8731,9394.pdf,SRC-007,"BRH — Banque de la République d'Haïti, taux de référence calculé à l'achat"
1994-01-05,13.1168,9394.pdf,SRC-007,"BRH — Banque de la République d'Haïti, taux de référence calculé à l'achat"
1994-01-06,13.1202,9394.pdf,SRC-007,"BRH — Banque de la République d'Haïti, taux de référence calculé à l'achat"
1994-01-07,13.2347,9394.pdf,SRC-007,"BRH — Banque de la République d'Haïti, taux de référence calculé à l'achat"
1994-01-10,13.2926,9394.pdf,SRC-007,"BRH — Banque de la République d'Haïti, taux de référence calculé à l'achat"
1994-01-11,13.2564,9394.pdf,SRC-007,"BRH — Banque de la République d'Haïti, taux de référence calculé à l'achat"
1994-01-12,13.2881,9394.pdf,SRC-007,"BRH — Banque de la République d'Haïti, taux de référence calculé à l'achat"
1994-01-13,13.3064,9394.pdf,SRC-007,"BRH — Banque de la République d'Haïti, taux de référence calculé à l'achat"
1994-01-14,13.3784,9394.pdf,SRC-007,"BRH — Banque de la République d'Haïti, taux de référence calculé à l'achat"
1994-01-17,13.4119,9394.pdf,SRC-007,"BRH — Banque de la République d'Haïti, taux de référence calculé à l'achat"
1994-01-18,13.4484,9394.pdf,SRC-007,"BRH — Banque de la République d'Haïti, taux de référence calculé à l'achat"
1994-01-19,13.4557,9394.pdf,SRC-007,"BRH — Banque de la République d'Haïti, taux de référence calculé à l'achat"
1994-01-20,13.516,9394.pdf,SRC-007,"BRH — Banque de la République d'Haïti, taux de référence calculé à l'achat"
1994-01-21,13.5245,9394.pdf,SRC-007,"BRH — Banque de la République d'Haïti, taux de référence calculé à l'achat"
1994-01-24,13.5891,9394.pdf,SRC-007,"BRH — Banque de la République d'Haïti, taux de référence calculé à l'achat"
1994-01-25,13.7552,9394.pdf,SRC-007,"BRH — Banque de la République d'Haïti, taux de référence calculé à l'achat"
1994-01-26,13.9113,9394.pdf,SRC-007,"BRH — Banque de la République d'Haïti, taux de référence calculé à l'achat"
1994-01-27,13.7623,9394.pdf,SRC-007,"BRH — Banque de la République d'Haïti, taux de référence calculé à l'achat"
1994-01-28,13.7124,9394.pdf,SRC-007,"BRH — Banque de la République d'Haïti, taux de référence calculé à l'achat"
1994-01-31,13.7755,9394.pdf,SRC-007,"BRH — Banque de la République d'Haïti, taux de référence calculé à l'achat"
1994-02-01,13.73,9394.pdf,SRC-007,"BRH — Banque de la République d'Haïti, taux de référence calculé à l'achat"
1994-02-02,13.9653,9394.pdf,SRC-007,"BRH — Banque de la République d'Haïti, taux de référence calculé à l'achat"
1994-02-03,13.9443,9394.pdf,SRC-007,"BRH — Banque de la République d'Haïti, taux de référence calculé à l'achat"
1994-02-04,13.8952,9394.pdf,SRC-007,"BRH — Banque de la République d'Haïti, taux de référence calculé à l'achat"
1994-02-07,13.9574,9394.pdf,SRC-007,"BRH — Banque de la République d'Haïti, taux de référence calculé à l'achat"
1994-02-08,13.9352,9394.pdf,SRC-007,"BRH — Banque de la République d'Haïti, taux de référence calculé à l'achat"
1994-02-09,13.9674,9394.pdf,SRC-007,"BRH — Banque de la République d'Haïti, taux de référence calculé à l'achat"
1994-02-10,13.907,9394.pdf,SRC-007,"BRH — Banque de la République d'Haïti, taux de référence calculé à l'achat"
1994-02-11,13.8926,9394.pdf,SRC-007,"BRH — Banque de la République d'Haïti, taux de référence calculé à l'achat"
1994-02-16,14.0325,9394.pdf,SRC-007,"BRH — Banque de la République d'Haïti, taux de référence calculé à l'achat"
1994-02-17,13.8699,9394.pdf,SRC-007,"BRH — Banque de la République d'Haïti, taux de référence calculé à l'achat"
1994-02-18,13.8796,9394.pdf,SRC-007,"BRH — Banque de la République d'Haïti, taux de référence calculé à l'achat"
1994-02-21,13.9005,9394.pdf,SRC-007,"BRH — Banque de la République d'Haïti, taux de référence calculé à l'achat"
1994-02-22,13.9283,9394.pdf,SRC-007,"BRH — Banque de la République d'Haïti, taux de référence calculé à l'achat"
1994-02-23,13.9496,9394.pdf,SRC-007,"BRH — Banque de la République d'Haïti, taux de référence calculé à l'achat"
1994-02-24,13.9184,9394.pdf,SRC-007,"BRH — Banque de la République d'Haïti, taux de référence calculé à l'achat"
1994-02-25,13.9258,9394.pdf,SRC-007,"BRH — Banque de la République d'Haïti, taux de référence calculé à l'achat"
1994-02-28,13.889,9394.pdf,SRC-007,"BRH — Banque de la République d'Haïti, taux de référence calculé à l'achat"
1994-03-01,13.8959,9394.pdf,SRC-007,"BRH — Banque de la République d'Haïti, taux de référence calculé à l'achat"
1994-03-02,13.9171,9394.pdf,SRC-007,"BRH — Banque de la République d'Haïti, taux de référence calculé à l'achat"
1994-03-03,13.9413,9394.pdf,SRC-007,"BRH — Banque de la République d'Haïti, taux de référence calculé à l'achat"
1994-03-04,13.9253,9394.pdf,SRC-007,"BRH — Banque de la République d'Haïti, taux de référence calculé à l'achat"
1994-03-07,13.9097,9394.pdf,SRC-007,"BRH — Banque de la République d'Haïti, taux de référence calculé à l'achat"
1994-03-08,13.9481,9394.pdf,SRC-007,"BRH — Banque de la République d'Haïti, taux de référence calculé à l'achat"
1994-03-09,13.9449,9394.pdf,SRC-007,"BRH — Banque de la République d'Haïti, taux de référence calculé à l'achat"
1994-03-10,13.9714,9394.pdf,SRC-007,"BRH — Banque de la République d'Haïti, taux de référence calculé à l'achat"
1994-03-11,14.0417,9394.pdf,SRC-007,"BRH — Banque de la République d'Haïti, taux de référence calculé à l'achat"
1994-03-14,14.0173,9394.pdf,SRC-007,"BRH — Banque de la République d'Haïti, taux de référence calculé à l'achat"
1994-03-15,14.0707,9394.pdf,SRC-007,"BRH — Banque de la République d'Haïti, taux de référence calculé à l'achat"
1994-03-16,14.1264,9394.pdf,SRC-007,"BRH — Banque de la République d'Haïti, taux de référence calculé à l'achat"
1994-03-17,14.1758,9394.pdf,SRC-007,"BRH — Banque de la République d'Haïti, taux de référence calculé à l'achat"
1994-03-18,14.1107,9394.pdf,SRC-007,"BRH — Banque de la République d'Haïti, taux de référence calculé à l'achat"
1994-03-21,14.1261,9394.pdf,SRC-007,"BRH — Banque de la République d'Haïti, taux de référence calculé à l'achat"
1994-03-22,14.1531,9394.pdf,SRC-007,"BRH — Banque de la République d'Haïti, taux de référence calculé à l'achat"
1994-03-23,14.1827,9394.pdf,SRC-007,"BRH — Banque de la République d'Haïti, taux de référence calculé à l'achat"
1994-03-24,14.2108,9394.pdf,SRC-007,"BRH — Banque de la République d'Haïti, taux de référence calculé à l'achat"
1994-03-25,14.2014,9394.pdf,SRC-007,"BRH — Banque de la République d'Haïti, taux de référence calculé à l'achat"
1994-03-28,14.1837,9394.pdf,SRC-007,"BRH — Banque de la République d'Haïti, taux de référence calculé à l'achat"
1994-03-29,14.2172,9394.pdf,SRC-007,"BRH — Banque de la République d'Haïti, taux de référence calculé à l'achat"
1994-03-30,14.2085,9394.pdf,SRC-007,"BRH — Banque de la République d'Haïti, taux de référence calculé à l'achat"
1994-03-31,14.2177,9394.pdf,SRC-007,"BRH — Banque de la République d'Haïti, taux de référence calculé à l'achat"
1994-04-04,14.1833,9394.pdf,SRC-007,"BRH — Banque de la République d'Haïti, taux de référence calculé à l'achat"
1994-04-05,14.2083,9394.pdf,SRC-007,"BRH — Banque de la République d'Haïti, taux de référence calculé à l'achat"
1994-04-06,14.2223,9394.pdf,SRC-007,"BRH — Banque de la République d'Haïti, taux de référence calculé à l'achat"
1994-04-07,14.2018,9394.pdf,SRC-007,"BRH — Banque de la République d'Haïti, taux de référence calculé à l'achat"
1994-04-08,14.2066,9394.pdf,SRC-007,"BRH — Banque de la République d'Haïti, taux de référence calculé à l'achat"
1994-04-11,14.2218,9394.pdf,SRC-007,"BRH — Banque de la République d'Haïti, taux de référence calculé à l'achat"
1994-04-12,14.2863,9394.pdf,SRC-007,"BRH — Banque de la République d'Haïti, taux de référence calculé à l'achat"
1994-04-13,14.286,9394.pdf,SRC-007,"BRH — Banque de la République d'Haïti, taux de référence calculé à l'achat"
1994-04-14,14.369,9394.pdf,SRC-007,"BRH — Banque de la République d'Haïti, taux de référence calculé à l'achat"
1994-04-15,14.4444,9394.pdf,SRC-007,"BRH — Banque de la République d'Haïti, taux de référence calculé à l'achat"
1994-04-18,14.4503,9394.pdf,SRC-007,"BRH — Banque de la République d'Haïti, taux de référence calculé à l'achat"
1994-04-19,14.7092,9394.pdf,SRC-007,"BRH — Banque de la République d'Haïti, taux de référence calculé à l'achat"
1994-04-20,14.7586,9394.pdf,SRC-007,"BRH — Banque de la République d'Haïti, taux de référence calculé à l'achat"
1994-04-21,14.7429,9394.pdf,SRC-007,"BRH — Banque de la République d'Haïti, taux de référence calculé à l'achat"
1994-04-22,14.7302,9394.pdf,SRC-007,"BRH — Banque de la République d'Haïti, taux de référence calculé à l'achat"
1994-04-25,14.8035,9394.pdf,SRC-007,"BRH — Banque de la République d'Haïti, taux de référence calculé à l'achat"
1994-04-26,14.7646,9394.pdf,SRC-007,"BRH — Banque de la République d'Haïti, taux de référence calculé à l'achat"
1994-04-27,14.8146,9394.pdf,SRC-007,"BRH — Banque de la République d'Haïti, taux de référence calculé à l'achat"
1994-04-28,14.8562,9394.pdf,SRC-007,"BRH — Banque de la République d'Haïti, taux de référence calculé à l'achat"
1994-04-29,14.9482,9394.pdf,SRC-007,"BRH — Banque de la République d'Haïti, taux de référence calculé à l'achat"
1994-05-02,14.8792,9394.pdf,SRC-007,"BRH — Banque de la République d'Haïti, taux de référence calculé à l'achat"
1994-05-03,14.9274,9394.pdf,SRC-007,"BRH — Banque de la République d'Haïti, taux de référence calculé à l'achat"
1994-05-04,14.9865,9394.pdf,SRC-007,"BRH — Banque de la République d'Haïti, taux de référence calculé à l'achat"
1994-05-05,15.0427,9394.pdf,SRC-007,"BRH — Banque de la République d'Haïti, taux de référence calculé à l'achat"
1994-05-06,15.0452,9394.pdf,SRC-007,"BRH — Banque de la République d'Haïti, taux de référence calculé à l'achat"
1994-05-09,15.0883,9394.pdf,SRC-007,"BRH — Banque de la République d'Haïti, taux de référence calculé à l'achat"
1994-05-10,15.1169,9394.pdf,SRC-007,"BRH — Banque de la République d'Haïti, taux de référence calculé à l'achat"
1994-05-11,15.1604,9394.pdf,SRC-007,"BRH — Banque de la République d'Haïti, taux de référence calculé à l'achat"
1994-05-13,15.2103,9394.pdf,SRC-007,"BRH — Banque de la République d'Haïti, taux de référence calculé à l'achat"
1994-05-16,15.1845,9394.pdf,SRC-007,"BRH — Banque de la République d'Haïti, taux de référence calculé à l'achat"
1994-05-17,14.8986,9394.pdf,SRC-007,"BRH — Banque de la République d'Haïti, taux de référence calculé à l'achat"
1994-05-19,14.959,9394.pdf,SRC-007,"BRH — Banque de la République d'Haïti, taux de référence calculé à l'achat"
1994-05-20,14.9467,9394.pdf,SRC-007,"BRH — Banque de la République d'Haïti, taux de référence calculé à l'achat"
1994-05-23,14.7969,9394.pdf,SRC-007,"BRH — Banque de la République d'Haïti, taux de référence calculé à l'achat"
1994-05-24,14.6205,9394.pdf,SRC-007,"BRH — Banque de la République d'Haïti, taux de référence calculé à l'achat"
1994-05-25,14.7509,9394.pdf,SRC-007,"BRH — Banque de la République d'Haïti, taux de référence calculé à l'achat"
1994-05-26,14.8229,9394.pdf,SRC-007,"BRH — Banque de la République d'Haïti, taux de référence calculé à l'achat"
1994-05-27,14.9893,9394.pdf,SRC-007,"BRH — Banque de la République d'Haïti, taux de référence calculé à l'achat"
1994-05-30,14.96,9394.pdf,SRC-007,"BRH — Banque de la République d'Haïti, taux de référence calculé à l'achat"
1994-05-31,14.8599,9394.pdf,SRC-007,"BRH — Banque de la République d'Haïti, taux de référence calculé à l'achat"
1994-06-01,14.8632,9394.pdf,SRC-007,"BRH — Banque de la République d'Haïti, taux de référence calculé à l'achat"
1994-06-03,14.9791,9394.pdf,SRC-007,"BRH — Banque de la République d'Haïti, taux de référence calculé à l'achat"
1994-06-06,14.8894,9394.pdf,SRC-007,"BRH — Banque de la République d'Haïti, taux de référence calculé à l'achat"
1994-06-07,15.0075,9394.pdf,SRC-007,"BRH — Banque de la République d'Haïti, taux de référence calculé à l'achat"
1994-06-08,15.1015,9394.pdf,SRC-007,"BRH — Banque de la République d'Haïti, taux de référence calculé à l'achat"
1994-06-09,15.1859,9394.pdf,SRC-007,"BRH — Banque de la République d'Haïti, taux de référence calculé à l'achat"
1994-06-10,15.224,9394.pdf,SRC-007,"BRH — Banque de la République d'Haïti, taux de référence calculé à l'achat"
1994-06-13,15.185,9394.pdf,SRC-007,"BRH — Banque de la République d'Haïti, taux de référence calculé à l'achat"
1994-06-14,15.0774,9394.pdf,SRC-007,"BRH — Banque de la République d'Haïti, taux de référence calculé à l'achat"
1994-06-15,15.0793,9394.pdf,SRC-007,"BRH — Banque de la République d'Haïti, taux de référence calculé à l'achat"
1994-06-16,15.0164,9394.pdf,SRC-007,"BRH — Banque de la République d'Haïti, taux de référence calculé à l'achat"
1994-06-17,14.917,9394.pdf,SRC-007,"BRH — Banque de la République d'Haïti, taux de référence calculé à l'achat"
1994-06-20,14.8494,9394.pdf,SRC-007,"BRH — Banque de la République d'Haïti, taux de référence calculé à l'achat"
1994-06-21,14.963,9394.pdf,SRC-007,"BRH — Banque de la République d'Haïti, taux de référence calculé à l'achat"
1994-06-22,14.9098,9394.pdf,SRC-007,"BRH — Banque de la République d'Haïti, taux de référence calculé à l'achat"
1994-06-23,14.9174,9394.pdf,SRC-007,"BRH — Banque de la République d'Haïti, taux de référence calculé à l'achat"
1994-06-24,14.545,9394.pdf,SRC-007,"BRH — Banque de la République d'Haïti, taux de référence calculé à l'achat"
1994-06-27,14.5451,9394.pdf,SRC-007,"BRH — Banque de la République d'Haïti, taux de référence calculé à l'achat"
1994-06-28,14.0433,9394.pdf,SRC-007,"BRH — Banque de la République d'Haïti, taux de référence calculé à l'achat"
1994-06-29,14.3818,9394.pdf,SRC-007,"BRH — Banque de la République d'Haïti, taux de référence calculé à l'achat"
1994-06-30,14.6436,9394.pdf,SRC-007,"BRH — Banque de la République d'Haïti, taux de référence calculé à l'achat"
1994-07-01,14.8523,9394.pdf,SRC-007,"BRH — Banque de la République d'Haïti, taux de référence calculé à l'achat"
1994-07-04,14.8734,9394.pdf,SRC-007,"BRH — Banque de la République d'Haïti, taux de référence calculé à l'achat"
1994-07-05,14.9487,9394.pdf,SRC-007,"BRH — Banque de la République d'Haïti, taux de référence calculé à l'achat"
1994-07-06,15.0072,9394.pdf,SRC-007,"BRH — Banque de la République d'Haïti, taux de référence calculé à l'achat"
1994-07-07,15.0448,9394.pdf,SRC-007,"BRH — Banque de la République d'Haïti, taux de référence calculé à l'achat"
1994-07-08,14.9385,9394.pdf,SRC-007,"BRH — Banque de la République d'Haïti, taux de référence calculé à l'achat"
1994-07-11,14.9816,9394.pdf,SRC-007,"BRH — Banque de la République d'Haïti, taux de référence calculé à l'achat"
1994-07-12,15.0334,9394.pdf,SRC-007,"BRH — Banque de la République d'Haïti, taux de référence calculé à l'achat"
1994-07-13,15.0156,9394.pdf,SRC-007,"BRH — Banque de la République d'Haïti, taux de référence calculé à l'achat"
1994-07-14,15.2224,9394.pdf,SRC-007,"BRH — Banque de la République d'Haïti, taux de référence calculé à l'achat"
1994-07-15,15.3953,9394.pdf,SRC-007,"BRH — Banque de la République d'Haïti, taux de référence calculé à l'achat"
1994-07-18,15.2163,9394.pdf,SRC-007,"BRH — Banque de la République d'Haïti, taux de référence calculé à l'achat"
1994-07-19,15.501,9394.pdf,SRC-007,"BRH — Banque de la République d'Haïti, taux de référence calculé à l'achat"
1994-07-20,15.5056,9394.pdf,SRC-007,"BRH — Banque de la République d'Haïti, taux de référence calculé à l'achat"
1994-07-21,15.9306,9394.pdf,SRC-007,"BRH — Banque de la République d'Haïti, taux de référence calculé à l'achat"
1994-07-22,16.0468,9394.pdf,SRC-007,"BRH — Banque de la République d'Haïti, taux de référence calculé à l'achat"
1994-07-25,16.3024,9394.pdf,SRC-007,"BRH — Banque de la République d'Haïti, taux de référence calculé à l'achat"
1994-07-26,16.5992,9394.pdf,SRC-007,"BRH — Banque de la République d'Haïti, taux de référence calculé à l'achat"
1994-07-27,16.8018,9394.pdf,SRC-007,"BRH — Banque de la République d'Haïti, taux de référence calculé à l'achat"
1994-07-28,17.1648,9394.pdf,SRC-007,"BRH — Banque de la République d'Haïti, taux de référence calculé à l'achat"
1994-07-29,17.1647,9394.pdf,SRC-007,"BRH — Banque de la République d'Haïti, taux de référence calculé à l'achat"
1994-08-01,17.2321,9394.pdf,SRC-007,"BRH — Banque de la République d'Haïti, taux de référence calculé à l'achat"
1994-08-02,16.9537,9394.pdf,SRC-007,"BRH — Banque de la République d'Haïti, taux de référence calculé à l'achat"
1994-08-03,17.1307,9394.pdf,SRC-007,"BRH — Banque de la République d'Haïti, taux de référence calculé à l'achat"
1994-08-04,17.1479,9394.pdf,SRC-007,"BRH — Banque de la République d'Haïti, taux de référence calculé à l'achat"
1994-08-05,17.2338,9394.pdf,SRC-007,"BRH — Banque de la République d'Haïti, taux de référence calculé à l'achat"
1994-08-08,17.368,9394.pdf,SRC-007,"BRH — Banque de la République d'Haïti, taux de référence calculé à l'achat"
1994-08-09,17.5806,9394.pdf,SRC-007,"BRH — Banque de la République d'Haïti, taux de référence calculé à l'achat"
1994-08-10,17.8019,9394.pdf,SRC-007,"BRH — Banque de la République d'Haïti, taux de référence calculé à l'achat"
1994-08-11,18.5293,9394.pdf,SRC-007,"BRH — Banque de la République d'Haïti, taux de référence calculé à l'achat"
1994-08-16,18.3982,9394.pdf,SRC-007,"BRH — Banque de la République d'Haïti, taux de référence calculé à l'achat"
1994-08-17,18.8061,9394.pdf,SRC-007,"BRH — Banque de la République d'Haïti, taux de référence calculé à l'achat"
1994-08-18,19.0841,9394.pdf,SRC-007,"BRH — Banque de la République d'Haïti, taux de référence calculé à l'achat"
1994-08-19,19.4527,9394.pdf,SRC-007,"BRH — Banque de la République d'Haïti, taux de référence calculé à l'achat"
1994-08-22,20.5932,9394.pdf,SRC-007,"BRH — Banque de la République d'Haïti, taux de référence calculé à l'achat"
1994-08-23,23.1207,9394.pdf,SRC-007,"BRH — Banque de la République d'Haïti, taux de référence calculé à l'achat"
1994-08-24,23.3805,9394.pdf,SRC-007,"BRH — Banque de la République d'Haïti, taux de référence calculé à l'achat"
1994-08-25,21.448,9394.pdf,SRC-007,"BRH — Banque de la République d'Haïti, taux de référence calculé à l'achat"
1994-08-26,21.1713,9394.pdf,SRC-007,"BRH — Banque de la République d'Haïti, taux de référence calculé à l'achat"
1994-08-29,20.3531,9394.pdf,SRC-007,"BRH — Banque de la République d'Haïti, taux de référence calculé à l'achat"
1994-08-30,20.2844,9394.pdf,SRC-007,"BRH — Banque de la République d'Haïti, taux de référence calculé à l'achat"
1994-08-31,21.4932,9394.pdf,SRC-007,"BRH — Banque de la République d'Haïti, taux de référence calculé à l'achat"
1994-09-01,21.2979,9394.pdf,SRC-007,"BRH — Banque de la République d'Haïti, taux de référence calculé à l'achat"
1994-09-02,20.8578,9394.pdf,SRC-007,"BRH — Banque de la République d'Haïti, taux de référence calculé à l'achat"
1994-09-05,21.0644,9394.pdf,SRC-007,"BRH — Banque de la République d'Haïti, taux de référence calculé à l'achat"
1994-09-06,20.007,9394.pdf,SRC-007,"BRH — Banque de la République d'Haïti, taux de référence calculé à l'achat"
1994-09-07,19.8436,9394.pdf,SRC-007,"BRH — Banque de la République d'Haïti, taux de référence calculé à l'achat"
1994-09-08,19.7256,9394.pdf,SRC-007,"BRH — Banque de la République d'Haïti, taux de référence calculé à l'achat"
1994-09-09,19.491,9394.pdf,SRC-007,"BRH — Banque de la République d'Haïti, taux de référence calculé à l'achat"
1994-09-12,18.9182,9394.pdf,SRC-007,"BRH — Banque de la République d'Haïti, taux de référence calculé à l'achat"
1994-09-13,18.5851,9394.pdf,SRC-007,"BRH — Banque de la République d'Haïti, taux de référence calculé à l'achat"
1994-09-14,18.8556,9394.pdf,SRC-007,"BRH — Banque de la République d'Haïti, taux de référence calculé à l'achat"
1994-09-15,18.7229,9394.pdf,SRC-007,"BRH — Banque de la République d'Haïti, taux de référence calculé à l'achat"
1994-09-16,17.3502,9394.pdf,SRC-007,"BRH — Banque de la République d'Haïti, taux de référence calculé à l'achat"
1994-09-19,14.6567,9394.pdf,SRC-007,"BRH — Banque de la République d'Haïti, taux de référence calculé à l'achat"
1994-09-20,14.6987,9394.pdf,SRC-007,"BRH — Banque de la République d'Haïti, taux de référence calculé à l'achat"
1994-09-21,15.0761,9394.pdf,SRC-007,"BRH — Banque de la République d'Haïti, taux de référence calculé à l'achat"
1994-09-22,15.516,9394.pdf,SRC-007,"BRH — Banque de la République d'Haïti, taux de référence calculé à l'achat"
1994-09-23,15.7416,9394.pdf,SRC-007,"BRH — Banque de la République d'Haïti, taux de référence calculé à l'achat"
1994-09-26,15.297,9394.pdf,SRC-007,"BRH — Banque de la République d'Haïti, taux de référence calculé à l'achat"
1994-09-27,15.2713,9394.pdf,SRC-007,"BRH — Banque de la République d'Haïti, taux de référence calculé à l'achat"
1994-09-28,15.0964,9394.pdf,SRC-007,"BRH — Banque de la République d'Haïti, taux de référence calculé à l'achat"
1994-10-01,15.0505,9495.pdf,SRC-007,"BRH — Banque de la République d'Haïti, taux de référence calculé à l'achat"
1994-10-03,15.0735,9495.pdf,SRC-007,"BRH — Banque de la République d'Haïti, taux de référence calculé à l'achat"
1994-10-04,14.2898,9495.pdf,SRC-007,"BRH — Banque de la République d'Haïti, taux de référence calculé à l'achat"
1994-10-05,14.5778,9495.pdf,SRC-007,"BRH — Banque de la République d'Haïti, taux de référence calculé à l'achat"
1994-10-06,14.6714,9495.pdf,SRC-007,"BRH — Banque de la République d'Haïti, taux de référence calculé à l'achat"
1994-10-07,14.3175,9495.pdf,SRC-007,"BRH — Banque de la République d'Haïti, taux de référence calculé à l'achat"
1994-10-10,14.4234,9495.pdf,SRC-007,"BRH — Banque de la République d'Haïti, taux de référence calculé à l'achat"
1994-10-11,14.484,9495.pdf,SRC-007,"BRH — Banque de la République d'Haïti, taux de référence calculé à l'achat"
1994-10-12,14.4698,9495.pdf,SRC-007,"BRH — Banque de la République d'Haïti, taux de référence calculé à l'achat"
1994-10-13,14.4322,9495.pdf,SRC-007,"BRH — Banque de la République d'Haïti, taux de référence calculé à l'achat"
1994-10-14,13.5529,9495.pdf,SRC-007,"BRH — Banque de la République d'Haïti, taux de référence calculé à l'achat"
1994-10-18,11.1793,9495.pdf,SRC-007,"BRH — Banque de la République d'Haïti, taux de référence calculé à l'achat"
1994-10-19,12.4375,9495.pdf,SRC-007,"BRH — Banque de la République d'Haïti, taux de référence calculé à l'achat"
1994-10-20,12.9393,9495.pdf,SRC-007,"BRH — Banque de la République d'Haïti, taux de référence calculé à l'achat"
1994-10-21,12.9869,9495.pdf,SRC-007,"BRH — Banque de la République d'Haïti, taux de référence calculé à l'achat"
1994-10-24,13.4506,9495.pdf,SRC-007,"BRH — Banque de la République d'Haïti, taux de référence calculé à l'achat"
1994-10-25,13.6766,9495.pdf,SRC-007,"BRH — Banque de la République d'Haïti, taux de référence calculé à l'achat"
1994-10-26,14.4734,9495.pdf,SRC-007,"BRH — Banque de la République d'Haïti, taux de référence calculé à l'achat"
1994-10-27,14.4726,9495.pdf,SRC-007,"BRH — Banque de la République d'Haïti, taux de référence calculé à l'achat"
1994-10-28,14.509,9495.pdf,SRC-007,"BRH — Banque de la République d'Haïti, taux de référence calculé à l'achat"
1994-10-31,14.2828,9495.pdf,SRC-007,"BRH — Banque de la République d'Haïti, taux de référence calculé à l'achat"
1994-11-03,14.2158,9495.pdf,SRC-007,"BRH — Banque de la République d'Haïti, taux de référence calculé à l'achat"
1994-11-04,14.3119,9495.pdf,SRC-007,"BRH — Banque de la République d'Haïti, taux de référence calculé à l'achat"
1994-11-07,14.3083,9495.pdf,SRC-007,"BRH — Banque de la République d'Haïti, taux de référence calculé à l'achat"
1994-11-08,14.2874,9495.pdf,SRC-007,"BRH — Banque de la République d'Haïti, taux de référence calculé à l'achat"
1994-11-09,14.1967,9495.pdf,SRC-007,"BRH — Banque de la République d'Haïti, taux de référence calculé à l'achat"
1994-11-10,14.1555,9495.pdf,SRC-007,"BRH — Banque de la République d'Haïti, taux de référence calculé à l'achat"
1994-11-11,14.1359,9495.pdf,SRC-007,"BRH — Banque de la République d'Haïti, taux de référence calculé à l'achat"
1994-11-14,14.0644,9495.pdf,SRC-007,"BRH — Banque de la République d'Haïti, taux de référence calculé à l'achat"
1994-11-15,14.0807,9495.pdf,SRC-007,"BRH — Banque de la République d'Haïti, taux de référence calculé à l'achat"
1994-11-16,14.0757,9495.pdf,SRC-007,"BRH — Banque de la République d'Haïti, taux de référence calculé à l'achat"
1994-11-17,14.069,9495.pdf,SRC-007,"BRH — Banque de la République d'Haïti, taux de référence calculé à l'achat"
1994-11-21,14.0733,9495.pdf,SRC-007,"BRH — Banque de la République d'Haïti, taux de référence calculé à l'achat"
1994-11-22,14.1859,9495.pdf,SRC-007,"BRH — Banque de la République d'Haïti, taux de référence calculé à l'achat"
1994-11-23,14.1774,9495.pdf,SRC-007,"BRH — Banque de la République d'Haïti, taux de référence calculé à l'achat"
1994-11-24,14.1475,9495.pdf,SRC-007,"BRH — Banque de la République d'Haïti, taux de référence calculé à l'achat"
1994-11-25,14.1552,9495.pdf,SRC-007,"BRH — Banque de la République d'Haïti, taux de référence calculé à l'achat"
1994-11-28,14.1128,9495.pdf,SRC-007,"BRH — Banque de la République d'Haïti, taux de référence calculé à l'achat"
1994-11-29,14.0765,9495.pdf,SRC-007,"BRH — Banque de la République d'Haïti, taux de référence calculé à l'achat"
1994-11-30,14.0546,9495.pdf,SRC-007,"BRH — Banque de la République d'Haïti, taux de référence calculé à l'achat"
1994-12-01,14.0488,9495.pdf,SRC-007,"BRH — Banque de la République d'Haïti, taux de référence calculé à l'achat"
1994-12-02,14.0123,9495.pdf,SRC-007,"BRH — Banque de la République d'Haïti, taux de référence calculé à l'achat"
1994-12-06,14.1622,9495.pdf,SRC-007,"BRH — Banque de la République d'Haïti, taux de référence calculé à l'achat"
1994-12-07,13.8267,9495.pdf,SRC-007,"BRH — Banque de la République d'Haïti, taux de référence calculé à l'achat"
1994-12-08,13.8172,9495.pdf,SRC-007,"BRH — Banque de la République d'Haïti, taux de référence calculé à l'achat"
1994-12-09,13.7867,9495.pdf,SRC-007,"BRH — Banque de la République d'Haïti, taux de référence calculé à l'achat"
1994-12-10,12.8624,9495.pdf,SRC-007,"BRH — Banque de la République d'Haïti, taux de référence calculé à l'achat"
1994-12-11,12.9139,9495.pdf,SRC-007,"BRH — Banque de la République d'Haïti, taux de référence calculé à l'achat"
1994-12-12,12.4021,9495.pdf,SRC-007,"BRH — Banque de la République d'Haïti, taux de référence calculé à l'achat"
1994-12-15,12.36,9495.pdf,SRC-007,"BRH — Banque de la République d'Haïti, taux de référence calculé à l'achat"
1994-12-16,12.1246,9495.pdf,SRC-007,"BRH — Banque de la République d'Haïti, taux de référence calculé à l'achat"
1994-12-19,11.7679,9495.pdf,SRC-007,"BRH — Banque de la République d'Haïti, taux de référence calculé à l'achat"
1994-12-20,11.7854,9495.pdf,SRC-007,"BRH — Banque de la République d'Haïti, taux de référence calculé à l'achat"
1994-12-21,11.9768,9495.pdf,SRC-007,"BRH — Banque de la République d'Haïti, taux de référence calculé à l'achat"
1994-12-22,12.8139,9495.pdf,SRC-007,"BRH — Banque de la République d'Haïti, taux de référence calculé à l'achat"
1994-12-23,12.4753,9495.pdf,SRC-007,"BRH — Banque de la République d'Haïti, taux de référence calculé à l'achat"
1994-12-26,12.3885,9495.pdf,SRC-007,"BRH — Banque de la République d'Haïti, taux de référence calculé à l'achat"
1994-12-27,12.8025,9495.pdf,SRC-007,"BRH — Banque de la République d'Haïti, taux de référence calculé à l'achat"
1994-12-28,12.7877,9495.pdf,SRC-007,"BRH — Banque de la République d'Haïti, taux de référence calculé à l'achat"
1994-12-29,12.8281,9495.pdf,SRC-007,"BRH — Banque de la République d'Haïti, taux de référence calculé à l'achat"
1994-12-30,12.9466,9495.pdf,SRC-007,"BRH — Banque de la République d'Haïti, taux de référence calculé à l'achat"
1995-01-03,13.0408,9495.pdf,SRC-007,"BRH — Banque de la République d'Haïti, taux de référence calculé à l'achat"
1995-01-04,13.5446,9495.pdf,SRC-007,"BRH — Banque de la République d'Haïti, taux de référence calculé à l'achat"
1995-01-05,13.5365,9495.pdf,SRC-007,"BRH — Banque de la République d'Haïti, taux de référence calculé à l'achat"
1995-01-06,13.6275,9495.pdf,SRC-007,"BRH — Banque de la République d'Haïti, taux de référence calculé à l'achat"
1995-01-09,13.7594,9495.pdf,SRC-007,"BRH — Banque de la République d'Haïti, taux de référence calculé à l'achat"
1995-01-10,14.0183,9495.pdf,SRC-007,"BRH — Banque de la République d'Haïti, taux de référence calculé à l'achat"
1995-01-11,14.0638,9495.pdf,SRC-007,"BRH — Banque de la République d'Haïti, taux de référence calculé à l'achat"
1995-01-12,14.1163,9495.pdf,SRC-007,"BRH — Banque de la République d'Haïti, taux de référence calculé à l'achat"
1995-01-13,14.333,9495.pdf,SRC-007,"BRH — Banque de la République d'Haïti, taux de référence calculé à l'achat"
1995-01-14,14.2006,9495.pdf,SRC-007,"BRH — Banque de la République d'Haïti, taux de référence calculé à l'achat"
1995-01-17,14.2647,9495.pdf,SRC-007,"BRH — Banque de la République d'Haïti, taux de référence calculé à l'achat"
1995-01-18,14.2491,9495.pdf,SRC-007,"BRH — Banque de la République d'Haïti, taux de référence calculé à l'achat"
1995-01-19,14.2739,9495.pdf,SRC-007,"BRH — Banque de la République d'Haïti, taux de référence calculé à l'achat"
1995-01-20,14.2626,9495.pdf,SRC-007,"BRH — Banque de la République d'Haïti, taux de référence calculé à l'achat"
1995-01-23,14.2741,9495.pdf,SRC-007,"BRH — Banque de la République d'Haïti, taux de référence calculé à l'achat"
1995-01-24,14.2984,9495.pdf,SRC-007,"BRH — Banque de la République d'Haïti, taux de référence calculé à l'achat"
1995-01-25,14.3125,9495.pdf,SRC-007,"BRH — Banque de la République d'Haïti, taux de référence calculé à l'achat"
1995-01-26,14.3324,9495.pdf,SRC-007,"BRH — Banque de la République d'Haïti, taux de référence calculé à l'achat"
1995-01-27,14.2611,9495.pdf,SRC-007,"BRH — Banque de la République d'Haïti, taux de référence calculé à l'achat"
1995-01-30,14.2692,9495.pdf,SRC-007,"BRH — Banque de la République d'Haïti, taux de référence calculé à l'achat"
1995-01-31,14.156,9495.pdf,SRC-007,"BRH — Banque de la République d'Haïti, taux de référence calculé à l'achat"
1995-02-01,14.1453,9495.pdf,SRC-007,"BRH — Banque de la République d'Haïti, taux de référence calculé à l'achat"
1995-02-02,14.1245,9495.pdf,SRC-007,"BRH — Banque de la République d'Haïti, taux de référence calculé à l'achat"
1995-02-03,14.153,9495.pdf,SRC-007,"BRH — Banque de la République d'Haïti, taux de référence calculé à l'achat"
1995-02-06,14.1557,9495.pdf,SRC-007,"BRH — Banque de la République d'Haïti, taux de référence calculé à l'achat"
1995-02-08,14.1692,9495.pdf,SRC-007,"BRH — Banque de la République d'Haïti, taux de référence calculé à l'achat"
1995-02-09,14.1362,9495.pdf,SRC-007,"BRH — Banque de la République d'Haïti, taux de référence calculé à l'achat"
1995-02-10,14.1622,9495.pdf,SRC-007,"BRH — Banque de la République d'Haïti, taux de référence calculé à l'achat"
1995-02-13,14.1604,9495.pdf,SRC-007,"BRH — Banque de la République d'Haïti, taux de référence calculé à l'achat"
1995-02-14,14.1208,9495.pdf,SRC-007,"BRH — Banque de la République d'Haïti, taux de référence calculé à l'achat"
1995-02-15,14.1107,9495.pdf,SRC-007,"BRH — Banque de la République d'Haïti, taux de référence calculé à l'achat"
1995-02-16,14.0024,9495.pdf,SRC-007,"BRH — Banque de la République d'Haïti, taux de référence calculé à l'achat"
1995-02-17,14.028,9495.pdf,SRC-007,"BRH — Banque de la République d'Haïti, taux de référence calculé à l'achat"
1995-02-20,13.9949,9495.pdf,SRC-007,"BRH — Banque de la République d'Haïti, taux de référence calculé à l'achat"
1995-02-21,13.9821,9495.pdf,SRC-007,"BRH — Banque de la République d'Haïti, taux de référence calculé à l'achat"
1995-02-22,13.9739,9495.pdf,SRC-007,"BRH — Banque de la République d'Haïti, taux de référence calculé à l'achat"
1995-02-23,13.9864,9495.pdf,SRC-007,"BRH — Banque de la République d'Haïti, taux de référence calculé à l'achat"
1995-02-24,13.9795,9495.pdf,SRC-007,"BRH — Banque de la République d'Haïti, taux de référence calculé à l'achat"
1995-03-02,13.9187,9495.pdf,SRC-007,"BRH — Banque de la République d'Haïti, taux de référence calculé à l'achat"
1995-03-03,13.9634,9495.pdf,SRC-007,"BRH — Banque de la République d'Haïti, taux de référence calculé à l'achat"
1995-03-06,13.9533,9495.pdf,SRC-007,"BRH — Banque de la République d'Haïti, taux de référence calculé à l'achat"
1995-03-07,14.0275,9495.pdf,SRC-007,"BRH — Banque de la République d'Haïti, taux de référence calculé à l'achat"
1995-03-08,14.0582,9495.pdf,SRC-007,"BRH — Banque de la République d'Haïti, taux de référence calculé à l'achat"
1995-03-09,14.1979,9495.pdf,SRC-007,"BRH — Banque de la République d'Haïti, taux de référence calculé à l'achat"
1995-03-10,14.2322,9495.pdf,SRC-007,"BRH — Banque de la République d'Haïti, taux de référence calculé à l'achat"
1995-03-13,14.3184,9495.pdf,SRC-007,"BRH — Banque de la République d'Haïti, taux de référence calculé à l'achat"
1995-03-14,14.255,9495.pdf,SRC-007,"BRH — Banque de la République d'Haïti, taux de référence calculé à l'achat"
1995-03-15,14.2457,9495.pdf,SRC-007,"BRH — Banque de la République d'Haïti, taux de référence calculé à l'achat"
1995-03-16,14.3595,9495.pdf,SRC-007,"BRH — Banque de la République d'Haïti, taux de référence calculé à l'achat"
1995-03-17,14.4331,9495.pdf,SRC-007,"BRH — Banque de la République d'Haïti, taux de référence calculé à l'achat"
1995-03-20,14.554,9495.pdf,SRC-007,"BRH — Banque de la République d'Haïti, taux de référence calculé à l'achat"
1995-03-21,14.5411,9495.pdf,SRC-007,"BRH — Banque de la République d'Haïti, taux de référence calculé à l'achat"
1995-03-22,14.3855,9495.pdf,SRC-007,"BRH — Banque de la République d'Haïti, taux de référence calculé à l'achat"
1995-03-23,14.3663,9495.pdf,SRC-007,"BRH — Banque de la République d'Haïti, taux de référence calculé à l'achat"
1995-03-24,14.4587,9495.pdf,SRC-007,"BRH — Banque de la République d'Haïti, taux de référence calculé à l'achat"
1995-03-27,14.4882,9495.pdf,SRC-007,"BRH — Banque de la République d'Haïti, taux de référence calculé à l'achat"
1995-03-28,14.5401,9495.pdf,SRC-007,"BRH — Banque de la République d'Haïti, taux de référence calculé à l'achat"
1995-03-30,14.4729,9495.pdf,SRC-007,"BRH — Banque de la République d'Haïti, taux de référence calculé à l'achat"
1995-04-03,14.4512,9495.pdf,SRC-007,"BRH — Banque de la République d'Haïti, taux de référence calculé à l'achat"
1995-04-04,14.3978,9495.pdf,SRC-007,"BRH — Banque de la République d'Haïti, taux de référence calculé à l'achat"
1995-04-05,14.3744,9495.pdf,SRC-007,"BRH — Banque de la République d'Haïti, taux de référence calculé à l'achat"
1995-04-06,14.4415,9495.pdf,SRC-007,"BRH — Banque de la République d'Haïti, taux de référence calculé à l'achat"
1995-04-07,14.4662,9495.pdf,SRC-007,"BRH — Banque de la République d'Haïti, taux de référence calculé à l'achat"
1995-04-10,14.4544,9495.pdf,SRC-007,"BRH — Banque de la République d'Haïti, taux de référence calculé à l'achat"
1995-04-11,14.391,9495.pdf,SRC-007,"BRH — Banque de la République d'Haïti, taux de référence calculé à l'achat"
1995-04-12,14.3028,9495.pdf,SRC-007,"BRH — Banque de la République d'Haïti, taux de référence calculé à l'achat"
1995-04-13,14.314,9495.pdf,SRC-007,"BRH — Banque de la République d'Haïti, taux de référence calculé à l'achat"
1995-04-17,14.2549,9495.pdf,SRC-007,"BRH — Banque de la République d'Haïti, taux de référence calculé à l'achat"
1995-04-18,14.2628,9495.pdf,SRC-007,"BRH — Banque de la République d'Haïti, taux de référence calculé à l'achat"
1995-04-19,14.1786,9495.pdf,SRC-007,"BRH — Banque de la République d'Haïti, taux de référence calculé à l'achat"
1995-04-20,14.217,9495.pdf,SRC-007,"BRH — Banque de la République d'Haïti, taux de référence calculé à l'achat"
1995-04-21,14.2339,9495.pdf,SRC-007,"BRH — Banque de la République d'Haïti, taux de référence calculé à l'achat"
1995-04-24,14.2453,9495.pdf,SRC-007,"BRH — Banque de la République d'Haïti, taux de référence calculé à l'achat"
1995-04-25,14.2745,9495.pdf,SRC-007,"BRH — Banque de la République d'Haïti, taux de référence calculé à l'achat"
1995-04-27,14.2945,9495.pdf,SRC-007,"BRH — Banque de la République d'Haïti, taux de référence calculé à l'achat"
1995-04-28,14.241,9495.pdf,SRC-007,"BRH — Banque de la République d'Haïti, taux de référence calculé à l'achat"
1995-05-02,14.2852,9495.pdf,SRC-007,"BRH — Banque de la République d'Haïti, taux de référence calculé à l'achat"
1995-05-03,14.2719,9495.pdf,SRC-007,"BRH — Banque de la République d'Haïti, taux de référence calculé à l'achat"
1995-05-04,14.2931,9495.pdf,SRC-007,"BRH — Banque de la République d'Haïti, taux de référence calculé à l'achat"
1995-05-05,14.3482,9495.pdf,SRC-007,"BRH — Banque de la République d'Haïti, taux de référence calculé à l'achat"
1995-05-08,14.3712,9495.pdf,SRC-007,"BRH — Banque de la République d'Haïti, taux de référence calculé à l'achat"
1995-05-09,14.3254,9495.pdf,SRC-007,"BRH — Banque de la République d'Haïti, taux de référence calculé à l'achat"
1995-05-10,14.3288,9495.pdf,SRC-007,"BRH — Banque de la République d'Haïti, taux de référence calculé à l'achat"
1995-05-11,14.3652,9495.pdf,SRC-007,"BRH — Banque de la République d'Haïti, taux de référence calculé à l'achat"
1995-05-12,14.3733,9495.pdf,SRC-007,"BRH — Banque de la République d'Haïti, taux de référence calculé à l'achat"
1995-05-15,14.3142,9495.pdf,SRC-007,"BRH — Banque de la République d'Haïti, taux de référence calculé à l'achat"
1995-05-16,14.3174,9495.pdf,SRC-007,"BRH — Banque de la République d'Haïti, taux de référence calculé à l'achat"
1995-05-17,14.3649,9495.pdf,SRC-007,"BRH — Banque de la République d'Haïti, taux de référence calculé à l'achat"
1995-05-19,14.3463,9495.pdf,SRC-007,"BRH — Banque de la République d'Haïti, taux de référence calculé à l'achat"
1995-05-22,14.4252,9495.pdf,SRC-007,"BRH — Banque de la République d'Haïti, taux de référence calculé à l'achat"
1995-05-23,14.401,9495.pdf,SRC-007,"BRH — Banque de la République d'Haïti, taux de référence calculé à l'achat"
1995-05-24,14.454,9495.pdf,SRC-007,"BRH — Banque de la République d'Haïti, taux de référence calculé à l'achat"
1995-05-26,14.661,9495.pdf,SRC-007,"BRH — Banque de la République d'Haïti, taux de référence calculé à l'achat"
1995-05-29,14.6448,9495.pdf,SRC-007,"BRH — Banque de la République d'Haïti, taux de référence calculé à l'achat"
1995-05-30,14.639,9495.pdf,SRC-007,"BRH — Banque de la République d'Haïti, taux de référence calculé à l'achat"
1995-05-31,14.6439,9495.pdf,SRC-007,"BRH — Banque de la République d'Haïti, taux de référence calculé à l'achat"
1995-06-01,14.7723,9495.pdf,SRC-007,"BRH — Banque de la République d'Haïti, taux de référence calculé à l'achat"
1995-06-02,14.8109,9495.pdf,SRC-007,"BRH — Banque de la République d'Haïti, taux de référence calculé à l'achat"
1995-06-05,14.9294,9495.pdf,SRC-007,"BRH — Banque de la République d'Haïti, taux de référence calculé à l'achat"
1995-06-06,14.8071,9495.pdf,SRC-007,"BRH — Banque de la République d'Haïti, taux de référence calculé à l'achat"
1995-06-07,14.8492,9495.pdf,SRC-007,"BRH — Banque de la République d'Haïti, taux de référence calculé à l'achat"
1995-06-08,14.8616,9495.pdf,SRC-007,"BRH — Banque de la République d'Haïti, taux de référence calculé à l'achat"
1995-06-09,14.8838,9495.pdf,SRC-007,"BRH — Banque de la République d'Haïti, taux de référence calculé à l'achat"
1995-06-12,14.8625,9495.pdf,SRC-007,"BRH — Banque de la République d'Haïti, taux de référence calculé à l'achat"
1995-06-13,14.8792,9495.pdf,SRC-007,"BRH — Banque de la République d'Haïti, taux de référence calculé à l'achat"
1995-06-14,14.8668,9495.pdf,SRC-007,"BRH — Banque de la République d'Haïti, taux de référence calculé à l'achat"
1995-06-16,14.9245,9495.pdf,SRC-007,"BRH — Banque de la République d'Haïti, taux de référence calculé à l'achat"
1995-06-19,14.9633,9495.pdf,SRC-007,"BRH — Banque de la République d'Haïti, taux de référence calculé à l'achat"
1995-06-20,14.9968,9495.pdf,SRC-007,"BRH — Banque de la République d'Haïti, taux de référence calculé à l'achat"
1995-06-21,14.9903,9495.pdf,SRC-007,"BRH — Banque de la République d'Haïti, taux de référence calculé à l'achat"
1995-06-22,15.0081,9495.pdf,SRC-007,"BRH — Banque de la République d'Haïti, taux de référence calculé à l'achat"
1995-06-23,15.0057,9495.pdf,SRC-007,"BRH — Banque de la République d'Haïti, taux de référence calculé à l'achat"
1995-06-26,15.0498,9495.pdf,SRC-007,"BRH — Banque de la République d'Haïti, taux de référence calculé à l'achat"
1995-06-27,15.0712,9495.pdf,SRC-007,"BRH — Banque de la République d'Haïti, taux de référence calculé à l'achat"
1995-06-28,15.1147,9495.pdf,SRC-007,"BRH — Banque de la République d'Haïti, taux de référence calculé à l'achat"
1995-06-29,15.1325,9495.pdf,SRC-007,"BRH — Banque de la République d'Haïti, taux de référence calculé à l'achat"
1995-06-30,15.0698,9495.pdf,SRC-007,"BRH — Banque de la République d'Haïti, taux de référence calculé à l'achat"
1995-07-03,15.0765,9495.pdf,SRC-007,"BRH — Banque de la République d'Haïti, taux de référence calculé à l'achat"
1995-07-04,14.9774,9495.pdf,SRC-007,"BRH — Banque de la République d'Haïti, taux de référence calculé à l'achat"
1995-07-05,15.0061,9495.pdf,SRC-007,"BRH — Banque de la République d'Haïti, taux de référence calculé à l'achat"
1995-07-06,15.0444,9495.pdf,SRC-007,"BRH — Banque de la République d'Haïti, taux de référence calculé à l'achat"
1995-07-07,15.0642,9495.pdf,SRC-007,"BRH — Banque de la République d'Haïti, taux de référence calculé à l'achat"
1995-07-10,15.0995,9495.pdf,SRC-007,"BRH — Banque de la République d'Haïti, taux de référence calculé à l'achat"
1995-07-11,14.9163,9495.pdf,SRC-007,"BRH — Banque de la République d'Haïti, taux de référence calculé à l'achat"
1995-07-12,15.0185,9495.pdf,SRC-007,"BRH — Banque de la République d'Haïti, taux de référence calculé à l'achat"
1995-07-13,14.9303,9495.pdf,SRC-007,"BRH — Banque de la République d'Haïti, taux de référence calculé à l'achat"
1995-07-14,14.8166,9495.pdf,SRC-007,"BRH — Banque de la République d'Haïti, taux de référence calculé à l'achat"
1995-07-17,14.864,9495.pdf,SRC-007,"BRH — Banque de la République d'Haïti, taux de référence calculé à l'achat"
1995-07-18,14.8753,9495.pdf,SRC-007,"BRH — Banque de la République d'Haïti, taux de référence calculé à l'achat"
1995-07-19,14.8772,9495.pdf,SRC-007,"BRH — Banque de la République d'Haïti, taux de référence calculé à l'achat"
1995-07-20,14.8624,9495.pdf,SRC-007,"BRH — Banque de la République d'Haïti, taux de référence calculé à l'achat"
1995-07-21,14.8876,9495.pdf,SRC-007,"BRH — Banque de la République d'Haïti, taux de référence calculé à l'achat"
1995-07-24,14.9594,9495.pdf,SRC-007,"BRH — Banque de la République d'Haïti, taux de référence calculé à l'achat"
1995-07-25,14.8892,9495.pdf,SRC-007,"BRH — Banque de la République d'Haïti, taux de référence calculé à l'achat"
1995-07-26,14.9096,9495.pdf,SRC-007,"BRH — Banque de la République d'Haïti, taux de référence calculé à l'achat"
1995-07-27,14.9233,9495.pdf,SRC-007,"BRH — Banque de la République d'Haïti, taux de référence calculé à l'achat"
1995-07-28,14.9838,9495.pdf,SRC-007,"BRH — Banque de la République d'Haïti, taux de référence calculé à l'achat"
1995-07-31,15.0173,9495.pdf,SRC-007,"BRH — Banque de la République d'Haïti, taux de référence calculé à l'achat"
1995-08-01,15.0769,9495.pdf,SRC-007,"BRH — Banque de la République d'Haïti, taux de référence calculé à l'achat"
1995-08-02,15.0478,9495.pdf,SRC-007,"BRH — Banque de la République d'Haïti, taux de référence calculé à l'achat"
1995-08-03,15.0678,9495.pdf,SRC-007,"BRH — Banque de la République d'Haïti, taux de référence calculé à l'achat"
1995-08-04,15.0766,9495.pdf,SRC-007,"BRH — Banque de la République d'Haïti, taux de référence calculé à l'achat"
1995-08-07,15.0689,9495.pdf,SRC-007,"BRH — Banque de la République d'Haïti, taux de référence calculé à l'achat"
1995-08-08,15.0572,9495.pdf,SRC-007,"BRH — Banque de la République d'Haïti, taux de référence calculé à l'achat"
1995-08-09,15.0997,9495.pdf,SRC-007,"BRH — Banque de la République d'Haïti, taux de référence calculé à l'achat"
1995-08-10,15.1224,9495.pdf,SRC-007,"BRH — Banque de la République d'Haïti, taux de référence calculé à l'achat"
1995-08-11,15.1365,9495.pdf,SRC-007,"BRH — Banque de la République d'Haïti, taux de référence calculé à l'achat"
1995-08-14,15.1996,9495.pdf,SRC-007,"BRH — Banque de la République d'Haïti, taux de référence calculé à l'achat"
1995-08-16,15.2186,9495.pdf,SRC-007,"BRH — Banque de la République d'Haïti, taux de référence calculé à l'achat"
1995-08-17,15.4001,9495.pdf,SRC-007,"BRH — Banque de la République d'Haïti, taux de référence calculé à l'achat"
1995-08-18,15.2296,9495.pdf,SRC-007,"BRH — Banque de la République d'Haïti, taux de référence calculé à l'achat"
1995-08-21,15.2023,9495.pdf,SRC-007,"BRH — Banque de la République d'Haïti, taux de référence calculé à l'achat"
1995-08-22,15.1935,9495.pdf,SRC-007,"BRH — Banque de la République d'Haïti, taux de référence calculé à l'achat"
1995-08-23,15.2534,9495.pdf,SRC-007,"BRH — Banque de la République d'Haïti, taux de référence calculé à l'achat"
1995-08-24,15.3634,9495.pdf,SRC-007,"BRH — Banque de la République d'Haïti, taux de référence calculé à l'achat"
1995-08-25,15.3931,9495.pdf,SRC-007,"BRH — Banque de la République d'Haïti, taux de référence calculé à l'achat"
1995-08-28,15.4949,9495.pdf,SRC-007,"BRH — Banque de la République d'Haïti, taux de référence calculé à l'achat"
1995-08-29,15.7308,9495.pdf,SRC-007,"BRH — Banque de la République d'Haïti, taux de référence calculé à l'achat"
1995-08-30,15.7427,9495.pdf,SRC-007,"BRH — Banque de la République d'Haïti, taux de référence calculé à l'achat"
1995-08-31,15.6292,9495.pdf,SRC-007,"BRH — Banque de la République d'Haïti, taux de référence calculé à l'achat"
1995-09-01,15.4062,9495.pdf,SRC-007,"BRH — Banque de la République d'Haïti, taux de référence calculé à l'achat"
1995-09-04,15.4224,9495.pdf,SRC-007,"BRH — Banque de la République d'Haïti, taux de référence calculé à l'achat"
1995-09-05,15.4503,9495.pdf,SRC-007,"BRH — Banque de la République d'Haïti, taux de référence calculé à l'achat"
1995-09-06,15.4902,9495.pdf,SRC-007,"BRH — Banque de la République d'Haïti, taux de référence calculé à l'achat"
1995-09-07,15.4208,9495.pdf,SRC-007,"BRH — Banque de la République d'Haïti, taux de référence calculé à l'achat"
1995-09-08,15.3685,9495.pdf,SRC-007,"BRH — Banque de la République d'Haïti, taux de référence calculé à l'achat"
1995-09-11,15.392,9495.pdf,SRC-007,"BRH — Banque de la République d'Haïti, taux de référence calculé à l'achat"
1995-09-12,15.398,9495.pdf,SRC-007,"BRH — Banque de la République d'Haïti, taux de référence calculé à l'achat"
1995-09-13,15.4318,9495.pdf,SRC-007,"BRH — Banque de la République d'Haïti, taux de référence calculé à l'achat"
1995-09-14,15.385,9495.pdf,SRC-007,"BRH — Banque de la République d'Haïti, taux de référence calculé à l'achat"
1995-09-15,15.4381,9495.pdf,SRC-007,"BRH — Banque de la République d'Haïti, taux de référence calculé à l'achat"
1995-09-18,15.5149,9495.pdf,SRC-007,"BRH — Banque de la République d'Haïti, taux de référence calculé à l'achat"
1995-09-19,15.3598,9495.pdf,SRC-007,"BRH — Banque de la République d'Haïti, taux de référence calculé à l'achat"
1995-09-20,15.3837,9495.pdf,SRC-007,"BRH — Banque de la République d'Haïti, taux de référence calculé à l'achat"
1995-09-21,15.4106,9495.pdf,SRC-007,"BRH — Banque de la République d'Haïti, taux de référence calculé à l'achat"
1995-09-22,15.4186,9495.pdf,SRC-007,"BRH — Banque de la République d'Haïti, taux de référence calculé à l'achat"
1995-09-25,15.452,9495.pdf,SRC-007,"BRH — Banque de la République d'Haïti, taux de référence calculé à l'achat"
1995-09-26,15.4366,9495.pdf,SRC-007,"BRH — Banque de la République d'Haïti, taux de référence calculé à l'achat"
1995-09-27,15.4399,9495.pdf,SRC-007,"BRH — Banque de la République d'Haïti, taux de référence calculé à l'achat"
1995-09-28,15.4911,9495.pdf,SRC-007,"BRH — Banque de la République d'Haïti, taux de référence calculé à l'achat"
1995-09-29,15.5384,9495.pdf,SRC-007,"BRH — Banque de la République d'Haïti, taux de référence calculé à l'achat"
1995-10-02,15.4311,9596.pdf,SRC-007,"BRH — Banque de la République d'Haïti, taux de référence calculé à l'achat"
1995-10-03,15.535,9596.pdf,SRC-007,"BRH — Banque de la République d'Haïti, taux de référence calculé à l'achat"
1995-10-04,15.5308,9596.pdf,SRC-007,"BRH — Banque de la République d'Haïti, taux de référence calculé à l'achat"
1995-10-05,15.53,9596.pdf,SRC-007,"BRH — Banque de la République d'Haïti, taux de référence calculé à l'achat"
1995-10-06,15.5051,9596.pdf,SRC-007,"BRH — Banque de la République d'Haïti, taux de référence calculé à l'achat"
1995-10-09,15.4876,9596.pdf,SRC-007,"BRH — Banque de la République d'Haïti, taux de référence calculé à l'achat"
1995-10-10,15.4729,9596.pdf,SRC-007,"BRH — Banque de la République d'Haïti, taux de référence calculé à l'achat"
1995-10-11,15.5113,9596.pdf,SRC-007,"BRH — Banque de la République d'Haïti, taux de référence calculé à l'achat"
1995-10-12,15.5857,9596.pdf,SRC-007,"BRH — Banque de la République d'Haïti, taux de référence calculé à l'achat"
1995-10-13,15.5796,9596.pdf,SRC-007,"BRH — Banque de la République d'Haïti, taux de référence calculé à l'achat"
1995-10-16,15.654,9596.pdf,SRC-007,"BRH — Banque de la République d'Haïti, taux de référence calculé à l'achat"
1995-10-18,15.6787,9596.pdf,SRC-007,"BRH — Banque de la République d'Haïti, taux de référence calculé à l'achat"
1995-10-19,15.656,9596.pdf,SRC-007,"BRH — Banque de la République d'Haïti, taux de référence calculé à l'achat"
1995-10-20,15.8166,9596.pdf,SRC-007,"BRH — Banque de la République d'Haïti, taux de référence calculé à l'achat"
1995-10-23,16.0155,9596.pdf,SRC-007,"BRH — Banque de la République d'Haïti, taux de référence calculé à l'achat"
1995-10-25,15.879,9596.pdf,SRC-007,"BRH — Banque de la République d'Haïti, taux de référence calculé à l'achat"
1995-10-26,16.2217,9596.pdf,SRC-007,"BRH — Banque de la République d'Haïti, taux de référence calculé à l'achat"
1995-10-27,16.3496,9596.pdf,SRC-007,"BRH — Banque de la République d'Haïti, taux de référence calculé à l'achat"
1995-10-30,16.7129,9596.pdf,SRC-007,"BRH — Banque de la République d'Haïti, taux de référence calculé à l'achat"
1995-10-31,17.0236,9596.pdf,SRC-007,"BRH — Banque de la République d'Haïti, taux de référence calculé à l'achat"
1995-11-03,17.1737,9596.pdf,SRC-007,"BRH — Banque de la République d'Haïti, taux de référence calculé à l'achat"
1995-11-06,17.4427,9596.pdf,SRC-007,"BRH — Banque de la République d'Haïti, taux de référence calculé à l'achat"
1995-11-07,17.3278,9596.pdf,SRC-007,"BRH — Banque de la République d'Haïti, taux de référence calculé à l'achat"
1995-11-08,17.4829,9596.pdf,SRC-007,"BRH — Banque de la République d'Haïti, taux de référence calculé à l'achat"
1995-11-09,17.6257,9596.pdf,SRC-007,"BRH — Banque de la République d'Haïti, taux de référence calculé à l'achat"
1995-11-10,18.0249,9596.pdf,SRC-007,"BRH — Banque de la République d'Haïti, taux de référence calculé à l'achat"
1995-11-13,18.361,9596.pdf,SRC-007,"BRH — Banque de la République d'Haïti, taux de référence calculé à l'achat"
1995-11-14,18.172,9596.pdf,SRC-007,"BRH — Banque de la République d'Haïti, taux de référence calculé à l'achat"
1995-11-15,18.3001,9596.pdf,SRC-007,"BRH — Banque de la République d'Haïti, taux de référence calculé à l'achat"
1995-11-16,18.5116,9596.pdf,SRC-007,"BRH — Banque de la République d'Haïti, taux de référence calculé à l'achat"
1995-11-17,18.3324,9596.pdf,SRC-007,"BRH — Banque de la République d'Haïti, taux de référence calculé à l'achat"
1995-11-20,18.194,9596.pdf,SRC-007,"BRH — Banque de la République d'Haïti, taux de référence calculé à l'achat"
1995-11-21,17.7074,9596.pdf,SRC-007,"BRH — Banque de la République d'Haïti, taux de référence calculé à l'achat"
1995-11-22,17.5424,9596.pdf,SRC-007,"BRH — Banque de la République d'Haïti, taux de référence calculé à l'achat"
1995-11-23,17.4954,9596.pdf,SRC-007,"BRH — Banque de la République d'Haïti, taux de référence calculé à l'achat"
1995-11-24,16.6024,9596.pdf,SRC-007,"BRH — Banque de la République d'Haïti, taux de référence calculé à l'achat"
1995-11-27,16.0662,9596.pdf,SRC-007,"BRH — Banque de la République d'Haïti, taux de référence calculé à l'achat"
1995-11-28,16.1094,9596.pdf,SRC-007,"BRH — Banque de la République d'Haïti, taux de référence calculé à l'achat"
1995-11-29,16.0741,9596.pdf,SRC-007,"BRH — Banque de la République d'Haïti, taux de référence calculé à l'achat"
1995-11-30,16.1755,9596.pdf,SRC-007,"BRH — Banque de la République d'Haïti, taux de référence calculé à l'achat"
1995-12-01,16.1253,9596.pdf,SRC-007,"BRH — Banque de la République d'Haïti, taux de référence calculé à l'achat"
1995-12-04,16.282,9596.pdf,SRC-007,"BRH — Banque de la République d'Haïti, taux de référence calculé à l'achat"
1995-12-06,16.4144,9596.pdf,SRC-007,"BRH — Banque de la République d'Haïti, taux de référence calculé à l'achat"
1995-12-07,16.6179,9596.pdf,SRC-007,"BRH — Banque de la République d'Haïti, taux de référence calculé à l'achat"
1995-12-08,16.5529,9596.pdf,SRC-007,"BRH — Banque de la République d'Haïti, taux de référence calculé à l'achat"
1995-12-11,16.592,9596.pdf,SRC-007,"BRH — Banque de la République d'Haïti, taux de référence calculé à l'achat"
1995-12-12,16.3416,9596.pdf,SRC-007,"BRH — Banque de la République d'Haïti, taux de référence calculé à l'achat"
1995-12-13,16.3949,9596.pdf,SRC-007,"BRH — Banque de la République d'Haïti, taux de référence calculé à l'achat"
1995-12-14,16.4663,9596.pdf,SRC-007,"BRH — Banque de la République d'Haïti, taux de référence calculé à l'achat"
1995-12-15,16.48,9596.pdf,SRC-007,"BRH — Banque de la République d'Haïti, taux de référence calculé à l'achat"
1995-12-18,15.5923,9596.pdf,SRC-007,"BRH — Banque de la République d'Haïti, taux de référence calculé à l'achat"
1995-12-19,15.5585,9596.pdf,SRC-007,"BRH — Banque de la République d'Haïti, taux de référence calculé à l'achat"
1995-12-20,15.4823,9596.pdf,SRC-007,"BRH — Banque de la République d'Haïti, taux de référence calculé à l'achat"
1995-12-21,15.401,9596.pdf,SRC-007,"BRH — Banque de la République d'Haïti, taux de référence calculé à l'achat"
1995-12-22,15.4137,9596.pdf,SRC-007,"BRH — Banque de la République d'Haïti, taux de référence calculé à l'achat"
1995-12-26,15.5091,9596.pdf,SRC-007,"BRH — Banque de la République d'Haïti, taux de référence calculé à l'achat"
1995-12-27,15.6831,9596.pdf,SRC-007,"BRH — Banque de la République d'Haïti, taux de référence calculé à l'achat"
1995-12-28,15.8166,9596.pdf,SRC-007,"BRH — Banque de la République d'Haïti, taux de référence calculé à l'achat"
1995-12-29,16.1599,9596.pdf,SRC-007,"BRH — Banque de la République d'Haïti, taux de référence calculé à l'achat"
1996-01-03,16.4074,9596.pdf,SRC-007,"BRH — Banque de la République d'Haïti, taux de référence calculé à l'achat"
1996-01-04,16.2148,9596.pdf,SRC-007,"BRH — Banque de la République d'Haïti, taux de référence calculé à l'achat"
1996-01-05,16.3183,9596.pdf,SRC-007,"BRH — Banque de la République d'Haïti, taux de référence calculé à l'achat"
1996-01-08,16.2736,9596.pdf,SRC-007,"BRH — Banque de la République d'Haïti, taux de référence calculé à l'achat"
1996-01-09,16.0945,9596.pdf,SRC-007,"BRH — Banque de la République d'Haïti, taux de référence calculé à l'achat"
1996-01-10,16.1708,9596.pdf,SRC-007,"BRH — Banque de la République d'Haïti, taux de référence calculé à l'achat"
1996-01-11,16.1364,9596.pdf,SRC-007,"BRH — Banque de la République d'Haïti, taux de référence calculé à l'achat"
1996-01-12,16.3554,9596.pdf,SRC-007,"BRH — Banque de la République d'Haïti, taux de référence calculé à l'achat"
1996-01-15,16.3504,9596.pdf,SRC-007,"BRH — Banque de la République d'Haïti, taux de référence calculé à l'achat"
1996-01-16,16.3489,9596.pdf,SRC-007,"BRH — Banque de la République d'Haïti, taux de référence calculé à l'achat"
1996-01-17,16.287,9596.pdf,SRC-007,"BRH — Banque de la République d'Haïti, taux de référence calculé à l'achat"
1996-01-18,16.3697,9596.pdf,SRC-007,"BRH — Banque de la République d'Haïti, taux de référence calculé à l'achat"
1996-01-19,16.4705,9596.pdf,SRC-007,"BRH — Banque de la République d'Haïti, taux de référence calculé à l'achat"
1996-01-22,16.4893,9596.pdf,SRC-007,"BRH — Banque de la République d'Haïti, taux de référence calculé à l'achat"
1996-01-23,16.6574,9596.pdf,SRC-007,"BRH — Banque de la République d'Haïti, taux de référence calculé à l'achat"
1996-01-24,16.5814,9596.pdf,SRC-007,"BRH — Banque de la République d'Haïti, taux de référence calculé à l'achat"
1996-01-25,16.657,9596.pdf,SRC-007,"BRH — Banque de la République d'Haïti, taux de référence calculé à l'achat"
1996-01-26,16.712,9596.pdf,SRC-007,"BRH — Banque de la République d'Haïti, taux de référence calculé à l'achat"
1996-01-29,16.7571,9596.pdf,SRC-007,"BRH — Banque de la République d'Haïti, taux de référence calculé à l'achat"
1996-01-30,16.8447,9596.pdf,SRC-007,"BRH — Banque de la République d'Haïti, taux de référence calculé à l'achat"
1996-01-31,16.783,9596.pdf,SRC-007,"BRH — Banque de la République d'Haïti, taux de référence calculé à l'achat"
1996-02-01,16.8289,9596.pdf,SRC-007,"BRH — Banque de la République d'Haïti, taux de référence calculé à l'achat"
1996-02-02,16.9507,9596.pdf,SRC-007,"BRH — Banque de la République d'Haïti, taux de référence calculé à l'achat"
1996-02-05,16.8827,9596.pdf,SRC-007,"BRH — Banque de la République d'Haïti, taux de référence calculé à l'achat"
1996-02-06,16.5007,9596.pdf,SRC-007,"BRH — Banque de la République d'Haïti, taux de référence calculé à l'achat"
1996-02-08,16.4914,9596.pdf,SRC-007,"BRH — Banque de la République d'Haïti, taux de référence calculé à l'achat"
1996-02-09,16.4638,9596.pdf,SRC-007,"BRH — Banque de la République d'Haïti, taux de référence calculé à l'achat"
1996-02-12,16.4548,9596.pdf,SRC-007,"BRH — Banque de la République d'Haïti, taux de référence calculé à l'achat"
1996-02-13,16.4943,9596.pdf,SRC-007,"BRH — Banque de la République d'Haïti, taux de référence calculé à l'achat"
1996-02-14,16.4749,9596.pdf,SRC-007,"BRH — Banque de la République d'Haïti, taux de référence calculé à l'achat"
1996-02-15,16.4641,9596.pdf,SRC-007,"BRH — Banque de la République d'Haïti, taux de référence calculé à l'achat"
1996-02-16,16.4658,9596.pdf,SRC-007,"BRH — Banque de la République d'Haïti, taux de référence calculé à l'achat"
1996-02-17,16.4603,9596.pdf,SRC-007,"BRH — Banque de la République d'Haïti, taux de référence calculé à l'achat"
1996-02-23,16.3951,9596.pdf,SRC-007,"BRH — Banque de la République d'Haïti, taux de référence calculé à l'achat"
1996-02-24,16.4895,9596.pdf,SRC-007,"BRH — Banque de la République d'Haïti, taux de référence calculé à l'achat"
1996-02-27,16.5429,9596.pdf,SRC-007,"BRH — Banque de la République d'Haïti, taux de référence calculé à l'achat"
1996-02-28,16.4857,9596.pdf,SRC-007,"BRH — Banque de la République d'Haïti, taux de référence calculé à l'achat"
1996-02-29,16.5518,9596.pdf,SRC-007,"BRH — Banque de la République d'Haïti, taux de référence calculé à l'achat"
1996-03-01,16.5316,9596.pdf,SRC-007,"BRH — Banque de la République d'Haïti, taux de référence calculé à l'achat"
1996-03-04,16.49,9596.pdf,SRC-007,"BRH — Banque de la République d'Haïti, taux de référence calculé à l'achat"
1996-03-05,16.4612,9596.pdf,SRC-007,"BRH — Banque de la République d'Haïti, taux de référence calculé à l'achat"
1996-03-06,16.4392,9596.pdf,SRC-007,"BRH — Banque de la République d'Haïti, taux de référence calculé à l'achat"
1996-03-07,16.4261,9596.pdf,SRC-007,"BRH — Banque de la République d'Haïti, taux de référence calculé à l'achat"
1996-03-08,16.4974,9596.pdf,SRC-007,"BRH — Banque de la République d'Haïti, taux de référence calculé à l'achat"
1996-03-11,16.7288,9596.pdf,SRC-007,"BRH — Banque de la République d'Haïti, taux de référence calculé à l'achat"
1996-03-12,16.7936,9596.pdf,SRC-007,"BRH — Banque de la République d'Haïti, taux de référence calculé à l'achat"
1996-03-13,16.7359,9596.pdf,SRC-007,"BRH — Banque de la République d'Haïti, taux de référence calculé à l'achat"
1996-03-14,16.8222,9596.pdf,SRC-007,"BRH — Banque de la République d'Haïti, taux de référence calculé à l'achat"
1996-03-15,16.8291,9596.pdf,SRC-007,"BRH — Banque de la République d'Haïti, taux de référence calculé à l'achat"
1996-03-18,16.7778,9596.pdf,SRC-007,"BRH — Banque de la République d'Haïti, taux de référence calculé à l'achat"
1996-03-19,16.8428,9596.pdf,SRC-007,"BRH — Banque de la République d'Haïti, taux de référence calculé à l'achat"
1996-03-20,16.8244,9596.pdf,SRC-007,"BRH — Banque de la République d'Haïti, taux de référence calculé à l'achat"
1996-03-21,16.7884,9596.pdf,SRC-007,"BRH — Banque de la République d'Haïti, taux de référence calculé à l'achat"
1996-03-22,16.7906,9596.pdf,SRC-007,"BRH — Banque de la République d'Haïti, taux de référence calculé à l'achat"
1996-03-25,16.783,9596.pdf,SRC-007,"BRH — Banque de la République d'Haïti, taux de référence calculé à l'achat"
1996-03-26,16.7948,9596.pdf,SRC-007,"BRH — Banque de la République d'Haïti, taux de référence calculé à l'achat"
1996-03-27,16.8054,9596.pdf,SRC-007,"BRH — Banque de la République d'Haïti, taux de référence calculé à l'achat"
1996-03-28,16.7697,9596.pdf,SRC-007,"BRH — Banque de la République d'Haïti, taux de référence calculé à l'achat"
1996-03-29,16.8024,9596.pdf,SRC-007,"BRH — Banque de la République d'Haïti, taux de référence calculé à l'achat"
1996-04-01,16.7565,9596.pdf,SRC-007,"BRH — Banque de la République d'Haïti, taux de référence calculé à l'achat"
1996-04-02,16.357,9596.pdf,SRC-007,"BRH — Banque de la République d'Haïti, taux de référence calculé à l'achat"
1996-04-03,16.3834,9596.pdf,SRC-007,"BRH — Banque de la République d'Haïti, taux de référence calculé à l'achat"
1996-04-04,16.3978,9596.pdf,SRC-007,"BRH — Banque de la République d'Haïti, taux de référence calculé à l'achat"
1996-04-08,16.4498,9596.pdf,SRC-007,"BRH — Banque de la République d'Haïti, taux de référence calculé à l'achat"
1996-04-09,16.4432,9596.pdf,SRC-007,"BRH — Banque de la République d'Haïti, taux de référence calculé à l'achat"
1996-04-10,16.4562,9596.pdf,SRC-007,"BRH — Banque de la République d'Haïti, taux de référence calculé à l'achat"
1996-04-11,16.4236,9596.pdf,SRC-007,"BRH — Banque de la République d'Haïti, taux de référence calculé à l'achat"
1996-04-12,16.4667,9596.pdf,SRC-007,"BRH — Banque de la République d'Haïti, taux de référence calculé à l'achat"
1996-04-15,16.4535,9596.pdf,SRC-007,"BRH — Banque de la République d'Haïti, taux de référence calculé à l'achat"
1996-04-16,16.4937,9596.pdf,SRC-007,"BRH — Banque de la République d'Haïti, taux de référence calculé à l'achat"
1996-04-17,16.4447,9596.pdf,SRC-007,"BRH — Banque de la République d'Haïti, taux de référence calculé à l'achat"
1996-04-18,16.5064,9596.pdf,SRC-007,"BRH — Banque de la République d'Haïti, taux de référence calculé à l'achat"
1996-04-19,16.4663,9596.pdf,SRC-007,"BRH — Banque de la République d'Haïti, taux de référence calculé à l'achat"
1996-04-22,16.4933,9596.pdf,SRC-007,"BRH — Banque de la République d'Haïti, taux de référence calculé à l'achat"
1996-04-23,16.4758,9596.pdf,SRC-007,"BRH — Banque de la République d'Haïti, taux de référence calculé à l'achat"
1996-04-24,16.4723,9596.pdf,SRC-007,"BRH — Banque de la République d'Haïti, taux de référence calculé à l'achat"
1996-04-25,16.4646,9596.pdf,SRC-007,"BRH — Banque de la République d'Haïti, taux de référence calculé à l'achat"
1996-04-26,16.4513,9596.pdf,SRC-007,"BRH — Banque de la République d'Haïti, taux de référence calculé à l'achat"
1996-04-29,16.3785,9596.pdf,SRC-007,"BRH — Banque de la République d'Haïti, taux de référence calculé à l'achat"
1996-04-30,16.3635,9596.pdf,SRC-007,"BRH — Banque de la République d'Haïti, taux de référence calculé à l'achat"
1996-05-02,16.4142,9596.pdf,SRC-007,"BRH — Banque de la République d'Haïti, taux de référence calculé à l'achat"
1996-05-03,16.285,9596.pdf,SRC-007,"BRH — Banque de la République d'Haïti, taux de référence calculé à l'achat"
1996-05-06,16.0238,9596.pdf,SRC-007,"BRH — Banque de la République d'Haïti, taux de référence calculé à l'achat"
1996-05-07,15.8446,9596.pdf,SRC-007,"BRH — Banque de la République d'Haïti, taux de référence calculé à l'achat"
1996-05-08,15.4595,9596.pdf,SRC-007,"BRH — Banque de la République d'Haïti, taux de référence calculé à l'achat"
1996-05-09,15.517,9596.pdf,SRC-007,"BRH — Banque de la République d'Haïti, taux de référence calculé à l'achat"
1996-05-10,15.5189,9596.pdf,SRC-007,"BRH — Banque de la République d'Haïti, taux de référence calculé à l'achat"
1996-05-13,15.5496,9596.pdf,SRC-007,"BRH — Banque de la République d'Haïti, taux de référence calculé à l'achat"
1996-05-14,15.7294,9596.pdf,SRC-007,"BRH — Banque de la République d'Haïti, taux de référence calculé à l'achat"
1996-05-15,15.7361,9596.pdf,SRC-007,"BRH — Banque de la République d'Haïti, taux de référence calculé à l'achat"
1996-05-17,15.8216,9596.pdf,SRC-007,"BRH — Banque de la République d'Haïti, taux de référence calculé à l'achat"
1996-05-20,15.9544,9596.pdf,SRC-007,"BRH — Banque de la République d'Haïti, taux de référence calculé à l'achat"
1996-05-21,16.123,9596.pdf,SRC-007,"BRH — Banque de la République d'Haïti, taux de référence calculé à l'achat"
1996-05-22,15.9882,9596.pdf,SRC-007,"BRH — Banque de la République d'Haïti, taux de référence calculé à l'achat"
1996-05-23,16.1236,9596.pdf,SRC-007,"BRH — Banque de la République d'Haïti, taux de référence calculé à l'achat"
1996-05-24,16.0887,9596.pdf,SRC-007,"BRH — Banque de la République d'Haïti, taux de référence calculé à l'achat"
1996-05-27,16.1214,9596.pdf,SRC-007,"BRH — Banque de la République d'Haïti, taux de référence calculé à l'achat"
1996-05-28,16.1572,9596.pdf,SRC-007,"BRH — Banque de la République d'Haïti, taux de référence calculé à l'achat"
1996-05-29,16.1686,9596.pdf,SRC-007,"BRH — Banque de la République d'Haïti, taux de référence calculé à l'achat"
1996-05-30,16.1441,9596.pdf,SRC-007,"BRH — Banque de la République d'Haïti, taux de référence calculé à l'achat"
1996-05-31,16.0997,9596.pdf,SRC-007,"BRH — Banque de la République d'Haïti, taux de référence calculé à l'achat"
1996-06-03,16.0421,9596.pdf,SRC-007,"BRH — Banque de la République d'Haïti, taux de référence calculé à l'achat"
1996-06-04,16.1145,9596.pdf,SRC-007,"BRH — Banque de la République d'Haïti, taux de référence calculé à l'achat"
1996-06-05,16.1134,9596.pdf,SRC-007,"BRH — Banque de la République d'Haïti, taux de référence calculé à l'achat"
1996-06-07,16.1122,9596.pdf,SRC-007,"BRH — Banque de la République d'Haïti, taux de référence calculé à l'achat"
1996-06-10,15.945,9596.pdf,SRC-007,"BRH — Banque de la République d'Haïti, taux de référence calculé à l'achat"
1996-06-11,15.9705,9596.pdf,SRC-007,"BRH — Banque de la République d'Haïti, taux de référence calculé à l'achat"
1996-06-12,15.8433,9596.pdf,SRC-007,"BRH — Banque de la République d'Haïti, taux de référence calculé à l'achat"
1996-06-13,15.8529,9596.pdf,SRC-007,"BRH — Banque de la République d'Haïti, taux de référence calculé à l'achat"
1996-06-14,15.8141,9596.pdf,SRC-007,"BRH — Banque de la République d'Haïti, taux de référence calculé à l'achat"
1996-06-17,15.7534,9596.pdf,SRC-007,"BRH — Banque de la République d'Haïti, taux de référence calculé à l'achat"
1996-06-18,15.5388,9596.pdf,SRC-007,"BRH — Banque de la République d'Haïti, taux de référence calculé à l'achat"
1996-06-19,15.4761,9596.pdf,SRC-007,"BRH — Banque de la République d'Haïti, taux de référence calculé à l'achat"
1996-06-20,15.4399,9596.pdf,SRC-007,"BRH — Banque de la République d'Haïti, taux de référence calculé à l'achat"
1996-06-21,15.0846,9596.pdf,SRC-007,"BRH — Banque de la République d'Haïti, taux de référence calculé à l'achat"
1996-06-24,14.7817,9596.pdf,SRC-007,"BRH — Banque de la République d'Haïti, taux de référence calculé à l'achat"
1996-06-25,14.9517,9596.pdf,SRC-007,"BRH — Banque de la République d'Haïti, taux de référence calculé à l'achat"
1996-06-26,15.2152,9596.pdf,SRC-007,"BRH — Banque de la République d'Haïti, taux de référence calculé à l'achat"
1996-06-27,15.3451,9596.pdf,SRC-007,"BRH — Banque de la République d'Haïti, taux de référence calculé à l'achat"
1996-06-28,15.5882,9596.pdf,SRC-007,"BRH — Banque de la République d'Haïti, taux de référence calculé à l'achat"
1996-07-01,15.7352,9596.pdf,SRC-007,"BRH — Banque de la République d'Haïti, taux de référence calculé à l'achat"
1996-07-02,15.749,9596.pdf,SRC-007,"BRH — Banque de la République d'Haïti, taux de référence calculé à l'achat"
1996-07-03,15.4501,9596.pdf,SRC-007,"BRH — Banque de la République d'Haïti, taux de référence calculé à l'achat"
1996-07-04,15.3926,9596.pdf,SRC-007,"BRH — Banque de la République d'Haïti, taux de référence calculé à l'achat"
1996-07-05,15.069,9596.pdf,SRC-007,"BRH — Banque de la République d'Haïti, taux de référence calculé à l'achat"
1996-07-08,15.1375,9596.pdf,SRC-007,"BRH — Banque de la République d'Haïti, taux de référence calculé à l'achat"
1996-07-09,15.2051,9596.pdf,SRC-007,"BRH — Banque de la République d'Haïti, taux de référence calculé à l'achat"
1996-07-10,15.1685,9596.pdf,SRC-007,"BRH — Banque de la République d'Haïti, taux de référence calculé à l'achat"
1996-07-11,15.1825,9596.pdf,SRC-007,"BRH — Banque de la République d'Haïti, taux de référence calculé à l'achat"
1996-07-12,15.1683,9596.pdf,SRC-007,"BRH — Banque de la République d'Haïti, taux de référence calculé à l'achat"
1996-07-15,15.1579,9596.pdf,SRC-007,"BRH — Banque de la République d'Haïti, taux de référence calculé à l'achat"
1996-07-16,15.0324,9596.pdf,SRC-007,"BRH — Banque de la République d'Haïti, taux de référence calculé à l'achat"
1996-07-17,14.9319,9596.pdf,SRC-007,"BRH — Banque de la République d'Haïti, taux de référence calculé à l'achat"
1996-07-18,14.903,9596.pdf,SRC-007,"BRH — Banque de la République d'Haïti, taux de référence calculé à l'achat"
1996-07-19,14.9763,9596.pdf,SRC-007,"BRH — Banque de la République d'Haïti, taux de référence calculé à l'achat"
1996-07-22,15.0599,9596.pdf,SRC-007,"BRH — Banque de la République d'Haïti, taux de référence calculé à l'achat"
1996-07-23,14.9925,9596.pdf,SRC-007,"BRH — Banque de la République d'Haïti, taux de référence calculé à l'achat"
1996-07-24,15.0013,9596.pdf,SRC-007,"BRH — Banque de la République d'Haïti, taux de référence calculé à l'achat"
1996-07-25,14.9988,9596.pdf,SRC-007,"BRH — Banque de la République d'Haïti, taux de référence calculé à l'achat"
1996-07-26,15.1484,9596.pdf,SRC-007,"BRH — Banque de la République d'Haïti, taux de référence calculé à l'achat"
1996-07-29,15.2174,9596.pdf,SRC-007,"BRH — Banque de la République d'Haïti, taux de référence calculé à l'achat"
1996-07-30,15.1071963,9596.pdf,SRC-007,"BRH — Banque de la République d'Haïti, taux de référence calculé à l'achat"
1996-07-31,15.0446,9596.pdf,SRC-007,"BRH — Banque de la République d'Haïti, taux de référence calculé à l'achat"
1996-08-01,15.048,9596.pdf,SRC-007,"BRH — Banque de la République d'Haïti, taux de référence calculé à l'achat"
1996-08-02,15.0606,9596.pdf,SRC-007,"BRH — Banque de la République d'Haïti, taux de référence calculé à l'achat"
1996-08-05,14.9215,9596.pdf,SRC-007,"BRH — Banque de la République d'Haïti, taux de référence calculé à l'achat"
1996-08-06,14.8878,9596.pdf,SRC-007,"BRH — Banque de la République d'Haïti, taux de référence calculé à l'achat"
1996-08-07,14.8378,9596.pdf,SRC-007,"BRH — Banque de la République d'Haïti, taux de référence calculé à l'achat"
1996-08-08,14.8901,9596.pdf,SRC-007,"BRH — Banque de la République d'Haïti, taux de référence calculé à l'achat"
1996-08-09,14.8546,9596.pdf,SRC-007,"BRH — Banque de la République d'Haïti, taux de référence calculé à l'achat"
1996-08-12,14.9094,9596.pdf,SRC-007,"BRH — Banque de la République d'Haïti, taux de référence calculé à l'achat"
1996-08-13,14.8359,9596.pdf,SRC-007,"BRH — Banque de la République d'Haïti, taux de référence calculé à l'achat"
1996-08-14,14.9085,9596.pdf,SRC-007,"BRH — Banque de la République d'Haïti, taux de référence calculé à l'achat"
1996-08-16,14.9327,9596.pdf,SRC-007,"BRH — Banque de la République d'Haïti, taux de référence calculé à l'achat"
1996-08-19,14.8309,9596.pdf,SRC-007,"BRH — Banque de la République d'Haïti, taux de référence calculé à l'achat"
1996-08-20,14.8063,9596.pdf,SRC-007,"BRH — Banque de la République d'Haïti, taux de référence calculé à l'achat"
1996-08-21,14.8368,9596.pdf,SRC-007,"BRH — Banque de la République d'Haïti, taux de référence calculé à l'achat"
1996-08-22,14.8594,9596.pdf,SRC-007,"BRH — Banque de la République d'Haïti, taux de référence calculé à l'achat"
1996-08-23,14.8876,9596.pdf,SRC-007,"BRH — Banque de la République d'Haïti, taux de référence calculé à l'achat"
1996-08-26,14.9442,9596.pdf,SRC-007,"BRH — Banque de la République d'Haïti, taux de référence calculé à l'achat"
1996-08-27,14.935,9596.pdf,SRC-007,"BRH — Banque de la République d'Haïti, taux de référence calculé à l'achat"
1996-08-28,14.9472,9596.pdf,SRC-007,"BRH — Banque de la République d'Haïti, taux de référence calculé à l'achat"
1996-08-29,15.0271,9596.pdf,SRC-007,"BRH — Banque de la République d'Haïti, taux de référence calculé à l'achat"
1996-08-30,15.0343,9596.pdf,SRC-007,"BRH — Banque de la République d'Haïti, taux de référence calculé à l'achat"
1996-09-02,14.9897,9596.pdf,SRC-007,"BRH — Banque de la République d'Haïti, taux de référence calculé à l'achat"
1996-09-03,15.0788,9596.pdf,SRC-007,"BRH — Banque de la République d'Haïti, taux de référence calculé à l'achat"
1996-09-04,15.0849,9596.pdf,SRC-007,"BRH — Banque de la République d'Haïti, taux de référence calculé à l'achat"
1996-09-05,15.0502,9596.pdf,SRC-007,"BRH — Banque de la République d'Haïti, taux de référence calculé à l'achat"
1996-09-06,15.066,9596.pdf,SRC-007,"BRH — Banque de la République d'Haïti, taux de référence calculé à l'achat"
1996-09-09,15.0787,9596.pdf,SRC-007,"BRH — Banque de la République d'Haïti, taux de référence calculé à l'achat"
1996-09-10,15.0744,9596.pdf,SRC-007,"BRH — Banque de la République d'Haïti, taux de référence calculé à l'achat"
1996-09-11,15.0306,9596.pdf,SRC-007,"BRH — Banque de la République d'Haïti, taux de référence calculé à l'achat"
1996-09-12,15.0764,9596.pdf,SRC-007,"BRH — Banque de la République d'Haïti, taux de référence calculé à l'achat"
1996-09-13,15.0687,9596.pdf,SRC-007,"BRH — Banque de la République d'Haïti, taux de référence calculé à l'achat"
1996-09-16,15.0604,9596.pdf,SRC-007,"BRH — Banque de la République d'Haïti, taux de référence calculé à l'achat"
1996-09-17,15.0467,9596.pdf,SRC-007,"BRH — Banque de la République d'Haïti, taux de référence calculé à l'achat"
1996-09-18,15.052,9596.pdf,SRC-007,"BRH — Banque de la République d'Haïti, taux de référence calculé à l'achat"
1996-09-19,15.034,9596.pdf,SRC-007,"BRH — Banque de la République d'Haïti, taux de référence calculé à l'achat"
1996-09-20,15.0485,9596.pdf,SRC-007,"BRH — Banque de la République d'Haïti, taux de référence calculé à l'achat"
1996-09-23,15.0353,9596.pdf,SRC-007,"BRH — Banque de la République d'Haïti, taux de référence calculé à l'achat"
1996-09-24,15.0444,9596.pdf,SRC-007,"BRH — Banque de la République d'Haïti, taux de référence calculé à l'achat"
1996-09-25,15.0416,9596.pdf,SRC-007,"BRH — Banque de la République d'Haïti, taux de référence calculé à l'achat"
1996-09-26,15.0569,9596.pdf,SRC-007,"BRH — Banque de la République d'Haïti, taux de référence calculé à l'achat"
1996-09-27,15.0862,9596.pdf,SRC-007,"BRH — Banque de la République d'Haïti, taux de référence calculé à l'achat"
1996-09-30,15.0454,9596.pdf,SRC-007,"BRH — Banque de la République d'Haïti, taux de référence calculé à l'achat"
1996-10-01,15.0998,9697.pdf,SRC-007,"BRH — Banque de la République d'Haïti, taux de référence calculé à l'achat"
1996-10-02,15.0555,9697.pdf,SRC-007,"BRH — Banque de la République d'Haïti, taux de référence calculé à l'achat"
1996-10-03,15.0639,9697.pdf,SRC-007,"BRH — Banque de la République d'Haïti, taux de référence calculé à l'achat"
1996-10-04,15.0987,9697.pdf,SRC-007,"BRH — Banque de la République d'Haïti, taux de référence calculé à l'achat"
1996-10-07,15.0705,9697.pdf,SRC-007,"BRH — Banque de la République d'Haïti, taux de référence calculé à l'achat"
1996-10-08,15.0868,9697.pdf,SRC-007,"BRH — Banque de la République d'Haïti, taux de référence calculé à l'achat"
1996-10-09,15.0575,9697.pdf,SRC-007,"BRH — Banque de la République d'Haïti, taux de référence calculé à l'achat"
1996-10-10,15.0628,9697.pdf,SRC-007,"BRH — Banque de la République d'Haïti, taux de référence calculé à l'achat"
1996-10-11,15.0247,9697.pdf,SRC-007,"BRH — Banque de la République d'Haïti, taux de référence calculé à l'achat"
1996-10-14,15.047,9697.pdf,SRC-007,"BRH — Banque de la République d'Haïti, taux de référence calculé à l'achat"
1996-10-15,15.0419,9697.pdf,SRC-007,"BRH — Banque de la République d'Haïti, taux de référence calculé à l'achat"
1996-10-16,15.0586,9697.pdf,SRC-007,"BRH — Banque de la République d'Haïti, taux de référence calculé à l'achat"
1996-10-18,15.1172,9697.pdf,SRC-007,"BRH — Banque de la République d'Haïti, taux de référence calculé à l'achat"
1996-10-21,15.1012,9697.pdf,SRC-007,"BRH — Banque de la République d'Haïti, taux de référence calculé à l'achat"
1996-10-22,15.11,9697.pdf,SRC-007,"BRH — Banque de la République d'Haïti, taux de référence calculé à l'achat"
1996-10-23,15.1727,9697.pdf,SRC-007,"BRH — Banque de la République d'Haïti, taux de référence calculé à l'achat"
1996-10-24,15.2272,9697.pdf,SRC-007,"BRH — Banque de la République d'Haïti, taux de référence calculé à l'achat"
1996-10-25,15.271,9697.pdf,SRC-007,"BRH — Banque de la République d'Haïti, taux de référence calculé à l'achat"
1996-10-28,15.294,9697.pdf,SRC-007,"BRH — Banque de la République d'Haïti, taux de référence calculé à l'achat"
1996-10-29,15.397,9697.pdf,SRC-007,"BRH — Banque de la République d'Haïti, taux de référence calculé à l'achat"
1996-10-30,15.471,9697.pdf,SRC-007,"BRH — Banque de la République d'Haïti, taux de référence calculé à l'achat"
1996-10-31,15.5525,9697.pdf,SRC-007,"BRH — Banque de la République d'Haïti, taux de référence calculé à l'achat"
1996-11-04,15.616,9697.pdf,SRC-007,"BRH — Banque de la République d'Haïti, taux de référence calculé à l'achat"
1996-11-05,15.5124,9697.pdf,SRC-007,"BRH — Banque de la République d'Haïti, taux de référence calculé à l'achat"
1996-11-06,15.3028,9697.pdf,SRC-007,"BRH — Banque de la République d'Haïti, taux de référence calculé à l'achat"
1996-11-07,15.1561,9697.pdf,SRC-007,"BRH — Banque de la République d'Haïti, taux de référence calculé à l'achat"
1996-11-08,15.1474,9697.pdf,SRC-007,"BRH — Banque de la République d'Haïti, taux de référence calculé à l'achat"
1996-11-11,15.1381,9697.pdf,SRC-007,"BRH — Banque de la République d'Haïti, taux de référence calculé à l'achat"
1996-11-12,15.1513,9697.pdf,SRC-007,"BRH — Banque de la République d'Haïti, taux de référence calculé à l'achat"
1996-11-13,15.1848,9697.pdf,SRC-007,"BRH — Banque de la République d'Haïti, taux de référence calculé à l'achat"
1996-11-14,15.2237,9697.pdf,SRC-007,"BRH — Banque de la République d'Haïti, taux de référence calculé à l'achat"
1996-11-15,15.2813,9697.pdf,SRC-007,"BRH — Banque de la République d'Haïti, taux de référence calculé à l'achat"
1996-11-19,15.3039,9697.pdf,SRC-007,"BRH — Banque de la République d'Haïti, taux de référence calculé à l'achat"
1996-11-20,15.2594,9697.pdf,SRC-007,"BRH — Banque de la République d'Haïti, taux de référence calculé à l'achat"
1996-11-21,15.3223,9697.pdf,SRC-007,"BRH — Banque de la République d'Haïti, taux de référence calculé à l'achat"
1996-11-22,15.2671,9697.pdf,SRC-007,"BRH — Banque de la République d'Haïti, taux de référence calculé à l'achat"
1996-11-25,15.1991,9697.pdf,SRC-007,"BRH — Banque de la République d'Haïti, taux de référence calculé à l'achat"
1996-11-26,15.2646,9697.pdf,SRC-007,"BRH — Banque de la République d'Haïti, taux de référence calculé à l'achat"
1996-11-27,15.2435,9697.pdf,SRC-007,"BRH — Banque de la République d'Haïti, taux de référence calculé à l'achat"
1996-11-28,15.283,9697.pdf,SRC-007,"BRH — Banque de la République d'Haïti, taux de référence calculé à l'achat"
1996-11-29,15.2733,9697.pdf,SRC-007,"BRH — Banque de la République d'Haïti, taux de référence calculé à l'achat"
1996-12-02,15.16,9697.pdf,SRC-007,"BRH — Banque de la République d'Haïti, taux de référence calculé à l'achat"
1996-12-03,15.0006,9697.pdf,SRC-007,"BRH — Banque de la République d'Haïti, taux de référence calculé à l'achat"
1996-12-04,15.057,9697.pdf,SRC-007,"BRH — Banque de la République d'Haïti, taux de référence calculé à l'achat"
1996-12-05,15.0089,9697.pdf,SRC-007,"BRH — Banque de la République d'Haïti, taux de référence calculé à l'achat"
1996-12-06,15.065,9697.pdf,SRC-007,"BRH — Banque de la République d'Haïti, taux de référence calculé à l'achat"
1996-12-09,15.0461,9697.pdf,SRC-007,"BRH — Banque de la République d'Haïti, taux de référence calculé à l'achat"
1996-12-10,15.0257,9697.pdf,SRC-007,"BRH — Banque de la République d'Haïti, taux de référence calculé à l'achat"
1996-12-11,15.0481,9697.pdf,SRC-007,"BRH — Banque de la République d'Haïti, taux de référence calculé à l'achat"
1996-12-12,15.0568,9697.pdf,SRC-007,"BRH — Banque de la République d'Haïti, taux de référence calculé à l'achat"
1996-12-13,15.0738,9697.pdf,SRC-007,"BRH — Banque de la République d'Haïti, taux de référence calculé à l'achat"
1996-12-16,15.0744,9697.pdf,SRC-007,"BRH — Banque de la République d'Haïti, taux de référence calculé à l'achat"
1996-12-17,15.0339,9697.pdf,SRC-007,"BRH — Banque de la République d'Haïti, taux de référence calculé à l'achat"
1996-12-18,15.0551,9697.pdf,SRC-007,"BRH — Banque de la République d'Haïti, taux de référence calculé à l'achat"
1996-12-19,15.0378,9697.pdf,SRC-007,"BRH — Banque de la République d'Haïti, taux de référence calculé à l'achat"
1996-12-20,15.0372,9697.pdf,SRC-007,"BRH — Banque de la République d'Haïti, taux de référence calculé à l'achat"
1996-12-23,15.0085,9697.pdf,SRC-007,"BRH — Banque de la République d'Haïti, taux de référence calculé à l'achat"
1996-12-24,15.0063,9697.pdf,SRC-007,"BRH — Banque de la République d'Haïti, taux de référence calculé à l'achat"
1996-12-26,15.0023,9697.pdf,SRC-007,"BRH — Banque de la République d'Haïti, taux de référence calculé à l'achat"
1996-12-27,15.018,9697.pdf,SRC-007,"BRH — Banque de la République d'Haïti, taux de référence calculé à l'achat"
1996-12-30,15.0424,9697.pdf,SRC-007,"BRH — Banque de la République d'Haïti, taux de référence calculé à l'achat"
1996-12-31,15.0928,9697.pdf,SRC-007,"BRH — Banque de la République d'Haïti, taux de référence calculé à l'achat"
1997-01-06,15.1099,9697.pdf,SRC-007,"BRH — Banque de la République d'Haïti, taux de référence calculé à l'achat"
1997-01-07,15.1336,9697.pdf,SRC-007,"BRH — Banque de la République d'Haïti, taux de référence calculé à l'achat"
1997-01-08,15.1412,9697.pdf,SRC-007,"BRH — Banque de la République d'Haïti, taux de référence calculé à l'achat"
1997-01-09,15.262,9697.pdf,SRC-007,"BRH — Banque de la République d'Haïti, taux de référence calculé à l'achat"
1997-01-10,15.3752,9697.pdf,SRC-007,"BRH — Banque de la République d'Haïti, taux de référence calculé à l'achat"
1997-01-13,15.6383,9697.pdf,SRC-007,"BRH — Banque de la République d'Haïti, taux de référence calculé à l'achat"
1997-01-14,15.6114,9697.pdf,SRC-007,"BRH — Banque de la République d'Haïti, taux de référence calculé à l'achat"
1997-01-15,15.6674,9697.pdf,SRC-007,"BRH — Banque de la République d'Haïti, taux de référence calculé à l'achat"
1997-01-17,15.6359,9697.pdf,SRC-007,"BRH — Banque de la République d'Haïti, taux de référence calculé à l'achat"
1997-01-20,15.6309,9697.pdf,SRC-007,"BRH — Banque de la République d'Haïti, taux de référence calculé à l'achat"
1997-01-21,15.6049,9697.pdf,SRC-007,"BRH — Banque de la République d'Haïti, taux de référence calculé à l'achat"
1997-01-22,15.6423,9697.pdf,SRC-007,"BRH — Banque de la République d'Haïti, taux de référence calculé à l'achat"
1997-01-23,15.6353,9697.pdf,SRC-007,"BRH — Banque de la République d'Haïti, taux de référence calculé à l'achat"
1997-01-24,15.6868,9697.pdf,SRC-007,"BRH — Banque de la République d'Haïti, taux de référence calculé à l'achat"
1997-01-27,15.8619,9697.pdf,SRC-007,"BRH — Banque de la République d'Haïti, taux de référence calculé à l'achat"
1997-01-28,15.9914,9697.pdf,SRC-007,"BRH — Banque de la République d'Haïti, taux de référence calculé à l'achat"
1997-01-29,16.0743,9697.pdf,SRC-007,"BRH — Banque de la République d'Haïti, taux de référence calculé à l'achat"
1997-01-30,16.216,9697.pdf,SRC-007,"BRH — Banque de la République d'Haïti, taux de référence calculé à l'achat"
1997-01-31,16.2599,9697.pdf,SRC-007,"BRH — Banque de la République d'Haïti, taux de référence calculé à l'achat"
1997-02-03,16.2463,9697.pdf,SRC-007,"BRH — Banque de la République d'Haïti, taux de référence calculé à l'achat"
1997-02-04,16.1169,9697.pdf,SRC-007,"BRH — Banque de la République d'Haïti, taux de référence calculé à l'achat"
1997-02-05,16.0152,9697.pdf,SRC-007,"BRH — Banque de la République d'Haïti, taux de référence calculé à l'achat"
1997-02-06,15.9663,9697.pdf,SRC-007,"BRH — Banque de la République d'Haïti, taux de référence calculé à l'achat"
1997-02-07,15.9588,9697.pdf,SRC-007,"BRH — Banque de la République d'Haïti, taux de référence calculé à l'achat"
1997-02-13,15.9315,9697.pdf,SRC-007,"BRH — Banque de la République d'Haïti, taux de référence calculé à l'achat"
1997-02-14,16.014,9697.pdf,SRC-007,"BRH — Banque de la République d'Haïti, taux de référence calculé à l'achat"
1997-02-17,16.1387,9697.pdf,SRC-007,"BRH — Banque de la République d'Haïti, taux de référence calculé à l'achat"
1997-02-18,16.2676,9697.pdf,SRC-007,"BRH — Banque de la République d'Haïti, taux de référence calculé à l'achat"
1997-02-19,16.222,9697.pdf,SRC-007,"BRH — Banque de la République d'Haïti, taux de référence calculé à l'achat"
1997-02-20,16.2445,9697.pdf,SRC-007,"BRH — Banque de la République d'Haïti, taux de référence calculé à l'achat"
1997-02-21,16.079,9697.pdf,SRC-007,"BRH — Banque de la République d'Haïti, taux de référence calculé à l'achat"
1997-02-24,16.0028,9697.pdf,SRC-007,"BRH — Banque de la République d'Haïti, taux de référence calculé à l'achat"
1997-02-25,16.026,9697.pdf,SRC-007,"BRH — Banque de la République d'Haïti, taux de référence calculé à l'achat"
1997-02-26,16.0634,9697.pdf,SRC-007,"BRH — Banque de la République d'Haïti, taux de référence calculé à l'achat"
1997-02-27,16.1028,9697.pdf,SRC-007,"BRH — Banque de la République d'Haïti, taux de référence calculé à l'achat"
1997-02-28,16.1117,9697.pdf,SRC-007,"BRH — Banque de la République d'Haïti, taux de référence calculé à l'achat"
1997-03-03,16.0787,9697.pdf,SRC-007,"BRH — Banque de la République d'Haïti, taux de référence calculé à l'achat"
1997-03-04,16.1414,9697.pdf,SRC-007,"BRH — Banque de la République d'Haïti, taux de référence calculé à l'achat"
1997-03-05,16.1537,9697.pdf,SRC-007,"BRH — Banque de la République d'Haïti, taux de référence calculé à l'achat"
1997-03-06,16.2151,9697.pdf,SRC-007,"BRH — Banque de la République d'Haïti, taux de référence calculé à l'achat"
1997-03-07,16.256,9697.pdf,SRC-007,"BRH — Banque de la République d'Haïti, taux de référence calculé à l'achat"
1997-03-10,16.3761,9697.pdf,SRC-007,"BRH — Banque de la République d'Haïti, taux de référence calculé à l'achat"
1997-03-11,16.4677,9697.pdf,SRC-007,"BRH — Banque de la République d'Haïti, taux de référence calculé à l'achat"
1997-03-12,16.5753,9697.pdf,SRC-007,"BRH — Banque de la République d'Haïti, taux de référence calculé à l'achat"
1997-03-13,16.7213,9697.pdf,SRC-007,"BRH — Banque de la République d'Haïti, taux de référence calculé à l'achat"
1997-03-14,16.7674,9697.pdf,SRC-007,"BRH — Banque de la République d'Haïti, taux de référence calculé à l'achat"
1997-03-17,16.7888,9697.pdf,SRC-007,"BRH — Banque de la République d'Haïti, taux de référence calculé à l'achat"
1997-03-18,16.8046,9697.pdf,SRC-007,"BRH — Banque de la République d'Haïti, taux de référence calculé à l'achat"
1997-03-19,16.7532,9697.pdf,SRC-007,"BRH — Banque de la République d'Haïti, taux de référence calculé à l'achat"
1997-03-21,16.7432,9697.pdf,SRC-007,"BRH — Banque de la République d'Haïti, taux de référence calculé à l'achat"
1997-03-24,16.6964,9697.pdf,SRC-007,"BRH — Banque de la République d'Haïti, taux de référence calculé à l'achat"
1997-03-25,16.6509,9697.pdf,SRC-007,"BRH — Banque de la République d'Haïti, taux de référence calculé à l'achat"
1997-03-26,16.6443,9697.pdf,SRC-007,"BRH — Banque de la République d'Haïti, taux de référence calculé à l'achat"
1997-03-27,16.5216,9697.pdf,SRC-007,"BRH — Banque de la République d'Haïti, taux de référence calculé à l'achat"
1997-03-31,16.5056,9697.pdf,SRC-007,"BRH — Banque de la République d'Haïti, taux de référence calculé à l'achat"
1997-04-01,16.5223,9697.pdf,SRC-007,"BRH — Banque de la République d'Haïti, taux de référence calculé à l'achat"
1997-04-02,16.5666,9697.pdf,SRC-007,"BRH — Banque de la République d'Haïti, taux de référence calculé à l'achat"
1997-04-03,16.6283,9697.pdf,SRC-007,"BRH — Banque de la République d'Haïti, taux de référence calculé à l'achat"
1997-04-04,16.6505,9697.pdf,SRC-007,"BRH — Banque de la République d'Haïti, taux de référence calculé à l'achat"
1997-04-07,16.7333,9697.pdf,SRC-007,"BRH — Banque de la République d'Haïti, taux de référence calculé à l'achat"
1997-04-08,16.7427,9697.pdf,SRC-007,"BRH — Banque de la République d'Haïti, taux de référence calculé à l'achat"
1997-04-09,16.7232,9697.pdf,SRC-007,"BRH — Banque de la République d'Haïti, taux de référence calculé à l'achat"
1997-04-10,16.7421,9697.pdf,SRC-007,"BRH — Banque de la République d'Haïti, taux de référence calculé à l'achat"
1997-04-11,16.7556,9697.pdf,SRC-007,"BRH — Banque de la République d'Haïti, taux de référence calculé à l'achat"
1997-04-14,16.6754,9697.pdf,SRC-007,"BRH — Banque de la République d'Haïti, taux de référence calculé à l'achat"
1997-04-15,16.6586,9697.pdf,SRC-007,"BRH — Banque de la République d'Haïti, taux de référence calculé à l'achat"
1997-04-16,16.7102,9697.pdf,SRC-007,"BRH — Banque de la République d'Haïti, taux de référence calculé à l'achat"
1997-04-17,16.7805,9697.pdf,SRC-007,"BRH — Banque de la République d'Haïti, taux de référence calculé à l'achat"
1997-04-18,16.9386,9697.pdf,SRC-007,"BRH — Banque de la République d'Haïti, taux de référence calculé à l'achat"
1997-04-21,16.9841,9697.pdf,SRC-007,"BRH — Banque de la République d'Haïti, taux de référence calculé à l'achat"
1997-04-22,16.9276,9697.pdf,SRC-007,"BRH — Banque de la République d'Haïti, taux de référence calculé à l'achat"
1997-04-23,16.9186,9697.pdf,SRC-007,"BRH — Banque de la République d'Haïti, taux de référence calculé à l'achat"
1997-04-24,16.8666,9697.pdf,SRC-007,"BRH — Banque de la République d'Haïti, taux de référence calculé à l'achat"
1997-04-25,16.8106,9697.pdf,SRC-007,"BRH — Banque de la République d'Haïti, taux de référence calculé à l'achat"
1997-04-28,16.7771,9697.pdf,SRC-007,"BRH — Banque de la République d'Haïti, taux de référence calculé à l'achat"
1997-04-29,16.693,9697.pdf,SRC-007,"BRH — Banque de la République d'Haïti, taux de référence calculé à l'achat"
1997-04-30,16.6913,9697.pdf,SRC-007,"BRH — Banque de la République d'Haïti, taux de référence calculé à l'achat"
1997-05-02,16.7066,9697.pdf,SRC-007,"BRH — Banque de la République d'Haïti, taux de référence calculé à l'achat"
1997-05-05,16.7086,9697.pdf,SRC-007,"BRH — Banque de la République d'Haïti, taux de référence calculé à l'achat"
1997-05-06,16.6876,9697.pdf,SRC-007,"BRH — Banque de la République d'Haïti, taux de référence calculé à l'achat"
1997-05-07,16.7061,9697.pdf,SRC-007,"BRH — Banque de la République d'Haïti, taux de référence calculé à l'achat"
1997-05-08,16.7054,9697.pdf,SRC-007,"BRH — Banque de la République d'Haïti, taux de référence calculé à l'achat"
1997-05-09,16.7707,9697.pdf,SRC-007,"BRH — Banque de la République d'Haïti, taux de référence calculé à l'achat"
1997-05-12,16.7826,9697.pdf,SRC-007,"BRH — Banque de la République d'Haïti, taux de référence calculé à l'achat"
1997-05-13,16.7922,9697.pdf,SRC-007,"BRH — Banque de la République d'Haïti, taux de référence calculé à l'achat"
1997-05-14,16.7828,9697.pdf,SRC-007,"BRH — Banque de la République d'Haïti, taux de référence calculé à l'achat"
1997-05-15,16.7869,9697.pdf,SRC-007,"BRH — Banque de la République d'Haïti, taux de référence calculé à l'achat"
1997-05-16,16.795,9697.pdf,SRC-007,"BRH — Banque de la République d'Haïti, taux de référence calculé à l'achat"
1997-05-19,16.8524,9697.pdf,SRC-007,"BRH — Banque de la République d'Haïti, taux de référence calculé à l'achat"
1997-05-20,16.7695,9697.pdf,SRC-007,"BRH — Banque de la République d'Haïti, taux de référence calculé à l'achat"
1997-05-21,16.8039,9697.pdf,SRC-007,"BRH — Banque de la République d'Haïti, taux de référence calculé à l'achat"
1997-05-22,16.8245,9697.pdf,SRC-007,"BRH — Banque de la République d'Haïti, taux de référence calculé à l'achat"
1997-05-23,16.8051,9697.pdf,SRC-007,"BRH — Banque de la République d'Haïti, taux de référence calculé à l'achat"
1997-05-26,16.8054,9697.pdf,SRC-007,"BRH — Banque de la République d'Haïti, taux de référence calculé à l'achat"
1997-05-27,16.801,9697.pdf,SRC-007,"BRH — Banque de la République d'Haïti, taux de référence calculé à l'achat"
1997-05-28,16.8115,9697.pdf,SRC-007,"BRH — Banque de la République d'Haïti, taux de référence calculé à l'achat"
1997-05-30,16.817,9697.pdf,SRC-007,"BRH — Banque de la République d'Haïti, taux de référence calculé à l'achat"
1997-06-02,16.8187,9697.pdf,SRC-007,"BRH — Banque de la République d'Haïti, taux de référence calculé à l'achat"
1997-06-03,16.7813,9697.pdf,SRC-007,"BRH — Banque de la République d'Haïti, taux de référence calculé à l'achat"
1997-06-04,16.7973,9697.pdf,SRC-007,"BRH — Banque de la République d'Haïti, taux de référence calculé à l'achat"
1997-06-05,16.7877,9697.pdf,SRC-007,"BRH — Banque de la République d'Haïti, taux de référence calculé à l'achat"
1997-06-06,16.7957,9697.pdf,SRC-007,"BRH — Banque de la République d'Haïti, taux de référence calculé à l'achat"
1997-06-09,16.7751,9697.pdf,SRC-007,"BRH — Banque de la République d'Haïti, taux de référence calculé à l'achat"
1997-06-10,16.7616,9697.pdf,SRC-007,"BRH — Banque de la République d'Haïti, taux de référence calculé à l'achat"
1997-06-11,16.7933,9697.pdf,SRC-007,"BRH — Banque de la République d'Haïti, taux de référence calculé à l'achat"
1997-06-12,16.818,9697.pdf,SRC-007,"BRH — Banque de la République d'Haïti, taux de référence calculé à l'achat"
1997-06-13,16.8683,9697.pdf,SRC-007,"BRH — Banque de la République d'Haïti, taux de référence calculé à l'achat"
1997-06-16,16.9939,9697.pdf,SRC-007,"BRH — Banque de la République d'Haïti, taux de référence calculé à l'achat"
1997-06-17,17.105,9697.pdf,SRC-007,"BRH — Banque de la République d'Haïti, taux de référence calculé à l'achat"
1997-06-18,17.1098,9697.pdf,SRC-007,"BRH — Banque de la République d'Haïti, taux de référence calculé à l'achat"
1997-06-19,17.0235,9697.pdf,SRC-007,"BRH — Banque de la République d'Haïti, taux de référence calculé à l'achat"
1997-06-20,16.8713,9697.pdf,SRC-007,"BRH — Banque de la République d'Haïti, taux de référence calculé à l'achat"
1997-06-23,16.7994,9697.pdf,SRC-007,"BRH — Banque de la République d'Haïti, taux de référence calculé à l'achat"
1997-06-24,16.6973,9697.pdf,SRC-007,"BRH — Banque de la République d'Haïti, taux de référence calculé à l'achat"
1997-06-25,16.6976,9697.pdf,SRC-007,"BRH — Banque de la République d'Haïti, taux de référence calculé à l'achat"
1997-06-26,16.7564,9697.pdf,SRC-007,"BRH — Banque de la République d'Haïti, taux de référence calculé à l'achat"
1997-06-27,16.6834,9697.pdf,SRC-007,"BRH — Banque de la République d'Haïti, taux de référence calculé à l'achat"
1997-06-30,16.7564,9697.pdf,SRC-007,"BRH — Banque de la République d'Haïti, taux de référence calculé à l'achat"
1997-07-01,16.7528,9697.pdf,SRC-007,"BRH — Banque de la République d'Haïti, taux de référence calculé à l'achat"
1997-07-02,16.7004,9697.pdf,SRC-007,"BRH — Banque de la République d'Haïti, taux de référence calculé à l'achat"
1997-07-03,16.7588,9697.pdf,SRC-007,"BRH — Banque de la République d'Haïti, taux de référence calculé à l'achat"
1997-07-04,16.743,9697.pdf,SRC-007,"BRH — Banque de la République d'Haïti, taux de référence calculé à l'achat"
1997-07-07,16.6803,9697.pdf,SRC-007,"BRH — Banque de la République d'Haïti, taux de référence calculé à l'achat"
1997-07-08,16.689,9697.pdf,SRC-007,"BRH — Banque de la République d'Haïti, taux de référence calculé à l'achat"
1997-07-09,16.7171,9697.pdf,SRC-007,"BRH — Banque de la République d'Haïti, taux de référence calculé à l'achat"
1997-07-10,16.6832,9697.pdf,SRC-007,"BRH — Banque de la République d'Haïti, taux de référence calculé à l'achat"
1997-07-11,16.6712,9697.pdf,SRC-007,"BRH — Banque de la République d'Haïti, taux de référence calculé à l'achat"
1997-07-14,16.671,9697.pdf,SRC-007,"BRH — Banque de la République d'Haïti, taux de référence calculé à l'achat"
1997-07-15,16.6186,9697.pdf,SRC-007,"BRH — Banque de la République d'Haïti, taux de référence calculé à l'achat"
1997-07-16,16.6236,9697.pdf,SRC-007,"BRH — Banque de la République d'Haïti, taux de référence calculé à l'achat"
1997-07-17,16.6079,9697.pdf,SRC-007,"BRH — Banque de la République d'Haïti, taux de référence calculé à l'achat"
1997-07-18,16.5667,9697.pdf,SRC-007,"BRH — Banque de la République d'Haïti, taux de référence calculé à l'achat"
1997-07-21,16.5557,9697.pdf,SRC-007,"BRH — Banque de la République d'Haïti, taux de référence calculé à l'achat"
1997-07-22,16.514,9697.pdf,SRC-007,"BRH — Banque de la République d'Haïti, taux de référence calculé à l'achat"
1997-07-23,16.5304,9697.pdf,SRC-007,"BRH — Banque de la République d'Haïti, taux de référence calculé à l'achat"
1997-07-24,16.5055,9697.pdf,SRC-007,"BRH — Banque de la République d'Haïti, taux de référence calculé à l'achat"
1997-07-25,16.5059,9697.pdf,SRC-007,"BRH — Banque de la République d'Haïti, taux de référence calculé à l'achat"
1997-07-28,16.4712,9697.pdf,SRC-007,"BRH — Banque de la République d'Haïti, taux de référence calculé à l'achat"
1997-07-29,16.4045,9697.pdf,SRC-007,"BRH — Banque de la République d'Haïti, taux de référence calculé à l'achat"
1997-07-30,16.4869,9697.pdf,SRC-007,"BRH — Banque de la République d'Haïti, taux de référence calculé à l'achat"
1997-07-31,16.485,9697.pdf,SRC-007,"BRH — Banque de la République d'Haïti, taux de référence calculé à l'achat"
1997-08-01,16.4977,9697.pdf,SRC-007,"BRH — Banque de la République d'Haïti, taux de référence calculé à l'achat"
1997-08-04,16.4754,9697.pdf,SRC-007,"BRH — Banque de la République d'Haïti, taux de référence calculé à l'achat"
1997-08-05,16.5327,9697.pdf,SRC-007,"BRH — Banque de la République d'Haïti, taux de référence calculé à l'achat"
1997-08-06,16.5391,9697.pdf,SRC-007,"BRH — Banque de la République d'Haïti, taux de référence calculé à l'achat"
1997-08-07,16.6367,9697.pdf,SRC-007,"BRH — Banque de la République d'Haïti, taux de référence calculé à l'achat"
1997-08-08,16.7347,9697.pdf,SRC-007,"BRH — Banque de la République d'Haïti, taux de référence calculé à l'achat"
1997-08-11,16.7884,9697.pdf,SRC-007,"BRH — Banque de la République d'Haïti, taux de référence calculé à l'achat"
1997-08-12,16.8866,9697.pdf,SRC-007,"BRH — Banque de la République d'Haïti, taux de référence calculé à l'achat"
1997-08-13,16.8944,9697.pdf,SRC-007,"BRH — Banque de la République d'Haïti, taux de référence calculé à l'achat"
1997-08-14,16.7816,9697.pdf,SRC-007,"BRH — Banque de la République d'Haïti, taux de référence calculé à l'achat"
1997-08-18,16.776,9697.pdf,SRC-007,"BRH — Banque de la République d'Haïti, taux de référence calculé à l'achat"
1997-08-19,16.7328,9697.pdf,SRC-007,"BRH — Banque de la République d'Haïti, taux de référence calculé à l'achat"
1997-08-20,16.7525,9697.pdf,SRC-007,"BRH — Banque de la République d'Haïti, taux de référence calculé à l'achat"
1997-08-21,16.763,9697.pdf,SRC-007,"BRH — Banque de la République d'Haïti, taux de référence calculé à l'achat"
1997-08-22,16.7391,9697.pdf,SRC-007,"BRH — Banque de la République d'Haïti, taux de référence calculé à l'achat"
1997-08-25,16.73,9697.pdf,SRC-007,"BRH — Banque de la République d'Haïti, taux de référence calculé à l'achat"
1997-08-26,16.7383,9697.pdf,SRC-007,"BRH — Banque de la République d'Haïti, taux de référence calculé à l'achat"
1997-08-27,16.7129,9697.pdf,SRC-007,"BRH — Banque de la République d'Haïti, taux de référence calculé à l'achat"
1997-08-28,16.7181,9697.pdf,SRC-007,"BRH — Banque de la République d'Haïti, taux de référence calculé à l'achat"
1997-08-29,16.7518,9697.pdf,SRC-007,"BRH — Banque de la République d'Haïti, taux de référence calculé à l'achat"
1997-09-01,16.6938,9697.pdf,SRC-007,"BRH — Banque de la République d'Haïti, taux de référence calculé à l'achat"
1997-09-02,16.6761,9697.pdf,SRC-007,"BRH — Banque de la République d'Haïti, taux de référence calculé à l'achat"
1997-09-03,16.6742,9697.pdf,SRC-007,"BRH — Banque de la République d'Haïti, taux de référence calculé à l'achat"
1997-09-04,16.7078,9697.pdf,SRC-007,"BRH — Banque de la République d'Haïti, taux de référence calculé à l'achat"
1997-09-05,16.6664,9697.pdf,SRC-007,"BRH — Banque de la République d'Haïti, taux de référence calculé à l'achat"
1997-09-08,16.6482,9697.pdf,SRC-007,"BRH — Banque de la République d'Haïti, taux de référence calculé à l'achat"
1997-09-09,16.648,9697.pdf,SRC-007,"BRH — Banque de la République d'Haïti, taux de référence calculé à l'achat"
1997-09-10,16.6905,9697.pdf,SRC-007,"BRH — Banque de la République d'Haïti, taux de référence calculé à l'achat"
1997-09-11,16.6921,9697.pdf,SRC-007,"BRH — Banque de la République d'Haïti, taux de référence calculé à l'achat"
1997-09-12,16.6815,9697.pdf,SRC-007,"BRH — Banque de la République d'Haïti, taux de référence calculé à l'achat"
1997-09-15,16.6642,9697.pdf,SRC-007,"BRH — Banque de la République d'Haïti, taux de référence calculé à l'achat"
1997-09-16,16.6207,9697.pdf,SRC-007,"BRH — Banque de la République d'Haïti, taux de référence calculé à l'achat"
1997-09-17,16.6507,9697.pdf,SRC-007,"BRH — Banque de la République d'Haïti, taux de référence calculé à l'achat"
1997-09-18,16.6312,9697.pdf,SRC-007,"BRH — Banque de la République d'Haïti, taux de référence calculé à l'achat"
1997-09-22,16.6736,9697.pdf,SRC-007,"BRH — Banque de la République d'Haïti, taux de référence calculé à l'achat"
1997-09-23,16.6928,9697.pdf,SRC-007,"BRH — Banque de la République d'Haïti, taux de référence calculé à l'achat"
1997-09-24,16.6856,9697.pdf,SRC-007,"BRH — Banque de la République d'Haïti, taux de référence calculé à l'achat"
1997-09-25,16.6997,9697.pdf,SRC-007,"BRH — Banque de la République d'Haïti, taux de référence calculé à l'achat"
1997-09-26,16.7816,9697.pdf,SRC-007,"BRH — Banque de la République d'Haïti, taux de référence calculé à l'achat"
1997-09-29,16.8214,9697.pdf,SRC-007,"BRH — Banque de la République d'Haïti, taux de référence calculé à l'achat"
1997-09-30,16.9496,9697.pdf,SRC-007,"BRH — Banque de la République d'Haïti, taux de référence calculé à l'achat"
1997-10-01,16.9323,9798.pdf,SRC-007,"BRH — Banque de la République d'Haïti, taux de référence calculé à l'achat"
1997-10-02,16.9592,9798.pdf,SRC-007,"BRH — Banque de la République d'Haïti, taux de référence calculé à l'achat"
1997-10-03,16.9362,9798.pdf,SRC-007,"BRH — Banque de la République d'Haïti, taux de référence calculé à l'achat"
1997-10-06,16.9709,9798.pdf,SRC-007,"BRH — Banque de la République d'Haïti, taux de référence calculé à l'achat"
1997-10-07,16.9406,9798.pdf,SRC-007,"BRH — Banque de la République d'Haïti, taux de référence calculé à l'achat"
1997-10-08,16.9434,9798.pdf,SRC-007,"BRH — Banque de la République d'Haïti, taux de référence calculé à l'achat"
1997-10-09,16.9699,9798.pdf,SRC-007,"BRH — Banque de la République d'Haïti, taux de référence calculé à l'achat"
1997-10-10,16.9608,9798.pdf,SRC-007,"BRH — Banque de la République d'Haïti, taux de référence calculé à l'achat"
1997-10-13,17.0078,9798.pdf,SRC-007,"BRH — Banque de la République d'Haïti, taux de référence calculé à l'achat"
1997-10-14,17.1047,9798.pdf,SRC-007,"BRH — Banque de la République d'Haïti, taux de référence calculé à l'achat"
1997-10-15,17.1259,9798.pdf,SRC-007,"BRH — Banque de la République d'Haïti, taux de référence calculé à l'achat"
1997-10-16,17.3526,9798.pdf,SRC-007,"BRH — Banque de la République d'Haïti, taux de référence calculé à l'achat"
1997-10-20,17.4504,9798.pdf,SRC-007,"BRH — Banque de la République d'Haïti, taux de référence calculé à l'achat"
1997-10-21,17.3739,9798.pdf,SRC-007,"BRH — Banque de la République d'Haïti, taux de référence calculé à l'achat"
1997-10-22,17.41,9798.pdf,SRC-007,"BRH — Banque de la République d'Haïti, taux de référence calculé à l'achat"
1997-10-23,17.3848,9798.pdf,SRC-007,"BRH — Banque de la République d'Haïti, taux de référence calculé à l'achat"
1997-10-24,17.485,9798.pdf,SRC-007,"BRH — Banque de la République d'Haïti, taux de référence calculé à l'achat"
1997-10-27,17.433,9798.pdf,SRC-007,"BRH — Banque de la République d'Haïti, taux de référence calculé à l'achat"
1997-10-28,17.4315,9798.pdf,SRC-007,"BRH — Banque de la République d'Haïti, taux de référence calculé à l'achat"
1997-10-29,17.4191,9798.pdf,SRC-007,"BRH — Banque de la République d'Haïti, taux de référence calculé à l'achat"
1997-10-30,17.4428,9798.pdf,SRC-007,"BRH — Banque de la République d'Haïti, taux de référence calculé à l'achat"
1997-10-31,17.4131,9798.pdf,SRC-007,"BRH — Banque de la République d'Haïti, taux de référence calculé à l'achat"
1997-11-03,17.4512,9798.pdf,SRC-007,"BRH — Banque de la République d'Haïti, taux de référence calculé à l'achat"
1997-11-04,17.4128,9798.pdf,SRC-007,"BRH — Banque de la République d'Haïti, taux de référence calculé à l'achat"
1997-11-05,17.4372,9798.pdf,SRC-007,"BRH — Banque de la République d'Haïti, taux de référence calculé à l'achat"
1997-11-06,17.4179,9798.pdf,SRC-007,"BRH — Banque de la République d'Haïti, taux de référence calculé à l'achat"
1997-11-07,17.4232,9798.pdf,SRC-007,"BRH — Banque de la République d'Haïti, taux de référence calculé à l'achat"
1997-11-10,17.4,9798.pdf,SRC-007,"BRH — Banque de la République d'Haïti, taux de référence calculé à l'achat"
1997-11-11,17.3649,9798.pdf,SRC-007,"BRH — Banque de la République d'Haïti, taux de référence calculé à l'achat"
1997-11-12,17.3592,9798.pdf,SRC-007,"BRH — Banque de la République d'Haïti, taux de référence calculé à l'achat"
1997-11-13,17.3476,9798.pdf,SRC-007,"BRH — Banque de la République d'Haïti, taux de référence calculé à l'achat"
1997-11-14,17.3187,9798.pdf,SRC-007,"BRH — Banque de la République d'Haïti, taux de référence calculé à l'achat"
1997-11-17,17.2628,9798.pdf,SRC-007,"BRH — Banque de la République d'Haïti, taux de référence calculé à l'achat"
1997-11-19,17.1769,9798.pdf,SRC-007,"BRH — Banque de la République d'Haïti, taux de référence calculé à l'achat"
1997-11-20,16.955,9798.pdf,SRC-007,"BRH — Banque de la République d'Haïti, taux de référence calculé à l'achat"
1997-11-21,16.9094,9798.pdf,SRC-007,"BRH — Banque de la République d'Haïti, taux de référence calculé à l'achat"
1997-11-24,16.9133,9798.pdf,SRC-007,"BRH — Banque de la République d'Haïti, taux de référence calculé à l'achat"
1997-11-25,16.8439,9798.pdf,SRC-007,"BRH — Banque de la République d'Haïti, taux de référence calculé à l'achat"
1997-11-26,16.7809,9798.pdf,SRC-007,"BRH — Banque de la République d'Haïti, taux de référence calculé à l'achat"
1997-11-27,16.8546,9798.pdf,SRC-007,"BRH — Banque de la République d'Haïti, taux de référence calculé à l'achat"
1997-11-28,16.8719,9798.pdf,SRC-007,"BRH — Banque de la République d'Haïti, taux de référence calculé à l'achat"
1997-12-01,16.7858,9798.pdf,SRC-007,"BRH — Banque de la République d'Haïti, taux de référence calculé à l'achat"
1997-12-02,16.856,9798.pdf,SRC-007,"BRH — Banque de la République d'Haïti, taux de référence calculé à l'achat"
1997-12-03,16.8274,9798.pdf,SRC-007,"BRH — Banque de la République d'Haïti, taux de référence calculé à l'achat"
1997-12-04,16.8504,9798.pdf,SRC-007,"BRH — Banque de la République d'Haïti, taux de référence calculé à l'achat"
1997-12-05,16.783,9798.pdf,SRC-007,"BRH — Banque de la République d'Haïti, taux de référence calculé à l'achat"
1997-12-08,16.8116,9798.pdf,SRC-007,"BRH — Banque de la République d'Haïti, taux de référence calculé à l'achat"
1997-12-09,16.7803,9798.pdf,SRC-007,"BRH — Banque de la République d'Haïti, taux de référence calculé à l'achat"
1997-12-10,16.7897,9798.pdf,SRC-007,"BRH — Banque de la République d'Haïti, taux de référence calculé à l'achat"
1997-12-11,16.7834,9798.pdf,SRC-007,"BRH — Banque de la République d'Haïti, taux de référence calculé à l'achat"
1997-12-12,16.7665,9798.pdf,SRC-007,"BRH — Banque de la République d'Haïti, taux de référence calculé à l'achat"
1997-12-15,16.7515,9798.pdf,SRC-007,"BRH — Banque de la République d'Haïti, taux de référence calculé à l'achat"
1997-12-16,16.7382,9798.pdf,SRC-007,"BRH — Banque de la République d'Haïti, taux de référence calculé à l'achat"
1997-12-17,16.698,9798.pdf,SRC-007,"BRH — Banque de la République d'Haïti, taux de référence calculé à l'achat"
1997-12-18,16.6796,9798.pdf,SRC-007,"BRH — Banque de la République d'Haïti, taux de référence calculé à l'achat"
1997-12-19,16.7116,9798.pdf,SRC-007,"BRH — Banque de la République d'Haïti, taux de référence calculé à l'achat"
1997-12-22,16.8202,9798.pdf,SRC-007,"BRH — Banque de la République d'Haïti, taux de référence calculé à l'achat"
1997-12-23,16.8414,9798.pdf,SRC-007,"BRH — Banque de la République d'Haïti, taux de référence calculé à l'achat"
1997-12-24,16.8665,9798.pdf,SRC-007,"BRH — Banque de la République d'Haïti, taux de référence calculé à l'achat"
1997-12-26,16.954,9798.pdf,SRC-007,"BRH — Banque de la République d'Haïti, taux de référence calculé à l'achat"
1997-12-29,16.9788,9798.pdf,SRC-007,"BRH — Banque de la République d'Haïti, taux de référence calculé à l'achat"
1997-12-30,17.1847,9798.pdf,SRC-007,"BRH — Banque de la République d'Haïti, taux de référence calculé à l'achat"
1997-12-31,17.311,9798.pdf,SRC-007,"BRH — Banque de la République d'Haïti, taux de référence calculé à l'achat"
1998-01-05,17.3208,9798.pdf,SRC-007,"BRH — Banque de la République d'Haïti, taux de référence calculé à l'achat"
1998-01-06,17.3866,9798.pdf,SRC-007,"BRH — Banque de la République d'Haïti, taux de référence calculé à l'achat"
1998-01-07,17.3398,9798.pdf,SRC-007,"BRH — Banque de la République d'Haïti, taux de référence calculé à l'achat"
1998-01-08,17.3699,9798.pdf,SRC-007,"BRH — Banque de la République d'Haïti, taux de référence calculé à l'achat"
1998-01-09,17.3131,9798.pdf,SRC-007,"BRH — Banque de la République d'Haïti, taux de référence calculé à l'achat"
1998-01-12,17.3176,9798.pdf,SRC-007,"BRH — Banque de la République d'Haïti, taux de référence calculé à l'achat"
1998-01-13,17.2809,9798.pdf,SRC-007,"BRH — Banque de la République d'Haïti, taux de référence calculé à l'achat"
1998-01-14,17.2848,9798.pdf,SRC-007,"BRH — Banque de la République d'Haïti, taux de référence calculé à l'achat"
1998-01-15,17.2759,9798.pdf,SRC-007,"BRH — Banque de la République d'Haïti, taux de référence calculé à l'achat"
1998-01-16,17.2604,9798.pdf,SRC-007,"BRH — Banque de la République d'Haïti, taux de référence calculé à l'achat"
1998-01-19,17.2229,9798.pdf,SRC-007,"BRH — Banque de la République d'Haïti, taux de référence calculé à l'achat"
1998-01-20,17.1987,9798.pdf,SRC-007,"BRH — Banque de la République d'Haïti, taux de référence calculé à l'achat"
1998-01-21,17.1975,9798.pdf,SRC-007,"BRH — Banque de la République d'Haïti, taux de référence calculé à l'achat"
1998-01-22,17.196,9798.pdf,SRC-007,"BRH — Banque de la République d'Haïti, taux de référence calculé à l'achat"
1998-01-23,17.224,9798.pdf,SRC-007,"BRH — Banque de la République d'Haïti, taux de référence calculé à l'achat"
1998-01-26,17.2624,9798.pdf,SRC-007,"BRH — Banque de la République d'Haïti, taux de référence calculé à l'achat"
1998-01-27,17.316,9798.pdf,SRC-007,"BRH — Banque de la République d'Haïti, taux de référence calculé à l'achat"
1998-01-28,17.3786,9798.pdf,SRC-007,"BRH — Banque de la République d'Haïti, taux de référence calculé à l'achat"
1998-01-29,17.4709,9798.pdf,SRC-007,"BRH — Banque de la République d'Haïti, taux de référence calculé à l'achat"
1998-01-30,17.5602,9798.pdf,SRC-007,"BRH — Banque de la République d'Haïti, taux de référence calculé à l'achat"
1998-02-02,17.648,9798.pdf,SRC-007,"BRH — Banque de la République d'Haïti, taux de référence calculé à l'achat"
1998-02-03,17.6778,9798.pdf,SRC-007,"BRH — Banque de la République d'Haïti, taux de référence calculé à l'achat"
1998-02-04,17.6864,9798.pdf,SRC-007,"BRH — Banque de la République d'Haïti, taux de référence calculé à l'achat"
1998-02-05,17.6771,9798.pdf,SRC-007,"BRH — Banque de la République d'Haïti, taux de référence calculé à l'achat"
1998-02-06,17.6533,9798.pdf,SRC-007,"BRH — Banque de la République d'Haïti, taux de référence calculé à l'achat"
1998-02-09,17.5237,9798.pdf,SRC-007,"BRH — Banque de la République d'Haïti, taux de référence calculé à l'achat"
1998-02-10,17.4281,9798.pdf,SRC-007,"BRH — Banque de la République d'Haïti, taux de référence calculé à l'achat"
1998-02-11,17.4135,9798.pdf,SRC-007,"BRH — Banque de la République d'Haïti, taux de référence calculé à l'achat"
1998-02-12,17.3253,9798.pdf,SRC-007,"BRH — Banque de la République d'Haïti, taux de référence calculé à l'achat"
1998-02-13,17.3116,9798.pdf,SRC-007,"BRH — Banque de la République d'Haïti, taux de référence calculé à l'achat"
1998-02-16,17.2342,9798.pdf,SRC-007,"BRH — Banque de la République d'Haïti, taux de référence calculé à l'achat"
1998-02-17,17.1739,9798.pdf,SRC-007,"BRH — Banque de la République d'Haïti, taux de référence calculé à l'achat"
1998-02-18,17.1683,9798.pdf,SRC-007,"BRH — Banque de la République d'Haïti, taux de référence calculé à l'achat"
1998-02-19,17.2213,9798.pdf,SRC-007,"BRH — Banque de la République d'Haïti, taux de référence calculé à l'achat"
1998-02-20,17.2951,9798.pdf,SRC-007,"BRH — Banque de la République d'Haïti, taux de référence calculé à l'achat"
1998-02-25,17.3928,9798.pdf,SRC-007,"BRH — Banque de la République d'Haïti, taux de référence calculé à l'achat"
1998-02-27,17.3752,9798.pdf,SRC-007,"BRH — Banque de la République d'Haïti, taux de référence calculé à l'achat"
1998-03-02,17.423,9798.pdf,SRC-007,"BRH — Banque de la République d'Haïti, taux de référence calculé à l'achat"
1998-03-03,17.4412,9798.pdf,SRC-007,"BRH — Banque de la République d'Haïti, taux de référence calculé à l'achat"
1998-03-04,17.4982,9798.pdf,SRC-007,"BRH — Banque de la République d'Haïti, taux de référence calculé à l'achat"
1998-03-05,17.4175,9798.pdf,SRC-007,"BRH — Banque de la République d'Haïti, taux de référence calculé à l'achat"
1998-03-06,17.4152,9798.pdf,SRC-007,"BRH — Banque de la République d'Haïti, taux de référence calculé à l'achat"
1998-03-09,17.4428,9798.pdf,SRC-007,"BRH — Banque de la République d'Haïti, taux de référence calculé à l'achat"
1998-03-10,17.4011,9798.pdf,SRC-007,"BRH — Banque de la République d'Haïti, taux de référence calculé à l'achat"
1998-03-11,17.4282,9798.pdf,SRC-007,"BRH — Banque de la République d'Haïti, taux de référence calculé à l'achat"
1998-03-12,17.3954,9798.pdf,SRC-007,"BRH — Banque de la République d'Haïti, taux de référence calculé à l'achat"
1998-03-13,17.3785,9798.pdf,SRC-007,"BRH — Banque de la République d'Haïti, taux de référence calculé à l'achat"
1998-03-16,17.3421,9798.pdf,SRC-007,"BRH — Banque de la République d'Haïti, taux de référence calculé à l'achat"
1998-03-17,17.3164,9798.pdf,SRC-007,"BRH — Banque de la République d'Haïti, taux de référence calculé à l'achat"
1998-03-18,17.3967,9798.pdf,SRC-007,"BRH — Banque de la République d'Haïti, taux de référence calculé à l'achat"
1998-03-19,17.4611,9798.pdf,SRC-007,"BRH — Banque de la République d'Haïti, taux de référence calculé à l'achat"
1998-03-20,17.5532,9798.pdf,SRC-007,"BRH — Banque de la République d'Haïti, taux de référence calculé à l'achat"
1998-03-23,17.5234,9798.pdf,SRC-007,"BRH — Banque de la République d'Haïti, taux de référence calculé à l'achat"
1998-03-24,17.5191,9798.pdf,SRC-007,"BRH — Banque de la République d'Haïti, taux de référence calculé à l'achat"
1998-03-25,17.4415,9798.pdf,SRC-007,"BRH — Banque de la République d'Haïti, taux de référence calculé à l'achat"
1998-03-26,17.4115,9798.pdf,SRC-007,"BRH — Banque de la République d'Haïti, taux de référence calculé à l'achat"
1998-03-27,17.4006,9798.pdf,SRC-007,"BRH — Banque de la République d'Haïti, taux de référence calculé à l'achat"
1998-03-30,17.3105,9798.pdf,SRC-007,"BRH — Banque de la République d'Haïti, taux de référence calculé à l'achat"
1998-03-31,17.3427,9798.pdf,SRC-007,"BRH — Banque de la République d'Haïti, taux de référence calculé à l'achat"
1998-04-01,17.3395,9798.pdf,SRC-007,"BRH — Banque de la République d'Haïti, taux de référence calculé à l'achat"
1998-04-02,17.3471,9798.pdf,SRC-007,"BRH — Banque de la République d'Haïti, taux de référence calculé à l'achat"
1998-04-03,17.3429,9798.pdf,SRC-007,"BRH — Banque de la République d'Haïti, taux de référence calculé à l'achat"
1998-04-06,17.3252,9798.pdf,SRC-007,"BRH — Banque de la République d'Haïti, taux de référence calculé à l'achat"
1998-04-07,17.3066,9798.pdf,SRC-007,"BRH — Banque de la République d'Haïti, taux de référence calculé à l'achat"
1998-04-08,17.2496,9798.pdf,SRC-007,"BRH — Banque de la République d'Haïti, taux de référence calculé à l'achat"
1998-04-09,17.2238,9798.pdf,SRC-007,"BRH — Banque de la République d'Haïti, taux de référence calculé à l'achat"
1998-04-13,17.1732,9798.pdf,SRC-007,"BRH — Banque de la République d'Haïti, taux de référence calculé à l'achat"
1998-04-14,17.1376,9798.pdf,SRC-007,"BRH — Banque de la République d'Haïti, taux de référence calculé à l'achat"
1998-04-15,17.1511,9798.pdf,SRC-007,"BRH — Banque de la République d'Haïti, taux de référence calculé à l'achat"
1998-04-16,17.1214,9798.pdf,SRC-007,"BRH — Banque de la République d'Haïti, taux de référence calculé à l'achat"
1998-04-17,17.1329,9798.pdf,SRC-007,"BRH — Banque de la République d'Haïti, taux de référence calculé à l'achat"
1998-04-20,17.0868,9798.pdf,SRC-007,"BRH — Banque de la République d'Haïti, taux de référence calculé à l'achat"
1998-04-21,17.1253,9798.pdf,SRC-007,"BRH — Banque de la République d'Haïti, taux de référence calculé à l'achat"
1998-04-22,17.1631,9798.pdf,SRC-007,"BRH — Banque de la République d'Haïti, taux de référence calculé à l'achat"
1998-04-23,17.1463,9798.pdf,SRC-007,"BRH — Banque de la République d'Haïti, taux de référence calculé à l'achat"
1998-04-24,17.0843,9798.pdf,SRC-007,"BRH — Banque de la République d'Haïti, taux de référence calculé à l'achat"
1998-04-27,17.0846,9798.pdf,SRC-007,"BRH — Banque de la République d'Haïti, taux de référence calculé à l'achat"
1998-04-28,17.0635,9798.pdf,SRC-007,"BRH — Banque de la République d'Haïti, taux de référence calculé à l'achat"
1998-04-29,16.9595,9798.pdf,SRC-007,"BRH — Banque de la République d'Haïti, taux de référence calculé à l'achat"
1998-04-30,16.9492,9798.pdf,SRC-007,"BRH — Banque de la République d'Haïti, taux de référence calculé à l'achat"
1998-05-04,16.9469,9798.pdf,SRC-007,"BRH — Banque de la République d'Haïti, taux de référence calculé à l'achat"
1998-05-05,16.9209,9798.pdf,SRC-007,"BRH — Banque de la République d'Haïti, taux de référence calculé à l'achat"
1998-05-06,16.9102,9798.pdf,SRC-007,"BRH — Banque de la République d'Haïti, taux de référence calculé à l'achat"
1998-05-07,16.9254,9798.pdf,SRC-007,"BRH — Banque de la République d'Haïti, taux de référence calculé à l'achat"
1998-05-08,16.9487,9798.pdf,SRC-007,"BRH — Banque de la République d'Haïti, taux de référence calculé à l'achat"
1998-05-11,16.9204,9798.pdf,SRC-007,"BRH — Banque de la République d'Haïti, taux de référence calculé à l'achat"
1998-05-12,16.8669,9798.pdf,SRC-007,"BRH — Banque de la République d'Haïti, taux de référence calculé à l'achat"
1998-05-13,16.8658,9798.pdf,SRC-007,"BRH — Banque de la République d'Haïti, taux de référence calculé à l'achat"
1998-05-14,16.7871,9798.pdf,SRC-007,"BRH — Banque de la République d'Haïti, taux de référence calculé à l'achat"
1998-05-15,16.7656,9798.pdf,SRC-007,"BRH — Banque de la République d'Haïti, taux de référence calculé à l'achat"
1998-05-19,16.7487,9798.pdf,SRC-007,"BRH — Banque de la République d'Haïti, taux de référence calculé à l'achat"
1998-05-20,16.7008,9798.pdf,SRC-007,"BRH — Banque de la République d'Haïti, taux de référence calculé à l'achat"
1998-05-21,16.651,9798.pdf,SRC-007,"BRH — Banque de la République d'Haïti, taux de référence calculé à l'achat"
1998-05-22,16.6552,9798.pdf,SRC-007,"BRH — Banque de la République d'Haïti, taux de référence calculé à l'achat"
1998-05-25,16.6364,9798.pdf,SRC-007,"BRH — Banque de la République d'Haïti, taux de référence calculé à l'achat"
1998-05-26,16.6445,9798.pdf,SRC-007,"BRH — Banque de la République d'Haïti, taux de référence calculé à l'achat"
1998-05-27,16.6582,9798.pdf,SRC-007,"BRH — Banque de la République d'Haïti, taux de référence calculé à l'achat"
1998-05-28,16.6688,9798.pdf,SRC-007,"BRH — Banque de la République d'Haïti, taux de référence calculé à l'achat"
1998-05-29,16.687,9798.pdf,SRC-007,"BRH — Banque de la République d'Haïti, taux de référence calculé à l'achat"
1998-06-01,16.6897,9798.pdf,SRC-007,"BRH — Banque de la République d'Haïti, taux de référence calculé à l'achat"
1998-06-02,16.6625,9798.pdf,SRC-007,"BRH — Banque de la République d'Haïti, taux de référence calculé à l'achat"
1998-06-03,16.6919,9798.pdf,SRC-007,"BRH — Banque de la République d'Haïti, taux de référence calculé à l'achat"
1998-06-04,16.6886,9798.pdf,SRC-007,"BRH — Banque de la République d'Haïti, taux de référence calculé à l'achat"
1998-06-05,16.6971,9798.pdf,SRC-007,"BRH — Banque de la République d'Haïti, taux de référence calculé à l'achat"
1998-06-08,16.6831,9798.pdf,SRC-007,"BRH — Banque de la République d'Haïti, taux de référence calculé à l'achat"
1998-06-09,16.6386,9798.pdf,SRC-007,"BRH — Banque de la République d'Haïti, taux de référence calculé à l'achat"
1998-06-10,16.6506,9798.pdf,SRC-007,"BRH — Banque de la République d'Haïti, taux de référence calculé à l'achat"
1998-06-12,16.6497,9798.pdf,SRC-007,"BRH — Banque de la République d'Haïti, taux de référence calculé à l'achat"
1998-06-15,16.6091,9798.pdf,SRC-007,"BRH — Banque de la République d'Haïti, taux de référence calculé à l'achat"
1998-06-16,16.5826,9798.pdf,SRC-007,"BRH — Banque de la République d'Haïti, taux de référence calculé à l'achat"
1998-06-17,16.529,9798.pdf,SRC-007,"BRH — Banque de la République d'Haïti, taux de référence calculé à l'achat"
1998-06-18,16.4714,9798.pdf,SRC-007,"BRH — Banque de la République d'Haïti, taux de référence calculé à l'achat"
1998-06-19,16.3901,9798.pdf,SRC-007,"BRH — Banque de la République d'Haïti, taux de référence calculé à l'achat"
1998-06-22,16.3829,9798.pdf,SRC-007,"BRH — Banque de la République d'Haïti, taux de référence calculé à l'achat"
1998-06-23,16.3022,9798.pdf,SRC-007,"BRH — Banque de la République d'Haïti, taux de référence calculé à l'achat"
1998-06-24,16.1595,9798.pdf,SRC-007,"BRH — Banque de la République d'Haïti, taux de référence calculé à l'achat"
1998-06-25,16.1194,9798.pdf,SRC-007,"BRH — Banque de la République d'Haïti, taux de référence calculé à l'achat"
1998-06-26,16.0467,9798.pdf,SRC-007,"BRH — Banque de la République d'Haïti, taux de référence calculé à l'achat"
1998-06-29,15.8906,9798.pdf,SRC-007,"BRH — Banque de la République d'Haïti, taux de référence calculé à l'achat"
1998-06-30,15.6646,9798.pdf,SRC-007,"BRH — Banque de la République d'Haïti, taux de référence calculé à l'achat"
1998-07-01,15.6237,9798.pdf,SRC-007,"BRH — Banque de la République d'Haïti, taux de référence calculé à l'achat"
1998-07-02,15.6211,9798.pdf,SRC-007,"BRH — Banque de la République d'Haïti, taux de référence calculé à l'achat"
1998-07-03,15.5325,9798.pdf,SRC-007,"BRH — Banque de la République d'Haïti, taux de référence calculé à l'achat"
1998-07-06,15.4865,9798.pdf,SRC-007,"BRH — Banque de la République d'Haïti, taux de référence calculé à l'achat"
1998-07-07,15.4405,9798.pdf,SRC-007,"BRH — Banque de la République d'Haïti, taux de référence calculé à l'achat"
1998-07-08,15.474,9798.pdf,SRC-007,"BRH — Banque de la République d'Haïti, taux de référence calculé à l'achat"
1998-07-09,15.4853,9798.pdf,SRC-007,"BRH — Banque de la République d'Haïti, taux de référence calculé à l'achat"
1998-07-10,15.5664,9798.pdf,SRC-007,"BRH — Banque de la République d'Haïti, taux de référence calculé à l'achat"
1998-07-13,15.753,9798.pdf,SRC-007,"BRH — Banque de la République d'Haïti, taux de référence calculé à l'achat"
1998-07-14,16.17,9798.pdf,SRC-007,"BRH — Banque de la République d'Haïti, taux de référence calculé à l'achat"
1998-07-15,16.4226,9798.pdf,SRC-007,"BRH — Banque de la République d'Haïti, taux de référence calculé à l'achat"
1998-07-16,16.3498,9798.pdf,SRC-007,"BRH — Banque de la République d'Haïti, taux de référence calculé à l'achat"
1998-07-17,16.6213,9798.pdf,SRC-007,"BRH — Banque de la République d'Haïti, taux de référence calculé à l'achat"
1998-07-20,16.6085,9798.pdf,SRC-007,"BRH — Banque de la République d'Haïti, taux de référence calculé à l'achat"
1998-07-21,16.6056,9798.pdf,SRC-007,"BRH — Banque de la République d'Haïti, taux de référence calculé à l'achat"
1998-07-22,16.5902,9798.pdf,SRC-007,"BRH — Banque de la République d'Haïti, taux de référence calculé à l'achat"
1998-07-23,16.5368,9798.pdf,SRC-007,"BRH — Banque de la République d'Haïti, taux de référence calculé à l'achat"
1998-07-24,16.4737,9798.pdf,SRC-007,"BRH — Banque de la République d'Haïti, taux de référence calculé à l'achat"
1998-07-27,16.4316,9798.pdf,SRC-007,"BRH — Banque de la République d'Haïti, taux de référence calculé à l'achat"
1998-07-28,16.2565,9798.pdf,SRC-007,"BRH — Banque de la République d'Haïti, taux de référence calculé à l'achat"
1998-07-29,16.2227,9798.pdf,SRC-007,"BRH — Banque de la République d'Haïti, taux de référence calculé à l'achat"
1998-07-30,16.1072,9798.pdf,SRC-007,"BRH — Banque de la République d'Haïti, taux de référence calculé à l'achat"
1998-07-31,16.067,9798.pdf,SRC-007,"BRH — Banque de la République d'Haïti, taux de référence calculé à l'achat"
1998-08-03,16.0532,9798.pdf,SRC-007,"BRH — Banque de la République d'Haïti, taux de référence calculé à l'achat"
1998-08-04,16.0095,9798.pdf,SRC-007,"BRH — Banque de la République d'Haïti, taux de référence calculé à l'achat"
1998-08-05,16.0096,9798.pdf,SRC-007,"BRH — Banque de la République d'Haïti, taux de référence calculé à l'achat"
1998-08-06,16.0461,9798.pdf,SRC-007,"BRH — Banque de la République d'Haïti, taux de référence calculé à l'achat"
1998-08-07,16.0764,9798.pdf,SRC-007,"BRH — Banque de la République d'Haïti, taux de référence calculé à l'achat"
1998-08-10,16.1476,9798.pdf,SRC-007,"BRH — Banque de la République d'Haïti, taux de référence calculé à l'achat"
1998-08-11,16.3505,9798.pdf,SRC-007,"BRH — Banque de la République d'Haïti, taux de référence calculé à l'achat"
1998-08-12,16.5863,9798.pdf,SRC-007,"BRH — Banque de la République d'Haïti, taux de référence calculé à l'achat"
1998-08-13,16.7586,9798.pdf,SRC-007,"BRH — Banque de la République d'Haïti, taux de référence calculé à l'achat"
1998-08-14,16.8238,9798.pdf,SRC-007,"BRH — Banque de la République d'Haïti, taux de référence calculé à l'achat"
1998-08-17,16.844,9798.pdf,SRC-007,"BRH — Banque de la République d'Haïti, taux de référence calculé à l'achat"
1998-08-18,16.8113,9798.pdf,SRC-007,"BRH — Banque de la République d'Haïti, taux de référence calculé à l'achat"
1998-08-19,16.7012,9798.pdf,SRC-007,"BRH — Banque de la République d'Haïti, taux de référence calculé à l'achat"
1998-08-20,16.6603,9798.pdf,SRC-007,"BRH — Banque de la République d'Haïti, taux de référence calculé à l'achat"
1998-08-21,16.4364,9798.pdf,SRC-007,"BRH — Banque de la République d'Haïti, taux de référence calculé à l'achat"
1998-08-24,16.3578,9798.pdf,SRC-007,"BRH — Banque de la République d'Haïti, taux de référence calculé à l'achat"
1998-08-25,16.2598,9798.pdf,SRC-007,"BRH — Banque de la République d'Haïti, taux de référence calculé à l'achat"
1998-08-26,16.3722,9798.pdf,SRC-007,"BRH — Banque de la République d'Haïti, taux de référence calculé à l'achat"
1998-08-27,16.4273,9798.pdf,SRC-007,"BRH — Banque de la République d'Haïti, taux de référence calculé à l'achat"
1998-08-28,16.4647,9798.pdf,SRC-007,"BRH — Banque de la République d'Haïti, taux de référence calculé à l'achat"
1998-08-31,16.5075,9798.pdf,SRC-007,"BRH — Banque de la République d'Haïti, taux de référence calculé à l'achat"
1998-09-01,16.4983,9798.pdf,SRC-007,"BRH — Banque de la République d'Haïti, taux de référence calculé à l'achat"
1998-09-02,16.5248,9798.pdf,SRC-007,"BRH — Banque de la République d'Haïti, taux de référence calculé à l'achat"
1998-09-03,16.5206,9798.pdf,SRC-007,"BRH — Banque de la République d'Haïti, taux de référence calculé à l'achat"
1998-09-04,16.5213,9798.pdf,SRC-007,"BRH — Banque de la République d'Haïti, taux de référence calculé à l'achat"
1998-09-07,16.5181,9798.pdf,SRC-007,"BRH — Banque de la République d'Haïti, taux de référence calculé à l'achat"
1998-09-08,16.6176,9798.pdf,SRC-007,"BRH — Banque de la République d'Haïti, taux de référence calculé à l'achat"
1998-09-09,16.781,9798.pdf,SRC-007,"BRH — Banque de la République d'Haïti, taux de référence calculé à l'achat"
1998-09-10,17.0306,9798.pdf,SRC-007,"BRH — Banque de la République d'Haïti, taux de référence calculé à l'achat"
1998-09-11,17.372,9798.pdf,SRC-007,"BRH — Banque de la République d'Haïti, taux de référence calculé à l'achat"
1998-09-14,17.0818,9798.pdf,SRC-007,"BRH — Banque de la République d'Haïti, taux de référence calculé à l'achat"
1998-09-15,16.9019,9798.pdf,SRC-007,"BRH — Banque de la République d'Haïti, taux de référence calculé à l'achat"
1998-09-16,16.7824,9798.pdf,SRC-007,"BRH — Banque de la République d'Haïti, taux de référence calculé à l'achat"
1998-09-17,16.6981,9798.pdf,SRC-007,"BRH — Banque de la République d'Haïti, taux de référence calculé à l'achat"
1998-09-18,16.7151,9798.pdf,SRC-007,"BRH — Banque de la République d'Haïti, taux de référence calculé à l'achat"
1998-09-21,16.8102,9798.pdf,SRC-007,"BRH — Banque de la République d'Haïti, taux de référence calculé à l'achat"
1998-09-22,16.8376,9798.pdf,SRC-007,"BRH — Banque de la République d'Haïti, taux de référence calculé à l'achat"
1998-09-24,16.8495,9798.pdf,SRC-007,"BRH — Banque de la République d'Haïti, taux de référence calculé à l'achat"
1998-09-25,16.8317,9798.pdf,SRC-007,"BRH — Banque de la République d'Haïti, taux de référence calculé à l'achat"
1998-09-28,16.8147,9798.pdf,SRC-007,"BRH — Banque de la République d'Haïti, taux de référence calculé à l'achat"
1998-09-29,16.8282,9798.pdf,SRC-007,"BRH — Banque de la République d'Haïti, taux de référence calculé à l'achat"
1998-09-30,16.8475,9798.pdf,SRC-007,"BRH — Banque de la République d'Haïti, taux de référence calculé à l'achat"
1998-10-01,16.8691,9899.pdf,SRC-007,"BRH — Banque de la République d'Haïti, taux de référence calculé à l'achat"
1998-10-02,16.886,9899.pdf,SRC-007,"BRH — Banque de la République d'Haïti, taux de référence calculé à l'achat"
1998-10-05,16.8306,9899.pdf,SRC-007,"BRH — Banque de la République d'Haïti, taux de référence calculé à l'achat"
1998-10-06,16.7345,9899.pdf,SRC-007,"BRH — Banque de la République d'Haïti, taux de référence calculé à l'achat"
1998-10-07,16.7161,9899.pdf,SRC-007,"BRH — Banque de la République d'Haïti, taux de référence calculé à l'achat"
1998-10-08,16.7136,9899.pdf,SRC-007,"BRH — Banque de la République d'Haïti, taux de référence calculé à l'achat"
1998-10-09,16.7467,9899.pdf,SRC-007,"BRH — Banque de la République d'Haïti, taux de référence calculé à l'achat"
1998-10-12,16.6479,9899.pdf,SRC-007,"BRH — Banque de la République d'Haïti, taux de référence calculé à l'achat"
1998-10-13,16.6128,9899.pdf,SRC-007,"BRH — Banque de la République d'Haïti, taux de référence calculé à l'achat"
1998-10-14,16.6335,9899.pdf,SRC-007,"BRH — Banque de la République d'Haïti, taux de référence calculé à l'achat"
1998-10-15,16.5111,9899.pdf,SRC-007,"BRH — Banque de la République d'Haïti, taux de référence calculé à l'achat"
1998-10-16,16.5122,9899.pdf,SRC-007,"BRH — Banque de la République d'Haïti, taux de référence calculé à l'achat"
1998-10-19,16.6451,9899.pdf,SRC-007,"BRH — Banque de la République d'Haïti, taux de référence calculé à l'achat"
1998-10-20,16.6256,9899.pdf,SRC-007,"BRH — Banque de la République d'Haïti, taux de référence calculé à l'achat"
1998-10-21,16.6613,9899.pdf,SRC-007,"BRH — Banque de la République d'Haïti, taux de référence calculé à l'achat"
1998-10-22,16.6236,9899.pdf,SRC-007,"BRH — Banque de la République d'Haïti, taux de référence calculé à l'achat"
1998-10-23,16.586,9899.pdf,SRC-007,"BRH — Banque de la République d'Haïti, taux de référence calculé à l'achat"
1998-10-26,16.5171,9899.pdf,SRC-007,"BRH — Banque de la République d'Haïti, taux de référence calculé à l'achat"
1998-10-27,16.4565,9899.pdf,SRC-007,"BRH — Banque de la République d'Haïti, taux de référence calculé à l'achat"
1998-10-28,16.4114,9899.pdf,SRC-007,"BRH — Banque de la République d'Haïti, taux de référence calculé à l'achat"
1998-10-29,16.2695,9899.pdf,SRC-007,"BRH — Banque de la République d'Haïti, taux de référence calculé à l'achat"
1998-10-30,16.3043,9899.pdf,SRC-007,"BRH — Banque de la République d'Haïti, taux de référence calculé à l'achat"
1998-11-03,16.4949,9899.pdf,SRC-007,"BRH — Banque de la République d'Haïti, taux de référence calculé à l'achat"
1998-11-04,16.4907,9899.pdf,SRC-007,"BRH — Banque de la République d'Haïti, taux de référence calculé à l'achat"
1998-11-05,16.5018,9899.pdf,SRC-007,"BRH — Banque de la République d'Haïti, taux de référence calculé à l'achat"
1998-11-06,16.5144,9899.pdf,SRC-007,"BRH — Banque de la République d'Haïti, taux de référence calculé à l'achat"
1998-11-09,16.51,9899.pdf,SRC-007,"BRH — Banque de la République d'Haïti, taux de référence calculé à l'achat"
1998-11-10,16.4858,9899.pdf,SRC-007,"BRH — Banque de la République d'Haïti, taux de référence calculé à l'achat"
1998-11-11,16.5549,9899.pdf,SRC-007,"BRH — Banque de la République d'Haïti, taux de référence calculé à l'achat"
1998-11-12,16.6302,9899.pdf,SRC-007,"BRH — Banque de la République d'Haïti, taux de référence calculé à l'achat"
1998-11-13,16.7144,9899.pdf,SRC-007,"BRH — Banque de la République d'Haïti, taux de référence calculé à l'achat"
1998-11-16,16.6972,9899.pdf,SRC-007,"BRH — Banque de la République d'Haïti, taux de référence calculé à l'achat"
1998-11-17,16.8282,9899.pdf,SRC-007,"BRH — Banque de la République d'Haïti, taux de référence calculé à l'achat"
1998-11-19,16.8858,9899.pdf,SRC-007,"BRH — Banque de la République d'Haïti, taux de référence calculé à l'achat"
1998-11-20,16.8766,9899.pdf,SRC-007,"BRH — Banque de la République d'Haïti, taux de référence calculé à l'achat"
1998-11-23,16.8533,9899.pdf,SRC-007,"BRH — Banque de la République d'Haïti, taux de référence calculé à l'achat"
1998-11-24,16.7589,9899.pdf,SRC-007,"BRH — Banque de la République d'Haïti, taux de référence calculé à l'achat"
1998-11-25,16.7192,9899.pdf,SRC-007,"BRH — Banque de la République d'Haïti, taux de référence calculé à l'achat"
1998-11-26,16.5869,9899.pdf,SRC-007,"BRH — Banque de la République d'Haïti, taux de référence calculé à l'achat"
1998-11-27,16.6285,9899.pdf,SRC-007,"BRH — Banque de la République d'Haïti, taux de référence calculé à l'achat"
1998-11-30,16.5948,9899.pdf,SRC-007,"BRH — Banque de la République d'Haïti, taux de référence calculé à l'achat"
1998-12-01,16.6975,9899.pdf,SRC-007,"BRH — Banque de la République d'Haïti, taux de référence calculé à l'achat"
1998-12-02,16.6606,9899.pdf,SRC-007,"BRH — Banque de la République d'Haïti, taux de référence calculé à l'achat"
1998-12-03,16.6044,9899.pdf,SRC-007,"BRH — Banque de la République d'Haïti, taux de référence calculé à l'achat"
1998-12-04,16.5875,9899.pdf,SRC-007,"BRH — Banque de la République d'Haïti, taux de référence calculé à l'achat"
1998-12-07,16.5656,9899.pdf,SRC-007,"BRH — Banque de la République d'Haïti, taux de référence calculé à l'achat"
1998-12-08,16.5296,9899.pdf,SRC-007,"BRH — Banque de la République d'Haïti, taux de référence calculé à l'achat"
1998-12-09,16.4795,9899.pdf,SRC-007,"BRH — Banque de la République d'Haïti, taux de référence calculé à l'achat"
1998-12-10,16.3901,9899.pdf,SRC-007,"BRH — Banque de la République d'Haïti, taux de référence calculé à l'achat"
1998-12-11,16.1542,9899.pdf,SRC-007,"BRH — Banque de la République d'Haïti, taux de référence calculé à l'achat"
1998-12-14,16.1893,9899.pdf,SRC-007,"BRH — Banque de la République d'Haïti, taux de référence calculé à l'achat"
1998-12-15,16.2195,9899.pdf,SRC-007,"BRH — Banque de la République d'Haïti, taux de référence calculé à l'achat"
1998-12-16,16.3045,9899.pdf,SRC-007,"BRH — Banque de la République d'Haïti, taux de référence calculé à l'achat"
1998-12-17,16.4371,9899.pdf,SRC-007,"BRH — Banque de la République d'Haïti, taux de référence calculé à l'achat"
1998-12-18,16.3338,9899.pdf,SRC-007,"BRH — Banque de la République d'Haïti, taux de référence calculé à l'achat"
1998-12-21,16.2657,9899.pdf,SRC-007,"BRH — Banque de la République d'Haïti, taux de référence calculé à l'achat"
1998-12-22,16.2431,9899.pdf,SRC-007,"BRH — Banque de la République d'Haïti, taux de référence calculé à l'achat"
1998-12-23,16.242,9899.pdf,SRC-007,"BRH — Banque de la République d'Haïti, taux de référence calculé à l'achat"
1998-12-24,16.316,9899.pdf,SRC-007,"BRH — Banque de la République d'Haïti, taux de référence calculé à l'achat"
1998-12-28,16.3106,9899.pdf,SRC-007,"BRH — Banque de la République d'Haïti, taux de référence calculé à l'achat"
1998-12-29,16.3317,9899.pdf,SRC-007,"BRH — Banque de la République d'Haïti, taux de référence calculé à l'achat"
1998-12-30,16.4459,9899.pdf,SRC-007,"BRH — Banque de la République d'Haïti, taux de référence calculé à l'achat"
1998-12-31,16.5046,9899.pdf,SRC-007,"BRH — Banque de la République d'Haïti, taux de référence calculé à l'achat"
1999-01-04,16.5094,9899.pdf,SRC-007,"BRH — Banque de la République d'Haïti, taux de référence calculé à l'achat"
1999-01-05,16.5175,9899.pdf,SRC-007,"BRH — Banque de la République d'Haïti, taux de référence calculé à l'achat"
1999-01-06,16.5386,9899.pdf,SRC-007,"BRH — Banque de la République d'Haïti, taux de référence calculé à l'achat"
1999-01-07,16.5475,9899.pdf,SRC-007,"BRH — Banque de la République d'Haïti, taux de référence calculé à l'achat"
1999-01-08,16.6323,9899.pdf,SRC-007,"BRH — Banque de la République d'Haïti, taux de référence calculé à l'achat"
1999-01-11,16.7304,9899.pdf,SRC-007,"BRH — Banque de la République d'Haïti, taux de référence calculé à l'achat"
1999-01-12,16.8227,9899.pdf,SRC-007,"BRH — Banque de la République d'Haïti, taux de référence calculé à l'achat"
1999-01-13,16.8507,9899.pdf,SRC-007,"BRH — Banque de la République d'Haïti, taux de référence calculé à l'achat"
1999-01-14,16.8946,9899.pdf,SRC-007,"BRH — Banque de la République d'Haïti, taux de référence calculé à l'achat"
1999-01-15,16.9133,9899.pdf,SRC-007,"BRH — Banque de la République d'Haïti, taux de référence calculé à l'achat"
1999-01-18,16.8868,9899.pdf,SRC-007,"BRH — Banque de la République d'Haïti, taux de référence calculé à l'achat"
1999-01-19,16.8601,9899.pdf,SRC-007,"BRH — Banque de la République d'Haïti, taux de référence calculé à l'achat"
1999-01-20,16.7832,9899.pdf,SRC-007,"BRH — Banque de la République d'Haïti, taux de référence calculé à l'achat"
1999-01-21,16.7937,9899.pdf,SRC-007,"BRH — Banque de la République d'Haïti, taux de référence calculé à l'achat"
1999-01-22,16.7751,9899.pdf,SRC-007,"BRH — Banque de la République d'Haïti, taux de référence calculé à l'achat"
1999-01-26,16.7522,9899.pdf,SRC-007,"BRH — Banque de la République d'Haïti, taux de référence calculé à l'achat"
1999-01-27,16.7461,9899.pdf,SRC-007,"BRH — Banque de la République d'Haïti, taux de référence calculé à l'achat"
1999-01-28,16.7656,9899.pdf,SRC-007,"BRH — Banque de la République d'Haïti, taux de référence calculé à l'achat"
1999-01-29,16.7778,9899.pdf,SRC-007,"BRH — Banque de la République d'Haïti, taux de référence calculé à l'achat"
1999-02-01,16.7847,9899.pdf,SRC-007,"BRH — Banque de la République d'Haïti, taux de référence calculé à l'achat"
1999-02-02,16.7531,9899.pdf,SRC-007,"BRH — Banque de la République d'Haïti, taux de référence calculé à l'achat"
1999-02-03,16.7606,9899.pdf,SRC-007,"BRH — Banque de la République d'Haïti, taux de référence calculé à l'achat"
1999-02-04,16.7623,9899.pdf,SRC-007,"BRH — Banque de la République d'Haïti, taux de référence calculé à l'achat"
1999-02-05,16.7883,9899.pdf,SRC-007,"BRH — Banque de la République d'Haïti, taux de référence calculé à l'achat"
1999-02-08,16.785,9899.pdf,SRC-007,"BRH — Banque de la République d'Haïti, taux de référence calculé à l'achat"
1999-02-09,16.7506,9899.pdf,SRC-007,"BRH — Banque de la République d'Haïti, taux de référence calculé à l'achat"
1999-02-10,16.7939,9899.pdf,SRC-007,"BRH — Banque de la République d'Haïti, taux de référence calculé à l'achat"
1999-02-11,16.8183,9899.pdf,SRC-007,"BRH — Banque de la République d'Haïti, taux de référence calculé à l'achat"
1999-02-12,16.8341,9899.pdf,SRC-007,"BRH — Banque de la République d'Haïti, taux de référence calculé à l'achat"
1999-02-18,16.7962,9899.pdf,SRC-007,"BRH — Banque de la République d'Haïti, taux de référence calculé à l'achat"
1999-02-19,16.7967,9899.pdf,SRC-007,"BRH — Banque de la République d'Haïti, taux de référence calculé à l'achat"
1999-02-22,16.8032,9899.pdf,SRC-007,"BRH — Banque de la République d'Haïti, taux de référence calculé à l'achat"
1999-02-23,16.8129,9899.pdf,SRC-007,"BRH — Banque de la République d'Haïti, taux de référence calculé à l'achat"
1999-02-24,16.8804,9899.pdf,SRC-007,"BRH — Banque de la République d'Haïti, taux de référence calculé à l'achat"
1999-02-25,16.9236,9899.pdf,SRC-007,"BRH — Banque de la République d'Haïti, taux de référence calculé à l'achat"
1999-02-26,16.8943,9899.pdf,SRC-007,"BRH — Banque de la République d'Haïti, taux de référence calculé à l'achat"
1999-03-01,16.8971,9899.pdf,SRC-007,"BRH — Banque de la République d'Haïti, taux de référence calculé à l'achat"
1999-03-02,16.8546,9899.pdf,SRC-007,"BRH — Banque de la République d'Haïti, taux de référence calculé à l'achat"
1999-03-03,16.8282,9899.pdf,SRC-007,"BRH — Banque de la République d'Haïti, taux de référence calculé à l'achat"
1999-03-04,16.823,9899.pdf,SRC-007,"BRH — Banque de la République d'Haïti, taux de référence calculé à l'achat"
1999-03-05,16.8135,9899.pdf,SRC-007,"BRH — Banque de la République d'Haïti, taux de référence calculé à l'achat"
1999-03-08,16.8037,9899.pdf,SRC-007,"BRH — Banque de la République d'Haïti, taux de référence calculé à l'achat"
1999-03-09,16.7707,9899.pdf,SRC-007,"BRH — Banque de la République d'Haïti, taux de référence calculé à l'achat"
1999-03-10,16.7599,9899.pdf,SRC-007,"BRH — Banque de la République d'Haïti, taux de référence calculé à l'achat"
1999-03-11,16.7554,9899.pdf,SRC-007,"BRH — Banque de la République d'Haïti, taux de référence calculé à l'achat"
1999-03-12,16.7918,9899.pdf,SRC-007,"BRH — Banque de la République d'Haïti, taux de référence calculé à l'achat"
1999-03-15,16.7718,9899.pdf,SRC-007,"BRH — Banque de la République d'Haïti, taux de référence calculé à l'achat"
1999-03-16,16.7843,9899.pdf,SRC-007,"BRH — Banque de la République d'Haïti, taux de référence calculé à l'achat"
1999-03-17,16.7967,9899.pdf,SRC-007,"BRH — Banque de la République d'Haïti, taux de référence calculé à l'achat"
1999-03-18,16.8188,9899.pdf,SRC-007,"BRH — Banque de la République d'Haïti, taux de référence calculé à l'achat"
1999-03-19,16.7973,9899.pdf,SRC-007,"BRH — Banque de la République d'Haïti, taux de référence calculé à l'achat"
1999-03-22,16.8105,9899.pdf,SRC-007,"BRH — Banque de la République d'Haïti, taux de référence calculé à l'achat"
1999-03-23,16.813,9899.pdf,SRC-007,"BRH — Banque de la République d'Haïti, taux de référence calculé à l'achat"
1999-03-24,16.7694,9899.pdf,SRC-007,"BRH — Banque de la République d'Haïti, taux de référence calculé à l'achat"
1999-03-25,16.7806,9899.pdf,SRC-007,"BRH — Banque de la République d'Haïti, taux de référence calculé à l'achat"
1999-03-26,16.7598,9899.pdf,SRC-007,"BRH — Banque de la République d'Haïti, taux de référence calculé à l'achat"
1999-03-29,16.7227,9899.pdf,SRC-007,"BRH — Banque de la République d'Haïti, taux de référence calculé à l'achat"
1999-03-30,16.7306,9899.pdf,SRC-007,"BRH — Banque de la République d'Haïti, taux de référence calculé à l'achat"
1999-03-31,16.6816,9899.pdf,SRC-007,"BRH — Banque de la République d'Haïti, taux de référence calculé à l'achat"
1999-04-01,16.6687,9899.pdf,SRC-007,"BRH — Banque de la République d'Haïti, taux de référence calculé à l'achat"
1999-04-05,16.6588,9899.pdf,SRC-007,"BRH — Banque de la République d'Haïti, taux de référence calculé à l'achat"
1999-04-06,16.6725,9899.pdf,SRC-007,"BRH — Banque de la République d'Haïti, taux de référence calculé à l'achat"
1999-04-07,16.6913,9899.pdf,SRC-007,"BRH — Banque de la République d'Haïti, taux de référence calculé à l'achat"
1999-04-08,16.688,9899.pdf,SRC-007,"BRH — Banque de la République d'Haïti, taux de référence calculé à l'achat"
1999-04-09,16.6825,9899.pdf,SRC-007,"BRH — Banque de la République d'Haïti, taux de référence calculé à l'achat"
1999-04-12,16.6783,9899.pdf,SRC-007,"BRH — Banque de la République d'Haïti, taux de référence calculé à l'achat"
1999-04-13,16.6749,9899.pdf,SRC-007,"BRH — Banque de la République d'Haïti, taux de référence calculé à l'achat"
1999-04-14,16.6914,9899.pdf,SRC-007,"BRH — Banque de la République d'Haïti, taux de référence calculé à l'achat"
1999-04-15,16.7294,9899.pdf,SRC-007,"BRH — Banque de la République d'Haïti, taux de référence calculé à l'achat"
1999-04-16,16.8443,9899.pdf,SRC-007,"BRH — Banque de la République d'Haïti, taux de référence calculé à l'achat"
1999-04-19,16.8173,9899.pdf,SRC-007,"BRH — Banque de la République d'Haïti, taux de référence calculé à l'achat"
1999-04-20,16.7709,9899.pdf,SRC-007,"BRH — Banque de la République d'Haïti, taux de référence calculé à l'achat"
1999-04-21,16.715,9899.pdf,SRC-007,"BRH — Banque de la République d'Haïti, taux de référence calculé à l'achat"
1999-04-22,16.6865,9899.pdf,SRC-007,"BRH — Banque de la République d'Haïti, taux de référence calculé à l'achat"
1999-04-23,16.6652,9899.pdf,SRC-007,"BRH — Banque de la République d'Haïti, taux de référence calculé à l'achat"
1999-04-26,16.6029,9899.pdf,SRC-007,"BRH — Banque de la République d'Haïti, taux de référence calculé à l'achat"
1999-04-27,16.6795,9899.pdf,SRC-007,"BRH — Banque de la République d'Haïti, taux de référence calculé à l'achat"
1999-04-28,16.6833,9899.pdf,SRC-007,"BRH — Banque de la République d'Haïti, taux de référence calculé à l'achat"
1999-04-29,16.6778,9899.pdf,SRC-007,"BRH — Banque de la République d'Haïti, taux de référence calculé à l'achat"
1999-04-30,16.6876,9899.pdf,SRC-007,"BRH — Banque de la République d'Haïti, taux de référence calculé à l'achat"
1999-05-03,16.6709,9899.pdf,SRC-007,"BRH — Banque de la République d'Haïti, taux de référence calculé à l'achat"
1999-05-04,16.6784,9899.pdf,SRC-007,"BRH — Banque de la République d'Haïti, taux de référence calculé à l'achat"
1999-05-05,16.6869,9899.pdf,SRC-007,"BRH — Banque de la République d'Haïti, taux de référence calculé à l'achat"
1999-05-06,16.6819,9899.pdf,SRC-007,"BRH — Banque de la République d'Haïti, taux de référence calculé à l'achat"
1999-05-07,16.6893,9899.pdf,SRC-007,"BRH — Banque de la République d'Haïti, taux de référence calculé à l'achat"
1999-05-10,16.6774,9899.pdf,SRC-007,"BRH — Banque de la République d'Haïti, taux de référence calculé à l'achat"
1999-05-11,16.6678,9899.pdf,SRC-007,"BRH — Banque de la République d'Haïti, taux de référence calculé à l'achat"
1999-05-12,16.6784,9899.pdf,SRC-007,"BRH — Banque de la République d'Haïti, taux de référence calculé à l'achat"
1999-05-13,16.6834,9899.pdf,SRC-007,"BRH — Banque de la République d'Haïti, taux de référence calculé à l'achat"
1999-05-14,16.71,9899.pdf,SRC-007,"BRH — Banque de la République d'Haïti, taux de référence calculé à l'achat"
1999-05-17,16.6924,9899.pdf,SRC-007,"BRH — Banque de la République d'Haïti, taux de référence calculé à l'achat"
1999-05-19,16.7003,9899.pdf,SRC-007,"BRH — Banque de la République d'Haïti, taux de référence calculé à l'achat"
1999-05-20,16.6973,9899.pdf,SRC-007,"BRH — Banque de la République d'Haïti, taux de référence calculé à l'achat"
1999-05-21,16.7061,9899.pdf,SRC-007,"BRH — Banque de la République d'Haïti, taux de référence calculé à l'achat"
1999-05-24,16.6957,9899.pdf,SRC-007,"BRH — Banque de la République d'Haïti, taux de référence calculé à l'achat"
1999-05-25,16.6944,9899.pdf,SRC-007,"BRH — Banque de la République d'Haïti, taux de référence calculé à l'achat"
1999-05-26,16.6915,9899.pdf,SRC-007,"BRH — Banque de la République d'Haïti, taux de référence calculé à l'achat"
1999-05-27,16.685,9899.pdf,SRC-007,"BRH — Banque de la République d'Haïti, taux de référence calculé à l'achat"
1999-05-28,16.6952,9899.pdf,SRC-007,"BRH — Banque de la République d'Haïti, taux de référence calculé à l'achat"
1999-05-31,16.699,9899.pdf,SRC-007,"BRH — Banque de la République d'Haïti, taux de référence calculé à l'achat"
1999-06-01,16.7111,9899.pdf,SRC-007,"BRH — Banque de la République d'Haïti, taux de référence calculé à l'achat"
1999-06-02,16.7099,9899.pdf,SRC-007,"BRH — Banque de la République d'Haïti, taux de référence calculé à l'achat"
1999-06-03,16.6938,9899.pdf,SRC-007,"BRH — Banque de la République d'Haïti, taux de référence calculé à l'achat"
1999-06-04,16.6938,9899.pdf,SRC-007,"BRH — Banque de la République d'Haïti, taux de référence calculé à l'achat"
1999-06-07,16.7064,9899.pdf,SRC-007,"BRH — Banque de la République d'Haïti, taux de référence calculé à l'achat"
1999-06-08,16.6702,9899.pdf,SRC-007,"BRH — Banque de la République d'Haïti, taux de référence calculé à l'achat"
1999-06-09,16.7078,9899.pdf,SRC-007,"BRH — Banque de la République d'Haïti, taux de référence calculé à l'achat"
1999-06-10,16.6891,9899.pdf,SRC-007,"BRH — Banque de la République d'Haïti, taux de référence calculé à l'achat"
1999-06-11,16.7002,9899.pdf,SRC-007,"BRH — Banque de la République d'Haïti, taux de référence calculé à l'achat"
1999-06-14,16.6816,9899.pdf,SRC-007,"BRH — Banque de la République d'Haïti, taux de référence calculé à l'achat"
1999-06-15,16.6878,9899.pdf,SRC-007,"BRH — Banque de la République d'Haïti, taux de référence calculé à l'achat"
1999-06-16,16.6861,9899.pdf,SRC-007,"BRH — Banque de la République d'Haïti, taux de référence calculé à l'achat"
1999-06-17,16.6913,9899.pdf,SRC-007,"BRH — Banque de la République d'Haïti, taux de référence calculé à l'achat"
1999-06-18,16.6871,9899.pdf,SRC-007,"BRH — Banque de la République d'Haïti, taux de référence calculé à l'achat"
1999-06-21,16.6867,9899.pdf,SRC-007,"BRH — Banque de la République d'Haïti, taux de référence calculé à l'achat"
1999-06-22,16.6865,9899.pdf,SRC-007,"BRH — Banque de la République d'Haïti, taux de référence calculé à l'achat"
1999-06-23,16.6866,9899.pdf,SRC-007,"BRH — Banque de la République d'Haïti, taux de référence calculé à l'achat"
1999-06-24,16.6763,9899.pdf,SRC-007,"BRH — Banque de la République d'Haïti, taux de référence calculé à l'achat"
1999-06-25,16.6887,9899.pdf,SRC-007,"BRH — Banque de la République d'Haïti, taux de référence calculé à l'achat"
1999-06-28,16.7063,9899.pdf,SRC-007,"BRH — Banque de la République d'Haïti, taux de référence calculé à l'achat"
1999-06-29,16.7156,9899.pdf,SRC-007,"BRH — Banque de la République d'Haïti, taux de référence calculé à l'achat"
1999-06-30,16.7046,9899.pdf,SRC-007,"BRH — Banque de la République d'Haïti, taux de référence calculé à l'achat"
1999-07-01,16.7124,9899.pdf,SRC-007,"BRH — Banque de la République d'Haïti, taux de référence calculé à l'achat"
1999-07-02,16.7131,9899.pdf,SRC-007,"BRH — Banque de la République d'Haïti, taux de référence calculé à l'achat"
1999-07-05,16.7308,9899.pdf,SRC-007,"BRH — Banque de la République d'Haïti, taux de référence calculé à l'achat"
1999-07-06,16.7145,9899.pdf,SRC-007,"BRH — Banque de la République d'Haïti, taux de référence calculé à l'achat"
1999-07-07,16.7092,9899.pdf,SRC-007,"BRH — Banque de la République d'Haïti, taux de référence calculé à l'achat"
1999-07-08,16.7051,9899.pdf,SRC-007,"BRH — Banque de la République d'Haïti, taux de référence calculé à l'achat"
1999-07-09,16.7378,9899.pdf,SRC-007,"BRH — Banque de la République d'Haïti, taux de référence calculé à l'achat"
1999-07-12,16.7321,9899.pdf,SRC-007,"BRH — Banque de la République d'Haïti, taux de référence calculé à l'achat"
1999-07-13,16.7145,9899.pdf,SRC-007,"BRH — Banque de la République d'Haïti, taux de référence calculé à l'achat"
1999-07-14,16.7526,9899.pdf,SRC-007,"BRH — Banque de la République d'Haïti, taux de référence calculé à l'achat"
1999-07-15,16.7458,9899.pdf,SRC-007,"BRH — Banque de la République d'Haïti, taux de référence calculé à l'achat"
1999-07-16,16.7688,9899.pdf,SRC-007,"BRH — Banque de la République d'Haïti, taux de référence calculé à l'achat"
1999-07-19,16.8087,9899.pdf,SRC-007,"BRH — Banque de la République d'Haïti, taux de référence calculé à l'achat"
1999-07-20,16.8323,9899.pdf,SRC-007,"BRH — Banque de la République d'Haïti, taux de référence calculé à l'achat"
1999-07-21,16.8934,9899.pdf,SRC-007,"BRH — Banque de la République d'Haïti, taux de référence calculé à l'achat"
1999-07-22,16.8583,9899.pdf,SRC-007,"BRH — Banque de la République d'Haïti, taux de référence calculé à l'achat"
1999-07-23,16.9181,9899.pdf,SRC-007,"BRH — Banque de la République d'Haïti, taux de référence calculé à l'achat"
1999-07-26,16.8871,9899.pdf,SRC-007,"BRH — Banque de la République d'Haïti, taux de référence calculé à l'achat"
1999-07-27,16.8886,9899.pdf,SRC-007,"BRH — Banque de la République d'Haïti, taux de référence calculé à l'achat"
1999-07-28,16.8508,9899.pdf,SRC-007,"BRH — Banque de la République d'Haïti, taux de référence calculé à l'achat"
1999-07-29,16.8534,9899.pdf,SRC-007,"BRH — Banque de la République d'Haïti, taux de référence calculé à l'achat"
1999-07-30,16.8242,9899.pdf,SRC-007,"BRH — Banque de la République d'Haïti, taux de référence calculé à l'achat"
1999-08-02,16.7944,9899.pdf,SRC-007,"BRH — Banque de la République d'Haïti, taux de référence calculé à l'achat"
1999-08-03,16.7675,9899.pdf,SRC-007,"BRH — Banque de la République d'Haïti, taux de référence calculé à l'achat"
1999-08-04,16.7434,9899.pdf,SRC-007,"BRH — Banque de la République d'Haïti, taux de référence calculé à l'achat"
1999-08-05,16.7176,9899.pdf,SRC-007,"BRH — Banque de la République d'Haïti, taux de référence calculé à l'achat"
1999-08-06,16.7085,9899.pdf,SRC-007,"BRH — Banque de la République d'Haïti, taux de référence calculé à l'achat"
1999-08-09,16.7013,9899.pdf,SRC-007,"BRH — Banque de la République d'Haïti, taux de référence calculé à l'achat"
1999-08-10,16.6941,9899.pdf,SRC-007,"BRH — Banque de la République d'Haïti, taux de référence calculé à l'achat"
1999-08-11,16.6779,9899.pdf,SRC-007,"BRH — Banque de la République d'Haïti, taux de référence calculé à l'achat"
1999-08-12,16.7156,9899.pdf,SRC-007,"BRH — Banque de la République d'Haïti, taux de référence calculé à l'achat"
1999-08-13,16.7187,9899.pdf,SRC-007,"BRH — Banque de la République d'Haïti, taux de référence calculé à l'achat"
1999-08-16,16.7187,9899.pdf,SRC-007,"BRH — Banque de la République d'Haïti, taux de référence calculé à l'achat"
1999-08-17,16.7635,9899.pdf,SRC-007,"BRH — Banque de la République d'Haïti, taux de référence calculé à l'achat"
1999-08-18,16.7746,9899.pdf,SRC-007,"BRH — Banque de la République d'Haïti, taux de référence calculé à l'achat"
1999-08-19,16.7623,9899.pdf,SRC-007,"BRH — Banque de la République d'Haïti, taux de référence calculé à l'achat"
1999-08-20,16.7945,9899.pdf,SRC-007,"BRH — Banque de la République d'Haïti, taux de référence calculé à l'achat"
1999-08-23,16.7586,9899.pdf,SRC-007,"BRH — Banque de la République d'Haïti, taux de référence calculé à l'achat"
1999-08-24,16.7513,9899.pdf,SRC-007,"BRH — Banque de la République d'Haïti, taux de référence calculé à l'achat"
1999-08-25,16.7629,9899.pdf,SRC-007,"BRH — Banque de la République d'Haïti, taux de référence calculé à l'achat"
1999-08-26,16.7612,9899.pdf,SRC-007,"BRH — Banque de la République d'Haïti, taux de référence calculé à l'achat"
1999-08-27,16.7561,9899.pdf,SRC-007,"BRH — Banque de la République d'Haïti, taux de référence calculé à l'achat"
1999-08-30,16.7951,9899.pdf,SRC-007,"BRH — Banque de la République d'Haïti, taux de référence calculé à l'achat"
1999-08-31,16.7961,9899.pdf,SRC-007,"BRH — Banque de la République d'Haïti, taux de référence calculé à l'achat"
1999-09-01,16.8074,9899.pdf,SRC-007,"BRH — Banque de la République d'Haïti, taux de référence calculé à l'achat"
1999-09-02,16.8019,9899.pdf,SRC-007,"BRH — Banque de la République d'Haïti, taux de référence calculé à l'achat"
1999-09-03,16.8202,9899.pdf,SRC-007,"BRH — Banque de la République d'Haïti, taux de référence calculé à l'achat"
1999-09-06,16.836,9899.pdf,SRC-007,"BRH — Banque de la République d'Haïti, taux de référence calculé à l'achat"
1999-09-07,16.869,9899.pdf,SRC-007,"BRH — Banque de la République d'Haïti, taux de référence calculé à l'achat"
1999-09-08,16.9041,9899.pdf,SRC-007,"BRH — Banque de la République d'Haïti, taux de référence calculé à l'achat"
1999-09-09,16.8416,9899.pdf,SRC-007,"BRH — Banque de la République d'Haïti, taux de référence calculé à l'achat"
1999-09-10,16.885,9899.pdf,SRC-007,"BRH — Banque de la République d'Haïti, taux de référence calculé à l'achat"
1999-09-13,16.8569,9899.pdf,SRC-007,"BRH — Banque de la République d'Haïti, taux de référence calculé à l'achat"
1999-09-14,16.8731,9899.pdf,SRC-007,"BRH — Banque de la République d'Haïti, taux de référence calculé à l'achat"
1999-09-15,16.8769,9899.pdf,SRC-007,"BRH — Banque de la République d'Haïti, taux de référence calculé à l'achat"
1999-09-16,16.9024,9899.pdf,SRC-007,"BRH — Banque de la République d'Haïti, taux de référence calculé à l'achat"
1999-09-17,16.9795,9899.pdf,SRC-007,"BRH — Banque de la République d'Haïti, taux de référence calculé à l'achat"
1999-09-20,16.964,9899.pdf,SRC-007,"BRH — Banque de la République d'Haïti, taux de référence calculé à l'achat"
1999-09-21,16.9486,9899.pdf,SRC-007,"BRH — Banque de la République d'Haïti, taux de référence calculé à l'achat"
1999-09-22,17.0105,9899.pdf,SRC-007,"BRH — Banque de la République d'Haïti, taux de référence calculé à l'achat"
1999-09-23,16.9445,9899.pdf,SRC-007,"BRH — Banque de la République d'Haïti, taux de référence calculé à l'achat"
1999-09-24,16.9904,9899.pdf,SRC-007,"BRH — Banque de la République d'Haïti, taux de référence calculé à l'achat"
1999-09-27,16.9398,9899.pdf,SRC-007,"BRH — Banque de la République d'Haïti, taux de référence calculé à l'achat"
1999-09-28,16.9123,9899.pdf,SRC-007,"BRH — Banque de la République d'Haïti, taux de référence calculé à l'achat"
1999-09-29,16.931,9899.pdf,SRC-007,"BRH — Banque de la République d'Haïti, taux de référence calculé à l'achat"
1999-09-30,16.9411,9899.pdf,SRC-007,"BRH — Banque de la République d'Haïti, taux de référence calculé à l'achat"
1999-10-01,16.9682,9900.pdf,SRC-007,"BRH — Banque de la République d'Haïti, taux de référence calculé à l'achat"
1999-10-04,16.9677,9900.pdf,SRC-007,"BRH — Banque de la République d'Haïti, taux de référence calculé à l'achat"
1999-10-05,16.9528,9900.pdf,SRC-007,"BRH — Banque de la République d'Haïti, taux de référence calculé à l'achat"
1999-10-06,16.9555,9900.pdf,SRC-007,"BRH — Banque de la République d'Haïti, taux de référence calculé à l'achat"
1999-10-07,16.9455,9900.pdf,SRC-007,"BRH — Banque de la République d'Haïti, taux de référence calculé à l'achat"
1999-10-08,16.9608,9900.pdf,SRC-007,"BRH — Banque de la République d'Haïti, taux de référence calculé à l'achat"
1999-10-11,16.9541,9900.pdf,SRC-007,"BRH — Banque de la République d'Haïti, taux de référence calculé à l'achat"
1999-10-12,16.9514,9900.pdf,SRC-007,"BRH — Banque de la République d'Haïti, taux de référence calculé à l'achat"
1999-10-13,16.9675,9900.pdf,SRC-007,"BRH — Banque de la République d'Haïti, taux de référence calculé à l'achat"
1999-10-14,16.9703,9900.pdf,SRC-007,"BRH — Banque de la République d'Haïti, taux de référence calculé à l'achat"
1999-10-15,16.9524,9900.pdf,SRC-007,"BRH — Banque de la République d'Haïti, taux de référence calculé à l'achat"
1999-10-18,16.9932,9900.pdf,SRC-007,"BRH — Banque de la République d'Haïti, taux de référence calculé à l'achat"
1999-10-19,17.0095,9900.pdf,SRC-007,"BRH — Banque de la République d'Haïti, taux de référence calculé à l'achat"
1999-10-20,17.0867,9900.pdf,SRC-007,"BRH — Banque de la République d'Haïti, taux de référence calculé à l'achat"
1999-10-21,17.125,9900.pdf,SRC-007,"BRH — Banque de la République d'Haïti, taux de référence calculé à l'achat"
1999-10-22,17.2858,9900.pdf,SRC-007,"BRH — Banque de la République d'Haïti, taux de référence calculé à l'achat"
1999-10-25,17.3814,9900.pdf,SRC-007,"BRH — Banque de la République d'Haïti, taux de référence calculé à l'achat"
1999-10-26,17.5138,9900.pdf,SRC-007,"BRH — Banque de la République d'Haïti, taux de référence calculé à l'achat"
1999-10-27,17.4997,9900.pdf,SRC-007,"BRH — Banque de la République d'Haïti, taux de référence calculé à l'achat"
1999-10-28,17.4426,9900.pdf,SRC-007,"BRH — Banque de la République d'Haïti, taux de référence calculé à l'achat"
1999-10-29,17.5482,9900.pdf,SRC-007,"BRH — Banque de la République d'Haïti, taux de référence calculé à l'achat"
1999-11-03,17.4454,9900.pdf,SRC-007,"BRH — Banque de la République d'Haïti, taux de référence calculé à l'achat"
1999-11-04,17.4111,9900.pdf,SRC-007,"BRH — Banque de la République d'Haïti, taux de référence calculé à l'achat"
1999-11-05,17.3878,9900.pdf,SRC-007,"BRH — Banque de la République d'Haïti, taux de référence calculé à l'achat"
1999-11-08,17.413,9900.pdf,SRC-007,"BRH — Banque de la République d'Haïti, taux de référence calculé à l'achat"
1999-11-09,17.4184,9900.pdf,SRC-007,"BRH — Banque de la République d'Haïti, taux de référence calculé à l'achat"
1999-11-10,17.4346,9900.pdf,SRC-007,"BRH — Banque de la République d'Haïti, taux de référence calculé à l'achat"
1999-11-11,17.4185,9900.pdf,SRC-007,"BRH — Banque de la République d'Haïti, taux de référence calculé à l'achat"
1999-11-12,17.4264,9900.pdf,SRC-007,"BRH — Banque de la République d'Haïti, taux de référence calculé à l'achat"
1999-11-15,17.4378,9900.pdf,SRC-007,"BRH — Banque de la République d'Haïti, taux de référence calculé à l'achat"
1999-11-16,17.4413,9900.pdf,SRC-007,"BRH — Banque de la République d'Haïti, taux de référence calculé à l'achat"
1999-11-17,17.4922,9900.pdf,SRC-007,"BRH — Banque de la République d'Haïti, taux de référence calculé à l'achat"
1999-11-19,17.4972,9900.pdf,SRC-007,"BRH — Banque de la République d'Haïti, taux de référence calculé à l'achat"
1999-11-22,17.5301,9900.pdf,SRC-007,"BRH — Banque de la République d'Haïti, taux de référence calculé à l'achat"
1999-11-23,17.5835,9900.pdf,SRC-007,"BRH — Banque de la République d'Haïti, taux de référence calculé à l'achat"
1999-11-24,17.6188,9900.pdf,SRC-007,"BRH — Banque de la République d'Haïti, taux de référence calculé à l'achat"
1999-11-25,17.7512,9900.pdf,SRC-007,"BRH — Banque de la République d'Haïti, taux de référence calculé à l'achat"
1999-11-26,17.7889,9900.pdf,SRC-007,"BRH — Banque de la République d'Haïti, taux de référence calculé à l'achat"
1999-11-29,17.8769,9900.pdf,SRC-007,"BRH — Banque de la République d'Haïti, taux de référence calculé à l'achat"
1999-11-30,17.9632,9900.pdf,SRC-007,"BRH — Banque de la République d'Haïti, taux de référence calculé à l'achat"
1999-12-01,18.0439,9900.pdf,SRC-007,"BRH — Banque de la République d'Haïti, taux de référence calculé à l'achat"
1999-12-02,18.1871,9900.pdf,SRC-007,"BRH — Banque de la République d'Haïti, taux de référence calculé à l'achat"
1999-12-03,18.2297,9900.pdf,SRC-007,"BRH — Banque de la République d'Haïti, taux de référence calculé à l'achat"
1999-12-06,18.2344,9900.pdf,SRC-007,"BRH — Banque de la République d'Haïti, taux de référence calculé à l'achat"
1999-12-07,18.1835,9900.pdf,SRC-007,"BRH — Banque de la République d'Haïti, taux de référence calculé à l'achat"
1999-12-08,18.1055,9900.pdf,SRC-007,"BRH — Banque de la République d'Haïti, taux de référence calculé à l'achat"
1999-12-09,18.0811,9900.pdf,SRC-007,"BRH — Banque de la République d'Haïti, taux de référence calculé à l'achat"
1999-12-10,18.07,9900.pdf,SRC-007,"BRH — Banque de la République d'Haïti, taux de référence calculé à l'achat"
1999-12-13,17.9171,9900.pdf,SRC-007,"BRH — Banque de la République d'Haïti, taux de référence calculé à l'achat"
1999-12-14,17.8087,9900.pdf,SRC-007,"BRH — Banque de la République d'Haïti, taux de référence calculé à l'achat"
1999-12-15,17.7295,9900.pdf,SRC-007,"BRH — Banque de la République d'Haïti, taux de référence calculé à l'achat"
1999-12-16,17.6035,9900.pdf,SRC-007,"BRH — Banque de la République d'Haïti, taux de référence calculé à l'achat"
1999-12-17,17.5853,9900.pdf,SRC-007,"BRH — Banque de la République d'Haïti, taux de référence calculé à l'achat"
1999-12-20,17.594,9900.pdf,SRC-007,"BRH — Banque de la République d'Haïti, taux de référence calculé à l'achat"
1999-12-21,17.6961,9900.pdf,SRC-007,"BRH — Banque de la République d'Haïti, taux de référence calculé à l'achat"
1999-12-22,17.7594,9900.pdf,SRC-007,"BRH — Banque de la République d'Haïti, taux de référence calculé à l'achat"
1999-12-23,17.8982,9900.pdf,SRC-007,"BRH — Banque de la République d'Haïti, taux de référence calculé à l'achat"
1999-12-24,17.9341,9900.pdf,SRC-007,"BRH — Banque de la République d'Haïti, taux de référence calculé à l'achat"
1999-12-27,17.994,9900.pdf,SRC-007,"BRH — Banque de la République d'Haïti, taux de référence calculé à l'achat"
1999-12-28,17.9962,9900.pdf,SRC-007,"BRH — Banque de la République d'Haïti, taux de référence calculé à l'achat"
1999-12-29,17.977,9900.pdf,SRC-007,"BRH — Banque de la République d'Haïti, taux de référence calculé à l'achat"
1999-12-30,17.9688,9900.pdf,SRC-007,"BRH — Banque de la République d'Haïti, taux de référence calculé à l'achat"
1999-12-31,17.9654,9900.pdf,SRC-007,"BRH — Banque de la République d'Haïti, taux de référence calculé à l'achat"
2000-01-04,17.8894,9900.pdf,SRC-007,"BRH — Banque de la République d'Haïti, taux de référence calculé à l'achat"
2000-01-05,17.9364,9900.pdf,SRC-007,"BRH — Banque de la République d'Haïti, taux de référence calculé à l'achat"
2000-01-06,17.9838,9900.pdf,SRC-007,"BRH — Banque de la République d'Haïti, taux de référence calculé à l'achat"
2000-01-07,18.0582,9900.pdf,SRC-007,"BRH — Banque de la République d'Haïti, taux de référence calculé à l'achat"
2000-01-08,18.1103,9900.pdf,SRC-007,"BRH — Banque de la République d'Haïti, taux de référence calculé à l'achat"
2000-01-11,18.2316,9900.pdf,SRC-007,"BRH — Banque de la République d'Haïti, taux de référence calculé à l'achat"
2000-01-12,18.381,9900.pdf,SRC-007,"BRH — Banque de la République d'Haïti, taux de référence calculé à l'achat"
2000-01-13,18.5066,9900.pdf,SRC-007,"BRH — Banque de la République d'Haïti, taux de référence calculé à l'achat"
2000-01-14,18.7451,9900.pdf,SRC-007,"BRH — Banque de la République d'Haïti, taux de référence calculé à l'achat"
2000-01-17,18.942,9900.pdf,SRC-007,"BRH — Banque de la République d'Haïti, taux de référence calculé à l'achat"
2000-01-18,19.0157,9900.pdf,SRC-007,"BRH — Banque de la République d'Haïti, taux de référence calculé à l'achat"
2000-01-19,19.0298,9900.pdf,SRC-007,"BRH — Banque de la République d'Haïti, taux de référence calculé à l'achat"
2000-01-20,19.0866,9900.pdf,SRC-007,"BRH — Banque de la République d'Haïti, taux de référence calculé à l'achat"
2000-01-21,19.0012,9900.pdf,SRC-007,"BRH — Banque de la République d'Haïti, taux de référence calculé à l'achat"
2000-01-24,19.0357,9900.pdf,SRC-007,"BRH — Banque de la République d'Haïti, taux de référence calculé à l'achat"
2000-01-25,18.917,9900.pdf,SRC-007,"BRH — Banque de la République d'Haïti, taux de référence calculé à l'achat"
2000-01-26,18.7974,9900.pdf,SRC-007,"BRH — Banque de la République d'Haïti, taux de référence calculé à l'achat"
2000-01-27,18.4816,9900.pdf,SRC-007,"BRH — Banque de la République d'Haïti, taux de référence calculé à l'achat"
2000-01-28,18.3407,9900.pdf,SRC-007,"BRH — Banque de la République d'Haïti, taux de référence calculé à l'achat"
2000-01-31,18.262,9900.pdf,SRC-007,"BRH — Banque de la République d'Haïti, taux de référence calculé à l'achat"
2000-02-01,18.2793,9900.pdf,SRC-007,"BRH — Banque de la République d'Haïti, taux de référence calculé à l'achat"
2000-02-02,18.4131,9900.pdf,SRC-007,"BRH — Banque de la République d'Haïti, taux de référence calculé à l'achat"
2000-02-03,18.6629,9900.pdf,SRC-007,"BRH — Banque de la République d'Haïti, taux de référence calculé à l'achat"
2000-02-04,18.7246,9900.pdf,SRC-007,"BRH — Banque de la République d'Haïti, taux de référence calculé à l'achat"
2000-02-07,18.9095,9900.pdf,SRC-007,"BRH — Banque de la République d'Haïti, taux de référence calculé à l'achat"
2000-02-08,19.0267,9900.pdf,SRC-007,"BRH — Banque de la République d'Haïti, taux de référence calculé à l'achat"
2000-02-09,19.0862,9900.pdf,SRC-007,"BRH — Banque de la République d'Haïti, taux de référence calculé à l'achat"
2000-02-10,19.1179,9900.pdf,SRC-007,"BRH — Banque de la République d'Haïti, taux de référence calculé à l'achat"
2000-02-11,19.0914,9900.pdf,SRC-007,"BRH — Banque de la République d'Haïti, taux de référence calculé à l'achat"
2000-02-14,19.0914,9900.pdf,SRC-007,"BRH — Banque de la République d'Haïti, taux de référence calculé à l'achat"
2000-02-15,19.1534,9900.pdf,SRC-007,"BRH — Banque de la République d'Haïti, taux de référence calculé à l'achat"
2000-02-16,19.144,9900.pdf,SRC-007,"BRH — Banque de la République d'Haïti, taux de référence calculé à l'achat"
2000-02-17,19.1683,9900.pdf,SRC-007,"BRH — Banque de la République d'Haïti, taux de référence calculé à l'achat"
2000-02-18,19.1032,9900.pdf,SRC-007,"BRH — Banque de la République d'Haïti, taux de référence calculé à l'achat"
2000-02-21,19.1247,9900.pdf,SRC-007,"BRH — Banque de la République d'Haïti, taux de référence calculé à l'achat"
2000-02-22,19.1074,9900.pdf,SRC-007,"BRH — Banque de la République d'Haïti, taux de référence calculé à l'achat"
2000-02-23,19.087,9900.pdf,SRC-007,"BRH — Banque de la République d'Haïti, taux de référence calculé à l'achat"
2000-02-24,19.168,9900.pdf,SRC-007,"BRH — Banque de la République d'Haïti, taux de référence calculé à l'achat"
2000-02-25,19.1455,9900.pdf,SRC-007,"BRH — Banque de la République d'Haïti, taux de référence calculé à l'achat"
2000-02-28,19.093,9900.pdf,SRC-007,"BRH — Banque de la République d'Haïti, taux de référence calculé à l'achat"
2000-02-29,19.1848,9900.pdf,SRC-007,"BRH — Banque de la République d'Haïti, taux de référence calculé à l'achat"
2000-03-01,19.1786,9900.pdf,SRC-007,"BRH — Banque de la République d'Haïti, taux de référence calculé à l'achat"
2000-03-02,19.2262,9900.pdf,SRC-007,"BRH — Banque de la République d'Haïti, taux de référence calculé à l'achat"
2000-03-03,19.1585,9900.pdf,SRC-007,"BRH — Banque de la République d'Haïti, taux de référence calculé à l'achat"
2000-03-09,19.2769,9900.pdf,SRC-007,"BRH — Banque de la République d'Haïti, taux de référence calculé à l'achat"
2000-03-10,19.2759,9900.pdf,SRC-007,"BRH — Banque de la République d'Haïti, taux de référence calculé à l'achat"
2000-03-13,19.2991,9900.pdf,SRC-007,"BRH — Banque de la République d'Haïti, taux de référence calculé à l'achat"
2000-03-14,19.4117,9900.pdf,SRC-007,"BRH — Banque de la République d'Haïti, taux de référence calculé à l'achat"
2000-03-15,19.5852,9900.pdf,SRC-007,"BRH — Banque de la République d'Haïti, taux de référence calculé à l'achat"
2000-03-16,19.8358,9900.pdf,SRC-007,"BRH — Banque de la République d'Haïti, taux de référence calculé à l'achat"
2000-03-17,20.0913,9900.pdf,SRC-007,"BRH — Banque de la République d'Haïti, taux de référence calculé à l'achat"
2000-03-20,20.5655,9900.pdf,SRC-007,"BRH — Banque de la République d'Haïti, taux de référence calculé à l'achat"
2000-03-21,20.9302,9900.pdf,SRC-007,"BRH — Banque de la République d'Haïti, taux de référence calculé à l'achat"
2000-03-22,20.9663,9900.pdf,SRC-007,"BRH — Banque de la République d'Haïti, taux de référence calculé à l'achat"
2000-03-23,21.0605,9900.pdf,SRC-007,"BRH — Banque de la République d'Haïti, taux de référence calculé à l'achat"
2000-03-24,20.6545,9900.pdf,SRC-007,"BRH — Banque de la République d'Haïti, taux de référence calculé à l'achat"
2000-03-27,20.6304,9900.pdf,SRC-007,"BRH — Banque de la République d'Haïti, taux de référence calculé à l'achat"
2000-03-28,19.9691,9900.pdf,SRC-007,"BRH — Banque de la République d'Haïti, taux de référence calculé à l'achat"
2000-03-29,19.8789,9900.pdf,SRC-007,"BRH — Banque de la République d'Haïti, taux de référence calculé à l'achat"
2000-03-30,19.7179,9900.pdf,SRC-007,"BRH — Banque de la République d'Haïti, taux de référence calculé à l'achat"
2000-03-31,19.7373,9900.pdf,SRC-007,"BRH — Banque de la République d'Haïti, taux de référence calculé à l'achat"
2000-04-03,19.8069,9900.pdf,SRC-007,"BRH — Banque de la République d'Haïti, taux de référence calculé à l'achat"
2000-04-04,19.9112,9900.pdf,SRC-007,"BRH — Banque de la République d'Haïti, taux de référence calculé à l'achat"
2000-04-05,19.9802,9900.pdf,SRC-007,"BRH — Banque de la République d'Haïti, taux de référence calculé à l'achat"
2000-04-06,19.9319,9900.pdf,SRC-007,"BRH — Banque de la République d'Haïti, taux de référence calculé à l'achat"
2000-04-07,19.9545,9900.pdf,SRC-007,"BRH — Banque de la République d'Haïti, taux de référence calculé à l'achat"
2000-04-10,19.8842,9900.pdf,SRC-007,"BRH — Banque de la République d'Haïti, taux de référence calculé à l'achat"
2000-04-11,19.6956,9900.pdf,SRC-007,"BRH — Banque de la République d'Haïti, taux de référence calculé à l'achat"
2000-04-12,19.6259,9900.pdf,SRC-007,"BRH — Banque de la République d'Haïti, taux de référence calculé à l'achat"
2000-04-13,19.5303,9900.pdf,SRC-007,"BRH — Banque de la République d'Haïti, taux de référence calculé à l'achat"
2000-04-14,19.3313,9900.pdf,SRC-007,"BRH — Banque de la République d'Haïti, taux de référence calculé à l'achat"
2000-04-17,19.0678,9900.pdf,SRC-007,"BRH — Banque de la République d'Haïti, taux de référence calculé à l'achat"
2000-04-18,19.0423,9900.pdf,SRC-007,"BRH — Banque de la République d'Haïti, taux de référence calculé à l'achat"
2000-04-19,19.0812,9900.pdf,SRC-007,"BRH — Banque de la République d'Haïti, taux de référence calculé à l'achat"
2000-04-20,19.1609,9900.pdf,SRC-007,"BRH — Banque de la République d'Haïti, taux de référence calculé à l'achat"
2000-04-24,19.1635,9900.pdf,SRC-007,"BRH — Banque de la République d'Haïti, taux de référence calculé à l'achat"
2000-04-25,19.1617,9900.pdf,SRC-007,"BRH — Banque de la République d'Haïti, taux de référence calculé à l'achat"
2000-04-26,19.3369,9900.pdf,SRC-007,"BRH — Banque de la République d'Haïti, taux de référence calculé à l'achat"
2000-04-27,19.5168,9900.pdf,SRC-007,"BRH — Banque de la République d'Haïti, taux de référence calculé à l'achat"
2000-04-28,19.7265,9900.pdf,SRC-007,"BRH — Banque de la République d'Haïti, taux de référence calculé à l'achat"
2000-05-02,19.899,9900.pdf,SRC-007,"BRH — Banque de la République d'Haïti, taux de référence calculé à l'achat"
2000-05-03,20.1588,9900.pdf,SRC-007,"BRH — Banque de la République d'Haïti, taux de référence calculé à l'achat"
2000-05-04,20.2236,9900.pdf,SRC-007,"BRH — Banque de la République d'Haïti, taux de référence calculé à l'achat"
2000-05-05,20.3651,9900.pdf,SRC-007,"BRH — Banque de la République d'Haïti, taux de référence calculé à l'achat"
2000-05-08,20.5654,9900.pdf,SRC-007,"BRH — Banque de la République d'Haïti, taux de référence calculé à l'achat"
2000-05-09,20.6909,9900.pdf,SRC-007,"BRH — Banque de la République d'Haïti, taux de référence calculé à l'achat"
2000-05-10,20.7066,9900.pdf,SRC-007,"BRH — Banque de la République d'Haïti, taux de référence calculé à l'achat"
2000-05-11,20.4461,9900.pdf,SRC-007,"BRH — Banque de la République d'Haïti, taux de référence calculé à l'achat"
2000-05-12,20.2575,9900.pdf,SRC-007,"BRH — Banque de la République d'Haïti, taux de référence calculé à l'achat"
2000-05-15,19.9444,9900.pdf,SRC-007,"BRH — Banque de la République d'Haïti, taux de référence calculé à l'achat"
2000-05-16,19.8391,9900.pdf,SRC-007,"BRH — Banque de la République d'Haïti, taux de référence calculé à l'achat"
2000-05-17,19.5119,9900.pdf,SRC-007,"BRH — Banque de la République d'Haïti, taux de référence calculé à l'achat"
2000-05-19,19.4141,9900.pdf,SRC-007,"BRH — Banque de la République d'Haïti, taux de référence calculé à l'achat"
2000-05-22,19.2902,9900.pdf,SRC-007,"BRH — Banque de la République d'Haïti, taux de référence calculé à l'achat"
2000-05-23,19.4813,9900.pdf,SRC-007,"BRH — Banque de la République d'Haïti, taux de référence calculé à l'achat"
2000-05-24,19.5654,9900.pdf,SRC-007,"BRH — Banque de la République d'Haïti, taux de référence calculé à l'achat"
2000-05-25,19.5826,9900.pdf,SRC-007,"BRH — Banque de la République d'Haïti, taux de référence calculé à l'achat"
2000-05-26,19.759,9900.pdf,SRC-007,"BRH — Banque de la République d'Haïti, taux de référence calculé à l'achat"
2000-05-29,19.7845,9900.pdf,SRC-007,"BRH — Banque de la République d'Haïti, taux de référence calculé à l'achat"
2000-05-30,19.6378,9900.pdf,SRC-007,"BRH — Banque de la République d'Haïti, taux de référence calculé à l'achat"
2000-05-31,19.6744,9900.pdf,SRC-007,"BRH — Banque de la République d'Haïti, taux de référence calculé à l'achat"
2000-06-01,19.6212,9900.pdf,SRC-007,"BRH — Banque de la République d'Haïti, taux de référence calculé à l'achat"
2000-06-02,19.5893,9900.pdf,SRC-007,"BRH — Banque de la République d'Haïti, taux de référence calculé à l'achat"
2000-06-05,19.3492,9900.pdf,SRC-007,"BRH — Banque de la République d'Haïti, taux de référence calculé à l'achat"
2000-06-06,19.3202,9900.pdf,SRC-007,"BRH — Banque de la République d'Haïti, taux de référence calculé à l'achat"
2000-06-07,19.3876,9900.pdf,SRC-007,"BRH — Banque de la République d'Haïti, taux de référence calculé à l'achat"
2000-06-08,19.34,9900.pdf,SRC-007,"BRH — Banque de la République d'Haïti, taux de référence calculé à l'achat"
2000-06-09,19.405,9900.pdf,SRC-007,"BRH — Banque de la République d'Haïti, taux de référence calculé à l'achat"
2000-06-12,19.5231,9900.pdf,SRC-007,"BRH — Banque de la République d'Haïti, taux de référence calculé à l'achat"
2000-06-13,19.7516,9900.pdf,SRC-007,"BRH — Banque de la République d'Haïti, taux de référence calculé à l'achat"
2000-06-14,19.882,9900.pdf,SRC-007,"BRH — Banque de la République d'Haïti, taux de référence calculé à l'achat"
2000-06-15,19.9065,9900.pdf,SRC-007,"BRH — Banque de la République d'Haïti, taux de référence calculé à l'achat"
2000-06-20,19.9666,9900.pdf,SRC-007,"BRH — Banque de la République d'Haïti, taux de référence calculé à l'achat"
2000-06-21,20.036,9900.pdf,SRC-007,"BRH — Banque de la République d'Haïti, taux de référence calculé à l'achat"
2000-06-23,20.0369,9900.pdf,SRC-007,"BRH — Banque de la République d'Haïti, taux de référence calculé à l'achat"
2000-06-26,20.1051,9900.pdf,SRC-007,"BRH — Banque de la République d'Haïti, taux de référence calculé à l'achat"
2000-06-27,20.2868,9900.pdf,SRC-007,"BRH — Banque de la République d'Haïti, taux de référence calculé à l'achat"
2000-06-28,20.3727,9900.pdf,SRC-007,"BRH — Banque de la République d'Haïti, taux de référence calculé à l'achat"
2000-06-29,20.3982,9900.pdf,SRC-007,"BRH — Banque de la République d'Haïti, taux de référence calculé à l'achat"
2000-06-30,20.3781,9900.pdf,SRC-007,"BRH — Banque de la République d'Haïti, taux de référence calculé à l'achat"
2000-07-03,20.3821,9900.pdf,SRC-007,"BRH — Banque de la République d'Haïti, taux de référence calculé à l'achat"
2000-07-04,20.2007,9900.pdf,SRC-007,"BRH — Banque de la République d'Haïti, taux de référence calculé à l'achat"
2000-07-05,20.1266,9900.pdf,SRC-007,"BRH — Banque de la République d'Haïti, taux de référence calculé à l'achat"
2000-07-06,20.1719,9900.pdf,SRC-007,"BRH — Banque de la République d'Haïti, taux de référence calculé à l'achat"
2000-07-07,20.0179,9900.pdf,SRC-007,"BRH — Banque de la République d'Haïti, taux de référence calculé à l'achat"
2000-07-10,19.9845,9900.pdf,SRC-007,"BRH — Banque de la République d'Haïti, taux de référence calculé à l'achat"
2000-07-11,19.8758,9900.pdf,SRC-007,"BRH — Banque de la République d'Haïti, taux de référence calculé à l'achat"
2000-07-12,19.925,9900.pdf,SRC-007,"BRH — Banque de la République d'Haïti, taux de référence calculé à l'achat"
2000-07-13,20.1021,9900.pdf,SRC-007,"BRH — Banque de la République d'Haïti, taux de référence calculé à l'achat"
2000-07-14,20.2468,9900.pdf,SRC-007,"BRH — Banque de la République d'Haïti, taux de référence calculé à l'achat"
2000-07-17,20.2537,9900.pdf,SRC-007,"BRH — Banque de la République d'Haïti, taux de référence calculé à l'achat"
2000-07-18,20.3927,9900.pdf,SRC-007,"BRH — Banque de la République d'Haïti, taux de référence calculé à l'achat"
2000-07-19,20.34,9900.pdf,SRC-007,"BRH — Banque de la République d'Haïti, taux de référence calculé à l'achat"
2000-07-20,20.3456,9900.pdf,SRC-007,"BRH — Banque de la République d'Haïti, taux de référence calculé à l'achat"
2000-07-21,20.3077,9900.pdf,SRC-007,"BRH — Banque de la République d'Haïti, taux de référence calculé à l'achat"
2000-07-24,20.1288,9900.pdf,SRC-007,"BRH — Banque de la République d'Haïti, taux de référence calculé à l'achat"
2000-07-25,20.173,9900.pdf,SRC-007,"BRH — Banque de la République d'Haïti, taux de référence calculé à l'achat"
2000-07-26,20.3538,9900.pdf,SRC-007,"BRH — Banque de la République d'Haïti, taux de référence calculé à l'achat"
2000-07-27,20.6291,9900.pdf,SRC-007,"BRH — Banque de la République d'Haïti, taux de référence calculé à l'achat"
2000-07-28,20.7449,9900.pdf,SRC-007,"BRH — Banque de la République d'Haïti, taux de référence calculé à l'achat"
2000-07-31,20.8679,9900.pdf,SRC-007,"BRH — Banque de la République d'Haïti, taux de référence calculé à l'achat"
2000-08-01,21.0631,9900.pdf,SRC-007,"BRH — Banque de la République d'Haïti, taux de référence calculé à l'achat"
2000-08-02,21.1852,9900.pdf,SRC-007,"BRH — Banque de la République d'Haïti, taux de référence calculé à l'achat"
2000-08-03,21.1176,9900.pdf,SRC-007,"BRH — Banque de la République d'Haïti, taux de référence calculé à l'achat"
2000-08-04,21.0935,9900.pdf,SRC-007,"BRH — Banque de la République d'Haïti, taux de référence calculé à l'achat"
2000-08-07,21.0572,9900.pdf,SRC-007,"BRH — Banque de la République d'Haïti, taux de référence calculé à l'achat"
2000-08-08,20.8596,9900.pdf,SRC-007,"BRH — Banque de la République d'Haïti, taux de référence calculé à l'achat"
2000-08-09,20.5988,9900.pdf,SRC-007,"BRH — Banque de la République d'Haïti, taux de référence calculé à l'achat"
2000-08-10,20.8946,9900.pdf,SRC-007,"BRH — Banque de la République d'Haïti, taux de référence calculé à l'achat"
2000-08-11,21.0403,9900.pdf,SRC-007,"BRH — Banque de la République d'Haïti, taux de référence calculé à l'achat"
2000-08-14,21.4162,9900.pdf,SRC-007,"BRH — Banque de la République d'Haïti, taux de référence calculé à l'achat"
2000-08-16,21.5545,9900.pdf,SRC-007,"BRH — Banque de la République d'Haïti, taux de référence calculé à l'achat"
2000-08-17,21.7564,9900.pdf,SRC-007,"BRH — Banque de la République d'Haïti, taux de référence calculé à l'achat"
2000-08-18,22.1101,9900.pdf,SRC-007,"BRH — Banque de la République d'Haïti, taux de référence calculé à l'achat"
2000-08-21,22.0156,9900.pdf,SRC-007,"BRH — Banque de la République d'Haïti, taux de référence calculé à l'achat"
2000-08-22,22.3179,9900.pdf,SRC-007,"BRH — Banque de la République d'Haïti, taux de référence calculé à l'achat"
2000-08-23,22.5125,9900.pdf,SRC-007,"BRH — Banque de la République d'Haïti, taux de référence calculé à l'achat"
2000-08-24,22.5596,9900.pdf,SRC-007,"BRH — Banque de la République d'Haïti, taux de référence calculé à l'achat"
2000-08-25,22.4233,9900.pdf,SRC-007,"BRH — Banque de la République d'Haïti, taux de référence calculé à l'achat"
2000-08-28,22.1728,9900.pdf,SRC-007,"BRH — Banque de la République d'Haïti, taux de référence calculé à l'achat"
2000-08-29,21.9083,9900.pdf,SRC-007,"BRH — Banque de la République d'Haïti, taux de référence calculé à l'achat"
2000-08-30,21.8523,9900.pdf,SRC-007,"BRH — Banque de la République d'Haïti, taux de référence calculé à l'achat"
2000-08-31,21.6345,9900.pdf,SRC-007,"BRH — Banque de la République d'Haïti, taux de référence calculé à l'achat"
2000-09-01,21.695,9900.pdf,SRC-007,"BRH — Banque de la République d'Haïti, taux de référence calculé à l'achat"
2000-09-04,21.9353,9900.pdf,SRC-007,"BRH — Banque de la République d'Haïti, taux de référence calculé à l'achat"
2000-09-05,22.0649,9900.pdf,SRC-007,"BRH — Banque de la République d'Haïti, taux de référence calculé à l'achat"
2000-09-06,22.358,9900.pdf,SRC-007,"BRH — Banque de la République d'Haïti, taux de référence calculé à l'achat"
2000-09-07,22.8501,9900.pdf,SRC-007,"BRH — Banque de la République d'Haïti, taux de référence calculé à l'achat"
2000-09-08,23.2438,9900.pdf,SRC-007,"BRH — Banque de la République d'Haïti, taux de référence calculé à l'achat"
2000-09-11,23.7965,9900.pdf,SRC-007,"BRH — Banque de la République d'Haïti, taux de référence calculé à l'achat"
2000-09-12,23.8613,9900.pdf,SRC-007,"BRH — Banque de la République d'Haïti, taux de référence calculé à l'achat"
2000-09-13,23.7641,9900.pdf,SRC-007,"BRH — Banque de la République d'Haïti, taux de référence calculé à l'achat"
2000-09-14,23.9036,9900.pdf,SRC-007,"BRH — Banque de la République d'Haïti, taux de référence calculé à l'achat"
2000-09-15,24.1746,9900.pdf,SRC-007,"BRH — Banque de la République d'Haïti, taux de référence calculé à l'achat"
2000-09-18,24.1916,9900.pdf,SRC-007,"BRH — Banque de la République d'Haïti, taux de référence calculé à l'achat"
2000-09-19,24.5035,9900.pdf,SRC-007,"BRH — Banque de la République d'Haïti, taux de référence calculé à l'achat"
2000-09-20,24.2176,9900.pdf,SRC-007,"BRH — Banque de la République d'Haïti, taux de référence calculé à l'achat"
2000-09-21,24.7475,9900.pdf,SRC-007,"BRH — Banque de la République d'Haïti, taux de référence calculé à l'achat"
2000-09-22,24.9523,9900.pdf,SRC-007,"BRH — Banque de la République d'Haïti, taux de référence calculé à l'achat"
2000-09-25,25.1448,9900.pdf,SRC-007,"BRH — Banque de la République d'Haïti, taux de référence calculé à l'achat"
2000-09-26,25.6252,9900.pdf,SRC-007,"BRH — Banque de la République d'Haïti, taux de référence calculé à l'achat"
2000-09-27,26.7886,9900.pdf,SRC-007,"BRH — Banque de la République d'Haïti, taux de référence calculé à l'achat"
2000-09-28,27.1943,9900.pdf,SRC-007,"BRH — Banque de la République d'Haïti, taux de référence calculé à l'achat"
2000-09-29,28.3337,9900.pdf,SRC-007,"BRH — Banque de la République d'Haïti, taux de référence calculé à l'achat"
2000-10-02,28.4292,0001.pdf,SRC-007,"BRH — Banque de la République d'Haïti, taux de référence calculé à l'achat"
2000-10-03,26.6809,0001.pdf,SRC-007,"BRH — Banque de la République d'Haïti, taux de référence calculé à l'achat"
2000-10-04,25.2416,0001.pdf,SRC-007,"BRH — Banque de la République d'Haïti, taux de référence calculé à l'achat"
2000-10-05,24.4465,0001.pdf,SRC-007,"BRH — Banque de la République d'Haïti, taux de référence calculé à l'achat"
2000-10-06,23.4446,0001.pdf,SRC-007,"BRH — Banque de la République d'Haïti, taux de référence calculé à l'achat"
2000-10-09,23.3806,0001.pdf,SRC-007,"BRH — Banque de la République d'Haïti, taux de référence calculé à l'achat"
2000-10-10,22.6406,0001.pdf,SRC-007,"BRH — Banque de la République d'Haïti, taux de référence calculé à l'achat"
2000-10-11,24.7777,0001.pdf,SRC-007,"BRH — Banque de la République d'Haïti, taux de référence calculé à l'achat"
2000-10-12,26.2723,0001.pdf,SRC-007,"BRH — Banque de la République d'Haïti, taux de référence calculé à l'achat"
2000-10-13,26.4286,0001.pdf,SRC-007,"BRH — Banque de la République d'Haïti, taux de référence calculé à l'achat"
2000-10-16,23.8732,0001.pdf,SRC-007,"BRH — Banque de la République d'Haïti, taux de référence calculé à l'achat"
2000-10-18,22.8454,0001.pdf,SRC-007,"BRH — Banque de la République d'Haïti, taux de référence calculé à l'achat"
2000-10-19,22.5856,0001.pdf,SRC-007,"BRH — Banque de la République d'Haïti, taux de référence calculé à l'achat"
2000-10-20,22.2879,0001.pdf,SRC-007,"BRH — Banque de la République d'Haïti, taux de référence calculé à l'achat"
2000-10-23,23.1017,0001.pdf,SRC-007,"BRH — Banque de la République d'Haïti, taux de référence calculé à l'achat"
2000-10-24,24.0872,0001.pdf,SRC-007,"BRH — Banque de la République d'Haïti, taux de référence calculé à l'achat"
2000-10-25,24.8359,0001.pdf,SRC-007,"BRH — Banque de la République d'Haïti, taux de référence calculé à l'achat"
2000-10-26,25.1969,0001.pdf,SRC-007,"BRH — Banque de la République d'Haïti, taux de référence calculé à l'achat"
2000-10-27,24.6312,0001.pdf,SRC-007,"BRH — Banque de la République d'Haïti, taux de référence calculé à l'achat"
2000-10-30,24.3637,0001.pdf,SRC-007,"BRH — Banque de la République d'Haïti, taux de référence calculé à l'achat"
2000-10-31,23.582,0001.pdf,SRC-007,"BRH — Banque de la République d'Haïti, taux de référence calculé à l'achat"
2000-11-03,23.531,0001.pdf,SRC-007,"BRH — Banque de la République d'Haïti, taux de référence calculé à l'achat"
2000-11-06,23.3855,0001.pdf,SRC-007,"BRH — Banque de la République d'Haïti, taux de référence calculé à l'achat"
2000-11-07,24.2856,0001.pdf,SRC-007,"BRH — Banque de la République d'Haïti, taux de référence calculé à l'achat"
2000-11-08,24.2286,0001.pdf,SRC-007,"BRH — Banque de la République d'Haïti, taux de référence calculé à l'achat"
2000-11-09,24.675,0001.pdf,SRC-007,"BRH — Banque de la République d'Haïti, taux de référence calculé à l'achat"
2000-11-10,24.4155,0001.pdf,SRC-007,"BRH — Banque de la République d'Haïti, taux de référence calculé à l'achat"
2000-11-13,24.1758,0001.pdf,SRC-007,"BRH — Banque de la République d'Haïti, taux de référence calculé à l'achat"
2000-11-14,23.8404,0001.pdf,SRC-007,"BRH — Banque de la République d'Haïti, taux de référence calculé à l'achat"
2000-11-15,24.1487,0001.pdf,SRC-007,"BRH — Banque de la République d'Haïti, taux de référence calculé à l'achat"
2000-11-16,23.5249,0001.pdf,SRC-007,"BRH — Banque de la République d'Haïti, taux de référence calculé à l'achat"
2000-11-17,23.5852,0001.pdf,SRC-007,"BRH — Banque de la République d'Haïti, taux de référence calculé à l'achat"
2000-11-20,23.9031,0001.pdf,SRC-007,"BRH — Banque de la République d'Haïti, taux de référence calculé à l'achat"
2000-11-21,23.527,0001.pdf,SRC-007,"BRH — Banque de la République d'Haïti, taux de référence calculé à l'achat"
2000-11-22,23.7874,0001.pdf,SRC-007,"BRH — Banque de la République d'Haïti, taux de référence calculé à l'achat"
2000-11-23,23.7639,0001.pdf,SRC-007,"BRH — Banque de la République d'Haïti, taux de référence calculé à l'achat"
2000-11-24,23.6341,0001.pdf,SRC-007,"BRH — Banque de la République d'Haïti, taux de référence calculé à l'achat"
2000-11-27,23.4565,0001.pdf,SRC-007,"BRH — Banque de la République d'Haïti, taux de référence calculé à l'achat"
2000-11-28,23.8263,0001.pdf,SRC-007,"BRH — Banque de la République d'Haïti, taux de référence calculé à l'achat"
2000-11-29,23.8982,0001.pdf,SRC-007,"BRH — Banque de la République d'Haïti, taux de référence calculé à l'achat"
2000-11-30,23.8881,0001.pdf,SRC-007,"BRH — Banque de la République d'Haïti, taux de référence calculé à l'achat"
2000-12-01,24.0394,0001.pdf,SRC-007,"BRH — Banque de la République d'Haïti, taux de référence calculé à l'achat"
2000-12-04,24.1896,0001.pdf,SRC-007,"BRH — Banque de la République d'Haïti, taux de référence calculé à l'achat"
2000-12-05,24.2592,0001.pdf,SRC-007,"BRH — Banque de la République d'Haïti, taux de référence calculé à l'achat"
2000-12-06,24.376,0001.pdf,SRC-007,"BRH — Banque de la République d'Haïti, taux de référence calculé à l'achat"
2000-12-07,23.9071,0001.pdf,SRC-007,"BRH — Banque de la République d'Haïti, taux de référence calculé à l'achat"
2000-12-08,23.5947,0001.pdf,SRC-007,"BRH — Banque de la République d'Haïti, taux de référence calculé à l'achat"
2000-12-11,23.1828,0001.pdf,SRC-007,"BRH — Banque de la République d'Haïti, taux de référence calculé à l'achat"
2000-12-12,22.2366,0001.pdf,SRC-007,"BRH — Banque de la République d'Haïti, taux de référence calculé à l'achat"
2000-12-13,22.0524,0001.pdf,SRC-007,"BRH — Banque de la République d'Haïti, taux de référence calculé à l'achat"
2000-12-14,21.7329,0001.pdf,SRC-007,"BRH — Banque de la République d'Haïti, taux de référence calculé à l'achat"
2000-12-15,22.0422,0001.pdf,SRC-007,"BRH — Banque de la République d'Haïti, taux de référence calculé à l'achat"
2000-12-18,22.7472,0001.pdf,SRC-007,"BRH — Banque de la République d'Haïti, taux de référence calculé à l'achat"
2000-12-19,23.4604,0001.pdf,SRC-007,"BRH — Banque de la République d'Haïti, taux de référence calculé à l'achat"
2000-12-20,23.5157,0001.pdf,SRC-007,"BRH — Banque de la République d'Haïti, taux de référence calculé à l'achat"
2000-12-21,23.127,0001.pdf,SRC-007,"BRH — Banque de la République d'Haïti, taux de référence calculé à l'achat"
2000-12-22,22.2187,0001.pdf,SRC-007,"BRH — Banque de la République d'Haïti, taux de référence calculé à l'achat"
2000-12-26,21.4103,0001.pdf,SRC-007,"BRH — Banque de la République d'Haïti, taux de référence calculé à l'achat"
2000-12-27,21.2693,0001.pdf,SRC-007,"BRH — Banque de la République d'Haïti, taux de référence calculé à l'achat"
2000-12-28,21.6973,0001.pdf,SRC-007,"BRH — Banque de la République d'Haïti, taux de référence calculé à l'achat"
2000-12-29,22.5242,0001.pdf,SRC-007,"BRH — Banque de la République d'Haïti, taux de référence calculé à l'achat"
2001-01-03,22.6033,0001.pdf,SRC-007,"BRH — Banque de la République d'Haïti, taux de référence calculé à l'achat"
2001-01-04,23.2508,0001.pdf,SRC-007,"BRH — Banque de la République d'Haïti, taux de référence calculé à l'achat"
2001-01-05,23.5324,0001.pdf,SRC-007,"BRH — Banque de la République d'Haïti, taux de référence calculé à l'achat"
2001-01-08,23.585,0001.pdf,SRC-007,"BRH — Banque de la République d'Haïti, taux de référence calculé à l'achat"
2001-01-09,23.5863,0001.pdf,SRC-007,"BRH — Banque de la République d'Haïti, taux de référence calculé à l'achat"
2001-01-10,23.729,0001.pdf,SRC-007,"BRH — Banque de la République d'Haïti, taux de référence calculé à l'achat"
2001-01-11,23.947,0001.pdf,SRC-007,"BRH — Banque de la République d'Haïti, taux de référence calculé à l'achat"
2001-01-12,23.4679,0001.pdf,SRC-007,"BRH — Banque de la République d'Haïti, taux de référence calculé à l'achat"
2001-01-15,23.1508,0001.pdf,SRC-007,"BRH — Banque de la République d'Haïti, taux de référence calculé à l'achat"
2001-01-16,21.992,0001.pdf,SRC-007,"BRH — Banque de la République d'Haïti, taux de référence calculé à l'achat"
2001-01-17,22.2261,0001.pdf,SRC-007,"BRH — Banque de la République d'Haïti, taux de référence calculé à l'achat"
2001-01-18,22.968,0001.pdf,SRC-007,"BRH — Banque de la République d'Haïti, taux de référence calculé à l'achat"
2001-01-19,23.7519,0001.pdf,SRC-007,"BRH — Banque de la République d'Haïti, taux de référence calculé à l'achat"
2001-01-22,24.0988,0001.pdf,SRC-007,"BRH — Banque de la République d'Haïti, taux de référence calculé à l'achat"
2001-01-23,24.0071,0001.pdf,SRC-007,"BRH — Banque de la République d'Haïti, taux de référence calculé à l'achat"
2001-01-24,24.0583,0001.pdf,SRC-007,"BRH — Banque de la République d'Haïti, taux de référence calculé à l'achat"
2001-01-25,23.6575,0001.pdf,SRC-007,"BRH — Banque de la République d'Haïti, taux de référence calculé à l'achat"
2001-01-26,23.4701,0001.pdf,SRC-007,"BRH — Banque de la République d'Haïti, taux de référence calculé à l'achat"
2001-01-29,23.2947,0001.pdf,SRC-007,"BRH — Banque de la République d'Haïti, taux de référence calculé à l'achat"
2001-01-30,23.6975,0001.pdf,SRC-007,"BRH — Banque de la République d'Haïti, taux de référence calculé à l'achat"
2001-01-31,23.7612,0001.pdf,SRC-007,"BRH — Banque de la République d'Haïti, taux de référence calculé à l'achat"
2001-02-01,23.7806,0001.pdf,SRC-007,"BRH — Banque de la République d'Haïti, taux de référence calculé à l'achat"
2001-02-02,23.4813,0001.pdf,SRC-007,"BRH — Banque de la République d'Haïti, taux de référence calculé à l'achat"
2001-02-05,23.2228,0001.pdf,SRC-007,"BRH — Banque de la République d'Haïti, taux de référence calculé à l'achat"
2001-02-06,23.1845,0001.pdf,SRC-007,"BRH — Banque de la République d'Haïti, taux de référence calculé à l'achat"
2001-02-08,23.1126,0001.pdf,SRC-007,"BRH — Banque de la République d'Haïti, taux de référence calculé à l'achat"
2001-02-09,23.1454,0001.pdf,SRC-007,"BRH — Banque de la République d'Haïti, taux de référence calculé à l'achat"
2001-02-12,23.2409,0001.pdf,SRC-007,"BRH — Banque de la République d'Haïti, taux de référence calculé à l'achat"
2001-02-13,23.333,0001.pdf,SRC-007,"BRH — Banque de la République d'Haïti, taux de référence calculé à l'achat"
2001-02-14,23.7569,0001.pdf,SRC-007,"BRH — Banque de la République d'Haïti, taux de référence calculé à l'achat"
2001-02-15,23.7177,0001.pdf,SRC-007,"BRH — Banque de la République d'Haïti, taux de référence calculé à l'achat"
2001-02-16,23.5171,0001.pdf,SRC-007,"BRH — Banque de la République d'Haïti, taux de référence calculé à l'achat"
2001-02-19,23.3711,0001.pdf,SRC-007,"BRH — Banque de la République d'Haïti, taux de référence calculé à l'achat"
2001-02-20,23.4286,0001.pdf,SRC-007,"BRH — Banque de la République d'Haïti, taux de référence calculé à l'achat"
2001-02-21,23.5268,0001.pdf,SRC-007,"BRH — Banque de la République d'Haïti, taux de référence calculé à l'achat"
2001-02-22,23.618,0001.pdf,SRC-007,"BRH — Banque de la République d'Haïti, taux de référence calculé à l'achat"
2001-02-23,23.5887,0001.pdf,SRC-007,"BRH — Banque de la République d'Haïti, taux de référence calculé à l'achat"
2001-02-28,23.5483,0001.pdf,SRC-007,"BRH — Banque de la République d'Haïti, taux de référence calculé à l'achat"
2001-03-01,23.2584,0001.pdf,SRC-007,"BRH — Banque de la République d'Haïti, taux de référence calculé à l'achat"
2001-03-02,23.4782,0001.pdf,SRC-007,"BRH — Banque de la République d'Haïti, taux de référence calculé à l'achat"
2001-03-05,23.4679,0001.pdf,SRC-007,"BRH — Banque de la République d'Haïti, taux de référence calculé à l'achat"
2001-03-06,23.475,0001.pdf,SRC-007,"BRH — Banque de la République d'Haïti, taux de référence calculé à l'achat"
2001-03-07,23.6015,0001.pdf,SRC-007,"BRH — Banque de la République d'Haïti, taux de référence calculé à l'achat"
2001-03-08,23.6298,0001.pdf,SRC-007,"BRH — Banque de la République d'Haïti, taux de référence calculé à l'achat"
2001-03-09,23.567,0001.pdf,SRC-007,"BRH — Banque de la République d'Haïti, taux de référence calculé à l'achat"
2001-03-12,23.649,0001.pdf,SRC-007,"BRH — Banque de la République d'Haïti, taux de référence calculé à l'achat"
2001-03-13,23.6359,0001.pdf,SRC-007,"BRH — Banque de la République d'Haïti, taux de référence calculé à l'achat"
2001-03-14,23.5792,0001.pdf,SRC-007,"BRH — Banque de la République d'Haïti, taux de référence calculé à l'achat"
2001-03-15,23.6797,0001.pdf,SRC-007,"BRH — Banque de la République d'Haïti, taux de référence calculé à l'achat"
2001-03-16,23.6361,0001.pdf,SRC-007,"BRH — Banque de la République d'Haïti, taux de référence calculé à l'achat"
2001-03-19,23.6371,0001.pdf,SRC-007,"BRH — Banque de la République d'Haïti, taux de référence calculé à l'achat"
2001-03-21,23.6766,0001.pdf,SRC-007,"BRH — Banque de la République d'Haïti, taux de référence calculé à l'achat"
2001-03-22,23.7745,0001.pdf,SRC-007,"BRH — Banque de la République d'Haïti, taux de référence calculé à l'achat"
2001-03-23,23.6698,0001.pdf,SRC-007,"BRH — Banque de la République d'Haïti, taux de référence calculé à l'achat"
2001-03-26,23.7188,0001.pdf,SRC-007,"BRH — Banque de la République d'Haïti, taux de référence calculé à l'achat"
2001-03-27,23.8237,0001.pdf,SRC-007,"BRH — Banque de la République d'Haïti, taux de référence calculé à l'achat"
2001-03-28,23.9964,0001.pdf,SRC-007,"BRH — Banque de la République d'Haïti, taux de référence calculé à l'achat"
2001-03-29,24.0081,0001.pdf,SRC-007,"BRH — Banque de la République d'Haïti, taux de référence calculé à l'achat"
2001-03-30,23.9641,0001.pdf,SRC-007,"BRH — Banque de la République d'Haïti, taux de référence calculé à l'achat"
2001-04-02,24.0166,0001.pdf,SRC-007,"BRH — Banque de la République d'Haïti, taux de référence calculé à l'achat"
2001-04-03,23.9021,0001.pdf,SRC-007,"BRH — Banque de la République d'Haïti, taux de référence calculé à l'achat"
2001-04-04,23.7503,0001.pdf,SRC-007,"BRH — Banque de la République d'Haïti, taux de référence calculé à l'achat"
2001-04-05,23.6859,0001.pdf,SRC-007,"BRH — Banque de la République d'Haïti, taux de référence calculé à l'achat"
2001-04-06,23.4367,0001.pdf,SRC-007,"BRH — Banque de la République d'Haïti, taux de référence calculé à l'achat"
2001-04-09,23.1753,0001.pdf,SRC-007,"BRH — Banque de la République d'Haïti, taux de référence calculé à l'achat"
2001-04-10,23.0055,0001.pdf,SRC-007,"BRH — Banque de la République d'Haïti, taux de référence calculé à l'achat"
2001-04-11,23.0529,0001.pdf,SRC-007,"BRH — Banque de la République d'Haïti, taux de référence calculé à l'achat"
2001-04-12,23.1917,0001.pdf,SRC-007,"BRH — Banque de la République d'Haïti, taux de référence calculé à l'achat"
2001-04-16,23.1568,0001.pdf,SRC-007,"BRH — Banque de la République d'Haïti, taux de référence calculé à l'achat"
2001-04-17,23.2442,0001.pdf,SRC-007,"BRH — Banque de la République d'Haïti, taux de référence calculé à l'achat"
2001-04-18,23.363,0001.pdf,SRC-007,"BRH — Banque de la République d'Haïti, taux de référence calculé à l'achat"
2001-04-19,23.3003,0001.pdf,SRC-007,"BRH — Banque de la République d'Haïti, taux de référence calculé à l'achat"
2001-04-20,23.3446,0001.pdf,SRC-007,"BRH — Banque de la République d'Haïti, taux de référence calculé à l'achat"
2001-04-23,23.3281,0001.pdf,SRC-007,"BRH — Banque de la République d'Haïti, taux de référence calculé à l'achat"
2001-04-24,23.3116,0001.pdf,SRC-007,"BRH — Banque de la République d'Haïti, taux de référence calculé à l'achat"
2001-04-25,23.3655,0001.pdf,SRC-007,"BRH — Banque de la République d'Haïti, taux de référence calculé à l'achat"
2001-04-26,23.4073,0001.pdf,SRC-007,"BRH — Banque de la République d'Haïti, taux de référence calculé à l'achat"
2001-04-27,23.4057,0001.pdf,SRC-007,"BRH — Banque de la République d'Haïti, taux de référence calculé à l'achat"
2001-04-30,23.4651,0001.pdf,SRC-007,"BRH — Banque de la République d'Haïti, taux de référence calculé à l'achat"
2001-05-02,23.1942,0001.pdf,SRC-007,"BRH — Banque de la République d'Haïti, taux de référence calculé à l'achat"
2001-05-03,23.3905,0001.pdf,SRC-007,"BRH — Banque de la République d'Haïti, taux de référence calculé à l'achat"
2001-05-04,23.3592,0001.pdf,SRC-007,"BRH — Banque de la République d'Haïti, taux de référence calculé à l'achat"
2001-05-07,23.3767,0001.pdf,SRC-007,"BRH — Banque de la République d'Haïti, taux de référence calculé à l'achat"
2001-05-08,23.3537,0001.pdf,SRC-007,"BRH — Banque de la République d'Haïti, taux de référence calculé à l'achat"
2001-05-09,23.4113,0001.pdf,SRC-007,"BRH — Banque de la République d'Haïti, taux de référence calculé à l'achat"
2001-05-10,23.2849,0001.pdf,SRC-007,"BRH — Banque de la République d'Haïti, taux de référence calculé à l'achat"
2001-05-11,23.3796,0001.pdf,SRC-007,"BRH — Banque de la République d'Haïti, taux de référence calculé à l'achat"
2001-05-14,23.3027,0001.pdf,SRC-007,"BRH — Banque de la République d'Haïti, taux de référence calculé à l'achat"
2001-05-15,23.2486,0001.pdf,SRC-007,"BRH — Banque de la République d'Haïti, taux de référence calculé à l'achat"
2001-05-16,23.3934,0001.pdf,SRC-007,"BRH — Banque de la République d'Haïti, taux de référence calculé à l'achat"
2001-05-17,23.3882,0001.pdf,SRC-007,"BRH — Banque de la République d'Haïti, taux de référence calculé à l'achat"
2001-05-21,23.3318,0001.pdf,SRC-007,"BRH — Banque de la République d'Haïti, taux de référence calculé à l'achat"
2001-05-22,23.3134,0001.pdf,SRC-007,"BRH — Banque de la République d'Haïti, taux de référence calculé à l'achat"
2001-05-23,23.4047,0001.pdf,SRC-007,"BRH — Banque de la République d'Haïti, taux de référence calculé à l'achat"
2001-05-24,23.41,0001.pdf,SRC-007,"BRH — Banque de la République d'Haïti, taux de référence calculé à l'achat"
2001-05-25,23.3814,0001.pdf,SRC-007,"BRH — Banque de la République d'Haïti, taux de référence calculé à l'achat"
2001-05-28,23.3777,0001.pdf,SRC-007,"BRH — Banque de la République d'Haïti, taux de référence calculé à l'achat"
2001-05-29,23.3606,0001.pdf,SRC-007,"BRH — Banque de la République d'Haïti, taux de référence calculé à l'achat"
2001-05-30,23.4701,0001.pdf,SRC-007,"BRH — Banque de la République d'Haïti, taux de référence calculé à l'achat"
2001-05-31,23.5197,0001.pdf,SRC-007,"BRH — Banque de la République d'Haïti, taux de référence calculé à l'achat"
2001-06-01,23.4987,0001.pdf,SRC-007,"BRH — Banque de la République d'Haïti, taux de référence calculé à l'achat"
2001-06-04,23.5367,0001.pdf,SRC-007,"BRH — Banque de la République d'Haïti, taux de référence calculé à l'achat"
2001-06-05,23.6421,0001.pdf,SRC-007,"BRH — Banque de la République d'Haïti, taux de référence calculé à l'achat"
2001-06-06,23.7427,0001.pdf,SRC-007,"BRH — Banque de la République d'Haïti, taux de référence calculé à l'achat"
2001-06-07,23.919,0001.pdf,SRC-007,"BRH — Banque de la République d'Haïti, taux de référence calculé à l'achat"
2001-06-08,23.9834,0001.pdf,SRC-007,"BRH — Banque de la République d'Haïti, taux de référence calculé à l'achat"
2001-06-11,23.8578,0001.pdf,SRC-007,"BRH — Banque de la République d'Haïti, taux de référence calculé à l'achat"
2001-06-12,23.7499,0001.pdf,SRC-007,"BRH — Banque de la République d'Haïti, taux de référence calculé à l'achat"
2001-06-13,23.6195,0001.pdf,SRC-007,"BRH — Banque de la République d'Haïti, taux de référence calculé à l'achat"
2001-06-15,23.478,0001.pdf,SRC-007,"BRH — Banque de la République d'Haïti, taux de référence calculé à l'achat"
2001-06-18,23.4524,0001.pdf,SRC-007,"BRH — Banque de la République d'Haïti, taux de référence calculé à l'achat"
2001-06-19,23.4876,0001.pdf,SRC-007,"BRH — Banque de la République d'Haïti, taux de référence calculé à l'achat"
2001-06-20,23.584,0001.pdf,SRC-007,"BRH — Banque de la République d'Haïti, taux de référence calculé à l'achat"
2001-06-21,23.8597,0001.pdf,SRC-007,"BRH — Banque de la République d'Haïti, taux de référence calculé à l'achat"
2001-06-22,23.9509,0001.pdf,SRC-007,"BRH — Banque de la République d'Haïti, taux de référence calculé à l'achat"
2001-06-25,23.9655,0001.pdf,SRC-007,"BRH — Banque de la République d'Haïti, taux de référence calculé à l'achat"
2001-06-26,24.1172,0001.pdf,SRC-007,"BRH — Banque de la République d'Haïti, taux de référence calculé à l'achat"
2001-06-27,24.2328,0001.pdf,SRC-007,"BRH — Banque de la République d'Haïti, taux de référence calculé à l'achat"
2001-06-28,24.3566,0001.pdf,SRC-007,"BRH — Banque de la République d'Haïti, taux de référence calculé à l'achat"
2001-06-29,24.3731,0001.pdf,SRC-007,"BRH — Banque de la République d'Haïti, taux de référence calculé à l'achat"
2001-07-02,24.313,0001.pdf,SRC-007,"BRH — Banque de la République d'Haïti, taux de référence calculé à l'achat"
2001-07-03,24.3233,0001.pdf,SRC-007,"BRH — Banque de la République d'Haïti, taux de référence calculé à l'achat"
2001-07-04,24.1108,0001.pdf,SRC-007,"BRH — Banque de la République d'Haïti, taux de référence calculé à l'achat"
2001-07-05,23.9291,0001.pdf,SRC-007,"BRH — Banque de la République d'Haïti, taux de référence calculé à l'achat"
2001-07-06,23.9638,0001.pdf,SRC-007,"BRH — Banque de la République d'Haïti, taux de référence calculé à l'achat"
2001-07-09,23.8506,0001.pdf,SRC-007,"BRH — Banque de la République d'Haïti, taux de référence calculé à l'achat"
2001-07-10,23.9704,0001.pdf,SRC-007,"BRH — Banque de la République d'Haïti, taux de référence calculé à l'achat"
2001-07-11,23.9751,0001.pdf,SRC-007,"BRH — Banque de la République d'Haïti, taux de référence calculé à l'achat"
2001-07-12,23.987,0001.pdf,SRC-007,"BRH — Banque de la République d'Haïti, taux de référence calculé à l'achat"
2001-07-13,24.0162,0001.pdf,SRC-007,"BRH — Banque de la République d'Haïti, taux de référence calculé à l'achat"
2001-07-16,24.0033,0001.pdf,SRC-007,"BRH — Banque de la République d'Haïti, taux de référence calculé à l'achat"
2001-07-17,24.0185,0001.pdf,SRC-007,"BRH — Banque de la République d'Haïti, taux de référence calculé à l'achat"
2001-07-18,24.1824,0001.pdf,SRC-007,"BRH — Banque de la République d'Haïti, taux de référence calculé à l'achat"
2001-07-19,24.2086,0001.pdf,SRC-007,"BRH — Banque de la République d'Haïti, taux de référence calculé à l'achat"
2001-07-20,24.258,0001.pdf,SRC-007,"BRH — Banque de la République d'Haïti, taux de référence calculé à l'achat"
2001-07-23,24.2071,0001.pdf,SRC-007,"BRH — Banque de la République d'Haïti, taux de référence calculé à l'achat"
2001-07-24,24.1072,0001.pdf,SRC-007,"BRH — Banque de la République d'Haïti, taux de référence calculé à l'achat"
2001-07-25,24.1472,0001.pdf,SRC-007,"BRH — Banque de la République d'Haïti, taux de référence calculé à l'achat"
2001-07-26,24.1492,0001.pdf,SRC-007,"BRH — Banque de la République d'Haïti, taux de référence calculé à l'achat"
2001-07-27,24.1247,0001.pdf,SRC-007,"BRH — Banque de la République d'Haïti, taux de référence calculé à l'achat"
2001-07-30,24.0276,0001.pdf,SRC-007,"BRH — Banque de la République d'Haïti, taux de référence calculé à l'achat"
2001-07-31,24.1052,0001.pdf,SRC-007,"BRH — Banque de la République d'Haïti, taux de référence calculé à l'achat"
2001-08-01,24.2224,0001.pdf,SRC-007,"BRH — Banque de la République d'Haïti, taux de référence calculé à l'achat"
2001-08-02,24.2194,0001.pdf,SRC-007,"BRH — Banque de la République d'Haïti, taux de référence calculé à l'achat"
2001-08-03,24.2006,0001.pdf,SRC-007,"BRH — Banque de la République d'Haïti, taux de référence calculé à l'achat"
2001-08-06,24.1422,0001.pdf,SRC-007,"BRH — Banque de la République d'Haïti, taux de référence calculé à l'achat"
2001-08-07,24.4701,0001.pdf,SRC-007,"BRH — Banque de la République d'Haïti, taux de référence calculé à l'achat"
2001-08-08,24.6883,0001.pdf,SRC-007,"BRH — Banque de la République d'Haïti, taux de référence calculé à l'achat"
2001-08-09,24.7864,0001.pdf,SRC-007,"BRH — Banque de la République d'Haïti, taux de référence calculé à l'achat"
2001-08-10,24.916,0001.pdf,SRC-007,"BRH — Banque de la République d'Haïti, taux de référence calculé à l'achat"
2001-08-13,25.166,0001.pdf,SRC-007,"BRH — Banque de la République d'Haïti, taux de référence calculé à l'achat"
2001-08-14,25.5169,0001.pdf,SRC-007,"BRH — Banque de la République d'Haïti, taux de référence calculé à l'achat"
2001-08-16,25.2801,0001.pdf,SRC-007,"BRH — Banque de la République d'Haïti, taux de référence calculé à l'achat"
2001-08-17,24.9873,0001.pdf,SRC-007,"BRH — Banque de la République d'Haïti, taux de référence calculé à l'achat"
2001-08-20,24.8125,0001.pdf,SRC-007,"BRH — Banque de la République d'Haïti, taux de référence calculé à l'achat"
2001-08-21,24.5044,0001.pdf,SRC-007,"BRH — Banque de la République d'Haïti, taux de référence calculé à l'achat"
2001-08-22,24.3107,0001.pdf,SRC-007,"BRH — Banque de la République d'Haïti, taux de référence calculé à l'achat"
2001-08-23,24.106,0001.pdf,SRC-007,"BRH — Banque de la République d'Haïti, taux de référence calculé à l'achat"
2001-08-24,24.1719,0001.pdf,SRC-007,"BRH — Banque de la République d'Haïti, taux de référence calculé à l'achat"
2001-08-27,24.4748,0001.pdf,SRC-007,"BRH — Banque de la République d'Haïti, taux de référence calculé à l'achat"
2001-08-28,24.4036,0001.pdf,SRC-007,"BRH — Banque de la République d'Haïti, taux de référence calculé à l'achat"
2001-08-29,24.3037,0001.pdf,SRC-007,"BRH — Banque de la République d'Haïti, taux de référence calculé à l'achat"
2001-08-30,24.2519,0001.pdf,SRC-007,"BRH — Banque de la République d'Haïti, taux de référence calculé à l'achat"
2001-08-31,24.4244,0001.pdf,SRC-007,"BRH — Banque de la République d'Haïti, taux de référence calculé à l'achat"
2001-09-03,24.6078,0001.pdf,SRC-007,"BRH — Banque de la République d'Haïti, taux de référence calculé à l'achat"
2001-09-04,24.4241,0001.pdf,SRC-007,"BRH — Banque de la République d'Haïti, taux de référence calculé à l'achat"
2001-09-05,24.5121,0001.pdf,SRC-007,"BRH — Banque de la République d'Haïti, taux de référence calculé à l'achat"
2001-09-06,24.6306,0001.pdf,SRC-007,"BRH — Banque de la République d'Haïti, taux de référence calculé à l'achat"
2001-09-07,24.6923,0001.pdf,SRC-007,"BRH — Banque de la République d'Haïti, taux de référence calculé à l'achat"
2001-09-10,24.5714,0001.pdf,SRC-007,"BRH — Banque de la République d'Haïti, taux de référence calculé à l'achat"
2001-09-11,24.7028,0001.pdf,SRC-007,"BRH — Banque de la République d'Haïti, taux de référence calculé à l'achat"
2001-09-12,24.9109,0001.pdf,SRC-007,"BRH — Banque de la République d'Haïti, taux de référence calculé à l'achat"
2001-09-13,24.9072,0001.pdf,SRC-007,"BRH — Banque de la République d'Haïti, taux de référence calculé à l'achat"
2001-09-14,25.153,0001.pdf,SRC-007,"BRH — Banque de la République d'Haïti, taux de référence calculé à l'achat"
2001-09-17,25.3749,0001.pdf,SRC-007,"BRH — Banque de la République d'Haïti, taux de référence calculé à l'achat"
2001-09-18,25.4699,0001.pdf,SRC-007,"BRH — Banque de la République d'Haïti, taux de référence calculé à l'achat"
2001-09-19,25.3288,0001.pdf,SRC-007,"BRH — Banque de la République d'Haïti, taux de référence calculé à l'achat"
2001-09-20,25.2464,0001.pdf,SRC-007,"BRH — Banque de la République d'Haïti, taux de référence calculé à l'achat"
2001-09-21,25.0655,0001.pdf,SRC-007,"BRH — Banque de la République d'Haïti, taux de référence calculé à l'achat"
2001-09-24,24.9248,0001.pdf,SRC-007,"BRH — Banque de la République d'Haïti, taux de référence calculé à l'achat"
2001-09-25,25.1442,0001.pdf,SRC-007,"BRH — Banque de la République d'Haïti, taux de référence calculé à l'achat"
2001-09-26,25.3533,0001.pdf,SRC-007,"BRH — Banque de la République d'Haïti, taux de référence calculé à l'achat"
2001-09-27,25.4723,0001.pdf,SRC-007,"BRH — Banque de la République d'Haïti, taux de référence calculé à l'achat"
2001-09-28,25.4927,0001.pdf,SRC-007,"BRH — Banque de la République d'Haïti, taux de référence calculé à l'achat"
2001-10-01,25.4349,0102.pdf,SRC-007,"BRH — Banque de la République d'Haïti, taux de référence calculé à l'achat"
2001-10-02,25.418,0102.pdf,SRC-007,"BRH — Banque de la République d'Haïti, taux de référence calculé à l'achat"
2001-10-03,25.3966,0102.pdf,SRC-007,"BRH — Banque de la République d'Haïti, taux de référence calculé à l'achat"
2001-10-04,25.325,0102.pdf,SRC-007,"BRH — Banque de la République d'Haïti, taux de référence calculé à l'achat"
2001-10-05,25.4075,0102.pdf,SRC-007,"BRH — Banque de la République d'Haïti, taux de référence calculé à l'achat"
2001-10-08,25.2513,0102.pdf,SRC-007,"BRH — Banque de la République d'Haïti, taux de référence calculé à l'achat"
2001-10-09,25.3421,0102.pdf,SRC-007,"BRH — Banque de la République d'Haïti, taux de référence calculé à l'achat"
2001-10-10,25.6381,0102.pdf,SRC-007,"BRH — Banque de la République d'Haïti, taux de référence calculé à l'achat"
2001-10-11,25.7134,0102.pdf,SRC-007,"BRH — Banque de la République d'Haïti, taux de référence calculé à l'achat"
2001-10-12,25.7983,0102.pdf,SRC-007,"BRH — Banque de la République d'Haïti, taux de référence calculé à l'achat"
2001-10-15,25.723,0102.pdf,SRC-007,"BRH — Banque de la République d'Haïti, taux de référence calculé à l'achat"
2001-10-16,25.742,0102.pdf,SRC-007,"BRH — Banque de la République d'Haïti, taux de référence calculé à l'achat"
2001-10-18,25.7382,0102.pdf,SRC-007,"BRH — Banque de la République d'Haïti, taux de référence calculé à l'achat"
2001-10-19,25.8225,0102.pdf,SRC-007,"BRH — Banque de la République d'Haïti, taux de référence calculé à l'achat"
2001-10-22,25.9094,0102.pdf,SRC-007,"BRH — Banque de la République d'Haïti, taux de référence calculé à l'achat"
2001-10-23,25.9003,0102.pdf,SRC-007,"BRH — Banque de la République d'Haïti, taux de référence calculé à l'achat"
2001-10-24,25.9404,0102.pdf,SRC-007,"BRH — Banque de la République d'Haïti, taux de référence calculé à l'achat"
2001-10-25,26.0016,0102.pdf,SRC-007,"BRH — Banque de la République d'Haïti, taux de référence calculé à l'achat"
2001-10-26,26.0031,0102.pdf,SRC-007,"BRH — Banque de la République d'Haïti, taux de référence calculé à l'achat"
2001-10-29,25.8794,0102.pdf,SRC-007,"BRH — Banque de la République d'Haïti, taux de référence calculé à l'achat"
2001-10-30,25.94,0102.pdf,SRC-007,"BRH — Banque de la République d'Haïti, taux de référence calculé à l'achat"
2001-10-31,26.0076,0102.pdf,SRC-007,"BRH — Banque de la République d'Haïti, taux de référence calculé à l'achat"
2001-11-05,26.0528,0102.pdf,SRC-007,"BRH — Banque de la République d'Haïti, taux de référence calculé à l'achat"
2001-11-06,26.1406,0102.pdf,SRC-007,"BRH — Banque de la République d'Haïti, taux de référence calculé à l'achat"
2001-11-07,26.0834,0102.pdf,SRC-007,"BRH — Banque de la République d'Haïti, taux de référence calculé à l'achat"
2001-11-08,26.1084,0102.pdf,SRC-007,"BRH — Banque de la République d'Haïti, taux de référence calculé à l'achat"
2001-11-09,26.1556,0102.pdf,SRC-007,"BRH — Banque de la République d'Haïti, taux de référence calculé à l'achat"
2001-11-12,26.1662,0102.pdf,SRC-007,"BRH — Banque de la République d'Haïti, taux de référence calculé à l'achat"
2001-11-13,26.2555,0102.pdf,SRC-007,"BRH — Banque de la République d'Haïti, taux de référence calculé à l'achat"
2001-11-14,26.4606,0102.pdf,SRC-007,"BRH — Banque de la République d'Haïti, taux de référence calculé à l'achat"
2001-11-15,26.5415,0102.pdf,SRC-007,"BRH — Banque de la République d'Haïti, taux de référence calculé à l'achat"
2001-11-16,26.6953,0102.pdf,SRC-007,"BRH — Banque de la République d'Haïti, taux de référence calculé à l'achat"
2001-11-19,26.8919,0102.pdf,SRC-007,"BRH — Banque de la République d'Haïti, taux de référence calculé à l'achat"
2001-11-20,27.0541,0102.pdf,SRC-007,"BRH — Banque de la République d'Haïti, taux de référence calculé à l'achat"
2001-11-21,27.2614,0102.pdf,SRC-007,"BRH — Banque de la République d'Haïti, taux de référence calculé à l'achat"
2001-11-22,27.1785,0102.pdf,SRC-007,"BRH — Banque de la République d'Haïti, taux de référence calculé à l'achat"
2001-11-23,27.2294,0102.pdf,SRC-007,"BRH — Banque de la République d'Haïti, taux de référence calculé à l'achat"
2001-11-26,27.0827,0102.pdf,SRC-007,"BRH — Banque de la République d'Haïti, taux de référence calculé à l'achat"
2001-11-27,26.7451,0102.pdf,SRC-007,"BRH — Banque de la République d'Haïti, taux de référence calculé à l'achat"
2001-11-28,26.3826,0102.pdf,SRC-007,"BRH — Banque de la République d'Haïti, taux de référence calculé à l'achat"
2001-11-29,25.9722,0102.pdf,SRC-007,"BRH — Banque de la République d'Haïti, taux de référence calculé à l'achat"
2001-11-30,25.9602,0102.pdf,SRC-007,"BRH — Banque de la République d'Haïti, taux de référence calculé à l'achat"
2001-12-03,25.008,0102.pdf,SRC-007,"BRH — Banque de la République d'Haïti, taux de référence calculé à l'achat"
2001-12-04,25.8932,0102.pdf,SRC-007,"BRH — Banque de la République d'Haïti, taux de référence calculé à l'achat"
2001-12-05,26.058,0102.pdf,SRC-007,"BRH — Banque de la République d'Haïti, taux de référence calculé à l'achat"
2001-12-06,26.4754,0102.pdf,SRC-007,"BRH — Banque de la République d'Haïti, taux de référence calculé à l'achat"
2001-12-07,26.8597,0102.pdf,SRC-007,"BRH — Banque de la République d'Haïti, taux de référence calculé à l'achat"
2001-12-10,26.529,0102.pdf,SRC-007,"BRH — Banque de la République d'Haïti, taux de référence calculé à l'achat"
2001-12-11,26.579,0102.pdf,SRC-007,"BRH — Banque de la République d'Haïti, taux de référence calculé à l'achat"
2001-12-12,26.2796,0102.pdf,SRC-007,"BRH — Banque de la République d'Haïti, taux de référence calculé à l'achat"
2001-12-13,26.1261,0102.pdf,SRC-007,"BRH — Banque de la République d'Haïti, taux de référence calculé à l'achat"
2001-12-14,25.8544,0102.pdf,SRC-007,"BRH — Banque de la République d'Haïti, taux de référence calculé à l'achat"
2001-12-18,25.9983,0102.pdf,SRC-007,"BRH — Banque de la République d'Haïti, taux de référence calculé à l'achat"
2001-12-19,26.0305,0102.pdf,SRC-007,"BRH — Banque de la République d'Haïti, taux de référence calculé à l'achat"
2001-12-20,26.2188,0102.pdf,SRC-007,"BRH — Banque de la République d'Haïti, taux de référence calculé à l'achat"
2001-12-21,26.2514,0102.pdf,SRC-007,"BRH — Banque de la République d'Haïti, taux de référence calculé à l'achat"
2001-12-24,26.233,0102.pdf,SRC-007,"BRH — Banque de la République d'Haïti, taux de référence calculé à l'achat"
2001-12-26,26.119,0102.pdf,SRC-007,"BRH — Banque de la République d'Haïti, taux de référence calculé à l'achat"
2001-12-27,26.1893,0102.pdf,SRC-007,"BRH — Banque de la République d'Haïti, taux de référence calculé à l'achat"
2001-12-28,26.1979,0102.pdf,SRC-007,"BRH — Banque de la République d'Haïti, taux de référence calculé à l'achat"
2001-12-31,26.3389,0102.pdf,SRC-007,"BRH — Banque de la République d'Haïti, taux de référence calculé à l'achat"
2002-01-03,26.2702,0102.pdf,SRC-007,"BRH — Banque de la République d'Haïti, taux de référence calculé à l'achat"
2002-01-04,26.2535,0102.pdf,SRC-007,"BRH — Banque de la République d'Haïti, taux de référence calculé à l'achat"
2002-01-07,26.363,0102.pdf,SRC-007,"BRH — Banque de la République d'Haïti, taux de référence calculé à l'achat"
2002-01-08,26.4544,0102.pdf,SRC-007,"BRH — Banque de la République d'Haïti, taux de référence calculé à l'achat"
2002-01-09,26.5461,0102.pdf,SRC-007,"BRH — Banque de la République d'Haïti, taux de référence calculé à l'achat"
2002-01-10,26.7058,0102.pdf,SRC-007,"BRH — Banque de la République d'Haïti, taux de référence calculé à l'achat"
2002-01-11,26.797,0102.pdf,SRC-007,"BRH — Banque de la République d'Haïti, taux de référence calculé à l'achat"
2002-01-14,26.6061,0102.pdf,SRC-007,"BRH — Banque de la République d'Haïti, taux de référence calculé à l'achat"
2002-01-15,26.5281,0102.pdf,SRC-007,"BRH — Banque de la République d'Haïti, taux de référence calculé à l'achat"
2002-01-16,26.4305,0102.pdf,SRC-007,"BRH — Banque de la République d'Haïti, taux de référence calculé à l'achat"
2002-01-17,26.4872,0102.pdf,SRC-007,"BRH — Banque de la République d'Haïti, taux de référence calculé à l'achat"
2002-01-18,26.5117,0102.pdf,SRC-007,"BRH — Banque de la République d'Haïti, taux de référence calculé à l'achat"
2002-01-21,26.6897,0102.pdf,SRC-007,"BRH — Banque de la République d'Haïti, taux de référence calculé à l'achat"
2002-01-22,27.0736,0102.pdf,SRC-007,"BRH — Banque de la République d'Haïti, taux de référence calculé à l'achat"
2002-01-23,27.0393,0102.pdf,SRC-007,"BRH — Banque de la République d'Haïti, taux de référence calculé à l'achat"
2002-01-24,26.8383,0102.pdf,SRC-007,"BRH — Banque de la République d'Haïti, taux de référence calculé à l'achat"
2002-01-25,26.6307,0102.pdf,SRC-007,"BRH — Banque de la République d'Haïti, taux de référence calculé à l'achat"
2002-01-28,26.7009,0102.pdf,SRC-007,"BRH — Banque de la République d'Haïti, taux de référence calculé à l'achat"
2002-01-29,26.8614,0102.pdf,SRC-007,"BRH — Banque de la République d'Haïti, taux de référence calculé à l'achat"
2002-01-30,26.8285,0102.pdf,SRC-007,"BRH — Banque de la République d'Haïti, taux de référence calculé à l'achat"
2002-01-31,26.6744,0102.pdf,SRC-007,"BRH — Banque de la République d'Haïti, taux de référence calculé à l'achat"
2002-02-01,26.7869,0102.pdf,SRC-007,"BRH — Banque de la République d'Haïti, taux de référence calculé à l'achat"
2002-02-04,26.6362,0102.pdf,SRC-007,"BRH — Banque de la République d'Haïti, taux de référence calculé à l'achat"
2002-02-05,26.4995,0102.pdf,SRC-007,"BRH — Banque de la République d'Haïti, taux de référence calculé à l'achat"
2002-02-06,26.5596,0102.pdf,SRC-007,"BRH — Banque de la République d'Haïti, taux de référence calculé à l'achat"
2002-02-07,26.5482,0102.pdf,SRC-007,"BRH — Banque de la République d'Haïti, taux de référence calculé à l'achat"
2002-02-08,26.6416,0102.pdf,SRC-007,"BRH — Banque de la République d'Haïti, taux de référence calculé à l'achat"
2002-02-13,26.6372,0102.pdf,SRC-007,"BRH — Banque de la République d'Haïti, taux de référence calculé à l'achat"
2002-02-14,26.7474,0102.pdf,SRC-007,"BRH — Banque de la République d'Haïti, taux de référence calculé à l'achat"
2002-02-15,26.7635,0102.pdf,SRC-007,"BRH — Banque de la République d'Haïti, taux de référence calculé à l'achat"
2002-02-18,26.8989,0102.pdf,SRC-007,"BRH — Banque de la République d'Haïti, taux de référence calculé à l'achat"
2002-02-19,26.8824,0102.pdf,SRC-007,"BRH — Banque de la République d'Haïti, taux de référence calculé à l'achat"
2002-02-20,26.6753,0102.pdf,SRC-007,"BRH — Banque de la République d'Haïti, taux de référence calculé à l'achat"
2002-02-21,26.7489,0102.pdf,SRC-007,"BRH — Banque de la République d'Haïti, taux de référence calculé à l'achat"
2002-02-22,26.6842,0102.pdf,SRC-007,"BRH — Banque de la République d'Haïti, taux de référence calculé à l'achat"
2002-02-25,26.7676,0102.pdf,SRC-007,"BRH — Banque de la République d'Haïti, taux de référence calculé à l'achat"
2002-02-26,26.8668,0102.pdf,SRC-007,"BRH — Banque de la République d'Haïti, taux de référence calculé à l'achat"
2002-02-27,27.0013,0102.pdf,SRC-007,"BRH — Banque de la République d'Haïti, taux de référence calculé à l'achat"
2002-02-28,27.1982,0102.pdf,SRC-007,"BRH — Banque de la République d'Haïti, taux de référence calculé à l'achat"
2002-03-01,27.0474,0102.pdf,SRC-007,"BRH — Banque de la République d'Haïti, taux de référence calculé à l'achat"
2002-03-04,27.1054,0102.pdf,SRC-007,"BRH — Banque de la République d'Haïti, taux de référence calculé à l'achat"
2002-03-05,26.8362,0102.pdf,SRC-007,"BRH — Banque de la République d'Haïti, taux de référence calculé à l'achat"
2002-03-06,26.797,0102.pdf,SRC-007,"BRH — Banque de la République d'Haïti, taux de référence calculé à l'achat"
2002-03-07,26.8321,0102.pdf,SRC-007,"BRH — Banque de la République d'Haïti, taux de référence calculé à l'achat"
2002-03-08,26.9154,0102.pdf,SRC-007,"BRH — Banque de la République d'Haïti, taux de référence calculé à l'achat"
2002-03-11,26.9367,0102.pdf,SRC-007,"BRH — Banque de la République d'Haïti, taux de référence calculé à l'achat"
2002-03-12,26.9615,0102.pdf,SRC-007,"BRH — Banque de la République d'Haïti, taux de référence calculé à l'achat"
2002-03-13,26.9814,0102.pdf,SRC-007,"BRH — Banque de la République d'Haïti, taux de référence calculé à l'achat"
2002-03-14,26.9353,0102.pdf,SRC-007,"BRH — Banque de la République d'Haïti, taux de référence calculé à l'achat"
2002-03-15,26.9312,0102.pdf,SRC-007,"BRH — Banque de la République d'Haïti, taux de référence calculé à l'achat"
2002-03-18,26.8738,0102.pdf,SRC-007,"BRH — Banque de la République d'Haïti, taux de référence calculé à l'achat"
2002-03-19,26.9734,0102.pdf,SRC-007,"BRH — Banque de la République d'Haïti, taux de référence calculé à l'achat"
2002-03-20,26.9115,0102.pdf,SRC-007,"BRH — Banque de la République d'Haïti, taux de référence calculé à l'achat"
2002-03-21,26.9207,0102.pdf,SRC-007,"BRH — Banque de la République d'Haïti, taux de référence calculé à l'achat"
2002-03-22,26.9633,0102.pdf,SRC-007,"BRH — Banque de la République d'Haïti, taux de référence calculé à l'achat"
2002-03-25,26.9749,0102.pdf,SRC-007,"BRH — Banque de la République d'Haïti, taux de référence calculé à l'achat"
2002-03-26,26.9411,0102.pdf,SRC-007,"BRH — Banque de la République d'Haïti, taux de référence calculé à l'achat"
2002-03-27,26.9198,0102.pdf,SRC-007,"BRH — Banque de la République d'Haïti, taux de référence calculé à l'achat"
2002-03-28,26.7658,0102.pdf,SRC-007,"BRH — Banque de la République d'Haïti, taux de référence calculé à l'achat"
2002-04-01,26.8816,0102.pdf,SRC-007,"BRH — Banque de la République d'Haïti, taux de référence calculé à l'achat"
2002-04-02,26.816,0102.pdf,SRC-007,"BRH — Banque de la République d'Haïti, taux de référence calculé à l'achat"
2002-04-03,26.7752,0102.pdf,SRC-007,"BRH — Banque de la République d'Haïti, taux de référence calculé à l'achat"
2002-04-04,26.753,0102.pdf,SRC-007,"BRH — Banque de la République d'Haïti, taux de référence calculé à l'achat"
2002-04-05,26.6951,0102.pdf,SRC-007,"BRH — Banque de la République d'Haïti, taux de référence calculé à l'achat"
2002-04-08,26.6996,0102.pdf,SRC-007,"BRH — Banque de la République d'Haïti, taux de référence calculé à l'achat"
2002-04-09,26.6492,0102.pdf,SRC-007,"BRH — Banque de la République d'Haïti, taux de référence calculé à l'achat"
2002-04-10,26.4498,0102.pdf,SRC-007,"BRH — Banque de la République d'Haïti, taux de référence calculé à l'achat"
2002-04-11,26.6337,0102.pdf,SRC-007,"BRH — Banque de la République d'Haïti, taux de référence calculé à l'achat"
2002-04-12,26.5869,0102.pdf,SRC-007,"BRH — Banque de la République d'Haïti, taux de référence calculé à l'achat"
2002-04-15,26.6766,0102.pdf,SRC-007,"BRH — Banque de la République d'Haïti, taux de référence calculé à l'achat"
2002-04-16,26.6434,0102.pdf,SRC-007,"BRH — Banque de la République d'Haïti, taux de référence calculé à l'achat"
2002-04-17,26.519,0102.pdf,SRC-007,"BRH — Banque de la République d'Haïti, taux de référence calculé à l'achat"
2002-04-18,26.6605,0102.pdf,SRC-007,"BRH — Banque de la République d'Haïti, taux de référence calculé à l'achat"
2002-04-19,26.6818,0102.pdf,SRC-007,"BRH — Banque de la République d'Haïti, taux de référence calculé à l'achat"
2002-04-22,26.592,0102.pdf,SRC-007,"BRH — Banque de la République d'Haïti, taux de référence calculé à l'achat"
2002-04-23,26.5639,0102.pdf,SRC-007,"BRH — Banque de la République d'Haïti, taux de référence calculé à l'achat"
2002-04-24,26.6657,0102.pdf,SRC-007,"BRH — Banque de la République d'Haïti, taux de référence calculé à l'achat"
2002-04-25,26.6674,0102.pdf,SRC-007,"BRH — Banque de la République d'Haïti, taux de référence calculé à l'achat"
2002-04-26,26.6734,0102.pdf,SRC-007,"BRH — Banque de la République d'Haïti, taux de référence calculé à l'achat"
2002-04-29,26.6604,0102.pdf,SRC-007,"BRH — Banque de la République d'Haïti, taux de référence calculé à l'achat"
2002-04-30,26.6768,0102.pdf,SRC-007,"BRH — Banque de la République d'Haïti, taux de référence calculé à l'achat"
2002-05-02,26.6391,0102.pdf,SRC-007,"BRH — Banque de la République d'Haïti, taux de référence calculé à l'achat"
2002-05-03,26.6799,0102.pdf,SRC-007,"BRH — Banque de la République d'Haïti, taux de référence calculé à l'achat"
2002-05-06,26.595,0102.pdf,SRC-007,"BRH — Banque de la République d'Haïti, taux de référence calculé à l'achat"
2002-05-07,26.6701,0102.pdf,SRC-007,"BRH — Banque de la République d'Haïti, taux de référence calculé à l'achat"
2002-05-08,26.6677,0102.pdf,SRC-007,"BRH — Banque de la République d'Haïti, taux de référence calculé à l'achat"
2002-05-09,26.7012,0102.pdf,SRC-007,"BRH — Banque de la République d'Haïti, taux de référence calculé à l'achat"
2002-05-10,26.7149,0102.pdf,SRC-007,"BRH — Banque de la République d'Haïti, taux de référence calculé à l'achat"
2002-05-13,26.707,0102.pdf,SRC-007,"BRH — Banque de la République d'Haïti, taux de référence calculé à l'achat"
2002-05-14,26.7753,0102.pdf,SRC-007,"BRH — Banque de la République d'Haïti, taux de référence calculé à l'achat"
2002-05-15,26.8173,0102.pdf,SRC-007,"BRH — Banque de la République d'Haïti, taux de référence calculé à l'achat"
2002-05-16,26.7776,0102.pdf,SRC-007,"BRH — Banque de la République d'Haïti, taux de référence calculé à l'achat"
2002-05-17,26.9254,0102.pdf,SRC-007,"BRH — Banque de la République d'Haïti, taux de référence calculé à l'achat"
2002-05-20,26.9122,0102.pdf,SRC-007,"BRH — Banque de la République d'Haïti, taux de référence calculé à l'achat"
2002-05-21,26.9282,0102.pdf,SRC-007,"BRH — Banque de la République d'Haïti, taux de référence calculé à l'achat"
2002-05-22,26.8764,0102.pdf,SRC-007,"BRH — Banque de la République d'Haïti, taux de référence calculé à l'achat"
2002-05-23,26.8481,0102.pdf,SRC-007,"BRH — Banque de la République d'Haïti, taux de référence calculé à l'achat"
2002-05-24,26.8917,0102.pdf,SRC-007,"BRH — Banque de la République d'Haïti, taux de référence calculé à l'achat"
2002-05-27,26.9068,0102.pdf,SRC-007,"BRH — Banque de la République d'Haïti, taux de référence calculé à l'achat"
2002-05-28,26.9356,0102.pdf,SRC-007,"BRH — Banque de la République d'Haïti, taux de référence calculé à l'achat"
2002-05-29,26.9268,0102.pdf,SRC-007,"BRH — Banque de la République d'Haïti, taux de référence calculé à l'achat"
2002-05-31,26.9701,0102.pdf,SRC-007,"BRH — Banque de la République d'Haïti, taux de référence calculé à l'achat"
2002-06-03,26.9498,0102.pdf,SRC-007,"BRH — Banque de la République d'Haïti, taux de référence calculé à l'achat"
2002-06-04,26.9569,0102.pdf,SRC-007,"BRH — Banque de la République d'Haïti, taux de référence calculé à l'achat"
2002-06-05,27.0115,0102.pdf,SRC-007,"BRH — Banque de la République d'Haïti, taux de référence calculé à l'achat"
2002-06-06,26.9932,0102.pdf,SRC-007,"BRH — Banque de la République d'Haïti, taux de référence calculé à l'achat"
2002-06-07,26.9904,0102.pdf,SRC-007,"BRH — Banque de la République d'Haïti, taux de référence calculé à l'achat"
2002-06-10,26.9742,0102.pdf,SRC-007,"BRH — Banque de la République d'Haïti, taux de référence calculé à l'achat"
2002-06-11,27.0005,0102.pdf,SRC-007,"BRH — Banque de la République d'Haïti, taux de référence calculé à l'achat"
2002-06-12,26.9692,0102.pdf,SRC-007,"BRH — Banque de la République d'Haïti, taux de référence calculé à l'achat"
2002-06-13,26.9926,0102.pdf,SRC-007,"BRH — Banque de la République d'Haïti, taux de référence calculé à l'achat"
2002-06-14,27.0639,0102.pdf,SRC-007,"BRH — Banque de la République d'Haïti, taux de référence calculé à l'achat"
2002-06-17,27.0263,0102.pdf,SRC-007,"BRH — Banque de la République d'Haïti, taux de référence calculé à l'achat"
2002-06-18,27.1056,0102.pdf,SRC-007,"BRH — Banque de la République d'Haïti, taux de référence calculé à l'achat"
2002-06-19,27.2139,0102.pdf,SRC-007,"BRH — Banque de la République d'Haïti, taux de référence calculé à l'achat"
2002-06-20,27.2281,0102.pdf,SRC-007,"BRH — Banque de la République d'Haïti, taux de référence calculé à l'achat"
2002-06-21,27.247,0102.pdf,SRC-007,"BRH — Banque de la République d'Haïti, taux de référence calculé à l'achat"
2002-06-24,27.2252,0102.pdf,SRC-007,"BRH — Banque de la République d'Haïti, taux de référence calculé à l'achat"
2002-06-25,27.2661,0102.pdf,SRC-007,"BRH — Banque de la République d'Haïti, taux de référence calculé à l'achat"
2002-06-26,27.246,0102.pdf,SRC-007,"BRH — Banque de la République d'Haïti, taux de référence calculé à l'achat"
2002-06-27,27.2091,0102.pdf,SRC-007,"BRH — Banque de la République d'Haïti, taux de référence calculé à l'achat"
2002-06-28,27.2819,0102.pdf,SRC-007,"BRH — Banque de la République d'Haïti, taux de référence calculé à l'achat"
2002-07-01,27.3087,0102.pdf,SRC-007,"BRH — Banque de la République d'Haïti, taux de référence calculé à l'achat"
2002-07-02,27.338,0102.pdf,SRC-007,"BRH — Banque de la République d'Haïti, taux de référence calculé à l'achat"
2002-07-03,27.3891,0102.pdf,SRC-007,"BRH — Banque de la République d'Haïti, taux de référence calculé à l'achat"
2002-07-04,27.3705,0102.pdf,SRC-007,"BRH — Banque de la République d'Haïti, taux de référence calculé à l'achat"
2002-07-05,27.4059,0102.pdf,SRC-007,"BRH — Banque de la République d'Haïti, taux de référence calculé à l'achat"
2002-07-08,27.4668,0102.pdf,SRC-007,"BRH — Banque de la République d'Haïti, taux de référence calculé à l'achat"
2002-07-09,27.4963,0102.pdf,SRC-007,"BRH — Banque de la République d'Haïti, taux de référence calculé à l'achat"
2002-07-10,27.563,0102.pdf,SRC-007,"BRH — Banque de la République d'Haïti, taux de référence calculé à l'achat"
2002-07-11,27.6863,0102.pdf,SRC-007,"BRH — Banque de la République d'Haïti, taux de référence calculé à l'achat"
2002-07-12,27.8957,0102.pdf,SRC-007,"BRH — Banque de la République d'Haïti, taux de référence calculé à l'achat"
2002-07-15,27.97,0102.pdf,SRC-007,"BRH — Banque de la République d'Haïti, taux de référence calculé à l'achat"
2002-07-16,28.22,0102.pdf,SRC-007,"BRH — Banque de la République d'Haïti, taux de référence calculé à l'achat"
2002-07-17,28.2156,0102.pdf,SRC-007,"BRH — Banque de la République d'Haïti, taux de référence calculé à l'achat"
2002-07-18,28.5935,0102.pdf,SRC-007,"BRH — Banque de la République d'Haïti, taux de référence calculé à l'achat"
2002-07-19,28.9351,0102.pdf,SRC-007,"BRH — Banque de la République d'Haïti, taux de référence calculé à l'achat"
2002-07-22,29.0591,0102.pdf,SRC-007,"BRH — Banque de la République d'Haïti, taux de référence calculé à l'achat"
2002-07-23,28.371,0102.pdf,SRC-007,"BRH — Banque de la République d'Haïti, taux de référence calculé à l'achat"
2002-07-24,28.2766,0102.pdf,SRC-007,"BRH — Banque de la République d'Haïti, taux de référence calculé à l'achat"
2002-07-25,27.9363,0102.pdf,SRC-007,"BRH — Banque de la République d'Haïti, taux de référence calculé à l'achat"
2002-07-26,27.8618,0102.pdf,SRC-007,"BRH — Banque de la République d'Haïti, taux de référence calculé à l'achat"
2002-07-29,28.0485,0102.pdf,SRC-007,"BRH — Banque de la République d'Haïti, taux de référence calculé à l'achat"
2002-07-30,28.3818,0102.pdf,SRC-007,"BRH — Banque de la République d'Haïti, taux de référence calculé à l'achat"
2002-07-31,28.4377,0102.pdf,SRC-007,"BRH — Banque de la République d'Haïti, taux de référence calculé à l'achat"
2002-08-01,28.6582,0102.pdf,SRC-007,"BRH — Banque de la République d'Haïti, taux de référence calculé à l'achat"
2002-08-02,28.817,0102.pdf,SRC-007,"BRH — Banque de la République d'Haïti, taux de référence calculé à l'achat"
2002-08-05,28.5748,0102.pdf,SRC-007,"BRH — Banque de la République d'Haïti, taux de référence calculé à l'achat"
2002-08-06,28.5831,0102.pdf,SRC-007,"BRH — Banque de la République d'Haïti, taux de référence calculé à l'achat"
2002-08-07,28.416,0102.pdf,SRC-007,"BRH — Banque de la République d'Haïti, taux de référence calculé à l'achat"
2002-08-08,28.3342,0102.pdf,SRC-007,"BRH — Banque de la République d'Haïti, taux de référence calculé à l'achat"
2002-08-09,28.4259,0102.pdf,SRC-007,"BRH — Banque de la République d'Haïti, taux de référence calculé à l'achat"
2002-08-12,28.5798,0102.pdf,SRC-007,"BRH — Banque de la République d'Haïti, taux de référence calculé à l'achat"
2002-08-13,28.723,0102.pdf,SRC-007,"BRH — Banque de la République d'Haïti, taux de référence calculé à l'achat"
2002-08-14,28.8839,0102.pdf,SRC-007,"BRH — Banque de la République d'Haïti, taux de référence calculé à l'achat"
2002-08-16,28.8476,0102.pdf,SRC-007,"BRH — Banque de la République d'Haïti, taux de référence calculé à l'achat"
2002-08-19,28.8511,0102.pdf,SRC-007,"BRH — Banque de la République d'Haïti, taux de référence calculé à l'achat"
2002-08-20,28.6843,0102.pdf,SRC-007,"BRH — Banque de la République d'Haïti, taux de référence calculé à l'achat"
2002-08-21,28.6339,0102.pdf,SRC-007,"BRH — Banque de la République d'Haïti, taux de référence calculé à l'achat"
2002-08-22,28.4769,0102.pdf,SRC-007,"BRH — Banque de la République d'Haïti, taux de référence calculé à l'achat"
2002-08-23,28.5342,0102.pdf,SRC-007,"BRH — Banque de la République d'Haïti, taux de référence calculé à l'achat"
2002-08-26,28.6098,0102.pdf,SRC-007,"BRH — Banque de la République d'Haïti, taux de référence calculé à l'achat"
2002-08-27,28.7657,0102.pdf,SRC-007,"BRH — Banque de la République d'Haïti, taux de référence calculé à l'achat"
2002-08-28,28.9776,0102.pdf,SRC-007,"BRH — Banque de la République d'Haïti, taux de référence calculé à l'achat"
2002-08-29,28.9412,0102.pdf,SRC-007,"BRH — Banque de la République d'Haïti, taux de référence calculé à l'achat"
2002-08-30,28.9412,0102.pdf,SRC-007,"BRH — Banque de la République d'Haïti, taux de référence calculé à l'achat"
2002-09-02,28.6715,0102.pdf,SRC-007,"BRH — Banque de la République d'Haïti, taux de référence calculé à l'achat"
2002-09-03,28.7609,0102.pdf,SRC-007,"BRH — Banque de la République d'Haïti, taux de référence calculé à l'achat"
2002-09-04,28.8969,0102.pdf,SRC-007,"BRH — Banque de la République d'Haïti, taux de référence calculé à l'achat"
2002-09-05,28.9208,0102.pdf,SRC-007,"BRH — Banque de la République d'Haïti, taux de référence calculé à l'achat"
2002-09-06,28.8963,0102.pdf,SRC-007,"BRH — Banque de la République d'Haïti, taux de référence calculé à l'achat"
2002-09-09,28.8165,0102.pdf,SRC-007,"BRH — Banque de la République d'Haïti, taux de référence calculé à l'achat"
2002-09-10,28.891,0102.pdf,SRC-007,"BRH — Banque de la République d'Haïti, taux de référence calculé à l'achat"
2002-09-11,28.9404,0102.pdf,SRC-007,"BRH — Banque de la République d'Haïti, taux de référence calculé à l'achat"
2002-09-12,28.9385,0102.pdf,SRC-007,"BRH — Banque de la République d'Haïti, taux de référence calculé à l'achat"
2002-09-13,28.9387,0102.pdf,SRC-007,"BRH — Banque de la République d'Haïti, taux de référence calculé à l'achat"
2002-09-16,28.9126,0102.pdf,SRC-007,"BRH — Banque de la République d'Haïti, taux de référence calculé à l'achat"
2002-09-17,29.0561,0102.pdf,SRC-007,"BRH — Banque de la République d'Haïti, taux de référence calculé à l'achat"
2002-09-18,29.1475,0102.pdf,SRC-007,"BRH — Banque de la République d'Haïti, taux de référence calculé à l'achat"
2002-09-19,29.1009,0102.pdf,SRC-007,"BRH — Banque de la République d'Haïti, taux de référence calculé à l'achat"
2002-09-20,29.1038,0102.pdf,SRC-007,"BRH — Banque de la République d'Haïti, taux de référence calculé à l'achat"
2002-09-23,29.1122,0102.pdf,SRC-007,"BRH — Banque de la République d'Haïti, taux de référence calculé à l'achat"
2002-09-24,29.1738,0102.pdf,SRC-007,"BRH — Banque de la République d'Haïti, taux de référence calculé à l'achat"
2002-09-25,29.2821,0102.pdf,SRC-007,"BRH — Banque de la République d'Haïti, taux de référence calculé à l'achat"
2002-09-26,29.4391,0102.pdf,SRC-007,"BRH — Banque de la République d'Haïti, taux de référence calculé à l'achat"
2002-09-27,29.592,0102.pdf,SRC-007,"BRH — Banque de la République d'Haïti, taux de référence calculé à l'achat"
2002-09-30,29.6984,0102.pdf,SRC-007,"BRH — Banque de la République d'Haïti, taux de référence calculé à l'achat"
2002-10-01,29.7633,0203.pdf,SRC-007,"BRH — Banque de la République d'Haïti, taux de référence calculé à l'achat"
2002-10-02,29.8976,0203.pdf,SRC-007,"BRH — Banque de la République d'Haïti, taux de référence calculé à l'achat"
2002-10-03,29.8808,0203.pdf,SRC-007,"BRH — Banque de la République d'Haïti, taux de référence calculé à l'achat"
2002-10-04,29.6734,0203.pdf,SRC-007,"BRH — Banque de la République d'Haïti, taux de référence calculé à l'achat"
2002-10-07,29.6824,0203.pdf,SRC-007,"BRH — Banque de la République d'Haïti, taux de référence calculé à l'achat"
2002-10-08,29.6505,0203.pdf,SRC-007,"BRH — Banque de la République d'Haïti, taux de référence calculé à l'achat"
2002-10-09,29.8819,0203.pdf,SRC-007,"BRH — Banque de la République d'Haïti, taux de référence calculé à l'achat"
2002-10-10,30.0132,0203.pdf,SRC-007,"BRH — Banque de la République d'Haïti, taux de référence calculé à l'achat"
2002-10-11,30.2489,0203.pdf,SRC-007,"BRH — Banque de la République d'Haïti, taux de référence calculé à l'achat"
2002-10-14,30.2778,0203.pdf,SRC-007,"BRH — Banque de la République d'Haïti, taux de référence calculé à l'achat"
2002-10-15,30.8643,0203.pdf,SRC-007,"BRH — Banque de la République d'Haïti, taux de référence calculé à l'achat"
2002-10-16,31.283,0203.pdf,SRC-007,"BRH — Banque de la République d'Haïti, taux de référence calculé à l'achat"
2002-10-18,31.2871,0203.pdf,SRC-007,"BRH — Banque de la République d'Haïti, taux de référence calculé à l'achat"
2002-10-21,30.918,0203.pdf,SRC-007,"BRH — Banque de la République d'Haïti, taux de référence calculé à l'achat"
2002-10-22,31.0142,0203.pdf,SRC-007,"BRH — Banque de la République d'Haïti, taux de référence calculé à l'achat"
2002-10-23,31.137,0203.pdf,SRC-007,"BRH — Banque de la République d'Haïti, taux de référence calculé à l'achat"
2002-10-24,31.7996,0203.pdf,SRC-007,"BRH — Banque de la République d'Haïti, taux de référence calculé à l'achat"
2002-10-25,32.2286,0203.pdf,SRC-007,"BRH — Banque de la République d'Haïti, taux de référence calculé à l'achat"
2002-10-28,33.1464,0203.pdf,SRC-007,"BRH — Banque de la République d'Haïti, taux de référence calculé à l'achat"
2002-10-29,34.1126,0203.pdf,SRC-007,"BRH — Banque de la République d'Haïti, taux de référence calculé à l'achat"
2002-10-30,34.0573,0203.pdf,SRC-007,"BRH — Banque de la République d'Haïti, taux de référence calculé à l'achat"
2002-10-31,32.9547,0203.pdf,SRC-007,"BRH — Banque de la République d'Haïti, taux de référence calculé à l'achat"
2002-11-04,32.5902,0203.pdf,SRC-007,"BRH — Banque de la République d'Haïti, taux de référence calculé à l'achat"
2002-11-05,33.7518,0203.pdf,SRC-007,"BRH — Banque de la République d'Haïti, taux de référence calculé à l'achat"
2002-11-06,35.0076,0203.pdf,SRC-007,"BRH — Banque de la République d'Haïti, taux de référence calculé à l'achat"
2002-11-07,36.2122,0203.pdf,SRC-007,"BRH — Banque de la République d'Haïti, taux de référence calculé à l'achat"
2002-11-08,37.588,0203.pdf,SRC-007,"BRH — Banque de la République d'Haïti, taux de référence calculé à l'achat"
2002-11-11,36.8402,0203.pdf,SRC-007,"BRH — Banque de la République d'Haïti, taux de référence calculé à l'achat"
2002-11-12,36.1847,0203.pdf,SRC-007,"BRH — Banque de la République d'Haïti, taux de référence calculé à l'achat"
2002-11-13,35.6814,0203.pdf,SRC-007,"BRH — Banque de la République d'Haïti, taux de référence calculé à l'achat"
2002-11-14,35.4626,0203.pdf,SRC-007,"BRH — Banque de la République d'Haïti, taux de référence calculé à l'achat"
2002-11-15,35.4576,0203.pdf,SRC-007,"BRH — Banque de la République d'Haïti, taux de référence calculé à l'achat"
2002-11-19,36.0757,0203.pdf,SRC-007,"BRH — Banque de la République d'Haïti, taux de référence calculé à l'achat"
2002-11-20,36.9797,0203.pdf,SRC-007,"BRH — Banque de la République d'Haïti, taux de référence calculé à l'achat"
2002-11-21,37.3619,0203.pdf,SRC-007,"BRH — Banque de la République d'Haïti, taux de référence calculé à l'achat"
2002-11-25,36.9942,0203.pdf,SRC-007,"BRH — Banque de la République d'Haïti, taux de référence calculé à l'achat"
2002-11-26,37.1434,0203.pdf,SRC-007,"BRH — Banque de la République d'Haïti, taux de référence calculé à l'achat"
2002-11-27,36.857,0203.pdf,SRC-007,"BRH — Banque de la République d'Haïti, taux de référence calculé à l'achat"
2002-11-28,37.1401,0203.pdf,SRC-007,"BRH — Banque de la République d'Haïti, taux de référence calculé à l'achat"
2002-11-29,37.2729,0203.pdf,SRC-007,"BRH — Banque de la République d'Haïti, taux de référence calculé à l'achat"
2002-12-02,36.8496,0203.pdf,SRC-007,"BRH — Banque de la République d'Haïti, taux de référence calculé à l'achat"
2002-12-03,37.2752,0203.pdf,SRC-007,"BRH — Banque de la République d'Haïti, taux de référence calculé à l'achat"
2002-12-05,37.2057,0203.pdf,SRC-007,"BRH — Banque de la République d'Haïti, taux de référence calculé à l'achat"
2002-12-06,37.1641,0203.pdf,SRC-007,"BRH — Banque de la République d'Haïti, taux de référence calculé à l'achat"
2002-12-09,37.2761,0203.pdf,SRC-007,"BRH — Banque de la République d'Haïti, taux de référence calculé à l'achat"
2002-12-10,37.1736,0203.pdf,SRC-007,"BRH — Banque de la République d'Haïti, taux de référence calculé à l'achat"
2002-12-11,37.1984,0203.pdf,SRC-007,"BRH — Banque de la République d'Haïti, taux de référence calculé à l'achat"
2002-12-12,37.1901,0203.pdf,SRC-007,"BRH — Banque de la République d'Haïti, taux de référence calculé à l'achat"
2002-12-13,37.0704,0203.pdf,SRC-007,"BRH — Banque de la République d'Haïti, taux de référence calculé à l'achat"
2002-12-16,36.8099,0203.pdf,SRC-007,"BRH — Banque de la République d'Haïti, taux de référence calculé à l'achat"
2002-12-17,36.8252,0203.pdf,SRC-007,"BRH — Banque de la République d'Haïti, taux de référence calculé à l'achat"
2002-12-18,36.894,0203.pdf,SRC-007,"BRH — Banque de la République d'Haïti, taux de référence calculé à l'achat"
2002-12-19,37.0323,0203.pdf,SRC-007,"BRH — Banque de la République d'Haïti, taux de référence calculé à l'achat"
2002-12-20,37.1505,0203.pdf,SRC-007,"BRH — Banque de la République d'Haïti, taux de référence calculé à l'achat"
2002-12-23,37.2875,0203.pdf,SRC-007,"BRH — Banque de la République d'Haïti, taux de référence calculé à l'achat"
2002-12-24,37.5557,0203.pdf,SRC-007,"BRH — Banque de la République d'Haïti, taux de référence calculé à l'achat"
2002-12-26,37.5062,0203.pdf,SRC-007,"BRH — Banque de la République d'Haïti, taux de référence calculé à l'achat"
2002-12-27,37.4444,0203.pdf,SRC-007,"BRH — Banque de la République d'Haïti, taux de référence calculé à l'achat"
2002-12-30,37.5897,0203.pdf,SRC-007,"BRH — Banque de la République d'Haïti, taux de référence calculé à l'achat"
2002-12-31,37.6092,0203.pdf,SRC-007,"BRH — Banque de la République d'Haïti, taux de référence calculé à l'achat"
2003-01-03,37.655,0203.pdf,SRC-007,"BRH — Banque de la République d'Haïti, taux de référence calculé à l'achat"
2003-01-06,37.6193,0203.pdf,SRC-007,"BRH — Banque de la République d'Haïti, taux de référence calculé à l'achat"
2003-01-08,37.7289,0203.pdf,SRC-007,"BRH — Banque de la République d'Haïti, taux de référence calculé à l'achat"
2003-01-09,37.9933,0203.pdf,SRC-007,"BRH — Banque de la République d'Haïti, taux de référence calculé à l'achat"
2003-01-10,38.2697,0203.pdf,SRC-007,"BRH — Banque de la République d'Haïti, taux de référence calculé à l'achat"
2003-01-13,38.6244,0203.pdf,SRC-007,"BRH — Banque de la République d'Haïti, taux de référence calculé à l'achat"
2003-01-14,39.2551,0203.pdf,SRC-007,"BRH — Banque de la République d'Haïti, taux de référence calculé à l'achat"
2003-01-15,39.5017,0203.pdf,SRC-007,"BRH — Banque de la République d'Haïti, taux de référence calculé à l'achat"
2003-01-16,39.6645,0203.pdf,SRC-007,"BRH — Banque de la République d'Haïti, taux de référence calculé à l'achat"
2003-01-17,40.3981,0203.pdf,SRC-007,"BRH — Banque de la République d'Haïti, taux de référence calculé à l'achat"
2003-01-20,40.2936,0203.pdf,SRC-007,"BRH — Banque de la République d'Haïti, taux de référence calculé à l'achat"
2003-01-21,40.1505,0203.pdf,SRC-007,"BRH — Banque de la République d'Haïti, taux de référence calculé à l'achat"
2003-01-22,39.862,0203.pdf,SRC-007,"BRH — Banque de la République d'Haïti, taux de référence calculé à l'achat"
2003-01-23,39.5833,0203.pdf,SRC-007,"BRH — Banque de la République d'Haïti, taux de référence calculé à l'achat"
2003-01-27,39.7748,0203.pdf,SRC-007,"BRH — Banque de la République d'Haïti, taux de référence calculé à l'achat"
2003-01-28,39.7062,0203.pdf,SRC-007,"BRH — Banque de la République d'Haïti, taux de référence calculé à l'achat"
2003-01-29,40.433,0203.pdf,SRC-007,"BRH — Banque de la République d'Haïti, taux de référence calculé à l'achat"
2003-01-30,41.1395,0203.pdf,SRC-007,"BRH — Banque de la République d'Haïti, taux de référence calculé à l'achat"
2003-01-31,41.5097,0203.pdf,SRC-007,"BRH — Banque de la République d'Haïti, taux de référence calculé à l'achat"
2003-02-03,41.4097,0203.pdf,SRC-007,"BRH — Banque de la République d'Haïti, taux de référence calculé à l'achat"
2003-02-04,41.6567,0203.pdf,SRC-007,"BRH — Banque de la République d'Haïti, taux de référence calculé à l'achat"
2003-02-05,41.898,0203.pdf,SRC-007,"BRH — Banque de la République d'Haïti, taux de référence calculé à l'achat"
2003-02-06,42.6946,0203.pdf,SRC-007,"BRH — Banque de la République d'Haïti, taux de référence calculé à l'achat"
2003-02-07,43.5385,0203.pdf,SRC-007,"BRH — Banque de la République d'Haïti, taux de référence calculé à l'achat"
2003-02-10,44.3987,0203.pdf,SRC-007,"BRH — Banque de la République d'Haïti, taux de référence calculé à l'achat"
2003-02-11,45.9032,0203.pdf,SRC-007,"BRH — Banque de la République d'Haïti, taux de référence calculé à l'achat"
2003-02-12,48.5146,0203.pdf,SRC-007,"BRH — Banque de la République d'Haïti, taux de référence calculé à l'achat"
2003-02-13,51.3522,0203.pdf,SRC-007,"BRH — Banque de la République d'Haïti, taux de référence calculé à l'achat"
2003-02-14,50.8006,0203.pdf,SRC-007,"BRH — Banque de la République d'Haïti, taux de référence calculé à l'achat"
2003-02-17,48.4503,0203.pdf,SRC-007,"BRH — Banque de la République d'Haïti, taux de référence calculé à l'achat"
2003-02-18,47.0463,0203.pdf,SRC-007,"BRH — Banque de la République d'Haïti, taux de référence calculé à l'achat"
2003-02-19,46.9573,0203.pdf,SRC-007,"BRH — Banque de la République d'Haïti, taux de référence calculé à l'achat"
2003-02-20,47.2729,0203.pdf,SRC-007,"BRH — Banque de la République d'Haïti, taux de référence calculé à l'achat"
2003-02-21,44.3546,0203.pdf,SRC-007,"BRH — Banque de la République d'Haïti, taux de référence calculé à l'achat"
2003-02-24,42.9034,0203.pdf,SRC-007,"BRH — Banque de la République d'Haïti, taux de référence calculé à l'achat"
2003-02-25,44.2333,0203.pdf,SRC-007,"BRH — Banque de la République d'Haïti, taux de référence calculé à l'achat"
2003-02-26,43.3783,0203.pdf,SRC-007,"BRH — Banque de la République d'Haïti, taux de référence calculé à l'achat"
2003-02-27,43.7755,0203.pdf,SRC-007,"BRH — Banque de la République d'Haïti, taux de référence calculé à l'achat"
2003-02-28,44.5181,0203.pdf,SRC-007,"BRH — Banque de la République d'Haïti, taux de référence calculé à l'achat"
2003-03-05,44.7221,0203.pdf,SRC-007,"BRH — Banque de la République d'Haïti, taux de référence calculé à l'achat"
2003-03-06,44.8892,0203.pdf,SRC-007,"BRH — Banque de la République d'Haïti, taux de référence calculé à l'achat"
2003-03-07,45.8025,0203.pdf,SRC-007,"BRH — Banque de la République d'Haïti, taux de référence calculé à l'achat"
2003-03-10,46.9892,0203.pdf,SRC-007,"BRH — Banque de la République d'Haïti, taux de référence calculé à l'achat"
2003-03-11,46.6499,0203.pdf,SRC-007,"BRH — Banque de la République d'Haïti, taux de référence calculé à l'achat"
2003-03-12,45.3011,0203.pdf,SRC-007,"BRH — Banque de la République d'Haïti, taux de référence calculé à l'achat"
2003-03-13,44.6683,0203.pdf,SRC-007,"BRH — Banque de la République d'Haïti, taux de référence calculé à l'achat"
2003-03-14,43.7538,0203.pdf,SRC-007,"BRH — Banque de la République d'Haïti, taux de référence calculé à l'achat"
2003-03-17,42.619,0203.pdf,SRC-007,"BRH — Banque de la République d'Haïti, taux de référence calculé à l'achat"
2003-03-18,43.1298,0203.pdf,SRC-007,"BRH — Banque de la République d'Haïti, taux de référence calculé à l'achat"
2003-03-19,43.1617,0203.pdf,SRC-007,"BRH — Banque de la République d'Haïti, taux de référence calculé à l'achat"
2003-03-20,43.0544,0203.pdf,SRC-007,"BRH — Banque de la République d'Haïti, taux de référence calculé à l'achat"
2003-03-21,42.759,0203.pdf,SRC-007,"BRH — Banque de la République d'Haïti, taux de référence calculé à l'achat"
2003-03-24,42.9761,0203.pdf,SRC-007,"BRH — Banque de la République d'Haïti, taux de référence calculé à l'achat"
2003-03-25,43.2231,0203.pdf,SRC-007,"BRH — Banque de la République d'Haïti, taux de référence calculé à l'achat"
2003-03-26,43.0476,0203.pdf,SRC-007,"BRH — Banque de la République d'Haïti, taux de référence calculé à l'achat"
2003-03-27,42.9063,0203.pdf,SRC-007,"BRH — Banque de la République d'Haïti, taux de référence calculé à l'achat"
2003-03-28,42.4297,0203.pdf,SRC-007,"BRH — Banque de la République d'Haïti, taux de référence calculé à l'achat"
2003-03-31,42.2152,0203.pdf,SRC-007,"BRH — Banque de la République d'Haïti, taux de référence calculé à l'achat"
2003-04-01,42.4991,0203.pdf,SRC-007,"BRH — Banque de la République d'Haïti, taux de référence calculé à l'achat"
2003-04-02,42.272,0203.pdf,SRC-007,"BRH — Banque de la République d'Haïti, taux de référence calculé à l'achat"
2003-04-03,42.1958,0203.pdf,SRC-007,"BRH — Banque de la République d'Haïti, taux de référence calculé à l'achat"
2003-04-06,42.4183,0203.pdf,SRC-007,"BRH — Banque de la République d'Haïti, taux de référence calculé à l'achat"
2003-04-08,42.8498,0203.pdf,SRC-007,"BRH — Banque de la République d'Haïti, taux de référence calculé à l'achat"
2003-04-09,42.9865,0203.pdf,SRC-007,"BRH — Banque de la République d'Haïti, taux de référence calculé à l'achat"
2003-04-10,43.0278,0203.pdf,SRC-007,"BRH — Banque de la République d'Haïti, taux de référence calculé à l'achat"
2003-04-13,43.2366,0203.pdf,SRC-007,"BRH — Banque de la République d'Haïti, taux de référence calculé à l'achat"
2003-04-14,43.24,0203.pdf,SRC-007,"BRH — Banque de la République d'Haïti, taux de référence calculé à l'achat"
2003-04-15,43.0678,0203.pdf,SRC-007,"BRH — Banque de la République d'Haïti, taux de référence calculé à l'achat"
2003-04-16,42.7484,0203.pdf,SRC-007,"BRH — Banque de la République d'Haïti, taux de référence calculé à l'achat"
2003-04-17,42.7381,0203.pdf,SRC-007,"BRH — Banque de la République d'Haïti, taux de référence calculé à l'achat"
2003-04-21,42.9316,0203.pdf,SRC-007,"BRH — Banque de la République d'Haïti, taux de référence calculé à l'achat"
2003-04-22,42.7411,0203.pdf,SRC-007,"BRH — Banque de la République d'Haïti, taux de référence calculé à l'achat"
2003-04-23,42.7316,0203.pdf,SRC-007,"BRH — Banque de la République d'Haïti, taux de référence calculé à l'achat"
2003-04-24,43.0358,0203.pdf,SRC-007,"BRH — Banque de la République d'Haïti, taux de référence calculé à l'achat"
2003-04-25,43.1674,0203.pdf,SRC-007,"BRH — Banque de la République d'Haïti, taux de référence calculé à l'achat"
2003-04-28,43.0234,0203.pdf,SRC-007,"BRH — Banque de la République d'Haïti, taux de référence calculé à l'achat"
2003-04-29,42.9242,0203.pdf,SRC-007,"BRH — Banque de la République d'Haïti, taux de référence calculé à l'achat"
2003-04-30,42.3014,0203.pdf,SRC-007,"BRH — Banque de la République d'Haïti, taux de référence calculé à l'achat"
2003-05-02,42.6775,0203.pdf,SRC-007,"BRH — Banque de la République d'Haïti, taux de référence calculé à l'achat"
2003-05-05,42.6672,0203.pdf,SRC-007,"BRH — Banque de la République d'Haïti, taux de référence calculé à l'achat"
2003-05-06,42.7415,0203.pdf,SRC-007,"BRH — Banque de la République d'Haïti, taux de référence calculé à l'achat"
2003-05-07,42.8116,0203.pdf,SRC-007,"BRH — Banque de la République d'Haïti, taux de référence calculé à l'achat"
2003-05-08,42.6967,0203.pdf,SRC-007,"BRH — Banque de la République d'Haïti, taux de référence calculé à l'achat"
2003-05-09,42.6585,0203.pdf,SRC-007,"BRH — Banque de la République d'Haïti, taux de référence calculé à l'achat"
2003-05-12,42.4146,0203.pdf,SRC-007,"BRH — Banque de la République d'Haïti, taux de référence calculé à l'achat"
2003-05-13,42.0777,0203.pdf,SRC-007,"BRH — Banque de la République d'Haïti, taux de référence calculé à l'achat"
2003-05-14,42.1291,0203.pdf,SRC-007,"BRH — Banque de la République d'Haïti, taux de référence calculé à l'achat"
2003-05-15,41.9459,0203.pdf,SRC-007,"BRH — Banque de la République d'Haïti, taux de référence calculé à l'achat"
2003-05-16,41.4375,0203.pdf,SRC-007,"BRH — Banque de la République d'Haïti, taux de référence calculé à l'achat"
2003-05-20,41.2493,0203.pdf,SRC-007,"BRH — Banque de la République d'Haïti, taux de référence calculé à l'achat"
2003-05-21,40.0829,0203.pdf,SRC-007,"BRH — Banque de la République d'Haïti, taux de référence calculé à l'achat"
2003-05-22,40.4886,0203.pdf,SRC-007,"BRH — Banque de la République d'Haïti, taux de référence calculé à l'achat"
2003-05-23,40.4918,0203.pdf,SRC-007,"BRH — Banque de la République d'Haïti, taux de référence calculé à l'achat"
2003-05-26,40.1166,0203.pdf,SRC-007,"BRH — Banque de la République d'Haïti, taux de référence calculé à l'achat"
2003-05-27,40.1682,0203.pdf,SRC-007,"BRH — Banque de la République d'Haïti, taux de référence calculé à l'achat"
2003-05-28,40.299,0203.pdf,SRC-007,"BRH — Banque de la République d'Haïti, taux de référence calculé à l'achat"
2003-05-29,40.2894,0203.pdf,SRC-007,"BRH — Banque de la République d'Haïti, taux de référence calculé à l'achat"
2003-05-30,40.54,0203.pdf,SRC-007,"BRH — Banque de la République d'Haïti, taux de référence calculé à l'achat"
2003-06-02,40.9002,0203.pdf,SRC-007,"BRH — Banque de la République d'Haïti, taux de référence calculé à l'achat"
2003-06-03,41.1509,0203.pdf,SRC-007,"BRH — Banque de la République d'Haïti, taux de référence calculé à l'achat"
2003-06-04,41.7745,0203.pdf,SRC-007,"BRH — Banque de la République d'Haïti, taux de référence calculé à l'achat"
2003-06-05,42.1499,0203.pdf,SRC-007,"BRH — Banque de la République d'Haïti, taux de référence calculé à l'achat"
2003-06-06,42.0379,0203.pdf,SRC-007,"BRH — Banque de la République d'Haïti, taux de référence calculé à l'achat"
2003-06-09,41.1006,0203.pdf,SRC-007,"BRH — Banque de la République d'Haïti, taux de référence calculé à l'achat"
2003-06-10,41.2796,0203.pdf,SRC-007,"BRH — Banque de la République d'Haïti, taux de référence calculé à l'achat"
2003-06-11,41.2445,0203.pdf,SRC-007,"BRH — Banque de la République d'Haïti, taux de référence calculé à l'achat"
2003-06-12,41.1112,0203.pdf,SRC-007,"BRH — Banque de la République d'Haïti, taux de référence calculé à l'achat"
2003-06-13,40.964,0203.pdf,SRC-007,"BRH — Banque de la République d'Haïti, taux de référence calculé à l'achat"
2003-06-16,41.171,0203.pdf,SRC-007,"BRH — Banque de la République d'Haïti, taux de référence calculé à l'achat"
2003-06-17,41.2718,0203.pdf,SRC-007,"BRH — Banque de la République d'Haïti, taux de référence calculé à l'achat"
2003-06-18,41.4694,0203.pdf,SRC-007,"BRH — Banque de la République d'Haïti, taux de référence calculé à l'achat"
2003-06-20,41.4069,0203.pdf,SRC-007,"BRH — Banque de la République d'Haïti, taux de référence calculé à l'achat"
2003-06-23,41.5283,0203.pdf,SRC-007,"BRH — Banque de la République d'Haïti, taux de référence calculé à l'achat"
2003-06-24,41.6579,0203.pdf,SRC-007,"BRH — Banque de la République d'Haïti, taux de référence calculé à l'achat"
2003-06-25,41.8661,0203.pdf,SRC-007,"BRH — Banque de la République d'Haïti, taux de référence calculé à l'achat"
2003-06-26,42.4922,0203.pdf,SRC-007,"BRH — Banque de la République d'Haïti, taux de référence calculé à l'achat"
2003-06-27,42.3734,0203.pdf,SRC-007,"BRH — Banque de la République d'Haïti, taux de référence calculé à l'achat"
2003-06-28,42.8573,0203.pdf,SRC-007,"BRH — Banque de la République d'Haïti, taux de référence calculé à l'achat"
2003-07-01,42.9317,0203.pdf,SRC-007,"BRH — Banque de la République d'Haïti, taux de référence calculé à l'achat"
2003-07-02,43.1495,0203.pdf,SRC-007,"BRH — Banque de la République d'Haïti, taux de référence calculé à l'achat"
2003-07-03,42.9894,0203.pdf,SRC-007,"BRH — Banque de la République d'Haïti, taux de référence calculé à l'achat"
2003-07-04,43.0451,0203.pdf,SRC-007,"BRH — Banque de la République d'Haïti, taux de référence calculé à l'achat"
2003-07-07,43.0676,0203.pdf,SRC-007,"BRH — Banque de la République d'Haïti, taux de référence calculé à l'achat"
2003-07-08,43.2169,0203.pdf,SRC-007,"BRH — Banque de la République d'Haïti, taux de référence calculé à l'achat"
2003-07-09,43.4758,0203.pdf,SRC-007,"BRH — Banque de la République d'Haïti, taux de référence calculé à l'achat"
2003-07-10,43.4089,0203.pdf,SRC-007,"BRH — Banque de la République d'Haïti, taux de référence calculé à l'achat"
2003-07-11,43.2051,0203.pdf,SRC-007,"BRH — Banque de la République d'Haïti, taux de référence calculé à l'achat"
2003-07-14,43.0634,0203.pdf,SRC-007,"BRH — Banque de la République d'Haïti, taux de référence calculé à l'achat"
2003-07-15,43.2017,0203.pdf,SRC-007,"BRH — Banque de la République d'Haïti, taux de référence calculé à l'achat"
2003-07-16,43.1677,0203.pdf,SRC-007,"BRH — Banque de la République d'Haïti, taux de référence calculé à l'achat"
2003-07-17,43.2449,0203.pdf,SRC-007,"BRH — Banque de la République d'Haïti, taux de référence calculé à l'achat"
2003-07-18,43.1522,0203.pdf,SRC-007,"BRH — Banque de la République d'Haïti, taux de référence calculé à l'achat"
2003-07-21,43.4322,0203.pdf,SRC-007,"BRH — Banque de la République d'Haïti, taux de référence calculé à l'achat"
2003-07-22,43.4766,0203.pdf,SRC-007,"BRH — Banque de la République d'Haïti, taux de référence calculé à l'achat"
2003-07-23,43.409,0203.pdf,SRC-007,"BRH — Banque de la République d'Haïti, taux de référence calculé à l'achat"
2003-07-24,43.3524,0203.pdf,SRC-007,"BRH — Banque de la République d'Haïti, taux de référence calculé à l'achat"
2003-07-25,43.2425,0203.pdf,SRC-007,"BRH — Banque de la République d'Haïti, taux de référence calculé à l'achat"
2003-07-28,43.2748,0203.pdf,SRC-007,"BRH — Banque de la République d'Haïti, taux de référence calculé à l'achat"
2003-07-29,43.1487,0203.pdf,SRC-007,"BRH — Banque de la République d'Haïti, taux de référence calculé à l'achat"
2003-07-30,42.8923,0203.pdf,SRC-007,"BRH — Banque de la République d'Haïti, taux de référence calculé à l'achat"
2003-07-31,42.7099,0203.pdf,SRC-007,"BRH — Banque de la République d'Haïti, taux de référence calculé à l'achat"
2003-08-01,42.2181,0203.pdf,SRC-007,"BRH — Banque de la République d'Haïti, taux de référence calculé à l'achat"
2003-08-04,42.0433,0203.pdf,SRC-007,"BRH — Banque de la République d'Haïti, taux de référence calculé à l'achat"
2003-08-05,41.5115,0203.pdf,SRC-007,"BRH — Banque de la République d'Haïti, taux de référence calculé à l'achat"
2003-08-06,41.2891,0203.pdf,SRC-007,"BRH — Banque de la République d'Haïti, taux de référence calculé à l'achat"
2003-08-07,41.4812,0203.pdf,SRC-007,"BRH — Banque de la République d'Haïti, taux de référence calculé à l'achat"
2003-08-08,41.1924,0203.pdf,SRC-007,"BRH — Banque de la République d'Haïti, taux de référence calculé à l'achat"
2003-08-11,41.299,0203.pdf,SRC-007,"BRH — Banque de la République d'Haïti, taux de référence calculé à l'achat"
2003-08-12,41.3052,0203.pdf,SRC-007,"BRH — Banque de la République d'Haïti, taux de référence calculé à l'achat"
2003-08-13,41.5248,0203.pdf,SRC-007,"BRH — Banque de la République d'Haïti, taux de référence calculé à l'achat"
2003-08-14,41.7537,0203.pdf,SRC-007,"BRH — Banque de la République d'Haïti, taux de référence calculé à l'achat"
2003-08-18,41.6761,0203.pdf,SRC-007,"BRH — Banque de la République d'Haïti, taux de référence calculé à l'achat"
2003-08-19,41.7477,0203.pdf,SRC-007,"BRH — Banque de la République d'Haïti, taux de référence calculé à l'achat"
2003-08-20,41.7818,0203.pdf,SRC-007,"BRH — Banque de la République d'Haïti, taux de référence calculé à l'achat"
2003-08-21,41.5992,0203.pdf,SRC-007,"BRH — Banque de la République d'Haïti, taux de référence calculé à l'achat"
2003-08-22,41.5729,0203.pdf,SRC-007,"BRH — Banque de la République d'Haïti, taux de référence calculé à l'achat"
2003-08-25,41.4353,0203.pdf,SRC-007,"BRH — Banque de la République d'Haïti, taux de référence calculé à l'achat"
2003-08-26,41.4104,0203.pdf,SRC-007,"BRH — Banque de la République d'Haïti, taux de référence calculé à l'achat"
2003-08-27,41.2404,0203.pdf,SRC-007,"BRH — Banque de la République d'Haïti, taux de référence calculé à l'achat"
2003-08-28,41.2723,0203.pdf,SRC-007,"BRH — Banque de la République d'Haïti, taux de référence calculé à l'achat"
2003-08-29,41.217,0203.pdf,SRC-007,"BRH — Banque de la République d'Haïti, taux de référence calculé à l'achat"
2003-09-01,41.3034,0203.pdf,SRC-007,"BRH — Banque de la République d'Haïti, taux de référence calculé à l'achat"
2003-09-02,41.1515,0203.pdf,SRC-007,"BRH — Banque de la République d'Haïti, taux de référence calculé à l'achat"
2003-09-03,41.1988,0203.pdf,SRC-007,"BRH — Banque de la République d'Haïti, taux de référence calculé à l'achat"
2003-09-04,41.1436,0203.pdf,SRC-007,"BRH — Banque de la République d'Haïti, taux de référence calculé à l'achat"
2003-09-05,41.222,0203.pdf,SRC-007,"BRH — Banque de la République d'Haïti, taux de référence calculé à l'achat"
2003-09-08,41.1422,0203.pdf,SRC-007,"BRH — Banque de la République d'Haïti, taux de référence calculé à l'achat"
2003-09-09,41.1767,0203.pdf,SRC-007,"BRH — Banque de la République d'Haïti, taux de référence calculé à l'achat"
2003-09-10,41.2653,0203.pdf,SRC-007,"BRH — Banque de la République d'Haïti, taux de référence calculé à l'achat"
2003-09-11,41.2777,0203.pdf,SRC-007,"BRH — Banque de la République d'Haïti, taux de référence calculé à l'achat"
2003-09-12,41.1567,0203.pdf,SRC-007,"BRH — Banque de la République d'Haïti, taux de référence calculé à l'achat"
2003-09-15,41.2956,0203.pdf,SRC-007,"BRH — Banque de la République d'Haïti, taux de référence calculé à l'achat"
2003-09-16,41.4583,0203.pdf,SRC-007,"BRH — Banque de la République d'Haïti, taux de référence calculé à l'achat"
2003-09-17,41.8194,0203.pdf,SRC-007,"BRH — Banque de la République d'Haïti, taux de référence calculé à l'achat"
2003-09-18,41.8406,0203.pdf,SRC-007,"BRH — Banque de la République d'Haïti, taux de référence calculé à l'achat"
2003-09-19,41.8369,0203.pdf,SRC-007,"BRH — Banque de la République d'Haïti, taux de référence calculé à l'achat"
2003-09-22,41.849,0203.pdf,SRC-007,"BRH — Banque de la République d'Haïti, taux de référence calculé à l'achat"
2003-09-23,41.9565,0203.pdf,SRC-007,"BRH — Banque de la République d'Haïti, taux de référence calculé à l'achat"
2003-09-24,42.1835,0203.pdf,SRC-007,"BRH — Banque de la République d'Haïti, taux de référence calculé à l'achat"
2003-09-25,42.2793,0203.pdf,SRC-007,"BRH — Banque de la République d'Haïti, taux de référence calculé à l'achat"
2003-09-26,42.2994,0203.pdf,SRC-007,"BRH — Banque de la République d'Haïti, taux de référence calculé à l'achat"
2003-09-29,42.2733,0203.pdf,SRC-007,"BRH — Banque de la République d'Haïti, taux de référence calculé à l'achat"
2003-09-30,42.0253,0203.pdf,SRC-007,"BRH — Banque de la République d'Haïti, taux de référence calculé à l'achat"
2003-10-01,41.7758,0304.pdf,SRC-007,"BRH — Banque de la République d'Haïti, taux de référence calculé à l'achat"
2003-10-02,41.6324,0304.pdf,SRC-007,"BRH — Banque de la République d'Haïti, taux de référence calculé à l'achat"
2003-10-03,41.6172,0304.pdf,SRC-007,"BRH — Banque de la République d'Haïti, taux de référence calculé à l'achat"
2003-10-06,41.3763,0304.pdf,SRC-007,"BRH — Banque de la République d'Haïti, taux de référence calculé à l'achat"
2003-10-07,41.3923,0304.pdf,SRC-007,"BRH — Banque de la République d'Haïti, taux de référence calculé à l'achat"
2003-10-08,41.3917,0304.pdf,SRC-007,"BRH — Banque de la République d'Haïti, taux de référence calculé à l'achat"
2003-10-09,41.496,0304.pdf,SRC-007,"BRH — Banque de la République d'Haïti, taux de référence calculé à l'achat"
2003-10-10,41.5765,0304.pdf,SRC-007,"BRH — Banque de la République d'Haïti, taux de référence calculé à l'achat"
2003-10-13,41.5746,0304.pdf,SRC-007,"BRH — Banque de la République d'Haïti, taux de référence calculé à l'achat"
2003-10-14,41.6784,0304.pdf,SRC-007,"BRH — Banque de la République d'Haïti, taux de référence calculé à l'achat"
2003-10-15,41.6118,0304.pdf,SRC-007,"BRH — Banque de la République d'Haïti, taux de référence calculé à l'achat"
2003-10-16,41.7569,0304.pdf,SRC-007,"BRH — Banque de la République d'Haïti, taux de référence calculé à l'achat"
2003-10-20,41.8027,0304.pdf,SRC-007,"BRH — Banque de la République d'Haïti, taux de référence calculé à l'achat"
2003-10-21,42.0758,0304.pdf,SRC-007,"BRH — Banque de la République d'Haïti, taux de référence calculé à l'achat"
2003-10-22,42.4018,0304.pdf,SRC-007,"BRH — Banque de la République d'Haïti, taux de référence calculé à l'achat"
2003-10-23,42.6008,0304.pdf,SRC-007,"BRH — Banque de la République d'Haïti, taux de référence calculé à l'achat"
2003-10-24,42.4812,0304.pdf,SRC-007,"BRH — Banque de la République d'Haïti, taux de référence calculé à l'achat"
2003-10-27,42.3313,0304.pdf,SRC-007,"BRH — Banque de la République d'Haïti, taux de référence calculé à l'achat"
2003-10-28,42.2112,0304.pdf,SRC-007,"BRH — Banque de la République d'Haïti, taux de référence calculé à l'achat"
2003-10-29,42.1148,0304.pdf,SRC-007,"BRH — Banque de la République d'Haïti, taux de référence calculé à l'achat"
2003-10-30,41.998,0304.pdf,SRC-007,"BRH — Banque de la République d'Haïti, taux de référence calculé à l'achat"
2003-10-31,41.9623,0304.pdf,SRC-007,"BRH — Banque de la République d'Haïti, taux de référence calculé à l'achat"
2003-11-03,41.9958,0304.pdf,SRC-007,"BRH — Banque de la République d'Haïti, taux de référence calculé à l'achat"
2003-11-04,42.1238,0304.pdf,SRC-007,"BRH — Banque de la République d'Haïti, taux de référence calculé à l'achat"
2003-11-05,42.1808,0304.pdf,SRC-007,"BRH — Banque de la République d'Haïti, taux de référence calculé à l'achat"
2003-11-06,42.4714,0304.pdf,SRC-007,"BRH — Banque de la République d'Haïti, taux de référence calculé à l'achat"
2003-11-07,42.8966,0304.pdf,SRC-007,"BRH — Banque de la République d'Haïti, taux de référence calculé à l'achat"
2003-11-10,42.8822,0304.pdf,SRC-007,"BRH — Banque de la République d'Haïti, taux de référence calculé à l'achat"
2003-11-11,42.7291,0304.pdf,SRC-007,"BRH — Banque de la République d'Haïti, taux de référence calculé à l'achat"
2003-11-12,42.5663,0304.pdf,SRC-007,"BRH — Banque de la République d'Haïti, taux de référence calculé à l'achat"
2003-11-13,42.4397,0304.pdf,SRC-007,"BRH — Banque de la République d'Haïti, taux de référence calculé à l'achat"
2003-11-14,42.2834,0304.pdf,SRC-007,"BRH — Banque de la République d'Haïti, taux de référence calculé à l'achat"
2003-11-19,42.5163,0304.pdf,SRC-007,"BRH — Banque de la République d'Haïti, taux de référence calculé à l'achat"
2003-11-20,42.8434,0304.pdf,SRC-007,"BRH — Banque de la République d'Haïti, taux de référence calculé à l'achat"
2003-11-21,42.9657,0304.pdf,SRC-007,"BRH — Banque de la République d'Haïti, taux de référence calculé à l'achat"
2003-11-24,42.875,0304.pdf,SRC-007,"BRH — Banque de la République d'Haïti, taux de référence calculé à l'achat"
2003-11-25,42.6614,0304.pdf,SRC-007,"BRH — Banque de la République d'Haïti, taux de référence calculé à l'achat"
2003-11-26,42.5667,0304.pdf,SRC-007,"BRH — Banque de la République d'Haïti, taux de référence calculé à l'achat"
2003-11-27,42.7019,0304.pdf,SRC-007,"BRH — Banque de la République d'Haïti, taux de référence calculé à l'achat"
2003-11-28,42.8229,0304.pdf,SRC-007,"BRH — Banque de la République d'Haïti, taux de référence calculé à l'achat"
2003-12-01,43.0269,0304.pdf,SRC-007,"BRH — Banque de la République d'Haïti, taux de référence calculé à l'achat"
2003-12-02,42.9283,0304.pdf,SRC-007,"BRH — Banque de la République d'Haïti, taux de référence calculé à l'achat"
2003-12-03,42.8972,0304.pdf,SRC-007,"BRH — Banque de la République d'Haïti, taux de référence calculé à l'achat"
2003-12-04,42.8989,0304.pdf,SRC-007,"BRH — Banque de la République d'Haïti, taux de référence calculé à l'achat"
2003-12-05,42.9575,0304.pdf,SRC-007,"BRH — Banque de la République d'Haïti, taux de référence calculé à l'achat"
2003-12-08,43.2261,0304.pdf,SRC-007,"BRH — Banque de la République d'Haïti, taux de référence calculé à l'achat"
2003-12-09,43.2565,0304.pdf,SRC-007,"BRH — Banque de la République d'Haïti, taux de référence calculé à l'achat"
2003-12-10,43.4668,0304.pdf,SRC-007,"BRH — Banque de la République d'Haïti, taux de référence calculé à l'achat"
2003-12-11,43.3985,0304.pdf,SRC-007,"BRH — Banque de la République d'Haïti, taux de référence calculé à l'achat"
2003-12-15,43.4894,0304.pdf,SRC-007,"BRH — Banque de la République d'Haïti, taux de référence calculé à l'achat"
2003-12-17,43.5057,0304.pdf,SRC-007,"BRH — Banque de la République d'Haïti, taux de référence calculé à l'achat"
2003-12-18,43.3039,0304.pdf,SRC-007,"BRH — Banque de la République d'Haïti, taux de référence calculé à l'achat"
2003-12-19,43.155,0304.pdf,SRC-007,"BRH — Banque de la République d'Haïti, taux de référence calculé à l'achat"
2003-12-22,43.161,0304.pdf,SRC-007,"BRH — Banque de la République d'Haïti, taux de référence calculé à l'achat"
2003-12-23,42.9599,0304.pdf,SRC-007,"BRH — Banque de la République d'Haïti, taux de référence calculé à l'achat"
2003-12-24,42.6661,0304.pdf,SRC-007,"BRH — Banque de la République d'Haïti, taux de référence calculé à l'achat"
2003-12-26,42.2364,0304.pdf,SRC-007,"BRH — Banque de la République d'Haïti, taux de référence calculé à l'achat"
2003-12-29,42.0432,0304.pdf,SRC-007,"BRH — Banque de la République d'Haïti, taux de référence calculé à l'achat"
2003-12-30,42.0325,0304.pdf,SRC-007,"BRH — Banque de la République d'Haïti, taux de référence calculé à l'achat"
2003-12-31,42.0849,0304.pdf,SRC-007,"BRH — Banque de la République d'Haïti, taux de référence calculé à l'achat"
2004-01-05,42.1601,0304.pdf,SRC-007,"BRH — Banque de la République d'Haïti, taux de référence calculé à l'achat"
2004-01-06,42.3092,0304.pdf,SRC-007,"BRH — Banque de la République d'Haïti, taux de référence calculé à l'achat"
2004-01-07,42.7837,0304.pdf,SRC-007,"BRH — Banque de la République d'Haïti, taux de référence calculé à l'achat"
2004-01-08,42.7579,0304.pdf,SRC-007,"BRH — Banque de la République d'Haïti, taux de référence calculé à l'achat"
2004-01-12,43.0127,0304.pdf,SRC-007,"BRH — Banque de la République d'Haïti, taux de référence calculé à l'achat"
2004-01-13,43.4589,0304.pdf,SRC-007,"BRH — Banque de la République d'Haïti, taux de référence calculé à l'achat"
2004-01-14,43.5779,0304.pdf,SRC-007,"BRH — Banque de la République d'Haïti, taux de référence calculé à l'achat"
2004-01-15,43.7209,0304.pdf,SRC-007,"BRH — Banque de la République d'Haïti, taux de référence calculé à l'achat"
2004-01-16,43.677,0304.pdf,SRC-007,"BRH — Banque de la République d'Haïti, taux de référence calculé à l'achat"
2004-01-19,43.5478,0304.pdf,SRC-007,"BRH — Banque de la République d'Haïti, taux de référence calculé à l'achat"
2004-01-20,43.601,0304.pdf,SRC-007,"BRH — Banque de la République d'Haïti, taux de référence calculé à l'achat"
2004-01-21,43.5621,0304.pdf,SRC-007,"BRH — Banque de la République d'Haïti, taux de référence calculé à l'achat"
2004-01-22,43.5495,0304.pdf,SRC-007,"BRH — Banque de la République d'Haïti, taux de référence calculé à l'achat"
2004-01-23,43.5069,0304.pdf,SRC-007,"BRH — Banque de la République d'Haïti, taux de référence calculé à l'achat"
2004-01-26,43.9466,0304.pdf,SRC-007,"BRH — Banque de la République d'Haïti, taux de référence calculé à l'achat"
2004-01-27,44.0938,0304.pdf,SRC-007,"BRH — Banque de la République d'Haïti, taux de référence calculé à l'achat"
2004-01-28,44.0347,0304.pdf,SRC-007,"BRH — Banque de la République d'Haïti, taux de référence calculé à l'achat"
2004-01-29,44.0266,0304.pdf,SRC-007,"BRH — Banque de la République d'Haïti, taux de référence calculé à l'achat"
2004-01-30,44.085,0304.pdf,SRC-007,"BRH — Banque de la République d'Haïti, taux de référence calculé à l'achat"
2004-02-02,43.9726,0304.pdf,SRC-007,"BRH — Banque de la République d'Haïti, taux de référence calculé à l'achat"
2004-02-03,43.9336,0304.pdf,SRC-007,"BRH — Banque de la République d'Haïti, taux de référence calculé à l'achat"
2004-02-04,43.8171,0304.pdf,SRC-007,"BRH — Banque de la République d'Haïti, taux de référence calculé à l'achat"
2004-02-05,43.8227,0304.pdf,SRC-007,"BRH — Banque de la République d'Haïti, taux de référence calculé à l'achat"
2004-02-06,43.8411,0304.pdf,SRC-007,"BRH — Banque de la République d'Haïti, taux de référence calculé à l'achat"
2004-02-09,43.9657,0304.pdf,SRC-007,"BRH — Banque de la République d'Haïti, taux de référence calculé à l'achat"
2004-02-10,43.9409,0304.pdf,SRC-007,"BRH — Banque de la République d'Haïti, taux de référence calculé à l'achat"
2004-02-11,43.9972,0304.pdf,SRC-007,"BRH — Banque de la République d'Haïti, taux de référence calculé à l'achat"
2004-02-12,43.888,0304.pdf,SRC-007,"BRH — Banque de la République d'Haïti, taux de référence calculé à l'achat"
2004-02-15,44.0184,0304.pdf,SRC-007,"BRH — Banque de la République d'Haïti, taux de référence calculé à l'achat"
2004-02-16,43.9225,0304.pdf,SRC-007,"BRH — Banque de la République d'Haïti, taux de référence calculé à l'achat"
2004-02-17,43.9695,0304.pdf,SRC-007,"BRH — Banque de la République d'Haïti, taux de référence calculé à l'achat"
2004-02-18,43.9255,0304.pdf,SRC-007,"BRH — Banque de la République d'Haïti, taux de référence calculé à l'achat"
2004-02-19,44.0038,0304.pdf,SRC-007,"BRH — Banque de la République d'Haïti, taux de référence calculé à l'achat"
2004-03-05,41.9506,0304.pdf,SRC-007,"BRH — Banque de la République d'Haïti, taux de référence calculé à l'achat"
2004-03-08,42.9114,0304.pdf,SRC-007,"BRH — Banque de la République d'Haïti, taux de référence calculé à l'achat"
2004-03-09,43.0759,0304.pdf,SRC-007,"BRH — Banque de la République d'Haïti, taux de référence calculé à l'achat"
2004-03-10,43.2676,0304.pdf,SRC-007,"BRH — Banque de la République d'Haïti, taux de référence calculé à l'achat"
2004-03-11,43.3403,0304.pdf,SRC-007,"BRH — Banque de la République d'Haïti, taux de référence calculé à l'achat"
2004-03-12,43.3248,0304.pdf,SRC-007,"BRH — Banque de la République d'Haïti, taux de référence calculé à l'achat"
2004-03-15,43.2409,0304.pdf,SRC-007,"BRH — Banque de la République d'Haïti, taux de référence calculé à l'achat"
2004-03-16,43.1134,0304.pdf,SRC-007,"BRH — Banque de la République d'Haïti, taux de référence calculé à l'achat"
2004-03-17,42.8928,0304.pdf,SRC-007,"BRH — Banque de la République d'Haïti, taux de référence calculé à l'achat"
2004-03-18,42.6996,0304.pdf,SRC-007,"BRH — Banque de la République d'Haïti, taux de référence calculé à l'achat"
2004-03-19,42.5394,0304.pdf,SRC-007,"BRH — Banque de la République d'Haïti, taux de référence calculé à l'achat"
2004-03-22,42.0728,0304.pdf,SRC-007,"BRH — Banque de la République d'Haïti, taux de référence calculé à l'achat"
2004-03-23,40.5616,0304.pdf,SRC-007,"BRH — Banque de la République d'Haïti, taux de référence calculé à l'achat"
2004-03-24,39.7464,0304.pdf,SRC-007,"BRH — Banque de la République d'Haïti, taux de référence calculé à l'achat"
2004-03-25,34.1152,0304.pdf,SRC-007,"BRH — Banque de la République d'Haïti, taux de référence calculé à l'achat"
2004-03-26,27.7472,0304.pdf,SRC-007,"BRH — Banque de la République d'Haïti, taux de référence calculé à l'achat"
2004-03-29,37.4834,0304.pdf,SRC-007,"BRH — Banque de la République d'Haïti, taux de référence calculé à l'achat"
2004-03-30,38.4346,0304.pdf,SRC-007,"BRH — Banque de la République d'Haïti, taux de référence calculé à l'achat"
2004-03-31,40.2165,0304.pdf,SRC-007,"BRH — Banque de la République d'Haïti, taux de référence calculé à l'achat"
2004-04-01,40.2008,0304.pdf,SRC-007,"BRH — Banque de la République d'Haïti, taux de référence calculé à l'achat"
2004-04-04,39.7932,0304.pdf,SRC-007,"BRH — Banque de la République d'Haïti, taux de référence calculé à l'achat"
2004-04-05,38.5885,0304.pdf,SRC-007,"BRH — Banque de la République d'Haïti, taux de référence calculé à l'achat"
2004-04-06,37.7628,0304.pdf,SRC-007,"BRH — Banque de la République d'Haïti, taux de référence calculé à l'achat"
2004-04-07,36.729,0304.pdf,SRC-007,"BRH — Banque de la République d'Haïti, taux de référence calculé à l'achat"
2004-04-08,36.055,0304.pdf,SRC-007,"BRH — Banque de la République d'Haïti, taux de référence calculé à l'achat"
2004-04-12,36.3936,0304.pdf,SRC-007,"BRH — Banque de la République d'Haïti, taux de référence calculé à l'achat"
2004-04-13,38.0412,0304.pdf,SRC-007,"BRH — Banque de la République d'Haïti, taux de référence calculé à l'achat"
2004-04-14,38.7902,0304.pdf,SRC-007,"BRH — Banque de la République d'Haïti, taux de référence calculé à l'achat"
2004-04-15,38.7217,0304.pdf,SRC-007,"BRH — Banque de la République d'Haïti, taux de référence calculé à l'achat"
2004-04-16,38.0041,0304.pdf,SRC-007,"BRH — Banque de la République d'Haïti, taux de référence calculé à l'achat"
2004-04-19,38.2232,0304.pdf,SRC-007,"BRH — Banque de la République d'Haïti, taux de référence calculé à l'achat"
2004-04-20,38.5199,0304.pdf,SRC-007,"BRH — Banque de la République d'Haïti, taux de référence calculé à l'achat"
2004-04-21,38.6578,0304.pdf,SRC-007,"BRH — Banque de la République d'Haïti, taux de référence calculé à l'achat"
2004-04-22,38.4222,0304.pdf,SRC-007,"BRH — Banque de la République d'Haïti, taux de référence calculé à l'achat"
2004-04-23,38.4185,0304.pdf,SRC-007,"BRH — Banque de la République d'Haïti, taux de référence calculé à l'achat"
2004-04-26,38.2928,0304.pdf,SRC-007,"BRH — Banque de la République d'Haïti, taux de référence calculé à l'achat"
2004-04-27,38.141,0304.pdf,SRC-007,"BRH — Banque de la République d'Haïti, taux de référence calculé à l'achat"
2004-04-28,38.093,0304.pdf,SRC-007,"BRH — Banque de la République d'Haïti, taux de référence calculé à l'achat"
2004-04-29,37.8044,0304.pdf,SRC-007,"BRH — Banque de la République d'Haïti, taux de référence calculé à l'achat"
2004-04-30,37.7444,0304.pdf,SRC-007,"BRH — Banque de la République d'Haïti, taux de référence calculé à l'achat"
2004-05-03,37.6204,0304.pdf,SRC-007,"BRH — Banque de la République d'Haïti, taux de référence calculé à l'achat"
2004-05-04,37.7842,0304.pdf,SRC-007,"BRH — Banque de la République d'Haïti, taux de référence calculé à l'achat"
2004-05-05,37.5701,0304.pdf,SRC-007,"BRH — Banque de la République d'Haïti, taux de référence calculé à l'achat"
2004-05-06,37.8862,0304.pdf,SRC-007,"BRH — Banque de la République d'Haïti, taux de référence calculé à l'achat"
2004-05-07,37.9208,0304.pdf,SRC-007,"BRH — Banque de la République d'Haïti, taux de référence calculé à l'achat"
2004-05-10,37.9169,0304.pdf,SRC-007,"BRH — Banque de la République d'Haïti, taux de référence calculé à l'achat"
2004-05-11,37.7592,0304.pdf,SRC-007,"BRH — Banque de la République d'Haïti, taux de référence calculé à l'achat"
2004-05-12,37.617,0304.pdf,SRC-007,"BRH — Banque de la République d'Haïti, taux de référence calculé à l'achat"
2004-05-13,37.5683,0304.pdf,SRC-007,"BRH — Banque de la République d'Haïti, taux de référence calculé à l'achat"
2004-05-14,37.4719,0304.pdf,SRC-007,"BRH — Banque de la République d'Haïti, taux de référence calculé à l'achat"
2004-05-17,37.2104,0304.pdf,SRC-007,"BRH — Banque de la République d'Haïti, taux de référence calculé à l'achat"
2004-05-19,37.0058,0304.pdf,SRC-007,"BRH — Banque de la République d'Haïti, taux de référence calculé à l'achat"
2004-05-20,37.1107,0304.pdf,SRC-007,"BRH — Banque de la République d'Haïti, taux de référence calculé à l'achat"
2004-05-21,37.1466,0304.pdf,SRC-007,"BRH — Banque de la République d'Haïti, taux de référence calculé à l'achat"
2004-05-24,37.12,0304.pdf,SRC-007,"BRH — Banque de la République d'Haïti, taux de référence calculé à l'achat"
2004-05-25,37.1056,0304.pdf,SRC-007,"BRH — Banque de la République d'Haïti, taux de référence calculé à l'achat"
2004-05-26,37.0595,0304.pdf,SRC-007,"BRH — Banque de la République d'Haïti, taux de référence calculé à l'achat"
2004-05-27,37.0696,0304.pdf,SRC-007,"BRH — Banque de la République d'Haïti, taux de référence calculé à l'achat"
2004-05-28,37.0453,0304.pdf,SRC-007,"BRH — Banque de la République d'Haïti, taux de référence calculé à l'achat"
2004-05-31,36.954,0304.pdf,SRC-007,"BRH — Banque de la République d'Haïti, taux de référence calculé à l'achat"
2004-06-01,36.8641,0304.pdf,SRC-007,"BRH — Banque de la République d'Haïti, taux de référence calculé à l'achat"
2004-06-02,36.7869,0304.pdf,SRC-007,"BRH — Banque de la République d'Haïti, taux de référence calculé à l'achat"
2004-06-03,36.6932,0304.pdf,SRC-007,"BRH — Banque de la République d'Haïti, taux de référence calculé à l'achat"
2004-06-04,36.5789,0304.pdf,SRC-007,"BRH — Banque de la République d'Haïti, taux de référence calculé à l'achat"
2004-06-07,36.5791,0304.pdf,SRC-007,"BRH — Banque de la République d'Haïti, taux de référence calculé à l'achat"
2004-06-08,36.5484,0304.pdf,SRC-007,"BRH — Banque de la République d'Haïti, taux de référence calculé à l'achat"
2004-06-09,36.6011,0304.pdf,SRC-007,"BRH — Banque de la République d'Haïti, taux de référence calculé à l'achat"
2004-06-11,36.6243,0304.pdf,SRC-007,"BRH — Banque de la République d'Haïti, taux de référence calculé à l'achat"
2004-06-14,36.5795,0304.pdf,SRC-007,"BRH — Banque de la République d'Haïti, taux de référence calculé à l'achat"
2004-06-15,36.5301,0304.pdf,SRC-007,"BRH — Banque de la République d'Haïti, taux de référence calculé à l'achat"
2004-06-16,36.392,0304.pdf,SRC-007,"BRH — Banque de la République d'Haïti, taux de référence calculé à l'achat"
2004-06-17,36.2696,0304.pdf,SRC-007,"BRH — Banque de la République d'Haïti, taux de référence calculé à l'achat"
2004-06-18,36.18,0304.pdf,SRC-007,"BRH — Banque de la République d'Haïti, taux de référence calculé à l'achat"
2004-06-21,36.153,0304.pdf,SRC-007,"BRH — Banque de la République d'Haïti, taux de référence calculé à l'achat"
2004-06-22,35.8708,0304.pdf,SRC-007,"BRH — Banque de la République d'Haïti, taux de référence calculé à l'achat"
2004-06-23,36.1928,0304.pdf,SRC-007,"BRH — Banque de la République d'Haïti, taux de référence calculé à l'achat"
2004-06-24,35.7891,0304.pdf,SRC-007,"BRH — Banque de la République d'Haïti, taux de référence calculé à l'achat"
2004-06-25,35.8588,0304.pdf,SRC-007,"BRH — Banque de la République d'Haïti, taux de référence calculé à l'achat"
2004-06-28,36.1287,0304.pdf,SRC-007,"BRH — Banque de la République d'Haïti, taux de référence calculé à l'achat"
2004-06-29,35.7908,0304.pdf,SRC-007,"BRH — Banque de la République d'Haïti, taux de référence calculé à l'achat"
2004-06-30,35.7358,0304.pdf,SRC-007,"BRH — Banque de la République d'Haïti, taux de référence calculé à l'achat"
2004-07-01,35.8049,0304.pdf,SRC-007,"BRH — Banque de la République d'Haïti, taux de référence calculé à l'achat"
2004-07-02,35.6825,0304.pdf,SRC-007,"BRH — Banque de la République d'Haïti, taux de référence calculé à l'achat"
2004-07-05,35.7294,0304.pdf,SRC-007,"BRH — Banque de la République d'Haïti, taux de référence calculé à l'achat"
2004-07-06,35.8016,0304.pdf,SRC-007,"BRH — Banque de la République d'Haïti, taux de référence calculé à l'achat"
2004-07-07,35.9095,0304.pdf,SRC-007,"BRH — Banque de la République d'Haïti, taux de référence calculé à l'achat"
2004-07-08,36.032,0304.pdf,SRC-007,"BRH — Banque de la République d'Haïti, taux de référence calculé à l'achat"
2004-07-09,36.0251,0304.pdf,SRC-007,"BRH — Banque de la République d'Haïti, taux de référence calculé à l'achat"
2004-07-12,36.1445,0304.pdf,SRC-007,"BRH — Banque de la République d'Haïti, taux de référence calculé à l'achat"
2004-07-13,36.041,0304.pdf,SRC-007,"BRH — Banque de la République d'Haïti, taux de référence calculé à l'achat"
2004-07-14,36.1147,0304.pdf,SRC-007,"BRH — Banque de la République d'Haïti, taux de référence calculé à l'achat"
2004-07-15,36.0626,0304.pdf,SRC-007,"BRH — Banque de la République d'Haïti, taux de référence calculé à l'achat"
2004-07-16,36.1641,0304.pdf,SRC-007,"BRH — Banque de la République d'Haïti, taux de référence calculé à l'achat"
2004-07-19,36.1621,0304.pdf,SRC-007,"BRH — Banque de la République d'Haïti, taux de référence calculé à l'achat"
2004-07-20,36.1687,0304.pdf,SRC-007,"BRH — Banque de la République d'Haïti, taux de référence calculé à l'achat"
2004-07-21,36.2,0304.pdf,SRC-007,"BRH — Banque de la République d'Haïti, taux de référence calculé à l'achat"
2004-07-22,36.2172,0304.pdf,SRC-007,"BRH — Banque de la République d'Haïti, taux de référence calculé à l'achat"
2004-07-23,36.2381,0304.pdf,SRC-007,"BRH — Banque de la République d'Haïti, taux de référence calculé à l'achat"
2004-07-26,36.2191,0304.pdf,SRC-007,"BRH — Banque de la République d'Haïti, taux de référence calculé à l'achat"
2004-07-27,36.1716,0304.pdf,SRC-007,"BRH — Banque de la République d'Haïti, taux de référence calculé à l'achat"
2004-07-28,36.0484,0304.pdf,SRC-007,"BRH — Banque de la République d'Haïti, taux de référence calculé à l'achat"
2004-07-29,35.9354,0304.pdf,SRC-007,"BRH — Banque de la République d'Haïti, taux de référence calculé à l'achat"
2004-07-30,36.0315,0304.pdf,SRC-007,"BRH — Banque de la République d'Haïti, taux de référence calculé à l'achat"
2004-08-02,35.9831,0304.pdf,SRC-007,"BRH — Banque de la République d'Haïti, taux de référence calculé à l'achat"
2004-08-03,36.0656,0304.pdf,SRC-007,"BRH — Banque de la République d'Haïti, taux de référence calculé à l'achat"
2004-08-04,36.1031,0304.pdf,SRC-007,"BRH — Banque de la République d'Haïti, taux de référence calculé à l'achat"
2004-08-05,36.1428,0304.pdf,SRC-007,"BRH — Banque de la République d'Haïti, taux de référence calculé à l'achat"
2004-08-06,36.1671,0304.pdf,SRC-007,"BRH — Banque de la République d'Haïti, taux de référence calculé à l'achat"
2004-08-09,36.2137,0304.pdf,SRC-007,"BRH — Banque de la République d'Haïti, taux de référence calculé à l'achat"
2004-08-10,36.3197,0304.pdf,SRC-007,"BRH — Banque de la République d'Haïti, taux de référence calculé à l'achat"
2004-08-11,36.4607,0304.pdf,SRC-007,"BRH — Banque de la République d'Haïti, taux de référence calculé à l'achat"
2004-08-12,36.703,0304.pdf,SRC-007,"BRH — Banque de la République d'Haïti, taux de référence calculé à l'achat"
2004-08-13,36.5959,0304.pdf,SRC-007,"BRH — Banque de la République d'Haïti, taux de référence calculé à l'achat"
2004-08-14,36.6703,0304.pdf,SRC-007,"BRH — Banque de la République d'Haïti, taux de référence calculé à l'achat"
2004-08-15,36.5549,0304.pdf,SRC-007,"BRH — Banque de la République d'Haïti, taux de référence calculé à l'achat"
2004-08-16,36.3696,0304.pdf,SRC-007,"BRH — Banque de la République d'Haïti, taux de référence calculé à l'achat"
2004-08-19,36.255,0304.pdf,SRC-007,"BRH — Banque de la République d'Haïti, taux de référence calculé à l'achat"
2004-08-20,36.2248,0304.pdf,SRC-007,"BRH — Banque de la République d'Haïti, taux de référence calculé à l'achat"
2004-08-21,36.2197,0304.pdf,SRC-007,"BRH — Banque de la République d'Haïti, taux de référence calculé à l'achat"
2004-08-22,36.2229,0304.pdf,SRC-007,"BRH — Banque de la République d'Haïti, taux de référence calculé à l'achat"
2004-08-23,36.148,0304.pdf,SRC-007,"BRH — Banque de la République d'Haïti, taux de référence calculé à l'achat"
2004-08-26,36.1226,0304.pdf,SRC-007,"BRH — Banque de la République d'Haïti, taux de référence calculé à l'achat"
2004-08-27,35.9886,0304.pdf,SRC-007,"BRH — Banque de la République d'Haïti, taux de référence calculé à l'achat"
2004-08-30,36.1334,0304.pdf,SRC-007,"BRH — Banque de la République d'Haïti, taux de référence calculé à l'achat"
2004-08-31,36.0958,0304.pdf,SRC-007,"BRH — Banque de la République d'Haïti, taux de référence calculé à l'achat"
2004-09-01,36.1518,0304.pdf,SRC-007,"BRH — Banque de la République d'Haïti, taux de référence calculé à l'achat"
2004-09-02,36.1273,0304.pdf,SRC-007,"BRH — Banque de la République d'Haïti, taux de référence calculé à l'achat"
2004-09-03,36.1765,0304.pdf,SRC-007,"BRH — Banque de la République d'Haïti, taux de référence calculé à l'achat"
2004-09-06,36.2314,0304.pdf,SRC-007,"BRH — Banque de la République d'Haïti, taux de référence calculé à l'achat"
2004-09-07,36.1972,0304.pdf,SRC-007,"BRH — Banque de la République d'Haïti, taux de référence calculé à l'achat"
2004-09-08,36.4068,0304.pdf,SRC-007,"BRH — Banque de la République d'Haïti, taux de référence calculé à l'achat"
2004-09-09,36.4621,0304.pdf,SRC-007,"BRH — Banque de la République d'Haïti, taux de référence calculé à l'achat"
2004-09-10,36.6582,0304.pdf,SRC-007,"BRH — Banque de la République d'Haïti, taux de référence calculé à l'achat"
2004-09-13,36.8152,0304.pdf,SRC-007,"BRH — Banque de la République d'Haïti, taux de référence calculé à l'achat"
2004-09-14,36.8968,0304.pdf,SRC-007,"BRH — Banque de la République d'Haïti, taux de référence calculé à l'achat"
2004-09-15,36.9595,0304.pdf,SRC-007,"BRH — Banque de la République d'Haïti, taux de référence calculé à l'achat"
2004-09-16,36.8054,0304.pdf,SRC-007,"BRH — Banque de la République d'Haïti, taux de référence calculé à l'achat"
2004-09-17,36.6689,0304.pdf,SRC-007,"BRH — Banque de la République d'Haïti, taux de référence calculé à l'achat"
2004-09-20,36.6184,0304.pdf,SRC-007,"BRH — Banque de la République d'Haïti, taux de référence calculé à l'achat"
2004-09-21,36.6699,0304.pdf,SRC-007,"BRH — Banque de la République d'Haïti, taux de référence calculé à l'achat"
2004-09-22,36.6644,0304.pdf,SRC-007,"BRH — Banque de la République d'Haïti, taux de référence calculé à l'achat"
2004-09-23,36.6635,0304.pdf,SRC-007,"BRH — Banque de la République d'Haïti, taux de référence calculé à l'achat"
2004-09-24,36.7191,0304.pdf,SRC-007,"BRH — Banque de la République d'Haïti, taux de référence calculé à l'achat"
2004-09-27,36.8682,0304.pdf,SRC-007,"BRH — Banque de la République d'Haïti, taux de référence calculé à l'achat"
2004-09-28,36.9376,0304.pdf,SRC-007,"BRH — Banque de la République d'Haïti, taux de référence calculé à l'achat"
2004-09-29,36.8591,0304.pdf,SRC-007,"BRH — Banque de la République d'Haïti, taux de référence calculé à l'achat"
2004-09-30,36.8229,0304.pdf,SRC-007,"BRH — Banque de la République d'Haïti, taux de référence calculé à l'achat"
2004-10-01,36.7875,0405.pdf,SRC-007,"BRH — Banque de la République d'Haïti, taux de référence calculé à l'achat"
2004-10-04,36.6877,0405.pdf,SRC-007,"BRH — Banque de la République d'Haïti, taux de référence calculé à l'achat"
2004-10-05,36.6846,0405.pdf,SRC-007,"BRH — Banque de la République d'Haïti, taux de référence calculé à l'achat"
2004-10-06,36.6541,0405.pdf,SRC-007,"BRH — Banque de la République d'Haïti, taux de référence calculé à l'achat"
2004-10-07,36.7337,0405.pdf,SRC-007,"BRH — Banque de la République d'Haïti, taux de référence calculé à l'achat"
2004-10-08,36.7114,0405.pdf,SRC-007,"BRH — Banque de la République d'Haïti, taux de référence calculé à l'achat"
2004-10-11,36.6538,0405.pdf,SRC-007,"BRH — Banque de la République d'Haïti, taux de référence calculé à l'achat"
2004-10-12,36.6522,0405.pdf,SRC-007,"BRH — Banque de la République d'Haïti, taux de référence calculé à l'achat"
2004-10-13,36.6451,0405.pdf,SRC-007,"BRH — Banque de la République d'Haïti, taux de référence calculé à l'achat"
2004-10-14,36.5956,0405.pdf,SRC-007,"BRH — Banque de la République d'Haïti, taux de référence calculé à l'achat"
2004-10-18,36.6224,0405.pdf,SRC-007,"BRH — Banque de la République d'Haïti, taux de référence calculé à l'achat"
2004-10-19,36.6281,0405.pdf,SRC-007,"BRH — Banque de la République d'Haïti, taux de référence calculé à l'achat"
2004-10-20,36.6544,0405.pdf,SRC-007,"BRH — Banque de la République d'Haïti, taux de référence calculé à l'achat"
2004-10-21,36.7301,0405.pdf,SRC-007,"BRH — Banque de la République d'Haïti, taux de référence calculé à l'achat"
2004-10-22,36.8971,0405.pdf,SRC-007,"BRH — Banque de la République d'Haïti, taux de référence calculé à l'achat"
2004-10-25,36.9216,0405.pdf,SRC-007,"BRH — Banque de la République d'Haïti, taux de référence calculé à l'achat"
2004-10-26,37.0349,0405.pdf,SRC-007,"BRH — Banque de la République d'Haïti, taux de référence calculé à l'achat"
2004-10-27,36.9924,0405.pdf,SRC-007,"BRH — Banque de la République d'Haïti, taux de référence calculé à l'achat"
2004-10-28,37.0884,0405.pdf,SRC-007,"BRH — Banque de la République d'Haïti, taux de référence calculé à l'achat"
2004-10-29,37.1563,0405.pdf,SRC-007,"BRH — Banque de la République d'Haïti, taux de référence calculé à l'achat"
2004-11-03,37.1217,0405.pdf,SRC-007,"BRH — Banque de la République d'Haïti, taux de référence calculé à l'achat"
2004-11-04,37.0957,0405.pdf,SRC-007,"BRH — Banque de la République d'Haïti, taux de référence calculé à l'achat"
2004-11-05,37.127,0405.pdf,SRC-007,"BRH — Banque de la République d'Haïti, taux de référence calculé à l'achat"
2004-11-08,37.0715,0405.pdf,SRC-007,"BRH — Banque de la République d'Haïti, taux de référence calculé à l'achat"
2004-11-09,37.0781,0405.pdf,SRC-007,"BRH — Banque de la République d'Haïti, taux de référence calculé à l'achat"
2004-11-10,37.0965,0405.pdf,SRC-007,"BRH — Banque de la République d'Haïti, taux de référence calculé à l'achat"
2004-11-11,37.0542,0405.pdf,SRC-007,"BRH — Banque de la République d'Haïti, taux de référence calculé à l'achat"
2004-11-12,37.0035,0405.pdf,SRC-007,"BRH — Banque de la République d'Haïti, taux de référence calculé à l'achat"
2004-11-15,37.0897,0405.pdf,SRC-007,"BRH — Banque de la République d'Haïti, taux de référence calculé à l'achat"
2004-11-16,37.1186,0405.pdf,SRC-007,"BRH — Banque de la République d'Haïti, taux de référence calculé à l'achat"
2004-11-17,37.1533,0405.pdf,SRC-007,"BRH — Banque de la République d'Haïti, taux de référence calculé à l'achat"
2004-11-19,37.2072,0405.pdf,SRC-007,"BRH — Banque de la République d'Haïti, taux de référence calculé à l'achat"
2004-11-22,37.1449,0405.pdf,SRC-007,"BRH — Banque de la République d'Haïti, taux de référence calculé à l'achat"
2004-11-23,37.1912,0405.pdf,SRC-007,"BRH — Banque de la République d'Haïti, taux de référence calculé à l'achat"
2004-11-24,37.2083,0405.pdf,SRC-007,"BRH — Banque de la République d'Haïti, taux de référence calculé à l'achat"
2004-11-25,37.257,0405.pdf,SRC-007,"BRH — Banque de la République d'Haïti, taux de référence calculé à l'achat"
2004-11-26,37.409,0405.pdf,SRC-007,"BRH — Banque de la République d'Haïti, taux de référence calculé à l'achat"
2004-11-29,37.4054,0405.pdf,SRC-007,"BRH — Banque de la République d'Haïti, taux de référence calculé à l'achat"
2004-11-30,37.4848,0405.pdf,SRC-007,"BRH — Banque de la République d'Haïti, taux de référence calculé à l'achat"
2004-12-01,37.4556,0405.pdf,SRC-007,"BRH — Banque de la République d'Haïti, taux de référence calculé à l'achat"
2004-12-02,37.5258,0405.pdf,SRC-007,"BRH — Banque de la République d'Haïti, taux de référence calculé à l'achat"
2004-12-03,37.478,0405.pdf,SRC-007,"BRH — Banque de la République d'Haïti, taux de référence calculé à l'achat"
2004-12-06,37.3829,0405.pdf,SRC-007,"BRH — Banque de la République d'Haïti, taux de référence calculé à l'achat"
2004-12-07,37.5068,0405.pdf,SRC-007,"BRH — Banque de la République d'Haïti, taux de référence calculé à l'achat"
2004-12-08,37.5317,0405.pdf,SRC-007,"BRH — Banque de la République d'Haïti, taux de référence calculé à l'achat"
2004-12-09,37.5384,0405.pdf,SRC-007,"BRH — Banque de la République d'Haïti, taux de référence calculé à l'achat"
2004-12-10,37.7179,0405.pdf,SRC-007,"BRH — Banque de la République d'Haïti, taux de référence calculé à l'achat"
2004-12-13,37.6728,0405.pdf,SRC-007,"BRH — Banque de la République d'Haïti, taux de référence calculé à l'achat"
2004-12-14,37.6089,0405.pdf,SRC-007,"BRH — Banque de la République d'Haïti, taux de référence calculé à l'achat"
2004-12-15,37.6369,0405.pdf,SRC-007,"BRH — Banque de la République d'Haïti, taux de référence calculé à l'achat"
2004-12-16,37.6109,0405.pdf,SRC-007,"BRH — Banque de la République d'Haïti, taux de référence calculé à l'achat"
2004-12-17,37.6323,0405.pdf,SRC-007,"BRH — Banque de la République d'Haïti, taux de référence calculé à l'achat"
2004-12-20,37.563,0405.pdf,SRC-007,"BRH — Banque de la République d'Haïti, taux de référence calculé à l'achat"
2004-12-21,37.4371,0405.pdf,SRC-007,"BRH — Banque de la République d'Haïti, taux de référence calculé à l'achat"
2004-12-22,37.3915,0405.pdf,SRC-007,"BRH — Banque de la République d'Haïti, taux de référence calculé à l'achat"
2004-12-23,37.5004,0405.pdf,SRC-007,"BRH — Banque de la République d'Haïti, taux de référence calculé à l'achat"
2004-12-24,37.4459,0405.pdf,SRC-007,"BRH — Banque de la République d'Haïti, taux de référence calculé à l'achat"
2004-12-27,37.4621,0405.pdf,SRC-007,"BRH — Banque de la République d'Haïti, taux de référence calculé à l'achat"
2004-12-28,37.3216,0405.pdf,SRC-007,"BRH — Banque de la République d'Haïti, taux de référence calculé à l'achat"
2004-12-29,37.2311,0405.pdf,SRC-007,"BRH — Banque de la République d'Haïti, taux de référence calculé à l'achat"
2004-12-30,37.2371,0405.pdf,SRC-007,"BRH — Banque de la République d'Haïti, taux de référence calculé à l'achat"
2004-12-31,37.2318,0405.pdf,SRC-007,"BRH — Banque de la République d'Haïti, taux de référence calculé à l'achat"
2005-01-04,37.301,0405.pdf,SRC-007,"BRH — Banque de la République d'Haïti, taux de référence calculé à l'achat"
2005-01-05,37.3167,0405.pdf,SRC-007,"BRH — Banque de la République d'Haïti, taux de référence calculé à l'achat"
2005-01-06,37.3759,0405.pdf,SRC-007,"BRH — Banque de la République d'Haïti, taux de référence calculé à l'achat"
2005-01-07,37.5652,0405.pdf,SRC-007,"BRH — Banque de la République d'Haïti, taux de référence calculé à l'achat"
2005-01-10,37.6291,0405.pdf,SRC-007,"BRH — Banque de la République d'Haïti, taux de référence calculé à l'achat"
2005-01-11,37.7392,0405.pdf,SRC-007,"BRH — Banque de la République d'Haïti, taux de référence calculé à l'achat"
2005-01-12,37.8165,0405.pdf,SRC-007,"BRH — Banque de la République d'Haïti, taux de référence calculé à l'achat"
2005-01-13,37.8288,0405.pdf,SRC-007,"BRH — Banque de la République d'Haïti, taux de référence calculé à l'achat"
2005-01-14,37.7624,0405.pdf,SRC-007,"BRH — Banque de la République d'Haïti, taux de référence calculé à l'achat"
2005-01-17,37.7555,0405.pdf,SRC-007,"BRH — Banque de la République d'Haïti, taux de référence calculé à l'achat"
2005-01-18,37.6159,0405.pdf,SRC-007,"BRH — Banque de la République d'Haïti, taux de référence calculé à l'achat"
2005-01-19,37.4589,0405.pdf,SRC-007,"BRH — Banque de la République d'Haïti, taux de référence calculé à l'achat"
2005-01-20,37.5251,0405.pdf,SRC-007,"BRH — Banque de la République d'Haïti, taux de référence calculé à l'achat"
2005-01-21,37.4675,0405.pdf,SRC-007,"BRH — Banque de la République d'Haïti, taux de référence calculé à l'achat"
2005-01-24,37.4397,0405.pdf,SRC-007,"BRH — Banque de la République d'Haïti, taux de référence calculé à l'achat"
2005-01-25,37.6313,0405.pdf,SRC-007,"BRH — Banque de la République d'Haïti, taux de référence calculé à l'achat"
2005-01-26,37.6986,0405.pdf,SRC-007,"BRH — Banque de la République d'Haïti, taux de référence calculé à l'achat"
2005-01-27,37.7788,0405.pdf,SRC-007,"BRH — Banque de la République d'Haïti, taux de référence calculé à l'achat"
2005-01-28,37.6176,0405.pdf,SRC-007,"BRH — Banque de la République d'Haïti, taux de référence calculé à l'achat"
2005-01-31,37.6915,0405.pdf,SRC-007,"BRH — Banque de la République d'Haïti, taux de référence calculé à l'achat"
2005-02-01,37.661,0405.pdf,SRC-007,"BRH — Banque de la République d'Haïti, taux de référence calculé à l'achat"
2005-02-02,37.6311,0405.pdf,SRC-007,"BRH — Banque de la République d'Haïti, taux de référence calculé à l'achat"
2005-02-03,37.658,0405.pdf,SRC-007,"BRH — Banque de la République d'Haïti, taux de référence calculé à l'achat"
2005-02-04,37.6867,0405.pdf,SRC-007,"BRH — Banque de la République d'Haïti, taux de référence calculé à l'achat"
2005-02-10,37.6893,0405.pdf,SRC-007,"BRH — Banque de la République d'Haïti, taux de référence calculé à l'achat"
2005-02-11,37.6543,0405.pdf,SRC-007,"BRH — Banque de la République d'Haïti, taux de référence calculé à l'achat"
2005-02-14,37.7857,0405.pdf,SRC-007,"BRH — Banque de la République d'Haïti, taux de référence calculé à l'achat"
2005-02-15,37.8714,0405.pdf,SRC-007,"BRH — Banque de la République d'Haïti, taux de référence calculé à l'achat"
2005-02-16,37.8213,0405.pdf,SRC-007,"BRH — Banque de la République d'Haïti, taux de référence calculé à l'achat"
2005-02-17,37.8202,0405.pdf,SRC-007,"BRH — Banque de la République d'Haïti, taux de référence calculé à l'achat"
2005-02-18,37.6089,0405.pdf,SRC-007,"BRH — Banque de la République d'Haïti, taux de référence calculé à l'achat"
2005-02-21,37.6332,0405.pdf,SRC-007,"BRH — Banque de la République d'Haïti, taux de référence calculé à l'achat"
2005-02-22,37.7222,0405.pdf,SRC-007,"BRH — Banque de la République d'Haïti, taux de référence calculé à l'achat"
2005-02-23,37.7851,0405.pdf,SRC-007,"BRH — Banque de la République d'Haïti, taux de référence calculé à l'achat"
2005-02-24,37.8835,0405.pdf,SRC-007,"BRH — Banque de la République d'Haïti, taux de référence calculé à l'achat"
2005-02-25,37.8134,0405.pdf,SRC-007,"BRH — Banque de la République d'Haïti, taux de référence calculé à l'achat"
2005-02-28,37.8931,0405.pdf,SRC-007,"BRH — Banque de la République d'Haïti, taux de référence calculé à l'achat"
2005-03-01,37.9088,0405.pdf,SRC-007,"BRH — Banque de la République d'Haïti, taux de référence calculé à l'achat"
2005-03-02,37.9079,0405.pdf,SRC-007,"BRH — Banque de la République d'Haïti, taux de référence calculé à l'achat"
2005-03-03,38.0057,0405.pdf,SRC-007,"BRH — Banque de la République d'Haïti, taux de référence calculé à l'achat"
2005-03-04,37.9408,0405.pdf,SRC-007,"BRH — Banque de la République d'Haïti, taux de référence calculé à l'achat"
2005-03-07,38.0304,0405.pdf,SRC-007,"BRH — Banque de la République d'Haïti, taux de référence calculé à l'achat"
2005-03-08,38.0047,0405.pdf,SRC-007,"BRH — Banque de la République d'Haïti, taux de référence calculé à l'achat"
2005-03-09,37.9707,0405.pdf,SRC-007,"BRH — Banque de la République d'Haïti, taux de référence calculé à l'achat"
2005-03-10,37.9729,0405.pdf,SRC-007,"BRH — Banque de la République d'Haïti, taux de référence calculé à l'achat"
2005-03-11,37.9488,0405.pdf,SRC-007,"BRH — Banque de la République d'Haïti, taux de référence calculé à l'achat"
2005-03-14,38.0148,0405.pdf,SRC-007,"BRH — Banque de la République d'Haïti, taux de référence calculé à l'achat"
2005-03-15,38.0864,0405.pdf,SRC-007,"BRH — Banque de la République d'Haïti, taux de référence calculé à l'achat"
2005-03-16,38.1556,0405.pdf,SRC-007,"BRH — Banque de la République d'Haïti, taux de référence calculé à l'achat"
2005-03-17,38.1833,0405.pdf,SRC-007,"BRH — Banque de la République d'Haïti, taux de référence calculé à l'achat"
2005-03-18,38.1446,0405.pdf,SRC-007,"BRH — Banque de la République d'Haïti, taux de référence calculé à l'achat"
2005-03-21,38.1916,0405.pdf,SRC-007,"BRH — Banque de la République d'Haïti, taux de référence calculé à l'achat"
2005-03-22,38.1707,0405.pdf,SRC-007,"BRH — Banque de la République d'Haïti, taux de référence calculé à l'achat"
2005-03-23,38.1715,0405.pdf,SRC-007,"BRH — Banque de la République d'Haïti, taux de référence calculé à l'achat"
2005-03-24,38.1592,0405.pdf,SRC-007,"BRH — Banque de la République d'Haïti, taux de référence calculé à l'achat"
2005-03-28,38.1859,0405.pdf,SRC-007,"BRH — Banque de la République d'Haïti, taux de référence calculé à l'achat"
2005-03-29,38.1537,0405.pdf,SRC-007,"BRH — Banque de la République d'Haïti, taux de référence calculé à l'achat"
2005-03-30,38.2267,0405.pdf,SRC-007,"BRH — Banque de la République d'Haïti, taux de référence calculé à l'achat"
2005-03-31,38.2039,0405.pdf,SRC-007,"BRH — Banque de la République d'Haïti, taux de référence calculé à l'achat"
2005-04-01,38.1892,0405.pdf,SRC-007,"BRH — Banque de la République d'Haïti, taux de référence calculé à l'achat"
2005-04-04,38.1649,0405.pdf,SRC-007,"BRH — Banque de la République d'Haïti, taux de référence calculé à l'achat"
2005-04-05,38.25,0405.pdf,SRC-007,"BRH — Banque de la République d'Haïti, taux de référence calculé à l'achat"
2005-04-06,38.1649,0405.pdf,SRC-007,"BRH — Banque de la République d'Haïti, taux de référence calculé à l'achat"
2005-04-07,38.2467,0405.pdf,SRC-007,"BRH — Banque de la République d'Haïti, taux de référence calculé à l'achat"
2005-04-08,38.2601,0405.pdf,SRC-007,"BRH — Banque de la République d'Haïti, taux de référence calculé à l'achat"
2005-04-11,38.337,0405.pdf,SRC-007,"BRH — Banque de la République d'Haïti, taux de référence calculé à l'achat"
2005-04-12,38.4084,0405.pdf,SRC-007,"BRH — Banque de la République d'Haïti, taux de référence calculé à l'achat"
2005-04-13,38.5989,0405.pdf,SRC-007,"BRH — Banque de la République d'Haïti, taux de référence calculé à l'achat"
2005-04-14,38.6408,0405.pdf,SRC-007,"BRH — Banque de la République d'Haïti, taux de référence calculé à l'achat"
2005-04-15,38.6899,0405.pdf,SRC-007,"BRH — Banque de la République d'Haïti, taux de référence calculé à l'achat"
2005-04-18,38.6342,0405.pdf,SRC-007,"BRH — Banque de la République d'Haïti, taux de référence calculé à l'achat"
2005-04-19,38.7186,0405.pdf,SRC-007,"BRH — Banque de la République d'Haïti, taux de référence calculé à l'achat"
2005-04-20,38.7004,0405.pdf,SRC-007,"BRH — Banque de la République d'Haïti, taux de référence calculé à l'achat"
2005-04-21,38.8272,0405.pdf,SRC-007,"BRH — Banque de la République d'Haïti, taux de référence calculé à l'achat"
2005-04-22,38.9007,0405.pdf,SRC-007,"BRH — Banque de la République d'Haïti, taux de référence calculé à l'achat"
2005-04-25,38.8993,0405.pdf,SRC-007,"BRH — Banque de la République d'Haïti, taux de référence calculé à l'achat"
2005-04-26,38.9576,0405.pdf,SRC-007,"BRH — Banque de la République d'Haïti, taux de référence calculé à l'achat"
2005-04-27,39.1868,0405.pdf,SRC-007,"BRH — Banque de la République d'Haïti, taux de référence calculé à l'achat"
2005-04-28,39.2391,0405.pdf,SRC-007,"BRH — Banque de la République d'Haïti, taux de référence calculé à l'achat"
2005-04-29,39.0311,0405.pdf,SRC-007,"BRH — Banque de la République d'Haïti, taux de référence calculé à l'achat"
2005-05-03,38.8313,0405.pdf,SRC-007,"BRH — Banque de la République d'Haïti, taux de référence calculé à l'achat"
2005-05-04,38.8114,0405.pdf,SRC-007,"BRH — Banque de la République d'Haïti, taux de référence calculé à l'achat"
2005-05-05,38.7578,0405.pdf,SRC-007,"BRH — Banque de la République d'Haïti, taux de référence calculé à l'achat"
2005-05-06,38.6874,0405.pdf,SRC-007,"BRH — Banque de la République d'Haïti, taux de référence calculé à l'achat"
2005-05-09,38.6534,0405.pdf,SRC-007,"BRH — Banque de la République d'Haïti, taux de référence calculé à l'achat"
2005-05-10,38.6276,0405.pdf,SRC-007,"BRH — Banque de la République d'Haïti, taux de référence calculé à l'achat"
2005-05-11,38.57,0405.pdf,SRC-007,"BRH — Banque de la République d'Haïti, taux de référence calculé à l'achat"
2005-05-12,38.6098,0405.pdf,SRC-007,"BRH — Banque de la République d'Haïti, taux de référence calculé à l'achat"
2005-05-13,38.5686,0405.pdf,SRC-007,"BRH — Banque de la République d'Haïti, taux de référence calculé à l'achat"
2005-05-16,38.4805,0405.pdf,SRC-007,"BRH — Banque de la République d'Haïti, taux de référence calculé à l'achat"
2005-05-17,38.5665,0405.pdf,SRC-007,"BRH — Banque de la République d'Haïti, taux de référence calculé à l'achat"
2005-05-19,38.5725,0405.pdf,SRC-007,"BRH — Banque de la République d'Haïti, taux de référence calculé à l'achat"
2005-05-20,38.6319,0405.pdf,SRC-007,"BRH — Banque de la République d'Haïti, taux de référence calculé à l'achat"
2005-05-23,38.6639,0405.pdf,SRC-007,"BRH — Banque de la République d'Haïti, taux de référence calculé à l'achat"
2005-05-24,38.6708,0405.pdf,SRC-007,"BRH — Banque de la République d'Haïti, taux de référence calculé à l'achat"
2005-05-25,38.6524,0405.pdf,SRC-007,"BRH — Banque de la République d'Haïti, taux de référence calculé à l'achat"
2005-05-27,38.6624,0405.pdf,SRC-007,"BRH — Banque de la République d'Haïti, taux de référence calculé à l'achat"
2005-05-30,38.7267,0405.pdf,SRC-007,"BRH — Banque de la République d'Haïti, taux de référence calculé à l'achat"
2005-05-31,38.7025,0405.pdf,SRC-007,"BRH — Banque de la République d'Haïti, taux de référence calculé à l'achat"
2005-06-01,38.7566,0405.pdf,SRC-007,"BRH — Banque de la République d'Haïti, taux de référence calculé à l'achat"
2005-06-02,38.7484,0405.pdf,SRC-007,"BRH — Banque de la République d'Haïti, taux de référence calculé à l'achat"
2005-06-03,38.7609,0405.pdf,SRC-007,"BRH — Banque de la République d'Haïti, taux de référence calculé à l'achat"
2005-06-06,38.8441,0405.pdf,SRC-007,"BRH — Banque de la République d'Haïti, taux de référence calculé à l'achat"
2005-06-07,38.9369,0405.pdf,SRC-007,"BRH — Banque de la République d'Haïti, taux de référence calculé à l'achat"
2005-06-08,38.9516,0405.pdf,SRC-007,"BRH — Banque de la République d'Haïti, taux de référence calculé à l'achat"
2005-06-09,39.0519,0405.pdf,SRC-007,"BRH — Banque de la République d'Haïti, taux de référence calculé à l'achat"
2005-06-10,39.1352,0405.pdf,SRC-007,"BRH — Banque de la République d'Haïti, taux de référence calculé à l'achat"
2005-06-13,39.0081,0405.pdf,SRC-007,"BRH — Banque de la République d'Haïti, taux de référence calculé à l'achat"
2005-06-14,39.0321,0405.pdf,SRC-007,"BRH — Banque de la République d'Haïti, taux de référence calculé à l'achat"
2005-06-15,39.0622,0405.pdf,SRC-007,"BRH — Banque de la République d'Haïti, taux de référence calculé à l'achat"
2005-06-16,39.0324,0405.pdf,SRC-007,"BRH — Banque de la République d'Haïti, taux de référence calculé à l'achat"
2005-06-17,39.2022,0405.pdf,SRC-007,"BRH — Banque de la République d'Haïti, taux de référence calculé à l'achat"
2005-06-20,39.1818,0405.pdf,SRC-007,"BRH — Banque de la République d'Haïti, taux de référence calculé à l'achat"
2005-06-21,39.2816,0405.pdf,SRC-007,"BRH — Banque de la République d'Haïti, taux de référence calculé à l'achat"
2005-06-22,39.3854,0405.pdf,SRC-007,"BRH — Banque de la République d'Haïti, taux de référence calculé à l'achat"
2005-06-23,39.5097,0405.pdf,SRC-007,"BRH — Banque de la République d'Haïti, taux de référence calculé à l'achat"
2005-06-24,39.4655,0405.pdf,SRC-007,"BRH — Banque de la République d'Haïti, taux de référence calculé à l'achat"
2005-06-28,39.6511,0405.pdf,SRC-007,"BRH — Banque de la République d'Haïti, taux de référence calculé à l'achat"
2005-06-29,39.791,0405.pdf,SRC-007,"BRH — Banque de la République d'Haïti, taux de référence calculé à l'achat"
2005-06-30,39.9245,0405.pdf,SRC-007,"BRH — Banque de la République d'Haïti, taux de référence calculé à l'achat"
2005-07-01,39.8846,0405.pdf,SRC-007,"BRH — Banque de la République d'Haïti, taux de référence calculé à l'achat"
2005-07-04,39.8491,0405.pdf,SRC-007,"BRH — Banque de la République d'Haïti, taux de référence calculé à l'achat"
2005-07-05,40.1223,0405.pdf,SRC-007,"BRH — Banque de la République d'Haïti, taux de référence calculé à l'achat"
2005-07-06,40.2602,0405.pdf,SRC-007,"BRH — Banque de la République d'Haïti, taux de référence calculé à l'achat"
2005-07-07,40.6537,0405.pdf,SRC-007,"BRH — Banque de la République d'Haïti, taux de référence calculé à l'achat"
2005-07-08,40.7829,0405.pdf,SRC-007,"BRH — Banque de la République d'Haïti, taux de référence calculé à l'achat"
2005-07-11,41.0238,0405.pdf,SRC-007,"BRH — Banque de la République d'Haïti, taux de référence calculé à l'achat"
2005-07-12,41.5487,0405.pdf,SRC-007,"BRH — Banque de la République d'Haïti, taux de référence calculé à l'achat"
2005-07-13,41.791,0405.pdf,SRC-007,"BRH — Banque de la République d'Haïti, taux de référence calculé à l'achat"
2005-07-14,41.9835,0405.pdf,SRC-007,"BRH — Banque de la République d'Haïti, taux de référence calculé à l'achat"
2005-07-15,42.3676,0405.pdf,SRC-007,"BRH — Banque de la République d'Haïti, taux de référence calculé à l'achat"
2005-07-18,42.2399,0405.pdf,SRC-007,"BRH — Banque de la République d'Haïti, taux de référence calculé à l'achat"
2005-07-19,42.4699,0405.pdf,SRC-007,"BRH — Banque de la République d'Haïti, taux de référence calculé à l'achat"
2005-07-20,42.3394,0405.pdf,SRC-007,"BRH — Banque de la République d'Haïti, taux de référence calculé à l'achat"
2005-07-21,42.3491,0405.pdf,SRC-007,"BRH — Banque de la République d'Haïti, taux de référence calculé à l'achat"
2005-07-22,42.26,0405.pdf,SRC-007,"BRH — Banque de la République d'Haïti, taux de référence calculé à l'achat"
2005-07-25,42.2339,0405.pdf,SRC-007,"BRH — Banque de la République d'Haïti, taux de référence calculé à l'achat"
2005-07-26,42.1029,0405.pdf,SRC-007,"BRH — Banque de la République d'Haïti, taux de référence calculé à l'achat"
2005-07-27,42.064,0405.pdf,SRC-007,"BRH — Banque de la République d'Haïti, taux de référence calculé à l'achat"
2005-07-28,42.0385,0405.pdf,SRC-007,"BRH — Banque de la République d'Haïti, taux de référence calculé à l'achat"
2005-07-29,42.0759,0405.pdf,SRC-007,"BRH — Banque de la République d'Haïti, taux de référence calculé à l'achat"
2005-08-01,42.0758,0405.pdf,SRC-007,"BRH — Banque de la République d'Haïti, taux de référence calculé à l'achat"
2005-08-02,42.06,0405.pdf,SRC-007,"BRH — Banque de la République d'Haïti, taux de référence calculé à l'achat"
2005-08-03,42.0721,0405.pdf,SRC-007,"BRH — Banque de la République d'Haïti, taux de référence calculé à l'achat"
2005-08-04,42.101,0405.pdf,SRC-007,"BRH — Banque de la République d'Haïti, taux de référence calculé à l'achat"
2005-08-05,42.2991,0405.pdf,SRC-007,"BRH — Banque de la République d'Haïti, taux de référence calculé à l'achat"
2005-08-08,42.2513,0405.pdf,SRC-007,"BRH — Banque de la République d'Haïti, taux de référence calculé à l'achat"
2005-08-09,42.5147,0405.pdf,SRC-007,"BRH — Banque de la République d'Haïti, taux de référence calculé à l'achat"
2005-08-10,42.6028,0405.pdf,SRC-007,"BRH — Banque de la République d'Haïti, taux de référence calculé à l'achat"
2005-08-11,42.6071,0405.pdf,SRC-007,"BRH — Banque de la République d'Haïti, taux de référence calculé à l'achat"
2005-08-12,42.7492,0405.pdf,SRC-007,"BRH — Banque de la République d'Haïti, taux de référence calculé à l'achat"
2005-08-16,42.6511,0405.pdf,SRC-007,"BRH — Banque de la République d'Haïti, taux de référence calculé à l'achat"
2005-08-17,42.7161,0405.pdf,SRC-007,"BRH — Banque de la République d'Haïti, taux de référence calculé à l'achat"
2005-08-18,42.7457,0405.pdf,SRC-007,"BRH — Banque de la République d'Haïti, taux de référence calculé à l'achat"
2005-08-19,42.8607,0405.pdf,SRC-007,"BRH — Banque de la République d'Haïti, taux de référence calculé à l'achat"
2005-08-22,42.8739,0405.pdf,SRC-007,"BRH — Banque de la République d'Haïti, taux de référence calculé à l'achat"
2005-08-23,42.9746,0405.pdf,SRC-007,"BRH — Banque de la République d'Haïti, taux de référence calculé à l'achat"
2005-08-24,43.1042,0405.pdf,SRC-007,"BRH — Banque de la République d'Haïti, taux de référence calculé à l'achat"
2005-08-25,43.1087,0405.pdf,SRC-007,"BRH — Banque de la République d'Haïti, taux de référence calculé à l'achat"
2005-08-26,42.8766,0405.pdf,SRC-007,"BRH — Banque de la République d'Haïti, taux de référence calculé à l'achat"
2005-08-29,42.8041,0405.pdf,SRC-007,"BRH — Banque de la République d'Haïti, taux de référence calculé à l'achat"
2005-08-30,42.7147,0405.pdf,SRC-007,"BRH — Banque de la République d'Haïti, taux de référence calculé à l'achat"
2005-08-31,42.3415,0405.pdf,SRC-007,"BRH — Banque de la République d'Haïti, taux de référence calculé à l'achat"
2005-09-01,42.4075,0405.pdf,SRC-007,"BRH — Banque de la République d'Haïti, taux de référence calculé à l'achat"
2005-09-02,42.5022,0405.pdf,SRC-007,"BRH — Banque de la République d'Haïti, taux de référence calculé à l'achat"
2005-09-05,42.3547,0405.pdf,SRC-007,"BRH — Banque de la République d'Haïti, taux de référence calculé à l'achat"
2005-09-06,42.3055,0405.pdf,SRC-007,"BRH — Banque de la République d'Haïti, taux de référence calculé à l'achat"
2005-09-07,42.0186,0405.pdf,SRC-007,"BRH — Banque de la République d'Haïti, taux de référence calculé à l'achat"
2005-09-08,42.0301,0405.pdf,SRC-007,"BRH — Banque de la République d'Haïti, taux de référence calculé à l'achat"
2005-09-09,42.1017,0405.pdf,SRC-007,"BRH — Banque de la République d'Haïti, taux de référence calculé à l'achat"
2005-09-12,42.0838,0405.pdf,SRC-007,"BRH — Banque de la République d'Haïti, taux de référence calculé à l'achat"
2005-09-13,42.0351,0405.pdf,SRC-007,"BRH — Banque de la République d'Haïti, taux de référence calculé à l'achat"
2005-09-14,42.0605,0405.pdf,SRC-007,"BRH — Banque de la République d'Haïti, taux de référence calculé à l'achat"
2005-09-15,42.2582,0405.pdf,SRC-007,"BRH — Banque de la République d'Haïti, taux de référence calculé à l'achat"
2005-09-16,42.2146,0405.pdf,SRC-007,"BRH — Banque de la République d'Haïti, taux de référence calculé à l'achat"
2005-09-19,42.2912,0405.pdf,SRC-007,"BRH — Banque de la République d'Haïti, taux de référence calculé à l'achat"
2005-09-20,42.3112,0405.pdf,SRC-007,"BRH — Banque de la République d'Haïti, taux de référence calculé à l'achat"
2005-09-21,42.3638,0405.pdf,SRC-007,"BRH — Banque de la République d'Haïti, taux de référence calculé à l'achat"
2005-09-22,42.5936,0405.pdf,SRC-007,"BRH — Banque de la République d'Haïti, taux de référence calculé à l'achat"
2005-09-23,42.5459,0405.pdf,SRC-007,"BRH — Banque de la République d'Haïti, taux de référence calculé à l'achat"
2005-09-26,42.5621,0405.pdf,SRC-007,"BRH — Banque de la République d'Haïti, taux de référence calculé à l'achat"
2005-09-27,42.7121,0405.pdf,SRC-007,"BRH — Banque de la République d'Haïti, taux de référence calculé à l'achat"
2005-09-28,42.8532,0405.pdf,SRC-007,"BRH — Banque de la République d'Haïti, taux de référence calculé à l'achat"
2005-09-29,42.8486,0405.pdf,SRC-007,"BRH — Banque de la République d'Haïti, taux de référence calculé à l'achat"
2005-09-30,43.0426,0405.pdf,SRC-007,"BRH — Banque de la République d'Haïti, taux de référence calculé à l'achat"
2005-10-03,42.7698,0506.pdf,SRC-007,"BRH — Banque de la République d'Haïti, taux de référence calculé à l'achat"
2005-10-04,43.0249,0506.pdf,SRC-007,"BRH — Banque de la République d'Haïti, taux de référence calculé à l'achat"
2005-10-05,43.0553,0506.pdf,SRC-007,"BRH — Banque de la République d'Haïti, taux de référence calculé à l'achat"
2005-10-06,42.9765,0506.pdf,SRC-007,"BRH — Banque de la République d'Haïti, taux de référence calculé à l'achat"
2005-10-07,43.0314,0506.pdf,SRC-007,"BRH — Banque de la République d'Haïti, taux de référence calculé à l'achat"
2005-10-10,42.9127,0506.pdf,SRC-007,"BRH — Banque de la République d'Haïti, taux de référence calculé à l'achat"
2005-10-11,42.9824,0506.pdf,SRC-007,"BRH — Banque de la République d'Haïti, taux de référence calculé à l'achat"
2005-10-12,43.0041,0506.pdf,SRC-007,"BRH — Banque de la République d'Haïti, taux de référence calculé à l'achat"
2005-10-13,43.0102,0506.pdf,SRC-007,"BRH — Banque de la République d'Haïti, taux de référence calculé à l'achat"
2005-10-14,42.9621,0506.pdf,SRC-007,"BRH — Banque de la République d'Haïti, taux de référence calculé à l'achat"
2005-10-18,42.9676,0506.pdf,SRC-007,"BRH — Banque de la République d'Haïti, taux de référence calculé à l'achat"
2005-10-19,42.9997,0506.pdf,SRC-007,"BRH — Banque de la République d'Haïti, taux de référence calculé à l'achat"
2005-10-20,42.9991,0506.pdf,SRC-007,"BRH — Banque de la République d'Haïti, taux de référence calculé à l'achat"
2005-10-21,43.0158,0506.pdf,SRC-007,"BRH — Banque de la République d'Haïti, taux de référence calculé à l'achat"
2005-10-24,42.9782,0506.pdf,SRC-007,"BRH — Banque de la République d'Haïti, taux de référence calculé à l'achat"
2005-10-25,43.0584,0506.pdf,SRC-007,"BRH — Banque de la République d'Haïti, taux de référence calculé à l'achat"
2005-10-26,42.8961,0506.pdf,SRC-007,"BRH — Banque de la République d'Haïti, taux de référence calculé à l'achat"
2005-10-27,43.0584,0506.pdf,SRC-007,"BRH — Banque de la République d'Haïti, taux de référence calculé à l'achat"
2005-10-28,43.0376,0506.pdf,SRC-007,"BRH — Banque de la République d'Haïti, taux de référence calculé à l'achat"
2005-10-31,43.0291,0506.pdf,SRC-007,"BRH — Banque de la République d'Haïti, taux de référence calculé à l'achat"
2005-11-03,43.0115,0506.pdf,SRC-007,"BRH — Banque de la République d'Haïti, taux de référence calculé à l'achat"
2005-11-04,43.0114,0506.pdf,SRC-007,"BRH — Banque de la République d'Haïti, taux de référence calculé à l'achat"
2005-11-07,42.8947,0506.pdf,SRC-007,"BRH — Banque de la République d'Haïti, taux de référence calculé à l'achat"
2005-11-08,42.9874,0506.pdf,SRC-007,"BRH — Banque de la République d'Haïti, taux de référence calculé à l'achat"
2005-11-09,42.9754,0506.pdf,SRC-007,"BRH — Banque de la République d'Haïti, taux de référence calculé à l'achat"
2005-11-10,42.9827,0506.pdf,SRC-007,"BRH — Banque de la République d'Haïti, taux de référence calculé à l'achat"
2005-11-11,42.9638,0506.pdf,SRC-007,"BRH — Banque de la République d'Haïti, taux de référence calculé à l'achat"
2005-11-14,42.8928,0506.pdf,SRC-007,"BRH — Banque de la République d'Haïti, taux de référence calculé à l'achat"
2005-11-15,42.9695,0506.pdf,SRC-007,"BRH — Banque de la République d'Haïti, taux de référence calculé à l'achat"
2005-11-16,43.1117,0506.pdf,SRC-007,"BRH — Banque de la République d'Haïti, taux de référence calculé à l'achat"
2005-11-17,43.0195,0506.pdf,SRC-007,"BRH — Banque de la République d'Haïti, taux de référence calculé à l'achat"
2005-11-21,43.0141,0506.pdf,SRC-007,"BRH — Banque de la République d'Haïti, taux de référence calculé à l'achat"
2005-11-22,43.0763,0506.pdf,SRC-007,"BRH — Banque de la République d'Haïti, taux de référence calculé à l'achat"
2005-11-23,43.0454,0506.pdf,SRC-007,"BRH — Banque de la République d'Haïti, taux de référence calculé à l'achat"
2005-11-24,43.0394,0506.pdf,SRC-007,"BRH — Banque de la République d'Haïti, taux de référence calculé à l'achat"
2005-11-25,43.0399,0506.pdf,SRC-007,"BRH — Banque de la République d'Haïti, taux de référence calculé à l'achat"
2005-11-28,43.0099,0506.pdf,SRC-007,"BRH — Banque de la République d'Haïti, taux de référence calculé à l'achat"
2005-11-29,43.0521,0506.pdf,SRC-007,"BRH — Banque de la République d'Haïti, taux de référence calculé à l'achat"
2005-11-30,43.0612,0506.pdf,SRC-007,"BRH — Banque de la République d'Haïti, taux de référence calculé à l'achat"
2005-12-01,42.9564,0506.pdf,SRC-007,"BRH — Banque de la République d'Haïti, taux de référence calculé à l'achat"
2005-12-02,42.9664,0506.pdf,SRC-007,"BRH — Banque de la République d'Haïti, taux de référence calculé à l'achat"
2005-12-05,42.9163,0506.pdf,SRC-007,"BRH — Banque de la République d'Haïti, taux de référence calculé à l'achat"
2005-12-06,43.0491,0506.pdf,SRC-007,"BRH — Banque de la République d'Haïti, taux de référence calculé à l'achat"
2005-12-07,42.9655,0506.pdf,SRC-007,"BRH — Banque de la République d'Haïti, taux de référence calculé à l'achat"
2005-12-08,42.8836,0506.pdf,SRC-007,"BRH — Banque de la République d'Haïti, taux de référence calculé à l'achat"
2005-12-09,42.9844,0506.pdf,SRC-007,"BRH — Banque de la République d'Haïti, taux de référence calculé à l'achat"
2005-12-12,42.9842,0506.pdf,SRC-007,"BRH — Banque de la République d'Haïti, taux de référence calculé à l'achat"
2005-12-13,42.9745,0506.pdf,SRC-007,"BRH — Banque de la République d'Haïti, taux de référence calculé à l'achat"
2005-12-14,42.9617,0506.pdf,SRC-007,"BRH — Banque de la République d'Haïti, taux de référence calculé à l'achat"
2005-12-15,42.9005,0506.pdf,SRC-007,"BRH — Banque de la République d'Haïti, taux de référence calculé à l'achat"
2005-12-16,42.9824,0506.pdf,SRC-007,"BRH — Banque de la République d'Haïti, taux de référence calculé à l'achat"
2005-12-19,42.9544,0506.pdf,SRC-007,"BRH — Banque de la République d'Haïti, taux de référence calculé à l'achat"
2005-12-20,43.1341,0506.pdf,SRC-007,"BRH — Banque de la République d'Haïti, taux de référence calculé à l'achat"
2005-12-21,43.0697,0506.pdf,SRC-007,"BRH — Banque de la République d'Haïti, taux de référence calculé à l'achat"
2005-12-22,43.0258,0506.pdf,SRC-007,"BRH — Banque de la République d'Haïti, taux de référence calculé à l'achat"
2005-12-23,42.9729,0506.pdf,SRC-007,"BRH — Banque de la République d'Haïti, taux de référence calculé à l'achat"
2005-12-27,42.9633,0506.pdf,SRC-007,"BRH — Banque de la République d'Haïti, taux de référence calculé à l'achat"
2005-12-28,43.0216,0506.pdf,SRC-007,"BRH — Banque de la République d'Haïti, taux de référence calculé à l'achat"
2005-12-29,42.9932,0506.pdf,SRC-007,"BRH — Banque de la République d'Haïti, taux de référence calculé à l'achat"
2005-12-30,43.0003,0506.pdf,SRC-007,"BRH — Banque de la République d'Haïti, taux de référence calculé à l'achat"
2006-01-03,42.9706,0506.pdf,SRC-007,"BRH — Banque de la République d'Haïti, taux de référence calculé à l'achat"
2006-01-04,43.0347,0506.pdf,SRC-007,"BRH — Banque de la République d'Haïti, taux de référence calculé à l'achat"
2006-01-05,43.0735,0506.pdf,SRC-007,"BRH — Banque de la République d'Haïti, taux de référence calculé à l'achat"
2006-01-06,43.1772,0506.pdf,SRC-007,"BRH — Banque de la République d'Haïti, taux de référence calculé à l'achat"
2006-01-10,43.1391,0506.pdf,SRC-007,"BRH — Banque de la République d'Haïti, taux de référence calculé à l'achat"
2006-01-11,43.241,0506.pdf,SRC-007,"BRH — Banque de la République d'Haïti, taux de référence calculé à l'achat"
2006-01-12,43.3699,0506.pdf,SRC-007,"BRH — Banque de la République d'Haïti, taux de référence calculé à l'achat"
2006-01-13,43.3885,0506.pdf,SRC-007,"BRH — Banque de la République d'Haïti, taux de référence calculé à l'achat"
2006-01-16,43.4548,0506.pdf,SRC-007,"BRH — Banque de la République d'Haïti, taux de référence calculé à l'achat"
2006-01-17,43.481,0506.pdf,SRC-007,"BRH — Banque de la République d'Haïti, taux de référence calculé à l'achat"
2006-01-18,43.6124,0506.pdf,SRC-007,"BRH — Banque de la République d'Haïti, taux de référence calculé à l'achat"
2006-01-19,43.618,0506.pdf,SRC-007,"BRH — Banque de la République d'Haïti, taux de référence calculé à l'achat"
2006-01-20,43.7468,0506.pdf,SRC-007,"BRH — Banque de la République d'Haïti, taux de référence calculé à l'achat"
2006-01-23,44.0349,0506.pdf,SRC-007,"BRH — Banque de la République d'Haïti, taux de référence calculé à l'achat"
2006-01-24,44.2962,0506.pdf,SRC-007,"BRH — Banque de la République d'Haïti, taux de référence calculé à l'achat"
2006-01-25,44.5258,0506.pdf,SRC-007,"BRH — Banque de la République d'Haïti, taux de référence calculé à l'achat"
2006-01-26,44.718,0506.pdf,SRC-007,"BRH — Banque de la République d'Haïti, taux de référence calculé à l'achat"
2006-01-27,44.5888,0506.pdf,SRC-007,"BRH — Banque de la République d'Haïti, taux de référence calculé à l'achat"
2006-01-30,44.076,0506.pdf,SRC-007,"BRH — Banque de la République d'Haïti, taux de référence calculé à l'achat"
2006-01-31,43.4757,0506.pdf,SRC-007,"BRH — Banque de la République d'Haïti, taux de référence calculé à l'achat"
2006-02-01,43.315,0506.pdf,SRC-007,"BRH — Banque de la République d'Haïti, taux de référence calculé à l'achat"
2006-02-02,43.1671,0506.pdf,SRC-007,"BRH — Banque de la République d'Haïti, taux de référence calculé à l'achat"
2006-02-03,43.173,0506.pdf,SRC-007,"BRH — Banque de la République d'Haïti, taux de référence calculé à l'achat"
2006-02-09,43.0621,0506.pdf,SRC-007,"BRH — Banque de la République d'Haïti, taux de référence calculé à l'achat"
2006-02-10,42.9104,0506.pdf,SRC-007,"BRH — Banque de la République d'Haïti, taux de référence calculé à l'achat"
2006-02-17,43.0012,0506.pdf,SRC-007,"BRH — Banque de la République d'Haïti, taux de référence calculé à l'achat"
2006-02-20,43.0216,0506.pdf,SRC-007,"BRH — Banque de la République d'Haïti, taux de référence calculé à l'achat"
2006-02-21,43.0426,0506.pdf,SRC-007,"BRH — Banque de la République d'Haïti, taux de référence calculé à l'achat"
2006-02-22,42.9613,0506.pdf,SRC-007,"BRH — Banque de la République d'Haïti, taux de référence calculé à l'achat"
2006-02-23,42.9468,0506.pdf,SRC-007,"BRH — Banque de la République d'Haïti, taux de référence calculé à l'achat"
2006-02-24,42.9775,0506.pdf,SRC-007,"BRH — Banque de la République d'Haïti, taux de référence calculé à l'achat"
2006-03-02,42.8378,0506.pdf,SRC-007,"BRH — Banque de la République d'Haïti, taux de référence calculé à l'achat"
2006-03-03,42.8622,0506.pdf,SRC-007,"BRH — Banque de la République d'Haïti, taux de référence calculé à l'achat"
2006-03-06,42.8237,0506.pdf,SRC-007,"BRH — Banque de la République d'Haïti, taux de référence calculé à l'achat"
2006-03-07,42.6366,0506.pdf,SRC-007,"BRH — Banque de la République d'Haïti, taux de référence calculé à l'achat"
2006-03-08,42.6388,0506.pdf,SRC-007,"BRH — Banque de la République d'Haïti, taux de référence calculé à l'achat"
2006-03-09,42.6676,0506.pdf,SRC-007,"BRH — Banque de la République d'Haïti, taux de référence calculé à l'achat"
2006-03-10,42.6082,0506.pdf,SRC-007,"BRH — Banque de la République d'Haïti, taux de référence calculé à l'achat"
2006-03-13,42.5727,0506.pdf,SRC-007,"BRH — Banque de la République d'Haïti, taux de référence calculé à l'achat"
2006-03-14,42.6285,0506.pdf,SRC-007,"BRH — Banque de la République d'Haïti, taux de référence calculé à l'achat"
2006-03-15,42.6696,0506.pdf,SRC-007,"BRH — Banque de la République d'Haïti, taux de référence calculé à l'achat"
2006-03-16,42.7087,0506.pdf,SRC-007,"BRH — Banque de la République d'Haïti, taux de référence calculé à l'achat"
2006-03-17,42.707,0506.pdf,SRC-007,"BRH — Banque de la République d'Haïti, taux de référence calculé à l'achat"
2006-03-20,42.6687,0506.pdf,SRC-007,"BRH — Banque de la République d'Haïti, taux de référence calculé à l'achat"
2006-03-21,42.6811,0506.pdf,SRC-007,"BRH — Banque de la République d'Haïti, taux de référence calculé à l'achat"
2006-03-22,42.6794,0506.pdf,SRC-007,"BRH — Banque de la République d'Haïti, taux de référence calculé à l'achat"
2006-03-23,42.6604,0506.pdf,SRC-007,"BRH — Banque de la République d'Haïti, taux de référence calculé à l'achat"
2006-03-24,42.7123,0506.pdf,SRC-007,"BRH — Banque de la République d'Haïti, taux de référence calculé à l'achat"
2006-03-27,42.6927,0506.pdf,SRC-007,"BRH — Banque de la République d'Haïti, taux de référence calculé à l'achat"
2006-03-28,42.6528,0506.pdf,SRC-007,"BRH — Banque de la République d'Haïti, taux de référence calculé à l'achat"
2006-03-29,42.673,0506.pdf,SRC-007,"BRH — Banque de la République d'Haïti, taux de référence calculé à l'achat"
2006-03-30,42.6886,0506.pdf,SRC-007,"BRH — Banque de la République d'Haïti, taux de référence calculé à l'achat"
2006-03-31,42.6885,0506.pdf,SRC-007,"BRH — Banque de la République d'Haïti, taux de référence calculé à l'achat"
2006-04-03,42.6734,0506.pdf,SRC-007,"BRH — Banque de la République d'Haïti, taux de référence calculé à l'achat"
2006-04-04,42.6222,0506.pdf,SRC-007,"BRH — Banque de la République d'Haïti, taux de référence calculé à l'achat"
2006-04-05,42.6933,0506.pdf,SRC-007,"BRH — Banque de la République d'Haïti, taux de référence calculé à l'achat"
2006-04-06,42.6099,0506.pdf,SRC-007,"BRH — Banque de la République d'Haïti, taux de référence calculé à l'achat"
2006-04-07,42.6514,0506.pdf,SRC-007,"BRH — Banque de la République d'Haïti, taux de référence calculé à l'achat"
2006-04-10,42.4883,0506.pdf,SRC-007,"BRH — Banque de la République d'Haïti, taux de référence calculé à l'achat"
2006-04-11,42.4137,0506.pdf,SRC-007,"BRH — Banque de la République d'Haïti, taux de référence calculé à l'achat"
2006-04-12,42.3778,0506.pdf,SRC-007,"BRH — Banque de la République d'Haïti, taux de référence calculé à l'achat"
2006-04-13,42.165,0506.pdf,SRC-007,"BRH — Banque de la République d'Haïti, taux de référence calculé à l'achat"
2006-04-17,42.2152,0506.pdf,SRC-007,"BRH — Banque de la République d'Haïti, taux de référence calculé à l'achat"
2006-04-18,42.1503,0506.pdf,SRC-007,"BRH — Banque de la République d'Haïti, taux de référence calculé à l'achat"
2006-04-19,41.8931,0506.pdf,SRC-007,"BRH — Banque de la République d'Haïti, taux de référence calculé à l'achat"
2006-04-24,41.948,0506.pdf,SRC-007,"BRH — Banque de la République d'Haïti, taux de référence calculé à l'achat"
2006-04-25,41.6509,0506.pdf,SRC-007,"BRH — Banque de la République d'Haïti, taux de référence calculé à l'achat"
2006-04-26,41.4647,0506.pdf,SRC-007,"BRH — Banque de la République d'Haïti, taux de référence calculé à l'achat"
2006-04-27,41.367,0506.pdf,SRC-007,"BRH — Banque de la République d'Haïti, taux de référence calculé à l'achat"
2006-04-28,41.0963,0506.pdf,SRC-007,"BRH — Banque de la République d'Haïti, taux de référence calculé à l'achat"
2006-05-02,40.9833,0506.pdf,SRC-007,"BRH — Banque de la République d'Haïti, taux de référence calculé à l'achat"
2006-05-03,40.9568,0506.pdf,SRC-007,"BRH — Banque de la République d'Haïti, taux de référence calculé à l'achat"
2006-05-04,40.7573,0506.pdf,SRC-007,"BRH — Banque de la République d'Haïti, taux de référence calculé à l'achat"
2006-05-05,40.6645,0506.pdf,SRC-007,"BRH — Banque de la République d'Haïti, taux de référence calculé à l'achat"
2006-05-08,40.4088,0506.pdf,SRC-007,"BRH — Banque de la République d'Haïti, taux de référence calculé à l'achat"
2006-05-09,40.1362,0506.pdf,SRC-007,"BRH — Banque de la République d'Haïti, taux de référence calculé à l'achat"
2006-05-10,39.7735,0506.pdf,SRC-007,"BRH — Banque de la République d'Haïti, taux de référence calculé à l'achat"
2006-05-11,39.5164,0506.pdf,SRC-007,"BRH — Banque de la République d'Haïti, taux de référence calculé à l'achat"
2006-05-12,39.3283,0506.pdf,SRC-007,"BRH — Banque de la République d'Haïti, taux de référence calculé à l'achat"
2006-05-15,38.9952,0506.pdf,SRC-007,"BRH — Banque de la République d'Haïti, taux de référence calculé à l'achat"
2006-05-16,38.9766,0506.pdf,SRC-007,"BRH — Banque de la République d'Haïti, taux de référence calculé à l'achat"
2006-05-17,38.9773,0506.pdf,SRC-007,"BRH — Banque de la République d'Haïti, taux de référence calculé à l'achat"
2006-05-19,38.7794,0506.pdf,SRC-007,"BRH — Banque de la République d'Haïti, taux de référence calculé à l'achat"
2006-05-22,38.7688,0506.pdf,SRC-007,"BRH — Banque de la République d'Haïti, taux de référence calculé à l'achat"
2006-05-23,38.7384,0506.pdf,SRC-007,"BRH — Banque de la République d'Haïti, taux de référence calculé à l'achat"
2006-05-24,38.9346,0506.pdf,SRC-007,"BRH — Banque de la République d'Haïti, taux de référence calculé à l'achat"
2006-05-25,38.7675,0506.pdf,SRC-007,"BRH — Banque de la République d'Haïti, taux de référence calculé à l'achat"
2006-05-26,38.8719,0506.pdf,SRC-007,"BRH — Banque de la République d'Haïti, taux de référence calculé à l'achat"
2006-05-29,38.9331,0506.pdf,SRC-007,"BRH — Banque de la République d'Haïti, taux de référence calculé à l'achat"
2006-05-30,38.9485,0506.pdf,SRC-007,"BRH — Banque de la République d'Haïti, taux de référence calculé à l'achat"
2006-05-31,39.0188,0506.pdf,SRC-007,"BRH — Banque de la République d'Haïti, taux de référence calculé à l'achat"
2006-06-01,39.1905,0506.pdf,SRC-007,"BRH — Banque de la République d'Haïti, taux de référence calculé à l'achat"
2006-06-02,39.1699,0506.pdf,SRC-007,"BRH — Banque de la République d'Haïti, taux de référence calculé à l'achat"
2006-06-05,39.2224,0506.pdf,SRC-007,"BRH — Banque de la République d'Haïti, taux de référence calculé à l'achat"
2006-06-06,39.3413,0506.pdf,SRC-007,"BRH — Banque de la République d'Haïti, taux de référence calculé à l'achat"
2006-06-07,39.3044,0506.pdf,SRC-007,"BRH — Banque de la République d'Haïti, taux de référence calculé à l'achat"
2006-06-08,39.2779,0506.pdf,SRC-007,"BRH — Banque de la République d'Haïti, taux de référence calculé à l'achat"
2006-06-09,39.456,0506.pdf,SRC-007,"BRH — Banque de la République d'Haïti, taux de référence calculé à l'achat"
2006-06-12,39.3834,0506.pdf,SRC-007,"BRH — Banque de la République d'Haïti, taux de référence calculé à l'achat"
2006-06-13,39.5244,0506.pdf,SRC-007,"BRH — Banque de la République d'Haïti, taux de référence calculé à l'achat"
2006-06-14,39.6524,0506.pdf,SRC-007,"BRH — Banque de la République d'Haïti, taux de référence calculé à l'achat"
2006-06-16,39.6387,0506.pdf,SRC-007,"BRH — Banque de la République d'Haïti, taux de référence calculé à l'achat"
2006-06-19,39.6237,0506.pdf,SRC-007,"BRH — Banque de la République d'Haïti, taux de référence calculé à l'achat"
2006-06-20,39.6466,0506.pdf,SRC-007,"BRH — Banque de la République d'Haïti, taux de référence calculé à l'achat"
2006-06-21,39.7216,0506.pdf,SRC-007,"BRH — Banque de la République d'Haïti, taux de référence calculé à l'achat"
2006-06-22,39.8552,0506.pdf,SRC-007,"BRH — Banque de la République d'Haïti, taux de référence calculé à l'achat"
2006-06-23,39.8428,0506.pdf,SRC-007,"BRH — Banque de la République d'Haïti, taux de référence calculé à l'achat"
2006-06-26,39.8434,0506.pdf,SRC-007,"BRH — Banque de la République d'Haïti, taux de référence calculé à l'achat"
2006-06-27,39.8507,0506.pdf,SRC-007,"BRH — Banque de la République d'Haïti, taux de référence calculé à l'achat"
2006-06-28,39.8936,0506.pdf,SRC-007,"BRH — Banque de la République d'Haïti, taux de référence calculé à l'achat"
2006-06-29,39.89,0506.pdf,SRC-007,"BRH — Banque de la République d'Haïti, taux de référence calculé à l'achat"
2006-06-30,39.8619,0506.pdf,SRC-007,"BRH — Banque de la République d'Haïti, taux de référence calculé à l'achat"
2006-07-03,39.8357,0506.pdf,SRC-007,"BRH — Banque de la République d'Haïti, taux de référence calculé à l'achat"
2006-07-04,39.8645,0506.pdf,SRC-007,"BRH — Banque de la République d'Haïti, taux de référence calculé à l'achat"
2006-07-05,39.8962,0506.pdf,SRC-007,"BRH — Banque de la République d'Haïti, taux de référence calculé à l'achat"
2006-07-06,39.8994,0506.pdf,SRC-007,"BRH — Banque de la République d'Haïti, taux de référence calculé à l'achat"
2006-07-07,39.9271,0506.pdf,SRC-007,"BRH — Banque de la République d'Haïti, taux de référence calculé à l'achat"
2006-07-10,39.8108,0506.pdf,SRC-007,"BRH — Banque de la République d'Haïti, taux de référence calculé à l'achat"
2006-07-11,39.9352,0506.pdf,SRC-007,"BRH — Banque de la République d'Haïti, taux de référence calculé à l'achat"
2006-07-12,40.0021,0506.pdf,SRC-007,"BRH — Banque de la République d'Haïti, taux de référence calculé à l'achat"
2006-07-13,39.9614,0506.pdf,SRC-007,"BRH — Banque de la République d'Haïti, taux de référence calculé à l'achat"
2006-07-14,39.941,0506.pdf,SRC-007,"BRH — Banque de la République d'Haïti, taux de référence calculé à l'achat"
2006-07-17,39.9071,0506.pdf,SRC-007,"BRH — Banque de la République d'Haïti, taux de référence calculé à l'achat"
2006-07-18,39.8992,0506.pdf,SRC-007,"BRH — Banque de la République d'Haïti, taux de référence calculé à l'achat"
2006-07-19,39.9209,0506.pdf,SRC-007,"BRH — Banque de la République d'Haïti, taux de référence calculé à l'achat"
2006-07-20,39.9172,0506.pdf,SRC-007,"BRH — Banque de la République d'Haïti, taux de référence calculé à l'achat"
2006-07-21,39.8931,0506.pdf,SRC-007,"BRH — Banque de la République d'Haïti, taux de référence calculé à l'achat"
2006-07-24,39.8918,0506.pdf,SRC-007,"BRH — Banque de la République d'Haïti, taux de référence calculé à l'achat"
2006-07-25,40.0011,0506.pdf,SRC-007,"BRH — Banque de la République d'Haïti, taux de référence calculé à l'achat"
2006-07-26,39.9459,0506.pdf,SRC-007,"BRH — Banque de la République d'Haïti, taux de référence calculé à l'achat"
2006-07-27,39.6418,0506.pdf,SRC-007,"BRH — Banque de la République d'Haïti, taux de référence calculé à l'achat"
2006-07-28,39.8753,0506.pdf,SRC-007,"BRH — Banque de la République d'Haïti, taux de référence calculé à l'achat"
2006-07-31,39.9548,0506.pdf,SRC-007,"BRH — Banque de la République d'Haïti, taux de référence calculé à l'achat"
2006-08-01,39.8428,0506.pdf,SRC-007,"BRH — Banque de la République d'Haïti, taux de référence calculé à l'achat"
2006-08-02,39.5695,0506.pdf,SRC-007,"BRH — Banque de la République d'Haïti, taux de référence calculé à l'achat"
2006-08-03,39.4562,0506.pdf,SRC-007,"BRH — Banque de la République d'Haïti, taux de référence calculé à l'achat"
2006-08-04,39.3401,0506.pdf,SRC-007,"BRH — Banque de la République d'Haïti, taux de référence calculé à l'achat"
2006-08-07,39.2663,0506.pdf,SRC-007,"BRH — Banque de la République d'Haïti, taux de référence calculé à l'achat"
2006-08-08,39.2203,0506.pdf,SRC-007,"BRH — Banque de la République d'Haïti, taux de référence calculé à l'achat"
2006-08-09,39.105,0506.pdf,SRC-007,"BRH — Banque de la République d'Haïti, taux de référence calculé à l'achat"
2006-08-10,39.1678,0506.pdf,SRC-007,"BRH — Banque de la République d'Haïti, taux de référence calculé à l'achat"
2006-08-11,39.0962,0506.pdf,SRC-007,"BRH — Banque de la République d'Haïti, taux de référence calculé à l'achat"
2006-08-14,39.0482,0506.pdf,SRC-007,"BRH — Banque de la République d'Haïti, taux de référence calculé à l'achat"
2006-08-16,38.873,0506.pdf,SRC-007,"BRH — Banque de la République d'Haïti, taux de référence calculé à l'achat"
2006-08-17,38.8224,0506.pdf,SRC-007,"BRH — Banque de la République d'Haïti, taux de référence calculé à l'achat"
2006-08-18,38.9613,0506.pdf,SRC-007,"BRH — Banque de la République d'Haïti, taux de référence calculé à l'achat"
2006-08-21,38.8774,0506.pdf,SRC-007,"BRH — Banque de la République d'Haïti, taux de référence calculé à l'achat"
2006-08-22,38.8516,0506.pdf,SRC-007,"BRH — Banque de la République d'Haïti, taux de référence calculé à l'achat"
2006-08-23,38.9976,0506.pdf,SRC-007,"BRH — Banque de la République d'Haïti, taux de référence calculé à l'achat"
2006-08-24,39.0412,0506.pdf,SRC-007,"BRH — Banque de la République d'Haïti, taux de référence calculé à l'achat"
2006-08-25,39.0199,0506.pdf,SRC-007,"BRH — Banque de la République d'Haïti, taux de référence calculé à l'achat"
2006-08-28,39.0619,0506.pdf,SRC-007,"BRH — Banque de la République d'Haïti, taux de référence calculé à l'achat"
2006-08-29,38.8787,0506.pdf,SRC-007,"BRH — Banque de la République d'Haïti, taux de référence calculé à l'achat"
2006-08-30,38.9067,0506.pdf,SRC-007,"BRH — Banque de la République d'Haïti, taux de référence calculé à l'achat"
2006-08-31,38.8615,0506.pdf,SRC-007,"BRH — Banque de la République d'Haïti, taux de référence calculé à l'achat"
2006-09-01,38.7643,0506.pdf,SRC-007,"BRH — Banque de la République d'Haïti, taux de référence calculé à l'achat"
2006-09-04,38.7812,0506.pdf,SRC-007,"BRH — Banque de la République d'Haïti, taux de référence calculé à l'achat"
2006-09-05,38.8986,0506.pdf,SRC-007,"BRH — Banque de la République d'Haïti, taux de référence calculé à l'achat"
2006-09-06,39.088,0506.pdf,SRC-007,"BRH — Banque de la République d'Haïti, taux de référence calculé à l'achat"
2006-09-07,39.1088,0506.pdf,SRC-007,"BRH — Banque de la République d'Haïti, taux de référence calculé à l'achat"
2006-09-08,39.1283,0506.pdf,SRC-007,"BRH — Banque de la République d'Haïti, taux de référence calculé à l'achat"
2006-09-11,39.0502,0506.pdf,SRC-007,"BRH — Banque de la République d'Haïti, taux de référence calculé à l'achat"
2006-09-12,39.1046,0506.pdf,SRC-007,"BRH — Banque de la République d'Haïti, taux de référence calculé à l'achat"
2006-09-13,39.1201,0506.pdf,SRC-007,"BRH — Banque de la République d'Haïti, taux de référence calculé à l'achat"
2006-09-14,39.1027,0506.pdf,SRC-007,"BRH — Banque de la République d'Haïti, taux de référence calculé à l'achat"
2006-09-15,39.1315,0506.pdf,SRC-007,"BRH — Banque de la République d'Haïti, taux de référence calculé à l'achat"
2006-09-18,39.0451,0506.pdf,SRC-007,"BRH — Banque de la République d'Haïti, taux de référence calculé à l'achat"
2006-09-19,39.1359,0506.pdf,SRC-007,"BRH — Banque de la République d'Haïti, taux de référence calculé à l'achat"
2006-09-20,39.2013,0506.pdf,SRC-007,"BRH — Banque de la République d'Haïti, taux de référence calculé à l'achat"
2006-09-21,39.1174,0506.pdf,SRC-007,"BRH — Banque de la République d'Haïti, taux de référence calculé à l'achat"
2006-09-22,39.1474,0506.pdf,SRC-007,"BRH — Banque de la République d'Haïti, taux de référence calculé à l'achat"
2006-09-25,39.043,0506.pdf,SRC-007,"BRH — Banque de la République d'Haïti, taux de référence calculé à l'achat"
2006-09-26,39.1167,0506.pdf,SRC-007,"BRH — Banque de la République d'Haïti, taux de référence calculé à l'achat"
2006-09-27,39.1784,0506.pdf,SRC-007,"BRH — Banque de la République d'Haïti, taux de référence calculé à l'achat"
2006-09-28,39.1972,0506.pdf,SRC-007,"BRH — Banque de la République d'Haïti, taux de référence calculé à l'achat"
2006-09-29,39.1292,0506.pdf,SRC-007,"BRH — Banque de la République d'Haïti, taux de référence calculé à l'achat"
2006-10-02,39.1269,0607.pdf,SRC-007,"BRH — Banque de la République d'Haïti, taux de référence calculé à l'achat"
2006-10-03,39.1028,0607.pdf,SRC-007,"BRH — Banque de la République d'Haïti, taux de référence calculé à l'achat"
2006-10-04,39.1113,0607.pdf,SRC-007,"BRH — Banque de la République d'Haïti, taux de référence calculé à l'achat"
2006-10-05,39.1242,0607.pdf,SRC-007,"BRH — Banque de la République d'Haïti, taux de référence calculé à l'achat"
2006-10-06,39.1685,0607.pdf,SRC-007,"BRH — Banque de la République d'Haïti, taux de référence calculé à l'achat"
2006-10-09,39.0959,0607.pdf,SRC-007,"BRH — Banque de la République d'Haïti, taux de référence calculé à l'achat"
2006-10-10,39.1583,0607.pdf,SRC-007,"BRH — Banque de la République d'Haïti, taux de référence calculé à l'achat"
2006-10-11,39.1379,0607.pdf,SRC-007,"BRH — Banque de la République d'Haïti, taux de référence calculé à l'achat"
2006-10-12,39.0341,0607.pdf,SRC-007,"BRH — Banque de la République d'Haïti, taux de référence calculé à l'achat"
2006-10-13,39.095,0607.pdf,SRC-007,"BRH — Banque de la République d'Haïti, taux de référence calculé à l'achat"
2006-10-16,39.1351,0607.pdf,SRC-007,"BRH — Banque de la République d'Haïti, taux de référence calculé à l'achat"
2006-10-18,39.1196,0607.pdf,SRC-007,"BRH — Banque de la République d'Haïti, taux de référence calculé à l'achat"
2006-10-19,39.1006,0607.pdf,SRC-007,"BRH — Banque de la République d'Haïti, taux de référence calculé à l'achat"
2006-10-20,39.0708,0607.pdf,SRC-007,"BRH — Banque de la République d'Haïti, taux de référence calculé à l'achat"
2006-10-23,39.1256,0607.pdf,SRC-007,"BRH — Banque de la République d'Haïti, taux de référence calculé à l'achat"
2006-10-24,39.0102,0607.pdf,SRC-007,"BRH — Banque de la République d'Haïti, taux de référence calculé à l'achat"
2006-10-25,39.0707,0607.pdf,SRC-007,"BRH — Banque de la République d'Haïti, taux de référence calculé à l'achat"
2006-10-26,39.0675,0607.pdf,SRC-007,"BRH — Banque de la République d'Haïti, taux de référence calculé à l'achat"
2006-10-27,39.0179,0607.pdf,SRC-007,"BRH — Banque de la République d'Haïti, taux de référence calculé à l'achat"
2006-10-30,39.1454,0607.pdf,SRC-007,"BRH — Banque de la République d'Haïti, taux de référence calculé à l'achat"
2006-10-31,39.1312,0607.pdf,SRC-007,"BRH — Banque de la République d'Haïti, taux de référence calculé à l'achat"
2006-11-03,39.0984,0607.pdf,SRC-007,"BRH — Banque de la République d'Haïti, taux de référence calculé à l'achat"
2006-11-06,39.1217,0607.pdf,SRC-007,"BRH — Banque de la République d'Haïti, taux de référence calculé à l'achat"
2006-11-07,39.0937,0607.pdf,SRC-007,"BRH — Banque de la République d'Haïti, taux de référence calculé à l'achat"
2006-11-08,39.0942,0607.pdf,SRC-007,"BRH — Banque de la République d'Haïti, taux de référence calculé à l'achat"
2006-11-09,39.0889,0607.pdf,SRC-007,"BRH — Banque de la République d'Haïti, taux de référence calculé à l'achat"
2006-11-10,39.0758,0607.pdf,SRC-007,"BRH — Banque de la République d'Haïti, taux de référence calculé à l'achat"
2006-11-13,39.112,0607.pdf,SRC-007,"BRH — Banque de la République d'Haïti, taux de référence calculé à l'achat"
2006-11-14,39.0728,0607.pdf,SRC-007,"BRH — Banque de la République d'Haïti, taux de référence calculé à l'achat"
2006-11-15,39.1589,0607.pdf,SRC-007,"BRH — Banque de la République d'Haïti, taux de référence calculé à l'achat"
2006-11-16,39.1188,0607.pdf,SRC-007,"BRH — Banque de la République d'Haïti, taux de référence calculé à l'achat"
2006-11-17,39.1221,0607.pdf,SRC-007,"BRH — Banque de la République d'Haïti, taux de référence calculé à l'achat"
2006-11-20,39.0829,0607.pdf,SRC-007,"BRH — Banque de la République d'Haïti, taux de référence calculé à l'achat"
2006-11-21,39.0882,0607.pdf,SRC-007,"BRH — Banque de la République d'Haïti, taux de référence calculé à l'achat"
2006-11-22,39.0595,0607.pdf,SRC-007,"BRH — Banque de la République d'Haïti, taux de référence calculé à l'achat"
2006-11-23,39.0901,0607.pdf,SRC-007,"BRH — Banque de la République d'Haïti, taux de référence calculé à l'achat"
2006-11-24,39.0631,0607.pdf,SRC-007,"BRH — Banque de la République d'Haïti, taux de référence calculé à l'achat"
2006-11-27,39.0345,0607.pdf,SRC-007,"BRH — Banque de la République d'Haïti, taux de référence calculé à l'achat"
2006-11-28,39.0427,0607.pdf,SRC-007,"BRH — Banque de la République d'Haïti, taux de référence calculé à l'achat"
2006-11-29,39.0439,0607.pdf,SRC-007,"BRH — Banque de la République d'Haïti, taux de référence calculé à l'achat"
2006-11-30,38.9958,0607.pdf,SRC-007,"BRH — Banque de la République d'Haïti, taux de référence calculé à l'achat"
2006-12-01,38.9889,0607.pdf,SRC-007,"BRH — Banque de la République d'Haïti, taux de référence calculé à l'achat"
2006-12-04,38.9257,0607.pdf,SRC-007,"BRH — Banque de la République d'Haïti, taux de référence calculé à l'achat"
2006-12-05,38.8889,0607.pdf,SRC-007,"BRH — Banque de la République d'Haïti, taux de référence calculé à l'achat"
2006-12-06,38.8776,0607.pdf,SRC-007,"BRH — Banque de la République d'Haïti, taux de référence calculé à l'achat"
2006-12-07,38.8908,0607.pdf,SRC-007,"BRH — Banque de la République d'Haïti, taux de référence calculé à l'achat"
2006-12-08,38.874,0607.pdf,SRC-007,"BRH — Banque de la République d'Haïti, taux de référence calculé à l'achat"
2006-12-11,38.7771,0607.pdf,SRC-007,"BRH — Banque de la République d'Haïti, taux de référence calculé à l'achat"
2006-12-12,38.6528,0607.pdf,SRC-007,"BRH — Banque de la République d'Haïti, taux de référence calculé à l'achat"
2006-12-13,38.5309,0607.pdf,SRC-007,"BRH — Banque de la République d'Haïti, taux de référence calculé à l'achat"
2006-12-14,38.3802,0607.pdf,SRC-007,"BRH — Banque de la République d'Haïti, taux de référence calculé à l'achat"
2006-12-15,38.3221,0607.pdf,SRC-007,"BRH — Banque de la République d'Haïti, taux de référence calculé à l'achat"
2006-12-18,38.2276,0607.pdf,SRC-007,"BRH — Banque de la République d'Haïti, taux de référence calculé à l'achat"
2006-12-19,38.2052,0607.pdf,SRC-007,"BRH — Banque de la République d'Haïti, taux de référence calculé à l'achat"
2006-12-20,37.9474,0607.pdf,SRC-007,"BRH — Banque de la République d'Haïti, taux de référence calculé à l'achat"
2006-12-21,37.8561,0607.pdf,SRC-007,"BRH — Banque de la République d'Haïti, taux de référence calculé à l'achat"
2006-12-22,37.6889,0607.pdf,SRC-007,"BRH — Banque de la République d'Haïti, taux de référence calculé à l'achat"
2006-12-26,37.5947,0607.pdf,SRC-007,"BRH — Banque de la République d'Haïti, taux de référence calculé à l'achat"
2006-12-27,37.5203,0607.pdf,SRC-007,"BRH — Banque de la République d'Haïti, taux de référence calculé à l'achat"
2006-12-28,37.5481,0607.pdf,SRC-007,"BRH — Banque de la République d'Haïti, taux de référence calculé à l'achat"
2006-12-29,37.5914,0607.pdf,SRC-007,"BRH — Banque de la République d'Haïti, taux de référence calculé à l'achat"
2007-01-03,37.7678,0607.pdf,SRC-007,"BRH — Banque de la République d'Haïti, taux de référence calculé à l'achat"
2007-01-04,37.538,0607.pdf,SRC-007,"BRH — Banque de la République d'Haïti, taux de référence calculé à l'achat"
2007-01-05,37.7397,0607.pdf,SRC-007,"BRH — Banque de la République d'Haïti, taux de référence calculé à l'achat"
2007-01-08,37.765,0607.pdf,SRC-007,"BRH — Banque de la République d'Haïti, taux de référence calculé à l'achat"
2007-01-09,37.893,0607.pdf,SRC-007,"BRH — Banque de la République d'Haïti, taux de référence calculé à l'achat"
2007-01-10,38.075,0607.pdf,SRC-007,"BRH — Banque de la République d'Haïti, taux de référence calculé à l'achat"
2007-01-11,38.0347,0607.pdf,SRC-007,"BRH — Banque de la République d'Haïti, taux de référence calculé à l'achat"
2007-01-12,38.098,0607.pdf,SRC-007,"BRH — Banque de la République d'Haïti, taux de référence calculé à l'achat"
2007-01-15,38.1889,0607.pdf,SRC-007,"BRH — Banque de la République d'Haïti, taux de référence calculé à l'achat"
2007-01-16,38.2371,0607.pdf,SRC-007,"BRH — Banque de la République d'Haïti, taux de référence calculé à l'achat"
2007-01-17,37.9268,0607.pdf,SRC-007,"BRH — Banque de la République d'Haïti, taux de référence calculé à l'achat"
2007-01-18,38.5006,0607.pdf,SRC-007,"BRH — Banque de la République d'Haïti, taux de référence calculé à l'achat"
2007-01-19,38.7584,0607.pdf,SRC-007,"BRH — Banque de la République d'Haïti, taux de référence calculé à l'achat"
2007-01-22,38.7382,0607.pdf,SRC-007,"BRH — Banque de la République d'Haïti, taux de référence calculé à l'achat"
2007-01-23,38.9723,0607.pdf,SRC-007,"BRH — Banque de la République d'Haïti, taux de référence calculé à l'achat"
2007-01-24,39.0604,0607.pdf,SRC-007,"BRH — Banque de la République d'Haïti, taux de référence calculé à l'achat"
2007-01-25,39.0348,0607.pdf,SRC-007,"BRH — Banque de la République d'Haïti, taux de référence calculé à l'achat"
2007-01-26,39.0881,0607.pdf,SRC-007,"BRH — Banque de la République d'Haïti, taux de référence calculé à l'achat"
2007-01-29,38.9734,0607.pdf,SRC-007,"BRH — Banque de la République d'Haïti, taux de référence calculé à l'achat"
2007-01-30,38.5475,0607.pdf,SRC-007,"BRH — Banque de la République d'Haïti, taux de référence calculé à l'achat"
2007-01-31,38.9823,0607.pdf,SRC-007,"BRH — Banque de la République d'Haïti, taux de référence calculé à l'achat"
2007-02-01,38.9241,0607.pdf,SRC-007,"BRH — Banque de la République d'Haïti, taux de référence calculé à l'achat"
2007-02-02,38.8715,0607.pdf,SRC-007,"BRH — Banque de la République d'Haïti, taux de référence calculé à l'achat"
2007-02-05,38.7396,0607.pdf,SRC-007,"BRH — Banque de la République d'Haïti, taux de référence calculé à l'achat"
2007-02-06,38.7557,0607.pdf,SRC-007,"BRH — Banque de la République d'Haïti, taux de référence calculé à l'achat"
2007-02-07,38.6696,0607.pdf,SRC-007,"BRH — Banque de la République d'Haïti, taux de référence calculé à l'achat"
2007-02-08,38.5807,0607.pdf,SRC-007,"BRH — Banque de la République d'Haïti, taux de référence calculé à l'achat"
2007-02-09,38.4748,0607.pdf,SRC-007,"BRH — Banque de la République d'Haïti, taux de référence calculé à l'achat"
2007-02-12,38.5092,0607.pdf,SRC-007,"BRH — Banque de la République d'Haïti, taux de référence calculé à l'achat"
2007-02-13,38.4423,0607.pdf,SRC-007,"BRH — Banque de la République d'Haïti, taux de référence calculé à l'achat"
2007-02-14,38.2363,0607.pdf,SRC-007,"BRH — Banque de la République d'Haïti, taux de référence calculé à l'achat"
2007-02-15,38.2426,0607.pdf,SRC-007,"BRH — Banque de la République d'Haïti, taux de référence calculé à l'achat"
2007-02-16,38.1036,0607.pdf,SRC-007,"BRH — Banque de la République d'Haïti, taux de référence calculé à l'achat"
2007-02-22,38.1891,0607.pdf,SRC-007,"BRH — Banque de la République d'Haïti, taux de référence calculé à l'achat"
2007-02-23,38.3583,0607.pdf,SRC-007,"BRH — Banque de la République d'Haïti, taux de référence calculé à l'achat"
2007-02-26,38.1519,0607.pdf,SRC-007,"BRH — Banque de la République d'Haïti, taux de référence calculé à l'achat"
2007-02-27,38.2364,0607.pdf,SRC-007,"BRH — Banque de la République d'Haïti, taux de référence calculé à l'achat"
2007-02-28,38.3217,0607.pdf,SRC-007,"BRH — Banque de la République d'Haïti, taux de référence calculé à l'achat"
2007-03-01,38.2798,0607.pdf,SRC-007,"BRH — Banque de la République d'Haïti, taux de référence calculé à l'achat"
2007-03-02,38.2705,0607.pdf,SRC-007,"BRH — Banque de la République d'Haïti, taux de référence calculé à l'achat"
2007-03-05,38.2906,0607.pdf,SRC-007,"BRH — Banque de la République d'Haïti, taux de référence calculé à l'achat"
2007-03-06,38.3109,0607.pdf,SRC-007,"BRH — Banque de la République d'Haïti, taux de référence calculé à l'achat"
2007-03-07,38.344,0607.pdf,SRC-007,"BRH — Banque de la République d'Haïti, taux de référence calculé à l'achat"
2007-03-08,38.3442,0607.pdf,SRC-007,"BRH — Banque de la République d'Haïti, taux de référence calculé à l'achat"
2007-03-09,38.2637,0607.pdf,SRC-007,"BRH — Banque de la République d'Haïti, taux de référence calculé à l'achat"
2007-03-12,38.2788,0607.pdf,SRC-007,"BRH — Banque de la République d'Haïti, taux de référence calculé à l'achat"
2007-03-13,38.2411,0607.pdf,SRC-007,"BRH — Banque de la République d'Haïti, taux de référence calculé à l'achat"
2007-03-14,38.1553,0607.pdf,SRC-007,"BRH — Banque de la République d'Haïti, taux de référence calculé à l'achat"
2007-03-15,38.1092,0607.pdf,SRC-007,"BRH — Banque de la République d'Haïti, taux de référence calculé à l'achat"
2007-03-16,37.9973,0607.pdf,SRC-007,"BRH — Banque de la République d'Haïti, taux de référence calculé à l'achat"
2007-03-19,37.9989,0607.pdf,SRC-007,"BRH — Banque de la République d'Haïti, taux de référence calculé à l'achat"
2007-03-20,37.916,0607.pdf,SRC-007,"BRH — Banque de la République d'Haïti, taux de référence calculé à l'achat"
2007-03-21,37.925,0607.pdf,SRC-007,"BRH — Banque de la République d'Haïti, taux de référence calculé à l'achat"
2007-03-22,37.7823,0607.pdf,SRC-007,"BRH — Banque de la République d'Haïti, taux de référence calculé à l'achat"
2007-03-23,37.7673,0607.pdf,SRC-007,"BRH — Banque de la République d'Haïti, taux de référence calculé à l'achat"
2007-03-26,37.7008,0607.pdf,SRC-007,"BRH — Banque de la République d'Haïti, taux de référence calculé à l'achat"
2007-03-27,37.4947,0607.pdf,SRC-007,"BRH — Banque de la République d'Haïti, taux de référence calculé à l'achat"
2007-03-28,37.5789,0607.pdf,SRC-007,"BRH — Banque de la République d'Haïti, taux de référence calculé à l'achat"
2007-03-29,37.482,0607.pdf,SRC-007,"BRH — Banque de la République d'Haïti, taux de référence calculé à l'achat"
2007-03-30,37.4215,0607.pdf,SRC-007,"BRH — Banque de la République d'Haïti, taux de référence calculé à l'achat"
2007-04-02,37.3956,0607.pdf,SRC-007,"BRH — Banque de la République d'Haïti, taux de référence calculé à l'achat"
2007-04-03,37.1464,0607.pdf,SRC-007,"BRH — Banque de la République d'Haïti, taux de référence calculé à l'achat"
2007-04-04,37.1366,0607.pdf,SRC-007,"BRH — Banque de la République d'Haïti, taux de référence calculé à l'achat"
2007-04-05,37.1535,0607.pdf,SRC-007,"BRH — Banque de la République d'Haïti, taux de référence calculé à l'achat"
2007-04-09,36.9968,0607.pdf,SRC-007,"BRH — Banque de la République d'Haïti, taux de référence calculé à l'achat"
2007-04-10,36.9833,0607.pdf,SRC-007,"BRH — Banque de la République d'Haïti, taux de référence calculé à l'achat"
2007-04-11,37.0025,0607.pdf,SRC-007,"BRH — Banque de la République d'Haïti, taux de référence calculé à l'achat"
2007-04-12,36.9039,0607.pdf,SRC-007,"BRH — Banque de la République d'Haïti, taux de référence calculé à l'achat"
2007-04-13,36.8923,0607.pdf,SRC-007,"BRH — Banque de la République d'Haïti, taux de référence calculé à l'achat"
2007-04-16,36.8851,0607.pdf,SRC-007,"BRH — Banque de la République d'Haïti, taux de référence calculé à l'achat"
2007-04-17,36.7722,0607.pdf,SRC-007,"BRH — Banque de la République d'Haïti, taux de référence calculé à l'achat"
2007-04-18,36.8081,0607.pdf,SRC-007,"BRH — Banque de la République d'Haïti, taux de référence calculé à l'achat"
2007-04-19,36.8593,0607.pdf,SRC-007,"BRH — Banque de la République d'Haïti, taux de référence calculé à l'achat"
2007-04-20,36.8298,0607.pdf,SRC-007,"BRH — Banque de la République d'Haïti, taux de référence calculé à l'achat"
2007-04-23,36.7041,0607.pdf,SRC-007,"BRH — Banque de la République d'Haïti, taux de référence calculé à l'achat"
2007-04-24,36.7271,0607.pdf,SRC-007,"BRH — Banque de la République d'Haïti, taux de référence calculé à l'achat"
2007-04-25,36.8602,0607.pdf,SRC-007,"BRH — Banque de la République d'Haïti, taux de référence calculé à l'achat"
2007-04-26,36.8195,0607.pdf,SRC-007,"BRH — Banque de la République d'Haïti, taux de référence calculé à l'achat"
2007-04-27,36.8456,0607.pdf,SRC-007,"BRH — Banque de la République d'Haïti, taux de référence calculé à l'achat"
2007-04-30,36.9035,0607.pdf,SRC-007,"BRH — Banque de la République d'Haïti, taux de référence calculé à l'achat"
2007-05-02,36.8972,0607.pdf,SRC-007,"BRH — Banque de la République d'Haïti, taux de référence calculé à l'achat"
2007-05-03,36.9065,0607.pdf,SRC-007,"BRH — Banque de la République d'Haïti, taux de référence calculé à l'achat"
2007-05-04,36.9185,0607.pdf,SRC-007,"BRH — Banque de la République d'Haïti, taux de référence calculé à l'achat"
2007-05-07,36.9419,0607.pdf,SRC-007,"BRH — Banque de la République d'Haïti, taux de référence calculé à l'achat"
2007-05-08,36.9239,0607.pdf,SRC-007,"BRH — Banque de la République d'Haïti, taux de référence calculé à l'achat"
2007-05-09,37.0139,0607.pdf,SRC-007,"BRH — Banque de la République d'Haïti, taux de référence calculé à l'achat"
2007-05-10,36.952,0607.pdf,SRC-007,"BRH — Banque de la République d'Haïti, taux de référence calculé à l'achat"
2007-05-11,36.8493,0607.pdf,SRC-007,"BRH — Banque de la République d'Haïti, taux de référence calculé à l'achat"
2007-05-14,36.8455,0607.pdf,SRC-007,"BRH — Banque de la République d'Haïti, taux de référence calculé à l'achat"
2007-05-15,36.9243,0607.pdf,SRC-007,"BRH — Banque de la République d'Haïti, taux de référence calculé à l'achat"
2007-05-16,36.8479,0607.pdf,SRC-007,"BRH — Banque de la République d'Haïti, taux de référence calculé à l'achat"
2007-05-17,36.9421,0607.pdf,SRC-007,"BRH — Banque de la République d'Haïti, taux de référence calculé à l'achat"
2007-05-21,36.877,0607.pdf,SRC-007,"BRH — Banque de la République d'Haïti, taux de référence calculé à l'achat"
2007-05-22,36.8754,0607.pdf,SRC-007,"BRH — Banque de la République d'Haïti, taux de référence calculé à l'achat"
2007-05-23,36.8163,0607.pdf,SRC-007,"BRH — Banque de la République d'Haïti, taux de référence calculé à l'achat"
2007-05-24,36.875,0607.pdf,SRC-007,"BRH — Banque de la République d'Haïti, taux de référence calculé à l'achat"
2007-05-25,36.7525,0607.pdf,SRC-007,"BRH — Banque de la République d'Haïti, taux de référence calculé à l'achat"
2007-05-28,36.81,0607.pdf,SRC-007,"BRH — Banque de la République d'Haïti, taux de référence calculé à l'achat"
2007-05-29,36.7553,0607.pdf,SRC-007,"BRH — Banque de la République d'Haïti, taux de référence calculé à l'achat"
2007-05-30,36.7309,0607.pdf,SRC-007,"BRH — Banque de la République d'Haïti, taux de référence calculé à l'achat"
2007-05-31,36.5716,0607.pdf,SRC-007,"BRH — Banque de la République d'Haïti, taux de référence calculé à l'achat"
2007-06-01,36.7053,0607.pdf,SRC-007,"BRH — Banque de la République d'Haïti, taux de référence calculé à l'achat"
2007-06-04,36.6018,0607.pdf,SRC-007,"BRH — Banque de la République d'Haïti, taux de référence calculé à l'achat"
2007-06-05,36.5759,0607.pdf,SRC-007,"BRH — Banque de la République d'Haïti, taux de référence calculé à l'achat"
2007-06-06,36.6274,0607.pdf,SRC-007,"BRH — Banque de la République d'Haïti, taux de référence calculé à l'achat"
2007-06-08,36.6106,0607.pdf,SRC-007,"BRH — Banque de la République d'Haïti, taux de référence calculé à l'achat"
2007-06-11,36.5309,0607.pdf,SRC-007,"BRH — Banque de la République d'Haïti, taux de référence calculé à l'achat"
2007-06-12,36.53,0607.pdf,SRC-007,"BRH — Banque de la République d'Haïti, taux de référence calculé à l'achat"
2007-06-13,36.4287,0607.pdf,SRC-007,"BRH — Banque de la République d'Haïti, taux de référence calculé à l'achat"
2007-06-14,36.2811,0607.pdf,SRC-007,"BRH — Banque de la République d'Haïti, taux de référence calculé à l'achat"
2007-06-15,36.2715,0607.pdf,SRC-007,"BRH — Banque de la République d'Haïti, taux de référence calculé à l'achat"
2007-06-18,36.2862,0607.pdf,SRC-007,"BRH — Banque de la République d'Haïti, taux de référence calculé à l'achat"
2007-06-19,36.2459,0607.pdf,SRC-007,"BRH — Banque de la République d'Haïti, taux de référence calculé à l'achat"
2007-06-20,36.1926,0607.pdf,SRC-007,"BRH — Banque de la République d'Haïti, taux de référence calculé à l'achat"
2007-06-21,36.1206,0607.pdf,SRC-007,"BRH — Banque de la République d'Haïti, taux de référence calculé à l'achat"
2007-06-22,36.1013,0607.pdf,SRC-007,"BRH — Banque de la République d'Haïti, taux de référence calculé à l'achat"
2007-06-25,36.0517,0607.pdf,SRC-007,"BRH — Banque de la République d'Haïti, taux de référence calculé à l'achat"
2007-06-26,36.0754,0607.pdf,SRC-007,"BRH — Banque de la République d'Haïti, taux de référence calculé à l'achat"
2007-06-27,35.8901,0607.pdf,SRC-007,"BRH — Banque de la République d'Haïti, taux de référence calculé à l'achat"
2007-06-28,35.7404,0607.pdf,SRC-007,"BRH — Banque de la République d'Haïti, taux de référence calculé à l'achat"
2007-06-29,35.7429,0607.pdf,SRC-007,"BRH — Banque de la République d'Haïti, taux de référence calculé à l'achat"
2007-07-02,35.7609,0607.pdf,SRC-007,"BRH — Banque de la République d'Haïti, taux de référence calculé à l'achat"
2007-07-03,35.6631,0607.pdf,SRC-007,"BRH — Banque de la République d'Haïti, taux de référence calculé à l'achat"
2007-07-06,35.5984,0607.pdf,SRC-007,"BRH — Banque de la République d'Haïti, taux de référence calculé à l'achat"
2007-07-07,35.7329,0607.pdf,SRC-007,"BRH — Banque de la République d'Haïti, taux de référence calculé à l'achat"
2007-07-08,35.5336,0607.pdf,SRC-007,"BRH — Banque de la République d'Haïti, taux de référence calculé à l'achat"
2007-07-09,35.5498,0607.pdf,SRC-007,"BRH — Banque de la République d'Haïti, taux de référence calculé à l'achat"
2007-07-10,35.5573,0607.pdf,SRC-007,"BRH — Banque de la République d'Haïti, taux de référence calculé à l'achat"
2007-07-13,35.6006,0607.pdf,SRC-007,"BRH — Banque de la République d'Haïti, taux de référence calculé à l'achat"
2007-07-14,35.5379,0607.pdf,SRC-007,"BRH — Banque de la République d'Haïti, taux de référence calculé à l'achat"
2007-07-15,35.5402,0607.pdf,SRC-007,"BRH — Banque de la République d'Haïti, taux de référence calculé à l'achat"
2007-07-16,35.619,0607.pdf,SRC-007,"BRH — Banque de la République d'Haïti, taux de référence calculé à l'achat"
2007-07-17,35.611,0607.pdf,SRC-007,"BRH — Banque de la République d'Haïti, taux de référence calculé à l'achat"
2007-07-18,35.532,0607.pdf,SRC-007,"BRH — Banque de la République d'Haïti, taux de référence calculé à l'achat"
2007-07-19,35.6089,0607.pdf,SRC-007,"BRH — Banque de la République d'Haïti, taux de référence calculé à l'achat"
2007-07-20,35.5865,0607.pdf,SRC-007,"BRH — Banque de la République d'Haïti, taux de référence calculé à l'achat"
2007-07-23,35.5995,0607.pdf,SRC-007,"BRH — Banque de la République d'Haïti, taux de référence calculé à l'achat"
2007-07-24,35.5953,0607.pdf,SRC-007,"BRH — Banque de la République d'Haïti, taux de référence calculé à l'achat"
2007-07-25,35.672,0607.pdf,SRC-007,"BRH — Banque de la République d'Haïti, taux de référence calculé à l'achat"
2007-07-26,35.6439,0607.pdf,SRC-007,"BRH — Banque de la République d'Haïti, taux de référence calculé à l'achat"
2007-07-27,35.6509,0607.pdf,SRC-007,"BRH — Banque de la République d'Haïti, taux de référence calculé à l'achat"
2007-07-30,35.7012,0607.pdf,SRC-007,"BRH — Banque de la République d'Haïti, taux de référence calculé à l'achat"
2007-07-31,35.6388,0607.pdf,SRC-007,"BRH — Banque de la République d'Haïti, taux de référence calculé à l'achat"
2007-08-01,35.7229,0607.pdf,SRC-007,"BRH — Banque de la République d'Haïti, taux de référence calculé à l'achat"
2007-08-02,35.5367,0607.pdf,SRC-007,"BRH — Banque de la République d'Haïti, taux de référence calculé à l'achat"
2007-08-03,35.6806,0607.pdf,SRC-007,"BRH — Banque de la République d'Haïti, taux de référence calculé à l'achat"
2007-08-06,35.657,0607.pdf,SRC-007,"BRH — Banque de la République d'Haïti, taux de référence calculé à l'achat"
2007-08-07,35.7551,0607.pdf,SRC-007,"BRH — Banque de la République d'Haïti, taux de référence calculé à l'achat"
2007-08-08,35.6965,0607.pdf,SRC-007,"BRH — Banque de la République d'Haïti, taux de référence calculé à l'achat"
2007-08-09,35.6883,0607.pdf,SRC-007,"BRH — Banque de la République d'Haïti, taux de référence calculé à l'achat"
2007-08-10,35.6883,0607.pdf,SRC-007,"BRH — Banque de la République d'Haïti, taux de référence calculé à l'achat"
2007-08-13,35.6306,0607.pdf,SRC-007,"BRH — Banque de la République d'Haïti, taux de référence calculé à l'achat"
2007-08-14,35.6501,0607.pdf,SRC-007,"BRH — Banque de la République d'Haïti, taux de référence calculé à l'achat"
2007-08-16,35.6541,0607.pdf,SRC-007,"BRH — Banque de la République d'Haïti, taux de référence calculé à l'achat"
2007-08-17,35.6123,0607.pdf,SRC-007,"BRH — Banque de la République d'Haïti, taux de référence calculé à l'achat"
2007-08-20,35.6567,0607.pdf,SRC-007,"BRH — Banque de la République d'Haïti, taux de référence calculé à l'achat"
2007-08-21,35.6596,0607.pdf,SRC-007,"BRH — Banque de la République d'Haïti, taux de référence calculé à l'achat"
2007-08-22,35.6523,0607.pdf,SRC-007,"BRH — Banque de la République d'Haïti, taux de référence calculé à l'achat"
2007-08-23,35.6248,0607.pdf,SRC-007,"BRH — Banque de la République d'Haïti, taux de référence calculé à l'achat"
2007-08-24,35.717,0607.pdf,SRC-007,"BRH — Banque de la République d'Haïti, taux de référence calculé à l'achat"
2007-08-27,35.7281,0607.pdf,SRC-007,"BRH — Banque de la République d'Haïti, taux de référence calculé à l'achat"
2007-08-28,35.7863,0607.pdf,SRC-007,"BRH — Banque de la République d'Haïti, taux de référence calculé à l'achat"
2007-08-29,35.8053,0607.pdf,SRC-007,"BRH — Banque de la République d'Haïti, taux de référence calculé à l'achat"
2007-08-30,35.814,0607.pdf,SRC-007,"BRH — Banque de la République d'Haïti, taux de référence calculé à l'achat"
2007-08-31,35.7562,0607.pdf,SRC-007,"BRH — Banque de la République d'Haïti, taux de référence calculé à l'achat"
2007-09-03,35.8459,0607.pdf,SRC-007,"BRH — Banque de la République d'Haïti, taux de référence calculé à l'achat"
2007-09-04,35.8259,0607.pdf,SRC-007,"BRH — Banque de la République d'Haïti, taux de référence calculé à l'achat"
2007-09-05,35.893,0607.pdf,SRC-007,"BRH — Banque de la République d'Haïti, taux de référence calculé à l'achat"
2007-09-06,35.8696,0607.pdf,SRC-007,"BRH — Banque de la République d'Haïti, taux de référence calculé à l'achat"
2007-09-07,35.9085,0607.pdf,SRC-007,"BRH — Banque de la République d'Haïti, taux de référence calculé à l'achat"
2007-09-10,35.8255,0607.pdf,SRC-007,"BRH — Banque de la République d'Haïti, taux de référence calculé à l'achat"
2007-09-11,35.9363,0607.pdf,SRC-007,"BRH — Banque de la République d'Haïti, taux de référence calculé à l'achat"
2007-09-12,35.9147,0607.pdf,SRC-007,"BRH — Banque de la République d'Haïti, taux de référence calculé à l'achat"
2007-09-13,36.0193,0607.pdf,SRC-007,"BRH — Banque de la République d'Haïti, taux de référence calculé à l'achat"
2007-09-14,36.0044,0607.pdf,SRC-007,"BRH — Banque de la République d'Haïti, taux de référence calculé à l'achat"
2007-09-17,35.9862,0607.pdf,SRC-007,"BRH — Banque de la République d'Haïti, taux de référence calculé à l'achat"
2007-09-18,36.0699,0607.pdf,SRC-007,"BRH — Banque de la République d'Haïti, taux de référence calculé à l'achat"
2007-09-19,36.1289,0607.pdf,SRC-007,"BRH — Banque de la République d'Haïti, taux de référence calculé à l'achat"
2007-09-20,36.1584,0607.pdf,SRC-007,"BRH — Banque de la République d'Haïti, taux de référence calculé à l'achat"
2007-09-21,36.2076,0607.pdf,SRC-007,"BRH — Banque de la République d'Haïti, taux de référence calculé à l'achat"
2007-09-24,36.3091,0607.pdf,SRC-007,"BRH — Banque de la République d'Haïti, taux de référence calculé à l'achat"
2007-09-25,36.4258,0607.pdf,SRC-007,"BRH — Banque de la République d'Haïti, taux de référence calculé à l'achat"
2007-09-26,36.5937,0607.pdf,SRC-007,"BRH — Banque de la République d'Haïti, taux de référence calculé à l'achat"
2007-09-27,36.472,0607.pdf,SRC-007,"BRH — Banque de la République d'Haïti, taux de référence calculé à l'achat"
2007-09-28,36.3813,0607.pdf,SRC-007,"BRH — Banque de la République d'Haïti, taux de référence calculé à l'achat"
2007-10-01,36.1805,0708.pdf,SRC-007,"BRH — Banque de la République d'Haïti, taux de référence calculé à l'achat"
2007-10-02,36.0372,0708.pdf,SRC-007,"BRH — Banque de la République d'Haïti, taux de référence calculé à l'achat"
2007-10-03,36.0278,0708.pdf,SRC-007,"BRH — Banque de la République d'Haïti, taux de référence calculé à l'achat"
2007-10-04,36.0681,0708.pdf,SRC-007,"BRH — Banque de la République d'Haïti, taux de référence calculé à l'achat"
2007-10-05,36.1127,0708.pdf,SRC-007,"BRH — Banque de la République d'Haïti, taux de référence calculé à l'achat"
2007-10-08,35.9592,0708.pdf,SRC-007,"BRH — Banque de la République d'Haïti, taux de référence calculé à l'achat"
2007-10-09,36.0079,0708.pdf,SRC-007,"BRH — Banque de la République d'Haïti, taux de référence calculé à l'achat"
2007-10-10,36.1223,0708.pdf,SRC-007,"BRH — Banque de la République d'Haïti, taux de référence calculé à l'achat"
2007-10-11,36.16,0708.pdf,SRC-007,"BRH — Banque de la République d'Haïti, taux de référence calculé à l'achat"
2007-10-12,36.1566,0708.pdf,SRC-007,"BRH — Banque de la République d'Haïti, taux de référence calculé à l'achat"
2007-10-15,36.1663,0708.pdf,SRC-007,"BRH — Banque de la République d'Haïti, taux de référence calculé à l'achat"
2007-10-16,36.217,0708.pdf,SRC-007,"BRH — Banque de la République d'Haïti, taux de référence calculé à l'achat"
2007-10-18,36.2437,0708.pdf,SRC-007,"BRH — Banque de la République d'Haïti, taux de référence calculé à l'achat"
2007-10-19,36.2207,0708.pdf,SRC-007,"BRH — Banque de la République d'Haïti, taux de référence calculé à l'achat"
2007-10-22,36.2059,0708.pdf,SRC-007,"BRH — Banque de la République d'Haïti, taux de référence calculé à l'achat"
2007-10-23,36.3577,0708.pdf,SRC-007,"BRH — Banque de la République d'Haïti, taux de référence calculé à l'achat"
2007-10-24,36.4373,0708.pdf,SRC-007,"BRH — Banque de la République d'Haïti, taux de référence calculé à l'achat"
2007-10-25,36.3524,0708.pdf,SRC-007,"BRH — Banque de la République d'Haïti, taux de référence calculé à l'achat"
2007-10-26,36.4032,0708.pdf,SRC-007,"BRH — Banque de la République d'Haïti, taux de référence calculé à l'achat"
2007-10-29,36.4257,0708.pdf,SRC-007,"BRH — Banque de la République d'Haïti, taux de référence calculé à l'achat"
2007-10-30,36.5301,0708.pdf,SRC-007,"BRH — Banque de la République d'Haïti, taux de référence calculé à l'achat"
2007-10-31,36.3602,0708.pdf,SRC-007,"BRH — Banque de la République d'Haïti, taux de référence calculé à l'achat"
2007-11-05,36.4561,0708.pdf,SRC-007,"BRH — Banque de la République d'Haïti, taux de référence calculé à l'achat"
2007-11-06,36.3922,0708.pdf,SRC-007,"BRH — Banque de la République d'Haïti, taux de référence calculé à l'achat"
2007-11-07,36.4948,0708.pdf,SRC-007,"BRH — Banque de la République d'Haïti, taux de référence calculé à l'achat"
2007-11-08,36.5873,0708.pdf,SRC-007,"BRH — Banque de la République d'Haïti, taux de référence calculé à l'achat"
2007-11-09,36.6105,0708.pdf,SRC-007,"BRH — Banque de la République d'Haïti, taux de référence calculé à l'achat"
2007-11-12,36.6349,0708.pdf,SRC-007,"BRH — Banque de la République d'Haïti, taux de référence calculé à l'achat"
2007-11-13,36.6905,0708.pdf,SRC-007,"BRH — Banque de la République d'Haïti, taux de référence calculé à l'achat"
2007-11-14,36.7153,0708.pdf,SRC-007,"BRH — Banque de la République d'Haïti, taux de référence calculé à l'achat"
2007-11-15,36.736,0708.pdf,SRC-007,"BRH — Banque de la République d'Haïti, taux de référence calculé à l'achat"
2007-11-16,36.7907,0708.pdf,SRC-007,"BRH — Banque de la République d'Haïti, taux de référence calculé à l'achat"
2007-11-19,36.7637,0708.pdf,SRC-007,"BRH — Banque de la République d'Haïti, taux de référence calculé à l'achat"
2007-11-20,36.7594,0708.pdf,SRC-007,"BRH — Banque de la République d'Haïti, taux de référence calculé à l'achat"
2007-11-21,36.8403,0708.pdf,SRC-007,"BRH — Banque de la République d'Haïti, taux de référence calculé à l'achat"
2007-11-22,36.8099,0708.pdf,SRC-007,"BRH — Banque de la République d'Haïti, taux de référence calculé à l'achat"
2007-11-23,36.8808,0708.pdf,SRC-007,"BRH — Banque de la République d'Haïti, taux de référence calculé à l'achat"
2007-11-26,36.9031,0708.pdf,SRC-007,"BRH — Banque de la République d'Haïti, taux de référence calculé à l'achat"
2007-11-27,36.9351,0708.pdf,SRC-007,"BRH — Banque de la République d'Haïti, taux de référence calculé à l'achat"
2007-11-28,37.0013,0708.pdf,SRC-007,"BRH — Banque de la République d'Haïti, taux de référence calculé à l'achat"
2007-11-29,37.1063,0708.pdf,SRC-007,"BRH — Banque de la République d'Haïti, taux de référence calculé à l'achat"
2007-11-30,37.1785,0708.pdf,SRC-007,"BRH — Banque de la République d'Haïti, taux de référence calculé à l'achat"
2007-12-03,37.126,0708.pdf,SRC-007,"BRH — Banque de la République d'Haïti, taux de référence calculé à l'achat"
2007-12-04,37.1977,0708.pdf,SRC-007,"BRH — Banque de la République d'Haïti, taux de référence calculé à l'achat"
2007-12-05,37.1935,0708.pdf,SRC-007,"BRH — Banque de la République d'Haïti, taux de référence calculé à l'achat"
2007-12-06,37.1985,0708.pdf,SRC-007,"BRH — Banque de la République d'Haïti, taux de référence calculé à l'achat"
2007-12-07,37.2186,0708.pdf,SRC-007,"BRH — Banque de la République d'Haïti, taux de référence calculé à l'achat"
2007-12-10,37.1897,0708.pdf,SRC-007,"BRH — Banque de la République d'Haïti, taux de référence calculé à l'achat"
2007-12-11,37.2352,0708.pdf,SRC-007,"BRH — Banque de la République d'Haïti, taux de référence calculé à l'achat"
2007-12-12,37.1065,0708.pdf,SRC-007,"BRH — Banque de la République d'Haïti, taux de référence calculé à l'achat"
2007-12-13,37.1687,0708.pdf,SRC-007,"BRH — Banque de la République d'Haïti, taux de référence calculé à l'achat"
2007-12-14,37.1685,0708.pdf,SRC-007,"BRH — Banque de la République d'Haïti, taux de référence calculé à l'achat"
2007-12-17,37.1687,0708.pdf,SRC-007,"BRH — Banque de la République d'Haïti, taux de référence calculé à l'achat"
2007-12-18,37.1156,0708.pdf,SRC-007,"BRH — Banque de la République d'Haïti, taux de référence calculé à l'achat"
2007-12-19,37.0244,0708.pdf,SRC-007,"BRH — Banque de la République d'Haïti, taux de référence calculé à l'achat"
2007-12-20,37.028,0708.pdf,SRC-007,"BRH — Banque de la République d'Haïti, taux de référence calculé à l'achat"
2007-12-21,36.951,0708.pdf,SRC-007,"BRH — Banque de la République d'Haïti, taux de référence calculé à l'achat"
2007-12-24,36.7926,0708.pdf,SRC-007,"BRH — Banque de la République d'Haïti, taux de référence calculé à l'achat"
2007-12-26,36.8564,0708.pdf,SRC-007,"BRH — Banque de la République d'Haïti, taux de référence calculé à l'achat"
2007-12-27,36.835,0708.pdf,SRC-007,"BRH — Banque de la République d'Haïti, taux de référence calculé à l'achat"
2007-12-28,36.8112,0708.pdf,SRC-007,"BRH — Banque de la République d'Haïti, taux de référence calculé à l'achat"
2007-12-31,36.7844,0708.pdf,SRC-007,"BRH — Banque de la République d'Haïti, taux de référence calculé à l'achat"
2008-01-03,36.7089,0708.pdf,SRC-007,"BRH — Banque de la République d'Haïti, taux de référence calculé à l'achat"
2008-01-04,36.6427,0708.pdf,SRC-007,"BRH — Banque de la République d'Haïti, taux de référence calculé à l'achat"
2008-01-07,36.68,0708.pdf,SRC-007,"BRH — Banque de la République d'Haïti, taux de référence calculé à l'achat"
2008-01-08,36.7793,0708.pdf,SRC-007,"BRH — Banque de la République d'Haïti, taux de référence calculé à l'achat"
2008-01-09,36.9012,0708.pdf,SRC-007,"BRH — Banque de la République d'Haïti, taux de référence calculé à l'achat"
2008-01-10,36.8284,0708.pdf,SRC-007,"BRH — Banque de la République d'Haïti, taux de référence calculé à l'achat"
2008-01-11,36.9814,0708.pdf,SRC-007,"BRH — Banque de la République d'Haïti, taux de référence calculé à l'achat"
2008-01-14,36.9413,0708.pdf,SRC-007,"BRH — Banque de la République d'Haïti, taux de référence calculé à l'achat"
2008-01-15,37.1631,0708.pdf,SRC-007,"BRH — Banque de la République d'Haïti, taux de référence calculé à l'achat"
2008-01-16,37.236,0708.pdf,SRC-007,"BRH — Banque de la République d'Haïti, taux de référence calculé à l'achat"
2008-01-17,37.2668,0708.pdf,SRC-007,"BRH — Banque de la République d'Haïti, taux de référence calculé à l'achat"
2008-01-18,37.4738,0708.pdf,SRC-007,"BRH — Banque de la République d'Haïti, taux de référence calculé à l'achat"
2008-01-21,37.4,0708.pdf,SRC-007,"BRH — Banque de la République d'Haïti, taux de référence calculé à l'achat"
2008-01-22,37.4301,0708.pdf,SRC-007,"BRH — Banque de la République d'Haïti, taux de référence calculé à l'achat"
2008-01-23,37.5139,0708.pdf,SRC-007,"BRH — Banque de la République d'Haïti, taux de référence calculé à l'achat"
2008-01-24,37.4671,0708.pdf,SRC-007,"BRH — Banque de la République d'Haïti, taux de référence calculé à l'achat"
2008-01-25,37.5733,0708.pdf,SRC-007,"BRH — Banque de la République d'Haïti, taux de référence calculé à l'achat"
2008-01-28,37.5402,0708.pdf,SRC-007,"BRH — Banque de la République d'Haïti, taux de référence calculé à l'achat"
2008-01-29,37.4723,0708.pdf,SRC-007,"BRH — Banque de la République d'Haïti, taux de référence calculé à l'achat"
2008-01-30,37.4706,0708.pdf,SRC-007,"BRH — Banque de la République d'Haïti, taux de référence calculé à l'achat"
2008-01-31,37.5434,0708.pdf,SRC-007,"BRH — Banque de la République d'Haïti, taux de référence calculé à l'achat"
2008-02-01,37.5086,0708.pdf,SRC-007,"BRH — Banque de la République d'Haïti, taux de référence calculé à l'achat"
2008-02-07,37.5653,0708.pdf,SRC-007,"BRH — Banque de la République d'Haïti, taux de référence calculé à l'achat"
2008-02-08,37.5145,0708.pdf,SRC-007,"BRH — Banque de la République d'Haïti, taux de référence calculé à l'achat"
2008-02-11,37.6547,0708.pdf,SRC-007,"BRH — Banque de la République d'Haïti, taux de référence calculé à l'achat"
2008-02-12,37.5025,0708.pdf,SRC-007,"BRH — Banque de la République d'Haïti, taux de référence calculé à l'achat"
2008-02-13,37.5148,0708.pdf,SRC-007,"BRH — Banque de la République d'Haïti, taux de référence calculé à l'achat"
2008-02-14,37.5384,0708.pdf,SRC-007,"BRH — Banque de la République d'Haïti, taux de référence calculé à l'achat"
2008-02-15,37.6196,0708.pdf,SRC-007,"BRH — Banque de la République d'Haïti, taux de référence calculé à l'achat"
2008-02-18,37.4739,0708.pdf,SRC-007,"BRH — Banque de la République d'Haïti, taux de référence calculé à l'achat"
2008-02-19,37.5488,0708.pdf,SRC-007,"BRH — Banque de la République d'Haïti, taux de référence calculé à l'achat"
2008-02-20,37.5697,0708.pdf,SRC-007,"BRH — Banque de la République d'Haïti, taux de référence calculé à l'achat"
2008-02-21,37.5899,0708.pdf,SRC-007,"BRH — Banque de la République d'Haïti, taux de référence calculé à l'achat"
2008-02-22,37.5787,0708.pdf,SRC-007,"BRH — Banque de la République d'Haïti, taux de référence calculé à l'achat"
2008-02-25,37.6497,0708.pdf,SRC-007,"BRH — Banque de la République d'Haïti, taux de référence calculé à l'achat"
2008-02-26,37.663,0708.pdf,SRC-007,"BRH — Banque de la République d'Haïti, taux de référence calculé à l'achat"
2008-02-27,37.8519,0708.pdf,SRC-007,"BRH — Banque de la République d'Haïti, taux de référence calculé à l'achat"
2008-02-28,37.7407,0708.pdf,SRC-007,"BRH — Banque de la République d'Haïti, taux de référence calculé à l'achat"
2008-02-29,37.7222,0708.pdf,SRC-007,"BRH — Banque de la République d'Haïti, taux de référence calculé à l'achat"
2008-03-03,37.8076,0708.pdf,SRC-007,"BRH — Banque de la République d'Haïti, taux de référence calculé à l'achat"
2008-03-04,37.813,0708.pdf,SRC-007,"BRH — Banque de la République d'Haïti, taux de référence calculé à l'achat"
2008-03-05,37.9265,0708.pdf,SRC-007,"BRH — Banque de la République d'Haïti, taux de référence calculé à l'achat"
2008-03-06,37.9602,0708.pdf,SRC-007,"BRH — Banque de la République d'Haïti, taux de référence calculé à l'achat"
2008-03-07,37.9393,0708.pdf,SRC-007,"BRH — Banque de la République d'Haïti, taux de référence calculé à l'achat"
2008-03-10,37.9579,0708.pdf,SRC-007,"BRH — Banque de la République d'Haïti, taux de référence calculé à l'achat"
2008-03-11,38.0143,0708.pdf,SRC-007,"BRH — Banque de la République d'Haïti, taux de référence calculé à l'achat"
2008-03-12,38.188,0708.pdf,SRC-007,"BRH — Banque de la République d'Haïti, taux de référence calculé à l'achat"
2008-03-13,38.1736,0708.pdf,SRC-007,"BRH — Banque de la République d'Haïti, taux de référence calculé à l'achat"
2008-03-14,38.2626,0708.pdf,SRC-007,"BRH — Banque de la République d'Haïti, taux de référence calculé à l'achat"
2008-03-17,38.41,0708.pdf,SRC-007,"BRH — Banque de la République d'Haïti, taux de référence calculé à l'achat"
2008-03-18,38.3018,0708.pdf,SRC-007,"BRH — Banque de la République d'Haïti, taux de référence calculé à l'achat"
2008-03-19,38.4567,0708.pdf,SRC-007,"BRH — Banque de la République d'Haïti, taux de référence calculé à l'achat"
2008-03-20,38.5897,0708.pdf,SRC-007,"BRH — Banque de la République d'Haïti, taux de référence calculé à l'achat"
2008-03-24,38.5324,0708.pdf,SRC-007,"BRH — Banque de la République d'Haïti, taux de référence calculé à l'achat"
2008-03-25,38.5662,0708.pdf,SRC-007,"BRH — Banque de la République d'Haïti, taux de référence calculé à l'achat"
2008-03-26,38.7771,0708.pdf,SRC-007,"BRH — Banque de la République d'Haïti, taux de référence calculé à l'achat"
2008-03-27,38.6898,0708.pdf,SRC-007,"BRH — Banque de la République d'Haïti, taux de référence calculé à l'achat"
2008-03-28,38.6713,0708.pdf,SRC-007,"BRH — Banque de la République d'Haïti, taux de référence calculé à l'achat"
2008-03-31,38.7147,0708.pdf,SRC-007,"BRH — Banque de la République d'Haïti, taux de référence calculé à l'achat"
2008-04-01,38.7348,0708.pdf,SRC-007,"BRH — Banque de la République d'Haïti, taux de référence calculé à l'achat"
2008-04-02,38.7542,0708.pdf,SRC-007,"BRH — Banque de la République d'Haïti, taux de référence calculé à l'achat"
2008-04-03,38.8298,0708.pdf,SRC-007,"BRH — Banque de la République d'Haïti, taux de référence calculé à l'achat"
2008-04-04,38.8077,0708.pdf,SRC-007,"BRH — Banque de la République d'Haïti, taux de référence calculé à l'achat"
2008-04-07,38.8636,0708.pdf,SRC-007,"BRH — Banque de la République d'Haïti, taux de référence calculé à l'achat"
2008-04-11,38.8421,0708.pdf,SRC-007,"BRH — Banque de la République d'Haïti, taux de référence calculé à l'achat"
2008-04-14,38.7845,0708.pdf,SRC-007,"BRH — Banque de la République d'Haïti, taux de référence calculé à l'achat"
2008-04-15,38.669,0708.pdf,SRC-007,"BRH — Banque de la République d'Haïti, taux de référence calculé à l'achat"
2008-04-16,38.6707,0708.pdf,SRC-007,"BRH — Banque de la République d'Haïti, taux de référence calculé à l'achat"
2008-04-17,38.6613,0708.pdf,SRC-007,"BRH — Banque de la République d'Haïti, taux de référence calculé à l'achat"
2008-04-18,38.6441,0708.pdf,SRC-007,"BRH — Banque de la République d'Haïti, taux de référence calculé à l'achat"
2008-04-21,38.5468,0708.pdf,SRC-007,"BRH — Banque de la République d'Haïti, taux de référence calculé à l'achat"
2008-04-22,38.4607,0708.pdf,SRC-007,"BRH — Banque de la République d'Haïti, taux de référence calculé à l'achat"
2008-04-23,38.4954,0708.pdf,SRC-007,"BRH — Banque de la République d'Haïti, taux de référence calculé à l'achat"
2008-04-24,38.5076,0708.pdf,SRC-007,"BRH — Banque de la République d'Haïti, taux de référence calculé à l'achat"
2008-04-25,38.443,0708.pdf,SRC-007,"BRH — Banque de la République d'Haïti, taux de référence calculé à l'achat"
2008-04-28,38.3313,0708.pdf,SRC-007,"BRH — Banque de la République d'Haïti, taux de référence calculé à l'achat"
2008-04-29,38.4367,0708.pdf,SRC-007,"BRH — Banque de la République d'Haïti, taux de référence calculé à l'achat"
2008-04-30,38.4124,0708.pdf,SRC-007,"BRH — Banque de la République d'Haïti, taux de référence calculé à l'achat"
2008-05-02,38.4639,0708.pdf,SRC-007,"BRH — Banque de la République d'Haïti, taux de référence calculé à l'achat"
2008-05-05,38.4517,0708.pdf,SRC-007,"BRH — Banque de la République d'Haïti, taux de référence calculé à l'achat"
2008-05-06,38.5386,0708.pdf,SRC-007,"BRH — Banque de la République d'Haïti, taux de référence calculé à l'achat"
2008-05-07,38.5,0708.pdf,SRC-007,"BRH — Banque de la République d'Haïti, taux de référence calculé à l'achat"
2008-05-08,38.4849,0708.pdf,SRC-007,"BRH — Banque de la République d'Haïti, taux de référence calculé à l'achat"
2008-05-09,38.4615,0708.pdf,SRC-007,"BRH — Banque de la République d'Haïti, taux de référence calculé à l'achat"
2008-05-12,38.4467,0708.pdf,SRC-007,"BRH — Banque de la République d'Haïti, taux de référence calculé à l'achat"
2008-05-13,38.5595,0708.pdf,SRC-007,"BRH — Banque de la République d'Haïti, taux de référence calculé à l'achat"
2008-05-14,38.6264,0708.pdf,SRC-007,"BRH — Banque de la République d'Haïti, taux de référence calculé à l'achat"
2008-05-15,38.6712,0708.pdf,SRC-007,"BRH — Banque de la République d'Haïti, taux de référence calculé à l'achat"
2008-05-16,38.7073,0708.pdf,SRC-007,"BRH — Banque de la République d'Haïti, taux de référence calculé à l'achat"
2008-05-19,38.7223,0708.pdf,SRC-007,"BRH — Banque de la République d'Haïti, taux de référence calculé à l'achat"
2008-05-20,38.7648,0708.pdf,SRC-007,"BRH — Banque de la République d'Haïti, taux de référence calculé à l'achat"
2008-05-21,38.7955,0708.pdf,SRC-007,"BRH — Banque de la République d'Haïti, taux de référence calculé à l'achat"
2008-05-23,38.9084,0708.pdf,SRC-007,"BRH — Banque de la République d'Haïti, taux de référence calculé à l'achat"
2008-05-26,38.8901,0708.pdf,SRC-007,"BRH — Banque de la République d'Haïti, taux de référence calculé à l'achat"
2008-05-27,38.8957,0708.pdf,SRC-007,"BRH — Banque de la République d'Haïti, taux de référence calculé à l'achat"
2008-05-28,38.968,0708.pdf,SRC-007,"BRH — Banque de la République d'Haïti, taux de référence calculé à l'achat"
2008-05-29,38.8667,0708.pdf,SRC-007,"BRH — Banque de la République d'Haïti, taux de référence calculé à l'achat"
2008-05-30,38.8782,0708.pdf,SRC-007,"BRH — Banque de la République d'Haïti, taux de référence calculé à l'achat"
2008-06-02,38.8663,0708.pdf,SRC-007,"BRH — Banque de la République d'Haïti, taux de référence calculé à l'achat"
2008-06-03,38.874,0708.pdf,SRC-007,"BRH — Banque de la République d'Haïti, taux de référence calculé à l'achat"
2008-06-04,38.9948,0708.pdf,SRC-007,"BRH — Banque de la République d'Haïti, taux de référence calculé à l'achat"
2008-06-05,38.9721,0708.pdf,SRC-007,"BRH — Banque de la République d'Haïti, taux de référence calculé à l'achat"
2008-06-06,39.001,0708.pdf,SRC-007,"BRH — Banque de la République d'Haïti, taux de référence calculé à l'achat"
2008-06-09,39.0388,0708.pdf,SRC-007,"BRH — Banque de la République d'Haïti, taux de référence calculé à l'achat"
2008-06-10,39.0832,0708.pdf,SRC-007,"BRH — Banque de la République d'Haïti, taux de référence calculé à l'achat"
2008-06-11,39.2055,0708.pdf,SRC-007,"BRH — Banque de la République d'Haïti, taux de référence calculé à l'achat"
2008-06-12,39.191,0708.pdf,SRC-007,"BRH — Banque de la République d'Haïti, taux de référence calculé à l'achat"
2008-06-13,39.1658,0708.pdf,SRC-007,"BRH — Banque de la République d'Haïti, taux de référence calculé à l'achat"
2008-06-16,39.2434,0708.pdf,SRC-007,"BRH — Banque de la République d'Haïti, taux de référence calculé à l'achat"
2008-06-17,39.2489,0708.pdf,SRC-007,"BRH — Banque de la République d'Haïti, taux de référence calculé à l'achat"
2008-06-18,39.3297,0708.pdf,SRC-007,"BRH — Banque de la République d'Haïti, taux de référence calculé à l'achat"
2008-06-19,39.3236,0708.pdf,SRC-007,"BRH — Banque de la République d'Haïti, taux de référence calculé à l'achat"
2008-06-20,39.4082,0708.pdf,SRC-007,"BRH — Banque de la République d'Haïti, taux de référence calculé à l'achat"
2008-06-23,39.3943,0708.pdf,SRC-007,"BRH — Banque de la République d'Haïti, taux de référence calculé à l'achat"
2008-06-24,39.4608,0708.pdf,SRC-007,"BRH — Banque de la République d'Haïti, taux de référence calculé à l'achat"
2008-06-25,39.5794,0708.pdf,SRC-007,"BRH — Banque de la République d'Haïti, taux de référence calculé à l'achat"
2008-06-26,39.5288,0708.pdf,SRC-007,"BRH — Banque de la République d'Haïti, taux de référence calculé à l'achat"
2008-06-27,39.5694,0708.pdf,SRC-007,"BRH — Banque de la République d'Haïti, taux de référence calculé à l'achat"
2008-06-30,39.5597,0708.pdf,SRC-007,"BRH — Banque de la République d'Haïti, taux de référence calculé à l'achat"
2008-07-01,39.5253,0708.pdf,SRC-007,"BRH — Banque de la République d'Haïti, taux de référence calculé à l'achat"
2008-07-02,39.5869,0708.pdf,SRC-007,"BRH — Banque de la République d'Haïti, taux de référence calculé à l'achat"
2008-07-03,39.6059,0708.pdf,SRC-007,"BRH — Banque de la République d'Haïti, taux de référence calculé à l'achat"
2008-07-04,39.5954,0708.pdf,SRC-007,"BRH — Banque de la République d'Haïti, taux de référence calculé à l'achat"
2008-07-07,39.5493,0708.pdf,SRC-007,"BRH — Banque de la République d'Haïti, taux de référence calculé à l'achat"
2008-07-08,39.6253,0708.pdf,SRC-007,"BRH — Banque de la République d'Haïti, taux de référence calculé à l'achat"
2008-07-09,39.607,0708.pdf,SRC-007,"BRH — Banque de la République d'Haïti, taux de référence calculé à l'achat"
2008-07-10,39.6495,0708.pdf,SRC-007,"BRH — Banque de la République d'Haïti, taux de référence calculé à l'achat"
2008-07-11,39.5436,0708.pdf,SRC-007,"BRH — Banque de la République d'Haïti, taux de référence calculé à l'achat"
2008-07-14,39.6493,0708.pdf,SRC-007,"BRH — Banque de la République d'Haïti, taux de référence calculé à l'achat"
2008-07-15,39.6371,0708.pdf,SRC-007,"BRH — Banque de la République d'Haïti, taux de référence calculé à l'achat"
2008-07-16,39.6699,0708.pdf,SRC-007,"BRH — Banque de la République d'Haïti, taux de référence calculé à l'achat"
2008-07-17,39.7657,0708.pdf,SRC-007,"BRH — Banque de la République d'Haïti, taux de référence calculé à l'achat"
2008-07-18,39.65,0708.pdf,SRC-007,"BRH — Banque de la République d'Haïti, taux de référence calculé à l'achat"
2008-07-21,39.7102,0708.pdf,SRC-007,"BRH — Banque de la République d'Haïti, taux de référence calculé à l'achat"
2008-07-22,39.7345,0708.pdf,SRC-007,"BRH — Banque de la République d'Haïti, taux de référence calculé à l'achat"
2008-07-23,39.735,0708.pdf,SRC-007,"BRH — Banque de la République d'Haïti, taux de référence calculé à l'achat"
2008-07-24,39.7253,0708.pdf,SRC-007,"BRH — Banque de la République d'Haïti, taux de référence calculé à l'achat"
2008-07-25,39.71,0708.pdf,SRC-007,"BRH — Banque de la République d'Haïti, taux de référence calculé à l'achat"
2008-07-28,39.7871,0708.pdf,SRC-007,"BRH — Banque de la République d'Haïti, taux de référence calculé à l'achat"
2008-07-29,39.799,0708.pdf,SRC-007,"BRH — Banque de la République d'Haïti, taux de référence calculé à l'achat"
2008-08-01,39.7721,0708.pdf,SRC-007,"BRH — Banque de la République d'Haïti, taux de référence calculé à l'achat"
2008-08-04,39.725,0708.pdf,SRC-007,"BRH — Banque de la République d'Haïti, taux de référence calculé à l'achat"
2008-08-05,39.8063,0708.pdf,SRC-007,"BRH — Banque de la République d'Haïti, taux de référence calculé à l'achat"
2008-08-06,39.8403,0708.pdf,SRC-007,"BRH — Banque de la République d'Haïti, taux de référence calculé à l'achat"
2008-08-07,39.8043,0708.pdf,SRC-007,"BRH — Banque de la République d'Haïti, taux de référence calculé à l'achat"
2008-08-08,39.8814,0708.pdf,SRC-007,"BRH — Banque de la République d'Haïti, taux de référence calculé à l'achat"
2008-08-11,39.9118,0708.pdf,SRC-007,"BRH — Banque de la République d'Haïti, taux de référence calculé à l'achat"
2008-08-12,39.8504,0708.pdf,SRC-007,"BRH — Banque de la République d'Haïti, taux de référence calculé à l'achat"
2008-08-13,39.8116,0708.pdf,SRC-007,"BRH — Banque de la République d'Haïti, taux de référence calculé à l'achat"
2008-08-14,39.8779,0708.pdf,SRC-007,"BRH — Banque de la République d'Haïti, taux de référence calculé à l'achat"
2008-08-18,39.8141,0708.pdf,SRC-007,"BRH — Banque de la République d'Haïti, taux de référence calculé à l'achat"
2008-08-19,39.8156,0708.pdf,SRC-007,"BRH — Banque de la République d'Haïti, taux de référence calculé à l'achat"
2008-08-20,39.8736,0708.pdf,SRC-007,"BRH — Banque de la République d'Haïti, taux de référence calculé à l'achat"
2008-08-21,39.8063,0708.pdf,SRC-007,"BRH — Banque de la République d'Haïti, taux de référence calculé à l'achat"
2008-08-22,39.9284,0708.pdf,SRC-007,"BRH — Banque de la République d'Haïti, taux de référence calculé à l'achat"
2008-08-25,39.941,0708.pdf,SRC-007,"BRH — Banque de la République d'Haïti, taux de référence calculé à l'achat"
2008-08-28,39.9462,0708.pdf,SRC-007,"BRH — Banque de la République d'Haïti, taux de référence calculé à l'achat"
2008-08-29,39.9945,0708.pdf,SRC-007,"BRH — Banque de la République d'Haïti, taux de référence calculé à l'achat"
2008-09-01,39.977,0708.pdf,SRC-007,"BRH — Banque de la République d'Haïti, taux de référence calculé à l'achat"
2008-09-02,40.0068,0708.pdf,SRC-007,"BRH — Banque de la République d'Haïti, taux de référence calculé à l'achat"
2008-09-03,40.0022,0708.pdf,SRC-007,"BRH — Banque de la République d'Haïti, taux de référence calculé à l'achat"
2008-09-04,39.9657,0708.pdf,SRC-007,"BRH — Banque de la République d'Haïti, taux de référence calculé à l'achat"
2008-09-05,40.0435,0708.pdf,SRC-007,"BRH — Banque de la République d'Haïti, taux de référence calculé à l'achat"
2008-09-08,39.9667,0708.pdf,SRC-007,"BRH — Banque de la République d'Haïti, taux de référence calculé à l'achat"
2008-09-09,39.9449,0708.pdf,SRC-007,"BRH — Banque de la République d'Haïti, taux de référence calculé à l'achat"
2008-09-10,39.9578,0708.pdf,SRC-007,"BRH — Banque de la République d'Haïti, taux de référence calculé à l'achat"
2008-09-11,40.0097,0708.pdf,SRC-007,"BRH — Banque de la République d'Haïti, taux de référence calculé à l'achat"
2008-09-12,39.9811,0708.pdf,SRC-007,"BRH — Banque de la République d'Haïti, taux de référence calculé à l'achat"
2008-09-15,39.9802,0708.pdf,SRC-007,"BRH — Banque de la République d'Haïti, taux de référence calculé à l'achat"
2008-09-16,39.9834,0708.pdf,SRC-007,"BRH — Banque de la République d'Haïti, taux de référence calculé à l'achat"
2008-09-17,40.0665,0708.pdf,SRC-007,"BRH — Banque de la République d'Haïti, taux de référence calculé à l'achat"
2008-09-18,40.0454,0708.pdf,SRC-007,"BRH — Banque de la République d'Haïti, taux de référence calculé à l'achat"
2008-09-19,40.0676,0708.pdf,SRC-007,"BRH — Banque de la République d'Haïti, taux de référence calculé à l'achat"
2008-09-22,40.0526,0708.pdf,SRC-007,"BRH — Banque de la République d'Haïti, taux de référence calculé à l'achat"
2008-09-23,40.0509,0708.pdf,SRC-007,"BRH — Banque de la République d'Haïti, taux de référence calculé à l'achat"
2008-09-24,40.07,0708.pdf,SRC-007,"BRH — Banque de la République d'Haïti, taux de référence calculé à l'achat"
2008-09-25,40.0693,0708.pdf,SRC-007,"BRH — Banque de la République d'Haïti, taux de référence calculé à l'achat"
2008-09-26,40.0147,0708.pdf,SRC-007,"BRH — Banque de la République d'Haïti, taux de référence calculé à l'achat"
2008-09-29,39.9994,0708.pdf,SRC-007,"BRH — Banque de la République d'Haïti, taux de référence calculé à l'achat"
2008-09-30,39.9535,0708.pdf,SRC-007,"BRH — Banque de la République d'Haïti, taux de référence calculé à l'achat"
2008-10-01,39.9611,0809.pdf,SRC-007,"BRH — Banque de la République d'Haïti, taux de référence calculé à l'achat"
2008-10-02,39.9956,0809.pdf,SRC-007,"BRH — Banque de la République d'Haïti, taux de référence calculé à l'achat"
2008-10-03,39.7069,0809.pdf,SRC-007,"BRH — Banque de la République d'Haïti, taux de référence calculé à l'achat"
2008-10-04,39.9005,0809.pdf,SRC-007,"BRH — Banque de la République d'Haïti, taux de référence calculé à l'achat"
2008-10-05,39.8773,0809.pdf,SRC-007,"BRH — Banque de la République d'Haïti, taux de référence calculé à l'achat"
2008-10-08,39.8894,0809.pdf,SRC-007,"BRH — Banque de la République d'Haïti, taux de référence calculé à l'achat"
2008-10-09,39.8921,0809.pdf,SRC-007,"BRH — Banque de la République d'Haïti, taux de référence calculé à l'achat"
2008-10-10,39.6475,0809.pdf,SRC-007,"BRH — Banque de la République d'Haïti, taux de référence calculé à l'achat"
2008-10-11,39.7005,0809.pdf,SRC-007,"BRH — Banque de la République d'Haïti, taux de référence calculé à l'achat"
2008-10-12,39.7061,0809.pdf,SRC-007,"BRH — Banque de la République d'Haïti, taux de référence calculé à l'achat"
2008-10-15,39.7336,0809.pdf,SRC-007,"BRH — Banque de la République d'Haïti, taux de référence calculé à l'achat"
2008-10-16,39.7754,0809.pdf,SRC-007,"BRH — Banque de la République d'Haïti, taux de référence calculé à l'achat"
2008-10-17,39.7069,0809.pdf,SRC-007,"BRH — Banque de la République d'Haïti, taux de référence calculé à l'achat"
2008-10-18,39.8251,0809.pdf,SRC-007,"BRH — Banque de la République d'Haïti, taux de référence calculé à l'achat"
2008-10-19,39.7933,0809.pdf,SRC-007,"BRH — Banque de la République d'Haïti, taux de référence calculé à l'achat"
2008-10-22,39.8043,0809.pdf,SRC-007,"BRH — Banque de la République d'Haïti, taux de référence calculé à l'achat"
2008-10-23,39.8872,0809.pdf,SRC-007,"BRH — Banque de la République d'Haïti, taux de référence calculé à l'achat"
2008-10-24,39.8018,0809.pdf,SRC-007,"BRH — Banque de la République d'Haïti, taux de référence calculé à l'achat"
2008-10-25,39.9047,0809.pdf,SRC-007,"BRH — Banque de la République d'Haïti, taux de référence calculé à l'achat"
2008-10-26,39.9718,0809.pdf,SRC-007,"BRH — Banque de la République d'Haïti, taux de référence calculé à l'achat"
2008-10-29,39.5401,0809.pdf,SRC-007,"BRH — Banque de la République d'Haïti, taux de référence calculé à l'achat"
2008-10-30,39.9601,0809.pdf,SRC-007,"BRH — Banque de la République d'Haïti, taux de référence calculé à l'achat"
2008-11-03,39.8298,0809.pdf,SRC-007,"BRH — Banque de la République d'Haïti, taux de référence calculé à l'achat"
2008-11-04,39.9402,0809.pdf,SRC-007,"BRH — Banque de la République d'Haïti, taux de référence calculé à l'achat"
2008-11-05,39.9706,0809.pdf,SRC-007,"BRH — Banque de la République d'Haïti, taux de référence calculé à l'achat"
2008-11-06,40.0216,0809.pdf,SRC-007,"BRH — Banque de la République d'Haïti, taux de référence calculé à l'achat"
2008-11-07,39.9391,0809.pdf,SRC-007,"BRH — Banque de la République d'Haïti, taux de référence calculé à l'achat"
2008-11-10,40.0548,0809.pdf,SRC-007,"BRH — Banque de la République d'Haïti, taux de référence calculé à l'achat"
2008-11-11,40.0574,0809.pdf,SRC-007,"BRH — Banque de la République d'Haïti, taux de référence calculé à l'achat"
2008-11-12,40.0811,0809.pdf,SRC-007,"BRH — Banque de la République d'Haïti, taux de référence calculé à l'achat"
2008-11-13,40.0951,0809.pdf,SRC-007,"BRH — Banque de la République d'Haïti, taux de référence calculé à l'achat"
2008-11-14,40.0577,0809.pdf,SRC-007,"BRH — Banque de la République d'Haïti, taux de référence calculé à l'achat"
2008-11-17,40.0822,0809.pdf,SRC-007,"BRH — Banque de la République d'Haïti, taux de référence calculé à l'achat"
2008-11-19,40.1972,0809.pdf,SRC-007,"BRH — Banque de la République d'Haïti, taux de référence calculé à l'achat"
2008-11-20,40.0932,0809.pdf,SRC-007,"BRH — Banque de la République d'Haïti, taux de référence calculé à l'achat"
2008-11-21,40.142,0809.pdf,SRC-007,"BRH — Banque de la République d'Haïti, taux de référence calculé à l'achat"
2008-11-22,40.2641,0809.pdf,SRC-007,"BRH — Banque de la République d'Haïti, taux de référence calculé à l'achat"
2008-11-25,40.2086,0809.pdf,SRC-007,"BRH — Banque de la République d'Haïti, taux de référence calculé à l'achat"
2008-11-26,40.3399,0809.pdf,SRC-007,"BRH — Banque de la République d'Haïti, taux de référence calculé à l'achat"
2008-11-27,40.3419,0809.pdf,SRC-007,"BRH — Banque de la République d'Haïti, taux de référence calculé à l'achat"
2008-11-28,40.3273,0809.pdf,SRC-007,"BRH — Banque de la République d'Haïti, taux de référence calculé à l'achat"
2008-12-01,40.2855,0809.pdf,SRC-007,"BRH — Banque de la République d'Haïti, taux de référence calculé à l'achat"
2008-12-02,40.3123,0809.pdf,SRC-007,"BRH — Banque de la République d'Haïti, taux de référence calculé à l'achat"
2008-12-03,40.3662,0809.pdf,SRC-007,"BRH — Banque de la République d'Haïti, taux de référence calculé à l'achat"
2008-12-04,40.3465,0809.pdf,SRC-007,"BRH — Banque de la République d'Haïti, taux de référence calculé à l'achat"
2008-12-05,40.3527,0809.pdf,SRC-007,"BRH — Banque de la République d'Haïti, taux de référence calculé à l'achat"
2008-12-08,40.3695,0809.pdf,SRC-007,"BRH — Banque de la République d'Haïti, taux de référence calculé à l'achat"
2008-12-09,40.3441,0809.pdf,SRC-007,"BRH — Banque de la République d'Haïti, taux de référence calculé à l'achat"
2008-12-10,40.4179,0809.pdf,SRC-007,"BRH — Banque de la République d'Haïti, taux de référence calculé à l'achat"
2008-12-11,40.3726,0809.pdf,SRC-007,"BRH — Banque de la République d'Haïti, taux de référence calculé à l'achat"
2008-12-12,40.294,0809.pdf,SRC-007,"BRH — Banque de la République d'Haïti, taux de référence calculé à l'achat"
2008-12-15,40.3135,0809.pdf,SRC-007,"BRH — Banque de la République d'Haïti, taux de référence calculé à l'achat"
2008-12-16,40.3548,0809.pdf,SRC-007,"BRH — Banque de la République d'Haïti, taux de référence calculé à l'achat"
2008-12-17,40.2981,0809.pdf,SRC-007,"BRH — Banque de la République d'Haïti, taux de référence calculé à l'achat"
2008-12-18,40.2784,0809.pdf,SRC-007,"BRH — Banque de la République d'Haïti, taux de référence calculé à l'achat"
2008-12-19,40.2669,0809.pdf,SRC-007,"BRH — Banque de la République d'Haïti, taux de référence calculé à l'achat"
2008-12-22,40.0975,0809.pdf,SRC-007,"BRH — Banque de la République d'Haïti, taux de référence calculé à l'achat"
2008-12-23,40.0389,0809.pdf,SRC-007,"BRH — Banque de la République d'Haïti, taux de référence calculé à l'achat"
2008-12-24,39.898,0809.pdf,SRC-007,"BRH — Banque de la République d'Haïti, taux de référence calculé à l'achat"
2008-12-26,39.9778,0809.pdf,SRC-007,"BRH — Banque de la République d'Haïti, taux de référence calculé à l'achat"
2008-12-29,39.8345,0809.pdf,SRC-007,"BRH — Banque de la République d'Haïti, taux de référence calculé à l'achat"
2008-12-30,39.892,0809.pdf,SRC-007,"BRH — Banque de la République d'Haïti, taux de référence calculé à l'achat"
2008-12-31,39.8176,0809.pdf,SRC-007,"BRH — Banque de la République d'Haïti, taux de référence calculé à l'achat"
2009-01-05,39.7542,0809.pdf,SRC-007,"BRH — Banque de la République d'Haïti, taux de référence calculé à l'achat"
2009-01-06,39.8331,0809.pdf,SRC-007,"BRH — Banque de la République d'Haïti, taux de référence calculé à l'achat"
2009-01-07,39.6316,0809.pdf,SRC-007,"BRH — Banque de la République d'Haïti, taux de référence calculé à l'achat"
2009-01-08,40.0583,0809.pdf,SRC-007,"BRH — Banque de la République d'Haïti, taux de référence calculé à l'achat"
2009-01-09,39.99,0809.pdf,SRC-007,"BRH — Banque de la République d'Haïti, taux de référence calculé à l'achat"
2009-01-12,40.0727,0809.pdf,SRC-007,"BRH — Banque de la République d'Haïti, taux de référence calculé à l'achat"
2009-01-13,40.1122,0809.pdf,SRC-007,"BRH — Banque de la République d'Haïti, taux de référence calculé à l'achat"
2009-01-14,40.1187,0809.pdf,SRC-007,"BRH — Banque de la République d'Haïti, taux de référence calculé à l'achat"
2009-01-15,40.182,0809.pdf,SRC-007,"BRH — Banque de la République d'Haïti, taux de référence calculé à l'achat"
2009-01-16,40.2868,0809.pdf,SRC-007,"BRH — Banque de la République d'Haïti, taux de référence calculé à l'achat"
2009-01-19,40.2686,0809.pdf,SRC-007,"BRH — Banque de la République d'Haïti, taux de référence calculé à l'achat"
2009-01-20,40.2073,0809.pdf,SRC-007,"BRH — Banque de la République d'Haïti, taux de référence calculé à l'achat"
2009-01-21,40.3774,0809.pdf,SRC-007,"BRH — Banque de la République d'Haïti, taux de référence calculé à l'achat"
2009-01-22,40.39,0809.pdf,SRC-007,"BRH — Banque de la République d'Haïti, taux de référence calculé à l'achat"
2009-01-23,40.42812,0809.pdf,SRC-007,"BRH — Banque de la République d'Haïti, taux de référence calculé à l'achat"
2009-01-26,40.28847,0809.pdf,SRC-007,"BRH — Banque de la République d'Haïti, taux de référence calculé à l'achat"
2009-01-27,40.50422,0809.pdf,SRC-007,"BRH — Banque de la République d'Haïti, taux de référence calculé à l'achat"
2009-01-28,40.5139,0809.pdf,SRC-007,"BRH — Banque de la République d'Haïti, taux de référence calculé à l'achat"
2009-01-29,40.44093,0809.pdf,SRC-007,"BRH — Banque de la République d'Haïti, taux de référence calculé à l'achat"
2009-01-30,40.4392,0809.pdf,SRC-007,"BRH — Banque de la République d'Haïti, taux de référence calculé à l'achat"
2009-02-02,40.4474,0809.pdf,SRC-007,"BRH — Banque de la République d'Haïti, taux de référence calculé à l'achat"
2009-02-03,40.4497,0809.pdf,SRC-007,"BRH — Banque de la République d'Haïti, taux de référence calculé à l'achat"
2009-02-04,40.4406,0809.pdf,SRC-007,"BRH — Banque de la République d'Haïti, taux de référence calculé à l'achat"
2009-02-05,40.4758,0809.pdf,SRC-007,"BRH — Banque de la République d'Haïti, taux de référence calculé à l'achat"
2009-02-06,40.3802,0809.pdf,SRC-007,"BRH — Banque de la République d'Haïti, taux de référence calculé à l'achat"
2009-02-09,40.4263,0809.pdf,SRC-007,"BRH — Banque de la République d'Haïti, taux de référence calculé à l'achat"
2009-02-10,40.3974,0809.pdf,SRC-007,"BRH — Banque de la République d'Haïti, taux de référence calculé à l'achat"
2009-02-11,40.4388,0809.pdf,SRC-007,"BRH — Banque de la République d'Haïti, taux de référence calculé à l'achat"
2009-02-12,40.4673,0809.pdf,SRC-007,"BRH — Banque de la République d'Haïti, taux de référence calculé à l'achat"
2009-02-13,40.4578,0809.pdf,SRC-007,"BRH — Banque de la République d'Haïti, taux de référence calculé à l'achat"
2009-02-16,40.4806,0809.pdf,SRC-007,"BRH — Banque de la République d'Haïti, taux de référence calculé à l'achat"
2009-02-17,40.4359,0809.pdf,SRC-007,"BRH — Banque de la République d'Haïti, taux de référence calculé à l'achat"
2009-02-18,40.4883,0809.pdf,SRC-007,"BRH — Banque de la République d'Haïti, taux de référence calculé à l'achat"
2009-02-19,40.4788,0809.pdf,SRC-007,"BRH — Banque de la République d'Haïti, taux de référence calculé à l'achat"
2009-02-20,40.5026,0809.pdf,SRC-007,"BRH — Banque de la République d'Haïti, taux de référence calculé à l'achat"
2009-02-26,40.5156,0809.pdf,SRC-007,"BRH — Banque de la République d'Haïti, taux de référence calculé à l'achat"
2009-02-27,40.4601,0809.pdf,SRC-007,"BRH — Banque de la République d'Haïti, taux de référence calculé à l'achat"
2009-03-02,40.4923,0809.pdf,SRC-007,"BRH — Banque de la République d'Haïti, taux de référence calculé à l'achat"
2009-03-03,40.4851,0809.pdf,SRC-007,"BRH — Banque de la République d'Haïti, taux de référence calculé à l'achat"
2009-03-04,40.4991,0809.pdf,SRC-007,"BRH — Banque de la République d'Haïti, taux de référence calculé à l'achat"
2009-03-05,40.4714,0809.pdf,SRC-007,"BRH — Banque de la République d'Haïti, taux de référence calculé à l'achat"
2009-03-06,40.4617,0809.pdf,SRC-007,"BRH — Banque de la République d'Haïti, taux de référence calculé à l'achat"
2009-03-09,40.4996,0809.pdf,SRC-007,"BRH — Banque de la République d'Haïti, taux de référence calculé à l'achat"
2009-03-10,40.5032,0809.pdf,SRC-007,"BRH — Banque de la République d'Haïti, taux de référence calculé à l'achat"
2009-03-11,40.5957,0809.pdf,SRC-007,"BRH — Banque de la République d'Haïti, taux de référence calculé à l'achat"
2009-03-12,40.5816,0809.pdf,SRC-007,"BRH — Banque de la République d'Haïti, taux de référence calculé à l'achat"
2009-03-13,40.4903,0809.pdf,SRC-007,"BRH — Banque de la République d'Haïti, taux de référence calculé à l'achat"
2009-03-16,40.5721,0809.pdf,SRC-007,"BRH — Banque de la République d'Haïti, taux de référence calculé à l'achat"
2009-03-17,40.5715,0809.pdf,SRC-007,"BRH — Banque de la République d'Haïti, taux de référence calculé à l'achat"
2009-03-18,40.6126,0809.pdf,SRC-007,"BRH — Banque de la République d'Haïti, taux de référence calculé à l'achat"
2009-03-19,40.6456,0809.pdf,SRC-007,"BRH — Banque de la République d'Haïti, taux de référence calculé à l'achat"
2009-03-20,40.6781,0809.pdf,SRC-007,"BRH — Banque de la République d'Haïti, taux de référence calculé à l'achat"
2009-03-23,40.6453,0809.pdf,SRC-007,"BRH — Banque de la République d'Haïti, taux de référence calculé à l'achat"
2009-03-24,40.7132,0809.pdf,SRC-007,"BRH — Banque de la République d'Haïti, taux de référence calculé à l'achat"
2009-03-25,40.7052,0809.pdf,SRC-007,"BRH — Banque de la République d'Haïti, taux de référence calculé à l'achat"
2009-03-26,40.6849,0809.pdf,SRC-007,"BRH — Banque de la République d'Haïti, taux de référence calculé à l'achat"
2009-03-27,40.6282,0809.pdf,SRC-007,"BRH — Banque de la République d'Haïti, taux de référence calculé à l'achat"
2009-03-30,40.5839,0809.pdf,SRC-007,"BRH — Banque de la République d'Haïti, taux de référence calculé à l'achat"
2009-03-31,40.7022,0809.pdf,SRC-007,"BRH — Banque de la République d'Haïti, taux de référence calculé à l'achat"
2009-04-01,40.7602,0809.pdf,SRC-007,"BRH — Banque de la République d'Haïti, taux de référence calculé à l'achat"
2009-04-02,40.7632,0809.pdf,SRC-007,"BRH — Banque de la République d'Haïti, taux de référence calculé à l'achat"
2009-04-03,40.7261,0809.pdf,SRC-007,"BRH — Banque de la République d'Haïti, taux de référence calculé à l'achat"
2009-04-06,40.6997,0809.pdf,SRC-007,"BRH — Banque de la République d'Haïti, taux de référence calculé à l'achat"
2009-04-07,40.7118,0809.pdf,SRC-007,"BRH — Banque de la République d'Haïti, taux de référence calculé à l'achat"
2009-04-08,40.6941,0809.pdf,SRC-007,"BRH — Banque de la République d'Haïti, taux de référence calculé à l'achat"
2009-04-09,40.719,0809.pdf,SRC-007,"BRH — Banque de la République d'Haïti, taux de référence calculé à l'achat"
2009-04-13,40.7057,0809.pdf,SRC-007,"BRH — Banque de la République d'Haïti, taux de référence calculé à l'achat"
2009-04-14,40.7196,0809.pdf,SRC-007,"BRH — Banque de la République d'Haïti, taux de référence calculé à l'achat"
2009-04-15,40.7444,0809.pdf,SRC-007,"BRH — Banque de la République d'Haïti, taux de référence calculé à l'achat"
2009-04-16,40.7407,0809.pdf,SRC-007,"BRH — Banque de la République d'Haïti, taux de référence calculé à l'achat"
2009-04-17,40.7031,0809.pdf,SRC-007,"BRH — Banque de la République d'Haïti, taux de référence calculé à l'achat"
2009-04-20,40.7228,0809.pdf,SRC-007,"BRH — Banque de la République d'Haïti, taux de référence calculé à l'achat"
2009-04-21,40.8143,0809.pdf,SRC-007,"BRH — Banque de la République d'Haïti, taux de référence calculé à l'achat"
2009-04-22,40.8073,0809.pdf,SRC-007,"BRH — Banque de la République d'Haïti, taux de référence calculé à l'achat"
2009-04-23,40.7416,0809.pdf,SRC-007,"BRH — Banque de la République d'Haïti, taux de référence calculé à l'achat"
2009-04-24,40.7927,0809.pdf,SRC-007,"BRH — Banque de la République d'Haïti, taux de référence calculé à l'achat"
2009-04-27,40.7694,0809.pdf,SRC-007,"BRH — Banque de la République d'Haïti, taux de référence calculé à l'achat"
2009-04-28,40.7952,0809.pdf,SRC-007,"BRH — Banque de la République d'Haïti, taux de référence calculé à l'achat"
2009-04-29,40.8466,0809.pdf,SRC-007,"BRH — Banque de la République d'Haïti, taux de référence calculé à l'achat"
2009-04-30,40.7963,0809.pdf,SRC-007,"BRH — Banque de la République d'Haïti, taux de référence calculé à l'achat"
2009-05-04,40.7465,0809.pdf,SRC-007,"BRH — Banque de la République d'Haïti, taux de référence calculé à l'achat"
2009-05-05,40.8079,0809.pdf,SRC-007,"BRH — Banque de la République d'Haïti, taux de référence calculé à l'achat"
2009-05-06,40.8149,0809.pdf,SRC-007,"BRH — Banque de la République d'Haïti, taux de référence calculé à l'achat"
2009-05-07,40.7683,0809.pdf,SRC-007,"BRH — Banque de la République d'Haïti, taux de référence calculé à l'achat"
2009-05-08,40.7925,0809.pdf,SRC-007,"BRH — Banque de la République d'Haïti, taux de référence calculé à l'achat"
2009-05-11,40.7656,0809.pdf,SRC-007,"BRH — Banque de la République d'Haïti, taux de référence calculé à l'achat"
2009-05-12,40.8319,0809.pdf,SRC-007,"BRH — Banque de la République d'Haïti, taux de référence calculé à l'achat"
2009-05-13,40.8308,0809.pdf,SRC-007,"BRH — Banque de la République d'Haïti, taux de référence calculé à l'achat"
2009-05-14,40.8467,0809.pdf,SRC-007,"BRH — Banque de la République d'Haïti, taux de référence calculé à l'achat"
2009-05-15,40.8016,0809.pdf,SRC-007,"BRH — Banque de la République d'Haïti, taux de référence calculé à l'achat"
2009-05-19,40.8162,0809.pdf,SRC-007,"BRH — Banque de la République d'Haïti, taux de référence calculé à l'achat"
2009-05-20,40.7474,0809.pdf,SRC-007,"BRH — Banque de la République d'Haïti, taux de référence calculé à l'achat"
2009-05-21,40.8178,0809.pdf,SRC-007,"BRH — Banque de la République d'Haïti, taux de référence calculé à l'achat"
2009-05-22,40.8222,0809.pdf,SRC-007,"BRH — Banque de la République d'Haïti, taux de référence calculé à l'achat"
2009-05-25,40.7853,0809.pdf,SRC-007,"BRH — Banque de la République d'Haïti, taux de référence calculé à l'achat"
2009-05-26,40.7954,0809.pdf,SRC-007,"BRH — Banque de la République d'Haïti, taux de référence calculé à l'achat"
2009-05-27,40.8915,0809.pdf,SRC-007,"BRH — Banque de la République d'Haïti, taux de référence calculé à l'achat"
2009-05-28,40.8853,0809.pdf,SRC-007,"BRH — Banque de la République d'Haïti, taux de référence calculé à l'achat"
2009-05-29,40.8162,0809.pdf,SRC-007,"BRH — Banque de la République d'Haïti, taux de référence calculé à l'achat"
2009-06-01,40.8104,0809.pdf,SRC-007,"BRH — Banque de la République d'Haïti, taux de référence calculé à l'achat"
2009-06-02,40.8418,0809.pdf,SRC-007,"BRH — Banque de la République d'Haïti, taux de référence calculé à l'achat"
2009-06-03,40.8811,0809.pdf,SRC-007,"BRH — Banque de la République d'Haïti, taux de référence calculé à l'achat"
2009-06-04,40.8164,0809.pdf,SRC-007,"BRH — Banque de la République d'Haïti, taux de référence calculé à l'achat"
2009-06-05,40.8434,0809.pdf,SRC-007,"BRH — Banque de la République d'Haïti, taux de référence calculé à l'achat"
2009-06-08,40.8235,0809.pdf,SRC-007,"BRH — Banque de la République d'Haïti, taux de référence calculé à l'achat"
2009-06-09,40.8912,0809.pdf,SRC-007,"BRH — Banque de la République d'Haïti, taux de référence calculé à l'achat"
2009-06-10,40.8021,0809.pdf,SRC-007,"BRH — Banque de la République d'Haïti, taux de référence calculé à l'achat"
2009-06-12,40.8905,0809.pdf,SRC-007,"BRH — Banque de la République d'Haïti, taux de référence calculé à l'achat"
2009-06-15,40.8856,0809.pdf,SRC-007,"BRH — Banque de la République d'Haïti, taux de référence calculé à l'achat"
2009-06-16,40.9108,0809.pdf,SRC-007,"BRH — Banque de la République d'Haïti, taux de référence calculé à l'achat"
2009-06-17,41.0356,0809.pdf,SRC-007,"BRH — Banque de la République d'Haïti, taux de référence calculé à l'achat"
2009-06-18,41.008,0809.pdf,SRC-007,"BRH — Banque de la République d'Haïti, taux de référence calculé à l'achat"
2009-06-19,41.1186,0809.pdf,SRC-007,"BRH — Banque de la République d'Haïti, taux de référence calculé à l'achat"
2009-06-22,41.0147,0809.pdf,SRC-007,"BRH — Banque de la République d'Haïti, taux de référence calculé à l'achat"
2009-06-23,41.0833,0809.pdf,SRC-007,"BRH — Banque de la République d'Haïti, taux de référence calculé à l'achat"
2009-06-24,41.129,0809.pdf,SRC-007,"BRH — Banque de la République d'Haïti, taux de référence calculé à l'achat"
2009-06-25,41.1135,0809.pdf,SRC-007,"BRH — Banque de la République d'Haïti, taux de référence calculé à l'achat"
2009-06-26,41.1533,0809.pdf,SRC-007,"BRH — Banque de la République d'Haïti, taux de référence calculé à l'achat"
2009-06-29,41.1466,0809.pdf,SRC-007,"BRH — Banque de la République d'Haïti, taux de référence calculé à l'achat"
2009-06-30,41.1596,0809.pdf,SRC-007,"BRH — Banque de la République d'Haïti, taux de référence calculé à l'achat"
2009-07-01,41.1243,0809.pdf,SRC-007,"BRH — Banque de la République d'Haïti, taux de référence calculé à l'achat"
2009-07-02,41.1371,0809.pdf,SRC-007,"BRH — Banque de la République d'Haïti, taux de référence calculé à l'achat"
2009-07-03,41.1228,0809.pdf,SRC-007,"BRH — Banque de la République d'Haïti, taux de référence calculé à l'achat"
2009-07-06,41.1278,0809.pdf,SRC-007,"BRH — Banque de la République d'Haïti, taux de référence calculé à l'achat"
2009-07-07,41.1764,0809.pdf,SRC-007,"BRH — Banque de la République d'Haïti, taux de référence calculé à l'achat"
2009-07-08,41.2167,0809.pdf,SRC-007,"BRH — Banque de la République d'Haïti, taux de référence calculé à l'achat"
2009-07-09,41.1621,0809.pdf,SRC-007,"BRH — Banque de la République d'Haïti, taux de référence calculé à l'achat"
2009-07-10,41.1738,0809.pdf,SRC-007,"BRH — Banque de la République d'Haïti, taux de référence calculé à l'achat"
2009-07-13,41.1557,0809.pdf,SRC-007,"BRH — Banque de la République d'Haïti, taux de référence calculé à l'achat"
2009-07-14,41.2632,0809.pdf,SRC-007,"BRH — Banque de la République d'Haïti, taux de référence calculé à l'achat"
2009-07-15,41.272,0809.pdf,SRC-007,"BRH — Banque de la République d'Haïti, taux de référence calculé à l'achat"
2009-07-16,41.3199,0809.pdf,SRC-007,"BRH — Banque de la République d'Haïti, taux de référence calculé à l'achat"
2009-07-17,41.3295,0809.pdf,SRC-007,"BRH — Banque de la République d'Haïti, taux de référence calculé à l'achat"
2009-07-20,41.2487,0809.pdf,SRC-007,"BRH — Banque de la République d'Haïti, taux de référence calculé à l'achat"
2009-07-21,41.3699,0809.pdf,SRC-007,"BRH — Banque de la République d'Haïti, taux de référence calculé à l'achat"
2009-07-22,41.3882,0809.pdf,SRC-007,"BRH — Banque de la République d'Haïti, taux de référence calculé à l'achat"
2009-07-23,41.3789,0809.pdf,SRC-007,"BRH — Banque de la République d'Haïti, taux de référence calculé à l'achat"
2009-07-24,41.407,0809.pdf,SRC-007,"BRH — Banque de la République d'Haïti, taux de référence calculé à l'achat"
2009-07-27,41.3759,0809.pdf,SRC-007,"BRH — Banque de la République d'Haïti, taux de référence calculé à l'achat"
2009-07-28,41.4046,0809.pdf,SRC-007,"BRH — Banque de la République d'Haïti, taux de référence calculé à l'achat"
2009-07-29,41.4151,0809.pdf,SRC-007,"BRH — Banque de la République d'Haïti, taux de référence calculé à l'achat"
2009-07-30,41.4291,0809.pdf,SRC-007,"BRH — Banque de la République d'Haïti, taux de référence calculé à l'achat"
2009-07-31,41.4482,0809.pdf,SRC-007,"BRH — Banque de la République d'Haïti, taux de référence calculé à l'achat"
2009-08-03,41.3806,0809.pdf,SRC-007,"BRH — Banque de la République d'Haïti, taux de référence calculé à l'achat"
2009-08-04,41.4305,0809.pdf,SRC-007,"BRH — Banque de la République d'Haïti, taux de référence calculé à l'achat"
2009-08-05,41.4444,0809.pdf,SRC-007,"BRH — Banque de la République d'Haïti, taux de référence calculé à l'achat"
2009-08-06,41.5042,0809.pdf,SRC-007,"BRH — Banque de la République d'Haïti, taux de référence calculé à l'achat"
2009-08-07,41.4582,0809.pdf,SRC-007,"BRH — Banque de la République d'Haïti, taux de référence calculé à l'achat"
2009-08-10,41.4491,0809.pdf,SRC-007,"BRH — Banque de la République d'Haïti, taux de référence calculé à l'achat"
2009-08-11,41.4613,0809.pdf,SRC-007,"BRH — Banque de la République d'Haïti, taux de référence calculé à l'achat"
2009-08-12,41.3526,0809.pdf,SRC-007,"BRH — Banque de la République d'Haïti, taux de référence calculé à l'achat"
2009-08-13,41.4502,0809.pdf,SRC-007,"BRH — Banque de la République d'Haïti, taux de référence calculé à l'achat"
2009-08-14,41.4561,0809.pdf,SRC-007,"BRH — Banque de la République d'Haïti, taux de référence calculé à l'achat"
2009-08-17,41.4909,0809.pdf,SRC-007,"BRH — Banque de la République d'Haïti, taux de référence calculé à l'achat"
2009-08-18,41.5071,0809.pdf,SRC-007,"BRH — Banque de la République d'Haïti, taux de référence calculé à l'achat"
2009-08-19,41.4883,0809.pdf,SRC-007,"BRH — Banque de la République d'Haïti, taux de référence calculé à l'achat"
2009-08-20,41.47,0809.pdf,SRC-007,"BRH — Banque de la République d'Haïti, taux de référence calculé à l'achat"
2009-08-21,41.4724,0809.pdf,SRC-007,"BRH — Banque de la République d'Haïti, taux de référence calculé à l'achat"
2009-08-24,41.507,0809.pdf,SRC-007,"BRH — Banque de la République d'Haïti, taux de référence calculé à l'achat"
2009-08-25,41.4241,0809.pdf,SRC-007,"BRH — Banque de la République d'Haïti, taux de référence calculé à l'achat"
2009-08-26,41.4843,0809.pdf,SRC-007,"BRH — Banque de la République d'Haïti, taux de référence calculé à l'achat"
2009-08-27,41.4374,0809.pdf,SRC-007,"BRH — Banque de la République d'Haïti, taux de référence calculé à l'achat"
2009-08-28,41.434,0809.pdf,SRC-007,"BRH — Banque de la République d'Haïti, taux de référence calculé à l'achat"
2009-08-31,41.4335,0809.pdf,SRC-007,"BRH — Banque de la République d'Haïti, taux de référence calculé à l'achat"
2009-09-01,41.3975,0809.pdf,SRC-007,"BRH — Banque de la République d'Haïti, taux de référence calculé à l'achat"
2009-09-02,41.4846,0809.pdf,SRC-007,"BRH — Banque de la République d'Haïti, taux de référence calculé à l'achat"
2009-09-03,41.4519,0809.pdf,SRC-007,"BRH — Banque de la République d'Haïti, taux de référence calculé à l'achat"
2009-09-04,41.4563,0809.pdf,SRC-007,"BRH — Banque de la République d'Haïti, taux de référence calculé à l'achat"
2009-09-07,41.4364,0809.pdf,SRC-007,"BRH — Banque de la République d'Haïti, taux de référence calculé à l'achat"
2009-09-08,41.4467,0809.pdf,SRC-007,"BRH — Banque de la République d'Haïti, taux de référence calculé à l'achat"
2009-09-09,41.8095,0809.pdf,SRC-007,"BRH — Banque de la République d'Haïti, taux de référence calculé à l'achat"
2009-09-10,41.4769,0809.pdf,SRC-007,"BRH — Banque de la République d'Haïti, taux de référence calculé à l'achat"
2009-09-11,41.5241,0809.pdf,SRC-007,"BRH — Banque de la République d'Haïti, taux de référence calculé à l'achat"
2009-09-14,41.534,0809.pdf,SRC-007,"BRH — Banque de la République d'Haïti, taux de référence calculé à l'achat"
2009-09-15,41.4917,0809.pdf,SRC-007,"BRH — Banque de la République d'Haïti, taux de référence calculé à l'achat"
2009-09-16,41.4625,0809.pdf,SRC-007,"BRH — Banque de la République d'Haïti, taux de référence calculé à l'achat"
2009-09-17,41.4879,0809.pdf,SRC-007,"BRH — Banque de la République d'Haïti, taux de référence calculé à l'achat"
2009-09-18,41.5592,0809.pdf,SRC-007,"BRH — Banque de la République d'Haïti, taux de référence calculé à l'achat"
2009-09-21,41.6017,0809.pdf,SRC-007,"BRH — Banque de la République d'Haïti, taux de référence calculé à l'achat"
2009-09-22,41.611,0809.pdf,SRC-007,"BRH — Banque de la République d'Haïti, taux de référence calculé à l'achat"
2009-09-23,41.697,0809.pdf,SRC-007,"BRH — Banque de la République d'Haïti, taux de référence calculé à l'achat"
2009-09-24,41.6963,0809.pdf,SRC-007,"BRH — Banque de la République d'Haïti, taux de référence calculé à l'achat"
2009-09-25,41.6477,0809.pdf,SRC-007,"BRH — Banque de la République d'Haïti, taux de référence calculé à l'achat"
2009-09-28,41.6307,0809.pdf,SRC-007,"BRH — Banque de la République d'Haïti, taux de référence calculé à l'achat"
2009-09-29,41.6809,0809.pdf,SRC-007,"BRH — Banque de la République d'Haïti, taux de référence calculé à l'achat"
2009-09-30,41.7737,0809.pdf,SRC-007,"BRH — Banque de la République d'Haïti, taux de référence calculé à l'achat"
2009-10-01,41.4886,0910.pdf,SRC-007,"BRH — Banque de la République d'Haïti, taux de référence calculé à l'achat"
2009-10-02,41.7079,0910.pdf,SRC-007,"BRH — Banque de la République d'Haïti, taux de référence calculé à l'achat"
2009-10-05,41.7758,0910.pdf,SRC-007,"BRH — Banque de la République d'Haïti, taux de référence calculé à l'achat"
2009-10-06,41.808,0910.pdf,SRC-007,"BRH — Banque de la République d'Haïti, taux de référence calculé à l'achat"
2009-10-07,41.7746,0910.pdf,SRC-007,"BRH — Banque de la République d'Haïti, taux de référence calculé à l'achat"
2009-10-08,41.7479,0910.pdf,SRC-007,"BRH — Banque de la République d'Haïti, taux de référence calculé à l'achat"
2009-10-09,41.8274,0910.pdf,SRC-007,"BRH — Banque de la République d'Haïti, taux de référence calculé à l'achat"
2009-10-12,41.8296,0910.pdf,SRC-007,"BRH — Banque de la République d'Haïti, taux de référence calculé à l'achat"
2009-10-13,41.836,0910.pdf,SRC-007,"BRH — Banque de la République d'Haïti, taux de référence calculé à l'achat"
2009-10-14,41.8369,0910.pdf,SRC-007,"BRH — Banque de la République d'Haïti, taux de référence calculé à l'achat"
2009-10-15,41.9331,0910.pdf,SRC-007,"BRH — Banque de la République d'Haïti, taux de référence calculé à l'achat"
2009-10-16,41.9148,0910.pdf,SRC-007,"BRH — Banque de la République d'Haïti, taux de référence calculé à l'achat"
2009-10-19,41.8734,0910.pdf,SRC-007,"BRH — Banque de la République d'Haïti, taux de référence calculé à l'achat"
2009-10-20,41.9097,0910.pdf,SRC-007,"BRH — Banque de la République d'Haïti, taux de référence calculé à l'achat"
2009-10-21,41.9063,0910.pdf,SRC-007,"BRH — Banque de la République d'Haïti, taux de référence calculé à l'achat"
2009-10-22,41.9727,0910.pdf,SRC-007,"BRH — Banque de la République d'Haïti, taux de référence calculé à l'achat"
2009-10-23,41.9877,0910.pdf,SRC-007,"BRH — Banque de la République d'Haïti, taux de référence calculé à l'achat"
2009-10-26,42.0011,0910.pdf,SRC-007,"BRH — Banque de la République d'Haïti, taux de référence calculé à l'achat"
2009-10-27,42.068,0910.pdf,SRC-007,"BRH — Banque de la République d'Haïti, taux de référence calculé à l'achat"
2009-10-28,42.0752,0910.pdf,SRC-007,"BRH — Banque de la République d'Haïti, taux de référence calculé à l'achat"
2009-10-29,42.0951,0910.pdf,SRC-007,"BRH — Banque de la République d'Haïti, taux de référence calculé à l'achat"
2009-10-30,42.0271,0910.pdf,SRC-007,"BRH — Banque de la République d'Haïti, taux de référence calculé à l'achat"
2009-11-03,42.0423,0910.pdf,SRC-007,"BRH — Banque de la République d'Haïti, taux de référence calculé à l'achat"
2009-11-04,42.0597,0910.pdf,SRC-007,"BRH — Banque de la République d'Haïti, taux de référence calculé à l'achat"
2009-11-05,42.135,0910.pdf,SRC-007,"BRH — Banque de la République d'Haïti, taux de référence calculé à l'achat"
2009-11-06,42.1084,0910.pdf,SRC-007,"BRH — Banque de la République d'Haïti, taux de référence calculé à l'achat"
2009-11-09,42.102,0910.pdf,SRC-007,"BRH — Banque de la République d'Haïti, taux de référence calculé à l'achat"
2009-11-10,42.1123,0910.pdf,SRC-007,"BRH — Banque de la République d'Haïti, taux de référence calculé à l'achat"
2009-11-11,42.1541,0910.pdf,SRC-007,"BRH — Banque de la République d'Haïti, taux de référence calculé à l'achat"
2009-11-12,42.1613,0910.pdf,SRC-007,"BRH — Banque de la République d'Haïti, taux de référence calculé à l'achat"
2009-11-13,42.1426,0910.pdf,SRC-007,"BRH — Banque de la République d'Haïti, taux de référence calculé à l'achat"
2009-11-16,42.0648,0910.pdf,SRC-007,"BRH — Banque de la République d'Haïti, taux de référence calculé à l'achat"
2009-11-17,42.1827,0910.pdf,SRC-007,"BRH — Banque de la République d'Haïti, taux de référence calculé à l'achat"
2009-11-19,42.1898,0910.pdf,SRC-007,"BRH — Banque de la République d'Haïti, taux de référence calculé à l'achat"
2009-11-20,42.2544,0910.pdf,SRC-007,"BRH — Banque de la République d'Haïti, taux de référence calculé à l'achat"
2009-11-23,42.2558,0910.pdf,SRC-007,"BRH — Banque de la République d'Haïti, taux de référence calculé à l'achat"
2009-11-24,42.2742,0910.pdf,SRC-007,"BRH — Banque de la République d'Haïti, taux de référence calculé à l'achat"
2009-11-25,42.2874,0910.pdf,SRC-007,"BRH — Banque de la République d'Haïti, taux de référence calculé à l'achat"
2009-11-26,42.2405,0910.pdf,SRC-007,"BRH — Banque de la République d'Haïti, taux de référence calculé à l'achat"
2009-11-27,42.2663,0910.pdf,SRC-007,"BRH — Banque de la République d'Haïti, taux de référence calculé à l'achat"
2009-11-30,42.2804,0910.pdf,SRC-007,"BRH — Banque de la République d'Haïti, taux de référence calculé à l'achat"
2009-12-01,42.3184,0910.pdf,SRC-007,"BRH — Banque de la République d'Haïti, taux de référence calculé à l'achat"
2009-12-02,42.3377,0910.pdf,SRC-007,"BRH — Banque de la République d'Haïti, taux de référence calculé à l'achat"
2009-12-03,42.3615,0910.pdf,SRC-007,"BRH — Banque de la République d'Haïti, taux de référence calculé à l'achat"
2009-12-04,42.3468,0910.pdf,SRC-007,"BRH — Banque de la République d'Haïti, taux de référence calculé à l'achat"
2009-12-07,42.3042,0910.pdf,SRC-007,"BRH — Banque de la République d'Haïti, taux de référence calculé à l'achat"
2009-12-08,42.3568,0910.pdf,SRC-007,"BRH — Banque de la République d'Haïti, taux de référence calculé à l'achat"
2009-12-09,42.3053,0910.pdf,SRC-007,"BRH — Banque de la République d'Haïti, taux de référence calculé à l'achat"
2009-12-10,42.2971,0910.pdf,SRC-007,"BRH — Banque de la République d'Haïti, taux de référence calculé à l'achat"
2009-12-11,42.3869,0910.pdf,SRC-007,"BRH — Banque de la République d'Haïti, taux de référence calculé à l'achat"
2009-12-14,42.3782,0910.pdf,SRC-007,"BRH — Banque de la République d'Haïti, taux de référence calculé à l'achat"
2009-12-15,42.3801,0910.pdf,SRC-007,"BRH — Banque de la République d'Haïti, taux de référence calculé à l'achat"
2009-12-16,42.3447,0910.pdf,SRC-007,"BRH — Banque de la République d'Haïti, taux de référence calculé à l'achat"
2009-12-17,42.3744,0910.pdf,SRC-007,"BRH — Banque de la République d'Haïti, taux de référence calculé à l'achat"
2009-12-18,42.3113,0910.pdf,SRC-007,"BRH — Banque de la République d'Haïti, taux de référence calculé à l'achat"
2009-12-21,42.2751,0910.pdf,SRC-007,"BRH — Banque de la République d'Haïti, taux de référence calculé à l'achat"
2009-12-22,42.1825,0910.pdf,SRC-007,"BRH — Banque de la République d'Haïti, taux de référence calculé à l'achat"
2009-12-23,42.1146,0910.pdf,SRC-007,"BRH — Banque de la République d'Haïti, taux de référence calculé à l'achat"
2009-12-24,42.0881,0910.pdf,SRC-007,"BRH — Banque de la République d'Haïti, taux de référence calculé à l'achat"
2009-12-28,42.0537,0910.pdf,SRC-007,"BRH — Banque de la République d'Haïti, taux de référence calculé à l'achat"
2009-12-29,42.0495,0910.pdf,SRC-007,"BRH — Banque de la République d'Haïti, taux de référence calculé à l'achat"
2009-12-30,42.0357,0910.pdf,SRC-007,"BRH — Banque de la République d'Haïti, taux de référence calculé à l'achat"
2009-12-31,42.0193,0910.pdf,SRC-007,"BRH — Banque de la République d'Haïti, taux de référence calculé à l'achat"
2010-01-04,42.0454,0910.pdf,SRC-007,"BRH — Banque de la République d'Haïti, taux de référence calculé à l'achat"
2010-01-05,42.0483,0910.pdf,SRC-007,"BRH — Banque de la République d'Haïti, taux de référence calculé à l'achat"
2010-01-06,42.1404,0910.pdf,SRC-007,"BRH — Banque de la République d'Haïti, taux de référence calculé à l'achat"
2010-01-07,42.1177,0910.pdf,SRC-007,"BRH — Banque de la République d'Haïti, taux de référence calculé à l'achat"
2010-01-08,42.1718,0910.pdf,SRC-007,"BRH — Banque de la République d'Haïti, taux de référence calculé à l'achat"
2010-01-11,42.1122,0910.pdf,SRC-007,"BRH — Banque de la République d'Haïti, taux de référence calculé à l'achat"
2010-01-12,42.1784,0910.pdf,SRC-007,"BRH — Banque de la République d'Haïti, taux de référence calculé à l'achat"
2010-01-23,40.606,0910.pdf,SRC-007,"BRH — Banque de la République d'Haïti, taux de référence calculé à l'achat"
2010-01-24,39.2727,0910.pdf,SRC-007,"BRH — Banque de la République d'Haïti, taux de référence calculé à l'achat"
2010-01-25,38.55,0910.pdf,SRC-007,"BRH — Banque de la République d'Haïti, taux de référence calculé à l'achat"
2010-01-26,38.7143,0910.pdf,SRC-007,"BRH — Banque de la République d'Haïti, taux de référence calculé à l'achat"
2010-01-27,38.9143,0910.pdf,SRC-007,"BRH — Banque de la République d'Haïti, taux de référence calculé à l'achat"
2010-01-28,38.5083,0910.pdf,SRC-007,"BRH — Banque de la République d'Haïti, taux de référence calculé à l'achat"
2010-01-29,38.7,0910.pdf,SRC-007,"BRH — Banque de la République d'Haïti, taux de référence calculé à l'achat"
2010-02-01,38.2583,0910.pdf,SRC-007,"BRH — Banque de la République d'Haïti, taux de référence calculé à l'achat"
2010-02-02,38.4083,0910.pdf,SRC-007,"BRH — Banque de la République d'Haïti, taux de référence calculé à l'achat"
2010-02-03,38.5542,0910.pdf,SRC-007,"BRH — Banque de la République d'Haïti, taux de référence calculé à l'achat"
2010-02-04,38.5708,0910.pdf,SRC-007,"BRH — Banque de la République d'Haïti, taux de référence calculé à l'achat"
2010-02-05,38.4875,0910.pdf,SRC-007,"BRH — Banque de la République d'Haïti, taux de référence calculé à l'achat"
2010-02-08,38.5542,0910.pdf,SRC-007,"BRH — Banque de la République d'Haïti, taux de référence calculé à l'achat"
2010-02-09,38.5675,0910.pdf,SRC-007,"BRH — Banque de la République d'Haïti, taux de référence calculé à l'achat"
2010-02-10,38.6675,0910.pdf,SRC-007,"BRH — Banque de la République d'Haïti, taux de référence calculé à l'achat"
2010-02-11,38.5815,0910.pdf,SRC-007,"BRH — Banque de la République d'Haïti, taux de référence calculé à l'achat"
2010-02-15,38.6208,0910.pdf,SRC-007,"BRH — Banque de la République d'Haïti, taux de référence calculé à l'achat"
2010-02-17,38.6208,0910.pdf,SRC-007,"BRH — Banque de la République d'Haïti, taux de référence calculé à l'achat"
2010-02-18,38.5708,0910.pdf,SRC-007,"BRH — Banque de la République d'Haïti, taux de référence calculé à l'achat"
2010-02-19,38.6208,0910.pdf,SRC-007,"BRH — Banque de la République d'Haïti, taux de référence calculé à l'achat"
2010-02-22,38.6275,0910.pdf,SRC-007,"BRH — Banque de la République d'Haïti, taux de référence calculé à l'achat"
2010-02-23,38.6542,0910.pdf,SRC-007,"BRH — Banque de la République d'Haïti, taux de référence calculé à l'achat"
2010-02-24,38.6708,0910.pdf,SRC-007,"BRH — Banque de la République d'Haïti, taux de référence calculé à l'achat"
2010-02-25,38.6375,0910.pdf,SRC-007,"BRH — Banque de la République d'Haïti, taux de référence calculé à l'achat"
2010-02-26,38.6375,0910.pdf,SRC-007,"BRH — Banque de la République d'Haïti, taux de référence calculé à l'achat"
2010-03-01,39.2042,0910.pdf,SRC-007,"BRH — Banque de la République d'Haïti, taux de référence calculé à l'achat"
2010-03-02,39.3021,0910.pdf,SRC-007,"BRH — Banque de la République d'Haïti, taux de référence calculé à l'achat"
2010-03-03,39.3959,0910.pdf,SRC-007,"BRH — Banque de la République d'Haïti, taux de référence calculé à l'achat"
2010-03-04,39.375,0910.pdf,SRC-007,"BRH — Banque de la République d'Haïti, taux de référence calculé à l'achat"
2010-03-05,39.3638,0910.pdf,SRC-007,"BRH — Banque de la République d'Haïti, taux de référence calculé à l'achat"
2010-03-08,39.3856,0910.pdf,SRC-007,"BRH — Banque de la République d'Haïti, taux de référence calculé à l'achat"
2010-03-09,39.5063,0910.pdf,SRC-007,"BRH — Banque de la République d'Haïti, taux de référence calculé à l'achat"
2010-03-10,39.5335,0910.pdf,SRC-007,"BRH — Banque de la République d'Haïti, taux de référence calculé à l'achat"
2010-03-11,39.6321,0910.pdf,SRC-007,"BRH — Banque de la République d'Haïti, taux de référence calculé à l'achat"
2010-03-12,39.3705,0910.pdf,SRC-007,"BRH — Banque de la République d'Haïti, taux de référence calculé à l'achat"
2010-03-15,39.3705,0910.pdf,SRC-007,"BRH — Banque de la République d'Haïti, taux de référence calculé à l'achat"
2010-03-16,39.5567,0910.pdf,SRC-007,"BRH — Banque de la République d'Haïti, taux de référence calculé à l'achat"
2010-03-17,39.5434,0910.pdf,SRC-007,"BRH — Banque de la République d'Haïti, taux de référence calculé à l'achat"
2010-03-18,39.3662,0910.pdf,SRC-007,"BRH — Banque de la République d'Haïti, taux de référence calculé à l'achat"
2010-03-19,39.645,0910.pdf,SRC-007,"BRH — Banque de la République d'Haïti, taux de référence calculé à l'achat"
2010-03-22,39.5576,0910.pdf,SRC-007,"BRH — Banque de la République d'Haïti, taux de référence calculé à l'achat"
2010-03-23,39.5007,0910.pdf,SRC-007,"BRH — Banque de la République d'Haïti, taux de référence calculé à l'achat"
2010-03-24,39.5173,0910.pdf,SRC-007,"BRH — Banque de la République d'Haïti, taux de référence calculé à l'achat"
2010-03-25,39.6013,0910.pdf,SRC-007,"BRH — Banque de la République d'Haïti, taux de référence calculé à l'achat"
2010-03-26,39.6132,0910.pdf,SRC-007,"BRH — Banque de la République d'Haïti, taux de référence calculé à l'achat"
2010-03-29,39.5872,0910.pdf,SRC-007,"BRH — Banque de la République d'Haïti, taux de référence calculé à l'achat"
2010-03-30,39.5726,0910.pdf,SRC-007,"BRH — Banque de la République d'Haïti, taux de référence calculé à l'achat"
2010-03-31,39.6156,0910.pdf,SRC-007,"BRH — Banque de la République d'Haïti, taux de référence calculé à l'achat"
2010-04-01,39.5852,0910.pdf,SRC-007,"BRH — Banque de la République d'Haïti, taux de référence calculé à l'achat"
2010-04-05,39.5043,0910.pdf,SRC-007,"BRH — Banque de la République d'Haïti, taux de référence calculé à l'achat"
2010-04-06,39.62,0910.pdf,SRC-007,"BRH — Banque de la République d'Haïti, taux de référence calculé à l'achat"
2010-04-07,39.603,0910.pdf,SRC-007,"BRH — Banque de la République d'Haïti, taux de référence calculé à l'achat"
2010-04-08,39.577,0910.pdf,SRC-007,"BRH — Banque de la République d'Haïti, taux de référence calculé à l'achat"
2010-04-09,39.6185,0910.pdf,SRC-007,"BRH — Banque de la République d'Haïti, taux de référence calculé à l'achat"
2010-04-12,39.5582,0910.pdf,SRC-007,"BRH — Banque de la République d'Haïti, taux de référence calculé à l'achat"
2010-04-13,39.631,0910.pdf,SRC-007,"BRH — Banque de la République d'Haïti, taux de référence calculé à l'achat"
2010-04-14,39.6125,0910.pdf,SRC-007,"BRH — Banque de la République d'Haïti, taux de référence calculé à l'achat"
2010-04-15,39.6332,0910.pdf,SRC-007,"BRH — Banque de la République d'Haïti, taux de référence calculé à l'achat"
2010-04-16,39.7119,0910.pdf,SRC-007,"BRH — Banque de la République d'Haïti, taux de référence calculé à l'achat"
2010-04-19,39.7657,0910.pdf,SRC-007,"BRH — Banque de la République d'Haïti, taux de référence calculé à l'achat"
2010-04-20,39.6188,0910.pdf,SRC-007,"BRH — Banque de la République d'Haïti, taux de référence calculé à l'achat"
2010-04-21,39.4163,0910.pdf,SRC-007,"BRH — Banque de la République d'Haïti, taux de référence calculé à l'achat"
2010-04-22,39.6661,0910.pdf,SRC-007,"BRH — Banque de la République d'Haïti, taux de référence calculé à l'achat"
2010-04-23,39.6507,0910.pdf,SRC-007,"BRH — Banque de la République d'Haïti, taux de référence calculé à l'achat"
2010-04-26,39.7142,0910.pdf,SRC-007,"BRH — Banque de la République d'Haïti, taux de référence calculé à l'achat"
2010-04-27,39.7417,0910.pdf,SRC-007,"BRH — Banque de la République d'Haïti, taux de référence calculé à l'achat"
2010-04-28,39.7509,0910.pdf,SRC-007,"BRH — Banque de la République d'Haïti, taux de référence calculé à l'achat"
2010-04-29,39.7669,0910.pdf,SRC-007,"BRH — Banque de la République d'Haïti, taux de référence calculé à l'achat"
2010-04-30,39.5097,0910.pdf,SRC-007,"BRH — Banque de la République d'Haïti, taux de référence calculé à l'achat"
2010-05-03,39.5652,0910.pdf,SRC-007,"BRH — Banque de la République d'Haïti, taux de référence calculé à l'achat"
2010-05-04,39.7894,0910.pdf,SRC-007,"BRH — Banque de la République d'Haïti, taux de référence calculé à l'achat"
2010-05-05,39.7529,0910.pdf,SRC-007,"BRH — Banque de la République d'Haïti, taux de référence calculé à l'achat"
2010-05-06,39.7872,0910.pdf,SRC-007,"BRH — Banque de la République d'Haïti, taux de référence calculé à l'achat"
2010-05-07,39.7325,0910.pdf,SRC-007,"BRH — Banque de la République d'Haïti, taux de référence calculé à l'achat"
2010-05-10,39.7509,0910.pdf,SRC-007,"BRH — Banque de la République d'Haïti, taux de référence calculé à l'achat"
2010-05-11,39.7025,0910.pdf,SRC-007,"BRH — Banque de la République d'Haïti, taux de référence calculé à l'achat"
2010-05-12,39.7636,0910.pdf,SRC-007,"BRH — Banque de la République d'Haïti, taux de référence calculé à l'achat"
2010-05-13,39.7954,0910.pdf,SRC-007,"BRH — Banque de la République d'Haïti, taux de référence calculé à l'achat"
2010-05-14,39.7763,0910.pdf,SRC-007,"BRH — Banque de la République d'Haïti, taux de référence calculé à l'achat"
2010-05-17,39.742,0910.pdf,SRC-007,"BRH — Banque de la République d'Haïti, taux de référence calculé à l'achat"
2010-05-19,39.7691,0910.pdf,SRC-007,"BRH — Banque de la République d'Haïti, taux de référence calculé à l'achat"
2010-05-20,39.7769,0910.pdf,SRC-007,"BRH — Banque de la République d'Haïti, taux de référence calculé à l'achat"
2010-05-21,39.785,0910.pdf,SRC-007,"BRH — Banque de la République d'Haïti, taux de référence calculé à l'achat"
2010-05-24,39.7972,0910.pdf,SRC-007,"BRH — Banque de la République d'Haïti, taux de référence calculé à l'achat"
2010-05-25,39.7989,0910.pdf,SRC-007,"BRH — Banque de la République d'Haïti, taux de référence calculé à l'achat"
2010-05-26,39.769,0910.pdf,SRC-007,"BRH — Banque de la République d'Haïti, taux de référence calculé à l'achat"
2010-05-27,39.7785,0910.pdf,SRC-007,"BRH — Banque de la République d'Haïti, taux de référence calculé à l'achat"
2010-05-28,39.7708,0910.pdf,SRC-007,"BRH — Banque de la République d'Haïti, taux de référence calculé à l'achat"
2010-05-31,39.7925,0910.pdf,SRC-007,"BRH — Banque de la République d'Haïti, taux de référence calculé à l'achat"
2010-06-01,39.7873,0910.pdf,SRC-007,"BRH — Banque de la République d'Haïti, taux de référence calculé à l'achat"
2010-06-02,39.8006,0910.pdf,SRC-007,"BRH — Banque de la République d'Haïti, taux de référence calculé à l'achat"
2010-06-04,39.8378,0910.pdf,SRC-007,"BRH — Banque de la République d'Haïti, taux de référence calculé à l'achat"
2010-06-07,39.7769,0910.pdf,SRC-007,"BRH — Banque de la République d'Haïti, taux de référence calculé à l'achat"
2010-06-08,39.822,0910.pdf,SRC-007,"BRH — Banque de la République d'Haïti, taux de référence calculé à l'achat"
2010-06-09,39.811,0910.pdf,SRC-007,"BRH — Banque de la République d'Haïti, taux de référence calculé à l'achat"
2010-06-10,39.782,0910.pdf,SRC-007,"BRH — Banque de la République d'Haïti, taux de référence calculé à l'achat"
2010-06-11,39.8054,0910.pdf,SRC-007,"BRH — Banque de la République d'Haïti, taux de référence calculé à l'achat"
2010-06-14,39.7782,0910.pdf,SRC-007,"BRH — Banque de la République d'Haïti, taux de référence calculé à l'achat"
2010-06-15,39.8223,0910.pdf,SRC-007,"BRH — Banque de la République d'Haïti, taux de référence calculé à l'achat"
2010-06-16,39.8312,0910.pdf,SRC-007,"BRH — Banque de la République d'Haïti, taux de référence calculé à l'achat"
2010-06-17,39.8404,0910.pdf,SRC-007,"BRH — Banque de la République d'Haïti, taux de référence calculé à l'achat"
2010-06-18,39.844,0910.pdf,SRC-007,"BRH — Banque de la République d'Haïti, taux de référence calculé à l'achat"
2010-06-21,39.7983,0910.pdf,SRC-007,"BRH — Banque de la République d'Haïti, taux de référence calculé à l'achat"
2010-06-22,39.8431,0910.pdf,SRC-007,"BRH — Banque de la République d'Haïti, taux de référence calculé à l'achat"
2010-06-23,39.865,0910.pdf,SRC-007,"BRH — Banque de la République d'Haïti, taux de référence calculé à l'achat"
2010-06-24,39.865,0910.pdf,SRC-007,"BRH — Banque de la République d'Haïti, taux de référence calculé à l'achat"
2010-06-25,39.8234,0910.pdf,SRC-007,"BRH — Banque de la République d'Haïti, taux de référence calculé à l'achat"
2010-06-28,39.7897,0910.pdf,SRC-007,"BRH — Banque de la République d'Haïti, taux de référence calculé à l'achat"
2010-06-29,39.8357,0910.pdf,SRC-007,"BRH — Banque de la République d'Haïti, taux de référence calculé à l'achat"
2010-06-30,39.7991,0910.pdf,SRC-007,"BRH — Banque de la République d'Haïti, taux de référence calculé à l'achat"
2010-07-01,39.7953,0910.pdf,SRC-007,"BRH — Banque de la République d'Haïti, taux de référence calculé à l'achat"
2010-07-02,39.8147,0910.pdf,SRC-007,"BRH — Banque de la République d'Haïti, taux de référence calculé à l'achat"
2010-07-05,39.7831,0910.pdf,SRC-007,"BRH — Banque de la République d'Haïti, taux de référence calculé à l'achat"
2010-07-06,39.7952,0910.pdf,SRC-007,"BRH — Banque de la République d'Haïti, taux de référence calculé à l'achat"
2010-07-07,39.8501,0910.pdf,SRC-007,"BRH — Banque de la République d'Haïti, taux de référence calculé à l'achat"
2010-07-08,39.849,0910.pdf,SRC-007,"BRH — Banque de la République d'Haïti, taux de référence calculé à l'achat"
2010-07-09,39.8481,0910.pdf,SRC-007,"BRH — Banque de la République d'Haïti, taux de référence calculé à l'achat"
2010-07-12,39.7988,0910.pdf,SRC-007,"BRH — Banque de la République d'Haïti, taux de référence calculé à l'achat"
2010-07-13,39.8011,0910.pdf,SRC-007,"BRH — Banque de la République d'Haïti, taux de référence calculé à l'achat"
2010-07-14,39.8756,0910.pdf,SRC-007,"BRH — Banque de la République d'Haïti, taux de référence calculé à l'achat"
2010-07-15,39.8666,0910.pdf,SRC-007,"BRH — Banque de la République d'Haïti, taux de référence calculé à l'achat"
2010-07-16,39.7907,0910.pdf,SRC-007,"BRH — Banque de la République d'Haïti, taux de référence calculé à l'achat"
2010-07-19,39.8482,0910.pdf,SRC-007,"BRH — Banque de la République d'Haïti, taux de référence calculé à l'achat"
2010-07-20,39.827,0910.pdf,SRC-007,"BRH — Banque de la République d'Haïti, taux de référence calculé à l'achat"
2010-07-21,39.7869,0910.pdf,SRC-007,"BRH — Banque de la République d'Haïti, taux de référence calculé à l'achat"
2010-07-22,39.8765,0910.pdf,SRC-007,"BRH — Banque de la République d'Haïti, taux de référence calculé à l'achat"
2010-07-23,39.8384,0910.pdf,SRC-007,"BRH — Banque de la République d'Haïti, taux de référence calculé à l'achat"
2010-07-26,39.8036,0910.pdf,SRC-007,"BRH — Banque de la République d'Haïti, taux de référence calculé à l'achat"
2010-07-27,39.7644,0910.pdf,SRC-007,"BRH — Banque de la République d'Haïti, taux de référence calculé à l'achat"
2010-07-28,39.8321,0910.pdf,SRC-007,"BRH — Banque de la République d'Haïti, taux de référence calculé à l'achat"
2010-07-29,39.8945,0910.pdf,SRC-007,"BRH — Banque de la République d'Haïti, taux de référence calculé à l'achat"
2010-07-30,39.8392,0910.pdf,SRC-007,"BRH — Banque de la République d'Haïti, taux de référence calculé à l'achat"
2010-08-02,39.7316,0910.pdf,SRC-007,"BRH — Banque de la République d'Haïti, taux de référence calculé à l'achat"
2010-08-03,39.8272,0910.pdf,SRC-007,"BRH — Banque de la République d'Haïti, taux de référence calculé à l'achat"
2010-08-04,39.8867,0910.pdf,SRC-007,"BRH — Banque de la République d'Haïti, taux de référence calculé à l'achat"
2010-08-05,39.8427,0910.pdf,SRC-007,"BRH — Banque de la République d'Haïti, taux de référence calculé à l'achat"
2010-08-06,39.8553,0910.pdf,SRC-007,"BRH — Banque de la République d'Haïti, taux de référence calculé à l'achat"
2010-08-09,39.8119,0910.pdf,SRC-007,"BRH — Banque de la République d'Haïti, taux de référence calculé à l'achat"
2010-08-10,39.8203,0910.pdf,SRC-007,"BRH — Banque de la République d'Haïti, taux de référence calculé à l'achat"
2010-08-11,39.8423,0910.pdf,SRC-007,"BRH — Banque de la République d'Haïti, taux de référence calculé à l'achat"
2010-08-12,39.8704,0910.pdf,SRC-007,"BRH — Banque de la République d'Haïti, taux de référence calculé à l'achat"
2010-08-13,39.8052,0910.pdf,SRC-007,"BRH — Banque de la République d'Haïti, taux de référence calculé à l'achat"
2010-08-16,39.8601,0910.pdf,SRC-007,"BRH — Banque de la République d'Haïti, taux de référence calculé à l'achat"
2010-08-17,39.8188,0910.pdf,SRC-007,"BRH — Banque de la République d'Haïti, taux de référence calculé à l'achat"
2010-08-18,39.8425,0910.pdf,SRC-007,"BRH — Banque de la République d'Haïti, taux de référence calculé à l'achat"
2010-08-19,39.8047,0910.pdf,SRC-007,"BRH — Banque de la République d'Haïti, taux de référence calculé à l'achat"
2010-08-20,39.751,0910.pdf,SRC-007,"BRH — Banque de la République d'Haïti, taux de référence calculé à l'achat"
2010-08-23,39.8684,0910.pdf,SRC-007,"BRH — Banque de la République d'Haïti, taux de référence calculé à l'achat"
2010-08-24,39.8423,0910.pdf,SRC-007,"BRH — Banque de la République d'Haïti, taux de référence calculé à l'achat"
2010-08-25,39.8007,0910.pdf,SRC-007,"BRH — Banque de la République d'Haïti, taux de référence calculé à l'achat"
2010-08-26,39.8734,0910.pdf,SRC-007,"BRH — Banque de la République d'Haïti, taux de référence calculé à l'achat"
2010-08-27,39.8644,0910.pdf,SRC-007,"BRH — Banque de la République d'Haïti, taux de référence calculé à l'achat"
2010-08-30,39.8527,0910.pdf,SRC-007,"BRH — Banque de la République d'Haïti, taux de référence calculé à l'achat"
2010-08-31,39.8522,0910.pdf,SRC-007,"BRH — Banque de la République d'Haïti, taux de référence calculé à l'achat"
2010-09-01,39.8663,0910.pdf,SRC-007,"BRH — Banque de la République d'Haïti, taux de référence calculé à l'achat"
2010-09-02,39.8683,0910.pdf,SRC-007,"BRH — Banque de la République d'Haïti, taux de référence calculé à l'achat"
2010-09-03,39.8793,0910.pdf,SRC-007,"BRH — Banque de la République d'Haïti, taux de référence calculé à l'achat"
2010-09-06,39.8902,0910.pdf,SRC-007,"BRH — Banque de la République d'Haïti, taux de référence calculé à l'achat"
2010-09-07,39.8672,0910.pdf,SRC-007,"BRH — Banque de la République d'Haïti, taux de référence calculé à l'achat"
2010-09-08,39.9083,0910.pdf,SRC-007,"BRH — Banque de la République d'Haïti, taux de référence calculé à l'achat"
2010-09-09,39.8737,0910.pdf,SRC-007,"BRH — Banque de la République d'Haïti, taux de référence calculé à l'achat"
2010-09-10,39.8892,0910.pdf,SRC-007,"BRH — Banque de la République d'Haïti, taux de référence calculé à l'achat"
2010-09-13,39.9345,0910.pdf,SRC-007,"BRH — Banque de la République d'Haïti, taux de référence calculé à l'achat"
2010-09-14,39.8933,0910.pdf,SRC-007,"BRH — Banque de la République d'Haïti, taux de référence calculé à l'achat"
2010-09-15,39.9142,0910.pdf,SRC-007,"BRH — Banque de la République d'Haïti, taux de référence calculé à l'achat"
2010-09-16,39.8876,0910.pdf,SRC-007,"BRH — Banque de la République d'Haïti, taux de référence calculé à l'achat"
2010-09-17,39.8704,0910.pdf,SRC-007,"BRH — Banque de la République d'Haïti, taux de référence calculé à l'achat"
2010-09-20,39.909,0910.pdf,SRC-007,"BRH — Banque de la République d'Haïti, taux de référence calculé à l'achat"
2010-09-21,39.9198,0910.pdf,SRC-007,"BRH — Banque de la République d'Haïti, taux de référence calculé à l'achat"
2010-09-22,39.9038,0910.pdf,SRC-007,"BRH — Banque de la République d'Haïti, taux de référence calculé à l'achat"
2010-09-23,39.9098,0910.pdf,SRC-007,"BRH — Banque de la République d'Haïti, taux de référence calculé à l'achat"
2010-09-24,39.9311,0910.pdf,SRC-007,"BRH — Banque de la République d'Haïti, taux de référence calculé à l'achat"
2010-09-27,39.9069,0910.pdf,SRC-007,"BRH — Banque de la République d'Haïti, taux de référence calculé à l'achat"
2010-09-28,39.9175,0910.pdf,SRC-007,"BRH — Banque de la République d'Haïti, taux de référence calculé à l'achat"
2010-09-29,39.9079,0910.pdf,SRC-007,"BRH — Banque de la République d'Haïti, taux de référence calculé à l'achat"
2010-09-30,39.9405,0910.pdf,SRC-007,"BRH — Banque de la République d'Haïti, taux de référence calculé à l'achat"
2010-10-01,39.939,1011.pdf,SRC-007,"BRH — Banque de la République d'Haïti, taux de référence calculé à l'achat"
2010-10-04,39.962,1011.pdf,SRC-007,"BRH — Banque de la République d'Haïti, taux de référence calculé à l'achat"
2010-10-05,39.8312,1011.pdf,SRC-007,"BRH — Banque de la République d'Haïti, taux de référence calculé à l'achat"
2010-10-06,39.9449,1011.pdf,SRC-007,"BRH — Banque de la République d'Haïti, taux de référence calculé à l'achat"
2010-10-07,39.9155,1011.pdf,SRC-007,"BRH — Banque de la République d'Haïti, taux de référence calculé à l'achat"
2010-10-08,39.954,1011.pdf,SRC-007,"BRH — Banque de la République d'Haïti, taux de référence calculé à l'achat"
2010-10-11,39.9803,1011.pdf,SRC-007,"BRH — Banque de la République d'Haïti, taux de référence calculé à l'achat"
2010-10-12,39.8357,1011.pdf,SRC-007,"BRH — Banque de la République d'Haïti, taux de référence calculé à l'achat"
2010-10-13,39.9611,1011.pdf,SRC-007,"BRH — Banque de la République d'Haïti, taux de référence calculé à l'achat"
2010-10-14,39.941,1011.pdf,SRC-007,"BRH — Banque de la République d'Haïti, taux de référence calculé à l'achat"
2010-10-15,39.9582,1011.pdf,SRC-007,"BRH — Banque de la République d'Haïti, taux de référence calculé à l'achat"
2010-10-18,39.9498,1011.pdf,SRC-007,"BRH — Banque de la République d'Haïti, taux de référence calculé à l'achat"
2010-10-19,39.8701,1011.pdf,SRC-007,"BRH — Banque de la République d'Haïti, taux de référence calculé à l'achat"
2010-10-20,39.9957,1011.pdf,SRC-007,"BRH — Banque de la République d'Haïti, taux de référence calculé à l'achat"
2010-10-21,40.0067,1011.pdf,SRC-007,"BRH — Banque de la République d'Haïti, taux de référence calculé à l'achat"
2010-10-22,40.0288,1011.pdf,SRC-007,"BRH — Banque de la République d'Haïti, taux de référence calculé à l'achat"
2010-10-25,40.047,1011.pdf,SRC-007,"BRH — Banque de la République d'Haïti, taux de référence calculé à l'achat"
2010-10-26,39.9878,1011.pdf,SRC-007,"BRH — Banque de la République d'Haïti, taux de référence calculé à l'achat"
2010-10-27,39.9813,1011.pdf,SRC-007,"BRH — Banque de la République d'Haïti, taux de référence calculé à l'achat"
2010-10-28,40.103,1011.pdf,SRC-007,"BRH — Banque de la République d'Haïti, taux de référence calculé à l'achat"
2010-10-29,40.0954,1011.pdf,SRC-007,"BRH — Banque de la République d'Haïti, taux de référence calculé à l'achat"
2010-11-03,40.0098,1011.pdf,SRC-007,"BRH — Banque de la République d'Haïti, taux de référence calculé à l'achat"
2010-11-04,40.1119,1011.pdf,SRC-007,"BRH — Banque de la République d'Haïti, taux de référence calculé à l'achat"
2010-11-08,40.1421,1011.pdf,SRC-007,"BRH — Banque de la République d'Haïti, taux de référence calculé à l'achat"
2010-11-09,40.114,1011.pdf,SRC-007,"BRH — Banque de la République d'Haïti, taux de référence calculé à l'achat"
2010-11-10,40.1225,1011.pdf,SRC-007,"BRH — Banque de la République d'Haïti, taux de référence calculé à l'achat"
2010-11-11,40.1547,1011.pdf,SRC-007,"BRH — Banque de la République d'Haïti, taux de référence calculé à l'achat"
2010-11-12,40.1537,1011.pdf,SRC-007,"BRH — Banque de la République d'Haïti, taux de référence calculé à l'achat"
2010-11-15,40.103,1011.pdf,SRC-007,"BRH — Banque de la République d'Haïti, taux de référence calculé à l'achat"
2010-11-16,40.162,1011.pdf,SRC-007,"BRH — Banque de la République d'Haïti, taux de référence calculé à l'achat"
2010-11-17,40.0973,1011.pdf,SRC-007,"BRH — Banque de la République d'Haïti, taux de référence calculé à l'achat"
2010-11-19,40.1677,1011.pdf,SRC-007,"BRH — Banque de la République d'Haïti, taux de référence calculé à l'achat"
2010-11-22,40.1979,1011.pdf,SRC-007,"BRH — Banque de la République d'Haïti, taux de référence calculé à l'achat"
2010-11-23,40.1268,1011.pdf,SRC-007,"BRH — Banque de la République d'Haïti, taux de référence calculé à l'achat"
2010-11-24,40.2012,1011.pdf,SRC-007,"BRH — Banque de la République d'Haïti, taux de référence calculé à l'achat"
2010-11-25,40.1727,1011.pdf,SRC-007,"BRH — Banque de la République d'Haïti, taux de référence calculé à l'achat"
2010-11-26,40.1565,1011.pdf,SRC-007,"BRH — Banque de la République d'Haïti, taux de référence calculé à l'achat"
2010-11-29,40.139,1011.pdf,SRC-007,"BRH — Banque de la République d'Haïti, taux de référence calculé à l'achat"
2010-11-30,40.1493,1011.pdf,SRC-007,"BRH — Banque de la République d'Haïti, taux de référence calculé à l'achat"
2010-12-01,40.1366,1011.pdf,SRC-007,"BRH — Banque de la République d'Haïti, taux de référence calculé à l'achat"
2010-12-02,40.2197,1011.pdf,SRC-007,"BRH — Banque de la République d'Haïti, taux de référence calculé à l'achat"
2010-12-03,40.21,1011.pdf,SRC-007,"BRH — Banque de la République d'Haïti, taux de référence calculé à l'achat"
2010-12-06,40.1816,1011.pdf,SRC-007,"BRH — Banque de la République d'Haïti, taux de référence calculé à l'achat"
2010-12-07,40.1412,1011.pdf,SRC-007,"BRH — Banque de la République d'Haïti, taux de référence calculé à l'achat"
2010-12-13,40.1965,1011.pdf,SRC-007,"BRH — Banque de la République d'Haïti, taux de référence calculé à l'achat"
2010-12-14,40.1173,1011.pdf,SRC-007,"BRH — Banque de la République d'Haïti, taux de référence calculé à l'achat"
2010-12-15,40.1405,1011.pdf,SRC-007,"BRH — Banque de la République d'Haïti, taux de référence calculé à l'achat"
2010-12-16,40.0968,1011.pdf,SRC-007,"BRH — Banque de la République d'Haïti, taux de référence calculé à l'achat"
2010-12-17,40.1345,1011.pdf,SRC-007,"BRH — Banque de la République d'Haïti, taux de référence calculé à l'achat"
2010-12-20,40.0914,1011.pdf,SRC-007,"BRH — Banque de la République d'Haïti, taux de référence calculé à l'achat"
2010-12-21,40.0383,1011.pdf,SRC-007,"BRH — Banque de la République d'Haïti, taux de référence calculé à l'achat"
2010-12-22,40.0049,1011.pdf,SRC-007,"BRH — Banque de la République d'Haïti, taux de référence calculé à l'achat"
2010-12-23,39.9506,1011.pdf,SRC-007,"BRH — Banque de la République d'Haïti, taux de référence calculé à l'achat"
2010-12-24,39.9701,1011.pdf,SRC-007,"BRH — Banque de la République d'Haïti, taux de référence calculé à l'achat"
2010-12-27,39.9427,1011.pdf,SRC-007,"BRH — Banque de la République d'Haïti, taux de référence calculé à l'achat"
2010-12-28,39.9736,1011.pdf,SRC-007,"BRH — Banque de la République d'Haïti, taux de référence calculé à l'achat"
2010-12-29,39.9202,1011.pdf,SRC-007,"BRH — Banque de la République d'Haïti, taux de référence calculé à l'achat"
2010-12-30,39.8739,1011.pdf,SRC-007,"BRH — Banque de la République d'Haïti, taux de référence calculé à l'achat"
2010-12-31,39.8817,1011.pdf,SRC-007,"BRH — Banque de la République d'Haïti, taux de référence calculé à l'achat"
2011-01-03,39.9649,1011.pdf,SRC-007,"BRH — Banque de la République d'Haïti, taux de référence calculé à l'achat"
2011-01-04,39.9717,1011.pdf,SRC-007,"BRH — Banque de la République d'Haïti, taux de référence calculé à l'achat"
2011-01-05,39.9872,1011.pdf,SRC-007,"BRH — Banque de la République d'Haïti, taux de référence calculé à l'achat"
2011-01-06,39.9748,1011.pdf,SRC-007,"BRH — Banque de la République d'Haïti, taux de référence calculé à l'achat"
2011-01-07,40.053,1011.pdf,SRC-007,"BRH — Banque de la République d'Haïti, taux de référence calculé à l'achat"
2011-01-10,40.1286,1011.pdf,SRC-007,"BRH — Banque de la République d'Haïti, taux de référence calculé à l'achat"
2011-01-11,40.0926,1011.pdf,SRC-007,"BRH — Banque de la République d'Haïti, taux de référence calculé à l'achat"
2011-01-13,40.1946,1011.pdf,SRC-007,"BRH — Banque de la République d'Haïti, taux de référence calculé à l'achat"
2011-01-14,40.1032,1011.pdf,SRC-007,"BRH — Banque de la République d'Haïti, taux de référence calculé à l'achat"
2011-01-17,40.1997,1011.pdf,SRC-007,"BRH — Banque de la République d'Haïti, taux de référence calculé à l'achat"
2011-01-18,40.278,1011.pdf,SRC-007,"BRH — Banque de la République d'Haïti, taux de référence calculé à l'achat"
2011-01-19,40.2315,1011.pdf,SRC-007,"BRH — Banque de la République d'Haïti, taux de référence calculé à l'achat"
2011-01-20,40.3091,1011.pdf,SRC-007,"BRH — Banque de la République d'Haïti, taux de référence calculé à l'achat"
2011-01-21,40.3268,1011.pdf,SRC-007,"BRH — Banque de la République d'Haïti, taux de référence calculé à l'achat"
2011-01-24,40.3703,1011.pdf,SRC-007,"BRH — Banque de la République d'Haïti, taux de référence calculé à l'achat"
2011-01-25,40.3192,1011.pdf,SRC-007,"BRH — Banque de la République d'Haïti, taux de référence calculé à l'achat"
2011-01-26,40.419,1011.pdf,SRC-007,"BRH — Banque de la République d'Haïti, taux de référence calculé à l'achat"
2011-01-27,40.4398,1011.pdf,SRC-007,"BRH — Banque de la République d'Haïti, taux de référence calculé à l'achat"
2011-01-28,40.4129,1011.pdf,SRC-007,"BRH — Banque de la République d'Haïti, taux de référence calculé à l'achat"
2011-01-31,40.3363,1011.pdf,SRC-007,"BRH — Banque de la République d'Haïti, taux de référence calculé à l'achat"
2011-02-01,40.409,1011.pdf,SRC-007,"BRH — Banque de la République d'Haïti, taux de référence calculé à l'achat"
2011-02-02,40.4669,1011.pdf,SRC-007,"BRH — Banque de la République d'Haïti, taux de référence calculé à l'achat"
2011-02-03,40.3928,1011.pdf,SRC-007,"BRH — Banque de la République d'Haïti, taux de référence calculé à l'achat"
2011-02-04,40.4731,1011.pdf,SRC-007,"BRH — Banque de la République d'Haïti, taux de référence calculé à l'achat"
2011-02-07,40.4351,1011.pdf,SRC-007,"BRH — Banque de la République d'Haïti, taux de référence calculé à l'achat"
2011-02-08,40.2594,1011.pdf,SRC-007,"BRH — Banque de la République d'Haïti, taux de référence calculé à l'achat"
2011-02-09,40.4665,1011.pdf,SRC-007,"BRH — Banque de la République d'Haïti, taux de référence calculé à l'achat"
2011-02-10,40.4221,1011.pdf,SRC-007,"BRH — Banque de la République d'Haïti, taux de référence calculé à l'achat"
2011-02-11,40.4486,1011.pdf,SRC-007,"BRH — Banque de la République d'Haïti, taux de référence calculé à l'achat"
2011-02-14,40.3872,1011.pdf,SRC-007,"BRH — Banque de la République d'Haïti, taux de référence calculé à l'achat"
2011-02-15,40.4878,1011.pdf,SRC-007,"BRH — Banque de la République d'Haïti, taux de référence calculé à l'achat"
2011-02-16,40.4075,1011.pdf,SRC-007,"BRH — Banque de la République d'Haïti, taux de référence calculé à l'achat"
2011-02-17,40.4062,1011.pdf,SRC-007,"BRH — Banque de la République d'Haïti, taux de référence calculé à l'achat"
2011-02-18,40.4196,1011.pdf,SRC-007,"BRH — Banque de la République d'Haïti, taux de référence calculé à l'achat"
2011-02-21,40.3947,1011.pdf,SRC-007,"BRH — Banque de la République d'Haïti, taux de référence calculé à l'achat"
2011-02-22,40.3548,1011.pdf,SRC-007,"BRH — Banque de la République d'Haïti, taux de référence calculé à l'achat"
2011-02-23,40.4311,1011.pdf,SRC-007,"BRH — Banque de la République d'Haïti, taux de référence calculé à l'achat"
2011-02-24,40.4036,1011.pdf,SRC-007,"BRH — Banque de la République d'Haïti, taux de référence calculé à l'achat"
2011-02-25,40.3551,1011.pdf,SRC-007,"BRH — Banque de la République d'Haïti, taux de référence calculé à l'achat"
2011-02-28,40.3803,1011.pdf,SRC-007,"BRH — Banque de la République d'Haïti, taux de référence calculé à l'achat"
2011-03-01,40.2967,1011.pdf,SRC-007,"BRH — Banque de la République d'Haïti, taux de référence calculé à l'achat"
2011-03-02,40.3525,1011.pdf,SRC-007,"BRH — Banque de la République d'Haïti, taux de référence calculé à l'achat"
2011-03-03,40.2889,1011.pdf,SRC-007,"BRH — Banque de la République d'Haïti, taux de référence calculé à l'achat"
2011-03-04,40.261,1011.pdf,SRC-007,"BRH — Banque de la République d'Haïti, taux de référence calculé à l'achat"
2011-03-09,40.2053,1011.pdf,SRC-007,"BRH — Banque de la République d'Haïti, taux de référence calculé à l'achat"
2011-03-10,40.1954,1011.pdf,SRC-007,"BRH — Banque de la République d'Haïti, taux de référence calculé à l'achat"
2011-03-11,40.2353,1011.pdf,SRC-007,"BRH — Banque de la République d'Haïti, taux de référence calculé à l'achat"
2011-03-14,40.2202,1011.pdf,SRC-007,"BRH — Banque de la République d'Haïti, taux de référence calculé à l'achat"
2011-03-15,40.2075,1011.pdf,SRC-007,"BRH — Banque de la République d'Haïti, taux de référence calculé à l'achat"
2011-03-16,40.121,1011.pdf,SRC-007,"BRH — Banque de la République d'Haïti, taux de référence calculé à l'achat"
2011-03-17,40.1995,1011.pdf,SRC-007,"BRH — Banque de la République d'Haïti, taux de référence calculé à l'achat"
2011-03-18,40.1873,1011.pdf,SRC-007,"BRH — Banque de la République d'Haïti, taux de référence calculé à l'achat"
2011-03-21,40.2012,1011.pdf,SRC-007,"BRH — Banque de la République d'Haïti, taux de référence calculé à l'achat"
2011-03-22,40.2323,1011.pdf,SRC-007,"BRH — Banque de la République d'Haïti, taux de référence calculé à l'achat"
2011-03-23,40.246,1011.pdf,SRC-007,"BRH — Banque de la République d'Haïti, taux de référence calculé à l'achat"
2011-03-24,40.2072,1011.pdf,SRC-007,"BRH — Banque de la République d'Haïti, taux de référence calculé à l'achat"
2011-03-25,40.254,1011.pdf,SRC-007,"BRH — Banque de la République d'Haïti, taux de référence calculé à l'achat"
2011-03-28,40.2366,1011.pdf,SRC-007,"BRH — Banque de la République d'Haïti, taux de référence calculé à l'achat"
2011-03-29,40.2484,1011.pdf,SRC-007,"BRH — Banque de la République d'Haïti, taux de référence calculé à l'achat"
2011-03-30,40.2884,1011.pdf,SRC-007,"BRH — Banque de la République d'Haïti, taux de référence calculé à l'achat"
2011-03-31,40.2588,1011.pdf,SRC-007,"BRH — Banque de la République d'Haïti, taux de référence calculé à l'achat"
2011-04-01,40.2284,1011.pdf,SRC-007,"BRH — Banque de la République d'Haïti, taux de référence calculé à l'achat"
2011-04-04,40.2632,1011.pdf,SRC-007,"BRH — Banque de la République d'Haïti, taux de référence calculé à l'achat"
2011-04-05,40.2713,1011.pdf,SRC-007,"BRH — Banque de la République d'Haïti, taux de référence calculé à l'achat"
2011-04-06,40.2542,1011.pdf,SRC-007,"BRH — Banque de la République d'Haïti, taux de référence calculé à l'achat"
2011-04-07,40.3033,1011.pdf,SRC-007,"BRH — Banque de la République d'Haïti, taux de référence calculé à l'achat"
2011-04-08,40.2802,1011.pdf,SRC-007,"BRH — Banque de la République d'Haïti, taux de référence calculé à l'achat"
2011-04-11,40.2263,1011.pdf,SRC-007,"BRH — Banque de la République d'Haïti, taux de référence calculé à l'achat"
2011-04-12,40.2831,1011.pdf,SRC-007,"BRH — Banque de la République d'Haïti, taux de référence calculé à l'achat"
2011-04-13,40.24,1011.pdf,SRC-007,"BRH — Banque de la République d'Haïti, taux de référence calculé à l'achat"
2011-04-14,40.2654,1011.pdf,SRC-007,"BRH — Banque de la République d'Haïti, taux de référence calculé à l'achat"
2011-04-15,40.2032,1011.pdf,SRC-007,"BRH — Banque de la République d'Haïti, taux de référence calculé à l'achat"
2011-04-18,40.1942,1011.pdf,SRC-007,"BRH — Banque de la République d'Haïti, taux de référence calculé à l'achat"
2011-04-19,40.2481,1011.pdf,SRC-007,"BRH — Banque de la République d'Haïti, taux de référence calculé à l'achat"
2011-04-20,40.2341,1011.pdf,SRC-007,"BRH — Banque de la République d'Haïti, taux de référence calculé à l'achat"
2011-04-21,40.2323,1011.pdf,SRC-007,"BRH — Banque de la République d'Haïti, taux de référence calculé à l'achat"
2011-04-25,40.2452,1011.pdf,SRC-007,"BRH — Banque de la République d'Haïti, taux de référence calculé à l'achat"
2011-04-26,40.2657,1011.pdf,SRC-007,"BRH — Banque de la République d'Haïti, taux de référence calculé à l'achat"
2011-04-27,40.2896,1011.pdf,SRC-007,"BRH — Banque de la République d'Haïti, taux de référence calculé à l'achat"
2011-04-28,40.2919,1011.pdf,SRC-007,"BRH — Banque de la République d'Haïti, taux de référence calculé à l'achat"
2011-04-29,40.254,1011.pdf,SRC-007,"BRH — Banque de la République d'Haïti, taux de référence calculé à l'achat"
2011-05-02,40.1878,1011.pdf,SRC-007,"BRH — Banque de la République d'Haïti, taux de référence calculé à l'achat"
2011-05-03,40.2926,1011.pdf,SRC-007,"BRH — Banque de la République d'Haïti, taux de référence calculé à l'achat"
2011-05-04,40.2839,1011.pdf,SRC-007,"BRH — Banque de la République d'Haïti, taux de référence calculé à l'achat"
2011-05-05,40.2967,1011.pdf,SRC-007,"BRH — Banque de la République d'Haïti, taux de référence calculé à l'achat"
2011-05-06,40.2933,1011.pdf,SRC-007,"BRH — Banque de la République d'Haïti, taux de référence calculé à l'achat"
2011-05-09,40.2799,1011.pdf,SRC-007,"BRH — Banque de la République d'Haïti, taux de référence calculé à l'achat"
2011-05-10,40.2951,1011.pdf,SRC-007,"BRH — Banque de la République d'Haïti, taux de référence calculé à l'achat"
2011-05-11,40.2184,1011.pdf,SRC-007,"BRH — Banque de la République d'Haïti, taux de référence calculé à l'achat"
2011-05-12,40.2243,1011.pdf,SRC-007,"BRH — Banque de la République d'Haïti, taux de référence calculé à l'achat"
2011-05-13,40.2735,1011.pdf,SRC-007,"BRH — Banque de la République d'Haïti, taux de référence calculé à l'achat"
2011-05-16,40.2651,1011.pdf,SRC-007,"BRH — Banque de la République d'Haïti, taux de référence calculé à l'achat"
2011-05-17,40.2769,1011.pdf,SRC-007,"BRH — Banque de la République d'Haïti, taux de référence calculé à l'achat"
2011-05-19,40.2959,1011.pdf,SRC-007,"BRH — Banque de la République d'Haïti, taux de référence calculé à l'achat"
2011-05-20,40.3076,1011.pdf,SRC-007,"BRH — Banque de la République d'Haïti, taux de référence calculé à l'achat"
2011-05-23,40.2691,1011.pdf,SRC-007,"BRH — Banque de la République d'Haïti, taux de référence calculé à l'achat"
2011-05-24,40.2587,1011.pdf,SRC-007,"BRH — Banque de la République d'Haïti, taux de référence calculé à l'achat"
2011-05-25,40.2947,1011.pdf,SRC-007,"BRH — Banque de la République d'Haïti, taux de référence calculé à l'achat"
2011-05-26,40.323,1011.pdf,SRC-007,"BRH — Banque de la République d'Haïti, taux de référence calculé à l'achat"
2011-05-27,40.2652,1011.pdf,SRC-007,"BRH — Banque de la République d'Haïti, taux de référence calculé à l'achat"
2011-05-30,40.3291,1011.pdf,SRC-007,"BRH — Banque de la République d'Haïti, taux de référence calculé à l'achat"
2011-05-31,40.2586,1011.pdf,SRC-007,"BRH — Banque de la République d'Haïti, taux de référence calculé à l'achat"
2011-06-01,40.2687,1011.pdf,SRC-007,"BRH — Banque de la République d'Haïti, taux de référence calculé à l'achat"
2011-06-03,40.2328,1011.pdf,SRC-007,"BRH — Banque de la République d'Haïti, taux de référence calculé à l'achat"
2011-06-06,40.3102,1011.pdf,SRC-007,"BRH — Banque de la République d'Haïti, taux de référence calculé à l'achat"
2011-06-07,40.3241,1011.pdf,SRC-007,"BRH — Banque de la République d'Haïti, taux de référence calculé à l'achat"
2011-06-08,40.2657,1011.pdf,SRC-007,"BRH — Banque de la République d'Haïti, taux de référence calculé à l'achat"
2011-06-09,40.315,1011.pdf,SRC-007,"BRH — Banque de la République d'Haïti, taux de référence calculé à l'achat"
2011-06-10,40.296,1011.pdf,SRC-007,"BRH — Banque de la République d'Haïti, taux de référence calculé à l'achat"
2011-06-13,40.3388,1011.pdf,SRC-007,"BRH — Banque de la République d'Haïti, taux de référence calculé à l'achat"
2011-06-14,40.2632,1011.pdf,SRC-007,"BRH — Banque de la République d'Haïti, taux de référence calculé à l'achat"
2011-06-15,40.2521,1011.pdf,SRC-007,"BRH — Banque de la République d'Haïti, taux de référence calculé à l'achat"
2011-06-16,40.2773,1011.pdf,SRC-007,"BRH — Banque de la République d'Haïti, taux de référence calculé à l'achat"
2011-06-17,40.3177,1011.pdf,SRC-007,"BRH — Banque de la République d'Haïti, taux de référence calculé à l'achat"
2011-06-20,40.3116,1011.pdf,SRC-007,"BRH — Banque de la République d'Haïti, taux de référence calculé à l'achat"
2011-06-21,40.3148,1011.pdf,SRC-007,"BRH — Banque de la République d'Haïti, taux de référence calculé à l'achat"
2011-06-24,40.335,1011.pdf,SRC-007,"BRH — Banque de la République d'Haïti, taux de référence calculé à l'achat"
2011-06-27,40.3098,1011.pdf,SRC-007,"BRH — Banque de la République d'Haïti, taux de référence calculé à l'achat"
2011-06-28,40.3092,1011.pdf,SRC-007,"BRH — Banque de la République d'Haïti, taux de référence calculé à l'achat"
2011-06-29,40.3168,1011.pdf,SRC-007,"BRH — Banque de la République d'Haïti, taux de référence calculé à l'achat"
2011-06-30,40.3239,1011.pdf,SRC-007,"BRH — Banque de la République d'Haïti, taux de référence calculé à l'achat"
2011-07-01,40.3115,1011.pdf,SRC-007,"BRH — Banque de la République d'Haïti, taux de référence calculé à l'achat"
2011-07-04,40.3192,1011.pdf,SRC-007,"BRH — Banque de la République d'Haïti, taux de référence calculé à l'achat"
2011-07-05,40.2977,1011.pdf,SRC-007,"BRH — Banque de la République d'Haïti, taux de référence calculé à l'achat"
2011-07-06,40.3306,1011.pdf,SRC-007,"BRH — Banque de la République d'Haïti, taux de référence calculé à l'achat"
2011-07-07,40.3376,1011.pdf,SRC-007,"BRH — Banque de la République d'Haïti, taux de référence calculé à l'achat"
2011-07-08,40.3472,1011.pdf,SRC-007,"BRH — Banque de la République d'Haïti, taux de référence calculé à l'achat"
2011-07-11,40.3468,1011.pdf,SRC-007,"BRH — Banque de la République d'Haïti, taux de référence calculé à l'achat"
2011-07-12,40.3468,1011.pdf,SRC-007,"BRH — Banque de la République d'Haïti, taux de référence calculé à l'achat"
2011-07-13,40.398,1011.pdf,SRC-007,"BRH — Banque de la République d'Haïti, taux de référence calculé à l'achat"
2011-07-14,40.3687,1011.pdf,SRC-007,"BRH — Banque de la République d'Haïti, taux de référence calculé à l'achat"
2011-07-15,40.3839,1011.pdf,SRC-007,"BRH — Banque de la République d'Haïti, taux de référence calculé à l'achat"
2011-07-18,40.2895,1011.pdf,SRC-007,"BRH — Banque de la République d'Haïti, taux de référence calculé à l'achat"
2011-07-19,40.3655,1011.pdf,SRC-007,"BRH — Banque de la République d'Haïti, taux de référence calculé à l'achat"
2011-07-20,40.3972,1011.pdf,SRC-007,"BRH — Banque de la République d'Haïti, taux de référence calculé à l'achat"
2011-07-21,40.3554,1011.pdf,SRC-007,"BRH — Banque de la République d'Haïti, taux de référence calculé à l'achat"
2011-07-22,40.3122,1011.pdf,SRC-007,"BRH — Banque de la République d'Haïti, taux de référence calculé à l'achat"
2011-07-25,40.3895,1011.pdf,SRC-007,"BRH — Banque de la République d'Haïti, taux de référence calculé à l'achat"
2011-07-26,40.3862,1011.pdf,SRC-007,"BRH — Banque de la République d'Haïti, taux de référence calculé à l'achat"
2011-07-27,40.4107,1011.pdf,SRC-007,"BRH — Banque de la République d'Haïti, taux de référence calculé à l'achat"
2011-07-28,40.4114,1011.pdf,SRC-007,"BRH — Banque de la République d'Haïti, taux de référence calculé à l'achat"
2011-07-29,40.4165,1011.pdf,SRC-007,"BRH — Banque de la République d'Haïti, taux de référence calculé à l'achat"
2011-08-01,40.4528,1011.pdf,SRC-007,"BRH — Banque de la République d'Haïti, taux de référence calculé à l'achat"
2011-08-02,40.464,1011.pdf,SRC-007,"BRH — Banque de la République d'Haïti, taux de référence calculé à l'achat"
2011-08-03,40.4565,1011.pdf,SRC-007,"BRH — Banque de la République d'Haïti, taux de référence calculé à l'achat"
2011-08-05,40.4454,1011.pdf,SRC-007,"BRH — Banque de la République d'Haïti, taux de référence calculé à l'achat"
2011-08-08,40.475,1011.pdf,SRC-007,"BRH — Banque de la République d'Haïti, taux de référence calculé à l'achat"
2011-08-09,40.4911,1011.pdf,SRC-007,"BRH — Banque de la République d'Haïti, taux de référence calculé à l'achat"
2011-08-10,40.5256,1011.pdf,SRC-007,"BRH — Banque de la République d'Haïti, taux de référence calculé à l'achat"
2011-08-11,40.5115,1011.pdf,SRC-007,"BRH — Banque de la République d'Haïti, taux de référence calculé à l'achat"
2011-08-12,40.5024,1011.pdf,SRC-007,"BRH — Banque de la République d'Haïti, taux de référence calculé à l'achat"
2011-08-16,40.4832,1011.pdf,SRC-007,"BRH — Banque de la République d'Haïti, taux de référence calculé à l'achat"
2011-08-17,40.5356,1011.pdf,SRC-007,"BRH — Banque de la République d'Haïti, taux de référence calculé à l'achat"
2011-08-18,40.6124,1011.pdf,SRC-007,"BRH — Banque de la République d'Haïti, taux de référence calculé à l'achat"
2011-08-19,40.5533,1011.pdf,SRC-007,"BRH — Banque de la République d'Haïti, taux de référence calculé à l'achat"
2011-08-22,40.57,1011.pdf,SRC-007,"BRH — Banque de la République d'Haïti, taux de référence calculé à l'achat"
2011-08-23,40.4955,1011.pdf,SRC-007,"BRH — Banque de la République d'Haïti, taux de référence calculé à l'achat"
2011-08-24,40.5981,1011.pdf,SRC-007,"BRH — Banque de la République d'Haïti, taux de référence calculé à l'achat"
2011-08-25,40.6398,1011.pdf,SRC-007,"BRH — Banque de la République d'Haïti, taux de référence calculé à l'achat"
2011-08-26,40.5807,1011.pdf,SRC-007,"BRH — Banque de la République d'Haïti, taux de référence calculé à l'achat"
2011-08-29,40.5686,1011.pdf,SRC-007,"BRH — Banque de la République d'Haïti, taux de référence calculé à l'achat"
2011-08-30,40.5094,1011.pdf,SRC-007,"BRH — Banque de la République d'Haïti, taux de référence calculé à l'achat"
2011-08-31,40.6484,1011.pdf,SRC-007,"BRH — Banque de la République d'Haïti, taux de référence calculé à l'achat"
2011-09-01,40.6275,1011.pdf,SRC-007,"BRH — Banque de la République d'Haïti, taux de référence calculé à l'achat"
2011-09-02,40.6306,1011.pdf,SRC-007,"BRH — Banque de la République d'Haïti, taux de référence calculé à l'achat"
2011-09-05,40.6145,1011.pdf,SRC-007,"BRH — Banque de la République d'Haïti, taux de référence calculé à l'achat"
2011-09-06,40.6208,1011.pdf,SRC-007,"BRH — Banque de la République d'Haïti, taux de référence calculé à l'achat"
2011-09-07,40.5775,1011.pdf,SRC-007,"BRH — Banque de la République d'Haïti, taux de référence calculé à l'achat"
2011-09-08,40.7171,1011.pdf,SRC-007,"BRH — Banque de la République d'Haïti, taux de référence calculé à l'achat"
2011-09-09,40.7501,1011.pdf,SRC-007,"BRH — Banque de la République d'Haïti, taux de référence calculé à l'achat"
2011-09-12,40.7615,1011.pdf,SRC-007,"BRH — Banque de la République d'Haïti, taux de référence calculé à l'achat"
2011-09-13,40.7649,1011.pdf,SRC-007,"BRH — Banque de la République d'Haïti, taux de référence calculé à l'achat"
2011-09-14,40.8178,1011.pdf,SRC-007,"BRH — Banque de la République d'Haïti, taux de référence calculé à l'achat"
2011-09-15,40.7498,1011.pdf,SRC-007,"BRH — Banque de la République d'Haïti, taux de référence calculé à l'achat"
2011-09-16,40.7915,1011.pdf,SRC-007,"BRH — Banque de la République d'Haïti, taux de référence calculé à l'achat"
2011-09-19,40.6947,1011.pdf,SRC-007,"BRH — Banque de la République d'Haïti, taux de référence calculé à l'achat"
2011-09-20,40.8077,1011.pdf,SRC-007,"BRH — Banque de la République d'Haïti, taux de référence calculé à l'achat"
2011-09-21,40.8302,1011.pdf,SRC-007,"BRH — Banque de la République d'Haïti, taux de référence calculé à l'achat"
2011-09-22,40.824,1011.pdf,SRC-007,"BRH — Banque de la République d'Haïti, taux de référence calculé à l'achat"
2011-09-23,40.7087,1011.pdf,SRC-007,"BRH — Banque de la République d'Haïti, taux de référence calculé à l'achat"
2011-09-26,40.7988,1011.pdf,SRC-007,"BRH — Banque de la République d'Haïti, taux de référence calculé à l'achat"
2011-09-27,40.8029,1011.pdf,SRC-007,"BRH — Banque de la République d'Haïti, taux de référence calculé à l'achat"
2011-09-28,40.8486,1011.pdf,SRC-007,"BRH — Banque de la République d'Haïti, taux de référence calculé à l'achat"
2011-09-29,40.8649,1011.pdf,SRC-007,"BRH — Banque de la République d'Haïti, taux de référence calculé à l'achat"
2011-09-30,40.8742,1011.pdf,SRC-007,"BRH — Banque de la République d'Haïti, taux de référence calculé à l'achat"
2011-10-03,40.8435,1112.pdf,SRC-007,"BRH — Banque de la République d'Haïti, taux de référence calculé à l'achat"
2011-10-04,40.8814,1112.pdf,SRC-007,"BRH — Banque de la République d'Haïti, taux de référence calculé à l'achat"
2011-10-05,40.8475,1112.pdf,SRC-007,"BRH — Banque de la République d'Haïti, taux de référence calculé à l'achat"
2011-10-06,40.8126,1112.pdf,SRC-007,"BRH — Banque de la République d'Haïti, taux de référence calculé à l'achat"
2011-10-07,40.862,1112.pdf,SRC-007,"BRH — Banque de la République d'Haïti, taux de référence calculé à l'achat"
2011-10-10,40.8377,1112.pdf,SRC-007,"BRH — Banque de la République d'Haïti, taux de référence calculé à l'achat"
2011-10-11,40.8406,1112.pdf,SRC-007,"BRH — Banque de la République d'Haïti, taux de référence calculé à l'achat"
2011-10-12,40.8979,1112.pdf,SRC-007,"BRH — Banque de la République d'Haïti, taux de référence calculé à l'achat"
2011-10-13,40.9014,1112.pdf,SRC-007,"BRH — Banque de la République d'Haïti, taux de référence calculé à l'achat"
2011-10-14,40.8497,1112.pdf,SRC-007,"BRH — Banque de la République d'Haïti, taux de référence calculé à l'achat"
2011-10-18,40.7867,1112.pdf,SRC-007,"BRH — Banque de la République d'Haïti, taux de référence calculé à l'achat"
2011-10-19,40.8628,1112.pdf,SRC-007,"BRH — Banque de la République d'Haïti, taux de référence calculé à l'achat"
2011-10-20,40.9612,1112.pdf,SRC-007,"BRH — Banque de la République d'Haïti, taux de référence calculé à l'achat"
2011-10-21,40.9284,1112.pdf,SRC-007,"BRH — Banque de la République d'Haïti, taux de référence calculé à l'achat"
2011-10-24,40.8964,1112.pdf,SRC-007,"BRH — Banque de la République d'Haïti, taux de référence calculé à l'achat"
2011-10-25,40.9213,1112.pdf,SRC-007,"BRH — Banque de la République d'Haïti, taux de référence calculé à l'achat"
2011-10-26,40.9162,1112.pdf,SRC-007,"BRH — Banque de la République d'Haïti, taux de référence calculé à l'achat"
2011-10-27,41.0669,1112.pdf,SRC-007,"BRH — Banque de la République d'Haïti, taux de référence calculé à l'achat"
2011-10-28,41.0051,1112.pdf,SRC-007,"BRH — Banque de la République d'Haïti, taux de référence calculé à l'achat"
2011-10-31,41.006,1112.pdf,SRC-007,"BRH — Banque de la République d'Haïti, taux de référence calculé à l'achat"
2011-11-03,40.9416,1112.pdf,SRC-007,"BRH — Banque de la République d'Haïti, taux de référence calculé à l'achat"
2011-11-04,40.9857,1112.pdf,SRC-007,"BRH — Banque de la République d'Haïti, taux de référence calculé à l'achat"
2011-11-07,41.0067,1112.pdf,SRC-007,"BRH — Banque de la République d'Haïti, taux de référence calculé à l'achat"
2011-11-08,41.0144,1112.pdf,SRC-007,"BRH — Banque de la République d'Haïti, taux de référence calculé à l'achat"
2011-11-09,41.0146,1112.pdf,SRC-007,"BRH — Banque de la République d'Haïti, taux de référence calculé à l'achat"
2011-11-10,41.0236,1112.pdf,SRC-007,"BRH — Banque de la République d'Haïti, taux de référence calculé à l'achat"
2011-11-11,41.0885,1112.pdf,SRC-007,"BRH — Banque de la République d'Haïti, taux de référence calculé à l'achat"
2011-11-14,41.041,1112.pdf,SRC-007,"BRH — Banque de la République d'Haïti, taux de référence calculé à l'achat"
2011-11-15,40.9254,1112.pdf,SRC-007,"BRH — Banque de la République d'Haïti, taux de référence calculé à l'achat"
2011-11-16,41.0658,1112.pdf,SRC-007,"BRH — Banque de la République d'Haïti, taux de référence calculé à l'achat"
2011-11-17,41.035,1112.pdf,SRC-007,"BRH — Banque de la République d'Haïti, taux de référence calculé à l'achat"
2011-11-21,40.976,1112.pdf,SRC-007,"BRH — Banque de la République d'Haïti, taux de référence calculé à l'achat"
2011-11-22,41.1053,1112.pdf,SRC-007,"BRH — Banque de la République d'Haïti, taux de référence calculé à l'achat"
2011-11-23,41.1244,1112.pdf,SRC-007,"BRH — Banque de la République d'Haïti, taux de référence calculé à l'achat"
2011-11-24,41.0449,1112.pdf,SRC-007,"BRH — Banque de la République d'Haïti, taux de référence calculé à l'achat"
2011-11-25,41.1476,1112.pdf,SRC-007,"BRH — Banque de la République d'Haïti, taux de référence calculé à l'achat"
2011-11-28,41.117,1112.pdf,SRC-007,"BRH — Banque de la République d'Haïti, taux de référence calculé à l'achat"
2011-11-29,41.1413,1112.pdf,SRC-007,"BRH — Banque de la République d'Haïti, taux de référence calculé à l'achat"
2011-11-30,41.0958,1112.pdf,SRC-007,"BRH — Banque de la République d'Haïti, taux de référence calculé à l'achat"
2011-12-01,41.0247,1112.pdf,SRC-007,"BRH — Banque de la République d'Haïti, taux de référence calculé à l'achat"
2011-12-02,40.9853,1112.pdf,SRC-007,"BRH — Banque de la République d'Haïti, taux de référence calculé à l'achat"
2011-12-05,41.0767,1112.pdf,SRC-007,"BRH — Banque de la République d'Haïti, taux de référence calculé à l'achat"
2011-12-06,41.014,1112.pdf,SRC-007,"BRH — Banque de la République d'Haïti, taux de référence calculé à l'achat"
2011-12-07,41.0529,1112.pdf,SRC-007,"BRH — Banque de la République d'Haïti, taux de référence calculé à l'achat"
2011-12-08,41.1279,1112.pdf,SRC-007,"BRH — Banque de la République d'Haïti, taux de référence calculé à l'achat"
2011-12-09,41.0279,1112.pdf,SRC-007,"BRH — Banque de la République d'Haïti, taux de référence calculé à l'achat"
2011-12-12,41.0738,1112.pdf,SRC-007,"BRH — Banque de la République d'Haïti, taux de référence calculé à l'achat"
2011-12-13,41.0414,1112.pdf,SRC-007,"BRH — Banque de la République d'Haïti, taux de référence calculé à l'achat"
2011-12-14,40.9958,1112.pdf,SRC-007,"BRH — Banque de la République d'Haïti, taux de référence calculé à l'achat"
2011-12-15,40.991,1112.pdf,SRC-007,"BRH — Banque de la République d'Haïti, taux de référence calculé à l'achat"
2011-12-16,41.0199,1112.pdf,SRC-007,"BRH — Banque de la République d'Haïti, taux de référence calculé à l'achat"
2011-12-19,40.9918,1112.pdf,SRC-007,"BRH — Banque de la République d'Haïti, taux de référence calculé à l'achat"
2011-12-20,40.9992,1112.pdf,SRC-007,"BRH — Banque de la République d'Haïti, taux de référence calculé à l'achat"
2011-12-21,40.9964,1112.pdf,SRC-007,"BRH — Banque de la République d'Haïti, taux de référence calculé à l'achat"
2011-12-22,40.9705,1112.pdf,SRC-007,"BRH — Banque de la République d'Haïti, taux de référence calculé à l'achat"
2011-12-23,40.9696,1112.pdf,SRC-007,"BRH — Banque de la République d'Haïti, taux de référence calculé à l'achat"
2011-12-26,40.9669,1112.pdf,SRC-007,"BRH — Banque de la République d'Haïti, taux de référence calculé à l'achat"
2011-12-27,40.9955,1112.pdf,SRC-007,"BRH — Banque de la République d'Haïti, taux de référence calculé à l'achat"
2011-12-28,41.0332,1112.pdf,SRC-007,"BRH — Banque de la République d'Haïti, taux de référence calculé à l'achat"
2011-12-29,40.9775,1112.pdf,SRC-007,"BRH — Banque de la République d'Haïti, taux de référence calculé à l'achat"
2011-12-30,40.9734,1112.pdf,SRC-007,"BRH — Banque de la République d'Haïti, taux de référence calculé à l'achat"
2012-01-03,40.962,1112.pdf,SRC-007,"BRH — Banque de la République d'Haïti, taux de référence calculé à l'achat"
2012-01-04,41.0055,1112.pdf,SRC-007,"BRH — Banque de la République d'Haïti, taux de référence calculé à l'achat"
2012-01-05,41.0359,1112.pdf,SRC-007,"BRH — Banque de la République d'Haïti, taux de référence calculé à l'achat"
2012-01-06,41.0238,1112.pdf,SRC-007,"BRH — Banque de la République d'Haïti, taux de référence calculé à l'achat"
2012-01-09,41.0345,1112.pdf,SRC-007,"BRH — Banque de la République d'Haïti, taux de référence calculé à l'achat"
2012-01-10,41.0774,1112.pdf,SRC-007,"BRH — Banque de la République d'Haïti, taux de référence calculé à l'achat"
2012-01-11,41.1143,1112.pdf,SRC-007,"BRH — Banque de la République d'Haïti, taux de référence calculé à l'achat"
2012-01-13,41.1331,1112.pdf,SRC-007,"BRH — Banque de la République d'Haïti, taux de référence calculé à l'achat"
2012-01-16,41.1903,1112.pdf,SRC-007,"BRH — Banque de la République d'Haïti, taux de référence calculé à l'achat"
2012-01-17,41.0937,1112.pdf,SRC-007,"BRH — Banque de la République d'Haïti, taux de référence calculé à l'achat"
2012-01-18,41.2012,1112.pdf,SRC-007,"BRH — Banque de la République d'Haïti, taux de référence calculé à l'achat"
2012-01-19,41.2425,1112.pdf,SRC-007,"BRH — Banque de la République d'Haïti, taux de référence calculé à l'achat"
2012-01-20,41.2168,1112.pdf,SRC-007,"BRH — Banque de la République d'Haïti, taux de référence calculé à l'achat"
2012-01-23,41.2958,1112.pdf,SRC-007,"BRH — Banque de la République d'Haïti, taux de référence calculé à l'achat"
2012-01-24,41.2251,1112.pdf,SRC-007,"BRH — Banque de la République d'Haïti, taux de référence calculé à l'achat"
2012-01-25,41.266,1112.pdf,SRC-007,"BRH — Banque de la République d'Haïti, taux de référence calculé à l'achat"
2012-01-26,41.3637,1112.pdf,SRC-007,"BRH — Banque de la République d'Haïti, taux de référence calculé à l'achat"
2012-01-27,41.2928,1112.pdf,SRC-007,"BRH — Banque de la République d'Haïti, taux de référence calculé à l'achat"
2012-01-30,41.3609,1112.pdf,SRC-007,"BRH — Banque de la République d'Haïti, taux de référence calculé à l'achat"
2012-01-31,41.3309,1112.pdf,SRC-007,"BRH — Banque de la République d'Haïti, taux de référence calculé à l'achat"
2012-02-01,41.3314,1112.pdf,SRC-007,"BRH — Banque de la République d'Haïti, taux de référence calculé à l'achat"
2012-02-02,41.4097,1112.pdf,SRC-007,"BRH — Banque de la République d'Haïti, taux de référence calculé à l'achat"
2012-02-03,41.3772,1112.pdf,SRC-007,"BRH — Banque de la République d'Haïti, taux de référence calculé à l'achat"
2012-02-06,41.418,1112.pdf,SRC-007,"BRH — Banque de la République d'Haïti, taux de référence calculé à l'achat"
2012-02-07,41.4221,1112.pdf,SRC-007,"BRH — Banque de la République d'Haïti, taux de référence calculé à l'achat"
2012-02-08,41.4308,1112.pdf,SRC-007,"BRH — Banque de la République d'Haïti, taux de référence calculé à l'achat"
2012-02-09,41.3718,1112.pdf,SRC-007,"BRH — Banque de la République d'Haïti, taux de référence calculé à l'achat"
2012-02-10,41.4513,1112.pdf,SRC-007,"BRH — Banque de la République d'Haïti, taux de référence calculé à l'achat"
2012-02-13,41.3649,1112.pdf,SRC-007,"BRH — Banque de la République d'Haïti, taux de référence calculé à l'achat"
2012-02-14,41.4417,1112.pdf,SRC-007,"BRH — Banque de la République d'Haïti, taux de référence calculé à l'achat"
2012-02-15,41.3243,1112.pdf,SRC-007,"BRH — Banque de la République d'Haïti, taux de référence calculé à l'achat"
2012-02-16,41.4458,1112.pdf,SRC-007,"BRH — Banque de la République d'Haïti, taux de référence calculé à l'achat"
2012-02-17,41.4775,1112.pdf,SRC-007,"BRH — Banque de la République d'Haïti, taux de référence calculé à l'achat"
2012-02-23,41.4495,1112.pdf,SRC-007,"BRH — Banque de la République d'Haïti, taux de référence calculé à l'achat"
2012-02-24,41.5078,1112.pdf,SRC-007,"BRH — Banque de la République d'Haïti, taux de référence calculé à l'achat"
2012-02-27,41.5513,1112.pdf,SRC-007,"BRH — Banque de la République d'Haïti, taux de référence calculé à l'achat"
2012-02-28,41.5309,1112.pdf,SRC-007,"BRH — Banque de la République d'Haïti, taux de référence calculé à l'achat"
2012-02-29,41.534,1112.pdf,SRC-007,"BRH — Banque de la République d'Haïti, taux de référence calculé à l'achat"
2012-03-01,41.5528,1112.pdf,SRC-007,"BRH — Banque de la République d'Haïti, taux de référence calculé à l'achat"
2012-03-02,41.5722,1112.pdf,SRC-007,"BRH — Banque de la République d'Haïti, taux de référence calculé à l'achat"
2012-03-05,41.5691,1112.pdf,SRC-007,"BRH — Banque de la République d'Haïti, taux de référence calculé à l'achat"
2012-03-06,41.5694,1112.pdf,SRC-007,"BRH — Banque de la République d'Haïti, taux de référence calculé à l'achat"
2012-03-07,41.6176,1112.pdf,SRC-007,"BRH — Banque de la République d'Haïti, taux de référence calculé à l'achat"
2012-03-08,41.5911,1112.pdf,SRC-007,"BRH — Banque de la République d'Haïti, taux de référence calculé à l'achat"
2012-03-09,41.6049,1112.pdf,SRC-007,"BRH — Banque de la République d'Haïti, taux de référence calculé à l'achat"
2012-03-12,41.595,1112.pdf,SRC-007,"BRH — Banque de la République d'Haïti, taux de référence calculé à l'achat"
2012-03-13,41.5407,1112.pdf,SRC-007,"BRH — Banque de la République d'Haïti, taux de référence calculé à l'achat"
2012-03-14,41.5655,1112.pdf,SRC-007,"BRH — Banque de la République d'Haïti, taux de référence calculé à l'achat"
2012-03-15,41.5796,1112.pdf,SRC-007,"BRH — Banque de la République d'Haïti, taux de référence calculé à l'achat"
2012-03-16,41.5744,1112.pdf,SRC-007,"BRH — Banque de la République d'Haïti, taux de référence calculé à l'achat"
2012-03-19,41.5797,1112.pdf,SRC-007,"BRH — Banque de la République d'Haïti, taux de référence calculé à l'achat"
2012-03-20,41.5512,1112.pdf,SRC-007,"BRH — Banque de la République d'Haïti, taux de référence calculé à l'achat"
2012-03-21,41.5601,1112.pdf,SRC-007,"BRH — Banque de la République d'Haïti, taux de référence calculé à l'achat"
2012-03-22,41.5973,1112.pdf,SRC-007,"BRH — Banque de la République d'Haïti, taux de référence calculé à l'achat"
2012-03-23,41.5845,1112.pdf,SRC-007,"BRH — Banque de la République d'Haïti, taux de référence calculé à l'achat"
2012-03-26,41.5643,1112.pdf,SRC-007,"BRH — Banque de la République d'Haïti, taux de référence calculé à l'achat"
2012-03-27,41.5619,1112.pdf,SRC-007,"BRH — Banque de la République d'Haïti, taux de référence calculé à l'achat"
2012-03-28,41.6224,1112.pdf,SRC-007,"BRH — Banque de la République d'Haïti, taux de référence calculé à l'achat"
2012-03-29,41.5926,1112.pdf,SRC-007,"BRH — Banque de la République d'Haïti, taux de référence calculé à l'achat"
2012-03-30,41.581,1112.pdf,SRC-007,"BRH — Banque de la République d'Haïti, taux de référence calculé à l'achat"
2012-04-02,41.5763,1112.pdf,SRC-007,"BRH — Banque de la République d'Haïti, taux de référence calculé à l'achat"
2012-04-03,41.561,1112.pdf,SRC-007,"BRH — Banque de la République d'Haïti, taux de référence calculé à l'achat"
2012-04-04,41.5934,1112.pdf,SRC-007,"BRH — Banque de la République d'Haïti, taux de référence calculé à l'achat"
2012-04-05,41.5927,1112.pdf,SRC-007,"BRH — Banque de la République d'Haïti, taux de référence calculé à l'achat"
2012-04-09,41.5862,1112.pdf,SRC-007,"BRH — Banque de la République d'Haïti, taux de référence calculé à l'achat"
2012-04-10,41.6153,1112.pdf,SRC-007,"BRH — Banque de la République d'Haïti, taux de référence calculé à l'achat"
2012-04-11,41.6103,1112.pdf,SRC-007,"BRH — Banque de la République d'Haïti, taux de référence calculé à l'achat"
2012-04-12,41.6462,1112.pdf,SRC-007,"BRH — Banque de la République d'Haïti, taux de référence calculé à l'achat"
2012-04-13,41.6147,1112.pdf,SRC-007,"BRH — Banque de la République d'Haïti, taux de référence calculé à l'achat"
2012-04-16,41.5986,1112.pdf,SRC-007,"BRH — Banque de la République d'Haïti, taux de référence calculé à l'achat"
2012-04-17,41.5385,1112.pdf,SRC-007,"BRH — Banque de la République d'Haïti, taux de référence calculé à l'achat"
2012-04-18,41.6384,1112.pdf,SRC-007,"BRH — Banque de la République d'Haïti, taux de référence calculé à l'achat"
2012-04-19,41.6335,1112.pdf,SRC-007,"BRH — Banque de la République d'Haïti, taux de référence calculé à l'achat"
2012-04-20,41.6695,1112.pdf,SRC-007,"BRH — Banque de la République d'Haïti, taux de référence calculé à l'achat"
2012-04-23,41.6238,1112.pdf,SRC-007,"BRH — Banque de la République d'Haïti, taux de référence calculé à l'achat"
2012-04-24,41.6591,1112.pdf,SRC-007,"BRH — Banque de la République d'Haïti, taux de référence calculé à l'achat"
2012-04-25,41.7223,1112.pdf,SRC-007,"BRH — Banque de la République d'Haïti, taux de référence calculé à l'achat"
2012-04-26,41.7408,1112.pdf,SRC-007,"BRH — Banque de la République d'Haïti, taux de référence calculé à l'achat"
2012-04-27,41.7052,1112.pdf,SRC-007,"BRH — Banque de la République d'Haïti, taux de référence calculé à l'achat"
2012-04-30,41.723,1112.pdf,SRC-007,"BRH — Banque de la République d'Haïti, taux de référence calculé à l'achat"
2012-05-02,41.7156,1112.pdf,SRC-007,"BRH — Banque de la République d'Haïti, taux de référence calculé à l'achat"
2012-05-03,41.7299,1112.pdf,SRC-007,"BRH — Banque de la République d'Haïti, taux de référence calculé à l'achat"
2012-05-04,41.7527,1112.pdf,SRC-007,"BRH — Banque de la République d'Haïti, taux de référence calculé à l'achat"
2012-05-07,41.7478,1112.pdf,SRC-007,"BRH — Banque de la République d'Haïti, taux de référence calculé à l'achat"
2012-05-08,41.7904,1112.pdf,SRC-007,"BRH — Banque de la République d'Haïti, taux de référence calculé à l'achat"
2012-05-09,41.7837,1112.pdf,SRC-007,"BRH — Banque de la République d'Haïti, taux de référence calculé à l'achat"
2012-05-10,41.8366,1112.pdf,SRC-007,"BRH — Banque de la République d'Haïti, taux de référence calculé à l'achat"
2012-05-11,41.8095,1112.pdf,SRC-007,"BRH — Banque de la République d'Haïti, taux de référence calculé à l'achat"
2012-05-14,41.8185,1112.pdf,SRC-007,"BRH — Banque de la République d'Haïti, taux de référence calculé à l'achat"
2012-05-15,41.7224,1112.pdf,SRC-007,"BRH — Banque de la République d'Haïti, taux de référence calculé à l'achat"
2012-05-16,41.8123,1112.pdf,SRC-007,"BRH — Banque de la République d'Haïti, taux de référence calculé à l'achat"
2012-05-17,41.8434,1112.pdf,SRC-007,"BRH — Banque de la République d'Haïti, taux de référence calculé à l'achat"
2012-05-21,41.8085,1112.pdf,SRC-007,"BRH — Banque de la République d'Haïti, taux de référence calculé à l'achat"
2012-05-22,41.7529,1112.pdf,SRC-007,"BRH — Banque de la République d'Haïti, taux de référence calculé à l'achat"
2012-05-23,41.8117,1112.pdf,SRC-007,"BRH — Banque de la République d'Haïti, taux de référence calculé à l'achat"
2012-05-24,41.8547,1112.pdf,SRC-007,"BRH — Banque de la République d'Haïti, taux de référence calculé à l'achat"
2012-05-25,41.8325,1112.pdf,SRC-007,"BRH — Banque de la République d'Haïti, taux de référence calculé à l'achat"
2012-05-28,41.8499,1112.pdf,SRC-007,"BRH — Banque de la République d'Haïti, taux de référence calculé à l'achat"
2012-05-29,41.8499,1112.pdf,SRC-007,"BRH — Banque de la République d'Haïti, taux de référence calculé à l'achat"
2012-05-30,41.9231,1112.pdf,SRC-007,"BRH — Banque de la République d'Haïti, taux de référence calculé à l'achat"
2012-05-31,41.9112,1112.pdf,SRC-007,"BRH — Banque de la République d'Haïti, taux de référence calculé à l'achat"
2012-06-01,41.9193,1112.pdf,SRC-007,"BRH — Banque de la République d'Haïti, taux de référence calculé à l'achat"
2012-06-04,41.8894,1112.pdf,SRC-007,"BRH — Banque de la République d'Haïti, taux de référence calculé à l'achat"
2012-06-05,41.9085,1112.pdf,SRC-007,"BRH — Banque de la République d'Haïti, taux de référence calculé à l'achat"
2012-06-06,41.9985,1112.pdf,SRC-007,"BRH — Banque de la République d'Haïti, taux de référence calculé à l'achat"
2012-06-08,41.9571,1112.pdf,SRC-007,"BRH — Banque de la République d'Haïti, taux de référence calculé à l'achat"
2012-06-11,41.9836,1112.pdf,SRC-007,"BRH — Banque de la République d'Haïti, taux de référence calculé à l'achat"
2012-06-12,41.9705,1112.pdf,SRC-007,"BRH — Banque de la République d'Haïti, taux de référence calculé à l'achat"
2012-06-13,41.9348,1112.pdf,SRC-007,"BRH — Banque de la République d'Haïti, taux de référence calculé à l'achat"
2012-06-14,42.0243,1112.pdf,SRC-007,"BRH — Banque de la République d'Haïti, taux de référence calculé à l'achat"
2012-06-15,42.0127,1112.pdf,SRC-007,"BRH — Banque de la République d'Haïti, taux de référence calculé à l'achat"
2012-06-18,42.0442,1112.pdf,SRC-007,"BRH — Banque de la République d'Haïti, taux de référence calculé à l'achat"
2012-06-19,42.0368,1112.pdf,SRC-007,"BRH — Banque de la République d'Haïti, taux de référence calculé à l'achat"
2012-06-20,42.0812,1112.pdf,SRC-007,"BRH — Banque de la République d'Haïti, taux de référence calculé à l'achat"
2012-06-21,41.971,1112.pdf,SRC-007,"BRH — Banque de la République d'Haïti, taux de référence calculé à l'achat"
2012-06-22,42.0758,1112.pdf,SRC-007,"BRH — Banque de la République d'Haïti, taux de référence calculé à l'achat"
2012-06-25,41.9943,1112.pdf,SRC-007,"BRH — Banque de la République d'Haïti, taux de référence calculé à l'achat"
2012-06-26,42.0079,1112.pdf,SRC-007,"BRH — Banque de la République d'Haïti, taux de référence calculé à l'achat"
2012-06-27,42.0304,1112.pdf,SRC-007,"BRH — Banque de la République d'Haïti, taux de référence calculé à l'achat"
2012-06-28,42.0169,1112.pdf,SRC-007,"BRH — Banque de la République d'Haïti, taux de référence calculé à l'achat"
2012-06-29,41.9761,1112.pdf,SRC-007,"BRH — Banque de la République d'Haïti, taux de référence calculé à l'achat"
2012-07-02,41.998,1112.pdf,SRC-007,"BRH — Banque de la République d'Haïti, taux de référence calculé à l'achat"
2012-07-03,42.0206,1112.pdf,SRC-007,"BRH — Banque de la République d'Haïti, taux de référence calculé à l'achat"
2012-07-04,42.0148,1112.pdf,SRC-007,"BRH — Banque de la République d'Haïti, taux de référence calculé à l'achat"
2012-07-05,41.9888,1112.pdf,SRC-007,"BRH — Banque de la République d'Haïti, taux de référence calculé à l'achat"
2012-07-06,42.0025,1112.pdf,SRC-007,"BRH — Banque de la République d'Haïti, taux de référence calculé à l'achat"
2012-07-09,41.9953,1112.pdf,SRC-007,"BRH — Banque de la République d'Haïti, taux de référence calculé à l'achat"
2012-07-10,41.9584,1112.pdf,SRC-007,"BRH — Banque de la République d'Haïti, taux de référence calculé à l'achat"
2012-07-11,41.9778,1112.pdf,SRC-007,"BRH — Banque de la République d'Haïti, taux de référence calculé à l'achat"
2012-07-12,42.0025,1112.pdf,SRC-007,"BRH — Banque de la République d'Haïti, taux de référence calculé à l'achat"
2012-07-13,41.9871,1112.pdf,SRC-007,"BRH — Banque de la République d'Haïti, taux de référence calculé à l'achat"
2012-07-16,41.8827,1112.pdf,SRC-007,"BRH — Banque de la République d'Haïti, taux de référence calculé à l'achat"
2012-07-17,41.9886,1112.pdf,SRC-007,"BRH — Banque de la République d'Haïti, taux de référence calculé à l'achat"
2012-07-18,41.9437,1112.pdf,SRC-007,"BRH — Banque de la République d'Haïti, taux de référence calculé à l'achat"
2012-07-19,42.009,1112.pdf,SRC-007,"BRH — Banque de la République d'Haïti, taux de référence calculé à l'achat"
2012-07-20,42.0326,1112.pdf,SRC-007,"BRH — Banque de la République d'Haïti, taux de référence calculé à l'achat"
2012-07-23,42.0119,1112.pdf,SRC-007,"BRH — Banque de la République d'Haïti, taux de référence calculé à l'achat"
2012-07-24,41.9839,1112.pdf,SRC-007,"BRH — Banque de la République d'Haïti, taux de référence calculé à l'achat"
2012-07-25,42.0143,1112.pdf,SRC-007,"BRH — Banque de la République d'Haïti, taux de référence calculé à l'achat"
2012-07-26,41.9876,1112.pdf,SRC-007,"BRH — Banque de la République d'Haïti, taux de référence calculé à l'achat"
2012-07-27,42.0547,1112.pdf,SRC-007,"BRH — Banque de la République d'Haïti, taux de référence calculé à l'achat"
2012-07-30,42.0188,1112.pdf,SRC-007,"BRH — Banque de la République d'Haïti, taux de référence calculé à l'achat"
2012-08-01,41.9968,1112.pdf,SRC-007,"BRH — Banque de la République d'Haïti, taux de référence calculé à l'achat"
2012-08-02,42.0575,1112.pdf,SRC-007,"BRH — Banque de la République d'Haïti, taux de référence calculé à l'achat"
2012-08-03,42.0624,1112.pdf,SRC-007,"BRH — Banque de la République d'Haïti, taux de référence calculé à l'achat"
2012-08-06,42.049,1112.pdf,SRC-007,"BRH — Banque de la République d'Haïti, taux de référence calculé à l'achat"
2012-08-07,42.0711,1112.pdf,SRC-007,"BRH — Banque de la République d'Haïti, taux de référence calculé à l'achat"
2012-08-08,42.0927,1112.pdf,SRC-007,"BRH — Banque de la République d'Haïti, taux de référence calculé à l'achat"
2012-08-09,42.0793,1112.pdf,SRC-007,"BRH — Banque de la République d'Haïti, taux de référence calculé à l'achat"
2012-08-10,42.1094,1112.pdf,SRC-007,"BRH — Banque de la République d'Haïti, taux de référence calculé à l'achat"
2012-08-13,42.0861,1112.pdf,SRC-007,"BRH — Banque de la République d'Haïti, taux de référence calculé à l'achat"
2012-08-14,42.0526,1112.pdf,SRC-007,"BRH — Banque de la République d'Haïti, taux de référence calculé à l'achat"
2012-08-16,42.1157,1112.pdf,SRC-007,"BRH — Banque de la République d'Haïti, taux de référence calculé à l'achat"
2012-08-17,42.1121,1112.pdf,SRC-007,"BRH — Banque de la République d'Haïti, taux de référence calculé à l'achat"
2012-08-20,42.1448,1112.pdf,SRC-007,"BRH — Banque de la République d'Haïti, taux de référence calculé à l'achat"
2012-08-21,42.1282,1112.pdf,SRC-007,"BRH — Banque de la République d'Haïti, taux de référence calculé à l'achat"
2012-08-22,42.1027,1112.pdf,SRC-007,"BRH — Banque de la République d'Haïti, taux de référence calculé à l'achat"
2012-08-24,42.1295,1112.pdf,SRC-007,"BRH — Banque de la République d'Haïti, taux de référence calculé à l'achat"
2012-08-27,42.176,1112.pdf,SRC-007,"BRH — Banque de la République d'Haïti, taux de référence calculé à l'achat"
2012-08-28,42.1268,1112.pdf,SRC-007,"BRH — Banque de la République d'Haïti, taux de référence calculé à l'achat"
2012-08-29,42.1539,1112.pdf,SRC-007,"BRH — Banque de la République d'Haïti, taux de référence calculé à l'achat"
2012-08-30,42.1923,1112.pdf,SRC-007,"BRH — Banque de la République d'Haïti, taux de référence calculé à l'achat"
2012-08-31,42.1923,1112.pdf,SRC-007,"BRH — Banque de la République d'Haïti, taux de référence calculé à l'achat"
2012-09-03,42.205,1112.pdf,SRC-007,"BRH — Banque de la République d'Haïti, taux de référence calculé à l'achat"
2012-09-04,42.2361,1112.pdf,SRC-007,"BRH — Banque de la République d'Haïti, taux de référence calculé à l'achat"
2012-09-05,42.2219,1112.pdf,SRC-007,"BRH — Banque de la République d'Haïti, taux de référence calculé à l'achat"
2012-09-06,42.2177,1112.pdf,SRC-007,"BRH — Banque de la République d'Haïti, taux de référence calculé à l'achat"
2012-09-07,42.2176,1112.pdf,SRC-007,"BRH — Banque de la République d'Haïti, taux de référence calculé à l'achat"
2012-09-10,42.2149,1112.pdf,SRC-007,"BRH — Banque de la République d'Haïti, taux de référence calculé à l'achat"
2012-09-11,42.257,1112.pdf,SRC-007,"BRH — Banque de la République d'Haïti, taux de référence calculé à l'achat"
2012-09-12,42.2597,1112.pdf,SRC-007,"BRH — Banque de la République d'Haïti, taux de référence calculé à l'achat"
2012-09-13,42.1831,1112.pdf,SRC-007,"BRH — Banque de la République d'Haïti, taux de référence calculé à l'achat"
2012-09-14,42.2667,1112.pdf,SRC-007,"BRH — Banque de la République d'Haïti, taux de référence calculé à l'achat"
2012-09-17,42.2486,1112.pdf,SRC-007,"BRH — Banque de la République d'Haïti, taux de référence calculé à l'achat"
2012-09-18,42.2481,1112.pdf,SRC-007,"BRH — Banque de la République d'Haïti, taux de référence calculé à l'achat"
2012-09-19,42.2545,1112.pdf,SRC-007,"BRH — Banque de la République d'Haïti, taux de référence calculé à l'achat"
2012-09-20,42.2776,1112.pdf,SRC-007,"BRH — Banque de la République d'Haïti, taux de référence calculé à l'achat"
2012-09-21,42.3139,1112.pdf,SRC-007,"BRH — Banque de la République d'Haïti, taux de référence calculé à l'achat"
2012-09-24,42.2636,1112.pdf,SRC-007,"BRH — Banque de la République d'Haïti, taux de référence calculé à l'achat"
2012-09-25,42.3099,1112.pdf,SRC-007,"BRH — Banque de la République d'Haïti, taux de référence calculé à l'achat"
2012-09-26,42.3559,1112.pdf,SRC-007,"BRH — Banque de la République d'Haïti, taux de référence calculé à l'achat"
2012-09-27,42.3387,1112.pdf,SRC-007,"BRH — Banque de la République d'Haïti, taux de référence calculé à l'achat"
2012-09-28,42.3222,1112.pdf,SRC-007,"BRH — Banque de la République d'Haïti, taux de référence calculé à l'achat"
2012-10-01,42.3307,1213.pdf,SRC-007,"BRH — Banque de la République d'Haïti, taux de référence calculé à l'achat"
2012-10-02,42.3395,1213.pdf,SRC-007,"BRH — Banque de la République d'Haïti, taux de référence calculé à l'achat"
2012-10-03,42.3212,1213.pdf,SRC-007,"BRH — Banque de la République d'Haïti, taux de référence calculé à l'achat"
2012-10-04,42.3248,1213.pdf,SRC-007,"BRH — Banque de la République d'Haïti, taux de référence calculé à l'achat"
2012-10-05,42.3289,1213.pdf,SRC-007,"BRH — Banque de la République d'Haïti, taux de référence calculé à l'achat"
2012-10-08,42.3281,1213.pdf,SRC-007,"BRH — Banque de la République d'Haïti, taux de référence calculé à l'achat"
2012-10-09,42.3298,1213.pdf,SRC-007,"BRH — Banque de la République d'Haïti, taux de référence calculé à l'achat"
2012-10-10,42.3063,1213.pdf,SRC-007,"BRH — Banque de la République d'Haïti, taux de référence calculé à l'achat"
2012-10-11,42.3338,1213.pdf,SRC-007,"BRH — Banque de la République d'Haïti, taux de référence calculé à l'achat"
2012-10-12,42.3186,1213.pdf,SRC-007,"BRH — Banque de la République d'Haïti, taux de référence calculé à l'achat"
2012-10-15,42.3314,1213.pdf,SRC-007,"BRH — Banque de la République d'Haïti, taux de référence calculé à l'achat"
2012-10-16,42.2746,1213.pdf,SRC-007,"BRH — Banque de la République d'Haïti, taux de référence calculé à l'achat"
2012-10-18,42.396,1213.pdf,SRC-007,"BRH — Banque de la République d'Haïti, taux de référence calculé à l'achat"
2012-10-19,42.3604,1213.pdf,SRC-007,"BRH — Banque de la République d'Haïti, taux de référence calculé à l'achat"
2012-10-22,42.3879,1213.pdf,SRC-007,"BRH — Banque de la République d'Haïti, taux de référence calculé à l'achat"
2012-10-23,42.4097,1213.pdf,SRC-007,"BRH — Banque de la République d'Haïti, taux de référence calculé à l'achat"
2012-10-24,42.4287,1213.pdf,SRC-007,"BRH — Banque de la République d'Haïti, taux de référence calculé à l'achat"
2012-10-25,42.4183,1213.pdf,SRC-007,"BRH — Banque de la République d'Haïti, taux de référence calculé à l'achat"
2012-10-29,42.4165,1213.pdf,SRC-007,"BRH — Banque de la République d'Haïti, taux de référence calculé à l'achat"
2012-10-30,42.3951,1213.pdf,SRC-007,"BRH — Banque de la République d'Haïti, taux de référence calculé à l'achat"
2012-10-31,42.4121,1213.pdf,SRC-007,"BRH — Banque de la République d'Haïti, taux de référence calculé à l'achat"
2012-11-05,42.4268,1213.pdf,SRC-007,"BRH — Banque de la République d'Haïti, taux de référence calculé à l'achat"
2012-11-06,42.4489,1213.pdf,SRC-007,"BRH — Banque de la République d'Haïti, taux de référence calculé à l'achat"
2012-11-07,42.4877,1213.pdf,SRC-007,"BRH — Banque de la République d'Haïti, taux de référence calculé à l'achat"
2012-11-08,42.4611,1213.pdf,SRC-007,"BRH — Banque de la République d'Haïti, taux de référence calculé à l'achat"
2012-11-09,42.4556,1213.pdf,SRC-007,"BRH — Banque de la République d'Haïti, taux de référence calculé à l'achat"
2012-11-12,42.4599,1213.pdf,SRC-007,"BRH — Banque de la République d'Haïti, taux de référence calculé à l'achat"
2012-11-13,42.365,1213.pdf,SRC-007,"BRH — Banque de la République d'Haïti, taux de référence calculé à l'achat"
2012-11-14,42.476,1213.pdf,SRC-007,"BRH — Banque de la République d'Haïti, taux de référence calculé à l'achat"
2012-11-15,42.5208,1213.pdf,SRC-007,"BRH — Banque de la République d'Haïti, taux de référence calculé à l'achat"
2012-11-16,42.4734,1213.pdf,SRC-007,"BRH — Banque de la République d'Haïti, taux de référence calculé à l'achat"
2012-11-19,42.4621,1213.pdf,SRC-007,"BRH — Banque de la République d'Haïti, taux de référence calculé à l'achat"
2012-11-20,42.5192,1213.pdf,SRC-007,"BRH — Banque de la République d'Haïti, taux de référence calculé à l'achat"
2012-11-21,42.577,1213.pdf,SRC-007,"BRH — Banque de la République d'Haïti, taux de référence calculé à l'achat"
2012-11-22,42.5695,1213.pdf,SRC-007,"BRH — Banque de la République d'Haïti, taux de référence calculé à l'achat"
2012-11-23,42.5269,1213.pdf,SRC-007,"BRH — Banque de la République d'Haïti, taux de référence calculé à l'achat"
2012-11-26,42.5161,1213.pdf,SRC-007,"BRH — Banque de la République d'Haïti, taux de référence calculé à l'achat"
2012-11-27,42.5211,1213.pdf,SRC-007,"BRH — Banque de la République d'Haïti, taux de référence calculé à l'achat"
2012-11-28,42.5672,1213.pdf,SRC-007,"BRH — Banque de la République d'Haïti, taux de référence calculé à l'achat"
2012-11-29,42.5722,1213.pdf,SRC-007,"BRH — Banque de la République d'Haïti, taux de référence calculé à l'achat"
2012-11-30,42.5778,1213.pdf,SRC-007,"BRH — Banque de la République d'Haïti, taux de référence calculé à l'achat"
2012-12-03,42.5561,1213.pdf,SRC-007,"BRH — Banque de la République d'Haïti, taux de référence calculé à l'achat"
2012-12-04,42.5246,1213.pdf,SRC-007,"BRH — Banque de la République d'Haïti, taux de référence calculé à l'achat"
2012-12-05,42.5694,1213.pdf,SRC-007,"BRH — Banque de la République d'Haïti, taux de référence calculé à l'achat"
2012-12-06,42.5687,1213.pdf,SRC-007,"BRH — Banque de la République d'Haïti, taux de référence calculé à l'achat"
2012-12-07,42.5303,1213.pdf,SRC-007,"BRH — Banque de la République d'Haïti, taux de référence calculé à l'achat"
2012-12-10,42.5695,1213.pdf,SRC-007,"BRH — Banque de la République d'Haïti, taux de référence calculé à l'achat"
2012-12-11,42.5519,1213.pdf,SRC-007,"BRH — Banque de la République d'Haïti, taux de référence calculé à l'achat"
2012-12-12,42.5383,1213.pdf,SRC-007,"BRH — Banque de la République d'Haïti, taux de référence calculé à l'achat"
2012-12-13,42.4535,1213.pdf,SRC-007,"BRH — Banque de la République d'Haïti, taux de référence calculé à l'achat"
2012-12-14,42.6073,1213.pdf,SRC-007,"BRH — Banque de la République d'Haïti, taux de référence calculé à l'achat"
2012-12-17,42.5565,1213.pdf,SRC-007,"BRH — Banque de la République d'Haïti, taux de référence calculé à l'achat"
2012-12-18,42.5447,1213.pdf,SRC-007,"BRH — Banque de la République d'Haïti, taux de référence calculé à l'achat"
2012-12-19,42.585,1213.pdf,SRC-007,"BRH — Banque de la République d'Haïti, taux de référence calculé à l'achat"
2012-12-20,42.5941,1213.pdf,SRC-007,"BRH — Banque de la République d'Haïti, taux de référence calculé à l'achat"
2012-12-21,42.6083,1213.pdf,SRC-007,"BRH — Banque de la République d'Haïti, taux de référence calculé à l'achat"
2012-12-24,42.5903,1213.pdf,SRC-007,"BRH — Banque de la République d'Haïti, taux de référence calculé à l'achat"
2012-12-26,42.5829,1213.pdf,SRC-007,"BRH — Banque de la République d'Haïti, taux de référence calculé à l'achat"
2012-12-27,42.5463,1213.pdf,SRC-007,"BRH — Banque de la République d'Haïti, taux de référence calculé à l'achat"
2012-12-28,42.5438,1213.pdf,SRC-007,"BRH — Banque de la République d'Haïti, taux de référence calculé à l'achat"
2012-12-31,42.553,1213.pdf,SRC-007,"BRH — Banque de la République d'Haïti, taux de référence calculé à l'achat"
2013-01-03,42.5429,1213.pdf,SRC-007,"BRH — Banque de la République d'Haïti, taux de référence calculé à l'achat"
2013-01-04,42.5456,1213.pdf,SRC-007,"BRH — Banque de la République d'Haïti, taux de référence calculé à l'achat"
2013-01-07,42.579,1213.pdf,SRC-007,"BRH — Banque de la République d'Haïti, taux de référence calculé à l'achat"
2013-01-08,42.579,1213.pdf,SRC-007,"BRH — Banque de la République d'Haïti, taux de référence calculé à l'achat"
2013-01-09,42.579,1213.pdf,SRC-007,"BRH — Banque de la République d'Haïti, taux de référence calculé à l'achat"
2013-01-10,42.546,1213.pdf,SRC-007,"BRH — Banque de la République d'Haïti, taux de référence calculé à l'achat"
2013-01-11,42.5551,1213.pdf,SRC-007,"BRH — Banque de la République d'Haïti, taux de référence calculé à l'achat"
2013-01-14,42.6043,1213.pdf,SRC-007,"BRH — Banque de la République d'Haïti, taux de référence calculé à l'achat"
2013-01-15,42.624,1213.pdf,SRC-007,"BRH — Banque de la République d'Haïti, taux de référence calculé à l'achat"
2013-01-16,42.6297,1213.pdf,SRC-007,"BRH — Banque de la République d'Haïti, taux de référence calculé à l'achat"
2013-01-17,42.7096,1213.pdf,SRC-007,"BRH — Banque de la République d'Haïti, taux de référence calculé à l'achat"
2013-01-18,42.6801,1213.pdf,SRC-007,"BRH — Banque de la République d'Haïti, taux de référence calculé à l'achat"
2013-01-21,42.6773,1213.pdf,SRC-007,"BRH — Banque de la République d'Haïti, taux de référence calculé à l'achat"
2013-01-22,42.6701,1213.pdf,SRC-007,"BRH — Banque de la République d'Haïti, taux de référence calculé à l'achat"
2013-01-23,42.6503,1213.pdf,SRC-007,"BRH — Banque de la République d'Haïti, taux de référence calculé à l'achat"
2013-01-24,42.6568,1213.pdf,SRC-007,"BRH — Banque de la République d'Haïti, taux de référence calculé à l'achat"
2013-01-25,42.7224,1213.pdf,SRC-007,"BRH — Banque de la République d'Haïti, taux de référence calculé à l'achat"
2013-01-28,42.7361,1213.pdf,SRC-007,"BRH — Banque de la République d'Haïti, taux de référence calculé à l'achat"
2013-01-29,42.7489,1213.pdf,SRC-007,"BRH — Banque de la République d'Haïti, taux de référence calculé à l'achat"
2013-01-30,42.7692,1213.pdf,SRC-007,"BRH — Banque de la République d'Haïti, taux de référence calculé à l'achat"
2013-01-31,42.7534,1213.pdf,SRC-007,"BRH — Banque de la République d'Haïti, taux de référence calculé à l'achat"
2013-02-01,42.7649,1213.pdf,SRC-007,"BRH — Banque de la République d'Haïti, taux de référence calculé à l'achat"
2013-02-04,42.7782,1213.pdf,SRC-007,"BRH — Banque de la République d'Haïti, taux de référence calculé à l'achat"
2013-02-05,42.7839,1213.pdf,SRC-007,"BRH — Banque de la République d'Haïti, taux de référence calculé à l'achat"
2013-02-06,42.8013,1213.pdf,SRC-007,"BRH — Banque de la République d'Haïti, taux de référence calculé à l'achat"
2013-02-07,42.7497,1213.pdf,SRC-007,"BRH — Banque de la République d'Haïti, taux de référence calculé à l'achat"
2013-02-08,42.8043,1213.pdf,SRC-007,"BRH — Banque de la République d'Haïti, taux de référence calculé à l'achat"
2013-02-14,42.7371,1213.pdf,SRC-007,"BRH — Banque de la République d'Haïti, taux de référence calculé à l'achat"
2013-02-15,42.8241,1213.pdf,SRC-007,"BRH — Banque de la République d'Haïti, taux de référence calculé à l'achat"
2013-02-18,42.8593,1213.pdf,SRC-007,"BRH — Banque de la République d'Haïti, taux de référence calculé à l'achat"
2013-02-19,42.8267,1213.pdf,SRC-007,"BRH — Banque de la République d'Haïti, taux de référence calculé à l'achat"
2013-02-20,42.8559,1213.pdf,SRC-007,"BRH — Banque de la République d'Haïti, taux de référence calculé à l'achat"
2013-02-21,42.9116,1213.pdf,SRC-007,"BRH — Banque de la République d'Haïti, taux de référence calculé à l'achat"
2013-02-22,42.8691,1213.pdf,SRC-007,"BRH — Banque de la République d'Haïti, taux de référence calculé à l'achat"
2013-02-25,42.8616,1213.pdf,SRC-007,"BRH — Banque de la République d'Haïti, taux de référence calculé à l'achat"
2013-02-26,42.8787,1213.pdf,SRC-007,"BRH — Banque de la République d'Haïti, taux de référence calculé à l'achat"
2013-02-27,42.9152,1213.pdf,SRC-007,"BRH — Banque de la République d'Haïti, taux de référence calculé à l'achat"
2013-02-28,42.861,1213.pdf,SRC-007,"BRH — Banque de la République d'Haïti, taux de référence calculé à l'achat"
2013-03-01,42.9299,1213.pdf,SRC-007,"BRH — Banque de la République d'Haïti, taux de référence calculé à l'achat"
2013-03-04,42.8708,1213.pdf,SRC-007,"BRH — Banque de la République d'Haïti, taux de référence calculé à l'achat"
2013-03-05,42.8897,1213.pdf,SRC-007,"BRH — Banque de la République d'Haïti, taux de référence calculé à l'achat"
2013-03-06,42.9685,1213.pdf,SRC-007,"BRH — Banque de la République d'Haïti, taux de référence calculé à l'achat"
2013-03-07,42.9264,1213.pdf,SRC-007,"BRH — Banque de la République d'Haïti, taux de référence calculé à l'achat"
2013-03-08,42.9055,1213.pdf,SRC-007,"BRH — Banque de la République d'Haïti, taux de référence calculé à l'achat"
2013-03-11,42.9339,1213.pdf,SRC-007,"BRH — Banque de la République d'Haïti, taux de référence calculé à l'achat"
2013-03-12,42.884,1213.pdf,SRC-007,"BRH — Banque de la République d'Haïti, taux de référence calculé à l'achat"
2013-03-13,42.8375,1213.pdf,SRC-007,"BRH — Banque de la République d'Haïti, taux de référence calculé à l'achat"
2013-03-14,42.9278,1213.pdf,SRC-007,"BRH — Banque de la République d'Haïti, taux de référence calculé à l'achat"
2013-03-15,42.9605,1213.pdf,SRC-007,"BRH — Banque de la République d'Haïti, taux de référence calculé à l'achat"
2013-03-18,42.9285,1213.pdf,SRC-007,"BRH — Banque de la République d'Haïti, taux de référence calculé à l'achat"
2013-03-19,42.9444,1213.pdf,SRC-007,"BRH — Banque de la République d'Haïti, taux de référence calculé à l'achat"
2013-03-20,42.9765,1213.pdf,SRC-007,"BRH — Banque de la République d'Haïti, taux de référence calculé à l'achat"
2013-03-21,42.9493,1213.pdf,SRC-007,"BRH — Banque de la République d'Haïti, taux de référence calculé à l'achat"
2013-03-22,43.0016,1213.pdf,SRC-007,"BRH — Banque de la République d'Haïti, taux de référence calculé à l'achat"
2013-03-25,42.9906,1213.pdf,SRC-007,"BRH — Banque de la République d'Haïti, taux de référence calculé à l'achat"
2013-03-26,42.9861,1213.pdf,SRC-007,"BRH — Banque de la République d'Haïti, taux de référence calculé à l'achat"
2013-03-27,42.9991,1213.pdf,SRC-007,"BRH — Banque de la République d'Haïti, taux de référence calculé à l'achat"
2013-03-28,43.0166,1213.pdf,SRC-007,"BRH — Banque de la République d'Haïti, taux de référence calculé à l'achat"
2013-04-01,42.996,1213.pdf,SRC-007,"BRH — Banque de la République d'Haïti, taux de référence calculé à l'achat"
2013-04-02,43.0829,1213.pdf,SRC-007,"BRH — Banque de la République d'Haïti, taux de référence calculé à l'achat"
2013-04-03,43.087,1213.pdf,SRC-007,"BRH — Banque de la République d'Haïti, taux de référence calculé à l'achat"
2013-04-04,43.0938,1213.pdf,SRC-007,"BRH — Banque de la République d'Haïti, taux de référence calculé à l'achat"
2013-04-05,43.0836,1213.pdf,SRC-007,"BRH — Banque de la République d'Haïti, taux de référence calculé à l'achat"
2013-04-08,43.0724,1213.pdf,SRC-007,"BRH — Banque de la République d'Haïti, taux de référence calculé à l'achat"
2013-04-09,43.074,1213.pdf,SRC-007,"BRH — Banque de la République d'Haïti, taux de référence calculé à l'achat"
2013-04-10,43.114,1213.pdf,SRC-007,"BRH — Banque de la République d'Haïti, taux de référence calculé à l'achat"
2013-04-11,43.0976,1213.pdf,SRC-007,"BRH — Banque de la République d'Haïti, taux de référence calculé à l'achat"
2013-04-12,43.1275,1213.pdf,SRC-007,"BRH — Banque de la République d'Haïti, taux de référence calculé à l'achat"
2013-04-15,43.0861,1213.pdf,SRC-007,"BRH — Banque de la République d'Haïti, taux de référence calculé à l'achat"
2013-04-16,43.2068,1213.pdf,SRC-007,"BRH — Banque de la République d'Haïti, taux de référence calculé à l'achat"
2013-04-17,43.2281,1213.pdf,SRC-007,"BRH — Banque de la République d'Haïti, taux de référence calculé à l'achat"
2013-04-18,43.2309,1213.pdf,SRC-007,"BRH — Banque de la République d'Haïti, taux de référence calculé à l'achat"
2013-04-19,43.2699,1213.pdf,SRC-007,"BRH — Banque de la République d'Haïti, taux de référence calculé à l'achat"
2013-04-22,43.3002,1213.pdf,SRC-007,"BRH — Banque de la République d'Haïti, taux de référence calculé à l'achat"
2013-04-23,43.2754,1213.pdf,SRC-007,"BRH — Banque de la République d'Haïti, taux de référence calculé à l'achat"
2013-04-24,43.3001,1213.pdf,SRC-007,"BRH — Banque de la République d'Haïti, taux de référence calculé à l'achat"
2013-04-25,43.3494,1213.pdf,SRC-007,"BRH — Banque de la République d'Haïti, taux de référence calculé à l'achat"
2013-04-26,43.3275,1213.pdf,SRC-007,"BRH — Banque de la République d'Haïti, taux de référence calculé à l'achat"
2013-04-29,43.2856,1213.pdf,SRC-007,"BRH — Banque de la République d'Haïti, taux de référence calculé à l'achat"
2013-04-30,43.3461,1213.pdf,SRC-007,"BRH — Banque de la République d'Haïti, taux de référence calculé à l'achat"
2013-05-02,43.3732,1213.pdf,SRC-007,"BRH — Banque de la République d'Haïti, taux de référence calculé à l'achat"
2013-05-03,43.4215,1213.pdf,SRC-007,"BRH — Banque de la République d'Haïti, taux de référence calculé à l'achat"
2013-05-06,43.3998,1213.pdf,SRC-007,"BRH — Banque de la République d'Haïti, taux de référence calculé à l'achat"
2013-05-07,43.3998,1213.pdf,SRC-007,"BRH — Banque de la République d'Haïti, taux de référence calculé à l'achat"
2013-05-08,43.5497,1213.pdf,SRC-007,"BRH — Banque de la République d'Haïti, taux de référence calculé à l'achat"
2013-05-09,43.5189,1213.pdf,SRC-007,"BRH — Banque de la République d'Haïti, taux de référence calculé à l'achat"
2013-05-10,43.4936,1213.pdf,SRC-007,"BRH — Banque de la République d'Haïti, taux de référence calculé à l'achat"
2013-05-13,43.4394,1213.pdf,SRC-007,"BRH — Banque de la République d'Haïti, taux de référence calculé à l'achat"
2013-05-14,43.5222,1213.pdf,SRC-007,"BRH — Banque de la République d'Haïti, taux de référence calculé à l'achat"
2013-05-15,43.537,1213.pdf,SRC-007,"BRH — Banque de la République d'Haïti, taux de référence calculé à l'achat"
2013-05-16,43.6055,1213.pdf,SRC-007,"BRH — Banque de la République d'Haïti, taux de référence calculé à l'achat"
2013-05-17,43.6358,1213.pdf,SRC-007,"BRH — Banque de la République d'Haïti, taux de référence calculé à l'achat"
2013-05-20,43.7071,1213.pdf,SRC-007,"BRH — Banque de la République d'Haïti, taux de référence calculé à l'achat"
2013-05-21,43.7403,1213.pdf,SRC-007,"BRH — Banque de la République d'Haïti, taux de référence calculé à l'achat"
2013-05-22,43.6323,1213.pdf,SRC-007,"BRH — Banque de la République d'Haïti, taux de référence calculé à l'achat"
2013-05-23,43.6385,1213.pdf,SRC-007,"BRH — Banque de la République d'Haïti, taux de référence calculé à l'achat"
2013-05-24,43.6823,1213.pdf,SRC-007,"BRH — Banque de la République d'Haïti, taux de référence calculé à l'achat"
2013-05-27,43.6436,1213.pdf,SRC-007,"BRH — Banque de la République d'Haïti, taux de référence calculé à l'achat"
2013-05-28,43.6617,1213.pdf,SRC-007,"BRH — Banque de la République d'Haïti, taux de référence calculé à l'achat"
2013-05-29,43.7196,1213.pdf,SRC-007,"BRH — Banque de la République d'Haïti, taux de référence calculé à l'achat"
2013-05-31,43.6803,1213.pdf,SRC-007,"BRH — Banque de la République d'Haïti, taux de référence calculé à l'achat"
2013-06-03,43.6436,1213.pdf,SRC-007,"BRH — Banque de la République d'Haïti, taux de référence calculé à l'achat"
2013-06-04,43.6717,1213.pdf,SRC-007,"BRH — Banque de la République d'Haïti, taux de référence calculé à l'achat"
2013-06-05,43.7194,1213.pdf,SRC-007,"BRH — Banque de la République d'Haïti, taux de référence calculé à l'achat"
2013-06-06,43.7241,1213.pdf,SRC-007,"BRH — Banque de la République d'Haïti, taux de référence calculé à l'achat"
2013-06-07,43.71,1213.pdf,SRC-007,"BRH — Banque de la République d'Haïti, taux de référence calculé à l'achat"
2013-06-10,43.7008,1213.pdf,SRC-007,"BRH — Banque de la République d'Haïti, taux de référence calculé à l'achat"
2013-06-11,43.7354,1213.pdf,SRC-007,"BRH — Banque de la République d'Haïti, taux de référence calculé à l'achat"
2013-06-12,43.7409,1213.pdf,SRC-007,"BRH — Banque de la République d'Haïti, taux de référence calculé à l'achat"
2013-06-13,43.7271,1213.pdf,SRC-007,"BRH — Banque de la République d'Haïti, taux de référence calculé à l'achat"
2013-06-14,43.7142,1213.pdf,SRC-007,"BRH — Banque de la République d'Haïti, taux de référence calculé à l'achat"
2013-06-17,43.7342,1213.pdf,SRC-007,"BRH — Banque de la République d'Haïti, taux de référence calculé à l'achat"
2013-06-18,43.7181,1213.pdf,SRC-007,"BRH — Banque de la République d'Haïti, taux de référence calculé à l'achat"
2013-06-19,43.7201,1213.pdf,SRC-007,"BRH — Banque de la République d'Haïti, taux de référence calculé à l'achat"
2013-06-20,43.7438,1213.pdf,SRC-007,"BRH — Banque de la République d'Haïti, taux de référence calculé à l'achat"
2013-06-21,43.7283,1213.pdf,SRC-007,"BRH — Banque de la République d'Haïti, taux de référence calculé à l'achat"
2013-06-24,43.7178,1213.pdf,SRC-007,"BRH — Banque de la République d'Haïti, taux de référence calculé à l'achat"
2013-06-25,43.7109,1213.pdf,SRC-007,"BRH — Banque de la République d'Haïti, taux de référence calculé à l'achat"
2013-06-26,43.7823,1213.pdf,SRC-007,"BRH — Banque de la République d'Haïti, taux de référence calculé à l'achat"
2013-06-27,43.7441,1213.pdf,SRC-007,"BRH — Banque de la République d'Haïti, taux de référence calculé à l'achat"
2013-06-28,43.7922,1213.pdf,SRC-007,"BRH — Banque de la République d'Haïti, taux de référence calculé à l'achat"
2013-07-01,43.7532,1213.pdf,SRC-007,"BRH — Banque de la République d'Haïti, taux de référence calculé à l'achat"
2013-07-02,43.7144,1213.pdf,SRC-007,"BRH — Banque de la République d'Haïti, taux de référence calculé à l'achat"
2013-07-03,43.7581,1213.pdf,SRC-007,"BRH — Banque de la République d'Haïti, taux de référence calculé à l'achat"
2013-07-04,43.7751,1213.pdf,SRC-007,"BRH — Banque de la République d'Haïti, taux de référence calculé à l'achat"
2013-07-05,43.7242,1213.pdf,SRC-007,"BRH — Banque de la République d'Haïti, taux de référence calculé à l'achat"
2013-07-08,43.781,1213.pdf,SRC-007,"BRH — Banque de la République d'Haïti, taux de référence calculé à l'achat"
2013-07-09,43.7295,1213.pdf,SRC-007,"BRH — Banque de la République d'Haïti, taux de référence calculé à l'achat"
2013-07-10,43.7524,1213.pdf,SRC-007,"BRH — Banque de la République d'Haïti, taux de référence calculé à l'achat"
2013-07-11,43.8147,1213.pdf,SRC-007,"BRH — Banque de la République d'Haïti, taux de référence calculé à l'achat"
2013-07-12,43.688,1213.pdf,SRC-007,"BRH — Banque de la République d'Haïti, taux de référence calculé à l'achat"
2013-07-15,43.7141,1213.pdf,SRC-007,"BRH — Banque de la République d'Haïti, taux de référence calculé à l'achat"
2013-07-16,43.7472,1213.pdf,SRC-007,"BRH — Banque de la République d'Haïti, taux de référence calculé à l'achat"
2013-07-17,43.7373,1213.pdf,SRC-007,"BRH — Banque de la République d'Haïti, taux de référence calculé à l'achat"
2013-07-18,43.7278,1213.pdf,SRC-007,"BRH — Banque de la République d'Haïti, taux de référence calculé à l'achat"
2013-07-19,43.7639,1213.pdf,SRC-007,"BRH — Banque de la République d'Haïti, taux de référence calculé à l'achat"
2013-07-22,43.747,1213.pdf,SRC-007,"BRH — Banque de la République d'Haïti, taux de référence calculé à l'achat"
2013-07-23,43.7533,1213.pdf,SRC-007,"BRH — Banque de la République d'Haïti, taux de référence calculé à l'achat"
2013-07-24,43.8206,1213.pdf,SRC-007,"BRH — Banque de la République d'Haïti, taux de référence calculé à l'achat"
2013-07-25,43.7633,1213.pdf,SRC-007,"BRH — Banque de la République d'Haïti, taux de référence calculé à l'achat"
2013-07-26,43.785,1213.pdf,SRC-007,"BRH — Banque de la République d'Haïti, taux de référence calculé à l'achat"
2013-07-29,43.7926,1213.pdf,SRC-007,"BRH — Banque de la République d'Haïti, taux de référence calculé à l'achat"
2013-07-31,43.7326,1213.pdf,SRC-007,"BRH — Banque de la République d'Haïti, taux de référence calculé à l'achat"
2013-08-01,43.7608,1213.pdf,SRC-007,"BRH — Banque de la République d'Haïti, taux de référence calculé à l'achat"
2013-08-02,43.7681,1213.pdf,SRC-007,"BRH — Banque de la République d'Haïti, taux de référence calculé à l'achat"
2013-08-05,43.7415,1213.pdf,SRC-007,"BRH — Banque de la République d'Haïti, taux de référence calculé à l'achat"
2013-08-06,43.7798,1213.pdf,SRC-007,"BRH — Banque de la République d'Haïti, taux de référence calculé à l'achat"
2013-08-07,43.7858,1213.pdf,SRC-007,"BRH — Banque de la République d'Haïti, taux de référence calculé à l'achat"
2013-08-08,43.7503,1213.pdf,SRC-007,"BRH — Banque de la République d'Haïti, taux de référence calculé à l'achat"
2013-08-09,43.7854,1213.pdf,SRC-007,"BRH — Banque de la République d'Haïti, taux de référence calculé à l'achat"
2013-08-12,43.7593,1213.pdf,SRC-007,"BRH — Banque de la République d'Haïti, taux de référence calculé à l'achat"
2013-08-13,43.8066,1213.pdf,SRC-007,"BRH — Banque de la République d'Haïti, taux de référence calculé à l'achat"
2013-08-14,43.7241,1213.pdf,SRC-007,"BRH — Banque de la République d'Haïti, taux de référence calculé à l'achat"
2013-08-16,43.7867,1213.pdf,SRC-007,"BRH — Banque de la République d'Haïti, taux de référence calculé à l'achat"
2013-08-19,43.7395,1213.pdf,SRC-007,"BRH — Banque de la République d'Haïti, taux de référence calculé à l'achat"
2013-08-20,43.8028,1213.pdf,SRC-007,"BRH — Banque de la République d'Haïti, taux de référence calculé à l'achat"
2013-08-21,43.7712,1213.pdf,SRC-007,"BRH — Banque de la République d'Haïti, taux de référence calculé à l'achat"
2013-08-22,43.8323,1213.pdf,SRC-007,"BRH — Banque de la République d'Haïti, taux de référence calculé à l'achat"
2013-08-23,43.7586,1213.pdf,SRC-007,"BRH — Banque de la République d'Haïti, taux de référence calculé à l'achat"
2013-08-26,43.7864,1213.pdf,SRC-007,"BRH — Banque de la République d'Haïti, taux de référence calculé à l'achat"
2013-08-27,43.7422,1213.pdf,SRC-007,"BRH — Banque de la République d'Haïti, taux de référence calculé à l'achat"
2013-08-28,43.8296,1213.pdf,SRC-007,"BRH — Banque de la République d'Haïti, taux de référence calculé à l'achat"
2013-08-29,43.789,1213.pdf,SRC-007,"BRH — Banque de la République d'Haïti, taux de référence calculé à l'achat"
2013-08-30,43.7555,1213.pdf,SRC-007,"BRH — Banque de la République d'Haïti, taux de référence calculé à l'achat"
2013-09-02,43.7783,1213.pdf,SRC-007,"BRH — Banque de la République d'Haïti, taux de référence calculé à l'achat"
2013-09-03,43.7413,1213.pdf,SRC-007,"BRH — Banque de la République d'Haïti, taux de référence calculé à l'achat"
2013-09-04,43.7958,1213.pdf,SRC-007,"BRH — Banque de la République d'Haïti, taux de référence calculé à l'achat"
2013-09-05,43.7933,1213.pdf,SRC-007,"BRH — Banque de la République d'Haïti, taux de référence calculé à l'achat"
2013-09-06,43.7384,1213.pdf,SRC-007,"BRH — Banque de la République d'Haïti, taux de référence calculé à l'achat"
2013-09-09,43.7645,1213.pdf,SRC-007,"BRH — Banque de la République d'Haïti, taux de référence calculé à l'achat"
2013-09-10,43.753,1213.pdf,SRC-007,"BRH — Banque de la République d'Haïti, taux de référence calculé à l'achat"
2013-09-11,43.8382,1213.pdf,SRC-007,"BRH — Banque de la République d'Haïti, taux de référence calculé à l'achat"
2013-09-12,43.7778,1213.pdf,SRC-007,"BRH — Banque de la République d'Haïti, taux de référence calculé à l'achat"
2013-09-13,43.7001,1213.pdf,SRC-007,"BRH — Banque de la République d'Haïti, taux de référence calculé à l'achat"
2013-09-16,43.7404,1213.pdf,SRC-007,"BRH — Banque de la République d'Haïti, taux de référence calculé à l'achat"
2013-09-17,43.7745,1213.pdf,SRC-007,"BRH — Banque de la République d'Haïti, taux de référence calculé à l'achat"
2013-09-18,43.7365,1213.pdf,SRC-007,"BRH — Banque de la République d'Haïti, taux de référence calculé à l'achat"
2013-09-19,43.7602,1213.pdf,SRC-007,"BRH — Banque de la République d'Haïti, taux de référence calculé à l'achat"
2013-09-20,43.7461,1213.pdf,SRC-007,"BRH — Banque de la République d'Haïti, taux de référence calculé à l'achat"
2013-09-23,43.7372,1213.pdf,SRC-007,"BRH — Banque de la République d'Haïti, taux de référence calculé à l'achat"
2013-09-24,43.7352,1213.pdf,SRC-007,"BRH — Banque de la République d'Haïti, taux de référence calculé à l'achat"
2013-09-25,43.7748,1213.pdf,SRC-007,"BRH — Banque de la République d'Haïti, taux de référence calculé à l'achat"
2013-09-26,43.7521,1213.pdf,SRC-007,"BRH — Banque de la République d'Haïti, taux de référence calculé à l'achat"
2013-09-27,43.7575,1213.pdf,SRC-007,"BRH — Banque de la République d'Haïti, taux de référence calculé à l'achat"
2013-09-30,43.7429,1213.pdf,SRC-007,"BRH — Banque de la République d'Haïti, taux de référence calculé à l'achat"
2013-10-01,43.7591,1314.pdf,SRC-007,"BRH — Banque de la République d'Haïti, taux de référence calculé à l'achat"
2013-10-02,43.8456,1314.pdf,SRC-007,"BRH — Banque de la République d'Haïti, taux de référence calculé à l'achat"
2013-10-03,43.78,1314.pdf,SRC-007,"BRH — Banque de la République d'Haïti, taux de référence calculé à l'achat"
2013-10-04,43.7797,1314.pdf,SRC-007,"BRH — Banque de la République d'Haïti, taux de référence calculé à l'achat"
2013-10-07,43.7566,1314.pdf,SRC-007,"BRH — Banque de la République d'Haïti, taux de référence calculé à l'achat"
2013-10-08,43.8004,1314.pdf,SRC-007,"BRH — Banque de la République d'Haïti, taux de référence calculé à l'achat"
2013-10-09,43.7183,1314.pdf,SRC-007,"BRH — Banque de la République d'Haïti, taux de référence calculé à l'achat"
2013-10-10,43.731,1314.pdf,SRC-007,"BRH — Banque de la République d'Haïti, taux de référence calculé à l'achat"
2013-10-11,43.7933,1314.pdf,SRC-007,"BRH — Banque de la République d'Haïti, taux de référence calculé à l'achat"
2013-10-14,43.8014,1314.pdf,SRC-007,"BRH — Banque de la République d'Haïti, taux de référence calculé à l'achat"
2013-10-15,43.7398,1314.pdf,SRC-007,"BRH — Banque de la République d'Haïti, taux de référence calculé à l'achat"
2013-10-16,43.7754,1314.pdf,SRC-007,"BRH — Banque de la République d'Haïti, taux de référence calculé à l'achat"
2013-10-18,43.7649,1314.pdf,SRC-007,"BRH — Banque de la République d'Haïti, taux de référence calculé à l'achat"
2013-10-21,43.7712,1314.pdf,SRC-007,"BRH — Banque de la République d'Haïti, taux de référence calculé à l'achat"
2013-10-22,43.7912,1314.pdf,SRC-007,"BRH — Banque de la République d'Haïti, taux de référence calculé à l'achat"
2013-10-23,43.7791,1314.pdf,SRC-007,"BRH — Banque de la République d'Haïti, taux de référence calculé à l'achat"
2013-10-24,43.7338,1314.pdf,SRC-007,"BRH — Banque de la République d'Haïti, taux de référence calculé à l'achat"
2013-10-25,43.7976,1314.pdf,SRC-007,"BRH — Banque de la République d'Haïti, taux de référence calculé à l'achat"
2013-10-28,43.7559,1314.pdf,SRC-007,"BRH — Banque de la République d'Haïti, taux de référence calculé à l'achat"
2013-10-29,43.7916,1314.pdf,SRC-007,"BRH — Banque de la République d'Haïti, taux de référence calculé à l'achat"
2013-10-30,43.7622,1314.pdf,SRC-007,"BRH — Banque de la République d'Haïti, taux de référence calculé à l'achat"
2013-10-31,43.808,1314.pdf,SRC-007,"BRH — Banque de la République d'Haïti, taux de référence calculé à l'achat"
2013-11-04,43.7669,1314.pdf,SRC-007,"BRH — Banque de la République d'Haïti, taux de référence calculé à l'achat"
2013-11-05,43.7405,1314.pdf,SRC-007,"BRH — Banque de la République d'Haïti, taux de référence calculé à l'achat"
2013-11-06,43.7864,1314.pdf,SRC-007,"BRH — Banque de la République d'Haïti, taux de référence calculé à l'achat"
2013-11-07,43.7974,1314.pdf,SRC-007,"BRH — Banque de la République d'Haïti, taux de référence calculé à l'achat"
2013-11-08,43.7831,1314.pdf,SRC-007,"BRH — Banque de la République d'Haïti, taux de référence calculé à l'achat"
2013-11-11,43.7851,1314.pdf,SRC-007,"BRH — Banque de la République d'Haïti, taux de référence calculé à l'achat"
2013-11-12,43.8084,1314.pdf,SRC-007,"BRH — Banque de la République d'Haïti, taux de référence calculé à l'achat"
2013-11-13,43.7825,1314.pdf,SRC-007,"BRH — Banque de la République d'Haïti, taux de référence calculé à l'achat"
2013-11-14,43.7937,1314.pdf,SRC-007,"BRH — Banque de la République d'Haïti, taux de référence calculé à l'achat"
2013-11-15,43.7047,1314.pdf,SRC-007,"BRH — Banque de la République d'Haïti, taux de référence calculé à l'achat"
2013-11-19,43.8002,1314.pdf,SRC-007,"BRH — Banque de la République d'Haïti, taux de référence calculé à l'achat"
2013-11-20,43.8403,1314.pdf,SRC-007,"BRH — Banque de la République d'Haïti, taux de référence calculé à l'achat"
2013-11-21,43.8386,1314.pdf,SRC-007,"BRH — Banque de la République d'Haïti, taux de référence calculé à l'achat"
2013-11-22,43.8894,1314.pdf,SRC-007,"BRH — Banque de la République d'Haïti, taux de référence calculé à l'achat"
2013-11-25,43.8677,1314.pdf,SRC-007,"BRH — Banque de la République d'Haïti, taux de référence calculé à l'achat"
2013-11-26,43.8176,1314.pdf,SRC-007,"BRH — Banque de la République d'Haïti, taux de référence calculé à l'achat"
2013-11-27,43.8303,1314.pdf,SRC-007,"BRH — Banque de la République d'Haïti, taux de référence calculé à l'achat"
2013-11-28,43.8247,1314.pdf,SRC-007,"BRH — Banque de la République d'Haïti, taux de référence calculé à l'achat"
2013-11-29,43.8496,1314.pdf,SRC-007,"BRH — Banque de la République d'Haïti, taux de référence calculé à l'achat"
2013-12-02,43.8544,1314.pdf,SRC-007,"BRH — Banque de la République d'Haïti, taux de référence calculé à l'achat"
2013-12-03,43.8188,1314.pdf,SRC-007,"BRH — Banque de la République d'Haïti, taux de référence calculé à l'achat"
2013-12-04,43.8795,1314.pdf,SRC-007,"BRH — Banque de la République d'Haïti, taux de référence calculé à l'achat"
2013-12-05,43.9138,1314.pdf,SRC-007,"BRH — Banque de la République d'Haïti, taux de référence calculé à l'achat"
2013-12-06,43.8749,1314.pdf,SRC-007,"BRH — Banque de la République d'Haïti, taux de référence calculé à l'achat"
2013-12-09,43.8687,1314.pdf,SRC-007,"BRH — Banque de la République d'Haïti, taux de référence calculé à l'achat"
2013-12-10,43.8396,1314.pdf,SRC-007,"BRH — Banque de la République d'Haïti, taux de référence calculé à l'achat"
2013-12-11,43.907,1314.pdf,SRC-007,"BRH — Banque de la République d'Haïti, taux de référence calculé à l'achat"
2013-12-12,43.8758,1314.pdf,SRC-007,"BRH — Banque de la République d'Haïti, taux de référence calculé à l'achat"
2013-12-13,43.8847,1314.pdf,SRC-007,"BRH — Banque de la République d'Haïti, taux de référence calculé à l'achat"
2013-12-16,43.889,1314.pdf,SRC-007,"BRH — Banque de la République d'Haïti, taux de référence calculé à l'achat"
2013-12-17,43.9042,1314.pdf,SRC-007,"BRH — Banque de la République d'Haïti, taux de référence calculé à l'achat"
2013-12-18,43.8976,1314.pdf,SRC-007,"BRH — Banque de la République d'Haïti, taux de référence calculé à l'achat"
2013-12-19,43.919,1314.pdf,SRC-007,"BRH — Banque de la République d'Haïti, taux de référence calculé à l'achat"
2013-12-20,43.9112,1314.pdf,SRC-007,"BRH — Banque de la République d'Haïti, taux de référence calculé à l'achat"
2013-12-23,43.9529,1314.pdf,SRC-007,"BRH — Banque de la République d'Haïti, taux de référence calculé à l'achat"
2013-12-24,43.8971,1314.pdf,SRC-007,"BRH — Banque de la République d'Haïti, taux de référence calculé à l'achat"
2013-12-26,43.8797,1314.pdf,SRC-007,"BRH — Banque de la République d'Haïti, taux de référence calculé à l'achat"
2013-12-27,43.8825,1314.pdf,SRC-007,"BRH — Banque de la République d'Haïti, taux de référence calculé à l'achat"
2013-12-30,43.8795,1314.pdf,SRC-007,"BRH — Banque de la République d'Haïti, taux de référence calculé à l'achat"
2013-12-31,43.882,1314.pdf,SRC-007,"BRH — Banque de la République d'Haïti, taux de référence calculé à l'achat"
2014-01-03,43.8939,1314.pdf,SRC-007,"BRH — Banque de la République d'Haïti, taux de référence calculé à l'achat"
2014-01-06,43.893,1314.pdf,SRC-007,"BRH — Banque de la République d'Haïti, taux de référence calculé à l'achat"
2014-01-07,43.8807,1314.pdf,SRC-007,"BRH — Banque de la République d'Haïti, taux de référence calculé à l'achat"
2014-01-08,43.8524,1314.pdf,SRC-007,"BRH — Banque de la République d'Haïti, taux de référence calculé à l'achat"
2014-01-09,43.9378,1314.pdf,SRC-007,"BRH — Banque de la République d'Haïti, taux de référence calculé à l'achat"
2014-01-10,43.8727,1314.pdf,SRC-007,"BRH — Banque de la République d'Haïti, taux de référence calculé à l'achat"
2014-01-13,43.9172,1314.pdf,SRC-007,"BRH — Banque de la République d'Haïti, taux de référence calculé à l'achat"
2014-01-14,43.8872,1314.pdf,SRC-007,"BRH — Banque de la République d'Haïti, taux de référence calculé à l'achat"
2014-01-15,43.8669,1314.pdf,SRC-007,"BRH — Banque de la République d'Haïti, taux de référence calculé à l'achat"
2014-01-16,43.8711,1314.pdf,SRC-007,"BRH — Banque de la République d'Haïti, taux de référence calculé à l'achat"
2014-01-17,43.8983,1314.pdf,SRC-007,"BRH — Banque de la République d'Haïti, taux de référence calculé à l'achat"
2014-01-20,43.8888,1314.pdf,SRC-007,"BRH — Banque de la République d'Haïti, taux de référence calculé à l'achat"
2014-01-21,43.8764,1314.pdf,SRC-007,"BRH — Banque de la République d'Haïti, taux de référence calculé à l'achat"
2014-01-22,43.9102,1314.pdf,SRC-007,"BRH — Banque de la République d'Haïti, taux de référence calculé à l'achat"
2014-01-23,43.9061,1314.pdf,SRC-007,"BRH — Banque de la République d'Haïti, taux de référence calculé à l'achat"
2014-01-24,43.9216,1314.pdf,SRC-007,"BRH — Banque de la République d'Haïti, taux de référence calculé à l'achat"
2014-01-27,43.9403,1314.pdf,SRC-007,"BRH — Banque de la République d'Haïti, taux de référence calculé à l'achat"
2014-01-28,43.9337,1314.pdf,SRC-007,"BRH — Banque de la République d'Haïti, taux de référence calculé à l'achat"
2014-01-29,43.7429,1314.pdf,SRC-007,"BRH — Banque de la République d'Haïti, taux de référence calculé à l'achat"
2014-01-30,43.9813,1314.pdf,SRC-007,"BRH — Banque de la République d'Haïti, taux de référence calculé à l'achat"
2014-01-31,44.0151,1314.pdf,SRC-007,"BRH — Banque de la République d'Haïti, taux de référence calculé à l'achat"
2014-02-03,44.0178,1314.pdf,SRC-007,"BRH — Banque de la République d'Haïti, taux de référence calculé à l'achat"
2014-02-04,43.9929,1314.pdf,SRC-007,"BRH — Banque de la République d'Haïti, taux de référence calculé à l'achat"
2014-02-05,44.0815,1314.pdf,SRC-007,"BRH — Banque de la République d'Haïti, taux de référence calculé à l'achat"
2014-02-06,44.0404,1314.pdf,SRC-007,"BRH — Banque de la République d'Haïti, taux de référence calculé à l'achat"
2014-02-07,44.0732,1314.pdf,SRC-007,"BRH — Banque de la République d'Haïti, taux de référence calculé à l'achat"
2014-02-10,44.0736,1314.pdf,SRC-007,"BRH — Banque de la République d'Haïti, taux de référence calculé à l'achat"
2014-02-11,43.981,1314.pdf,SRC-007,"BRH — Banque de la République d'Haïti, taux de référence calculé à l'achat"
2014-02-12,44.0952,1314.pdf,SRC-007,"BRH — Banque de la République d'Haïti, taux de référence calculé à l'achat"
2014-02-13,44.1366,1314.pdf,SRC-007,"BRH — Banque de la République d'Haïti, taux de référence calculé à l'achat"
2014-02-14,44.1432,1314.pdf,SRC-007,"BRH — Banque de la République d'Haïti, taux de référence calculé à l'achat"
2014-02-17,44.159,1314.pdf,SRC-007,"BRH — Banque de la République d'Haïti, taux de référence calculé à l'achat"
2014-02-18,44.1565,1314.pdf,SRC-007,"BRH — Banque de la République d'Haïti, taux de référence calculé à l'achat"
2014-02-19,44.2125,1314.pdf,SRC-007,"BRH — Banque de la République d'Haïti, taux de référence calculé à l'achat"
2014-02-20,44.2076,1314.pdf,SRC-007,"BRH — Banque de la République d'Haïti, taux de référence calculé à l'achat"
2014-02-21,44.1156,1314.pdf,SRC-007,"BRH — Banque de la République d'Haïti, taux de référence calculé à l'achat"
2014-02-24,44.249,1314.pdf,SRC-007,"BRH — Banque de la République d'Haïti, taux de référence calculé à l'achat"
2014-02-25,44.254,1314.pdf,SRC-007,"BRH — Banque de la République d'Haïti, taux de référence calculé à l'achat"
2014-02-26,44.29,1314.pdf,SRC-007,"BRH — Banque de la République d'Haïti, taux de référence calculé à l'achat"
2014-02-27,44.34,1314.pdf,SRC-007,"BRH — Banque de la République d'Haïti, taux de référence calculé à l'achat"
2014-02-28,44.3479,1314.pdf,SRC-007,"BRH — Banque de la République d'Haïti, taux de référence calculé à l'achat"
2014-03-03,44.343,1314.pdf,SRC-007,"BRH — Banque de la République d'Haïti, taux de référence calculé à l'achat"
2014-03-06,44.3278,1314.pdf,SRC-007,"BRH — Banque de la République d'Haïti, taux de référence calculé à l'achat"
2014-03-07,44.4113,1314.pdf,SRC-007,"BRH — Banque de la République d'Haïti, taux de référence calculé à l'achat"
2014-03-10,44.364,1314.pdf,SRC-007,"BRH — Banque de la République d'Haïti, taux de référence calculé à l'achat"
2014-03-11,44.3081,1314.pdf,SRC-007,"BRH — Banque de la République d'Haïti, taux de référence calculé à l'achat"
2014-03-12,44.3345,1314.pdf,SRC-007,"BRH — Banque de la République d'Haïti, taux de référence calculé à l'achat"
2014-03-13,44.4335,1314.pdf,SRC-007,"BRH — Banque de la République d'Haïti, taux de référence calculé à l'achat"
2014-03-14,44.467,1314.pdf,SRC-007,"BRH — Banque de la République d'Haïti, taux de référence calculé à l'achat"
2014-03-17,44.5121,1314.pdf,SRC-007,"BRH — Banque de la République d'Haïti, taux de référence calculé à l'achat"
2014-03-18,44.5298,1314.pdf,SRC-007,"BRH — Banque de la République d'Haïti, taux de référence calculé à l'achat"
2014-03-19,44.5462,1314.pdf,SRC-007,"BRH — Banque de la République d'Haïti, taux de référence calculé à l'achat"
2014-03-20,44.6002,1314.pdf,SRC-007,"BRH — Banque de la République d'Haïti, taux de référence calculé à l'achat"
2014-03-21,44.5804,1314.pdf,SRC-007,"BRH — Banque de la République d'Haïti, taux de référence calculé à l'achat"
2014-03-24,44.5811,1314.pdf,SRC-007,"BRH — Banque de la République d'Haïti, taux de référence calculé à l'achat"
2014-03-25,44.5756,1314.pdf,SRC-007,"BRH — Banque de la République d'Haïti, taux de référence calculé à l'achat"
2014-03-26,44.6583,1314.pdf,SRC-007,"BRH — Banque de la République d'Haïti, taux de référence calculé à l'achat"
2014-03-27,44.7112,1314.pdf,SRC-007,"BRH — Banque de la République d'Haïti, taux de référence calculé à l'achat"
2014-03-28,44.7412,1314.pdf,SRC-007,"BRH — Banque de la République d'Haïti, taux de référence calculé à l'achat"
2014-03-31,44.7062,1314.pdf,SRC-007,"BRH — Banque de la République d'Haïti, taux de référence calculé à l'achat"
2014-04-01,44.7678,1314.pdf,SRC-007,"BRH — Banque de la République d'Haïti, taux de référence calculé à l'achat"
2014-04-02,44.7242,1314.pdf,SRC-007,"BRH — Banque de la République d'Haïti, taux de référence calculé à l'achat"
2014-04-03,44.7623,1314.pdf,SRC-007,"BRH — Banque de la République d'Haïti, taux de référence calculé à l'achat"
2014-04-04,44.7216,1314.pdf,SRC-007,"BRH — Banque de la République d'Haïti, taux de référence calculé à l'achat"
2014-04-07,44.7745,1314.pdf,SRC-007,"BRH — Banque de la République d'Haïti, taux de référence calculé à l'achat"
2014-04-08,44.7211,1314.pdf,SRC-007,"BRH — Banque de la République d'Haïti, taux de référence calculé à l'achat"
2014-04-09,44.6925,1314.pdf,SRC-007,"BRH — Banque de la République d'Haïti, taux de référence calculé à l'achat"
2014-04-10,44.7752,1314.pdf,SRC-007,"BRH — Banque de la République d'Haïti, taux de référence calculé à l'achat"
2014-04-11,44.8135,1314.pdf,SRC-007,"BRH — Banque de la République d'Haïti, taux de référence calculé à l'achat"
2014-04-14,44.8105,1314.pdf,SRC-007,"BRH — Banque de la République d'Haïti, taux de référence calculé à l'achat"
2014-04-15,44.8341,1314.pdf,SRC-007,"BRH — Banque de la République d'Haïti, taux de référence calculé à l'achat"
2014-04-16,44.8213,1314.pdf,SRC-007,"BRH — Banque de la République d'Haïti, taux de référence calculé à l'achat"
2014-04-17,44.892,1314.pdf,SRC-007,"BRH — Banque de la République d'Haïti, taux de référence calculé à l'achat"
2014-04-21,44.8204,1314.pdf,SRC-007,"BRH — Banque de la République d'Haïti, taux de référence calculé à l'achat"
2014-04-22,44.8915,1314.pdf,SRC-007,"BRH — Banque de la République d'Haïti, taux de référence calculé à l'achat"
2014-04-23,44.9785,1314.pdf,SRC-007,"BRH — Banque de la République d'Haïti, taux de référence calculé à l'achat"
2014-04-24,44.9641,1314.pdf,SRC-007,"BRH — Banque de la République d'Haïti, taux de référence calculé à l'achat"
2014-04-25,45.0088,1314.pdf,SRC-007,"BRH — Banque de la République d'Haïti, taux de référence calculé à l'achat"
2014-04-28,44.9705,1314.pdf,SRC-007,"BRH — Banque de la République d'Haïti, taux de référence calculé à l'achat"
2014-04-29,44.9606,1314.pdf,SRC-007,"BRH — Banque de la République d'Haïti, taux de référence calculé à l'achat"
2014-04-30,44.9934,1314.pdf,SRC-007,"BRH — Banque de la République d'Haïti, taux de référence calculé à l'achat"
2014-05-02,44.9857,1314.pdf,SRC-007,"BRH — Banque de la République d'Haïti, taux de référence calculé à l'achat"
2014-05-05,45.0129,1314.pdf,SRC-007,"BRH — Banque de la République d'Haïti, taux de référence calculé à l'achat"
2014-05-06,45.0399,1314.pdf,SRC-007,"BRH — Banque de la République d'Haïti, taux de référence calculé à l'achat"
2014-05-07,45.0509,1314.pdf,SRC-007,"BRH — Banque de la République d'Haïti, taux de référence calculé à l'achat"
2014-05-08,45.1471,1314.pdf,SRC-007,"BRH — Banque de la République d'Haïti, taux de référence calculé à l'achat"
2014-05-09,45.1622,1314.pdf,SRC-007,"BRH — Banque de la République d'Haïti, taux de référence calculé à l'achat"
2014-05-12,45.0853,1314.pdf,SRC-007,"BRH — Banque de la République d'Haïti, taux de référence calculé à l'achat"
2014-05-13,45.1267,1314.pdf,SRC-007,"BRH — Banque de la République d'Haïti, taux de référence calculé à l'achat"
2014-05-14,45.1016,1314.pdf,SRC-007,"BRH — Banque de la République d'Haïti, taux de référence calculé à l'achat"
2014-05-15,45.1993,1314.pdf,SRC-007,"BRH — Banque de la République d'Haïti, taux de référence calculé à l'achat"
2014-05-16,45.2432,1314.pdf,SRC-007,"BRH — Banque de la République d'Haïti, taux de référence calculé à l'achat"
2014-05-19,45.2389,1314.pdf,SRC-007,"BRH — Banque de la République d'Haïti, taux de référence calculé à l'achat"
2014-05-20,45.2843,1314.pdf,SRC-007,"BRH — Banque de la République d'Haïti, taux de référence calculé à l'achat"
2014-05-21,45.296,1314.pdf,SRC-007,"BRH — Banque de la République d'Haïti, taux de référence calculé à l'achat"
2014-05-22,45.2569,1314.pdf,SRC-007,"BRH — Banque de la République d'Haïti, taux de référence calculé à l'achat"
2014-05-23,45.2874,1314.pdf,SRC-007,"BRH — Banque de la République d'Haïti, taux de référence calculé à l'achat"
2014-05-26,45.279,1314.pdf,SRC-007,"BRH — Banque de la République d'Haïti, taux de référence calculé à l'achat"
2014-05-27,45.3044,1314.pdf,SRC-007,"BRH — Banque de la République d'Haïti, taux de référence calculé à l'achat"
2014-05-28,45.3236,1314.pdf,SRC-007,"BRH — Banque de la République d'Haïti, taux de référence calculé à l'achat"
2014-05-29,45.2915,1314.pdf,SRC-007,"BRH — Banque de la République d'Haïti, taux de référence calculé à l'achat"
2014-05-30,45.3551,1314.pdf,SRC-007,"BRH — Banque de la République d'Haïti, taux de référence calculé à l'achat"
2014-06-02,45.3595,1314.pdf,SRC-007,"BRH — Banque de la République d'Haïti, taux de référence calculé à l'achat"
2014-06-03,45.2925,1314.pdf,SRC-007,"BRH — Banque de la République d'Haïti, taux de référence calculé à l'achat"
2014-06-04,45.3419,1314.pdf,SRC-007,"BRH — Banque de la République d'Haïti, taux de référence calculé à l'achat"
2014-06-05,45.3242,1314.pdf,SRC-007,"BRH — Banque de la République d'Haïti, taux de référence calculé à l'achat"
2014-06-06,45.3453,1314.pdf,SRC-007,"BRH — Banque de la République d'Haïti, taux de référence calculé à l'achat"
2014-06-09,45.3331,1314.pdf,SRC-007,"BRH — Banque de la République d'Haïti, taux de référence calculé à l'achat"
2014-06-10,45.3408,1314.pdf,SRC-007,"BRH — Banque de la République d'Haïti, taux de référence calculé à l'achat"
2014-06-11,45.2453,1314.pdf,SRC-007,"BRH — Banque de la République d'Haïti, taux de référence calculé à l'achat"
2014-06-12,45.341,1314.pdf,SRC-007,"BRH — Banque de la République d'Haïti, taux de référence calculé à l'achat"
2014-06-13,45.349,1314.pdf,SRC-007,"BRH — Banque de la République d'Haïti, taux de référence calculé à l'achat"
2014-06-16,45.3079,1314.pdf,SRC-007,"BRH — Banque de la République d'Haïti, taux de référence calculé à l'achat"
2014-06-17,45.3241,1314.pdf,SRC-007,"BRH — Banque de la République d'Haïti, taux de référence calculé à l'achat"
2014-06-18,45.3144,1314.pdf,SRC-007,"BRH — Banque de la République d'Haïti, taux de référence calculé à l'achat"
2014-06-20,45.3483,1314.pdf,SRC-007,"BRH — Banque de la République d'Haïti, taux de référence calculé à l'achat"
2014-06-23,45.3113,1314.pdf,SRC-007,"BRH — Banque de la République d'Haïti, taux de référence calculé à l'achat"
2014-06-24,45.3336,1314.pdf,SRC-007,"BRH — Banque de la République d'Haïti, taux de référence calculé à l'achat"
2014-06-25,45.335,1314.pdf,SRC-007,"BRH — Banque de la République d'Haïti, taux de référence calculé à l'achat"
2014-06-26,45.3137,1314.pdf,SRC-007,"BRH — Banque de la République d'Haïti, taux de référence calculé à l'achat"
2014-06-27,45.3269,1314.pdf,SRC-007,"BRH — Banque de la République d'Haïti, taux de référence calculé à l'achat"
2014-06-30,45.3399,1314.pdf,SRC-007,"BRH — Banque de la République d'Haïti, taux de référence calculé à l'achat"
2014-07-01,45.3272,1314.pdf,SRC-007,"BRH — Banque de la République d'Haïti, taux de référence calculé à l'achat"
2014-07-02,45.2827,1314.pdf,SRC-007,"BRH — Banque de la République d'Haïti, taux de référence calculé à l'achat"
2014-07-03,45.3058,1314.pdf,SRC-007,"BRH — Banque de la République d'Haïti, taux de référence calculé à l'achat"
2014-07-04,45.3452,1314.pdf,SRC-007,"BRH — Banque de la République d'Haïti, taux de référence calculé à l'achat"
2014-07-07,45.3,1314.pdf,SRC-007,"BRH — Banque de la République d'Haïti, taux de référence calculé à l'achat"
2014-07-08,45.2767,1314.pdf,SRC-007,"BRH — Banque de la République d'Haïti, taux de référence calculé à l'achat"
2014-07-09,45.3231,1314.pdf,SRC-007,"BRH — Banque de la République d'Haïti, taux de référence calculé à l'achat"
2014-07-10,45.3449,1314.pdf,SRC-007,"BRH — Banque de la République d'Haïti, taux de référence calculé à l'achat"
2014-07-11,45.3074,1314.pdf,SRC-007,"BRH — Banque de la République d'Haïti, taux de référence calculé à l'achat"
2014-07-14,45.3227,1314.pdf,SRC-007,"BRH — Banque de la République d'Haïti, taux de référence calculé à l'achat"
2014-07-15,45.3198,1314.pdf,SRC-007,"BRH — Banque de la République d'Haïti, taux de référence calculé à l'achat"
2014-07-16,45.3209,1314.pdf,SRC-007,"BRH — Banque de la République d'Haïti, taux de référence calculé à l'achat"
2014-07-17,45.3209,1314.pdf,SRC-007,"BRH — Banque de la République d'Haïti, taux de référence calculé à l'achat"
2014-07-18,45.3503,1314.pdf,SRC-007,"BRH — Banque de la République d'Haïti, taux de référence calculé à l'achat"
2014-07-21,45.3087,1314.pdf,SRC-007,"BRH — Banque de la République d'Haïti, taux de référence calculé à l'achat"
2014-07-22,45.3148,1314.pdf,SRC-007,"BRH — Banque de la République d'Haïti, taux de référence calculé à l'achat"
2014-07-23,45.3357,1314.pdf,SRC-007,"BRH — Banque de la République d'Haïti, taux de référence calculé à l'achat"
2014-07-24,45.2979,1314.pdf,SRC-007,"BRH — Banque de la République d'Haïti, taux de référence calculé à l'achat"
2014-07-25,45.3532,1314.pdf,SRC-007,"BRH — Banque de la République d'Haïti, taux de référence calculé à l'achat"
2014-07-28,45.3335,1314.pdf,SRC-007,"BRH — Banque de la République d'Haïti, taux de référence calculé à l'achat"
2014-07-30,45.3059,1314.pdf,SRC-007,"BRH — Banque de la République d'Haïti, taux de référence calculé à l'achat"
2014-07-31,45.3552,1314.pdf,SRC-007,"BRH — Banque de la République d'Haïti, taux de référence calculé à l'achat"
2014-08-01,45.3497,1314.pdf,SRC-007,"BRH — Banque de la République d'Haïti, taux de référence calculé à l'achat"
2014-08-04,45.3374,1314.pdf,SRC-007,"BRH — Banque de la République d'Haïti, taux de référence calculé à l'achat"
2014-08-05,45.3466,1314.pdf,SRC-007,"BRH — Banque de la République d'Haïti, taux de référence calculé à l'achat"
2014-08-06,45.3576,1314.pdf,SRC-007,"BRH — Banque de la République d'Haïti, taux de référence calculé à l'achat"
2014-08-07,45.3549,1314.pdf,SRC-007,"BRH — Banque de la République d'Haïti, taux de référence calculé à l'achat"
2014-08-08,45.3468,1314.pdf,SRC-007,"BRH — Banque de la République d'Haïti, taux de référence calculé à l'achat"
2014-08-11,45.3836,1314.pdf,SRC-007,"BRH — Banque de la République d'Haïti, taux de référence calculé à l'achat"
2014-08-12,45.3426,1314.pdf,SRC-007,"BRH — Banque de la République d'Haïti, taux de référence calculé à l'achat"
2014-08-13,45.4038,1314.pdf,SRC-007,"BRH — Banque de la République d'Haïti, taux de référence calculé à l'achat"
2014-08-14,45.3348,1314.pdf,SRC-007,"BRH — Banque de la République d'Haïti, taux de référence calculé à l'achat"
2014-08-18,45.3753,1314.pdf,SRC-007,"BRH — Banque de la République d'Haïti, taux de référence calculé à l'achat"
2014-08-19,45.3429,1314.pdf,SRC-007,"BRH — Banque de la République d'Haïti, taux de référence calculé à l'achat"
2014-08-20,45.3214,1314.pdf,SRC-007,"BRH — Banque de la République d'Haïti, taux de référence calculé à l'achat"
2014-08-21,45.3678,1314.pdf,SRC-007,"BRH — Banque de la République d'Haïti, taux de référence calculé à l'achat"
2014-08-22,45.3549,1314.pdf,SRC-007,"BRH — Banque de la République d'Haïti, taux de référence calculé à l'achat"
2014-08-25,45.3846,1314.pdf,SRC-007,"BRH — Banque de la République d'Haïti, taux de référence calculé à l'achat"
2014-08-26,45.3611,1314.pdf,SRC-007,"BRH — Banque de la République d'Haïti, taux de référence calculé à l'achat"
2014-08-27,45.3945,1314.pdf,SRC-007,"BRH — Banque de la République d'Haïti, taux de référence calculé à l'achat"
2014-08-28,45.395,1314.pdf,SRC-007,"BRH — Banque de la République d'Haïti, taux de référence calculé à l'achat"
2014-08-29,45.3829,1314.pdf,SRC-007,"BRH — Banque de la République d'Haïti, taux de référence calculé à l'achat"
2014-09-01,45.3696,1314.pdf,SRC-007,"BRH — Banque de la République d'Haïti, taux de référence calculé à l'achat"
2014-09-02,45.3779,1314.pdf,SRC-007,"BRH — Banque de la République d'Haïti, taux de référence calculé à l'achat"
2014-09-03,45.4524,1314.pdf,SRC-007,"BRH — Banque de la République d'Haïti, taux de référence calculé à l'achat"
2014-09-04,45.4403,1314.pdf,SRC-007,"BRH — Banque de la République d'Haïti, taux de référence calculé à l'achat"
2014-09-05,45.4711,1314.pdf,SRC-007,"BRH — Banque de la République d'Haïti, taux de référence calculé à l'achat"
2014-09-08,45.477,1314.pdf,SRC-007,"BRH — Banque de la République d'Haïti, taux de référence calculé à l'achat"
2014-09-09,45.4757,1314.pdf,SRC-007,"BRH — Banque de la République d'Haïti, taux de référence calculé à l'achat"
2014-09-10,45.4214,1314.pdf,SRC-007,"BRH — Banque de la République d'Haïti, taux de référence calculé à l'achat"
2014-09-11,45.5083,1314.pdf,SRC-007,"BRH — Banque de la République d'Haïti, taux de référence calculé à l'achat"
2014-09-12,45.4993,1314.pdf,SRC-007,"BRH — Banque de la République d'Haïti, taux de référence calculé à l'achat"
2014-09-15,45.4699,1314.pdf,SRC-007,"BRH — Banque de la République d'Haïti, taux de référence calculé à l'achat"
2014-09-16,45.4439,1314.pdf,SRC-007,"BRH — Banque de la République d'Haïti, taux de référence calculé à l'achat"
2014-09-17,45.4884,1314.pdf,SRC-007,"BRH — Banque de la République d'Haïti, taux de référence calculé à l'achat"
2014-09-18,45.5207,1314.pdf,SRC-007,"BRH — Banque de la République d'Haïti, taux de référence calculé à l'achat"
2014-09-19,45.5432,1314.pdf,SRC-007,"BRH — Banque de la République d'Haïti, taux de référence calculé à l'achat"
2014-09-22,45.4854,1314.pdf,SRC-007,"BRH — Banque de la République d'Haïti, taux de référence calculé à l'achat"
2014-09-23,45.4911,1314.pdf,SRC-007,"BRH — Banque de la République d'Haïti, taux de référence calculé à l'achat"
2014-09-24,45.5545,1314.pdf,SRC-007,"BRH — Banque de la République d'Haïti, taux de référence calculé à l'achat"
2014-09-25,45.6009,1314.pdf,SRC-007,"BRH — Banque de la République d'Haïti, taux de référence calculé à l'achat"
2014-09-26,45.538,1314.pdf,SRC-007,"BRH — Banque de la République d'Haïti, taux de référence calculé à l'achat"
2014-09-29,45.5218,1314.pdf,SRC-007,"BRH — Banque de la République d'Haïti, taux de référence calculé à l'achat"
2014-09-30,45.5577,1314.pdf,SRC-007,"BRH — Banque de la République d'Haïti, taux de référence calculé à l'achat"
2014-10-01,45.5596,1415.pdf,SRC-007,"BRH — Banque de la République d'Haïti, taux de référence calculé à l'achat"
2014-10-02,45.5771,1415.pdf,SRC-007,"BRH — Banque de la République d'Haïti, taux de référence calculé à l'achat"
2014-10-03,45.6197,1415.pdf,SRC-007,"BRH — Banque de la République d'Haïti, taux de référence calculé à l'achat"
2014-10-06,45.6116,1415.pdf,SRC-007,"BRH — Banque de la République d'Haïti, taux de référence calculé à l'achat"
2014-10-07,45.596,1415.pdf,SRC-007,"BRH — Banque de la République d'Haïti, taux de référence calculé à l'achat"
2014-10-08,45.6409,1415.pdf,SRC-007,"BRH — Banque de la République d'Haïti, taux de référence calculé à l'achat"
2014-10-09,45.6193,1415.pdf,SRC-007,"BRH — Banque de la République d'Haïti, taux de référence calculé à l'achat"
2014-10-10,45.6451,1415.pdf,SRC-007,"BRH — Banque de la République d'Haïti, taux de référence calculé à l'achat"
2014-10-13,45.6992,1415.pdf,SRC-007,"BRH — Banque de la République d'Haïti, taux de référence calculé à l'achat"
2014-10-14,45.6516,1415.pdf,SRC-007,"BRH — Banque de la République d'Haïti, taux de référence calculé à l'achat"
2014-10-15,45.6695,1415.pdf,SRC-007,"BRH — Banque de la République d'Haïti, taux de référence calculé à l'achat"
2014-10-16,45.7217,1415.pdf,SRC-007,"BRH — Banque de la République d'Haïti, taux de référence calculé à l'achat"
2014-10-20,45.7327,1415.pdf,SRC-007,"BRH — Banque de la République d'Haïti, taux de référence calculé à l'achat"
2014-10-21,45.733,1415.pdf,SRC-007,"BRH — Banque de la République d'Haïti, taux de référence calculé à l'achat"
2014-10-22,45.7064,1415.pdf,SRC-007,"BRH — Banque de la République d'Haïti, taux de référence calculé à l'achat"
2014-10-23,45.6836,1415.pdf,SRC-007,"BRH — Banque de la République d'Haïti, taux de référence calculé à l'achat"
2014-10-24,45.7018,1415.pdf,SRC-007,"BRH — Banque de la République d'Haïti, taux de référence calculé à l'achat"
2014-10-27,45.7118,1415.pdf,SRC-007,"BRH — Banque de la République d'Haïti, taux de référence calculé à l'achat"
2014-10-28,45.7804,1415.pdf,SRC-007,"BRH — Banque de la République d'Haïti, taux de référence calculé à l'achat"
2014-10-29,45.7674,1415.pdf,SRC-007,"BRH — Banque de la République d'Haïti, taux de référence calculé à l'achat"
2014-10-30,45.7963,1415.pdf,SRC-007,"BRH — Banque de la République d'Haïti, taux de référence calculé à l'achat"
2014-10-31,45.7572,1415.pdf,SRC-007,"BRH — Banque de la République d'Haïti, taux de référence calculé à l'achat"
2014-11-03,45.8246,1415.pdf,SRC-007,"BRH — Banque de la République d'Haïti, taux de référence calculé à l'achat"
2014-11-04,45.8067,1415.pdf,SRC-007,"BRH — Banque de la République d'Haïti, taux de référence calculé à l'achat"
2014-11-05,45.8381,1415.pdf,SRC-007,"BRH — Banque de la République d'Haïti, taux de référence calculé à l'achat"
2014-11-06,45.7442,1415.pdf,SRC-007,"BRH — Banque de la République d'Haïti, taux de référence calculé à l'achat"
2014-11-07,45.8673,1415.pdf,SRC-007,"BRH — Banque de la République d'Haïti, taux de référence calculé à l'achat"
2014-11-10,45.8456,1415.pdf,SRC-007,"BRH — Banque de la République d'Haïti, taux de référence calculé à l'achat"
2014-11-11,45.8744,1415.pdf,SRC-007,"BRH — Banque de la République d'Haïti, taux de référence calculé à l'achat"
2014-11-12,45.9242,1415.pdf,SRC-007,"BRH — Banque de la République d'Haïti, taux de référence calculé à l'achat"
2014-11-13,46.0833,1415.pdf,SRC-007,"BRH — Banque de la République d'Haïti, taux de référence calculé à l'achat"
2014-11-14,46.2192,1415.pdf,SRC-007,"BRH — Banque de la République d'Haïti, taux de référence calculé à l'achat"
2014-11-17,46.3785,1415.pdf,SRC-007,"BRH — Banque de la République d'Haïti, taux de référence calculé à l'achat"
2014-11-19,46.3183,1415.pdf,SRC-007,"BRH — Banque de la République d'Haïti, taux de référence calculé à l'achat"
2014-11-20,46.2164,1415.pdf,SRC-007,"BRH — Banque de la République d'Haïti, taux de référence calculé à l'achat"
2014-11-21,46.3665,1415.pdf,SRC-007,"BRH — Banque de la République d'Haïti, taux de référence calculé à l'achat"
2014-11-24,46.5402,1415.pdf,SRC-007,"BRH — Banque de la République d'Haïti, taux de référence calculé à l'achat"
2014-11-25,46.5462,1415.pdf,SRC-007,"BRH — Banque de la République d'Haïti, taux de référence calculé à l'achat"
2014-11-26,46.6452,1415.pdf,SRC-007,"BRH — Banque de la République d'Haïti, taux de référence calculé à l'achat"
2014-11-27,46.7146,1415.pdf,SRC-007,"BRH — Banque de la République d'Haïti, taux de référence calculé à l'achat"
2014-11-28,46.5991,1415.pdf,SRC-007,"BRH — Banque de la République d'Haïti, taux de référence calculé à l'achat"
2014-12-01,46.6264,1415.pdf,SRC-007,"BRH — Banque de la République d'Haïti, taux de référence calculé à l'achat"
2014-12-02,46.6646,1415.pdf,SRC-007,"BRH — Banque de la République d'Haïti, taux de référence calculé à l'achat"
2014-12-03,46.6316,1415.pdf,SRC-007,"BRH — Banque de la République d'Haïti, taux de référence calculé à l'achat"
2014-12-04,46.6544,1415.pdf,SRC-007,"BRH — Banque de la République d'Haïti, taux de référence calculé à l'achat"
2014-12-05,46.7034,1415.pdf,SRC-007,"BRH — Banque de la République d'Haïti, taux de référence calculé à l'achat"
2014-12-08,46.6491,1415.pdf,SRC-007,"BRH — Banque de la République d'Haïti, taux de référence calculé à l'achat"
2014-12-09,46.6974,1415.pdf,SRC-007,"BRH — Banque de la République d'Haïti, taux de référence calculé à l'achat"
2014-12-10,46.7099,1415.pdf,SRC-007,"BRH — Banque de la République d'Haïti, taux de référence calculé à l'achat"
2014-12-11,46.7344,1415.pdf,SRC-007,"BRH — Banque de la République d'Haïti, taux de référence calculé à l'achat"
2014-12-12,46.7352,1415.pdf,SRC-007,"BRH — Banque de la République d'Haïti, taux de référence calculé à l'achat"
2014-12-15,46.7205,1415.pdf,SRC-007,"BRH — Banque de la République d'Haïti, taux de référence calculé à l'achat"
2014-12-16,46.7396,1415.pdf,SRC-007,"BRH — Banque de la République d'Haïti, taux de référence calculé à l'achat"
2014-12-17,46.7511,1415.pdf,SRC-007,"BRH — Banque de la République d'Haïti, taux de référence calculé à l'achat"
2014-12-18,46.7243,1415.pdf,SRC-007,"BRH — Banque de la République d'Haïti, taux de référence calculé à l'achat"
2014-12-19,46.7243,1415.pdf,SRC-007,"BRH — Banque de la République d'Haïti, taux de référence calculé à l'achat"
2014-12-22,46.712,1415.pdf,SRC-007,"BRH — Banque de la République d'Haïti, taux de référence calculé à l'achat"
2014-12-23,46.7517,1415.pdf,SRC-007,"BRH — Banque de la République d'Haïti, taux de référence calculé à l'achat"
2014-12-24,46.746,1415.pdf,SRC-007,"BRH — Banque de la République d'Haïti, taux de référence calculé à l'achat"
2014-12-26,46.788,1415.pdf,SRC-007,"BRH — Banque de la République d'Haïti, taux de référence calculé à l'achat"
2014-12-29,46.7608,1415.pdf,SRC-007,"BRH — Banque de la République d'Haïti, taux de référence calculé à l'achat"
2014-12-30,46.7466,1415.pdf,SRC-007,"BRH — Banque de la République d'Haïti, taux de référence calculé à l'achat"
2014-12-31,46.7477,1415.pdf,SRC-007,"BRH — Banque de la République d'Haïti, taux de référence calculé à l'achat"
2015-01-05,46.7297,1415.pdf,SRC-007,"BRH — Banque de la République d'Haïti, taux de référence calculé à l'achat"
2015-01-06,46.7741,1415.pdf,SRC-007,"BRH — Banque de la République d'Haïti, taux de référence calculé à l'achat"
2015-01-07,46.7356,1415.pdf,SRC-007,"BRH — Banque de la République d'Haïti, taux de référence calculé à l'achat"
2015-01-08,46.8571,1415.pdf,SRC-007,"BRH — Banque de la République d'Haïti, taux de référence calculé à l'achat"
2015-01-09,46.8135,1415.pdf,SRC-007,"BRH — Banque de la République d'Haïti, taux de référence calculé à l'achat"
2015-01-12,46.8369,1415.pdf,SRC-007,"BRH — Banque de la République d'Haïti, taux de référence calculé à l'achat"
2015-01-13,46.8383,1415.pdf,SRC-007,"BRH — Banque de la République d'Haïti, taux de référence calculé à l'achat"
2015-01-14,46.7218,1415.pdf,SRC-007,"BRH — Banque de la République d'Haïti, taux de référence calculé à l'achat"
2015-01-15,46.9166,1415.pdf,SRC-007,"BRH — Banque de la République d'Haïti, taux de référence calculé à l'achat"
2015-01-16,46.7638,1415.pdf,SRC-007,"BRH — Banque de la République d'Haïti, taux de référence calculé à l'achat"
2015-01-19,46.8174,1415.pdf,SRC-007,"BRH — Banque de la République d'Haïti, taux de référence calculé à l'achat"
2015-01-20,46.8047,1415.pdf,SRC-007,"BRH — Banque de la République d'Haïti, taux de référence calculé à l'achat"
2015-01-21,46.7935,1415.pdf,SRC-007,"BRH — Banque de la République d'Haïti, taux de référence calculé à l'achat"
2015-01-22,46.8418,1415.pdf,SRC-007,"BRH — Banque de la République d'Haïti, taux de référence calculé à l'achat"
2015-01-23,45.5596,1415.pdf,SRC-007,"BRH — Banque de la République d'Haïti, taux de référence calculé à l'achat"
2015-01-26,46.9093,1415.pdf,SRC-007,"BRH — Banque de la République d'Haïti, taux de référence calculé à l'achat"
2015-01-27,46.9427,1415.pdf,SRC-007,"BRH — Banque de la République d'Haïti, taux de référence calculé à l'achat"
2015-01-28,47.0073,1415.pdf,SRC-007,"BRH — Banque de la République d'Haïti, taux de référence calculé à l'achat"
2015-01-29,46.9512,1415.pdf,SRC-007,"BRH — Banque de la République d'Haïti, taux de référence calculé à l'achat"
2015-01-30,46.9277,1415.pdf,SRC-007,"BRH — Banque de la République d'Haïti, taux de référence calculé à l'achat"
2015-02-02,46.9259,1415.pdf,SRC-007,"BRH — Banque de la République d'Haïti, taux de référence calculé à l'achat"
2015-02-03,46.9447,1415.pdf,SRC-007,"BRH — Banque de la République d'Haïti, taux de référence calculé à l'achat"
2015-02-04,46.9037,1415.pdf,SRC-007,"BRH — Banque de la République d'Haïti, taux de référence calculé à l'achat"
2015-02-05,46.9569,1415.pdf,SRC-007,"BRH — Banque de la République d'Haïti, taux de référence calculé à l'achat"
2015-02-06,46.9919,1415.pdf,SRC-007,"BRH — Banque de la République d'Haïti, taux de référence calculé à l'achat"
2015-02-11,46.9438,1415.pdf,SRC-007,"BRH — Banque de la République d'Haïti, taux de référence calculé à l'achat"
2015-02-13,46.9843,1415.pdf,SRC-007,"BRH — Banque de la République d'Haïti, taux de référence calculé à l'achat"
2015-02-19,47.0176,1415.pdf,SRC-007,"BRH — Banque de la République d'Haïti, taux de référence calculé à l'achat"
2015-02-20,47.0254,1415.pdf,SRC-007,"BRH — Banque de la République d'Haïti, taux de référence calculé à l'achat"
2015-02-23,46.9803,1415.pdf,SRC-007,"BRH — Banque de la République d'Haïti, taux de référence calculé à l'achat"
2015-02-24,47.0454,1415.pdf,SRC-007,"BRH — Banque de la République d'Haïti, taux de référence calculé à l'achat"
2015-02-25,47.1194,1415.pdf,SRC-007,"BRH — Banque de la République d'Haïti, taux de référence calculé à l'achat"
2015-02-26,47.0063,1415.pdf,SRC-007,"BRH — Banque de la République d'Haïti, taux de référence calculé à l'achat"
2015-02-27,47.1441,1415.pdf,SRC-007,"BRH — Banque de la République d'Haïti, taux de référence calculé à l'achat"
2015-03-02,46.9806,1415.pdf,SRC-007,"BRH — Banque de la République d'Haïti, taux de référence calculé à l'achat"
2015-03-03,46.9976,1415.pdf,SRC-007,"BRH — Banque de la République d'Haïti, taux de référence calculé à l'achat"
2015-03-04,47.1404,1415.pdf,SRC-007,"BRH — Banque de la République d'Haïti, taux de référence calculé à l'achat"
2015-03-05,47.1478,1415.pdf,SRC-007,"BRH — Banque de la République d'Haïti, taux de référence calculé à l'achat"
2015-03-06,47.1435,1415.pdf,SRC-007,"BRH — Banque de la République d'Haïti, taux de référence calculé à l'achat"
2015-03-09,47.1657,1415.pdf,SRC-007,"BRH — Banque de la République d'Haïti, taux de référence calculé à l'achat"
2015-03-10,47.0381,1415.pdf,SRC-007,"BRH — Banque de la République d'Haïti, taux de référence calculé à l'achat"
2015-03-11,47.1786,1415.pdf,SRC-007,"BRH — Banque de la République d'Haïti, taux de référence calculé à l'achat"
2015-03-12,47.1049,1415.pdf,SRC-007,"BRH — Banque de la République d'Haïti, taux de référence calculé à l'achat"
2015-03-13,47.1738,1415.pdf,SRC-007,"BRH — Banque de la République d'Haïti, taux de référence calculé à l'achat"
2015-03-16,47.0554,1415.pdf,SRC-007,"BRH — Banque de la République d'Haïti, taux de référence calculé à l'achat"
2015-03-17,47.1838,1415.pdf,SRC-007,"BRH — Banque de la République d'Haïti, taux de référence calculé à l'achat"
2015-03-18,47.1119,1415.pdf,SRC-007,"BRH — Banque de la République d'Haïti, taux de référence calculé à l'achat"
2015-03-19,46.9069,1415.pdf,SRC-007,"BRH — Banque de la République d'Haïti, taux de référence calculé à l'achat"
2015-03-20,47.1114,1415.pdf,SRC-007,"BRH — Banque de la République d'Haïti, taux de référence calculé à l'achat"
2015-03-23,47.2644,1415.pdf,SRC-007,"BRH — Banque de la République d'Haïti, taux de référence calculé à l'achat"
2015-03-24,47.107,1415.pdf,SRC-007,"BRH — Banque de la République d'Haïti, taux de référence calculé à l'achat"
2015-03-25,47.2452,1415.pdf,SRC-007,"BRH — Banque de la République d'Haïti, taux de référence calculé à l'achat"
2015-03-26,47.1609,1415.pdf,SRC-007,"BRH — Banque de la République d'Haïti, taux de référence calculé à l'achat"
2015-03-27,47.1516,1415.pdf,SRC-007,"BRH — Banque de la République d'Haïti, taux de référence calculé à l'achat"
2015-03-30,47.316,1415.pdf,SRC-007,"BRH — Banque de la République d'Haïti, taux de référence calculé à l'achat"
2015-03-31,47.1789,1415.pdf,SRC-007,"BRH — Banque de la République d'Haïti, taux de référence calculé à l'achat"
2015-04-01,47.3133,1415.pdf,SRC-007,"BRH — Banque de la République d'Haïti, taux de référence calculé à l'achat"
2015-04-02,47.2583,1415.pdf,SRC-007,"BRH — Banque de la République d'Haïti, taux de référence calculé à l'achat"
2015-04-06,47.2898,1415.pdf,SRC-007,"BRH — Banque de la République d'Haïti, taux de référence calculé à l'achat"
2015-04-07,47.2427,1415.pdf,SRC-007,"BRH — Banque de la République d'Haïti, taux de référence calculé à l'achat"
2015-04-08,47.2282,1415.pdf,SRC-007,"BRH — Banque de la République d'Haïti, taux de référence calculé à l'achat"
2015-04-09,47.3014,1415.pdf,SRC-007,"BRH — Banque de la République d'Haïti, taux de référence calculé à l'achat"
2015-04-10,47.2395,1415.pdf,SRC-007,"BRH — Banque de la République d'Haïti, taux de référence calculé à l'achat"
2015-04-13,47.2664,1415.pdf,SRC-007,"BRH — Banque de la République d'Haïti, taux de référence calculé à l'achat"
2015-04-14,47.2198,1415.pdf,SRC-007,"BRH — Banque de la République d'Haïti, taux de référence calculé à l'achat"
2015-04-15,47.2716,1415.pdf,SRC-007,"BRH — Banque de la République d'Haïti, taux de référence calculé à l'achat"
2015-04-16,47.2069,1415.pdf,SRC-007,"BRH — Banque de la République d'Haïti, taux de référence calculé à l'achat"
2015-04-17,47.1053,1415.pdf,SRC-007,"BRH — Banque de la République d'Haïti, taux de référence calculé à l'achat"
2015-04-20,47.2622,1415.pdf,SRC-007,"BRH — Banque de la République d'Haïti, taux de référence calculé à l'achat"
2015-04-21,47.2416,1415.pdf,SRC-007,"BRH — Banque de la République d'Haïti, taux de référence calculé à l'achat"
2015-04-22,47.2551,1415.pdf,SRC-007,"BRH — Banque de la République d'Haïti, taux de référence calculé à l'achat"
2015-04-23,47.267,1415.pdf,SRC-007,"BRH — Banque de la République d'Haïti, taux de référence calculé à l'achat"
2015-04-24,47.2591,1415.pdf,SRC-007,"BRH — Banque de la République d'Haïti, taux de référence calculé à l'achat"
2015-04-27,47.232,1415.pdf,SRC-007,"BRH — Banque de la République d'Haïti, taux de référence calculé à l'achat"
2015-04-28,47.2553,1415.pdf,SRC-007,"BRH — Banque de la République d'Haïti, taux de référence calculé à l'achat"
2015-04-29,47.2964,1415.pdf,SRC-007,"BRH — Banque de la République d'Haïti, taux de référence calculé à l'achat"
2015-04-30,47.3801,1415.pdf,SRC-007,"BRH — Banque de la République d'Haïti, taux de référence calculé à l'achat"
2015-05-04,47.5225,1415.pdf,SRC-007,"BRH — Banque de la République d'Haïti, taux de référence calculé à l'achat"
2015-05-05,47.4271,1415.pdf,SRC-007,"BRH — Banque de la République d'Haïti, taux de référence calculé à l'achat"
2015-05-06,47.5253,1415.pdf,SRC-007,"BRH — Banque de la République d'Haïti, taux de référence calculé à l'achat"
2015-05-07,47.5567,1415.pdf,SRC-007,"BRH — Banque de la République d'Haïti, taux de référence calculé à l'achat"
2015-05-08,47.5749,1415.pdf,SRC-007,"BRH — Banque de la République d'Haïti, taux de référence calculé à l'achat"
2015-05-11,47.5604,1415.pdf,SRC-007,"BRH — Banque de la République d'Haïti, taux de référence calculé à l'achat"
2015-05-12,47.5624,1415.pdf,SRC-007,"BRH — Banque de la République d'Haïti, taux de référence calculé à l'achat"
2015-05-13,47.5211,1415.pdf,SRC-007,"BRH — Banque de la République d'Haïti, taux de référence calculé à l'achat"
2015-05-14,47.7588,1415.pdf,SRC-007,"BRH — Banque de la République d'Haïti, taux de référence calculé à l'achat"
2015-05-15,47.8215,1415.pdf,SRC-007,"BRH — Banque de la République d'Haïti, taux de référence calculé à l'achat"
2015-05-19,47.7953,1415.pdf,SRC-007,"BRH — Banque de la République d'Haïti, taux de référence calculé à l'achat"
2015-05-20,47.6429,1415.pdf,SRC-007,"BRH — Banque de la République d'Haïti, taux de référence calculé à l'achat"
2015-05-21,47.8164,1415.pdf,SRC-007,"BRH — Banque de la République d'Haïti, taux de référence calculé à l'achat"
2015-05-22,47.8016,1415.pdf,SRC-007,"BRH — Banque de la République d'Haïti, taux de référence calculé à l'achat"
2015-05-25,47.8495,1415.pdf,SRC-007,"BRH — Banque de la République d'Haïti, taux de référence calculé à l'achat"
2015-05-26,47.8336,1415.pdf,SRC-007,"BRH — Banque de la République d'Haïti, taux de référence calculé à l'achat"
2015-05-27,47.9872,1415.pdf,SRC-007,"BRH — Banque de la République d'Haïti, taux de référence calculé à l'achat"
2015-05-28,48.1865,1415.pdf,SRC-007,"BRH — Banque de la République d'Haïti, taux de référence calculé à l'achat"
2015-05-29,48.1113,1415.pdf,SRC-007,"BRH — Banque de la République d'Haïti, taux de référence calculé à l'achat"
2015-06-01,47.9866,1415.pdf,SRC-007,"BRH — Banque de la République d'Haïti, taux de référence calculé à l'achat"
2015-06-02,48.5206,1415.pdf,SRC-007,"BRH — Banque de la République d'Haïti, taux de référence calculé à l'achat"
2015-06-03,48.6097,1415.pdf,SRC-007,"BRH — Banque de la République d'Haïti, taux de référence calculé à l'achat"
2015-06-05,48.5906,1415.pdf,SRC-007,"BRH — Banque de la République d'Haïti, taux de référence calculé à l'achat"
2015-06-08,48.7258,1415.pdf,SRC-007,"BRH — Banque de la République d'Haïti, taux de référence calculé à l'achat"
2015-06-09,48.946,1415.pdf,SRC-007,"BRH — Banque de la République d'Haïti, taux de référence calculé à l'achat"
2015-06-10,48.91,1415.pdf,SRC-007,"BRH — Banque de la République d'Haïti, taux de référence calculé à l'achat"
2015-06-11,48.87,1415.pdf,SRC-007,"BRH — Banque de la République d'Haïti, taux de référence calculé à l'achat"
2015-06-12,49.1645,1415.pdf,SRC-007,"BRH — Banque de la République d'Haïti, taux de référence calculé à l'achat"
2015-06-15,49.1186,1415.pdf,SRC-007,"BRH — Banque de la République d'Haïti, taux de référence calculé à l'achat"
2015-06-16,49.1946,1415.pdf,SRC-007,"BRH — Banque de la République d'Haïti, taux de référence calculé à l'achat"
2015-06-17,49.5785,1415.pdf,SRC-007,"BRH — Banque de la République d'Haïti, taux de référence calculé à l'achat"
2015-06-18,49.5765,1415.pdf,SRC-007,"BRH — Banque de la République d'Haïti, taux de référence calculé à l'achat"
2015-06-19,49.8086,1415.pdf,SRC-007,"BRH — Banque de la République d'Haïti, taux de référence calculé à l'achat"
2015-06-22,49.7094,1415.pdf,SRC-007,"BRH — Banque de la République d'Haïti, taux de référence calculé à l'achat"
2015-06-23,49.7323,1415.pdf,SRC-007,"BRH — Banque de la République d'Haïti, taux de référence calculé à l'achat"
2015-06-24,49.7841,1415.pdf,SRC-007,"BRH — Banque de la République d'Haïti, taux de référence calculé à l'achat"
2015-06-25,49.8193,1415.pdf,SRC-007,"BRH — Banque de la République d'Haïti, taux de référence calculé à l'achat"
2015-06-26,50.2021,1415.pdf,SRC-007,"BRH — Banque de la République d'Haïti, taux de référence calculé à l'achat"
2015-06-29,51.2039,1415.pdf,SRC-007,"BRH — Banque de la République d'Haïti, taux de référence calculé à l'achat"
2015-06-30,51.5866,1415.pdf,SRC-007,"BRH — Banque de la République d'Haïti, taux de référence calculé à l'achat"
2015-07-01,52.2739,1415.pdf,SRC-007,"BRH — Banque de la République d'Haïti, taux de référence calculé à l'achat"
2015-07-02,52.5497,1415.pdf,SRC-007,"BRH — Banque de la République d'Haïti, taux de référence calculé à l'achat"
2015-07-03,53.1775,1415.pdf,SRC-007,"BRH — Banque de la République d'Haïti, taux de référence calculé à l'achat"
2015-07-06,52.9619,1415.pdf,SRC-007,"BRH — Banque de la République d'Haïti, taux de référence calculé à l'achat"
2015-07-07,53.199,1415.pdf,SRC-007,"BRH — Banque de la République d'Haïti, taux de référence calculé à l'achat"
2015-07-08,54.3115,1415.pdf,SRC-007,"BRH — Banque de la République d'Haïti, taux de référence calculé à l'achat"
2015-07-09,54.2545,1415.pdf,SRC-007,"BRH — Banque de la République d'Haïti, taux de référence calculé à l'achat"
2015-07-10,54.7007,1415.pdf,SRC-007,"BRH — Banque de la République d'Haïti, taux de référence calculé à l'achat"
2015-07-13,55.0256,1415.pdf,SRC-007,"BRH — Banque de la République d'Haïti, taux de référence calculé à l'achat"
2015-07-14,55.5661,1415.pdf,SRC-007,"BRH — Banque de la République d'Haïti, taux de référence calculé à l'achat"
2015-07-15,55.4949,1415.pdf,SRC-007,"BRH — Banque de la République d'Haïti, taux de référence calculé à l'achat"
2015-07-16,55.8043,1415.pdf,SRC-007,"BRH — Banque de la République d'Haïti, taux de référence calculé à l'achat"
2015-07-17,55.9699,1415.pdf,SRC-007,"BRH — Banque de la République d'Haïti, taux de référence calculé à l'achat"
2015-07-20,56.123,1415.pdf,SRC-007,"BRH — Banque de la République d'Haïti, taux de référence calculé à l'achat"
2015-07-21,56.505,1415.pdf,SRC-007,"BRH — Banque de la République d'Haïti, taux de référence calculé à l'achat"
2015-07-22,56.4917,1415.pdf,SRC-007,"BRH — Banque de la République d'Haïti, taux de référence calculé à l'achat"
2015-07-23,56.0898,1415.pdf,SRC-007,"BRH — Banque de la République d'Haïti, taux de référence calculé à l'achat"
2015-07-24,55.984,1415.pdf,SRC-007,"BRH — Banque de la République d'Haïti, taux de référence calculé à l'achat"
2015-07-27,55.9306,1415.pdf,SRC-007,"BRH — Banque de la République d'Haïti, taux de référence calculé à l'achat"
2015-07-28,55.5604,1415.pdf,SRC-007,"BRH — Banque de la République d'Haïti, taux de référence calculé à l'achat"
2015-07-29,55.4078,1415.pdf,SRC-007,"BRH — Banque de la République d'Haïti, taux de référence calculé à l'achat"
2015-07-30,55.1949,1415.pdf,SRC-007,"BRH — Banque de la République d'Haïti, taux de référence calculé à l'achat"
2015-07-31,55.2174,1415.pdf,SRC-007,"BRH — Banque de la République d'Haïti, taux de référence calculé à l'achat"
2015-08-03,55.1096,1415.pdf,SRC-007,"BRH — Banque de la République d'Haïti, taux de référence calculé à l'achat"
2015-08-04,54.8784,1415.pdf,SRC-007,"BRH — Banque de la République d'Haïti, taux de référence calculé à l'achat"
2015-08-05,53.3302,1415.pdf,SRC-007,"BRH — Banque de la République d'Haïti, taux de référence calculé à l'achat"
2015-08-06,52.6027,1415.pdf,SRC-007,"BRH — Banque de la République d'Haïti, taux de référence calculé à l'achat"
2015-08-07,52.0462,1415.pdf,SRC-007,"BRH — Banque de la République d'Haïti, taux de référence calculé à l'achat"
2015-08-10,52.0045,1415.pdf,SRC-007,"BRH — Banque de la République d'Haïti, taux de référence calculé à l'achat"
2015-08-11,51.9284,1415.pdf,SRC-007,"BRH — Banque de la République d'Haïti, taux de référence calculé à l'achat"
2015-08-12,51.7786,1415.pdf,SRC-007,"BRH — Banque de la République d'Haïti, taux de référence calculé à l'achat"
2015-08-13,51.6546,1415.pdf,SRC-007,"BRH — Banque de la République d'Haïti, taux de référence calculé à l'achat"
2015-08-14,51.5659,1415.pdf,SRC-007,"BRH — Banque de la République d'Haïti, taux de référence calculé à l'achat"
2015-08-17,51.4869,1415.pdf,SRC-007,"BRH — Banque de la République d'Haïti, taux de référence calculé à l'achat"
2015-08-18,51.4529,1415.pdf,SRC-007,"BRH — Banque de la République d'Haïti, taux de référence calculé à l'achat"
2015-08-19,51.4127,1415.pdf,SRC-007,"BRH — Banque de la République d'Haïti, taux de référence calculé à l'achat"
2015-08-20,51.4007,1415.pdf,SRC-007,"BRH — Banque de la République d'Haïti, taux de référence calculé à l'achat"
2015-08-21,51.4001,1415.pdf,SRC-007,"BRH — Banque de la République d'Haïti, taux de référence calculé à l'achat"
2015-08-24,51.4059,1415.pdf,SRC-007,"BRH — Banque de la République d'Haïti, taux de référence calculé à l'achat"
2015-08-25,51.4002,1415.pdf,SRC-007,"BRH — Banque de la République d'Haïti, taux de référence calculé à l'achat"
2015-08-26,51.4462,1415.pdf,SRC-007,"BRH — Banque de la République d'Haïti, taux de référence calculé à l'achat"
2015-08-27,51.5183,1415.pdf,SRC-007,"BRH — Banque de la République d'Haïti, taux de référence calculé à l'achat"
2015-08-28,51.5701,1415.pdf,SRC-007,"BRH — Banque de la République d'Haïti, taux de référence calculé à l'achat"
2015-08-31,51.6674,1415.pdf,SRC-007,"BRH — Banque de la République d'Haïti, taux de référence calculé à l'achat"
2015-09-01,51.6734,1415.pdf,SRC-007,"BRH — Banque de la République d'Haïti, taux de référence calculé à l'achat"
2015-09-02,51.6792,1415.pdf,SRC-007,"BRH — Banque de la République d'Haïti, taux de référence calculé à l'achat"
2015-09-03,51.7392,1415.pdf,SRC-007,"BRH — Banque de la République d'Haïti, taux de référence calculé à l'achat"
2015-09-04,51.7574,1415.pdf,SRC-007,"BRH — Banque de la République d'Haïti, taux de référence calculé à l'achat"
2015-09-07,51.7904,1415.pdf,SRC-007,"BRH — Banque de la République d'Haïti, taux de référence calculé à l'achat"
2015-09-08,51.7326,1415.pdf,SRC-007,"BRH — Banque de la République d'Haïti, taux de référence calculé à l'achat"
2015-09-09,51.7819,1415.pdf,SRC-007,"BRH — Banque de la République d'Haïti, taux de référence calculé à l'achat"
2015-09-10,51.6526,1415.pdf,SRC-007,"BRH — Banque de la République d'Haïti, taux de référence calculé à l'achat"
2015-09-11,51.6815,1415.pdf,SRC-007,"BRH — Banque de la République d'Haïti, taux de référence calculé à l'achat"
2015-09-14,51.7148,1415.pdf,SRC-007,"BRH — Banque de la République d'Haïti, taux de référence calculé à l'achat"
2015-09-15,51.7274,1415.pdf,SRC-007,"BRH — Banque de la République d'Haïti, taux de référence calculé à l'achat"
2015-09-16,51.7375,1415.pdf,SRC-007,"BRH — Banque de la République d'Haïti, taux de référence calculé à l'achat"
2015-09-17,51.7496,1415.pdf,SRC-007,"BRH — Banque de la République d'Haïti, taux de référence calculé à l'achat"
2015-09-18,51.7616,1415.pdf,SRC-007,"BRH — Banque de la République d'Haïti, taux de référence calculé à l'achat"
2015-09-21,51.8105,1415.pdf,SRC-007,"BRH — Banque de la République d'Haïti, taux de référence calculé à l'achat"
2015-09-22,51.8229,1415.pdf,SRC-007,"BRH — Banque de la République d'Haïti, taux de référence calculé à l'achat"
2015-09-23,51.8926,1415.pdf,SRC-007,"BRH — Banque de la République d'Haïti, taux de référence calculé à l'achat"
2015-09-24,51.9146,1415.pdf,SRC-007,"BRH — Banque de la République d'Haïti, taux de référence calculé à l'achat"
2015-09-25,51.9708,1415.pdf,SRC-007,"BRH — Banque de la République d'Haïti, taux de référence calculé à l'achat"
2015-09-28,52.0427,1415.pdf,SRC-007,"BRH — Banque de la République d'Haïti, taux de référence calculé à l'achat"
2015-09-29,52.0717,1415.pdf,SRC-007,"BRH — Banque de la République d'Haïti, taux de référence calculé à l'achat"
2015-09-30,52.1417,1415.pdf,SRC-007,"BRH — Banque de la République d'Haïti, taux de référence calculé à l'achat"
2015-10-01,52.2501,1516.pdf,SRC-007,"BRH — Banque de la République d'Haïti, taux de référence calculé à l'achat"
2015-10-02,52.1775,1516.pdf,SRC-007,"BRH — Banque de la République d'Haïti, taux de référence calculé à l'achat"
2015-10-05,52.2494,1516.pdf,SRC-007,"BRH — Banque de la République d'Haïti, taux de référence calculé à l'achat"
2015-10-06,52.205,1516.pdf,SRC-007,"BRH — Banque de la République d'Haïti, taux de référence calculé à l'achat"
2015-10-07,52.1163,1516.pdf,SRC-007,"BRH — Banque de la République d'Haïti, taux de référence calculé à l'achat"
2015-10-08,52.1586,1516.pdf,SRC-007,"BRH — Banque de la République d'Haïti, taux de référence calculé à l'achat"
2015-10-09,52.2189,1516.pdf,SRC-007,"BRH — Banque de la République d'Haïti, taux de référence calculé à l'achat"
2015-10-12,52.2997,1516.pdf,SRC-007,"BRH — Banque de la République d'Haïti, taux de référence calculé à l'achat"
2015-10-13,52.4376,1516.pdf,SRC-007,"BRH — Banque de la République d'Haïti, taux de référence calculé à l'achat"
2015-10-14,52.5573,1516.pdf,SRC-007,"BRH — Banque de la République d'Haïti, taux de référence calculé à l'achat"
2015-10-15,52.8024,1516.pdf,SRC-007,"BRH — Banque de la République d'Haïti, taux de référence calculé à l'achat"
2015-10-16,53.0378,1516.pdf,SRC-007,"BRH — Banque de la République d'Haïti, taux de référence calculé à l'achat"
2015-10-19,53.2559,1516.pdf,SRC-007,"BRH — Banque de la République d'Haïti, taux de référence calculé à l'achat"
2015-10-20,53.2995,1516.pdf,SRC-007,"BRH — Banque de la République d'Haïti, taux de référence calculé à l'achat"
2015-10-21,53.2781,1516.pdf,SRC-007,"BRH — Banque de la République d'Haïti, taux de référence calculé à l'achat"
2015-10-22,53.4228,1516.pdf,SRC-007,"BRH — Banque de la République d'Haïti, taux de référence calculé à l'achat"
2015-10-23,53.2988,1516.pdf,SRC-007,"BRH — Banque de la République d'Haïti, taux de référence calculé à l'achat"
2015-10-26,53.2918,1516.pdf,SRC-007,"BRH — Banque de la République d'Haïti, taux de référence calculé à l'achat"
2015-10-27,53.398,1516.pdf,SRC-007,"BRH — Banque de la République d'Haïti, taux de référence calculé à l'achat"
2015-10-28,53.5226,1516.pdf,SRC-007,"BRH — Banque de la République d'Haïti, taux de référence calculé à l'achat"
2015-10-29,53.6701,1516.pdf,SRC-007,"BRH — Banque de la République d'Haïti, taux de référence calculé à l'achat"
2015-10-30,53.7793,1516.pdf,SRC-007,"BRH — Banque de la République d'Haïti, taux de référence calculé à l'achat"
2015-11-03,53.8199,1516.pdf,SRC-007,"BRH — Banque de la République d'Haïti, taux de référence calculé à l'achat"
2015-11-04,54.0309,1516.pdf,SRC-007,"BRH — Banque de la République d'Haïti, taux de référence calculé à l'achat"
2015-11-05,54.1585,1516.pdf,SRC-007,"BRH — Banque de la République d'Haïti, taux de référence calculé à l'achat"
2015-11-06,54.2748,1516.pdf,SRC-007,"BRH — Banque de la République d'Haïti, taux de référence calculé à l'achat"
2015-11-09,54.4572,1516.pdf,SRC-007,"BRH — Banque de la République d'Haïti, taux de référence calculé à l'achat"
2015-11-10,54.5008,1516.pdf,SRC-007,"BRH — Banque de la République d'Haïti, taux de référence calculé à l'achat"
2015-11-11,54.5608,1516.pdf,SRC-007,"BRH — Banque de la République d'Haïti, taux de référence calculé à l'achat"
2015-11-12,54.6387,1516.pdf,SRC-007,"BRH — Banque de la République d'Haïti, taux de référence calculé à l'achat"
2015-11-13,54.7329,1516.pdf,SRC-007,"BRH — Banque de la République d'Haïti, taux de référence calculé à l'achat"
2015-11-16,54.8252,1516.pdf,SRC-007,"BRH — Banque de la République d'Haïti, taux de référence calculé à l'achat"
2015-11-17,54.9813,1516.pdf,SRC-007,"BRH — Banque de la République d'Haïti, taux de référence calculé à l'achat"
2015-11-19,55.0896,1516.pdf,SRC-007,"BRH — Banque de la République d'Haïti, taux de référence calculé à l'achat"
2015-11-20,55.1743,1516.pdf,SRC-007,"BRH — Banque de la République d'Haïti, taux de référence calculé à l'achat"
2015-11-23,55.3044,1516.pdf,SRC-007,"BRH — Banque de la République d'Haïti, taux de référence calculé à l'achat"
2015-11-24,55.7313,1516.pdf,SRC-007,"BRH — Banque de la République d'Haïti, taux de référence calculé à l'achat"
2015-11-25,56.0558,1516.pdf,SRC-007,"BRH — Banque de la République d'Haïti, taux de référence calculé à l'achat"
2015-11-26,55.9108,1516.pdf,SRC-007,"BRH — Banque de la République d'Haïti, taux de référence calculé à l'achat"
2015-11-27,56.0447,1516.pdf,SRC-007,"BRH — Banque de la République d'Haïti, taux de référence calculé à l'achat"
2015-11-30,56.1368,1516.pdf,SRC-007,"BRH — Banque de la République d'Haïti, taux de référence calculé à l'achat"
2015-12-01,56.2681,1516.pdf,SRC-007,"BRH — Banque de la République d'Haïti, taux de référence calculé à l'achat"
2015-12-02,56.2039,1516.pdf,SRC-007,"BRH — Banque de la République d'Haïti, taux de référence calculé à l'achat"
2015-12-03,56.1657,1516.pdf,SRC-007,"BRH — Banque de la République d'Haïti, taux de référence calculé à l'achat"
2015-12-04,56.2542,1516.pdf,SRC-007,"BRH — Banque de la République d'Haïti, taux de référence calculé à l'achat"
2015-12-07,56.3871,1516.pdf,SRC-007,"BRH — Banque de la République d'Haïti, taux de référence calculé à l'achat"
2015-12-08,56.5062,1516.pdf,SRC-007,"BRH — Banque de la République d'Haïti, taux de référence calculé à l'achat"
2015-12-09,56.6456,1516.pdf,SRC-007,"BRH — Banque de la République d'Haïti, taux de référence calculé à l'achat"
2015-12-10,56.5634,1516.pdf,SRC-007,"BRH — Banque de la République d'Haïti, taux de référence calculé à l'achat"
2015-12-11,56.61,1516.pdf,SRC-007,"BRH — Banque de la République d'Haïti, taux de référence calculé à l'achat"
2015-12-14,56.6452,1516.pdf,SRC-007,"BRH — Banque de la République d'Haïti, taux de référence calculé à l'achat"
2015-12-15,56.7334,1516.pdf,SRC-007,"BRH — Banque de la République d'Haïti, taux de référence calculé à l'achat"
2015-12-16,56.758,1516.pdf,SRC-007,"BRH — Banque de la République d'Haïti, taux de référence calculé à l'achat"
2015-12-17,56.7615,1516.pdf,SRC-007,"BRH — Banque de la République d'Haïti, taux de référence calculé à l'achat"
2015-12-18,56.6164,1516.pdf,SRC-007,"BRH — Banque de la République d'Haïti, taux de référence calculé à l'achat"
2015-12-21,56.6633,1516.pdf,SRC-007,"BRH — Banque de la République d'Haïti, taux de référence calculé à l'achat"
2015-12-22,56.6959,1516.pdf,SRC-007,"BRH — Banque de la République d'Haïti, taux de référence calculé à l'achat"
2015-12-23,56.4883,1516.pdf,SRC-007,"BRH — Banque de la République d'Haïti, taux de référence calculé à l'achat"
2015-12-24,56.3936,1516.pdf,SRC-007,"BRH — Banque de la République d'Haïti, taux de référence calculé à l'achat"
2015-12-28,56.592,1516.pdf,SRC-007,"BRH — Banque de la République d'Haïti, taux de référence calculé à l'achat"
2015-12-29,56.6404,1516.pdf,SRC-007,"BRH — Banque de la République d'Haïti, taux de référence calculé à l'achat"
2015-12-30,56.647,1516.pdf,SRC-007,"BRH — Banque de la République d'Haïti, taux de référence calculé à l'achat"
2015-12-31,56.697,1516.pdf,SRC-007,"BRH — Banque de la République d'Haïti, taux de référence calculé à l'achat"
2016-01-04,56.9587,1516.pdf,SRC-007,"BRH — Banque de la République d'Haïti, taux de référence calculé à l'achat"
2016-01-05,57.0512,1516.pdf,SRC-007,"BRH — Banque de la République d'Haïti, taux de référence calculé à l'achat"
2016-01-06,57.3336,1516.pdf,SRC-007,"BRH — Banque de la République d'Haïti, taux de référence calculé à l'achat"
2016-01-07,57.5332,1516.pdf,SRC-007,"BRH — Banque de la République d'Haïti, taux de référence calculé à l'achat"
2016-01-08,57.6814,1516.pdf,SRC-007,"BRH — Banque de la République d'Haïti, taux de référence calculé à l'achat"
2016-01-11,57.7011,1516.pdf,SRC-007,"BRH — Banque de la République d'Haïti, taux de référence calculé à l'achat"
2016-01-12,57.7755,1516.pdf,SRC-007,"BRH — Banque de la République d'Haïti, taux de référence calculé à l'achat"
2016-01-13,57.9559,1516.pdf,SRC-007,"BRH — Banque de la République d'Haïti, taux de référence calculé à l'achat"
2016-01-14,57.9046,1516.pdf,SRC-007,"BRH — Banque de la République d'Haïti, taux de référence calculé à l'achat"
2016-01-15,57.7936,1516.pdf,SRC-007,"BRH — Banque de la République d'Haïti, taux de référence calculé à l'achat"
2016-01-18,58.0189,1516.pdf,SRC-007,"BRH — Banque de la République d'Haïti, taux de référence calculé à l'achat"
2016-01-19,58.2338,1516.pdf,SRC-007,"BRH — Banque de la République d'Haïti, taux de référence calculé à l'achat"
2016-01-20,58.4627,1516.pdf,SRC-007,"BRH — Banque de la République d'Haïti, taux de référence calculé à l'achat"
2016-01-21,58.4933,1516.pdf,SRC-007,"BRH — Banque de la République d'Haïti, taux de référence calculé à l'achat"
2016-01-22,58.6407,1516.pdf,SRC-007,"BRH — Banque de la République d'Haïti, taux de référence calculé à l'achat"
2016-01-25,58.8665,1516.pdf,SRC-007,"BRH — Banque de la République d'Haïti, taux de référence calculé à l'achat"
2016-01-26,58.8853,1516.pdf,SRC-007,"BRH — Banque de la République d'Haïti, taux de référence calculé à l'achat"
2016-01-27,59.1237,1516.pdf,SRC-007,"BRH — Banque de la République d'Haïti, taux de référence calculé à l'achat"
2016-01-28,59.2602,1516.pdf,SRC-007,"BRH — Banque de la République d'Haïti, taux de référence calculé à l'achat"
2016-01-29,59.4546,1516.pdf,SRC-007,"BRH — Banque de la République d'Haïti, taux de référence calculé à l'achat"
2016-02-01,59.3361,1516.pdf,SRC-007,"BRH — Banque de la République d'Haïti, taux de référence calculé à l'achat"
2016-02-02,59.7577,1516.pdf,SRC-007,"BRH — Banque de la République d'Haïti, taux de référence calculé à l'achat"
2016-02-03,59.7087,1516.pdf,SRC-007,"BRH — Banque de la République d'Haïti, taux de référence calculé à l'achat"
2016-02-04,59.3963,1516.pdf,SRC-007,"BRH — Banque de la République d'Haïti, taux de référence calculé à l'achat"
2016-02-05,59.7763,1516.pdf,SRC-007,"BRH — Banque de la République d'Haïti, taux de référence calculé à l'achat"
2016-02-11,59.4204,1516.pdf,SRC-007,"BRH — Banque de la République d'Haïti, taux de référence calculé à l'achat"
2016-02-12,60.103,1516.pdf,SRC-007,"BRH — Banque de la République d'Haïti, taux de référence calculé à l'achat"
2016-02-15,60.4022,1516.pdf,SRC-007,"BRH — Banque de la République d'Haïti, taux de référence calculé à l'achat"
2016-02-16,60.4569,1516.pdf,SRC-007,"BRH — Banque de la République d'Haïti, taux de référence calculé à l'achat"
2016-02-17,60.5428,1516.pdf,SRC-007,"BRH — Banque de la République d'Haïti, taux de référence calculé à l'achat"
2016-02-18,60.5002,1516.pdf,SRC-007,"BRH — Banque de la République d'Haïti, taux de référence calculé à l'achat"
2016-02-19,60.854,1516.pdf,SRC-007,"BRH — Banque de la République d'Haïti, taux de référence calculé à l'achat"
2016-02-22,60.9157,1516.pdf,SRC-007,"BRH — Banque de la République d'Haïti, taux de référence calculé à l'achat"
2016-02-23,61.3384,1516.pdf,SRC-007,"BRH — Banque de la République d'Haïti, taux de référence calculé à l'achat"
2016-02-24,61.4159,1516.pdf,SRC-007,"BRH — Banque de la République d'Haïti, taux de référence calculé à l'achat"
2016-02-25,61.5431,1516.pdf,SRC-007,"BRH — Banque de la République d'Haïti, taux de référence calculé à l'achat"
2016-02-26,61.4087,1516.pdf,SRC-007,"BRH — Banque de la République d'Haïti, taux de référence calculé à l'achat"
2016-02-29,61.4393,1516.pdf,SRC-007,"BRH — Banque de la République d'Haïti, taux de référence calculé à l'achat"
2016-03-01,61.504,1516.pdf,SRC-007,"BRH — Banque de la République d'Haïti, taux de référence calculé à l'achat"
2016-03-02,61.5635,1516.pdf,SRC-007,"BRH — Banque de la République d'Haïti, taux de référence calculé à l'achat"
2016-03-03,61.646,1516.pdf,SRC-007,"BRH — Banque de la République d'Haïti, taux de référence calculé à l'achat"
2016-03-04,61.6299,1516.pdf,SRC-007,"BRH — Banque de la République d'Haïti, taux de référence calculé à l'achat"
2016-03-07,61.6486,1516.pdf,SRC-007,"BRH — Banque de la République d'Haïti, taux de référence calculé à l'achat"
2016-03-08,61.6083,1516.pdf,SRC-007,"BRH — Banque de la République d'Haïti, taux de référence calculé à l'achat"
2016-03-09,61.7228,1516.pdf,SRC-007,"BRH — Banque de la République d'Haïti, taux de référence calculé à l'achat"
2016-03-10,61.7414,1516.pdf,SRC-007,"BRH — Banque de la République d'Haïti, taux de référence calculé à l'achat"
2016-03-11,61.66,1516.pdf,SRC-007,"BRH — Banque de la République d'Haïti, taux de référence calculé à l'achat"
2016-03-14,61.725,1516.pdf,SRC-007,"BRH — Banque de la République d'Haïti, taux de référence calculé à l'achat"
2016-03-15,61.6911,1516.pdf,SRC-007,"BRH — Banque de la République d'Haïti, taux de référence calculé à l'achat"
2016-03-16,61.2271,1516.pdf,SRC-007,"BRH — Banque de la République d'Haïti, taux de référence calculé à l'achat"
2016-03-17,61.7589,1516.pdf,SRC-007,"BRH — Banque de la République d'Haïti, taux de référence calculé à l'achat"
2016-03-18,61.6441,1516.pdf,SRC-007,"BRH — Banque de la République d'Haïti, taux de référence calculé à l'achat"
2016-03-21,61.7544,1516.pdf,SRC-007,"BRH — Banque de la République d'Haïti, taux de référence calculé à l'achat"
2016-03-22,61.731,1516.pdf,SRC-007,"BRH — Banque de la République d'Haïti, taux de référence calculé à l'achat"
2016-03-23,61.7513,1516.pdf,SRC-007,"BRH — Banque de la République d'Haïti, taux de référence calculé à l'achat"
2016-03-24,61.7563,1516.pdf,SRC-007,"BRH — Banque de la République d'Haïti, taux de référence calculé à l'achat"
2016-03-28,61.7547,1516.pdf,SRC-007,"BRH — Banque de la République d'Haïti, taux de référence calculé à l'achat"
2016-03-29,61.794,1516.pdf,SRC-007,"BRH — Banque de la République d'Haïti, taux de référence calculé à l'achat"
2016-03-30,61.7435,1516.pdf,SRC-007,"BRH — Banque de la République d'Haïti, taux de référence calculé à l'achat"
2016-03-31,61.7627,1516.pdf,SRC-007,"BRH — Banque de la République d'Haïti, taux de référence calculé à l'achat"
2016-04-01,61.7581,1516.pdf,SRC-007,"BRH — Banque de la République d'Haïti, taux de référence calculé à l'achat"
2016-04-04,61.7059,1516.pdf,SRC-007,"BRH — Banque de la République d'Haïti, taux de référence calculé à l'achat"
2016-04-05,61.4107,1516.pdf,SRC-007,"BRH — Banque de la République d'Haïti, taux de référence calculé à l'achat"
2016-04-06,61.8061,1516.pdf,SRC-007,"BRH — Banque de la République d'Haïti, taux de référence calculé à l'achat"
2016-04-07,61.777,1516.pdf,SRC-007,"BRH — Banque de la République d'Haïti, taux de référence calculé à l'achat"
2016-04-08,61.7667,1516.pdf,SRC-007,"BRH — Banque de la République d'Haïti, taux de référence calculé à l'achat"
2016-04-11,61.6813,1516.pdf,SRC-007,"BRH — Banque de la République d'Haïti, taux de référence calculé à l'achat"
2016-04-12,61.8101,1516.pdf,SRC-007,"BRH — Banque de la République d'Haïti, taux de référence calculé à l'achat"
2016-04-13,61.7421,1516.pdf,SRC-007,"BRH — Banque de la République d'Haïti, taux de référence calculé à l'achat"
2016-04-14,61.8797,1516.pdf,SRC-007,"BRH — Banque de la République d'Haïti, taux de référence calculé à l'achat"
2016-04-15,61.8372,1516.pdf,SRC-007,"BRH — Banque de la République d'Haïti, taux de référence calculé à l'achat"
2016-04-18,61.7996,1516.pdf,SRC-007,"BRH — Banque de la République d'Haïti, taux de référence calculé à l'achat"
2016-04-19,61.8819,1516.pdf,SRC-007,"BRH — Banque de la République d'Haïti, taux de référence calculé à l'achat"
2016-04-20,61.916,1516.pdf,SRC-007,"BRH — Banque de la République d'Haïti, taux de référence calculé à l'achat"
2016-04-21,61.8801,1516.pdf,SRC-007,"BRH — Banque de la République d'Haïti, taux de référence calculé à l'achat"
2016-04-22,61.9466,1516.pdf,SRC-007,"BRH — Banque de la République d'Haïti, taux de référence calculé à l'achat"
2016-04-25,61.8861,1516.pdf,SRC-007,"BRH — Banque de la République d'Haïti, taux de référence calculé à l'achat"
2016-04-26,61.9624,1516.pdf,SRC-007,"BRH — Banque de la République d'Haïti, taux de référence calculé à l'achat"
2016-04-27,61.9116,1516.pdf,SRC-007,"BRH — Banque de la République d'Haïti, taux de référence calculé à l'achat"
2016-04-28,62.0042,1516.pdf,SRC-007,"BRH — Banque de la République d'Haïti, taux de référence calculé à l'achat"
2016-04-29,61.9572,1516.pdf,SRC-007,"BRH — Banque de la République d'Haïti, taux de référence calculé à l'achat"
2016-05-02,61.9215,1516.pdf,SRC-007,"BRH — Banque de la République d'Haïti, taux de référence calculé à l'achat"
2016-05-03,62.0256,1516.pdf,SRC-007,"BRH — Banque de la République d'Haïti, taux de référence calculé à l'achat"
2016-05-04,62.0647,1516.pdf,SRC-007,"BRH — Banque de la République d'Haïti, taux de référence calculé à l'achat"
2016-05-05,62.0474,1516.pdf,SRC-007,"BRH — Banque de la République d'Haïti, taux de référence calculé à l'achat"
2016-05-06,62.0545,1516.pdf,SRC-007,"BRH — Banque de la République d'Haïti, taux de référence calculé à l'achat"
2016-05-09,62.0031,1516.pdf,SRC-007,"BRH — Banque de la République d'Haïti, taux de référence calculé à l'achat"
2016-05-10,62.019,1516.pdf,SRC-007,"BRH — Banque de la République d'Haïti, taux de référence calculé à l'achat"
2016-05-11,62.0509,1516.pdf,SRC-007,"BRH — Banque de la République d'Haïti, taux de référence calculé à l'achat"
2016-05-12,62.0712,1516.pdf,SRC-007,"BRH — Banque de la République d'Haïti, taux de référence calculé à l'achat"
2016-05-13,62.0204,1516.pdf,SRC-007,"BRH — Banque de la République d'Haïti, taux de référence calculé à l'achat"
2016-05-16,62.0449,1516.pdf,SRC-007,"BRH — Banque de la République d'Haïti, taux de référence calculé à l'achat"
2016-05-17,62.0302,1516.pdf,SRC-007,"BRH — Banque de la République d'Haïti, taux de référence calculé à l'achat"
2016-05-19,61.9794,1516.pdf,SRC-007,"BRH — Banque de la République d'Haïti, taux de référence calculé à l'achat"
2016-05-20,62.0161,1516.pdf,SRC-007,"BRH — Banque de la République d'Haïti, taux de référence calculé à l'achat"
2016-05-23,62.0704,1516.pdf,SRC-007,"BRH — Banque de la République d'Haïti, taux de référence calculé à l'achat"
2016-05-24,62.0746,1516.pdf,SRC-007,"BRH — Banque de la République d'Haïti, taux de référence calculé à l'achat"
2016-05-25,62.1836,1516.pdf,SRC-007,"BRH — Banque de la République d'Haïti, taux de référence calculé à l'achat"
2016-05-27,62.2467,1516.pdf,SRC-007,"BRH — Banque de la République d'Haïti, taux de référence calculé à l'achat"
2016-05-30,62.2719,1516.pdf,SRC-007,"BRH — Banque de la République d'Haïti, taux de référence calculé à l'achat"
2016-05-31,62.2054,1516.pdf,SRC-007,"BRH — Banque de la République d'Haïti, taux de référence calculé à l'achat"
2016-06-01,62.3363,1516.pdf,SRC-007,"BRH — Banque de la République d'Haïti, taux de référence calculé à l'achat"
2016-06-02,62.2577,1516.pdf,SRC-007,"BRH — Banque de la République d'Haïti, taux de référence calculé à l'achat"
2016-06-03,62.3316,1516.pdf,SRC-007,"BRH — Banque de la République d'Haïti, taux de référence calculé à l'achat"
2016-06-06,62.2528,1516.pdf,SRC-007,"BRH — Banque de la République d'Haïti, taux de référence calculé à l'achat"
2016-06-07,62.2613,1516.pdf,SRC-007,"BRH — Banque de la République d'Haïti, taux de référence calculé à l'achat"
2016-06-08,62.3938,1516.pdf,SRC-007,"BRH — Banque de la République d'Haïti, taux de référence calculé à l'achat"
2016-06-09,62.3596,1516.pdf,SRC-007,"BRH — Banque de la République d'Haïti, taux de référence calculé à l'achat"
2016-06-10,62.4532,1516.pdf,SRC-007,"BRH — Banque de la République d'Haïti, taux de référence calculé à l'achat"
2016-06-13,62.5121,1516.pdf,SRC-007,"BRH — Banque de la République d'Haïti, taux de référence calculé à l'achat"
2016-06-14,62.5806,1516.pdf,SRC-007,"BRH — Banque de la République d'Haïti, taux de référence calculé à l'achat"
2016-06-15,62.6498,1516.pdf,SRC-007,"BRH — Banque de la République d'Haïti, taux de référence calculé à l'achat"
2016-06-16,62.6114,1516.pdf,SRC-007,"BRH — Banque de la République d'Haïti, taux de référence calculé à l'achat"
2016-06-17,62.6518,1516.pdf,SRC-007,"BRH — Banque de la République d'Haïti, taux de référence calculé à l'achat"
2016-06-20,62.6251,1516.pdf,SRC-007,"BRH — Banque de la République d'Haïti, taux de référence calculé à l'achat"
2016-06-21,62.7456,1516.pdf,SRC-007,"BRH — Banque de la République d'Haïti, taux de référence calculé à l'achat"
2016-06-22,62.6959,1516.pdf,SRC-007,"BRH — Banque de la République d'Haïti, taux de référence calculé à l'achat"
2016-06-23,62.8405,1516.pdf,SRC-007,"BRH — Banque de la République d'Haïti, taux de référence calculé à l'achat"
2016-06-24,62.7996,1516.pdf,SRC-007,"BRH — Banque de la République d'Haïti, taux de référence calculé à l'achat"
2016-06-27,62.883,1516.pdf,SRC-007,"BRH — Banque de la République d'Haïti, taux de référence calculé à l'achat"
2016-06-28,62.8486,1516.pdf,SRC-007,"BRH — Banque de la République d'Haïti, taux de référence calculé à l'achat"
2016-06-29,62.8833,1516.pdf,SRC-007,"BRH — Banque de la République d'Haïti, taux de référence calculé à l'achat"
2016-06-30,62.8939,1516.pdf,SRC-007,"BRH — Banque de la République d'Haïti, taux de référence calculé à l'achat"
2016-07-01,62.9433,1516.pdf,SRC-007,"BRH — Banque de la République d'Haïti, taux de référence calculé à l'achat"
2016-07-04,62.9304,1516.pdf,SRC-007,"BRH — Banque de la République d'Haïti, taux de référence calculé à l'achat"
2016-07-05,62.9616,1516.pdf,SRC-007,"BRH — Banque de la République d'Haïti, taux de référence calculé à l'achat"
2016-07-06,63.0886,1516.pdf,SRC-007,"BRH — Banque de la République d'Haïti, taux de référence calculé à l'achat"
2016-07-07,63.0547,1516.pdf,SRC-007,"BRH — Banque de la République d'Haïti, taux de référence calculé à l'achat"
2016-07-08,63.1965,1516.pdf,SRC-007,"BRH — Banque de la République d'Haïti, taux de référence calculé à l'achat"
2016-07-11,63.2257,1516.pdf,SRC-007,"BRH — Banque de la République d'Haïti, taux de référence calculé à l'achat"
2016-07-12,63.2065,1516.pdf,SRC-007,"BRH — Banque de la République d'Haïti, taux de référence calculé à l'achat"
2016-07-13,63.3563,1516.pdf,SRC-007,"BRH — Banque de la République d'Haïti, taux de référence calculé à l'achat"
2016-07-14,63.3493,1516.pdf,SRC-007,"BRH — Banque de la République d'Haïti, taux de référence calculé à l'achat"
2016-07-15,63.3869,1516.pdf,SRC-007,"BRH — Banque de la République d'Haïti, taux de référence calculé à l'achat"
2016-07-18,63.3431,1516.pdf,SRC-007,"BRH — Banque de la République d'Haïti, taux de référence calculé à l'achat"
2016-07-19,63.4534,1516.pdf,SRC-007,"BRH — Banque de la République d'Haïti, taux de référence calculé à l'achat"
2016-07-20,63.4792,1516.pdf,SRC-007,"BRH — Banque de la République d'Haïti, taux de référence calculé à l'achat"
2016-07-21,63.4873,1516.pdf,SRC-007,"BRH — Banque de la République d'Haïti, taux de référence calculé à l'achat"
2016-07-22,63.5098,1516.pdf,SRC-007,"BRH — Banque de la République d'Haïti, taux de référence calculé à l'achat"
2016-07-25,63.5728,1516.pdf,SRC-007,"BRH — Banque de la République d'Haïti, taux de référence calculé à l'achat"
2016-07-26,63.3438,1516.pdf,SRC-007,"BRH — Banque de la République d'Haïti, taux de référence calculé à l'achat"
2016-07-27,63.662,1516.pdf,SRC-007,"BRH — Banque de la République d'Haïti, taux de référence calculé à l'achat"
2016-07-28,63.7508,1516.pdf,SRC-007,"BRH — Banque de la République d'Haïti, taux de référence calculé à l'achat"
2016-07-29,63.6545,1516.pdf,SRC-007,"BRH — Banque de la République d'Haïti, taux de référence calculé à l'achat"
2016-08-01,63.7494,1516.pdf,SRC-007,"BRH — Banque de la République d'Haïti, taux de référence calculé à l'achat"
2016-08-02,63.8211,1516.pdf,SRC-007,"BRH — Banque de la République d'Haïti, taux de référence calculé à l'achat"
2016-08-03,63.8951,1516.pdf,SRC-007,"BRH — Banque de la République d'Haïti, taux de référence calculé à l'achat"
2016-08-04,63.9996,1516.pdf,SRC-007,"BRH — Banque de la République d'Haïti, taux de référence calculé à l'achat"
2016-08-05,63.9986,1516.pdf,SRC-007,"BRH — Banque de la République d'Haïti, taux de référence calculé à l'achat"
2016-08-08,64.0752,1516.pdf,SRC-007,"BRH — Banque de la République d'Haïti, taux de référence calculé à l'achat"
2016-08-09,64.1139,1516.pdf,SRC-007,"BRH — Banque de la République d'Haïti, taux de référence calculé à l'achat"
2016-08-10,64.1118,1516.pdf,SRC-007,"BRH — Banque de la République d'Haïti, taux de référence calculé à l'achat"
2016-08-11,64.215,1516.pdf,SRC-007,"BRH — Banque de la République d'Haïti, taux de référence calculé à l'achat"
2016-08-12,64.3174,1516.pdf,SRC-007,"BRH — Banque de la République d'Haïti, taux de référence calculé à l'achat"
2016-08-16,64.2512,1516.pdf,SRC-007,"BRH — Banque de la République d'Haïti, taux de référence calculé à l'achat"
2016-08-17,64.2475,1516.pdf,SRC-007,"BRH — Banque de la République d'Haïti, taux de référence calculé à l'achat"
2016-08-18,64.3679,1516.pdf,SRC-007,"BRH — Banque de la République d'Haïti, taux de référence calculé à l'achat"
2016-08-19,64.5486,1516.pdf,SRC-007,"BRH — Banque de la République d'Haïti, taux de référence calculé à l'achat"
2016-08-22,64.536,1516.pdf,SRC-007,"BRH — Banque de la République d'Haïti, taux de référence calculé à l'achat"
2016-08-23,64.7366,1516.pdf,SRC-007,"BRH — Banque de la République d'Haïti, taux de référence calculé à l'achat"
2016-08-24,64.7433,1516.pdf,SRC-007,"BRH — Banque de la République d'Haïti, taux de référence calculé à l'achat"
2016-08-25,64.7346,1516.pdf,SRC-007,"BRH — Banque de la République d'Haïti, taux de référence calculé à l'achat"
2016-08-26,64.8533,1516.pdf,SRC-007,"BRH — Banque de la République d'Haïti, taux de référence calculé à l'achat"
2016-08-29,64.8535,1516.pdf,SRC-007,"BRH — Banque de la République d'Haïti, taux de référence calculé à l'achat"
2016-08-30,64.8937,1516.pdf,SRC-007,"BRH — Banque de la République d'Haïti, taux de référence calculé à l'achat"
2016-08-31,64.8864,1516.pdf,SRC-007,"BRH — Banque de la République d'Haïti, taux de référence calculé à l'achat"
2016-09-01,64.8898,1516.pdf,SRC-007,"BRH — Banque de la République d'Haïti, taux de référence calculé à l'achat"
2016-09-02,64.7593,1516.pdf,SRC-007,"BRH — Banque de la République d'Haïti, taux de référence calculé à l'achat"
2016-09-05,64.8564,1516.pdf,SRC-007,"BRH — Banque de la République d'Haïti, taux de référence calculé à l'achat"
2016-09-06,64.914,1516.pdf,SRC-007,"BRH — Banque de la République d'Haïti, taux de référence calculé à l'achat"
2016-09-07,64.9821,1516.pdf,SRC-007,"BRH — Banque de la République d'Haïti, taux de référence calculé à l'achat"
2016-09-08,65.026,1516.pdf,SRC-007,"BRH — Banque de la République d'Haïti, taux de référence calculé à l'achat"
2016-09-09,65.0641,1516.pdf,SRC-007,"BRH — Banque de la République d'Haïti, taux de référence calculé à l'achat"
2016-09-12,65.092,1516.pdf,SRC-007,"BRH — Banque de la République d'Haïti, taux de référence calculé à l'achat"
2016-09-13,65.1102,1516.pdf,SRC-007,"BRH — Banque de la République d'Haïti, taux de référence calculé à l'achat"
2016-09-14,65.1377,1516.pdf,SRC-007,"BRH — Banque de la République d'Haïti, taux de référence calculé à l'achat"
2016-09-15,65.2105,1516.pdf,SRC-007,"BRH — Banque de la République d'Haïti, taux de référence calculé à l'achat"
2016-09-16,65.2691,1516.pdf,SRC-007,"BRH — Banque de la République d'Haïti, taux de référence calculé à l'achat"
2016-09-19,65.2813,1516.pdf,SRC-007,"BRH — Banque de la République d'Haïti, taux de référence calculé à l'achat"
2016-09-20,65.3184,1516.pdf,SRC-007,"BRH — Banque de la République d'Haïti, taux de référence calculé à l'achat"
2016-09-21,65.3433,1516.pdf,SRC-007,"BRH — Banque de la République d'Haïti, taux de référence calculé à l'achat"
2016-09-22,65.3534,1516.pdf,SRC-007,"BRH — Banque de la République d'Haïti, taux de référence calculé à l'achat"
2016-09-23,65.3878,1516.pdf,SRC-007,"BRH — Banque de la République d'Haïti, taux de référence calculé à l'achat"
2016-09-26,65.4222,1516.pdf,SRC-007,"BRH — Banque de la République d'Haïti, taux de référence calculé à l'achat"
2016-09-27,65.46,1516.pdf,SRC-007,"BRH — Banque de la République d'Haïti, taux de référence calculé à l'achat"
2016-09-28,65.496,1516.pdf,SRC-007,"BRH — Banque de la République d'Haïti, taux de référence calculé à l'achat"
2016-09-29,65.5248,1516.pdf,SRC-007,"BRH — Banque de la République d'Haïti, taux de référence calculé à l'achat"
2016-09-30,65.5368,1516.pdf,SRC-007,"BRH — Banque de la République d'Haïti, taux de référence calculé à l'achat"
2016-10-03,65.5715,1617.pdf,SRC-007,"BRH — Banque de la République d'Haïti, taux de référence calculé à l'achat"
2016-10-05,65.5447,1617.pdf,SRC-007,"BRH — Banque de la République d'Haïti, taux de référence calculé à l'achat"
2016-10-06,65.5715,1617.pdf,SRC-007,"BRH — Banque de la République d'Haïti, taux de référence calculé à l'achat"
2016-10-07,65.6301,1617.pdf,SRC-007,"BRH — Banque de la République d'Haïti, taux de référence calculé à l'achat"
2016-10-10,65.6793,1617.pdf,SRC-007,"BRH — Banque de la République d'Haïti, taux de référence calculé à l'achat"
2016-10-11,65.7337,1617.pdf,SRC-007,"BRH — Banque de la République d'Haïti, taux de référence calculé à l'achat"
2016-10-12,65.7521,1617.pdf,SRC-007,"BRH — Banque de la République d'Haïti, taux de référence calculé à l'achat"
2016-10-13,65.7794,1617.pdf,SRC-007,"BRH — Banque de la République d'Haïti, taux de référence calculé à l'achat"
2016-10-14,65.8138,1617.pdf,SRC-007,"BRH — Banque de la République d'Haïti, taux de référence calculé à l'achat"
2016-10-18,65.853,1617.pdf,SRC-007,"BRH — Banque de la République d'Haïti, taux de référence calculé à l'achat"
2016-10-19,65.9058,1617.pdf,SRC-007,"BRH — Banque de la République d'Haïti, taux de référence calculé à l'achat"
2016-10-20,66.0054,1617.pdf,SRC-007,"BRH — Banque de la République d'Haïti, taux de référence calculé à l'achat"
2016-10-21,66.0637,1617.pdf,SRC-007,"BRH — Banque de la République d'Haïti, taux de référence calculé à l'achat"
2016-10-24,66.0935,1617.pdf,SRC-007,"BRH — Banque de la République d'Haïti, taux de référence calculé à l'achat"
2016-10-25,66.1227,1617.pdf,SRC-007,"BRH — Banque de la République d'Haïti, taux de référence calculé à l'achat"
2016-10-26,66.1656,1617.pdf,SRC-007,"BRH — Banque de la République d'Haïti, taux de référence calculé à l'achat"
2016-10-27,66.2068,1617.pdf,SRC-007,"BRH — Banque de la République d'Haïti, taux de référence calculé à l'achat"
2016-10-28,66.2569,1617.pdf,SRC-007,"BRH — Banque de la République d'Haïti, taux de référence calculé à l'achat"
2016-10-31,66.3278,1617.pdf,SRC-007,"BRH — Banque de la République d'Haïti, taux de référence calculé à l'achat"
2016-11-03,66.3762,1617.pdf,SRC-007,"BRH — Banque de la République d'Haïti, taux de référence calculé à l'achat"
2016-11-04,66.4203,1617.pdf,SRC-007,"BRH — Banque de la République d'Haïti, taux de référence calculé à l'achat"
2016-11-07,66.4781,1617.pdf,SRC-007,"BRH — Banque de la République d'Haïti, taux de référence calculé à l'achat"
2016-11-08,66.5155,1617.pdf,SRC-007,"BRH — Banque de la République d'Haïti, taux de référence calculé à l'achat"
2016-11-09,66.5754,1617.pdf,SRC-007,"BRH — Banque de la République d'Haïti, taux de référence calculé à l'achat"
2016-11-10,66.6286,1617.pdf,SRC-007,"BRH — Banque de la République d'Haïti, taux de référence calculé à l'achat"
2016-11-11,66.6634,1617.pdf,SRC-007,"BRH — Banque de la République d'Haïti, taux de référence calculé à l'achat"
2016-11-14,66.7197,1617.pdf,SRC-007,"BRH — Banque de la République d'Haïti, taux de référence calculé à l'achat"
2016-11-15,66.6969,1617.pdf,SRC-007,"BRH — Banque de la République d'Haïti, taux de référence calculé à l'achat"
2016-11-16,66.7354,1617.pdf,SRC-007,"BRH — Banque de la République d'Haïti, taux de référence calculé à l'achat"
2016-11-17,66.7822,1617.pdf,SRC-007,"BRH — Banque de la République d'Haïti, taux de référence calculé à l'achat"
2016-11-21,66.8379,1617.pdf,SRC-007,"BRH — Banque de la République d'Haïti, taux de référence calculé à l'achat"
2016-11-22,66.8998,1617.pdf,SRC-007,"BRH — Banque de la République d'Haïti, taux de référence calculé à l'achat"
2016-11-23,66.9536,1617.pdf,SRC-007,"BRH — Banque de la République d'Haïti, taux de référence calculé à l'achat"
2016-11-24,67.0,1617.pdf,SRC-007,"BRH — Banque de la République d'Haïti, taux de référence calculé à l'achat"
2016-11-25,67.0608,1617.pdf,SRC-007,"BRH — Banque de la République d'Haïti, taux de référence calculé à l'achat"
2016-11-28,67.037,1617.pdf,SRC-007,"BRH — Banque de la République d'Haïti, taux de référence calculé à l'achat"
2016-11-29,67.0724,1617.pdf,SRC-007,"BRH — Banque de la République d'Haïti, taux de référence calculé à l'achat"
2016-11-30,67.0629,1617.pdf,SRC-007,"BRH — Banque de la République d'Haïti, taux de référence calculé à l'achat"
2016-12-01,67.0571,1617.pdf,SRC-007,"BRH — Banque de la République d'Haïti, taux de référence calculé à l'achat"
2016-12-02,67.0472,1617.pdf,SRC-007,"BRH — Banque de la République d'Haïti, taux de référence calculé à l'achat"
2016-12-05,67.0809,1617.pdf,SRC-007,"BRH — Banque de la République d'Haïti, taux de référence calculé à l'achat"
2016-12-06,67.1148,1617.pdf,SRC-007,"BRH — Banque de la République d'Haïti, taux de référence calculé à l'achat"
2016-12-07,67.1583,1617.pdf,SRC-007,"BRH — Banque de la République d'Haïti, taux de référence calculé à l'achat"
2016-12-08,67.0927,1617.pdf,SRC-007,"BRH — Banque de la République d'Haïti, taux de référence calculé à l'achat"
2016-12-09,67.1539,1617.pdf,SRC-007,"BRH — Banque de la République d'Haïti, taux de référence calculé à l'achat"
2016-12-12,67.1953,1617.pdf,SRC-007,"BRH — Banque de la République d'Haïti, taux de référence calculé à l'achat"
2016-12-13,67.2147,1617.pdf,SRC-007,"BRH — Banque de la République d'Haïti, taux de référence calculé à l'achat"
2016-12-14,67.2465,1617.pdf,SRC-007,"BRH — Banque de la République d'Haïti, taux de référence calculé à l'achat"
2016-12-15,67.2621,1617.pdf,SRC-007,"BRH — Banque de la République d'Haïti, taux de référence calculé à l'achat"
2016-12-16,67.2954,1617.pdf,SRC-007,"BRH — Banque de la République d'Haïti, taux de référence calculé à l'achat"
2016-12-19,67.3217,1617.pdf,SRC-007,"BRH — Banque de la République d'Haïti, taux de référence calculé à l'achat"
2016-12-20,67.3329,1617.pdf,SRC-007,"BRH — Banque de la République d'Haïti, taux de référence calculé à l'achat"
2016-12-21,67.3502,1617.pdf,SRC-007,"BRH — Banque de la République d'Haïti, taux de référence calculé à l'achat"
2016-12-22,67.3857,1617.pdf,SRC-007,"BRH — Banque de la République d'Haïti, taux de référence calculé à l'achat"
2016-12-23,67.354,1617.pdf,SRC-007,"BRH — Banque de la République d'Haïti, taux de référence calculé à l'achat"
2016-12-26,67.3733,1617.pdf,SRC-007,"BRH — Banque de la République d'Haïti, taux de référence calculé à l'achat"
2016-12-27,67.3831,1617.pdf,SRC-007,"BRH — Banque de la République d'Haïti, taux de référence calculé à l'achat"
2016-12-28,67.4034,1617.pdf,SRC-007,"BRH — Banque de la République d'Haïti, taux de référence calculé à l'achat"
2016-12-29,67.4125,1617.pdf,SRC-007,"BRH — Banque de la République d'Haïti, taux de référence calculé à l'achat"
2016-12-30,67.3944,1617.pdf,SRC-007,"BRH — Banque de la République d'Haïti, taux de référence calculé à l'achat"
2017-01-03,67.4105,1617.pdf,SRC-007,"BRH — Banque de la République d'Haïti, taux de référence calculé à l'achat"
2017-01-04,67.4246,1617.pdf,SRC-007,"BRH — Banque de la République d'Haïti, taux de référence calculé à l'achat"
2017-01-05,67.4054,1617.pdf,SRC-007,"BRH — Banque de la République d'Haïti, taux de référence calculé à l'achat"
2017-01-06,67.4454,1617.pdf,SRC-007,"BRH — Banque de la République d'Haïti, taux de référence calculé à l'achat"
2017-01-09,67.4683,1617.pdf,SRC-007,"BRH — Banque de la République d'Haïti, taux de référence calculé à l'achat"
2017-01-10,67.4893,1617.pdf,SRC-007,"BRH — Banque de la République d'Haïti, taux de référence calculé à l'achat"
2017-01-11,67.5304,1617.pdf,SRC-007,"BRH — Banque de la République d'Haïti, taux de référence calculé à l'achat"
2017-01-12,67.5592,1617.pdf,SRC-007,"BRH — Banque de la République d'Haïti, taux de référence calculé à l'achat"
2017-01-13,67.5353,1617.pdf,SRC-007,"BRH — Banque de la République d'Haïti, taux de référence calculé à l'achat"
2017-01-16,67.6,1617.pdf,SRC-007,"BRH — Banque de la République d'Haïti, taux de référence calculé à l'achat"
2017-01-17,67.6385,1617.pdf,SRC-007,"BRH — Banque de la République d'Haïti, taux de référence calculé à l'achat"
2017-01-18,67.6586,1617.pdf,SRC-007,"BRH — Banque de la République d'Haïti, taux de référence calculé à l'achat"
2017-01-19,67.6728,1617.pdf,SRC-007,"BRH — Banque de la République d'Haïti, taux de référence calculé à l'achat"
2017-01-20,67.6998,1617.pdf,SRC-007,"BRH — Banque de la République d'Haïti, taux de référence calculé à l'achat"
2017-01-23,67.7292,1617.pdf,SRC-007,"BRH — Banque de la République d'Haïti, taux de référence calculé à l'achat"
2017-01-24,67.7506,1617.pdf,SRC-007,"BRH — Banque de la République d'Haïti, taux de référence calculé à l'achat"
2017-01-25,67.7771,1617.pdf,SRC-007,"BRH — Banque de la République d'Haïti, taux de référence calculé à l'achat"
2017-01-26,67.7661,1617.pdf,SRC-007,"BRH — Banque de la République d'Haïti, taux de référence calculé à l'achat"
2017-01-27,67.7628,1617.pdf,SRC-007,"BRH — Banque de la République d'Haïti, taux de référence calculé à l'achat"
2017-01-30,67.7785,1617.pdf,SRC-007,"BRH — Banque de la République d'Haïti, taux de référence calculé à l'achat"
2017-01-31,67.7976,1617.pdf,SRC-007,"BRH — Banque de la République d'Haïti, taux de référence calculé à l'achat"
2017-02-01,67.8267,1617.pdf,SRC-007,"BRH — Banque de la République d'Haïti, taux de référence calculé à l'achat"
2017-02-02,67.8511,1617.pdf,SRC-007,"BRH — Banque de la République d'Haïti, taux de référence calculé à l'achat"
2017-02-03,67.8874,1617.pdf,SRC-007,"BRH — Banque de la République d'Haïti, taux de référence calculé à l'achat"
2017-02-06,67.9189,1617.pdf,SRC-007,"BRH — Banque de la République d'Haïti, taux de référence calculé à l'achat"
2017-02-08,67.9908,1617.pdf,SRC-007,"BRH — Banque de la République d'Haïti, taux de référence calculé à l'achat"
2017-02-09,68.0294,1617.pdf,SRC-007,"BRH — Banque de la République d'Haïti, taux de référence calculé à l'achat"
2017-02-10,68.0596,1617.pdf,SRC-007,"BRH — Banque de la République d'Haïti, taux de référence calculé à l'achat"
2017-02-13,68.0874,1617.pdf,SRC-007,"BRH — Banque de la République d'Haïti, taux de référence calculé à l'achat"
2017-02-14,68.1223,1617.pdf,SRC-007,"BRH — Banque de la République d'Haïti, taux de référence calculé à l'achat"
2017-02-15,68.1401,1617.pdf,SRC-007,"BRH — Banque de la République d'Haïti, taux de référence calculé à l'achat"
2017-02-16,68.1663,1617.pdf,SRC-007,"BRH — Banque de la République d'Haïti, taux de référence calculé à l'achat"
2017-02-17,68.2129,1617.pdf,SRC-007,"BRH — Banque de la République d'Haïti, taux de référence calculé à l'achat"
2017-02-20,68.25,1617.pdf,SRC-007,"BRH — Banque de la République d'Haïti, taux de référence calculé à l'achat"
2017-02-21,68.2788,1617.pdf,SRC-007,"BRH — Banque de la République d'Haïti, taux de référence calculé à l'achat"
2017-02-22,68.315,1617.pdf,SRC-007,"BRH — Banque de la République d'Haïti, taux de référence calculé à l'achat"
2017-02-23,68.3586,1617.pdf,SRC-007,"BRH — Banque de la République d'Haïti, taux de référence calculé à l'achat"
2017-02-24,68.3332,1617.pdf,SRC-007,"BRH — Banque de la République d'Haïti, taux de référence calculé à l'achat"
2017-03-02,68.3623,1617.pdf,SRC-007,"BRH — Banque de la République d'Haïti, taux de référence calculé à l'achat"
2017-03-03,68.3958,1617.pdf,SRC-007,"BRH — Banque de la République d'Haïti, taux de référence calculé à l'achat"
2017-03-06,68.424,1617.pdf,SRC-007,"BRH — Banque de la République d'Haïti, taux de référence calculé à l'achat"
2017-03-07,68.4757,1617.pdf,SRC-007,"BRH — Banque de la République d'Haïti, taux de référence calculé à l'achat"
2017-03-08,69.0853,1617.pdf,SRC-007,"BRH — Banque de la République d'Haïti, taux de référence calculé à l'achat"
2017-03-09,68.7952,1617.pdf,SRC-007,"BRH — Banque de la République d'Haïti, taux de référence calculé à l'achat"
2017-03-10,68.936,1617.pdf,SRC-007,"BRH — Banque de la République d'Haïti, taux de référence calculé à l'achat"
2017-03-13,69.0484,1617.pdf,SRC-007,"BRH — Banque de la République d'Haïti, taux de référence calculé à l'achat"
2017-03-14,69.0727,1617.pdf,SRC-007,"BRH — Banque de la République d'Haïti, taux de référence calculé à l'achat"
2017-03-15,69.1119,1617.pdf,SRC-007,"BRH — Banque de la République d'Haïti, taux de référence calculé à l'achat"
2017-03-16,69.1485,1617.pdf,SRC-007,"BRH — Banque de la République d'Haïti, taux de référence calculé à l'achat"
2017-03-17,69.1782,1617.pdf,SRC-007,"BRH — Banque de la République d'Haïti, taux de référence calculé à l'achat"
2017-03-20,69.0971,1617.pdf,SRC-007,"BRH — Banque de la République d'Haïti, taux de référence calculé à l'achat"
2017-03-21,69.1114,1617.pdf,SRC-007,"BRH — Banque de la République d'Haïti, taux de référence calculé à l'achat"
2017-03-22,69.091,1617.pdf,SRC-007,"BRH — Banque de la République d'Haïti, taux de référence calculé à l'achat"
2017-03-23,69.1235,1617.pdf,SRC-007,"BRH — Banque de la République d'Haïti, taux de référence calculé à l'achat"
2017-03-24,69.1457,1617.pdf,SRC-007,"BRH — Banque de la République d'Haïti, taux de référence calculé à l'achat"
2017-03-27,69.187,1617.pdf,SRC-007,"BRH — Banque de la République d'Haïti, taux de référence calculé à l'achat"
2017-03-28,69.2455,1617.pdf,SRC-007,"BRH — Banque de la République d'Haïti, taux de référence calculé à l'achat"
2017-03-29,69.2825,1617.pdf,SRC-007,"BRH — Banque de la République d'Haïti, taux de référence calculé à l'achat"
2017-03-30,69.3227,1617.pdf,SRC-007,"BRH — Banque de la République d'Haïti, taux de référence calculé à l'achat"
2017-03-31,69.3523,1617.pdf,SRC-007,"BRH — Banque de la République d'Haïti, taux de référence calculé à l'achat"
2017-04-03,69.3759,1617.pdf,SRC-007,"BRH — Banque de la République d'Haïti, taux de référence calculé à l'achat"
2017-04-04,69.3965,1617.pdf,SRC-007,"BRH — Banque de la République d'Haïti, taux de référence calculé à l'achat"
2017-04-05,69.3165,1617.pdf,SRC-007,"BRH — Banque de la République d'Haïti, taux de référence calculé à l'achat"
2017-04-06,69.342,1617.pdf,SRC-007,"BRH — Banque de la République d'Haïti, taux de référence calculé à l'achat"
2017-04-07,69.1387,1617.pdf,SRC-007,"BRH — Banque de la République d'Haïti, taux de référence calculé à l'achat"
2017-04-10,69.1164,1617.pdf,SRC-007,"BRH — Banque de la République d'Haïti, taux de référence calculé à l'achat"
2017-04-11,69.1669,1617.pdf,SRC-007,"BRH — Banque de la République d'Haïti, taux de référence calculé à l'achat"
2017-04-12,69.1911,1617.pdf,SRC-007,"BRH — Banque de la République d'Haïti, taux de référence calculé à l'achat"
2017-04-13,69.1962,1617.pdf,SRC-007,"BRH — Banque de la République d'Haïti, taux de référence calculé à l'achat"
2017-04-17,69.1707,1617.pdf,SRC-007,"BRH — Banque de la République d'Haïti, taux de référence calculé à l'achat"
2017-04-18,69.0365,1617.pdf,SRC-007,"BRH — Banque de la République d'Haïti, taux de référence calculé à l'achat"
2017-04-19,68.9441,1617.pdf,SRC-007,"BRH — Banque de la République d'Haïti, taux de référence calculé à l'achat"
2017-04-20,68.8273,1617.pdf,SRC-007,"BRH — Banque de la République d'Haïti, taux de référence calculé à l'achat"
2017-04-21,68.6342,1617.pdf,SRC-007,"BRH — Banque de la République d'Haïti, taux de référence calculé à l'achat"
2017-04-24,68.3125,1617.pdf,SRC-007,"BRH — Banque de la République d'Haïti, taux de référence calculé à l'achat"
2017-04-25,68.1747,1617.pdf,SRC-007,"BRH — Banque de la République d'Haïti, taux de référence calculé à l'achat"
2017-04-26,68.0642,1617.pdf,SRC-007,"BRH — Banque de la République d'Haïti, taux de référence calculé à l'achat"
2017-04-27,67.9797,1617.pdf,SRC-007,"BRH — Banque de la République d'Haïti, taux de référence calculé à l'achat"
2017-04-28,67.6004,1617.pdf,SRC-007,"BRH — Banque de la République d'Haïti, taux de référence calculé à l'achat"
2017-05-02,67.4327,1617.pdf,SRC-007,"BRH — Banque de la République d'Haïti, taux de référence calculé à l'achat"
2017-05-03,67.253,1617.pdf,SRC-007,"BRH — Banque de la République d'Haïti, taux de référence calculé à l'achat"
2017-05-04,66.609,1617.pdf,SRC-007,"BRH — Banque de la République d'Haïti, taux de référence calculé à l'achat"
2017-05-05,66.1701,1617.pdf,SRC-007,"BRH — Banque de la République d'Haïti, taux de référence calculé à l'achat"
2017-05-08,65.6222,1617.pdf,SRC-007,"BRH — Banque de la République d'Haïti, taux de référence calculé à l'achat"
2017-05-09,65.4001,1617.pdf,SRC-007,"BRH — Banque de la République d'Haïti, taux de référence calculé à l'achat"
2017-05-10,65.1075,1617.pdf,SRC-007,"BRH — Banque de la République d'Haïti, taux de référence calculé à l'achat"
2017-05-11,64.7717,1617.pdf,SRC-007,"BRH — Banque de la République d'Haïti, taux de référence calculé à l'achat"
2017-05-12,64.4043,1617.pdf,SRC-007,"BRH — Banque de la République d'Haïti, taux de référence calculé à l'achat"
2017-05-15,64.0958,1617.pdf,SRC-007,"BRH — Banque de la République d'Haïti, taux de référence calculé à l'achat"
2017-05-16,63.7816,1617.pdf,SRC-007,"BRH — Banque de la République d'Haïti, taux de référence calculé à l'achat"
2017-05-17,63.5262,1617.pdf,SRC-007,"BRH — Banque de la République d'Haïti, taux de référence calculé à l'achat"
2017-05-19,63.2281,1617.pdf,SRC-007,"BRH — Banque de la République d'Haïti, taux de référence calculé à l'achat"
2017-05-22,62.8412,1617.pdf,SRC-007,"BRH — Banque de la République d'Haïti, taux de référence calculé à l'achat"
2017-05-23,62.6725,1617.pdf,SRC-007,"BRH — Banque de la République d'Haïti, taux de référence calculé à l'achat"
2017-05-24,62.5491,1617.pdf,SRC-007,"BRH — Banque de la République d'Haïti, taux de référence calculé à l'achat"
2017-05-25,62.391,1617.pdf,SRC-007,"BRH — Banque de la République d'Haïti, taux de référence calculé à l'achat"
2017-05-26,62.2723,1617.pdf,SRC-007,"BRH — Banque de la République d'Haïti, taux de référence calculé à l'achat"
2017-05-29,62.3126,1617.pdf,SRC-007,"BRH — Banque de la République d'Haïti, taux de référence calculé à l'achat"
2017-05-30,62.2548,1617.pdf,SRC-007,"BRH — Banque de la République d'Haïti, taux de référence calculé à l'achat"
2017-05-31,62.2023,1617.pdf,SRC-007,"BRH — Banque de la République d'Haïti, taux de référence calculé à l'achat"
2017-06-01,62.1535,1617.pdf,SRC-007,"BRH — Banque de la République d'Haïti, taux de référence calculé à l'achat"
2017-06-02,62.0617,1617.pdf,SRC-007,"BRH — Banque de la République d'Haïti, taux de référence calculé à l'achat"
2017-06-05,62.0762,1617.pdf,SRC-007,"BRH — Banque de la République d'Haïti, taux de référence calculé à l'achat"
2017-06-06,62.0948,1617.pdf,SRC-007,"BRH — Banque de la République d'Haïti, taux de référence calculé à l'achat"
2017-06-07,62.1145,1617.pdf,SRC-007,"BRH — Banque de la République d'Haïti, taux de référence calculé à l'achat"
2017-06-08,62.1287,1617.pdf,SRC-007,"BRH — Banque de la République d'Haïti, taux de référence calculé à l'achat"
2017-06-09,62.1478,1617.pdf,SRC-007,"BRH — Banque de la République d'Haïti, taux de référence calculé à l'achat"
2017-06-12,62.1582,1617.pdf,SRC-007,"BRH — Banque de la République d'Haïti, taux de référence calculé à l'achat"
2017-06-13,62.1793,1617.pdf,SRC-007,"BRH — Banque de la République d'Haïti, taux de référence calculé à l'achat"
2017-06-14,62.1614,1617.pdf,SRC-007,"BRH — Banque de la République d'Haïti, taux de référence calculé à l'achat"
2017-06-16,62.1428,1617.pdf,SRC-007,"BRH — Banque de la République d'Haïti, taux de référence calculé à l'achat"
2017-06-19,62.1089,1617.pdf,SRC-007,"BRH — Banque de la République d'Haïti, taux de référence calculé à l'achat"
2017-06-20,62.1577,1617.pdf,SRC-007,"BRH — Banque de la République d'Haïti, taux de référence calculé à l'achat"
2017-06-21,62.2566,1617.pdf,SRC-007,"BRH — Banque de la République d'Haïti, taux de référence calculé à l'achat"
2017-06-22,62.275,1617.pdf,SRC-007,"BRH — Banque de la République d'Haïti, taux de référence calculé à l'achat"
2017-06-23,62.2346,1617.pdf,SRC-007,"BRH — Banque de la République d'Haïti, taux de référence calculé à l'achat"
2017-06-26,62.3245,1617.pdf,SRC-007,"BRH — Banque de la République d'Haïti, taux de référence calculé à l'achat"
2017-06-27,62.3648,1617.pdf,SRC-007,"BRH — Banque de la République d'Haïti, taux de référence calculé à l'achat"
2017-06-28,62.3825,1617.pdf,SRC-007,"BRH — Banque de la République d'Haïti, taux de référence calculé à l'achat"
2017-06-29,62.3682,1617.pdf,SRC-007,"BRH — Banque de la République d'Haïti, taux de référence calculé à l'achat"
2017-06-30,62.3516,1617.pdf,SRC-007,"BRH — Banque de la République d'Haïti, taux de référence calculé à l'achat"
2017-07-03,62.2903,1617.pdf,SRC-007,"BRH — Banque de la République d'Haïti, taux de référence calculé à l'achat"
2017-07-04,62.3169,1617.pdf,SRC-007,"BRH — Banque de la République d'Haïti, taux de référence calculé à l'achat"
2017-07-05,62.381,1617.pdf,SRC-007,"BRH — Banque de la République d'Haïti, taux de référence calculé à l'achat"
2017-07-06,62.4194,1617.pdf,SRC-007,"BRH — Banque de la République d'Haïti, taux de référence calculé à l'achat"
2017-07-07,62.4407,1617.pdf,SRC-007,"BRH — Banque de la République d'Haïti, taux de référence calculé à l'achat"
2017-07-10,62.4527,1617.pdf,SRC-007,"BRH — Banque de la République d'Haïti, taux de référence calculé à l'achat"
2017-07-11,62.4714,1617.pdf,SRC-007,"BRH — Banque de la République d'Haïti, taux de référence calculé à l'achat"
2017-07-12,62.49,1617.pdf,SRC-007,"BRH — Banque de la République d'Haïti, taux de référence calculé à l'achat"
2017-07-13,62.5114,1617.pdf,SRC-007,"BRH — Banque de la République d'Haïti, taux de référence calculé à l'achat"
2017-07-14,62.5242,1617.pdf,SRC-007,"BRH — Banque de la République d'Haïti, taux de référence calculé à l'achat"
2017-07-17,62.5671,1617.pdf,SRC-007,"BRH — Banque de la République d'Haïti, taux de référence calculé à l'achat"
2017-07-18,62.5796,1617.pdf,SRC-007,"BRH — Banque de la République d'Haïti, taux de référence calculé à l'achat"
2017-07-19,62.5989,1617.pdf,SRC-007,"BRH — Banque de la République d'Haïti, taux de référence calculé à l'achat"
2017-07-20,62.4325,1617.pdf,SRC-007,"BRH — Banque de la République d'Haïti, taux de référence calculé à l'achat"
2017-07-21,62.5024,1617.pdf,SRC-007,"BRH — Banque de la République d'Haïti, taux de référence calculé à l'achat"
2017-07-24,62.5134,1617.pdf,SRC-007,"BRH — Banque de la République d'Haïti, taux de référence calculé à l'achat"
2017-07-25,62.5319,1617.pdf,SRC-007,"BRH — Banque de la République d'Haïti, taux de référence calculé à l'achat"
2017-07-26,62.5535,1617.pdf,SRC-007,"BRH — Banque de la République d'Haïti, taux de référence calculé à l'achat"
2017-07-27,62.5735,1617.pdf,SRC-007,"BRH — Banque de la République d'Haïti, taux de référence calculé à l'achat"
2017-07-28,62.4377,1617.pdf,SRC-007,"BRH — Banque de la République d'Haïti, taux de référence calculé à l'achat"
2017-07-31,62.4717,1617.pdf,SRC-007,"BRH — Banque de la République d'Haïti, taux de référence calculé à l'achat"
2017-08-01,62.4917,1617.pdf,SRC-007,"BRH — Banque de la République d'Haïti, taux de référence calculé à l'achat"
2017-08-02,62.5146,1617.pdf,SRC-007,"BRH — Banque de la République d'Haïti, taux de référence calculé à l'achat"
2017-08-03,62.5349,1617.pdf,SRC-007,"BRH — Banque de la République d'Haïti, taux de référence calculé à l'achat"
2017-08-04,62.5065,1617.pdf,SRC-007,"BRH — Banque de la République d'Haïti, taux de référence calculé à l'achat"
2017-08-07,62.537,1617.pdf,SRC-007,"BRH — Banque de la République d'Haïti, taux de référence calculé à l'achat"
2017-08-08,62.555,1617.pdf,SRC-007,"BRH — Banque de la République d'Haïti, taux de référence calculé à l'achat"
2017-08-09,62.5864,1617.pdf,SRC-007,"BRH — Banque de la République d'Haïti, taux de référence calculé à l'achat"
2017-08-10,62.6268,1617.pdf,SRC-007,"BRH — Banque de la République d'Haïti, taux de référence calculé à l'achat"
2017-08-11,62.6457,1617.pdf,SRC-007,"BRH — Banque de la République d'Haïti, taux de référence calculé à l'achat"
2017-08-14,62.6811,1617.pdf,SRC-007,"BRH — Banque de la République d'Haïti, taux de référence calculé à l'achat"
2017-08-16,62.6975,1617.pdf,SRC-007,"BRH — Banque de la République d'Haïti, taux de référence calculé à l'achat"
2017-08-17,62.6488,1617.pdf,SRC-007,"BRH — Banque de la République d'Haïti, taux de référence calculé à l'achat"
2017-08-18,62.6691,1617.pdf,SRC-007,"BRH — Banque de la République d'Haïti, taux de référence calculé à l'achat"
2017-08-21,62.6801,1617.pdf,SRC-007,"BRH — Banque de la République d'Haïti, taux de référence calculé à l'achat"
2017-08-22,62.7142,1617.pdf,SRC-007,"BRH — Banque de la République d'Haïti, taux de référence calculé à l'achat"
2017-08-23,62.5362,1617.pdf,SRC-007,"BRH — Banque de la République d'Haïti, taux de référence calculé à l'achat"
2017-08-24,62.5602,1617.pdf,SRC-007,"BRH — Banque de la République d'Haïti, taux de référence calculé à l'achat"
2017-08-25,62.5906,1617.pdf,SRC-007,"BRH — Banque de la République d'Haïti, taux de référence calculé à l'achat"
2017-08-28,62.6026,1617.pdf,SRC-007,"BRH — Banque de la République d'Haïti, taux de référence calculé à l'achat"
2017-08-29,62.6273,1617.pdf,SRC-007,"BRH — Banque de la République d'Haïti, taux de référence calculé à l'achat"
2017-08-30,62.6474,1617.pdf,SRC-007,"BRH — Banque de la République d'Haïti, taux de référence calculé à l'achat"
2017-08-31,62.6587,1617.pdf,SRC-007,"BRH — Banque de la République d'Haïti, taux de référence calculé à l'achat"
2017-09-01,62.7017,1617.pdf,SRC-007,"BRH — Banque de la République d'Haïti, taux de référence calculé à l'achat"
2017-09-04,62.7188,1617.pdf,SRC-007,"BRH — Banque de la République d'Haïti, taux de référence calculé à l'achat"
2017-09-05,62.8241,1617.pdf,SRC-007,"BRH — Banque de la République d'Haïti, taux de référence calculé à l'achat"
2017-09-06,62.8362,1617.pdf,SRC-007,"BRH — Banque de la République d'Haïti, taux de référence calculé à l'achat"
2017-09-07,62.8591,1617.pdf,SRC-007,"BRH — Banque de la République d'Haïti, taux de référence calculé à l'achat"
2017-09-08,62.8709,1617.pdf,SRC-007,"BRH — Banque de la République d'Haïti, taux de référence calculé à l'achat"
2017-09-11,62.8274,1617.pdf,SRC-007,"BRH — Banque de la République d'Haïti, taux de référence calculé à l'achat"
2017-09-12,62.8502,1617.pdf,SRC-007,"BRH — Banque de la République d'Haïti, taux de référence calculé à l'achat"
2017-09-13,62.8613,1617.pdf,SRC-007,"BRH — Banque de la République d'Haïti, taux de référence calculé à l'achat"
2017-09-14,62.851,1617.pdf,SRC-007,"BRH — Banque de la République d'Haïti, taux de référence calculé à l'achat"
2017-09-15,62.8617,1617.pdf,SRC-007,"BRH — Banque de la République d'Haïti, taux de référence calculé à l'achat"
2017-09-18,62.7049,1617.pdf,SRC-007,"BRH — Banque de la République d'Haïti, taux de référence calculé à l'achat"
2017-09-19,62.6231,1617.pdf,SRC-007,"BRH — Banque de la République d'Haïti, taux de référence calculé à l'achat"
2017-09-20,62.6617,1617.pdf,SRC-007,"BRH — Banque de la République d'Haïti, taux de référence calculé à l'achat"
2017-09-21,62.6816,1617.pdf,SRC-007,"BRH — Banque de la République d'Haïti, taux de référence calculé à l'achat"
2017-09-22,62.7118,1617.pdf,SRC-007,"BRH — Banque de la République d'Haïti, taux de référence calculé à l'achat"
2017-09-25,62.7319,1617.pdf,SRC-007,"BRH — Banque de la République d'Haïti, taux de référence calculé à l'achat"
2017-09-26,62.7596,1617.pdf,SRC-007,"BRH — Banque de la République d'Haïti, taux de référence calculé à l'achat"
2017-09-27,62.7011,1617.pdf,SRC-007,"BRH — Banque de la République d'Haïti, taux de référence calculé à l'achat"
2017-09-28,62.7159,1617.pdf,SRC-007,"BRH — Banque de la République d'Haïti, taux de référence calculé à l'achat"
2017-09-29,62.69,1617.pdf,SRC-007,"BRH — Banque de la République d'Haïti, taux de référence calculé à l'achat"
2017-10-02,62.709,1718.pdf,SRC-007,"BRH — Banque de la République d'Haïti, taux de référence calculé à l'achat"
2017-10-03,62.7177,1718.pdf,SRC-007,"BRH — Banque de la République d'Haïti, taux de référence calculé à l'achat"
2017-10-04,62.7323,1718.pdf,SRC-007,"BRH — Banque de la République d'Haïti, taux de référence calculé à l'achat"
2017-10-05,62.6559,1718.pdf,SRC-007,"BRH — Banque de la République d'Haïti, taux de référence calculé à l'achat"
2017-10-06,62.6755,1718.pdf,SRC-007,"BRH — Banque de la République d'Haïti, taux de référence calculé à l'achat"
2017-10-09,62.698,1718.pdf,SRC-007,"BRH — Banque de la République d'Haïti, taux de référence calculé à l'achat"
2017-10-10,62.7222,1718.pdf,SRC-007,"BRH — Banque de la République d'Haïti, taux de référence calculé à l'achat"
2017-10-11,62.7414,1718.pdf,SRC-007,"BRH — Banque de la République d'Haïti, taux de référence calculé à l'achat"
2017-10-12,62.7596,1718.pdf,SRC-007,"BRH — Banque de la République d'Haïti, taux de référence calculé à l'achat"
2017-10-13,62.8874,1718.pdf,SRC-007,"BRH — Banque de la République d'Haïti, taux de référence calculé à l'achat"
2017-10-16,62.9551,1718.pdf,SRC-007,"BRH — Banque de la République d'Haïti, taux de référence calculé à l'achat"
2017-10-18,62.9623,1718.pdf,SRC-007,"BRH — Banque de la République d'Haïti, taux de référence calculé à l'achat"
2017-10-19,62.9964,1718.pdf,SRC-007,"BRH — Banque de la République d'Haïti, taux de référence calculé à l'achat"
2017-10-20,62.9964,1718.pdf,SRC-007,"BRH — Banque de la République d'Haïti, taux de référence calculé à l'achat"
2017-10-23,62.8615,1718.pdf,SRC-007,"BRH — Banque de la République d'Haïti, taux de référence calculé à l'achat"
2017-10-24,62.9244,1718.pdf,SRC-007,"BRH — Banque de la République d'Haïti, taux de référence calculé à l'achat"
2017-10-25,62.8803,1718.pdf,SRC-007,"BRH — Banque de la République d'Haïti, taux de référence calculé à l'achat"
2017-10-26,62.9214,1718.pdf,SRC-007,"BRH — Banque de la République d'Haïti, taux de référence calculé à l'achat"
2017-10-27,62.9695,1718.pdf,SRC-007,"BRH — Banque de la République d'Haïti, taux de référence calculé à l'achat"
2017-10-30,63.0617,1718.pdf,SRC-007,"BRH — Banque de la République d'Haïti, taux de référence calculé à l'achat"
2017-10-31,62.9405,1718.pdf,SRC-007,"BRH — Banque de la République d'Haïti, taux de référence calculé à l'achat"
2017-11-03,63.006,1718.pdf,SRC-007,"BRH — Banque de la République d'Haïti, taux de référence calculé à l'achat"
2017-11-06,63.018,1718.pdf,SRC-007,"BRH — Banque de la République d'Haïti, taux de référence calculé à l'achat"
2017-11-07,63.0412,1718.pdf,SRC-007,"BRH — Banque de la République d'Haïti, taux de référence calculé à l'achat"
2017-11-08,63.0738,1718.pdf,SRC-007,"BRH — Banque de la République d'Haïti, taux de référence calculé à l'achat"
2017-11-09,63.0988,1718.pdf,SRC-007,"BRH — Banque de la République d'Haïti, taux de référence calculé à l'achat"
2017-11-10,63.0905,1718.pdf,SRC-007,"BRH — Banque de la République d'Haïti, taux de référence calculé à l'achat"
2017-11-13,63.1181,1718.pdf,SRC-007,"BRH — Banque de la République d'Haïti, taux de référence calculé à l'achat"
2017-11-14,63.0924,1718.pdf,SRC-007,"BRH — Banque de la République d'Haïti, taux de référence calculé à l'achat"
2017-11-15,63.1284,1718.pdf,SRC-007,"BRH — Banque de la République d'Haïti, taux de référence calculé à l'achat"
2017-11-16,63.1476,1718.pdf,SRC-007,"BRH — Banque de la République d'Haïti, taux de référence calculé à l'achat"
2017-11-17,63.1715,1718.pdf,SRC-007,"BRH — Banque de la République d'Haïti, taux de référence calculé à l'achat"
2017-11-20,63.045,1718.pdf,SRC-007,"BRH — Banque de la République d'Haïti, taux de référence calculé à l'achat"
2017-11-21,63.09,1718.pdf,SRC-007,"BRH — Banque de la République d'Haïti, taux de référence calculé à l'achat"
2017-11-22,63.1385,1718.pdf,SRC-007,"BRH — Banque de la République d'Haïti, taux de référence calculé à l'achat"
2017-11-23,63.1668,1718.pdf,SRC-007,"BRH — Banque de la République d'Haïti, taux de référence calculé à l'achat"
2017-11-24,63.1893,1718.pdf,SRC-007,"BRH — Banque de la République d'Haïti, taux de référence calculé à l'achat"
2017-11-27,63.2185,1718.pdf,SRC-007,"BRH — Banque de la République d'Haïti, taux de référence calculé à l'achat"
2017-11-28,63.249,1718.pdf,SRC-007,"BRH — Banque de la République d'Haïti, taux de référence calculé à l'achat"
2017-11-29,63.2876,1718.pdf,SRC-007,"BRH — Banque de la République d'Haïti, taux de référence calculé à l'achat"
2017-11-30,63.303,1718.pdf,SRC-007,"BRH — Banque de la République d'Haïti, taux de référence calculé à l'achat"
2017-12-01,63.1481,1718.pdf,SRC-007,"BRH — Banque de la République d'Haïti, taux de référence calculé à l'achat"
2017-12-04,63.1695,1718.pdf,SRC-007,"BRH — Banque de la République d'Haïti, taux de référence calculé à l'achat"
2017-12-05,63.2293,1718.pdf,SRC-007,"BRH — Banque de la République d'Haïti, taux de référence calculé à l'achat"
2017-12-06,63.2428,1718.pdf,SRC-007,"BRH — Banque de la République d'Haïti, taux de référence calculé à l'achat"
2017-12-07,63.2717,1718.pdf,SRC-007,"BRH — Banque de la République d'Haïti, taux de référence calculé à l'achat"
2017-12-08,63.3959,1718.pdf,SRC-007,"BRH — Banque de la République d'Haïti, taux de référence calculé à l'achat"
2017-12-11,63.4256,1718.pdf,SRC-007,"BRH — Banque de la République d'Haïti, taux de référence calculé à l'achat"
2017-12-12,63.5714,1718.pdf,SRC-007,"BRH — Banque de la République d'Haïti, taux de référence calculé à l'achat"
2017-12-13,63.5982,1718.pdf,SRC-007,"BRH — Banque de la République d'Haïti, taux de référence calculé à l'achat"
2017-12-14,63.6117,1718.pdf,SRC-007,"BRH — Banque de la République d'Haïti, taux de référence calculé à l'achat"
2017-12-15,63.6298,1718.pdf,SRC-007,"BRH — Banque de la République d'Haïti, taux de référence calculé à l'achat"
2017-12-18,63.6708,1718.pdf,SRC-007,"BRH — Banque de la République d'Haïti, taux de référence calculé à l'achat"
2017-12-19,63.6877,1718.pdf,SRC-007,"BRH — Banque de la République d'Haïti, taux de référence calculé à l'achat"
2017-12-20,63.7073,1718.pdf,SRC-007,"BRH — Banque de la République d'Haïti, taux de référence calculé à l'achat"
2017-12-21,63.7242,1718.pdf,SRC-007,"BRH — Banque de la République d'Haïti, taux de référence calculé à l'achat"
2017-12-22,63.6254,1718.pdf,SRC-007,"BRH — Banque de la République d'Haïti, taux de référence calculé à l'achat"
2017-12-26,63.6383,1718.pdf,SRC-007,"BRH — Banque de la République d'Haïti, taux de référence calculé à l'achat"
2017-12-27,63.6542,1718.pdf,SRC-007,"BRH — Banque de la République d'Haïti, taux de référence calculé à l'achat"
2017-12-28,63.6689,1718.pdf,SRC-007,"BRH — Banque de la République d'Haïti, taux de référence calculé à l'achat"
2017-12-29,63.6871,1718.pdf,SRC-007,"BRH — Banque de la République d'Haïti, taux de référence calculé à l'achat"
2018-01-04,63.7213,1718.pdf,SRC-007,"BRH — Banque de la République d'Haïti, taux de référence calculé à l'achat"
2018-01-05,63.7273,1718.pdf,SRC-007,"BRH — Banque de la République d'Haïti, taux de référence calculé à l'achat"
2018-01-08,63.6923,1718.pdf,SRC-007,"BRH — Banque de la République d'Haïti, taux de référence calculé à l'achat"
2018-01-09,63.7011,1718.pdf,SRC-007,"BRH — Banque de la République d'Haïti, taux de référence calculé à l'achat"
2018-01-10,63.7122,1718.pdf,SRC-007,"BRH — Banque de la République d'Haïti, taux de référence calculé à l'achat"
2018-01-11,63.7424,1718.pdf,SRC-007,"BRH — Banque de la République d'Haïti, taux de référence calculé à l'achat"
2018-01-12,63.7592,1718.pdf,SRC-007,"BRH — Banque de la République d'Haïti, taux de référence calculé à l'achat"
2018-01-15,63.7881,1718.pdf,SRC-007,"BRH — Banque de la République d'Haïti, taux de référence calculé à l'achat"
2018-01-16,63.6876,1718.pdf,SRC-007,"BRH — Banque de la République d'Haïti, taux de référence calculé à l'achat"
2018-01-17,63.7341,1718.pdf,SRC-007,"BRH — Banque de la République d'Haïti, taux de référence calculé à l'achat"
2018-01-18,63.7778,1718.pdf,SRC-007,"BRH — Banque de la République d'Haïti, taux de référence calculé à l'achat"
2018-01-19,63.8167,1718.pdf,SRC-007,"BRH — Banque de la République d'Haïti, taux de référence calculé à l'achat"
2018-01-22,63.736,1718.pdf,SRC-007,"BRH — Banque de la République d'Haïti, taux de référence calculé à l'achat"
2018-01-23,63.7268,1718.pdf,SRC-007,"BRH — Banque de la République d'Haïti, taux de référence calculé à l'achat"
2018-01-24,63.7385,1718.pdf,SRC-007,"BRH — Banque de la République d'Haïti, taux de référence calculé à l'achat"
2018-01-25,63.7767,1718.pdf,SRC-007,"BRH — Banque de la République d'Haïti, taux de référence calculé à l'achat"
2018-01-26,63.8434,1718.pdf,SRC-007,"BRH — Banque de la République d'Haïti, taux de référence calculé à l'achat"
2018-01-29,63.8744,1718.pdf,SRC-007,"BRH — Banque de la République d'Haïti, taux de référence calculé à l'achat"
2018-01-30,63.9098,1718.pdf,SRC-007,"BRH — Banque de la République d'Haïti, taux de référence calculé à l'achat"
2018-01-31,63.8271,1718.pdf,SRC-007,"BRH — Banque de la République d'Haïti, taux de référence calculé à l'achat"
2018-02-01,63.7945,1718.pdf,SRC-007,"BRH — Banque de la République d'Haïti, taux de référence calculé à l'achat"
2018-02-02,63.8504,1718.pdf,SRC-007,"BRH — Banque de la République d'Haïti, taux de référence calculé à l'achat"
2018-02-05,63.9067,1718.pdf,SRC-007,"BRH — Banque de la République d'Haïti, taux de référence calculé à l'achat"
2018-02-06,63.9651,1718.pdf,SRC-007,"BRH — Banque de la République d'Haïti, taux de référence calculé à l'achat"
2018-02-07,63.9709,1718.pdf,SRC-007,"BRH — Banque de la République d'Haïti, taux de référence calculé à l'achat"
2018-02-08,63.9951,1718.pdf,SRC-007,"BRH — Banque de la République d'Haïti, taux de référence calculé à l'achat"
2018-02-09,64.0073,1718.pdf,SRC-007,"BRH — Banque de la République d'Haïti, taux de référence calculé à l'achat"
2018-02-12,64.0463,1718.pdf,SRC-007,"BRH — Banque de la République d'Haïti, taux de référence calculé à l'achat"
2018-02-15,64.0892,1718.pdf,SRC-007,"BRH — Banque de la République d'Haïti, taux de référence calculé à l'achat"
2018-02-16,64.1195,1718.pdf,SRC-007,"BRH — Banque de la République d'Haïti, taux de référence calculé à l'achat"
2018-02-19,64.0784,1718.pdf,SRC-007,"BRH — Banque de la République d'Haïti, taux de référence calculé à l'achat"
2018-02-20,64.1185,1718.pdf,SRC-007,"BRH — Banque de la République d'Haïti, taux de référence calculé à l'achat"
2018-02-21,64.135,1718.pdf,SRC-007,"BRH — Banque de la République d'Haïti, taux de référence calculé à l'achat"
2018-02-22,64.144,1718.pdf,SRC-007,"BRH — Banque de la République d'Haïti, taux de référence calculé à l'achat"
2018-02-23,64.1648,1718.pdf,SRC-007,"BRH — Banque de la République d'Haïti, taux de référence calculé à l'achat"
2018-02-26,64.1828,1718.pdf,SRC-007,"BRH — Banque de la République d'Haïti, taux de référence calculé à l'achat"
2018-02-27,64.1973,1718.pdf,SRC-007,"BRH — Banque de la République d'Haïti, taux de référence calculé à l'achat"
2018-02-28,64.1154,1718.pdf,SRC-007,"BRH — Banque de la République d'Haïti, taux de référence calculé à l'achat"
2018-03-01,64.1446,1718.pdf,SRC-007,"BRH — Banque de la République d'Haïti, taux de référence calculé à l'achat"
2018-03-02,64.1984,1718.pdf,SRC-007,"BRH — Banque de la République d'Haïti, taux de référence calculé à l'achat"
2018-03-05,64.222,1718.pdf,SRC-007,"BRH — Banque de la République d'Haïti, taux de référence calculé à l'achat"
2018-03-06,64.2629,1718.pdf,SRC-007,"BRH — Banque de la République d'Haïti, taux de référence calculé à l'achat"
2018-03-07,64.2844,1718.pdf,SRC-007,"BRH — Banque de la République d'Haïti, taux de référence calculé à l'achat"
2018-03-08,64.3028,1718.pdf,SRC-007,"BRH — Banque de la République d'Haïti, taux de référence calculé à l'achat"
2018-03-09,64.447,1718.pdf,SRC-007,"BRH — Banque de la République d'Haïti, taux de référence calculé à l'achat"
2018-03-12,64.6193,1718.pdf,SRC-007,"BRH — Banque de la République d'Haïti, taux de référence calculé à l'achat"
2018-03-13,64.7311,1718.pdf,SRC-007,"BRH — Banque de la République d'Haïti, taux de référence calculé à l'achat"
2018-03-14,64.7586,1718.pdf,SRC-007,"BRH — Banque de la République d'Haïti, taux de référence calculé à l'achat"
2018-03-15,64.9531,1718.pdf,SRC-007,"BRH — Banque de la République d'Haïti, taux de référence calculé à l'achat"
2018-03-16,64.9742,1718.pdf,SRC-007,"BRH — Banque de la République d'Haïti, taux de référence calculé à l'achat"
2018-03-19,65.1491,1718.pdf,SRC-007,"BRH — Banque de la République d'Haïti, taux de référence calculé à l'achat"
2018-03-20,65.173,1718.pdf,SRC-007,"BRH — Banque de la République d'Haïti, taux de référence calculé à l'achat"
2018-03-21,65.2253,1718.pdf,SRC-007,"BRH — Banque de la République d'Haïti, taux de référence calculé à l'achat"
2018-03-22,65.2544,1718.pdf,SRC-007,"BRH — Banque de la République d'Haïti, taux de référence calculé à l'achat"
2018-03-23,65.269,1718.pdf,SRC-007,"BRH — Banque de la République d'Haïti, taux de référence calculé à l'achat"
2018-03-26,65.1985,1718.pdf,SRC-007,"BRH — Banque de la République d'Haïti, taux de référence calculé à l'achat"
2018-03-27,65.2077,1718.pdf,SRC-007,"BRH — Banque de la République d'Haïti, taux de référence calculé à l'achat"
2018-03-28,65.2503,1718.pdf,SRC-007,"BRH — Banque de la République d'Haïti, taux de référence calculé à l'achat"
2018-03-29,65.2715,1718.pdf,SRC-007,"BRH — Banque de la République d'Haïti, taux de référence calculé à l'achat"
2018-04-02,65.1875,1718.pdf,SRC-007,"BRH — Banque de la République d'Haïti, taux de référence calculé à l'achat"
2018-04-03,65.2417,1718.pdf,SRC-007,"BRH — Banque de la République d'Haïti, taux de référence calculé à l'achat"
2018-04-04,65.2795,1718.pdf,SRC-007,"BRH — Banque de la République d'Haïti, taux de référence calculé à l'achat"
2018-04-05,65.3078,1718.pdf,SRC-007,"BRH — Banque de la République d'Haïti, taux de référence calculé à l'achat"
2018-04-06,65.3288,1718.pdf,SRC-007,"BRH — Banque de la République d'Haïti, taux de référence calculé à l'achat"
2018-04-09,65.3423,1718.pdf,SRC-007,"BRH — Banque de la République d'Haïti, taux de référence calculé à l'achat"
2018-04-10,65.3529,1718.pdf,SRC-007,"BRH — Banque de la République d'Haïti, taux de référence calculé à l'achat"
2018-04-11,65.3739,1718.pdf,SRC-007,"BRH — Banque de la République d'Haïti, taux de référence calculé à l'achat"
2018-04-12,65.3278,1718.pdf,SRC-007,"BRH — Banque de la République d'Haïti, taux de référence calculé à l'achat"
2018-04-13,65.3826,1718.pdf,SRC-007,"BRH — Banque de la République d'Haïti, taux de référence calculé à l'achat"
2018-04-16,65.2873,1718.pdf,SRC-007,"BRH — Banque de la République d'Haïti, taux de référence calculé à l'achat"
2018-04-17,65.3581,1718.pdf,SRC-007,"BRH — Banque de la République d'Haïti, taux de référence calculé à l'achat"
2018-04-18,65.2722,1718.pdf,SRC-007,"BRH — Banque de la République d'Haïti, taux de référence calculé à l'achat"
2018-04-19,65.2925,1718.pdf,SRC-007,"BRH — Banque de la République d'Haïti, taux de référence calculé à l'achat"
2018-04-20,65.4717,1718.pdf,SRC-007,"BRH — Banque de la République d'Haïti, taux de référence calculé à l'achat"
2018-04-23,65.6443,1718.pdf,SRC-007,"BRH — Banque de la République d'Haïti, taux de référence calculé à l'achat"
2018-04-24,65.6089,1718.pdf,SRC-007,"BRH — Banque de la République d'Haïti, taux de référence calculé à l'achat"
2018-04-25,65.624,1718.pdf,SRC-007,"BRH — Banque de la République d'Haïti, taux de référence calculé à l'achat"
2018-04-26,65.6475,1718.pdf,SRC-007,"BRH — Banque de la République d'Haïti, taux de référence calculé à l'achat"
2018-04-27,65.6697,1718.pdf,SRC-007,"BRH — Banque de la République d'Haïti, taux de référence calculé à l'achat"
2018-04-30,65.5747,1718.pdf,SRC-007,"BRH — Banque de la République d'Haïti, taux de référence calculé à l'achat"
2018-05-02,65.5851,1718.pdf,SRC-007,"BRH — Banque de la République d'Haïti, taux de référence calculé à l'achat"
2018-05-03,65.6113,1718.pdf,SRC-007,"BRH — Banque de la République d'Haïti, taux de référence calculé à l'achat"
2018-05-04,65.6667,1718.pdf,SRC-007,"BRH — Banque de la République d'Haïti, taux de référence calculé à l'achat"
2018-05-07,65.1213,1718.pdf,SRC-007,"BRH — Banque de la République d'Haïti, taux de référence calculé à l'achat"
2018-05-08,65.3397,1718.pdf,SRC-007,"BRH — Banque de la République d'Haïti, taux de référence calculé à l'achat"
2018-05-09,65.5647,1718.pdf,SRC-007,"BRH — Banque de la République d'Haïti, taux de référence calculé à l'achat"
2018-05-10,65.7833,1718.pdf,SRC-007,"BRH — Banque de la République d'Haïti, taux de référence calculé à l'achat"
2018-05-11,65.8497,1718.pdf,SRC-007,"BRH — Banque de la République d'Haïti, taux de référence calculé à l'achat"
2018-05-14,65.8338,1718.pdf,SRC-007,"BRH — Banque de la République d'Haïti, taux de référence calculé à l'achat"
2018-05-15,65.8642,1718.pdf,SRC-007,"BRH — Banque de la République d'Haïti, taux de référence calculé à l'achat"
2018-05-16,65.9915,1718.pdf,SRC-007,"BRH — Banque de la République d'Haïti, taux de référence calculé à l'achat"
2018-05-17,66.0064,1718.pdf,SRC-007,"BRH — Banque de la République d'Haïti, taux de référence calculé à l'achat"
2018-05-21,66.0429,1718.pdf,SRC-007,"BRH — Banque de la République d'Haïti, taux de référence calculé à l'achat"
2018-05-22,66.0521,1718.pdf,SRC-007,"BRH — Banque de la République d'Haïti, taux de référence calculé à l'achat"
2018-05-23,66.0629,1718.pdf,SRC-007,"BRH — Banque de la République d'Haïti, taux de référence calculé à l'achat"
2018-05-24,66.0865,1718.pdf,SRC-007,"BRH — Banque de la République d'Haïti, taux de référence calculé à l'achat"
2018-05-25,66.1161,1718.pdf,SRC-007,"BRH — Banque de la République d'Haïti, taux de référence calculé à l'achat"
2018-05-28,66.1975,1718.pdf,SRC-007,"BRH — Banque de la République d'Haïti, taux de référence calculé à l'achat"
2018-05-29,66.226,1718.pdf,SRC-007,"BRH — Banque de la République d'Haïti, taux de référence calculé à l'achat"
2018-05-30,66.1431,1718.pdf,SRC-007,"BRH — Banque de la République d'Haïti, taux de référence calculé à l'achat"
2018-06-01,66.1282,1718.pdf,SRC-007,"BRH — Banque de la République d'Haïti, taux de référence calculé à l'achat"
2018-06-04,66.0593,1718.pdf,SRC-007,"BRH — Banque de la République d'Haïti, taux de référence calculé à l'achat"
2018-06-05,66.1815,1718.pdf,SRC-007,"BRH — Banque de la République d'Haïti, taux de référence calculé à l'achat"
2018-06-06,66.0989,1718.pdf,SRC-007,"BRH — Banque de la République d'Haïti, taux de référence calculé à l'achat"
2018-06-07,66.1558,1718.pdf,SRC-007,"BRH — Banque de la République d'Haïti, taux de référence calculé à l'achat"
2018-06-08,66.1757,1718.pdf,SRC-007,"BRH — Banque de la République d'Haïti, taux de référence calculé à l'achat"
2018-06-11,66.2795,1718.pdf,SRC-007,"BRH — Banque de la République d'Haïti, taux de référence calculé à l'achat"
2018-06-12,66.3459,1718.pdf,SRC-007,"BRH — Banque de la République d'Haïti, taux de référence calculé à l'achat"
2018-06-13,66.3613,1718.pdf,SRC-007,"BRH — Banque de la République d'Haïti, taux de référence calculé à l'achat"
2018-06-14,66.4014,1718.pdf,SRC-007,"BRH — Banque de la République d'Haïti, taux de référence calculé à l'achat"
2018-06-15,66.4545,1718.pdf,SRC-007,"BRH — Banque de la République d'Haïti, taux de référence calculé à l'achat"
2018-06-18,66.469,1718.pdf,SRC-007,"BRH — Banque de la République d'Haïti, taux de référence calculé à l'achat"
2018-06-19,66.5256,1718.pdf,SRC-007,"BRH — Banque de la République d'Haïti, taux de référence calculé à l'achat"
2018-06-20,66.5508,1718.pdf,SRC-007,"BRH — Banque de la République d'Haïti, taux de référence calculé à l'achat"
2018-06-21,66.6144,1718.pdf,SRC-007,"BRH — Banque de la République d'Haïti, taux de référence calculé à l'achat"
2018-06-22,66.6317,1718.pdf,SRC-007,"BRH — Banque de la République d'Haïti, taux de référence calculé à l'achat"
2018-06-25,66.7704,1718.pdf,SRC-007,"BRH — Banque de la République d'Haïti, taux de référence calculé à l'achat"
2018-06-26,66.7882,1718.pdf,SRC-007,"BRH — Banque de la République d'Haïti, taux de référence calculé à l'achat"
2018-06-27,66.8444,1718.pdf,SRC-007,"BRH — Banque de la République d'Haïti, taux de référence calculé à l'achat"
2018-06-28,66.8782,1718.pdf,SRC-007,"BRH — Banque de la République d'Haïti, taux de référence calculé à l'achat"
2018-06-29,66.907,1718.pdf,SRC-007,"BRH — Banque de la République d'Haïti, taux de référence calculé à l'achat"
2018-07-02,66.9606,1718.pdf,SRC-007,"BRH — Banque de la République d'Haïti, taux de référence calculé à l'achat"
2018-07-03,66.9738,1718.pdf,SRC-007,"BRH — Banque de la République d'Haïti, taux de référence calculé à l'achat"
2018-07-04,66.9912,1718.pdf,SRC-007,"BRH — Banque de la République d'Haïti, taux de référence calculé à l'achat"
2018-07-05,67.0104,1718.pdf,SRC-007,"BRH — Banque de la République d'Haïti, taux de référence calculé à l'achat"
2018-07-06,67.023,1718.pdf,SRC-007,"BRH — Banque de la République d'Haïti, taux de référence calculé à l'achat"
2018-07-11,67.0446,1718.pdf,SRC-007,"BRH — Banque de la République d'Haïti, taux de référence calculé à l'achat"
2018-07-12,67.1013,1718.pdf,SRC-007,"BRH — Banque de la République d'Haïti, taux de référence calculé à l'achat"
2018-07-13,67.1615,1718.pdf,SRC-007,"BRH — Banque de la République d'Haïti, taux de référence calculé à l'achat"
2018-07-16,67.1835,1718.pdf,SRC-007,"BRH — Banque de la République d'Haïti, taux de référence calculé à l'achat"
2018-07-17,67.2025,1718.pdf,SRC-007,"BRH — Banque de la République d'Haïti, taux de référence calculé à l'achat"
2018-07-18,67.2855,1718.pdf,SRC-007,"BRH — Banque de la République d'Haïti, taux de référence calculé à l'achat"
2018-07-19,67.3006,1718.pdf,SRC-007,"BRH — Banque de la République d'Haïti, taux de référence calculé à l'achat"
2018-07-20,67.3588,1718.pdf,SRC-007,"BRH — Banque de la République d'Haïti, taux de référence calculé à l'achat"
2018-07-23,67.3697,1718.pdf,SRC-007,"BRH — Banque de la République d'Haïti, taux de référence calculé à l'achat"
2018-07-24,67.4925,1718.pdf,SRC-007,"BRH — Banque de la République d'Haïti, taux de référence calculé à l'achat"
2018-07-25,67.5102,1718.pdf,SRC-007,"BRH — Banque de la République d'Haïti, taux de référence calculé à l'achat"
2018-07-26,67.5418,1718.pdf,SRC-007,"BRH — Banque de la République d'Haïti, taux de référence calculé à l'achat"
2018-07-27,67.6053,1718.pdf,SRC-007,"BRH — Banque de la République d'Haïti, taux de référence calculé à l'achat"
2018-07-30,67.6484,1718.pdf,SRC-007,"BRH — Banque de la République d'Haïti, taux de référence calculé à l'achat"
2018-07-31,67.7221,1718.pdf,SRC-007,"BRH — Banque de la République d'Haïti, taux de référence calculé à l'achat"
2018-08-01,67.7462,1718.pdf,SRC-007,"BRH — Banque de la République d'Haïti, taux de référence calculé à l'achat"
2018-08-02,67.7711,1718.pdf,SRC-007,"BRH — Banque de la République d'Haïti, taux de référence calculé à l'achat"
2018-08-03,67.8742,1718.pdf,SRC-007,"BRH — Banque de la République d'Haïti, taux de référence calculé à l'achat"
2018-08-06,67.9044,1718.pdf,SRC-007,"BRH — Banque de la République d'Haïti, taux de référence calculé à l'achat"
2018-08-07,67.9735,1718.pdf,SRC-007,"BRH — Banque de la République d'Haïti, taux de référence calculé à l'achat"
2018-08-08,68.0387,1718.pdf,SRC-007,"BRH — Banque de la République d'Haïti, taux de référence calculé à l'achat"
2018-08-09,68.11,1718.pdf,SRC-007,"BRH — Banque de la République d'Haïti, taux de référence calculé à l'achat"
2018-08-10,68.1937,1718.pdf,SRC-007,"BRH — Banque de la République d'Haïti, taux de référence calculé à l'achat"
2018-08-13,68.3031,1718.pdf,SRC-007,"BRH — Banque de la République d'Haïti, taux de référence calculé à l'achat"
2018-08-14,68.4128,1718.pdf,SRC-007,"BRH — Banque de la République d'Haïti, taux de référence calculé à l'achat"
2018-08-16,68.461,1718.pdf,SRC-007,"BRH — Banque de la République d'Haïti, taux de référence calculé à l'achat"
2018-08-17,68.5235,1718.pdf,SRC-007,"BRH — Banque de la République d'Haïti, taux de référence calculé à l'achat"
2018-08-20,68.6183,1718.pdf,SRC-007,"BRH — Banque de la République d'Haïti, taux de référence calculé à l'achat"
2018-08-21,68.5971,1718.pdf,SRC-007,"BRH — Banque de la République d'Haïti, taux de référence calculé à l'achat"
2018-08-22,68.6574,1718.pdf,SRC-007,"BRH — Banque de la République d'Haïti, taux de référence calculé à l'achat"
2018-08-23,68.6769,1718.pdf,SRC-007,"BRH — Banque de la République d'Haïti, taux de référence calculé à l'achat"
2018-08-24,68.718,1718.pdf,SRC-007,"BRH — Banque de la République d'Haïti, taux de référence calculé à l'achat"
2018-08-27,68.805,1718.pdf,SRC-007,"BRH — Banque de la République d'Haïti, taux de référence calculé à l'achat"
2018-08-28,68.8305,1718.pdf,SRC-007,"BRH — Banque de la République d'Haïti, taux de référence calculé à l'achat"
2018-08-29,68.9646,1718.pdf,SRC-007,"BRH — Banque de la République d'Haïti, taux de référence calculé à l'achat"
2018-08-30,69.0083,1718.pdf,SRC-007,"BRH — Banque de la République d'Haïti, taux de référence calculé à l'achat"
2018-08-31,69.1096,1718.pdf,SRC-007,"BRH — Banque de la République d'Haïti, taux de référence calculé à l'achat"
2018-09-03,69.1295,1718.pdf,SRC-007,"BRH — Banque de la République d'Haïti, taux de référence calculé à l'achat"
2018-09-04,69.1379,1718.pdf,SRC-007,"BRH — Banque de la République d'Haïti, taux de référence calculé à l'achat"
2018-09-05,69.193,1718.pdf,SRC-007,"BRH — Banque de la République d'Haïti, taux de référence calculé à l'achat"
2018-09-06,69.2071,1718.pdf,SRC-007,"BRH — Banque de la République d'Haïti, taux de référence calculé à l'achat"
2018-09-07,69.2261,1718.pdf,SRC-007,"BRH — Banque de la République d'Haïti, taux de référence calculé à l'achat"
2018-09-10,69.2965,1718.pdf,SRC-007,"BRH — Banque de la République d'Haïti, taux de référence calculé à l'achat"
2018-09-11,69.3091,1718.pdf,SRC-007,"BRH — Banque de la République d'Haïti, taux de référence calculé à l'achat"
2018-09-12,69.328,1718.pdf,SRC-007,"BRH — Banque de la République d'Haïti, taux de référence calculé à l'achat"
2018-09-13,69.3826,1718.pdf,SRC-007,"BRH — Banque de la République d'Haïti, taux de référence calculé à l'achat"
2018-09-14,69.475,1718.pdf,SRC-007,"BRH — Banque de la République d'Haïti, taux de référence calculé à l'achat"
2018-09-17,69.5936,1718.pdf,SRC-007,"BRH — Banque de la République d'Haïti, taux de référence calculé à l'achat"
2018-09-18,69.6245,1718.pdf,SRC-007,"BRH — Banque de la République d'Haïti, taux de référence calculé à l'achat"
2018-09-19,69.6467,1718.pdf,SRC-007,"BRH — Banque de la République d'Haïti, taux de référence calculé à l'achat"
2018-09-20,69.6737,1718.pdf,SRC-007,"BRH — Banque de la République d'Haïti, taux de référence calculé à l'achat"
2018-09-21,69.7067,1718.pdf,SRC-007,"BRH — Banque de la République d'Haïti, taux de référence calculé à l'achat"
2018-09-24,69.699,1718.pdf,SRC-007,"BRH — Banque de la République d'Haïti, taux de référence calculé à l'achat"
2018-09-25,69.7297,1718.pdf,SRC-007,"BRH — Banque de la République d'Haïti, taux de référence calculé à l'achat"
2018-09-26,69.9023,1718.pdf,SRC-007,"BRH — Banque de la République d'Haïti, taux de référence calculé à l'achat"
2018-09-27,69.9407,1718.pdf,SRC-007,"BRH — Banque de la République d'Haïti, taux de référence calculé à l'achat"
2018-09-28,69.9774,1718.pdf,SRC-007,"BRH — Banque de la République d'Haïti, taux de référence calculé à l'achat"
2018-10-01,70.0346,1819.pdf,SRC-007,"BRH — Banque de la République d'Haïti, taux de référence calculé à l'achat"
2018-10-02,70.1174,1819.pdf,SRC-007,"BRH — Banque de la République d'Haïti, taux de référence calculé à l'achat"
2018-10-03,70.2036,1819.pdf,SRC-007,"BRH — Banque de la République d'Haïti, taux de référence calculé à l'achat"
2018-10-04,70.3093,1819.pdf,SRC-007,"BRH — Banque de la République d'Haïti, taux de référence calculé à l'achat"
2018-10-05,70.3875,1819.pdf,SRC-007,"BRH — Banque de la République d'Haïti, taux de référence calculé à l'achat"
2018-10-08,70.4144,1819.pdf,SRC-007,"BRH — Banque de la République d'Haïti, taux de référence calculé à l'achat"
2018-10-09,70.5215,1819.pdf,SRC-007,"BRH — Banque de la République d'Haïti, taux de référence calculé à l'achat"
2018-10-10,70.6456,1819.pdf,SRC-007,"BRH — Banque de la République d'Haïti, taux de référence calculé à l'achat"
2018-10-11,70.7662,1819.pdf,SRC-007,"BRH — Banque de la République d'Haïti, taux de référence calculé à l'achat"
2018-10-12,70.8919,1819.pdf,SRC-007,"BRH — Banque de la République d'Haïti, taux de référence calculé à l'achat"
2018-10-15,71.1349,1819.pdf,SRC-007,"BRH — Banque de la République d'Haïti, taux de référence calculé à l'achat"
2018-10-16,71.1732,1819.pdf,SRC-007,"BRH — Banque de la République d'Haïti, taux de référence calculé à l'achat"
2018-10-18,71.2683,1819.pdf,SRC-007,"BRH — Banque de la République d'Haïti, taux de référence calculé à l'achat"
2018-10-19,71.301,1819.pdf,SRC-007,"BRH — Banque de la République d'Haïti, taux de référence calculé à l'achat"
2018-10-22,71.3921,1819.pdf,SRC-007,"BRH — Banque de la République d'Haïti, taux de référence calculé à l'achat"
2018-10-23,71.4746,1819.pdf,SRC-007,"BRH — Banque de la République d'Haïti, taux de référence calculé à l'achat"
2018-10-24,71.4983,1819.pdf,SRC-007,"BRH — Banque de la République d'Haïti, taux de référence calculé à l'achat"
2018-10-25,71.7584,1819.pdf,SRC-007,"BRH — Banque de la République d'Haïti, taux de référence calculé à l'achat"
2018-10-26,71.773,1819.pdf,SRC-007,"BRH — Banque de la République d'Haïti, taux de référence calculé à l'achat"
2018-10-29,71.9639,1819.pdf,SRC-007,"BRH — Banque de la République d'Haïti, taux de référence calculé à l'achat"
2018-10-30,72.0563,1819.pdf,SRC-007,"BRH — Banque de la République d'Haïti, taux de référence calculé à l'achat"
2018-10-31,72.2672,1819.pdf,SRC-007,"BRH — Banque de la République d'Haïti, taux de référence calculé à l'achat"
2018-11-05,72.5746,1819.pdf,SRC-007,"BRH — Banque de la République d'Haïti, taux de référence calculé à l'achat"
2018-11-06,72.7903,1819.pdf,SRC-007,"BRH — Banque de la République d'Haïti, taux de référence calculé à l'achat"
2018-11-07,72.8416,1819.pdf,SRC-007,"BRH — Banque de la République d'Haïti, taux de référence calculé à l'achat"
2018-11-08,72.9631,1819.pdf,SRC-007,"BRH — Banque de la République d'Haïti, taux de référence calculé à l'achat"
2018-11-09,73.038,1819.pdf,SRC-007,"BRH — Banque de la République d'Haïti, taux de référence calculé à l'achat"
2018-11-12,73.1915,1819.pdf,SRC-007,"BRH — Banque de la République d'Haïti, taux de référence calculé à l'achat"
2018-11-13,73.271,1819.pdf,SRC-007,"BRH — Banque de la République d'Haïti, taux de référence calculé à l'achat"
2018-11-14,73.4011,1819.pdf,SRC-007,"BRH — Banque de la République d'Haïti, taux de référence calculé à l'achat"
2018-11-15,73.4912,1819.pdf,SRC-007,"BRH — Banque de la République d'Haïti, taux de référence calculé à l'achat"
2018-11-16,73.6478,1819.pdf,SRC-007,"BRH — Banque de la République d'Haïti, taux de référence calculé à l'achat"
2018-11-22,73.8132,1819.pdf,SRC-007,"BRH — Banque de la République d'Haïti, taux de référence calculé à l'achat"
2018-11-23,74.0709,1819.pdf,SRC-007,"BRH — Banque de la République d'Haïti, taux de référence calculé à l'achat"
2018-11-26,74.1815,1819.pdf,SRC-007,"BRH — Banque de la République d'Haïti, taux de référence calculé à l'achat"
2018-11-27,74.225,1819.pdf,SRC-007,"BRH — Banque de la République d'Haïti, taux de référence calculé à l'achat"
2018-11-28,74.3511,1819.pdf,SRC-007,"BRH — Banque de la République d'Haïti, taux de référence calculé à l'achat"
2018-11-29,74.4619,1819.pdf,SRC-007,"BRH — Banque de la République d'Haïti, taux de référence calculé à l'achat"
2018-11-30,74.6114,1819.pdf,SRC-007,"BRH — Banque de la République d'Haïti, taux de référence calculé à l'achat"
2018-12-03,74.8696,1819.pdf,SRC-007,"BRH — Banque de la République d'Haïti, taux de référence calculé à l'achat"
2018-12-04,74.9462,1819.pdf,SRC-007,"BRH — Banque de la République d'Haïti, taux de référence calculé à l'achat"
2018-12-05,75.2919,1819.pdf,SRC-007,"BRH — Banque de la République d'Haïti, taux de référence calculé à l'achat"
2018-12-06,75.3951,1819.pdf,SRC-007,"BRH — Banque de la République d'Haïti, taux de référence calculé à l'achat"
2018-12-07,75.7077,1819.pdf,SRC-007,"BRH — Banque de la République d'Haïti, taux de référence calculé à l'achat"
2018-12-10,75.8783,1819.pdf,SRC-007,"BRH — Banque de la République d'Haïti, taux de référence calculé à l'achat"
2018-12-11,76.1017,1819.pdf,SRC-007,"BRH — Banque de la République d'Haïti, taux de référence calculé à l'achat"
2018-12-12,76.1463,1819.pdf,SRC-007,"BRH — Banque de la République d'Haïti, taux de référence calculé à l'achat"
2018-12-13,76.306,1819.pdf,SRC-007,"BRH — Banque de la République d'Haïti, taux de référence calculé à l'achat"
2018-12-14,76.5949,1819.pdf,SRC-007,"BRH — Banque de la République d'Haïti, taux de référence calculé à l'achat"
2018-12-17,76.4894,1819.pdf,SRC-007,"BRH — Banque de la République d'Haïti, taux de référence calculé à l'achat"
2018-12-18,76.6935,1819.pdf,SRC-007,"BRH — Banque de la République d'Haïti, taux de référence calculé à l'achat"
2018-12-19,77.0239,1819.pdf,SRC-007,"BRH — Banque de la République d'Haïti, taux de référence calculé à l'achat"
2018-12-20,76.6993,1819.pdf,SRC-007,"BRH — Banque de la République d'Haïti, taux de référence calculé à l'achat"
2018-12-21,76.851,1819.pdf,SRC-007,"BRH — Banque de la République d'Haïti, taux de référence calculé à l'achat"
2018-12-24,76.9253,1819.pdf,SRC-007,"BRH — Banque de la République d'Haïti, taux de référence calculé à l'achat"
2018-12-26,77.034,1819.pdf,SRC-007,"BRH — Banque de la République d'Haïti, taux de référence calculé à l'achat"
2018-12-27,77.0811,1819.pdf,SRC-007,"BRH — Banque de la République d'Haïti, taux de référence calculé à l'achat"
2018-12-28,77.1354,1819.pdf,SRC-007,"BRH — Banque de la République d'Haïti, taux de référence calculé à l'achat"
2018-12-31,77.1881,1819.pdf,SRC-007,"BRH — Banque de la République d'Haïti, taux de référence calculé à l'achat"
2019-01-03,77.2784,1819.pdf,SRC-007,"BRH — Banque de la République d'Haïti, taux de référence calculé à l'achat"
2019-01-04,77.3089,1819.pdf,SRC-007,"BRH — Banque de la République d'Haïti, taux de référence calculé à l'achat"
2019-01-07,77.3504,1819.pdf,SRC-007,"BRH — Banque de la République d'Haïti, taux de référence calculé à l'achat"
2019-01-08,77.4305,1819.pdf,SRC-007,"BRH — Banque de la République d'Haïti, taux de référence calculé à l'achat"
2019-01-09,77.4909,1819.pdf,SRC-007,"BRH — Banque de la République d'Haïti, taux de référence calculé à l'achat"
2019-01-10,77.5731,1819.pdf,SRC-007,"BRH — Banque de la République d'Haïti, taux de référence calculé à l'achat"
2019-01-11,77.645,1819.pdf,SRC-007,"BRH — Banque de la République d'Haïti, taux de référence calculé à l'achat"
2019-01-14,77.6762,1819.pdf,SRC-007,"BRH — Banque de la République d'Haïti, taux de référence calculé à l'achat"
2019-01-15,77.7484,1819.pdf,SRC-007,"BRH — Banque de la République d'Haïti, taux de référence calculé à l'achat"
2019-01-16,77.8211,1819.pdf,SRC-007,"BRH — Banque de la République d'Haïti, taux de référence calculé à l'achat"
2019-01-17,78.0048,1819.pdf,SRC-007,"BRH — Banque de la République d'Haïti, taux de référence calculé à l'achat"
2019-01-18,78.1117,1819.pdf,SRC-007,"BRH — Banque de la République d'Haïti, taux de référence calculé à l'achat"
2019-01-21,78.1463,1819.pdf,SRC-007,"BRH — Banque de la République d'Haïti, taux de référence calculé à l'achat"
2019-01-22,78.2208,1819.pdf,SRC-007,"BRH — Banque de la République d'Haïti, taux de référence calculé à l'achat"
2019-01-23,78.4518,1819.pdf,SRC-007,"BRH — Banque de la République d'Haïti, taux de référence calculé à l'achat"
2019-01-24,78.6853,1819.pdf,SRC-007,"BRH — Banque de la République d'Haïti, taux de référence calculé à l'achat"
2019-01-25,78.8742,1819.pdf,SRC-007,"BRH — Banque de la République d'Haïti, taux de référence calculé à l'achat"
2019-01-28,79.0807,1819.pdf,SRC-007,"BRH — Banque de la République d'Haïti, taux de référence calculé à l'achat"
2019-01-29,80.0561,1819.pdf,SRC-007,"BRH — Banque de la République d'Haïti, taux de référence calculé à l'achat"
2019-01-30,80.5069,1819.pdf,SRC-007,"BRH — Banque de la République d'Haïti, taux de référence calculé à l'achat"
2019-01-31,81.0353,1819.pdf,SRC-007,"BRH — Banque de la République d'Haïti, taux de référence calculé à l'achat"
2019-02-01,81.3207,1819.pdf,SRC-007,"BRH — Banque de la République d'Haïti, taux de référence calculé à l'achat"
2019-02-04,81.5729,1819.pdf,SRC-007,"BRH — Banque de la République d'Haïti, taux de référence calculé à l'achat"
2019-02-05,82.074,1819.pdf,SRC-007,"BRH — Banque de la République d'Haïti, taux de référence calculé à l'achat"
2019-02-06,82.9152,1819.pdf,SRC-007,"BRH — Banque de la République d'Haïti, taux de référence calculé à l'achat"
2019-02-08,83.2098,1819.pdf,SRC-007,"BRH — Banque de la République d'Haïti, taux de référence calculé à l'achat"
2019-02-18,83.1432,1819.pdf,SRC-007,"BRH — Banque de la République d'Haïti, taux de référence calculé à l'achat"
2019-02-19,82.6409,1819.pdf,SRC-007,"BRH — Banque de la République d'Haïti, taux de référence calculé à l'achat"
2019-02-20,82.4682,1819.pdf,SRC-007,"BRH — Banque de la République d'Haïti, taux de référence calculé à l'achat"
2019-02-21,82.2624,1819.pdf,SRC-007,"BRH — Banque de la République d'Haïti, taux de référence calculé à l'achat"
2019-02-22,82.2352,1819.pdf,SRC-007,"BRH — Banque de la République d'Haïti, taux de référence calculé à l'achat"
2019-02-25,82.1736,1819.pdf,SRC-007,"BRH — Banque de la République d'Haïti, taux de référence calculé à l'achat"
2019-03-01,82.1278,1819.pdf,SRC-007,"BRH — Banque de la République d'Haïti, taux de référence calculé à l'achat"
2019-03-04,81.9953,1819.pdf,SRC-007,"BRH — Banque de la République d'Haïti, taux de référence calculé à l'achat"
2019-03-06,82.2929,1819.pdf,SRC-007,"BRH — Banque de la République d'Haïti, taux de référence calculé à l'achat"
2019-03-07,82.2761,1819.pdf,SRC-007,"BRH — Banque de la République d'Haïti, taux de référence calculé à l'achat"
2019-03-08,82.2063,1819.pdf,SRC-007,"BRH — Banque de la République d'Haïti, taux de référence calculé à l'achat"
2019-03-11,82.1662,1819.pdf,SRC-007,"BRH — Banque de la République d'Haïti, taux de référence calculé à l'achat"
2019-03-12,82.1418,1819.pdf,SRC-007,"BRH — Banque de la République d'Haïti, taux de référence calculé à l'achat"
2019-03-13,82.2573,1819.pdf,SRC-007,"BRH — Banque de la République d'Haïti, taux de référence calculé à l'achat"
2019-03-14,82.43,1819.pdf,SRC-007,"BRH — Banque de la République d'Haïti, taux de référence calculé à l'achat"
2019-03-15,82.3381,1819.pdf,SRC-007,"BRH — Banque de la République d'Haïti, taux de référence calculé à l'achat"
2019-03-18,82.4359,1819.pdf,SRC-007,"BRH — Banque de la République d'Haïti, taux de référence calculé à l'achat"
2019-03-19,82.3231,1819.pdf,SRC-007,"BRH — Banque de la République d'Haïti, taux de référence calculé à l'achat"
2019-03-20,82.6017,1819.pdf,SRC-007,"BRH — Banque de la République d'Haïti, taux de référence calculé à l'achat"
2019-03-21,82.7945,1819.pdf,SRC-007,"BRH — Banque de la République d'Haïti, taux de référence calculé à l'achat"
2019-03-22,82.4593,1819.pdf,SRC-007,"BRH — Banque de la République d'Haïti, taux de référence calculé à l'achat"
2019-03-25,82.4912,1819.pdf,SRC-007,"BRH — Banque de la République d'Haïti, taux de référence calculé à l'achat"
2019-03-26,82.6477,1819.pdf,SRC-007,"BRH — Banque de la République d'Haïti, taux de référence calculé à l'achat"
2019-03-27,82.6642,1819.pdf,SRC-007,"BRH — Banque de la République d'Haïti, taux de référence calculé à l'achat"
2019-03-28,82.6293,1819.pdf,SRC-007,"BRH — Banque de la République d'Haïti, taux de référence calculé à l'achat"
2019-03-29,82.6061,1819.pdf,SRC-007,"BRH — Banque de la République d'Haïti, taux de référence calculé à l'achat"
2019-04-01,82.806,1819.pdf,SRC-007,"BRH — Banque de la République d'Haïti, taux de référence calculé à l'achat"
2019-04-02,82.7247,1819.pdf,SRC-007,"BRH — Banque de la République d'Haïti, taux de référence calculé à l'achat"
2019-04-03,83.0116,1819.pdf,SRC-007,"BRH — Banque de la République d'Haïti, taux de référence calculé à l'achat"
2019-04-04,82.5844,1819.pdf,SRC-007,"BRH — Banque de la République d'Haïti, taux de référence calculé à l'achat"
2019-04-05,83.0797,1819.pdf,SRC-007,"BRH — Banque de la République d'Haïti, taux de référence calculé à l'achat"
2019-04-08,83.1939,1819.pdf,SRC-007,"BRH — Banque de la République d'Haïti, taux de référence calculé à l'achat"
2019-04-09,83.3985,1819.pdf,SRC-007,"BRH — Banque de la République d'Haïti, taux de référence calculé à l'achat"
2019-04-10,83.8388,1819.pdf,SRC-007,"BRH — Banque de la République d'Haïti, taux de référence calculé à l'achat"
2019-04-11,83.6866,1819.pdf,SRC-007,"BRH — Banque de la République d'Haïti, taux de référence calculé à l'achat"
2019-04-12,83.9611,1819.pdf,SRC-007,"BRH — Banque de la République d'Haïti, taux de référence calculé à l'achat"
2019-04-15,84.0823,1819.pdf,SRC-007,"BRH — Banque de la République d'Haïti, taux de référence calculé à l'achat"
2019-04-16,84.4176,1819.pdf,SRC-007,"BRH — Banque de la République d'Haïti, taux de référence calculé à l'achat"
2019-04-17,84.5263,1819.pdf,SRC-007,"BRH — Banque de la République d'Haïti, taux de référence calculé à l'achat"
2019-04-18,84.679,1819.pdf,SRC-007,"BRH — Banque de la République d'Haïti, taux de référence calculé à l'achat"
2019-04-22,85.3179,1819.pdf,SRC-007,"BRH — Banque de la République d'Haïti, taux de référence calculé à l'achat"
2019-04-23,85.2809,1819.pdf,SRC-007,"BRH — Banque de la République d'Haïti, taux de référence calculé à l'achat"
2019-04-24,85.5533,1819.pdf,SRC-007,"BRH — Banque de la République d'Haïti, taux de référence calculé à l'achat"
2019-04-25,85.3794,1819.pdf,SRC-007,"BRH — Banque de la République d'Haïti, taux de référence calculé à l'achat"
2019-04-26,85.4476,1819.pdf,SRC-007,"BRH — Banque de la République d'Haïti, taux de référence calculé à l'achat"
2019-04-29,85.4146,1819.pdf,SRC-007,"BRH — Banque de la République d'Haïti, taux de référence calculé à l'achat"
2019-04-30,86.0961,1819.pdf,SRC-007,"BRH — Banque de la République d'Haïti, taux de référence calculé à l'achat"
2019-05-02,86.2056,1819.pdf,SRC-007,"BRH — Banque de la République d'Haïti, taux de référence calculé à l'achat"
2019-05-03,86.2826,1819.pdf,SRC-007,"BRH — Banque de la République d'Haïti, taux de référence calculé à l'achat"
2019-05-06,86.3077,1819.pdf,SRC-007,"BRH — Banque de la République d'Haïti, taux de référence calculé à l'achat"
2019-05-07,86.57,1819.pdf,SRC-007,"BRH — Banque de la République d'Haïti, taux de référence calculé à l'achat"
2019-05-08,86.818,1819.pdf,SRC-007,"BRH — Banque de la République d'Haïti, taux de référence calculé à l'achat"
2019-05-09,86.9953,1819.pdf,SRC-007,"BRH — Banque de la République d'Haïti, taux de référence calculé à l'achat"
2019-05-10,87.1083,1819.pdf,SRC-007,"BRH — Banque de la République d'Haïti, taux de référence calculé à l'achat"
2019-05-13,87.4607,1819.pdf,SRC-007,"BRH — Banque de la République d'Haïti, taux de référence calculé à l'achat"
2019-05-14,88.0705,1819.pdf,SRC-007,"BRH — Banque de la République d'Haïti, taux de référence calculé à l'achat"
2019-05-15,88.0641,1819.pdf,SRC-007,"BRH — Banque de la République d'Haïti, taux de référence calculé à l'achat"
2019-05-16,88.1796,1819.pdf,SRC-007,"BRH — Banque de la République d'Haïti, taux de référence calculé à l'achat"
2019-05-17,89.1019,1819.pdf,SRC-007,"BRH — Banque de la République d'Haïti, taux de référence calculé à l'achat"
2019-05-20,89.1899,1819.pdf,SRC-007,"BRH — Banque de la République d'Haïti, taux de référence calculé à l'achat"
2019-05-21,89.4032,1819.pdf,SRC-007,"BRH — Banque de la République d'Haïti, taux de référence calculé à l'achat"
2019-05-22,90.4109,1819.pdf,SRC-007,"BRH — Banque de la République d'Haïti, taux de référence calculé à l'achat"
2019-05-23,90.1464,1819.pdf,SRC-007,"BRH — Banque de la République d'Haïti, taux de référence calculé à l'achat"
2019-05-24,90.4644,1819.pdf,SRC-007,"BRH — Banque de la République d'Haïti, taux de référence calculé à l'achat"
2019-05-27,90.8976,1819.pdf,SRC-007,"BRH — Banque de la République d'Haïti, taux de référence calculé à l'achat"
2019-05-28,91.5303,1819.pdf,SRC-007,"BRH — Banque de la République d'Haïti, taux de référence calculé à l'achat"
2019-05-29,91.8933,1819.pdf,SRC-007,"BRH — Banque de la République d'Haïti, taux de référence calculé à l'achat"
2019-05-30,92.1574,1819.pdf,SRC-007,"BRH — Banque de la République d'Haïti, taux de référence calculé à l'achat"
2019-05-31,92.5356,1819.pdf,SRC-007,"BRH — Banque de la République d'Haïti, taux de référence calculé à l'achat"
2019-06-03,92.9743,1819.pdf,SRC-007,"BRH — Banque de la République d'Haïti, taux de référence calculé à l'achat"
2019-06-04,93.0181,1819.pdf,SRC-007,"BRH — Banque de la République d'Haïti, taux de référence calculé à l'achat"
2019-06-05,91.6431,1819.pdf,SRC-007,"BRH — Banque de la République d'Haïti, taux de référence calculé à l'achat"
2019-06-06,92.2229,1819.pdf,SRC-007,"BRH — Banque de la République d'Haïti, taux de référence calculé à l'achat"
2019-06-07,91.8398,1819.pdf,SRC-007,"BRH — Banque de la République d'Haïti, taux de référence calculé à l'achat"
2019-06-12,92.3782,1819.pdf,SRC-007,"BRH — Banque de la République d'Haïti, taux de référence calculé à l'achat"
2019-06-13,92.6818,1819.pdf,SRC-007,"BRH — Banque de la République d'Haïti, taux de référence calculé à l'achat"
2019-06-14,92.5416,1819.pdf,SRC-007,"BRH — Banque de la République d'Haïti, taux de référence calculé à l'achat"
2019-06-17,92.8162,1819.pdf,SRC-007,"BRH — Banque de la République d'Haïti, taux de référence calculé à l'achat"
2019-06-18,92.9069,1819.pdf,SRC-007,"BRH — Banque de la République d'Haïti, taux de référence calculé à l'achat"
2019-06-19,92.6529,1819.pdf,SRC-007,"BRH — Banque de la République d'Haïti, taux de référence calculé à l'achat"
2019-06-21,93.0181,1819.pdf,SRC-007,"BRH — Banque de la République d'Haïti, taux de référence calculé à l'achat"
2019-06-24,93.0862,1819.pdf,SRC-007,"BRH — Banque de la République d'Haïti, taux de référence calculé à l'achat"
2019-06-25,93.1948,1819.pdf,SRC-007,"BRH — Banque de la République d'Haïti, taux de référence calculé à l'achat"
2019-06-26,93.1882,1819.pdf,SRC-007,"BRH — Banque de la République d'Haïti, taux de référence calculé à l'achat"
2019-06-27,93.1614,1819.pdf,SRC-007,"BRH — Banque de la République d'Haïti, taux de référence calculé à l'achat"
2019-06-28,93.0256,1819.pdf,SRC-007,"BRH — Banque de la République d'Haïti, taux de référence calculé à l'achat"
2019-07-01,93.0376,1819.pdf,SRC-007,"BRH — Banque de la République d'Haïti, taux de référence calculé à l'achat"
2019-07-02,92.8675,1819.pdf,SRC-007,"BRH — Banque de la République d'Haïti, taux de référence calculé à l'achat"
2019-07-03,92.9982,1819.pdf,SRC-007,"BRH — Banque de la République d'Haïti, taux de référence calculé à l'achat"
2019-07-04,93.2424,1819.pdf,SRC-007,"BRH — Banque de la République d'Haïti, taux de référence calculé à l'achat"
2019-07-05,93.148,1819.pdf,SRC-007,"BRH — Banque de la République d'Haïti, taux de référence calculé à l'achat"
2019-07-08,93.0944,1819.pdf,SRC-007,"BRH — Banque de la République d'Haïti, taux de référence calculé à l'achat"
2019-07-09,93.0619,1819.pdf,SRC-007,"BRH — Banque de la République d'Haïti, taux de référence calculé à l'achat"
2019-07-10,93.1474,1819.pdf,SRC-007,"BRH — Banque de la République d'Haïti, taux de référence calculé à l'achat"
2019-07-11,93.0959,1819.pdf,SRC-007,"BRH — Banque de la République d'Haïti, taux de référence calculé à l'achat"
2019-07-12,93.1701,1819.pdf,SRC-007,"BRH — Banque de la République d'Haïti, taux de référence calculé à l'achat"
2019-07-15,93.1077,1819.pdf,SRC-007,"BRH — Banque de la République d'Haïti, taux de référence calculé à l'achat"
2019-07-16,93.1748,1819.pdf,SRC-007,"BRH — Banque de la République d'Haïti, taux de référence calculé à l'achat"
2019-07-17,92.0818,1819.pdf,SRC-007,"BRH — Banque de la République d'Haïti, taux de référence calculé à l'achat"
2019-07-18,92.3319,1819.pdf,SRC-007,"BRH — Banque de la République d'Haïti, taux de référence calculé à l'achat"
2019-07-19,93.0234,1819.pdf,SRC-007,"BRH — Banque de la République d'Haïti, taux de référence calculé à l'achat"
2019-07-22,93.2334,1819.pdf,SRC-007,"BRH — Banque de la République d'Haïti, taux de référence calculé à l'achat"
2019-07-23,93.1803,1819.pdf,SRC-007,"BRH — Banque de la République d'Haïti, taux de référence calculé à l'achat"
2019-07-24,93.2519,1819.pdf,SRC-007,"BRH — Banque de la République d'Haïti, taux de référence calculé à l'achat"
2019-07-25,93.2798,1819.pdf,SRC-007,"BRH — Banque de la République d'Haïti, taux de référence calculé à l'achat"
2019-07-26,93.1772,1819.pdf,SRC-007,"BRH — Banque de la République d'Haïti, taux de référence calculé à l'achat"
2019-07-29,93.2171,1819.pdf,SRC-007,"BRH — Banque de la République d'Haïti, taux de référence calculé à l'achat"
2019-07-30,93.1431,1819.pdf,SRC-007,"BRH — Banque de la République d'Haïti, taux de référence calculé à l'achat"
2019-07-31,93.2599,1819.pdf,SRC-007,"BRH — Banque de la République d'Haïti, taux de référence calculé à l'achat"
2019-08-01,93.2941,1819.pdf,SRC-007,"BRH — Banque de la République d'Haïti, taux de référence calculé à l'achat"
2019-08-02,93.2821,1819.pdf,SRC-007,"BRH — Banque de la République d'Haïti, taux de référence calculé à l'achat"
2019-08-05,93.1032,1819.pdf,SRC-007,"BRH — Banque de la République d'Haïti, taux de référence calculé à l'achat"
2019-08-06,93.282,1819.pdf,SRC-007,"BRH — Banque de la République d'Haïti, taux de référence calculé à l'achat"
2019-08-07,93.3101,1819.pdf,SRC-007,"BRH — Banque de la République d'Haïti, taux de référence calculé à l'achat"
2019-08-08,93.2562,1819.pdf,SRC-007,"BRH — Banque de la République d'Haïti, taux de référence calculé à l'achat"
2019-08-09,93.2406,1819.pdf,SRC-007,"BRH — Banque de la République d'Haïti, taux de référence calculé à l'achat"
2019-08-12,93.2414,1819.pdf,SRC-007,"BRH — Banque de la République d'Haïti, taux de référence calculé à l'achat"
2019-08-13,93.3295,1819.pdf,SRC-007,"BRH — Banque de la République d'Haïti, taux de référence calculé à l'achat"
2019-08-14,93.3505,1819.pdf,SRC-007,"BRH — Banque de la République d'Haïti, taux de référence calculé à l'achat"
2019-08-16,93.3575,1819.pdf,SRC-007,"BRH — Banque de la République d'Haïti, taux de référence calculé à l'achat"
2019-08-19,93.3169,1819.pdf,SRC-007,"BRH — Banque de la République d'Haïti, taux de référence calculé à l'achat"
2019-08-20,93.149,1819.pdf,SRC-007,"BRH — Banque de la République d'Haïti, taux de référence calculé à l'achat"
2019-08-21,93.3611,1819.pdf,SRC-007,"BRH — Banque de la République d'Haïti, taux de référence calculé à l'achat"
2019-08-22,93.4133,1819.pdf,SRC-007,"BRH — Banque de la République d'Haïti, taux de référence calculé à l'achat"
2019-08-23,93.4297,1819.pdf,SRC-007,"BRH — Banque de la République d'Haïti, taux de référence calculé à l'achat"
2019-08-26,93.3238,1819.pdf,SRC-007,"BRH — Banque de la République d'Haïti, taux de référence calculé à l'achat"
2019-08-27,93.3842,1819.pdf,SRC-007,"BRH — Banque de la République d'Haïti, taux de référence calculé à l'achat"
2019-08-28,93.36,1819.pdf,SRC-007,"BRH — Banque de la République d'Haïti, taux de référence calculé à l'achat"
2019-08-29,93.4125,1819.pdf,SRC-007,"BRH — Banque de la République d'Haïti, taux de référence calculé à l'achat"
2019-08-30,93.3893,1819.pdf,SRC-007,"BRH — Banque de la République d'Haïti, taux de référence calculé à l'achat"
2019-09-02,93.4293,1819.pdf,SRC-007,"BRH — Banque de la République d'Haïti, taux de référence calculé à l'achat"
2019-09-03,93.3549,1819.pdf,SRC-007,"BRH — Banque de la République d'Haïti, taux de référence calculé à l'achat"
2019-09-04,93.4447,1819.pdf,SRC-007,"BRH — Banque de la République d'Haïti, taux de référence calculé à l'achat"
2019-09-05,93.4129,1819.pdf,SRC-007,"BRH — Banque de la République d'Haïti, taux de référence calculé à l'achat"
2019-09-06,93.4558,1819.pdf,SRC-007,"BRH — Banque de la République d'Haïti, taux de référence calculé à l'achat"
2019-09-09,93.2297,1819.pdf,SRC-007,"BRH — Banque de la République d'Haïti, taux de référence calculé à l'achat"
2019-09-10,93.3853,1819.pdf,SRC-007,"BRH — Banque de la République d'Haïti, taux de référence calculé à l'achat"
2019-09-11,93.3581,1819.pdf,SRC-007,"BRH — Banque de la République d'Haïti, taux de référence calculé à l'achat"
2019-09-12,93.3045,1819.pdf,SRC-007,"BRH — Banque de la République d'Haïti, taux de référence calculé à l'achat"
2019-09-13,93.3914,1819.pdf,SRC-007,"BRH — Banque de la République d'Haïti, taux de référence calculé à l'achat"
2019-09-18,93.2162,1819.pdf,SRC-007,"BRH — Banque de la République d'Haïti, taux de référence calculé à l'achat"
2019-09-19,93.2438,1819.pdf,SRC-007,"BRH — Banque de la République d'Haïti, taux de référence calculé à l'achat"
2019-09-20,93.3538,1819.pdf,SRC-007,"BRH — Banque de la République d'Haïti, taux de référence calculé à l'achat"
2019-09-23,93.3162,1819.pdf,SRC-007,"BRH — Banque de la République d'Haïti, taux de référence calculé à l'achat"
2019-10-02,93.2409,1920.pdf,SRC-007,"BRH — Banque de la République d'Haïti, taux de référence calculé à l'achat"
2019-10-03,93.1458,1920.pdf,SRC-007,"BRH — Banque de la République d'Haïti, taux de référence calculé à l'achat"
2019-10-08,92.9762,1920.pdf,SRC-007,"BRH — Banque de la République d'Haïti, taux de référence calculé à l'achat"
2019-10-09,92.684,1920.pdf,SRC-007,"BRH — Banque de la République d'Haïti, taux de référence calculé à l'achat"
2019-10-10,92.0774,1920.pdf,SRC-007,"BRH — Banque de la République d'Haïti, taux de référence calculé à l'achat"
2019-10-14,91.8643,1920.pdf,SRC-007,"BRH — Banque de la République d'Haïti, taux de référence calculé à l'achat"
2019-10-15,91.7835,1920.pdf,SRC-007,"BRH — Banque de la République d'Haïti, taux de référence calculé à l'achat"
2019-10-16,91.5979,1920.pdf,SRC-007,"BRH — Banque de la République d'Haïti, taux de référence calculé à l'achat"
2019-10-18,91.589,1920.pdf,SRC-007,"BRH — Banque de la République d'Haïti, taux de référence calculé à l'achat"
2019-10-21,91.5241,1920.pdf,SRC-007,"BRH — Banque de la République d'Haïti, taux de référence calculé à l'achat"
2019-10-22,91.6385,1920.pdf,SRC-007,"BRH — Banque de la République d'Haïti, taux de référence calculé à l'achat"
2019-10-23,91.601,1920.pdf,SRC-007,"BRH — Banque de la République d'Haïti, taux de référence calculé à l'achat"
2019-10-24,91.788,1920.pdf,SRC-007,"BRH — Banque de la République d'Haïti, taux de référence calculé à l'achat"
2019-10-25,91.7459,1920.pdf,SRC-007,"BRH — Banque de la République d'Haïti, taux de référence calculé à l'achat"
2019-11-05,91.6206,1920.pdf,SRC-007,"BRH — Banque de la République d'Haïti, taux de référence calculé à l'achat"
2019-11-06,91.679,1920.pdf,SRC-007,"BRH — Banque de la République d'Haïti, taux de référence calculé à l'achat"
2019-11-07,91.4994,1920.pdf,SRC-007,"BRH — Banque de la République d'Haïti, taux de référence calculé à l'achat"
2019-11-08,91.772,1920.pdf,SRC-007,"BRH — Banque de la République d'Haïti, taux de référence calculé à l'achat"
2019-11-11,91.4541,1920.pdf,SRC-007,"BRH — Banque de la République d'Haïti, taux de référence calculé à l'achat"
2019-11-12,91.5392,1920.pdf,SRC-007,"BRH — Banque de la République d'Haïti, taux de référence calculé à l'achat"
2019-11-13,91.7041,1920.pdf,SRC-007,"BRH — Banque de la République d'Haïti, taux de référence calculé à l'achat"
2019-11-14,91.7353,1920.pdf,SRC-007,"BRH — Banque de la République d'Haïti, taux de référence calculé à l'achat"
2019-11-15,91.6172,1920.pdf,SRC-007,"BRH — Banque de la République d'Haïti, taux de référence calculé à l'achat"
2019-11-19,91.5986,1920.pdf,SRC-007,"BRH — Banque de la République d'Haïti, taux de référence calculé à l'achat"
2019-11-20,91.628,1920.pdf,SRC-007,"BRH — Banque de la République d'Haïti, taux de référence calculé à l'achat"
2019-11-21,91.8056,1920.pdf,SRC-007,"BRH — Banque de la République d'Haïti, taux de référence calculé à l'achat"
2019-11-22,91.8585,1920.pdf,SRC-007,"BRH — Banque de la République d'Haïti, taux de référence calculé à l'achat"
2019-11-25,91.6286,1920.pdf,SRC-007,"BRH — Banque de la République d'Haïti, taux de référence calculé à l'achat"
2019-11-26,91.767,1920.pdf,SRC-007,"BRH — Banque de la République d'Haïti, taux de référence calculé à l'achat"
2019-11-27,91.7722,1920.pdf,SRC-007,"BRH — Banque de la République d'Haïti, taux de référence calculé à l'achat"
2019-11-28,91.6959,1920.pdf,SRC-007,"BRH — Banque de la République d'Haïti, taux de référence calculé à l'achat"
2019-11-29,91.7155,1920.pdf,SRC-007,"BRH — Banque de la République d'Haïti, taux de référence calculé à l'achat"
2019-12-02,91.781,1920.pdf,SRC-007,"BRH — Banque de la République d'Haïti, taux de référence calculé à l'achat"
2019-12-03,91.5922,1920.pdf,SRC-007,"BRH — Banque de la République d'Haïti, taux de référence calculé à l'achat"
2019-12-04,91.9077,1920.pdf,SRC-007,"BRH — Banque de la République d'Haïti, taux de référence calculé à l'achat"
2019-12-05,91.7498,1920.pdf,SRC-007,"BRH — Banque de la République d'Haïti, taux de référence calculé à l'achat"
2019-12-06,91.7451,1920.pdf,SRC-007,"BRH — Banque de la République d'Haïti, taux de référence calculé à l'achat"
2019-12-09,91.5814,1920.pdf,SRC-007,"BRH — Banque de la République d'Haïti, taux de référence calculé à l'achat"
2019-12-10,91.8537,1920.pdf,SRC-007,"BRH — Banque de la République d'Haïti, taux de référence calculé à l'achat"
2019-12-11,91.9137,1920.pdf,SRC-007,"BRH — Banque de la République d'Haïti, taux de référence calculé à l'achat"
2019-12-12,91.7743,1920.pdf,SRC-007,"BRH — Banque de la République d'Haïti, taux de référence calculé à l'achat"
2019-12-13,91.7743,1920.pdf,SRC-007,"BRH — Banque de la République d'Haïti, taux de référence calculé à l'achat"
2019-12-16,91.9375,1920.pdf,SRC-007,"BRH — Banque de la République d'Haïti, taux de référence calculé à l'achat"
2019-12-17,91.7096,1920.pdf,SRC-007,"BRH — Banque de la République d'Haïti, taux de référence calculé à l'achat"
2019-12-18,91.9655,1920.pdf,SRC-007,"BRH — Banque de la République d'Haïti, taux de référence calculé à l'achat"
2019-12-19,92.064,1920.pdf,SRC-007,"BRH — Banque de la République d'Haïti, taux de référence calculé à l'achat"
2019-12-20,91.9152,1920.pdf,SRC-007,"BRH — Banque de la République d'Haïti, taux de référence calculé à l'achat"
2019-12-23,92.0476,1920.pdf,SRC-007,"BRH — Banque de la République d'Haïti, taux de référence calculé à l'achat"
2019-12-24,92.0007,1920.pdf,SRC-007,"BRH — Banque de la République d'Haïti, taux de référence calculé à l'achat"
2019-12-26,92.0536,1920.pdf,SRC-007,"BRH — Banque de la République d'Haïti, taux de référence calculé à l'achat"
2019-12-27,91.8762,1920.pdf,SRC-007,"BRH — Banque de la République d'Haïti, taux de référence calculé à l'achat"
2019-12-30,91.9536,1920.pdf,SRC-007,"BRH — Banque de la République d'Haïti, taux de référence calculé à l'achat"
2019-12-31,91.9842,1920.pdf,SRC-007,"BRH — Banque de la République d'Haïti, taux de référence calculé à l'achat"
2020-01-03,91.9513,1920.pdf,SRC-007,"BRH — Banque de la République d'Haïti, taux de référence calculé à l'achat"
2020-01-06,92.0513,1920.pdf,SRC-007,"BRH — Banque de la République d'Haïti, taux de référence calculé à l'achat"
2020-01-07,91.9461,1920.pdf,SRC-007,"BRH — Banque de la République d'Haïti, taux de référence calculé à l'achat"
2020-01-08,92.1899,1920.pdf,SRC-007,"BRH — Banque de la République d'Haïti, taux de référence calculé à l'achat"
2020-01-09,92.0049,1920.pdf,SRC-007,"BRH — Banque de la République d'Haïti, taux de référence calculé à l'achat"
2020-01-10,91.957,1920.pdf,SRC-007,"BRH — Banque de la République d'Haïti, taux de référence calculé à l'achat"
2020-01-13,92.0437,1920.pdf,SRC-007,"BRH — Banque de la République d'Haïti, taux de référence calculé à l'achat"
2020-01-14,92.0185,1920.pdf,SRC-007,"BRH — Banque de la République d'Haïti, taux de référence calculé à l'achat"
2020-01-15,92.1015,1920.pdf,SRC-007,"BRH — Banque de la République d'Haïti, taux de référence calculé à l'achat"
2020-01-16,91.8567,1920.pdf,SRC-007,"BRH — Banque de la République d'Haïti, taux de référence calculé à l'achat"
2020-01-17,92.0573,1920.pdf,SRC-007,"BRH — Banque de la République d'Haïti, taux de référence calculé à l'achat"
2020-01-20,92.1408,1920.pdf,SRC-007,"BRH — Banque de la République d'Haïti, taux de référence calculé à l'achat"
2020-01-21,92.1756,1920.pdf,SRC-007,"BRH — Banque de la République d'Haïti, taux de référence calculé à l'achat"
2020-01-22,92.1895,1920.pdf,SRC-007,"BRH — Banque de la République d'Haïti, taux de référence calculé à l'achat"
2020-01-23,92.5117,1920.pdf,SRC-007,"BRH — Banque de la République d'Haïti, taux de référence calculé à l'achat"
2020-01-24,92.006,1920.pdf,SRC-007,"BRH — Banque de la République d'Haïti, taux de référence calculé à l'achat"
2020-01-27,92.2355,1920.pdf,SRC-007,"BRH — Banque de la République d'Haïti, taux de référence calculé à l'achat"
2020-01-28,92.4858,1920.pdf,SRC-007,"BRH — Banque de la République d'Haïti, taux de référence calculé à l'achat"
2020-01-29,92.4179,1920.pdf,SRC-007,"BRH — Banque de la République d'Haïti, taux de référence calculé à l'achat"
2020-01-30,92.7417,1920.pdf,SRC-007,"BRH — Banque de la République d'Haïti, taux de référence calculé à l'achat"
2020-01-31,92.794,1920.pdf,SRC-007,"BRH — Banque de la République d'Haïti, taux de référence calculé à l'achat"
2020-02-03,93.3162,1920.pdf,SRC-007,"BRH — Banque de la République d'Haïti, taux de référence calculé à l'achat"
2020-02-04,92.7912,1920.pdf,SRC-007,"BRH — Banque de la République d'Haïti, taux de référence calculé à l'achat"
2020-02-05,93.1261,1920.pdf,SRC-007,"BRH — Banque de la République d'Haïti, taux de référence calculé à l'achat"
2020-02-06,93.0315,1920.pdf,SRC-007,"BRH — Banque de la République d'Haïti, taux de référence calculé à l'achat"
2020-02-07,93.3908,1920.pdf,SRC-007,"BRH — Banque de la République d'Haïti, taux de référence calculé à l'achat"
2020-02-10,93.1469,1920.pdf,SRC-007,"BRH — Banque de la République d'Haïti, taux de référence calculé à l'achat"
2020-02-11,93.3357,1920.pdf,SRC-007,"BRH — Banque de la République d'Haïti, taux de référence calculé à l'achat"
2020-02-12,93.5498,1920.pdf,SRC-007,"BRH — Banque de la République d'Haïti, taux de référence calculé à l'achat"
2020-02-13,93.839,1920.pdf,SRC-007,"BRH — Banque de la République d'Haïti, taux de référence calculé à l'achat"
2020-02-14,94.0509,1920.pdf,SRC-007,"BRH — Banque de la République d'Haïti, taux de référence calculé à l'achat"
2020-02-17,93.9558,1920.pdf,SRC-007,"BRH — Banque de la République d'Haïti, taux de référence calculé à l'achat"
2020-02-18,94.183,1920.pdf,SRC-007,"BRH — Banque de la République d'Haïti, taux de référence calculé à l'achat"
2020-02-19,94.3284,1920.pdf,SRC-007,"BRH — Banque de la République d'Haïti, taux de référence calculé à l'achat"
2020-02-20,94.7525,1920.pdf,SRC-007,"BRH — Banque de la République d'Haïti, taux de référence calculé à l'achat"
2020-02-21,94.234,1920.pdf,SRC-007,"BRH — Banque de la République d'Haïti, taux de référence calculé à l'achat"
2020-02-27,94.3711,1920.pdf,SRC-007,"BRH — Banque de la République d'Haïti, taux de référence calculé à l'achat"
2020-02-28,94.7716,1920.pdf,SRC-007,"BRH — Banque de la République d'Haïti, taux de référence calculé à l'achat"
2020-03-02,94.8847,1920.pdf,SRC-007,"BRH — Banque de la République d'Haïti, taux de référence calculé à l'achat"
2020-03-03,95.0855,1920.pdf,SRC-007,"BRH — Banque de la République d'Haïti, taux de référence calculé à l'achat"
2020-03-04,93.3162,1920.pdf,SRC-007,"BRH — Banque de la République d'Haïti, taux de référence calculé à l'achat"
2020-03-05,95.4025,1920.pdf,SRC-007,"BRH — Banque de la République d'Haïti, taux de référence calculé à l'achat"
2020-03-06,95.5731,1920.pdf,SRC-007,"BRH — Banque de la République d'Haïti, taux de référence calculé à l'achat"
2020-03-09,95.783,1920.pdf,SRC-007,"BRH — Banque de la République d'Haïti, taux de référence calculé à l'achat"
2020-03-10,96.019,1920.pdf,SRC-007,"BRH — Banque de la République d'Haïti, taux de référence calculé à l'achat"
2020-03-11,96.0755,1920.pdf,SRC-007,"BRH — Banque de la République d'Haïti, taux de référence calculé à l'achat"
2020-03-12,96.6111,1920.pdf,SRC-007,"BRH — Banque de la République d'Haïti, taux de référence calculé à l'achat"
2020-03-13,96.7796,1920.pdf,SRC-007,"BRH — Banque de la République d'Haïti, taux de référence calculé à l'achat"
2020-03-16,96.8585,1920.pdf,SRC-007,"BRH — Banque de la République d'Haïti, taux de référence calculé à l'achat"
2020-03-17,96.6705,1920.pdf,SRC-007,"BRH — Banque de la République d'Haïti, taux de référence calculé à l'achat"
2020-03-18,97.1229,1920.pdf,SRC-007,"BRH — Banque de la République d'Haïti, taux de référence calculé à l'achat"
2020-03-19,97.7278,1920.pdf,SRC-007,"BRH — Banque de la République d'Haïti, taux de référence calculé à l'achat"
2020-03-20,97.3136,1920.pdf,SRC-007,"BRH — Banque de la République d'Haïti, taux de référence calculé à l'achat"
2020-03-23,97.556,1920.pdf,SRC-007,"BRH — Banque de la République d'Haïti, taux de référence calculé à l'achat"
2020-03-24,98.0304,1920.pdf,SRC-007,"BRH — Banque de la République d'Haïti, taux de référence calculé à l'achat"
2020-03-25,98.0067,1920.pdf,SRC-007,"BRH — Banque de la République d'Haïti, taux de référence calculé à l'achat"
2020-03-26,98.0321,1920.pdf,SRC-007,"BRH — Banque de la République d'Haïti, taux de référence calculé à l'achat"
2020-03-27,97.9362,1920.pdf,SRC-007,"BRH — Banque de la République d'Haïti, taux de référence calculé à l'achat"
2020-03-30,98.1109,1920.pdf,SRC-007,"BRH — Banque de la République d'Haïti, taux de référence calculé à l'achat"
2020-03-31,97.9728,1920.pdf,SRC-007,"BRH — Banque de la République d'Haïti, taux de référence calculé à l'achat"
2020-04-01,98.0774,1920.pdf,SRC-007,"BRH — Banque de la République d'Haïti, taux de référence calculé à l'achat"
2020-04-02,98.1044,1920.pdf,SRC-007,"BRH — Banque de la République d'Haïti, taux de référence calculé à l'achat"
2020-04-03,98.3663,1920.pdf,SRC-007,"BRH — Banque de la République d'Haïti, taux de référence calculé à l'achat"
2020-04-06,98.1735,1920.pdf,SRC-007,"BRH — Banque de la République d'Haïti, taux de référence calculé à l'achat"
2020-04-07,98.161,1920.pdf,SRC-007,"BRH — Banque de la République d'Haïti, taux de référence calculé à l'achat"
2020-04-08,98.5053,1920.pdf,SRC-007,"BRH — Banque de la République d'Haïti, taux de référence calculé à l'achat"
2020-04-09,98.5952,1920.pdf,SRC-007,"BRH — Banque de la République d'Haïti, taux de référence calculé à l'achat"
2020-04-13,98.6753,1920.pdf,SRC-007,"BRH — Banque de la République d'Haïti, taux de référence calculé à l'achat"
2020-04-14,98.7564,1920.pdf,SRC-007,"BRH — Banque de la République d'Haïti, taux de référence calculé à l'achat"
2020-04-15,99.0179,1920.pdf,SRC-007,"BRH — Banque de la République d'Haïti, taux de référence calculé à l'achat"
2020-04-16,98.8571,1920.pdf,SRC-007,"BRH — Banque de la République d'Haïti, taux de référence calculé à l'achat"
2020-04-17,99.7352,1920.pdf,SRC-007,"BRH — Banque de la République d'Haïti, taux de référence calculé à l'achat"
2020-04-20,99.9613,1920.pdf,SRC-007,"BRH — Banque de la République d'Haïti, taux de référence calculé à l'achat"
2020-04-21,100.288,1920.pdf,SRC-007,"BRH — Banque de la République d'Haïti, taux de référence calculé à l'achat"
2020-04-22,100.7404,1920.pdf,SRC-007,"BRH — Banque de la République d'Haïti, taux de référence calculé à l'achat"
2020-04-23,101.2478,1920.pdf,SRC-007,"BRH — Banque de la République d'Haïti, taux de référence calculé à l'achat"
2020-04-24,101.4183,1920.pdf,SRC-007,"BRH — Banque de la République d'Haïti, taux de référence calculé à l'achat"
2020-04-27,102.7981,1920.pdf,SRC-007,"BRH — Banque de la République d'Haïti, taux de référence calculé à l'achat"
2020-04-28,102.9995,1920.pdf,SRC-007,"BRH — Banque de la République d'Haïti, taux de référence calculé à l'achat"
2020-04-29,103.4858,1920.pdf,SRC-007,"BRH — Banque de la République d'Haïti, taux de référence calculé à l'achat"
2020-04-30,102.8348,1920.pdf,SRC-007,"BRH — Banque de la République d'Haïti, taux de référence calculé à l'achat"
2020-05-04,102.5013,1920.pdf,SRC-007,"BRH — Banque de la République d'Haïti, taux de référence calculé à l'achat"
2020-05-05,103.8966,1920.pdf,SRC-007,"BRH — Banque de la République d'Haïti, taux de référence calculé à l'achat"
2020-05-06,104.4395,1920.pdf,SRC-007,"BRH — Banque de la République d'Haïti, taux de référence calculé à l'achat"
2020-05-07,104.1364,1920.pdf,SRC-007,"BRH — Banque de la République d'Haïti, taux de référence calculé à l'achat"
2020-05-08,104.1364,1920.pdf,SRC-007,"BRH — Banque de la République d'Haïti, taux de référence calculé à l'achat"
2020-05-11,105.2612,1920.pdf,SRC-007,"BRH — Banque de la République d'Haïti, taux de référence calculé à l'achat"
2020-05-12,105.5599,1920.pdf,SRC-007,"BRH — Banque de la République d'Haïti, taux de référence calculé à l'achat"
2020-05-13,105.7393,1920.pdf,SRC-007,"BRH — Banque de la République d'Haïti, taux de référence calculé à l'achat"
2020-05-14,106.5548,1920.pdf,SRC-007,"BRH — Banque de la République d'Haïti, taux de référence calculé à l'achat"
2020-05-15,106.1087,1920.pdf,SRC-007,"BRH — Banque de la République d'Haïti, taux de référence calculé à l'achat"
2020-05-19,106.9549,1920.pdf,SRC-007,"BRH — Banque de la République d'Haïti, taux de référence calculé à l'achat"
2020-05-20,107.3027,1920.pdf,SRC-007,"BRH — Banque de la République d'Haïti, taux de référence calculé à l'achat"
2020-05-21,107.3299,1920.pdf,SRC-007,"BRH — Banque de la République d'Haïti, taux de référence calculé à l'achat"
2020-05-22,107.8333,1920.pdf,SRC-007,"BRH — Banque de la République d'Haïti, taux de référence calculé à l'achat"
2020-05-25,107.8558,1920.pdf,SRC-007,"BRH — Banque de la République d'Haïti, taux de référence calculé à l'achat"
2020-05-26,108.1581,1920.pdf,SRC-007,"BRH — Banque de la République d'Haïti, taux de référence calculé à l'achat"
2020-05-27,108.3125,1920.pdf,SRC-007,"BRH — Banque de la République d'Haïti, taux de référence calculé à l'achat"
2020-05-28,108.9566,1920.pdf,SRC-007,"BRH — Banque de la République d'Haïti, taux de référence calculé à l'achat"
2020-05-29,108.9426,1920.pdf,SRC-007,"BRH — Banque de la République d'Haïti, taux de référence calculé à l'achat"
2020-06-01,109.1125,1920.pdf,SRC-007,"BRH — Banque de la République d'Haïti, taux de référence calculé à l'achat"
2020-06-02,108.9927,1920.pdf,SRC-007,"BRH — Banque de la République d'Haïti, taux de référence calculé à l'achat"
2020-06-03,108.4509,1920.pdf,SRC-007,"BRH — Banque de la République d'Haïti, taux de référence calculé à l'achat"
2020-06-04,110.2316,1920.pdf,SRC-007,"BRH — Banque de la République d'Haïti, taux de référence calculé à l'achat"
2020-06-05,109.9975,1920.pdf,SRC-007,"BRH — Banque de la République d'Haïti, taux de référence calculé à l'achat"
2020-06-08,110.6775,1920.pdf,SRC-007,"BRH — Banque de la République d'Haïti, taux de référence calculé à l'achat"
2020-06-09,110.6352,1920.pdf,SRC-007,"BRH — Banque de la République d'Haïti, taux de référence calculé à l'achat"
2020-06-10,110.1818,1920.pdf,SRC-007,"BRH — Banque de la République d'Haïti, taux de référence calculé à l'achat"
2020-06-12,111.6237,1920.pdf,SRC-007,"BRH — Banque de la République d'Haïti, taux de référence calculé à l'achat"
2020-06-15,111.3115,1920.pdf,SRC-007,"BRH — Banque de la République d'Haïti, taux de référence calculé à l'achat"
2020-06-16,111.5443,1920.pdf,SRC-007,"BRH — Banque de la République d'Haïti, taux de référence calculé à l'achat"
2020-06-17,111.1267,1920.pdf,SRC-007,"BRH — Banque de la République d'Haïti, taux de référence calculé à l'achat"
2020-06-18,112.7069,1920.pdf,SRC-007,"BRH — Banque de la République d'Haïti, taux de référence calculé à l'achat"
2020-06-19,113.1117,1920.pdf,SRC-007,"BRH — Banque de la République d'Haïti, taux de référence calculé à l'achat"
2020-06-22,113.1425,1920.pdf,SRC-007,"BRH — Banque de la République d'Haïti, taux de référence calculé à l'achat"
2020-06-23,112.6913,1920.pdf,SRC-007,"BRH — Banque de la République d'Haïti, taux de référence calculé à l'achat"
2020-06-24,112.6352,1920.pdf,SRC-007,"BRH — Banque de la République d'Haïti, taux de référence calculé à l'achat"
2020-06-25,112.8915,1920.pdf,SRC-007,"BRH — Banque de la République d'Haïti, taux de référence calculé à l'achat"
2020-06-26,113.2214,1920.pdf,SRC-007,"BRH — Banque de la République d'Haïti, taux de référence calculé à l'achat"
2020-06-29,113.2766,1920.pdf,SRC-007,"BRH — Banque de la République d'Haïti, taux de référence calculé à l'achat"
2020-06-30,113.3133,1920.pdf,SRC-007,"BRH — Banque de la République d'Haïti, taux de référence calculé à l'achat"
2020-07-01,113.6514,1920.pdf,SRC-007,"BRH — Banque de la République d'Haïti, taux de référence calculé à l'achat"
2020-07-02,114.1866,1920.pdf,SRC-007,"BRH — Banque de la République d'Haïti, taux de référence calculé à l'achat"
2020-07-03,113.462,1920.pdf,SRC-007,"BRH — Banque de la République d'Haïti, taux de référence calculé à l'achat"
2020-07-06,114.4412,1920.pdf,SRC-007,"BRH — Banque de la République d'Haïti, taux de référence calculé à l'achat"
2020-07-07,114.9627,1920.pdf,SRC-007,"BRH — Banque de la République d'Haïti, taux de référence calculé à l'achat"
2020-07-08,115.1486,1920.pdf,SRC-007,"BRH — Banque de la République d'Haïti, taux de référence calculé à l'achat"
2020-07-09,115.6919,1920.pdf,SRC-007,"BRH — Banque de la République d'Haïti, taux de référence calculé à l'achat"
2020-07-10,115.7338,1920.pdf,SRC-007,"BRH — Banque de la République d'Haïti, taux de référence calculé à l'achat"
2020-07-13,116.1102,1920.pdf,SRC-007,"BRH — Banque de la République d'Haïti, taux de référence calculé à l'achat"
2020-07-14,116.7752,1920.pdf,SRC-007,"BRH — Banque de la République d'Haïti, taux de référence calculé à l'achat"
2020-07-15,116.0771,1920.pdf,SRC-007,"BRH — Banque de la République d'Haïti, taux de référence calculé à l'achat"
2020-07-16,117.0659,1920.pdf,SRC-007,"BRH — Banque de la République d'Haïti, taux de référence calculé à l'achat"
2020-07-17,117.1138,1920.pdf,SRC-007,"BRH — Banque de la République d'Haïti, taux de référence calculé à l'achat"
2020-07-20,117.4278,1920.pdf,SRC-007,"BRH — Banque de la République d'Haïti, taux de référence calculé à l'achat"
2020-07-21,117.4383,1920.pdf,SRC-007,"BRH — Banque de la République d'Haïti, taux de référence calculé à l'achat"
2020-07-22,117.6277,1920.pdf,SRC-007,"BRH — Banque de la République d'Haïti, taux de référence calculé à l'achat"
2020-07-23,118.5457,1920.pdf,SRC-007,"BRH — Banque de la République d'Haïti, taux de référence calculé à l'achat"
2020-07-24,118.2308,1920.pdf,SRC-007,"BRH — Banque de la République d'Haïti, taux de référence calculé à l'achat"
2020-07-27,118.8916,1920.pdf,SRC-007,"BRH — Banque de la République d'Haïti, taux de référence calculé à l'achat"
2020-07-28,118.597,1920.pdf,SRC-007,"BRH — Banque de la République d'Haïti, taux de référence calculé à l'achat"
2020-07-29,119.3031,1920.pdf,SRC-007,"BRH — Banque de la République d'Haïti, taux de référence calculé à l'achat"
2020-07-30,119.4706,1920.pdf,SRC-007,"BRH — Banque de la République d'Haïti, taux de référence calculé à l'achat"
2020-07-31,119.6463,1920.pdf,SRC-007,"BRH — Banque de la République d'Haïti, taux de référence calculé à l'achat"
2020-08-03,119.9497,1920.pdf,SRC-007,"BRH — Banque de la République d'Haïti, taux de référence calculé à l'achat"
2020-08-04,119.781,1920.pdf,SRC-007,"BRH — Banque de la République d'Haïti, taux de référence calculé à l'achat"
2020-08-05,120.3357,1920.pdf,SRC-007,"BRH — Banque de la République d'Haïti, taux de référence calculé à l'achat"
2020-08-06,120.8419,1920.pdf,SRC-007,"BRH — Banque de la République d'Haïti, taux de référence calculé à l'achat"
2020-08-07,121.1593,1920.pdf,SRC-007,"BRH — Banque de la République d'Haïti, taux de référence calculé à l'achat"
2020-08-10,121.17,1920.pdf,SRC-007,"BRH — Banque de la République d'Haïti, taux de référence calculé à l'achat"
2020-08-11,119.9781,1920.pdf,SRC-007,"BRH — Banque de la République d'Haïti, taux de référence calculé à l'achat"
2020-08-12,121.2562,1920.pdf,SRC-007,"BRH — Banque de la République d'Haïti, taux de référence calculé à l'achat"
2020-08-13,120.1839,1920.pdf,SRC-007,"BRH — Banque de la République d'Haïti, taux de référence calculé à l'achat"
2020-08-14,120.7138,1920.pdf,SRC-007,"BRH — Banque de la République d'Haïti, taux de référence calculé à l'achat"
2020-08-17,120.8281,1920.pdf,SRC-007,"BRH — Banque de la République d'Haïti, taux de référence calculé à l'achat"
2020-08-18,119.9515,1920.pdf,SRC-007,"BRH — Banque de la République d'Haïti, taux de référence calculé à l'achat"
2020-08-19,119.7625,1920.pdf,SRC-007,"BRH — Banque de la République d'Haïti, taux de référence calculé à l'achat"
2020-08-20,119.5827,1920.pdf,SRC-007,"BRH — Banque de la République d'Haïti, taux de référence calculé à l'achat"
2020-08-21,119.4595,1920.pdf,SRC-007,"BRH — Banque de la République d'Haïti, taux de référence calculé à l'achat"
2020-08-24,119.191,1920.pdf,SRC-007,"BRH — Banque de la République d'Haïti, taux de référence calculé à l'achat"
2020-08-25,118.7655,1920.pdf,SRC-007,"BRH — Banque de la République d'Haïti, taux de référence calculé à l'achat"
2020-08-26,118.7942,1920.pdf,SRC-007,"BRH — Banque de la République d'Haïti, taux de référence calculé à l'achat"
2020-08-27,117.7024,1920.pdf,SRC-007,"BRH — Banque de la République d'Haïti, taux de référence calculé à l'achat"
2020-08-28,117.3135,1920.pdf,SRC-007,"BRH — Banque de la République d'Haïti, taux de référence calculé à l'achat"
2020-08-31,116.4212,1920.pdf,SRC-007,"BRH — Banque de la République d'Haïti, taux de référence calculé à l'achat"
2020-09-01,114.9765,1920.pdf,SRC-007,"BRH — Banque de la République d'Haïti, taux de référence calculé à l'achat"
2020-09-02,113.6278,1920.pdf,SRC-007,"BRH — Banque de la République d'Haïti, taux de référence calculé à l'achat"
2020-09-03,108.494,1920.pdf,SRC-007,"BRH — Banque de la République d'Haïti, taux de référence calculé à l'achat"
2020-09-04,106.529,1920.pdf,SRC-007,"BRH — Banque de la République d'Haïti, taux de référence calculé à l'achat"
2020-09-07,101.2145,1920.pdf,SRC-007,"BRH — Banque de la République d'Haïti, taux de référence calculé à l'achat"
2020-09-08,97.4052,1920.pdf,SRC-007,"BRH — Banque de la République d'Haïti, taux de référence calculé à l'achat"
2020-09-09,94.082,1920.pdf,SRC-007,"BRH — Banque de la République d'Haïti, taux de référence calculé à l'achat"
2020-09-10,91.5247,1920.pdf,SRC-007,"BRH — Banque de la République d'Haïti, taux de référence calculé à l'achat"
2020-09-11,89.3798,1920.pdf,SRC-007,"BRH — Banque de la République d'Haïti, taux de référence calculé à l'achat"
2020-09-14,86.3192,1920.pdf,SRC-007,"BRH — Banque de la République d'Haïti, taux de référence calculé à l'achat"
2020-09-15,85.23,1920.pdf,SRC-007,"BRH — Banque de la République d'Haïti, taux de référence calculé à l'achat"
2020-09-16,84.1942,1920.pdf,SRC-007,"BRH — Banque de la République d'Haïti, taux de référence calculé à l'achat"
2020-09-17,82.4702,1920.pdf,SRC-007,"BRH — Banque de la République d'Haïti, taux de référence calculé à l'achat"
2020-09-18,80.2137,1920.pdf,SRC-007,"BRH — Banque de la République d'Haïti, taux de référence calculé à l'achat"
2020-09-21,78.964,1920.pdf,SRC-007,"BRH — Banque de la République d'Haïti, taux de référence calculé à l'achat"
2020-09-22,75.9874,1920.pdf,SRC-007,"BRH — Banque de la République d'Haïti, taux de référence calculé à l'achat"
2020-09-23,74.0581,1920.pdf,SRC-007,"BRH — Banque de la République d'Haïti, taux de référence calculé à l'achat"
2020-09-24,71.6953,1920.pdf,SRC-007,"BRH — Banque de la République d'Haïti, taux de référence calculé à l'achat"
2020-09-25,70.5519,1920.pdf,SRC-007,"BRH — Banque de la République d'Haïti, taux de référence calculé à l'achat"
2020-09-28,69.3901,1920.pdf,SRC-007,"BRH — Banque de la République d'Haïti, taux de référence calculé à l'achat"
2020-09-29,67.3494,1920.pdf,SRC-007,"BRH — Banque de la République d'Haïti, taux de référence calculé à l'achat"
2020-09-30,65.9193,1920.pdf,SRC-007,"BRH — Banque de la République d'Haïti, taux de référence calculé à l'achat"
2020-10-01,63.682,2021.pdf,SRC-007,"BRH — Banque de la République d'Haïti, taux de référence calculé à l'achat"
2020-10-02,63.291,2021.pdf,SRC-007,"BRH — Banque de la République d'Haïti, taux de référence calculé à l'achat"
2020-10-05,63.1855,2021.pdf,SRC-007,"BRH — Banque de la République d'Haïti, taux de référence calculé à l'achat"
2020-10-06,62.7802,2021.pdf,SRC-007,"BRH — Banque de la République d'Haïti, taux de référence calculé à l'achat"
2020-10-07,62.5897,2021.pdf,SRC-007,"BRH — Banque de la République d'Haïti, taux de référence calculé à l'achat"
2020-10-08,62.5327,2021.pdf,SRC-007,"BRH — Banque de la République d'Haïti, taux de référence calculé à l'achat"
2020-10-09,62.3245,2021.pdf,SRC-007,"BRH — Banque de la République d'Haïti, taux de référence calculé à l'achat"
2020-10-12,62.231,2021.pdf,SRC-007,"BRH — Banque de la République d'Haïti, taux de référence calculé à l'achat"
2020-10-13,62.3023,2021.pdf,SRC-007,"BRH — Banque de la République d'Haïti, taux de référence calculé à l'achat"
2020-10-14,62.2763,2021.pdf,SRC-007,"BRH — Banque de la République d'Haïti, taux de référence calculé à l'achat"
2020-10-15,62.2043,2021.pdf,SRC-007,"BRH — Banque de la République d'Haïti, taux de référence calculé à l'achat"
2020-10-16,62.3439,2021.pdf,SRC-007,"BRH — Banque de la République d'Haïti, taux de référence calculé à l'achat"
2020-10-19,62.1685,2021.pdf,SRC-007,"BRH — Banque de la République d'Haïti, taux de référence calculé à l'achat"
2020-10-20,62.2628,2021.pdf,SRC-007,"BRH — Banque de la République d'Haïti, taux de référence calculé à l'achat"
2020-10-21,62.3005,2021.pdf,SRC-007,"BRH — Banque de la République d'Haïti, taux de référence calculé à l'achat"
2020-10-22,62.2157,2021.pdf,SRC-007,"BRH — Banque de la République d'Haïti, taux de référence calculé à l'achat"
2020-10-23,62.4211,2021.pdf,SRC-007,"BRH — Banque de la République d'Haïti, taux de référence calculé à l'achat"
2020-10-26,62.479,2021.pdf,SRC-007,"BRH — Banque de la République d'Haïti, taux de référence calculé à l'achat"
2020-10-27,62.3229,2021.pdf,SRC-007,"BRH — Banque de la République d'Haïti, taux de référence calculé à l'achat"
2020-10-28,62.4011,2021.pdf,SRC-007,"BRH — Banque de la République d'Haïti, taux de référence calculé à l'achat"
2020-10-29,63.3625,2021.pdf,SRC-007,"BRH — Banque de la République d'Haïti, taux de référence calculé à l'achat"
2020-10-30,63.0015,2021.pdf,SRC-007,"BRH — Banque de la République d'Haïti, taux de référence calculé à l'achat"
2020-11-03,63.0755,2021.pdf,SRC-007,"BRH — Banque de la République d'Haïti, taux de référence calculé à l'achat"
2020-11-04,62.9796,2021.pdf,SRC-007,"BRH — Banque de la République d'Haïti, taux de référence calculé à l'achat"
2020-11-05,63.6194,2021.pdf,SRC-007,"BRH — Banque de la République d'Haïti, taux de référence calculé à l'achat"
2020-11-06,64.2338,2021.pdf,SRC-007,"BRH — Banque de la République d'Haïti, taux de référence calculé à l'achat"
2020-11-09,63.0204,2021.pdf,SRC-007,"BRH — Banque de la République d'Haïti, taux de référence calculé à l'achat"
2020-11-10,63.2567,2021.pdf,SRC-007,"BRH — Banque de la République d'Haïti, taux de référence calculé à l'achat"
2020-11-11,63.239,2021.pdf,SRC-007,"BRH — Banque de la République d'Haïti, taux de référence calculé à l'achat"
2020-11-12,63.3135,2021.pdf,SRC-007,"BRH — Banque de la République d'Haïti, taux de référence calculé à l'achat"
2020-11-13,63.3594,2021.pdf,SRC-007,"BRH — Banque de la République d'Haïti, taux de référence calculé à l'achat"
2020-11-16,63.4348,2021.pdf,SRC-007,"BRH — Banque de la République d'Haïti, taux de référence calculé à l'achat"
2020-11-17,64.1468,2021.pdf,SRC-007,"BRH — Banque de la République d'Haïti, taux de référence calculé à l'achat"
2020-11-19,63.7815,2021.pdf,SRC-007,"BRH — Banque de la République d'Haïti, taux de référence calculé à l'achat"
2020-11-20,66.1133,2021.pdf,SRC-007,"BRH — Banque de la République d'Haïti, taux de référence calculé à l'achat"
2020-11-23,65.0179,2021.pdf,SRC-007,"BRH — Banque de la République d'Haïti, taux de référence calculé à l'achat"
2020-11-24,65.3301,2021.pdf,SRC-007,"BRH — Banque de la République d'Haïti, taux de référence calculé à l'achat"
2020-11-25,65.729,2021.pdf,SRC-007,"BRH — Banque de la République d'Haïti, taux de référence calculé à l'achat"
2020-11-26,65.2616,2021.pdf,SRC-007,"BRH — Banque de la République d'Haïti, taux de référence calculé à l'achat"
2020-11-27,65.8614,2021.pdf,SRC-007,"BRH — Banque de la République d'Haïti, taux de référence calculé à l'achat"
2020-11-30,66.3552,2021.pdf,SRC-007,"BRH — Banque de la République d'Haïti, taux de référence calculé à l'achat"
2020-12-01,65.9156,2021.pdf,SRC-007,"BRH — Banque de la République d'Haïti, taux de référence calculé à l'achat"
2020-12-02,66.7068,2021.pdf,SRC-007,"BRH — Banque de la République d'Haïti, taux de référence calculé à l'achat"
2020-12-03,66.6031,2021.pdf,SRC-007,"BRH — Banque de la République d'Haïti, taux de référence calculé à l'achat"
2020-12-04,68.2509,2021.pdf,SRC-007,"BRH — Banque de la République d'Haïti, taux de référence calculé à l'achat"
2020-12-07,68.0413,2021.pdf,SRC-007,"BRH — Banque de la République d'Haïti, taux de référence calculé à l'achat"
2020-12-08,70.0511,2021.pdf,SRC-007,"BRH — Banque de la République d'Haïti, taux de référence calculé à l'achat"
2020-12-09,69.8294,2021.pdf,SRC-007,"BRH — Banque de la République d'Haïti, taux de référence calculé à l'achat"
2020-12-10,70.3285,2021.pdf,SRC-007,"BRH — Banque de la République d'Haïti, taux de référence calculé à l'achat"
2020-12-11,71.0531,2021.pdf,SRC-007,"BRH — Banque de la République d'Haïti, taux de référence calculé à l'achat"
2020-12-14,68.679,2021.pdf,SRC-007,"BRH — Banque de la République d'Haïti, taux de référence calculé à l'achat"
2020-12-15,69.8939,2021.pdf,SRC-007,"BRH — Banque de la République d'Haïti, taux de référence calculé à l'achat"
2020-12-16,70.8457,2021.pdf,SRC-007,"BRH — Banque de la République d'Haïti, taux de référence calculé à l'achat"
2020-12-17,70.2716,2021.pdf,SRC-007,"BRH — Banque de la République d'Haïti, taux de référence calculé à l'achat"
2020-12-18,69.9865,2021.pdf,SRC-007,"BRH — Banque de la République d'Haïti, taux de référence calculé à l'achat"
2020-12-21,72.4609,2021.pdf,SRC-007,"BRH — Banque de la République d'Haïti, taux de référence calculé à l'achat"
2020-12-22,71.3337,2021.pdf,SRC-007,"BRH — Banque de la République d'Haïti, taux de référence calculé à l'achat"
2020-12-23,71.2847,2021.pdf,SRC-007,"BRH — Banque de la République d'Haïti, taux de référence calculé à l'achat"
2020-12-24,71.3854,2021.pdf,SRC-007,"BRH — Banque de la République d'Haïti, taux de référence calculé à l'achat"
2020-12-28,71.6694,2021.pdf,SRC-007,"BRH — Banque de la République d'Haïti, taux de référence calculé à l'achat"
2020-12-29,72.1042,2021.pdf,SRC-007,"BRH — Banque de la République d'Haïti, taux de référence calculé à l'achat"
2020-12-30,72.0635,2021.pdf,SRC-007,"BRH — Banque de la République d'Haïti, taux de référence calculé à l'achat"
2020-12-31,72.1605,2021.pdf,SRC-007,"BRH — Banque de la République d'Haïti, taux de référence calculé à l'achat"
2021-01-04,72.0063,2021.pdf,SRC-007,"BRH — Banque de la République d'Haïti, taux de référence calculé à l'achat"
2021-01-05,72.2648,2021.pdf,SRC-007,"BRH — Banque de la République d'Haïti, taux de référence calculé à l'achat"
2021-01-06,72.4608,2021.pdf,SRC-007,"BRH — Banque de la République d'Haïti, taux de référence calculé à l'achat"
2021-01-07,72.4791,2021.pdf,SRC-007,"BRH — Banque de la République d'Haïti, taux de référence calculé à l'achat"
2021-01-08,71.9716,2021.pdf,SRC-007,"BRH — Banque de la République d'Haïti, taux de référence calculé à l'achat"
2021-01-11,71.5389,2021.pdf,SRC-007,"BRH — Banque de la République d'Haïti, taux de référence calculé à l'achat"
2021-01-12,72.5233,2021.pdf,SRC-007,"BRH — Banque de la République d'Haïti, taux de référence calculé à l'achat"
2021-01-13,72.122,2021.pdf,SRC-007,"BRH — Banque de la République d'Haïti, taux de référence calculé à l'achat"
2021-01-14,73.133,2021.pdf,SRC-007,"BRH — Banque de la République d'Haïti, taux de référence calculé à l'achat"
2021-01-15,72.814,2021.pdf,SRC-007,"BRH — Banque de la République d'Haïti, taux de référence calculé à l'achat"
2021-01-18,72.4454,2021.pdf,SRC-007,"BRH — Banque de la République d'Haïti, taux de référence calculé à l'achat"
2021-01-19,72.0487,2021.pdf,SRC-007,"BRH — Banque de la République d'Haïti, taux de référence calculé à l'achat"
2021-01-20,72.3452,2021.pdf,SRC-007,"BRH — Banque de la République d'Haïti, taux de référence calculé à l'achat"
2021-01-21,73.2036,2021.pdf,SRC-007,"BRH — Banque de la République d'Haïti, taux de référence calculé à l'achat"
2021-01-22,71.9522,2021.pdf,SRC-007,"BRH — Banque de la République d'Haïti, taux de référence calculé à l'achat"
2021-01-25,73.3273,2021.pdf,SRC-007,"BRH — Banque de la République d'Haïti, taux de référence calculé à l'achat"
2021-01-26,72.2326,2021.pdf,SRC-007,"BRH — Banque de la République d'Haïti, taux de référence calculé à l'achat"
2021-01-27,72.4226,2021.pdf,SRC-007,"BRH — Banque de la République d'Haïti, taux de référence calculé à l'achat"
2021-01-28,73.6671,2021.pdf,SRC-007,"BRH — Banque de la République d'Haïti, taux de référence calculé à l'achat"
2021-01-29,72.2923,2021.pdf,SRC-007,"BRH — Banque de la République d'Haïti, taux de référence calculé à l'achat"
2021-02-03,72.8032,2021.pdf,SRC-007,"BRH — Banque de la République d'Haïti, taux de référence calculé à l'achat"
2021-02-04,73.3961,2021.pdf,SRC-007,"BRH — Banque de la République d'Haïti, taux de référence calculé à l'achat"
2021-02-05,73.4492,2021.pdf,SRC-007,"BRH — Banque de la République d'Haïti, taux de référence calculé à l'achat"
2021-02-09,73.086,2021.pdf,SRC-007,"BRH — Banque de la République d'Haïti, taux de référence calculé à l'achat"
2021-02-10,73.0546,2021.pdf,SRC-007,"BRH — Banque de la République d'Haïti, taux de référence calculé à l'achat"
2021-02-11,74.6447,2021.pdf,SRC-007,"BRH — Banque de la République d'Haïti, taux de référence calculé à l'achat"
2021-02-12,73.045,2021.pdf,SRC-007,"BRH — Banque de la République d'Haïti, taux de référence calculé à l'achat"
2021-02-18,74.0888,2021.pdf,SRC-007,"BRH — Banque de la République d'Haïti, taux de référence calculé à l'achat"
2021-02-19,74.3415,2021.pdf,SRC-007,"BRH — Banque de la République d'Haïti, taux de référence calculé à l'achat"
2021-02-22,75.2179,2021.pdf,SRC-007,"BRH — Banque de la République d'Haïti, taux de référence calculé à l'achat"
2021-02-23,74.5808,2021.pdf,SRC-007,"BRH — Banque de la République d'Haïti, taux de référence calculé à l'achat"
2021-02-24,74.75,2021.pdf,SRC-007,"BRH — Banque de la République d'Haïti, taux de référence calculé à l'achat"
2021-02-25,75.1074,2021.pdf,SRC-007,"BRH — Banque de la République d'Haïti, taux de référence calculé à l'achat"
2021-02-26,75.2076,2021.pdf,SRC-007,"BRH — Banque de la République d'Haïti, taux de référence calculé à l'achat"
2021-03-01,75.7153,2021.pdf,SRC-007,"BRH — Banque de la République d'Haïti, taux de référence calculé à l'achat"
2021-03-02,75.7207,2021.pdf,SRC-007,"BRH — Banque de la République d'Haïti, taux de référence calculé à l'achat"
2021-03-03,76.0677,2021.pdf,SRC-007,"BRH — Banque de la République d'Haïti, taux de référence calculé à l'achat"
2021-03-04,76.4873,2021.pdf,SRC-007,"BRH — Banque de la République d'Haïti, taux de référence calculé à l'achat"
2021-03-05,75.4184,2021.pdf,SRC-007,"BRH — Banque de la République d'Haïti, taux de référence calculé à l'achat"
2021-03-08,75.748,2021.pdf,SRC-007,"BRH — Banque de la République d'Haïti, taux de référence calculé à l'achat"
2021-03-09,76.1213,2021.pdf,SRC-007,"BRH — Banque de la République d'Haïti, taux de référence calculé à l'achat"
2021-03-10,75.9329,2021.pdf,SRC-007,"BRH — Banque de la République d'Haïti, taux de référence calculé à l'achat"
2021-03-11,76.9311,2021.pdf,SRC-007,"BRH — Banque de la République d'Haïti, taux de référence calculé à l'achat"
2021-03-12,76.9154,2021.pdf,SRC-007,"BRH — Banque de la République d'Haïti, taux de référence calculé à l'achat"
2021-03-15,76.6732,2021.pdf,SRC-007,"BRH — Banque de la République d'Haïti, taux de référence calculé à l'achat"
2021-03-17,77.1009,2021.pdf,SRC-007,"BRH — Banque de la République d'Haïti, taux de référence calculé à l'achat"
2021-03-18,77.8656,2021.pdf,SRC-007,"BRH — Banque de la République d'Haïti, taux de référence calculé à l'achat"
2021-03-19,78.8141,2021.pdf,SRC-007,"BRH — Banque de la République d'Haïti, taux de référence calculé à l'achat"
2021-03-22,78.2118,2021.pdf,SRC-007,"BRH — Banque de la République d'Haïti, taux de référence calculé à l'achat"
2021-03-23,78.3574,2021.pdf,SRC-007,"BRH — Banque de la République d'Haïti, taux de référence calculé à l'achat"
2021-03-24,78.9716,2021.pdf,SRC-007,"BRH — Banque de la République d'Haïti, taux de référence calculé à l'achat"
2021-03-25,78.8949,2021.pdf,SRC-007,"BRH — Banque de la République d'Haïti, taux de référence calculé à l'achat"
2021-03-26,79.1734,2021.pdf,SRC-007,"BRH — Banque de la République d'Haïti, taux de référence calculé à l'achat"
2021-03-29,78.8709,2021.pdf,SRC-007,"BRH — Banque de la République d'Haïti, taux de référence calculé à l'achat"
2021-03-30,79.1681,2021.pdf,SRC-007,"BRH — Banque de la République d'Haïti, taux de référence calculé à l'achat"
2021-03-31,79.8758,2021.pdf,SRC-007,"BRH — Banque de la République d'Haïti, taux de référence calculé à l'achat"
2021-04-01,80.3244,2021.pdf,SRC-007,"BRH — Banque de la République d'Haïti, taux de référence calculé à l'achat"
2021-04-05,80.1657,2021.pdf,SRC-007,"BRH — Banque de la République d'Haïti, taux de référence calculé à l'achat"
2021-04-06,80.4407,2021.pdf,SRC-007,"BRH — Banque de la République d'Haïti, taux de référence calculé à l'achat"
2021-04-07,80.4103,2021.pdf,SRC-007,"BRH — Banque de la République d'Haïti, taux de référence calculé à l'achat"
2021-04-08,80.7034,2021.pdf,SRC-007,"BRH — Banque de la République d'Haïti, taux de référence calculé à l'achat"
2021-04-09,81.8144,2021.pdf,SRC-007,"BRH — Banque de la République d'Haïti, taux de référence calculé à l'achat"
2021-04-12,81.3297,2021.pdf,SRC-007,"BRH — Banque de la République d'Haïti, taux de référence calculé à l'achat"
2021-04-13,82.0465,2021.pdf,SRC-007,"BRH — Banque de la République d'Haïti, taux de référence calculé à l'achat"
2021-04-15,82.1508,2021.pdf,SRC-007,"BRH — Banque de la République d'Haïti, taux de référence calculé à l'achat"
2021-04-16,82.6649,2021.pdf,SRC-007,"BRH — Banque de la République d'Haïti, taux de référence calculé à l'achat"
2021-04-19,82.7375,2021.pdf,SRC-007,"BRH — Banque de la République d'Haïti, taux de référence calculé à l'achat"
2021-04-20,82.8801,2021.pdf,SRC-007,"BRH — Banque de la République d'Haïti, taux de référence calculé à l'achat"
2021-04-21,83.4454,2021.pdf,SRC-007,"BRH — Banque de la République d'Haïti, taux de référence calculé à l'achat"
2021-04-22,83.8671,2021.pdf,SRC-007,"BRH — Banque de la République d'Haïti, taux de référence calculé à l'achat"
2021-04-23,85.2293,2021.pdf,SRC-007,"BRH — Banque de la République d'Haïti, taux de référence calculé à l'achat"
2021-04-26,84.6614,2021.pdf,SRC-007,"BRH — Banque de la République d'Haïti, taux de référence calculé à l'achat"
2021-04-27,84.8114,2021.pdf,SRC-007,"BRH — Banque de la République d'Haïti, taux de référence calculé à l'achat"
2021-04-28,85.0459,2021.pdf,SRC-007,"BRH — Banque de la République d'Haïti, taux de référence calculé à l'achat"
2021-04-29,85.1942,2021.pdf,SRC-007,"BRH — Banque de la République d'Haïti, taux de référence calculé à l'achat"
2021-04-30,85.3365,2021.pdf,SRC-007,"BRH — Banque de la République d'Haïti, taux de référence calculé à l'achat"
2021-05-03,86.3989,2021.pdf,SRC-007,"BRH — Banque de la République d'Haïti, taux de référence calculé à l'achat"
2021-05-04,86.3405,2021.pdf,SRC-007,"BRH — Banque de la République d'Haïti, taux de référence calculé à l'achat"
2021-05-05,86.3856,2021.pdf,SRC-007,"BRH — Banque de la République d'Haïti, taux de référence calculé à l'achat"
2021-05-06,85.7675,2021.pdf,SRC-007,"BRH — Banque de la République d'Haïti, taux de référence calculé à l'achat"
2021-05-07,86.7159,2021.pdf,SRC-007,"BRH — Banque de la République d'Haïti, taux de référence calculé à l'achat"
2021-05-10,86.4831,2021.pdf,SRC-007,"BRH — Banque de la République d'Haïti, taux de référence calculé à l'achat"
2021-05-11,87.6155,2021.pdf,SRC-007,"BRH — Banque de la République d'Haïti, taux de référence calculé à l'achat"
2021-05-12,87.6821,2021.pdf,SRC-007,"BRH — Banque de la République d'Haïti, taux de référence calculé à l'achat"
2021-05-13,88.6595,2021.pdf,SRC-007,"BRH — Banque de la République d'Haïti, taux de référence calculé à l'achat"
2021-05-14,87.6466,2021.pdf,SRC-007,"BRH — Banque de la République d'Haïti, taux de référence calculé à l'achat"
2021-05-17,87.7982,2021.pdf,SRC-007,"BRH — Banque de la République d'Haïti, taux de référence calculé à l'achat"
2021-05-19,88.8529,2021.pdf,SRC-007,"BRH — Banque de la République d'Haïti, taux de référence calculé à l'achat"
2021-05-20,88.882,2021.pdf,SRC-007,"BRH — Banque de la République d'Haïti, taux de référence calculé à l'achat"
2021-05-21,89.8858,2021.pdf,SRC-007,"BRH — Banque de la République d'Haïti, taux de référence calculé à l'achat"
2021-05-24,89.9069,2021.pdf,SRC-007,"BRH — Banque de la République d'Haïti, taux de référence calculé à l'achat"
2021-05-25,89.1131,2021.pdf,SRC-007,"BRH — Banque de la République d'Haïti, taux de référence calculé à l'achat"
2021-05-26,89.6605,2021.pdf,SRC-007,"BRH — Banque de la République d'Haïti, taux de référence calculé à l'achat"
2021-05-27,89.9773,2021.pdf,SRC-007,"BRH — Banque de la République d'Haïti, taux de référence calculé à l'achat"
2021-05-28,89.5923,2021.pdf,SRC-007,"BRH — Banque de la République d'Haïti, taux de référence calculé à l'achat"
2021-05-31,88.6318,2021.pdf,SRC-007,"BRH — Banque de la République d'Haïti, taux de référence calculé à l'achat"
2021-06-01,90.6875,2021.pdf,SRC-007,"BRH — Banque de la République d'Haïti, taux de référence calculé à l'achat"
2021-06-02,89.7967,2021.pdf,SRC-007,"BRH — Banque de la République d'Haïti, taux de référence calculé à l'achat"
2021-06-04,90.7353,2021.pdf,SRC-007,"BRH — Banque de la République d'Haïti, taux de référence calculé à l'achat"
2021-06-07,90.2449,2021.pdf,SRC-007,"BRH — Banque de la République d'Haïti, taux de référence calculé à l'achat"
2021-06-08,90.9044,2021.pdf,SRC-007,"BRH — Banque de la République d'Haïti, taux de référence calculé à l'achat"
2021-06-09,91.3945,2021.pdf,SRC-007,"BRH — Banque de la République d'Haïti, taux de référence calculé à l'achat"
2021-06-10,90.8112,2021.pdf,SRC-007,"BRH — Banque de la République d'Haïti, taux de référence calculé à l'achat"
2021-06-11,90.699,2021.pdf,SRC-007,"BRH — Banque de la République d'Haïti, taux de référence calculé à l'achat"
2021-06-14,91.7885,2021.pdf,SRC-007,"BRH — Banque de la République d'Haïti, taux de référence calculé à l'achat"
2021-06-15,91.8865,2021.pdf,SRC-007,"BRH — Banque de la République d'Haïti, taux de référence calculé à l'achat"
2021-06-16,91.9032,2021.pdf,SRC-007,"BRH — Banque de la République d'Haïti, taux de référence calculé à l'achat"
2021-06-17,91.1662,2021.pdf,SRC-007,"BRH — Banque de la République d'Haïti, taux de référence calculé à l'achat"
2021-06-18,90.9697,2021.pdf,SRC-007,"BRH — Banque de la République d'Haïti, taux de référence calculé à l'achat"
2021-06-21,91.3028,2021.pdf,SRC-007,"BRH — Banque de la République d'Haïti, taux de référence calculé à l'achat"
2021-06-22,92.3524,2021.pdf,SRC-007,"BRH — Banque de la République d'Haïti, taux de référence calculé à l'achat"
2021-06-23,91.0404,2021.pdf,SRC-007,"BRH — Banque de la République d'Haïti, taux de référence calculé à l'achat"
2021-06-24,92.7492,2021.pdf,SRC-007,"BRH — Banque de la République d'Haïti, taux de référence calculé à l'achat"
2021-06-25,92.466,2021.pdf,SRC-007,"BRH — Banque de la République d'Haïti, taux de référence calculé à l'achat"
2021-06-28,91.0011,2021.pdf,SRC-007,"BRH — Banque de la République d'Haïti, taux de référence calculé à l'achat"
2021-06-29,91.0692,2021.pdf,SRC-007,"BRH — Banque de la République d'Haïti, taux de référence calculé à l'achat"
2021-06-30,90.6664,2021.pdf,SRC-007,"BRH — Banque de la République d'Haïti, taux de référence calculé à l'achat"
2021-07-01,92.7307,2021.pdf,SRC-007,"BRH — Banque de la République d'Haïti, taux de référence calculé à l'achat"
2021-07-02,93.1476,2021.pdf,SRC-007,"BRH — Banque de la République d'Haïti, taux de référence calculé à l'achat"
2021-07-05,92.9384,2021.pdf,SRC-007,"BRH — Banque de la République d'Haïti, taux de référence calculé à l'achat"
2021-07-06,93.7089,2021.pdf,SRC-007,"BRH — Banque de la République d'Haïti, taux de référence calculé à l'achat"
2021-07-12,93.6371,2021.pdf,SRC-007,"BRH — Banque de la République d'Haïti, taux de référence calculé à l'achat"
2021-07-13,92.8754,2021.pdf,SRC-007,"BRH — Banque de la République d'Haïti, taux de référence calculé à l'achat"
2021-07-14,92.1732,2021.pdf,SRC-007,"BRH — Banque de la République d'Haïti, taux de référence calculé à l'achat"
2021-07-15,93.3162,2021.pdf,SRC-007,"BRH — Banque de la République d'Haïti, taux de référence calculé à l'achat"
2021-07-16,93.5912,2021.pdf,SRC-007,"BRH — Banque de la République d'Haïti, taux de référence calculé à l'achat"
2021-07-19,93.7238,2021.pdf,SRC-007,"BRH — Banque de la République d'Haïti, taux de référence calculé à l'achat"
2021-07-20,93.8125,2021.pdf,SRC-007,"BRH — Banque de la République d'Haïti, taux de référence calculé à l'achat"
2021-07-21,94.5272,2021.pdf,SRC-007,"BRH — Banque de la République d'Haïti, taux de référence calculé à l'achat"
2021-07-26,93.3586,2021.pdf,SRC-007,"BRH — Banque de la République d'Haïti, taux de référence calculé à l'achat"
2021-07-27,94.3989,2021.pdf,SRC-007,"BRH — Banque de la République d'Haïti, taux de référence calculé à l'achat"
2021-07-28,95.1428,2021.pdf,SRC-007,"BRH — Banque de la République d'Haïti, taux de référence calculé à l'achat"
2021-07-29,93.6645,2021.pdf,SRC-007,"BRH — Banque de la République d'Haïti, taux de référence calculé à l'achat"
2021-07-30,95.8883,2021.pdf,SRC-007,"BRH — Banque de la République d'Haïti, taux de référence calculé à l'achat"
2021-08-02,96.129,2021.pdf,SRC-007,"BRH — Banque de la République d'Haïti, taux de référence calculé à l'achat"
2021-08-03,95.2873,2021.pdf,SRC-007,"BRH — Banque de la République d'Haïti, taux de référence calculé à l'achat"
2021-08-04,95.8357,2021.pdf,SRC-007,"BRH — Banque de la République d'Haïti, taux de référence calculé à l'achat"
2021-08-05,97.1011,2021.pdf,SRC-007,"BRH — Banque de la République d'Haïti, taux de référence calculé à l'achat"
2021-08-06,95.8342,2021.pdf,SRC-007,"BRH — Banque de la République d'Haïti, taux de référence calculé à l'achat"
2021-08-09,93.6787,2021.pdf,SRC-007,"BRH — Banque de la République d'Haïti, taux de référence calculé à l'achat"
2021-08-10,96.1197,2021.pdf,SRC-007,"BRH — Banque de la République d'Haïti, taux de référence calculé à l'achat"
2021-08-11,95.8969,2021.pdf,SRC-007,"BRH — Banque de la République d'Haïti, taux de référence calculé à l'achat"
2021-08-12,95.3815,2021.pdf,SRC-007,"BRH — Banque de la République d'Haïti, taux de référence calculé à l'achat"
2021-08-13,95.4485,2021.pdf,SRC-007,"BRH — Banque de la République d'Haïti, taux de référence calculé à l'achat"
2021-08-16,96.4434,2021.pdf,SRC-007,"BRH — Banque de la République d'Haïti, taux de référence calculé à l'achat"
2021-08-17,95.6581,2021.pdf,SRC-007,"BRH — Banque de la République d'Haïti, taux de référence calculé à l'achat"
2021-08-18,96.5963,2021.pdf,SRC-007,"BRH — Banque de la République d'Haïti, taux de référence calculé à l'achat"
2021-08-19,96.9769,2021.pdf,SRC-007,"BRH — Banque de la République d'Haïti, taux de référence calculé à l'achat"
2021-08-20,95.5456,2021.pdf,SRC-007,"BRH — Banque de la République d'Haïti, taux de référence calculé à l'achat"
2021-08-23,97.3266,2021.pdf,SRC-007,"BRH — Banque de la République d'Haïti, taux de référence calculé à l'achat"
2021-08-24,96.5456,2021.pdf,SRC-007,"BRH — Banque de la République d'Haïti, taux de référence calculé à l'achat"
2021-08-25,96.9064,2021.pdf,SRC-007,"BRH — Banque de la République d'Haïti, taux de référence calculé à l'achat"
2021-08-26,97.2894,2021.pdf,SRC-007,"BRH — Banque de la République d'Haïti, taux de référence calculé à l'achat"
2021-08-27,96.5168,2021.pdf,SRC-007,"BRH — Banque de la République d'Haïti, taux de référence calculé à l'achat"
2021-08-30,96.853,2021.pdf,SRC-007,"BRH — Banque de la République d'Haïti, taux de référence calculé à l'achat"
2021-08-31,97.6335,2021.pdf,SRC-007,"BRH — Banque de la République d'Haïti, taux de référence calculé à l'achat"
2021-09-01,96.4518,2021.pdf,SRC-007,"BRH — Banque de la République d'Haïti, taux de référence calculé à l'achat"
2021-09-02,96.9618,2021.pdf,SRC-007,"BRH — Banque de la République d'Haïti, taux de référence calculé à l'achat"
2021-09-03,97.2879,2021.pdf,SRC-007,"BRH — Banque de la République d'Haïti, taux de référence calculé à l'achat"
2021-09-06,97.5581,2021.pdf,SRC-007,"BRH — Banque de la République d'Haïti, taux de référence calculé à l'achat"
2021-09-07,97.9431,2021.pdf,SRC-007,"BRH — Banque de la République d'Haïti, taux de référence calculé à l'achat"
2021-09-08,97.3042,2021.pdf,SRC-007,"BRH — Banque de la République d'Haïti, taux de référence calculé à l'achat"
2021-09-09,97.5376,2021.pdf,SRC-007,"BRH — Banque de la République d'Haïti, taux de référence calculé à l'achat"
2021-09-10,96.7754,2021.pdf,SRC-007,"BRH — Banque de la République d'Haïti, taux de référence calculé à l'achat"
2021-09-13,97.1198,2021.pdf,SRC-007,"BRH — Banque de la République d'Haïti, taux de référence calculé à l'achat"
2021-09-14,96.8128,2021.pdf,SRC-007,"BRH — Banque de la République d'Haïti, taux de référence calculé à l'achat"
2021-09-15,96.2203,2021.pdf,SRC-007,"BRH — Banque de la République d'Haïti, taux de référence calculé à l'achat"
2021-09-16,96.325,2021.pdf,SRC-007,"BRH — Banque de la République d'Haïti, taux de référence calculé à l'achat"
2021-09-17,97.6096,2021.pdf,SRC-007,"BRH — Banque de la République d'Haïti, taux de référence calculé à l'achat"
2021-09-21,97.3996,2021.pdf,SRC-007,"BRH — Banque de la République d'Haïti, taux de référence calculé à l'achat"
2021-09-22,98.8713,2021.pdf,SRC-007,"BRH — Banque de la République d'Haïti, taux de référence calculé à l'achat"
2021-09-23,98.6721,2021.pdf,SRC-007,"BRH — Banque de la République d'Haïti, taux de référence calculé à l'achat"
2021-09-24,98.0577,2021.pdf,SRC-007,"BRH — Banque de la République d'Haïti, taux de référence calculé à l'achat"
2021-09-27,97.2981,2021.pdf,SRC-007,"BRH — Banque de la République d'Haïti, taux de référence calculé à l'achat"
2021-09-28,97.9875,2021.pdf,SRC-007,"BRH — Banque de la République d'Haïti, taux de référence calculé à l'achat"
2021-09-29,97.842,2021.pdf,SRC-007,"BRH — Banque de la République d'Haïti, taux de référence calculé à l'achat"
2021-09-30,97.3918,2021.pdf,SRC-007,"BRH — Banque de la République d'Haïti, taux de référence calculé à l'achat"
2022-10-03,118.1937,serie-taux-2022-2023.pdf,SRC-007,"BRH — Banque de la République d'Haïti, taux de référence calculé à l'achat"
2022-10-05,118.9591,serie-taux-2022-2023.pdf,SRC-007,"BRH — Banque de la République d'Haïti, taux de référence calculé à l'achat"
2022-10-07,118.5488,serie-taux-2022-2023.pdf,SRC-007,"BRH — Banque de la République d'Haïti, taux de référence calculé à l'achat"
2022-10-10,120.3476,serie-taux-2022-2023.pdf,SRC-007,"BRH — Banque de la République d'Haïti, taux de référence calculé à l'achat"
2022-10-12,120.5786,serie-taux-2022-2023.pdf,SRC-007,"BRH — Banque de la République d'Haïti, taux de référence calculé à l'achat"
2022-10-14,120.6831,serie-taux-2022-2023.pdf,SRC-007,"BRH — Banque de la République d'Haïti, taux de référence calculé à l'achat"
2022-10-18,122.2116,serie-taux-2022-2023.pdf,SRC-007,"BRH — Banque de la République d'Haïti, taux de référence calculé à l'achat"
2022-10-19,123.4209,serie-taux-2022-2023.pdf,SRC-007,"BRH — Banque de la République d'Haïti, taux de référence calculé à l'achat"
2022-10-21,122.964,serie-taux-2022-2023.pdf,SRC-007,"BRH — Banque de la République d'Haïti, taux de référence calculé à l'achat"
2022-10-24,123.6222,serie-taux-2022-2023.pdf,SRC-007,"BRH — Banque de la République d'Haïti, taux de référence calculé à l'achat"
2022-10-26,125.6168,serie-taux-2022-2023.pdf,SRC-007,"BRH — Banque de la République d'Haïti, taux de référence calculé à l'achat"
2022-10-28,125.6432,serie-taux-2022-2023.pdf,SRC-007,"BRH — Banque de la République d'Haïti, taux de référence calculé à l'achat"
2022-10-31,126.6406,serie-taux-2022-2023.pdf,SRC-007,"BRH — Banque de la République d'Haïti, taux de référence calculé à l'achat"
2022-11-03,128.3625,serie-taux-2022-2023.pdf,SRC-007,"BRH — Banque de la République d'Haïti, taux de référence calculé à l'achat"
2022-11-04,129.0846,serie-taux-2022-2023.pdf,SRC-007,"BRH — Banque de la République d'Haïti, taux de référence calculé à l'achat"
2022-11-07,132.1367,serie-taux-2022-2023.pdf,SRC-007,"BRH — Banque de la République d'Haïti, taux de référence calculé à l'achat"
2022-11-09,132.2202,serie-taux-2022-2023.pdf,SRC-007,"BRH — Banque de la République d'Haïti, taux de référence calculé à l'achat"
2022-11-11,132.6753,serie-taux-2022-2023.pdf,SRC-007,"BRH — Banque de la République d'Haïti, taux de référence calculé à l'achat"
2022-11-14,133.6803,serie-taux-2022-2023.pdf,SRC-007,"BRH — Banque de la République d'Haïti, taux de référence calculé à l'achat"
2022-11-15,134.6092,serie-taux-2022-2023.pdf,SRC-007,"BRH — Banque de la République d'Haïti, taux de référence calculé à l'achat"
2022-11-16,134.7199,serie-taux-2022-2023.pdf,SRC-007,"BRH — Banque de la République d'Haïti, taux de référence calculé à l'achat"
2022-11-17,135.943,serie-taux-2022-2023.pdf,SRC-007,"BRH — Banque de la République d'Haïti, taux de référence calculé à l'achat"
2022-11-21,135.8188,serie-taux-2022-2023.pdf,SRC-007,"BRH — Banque de la République d'Haïti, taux de référence calculé à l'achat"
2022-11-22,137.1948,serie-taux-2022-2023.pdf,SRC-007,"BRH — Banque de la République d'Haïti, taux de référence calculé à l'achat"
2022-11-23,137.439,serie-taux-2022-2023.pdf,SRC-007,"BRH — Banque de la République d'Haïti, taux de référence calculé à l'achat"
2022-11-24,137.681,serie-taux-2022-2023.pdf,SRC-007,"BRH — Banque de la République d'Haïti, taux de référence calculé à l'achat"
2022-11-25,137.8989,serie-taux-2022-2023.pdf,SRC-007,"BRH — Banque de la République d'Haïti, taux de référence calculé à l'achat"
2022-11-28,138.6968,serie-taux-2022-2023.pdf,SRC-007,"BRH — Banque de la République d'Haïti, taux de référence calculé à l'achat"
2022-11-29,138.9643,serie-taux-2022-2023.pdf,SRC-007,"BRH — Banque de la République d'Haïti, taux de référence calculé à l'achat"
2022-11-30,139.1339,serie-taux-2022-2023.pdf,SRC-007,"BRH — Banque de la République d'Haïti, taux de référence calculé à l'achat"
2022-12-01,139.4071,serie-taux-2022-2023.pdf,SRC-007,"BRH — Banque de la République d'Haïti, taux de référence calculé à l'achat"
2022-12-02,139.727,serie-taux-2022-2023.pdf,SRC-007,"BRH — Banque de la République d'Haïti, taux de référence calculé à l'achat"
2022-12-05,140.3506,serie-taux-2022-2023.pdf,SRC-007,"BRH — Banque de la République d'Haïti, taux de référence calculé à l'achat"
2022-12-06,141.1654,serie-taux-2022-2023.pdf,SRC-007,"BRH — Banque de la République d'Haïti, taux de référence calculé à l'achat"
2022-12-07,141.7413,serie-taux-2022-2023.pdf,SRC-007,"BRH — Banque de la République d'Haïti, taux de référence calculé à l'achat"
2022-12-08,142.1406,serie-taux-2022-2023.pdf,SRC-007,"BRH — Banque de la République d'Haïti, taux de référence calculé à l'achat"
2022-12-09,142.4285,serie-taux-2022-2023.pdf,SRC-007,"BRH — Banque de la République d'Haïti, taux de référence calculé à l'achat"
2022-12-12,142.9801,serie-taux-2022-2023.pdf,SRC-007,"BRH — Banque de la République d'Haïti, taux de référence calculé à l'achat"
2022-12-13,143.2338,serie-taux-2022-2023.pdf,SRC-007,"BRH — Banque de la République d'Haïti, taux de référence calculé à l'achat"
2022-12-14,143.4849,serie-taux-2022-2023.pdf,SRC-007,"BRH — Banque de la République d'Haïti, taux de référence calculé à l'achat"
2022-12-15,143.6155,serie-taux-2022-2023.pdf,SRC-007,"BRH — Banque de la République d'Haïti, taux de référence calculé à l'achat"
2022-12-16,143.7804,serie-taux-2022-2023.pdf,SRC-007,"BRH — Banque de la République d'Haïti, taux de référence calculé à l'achat"
2022-12-19,143.7027,serie-taux-2022-2023.pdf,SRC-007,"BRH — Banque de la République d'Haïti, taux de référence calculé à l'achat"
2022-12-20,143.9842,serie-taux-2022-2023.pdf,SRC-007,"BRH — Banque de la République d'Haïti, taux de référence calculé à l'achat"
2022-12-21,144.1487,serie-taux-2022-2023.pdf,SRC-007,"BRH — Banque de la République d'Haïti, taux de référence calculé à l'achat"
2022-12-22,144.2024,serie-taux-2022-2023.pdf,SRC-007,"BRH — Banque de la République d'Haïti, taux de référence calculé à l'achat"
2022-12-23,144.2624,serie-taux-2022-2023.pdf,SRC-007,"BRH — Banque de la République d'Haïti, taux de référence calculé à l'achat"
2022-12-26,144.3614,serie-taux-2022-2023.pdf,SRC-007,"BRH — Banque de la République d'Haïti, taux de référence calculé à l'achat"
2022-12-27,144.4069,serie-taux-2022-2023.pdf,SRC-007,"BRH — Banque de la République d'Haïti, taux de référence calculé à l'achat"
2022-12-28,144.7212,serie-taux-2022-2023.pdf,SRC-007,"BRH — Banque de la République d'Haïti, taux de référence calculé à l'achat"
2022-12-29,145.1973,serie-taux-2022-2023.pdf,SRC-007,"BRH — Banque de la République d'Haïti, taux de référence calculé à l'achat"
2022-12-30,145.37,serie-taux-2022-2023.pdf,SRC-007,"BRH — Banque de la République d'Haïti, taux de référence calculé à l'achat"
2023-01-03,145.6196,serie-taux-2022-2023.pdf,SRC-007,"BRH — Banque de la République d'Haïti, taux de référence calculé à l'achat"
2023-01-04,146.0406,serie-taux-2022-2023.pdf,SRC-007,"BRH — Banque de la République d'Haïti, taux de référence calculé à l'achat"
2023-01-05,146.3982,serie-taux-2022-2023.pdf,SRC-007,"BRH — Banque de la République d'Haïti, taux de référence calculé à l'achat"
2023-01-06,146.7286,serie-taux-2022-2023.pdf,SRC-007,"BRH — Banque de la République d'Haïti, taux de référence calculé à l'achat"
2023-01-09,146.8674,serie-taux-2022-2023.pdf,SRC-007,"BRH — Banque de la République d'Haïti, taux de référence calculé à l'achat"
2023-01-10,147.1282,serie-taux-2022-2023.pdf,SRC-007,"BRH — Banque de la République d'Haïti, taux de référence calculé à l'achat"
2023-01-11,146.9516,serie-taux-2022-2023.pdf,SRC-007,"BRH — Banque de la République d'Haïti, taux de référence calculé à l'achat"
2023-01-12,146.8956,serie-taux-2022-2023.pdf,SRC-007,"BRH — Banque de la République d'Haïti, taux de référence calculé à l'achat"
2023-01-13,147.0433,serie-taux-2022-2023.pdf,SRC-007,"BRH — Banque de la République d'Haïti, taux de référence calculé à l'achat"
2023-01-16,147.1006,serie-taux-2022-2023.pdf,SRC-007,"BRH — Banque de la République d'Haïti, taux de référence calculé à l'achat"
2023-01-17,147.1868,serie-taux-2022-2023.pdf,SRC-007,"BRH — Banque de la République d'Haïti, taux de référence calculé à l'achat"
2023-01-18,147.2375,serie-taux-2022-2023.pdf,SRC-007,"BRH — Banque de la République d'Haïti, taux de référence calculé à l'achat"
2023-01-19,147.3144,serie-taux-2022-2023.pdf,SRC-007,"BRH — Banque de la République d'Haïti, taux de référence calculé à l'achat"
2023-01-20,147.41,serie-taux-2022-2023.pdf,SRC-007,"BRH — Banque de la République d'Haïti, taux de référence calculé à l'achat"
2023-01-23,147.8,serie-taux-2022-2023.pdf,SRC-007,"BRH — Banque de la République d'Haïti, taux de référence calculé à l'achat"
2023-01-24,147.83,serie-taux-2022-2023.pdf,SRC-007,"BRH — Banque de la République d'Haïti, taux de référence calculé à l'achat"
2023-01-25,147.9051,serie-taux-2022-2023.pdf,SRC-007,"BRH — Banque de la République d'Haïti, taux de référence calculé à l'achat"
2023-01-30,148.0278,serie-taux-2022-2023.pdf,SRC-007,"BRH — Banque de la République d'Haïti, taux de référence calculé à l'achat"
2023-01-31,148.1826,serie-taux-2022-2023.pdf,SRC-007,"BRH — Banque de la République d'Haïti, taux de référence calculé à l'achat"
2023-02-01,148.8176,serie-taux-2022-2023.pdf,SRC-007,"BRH — Banque de la République d'Haïti, taux de référence calculé à l'achat"
2023-02-02,148.9184,serie-taux-2022-2023.pdf,SRC-007,"BRH — Banque de la République d'Haïti, taux de référence calculé à l'achat"
2023-02-03,149.2657,serie-taux-2022-2023.pdf,SRC-007,"BRH — Banque de la République d'Haïti, taux de référence calculé à l'achat"
2023-02-06,149.375,serie-taux-2022-2023.pdf,SRC-007,"BRH — Banque de la République d'Haïti, taux de référence calculé à l'achat"
2023-02-07,149.51,serie-taux-2022-2023.pdf,SRC-007,"BRH — Banque de la République d'Haïti, taux de référence calculé à l'achat"
2023-02-08,149.6049,serie-taux-2022-2023.pdf,SRC-007,"BRH — Banque de la République d'Haïti, taux de référence calculé à l'achat"
2023-02-09,149.4648,serie-taux-2022-2023.pdf,SRC-007,"BRH — Banque de la République d'Haïti, taux de référence calculé à l'achat"
2023-02-10,149.2385,serie-taux-2022-2023.pdf,SRC-007,"BRH — Banque de la République d'Haïti, taux de référence calculé à l'achat"
2023-02-13,149.4043,serie-taux-2022-2023.pdf,SRC-007,"BRH — Banque de la République d'Haïti, taux de référence calculé à l'achat"
2023-02-14,149.3457,serie-taux-2022-2023.pdf,SRC-007,"BRH — Banque de la République d'Haïti, taux de référence calculé à l'achat"
2023-02-15,149.3293,serie-taux-2022-2023.pdf,SRC-007,"BRH — Banque de la République d'Haïti, taux de référence calculé à l'achat"
2023-02-16,149.2655,serie-taux-2022-2023.pdf,SRC-007,"BRH — Banque de la République d'Haïti, taux de référence calculé à l'achat"
2023-02-17,148.9462,serie-taux-2022-2023.pdf,SRC-007,"BRH — Banque de la République d'Haïti, taux de référence calculé à l'achat"
2023-02-23,149.3004,serie-taux-2022-2023.pdf,SRC-007,"BRH — Banque de la République d'Haïti, taux de référence calculé à l'achat"
2023-02-24,149.6091,serie-taux-2022-2023.pdf,SRC-007,"BRH — Banque de la République d'Haïti, taux de référence calculé à l'achat"
2023-02-27,149.6584,serie-taux-2022-2023.pdf,SRC-007,"BRH — Banque de la République d'Haïti, taux de référence calculé à l'achat"
2023-02-28,149.7837,serie-taux-2022-2023.pdf,SRC-007,"BRH — Banque de la République d'Haïti, taux de référence calculé à l'achat"
2023-03-01,149.9981,serie-taux-2022-2023.pdf,SRC-007,"BRH — Banque de la République d'Haïti, taux de référence calculé à l'achat"
2023-03-02,150.628,serie-taux-2022-2023.pdf,SRC-007,"BRH — Banque de la République d'Haïti, taux de référence calculé à l'achat"
2023-03-03,150.9802,serie-taux-2022-2023.pdf,SRC-007,"BRH — Banque de la République d'Haïti, taux de référence calculé à l'achat"
2023-03-06,151.3702,serie-taux-2022-2023.pdf,SRC-007,"BRH — Banque de la République d'Haïti, taux de référence calculé à l'achat"
2023-03-07,151.6329,serie-taux-2022-2023.pdf,SRC-007,"BRH — Banque de la République d'Haïti, taux de référence calculé à l'achat"
2023-03-08,151.8218,serie-taux-2022-2023.pdf,SRC-007,"BRH — Banque de la République d'Haïti, taux de référence calculé à l'achat"
2023-03-09,151.9585,serie-taux-2022-2023.pdf,SRC-007,"BRH — Banque de la République d'Haïti, taux de référence calculé à l'achat"
2023-03-10,152.3726,serie-taux-2022-2023.pdf,SRC-007,"BRH — Banque de la République d'Haïti, taux de référence calculé à l'achat"
2023-03-13,152.4819,serie-taux-2022-2023.pdf,SRC-007,"BRH — Banque de la République d'Haïti, taux de référence calculé à l'achat"
2023-03-14,152.6623,serie-taux-2022-2023.pdf,SRC-007,"BRH — Banque de la République d'Haïti, taux de référence calculé à l'achat"
2023-03-15,152.9024,serie-taux-2022-2023.pdf,SRC-007,"BRH — Banque de la République d'Haïti, taux de référence calculé à l'achat"
2023-03-16,152.9714,serie-taux-2022-2023.pdf,SRC-007,"BRH — Banque de la République d'Haïti, taux de référence calculé à l'achat"
2023-03-17,153.1483,serie-taux-2022-2023.pdf,SRC-007,"BRH — Banque de la République d'Haïti, taux de référence calculé à l'achat"
2023-03-20,153.2624,serie-taux-2022-2023.pdf,SRC-007,"BRH — Banque de la République d'Haïti, taux de référence calculé à l'achat"
2023-03-21,153.4022,serie-taux-2022-2023.pdf,SRC-007,"BRH — Banque de la République d'Haïti, taux de référence calculé à l'achat"
2023-03-22,153.5103,serie-taux-2022-2023.pdf,SRC-007,"BRH — Banque de la République d'Haïti, taux de référence calculé à l'achat"
2023-03-23,153.6051,serie-taux-2022-2023.pdf,SRC-007,"BRH — Banque de la République d'Haïti, taux de référence calculé à l'achat"
2023-03-24,153.6617,serie-taux-2022-2023.pdf,SRC-007,"BRH — Banque de la République d'Haïti, taux de référence calculé à l'achat"
2023-03-27,153.2747,serie-taux-2022-2023.pdf,SRC-007,"BRH — Banque de la République d'Haïti, taux de référence calculé à l'achat"
2023-03-28,153.3547,serie-taux-2022-2023.pdf,SRC-007,"BRH — Banque de la République d'Haïti, taux de référence calculé à l'achat"
2023-03-29,153.457,serie-taux-2022-2023.pdf,SRC-007,"BRH — Banque de la République d'Haïti, taux de référence calculé à l'achat"
2023-03-30,153.5102,serie-taux-2022-2023.pdf,SRC-007,"BRH — Banque de la République d'Haïti, taux de référence calculé à l'achat"
2023-03-31,153.6019,serie-taux-2022-2023.pdf,SRC-007,"BRH — Banque de la République d'Haïti, taux de référence calculé à l'achat"
2023-04-03,152.8609,serie-taux-2022-2023.pdf,SRC-007,"BRH — Banque de la République d'Haïti, taux de référence calculé à l'achat"
2023-04-04,153.2709,serie-taux-2022-2023.pdf,SRC-007,"BRH — Banque de la République d'Haïti, taux de référence calculé à l'achat"
2023-04-05,153.4803,serie-taux-2022-2023.pdf,SRC-007,"BRH — Banque de la République d'Haïti, taux de référence calculé à l'achat"
2023-04-06,153.5661,serie-taux-2022-2023.pdf,SRC-007,"BRH — Banque de la République d'Haïti, taux de référence calculé à l'achat"
2023-04-10,153.783,serie-taux-2022-2023.pdf,SRC-007,"BRH — Banque de la République d'Haïti, taux de référence calculé à l'achat"
2023-04-11,153.8802,serie-taux-2022-2023.pdf,SRC-007,"BRH — Banque de la République d'Haïti, taux de référence calculé à l'achat"
2023-04-12,154.0109,serie-taux-2022-2023.pdf,SRC-007,"BRH — Banque de la République d'Haïti, taux de référence calculé à l'achat"
2023-04-13,154.1894,serie-taux-2022-2023.pdf,SRC-007,"BRH — Banque de la République d'Haïti, taux de référence calculé à l'achat"
2023-04-14,154.3248,serie-taux-2022-2023.pdf,SRC-007,"BRH — Banque de la République d'Haïti, taux de référence calculé à l'achat"
2023-04-17,154.4295,serie-taux-2022-2023.pdf,SRC-007,"BRH — Banque de la République d'Haïti, taux de référence calculé à l'achat"
2023-04-18,154.2247,serie-taux-2022-2023.pdf,SRC-007,"BRH — Banque de la République d'Haïti, taux de référence calculé à l'achat"
2023-04-19,153.8902,serie-taux-2022-2023.pdf,SRC-007,"BRH — Banque de la République d'Haïti, taux de référence calculé à l'achat"
2023-04-20,153.595,serie-taux-2022-2023.pdf,SRC-007,"BRH — Banque de la République d'Haïti, taux de référence calculé à l'achat"
2023-04-21,153.502,serie-taux-2022-2023.pdf,SRC-007,"BRH — Banque de la République d'Haïti, taux de référence calculé à l'achat"
2023-04-25,152.552,serie-taux-2022-2023.pdf,SRC-007,"BRH — Banque de la République d'Haïti, taux de référence calculé à l'achat"
2023-04-26,152.2314,serie-taux-2022-2023.pdf,SRC-007,"BRH — Banque de la République d'Haïti, taux de référence calculé à l'achat"
2023-04-27,151.3158,serie-taux-2022-2023.pdf,SRC-007,"BRH — Banque de la République d'Haïti, taux de référence calculé à l'achat"
2023-04-28,150.7972,serie-taux-2022-2023.pdf,SRC-007,"BRH — Banque de la République d'Haïti, taux de référence calculé à l'achat"
2023-05-02,149.4923,serie-taux-2022-2023.pdf,SRC-007,"BRH — Banque de la République d'Haïti, taux de référence calculé à l'achat"
2023-05-03,147.8208,serie-taux-2022-2023.pdf,SRC-007,"BRH — Banque de la République d'Haïti, taux de référence calculé à l'achat"
2023-05-04,146.482,serie-taux-2022-2023.pdf,SRC-007,"BRH — Banque de la République d'Haïti, taux de référence calculé à l'achat"
2023-05-05,146.18,serie-taux-2022-2023.pdf,SRC-007,"BRH — Banque de la République d'Haïti, taux de référence calculé à l'achat"
2023-05-08,145.8476,serie-taux-2022-2023.pdf,SRC-007,"BRH — Banque de la République d'Haïti, taux de référence calculé à l'achat"
2023-05-09,145.5043,serie-taux-2022-2023.pdf,SRC-007,"BRH — Banque de la République d'Haïti, taux de référence calculé à l'achat"
2023-05-10,144.9515,serie-taux-2022-2023.pdf,SRC-007,"BRH — Banque de la République d'Haïti, taux de référence calculé à l'achat"
2023-05-11,144.3236,serie-taux-2022-2023.pdf,SRC-007,"BRH — Banque de la République d'Haïti, taux de référence calculé à l'achat"
2023-05-12,143.5489,serie-taux-2022-2023.pdf,SRC-007,"BRH — Banque de la République d'Haïti, taux de référence calculé à l'achat"
2023-05-15,143.2322,serie-taux-2022-2023.pdf,SRC-007,"BRH — Banque de la République d'Haïti, taux de référence calculé à l'achat"
2023-05-16,142.8367,serie-taux-2022-2023.pdf,SRC-007,"BRH — Banque de la République d'Haïti, taux de référence calculé à l'achat"
2023-05-17,142.4807,serie-taux-2022-2023.pdf,SRC-007,"BRH — Banque de la République d'Haïti, taux de référence calculé à l'achat"
2023-05-19,141.9207,serie-taux-2022-2023.pdf,SRC-007,"BRH — Banque de la République d'Haïti, taux de référence calculé à l'achat"
2023-05-22,141.1694,serie-taux-2022-2023.pdf,SRC-007,"BRH — Banque de la République d'Haïti, taux de référence calculé à l'achat"
2023-05-23,140.9019,serie-taux-2022-2023.pdf,SRC-007,"BRH — Banque de la République d'Haïti, taux de référence calculé à l'achat"
2023-05-24,140.4904,serie-taux-2022-2023.pdf,SRC-007,"BRH — Banque de la République d'Haïti, taux de référence calculé à l'achat"
2023-05-25,140.2441,serie-taux-2022-2023.pdf,SRC-007,"BRH — Banque de la République d'Haïti, taux de référence calculé à l'achat"
2023-05-26,139.9783,serie-taux-2022-2023.pdf,SRC-007,"BRH — Banque de la République d'Haïti, taux de référence calculé à l'achat"
2023-05-29,139.6344,serie-taux-2022-2023.pdf,SRC-007,"BRH — Banque de la République d'Haïti, taux de référence calculé à l'achat"
2023-05-30,139.3409,serie-taux-2022-2023.pdf,SRC-007,"BRH — Banque de la République d'Haïti, taux de référence calculé à l'achat"
2023-05-31,139.2358,serie-taux-2022-2023.pdf,SRC-007,"BRH — Banque de la République d'Haïti, taux de référence calculé à l'achat"
2023-06-01,139.1022,serie-taux-2022-2023.pdf,SRC-007,"BRH — Banque de la République d'Haïti, taux de référence calculé à l'achat"
2023-06-02,138.8509,serie-taux-2022-2023.pdf,SRC-007,"BRH — Banque de la République d'Haïti, taux de référence calculé à l'achat"
2023-06-05,138.739,serie-taux-2022-2023.pdf,SRC-007,"BRH — Banque de la République d'Haïti, taux de référence calculé à l'achat"
2023-06-06,138.6062,serie-taux-2022-2023.pdf,SRC-007,"BRH — Banque de la République d'Haïti, taux de référence calculé à l'achat"
2023-06-07,138.5648,serie-taux-2022-2023.pdf,SRC-007,"BRH — Banque de la République d'Haïti, taux de référence calculé à l'achat"
2023-06-09,138.3893,serie-taux-2022-2023.pdf,SRC-007,"BRH — Banque de la République d'Haïti, taux de référence calculé à l'achat"
2023-06-12,138.3437,serie-taux-2022-2023.pdf,SRC-007,"BRH — Banque de la République d'Haïti, taux de référence calculé à l'achat"
2023-06-13,138.0749,serie-taux-2022-2023.pdf,SRC-007,"BRH — Banque de la République d'Haïti, taux de référence calculé à l'achat"
2023-06-14,138.0427,serie-taux-2022-2023.pdf,SRC-007,"BRH — Banque de la République d'Haïti, taux de référence calculé à l'achat"
2023-06-15,138.0884,serie-taux-2022-2023.pdf,SRC-007,"BRH — Banque de la République d'Haïti, taux de référence calculé à l'achat"
2023-06-16,138.0276,serie-taux-2022-2023.pdf,SRC-007,"BRH — Banque de la République d'Haïti, taux de référence calculé à l'achat"
2023-06-19,137.9735,serie-taux-2022-2023.pdf,SRC-007,"BRH — Banque de la République d'Haïti, taux de référence calculé à l'achat"
2023-06-20,137.8511,serie-taux-2022-2023.pdf,SRC-007,"BRH — Banque de la République d'Haïti, taux de référence calculé à l'achat"
2023-06-21,137.8013,serie-taux-2022-2023.pdf,SRC-007,"BRH — Banque de la République d'Haïti, taux de référence calculé à l'achat"
2023-06-22,137.8464,serie-taux-2022-2023.pdf,SRC-007,"BRH — Banque de la République d'Haïti, taux de référence calculé à l'achat"
2023-06-23,137.7975,serie-taux-2022-2023.pdf,SRC-007,"BRH — Banque de la République d'Haïti, taux de référence calculé à l'achat"
2023-06-26,137.8808,serie-taux-2022-2023.pdf,SRC-007,"BRH — Banque de la République d'Haïti, taux de référence calculé à l'achat"
2023-06-27,137.7696,serie-taux-2022-2023.pdf,SRC-007,"BRH — Banque de la République d'Haïti, taux de référence calculé à l'achat"
2023-06-28,137.7213,serie-taux-2022-2023.pdf,SRC-007,"BRH — Banque de la République d'Haïti, taux de référence calculé à l'achat"
2023-06-29,137.7556,serie-taux-2022-2023.pdf,SRC-007,"BRH — Banque de la République d'Haïti, taux de référence calculé à l'achat"
2023-06-30,137.7152,serie-taux-2022-2023.pdf,SRC-007,"BRH — Banque de la République d'Haïti, taux de référence calculé à l'achat"
2023-07-03,137.7792,serie-taux-2022-2023.pdf,SRC-007,"BRH — Banque de la République d'Haïti, taux de référence calculé à l'achat"
2023-07-04,137.6951,serie-taux-2022-2023.pdf,SRC-007,"BRH — Banque de la République d'Haïti, taux de référence calculé à l'achat"
2023-07-05,137.6316,serie-taux-2022-2023.pdf,SRC-007,"BRH — Banque de la République d'Haïti, taux de référence calculé à l'achat"
2023-07-06,137.6615,serie-taux-2022-2023.pdf,SRC-007,"BRH — Banque de la République d'Haïti, taux de référence calculé à l'achat"
2023-07-07,137.5286,serie-taux-2022-2023.pdf,SRC-007,"BRH — Banque de la République d'Haïti, taux de référence calculé à l'achat"
2023-07-10,137.4743,serie-taux-2022-2023.pdf,SRC-007,"BRH — Banque de la République d'Haïti, taux de référence calculé à l'achat"
2023-07-11,137.3804,serie-taux-2022-2023.pdf,SRC-007,"BRH — Banque de la République d'Haïti, taux de référence calculé à l'achat"
2023-07-12,137.3017,serie-taux-2022-2023.pdf,SRC-007,"BRH — Banque de la République d'Haïti, taux de référence calculé à l'achat"
2023-07-13,137.1094,serie-taux-2022-2023.pdf,SRC-007,"BRH — Banque de la République d'Haïti, taux de référence calculé à l'achat"
2023-07-14,137.0435,serie-taux-2022-2023.pdf,SRC-007,"BRH — Banque de la République d'Haïti, taux de référence calculé à l'achat"
2023-07-17,137.0001,serie-taux-2022-2023.pdf,SRC-007,"BRH — Banque de la République d'Haïti, taux de référence calculé à l'achat"
2023-07-18,136.9075,serie-taux-2022-2023.pdf,SRC-007,"BRH — Banque de la République d'Haïti, taux de référence calculé à l'achat"
2023-07-19,136.8331,serie-taux-2022-2023.pdf,SRC-007,"BRH — Banque de la République d'Haïti, taux de référence calculé à l'achat"
2023-07-20,136.7757,serie-taux-2022-2023.pdf,SRC-007,"BRH — Banque de la République d'Haïti, taux de référence calculé à l'achat"
2023-07-21,136.6931,serie-taux-2022-2023.pdf,SRC-007,"BRH — Banque de la République d'Haïti, taux de référence calculé à l'achat"
2023-07-24,136.6593,serie-taux-2022-2023.pdf,SRC-007,"BRH — Banque de la République d'Haïti, taux de référence calculé à l'achat"
2023-07-25,136.6096,serie-taux-2022-2023.pdf,SRC-007,"BRH — Banque de la République d'Haïti, taux de référence calculé à l'achat"
2023-07-26,136.5658,serie-taux-2022-2023.pdf,SRC-007,"BRH — Banque de la République d'Haïti, taux de référence calculé à l'achat"
2023-07-27,136.5108,serie-taux-2022-2023.pdf,SRC-007,"BRH — Banque de la République d'Haïti, taux de référence calculé à l'achat"
2023-07-28,136.4251,serie-taux-2022-2023.pdf,SRC-007,"BRH — Banque de la République d'Haïti, taux de référence calculé à l'achat"
2023-07-31,136.3947,serie-taux-2022-2023.pdf,SRC-007,"BRH — Banque de la République d'Haïti, taux de référence calculé à l'achat"
2023-08-01,136.3193,serie-taux-2022-2023.pdf,SRC-007,"BRH — Banque de la République d'Haïti, taux de référence calculé à l'achat"
2023-08-02,136.2813,serie-taux-2022-2023.pdf,SRC-007,"BRH — Banque de la République d'Haïti, taux de référence calculé à l'achat"
2023-08-03,136.2265,serie-taux-2022-2023.pdf,SRC-007,"BRH — Banque de la République d'Haïti, taux de référence calculé à l'achat"
2023-08-04,136.2059,serie-taux-2022-2023.pdf,SRC-007,"BRH — Banque de la République d'Haïti, taux de référence calculé à l'achat"
2023-08-07,136.1688,serie-taux-2022-2023.pdf,SRC-007,"BRH — Banque de la République d'Haïti, taux de référence calculé à l'achat"
2023-08-08,136.097,serie-taux-2022-2023.pdf,SRC-007,"BRH — Banque de la République d'Haïti, taux de référence calculé à l'achat"
2023-08-09,136.0658,serie-taux-2022-2023.pdf,SRC-007,"BRH — Banque de la République d'Haïti, taux de référence calculé à l'achat"
2023-08-10,135.9583,serie-taux-2022-2023.pdf,SRC-007,"BRH — Banque de la République d'Haïti, taux de référence calculé à l'achat"
2023-08-11,135.9281,serie-taux-2022-2023.pdf,SRC-007,"BRH — Banque de la République d'Haïti, taux de référence calculé à l'achat"
2023-08-14,135.9131,serie-taux-2022-2023.pdf,SRC-007,"BRH — Banque de la République d'Haïti, taux de référence calculé à l'achat"
2023-08-16,135.872,serie-taux-2022-2023.pdf,SRC-007,"BRH — Banque de la République d'Haïti, taux de référence calculé à l'achat"
2023-08-17,135.8427,serie-taux-2022-2023.pdf,SRC-007,"BRH — Banque de la République d'Haïti, taux de référence calculé à l'achat"
2023-08-18,135.8253,serie-taux-2022-2023.pdf,SRC-007,"BRH — Banque de la République d'Haïti, taux de référence calculé à l'achat"
2023-08-21,135.8495,serie-taux-2022-2023.pdf,SRC-007,"BRH — Banque de la République d'Haïti, taux de référence calculé à l'achat"
2023-08-22,135.8088,serie-taux-2022-2023.pdf,SRC-007,"BRH — Banque de la République d'Haïti, taux de référence calculé à l'achat"
2023-08-23,135.8297,serie-taux-2022-2023.pdf,SRC-007,"BRH — Banque de la République d'Haïti, taux de référence calculé à l'achat"
2023-08-24,135.8864,serie-taux-2022-2023.pdf,SRC-007,"BRH — Banque de la République d'Haïti, taux de référence calculé à l'achat"
2023-08-25,135.8099,serie-taux-2022-2023.pdf,SRC-007,"BRH — Banque de la République d'Haïti, taux de référence calculé à l'achat"
2023-08-28,135.7625,serie-taux-2022-2023.pdf,SRC-007,"BRH — Banque de la République d'Haïti, taux de référence calculé à l'achat"
2023-08-29,135.6855,serie-taux-2022-2023.pdf,SRC-007,"BRH — Banque de la République d'Haïti, taux de référence calculé à l'achat"
2023-08-30,135.4823,serie-taux-2022-2023.pdf,SRC-007,"BRH — Banque de la République d'Haïti, taux de référence calculé à l'achat"
2023-08-31,135.3418,serie-taux-2022-2023.pdf,SRC-007,"BRH — Banque de la République d'Haïti, taux de référence calculé à l'achat"
2023-09-01,135.2521,serie-taux-2022-2023.pdf,SRC-007,"BRH — Banque de la République d'Haïti, taux de référence calculé à l'achat"
2023-09-04,135.2035,serie-taux-2022-2023.pdf,SRC-007,"BRH — Banque de la République d'Haïti, taux de référence calculé à l'achat"
2023-09-05,135.0664,serie-taux-2022-2023.pdf,SRC-007,"BRH — Banque de la République d'Haïti, taux de référence calculé à l'achat"
2023-09-06,135.123,serie-taux-2022-2023.pdf,SRC-007,"BRH — Banque de la République d'Haïti, taux de référence calculé à l'achat"
2023-09-07,135.0548,serie-taux-2022-2023.pdf,SRC-007,"BRH — Banque de la République d'Haïti, taux de référence calculé à l'achat"
2023-09-08,134.9221,serie-taux-2022-2023.pdf,SRC-007,"BRH — Banque de la République d'Haïti, taux de référence calculé à l'achat"
2023-09-11,134.8817,serie-taux-2022-2023.pdf,SRC-007,"BRH — Banque de la République d'Haïti, taux de référence calculé à l'achat"
2023-09-12,134.8162,serie-taux-2022-2023.pdf,SRC-007,"BRH — Banque de la République d'Haïti, taux de référence calculé à l'achat"
2023-09-13,134.6921,serie-taux-2022-2023.pdf,SRC-007,"BRH — Banque de la République d'Haïti, taux de référence calculé à l'achat"
2023-09-14,134.6114,serie-taux-2022-2023.pdf,SRC-007,"BRH — Banque de la République d'Haïti, taux de référence calculé à l'achat"
2023-09-15,134.5471,serie-taux-2022-2023.pdf,SRC-007,"BRH — Banque de la République d'Haïti, taux de référence calculé à l'achat"
2023-09-18,134.5207,serie-taux-2022-2023.pdf,SRC-007,"BRH — Banque de la République d'Haïti, taux de référence calculé à l'achat"
2023-09-19,134.5689,serie-taux-2022-2023.pdf,SRC-007,"BRH — Banque de la République d'Haïti, taux de référence calculé à l'achat"
2023-09-21,134.5367,serie-taux-2022-2023.pdf,SRC-007,"BRH — Banque de la République d'Haïti, taux de référence calculé à l'achat"
2023-09-22,134.5769,serie-taux-2022-2023.pdf,SRC-007,"BRH — Banque de la République d'Haïti, taux de référence calculé à l'achat"
2023-09-25,134.6091,serie-taux-2022-2023.pdf,SRC-007,"BRH — Banque de la République d'Haïti, taux de référence calculé à l'achat"
2023-09-26,134.5446,serie-taux-2022-2023.pdf,SRC-007,"BRH — Banque de la République d'Haïti, taux de référence calculé à l'achat"
2023-09-27,134.4436,serie-taux-2022-2023.pdf,SRC-007,"BRH — Banque de la République d'Haïti, taux de référence calculé à l'achat"
2023-09-28,134.4117,serie-taux-2022-2023.pdf,SRC-007,"BRH — Banque de la République d'Haïti, taux de référence calculé à l'achat"
2023-09-29,134.2581,serie-taux-2022-2023.pdf,SRC-007,"BRH — Banque de la République d'Haïti, taux de référence calculé à l'achat"
2023-10-02,134.3143,Serie_taux_23_24.pdf,SRC-007,"BRH — Banque de la République d'Haïti, taux de référence calculé à l'achat"
2023-10-03,134.2508,Serie_taux_23_24.pdf,SRC-007,"BRH — Banque de la République d'Haïti, taux de référence calculé à l'achat"
2023-10-04,134.229,Serie_taux_23_24.pdf,SRC-007,"BRH — Banque de la République d'Haïti, taux de référence calculé à l'achat"
2023-10-05,134.1653,Serie_taux_23_24.pdf,SRC-007,"BRH — Banque de la République d'Haïti, taux de référence calculé à l'achat"
2023-10-06,134.1342,Serie_taux_23_24.pdf,SRC-007,"BRH — Banque de la République d'Haïti, taux de référence calculé à l'achat"
2023-10-09,133.9658,Serie_taux_23_24.pdf,SRC-007,"BRH — Banque de la République d'Haïti, taux de référence calculé à l'achat"
2023-10-10,134.1805,Serie_taux_23_24.pdf,SRC-007,"BRH — Banque de la République d'Haïti, taux de référence calculé à l'achat"
2023-10-11,134.1404,Serie_taux_23_24.pdf,SRC-007,"BRH — Banque de la République d'Haïti, taux de référence calculé à l'achat"
2023-10-12,133.9401,Serie_taux_23_24.pdf,SRC-007,"BRH — Banque de la République d'Haïti, taux de référence calculé à l'achat"
2023-10-13,133.9959,Serie_taux_23_24.pdf,SRC-007,"BRH — Banque de la République d'Haïti, taux de référence calculé à l'achat"
2023-10-16,133.732,Serie_taux_23_24.pdf,SRC-007,"BRH — Banque de la République d'Haïti, taux de référence calculé à l'achat"
2023-10-18,133.5442,Serie_taux_23_24.pdf,SRC-007,"BRH — Banque de la République d'Haïti, taux de référence calculé à l'achat"
2023-10-19,133.6318,Serie_taux_23_24.pdf,SRC-007,"BRH — Banque de la République d'Haïti, taux de référence calculé à l'achat"
2023-10-20,133.1614,Serie_taux_23_24.pdf,SRC-007,"BRH — Banque de la République d'Haïti, taux de référence calculé à l'achat"
2023-10-23,133.0507,Serie_taux_23_24.pdf,SRC-007,"BRH — Banque de la République d'Haïti, taux de référence calculé à l'achat"
2023-10-24,133.0824,Serie_taux_23_24.pdf,SRC-007,"BRH — Banque de la République d'Haïti, taux de référence calculé à l'achat"
2023-10-25,133.0111,Serie_taux_23_24.pdf,SRC-007,"BRH — Banque de la République d'Haïti, taux de référence calculé à l'achat"
2023-10-26,132.9557,Serie_taux_23_24.pdf,SRC-007,"BRH — Banque de la République d'Haïti, taux de référence calculé à l'achat"
2023-10-27,132.9253,Serie_taux_23_24.pdf,SRC-007,"BRH — Banque de la République d'Haïti, taux de référence calculé à l'achat"
2023-10-30,132.8531,Serie_taux_23_24.pdf,SRC-007,"BRH — Banque de la République d'Haïti, taux de référence calculé à l'achat"
2023-10-31,132.9798,Serie_taux_23_24.pdf,SRC-007,"BRH — Banque de la République d'Haïti, taux de référence calculé à l'achat"
2023-11-03,132.9242,Serie_taux_23_24.pdf,SRC-007,"BRH — Banque de la République d'Haïti, taux de référence calculé à l'achat"
2023-11-06,132.8844,Serie_taux_23_24.pdf,SRC-007,"BRH — Banque de la République d'Haïti, taux de référence calculé à l'achat"
2023-11-07,132.9173,Serie_taux_23_24.pdf,SRC-007,"BRH — Banque de la République d'Haïti, taux de référence calculé à l'achat"
2023-11-08,132.8805,Serie_taux_23_24.pdf,SRC-007,"BRH — Banque de la République d'Haïti, taux de référence calculé à l'achat"
2023-11-09,132.8247,Serie_taux_23_24.pdf,SRC-007,"BRH — Banque de la République d'Haïti, taux de référence calculé à l'achat"
2023-11-10,132.9039,Serie_taux_23_24.pdf,SRC-007,"BRH — Banque de la République d'Haïti, taux de référence calculé à l'achat"
2023-11-13,132.8311,Serie_taux_23_24.pdf,SRC-007,"BRH — Banque de la République d'Haïti, taux de référence calculé à l'achat"
2023-11-14,132.8708,Serie_taux_23_24.pdf,SRC-007,"BRH — Banque de la République d'Haïti, taux de référence calculé à l'achat"
2023-11-15,132.767,Serie_taux_23_24.pdf,SRC-007,"BRH — Banque de la République d'Haïti, taux de référence calculé à l'achat"
2023-11-16,132.8225,Serie_taux_23_24.pdf,SRC-007,"BRH — Banque de la République d'Haïti, taux de référence calculé à l'achat"
2023-11-17,132.5863,Serie_taux_23_24.pdf,SRC-007,"BRH — Banque de la République d'Haïti, taux de référence calculé à l'achat"
2023-11-20,132.6096,Serie_taux_23_24.pdf,SRC-007,"BRH — Banque de la République d'Haïti, taux de référence calculé à l'achat"
2023-11-21,132.5386,Serie_taux_23_24.pdf,SRC-007,"BRH — Banque de la République d'Haïti, taux de référence calculé à l'achat"
2023-11-22,132.4231,Serie_taux_23_24.pdf,SRC-007,"BRH — Banque de la République d'Haïti, taux de référence calculé à l'achat"
2023-11-23,132.3515,Serie_taux_23_24.pdf,SRC-007,"BRH — Banque de la République d'Haïti, taux de référence calculé à l'achat"
2023-11-24,132.252,Serie_taux_23_24.pdf,SRC-007,"BRH — Banque de la République d'Haïti, taux de référence calculé à l'achat"
2023-11-27,132.2836,Serie_taux_23_24.pdf,SRC-007,"BRH — Banque de la République d'Haïti, taux de référence calculé à l'achat"
2023-11-28,132.2635,Serie_taux_23_24.pdf,SRC-007,"BRH — Banque de la République d'Haïti, taux de référence calculé à l'achat"
2023-11-29,132.2158,Serie_taux_23_24.pdf,SRC-007,"BRH — Banque de la République d'Haïti, taux de référence calculé à l'achat"
2023-11-30,132.2474,Serie_taux_23_24.pdf,SRC-007,"BRH — Banque de la République d'Haïti, taux de référence calculé à l'achat"
2023-12-01,132.205,Serie_taux_23_24.pdf,SRC-007,"BRH — Banque de la République d'Haïti, taux de référence calculé à l'achat"
2023-12-04,132.1819,Serie_taux_23_24.pdf,SRC-007,"BRH — Banque de la République d'Haïti, taux de référence calculé à l'achat"
2023-12-05,132.1426,Serie_taux_23_24.pdf,SRC-007,"BRH — Banque de la République d'Haïti, taux de référence calculé à l'achat"
2023-12-06,132.2083,Serie_taux_23_24.pdf,SRC-007,"BRH — Banque de la République d'Haïti, taux de référence calculé à l'achat"
2023-12-07,132.1256,Serie_taux_23_24.pdf,SRC-007,"BRH — Banque de la République d'Haïti, taux de référence calculé à l'achat"
2023-12-08,132.1042,Serie_taux_23_24.pdf,SRC-007,"BRH — Banque de la République d'Haïti, taux de référence calculé à l'achat"
2023-12-11,132.1572,Serie_taux_23_24.pdf,SRC-007,"BRH — Banque de la République d'Haïti, taux de référence calculé à l'achat"
2023-12-12,132.1176,Serie_taux_23_24.pdf,SRC-007,"BRH — Banque de la République d'Haïti, taux de référence calculé à l'achat"
2023-12-13,132.0526,Serie_taux_23_24.pdf,SRC-007,"BRH — Banque de la République d'Haïti, taux de référence calculé à l'achat"
2023-12-14,132.1056,Serie_taux_23_24.pdf,SRC-007,"BRH — Banque de la République d'Haïti, taux de référence calculé à l'achat"
2023-12-15,132.0263,Serie_taux_23_24.pdf,SRC-007,"BRH — Banque de la République d'Haïti, taux de référence calculé à l'achat"
2023-12-18,131.9311,Serie_taux_23_24.pdf,SRC-007,"BRH — Banque de la République d'Haïti, taux de référence calculé à l'achat"
2023-12-19,131.8674,Serie_taux_23_24.pdf,SRC-007,"BRH — Banque de la République d'Haïti, taux de référence calculé à l'achat"
2023-12-20,131.8911,Serie_taux_23_24.pdf,SRC-007,"BRH — Banque de la République d'Haïti, taux de référence calculé à l'achat"
2023-12-21,131.8517,Serie_taux_23_24.pdf,SRC-007,"BRH — Banque de la République d'Haïti, taux de référence calculé à l'achat"
2023-12-22,131.8079,Serie_taux_23_24.pdf,SRC-007,"BRH — Banque de la République d'Haïti, taux de référence calculé à l'achat"
2023-12-26,131.8605,Serie_taux_23_24.pdf,SRC-007,"BRH — Banque de la République d'Haïti, taux de référence calculé à l'achat"
2023-12-27,131.7982,Serie_taux_23_24.pdf,SRC-007,"BRH — Banque de la République d'Haïti, taux de référence calculé à l'achat"
2023-12-28,131.7587,Serie_taux_23_24.pdf,SRC-007,"BRH — Banque de la République d'Haïti, taux de référence calculé à l'achat"
2023-12-29,131.7785,Serie_taux_23_24.pdf,SRC-007,"BRH — Banque de la République d'Haïti, taux de référence calculé à l'achat"
2024-01-03,131.6963,Serie_taux_23_24.pdf,SRC-007,"BRH — Banque de la République d'Haïti, taux de référence calculé à l'achat"
2024-01-04,131.6729,Serie_taux_23_24.pdf,SRC-007,"BRH — Banque de la République d'Haïti, taux de référence calculé à l'achat"
2024-01-05,131.7123,Serie_taux_23_24.pdf,SRC-007,"BRH — Banque de la République d'Haïti, taux de référence calculé à l'achat"
2024-01-08,131.6651,Serie_taux_23_24.pdf,SRC-007,"BRH — Banque de la République d'Haïti, taux de référence calculé à l'achat"
2024-01-09,131.6056,Serie_taux_23_24.pdf,SRC-007,"BRH — Banque de la République d'Haïti, taux de référence calculé à l'achat"
2024-01-10,131.6292,Serie_taux_23_24.pdf,SRC-007,"BRH — Banque de la République d'Haïti, taux de référence calculé à l'achat"
2024-01-11,131.5898,Serie_taux_23_24.pdf,SRC-007,"BRH — Banque de la République d'Haïti, taux de référence calculé à l'achat"
2024-01-12,131.637,Serie_taux_23_24.pdf,SRC-007,"BRH — Banque de la République d'Haïti, taux de référence calculé à l'achat"
2024-01-15,131.5935,Serie_taux_23_24.pdf,SRC-007,"BRH — Banque de la République d'Haïti, taux de référence calculé à l'achat"
2024-01-16,131.5723,Serie_taux_23_24.pdf,SRC-007,"BRH — Banque de la République d'Haïti, taux de référence calculé à l'achat"
2024-01-17,131.6273,Serie_taux_23_24.pdf,SRC-007,"BRH — Banque de la République d'Haïti, taux de référence calculé à l'achat"
2024-01-18,131.706,Serie_taux_23_24.pdf,SRC-007,"BRH — Banque de la République d'Haïti, taux de référence calculé à l'achat"
2024-01-19,131.6659,Serie_taux_23_24.pdf,SRC-007,"BRH — Banque de la République d'Haïti, taux de référence calculé à l'achat"
2024-01-22,131.5634,Serie_taux_23_24.pdf,SRC-007,"BRH — Banque de la République d'Haïti, taux de référence calculé à l'achat"
2024-01-23,131.6027,Serie_taux_23_24.pdf,SRC-007,"BRH — Banque de la République d'Haïti, taux de référence calculé à l'achat"
2024-01-24,131.5408,Serie_taux_23_24.pdf,SRC-007,"BRH — Banque de la République d'Haïti, taux de référence calculé à l'achat"
2024-01-25,131.5051,Serie_taux_23_24.pdf,SRC-007,"BRH — Banque de la République d'Haïti, taux de référence calculé à l'achat"
2024-01-26,131.4736,Serie_taux_23_24.pdf,SRC-007,"BRH — Banque de la République d'Haïti, taux de référence calculé à l'achat"
2024-01-29,131.5114,Serie_taux_23_24.pdf,SRC-007,"BRH — Banque de la République d'Haïti, taux de référence calculé à l'achat"
2024-01-30,131.5701,Serie_taux_23_24.pdf,SRC-007,"BRH — Banque de la République d'Haïti, taux de référence calculé à l'achat"
2024-01-31,131.5156,Serie_taux_23_24.pdf,SRC-007,"BRH — Banque de la République d'Haïti, taux de référence calculé à l'achat"
2024-02-01,131.4925,Serie_taux_23_24.pdf,SRC-007,"BRH — Banque de la République d'Haïti, taux de référence calculé à l'achat"
2024-02-02,131.5552,Serie_taux_23_24.pdf,SRC-007,"BRH — Banque de la République d'Haïti, taux de référence calculé à l'achat"
2024-02-05,131.5992,Serie_taux_23_24.pdf,SRC-007,"BRH — Banque de la République d'Haïti, taux de référence calculé à l'achat"
2024-02-06,131.5992,Serie_taux_23_24.pdf,SRC-007,"BRH — Banque de la République d'Haïti, taux de référence calculé à l'achat"
2024-02-07,131.5992,Serie_taux_23_24.pdf,SRC-007,"BRH — Banque de la République d'Haïti, taux de référence calculé à l'achat"
2024-02-08,131.5992,Serie_taux_23_24.pdf,SRC-007,"BRH — Banque de la République d'Haïti, taux de référence calculé à l'achat"
2024-02-09,131.5284,Serie_taux_23_24.pdf,SRC-007,"BRH — Banque de la République d'Haïti, taux de référence calculé à l'achat"
2024-02-12,131.5858,Serie_taux_23_24.pdf,SRC-007,"BRH — Banque de la République d'Haïti, taux de référence calculé à l'achat"
2024-02-15,131.6252,Serie_taux_23_24.pdf,SRC-007,"BRH — Banque de la République d'Haïti, taux de référence calculé à l'achat"
2024-02-16,131.7408,Serie_taux_23_24.pdf,SRC-007,"BRH — Banque de la République d'Haïti, taux de référence calculé à l'achat"
2024-02-19,131.8612,Serie_taux_23_24.pdf,SRC-007,"BRH — Banque de la République d'Haïti, taux de référence calculé à l'achat"
2024-02-20,131.9542,Serie_taux_23_24.pdf,SRC-007,"BRH — Banque de la République d'Haïti, taux de référence calculé à l'achat"
2024-02-21,131.891,Serie_taux_23_24.pdf,SRC-007,"BRH — Banque de la République d'Haïti, taux de référence calculé à l'achat"
2024-02-22,132.0176,Serie_taux_23_24.pdf,SRC-007,"BRH — Banque de la République d'Haïti, taux de référence calculé à l'achat"
2024-02-23,132.0784,Serie_taux_23_24.pdf,SRC-007,"BRH — Banque de la République d'Haïti, taux de référence calculé à l'achat"
2024-02-26,132.2137,Serie_taux_23_24.pdf,SRC-007,"BRH — Banque de la République d'Haïti, taux de référence calculé à l'achat"
2024-02-27,132.3059,Serie_taux_23_24.pdf,SRC-007,"BRH — Banque de la République d'Haïti, taux de référence calculé à l'achat"
2024-02-28,132.2161,Serie_taux_23_24.pdf,SRC-007,"BRH — Banque de la République d'Haïti, taux de référence calculé à l'achat"
2024-02-29,132.2966,Serie_taux_23_24.pdf,SRC-007,"BRH — Banque de la République d'Haïti, taux de référence calculé à l'achat"
2024-03-01,132.4385,Serie_taux_23_24.pdf,SRC-007,"BRH — Banque de la République d'Haïti, taux de référence calculé à l'achat"
2024-03-06,132.516,Serie_taux_23_24.pdf,SRC-007,"BRH — Banque de la République d'Haïti, taux de référence calculé à l'achat"
2024-03-07,132.5724,Serie_taux_23_24.pdf,SRC-007,"BRH — Banque de la République d'Haïti, taux de référence calculé à l'achat"
2024-03-08,132.6154,Serie_taux_23_24.pdf,SRC-007,"BRH — Banque de la République d'Haïti, taux de référence calculé à l'achat"
2024-03-11,132.6671,Serie_taux_23_24.pdf,SRC-007,"BRH — Banque de la République d'Haïti, taux de référence calculé à l'achat"
2024-03-12,132.7098,Serie_taux_23_24.pdf,SRC-007,"BRH — Banque de la République d'Haïti, taux de référence calculé à l'achat"
2024-03-13,132.67,Serie_taux_23_24.pdf,SRC-007,"BRH — Banque de la République d'Haïti, taux de référence calculé à l'achat"
2024-03-14,132.6937,Serie_taux_23_24.pdf,SRC-007,"BRH — Banque de la République d'Haïti, taux de référence calculé à l'achat"
2024-03-15,132.7335,Serie_taux_23_24.pdf,SRC-007,"BRH — Banque de la République d'Haïti, taux de référence calculé à l'achat"
2024-03-19,132.6648,Serie_taux_23_24.pdf,SRC-007,"BRH — Banque de la République d'Haïti, taux de référence calculé à l'achat"
2024-03-21,132.6364,Serie_taux_23_24.pdf,SRC-007,"BRH — Banque de la République d'Haïti, taux de référence calculé à l'achat"
2024-03-22,132.6598,Serie_taux_23_24.pdf,SRC-007,"BRH — Banque de la République d'Haïti, taux de référence calculé à l'achat"
2024-03-25,132.629,Serie_taux_23_24.pdf,SRC-007,"BRH — Banque de la République d'Haïti, taux de référence calculé à l'achat"
2024-03-26,132.5972,Serie_taux_23_24.pdf,SRC-007,"BRH — Banque de la République d'Haïti, taux de référence calculé à l'achat"
2024-03-27,132.6879,Serie_taux_23_24.pdf,SRC-007,"BRH — Banque de la République d'Haïti, taux de référence calculé à l'achat"
2024-03-28,132.5002,Serie_taux_23_24.pdf,SRC-007,"BRH — Banque de la République d'Haïti, taux de référence calculé à l'achat"
2024-04-01,132.3635,Serie_taux_23_24.pdf,SRC-007,"BRH — Banque de la République d'Haïti, taux de référence calculé à l'achat"
2024-04-02,132.4139,Serie_taux_23_24.pdf,SRC-007,"BRH — Banque de la République d'Haïti, taux de référence calculé à l'achat"
2024-04-03,132.4378,Serie_taux_23_24.pdf,SRC-007,"BRH — Banque de la République d'Haïti, taux de référence calculé à l'achat"
2024-04-04,132.3771,Serie_taux_23_24.pdf,SRC-007,"BRH — Banque de la République d'Haïti, taux de référence calculé à l'achat"
2024-04-05,132.2102,Serie_taux_23_24.pdf,SRC-007,"BRH — Banque de la République d'Haïti, taux de référence calculé à l'achat"
2024-04-08,132.3312,Serie_taux_23_24.pdf,SRC-007,"BRH — Banque de la République d'Haïti, taux de référence calculé à l'achat"
2024-04-09,132.2741,Serie_taux_23_24.pdf,SRC-007,"BRH — Banque de la République d'Haïti, taux de référence calculé à l'achat"
2024-04-10,132.3136,Serie_taux_23_24.pdf,SRC-007,"BRH — Banque de la République d'Haïti, taux de référence calculé à l'achat"
2024-04-11,132.282,Serie_taux_23_24.pdf,SRC-007,"BRH — Banque de la République d'Haïti, taux de référence calculé à l'achat"
2024-04-12,132.2188,Serie_taux_23_24.pdf,SRC-007,"BRH — Banque de la République d'Haïti, taux de référence calculé à l'achat"
2024-04-15,132.288,Serie_taux_23_24.pdf,SRC-007,"BRH — Banque de la République d'Haïti, taux de référence calculé à l'achat"
2024-04-16,132.2486,Serie_taux_23_24.pdf,SRC-007,"BRH — Banque de la République d'Haïti, taux de référence calculé à l'achat"
2024-04-17,132.3203,Serie_taux_23_24.pdf,SRC-007,"BRH — Banque de la République d'Haïti, taux de référence calculé à l'achat"
2024-04-18,132.3753,Serie_taux_23_24.pdf,SRC-007,"BRH — Banque de la République d'Haïti, taux de référence calculé à l'achat"
2024-04-19,132.2341,Serie_taux_23_24.pdf,SRC-007,"BRH — Banque de la République d'Haïti, taux de référence calculé à l'achat"
2024-04-22,132.1855,Serie_taux_23_24.pdf,SRC-007,"BRH — Banque de la République d'Haïti, taux de référence calculé à l'achat"
2024-04-23,132.225,Serie_taux_23_24.pdf,SRC-007,"BRH — Banque de la République d'Haïti, taux de référence calculé à l'achat"
2024-04-24,132.2569,Serie_taux_23_24.pdf,SRC-007,"BRH — Banque de la République d'Haïti, taux de référence calculé à l'achat"
2024-04-25,132.2214,Serie_taux_23_24.pdf,SRC-007,"BRH — Banque de la République d'Haïti, taux de référence calculé à l'achat"
2024-04-26,132.3435,Serie_taux_23_24.pdf,SRC-007,"BRH — Banque de la République d'Haïti, taux de référence calculé à l'achat"
2024-04-29,132.3047,Serie_taux_23_24.pdf,SRC-007,"BRH — Banque de la République d'Haïti, taux de référence calculé à l'achat"
2024-04-30,132.358,Serie_taux_23_24.pdf,SRC-007,"BRH — Banque de la République d'Haïti, taux de référence calculé à l'achat"
2024-05-02,132.4293,Serie_taux_23_24.pdf,SRC-007,"BRH — Banque de la République d'Haïti, taux de référence calculé à l'achat"
2024-05-03,132.3483,Serie_taux_23_24.pdf,SRC-007,"BRH — Banque de la République d'Haïti, taux de référence calculé à l'achat"
2024-05-06,132.2692,Serie_taux_23_24.pdf,SRC-007,"BRH — Banque de la République d'Haïti, taux de référence calculé à l'achat"
2024-05-07,132.3145,Serie_taux_23_24.pdf,SRC-007,"BRH — Banque de la République d'Haïti, taux de référence calculé à l'achat"
2024-05-08,132.3835,Serie_taux_23_24.pdf,SRC-007,"BRH — Banque de la République d'Haïti, taux de référence calculé à l'achat"
2024-05-09,132.3301,Serie_taux_23_24.pdf,SRC-007,"BRH — Banque de la République d'Haïti, taux de référence calculé à l'achat"
2024-05-10,132.4128,Serie_taux_23_24.pdf,SRC-007,"BRH — Banque de la République d'Haïti, taux de référence calculé à l'achat"
2024-05-13,132.4647,Serie_taux_23_24.pdf,SRC-007,"BRH — Banque de la République d'Haïti, taux de référence calculé à l'achat"
2024-05-14,132.5415,Serie_taux_23_24.pdf,SRC-007,"BRH — Banque de la République d'Haïti, taux de référence calculé à l'achat"
2024-05-15,132.6286,Serie_taux_23_24.pdf,SRC-007,"BRH — Banque de la République d'Haïti, taux de référence calculé à l'achat"
2024-05-16,132.6608,Serie_taux_23_24.pdf,SRC-007,"BRH — Banque de la République d'Haïti, taux de référence calculé à l'achat"
2024-05-17,132.7655,Serie_taux_23_24.pdf,SRC-007,"BRH — Banque de la République d'Haïti, taux de référence calculé à l'achat"
2024-05-20,132.8053,Serie_taux_23_24.pdf,SRC-007,"BRH — Banque de la République d'Haïti, taux de référence calculé à l'achat"
2024-05-21,132.7416,Serie_taux_23_24.pdf,SRC-007,"BRH — Banque de la République d'Haïti, taux de référence calculé à l'achat"
2024-05-22,132.6534,Serie_taux_23_24.pdf,SRC-007,"BRH — Banque de la République d'Haïti, taux de référence calculé à l'achat"
2024-05-23,132.6057,Serie_taux_23_24.pdf,SRC-007,"BRH — Banque de la République d'Haïti, taux de référence calculé à l'achat"
2024-05-24,132.4962,Serie_taux_23_24.pdf,SRC-007,"BRH — Banque de la République d'Haïti, taux de référence calculé à l'achat"
2024-05-27,132.5356,Serie_taux_23_24.pdf,SRC-007,"BRH — Banque de la République d'Haïti, taux de référence calculé à l'achat"
2024-05-28,132.4586,Serie_taux_23_24.pdf,SRC-007,"BRH — Banque de la République d'Haïti, taux de référence calculé à l'achat"
2024-05-29,132.5063,Serie_taux_23_24.pdf,SRC-007,"BRH — Banque de la République d'Haïti, taux de référence calculé à l'achat"
2024-05-31,132.4352,Serie_taux_23_24.pdf,SRC-007,"BRH — Banque de la République d'Haïti, taux de référence calculé à l'achat"
2024-06-03,132.3489,Serie_taux_23_24.pdf,SRC-007,"BRH — Banque de la République d'Haïti, taux de référence calculé à l'achat"
2024-06-04,132.4184,Serie_taux_23_24.pdf,SRC-007,"BRH — Banque de la République d'Haïti, taux de référence calculé à l'achat"
2024-06-05,132.3615,Serie_taux_23_24.pdf,SRC-007,"BRH — Banque de la République d'Haïti, taux de référence calculé à l'achat"
2024-06-06,132.4459,Serie_taux_23_24.pdf,SRC-007,"BRH — Banque de la République d'Haïti, taux de référence calculé à l'achat"
2024-06-07,132.3098,Serie_taux_23_24.pdf,SRC-007,"BRH — Banque de la République d'Haïti, taux de référence calculé à l'achat"
2024-06-10,132.3547,Serie_taux_23_24.pdf,SRC-007,"BRH — Banque de la République d'Haïti, taux de référence calculé à l'achat"
2024-06-11,132.4021,Serie_taux_23_24.pdf,SRC-007,"BRH — Banque de la République d'Haïti, taux de référence calculé à l'achat"
2024-06-12,132.3228,Serie_taux_23_24.pdf,SRC-007,"BRH — Banque de la République d'Haïti, taux de référence calculé à l'achat"
2024-06-13,132.2137,Serie_taux_23_24.pdf,SRC-007,"BRH — Banque de la République d'Haïti, taux de référence calculé à l'achat"
2024-06-14,132.1686,Serie_taux_23_24.pdf,SRC-007,"BRH — Banque de la République d'Haïti, taux de référence calculé à l'achat"
2024-06-17,132.2241,Serie_taux_23_24.pdf,SRC-007,"BRH — Banque de la République d'Haïti, taux de référence calculé à l'achat"
2024-06-18,132.3141,Serie_taux_23_24.pdf,SRC-007,"BRH — Banque de la République d'Haïti, taux de référence calculé à l'achat"
2024-06-19,132.2436,Serie_taux_23_24.pdf,SRC-007,"BRH — Banque de la République d'Haïti, taux de référence calculé à l'achat"
2024-06-20,132.3204,Serie_taux_23_24.pdf,SRC-007,"BRH — Banque de la République d'Haïti, taux de référence calculé à l'achat"
2024-06-21,132.2209,Serie_taux_23_24.pdf,SRC-007,"BRH — Banque de la République d'Haïti, taux de référence calculé à l'achat"
2024-06-24,132.2436,Serie_taux_23_24.pdf,SRC-007,"BRH — Banque de la République d'Haïti, taux de référence calculé à l'achat"
2024-06-25,132.2935,Serie_taux_23_24.pdf,SRC-007,"BRH — Banque de la République d'Haïti, taux de référence calculé à l'achat"
2024-06-26,132.2104,Serie_taux_23_24.pdf,SRC-007,"BRH — Banque de la République d'Haïti, taux de référence calculé à l'achat"
2024-06-27,132.1721,Serie_taux_23_24.pdf,SRC-007,"BRH — Banque de la République d'Haïti, taux de référence calculé à l'achat"
2024-06-28,132.0563,Serie_taux_23_24.pdf,SRC-007,"BRH — Banque de la République d'Haïti, taux de référence calculé à l'achat"
2024-07-01,132.0891,Serie_taux_23_24.pdf,SRC-007,"BRH — Banque de la République d'Haïti, taux de référence calculé à l'achat"
2024-07-02,132.0322,Serie_taux_23_24.pdf,SRC-007,"BRH — Banque de la République d'Haïti, taux de référence calculé à l'achat"
2024-07-03,131.9439,Serie_taux_23_24.pdf,SRC-007,"BRH — Banque de la République d'Haïti, taux de référence calculé à l'achat"
2024-07-04,131.8536,Serie_taux_23_24.pdf,SRC-007,"BRH — Banque de la République d'Haïti, taux de référence calculé à l'achat"
2024-07-05,131.7863,Serie_taux_23_24.pdf,SRC-007,"BRH — Banque de la République d'Haïti, taux de référence calculé à l'achat"
2024-07-08,131.8299,Serie_taux_23_24.pdf,SRC-007,"BRH — Banque de la République d'Haïti, taux de référence calculé à l'achat"
2024-07-09,131.8853,Serie_taux_23_24.pdf,SRC-007,"BRH — Banque de la République d'Haïti, taux de référence calculé à l'achat"
2024-07-10,131.8082,Serie_taux_23_24.pdf,SRC-007,"BRH — Banque de la République d'Haïti, taux de référence calculé à l'achat"
2024-07-11,131.8378,Serie_taux_23_24.pdf,SRC-007,"BRH — Banque de la République d'Haïti, taux de référence calculé à l'achat"
2024-07-12,131.7368,Serie_taux_23_24.pdf,SRC-007,"BRH — Banque de la République d'Haïti, taux de référence calculé à l'achat"
2024-07-15,131.8057,Serie_taux_23_24.pdf,SRC-007,"BRH — Banque de la République d'Haïti, taux de référence calculé à l'achat"
2024-07-16,131.7596,Serie_taux_23_24.pdf,SRC-007,"BRH — Banque de la République d'Haïti, taux de référence calculé à l'achat"
2024-07-17,131.6715,Serie_taux_23_24.pdf,SRC-007,"BRH — Banque de la République d'Haïti, taux de référence calculé à l'achat"
2024-07-18,131.7529,Serie_taux_23_24.pdf,SRC-007,"BRH — Banque de la République d'Haïti, taux de référence calculé à l'achat"
2024-07-19,131.6334,Serie_taux_23_24.pdf,SRC-007,"BRH — Banque de la République d'Haïti, taux de référence calculé à l'achat"
2024-07-22,131.6882,Serie_taux_23_24.pdf,SRC-007,"BRH — Banque de la République d'Haïti, taux de référence calculé à l'achat"
2024-07-23,131.734,Serie_taux_23_24.pdf,SRC-007,"BRH — Banque de la République d'Haïti, taux de référence calculé à l'achat"
2024-07-24,131.553,Serie_taux_23_24.pdf,SRC-007,"BRH — Banque de la République d'Haïti, taux de référence calculé à l'achat"
2024-07-25,131.6581,Serie_taux_23_24.pdf,SRC-007,"BRH — Banque de la République d'Haïti, taux de référence calculé à l'achat"
2024-07-26,131.5799,Serie_taux_23_24.pdf,SRC-007,"BRH — Banque de la République d'Haïti, taux de référence calculé à l'achat"
2024-07-29,131.6472,Serie_taux_23_24.pdf,SRC-007,"BRH — Banque de la République d'Haïti, taux de référence calculé à l'achat"
2024-07-30,131.5466,Serie_taux_23_24.pdf,SRC-007,"BRH — Banque de la République d'Haïti, taux de référence calculé à l'achat"
2024-07-31,131.468,Serie_taux_23_24.pdf,SRC-007,"BRH — Banque de la République d'Haïti, taux de référence calculé à l'achat"
2024-08-01,131.5615,Serie_taux_23_24.pdf,SRC-007,"BRH — Banque de la République d'Haïti, taux de référence calculé à l'achat"
2024-08-02,131.5065,Serie_taux_23_24.pdf,SRC-007,"BRH — Banque de la République d'Haïti, taux de référence calculé à l'achat"
2024-08-05,131.4614,Serie_taux_23_24.pdf,SRC-007,"BRH — Banque de la République d'Haïti, taux de référence calculé à l'achat"
2024-08-06,131.5122,Serie_taux_23_24.pdf,SRC-007,"BRH — Banque de la République d'Haïti, taux de référence calculé à l'achat"
2024-08-07,131.4493,Serie_taux_23_24.pdf,SRC-007,"BRH — Banque de la République d'Haïti, taux de référence calculé à l'achat"
2024-08-08,131.4886,Serie_taux_23_24.pdf,SRC-007,"BRH — Banque de la République d'Haïti, taux de référence calculé à l'achat"
2024-08-09,131.4346,Serie_taux_23_24.pdf,SRC-007,"BRH — Banque de la République d'Haïti, taux de référence calculé à l'achat"
2024-08-12,131.4021,Serie_taux_23_24.pdf,SRC-007,"BRH — Banque de la République d'Haïti, taux de référence calculé à l'achat"
2024-08-13,131.5006,Serie_taux_23_24.pdf,SRC-007,"BRH — Banque de la République d'Haïti, taux de référence calculé à l'achat"
2024-08-14,131.4667,Serie_taux_23_24.pdf,SRC-007,"BRH — Banque de la République d'Haïti, taux de référence calculé à l'achat"
2024-08-16,131.4404,Serie_taux_23_24.pdf,SRC-007,"BRH — Banque de la République d'Haïti, taux de référence calculé à l'achat"
2024-08-19,131.5241,Serie_taux_23_24.pdf,SRC-007,"BRH — Banque de la République d'Haïti, taux de référence calculé à l'achat"
2024-08-20,131.587,Serie_taux_23_24.pdf,SRC-007,"BRH — Banque de la République d'Haïti, taux de référence calculé à l'achat"
2024-08-21,131.5103,Serie_taux_23_24.pdf,SRC-007,"BRH — Banque de la République d'Haïti, taux de référence calculé à l'achat"
2024-08-22,131.5579,Serie_taux_23_24.pdf,SRC-007,"BRH — Banque de la République d'Haïti, taux de référence calculé à l'achat"
2024-08-23,131.4714,Serie_taux_23_24.pdf,SRC-007,"BRH — Banque de la République d'Haïti, taux de référence calculé à l'achat"
2024-08-26,131.5782,Serie_taux_23_24.pdf,SRC-007,"BRH — Banque de la République d'Haïti, taux de référence calculé à l'achat"
2024-08-27,131.6269,Serie_taux_23_24.pdf,SRC-007,"BRH — Banque de la République d'Haïti, taux de référence calculé à l'achat"
2024-08-28,131.5342,Serie_taux_23_24.pdf,SRC-007,"BRH — Banque de la République d'Haïti, taux de référence calculé à l'achat"
2024-08-29,131.5971,Serie_taux_23_24.pdf,SRC-007,"BRH — Banque de la République d'Haïti, taux de référence calculé à l'achat"
2024-08-30,131.4634,Serie_taux_23_24.pdf,SRC-007,"BRH — Banque de la République d'Haïti, taux de référence calculé à l'achat"
2024-09-02,131.5364,Serie_taux_23_24.pdf,SRC-007,"BRH — Banque de la République d'Haïti, taux de référence calculé à l'achat"
2024-09-03,131.4971,Serie_taux_23_24.pdf,SRC-007,"BRH — Banque de la République d'Haïti, taux de référence calculé à l'achat"
2024-09-04,131.5522,Serie_taux_23_24.pdf,SRC-007,"BRH — Banque de la République d'Haïti, taux de référence calculé à l'achat"
2024-09-05,131.5836,Serie_taux_23_24.pdf,SRC-007,"BRH — Banque de la République d'Haïti, taux de référence calculé à l'achat"
2024-09-06,131.5207,Serie_taux_23_24.pdf,SRC-007,"BRH — Banque de la République d'Haïti, taux de référence calculé à l'achat"
2024-09-09,131.4823,Serie_taux_23_24.pdf,SRC-007,"BRH — Banque de la République d'Haïti, taux de référence calculé à l'achat"
2024-09-10,131.5601,Serie_taux_23_24.pdf,SRC-007,"BRH — Banque de la République d'Haïti, taux de référence calculé à l'achat"
2024-09-11,131.6158,Serie_taux_23_24.pdf,SRC-007,"BRH — Banque de la République d'Haïti, taux de référence calculé à l'achat"
2024-09-12,131.6602,Serie_taux_23_24.pdf,SRC-007,"BRH — Banque de la République d'Haïti, taux de référence calculé à l'achat"
2024-09-13,131.605,Serie_taux_23_24.pdf,SRC-007,"BRH — Banque de la République d'Haïti, taux de référence calculé à l'achat"
2024-09-16,131.6657,Serie_taux_23_24.pdf,SRC-007,"BRH — Banque de la République d'Haïti, taux de référence calculé à l'achat"
2024-09-17,131.6247,Serie_taux_23_24.pdf,SRC-007,"BRH — Banque de la République d'Haïti, taux de référence calculé à l'achat"
2024-09-18,131.6719,Serie_taux_23_24.pdf,SRC-007,"BRH — Banque de la République d'Haïti, taux de référence calculé à l'achat"
2024-09-19,131.7508,Serie_taux_23_24.pdf,SRC-007,"BRH — Banque de la République d'Haïti, taux de référence calculé à l'achat"
2024-09-23,131.6086,Serie_taux_23_24.pdf,SRC-007,"BRH — Banque de la République d'Haïti, taux de référence calculé à l'achat"
2024-09-24,131.6584,Serie_taux_23_24.pdf,SRC-007,"BRH — Banque de la République d'Haïti, taux de référence calculé à l'achat"
2024-09-25,131.6356,Serie_taux_23_24.pdf,SRC-007,"BRH — Banque de la République d'Haïti, taux de référence calculé à l'achat"
2024-09-26,131.5948,Serie_taux_23_24.pdf,SRC-007,"BRH — Banque de la République d'Haïti, taux de référence calculé à l'achat"
2024-09-27,131.5316,Serie_taux_23_24.pdf,SRC-007,"BRH — Banque de la République d'Haïti, taux de référence calculé à l'achat"
2024-09-30,131.4767,Serie_taux_23_24.pdf,SRC-007,"BRH — Banque de la République d'Haïti, taux de référence calculé à l'achat"
2024-10-01,131.5149,Serie-taux-24-25.pdf,SRC-007,"BRH — Banque de la République d'Haïti, taux de référence calculé à l'achat"
2024-10-02,131.4656,Serie-taux-24-25.pdf,SRC-007,"BRH — Banque de la République d'Haïti, taux de référence calculé à l'achat"
2024-10-03,131.5014,Serie-taux-24-25.pdf,SRC-007,"BRH — Banque de la République d'Haïti, taux de référence calculé à l'achat"
2024-10-04,131.4797,Serie-taux-24-25.pdf,SRC-007,"BRH — Banque de la République d'Haïti, taux de référence calculé à l'achat"
2024-10-07,131.4511,Serie-taux-24-25.pdf,SRC-007,"BRH — Banque de la République d'Haïti, taux de référence calculé à l'achat"
2024-10-08,131.3638,Serie-taux-24-25.pdf,SRC-007,"BRH — Banque de la République d'Haïti, taux de référence calculé à l'achat"
2024-10-09,131.3108,Serie-taux-24-25.pdf,SRC-007,"BRH — Banque de la République d'Haïti, taux de référence calculé à l'achat"
2024-10-10,131.2381,Serie-taux-24-25.pdf,SRC-007,"BRH — Banque de la République d'Haïti, taux de référence calculé à l'achat"
2024-10-11,131.3046,Serie-taux-24-25.pdf,SRC-007,"BRH — Banque de la République d'Haïti, taux de référence calculé à l'achat"
2024-10-14,131.281,Serie-taux-24-25.pdf,SRC-007,"BRH — Banque de la République d'Haïti, taux de référence calculé à l'achat"
2024-10-15,131.193,Serie-taux-24-25.pdf,SRC-007,"BRH — Banque de la République d'Haïti, taux de référence calculé à l'achat"
2024-10-16,131.1343,Serie-taux-24-25.pdf,SRC-007,"BRH — Banque de la République d'Haïti, taux de référence calculé à l'achat"
2024-10-18,131.195,Serie-taux-24-25.pdf,SRC-007,"BRH — Banque de la République d'Haïti, taux de référence calculé à l'achat"
2024-10-21,131.1647,Serie-taux-24-25.pdf,SRC-007,"BRH — Banque de la République d'Haïti, taux de référence calculé à l'achat"
2024-10-22,131.0741,Serie-taux-24-25.pdf,SRC-007,"BRH — Banque de la République d'Haïti, taux de référence calculé à l'achat"
2024-10-23,131.1473,Serie-taux-24-25.pdf,SRC-007,"BRH — Banque de la République d'Haïti, taux de référence calculé à l'achat"
2024-10-24,131.1263,Serie-taux-24-25.pdf,SRC-007,"BRH — Banque de la République d'Haïti, taux de référence calculé à l'achat"
2024-10-25,131.059,Serie-taux-24-25.pdf,SRC-007,"BRH — Banque de la République d'Haïti, taux de référence calculé à l'achat"
2024-10-28,131.1195,Serie-taux-24-25.pdf,SRC-007,"BRH — Banque de la République d'Haïti, taux de référence calculé à l'achat"
2024-10-29,131.1334,Serie-taux-24-25.pdf,SRC-007,"BRH — Banque de la République d'Haïti, taux de référence calculé à l'achat"
2024-10-30,131.1781,Serie-taux-24-25.pdf,SRC-007,"BRH — Banque de la République d'Haïti, taux de référence calculé à l'achat"
2024-10-31,131.1427,Serie-taux-24-25.pdf,SRC-007,"BRH — Banque de la République d'Haïti, taux de référence calculé à l'achat"
2024-11-04,131.2002,Serie-taux-24-25.pdf,SRC-007,"BRH — Banque de la République d'Haïti, taux de référence calculé à l'achat"
2024-11-05,131.1662,Serie-taux-24-25.pdf,SRC-007,"BRH — Banque de la République d'Haïti, taux de référence calculé à l'achat"
2024-11-06,131.0875,Serie-taux-24-25.pdf,SRC-007,"BRH — Banque de la République d'Haïti, taux de référence calculé à l'achat"
2024-11-07,131.1504,Serie-taux-24-25.pdf,SRC-007,"BRH — Banque de la République d'Haïti, taux de référence calculé à l'achat"
2024-11-08,131.1152,Serie-taux-24-25.pdf,SRC-007,"BRH — Banque de la République d'Haïti, taux de référence calculé à l'achat"
2024-11-12,131.0826,Serie-taux-24-25.pdf,SRC-007,"BRH — Banque de la République d'Haïti, taux de référence calculé à l'achat"
2024-11-13,131.0276,Serie-taux-24-25.pdf,SRC-007,"BRH — Banque de la République d'Haïti, taux de référence calculé à l'achat"
2024-11-14,131.0068,Serie-taux-24-25.pdf,SRC-007,"BRH — Banque de la République d'Haïti, taux de référence calculé à l'achat"
2024-11-15,130.9326,Serie-taux-24-25.pdf,SRC-007,"BRH — Banque de la République d'Haïti, taux de référence calculé à l'achat"
2024-11-20,130.8693,Serie-taux-24-25.pdf,SRC-007,"BRH — Banque de la République d'Haïti, taux de référence calculé à l'achat"
2024-11-21,130.8301,Serie-taux-24-25.pdf,SRC-007,"BRH — Banque de la République d'Haïti, taux de référence calculé à l'achat"
2024-11-22,130.9084,Serie-taux-24-25.pdf,SRC-007,"BRH — Banque de la République d'Haïti, taux de référence calculé à l'achat"
2024-11-25,130.8535,Serie-taux-24-25.pdf,SRC-007,"BRH — Banque de la République d'Haïti, taux de référence calculé à l'achat"
2024-11-26,130.7456,Serie-taux-24-25.pdf,SRC-007,"BRH — Banque de la République d'Haïti, taux de référence calculé à l'achat"
2024-11-27,130.7144,Serie-taux-24-25.pdf,SRC-007,"BRH — Banque de la République d'Haïti, taux de référence calculé à l'achat"
2024-11-28,130.6438,Serie-taux-24-25.pdf,SRC-007,"BRH — Banque de la République d'Haïti, taux de référence calculé à l'achat"
2024-11-29,130.586,Serie-taux-24-25.pdf,SRC-007,"BRH — Banque de la République d'Haïti, taux de référence calculé à l'achat"
2024-12-02,130.6164,Serie-taux-24-25.pdf,SRC-007,"BRH — Banque de la République d'Haïti, taux de référence calculé à l'achat"
2024-12-03,130.7488,Serie-taux-24-25.pdf,SRC-007,"BRH — Banque de la République d'Haïti, taux de référence calculé à l'achat"
2024-12-04,130.6845,Serie-taux-24-25.pdf,SRC-007,"BRH — Banque de la République d'Haïti, taux de référence calculé à l'achat"
2024-12-05,130.6598,Serie-taux-24-25.pdf,SRC-007,"BRH — Banque de la République d'Haïti, taux de référence calculé à l'achat"
2024-12-06,130.6934,Serie-taux-24-25.pdf,SRC-007,"BRH — Banque de la République d'Haïti, taux de référence calculé à l'achat"
2024-12-09,130.6456,Serie-taux-24-25.pdf,SRC-007,"BRH — Banque de la République d'Haïti, taux de référence calculé à l'achat"
2024-12-10,130.6771,Serie-taux-24-25.pdf,SRC-007,"BRH — Banque de la République d'Haïti, taux de référence calculé à l'achat"
2024-12-11,130.6015,Serie-taux-24-25.pdf,SRC-007,"BRH — Banque de la République d'Haïti, taux de référence calculé à l'achat"
2024-12-12,130.5661,Serie-taux-24-25.pdf,SRC-007,"BRH — Banque de la République d'Haïti, taux de référence calculé à l'achat"
2024-12-13,130.5006,Serie-taux-24-25.pdf,SRC-007,"BRH — Banque de la République d'Haïti, taux de référence calculé à l'achat"
2024-12-16,130.5303,Serie-taux-24-25.pdf,SRC-007,"BRH — Banque de la République d'Haïti, taux de référence calculé à l'achat"
2024-12-17,130.5851,Serie-taux-24-25.pdf,SRC-007,"BRH — Banque de la République d'Haïti, taux de référence calculé à l'achat"
2024-12-18,130.6254,Serie-taux-24-25.pdf,SRC-007,"BRH — Banque de la République d'Haïti, taux de référence calculé à l'achat"
2024-12-19,130.6566,Serie-taux-24-25.pdf,SRC-007,"BRH — Banque de la République d'Haïti, taux de référence calculé à l'achat"
2024-12-20,130.6175,Serie-taux-24-25.pdf,SRC-007,"BRH — Banque de la République d'Haïti, taux de référence calculé à l'achat"
2024-12-23,130.4992,Serie-taux-24-25.pdf,SRC-007,"BRH — Banque de la République d'Haïti, taux de référence calculé à l'achat"
2024-12-24,130.4446,Serie-taux-24-25.pdf,SRC-007,"BRH — Banque de la République d'Haïti, taux de référence calculé à l'achat"
2024-12-26,130.5171,Serie-taux-24-25.pdf,SRC-007,"BRH — Banque de la République d'Haïti, taux de référence calculé à l'achat"
2024-12-27,130.4548,Serie-taux-24-25.pdf,SRC-007,"BRH — Banque de la République d'Haïti, taux de référence calculé à l'achat"
2024-12-30,130.4157,Serie-taux-24-25.pdf,SRC-007,"BRH — Banque de la République d'Haïti, taux de référence calculé à l'achat"
2024-12-31,130.3313,Serie-taux-24-25.pdf,SRC-007,"BRH — Banque de la République d'Haïti, taux de référence calculé à l'achat"
2025-01-03,130.2766,Serie-taux-24-25.pdf,SRC-007,"BRH — Banque de la République d'Haïti, taux de référence calculé à l'achat"
2025-01-06,130.1975,Serie-taux-24-25.pdf,SRC-007,"BRH — Banque de la République d'Haïti, taux de référence calculé à l'achat"
2025-01-07,130.1663,Serie-taux-24-25.pdf,SRC-007,"BRH — Banque de la République d'Haïti, taux de référence calculé à l'achat"
2025-01-08,130.2287,Serie-taux-24-25.pdf,SRC-007,"BRH — Banque de la République d'Haïti, taux de référence calculé à l'achat"
2025-01-09,130.269,Serie-taux-24-25.pdf,SRC-007,"BRH — Banque de la République d'Haïti, taux de référence calculé à l'achat"
2025-01-10,130.2143,Serie-taux-24-25.pdf,SRC-007,"BRH — Banque de la République d'Haïti, taux de référence calculé à l'achat"
2025-01-13,130.1764,Serie-taux-24-25.pdf,SRC-007,"BRH — Banque de la République d'Haïti, taux de référence calculé à l'achat"
2025-01-14,130.2376,Serie-taux-24-25.pdf,SRC-007,"BRH — Banque de la République d'Haïti, taux de référence calculé à l'achat"
2025-01-15,130.1988,Serie-taux-24-25.pdf,SRC-007,"BRH — Banque de la République d'Haïti, taux de référence calculé à l'achat"
2025-01-16,130.1729,Serie-taux-24-25.pdf,SRC-007,"BRH — Banque de la République d'Haïti, taux de référence calculé à l'achat"
2025-01-17,130.2224,Serie-taux-24-25.pdf,SRC-007,"BRH — Banque de la République d'Haïti, taux de référence calculé à l'achat"
2025-01-20,130.1869,Serie-taux-24-25.pdf,SRC-007,"BRH — Banque de la République d'Haïti, taux de référence calculé à l'achat"
2025-01-21,130.2181,Serie-taux-24-25.pdf,SRC-007,"BRH — Banque de la République d'Haïti, taux de référence calculé à l'achat"
2025-01-22,130.2805,Serie-taux-24-25.pdf,SRC-007,"BRH — Banque de la République d'Haïti, taux de référence calculé à l'achat"
2025-01-23,130.2029,Serie-taux-24-25.pdf,SRC-007,"BRH — Banque de la République d'Haïti, taux de référence calculé à l'achat"
2025-01-24,130.2419,Serie-taux-24-25.pdf,SRC-007,"BRH — Banque de la République d'Haïti, taux de référence calculé à l'achat"
2025-01-27,130.1841,Serie-taux-24-25.pdf,SRC-007,"BRH — Banque de la République d'Haïti, taux de référence calculé à l'achat"
2025-01-28,130.2295,Serie-taux-24-25.pdf,SRC-007,"BRH — Banque de la République d'Haïti, taux de référence calculé à l'achat"
2025-01-29,130.2901,Serie-taux-24-25.pdf,SRC-007,"BRH — Banque de la République d'Haïti, taux de référence calculé à l'achat"
2025-01-30,130.2453,Serie-taux-24-25.pdf,SRC-007,"BRH — Banque de la République d'Haïti, taux de référence calculé à l'achat"
2025-01-31,130.1714,Serie-taux-24-25.pdf,SRC-007,"BRH — Banque de la République d'Haïti, taux de référence calculé à l'achat"
2025-02-03,130.2261,Serie-taux-24-25.pdf,SRC-007,"BRH — Banque de la République d'Haïti, taux de référence calculé à l'achat"
2025-02-04,130.202,Serie-taux-24-25.pdf,SRC-007,"BRH — Banque de la République d'Haïti, taux de référence calculé à l'achat"
2025-02-05,130.2695,Serie-taux-24-25.pdf,SRC-007,"BRH — Banque de la République d'Haïti, taux de référence calculé à l'achat"
2025-02-06,130.2267,Serie-taux-24-25.pdf,SRC-007,"BRH — Banque de la République d'Haïti, taux de référence calculé à l'achat"
2025-02-07,130.2926,Serie-taux-24-25.pdf,SRC-007,"BRH — Banque de la République d'Haïti, taux de référence calculé à l'achat"
2025-02-10,130.2438,Serie-taux-24-25.pdf,SRC-007,"BRH — Banque de la République d'Haïti, taux de référence calculé à l'achat"
2025-02-11,130.1648,Serie-taux-24-25.pdf,SRC-007,"BRH — Banque de la République d'Haïti, taux de référence calculé à l'achat"
2025-02-12,130.2227,Serie-taux-24-25.pdf,SRC-007,"BRH — Banque de la République d'Haïti, taux de référence calculé à l'achat"
2025-02-13,130.1935,Serie-taux-24-25.pdf,SRC-007,"BRH — Banque de la République d'Haïti, taux de référence calculé à l'achat"
2025-02-14,130.3399,Serie-taux-24-25.pdf,SRC-007,"BRH — Banque de la République d'Haïti, taux de référence calculé à l'achat"
2025-02-17,130.4256,Serie-taux-24-25.pdf,SRC-007,"BRH — Banque de la République d'Haïti, taux de référence calculé à l'achat"
2025-02-18,130.4949,Serie-taux-24-25.pdf,SRC-007,"BRH — Banque de la République d'Haïti, taux de référence calculé à l'achat"
2025-02-19,130.5512,Serie-taux-24-25.pdf,SRC-007,"BRH — Banque de la République d'Haïti, taux de référence calculé à l'achat"
2025-02-20,130.6283,Serie-taux-24-25.pdf,SRC-007,"BRH — Banque de la République d'Haïti, taux de référence calculé à l'achat"
2025-02-21,130.5763,Serie-taux-24-25.pdf,SRC-007,"BRH — Banque de la République d'Haïti, taux de référence calculé à l'achat"
2025-02-24,130.6184,Serie-taux-24-25.pdf,SRC-007,"BRH — Banque de la République d'Haïti, taux de référence calculé à l'achat"
2025-02-25,130.7343,Serie-taux-24-25.pdf,SRC-007,"BRH — Banque de la République d'Haïti, taux de référence calculé à l'achat"
2025-02-26,130.6979,Serie-taux-24-25.pdf,SRC-007,"BRH — Banque de la République d'Haïti, taux de référence calculé à l'achat"
2025-02-27,130.6267,Serie-taux-24-25.pdf,SRC-007,"BRH — Banque de la République d'Haïti, taux de référence calculé à l'achat"
2025-02-28,130.5536,Serie-taux-24-25.pdf,SRC-007,"BRH — Banque de la République d'Haïti, taux de référence calculé à l'achat"
2025-03-03,130.6084,Serie-taux-24-25.pdf,SRC-007,"BRH — Banque de la République d'Haïti, taux de référence calculé à l'achat"
2025-03-06,130.6396,Serie-taux-24-25.pdf,SRC-007,"BRH — Banque de la République d'Haïti, taux de référence calculé à l'achat"
2025-03-07,130.6784,Serie-taux-24-25.pdf,SRC-007,"BRH — Banque de la République d'Haïti, taux de référence calculé à l'achat"
2025-03-10,130.7096,Serie-taux-24-25.pdf,SRC-007,"BRH — Banque de la République d'Haïti, taux de référence calculé à l'achat"
2025-03-11,130.6235,Serie-taux-24-25.pdf,SRC-007,"BRH — Banque de la République d'Haïti, taux de référence calculé à l'achat"
2025-03-12,130.6861,Serie-taux-24-25.pdf,SRC-007,"BRH — Banque de la République d'Haïti, taux de référence calculé à l'achat"
2025-03-13,130.7348,Serie-taux-24-25.pdf,SRC-007,"BRH — Banque de la République d'Haïti, taux de référence calculé à l'achat"
2025-03-14,130.6944,Serie-taux-24-25.pdf,SRC-007,"BRH — Banque de la République d'Haïti, taux de référence calculé à l'achat"
2025-03-17,130.7492,Serie-taux-24-25.pdf,SRC-007,"BRH — Banque de la République d'Haïti, taux de référence calculé à l'achat"
2025-03-18,130.6821,Serie-taux-24-25.pdf,SRC-007,"BRH — Banque de la République d'Haïti, taux de référence calculé à l'achat"
2025-03-19,130.7134,Serie-taux-24-25.pdf,SRC-007,"BRH — Banque de la République d'Haïti, taux de référence calculé à l'achat"
2025-03-20,130.6351,Serie-taux-24-25.pdf,SRC-007,"BRH — Banque de la République d'Haïti, taux de référence calculé à l'achat"
2025-03-21,130.7013,Serie-taux-24-25.pdf,SRC-007,"BRH — Banque de la République d'Haïti, taux de référence calculé à l'achat"
2025-03-24,130.6471,Serie-taux-24-25.pdf,SRC-007,"BRH — Banque de la République d'Haïti, taux de référence calculé à l'achat"
2025-03-25,130.6158,Serie-taux-24-25.pdf,SRC-007,"BRH — Banque de la République d'Haïti, taux de référence calculé à l'achat"
2025-03-26,130.6549,Serie-taux-24-25.pdf,SRC-007,"BRH — Banque de la République d'Haïti, taux de référence calculé à l'achat"
2025-03-27,130.6001,Serie-taux-24-25.pdf,SRC-007,"BRH — Banque de la République d'Haïti, taux de référence calculé à l'achat"
2025-03-28,130.6235,Serie-taux-24-25.pdf,SRC-007,"BRH — Banque de la République d'Haïti, taux de référence calculé à l'achat"
2025-03-31,130.5296,Serie-taux-24-25.pdf,SRC-007,"BRH — Banque de la République d'Haïti, taux de référence calculé à l'achat"
2025-04-01,130.4905,Serie-taux-24-25.pdf,SRC-007,"BRH — Banque de la République d'Haïti, taux de référence calculé à l'achat"
2025-04-02,130.553,Serie-taux-24-25.pdf,SRC-007,"BRH — Banque de la République d'Haïti, taux de référence calculé à l'achat"
2025-04-03,130.553,Serie-taux-24-25.pdf,SRC-007,"BRH — Banque de la République d'Haïti, taux de référence calculé à l'achat"
2025-04-04,130.4714,Serie-taux-24-25.pdf,SRC-007,"BRH — Banque de la République d'Haïti, taux de référence calculé à l'achat"
2025-04-07,130.5236,Serie-taux-24-25.pdf,SRC-007,"BRH — Banque de la République d'Haïti, taux de référence calculé à l'achat"
2025-04-08,130.4852,Serie-taux-24-25.pdf,SRC-007,"BRH — Banque de la République d'Haïti, taux de référence calculé à l'achat"
2025-04-09,130.4171,Serie-taux-24-25.pdf,SRC-007,"BRH — Banque de la République d'Haïti, taux de référence calculé à l'achat"
2025-04-10,130.4713,Serie-taux-24-25.pdf,SRC-007,"BRH — Banque de la République d'Haïti, taux de référence calculé à l'achat"
2025-04-11,130.5008,Serie-taux-24-25.pdf,SRC-007,"BRH — Banque de la République d'Haïti, taux de référence calculé à l'achat"
2025-04-14,130.4617,Serie-taux-24-25.pdf,SRC-007,"BRH — Banque de la République d'Haïti, taux de référence calculé à l'achat"
2025-04-15,130.4307,Serie-taux-24-25.pdf,SRC-007,"BRH — Banque de la République d'Haïti, taux de référence calculé à l'achat"
2025-04-17,130.4931,Serie-taux-24-25.pdf,SRC-007,"BRH — Banque de la République d'Haïti, taux de référence calculé à l'achat"
2025-04-21,130.4547,Serie-taux-24-25.pdf,SRC-007,"BRH — Banque de la République d'Haïti, taux de référence calculé à l'achat"
2025-04-22,130.4747,Serie-taux-24-25.pdf,SRC-007,"BRH — Banque de la République d'Haïti, taux de référence calculé à l'achat"
2025-04-23,130.5523,Serie-taux-24-25.pdf,SRC-007,"BRH — Banque de la République d'Haïti, taux de référence calculé à l'achat"
2025-04-24,130.6044,Serie-taux-24-25.pdf,SRC-007,"BRH — Banque de la République d'Haïti, taux de référence calculé à l'achat"
2025-04-25,130.5751,Serie-taux-24-25.pdf,SRC-007,"BRH — Banque de la République d'Haïti, taux de référence calculé à l'achat"
2025-04-28,130.4784,Serie-taux-24-25.pdf,SRC-007,"BRH — Banque de la République d'Haïti, taux de référence calculé à l'achat"
2025-04-29,130.5234,Serie-taux-24-25.pdf,SRC-007,"BRH — Banque de la République d'Haïti, taux de référence calculé à l'achat"
2025-04-30,130.5819,Serie-taux-24-25.pdf,SRC-007,"BRH — Banque de la République d'Haïti, taux de référence calculé à l'achat"
2025-05-02,130.5544,Serie-taux-24-25.pdf,SRC-007,"BRH — Banque de la République d'Haïti, taux de référence calculé à l'achat"
2025-05-05,130.5935,Serie-taux-24-25.pdf,SRC-007,"BRH — Banque de la République d'Haïti, taux de référence calculé à l'achat"
2025-05-06,130.656,Serie-taux-24-25.pdf,SRC-007,"BRH — Banque de la République d'Haïti, taux de référence calculé à l'achat"
2025-05-07,130.679,Serie-taux-24-25.pdf,SRC-007,"BRH — Banque de la République d'Haïti, taux de référence calculé à l'achat"
2025-05-08,130.6298,Serie-taux-24-25.pdf,SRC-007,"BRH — Banque de la République d'Haïti, taux de référence calculé à l'achat"
2025-05-09,130.5908,Serie-taux-24-25.pdf,SRC-007,"BRH — Banque de la République d'Haïti, taux de référence calculé à l'achat"
2025-05-12,130.6611,Serie-taux-24-25.pdf,SRC-007,"BRH — Banque de la République d'Haïti, taux de référence calculé à l'achat"
2025-05-13,130.5594,Serie-taux-24-25.pdf,SRC-007,"BRH — Banque de la République d'Haïti, taux de référence calculé à l'achat"
2025-05-14,130.5961,Serie-taux-24-25.pdf,SRC-007,"BRH — Banque de la République d'Haïti, taux de référence calculé à l'achat"
2025-05-15,130.6586,Serie-taux-24-25.pdf,SRC-007,"BRH — Banque de la République d'Haïti, taux de référence calculé à l'achat"
2025-05-16,130.6996,Serie-taux-24-25.pdf,SRC-007,"BRH — Banque de la République d'Haïti, taux de référence calculé à l'achat"
2025-05-19,130.6098,Serie-taux-24-25.pdf,SRC-007,"BRH — Banque de la République d'Haïti, taux de référence calculé à l'achat"
2025-05-20,130.6624,Serie-taux-24-25.pdf,SRC-007,"BRH — Banque de la République d'Haïti, taux de référence calculé à l'achat"
2025-05-21,130.7078,Serie-taux-24-25.pdf,SRC-007,"BRH — Banque de la République d'Haïti, taux de référence calculé à l'achat"
2025-05-22,130.6811,Serie-taux-24-25.pdf,SRC-007,"BRH — Banque de la République d'Haïti, taux de référence calculé à l'achat"
2025-05-23,130.6253,Serie-taux-24-25.pdf,SRC-007,"BRH — Banque de la République d'Haïti, taux de référence calculé à l'achat"
2025-05-26,130.6539,Serie-taux-24-25.pdf,SRC-007,"BRH — Banque de la République d'Haïti, taux de référence calculé à l'achat"
2025-05-27,130.7226,Serie-taux-24-25.pdf,SRC-007,"BRH — Banque de la République d'Haïti, taux de référence calculé à l'achat"
2025-05-28,130.7773,Serie-taux-24-25.pdf,SRC-007,"BRH — Banque de la République d'Haïti, taux de référence calculé à l'achat"
2025-05-29,130.8633,Serie-taux-24-25.pdf,SRC-007,"BRH — Banque de la République d'Haïti, taux de référence calculé à l'achat"
2025-05-30,130.8232,Serie-taux-24-25.pdf,SRC-007,"BRH — Banque de la République d'Haïti, taux de référence calculé à l'achat"
2025-06-02,130.7652,Serie-taux-24-25.pdf,SRC-007,"BRH — Banque de la République d'Haïti, taux de référence calculé à l'achat"
2025-06-03,130.797,Serie-taux-24-25.pdf,SRC-007,"BRH — Banque de la République d'Haïti, taux de référence calculé à l'achat"
2025-06-04,130.832,Serie-taux-24-25.pdf,SRC-007,"BRH — Banque de la République d'Haïti, taux de référence calculé à l'achat"
2025-06-05,130.8862,Serie-taux-24-25.pdf,SRC-007,"BRH — Banque de la République d'Haïti, taux de référence calculé à l'achat"
2025-06-06,130.8221,Serie-taux-24-25.pdf,SRC-007,"BRH — Banque de la République d'Haïti, taux de référence calculé à l'achat"
2025-06-09,130.8658,Serie-taux-24-25.pdf,SRC-007,"BRH — Banque de la République d'Haïti, taux de référence calculé à l'achat"
2025-06-10,130.8379,Serie-taux-24-25.pdf,SRC-007,"BRH — Banque de la République d'Haïti, taux de référence calculé à l'achat"
2025-06-11,130.9219,Serie-taux-24-25.pdf,SRC-007,"BRH — Banque de la République d'Haïti, taux de référence calculé à l'achat"
2025-06-12,130.8717,Serie-taux-24-25.pdf,SRC-007,"BRH — Banque de la République d'Haïti, taux de référence calculé à l'achat"
2025-06-13,130.8511,Serie-taux-24-25.pdf,SRC-007,"BRH — Banque de la République d'Haïti, taux de référence calculé à l'achat"
2025-06-16,130.7679,Serie-taux-24-25.pdf,SRC-007,"BRH — Banque de la République d'Haïti, taux de référence calculé à l'achat"
2025-06-17,130.8338,Serie-taux-24-25.pdf,SRC-007,"BRH — Banque de la République d'Haïti, taux de référence calculé à l'achat"
2025-06-18,130.9701,Serie-taux-24-25.pdf,SRC-007,"BRH — Banque de la République d'Haïti, taux de référence calculé à l'achat"
2025-06-20,130.9226,Serie-taux-24-25.pdf,SRC-007,"BRH — Banque de la République d'Haïti, taux de référence calculé à l'achat"
2025-06-23,130.8855,Serie-taux-24-25.pdf,SRC-007,"BRH — Banque de la République d'Haïti, taux de référence calculé à l'achat"
2025-06-24,130.8233,Serie-taux-24-25.pdf,SRC-007,"BRH — Banque de la République d'Haïti, taux de référence calculé à l'achat"
2025-06-25,130.8753,Serie-taux-24-25.pdf,SRC-007,"BRH — Banque de la République d'Haïti, taux de référence calculé à l'achat"
2025-06-26,130.9146,Serie-taux-24-25.pdf,SRC-007,"BRH — Banque de la République d'Haïti, taux de référence calculé à l'achat"
2025-06-27,130.8842,Serie-taux-24-25.pdf,SRC-007,"BRH — Banque de la République d'Haïti, taux de référence calculé à l'achat"
2025-06-30,130.8018,Serie-taux-24-25.pdf,SRC-007,"BRH — Banque de la République d'Haïti, taux de référence calculé à l'achat"
2025-07-01,130.8921,Serie-taux-24-25.pdf,SRC-007,"BRH — Banque de la République d'Haïti, taux de référence calculé à l'achat"
2025-07-02,130.8317,Serie-taux-24-25.pdf,SRC-007,"BRH — Banque de la République d'Haïti, taux de référence calculé à l'achat"
2025-07-03,130.8021,Serie-taux-24-25.pdf,SRC-007,"BRH — Banque de la République d'Haïti, taux de référence calculé à l'achat"
2025-07-04,130.87,Serie-taux-24-25.pdf,SRC-007,"BRH — Banque de la République d'Haïti, taux de référence calculé à l'achat"
2025-07-07,130.9238,Serie-taux-24-25.pdf,SRC-007,"BRH — Banque de la République d'Haïti, taux de référence calculé à l'achat"
2025-07-08,130.8532,Serie-taux-24-25.pdf,SRC-007,"BRH — Banque de la République d'Haïti, taux de référence calculé à l'achat"
2025-07-09,130.8904,Serie-taux-24-25.pdf,SRC-007,"BRH — Banque de la République d'Haïti, taux de référence calculé à l'achat"
2025-07-10,130.8276,Serie-taux-24-25.pdf,SRC-007,"BRH — Banque de la République d'Haïti, taux de référence calculé à l'achat"
2025-07-11,130.8588,Serie-taux-24-25.pdf,SRC-007,"BRH — Banque de la République d'Haïti, taux de référence calculé à l'achat"
2025-07-14,130.8105,Serie-taux-24-25.pdf,SRC-007,"BRH — Banque de la République d'Haïti, taux de référence calculé à l'achat"
2025-07-15,130.8887,Serie-taux-24-25.pdf,SRC-007,"BRH — Banque de la République d'Haïti, taux de référence calculé à l'achat"
2025-07-16,130.8417,Serie-taux-24-25.pdf,SRC-007,"BRH — Banque de la République d'Haïti, taux de référence calculé à l'achat"
2025-07-17,130.9277,Serie-taux-24-25.pdf,SRC-007,"BRH — Banque de la République d'Haïti, taux de référence calculé à l'achat"
2025-07-18,130.9043,Serie-taux-24-25.pdf,SRC-007,"BRH — Banque de la République d'Haïti, taux de référence calculé à l'achat"
2025-07-21,130.9668,Serie-taux-24-25.pdf,SRC-007,"BRH — Banque de la République d'Haïti, taux de référence calculé à l'achat"
2025-07-22,130.9198,Serie-taux-24-25.pdf,SRC-007,"BRH — Banque de la République d'Haïti, taux de référence calculé à l'achat"
2025-07-23,130.858,Serie-taux-24-25.pdf,SRC-007,"BRH — Banque de la République d'Haïti, taux de référence calculé à l'achat"
2025-07-24,130.8346,Serie-taux-24-25.pdf,SRC-007,"BRH — Banque de la République d'Haïti, taux de référence calculé à l'achat"
2025-07-25,130.9128,Serie-taux-24-25.pdf,SRC-007,"BRH — Banque de la République d'Haïti, taux de référence calculé à l'achat"
2025-07-28,130.9519,Serie-taux-24-25.pdf,SRC-007,"BRH — Banque de la République d'Haïti, taux de référence calculé à l'achat"
2025-07-29,130.8635,Serie-taux-24-25.pdf,SRC-007,"BRH — Banque de la République d'Haïti, taux de référence calculé à l'achat"
2025-07-30,130.9028,Serie-taux-24-25.pdf,SRC-007,"BRH — Banque de la République d'Haïti, taux de référence calculé à l'achat"
2025-07-31,130.9284,Serie-taux-24-25.pdf,SRC-007,"BRH — Banque de la République d'Haïti, taux de référence calculé à l'achat"
2025-08-01,130.8555,Serie-taux-24-25.pdf,SRC-007,"BRH — Banque de la République d'Haïti, taux de référence calculé à l'achat"
2025-08-04,130.8967,Serie-taux-24-25.pdf,SRC-007,"BRH — Banque de la République d'Haïti, taux de référence calculé à l'achat"
2025-08-05,130.9225,Serie-taux-24-25.pdf,SRC-007,"BRH — Banque de la République d'Haïti, taux de référence calculé à l'achat"
2025-08-06,130.8567,Serie-taux-24-25.pdf,SRC-007,"BRH — Banque de la République d'Haïti, taux de référence calculé à l'achat"
2025-08-07,130.8046,Serie-taux-24-25.pdf,SRC-007,"BRH — Banque de la République d'Haïti, taux de référence calculé à l'achat"
2025-08-08,130.7211,Serie-taux-24-25.pdf,SRC-007,"BRH — Banque de la République d'Haïti, taux de référence calculé à l'achat"
2025-08-11,130.659,Serie-taux-24-25.pdf,SRC-007,"BRH — Banque de la République d'Haïti, taux de référence calculé à l'achat"
2025-08-12,130.7119,Serie-taux-24-25.pdf,SRC-007,"BRH — Banque de la République d'Haïti, taux de référence calculé à l'achat"
2025-08-13,130.6768,Serie-taux-24-25.pdf,SRC-007,"BRH — Banque de la République d'Haïti, taux de référence calculé à l'achat"
2025-08-18,130.5899,Serie-taux-24-25.pdf,SRC-007,"BRH — Banque de la République d'Haïti, taux de référence calculé à l'achat"
2025-08-19,130.5664,Serie-taux-24-25.pdf,SRC-007,"BRH — Banque de la République d'Haïti, taux de référence calculé à l'achat"
2025-08-20,130.6523,Serie-taux-24-25.pdf,SRC-007,"BRH — Banque de la République d'Haïti, taux de référence calculé à l'achat"
2025-08-21,130.5742,Serie-taux-24-25.pdf,SRC-007,"BRH — Banque de la République d'Haïti, taux de référence calculé à l'achat"
2025-08-22,130.5195,Serie-taux-24-25.pdf,SRC-007,"BRH — Banque de la République d'Haïti, taux de référence calculé à l'achat"
2025-08-25,130.5976,Serie-taux-24-25.pdf,SRC-007,"BRH — Banque de la République d'Haïti, taux de référence calculé à l'achat"
2025-08-26,130.5585,Serie-taux-24-25.pdf,SRC-007,"BRH — Banque de la République d'Haïti, taux de référence calculé à l'achat"
2025-08-27,130.621,Serie-taux-24-25.pdf,SRC-007,"BRH — Banque de la République d'Haïti, taux de référence calculé à l'achat"
2025-08-28,130.5914,Serie-taux-24-25.pdf,SRC-007,"BRH — Banque de la République d'Haïti, taux de référence calculé à l'achat"
2025-08-29,130.5055,Serie-taux-24-25.pdf,SRC-007,"BRH — Banque de la République d'Haïti, taux de référence calculé à l'achat"
2025-09-01,130.5445,Serie-taux-24-25.pdf,SRC-007,"BRH — Banque de la République d'Haïti, taux de référence calculé à l'achat"
2025-09-02,130.5104,Serie-taux-24-25.pdf,SRC-007,"BRH — Banque de la République d'Haïti, taux de référence calculé à l'achat"
2025-09-03,130.5504,Serie-taux-24-25.pdf,SRC-007,"BRH — Banque de la République d'Haïti, taux de référence calculé à l'achat"
2025-09-04,130.6208,Serie-taux-24-25.pdf,SRC-007,"BRH — Banque de la République d'Haïti, taux de référence calculé à l'achat"
2025-09-05,130.6442,Serie-taux-24-25.pdf,SRC-007,"BRH — Banque de la République d'Haïti, taux de référence calculé à l'achat"
2025-09-08,130.571,Serie-taux-24-25.pdf,SRC-007,"BRH — Banque de la République d'Haïti, taux de référence calculé à l'achat"
2025-09-09,130.657,Serie-taux-24-25.pdf,SRC-007,"BRH — Banque de la République d'Haïti, taux de référence calculé à l'achat"
2025-09-10,130.6805,Serie-taux-24-25.pdf,SRC-007,"BRH — Banque de la République d'Haïti, taux de référence calculé à l'achat"
2025-09-11,130.6405,Serie-taux-24-25.pdf,SRC-007,"BRH — Banque de la République d'Haïti, taux de référence calculé à l'achat"
2025-09-12,130.691,Serie-taux-24-25.pdf,SRC-007,"BRH — Banque de la République d'Haïti, taux de référence calculé à l'achat"
2025-09-15,130.662,Serie-taux-24-25.pdf,SRC-007,"BRH — Banque de la République d'Haïti, taux de référence calculé à l'achat"
2025-09-16,130.6996,Serie-taux-24-25.pdf,SRC-007,"BRH — Banque de la République d'Haïti, taux de référence calculé à l'achat"
2025-09-17,130.6371,Serie-taux-24-25.pdf,SRC-007,"BRH — Banque de la République d'Haïti, taux de référence calculé à l'achat"
2025-09-18,130.7114,Serie-taux-24-25.pdf,SRC-007,"BRH — Banque de la République d'Haïti, taux de référence calculé à l'achat"
2025-09-19,130.6566,Serie-taux-24-25.pdf,SRC-007,"BRH — Banque de la République d'Haïti, taux de référence calculé à l'achat"
2025-09-22,130.5705,Serie-taux-24-25.pdf,SRC-007,"BRH — Banque de la République d'Haïti, taux de référence calculé à l'achat"
2025-09-23,130.6395,Serie-taux-24-25.pdf,SRC-007,"BRH — Banque de la République d'Haïti, taux de référence calculé à l'achat"
2025-09-24,130.7255,Serie-taux-24-25.pdf,SRC-007,"BRH — Banque de la République d'Haïti, taux de référence calculé à l'achat"
2025-09-25,130.688,Serie-taux-24-25.pdf,SRC-007,"BRH — Banque de la République d'Haïti, taux de référence calculé à l'achat"
2025-09-26,130.667,Serie-taux-24-25.pdf,SRC-007,"BRH — Banque de la République d'Haïti, taux de référence calculé à l'achat"
2025-09-29,130.6125,Serie-taux-24-25.pdf,SRC-007,"BRH — Banque de la République d'Haïti, taux de référence calculé à l'achat"
2025-09-30,130.6911,Serie-taux-24-25.pdf,SRC-007,"BRH — Banque de la République d'Haïti, taux de référence calculé à l'achat"
2025-10-01,130.7145,Serie-taux-25-26.pdf,SRC-007,"BRH — Banque de la République d'Haïti, taux de référence calculé à l'achat"
2025-10-02,130.644,Serie-taux-25-26.pdf,SRC-007,"BRH — Banque de la République d'Haïti, taux de référence calculé à l'achat"
2025-10-03,130.6988,Serie-taux-25-26.pdf,SRC-007,"BRH — Banque de la République d'Haïti, taux de référence calculé à l'achat"
2025-10-06,130.6753,Serie-taux-25-26.pdf,SRC-007,"BRH — Banque de la République d'Haïti, taux de référence calculé à l'achat"
2025-10-07,130.6362,Serie-taux-25-26.pdf,SRC-007,"BRH — Banque de la République d'Haïti, taux de référence calculé à l'achat"
2025-10-08,130.7001,Serie-taux-25-26.pdf,SRC-007,"BRH — Banque de la République d'Haïti, taux de référence calculé à l'achat"
2025-10-09,130.7834,Serie-taux-25-26.pdf,SRC-007,"BRH — Banque de la République d'Haïti, taux de référence calculé à l'achat"
2025-10-10,130.6727,Serie-taux-25-26.pdf,SRC-007,"BRH — Banque de la République d'Haïti, taux de référence calculé à l'achat"
2025-10-13,130.6322,Serie-taux-25-26.pdf,SRC-007,"BRH — Banque de la République d'Haïti, taux de référence calculé à l'achat"
2025-10-14,130.7072,Serie-taux-25-26.pdf,SRC-007,"BRH — Banque de la République d'Haïti, taux de référence calculé à l'achat"
2025-10-15,130.7665,Serie-taux-25-26.pdf,SRC-007,"BRH — Banque de la République d'Haïti, taux de référence calculé à l'achat"
2025-10-16,130.6244,Serie-taux-25-26.pdf,SRC-007,"BRH — Banque de la République d'Haïti, taux de référence calculé à l'achat"
2025-10-20,130.6484,Serie-taux-25-26.pdf,SRC-007,"BRH — Banque de la République d'Haïti, taux de référence calculé à l'achat"
2025-10-21,130.7423,Serie-taux-25-26.pdf,SRC-007,"BRH — Banque de la République d'Haïti, taux de référence calculé à l'achat"
2025-10-22,130.7048,Serie-taux-25-26.pdf,SRC-007,"BRH — Banque de la République d'Haïti, taux de référence calculé à l'achat"
2025-10-23,130.7596,Serie-taux-25-26.pdf,SRC-007,"BRH — Banque de la République d'Haïti, taux de référence calculé à l'achat"
2025-10-24,130.6821,Serie-taux-25-26.pdf,SRC-007,"BRH — Banque de la République d'Haïti, taux de référence calculé à l'achat"
2025-10-27,130.6195,Serie-taux-25-26.pdf,SRC-007,"BRH — Banque de la République d'Haïti, taux de référence calculé à l'achat"
2025-10-28,130.7216,Serie-taux-25-26.pdf,SRC-007,"BRH — Banque de la République d'Haïti, taux de référence calculé à l'achat"
2025-10-30,130.5749,Serie-taux-25-26.pdf,SRC-007,"BRH — Banque de la République d'Haïti, taux de référence calculé à l'achat"
2025-10-31,130.6398,Serie-taux-25-26.pdf,SRC-007,"BRH — Banque de la République d'Haïti, taux de référence calculé à l'achat"
2025-11-03,130.6834,Serie-taux-25-26.pdf,SRC-007,"BRH — Banque de la République d'Haïti, taux de référence calculé à l'achat"
2025-11-04,130.6346,Serie-taux-25-26.pdf,SRC-007,"BRH — Banque de la République d'Haïti, taux de référence calculé à l'achat"
2025-11-05,130.6773,Serie-taux-25-26.pdf,SRC-007,"BRH — Banque de la République d'Haïti, taux de référence calculé à l'achat"
2025-11-06,130.7526,Serie-taux-25-26.pdf,SRC-007,"BRH — Banque de la République d'Haïti, taux de référence calculé à l'achat"
2025-11-07,130.6584,Serie-taux-25-26.pdf,SRC-007,"BRH — Banque de la République d'Haïti, taux de référence calculé à l'achat"
2025-11-10,130.6274,Serie-taux-25-26.pdf,SRC-007,"BRH — Banque de la République d'Haïti, taux de référence calculé à l'achat"
2025-11-11,130.6822,Serie-taux-25-26.pdf,SRC-007,"BRH — Banque de la République d'Haïti, taux de référence calculé à l'achat"
2025-11-12,130.6459,Serie-taux-25-26.pdf,SRC-007,"BRH — Banque de la République d'Haïti, taux de référence calculé à l'achat"
2025-11-13,130.7318,Serie-taux-25-26.pdf,SRC-007,"BRH — Banque de la République d'Haïti, taux de référence calculé à l'achat"
2025-11-14,130.6794,Serie-taux-25-26.pdf,SRC-007,"BRH — Banque de la République d'Haïti, taux de référence calculé à l'achat"
2025-11-17,130.5983,Serie-taux-25-26.pdf,SRC-007,"BRH — Banque de la République d'Haïti, taux de référence calculé à l'achat"
2025-11-19,130.5749,Serie-taux-25-26.pdf,SRC-007,"BRH — Banque de la République d'Haïti, taux de référence calculé à l'achat"
2025-11-20,130.6809,Serie-taux-25-26.pdf,SRC-007,"BRH — Banque de la République d'Haïti, taux de référence calculé à l'achat"
2025-11-21,130.6208,Serie-taux-25-26.pdf,SRC-007,"BRH — Banque de la République d'Haïti, taux de référence calculé à l'achat"
2025-11-24,130.5817,Serie-taux-25-26.pdf,SRC-007,"BRH — Banque de la République d'Haïti, taux de référence calculé à l'achat"
2025-11-25,130.6692,Serie-taux-25-26.pdf,SRC-007,"BRH — Banque de la République d'Haïti, taux de référence calculé à l'achat"
2025-11-26,130.6384,Serie-taux-25-26.pdf,SRC-007,"BRH — Banque de la République d'Haïti, taux de référence calculé à l'achat"
2025-11-27,130.5908,Serie-taux-25-26.pdf,SRC-007,"BRH — Banque de la République d'Haïti, taux de référence calculé à l'achat"
2025-11-28,130.5298,Serie-taux-25-26.pdf,SRC-007,"BRH — Banque de la République d'Haïti, taux de référence calculé à l'achat"
2025-12-01,130.5692,Serie-taux-25-26.pdf,SRC-007,"BRH — Banque de la République d'Haïti, taux de référence calculé à l'achat"
2025-12-02,130.6379,Serie-taux-25-26.pdf,SRC-007,"BRH — Banque de la République d'Haïti, taux de référence calculé à l'achat"
2025-12-03,130.7462,Serie-taux-25-26.pdf,SRC-007,"BRH — Banque de la République d'Haïti, taux de référence calculé à l'achat"
2025-12-04,130.6332,Serie-taux-25-26.pdf,SRC-007,"BRH — Banque de la République d'Haïti, taux de référence calculé à l'achat"
2025-12-05,130.6097,Serie-taux-25-26.pdf,SRC-007,"BRH — Banque de la République d'Haïti, taux de référence calculé à l'achat"
2025-12-08,130.6738,Serie-taux-25-26.pdf,SRC-007,"BRH — Banque de la République d'Haïti, taux de référence calculé à l'achat"
2025-12-09,130.7286,Serie-taux-25-26.pdf,SRC-007,"BRH — Banque de la République d'Haïti, taux de référence calculé à l'achat"
2025-12-10,130.6666,Serie-taux-25-26.pdf,SRC-007,"BRH — Banque de la République d'Haïti, taux de référence calculé à l'achat"
2025-12-11,130.761,Serie-taux-25-26.pdf,SRC-007,"BRH — Banque de la République d'Haïti, taux de référence calculé à l'achat"
2025-12-12,130.7189,Serie-taux-25-26.pdf,SRC-007,"BRH — Banque de la République d'Haïti, taux de référence calculé à l'achat"
2025-12-15,130.6147,Serie-taux-25-26.pdf,SRC-007,"BRH — Banque de la République d'Haïti, taux de référence calculé à l'achat"
2025-12-16,130.7008,Serie-taux-25-26.pdf,SRC-007,"BRH — Banque de la République d'Haïti, taux de référence calculé à l'achat"
2025-12-17,130.6538,Serie-taux-25-26.pdf,SRC-007,"BRH — Banque de la République d'Haïti, taux de référence calculé à l'achat"
2025-12-18,130.7762,Serie-taux-25-26.pdf,SRC-007,"BRH — Banque de la République d'Haïti, taux de référence calculé à l'achat"
2025-12-19,130.6114,Serie-taux-25-26.pdf,SRC-007,"BRH — Banque de la République d'Haïti, taux de référence calculé à l'achat"
2025-12-22,130.704,Serie-taux-25-26.pdf,SRC-007,"BRH — Banque de la République d'Haïti, taux de référence calculé à l'achat"
2025-12-23,130.6725,Serie-taux-25-26.pdf,SRC-007,"BRH — Banque de la République d'Haïti, taux de référence calculé à l'achat"
2025-12-24,130.6361,Serie-taux-25-26.pdf,SRC-007,"BRH — Banque de la République d'Haïti, taux de référence calculé à l'achat"
2025-12-26,130.706,Serie-taux-25-26.pdf,SRC-007,"BRH — Banque de la République d'Haïti, taux de référence calculé à l'achat"
2025-12-29,130.6498,Serie-taux-25-26.pdf,SRC-007,"BRH — Banque de la République d'Haïti, taux de référence calculé à l'achat"
2025-12-30,130.6901,Serie-taux-25-26.pdf,SRC-007,"BRH — Banque de la République d'Haïti, taux de référence calculé à l'achat"
2025-12-31,130.6244,Serie-taux-25-26.pdf,SRC-007,"BRH — Banque de la République d'Haïti, taux de référence calculé à l'achat"
2026-01-05,130.6819,Serie-taux-25-26.pdf,SRC-007,"BRH — Banque de la République d'Haïti, taux de référence calculé à l'achat"
2026-01-06,130.7179,Serie-taux-25-26.pdf,SRC-007,"BRH — Banque de la République d'Haïti, taux de référence calculé à l'achat"
2026-01-07,130.6674,Serie-taux-25-26.pdf,SRC-007,"BRH — Banque de la République d'Haïti, taux de référence calculé à l'achat"
2026-01-08,130.6363,Serie-taux-25-26.pdf,SRC-007,"BRH — Banque de la République d'Haïti, taux de référence calculé à l'achat"
2026-01-09,130.7224,Serie-taux-25-26.pdf,SRC-007,"BRH — Banque de la République d'Haïti, taux de référence calculé à l'achat"
2026-01-12,130.6204,Serie-taux-25-26.pdf,SRC-007,"BRH — Banque de la République d'Haïti, taux de référence calculé à l'achat"
2026-01-13,130.5833,Serie-taux-25-26.pdf,SRC-007,"BRH — Banque de la République d'Haïti, taux de référence calculé à l'achat"
2026-01-14,130.6799,Serie-taux-25-26.pdf,SRC-007,"BRH — Banque de la République d'Haïti, taux de référence calculé à l'achat"
2026-01-15,130.6173,Serie-taux-25-26.pdf,SRC-007,"BRH — Banque de la République d'Haïti, taux de référence calculé à l'achat"
2026-01-16,130.5625,Serie-taux-25-26.pdf,SRC-007,"BRH — Banque de la République d'Haïti, taux de référence calculé à l'achat"
2026-01-19,130.5312,Serie-taux-25-26.pdf,SRC-007,"BRH — Banque de la République d'Haïti, taux de référence calculé à l'achat"
2026-01-20,130.607,Serie-taux-25-26.pdf,SRC-007,"BRH — Banque de la République d'Haïti, taux de référence calculé à l'achat"
2026-01-21,130.64,Serie-taux-25-26.pdf,SRC-007,"BRH — Banque de la République d'Haïti, taux de référence calculé à l'achat"
2026-01-22,130.7497,Serie-taux-25-26.pdf,SRC-007,"BRH — Banque de la République d'Haïti, taux de référence calculé à l'achat"
2026-01-23,130.6634,Serie-taux-25-26.pdf,SRC-007,"BRH — Banque de la République d'Haïti, taux de référence calculé à l'achat"
2026-01-26,130.7738,Serie-taux-25-26.pdf,SRC-007,"BRH — Banque de la République d'Haïti, taux de référence calculé à l'achat"
2026-01-27,130.6612,Serie-taux-25-26.pdf,SRC-007,"BRH — Banque de la République d'Haïti, taux de référence calculé à l'achat"
2026-01-28,130.7146,Serie-taux-25-26.pdf,SRC-007,"BRH — Banque de la République d'Haïti, taux de référence calculé à l'achat"
2026-01-29,130.6701,Serie-taux-25-26.pdf,SRC-007,"BRH — Banque de la République d'Haïti, taux de référence calculé à l'achat"
2026-01-30,130.6936,Serie-taux-25-26.pdf,SRC-007,"BRH — Banque de la République d'Haïti, taux de référence calculé à l'achat"
2026-02-02,130.799,Serie-taux-25-26.pdf,SRC-007,"BRH — Banque de la République d'Haïti, taux de référence calculé à l'achat"
2026-02-03,130.7749,Serie-taux-25-26.pdf,SRC-007,"BRH — Banque de la République d'Haïti, taux de référence calculé à l'achat"
2026-02-04,130.8461,Serie-taux-25-26.pdf,SRC-007,"BRH — Banque de la République d'Haïti, taux de référence calculé à l'achat"
2026-02-05,130.7599,Serie-taux-25-26.pdf,SRC-007,"BRH — Banque de la République d'Haïti, taux de référence calculé à l'achat"
2026-02-06,130.8375,Serie-taux-25-26.pdf,SRC-007,"BRH — Banque de la République d'Haïti, taux de référence calculé à l'achat"
2026-02-09,130.8062,Serie-taux-25-26.pdf,SRC-007,"BRH — Banque de la République d'Haïti, taux de référence calculé à l'achat"
2026-02-10,130.7514,Serie-taux-25-26.pdf,SRC-007,"BRH — Banque de la République d'Haïti, taux de référence calculé à l'achat"
2026-02-11,130.6966,Serie-taux-25-26.pdf,SRC-007,"BRH — Banque de la République d'Haïti, taux de référence calculé à l'achat"
2026-02-12,130.806,Serie-taux-25-26.pdf,SRC-007,"BRH — Banque de la République d'Haïti, taux de référence calculé à l'achat"
2026-02-13,130.7122,Serie-taux-25-26.pdf,SRC-007,"BRH — Banque de la République d'Haïti, taux de référence calculé à l'achat"
2026-02-16,130.8295,Serie-taux-25-26.pdf,SRC-007,"BRH — Banque de la République d'Haïti, taux de référence calculé à l'achat"
2026-02-19,130.8608,Serie-taux-25-26.pdf,SRC-007,"BRH — Banque de la République d'Haïti, taux de référence calculé à l'achat"
2026-02-20,130.9157,Serie-taux-25-26.pdf,SRC-007,"BRH — Banque de la République d'Haïti, taux de référence calculé à l'achat"
2026-02-23,130.8451,Serie-taux-25-26.pdf,SRC-007,"BRH — Banque de la République d'Haïti, taux de référence calculé à l'achat"
2026-02-24,130.9,Serie-taux-25-26.pdf,SRC-007,"BRH — Banque de la République d'Haïti, taux de référence calculé à l'achat"
2026-02-25,130.8529,Serie-taux-25-26.pdf,SRC-007,"BRH — Banque de la République d'Haïti, taux de référence calculé à l'achat"
2026-02-26,130.7745,Serie-taux-25-26.pdf,SRC-007,"BRH — Banque de la République d'Haïti, taux de référence calculé à l'achat"
2026-02-27,130.7356,Serie-taux-25-26.pdf,SRC-007,"BRH — Banque de la République d'Haïti, taux de référence calculé à l'achat"
2026-03-02,130.8689,Serie-taux-25-26.pdf,SRC-007,"BRH — Banque de la République d'Haïti, taux de référence calculé à l'achat"
2026-03-03,130.7984,Serie-taux-25-26.pdf,SRC-007,"BRH — Banque de la République d'Haïti, taux de référence calculé à l'achat"
2026-03-04,130.8363,Serie-taux-25-26.pdf,SRC-007,"BRH — Banque de la République d'Haïti, taux de référence calculé à l'achat"
2026-03-05,130.8927,Serie-taux-25-26.pdf,SRC-007,"BRH — Banque de la République d'Haïti, taux de référence calculé à l'achat"
2026-03-06,130.7963,Serie-taux-25-26.pdf,SRC-007,"BRH — Banque de la République d'Haïti, taux de référence calculé à l'achat"
2026-03-09,130.8442,Serie-taux-25-26.pdf,SRC-007,"BRH — Banque de la République d'Haïti, taux de référence calculé à l'achat"
2026-03-10,130.9225,Serie-taux-25-26.pdf,SRC-007,"BRH — Banque de la République d'Haïti, taux de référence calculé à l'achat"
2026-03-11,130.7882,Serie-taux-25-26.pdf,SRC-007,"BRH — Banque de la République d'Haïti, taux de référence calculé à l'achat"
2026-03-12,130.8821,Serie-taux-25-26.pdf,SRC-007,"BRH — Banque de la République d'Haïti, taux de référence calculé à l'achat"
2026-03-13,130.8517,Serie-taux-25-26.pdf,SRC-007,"BRH — Banque de la République d'Haïti, taux de référence calculé à l'achat"
2026-03-16,130.8905,Serie-taux-25-26.pdf,SRC-007,"BRH — Banque de la République d'Haïti, taux de référence calculé à l'achat"
2026-03-17,130.8601,Serie-taux-25-26.pdf,SRC-007,"BRH — Banque de la République d'Haïti, taux de référence calculé à l'achat"
2026-03-18,130.9608,Serie-taux-25-26.pdf,SRC-007,"BRH — Banque de la République d'Haïti, taux de référence calculé à l'achat"
2026-03-19,130.9215,Serie-taux-25-26.pdf,SRC-007,"BRH — Banque de la République d'Haïti, taux de référence calculé à l'achat"
2026-03-20,130.8051,Serie-taux-25-26.pdf,SRC-007,"BRH — Banque de la République d'Haïti, taux de référence calculé à l'achat"
2026-03-23,130.8755,Serie-taux-25-26.pdf,SRC-007,"BRH — Banque de la République d'Haïti, taux de référence calculé à l'achat"
2026-03-24,130.9147,Serie-taux-25-26.pdf,SRC-007,"BRH — Banque de la République d'Haïti, taux de référence calculé à l'achat"
2026-03-25,130.8316,Serie-taux-25-26.pdf,SRC-007,"BRH — Banque de la République d'Haïti, taux de référence calculé à l'achat"
2026-03-26,130.7855,Serie-taux-25-26.pdf,SRC-007,"BRH — Banque de la République d'Haïti, taux de référence calculé à l'achat"
2026-03-27,130.6508,Serie-taux-25-26.pdf,SRC-007,"BRH — Banque de la République d'Haïti, taux de référence calculé à l'achat"
2026-03-30,130.749,Serie-taux-25-26.pdf,SRC-007,"BRH — Banque de la République d'Haïti, taux de référence calculé à l'achat"
2026-03-31,130.7034,Serie-taux-25-26.pdf,SRC-007,"BRH — Banque de la République d'Haïti, taux de référence calculé à l'achat"
2026-04-01,130.679,Serie-taux-25-26.pdf,SRC-007,"BRH — Banque de la République d'Haïti, taux de référence calculé à l'achat"
2026-04-02,130.5822,Serie-taux-25-26.pdf,SRC-007,"BRH — Banque de la République d'Haïti, taux de référence calculé à l'achat"
2026-04-06,130.6603,Serie-taux-25-26.pdf,SRC-007,"BRH — Banque de la République d'Haïti, taux de référence calculé à l'achat"
2026-04-07,130.6902,Serie-taux-25-26.pdf,SRC-007,"BRH — Banque de la République d'Haïti, taux de référence calculé à l'achat"
2026-04-08,130.5936,Serie-taux-25-26.pdf,SRC-007,"BRH — Banque de la République d'Haïti, taux de référence calculé à l'achat"
2026-04-09,130.7109,Serie-taux-25-26.pdf,SRC-007,"BRH — Banque de la République d'Haïti, taux de référence calculé à l'achat"
2026-04-10,130.6324,Serie-taux-25-26.pdf,SRC-007,"BRH — Banque de la République d'Haïti, taux de référence calculé à l'achat"
2026-04-13,130.5896,Serie-taux-25-26.pdf,SRC-007,"BRH — Banque de la République d'Haïti, taux de référence calculé à l'achat"
2026-04-14,130.6756,Serie-taux-25-26.pdf,SRC-007,"BRH — Banque de la République d'Haïti, taux de référence calculé à l'achat"
2026-04-15,130.535,Serie-taux-25-26.pdf,SRC-007,"BRH — Banque de la République d'Haïti, taux de référence calculé à l'achat"
2026-04-16,130.6069,Serie-taux-25-26.pdf,SRC-007,"BRH — Banque de la République d'Haïti, taux de référence calculé à l'achat"
2026-04-17,130.5453,Serie-taux-25-26.pdf,SRC-007,"BRH — Banque de la République d'Haïti, taux de référence calculé à l'achat"
2026-04-20,130.5728,Serie-taux-25-26.pdf,SRC-007,"BRH — Banque de la République d'Haïti, taux de référence calculé à l'achat"
2026-04-21,130.655,Serie-taux-25-26.pdf,SRC-007,"BRH — Banque de la République d'Haïti, taux de référence calculé à l'achat"
2026-04-22,130.5561,Serie-taux-25-26.pdf,SRC-007,"BRH — Banque de la République d'Haïti, taux de référence calculé à l'achat"
2026-04-23,130.6265,Serie-taux-25-26.pdf,SRC-007,"BRH — Banque de la République d'Haïti, taux de référence calculé à l'achat"
2026-04-24,130.5543,Serie-taux-25-26.pdf,SRC-007,"BRH — Banque de la République d'Haïti, taux de référence calculé à l'achat"
2026-04-27,130.5308,Serie-taux-25-26.pdf,SRC-007,"BRH — Banque de la République d'Haïti, taux de référence calculé à l'achat"
2026-04-28,130.6167,Serie-taux-25-26.pdf,SRC-007,"BRH — Banque de la République d'Haïti, taux de référence calculé à l'achat"
2026-04-29,130.4977,Serie-taux-25-26.pdf,SRC-007,"BRH — Banque de la République d'Haïti, taux de référence calculé à l'achat"
2026-04-30,130.4663,Serie-taux-25-26.pdf,SRC-007,"BRH — Banque de la République d'Haïti, taux de référence calculé à l'achat"
2026-05-04,130.5196,Serie-taux-25-26.pdf,SRC-007,"BRH — Banque de la République d'Haïti, taux de référence calculé à l'achat"
2026-05-05,130.5431,Serie-taux-25-26.pdf,SRC-007,"BRH — Banque de la République d'Haïti, taux de référence calculé à l'achat"
2026-05-06,130.4879,Serie-taux-25-26.pdf,SRC-007,"BRH — Banque de la République d'Haïti, taux de référence calculé à l'achat"
2026-05-07,130.5987,Serie-taux-25-26.pdf,SRC-007,"BRH — Banque de la République d'Haïti, taux de référence calculé à l'achat"
2026-05-08,130.4795,Serie-taux-25-26.pdf,SRC-007,"BRH — Banque de la République d'Haïti, taux de référence calculé à l'achat"
2026-05-11,130.5508,Serie-taux-25-26.pdf,SRC-007,"BRH — Banque de la République d'Haïti, taux de référence calculé à l'achat"
2026-05-12,130.5966,Serie-taux-25-26.pdf,SRC-007,"BRH — Banque de la République d'Haïti, taux de référence calculé à l'achat"
2026-05-13,130.5238,Serie-taux-25-26.pdf,SRC-007,"BRH — Banque de la République d'Haïti, taux de référence calculé à l'achat"
2026-05-14,130.6123,Serie-taux-25-26.pdf,SRC-007,"BRH — Banque de la République d'Haïti, taux de référence calculé à l'achat"
2026-05-15,130.5106,Serie-taux-25-26.pdf,SRC-007,"BRH — Banque de la République d'Haïti, taux de référence calculé à l'achat"
2026-05-19,130.5363,Serie-taux-25-26.pdf,SRC-007,"BRH — Banque de la République d'Haïti, taux de référence calculé à l'achat"
2026-05-20,130.6091,Serie-taux-25-26.pdf,SRC-007,"BRH — Banque de la République d'Haïti, taux de référence calculé à l'achat"
2026-05-21,130.5779,Serie-taux-25-26.pdf,SRC-007,"BRH — Banque de la République d'Haïti, taux de référence calculé à l'achat"
2026-05-22,130.5315,Serie-taux-25-26.pdf,SRC-007,"BRH — Banque de la République d'Haïti, taux de référence calculé à l'achat"
2026-05-25,130.4587,Serie-taux-25-26.pdf,SRC-007,"BRH — Banque de la République d'Haïti, taux de référence calculé à l'achat"
2026-05-26,130.5811,Serie-taux-25-26.pdf,SRC-007,"BRH — Banque de la République d'Haïti, taux de référence calculé à l'achat"
2026-05-27,130.5555,Serie-taux-25-26.pdf,SRC-007,"BRH — Banque de la République d'Haïti, taux de référence calculé à l'achat"
2026-05-28,130.6102,Serie-taux-25-26.pdf,SRC-007,"BRH — Banque de la République d'Haïti, taux de référence calculé à l'achat"
2026-05-29,130.4963,Serie-taux-25-26.pdf,SRC-007,"BRH — Banque de la République d'Haïti, taux de référence calculé à l'achat"
2026-06-01,130.4477,Serie-taux-25-26.pdf,SRC-007,"BRH — Banque de la République d'Haïti, taux de référence calculé à l'achat"
2026-06-02,130.5716,Serie-taux-25-26.pdf,SRC-007,"BRH — Banque de la République d'Haïti, taux de référence calculé à l'achat"
2026-06-03,130.5446,Serie-taux-25-26.pdf,SRC-007,"BRH — Banque de la République d'Haïti, taux de référence calculé à l'achat"
2026-06-05,130.5051,Serie-taux-25-26.pdf,SRC-007,"BRH — Banque de la République d'Haïti, taux de référence calculé à l'achat"
2026-06-08,130.479,Serie-taux-25-26.pdf,SRC-007,"BRH — Banque de la République d'Haïti, taux de référence calculé à l'achat"
2026-06-09,130.5608,Serie-taux-25-26.pdf,SRC-007,"BRH — Banque de la République d'Haïti, taux de référence calculé à l'achat"
2026-06-10,130.5218,Serie-taux-25-26.pdf,SRC-007,"BRH — Banque de la République d'Haïti, taux de référence calculé à l'achat"
2026-06-11,130.4662,Serie-taux-25-26.pdf,SRC-007,"BRH — Banque de la République d'Haïti, taux de référence calculé à l'achat"
2026-06-12,130.3911,Serie-taux-25-26.pdf,SRC-007,"BRH — Banque de la République d'Haïti, taux de référence calculé à l'achat"
2026-06-15,130.4923,Serie-taux-25-26.pdf,SRC-007,"BRH — Banque de la République d'Haïti, taux de référence calculé à l'achat"
2026-06-16,130.5784,Serie-taux-25-26.pdf,SRC-007,"BRH — Banque de la République d'Haïti, taux de référence calculé à l'achat"
2026-06-17,130.4572,Serie-taux-25-26.pdf,SRC-007,"BRH — Banque de la République d'Haïti, taux de référence calculé à l'achat"
2026-06-18,130.5329,Serie-taux-25-26.pdf,SRC-007,"BRH — Banque de la République d'Haïti, taux de référence calculé à l'achat"
2026-06-19,130.5549,Serie-taux-25-26.pdf,SRC-007,"BRH — Banque de la République d'Haïti, taux de référence calculé à l'achat"
2026-06-22,130.4657,Serie-taux-25-26.pdf,SRC-007,"BRH — Banque de la République d'Haïti, taux de référence calculé à l'achat"
2026-06-23,130.5663,Serie-taux-25-26.pdf,SRC-007,"BRH — Banque de la République d'Haïti, taux de référence calculé à l'achat"
2026-06-24,130.4958,Serie-taux-25-26.pdf,SRC-007,"BRH — Banque de la République d'Haïti, taux de référence calculé à l'achat"
2026-06-25,130.5574,Serie-taux-25-26.pdf,SRC-007,"BRH — Banque de la République d'Haïti, taux de référence calculé à l'achat"
2026-06-26,130.4582,Serie-taux-25-26.pdf,SRC-007,"BRH — Banque de la République d'Haïti, taux de référence calculé à l'achat"
2026-06-29,130.5514,Serie-taux-25-26.pdf,SRC-007,"BRH — Banque de la République d'Haïti, taux de référence calculé à l'achat"
2026-06-30,130.5279,Serie-taux-25-26.pdf,SRC-007,"BRH — Banque de la République d'Haïti, taux de référence calculé à l'achat"
2026-07-01,130.4735,Serie-taux-25-26.pdf,SRC-007,"BRH — Banque de la République d'Haïti, taux de référence calculé à l'achat"
2026-07-02,130.5381,Serie-taux-25-26.pdf,SRC-007,"BRH — Banque de la République d'Haïti, taux de référence calculé à l'achat"
2026-07-03,130.5174,Serie-taux-25-26.pdf,SRC-007,"BRH — Banque de la République d'Haïti, taux de référence calculé à l'achat"
2026-07-06,130.4665,Serie-taux-25-26.pdf,SRC-007,"BRH — Banque de la République d'Haïti, taux de référence calculé à l'achat"
2026-07-07,130.5602,Serie-taux-25-26.pdf,SRC-007,"BRH — Banque de la République d'Haïti, taux de référence calculé à l'achat"
2026-07-08,130.5367,Serie-taux-25-26.pdf,SRC-007,"BRH — Banque de la République d'Haïti, taux de référence calculé à l'achat"
2026-07-09,130.4977,Serie-taux-25-26.pdf,SRC-007,"BRH — Banque de la République d'Haïti, taux de référence calculé à l'achat"
2026-07-10,130.4344,Serie-taux-25-26.pdf,SRC-007,"BRH — Banque de la République d'Haïti, taux de référence calculé à l'achat"
2026-07-13,130.4871,Serie-taux-25-26.pdf,SRC-007,"BRH — Banque de la République d'Haïti, taux de référence calculé à l'achat"
2026-07-14,130.5799,Serie-taux-25-26.pdf,SRC-007,"BRH — Banque de la République d'Haïti, taux de référence calculé à l'achat"
2026-07-15,130.5023,Serie-taux-25-26.pdf,SRC-007,"BRH — Banque de la République d'Haïti, taux de référence calculé à l'achat"
2026-07-16,130.5301,Serie-taux-25-26.pdf,SRC-007,"BRH — Banque de la République d'Haïti, taux de référence calculé à l'achat"
2026-07-17,130.4936,Serie-taux-25-26.pdf,SRC-007,"BRH — Banque de la République d'Haïti, taux de référence calculé à l'achat"
2026-07-20,130.4468,Serie-taux-25-26.pdf,SRC-007,"BRH — Banque de la République d'Haïti, taux de référence calculé à l'achat"
2026-07-21,130.5249,Serie-taux-25-26.pdf,SRC-007,"BRH — Banque de la République d'Haïti, taux de référence calculé à l'achat"
2026-07-22,130.6108,Serie-taux-25-26.pdf,SRC-007,"BRH — Banque de la République d'Haïti, taux de référence calculé à l'achat"
2026-07-23,130.5501,Serie-taux-25-26.pdf,SRC-007,"BRH — Banque de la République d'Haïti, taux de référence calculé à l'achat"
2026-07-24,130.5149,Serie-taux-25-26.pdf,SRC-007,"BRH — Banque de la République d'Haïti, taux de référence calculé à l'achat"
2026-07-27,130.5704,Serie-taux-25-26.pdf,SRC-007,"BRH — Banque de la République d'Haïti, taux de référence calculé à l'achat"
2026-07-28,130.616,Serie-taux-25-26.pdf,SRC-007,"BRH — Banque de la République d'Haïti, taux de référence calculé à l'achat"
2026-07-29,130.5194,Serie-taux-25-26.pdf,SRC-007,"BRH — Banque de la République d'Haïti, taux de référence calculé à l'achat"
2026-07-30,130.4961,Serie-taux-25-26.pdf,SRC-007,"BRH — Banque de la République d'Haïti, taux de référence calculé à l'achat"
2026-07-31,130.4385,Serie-taux-25-26.pdf,SRC-007,"BRH — Banque de la République d'Haïti, taux de référence calculé à l'achat"
2026-08-03,130.5262,Serie-taux-25-26.pdf,SRC-007,"BRH — Banque de la République d'Haïti, taux de référence calculé à l'achat"
2026-08-04,130.4983,Serie-taux-25-26.pdf,SRC-007,"BRH — Banque de la République d'Haïti, taux de référence calculé à l'achat"
2026-08-05,130.4601,Serie-taux-25-26.pdf,SRC-007,"BRH — Banque de la République d'Haïti, taux de référence calculé à l'achat"
2026-08-06,130.5385,Serie-taux-25-26.pdf,SRC-007,"BRH — Banque de la République d'Haïti, taux de référence calculé à l'achat"
2026-08-07,130.4697,Serie-taux-25-26.pdf,SRC-007,"BRH — Banque de la République d'Haïti, taux de référence calculé à l'achat"
2026-08-10,130.5159,Serie-taux-25-26.pdf,SRC-007,"BRH — Banque de la République d'Haïti, taux de référence calculé à l'achat"
2026-08-11,130.5412,Serie-taux-25-26.pdf,SRC-007,"BRH — Banque de la République d'Haïti, taux de référence calculé à l'achat"
2026-08-12,130.4786,Serie-taux-25-26.pdf,SRC-007,"BRH — Banque de la République d'Haïti, taux de référence calculé à l'achat"
2026-08-13,130.5084,Serie-taux-25-26.pdf,SRC-007,"BRH — Banque de la République d'Haïti, taux de référence calculé à l'achat"
2026-08-17,130.5932,Serie-taux-25-26.pdf,SRC-007,"BRH — Banque de la République d'Haïti, taux de référence calculé à l'achat"
2026-08-18,130.5602,Serie-taux-25-26.pdf,SRC-007,"BRH — Banque de la République d'Haïti, taux de référence calculé à l'achat"
2026-08-19,130.6555,Serie-taux-25-26.pdf,SRC-007,"BRH — Banque de la République d'Haïti, taux de référence calculé à l'achat"
2026-08-20,130.7256,Serie-taux-25-26.pdf,SRC-007,"BRH — Banque de la République d'Haïti, taux de référence calculé à l'achat"
2026-08-21,130.5955,Serie-taux-25-26.pdf,SRC-007,"BRH — Banque de la République d'Haïti, taux de référence calculé à l'achat"
2026-08-24,130.6189,Serie-taux-25-26.pdf,SRC-007,"BRH — Banque de la République d'Haïti, taux de référence calculé à l'achat"
2026-08-25,130.5506,Serie-taux-25-26.pdf,SRC-007,"BRH — Banque de la République d'Haïti, taux de référence calculé à l'achat"
2026-08-26,130.5304,Serie-taux-25-26.pdf,SRC-007,"BRH — Banque de la République d'Haïti, taux de référence calculé à l'achat"
2026-08-27,130.438,Serie-taux-25-26.pdf,SRC-007,"BRH — Banque de la République d'Haïti, taux de référence calculé à l'achat"
2026-08-28,130.5127,Serie-taux-25-26.pdf,SRC-007,"BRH — Banque de la République d'Haïti, taux de référence calculé à l'achat"
2026-08-31,130.458,Serie-taux-25-26.pdf,SRC-007,"BRH — Banque de la République d'Haïti, taux de référence calculé à l'achat"
2026-09-01,130.5204,Serie-taux-25-26.pdf,SRC-007,"BRH — Banque de la République d'Haïti, taux de référence calculé à l'achat"
2026-09-02,130.543,Serie-taux-25-26.pdf,SRC-007,"BRH — Banque de la République d'Haïti, taux de référence calculé à l'achat"
2026-09-03,130.474,Serie-taux-25-26.pdf,SRC-007,"BRH — Banque de la République d'Haïti, taux de référence calculé à l'achat"
2026-09-04,130.5307,Serie-taux-25-26.pdf,SRC-007,"BRH — Banque de la République d'Haïti, taux de référence calculé à l'achat"
2026-09-07,130.4095,Serie-taux-25-26.pdf,SRC-007,"BRH — Banque de la République d'Haïti, taux de référence calculé à l'achat"
2026-09-08,130.4876,Serie-taux-25-26.pdf,SRC-007,"BRH — Banque de la République d'Haïti, taux de référence calculé à l'achat"
2026-09-09,130.5111,Serie-taux-25-26.pdf,SRC-007,"BRH — Banque de la République d'Haïti, taux de référence calculé à l'achat"
2026-09-10,130.4638,Serie-taux-25-26.pdf,SRC-007,"BRH — Banque de la République d'Haïti, taux de référence calculé à l'achat"
2026-09-11,130.5029,Serie-taux-25-26.pdf,SRC-007,"BRH — Banque de la République d'Haïti, taux de référence calculé à l'achat"
2026-09-14,130.4171,Serie-taux-25-26.pdf,SRC-007,"BRH — Banque de la République d'Haïti, taux de référence calculé à l'achat"
2026-09-15,130.4641,Serie-taux-25-26.pdf,SRC-007,"BRH — Banque de la République d'Haïti, taux de référence calculé à l'achat"
2026-09-16,130.4942,Serie-taux-25-26.pdf,SRC-007,"BRH — Banque de la République d'Haïti, taux de référence calculé à l'achat"
2026-09-17,130.455,Serie-taux-25-26.pdf,SRC-007,"BRH — Banque de la République d'Haïti, taux de référence calculé à l'achat"
2026-09-18,130.5192,Serie-taux-25-26.pdf,SRC-007,"BRH — Banque de la République d'Haïti, taux de référence calculé à l'achat"
2026-09-21,130.4928,Serie-taux-25-26.pdf,SRC-007,"BRH — Banque de la République d'Haïti, taux de référence calculé à l'achat"
2026-09-22,130.5475,Serie-taux-25-26.pdf,SRC-007,"BRH — Banque de la République d'Haïti, taux de référence calculé à l'achat"
