fichier,version,chemin_archive,empreinte_sha256,octets,lignes,enregistrements,unite,date_commit,depot,commit,courante
ECHANTILLON_haiti_sections_gps.csv,2026-06-12,archives/ECHANTILLON_haiti_sections_gps/2026-06-12.csv,d2425b674ab206d49dbbba3da6a2dfa17ca79fca901b3f6cc214df6d669a54fb,1199,11,10,lignes,2026-06-12,vitrine,175e7c14d6,non
ECHANTILLON_haiti_sections_gps.csv,2026-07-31,archives/ECHANTILLON_haiti_sections_gps/2026-07-31.csv,f87eaa4544d6a7a0bf9d689f53dc1b8b45c4adb3f23bc15538a6e877a3f52cce,1650,11,10,lignes,2026-07-31,vitrine,8557c6cca0,oui
EXTRAIT_geojson.md,2026-08-14,archives/EXTRAIT_geojson/2026-08-14.md,ecbe9838acc90c8819b21e20a45308ae694d261f849c9118eb0f2121ccafc9ea,2021,71,,,2026-08-14,vitrine,c06b196c03,oui
EXTRAIT_haiti_140_villes_chefs_lieux_gps.csv,2026-08-14,archives/EXTRAIT_haiti_140_villes_chefs_lieux_gps/2026-08-14.csv,122ecd58768cf776ccab5a9e01143a4ff08387e8df4788d0b12a789cca20b7c5,1447,11,10,lignes,2026-08-14,vitrine,c06b196c03,oui
EXTRAIT_haiti_570_sections_communales_gps.csv,2026-08-14,archives/EXTRAIT_haiti_570_sections_communales_gps/2026-08-14.csv,f87eaa4544d6a7a0bf9d689f53dc1b8b45c4adb3f23bc15538a6e877a3f52cce,1650,11,10,lignes,2026-08-14,vitrine,c06b196c03,oui
EXTRAIT_haiti_lieux_habites_geonames_gps.csv,2026-08-14,archives/EXTRAIT_haiti_lieux_habites_geonames_gps/2026-08-14.csv,428ff643ecda1b1e98b36bd4a7c3d9ceef1e25435a6991c907f7d09ef691a37d,1283,11,10,lignes,2026-08-14,vitrine,c06b196c03,oui
LISEZMOI_transferts_diaspora.md,2026-06-12,archives/LISEZMOI_transferts_diaspora/2026-06-12.md,01c4ae182b61aef36556600396d77597f95064d12f00f3def4b65f418d703246,2321,47,,,2026-06-12,vitrine,175e7c14d6,non
LISEZMOI_transferts_diaspora.md,2026-07-31,archives/LISEZMOI_transferts_diaspora/2026-07-31.md,e5b253c8014bfcf7935c35e2e966871b0d325878aeb26e03084aa349e3224914,2671,48,,,2026-07-31,vitrine,fbe7a69209,oui
atmart_acces_routier.json,2026-08-17,archives/atmart_acces_routier/2026-08-17.json,b7a6787d014c466206d69ffcdef9929b5e8017e8dd3b15fccc1e617657073968,73195,0,140,entrées,2026-08-17,site,d86772fd49,oui
atmart_alea_inondation_communes_HT.csv,2026-08-14,archives/atmart_alea_inondation_communes_HT/2026-08-14.csv,9628ab5b326351568577e7cb79f5e3b01f6d6a585a41d69ef28b0f8bd364cb92,39801,141,140,lignes,2026-08-14,vitrine,28521783fa,oui
atmart_annuaire_transfert_HT.csv,2026-08-25,archives/atmart_annuaire_transfert_HT/2026-08-25.csv,972bba2d1634e076deef682c40b1110a1c1fe90a63a74da1881ca1d4b678bd04,908783,1633,1632,lignes,2026-08-25,vitrine,2244cf0d92,oui
atmart_audience_numerique.json,2026-08-25,archives/atmart_audience_numerique/2026-08-25.json,43fbfd42d0539b00201517f7fb9eff5332f67f991791d0c99bc902c6812aece7,2755,84,,,2026-08-25,vitrine,c973af390d,oui
atmart_audience_numerique_HT.csv,2026-08-25,archives/atmart_audience_numerique_HT/2026-08-25.csv,587bbc807ff6635cc94130ac6f5ba953edfd2f7394a032fa8f286bcbc6b9eaf3,6558,15,14,lignes,2026-08-25,vitrine,c973af390d,oui
atmart_banques.json,2026-08-25,archives/atmart_banques/2026-08-25.json,82e7c29342b9e4615de1048d2a87e058704d7629188efc77349f3a6adaea4c80,2919,73,,,2026-08-25,vitrine,3ed650bf90,oui
atmart_banques_depots_territoire_HT.csv,2026-08-25,archives/atmart_banques_depots_territoire_HT/2026-08-25.csv,d44286f48414d05a38441970d2bc0d2193d0f1618ef0affea73669df4765303c,94462,193,192,lignes,2026-08-25,vitrine,3ed650bf90,oui
atmart_banques_ratios_HT.csv,2026-08-25,archives/atmart_banques_ratios_HT/2026-08-25.csv,cd3d2b9e372eae390b4e3b63b0078eb2ae8bbd1ec39d55ca8f20a32e93f9519a,3084640,5323,5322,lignes,2026-08-25,vitrine,3ed650bf90,oui
atmart_banques_reseau_HT.csv,2026-08-25,archives/atmart_banques_reseau_HT/2026-08-25.csv,a12bce4a5953f6d6077623e45f18d81fa0ed1bd2a8d0428e21caec4d5b083d7b,331461,839,838,lignes,2026-08-25,vitrine,89499aafb2,oui
atmart_bassins_communes.json,2026-08-17,archives/atmart_bassins_communes/2026-08-17.json,19f53c6de487667a913938c16e4414acdc1948a1f0f5cfb3312fe36c644767f8,14688,0,140,entrées,2026-08-17,site,0550c21f5c,oui
atmart_batiments_communes.json,2026-08-17,archives/atmart_batiments_communes/2026-08-17.json,995e4a34be5a5f05002f2cdd372efd51c6f92959fc6f25ca6e2ca08504c80079,13126,0,140,entrées,2026-08-17,site,4edd662664,oui
atmart_caisses_communes_desservies_HT.csv,2026-08-21,archives/atmart_caisses_communes_desservies_HT/2026-08-21.csv,7c00354177f90233316ef51476f43a60fad6e29ac00d55590c479c3ac2a8648b,44240,72,71,lignes,2026-08-21,vitrine,fd1ce67602,non
atmart_caisses_communes_desservies_HT.csv,2026-09-13,archives/atmart_caisses_communes_desservies_HT/2026-09-13.csv,354f6b1de254c7c140a2956aabd1da376cbf0c52264dd53308662bb8a8b75b12,44240,72,71,lignes,2026-09-13,vitrine,521421aa4c,oui
atmart_caisses_populaires.json,2026-08-21,archives/atmart_caisses_populaires/2026-08-21.json,e78c3c0cedf04e60e7e8cf762f0fc3af5950aa983a78a4d2e83653ed5be2f58e,1716,0,47,entrées,2026-08-21,vitrine,4567a32e9b,oui
atmart_caisses_populaires_HT.csv,2026-08-21,archives/atmart_caisses_populaires_HT/2026-08-21.csv,53d3a4d7b39306abdcbd817b514802f14ffe858b3862868ab26b547ee6549867,32997,59,58,lignes,2026-08-21,vitrine,4567a32e9b,oui
atmart_communes_regions_enquete.json,2026-08-26,archives/atmart_communes_regions_enquete/2026-08-26.json,e16d82325feae69c8ecc136d9f348b4da96438e71ff4f569a4683384915449bd,1684,39,,,2026-08-26,vitrine,d263500b95,oui
atmart_communes_regions_enquete_HT.csv,2026-08-26,archives/atmart_communes_regions_enquete_HT/2026-08-26.csv,45558154e1429d31e765b97e32740b7f02b12c8daf957fb83327263a19e0dc59,38022,141,140,lignes,2026-08-26,vitrine,d263500b95,oui
atmart_comparaison_haiti_rd.json,2026-08-25,archives/atmart_comparaison_haiti_rd/2026-08-25.json,94a82020d6f15a821bc3206e3454590c5a6ef57afca60c6742c1238adca7f896,4835,144,,,2026-08-25,vitrine,8077a237fd,oui
atmart_comparaison_haiti_rd_HT.csv,2026-08-25,archives/atmart_comparaison_haiti_rd_HT/2026-08-25.csv,d895a293b29957a36bd00a913a8698b8b1f9178f66da173f9c5c003b8e72b193,7909,17,16,lignes,2026-08-25,vitrine,8077a237fd,oui
atmart_comparaison_monde.json,2026-09-04,archives/atmart_comparaison_monde/2026-09-04.json,9b4973b897c4f7d71d637c6f9a4638b3eee9859cfd31e5d49cdafc421dc36af0,20977,1225,11,entrées,2026-09-04,vitrine,14bb5b1d9b,non
atmart_comparaison_monde.json,2026-09-04,archives/atmart_comparaison_monde/2026-09-04-2.json,e058577b4337ed24c0a1997b5250cd83b8d46695bcd0ea80ef6e44d1a65cc47a,22868,1342,12,entrées,2026-09-04,vitrine,5afd608ab7,oui
atmart_comparaison_monde_HT.csv,2026-09-04,archives/atmart_comparaison_monde_HT/2026-09-04.csv,fafb1ce0e38d0d51c92cbebfccc957437440e0fc16f971c6460967152d4a35ce,20272,164,163,lignes,2026-09-04,vitrine,14bb5b1d9b,non
atmart_comparaison_monde_HT.csv,2026-09-04,archives/atmart_comparaison_monde_HT/2026-09-04-2.csv,fe020f7fcabdda42d58014e0a9fbfcd234c578ebdfd94baff4ac9b3959aed2ae,21950,180,179,lignes,2026-09-04,vitrine,5afd608ab7,oui
atmart_concordance.json,2026-08-18,archives/atmart_concordance/2026-08-18.json,e63ccdcaa420b35d7239c436dd777243d8e425dbcf694df3ac0a171992d50500,15440,0,140,entrées,2026-08-18,site,23a805027f,non
atmart_concordance.json,2026-08-18,archives/atmart_concordance/2026-08-18-2.json,0f8439230e01c6a10bf46f93b0b971d7f13da8f7cd22420c50f063b78f602620,15574,0,140,entrées,2026-08-18,site,881272a55f,oui
atmart_concordance_HT.csv,2026-08-18,archives/atmart_concordance_HT/2026-08-18.csv,43a771e0eeb08ea732cf994c9c902073c1382ac39da8dc471d35ac6164bcb405,15331,141,140,lignes,2026-08-18,site,23a805027f,oui
atmart_conflits_HT.csv,2026-08-14,archives/atmart_conflits_HT/2026-08-14.csv,1d728ff239826a20484c17bf912ce613fa13f6d55b74de4e8821d9dd9792c252,1093857,4369,4368,lignes,2026-08-14,vitrine,c736bd8eac,oui
atmart_couche_bassins_HT.geojson,2026-08-14,archives/atmart_couche_bassins_HT/2026-08-14.geojson,12f152787d63bddc5b0d952617a1ffebb2283efe88ac6176fb250a088797a87e,495115,0,31,entités,2026-08-14,vitrine,28521783fa,oui
atmart_couche_carburant_HT.geojson,2026-08-14,archives/atmart_couche_carburant_HT/2026-08-14.geojson,4d9e435fc6071187bb40b23e810571df638d00a8c495fdd65f1c4b187c8bc032,31746,0,310,entités,2026-08-14,vitrine,45d77be4c4,oui
atmart_couche_eau_HT.geojson,2026-08-14,archives/atmart_couche_eau_HT/2026-08-14.geojson,de7ffd9b189ca3ee0a9187c703fc4c5d3c8033008800c06bad2574bf0e94ef4f,668973,0,6276,entités,2026-08-14,vitrine,45d77be4c4,oui
atmart_couche_finance_HT.geojson,2026-08-14,archives/atmart_couche_finance_HT/2026-08-14.geojson,24856ba12cdeb5cb6cc1262737076f6774029418d9d675f190b72cecf2361a91,54552,0,474,entités,2026-08-14,vitrine,45d77be4c4,non
atmart_couche_finance_HT.geojson,2026-08-21,archives/atmart_couche_finance_HT/2026-08-21.geojson,ddf4796efc89ed18c07d89ebe95b142f764049b38cc17f5edb3786c228ce2328,64614,0,474,entités,2026-08-21,vitrine,770b2438c7,oui
atmart_couche_finance_cooperative_HT.geojson,2026-08-21,archives/atmart_couche_finance_cooperative_HT/2026-08-21.geojson,4a8177d7942c61b177958fa200a0d3ff7ca3271ff16e8f4f12036b188dc6fc6b,8668,0,43,entités,2026-08-21,vitrine,e46de3f42f,oui
atmart_couche_inondable_HT.geojson,2026-08-14,archives/atmart_couche_inondable_HT/2026-08-14.geojson,4436b48a122cf2db8bd1cb3dd0eb2b26b4b8e060ecbf06fadad8eacaa6c73fc2,373019,0,134,entités,2026-08-14,vitrine,28521783fa,oui
atmart_couche_lieux_culte_HT.geojson,2026-08-24,archives/atmart_couche_lieux_culte_HT/2026-08-24.geojson,470cb272b027bfb3dcd933732b781685585d6bba6843d9d457d1f5d7ea23f5d5,705469,0,2643,entités,2026-08-24,vitrine,ef1dcae893,non
atmart_couche_lieux_culte_HT.geojson,2026-09-17,archives/atmart_couche_lieux_culte_HT/2026-09-17.geojson,18210b1c67fcd01ec2aa1d3a0efc63b5f96f2e7c3368d12e3d1ef8dbe64f006c,706358,0,2643,entités,2026-09-17,vitrine,93644a81d9,oui
atmart_couche_telecom_HT.geojson,2026-08-15,archives/atmart_couche_telecom_HT/2026-08-15.geojson,a6a2bf810ce87e43b856283bba217ed4a3af13771c8b831b98ee3f72f948909e,73142,0,498,entités,2026-08-15,vitrine,72b261b108,oui
atmart_couche_tourisme_HT.geojson,2026-08-21,archives/atmart_couche_tourisme_HT/2026-08-21.geojson,398a56abb1f3db570fe7c1baa6af4eadf0fcacd9c87f67a073ab2b2d1da7da16,406435,0,2695,entités,2026-08-21,vitrine,7957dbebf8,non
atmart_couche_tourisme_HT.geojson,2026-08-21,archives/atmart_couche_tourisme_HT/2026-08-21-2.geojson,53a2562c6074fc6c6bbc062ba2f0706afa0eebdd0be32c73e6883db3dd4538b2,434493,0,2896,entités,2026-08-21,vitrine,e8cebe6175,oui
atmart_couches_carte_HT.csv,2026-08-17,archives/atmart_couches_carte_HT/2026-08-17.csv,8abd36f95644324848848ff7aeeda5ddb0744b0783e058da9550f0c7feb6c9c7,12491,141,140,lignes,2026-08-17,site,46a5774fdd,non
atmart_couches_carte_HT.csv,2026-08-17,archives/atmart_couches_carte_HT/2026-08-17-2.csv,3343548fcc6363e67295935a16c6b817c89bcb6a06fff4bc13e29902f35b6033,18012,141,140,lignes,2026-08-17,site,e90197f428,non
atmart_couches_carte_HT.csv,2026-08-18,archives/atmart_couches_carte_HT/2026-08-18.csv,58c7d2af5bf422439cece2f43de89c19f18464ed07711c1b1011729b750dbc64,20311,141,140,lignes,2026-08-18,site,23a805027f,oui
atmart_credits_departements.json,2026-08-17,archives/atmart_credits_departements/2026-08-17.json,9b4e5e1d350a8a1b8437a1dfd6d3e8a0cf9192d7d5351e02d36fcadcccf1c9f6,2892,0,,,2026-08-17,site,0d423eef1a,oui
atmart_cyclones_communes.json,2026-08-17,archives/atmart_cyclones_communes/2026-08-17.json,dd21091fc08e6cd69eca5eb30e695210e51b6340a52c085da4090f571bed3c73,86035,0,140,entrées,2026-08-17,site,4edd662664,oui
atmart_deplaces_HT.csv,2026-08-14,archives/atmart_deplaces_HT/2026-08-14.csv,e7b7d870fabd3ef06c3d27e2d6ed22b11bd1f18ac24f35033cde3b3c897bdcd8,36732,151,150,lignes,2026-08-14,vitrine,c736bd8eac,oui
atmart_deputes_2015_candidats_HT.csv,2026-09-18,archives/atmart_deputes_2015_candidats_HT/2026-09-18.csv,57430b151030885e797a8df0f9707c08e090d97804f50393c1031e13f5dee0c2,606703,1604,1603,lignes,2026-09-18,vitrine,e069fceae1,oui
atmart_deputes_2015_circonscriptions_HT.csv,2026-09-18,archives/atmart_deputes_2015_circonscriptions_HT/2026-09-18.csv,bbe862bc40aee47ca48c513dfe167f55e36d06e477ab126081e88f44cd735b0c,46409,120,119,lignes,2026-09-18,vitrine,e069fceae1,oui
atmart_diaspora_destinations.json,2026-08-23,archives/atmart_diaspora_destinations/2026-08-23.json,f2e91dcaaca03fb39e3e114362d14cf57c9dd033c5c23e1ed08ec049557c40e3,4235,226,,,2026-08-23,vitrine,6c2a1d8ac8,oui
atmart_diaspora_destinations_HT.csv,2026-08-23,archives/atmart_diaspora_destinations_HT/2026-08-23.csv,c7907608e6ca49cde402b311b75c4ef1cff6ad0d5fd030e7658270d7f7a118c5,467831,2161,2160,lignes,2026-08-23,vitrine,6c2a1d8ac8,oui
atmart_eau_surface.json,2026-08-17,archives/atmart_eau_surface/2026-08-17.json,55e6be908dfdea666addb9afc228f4346823b94681c2a435672517c1d3f50abf,15418,0,140,entrées,2026-08-17,site,4edd662664,oui
atmart_ecoles_declarees.json,2026-09-13,archives/atmart_ecoles_declarees/2026-09-13.json,e8989f65d96e52ff69168c3f915444b5f9824518546a3ee0aabdb1895c7df0f1,9901,0,140,entrées,2026-09-13,vitrine,d308c8ea7b,oui
atmart_ecoles_declarees.json,2026-08-17,archives/atmart_ecoles_declarees/2026-08-17.json,e00b5486075248e97f4fcbe67d12fb193fe148ce444d3fe6bd1b8b435d292352,8971,0,140,entrées,2026-08-17,site,d86772fd49,non
atmart_ecoles_declarees.json,2026-08-17,archives/atmart_ecoles_declarees/2026-08-17-2.json,a05792d61e4a1d102a4f5dcf585c2546a618b3dbf6a40c65d26cd36fc8169de5,9387,0,140,entrées,2026-08-17,site,46a5774fdd,non
atmart_ecoles_declarees.json,2026-08-23,archives/atmart_ecoles_declarees/2026-08-23.json,005daf8d0d752524a58c3137c0c945c4f0414afe321cda3664ea9057ee0bd768,9365,0,140,entrées,2026-08-23,site,d235690190,non
atmart_ecvmas_pauvrete_departements_HT.csv,2026-09-24,archives/atmart_ecvmas_pauvrete_departements_HT/2026-09-24.csv,adb3c30f8cc3b0e2aa5d8904fcd32f98561cad7cb512deb715428956bedec552,8143,31,30,lignes,2026-09-24,vitrine,332331be9b,oui
atmart_elections.json,2026-09-18,archives/atmart_elections/2026-09-18.json,b8505983e610c45bd4615a4cdb72050453da9df870282bc7fd51ec3f68d9fa89,14851,990,140,entrées,2026-09-18,vitrine,7cf9c27735,non
atmart_elections.json,2026-09-18,archives/atmart_elections/2026-09-18-2.json,a8a9f931565cfa1be3b64eeb747442e10b32103fade04406bec3616f8c4d448f,20073,1260,140,entrées,2026-09-18,vitrine,6e6d44945e,non
atmart_elections.json,2026-09-18,archives/atmart_elections/2026-09-18-3.json,2507885f65ed9d90841d1334ef6c8db873937a316b1acb8aeda7070666e4a3c7,34863,1964,140,entrées,2026-09-18,vitrine,e069fceae1,oui
atmart_enquete_fiche.json,2026-08-26,archives/atmart_enquete_fiche/2026-08-26.json,32ed5ee5ddbd00221ca43508dc16040a763841e28970225b360623cc33c56dbf,29561,1588,140,entrées,2026-08-26,vitrine,8a4a9f4388,oui
atmart_enquetes.json,2026-08-26,archives/atmart_enquetes/2026-08-26.json,2ed7eaeb41e469d1067158b1828188029e6ca99b6fdcccfa5662e48c39183f24,4052,134,,,2026-08-26,vitrine,7a13592174,non
atmart_enquetes.json,2026-08-26,archives/atmart_enquetes/2026-08-26-3.json,579ac781ba867022aa854bf9aeb09f95253c822d7cf3d85869a95c434591626e,4169,137,,,2026-08-26,vitrine,bd567ce890,oui
atmart_enquetes.json,2026-08-26,archives/atmart_enquetes/2026-08-26-2.json,22f1de57e71f512eb1ce467a4645ebd67fc0dc149d69b828d35ed32594ead1e3,4052,134,,,2026-08-26,site,f73350d46b,non
atmart_enquetes_inventaire_HT.csv,2026-08-26,archives/atmart_enquetes_inventaire_HT/2026-08-26.csv,ecb734704a24ab1603bbb2b7c3a2d21f5b9a3e519b65fe04172b674733fb8870,653561,2133,2132,lignes,2026-08-26,vitrine,7a13592174,oui
atmart_enquetes_resultats_HT.csv,2026-08-26,archives/atmart_enquetes_resultats_HT/2026-08-26.csv,c6e32b9fe67a30c6d8eeb92cdd85eb0d90421fd5b0f6766f761c8183ba21302d,5519282,76984,76983,lignes,2026-08-26,vitrine,7a13592174,oui
atmart_equipements_hot.json,2026-08-17,archives/atmart_equipements_hot/2026-08-17.json,856cad05c689345a24804b5f4e538787659f2e6af569772649f0a93631064e72,13069,0,140,entrées,2026-08-17,site,a4aed50fcd,oui
atmart_finance_agrements_HT.csv,2026-08-21,archives/atmart_finance_agrements_HT/2026-08-21.csv,13cc6692a4a48c2a6dccecfe1649391eedba4187e6a73b18d5fd5709e547f8bd,13724,27,26,lignes,2026-08-21,vitrine,4567a32e9b,non
atmart_finance_agrements_HT.csv,2026-08-24,archives/atmart_finance_agrements_HT/2026-08-24.csv,93cd62c227535fb3364efdf64d6dae2d423101371e9ffade99257b00a373f66c,16021,32,31,lignes,2026-08-24,vitrine,d2fe3d9d9e,oui
atmart_finance_cooperative.json,2026-08-21,archives/atmart_finance_cooperative/2026-08-21.json,a54c87cf3adbeb3695ddd9ddf10537c682088d1f3e80be5fea7cb1c442cd4bc9,1838,0,26,entrées,2026-08-21,vitrine,e46de3f42f,oui
atmart_finance_cooperative_communes_HT.csv,2026-08-21,archives/atmart_finance_cooperative_communes_HT/2026-08-21.csv,682eed2c5d954ff24ca0e517e4cbdd6c4983ede3ce4f550f1164f4c7686af20e,32031,33,32,lignes,2026-08-21,vitrine,e46de3f42f,oui
atmart_fne_ecoles_paef_communes_2025_HT.csv,2026-09-25,archives/atmart_fne_ecoles_paef_communes_2025_HT/2026-09-25.csv,8710cc8e6466a5ffd3c7b4bb06757b7764a64d13ef9b23cd1f3f320f658fb381,407,7,6,lignes,2026-09-25,vitrine,3da6826e8e,non
atmart_fne_ecoles_paef_communes_2025_HT.json,2026-09-25,archives/atmart_fne_ecoles_paef_communes_2025_HT/2026-09-25.json,599f899c773cc6e0458fe9215a40af118e8876d91e6a26e5d7e357c133fb684c,1928,0,6,entrées,2026-09-25,vitrine,3da6826e8e,non
atmart_fne_subventions_national_HT.csv,2026-09-25,archives/atmart_fne_subventions_national_HT/2026-09-25.csv,58c8487418da92841cf37c69eb3d0ef66ff0264f29f6a64f480812bf6e6f753e,242,8,7,lignes,2026-09-25,vitrine,3da6826e8e,non
atmart_fne_subventions_national_HT.json,2026-09-25,archives/atmart_fne_subventions_national_HT/2026-09-25.json,616b58cea1b9ae14cccdd0a137e5d063673f3bf7205af7f82de92677d8de62a9,1420,0,,,2026-09-25,vitrine,3da6826e8e,non
atmart_hibiscus_communes.json,2026-08-21,archives/atmart_hibiscus_communes/2026-08-21.json,043f88760ff0ce573133350766a708466a6464f1266c4d376a7848dc6d14c88b,2363,0,39,entrées,2026-08-21,vitrine,7957dbebf8,oui
atmart_hibiscus_communes_HT.csv,2026-08-21,archives/atmart_hibiscus_communes_HT/2026-08-21.csv,f4f79bd947947da042101ec69aed45ce4e9acdd592386c11da539d36087cecd0,15459,40,39,lignes,2026-08-21,vitrine,7957dbebf8,oui
atmart_hibiscus_non_rattachees_HT.csv,2026-08-21,archives/atmart_hibiscus_non_rattachees_HT/2026-08-21.csv,a5342ea2e46948b4267e83028d4d0ca7a5e1a61e5b8fd029199197b81607d002,3494,14,13,lignes,2026-08-21,vitrine,7957dbebf8,oui
atmart_indicateurs_communes_HT.csv,2026-07-31,archives/atmart_indicateurs_communes_HT/2026-07-31.csv,79fdb038d35ae629b82ae54ab9ba7906d99906ae2986c6dc9fba8580264900b9,216040,1198,1197,lignes,2026-07-31,vitrine,f64c6c2cf0,non
atmart_indicateurs_communes_HT.csv,2026-07-31,archives/atmart_indicateurs_communes_HT/2026-07-31-2.csv,14b99d282deb699396990c46324a8197ff7a7d208659a561bd5f92ea9e2303fb,235220,1198,1197,lignes,2026-07-31,vitrine,f9dfd096de,non
atmart_indicateurs_communes_HT.csv,2026-07-31,archives/atmart_indicateurs_communes_HT/2026-07-31-3.csv,555df1511374bd256bf588caf6274d7a163a1d0c992716e729eef782879e484c,250813,1275,1274,lignes,2026-07-31,vitrine,839e28e779,non
atmart_indicateurs_communes_HT.csv,2026-08-10,archives/atmart_indicateurs_communes_HT/2026-08-10.csv,5c9c7d56962b98e705c0486ac1f820139cfdb38164831fd5ba68732e88d81f0d,298839,1415,1414,lignes,2026-08-10,vitrine,06462ee9b9,non
atmart_indicateurs_communes_HT.csv,2026-08-11,archives/atmart_indicateurs_communes_HT/2026-08-11.csv,0ef7966b174aaed68db4024f9c0e7d0f91de18e75177a67b7c5fb4b0bd8dc922,358886,1555,1554,lignes,2026-08-11,vitrine,d1d2f006cf,non
atmart_indicateurs_communes_HT.csv,2026-08-11,archives/atmart_indicateurs_communes_HT/2026-08-11-2.csv,ee3bfc04cd6fca94e21db596deef64bd2cd51cf8b19a8ab2adc2cc32802bbb4a,714672,3095,3094,lignes,2026-08-11,vitrine,478d4add78,non
atmart_indicateurs_communes_HT.csv,2026-08-12,archives/atmart_indicateurs_communes_HT/2026-08-12.csv,9c1aad5a0626d5a6a51cf9ad34a6c2ba7af3a527366585d8827fdd932c61f903,922005,3781,3780,lignes,2026-08-12,vitrine,3f5f35ff00,non
atmart_indicateurs_communes_HT.csv,2026-08-13,archives/atmart_indicateurs_communes_HT/2026-08-13.csv,14a33f6b6a6922165db1816d0428617cdd4ede73c7b95f9208591374dbe3f7d3,1003686,4061,4060,lignes,2026-08-13,vitrine,878ab12c5b,non
atmart_indicateurs_communes_HT.csv,2026-08-13,archives/atmart_indicateurs_communes_HT/2026-08-13-2.csv,48c4d780e219f2beef8925bdf4e067a12c8afa7d210eec79a379f24da47f17e5,1048432,4201,4200,lignes,2026-08-13,vitrine,967eaed278,non
atmart_indicateurs_communes_HT.csv,2026-08-13,archives/atmart_indicateurs_communes_HT/2026-08-13-3.csv,1fa80a80632a9e779f83642a2d462df7854f0fb538e6d0d140a648bf69a62383,1050921,4201,4200,lignes,2026-08-13,vitrine,163ea05af5,non
atmart_indicateurs_communes_HT.csv,2026-08-20,archives/atmart_indicateurs_communes_HT/2026-08-20.csv,a54cb5202db6fcb2348b09bcfe496445993c3c20a0e0bdfe6e50988bbd1d837f,1400156,5599,5598,lignes,2026-08-20,vitrine,fc35cf76f4,non
atmart_indicateurs_communes_HT.csv,2026-08-21,archives/atmart_indicateurs_communes_HT/2026-08-21.csv,cc5be17c37a819611387f43f92f494532117d5bcfa3a9747bbdf9f7a2d2f8fb0,1538554,6078,6077,lignes,2026-08-21,vitrine,7957dbebf8,non
atmart_indicateurs_communes_HT.csv,2026-08-21,archives/atmart_indicateurs_communes_HT/2026-08-21-2.csv,10296677e2aace3df4bd8a9a53e734d38f2719fb888318b78fb542b7385b2683,1554968,6138,6137,lignes,2026-08-21,vitrine,e8cebe6175,non
atmart_indicateurs_communes_HT.csv,2026-08-21,archives/atmart_indicateurs_communes_HT/2026-08-21-3.csv,16a5d8ae3aa507ba1ecd63a24c1abea6bf7c66ab86bd671805ee5fc94f9ce3a7,1600681,6305,6304,lignes,2026-08-21,vitrine,8f81f55118,non
atmart_indicateurs_communes_HT.csv,2026-08-21,archives/atmart_indicateurs_communes_HT/2026-08-21-4.csv,768589b50222aa0a4aedd4b0c4d5accfb90cfcfee710cd47498faac90702fd65,1602517,6307,6306,lignes,2026-08-21,vitrine,fd1ce67602,non
atmart_indicateurs_communes_HT.csv,2026-08-24,archives/atmart_indicateurs_communes_HT/2026-08-24.csv,63c8aea9c6ead91456ef6aa3301d05531b09f22d9b3d53e8212fff9c6a51c0b4,1602318,6307,6306,lignes,2026-08-24,vitrine,5d67fe4843,non
atmart_indicateurs_communes_HT.csv,2026-08-27,archives/atmart_indicateurs_communes_HT/2026-08-27.csv,d2450a278f27be7cabf5ce312bd491c78406fa1c01a9d3b68415a2d7a1a42b19,2052971,7968,7967,lignes,2026-08-27,vitrine,ae755c576b,non
atmart_indicateurs_communes_HT.csv,2026-09-18,archives/atmart_indicateurs_communes_HT/2026-09-18.csv,3f46db10153179f7f3dc555f3c6dd6f25db9b0219ad5aa2748ced6f6ebf3817b,2209586,8431,8430,lignes,2026-09-18,vitrine,7cf9c27735,non
atmart_indicateurs_communes_HT.csv,2026-09-18,archives/atmart_indicateurs_communes_HT/2026-09-18-2.csv,f69c09277a61d9d056f5b005be98bbfdeb1abfcf178b7087880a926cf58a6466,2301634,8695,8694,lignes,2026-09-18,vitrine,6e6d44945e,non
atmart_indicateurs_communes_HT.csv,2026-09-18,archives/atmart_indicateurs_communes_HT/2026-09-18-3.csv,d0248794b9777a14ccf31d160251b23fe838a4bb9c161a9763b8b8eef5dcf908,2403309,8975,8974,lignes,2026-09-18,vitrine,e069fceae1,non
atmart_indicateurs_communes_HT.csv,2026-09-19,archives/atmart_indicateurs_communes_HT/2026-09-19.csv,d0cb575f64dc909c1d38948b96fa109f44bb2964c1f5770743187238c4187d6c,2811522,10361,10360,lignes,2026-09-19,vitrine,14ffb023e6,non
atmart_indicateurs_communes_HT.csv,2026-09-19,archives/atmart_indicateurs_communes_HT/2026-09-19-2.csv,e9c3342f44b8e0ebc7822a2870a4d81c8cb7766a61f8d2e5e2d9d19d5b6d117b,3022826,10950,10949,lignes,2026-09-19,vitrine,6fc2a4f25d,non
atmart_indicateurs_communes_HT.csv,2026-09-19,archives/atmart_indicateurs_communes_HT/2026-09-19-3.csv,beaaf0025ad8e2f822bfdc05b784c23d0c43e9f836e4738215024498546c51bc,3132072,11277,11276,lignes,2026-09-19,vitrine,f95c72d3f5,non
atmart_indicateurs_communes_HT.csv,2026-09-19,archives/atmart_indicateurs_communes_HT/2026-09-19-4.csv,c9df688a3518080c38ae9999bfca5cb7e74f3357b990926781a2cf679085e655,3207968,11475,11474,lignes,2026-09-19,vitrine,4e3181bdcf,non
atmart_indicateurs_communes_HT.csv,2026-09-19,archives/atmart_indicateurs_communes_HT/2026-09-19-5.csv,16f866ad4d7d694fbd79203d062462e313bbef9daccba2702a6e61f2b8e892b3,3469001,12298,12297,lignes,2026-09-19,vitrine,5391975073,non
atmart_indicateurs_communes_HT.csv,2026-09-19,archives/atmart_indicateurs_communes_HT/2026-09-19-6.csv,859835267c69826eef77576943e117c63c5bd570a607c28d94f7eb071f8def34,3534468,12499,12498,lignes,2026-09-19,vitrine,bd529fd93e,non
atmart_indicateurs_communes_HT.csv,2026-09-20,archives/atmart_indicateurs_communes_HT/2026-09-20.csv,237c0a264a86f1018ca052603224a16e4033f7f7fd9a8b67dabfad40484e5c5d,3552932,12556,12555,lignes,2026-09-20,vitrine,160cc5d927,non
atmart_indicateurs_communes_HT.csv,2026-09-20,archives/atmart_indicateurs_communes_HT/2026-09-20-2.csv,f145bcd0c6734a07396c0eb6d29a2581dc06d883daeba2a7d511507c6ae6a9b3,3750244,13116,13115,lignes,2026-09-20,vitrine,77b5c94307,non
atmart_indicateurs_communes_HT.csv,2026-09-20,archives/atmart_indicateurs_communes_HT/2026-09-20-3.csv,73d5d8e705bbf679b0b17a7f3667aa07a94b725689ff36fdf0e3946fb1a24db7,3888470,13534,13533,lignes,2026-09-20,vitrine,fc7bdc60a8,non
atmart_indicateurs_communes_HT.csv,2026-09-20,archives/atmart_indicateurs_communes_HT/2026-09-20-4.csv,c013662d8254f543fce36a09946e82bc8f1d847150119aeea40d57016610b15b,3922636,13628,13627,lignes,2026-09-20,vitrine,4c4c7fdad6,non
atmart_indicateurs_communes_HT.csv,2026-09-21,archives/atmart_indicateurs_communes_HT/2026-09-21.csv,0ab637807715c7256e03055948a4db2d80b1d604c497fd2c95e73d05a4454b5e,4159039,14352,14351,lignes,2026-09-21,vitrine,38c039b460,non
atmart_indicateurs_communes_HT.csv,2026-09-22,archives/atmart_indicateurs_communes_HT/2026-09-22.csv,83f923ae873ecb78751f9c0cb4fd5f0bb4aa14b616d8b986cd11f252fa8732da,4466089,15052,15051,lignes,2026-09-22,vitrine,69efa5434c,non
atmart_indicateurs_communes_HT.csv,2026-09-24,archives/atmart_indicateurs_communes_HT/2026-09-24.csv,d5bc97c8c55f8acfe551fe0ab95967717b8ccb794aaf50cb9aa323cc0fb8d272,4587145,15332,15331,lignes,2026-09-24,vitrine,73cc808cf0,non
atmart_indicateurs_communes_HT.csv,2026-09-25,archives/atmart_indicateurs_communes_HT/2026-09-25.csv,9d4e05aeff8d22b64464f846e4951478fc38993d1683e0a6f10a12d2b1bb4a63,4604948,15376,15375,lignes,2026-09-25,vitrine,e4c0425383,oui
atmart_indicateurs_national_HT.csv,2026-08-14,archives/atmart_indicateurs_national_HT/2026-08-14.csv,c1cbff8aaf7ba1776ee4616f581301c23b6f4912f6be5a8ac6fac28c90fe1f3b,1458,3,2,lignes,2026-08-14,vitrine,b78e81720f,oui
atmart_infrastructures_communes_HT.csv,2026-08-14,archives/atmart_infrastructures_communes_HT/2026-08-14.csv,2849b2f654063368aa857538ce7d284bb05a81a0d0b72ff80f0f14c739ffda41,227673,1896,1895,lignes,2026-08-14,vitrine,5eda4cfd6c,non
atmart_infrastructures_communes_HT.csv,2026-08-14,archives/atmart_infrastructures_communes_HT/2026-08-14-2.csv,fdf9d62261d58806ea9729ad5b8f0e1b29065e5b17a4c7581317336c00bcf0ef,228174,1900,1899,lignes,2026-08-14,vitrine,e16c179eaf,non
atmart_infrastructures_communes_HT.csv,2026-08-15,archives/atmart_infrastructures_communes_HT/2026-08-15.csv,2ea96630d7b2ca9a2fb91677f08e84db6f5770179d7329ea7608929e7866c45d,258325,2119,2118,lignes,2026-08-15,vitrine,72b261b108,oui
atmart_inscrits_2015_communes_HT.csv,2026-09-18,archives/atmart_inscrits_2015_communes_HT/2026-09-18.csv,c5b898f01a9bf0285886625d64f4ca7bee0475ec38236899420f2ee20bb16e1c,32798,141,140,lignes,2026-09-18,vitrine,7cf9c27735,oui
atmart_ipc_HT.csv,2026-08-14,archives/atmart_ipc_HT/2026-08-14.csv,c61678bce2b86e0b787b819c920f3052a51e892685a16c04dabd6e2905c94bed,58374,211,210,lignes,2026-08-14,vitrine,c736bd8eac,oui
atmart_ipc_regions.json,2026-08-21,archives/atmart_ipc_regions/2026-08-21.json,99baa8da72067f76df7da8ab386709d2f715f35a474bd8d4dc073f1766c40962,8815,0,140,entrées,2026-08-21,vitrine,8f81f55118,non
atmart_ipc_regions.json,2026-08-21,archives/atmart_ipc_regions/2026-08-21-2.json,c9db17aeb9309fca3f7ca1cde7d5de215f47bbca1aa9d8735eff6f0845f6f07f,8884,0,140,entrées,2026-08-21,vitrine,88834c2a5b,non
atmart_ipc_regions.json,2026-08-22,archives/atmart_ipc_regions/2026-08-22.json,0708ba5ff97681b7b3e8f59fd34dabe593efca27a3d0734909f8f142d85b70e9,8869,0,140,entrées,2026-08-22,vitrine,66ce8011a0,oui
atmart_ipc_regions_HT.csv,2026-08-21,archives/atmart_ipc_regions_HT/2026-08-21.csv,344f0f0160176ce613814502a4289dff3e2ec16dd0a17126476f5dcfa0cbf393,3356,21,20,lignes,2026-08-21,vitrine,8f81f55118,non
atmart_ipc_regions_HT.csv,2026-08-22,archives/atmart_ipc_regions_HT/2026-08-22.csv,9cc316c30a2768fa42dd65a147fd715abe7ce29fdabb6cdbf624e6a8bb249eb1,3296,21,20,lignes,2026-08-22,vitrine,66ce8011a0,oui
atmart_ipc_regions_communes_HT.csv,2026-08-21,archives/atmart_ipc_regions_communes_HT/2026-08-21.csv,643b69bc25573d350b9147a0c2a0dff6922f8dd069486895ffdd4e43bfe64a24,132621,141,140,lignes,2026-08-21,vitrine,8f81f55118,non
atmart_ipc_regions_communes_HT.csv,2026-08-22,archives/atmart_ipc_regions_communes_HT/2026-08-22.csv,5fdae7cf2e4193707eba04eddbc66fe6476a5bd45b80f434b5929007d5f63319,132256,141,140,lignes,2026-08-22,vitrine,66ce8011a0,oui
atmart_licences.json,2026-08-22,archives/atmart_licences/2026-08-22.json,dd2d5ec0edd078d9beed1bf29a1421b35d822ca2819c7ab5e1a22f182451b64d,18966,675,,,2026-08-22,vitrine,5198a9223d,non
atmart_licences.json,2026-08-23,archives/atmart_licences/2026-08-23.json,1f11099410e00ac4444aa1bf47ac04010c5f01ac4780893496f2efd3d1968279,20470,713,,,2026-08-23,vitrine,6c2a1d8ac8,non
atmart_licences.json,2026-08-23,archives/atmart_licences/2026-08-23-2.json,910f91575eadfa63a1ed6a771e88eedfef903b68665f240ca0a2393bcb369c2e,21198,737,,,2026-08-23,vitrine,7aa251bc4a,non
atmart_licences.json,2026-08-24,archives/atmart_licences/2026-08-24.json,3e6dd1752776d52afbbbda9d81d29e34b4f5789ef01747dc2bf6a6de12f285ca,21786,761,,,2026-08-24,vitrine,ef1dcae893,non
atmart_licences.json,2026-08-24,archives/atmart_licences/2026-08-24-2.json,bf06478b9c4884ff38397deeb53ab7c8d449c2ab1c3dab0cfb1f4a8002cda216,22409,785,,,2026-08-24,vitrine,5d67fe4843,non
atmart_licences.json,2026-08-25,archives/atmart_licences/2026-08-25.json,2ecded26907f28caea0ff864391c7b15d1d11d3a5fd7d3753d8001935141f46c,22863,801,,,2026-08-25,vitrine,c973af390d,non
atmart_licences.json,2026-08-25,archives/atmart_licences/2026-08-25-2.json,879760d4f0cbd23725d78b62daeb31926624dc5a88bc25d5ab6cbd2d36fd9511,24317,857,,,2026-08-25,vitrine,3ed650bf90,non
atmart_licences.json,2026-08-25,archives/atmart_licences/2026-08-25-3.json,a202ebed6cff2d7e7366d3f1ae20ffc8fc30d3704ccda8851ed2dc2114fd0a62,25516,897,,,2026-08-25,vitrine,89499aafb2,non
atmart_licences.json,2026-08-25,archives/atmart_licences/2026-08-25-4.json,07d5d8ee8d190a6b2a30113f474ac0f875af831164edd850ffb844a6c4e1ef56,25771,905,,,2026-08-25,vitrine,2244cf0d92,non
atmart_licences.json,2026-08-25,archives/atmart_licences/2026-08-25-5.json,f71fc2aab5d9e52fa5ffea7d79fd47faf8c68de0374836ac91b8fbaffb267b18,26372,927,,,2026-08-25,vitrine,5e9213b95d,non
atmart_licences.json,2026-08-25,archives/atmart_licences/2026-08-25-6.json,2a990ee6a39d8f32937458b4bbc8692caf1220e96eb29555fc0e7834c85117db,26860,943,,,2026-08-25,vitrine,8eaf0b2943,non
atmart_licences.json,2026-08-25,archives/atmart_licences/2026-08-25-7.json,27dc2cacc0d741f267f2c9fd83c5c1caf32ad6317c52a3798eac507291bbd48d,27366,959,,,2026-08-25,vitrine,ad03d03fd7,non
atmart_licences.json,2026-08-25,archives/atmart_licences/2026-08-25-8.json,4e6313f123515c7f7120c8d9758602a14ce5bb2b0c1195c51210f7c20aeaeae2,27967,976,,,2026-08-25,vitrine,8077a237fd,non
atmart_licences.json,2026-08-26,archives/atmart_licences/2026-08-26.json,a5567c6cefa25a7e3e776f33ecbae5d6fdb766097f713b1ed7fd64ae9ab4a4bb,28465,992,,,2026-08-26,vitrine,42e12fd579,non
atmart_licences.json,2026-08-26,archives/atmart_licences/2026-08-26-2.json,21dd57e9f79aa1190491d81ca5d1c130650df9a437584606caca120f0508fd63,27959,976,,,2026-08-26,vitrine,95b926e7b6,non
atmart_licences.json,2026-08-26,archives/atmart_licences/2026-08-26-3.json,aa9be1bea1b51b5b8ec4c1359b1f7d0a4dcb8d2c16dec583c3c613919d01de31,28540,998,,,2026-08-26,vitrine,7a13592174,non
atmart_licences.json,2026-08-26,archives/atmart_licences/2026-08-26-4.json,981c42885ce8c10492a5112f26a3190495a15674d82b063ca583569bfad3065e,29010,1014,,,2026-08-26,vitrine,d263500b95,non
atmart_licences.json,2026-08-26,archives/atmart_licences/2026-08-26-5.json,3491efa4fe6aba1fd3e3a1181e2fb4e40145b407011bd6dfb4246a630750e073,29221,1022,,,2026-08-26,vitrine,8a4a9f4388,non
atmart_licences.json,2026-09-04,archives/atmart_licences/2026-09-04.json,652fc5e4b53352200f5c08b7a665e51e3dcaa63cd71d8904d585a1bf54f2d0c7,29579,1038,,,2026-09-04,vitrine,14bb5b1d9b,non
atmart_licences.json,2026-09-18,archives/atmart_licences/2026-09-18.json,a365338480f3c047e721a77699069104046153941c9042d3b683c9a4269a7fa2,30771,1080,,,2026-09-18,vitrine,7cf9c27735,non
atmart_licences.json,2026-09-18,archives/atmart_licences/2026-09-18-2.json,09715a92097d76c7e33bc1d8310affbac75da263042b332f2057c545922ae404,31009,1089,,,2026-09-18,vitrine,6e6d44945e,non
atmart_licences.json,2026-09-18,archives/atmart_licences/2026-09-18-3.json,fec5eb385da86173d85200f4b86ace2b784452655eb3507a085f5a7969d662e4,31566,1106,,,2026-09-18,vitrine,e069fceae1,non
atmart_licences.json,2026-09-18,archives/atmart_licences/2026-09-18-4.json,b8379a1497a987039288249276c626699557b84fea90b206ef8aff2f9466945f,32816,1143,,,2026-09-18,vitrine,de037cc762,non
atmart_licences.json,2026-09-19,archives/atmart_licences/2026-09-19.json,a05023a8b47769340706f3bb46a43958dcab8b68a7c89fd265565cf4797d6c7d,33086,1148,,,2026-09-19,vitrine,14ffb023e6,non
atmart_licences.json,2026-09-19,archives/atmart_licences/2026-09-19-2.json,d33fb04b82aa31edf2f41965b59c4700dfe91a1423b26d560fb57ea2e292521e,33131,1151,,,2026-09-19,vitrine,6fc2a4f25d,non
atmart_licences.json,2026-09-19,archives/atmart_licences/2026-09-19-3.json,a91de018b9f59c95797529c4c7a374706aa1b3ebc85111861ee4f4db01fe4428,33185,1153,,,2026-09-19,vitrine,f95c72d3f5,non
atmart_licences.json,2026-09-19,archives/atmart_licences/2026-09-19-4.json,c6da6f7da2b48008e2e090d9371e381fe74532aede3e64630f70829a537fe376,33288,1155,,,2026-09-19,vitrine,4e3181bdcf,non
atmart_licences.json,2026-09-19,archives/atmart_licences/2026-09-19-5.json,28f8e5d86783b020219a38fd0b13238f0e50532f84281fec87fde4b6c5b7db2d,33350,1157,,,2026-09-19,vitrine,5391975073,non
atmart_licences.json,2026-09-20,archives/atmart_licences/2026-09-20.json,00b99b66ea3122c280e44c3d95376b38dbfd343832c7207f76810d71b5c8bb9d,33031,1148,,,2026-09-20,vitrine,160cc5d927,non
atmart_licences.json,2026-09-20,archives/atmart_licences/2026-09-20-2.json,ea9e4a8129d4762f8f335313de7026023408435e9f8e94f2b0b0f58a8562875d,33422,1158,,,2026-09-20,vitrine,f47f5536e7,non
atmart_licences.json,2026-09-20,archives/atmart_licences/2026-09-20-3.json,3a1961a55a8b4a5bb30334aa07a074d3997da2007855c903b59a597cb5aa562b,33204,1150,,,2026-09-20,vitrine,32b761c226,non
atmart_licences.json,2026-09-20,archives/atmart_licences/2026-09-20-4.json,e62df7dde2e864334a450b40b144c6ef2ec34c2b8bb852849ee72faa6c96fa10,33523,1159,,,2026-09-20,vitrine,4c4c7fdad6,non
atmart_licences.json,2026-09-20,archives/atmart_licences/2026-09-20-5.json,93c3a904d8bf28cf1ad776df2d15811893b7c533b4dff170fb6d8ab23783f593,33258,1151,,,2026-09-20,vitrine,042a825da6,non
atmart_licences.json,2026-09-21,archives/atmart_licences/2026-09-21.json,5b9bcc7fc24cfab13967829105327dceb19ef757a771e82679076f5abd6781ce,33948,1163,,,2026-09-21,vitrine,38c039b460,non
atmart_licences.json,2026-09-21,archives/atmart_licences/2026-09-21-2.json,042608556ab2e7837d9dd6244e4629d36866f2d663ac6dd53fefeedf6f77a989,33644,1155,,,2026-09-21,vitrine,2ce749b655,non
atmart_licences.json,2026-09-21,archives/atmart_licences/2026-09-21-3.json,a82f32a8a0f0fd78a8760a2850cb2c359d6460d38b270c32831d9a860663eeec,33963,1164,,,2026-09-21,vitrine,255e1e9bc6,non
atmart_licences.json,2026-09-21,archives/atmart_licences/2026-09-21-4.json,592adec4beab188b0af8c76196622b736f4b48db3e6a42fa61489c0f76ffd950,34159,1172,,,2026-09-21,vitrine,adb7c5a0a2,non
atmart_licences.json,2026-09-21,archives/atmart_licences/2026-09-21-5.json,f46215b2b111f36df2ce2dd27556507d3d69ec0755329e22b507b874323b73c6,33840,1163,,,2026-09-21,vitrine,e97d65fd55,non
atmart_licences.json,2026-09-21,archives/atmart_licences/2026-09-21-6.json,5b9ff7455d35c8fd706a34fd0038ce570a4a66713b5b5fae24532e05515b017f,32948,1141,,,2026-09-21,vitrine,8f0e9b45c6,non
atmart_licences.json,2026-09-21,archives/atmart_licences/2026-09-21-7.json,8cccf320e056bad315ff0d3d2c344ed03e928f0fb952bcf20b5a9c2608b5e8e5,34260,1173,,,2026-09-21,vitrine,80b0b724d7,non
atmart_licences.json,2026-09-21,archives/atmart_licences/2026-09-21-8.json,dcd88e9878de2109a310ee10b8f3ba24ed44790084a306693c61e31f1afe835c,34504,1181,,,2026-09-21,vitrine,c54de51256,non
atmart_licences.json,2026-09-21,archives/atmart_licences/2026-09-21-9.json,757e6ed7075e72fd667a2a9f91a3569cdcbf18b27397a106d16908d32ecbf2be,34534,1183,,,2026-09-21,vitrine,f4ae3d4880,non
atmart_licences.json,2026-09-22,archives/atmart_licences/2026-09-22.json,c6b6990877cccd3f43e0377e60508ddde257cf13ffd5e9b247a552e1e369ea0d,34595,1184,,,2026-09-22,vitrine,69efa5434c,non
atmart_licences.json,2026-09-23,archives/atmart_licences/2026-09-23.json,0d9a257b5ac03c8f1b4ea020df5edf9d9153ddba10b652b4ef407593cb589b47,34782,1192,,,2026-09-23,vitrine,b0ba2686b2,non
atmart_licences.json,2026-09-24,archives/atmart_licences/2026-09-24.json,3222903a76ec576372d9a7a75c41ef5fe03319ce83219192c31180632d464f8e,34946,1200,,,2026-09-24,vitrine,3a7188930f,non
atmart_licences.json,2026-09-24,archives/atmart_licences/2026-09-24-2.json,b9f11e1f9f4e04462ade82eb75dce8cde09f0fb237c2856f8976315480f40d68,35292,1216,,,2026-09-24,vitrine,7090486c05,non
atmart_licences.json,2026-09-24,archives/atmart_licences/2026-09-24-3.json,8cba4311c85e856889285895f761b47ea5c41f93af293ced755f3d9983d336ce,35620,1225,,,2026-09-24,vitrine,73cc808cf0,non
atmart_licences.json,2026-09-25,archives/atmart_licences/2026-09-25.json,2233e1378a3183be41be5f6dad7c9f6763ab62d0b97382b13c8ec84b6e39c510,35769,1231,,,2026-09-25,vitrine,c728a6855b,non
atmart_licences.json,2026-09-25,archives/atmart_licences/2026-09-25-2.json,ac9516a9e74d389c416eaa321708edfb82557a6163bd5e670a10eeeb46eff1bc,36633,1263,,,2026-09-25,vitrine,3da6826e8e,oui
atmart_licences.json,2026-08-23,archives/atmart_licences/2026-08-23-3.json,3fbe2f7c89f249d64b15fbf0152bc58ef4b637fa117b9ca018d574223656d951,19526,691,,,2026-08-23,site,71b6010f36,non
atmart_licences_donnees_HT.csv,2026-08-22,archives/atmart_licences_donnees_HT/2026-08-22.csv,60f62aacdf42b6dea8769cc811a07da8a3151bb198b788e414041c96d0b414a4,21568,83,82,lignes,2026-08-22,vitrine,5198a9223d,non
atmart_licences_donnees_HT.csv,2026-08-23,archives/atmart_licences_donnees_HT/2026-08-23.csv,9de549ee1b429576d6f9e38ebf04cdba78997c5d6fccbcfab916dd56e22f9e8b,23273,88,87,lignes,2026-08-23,vitrine,6c2a1d8ac8,non
atmart_licences_donnees_HT.csv,2026-08-23,archives/atmart_licences_donnees_HT/2026-08-23-2.csv,2ba87caed9b4653ce3f63dc428bd508876dce8e47964e87163fcb7bdab215edb,23916,91,90,lignes,2026-08-23,vitrine,7aa251bc4a,non
atmart_licences_donnees_HT.csv,2026-08-24,archives/atmart_licences_donnees_HT/2026-08-24.csv,cc56bce35a3b2658fc9af03ba5391be183b6d505aa0afc3efeda3b5cb4c3f9be,24672,94,93,lignes,2026-08-24,vitrine,ef1dcae893,non
atmart_licences_donnees_HT.csv,2026-08-24,archives/atmart_licences_donnees_HT/2026-08-24-2.csv,06378adfd6e1f44112d6346c732c21a44eb4d4bc989cc68f15b7093aa810918a,25651,97,96,lignes,2026-08-24,vitrine,5d67fe4843,non
atmart_licences_donnees_HT.csv,2026-08-25,archives/atmart_licences_donnees_HT/2026-08-25.csv,b74f1dd49f91257c9f018934dbd7e5216dbc6232881f164d8f0e0c575bac4698,26883,99,98,lignes,2026-08-25,vitrine,c973af390d,non
atmart_licences_donnees_HT.csv,2026-08-25,archives/atmart_licences_donnees_HT/2026-08-25-2.csv,49fade56628030c32c7246d1ceb78e902b8a00c6061b1f042f0f5af093c122a1,29125,106,105,lignes,2026-08-25,vitrine,3ed650bf90,non
atmart_licences_donnees_HT.csv,2026-08-25,archives/atmart_licences_donnees_HT/2026-08-25-3.csv,7a7ca31ef5509ab8ad746e14f048311b3be8c8fbfa9c3fb436d29603b4ab4e6d,30857,111,110,lignes,2026-08-25,vitrine,89499aafb2,non
atmart_licences_donnees_HT.csv,2026-08-25,archives/atmart_licences_donnees_HT/2026-08-25-4.csv,2c4e89dc835bc14fc39dbcd7514e02117586ee4d10281c115e0b7c623980a2f8,31355,112,111,lignes,2026-08-25,vitrine,2244cf0d92,non
atmart_licences_donnees_HT.csv,2026-08-25,archives/atmart_licences_donnees_HT/2026-08-25-5.csv,aad58c4db58187bda1508e35e0801c1448fc8610b6a80094fea901315cc78969,31985,115,114,lignes,2026-08-25,vitrine,5e9213b95d,non
atmart_licences_donnees_HT.csv,2026-08-25,archives/atmart_licences_donnees_HT/2026-08-25-6.csv,c2294cde8fa3a4acaeb05bca72024e56e3143b8ffd04e829972343cb26add2ba,32975,117,116,lignes,2026-08-25,vitrine,8eaf0b2943,non
atmart_licences_donnees_HT.csv,2026-08-25,archives/atmart_licences_donnees_HT/2026-08-25-7.csv,da2ecbc2edfcfac296be38e83988619494037bfcb84024d067df0990e2497fa7,33979,119,118,lignes,2026-08-25,vitrine,ad03d03fd7,non
atmart_licences_donnees_HT.csv,2026-08-25,archives/atmart_licences_donnees_HT/2026-08-25-8.csv,81aa729d00dbb8dcaf2b904207a36bd0289788bf3933490e78b327e2959b6887,35104,121,120,lignes,2026-08-25,vitrine,8077a237fd,non
atmart_licences_donnees_HT.csv,2026-08-26,archives/atmart_licences_donnees_HT/2026-08-26.csv,3eaf5b91a0d49c793cc73110e60e5427b335edced96fa1f5f17c049fa6fc2784,36104,123,122,lignes,2026-08-26,vitrine,42e12fd579,non
atmart_licences_donnees_HT.csv,2026-08-26,archives/atmart_licences_donnees_HT/2026-08-26-2.csv,3b24a8b72e3327806d27147bc2dcb8a2ada019ebf7a581e4c8fb48f6c33ff7fc,35100,121,120,lignes,2026-08-26,vitrine,95b926e7b6,non
atmart_licences_donnees_HT.csv,2026-08-26,archives/atmart_licences_donnees_HT/2026-08-26-3.csv,30f94672d635f13c68e6489bfecba6b8b5e3c33255beeefcdcf87055b8777113,35720,124,123,lignes,2026-08-26,vitrine,7a13592174,non
atmart_licences_donnees_HT.csv,2026-08-26,archives/atmart_licences_donnees_HT/2026-08-26-4.csv,855aacc988b6ce80c236a94e88fa3195f6bee81af351300f1ffc0cd9463fefec,36116,126,125,lignes,2026-08-26,vitrine,d263500b95,non
atmart_licences_donnees_HT.csv,2026-08-26,archives/atmart_licences_donnees_HT/2026-08-26-5.csv,ba6a7c71b6638f0283e69e3d7af8b90bb20a023c7f29fe63ab51b4d3bcce306d,36302,127,126,lignes,2026-08-26,vitrine,8a4a9f4388,non
atmart_licences_donnees_HT.csv,2026-09-04,archives/atmart_licences_donnees_HT/2026-09-04.csv,18bfccd752748e6b12ade580f5504cf97e5b2b6a10a59c4df3f4d7cb0b430dab,36596,129,128,lignes,2026-09-04,vitrine,14bb5b1d9b,non
atmart_licences_donnees_HT.csv,2026-09-18,archives/atmart_licences_donnees_HT/2026-09-18.csv,e05978e9300b68bb551520fcf4fce12b65ea88f140544ace4008adec46ce6be1,37976,134,133,lignes,2026-09-18,vitrine,7cf9c27735,non
atmart_licences_donnees_HT.csv,2026-09-18,archives/atmart_licences_donnees_HT/2026-09-18-2.csv,757473927d21019444f9d62b4116e1ad940db8c318cd3c40bc6bc23a51aa254c,38282,135,134,lignes,2026-09-18,vitrine,6e6d44945e,non
atmart_licences_donnees_HT.csv,2026-09-18,archives/atmart_licences_donnees_HT/2026-09-18-3.csv,f41c502aa74707645309dd066920a2a239f9d6e5ab25ddc3caa112e334bdd1b5,38961,137,136,lignes,2026-09-18,vitrine,e069fceae1,non
atmart_licences_donnees_HT.csv,2026-09-18,archives/atmart_licences_donnees_HT/2026-09-18-4.csv,ea7dc68251bb89e9f916df33e1cb31c2d0e75f7f25ce6fc71d1475b40920dc48,40152,138,137,lignes,2026-09-18,vitrine,de037cc762,non
atmart_licences_donnees_HT.csv,2026-09-19,archives/atmart_licences_donnees_HT/2026-09-19.csv,d461a3fd1c0a40ecfe646e7c7c4689ad971990e64611a5abca4f395efe502534,40555,138,137,lignes,2026-09-19,vitrine,14ffb023e6,non
atmart_licences_donnees_HT.csv,2026-09-19,archives/atmart_licences_donnees_HT/2026-09-19-2.csv,b84838a6456c8a8470fb3daf2042e59637943831b3be28745c53cf5066437853,40612,138,137,lignes,2026-09-19,vitrine,6fc2a4f25d,non
atmart_licences_donnees_HT.csv,2026-09-19,archives/atmart_licences_donnees_HT/2026-09-19-3.csv,d309ccd2ac1cdca5b8ca28aeac6b6c9a38a4873d8b2eaf7d8ed5ec3ca8ab8977,40652,138,137,lignes,2026-09-19,vitrine,f95c72d3f5,non
atmart_licences_donnees_HT.csv,2026-09-19,archives/atmart_licences_donnees_HT/2026-09-19-4.csv,8f65ef68690240a15831e1d2439207ffba477f2df6082e8abb276803ed79b25f,40741,138,137,lignes,2026-09-19,vitrine,4e3181bdcf,non
atmart_licences_donnees_HT.csv,2026-09-19,archives/atmart_licences_donnees_HT/2026-09-19-5.csv,aea8840809411b71dba2ea463ab4e6dc1c7cb6c21ba4594732621a43f13fe5e1,40841,138,137,lignes,2026-09-19,vitrine,5391975073,non
atmart_licences_donnees_HT.csv,2026-09-19,archives/atmart_licences_donnees_HT/2026-09-19-6.csv,0739965f23af525ef9d10ddba5e8bbe1328a4f696c9cc5f591df4dee0b90cb17,40841,138,137,lignes,2026-09-19,vitrine,bd529fd93e,non
atmart_licences_donnees_HT.csv,2026-09-20,archives/atmart_licences_donnees_HT/2026-09-20.csv,1d5ca68f1d1a5d49536c6ccf70669b6299b5a238128045e798c9db744ff9d56c,40566,137,136,lignes,2026-09-20,vitrine,160cc5d927,non
atmart_licences_donnees_HT.csv,2026-09-20,archives/atmart_licences_donnees_HT/2026-09-20-2.csv,d4f8e0bda5050b5c229414efd136096a8771859181db26183bc5153c271b94c5,40927,138,137,lignes,2026-09-20,vitrine,f47f5536e7,non
atmart_licences_donnees_HT.csv,2026-09-20,archives/atmart_licences_donnees_HT/2026-09-20-3.csv,4eb11e99cd4fd82a3f30e83cd08cdb4edaeca0f96bbea5d76a990734e3b7521d,40746,137,136,lignes,2026-09-20,vitrine,32b761c226,non
atmart_licences_donnees_HT.csv,2026-09-20,archives/atmart_licences_donnees_HT/2026-09-20-4.csv,48ba14dab34f869af85b1676891d962e2a50cba0163535ffaf15068b4dd2c28a,41021,138,137,lignes,2026-09-20,vitrine,4c4c7fdad6,non
atmart_licences_donnees_HT.csv,2026-09-20,archives/atmart_licences_donnees_HT/2026-09-20-5.csv,801e1f30d1d979515c5f6147af6de4c2d4281ffced0f2c1af2d3434dc57c264f,40793,137,136,lignes,2026-09-20,vitrine,042a825da6,non
atmart_licences_donnees_HT.csv,2026-09-21,archives/atmart_licences_donnees_HT/2026-09-21.csv,c349378d759ae15a124f2231e4ab01e010463b5e09659407896096381deff9df,41464,138,137,lignes,2026-09-21,vitrine,38c039b460,non
atmart_licences_donnees_HT.csv,2026-09-21,archives/atmart_licences_donnees_HT/2026-09-21-2.csv,b0ec0b793c689b1a561245d89932edf15027957487550c2fb0e5b410298da9cd,41197,137,136,lignes,2026-09-21,vitrine,2ce749b655,non
atmart_licences_donnees_HT.csv,2026-09-21,archives/atmart_licences_donnees_HT/2026-09-21-3.csv,cd1c23522150abaad47ca5c991d1e66f68d923628c97073e64d783bb8891058d,41472,138,137,lignes,2026-09-21,vitrine,255e1e9bc6,non
atmart_licences_donnees_HT.csv,2026-09-21,archives/atmart_licences_donnees_HT/2026-09-21-4.csv,56605ddd21f337df41df5679717eed90edfe43a32cac1ed2e4a56e6d72314c8c,41641,139,138,lignes,2026-09-21,vitrine,adb7c5a0a2,non
atmart_licences_donnees_HT.csv,2026-09-21,archives/atmart_licences_donnees_HT/2026-09-21-5.csv,d812f35758d803411854f1bc4328131204c0ad0a12c6ce39c887180542bbc9ee,41366,138,137,lignes,2026-09-21,vitrine,e97d65fd55,non
atmart_licences_donnees_HT.csv,2026-09-21,archives/atmart_licences_donnees_HT/2026-09-21-6.csv,2eb4c9aaf9fdab75c309d9a85dbb7f30d55c31975ffe0f6f565f5d285d23b9ca,39951,136,135,lignes,2026-09-21,vitrine,8f0e9b45c6,non
atmart_licences_donnees_HT.csv,2026-09-21,archives/atmart_licences_donnees_HT/2026-09-21-7.csv,3cc2bd15198415c7503023426c521025dbec95816263577fa5b92b9aa0fd2436,41740,139,138,lignes,2026-09-21,vitrine,80b0b724d7,non
atmart_licences_donnees_HT.csv,2026-09-21,archives/atmart_licences_donnees_HT/2026-09-21-8.csv,fe22aba53a3c91f577794efae5e3749e5b4e3c5e6fcfa5adf38eb0c10a1c759a,41942,140,139,lignes,2026-09-21,vitrine,c54de51256,non
atmart_licences_donnees_HT.csv,2026-09-21,archives/atmart_licences_donnees_HT/2026-09-21-9.csv,669e039745c7d77801ae3e6431a4ba11c74c12f79444c713d867bb1d2fc97f3c,41958,140,139,lignes,2026-09-21,vitrine,f4ae3d4880,non
atmart_licences_donnees_HT.csv,2026-09-22,archives/atmart_licences_donnees_HT/2026-09-22.csv,f2a05b4592e04239a4a9794ff3dcfdd74e62e03f6d729efac4acc52c74de74c4,42055,140,139,lignes,2026-09-22,vitrine,69efa5434c,non
atmart_licences_donnees_HT.csv,2026-09-23,archives/atmart_licences_donnees_HT/2026-09-23.csv,97d946d8e69ed894253e1217d73076a4fb1a547857aac99d2cdc74517db6f140,42209,141,140,lignes,2026-09-23,vitrine,b0ba2686b2,non
atmart_licences_donnees_HT.csv,2026-09-24,archives/atmart_licences_donnees_HT/2026-09-24.csv,ddca848b08d6bf60654993c8f86d256198b1f2ecf68277bce015fc14a20200ff,42343,142,141,lignes,2026-09-24,vitrine,3a7188930f,non
atmart_licences_donnees_HT.csv,2026-09-24,archives/atmart_licences_donnees_HT/2026-09-24-2.csv,abd528f5b568134cb4187c5994601abddb4acfcbd21e3eb60ea609e05266868e,42619,144,143,lignes,2026-09-24,vitrine,7090486c05,non
atmart_licences_donnees_HT.csv,2026-09-24,archives/atmart_licences_donnees_HT/2026-09-24-3.csv,de7bf0a91f1bd06c6f66d7bade76411510320941db622ad9944f130dea95ae22,42896,145,144,lignes,2026-09-24,vitrine,73cc808cf0,non
atmart_licences_donnees_HT.csv,2026-09-25,archives/atmart_licences_donnees_HT/2026-09-25.csv,e7c0dc8fa91e191baaf3ab7ce7665cd17ee5fcb81d275dcd47d33178c9788920,42896,145,144,lignes,2026-09-25,vitrine,e4c0425383,non
atmart_licences_donnees_HT.csv,2026-09-25,archives/atmart_licences_donnees_HT/2026-09-25-2.csv,b83294500e1ffa4632a95ad99c437ca430bf94a43b9d46ecbb5fbe5598ed132d,43139,146,145,lignes,2026-09-25,vitrine,c728a6855b,non
atmart_licences_donnees_HT.csv,2026-09-25,archives/atmart_licences_donnees_HT/2026-09-25-3.csv,756bb8ee0706a1aaec1f5aed5a6c039eb33a7bae116c15f8072034e8409f7aff,43831,150,149,lignes,2026-09-25,vitrine,3da6826e8e,oui
atmart_licences_donnees_HT.csv,2026-08-23,archives/atmart_licences_donnees_HT/2026-08-23-3.csv,4a315725f6c9935b361d64b9681b38871b48e0e79a92c08e0ce7aeadfeec3212,22134,85,84,lignes,2026-08-23,site,71b6010f36,non
atmart_licences_indicateurs_HT.csv,2026-09-18,archives/atmart_licences_indicateurs_HT/2026-09-18.csv,a0558655d2dac8acee4f694fc20131bed83dcb5ea5906ca329bd1ab590ed03ba,18895,77,76,lignes,2026-09-18,vitrine,de037cc762,non
atmart_licences_indicateurs_HT.csv,2026-09-19,archives/atmart_licences_indicateurs_HT/2026-09-19.csv,3f1438ac773392c02574ecbfe9679a2498f199ff644c9299b26e369b407523a3,22337,88,87,lignes,2026-09-19,vitrine,14ffb023e6,non
atmart_licences_indicateurs_HT.csv,2026-09-19,archives/atmart_licences_indicateurs_HT/2026-09-19-2.csv,e8d29d1255001d1e22d1dbd0feff7feb51594119f147ab25ddc17e49cf88d3f6,23946,93,92,lignes,2026-09-19,vitrine,6fc2a4f25d,non
atmart_licences_indicateurs_HT.csv,2026-09-19,archives/atmart_licences_indicateurs_HT/2026-09-19-3.csv,8339b449c6fe13ad82d374ecf2a21a044bf4a5a37dd7275c922e010e94386f75,24722,96,95,lignes,2026-09-19,vitrine,f95c72d3f5,non
atmart_licences_indicateurs_HT.csv,2026-09-19,archives/atmart_licences_indicateurs_HT/2026-09-19-4.csv,971bd26c58996f16476ac74e80bf5deb3fc676c1e14c75e8f85a14ef37d8a97a,25324,98,97,lignes,2026-09-19,vitrine,4e3181bdcf,non
atmart_licences_indicateurs_HT.csv,2026-09-19,archives/atmart_licences_indicateurs_HT/2026-09-19-5.csv,9258850b3acbce53eefb9a271e51787ffd805a8d5e0adba466650d8a174a0306,28154,106,105,lignes,2026-09-19,vitrine,5391975073,non
atmart_licences_indicateurs_HT.csv,2026-09-20,archives/atmart_licences_indicateurs_HT/2026-09-20.csv,ec4db96781a28fb16589d2ac865a5964e0a973ac75174da99de7907fe13782f9,29602,110,109,lignes,2026-09-20,vitrine,f47f5536e7,non
atmart_licences_indicateurs_HT.csv,2026-09-20,archives/atmart_licences_indicateurs_HT/2026-09-20-2.csv,ec4151e34c53902b34cc4a7d7a5addba63f2c594326934ad2f8b43a2fb45cce3,30517,113,112,lignes,2026-09-20,vitrine,32b761c226,non
atmart_licences_indicateurs_HT.csv,2026-09-20,archives/atmart_licences_indicateurs_HT/2026-09-20-3.csv,853c3829772c34f0cc1824a4c22338376fb7d640cb9782fce1360e78f18e0191,31071,115,114,lignes,2026-09-20,vitrine,042a825da6,non
atmart_licences_indicateurs_HT.csv,2026-09-21,archives/atmart_licences_indicateurs_HT/2026-09-21.csv,6e75d4d4d0eff88a21446c6c55e48fa0b9fba57e9c30b681f4192fa2bab97c3b,33300,121,120,lignes,2026-09-21,vitrine,38c039b460,non
atmart_licences_indicateurs_HT.csv,2026-09-21,archives/atmart_licences_indicateurs_HT/2026-09-21-2.csv,33f78c3e7492d5610de32826d2979024d7718fe36799a4e4292ca20edca90fcc,33201,121,120,lignes,2026-09-21,vitrine,2ce749b655,non
atmart_licences_indicateurs_HT.csv,2026-09-22,archives/atmart_licences_indicateurs_HT/2026-09-22.csv,71a55cb5ed7ed3a6a628953804d373b90b1ede829c596a180c994ba3439de6ec,36382,126,125,lignes,2026-09-22,vitrine,69efa5434c,non
atmart_licences_indicateurs_HT.csv,2026-09-24,archives/atmart_licences_indicateurs_HT/2026-09-24.csv,be2b1f3776f715d47abacbf780f8fab97ccce29d8faff3eb1b45bdb46129fafb,37078,128,127,lignes,2026-09-24,vitrine,73cc808cf0,non
atmart_licences_indicateurs_HT.csv,2026-09-25,archives/atmart_licences_indicateurs_HT/2026-09-25.csv,ee3fda6bfa90be2bbf47066b6dd31e184bd7d12778ed3666e280c031ab3f6d7e,37445,129,128,lignes,2026-09-25,vitrine,e4c0425383,oui
atmart_lieux_culte.json,2026-08-24,archives/atmart_lieux_culte/2026-08-24.json,b71c08f54f90007803522aa6108da29e1887a3affb78cd74482cc70c682ff6bc,6110,507,121,entrées,2026-08-24,vitrine,ef1dcae893,oui
atmart_lieux_culte_communes_HT.csv,2026-08-24,archives/atmart_lieux_culte_communes_HT/2026-08-24.csv,96d0ec8b6b07212df27c6de30128e20ecce1bc4c07b054f462a73b0d17be242c,44969,122,121,lignes,2026-08-24,vitrine,ef1dcae893,oui
atmart_marches_HT.geojson,2026-08-14,archives/atmart_marches_HT/2026-08-14.geojson,78f14c70f37dc828e76969be62cc58523da37ee1787a25b051924a0b5afbf39a,81466,3834,182,entités,2026-08-14,vitrine,bb6c64113c,oui
atmart_medias.json,2026-08-24,archives/atmart_medias/2026-08-24.json,88f04471e7af5ffd47b039847c57632fc0082b3ae197abd8e9d3ecf44fca9294,6089,421,80,entrées,2026-08-24,vitrine,5d67fe4843,oui
atmart_medias_communes_HT.csv,2026-08-24,archives/atmart_medias_communes_HT/2026-08-24.csv,3ad5153db95c7ca0925b85af0047d07d84c9c95c34170ab91de34ba6f20bdfb2,47384,81,80,lignes,2026-08-24,vitrine,5d67fe4843,oui
atmart_medias_stations_HT.csv,2026-08-24,archives/atmart_medias_stations_HT/2026-08-24.csv,ce32ea9975238329db62ce7534221fb0cd7ee1384bee59555bd2972e378ba53d,296655,807,806,lignes,2026-08-24,vitrine,5d67fe4843,oui
atmart_menages_transferts.json,2026-08-25,archives/atmart_menages_transferts/2026-08-25.json,c7fc38f905e53caa8e9ec4b5056defad16222987b4d9dc51744c69b55a2b88f5,1425,27,,,2026-08-25,vitrine,89499aafb2,non
atmart_menages_transferts.json,2026-08-25,archives/atmart_menages_transferts/2026-08-25-2.json,2646c73a8a709f5207bb98bd35b3adb2f061435bbbcbe4967eb3fe922c3b6ce2,1965,27,,,2026-08-25,vitrine,2244cf0d92,oui
atmart_menages_transferts_HT.csv,2026-08-25,archives/atmart_menages_transferts_HT/2026-08-25.csv,8960fda4d7dbd4d727f800052d1bd38f82f5206637e708c3682cca1137513d51,31523,83,82,lignes,2026-08-25,vitrine,89499aafb2,oui
atmart_millesimes_territoriaux.csv,2026-07-31,archives/atmart_millesimes_territoriaux/2026-07-31.csv,dabc3cfd5514e3921ff373d9a8f26f0f2410f531617d9af73e162fdb217dc325,71727,193,192,lignes,2026-07-31,vitrine,839e28e779,oui
atmart_municipales_2015_communes_HT.csv,2026-09-18,archives/atmart_municipales_2015_communes_HT/2026-09-18.csv,a959b5a6f2c99f9cb9e508935ee7f3bb457aa34350fd899235e5b49baefde176,22808,67,66,lignes,2026-09-18,vitrine,6e6d44945e,oui
atmart_occupation_sol.json,2026-08-17,archives/atmart_occupation_sol/2026-08-17.json,2b7460ed35589a6c32cb4943be5d8effd96d05c3b31c1adbe1fa6799a364535b,19335,0,140,entrées,2026-08-17,site,dea5f5192c,oui
atmart_occupation_sol_communes_HT.csv,2026-08-14,archives/atmart_occupation_sol_communes_HT/2026-08-14.csv,af2f6010d1ce9960ef934a773ccf8b79c8cff35c5852fdf31a9a2cbb212f347e,276920,1043,1042,lignes,2026-08-14,vitrine,28521783fa,oui
atmart_opinion_lapop.json,2026-08-25,archives/atmart_opinion_lapop/2026-08-25.json,8433a53be4c337963b5b2fd0215fcf644e2987135dc1ccd0cb64f8ae4e695ab4,3152,95,,,2026-08-25,vitrine,8eaf0b2943,oui
atmart_opinion_lapop_HT.csv,2026-08-25,archives/atmart_opinion_lapop_HT/2026-08-25.csv,b6134cbba59a2c72daede241a9a3e0752019aa3412ecaab554fb6ed94e722f97,10081,17,16,lignes,2026-08-25,vitrine,8eaf0b2943,oui
atmart_opinion_serie.json,2026-08-26,archives/atmart_opinion_serie/2026-08-26.json,f3e96d14e528c672d560d6eb1d18901c1bddedab1f034a444ab7b292d38f9b6b,3242,131,,,2026-08-26,vitrine,42e12fd579,non
atmart_opinion_serie.json,2026-08-26,archives/atmart_opinion_serie/2026-08-26-2.json,9c5183b200a9d7d697b64bff20b7762adf67967e318014fc20716d2120f116ec,5397,194,,,2026-08-26,vitrine,f4bfe6354a,non
atmart_opinion_serie.json,2026-08-26,archives/atmart_opinion_serie/2026-08-26-3.json,5c4964669903a840846704d7c175782ea4a14e17ba2e462865248731daead271,5700,197,,,2026-08-26,vitrine,ee8daaeb78,non
atmart_opinion_serie.json,2026-08-26,archives/atmart_opinion_serie/2026-08-26-4.json,f775d7793369d1b9562885c1e7c0d7136890f0529e31026a3b2042a2087c4864,6401,212,,,2026-08-26,vitrine,95b926e7b6,non
atmart_opinion_serie.json,2026-09-18,archives/atmart_opinion_serie/2026-09-18.json,9bd399d09d82167873760fe37e3076ac0266c21b8f1e78edaf77213c6b90b192,6402,212,,,2026-09-18,vitrine,afee597eb1,oui
atmart_opinion_serie_HT.csv,2026-08-26,archives/atmart_opinion_serie_HT/2026-08-26.csv,2bf8e34145e4759c3b2314eeea9fd4c80d504c58c7614d6cd63bdb18b6560ad8,86303,254,253,lignes,2026-08-26,vitrine,42e12fd579,non
atmart_opinion_serie_HT.csv,2026-08-26,archives/atmart_opinion_serie_HT/2026-08-26-2.csv,489c67e1d1afa7963a7b1e87c352f4b249515df10d3c07c58c47efd626dea668,593312,1495,1494,lignes,2026-08-26,vitrine,f4bfe6354a,non
atmart_opinion_serie_HT.csv,2026-08-26,archives/atmart_opinion_serie_HT/2026-08-26-3.csv,8b4f7662c992d0a64cbbc75156c6810dbbbb3a62a9cbe78d5a585000d6c400cc,780857,1989,1988,lignes,2026-08-26,vitrine,95b926e7b6,non
atmart_opinion_serie_HT.csv,2026-09-18,archives/atmart_opinion_serie_HT/2026-09-18.csv,a2882b53e950608980d9b98de6660647f153e767ac235bfe8c135bbc998fad27,1582674,3949,3948,lignes,2026-09-18,vitrine,afee597eb1,oui
atmart_panier_alimentaire_mensuel_HT.csv,2026-09-21,archives/atmart_panier_alimentaire_mensuel_HT/2026-09-21.csv,7601e22fc372a1b177e3e6e8ff274ce251680cd86eae803e44258b49f6791067,47212,113,112,lignes,2026-09-21,vitrine,7d38289066,oui
atmart_pluie_communes.json,2026-08-17,archives/atmart_pluie_communes/2026-08-17.json,8de3dd3bdfa8cd5679e1e980a842f7a8ef496e57cb8e0221f732741f9fb6f39e,18358,0,140,entrées,2026-08-17,site,a3a8044c7c,oui
atmart_points_transfert.json,2026-08-25,archives/atmart_points_transfert/2026-08-25.json,206732d4c7da1766fb34a412a09fad8b89786c3c3a577282436851b5c51270d7,3854,177,140,entrées,2026-08-25,vitrine,89499aafb2,oui
atmart_points_transfert_communes_HT.csv,2026-08-25,archives/atmart_points_transfert_communes_HT/2026-08-25.csv,1d11bdddcd80d391b8b99cd10a29f845644989b876d7c7a4fc70f7eeec71a587,52608,141,140,lignes,2026-08-25,vitrine,89499aafb2,oui
atmart_population_modelisee.json,2026-08-17,archives/atmart_population_modelisee/2026-08-17.json,c586a18051a74f14823f0f46fdf159572ff53c823ffc4edf5948fb1f535d0917,8863,0,140,entrées,2026-08-17,site,823c393361,oui
atmart_population_trois_sources.json,2026-08-17,archives/atmart_population_trois_sources/2026-08-17.json,35149368985ea3c5099ac9508696251aa37c969c210e3bdc6f817dea48e5d2ee,11748,0,140,entrées,2026-08-17,site,2bb49334d4,oui
atmart_presence_organisations_HT.csv,2026-08-14,archives/atmart_presence_organisations_HT/2026-08-14.csv,df802ea600788c2615b2d946a8bbad763afd078e45b9cd1420609a91b62ba51e,474566,1458,1457,lignes,2026-08-14,vitrine,ebea9aebe1,oui
atmart_presidentielle_2006_communes_HT.csv,2026-09-18,archives/atmart_presidentielle_2006_communes_HT/2026-09-18.csv,6ce76786f76d31400a61bc1827fb6a08315594b2396834c42fa7d9e7209fdea7,1075888,3781,3780,lignes,2026-09-18,vitrine,7cf9c27735,oui
atmart_presidentielle_2006_resume_HT.csv,2026-09-18,archives/atmart_presidentielle_2006_resume_HT/2026-09-18.csv,8f67eb2dc5393f43c63dc9a3ed35765295503d89b1511ab443bddb8fa1328277,29927,109,108,lignes,2026-09-18,vitrine,7cf9c27735,oui
atmart_prix_denrees.json,2026-08-21,archives/atmart_prix_denrees/2026-08-21.json,3eb6e436ff3945c90a730fb94054c09a064a4b07c22e4ac4ad8299a216299d7d,1309,0,9,entrées,2026-08-21,vitrine,8f81f55118,non
atmart_prix_denrees.json,2026-08-22,archives/atmart_prix_denrees/2026-08-22.json,b915c68b2fc103604046750ced65f1dcae5800b555ee43ca86276bd8270e0c0b,1309,0,9,entrées,2026-08-22,vitrine,5198a9223d,oui
atmart_prix_denrees_marches_HT.csv,2026-08-21,archives/atmart_prix_denrees_marches_HT/2026-08-21.csv,0bb4ac2b720fb695ca2f804311b0552862a213fbfb538e0c7811adc020c0ced2,602936,863,862,lignes,2026-08-21,vitrine,8f81f55118,non
atmart_prix_denrees_marches_HT.csv,2026-08-22,archives/atmart_prix_denrees_marches_HT/2026-08-22.csv,8cde6c9698c75d3f7d22f8b1c28029209661a6c328c157a0b655dbe28820bb03,602936,863,862,lignes,2026-08-22,vitrine,5198a9223d,oui
atmart_prix_fews_marches_HT.csv,2026-09-23,archives/atmart_prix_fews_marches_HT/2026-09-23.csv,8a11f1542fd14d4282da37b2b53bf1424aee38489406ecf196ebb3a360d6265c,14929475,54942,54941,lignes,2026-09-23,vitrine,e2eaa00cef,oui
atmart_prix_marches_HT.csv,2026-08-13,archives/atmart_prix_marches_HT/2026-08-13.csv,d7104087f8340ce0e5be89599fcb3985087dc2fafa046c1d16b68eb8742bc250,3328596,14141,14140,lignes,2026-08-13,vitrine,967eaed278,oui
atmart_professions_communes_HT.csv,2026-08-14,archives/atmart_professions_communes_HT/2026-08-14.csv,aa950a5cda49dcec3731c37c652ce68abb864a00ffad6ce7d82886e7944ac164,65046,281,280,lignes,2026-08-14,vitrine,b190e6112e,oui
atmart_projets_national.json,2026-08-17,archives/atmart_projets_national/2026-08-17.json,c17abc4f763d936c7f0e1c03f28a5e24535125a7da8478ac427776fb7673e82e,148485,3312,15,entrées,2026-08-17,site,b4d36e7aed,non
atmart_projets_national.json,2026-08-17,archives/atmart_projets_national/2026-08-17-2.json,04298f28a131efeb645aebed9d058bc2d6bb552cc46ba613ea9ec96ce25a312a,127742,0,15,entrées,2026-08-17,site,df46d75237,oui
atmart_pyramide_ages_HT.csv,2026-08-11,archives/atmart_pyramide_ages_HT/2026-08-11.csv,b64692e7a1a17714ba5fbbabfbe7da30c9e20cbaf58f8a17e798c55ede8b752e,1111703,7141,7140,lignes,2026-08-11,vitrine,478d4add78,oui
atmart_referentiel_indicateurs.csv,2026-07-31,archives/atmart_referentiel_indicateurs/2026-07-31.csv,96a0e9cf0cf754b01841e2cc9e6ad34e07ab40ff83103b3aece38de48c8f8073,9369,18,17,lignes,2026-07-31,vitrine,f64c6c2cf0,non
atmart_referentiel_indicateurs.csv,2026-07-31,archives/atmart_referentiel_indicateurs/2026-07-31-2.csv,4fe6203a4b093e6196662f60c6fd426648c07ca4bbb39761917eb00c23c8cdff,11173,21,20,lignes,2026-07-31,vitrine,839e28e779,non
atmart_referentiel_indicateurs.csv,2026-08-10,archives/atmart_referentiel_indicateurs/2026-08-10.csv,94553e0bd9f671a59bfa03f16a6480ad5f38577efcf1c3060fec7b88664aa582,11170,21,20,lignes,2026-08-10,vitrine,06462ee9b9,non
atmart_referentiel_indicateurs.csv,2026-08-11,archives/atmart_referentiel_indicateurs/2026-08-11.csv,8f78503932a03e470be009d53888b2efb981c457e7ef4810e6a23ee3e5b996ce,12952,22,21,lignes,2026-08-11,vitrine,d1d2f006cf,non
atmart_referentiel_indicateurs.csv,2026-08-11,archives/atmart_referentiel_indicateurs/2026-08-11-2.csv,27d6f2ce7f776da27328810f5853292e1bbff3b69c38094c9167c4eeef332fbe,30859,33,32,lignes,2026-08-11,vitrine,478d4add78,non
atmart_referentiel_indicateurs.csv,2026-08-13,archives/atmart_referentiel_indicateurs/2026-08-13.csv,774903c1f594e88c7de96119982b4703584507617cdd3cd27d04ebc89ebfdf91,39210,33,32,lignes,2026-08-13,vitrine,3090bac257,non
atmart_referentiel_indicateurs.csv,2026-08-13,archives/atmart_referentiel_indicateurs/2026-08-13-2.csv,f7a6410bac5f93e0f6bf1937b5b8b07555a6b0bca887adbd3db38c2912807ce9,40661,33,32,lignes,2026-08-13,vitrine,878ab12c5b,non
atmart_referentiel_indicateurs.csv,2026-08-13,archives/atmart_referentiel_indicateurs/2026-08-13-3.csv,4a8c0e75cffae32a0cdb7115aaff3021c5715b915fd4e7c260e4792cb455c445,41602,33,32,lignes,2026-08-13,vitrine,967eaed278,non
atmart_referentiel_indicateurs.csv,2026-08-13,archives/atmart_referentiel_indicateurs/2026-08-13-4.csv,83c0d2633923b6bd0f102d248980ac529b612c05a8ec48421b4bc52a392160a9,42104,33,32,lignes,2026-08-13,vitrine,163ea05af5,non
atmart_referentiel_indicateurs.csv,2026-08-14,archives/atmart_referentiel_indicateurs/2026-08-14.csv,714ff55af8ba8d1ffc3b4908f10be787c09b455209415c5782726831a6a2ae04,42361,33,32,lignes,2026-08-14,vitrine,cdd453c995,non
atmart_referentiel_indicateurs.csv,2026-08-14,archives/atmart_referentiel_indicateurs/2026-08-14-2.csv,e27f4f228a330edfefe477d69752acc3e47c688dbf0c5c6a3b4a70b2fa301a59,42578,33,32,lignes,2026-08-14,vitrine,b78e81720f,non
atmart_referentiel_indicateurs.csv,2026-08-18,archives/atmart_referentiel_indicateurs/2026-08-18.csv,938d99b6df5a2ab73a9a757dc3bd5277348495a95893a5d92d899d4de22d8f32,42605,33,32,lignes,2026-08-18,vitrine,477d07f3e3,non
atmart_referentiel_indicateurs.csv,2026-08-20,archives/atmart_referentiel_indicateurs/2026-08-20.csv,334b5c00e6582c94a8d803bb6c4e39c5d3aa95d1d5cf2714e821b52c0e9747c8,50391,42,41,lignes,2026-08-20,vitrine,fc35cf76f4,non
atmart_referentiel_indicateurs.csv,2026-08-21,archives/atmart_referentiel_indicateurs/2026-08-21.csv,b336ae0ee9322e1db5c564f503315509bca150727fba75ed0dbac04b88a82c40,59432,50,49,lignes,2026-08-21,vitrine,7957dbebf8,non
atmart_referentiel_indicateurs.csv,2026-08-21,archives/atmart_referentiel_indicateurs/2026-08-21-2.csv,7f7b718ceed8eebbb175e5dace86d48ca4e2151b37e54d393281170b423caeda,61120,51,50,lignes,2026-08-21,vitrine,e8cebe6175,non
atmart_referentiel_indicateurs.csv,2026-08-21,archives/atmart_referentiel_indicateurs/2026-08-21-3.csv,601e99405df5b1c34e5c264e63b6c58c5073740859db64cbcc44afe39e47eeba,64745,55,54,lignes,2026-08-21,vitrine,8f81f55118,non
atmart_referentiel_indicateurs.csv,2026-08-21,archives/atmart_referentiel_indicateurs/2026-08-21-4.csv,d1471249fa089fd9c39913de784cf805095f6ae162688c3132c93233eef5209e,66255,55,54,lignes,2026-08-21,vitrine,fd1ce67602,non
atmart_referentiel_indicateurs.csv,2026-08-27,archives/atmart_referentiel_indicateurs/2026-08-27.csv,a99b2a264e9f16f44d13c086b2606e26cab516a70a7458d7da7705028ea34dfa,79197,67,66,lignes,2026-08-27,vitrine,ae755c576b,non
atmart_referentiel_indicateurs.csv,2026-09-13,archives/atmart_referentiel_indicateurs/2026-09-13.csv,861e953f1d95c74f0d4960c4d891f1e83b9d17f436f0582019afbd510eb56c69,80493,67,66,lignes,2026-09-13,vitrine,a44927c9fe,non
atmart_referentiel_indicateurs.csv,2026-09-13,archives/atmart_referentiel_indicateurs/2026-09-13-2.csv,dcf1b74673265499721709b8c982855102f2af07737203cfe7f830facb38f108,80588,67,66,lignes,2026-09-13,vitrine,d308c8ea7b,non
atmart_referentiel_indicateurs.csv,2026-09-18,archives/atmart_referentiel_indicateurs/2026-09-18.csv,849645c013e5ae428ff547ac8a91df06b6f78f25689ea9fb0ef83db4e7069ce8,86479,71,70,lignes,2026-09-18,vitrine,7cf9c27735,non
atmart_referentiel_indicateurs.csv,2026-09-18,archives/atmart_referentiel_indicateurs/2026-09-18-2.csv,8e837b1942369adaebed0c8daebe383d5b7e4bd96a83cee4c51c52a39bcded74,92760,75,74,lignes,2026-09-18,vitrine,6e6d44945e,non
atmart_referentiel_indicateurs.csv,2026-09-18,archives/atmart_referentiel_indicateurs/2026-09-18-3.csv,36df8f371f8c45f3f9884afa545a711ef84de2dd9eeb9edfe040caf7320f2ca0,95818,77,76,lignes,2026-09-18,vitrine,e069fceae1,non
atmart_referentiel_indicateurs.csv,2026-09-19,archives/atmart_referentiel_indicateurs/2026-09-19.csv,8f3a9a5c48b978e85b4efba4c1fe9ab5d43d4f4395336c57ae79152e665374fd,107323,88,87,lignes,2026-09-19,vitrine,14ffb023e6,non
atmart_referentiel_indicateurs.csv,2026-09-19,archives/atmart_referentiel_indicateurs/2026-09-19-2.csv,6d9f4fd2989cd0bab0a7cfd9549060d091e74f12a3a3630d23547eb73efe7ff6,114168,93,92,lignes,2026-09-19,vitrine,6fc2a4f25d,non
atmart_referentiel_indicateurs.csv,2026-09-19,archives/atmart_referentiel_indicateurs/2026-09-19-3.csv,7de938556d1b1ee68d03924ef453e7079a00e518328f46589bbe79e05698d339,117788,96,95,lignes,2026-09-19,vitrine,f95c72d3f5,non
atmart_referentiel_indicateurs.csv,2026-09-19,archives/atmart_referentiel_indicateurs/2026-09-19-4.csv,e9e86160c0260cf33bf5b2ceb6a9a2788c95ee00517692c8d9de0214d5364dd7,120960,98,97,lignes,2026-09-19,vitrine,4e3181bdcf,non
atmart_referentiel_indicateurs.csv,2026-09-19,archives/atmart_referentiel_indicateurs/2026-09-19-5.csv,5b61be32dd96ba33f36307638e16d780379410982289a846c0df7f9f0a44f020,131697,106,105,lignes,2026-09-19,vitrine,5391975073,non
atmart_referentiel_indicateurs.csv,2026-09-19,archives/atmart_referentiel_indicateurs/2026-09-19-6.csv,d0f0eb29b764cbed3f6f669dded80d5f1aeb047f5d64a2b4a40759acf8e79b34,131715,106,105,lignes,2026-09-19,vitrine,bd529fd93e,non
atmart_referentiel_indicateurs.csv,2026-09-20,archives/atmart_referentiel_indicateurs/2026-09-20.csv,964fd392aef8d92513020740728543759e27023e0721cb5807d50d0a421f5bbd,131670,106,105,lignes,2026-09-20,vitrine,160cc5d927,non
atmart_referentiel_indicateurs.csv,2026-09-20,archives/atmart_referentiel_indicateurs/2026-09-20-2.csv,a058ad8a4ebcd9348a641859a4e4391a267d129637cb42f49048a6d9ce7a10de,137814,110,109,lignes,2026-09-20,vitrine,77b5c94307,non
atmart_referentiel_indicateurs.csv,2026-09-20,archives/atmart_referentiel_indicateurs/2026-09-20-3.csv,320ce948fef8653edd28dfee9f13086ba7bae94dd4fb35e9e42238f937555deb,143221,113,112,lignes,2026-09-20,vitrine,fc7bdc60a8,non
atmart_referentiel_indicateurs.csv,2026-09-20,archives/atmart_referentiel_indicateurs/2026-09-20-4.csv,dc8735bc81697ddff67468f27d64d76b2e4bbfff46b09bc62fa0467fdc06f0ac,146947,115,114,lignes,2026-09-20,vitrine,4c4c7fdad6,non
atmart_referentiel_indicateurs.csv,2026-09-21,archives/atmart_referentiel_indicateurs/2026-09-21.csv,f1a84fa9658883a3ff78d8351107da803eca5d13b494bc87511869d11ca5153a,155978,121,120,lignes,2026-09-21,vitrine,38c039b460,non
atmart_referentiel_indicateurs.csv,2026-09-21,archives/atmart_referentiel_indicateurs/2026-09-21-2.csv,b698c2bfb00ea31aa55719fc7b34985200ae2955d51af6cb62101402cea8c58b,155994,121,120,lignes,2026-09-21,vitrine,255e1e9bc6,non
atmart_referentiel_indicateurs.csv,2026-09-22,archives/atmart_referentiel_indicateurs/2026-09-22.csv,3571d149748b8483c098d5a274156dc8d54fb7ae295f917c495026a49cd10447,166116,126,125,lignes,2026-09-22,vitrine,69efa5434c,non
atmart_referentiel_indicateurs.csv,2026-09-24,archives/atmart_referentiel_indicateurs/2026-09-24.csv,8403532dc5fa4718f770d61322ea5f10a405018ec6d032a11c8f9395b436d10d,170027,128,127,lignes,2026-09-24,vitrine,73cc808cf0,non
atmart_referentiel_indicateurs.csv,2026-09-25,archives/atmart_referentiel_indicateurs/2026-09-25.csv,563d293acf92d626ddd6dea3acd378e69b1d82db8460878f73750b1269589e68,171842,129,128,lignes,2026-09-25,vitrine,e4c0425383,oui
atmart_referentiel_indicateurs_i18n.csv,2026-07-31,archives/atmart_referentiel_indicateurs_i18n/2026-07-31.csv,f6d6c228ac9d2a2e76ca152f474fadf0c69ad822e42288cb9b27490aa73ded4a,33683,421,420,lignes,2026-07-31,vitrine,18bad57903,non
atmart_referentiel_indicateurs_i18n.csv,2026-08-10,archives/atmart_referentiel_indicateurs_i18n/2026-08-10.csv,6fe94da15de3d76176ffc8dd3759a157b2a3ae6238f4959abf1f1acd1f01f30b,33896,421,420,lignes,2026-08-10,vitrine,06462ee9b9,non
atmart_referentiel_indicateurs_i18n.csv,2026-08-11,archives/atmart_referentiel_indicateurs_i18n/2026-08-11.csv,7a93aa0f6fcff211a2374b4d9f2715f29bc80d91a72ed2ac792eabefa4120f49,37980,442,441,lignes,2026-08-11,vitrine,d1d2f006cf,non
atmart_referentiel_indicateurs_i18n.csv,2026-08-11,archives/atmart_referentiel_indicateurs_i18n/2026-08-11-2.csv,c112c2c72d344ac7087fa9be1ae307d02f5eeca7c57a6f3df8425dd8d0fe0c93,88957,673,672,lignes,2026-08-11,vitrine,478d4add78,non
atmart_referentiel_indicateurs_i18n.csv,2026-08-13,archives/atmart_referentiel_indicateurs_i18n/2026-08-13.csv,98ff3d791f6c6c1f57c2e9add23a85178e444314f0dd01d994216077483becaf,93094,673,672,lignes,2026-08-13,vitrine,878ab12c5b,non
atmart_referentiel_indicateurs_i18n.csv,2026-08-13,archives/atmart_referentiel_indicateurs_i18n/2026-08-13-2.csv,69243d43476fb404371e77420ad6e5603ab9d092267aacb57c0a6dc16221437b,95723,673,672,lignes,2026-08-13,vitrine,967eaed278,non
atmart_referentiel_indicateurs_i18n.csv,2026-08-13,archives/atmart_referentiel_indicateurs_i18n/2026-08-13-3.csv,e15bbaf0ae37ff4766d76bd9f14e6037f0e74d46940638c9297168910dd888ad,97084,673,672,lignes,2026-08-13,vitrine,163ea05af5,non
atmart_referentiel_indicateurs_i18n.csv,2026-08-21,archives/atmart_referentiel_indicateurs_i18n/2026-08-21.csv,1575c9fba98d99db5b8b43495dd70431635d331b51fd4528bb3143b2adb5d4f5,117913,841,840,lignes,2026-08-21,vitrine,7957dbebf8,non
atmart_referentiel_indicateurs_i18n.csv,2026-08-21,archives/atmart_referentiel_indicateurs_i18n/2026-08-21-2.csv,93bf578560b064be5263ccdcd78eda9ff9bcc625e5dfc9dfa15385cb78557929,121486,862,861,lignes,2026-08-21,vitrine,e8cebe6175,non
atmart_referentiel_indicateurs_i18n.csv,2026-08-21,archives/atmart_referentiel_indicateurs_i18n/2026-08-21-3.csv,14c297df93e9c9e355e6c3d4ef8fa5b71f76d8c8e6daf795f88576484097f429,129453,946,945,lignes,2026-08-21,vitrine,8f81f55118,non
atmart_referentiel_indicateurs_i18n.csv,2026-08-24,archives/atmart_referentiel_indicateurs_i18n/2026-08-24.csv,c3bbee6354c56dc0ffd23ba863e47dadf65218a505996751f1d546b8e721c61e,149854,1135,1134,lignes,2026-08-24,vitrine,5d67fe4843,non
atmart_referentiel_indicateurs_i18n.csv,2026-08-27,archives/atmart_referentiel_indicateurs_i18n/2026-08-27.csv,e5f15114b55533b6498f8750f728de997202e8431e4c7aefad8a338644d6d4f6,180162,1387,1386,lignes,2026-08-27,vitrine,ae755c576b,non
atmart_referentiel_indicateurs_i18n.csv,2026-09-13,archives/atmart_referentiel_indicateurs_i18n/2026-09-13.csv,393175c2e46a888505c43bb8573a4912c8f728abee8c3e9fd27c2a645b854b29,182858,1387,1386,lignes,2026-09-13,vitrine,a44927c9fe,non
atmart_referentiel_indicateurs_i18n.csv,2026-09-13,archives/atmart_referentiel_indicateurs_i18n/2026-09-13-2.csv,7511b750a5bc2a455991d7a6bbc67f78d608dcbac52c47b2e9661edc683b406f,183105,1387,1386,lignes,2026-09-13,vitrine,d308c8ea7b,non
atmart_referentiel_indicateurs_i18n.csv,2026-09-18,archives/atmart_referentiel_indicateurs_i18n/2026-09-18.csv,63c50a3b019d6e1d55436607ce97ff0d248cc71e90dc89ee8be9526a687afa36,197446,1471,1470,lignes,2026-09-18,vitrine,7cf9c27735,non
atmart_referentiel_indicateurs_i18n.csv,2026-09-18,archives/atmart_referentiel_indicateurs_i18n/2026-09-18-2.csv,1d3575ee2f66ef999d99ba57fb650075d1dc1075ece3c0281d5dd6d41837596b,212543,1555,1554,lignes,2026-09-18,vitrine,6e6d44945e,non
atmart_referentiel_indicateurs_i18n.csv,2026-09-18,archives/atmart_referentiel_indicateurs_i18n/2026-09-18-3.csv,5b8b3b0c307e6e81c7bc9d3657dff28aa7d926cc38ad5fd1c71e97e2135b8326,219846,1597,1596,lignes,2026-09-18,vitrine,e069fceae1,non
atmart_referentiel_indicateurs_i18n.csv,2026-09-19,archives/atmart_referentiel_indicateurs_i18n/2026-09-19.csv,67b628af6598c100b48909c9886d2a265be0f359b7f9ce4293c161674ea35e0d,246190,1828,1827,lignes,2026-09-19,vitrine,14ffb023e6,non
atmart_referentiel_indicateurs_i18n.csv,2026-09-19,archives/atmart_referentiel_indicateurs_i18n/2026-09-19-2.csv,ea8110591b3682060023a160a8d995820fd4b5b269bf0a1371398907958b8cc8,262312,1933,1932,lignes,2026-09-19,vitrine,6fc2a4f25d,non
atmart_referentiel_indicateurs_i18n.csv,2026-09-19,archives/atmart_referentiel_indicateurs_i18n/2026-09-19-3.csv,3e439556d22cdcb5256e2410e2b45c738807a85db4e59a5f7089942e240d4c80,270601,1996,1995,lignes,2026-09-19,vitrine,f95c72d3f5,non
atmart_referentiel_indicateurs_i18n.csv,2026-09-19,archives/atmart_referentiel_indicateurs_i18n/2026-09-19-4.csv,c7b9a394030364eb8d2a715a3baa6be3a91a78602f2387d795e10287bf7f4816,278036,2038,2037,lignes,2026-09-19,vitrine,4e3181bdcf,non
atmart_referentiel_indicateurs_i18n.csv,2026-09-19,archives/atmart_referentiel_indicateurs_i18n/2026-09-19-5.csv,f798ba62f9498e54d40945c20aba252955eeb31480ec888b605db3717c5bcdb3,302564,2206,2205,lignes,2026-09-19,vitrine,5391975073,non
atmart_referentiel_indicateurs_i18n.csv,2026-09-20,archives/atmart_referentiel_indicateurs_i18n/2026-09-20.csv,35f7123d4a4b970169a8a4f66de17075f1058c14dd4ca766d773924faffdaf10,315290,2290,2289,lignes,2026-09-20,vitrine,77b5c94307,non
atmart_referentiel_indicateurs_i18n.csv,2026-09-20,archives/atmart_referentiel_indicateurs_i18n/2026-09-20-2.csv,81fb1b7f04b6d525dffdeb41dd514ab96ea9c448bcc2e58abc48ff3aae836699,326724,2353,2352,lignes,2026-09-20,vitrine,fc7bdc60a8,non
atmart_referentiel_indicateurs_i18n.csv,2026-09-20,archives/atmart_referentiel_indicateurs_i18n/2026-09-20-3.csv,3baffba21e5e4f9c3630b945066c0a94e726d9fcc5893a0eb18934436a73b2db,334775,2395,2394,lignes,2026-09-20,vitrine,4c4c7fdad6,non
atmart_referentiel_indicateurs_i18n.csv,2026-09-21,archives/atmart_referentiel_indicateurs_i18n/2026-09-21.csv,0d514d4fc5e18bdcad1a9b9f544b8625b125e2dc664c4fa48931ea0248773d93,353756,2521,2520,lignes,2026-09-21,vitrine,38c039b460,non
atmart_referentiel_indicateurs_i18n.csv,2026-09-22,archives/atmart_referentiel_indicateurs_i18n/2026-09-22.csv,bb969bc83693851113b7af0f3b79e7642dfaf50080b810f287d181038a483f2a,378456,2626,2625,lignes,2026-09-22,vitrine,69efa5434c,non
atmart_referentiel_indicateurs_i18n.csv,2026-09-24,archives/atmart_referentiel_indicateurs_i18n/2026-09-24.csv,94e7bdc8e465757340c7dfbfafeecc514889838bd3826407cdf42e5d83caef7e,387798,2668,2667,lignes,2026-09-24,vitrine,73cc808cf0,non
atmart_referentiel_indicateurs_i18n.csv,2026-09-25,archives/atmart_referentiel_indicateurs_i18n/2026-09-25.csv,72ec3c297d07e096bfdab526c1818a619d5302cf311c5fad294664c21b091a32,392017,2689,2688,lignes,2026-09-25,vitrine,e4c0425383,oui
atmart_referentiel_temps_HT.csv,2026-07-31,archives/atmart_referentiel_temps_HT/2026-07-31.csv,e59b0c944a4b9579897a4e8693edad013fc77b8dddd43edbe2e0b6f358733011,375722,1202,1201,lignes,2026-07-31,vitrine,62d132f64c,oui
atmart_referentiel_territoire_base_HT.csv,2026-07-31,archives/atmart_referentiel_territoire_base_HT/2026-07-31.csv,b4bb6eb05b6610ed6c9bbc759c4d376325072d56e4517f82110cf36c7140f802,64824,193,192,lignes,2026-07-31,vitrine,b88f5f88c9,non
atmart_referentiel_territoire_base_HT.csv,2026-07-31,archives/atmart_referentiel_territoire_base_HT/2026-07-31-2.csv,d59beb9e782cd0d3b2149896d6214be5c74e4bc9d45b2e29496537e501eb12a1,84150,193,192,lignes,2026-07-31,vitrine,3f56418955,oui
atmart_registre_marches_HT.csv,2026-08-14,archives/atmart_registre_marches_HT/2026-08-14.csv,cff51300e1bc044b8770354dda16d7c232b5f80746300d4da24b048db31ae135,95507,183,182,lignes,2026-08-14,vitrine,c16edb598c,oui
atmart_registre_ong_HT.csv,2026-08-14,archives/atmart_registre_ong_HT/2026-08-14.csv,723840f40d63b9e69756712b6440df12bf7bf258d0368e34ef72674fbf033980,265740,681,680,lignes,2026-08-14,vitrine,ebea9aebe1,non
atmart_registre_ong_HT.csv,2026-08-22,archives/atmart_registre_ong_HT/2026-08-22.csv,717da5cd7e629e42c31553bab4899d67f204916c4e2401115edbd131d066dbae,265038,681,680,lignes,2026-08-22,vitrine,66ce8011a0,oui
atmart_registre_sources.csv,2026-07-31,archives/atmart_registre_sources/2026-07-31.csv,c363c47cbfa46d99b06d79915e41e4256d602315be9be3fafae941f040471f6b,3379,9,8,lignes,2026-07-31,vitrine,b88f5f88c9,non
atmart_registre_sources.csv,2026-07-31,archives/atmart_registre_sources/2026-07-31-2.csv,20c2c6a73e0dd7f95db294c43b341105f6a8ab4532090c8a62ee4d2956258009,5902,13,12,lignes,2026-07-31,vitrine,f64c6c2cf0,non
atmart_registre_sources.csv,2026-08-10,archives/atmart_registre_sources/2026-08-10.csv,f25c59f66a2ce70e4fbe1e166f6854042cb4d9801ba885615c59ea1c0bfdb177,6507,14,13,lignes,2026-08-10,vitrine,06462ee9b9,non
atmart_registre_sources.csv,2026-08-11,archives/atmart_registre_sources/2026-08-11.csv,450b7f8e1749c366e4f08c2496e9ecd443ca8618749f5042f2b821d36932f747,6616,14,13,lignes,2026-08-11,vitrine,478d4add78,non
atmart_registre_sources.csv,2026-08-13,archives/atmart_registre_sources/2026-08-13.csv,ee7fa77a16430dfc09f82c8ebd9e67d8e6fd734bae62d2773cf0aa61b9372597,14794,23,22,lignes,2026-08-13,vitrine,3090bac257,non
atmart_registre_sources.csv,2026-08-13,archives/atmart_registre_sources/2026-08-13-2.csv,633a3f8ad1a42c80aa12cb913f48f4fc0e92d3d0edda6b64c701d18caac70965,15380,23,22,lignes,2026-08-13,vitrine,967eaed278,non
atmart_registre_sources.csv,2026-08-13,archives/atmart_registre_sources/2026-08-13-3.csv,c7cf7e6ff3b8e649102c716cae09320150ddf8b7814c297584a9e1311b061514,16794,23,22,lignes,2026-08-13,vitrine,8a51eeec9e,non
atmart_registre_sources.csv,2026-08-13,archives/atmart_registre_sources/2026-08-13-4.csv,ec3eddd5d5975e8717d02d98e8260889f3d736890cbfb5ed89aa7ae8ab5da1fa,18559,24,23,lignes,2026-08-13,vitrine,bdd6839c61,non
atmart_registre_sources.csv,2026-08-14,archives/atmart_registre_sources/2026-08-14.csv,7f4e695e0a00e1cf0c996685c246645cf0886823d82207500c25bd417e198d5a,19325,25,24,lignes,2026-08-14,vitrine,cdd453c995,non
atmart_registre_sources.csv,2026-08-14,archives/atmart_registre_sources/2026-08-14-2.csv,dc0e529ff57bc2c8ba2f2088cf7196379f7d9a16ac5aa426027a53626798ab79,21892,28,27,lignes,2026-08-14,vitrine,ebea9aebe1,non
atmart_registre_sources.csv,2026-08-14,archives/atmart_registre_sources/2026-08-14-3.csv,24ccfd0e9f63b7a7a85c3214b9b9db7b8827949866756ae4c80209bf41a43ae8,25235,32,31,lignes,2026-08-14,vitrine,27bce17973,non
atmart_registre_sources.csv,2026-08-14,archives/atmart_registre_sources/2026-08-14-4.csv,f2c8b76992c03c34bfd196967aebc25fa75afff4103b73ce1cdaaa3b1d448b12,25322,32,31,lignes,2026-08-14,vitrine,e16c179eaf,non
atmart_registre_sources.csv,2026-08-14,archives/atmart_registre_sources/2026-08-14-5.csv,12c05a0eabbc2a46a82806df39aadea6bae68d676af0c878ca3bb55af40f747b,27449,35,34,lignes,2026-08-14,vitrine,c736bd8eac,non
atmart_registre_sources.csv,2026-08-14,archives/atmart_registre_sources/2026-08-14-6.csv,f856d7f29a44add484525531c44dcb256d7e1265243b237ccf21344d68d056b2,28392,36,35,lignes,2026-08-14,vitrine,28521783fa,non
atmart_registre_sources.csv,2026-08-15,archives/atmart_registre_sources/2026-08-15.csv,6257387a2bbfc56f76fc8abfec3014b24dba951b5123a9b18ba2257af6598fbe,29540,37,36,lignes,2026-08-15,vitrine,72b261b108,non
atmart_registre_sources.csv,2026-08-18,archives/atmart_registre_sources/2026-08-18.csv,aabbf93319782a57704d075e6877e77c52b8fab5abea75616948b4d124de8313,29768,37,36,lignes,2026-08-18,vitrine,cb6bd6cc39,non
atmart_registre_sources.csv,2026-08-19,archives/atmart_registre_sources/2026-08-19.csv,2542c0b53778834b88bb8620223ffb639c2b04bf6e5374f75eb190326c658a17,29816,37,36,lignes,2026-08-19,vitrine,1eb352e48d,non
atmart_registre_sources.csv,2026-08-21,archives/atmart_registre_sources/2026-08-21.csv,67a8b1cfd94cdf7be978e01be3253aaeed8006b3bf50a70da4711b13cd0e07bd,31256,38,37,lignes,2026-08-21,vitrine,7957dbebf8,non
atmart_registre_sources.csv,2026-08-21,archives/atmart_registre_sources/2026-08-21-2.csv,10ecff39ef5ed22ece8fac33010cd839422a160e0b9369c77c453c5c0c637ddb,32591,39,38,lignes,2026-08-21,vitrine,8f81f55118,non
atmart_registre_sources.csv,2026-08-21,archives/atmart_registre_sources/2026-08-21-3.csv,00bab04c0387a8522bab7792f4e50e5755eedb6a6c86ec5008d3c6ee4e0f5609,32738,39,38,lignes,2026-08-21,vitrine,88834c2a5b,non
atmart_registre_sources.csv,2026-08-21,archives/atmart_registre_sources/2026-08-21-4.csv,f084d106ef2475e33c4529faca233019085babff1ef1024ebc83da4dc979bb90,32926,39,38,lignes,2026-08-21,vitrine,bd23a87bd0,non
atmart_registre_sources.csv,2026-08-21,archives/atmart_registre_sources/2026-08-21-5.csv,4298b06175027fe2529091114d11b995028e24a64f6593cc1dfa31a5f6b46877,34403,40,39,lignes,2026-08-21,vitrine,4567a32e9b,non
atmart_registre_sources.csv,2026-08-22,archives/atmart_registre_sources/2026-08-22.csv,78b367117f87a1a26779bebf1df8a7123c327d4550c753327a8e512f81f94fd0,42265,46,45,lignes,2026-08-22,vitrine,5198a9223d,non
atmart_registre_sources.csv,2026-08-23,archives/atmart_registre_sources/2026-08-23.csv,da6783a440e91940b38f4d1752f502260d421d8025aff1e7b846e731cfc149d2,47439,48,47,lignes,2026-08-23,vitrine,6c2a1d8ac8,non
atmart_registre_sources.csv,2026-08-23,archives/atmart_registre_sources/2026-08-23-2.csv,e2d7d9e21cebca94a7c382f74f54e85afe39de69e3288f72144227aa1e107338,48250,49,48,lignes,2026-08-23,vitrine,7aa251bc4a,non
atmart_registre_sources.csv,2026-08-24,archives/atmart_registre_sources/2026-08-24.csv,14c12b9c8ffe8624481560ac70587fa803bf9c4b3f5e502547a0de3daa90154d,49034,50,49,lignes,2026-08-24,vitrine,ef1dcae893,non
atmart_registre_sources.csv,2026-08-24,archives/atmart_registre_sources/2026-08-24-2.csv,e1e9ea459ea7aa29004fd5d3ef1f843aa913337d7acb78f666b0e197880dfd2e,49778,51,50,lignes,2026-08-24,vitrine,5d67fe4843,non
atmart_registre_sources.csv,2026-08-24,archives/atmart_registre_sources/2026-08-24-3.csv,0de39c0d2a52c5f4ce50c7a311d7c02637ba46837d10a19ffc0fcb85a47a5a48,50795,52,51,lignes,2026-08-24,vitrine,d2fe3d9d9e,non
atmart_registre_sources.csv,2026-08-25,archives/atmart_registre_sources/2026-08-25.csv,2d89953a41bcb89842f8972f44653f4979941712a8832b4fa9a6e6ae43ac0477,50975,52,51,lignes,2026-08-25,vitrine,c973af390d,non
atmart_registre_sources.csv,2026-08-25,archives/atmart_registre_sources/2026-08-25-2.csv,af89b4c067bc0504918c505e34d50d2257a9afcf8205df5e5fe645c14249f8fe,54320,55,54,lignes,2026-08-25,vitrine,3ed650bf90,non
atmart_registre_sources.csv,2026-08-25,archives/atmart_registre_sources/2026-08-25-3.csv,75ed2db2537e59851524a2343f003079e985a2b764f8bb79bd3af98630927335,56745,58,57,lignes,2026-08-25,vitrine,89499aafb2,non
atmart_registre_sources.csv,2026-08-25,archives/atmart_registre_sources/2026-08-25-4.csv,1b8c42cde338304bfaea3ac83aa1d59d97c0a8eccaa7e1d11eb70f70d4733087,56718,58,57,lignes,2026-08-25,vitrine,2244cf0d92,non
atmart_registre_sources.csv,2026-08-25,archives/atmart_registre_sources/2026-08-25-5.csv,98026398743a4e01545d9388d0a3039e4ed36d87170f1eb1db85121fb1ceb6bd,57901,59,58,lignes,2026-08-25,vitrine,5e9213b95d,non
atmart_registre_sources.csv,2026-08-25,archives/atmart_registre_sources/2026-08-25-6.csv,b40c91d429613f00de80c1ab84d107497cc4092c6754314805f7379174451c12,58882,60,59,lignes,2026-08-25,vitrine,8eaf0b2943,non
atmart_registre_sources.csv,2026-08-25,archives/atmart_registre_sources/2026-08-25-7.csv,d21949c88c90e45477900b34a8f03d497173edbc51423e703ddf7f61ebfebf30,58865,60,59,lignes,2026-08-25,vitrine,ad03d03fd7,non
atmart_registre_sources.csv,2026-08-26,archives/atmart_registre_sources/2026-08-26.csv,7759be97d4f39f612bb1942df03a8ddc33fb9b52f07c684cf175d782ffa894e3,59971,60,59,lignes,2026-08-26,vitrine,9c832550e8,non
atmart_registre_sources.csv,2026-08-26,archives/atmart_registre_sources/2026-08-26-2.csv,2e72bfef59073afdbf36ed6769bb578c4f51f5f7027b8ca03af93ca0973a75d6,59967,60,59,lignes,2026-08-26,vitrine,eec20d9659,non
atmart_registre_sources.csv,2026-09-18,archives/atmart_registre_sources/2026-09-18.csv,9d5f68d7066c601f53622be9e9dd65dde9ea85eb6132dd660bef0369317301a8,62632,62,61,lignes,2026-09-18,vitrine,7cf9c27735,non
atmart_registre_sources.csv,2026-09-18,archives/atmart_registre_sources/2026-09-18-2.csv,daa6a16f786aea5d9a57502ce1cfbb0076d567a174a081b5ea71376164115ac3,64037,63,62,lignes,2026-09-18,vitrine,6e6d44945e,non
atmart_registre_sources.csv,2026-09-18,archives/atmart_registre_sources/2026-09-18-3.csv,b248aebe35aba7fd3c4963c0bf21147b89633e2babbc1dbf74f67933da294992,65607,64,63,lignes,2026-09-18,vitrine,e069fceae1,non
atmart_registre_sources.csv,2026-09-18,archives/atmart_registre_sources/2026-09-18-4.csv,892197dedd2b8ac0b2ed459294cc8ac3191bb23bfe80801a751df3fb575ddd4c,65893,64,63,lignes,2026-09-18,vitrine,de037cc762,non
atmart_registre_sources.csv,2026-09-19,archives/atmart_registre_sources/2026-09-19.csv,844dbd7194c7499301f00806462966fe6b83203d6659c8604557ef99ced6a247,66495,64,63,lignes,2026-09-19,vitrine,5391975073,non
atmart_registre_sources.csv,2026-09-20,archives/atmart_registre_sources/2026-09-20.csv,c3eb8fbaa67ad559056daaf9ac2032e3862c8e984334c45ff628c40f43d60bab,67021,65,64,lignes,2026-09-20,vitrine,f47f5536e7,non
atmart_registre_sources.csv,2026-09-20,archives/atmart_registre_sources/2026-09-20-2.csv,46c1854597323cd88e144d139a01856ed2753c05fbf31b5223142339b3698243,67657,66,65,lignes,2026-09-20,vitrine,fc7bdc60a8,non
atmart_registre_sources.csv,2026-09-20,archives/atmart_registre_sources/2026-09-20-3.csv,518881c847f477ec015235c4c0bcd693b206a144c0dc80654d96bb04c2bf84b3,68117,67,66,lignes,2026-09-20,vitrine,4c4c7fdad6,non
atmart_registre_sources.csv,2026-09-21,archives/atmart_registre_sources/2026-09-21.csv,c47ed4900da7270f9db6274bb777c18b800b774a2bfacbd6ed3ad249224f983e,70598,71,70,lignes,2026-09-21,vitrine,38c039b460,non
atmart_registre_sources.csv,2026-09-21,archives/atmart_registre_sources/2026-09-21-2.csv,bcecb73399f653edf7ccaa11c5515d485a4824b9385364236b4ee93ff7feb72c,70530,71,70,lignes,2026-09-21,vitrine,255e1e9bc6,non
atmart_registre_sources.csv,2026-09-21,archives/atmart_registre_sources/2026-09-21-3.csv,0d3e1fe111f2cddf618f950d9ecd7f1a948dc039871b3f68217835cb57d65f49,70616,71,70,lignes,2026-09-21,vitrine,adb7c5a0a2,non
atmart_registre_sources.csv,2026-09-21,archives/atmart_registre_sources/2026-09-21-4.csv,c1ac9928d56f1b79a56047e539e8ecf4799e092db5c1b3ae638a709368a8ee03,71977,73,72,lignes,2026-09-21,vitrine,80b0b724d7,non
atmart_registre_sources.csv,2026-09-21,archives/atmart_registre_sources/2026-09-21-5.csv,59a6b2d74fcce6502a30485f733ec8e2d815f8e9af623fe7175fab31cc4b37f1,72640,74,73,lignes,2026-09-21,vitrine,c54de51256,non
atmart_registre_sources.csv,2026-09-21,archives/atmart_registre_sources/2026-09-21-6.csv,5b3b9c4d17f615ff353f50f70896c34593f7594aaa2cc1456acc14ef6655d1c2,72818,74,73,lignes,2026-09-21,vitrine,f4ae3d4880,non
atmart_registre_sources.csv,2026-09-22,archives/atmart_registre_sources/2026-09-22.csv,8ec6ded5a765c7111a9a8c8a1edde705794263defeb600630e4f4630d0da26cf,73490,74,73,lignes,2026-09-22,vitrine,69efa5434c,non
atmart_registre_sources.csv,2026-09-23,archives/atmart_registre_sources/2026-09-23.csv,34c26d3bde559c655eda7aacf2b23d5de50f1baf6af58683c8fba125e9c5aa9d,73648,74,73,lignes,2026-09-23,vitrine,b0ba2686b2,non
atmart_registre_sources.csv,2026-09-23,archives/atmart_registre_sources/2026-09-23-2.csv,a65595fc36f6a2ae5c9824c40da49d2ce82cfcc201e60970d0537ffb354fbdab,73888,74,73,lignes,2026-09-23,vitrine,152580b9bd,non
atmart_registre_sources.csv,2026-09-24,archives/atmart_registre_sources/2026-09-24.csv,4cb76027d8460525f0cd27de1655f129785de8251c7f49f4e1f026fd4bd56c99,74205,74,73,lignes,2026-09-24,vitrine,3a7188930f,non
atmart_registre_sources.csv,2026-09-24,archives/atmart_registre_sources/2026-09-24-2.csv,daeb1c4791146235416bb9fe0514ad9401635c6542f7b360eb958ab2a774c105,74188,74,73,lignes,2026-09-24,vitrine,9d35ac5d54,non
atmart_registre_sources.csv,2026-09-24,archives/atmart_registre_sources/2026-09-24-3.csv,a091e5aaf6ae87f3b644cedde5dbd667657a74155c2433f1d51e01119c87db5b,74390,74,73,lignes,2026-09-24,vitrine,7090486c05,non
atmart_registre_sources.csv,2026-09-24,archives/atmart_registre_sources/2026-09-24-4.csv,37d58ab4cadcae8e63e971001d6159b279f2b5ebc0c2dad98c200a442b8af340,74373,74,73,lignes,2026-09-24,vitrine,ab066f77c2,non
atmart_registre_sources.csv,2026-09-24,archives/atmart_registre_sources/2026-09-24-5.csv,37ad4e7c6f52006a23006aa39d96ca4b5b13c2a9b230fa6dd5814bdd91bb8660,74628,74,73,lignes,2026-09-24,vitrine,73cc808cf0,non
atmart_registre_sources.csv,2026-09-24,archives/atmart_registre_sources/2026-09-24-6.csv,f8d9be2298b7d58487a1039b96c01737340bca6abdcdf049038b0046e1f20cd2,74611,74,73,lignes,2026-09-24,vitrine,04cf0bd192,non
atmart_registre_sources.csv,2026-09-25,archives/atmart_registre_sources/2026-09-25.csv,c746238afa45e167392f6ef0fdc69d24c5660a47145635c00db02d59cf7342b6,74732,74,73,lignes,2026-09-25,vitrine,3da6826e8e,oui
atmart_registre_sources.csv,2026-08-23,archives/atmart_registre_sources/2026-08-23-3.csv,dfc0fbfde2cfe91e731f5733b78f16cdfe215989e5cc0c15c75b18726570fc2d,44127,47,46,lignes,2026-08-23,site,71b6010f36,non
atmart_renvois_us.json,2026-08-23,archives/atmart_renvois_us/2026-08-23.json,acfa9c47c823590d7acfcc781e5df95cd2cc3c30fdf9d9666ab44e6e77b6416b,20105,470,,,2026-08-23,vitrine,7aa251bc4a,oui
atmart_renvois_us_annuel.csv,2026-08-23,archives/atmart_renvois_us_annuel/2026-08-23.csv,c49a1b7223d3d73dc5c419c55fd26800e29ef5840c5db9feacf2557d55f43f45,9196,33,32,lignes,2026-08-23,vitrine,7aa251bc4a,oui
atmart_renvois_us_mensuel.csv,2026-08-23,archives/atmart_renvois_us_mensuel/2026-08-23.csv,bd4cbc54afb4eab725aa50b7511bf21011a8f3a59f01b22790940551a0eed8f3,102418,365,364,lignes,2026-08-23,vitrine,7aa251bc4a,oui
atmart_resultats_emmus.json,2026-08-25,archives/atmart_resultats_emmus/2026-08-25.json,f75058e4c9f6df6e30d5f33782f9f1de1fc7def9782eeccde62888898a19a928,3190,87,9,entrées,2026-08-25,vitrine,5e9213b95d,non
atmart_resultats_emmus.json,2026-08-26,archives/atmart_resultats_emmus/2026-08-26.json,90c21b81122eadb573e35b69ac757c3a285287e6797597b00355781efd1bdb02,3799,98,20,entrées,2026-08-26,vitrine,7a13592174,oui
atmart_resultats_emmus_HT.csv,2026-08-25,archives/atmart_resultats_emmus_HT/2026-08-25.csv,53725efe097c4502b98e59925c55c2e05e6b50afaa086de2a018c9b53d9aca8d,224738,402,401,lignes,2026-08-25,vitrine,5e9213b95d,non
atmart_resultats_emmus_HT.csv,2026-08-26,archives/atmart_resultats_emmus_HT/2026-08-26.csv,c22b92974a55b17f2b6f7ea216a28b1d8cb49fdccaba63ceab3c63b6453b05c1,513784,909,908,lignes,2026-08-26,vitrine,7a13592174,oui
atmart_retours_forces.json,2026-08-23,archives/atmart_retours_forces/2026-08-23.json,5962cf5ee48ab6d667c2f8fbe218596d7b3f49cfdbf61cc560b6da87e780cfdd,3757,146,4,entrées,2026-08-23,vitrine,6c2a1d8ac8,non
atmart_retours_forces.json,2026-09-18,archives/atmart_retours_forces/2026-09-18.json,5beba950f4a1668906bb4842602f9958a6c764c817dbebfec305f4b1ec44228a,3752,146,4,entrées,2026-09-18,vitrine,de037cc762,oui
atmart_retours_forces_HT.csv,2026-08-23,archives/atmart_retours_forces_HT/2026-08-23.csv,ae5ffc494fd670642de7f50b4a511a481bd138908b19aaae06953c6b0b4ccc3c,6399,23,22,lignes,2026-08-23,vitrine,6c2a1d8ac8,non
atmart_retours_forces_HT.csv,2026-09-18,archives/atmart_retours_forces_HT/2026-09-18.csv,585d68400aee8cf58756d2e073710581d1e44c05bd63cda5aae033b730fb339c,6289,23,22,lignes,2026-09-18,vitrine,de037cc762,oui
atmart_retours_forces_points_HT.csv,2026-08-23,archives/atmart_retours_forces_points_HT/2026-08-23.csv,ab5915a0fb08697893ab40104e4b6a0687a0ffb3593fd4dfe1f2e46398c91a10,1741,5,4,lignes,2026-08-23,vitrine,6c2a1d8ac8,non
atmart_retours_forces_points_HT.csv,2026-09-18,archives/atmart_retours_forces_points_HT/2026-09-18.csv,6d303fbeb1063217bc36687548010c3602ce4017e3c5956459f489703c77af9f,1721,5,4,lignes,2026-09-18,vitrine,de037cc762,oui
atmart_rgph2003_prose_HT.csv,2026-09-24,archives/atmart_rgph2003_prose_HT/2026-09-24.csv,1418877fccb035ed269f37d7a17d9b1b9851edad452bf370808f62bad44dca17,19072,65,64,lignes,2026-09-24,vitrine,2b72b1ecd9,oui
atmart_sante_declaree.json,2026-08-17,archives/atmart_sante_declaree/2026-08-17.json,61772925927af03db189b7b941549305417dc4ce5d0ed78ea12fd26217cf39d0,6930,0,139,entrées,2026-08-17,site,0d423eef1a,oui
atmart_secteurs_absents_HT.csv,2026-09-25,archives/atmart_secteurs_absents_HT/2026-09-25.csv,1dd2cb9d56b46a8bd9a27affd8da77a6075b446f70fe891d5a551311e6996b27,10408,24,23,lignes,2026-09-25,vitrine,4781324eef,non
atmart_secteurs_absents_HT.csv,2026-09-25,archives/atmart_secteurs_absents_HT/2026-09-25-2.csv,d0b92087f6c8eab651889e0d7402d8f88e3cdd9f4a5ea51d184a22e2bbecbd7f,11138,25,24,lignes,2026-09-25,vitrine,3da6826e8e,oui
atmart_securite_mensuelle_HT.csv,2026-09-21,archives/atmart_securite_mensuelle_HT/2026-09-21.csv,8c55b2028be32560a61db062652f5007b7c6f7983144fee0e992d118d889f58e,18209,93,92,lignes,2026-09-21,vitrine,79ff4df573,oui
atmart_seismes_communes.json,2026-08-17,archives/atmart_seismes_communes/2026-08-17.json,a20ea2d311e627a3426e44b6ecfdaff628767aeee5214628403f2603864d5c67,88921,0,140,entrées,2026-08-17,site,b82dbcfef2,oui
atmart_series_nationales.json,2026-08-18,archives/atmart_series_nationales/2026-08-18.json,1afbc8593eff217e950c8d974f611febd7de0eb983dc08f06d383f6853db9f93,18917,0,34,entrées,2026-08-18,vitrine,202933929e,non
atmart_series_nationales.json,2026-08-19,archives/atmart_series_nationales/2026-08-19.json,f2d50cdeaa2b1cc26cf78beb5d2ee6c8e5f838d61be748cb8d7a835cd4a718aa,39290,0,63,entrées,2026-08-19,vitrine,a1e6608c6b,non
atmart_series_nationales.json,2026-08-21,archives/atmart_series_nationales/2026-08-21.json,fd4722f393dd8f7477befc26e0a5a3013279ee6eb27de1a2eb561568bcaf517f,45166,0,73,entrées,2026-08-21,vitrine,7957dbebf8,non
atmart_series_nationales.json,2026-08-21,archives/atmart_series_nationales/2026-08-21-2.json,d74b4d26e3c479024c234bf9bb73995bd72ef0e35514c3b05414b585152032b3,47914,0,76,entrées,2026-08-21,vitrine,8f81f55118,non
atmart_series_nationales.json,2026-08-24,archives/atmart_series_nationales/2026-08-24.json,d622b77e1858e0b915856d32b0c15504c05750d5676e6a6515a328a30b361bd0,49637,0,79,entrées,2026-08-24,vitrine,d2fe3d9d9e,non
atmart_series_nationales.json,2026-08-26,archives/atmart_series_nationales/2026-08-26.json,ce19634f9b4a387c66b18f9d09e717cd6bd67b52d76584930fcc3054cd759703,59277,0,84,entrées,2026-08-26,vitrine,9c832550e8,non
atmart_series_nationales.json,2026-09-21,archives/atmart_series_nationales/2026-09-21.json,a9bbd6339c2595b06f075dfaa7ff61d6b806a4cac6e2319d015cad355c58b6a9,69434,0,90,entrées,2026-09-21,vitrine,8f0e9b45c6,non
atmart_series_nationales.json,2026-09-21,archives/atmart_series_nationales/2026-09-21-2.json,c218fa6690eef3eba16168bdc08cdbc657c2833264b47d31937a5b95a6c796cf,77780,0,107,entrées,2026-09-21,vitrine,f4ae3d4880,oui
atmart_series_nationales_HT.csv,2026-08-18,archives/atmart_series_nationales_HT/2026-08-18.csv,8ca7675a16dad1632aa1cc056a8ae8f73182b95ca7b16f0fe31da7deec657076,240437,908,907,lignes,2026-08-18,vitrine,202933929e,non
atmart_series_nationales_HT.csv,2026-08-19,archives/atmart_series_nationales_HT/2026-08-19.csv,707a1edd198130732e65eb2fa4ab87c3d28b4e05b22d57b421f9dcd5072dad67,442251,1420,1419,lignes,2026-08-19,vitrine,a1e6608c6b,non
atmart_series_nationales_HT.csv,2026-08-21,archives/atmart_series_nationales_HT/2026-08-21.csv,1ac504f39c2473de60c51b7e4626a4e9dc7c411c056b184f3bf4eacda7e24b69,500160,1586,1585,lignes,2026-08-21,vitrine,7957dbebf8,non
atmart_series_nationales_HT.csv,2026-08-21,archives/atmart_series_nationales_HT/2026-08-21-2.csv,1735548545cda3363b01e3cc0d63227440d899321e76b6d6696937405079e028,544846,1664,1663,lignes,2026-08-21,vitrine,8f81f55118,non
atmart_series_nationales_HT.csv,2026-08-22,archives/atmart_series_nationales_HT/2026-08-22.csv,88f718d9d5ee66d6663f32bad39062dfaec4bab392e2ca5095a841a82fb877bc,542896,1664,1663,lignes,2026-08-22,vitrine,5198a9223d,non
atmart_series_nationales_HT.csv,2026-08-24,archives/atmart_series_nationales_HT/2026-08-24.csv,300c43f609231999167b955ef89ce012d0a323fccd5216c2c430d9b0d917096c,562188,1713,1712,lignes,2026-08-24,vitrine,d2fe3d9d9e,non
atmart_series_nationales_HT.csv,2026-09-21,archives/atmart_series_nationales_HT/2026-09-21.csv,a0b71b0289ad36e6a6036ce29cf7dc905ee443f0f06c83e21e15f2c891fb6271,790369,2145,2144,lignes,2026-09-21,vitrine,8f0e9b45c6,non
atmart_series_nationales_HT.csv,2026-09-21,archives/atmart_series_nationales_HT/2026-09-21-2.csv,942823759c618c221f53f96f0acdaa0da1cb78913e746ff25ef5ce3be905a56e,807123,2185,2184,lignes,2026-09-21,vitrine,f4ae3d4880,oui
atmart_solaire_communes.json,2026-08-17,archives/atmart_solaire_communes/2026-08-17.json,ecdf68dea2716fee49da1d575aa032d4b73804992b95d5b404a4987125a6a074,190619,4396,140,entrées,2026-08-17,site,4edd662664,non
atmart_solaire_communes.json,2026-08-17,archives/atmart_solaire_communes/2026-08-17-2.json,aac3de498d1d2a2cf59778c317aab618733b46b9555d5ba27de94a2354363085,169123,0,140,entrées,2026-08-17,site,df46d75237,oui
atmart_sols_communes.json,2026-08-17,archives/atmart_sols_communes/2026-08-17.json,47daf7bae941c221ae2a690722fbc0dee1809c10402caebc25aa98d1620ec20f,28971,0,140,entrées,2026-08-17,site,2b76d06e4f,non
atmart_sols_communes.json,2026-08-17,archives/atmart_sols_communes/2026-08-17-2.json,08a40e117909174fb30a653281c37d838c784511c7bd447c82f2346d90833181,28907,0,140,entrées,2026-08-17,site,f0941712df,oui
atmart_taux_change_brh_HT.csv,2026-09-24,archives/atmart_taux_change_brh_HT/2026-09-24.csv,c34c3bce14ef789b8161817f1dd5a983727bf3e73828e42a905a5f83547fff9c,956700,7802,7801,lignes,2026-09-24,vitrine,a31ae8d8a2,oui
atmart_taux_change_brh_mensuel_HT.csv,2026-09-24,archives/atmart_taux_change_brh_mensuel_HT/2026-09-24.csv,881799e5cabfd300005a04e1e095bffbf99dff13e792c9ecd39d66fc506c5d2d,52671,384,383,lignes,2026-09-24,vitrine,a31ae8d8a2,oui
atmart_telecom_communes_HT.csv,2026-08-15,archives/atmart_telecom_communes_HT/2026-08-15.csv,4ba2bfbee081087895546e3dd18cd2f3130275bffa00588b6c5b6e07b617d192,32910,220,219,lignes,2026-08-15,vitrine,72b261b108,oui
atmart_tofe_annuel_HT.csv,2026-09-21,archives/atmart_tofe_annuel_HT/2026-09-21.csv,2eccdc6bbae190da1465085e5ae02050cac0d30c567c9c516d62a235ae1a4c01,56895,175,174,lignes,2026-09-21,vitrine,bfdd96744c,oui
atmart_tourisme_communes.json,2026-08-21,archives/atmart_tourisme_communes/2026-08-21.json,cfda294ea25d00e510b412fdb800df3504755b17ac4b92e17a744ea4e1c05e3a,4554,0,107,entrées,2026-08-21,vitrine,7957dbebf8,non
atmart_tourisme_communes.json,2026-08-21,archives/atmart_tourisme_communes/2026-08-21-2.json,b2e5a01cf437a7545a4656190b2cb022b1d86468fd75188fe9ca385060ba1752,5231,0,115,entrées,2026-08-21,vitrine,e8cebe6175,oui
atmart_tourisme_communes_HT.csv,2026-08-21,archives/atmart_tourisme_communes_HT/2026-08-21.csv,6bd153945a1c382831c6c9199e960892ebf4a9e5645b3cbc1fa22befb6479f6e,106395,338,337,lignes,2026-08-21,vitrine,7957dbebf8,non
atmart_tourisme_communes_HT.csv,2026-08-21,archives/atmart_tourisme_communes_HT/2026-08-21-2.csv,37e82b4cc5bde12b0841691f35a0dfcd1c0ad9f0b3d4e94724b7d9037eb94cd0,133522,413,412,lignes,2026-08-21,vitrine,e8cebe6175,oui
atmart_transferts_departements.json,2026-08-25,archives/atmart_transferts_departements/2026-08-25.json,24516822adf74ca1eb285911343e6446ad9eaf66b1083bc762a398978bd85769,2180,57,,,2026-08-25,vitrine,3ed650bf90,non
atmart_transferts_departements.json,2026-08-25,archives/atmart_transferts_departements/2026-08-25-2.json,0d6b9ab82718ec466a0fd0d132f35504746c9cb1f624ae20c6f27b200cb04239,2360,67,,,2026-08-25,vitrine,6c1a6d4d25,oui
atmart_transferts_departements_HT.csv,2026-08-25,archives/atmart_transferts_departements_HT/2026-08-25.csv,e4d9ce3874744e564dd67a584656516e544dc007255ce048c39f716c895c95e4,26591,51,50,lignes,2026-08-25,vitrine,3ed650bf90,non
atmart_transferts_departements_HT.csv,2026-08-25,archives/atmart_transferts_departements_HT/2026-08-25-2.csv,c9e06c75eb9c883f7c18ab01a3ec881beb9c38e942672a76201d3f7e671e1446,26859,51,50,lignes,2026-08-25,vitrine,6c1a6d4d25,oui
atmart_transferts_pays.json,2026-08-25,archives/atmart_transferts_pays/2026-08-25.json,a7c63c3abc53c7653cee34ec34a255302bce1839aae8ec5116cd34ca43ed7b61,4347,211,,,2026-08-25,vitrine,3ed650bf90,oui
atmart_transferts_pays_mensuel.csv,2026-08-25,archives/atmart_transferts_pays_mensuel/2026-08-25.csv,ba3757acf369b6c38b29d2e9dcd8aadac718007691cd343b573a249d9b5ba1a2,1286238,3372,3371,lignes,2026-08-25,vitrine,3ed650bf90,oui
atmart_urbanisation_communes.json,2026-08-17,archives/atmart_urbanisation_communes/2026-08-17.json,e71472c31bc16827ad04999d79fc7bf852871105ec7cc3be731dd558747dd74c,28037,0,140,entrées,2026-08-17,site,e835d01582,oui
catalogue_manifest.json,2026-08-13,archives/catalogue_manifest/2026-08-13.json,7352f327edc6a5d3f354877be352197bef909d908f054a620411b569569b8958,918,27,,,2026-08-13,vitrine,1b62cf0caf,non
catalogue_manifest.json,2026-08-13,archives/catalogue_manifest/2026-08-13-2.json,b433dde736406b33457cb279ec30eee4d91682cc2542672880628651ee0073f5,1146,34,,,2026-08-13,vitrine,5821b4c4e6,non
catalogue_manifest.json,2026-08-14,archives/catalogue_manifest/2026-08-14.json,a5f4ba2d7a160766671d032ffd2e9a602e2478b3fbc57e491d194391e21a932c,1622,54,,,2026-08-14,vitrine,c06b196c03,non
catalogue_manifest.json,2026-08-14,archives/catalogue_manifest/2026-08-14-2.json,57b8c35265a6143f8fa1599135080687cac3c61dec24cf509a9ed451733e0f6e,1622,54,,,2026-08-14,vitrine,de7a139abf,non
catalogue_manifest.json,2026-08-14,archives/catalogue_manifest/2026-08-14-3.json,78ff3c790b3a3552e3ade4ada3b2b9055adeb93e190cc07b84cfecf9e1a4bf37,1939,65,,,2026-08-14,vitrine,bb6c64113c,non
catalogue_manifest.json,2026-08-14,archives/catalogue_manifest/2026-08-14-4.json,69f98f46e7e34b38eb336ea58f8f23c6fa4da3024fa78936bbe5dac43b99e1fd,2137,73,,,2026-08-14,vitrine,5eda4cfd6c,non
catalogue_manifest.json,2026-08-14,archives/catalogue_manifest/2026-08-14-5.json,207d1ecea3396ffe3a81a9599f52c9b9687edee46dd8462517404c8cdc046138,2138,73,,,2026-08-14,vitrine,cb454f7ad5,non
catalogue_manifest.json,2026-08-14,archives/catalogue_manifest/2026-08-14-6.json,6d859c9ac860d1ee28afdabe111cf1dccce1044921175fc7bf0d4531c50e0a3c,2170,74,,,2026-08-14,vitrine,b190e6112e,non
catalogue_manifest.json,2026-08-14,archives/catalogue_manifest/2026-08-14-7.json,205d1762a7d372eb30d5a88bcece980d10eaee8b7cba0e09121d732e072ddb12,2169,74,,,2026-08-14,vitrine,c16edb598c,non
catalogue_manifest.json,2026-08-14,archives/catalogue_manifest/2026-08-14-8.json,2201ed96c6b8f57559cc94487acd39667e37a3a65f3c634940d7e72d64f6df69,2461,86,,,2026-08-14,vitrine,c07ded6970,non
catalogue_manifest.json,2026-08-14,archives/catalogue_manifest/2026-08-14-9.json,a9710c3ade8a5ab6e52b93f187f640fb93a5363737bc5c7063606ea8f6aace33,2653,94,,,2026-08-14,vitrine,ae24921110,non
catalogue_manifest.json,2026-08-14,archives/catalogue_manifest/2026-08-14-10.json,94329fbb7a1b21d187734e485b4f6c99adc61eb4c0424643c9505beb79f640a3,2504,88,,,2026-08-14,vitrine,e8a8a90444,non
catalogue_manifest.json,2026-08-15,archives/catalogue_manifest/2026-08-15.json,ca767ad79b362ba59997426cda676216f30b8975ae53f2e9a144b63fbd2f5f51,2600,92,,,2026-08-15,vitrine,72b261b108,non
catalogue_manifest.json,2026-08-19,archives/catalogue_manifest/2026-08-19.json,9d82200da94a63d6f6d3ef7713c26e726e5045d3e0abcfcdaf4c7924495ac581,2650,94,,,2026-08-19,vitrine,1954473551,non
catalogue_manifest.json,2026-08-20,archives/catalogue_manifest/2026-08-20.json,d6717625fc860822ce7cd204fb95df19a0d0a70a980daf7a918a8f95d75d9f60,2650,94,,,2026-08-20,vitrine,fc35cf76f4,non
catalogue_manifest.json,2026-08-21,archives/catalogue_manifest/2026-08-21.json,c308175930ad9996782eac5149e0a5dc345dacf2c5bf7754a7a033bc24a3e6e1,2796,100,,,2026-08-21,vitrine,7957dbebf8,non
catalogue_manifest.json,2026-08-21,archives/catalogue_manifest/2026-08-21-2.json,c8d0a47fa477a50c9cd81513726855bd862ca3a870b75bce8f023e52efc784b5,2796,100,,,2026-08-21,vitrine,e8cebe6175,non
catalogue_manifest.json,2026-08-21,archives/catalogue_manifest/2026-08-21-3.json,198aa4f76830164c93332ae5122279bfee8a168a5b33acffe6560f2b39ef40dc,2894,104,,,2026-08-21,vitrine,8f81f55118,non
catalogue_manifest.json,2026-08-21,archives/catalogue_manifest/2026-08-21-4.json,223df922259ba2caf88f7b0b10f48634ab67529c38a536b4e9d3a00ccb88cbd2,2894,104,,,2026-08-21,vitrine,88834c2a5b,non
catalogue_manifest.json,2026-08-21,archives/catalogue_manifest/2026-08-21-5.json,91edf9d98fa4fe082cba1eb742b6239dc99bb12e7f4ad7d73f92b942a5ae0268,2894,104,,,2026-08-21,vitrine,bd23a87bd0,non
catalogue_manifest.json,2026-08-21,archives/catalogue_manifest/2026-08-21-6.json,83409071ad5a1149262e5895a5b34c3beec1576f2a54145face4e3da79d4d659,2990,108,,,2026-08-21,vitrine,4567a32e9b,non
catalogue_manifest.json,2026-08-21,archives/catalogue_manifest/2026-08-21-7.json,18258eaae4c60e38c32fff0bf98298b3eabf5ddfd056e5206cad1d9632a29285,3037,110,,,2026-08-21,vitrine,e46de3f42f,non
catalogue_manifest.json,2026-08-21,archives/catalogue_manifest/2026-08-21-8.json,c3b7c956567cd02fc768d4d97818531e0943b4d40f47ecd2142863c0263a0699,3037,110,,,2026-08-21,vitrine,fd1ce67602,non
catalogue_manifest.json,2026-08-23,archives/catalogue_manifest/2026-08-23.json,20f35ac7b04031f6582e9c8985892af72bb041b767e595779e2151727dedaaba,3134,114,,,2026-08-23,vitrine,6c2a1d8ac8,non
catalogue_manifest.json,2026-08-26,archives/catalogue_manifest/2026-08-26.json,16bf5eeedc876bb3c2015477f9da6ec6875441f3788c3a38136f23bc93f694ea,4039,151,,,2026-08-26,vitrine,9c832550e8,non
catalogue_manifest.json,2026-08-26,archives/catalogue_manifest/2026-08-26-2.json,42f43f2a73d95a91db3c513f65ebec9de19d1ee1da6d32726108ba2a00259293,4068,152,,,2026-08-26,vitrine,bd567ce890,non
catalogue_manifest.json,2026-08-27,archives/catalogue_manifest/2026-08-27.json,c69d2d7e3f6957119bbde263815c8dff372ad4c45712612cc1bb295ebc8f9a02,4068,152,,,2026-08-27,vitrine,ae755c576b,non
catalogue_manifest.json,2026-09-10,archives/catalogue_manifest/2026-09-10.json,5c5328c83fd8b3076b3cc90d663ece28ce12eb065c4ff5d8bfa7874a225c3281,4117,154,,,2026-09-10,vitrine,82c1ec6dd7,non
catalogue_manifest.json,2026-09-19,archives/catalogue_manifest/2026-09-19.json,14205a3163eaaf334604da20d597149beb70c64cd904738364c043165c33f7af,4166,156,,,2026-09-19,vitrine,14ffb023e6,non
catalogue_manifest.json,2026-09-19,archives/catalogue_manifest/2026-09-19-2.json,0083d33b3462e5941e5af6fefb45abf85a19cffa15f1c903740c79ebff625d5a,4166,156,,,2026-09-19,vitrine,6fc2a4f25d,non
catalogue_manifest.json,2026-09-19,archives/catalogue_manifest/2026-09-19-3.json,93d600a145cf898f6226083fa726e24eff77d24ebb933f418143955f4a6aea32,4167,156,,,2026-09-19,vitrine,f95c72d3f5,non
catalogue_manifest.json,2026-09-19,archives/catalogue_manifest/2026-09-19-4.json,2b6a9f6d79dfa31010765e79c8638e0040e3efe6eb0932342c1c0a49deac4498,4167,156,,,2026-09-19,vitrine,4e3181bdcf,non
catalogue_manifest.json,2026-09-19,archives/catalogue_manifest/2026-09-19-5.json,de336edeaa4d45d07f920c243f3875dc7c843b8e112c243fc3b96bbe1e3f1a4b,4170,156,,,2026-09-19,vitrine,5391975073,non
catalogue_manifest.json,2026-09-19,archives/catalogue_manifest/2026-09-19-6.json,26302cc278517c6c249ccc810537603dd4fccc6064f1ebf3c8288871ebbf8529,4170,156,,,2026-09-19,vitrine,bd529fd93e,non
catalogue_manifest.json,2026-09-20,archives/catalogue_manifest/2026-09-20.json,d935b0d2160895ee384d3f1e6c256c7253e7829567ce1eb5ddd017d619f2b464,4170,156,,,2026-09-20,vitrine,160cc5d927,non
catalogue_manifest.json,2026-09-20,archives/catalogue_manifest/2026-09-20-2.json,76bcfa49c5a445d7df389d7f8e42f6ea35b5c9c8252698bb4957565179c46d32,4170,156,,,2026-09-20,vitrine,77b5c94307,non
catalogue_manifest.json,2026-09-20,archives/catalogue_manifest/2026-09-20-3.json,18c6e16a621b2cee43a0bb616a763f56a2158b24fda4f68f0a029a2df532f21a,4170,156,,,2026-09-20,vitrine,f47f5536e7,non
catalogue_manifest.json,2026-09-20,archives/catalogue_manifest/2026-09-20-4.json,de8f474465307ea40b83855218b9a41da43310b5f07069b072c8e2e9480090dd,4170,156,,,2026-09-20,vitrine,fc7bdc60a8,non
catalogue_manifest.json,2026-09-20,archives/catalogue_manifest/2026-09-20-5.json,415486135c3d06508f0b2dc9264aae436494ea91eeccf446342f37e089e20225,4170,156,,,2026-09-20,vitrine,4c4c7fdad6,non
catalogue_manifest.json,2026-09-21,archives/catalogue_manifest/2026-09-21.json,a56ff447ceb4a64ae90cf1cb0addcb08cee4bae024bf5301f8de85fb53e3e76b,4170,156,,,2026-09-21,vitrine,38c039b460,non
catalogue_manifest.json,2026-09-21,archives/catalogue_manifest/2026-09-21-2.json,a54ff0079a90d0e0615853e0d7b8f976e351969797e30ec7647401ad79664dbd,4170,156,,,2026-09-21,vitrine,255e1e9bc6,non
catalogue_manifest.json,2026-09-21,archives/catalogue_manifest/2026-09-21-3.json,011a2a048f91f5f55bc9cf07edd69568798943be24c7c3f5bfb9d1b20dedf212,4219,158,,,2026-09-21,vitrine,adb7c5a0a2,non
catalogue_manifest.json,2026-09-21,archives/catalogue_manifest/2026-09-21-4.json,b67d9c6a81b0ee071124aa92b8b1a3290f85be7e3480d1d0e76f8f27187425e0,4316,162,,,2026-09-21,vitrine,c54de51256,non
catalogue_manifest.json,2026-09-21,archives/catalogue_manifest/2026-09-21-5.json,5672c373ad5f2560f764b94fa9b9c37fdbb4c86c675c4affafda80ad0aabdee2,4317,162,,,2026-09-21,vitrine,f4ae3d4880,non
catalogue_manifest.json,2026-09-22,archives/catalogue_manifest/2026-09-22.json,4df9724048c993c058823d5add23de64ca4880ab82cb4c88a4a137969dc5671e,4317,162,,,2026-09-22,vitrine,69efa5434c,non
catalogue_manifest.json,2026-09-23,archives/catalogue_manifest/2026-09-23.json,f0684bb1515def81d9765a5b3bfbb9c498b3e66b7d62d080159cb82339851d98,4368,164,,,2026-09-23,vitrine,b0ba2686b2,non
catalogue_manifest.json,2026-09-24,archives/catalogue_manifest/2026-09-24.json,cff6690ac2f6f145f7434081321def719fcb90fee2ce32c9c9d0019b3dcec1e3,4415,166,,,2026-09-24,vitrine,3a7188930f,non
catalogue_manifest.json,2026-09-24,archives/catalogue_manifest/2026-09-24-2.json,af0ad47d75151fdea24c170e7ee0dc4558a5bc29ea87692a9301ec7aff7ede75,4464,168,,,2026-09-24,vitrine,7090486c05,non
catalogue_manifest.json,2026-09-24,archives/catalogue_manifest/2026-09-24-3.json,ab52c21595baadb1f2bc808bc3489c406509eee13a317f9e70b121bf83c403e3,4512,170,,,2026-09-24,vitrine,73cc808cf0,non
catalogue_manifest.json,2026-09-25,archives/catalogue_manifest/2026-09-25.json,50a13ae45e858f035c92f0bf412902dec018587c6be747564f9df2aab8399395,4512,170,,,2026-09-25,vitrine,e4c0425383,non
catalogue_manifest.json,2026-09-25,archives/catalogue_manifest/2026-09-25-2.json,683c1eb666cd1873c5620f4f69e3d21e2dbbc3d0bc8a005559e92fcfe08d7c83,4559,172,,,2026-09-25,vitrine,c728a6855b,non
catalogue_manifest.json,2026-09-25,archives/catalogue_manifest/2026-09-25-3.json,b53be0342a5ab50a9f85ef21cb7893f05b4cead249bb8c6099984270f68aa23b,4651,176,,,2026-09-25,vitrine,3da6826e8e,oui
haiti_communes_simplifie.geojson,2026-08-14,archives/haiti_communes_simplifie/2026-08-14.geojson,e0162bfa16e701a3f71804c6b7a574bf0a943801fc5687f065807b2cbb681e64,231716,1,140,entités,2026-08-14,vitrine,5eda4cfd6c,oui
haiti_contour_simplifie.geojson,2026-07-31,archives/haiti_contour_simplifie/2026-07-31.geojson,15b281bc0d8b87827805908cc7e90d0a9a3ceb8541b866650c1ca19d3946c3c1,16785,0,1,entités,2026-07-31,vitrine,3f56418955,oui
haiti_departements_simplifie.geojson,2026-08-14,archives/haiti_departements_simplifie/2026-08-14.geojson,9824d2bce124ac292ca1750e679368c7c7fca85eccf997f6e05f0cb1031f3aa2,42967,1,10,entités,2026-08-14,vitrine,5eda4cfd6c,oui
haiti_regions_enquete_simplifie.geojson,2026-08-25,archives/haiti_regions_enquete_simplifie/2026-08-25.geojson,5af3297db1ccfa05602efd3092af80a21e37f18368c1ec852d5410dfebccb500,170661,0,11,entités,2026-08-25,vitrine,5e9213b95d,oui
transferts_diaspora_haiti_2000_2025.csv,2026-07-31,archives/transferts_diaspora_haiti_2000_2025/2026-07-31.csv,e38973a5d68dc4a39c083ba8898f150cfc6bc53831af6e20bc7e95265ea07cbe,1375,27,26,lignes,2026-07-31,vitrine,fbe7a69209,oui
atmart_opinion_regions.json,2026-08-25,archives/atmart_opinion_regions/2026-08-25.json,512927ef40726e67e4dc2ee68910703b8ebbc3d589ceb8ea3027ecc674f6927e,1999,28,,,2026-08-25,vitrine,ad03d03fd7,non
atmart_opinion_regions_HT.csv,2026-08-25,archives/atmart_opinion_regions_HT/2026-08-25.csv,1fc7a5b676fcc94981ea0f740fb70b244fe94a6a5329babc83bcef81a1fd2cb9,233208,359,358,lignes,2026-08-25,vitrine,ad03d03fd7,non
