indicateur_id,langue,champ,valeur
IND-ACC-001,en,comparabilite,Comparable if the network and the method do not change.
IND-ACC-001,en,definition,Median travel time from inhabited localities to the nearest health facility.
IND-ACC-001,en,limites_connues,The OSM network is under ODbL: incompatible with a proprietary Atmart licence without share-alike.
IND-ACC-001,en,methode_calcul,"Isochrone computation on the road network from each locality, then a population-weighted median."
IND-ACC-001,en,nom,Travel time to the nearest health centre
IND-ACC-001,en,sens_interpretation,"Low = accessible service. This is the hardest indicator to reproduce, hence the most differentiating."
IND-ACC-001,en,unite,minutes
IND-ACC-001,es,comparabilite,Comparable si la red y el método no cambian.
IND-ACC-001,es,definition,Tiempo de trayecto mediano desde las localidades habitadas hasta el establecimiento de salud más cercano.
IND-ACC-001,es,limites_connues,La red OSM está bajo ODbL: incompatible con una licencia Atmart propietaria sin compartir-igual.
IND-ACC-001,es,methode_calcul,"Cálculo de isócronas sobre la red viaria desde cada localidad, y después mediana ponderada por la población."
IND-ACC-001,es,nom,Tiempo de acceso al centro de salud más cercano
IND-ACC-001,es,sens_interpretation,Bajo = servicio accesible. Es el indicador más difícil de reproducir y por tanto el más diferenciador.
IND-ACC-001,es,unite,minutos
IND-ACC-001,ht,comparabilite,Konparab si rezo a ak metòd la pa chanje.
IND-ACC-001,ht,definition,Tan medyàn pou soti nan kote moun rete yo rive nan etablisman sante ki pi pre a.
IND-ACC-001,ht,limites_connues,Rezo OSM la anba lisans ODbL : li pa konpatib ak yon lisans Atmart pwopriyetè san pataj alidantik.
IND-ACC-001,ht,methode_calcul,"Kalkil izokwòn sou rezo wout la depi chak lokalite, apre sa medyàn pondere pa popilasyon an."
IND-ACC-001,ht,nom,Tan pou rive nan sant sante ki pi pre a
IND-ACC-001,ht,sens_interpretation,"Ba = sèvis la aksesib. Se endikatè ki pi difisil pou repwodui, se poutèt sa li pi diferansyan."
IND-ACC-001,ht,unite,minit
IND-ACC-002,en,comparabilite,Comparable between communes of the same reference year.
IND-ACC-002,en,definition,Median road travel time to the nearest hospital.
IND-ACC-002,en,limites_connues,"Same limits as access to a health point, including the walk that is not counted. ""Hospital"" follows OpenStreetMap tagging, not a ministry accreditation: in Haiti the word covers many dispensaries and health centres, so the family is broader than the word suggests."
IND-ACC-002,en,methode_calcul,"Same computation as IND-ACC-001, with destinations restricted to objects tagged as hospitals in OpenStreetMap."
IND-ACC-002,en,nom,Travel time to the nearest hospital
IND-ACC-002,en,sens_interpretation,Low = better access
IND-ACC-002,en,unite,minutes
IND-ACC-002,es,comparabilite,Comparable entre comunas del mismo año de referencia.
IND-ACC-002,es,definition,Tiempo mediano de trayecto por carretera hasta el hospital más cercano.
IND-ACC-002,es,limites_connues,"Mismos límites que el acceso a un punto de salud, incluida la marcha a pie que no se contabiliza. «Hospital» sigue el etiquetado de OpenStreetMap, no una acreditación ministerial: en Haití la palabra abarca numerosos dispensarios y centros de salud, de modo que la familia es más amplia de lo que la palabra sugiere."
IND-ACC-002,es,methode_calcul,"Mismo cálculo que IND-ACC-001, con destinos limitados a los objetos etiquetados como hospital en OpenStreetMap."
IND-ACC-002,es,nom,Tiempo de acceso al hospital más cercano
IND-ACC-002,es,sens_interpretation,Bajo = mejor acceso
IND-ACC-002,es,unite,minutos
IND-ACC-002,ht,comparabilite,Konparab ant komin ki gen menm ane referans lan.
IND-ACC-002,ht,definition,Tan medyàn pou fè wout la jouk nan lopital ki pi pre a.
IND-ACC-002,ht,limites_connues,"Menm limit ak tan pou rive nan yon sant sante, mache a pye a pa konte tou. Mo « lopital » la soti nan etikèt OpenStreetMap, se pa yon agreman ministè : ann Ayiti mo sa a kouvri anpil dispansè ak sant sante, kidonk fanmi an pi laj pase sa mo a fè kwè."
IND-ACC-002,ht,methode_calcul,"Menm kalkil ak IND-ACC-001, men se sèlman kote OpenStreetMap make kòm lopital yo ki konte."
IND-ACC-002,ht,nom,Tan pou rive nan lopital ki pi pre a
IND-ACC-002,ht,sens_interpretation,Ba = pi bon aksè
IND-ACC-002,ht,unite,minit
IND-ACC-003,en,comparabilite,Comparable between communes of the same reference year.
IND-ACC-003,en,definition,Median road travel time to the nearest school.
IND-ACC-003,en,limites_connues,"The computation follows the road network: it does not measure off-road walking, which is the rule in several communal sections — and children walk to school. The figure describes provision, not a pupil's actual journey. Every mapped school counts, whatever its level: the village pre-school is not the secondary school."
IND-ACC-003,en,methode_calcul,"Same computation as IND-ACC-001, destination: any object tagged as a school."
IND-ACC-003,en,nom,Travel time to the nearest school
IND-ACC-003,en,sens_interpretation,Low = better access
IND-ACC-003,en,unite,minutes
IND-ACC-003,es,comparabilite,Comparable entre comunas del mismo año de referencia.
IND-ACC-003,es,definition,Tiempo mediano de trayecto por carretera hasta la escuela más cercana.
IND-ACC-003,es,limites_connues,"El cálculo sigue la red viaria: no mide los trayectos a pie fuera de carretera, que son la regla en varias secciones comunales — y a la escuela se va a pie. La cifra describe la oferta, no el trayecto real de un alumno. Cuentan todas las escuelas cartografiadas, sea cual sea su nivel: el preescolar del pueblo no es el liceo."
IND-ACC-003,es,methode_calcul,"Mismo cálculo que IND-ACC-001, destino: todo objeto etiquetado como escuela."
IND-ACC-003,es,nom,Tiempo de acceso a la escuela más cercana
IND-ACC-003,es,sens_interpretation,Bajo = mejor acceso
IND-ACC-003,es,unite,minutos
IND-ACC-003,ht,comparabilite,Konparab ant komin ki gen menm ane referans lan.
IND-ACC-003,ht,definition,Tan medyàn pou fè wout la jouk nan lekòl ki pi pre a.
IND-ACC-003,ht,limites_connues,"Kalkil la swiv rezo wout la : li pa mezire wout a pye deyò wout yo, e se konsa timoun yo fè li nan plizyè seksyon kominal — paske se a pye moun al lekòl. Chif la dekri sèvis ki genyen an, se pa wout yon elèv fè vre. Tout lekòl ki sou kat la konte, kèlkeswa nivo yo : preskolè bouk la se pa lise a."
IND-ACC-003,ht,methode_calcul,"Menm kalkil ak IND-ACC-001, destinasyon an se tout kote ki make kòm lekòl."
IND-ACC-003,ht,nom,Tan pou rive nan lekòl ki pi pre a
IND-ACC-003,ht,sens_interpretation,Ba = pi bon aksè
IND-ACC-003,ht,unite,minit
IND-ACC-004,en,comparabilite,Comparable between communes of the same reference year.
IND-ACC-004,en,definition,Median road travel time to the nearest market.
IND-ACC-004,en,limites_connues,"A market does not open every day: travel time says nothing about frequency, and a weekly market ten minutes away is less accessible than a daily market thirty minutes away. The coordinates of the markets monitored by WFP are published to the hundredth of a degree, about one kilometre of precision. The walk to the road is not counted."
IND-ACC-004,en,methode_calcul,"Same computation as IND-ACC-001, destination: the geolocated markets of the Atmart register."
IND-ACC-004,en,nom,Travel time to the nearest market
IND-ACC-004,en,sens_interpretation,Low = better access
IND-ACC-004,en,unite,minutes
IND-ACC-004,es,comparabilite,Comparable entre comunas del mismo año de referencia.
IND-ACC-004,es,definition,Tiempo mediano de trayecto por carretera hasta el mercado más cercano.
IND-ACC-004,es,limites_connues,"Un mercado no abre todos los días: el tiempo de acceso no dice nada sobre la frecuencia, y un mercado semanal a diez minutos es menos accesible que un mercado diario a treinta. Las coordenadas de los mercados que sigue el PMA se publican con centésimas de grado, es decir alrededor de un kilómetro de precisión. La marcha a pie hasta la carretera no se contabiliza."
IND-ACC-004,es,methode_calcul,"Mismo cálculo que IND-ACC-001, destino: los mercados geolocalizados del registro Atmart."
IND-ACC-004,es,nom,Tiempo de acceso al mercado más cercano
IND-ACC-004,es,sens_interpretation,Bajo = mejor acceso
IND-ACC-004,es,unite,minutos
IND-ACC-004,ht,comparabilite,Konparab ant komin ki gen menm ane referans lan.
IND-ACC-004,ht,definition,Tan medyàn pou fè wout la jouk nan mache ki pi pre a.
IND-ACC-004,ht,limites_connues,"Yon mache pa louvri chak jou : tan pou rive a pa di anyen sou konbyen fwa li louvri, e yon mache ki fèt yon fwa pa semèn a dis minit mwens aksesib pase yon mache ki louvri chak jou a trant minit. Kowòdone mache PAM ap swiv yo pibliye nan santyèm degre, sa vle di apeprè yon kilomèt presizyon. Mache a pye jouk nan wout la pa konte."
IND-ACC-004,ht,methode_calcul,"Menm kalkil ak IND-ACC-001, destinasyon an se mache ki nan rejis Atmart la, ak kowòdone yo."
IND-ACC-004,ht,nom,Tan pou rive nan mache ki pi pre a
IND-ACC-004,ht,sens_interpretation,Ba = pi bon aksè
IND-ACC-004,ht,unite,minit
IND-BUD-001,en,comparabilite,Requires correcting for inflation to compare two fiscal years.
IND-BUD-001,en,definition,Executed public expenditure related to the population.
IND-BUD-001,en,limites_connues,A voted expenditure is not an executed expenditure.
IND-BUD-001,en,methode_calcul,Executed expenditure for the fiscal year ÷ population. The fiscal year (1 October – 30 September) comes from the time referential: never relate it to a calendar year.
IND-BUD-001,en,nom,Public expenditure per inhabitant
IND-BUD-001,en,sens_interpretation,To be read together with the structure of the expenditure.
IND-BUD-001,en,unite,HTG / inhabitant
IND-BUD-001,es,comparabilite,Exige corregir la inflación para comparar dos ejercicios.
IND-BUD-001,es,definition,Gasto público ejecutado en relación con la población.
IND-BUD-001,es,limites_connues,Un gasto aprobado no es un gasto ejecutado.
IND-BUD-001,es,methode_calcul,Gasto ejecutado del ejercicio ÷ población. El ejercicio fiscal (1 de octubre – 30 de septiembre) lo aporta el referencial tiempo: nunca referirlo a un año civil.
IND-BUD-001,es,nom,Gasto público por habitante
IND-BUD-001,es,sens_interpretation,Debe leerse junto con la estructura del gasto.
IND-BUD-001,es,unite,HTG / habitante
IND-BUD-001,ht,comparabilite,Fòk ou korije enflasyon an pou konpare de ekzèsis.
IND-BUD-001,ht,definition,Depans piblik yo egzekite rapòte ak popilasyon an.
IND-BUD-001,ht,limites_connues,Yon depans yo vote pa yon depans yo egzekite.
IND-BUD-001,ht,methode_calcul,Depans egzekite nan ekzèsis la ÷ popilasyon. Se baz referans tan an ki bay ekzèsis fiskal la (1ye oktòb – 30 septanm) : pa janm rapòte l ak yon ane sivil.
IND-BUD-001,ht,nom,Depans piblik pou chak moun
IND-BUD-001,ht,sens_interpretation,"Pou li l byen, gade tou ki jan depans lan òganize."
IND-BUD-001,ht,unite,HTG / moun
IND-EDU-001,en,comparabilite,"NOT comparable between departments: the source covers only Sud, Ouest, Nippes and Grande'Anse."
IND-EDU-001,en,definition,Number of schools recorded.
IND-EDU-001,en,limites_connues,"PARTIAL COVERAGE — 4 departments out of 10, 49 communes out of 140. A zero value means “not recorded”, never “no schools”."
IND-EDU-001,en,methode_calcul,"Count in the organisations referential, Education category."
IND-EDU-001,en,nom,Recorded schools
IND-EDU-001,en,sens_interpretation,To be read only within the covered area.
IND-EDU-001,en,unite,count
IND-EDU-001,es,comparabilite,"NO comparable entre departamentos: la fuente solo cubre Sud, Ouest, Nippes y Grande'Anse."
IND-EDU-001,es,definition,Número de centros escolares registrados.
IND-EDU-001,es,limites_connues,"COBERTURA PARCIAL — 4 departamentos de 10, 49 comunas de 140. Un valor cero significa «no registrado», nunca «ninguna escuela»."
IND-EDU-001,es,methode_calcul,"Recuento en el referencial de organizaciones, categoría Educación."
IND-EDU-001,es,nom,Escuelas registradas
IND-EDU-001,es,sens_interpretation,Léase únicamente dentro de la zona cubierta.
IND-EDU-001,es,unite,número
IND-EDU-001,ht,comparabilite,"PA konparab ant depatman : sous la kouvri sèlman Sid, Lwès, Nip ak Grandans."
IND-EDU-001,ht,definition,Kantite etablisman lekòl ki resanse.
IND-EDU-001,ht,limites_connues,"KOUVÈTI PASYÈL — 4 depatman sou 10, 49 komin sou 140. Yon valè zewo vle di « pa resanse », li pa janm vle di « pa gen lekòl »."
IND-EDU-001,ht,methode_calcul,"Konte nan baz referans òganizasyon yo, kategori Edikasyon."
IND-EDU-001,ht,nom,Lekòl ki resanse
IND-EDU-001,ht,sens_interpretation,Li sèlman anndan zòn ki kouvri a.
IND-EDU-001,ht,unite,kantite
IND-EDU-002,en,comparabilite,Only within the covered area.
IND-EDU-002,en,definition,Share of public schools among recorded schools.
IND-EDU-002,en,limites_connues,Inherits the partial coverage of IND-EDU-001.
IND-EDU-002,en,methode_calcul,"“Public” schools ÷ total recorded × 100, after harmonising the labels (PUBLIQUE / Public → Public)."
IND-EDU-002,en,nom,Share of public schools
IND-EDU-002,en,sens_interpretation,A low share reflects the weight of the non-public sector.
IND-EDU-002,en,unite,%
IND-EDU-002,es,comparabilite,Únicamente dentro de la zona cubierta.
IND-EDU-002,es,definition,Proporción de escuelas públicas entre las escuelas registradas.
IND-EDU-002,es,limites_connues,Hereda la cobertura parcial de IND-EDU-001.
IND-EDU-002,es,methode_calcul,"Escuelas «Public» ÷ total registrado × 100, tras armonizar las etiquetas (PUBLIQUE / Public → Public)."
IND-EDU-002,es,nom,Proporción de escuelas públicas
IND-EDU-002,es,sens_interpretation,Una proporción baja refleja el peso del sector no público.
IND-EDU-002,es,unite,%
IND-EDU-002,ht,comparabilite,Sèlman anndan zòn ki kouvri a.
IND-EDU-002,ht,definition,Pòsyon lekòl ki gen estati leta pami lekòl ki resanse yo.
IND-EDU-002,ht,limites_connues,Li pote kouvèti pasyèl IND-EDU-001 la.
IND-EDU-002,ht,methode_calcul,"Lekòl « Public » ÷ total ki resanse × 100, apre nou mete libèle yo daplon (PUBLIQUE / Public → Public)."
IND-EDU-002,ht,nom,Pòsyon lekòl leta
IND-EDU-002,ht,sens_interpretation,Yon pòsyon ki fèb montre pwa sektè ki pa leta a.
IND-EDU-002,ht,unite,%
IND-EDU-003,en,comparabilite,Same coverage limitations as recorded schools.
IND-EDU-003,en,definition,Number of schools with public status.
IND-EDU-003,en,limites_connues,Inherits the partial coverage of the school census.
IND-EDU-003,en,methode_calcul,Count after harmonising the status labels.
IND-EDU-003,en,nom,Public schools
IND-EDU-003,en,sens_interpretation,Numerator of the share of public schools.
IND-EDU-003,en,unite,count
IND-EDU-003,es,comparabilite,Mismas limitaciones de cobertura que las escuelas registradas.
IND-EDU-003,es,definition,Número de centros escolares de estatus público.
IND-EDU-003,es,limites_connues,Hereda la cobertura parcial del censo escolar.
IND-EDU-003,es,methode_calcul,Recuento tras armonizar las etiquetas de estatus.
IND-EDU-003,es,nom,Escuelas públicas
IND-EDU-003,es,sens_interpretation,Numerador de la proporción de escuelas públicas.
IND-EDU-003,es,unite,número
IND-EDU-003,ht,comparabilite,Menm limit kouvèti ak lekòl ki resanse yo.
IND-EDU-003,ht,definition,Kantite etablisman lekòl ki gen estati leta.
IND-EDU-003,ht,limites_connues,Li pote kouvèti pasyèl resansman lekòl la.
IND-EDU-003,ht,methode_calcul,Konte apre nou fin mete libèle estati yo daplon.
IND-EDU-003,ht,nom,Lekòl leta
IND-EDU-003,ht,sens_interpretation,Se numeratè pòsyon lekòl leta yo.
IND-EDU-003,ht,unite,kantite
IND-EDU-010,en,comparabilite,"Comparable across the 49 communes covered by the 2022 school mapping, and among those only. The other 91 do not have a low ratio: they have no count at all."
IND-EDU-010,en,definition,Number of recorded schools per school-age population of the commune.
IND-EDU-010,en,limites_connues,"The numerator covers only 49 of 140 communes: the ratio describes recorded schools, not existing ones. The denominator is a projection (COD-PS 2024, status E), and the reference years differ — 2022 for schools, 2024 for population. A recorded school is not an open school, nor an available seat: the indicator counts establishments, not capacity. Across the 49 covered communes the values range from 1.71 to 154.28: such a spread reflects the uneven completeness of the count first, not the actual provision."
IND-EDU-010,en,methode_calcul,"IND-EDU-001 ÷ IND-POP-007 × 10,000. The upper bound of the denominator is 19, not 18: the COD-PS is five-year banded, and splitting the 15-19 band would mean inventing a distribution."
IND-EDU-010,en,nom,"Schools per 10,000 young people aged 5 to 19"
IND-EDU-010,en,sens_interpretation,"High = many recorded establishments relative to 5-19 year-olds. It says nothing about school size, condition, or travel distance."
IND-EDU-010,en,unite,"schools / 10,000 young people"
IND-EDU-010,es,comparabilite,"Comparable entre las 49 comunas cubiertas por el mapeo escolar de 2022, y solo entre ellas. Las otras 91 no tienen una razón baja: no tienen conteo alguno."
IND-EDU-010,es,definition,Número de escuelas registradas por población en edad escolar de la comuna.
IND-EDU-010,es,limites_connues,"El numerador cubre solo 49 de 140 comunas: la razón describe las escuelas registradas, no las existentes. El denominador es una proyección (COD-PS 2024, estado E), y los años difieren — 2022 para las escuelas, 2024 para la población. Una escuela registrada no es una escuela abierta ni una plaza disponible: el indicador cuenta establecimientos, no capacidad. Entre las 49 comunas cubiertas los valores van de 1,71 a 154,28: una diferencia así refleja ante todo la desigual exhaustividad del censo, no la oferta real."
IND-EDU-010,es,methode_calcul,"IND-EDU-001 ÷ IND-POP-007 × 10 000. El límite superior del denominador es 19 años y no 18: el COD-PS es quinquenal, y dividir el grupo 15-19 exigiría inventar un reparto."
IND-EDU-010,es,nom,Escuelas por 10 000 jóvenes de 5 a 19 años
IND-EDU-010,es,sens_interpretation,"Alto = muchos establecimientos registrados en relación con los jóvenes de 5 a 19 años. No dice nada del tamaño de las escuelas, de su estado ni de la distancia a recorrer."
IND-EDU-010,es,unite,escuelas / 10 000 jóvenes
IND-EDU-010,ht,comparabilite,"Konparab ant 49 komin kat lekòl 2022 la kouvri yo, epi sèlman ant yo menm. Lòt 91 yo pa gen yon rapò ki ba : yo pa gen kontaj ditou."
IND-EDU-010,ht,definition,Kantite lekòl ki anrejistre divize pa popilasyon jèn ki nan laj pou al lekòl nan komin nan.
IND-EDU-010,ht,limites_connues,"Nimeratè a kouvri sèlman 49 komin sou 140 : rapò a dekri lekòl yo anrejistre yo, se pa lekòl ki egziste yo. Denominatè a se yon pwojeksyon (COD-PS 2024, estati E), e de milezim yo pa menm — 2022 pou lekòl, 2024 pou popilasyon. Yon lekòl ki anrejistre pa vle di yon lekòl ki louvri, ni yon plas ki disponib : endikatè a konte etablisman, li pa konte kapasite. Eka nou wè ant 49 komin ki kouvri yo ale depi 1,71 rive 154,28 : yon diferans konsa montre dabò ke resansman an pa t fèt menm jan toupatou, li pa montre òf la."
IND-EDU-010,ht,methode_calcul,"IND-EDU-001 ÷ IND-POP-007 × 10 000. Bòn anwo denominatè a se 19 an, se pa 18 : COD-PS bay laj yo pa gwoup senk ane, koupe tranch 15-19 la ta vle di envante yon chif."
IND-EDU-010,ht,nom,Lekòl pou chak 10 000 jèn 5 a 19 an
IND-EDU-010,ht,sens_interpretation,"Wo = anpil etablisman anrejistre parapò ak jèn 5 a 19 an yo. Li pa di anyen sou gwosè lekòl yo, sou eta yo, ni sou distans pou rive."
IND-EDU-010,ht,unite,lekòl / 10 000 jèn
IND-ENV-001,en,comparabilite,Comparable between communes of the same reference year.
IND-ENV-001,en,definition,"Share of the commune's area classified as ""trees"" by satellite observation."
IND-ENV-001,en,limites_connues,"Tree cover in the satellite's sense is not forest in the forestry sense: orchards, hedgerows and dense scrub are included. Compare it with the World Bank's national forest area, which gives an entirely different figure — two definitions, two methods."
IND-ENV-001,en,methode_calcul,"Share of WorldCover pixels classified as ""trees"" within the commune polygon, 10 m resolution."
IND-ENV-001,en,nom,Tree cover
IND-ENV-001,en,sens_interpretation,High = more cover
IND-ENV-001,en,unite,% of the commune's area
IND-ENV-001,es,comparabilite,Comparable entre comunas del mismo año de referencia.
IND-ENV-001,es,definition,Proporción de la superficie comunal clasificada como «árboles» por la observación satelital.
IND-ENV-001,es,limites_connues,"La cubierta arbórea en el sentido del satélite no es el bosque en el sentido forestal: entran huertos, setos y matorral denso. Conviene contrastarla con la superficie forestal nacional del Banco Mundial, que da una cifra muy distinta — dos definiciones, dos métodos."
IND-ENV-001,es,methode_calcul,"Proporción de píxeles WorldCover clasificados como «árboles» dentro del polígono comunal, resolución 10 m."
IND-ENV-001,es,nom,Cubierta arbórea
IND-ENV-001,es,sens_interpretation,Alto = más cubierta
IND-ENV-001,es,unite,% de la superficie comunal
IND-ENV-001,ht,comparabilite,Konparab ant komin ki gen menm ane referans lan.
IND-ENV-001,ht,definition,Pòsyon sipèfisi komin nan satelit la klase kòm « pyebwa ».
IND-ENV-001,ht,limites_connues,"Sa satelit la rele kouvèti pyebwa se pa forè nan sans forestye a : jaden pyebwa, ranje pyebwa ak raje pran ladan l tou. Pou konpare, gade sipèfisi forè nasyonal Bank Mondyal la bay : li bay yon lòt chif nèt — de definisyon, de metòd."
IND-ENV-001,ht,methode_calcul,"Pòsyon piksèl WorldCover ki klase « pyebwa » anndan polygòn komin nan, rezolisyon 10 m."
IND-ENV-001,ht,nom,Kouvèti pyebwa
IND-ENV-001,ht,sens_interpretation,Wo = plis kouvèti
IND-ENV-001,ht,unite,% sipèfisi komin nan
IND-ENV-002,en,comparabilite,Comparable between communes of the same reference year.
IND-ENV-002,en,definition,"Share of the commune's area occupied by buildings, measured from imagery."
IND-ENV-002,en,limites_connues,"Detected built-up area includes every construction, residential or not. It says nothing about habitability, nor about population density."
IND-ENV-002,en,methode_calcul,Share of built-up surface detected by GHSL in 2020 within the commune polygon.
IND-ENV-002,en,nom,Share of built-up area
IND-ENV-002,en,sens_interpretation,High = more urban
IND-ENV-002,en,unite,% of the commune's area
IND-ENV-002,es,comparabilite,Comparable entre comunas del mismo año de referencia.
IND-ENV-002,es,definition,"Proporción de la superficie comunal ocupada por construcciones, medida por imágenes."
IND-ENV-002,es,limites_connues,"La superficie construida detectada incluye toda construcción, también la no residencial. No dice nada sobre la habitabilidad ni sobre la densidad de población."
IND-ENV-002,es,methode_calcul,Proporción de superficie construida detectada por GHSL en 2020 dentro del polígono comunal.
IND-ENV-002,es,nom,Proporción de superficie construida
IND-ENV-002,es,sens_interpretation,Alto = más urbano
IND-ENV-002,es,unite,% de la superficie comunal
IND-ENV-002,ht,comparabilite,Konparab ant komin ki gen menm ane referans lan.
IND-ENV-002,ht,definition,"Pòsyon sipèfisi komin nan ki gen konstriksyon sou li, jan imaj satelit yo mezire l."
IND-ENV-002,ht,limites_connues,"Bati yo detekte a gen ladan l tout konstriksyon, menm sa ki pa kay moun. Li pa di anyen ni sou si moun ka rete ladan yo, ni sou konbyen moun ki rete la."
IND-ENV-002,ht,methode_calcul,Pòsyon sipèfisi bati GHSL detekte an 2020 anndan polygòn komin nan.
IND-ENV-002,ht,nom,Pòsyon tè ki gen bati sou li
IND-ENV-002,ht,sens_interpretation,Wo = plis vil
IND-ENV-002,ht,unite,% sipèfisi komin nan
IND-ENV-003,en,comparabilite,Comparable between communes of the same reference year.
IND-ENV-003,en,definition,Mean annual rainfall total over the 1991-2020 climate reference period.
IND-ENV-003,en,limites_connues,"A thirty-year normal is not a forecast, and it hides year-to-year variability — which is precisely what an average erases."
IND-ENV-003,en,methode_calcul,"Mean of CHIRPS annual totals over 1991-2020, sampled on the pixels of the commune polygon."
IND-ENV-003,en,nom,Normal annual rainfall
IND-ENV-003,en,sens_interpretation,Neither good nor bad: read it alongside agriculture and risk
IND-ENV-003,en,unite,mm per year
IND-ENV-003,es,comparabilite,Comparable entre comunas del mismo año de referencia.
IND-ENV-003,es,definition,Acumulado anual medio de precipitaciones en el periodo de referencia climática 1991-2020.
IND-ENV-003,es,limites_connues,"Una normal de treinta años no es un pronóstico, y oculta la variabilidad de un año a otro — que es precisamente lo que una media borra."
IND-ENV-003,es,methode_calcul,"Media de los acumulados anuales CHIRPS en 1991-2020, muestreada sobre los píxeles del polígono comunal."
IND-ENV-003,es,nom,Precipitación anual normal
IND-ENV-003,es,sens_interpretation,Ni bueno ni malo: léase junto con la agricultura y el riesgo
IND-ENV-003,es,unite,mm por año
IND-ENV-003,ht,comparabilite,Konparab ant komin ki gen menm ane referans lan.
IND-ENV-003,ht,definition,Mwayèn total lapli ki tonbe nan yon ane sou peryòd referans klimatik 1991-2020 an.
IND-ENV-003,ht,limites_connues,"Yon nòmal sou trant ane se pa yon previzyon, e li kache jan yon ane ka diferan de yon lòt — se egzakteman sa yon mwayèn efase."
IND-ENV-003,ht,methode_calcul,"Mwayèn total anyèl CHIRPS yo sou 1991-2020, pran sou piksèl polygòn komin nan."
IND-ENV-003,ht,nom,Lapli nòmal nan yon ane
IND-ENV-003,ht,sens_interpretation,Ni bon ni move : li li ansanm ak agrikilti a ak risk la
IND-ENV-003,ht,unite,mm pa ane
IND-GEO-001,en,comparabilite,Comparable as long as the administrative division does not change.
IND-GEO-001,en,definition,Area of the territorial entity.
IND-GEO-001,en,limites_connues,"The national total of the sections (26,942 km²) differs from the usual 27,750 km²: coastal tracing of the polygons."
IND-GEO-001,en,methode_calcul,Sum of the areas of the communal sections (CNIGS).
IND-GEO-001,en,nom,Area
IND-GEO-001,en,sens_interpretation,Neutral
IND-GEO-001,en,unite,km²
IND-GEO-001,es,comparabilite,Comparable mientras la división administrativa no cambie.
IND-GEO-001,es,definition,Superficie de la entidad territorial.
IND-GEO-001,es,limites_connues,El total nacional de las secciones (26 942 km²) difiere de los 27 750 km² habituales: trazado costero de los polígonos.
IND-GEO-001,es,methode_calcul,Suma de las superficies de las secciones comunales (CNIGS).
IND-GEO-001,es,nom,Superficie
IND-GEO-001,es,sens_interpretation,Neutro
IND-GEO-001,es,unite,km²
IND-GEO-001,ht,comparabilite,Konparab toutotan dekoupaj administratif la pa chanje.
IND-GEO-001,ht,definition,Sipèfisi antite teritoryal la.
IND-GEO-001,ht,limites_connues,Total nasyonal seksyon yo (26 942 km²) diferan ak 27 750 km² yo abitye site a : se trase kòt polygòn yo.
IND-GEO-001,ht,methode_calcul,Total sipèfisi seksyon kominal yo (CNIGS).
IND-GEO-001,ht,nom,Sipèfisi
IND-GEO-001,ht,sens_interpretation,Net
IND-GEO-001,ht,unite,km²
IND-GEO-002,en,comparabilite,Comparable between communes.
IND-GEO-002,en,definition,Number of communal sections making up the commune.
IND-GEO-002,en,limites_connues,2018 division.
IND-GEO-002,en,methode_calcul,Count in the territory referential.
IND-GEO-002,en,nom,Number of communal sections
IND-GEO-002,en,sens_interpretation,Neutral
IND-GEO-002,en,unite,count
IND-GEO-002,es,comparabilite,Comparable entre comunas.
IND-GEO-002,es,definition,Número de secciones comunales que componen la comuna.
IND-GEO-002,es,limites_connues,División de 2018.
IND-GEO-002,es,methode_calcul,Recuento en el referencial territorio.
IND-GEO-002,es,nom,Número de secciones comunales
IND-GEO-002,es,sens_interpretation,Neutro
IND-GEO-002,es,unite,número
IND-GEO-002,ht,comparabilite,Konparab ant komin.
IND-GEO-002,ht,definition,Kantite seksyon kominal ki fòme komin nan.
IND-GEO-002,ht,limites_connues,Dekoupaj 2018 la.
IND-GEO-002,ht,methode_calcul,Konte nan baz referans teritwa a.
IND-GEO-002,ht,nom,Kantite seksyon kominal
IND-GEO-002,ht,sens_interpretation,Net
IND-GEO-002,ht,unite,kantite
IND-GEO-003,en,comparabilite,"Caution: reflects the recording effort of GeoNames, not settlement reality alone."
IND-GEO-003,en,definition,Number of inhabited places recorded in the commune.
IND-GEO-003,en,limites_connues,Small localities may be missing; 1.3 % of points are attached by proximity.
IND-GEO-003,en,methode_calcul,Count of GeoNames localities attached to the commune by point-in-polygon.
IND-GEO-003,en,nom,Recorded localities
IND-GEO-003,en,sens_interpretation,A high value is not a merit: it also reflects better documentary coverage.
IND-GEO-003,en,unite,count
IND-GEO-003,es,comparabilite,"Precaución: refleja el esfuerzo de registro de GeoNames, no solo la realidad del poblamiento."
IND-GEO-003,es,definition,Número de lugares habitados registrados en la comuna.
IND-GEO-003,es,limites_connues,"Pueden faltar pequeñas localidades; el 1,3 % de los puntos se vinculan por proximidad."
IND-GEO-003,es,methode_calcul,Recuento de localidades GeoNames vinculadas a la comuna mediante punto-en-polígono.
IND-GEO-003,es,nom,Localidades registradas
IND-GEO-003,es,sens_interpretation,Un valor alto no es un mérito: refleja también una mejor cobertura documental.
IND-GEO-003,es,unite,número
IND-GEO-003,ht,comparabilite,"Fè atansyon : li reflete efò resansman GeoNames la, se pa sèlman reyalite kote moun rete."
IND-GEO-003,ht,definition,Kantite kote moun rete yo resanse nan komin nan.
IND-GEO-003,ht,limites_connues,"Ti lokalite ka manke ; 1,3 % nan pwen yo rache pa pwoksimite."
IND-GEO-003,ht,methode_calcul,Konte lokalite GeoNames yo rache ak komin nan pa metòd pwen-nan-polygòn.
IND-GEO-003,ht,nom,Kantite lokalite ki resanse
IND-GEO-003,ht,sens_interpretation,Yon valè ki wo pa yon merit : li vle di tou dokimantasyon an pi konplè.
IND-GEO-003,ht,unite,kantite
IND-GEO-004,en,comparabilite,Comparable between communes of the same reference year.
IND-GEO-004,en,definition,Number of recorded localities per 100 km².
IND-GEO-004,en,limites_connues,Inherits the limitations of IND-GEO-003.
IND-GEO-004,en,methode_calcul,IND-GEO-003 ÷ IND-GEO-001 × 100.
IND-GEO-004,en,nom,Density of localities
IND-GEO-004,en,sens_interpretation,"An approximation of settlement, not a population density."
IND-GEO-004,en,unite,localities / 100 km²
IND-GEO-004,es,comparabilite,Comparable entre comunas del mismo año de referencia.
IND-GEO-004,es,definition,Número de localidades registradas por 100 km².
IND-GEO-004,es,limites_connues,Hereda las limitaciones de IND-GEO-003.
IND-GEO-004,es,methode_calcul,IND-GEO-003 ÷ IND-GEO-001 × 100.
IND-GEO-004,es,nom,Densidad de localidades
IND-GEO-004,es,sens_interpretation,"Una aproximación del poblamiento, no una densidad de población."
IND-GEO-004,es,unite,localidades / 100 km²
IND-GEO-004,ht,comparabilite,Konparab ant komin ki nan menm ane referans.
IND-GEO-004,ht,definition,Kantite lokalite ki resanse pou chak 100 km².
IND-GEO-004,ht,limites_connues,Li pote menm limit ak IND-GEO-003.
IND-GEO-004,ht,methode_calcul,IND-GEO-003 ÷ IND-GEO-001 × 100.
IND-GEO-004,ht,nom,Dansite lokalite
IND-GEO-004,ht,sens_interpretation,"Yon apwòch sou kote moun rete, se pa yon dansite popilasyon."
IND-GEO-004,ht,unite,lokalite / 100 km²
IND-MAR-001,en,comparabilite,Comparable over time if the monitoring system does not change.
IND-MAR-001,en,definition,Number of markets included in the price monitoring system.
IND-MAR-001,en,limites_connues,"Does not record every market in the country, only those monitored."
IND-MAR-001,en,methode_calcul,"Count in the organisations referential, Market category."
IND-MAR-001,en,nom,Markets monitored for prices
IND-MAR-001,en,sens_interpretation,"Measures the coverage of the monitoring system, not commercial activity."
IND-MAR-001,en,unite,count
IND-MAR-001,es,comparabilite,Comparable en el tiempo si el dispositivo de seguimiento no cambia.
IND-MAR-001,es,definition,Número de mercados incluidos en el dispositivo de seguimiento de precios.
IND-MAR-001,es,limites_connues,"No registra todos los mercados del país, solo los que tienen seguimiento."
IND-MAR-001,es,methode_calcul,"Recuento en el referencial de organizaciones, categoría Mercado."
IND-MAR-001,es,nom,Mercados con seguimiento de precios
IND-MAR-001,es,sens_interpretation,"Mide la cobertura del seguimiento, no la actividad comercial."
IND-MAR-001,es,unite,número
IND-MAR-001,ht,comparabilite,Konparab nan tan si dispozitif swivi a pa chanje.
IND-MAR-001,ht,definition,Kantite mache ki nan dispozitif swivi pri a.
IND-MAR-001,ht,limites_connues,"Li pa resanse tout mache peyi a, sèlman sa yo swiv yo."
IND-MAR-001,ht,methode_calcul,"Konte nan baz referans òganizasyon yo, kategori Mache."
IND-MAR-001,ht,nom,Mache yo swiv pou pri
IND-MAR-001,ht,sens_interpretation,"Li mezire kouvèti swivi a, se pa aktivite komès la."
IND-MAR-001,ht,unite,kantite
IND-POP-001,en,comparabilite,A methodological break is likely between the 2003 census and recent estimates — to be flagged.
IND-POP-001,en,definition,Estimated resident population of the territorial entity.
IND-POP-001,en,limites_connues,"No fifth census: any recent value is an estimate, status E, never O."
IND-POP-001,en,methode_calcul,"2024 demographic projection by sex and age (COD-PS, UNFPA), built on the COD-AB CNIGS 2018 boundaries — an estimate, not a count: the last census dates from 2003."
IND-POP-001,en,nom,Population
IND-POP-001,en,sens_interpretation,Denominator of most other indicators: its quality conditions theirs.
IND-POP-001,en,unite,inhabitants
IND-POP-001,es,comparabilite,Es probable una ruptura metodológica entre el censo de 2003 y las estimaciones recientes — debe señalarse.
IND-POP-001,es,definition,Población residente estimada de la entidad territorial.
IND-POP-001,es,limites_connues,"No hay quinto censo: todo valor reciente es una estimación, estado E, nunca O."
IND-POP-001,es,methode_calcul,"Proyección demográfica 2024 por sexo y edad (COD-PS, UNFPA), construida sobre la división COD-AB CNIGS 2018 — una estimación, no un conteo: el último censo data de 2003."
IND-POP-001,es,nom,Población
IND-POP-001,es,sens_interpretation,Denominador de la mayoría de los demás indicadores: su calidad condiciona la de ellos.
IND-POP-001,es,unite,habitantes
IND-POP-001,ht,comparabilite,Gen anpil chans metòd la kase ant resansman 2003 la ak dènye estimasyon yo — fòk nou make sa.
IND-POP-001,ht,definition,Popilasyon ki estime ap viv nan antite teritoryal la.
IND-POP-001,ht,limites_connues,"Pa gen senkyèm resansman : nenpòt valè resan se yon estimasyon, estati E, li pa janm O."
IND-POP-001,ht,methode_calcul,"Pwojeksyon demografik 2024 pa sèks ak laj (COD-PS, UNFPA), bati sou dekoupaj COD-AB CNIGS 2018 — se yon estimasyon, se pa yon kontaj : dènye resansman an date 2003."
IND-POP-001,ht,nom,Popilasyon
IND-POP-001,ht,sens_interpretation,Se denominatè pifò lòt endikatè yo : kalite pa l la deside kalite pa yo.
IND-POP-001,ht,unite,moun
IND-POP-002,en,comparabilite,"Comparable across all 140 communes of the 2018 CNIGS reference: numerator and denominator both cover the whole country, with no blind spot."
IND-POP-002,en,definition,Estimated resident population per square kilometre of the territorial entity.
IND-POP-002,en,limites_connues,"An estimated population divided by an official area yields an estimated density (status E), never a count. The area includes uninhabitable land: in mountainous and coastal communes, lived density exceeds calculated density. Because the national total of the polygons (26,942 km²) falls short of the usual 27,750 km², every value is very slightly raised. Known source anomaly: COD-PS 2024 assigns 3,987 inhabitants to Gressier (HT0116), out of proportion with its neighbours; we publish the value unchanged, and Gressier's density should not be read."
IND-POP-002,en,methode_calcul,"IND-POP-001 ÷ IND-GEO-001: the 2024 projected population divided by the area of the 2018 CNIGS boundaries. The two reference years differ — this is assumed, not hidden: the boundaries did not change between them."
IND-POP-002,en,nom,Population density
IND-POP-002,en,sens_interpretation,"High = pressure on land, services and networks. Read it alongside the area: the same density does not mean the same thing over 21 km² and over 490 km²."
IND-POP-002,en,unite,inhabitants / km²
IND-POP-002,es,comparabilite,"Comparable entre las 140 comunas del referencial CNIGS 2018: numerador y denominador cubren todo el país, sin zonas ciegas."
IND-POP-002,es,definition,Población residente estimada por kilómetro cuadrado de la entidad territorial.
IND-POP-002,es,limites_connues,"Una población estimada dividida por una superficie oficial da una densidad estimada (estado E), nunca un conteo. La superficie incluye terrenos inhabitables: en zonas montañosas y costeras, la densidad vivida supera la calculada. Como el total nacional de los polígonos (26 942 km²) es inferior a los 27 750 km² habituales, todos los valores quedan levemente elevados. Anomalía conocida de la fuente: COD-PS 2024 atribuye 3 987 habitantes a Gressier (HT0116), fuera de proporción con sus vecinas; la publicamos tal cual y la densidad de Gressier no debe leerse."
IND-POP-002,es,methode_calcul,"IND-POP-001 ÷ IND-GEO-001: la población proyectada 2024 dividida por la superficie de la división CNIGS 2018. Los dos años de referencia difieren — se asume, no se oculta: la división no cambió entre ambos."
IND-POP-002,es,nom,Densidad de población
IND-POP-002,es,sens_interpretation,"Alto = presión sobre el suelo, los servicios y las redes. Léase junto con la superficie: una misma densidad no significa lo mismo en 21 km² que en 490 km²."
IND-POP-002,es,unite,habitantes / km²
IND-POP-002,ht,comparabilite,"Konparab ant tout 140 komin referansyèl CNIGS 2018 la : nimeratè a ak denominatè a kouvri tout peyi a, pa gen zòn avèg."
IND-POP-002,ht,definition,Popilasyon rezidan estime a divize pa sipèfisi antite tèritoryal la.
IND-POP-002,ht,limites_connues,"Yon popilasyon estime divize pa yon sipèfisi ofisyèl bay yon dansite estime (estati E), pa yon kontaj. Sipèfisi a gen ladan l tè kote moun pa ka rete : nan mòn ak bò lanmè, dansite moun viv la pi wo pase sa nou kalkile a. Kòm total nasyonal polygòn yo (26 942 km²) pi piti pase 27 750 km² yo abitye site a, tout valè yo yon ti jan pi wo. Gen yon anomali nan sous la pou moun konnen : COD-PS 2024 bay Gressier (HT0116) 3 987 abitan, yon chif ki pa nan lòd vwazen l yo ; nou pibliye l jan l ye, e fòk moun pa li dansite Gressier."
IND-POP-002,ht,methode_calcul,"IND-POP-001 ÷ IND-GEO-001 : popilasyon pwojte 2024 la divize pa sipèfisi dekoupaj CNIGS 2018 la. De milezim yo pa menm — nou asime sa, nou pa kache l : dekoupaj la pa chanje ant de dat yo."
IND-POP-002,ht,nom,Dansite popilasyon
IND-POP-002,ht,sens_interpretation,"Wo = plis presyon sou tè a, sou sèvis yo ak sou rezo yo. Li li ansanm ak sipèfisi a : menm dansite a pa vle di menm bagay sou 21 km² ak sou 490 km²."
IND-POP-002,ht,unite,abitan / km²
IND-POP-003,en,comparabilite,"Comparable across all 140 communes of the 2018 CNIGS reference: the projection covers the whole country, with no blind spot. Comparable over time only against another COD-PS reference year built on the same boundaries."
IND-POP-003,en,definition,Estimated resident population aged under 15.
IND-POP-003,en,limites_connues,"Every value here derives from a projection (COD-PS 2024), not a count: status E, never O — the last census dates from 2003. The source is five-year banded: no intermediate age boundary (5-18, median age) is drawn from it, since splitting a band would mean inventing a distribution. The top band is open-ended (80 and over). Known source anomaly: COD-PS 2024 assigns 3,987 inhabitants to Gressier (HT0116), out of proportion with its neighbours; its age counts inherit the anomaly and should not be read. Finally, the communal breakdown is more fragile than the total: the sex ratio at birth is biologically stable (101.8 men per 100 women nationally in the 0-4 band), yet it spreads from 89 to 116 across communes. An age-and-sex structure should be read with caution at commune level, and a single band's gap means nothing on its own."
IND-POP-003,en,methode_calcul,"Sum of the 2024 COD-PS five-year bands: 0-4, 5-9, 10-14."
IND-POP-003,en,nom,Population under 15
IND-POP-003,en,sens_interpretation,"The base of the pyramid. High = pressure on schooling and child health now, on jobs in ten years."
IND-POP-003,en,unite,inhabitants
IND-POP-003,es,comparabilite,"Comparable entre las 140 comunas del referencial CNIGS 2018: la proyección cubre todo el país, sin zonas ciegas. Comparable en el tiempo solo frente a otro año de referencia COD-PS construido sobre la misma división."
IND-POP-003,es,definition,Población residente estimada menor de 15 años.
IND-POP-003,es,limites_connues,"Todos estos valores derivan de una proyección (COD-PS 2024), no de un conteo: estado E, nunca O — el último censo data de 2003. La fuente es quinquenal: no se extrae de ella ningún límite de edad intermedio (5-18 años, edad mediana), pues repartir un grupo exigiría inventar. El último grupo es abierto (80 años y más). Anomalía conocida de la fuente: COD-PS 2024 atribuye 3 987 habitantes a Gressier (HT0116), fuera de proporción con sus vecinas; sus efectivos por edad heredan la anomalía y no deben leerse. Por último, la desagregación comunal es más frágil que el total: la razón de masculinidad al nacer es biológicamente estable (101,8 hombres por 100 mujeres a escala nacional en el grupo 0-4), pero varía de 89 a 116 según la comuna. Una estructura por edad y sexo debe leerse con cautela a nivel comunal, y la diferencia de un solo grupo no significa nada por sí sola."
IND-POP-003,es,methode_calcul,"Suma de los grupos quinquenales del COD-PS 2024: 0-4, 5-9, 10-14."
IND-POP-003,es,nom,Población menor de 15 años
IND-POP-003,es,sens_interpretation,"La base de la pirámide. Alto = presión sobre la escuela y la salud infantil hoy, sobre el empleo en diez años."
IND-POP-003,es,unite,habitantes
IND-POP-003,ht,comparabilite,"Konparab ant tout 140 komin referansyèl CNIGS 2018 la : pwojeksyon an kouvri tout peyi a, pa gen zòn avèg. Pou konpare nan tan, fòk gen yon lòt milezim COD-PS bati sou menm dekoupaj la."
IND-POP-003,ht,definition,Popilasyon rezidan estime ki poko gen 15 an.
IND-POP-003,ht,limites_connues,"Tout valè sa yo soti nan yon pwojeksyon (COD-PS 2024), se pa yon kontaj : estati E, pa janm O — dènye resansman an date 2003. Sous la bay laj yo pa gwoup senk ane : nou pa rale okenn lòt bòn laj (5-18 an, laj medyàn) ladan l, paske pou sa fòk nou ta envante konbyen moun ki nan chak ane anndan yon tranch. Dènye tranch lan louvri (80 an ak plis). Gen yon anomali nan sous la pou moun konnen : COD-PS 2024 bay Gressier (HT0116) 3 987 abitan, yon chif ki pa nan lòd vwazen l yo ; efektif pa laj li yo pote menm anomali a, fòk moun pa li yo. Pou fini, dekoupaj pa komin lan pi frajil pase total la : lè timoun fèt, rapò gason ak fi a estab (101,8 gason pou 100 fi nan tout peyi a sou tranch 0-4 la), men li ale depi 89 rive 116 selon komin. Fòk moun li estrikti laj ak sèks la ak anpil prekosyon nan nivo komin, e eka yon sèl tranch pou kont li pa vle di anyen."
IND-POP-003,ht,methode_calcul,"Sòm tranch senk ane COD-PS 2024 yo : 0-4, 5-9, 10-14."
IND-POP-003,ht,nom,Popilasyon ki poko gen 15 an
IND-POP-003,ht,sens_interpretation,"Se baz piramid la. Lè l wo, gen plis presyon sou lekòl ak sou sante timoun jodi a, epi sou travay nan dis an."
IND-POP-003,ht,unite,abitan
IND-POP-004,en,comparabilite,"Comparable across all 140 communes of the 2018 CNIGS reference: the projection covers the whole country, with no blind spot. Comparable over time only against another COD-PS reference year built on the same boundaries."
IND-POP-004,en,definition,Estimated resident population within the conventional working-age band.
IND-POP-004,en,limites_connues,"Every value here derives from a projection (COD-PS 2024), not a count: status E, never O — the last census dates from 2003. The source is five-year banded: no intermediate age boundary (5-18, median age) is drawn from it, since splitting a band would mean inventing a distribution. The top band is open-ended (80 and over). Known source anomaly: COD-PS 2024 assigns 3,987 inhabitants to Gressier (HT0116), out of proportion with its neighbours; its age counts inherit the anomaly and should not be read. Finally, the communal breakdown is more fragile than the total: the sex ratio at birth is biologically stable (101.8 men per 100 women nationally in the 0-4 band), yet it spreads from 89 to 116 across communes. An age-and-sex structure should be read with caution at commune level, and a single band's gap means nothing on its own."
IND-POP-004,en,methode_calcul,Sum of the 2024 COD-PS five-year bands: 15-19 through 60-64.
IND-POP-004,en,nom,Population aged 15 to 64
IND-POP-004,en,sens_interpretation,"Denominator of the dependency ratio. ""Working age"" is an age convention, not a measurement: it says nothing about actual employment."
IND-POP-004,en,unite,inhabitants
IND-POP-004,es,comparabilite,"Comparable entre las 140 comunas del referencial CNIGS 2018: la proyección cubre todo el país, sin zonas ciegas. Comparable en el tiempo solo frente a otro año de referencia COD-PS construido sobre la misma división."
IND-POP-004,es,definition,Población residente estimada dentro del grupo de edad convencional de actividad.
IND-POP-004,es,limites_connues,"Todos estos valores derivan de una proyección (COD-PS 2024), no de un conteo: estado E, nunca O — el último censo data de 2003. La fuente es quinquenal: no se extrae de ella ningún límite de edad intermedio (5-18 años, edad mediana), pues repartir un grupo exigiría inventar. El último grupo es abierto (80 años y más). Anomalía conocida de la fuente: COD-PS 2024 atribuye 3 987 habitantes a Gressier (HT0116), fuera de proporción con sus vecinas; sus efectivos por edad heredan la anomalía y no deben leerse. Por último, la desagregación comunal es más frágil que el total: la razón de masculinidad al nacer es biológicamente estable (101,8 hombres por 100 mujeres a escala nacional en el grupo 0-4), pero varía de 89 a 116 según la comuna. Una estructura por edad y sexo debe leerse con cautela a nivel comunal, y la diferencia de un solo grupo no significa nada por sí sola."
IND-POP-004,es,methode_calcul,Suma de los grupos quinquenales del COD-PS 2024: 15-19 hasta 60-64.
IND-POP-004,es,nom,Población de 15 a 64 años
IND-POP-004,es,sens_interpretation,"Denominador de la razón de dependencia. «Edad activa» es una convención de edad, no una medición: nada dice del empleo real."
IND-POP-004,es,unite,habitantes
IND-POP-004,ht,comparabilite,"Konparab ant tout 140 komin referansyèl CNIGS 2018 la : pwojeksyon an kouvri tout peyi a, pa gen zòn avèg. Pou konpare nan tan, fòk gen yon lòt milezim COD-PS bati sou menm dekoupaj la."
IND-POP-004,ht,definition,Popilasyon rezidan estime ki nan tranch laj konvansyon an rele laj travay la.
IND-POP-004,ht,limites_connues,"Tout valè sa yo soti nan yon pwojeksyon (COD-PS 2024), se pa yon kontaj : estati E, pa janm O — dènye resansman an date 2003. Sous la bay laj yo pa gwoup senk ane : nou pa rale okenn lòt bòn laj (5-18 an, laj medyàn) ladan l, paske pou sa fòk nou ta envante konbyen moun ki nan chak ane anndan yon tranch. Dènye tranch lan louvri (80 an ak plis). Gen yon anomali nan sous la pou moun konnen : COD-PS 2024 bay Gressier (HT0116) 3 987 abitan, yon chif ki pa nan lòd vwazen l yo ; efektif pa laj li yo pote menm anomali a, fòk moun pa li yo. Pou fini, dekoupaj pa komin lan pi frajil pase total la : lè timoun fèt, rapò gason ak fi a estab (101,8 gason pou 100 fi nan tout peyi a sou tranch 0-4 la), men li ale depi 89 rive 116 selon komin. Fòk moun li estrikti laj ak sèks la ak anpil prekosyon nan nivo komin, e eka yon sèl tranch pou kont li pa vle di anyen."
IND-POP-004,ht,methode_calcul,Sòm tranch senk ane COD-PS 2024 yo : 15-19 rive 60-64.
IND-POP-004,ht,nom,Popilasyon 15 a 64 an
IND-POP-004,ht,sens_interpretation,"Se denominatè rapò depandans lan. « Laj travay » se yon konvansyon sou laj, se pa yon mezi : li pa di anyen sou travay moun fè vre."
IND-POP-004,ht,unite,abitan
IND-POP-005,en,comparabilite,"Comparable across all 140 communes of the 2018 CNIGS reference: the projection covers the whole country, with no blind spot. Comparable over time only against another COD-PS reference year built on the same boundaries."
IND-POP-005,en,definition,Estimated resident population aged 65 and over.
IND-POP-005,en,limites_connues,"Every value here derives from a projection (COD-PS 2024), not a count: status E, never O — the last census dates from 2003. The source is five-year banded: no intermediate age boundary (5-18, median age) is drawn from it, since splitting a band would mean inventing a distribution. The top band is open-ended (80 and over). Known source anomaly: COD-PS 2024 assigns 3,987 inhabitants to Gressier (HT0116), out of proportion with its neighbours; its age counts inherit the anomaly and should not be read. Finally, the communal breakdown is more fragile than the total: the sex ratio at birth is biologically stable (101.8 men per 100 women nationally in the 0-4 band), yet it spreads from 89 to 116 across communes. An age-and-sex structure should be read with caution at commune level, and a single band's gap means nothing on its own."
IND-POP-005,en,methode_calcul,"Sum of the 2024 COD-PS five-year bands: 65-69, 70-74, 75-79, 80 and over — the top band is open-ended."
IND-POP-005,en,nom,Population aged 65 and over
IND-POP-005,en,sens_interpretation,The apex of the pyramid. High = greater health and care needs.
IND-POP-005,en,unite,inhabitants
IND-POP-005,es,comparabilite,"Comparable entre las 140 comunas del referencial CNIGS 2018: la proyección cubre todo el país, sin zonas ciegas. Comparable en el tiempo solo frente a otro año de referencia COD-PS construido sobre la misma división."
IND-POP-005,es,definition,Población residente estimada de 65 años y más.
IND-POP-005,es,limites_connues,"Todos estos valores derivan de una proyección (COD-PS 2024), no de un conteo: estado E, nunca O — el último censo data de 2003. La fuente es quinquenal: no se extrae de ella ningún límite de edad intermedio (5-18 años, edad mediana), pues repartir un grupo exigiría inventar. El último grupo es abierto (80 años y más). Anomalía conocida de la fuente: COD-PS 2024 atribuye 3 987 habitantes a Gressier (HT0116), fuera de proporción con sus vecinas; sus efectivos por edad heredan la anomalía y no deben leerse. Por último, la desagregación comunal es más frágil que el total: la razón de masculinidad al nacer es biológicamente estable (101,8 hombres por 100 mujeres a escala nacional en el grupo 0-4), pero varía de 89 a 116 según la comuna. Una estructura por edad y sexo debe leerse con cautela a nivel comunal, y la diferencia de un solo grupo no significa nada por sí sola."
IND-POP-005,es,methode_calcul,"Suma de los grupos quinquenales del COD-PS 2024: 65-69, 70-74, 75-79, 80 y más — el último grupo es abierto."
IND-POP-005,es,nom,Población de 65 años y más
IND-POP-005,es,sens_interpretation,La cima de la pirámide. Alto = mayores necesidades de salud y de cuidados.
IND-POP-005,es,unite,habitantes
IND-POP-005,ht,comparabilite,"Konparab ant tout 140 komin referansyèl CNIGS 2018 la : pwojeksyon an kouvri tout peyi a, pa gen zòn avèg. Pou konpare nan tan, fòk gen yon lòt milezim COD-PS bati sou menm dekoupaj la."
IND-POP-005,ht,definition,Popilasyon rezidan estime ki gen 65 an oswa plis.
IND-POP-005,ht,limites_connues,"Tout valè sa yo soti nan yon pwojeksyon (COD-PS 2024), se pa yon kontaj : estati E, pa janm O — dènye resansman an date 2003. Sous la bay laj yo pa gwoup senk ane : nou pa rale okenn lòt bòn laj (5-18 an, laj medyàn) ladan l, paske pou sa fòk nou ta envante konbyen moun ki nan chak ane anndan yon tranch. Dènye tranch lan louvri (80 an ak plis). Gen yon anomali nan sous la pou moun konnen : COD-PS 2024 bay Gressier (HT0116) 3 987 abitan, yon chif ki pa nan lòd vwazen l yo ; efektif pa laj li yo pote menm anomali a, fòk moun pa li yo. Pou fini, dekoupaj pa komin lan pi frajil pase total la : lè timoun fèt, rapò gason ak fi a estab (101,8 gason pou 100 fi nan tout peyi a sou tranch 0-4 la), men li ale depi 89 rive 116 selon komin. Fòk moun li estrikti laj ak sèks la ak anpil prekosyon nan nivo komin, e eka yon sèl tranch pou kont li pa vle di anyen."
IND-POP-005,ht,methode_calcul,"Sòm tranch senk ane COD-PS 2024 yo : 65-69, 70-74, 75-79, 80 an ak plis — dènye tranch lan louvri."
IND-POP-005,ht,nom,Popilasyon 65 an ak plis
IND-POP-005,ht,sens_interpretation,"Se tèt piramid la. Lè l wo, bezwen swen ak akonpayman ogmante."
IND-POP-005,ht,unite,abitan
IND-POP-006,en,comparabilite,"Comparable across all 140 communes of the 2018 CNIGS reference: the projection covers the whole country, with no blind spot. Comparable over time only against another COD-PS reference year built on the same boundaries."
IND-POP-006,en,definition,Estimated resident population outside the conventional working-age band.
IND-POP-006,en,limites_connues,"Every value here derives from a projection (COD-PS 2024), not a count: status E, never O — the last census dates from 2003. The source is five-year banded: no intermediate age boundary (5-18, median age) is drawn from it, since splitting a band would mean inventing a distribution. The top band is open-ended (80 and over). Known source anomaly: COD-PS 2024 assigns 3,987 inhabitants to Gressier (HT0116), out of proportion with its neighbours; its age counts inherit the anomaly and should not be read. Finally, the communal breakdown is more fragile than the total: the sex ratio at birth is biologically stable (101.8 men per 100 women nationally in the 0-4 band), yet it spreads from 89 to 116 across communes. An age-and-sex structure should be read with caution at commune level, and a single band's gap means nothing on its own."
IND-POP-006,en,methode_calcul,IND-POP-003 + IND-POP-005.
IND-POP-006,en,nom,Dependent population (under 15 and 65 and over)
IND-POP-006,en,sens_interpretation,"Numerator of the dependency ratio. ""Dependent"" is an age convention: many of these people work."
IND-POP-006,en,unite,inhabitants
IND-POP-006,es,comparabilite,"Comparable entre las 140 comunas del referencial CNIGS 2018: la proyección cubre todo el país, sin zonas ciegas. Comparable en el tiempo solo frente a otro año de referencia COD-PS construido sobre la misma división."
IND-POP-006,es,definition,Población residente estimada fuera del grupo de edad convencional de actividad.
IND-POP-006,es,limites_connues,"Todos estos valores derivan de una proyección (COD-PS 2024), no de un conteo: estado E, nunca O — el último censo data de 2003. La fuente es quinquenal: no se extrae de ella ningún límite de edad intermedio (5-18 años, edad mediana), pues repartir un grupo exigiría inventar. El último grupo es abierto (80 años y más). Anomalía conocida de la fuente: COD-PS 2024 atribuye 3 987 habitantes a Gressier (HT0116), fuera de proporción con sus vecinas; sus efectivos por edad heredan la anomalía y no deben leerse. Por último, la desagregación comunal es más frágil que el total: la razón de masculinidad al nacer es biológicamente estable (101,8 hombres por 100 mujeres a escala nacional en el grupo 0-4), pero varía de 89 a 116 según la comuna. Una estructura por edad y sexo debe leerse con cautela a nivel comunal, y la diferencia de un solo grupo no significa nada por sí sola."
IND-POP-006,es,methode_calcul,IND-POP-003 + IND-POP-005.
IND-POP-006,es,nom,Población dependiente (menores de 15 y de 65 años y más)
IND-POP-006,es,sens_interpretation,Numerador de la razón de dependencia. «Dependiente» es una convención de edad: muchas de estas personas trabajan.
IND-POP-006,es,unite,habitantes
IND-POP-006,ht,comparabilite,"Konparab ant tout 140 komin referansyèl CNIGS 2018 la : pwojeksyon an kouvri tout peyi a, pa gen zòn avèg. Pou konpare nan tan, fòk gen yon lòt milezim COD-PS bati sou menm dekoupaj la."
IND-POP-006,ht,definition,Popilasyon rezidan estime ki deyò tranch laj konvansyon an rele laj travay la.
IND-POP-006,ht,limites_connues,"Tout valè sa yo soti nan yon pwojeksyon (COD-PS 2024), se pa yon kontaj : estati E, pa janm O — dènye resansman an date 2003. Sous la bay laj yo pa gwoup senk ane : nou pa rale okenn lòt bòn laj (5-18 an, laj medyàn) ladan l, paske pou sa fòk nou ta envante konbyen moun ki nan chak ane anndan yon tranch. Dènye tranch lan louvri (80 an ak plis). Gen yon anomali nan sous la pou moun konnen : COD-PS 2024 bay Gressier (HT0116) 3 987 abitan, yon chif ki pa nan lòd vwazen l yo ; efektif pa laj li yo pote menm anomali a, fòk moun pa li yo. Pou fini, dekoupaj pa komin lan pi frajil pase total la : lè timoun fèt, rapò gason ak fi a estab (101,8 gason pou 100 fi nan tout peyi a sou tranch 0-4 la), men li ale depi 89 rive 116 selon komin. Fòk moun li estrikti laj ak sèks la ak anpil prekosyon nan nivo komin, e eka yon sèl tranch pou kont li pa vle di anyen."
IND-POP-006,ht,methode_calcul,IND-POP-003 + IND-POP-005.
IND-POP-006,ht,nom,Popilasyon depandan (mwens pase 15 an ak 65 an ak plis)
IND-POP-006,ht,sens_interpretation,Se nimeratè rapò depandans lan. Mo « depandan » an se yon konvansyon sou laj : anpil nan moun sa yo ap travay.
IND-POP-006,ht,unite,abitan
IND-POP-007,en,comparabilite,"Comparable across all 140 communes of the 2018 CNIGS reference: the projection covers the whole country, with no blind spot. Comparable over time only against another COD-PS reference year built on the same boundaries."
IND-POP-007,en,definition,Estimated resident population of school age.
IND-POP-007,en,limites_connues,"Every value here derives from a projection (COD-PS 2024), not a count: status E, never O — the last census dates from 2003. The source is five-year banded: no intermediate age boundary (5-18, median age) is drawn from it, since splitting a band would mean inventing a distribution. The top band is open-ended (80 and over). Known source anomaly: COD-PS 2024 assigns 3,987 inhabitants to Gressier (HT0116), out of proportion with its neighbours; its age counts inherit the anomaly and should not be read. Finally, the communal breakdown is more fragile than the total: the sex ratio at birth is biologically stable (101.8 men per 100 women nationally in the 0-4 band), yet it spreads from 89 to 116 across communes. An age-and-sex structure should be read with caution at commune level, and a single band's gap means nothing on its own."
IND-POP-007,en,methode_calcul,"Sum of the 2024 COD-PS five-year bands: 5-9, 10-14, 15-19. The upper bound is 19, not 18: the source is five-year banded, and splitting the 15-19 band would mean inventing a distribution."
IND-POP-007,en,nom,Population aged 5 to 19
IND-POP-007,en,sens_interpretation,Denominator of school-provision indicators. It partly overlaps the under-15 population: the two do not add up.
IND-POP-007,en,unite,inhabitants
IND-POP-007,es,comparabilite,"Comparable entre las 140 comunas del referencial CNIGS 2018: la proyección cubre todo el país, sin zonas ciegas. Comparable en el tiempo solo frente a otro año de referencia COD-PS construido sobre la misma división."
IND-POP-007,es,definition,Población residente estimada en edad escolar.
IND-POP-007,es,limites_connues,"Todos estos valores derivan de una proyección (COD-PS 2024), no de un conteo: estado E, nunca O — el último censo data de 2003. La fuente es quinquenal: no se extrae de ella ningún límite de edad intermedio (5-18 años, edad mediana), pues repartir un grupo exigiría inventar. El último grupo es abierto (80 años y más). Anomalía conocida de la fuente: COD-PS 2024 atribuye 3 987 habitantes a Gressier (HT0116), fuera de proporción con sus vecinas; sus efectivos por edad heredan la anomalía y no deben leerse. Por último, la desagregación comunal es más frágil que el total: la razón de masculinidad al nacer es biológicamente estable (101,8 hombres por 100 mujeres a escala nacional en el grupo 0-4), pero varía de 89 a 116 según la comuna. Una estructura por edad y sexo debe leerse con cautela a nivel comunal, y la diferencia de un solo grupo no significa nada por sí sola."
IND-POP-007,es,methode_calcul,"Suma de los grupos quinquenales del COD-PS 2024: 5-9, 10-14, 15-19. El límite superior es 19 años y no 18: la fuente es quinquenal, y dividir el grupo 15-19 exigiría inventar un reparto."
IND-POP-007,es,nom,Población de 5 a 19 años
IND-POP-007,es,sens_interpretation,Denominador de los indicadores de oferta escolar. Se solapa en parte con los menores de 15 años: ambos no se suman.
IND-POP-007,es,unite,habitantes
IND-POP-007,ht,comparabilite,"Konparab ant tout 140 komin referansyèl CNIGS 2018 la : pwojeksyon an kouvri tout peyi a, pa gen zòn avèg. Pou konpare nan tan, fòk gen yon lòt milezim COD-PS bati sou menm dekoupaj la."
IND-POP-007,ht,definition,Popilasyon rezidan estime ki nan laj pou al lekòl.
IND-POP-007,ht,limites_connues,"Tout valè sa yo soti nan yon pwojeksyon (COD-PS 2024), se pa yon kontaj : estati E, pa janm O — dènye resansman an date 2003. Sous la bay laj yo pa gwoup senk ane : nou pa rale okenn lòt bòn laj (5-18 an, laj medyàn) ladan l, paske pou sa fòk nou ta envante konbyen moun ki nan chak ane anndan yon tranch. Dènye tranch lan louvri (80 an ak plis). Gen yon anomali nan sous la pou moun konnen : COD-PS 2024 bay Gressier (HT0116) 3 987 abitan, yon chif ki pa nan lòd vwazen l yo ; efektif pa laj li yo pote menm anomali a, fòk moun pa li yo. Pou fini, dekoupaj pa komin lan pi frajil pase total la : lè timoun fèt, rapò gason ak fi a estab (101,8 gason pou 100 fi nan tout peyi a sou tranch 0-4 la), men li ale depi 89 rive 116 selon komin. Fòk moun li estrikti laj ak sèks la ak anpil prekosyon nan nivo komin, e eka yon sèl tranch pou kont li pa vle di anyen."
IND-POP-007,ht,methode_calcul,"Sòm tranch senk ane COD-PS 2024 yo : 5-9, 10-14, 15-19. Bòn anwo a se 19 an, se pa 18 : sous la bay laj yo pa gwoup senk ane, koupe tranch 15-19 la ta vle di envante yon chif."
IND-POP-007,ht,nom,Popilasyon 5 a 19 an
IND-POP-007,ht,sens_interpretation,Se denominatè endikatè òf lekòl yo. Li kwaze ak moun ki poko gen 15 an : de yo pa adisyone.
IND-POP-007,ht,unite,abitan
IND-POP-008,en,comparabilite,"Comparable across all 140 communes of the 2018 CNIGS reference: the projection covers the whole country, with no blind spot. Comparable over time only against another COD-PS reference year built on the same boundaries."
IND-POP-008,en,definition,"Estimated resident female population, all ages."
IND-POP-008,en,limites_connues,"Every value here derives from a projection (COD-PS 2024), not a count: status E, never O — the last census dates from 2003. The source is five-year banded: no intermediate age boundary (5-18, median age) is drawn from it, since splitting a band would mean inventing a distribution. The top band is open-ended (80 and over). Known source anomaly: COD-PS 2024 assigns 3,987 inhabitants to Gressier (HT0116), out of proportion with its neighbours; its age counts inherit the anomaly and should not be read. Finally, the communal breakdown is more fragile than the total: the sex ratio at birth is biologically stable (101.8 men per 100 women nationally in the 0-4 band), yet it spreads from 89 to 116 across communes. An age-and-sex structure should be read with caution at commune level, and a single band's gap means nothing on its own."
IND-POP-008,en,methode_calcul,"Column F_TL of the 2024 COD-PS, equal to the sum of the 17 female bands."
IND-POP-008,en,nom,Female population
IND-POP-008,en,sens_interpretation,Read alongside the male population; the gap between them shows in the sex ratio.
IND-POP-008,en,unite,inhabitants
IND-POP-008,es,comparabilite,"Comparable entre las 140 comunas del referencial CNIGS 2018: la proyección cubre todo el país, sin zonas ciegas. Comparable en el tiempo solo frente a otro año de referencia COD-PS construido sobre la misma división."
IND-POP-008,es,definition,"Población residente estimada de sexo femenino, todas las edades."
IND-POP-008,es,limites_connues,"Todos estos valores derivan de una proyección (COD-PS 2024), no de un conteo: estado E, nunca O — el último censo data de 2003. La fuente es quinquenal: no se extrae de ella ningún límite de edad intermedio (5-18 años, edad mediana), pues repartir un grupo exigiría inventar. El último grupo es abierto (80 años y más). Anomalía conocida de la fuente: COD-PS 2024 atribuye 3 987 habitantes a Gressier (HT0116), fuera de proporción con sus vecinas; sus efectivos por edad heredan la anomalía y no deben leerse. Por último, la desagregación comunal es más frágil que el total: la razón de masculinidad al nacer es biológicamente estable (101,8 hombres por 100 mujeres a escala nacional en el grupo 0-4), pero varía de 89 a 116 según la comuna. Una estructura por edad y sexo debe leerse con cautela a nivel comunal, y la diferencia de un solo grupo no significa nada por sí sola."
IND-POP-008,es,methode_calcul,"Columna F_TL del COD-PS 2024, igual a la suma de los 17 grupos femeninos."
IND-POP-008,es,nom,Población femenina
IND-POP-008,es,sens_interpretation,Léase junto con la población masculina; la diferencia se lee en la razón de masculinidad.
IND-POP-008,es,unite,habitantes
IND-POP-008,ht,comparabilite,"Konparab ant tout 140 komin referansyèl CNIGS 2018 la : pwojeksyon an kouvri tout peyi a, pa gen zòn avèg. Pou konpare nan tan, fòk gen yon lòt milezim COD-PS bati sou menm dekoupaj la."
IND-POP-008,ht,definition,"Popilasyon rezidan estime ki se fi, tout laj konfonn."
IND-POP-008,ht,limites_connues,"Tout valè sa yo soti nan yon pwojeksyon (COD-PS 2024), se pa yon kontaj : estati E, pa janm O — dènye resansman an date 2003. Sous la bay laj yo pa gwoup senk ane : nou pa rale okenn lòt bòn laj (5-18 an, laj medyàn) ladan l, paske pou sa fòk nou ta envante konbyen moun ki nan chak ane anndan yon tranch. Dènye tranch lan louvri (80 an ak plis). Gen yon anomali nan sous la pou moun konnen : COD-PS 2024 bay Gressier (HT0116) 3 987 abitan, yon chif ki pa nan lòd vwazen l yo ; efektif pa laj li yo pote menm anomali a, fòk moun pa li yo. Pou fini, dekoupaj pa komin lan pi frajil pase total la : lè timoun fèt, rapò gason ak fi a estab (101,8 gason pou 100 fi nan tout peyi a sou tranch 0-4 la), men li ale depi 89 rive 116 selon komin. Fòk moun li estrikti laj ak sèks la ak anpil prekosyon nan nivo komin, e eka yon sèl tranch pou kont li pa vle di anyen."
IND-POP-008,ht,methode_calcul,"Kolòn F_TL COD-PS 2024 la, ki egal sòm 17 tranch fi yo."
IND-POP-008,ht,nom,Popilasyon fi
IND-POP-008,ht,sens_interpretation,Li li ansanm ak popilasyon gason an ; diferans lan parèt nan rapò gason pou 100 fi a.
IND-POP-008,ht,unite,abitan
IND-POP-009,en,comparabilite,"Comparable across all 140 communes of the 2018 CNIGS reference: the projection covers the whole country, with no blind spot. Comparable over time only against another COD-PS reference year built on the same boundaries."
IND-POP-009,en,definition,"Estimated resident male population, all ages."
IND-POP-009,en,limites_connues,"Every value here derives from a projection (COD-PS 2024), not a count: status E, never O — the last census dates from 2003. The source is five-year banded: no intermediate age boundary (5-18, median age) is drawn from it, since splitting a band would mean inventing a distribution. The top band is open-ended (80 and over). Known source anomaly: COD-PS 2024 assigns 3,987 inhabitants to Gressier (HT0116), out of proportion with its neighbours; its age counts inherit the anomaly and should not be read. Finally, the communal breakdown is more fragile than the total: the sex ratio at birth is biologically stable (101.8 men per 100 women nationally in the 0-4 band), yet it spreads from 89 to 116 across communes. An age-and-sex structure should be read with caution at commune level, and a single band's gap means nothing on its own."
IND-POP-009,en,methode_calcul,"Column M_TL of the 2024 COD-PS, equal to the sum of the 17 male bands."
IND-POP-009,en,nom,Male population
IND-POP-009,en,sens_interpretation,Read alongside the female population; the gap between them shows in the sex ratio.
IND-POP-009,en,unite,inhabitants
IND-POP-009,es,comparabilite,"Comparable entre las 140 comunas del referencial CNIGS 2018: la proyección cubre todo el país, sin zonas ciegas. Comparable en el tiempo solo frente a otro año de referencia COD-PS construido sobre la misma división."
IND-POP-009,es,definition,"Población residente estimada de sexo masculino, todas las edades."
IND-POP-009,es,limites_connues,"Todos estos valores derivan de una proyección (COD-PS 2024), no de un conteo: estado E, nunca O — el último censo data de 2003. La fuente es quinquenal: no se extrae de ella ningún límite de edad intermedio (5-18 años, edad mediana), pues repartir un grupo exigiría inventar. El último grupo es abierto (80 años y más). Anomalía conocida de la fuente: COD-PS 2024 atribuye 3 987 habitantes a Gressier (HT0116), fuera de proporción con sus vecinas; sus efectivos por edad heredan la anomalía y no deben leerse. Por último, la desagregación comunal es más frágil que el total: la razón de masculinidad al nacer es biológicamente estable (101,8 hombres por 100 mujeres a escala nacional en el grupo 0-4), pero varía de 89 a 116 según la comuna. Una estructura por edad y sexo debe leerse con cautela a nivel comunal, y la diferencia de un solo grupo no significa nada por sí sola."
IND-POP-009,es,methode_calcul,"Columna M_TL del COD-PS 2024, igual a la suma de los 17 grupos masculinos."
IND-POP-009,es,nom,Población masculina
IND-POP-009,es,sens_interpretation,Léase junto con la población femenina; la diferencia se lee en la razón de masculinidad.
IND-POP-009,es,unite,habitantes
IND-POP-009,ht,comparabilite,"Konparab ant tout 140 komin referansyèl CNIGS 2018 la : pwojeksyon an kouvri tout peyi a, pa gen zòn avèg. Pou konpare nan tan, fòk gen yon lòt milezim COD-PS bati sou menm dekoupaj la."
IND-POP-009,ht,definition,"Popilasyon rezidan estime ki se gason, tout laj konfonn."
IND-POP-009,ht,limites_connues,"Tout valè sa yo soti nan yon pwojeksyon (COD-PS 2024), se pa yon kontaj : estati E, pa janm O — dènye resansman an date 2003. Sous la bay laj yo pa gwoup senk ane : nou pa rale okenn lòt bòn laj (5-18 an, laj medyàn) ladan l, paske pou sa fòk nou ta envante konbyen moun ki nan chak ane anndan yon tranch. Dènye tranch lan louvri (80 an ak plis). Gen yon anomali nan sous la pou moun konnen : COD-PS 2024 bay Gressier (HT0116) 3 987 abitan, yon chif ki pa nan lòd vwazen l yo ; efektif pa laj li yo pote menm anomali a, fòk moun pa li yo. Pou fini, dekoupaj pa komin lan pi frajil pase total la : lè timoun fèt, rapò gason ak fi a estab (101,8 gason pou 100 fi nan tout peyi a sou tranch 0-4 la), men li ale depi 89 rive 116 selon komin. Fòk moun li estrikti laj ak sèks la ak anpil prekosyon nan nivo komin, e eka yon sèl tranch pou kont li pa vle di anyen."
IND-POP-009,ht,methode_calcul,"Kolòn M_TL COD-PS 2024 la, ki egal sòm 17 tranch gason yo."
IND-POP-009,ht,nom,Popilasyon gason
IND-POP-009,ht,sens_interpretation,Li li ansanm ak popilasyon fi a ; diferans lan parèt nan rapò gason pou 100 fi a.
IND-POP-009,ht,unite,abitan
IND-POP-010,en,comparabilite,"Comparable across all 140 communes of the 2018 CNIGS reference: the projection covers the whole country, with no blind spot. Comparable over time only against another COD-PS reference year built on the same boundaries."
IND-POP-010,en,definition,Share of the under-15 population in the total.
IND-POP-010,en,limites_connues,"Every value here derives from a projection (COD-PS 2024), not a count: status E, never O — the last census dates from 2003. The source is five-year banded: no intermediate age boundary (5-18, median age) is drawn from it, since splitting a band would mean inventing a distribution. The top band is open-ended (80 and over). Known source anomaly: COD-PS 2024 assigns 3,987 inhabitants to Gressier (HT0116), out of proportion with its neighbours; its age counts inherit the anomaly and should not be read. Finally, the communal breakdown is more fragile than the total: the sex ratio at birth is biologically stable (101.8 men per 100 women nationally in the 0-4 band), yet it spreads from 89 to 116 across communes. An age-and-sex structure should be read with caution at commune level, and a single band's gap means nothing on its own."
IND-POP-010,en,methode_calcul,IND-POP-003 ÷ IND-POP-001 × 100.
IND-POP-010,en,nom,Share under 15
IND-POP-010,en,sens_interpretation,"High = young population. Recomputed from the totals at each level of aggregation, never by averaging communal shares."
IND-POP-010,en,unite,%
IND-POP-010,es,comparabilite,"Comparable entre las 140 comunas del referencial CNIGS 2018: la proyección cubre todo el país, sin zonas ciegas. Comparable en el tiempo solo frente a otro año de referencia COD-PS construido sobre la misma división."
IND-POP-010,es,definition,Proporción de menores de 15 años en la población total.
IND-POP-010,es,limites_connues,"Todos estos valores derivan de una proyección (COD-PS 2024), no de un conteo: estado E, nunca O — el último censo data de 2003. La fuente es quinquenal: no se extrae de ella ningún límite de edad intermedio (5-18 años, edad mediana), pues repartir un grupo exigiría inventar. El último grupo es abierto (80 años y más). Anomalía conocida de la fuente: COD-PS 2024 atribuye 3 987 habitantes a Gressier (HT0116), fuera de proporción con sus vecinas; sus efectivos por edad heredan la anomalía y no deben leerse. Por último, la desagregación comunal es más frágil que el total: la razón de masculinidad al nacer es biológicamente estable (101,8 hombres por 100 mujeres a escala nacional en el grupo 0-4), pero varía de 89 a 116 según la comuna. Una estructura por edad y sexo debe leerse con cautela a nivel comunal, y la diferencia de un solo grupo no significa nada por sí sola."
IND-POP-010,es,methode_calcul,IND-POP-003 ÷ IND-POP-001 × 100.
IND-POP-010,es,nom,Proporción de menores de 15 años
IND-POP-010,es,sens_interpretation,"Alto = población joven. Se recalcula sobre los totales en cada agregación, nunca promediando las proporciones comunales."
IND-POP-010,es,unite,%
IND-POP-010,ht,comparabilite,"Konparab ant tout 140 komin referansyèl CNIGS 2018 la : pwojeksyon an kouvri tout peyi a, pa gen zòn avèg. Pou konpare nan tan, fòk gen yon lòt milezim COD-PS bati sou menm dekoupaj la."
IND-POP-010,ht,definition,Pati moun ki poko gen 15 an nan popilasyon total la.
IND-POP-010,ht,limites_connues,"Tout valè sa yo soti nan yon pwojeksyon (COD-PS 2024), se pa yon kontaj : estati E, pa janm O — dènye resansman an date 2003. Sous la bay laj yo pa gwoup senk ane : nou pa rale okenn lòt bòn laj (5-18 an, laj medyàn) ladan l, paske pou sa fòk nou ta envante konbyen moun ki nan chak ane anndan yon tranch. Dènye tranch lan louvri (80 an ak plis). Gen yon anomali nan sous la pou moun konnen : COD-PS 2024 bay Gressier (HT0116) 3 987 abitan, yon chif ki pa nan lòd vwazen l yo ; efektif pa laj li yo pote menm anomali a, fòk moun pa li yo. Pou fini, dekoupaj pa komin lan pi frajil pase total la : lè timoun fèt, rapò gason ak fi a estab (101,8 gason pou 100 fi nan tout peyi a sou tranch 0-4 la), men li ale depi 89 rive 116 selon komin. Fòk moun li estrikti laj ak sèks la ak anpil prekosyon nan nivo komin, e eka yon sèl tranch pou kont li pa vle di anyen."
IND-POP-010,ht,methode_calcul,IND-POP-003 ÷ IND-POP-001 × 100.
IND-POP-010,ht,nom,Pousantaj moun ki poko gen 15 an
IND-POP-010,ht,sens_interpretation,"Wo = popilasyon an jèn. Li rekalkile sou total yo chak fwa w monte yon nivo, ou pa janm fè mwayèn pousantaj komin yo."
IND-POP-010,ht,unite,%
IND-POP-011,en,comparabilite,"Comparable across all 140 communes of the 2018 CNIGS reference: the projection covers the whole country, with no blind spot. Comparable over time only against another COD-PS reference year built on the same boundaries."
IND-POP-011,en,definition,Share of people aged 65 and over in the total population.
IND-POP-011,en,limites_connues,"Every value here derives from a projection (COD-PS 2024), not a count: status E, never O — the last census dates from 2003. The source is five-year banded: no intermediate age boundary (5-18, median age) is drawn from it, since splitting a band would mean inventing a distribution. The top band is open-ended (80 and over). Known source anomaly: COD-PS 2024 assigns 3,987 inhabitants to Gressier (HT0116), out of proportion with its neighbours; its age counts inherit the anomaly and should not be read. Finally, the communal breakdown is more fragile than the total: the sex ratio at birth is biologically stable (101.8 men per 100 women nationally in the 0-4 band), yet it spreads from 89 to 116 across communes. An age-and-sex structure should be read with caution at commune level, and a single band's gap means nothing on its own."
IND-POP-011,en,methode_calcul,IND-POP-005 ÷ IND-POP-001 × 100.
IND-POP-011,en,nom,Share aged 65 and over
IND-POP-011,en,sens_interpretation,High = older population: greater health and care needs.
IND-POP-011,en,unite,%
IND-POP-011,es,comparabilite,"Comparable entre las 140 comunas del referencial CNIGS 2018: la proyección cubre todo el país, sin zonas ciegas. Comparable en el tiempo solo frente a otro año de referencia COD-PS construido sobre la misma división."
IND-POP-011,es,definition,Proporción de personas de 65 años y más en la población total.
IND-POP-011,es,limites_connues,"Todos estos valores derivan de una proyección (COD-PS 2024), no de un conteo: estado E, nunca O — el último censo data de 2003. La fuente es quinquenal: no se extrae de ella ningún límite de edad intermedio (5-18 años, edad mediana), pues repartir un grupo exigiría inventar. El último grupo es abierto (80 años y más). Anomalía conocida de la fuente: COD-PS 2024 atribuye 3 987 habitantes a Gressier (HT0116), fuera de proporción con sus vecinas; sus efectivos por edad heredan la anomalía y no deben leerse. Por último, la desagregación comunal es más frágil que el total: la razón de masculinidad al nacer es biológicamente estable (101,8 hombres por 100 mujeres a escala nacional en el grupo 0-4), pero varía de 89 a 116 según la comuna. Una estructura por edad y sexo debe leerse con cautela a nivel comunal, y la diferencia de un solo grupo no significa nada por sí sola."
IND-POP-011,es,methode_calcul,IND-POP-005 ÷ IND-POP-001 × 100.
IND-POP-011,es,nom,Proporción de 65 años y más
IND-POP-011,es,sens_interpretation,Alto = población más envejecida: mayores necesidades de salud y de cuidados.
IND-POP-011,es,unite,%
IND-POP-011,ht,comparabilite,"Konparab ant tout 140 komin referansyèl CNIGS 2018 la : pwojeksyon an kouvri tout peyi a, pa gen zòn avèg. Pou konpare nan tan, fòk gen yon lòt milezim COD-PS bati sou menm dekoupaj la."
IND-POP-011,ht,definition,Pati moun ki gen 65 an oswa plis nan popilasyon total la.
IND-POP-011,ht,limites_connues,"Tout valè sa yo soti nan yon pwojeksyon (COD-PS 2024), se pa yon kontaj : estati E, pa janm O — dènye resansman an date 2003. Sous la bay laj yo pa gwoup senk ane : nou pa rale okenn lòt bòn laj (5-18 an, laj medyàn) ladan l, paske pou sa fòk nou ta envante konbyen moun ki nan chak ane anndan yon tranch. Dènye tranch lan louvri (80 an ak plis). Gen yon anomali nan sous la pou moun konnen : COD-PS 2024 bay Gressier (HT0116) 3 987 abitan, yon chif ki pa nan lòd vwazen l yo ; efektif pa laj li yo pote menm anomali a, fòk moun pa li yo. Pou fini, dekoupaj pa komin lan pi frajil pase total la : lè timoun fèt, rapò gason ak fi a estab (101,8 gason pou 100 fi nan tout peyi a sou tranch 0-4 la), men li ale depi 89 rive 116 selon komin. Fòk moun li estrikti laj ak sèks la ak anpil prekosyon nan nivo komin, e eka yon sèl tranch pou kont li pa vle di anyen."
IND-POP-011,ht,methode_calcul,IND-POP-005 ÷ IND-POP-001 × 100.
IND-POP-011,ht,nom,Pousantaj moun ki gen 65 an ak plis
IND-POP-011,ht,sens_interpretation,Wo = gen plis granmoun : plis bezwen swen ak akonpayman.
IND-POP-011,ht,unite,%
IND-POP-012,en,comparabilite,"Comparable across all 140 communes of the 2018 CNIGS reference: the projection covers the whole country, with no blind spot. Comparable over time only against another COD-PS reference year built on the same boundaries."
IND-POP-012,en,definition,People outside the working-age band per 100 people aged 15 to 64.
IND-POP-012,en,limites_connues,"Every value here derives from a projection (COD-PS 2024), not a count: status E, never O — the last census dates from 2003. The source is five-year banded: no intermediate age boundary (5-18, median age) is drawn from it, since splitting a band would mean inventing a distribution. The top band is open-ended (80 and over). Known source anomaly: COD-PS 2024 assigns 3,987 inhabitants to Gressier (HT0116), out of proportion with its neighbours; its age counts inherit the anomaly and should not be read. Finally, the communal breakdown is more fragile than the total: the sex ratio at birth is biologically stable (101.8 men per 100 women nationally in the 0-4 band), yet it spreads from 89 to 116 across communes. An age-and-sex structure should be read with caution at commune level, and a single band's gap means nothing on its own."
IND-POP-012,en,methode_calcul,IND-POP-006 ÷ IND-POP-004 × 100.
IND-POP-012,en,nom,Demographic dependency ratio
IND-POP-012,en,sens_interpretation,High = heavy demographic load on the working-age band. It is not a measured economic burden: it is a ratio between ages.
IND-POP-012,en,unite,dependants / 100 people aged 15-64
IND-POP-012,es,comparabilite,"Comparable entre las 140 comunas del referencial CNIGS 2018: la proyección cubre todo el país, sin zonas ciegas. Comparable en el tiempo solo frente a otro año de referencia COD-PS construido sobre la misma división."
IND-POP-012,es,definition,Personas fuera del grupo de edad activa por cada 100 personas de 15 a 64 años.
IND-POP-012,es,limites_connues,"Todos estos valores derivan de una proyección (COD-PS 2024), no de un conteo: estado E, nunca O — el último censo data de 2003. La fuente es quinquenal: no se extrae de ella ningún límite de edad intermedio (5-18 años, edad mediana), pues repartir un grupo exigiría inventar. El último grupo es abierto (80 años y más). Anomalía conocida de la fuente: COD-PS 2024 atribuye 3 987 habitantes a Gressier (HT0116), fuera de proporción con sus vecinas; sus efectivos por edad heredan la anomalía y no deben leerse. Por último, la desagregación comunal es más frágil que el total: la razón de masculinidad al nacer es biológicamente estable (101,8 hombres por 100 mujeres a escala nacional en el grupo 0-4), pero varía de 89 a 116 según la comuna. Una estructura por edad y sexo debe leerse con cautela a nivel comunal, y la diferencia de un solo grupo no significa nada por sí sola."
IND-POP-012,es,methode_calcul,IND-POP-006 ÷ IND-POP-004 × 100.
IND-POP-012,es,nom,Razón de dependencia demográfica
IND-POP-012,es,sens_interpretation,Alto = fuerte carga demográfica sobre el grupo en edad activa. No es una carga económica medida: es una razón entre edades.
IND-POP-012,es,unite,dependientes / 100 personas de 15-64 años
IND-POP-012,ht,comparabilite,"Konparab ant tout 140 komin referansyèl CNIGS 2018 la : pwojeksyon an kouvri tout peyi a, pa gen zòn avèg. Pou konpare nan tan, fòk gen yon lòt milezim COD-PS bati sou menm dekoupaj la."
IND-POP-012,ht,definition,Kantite moun ki deyò tranch laj travay la pou chak 100 moun ki gen 15 a 64 an.
IND-POP-012,ht,limites_connues,"Tout valè sa yo soti nan yon pwojeksyon (COD-PS 2024), se pa yon kontaj : estati E, pa janm O — dènye resansman an date 2003. Sous la bay laj yo pa gwoup senk ane : nou pa rale okenn lòt bòn laj (5-18 an, laj medyàn) ladan l, paske pou sa fòk nou ta envante konbyen moun ki nan chak ane anndan yon tranch. Dènye tranch lan louvri (80 an ak plis). Gen yon anomali nan sous la pou moun konnen : COD-PS 2024 bay Gressier (HT0116) 3 987 abitan, yon chif ki pa nan lòd vwazen l yo ; efektif pa laj li yo pote menm anomali a, fòk moun pa li yo. Pou fini, dekoupaj pa komin lan pi frajil pase total la : lè timoun fèt, rapò gason ak fi a estab (101,8 gason pou 100 fi nan tout peyi a sou tranch 0-4 la), men li ale depi 89 rive 116 selon komin. Fòk moun li estrikti laj ak sèks la ak anpil prekosyon nan nivo komin, e eka yon sèl tranch pou kont li pa vle di anyen."
IND-POP-012,ht,methode_calcul,IND-POP-006 ÷ IND-POP-004 × 100.
IND-POP-012,ht,nom,Rapò depandans demografik
IND-POP-012,ht,sens_interpretation,Wo = chay demografik la lou sou tranch laj travay la. Se pa yon chay ekonomik nou mezire : se yon rapò ant laj.
IND-POP-012,ht,unite,depandan / 100 moun 15-64 an
IND-POP-013,en,comparabilite,"Comparable across all 140 communes of the 2018 CNIGS reference: the projection covers the whole country, with no blind spot. Comparable over time only against another COD-PS reference year built on the same boundaries."
IND-POP-013,en,definition,Men per 100 women.
IND-POP-013,en,limites_connues,"Every value here derives from a projection (COD-PS 2024), not a count: status E, never O — the last census dates from 2003. The source is five-year banded: no intermediate age boundary (5-18, median age) is drawn from it, since splitting a band would mean inventing a distribution. The top band is open-ended (80 and over). Known source anomaly: COD-PS 2024 assigns 3,987 inhabitants to Gressier (HT0116), out of proportion with its neighbours; its age counts inherit the anomaly and should not be read. Finally, the communal breakdown is more fragile than the total: the sex ratio at birth is biologically stable (101.8 men per 100 women nationally in the 0-4 band), yet it spreads from 89 to 116 across communes. An age-and-sex structure should be read with caution at commune level, and a single band's gap means nothing on its own."
IND-POP-013,en,methode_calcul,IND-POP-009 ÷ IND-POP-008 × 100.
IND-POP-013,en,nom,Sex ratio
IND-POP-013,en,sens_interpretation,Close to 95-100 in a population without marked movement. A clear gap signals selective migration — or a limit of the projection.
IND-POP-013,en,unite,men / 100 women
IND-POP-013,es,comparabilite,"Comparable entre las 140 comunas del referencial CNIGS 2018: la proyección cubre todo el país, sin zonas ciegas. Comparable en el tiempo solo frente a otro año de referencia COD-PS construido sobre la misma división."
IND-POP-013,es,definition,Hombres por cada 100 mujeres.
IND-POP-013,es,limites_connues,"Todos estos valores derivan de una proyección (COD-PS 2024), no de un conteo: estado E, nunca O — el último censo data de 2003. La fuente es quinquenal: no se extrae de ella ningún límite de edad intermedio (5-18 años, edad mediana), pues repartir un grupo exigiría inventar. El último grupo es abierto (80 años y más). Anomalía conocida de la fuente: COD-PS 2024 atribuye 3 987 habitantes a Gressier (HT0116), fuera de proporción con sus vecinas; sus efectivos por edad heredan la anomalía y no deben leerse. Por último, la desagregación comunal es más frágil que el total: la razón de masculinidad al nacer es biológicamente estable (101,8 hombres por 100 mujeres a escala nacional en el grupo 0-4), pero varía de 89 a 116 según la comuna. Una estructura por edad y sexo debe leerse con cautela a nivel comunal, y la diferencia de un solo grupo no significa nada por sí sola."
IND-POP-013,es,methode_calcul,IND-POP-009 ÷ IND-POP-008 × 100.
IND-POP-013,es,nom,Razón de masculinidad
IND-POP-013,es,sens_interpretation,Cercana a 95-100 en una población sin movimientos marcados. Una brecha clara señala migración selectiva — o un límite de la proyección.
IND-POP-013,es,unite,hombres / 100 mujeres
IND-POP-013,ht,comparabilite,"Konparab ant tout 140 komin referansyèl CNIGS 2018 la : pwojeksyon an kouvri tout peyi a, pa gen zòn avèg. Pou konpare nan tan, fòk gen yon lòt milezim COD-PS bati sou menm dekoupaj la."
IND-POP-013,ht,definition,Kantite gason pou chak 100 fi.
IND-POP-013,ht,limites_connues,"Tout valè sa yo soti nan yon pwojeksyon (COD-PS 2024), se pa yon kontaj : estati E, pa janm O — dènye resansman an date 2003. Sous la bay laj yo pa gwoup senk ane : nou pa rale okenn lòt bòn laj (5-18 an, laj medyàn) ladan l, paske pou sa fòk nou ta envante konbyen moun ki nan chak ane anndan yon tranch. Dènye tranch lan louvri (80 an ak plis). Gen yon anomali nan sous la pou moun konnen : COD-PS 2024 bay Gressier (HT0116) 3 987 abitan, yon chif ki pa nan lòd vwazen l yo ; efektif pa laj li yo pote menm anomali a, fòk moun pa li yo. Pou fini, dekoupaj pa komin lan pi frajil pase total la : lè timoun fèt, rapò gason ak fi a estab (101,8 gason pou 100 fi nan tout peyi a sou tranch 0-4 la), men li ale depi 89 rive 116 selon komin. Fòk moun li estrikti laj ak sèks la ak anpil prekosyon nan nivo komin, e eka yon sèl tranch pou kont li pa vle di anyen."
IND-POP-013,ht,methode_calcul,IND-POP-009 ÷ IND-POP-008 × 100.
IND-POP-013,ht,nom,Rapò gason pou 100 fi
IND-POP-013,ht,sens_interpretation,Li rete bò 95-100 nan yon popilasyon ki pa gen gwo deplasman. Yon gwo eka vle di gen moun k ap deplase yon jan chwazi — oswa gen yon limit nan pwojeksyon an.
IND-POP-013,ht,unite,gason / 100 fi
IND-PRX-001,en,comparabilite,Comparable between markets for the same year.
IND-PRX-001,en,definition,"Average price of a marmite of local maize meal on the commune's market, in gourdes, mean of the months recorded in 2024. A marmite is a Haitian measure, about six pounds for cereals."
IND-PRX-001,en,limites_connues,"THIS IS NOT A CONSUMER PRICE INDEX: one staple, one unit, no housing, no transport, no energy. Nine of 140 communes carry a monitored market — and a market serves a catchment wider than the commune hosting it. The gap between markets is large: 291 gourdes in Jérémie against 700 in Ouanaminthe the same year, for the same product. Collection stops at the end of 2024."
IND-PRX-001,en,methode_calcul,"Mean of the monthly prices recorded in 2024, with no weighting: each recorded month counts the same, and a month without a reading is absent, never interpolated."
IND-PRX-001,en,nom,Price of a marmite of maize meal
IND-PRX-001,en,sens_interpretation,High = dearer staple.
IND-PRX-001,en,unite,gourdes per marmite
IND-PRX-001,es,comparabilite,Comparable entre mercados para el mismo año.
IND-PRX-001,es,definition,"Precio medio de una marmite de maíz molido local en el mercado de la comuna, en gourdes, media de los meses registrados en 2024. La marmite es una medida haitiana, unas seis libras para los cereales."
IND-PRX-001,es,limites_connues,"NO ES UN ÍNDICE DE PRECIOS AL CONSUMO: un solo alimento, una sola unidad, sin vivienda, transporte ni energía. Nueve de 140 comunas tienen un mercado seguido, y un mercado sirve a una zona más amplia que la comuna que lo alberga. La diferencia entre mercados es grande: 291 gourdes en Jérémie frente a 700 en Ouanaminthe el mismo año, por el mismo producto. La recogida se detiene a finales de 2024."
IND-PRX-001,es,methode_calcul,"Media de los precios mensuales registrados en 2024, sin ponderación: cada mes cuenta igual, y un mes sin registro está ausente, nunca interpolado."
IND-PRX-001,es,nom,Precio de una marmite de maíz molido
IND-PRX-001,es,sens_interpretation,Alto = alimento más caro.
IND-PRX-001,es,unite,gourdes por marmite
IND-PRX-001,ht,comparabilite,Konparab ant mache yo pou menm ane a.
IND-PRX-001,ht,definition,"Pri mwayen yon mamit mayi moulen lokal nan mache komin nan, an goud, mwayèn mwa yo reeleve an 2024."
IND-PRX-001,ht,limites_connues,"SA SE PA YON ENDIS PRI : yon sèl manje, yon sèl inite, ni kay, ni transpò, ni enèji. Nèf komin sou 140 gen yon mache yo swiv — epi yon mache sèvi yon zòn ki pi laj pase komin kote li ye a. Diferans ant mache yo gwo : 291 goud nan Jeremi kont 700 nan Wanament menm ane a, pou menm bagay la. Kolèk la kanpe nan fen 2024."
IND-PRX-001,ht,methode_calcul,"Mwayèn pri chak mwa yo reeleve an 2024, san okenn pondérasyon : chak mwa peze menm jan, epi yon mwa san relve pa la ditou — nou pa janm envante l."
IND-PRX-001,ht,nom,Pri yon mamit mayi moulen
IND-PRX-001,ht,sens_interpretation,Wo = manje a pi chè.
IND-PRX-001,ht,unite,goud pou yon mamit
IND-PRX-002,en,comparabilite,Comparable between markets.
IND-PRX-002,en,definition,"Ratio of the 2024 average price to the 2005 average price for a marmite of local maize meal, in gourdes."
IND-PRX-002,en,limites_connues,"THIS FIGURE MIXES TWO THINGS and must not be read alone: the real rise in price, and the depreciation of the gourde. IND-PRX-003 separates them — in dollars the same marmite is multiplied by 3.5 where it is by 10.8 in gourdes. The two are corrected by different policies."
IND-PRX-002,en,methode_calcul,"The 2024 average divided by the 2005 average, on the same market. If either year has no reading, no ratio is given."
IND-PRX-002,en,nom,Rise of maize in gourdes since 2005
IND-PRX-002,en,sens_interpretation,High = steeper rise.
IND-PRX-002,en,unite,times dearer than in 2005
IND-PRX-002,es,comparabilite,Comparable entre mercados.
IND-PRX-002,es,definition,"Relación entre el precio medio de 2024 y el de 2005 para una marmite de maíz molido local, en gourdes."
IND-PRX-002,es,limites_connues,"ESTA CIFRA MEZCLA DOS FENÓMENOS y no debe leerse sola: la subida real del precio y la depreciación del gourde. IND-PRX-003 los separa: en dólares la misma marmite se multiplica por 3,5 cuando lo hace por 10,8 en gourdes. Ambos se corrigen con políticas distintas."
IND-PRX-002,es,methode_calcul,"La media de 2024 dividida por la de 2005, en el mismo mercado. Si falta alguno de los dos años, no se da ninguna relación."
IND-PRX-002,es,nom,Subida del maíz en gourdes desde 2005
IND-PRX-002,es,sens_interpretation,Alto = subida más fuerte.
IND-PRX-002,es,unite,veces más caro que en 2005
IND-PRX-002,ht,comparabilite,Konparab ant mache yo.
IND-PRX-002,ht,definition,"Rapò ant pri mwayen 2024 la ak pri mwayen 2005 la pou yon mamit mayi moulen lokal, an goud."
IND-PRX-002,ht,limites_connues,"CHIF SA A MELANJE DE BAGAY epi nou pa dwe li l pou kont li : pri a ki monte toutbon, ak goud la ki pèdi valè. IND-PRX-003 separe yo — an dola, menm mamit la miltipliye pa 3,5 alòske li miltipliye pa 10,8 an goud. De bagay sa yo pa korije ak menm politik."
IND-PRX-002,ht,methode_calcul,"Pri mwayen 2024 divize pa pri mwayen 2005, sou menm mache a. Si youn nan de ane yo pa gen relve, nou pa bay okenn rapò."
IND-PRX-002,ht,nom,Konbyen fwa mayi a vin pi chè an goud depi 2005
IND-PRX-002,ht,sens_interpretation,Wo = pri a monte plis.
IND-PRX-002,ht,unite,fwa pi chè pase 2005
IND-PRX-003,en,comparabilite,Comparable between markets.
IND-PRX-003,en,definition,"Same ratio as IND-PRX-002, computed on the price converted to dollars: what remains of the rise once the currency's depreciation is set aside."
IND-PRX-003,en,limites_connues,"THE DOLLAR PRICE IS A CONVERSION, NOT AN OBSERVATION: the implied rate is the same for every reading of a given month, to the rounding — 42 gourdes to the dollar in 2005, 130 in 2024. It is a reference rate applied by WFP, not what a buyer obtains on the street. The figure still speaks: even with the currency set aside, the marmite has more than tripled."
IND-PRX-003,en,methode_calcul,"The same calculation, on the dollar price column supplied by WFP."
IND-PRX-003,en,nom,Rise of maize in dollars since 2005
IND-PRX-003,en,sens_interpretation,High = steeper real rise.
IND-PRX-003,en,unite,times dearer than in 2005
IND-PRX-003,es,comparabilite,Comparable entre mercados.
IND-PRX-003,es,definition,"La misma relación que IND-PRX-002, calculada sobre el precio convertido a dólares: lo que queda de la subida una vez apartada la depreciación de la moneda."
IND-PRX-003,es,limites_connues,"EL PRECIO EN DÓLARES ES UNA CONVERSIÓN, NO UNA OBSERVACIÓN: la tasa implícita es la misma para todos los registros de un mismo mes, salvo redondeo: 42 gourdes por dólar en 2005, 130 en 2024. Es una tasa de referencia aplicada por el PMA, no la que obtiene un comprador en la calle. La cifra sigue siendo elocuente: incluso apartando la moneda, la marmite se ha más que triplicado."
IND-PRX-003,es,methode_calcul,"El mismo cálculo, sobre la columna de precio en dólares facilitada por el PMA."
IND-PRX-003,es,nom,Subida del maíz en dólares desde 2005
IND-PRX-003,es,sens_interpretation,Alto = subida real más fuerte.
IND-PRX-003,es,unite,veces más caro que en 2005
IND-PRX-003,ht,comparabilite,Konparab ant mache yo.
IND-PRX-003,ht,definition,"Menm rapò ak IND-PRX-002, men sou pri a konvèti an dola : sa ki rete nan monte a lè nou mete valè goud la sou kote."
IND-PRX-003,ht,limites_connues,"PRI AN DOLA A SE YON KONVÈSYON, SE PA YON BAGAY YO WÈ SOU MACHE A : to a menm pou tout relve yon menm mwa, apeprè — 42 goud pou yon dola an 2005, 130 an 2024. Se yon to referans PAM nan aplike, se pa sa yon achtè jwenn nan lari a. Chif la rete pale : menm lè nou mete monnen an sou kote, mamit la plis pase triple."
IND-PRX-003,ht,methode_calcul,"Menm kalkil la, sou kolòn pri an dola PAM nan bay la."
IND-PRX-003,ht,nom,Konbyen fwa mayi a vin pi chè an dola depi 2005
IND-PRX-003,ht,sens_interpretation,Wo = monte reyèl la pi fò.
IND-PRX-003,ht,unite,fwa pi chè pase 2005
IND-PRX-004,en,comparabilite,Comparable between regions for the same month. The base changed in 2017-2018: earlier series do not stack onto these.
IND-PRX-004,en,definition,"Value of the consumer price index published by IHSI for the region the commune belongs to, base 100 in 2017-2018."
IND-PRX-004,en,limites_connues,"THIS IS NOT A COMMUNAL INDEX. The 140 communes carry only FIVE values, those of IHSI's five regions: it would be wrong to conclude that one commune is dearer than another within the same region. Prices are collected IN URBAN AREAS ONLY, while the weights cover towns and countryside. Those weights come from the 2011-2012 ECVMAS survey and have not been updated since. IHSI DOES compute departmental indices but does not publish them."
IND-PRX-004,en,methode_calcul,"We do not compute the value: IHSI publishes it. Only the region-to-commune attachment is ours, following the list of communes IHSI names for the Metropolitan Area and the departments it names for the four other regions."
IND-PRX-004,en,nom,Consumer price index of the region
IND-PRX-004,en,sens_interpretation,High = higher price level.
IND-PRX-004,en,unite,index points
IND-PRX-004,es,comparabilite,Comparable entre regiones para el mismo mes. La base cambió en 2017-2018: las series anteriores no se apilan con estas.
IND-PRX-004,es,definition,"Valor del índice de precios al consumo publicado por el IHSI para la región a la que pertenece la comuna, base 100 en 2017-2018."
IND-PRX-004,es,limites_connues,"NO ES UN ÍNDICE COMUNAL. Las 140 comunas llevan solo CINCO valores, los de las cinco regiones del IHSI: sería falso concluir que una comuna es más cara que otra dentro de la misma región. Los precios se recogen SOLO EN ZONAS URBANAS, mientras que las ponderaciones cubren ciudad y campo. Esas ponderaciones proceden de la encuesta ECVMAS de 2011-2012 y no se han actualizado desde entonces. El IHSI SÍ calcula índices departamentales pero no los publica."
IND-PRX-004,es,methode_calcul,"No calculamos el valor: lo publica el IHSI. Solo la asignación región-comuna es nuestra, según la lista de comunas que el IHSI nombra para el Área Metropolitana y los departamentos para las otras cuatro regiones."
IND-PRX-004,es,nom,Índice de precios de la región
IND-PRX-004,es,sens_interpretation,Alto = nivel de precios más alto.
IND-PRX-004,es,unite,puntos de índice
IND-PRX-004,ht,comparabilite,Konparab ant rejyon pou menm mwa a. Baz la chanje an 2017-2018 : seri anvan sa yo pa anpile ak sa yo.
IND-PRX-004,ht,definition,"Valè endis pri IHSI a pibliye pou rejyon kote komin nan ye a, baz 100 an 2017-2018."
IND-PRX-004,ht,limites_connues,"SE PA YON ENDIS KOMIN. 140 komin yo pote SENK valè sèlman, sa yo ki pou senk rejyon IHSI yo : li ta fo pou nou di yon komin pi chè pase yon lòt anndan menm rejyon an. Yo pran pri yo NAN VIL SÈLMAN, alòske pondérasyon yo kouvri vil ak andeyò. Pondérasyon sa yo soti nan ankèt ECVMAS 2011-2012, yo pa aktyalize depi lè sa a. IHSI KALKILE endis pa depatman men li pa pibliye yo."
IND-PRX-004,ht,methode_calcul,"Nou pa kalkile valè a : IHSI pibliye l. Sèl bagay ki pou nou se rattachman rejyon an ak komin yo, dapre lis komin IHSI a bay pou Zòn Metwopolitèn nan ak dapre depatman yo pou lòt kat rejyon yo."
IND-PRX-004,ht,nom,Endis pri rejyon an
IND-PRX-004,ht,sens_interpretation,Wo = nivo pri pi wo.
IND-PRX-004,ht,unite,pwen endis
IND-PRX-005,en,comparabilite,Comparable between regions for the same month.
IND-PRX-005,en,definition,"Twelve-month change in the consumer price index of the region the commune belongs to, as IHSI publishes it."
IND-PRX-005,en,limites_connues,"THE GAP BETWEEN REGIONS IS SMALL, and that is information in itself: 2.9 points separate the hardest-hit region from the least, while all exceed 16 %. Haitian inflation is a national phenomenon before it is a territorial one. Do not read it with the index level: Reste Ouest carries the highest index but not the steepest rise."
IND-PRX-005,en,methode_calcul,IHSI supplies the figure; we do not recompute it.
IND-PRX-005,en,nom,Twelve-month price rise in the region
IND-PRX-005,en,sens_interpretation,High = prices rising faster.
IND-PRX-005,en,unite,% over twelve months
IND-PRX-005,es,comparabilite,Comparable entre regiones para el mismo mes.
IND-PRX-005,es,definition,"Variación interanual del índice de precios al consumo de la región a la que pertenece la comuna, tal como la publica el IHSI."
IND-PRX-005,es,limites_connues,"LA DIFERENCIA ENTRE REGIONES ES PEQUEÑA, y eso es información en sí: 2,9 puntos separan la región más afectada de la menos, mientras todas superan el 16 %. La inflación haitiana es un fenómeno nacional antes que territorial. No leerlo junto al nivel del índice: Reste Ouest tiene el índice más alto pero no la subida más fuerte."
IND-PRX-005,es,methode_calcul,El IHSI facilita la cifra; no la recalculamos.
IND-PRX-005,es,nom,Subida de precios interanual en la región
IND-PRX-005,es,sens_interpretation,Alto = precios que suben más rápido.
IND-PRX-005,es,unite,% interanual
IND-PRX-005,ht,comparabilite,Konparab ant rejyon pou menm mwa a.
IND-PRX-005,ht,definition,"Chanjman sou douz mwa endis pri rejyon kote komin nan ye a, jan IHSI pibliye l."
IND-PRX-005,ht,limites_connues,"DIFERANS ANT REJYON YO PICHIT, epi se yon enfòmasyon nan tèt li : 2,9 pwen separe rejyon ki pi frape a ak sa ki mwens frape a, alòske tout depase 16 %. Enflasyon an Ayiti se yon bagay nasyonal anvan li teritoryal. Pa li l ansanm ak nivo endis la : Rès Lwès la gen endis ki pi wo a men se pa li ki gen monte ki pi fò a."
IND-PRX-005,ht,methode_calcul,IHSI bay chif la; nou pa rekalkile l.
IND-PRX-005,ht,nom,Monte pri sou douz mwa nan rejyon an
IND-PRX-005,ht,sens_interpretation,Wo = pri yo monte pi vit.
IND-PRX-005,ht,unite,% sou douz mwa
IND-QUA-001,en,comparabilite,Comparable between communes of the same backbone version.
IND-QUA-001,en,definition,Share of backbone dimensions documented for the commune.
IND-QUA-001,en,limites_connues,"Measures what WE know about the commune, not the reality of the commune. A low score marks a documentary blind spot."
IND-QUA-001,en,methode_calcul,"Five dimensions tested: area known, localities recorded, at least one health facility recorded, at least one school recorded, at least one market monitored. Score = filled dimensions ÷ 5 × 100."
IND-QUA-001,en,nom,Administrative completeness score
IND-QUA-001,en,sens_interpretation,"High = well-documented commune. Low = any analysis there will be fragile, and that is information in itself."
IND-QUA-001,en,unite,%
IND-QUA-001,es,comparabilite,Comparable entre comunas de la misma versión del backbone.
IND-QUA-001,es,definition,Proporción de las dimensiones del backbone documentadas para la comuna.
IND-QUA-001,es,limites_connues,"Mide lo que NOSOTROS sabemos de la comuna, no la realidad de la comuna. Un índice bajo señala un punto ciego documental."
IND-QUA-001,es,methode_calcul,"Cinco dimensiones evaluadas: superficie conocida, localidades registradas, al menos un establecimiento de salud registrado, al menos una escuela registrada, al menos un mercado con seguimiento. Índice = dimensiones informadas ÷ 5 × 100."
IND-QUA-001,es,nom,Índice de completitud administrativa
IND-QUA-001,es,sens_interpretation,"Alto = comuna bien documentada. Bajo = todo análisis será frágil allí, y eso ya es información."
IND-QUA-001,es,unite,%
IND-QUA-001,ht,comparabilite,Konparab ant komin nan menm vèsyon backbone la.
IND-QUA-001,ht,definition,Pòsyon dimansyon backbone yo ki dokimante pou komin nan.
IND-QUA-001,ht,limites_connues,"Li mezire sa NOU konnen sou komin nan, se pa reyalite komin nan. Yon nòt ki fèb montre yon zòn nou pa dokimante."
IND-QUA-001,ht,methode_calcul,"Senk dimansyon teste : sipèfisi konnen, lokalite resanse, omwen yon etablisman sante resanse, omwen yon lekòl resanse, omwen yon mache swiv. Nòt = dimansyon ki ranpli ÷ 5 × 100."
IND-QUA-001,ht,nom,Nòt konplè administratif
IND-QUA-001,ht,sens_interpretation,"Wo = komin nan byen dokimante. Ba = nenpòt analiz la ap frajil, e sa se yon enfòmasyon nan tèt li."
IND-QUA-001,ht,unite,%
IND-QUA-002,en,comparabilite,Comparable between communes of the same reference year.
IND-QUA-002,en,definition,"Number of data families — health, schools, population — where the sources strongly contradict each other or cannot be cross-checked."
IND-QUA-002,en,limites_connues,THIS INDICATOR DOES NOT MEASURE THE TERRITORY: it measures the state of the INFORMATION we have about it. A commune scoring badly here is not poorly equipped — it is a commune where our sources contradict each other. That is what makes it actionable: it points to where mappers should be sent or a register requested.
IND-QUA-002,en,methode_calcul,"For each of the three families — health, schools, population — the ratio between the highest and the lowest value among the available sources; families in disagreement (ratio > 3) or with a single source are counted."
IND-QUA-002,en,nom,Data families that are weak or unverifiable
IND-QUA-002,en,sens_interpretation,"High = less reliable information, NOT a less well-equipped territory"
IND-QUA-002,en,unite,families out of 3
IND-QUA-002,es,comparabilite,Comparable entre comunas del mismo año de referencia.
IND-QUA-002,es,definition,"Número de familias de datos — salud, escuelas, población — donde las fuentes se contradicen fuertemente o no pueden contrastarse."
IND-QUA-002,es,limites_connues,ESTE INDICADOR NO MIDE EL TERRITORIO: mide el estado de la INFORMACIÓN que tenemos sobre él. Una comuna mal puntuada aquí no está mal equipada — es una comuna sobre la que nuestras fuentes se contradicen. Eso es lo que lo hace accionable: señala dónde enviar cartógrafos o dónde pedir un registro.
IND-QUA-002,es,methode_calcul,"Para cada una de las tres familias — salud, escuelas, población — razón entre el valor más alto y el más bajo de las fuentes disponibles; se cuentan las familias en desacuerdo (razón > 3) o con una única fuente."
IND-QUA-002,es,nom,Familias de datos débiles o no verificables
IND-QUA-002,es,sens_interpretation,"Alto = información menos segura, NO territorio peor equipado"
IND-QUA-002,es,unite,familias de 3
IND-QUA-002,ht,comparabilite,Konparab ant komin ki gen menm ane referans lan.
IND-QUA-002,ht,definition,"Kantite fanmi done — sante, lekòl, popilasyon — kote sous yo kontredi youn lòt anpil oswa kote nou pa ka konfwonte yo."
IND-QUA-002,ht,limites_connues,ENDIKATÈ SA A PA MEZIRE TERITWA A : li mezire eta ENFÒMASYON nou genyen sou li. Yon komin ki gen yon move nòt isit la se pa yon komin ki mal ekipe — se yon komin kote sous nou yo kontredi youn lòt. Se sa ki fè li itil : li montre kote pou voye moun al fè kat oswa kote pou mande yon rejis.
IND-QUA-002,ht,methode_calcul,"Pou chak nan twa fanmi yo — sante, lekòl, popilasyon — rapò ant pi gwo valè a ak pi piti valè a nan sous ki disponib yo ; nou konte fanmi ki pa dakò (rapò > 3) oswa ki gen yon sèl sous."
IND-QUA-002,ht,nom,Fanmi done ki fèb oswa ki pa verifyab
IND-QUA-002,ht,sens_interpretation,"Wo = enfòmasyon an mwens si, SE PA teritwa a ki mal ekipe"
IND-QUA-002,ht,unite,fanmi sou 3
IND-RIS-001,en,comparabilite,Comparable between communes of the same reference year.
IND-RIS-001,en,definition,"Number of earthquakes whose epicentre lies less than 100 km from the centre of the commune, since 1911."
IND-RIS-001,en,limites_connues,"A count of PAST events is not a probabilistic hazard. The density of the measurement network has increased greatly: recent decades count better, not necessarily more."
IND-RIS-001,en,methode_calcul,Count of ComCat catalogue earthquakes whose epicentre is less than 100 km from the commune centroid.
IND-RIS-001,en,nom,Earthquakes within 100 km
IND-RIS-001,en,sens_interpretation,High = stronger historical exposure
IND-RIS-001,en,unite,count since 1911
IND-RIS-001,es,comparabilite,Comparable entre comunas del mismo año de referencia.
IND-RIS-001,es,definition,"Número de sismos cuyo epicentro se sitúa a menos de 100 km del centro de la comuna, desde 1911."
IND-RIS-001,es,limites_connues,"Un recuento de sucesos PASADOS no es una amenaza probabilística. La densidad de la red de medición ha aumentado mucho: las décadas recientes cuentan mejor, no necesariamente más."
IND-RIS-001,es,methode_calcul,Recuento de los sismos del catálogo ComCat cuyo epicentro está a menos de 100 km del centroide de la comuna.
IND-RIS-001,es,nom,Sismos en un radio de 100 km
IND-RIS-001,es,sens_interpretation,Alto = mayor exposición histórica
IND-RIS-001,es,unite,número desde 1911
IND-RIS-001,ht,comparabilite,Konparab ant komin ki gen menm ane referans lan.
IND-RIS-001,ht,definition,"Kantite tranblemanntè ki gen episant yo nan mwens pase 100 km depi sant komin nan, depi 1911."
IND-RIS-001,ht,limites_connues,"Konte evènman ki PASE deja se pa menm bagay ak yon alea pwobabilis. Rezo aparèy mezi yo vin pi dans anpil : dènye deseni yo konte pi byen, se pa nesesèman plis ki rive."
IND-RIS-001,ht,methode_calcul,Konte tranblemanntè katalòg ComCat yo ki gen episant yo nan mwens pase 100 km depi santwòyid komin nan.
IND-RIS-001,ht,nom,Tranblemanntè nan yon reyon 100 km
IND-RIS-001,ht,sens_interpretation,Wo = plis ekspozisyon nan istwa a
IND-RIS-001,ht,unite,kantite depi 1911
IND-RIS-002,en,comparabilite,Comparable between communes of the same reference year.
IND-RIS-002,en,definition,"Number of tropical cyclones whose track passed less than 100 km from the centre of the commune, since 1851."
IND-RIS-002,en,limites_connues,"Passing nearby is not striking: distance says nothing about intensity at ground level, nor about damage. Older tracks are reconstructed, and therefore less precise."
IND-RIS-002,en,methode_calcul,Count of IBTrACS tracks passing less than 100 km from the commune centroid.
IND-RIS-002,en,nom,Cyclones passing within 100 km
IND-RIS-002,en,sens_interpretation,High = stronger historical exposure
IND-RIS-002,en,unite,count since 1851
IND-RIS-002,es,comparabilite,Comparable entre comunas del mismo año de referencia.
IND-RIS-002,es,definition,"Número de ciclones tropicales cuya trayectoria pasó a menos de 100 km del centro de la comuna, desde 1851."
IND-RIS-002,es,limites_connues,"Pasar cerca no es golpear: la distancia no dice ni la intensidad en el suelo ni los daños. Las trayectorias antiguas están reconstruidas y son, por tanto, menos precisas."
IND-RIS-002,es,methode_calcul,Recuento de las trayectorias IBTrACS que pasan a menos de 100 km del centroide de la comuna.
IND-RIS-002,es,nom,Ciclones pasados en un radio de 100 km
IND-RIS-002,es,sens_interpretation,Alto = mayor exposición histórica
IND-RIS-002,es,unite,número desde 1851
IND-RIS-002,ht,comparabilite,Konparab ant komin ki gen menm ane referans lan.
IND-RIS-002,ht,definition,"Kantite siklòn twopikal ki pase nan mwens pase 100 km depi sant komin nan, depi 1851."
IND-RIS-002,ht,limites_connues,"Pase toupre se pa frape : distans lan pa di ni ki fòs van an te genyen atè, ni ki dega ki fèt. Trajektwa ansyen yo se rekonstitisyon, kidonk yo mwens presi."
IND-RIS-002,ht,methode_calcul,Konte trajektwa IBTrACS yo ki pase nan mwens pase 100 km depi santwòyid komin nan.
IND-RIS-002,ht,nom,Siklòn ki pase nan yon reyon 100 km
IND-RIS-002,ht,sens_interpretation,Wo = plis ekspozisyon nan istwa a
IND-RIS-002,ht,unite,kantite depi 1851
IND-SAN-001,en,comparabilite,NOT comparable between communes outside the covered area: the source covers only 14 communes out of 140.
IND-SAN-001,en,definition,Number of operating health facilities recorded.
IND-SAN-001,en,limites_connues,"PARTIAL COVERAGE — 14 communes (Artibonite, Centre, Nord, Ouest). An absent commune does not have zero facilities: it is not covered, hence status N. 2023 census."
IND-SAN-001,en,methode_calcul,"Count in the organisations referential, Health category."
IND-SAN-001,en,nom,Recorded health facilities
IND-SAN-001,en,sens_interpretation,"Higher = denser provision, to be related to the population."
IND-SAN-001,en,unite,count
IND-SAN-001,es,comparabilite,NO comparable entre comunas fuera de la zona cubierta: la fuente solo cubre 14 comunas de 140.
IND-SAN-001,es,definition,Número de establecimientos de salud en funcionamiento registrados.
IND-SAN-001,es,limites_connues,"COBERTURA PARCIAL — 14 comunas (Artibonite, Centre, Nord, Ouest). Una comuna ausente no tiene cero establecimientos: no está cubierta, de ahí el estado N. Censo de 2023."
IND-SAN-001,es,methode_calcul,"Recuento en el referencial de organizaciones, categoría Salud."
IND-SAN-001,es,nom,Establecimientos de salud registrados
IND-SAN-001,es,sens_interpretation,"Más alto = oferta más densa, a relacionar con la población."
IND-SAN-001,es,unite,número
IND-SAN-001,ht,comparabilite,PA konparab ant komin ki deyò zòn kouvri a : sous la kouvri sèlman 14 komin sou 140.
IND-SAN-001,ht,definition,Kantite etablisman sante k ap fonksyone yo resanse.
IND-SAN-001,ht,limites_connues,"KOUVÈTI PASYÈL — 14 komin (Latibonit, Sant, Nò, Lwès). Yon komin ki absan pa gen zewo etablisman : li pa kouvri, se poutèt sa estati a se N. Resansman 2023."
IND-SAN-001,ht,methode_calcul,"Konte nan baz referans òganizasyon yo, kategori Sante."
IND-SAN-001,ht,nom,Etablisman sante ki resanse
IND-SAN-001,ht,sens_interpretation,"Pi wo = òf la pi dans, men fòk ou rapòte l ak popilasyon an."
IND-SAN-001,ht,unite,kantite
IND-SAN-002,en,comparabilite,Comparable between communes of the same reference year.
IND-SAN-002,en,definition,Share of health facilities with public status.
IND-SAN-002,en,limites_connues,“Mixed” status is counted outside public.
IND-SAN-002,en,methode_calcul,Facilities with “Public” status ÷ total recorded × 100.
IND-SAN-002,en,nom,Share of public health facilities
IND-SAN-002,en,sens_interpretation,"Neutral: describes the structure of provision, not its quality."
IND-SAN-002,en,unite,%
IND-SAN-002,es,comparabilite,Comparable entre comunas del mismo año de referencia.
IND-SAN-002,es,definition,Proporción de establecimientos de salud de estatus público.
IND-SAN-002,es,limites_connues,El estatus «Mixto» se cuenta fuera de público.
IND-SAN-002,es,methode_calcul,Establecimientos con estatus «Público» ÷ total registrado × 100.
IND-SAN-002,es,nom,Proporción de establecimientos de salud públicos
IND-SAN-002,es,sens_interpretation,"Neutro: describe la estructura de la oferta, no su calidad."
IND-SAN-002,es,unite,%
IND-SAN-002,ht,comparabilite,Konparab ant komin ki nan menm ane referans.
IND-SAN-002,ht,definition,Pòsyon etablisman sante ki gen estati leta.
IND-SAN-002,ht,limites_connues,Estati « Mikst » pa konte kòm leta.
IND-SAN-002,ht,methode_calcul,Etablisman ki gen estati « Public » ÷ total ki resanse × 100.
IND-SAN-002,ht,nom,Pòsyon etablisman sante leta
IND-SAN-002,ht,sens_interpretation,"Net : li dekri jan òf la òganize, se pa kalite l."
IND-SAN-002,ht,unite,%
IND-SAN-003,en,comparabilite,Comparable between communes.
IND-SAN-003,en,definition,Share of health facilities for which the source provides coordinates.
IND-SAN-003,en,limites_connues,"Measures the quality of the SOURCE, not of the health system."
IND-SAN-003,en,methode_calcul,Geocoded facilities ÷ total recorded × 100.
IND-SAN-003,en,nom,Health geocoding completeness
IND-SAN-003,en,sens_interpretation,A low value flags a commune where any spatial health analysis will be fragile.
IND-SAN-003,en,unite,%
IND-SAN-003,es,comparabilite,Comparable entre comunas.
IND-SAN-003,es,definition,Proporción de establecimientos de salud para los que la fuente aporta coordenadas.
IND-SAN-003,es,limites_connues,"Mide la calidad de la FUENTE, no la del sistema de salud."
IND-SAN-003,es,methode_calcul,Establecimientos geocodificados ÷ total registrado × 100.
IND-SAN-003,es,nom,Completitud de la geocodificación sanitaria
IND-SAN-003,es,sens_interpretation,Un valor bajo señala una comuna donde todo análisis espacial sanitario será frágil.
IND-SAN-003,es,unite,%
IND-SAN-003,ht,comparabilite,Konparab ant komin.
IND-SAN-003,ht,definition,Pòsyon etablisman sante kote sous la bay kowòdone.
IND-SAN-003,ht,limites_connues,"Li mezire kalite SOUS la, se pa kalite sistèm sante a."
IND-SAN-003,ht,methode_calcul,Etablisman ki jeyokode ÷ total ki resanse × 100.
IND-SAN-003,ht,nom,Konplè jeyokodaj sante a
IND-SAN-003,ht,sens_interpretation,Yon valè ki ba vle di nenpòt analiz espasyal sou sante nan komin sa a ap frajil.
IND-SAN-003,ht,unite,%
IND-SAN-004,en,comparabilite,Same coverage limitations as recorded facilities.
IND-SAN-004,en,definition,Number of health facilities with public status.
IND-SAN-004,en,limites_connues,“Mixed” status is not counted as public.
IND-SAN-004,en,methode_calcul,Count of facilities whose source status is “Public”.
IND-SAN-004,en,nom,Public health facilities
IND-SAN-004,en,sens_interpretation,Numerator of the share of public facilities; published separately so that this rate can be recomputed at any level.
IND-SAN-004,en,unite,count
IND-SAN-004,es,comparabilite,Mismas limitaciones de cobertura que los establecimientos registrados.
IND-SAN-004,es,definition,Número de establecimientos de salud de estatus público.
IND-SAN-004,es,limites_connues,El estatus «Mixto» no se cuenta como público.
IND-SAN-004,es,methode_calcul,Recuento de establecimientos cuyo estatus de origen es «Público».
IND-SAN-004,es,nom,Establecimientos de salud públicos
IND-SAN-004,es,sens_interpretation,Numerador de la proporción de establecimientos públicos; se publica por separado para que esta tasa pueda recalcularse a cualquier nivel.
IND-SAN-004,es,unite,número
IND-SAN-004,ht,comparabilite,Menm limit kouvèti ak etablisman ki resanse yo.
IND-SAN-004,ht,definition,Kantite etablisman sante ki gen estati leta.
IND-SAN-004,ht,limites_connues,Estati « Mikst » pa konte kòm leta.
IND-SAN-004,ht,methode_calcul,Konte etablisman kote estati sous la se « Public ».
IND-SAN-004,ht,nom,Etablisman sante leta
IND-SAN-004,ht,sens_interpretation,Se numeratè pòsyon etablisman leta yo ; nou pibliye l apa pou nenpòt moun ka rekalkile to a nan nenpòt nivo.
IND-SAN-004,ht,unite,kantite
IND-SAN-005,en,comparabilite,Same coverage limitations as recorded facilities.
IND-SAN-005,en,definition,Number of health facilities for which the source provides coordinates.
IND-SAN-005,en,limites_connues,"Measures the quality of the source, not of the health system."
IND-SAN-005,en,methode_calcul,Count of facilities with latitude and longitude filled in.
IND-SAN-005,en,nom,Geocoded health facilities
IND-SAN-005,en,sens_interpretation,Numerator of geocoding completeness.
IND-SAN-005,en,unite,count
IND-SAN-005,es,comparabilite,Mismas limitaciones de cobertura que los establecimientos registrados.
IND-SAN-005,es,definition,Número de establecimientos de salud para los que la fuente aporta coordenadas.
IND-SAN-005,es,limites_connues,"Mide la calidad de la fuente, no la del sistema de salud."
IND-SAN-005,es,methode_calcul,Recuento de establecimientos con latitud y longitud informadas.
IND-SAN-005,es,nom,Establecimientos de salud geocodificados
IND-SAN-005,es,sens_interpretation,Numerador de la completitud de la geocodificación.
IND-SAN-005,es,unite,número
IND-SAN-005,ht,comparabilite,Menm limit kouvèti ak etablisman ki resanse yo.
IND-SAN-005,ht,definition,Kantite etablisman sante kote sous la bay kowòdone.
IND-SAN-005,ht,limites_connues,"Li mezire kalite sous la, se pa kalite sistèm sante a."
IND-SAN-005,ht,methode_calcul,Konte etablisman ki gen latitid ak lonjitid ranpli.
IND-SAN-005,ht,nom,Etablisman sante ki jeyokode
IND-SAN-005,ht,sens_interpretation,Se numeratè konplè jeyokodaj la.
IND-SAN-005,ht,unite,kantite
IND-SAN-010,en,comparabilite,"Comparable across the 14 communes covered by the 2023 OCHA source, and among those only."
IND-SAN-010,en,definition,Number of recorded health facilities per inhabitant of the commune.
IND-SAN-010,en,limites_connues,"The numerator covers only 14 of 140 communes: the ratio describes recorded facilities, not the supply of care. The denominator is a projection (COD-PS 2024, status E), and the reference years differ — 2023 for facilities, 2024 for population. A health post and a hospital each count as one: the indicator measures neither capacity, nor equipment, nor staff. Across the 14 covered communes the values range from 0.61 to 7.12: such a spread reflects the uneven completeness of the count first, not the actual provision."
IND-SAN-010,en,methode_calcul,"IND-SAN-001 ÷ IND-POP-001 × 10,000."
IND-SAN-010,en,nom,"Health facilities per 10,000 inhabitants"
IND-SAN-010,en,sens_interpretation,"High = many recorded facilities relative to population. Read alongside travel time, which a communal ratio cannot capture."
IND-SAN-010,en,unite,"facilities / 10,000 inhab."
IND-SAN-010,es,comparabilite,"Comparable entre las 14 comunas cubiertas por la fuente OCHA 2023, y solo entre ellas."
IND-SAN-010,es,definition,Número de establecimientos de salud registrados por habitante de la comuna.
IND-SAN-010,es,limites_connues,"El numerador cubre solo 14 de 140 comunas: la razón describe los establecimientos registrados, no la oferta de atención. El denominador es una proyección (COD-PS 2024, estado E), y los años difieren — 2023 para los establecimientos, 2024 para la población. Un dispensario y un hospital cuentan cada uno por uno: el indicador no mide ni capacidad, ni equipamiento, ni personal. Entre las 14 comunas cubiertas los valores van de 0,61 a 7,12: una diferencia así refleja ante todo la desigual exhaustividad del censo, no la oferta real."
IND-SAN-010,es,methode_calcul,IND-SAN-001 ÷ IND-POP-001 × 10 000.
IND-SAN-010,es,nom,Establecimientos de salud por 10 000 habitantes
IND-SAN-010,es,sens_interpretation,"Alto = muchos establecimientos registrados en relación con la población. Léase junto con el tiempo de acceso, que una razón comunal no capta."
IND-SAN-010,es,unite,establecimientos / 10 000 hab.
IND-SAN-010,ht,comparabilite,"Konparab ant 14 komin sous OCHA 2023 la kouvri yo, epi sèlman ant yo menm."
IND-SAN-010,ht,definition,Kantite etablisman sante ki anrejistre divize pa popilasyon komin nan.
IND-SAN-010,ht,limites_connues,"Nimeratè a kouvri sèlman 14 komin sou 140 : rapò a dekri etablisman yo anrejistre yo, se pa òf swen an. Denominatè a se yon pwojeksyon (COD-PS 2024, estati E), e milezim yo pa menm — 2023 pou etablisman, 2024 pou popilasyon. Yon dispansè ak yon lopital konte chak pou youn : endikatè a pa mezire ni kapasite, ni materyèl, ni pèsonèl. Eka nou wè ant 14 komin ki kouvri yo ale depi 0,61 rive 7,12 : yon diferans konsa montre dabò ke resansman an pa t fèt menm jan toupatou, li pa montre òf la."
IND-SAN-010,ht,methode_calcul,IND-SAN-001 ÷ IND-POP-001 × 10 000.
IND-SAN-010,ht,nom,Etablisman sante pou chak 10 000 moun
IND-SAN-010,ht,sens_interpretation,"Wo = anpil etablisman anrejistre parapò ak popilasyon an. Li li ansanm ak tan pou rive, yon rapò kominal pa ka kenbe sa."
IND-SAN-010,ht,unite,etablisman / 10 000 moun
IND-TOU-001,en,comparabilite,Comparable between communes within the same extract only: each new extract carries the mappers' work.
IND-TOU-001,en,definition,Number of accommodation establishments recorded in the commune by contributory OpenStreetMap mapping.
IND-TOU-001,en,limites_connues,"A COUNT OF ESTABLISHMENTS, NEVER A CAPACITY: of 643 accommodations, none states its number of beds and only thirteen their number of rooms. The survey follows contributors, hence towns: 81 of 140 communes carry at least one place to stay, the others are absent and not at zero. A mapped establishment is neither classified, nor licensed, nor necessarily open."
IND-TOU-001,en,methode_calcul,"Count of OpenStreetMap objects tagged hotel, guest house, motel, chalet, apartment or resort, attached to the commune by the p-code the object carries. No weighting by size: a 200-room hotel and a single guest room each count as one."
IND-TOU-001,en,nom,Mapped places to stay
IND-TOU-001,en,sens_interpretation,High = more objects recorded. It does not mean the commune is better supplied.
IND-TOU-001,en,unite,establishments
IND-TOU-001,es,comparabilite,Comparable entre comunas dentro de una misma extracción únicamente: cada nueva extracción incorpora el trabajo de quienes cartografían.
IND-TOU-001,es,definition,Número de establecimientos de alojamiento registrados en la comuna por la cartografía colaborativa de OpenStreetMap.
IND-TOU-001,es,limites_connues,"UN RECUENTO DE ESTABLECIMIENTOS, NUNCA UNA CAPACIDAD: de 643 alojamientos, ninguno declara su número de camas y solo trece sus habitaciones. El registro sigue a quienes cartografían, es decir a las ciudades: 81 de 140 comunas tienen al menos un alojamiento, las demás están ausentes y no en cero. Un establecimiento cartografiado no está clasificado, ni autorizado, ni necesariamente abierto."
IND-TOU-001,es,methode_calcul,"Recuento de objetos de OpenStreetMap etiquetados como hotel, casa de huéspedes, motel, chalet, apartamento o complejo, asignados a la comuna por el p-code que lleva el objeto. Sin ponderación por tamaño: un hotel de 200 habitaciones y una sola habitación cuentan igual."
IND-TOU-001,es,nom,Alojamientos cartografiados
IND-TOU-001,es,sens_interpretation,Alto = más objetos registrados. No significa que la comuna esté mejor dotada.
IND-TOU-001,es,unite,establecimientos
IND-TOU-001,ht,comparabilite,Konparab ant komin nan menm ekstraksyon an sèlman : chak nouvo ekstraksyon pote travay moun k ap katògrafye yo.
IND-TOU-001,ht,definition,"Konbyen etablisman pou moun desann yo jwenn nan komin nan sou OpenStreetMap, kote moun k ap ede yo mete yo."
IND-TOU-001,ht,limites_connues,"SE YON KONTAJ ETABLISMAN, SE PA YON KAPASITE : sou 643 kote pou moun desann, okenn pa di konbyen kabann li genyen, sèlman trèz di konbyen chanm. Sa yo katògrafye swiv moun k ap katògrafye yo, donk vil yo : 81 komin sou 140 gen omwen yon kote pou desann, lòt yo pa la ditou — yo pa zewo. Yon etablisman ki sou kat la pa vle di li klase, ni otorize, ni louvri."
IND-TOU-001,ht,methode_calcul,"Nou konte objè OpenStreetMap ki make otèl, obèj, motèl, chalè, lokasyon oswa konplèks, epi nou mete yo nan komin p-kòd objè a pote a. Nou pa peze yo dapre gwosè yo : yon otèl 200 chanm ak yon sèl chanm lakay moun konte menm jan."
IND-TOU-001,ht,nom,Kote pou moun desann yo katògrafye
IND-TOU-001,ht,sens_interpretation,Wo = plis objè yo relve. Sa pa vle di komin nan pi byen founi.
IND-TOU-001,ht,unite,etablisman
IND-TOU-002,en,comparabilite,Comparable between communes within the same extract only.
IND-TOU-002,en,definition,"Number of sites, museums, viewpoints and attractions recorded in the commune by contributory mapping."
IND-TOU-002,en,limites_connues,"Heritage listed by ISPAN does not appear here: these are two distinct inventories, and this one has no legal standing. Only 46 communes carry an object of this family."
IND-TOU-002,en,methode_calcul,"Same count, tags: attraction, museum, viewpoint, artwork, gallery, theme park, zoo, aquarium."
IND-TOU-002,en,nom,Mapped sites and attractions
IND-TOU-002,en,sens_interpretation,High = more objects recorded.
IND-TOU-002,en,unite,objects
IND-TOU-002,es,comparabilite,Comparable entre comunas dentro de una misma extracción.
IND-TOU-002,es,definition,"Número de sitios, museos, miradores y atracciones registrados en la comuna por la cartografía colaborativa."
IND-TOU-002,es,limites_connues,"El patrimonio catalogado por el ISPAN no figura aquí: son dos inventarios distintos, y este no tiene valor jurídico. Solo 46 comunas tienen un objeto de esta familia."
IND-TOU-002,es,methode_calcul,"Mismo recuento, etiquetas: atracción, museo, mirador, obra de arte, galería, parque temático, zoo, acuario."
IND-TOU-002,es,nom,Sitios y atracciones cartografiados
IND-TOU-002,es,sens_interpretation,Alto = más objetos registrados.
IND-TOU-002,es,unite,objetos
IND-TOU-002,ht,comparabilite,Konparab ant komin nan menm ekstraksyon an sèlman.
IND-TOU-002,ht,definition,"Konbyen sit, mize, kote pou gade bèl peyizaj ak atraksyon yo jwenn nan komin nan sou kat kontribitif la."
IND-TOU-002,ht,limites_connues,"Patrimwàn ISPAN klase a pa parèt isit la : se de envantè diferan, epi sa a pa gen okenn valè jiridik. 46 komin sèlman gen yon objè nan fanmi sa a."
IND-TOU-002,ht,methode_calcul,"Menm kontaj la, ak etikèt sa yo : atraksyon, mize, kote pou gade peyizaj, zèv atizana, galri, pak ak tèm, zou, akaryòm."
IND-TOU-002,ht,nom,Sit ak atraksyon ki katògrafye
IND-TOU-002,ht,sens_interpretation,Wo = plis objè yo relve.
IND-TOU-002,ht,unite,objè
IND-TOU-003,en,comparabilite,Comparable between communes within the same extract only.
IND-TOU-003,en,definition,"Number of restaurants, bars, cafés and nightlife venues recorded in the commune by contributory mapping."
IND-TOU-003,en,limites_connues,"This family measures local commerce as much as tourism: a neighbourhood café and a hotel restaurant count the same. Read it as a density of mapped food business, not as a tourism offer."
IND-TOU-003,en,methode_calcul,"Same count, tags: restaurant, bar, café, nightclub, fast food, pub, ice cream."
IND-TOU-003,en,nom,Mapped eating out and nightlife
IND-TOU-003,en,sens_interpretation,High = more objects recorded.
IND-TOU-003,en,unite,establishments
IND-TOU-003,es,comparabilite,Comparable entre comunas dentro de una misma extracción.
IND-TOU-003,es,definition,"Número de restaurantes, bares, cafeterías y locales de ocio registrados en la comuna por la cartografía colaborativa."
IND-TOU-003,es,limites_connues,"Esta familia mide el comercio local tanto como el turismo: un café de barrio y un restaurante de hotel cuentan igual. Léase como densidad de comercio de alimentación cartografiado, no como oferta turística."
IND-TOU-003,es,methode_calcul,"Mismo recuento, etiquetas: restaurante, bar, cafetería, discoteca, comida rápida, pub, heladería."
IND-TOU-003,es,nom,Restauración y salidas cartografiadas
IND-TOU-003,es,sens_interpretation,Alto = más objetos registrados.
IND-TOU-003,es,unite,establecimientos
IND-TOU-003,ht,comparabilite,Konparab ant komin nan menm ekstraksyon an sèlman.
IND-TOU-003,ht,definition,"Konbyen restoran, ba, kafe ak kote pou sòti yo jwenn nan komin nan sou kat kontribitif la."
IND-TOU-003,ht,limites_connues,"Fanmi sa a mezire komès lokal la otan ke touris la : yon kafe nan katye a ak yon restoran otèl konte menm jan. Li l tankou yon dansite komès manje ki katògrafye, se pa yon ofri touristik."
IND-TOU-003,ht,methode_calcul,"Menm kontaj la, ak etikèt sa yo : restoran, ba, kafe, diskotèk, manje rapid, pub, machann krèm."
IND-TOU-003,ht,nom,Kote pou manje ak sòti ki katògrafye
IND-TOU-003,ht,sens_interpretation,Wo = plis objè yo relve.
IND-TOU-003,ht,unite,etablisman
IND-TOU-004,en,comparabilite,Comparable between communes within the same extract only.
IND-TOU-004,en,definition,"Sum of tourism and catering objects recorded in the commune: accommodation, sites, outdoors, information, eating out."
IND-TOU-004,en,limites_connues,"A total adds objects of different natures — a museum and a bar weigh the same. It serves to spot communes where something is recorded, not to rank them. 115 of 140 communes carry at least one."
IND-TOU-004,en,methode_calcul,Sum of the five families.
IND-TOU-004,en,nom,"Mapped tourism supply, all types"
IND-TOU-004,en,sens_interpretation,High = more objects recorded.
IND-TOU-004,en,unite,objects
IND-TOU-004,es,comparabilite,Comparable entre comunas dentro de una misma extracción.
IND-TOU-004,es,definition,"Suma de los objetos turísticos y de restauración registrados en la comuna: alojamiento, sitios, aire libre, información, restauración."
IND-TOU-004,es,limites_connues,"Un total suma objetos de naturaleza distinta: un museo y un bar pesan igual. Sirve para detectar comunas donde algo está registrado, no para clasificarlas. 115 de 140 comunas tienen al menos uno."
IND-TOU-004,es,methode_calcul,Suma de las cinco familias.
IND-TOU-004,es,nom,"Oferta turística cartografiada, todos los tipos"
IND-TOU-004,es,sens_interpretation,Alto = más objetos registrados.
IND-TOU-004,es,unite,objetos
IND-TOU-004,ht,comparabilite,Konparab ant komin nan menm ekstraksyon an sèlman.
IND-TOU-004,ht,definition,"Total objè touris ak restorasyon yo relve nan komin nan : kote pou desann, sit, deyò nan lanati, enfòmasyon, kote pou manje."
IND-TOU-004,ht,limites_connues,"Yon total adisyone objè ki pa menm bagay — yon mize ak yon ba peze menm jan. Li sèvi pou wè ki komin gen yon bagay ki relve, li pa sèvi pou klase yo. 115 komin sou 140 gen omwen youn."
IND-TOU-004,ht,methode_calcul,Sòm senk fanmi yo.
IND-TOU-004,ht,nom,Tout sa yo katògrafye nan touris la
IND-TOU-004,ht,sens_interpretation,Wo = plis objè yo relve.
IND-TOU-004,ht,unite,objè
IND-TOU-005,en,comparabilite,"Comparable between communes, but from a single classification: 2013-2015."
IND-TOU-005,en,definition,"Number of accommodation establishments classified by the Ministry of Tourism in the commune, Hibiscus classification 2013-2015."
IND-TOU-005,en,limites_connues,"WHAT THE MINISTRY CLASSIFIED, NOT WHAT EXISTS: an establishment never inspected does not appear. The vintage is a warning — ten years, and nothing has succeeded it; a hotel rated in 2015 may have closed. 39 of 140 communes carry one; 18 establishments in sub-communal localities belong to no commune and are published separately."
IND-TOU-005,en,methode_calcul,"Count of the establishments classified in the ministry's « Résultats par régions » document, attached to the commune by locality name. Eighteen establishments in sub-communal localities are attached to no commune."
IND-TOU-005,en,nom,Establishments classified by the ministry
IND-TOU-005,en,sens_interpretation,High = more establishments recognised.
IND-TOU-005,en,unite,establishments
IND-TOU-005,es,comparabilite,"Comparable entre comunas, pero de una sola clasificación: 2013-2015."
IND-TOU-005,es,definition,"Número de establecimientos de alojamiento clasificados por el Ministerio de Turismo en la comuna, clasificación Hibiscus 2013-2015."
IND-TOU-005,es,limites_connues,"LO QUE EL MINISTERIO CLASIFICÓ, NO LO QUE EXISTE: un establecimiento nunca inspeccionado no figura. La fecha es una advertencia: diez años, y nada la ha sucedido; un hotel calificado en 2015 puede haber cerrado. 39 de 140 comunas tienen uno; 18 establecimientos de localidades infracomunales no pertenecen a ninguna comuna y se publican aparte."
IND-TOU-005,es,methode_calcul,"Recuento de los establecimientos clasificados en el documento « Résultats par régions » del ministerio, asignados a la comuna por el nombre de la localidad. Dieciocho establecimientos de localidades infracomunales no se asignan a ninguna comuna."
IND-TOU-005,es,nom,Establecimientos clasificados por el ministerio
IND-TOU-005,es,sens_interpretation,Alto = más establecimientos reconocidos.
IND-TOU-005,es,unite,establecimientos
IND-TOU-005,ht,comparabilite,"Konparab ant komin, men se yon sèl klasman : 2013-2015."
IND-TOU-005,ht,definition,"Konbyen kote pou moun desann ministè Touris la te klase nan komin nan, klasman Hibiscus 2013-2015."
IND-TOU-005,ht,limites_connues,"SE SA MINISTÈ A TE KLASE, SE PA SA KI EGZISTE : yon etablisman yo pa t janm enspekte pa la. Dat la se yon avètisman — dis lane, epi anyen pa vin apre ; yon otèl yo te note an 2015 ka fèmen. 39 komin sou 140 gen youn ; 18 etablisman nan ti zòn anba komin pa nan okenn komin, yo pibliye apa."
IND-TOU-005,ht,methode_calcul,"Nou konte etablisman ministè a klase yo nan dokiman « Résultats par régions », epi nou mete yo nan komin nan dapre non zòn nan. Dizwit etablisman ki nan ti zòn anba komin pa antre nan okenn komin."
IND-TOU-005,ht,nom,Etablisman ministè a klase
IND-TOU-005,ht,sens_interpretation,Wo = plis etablisman yo rekonèt.
IND-TOU-005,ht,unite,etablisman
IND-TOU-006,en,comparabilite,"Comparable between communes, but from a single classification: 2013-2015."
IND-TOU-006,en,definition,The highest rating obtained by an establishment of the commune in the Ministry of Tourism's Hibiscus classification.
IND-TOU-006,en,limites_connues,A MAXIMUM IS NOT AN AVERAGE: a commune with 5 hibiscus may have a single classified establishment and all others at 1. The scale itself is not published by the Haitian State — it belongs to the Corporation de l'industrie touristique du Québec — so we cannot say what each rank requires. Only six communes carry an establishment at 4 or 5.
IND-TOU-006,en,methode_calcul,The maximum rating in the same classification.
IND-TOU-006,en,nom,Highest Hibiscus rating in the commune
IND-TOU-006,en,sens_interpretation,High = a better-rated establishment.
IND-TOU-006,en,unite,hibiscus (1 to 5)
IND-TOU-006,es,comparabilite,"Comparable entre comunas, pero de una sola clasificación: 2013-2015."
IND-TOU-006,es,definition,La nota más alta obtenida por un establecimiento de la comuna en la clasificación Hibiscus del Ministerio de Turismo.
IND-TOU-006,es,limites_connues,UN MÁXIMO NO ES UNA MEDIA: una comuna con 5 hibiscos puede tener un solo establecimiento clasificado y todos los demás en 1. El baremo mismo no lo publica el Estado haitiano —pertenece a la Corporation de l'industrie touristique du Québec— así que no podemos decir qué exige cada rango. Solo seis comunas tienen un establecimiento de 4 o 5.
IND-TOU-006,es,methode_calcul,La nota máxima en la misma clasificación.
IND-TOU-006,es,nom,Nota Hibiscus más alta de la comuna
IND-TOU-006,es,sens_interpretation,Alto = un establecimiento mejor calificado.
IND-TOU-006,es,unite,hibiscus (1 a 5)
IND-TOU-006,ht,comparabilite,"Konparab ant komin, men se yon sèl klasman : 2013-2015."
IND-TOU-006,ht,definition,Not ki pi wo yon etablisman nan komin nan jwenn nan klasman Hibiscus ministè Touris la.
IND-TOU-006,ht,limites_connues,"YON NOT KI PI WO SE PA YON NIVO MWAYEN : yon komin ki gen 5 ibiskis ka gen yon sèl etablisman klase, tout lòt yo a 1. Barèm nan menm, Leta ayisyen pa pibliye l — li se pwopriyete Corporation de l'industrie touristique du Québec — donk nou pa ka di kisa chak nivo mande. Sis komin sèlman gen yon etablisman a 4 oswa 5."
IND-TOU-006,ht,methode_calcul,Not ki pi wo a nan menm klasman an.
IND-TOU-006,ht,nom,Not Hibiscus ki pi wo nan komin nan
IND-TOU-006,ht,sens_interpretation,Wo = yon etablisman ki pi byen note.
IND-TOU-006,ht,unite,hibiscus (1 a 5)
IND-TOU-007,en,comparabilite,Comparable between communes within the same extract only.
IND-TOU-007,en,definition,"Number of forts, monuments, memorials, ruins and archaeological sites recorded in the commune by contributory mapping."
IND-TOU-007,en,limites_connues,"THIS IS NOT A HERITAGE INVENTORY. ISPAN keeps its own, which has legal standing; this one has none. A fort may appear without being protected, and a listed property may be missing. Haiti's only World Heritage property — the National History Park, Citadel, Sans-Souci, Ramiers — spans several communes and is therefore attributed to none here. 52 of 140 communes carry an object of this family."
IND-TOU-007,en,methode_calcul,"Count of objects tagged fort, castle, monument, memorial, ruins, citywalls, archaeological site or cannon. The values « no », « yes » and « tomb » are EXCLUDED: they weigh 1,111 objects and are not heritage — the first is an import of humanitarian shelters, the last graveyards."
IND-TOU-007,en,nom,Mapped built heritage
IND-TOU-007,en,sens_interpretation,High = more objects recorded.
IND-TOU-007,en,unite,objects
IND-TOU-007,es,comparabilite,Comparable entre comunas dentro de una misma extracción.
IND-TOU-007,es,definition,"Número de fuertes, monumentos, memoriales, ruinas y yacimientos arqueológicos registrados en la comuna por la cartografía colaborativa."
IND-TOU-007,es,limites_connues,"NO ES UN INVENTARIO PATRIMONIAL. El ISPAN tiene el suyo, con valor jurídico; este no tiene ninguno. Un fuerte puede figurar sin estar protegido, y un bien catalogado puede faltar. El único bien haitiano inscrito en el patrimonio mundial —Parque Nacional Histórico Ciudadela, Sans-Souci, Ramiers— abarca varias comunas y no se atribuye aquí a ninguna. 52 de 140 comunas tienen un objeto de esta familia."
IND-TOU-007,es,methode_calcul,"Recuento de objetos etiquetados como fuerte, castillo, monumento, memorial, ruinas, murallas, yacimiento arqueológico o cañón. Los valores « no », « yes » y « tomb » quedan EXCLUIDOS: suman 1 111 objetos y no son patrimonio."
IND-TOU-007,es,nom,Patrimonio construido cartografiado
IND-TOU-007,es,sens_interpretation,Alto = más objetos registrados.
IND-TOU-007,es,unite,objetos
IND-TOU-007,ht,comparabilite,Konparab ant komin nan menm ekstraksyon an sèlman.
IND-TOU-007,ht,definition,"Konbyen fò, moniman, memoryal, vestij ak sit akeyolojik yo jwenn nan komin nan sou kat kontribitif la."
IND-TOU-007,ht,limites_connues,"SE PA YON ENVANTÈ PATRIMWÀN. ISPAN gen pa l, li gen valè jiridik ; sa a pa gen okenn. Yon fò ka la san li pa pwoteje, epi yon byen ki klase ka pa la. Sèl byen ayisyen ki nan patrimwàn mondyal la — Pak Nasyonal Istorik Sitadèl, Sans-Souci, Ramye — kouvri plizyè komin, donk nou pa mete l nan okenn. 52 komin sou 140 gen yon objè nan fanmi sa a."
IND-TOU-007,ht,methode_calcul,"Nou konte objè ki make fò, chato, moniman, memoryal, vestij, miray vil, sit akeyolojik oswa kanon. Vale « no », « yes » ak « tomb » yo pa antre : yo se 1 111 objè ki pa patrimwàn — premye a se yon enpòtasyon abri, dènye a se simityè."
IND-TOU-007,ht,nom,Patrimwàn bati ki katògrafye
IND-TOU-007,ht,sens_interpretation,Wo = plis objè yo relve.
IND-TOU-007,ht,unite,objè
IND-TOU-008,en,comparabilite,Comparable between communes within the same extract only.
IND-TOU-008,en,definition,"Number of cinemas, arts centres and theatres recorded in the commune by contributory mapping."
IND-TOU-008,en,limites_connues,"A mapped venue is not an open venue: several Haitian cinemas recorded in OpenStreetMap no longer operate. 30 of 140 communes carry an object of this family, and the count follows mapping as much as cultural activity."
IND-TOU-008,en,methode_calcul,"Count of objects tagged cinema, arts centre or theatre."
IND-TOU-008,en,nom,Mapped cultural venues
IND-TOU-008,en,sens_interpretation,High = more objects recorded.
IND-TOU-008,en,unite,establishments
IND-TOU-008,es,comparabilite,Comparable entre comunas dentro de una misma extracción.
IND-TOU-008,es,definition,"Número de cines, centros de arte y teatros registrados en la comuna por la cartografía colaborativa."
IND-TOU-008,es,limites_connues,"Un espacio cartografiado no es un espacio abierto: varios cines haitianos registrados en OpenStreetMap ya no funcionan. 30 de 140 comunas tienen un objeto de esta familia, y el recuento sigue tanto a la cartografía como a la actividad cultural."
IND-TOU-008,es,methode_calcul,"Recuento de objetos etiquetados como cine, centro de arte o teatro."
IND-TOU-008,es,nom,Espacios culturales cartografiados
IND-TOU-008,es,sens_interpretation,Alto = más objetos registrados.
IND-TOU-008,es,unite,establecimientos
IND-TOU-008,ht,comparabilite,Konparab ant komin nan menm ekstraksyon an sèlman.
IND-TOU-008,ht,definition,"Konbyen sinema, sant atizana ak teyat yo jwenn nan komin nan sou kat kontribitif la."
IND-TOU-008,ht,limites_connues,"Yon kote ki sou kat la pa vle di li louvri : plizyè sinema ayisyen ki nan OpenStreetMap pa mache ankò. 30 komin sou 140 gen yon objè nan fanmi sa a, epi kontaj la swiv travay kat la otan ke aktivite kiltirèl la."
IND-TOU-008,ht,methode_calcul,"Nou konte objè ki make sinema, sant atizana oswa teyat."
IND-TOU-008,ht,nom,Kote pou kilti ki katògrafye
IND-TOU-008,ht,sens_interpretation,Wo = plis objè yo relve.
IND-TOU-008,ht,unite,etablisman
IND-TOU-009,en,comparabilite,Comparable between communes within the same extract only.
IND-TOU-009,en,definition,"Number of beaches, seaside resorts and marinas recorded in the commune by contributory mapping."
IND-TOU-009,en,limites_connues,"THE TOLERANCE IS STATED. The COMPLETE commune outline does not catch these objects any better than the simplified one — verified, the same 87 are missing on both sides. Of those 87, fifty-one are within 50 metres of the shore and fifteen more within 100: at that distance it is not a commune being guessed, it is a coastline being reattached. Twenty-one more distant objects — islets, sandbanks — stay outside. 52 of 140 communes carry an object of this family."
IND-TOU-009,en,methode_calcul,"Count of objects tagged beach, beach resort or marina. These almost always fall on the SEA side of the administrative line — they sit on sand or water — and are therefore attached to the nearest shore within 100 metres. Beyond that the object stays outside the communal base and is counted nowhere."
IND-TOU-009,en,nom,Mapped coast and seaside
IND-TOU-009,en,sens_interpretation,High = more objects recorded.
IND-TOU-009,en,unite,objects
IND-TOU-009,es,comparabilite,Comparable entre comunas dentro de una misma extracción.
IND-TOU-009,es,definition,"Número de playas, estaciones balnearias y puertos deportivos registrados en la comuna por la cartografía colaborativa."
IND-TOU-009,es,limites_connues,"LA TOLERANCIA SE DECLARA. El contorno COMPLETO de las comunas no recupera estos objetos mejor que el simplificado: verificado, faltan los mismos 87 en ambos casos. De esos 87, cincuenta y uno están a menos de 50 metros de la orilla y quince más a menos de 100: a esa distancia no se adivina una comuna, se recompone una línea de costa. Veintiún objetos más lejanos —islotes, bancos de arena— quedan fuera. 52 de 140 comunas tienen un objeto de esta familia."
IND-TOU-009,es,methode_calcul,"Recuento de objetos etiquetados como playa, estación balnearia o puerto deportivo. Estos caen casi siempre del lado del MAR de la línea administrativa —se asientan sobre arena o agua— y se asignan por tanto a la orilla más cercana por debajo de 100 metros. Más allá, el objeto queda fuera y no se cuenta en ningún sitio."
IND-TOU-009,es,nom,Litoral y playas cartografiados
IND-TOU-009,es,sens_interpretation,Alto = más objetos registrados.
IND-TOU-009,es,unite,objetos
IND-TOU-009,ht,comparabilite,Konparab ant komin nan menm ekstraksyon an sèlman.
IND-TOU-009,ht,definition,"Konbyen plaj, stasyon balneyè ak marina yo jwenn nan komin nan sou kat kontribitif la."
IND-TOU-009,ht,limites_connues,"TOLERANS LAN DI SA L YE. Kontou KONPLÈ komin yo pa rattrape objè sa yo pi byen pase kontou senplifye a — nou verifye l, se menm 87 objè ki manke de bò yo. Sou 87 sa yo, senkanteyen se mwens pase 50 mèt ak kenz lòt mwens pase 100 : nan distans sa a, se pa yon komin nou devine, se yon rivaj nou rekole. Venteyen objè pi lwen — ti zile, bank sab — rete deyò. 52 komin sou 140 gen yon objè nan fanmi sa a."
IND-TOU-009,ht,methode_calcul,"Nou konte objè ki make plaj, stasyon balneyè oswa marina. Objè sa yo prèske toujou tonbe bò lanmè a parapò ak limit komin nan — yo poze sou sab la oswa sou dlo a — donk nou mete yo nan komin ki gen rivaj ki pi pre a, lè se mwens pase 100 mèt. Pi lwen pase sa, objè a rete deyò, nou pa konte l okenn kote."
IND-TOU-009,ht,nom,Bò lanmè ak plaj ki katògrafye
IND-TOU-009,ht,sens_interpretation,Wo = plis objè yo relve.
IND-TOU-009,ht,unite,objè
