pcode_commune,atmart_geo_id,nom_commune,famille,famille_libelle,objets_cartographies,source_id,source,millesime,limite_connue,date_extraction
HT0111,HTC-0111,Port-au-Prince,hebergement,Hébergement,27,SRC-028,OpenStreetMap via HOT — © contributeurs OSM (ODbL),extraits des 14 et 21/08/2026,"Compte ce qui est CARTOGRAPHIÉ, pas ce qui existe ni ce qui est ouvert. Une commune absente n'a pas zéro établissement : elle n'a pas été cartographiée.",2026-08-20
HT0111,HTC-0111,Port-au-Prince,sites,Sites et attractions,30,SRC-028,OpenStreetMap via HOT — © contributeurs OSM (ODbL),extraits des 14 et 21/08/2026,"Compte ce qui est CARTOGRAPHIÉ, pas ce qui existe ni ce qui est ouvert. Une commune absente n'a pas zéro établissement : elle n'a pas été cartographiée.",2026-08-20
HT0111,HTC-0111,Port-au-Prince,plein_air,Plein air,10,SRC-028,OpenStreetMap via HOT — © contributeurs OSM (ODbL),extraits des 14 et 21/08/2026,"Compte ce qui est CARTOGRAPHIÉ, pas ce qui existe ni ce qui est ouvert. Une commune absente n'a pas zéro établissement : elle n'a pas été cartographiée.",2026-08-20
HT0111,HTC-0111,Port-au-Prince,information,Information touristique,5,SRC-028,OpenStreetMap via HOT — © contributeurs OSM (ODbL),extraits des 14 et 21/08/2026,"Compte ce qui est CARTOGRAPHIÉ, pas ce qui existe ni ce qui est ouvert. Une commune absente n'a pas zéro établissement : elle n'a pas été cartographiée.",2026-08-20
HT0111,HTC-0111,Port-au-Prince,restauration,Restauration et sorties,75,SRC-028,OpenStreetMap via HOT — © contributeurs OSM (ODbL),extraits des 14 et 21/08/2026,"Compte ce qui est CARTOGRAPHIÉ, pas ce qui existe ni ce qui est ouvert. Une commune absente n'a pas zéro établissement : elle n'a pas été cartographiée.",2026-08-20
HT0111,HTC-0111,Port-au-Prince,patrimoine,Patrimoine bâti,14,SRC-028,OpenStreetMap via HOT — © contributeurs OSM (ODbL),extraits des 14 et 21/08/2026,"Compte ce qui est CARTOGRAPHIÉ, pas ce qui existe ni ce qui est ouvert. Une commune absente n'a pas zéro établissement : elle n'a pas été cartographiée.",2026-08-20
HT0111,HTC-0111,Port-au-Prince,culture,Lieux de culture,7,SRC-028,OpenStreetMap via HOT — © contributeurs OSM (ODbL),extraits des 14 et 21/08/2026,"Compte ce qui est CARTOGRAPHIÉ, pas ce qui existe ni ce qui est ouvert. Une commune absente n'a pas zéro établissement : elle n'a pas été cartographiée.",2026-08-20
HT0111,HTC-0111,Port-au-Prince,littoral,Littoral et balnéaire,1,SRC-028,OpenStreetMap via HOT — © contributeurs OSM (ODbL),extraits des 14 et 21/08/2026,"Compte ce qui est CARTOGRAPHIÉ, pas ce qui existe ni ce qui est ouvert. Une commune absente n'a pas zéro établissement : elle n'a pas été cartographiée.",2026-08-20
HT0112,HTC-0112,Delmas,hebergement,Hébergement,61,SRC-028,OpenStreetMap via HOT — © contributeurs OSM (ODbL),extraits des 14 et 21/08/2026,"Compte ce qui est CARTOGRAPHIÉ, pas ce qui existe ni ce qui est ouvert. Une commune absente n'a pas zéro établissement : elle n'a pas été cartographiée.",2026-08-20
HT0112,HTC-0112,Delmas,sites,Sites et attractions,3,SRC-028,OpenStreetMap via HOT — © contributeurs OSM (ODbL),extraits des 14 et 21/08/2026,"Compte ce qui est CARTOGRAPHIÉ, pas ce qui existe ni ce qui est ouvert. Une commune absente n'a pas zéro établissement : elle n'a pas été cartographiée.",2026-08-20
HT0112,HTC-0112,Delmas,plein_air,Plein air,2,SRC-028,OpenStreetMap via HOT — © contributeurs OSM (ODbL),extraits des 14 et 21/08/2026,"Compte ce qui est CARTOGRAPHIÉ, pas ce qui existe ni ce qui est ouvert. Une commune absente n'a pas zéro établissement : elle n'a pas été cartographiée.",2026-08-20
HT0112,HTC-0112,Delmas,information,Information touristique,1,SRC-028,OpenStreetMap via HOT — © contributeurs OSM (ODbL),extraits des 14 et 21/08/2026,"Compte ce qui est CARTOGRAPHIÉ, pas ce qui existe ni ce qui est ouvert. Une commune absente n'a pas zéro établissement : elle n'a pas été cartographiée.",2026-08-20
HT0112,HTC-0112,Delmas,restauration,Restauration et sorties,51,SRC-028,OpenStreetMap via HOT — © contributeurs OSM (ODbL),extraits des 14 et 21/08/2026,"Compte ce qui est CARTOGRAPHIÉ, pas ce qui existe ni ce qui est ouvert. Une commune absente n'a pas zéro établissement : elle n'a pas été cartographiée.",2026-08-20
HT0112,HTC-0112,Delmas,patrimoine,Patrimoine bâti,6,SRC-028,OpenStreetMap via HOT — © contributeurs OSM (ODbL),extraits des 14 et 21/08/2026,"Compte ce qui est CARTOGRAPHIÉ, pas ce qui existe ni ce qui est ouvert. Une commune absente n'a pas zéro établissement : elle n'a pas été cartographiée.",2026-08-20
HT0112,HTC-0112,Delmas,culture,Lieux de culture,1,SRC-028,OpenStreetMap via HOT — © contributeurs OSM (ODbL),extraits des 14 et 21/08/2026,"Compte ce qui est CARTOGRAPHIÉ, pas ce qui existe ni ce qui est ouvert. Une commune absente n'a pas zéro établissement : elle n'a pas été cartographiée.",2026-08-20
HT0113,HTC-0113,Carrefour,hebergement,Hébergement,13,SRC-028,OpenStreetMap via HOT — © contributeurs OSM (ODbL),extraits des 14 et 21/08/2026,"Compte ce qui est CARTOGRAPHIÉ, pas ce qui existe ni ce qui est ouvert. Une commune absente n'a pas zéro établissement : elle n'a pas été cartographiée.",2026-08-20
HT0113,HTC-0113,Carrefour,sites,Sites et attractions,6,SRC-028,OpenStreetMap via HOT — © contributeurs OSM (ODbL),extraits des 14 et 21/08/2026,"Compte ce qui est CARTOGRAPHIÉ, pas ce qui existe ni ce qui est ouvert. Une commune absente n'a pas zéro établissement : elle n'a pas été cartographiée.",2026-08-20
HT0113,HTC-0113,Carrefour,plein_air,Plein air,1,SRC-028,OpenStreetMap via HOT — © contributeurs OSM (ODbL),extraits des 14 et 21/08/2026,"Compte ce qui est CARTOGRAPHIÉ, pas ce qui existe ni ce qui est ouvert. Une commune absente n'a pas zéro établissement : elle n'a pas été cartographiée.",2026-08-20
HT0113,HTC-0113,Carrefour,restauration,Restauration et sorties,18,SRC-028,OpenStreetMap via HOT — © contributeurs OSM (ODbL),extraits des 14 et 21/08/2026,"Compte ce qui est CARTOGRAPHIÉ, pas ce qui existe ni ce qui est ouvert. Une commune absente n'a pas zéro établissement : elle n'a pas été cartographiée.",2026-08-20
HT0113,HTC-0113,Carrefour,culture,Lieux de culture,1,SRC-028,OpenStreetMap via HOT — © contributeurs OSM (ODbL),extraits des 14 et 21/08/2026,"Compte ce qui est CARTOGRAPHIÉ, pas ce qui existe ni ce qui est ouvert. Une commune absente n'a pas zéro établissement : elle n'a pas été cartographiée.",2026-08-20
HT0113,HTC-0113,Carrefour,littoral,Littoral et balnéaire,4,SRC-028,OpenStreetMap via HOT — © contributeurs OSM (ODbL),extraits des 14 et 21/08/2026,"Compte ce qui est CARTOGRAPHIÉ, pas ce qui existe ni ce qui est ouvert. Une commune absente n'a pas zéro établissement : elle n'a pas été cartographiée.",2026-08-20
HT0114,HTC-0114,Pétion-Ville,hebergement,Hébergement,53,SRC-028,OpenStreetMap via HOT — © contributeurs OSM (ODbL),extraits des 14 et 21/08/2026,"Compte ce qui est CARTOGRAPHIÉ, pas ce qui existe ni ce qui est ouvert. Une commune absente n'a pas zéro établissement : elle n'a pas été cartographiée.",2026-08-20
HT0114,HTC-0114,Pétion-Ville,sites,Sites et attractions,13,SRC-028,OpenStreetMap via HOT — © contributeurs OSM (ODbL),extraits des 14 et 21/08/2026,"Compte ce qui est CARTOGRAPHIÉ, pas ce qui existe ni ce qui est ouvert. Une commune absente n'a pas zéro établissement : elle n'a pas été cartographiée.",2026-08-20
HT0114,HTC-0114,Pétion-Ville,plein_air,Plein air,2,SRC-028,OpenStreetMap via HOT — © contributeurs OSM (ODbL),extraits des 14 et 21/08/2026,"Compte ce qui est CARTOGRAPHIÉ, pas ce qui existe ni ce qui est ouvert. Une commune absente n'a pas zéro établissement : elle n'a pas été cartographiée.",2026-08-20
HT0114,HTC-0114,Pétion-Ville,restauration,Restauration et sorties,111,SRC-028,OpenStreetMap via HOT — © contributeurs OSM (ODbL),extraits des 14 et 21/08/2026,"Compte ce qui est CARTOGRAPHIÉ, pas ce qui existe ni ce qui est ouvert. Une commune absente n'a pas zéro établissement : elle n'a pas été cartographiée.",2026-08-20
HT0114,HTC-0114,Pétion-Ville,patrimoine,Patrimoine bâti,1,SRC-028,OpenStreetMap via HOT — © contributeurs OSM (ODbL),extraits des 14 et 21/08/2026,"Compte ce qui est CARTOGRAPHIÉ, pas ce qui existe ni ce qui est ouvert. Une commune absente n'a pas zéro établissement : elle n'a pas été cartographiée.",2026-08-20
HT0114,HTC-0114,Pétion-Ville,culture,Lieux de culture,4,SRC-028,OpenStreetMap via HOT — © contributeurs OSM (ODbL),extraits des 14 et 21/08/2026,"Compte ce qui est CARTOGRAPHIÉ, pas ce qui existe ni ce qui est ouvert. Une commune absente n'a pas zéro établissement : elle n'a pas été cartographiée.",2026-08-20
HT0115,HTC-0115,Kenscoff,hebergement,Hébergement,5,SRC-028,OpenStreetMap via HOT — © contributeurs OSM (ODbL),extraits des 14 et 21/08/2026,"Compte ce qui est CARTOGRAPHIÉ, pas ce qui existe ni ce qui est ouvert. Une commune absente n'a pas zéro établissement : elle n'a pas été cartographiée.",2026-08-20
HT0115,HTC-0115,Kenscoff,sites,Sites et attractions,2,SRC-028,OpenStreetMap via HOT — © contributeurs OSM (ODbL),extraits des 14 et 21/08/2026,"Compte ce qui est CARTOGRAPHIÉ, pas ce qui existe ni ce qui est ouvert. Une commune absente n'a pas zéro établissement : elle n'a pas été cartographiée.",2026-08-20
HT0115,HTC-0115,Kenscoff,plein_air,Plein air,1,SRC-028,OpenStreetMap via HOT — © contributeurs OSM (ODbL),extraits des 14 et 21/08/2026,"Compte ce qui est CARTOGRAPHIÉ, pas ce qui existe ni ce qui est ouvert. Une commune absente n'a pas zéro établissement : elle n'a pas été cartographiée.",2026-08-20
HT0115,HTC-0115,Kenscoff,restauration,Restauration et sorties,7,SRC-028,OpenStreetMap via HOT — © contributeurs OSM (ODbL),extraits des 14 et 21/08/2026,"Compte ce qui est CARTOGRAPHIÉ, pas ce qui existe ni ce qui est ouvert. Une commune absente n'a pas zéro établissement : elle n'a pas été cartographiée.",2026-08-20
HT0115,HTC-0115,Kenscoff,nature,Curiosités naturelles,1,SRC-028,OpenStreetMap via HOT — © contributeurs OSM (ODbL),extraits des 14 et 21/08/2026,"Compte ce qui est CARTOGRAPHIÉ, pas ce qui existe ni ce qui est ouvert. Une commune absente n'a pas zéro établissement : elle n'a pas été cartographiée.",2026-08-20
HT0116,HTC-0116,Gressier,hebergement,Hébergement,2,SRC-028,OpenStreetMap via HOT — © contributeurs OSM (ODbL),extraits des 14 et 21/08/2026,"Compte ce qui est CARTOGRAPHIÉ, pas ce qui existe ni ce qui est ouvert. Une commune absente n'a pas zéro établissement : elle n'a pas été cartographiée.",2026-08-20
HT0116,HTC-0116,Gressier,restauration,Restauration et sorties,3,SRC-028,OpenStreetMap via HOT — © contributeurs OSM (ODbL),extraits des 14 et 21/08/2026,"Compte ce qui est CARTOGRAPHIÉ, pas ce qui existe ni ce qui est ouvert. Une commune absente n'a pas zéro établissement : elle n'a pas été cartographiée.",2026-08-20
HT0116,HTC-0116,Gressier,patrimoine,Patrimoine bâti,1,SRC-028,OpenStreetMap via HOT — © contributeurs OSM (ODbL),extraits des 14 et 21/08/2026,"Compte ce qui est CARTOGRAPHIÉ, pas ce qui existe ni ce qui est ouvert. Une commune absente n'a pas zéro établissement : elle n'a pas été cartographiée.",2026-08-20
HT0116,HTC-0116,Gressier,littoral,Littoral et balnéaire,2,SRC-028,OpenStreetMap via HOT — © contributeurs OSM (ODbL),extraits des 14 et 21/08/2026,"Compte ce qui est CARTOGRAPHIÉ, pas ce qui existe ni ce qui est ouvert. Une commune absente n'a pas zéro établissement : elle n'a pas été cartographiée.",2026-08-20
HT0117,HTC-0117,Cité Soleil,hebergement,Hébergement,1,SRC-028,OpenStreetMap via HOT — © contributeurs OSM (ODbL),extraits des 14 et 21/08/2026,"Compte ce qui est CARTOGRAPHIÉ, pas ce qui existe ni ce qui est ouvert. Une commune absente n'a pas zéro établissement : elle n'a pas été cartographiée.",2026-08-20
HT0117,HTC-0117,Cité Soleil,restauration,Restauration et sorties,9,SRC-028,OpenStreetMap via HOT — © contributeurs OSM (ODbL),extraits des 14 et 21/08/2026,"Compte ce qui est CARTOGRAPHIÉ, pas ce qui existe ni ce qui est ouvert. Une commune absente n'a pas zéro établissement : elle n'a pas été cartographiée.",2026-08-20
HT0117,HTC-0117,Cité Soleil,patrimoine,Patrimoine bâti,3,SRC-028,OpenStreetMap via HOT — © contributeurs OSM (ODbL),extraits des 14 et 21/08/2026,"Compte ce qui est CARTOGRAPHIÉ, pas ce qui existe ni ce qui est ouvert. Une commune absente n'a pas zéro établissement : elle n'a pas été cartographiée.",2026-08-20
HT0117,HTC-0117,Cité Soleil,littoral,Littoral et balnéaire,4,SRC-028,OpenStreetMap via HOT — © contributeurs OSM (ODbL),extraits des 14 et 21/08/2026,"Compte ce qui est CARTOGRAPHIÉ, pas ce qui existe ni ce qui est ouvert. Une commune absente n'a pas zéro établissement : elle n'a pas été cartographiée.",2026-08-20
HT0118,HTC-0118,Tabarre,hebergement,Hébergement,23,SRC-028,OpenStreetMap via HOT — © contributeurs OSM (ODbL),extraits des 14 et 21/08/2026,"Compte ce qui est CARTOGRAPHIÉ, pas ce qui existe ni ce qui est ouvert. Une commune absente n'a pas zéro établissement : elle n'a pas été cartographiée.",2026-08-20
HT0118,HTC-0118,Tabarre,sites,Sites et attractions,6,SRC-028,OpenStreetMap via HOT — © contributeurs OSM (ODbL),extraits des 14 et 21/08/2026,"Compte ce qui est CARTOGRAPHIÉ, pas ce qui existe ni ce qui est ouvert. Une commune absente n'a pas zéro établissement : elle n'a pas été cartographiée.",2026-08-20
HT0118,HTC-0118,Tabarre,plein_air,Plein air,7,SRC-028,OpenStreetMap via HOT — © contributeurs OSM (ODbL),extraits des 14 et 21/08/2026,"Compte ce qui est CARTOGRAPHIÉ, pas ce qui existe ni ce qui est ouvert. Une commune absente n'a pas zéro établissement : elle n'a pas été cartographiée.",2026-08-20
HT0118,HTC-0118,Tabarre,restauration,Restauration et sorties,22,SRC-028,OpenStreetMap via HOT — © contributeurs OSM (ODbL),extraits des 14 et 21/08/2026,"Compte ce qui est CARTOGRAPHIÉ, pas ce qui existe ni ce qui est ouvert. Une commune absente n'a pas zéro établissement : elle n'a pas été cartographiée.",2026-08-20
HT0118,HTC-0118,Tabarre,patrimoine,Patrimoine bâti,1,SRC-028,OpenStreetMap via HOT — © contributeurs OSM (ODbL),extraits des 14 et 21/08/2026,"Compte ce qui est CARTOGRAPHIÉ, pas ce qui existe ni ce qui est ouvert. Une commune absente n'a pas zéro établissement : elle n'a pas été cartographiée.",2026-08-20
HT0118,HTC-0118,Tabarre,culture,Lieux de culture,3,SRC-028,OpenStreetMap via HOT — © contributeurs OSM (ODbL),extraits des 14 et 21/08/2026,"Compte ce qui est CARTOGRAPHIÉ, pas ce qui existe ni ce qui est ouvert. Une commune absente n'a pas zéro établissement : elle n'a pas été cartographiée.",2026-08-20
HT0121,HTC-0121,Léogâne,hebergement,Hébergement,9,SRC-028,OpenStreetMap via HOT — © contributeurs OSM (ODbL),extraits des 14 et 21/08/2026,"Compte ce qui est CARTOGRAPHIÉ, pas ce qui existe ni ce qui est ouvert. Une commune absente n'a pas zéro établissement : elle n'a pas été cartographiée.",2026-08-20
HT0121,HTC-0121,Léogâne,plein_air,Plein air,11,SRC-028,OpenStreetMap via HOT — © contributeurs OSM (ODbL),extraits des 14 et 21/08/2026,"Compte ce qui est CARTOGRAPHIÉ, pas ce qui existe ni ce qui est ouvert. Une commune absente n'a pas zéro établissement : elle n'a pas été cartographiée.",2026-08-20
HT0121,HTC-0121,Léogâne,restauration,Restauration et sorties,20,SRC-028,OpenStreetMap via HOT — © contributeurs OSM (ODbL),extraits des 14 et 21/08/2026,"Compte ce qui est CARTOGRAPHIÉ, pas ce qui existe ni ce qui est ouvert. Une commune absente n'a pas zéro établissement : elle n'a pas été cartographiée.",2026-08-20
HT0121,HTC-0121,Léogâne,patrimoine,Patrimoine bâti,2,SRC-028,OpenStreetMap via HOT — © contributeurs OSM (ODbL),extraits des 14 et 21/08/2026,"Compte ce qui est CARTOGRAPHIÉ, pas ce qui existe ni ce qui est ouvert. Une commune absente n'a pas zéro établissement : elle n'a pas été cartographiée.",2026-08-20
HT0121,HTC-0121,Léogâne,culture,Lieux de culture,1,SRC-028,OpenStreetMap via HOT — © contributeurs OSM (ODbL),extraits des 14 et 21/08/2026,"Compte ce qui est CARTOGRAPHIÉ, pas ce qui existe ni ce qui est ouvert. Une commune absente n'a pas zéro établissement : elle n'a pas été cartographiée.",2026-08-20
HT0122,HTC-0122,Petit-Goâve,hebergement,Hébergement,7,SRC-028,OpenStreetMap via HOT — © contributeurs OSM (ODbL),extraits des 14 et 21/08/2026,"Compte ce qui est CARTOGRAPHIÉ, pas ce qui existe ni ce qui est ouvert. Une commune absente n'a pas zéro établissement : elle n'a pas été cartographiée.",2026-08-20
HT0122,HTC-0122,Petit-Goâve,sites,Sites et attractions,1,SRC-028,OpenStreetMap via HOT — © contributeurs OSM (ODbL),extraits des 14 et 21/08/2026,"Compte ce qui est CARTOGRAPHIÉ, pas ce qui existe ni ce qui est ouvert. Une commune absente n'a pas zéro établissement : elle n'a pas été cartographiée.",2026-08-20
HT0122,HTC-0122,Petit-Goâve,restauration,Restauration et sorties,7,SRC-028,OpenStreetMap via HOT — © contributeurs OSM (ODbL),extraits des 14 et 21/08/2026,"Compte ce qui est CARTOGRAPHIÉ, pas ce qui existe ni ce qui est ouvert. Une commune absente n'a pas zéro établissement : elle n'a pas été cartographiée.",2026-08-20
HT0122,HTC-0122,Petit-Goâve,patrimoine,Patrimoine bâti,2,SRC-028,OpenStreetMap via HOT — © contributeurs OSM (ODbL),extraits des 14 et 21/08/2026,"Compte ce qui est CARTOGRAPHIÉ, pas ce qui existe ni ce qui est ouvert. Une commune absente n'a pas zéro établissement : elle n'a pas été cartographiée.",2026-08-20
HT0122,HTC-0122,Petit-Goâve,littoral,Littoral et balnéaire,3,SRC-028,OpenStreetMap via HOT — © contributeurs OSM (ODbL),extraits des 14 et 21/08/2026,"Compte ce qui est CARTOGRAPHIÉ, pas ce qui existe ni ce qui est ouvert. Une commune absente n'a pas zéro établissement : elle n'a pas été cartographiée.",2026-08-20
HT0123,HTC-0123,Grand-Goâve,hebergement,Hébergement,5,SRC-028,OpenStreetMap via HOT — © contributeurs OSM (ODbL),extraits des 14 et 21/08/2026,"Compte ce qui est CARTOGRAPHIÉ, pas ce qui existe ni ce qui est ouvert. Une commune absente n'a pas zéro établissement : elle n'a pas été cartographiée.",2026-08-20
HT0123,HTC-0123,Grand-Goâve,sites,Sites et attractions,1,SRC-028,OpenStreetMap via HOT — © contributeurs OSM (ODbL),extraits des 14 et 21/08/2026,"Compte ce qui est CARTOGRAPHIÉ, pas ce qui existe ni ce qui est ouvert. Une commune absente n'a pas zéro établissement : elle n'a pas été cartographiée.",2026-08-20
HT0123,HTC-0123,Grand-Goâve,restauration,Restauration et sorties,2,SRC-028,OpenStreetMap via HOT — © contributeurs OSM (ODbL),extraits des 14 et 21/08/2026,"Compte ce qui est CARTOGRAPHIÉ, pas ce qui existe ni ce qui est ouvert. Une commune absente n'a pas zéro établissement : elle n'a pas été cartographiée.",2026-08-20
HT0131,HTC-0131,Croix-Des-Bouquets,hebergement,Hébergement,21,SRC-028,OpenStreetMap via HOT — © contributeurs OSM (ODbL),extraits des 14 et 21/08/2026,"Compte ce qui est CARTOGRAPHIÉ, pas ce qui existe ni ce qui est ouvert. Une commune absente n'a pas zéro établissement : elle n'a pas été cartographiée.",2026-08-20
HT0131,HTC-0131,Croix-Des-Bouquets,sites,Sites et attractions,5,SRC-028,OpenStreetMap via HOT — © contributeurs OSM (ODbL),extraits des 14 et 21/08/2026,"Compte ce qui est CARTOGRAPHIÉ, pas ce qui existe ni ce qui est ouvert. Une commune absente n'a pas zéro établissement : elle n'a pas été cartographiée.",2026-08-20
HT0131,HTC-0131,Croix-Des-Bouquets,plein_air,Plein air,8,SRC-028,OpenStreetMap via HOT — © contributeurs OSM (ODbL),extraits des 14 et 21/08/2026,"Compte ce qui est CARTOGRAPHIÉ, pas ce qui existe ni ce qui est ouvert. Une commune absente n'a pas zéro établissement : elle n'a pas été cartographiée.",2026-08-20
HT0131,HTC-0131,Croix-Des-Bouquets,information,Information touristique,9,SRC-028,OpenStreetMap via HOT — © contributeurs OSM (ODbL),extraits des 14 et 21/08/2026,"Compte ce qui est CARTOGRAPHIÉ, pas ce qui existe ni ce qui est ouvert. Une commune absente n'a pas zéro établissement : elle n'a pas été cartographiée.",2026-08-20
HT0131,HTC-0131,Croix-Des-Bouquets,restauration,Restauration et sorties,119,SRC-028,OpenStreetMap via HOT — © contributeurs OSM (ODbL),extraits des 14 et 21/08/2026,"Compte ce qui est CARTOGRAPHIÉ, pas ce qui existe ni ce qui est ouvert. Une commune absente n'a pas zéro établissement : elle n'a pas été cartographiée.",2026-08-20
HT0131,HTC-0131,Croix-Des-Bouquets,patrimoine,Patrimoine bâti,9,SRC-028,OpenStreetMap via HOT — © contributeurs OSM (ODbL),extraits des 14 et 21/08/2026,"Compte ce qui est CARTOGRAPHIÉ, pas ce qui existe ni ce qui est ouvert. Une commune absente n'a pas zéro établissement : elle n'a pas été cartographiée.",2026-08-20
HT0131,HTC-0131,Croix-Des-Bouquets,culture,Lieux de culture,18,SRC-028,OpenStreetMap via HOT — © contributeurs OSM (ODbL),extraits des 14 et 21/08/2026,"Compte ce qui est CARTOGRAPHIÉ, pas ce qui existe ni ce qui est ouvert. Une commune absente n'a pas zéro établissement : elle n'a pas été cartographiée.",2026-08-20
HT0131,HTC-0131,Croix-Des-Bouquets,littoral,Littoral et balnéaire,2,SRC-028,OpenStreetMap via HOT — © contributeurs OSM (ODbL),extraits des 14 et 21/08/2026,"Compte ce qui est CARTOGRAPHIÉ, pas ce qui existe ni ce qui est ouvert. Une commune absente n'a pas zéro établissement : elle n'a pas été cartographiée.",2026-08-20
HT0131,HTC-0131,Croix-Des-Bouquets,nature,Curiosités naturelles,1,SRC-028,OpenStreetMap via HOT — © contributeurs OSM (ODbL),extraits des 14 et 21/08/2026,"Compte ce qui est CARTOGRAPHIÉ, pas ce qui existe ni ce qui est ouvert. Une commune absente n'a pas zéro établissement : elle n'a pas été cartographiée.",2026-08-20
HT0132,HTC-0132,Thomazeau,hebergement,Hébergement,1,SRC-028,OpenStreetMap via HOT — © contributeurs OSM (ODbL),extraits des 14 et 21/08/2026,"Compte ce qui est CARTOGRAPHIÉ, pas ce qui existe ni ce qui est ouvert. Une commune absente n'a pas zéro établissement : elle n'a pas été cartographiée.",2026-08-20
HT0132,HTC-0132,Thomazeau,sites,Sites et attractions,1,SRC-028,OpenStreetMap via HOT — © contributeurs OSM (ODbL),extraits des 14 et 21/08/2026,"Compte ce qui est CARTOGRAPHIÉ, pas ce qui existe ni ce qui est ouvert. Une commune absente n'a pas zéro établissement : elle n'a pas été cartographiée.",2026-08-20
HT0132,HTC-0132,Thomazeau,plein_air,Plein air,1,SRC-028,OpenStreetMap via HOT — © contributeurs OSM (ODbL),extraits des 14 et 21/08/2026,"Compte ce qui est CARTOGRAPHIÉ, pas ce qui existe ni ce qui est ouvert. Une commune absente n'a pas zéro établissement : elle n'a pas été cartographiée.",2026-08-20
HT0132,HTC-0132,Thomazeau,restauration,Restauration et sorties,5,SRC-028,OpenStreetMap via HOT — © contributeurs OSM (ODbL),extraits des 14 et 21/08/2026,"Compte ce qui est CARTOGRAPHIÉ, pas ce qui existe ni ce qui est ouvert. Une commune absente n'a pas zéro établissement : elle n'a pas été cartographiée.",2026-08-20
HT0132,HTC-0132,Thomazeau,culture,Lieux de culture,1,SRC-028,OpenStreetMap via HOT — © contributeurs OSM (ODbL),extraits des 14 et 21/08/2026,"Compte ce qui est CARTOGRAPHIÉ, pas ce qui existe ni ce qui est ouvert. Une commune absente n'a pas zéro établissement : elle n'a pas été cartographiée.",2026-08-20
HT0132,HTC-0132,Thomazeau,littoral,Littoral et balnéaire,1,SRC-028,OpenStreetMap via HOT — © contributeurs OSM (ODbL),extraits des 14 et 21/08/2026,"Compte ce qui est CARTOGRAPHIÉ, pas ce qui existe ni ce qui est ouvert. Une commune absente n'a pas zéro établissement : elle n'a pas été cartographiée.",2026-08-20
HT0134,HTC-0134,Cornillon / Grand Bois,restauration,Restauration et sorties,2,SRC-028,OpenStreetMap via HOT — © contributeurs OSM (ODbL),extraits des 14 et 21/08/2026,"Compte ce qui est CARTOGRAPHIÉ, pas ce qui existe ni ce qui est ouvert. Une commune absente n'a pas zéro établissement : elle n'a pas été cartographiée.",2026-08-20
HT0135,HTC-0135,Fonds-Verrettes,hebergement,Hébergement,16,SRC-028,OpenStreetMap via HOT — © contributeurs OSM (ODbL),extraits des 14 et 21/08/2026,"Compte ce qui est CARTOGRAPHIÉ, pas ce qui existe ni ce qui est ouvert. Une commune absente n'a pas zéro établissement : elle n'a pas été cartographiée.",2026-08-20
HT0135,HTC-0135,Fonds-Verrettes,sites,Sites et attractions,1,SRC-028,OpenStreetMap via HOT — © contributeurs OSM (ODbL),extraits des 14 et 21/08/2026,"Compte ce qui est CARTOGRAPHIÉ, pas ce qui existe ni ce qui est ouvert. Une commune absente n'a pas zéro établissement : elle n'a pas été cartographiée.",2026-08-20
HT0135,HTC-0135,Fonds-Verrettes,patrimoine,Patrimoine bâti,1,SRC-028,OpenStreetMap via HOT — © contributeurs OSM (ODbL),extraits des 14 et 21/08/2026,"Compte ce qui est CARTOGRAPHIÉ, pas ce qui existe ni ce qui est ouvert. Une commune absente n'a pas zéro établissement : elle n'a pas été cartographiée.",2026-08-20
HT0141,HTC-0141,Arcahaie,hebergement,Hébergement,6,SRC-028,OpenStreetMap via HOT — © contributeurs OSM (ODbL),extraits des 14 et 21/08/2026,"Compte ce qui est CARTOGRAPHIÉ, pas ce qui existe ni ce qui est ouvert. Une commune absente n'a pas zéro établissement : elle n'a pas été cartographiée.",2026-08-20
HT0141,HTC-0141,Arcahaie,sites,Sites et attractions,1,SRC-028,OpenStreetMap via HOT — © contributeurs OSM (ODbL),extraits des 14 et 21/08/2026,"Compte ce qui est CARTOGRAPHIÉ, pas ce qui existe ni ce qui est ouvert. Une commune absente n'a pas zéro établissement : elle n'a pas été cartographiée.",2026-08-20
HT0141,HTC-0141,Arcahaie,restauration,Restauration et sorties,41,SRC-028,OpenStreetMap via HOT — © contributeurs OSM (ODbL),extraits des 14 et 21/08/2026,"Compte ce qui est CARTOGRAPHIÉ, pas ce qui existe ni ce qui est ouvert. Une commune absente n'a pas zéro établissement : elle n'a pas été cartographiée.",2026-08-20
HT0141,HTC-0141,Arcahaie,patrimoine,Patrimoine bâti,14,SRC-028,OpenStreetMap via HOT — © contributeurs OSM (ODbL),extraits des 14 et 21/08/2026,"Compte ce qui est CARTOGRAPHIÉ, pas ce qui existe ni ce qui est ouvert. Une commune absente n'a pas zéro établissement : elle n'a pas été cartographiée.",2026-08-20
HT0141,HTC-0141,Arcahaie,culture,Lieux de culture,1,SRC-028,OpenStreetMap via HOT — © contributeurs OSM (ODbL),extraits des 14 et 21/08/2026,"Compte ce qui est CARTOGRAPHIÉ, pas ce qui existe ni ce qui est ouvert. Une commune absente n'a pas zéro établissement : elle n'a pas été cartographiée.",2026-08-20
HT0141,HTC-0141,Arcahaie,littoral,Littoral et balnéaire,10,SRC-028,OpenStreetMap via HOT — © contributeurs OSM (ODbL),extraits des 14 et 21/08/2026,"Compte ce qui est CARTOGRAPHIÉ, pas ce qui existe ni ce qui est ouvert. Une commune absente n'a pas zéro établissement : elle n'a pas été cartographiée.",2026-08-20
HT0142,HTC-0142,Cabaret,hebergement,Hébergement,2,SRC-028,OpenStreetMap via HOT — © contributeurs OSM (ODbL),extraits des 14 et 21/08/2026,"Compte ce qui est CARTOGRAPHIÉ, pas ce qui existe ni ce qui est ouvert. Une commune absente n'a pas zéro établissement : elle n'a pas été cartographiée.",2026-08-20
HT0142,HTC-0142,Cabaret,plein_air,Plein air,1,SRC-028,OpenStreetMap via HOT — © contributeurs OSM (ODbL),extraits des 14 et 21/08/2026,"Compte ce qui est CARTOGRAPHIÉ, pas ce qui existe ni ce qui est ouvert. Une commune absente n'a pas zéro établissement : elle n'a pas été cartographiée.",2026-08-20
HT0142,HTC-0142,Cabaret,restauration,Restauration et sorties,7,SRC-028,OpenStreetMap via HOT — © contributeurs OSM (ODbL),extraits des 14 et 21/08/2026,"Compte ce qui est CARTOGRAPHIÉ, pas ce qui existe ni ce qui est ouvert. Une commune absente n'a pas zéro établissement : elle n'a pas été cartographiée.",2026-08-20
HT0151,HTC-0151,Anse à Galets,hebergement,Hébergement,5,SRC-028,OpenStreetMap via HOT — © contributeurs OSM (ODbL),extraits des 14 et 21/08/2026,"Compte ce qui est CARTOGRAPHIÉ, pas ce qui existe ni ce qui est ouvert. Une commune absente n'a pas zéro établissement : elle n'a pas été cartographiée.",2026-08-20
HT0151,HTC-0151,Anse à Galets,restauration,Restauration et sorties,4,SRC-028,OpenStreetMap via HOT — © contributeurs OSM (ODbL),extraits des 14 et 21/08/2026,"Compte ce qui est CARTOGRAPHIÉ, pas ce qui existe ni ce qui est ouvert. Une commune absente n'a pas zéro établissement : elle n'a pas été cartographiée.",2026-08-20
HT0151,HTC-0151,Anse à Galets,patrimoine,Patrimoine bâti,1,SRC-028,OpenStreetMap via HOT — © contributeurs OSM (ODbL),extraits des 14 et 21/08/2026,"Compte ce qui est CARTOGRAPHIÉ, pas ce qui existe ni ce qui est ouvert. Une commune absente n'a pas zéro établissement : elle n'a pas été cartographiée.",2026-08-20
HT0151,HTC-0151,Anse à Galets,littoral,Littoral et balnéaire,1,SRC-028,OpenStreetMap via HOT — © contributeurs OSM (ODbL),extraits des 14 et 21/08/2026,"Compte ce qui est CARTOGRAPHIÉ, pas ce qui existe ni ce qui est ouvert. Une commune absente n'a pas zéro établissement : elle n'a pas été cartographiée.",2026-08-20
HT0152,HTC-0152,Pointe à Raquette,littoral,Littoral et balnéaire,1,SRC-028,OpenStreetMap via HOT — © contributeurs OSM (ODbL),extraits des 14 et 21/08/2026,"Compte ce qui est CARTOGRAPHIÉ, pas ce qui existe ni ce qui est ouvert. Une commune absente n'a pas zéro établissement : elle n'a pas été cartographiée.",2026-08-20
HT0211,HTC-0211,Jacmel,hebergement,Hébergement,33,SRC-028,OpenStreetMap via HOT — © contributeurs OSM (ODbL),extraits des 14 et 21/08/2026,"Compte ce qui est CARTOGRAPHIÉ, pas ce qui existe ni ce qui est ouvert. Une commune absente n'a pas zéro établissement : elle n'a pas été cartographiée.",2026-08-20
HT0211,HTC-0211,Jacmel,sites,Sites et attractions,1,SRC-028,OpenStreetMap via HOT — © contributeurs OSM (ODbL),extraits des 14 et 21/08/2026,"Compte ce qui est CARTOGRAPHIÉ, pas ce qui existe ni ce qui est ouvert. Une commune absente n'a pas zéro établissement : elle n'a pas été cartographiée.",2026-08-20
HT0211,HTC-0211,Jacmel,information,Information touristique,3,SRC-028,OpenStreetMap via HOT — © contributeurs OSM (ODbL),extraits des 14 et 21/08/2026,"Compte ce qui est CARTOGRAPHIÉ, pas ce qui existe ni ce qui est ouvert. Une commune absente n'a pas zéro établissement : elle n'a pas été cartographiée.",2026-08-20
HT0211,HTC-0211,Jacmel,restauration,Restauration et sorties,46,SRC-028,OpenStreetMap via HOT — © contributeurs OSM (ODbL),extraits des 14 et 21/08/2026,"Compte ce qui est CARTOGRAPHIÉ, pas ce qui existe ni ce qui est ouvert. Une commune absente n'a pas zéro établissement : elle n'a pas été cartographiée.",2026-08-20
HT0211,HTC-0211,Jacmel,patrimoine,Patrimoine bâti,16,SRC-028,OpenStreetMap via HOT — © contributeurs OSM (ODbL),extraits des 14 et 21/08/2026,"Compte ce qui est CARTOGRAPHIÉ, pas ce qui existe ni ce qui est ouvert. Une commune absente n'a pas zéro établissement : elle n'a pas été cartographiée.",2026-08-20
HT0211,HTC-0211,Jacmel,culture,Lieux de culture,14,SRC-028,OpenStreetMap via HOT — © contributeurs OSM (ODbL),extraits des 14 et 21/08/2026,"Compte ce qui est CARTOGRAPHIÉ, pas ce qui existe ni ce qui est ouvert. Une commune absente n'a pas zéro établissement : elle n'a pas été cartographiée.",2026-08-20
HT0211,HTC-0211,Jacmel,littoral,Littoral et balnéaire,18,SRC-028,OpenStreetMap via HOT — © contributeurs OSM (ODbL),extraits des 14 et 21/08/2026,"Compte ce qui est CARTOGRAPHIÉ, pas ce qui existe ni ce qui est ouvert. Une commune absente n'a pas zéro établissement : elle n'a pas été cartographiée.",2026-08-20
HT0211,HTC-0211,Jacmel,nature,Curiosités naturelles,1,SRC-028,OpenStreetMap via HOT — © contributeurs OSM (ODbL),extraits des 14 et 21/08/2026,"Compte ce qui est CARTOGRAPHIÉ, pas ce qui existe ni ce qui est ouvert. Une commune absente n'a pas zéro établissement : elle n'a pas été cartographiée.",2026-08-20
HT0212,HTC-0212,Marigot,hebergement,Hébergement,3,SRC-028,OpenStreetMap via HOT — © contributeurs OSM (ODbL),extraits des 14 et 21/08/2026,"Compte ce qui est CARTOGRAPHIÉ, pas ce qui existe ni ce qui est ouvert. Une commune absente n'a pas zéro établissement : elle n'a pas été cartographiée.",2026-08-20
HT0212,HTC-0212,Marigot,restauration,Restauration et sorties,11,SRC-028,OpenStreetMap via HOT — © contributeurs OSM (ODbL),extraits des 14 et 21/08/2026,"Compte ce qui est CARTOGRAPHIÉ, pas ce qui existe ni ce qui est ouvert. Une commune absente n'a pas zéro établissement : elle n'a pas été cartographiée.",2026-08-20
HT0212,HTC-0212,Marigot,nature,Curiosités naturelles,1,SRC-028,OpenStreetMap via HOT — © contributeurs OSM (ODbL),extraits des 14 et 21/08/2026,"Compte ce qui est CARTOGRAPHIÉ, pas ce qui existe ni ce qui est ouvert. Une commune absente n'a pas zéro établissement : elle n'a pas été cartographiée.",2026-08-20
HT0213,HTC-0213,Cayes-Jacmel,hebergement,Hébergement,7,SRC-028,OpenStreetMap via HOT — © contributeurs OSM (ODbL),extraits des 14 et 21/08/2026,"Compte ce qui est CARTOGRAPHIÉ, pas ce qui existe ni ce qui est ouvert. Une commune absente n'a pas zéro établissement : elle n'a pas été cartographiée.",2026-08-20
HT0213,HTC-0213,Cayes-Jacmel,restauration,Restauration et sorties,8,SRC-028,OpenStreetMap via HOT — © contributeurs OSM (ODbL),extraits des 14 et 21/08/2026,"Compte ce qui est CARTOGRAPHIÉ, pas ce qui existe ni ce qui est ouvert. Une commune absente n'a pas zéro établissement : elle n'a pas été cartographiée.",2026-08-20
HT0213,HTC-0213,Cayes-Jacmel,culture,Lieux de culture,1,SRC-028,OpenStreetMap via HOT — © contributeurs OSM (ODbL),extraits des 14 et 21/08/2026,"Compte ce qui est CARTOGRAPHIÉ, pas ce qui existe ni ce qui est ouvert. Une commune absente n'a pas zéro établissement : elle n'a pas été cartographiée.",2026-08-20
HT0213,HTC-0213,Cayes-Jacmel,littoral,Littoral et balnéaire,3,SRC-028,OpenStreetMap via HOT — © contributeurs OSM (ODbL),extraits des 14 et 21/08/2026,"Compte ce qui est CARTOGRAPHIÉ, pas ce qui existe ni ce qui est ouvert. Une commune absente n'a pas zéro établissement : elle n'a pas été cartographiée.",2026-08-20
HT0213,HTC-0213,Cayes-Jacmel,nature,Curiosités naturelles,1,SRC-028,OpenStreetMap via HOT — © contributeurs OSM (ODbL),extraits des 14 et 21/08/2026,"Compte ce qui est CARTOGRAPHIÉ, pas ce qui existe ni ce qui est ouvert. Une commune absente n'a pas zéro établissement : elle n'a pas été cartographiée.",2026-08-20
HT0214,HTC-0214,La Vallée,hebergement,Hébergement,1,SRC-028,OpenStreetMap via HOT — © contributeurs OSM (ODbL),extraits des 14 et 21/08/2026,"Compte ce qui est CARTOGRAPHIÉ, pas ce qui existe ni ce qui est ouvert. Une commune absente n'a pas zéro établissement : elle n'a pas été cartographiée.",2026-08-20
HT0214,HTC-0214,La Vallée,restauration,Restauration et sorties,1,SRC-028,OpenStreetMap via HOT — © contributeurs OSM (ODbL),extraits des 14 et 21/08/2026,"Compte ce qui est CARTOGRAPHIÉ, pas ce qui existe ni ce qui est ouvert. Une commune absente n'a pas zéro établissement : elle n'a pas été cartographiée.",2026-08-20
HT0221,HTC-0221,Bainet,hebergement,Hébergement,2,SRC-028,OpenStreetMap via HOT — © contributeurs OSM (ODbL),extraits des 14 et 21/08/2026,"Compte ce qui est CARTOGRAPHIÉ, pas ce qui existe ni ce qui est ouvert. Une commune absente n'a pas zéro établissement : elle n'a pas été cartographiée.",2026-08-20
HT0221,HTC-0221,Bainet,littoral,Littoral et balnéaire,5,SRC-028,OpenStreetMap via HOT — © contributeurs OSM (ODbL),extraits des 14 et 21/08/2026,"Compte ce qui est CARTOGRAPHIÉ, pas ce qui existe ni ce qui est ouvert. Une commune absente n'a pas zéro établissement : elle n'a pas été cartographiée.",2026-08-20
HT0222,HTC-0222,Côtes de Fer,hebergement,Hébergement,1,SRC-028,OpenStreetMap via HOT — © contributeurs OSM (ODbL),extraits des 14 et 21/08/2026,"Compte ce qui est CARTOGRAPHIÉ, pas ce qui existe ni ce qui est ouvert. Une commune absente n'a pas zéro établissement : elle n'a pas été cartographiée.",2026-08-20
HT0222,HTC-0222,Côtes de Fer,sites,Sites et attractions,1,SRC-028,OpenStreetMap via HOT — © contributeurs OSM (ODbL),extraits des 14 et 21/08/2026,"Compte ce qui est CARTOGRAPHIÉ, pas ce qui existe ni ce qui est ouvert. Une commune absente n'a pas zéro établissement : elle n'a pas été cartographiée.",2026-08-20
HT0222,HTC-0222,Côtes de Fer,patrimoine,Patrimoine bâti,1,SRC-028,OpenStreetMap via HOT — © contributeurs OSM (ODbL),extraits des 14 et 21/08/2026,"Compte ce qui est CARTOGRAPHIÉ, pas ce qui existe ni ce qui est ouvert. Une commune absente n'a pas zéro établissement : elle n'a pas été cartographiée.",2026-08-20
HT0222,HTC-0222,Côtes de Fer,littoral,Littoral et balnéaire,12,SRC-028,OpenStreetMap via HOT — © contributeurs OSM (ODbL),extraits des 14 et 21/08/2026,"Compte ce qui est CARTOGRAPHIÉ, pas ce qui existe ni ce qui est ouvert. Une commune absente n'a pas zéro établissement : elle n'a pas été cartographiée.",2026-08-20
HT0231,HTC-0231,Belle-Anse,hebergement,Hébergement,2,SRC-028,OpenStreetMap via HOT — © contributeurs OSM (ODbL),extraits des 14 et 21/08/2026,"Compte ce qui est CARTOGRAPHIÉ, pas ce qui existe ni ce qui est ouvert. Une commune absente n'a pas zéro établissement : elle n'a pas été cartographiée.",2026-08-20
HT0231,HTC-0231,Belle-Anse,restauration,Restauration et sorties,1,SRC-028,OpenStreetMap via HOT — © contributeurs OSM (ODbL),extraits des 14 et 21/08/2026,"Compte ce qui est CARTOGRAPHIÉ, pas ce qui existe ni ce qui est ouvert. Une commune absente n'a pas zéro établissement : elle n'a pas été cartographiée.",2026-08-20
HT0231,HTC-0231,Belle-Anse,nature,Curiosités naturelles,1,SRC-028,OpenStreetMap via HOT — © contributeurs OSM (ODbL),extraits des 14 et 21/08/2026,"Compte ce qui est CARTOGRAPHIÉ, pas ce qui existe ni ce qui est ouvert. Une commune absente n'a pas zéro établissement : elle n'a pas été cartographiée.",2026-08-20
HT0233,HTC-0233,Thiotte,hebergement,Hébergement,1,SRC-028,OpenStreetMap via HOT — © contributeurs OSM (ODbL),extraits des 14 et 21/08/2026,"Compte ce qui est CARTOGRAPHIÉ, pas ce qui existe ni ce qui est ouvert. Une commune absente n'a pas zéro établissement : elle n'a pas été cartographiée.",2026-08-20
HT0233,HTC-0233,Thiotte,restauration,Restauration et sorties,2,SRC-028,OpenStreetMap via HOT — © contributeurs OSM (ODbL),extraits des 14 et 21/08/2026,"Compte ce qui est CARTOGRAPHIÉ, pas ce qui existe ni ce qui est ouvert. Une commune absente n'a pas zéro établissement : elle n'a pas été cartographiée.",2026-08-20
HT0234,HTC-0234,Anse-à-Pître,hebergement,Hébergement,2,SRC-028,OpenStreetMap via HOT — © contributeurs OSM (ODbL),extraits des 14 et 21/08/2026,"Compte ce qui est CARTOGRAPHIÉ, pas ce qui existe ni ce qui est ouvert. Une commune absente n'a pas zéro établissement : elle n'a pas été cartographiée.",2026-08-20
HT0234,HTC-0234,Anse-à-Pître,littoral,Littoral et balnéaire,1,SRC-028,OpenStreetMap via HOT — © contributeurs OSM (ODbL),extraits des 14 et 21/08/2026,"Compte ce qui est CARTOGRAPHIÉ, pas ce qui existe ni ce qui est ouvert. Une commune absente n'a pas zéro établissement : elle n'a pas été cartographiée.",2026-08-20
HT0311,HTC-0311,Cap-Haïtien,hebergement,Hébergement,48,SRC-028,OpenStreetMap via HOT — © contributeurs OSM (ODbL),extraits des 14 et 21/08/2026,"Compte ce qui est CARTOGRAPHIÉ, pas ce qui existe ni ce qui est ouvert. Une commune absente n'a pas zéro établissement : elle n'a pas été cartographiée.",2026-08-20
HT0311,HTC-0311,Cap-Haïtien,sites,Sites et attractions,6,SRC-028,OpenStreetMap via HOT — © contributeurs OSM (ODbL),extraits des 14 et 21/08/2026,"Compte ce qui est CARTOGRAPHIÉ, pas ce qui existe ni ce qui est ouvert. Une commune absente n'a pas zéro établissement : elle n'a pas été cartographiée.",2026-08-20
HT0311,HTC-0311,Cap-Haïtien,plein_air,Plein air,2,SRC-028,OpenStreetMap via HOT — © contributeurs OSM (ODbL),extraits des 14 et 21/08/2026,"Compte ce qui est CARTOGRAPHIÉ, pas ce qui existe ni ce qui est ouvert. Une commune absente n'a pas zéro établissement : elle n'a pas été cartographiée.",2026-08-20
HT0311,HTC-0311,Cap-Haïtien,information,Information touristique,1,SRC-028,OpenStreetMap via HOT — © contributeurs OSM (ODbL),extraits des 14 et 21/08/2026,"Compte ce qui est CARTOGRAPHIÉ, pas ce qui existe ni ce qui est ouvert. Une commune absente n'a pas zéro établissement : elle n'a pas été cartographiée.",2026-08-20
HT0311,HTC-0311,Cap-Haïtien,restauration,Restauration et sorties,115,SRC-028,OpenStreetMap via HOT — © contributeurs OSM (ODbL),extraits des 14 et 21/08/2026,"Compte ce qui est CARTOGRAPHIÉ, pas ce qui existe ni ce qui est ouvert. Une commune absente n'a pas zéro établissement : elle n'a pas été cartographiée.",2026-08-20
HT0311,HTC-0311,Cap-Haïtien,patrimoine,Patrimoine bâti,12,SRC-028,OpenStreetMap via HOT — © contributeurs OSM (ODbL),extraits des 14 et 21/08/2026,"Compte ce qui est CARTOGRAPHIÉ, pas ce qui existe ni ce qui est ouvert. Une commune absente n'a pas zéro établissement : elle n'a pas été cartographiée.",2026-08-20
HT0311,HTC-0311,Cap-Haïtien,culture,Lieux de culture,6,SRC-028,OpenStreetMap via HOT — © contributeurs OSM (ODbL),extraits des 14 et 21/08/2026,"Compte ce qui est CARTOGRAPHIÉ, pas ce qui existe ni ce qui est ouvert. Une commune absente n'a pas zéro établissement : elle n'a pas été cartographiée.",2026-08-20
HT0311,HTC-0311,Cap-Haïtien,littoral,Littoral et balnéaire,7,SRC-028,OpenStreetMap via HOT — © contributeurs OSM (ODbL),extraits des 14 et 21/08/2026,"Compte ce qui est CARTOGRAPHIÉ, pas ce qui existe ni ce qui est ouvert. Une commune absente n'a pas zéro établissement : elle n'a pas été cartographiée.",2026-08-20
HT0312,HTC-0312,Quartier Morin,hebergement,Hébergement,8,SRC-028,OpenStreetMap via HOT — © contributeurs OSM (ODbL),extraits des 14 et 21/08/2026,"Compte ce qui est CARTOGRAPHIÉ, pas ce qui existe ni ce qui est ouvert. Une commune absente n'a pas zéro établissement : elle n'a pas été cartographiée.",2026-08-20
HT0312,HTC-0312,Quartier Morin,sites,Sites et attractions,1,SRC-028,OpenStreetMap via HOT — © contributeurs OSM (ODbL),extraits des 14 et 21/08/2026,"Compte ce qui est CARTOGRAPHIÉ, pas ce qui existe ni ce qui est ouvert. Une commune absente n'a pas zéro établissement : elle n'a pas été cartographiée.",2026-08-20
HT0312,HTC-0312,Quartier Morin,restauration,Restauration et sorties,23,SRC-028,OpenStreetMap via HOT — © contributeurs OSM (ODbL),extraits des 14 et 21/08/2026,"Compte ce qui est CARTOGRAPHIÉ, pas ce qui existe ni ce qui est ouvert. Une commune absente n'a pas zéro établissement : elle n'a pas été cartographiée.",2026-08-20
HT0312,HTC-0312,Quartier Morin,patrimoine,Patrimoine bâti,2,SRC-028,OpenStreetMap via HOT — © contributeurs OSM (ODbL),extraits des 14 et 21/08/2026,"Compte ce qui est CARTOGRAPHIÉ, pas ce qui existe ni ce qui est ouvert. Une commune absente n'a pas zéro établissement : elle n'a pas été cartographiée.",2026-08-20
HT0312,HTC-0312,Quartier Morin,culture,Lieux de culture,7,SRC-028,OpenStreetMap via HOT — © contributeurs OSM (ODbL),extraits des 14 et 21/08/2026,"Compte ce qui est CARTOGRAPHIÉ, pas ce qui existe ni ce qui est ouvert. Une commune absente n'a pas zéro établissement : elle n'a pas été cartographiée.",2026-08-20
HT0313,HTC-0313,Limonade,hebergement,Hébergement,4,SRC-028,OpenStreetMap via HOT — © contributeurs OSM (ODbL),extraits des 14 et 21/08/2026,"Compte ce qui est CARTOGRAPHIÉ, pas ce qui existe ni ce qui est ouvert. Une commune absente n'a pas zéro établissement : elle n'a pas été cartographiée.",2026-08-20
HT0313,HTC-0313,Limonade,plein_air,Plein air,1,SRC-028,OpenStreetMap via HOT — © contributeurs OSM (ODbL),extraits des 14 et 21/08/2026,"Compte ce qui est CARTOGRAPHIÉ, pas ce qui existe ni ce qui est ouvert. Une commune absente n'a pas zéro établissement : elle n'a pas été cartographiée.",2026-08-20
HT0313,HTC-0313,Limonade,restauration,Restauration et sorties,18,SRC-028,OpenStreetMap via HOT — © contributeurs OSM (ODbL),extraits des 14 et 21/08/2026,"Compte ce qui est CARTOGRAPHIÉ, pas ce qui existe ni ce qui est ouvert. Une commune absente n'a pas zéro établissement : elle n'a pas été cartographiée.",2026-08-20
HT0313,HTC-0313,Limonade,patrimoine,Patrimoine bâti,2,SRC-028,OpenStreetMap via HOT — © contributeurs OSM (ODbL),extraits des 14 et 21/08/2026,"Compte ce qui est CARTOGRAPHIÉ, pas ce qui existe ni ce qui est ouvert. Une commune absente n'a pas zéro établissement : elle n'a pas été cartographiée.",2026-08-20
HT0313,HTC-0313,Limonade,culture,Lieux de culture,10,SRC-028,OpenStreetMap via HOT — © contributeurs OSM (ODbL),extraits des 14 et 21/08/2026,"Compte ce qui est CARTOGRAPHIÉ, pas ce qui existe ni ce qui est ouvert. Une commune absente n'a pas zéro établissement : elle n'a pas été cartographiée.",2026-08-20
HT0313,HTC-0313,Limonade,littoral,Littoral et balnéaire,1,SRC-028,OpenStreetMap via HOT — © contributeurs OSM (ODbL),extraits des 14 et 21/08/2026,"Compte ce qui est CARTOGRAPHIÉ, pas ce qui existe ni ce qui est ouvert. Une commune absente n'a pas zéro établissement : elle n'a pas été cartographiée.",2026-08-20
HT0321,HTC-0321,Acul du Nord,restauration,Restauration et sorties,5,SRC-028,OpenStreetMap via HOT — © contributeurs OSM (ODbL),extraits des 14 et 21/08/2026,"Compte ce qui est CARTOGRAPHIÉ, pas ce qui existe ni ce qui est ouvert. Une commune absente n'a pas zéro établissement : elle n'a pas été cartographiée.",2026-08-20
HT0321,HTC-0321,Acul du Nord,littoral,Littoral et balnéaire,3,SRC-028,OpenStreetMap via HOT — © contributeurs OSM (ODbL),extraits des 14 et 21/08/2026,"Compte ce qui est CARTOGRAPHIÉ, pas ce qui existe ni ce qui est ouvert. Une commune absente n'a pas zéro établissement : elle n'a pas été cartographiée.",2026-08-20
HT0322,HTC-0322,Plaine du Nord,hebergement,Hébergement,7,SRC-028,OpenStreetMap via HOT — © contributeurs OSM (ODbL),extraits des 14 et 21/08/2026,"Compte ce qui est CARTOGRAPHIÉ, pas ce qui existe ni ce qui est ouvert. Une commune absente n'a pas zéro établissement : elle n'a pas été cartographiée.",2026-08-20
HT0322,HTC-0322,Plaine du Nord,sites,Sites et attractions,1,SRC-028,OpenStreetMap via HOT — © contributeurs OSM (ODbL),extraits des 14 et 21/08/2026,"Compte ce qui est CARTOGRAPHIÉ, pas ce qui existe ni ce qui est ouvert. Une commune absente n'a pas zéro établissement : elle n'a pas été cartographiée.",2026-08-20
HT0322,HTC-0322,Plaine du Nord,restauration,Restauration et sorties,5,SRC-028,OpenStreetMap via HOT — © contributeurs OSM (ODbL),extraits des 14 et 21/08/2026,"Compte ce qui est CARTOGRAPHIÉ, pas ce qui existe ni ce qui est ouvert. Une commune absente n'a pas zéro établissement : elle n'a pas été cartographiée.",2026-08-20
HT0322,HTC-0322,Plaine du Nord,patrimoine,Patrimoine bâti,1,SRC-028,OpenStreetMap via HOT — © contributeurs OSM (ODbL),extraits des 14 et 21/08/2026,"Compte ce qui est CARTOGRAPHIÉ, pas ce qui existe ni ce qui est ouvert. Une commune absente n'a pas zéro établissement : elle n'a pas été cartographiée.",2026-08-20
HT0322,HTC-0322,Plaine du Nord,littoral,Littoral et balnéaire,1,SRC-028,OpenStreetMap via HOT — © contributeurs OSM (ODbL),extraits des 14 et 21/08/2026,"Compte ce qui est CARTOGRAPHIÉ, pas ce qui existe ni ce qui est ouvert. Une commune absente n'a pas zéro établissement : elle n'a pas été cartographiée.",2026-08-20
HT0323,HTC-0323,Milot,hebergement,Hébergement,1,SRC-028,OpenStreetMap via HOT — © contributeurs OSM (ODbL),extraits des 14 et 21/08/2026,"Compte ce qui est CARTOGRAPHIÉ, pas ce qui existe ni ce qui est ouvert. Une commune absente n'a pas zéro établissement : elle n'a pas été cartographiée.",2026-08-20
HT0323,HTC-0323,Milot,information,Information touristique,3,SRC-028,OpenStreetMap via HOT — © contributeurs OSM (ODbL),extraits des 14 et 21/08/2026,"Compte ce qui est CARTOGRAPHIÉ, pas ce qui existe ni ce qui est ouvert. Une commune absente n'a pas zéro établissement : elle n'a pas été cartographiée.",2026-08-20
HT0323,HTC-0323,Milot,patrimoine,Patrimoine bâti,5,SRC-028,OpenStreetMap via HOT — © contributeurs OSM (ODbL),extraits des 14 et 21/08/2026,"Compte ce qui est CARTOGRAPHIÉ, pas ce qui existe ni ce qui est ouvert. Une commune absente n'a pas zéro établissement : elle n'a pas été cartographiée.",2026-08-20
HT0331,HTC-0331,Grande Rivière Du Nord,hebergement,Hébergement,1,SRC-028,OpenStreetMap via HOT — © contributeurs OSM (ODbL),extraits des 14 et 21/08/2026,"Compte ce qui est CARTOGRAPHIÉ, pas ce qui existe ni ce qui est ouvert. Une commune absente n'a pas zéro établissement : elle n'a pas été cartographiée.",2026-08-20
HT0332,HTC-0332,Bahon,information,Information touristique,2,SRC-028,OpenStreetMap via HOT — © contributeurs OSM (ODbL),extraits des 14 et 21/08/2026,"Compte ce qui est CARTOGRAPHIÉ, pas ce qui existe ni ce qui est ouvert. Une commune absente n'a pas zéro établissement : elle n'a pas été cartographiée.",2026-08-20
HT0332,HTC-0332,Bahon,restauration,Restauration et sorties,2,SRC-028,OpenStreetMap via HOT — © contributeurs OSM (ODbL),extraits des 14 et 21/08/2026,"Compte ce qui est CARTOGRAPHIÉ, pas ce qui existe ni ce qui est ouvert. Une commune absente n'a pas zéro établissement : elle n'a pas été cartographiée.",2026-08-20
HT0341,HTC-0341,Saint-Raphaël,restauration,Restauration et sorties,2,SRC-028,OpenStreetMap via HOT — © contributeurs OSM (ODbL),extraits des 14 et 21/08/2026,"Compte ce qui est CARTOGRAPHIÉ, pas ce qui existe ni ce qui est ouvert. Une commune absente n'a pas zéro établissement : elle n'a pas été cartographiée.",2026-08-20
HT0342,HTC-0342,Dondon,sites,Sites et attractions,1,SRC-028,OpenStreetMap via HOT — © contributeurs OSM (ODbL),extraits des 14 et 21/08/2026,"Compte ce qui est CARTOGRAPHIÉ, pas ce qui existe ni ce qui est ouvert. Une commune absente n'a pas zéro établissement : elle n'a pas été cartographiée.",2026-08-20
HT0342,HTC-0342,Dondon,information,Information touristique,8,SRC-028,OpenStreetMap via HOT — © contributeurs OSM (ODbL),extraits des 14 et 21/08/2026,"Compte ce qui est CARTOGRAPHIÉ, pas ce qui existe ni ce qui est ouvert. Une commune absente n'a pas zéro établissement : elle n'a pas été cartographiée.",2026-08-20
HT0342,HTC-0342,Dondon,patrimoine,Patrimoine bâti,16,SRC-028,OpenStreetMap via HOT — © contributeurs OSM (ODbL),extraits des 14 et 21/08/2026,"Compte ce qui est CARTOGRAPHIÉ, pas ce qui existe ni ce qui est ouvert. Une commune absente n'a pas zéro établissement : elle n'a pas été cartographiée.",2026-08-20
HT0343,HTC-0343,Ranquitte,hebergement,Hébergement,1,SRC-028,OpenStreetMap via HOT — © contributeurs OSM (ODbL),extraits des 14 et 21/08/2026,"Compte ce qui est CARTOGRAPHIÉ, pas ce qui existe ni ce qui est ouvert. Une commune absente n'a pas zéro établissement : elle n'a pas été cartographiée.",2026-08-20
HT0343,HTC-0343,Ranquitte,information,Information touristique,1,SRC-028,OpenStreetMap via HOT — © contributeurs OSM (ODbL),extraits des 14 et 21/08/2026,"Compte ce qui est CARTOGRAPHIÉ, pas ce qui existe ni ce qui est ouvert. Une commune absente n'a pas zéro établissement : elle n'a pas été cartographiée.",2026-08-20
HT0343,HTC-0343,Ranquitte,restauration,Restauration et sorties,3,SRC-028,OpenStreetMap via HOT — © contributeurs OSM (ODbL),extraits des 14 et 21/08/2026,"Compte ce qui est CARTOGRAPHIÉ, pas ce qui existe ni ce qui est ouvert. Une commune absente n'a pas zéro établissement : elle n'a pas été cartographiée.",2026-08-20
HT0344,HTC-0344,Pignon,hebergement,Hébergement,2,SRC-028,OpenStreetMap via HOT — © contributeurs OSM (ODbL),extraits des 14 et 21/08/2026,"Compte ce qui est CARTOGRAPHIÉ, pas ce qui existe ni ce qui est ouvert. Une commune absente n'a pas zéro établissement : elle n'a pas été cartographiée.",2026-08-20
HT0344,HTC-0344,Pignon,restauration,Restauration et sorties,6,SRC-028,OpenStreetMap via HOT — © contributeurs OSM (ODbL),extraits des 14 et 21/08/2026,"Compte ce qui est CARTOGRAPHIÉ, pas ce qui existe ni ce qui est ouvert. Une commune absente n'a pas zéro établissement : elle n'a pas été cartographiée.",2026-08-20
HT0345,HTC-0345,La Victoire,hebergement,Hébergement,1,SRC-028,OpenStreetMap via HOT — © contributeurs OSM (ODbL),extraits des 14 et 21/08/2026,"Compte ce qui est CARTOGRAPHIÉ, pas ce qui existe ni ce qui est ouvert. Une commune absente n'a pas zéro établissement : elle n'a pas été cartographiée.",2026-08-20
HT0345,HTC-0345,La Victoire,restauration,Restauration et sorties,1,SRC-028,OpenStreetMap via HOT — © contributeurs OSM (ODbL),extraits des 14 et 21/08/2026,"Compte ce qui est CARTOGRAPHIÉ, pas ce qui existe ni ce qui est ouvert. Une commune absente n'a pas zéro établissement : elle n'a pas été cartographiée.",2026-08-20
HT0351,HTC-0351,Borgne,information,Information touristique,6,SRC-028,OpenStreetMap via HOT — © contributeurs OSM (ODbL),extraits des 14 et 21/08/2026,"Compte ce qui est CARTOGRAPHIÉ, pas ce qui existe ni ce qui est ouvert. Une commune absente n'a pas zéro établissement : elle n'a pas été cartographiée.",2026-08-20
HT0351,HTC-0351,Borgne,restauration,Restauration et sorties,2,SRC-028,OpenStreetMap via HOT — © contributeurs OSM (ODbL),extraits des 14 et 21/08/2026,"Compte ce qui est CARTOGRAPHIÉ, pas ce qui existe ni ce qui est ouvert. Une commune absente n'a pas zéro établissement : elle n'a pas été cartographiée.",2026-08-20
HT0351,HTC-0351,Borgne,littoral,Littoral et balnéaire,1,SRC-028,OpenStreetMap via HOT — © contributeurs OSM (ODbL),extraits des 14 et 21/08/2026,"Compte ce qui est CARTOGRAPHIÉ, pas ce qui existe ni ce qui est ouvert. Une commune absente n'a pas zéro établissement : elle n'a pas été cartographiée.",2026-08-20
HT0352,HTC-0352,Port-Margot,littoral,Littoral et balnéaire,3,SRC-028,OpenStreetMap via HOT — © contributeurs OSM (ODbL),extraits des 14 et 21/08/2026,"Compte ce qui est CARTOGRAPHIÉ, pas ce qui existe ni ce qui est ouvert. Une commune absente n'a pas zéro établissement : elle n'a pas été cartographiée.",2026-08-20
HT0361,HTC-0361,Limbé,sites,Sites et attractions,1,SRC-028,OpenStreetMap via HOT — © contributeurs OSM (ODbL),extraits des 14 et 21/08/2026,"Compte ce qui est CARTOGRAPHIÉ, pas ce qui existe ni ce qui est ouvert. Une commune absente n'a pas zéro établissement : elle n'a pas été cartographiée.",2026-08-20
HT0361,HTC-0361,Limbé,restauration,Restauration et sorties,1,SRC-028,OpenStreetMap via HOT — © contributeurs OSM (ODbL),extraits des 14 et 21/08/2026,"Compte ce qui est CARTOGRAPHIÉ, pas ce qui existe ni ce qui est ouvert. Une commune absente n'a pas zéro établissement : elle n'a pas été cartographiée.",2026-08-20
HT0362,HTC-0362,Bas Limbé,littoral,Littoral et balnéaire,5,SRC-028,OpenStreetMap via HOT — © contributeurs OSM (ODbL),extraits des 14 et 21/08/2026,"Compte ce qui est CARTOGRAPHIÉ, pas ce qui existe ni ce qui est ouvert. Une commune absente n'a pas zéro établissement : elle n'a pas été cartographiée.",2026-08-20
HT0411,HTC-0411,Fort-Liberté,hebergement,Hébergement,6,SRC-028,OpenStreetMap via HOT — © contributeurs OSM (ODbL),extraits des 14 et 21/08/2026,"Compte ce qui est CARTOGRAPHIÉ, pas ce qui existe ni ce qui est ouvert. Une commune absente n'a pas zéro établissement : elle n'a pas été cartographiée.",2026-08-20
HT0411,HTC-0411,Fort-Liberté,sites,Sites et attractions,1,SRC-028,OpenStreetMap via HOT — © contributeurs OSM (ODbL),extraits des 14 et 21/08/2026,"Compte ce qui est CARTOGRAPHIÉ, pas ce qui existe ni ce qui est ouvert. Une commune absente n'a pas zéro établissement : elle n'a pas été cartographiée.",2026-08-20
HT0411,HTC-0411,Fort-Liberté,restauration,Restauration et sorties,20,SRC-028,OpenStreetMap via HOT — © contributeurs OSM (ODbL),extraits des 14 et 21/08/2026,"Compte ce qui est CARTOGRAPHIÉ, pas ce qui existe ni ce qui est ouvert. Une commune absente n'a pas zéro établissement : elle n'a pas été cartographiée.",2026-08-20
HT0411,HTC-0411,Fort-Liberté,patrimoine,Patrimoine bâti,10,SRC-028,OpenStreetMap via HOT — © contributeurs OSM (ODbL),extraits des 14 et 21/08/2026,"Compte ce qui est CARTOGRAPHIÉ, pas ce qui existe ni ce qui est ouvert. Une commune absente n'a pas zéro établissement : elle n'a pas été cartographiée.",2026-08-20
HT0411,HTC-0411,Fort-Liberté,culture,Lieux de culture,4,SRC-028,OpenStreetMap via HOT — © contributeurs OSM (ODbL),extraits des 14 et 21/08/2026,"Compte ce qui est CARTOGRAPHIÉ, pas ce qui existe ni ce qui est ouvert. Une commune absente n'a pas zéro établissement : elle n'a pas été cartographiée.",2026-08-20
HT0411,HTC-0411,Fort-Liberté,littoral,Littoral et balnéaire,3,SRC-028,OpenStreetMap via HOT — © contributeurs OSM (ODbL),extraits des 14 et 21/08/2026,"Compte ce qui est CARTOGRAPHIÉ, pas ce qui existe ni ce qui est ouvert. Une commune absente n'a pas zéro établissement : elle n'a pas été cartographiée.",2026-08-20
HT0412,HTC-0412,Ferrier,hebergement,Hébergement,2,SRC-028,OpenStreetMap via HOT — © contributeurs OSM (ODbL),extraits des 14 et 21/08/2026,"Compte ce qui est CARTOGRAPHIÉ, pas ce qui existe ni ce qui est ouvert. Une commune absente n'a pas zéro établissement : elle n'a pas été cartographiée.",2026-08-20
HT0412,HTC-0412,Ferrier,information,Information touristique,6,SRC-028,OpenStreetMap via HOT — © contributeurs OSM (ODbL),extraits des 14 et 21/08/2026,"Compte ce qui est CARTOGRAPHIÉ, pas ce qui existe ni ce qui est ouvert. Une commune absente n'a pas zéro établissement : elle n'a pas été cartographiée.",2026-08-20
HT0412,HTC-0412,Ferrier,restauration,Restauration et sorties,7,SRC-028,OpenStreetMap via HOT — © contributeurs OSM (ODbL),extraits des 14 et 21/08/2026,"Compte ce qui est CARTOGRAPHIÉ, pas ce qui existe ni ce qui est ouvert. Une commune absente n'a pas zéro établissement : elle n'a pas été cartographiée.",2026-08-20
HT0412,HTC-0412,Ferrier,patrimoine,Patrimoine bâti,1,SRC-028,OpenStreetMap via HOT — © contributeurs OSM (ODbL),extraits des 14 et 21/08/2026,"Compte ce qui est CARTOGRAPHIÉ, pas ce qui existe ni ce qui est ouvert. Une commune absente n'a pas zéro établissement : elle n'a pas été cartographiée.",2026-08-20
HT0412,HTC-0412,Ferrier,culture,Lieux de culture,5,SRC-028,OpenStreetMap via HOT — © contributeurs OSM (ODbL),extraits des 14 et 21/08/2026,"Compte ce qui est CARTOGRAPHIÉ, pas ce qui existe ni ce qui est ouvert. Une commune absente n'a pas zéro établissement : elle n'a pas été cartographiée.",2026-08-20
HT0412,HTC-0412,Ferrier,littoral,Littoral et balnéaire,3,SRC-028,OpenStreetMap via HOT — © contributeurs OSM (ODbL),extraits des 14 et 21/08/2026,"Compte ce qui est CARTOGRAPHIÉ, pas ce qui existe ni ce qui est ouvert. Une commune absente n'a pas zéro établissement : elle n'a pas été cartographiée.",2026-08-20
HT0421,HTC-0421,Ouanaminthe,hebergement,Hébergement,20,SRC-028,OpenStreetMap via HOT — © contributeurs OSM (ODbL),extraits des 14 et 21/08/2026,"Compte ce qui est CARTOGRAPHIÉ, pas ce qui existe ni ce qui est ouvert. Une commune absente n'a pas zéro établissement : elle n'a pas été cartographiée.",2026-08-20
HT0421,HTC-0421,Ouanaminthe,information,Information touristique,1,SRC-028,OpenStreetMap via HOT — © contributeurs OSM (ODbL),extraits des 14 et 21/08/2026,"Compte ce qui est CARTOGRAPHIÉ, pas ce qui existe ni ce qui est ouvert. Une commune absente n'a pas zéro établissement : elle n'a pas été cartographiée.",2026-08-20
HT0421,HTC-0421,Ouanaminthe,restauration,Restauration et sorties,36,SRC-028,OpenStreetMap via HOT — © contributeurs OSM (ODbL),extraits des 14 et 21/08/2026,"Compte ce qui est CARTOGRAPHIÉ, pas ce qui existe ni ce qui est ouvert. Une commune absente n'a pas zéro établissement : elle n'a pas été cartographiée.",2026-08-20
HT0421,HTC-0421,Ouanaminthe,culture,Lieux de culture,9,SRC-028,OpenStreetMap via HOT — © contributeurs OSM (ODbL),extraits des 14 et 21/08/2026,"Compte ce qui est CARTOGRAPHIÉ, pas ce qui existe ni ce qui est ouvert. Une commune absente n'a pas zéro établissement : elle n'a pas été cartographiée.",2026-08-20
HT0422,HTC-0422,Capotille,hebergement,Hébergement,1,SRC-028,OpenStreetMap via HOT — © contributeurs OSM (ODbL),extraits des 14 et 21/08/2026,"Compte ce qui est CARTOGRAPHIÉ, pas ce qui existe ni ce qui est ouvert. Une commune absente n'a pas zéro établissement : elle n'a pas été cartographiée.",2026-08-20
HT0422,HTC-0422,Capotille,restauration,Restauration et sorties,2,SRC-028,OpenStreetMap via HOT — © contributeurs OSM (ODbL),extraits des 14 et 21/08/2026,"Compte ce qui est CARTOGRAPHIÉ, pas ce qui existe ni ce qui est ouvert. Une commune absente n'a pas zéro établissement : elle n'a pas été cartographiée.",2026-08-20
HT0431,HTC-0431,Trou du Nord,hebergement,Hébergement,4,SRC-028,OpenStreetMap via HOT — © contributeurs OSM (ODbL),extraits des 14 et 21/08/2026,"Compte ce qui est CARTOGRAPHIÉ, pas ce qui existe ni ce qui est ouvert. Une commune absente n'a pas zéro établissement : elle n'a pas été cartographiée.",2026-08-20
HT0431,HTC-0431,Trou du Nord,information,Information touristique,1,SRC-028,OpenStreetMap via HOT — © contributeurs OSM (ODbL),extraits des 14 et 21/08/2026,"Compte ce qui est CARTOGRAPHIÉ, pas ce qui existe ni ce qui est ouvert. Une commune absente n'a pas zéro établissement : elle n'a pas été cartographiée.",2026-08-20
HT0431,HTC-0431,Trou du Nord,restauration,Restauration et sorties,16,SRC-028,OpenStreetMap via HOT — © contributeurs OSM (ODbL),extraits des 14 et 21/08/2026,"Compte ce qui est CARTOGRAPHIÉ, pas ce qui existe ni ce qui est ouvert. Une commune absente n'a pas zéro établissement : elle n'a pas été cartographiée.",2026-08-20
HT0431,HTC-0431,Trou du Nord,patrimoine,Patrimoine bâti,1,SRC-028,OpenStreetMap via HOT — © contributeurs OSM (ODbL),extraits des 14 et 21/08/2026,"Compte ce qui est CARTOGRAPHIÉ, pas ce qui existe ni ce qui est ouvert. Une commune absente n'a pas zéro établissement : elle n'a pas été cartographiée.",2026-08-20
HT0431,HTC-0431,Trou du Nord,culture,Lieux de culture,3,SRC-028,OpenStreetMap via HOT — © contributeurs OSM (ODbL),extraits des 14 et 21/08/2026,"Compte ce qui est CARTOGRAPHIÉ, pas ce qui existe ni ce qui est ouvert. Une commune absente n'a pas zéro établissement : elle n'a pas été cartographiée.",2026-08-20
HT0433,HTC-0433,Terrier Rouge,hebergement,Hébergement,2,SRC-028,OpenStreetMap via HOT — © contributeurs OSM (ODbL),extraits des 14 et 21/08/2026,"Compte ce qui est CARTOGRAPHIÉ, pas ce qui existe ni ce qui est ouvert. Une commune absente n'a pas zéro établissement : elle n'a pas été cartographiée.",2026-08-20
HT0433,HTC-0433,Terrier Rouge,restauration,Restauration et sorties,10,SRC-028,OpenStreetMap via HOT — © contributeurs OSM (ODbL),extraits des 14 et 21/08/2026,"Compte ce qui est CARTOGRAPHIÉ, pas ce qui existe ni ce qui est ouvert. Une commune absente n'a pas zéro établissement : elle n'a pas été cartographiée.",2026-08-20
HT0433,HTC-0433,Terrier Rouge,patrimoine,Patrimoine bâti,2,SRC-028,OpenStreetMap via HOT — © contributeurs OSM (ODbL),extraits des 14 et 21/08/2026,"Compte ce qui est CARTOGRAPHIÉ, pas ce qui existe ni ce qui est ouvert. Une commune absente n'a pas zéro établissement : elle n'a pas été cartographiée.",2026-08-20
HT0433,HTC-0433,Terrier Rouge,culture,Lieux de culture,3,SRC-028,OpenStreetMap via HOT — © contributeurs OSM (ODbL),extraits des 14 et 21/08/2026,"Compte ce qui est CARTOGRAPHIÉ, pas ce qui existe ni ce qui est ouvert. Une commune absente n'a pas zéro établissement : elle n'a pas été cartographiée.",2026-08-20
HT0433,HTC-0433,Terrier Rouge,littoral,Littoral et balnéaire,1,SRC-028,OpenStreetMap via HOT — © contributeurs OSM (ODbL),extraits des 14 et 21/08/2026,"Compte ce qui est CARTOGRAPHIÉ, pas ce qui existe ni ce qui est ouvert. Une commune absente n'a pas zéro établissement : elle n'a pas été cartographiée.",2026-08-20
HT0434,HTC-0434,Caracol,hebergement,Hébergement,1,SRC-028,OpenStreetMap via HOT — © contributeurs OSM (ODbL),extraits des 14 et 21/08/2026,"Compte ce qui est CARTOGRAPHIÉ, pas ce qui existe ni ce qui est ouvert. Une commune absente n'a pas zéro établissement : elle n'a pas été cartographiée.",2026-08-20
HT0434,HTC-0434,Caracol,information,Information touristique,5,SRC-028,OpenStreetMap via HOT — © contributeurs OSM (ODbL),extraits des 14 et 21/08/2026,"Compte ce qui est CARTOGRAPHIÉ, pas ce qui existe ni ce qui est ouvert. Une commune absente n'a pas zéro établissement : elle n'a pas été cartographiée.",2026-08-20
HT0434,HTC-0434,Caracol,restauration,Restauration et sorties,12,SRC-028,OpenStreetMap via HOT — © contributeurs OSM (ODbL),extraits des 14 et 21/08/2026,"Compte ce qui est CARTOGRAPHIÉ, pas ce qui existe ni ce qui est ouvert. Une commune absente n'a pas zéro établissement : elle n'a pas été cartographiée.",2026-08-20
HT0434,HTC-0434,Caracol,patrimoine,Patrimoine bâti,2,SRC-028,OpenStreetMap via HOT — © contributeurs OSM (ODbL),extraits des 14 et 21/08/2026,"Compte ce qui est CARTOGRAPHIÉ, pas ce qui existe ni ce qui est ouvert. Une commune absente n'a pas zéro établissement : elle n'a pas été cartographiée.",2026-08-20
HT0434,HTC-0434,Caracol,littoral,Littoral et balnéaire,2,SRC-028,OpenStreetMap via HOT — © contributeurs OSM (ODbL),extraits des 14 et 21/08/2026,"Compte ce qui est CARTOGRAPHIÉ, pas ce qui existe ni ce qui est ouvert. Une commune absente n'a pas zéro établissement : elle n'a pas été cartographiée.",2026-08-20
HT0511,HTC-0511,Gonaïves,hebergement,Hébergement,36,SRC-028,OpenStreetMap via HOT — © contributeurs OSM (ODbL),extraits des 14 et 21/08/2026,"Compte ce qui est CARTOGRAPHIÉ, pas ce qui existe ni ce qui est ouvert. Une commune absente n'a pas zéro établissement : elle n'a pas été cartographiée.",2026-08-20
HT0511,HTC-0511,Gonaïves,sites,Sites et attractions,5,SRC-028,OpenStreetMap via HOT — © contributeurs OSM (ODbL),extraits des 14 et 21/08/2026,"Compte ce qui est CARTOGRAPHIÉ, pas ce qui existe ni ce qui est ouvert. Une commune absente n'a pas zéro établissement : elle n'a pas été cartographiée.",2026-08-20
HT0511,HTC-0511,Gonaïves,information,Information touristique,2,SRC-028,OpenStreetMap via HOT — © contributeurs OSM (ODbL),extraits des 14 et 21/08/2026,"Compte ce qui est CARTOGRAPHIÉ, pas ce qui existe ni ce qui est ouvert. Une commune absente n'a pas zéro établissement : elle n'a pas été cartographiée.",2026-08-20
HT0511,HTC-0511,Gonaïves,restauration,Restauration et sorties,143,SRC-028,OpenStreetMap via HOT — © contributeurs OSM (ODbL),extraits des 14 et 21/08/2026,"Compte ce qui est CARTOGRAPHIÉ, pas ce qui existe ni ce qui est ouvert. Une commune absente n'a pas zéro établissement : elle n'a pas été cartographiée.",2026-08-20
HT0511,HTC-0511,Gonaïves,patrimoine,Patrimoine bâti,11,SRC-028,OpenStreetMap via HOT — © contributeurs OSM (ODbL),extraits des 14 et 21/08/2026,"Compte ce qui est CARTOGRAPHIÉ, pas ce qui existe ni ce qui est ouvert. Une commune absente n'a pas zéro établissement : elle n'a pas été cartographiée.",2026-08-20
HT0511,HTC-0511,Gonaïves,culture,Lieux de culture,3,SRC-028,OpenStreetMap via HOT — © contributeurs OSM (ODbL),extraits des 14 et 21/08/2026,"Compte ce qui est CARTOGRAPHIÉ, pas ce qui existe ni ce qui est ouvert. Une commune absente n'a pas zéro établissement : elle n'a pas été cartographiée.",2026-08-20
HT0512,HTC-0512,Ennery,hebergement,Hébergement,3,SRC-028,OpenStreetMap via HOT — © contributeurs OSM (ODbL),extraits des 14 et 21/08/2026,"Compte ce qui est CARTOGRAPHIÉ, pas ce qui existe ni ce qui est ouvert. Une commune absente n'a pas zéro établissement : elle n'a pas été cartographiée.",2026-08-20
HT0512,HTC-0512,Ennery,restauration,Restauration et sorties,2,SRC-028,OpenStreetMap via HOT — © contributeurs OSM (ODbL),extraits des 14 et 21/08/2026,"Compte ce qui est CARTOGRAPHIÉ, pas ce qui existe ni ce qui est ouvert. Une commune absente n'a pas zéro établissement : elle n'a pas été cartographiée.",2026-08-20
HT0513,HTC-0513,L'Estère,restauration,Restauration et sorties,2,SRC-028,OpenStreetMap via HOT — © contributeurs OSM (ODbL),extraits des 14 et 21/08/2026,"Compte ce qui est CARTOGRAPHIÉ, pas ce qui existe ni ce qui est ouvert. Une commune absente n'a pas zéro établissement : elle n'a pas été cartographiée.",2026-08-20
HT0521,HTC-0521,Gros Morne,hebergement,Hébergement,3,SRC-028,OpenStreetMap via HOT — © contributeurs OSM (ODbL),extraits des 14 et 21/08/2026,"Compte ce qui est CARTOGRAPHIÉ, pas ce qui existe ni ce qui est ouvert. Une commune absente n'a pas zéro établissement : elle n'a pas été cartographiée.",2026-08-20
HT0521,HTC-0521,Gros Morne,plein_air,Plein air,1,SRC-028,OpenStreetMap via HOT — © contributeurs OSM (ODbL),extraits des 14 et 21/08/2026,"Compte ce qui est CARTOGRAPHIÉ, pas ce qui existe ni ce qui est ouvert. Une commune absente n'a pas zéro établissement : elle n'a pas été cartographiée.",2026-08-20
HT0521,HTC-0521,Gros Morne,restauration,Restauration et sorties,9,SRC-028,OpenStreetMap via HOT — © contributeurs OSM (ODbL),extraits des 14 et 21/08/2026,"Compte ce qui est CARTOGRAPHIÉ, pas ce qui existe ni ce qui est ouvert. Une commune absente n'a pas zéro établissement : elle n'a pas été cartographiée.",2026-08-20
HT0523,HTC-0523,Anse Rouge,sites,Sites et attractions,2,SRC-028,OpenStreetMap via HOT — © contributeurs OSM (ODbL),extraits des 14 et 21/08/2026,"Compte ce qui est CARTOGRAPHIÉ, pas ce qui existe ni ce qui est ouvert. Une commune absente n'a pas zéro établissement : elle n'a pas été cartographiée.",2026-08-20
HT0523,HTC-0523,Anse Rouge,restauration,Restauration et sorties,4,SRC-028,OpenStreetMap via HOT — © contributeurs OSM (ODbL),extraits des 14 et 21/08/2026,"Compte ce qui est CARTOGRAPHIÉ, pas ce qui existe ni ce qui est ouvert. Une commune absente n'a pas zéro établissement : elle n'a pas été cartographiée.",2026-08-20
HT0523,HTC-0523,Anse Rouge,patrimoine,Patrimoine bâti,1,SRC-028,OpenStreetMap via HOT — © contributeurs OSM (ODbL),extraits des 14 et 21/08/2026,"Compte ce qui est CARTOGRAPHIÉ, pas ce qui existe ni ce qui est ouvert. Une commune absente n'a pas zéro établissement : elle n'a pas été cartographiée.",2026-08-20
HT0531,HTC-0531,Saint-Marc,hebergement,Hébergement,25,SRC-028,OpenStreetMap via HOT — © contributeurs OSM (ODbL),extraits des 14 et 21/08/2026,"Compte ce qui est CARTOGRAPHIÉ, pas ce qui existe ni ce qui est ouvert. Une commune absente n'a pas zéro établissement : elle n'a pas été cartographiée.",2026-08-20
HT0531,HTC-0531,Saint-Marc,sites,Sites et attractions,12,SRC-028,OpenStreetMap via HOT — © contributeurs OSM (ODbL),extraits des 14 et 21/08/2026,"Compte ce qui est CARTOGRAPHIÉ, pas ce qui existe ni ce qui est ouvert. Une commune absente n'a pas zéro établissement : elle n'a pas été cartographiée.",2026-08-20
HT0531,HTC-0531,Saint-Marc,restauration,Restauration et sorties,120,SRC-028,OpenStreetMap via HOT — © contributeurs OSM (ODbL),extraits des 14 et 21/08/2026,"Compte ce qui est CARTOGRAPHIÉ, pas ce qui existe ni ce qui est ouvert. Une commune absente n'a pas zéro établissement : elle n'a pas été cartographiée.",2026-08-20
HT0531,HTC-0531,Saint-Marc,patrimoine,Patrimoine bâti,12,SRC-028,OpenStreetMap via HOT — © contributeurs OSM (ODbL),extraits des 14 et 21/08/2026,"Compte ce qui est CARTOGRAPHIÉ, pas ce qui existe ni ce qui est ouvert. Une commune absente n'a pas zéro établissement : elle n'a pas été cartographiée.",2026-08-20
HT0531,HTC-0531,Saint-Marc,culture,Lieux de culture,3,SRC-028,OpenStreetMap via HOT — © contributeurs OSM (ODbL),extraits des 14 et 21/08/2026,"Compte ce qui est CARTOGRAPHIÉ, pas ce qui existe ni ce qui est ouvert. Une commune absente n'a pas zéro établissement : elle n'a pas été cartographiée.",2026-08-20
HT0531,HTC-0531,Saint-Marc,littoral,Littoral et balnéaire,6,SRC-028,OpenStreetMap via HOT — © contributeurs OSM (ODbL),extraits des 14 et 21/08/2026,"Compte ce qui est CARTOGRAPHIÉ, pas ce qui existe ni ce qui est ouvert. Une commune absente n'a pas zéro établissement : elle n'a pas été cartographiée.",2026-08-20
HT0531,HTC-0531,Saint-Marc,nature,Curiosités naturelles,3,SRC-028,OpenStreetMap via HOT — © contributeurs OSM (ODbL),extraits des 14 et 21/08/2026,"Compte ce qui est CARTOGRAPHIÉ, pas ce qui existe ni ce qui est ouvert. Une commune absente n'a pas zéro établissement : elle n'a pas été cartographiée.",2026-08-20
HT0532,HTC-0532,Verrettes,hebergement,Hébergement,3,SRC-028,OpenStreetMap via HOT — © contributeurs OSM (ODbL),extraits des 14 et 21/08/2026,"Compte ce qui est CARTOGRAPHIÉ, pas ce qui existe ni ce qui est ouvert. Une commune absente n'a pas zéro établissement : elle n'a pas été cartographiée.",2026-08-20
HT0532,HTC-0532,Verrettes,sites,Sites et attractions,1,SRC-028,OpenStreetMap via HOT — © contributeurs OSM (ODbL),extraits des 14 et 21/08/2026,"Compte ce qui est CARTOGRAPHIÉ, pas ce qui existe ni ce qui est ouvert. Une commune absente n'a pas zéro établissement : elle n'a pas été cartographiée.",2026-08-20
HT0532,HTC-0532,Verrettes,restauration,Restauration et sorties,4,SRC-028,OpenStreetMap via HOT — © contributeurs OSM (ODbL),extraits des 14 et 21/08/2026,"Compte ce qui est CARTOGRAPHIÉ, pas ce qui existe ni ce qui est ouvert. Une commune absente n'a pas zéro établissement : elle n'a pas été cartographiée.",2026-08-20
HT0532,HTC-0532,Verrettes,patrimoine,Patrimoine bâti,6,SRC-028,OpenStreetMap via HOT — © contributeurs OSM (ODbL),extraits des 14 et 21/08/2026,"Compte ce qui est CARTOGRAPHIÉ, pas ce qui existe ni ce qui est ouvert. Une commune absente n'a pas zéro établissement : elle n'a pas été cartographiée.",2026-08-20
HT0532,HTC-0532,Verrettes,culture,Lieux de culture,1,SRC-028,OpenStreetMap via HOT — © contributeurs OSM (ODbL),extraits des 14 et 21/08/2026,"Compte ce qui est CARTOGRAPHIÉ, pas ce qui existe ni ce qui est ouvert. Une commune absente n'a pas zéro établissement : elle n'a pas été cartographiée.",2026-08-20
HT0533,HTC-0533,La Chapelle,restauration,Restauration et sorties,7,SRC-028,OpenStreetMap via HOT — © contributeurs OSM (ODbL),extraits des 14 et 21/08/2026,"Compte ce qui est CARTOGRAPHIÉ, pas ce qui existe ni ce qui est ouvert. Une commune absente n'a pas zéro établissement : elle n'a pas été cartographiée.",2026-08-20
HT0533,HTC-0533,La Chapelle,patrimoine,Patrimoine bâti,2,SRC-028,OpenStreetMap via HOT — © contributeurs OSM (ODbL),extraits des 14 et 21/08/2026,"Compte ce qui est CARTOGRAPHIÉ, pas ce qui existe ni ce qui est ouvert. Une commune absente n'a pas zéro établissement : elle n'a pas été cartographiée.",2026-08-20
HT0541,HTC-0541,Dessalines,hebergement,Hébergement,9,SRC-028,OpenStreetMap via HOT — © contributeurs OSM (ODbL),extraits des 14 et 21/08/2026,"Compte ce qui est CARTOGRAPHIÉ, pas ce qui existe ni ce qui est ouvert. Une commune absente n'a pas zéro établissement : elle n'a pas été cartographiée.",2026-08-20
HT0541,HTC-0541,Dessalines,sites,Sites et attractions,1,SRC-028,OpenStreetMap via HOT — © contributeurs OSM (ODbL),extraits des 14 et 21/08/2026,"Compte ce qui est CARTOGRAPHIÉ, pas ce qui existe ni ce qui est ouvert. Une commune absente n'a pas zéro établissement : elle n'a pas été cartographiée.",2026-08-20
HT0541,HTC-0541,Dessalines,information,Information touristique,1,SRC-028,OpenStreetMap via HOT — © contributeurs OSM (ODbL),extraits des 14 et 21/08/2026,"Compte ce qui est CARTOGRAPHIÉ, pas ce qui existe ni ce qui est ouvert. Une commune absente n'a pas zéro établissement : elle n'a pas été cartographiée.",2026-08-20
HT0541,HTC-0541,Dessalines,restauration,Restauration et sorties,7,SRC-028,OpenStreetMap via HOT — © contributeurs OSM (ODbL),extraits des 14 et 21/08/2026,"Compte ce qui est CARTOGRAPHIÉ, pas ce qui existe ni ce qui est ouvert. Une commune absente n'a pas zéro établissement : elle n'a pas été cartographiée.",2026-08-20
HT0541,HTC-0541,Dessalines,patrimoine,Patrimoine bâti,9,SRC-028,OpenStreetMap via HOT — © contributeurs OSM (ODbL),extraits des 14 et 21/08/2026,"Compte ce qui est CARTOGRAPHIÉ, pas ce qui existe ni ce qui est ouvert. Une commune absente n'a pas zéro établissement : elle n'a pas été cartographiée.",2026-08-20
HT0541,HTC-0541,Dessalines,littoral,Littoral et balnéaire,1,SRC-028,OpenStreetMap via HOT — © contributeurs OSM (ODbL),extraits des 14 et 21/08/2026,"Compte ce qui est CARTOGRAPHIÉ, pas ce qui existe ni ce qui est ouvert. Une commune absente n'a pas zéro établissement : elle n'a pas été cartographiée.",2026-08-20
HT0541,HTC-0541,Dessalines,nature,Curiosités naturelles,1,SRC-028,OpenStreetMap via HOT — © contributeurs OSM (ODbL),extraits des 14 et 21/08/2026,"Compte ce qui est CARTOGRAPHIÉ, pas ce qui existe ni ce qui est ouvert. Une commune absente n'a pas zéro établissement : elle n'a pas été cartographiée.",2026-08-20
HT0542,HTC-0542,Petite Rivière de l'Artibonite,information,Information touristique,1,SRC-028,OpenStreetMap via HOT — © contributeurs OSM (ODbL),extraits des 14 et 21/08/2026,"Compte ce qui est CARTOGRAPHIÉ, pas ce qui existe ni ce qui est ouvert. Une commune absente n'a pas zéro établissement : elle n'a pas été cartographiée.",2026-08-20
HT0542,HTC-0542,Petite Rivière de l'Artibonite,patrimoine,Patrimoine bâti,6,SRC-028,OpenStreetMap via HOT — © contributeurs OSM (ODbL),extraits des 14 et 21/08/2026,"Compte ce qui est CARTOGRAPHIÉ, pas ce qui existe ni ce qui est ouvert. Une commune absente n'a pas zéro établissement : elle n'a pas été cartographiée.",2026-08-20
HT0543,HTC-0543,Grande Saline,restauration,Restauration et sorties,7,SRC-028,OpenStreetMap via HOT — © contributeurs OSM (ODbL),extraits des 14 et 21/08/2026,"Compte ce qui est CARTOGRAPHIÉ, pas ce qui existe ni ce qui est ouvert. Une commune absente n'a pas zéro établissement : elle n'a pas été cartographiée.",2026-08-20
HT0543,HTC-0543,Grande Saline,littoral,Littoral et balnéaire,1,SRC-028,OpenStreetMap via HOT — © contributeurs OSM (ODbL),extraits des 14 et 21/08/2026,"Compte ce qui est CARTOGRAPHIÉ, pas ce qui existe ni ce qui est ouvert. Une commune absente n'a pas zéro établissement : elle n'a pas été cartographiée.",2026-08-20
HT0544,HTC-0544,Desdunes,hebergement,Hébergement,1,SRC-028,OpenStreetMap via HOT — © contributeurs OSM (ODbL),extraits des 14 et 21/08/2026,"Compte ce qui est CARTOGRAPHIÉ, pas ce qui existe ni ce qui est ouvert. Une commune absente n'a pas zéro établissement : elle n'a pas été cartographiée.",2026-08-20
HT0544,HTC-0544,Desdunes,restauration,Restauration et sorties,2,SRC-028,OpenStreetMap via HOT — © contributeurs OSM (ODbL),extraits des 14 et 21/08/2026,"Compte ce qui est CARTOGRAPHIÉ, pas ce qui existe ni ce qui est ouvert. Une commune absente n'a pas zéro établissement : elle n'a pas été cartographiée.",2026-08-20
HT0551,HTC-0551,Saint-Michel de l'Attalaye,hebergement,Hébergement,6,SRC-028,OpenStreetMap via HOT — © contributeurs OSM (ODbL),extraits des 14 et 21/08/2026,"Compte ce qui est CARTOGRAPHIÉ, pas ce qui existe ni ce qui est ouvert. Une commune absente n'a pas zéro établissement : elle n'a pas été cartographiée.",2026-08-20
HT0551,HTC-0551,Saint-Michel de l'Attalaye,sites,Sites et attractions,2,SRC-028,OpenStreetMap via HOT — © contributeurs OSM (ODbL),extraits des 14 et 21/08/2026,"Compte ce qui est CARTOGRAPHIÉ, pas ce qui existe ni ce qui est ouvert. Une commune absente n'a pas zéro établissement : elle n'a pas été cartographiée.",2026-08-20
HT0551,HTC-0551,Saint-Michel de l'Attalaye,plein_air,Plein air,3,SRC-028,OpenStreetMap via HOT — © contributeurs OSM (ODbL),extraits des 14 et 21/08/2026,"Compte ce qui est CARTOGRAPHIÉ, pas ce qui existe ni ce qui est ouvert. Une commune absente n'a pas zéro établissement : elle n'a pas été cartographiée.",2026-08-20
HT0551,HTC-0551,Saint-Michel de l'Attalaye,information,Information touristique,1,SRC-028,OpenStreetMap via HOT — © contributeurs OSM (ODbL),extraits des 14 et 21/08/2026,"Compte ce qui est CARTOGRAPHIÉ, pas ce qui existe ni ce qui est ouvert. Une commune absente n'a pas zéro établissement : elle n'a pas été cartographiée.",2026-08-20
HT0551,HTC-0551,Saint-Michel de l'Attalaye,restauration,Restauration et sorties,6,SRC-028,OpenStreetMap via HOT — © contributeurs OSM (ODbL),extraits des 14 et 21/08/2026,"Compte ce qui est CARTOGRAPHIÉ, pas ce qui existe ni ce qui est ouvert. Une commune absente n'a pas zéro établissement : elle n'a pas été cartographiée.",2026-08-20
HT0551,HTC-0551,Saint-Michel de l'Attalaye,patrimoine,Patrimoine bâti,1,SRC-028,OpenStreetMap via HOT — © contributeurs OSM (ODbL),extraits des 14 et 21/08/2026,"Compte ce qui est CARTOGRAPHIÉ, pas ce qui existe ni ce qui est ouvert. Une commune absente n'a pas zéro établissement : elle n'a pas été cartographiée.",2026-08-20
HT0551,HTC-0551,Saint-Michel de l'Attalaye,culture,Lieux de culture,2,SRC-028,OpenStreetMap via HOT — © contributeurs OSM (ODbL),extraits des 14 et 21/08/2026,"Compte ce qui est CARTOGRAPHIÉ, pas ce qui existe ni ce qui est ouvert. Une commune absente n'a pas zéro établissement : elle n'a pas été cartographiée.",2026-08-20
HT0551,HTC-0551,Saint-Michel de l'Attalaye,littoral,Littoral et balnéaire,2,SRC-028,OpenStreetMap via HOT — © contributeurs OSM (ODbL),extraits des 14 et 21/08/2026,"Compte ce qui est CARTOGRAPHIÉ, pas ce qui existe ni ce qui est ouvert. Une commune absente n'a pas zéro établissement : elle n'a pas été cartographiée.",2026-08-20
HT0551,HTC-0551,Saint-Michel de l'Attalaye,nature,Curiosités naturelles,2,SRC-028,OpenStreetMap via HOT — © contributeurs OSM (ODbL),extraits des 14 et 21/08/2026,"Compte ce qui est CARTOGRAPHIÉ, pas ce qui existe ni ce qui est ouvert. Une commune absente n'a pas zéro établissement : elle n'a pas été cartographiée.",2026-08-20
HT0552,HTC-0552,Marmelade,hebergement,Hébergement,1,SRC-028,OpenStreetMap via HOT — © contributeurs OSM (ODbL),extraits des 14 et 21/08/2026,"Compte ce qui est CARTOGRAPHIÉ, pas ce qui existe ni ce qui est ouvert. Une commune absente n'a pas zéro établissement : elle n'a pas été cartographiée.",2026-08-20
HT0552,HTC-0552,Marmelade,restauration,Restauration et sorties,1,SRC-028,OpenStreetMap via HOT — © contributeurs OSM (ODbL),extraits des 14 et 21/08/2026,"Compte ce qui est CARTOGRAPHIÉ, pas ce qui existe ni ce qui est ouvert. Une commune absente n'a pas zéro établissement : elle n'a pas été cartographiée.",2026-08-20
HT0611,HTC-0611,Hinche,hebergement,Hébergement,3,SRC-028,OpenStreetMap via HOT — © contributeurs OSM (ODbL),extraits des 14 et 21/08/2026,"Compte ce qui est CARTOGRAPHIÉ, pas ce qui existe ni ce qui est ouvert. Une commune absente n'a pas zéro établissement : elle n'a pas été cartographiée.",2026-08-20
HT0611,HTC-0611,Hinche,sites,Sites et attractions,5,SRC-028,OpenStreetMap via HOT — © contributeurs OSM (ODbL),extraits des 14 et 21/08/2026,"Compte ce qui est CARTOGRAPHIÉ, pas ce qui existe ni ce qui est ouvert. Une commune absente n'a pas zéro établissement : elle n'a pas été cartographiée.",2026-08-20
HT0611,HTC-0611,Hinche,restauration,Restauration et sorties,6,SRC-028,OpenStreetMap via HOT — © contributeurs OSM (ODbL),extraits des 14 et 21/08/2026,"Compte ce qui est CARTOGRAPHIÉ, pas ce qui existe ni ce qui est ouvert. Une commune absente n'a pas zéro établissement : elle n'a pas été cartographiée.",2026-08-20
HT0611,HTC-0611,Hinche,patrimoine,Patrimoine bâti,2,SRC-028,OpenStreetMap via HOT — © contributeurs OSM (ODbL),extraits des 14 et 21/08/2026,"Compte ce qui est CARTOGRAPHIÉ, pas ce qui existe ni ce qui est ouvert. Une commune absente n'a pas zéro établissement : elle n'a pas été cartographiée.",2026-08-20
HT0611,HTC-0611,Hinche,littoral,Littoral et balnéaire,1,SRC-028,OpenStreetMap via HOT — © contributeurs OSM (ODbL),extraits des 14 et 21/08/2026,"Compte ce qui est CARTOGRAPHIÉ, pas ce qui existe ni ce qui est ouvert. Une commune absente n'a pas zéro établissement : elle n'a pas été cartographiée.",2026-08-20
HT0611,HTC-0611,Hinche,nature,Curiosités naturelles,1,SRC-028,OpenStreetMap via HOT — © contributeurs OSM (ODbL),extraits des 14 et 21/08/2026,"Compte ce qui est CARTOGRAPHIÉ, pas ce qui existe ni ce qui est ouvert. Une commune absente n'a pas zéro établissement : elle n'a pas été cartographiée.",2026-08-20
HT0613,HTC-0613,Thomonde,hebergement,Hébergement,1,SRC-028,OpenStreetMap via HOT — © contributeurs OSM (ODbL),extraits des 14 et 21/08/2026,"Compte ce qui est CARTOGRAPHIÉ, pas ce qui existe ni ce qui est ouvert. Une commune absente n'a pas zéro établissement : elle n'a pas été cartographiée.",2026-08-20
HT0614,HTC-0614,Cerca Carvajal,sites,Sites et attractions,2,SRC-028,OpenStreetMap via HOT — © contributeurs OSM (ODbL),extraits des 14 et 21/08/2026,"Compte ce qui est CARTOGRAPHIÉ, pas ce qui existe ni ce qui est ouvert. Une commune absente n'a pas zéro établissement : elle n'a pas été cartographiée.",2026-08-20
HT0614,HTC-0614,Cerca Carvajal,restauration,Restauration et sorties,1,SRC-028,OpenStreetMap via HOT — © contributeurs OSM (ODbL),extraits des 14 et 21/08/2026,"Compte ce qui est CARTOGRAPHIÉ, pas ce qui existe ni ce qui est ouvert. Une commune absente n'a pas zéro établissement : elle n'a pas été cartographiée.",2026-08-20
HT0621,HTC-0621,Mirebalais,hebergement,Hébergement,8,SRC-028,OpenStreetMap via HOT — © contributeurs OSM (ODbL),extraits des 14 et 21/08/2026,"Compte ce qui est CARTOGRAPHIÉ, pas ce qui existe ni ce qui est ouvert. Une commune absente n'a pas zéro établissement : elle n'a pas été cartographiée.",2026-08-20
HT0621,HTC-0621,Mirebalais,restauration,Restauration et sorties,33,SRC-028,OpenStreetMap via HOT — © contributeurs OSM (ODbL),extraits des 14 et 21/08/2026,"Compte ce qui est CARTOGRAPHIÉ, pas ce qui existe ni ce qui est ouvert. Une commune absente n'a pas zéro établissement : elle n'a pas été cartographiée.",2026-08-20
HT0621,HTC-0621,Mirebalais,patrimoine,Patrimoine bâti,1,SRC-028,OpenStreetMap via HOT — © contributeurs OSM (ODbL),extraits des 14 et 21/08/2026,"Compte ce qui est CARTOGRAPHIÉ, pas ce qui existe ni ce qui est ouvert. Une commune absente n'a pas zéro établissement : elle n'a pas été cartographiée.",2026-08-20
HT0621,HTC-0621,Mirebalais,culture,Lieux de culture,1,SRC-028,OpenStreetMap via HOT — © contributeurs OSM (ODbL),extraits des 14 et 21/08/2026,"Compte ce qui est CARTOGRAPHIÉ, pas ce qui existe ni ce qui est ouvert. Une commune absente n'a pas zéro établissement : elle n'a pas été cartographiée.",2026-08-20
HT0622,HTC-0622,Saut d'Eau,hebergement,Hébergement,2,SRC-028,OpenStreetMap via HOT — © contributeurs OSM (ODbL),extraits des 14 et 21/08/2026,"Compte ce qui est CARTOGRAPHIÉ, pas ce qui existe ni ce qui est ouvert. Une commune absente n'a pas zéro établissement : elle n'a pas été cartographiée.",2026-08-20
HT0622,HTC-0622,Saut d'Eau,sites,Sites et attractions,1,SRC-028,OpenStreetMap via HOT — © contributeurs OSM (ODbL),extraits des 14 et 21/08/2026,"Compte ce qui est CARTOGRAPHIÉ, pas ce qui existe ni ce qui est ouvert. Une commune absente n'a pas zéro établissement : elle n'a pas été cartographiée.",2026-08-20
HT0622,HTC-0622,Saut d'Eau,plein_air,Plein air,1,SRC-028,OpenStreetMap via HOT — © contributeurs OSM (ODbL),extraits des 14 et 21/08/2026,"Compte ce qui est CARTOGRAPHIÉ, pas ce qui existe ni ce qui est ouvert. Une commune absente n'a pas zéro établissement : elle n'a pas été cartographiée.",2026-08-20
HT0622,HTC-0622,Saut d'Eau,restauration,Restauration et sorties,11,SRC-028,OpenStreetMap via HOT — © contributeurs OSM (ODbL),extraits des 14 et 21/08/2026,"Compte ce qui est CARTOGRAPHIÉ, pas ce qui existe ni ce qui est ouvert. Une commune absente n'a pas zéro établissement : elle n'a pas été cartographiée.",2026-08-20
HT0622,HTC-0622,Saut d'Eau,patrimoine,Patrimoine bâti,4,SRC-028,OpenStreetMap via HOT — © contributeurs OSM (ODbL),extraits des 14 et 21/08/2026,"Compte ce qui est CARTOGRAPHIÉ, pas ce qui existe ni ce qui est ouvert. Une commune absente n'a pas zéro établissement : elle n'a pas été cartographiée.",2026-08-20
HT0623,HTC-0623,Boucan Carré,hebergement,Hébergement,1,SRC-028,OpenStreetMap via HOT — © contributeurs OSM (ODbL),extraits des 14 et 21/08/2026,"Compte ce qui est CARTOGRAPHIÉ, pas ce qui existe ni ce qui est ouvert. Une commune absente n'a pas zéro établissement : elle n'a pas été cartographiée.",2026-08-20
HT0623,HTC-0623,Boucan Carré,sites,Sites et attractions,1,SRC-028,OpenStreetMap via HOT — © contributeurs OSM (ODbL),extraits des 14 et 21/08/2026,"Compte ce qui est CARTOGRAPHIÉ, pas ce qui existe ni ce qui est ouvert. Une commune absente n'a pas zéro établissement : elle n'a pas été cartographiée.",2026-08-20
HT0623,HTC-0623,Boucan Carré,restauration,Restauration et sorties,3,SRC-028,OpenStreetMap via HOT — © contributeurs OSM (ODbL),extraits des 14 et 21/08/2026,"Compte ce qui est CARTOGRAPHIÉ, pas ce qui existe ni ce qui est ouvert. Une commune absente n'a pas zéro établissement : elle n'a pas été cartographiée.",2026-08-20
HT0631,HTC-0631,Lascahobas,hebergement,Hébergement,3,SRC-028,OpenStreetMap via HOT — © contributeurs OSM (ODbL),extraits des 14 et 21/08/2026,"Compte ce qui est CARTOGRAPHIÉ, pas ce qui existe ni ce qui est ouvert. Une commune absente n'a pas zéro établissement : elle n'a pas été cartographiée.",2026-08-20
HT0631,HTC-0631,Lascahobas,sites,Sites et attractions,1,SRC-028,OpenStreetMap via HOT — © contributeurs OSM (ODbL),extraits des 14 et 21/08/2026,"Compte ce qui est CARTOGRAPHIÉ, pas ce qui existe ni ce qui est ouvert. Une commune absente n'a pas zéro établissement : elle n'a pas été cartographiée.",2026-08-20
HT0631,HTC-0631,Lascahobas,restauration,Restauration et sorties,2,SRC-028,OpenStreetMap via HOT — © contributeurs OSM (ODbL),extraits des 14 et 21/08/2026,"Compte ce qui est CARTOGRAPHIÉ, pas ce qui existe ni ce qui est ouvert. Une commune absente n'a pas zéro établissement : elle n'a pas été cartographiée.",2026-08-20
HT0631,HTC-0631,Lascahobas,patrimoine,Patrimoine bâti,2,SRC-028,OpenStreetMap via HOT — © contributeurs OSM (ODbL),extraits des 14 et 21/08/2026,"Compte ce qui est CARTOGRAPHIÉ, pas ce qui existe ni ce qui est ouvert. Une commune absente n'a pas zéro établissement : elle n'a pas été cartographiée.",2026-08-20
HT0632,HTC-0632,Belladère,hebergement,Hébergement,4,SRC-028,OpenStreetMap via HOT — © contributeurs OSM (ODbL),extraits des 14 et 21/08/2026,"Compte ce qui est CARTOGRAPHIÉ, pas ce qui existe ni ce qui est ouvert. Une commune absente n'a pas zéro établissement : elle n'a pas été cartographiée.",2026-08-20
HT0632,HTC-0632,Belladère,restauration,Restauration et sorties,1,SRC-028,OpenStreetMap via HOT — © contributeurs OSM (ODbL),extraits des 14 et 21/08/2026,"Compte ce qui est CARTOGRAPHIÉ, pas ce qui existe ni ce qui est ouvert. Une commune absente n'a pas zéro établissement : elle n'a pas été cartographiée.",2026-08-20
HT0632,HTC-0632,Belladère,nature,Curiosités naturelles,1,SRC-028,OpenStreetMap via HOT — © contributeurs OSM (ODbL),extraits des 14 et 21/08/2026,"Compte ce qui est CARTOGRAPHIÉ, pas ce qui existe ni ce qui est ouvert. Une commune absente n'a pas zéro établissement : elle n'a pas été cartographiée.",2026-08-20
HT0711,HTC-0711,Les Cayes,hebergement,Hébergement,38,SRC-028,OpenStreetMap via HOT — © contributeurs OSM (ODbL),extraits des 14 et 21/08/2026,"Compte ce qui est CARTOGRAPHIÉ, pas ce qui existe ni ce qui est ouvert. Une commune absente n'a pas zéro établissement : elle n'a pas été cartographiée.",2026-08-20
HT0711,HTC-0711,Les Cayes,sites,Sites et attractions,11,SRC-028,OpenStreetMap via HOT — © contributeurs OSM (ODbL),extraits des 14 et 21/08/2026,"Compte ce qui est CARTOGRAPHIÉ, pas ce qui existe ni ce qui est ouvert. Une commune absente n'a pas zéro établissement : elle n'a pas été cartographiée.",2026-08-20
HT0711,HTC-0711,Les Cayes,information,Information touristique,1,SRC-028,OpenStreetMap via HOT — © contributeurs OSM (ODbL),extraits des 14 et 21/08/2026,"Compte ce qui est CARTOGRAPHIÉ, pas ce qui existe ni ce qui est ouvert. Une commune absente n'a pas zéro établissement : elle n'a pas été cartographiée.",2026-08-20
HT0711,HTC-0711,Les Cayes,restauration,Restauration et sorties,115,SRC-028,OpenStreetMap via HOT — © contributeurs OSM (ODbL),extraits des 14 et 21/08/2026,"Compte ce qui est CARTOGRAPHIÉ, pas ce qui existe ni ce qui est ouvert. Une commune absente n'a pas zéro établissement : elle n'a pas été cartographiée.",2026-08-20
HT0711,HTC-0711,Les Cayes,patrimoine,Patrimoine bâti,16,SRC-028,OpenStreetMap via HOT — © contributeurs OSM (ODbL),extraits des 14 et 21/08/2026,"Compte ce qui est CARTOGRAPHIÉ, pas ce qui existe ni ce qui est ouvert. Une commune absente n'a pas zéro établissement : elle n'a pas été cartographiée.",2026-08-20
HT0711,HTC-0711,Les Cayes,culture,Lieux de culture,6,SRC-028,OpenStreetMap via HOT — © contributeurs OSM (ODbL),extraits des 14 et 21/08/2026,"Compte ce qui est CARTOGRAPHIÉ, pas ce qui existe ni ce qui est ouvert. Une commune absente n'a pas zéro établissement : elle n'a pas été cartographiée.",2026-08-20
HT0711,HTC-0711,Les Cayes,littoral,Littoral et balnéaire,8,SRC-028,OpenStreetMap via HOT — © contributeurs OSM (ODbL),extraits des 14 et 21/08/2026,"Compte ce qui est CARTOGRAPHIÉ, pas ce qui existe ni ce qui est ouvert. Une commune absente n'a pas zéro établissement : elle n'a pas été cartographiée.",2026-08-20
HT0712,HTC-0712,Torbeck,restauration,Restauration et sorties,1,SRC-028,OpenStreetMap via HOT — © contributeurs OSM (ODbL),extraits des 14 et 21/08/2026,"Compte ce qui est CARTOGRAPHIÉ, pas ce qui existe ni ce qui est ouvert. Une commune absente n'a pas zéro établissement : elle n'a pas été cartographiée.",2026-08-20
HT0712,HTC-0712,Torbeck,nature,Curiosités naturelles,2,SRC-028,OpenStreetMap via HOT — © contributeurs OSM (ODbL),extraits des 14 et 21/08/2026,"Compte ce qui est CARTOGRAPHIÉ, pas ce qui existe ni ce qui est ouvert. Une commune absente n'a pas zéro établissement : elle n'a pas été cartographiée.",2026-08-20
HT0713,HTC-0713,Chantal,hebergement,Hébergement,1,SRC-028,OpenStreetMap via HOT — © contributeurs OSM (ODbL),extraits des 14 et 21/08/2026,"Compte ce qui est CARTOGRAPHIÉ, pas ce qui existe ni ce qui est ouvert. Une commune absente n'a pas zéro établissement : elle n'a pas été cartographiée.",2026-08-20
HT0713,HTC-0713,Chantal,restauration,Restauration et sorties,1,SRC-028,OpenStreetMap via HOT — © contributeurs OSM (ODbL),extraits des 14 et 21/08/2026,"Compte ce qui est CARTOGRAPHIÉ, pas ce qui existe ni ce qui est ouvert. Une commune absente n'a pas zéro établissement : elle n'a pas été cartographiée.",2026-08-20
HT0713,HTC-0713,Chantal,patrimoine,Patrimoine bâti,1,SRC-028,OpenStreetMap via HOT — © contributeurs OSM (ODbL),extraits des 14 et 21/08/2026,"Compte ce qui est CARTOGRAPHIÉ, pas ce qui existe ni ce qui est ouvert. Une commune absente n'a pas zéro établissement : elle n'a pas été cartographiée.",2026-08-20
HT0713,HTC-0713,Chantal,nature,Curiosités naturelles,1,SRC-028,OpenStreetMap via HOT — © contributeurs OSM (ODbL),extraits des 14 et 21/08/2026,"Compte ce qui est CARTOGRAPHIÉ, pas ce qui existe ni ce qui est ouvert. Une commune absente n'a pas zéro établissement : elle n'a pas été cartographiée.",2026-08-20
HT0714,HTC-0714,Camp-Perrin,hebergement,Hébergement,3,SRC-028,OpenStreetMap via HOT — © contributeurs OSM (ODbL),extraits des 14 et 21/08/2026,"Compte ce qui est CARTOGRAPHIÉ, pas ce qui existe ni ce qui est ouvert. Une commune absente n'a pas zéro établissement : elle n'a pas été cartographiée.",2026-08-20
HT0714,HTC-0714,Camp-Perrin,sites,Sites et attractions,2,SRC-028,OpenStreetMap via HOT — © contributeurs OSM (ODbL),extraits des 14 et 21/08/2026,"Compte ce qui est CARTOGRAPHIÉ, pas ce qui existe ni ce qui est ouvert. Une commune absente n'a pas zéro établissement : elle n'a pas été cartographiée.",2026-08-20
HT0714,HTC-0714,Camp-Perrin,information,Information touristique,1,SRC-028,OpenStreetMap via HOT — © contributeurs OSM (ODbL),extraits des 14 et 21/08/2026,"Compte ce qui est CARTOGRAPHIÉ, pas ce qui existe ni ce qui est ouvert. Une commune absente n'a pas zéro établissement : elle n'a pas été cartographiée.",2026-08-20
HT0714,HTC-0714,Camp-Perrin,restauration,Restauration et sorties,2,SRC-028,OpenStreetMap via HOT — © contributeurs OSM (ODbL),extraits des 14 et 21/08/2026,"Compte ce qui est CARTOGRAPHIÉ, pas ce qui existe ni ce qui est ouvert. Une commune absente n'a pas zéro établissement : elle n'a pas été cartographiée.",2026-08-20
HT0714,HTC-0714,Camp-Perrin,culture,Lieux de culture,1,SRC-028,OpenStreetMap via HOT — © contributeurs OSM (ODbL),extraits des 14 et 21/08/2026,"Compte ce qui est CARTOGRAPHIÉ, pas ce qui existe ni ce qui est ouvert. Une commune absente n'a pas zéro établissement : elle n'a pas été cartographiée.",2026-08-20
HT0714,HTC-0714,Camp-Perrin,nature,Curiosités naturelles,3,SRC-028,OpenStreetMap via HOT — © contributeurs OSM (ODbL),extraits des 14 et 21/08/2026,"Compte ce qui est CARTOGRAPHIÉ, pas ce qui existe ni ce qui est ouvert. Une commune absente n'a pas zéro établissement : elle n'a pas été cartographiée.",2026-08-20
HT0715,HTC-0715,Maniche,hebergement,Hébergement,1,SRC-028,OpenStreetMap via HOT — © contributeurs OSM (ODbL),extraits des 14 et 21/08/2026,"Compte ce qui est CARTOGRAPHIÉ, pas ce qui existe ni ce qui est ouvert. Une commune absente n'a pas zéro établissement : elle n'a pas été cartographiée.",2026-08-20
HT0715,HTC-0715,Maniche,restauration,Restauration et sorties,5,SRC-028,OpenStreetMap via HOT — © contributeurs OSM (ODbL),extraits des 14 et 21/08/2026,"Compte ce qui est CARTOGRAPHIÉ, pas ce qui existe ni ce qui est ouvert. Une commune absente n'a pas zéro établissement : elle n'a pas été cartographiée.",2026-08-20
HT0715,HTC-0715,Maniche,nature,Curiosités naturelles,1,SRC-028,OpenStreetMap via HOT — © contributeurs OSM (ODbL),extraits des 14 et 21/08/2026,"Compte ce qui est CARTOGRAPHIÉ, pas ce qui existe ni ce qui est ouvert. Une commune absente n'a pas zéro établissement : elle n'a pas été cartographiée.",2026-08-20
HT0716,HTC-0716,Île à Vache,hebergement,Hébergement,11,SRC-028,OpenStreetMap via HOT — © contributeurs OSM (ODbL),extraits des 14 et 21/08/2026,"Compte ce qui est CARTOGRAPHIÉ, pas ce qui existe ni ce qui est ouvert. Une commune absente n'a pas zéro établissement : elle n'a pas été cartographiée.",2026-08-20
HT0716,HTC-0716,Île à Vache,sites,Sites et attractions,2,SRC-028,OpenStreetMap via HOT — © contributeurs OSM (ODbL),extraits des 14 et 21/08/2026,"Compte ce qui est CARTOGRAPHIÉ, pas ce qui existe ni ce qui est ouvert. Une commune absente n'a pas zéro établissement : elle n'a pas été cartographiée.",2026-08-20
HT0716,HTC-0716,Île à Vache,plein_air,Plein air,1,SRC-028,OpenStreetMap via HOT — © contributeurs OSM (ODbL),extraits des 14 et 21/08/2026,"Compte ce qui est CARTOGRAPHIÉ, pas ce qui existe ni ce qui est ouvert. Une commune absente n'a pas zéro établissement : elle n'a pas été cartographiée.",2026-08-20
HT0716,HTC-0716,Île à Vache,restauration,Restauration et sorties,8,SRC-028,OpenStreetMap via HOT — © contributeurs OSM (ODbL),extraits des 14 et 21/08/2026,"Compte ce qui est CARTOGRAPHIÉ, pas ce qui existe ni ce qui est ouvert. Une commune absente n'a pas zéro établissement : elle n'a pas été cartographiée.",2026-08-20
HT0716,HTC-0716,Île à Vache,littoral,Littoral et balnéaire,6,SRC-028,OpenStreetMap via HOT — © contributeurs OSM (ODbL),extraits des 14 et 21/08/2026,"Compte ce qui est CARTOGRAPHIÉ, pas ce qui existe ni ce qui est ouvert. Une commune absente n'a pas zéro établissement : elle n'a pas été cartographiée.",2026-08-20
HT0721,HTC-0721,Port-Salut,hebergement,Hébergement,11,SRC-028,OpenStreetMap via HOT — © contributeurs OSM (ODbL),extraits des 14 et 21/08/2026,"Compte ce qui est CARTOGRAPHIÉ, pas ce qui existe ni ce qui est ouvert. Une commune absente n'a pas zéro établissement : elle n'a pas été cartographiée.",2026-08-20
HT0721,HTC-0721,Port-Salut,restauration,Restauration et sorties,7,SRC-028,OpenStreetMap via HOT — © contributeurs OSM (ODbL),extraits des 14 et 21/08/2026,"Compte ce qui est CARTOGRAPHIÉ, pas ce qui existe ni ce qui est ouvert. Une commune absente n'a pas zéro établissement : elle n'a pas été cartographiée.",2026-08-20
HT0721,HTC-0721,Port-Salut,littoral,Littoral et balnéaire,2,SRC-028,OpenStreetMap via HOT — © contributeurs OSM (ODbL),extraits des 14 et 21/08/2026,"Compte ce qui est CARTOGRAPHIÉ, pas ce qui existe ni ce qui est ouvert. Une commune absente n'a pas zéro établissement : elle n'a pas été cartographiée.",2026-08-20
HT0721,HTC-0721,Port-Salut,nature,Curiosités naturelles,1,SRC-028,OpenStreetMap via HOT — © contributeurs OSM (ODbL),extraits des 14 et 21/08/2026,"Compte ce qui est CARTOGRAPHIÉ, pas ce qui existe ni ce qui est ouvert. Une commune absente n'a pas zéro établissement : elle n'a pas été cartographiée.",2026-08-20
HT0722,HTC-0722,Saint Jean du Sud,patrimoine,Patrimoine bâti,1,SRC-028,OpenStreetMap via HOT — © contributeurs OSM (ODbL),extraits des 14 et 21/08/2026,"Compte ce qui est CARTOGRAPHIÉ, pas ce qui existe ni ce qui est ouvert. Une commune absente n'a pas zéro établissement : elle n'a pas été cartographiée.",2026-08-20
HT0722,HTC-0722,Saint Jean du Sud,littoral,Littoral et balnéaire,1,SRC-028,OpenStreetMap via HOT — © contributeurs OSM (ODbL),extraits des 14 et 21/08/2026,"Compte ce qui est CARTOGRAPHIÉ, pas ce qui existe ni ce qui est ouvert. Une commune absente n'a pas zéro établissement : elle n'a pas été cartographiée.",2026-08-20
HT0723,HTC-0723,Arniquet,hebergement,Hébergement,1,SRC-028,OpenStreetMap via HOT — © contributeurs OSM (ODbL),extraits des 14 et 21/08/2026,"Compte ce qui est CARTOGRAPHIÉ, pas ce qui existe ni ce qui est ouvert. Une commune absente n'a pas zéro établissement : elle n'a pas été cartographiée.",2026-08-20
HT0723,HTC-0723,Arniquet,sites,Sites et attractions,1,SRC-028,OpenStreetMap via HOT — © contributeurs OSM (ODbL),extraits des 14 et 21/08/2026,"Compte ce qui est CARTOGRAPHIÉ, pas ce qui existe ni ce qui est ouvert. Une commune absente n'a pas zéro établissement : elle n'a pas été cartographiée.",2026-08-20
HT0723,HTC-0723,Arniquet,littoral,Littoral et balnéaire,1,SRC-028,OpenStreetMap via HOT — © contributeurs OSM (ODbL),extraits des 14 et 21/08/2026,"Compte ce qui est CARTOGRAPHIÉ, pas ce qui existe ni ce qui est ouvert. Une commune absente n'a pas zéro établissement : elle n'a pas été cartographiée.",2026-08-20
HT0731,HTC-0731,Aquin,hebergement,Hébergement,4,SRC-028,OpenStreetMap via HOT — © contributeurs OSM (ODbL),extraits des 14 et 21/08/2026,"Compte ce qui est CARTOGRAPHIÉ, pas ce qui existe ni ce qui est ouvert. Une commune absente n'a pas zéro établissement : elle n'a pas été cartographiée.",2026-08-20
HT0731,HTC-0731,Aquin,sites,Sites et attractions,1,SRC-028,OpenStreetMap via HOT — © contributeurs OSM (ODbL),extraits des 14 et 21/08/2026,"Compte ce qui est CARTOGRAPHIÉ, pas ce qui existe ni ce qui est ouvert. Une commune absente n'a pas zéro établissement : elle n'a pas été cartographiée.",2026-08-20
HT0731,HTC-0731,Aquin,restauration,Restauration et sorties,20,SRC-028,OpenStreetMap via HOT — © contributeurs OSM (ODbL),extraits des 14 et 21/08/2026,"Compte ce qui est CARTOGRAPHIÉ, pas ce qui existe ni ce qui est ouvert. Une commune absente n'a pas zéro établissement : elle n'a pas été cartographiée.",2026-08-20
HT0731,HTC-0731,Aquin,patrimoine,Patrimoine bâti,3,SRC-028,OpenStreetMap via HOT — © contributeurs OSM (ODbL),extraits des 14 et 21/08/2026,"Compte ce qui est CARTOGRAPHIÉ, pas ce qui existe ni ce qui est ouvert. Une commune absente n'a pas zéro établissement : elle n'a pas été cartographiée.",2026-08-20
HT0731,HTC-0731,Aquin,culture,Lieux de culture,1,SRC-028,OpenStreetMap via HOT — © contributeurs OSM (ODbL),extraits des 14 et 21/08/2026,"Compte ce qui est CARTOGRAPHIÉ, pas ce qui existe ni ce qui est ouvert. Une commune absente n'a pas zéro établissement : elle n'a pas été cartographiée.",2026-08-20
HT0731,HTC-0731,Aquin,littoral,Littoral et balnéaire,5,SRC-028,OpenStreetMap via HOT — © contributeurs OSM (ODbL),extraits des 14 et 21/08/2026,"Compte ce qui est CARTOGRAPHIÉ, pas ce qui existe ni ce qui est ouvert. Une commune absente n'a pas zéro établissement : elle n'a pas été cartographiée.",2026-08-20
HT0731,HTC-0731,Aquin,nature,Curiosités naturelles,1,SRC-028,OpenStreetMap via HOT — © contributeurs OSM (ODbL),extraits des 14 et 21/08/2026,"Compte ce qui est CARTOGRAPHIÉ, pas ce qui existe ni ce qui est ouvert. Une commune absente n'a pas zéro établissement : elle n'a pas été cartographiée.",2026-08-20
HT0732,HTC-0732,Saint Louis du Sud,hebergement,Hébergement,2,SRC-028,OpenStreetMap via HOT — © contributeurs OSM (ODbL),extraits des 14 et 21/08/2026,"Compte ce qui est CARTOGRAPHIÉ, pas ce qui existe ni ce qui est ouvert. Une commune absente n'a pas zéro établissement : elle n'a pas été cartographiée.",2026-08-20
HT0732,HTC-0732,Saint Louis du Sud,sites,Sites et attractions,2,SRC-028,OpenStreetMap via HOT — © contributeurs OSM (ODbL),extraits des 14 et 21/08/2026,"Compte ce qui est CARTOGRAPHIÉ, pas ce qui existe ni ce qui est ouvert. Une commune absente n'a pas zéro établissement : elle n'a pas été cartographiée.",2026-08-20
HT0732,HTC-0732,Saint Louis du Sud,restauration,Restauration et sorties,1,SRC-028,OpenStreetMap via HOT — © contributeurs OSM (ODbL),extraits des 14 et 21/08/2026,"Compte ce qui est CARTOGRAPHIÉ, pas ce qui existe ni ce qui est ouvert. Une commune absente n'a pas zéro établissement : elle n'a pas été cartographiée.",2026-08-20
HT0732,HTC-0732,Saint Louis du Sud,patrimoine,Patrimoine bâti,8,SRC-028,OpenStreetMap via HOT — © contributeurs OSM (ODbL),extraits des 14 et 21/08/2026,"Compte ce qui est CARTOGRAPHIÉ, pas ce qui existe ni ce qui est ouvert. Une commune absente n'a pas zéro établissement : elle n'a pas été cartographiée.",2026-08-20
HT0732,HTC-0732,Saint Louis du Sud,littoral,Littoral et balnéaire,2,SRC-028,OpenStreetMap via HOT — © contributeurs OSM (ODbL),extraits des 14 et 21/08/2026,"Compte ce qui est CARTOGRAPHIÉ, pas ce qui existe ni ce qui est ouvert. Une commune absente n'a pas zéro établissement : elle n'a pas été cartographiée.",2026-08-20
HT0733,HTC-0733,Cavaillon,hebergement,Hébergement,2,SRC-028,OpenStreetMap via HOT — © contributeurs OSM (ODbL),extraits des 14 et 21/08/2026,"Compte ce qui est CARTOGRAPHIÉ, pas ce qui existe ni ce qui est ouvert. Une commune absente n'a pas zéro établissement : elle n'a pas été cartographiée.",2026-08-20
HT0733,HTC-0733,Cavaillon,restauration,Restauration et sorties,3,SRC-028,OpenStreetMap via HOT — © contributeurs OSM (ODbL),extraits des 14 et 21/08/2026,"Compte ce qui est CARTOGRAPHIÉ, pas ce qui existe ni ce qui est ouvert. Une commune absente n'a pas zéro établissement : elle n'a pas été cartographiée.",2026-08-20
HT0733,HTC-0733,Cavaillon,patrimoine,Patrimoine bâti,1,SRC-028,OpenStreetMap via HOT — © contributeurs OSM (ODbL),extraits des 14 et 21/08/2026,"Compte ce qui est CARTOGRAPHIÉ, pas ce qui existe ni ce qui est ouvert. Une commune absente n'a pas zéro établissement : elle n'a pas été cartographiée.",2026-08-20
HT0733,HTC-0733,Cavaillon,culture,Lieux de culture,2,SRC-028,OpenStreetMap via HOT — © contributeurs OSM (ODbL),extraits des 14 et 21/08/2026,"Compte ce qui est CARTOGRAPHIÉ, pas ce qui existe ni ce qui est ouvert. Une commune absente n'a pas zéro établissement : elle n'a pas été cartographiée.",2026-08-20
HT0741,HTC-0741,Côteaux,sites,Sites et attractions,1,SRC-028,OpenStreetMap via HOT — © contributeurs OSM (ODbL),extraits des 14 et 21/08/2026,"Compte ce qui est CARTOGRAPHIÉ, pas ce qui existe ni ce qui est ouvert. Une commune absente n'a pas zéro établissement : elle n'a pas été cartographiée.",2026-08-20
HT0741,HTC-0741,Côteaux,littoral,Littoral et balnéaire,2,SRC-028,OpenStreetMap via HOT — © contributeurs OSM (ODbL),extraits des 14 et 21/08/2026,"Compte ce qui est CARTOGRAPHIÉ, pas ce qui existe ni ce qui est ouvert. Une commune absente n'a pas zéro établissement : elle n'a pas été cartographiée.",2026-08-20
HT0742,HTC-0742,Port-à-Piment,nature,Curiosités naturelles,4,SRC-028,OpenStreetMap via HOT — © contributeurs OSM (ODbL),extraits des 14 et 21/08/2026,"Compte ce qui est CARTOGRAPHIÉ, pas ce qui existe ni ce qui est ouvert. Une commune absente n'a pas zéro établissement : elle n'a pas été cartographiée.",2026-08-20
HT0743,HTC-0743,Roche à Bâteau,hebergement,Hébergement,1,SRC-028,OpenStreetMap via HOT — © contributeurs OSM (ODbL),extraits des 14 et 21/08/2026,"Compte ce qui est CARTOGRAPHIÉ, pas ce qui existe ni ce qui est ouvert. Une commune absente n'a pas zéro établissement : elle n'a pas été cartographiée.",2026-08-20
HT0751,HTC-0751,Chardonnières,sites,Sites et attractions,1,SRC-028,OpenStreetMap via HOT — © contributeurs OSM (ODbL),extraits des 14 et 21/08/2026,"Compte ce qui est CARTOGRAPHIÉ, pas ce qui existe ni ce qui est ouvert. Une commune absente n'a pas zéro établissement : elle n'a pas été cartographiée.",2026-08-20
HT0751,HTC-0751,Chardonnières,information,Information touristique,2,SRC-028,OpenStreetMap via HOT — © contributeurs OSM (ODbL),extraits des 14 et 21/08/2026,"Compte ce qui est CARTOGRAPHIÉ, pas ce qui existe ni ce qui est ouvert. Une commune absente n'a pas zéro établissement : elle n'a pas été cartographiée.",2026-08-20
HT0751,HTC-0751,Chardonnières,patrimoine,Patrimoine bâti,5,SRC-028,OpenStreetMap via HOT — © contributeurs OSM (ODbL),extraits des 14 et 21/08/2026,"Compte ce qui est CARTOGRAPHIÉ, pas ce qui existe ni ce qui est ouvert. Une commune absente n'a pas zéro établissement : elle n'a pas été cartographiée.",2026-08-20
HT0751,HTC-0751,Chardonnières,littoral,Littoral et balnéaire,2,SRC-028,OpenStreetMap via HOT — © contributeurs OSM (ODbL),extraits des 14 et 21/08/2026,"Compte ce qui est CARTOGRAPHIÉ, pas ce qui existe ni ce qui est ouvert. Une commune absente n'a pas zéro établissement : elle n'a pas été cartographiée.",2026-08-20
HT0753,HTC-0753,Tiburon,hebergement,Hébergement,1,SRC-028,OpenStreetMap via HOT — © contributeurs OSM (ODbL),extraits des 14 et 21/08/2026,"Compte ce qui est CARTOGRAPHIÉ, pas ce qui existe ni ce qui est ouvert. Une commune absente n'a pas zéro établissement : elle n'a pas été cartographiée.",2026-08-20
HT0753,HTC-0753,Tiburon,patrimoine,Patrimoine bâti,1,SRC-028,OpenStreetMap via HOT — © contributeurs OSM (ODbL),extraits des 14 et 21/08/2026,"Compte ce qui est CARTOGRAPHIÉ, pas ce qui existe ni ce qui est ouvert. Une commune absente n'a pas zéro établissement : elle n'a pas été cartographiée.",2026-08-20
HT0811,HTC-0811,Jérémie,hebergement,Hébergement,11,SRC-028,OpenStreetMap via HOT — © contributeurs OSM (ODbL),extraits des 14 et 21/08/2026,"Compte ce qui est CARTOGRAPHIÉ, pas ce qui existe ni ce qui est ouvert. Une commune absente n'a pas zéro établissement : elle n'a pas été cartographiée.",2026-08-20
HT0811,HTC-0811,Jérémie,sites,Sites et attractions,1,SRC-028,OpenStreetMap via HOT — © contributeurs OSM (ODbL),extraits des 14 et 21/08/2026,"Compte ce qui est CARTOGRAPHIÉ, pas ce qui existe ni ce qui est ouvert. Une commune absente n'a pas zéro établissement : elle n'a pas été cartographiée.",2026-08-20
HT0811,HTC-0811,Jérémie,restauration,Restauration et sorties,16,SRC-028,OpenStreetMap via HOT — © contributeurs OSM (ODbL),extraits des 14 et 21/08/2026,"Compte ce qui est CARTOGRAPHIÉ, pas ce qui existe ni ce qui est ouvert. Une commune absente n'a pas zéro établissement : elle n'a pas été cartographiée.",2026-08-20
HT0811,HTC-0811,Jérémie,patrimoine,Patrimoine bâti,1,SRC-028,OpenStreetMap via HOT — © contributeurs OSM (ODbL),extraits des 14 et 21/08/2026,"Compte ce qui est CARTOGRAPHIÉ, pas ce qui existe ni ce qui est ouvert. Une commune absente n'a pas zéro établissement : elle n'a pas été cartographiée.",2026-08-20
HT0811,HTC-0811,Jérémie,littoral,Littoral et balnéaire,1,SRC-028,OpenStreetMap via HOT — © contributeurs OSM (ODbL),extraits des 14 et 21/08/2026,"Compte ce qui est CARTOGRAPHIÉ, pas ce qui existe ni ce qui est ouvert. Une commune absente n'a pas zéro établissement : elle n'a pas été cartographiée.",2026-08-20
HT0811,HTC-0811,Jérémie,nature,Curiosités naturelles,3,SRC-028,OpenStreetMap via HOT — © contributeurs OSM (ODbL),extraits des 14 et 21/08/2026,"Compte ce qui est CARTOGRAPHIÉ, pas ce qui existe ni ce qui est ouvert. Une commune absente n'a pas zéro établissement : elle n'a pas été cartographiée.",2026-08-20
HT0812,HTC-0812,Abricots,restauration,Restauration et sorties,1,SRC-028,OpenStreetMap via HOT — © contributeurs OSM (ODbL),extraits des 14 et 21/08/2026,"Compte ce qui est CARTOGRAPHIÉ, pas ce qui existe ni ce qui est ouvert. Une commune absente n'a pas zéro établissement : elle n'a pas été cartographiée.",2026-08-20
HT0812,HTC-0812,Abricots,patrimoine,Patrimoine bâti,2,SRC-028,OpenStreetMap via HOT — © contributeurs OSM (ODbL),extraits des 14 et 21/08/2026,"Compte ce qui est CARTOGRAPHIÉ, pas ce qui existe ni ce qui est ouvert. Une commune absente n'a pas zéro établissement : elle n'a pas été cartographiée.",2026-08-20
HT0813,HTC-0813,Bonbon,littoral,Littoral et balnéaire,1,SRC-028,OpenStreetMap via HOT — © contributeurs OSM (ODbL),extraits des 14 et 21/08/2026,"Compte ce qui est CARTOGRAPHIÉ, pas ce qui existe ni ce qui est ouvert. Une commune absente n'a pas zéro établissement : elle n'a pas été cartographiée.",2026-08-20
HT0821,HTC-0821,Anse d'Hainault,restauration,Restauration et sorties,1,SRC-028,OpenStreetMap via HOT — © contributeurs OSM (ODbL),extraits des 14 et 21/08/2026,"Compte ce qui est CARTOGRAPHIÉ, pas ce qui existe ni ce qui est ouvert. Une commune absente n'a pas zéro établissement : elle n'a pas été cartographiée.",2026-08-20
HT0821,HTC-0821,Anse d'Hainault,littoral,Littoral et balnéaire,7,SRC-028,OpenStreetMap via HOT — © contributeurs OSM (ODbL),extraits des 14 et 21/08/2026,"Compte ce qui est CARTOGRAPHIÉ, pas ce qui existe ni ce qui est ouvert. Une commune absente n'a pas zéro établissement : elle n'a pas été cartographiée.",2026-08-20
HT0822,HTC-0822,Dame Marie,hebergement,Hébergement,1,SRC-028,OpenStreetMap via HOT — © contributeurs OSM (ODbL),extraits des 14 et 21/08/2026,"Compte ce qui est CARTOGRAPHIÉ, pas ce qui existe ni ce qui est ouvert. Une commune absente n'a pas zéro établissement : elle n'a pas été cartographiée.",2026-08-20
HT0822,HTC-0822,Dame Marie,restauration,Restauration et sorties,1,SRC-028,OpenStreetMap via HOT — © contributeurs OSM (ODbL),extraits des 14 et 21/08/2026,"Compte ce qui est CARTOGRAPHIÉ, pas ce qui existe ni ce qui est ouvert. Une commune absente n'a pas zéro établissement : elle n'a pas été cartographiée.",2026-08-20
HT0822,HTC-0822,Dame Marie,littoral,Littoral et balnéaire,3,SRC-028,OpenStreetMap via HOT — © contributeurs OSM (ODbL),extraits des 14 et 21/08/2026,"Compte ce qui est CARTOGRAPHIÉ, pas ce qui existe ni ce qui est ouvert. Une commune absente n'a pas zéro établissement : elle n'a pas été cartographiée.",2026-08-20
HT0832,HTC-0832,Roseaux,sites,Sites et attractions,1,SRC-028,OpenStreetMap via HOT — © contributeurs OSM (ODbL),extraits des 14 et 21/08/2026,"Compte ce qui est CARTOGRAPHIÉ, pas ce qui existe ni ce qui est ouvert. Une commune absente n'a pas zéro établissement : elle n'a pas été cartographiée.",2026-08-20
HT0833,HTC-0833,Beaumont,hebergement,Hébergement,6,SRC-028,OpenStreetMap via HOT — © contributeurs OSM (ODbL),extraits des 14 et 21/08/2026,"Compte ce qui est CARTOGRAPHIÉ, pas ce qui existe ni ce qui est ouvert. Une commune absente n'a pas zéro établissement : elle n'a pas été cartographiée.",2026-08-20
HT0833,HTC-0833,Beaumont,sites,Sites et attractions,1,SRC-028,OpenStreetMap via HOT — © contributeurs OSM (ODbL),extraits des 14 et 21/08/2026,"Compte ce qui est CARTOGRAPHIÉ, pas ce qui existe ni ce qui est ouvert. Une commune absente n'a pas zéro établissement : elle n'a pas été cartographiée.",2026-08-20
HT0833,HTC-0833,Beaumont,plein_air,Plein air,1,SRC-028,OpenStreetMap via HOT — © contributeurs OSM (ODbL),extraits des 14 et 21/08/2026,"Compte ce qui est CARTOGRAPHIÉ, pas ce qui existe ni ce qui est ouvert. Une commune absente n'a pas zéro établissement : elle n'a pas été cartographiée.",2026-08-20
HT0834,HTC-0834,Pestel,hebergement,Hébergement,1,SRC-028,OpenStreetMap via HOT — © contributeurs OSM (ODbL),extraits des 14 et 21/08/2026,"Compte ce qui est CARTOGRAPHIÉ, pas ce qui existe ni ce qui est ouvert. Une commune absente n'a pas zéro établissement : elle n'a pas été cartographiée.",2026-08-20
HT0834,HTC-0834,Pestel,restauration,Restauration et sorties,1,SRC-028,OpenStreetMap via HOT — © contributeurs OSM (ODbL),extraits des 14 et 21/08/2026,"Compte ce qui est CARTOGRAPHIÉ, pas ce qui existe ni ce qui est ouvert. Une commune absente n'a pas zéro établissement : elle n'a pas été cartographiée.",2026-08-20
HT0834,HTC-0834,Pestel,patrimoine,Patrimoine bâti,1,SRC-028,OpenStreetMap via HOT — © contributeurs OSM (ODbL),extraits des 14 et 21/08/2026,"Compte ce qui est CARTOGRAPHIÉ, pas ce qui existe ni ce qui est ouvert. Une commune absente n'a pas zéro établissement : elle n'a pas été cartographiée.",2026-08-20
HT0834,HTC-0834,Pestel,littoral,Littoral et balnéaire,1,SRC-028,OpenStreetMap via HOT — © contributeurs OSM (ODbL),extraits des 14 et 21/08/2026,"Compte ce qui est CARTOGRAPHIÉ, pas ce qui existe ni ce qui est ouvert. Une commune absente n'a pas zéro établissement : elle n'a pas été cartographiée.",2026-08-20
HT0911,HTC-0911,Port-de-Paix,hebergement,Hébergement,9,SRC-028,OpenStreetMap via HOT — © contributeurs OSM (ODbL),extraits des 14 et 21/08/2026,"Compte ce qui est CARTOGRAPHIÉ, pas ce qui existe ni ce qui est ouvert. Une commune absente n'a pas zéro établissement : elle n'a pas été cartographiée.",2026-08-20
HT0911,HTC-0911,Port-de-Paix,sites,Sites et attractions,3,SRC-028,OpenStreetMap via HOT — © contributeurs OSM (ODbL),extraits des 14 et 21/08/2026,"Compte ce qui est CARTOGRAPHIÉ, pas ce qui existe ni ce qui est ouvert. Une commune absente n'a pas zéro établissement : elle n'a pas été cartographiée.",2026-08-20
HT0911,HTC-0911,Port-de-Paix,information,Information touristique,3,SRC-028,OpenStreetMap via HOT — © contributeurs OSM (ODbL),extraits des 14 et 21/08/2026,"Compte ce qui est CARTOGRAPHIÉ, pas ce qui existe ni ce qui est ouvert. Une commune absente n'a pas zéro établissement : elle n'a pas été cartographiée.",2026-08-20
HT0911,HTC-0911,Port-de-Paix,restauration,Restauration et sorties,6,SRC-028,OpenStreetMap via HOT — © contributeurs OSM (ODbL),extraits des 14 et 21/08/2026,"Compte ce qui est CARTOGRAPHIÉ, pas ce qui existe ni ce qui est ouvert. Une commune absente n'a pas zéro établissement : elle n'a pas été cartographiée.",2026-08-20
HT0911,HTC-0911,Port-de-Paix,patrimoine,Patrimoine bâti,2,SRC-028,OpenStreetMap via HOT — © contributeurs OSM (ODbL),extraits des 14 et 21/08/2026,"Compte ce qui est CARTOGRAPHIÉ, pas ce qui existe ni ce qui est ouvert. Une commune absente n'a pas zéro établissement : elle n'a pas été cartographiée.",2026-08-20
HT0911,HTC-0911,Port-de-Paix,littoral,Littoral et balnéaire,1,SRC-028,OpenStreetMap via HOT — © contributeurs OSM (ODbL),extraits des 14 et 21/08/2026,"Compte ce qui est CARTOGRAPHIÉ, pas ce qui existe ni ce qui est ouvert. Une commune absente n'a pas zéro établissement : elle n'a pas été cartographiée.",2026-08-20
HT0911,HTC-0911,Port-de-Paix,nature,Curiosités naturelles,2,SRC-028,OpenStreetMap via HOT — © contributeurs OSM (ODbL),extraits des 14 et 21/08/2026,"Compte ce qui est CARTOGRAPHIÉ, pas ce qui existe ni ce qui est ouvert. Une commune absente n'a pas zéro établissement : elle n'a pas été cartographiée.",2026-08-20
HT0912,HTC-0912,La Tortue,patrimoine,Patrimoine bâti,2,SRC-028,OpenStreetMap via HOT — © contributeurs OSM (ODbL),extraits des 14 et 21/08/2026,"Compte ce qui est CARTOGRAPHIÉ, pas ce qui existe ni ce qui est ouvert. Une commune absente n'a pas zéro établissement : elle n'a pas été cartographiée.",2026-08-20
HT0913,HTC-0913,Bassin Bleu,information,Information touristique,1,SRC-028,OpenStreetMap via HOT — © contributeurs OSM (ODbL),extraits des 14 et 21/08/2026,"Compte ce qui est CARTOGRAPHIÉ, pas ce qui existe ni ce qui est ouvert. Une commune absente n'a pas zéro établissement : elle n'a pas été cartographiée.",2026-08-20
HT0913,HTC-0913,Bassin Bleu,nature,Curiosités naturelles,1,SRC-028,OpenStreetMap via HOT — © contributeurs OSM (ODbL),extraits des 14 et 21/08/2026,"Compte ce qui est CARTOGRAPHIÉ, pas ce qui existe ni ce qui est ouvert. Une commune absente n'a pas zéro établissement : elle n'a pas été cartographiée.",2026-08-20
HT0921,HTC-0921,Saint-Louis du Nord,sites,Sites et attractions,1,SRC-028,OpenStreetMap via HOT — © contributeurs OSM (ODbL),extraits des 14 et 21/08/2026,"Compte ce qui est CARTOGRAPHIÉ, pas ce qui existe ni ce qui est ouvert. Une commune absente n'a pas zéro établissement : elle n'a pas été cartographiée.",2026-08-20
HT0922,HTC-0922,Anse-à-Foleur,littoral,Littoral et balnéaire,2,SRC-028,OpenStreetMap via HOT — © contributeurs OSM (ODbL),extraits des 14 et 21/08/2026,"Compte ce qui est CARTOGRAPHIÉ, pas ce qui existe ni ce qui est ouvert. Une commune absente n'a pas zéro établissement : elle n'a pas été cartographiée.",2026-08-20
HT0931,HTC-0931,Môle Saint Nicolas,hebergement,Hébergement,3,SRC-028,OpenStreetMap via HOT — © contributeurs OSM (ODbL),extraits des 14 et 21/08/2026,"Compte ce qui est CARTOGRAPHIÉ, pas ce qui existe ni ce qui est ouvert. Une commune absente n'a pas zéro établissement : elle n'a pas été cartographiée.",2026-08-20
HT0931,HTC-0931,Môle Saint Nicolas,restauration,Restauration et sorties,2,SRC-028,OpenStreetMap via HOT — © contributeurs OSM (ODbL),extraits des 14 et 21/08/2026,"Compte ce qui est CARTOGRAPHIÉ, pas ce qui existe ni ce qui est ouvert. Une commune absente n'a pas zéro établissement : elle n'a pas été cartographiée.",2026-08-20
HT0931,HTC-0931,Môle Saint Nicolas,patrimoine,Patrimoine bâti,2,SRC-028,OpenStreetMap via HOT — © contributeurs OSM (ODbL),extraits des 14 et 21/08/2026,"Compte ce qui est CARTOGRAPHIÉ, pas ce qui existe ni ce qui est ouvert. Une commune absente n'a pas zéro établissement : elle n'a pas été cartographiée.",2026-08-20
HT0931,HTC-0931,Môle Saint Nicolas,littoral,Littoral et balnéaire,3,SRC-028,OpenStreetMap via HOT — © contributeurs OSM (ODbL),extraits des 14 et 21/08/2026,"Compte ce qui est CARTOGRAPHIÉ, pas ce qui existe ni ce qui est ouvert. Une commune absente n'a pas zéro établissement : elle n'a pas été cartographiée.",2026-08-20
HT0932,HTC-0932,Baie de Henne,sites,Sites et attractions,1,SRC-028,OpenStreetMap via HOT — © contributeurs OSM (ODbL),extraits des 14 et 21/08/2026,"Compte ce qui est CARTOGRAPHIÉ, pas ce qui existe ni ce qui est ouvert. Une commune absente n'a pas zéro établissement : elle n'a pas été cartographiée.",2026-08-20
HT0932,HTC-0932,Baie de Henne,information,Information touristique,4,SRC-028,OpenStreetMap via HOT — © contributeurs OSM (ODbL),extraits des 14 et 21/08/2026,"Compte ce qui est CARTOGRAPHIÉ, pas ce qui existe ni ce qui est ouvert. Une commune absente n'a pas zéro établissement : elle n'a pas été cartographiée.",2026-08-20
HT0932,HTC-0932,Baie de Henne,restauration,Restauration et sorties,4,SRC-028,OpenStreetMap via HOT — © contributeurs OSM (ODbL),extraits des 14 et 21/08/2026,"Compte ce qui est CARTOGRAPHIÉ, pas ce qui existe ni ce qui est ouvert. Une commune absente n'a pas zéro établissement : elle n'a pas été cartographiée.",2026-08-20
HT0932,HTC-0932,Baie de Henne,culture,Lieux de culture,1,SRC-028,OpenStreetMap via HOT — © contributeurs OSM (ODbL),extraits des 14 et 21/08/2026,"Compte ce qui est CARTOGRAPHIÉ, pas ce qui existe ni ce qui est ouvert. Une commune absente n'a pas zéro établissement : elle n'a pas été cartographiée.",2026-08-20
HT0933,HTC-0933,Bombardopolis,hebergement,Hébergement,1,SRC-028,OpenStreetMap via HOT — © contributeurs OSM (ODbL),extraits des 14 et 21/08/2026,"Compte ce qui est CARTOGRAPHIÉ, pas ce qui existe ni ce qui est ouvert. Une commune absente n'a pas zéro établissement : elle n'a pas été cartographiée.",2026-08-20
HT0933,HTC-0933,Bombardopolis,information,Information touristique,1,SRC-028,OpenStreetMap via HOT — © contributeurs OSM (ODbL),extraits des 14 et 21/08/2026,"Compte ce qui est CARTOGRAPHIÉ, pas ce qui existe ni ce qui est ouvert. Une commune absente n'a pas zéro établissement : elle n'a pas été cartographiée.",2026-08-20
HT0933,HTC-0933,Bombardopolis,restauration,Restauration et sorties,1,SRC-028,OpenStreetMap via HOT — © contributeurs OSM (ODbL),extraits des 14 et 21/08/2026,"Compte ce qui est CARTOGRAPHIÉ, pas ce qui existe ni ce qui est ouvert. Une commune absente n'a pas zéro établissement : elle n'a pas été cartographiée.",2026-08-20
HT0934,HTC-0934,Jean Rabel,hebergement,Hébergement,1,SRC-028,OpenStreetMap via HOT — © contributeurs OSM (ODbL),extraits des 14 et 21/08/2026,"Compte ce qui est CARTOGRAPHIÉ, pas ce qui existe ni ce qui est ouvert. Une commune absente n'a pas zéro établissement : elle n'a pas été cartographiée.",2026-08-20
HT0934,HTC-0934,Jean Rabel,restauration,Restauration et sorties,1,SRC-028,OpenStreetMap via HOT — © contributeurs OSM (ODbL),extraits des 14 et 21/08/2026,"Compte ce qui est CARTOGRAPHIÉ, pas ce qui existe ni ce qui est ouvert. Une commune absente n'a pas zéro établissement : elle n'a pas été cartographiée.",2026-08-20
HT0934,HTC-0934,Jean Rabel,culture,Lieux de culture,1,SRC-028,OpenStreetMap via HOT — © contributeurs OSM (ODbL),extraits des 14 et 21/08/2026,"Compte ce qui est CARTOGRAPHIÉ, pas ce qui existe ni ce qui est ouvert. Une commune absente n'a pas zéro établissement : elle n'a pas été cartographiée.",2026-08-20
HT1011,HTC-1011,Miragoâne,hebergement,Hébergement,2,SRC-028,OpenStreetMap via HOT — © contributeurs OSM (ODbL),extraits des 14 et 21/08/2026,"Compte ce qui est CARTOGRAPHIÉ, pas ce qui existe ni ce qui est ouvert. Une commune absente n'a pas zéro établissement : elle n'a pas été cartographiée.",2026-08-20
HT1011,HTC-1011,Miragoâne,plein_air,Plein air,1,SRC-028,OpenStreetMap via HOT — © contributeurs OSM (ODbL),extraits des 14 et 21/08/2026,"Compte ce qui est CARTOGRAPHIÉ, pas ce qui existe ni ce qui est ouvert. Une commune absente n'a pas zéro établissement : elle n'a pas été cartographiée.",2026-08-20
HT1011,HTC-1011,Miragoâne,restauration,Restauration et sorties,2,SRC-028,OpenStreetMap via HOT — © contributeurs OSM (ODbL),extraits des 14 et 21/08/2026,"Compte ce qui est CARTOGRAPHIÉ, pas ce qui existe ni ce qui est ouvert. Une commune absente n'a pas zéro établissement : elle n'a pas été cartographiée.",2026-08-20
HT1011,HTC-1011,Miragoâne,littoral,Littoral et balnéaire,1,SRC-028,OpenStreetMap via HOT — © contributeurs OSM (ODbL),extraits des 14 et 21/08/2026,"Compte ce qui est CARTOGRAPHIÉ, pas ce qui existe ni ce qui est ouvert. Une commune absente n'a pas zéro établissement : elle n'a pas été cartographiée.",2026-08-20
HT1012,HTC-1012,Petite Rivière de Nippes,hebergement,Hébergement,4,SRC-028,OpenStreetMap via HOT — © contributeurs OSM (ODbL),extraits des 14 et 21/08/2026,"Compte ce qui est CARTOGRAPHIÉ, pas ce qui existe ni ce qui est ouvert. Une commune absente n'a pas zéro établissement : elle n'a pas été cartographiée.",2026-08-20
HT1012,HTC-1012,Petite Rivière de Nippes,littoral,Littoral et balnéaire,2,SRC-028,OpenStreetMap via HOT — © contributeurs OSM (ODbL),extraits des 14 et 21/08/2026,"Compte ce qui est CARTOGRAPHIÉ, pas ce qui existe ni ce qui est ouvert. Une commune absente n'a pas zéro établissement : elle n'a pas été cartographiée.",2026-08-20
HT1013,HTC-1013,Fonds des Nègres,sites,Sites et attractions,1,SRC-028,OpenStreetMap via HOT — © contributeurs OSM (ODbL),extraits des 14 et 21/08/2026,"Compte ce qui est CARTOGRAPHIÉ, pas ce qui existe ni ce qui est ouvert. Une commune absente n'a pas zéro établissement : elle n'a pas été cartographiée.",2026-08-20
HT1013,HTC-1013,Fonds des Nègres,restauration,Restauration et sorties,1,SRC-028,OpenStreetMap via HOT — © contributeurs OSM (ODbL),extraits des 14 et 21/08/2026,"Compte ce qui est CARTOGRAPHIÉ, pas ce qui existe ni ce qui est ouvert. Une commune absente n'a pas zéro établissement : elle n'a pas été cartographiée.",2026-08-20
HT1021,HTC-1021,Anse-à-Veau,littoral,Littoral et balnéaire,3,SRC-028,OpenStreetMap via HOT — © contributeurs OSM (ODbL),extraits des 14 et 21/08/2026,"Compte ce qui est CARTOGRAPHIÉ, pas ce qui existe ni ce qui est ouvert. Une commune absente n'a pas zéro établissement : elle n'a pas été cartographiée.",2026-08-20
HT1021,HTC-1021,Anse-à-Veau,nature,Curiosités naturelles,2,SRC-028,OpenStreetMap via HOT — © contributeurs OSM (ODbL),extraits des 14 et 21/08/2026,"Compte ce qui est CARTOGRAPHIÉ, pas ce qui existe ni ce qui est ouvert. Une commune absente n'a pas zéro établissement : elle n'a pas été cartographiée.",2026-08-20
HT1022,HTC-1022,Petit Trou de Nippes,nature,Curiosités naturelles,1,SRC-028,OpenStreetMap via HOT — © contributeurs OSM (ODbL),extraits des 14 et 21/08/2026,"Compte ce qui est CARTOGRAPHIÉ, pas ce qui existe ni ce qui est ouvert. Une commune absente n'a pas zéro établissement : elle n'a pas été cartographiée.",2026-08-20
HT1023,HTC-1023,L'Asile,restauration,Restauration et sorties,1,SRC-028,OpenStreetMap via HOT — © contributeurs OSM (ODbL),extraits des 14 et 21/08/2026,"Compte ce qui est CARTOGRAPHIÉ, pas ce qui existe ni ce qui est ouvert. Une commune absente n'a pas zéro établissement : elle n'a pas été cartographiée.",2026-08-20
HT1023,HTC-1023,L'Asile,patrimoine,Patrimoine bâti,1,SRC-028,OpenStreetMap via HOT — © contributeurs OSM (ODbL),extraits des 14 et 21/08/2026,"Compte ce qui est CARTOGRAPHIÉ, pas ce qui existe ni ce qui est ouvert. Une commune absente n'a pas zéro établissement : elle n'a pas été cartographiée.",2026-08-20
HT1031,HTC-1031,Baradères,hebergement,Hébergement,1,SRC-028,OpenStreetMap via HOT — © contributeurs OSM (ODbL),extraits des 14 et 21/08/2026,"Compte ce qui est CARTOGRAPHIÉ, pas ce qui existe ni ce qui est ouvert. Une commune absente n'a pas zéro établissement : elle n'a pas été cartographiée.",2026-08-20
HT1031,HTC-1031,Baradères,littoral,Littoral et balnéaire,2,SRC-028,OpenStreetMap via HOT — © contributeurs OSM (ODbL),extraits des 14 et 21/08/2026,"Compte ce qui est CARTOGRAPHIÉ, pas ce qui existe ni ce qui est ouvert. Une commune absente n'a pas zéro établissement : elle n'a pas été cartographiée.",2026-08-20
