{"type":"FeatureCollection","name":"Haïti — communes, contours d'affichage","crs":{"type":"name","properties":{"name":"urn:ogc:def:crs:OGC:1.3:CRS84"}},"traitement":"Simplification Douglas-Peucker, tolérance 0.0018 degré ; îlots de moins de 0.0004 degré carré écartés. Contours d'AFFICHAGE : la géométrie complète, au mètre et avec ses attributs, reste dans le Pack Géo.","source":"CNIGS / UN OCHA COD-AB Haïti","licence":"CC BY 3.0 IGO","features":[{"type":"Feature","geometry":{"type":"Polygon","coordinates":[[[-74.258,18.651],[-74.258,18.662],[-74.263,18.667],[-74.27,18.656],[-74.275,18.654],[-74.279,18.648],[-74.288,18.652],[-74.291,18.66],[-74.297,18.662],[-74.308,18.659],[-74.305,18.653],[-74.309,18.65],[-74.315,18.654],[-74.33,18.655],[-74.337,18.648],[-74.344,18.651],[-74.344,18.648],[-74.349,18.648],[-74.353,18.643],[-74.364,18.64],[-74.368,18.636],[-74.376,18.636],[-74.386,18.644],[-74.389,18.639],[-74.382,18.628],[-74.369,18.62],[-74.371,18.617],[-74.377,18.616],[-74.381,18.601],[-74.374,18.591],[-74.363,18.589],[-74.352,18.583],[-74.347,18.573],[-74.336,18.572],[-74.34,18.564],[-74.338,18.562],[-74.333,18.562],[-74.332,18.57],[-74.324,18.563],[-74.321,18.567],[-74.316,18.566],[-74.314,18.574],[-74.298,18.579],[-74.288,18.566],[-74.274,18.59],[-74.266,18.595],[-74.259,18.594],[-74.257,18.607],[-74.261,18.613],[-74.255,18.637],[-74.258,18.642],[-74.258,18.651]]]},"properties":{"atmart_geo_id":"HTC-0812","pcode":"HT0812","nom_fr":"Abricots","nom_ht":"Abriko","niveau_admin":"3"}},{"type":"Feature","geometry":{"type":"Polygon","coordinates":[[[-72.353,19.782],[-72.359,19.781],[-72.359,19.775],[-72.364,19.776],[-72.377,19.753],[-72.373,19.745],[-72.374,19.741],[-72.371,19.737],[-72.371,19.724],[-72.364,19.718],[-72.362,19.712],[-72.354,19.709],[-72.353,19.704],[-72.341,19.691],[-72.342,19.686],[-72.361,19.666],[-72.359,19.658],[-72.365,19.655],[-72.371,19.655],[-72.372,19.652],[-72.377,19.651],[-72.397,19.631],[-72.396,19.611],[-72.404,19.61],[-72.403,19.604],[-72.406,19.599],[-72.403,19.594],[-72.406,19.583],[-72.403,19.577],[-72.412,19.571],[-72.393,19.562],[-72.39,19.566],[-72.391,19.573],[-72.381,19.586],[-72.375,19.59],[-72.365,19.592],[-72.359,19.586],[-72.359,19.582],[-72.366,19.577],[-72.367,19.566],[-72.362,19.567],[-72.359,19.573],[-72.328,19.572],[-72.319,19.559],[-72.288,19.559],[-72.285,19.565],[-72.27,19.565],[-72.273,19.583],[-72.279,19.588],[-72.274,19.592],[-72.272,19.613],[-72.278,19.638],[-72.273,19.642],[-72.273,19.647],[-72.277,19.648],[-72.276,19.65],[-72.285,19.65],[-72.289,19.647],[-72.298,19.645],[-72.295,19.649],[-72.297,19.651],[-72.289,19.655],[-72.285,19.674],[-72.279,19.69],[-72.286,19.699],[-72.294,19.696],[-72.301,19.707],[-72.304,19.707],[-72.304,19.711],[-72.31,19.717],[-72.31,19.72],[-72.312,19.717],[-72.31,19.711],[-72.317,19.707],[-72.332,19.714],[-72.337,19.723],[-72.337,19.732],[-72.343,19.748],[-72.338,19.752],[-72.33,19.743],[-72.333,19.747],[-72.328,19.749],[-72.327,19.744],[-72.327,19.749],[-72.333,19.754],[-72.339,19.771],[-72.353,19.782]]]},"properties":{"atmart_geo_id":"HTC-0321","pcode":"HT0321","nom_fr":"Acul du Nord","nom_ht":"Akil dinò","niveau_admin":"3"}},{"type":"Feature","geometry":{"type":"Polygon","coordinates":[[[-72.636,19.907],[-72.641,19.909],[-72.647,19.906],[-72.653,19.89],[-72.667,19.877],[-72.662,19.871],[-72.669,19.86],[-72.675,19.856],[-72.679,19.84],[-72.677,19.833],[-72.661,19.829],[-72.639,19.829],[-72.639,19.819],[-72.632,19.817],[-72.63,19.812],[-72.615,19.818],[-72.615,19.831],[-72.607,19.838],[-72.598,19.837],[-72.594,19.83],[-72.591,19.831],[-72.596,19.84],[-72.59,19.85],[-72.584,19.852],[-72.58,19.85],[-72.583,19.866],[-72.567,19.878],[-72.562,19.878],[-72.56,19.882],[-72.574,19.887],[-72.573,19.892],[-72.58,19.897],[-72.583,19.895],[-72.584,19.898],[-72.592,19.899],[-72.594,19.895],[-72.618,19.893],[-72.632,19.897],[-72.636,19.903],[-72.636,19.907]]]},"properties":{"atmart_geo_id":"HTC-0922","pcode":"HT0922","nom_fr":"Anse-à-Foleur","nom_ht":"Ansafolè","niveau_admin":"3"}},{"type":"Feature","geometry":{"type":"Polygon","coordinates":[[[-71.747,18.293],[-71.78,18.283],[-71.792,18.252],[-71.8,18.243],[-71.806,18.23],[-71.819,18.225],[-71.815,18.219],[-71.827,18.22],[-71.828,18.215],[-71.819,18.197],[-71.825,18.19],[-71.828,18.18],[-71.841,18.176],[-71.843,18.154],[-71.846,18.144],[-71.854,18.133],[-71.854,18.128],[-71.85,18.121],[-71.842,18.119],[-71.818,18.096],[-71.815,18.086],[-71.818,18.079],[-71.813,18.074],[-71.784,18.051],[-71.768,18.042],[-71.759,18.032],[-71.756,18.042],[-71.745,18.052],[-71.744,18.065],[-71.738,18.069],[-71.739,18.077],[-71.736,18.081],[-71.741,18.091],[-71.736,18.096],[-71.739,18.1],[-71.747,18.1],[-71.75,18.111],[-71.746,18.122],[-71.748,18.126],[-71.745,18.127],[-71.748,18.13],[-71.744,18.132],[-71.746,18.137],[-71.752,18.139],[-71.749,18.142],[-71.747,18.141],[-71.747,18.148],[-71.75,18.149],[-71.755,18.142],[-71.754,18.146],[-71.759,18.146],[-71.759,18.153],[-71.761,18.152],[-71.769,18.162],[-71.766,18.168],[-71.778,18.166],[-71.783,18.169],[-71.787,18.181],[-71.781,18.193],[-71.772,18.198],[-71.774,18.204],[-71.769,18.22],[-71.758,18.227],[-71.757,18.24],[-71.725,18.292],[-71.739,18.29],[-71.747,18.293]]]},"properties":{"atmart_geo_id":"HTC-0234","pcode":"HT0234","nom_fr":"Anse-à-Pître","nom_ht":"Ansapit","niveau_admin":"3"}},{"type":"Feature","geometry":{"type":"Polygon","coordinates":[[[-73.441,18.525],[-73.446,18.522],[-73.443,18.512],[-73.45,18.497],[-73.444,18.489],[-73.422,18.501],[-73.417,18.492],[-73.416,18.495],[-73.412,18.496],[-73.382,18.487],[-73.369,18.485],[-73.365,18.489],[-73.354,18.488],[-73.356,18.476],[-73.361,18.474],[-73.363,18.454],[-73.353,18.448],[-73.349,18.449],[-73.342,18.441],[-73.341,18.437],[-73.348,18.434],[-73.334,18.425],[-73.321,18.422],[-73.321,18.42],[-73.314,18.419],[-73.311,18.414],[-73.296,18.41],[-73.268,18.404],[-73.264,18.401],[-73.259,18.408],[-73.262,18.414],[-73.258,18.442],[-73.263,18.447],[-73.276,18.45],[-73.278,18.453],[-73.274,18.459],[-73.274,18.483],[-73.294,18.483],[-73.331,18.503],[-73.345,18.506],[-73.347,18.503],[-73.35,18.507],[-73.364,18.511],[-73.393,18.514],[-73.407,18.521],[-73.416,18.519],[-73.441,18.525]]]},"properties":{"atmart_geo_id":"HTC-1021","pcode":"HT1021","nom_fr":"Anse-à-Veau","nom_ht":"Ansavo","niveau_admin":"3"}},{"type":"Feature","geometry":{"type":"Polygon","coordinates":[[[-73.069,18.924],[-73.08,18.93],[-73.091,18.931],[-73.09,18.922],[-73.098,18.913],[-73.119,18.913],[-73.122,18.909],[-73.121,18.863],[-73.118,18.854],[-73.099,18.843],[-73.087,18.851],[-73.08,18.842],[-73.068,18.835],[-73.062,18.841],[-73.052,18.839],[-73.047,18.831],[-73.042,18.832],[-73.04,18.826],[-73.032,18.819],[-73.026,18.822],[-73.006,18.818],[-72.995,18.798],[-72.997,18.794],[-72.997,18.759],[-72.994,18.751],[-72.996,18.744],[-72.922,18.74],[-72.902,18.731],[-72.885,18.726],[-72.867,18.725],[-72.85,18.717],[-72.839,18.721],[-72.836,18.719],[-72.839,18.713],[-72.837,18.704],[-72.834,18.701],[-72.831,18.702],[-72.824,18.693],[-72.818,18.694],[-72.817,18.701],[-72.813,18.698],[-72.808,18.703],[-72.806,18.705],[-72.818,18.718],[-72.819,18.722],[-72.813,18.728],[-72.794,18.733],[-72.793,18.735],[-72.804,18.753],[-72.808,18.767],[-72.806,18.777],[-72.81,18.785],[-72.819,18.795],[-72.822,18.804],[-72.846,18.826],[-72.852,18.829],[-72.853,18.831],[-72.846,18.834],[-72.863,18.835],[-72.868,18.84],[-72.882,18.841],[-72.893,18.848],[-72.904,18.85],[-72.921,18.851],[-72.934,18.856],[-72.937,18.855],[-72.945,18.862],[-72.957,18.863],[-72.968,18.872],[-72.992,18.883],[-73.0,18.895],[-73.009,18.897],[-73.023,18.906],[-73.042,18.911],[-73.046,18.918],[-73.059,18.925],[-73.069,18.924]]]},"properties":{"atmart_geo_id":"HTC-0151","pcode":"HT0151","nom_fr":"Anse à Galets","nom_ht":"Ansa galè ","niveau_admin":"3"}},{"type":"Feature","geometry":{"type":"Polygon","coordinates":[[[-74.372,18.494],[-74.374,18.501],[-74.368,18.506],[-74.375,18.511],[-74.395,18.499],[-74.394,18.494],[-74.415,18.502],[-74.435,18.497],[-74.456,18.499],[-74.463,18.491],[-74.453,18.486],[-74.453,18.471],[-74.462,18.465],[-74.459,18.462],[-74.465,18.459],[-74.465,18.453],[-74.471,18.45],[-74.47,18.444],[-74.474,18.44],[-74.473,18.434],[-74.48,18.428],[-74.475,18.427],[-74.473,18.42],[-74.451,18.42],[-74.447,18.425],[-74.441,18.424],[-74.443,18.43],[-74.435,18.439],[-74.429,18.436],[-74.411,18.442],[-74.397,18.427],[-74.395,18.432],[-74.398,18.439],[-74.381,18.452],[-74.366,18.444],[-74.362,18.436],[-74.351,18.43],[-74.344,18.42],[-74.334,18.419],[-74.328,18.428],[-74.314,18.429],[-74.315,18.439],[-74.308,18.446],[-74.305,18.46],[-74.324,18.46],[-74.327,18.463],[-74.334,18.459],[-74.343,18.466],[-74.359,18.464],[-74.356,18.478],[-74.37,18.486],[-74.372,18.489],[-74.369,18.491],[-74.372,18.494]]]},"properties":{"atmart_geo_id":"HTC-0821","pcode":"HT0821","nom_fr":"Anse d'Hainault","nom_ht":"Ansdeno","niveau_admin":"3"}},{"type":"Feature","geometry":{"type":"Polygon","coordinates":[[[-73.016,19.732],[-73.027,19.733],[-73.033,19.738],[-73.047,19.742],[-73.057,19.741],[-73.07,19.731],[-73.08,19.731],[-73.087,19.714],[-73.106,19.703],[-73.102,19.7],[-73.104,19.696],[-73.116,19.703],[-73.121,19.702],[-73.122,19.692],[-73.118,19.687],[-73.118,19.676],[-73.136,19.64],[-73.128,19.633],[-73.122,19.632],[-73.117,19.638],[-73.103,19.642],[-73.063,19.633],[-73.053,19.63],[-73.023,19.61],[-73.014,19.609],[-73.016,19.606],[-73.013,19.606],[-73.003,19.605],[-73.0,19.611],[-72.994,19.614],[-72.991,19.612],[-72.998,19.602],[-72.982,19.59],[-72.979,19.596],[-72.977,19.595],[-72.978,19.587],[-72.964,19.58],[-72.96,19.575],[-72.921,19.562],[-72.89,19.545],[-72.887,19.546],[-72.887,19.542],[-72.872,19.541],[-72.848,19.531],[-72.833,19.516],[-72.822,19.514],[-72.805,19.501],[-72.793,19.511],[-72.791,19.519],[-72.785,19.521],[-72.783,19.528],[-72.787,19.537],[-72.799,19.542],[-72.804,19.541],[-72.811,19.545],[-72.819,19.545],[-72.836,19.574],[-72.845,19.576],[-72.833,19.581],[-72.832,19.585],[-72.826,19.587],[-72.82,19.594],[-72.838,19.601],[-72.857,19.619],[-72.876,19.631],[-72.878,19.636],[-72.882,19.634],[-72.88,19.638],[-72.891,19.645],[-72.874,19.647],[-72.868,19.658],[-72.855,19.663],[-72.858,19.671],[-72.879,19.676],[-72.876,19.683],[-72.871,19.682],[-72.855,19.69],[-72.851,19.696],[-72.85,19.702],[-72.858,19.713],[-72.877,19.709],[-72.895,19.71],[-72.897,19.714],[-72.925,19.718],[-72.924,19.726],[-72.927,19.729],[-72.953,19.725],[-72.967,19.728],[-72.979,19.722],[-72.992,19.722],[-73.016,19.732]]]},"properties":{"atmart_geo_id":"HTC-0523","pcode":"HT0523","nom_fr":"Anse Rouge","nom_ht":"Ans Rouj","niveau_admin":"3"}},{"type":"Feature","geometry":{"type":"Polygon","coordinates":[[[-73.329,18.369],[-73.336,18.369],[-73.348,18.349],[-73.355,18.343],[-73.363,18.345],[-73.405,18.348],[-73.412,18.342],[-73.437,18.343],[-73.454,18.329],[-73.454,18.315],[-73.464,18.311],[-73.459,18.308],[-73.462,18.301],[-73.458,18.293],[-73.448,18.292],[-73.431,18.295],[-73.427,18.293],[-73.417,18.274],[-73.421,18.26],[-73.42,18.255],[-73.409,18.253],[-73.408,18.249],[-73.404,18.257],[-73.409,18.256],[-73.41,18.261],[-73.403,18.261],[-73.405,18.266],[-73.4,18.264],[-73.399,18.268],[-73.398,18.264],[-73.397,18.267],[-73.393,18.267],[-73.396,18.269],[-73.392,18.27],[-73.393,18.26],[-73.391,18.261],[-73.392,18.279],[-73.39,18.28],[-73.383,18.268],[-73.383,18.273],[-73.378,18.268],[-73.37,18.266],[-73.371,18.263],[-73.367,18.259],[-73.356,18.257],[-73.352,18.255],[-73.353,18.252],[-73.351,18.253],[-73.357,18.248],[-73.357,18.242],[-73.366,18.238],[-73.37,18.218],[-73.358,18.217],[-73.355,18.224],[-73.349,18.224],[-73.348,18.22],[-73.343,18.219],[-73.341,18.222],[-73.322,18.224],[-73.309,18.23],[-73.284,18.233],[-73.272,18.228],[-73.27,18.217],[-73.267,18.215],[-73.241,18.217],[-73.236,18.212],[-73.211,18.213],[-73.207,18.21],[-73.186,18.211],[-73.178,18.209],[-73.172,18.211],[-73.141,18.197],[-73.084,18.186],[-73.067,18.187],[-73.056,18.183],[-73.041,18.182],[-73.023,18.182],[-73.012,18.187],[-73.004,18.186],[-73.01,18.193],[-73.004,18.199],[-73.009,18.207],[-73.001,18.207],[-73.01,18.209],[-73.007,18.218],[-73.01,18.22],[-73.009,18.224],[-73.016,18.221],[-73.015,18.228],[-73.023,18.225],[-73.017,18.237],[-73.031,18.241],[-73.03,18.251],[-73.038,18.257],[-73.036,18.259],[-73.042,18.26],[-73.039,18.263],[-73.038,18.27],[-73.043,18.271],[-73.041,18.272],[-73.042,18.277],[-73.048,18.28],[-73.052,18.287],[-73.044,18.294],[-73.047,18.297],[-73.042,18.3],[-73.047,18.302],[-73.05,18.3],[-73.052,18.303],[-73.056,18.301],[-73.059,18.303],[-73.068,18.323],[-73.072,18.323],[-73.071,18.331],[-73.073,18.33],[-73.072,18.327],[-73.08,18.329],[-73.081,18.335],[-73.097,18.345],[-73.1,18.353],[-73.11,18.362],[-73.115,18.361],[-73.119,18.363],[-73.125,18.359],[-73.142,18.365],[-73.157,18.35],[-73.165,18.351],[-73.173,18.356],[-73.179,18.357],[-73.187,18.363],[-73.195,18.364],[-73.218,18.363],[-73.228,18.352],[-73.259,18.353],[-73.267,18.36],[-73.277,18.361],[-73.287,18.368],[-73.295,18.368],[-73.294,18.366],[-73.296,18.366],[-73.299,18.369],[-73.319,18.363],[-73.329,18.369]]]},"properties":{"atmart_geo_id":"HTC-0731","pcode":"HT0731","nom_fr":"Aquin","nom_ht":"Aken","niveau_admin":"3"}},{"type":"Feature","geometry":{"type":"Polygon","coordinates":[[[-72.627,18.973],[-72.628,18.977],[-72.632,18.973],[-72.634,18.976],[-72.638,18.971],[-72.65,18.972],[-72.658,18.967],[-72.664,18.972],[-72.671,18.969],[-72.679,18.969],[-72.677,18.973],[-72.682,18.973],[-72.685,18.967],[-72.699,18.959],[-72.71,18.942],[-72.69,18.941],[-72.648,18.918],[-72.643,18.91],[-72.635,18.906],[-72.629,18.895],[-72.619,18.887],[-72.616,18.881],[-72.617,18.872],[-72.611,18.859],[-72.603,18.861],[-72.598,18.858],[-72.593,18.847],[-72.576,18.834],[-72.561,18.796],[-72.549,18.79],[-72.543,18.777],[-72.536,18.773],[-72.522,18.768],[-72.503,18.767],[-72.496,18.765],[-72.493,18.768],[-72.487,18.768],[-72.482,18.772],[-72.481,18.785],[-72.47,18.795],[-72.467,18.819],[-72.462,18.82],[-72.457,18.816],[-72.443,18.821],[-72.435,18.829],[-72.423,18.835],[-72.423,18.841],[-72.411,18.835],[-72.408,18.84],[-72.409,18.843],[-72.401,18.842],[-72.399,18.845],[-72.389,18.839],[-72.385,18.847],[-72.381,18.841],[-72.376,18.842],[-72.381,18.851],[-72.378,18.853],[-72.36,18.856],[-72.363,18.859],[-72.362,18.864],[-72.382,18.879],[-72.392,18.893],[-72.397,18.894],[-72.404,18.902],[-72.415,18.904],[-72.42,18.913],[-72.423,18.912],[-72.428,18.917],[-72.437,18.92],[-72.436,18.923],[-72.443,18.924],[-72.455,18.92],[-72.459,18.927],[-72.467,18.926],[-72.496,18.959],[-72.509,18.96],[-72.515,18.955],[-72.531,18.96],[-72.537,18.957],[-72.541,18.962],[-72.555,18.962],[-72.558,18.965],[-72.586,18.97],[-72.591,18.973],[-72.598,18.972],[-72.603,18.975],[-72.616,18.976],[-72.62,18.971],[-72.627,18.973]]]},"properties":{"atmart_geo_id":"HTC-0141","pcode":"HT0141","nom_fr":"Arcahaie","nom_ht":"Akayè","niveau_admin":"3"}},{"type":"Feature","geometry":{"type":"Polygon","coordinates":[[[-73.422,18.501],[-73.444,18.489],[-73.434,18.48],[-73.435,18.468],[-73.43,18.457],[-73.43,18.452],[-73.423,18.451],[-73.417,18.445],[-73.402,18.447],[-73.399,18.445],[-73.4,18.44],[-73.409,18.436],[-73.413,18.429],[-73.412,18.425],[-73.404,18.419],[-73.409,18.414],[-73.409,18.412],[-73.404,18.411],[-73.409,18.408],[-73.403,18.406],[-73.401,18.409],[-73.395,18.404],[-73.393,18.406],[-73.392,18.402],[-73.388,18.402],[-73.385,18.395],[-73.384,18.398],[-73.377,18.395],[-73.376,18.402],[-73.37,18.396],[-73.371,18.401],[-73.359,18.407],[-73.361,18.413],[-73.359,18.415],[-73.35,18.409],[-73.344,18.41],[-73.342,18.414],[-73.339,18.411],[-73.326,18.411],[-73.321,18.422],[-73.334,18.425],[-73.348,18.434],[-73.341,18.437],[-73.342,18.441],[-73.349,18.449],[-73.353,18.448],[-73.363,18.454],[-73.361,18.474],[-73.356,18.476],[-73.354,18.488],[-73.365,18.489],[-73.369,18.485],[-73.382,18.487],[-73.412,18.496],[-73.416,18.495],[-73.417,18.492],[-73.422,18.501]]]},"properties":{"atmart_geo_id":"HTC-1024","pcode":"HT1024","nom_fr":"Arnaud","nom_ht":"Ano","niveau_admin":"3"}},{"type":"Feature","geometry":{"type":"Polygon","coordinates":[[[-73.895,18.128],[-73.884,18.135],[-73.873,18.153],[-73.875,18.155],[-73.884,18.166],[-73.894,18.168],[-73.92,18.188],[-73.941,18.195],[-73.946,18.189],[-73.949,18.176],[-73.947,18.133],[-73.95,18.132],[-73.943,18.119],[-73.943,18.109],[-73.934,18.113],[-73.921,18.108],[-73.905,18.125],[-73.898,18.12],[-73.894,18.124],[-73.895,18.128]]]},"properties":{"atmart_geo_id":"HTC-0723","pcode":"HT0723","nom_fr":"Arniquet","nom_ht":"Anikè","niveau_admin":"3"}},{"type":"Feature","geometry":{"type":"Polygon","coordinates":[[[-72.095,19.512],[-72.095,19.516],[-72.098,19.512],[-72.127,19.502],[-72.132,19.502],[-72.133,19.507],[-72.145,19.502],[-72.154,19.506],[-72.181,19.492],[-72.167,19.477],[-72.143,19.432],[-72.139,19.43],[-72.134,19.422],[-72.132,19.41],[-72.134,19.398],[-72.127,19.389],[-72.127,19.385],[-72.115,19.394],[-72.111,19.405],[-72.115,19.409],[-72.11,19.412],[-72.111,19.417],[-72.108,19.419],[-72.11,19.422],[-72.105,19.424],[-72.109,19.431],[-72.106,19.442],[-72.102,19.442],[-72.098,19.45],[-72.09,19.447],[-72.08,19.459],[-72.07,19.455],[-72.071,19.461],[-72.066,19.467],[-72.067,19.471],[-72.063,19.473],[-72.063,19.48],[-72.091,19.498],[-72.095,19.512]]]},"properties":{"atmart_geo_id":"HTC-0332","pcode":"HT0332","nom_fr":"Bahon","nom_ht":"Baron","niveau_admin":"3"}},{"type":"Feature","geometry":{"type":"Polygon","coordinates":[[[-73.171,19.773],[-73.173,19.786],[-73.183,19.799],[-73.188,19.796],[-73.186,19.787],[-73.195,19.779],[-73.196,19.772],[-73.203,19.772],[-73.215,19.768],[-73.216,19.762],[-73.214,19.757],[-73.224,19.755],[-73.215,19.74],[-73.218,19.735],[-73.234,19.727],[-73.243,19.718],[-73.255,19.712],[-73.263,19.719],[-73.27,19.73],[-73.272,19.719],[-73.279,19.707],[-73.285,19.681],[-73.293,19.67],[-73.292,19.656],[-73.296,19.629],[-73.287,19.632],[-73.281,19.63],[-73.263,19.634],[-73.259,19.63],[-73.231,19.63],[-73.22,19.647],[-73.22,19.656],[-73.207,19.662],[-73.193,19.647],[-73.179,19.639],[-73.145,19.626],[-73.131,19.623],[-73.126,19.624],[-73.122,19.632],[-73.128,19.633],[-73.136,19.64],[-73.136,19.644],[-73.118,19.676],[-73.118,19.687],[-73.122,19.692],[-73.121,19.702],[-73.124,19.703],[-73.129,19.712],[-73.13,19.726],[-73.141,19.738],[-73.14,19.744],[-73.149,19.743],[-73.161,19.754],[-73.157,19.758],[-73.158,19.762],[-73.168,19.762],[-73.171,19.773]]]},"properties":{"atmart_geo_id":"HTC-0932","pcode":"HT0932","nom_fr":"Baie de Henne","nom_ht":"Bèdeyèn","niveau_admin":"3"}},{"type":"Feature","geometry":{"type":"Polygon","coordinates":[[[-72.823,18.287],[-72.828,18.289],[-72.831,18.282],[-72.856,18.281],[-72.856,18.274],[-72.851,18.263],[-72.853,18.258],[-72.861,18.26],[-72.884,18.277],[-72.902,18.259],[-72.899,18.243],[-72.891,18.235],[-72.885,18.233],[-72.877,18.235],[-72.859,18.223],[-72.875,18.222],[-72.882,18.214],[-72.893,18.211],[-72.89,18.205],[-72.885,18.206],[-72.884,18.202],[-72.9,18.169],[-72.901,18.154],[-72.886,18.151],[-72.886,18.149],[-72.874,18.15],[-72.859,18.144],[-72.853,18.144],[-72.846,18.151],[-72.836,18.15],[-72.822,18.142],[-72.816,18.142],[-72.806,18.147],[-72.793,18.145],[-72.783,18.15],[-72.783,18.159],[-72.78,18.16],[-72.757,18.155],[-72.748,18.155],[-72.748,18.16],[-72.761,18.171],[-72.757,18.179],[-72.75,18.184],[-72.738,18.178],[-72.733,18.18],[-72.713,18.175],[-72.702,18.182],[-72.696,18.179],[-72.673,18.187],[-72.662,18.184],[-72.655,18.187],[-72.648,18.187],[-72.64,18.191],[-72.636,18.19],[-72.642,18.216],[-72.641,18.225],[-72.645,18.226],[-72.648,18.231],[-72.651,18.231],[-72.653,18.236],[-72.681,18.244],[-72.685,18.257],[-72.694,18.262],[-72.704,18.263],[-72.704,18.269],[-72.715,18.268],[-72.716,18.265],[-72.722,18.269],[-72.725,18.277],[-72.73,18.278],[-72.736,18.266],[-72.742,18.261],[-72.752,18.264],[-72.76,18.26],[-72.763,18.263],[-72.761,18.265],[-72.762,18.268],[-72.767,18.267],[-72.795,18.275],[-72.809,18.287],[-72.823,18.287]]]},"properties":{"atmart_geo_id":"HTC-0221","pcode":"HT0221","nom_fr":"Bainet","nom_ht":"Benè","niveau_admin":"3"}},{"type":"Feature","geometry":{"type":"Polygon","coordinates":[[[-73.724,18.544],[-73.732,18.55],[-73.736,18.546],[-73.732,18.541],[-73.737,18.536],[-73.743,18.523],[-73.754,18.517],[-73.768,18.502],[-73.767,18.496],[-73.742,18.489],[-73.738,18.484],[-73.743,18.478],[-73.765,18.465],[-73.766,18.459],[-73.775,18.454],[-73.776,18.442],[-73.779,18.441],[-73.78,18.424],[-73.774,18.418],[-73.759,18.424],[-73.743,18.421],[-73.738,18.416],[-73.721,18.415],[-73.707,18.421],[-73.702,18.42],[-73.682,18.4],[-73.677,18.398],[-73.672,18.403],[-73.672,18.431],[-73.668,18.433],[-73.666,18.445],[-73.671,18.462],[-73.666,18.462],[-73.649,18.449],[-73.642,18.439],[-73.619,18.454],[-73.6,18.455],[-73.587,18.459],[-73.587,18.466],[-73.595,18.473],[-73.595,18.479],[-73.58,18.489],[-73.571,18.506],[-73.576,18.505],[-73.578,18.51],[-73.578,18.504],[-73.583,18.505],[-73.588,18.501],[-73.593,18.504],[-73.598,18.501],[-73.599,18.504],[-73.608,18.501],[-73.608,18.504],[-73.611,18.501],[-73.611,18.503],[-73.615,18.501],[-73.618,18.503],[-73.622,18.499],[-73.623,18.504],[-73.627,18.505],[-73.626,18.502],[-73.636,18.506],[-73.647,18.501],[-73.662,18.499],[-73.665,18.503],[-73.664,18.506],[-73.673,18.509],[-73.672,18.517],[-73.667,18.525],[-73.664,18.524],[-73.666,18.528],[-73.66,18.533],[-73.663,18.535],[-73.664,18.541],[-73.674,18.54],[-73.678,18.545],[-73.681,18.545],[-73.682,18.538],[-73.685,18.536],[-73.684,18.545],[-73.689,18.545],[-73.689,18.542],[-73.693,18.539],[-73.694,18.546],[-73.7,18.541],[-73.7,18.543],[-73.712,18.543],[-73.711,18.541],[-73.716,18.544],[-73.718,18.542],[-73.721,18.546],[-73.723,18.542],[-73.724,18.544]]]},"properties":{"atmart_geo_id":"HTC-1031","pcode":"HT1031","nom_fr":"Baradères","nom_ht":"Baradè","niveau_admin":"3"}},{"type":"Feature","geometry":{"type":"Polygon","coordinates":[[[-72.381,19.816],[-72.388,19.817],[-72.386,19.81],[-72.395,19.804],[-72.408,19.805],[-72.418,19.808],[-72.417,19.801],[-72.422,19.795],[-72.414,19.778],[-72.406,19.774],[-72.404,19.769],[-72.418,19.766],[-72.419,19.757],[-72.424,19.748],[-72.424,19.745],[-72.416,19.744],[-72.416,19.742],[-72.424,19.74],[-72.423,19.734],[-72.429,19.73],[-72.43,19.724],[-72.418,19.715],[-72.411,19.713],[-72.409,19.708],[-72.393,19.707],[-72.398,19.713],[-72.397,19.716],[-72.392,19.718],[-72.389,19.717],[-72.384,19.726],[-72.371,19.724],[-72.371,19.737],[-72.374,19.741],[-72.373,19.745],[-72.377,19.753],[-72.364,19.776],[-72.359,19.775],[-72.359,19.781],[-72.354,19.783],[-72.379,19.802],[-72.382,19.808],[-72.381,19.816]]]},"properties":{"atmart_geo_id":"HTC-0362","pcode":"HT0362","nom_fr":"Bas Limbé","nom_ht":"Ba Lenbe","niveau_admin":"3"}},{"type":"Feature","geometry":{"type":"Polygon","coordinates":[[[-72.747,19.866],[-72.754,19.866],[-72.755,19.864],[-72.772,19.865],[-72.78,19.833],[-72.818,19.818],[-72.837,19.821],[-72.844,19.82],[-72.849,19.83],[-72.834,19.838],[-72.834,19.842],[-72.885,19.848],[-72.886,19.838],[-72.929,19.811],[-72.923,19.797],[-72.924,19.793],[-72.932,19.787],[-72.941,19.79],[-72.939,19.785],[-72.928,19.782],[-72.923,19.776],[-72.922,19.77],[-72.926,19.767],[-72.927,19.75],[-72.924,19.736],[-72.925,19.718],[-72.897,19.714],[-72.895,19.71],[-72.89,19.709],[-72.847,19.713],[-72.84,19.716],[-72.838,19.721],[-72.838,19.73],[-72.812,19.738],[-72.81,19.752],[-72.807,19.757],[-72.784,19.771],[-72.765,19.788],[-72.759,19.789],[-72.749,19.783],[-72.74,19.785],[-72.739,19.791],[-72.729,19.799],[-72.725,19.81],[-72.73,19.812],[-72.734,19.828],[-72.739,19.833],[-72.735,19.841],[-72.736,19.843],[-72.732,19.846],[-72.736,19.851],[-72.745,19.854],[-72.747,19.866]]]},"properties":{"atmart_geo_id":"HTC-0913","pcode":"HT0913","nom_fr":"Bassin Bleu","nom_ht":"Basenble","niveau_admin":"3"}},{"type":"Feature","geometry":{"type":"Polygon","coordinates":[[[-73.996,18.523],[-74.002,18.526],[-74.005,18.522],[-74.017,18.518],[-74.024,18.509],[-74.039,18.506],[-74.041,18.501],[-74.035,18.49],[-74.031,18.492],[-74.03,18.482],[-74.038,18.479],[-74.042,18.47],[-74.042,18.457],[-74.034,18.453],[-74.033,18.449],[-74.037,18.433],[-74.03,18.434],[-74.028,18.428],[-74.032,18.41],[-74.041,18.388],[-74.023,18.382],[-74.003,18.384],[-73.978,18.371],[-73.976,18.373],[-73.964,18.369],[-73.94,18.37],[-73.939,18.377],[-73.927,18.391],[-73.929,18.396],[-73.94,18.399],[-73.94,18.405],[-73.938,18.416],[-73.933,18.423],[-73.935,18.428],[-73.931,18.442],[-73.93,18.456],[-73.922,18.467],[-73.917,18.468],[-73.907,18.476],[-73.896,18.478],[-73.892,18.49],[-73.897,18.487],[-73.9,18.492],[-73.92,18.485],[-73.93,18.487],[-73.939,18.493],[-73.941,18.498],[-73.948,18.492],[-73.952,18.495],[-73.956,18.494],[-73.967,18.509],[-73.977,18.511],[-73.976,18.515],[-73.985,18.52],[-73.986,18.523],[-73.996,18.523]]]},"properties":{"atmart_geo_id":"HTC-0833","pcode":"HT0833","nom_fr":"Beaumont","nom_ht":"Bomon","niveau_admin":"3"}},{"type":"Feature","geometry":{"type":"Polygon","coordinates":[[[-71.835,18.966],[-71.835,18.97],[-71.84,18.969],[-71.844,18.963],[-71.84,18.958],[-71.845,18.958],[-71.849,18.964],[-71.854,18.955],[-71.861,18.964],[-71.861,18.948],[-71.869,18.946],[-71.875,18.949],[-71.88,18.942],[-71.883,18.943],[-71.891,18.917],[-71.887,18.911],[-71.883,18.913],[-71.885,18.906],[-71.906,18.892],[-71.906,18.888],[-71.914,18.886],[-71.915,18.883],[-71.915,18.88],[-71.911,18.881],[-71.902,18.874],[-71.891,18.88],[-71.893,18.876],[-71.889,18.874],[-71.903,18.864],[-71.903,18.854],[-71.892,18.833],[-71.876,18.824],[-71.867,18.814],[-71.869,18.802],[-71.857,18.785],[-71.848,18.792],[-71.843,18.793],[-71.838,18.789],[-71.818,18.797],[-71.819,18.785],[-71.811,18.78],[-71.8,18.785],[-71.795,18.782],[-71.782,18.764],[-71.768,18.768],[-71.76,18.765],[-71.757,18.773],[-71.729,18.772],[-71.722,18.804],[-71.721,18.833],[-71.726,18.839],[-71.727,18.855],[-71.723,18.881],[-71.727,18.877],[-71.738,18.878],[-71.739,18.891],[-71.76,18.906],[-71.768,18.907],[-71.783,18.948],[-71.781,18.954],[-71.791,18.958],[-71.795,18.953],[-71.797,18.957],[-71.802,18.954],[-71.805,18.959],[-71.812,18.96],[-71.814,18.965],[-71.826,18.964],[-71.823,18.969],[-71.833,18.963],[-71.835,18.966]]]},"properties":{"atmart_geo_id":"HTC-0632","pcode":"HT0632","nom_fr":"Belladère","nom_ht":"Beladè","niveau_admin":"3"}},{"type":"Feature","geometry":{"type":"Polygon","coordinates":[[[-72.222,18.35],[-72.254,18.357],[-72.253,18.352],[-72.236,18.337],[-72.24,18.328],[-72.229,18.304],[-72.232,18.297],[-72.227,18.28],[-72.231,18.268],[-72.221,18.251],[-72.224,18.222],[-72.198,18.222],[-72.159,18.232],[-72.146,18.23],[-72.133,18.232],[-72.126,18.229],[-72.099,18.236],[-72.089,18.234],[-72.084,18.239],[-72.067,18.235],[-72.052,18.237],[-72.04,18.232],[-72.034,18.217],[-72.01,18.206],[-72.0,18.214],[-71.993,18.211],[-71.987,18.203],[-71.957,18.195],[-71.947,18.204],[-71.946,18.213],[-71.938,18.217],[-71.937,18.223],[-71.94,18.225],[-71.933,18.232],[-71.939,18.232],[-71.939,18.235],[-71.931,18.241],[-71.934,18.255],[-71.928,18.265],[-71.932,18.273],[-71.917,18.295],[-71.953,18.317],[-71.974,18.313],[-71.986,18.315],[-72.002,18.312],[-72.004,18.318],[-72.033,18.32],[-72.039,18.328],[-72.042,18.321],[-72.056,18.326],[-72.067,18.32],[-72.09,18.338],[-72.128,18.336],[-72.152,18.347],[-72.16,18.349],[-72.179,18.346],[-72.19,18.353],[-72.222,18.35]]]},"properties":{"atmart_geo_id":"HTC-0231","pcode":"HT0231","nom_fr":"Belle-Anse","nom_ht":"Bèlans","niveau_admin":"3"}},{"type":"Feature","geometry":{"type":"Polygon","coordinates":[[[-73.289,19.751],[-73.309,19.772],[-73.316,19.769],[-73.319,19.761],[-73.348,19.75],[-73.359,19.752],[-73.377,19.745],[-73.379,19.738],[-73.378,19.728],[-73.384,19.73],[-73.398,19.74],[-73.408,19.727],[-73.413,19.697],[-73.425,19.693],[-73.437,19.679],[-73.443,19.678],[-73.437,19.668],[-73.416,19.649],[-73.41,19.648],[-73.391,19.634],[-73.377,19.63],[-73.374,19.632],[-73.364,19.623],[-73.356,19.626],[-73.342,19.624],[-73.335,19.627],[-73.321,19.624],[-73.305,19.629],[-73.296,19.629],[-73.292,19.656],[-73.293,19.67],[-73.285,19.681],[-73.279,19.707],[-73.272,19.719],[-73.27,19.73],[-73.282,19.739],[-73.281,19.745],[-73.289,19.751]]]},"properties":{"atmart_geo_id":"HTC-0933","pcode":"HT0933","nom_fr":"Bombardopolis","nom_ht":"Bonbadopolis","niveau_admin":"3"}},{"type":"Feature","geometry":{"type":"Polygon","coordinates":[[[-74.214,18.674],[-74.243,18.67],[-74.247,18.665],[-74.254,18.671],[-74.263,18.669],[-74.258,18.662],[-74.258,18.642],[-74.255,18.637],[-74.261,18.613],[-74.257,18.607],[-74.258,18.593],[-74.241,18.589],[-74.226,18.601],[-74.222,18.607],[-74.191,18.618],[-74.192,18.624],[-74.207,18.619],[-74.227,18.626],[-74.22,18.632],[-74.232,18.646],[-74.234,18.655],[-74.232,18.658],[-74.214,18.663],[-74.214,18.674]]]},"properties":{"atmart_geo_id":"HTC-0813","pcode":"HT0813","nom_fr":"Bonbon","nom_ht":"Trou Bonbon","niveau_admin":"3"}},{"type":"Feature","geometry":{"type":"Polygon","coordinates":[[[-72.555,19.878],[-72.561,19.88],[-72.562,19.878],[-72.567,19.878],[-72.583,19.866],[-72.58,19.85],[-72.584,19.852],[-72.59,19.85],[-72.596,19.84],[-72.591,19.831],[-72.594,19.83],[-72.598,19.837],[-72.602,19.838],[-72.611,19.836],[-72.616,19.828],[-72.615,19.818],[-72.619,19.815],[-72.63,19.812],[-72.632,19.817],[-72.639,19.819],[-72.639,19.829],[-72.652,19.828],[-72.67,19.832],[-72.685,19.832],[-72.677,19.814],[-72.681,19.804],[-72.674,19.779],[-72.668,19.776],[-72.653,19.777],[-72.656,19.786],[-72.643,19.785],[-72.639,19.778],[-72.637,19.774],[-72.64,19.772],[-72.631,19.771],[-72.631,19.766],[-72.624,19.764],[-72.619,19.765],[-72.597,19.759],[-72.588,19.764],[-72.583,19.764],[-72.581,19.767],[-72.576,19.767],[-72.579,19.754],[-72.572,19.747],[-72.574,19.743],[-72.572,19.739],[-72.565,19.739],[-72.559,19.735],[-72.556,19.737],[-72.549,19.733],[-72.533,19.733],[-72.529,19.739],[-72.517,19.739],[-72.513,19.751],[-72.514,19.759],[-72.51,19.764],[-72.502,19.764],[-72.509,19.768],[-72.507,19.777],[-72.511,19.786],[-72.508,19.791],[-72.513,19.797],[-72.499,19.794],[-72.488,19.795],[-72.485,19.791],[-72.477,19.791],[-72.478,19.796],[-72.464,19.808],[-72.475,19.815],[-72.487,19.815],[-72.489,19.821],[-72.494,19.82],[-72.5,19.825],[-72.498,19.835],[-72.504,19.836],[-72.507,19.847],[-72.512,19.848],[-72.513,19.841],[-72.518,19.84],[-72.522,19.85],[-72.53,19.848],[-72.541,19.858],[-72.54,19.862],[-72.555,19.87],[-72.556,19.872],[-72.552,19.874],[-72.555,19.878]]]},"properties":{"atmart_geo_id":"HTC-0351","pcode":"HT0351","nom_fr":"Borgne","nom_ht":"Bòn","niveau_admin":"3"}},{"type":"Feature","geometry":{"type":"Polygon","coordinates":[[[-72.222,19.083],[-72.23,19.061],[-72.24,19.05],[-72.241,19.044],[-72.239,19.037],[-72.248,19.029],[-72.245,19.01],[-72.238,19.002],[-72.237,18.993],[-72.241,18.985],[-72.238,18.97],[-72.225,18.956],[-72.227,18.948],[-72.238,18.938],[-72.238,18.932],[-72.244,18.918],[-72.241,18.917],[-72.25,18.909],[-72.248,18.906],[-72.241,18.905],[-72.233,18.898],[-72.224,18.898],[-72.224,18.89],[-72.218,18.892],[-72.213,18.888],[-72.198,18.888],[-72.2,18.88],[-72.186,18.877],[-72.184,18.869],[-72.179,18.863],[-72.164,18.863],[-72.163,18.852],[-72.157,18.851],[-72.155,18.845],[-72.142,18.849],[-72.141,18.86],[-72.137,18.862],[-72.128,18.856],[-72.127,18.843],[-72.117,18.847],[-72.101,18.838],[-72.096,18.847],[-72.086,18.852],[-72.084,18.859],[-72.096,18.861],[-72.096,18.873],[-72.101,18.876],[-72.1,18.878],[-72.092,18.883],[-72.089,18.881],[-72.087,18.893],[-72.075,18.907],[-72.062,18.899],[-72.057,18.903],[-72.042,18.898],[-72.031,18.906],[-72.02,18.907],[-71.997,18.925],[-71.998,18.937],[-72.004,18.936],[-72.008,18.942],[-72.012,18.943],[-72.021,18.941],[-72.032,18.943],[-72.042,18.937],[-72.044,18.932],[-72.048,18.933],[-72.06,18.944],[-72.064,18.957],[-72.075,18.961],[-72.08,18.973],[-72.097,18.981],[-72.098,18.992],[-72.105,19.009],[-72.11,19.009],[-72.109,19.012],[-72.115,19.016],[-72.118,19.015],[-72.118,19.027],[-72.123,19.028],[-72.132,19.024],[-72.137,19.016],[-72.162,19.04],[-72.166,19.047],[-72.191,19.072],[-72.189,19.078],[-72.191,19.081],[-72.201,19.078],[-72.222,19.083]]]},"properties":{"atmart_geo_id":"HTC-0623","pcode":"HT0623","nom_fr":"Boucan Carré","nom_ht":"Boukan Kare","niveau_admin":"3"}},{"type":"Feature","geometry":{"type":"Polygon","coordinates":[[[-72.369,18.856],[-72.381,18.851],[-72.376,18.842],[-72.381,18.841],[-72.385,18.847],[-72.389,18.839],[-72.399,18.845],[-72.401,18.842],[-72.409,18.843],[-72.408,18.84],[-72.411,18.835],[-72.423,18.841],[-72.423,18.835],[-72.435,18.829],[-72.443,18.821],[-72.457,18.816],[-72.462,18.82],[-72.467,18.819],[-72.47,18.795],[-72.481,18.785],[-72.482,18.772],[-72.487,18.768],[-72.477,18.76],[-72.471,18.76],[-72.463,18.755],[-72.461,18.748],[-72.458,18.747],[-72.459,18.734],[-72.453,18.731],[-72.45,18.72],[-72.427,18.714],[-72.401,18.712],[-72.395,18.715],[-72.379,18.704],[-72.379,18.701],[-72.368,18.698],[-72.352,18.687],[-72.352,18.69],[-72.333,18.682],[-72.321,18.693],[-72.317,18.693],[-72.312,18.704],[-72.323,18.704],[-72.326,18.707],[-72.336,18.711],[-72.334,18.715],[-72.338,18.722],[-72.329,18.73],[-72.329,18.734],[-72.352,18.736],[-72.352,18.74],[-72.358,18.747],[-72.352,18.753],[-72.352,18.757],[-72.358,18.765],[-72.352,18.769],[-72.344,18.771],[-72.333,18.781],[-72.336,18.783],[-72.326,18.789],[-72.332,18.796],[-72.328,18.797],[-72.319,18.812],[-72.336,18.838],[-72.356,18.855],[-72.369,18.856]]]},"properties":{"atmart_geo_id":"HTC-0142","pcode":"HT0142","nom_fr":"Cabaret","nom_ht":"Kabarè","niveau_admin":"3"}},{"type":"Feature","geometry":{"type":"Polygon","coordinates":[[[-73.821,18.413],[-73.843,18.407],[-73.879,18.407],[-73.903,18.401],[-73.906,18.399],[-73.906,18.389],[-73.898,18.377],[-73.893,18.375],[-73.895,18.364],[-73.907,18.362],[-73.926,18.367],[-73.929,18.362],[-73.927,18.353],[-73.93,18.349],[-73.926,18.347],[-73.928,18.343],[-73.923,18.339],[-73.926,18.337],[-73.911,18.325],[-73.91,18.318],[-73.9,18.309],[-73.88,18.303],[-73.872,18.31],[-73.868,18.311],[-73.867,18.292],[-73.842,18.265],[-73.818,18.274],[-73.817,18.278],[-73.812,18.279],[-73.812,18.282],[-73.816,18.288],[-73.823,18.29],[-73.828,18.297],[-73.833,18.325],[-73.822,18.336],[-73.803,18.336],[-73.81,18.346],[-73.803,18.35],[-73.818,18.353],[-73.82,18.357],[-73.811,18.364],[-73.81,18.369],[-73.818,18.384],[-73.815,18.394],[-73.821,18.398],[-73.814,18.407],[-73.821,18.413]]]},"properties":{"atmart_geo_id":"HTC-0714","pcode":"HT0714","nom_fr":"Camp-Perrin","nom_ht":"Kanperen","niveau_admin":"3"}},{"type":"Feature","geometry":{"type":"Polygon","coordinates":[[[-72.246,19.787],[-72.248,19.787],[-72.242,19.784],[-72.246,19.78],[-72.243,19.773],[-72.253,19.777],[-72.259,19.775],[-72.257,19.747],[-72.267,19.745],[-72.269,19.741],[-72.251,19.74],[-72.248,19.73],[-72.245,19.729],[-72.248,19.722],[-72.252,19.719],[-72.244,19.708],[-72.225,19.723],[-72.208,19.716],[-72.181,19.725],[-72.165,19.725],[-72.164,19.738],[-72.159,19.747],[-72.173,19.748],[-72.175,19.746],[-72.172,19.743],[-72.174,19.741],[-72.189,19.741],[-72.202,19.748],[-72.202,19.755],[-72.194,19.76],[-72.196,19.762],[-72.19,19.785],[-72.198,19.788],[-72.204,19.785],[-72.22,19.786],[-72.228,19.783],[-72.239,19.789],[-72.246,19.787]]]},"properties":{"atmart_geo_id":"HTC-0311","pcode":"HT0311","nom_fr":"Cap-Haïtien","nom_ht":"Kap Ayisyen","niveau_admin":"3"}},{"type":"Feature","geometry":{"type":"Polygon","coordinates":[[[-71.711,19.532],[-71.713,19.542],[-71.718,19.535],[-71.717,19.529],[-71.707,19.517],[-71.704,19.498],[-71.705,19.492],[-71.715,19.48],[-71.71,19.471],[-71.711,19.467],[-71.727,19.464],[-71.725,19.449],[-71.734,19.45],[-71.736,19.446],[-71.732,19.446],[-71.731,19.443],[-71.741,19.438],[-71.751,19.424],[-71.752,19.403],[-71.741,19.399],[-71.726,19.387],[-71.72,19.388],[-71.71,19.384],[-71.695,19.382],[-71.698,19.396],[-71.69,19.408],[-71.689,19.422],[-71.687,19.423],[-71.684,19.433],[-71.68,19.434],[-71.678,19.445],[-71.68,19.452],[-71.687,19.459],[-71.687,19.468],[-71.691,19.468],[-71.689,19.472],[-71.694,19.477],[-71.692,19.482],[-71.694,19.49],[-71.691,19.492],[-71.688,19.503],[-71.688,19.512],[-71.689,19.514],[-71.693,19.511],[-71.699,19.512],[-71.7,19.52],[-71.704,19.522],[-71.703,19.534],[-71.711,19.532]]]},"properties":{"atmart_geo_id":"HTC-0422","pcode":"HT0422","nom_fr":"Capotille","nom_ht":"Kapotiy","niveau_admin":"3"}},{"type":"Feature","geometry":{"type":"Polygon","coordinates":[[[-71.961,19.734],[-71.989,19.732],[-71.985,19.729],[-71.992,19.726],[-71.989,19.705],[-71.993,19.698],[-72.007,19.706],[-72.008,19.7],[-72.019,19.697],[-72.034,19.701],[-72.041,19.7],[-72.038,19.699],[-72.039,19.692],[-72.043,19.694],[-72.052,19.69],[-72.054,19.694],[-72.059,19.693],[-72.063,19.685],[-72.059,19.672],[-72.067,19.656],[-72.048,19.649],[-72.045,19.644],[-72.011,19.642],[-72.007,19.636],[-71.996,19.651],[-71.983,19.648],[-71.979,19.668],[-71.976,19.668],[-71.973,19.672],[-71.961,19.67],[-71.958,19.688],[-71.969,19.702],[-71.925,19.715],[-71.925,19.722],[-71.92,19.727],[-71.94,19.73],[-71.948,19.727],[-71.957,19.73],[-71.961,19.734]]]},"properties":{"atmart_geo_id":"HTC-0434","pcode":"HT0434","nom_fr":"Caracol","nom_ht":"Karakòl","niveau_admin":"3"}},{"type":"Feature","geometry":{"type":"Polygon","coordinates":[[[-71.869,19.427],[-71.878,19.436],[-71.881,19.428],[-71.877,19.418],[-71.885,19.405],[-71.87,19.39],[-71.875,19.385],[-71.863,19.384],[-71.855,19.364],[-71.849,19.362],[-71.849,19.358],[-71.837,19.357],[-71.832,19.346],[-71.836,19.344],[-71.814,19.328],[-71.807,19.317],[-71.808,19.312],[-71.805,19.309],[-71.802,19.312],[-71.797,19.309],[-71.787,19.29],[-71.781,19.288],[-71.782,19.284],[-71.766,19.276],[-71.759,19.275],[-71.753,19.28],[-71.755,19.281],[-71.753,19.288],[-71.761,19.292],[-71.756,19.299],[-71.76,19.304],[-71.764,19.304],[-71.763,19.308],[-71.77,19.318],[-71.769,19.32],[-71.774,19.32],[-71.779,19.329],[-71.798,19.335],[-71.806,19.346],[-71.808,19.356],[-71.813,19.358],[-71.815,19.365],[-71.819,19.366],[-71.825,19.374],[-71.827,19.384],[-71.832,19.385],[-71.832,19.389],[-71.84,19.4],[-71.845,19.4],[-71.851,19.407],[-71.855,19.406],[-71.859,19.411],[-71.858,19.419],[-71.853,19.421],[-71.853,19.424],[-71.869,19.427]]]},"properties":{"atmart_geo_id":"HTC-0442","pcode":"HT0442","nom_fr":"Carice","nom_ht":"karis","niveau_admin":"3"}},{"type":"Feature","geometry":{"type":"Polygon","coordinates":[[[-72.416,18.554],[-72.42,18.555],[-72.43,18.542],[-72.457,18.547],[-72.459,18.517],[-72.465,18.519],[-72.461,18.507],[-72.464,18.505],[-72.461,18.502],[-72.465,18.5],[-72.455,18.494],[-72.445,18.478],[-72.449,18.474],[-72.469,18.476],[-72.466,18.464],[-72.456,18.457],[-72.459,18.444],[-72.452,18.433],[-72.454,18.429],[-72.45,18.421],[-72.453,18.416],[-72.449,18.406],[-72.451,18.397],[-72.424,18.401],[-72.422,18.398],[-72.428,18.395],[-72.436,18.38],[-72.435,18.373],[-72.43,18.376],[-72.427,18.374],[-72.41,18.379],[-72.404,18.384],[-72.396,18.386],[-72.394,18.392],[-72.384,18.388],[-72.383,18.38],[-72.371,18.381],[-72.367,18.378],[-72.356,18.38],[-72.351,18.391],[-72.346,18.394],[-72.346,18.399],[-72.35,18.4],[-72.36,18.398],[-72.368,18.401],[-72.371,18.409],[-72.383,18.412],[-72.388,18.416],[-72.386,18.42],[-72.39,18.419],[-72.387,18.428],[-72.39,18.43],[-72.39,18.435],[-72.386,18.439],[-72.374,18.439],[-72.364,18.442],[-72.358,18.446],[-72.356,18.452],[-72.35,18.454],[-72.356,18.46],[-72.362,18.457],[-72.372,18.462],[-72.375,18.467],[-72.371,18.466],[-72.365,18.471],[-72.367,18.478],[-72.364,18.481],[-72.365,18.488],[-72.351,18.493],[-72.353,18.498],[-72.365,18.497],[-72.368,18.5],[-72.367,18.51],[-72.371,18.52],[-72.371,18.534],[-72.382,18.534],[-72.393,18.544],[-72.395,18.549],[-72.416,18.554]]]},"properties":{"atmart_geo_id":"HTC-0113","pcode":"HT0113","nom_fr":"Carrefour","nom_ht":"Kafou","niveau_admin":"3"}},{"type":"Feature","geometry":{"type":"Polygon","coordinates":[[[-73.664,18.431],[-73.668,18.433],[-73.672,18.431],[-73.671,18.406],[-73.674,18.4],[-73.68,18.399],[-73.691,18.409],[-73.697,18.404],[-73.697,18.399],[-73.691,18.39],[-73.698,18.379],[-73.697,18.373],[-73.693,18.367],[-73.687,18.365],[-73.686,18.352],[-73.695,18.349],[-73.7,18.338],[-73.695,18.325],[-73.688,18.319],[-73.689,18.314],[-73.684,18.312],[-73.683,18.308],[-73.685,18.303],[-73.682,18.29],[-73.689,18.282],[-73.681,18.26],[-73.684,18.257],[-73.684,18.254],[-73.689,18.256],[-73.693,18.253],[-73.689,18.252],[-73.685,18.239],[-73.674,18.236],[-73.677,18.227],[-73.673,18.223],[-73.667,18.233],[-73.654,18.239],[-73.65,18.252],[-73.647,18.254],[-73.641,18.245],[-73.648,18.239],[-73.65,18.228],[-73.658,18.228],[-73.657,18.224],[-73.661,18.228],[-73.659,18.222],[-73.662,18.223],[-73.661,18.218],[-73.664,18.216],[-73.661,18.21],[-73.651,18.216],[-73.645,18.214],[-73.633,18.224],[-73.634,18.228],[-73.644,18.228],[-73.637,18.24],[-73.633,18.257],[-73.622,18.265],[-73.626,18.275],[-73.635,18.278],[-73.627,18.29],[-73.63,18.293],[-73.624,18.296],[-73.613,18.295],[-73.61,18.291],[-73.588,18.308],[-73.585,18.316],[-73.582,18.316],[-73.583,18.321],[-73.571,18.32],[-73.565,18.327],[-73.564,18.322],[-73.561,18.322],[-73.554,18.331],[-73.555,18.336],[-73.561,18.347],[-73.564,18.344],[-73.564,18.347],[-73.556,18.35],[-73.555,18.37],[-73.546,18.375],[-73.542,18.374],[-73.539,18.385],[-73.546,18.389],[-73.549,18.388],[-73.559,18.391],[-73.559,18.399],[-73.562,18.401],[-73.574,18.401],[-73.579,18.407],[-73.578,18.421],[-73.602,18.42],[-73.61,18.427],[-73.626,18.426],[-73.632,18.422],[-73.644,18.43],[-73.653,18.426],[-73.664,18.431]]]},"properties":{"atmart_geo_id":"HTC-0733","pcode":"HT0733","nom_fr":"Cavaillon","nom_ht":"Kavayon","niveau_admin":"3"}},{"type":"Feature","geometry":{"type":"Polygon","coordinates":[[[-72.374,18.324],[-72.372,18.332],[-72.379,18.333],[-72.384,18.324],[-72.399,18.32],[-72.409,18.322],[-72.413,18.318],[-72.423,18.318],[-72.427,18.322],[-72.428,18.318],[-72.434,18.315],[-72.437,18.308],[-72.427,18.289],[-72.426,18.285],[-72.43,18.284],[-72.452,18.285],[-72.456,18.283],[-72.472,18.29],[-72.47,18.284],[-72.461,18.277],[-72.445,18.276],[-72.441,18.267],[-72.443,18.26],[-72.437,18.256],[-72.441,18.254],[-72.444,18.243],[-72.436,18.244],[-72.434,18.227],[-72.423,18.225],[-72.372,18.235],[-72.368,18.233],[-72.36,18.234],[-72.357,18.232],[-72.36,18.262],[-72.369,18.274],[-72.366,18.288],[-72.369,18.299],[-72.373,18.303],[-72.368,18.315],[-72.374,18.324]]]},"properties":{"atmart_geo_id":"HTC-0213","pcode":"HT0213","nom_fr":"Cayes-Jacmel","nom_ht":"Kay Jakmèl","niveau_admin":"3"}},{"type":"Feature","geometry":{"type":"Polygon","coordinates":[[[-71.984,19.334],[-71.992,19.333],[-72.004,19.324],[-72.009,19.327],[-72.022,19.325],[-72.023,19.315],[-72.031,19.307],[-72.025,19.299],[-72.017,19.299],[-72.016,19.291],[-72.0,19.274],[-72.003,19.27],[-71.979,19.255],[-71.973,19.247],[-71.976,19.226],[-71.972,19.225],[-71.973,19.22],[-71.962,19.206],[-71.958,19.207],[-71.957,19.201],[-71.953,19.198],[-71.948,19.198],[-71.938,19.189],[-71.928,19.185],[-71.918,19.186],[-71.9,19.199],[-71.89,19.2],[-71.883,19.208],[-71.878,19.208],[-71.885,19.222],[-71.861,19.245],[-71.854,19.27],[-71.866,19.28],[-71.879,19.275],[-71.901,19.275],[-71.903,19.284],[-71.909,19.289],[-71.907,19.294],[-71.914,19.301],[-71.914,19.306],[-71.96,19.313],[-71.984,19.334]]]},"properties":{"atmart_geo_id":"HTC-0614","pcode":"HT0614","nom_fr":"Cerca Carvajal","nom_ht":"Sèka Kavajal","niveau_admin":"3"}},{"type":"Feature","geometry":{"type":"Polygon","coordinates":[[[-71.749,19.278],[-71.753,19.28],[-71.759,19.275],[-71.765,19.276],[-71.772,19.267],[-71.776,19.267],[-71.775,19.259],[-71.784,19.262],[-71.799,19.261],[-71.809,19.265],[-71.846,19.267],[-71.854,19.27],[-71.861,19.245],[-71.885,19.222],[-71.878,19.21],[-71.883,19.208],[-71.886,19.202],[-71.875,19.188],[-71.853,19.189],[-71.828,19.159],[-71.808,19.152],[-71.802,19.145],[-71.811,19.132],[-71.789,19.131],[-71.78,19.124],[-71.769,19.123],[-71.764,19.112],[-71.753,19.108],[-71.749,19.101],[-71.742,19.097],[-71.738,19.078],[-71.728,19.068],[-71.729,19.059],[-71.723,19.054],[-71.721,19.06],[-71.717,19.06],[-71.716,19.063],[-71.721,19.064],[-71.719,19.069],[-71.711,19.071],[-71.71,19.067],[-71.702,19.073],[-71.704,19.076],[-71.712,19.078],[-71.713,19.082],[-71.71,19.086],[-71.697,19.087],[-71.699,19.096],[-71.707,19.1],[-71.703,19.107],[-71.697,19.109],[-71.685,19.103],[-71.683,19.109],[-71.679,19.11],[-71.683,19.117],[-71.677,19.117],[-71.673,19.113],[-71.671,19.117],[-71.663,19.113],[-71.656,19.117],[-71.654,19.116],[-71.646,19.136],[-71.657,19.144],[-71.65,19.143],[-71.64,19.147],[-71.647,19.153],[-71.644,19.154],[-71.646,19.157],[-71.642,19.157],[-71.645,19.164],[-71.648,19.164],[-71.645,19.166],[-71.646,19.169],[-71.637,19.166],[-71.634,19.169],[-71.64,19.175],[-71.647,19.177],[-71.644,19.178],[-71.644,19.18],[-71.638,19.179],[-71.635,19.183],[-71.628,19.182],[-71.627,19.186],[-71.631,19.19],[-71.637,19.189],[-71.64,19.193],[-71.637,19.194],[-71.638,19.201],[-71.631,19.206],[-71.625,19.203],[-71.622,19.206],[-71.627,19.209],[-71.634,19.208],[-71.629,19.211],[-71.634,19.217],[-71.636,19.225],[-71.641,19.225],[-71.64,19.23],[-71.665,19.229],[-71.667,19.234],[-71.676,19.236],[-71.679,19.232],[-71.681,19.237],[-71.685,19.237],[-71.686,19.239],[-71.69,19.239],[-71.693,19.242],[-71.697,19.241],[-71.708,19.251],[-71.709,19.26],[-71.717,19.267],[-71.724,19.268],[-71.722,19.271],[-71.726,19.278],[-71.732,19.267],[-71.732,19.262],[-71.738,19.269],[-71.739,19.279],[-71.747,19.274],[-71.749,19.278]]]},"properties":{"atmart_geo_id":"HTC-0641","pcode":"HT0641","nom_fr":"Cerca La Source","nom_ht":"Sèka Lasous","niveau_admin":"3"}},{"type":"Feature","geometry":{"type":"Polygon","coordinates":[[[-74.294,18.576],[-74.298,18.579],[-74.312,18.575],[-74.316,18.566],[-74.321,18.567],[-74.324,18.563],[-74.332,18.57],[-74.335,18.56],[-74.329,18.548],[-74.336,18.548],[-74.34,18.544],[-74.338,18.549],[-74.346,18.545],[-74.352,18.546],[-74.354,18.544],[-74.364,18.546],[-74.372,18.536],[-74.37,18.534],[-74.373,18.529],[-74.367,18.522],[-74.375,18.511],[-74.368,18.506],[-74.374,18.501],[-74.369,18.491],[-74.372,18.489],[-74.356,18.478],[-74.359,18.464],[-74.343,18.466],[-74.334,18.459],[-74.327,18.463],[-74.324,18.46],[-74.311,18.462],[-74.311,18.473],[-74.315,18.479],[-74.312,18.486],[-74.313,18.494],[-74.307,18.501],[-74.304,18.516],[-74.295,18.532],[-74.295,18.539],[-74.3,18.542],[-74.287,18.55],[-74.288,18.566],[-74.294,18.576]]]},"properties":{"atmart_geo_id":"HTC-0815","pcode":"HT0815","nom_fr":"Chambellan","nom_ht":"Chanbelan","niveau_admin":"3"}},{"type":"Feature","geometry":{"type":"Polygon","coordinates":[[[-72.822,19.901],[-72.829,19.897],[-72.828,19.889],[-72.835,19.888],[-72.84,19.882],[-72.836,19.873],[-72.841,19.861],[-72.852,19.859],[-72.857,19.853],[-72.847,19.843],[-72.834,19.842],[-72.834,19.838],[-72.849,19.83],[-72.844,19.82],[-72.837,19.821],[-72.818,19.818],[-72.793,19.829],[-72.784,19.831],[-72.776,19.843],[-72.772,19.869],[-72.788,19.889],[-72.788,19.896],[-72.813,19.897],[-72.822,19.901]]]},"properties":{"atmart_geo_id":"HTC-0914","pcode":"HT0914","nom_fr":"Chamsolme","nom_ht":"Chansòlm","niveau_admin":"3"}},{"type":"Feature","geometry":{"type":"Polygon","coordinates":[[[-74.023,18.382],[-74.036,18.387],[-74.041,18.379],[-74.041,18.375],[-74.032,18.365],[-74.049,18.361],[-74.049,18.356],[-74.043,18.349],[-74.046,18.339],[-74.035,18.324],[-74.017,18.309],[-74.002,18.285],[-73.994,18.279],[-73.992,18.263],[-73.984,18.246],[-73.961,18.227],[-73.967,18.224],[-73.963,18.212],[-73.941,18.195],[-73.928,18.193],[-73.901,18.175],[-73.893,18.175],[-73.878,18.189],[-73.878,18.201],[-73.881,18.205],[-73.875,18.212],[-73.875,18.217],[-73.886,18.223],[-73.893,18.239],[-73.906,18.247],[-73.918,18.249],[-73.94,18.26],[-73.95,18.275],[-73.956,18.292],[-73.948,18.302],[-73.944,18.303],[-73.942,18.31],[-73.946,18.319],[-73.952,18.323],[-73.973,18.323],[-73.979,18.34],[-73.983,18.341],[-73.988,18.347],[-73.981,18.355],[-73.977,18.365],[-73.968,18.37],[-73.978,18.371],[-74.003,18.384],[-74.023,18.382]]]},"properties":{"atmart_geo_id":"HTC-0713","pcode":"HT0713","nom_fr":"Chantal","nom_ht":"Chantal","niveau_admin":"3"}},{"type":"Feature","geometry":{"type":"Polygon","coordinates":[[[-74.077,18.406],[-74.082,18.408],[-74.107,18.404],[-74.107,18.376],[-74.115,18.353],[-74.125,18.351],[-74.143,18.342],[-74.148,18.331],[-74.132,18.327],[-74.125,18.316],[-74.135,18.31],[-74.135,18.303],[-74.172,18.304],[-74.174,18.307],[-74.193,18.3],[-74.168,18.28],[-74.167,18.273],[-74.143,18.267],[-74.139,18.264],[-74.13,18.264],[-74.124,18.258],[-74.115,18.258],[-74.106,18.251],[-74.102,18.261],[-74.094,18.265],[-74.097,18.281],[-74.102,18.29],[-74.101,18.296],[-74.106,18.303],[-74.091,18.316],[-74.084,18.327],[-74.077,18.323],[-74.068,18.327],[-74.062,18.323],[-74.052,18.329],[-74.041,18.331],[-74.046,18.339],[-74.043,18.349],[-74.049,18.356],[-74.049,18.361],[-74.032,18.365],[-74.041,18.375],[-74.036,18.387],[-74.047,18.389],[-74.061,18.403],[-74.077,18.406]]]},"properties":{"atmart_geo_id":"HTC-0751","pcode":"HT0751","nom_fr":"Chardonnières","nom_ht":"Chadonyè","niveau_admin":"3"}},{"type":"Feature","geometry":{"type":"Polygon","coordinates":[[[-72.341,18.622],[-72.355,18.627],[-72.359,18.63],[-72.359,18.628],[-72.351,18.623],[-72.352,18.616],[-72.345,18.608],[-72.346,18.597],[-72.339,18.593],[-72.342,18.581],[-72.339,18.575],[-72.343,18.572],[-72.345,18.575],[-72.353,18.566],[-72.339,18.561],[-72.326,18.572],[-72.298,18.586],[-72.29,18.593],[-72.298,18.599],[-72.306,18.6],[-72.305,18.606],[-72.313,18.604],[-72.316,18.607],[-72.315,18.61],[-72.321,18.61],[-72.325,18.614],[-72.327,18.612],[-72.327,18.616],[-72.335,18.618],[-72.336,18.621],[-72.341,18.622]]]},"properties":{"atmart_geo_id":"HTC-0117","pcode":"HT0117","nom_fr":"Cité Soleil","nom_ht":"Site Solèy","niveau_admin":"3"}},{"type":"Feature","geometry":{"type":"Polygon","coordinates":[[[-73.96,18.601],[-73.958,18.588],[-73.962,18.582],[-73.962,18.57],[-73.956,18.562],[-73.946,18.556],[-73.946,18.553],[-73.953,18.545],[-73.946,18.532],[-73.962,18.525],[-73.968,18.526],[-73.977,18.521],[-73.986,18.522],[-73.985,18.52],[-73.976,18.515],[-73.977,18.511],[-73.967,18.509],[-73.956,18.494],[-73.952,18.495],[-73.948,18.492],[-73.941,18.498],[-73.939,18.493],[-73.93,18.487],[-73.914,18.486],[-73.9,18.492],[-73.897,18.487],[-73.889,18.491],[-73.883,18.487],[-73.872,18.493],[-73.87,18.508],[-73.855,18.527],[-73.851,18.55],[-73.845,18.559],[-73.839,18.562],[-73.836,18.569],[-73.84,18.567],[-73.842,18.572],[-73.847,18.57],[-73.846,18.573],[-73.85,18.566],[-73.853,18.567],[-73.853,18.573],[-73.856,18.573],[-73.857,18.569],[-73.865,18.572],[-73.87,18.57],[-73.873,18.572],[-73.888,18.568],[-73.901,18.569],[-73.903,18.566],[-73.904,18.577],[-73.908,18.573],[-73.913,18.575],[-73.912,18.579],[-73.917,18.578],[-73.919,18.581],[-73.915,18.581],[-73.915,18.586],[-73.909,18.588],[-73.915,18.586],[-73.916,18.59],[-73.924,18.59],[-73.925,18.593],[-73.931,18.595],[-73.94,18.588],[-73.96,18.601]]]},"properties":{"atmart_geo_id":"HTC-0831","pcode":"HT0831","nom_fr":"Corail","nom_ht":"Koray","niveau_admin":"3"}},{"type":"Feature","geometry":{"type":"Polygon","coordinates":[[[-71.947,18.74],[-71.961,18.741],[-71.971,18.747],[-71.978,18.734],[-71.989,18.738],[-72.005,18.73],[-72.008,18.728],[-72.004,18.719],[-71.999,18.717],[-72.001,18.709],[-71.999,18.706],[-72.001,18.703],[-72.008,18.706],[-72.009,18.714],[-72.019,18.71],[-72.041,18.692],[-72.055,18.687],[-72.057,18.67],[-72.045,18.662],[-72.039,18.664],[-72.035,18.659],[-72.029,18.658],[-72.018,18.646],[-72.014,18.647],[-72.011,18.641],[-72.0,18.635],[-72.003,18.632],[-72.001,18.628],[-71.998,18.631],[-71.982,18.636],[-71.966,18.657],[-71.945,18.648],[-71.926,18.635],[-71.913,18.649],[-71.902,18.648],[-71.884,18.637],[-71.881,18.627],[-71.873,18.628],[-71.869,18.638],[-71.852,18.636],[-71.844,18.629],[-71.828,18.633],[-71.815,18.631],[-71.807,18.635],[-71.81,18.661],[-71.803,18.67],[-71.802,18.681],[-71.829,18.705],[-71.842,18.71],[-71.853,18.719],[-71.894,18.72],[-71.911,18.73],[-71.921,18.731],[-71.926,18.739],[-71.947,18.74]]]},"properties":{"atmart_geo_id":"HTC-0134","pcode":"HT0134","nom_fr":"Cornillon / Grand Bois","nom_ht":"Kòniyon / Gran Bwa","niveau_admin":"3"}},{"type":"Feature","geometry":{"type":"Polygon","coordinates":[[[-74.006,18.29],[-74.007,18.295],[-74.016,18.304],[-74.019,18.291],[-74.041,18.281],[-74.046,18.283],[-74.054,18.273],[-74.056,18.266],[-74.062,18.261],[-74.062,18.254],[-74.077,18.233],[-74.064,18.228],[-74.06,18.221],[-74.053,18.218],[-74.052,18.21],[-74.043,18.207],[-74.033,18.196],[-74.023,18.195],[-74.018,18.187],[-74.008,18.183],[-73.997,18.188],[-73.994,18.205],[-73.992,18.203],[-73.987,18.21],[-73.996,18.238],[-73.991,18.245],[-74.005,18.262],[-73.992,18.263],[-73.994,18.279],[-74.006,18.29]]]},"properties":{"atmart_geo_id":"HTC-0741","pcode":"HT0741","nom_fr":"Côteaux","nom_ht":"Okoto","niveau_admin":"3"}},{"type":"Feature","geometry":{"type":"Polygon","coordinates":[[[-72.965,18.277],[-72.975,18.288],[-72.977,18.299],[-72.984,18.305],[-72.987,18.321],[-72.996,18.326],[-72.995,18.306],[-72.998,18.299],[-73.01,18.288],[-73.016,18.261],[-73.009,18.252],[-73.012,18.248],[-73.009,18.241],[-73.01,18.231],[-73.013,18.227],[-73.007,18.218],[-73.01,18.209],[-73.001,18.207],[-73.009,18.207],[-73.004,18.199],[-73.01,18.193],[-73.001,18.18],[-72.995,18.176],[-72.966,18.17],[-72.961,18.167],[-72.947,18.168],[-72.933,18.165],[-72.932,18.168],[-72.905,18.156],[-72.884,18.202],[-72.885,18.206],[-72.89,18.205],[-72.893,18.211],[-72.882,18.214],[-72.875,18.222],[-72.859,18.223],[-72.877,18.235],[-72.885,18.233],[-72.891,18.235],[-72.899,18.243],[-72.902,18.259],[-72.884,18.277],[-72.883,18.281],[-72.891,18.283],[-72.896,18.288],[-72.89,18.295],[-72.9,18.292],[-72.923,18.29],[-72.929,18.287],[-72.935,18.293],[-72.941,18.29],[-72.943,18.294],[-72.953,18.293],[-72.958,18.278],[-72.965,18.277]]]},"properties":{"atmart_geo_id":"HTC-0222","pcode":"HT0222","nom_fr":"Côtes de Fer","nom_ht":"Kòtdefè","niveau_admin":"3"}},{"type":"Feature","geometry":{"type":"Polygon","coordinates":[[[-72.303,18.818],[-72.319,18.812],[-72.328,18.797],[-72.332,18.796],[-72.326,18.789],[-72.336,18.783],[-72.333,18.781],[-72.344,18.771],[-72.352,18.769],[-72.358,18.765],[-72.352,18.757],[-72.352,18.753],[-72.358,18.747],[-72.352,18.74],[-72.352,18.736],[-72.329,18.734],[-72.329,18.73],[-72.338,18.722],[-72.334,18.715],[-72.336,18.711],[-72.326,18.707],[-72.323,18.704],[-72.312,18.704],[-72.317,18.693],[-72.321,18.693],[-72.331,18.683],[-72.322,18.679],[-72.317,18.665],[-72.319,18.659],[-72.331,18.653],[-72.339,18.644],[-72.347,18.627],[-72.358,18.63],[-72.355,18.627],[-72.336,18.621],[-72.335,18.618],[-72.327,18.616],[-72.327,18.612],[-72.325,18.614],[-72.321,18.61],[-72.315,18.61],[-72.316,18.607],[-72.313,18.604],[-72.307,18.607],[-72.303,18.605],[-72.3,18.61],[-72.296,18.607],[-72.295,18.603],[-72.289,18.601],[-72.289,18.598],[-72.274,18.6],[-72.256,18.594],[-72.254,18.587],[-72.249,18.587],[-72.248,18.581],[-72.243,18.578],[-72.228,18.543],[-72.21,18.522],[-72.207,18.51],[-72.191,18.493],[-72.188,18.483],[-72.184,18.483],[-72.183,18.48],[-72.178,18.485],[-72.176,18.483],[-72.178,18.48],[-72.174,18.482],[-72.169,18.477],[-72.171,18.475],[-72.166,18.474],[-72.168,18.469],[-72.159,18.469],[-72.16,18.452],[-72.175,18.446],[-72.174,18.439],[-72.18,18.435],[-72.179,18.43],[-72.174,18.435],[-72.171,18.432],[-72.167,18.434],[-72.165,18.43],[-72.173,18.43],[-72.172,18.424],[-72.178,18.418],[-72.195,18.421],[-72.21,18.404],[-72.203,18.39],[-72.205,18.384],[-72.202,18.379],[-72.205,18.365],[-72.199,18.352],[-72.19,18.353],[-72.176,18.346],[-72.156,18.348],[-72.128,18.336],[-72.09,18.338],[-72.067,18.32],[-72.056,18.326],[-72.042,18.321],[-72.039,18.328],[-72.033,18.32],[-72.004,18.318],[-72.002,18.312],[-71.986,18.315],[-71.974,18.313],[-71.953,18.317],[-71.969,18.331],[-71.965,18.352],[-71.966,18.371],[-71.973,18.377],[-71.975,18.386],[-71.988,18.386],[-71.993,18.393],[-72.015,18.397],[-72.018,18.394],[-72.034,18.398],[-72.042,18.392],[-72.05,18.402],[-72.051,18.411],[-72.065,18.423],[-72.064,18.43],[-72.073,18.433],[-72.077,18.439],[-72.084,18.439],[-72.093,18.435],[-72.095,18.441],[-72.102,18.442],[-72.103,18.446],[-72.112,18.451],[-72.112,18.457],[-72.121,18.474],[-72.121,18.487],[-72.116,18.496],[-72.121,18.505],[-72.131,18.514],[-72.131,18.519],[-72.142,18.525],[-72.144,18.533],[-72.141,18.541],[-72.153,18.542],[-72.155,18.552],[-72.149,18.56],[-72.152,18.58],[-72.156,18.587],[-72.154,18.588],[-72.152,18.604],[-72.155,18.608],[-72.172,18.611],[-72.173,18.613],[-72.186,18.609],[-72.194,18.635],[-72.204,18.64],[-72.2,18.645],[-72.212,18.656],[-72.214,18.661],[-72.229,18.658],[-72.238,18.652],[-72.244,18.693],[-72.241,18.697],[-72.242,18.703],[-72.238,18.707],[-72.235,18.718],[-72.24,18.726],[-72.239,18.73],[-72.231,18.738],[-72.231,18.753],[-72.222,18.757],[-72.227,18.767],[-72.226,18.776],[-72.246,18.781],[-72.257,18.789],[-72.279,18.798],[-72.272,18.804],[-72.279,18.809],[-72.282,18.817],[-72.303,18.818]]]},"properties":{"atmart_geo_id":"HTC-0131","pcode":"HT0131","nom_fr":"Croix-Des-Bouquets","nom_ht":"Kwadèboukè","niveau_admin":"3"}},{"type":"Feature","geometry":{"type":"Polygon","coordinates":[[[-74.385,18.634],[-74.388,18.637],[-74.395,18.632],[-74.396,18.627],[-74.399,18.63],[-74.407,18.63],[-74.41,18.624],[-74.425,18.616],[-74.425,18.608],[-74.429,18.605],[-74.422,18.596],[-74.416,18.594],[-74.415,18.582],[-74.426,18.558],[-74.432,18.549],[-74.436,18.549],[-74.434,18.545],[-74.436,18.538],[-74.44,18.537],[-74.445,18.532],[-74.442,18.516],[-74.459,18.499],[-74.458,18.496],[-74.452,18.5],[-74.435,18.497],[-74.428,18.5],[-74.425,18.498],[-74.42,18.502],[-74.394,18.494],[-74.395,18.499],[-74.369,18.516],[-74.368,18.525],[-74.373,18.529],[-74.37,18.534],[-74.372,18.536],[-74.368,18.539],[-74.366,18.545],[-74.354,18.544],[-74.352,18.546],[-74.346,18.545],[-74.338,18.549],[-74.34,18.544],[-74.336,18.548],[-74.329,18.549],[-74.335,18.561],[-74.34,18.564],[-74.336,18.572],[-74.347,18.573],[-74.352,18.583],[-74.363,18.589],[-74.372,18.59],[-74.379,18.598],[-74.382,18.605],[-74.377,18.616],[-74.371,18.617],[-74.369,18.62],[-74.382,18.628],[-74.385,18.634]]]},"properties":{"atmart_geo_id":"HTC-0822","pcode":"HT0822","nom_fr":"Dame Marie","nom_ht":"Dam Mari","niveau_admin":"3"}},{"type":"Feature","geometry":{"type":"Polygon","coordinates":[[[-72.29,18.571],[-72.305,18.575],[-72.312,18.581],[-72.338,18.562],[-72.334,18.559],[-72.337,18.554],[-72.328,18.551],[-72.318,18.552],[-72.317,18.544],[-72.308,18.539],[-72.298,18.539],[-72.297,18.53],[-72.288,18.528],[-72.283,18.522],[-72.279,18.533],[-72.267,18.542],[-72.266,18.546],[-72.263,18.545],[-72.262,18.549],[-72.257,18.55],[-72.257,18.555],[-72.29,18.571]]]},"properties":{"atmart_geo_id":"HTC-0112","pcode":"HT0112","nom_fr":"Delmas","nom_ht":"Dèlma","niveau_admin":"3"}},{"type":"Feature","geometry":{"type":"Polygon","coordinates":[[[-72.74,19.366],[-72.748,19.375],[-72.758,19.376],[-72.765,19.372],[-72.77,19.364],[-72.774,19.346],[-72.77,19.34],[-72.769,19.343],[-72.764,19.341],[-72.76,19.344],[-72.761,19.33],[-72.756,19.33],[-72.758,19.328],[-72.755,19.325],[-72.748,19.325],[-72.75,19.324],[-72.748,19.321],[-72.745,19.325],[-72.728,19.326],[-72.725,19.321],[-72.732,19.311],[-72.719,19.305],[-72.734,19.307],[-72.731,19.304],[-72.732,19.297],[-72.727,19.302],[-72.728,19.304],[-72.722,19.303],[-72.715,19.297],[-72.718,19.288],[-72.703,19.278],[-72.691,19.277],[-72.677,19.266],[-72.661,19.259],[-72.635,19.257],[-72.632,19.26],[-72.624,19.251],[-72.618,19.276],[-72.605,19.264],[-72.601,19.264],[-72.612,19.301],[-72.617,19.299],[-72.623,19.304],[-72.627,19.302],[-72.645,19.303],[-72.651,19.316],[-72.657,19.316],[-72.664,19.325],[-72.68,19.335],[-72.696,19.339],[-72.701,19.345],[-72.702,19.351],[-72.71,19.356],[-72.712,19.36],[-72.719,19.36],[-72.724,19.368],[-72.733,19.363],[-72.74,19.366]]]},"properties":{"atmart_geo_id":"HTC-0544","pcode":"HT0544","nom_fr":"Desdunes","nom_ht":"Dedin","niveau_admin":"3"}},{"type":"Feature","geometry":{"type":"Polygon","coordinates":[[[-72.495,19.332],[-72.498,19.337],[-72.511,19.337],[-72.511,19.332],[-72.524,19.331],[-72.53,19.326],[-72.534,19.315],[-72.538,19.312],[-72.541,19.312],[-72.546,19.318],[-72.56,19.313],[-72.565,19.302],[-72.583,19.304],[-72.594,19.311],[-72.597,19.307],[-72.609,19.303],[-72.611,19.299],[-72.601,19.264],[-72.605,19.264],[-72.619,19.275],[-72.618,19.271],[-72.632,19.228],[-72.629,19.221],[-72.636,19.214],[-72.634,19.212],[-72.628,19.216],[-72.621,19.213],[-72.62,19.221],[-72.617,19.218],[-72.613,19.22],[-72.603,19.211],[-72.61,19.21],[-72.612,19.214],[-72.616,19.216],[-72.617,19.213],[-72.614,19.21],[-72.615,19.206],[-72.611,19.207],[-72.607,19.203],[-72.6,19.202],[-72.607,19.199],[-72.605,19.192],[-72.61,19.185],[-72.615,19.193],[-72.62,19.192],[-72.621,19.196],[-72.623,19.196],[-72.624,19.189],[-72.617,19.188],[-72.615,19.186],[-72.62,19.181],[-72.625,19.182],[-72.626,19.175],[-72.625,19.171],[-72.62,19.171],[-72.617,19.166],[-72.626,19.17],[-72.629,19.166],[-72.621,19.158],[-72.606,19.15],[-72.605,19.153],[-72.608,19.156],[-72.6,19.159],[-72.6,19.167],[-72.553,19.187],[-72.549,19.218],[-72.539,19.225],[-72.536,19.222],[-72.54,19.215],[-72.539,19.21],[-72.525,19.199],[-72.523,19.194],[-72.518,19.193],[-72.514,19.197],[-72.507,19.188],[-72.501,19.189],[-72.491,19.176],[-72.472,19.176],[-72.457,19.173],[-72.452,19.169],[-72.446,19.155],[-72.451,19.141],[-72.443,19.131],[-72.428,19.134],[-72.422,19.13],[-72.414,19.131],[-72.404,19.135],[-72.397,19.143],[-72.375,19.132],[-72.37,19.133],[-72.355,19.12],[-72.342,19.117],[-72.336,19.11],[-72.321,19.114],[-72.323,19.121],[-72.318,19.119],[-72.313,19.123],[-72.307,19.143],[-72.298,19.153],[-72.284,19.159],[-72.275,19.157],[-72.274,19.162],[-72.257,19.17],[-72.261,19.188],[-72.264,19.192],[-72.258,19.207],[-72.266,19.216],[-72.281,19.207],[-72.287,19.209],[-72.299,19.205],[-72.312,19.214],[-72.327,19.216],[-72.349,19.226],[-72.354,19.231],[-72.365,19.23],[-72.378,19.242],[-72.384,19.244],[-72.39,19.241],[-72.405,19.25],[-72.409,19.245],[-72.412,19.246],[-72.426,19.257],[-72.455,19.288],[-72.46,19.297],[-72.483,19.314],[-72.487,19.325],[-72.495,19.332]]]},"properties":{"atmart_geo_id":"HTC-0541","pcode":"HT0541","nom_fr":"Dessalines","nom_ht":"Desalin","niveau_admin":"3"}},{"type":"Feature","geometry":{"type":"Polygon","coordinates":[[[-72.219,19.571],[-72.221,19.579],[-72.225,19.582],[-72.244,19.571],[-72.264,19.574],[-72.267,19.579],[-72.271,19.578],[-72.27,19.565],[-72.285,19.565],[-72.288,19.559],[-72.319,19.559],[-72.323,19.554],[-72.325,19.539],[-72.331,19.533],[-72.325,19.527],[-72.322,19.511],[-72.327,19.51],[-72.332,19.505],[-72.326,19.501],[-72.325,19.49],[-72.319,19.487],[-72.329,19.463],[-72.32,19.46],[-72.307,19.465],[-72.288,19.468],[-72.276,19.464],[-72.273,19.47],[-72.265,19.471],[-72.261,19.476],[-72.25,19.477],[-72.241,19.489],[-72.231,19.489],[-72.223,19.485],[-72.218,19.487],[-72.211,19.511],[-72.214,19.52],[-72.22,19.525],[-72.214,19.557],[-72.214,19.566],[-72.219,19.571]]]},"properties":{"atmart_geo_id":"HTC-0342","pcode":"HT0342","nom_fr":"Dondon","nom_ht":"Dondon","niveau_admin":"3"}},{"type":"Feature","geometry":{"type":"Polygon","coordinates":[[[-72.527,19.579],[-72.536,19.583],[-72.547,19.569],[-72.556,19.573],[-72.568,19.564],[-72.583,19.541],[-72.584,19.53],[-72.594,19.529],[-72.591,19.518],[-72.582,19.511],[-72.576,19.498],[-72.568,19.492],[-72.559,19.491],[-72.558,19.494],[-72.541,19.493],[-72.535,19.486],[-72.526,19.484],[-72.52,19.466],[-72.51,19.46],[-72.501,19.46],[-72.497,19.442],[-72.482,19.429],[-72.47,19.424],[-72.46,19.407],[-72.447,19.405],[-72.437,19.397],[-72.425,19.399],[-72.427,19.405],[-72.411,19.409],[-72.414,19.416],[-72.412,19.419],[-72.39,19.426],[-72.388,19.445],[-72.379,19.441],[-72.382,19.453],[-72.378,19.457],[-72.366,19.46],[-72.358,19.477],[-72.363,19.477],[-72.373,19.464],[-72.38,19.47],[-72.387,19.467],[-72.393,19.467],[-72.402,19.462],[-72.416,19.463],[-72.413,19.47],[-72.407,19.47],[-72.403,19.475],[-72.404,19.481],[-72.414,19.491],[-72.417,19.5],[-72.432,19.508],[-72.435,19.515],[-72.439,19.513],[-72.447,19.521],[-72.462,19.526],[-72.488,19.547],[-72.493,19.556],[-72.521,19.571],[-72.523,19.574],[-72.515,19.582],[-72.527,19.579]]]},"properties":{"atmart_geo_id":"HTC-0512","pcode":"HT0512","nom_fr":"Ennery","nom_ht":"Ènri","niveau_admin":"3"}},{"type":"Feature","geometry":{"type":"Polygon","coordinates":[[[-71.777,19.707],[-71.791,19.709],[-71.798,19.659],[-71.788,19.658],[-71.784,19.652],[-71.785,19.648],[-71.79,19.647],[-71.796,19.637],[-71.789,19.62],[-71.806,19.6],[-71.805,19.593],[-71.8,19.59],[-71.796,19.582],[-71.786,19.584],[-71.785,19.581],[-71.782,19.586],[-71.771,19.584],[-71.768,19.588],[-71.743,19.589],[-71.746,19.634],[-71.732,19.646],[-71.735,19.662],[-71.743,19.665],[-71.756,19.676],[-71.756,19.685],[-71.754,19.686],[-71.76,19.688],[-71.755,19.692],[-71.762,19.695],[-71.759,19.702],[-71.761,19.705],[-71.777,19.707]]]},"properties":{"atmart_geo_id":"HTC-0412","pcode":"HT0412","nom_fr":"Ferrier","nom_ht":"Ferye","niveau_admin":"3"}},{"type":"Feature","geometry":{"type":"Polygon","coordinates":[[[-71.795,18.379],[-71.806,18.39],[-71.803,18.393],[-71.817,18.398],[-71.83,18.399],[-71.844,18.429],[-71.881,18.447],[-71.883,18.444],[-71.903,18.441],[-71.918,18.425],[-71.932,18.416],[-71.933,18.409],[-71.929,18.399],[-71.938,18.389],[-71.939,18.384],[-71.933,18.38],[-71.932,18.371],[-71.927,18.358],[-71.935,18.349],[-71.96,18.35],[-71.965,18.352],[-71.969,18.331],[-71.963,18.324],[-71.934,18.307],[-71.927,18.311],[-71.901,18.319],[-71.894,18.317],[-71.872,18.324],[-71.863,18.32],[-71.863,18.312],[-71.867,18.306],[-71.865,18.294],[-71.87,18.286],[-71.868,18.282],[-71.87,18.273],[-71.861,18.277],[-71.855,18.275],[-71.846,18.276],[-71.838,18.283],[-71.828,18.279],[-71.82,18.279],[-71.806,18.287],[-71.789,18.287],[-71.78,18.283],[-71.75,18.293],[-71.739,18.29],[-71.725,18.292],[-71.695,18.341],[-71.795,18.379]]]},"properties":{"atmart_geo_id":"HTC-0135","pcode":"HT0135","nom_fr":"Fonds-Verrettes","nom_ht":"Fonvèrèt","niveau_admin":"3"}},{"type":"Feature","geometry":{"type":"Polygon","coordinates":[[[-73.32,18.42],[-73.326,18.413],[-73.326,18.399],[-73.339,18.387],[-73.331,18.378],[-73.331,18.371],[-73.32,18.363],[-73.299,18.369],[-73.296,18.366],[-73.294,18.366],[-73.295,18.368],[-73.287,18.368],[-73.277,18.361],[-73.267,18.36],[-73.261,18.353],[-73.228,18.352],[-73.218,18.363],[-73.189,18.364],[-73.175,18.356],[-73.168,18.362],[-73.163,18.355],[-73.159,18.354],[-73.151,18.363],[-73.153,18.367],[-73.151,18.375],[-73.159,18.391],[-73.171,18.387],[-73.186,18.39],[-73.189,18.388],[-73.201,18.397],[-73.212,18.395],[-73.215,18.398],[-73.222,18.398],[-73.227,18.404],[-73.254,18.404],[-73.26,18.407],[-73.264,18.401],[-73.268,18.404],[-73.311,18.414],[-73.314,18.419],[-73.32,18.42]]]},"properties":{"atmart_geo_id":"HTC-1013","pcode":"HT1013","nom_fr":"Fonds des Nègres","nom_ht":"Fon dènèg","niveau_admin":"3"}},{"type":"Feature","geometry":{"type":"Polygon","coordinates":[[[-71.793,19.695],[-71.791,19.709],[-71.836,19.714],[-71.844,19.712],[-71.84,19.702],[-71.842,19.698],[-71.841,19.688],[-71.832,19.688],[-71.823,19.681],[-71.819,19.684],[-71.81,19.676],[-71.811,19.671],[-71.818,19.673],[-71.81,19.669],[-71.82,19.668],[-71.818,19.664],[-71.816,19.665],[-71.82,19.661],[-71.819,19.659],[-71.816,19.659],[-71.819,19.656],[-71.816,19.652],[-71.822,19.648],[-71.825,19.649],[-71.823,19.652],[-71.828,19.659],[-71.826,19.662],[-71.838,19.669],[-71.841,19.676],[-71.847,19.669],[-71.865,19.67],[-71.866,19.666],[-71.877,19.661],[-71.885,19.664],[-71.889,19.672],[-71.893,19.671],[-71.892,19.647],[-71.901,19.625],[-71.894,19.614],[-71.904,19.607],[-71.907,19.602],[-71.896,19.586],[-71.895,19.581],[-71.9,19.575],[-71.884,19.561],[-71.883,19.551],[-71.886,19.548],[-71.883,19.547],[-71.894,19.544],[-71.895,19.54],[-71.894,19.526],[-71.891,19.523],[-71.895,19.513],[-71.895,19.5],[-71.908,19.497],[-71.911,19.5],[-71.919,19.499],[-71.938,19.48],[-71.91,19.459],[-71.894,19.462],[-71.891,19.46],[-71.875,19.444],[-71.873,19.436],[-71.867,19.427],[-71.853,19.424],[-71.842,19.427],[-71.844,19.435],[-71.839,19.44],[-71.846,19.446],[-71.847,19.45],[-71.828,19.476],[-71.838,19.485],[-71.836,19.49],[-71.839,19.506],[-71.837,19.517],[-71.833,19.525],[-71.823,19.533],[-71.821,19.54],[-71.825,19.543],[-71.823,19.55],[-71.82,19.551],[-71.821,19.555],[-71.816,19.554],[-71.814,19.559],[-71.81,19.557],[-71.805,19.564],[-71.809,19.564],[-71.809,19.57],[-71.817,19.574],[-71.818,19.585],[-71.805,19.593],[-71.806,19.602],[-71.789,19.62],[-71.796,19.637],[-71.79,19.647],[-71.785,19.648],[-71.784,19.652],[-71.788,19.658],[-71.798,19.659],[-71.793,19.695]]]},"properties":{"atmart_geo_id":"HTC-0411","pcode":"HT0411","nom_fr":"Fort-Liberté","nom_ht":"Fòlibète","niveau_admin":"3"}},{"type":"Feature","geometry":{"type":"Polygon","coordinates":[[[-72.071,18.62],[-72.088,18.619],[-72.093,18.615],[-72.094,18.611],[-72.083,18.613],[-72.082,18.605],[-72.09,18.597],[-72.086,18.591],[-72.091,18.582],[-72.089,18.576],[-72.093,18.563],[-72.103,18.569],[-72.108,18.567],[-72.127,18.573],[-72.129,18.586],[-72.138,18.587],[-72.14,18.586],[-72.143,18.567],[-72.151,18.567],[-72.149,18.56],[-72.155,18.552],[-72.153,18.542],[-72.141,18.541],[-72.144,18.533],[-72.142,18.525],[-72.131,18.519],[-72.131,18.514],[-72.121,18.505],[-72.116,18.496],[-72.121,18.487],[-72.121,18.474],[-72.112,18.457],[-72.112,18.451],[-72.103,18.446],[-72.102,18.442],[-72.095,18.441],[-72.093,18.435],[-72.084,18.439],[-72.077,18.439],[-72.073,18.433],[-72.064,18.43],[-72.065,18.423],[-72.051,18.411],[-72.05,18.402],[-72.042,18.392],[-72.034,18.398],[-72.018,18.394],[-72.015,18.397],[-71.993,18.393],[-71.988,18.386],[-71.975,18.386],[-71.973,18.377],[-71.966,18.371],[-71.965,18.352],[-71.96,18.35],[-71.935,18.349],[-71.927,18.358],[-71.932,18.371],[-71.933,18.38],[-71.939,18.384],[-71.938,18.389],[-71.929,18.399],[-71.933,18.409],[-71.932,18.416],[-71.918,18.425],[-71.903,18.441],[-71.883,18.444],[-71.881,18.447],[-71.905,18.457],[-71.914,18.485],[-71.881,18.49],[-71.881,18.504],[-71.955,18.579],[-71.965,18.604],[-71.976,18.605],[-71.986,18.619],[-71.996,18.617],[-72.038,18.589],[-72.048,18.594],[-72.047,18.604],[-72.061,18.612],[-72.07,18.612],[-72.071,18.62]]]},"properties":{"atmart_geo_id":"HTC-0133","pcode":"HT0133","nom_fr":"Ganthier","nom_ht":"Gantye","niveau_admin":"3"}},{"type":"Feature","geometry":{"type":"Polygon","coordinates":[[[-72.566,19.628],[-72.571,19.644],[-72.606,19.65],[-72.62,19.634],[-72.618,19.629],[-72.654,19.612],[-72.658,19.606],[-72.656,19.602],[-72.672,19.601],[-72.682,19.597],[-72.687,19.606],[-72.703,19.604],[-72.715,19.61],[-72.716,19.605],[-72.727,19.602],[-72.729,19.597],[-72.72,19.59],[-72.719,19.586],[-72.735,19.572],[-72.744,19.575],[-72.739,19.561],[-72.748,19.559],[-72.746,19.551],[-72.738,19.542],[-72.731,19.543],[-72.728,19.536],[-72.73,19.532],[-72.741,19.522],[-72.751,19.523],[-72.766,19.513],[-72.778,19.52],[-72.783,19.528],[-72.785,19.521],[-72.791,19.519],[-72.793,19.511],[-72.805,19.501],[-72.783,19.476],[-72.77,19.454],[-72.762,19.452],[-72.754,19.446],[-72.745,19.445],[-72.732,19.447],[-72.732,19.452],[-72.724,19.458],[-72.718,19.455],[-72.722,19.453],[-72.722,19.456],[-72.722,19.452],[-72.717,19.452],[-72.714,19.449],[-72.709,19.454],[-72.714,19.455],[-72.697,19.459],[-72.696,19.456],[-72.703,19.455],[-72.697,19.452],[-72.697,19.443],[-72.7,19.442],[-72.7,19.428],[-72.694,19.426],[-72.689,19.417],[-72.682,19.412],[-72.685,19.403],[-72.678,19.394],[-72.671,19.392],[-72.653,19.404],[-72.644,19.397],[-72.639,19.397],[-72.635,19.393],[-72.629,19.392],[-72.62,19.405],[-72.615,19.402],[-72.606,19.405],[-72.582,19.392],[-72.564,19.395],[-72.558,19.389],[-72.549,19.389],[-72.539,19.357],[-72.511,19.337],[-72.497,19.337],[-72.493,19.353],[-72.496,19.36],[-72.495,19.37],[-72.486,19.368],[-72.477,19.378],[-72.477,19.383],[-72.468,19.384],[-72.463,19.392],[-72.452,19.395],[-72.468,19.422],[-72.482,19.429],[-72.497,19.442],[-72.501,19.46],[-72.51,19.46],[-72.52,19.466],[-72.526,19.484],[-72.535,19.486],[-72.541,19.493],[-72.558,19.494],[-72.559,19.491],[-72.568,19.492],[-72.576,19.498],[-72.582,19.511],[-72.591,19.518],[-72.594,19.529],[-72.584,19.53],[-72.583,19.541],[-72.571,19.561],[-72.556,19.573],[-72.547,19.569],[-72.536,19.583],[-72.543,19.59],[-72.541,19.599],[-72.566,19.628]]]},"properties":{"atmart_geo_id":"HTC-0511","pcode":"HT0511","nom_fr":"Gonaïves","nom_ht":"Gonayiv","niveau_admin":"3"}},{"type":"Feature","geometry":{"type":"Polygon","coordinates":[[[-73.567,18.587],[-73.578,18.589],[-73.617,18.585],[-73.635,18.582],[-73.656,18.572],[-73.687,18.578],[-73.703,18.577],[-73.719,18.572],[-73.719,18.565],[-73.727,18.567],[-73.727,18.564],[-73.728,18.565],[-73.728,18.562],[-73.731,18.563],[-73.73,18.561],[-73.734,18.558],[-73.719,18.559],[-73.721,18.552],[-73.732,18.55],[-73.725,18.546],[-73.717,18.551],[-73.717,18.549],[-73.71,18.544],[-73.7,18.55],[-73.699,18.554],[-73.696,18.55],[-73.692,18.551],[-73.693,18.554],[-73.683,18.554],[-73.68,18.56],[-73.69,18.562],[-73.691,18.565],[-73.688,18.566],[-73.675,18.565],[-73.666,18.557],[-73.662,18.56],[-73.666,18.553],[-73.644,18.554],[-73.644,18.56],[-73.642,18.558],[-73.631,18.559],[-73.617,18.554],[-73.613,18.556],[-73.607,18.553],[-73.593,18.552],[-73.577,18.561],[-73.564,18.581],[-73.567,18.587]]]},"properties":{"atmart_geo_id":"HTC-1032","pcode":"HT1032","nom_fr":"Grand-Boucan","nom_ht":"Gran Boukan","niveau_admin":"3"}},{"type":"Feature","geometry":{"type":"Polygon","coordinates":[[[-72.831,18.443],[-72.834,18.443],[-72.834,18.44],[-72.826,18.425],[-72.817,18.421],[-72.814,18.412],[-72.816,18.393],[-72.814,18.389],[-72.822,18.376],[-72.815,18.37],[-72.808,18.37],[-72.806,18.364],[-72.809,18.359],[-72.816,18.36],[-72.821,18.369],[-72.825,18.368],[-72.831,18.365],[-72.825,18.353],[-72.844,18.348],[-72.843,18.339],[-72.849,18.327],[-72.832,18.319],[-72.829,18.314],[-72.836,18.311],[-72.837,18.308],[-72.839,18.309],[-72.845,18.3],[-72.834,18.298],[-72.831,18.292],[-72.824,18.287],[-72.809,18.287],[-72.795,18.275],[-72.765,18.267],[-72.764,18.271],[-72.766,18.274],[-72.757,18.287],[-72.748,18.291],[-72.746,18.288],[-72.741,18.289],[-72.741,18.307],[-72.738,18.315],[-72.742,18.322],[-72.731,18.318],[-72.728,18.313],[-72.722,18.311],[-72.718,18.304],[-72.71,18.296],[-72.707,18.297],[-72.707,18.3],[-72.711,18.309],[-72.703,18.308],[-72.696,18.317],[-72.689,18.319],[-72.687,18.323],[-72.683,18.322],[-72.682,18.325],[-72.675,18.325],[-72.671,18.33],[-72.659,18.324],[-72.649,18.326],[-72.653,18.337],[-72.653,18.352],[-72.671,18.351],[-72.685,18.358],[-72.674,18.363],[-72.672,18.372],[-72.663,18.374],[-72.656,18.385],[-72.673,18.379],[-72.681,18.381],[-72.679,18.39],[-72.687,18.389],[-72.697,18.398],[-72.694,18.399],[-72.699,18.406],[-72.691,18.412],[-72.693,18.418],[-72.687,18.419],[-72.687,18.421],[-72.692,18.428],[-72.699,18.429],[-72.703,18.438],[-72.722,18.428],[-72.74,18.426],[-72.749,18.43],[-72.755,18.428],[-72.762,18.433],[-72.793,18.43],[-72.814,18.442],[-72.831,18.443]]]},"properties":{"atmart_geo_id":"HTC-0123","pcode":"HT0123","nom_fr":"Grand-Goâve","nom_ht":"Gran Gwav","niveau_admin":"3"}},{"type":"Feature","geometry":{"type":"Polygon","coordinates":[[[-71.862,18.318],[-71.863,18.32],[-71.872,18.324],[-71.894,18.317],[-71.904,18.318],[-71.927,18.311],[-71.934,18.307],[-71.917,18.295],[-71.932,18.273],[-71.928,18.265],[-71.934,18.255],[-71.931,18.241],[-71.939,18.235],[-71.939,18.232],[-71.933,18.232],[-71.94,18.225],[-71.937,18.223],[-71.938,18.217],[-71.946,18.213],[-71.947,18.204],[-71.957,18.195],[-71.927,18.19],[-71.919,18.184],[-71.916,18.196],[-71.919,18.206],[-71.894,18.232],[-71.891,18.228],[-71.88,18.225],[-71.87,18.227],[-71.873,18.236],[-71.888,18.237],[-71.857,18.263],[-71.854,18.269],[-71.854,18.276],[-71.859,18.277],[-71.87,18.273],[-71.868,18.282],[-71.87,18.286],[-71.865,18.294],[-71.867,18.306],[-71.862,18.318]]]},"properties":{"atmart_geo_id":"HTC-0232","pcode":"HT0232","nom_fr":"Grand Gosier","nom_ht":"Gran Gozye","niveau_admin":"3"}},{"type":"Feature","geometry":{"type":"Polygon","coordinates":[[[-72.151,19.599],[-72.163,19.622],[-72.167,19.624],[-72.174,19.621],[-72.183,19.61],[-72.217,19.589],[-72.225,19.582],[-72.221,19.579],[-72.218,19.569],[-72.214,19.566],[-72.22,19.524],[-72.194,19.495],[-72.184,19.496],[-72.181,19.492],[-72.154,19.506],[-72.145,19.502],[-72.133,19.507],[-72.132,19.502],[-72.127,19.502],[-72.113,19.505],[-72.096,19.514],[-72.096,19.517],[-72.104,19.524],[-72.103,19.529],[-72.098,19.532],[-72.098,19.541],[-72.101,19.543],[-72.101,19.549],[-72.104,19.549],[-72.103,19.552],[-72.108,19.559],[-72.114,19.559],[-72.111,19.567],[-72.115,19.575],[-72.12,19.575],[-72.118,19.58],[-72.122,19.586],[-72.121,19.589],[-72.133,19.59],[-72.138,19.597],[-72.145,19.595],[-72.147,19.599],[-72.151,19.599]]]},"properties":{"atmart_geo_id":"HTC-0331","pcode":"HT0331","nom_fr":"Grande Rivière Du Nord","nom_ht":"Grann Rivyè dinò","niveau_admin":"3"}},{"type":"Feature","geometry":{"type":"Polygon","coordinates":[[[-72.729,19.284],[-72.733,19.289],[-72.732,19.293],[-72.735,19.294],[-72.739,19.29],[-72.741,19.282],[-72.747,19.278],[-72.773,19.284],[-72.773,19.276],[-72.77,19.28],[-72.767,19.273],[-72.77,19.267],[-72.774,19.269],[-72.775,19.246],[-72.78,19.238],[-72.775,19.24],[-72.771,19.248],[-72.761,19.251],[-72.756,19.248],[-72.76,19.257],[-72.755,19.256],[-72.753,19.249],[-72.75,19.254],[-72.748,19.251],[-72.749,19.258],[-72.746,19.261],[-72.746,19.257],[-72.74,19.258],[-72.737,19.254],[-72.731,19.259],[-72.726,19.248],[-72.721,19.25],[-72.721,19.244],[-72.717,19.248],[-72.709,19.242],[-72.707,19.244],[-72.712,19.246],[-72.713,19.248],[-72.706,19.249],[-72.704,19.255],[-72.698,19.258],[-72.693,19.255],[-72.697,19.249],[-72.691,19.243],[-72.689,19.254],[-72.686,19.258],[-72.684,19.25],[-72.671,19.247],[-72.668,19.242],[-72.663,19.241],[-72.668,19.24],[-72.671,19.227],[-72.667,19.222],[-72.66,19.224],[-72.659,19.221],[-72.654,19.228],[-72.647,19.229],[-72.643,19.225],[-72.642,19.22],[-72.639,19.229],[-72.635,19.231],[-72.635,19.225],[-72.631,19.224],[-72.624,19.251],[-72.632,19.26],[-72.635,19.257],[-72.661,19.259],[-72.677,19.266],[-72.691,19.277],[-72.703,19.278],[-72.718,19.288],[-72.725,19.283],[-72.729,19.284]]]},"properties":{"atmart_geo_id":"HTC-0543","pcode":"HT0543","nom_fr":"Grande Saline","nom_ht":"Grand Salin","niveau_admin":"3"}},{"type":"Feature","geometry":{"type":"Polygon","coordinates":[[[-72.541,18.544],[-72.546,18.55],[-72.561,18.522],[-72.558,18.515],[-72.565,18.514],[-72.569,18.509],[-72.568,18.488],[-72.56,18.478],[-72.546,18.472],[-72.539,18.475],[-72.531,18.472],[-72.489,18.472],[-72.469,18.476],[-72.449,18.474],[-72.445,18.478],[-72.455,18.494],[-72.465,18.5],[-72.461,18.502],[-72.464,18.505],[-72.461,18.507],[-72.465,18.519],[-72.459,18.517],[-72.457,18.547],[-72.473,18.549],[-72.481,18.545],[-72.496,18.547],[-72.5,18.545],[-72.513,18.549],[-72.518,18.545],[-72.525,18.547],[-72.541,18.544]]]},"properties":{"atmart_geo_id":"HTC-0116","pcode":"HT0116","nom_fr":"Gressier","nom_ht":"Gresye","niveau_admin":"3"}},{"type":"Feature","geometry":{"type":"Polygon","coordinates":[[[-72.696,19.813],[-72.701,19.816],[-72.723,19.811],[-72.743,19.784],[-72.765,19.788],[-72.784,19.771],[-72.807,19.757],[-72.81,19.752],[-72.811,19.739],[-72.829,19.732],[-72.833,19.723],[-72.822,19.714],[-72.83,19.697],[-72.808,19.683],[-72.801,19.681],[-72.798,19.685],[-72.785,19.678],[-72.8,19.657],[-72.802,19.649],[-72.802,19.642],[-72.794,19.627],[-72.754,19.63],[-72.749,19.623],[-72.721,19.62],[-72.713,19.616],[-72.713,19.611],[-72.709,19.606],[-72.703,19.604],[-72.687,19.606],[-72.682,19.597],[-72.672,19.601],[-72.656,19.602],[-72.658,19.606],[-72.654,19.612],[-72.618,19.629],[-72.62,19.634],[-72.606,19.65],[-72.571,19.644],[-72.572,19.652],[-72.576,19.657],[-72.574,19.673],[-72.599,19.682],[-72.616,19.696],[-72.598,19.714],[-72.598,19.724],[-72.609,19.752],[-72.614,19.757],[-72.623,19.757],[-72.625,19.748],[-72.629,19.742],[-72.647,19.745],[-72.648,19.762],[-72.637,19.774],[-72.643,19.785],[-72.656,19.786],[-72.653,19.777],[-72.668,19.776],[-72.674,19.779],[-72.681,19.804],[-72.678,19.809],[-72.688,19.808],[-72.696,19.813]]]},"properties":{"atmart_geo_id":"HTC-0521","pcode":"HT0521","nom_fr":"Gros Morne","nom_ht":"Gro Mòn","niveau_admin":"3"}},{"type":"Feature","geometry":{"type":"Polygon","coordinates":[[[-72.031,19.307],[-72.056,19.298],[-72.071,19.285],[-72.081,19.281],[-72.081,19.278],[-72.095,19.267],[-72.119,19.265],[-72.135,19.255],[-72.122,19.248],[-72.116,19.235],[-72.109,19.234],[-72.103,19.226],[-72.095,19.226],[-72.091,19.222],[-72.082,19.199],[-72.086,19.195],[-72.084,19.19],[-72.086,19.175],[-72.095,19.161],[-72.106,19.153],[-72.107,19.145],[-72.122,19.133],[-72.125,19.119],[-72.135,19.104],[-72.139,19.102],[-72.151,19.11],[-72.169,19.103],[-72.176,19.088],[-72.179,19.086],[-72.185,19.089],[-72.188,19.087],[-72.191,19.072],[-72.166,19.047],[-72.162,19.04],[-72.137,19.016],[-72.132,19.024],[-72.113,19.033],[-72.105,19.033],[-72.095,19.045],[-72.089,19.06],[-72.084,19.061],[-72.081,19.053],[-72.067,19.058],[-72.064,19.055],[-72.059,19.055],[-72.043,19.061],[-72.035,19.06],[-72.031,19.055],[-72.025,19.054],[-72.015,19.059],[-72.011,19.065],[-71.954,19.034],[-71.931,19.017],[-71.918,19.024],[-71.911,19.021],[-71.899,19.036],[-71.906,19.047],[-71.898,19.05],[-71.901,19.055],[-71.911,19.055],[-71.905,19.064],[-71.908,19.069],[-71.914,19.07],[-71.91,19.08],[-71.916,19.084],[-71.915,19.087],[-71.919,19.087],[-71.919,19.095],[-71.888,19.106],[-71.883,19.114],[-71.874,19.136],[-71.867,19.14],[-71.855,19.158],[-71.862,19.169],[-71.86,19.179],[-71.866,19.187],[-71.875,19.188],[-71.886,19.202],[-71.9,19.199],[-71.918,19.186],[-71.928,19.185],[-71.938,19.189],[-71.948,19.198],[-71.953,19.198],[-71.957,19.201],[-71.958,19.207],[-71.962,19.206],[-71.973,19.22],[-71.972,19.225],[-71.976,19.226],[-71.973,19.247],[-71.979,19.255],[-72.003,19.27],[-72.0,19.274],[-72.016,19.291],[-72.017,19.299],[-72.025,19.299],[-72.031,19.307]]]},"properties":{"atmart_geo_id":"HTC-0611","pcode":"HT0611","nom_fr":"Hinche","nom_ht":"Ench","niveau_admin":"3"}},{"type":"Feature","geometry":{"type":"Polygon","coordinates":[[[-73.704,18.109],[-73.708,18.105],[-73.708,18.101],[-73.702,18.095],[-73.705,18.093],[-73.687,18.083],[-73.688,18.078],[-73.676,18.066],[-73.675,18.06],[-73.658,18.058],[-73.651,18.061],[-73.586,18.056],[-73.576,18.061],[-73.571,18.068],[-73.583,18.087],[-73.6,18.1],[-73.611,18.099],[-73.622,18.089],[-73.64,18.083],[-73.662,18.089],[-73.672,18.1],[-73.676,18.096],[-73.68,18.104],[-73.683,18.101],[-73.681,18.099],[-73.684,18.098],[-73.687,18.103],[-73.685,18.106],[-73.692,18.108],[-73.694,18.104],[-73.692,18.103],[-73.697,18.103],[-73.7,18.109],[-73.704,18.109]]]},"properties":{"atmart_geo_id":"HTC-0716","pcode":"HT0716","nom_fr":"Île à Vache","nom_ht":"Ilavach","niveau_admin":"3"}},{"type":"Feature","geometry":{"type":"Polygon","coordinates":[[[-72.451,18.397],[-72.483,18.4],[-72.503,18.406],[-72.507,18.399],[-72.52,18.395],[-72.522,18.389],[-72.531,18.383],[-72.535,18.371],[-72.551,18.365],[-72.553,18.352],[-72.564,18.355],[-72.564,18.347],[-72.58,18.353],[-72.587,18.352],[-72.596,18.342],[-72.601,18.324],[-72.608,18.323],[-72.622,18.344],[-72.642,18.346],[-72.642,18.331],[-72.649,18.326],[-72.637,18.319],[-72.628,18.302],[-72.635,18.285],[-72.641,18.283],[-72.64,18.273],[-72.632,18.269],[-72.627,18.27],[-72.622,18.264],[-72.609,18.268],[-72.606,18.261],[-72.608,18.259],[-72.629,18.262],[-72.638,18.26],[-72.642,18.247],[-72.648,18.246],[-72.653,18.236],[-72.651,18.231],[-72.648,18.231],[-72.645,18.226],[-72.641,18.225],[-72.642,18.216],[-72.636,18.19],[-72.623,18.188],[-72.619,18.183],[-72.603,18.183],[-72.594,18.178],[-72.589,18.181],[-72.583,18.18],[-72.579,18.174],[-72.571,18.176],[-72.568,18.172],[-72.554,18.172],[-72.544,18.176],[-72.541,18.185],[-72.542,18.191],[-72.554,18.199],[-72.552,18.208],[-72.558,18.222],[-72.549,18.231],[-72.536,18.232],[-72.524,18.222],[-72.52,18.215],[-72.514,18.214],[-72.494,18.22],[-72.489,18.225],[-72.478,18.219],[-72.468,18.225],[-72.458,18.222],[-72.434,18.227],[-72.436,18.244],[-72.444,18.243],[-72.441,18.254],[-72.437,18.256],[-72.443,18.26],[-72.441,18.267],[-72.445,18.276],[-72.461,18.277],[-72.47,18.284],[-72.472,18.29],[-72.456,18.283],[-72.452,18.285],[-72.426,18.285],[-72.437,18.308],[-72.427,18.321],[-72.423,18.318],[-72.417,18.318],[-72.409,18.322],[-72.399,18.32],[-72.384,18.324],[-72.379,18.333],[-72.372,18.332],[-72.373,18.336],[-72.362,18.343],[-72.364,18.355],[-72.37,18.366],[-72.367,18.378],[-72.371,18.381],[-72.383,18.38],[-72.384,18.388],[-72.394,18.392],[-72.396,18.386],[-72.404,18.384],[-72.41,18.379],[-72.427,18.374],[-72.43,18.376],[-72.435,18.373],[-72.436,18.38],[-72.428,18.395],[-72.422,18.398],[-72.424,18.401],[-72.451,18.397]]]},"properties":{"atmart_geo_id":"HTC-0211","pcode":"HT0211","nom_fr":"Jacmel","nom_ht":"Jakmèl","niveau_admin":"3"}},{"type":"Feature","geometry":{"type":"Polygon","coordinates":[[[-73.159,19.93],[-73.167,19.93],[-73.184,19.921],[-73.2,19.905],[-73.206,19.904],[-73.229,19.889],[-73.241,19.879],[-73.24,19.875],[-73.246,19.878],[-73.276,19.864],[-73.272,19.85],[-73.265,19.842],[-73.269,19.839],[-73.268,19.833],[-73.27,19.827],[-73.26,19.821],[-73.259,19.804],[-73.263,19.802],[-73.264,19.796],[-73.255,19.773],[-73.25,19.771],[-73.24,19.751],[-73.214,19.757],[-73.216,19.762],[-73.215,19.768],[-73.203,19.772],[-73.196,19.772],[-73.195,19.779],[-73.186,19.787],[-73.188,19.796],[-73.183,19.799],[-73.173,19.786],[-73.168,19.762],[-73.158,19.762],[-73.157,19.758],[-73.161,19.754],[-73.149,19.743],[-73.14,19.744],[-73.141,19.738],[-73.13,19.726],[-73.129,19.712],[-73.124,19.703],[-73.116,19.703],[-73.104,19.696],[-73.102,19.7],[-73.106,19.703],[-73.087,19.714],[-73.08,19.731],[-73.07,19.731],[-73.062,19.739],[-73.053,19.742],[-73.033,19.738],[-73.027,19.733],[-73.011,19.731],[-73.022,19.749],[-73.023,19.756],[-73.032,19.762],[-73.034,19.774],[-73.024,19.784],[-73.021,19.792],[-73.02,19.814],[-73.025,19.83],[-73.02,19.838],[-73.014,19.837],[-73.013,19.848],[-73.005,19.854],[-73.004,19.867],[-73.007,19.873],[-73.0,19.881],[-73.002,19.901],[-73.0,19.906],[-73.0,19.917],[-73.015,19.922],[-73.03,19.922],[-73.032,19.919],[-73.026,19.916],[-73.028,19.91],[-73.034,19.91],[-73.034,19.912],[-73.045,19.919],[-73.078,19.919],[-73.127,19.926],[-73.147,19.925],[-73.159,19.93]]]},"properties":{"atmart_geo_id":"HTC-0934","pcode":"HT0934","nom_fr":"Jean Rabel","nom_ht":"Jan Rabèl","niveau_admin":"3"}},{"type":"Feature","geometry":{"type":"Polygon","coordinates":[[[-74.194,18.674],[-74.215,18.675],[-74.214,18.663],[-74.232,18.658],[-74.234,18.655],[-74.232,18.646],[-74.22,18.632],[-74.227,18.626],[-74.207,18.619],[-74.192,18.624],[-74.19,18.622],[-74.191,18.618],[-74.198,18.614],[-74.222,18.607],[-74.226,18.601],[-74.241,18.589],[-74.228,18.578],[-74.224,18.556],[-74.226,18.544],[-74.223,18.542],[-74.231,18.525],[-74.23,18.517],[-74.233,18.51],[-74.228,18.502],[-74.241,18.494],[-74.253,18.478],[-74.246,18.468],[-74.245,18.459],[-74.242,18.457],[-74.236,18.458],[-74.22,18.465],[-74.217,18.463],[-74.223,18.451],[-74.225,18.436],[-74.217,18.419],[-74.219,18.407],[-74.206,18.398],[-74.196,18.398],[-74.181,18.392],[-74.132,18.401],[-74.124,18.396],[-74.118,18.397],[-74.107,18.404],[-74.108,18.416],[-74.12,18.435],[-74.113,18.438],[-74.098,18.457],[-74.097,18.464],[-74.102,18.48],[-74.095,18.492],[-74.096,18.498],[-74.087,18.499],[-74.075,18.523],[-74.077,18.525],[-74.086,18.522],[-74.09,18.528],[-74.084,18.537],[-74.089,18.545],[-74.087,18.552],[-74.09,18.557],[-74.07,18.577],[-74.073,18.587],[-74.073,18.601],[-74.078,18.616],[-74.089,18.626],[-74.108,18.636],[-74.112,18.642],[-74.112,18.646],[-74.109,18.646],[-74.119,18.651],[-74.12,18.654],[-74.127,18.654],[-74.13,18.659],[-74.14,18.664],[-74.146,18.66],[-74.156,18.666],[-74.194,18.674]]]},"properties":{"atmart_geo_id":"HTC-0811","pcode":"HT0811","nom_fr":"Jérémie","nom_ht":"Jeremi","niveau_admin":"3"}},{"type":"Feature","geometry":{"type":"Polygon","coordinates":[[[-72.292,18.477],[-72.292,18.485],[-72.303,18.48],[-72.296,18.476],[-72.31,18.446],[-72.321,18.445],[-72.346,18.459],[-72.35,18.454],[-72.356,18.452],[-72.361,18.444],[-72.374,18.439],[-72.386,18.439],[-72.39,18.435],[-72.39,18.43],[-72.387,18.428],[-72.39,18.419],[-72.386,18.42],[-72.388,18.416],[-72.383,18.412],[-72.371,18.409],[-72.368,18.401],[-72.36,18.398],[-72.35,18.4],[-72.346,18.399],[-72.346,18.394],[-72.351,18.391],[-72.356,18.38],[-72.367,18.378],[-72.37,18.366],[-72.365,18.353],[-72.34,18.348],[-72.327,18.341],[-72.315,18.34],[-72.289,18.342],[-72.281,18.354],[-72.264,18.358],[-72.257,18.358],[-72.218,18.349],[-72.199,18.352],[-72.205,18.365],[-72.202,18.379],[-72.205,18.384],[-72.203,18.39],[-72.21,18.404],[-72.195,18.421],[-72.207,18.425],[-72.212,18.42],[-72.213,18.428],[-72.219,18.43],[-72.227,18.442],[-72.231,18.442],[-72.231,18.449],[-72.226,18.448],[-72.225,18.451],[-72.23,18.458],[-72.236,18.461],[-72.236,18.468],[-72.247,18.46],[-72.267,18.458],[-72.283,18.461],[-72.288,18.473],[-72.292,18.477]]]},"properties":{"atmart_geo_id":"HTC-0115","pcode":"HT0115","nom_fr":"Kenscoff","nom_ht":"Kenskòf","niveau_admin":"3"}},{"type":"Feature","geometry":{"type":"Polygon","coordinates":[[[-73.426,18.451],[-73.43,18.452],[-73.451,18.446],[-73.442,18.435],[-73.445,18.432],[-73.449,18.415],[-73.444,18.397],[-73.451,18.392],[-73.452,18.386],[-73.463,18.379],[-73.472,18.389],[-73.478,18.388],[-73.489,18.378],[-73.491,18.381],[-73.501,18.384],[-73.513,18.384],[-73.518,18.388],[-73.525,18.386],[-73.536,18.387],[-73.542,18.374],[-73.546,18.375],[-73.555,18.37],[-73.556,18.35],[-73.561,18.349],[-73.564,18.344],[-73.561,18.347],[-73.555,18.336],[-73.515,18.336],[-73.493,18.338],[-73.482,18.342],[-73.472,18.341],[-73.47,18.338],[-73.455,18.338],[-73.429,18.345],[-73.412,18.342],[-73.405,18.348],[-73.363,18.345],[-73.357,18.342],[-73.351,18.345],[-73.336,18.369],[-73.331,18.369],[-73.331,18.378],[-73.339,18.387],[-73.326,18.399],[-73.326,18.411],[-73.339,18.411],[-73.342,18.414],[-73.344,18.41],[-73.35,18.409],[-73.359,18.415],[-73.361,18.413],[-73.359,18.407],[-73.371,18.401],[-73.37,18.396],[-73.376,18.402],[-73.377,18.395],[-73.384,18.398],[-73.385,18.395],[-73.388,18.402],[-73.392,18.402],[-73.393,18.406],[-73.395,18.404],[-73.401,18.409],[-73.403,18.406],[-73.409,18.408],[-73.404,18.411],[-73.409,18.412],[-73.409,18.414],[-73.404,18.419],[-73.412,18.425],[-73.413,18.429],[-73.409,18.436],[-73.4,18.44],[-73.399,18.445],[-73.402,18.447],[-73.417,18.445],[-73.426,18.451]]]},"properties":{"atmart_geo_id":"HTC-1023","pcode":"HT1023","nom_fr":"L'Asile","nom_ht":"Lazil","niveau_admin":"3"}},{"type":"Feature","geometry":{"type":"Polygon","coordinates":[[[-72.717,19.415],[-72.714,19.423],[-72.718,19.431],[-72.724,19.427],[-72.727,19.42],[-72.73,19.403],[-72.716,19.397],[-72.712,19.393],[-72.711,19.387],[-72.724,19.371],[-72.719,19.36],[-72.712,19.36],[-72.71,19.356],[-72.702,19.351],[-72.701,19.345],[-72.696,19.339],[-72.68,19.335],[-72.664,19.325],[-72.657,19.316],[-72.651,19.316],[-72.645,19.303],[-72.627,19.302],[-72.623,19.304],[-72.617,19.299],[-72.611,19.299],[-72.607,19.305],[-72.6,19.306],[-72.594,19.311],[-72.583,19.304],[-72.565,19.302],[-72.56,19.313],[-72.546,19.318],[-72.541,19.312],[-72.538,19.312],[-72.534,19.315],[-72.527,19.329],[-72.511,19.332],[-72.511,19.337],[-72.54,19.358],[-72.549,19.389],[-72.558,19.389],[-72.564,19.395],[-72.582,19.392],[-72.606,19.405],[-72.615,19.402],[-72.62,19.405],[-72.629,19.392],[-72.635,19.393],[-72.639,19.397],[-72.644,19.397],[-72.653,19.404],[-72.671,19.392],[-72.678,19.394],[-72.685,19.403],[-72.702,19.393],[-72.71,19.402],[-72.704,19.41],[-72.717,19.415]]]},"properties":{"atmart_geo_id":"HTC-0513","pcode":"HT0513","nom_fr":"L'Estère","nom_ht":"Lestè","niveau_admin":"3"}},{"type":"Feature","geometry":{"type":"Polygon","coordinates":[[[-72.358,18.97],[-72.366,18.978],[-72.366,18.985],[-72.374,18.982],[-72.38,18.968],[-72.389,18.959],[-72.394,18.947],[-72.416,18.938],[-72.418,18.924],[-72.428,18.915],[-72.42,18.913],[-72.415,18.904],[-72.404,18.902],[-72.397,18.894],[-72.392,18.893],[-72.382,18.879],[-72.365,18.866],[-72.356,18.87],[-72.325,18.863],[-72.315,18.858],[-72.301,18.864],[-72.289,18.864],[-72.279,18.86],[-72.265,18.862],[-72.257,18.857],[-72.253,18.858],[-72.247,18.872],[-72.248,18.881],[-72.244,18.9],[-72.25,18.909],[-72.241,18.917],[-72.246,18.92],[-72.26,18.917],[-72.267,18.922],[-72.272,18.914],[-72.284,18.924],[-72.289,18.92],[-72.309,18.932],[-72.318,18.94],[-72.326,18.942],[-72.34,18.956],[-72.338,18.97],[-72.343,18.973],[-72.341,18.976],[-72.344,18.976],[-72.349,18.968],[-72.351,18.975],[-72.354,18.976],[-72.358,18.97]]]},"properties":{"atmart_geo_id":"HTC-0533","pcode":"HT0533","nom_fr":"La Chapelle","nom_ht":"Lachapèl","niveau_admin":"3"}},{"type":"Feature","geometry":{"type":"Polygon","coordinates":[[[-72.796,20.086],[-72.807,20.089],[-72.844,20.086],[-72.863,20.087],[-72.927,20.076],[-72.968,20.065],[-72.967,20.06],[-72.96,20.055],[-72.939,20.052],[-72.906,20.041],[-72.89,20.039],[-72.875,20.033],[-72.81,20.029],[-72.772,20.019],[-72.758,20.012],[-72.71,20.003],[-72.695,19.998],[-72.659,19.997],[-72.645,19.992],[-72.62,19.997],[-72.641,20.022],[-72.666,20.039],[-72.756,20.068],[-72.796,20.086]]]},"properties":{"atmart_geo_id":"HTC-0912","pcode":"HT0912","nom_fr":"La Tortue","nom_ht":"Latòti","niveau_admin":"3"}},{"type":"Feature","geometry":{"type":"Polygon","coordinates":[[[-72.761,18.282],[-72.766,18.273],[-72.764,18.271],[-72.765,18.268],[-72.762,18.268],[-72.761,18.265],[-72.763,18.263],[-72.76,18.26],[-72.752,18.264],[-72.742,18.261],[-72.736,18.266],[-72.73,18.278],[-72.725,18.277],[-72.722,18.269],[-72.717,18.266],[-72.715,18.269],[-72.704,18.269],[-72.704,18.263],[-72.694,18.262],[-72.685,18.257],[-72.681,18.244],[-72.664,18.24],[-72.656,18.236],[-72.651,18.237],[-72.647,18.247],[-72.642,18.247],[-72.638,18.26],[-72.63,18.262],[-72.618,18.26],[-72.606,18.26],[-72.609,18.268],[-72.622,18.264],[-72.627,18.27],[-72.632,18.269],[-72.64,18.273],[-72.641,18.283],[-72.635,18.285],[-72.629,18.297],[-72.631,18.3],[-72.628,18.301],[-72.637,18.32],[-72.649,18.326],[-72.659,18.324],[-72.671,18.33],[-72.675,18.325],[-72.682,18.325],[-72.683,18.322],[-72.687,18.323],[-72.689,18.318],[-72.696,18.317],[-72.703,18.308],[-72.711,18.309],[-72.707,18.3],[-72.707,18.297],[-72.71,18.296],[-72.718,18.304],[-72.722,18.311],[-72.728,18.313],[-72.731,18.318],[-72.742,18.322],[-72.738,18.315],[-72.741,18.307],[-72.741,18.289],[-72.746,18.288],[-72.748,18.291],[-72.761,18.282]]]},"properties":{"atmart_geo_id":"HTC-0214","pcode":"HT0214","nom_fr":"La Vallée","nom_ht":"Lavale","niveau_admin":"3"}},{"type":"Feature","geometry":{"type":"Polygon","coordinates":[[[-72.052,19.37],[-72.055,19.378],[-72.059,19.38],[-72.07,19.37],[-72.079,19.369],[-72.079,19.359],[-72.075,19.359],[-72.065,19.354],[-72.053,19.343],[-72.036,19.341],[-72.035,19.336],[-72.018,19.336],[-72.01,19.332],[-72.007,19.325],[-72.004,19.324],[-71.992,19.333],[-71.978,19.335],[-71.979,19.34],[-71.971,19.34],[-71.975,19.351],[-71.986,19.361],[-71.986,19.366],[-72.005,19.359],[-72.007,19.363],[-72.014,19.361],[-72.014,19.363],[-72.017,19.36],[-72.029,19.364],[-72.035,19.358],[-72.043,19.357],[-72.049,19.361],[-72.052,19.37]]]},"properties":{"atmart_geo_id":"HTC-0345","pcode":"HT0345","nom_fr":"La Victoire","nom_ht":"La viktwa","niveau_admin":"3"}},{"type":"Feature","geometry":{"type":"Polygon","coordinates":[[[-71.992,18.906],[-71.999,18.901],[-72.008,18.903],[-72.008,18.899],[-72.015,18.898],[-72.017,18.892],[-72.021,18.89],[-72.022,18.881],[-72.029,18.89],[-72.028,18.894],[-72.034,18.892],[-72.04,18.9],[-72.046,18.897],[-72.057,18.903],[-72.062,18.899],[-72.065,18.901],[-72.065,18.898],[-72.065,18.893],[-72.059,18.892],[-72.041,18.873],[-72.036,18.861],[-72.025,18.843],[-72.003,18.828],[-71.996,18.826],[-71.982,18.813],[-71.977,18.813],[-71.969,18.796],[-71.97,18.792],[-71.961,18.778],[-71.952,18.776],[-71.95,18.773],[-71.944,18.775],[-71.939,18.773],[-71.936,18.774],[-71.936,18.78],[-71.924,18.78],[-71.919,18.784],[-71.898,18.781],[-71.899,18.776],[-71.882,18.767],[-71.867,18.766],[-71.857,18.785],[-71.869,18.802],[-71.867,18.814],[-71.876,18.824],[-71.892,18.833],[-71.903,18.854],[-71.904,18.861],[-71.914,18.859],[-71.91,18.855],[-71.924,18.856],[-71.923,18.853],[-71.926,18.853],[-71.928,18.859],[-71.932,18.854],[-71.929,18.851],[-71.937,18.856],[-71.939,18.851],[-71.94,18.86],[-71.945,18.858],[-71.961,18.873],[-71.965,18.87],[-71.974,18.877],[-71.979,18.877],[-71.981,18.88],[-71.977,18.883],[-71.979,18.901],[-71.992,18.906]]]},"properties":{"atmart_geo_id":"HTC-0631","pcode":"HT0631","nom_fr":"Lascahobas","nom_ht":"Laskawobas","niveau_admin":"3"}},{"type":"Feature","geometry":{"type":"Polygon","coordinates":[[[-72.576,18.564],[-72.605,18.56],[-72.627,18.55],[-72.645,18.529],[-72.652,18.525],[-72.653,18.514],[-72.678,18.454],[-72.694,18.439],[-72.703,18.438],[-72.699,18.429],[-72.692,18.428],[-72.687,18.421],[-72.687,18.419],[-72.693,18.418],[-72.691,18.412],[-72.699,18.406],[-72.694,18.399],[-72.697,18.398],[-72.687,18.389],[-72.679,18.39],[-72.681,18.381],[-72.673,18.379],[-72.656,18.385],[-72.663,18.374],[-72.672,18.372],[-72.674,18.363],[-72.685,18.358],[-72.671,18.351],[-72.653,18.352],[-72.653,18.337],[-72.649,18.326],[-72.642,18.331],[-72.642,18.346],[-72.622,18.344],[-72.608,18.323],[-72.601,18.324],[-72.596,18.342],[-72.587,18.352],[-72.58,18.353],[-72.564,18.347],[-72.564,18.355],[-72.553,18.352],[-72.551,18.365],[-72.535,18.371],[-72.531,18.383],[-72.522,18.389],[-72.52,18.395],[-72.507,18.399],[-72.503,18.406],[-72.483,18.4],[-72.455,18.397],[-72.451,18.397],[-72.45,18.401],[-72.453,18.416],[-72.45,18.421],[-72.454,18.429],[-72.452,18.433],[-72.459,18.444],[-72.456,18.457],[-72.466,18.464],[-72.469,18.476],[-72.489,18.472],[-72.531,18.472],[-72.539,18.475],[-72.546,18.472],[-72.552,18.473],[-72.567,18.486],[-72.57,18.493],[-72.569,18.509],[-72.565,18.514],[-72.558,18.515],[-72.561,18.522],[-72.546,18.55],[-72.552,18.553],[-72.553,18.561],[-72.576,18.564]]]},"properties":{"atmart_geo_id":"HTC-0121","pcode":"HT0121","nom_fr":"Léogâne","nom_ht":"Leyogàn","niveau_admin":"3"}},{"type":"Feature","geometry":{"type":"Polygon","coordinates":[[[-74.211,18.402],[-74.217,18.402],[-74.217,18.392],[-74.223,18.388],[-74.221,18.383],[-74.223,18.38],[-74.244,18.375],[-74.228,18.362],[-74.23,18.355],[-74.222,18.337],[-74.234,18.331],[-74.252,18.31],[-74.226,18.31],[-74.218,18.301],[-74.209,18.297],[-74.192,18.298],[-74.193,18.3],[-74.174,18.307],[-74.172,18.304],[-74.135,18.303],[-74.135,18.31],[-74.125,18.316],[-74.132,18.327],[-74.148,18.331],[-74.143,18.342],[-74.125,18.351],[-74.115,18.353],[-74.107,18.376],[-74.107,18.404],[-74.118,18.397],[-74.124,18.396],[-74.132,18.401],[-74.181,18.392],[-74.196,18.398],[-74.206,18.398],[-74.211,18.402]]]},"properties":{"atmart_geo_id":"HTC-0752","pcode":"HT0752","nom_fr":"Les Anglais","nom_ht":"Anglè yo","niveau_admin":"3"}},{"type":"Feature","geometry":{"type":"Polygon","coordinates":[[[-73.791,18.337],[-73.794,18.34],[-73.791,18.347],[-73.804,18.351],[-73.804,18.347],[-73.81,18.346],[-73.803,18.336],[-73.822,18.336],[-73.833,18.325],[-73.828,18.297],[-73.823,18.29],[-73.816,18.288],[-73.812,18.282],[-73.812,18.279],[-73.817,18.278],[-73.818,18.274],[-73.842,18.265],[-73.858,18.284],[-73.862,18.286],[-73.869,18.303],[-73.87,18.3],[-73.876,18.299],[-73.862,18.274],[-73.806,18.206],[-73.809,18.204],[-73.795,18.186],[-73.789,18.17],[-73.769,18.181],[-73.759,18.181],[-73.748,18.191],[-73.738,18.193],[-73.734,18.198],[-73.73,18.199],[-73.731,18.202],[-73.723,18.202],[-73.718,18.21],[-73.702,18.213],[-73.7,18.216],[-73.703,18.221],[-73.696,18.233],[-73.698,18.236],[-73.685,18.239],[-73.686,18.245],[-73.693,18.255],[-73.684,18.254],[-73.681,18.264],[-73.684,18.266],[-73.689,18.282],[-73.682,18.29],[-73.685,18.303],[-73.684,18.312],[-73.699,18.318],[-73.708,18.315],[-73.713,18.32],[-73.723,18.316],[-73.733,18.324],[-73.734,18.332],[-73.736,18.332],[-73.74,18.33],[-73.739,18.324],[-73.747,18.331],[-73.751,18.331],[-73.763,18.325],[-73.774,18.315],[-73.79,18.328],[-73.789,18.335],[-73.791,18.337]]]},"properties":{"atmart_geo_id":"HTC-0711","pcode":"HT0711","nom_fr":"Les Cayes","nom_ht":"Okay","niveau_admin":"3"}},{"type":"Feature","geometry":{"type":"Polygon","coordinates":[[[-74.349,18.428],[-74.362,18.436],[-74.366,18.444],[-74.381,18.452],[-74.398,18.439],[-74.395,18.432],[-74.397,18.427],[-74.408,18.436],[-74.409,18.442],[-74.429,18.436],[-74.435,18.439],[-74.443,18.43],[-74.442,18.424],[-74.447,18.425],[-74.451,18.42],[-74.473,18.42],[-74.48,18.416],[-74.464,18.413],[-74.449,18.397],[-74.452,18.38],[-74.447,18.37],[-74.45,18.361],[-74.446,18.358],[-74.441,18.357],[-74.436,18.361],[-74.437,18.366],[-74.432,18.363],[-74.432,18.359],[-74.423,18.357],[-74.41,18.361],[-74.4,18.358],[-74.388,18.363],[-74.356,18.36],[-74.343,18.364],[-74.33,18.361],[-74.325,18.364],[-74.309,18.367],[-74.296,18.379],[-74.295,18.385],[-74.296,18.392],[-74.294,18.395],[-74.302,18.408],[-74.302,18.416],[-74.321,18.418],[-74.332,18.416],[-74.334,18.419],[-74.344,18.42],[-74.349,18.428]]]},"properties":{"atmart_geo_id":"HTC-0823","pcode":"HT0823","nom_fr":"Les Irois","nom_ht":"Lèziwa","niveau_admin":"3"}},{"type":"Feature","geometry":{"type":"Polygon","coordinates":[[[-72.364,19.718],[-72.371,19.724],[-72.384,19.726],[-72.389,19.717],[-72.392,19.718],[-72.398,19.714],[-72.393,19.707],[-72.409,19.708],[-72.411,19.713],[-72.418,19.715],[-72.429,19.723],[-72.429,19.72],[-72.435,19.714],[-72.434,19.709],[-72.446,19.7],[-72.444,19.694],[-72.446,19.686],[-72.46,19.677],[-72.458,19.671],[-72.461,19.663],[-72.451,19.643],[-72.454,19.624],[-72.448,19.617],[-72.452,19.611],[-72.445,19.602],[-72.446,19.59],[-72.444,19.586],[-72.427,19.573],[-72.423,19.565],[-72.403,19.577],[-72.406,19.583],[-72.403,19.594],[-72.406,19.599],[-72.403,19.604],[-72.404,19.61],[-72.396,19.611],[-72.397,19.631],[-72.377,19.651],[-72.372,19.652],[-72.371,19.655],[-72.365,19.655],[-72.359,19.658],[-72.361,19.666],[-72.342,19.686],[-72.341,19.691],[-72.353,19.704],[-72.354,19.709],[-72.362,19.712],[-72.364,19.718]]]},"properties":{"atmart_geo_id":"HTC-0361","pcode":"HT0361","nom_fr":"Limbé","nom_ht":"Lenbe","niveau_admin":"3"}},{"type":"Feature","geometry":{"type":"Polygon","coordinates":[[[-72.128,19.751],[-72.133,19.752],[-72.131,19.747],[-72.139,19.741],[-72.135,19.72],[-72.142,19.701],[-72.141,19.679],[-72.156,19.664],[-72.158,19.657],[-72.168,19.65],[-72.166,19.647],[-72.177,19.633],[-72.169,19.629],[-72.167,19.624],[-72.163,19.622],[-72.151,19.599],[-72.147,19.599],[-72.145,19.595],[-72.138,19.597],[-72.133,19.59],[-72.121,19.589],[-72.114,19.592],[-72.106,19.603],[-72.112,19.611],[-72.113,19.619],[-72.108,19.623],[-72.11,19.634],[-72.106,19.635],[-72.093,19.626],[-72.079,19.632],[-72.072,19.631],[-72.066,19.635],[-72.064,19.645],[-72.067,19.649],[-72.065,19.652],[-72.067,19.656],[-72.061,19.663],[-72.059,19.673],[-72.063,19.685],[-72.057,19.696],[-72.065,19.697],[-72.065,19.699],[-72.055,19.704],[-72.047,19.702],[-72.038,19.705],[-72.037,19.717],[-72.04,19.721],[-72.036,19.727],[-72.041,19.734],[-72.047,19.738],[-72.049,19.734],[-72.045,19.73],[-72.048,19.731],[-72.052,19.728],[-72.053,19.721],[-72.057,19.717],[-72.062,19.718],[-72.061,19.707],[-72.067,19.707],[-72.067,19.702],[-72.078,19.703],[-72.076,19.709],[-72.081,19.71],[-72.078,19.715],[-72.064,19.713],[-72.065,19.719],[-72.058,19.722],[-72.056,19.732],[-72.073,19.732],[-72.093,19.726],[-72.115,19.73],[-72.127,19.743],[-72.128,19.751]]]},"properties":{"atmart_geo_id":"HTC-0313","pcode":"HT0313","nom_fr":"Limonade","nom_ht":"Limonad","niveau_admin":"3"}},{"type":"Feature","geometry":{"type":"Polygon","coordinates":[[[-72.166,19.282],[-72.183,19.294],[-72.203,19.301],[-72.227,19.275],[-72.231,19.275],[-72.238,19.27],[-72.242,19.262],[-72.239,19.252],[-72.242,19.232],[-72.256,19.227],[-72.266,19.216],[-72.258,19.207],[-72.264,19.192],[-72.261,19.188],[-72.26,19.177],[-72.254,19.167],[-72.255,19.161],[-72.243,19.156],[-72.22,19.131],[-72.221,19.127],[-72.24,19.117],[-72.239,19.102],[-72.225,19.086],[-72.214,19.08],[-72.205,19.081],[-72.201,19.078],[-72.191,19.081],[-72.189,19.078],[-72.188,19.087],[-72.185,19.089],[-72.179,19.086],[-72.169,19.103],[-72.151,19.11],[-72.139,19.102],[-72.135,19.104],[-72.125,19.119],[-72.122,19.133],[-72.107,19.145],[-72.106,19.153],[-72.095,19.161],[-72.086,19.175],[-72.084,19.19],[-72.086,19.195],[-72.082,19.199],[-72.093,19.225],[-72.103,19.226],[-72.109,19.234],[-72.12,19.239],[-72.124,19.249],[-72.136,19.256],[-72.155,19.259],[-72.153,19.269],[-72.159,19.283],[-72.166,19.282]]]},"properties":{"atmart_geo_id":"HTC-0612","pcode":"HT0612","nom_fr":"Maïssade","nom_ht":"Mayisad","niveau_admin":"3"}},{"type":"Feature","geometry":{"type":"Polygon","coordinates":[[[-73.786,18.424],[-73.821,18.413],[-73.814,18.407],[-73.821,18.398],[-73.815,18.394],[-73.818,18.384],[-73.81,18.369],[-73.811,18.364],[-73.82,18.357],[-73.818,18.353],[-73.791,18.347],[-73.794,18.34],[-73.789,18.335],[-73.79,18.328],[-73.774,18.315],[-73.763,18.325],[-73.751,18.331],[-73.747,18.331],[-73.739,18.324],[-73.74,18.33],[-73.736,18.332],[-73.734,18.332],[-73.733,18.324],[-73.723,18.316],[-73.713,18.32],[-73.708,18.315],[-73.699,18.318],[-73.689,18.314],[-73.688,18.319],[-73.695,18.325],[-73.7,18.338],[-73.695,18.349],[-73.686,18.352],[-73.687,18.365],[-73.693,18.367],[-73.698,18.379],[-73.691,18.39],[-73.697,18.399],[-73.697,18.404],[-73.691,18.409],[-73.702,18.42],[-73.707,18.421],[-73.721,18.415],[-73.738,18.416],[-73.743,18.421],[-73.759,18.424],[-73.771,18.418],[-73.78,18.424],[-73.786,18.424]]]},"properties":{"atmart_geo_id":"HTC-0715","pcode":"HT0715","nom_fr":"Maniche","nom_ht":"Manich","niveau_admin":"3"}},{"type":"Feature","geometry":{"type":"Polygon","coordinates":[[[-72.255,18.358],[-72.281,18.354],[-72.289,18.342],[-72.31,18.34],[-72.327,18.341],[-72.34,18.348],[-72.365,18.353],[-72.362,18.343],[-72.373,18.336],[-72.374,18.324],[-72.368,18.315],[-72.373,18.303],[-72.369,18.299],[-72.366,18.288],[-72.369,18.274],[-72.36,18.262],[-72.357,18.232],[-72.35,18.234],[-72.345,18.231],[-72.338,18.234],[-72.327,18.23],[-72.316,18.231],[-72.306,18.224],[-72.299,18.222],[-72.275,18.228],[-72.246,18.228],[-72.241,18.223],[-72.224,18.222],[-72.221,18.251],[-72.231,18.268],[-72.227,18.28],[-72.232,18.297],[-72.229,18.304],[-72.24,18.328],[-72.236,18.337],[-72.253,18.352],[-72.255,18.358]]]},"properties":{"atmart_geo_id":"HTC-0212","pcode":"HT0212","nom_fr":"Marigot","nom_ht":"Marigo","niveau_admin":"3"}},{"type":"Feature","geometry":{"type":"Polygon","coordinates":[[[-72.364,19.591],[-72.375,19.59],[-72.381,19.586],[-72.391,19.573],[-72.39,19.566],[-72.393,19.562],[-72.412,19.571],[-72.423,19.565],[-72.425,19.559],[-72.415,19.545],[-72.418,19.539],[-72.425,19.53],[-72.433,19.525],[-72.44,19.528],[-72.442,19.523],[-72.447,19.521],[-72.444,19.516],[-72.439,19.513],[-72.435,19.515],[-72.432,19.508],[-72.417,19.5],[-72.41,19.484],[-72.404,19.481],[-72.403,19.472],[-72.413,19.47],[-72.416,19.463],[-72.402,19.462],[-72.393,19.467],[-72.387,19.467],[-72.38,19.47],[-72.373,19.464],[-72.363,19.477],[-72.358,19.477],[-72.358,19.483],[-72.355,19.483],[-72.353,19.49],[-72.347,19.486],[-72.334,19.489],[-72.33,19.484],[-72.321,19.485],[-72.319,19.487],[-72.325,19.49],[-72.326,19.501],[-72.332,19.505],[-72.327,19.51],[-72.322,19.511],[-72.325,19.527],[-72.331,19.533],[-72.325,19.539],[-72.323,19.554],[-72.319,19.559],[-72.328,19.572],[-72.359,19.573],[-72.362,19.567],[-72.367,19.566],[-72.366,19.577],[-72.359,19.582],[-72.359,19.586],[-72.364,19.591]]]},"properties":{"atmart_geo_id":"HTC-0552","pcode":"HT0552","nom_fr":"Marmelade","nom_ht":"Mamelad","niveau_admin":"3"}},{"type":"Feature","geometry":{"type":"Polygon","coordinates":[[[-72.218,19.721],[-72.224,19.723],[-72.234,19.718],[-72.243,19.697],[-72.24,19.691],[-72.233,19.685],[-72.232,19.68],[-72.233,19.669],[-72.245,19.651],[-72.245,19.643],[-72.25,19.639],[-72.25,19.633],[-72.246,19.622],[-72.246,19.615],[-72.237,19.607],[-72.233,19.607],[-72.231,19.603],[-72.236,19.584],[-72.247,19.572],[-72.244,19.571],[-72.204,19.596],[-72.207,19.604],[-72.199,19.607],[-72.2,19.613],[-72.189,19.621],[-72.198,19.624],[-72.195,19.647],[-72.189,19.648],[-72.187,19.654],[-72.193,19.658],[-72.193,19.663],[-72.187,19.677],[-72.186,19.699],[-72.199,19.704],[-72.199,19.71],[-72.218,19.721]]]},"properties":{"atmart_geo_id":"HTC-0323","pcode":"HT0323","nom_fr":"Milot","nom_ht":"Milo","niveau_admin":"3"}},{"type":"Feature","geometry":{"type":"Polygon","coordinates":[[[-73.057,18.461],[-73.063,18.457],[-73.07,18.458],[-73.074,18.447],[-73.085,18.449],[-73.09,18.447],[-73.091,18.443],[-73.105,18.447],[-73.107,18.45],[-73.11,18.449],[-73.108,18.44],[-73.103,18.436],[-73.114,18.428],[-73.11,18.423],[-73.115,18.419],[-73.112,18.411],[-73.122,18.388],[-73.129,18.386],[-73.138,18.388],[-73.149,18.385],[-73.156,18.388],[-73.155,18.38],[-73.151,18.375],[-73.153,18.367],[-73.151,18.363],[-73.159,18.354],[-73.163,18.355],[-73.168,18.362],[-73.175,18.358],[-73.165,18.351],[-73.157,18.35],[-73.142,18.365],[-73.125,18.359],[-73.119,18.363],[-73.115,18.361],[-73.11,18.362],[-73.1,18.353],[-73.097,18.345],[-73.081,18.335],[-73.08,18.329],[-73.072,18.327],[-73.073,18.33],[-73.071,18.331],[-73.07,18.327],[-73.072,18.323],[-73.068,18.323],[-73.059,18.303],[-73.056,18.301],[-73.052,18.303],[-73.05,18.3],[-73.047,18.302],[-73.042,18.3],[-73.047,18.297],[-73.044,18.294],[-73.052,18.287],[-73.048,18.28],[-73.042,18.277],[-73.041,18.272],[-73.043,18.271],[-73.038,18.27],[-73.039,18.263],[-73.042,18.26],[-73.036,18.259],[-73.038,18.257],[-73.03,18.251],[-73.031,18.241],[-73.017,18.237],[-73.023,18.225],[-73.014,18.228],[-73.017,18.223],[-73.013,18.222],[-73.009,18.241],[-73.012,18.248],[-73.009,18.252],[-73.016,18.261],[-73.013,18.279],[-73.01,18.288],[-72.998,18.299],[-72.995,18.306],[-72.995,18.32],[-73.001,18.329],[-73.009,18.333],[-73.017,18.342],[-73.02,18.349],[-73.014,18.352],[-73.011,18.361],[-73.015,18.367],[-73.026,18.375],[-73.019,18.383],[-73.03,18.389],[-73.04,18.407],[-73.037,18.409],[-73.046,18.418],[-73.054,18.432],[-73.052,18.436],[-73.045,18.438],[-73.055,18.452],[-73.051,18.461],[-73.057,18.461]]]},"properties":{"atmart_geo_id":"HTC-1011","pcode":"HT1011","nom_fr":"Miragoâne","nom_ht":"Miragwàn","niveau_admin":"3"}},{"type":"Feature","geometry":{"type":"Polygon","coordinates":[[[-72.051,18.883],[-72.059,18.892],[-72.065,18.893],[-72.065,18.901],[-72.075,18.907],[-72.087,18.893],[-72.089,18.881],[-72.092,18.883],[-72.1,18.878],[-72.101,18.876],[-72.096,18.873],[-72.096,18.861],[-72.084,18.859],[-72.086,18.852],[-72.096,18.847],[-72.099,18.839],[-72.106,18.839],[-72.109,18.844],[-72.117,18.847],[-72.127,18.843],[-72.128,18.856],[-72.137,18.862],[-72.141,18.86],[-72.142,18.849],[-72.156,18.844],[-72.162,18.839],[-72.155,18.829],[-72.159,18.807],[-72.165,18.798],[-72.176,18.797],[-72.177,18.785],[-72.182,18.778],[-72.175,18.772],[-72.177,18.768],[-72.174,18.762],[-72.177,18.76],[-72.187,18.765],[-72.19,18.756],[-72.201,18.742],[-72.197,18.732],[-72.167,18.703],[-72.147,18.695],[-72.127,18.706],[-72.116,18.704],[-72.11,18.708],[-72.092,18.711],[-72.087,18.714],[-72.084,18.727],[-72.074,18.737],[-72.068,18.721],[-72.057,18.719],[-72.038,18.721],[-72.028,18.727],[-72.017,18.724],[-72.009,18.737],[-72.006,18.735],[-72.005,18.73],[-71.989,18.738],[-71.978,18.734],[-71.971,18.747],[-71.976,18.747],[-71.975,18.756],[-71.995,18.769],[-71.995,18.78],[-71.988,18.779],[-71.961,18.764],[-71.954,18.762],[-71.945,18.753],[-71.939,18.753],[-71.944,18.766],[-71.952,18.776],[-71.963,18.78],[-71.977,18.813],[-71.982,18.813],[-71.996,18.826],[-72.003,18.828],[-72.025,18.843],[-72.036,18.861],[-72.041,18.873],[-72.051,18.883]]]},"properties":{"atmart_geo_id":"HTC-0621","pcode":"HT0621","nom_fr":"Mirebalais","nom_ht":"Mibalè","niveau_admin":"3"}},{"type":"Feature","geometry":{"type":"Polygon","coordinates":[[[-73.276,19.864],[-73.304,19.858],[-73.344,19.837],[-73.367,19.846],[-73.383,19.841],[-73.404,19.844],[-73.41,19.841],[-73.421,19.829],[-73.42,19.824],[-73.413,19.82],[-73.408,19.824],[-73.383,19.818],[-73.374,19.82],[-73.364,19.835],[-73.36,19.834],[-73.368,19.821],[-73.37,19.812],[-73.373,19.808],[-73.379,19.809],[-73.385,19.799],[-73.402,19.797],[-73.41,19.791],[-73.418,19.792],[-73.421,19.797],[-73.425,19.797],[-73.443,19.768],[-73.453,19.76],[-73.456,19.739],[-73.455,19.697],[-73.453,19.687],[-73.447,19.68],[-73.443,19.678],[-73.437,19.679],[-73.425,19.693],[-73.413,19.697],[-73.408,19.727],[-73.401,19.738],[-73.395,19.74],[-73.387,19.732],[-73.378,19.728],[-73.379,19.738],[-73.377,19.745],[-73.359,19.752],[-73.348,19.75],[-73.319,19.761],[-73.316,19.769],[-73.309,19.772],[-73.281,19.745],[-73.282,19.739],[-73.269,19.728],[-73.263,19.719],[-73.255,19.712],[-73.243,19.718],[-73.234,19.727],[-73.228,19.729],[-73.215,19.738],[-73.224,19.755],[-73.24,19.751],[-73.25,19.771],[-73.255,19.773],[-73.264,19.796],[-73.263,19.802],[-73.259,19.804],[-73.26,19.821],[-73.27,19.827],[-73.268,19.833],[-73.269,19.839],[-73.265,19.842],[-73.272,19.85],[-73.276,19.864]]]},"properties":{"atmart_geo_id":"HTC-0931","pcode":"HT0931","nom_fr":"Môle Saint Nicolas","nom_ht":"Mòl Sen Nikola","niveau_admin":"3"}},{"type":"Feature","geometry":{"type":"Polygon","coordinates":[[[-72.002,19.414],[-72.011,19.418],[-72.023,19.412],[-72.008,19.4],[-71.995,19.38],[-71.989,19.369],[-71.99,19.366],[-71.986,19.366],[-71.986,19.361],[-71.975,19.351],[-71.971,19.34],[-71.979,19.34],[-71.978,19.335],[-71.982,19.333],[-71.962,19.314],[-71.942,19.308],[-71.914,19.306],[-71.914,19.301],[-71.907,19.294],[-71.909,19.289],[-71.903,19.284],[-71.901,19.275],[-71.879,19.275],[-71.866,19.28],[-71.846,19.267],[-71.774,19.26],[-71.776,19.267],[-71.772,19.267],[-71.765,19.276],[-71.783,19.285],[-71.781,19.288],[-71.787,19.29],[-71.797,19.309],[-71.802,19.312],[-71.805,19.309],[-71.808,19.312],[-71.807,19.317],[-71.814,19.328],[-71.836,19.344],[-71.832,19.346],[-71.837,19.357],[-71.849,19.358],[-71.849,19.362],[-71.855,19.364],[-71.863,19.384],[-71.875,19.385],[-71.87,19.388],[-71.874,19.395],[-71.889,19.388],[-71.896,19.389],[-71.903,19.38],[-71.913,19.374],[-71.917,19.367],[-71.922,19.364],[-71.92,19.36],[-71.923,19.357],[-71.929,19.374],[-71.929,19.388],[-71.935,19.393],[-71.951,19.388],[-71.956,19.39],[-71.962,19.4],[-71.975,19.409],[-71.983,19.409],[-71.988,19.404],[-71.992,19.41],[-72.002,19.414]]]},"properties":{"atmart_geo_id":"HTC-0443","pcode":"HT0443","nom_fr":"Mombin Crochu","nom_ht":"Monben Krochi","niveau_admin":"3"}},{"type":"Feature","geometry":{"type":"Polygon","coordinates":[[[-71.823,19.439],[-71.832,19.443],[-71.838,19.441],[-71.844,19.435],[-71.842,19.427],[-71.853,19.424],[-71.853,19.421],[-71.858,19.419],[-71.86,19.412],[-71.855,19.406],[-71.851,19.407],[-71.845,19.4],[-71.84,19.4],[-71.832,19.389],[-71.832,19.385],[-71.827,19.384],[-71.825,19.374],[-71.819,19.366],[-71.815,19.365],[-71.813,19.358],[-71.808,19.356],[-71.806,19.346],[-71.798,19.335],[-71.786,19.332],[-71.772,19.339],[-71.753,19.34],[-71.748,19.354],[-71.724,19.367],[-71.718,19.363],[-71.714,19.372],[-71.703,19.365],[-71.701,19.36],[-71.694,19.36],[-71.694,19.369],[-71.691,19.372],[-71.695,19.382],[-71.71,19.384],[-71.72,19.388],[-71.726,19.387],[-71.742,19.399],[-71.758,19.403],[-71.78,19.418],[-71.799,19.44],[-71.807,19.442],[-71.823,19.439]]]},"properties":{"atmart_geo_id":"HTC-0423","pcode":"HT0423","nom_fr":"Mont-Organisé","nom_ht":"Montòganize","niveau_admin":"3"}},{"type":"Feature","geometry":{"type":"Polygon","coordinates":[[[-74.259,18.594],[-74.266,18.595],[-74.276,18.588],[-74.279,18.579],[-74.288,18.566],[-74.287,18.55],[-74.3,18.542],[-74.295,18.539],[-74.295,18.532],[-74.304,18.516],[-74.307,18.501],[-74.313,18.494],[-74.312,18.486],[-74.315,18.479],[-74.311,18.473],[-74.311,18.462],[-74.304,18.459],[-74.308,18.446],[-74.315,18.439],[-74.314,18.429],[-74.328,18.428],[-74.334,18.419],[-74.332,18.416],[-74.321,18.418],[-74.302,18.416],[-74.303,18.412],[-74.296,18.396],[-74.277,18.381],[-74.265,18.381],[-74.26,18.376],[-74.25,18.375],[-74.223,18.38],[-74.221,18.383],[-74.223,18.388],[-74.217,18.392],[-74.215,18.404],[-74.219,18.407],[-74.217,18.419],[-74.225,18.439],[-74.222,18.454],[-74.216,18.461],[-74.22,18.465],[-74.236,18.458],[-74.242,18.457],[-74.245,18.459],[-74.246,18.468],[-74.253,18.478],[-74.241,18.494],[-74.228,18.502],[-74.233,18.51],[-74.23,18.517],[-74.231,18.525],[-74.225,18.535],[-74.224,18.552],[-74.229,18.58],[-74.241,18.589],[-74.259,18.594]]]},"properties":{"atmart_geo_id":"HTC-0814","pcode":"HT0814","nom_fr":"Moron","nom_ht":"Mowon","niveau_admin":"3"}},{"type":"Feature","geometry":{"type":"Polygon","coordinates":[[[-71.796,19.584],[-71.804,19.593],[-71.818,19.585],[-71.817,19.574],[-71.809,19.57],[-71.809,19.564],[-71.805,19.564],[-71.81,19.557],[-71.814,19.559],[-71.816,19.554],[-71.821,19.555],[-71.82,19.551],[-71.823,19.55],[-71.825,19.543],[-71.821,19.54],[-71.823,19.533],[-71.833,19.525],[-71.837,19.517],[-71.839,19.506],[-71.836,19.49],[-71.838,19.485],[-71.828,19.476],[-71.831,19.469],[-71.839,19.463],[-71.847,19.448],[-71.839,19.44],[-71.832,19.443],[-71.822,19.438],[-71.807,19.442],[-71.799,19.44],[-71.78,19.418],[-71.758,19.403],[-71.752,19.403],[-71.751,19.424],[-71.741,19.438],[-71.731,19.443],[-71.732,19.446],[-71.736,19.446],[-71.734,19.45],[-71.725,19.449],[-71.727,19.464],[-71.711,19.467],[-71.71,19.47],[-71.715,19.48],[-71.705,19.492],[-71.704,19.5],[-71.707,19.517],[-71.717,19.529],[-71.719,19.537],[-71.713,19.542],[-71.712,19.549],[-71.72,19.562],[-71.743,19.585],[-71.743,19.589],[-71.768,19.588],[-71.771,19.584],[-71.782,19.586],[-71.785,19.581],[-71.786,19.584],[-71.796,19.582],[-71.796,19.584]]]},"properties":{"atmart_geo_id":"HTC-0421","pcode":"HT0421","nom_fr":"Ouanaminthe","nom_ht":"Wanament","niveau_admin":"3"}},{"type":"Feature","geometry":{"type":"Polygon","coordinates":[[[-73.11,18.448],[-73.132,18.448],[-73.136,18.444],[-73.133,18.441],[-73.143,18.432],[-73.152,18.437],[-73.183,18.437],[-73.194,18.443],[-73.197,18.432],[-73.187,18.426],[-73.192,18.419],[-73.197,18.424],[-73.206,18.426],[-73.219,18.425],[-73.221,18.423],[-73.218,18.42],[-73.221,18.419],[-73.228,18.424],[-73.239,18.42],[-73.248,18.429],[-73.252,18.417],[-73.255,18.417],[-73.26,18.407],[-73.254,18.404],[-73.227,18.404],[-73.222,18.398],[-73.215,18.398],[-73.212,18.395],[-73.201,18.397],[-73.189,18.388],[-73.186,18.39],[-73.171,18.387],[-73.159,18.391],[-73.149,18.385],[-73.138,18.388],[-73.129,18.386],[-73.122,18.388],[-73.112,18.411],[-73.115,18.419],[-73.11,18.423],[-73.114,18.428],[-73.103,18.436],[-73.108,18.44],[-73.11,18.448]]]},"properties":{"atmart_geo_id":"HTC-1014","pcode":"HT1014","nom_fr":"Paillant","nom_ht":"Payan","niveau_admin":"3"}},{"type":"Feature","geometry":{"type":"Polygon","coordinates":[[[-71.945,19.551],[-71.952,19.548],[-71.956,19.54],[-71.973,19.541],[-71.978,19.537],[-71.964,19.523],[-71.97,19.512],[-71.966,19.501],[-71.951,19.495],[-71.938,19.48],[-71.919,19.499],[-71.911,19.5],[-71.908,19.497],[-71.895,19.5],[-71.895,19.513],[-71.891,19.523],[-71.894,19.526],[-71.895,19.534],[-71.897,19.531],[-71.908,19.528],[-71.935,19.55],[-71.945,19.551]]]},"properties":{"atmart_geo_id":"HTC-0413","pcode":"HT0413","nom_fr":"Perches","nom_ht":"Pèch","niveau_admin":"3"}},{"type":"Feature","geometry":{"type":"MultiPolygon","coordinates":[[[[-73.834,18.566],[-73.837,18.567],[-73.839,18.562],[-73.848,18.555],[-73.855,18.535],[-73.855,18.527],[-73.87,18.508],[-73.872,18.493],[-73.883,18.487],[-73.891,18.491],[-73.896,18.478],[-73.907,18.476],[-73.917,18.468],[-73.922,18.467],[-73.93,18.456],[-73.931,18.442],[-73.935,18.428],[-73.933,18.423],[-73.94,18.409],[-73.94,18.399],[-73.927,18.394],[-73.932,18.383],[-73.94,18.375],[-73.94,18.37],[-73.935,18.367],[-73.907,18.362],[-73.895,18.364],[-73.893,18.375],[-73.898,18.377],[-73.906,18.389],[-73.906,18.399],[-73.903,18.401],[-73.879,18.407],[-73.843,18.407],[-73.78,18.424],[-73.779,18.441],[-73.776,18.442],[-73.775,18.454],[-73.766,18.459],[-73.765,18.465],[-73.739,18.481],[-73.739,18.486],[-73.742,18.489],[-73.762,18.494],[-73.769,18.499],[-73.765,18.506],[-73.754,18.517],[-73.743,18.523],[-73.737,18.536],[-73.732,18.541],[-73.736,18.546],[-73.732,18.55],[-73.752,18.545],[-73.753,18.542],[-73.758,18.545],[-73.763,18.54],[-73.765,18.544],[-73.772,18.542],[-73.773,18.538],[-73.774,18.54],[-73.776,18.539],[-73.775,18.542],[-73.778,18.539],[-73.777,18.536],[-73.783,18.54],[-73.788,18.539],[-73.79,18.535],[-73.789,18.54],[-73.793,18.545],[-73.791,18.546],[-73.796,18.546],[-73.794,18.548],[-73.797,18.546],[-73.797,18.55],[-73.802,18.552],[-73.804,18.55],[-73.803,18.553],[-73.806,18.556],[-73.812,18.558],[-73.815,18.557],[-73.814,18.561],[-73.817,18.557],[-73.822,18.563],[-73.826,18.561],[-73.832,18.565],[-73.835,18.563],[-73.834,18.566]]],[[[-73.755,18.643],[-73.767,18.643],[-73.794,18.626],[-73.797,18.621],[-73.797,18.603],[-73.792,18.598],[-73.776,18.595],[-73.773,18.591],[-73.771,18.594],[-73.761,18.593],[-73.761,18.59],[-73.755,18.584],[-73.748,18.585],[-73.744,18.582],[-73.733,18.584],[-73.719,18.592],[-73.701,18.608],[-73.699,18.619],[-73.703,18.627],[-73.733,18.636],[-73.745,18.643],[-73.755,18.643]]]]},"properties":{"atmart_geo_id":"HTC-0834","pcode":"HT0834","nom_fr":"Pestel","nom_ht":"Pestèl","niveau_admin":"3"}},{"type":"Feature","geometry":{"type":"Polygon","coordinates":[[[-72.257,18.549],[-72.262,18.549],[-72.263,18.545],[-72.266,18.546],[-72.267,18.542],[-72.279,18.533],[-72.282,18.523],[-72.284,18.522],[-72.288,18.528],[-72.302,18.53],[-72.301,18.527],[-72.307,18.525],[-72.306,18.521],[-72.31,18.512],[-72.315,18.508],[-72.329,18.503],[-72.352,18.499],[-72.351,18.492],[-72.365,18.488],[-72.364,18.481],[-72.367,18.478],[-72.365,18.471],[-72.371,18.466],[-72.375,18.467],[-72.374,18.464],[-72.362,18.457],[-72.356,18.46],[-72.35,18.456],[-72.342,18.459],[-72.321,18.445],[-72.31,18.446],[-72.296,18.476],[-72.303,18.48],[-72.292,18.485],[-72.292,18.477],[-72.288,18.473],[-72.283,18.461],[-72.267,18.458],[-72.262,18.46],[-72.258,18.457],[-72.247,18.46],[-72.236,18.468],[-72.236,18.461],[-72.23,18.458],[-72.225,18.451],[-72.226,18.448],[-72.231,18.449],[-72.231,18.442],[-72.227,18.442],[-72.219,18.43],[-72.213,18.428],[-72.212,18.42],[-72.204,18.425],[-72.202,18.422],[-72.178,18.418],[-72.172,18.424],[-72.173,18.43],[-72.165,18.43],[-72.167,18.434],[-72.171,18.432],[-72.174,18.435],[-72.179,18.43],[-72.18,18.435],[-72.174,18.439],[-72.175,18.446],[-72.16,18.452],[-72.159,18.469],[-72.168,18.469],[-72.166,18.474],[-72.171,18.475],[-72.169,18.477],[-72.174,18.482],[-72.178,18.48],[-72.176,18.483],[-72.178,18.485],[-72.183,18.48],[-72.184,18.483],[-72.188,18.483],[-72.189,18.49],[-72.207,18.51],[-72.21,18.522],[-72.223,18.539],[-72.228,18.536],[-72.237,18.546],[-72.239,18.545],[-72.238,18.54],[-72.245,18.537],[-72.248,18.543],[-72.257,18.549]]]},"properties":{"atmart_geo_id":"HTC-0114","pcode":"HT0114","nom_fr":"Pétion-Ville","nom_ht":"Petyonvil","niveau_admin":"3"}},{"type":"Feature","geometry":{"type":"Polygon","coordinates":[[[-72.987,18.468],[-73.002,18.464],[-73.027,18.465],[-73.033,18.463],[-73.042,18.465],[-73.044,18.461],[-73.051,18.461],[-73.054,18.454],[-73.045,18.438],[-73.052,18.436],[-73.054,18.432],[-73.046,18.418],[-73.037,18.409],[-73.04,18.407],[-73.03,18.389],[-73.019,18.383],[-73.026,18.375],[-73.015,18.367],[-73.011,18.361],[-73.014,18.352],[-73.02,18.349],[-73.017,18.342],[-72.997,18.324],[-72.994,18.327],[-72.987,18.321],[-72.984,18.305],[-72.977,18.299],[-72.975,18.288],[-72.965,18.277],[-72.958,18.278],[-72.953,18.293],[-72.943,18.294],[-72.941,18.29],[-72.935,18.293],[-72.929,18.287],[-72.923,18.29],[-72.9,18.292],[-72.89,18.295],[-72.896,18.288],[-72.895,18.286],[-72.891,18.283],[-72.883,18.281],[-72.884,18.277],[-72.867,18.264],[-72.853,18.258],[-72.851,18.263],[-72.856,18.274],[-72.856,18.281],[-72.831,18.282],[-72.828,18.289],[-72.834,18.298],[-72.845,18.3],[-72.839,18.309],[-72.837,18.308],[-72.836,18.311],[-72.829,18.314],[-72.832,18.319],[-72.849,18.327],[-72.843,18.339],[-72.844,18.348],[-72.825,18.353],[-72.831,18.365],[-72.825,18.368],[-72.821,18.369],[-72.816,18.36],[-72.809,18.359],[-72.806,18.364],[-72.808,18.37],[-72.815,18.37],[-72.822,18.376],[-72.814,18.389],[-72.817,18.421],[-72.826,18.425],[-72.834,18.443],[-72.856,18.444],[-72.875,18.426],[-72.892,18.424],[-72.903,18.441],[-72.901,18.443],[-72.89,18.442],[-72.898,18.448],[-72.912,18.449],[-72.915,18.453],[-72.931,18.458],[-72.935,18.457],[-72.963,18.465],[-72.983,18.465],[-72.987,18.468]]]},"properties":{"atmart_geo_id":"HTC-0122","pcode":"HT0122","nom_fr":"Petit-Goâve","nom_ht":"Tigwav","niveau_admin":"3"}},{"type":"Feature","geometry":{"type":"Polygon","coordinates":[[[-73.521,18.529],[-73.526,18.526],[-73.526,18.519],[-73.528,18.518],[-73.532,18.521],[-73.53,18.523],[-73.539,18.524],[-73.536,18.521],[-73.548,18.52],[-73.559,18.51],[-73.563,18.509],[-73.564,18.513],[-73.564,18.508],[-73.568,18.509],[-73.575,18.501],[-73.58,18.489],[-73.593,18.482],[-73.595,18.473],[-73.587,18.463],[-73.555,18.468],[-73.523,18.464],[-73.511,18.438],[-73.513,18.436],[-73.51,18.435],[-73.508,18.426],[-73.511,18.421],[-73.506,18.413],[-73.499,18.414],[-73.494,18.408],[-73.501,18.384],[-73.491,18.381],[-73.489,18.378],[-73.478,18.388],[-73.472,18.389],[-73.463,18.379],[-73.459,18.381],[-73.452,18.386],[-73.451,18.392],[-73.444,18.397],[-73.449,18.415],[-73.445,18.432],[-73.442,18.435],[-73.451,18.446],[-73.432,18.451],[-73.429,18.454],[-73.435,18.468],[-73.434,18.48],[-73.447,18.491],[-73.45,18.497],[-73.443,18.511],[-73.446,18.522],[-73.443,18.525],[-73.457,18.529],[-73.471,18.523],[-73.508,18.529],[-73.512,18.529],[-73.512,18.526],[-73.521,18.529]]]},"properties":{"atmart_geo_id":"HTC-1022","pcode":"HT1022","nom_fr":"Petit Trou de Nippes","nom_ht":"Ti Trou Nip","niveau_admin":"3"}},{"type":"Feature","geometry":{"type":"Polygon","coordinates":[[[-72.526,19.199],[-72.539,19.21],[-72.54,19.215],[-72.536,19.222],[-72.542,19.224],[-72.549,19.218],[-72.553,19.187],[-72.6,19.167],[-72.598,19.152],[-72.588,19.148],[-72.583,19.153],[-72.58,19.15],[-72.579,19.142],[-72.572,19.139],[-72.564,19.142],[-72.563,19.146],[-72.559,19.144],[-72.553,19.149],[-72.539,19.141],[-72.533,19.148],[-72.521,19.154],[-72.515,19.154],[-72.512,19.148],[-72.516,19.148],[-72.519,19.144],[-72.514,19.139],[-72.519,19.136],[-72.52,19.131],[-72.516,19.13],[-72.506,19.136],[-72.505,19.125],[-72.499,19.121],[-72.494,19.12],[-72.493,19.125],[-72.488,19.126],[-72.491,19.12],[-72.482,19.12],[-72.476,19.117],[-72.475,19.108],[-72.48,19.101],[-72.475,19.098],[-72.473,19.094],[-72.479,19.092],[-72.486,19.097],[-72.489,19.093],[-72.481,19.091],[-72.483,19.083],[-72.479,19.077],[-72.477,19.078],[-72.477,19.083],[-72.47,19.084],[-72.468,19.081],[-72.473,19.076],[-72.468,19.072],[-72.464,19.076],[-72.463,19.083],[-72.451,19.084],[-72.452,19.07],[-72.448,19.065],[-72.441,19.063],[-72.44,19.057],[-72.435,19.053],[-72.435,19.045],[-72.427,19.046],[-72.419,19.035],[-72.42,19.044],[-72.416,19.046],[-72.414,19.039],[-72.409,19.04],[-72.405,19.036],[-72.391,19.034],[-72.38,19.026],[-72.386,19.016],[-72.369,19.004],[-72.369,18.996],[-72.374,18.992],[-72.373,18.989],[-72.367,18.991],[-72.354,18.988],[-72.358,18.982],[-72.366,18.985],[-72.366,18.978],[-72.358,18.97],[-72.354,18.976],[-72.351,18.975],[-72.349,18.968],[-72.344,18.976],[-72.341,18.976],[-72.343,18.973],[-72.338,18.97],[-72.34,18.956],[-72.326,18.942],[-72.318,18.94],[-72.309,18.932],[-72.289,18.92],[-72.284,18.924],[-72.272,18.914],[-72.267,18.922],[-72.26,18.917],[-72.246,18.92],[-72.244,18.918],[-72.238,18.932],[-72.238,18.938],[-72.227,18.948],[-72.225,18.956],[-72.238,18.97],[-72.241,18.985],[-72.237,18.993],[-72.238,19.002],[-72.245,19.01],[-72.248,19.029],[-72.239,19.037],[-72.241,19.044],[-72.24,19.05],[-72.23,19.061],[-72.222,19.083],[-72.239,19.1],[-72.241,19.116],[-72.221,19.127],[-72.22,19.131],[-72.243,19.156],[-72.255,19.161],[-72.255,19.169],[-72.262,19.17],[-72.269,19.163],[-72.274,19.162],[-72.275,19.157],[-72.284,19.159],[-72.298,19.153],[-72.307,19.143],[-72.313,19.123],[-72.318,19.119],[-72.323,19.121],[-72.321,19.114],[-72.335,19.11],[-72.342,19.117],[-72.355,19.12],[-72.37,19.133],[-72.375,19.132],[-72.397,19.143],[-72.404,19.135],[-72.414,19.131],[-72.422,19.13],[-72.428,19.134],[-72.443,19.131],[-72.451,19.141],[-72.446,19.155],[-72.452,19.169],[-72.457,19.173],[-72.472,19.176],[-72.491,19.176],[-72.501,19.189],[-72.507,19.188],[-72.514,19.197],[-72.521,19.193],[-72.526,19.199]]]},"properties":{"atmart_geo_id":"HTC-0542","pcode":"HT0542","nom_fr":"Petite Rivière de l'Artibonite","nom_ht":"Ti Rivyè Latibonit","niveau_admin":"3"}},{"type":"Feature","geometry":{"type":"Polygon","coordinates":[[[-73.182,18.489],[-73.201,18.488],[-73.213,18.481],[-73.239,18.476],[-73.274,18.483],[-73.274,18.459],[-73.278,18.453],[-73.276,18.45],[-73.263,18.447],[-73.258,18.442],[-73.262,18.414],[-73.261,18.409],[-73.259,18.408],[-73.255,18.417],[-73.252,18.417],[-73.248,18.429],[-73.239,18.42],[-73.228,18.424],[-73.221,18.419],[-73.218,18.42],[-73.221,18.423],[-73.219,18.425],[-73.206,18.426],[-73.197,18.424],[-73.192,18.419],[-73.187,18.426],[-73.197,18.432],[-73.194,18.443],[-73.183,18.437],[-73.152,18.437],[-73.143,18.432],[-73.133,18.441],[-73.136,18.444],[-73.133,18.447],[-73.112,18.447],[-73.107,18.45],[-73.108,18.453],[-73.104,18.452],[-73.106,18.456],[-73.111,18.456],[-73.111,18.453],[-73.115,18.456],[-73.114,18.462],[-73.125,18.462],[-73.12,18.466],[-73.122,18.47],[-73.125,18.467],[-73.125,18.475],[-73.147,18.48],[-73.16,18.486],[-73.182,18.489]]]},"properties":{"atmart_geo_id":"HTC-1012","pcode":"HT1012","nom_fr":"Petite Rivière de Nippes","nom_ht":"Ti Rivyè Nip","niveau_admin":"3"}},{"type":"Feature","geometry":{"type":"Polygon","coordinates":[[[-72.111,19.404],[-72.114,19.402],[-72.118,19.39],[-72.127,19.385],[-72.137,19.387],[-72.145,19.38],[-72.144,19.373],[-72.158,19.372],[-72.158,19.364],[-72.169,19.365],[-72.168,19.361],[-72.172,19.361],[-72.173,19.355],[-72.169,19.348],[-72.178,19.349],[-72.18,19.345],[-72.173,19.34],[-72.172,19.336],[-72.167,19.337],[-72.165,19.334],[-72.168,19.332],[-72.16,19.325],[-72.16,19.322],[-72.165,19.319],[-72.165,19.312],[-72.151,19.308],[-72.155,19.305],[-72.152,19.302],[-72.155,19.301],[-72.157,19.295],[-72.151,19.285],[-72.159,19.279],[-72.153,19.269],[-72.155,19.259],[-72.149,19.257],[-72.143,19.258],[-72.135,19.255],[-72.119,19.265],[-72.095,19.267],[-72.081,19.278],[-72.081,19.281],[-72.071,19.285],[-72.056,19.298],[-72.03,19.308],[-72.022,19.316],[-72.022,19.325],[-72.009,19.327],[-72.01,19.332],[-72.018,19.336],[-72.035,19.336],[-72.036,19.341],[-72.054,19.343],[-72.065,19.354],[-72.075,19.359],[-72.079,19.359],[-72.1,19.372],[-72.102,19.389],[-72.107,19.394],[-72.105,19.402],[-72.111,19.404]]]},"properties":{"atmart_geo_id":"HTC-0344","pcode":"HT0344","nom_fr":"Pignon","nom_ht":"Piyon","niveau_admin":"3"}},{"type":"Feature","geometry":{"type":"Polygon","coordinates":[[[-72.631,19.766],[-72.631,19.771],[-72.64,19.772],[-72.641,19.768],[-72.647,19.764],[-72.647,19.745],[-72.629,19.742],[-72.625,19.748],[-72.623,19.757],[-72.614,19.757],[-72.609,19.752],[-72.598,19.724],[-72.598,19.714],[-72.616,19.698],[-72.615,19.694],[-72.599,19.682],[-72.574,19.673],[-72.576,19.657],[-72.572,19.652],[-72.569,19.634],[-72.546,19.604],[-72.531,19.617],[-72.522,19.621],[-72.525,19.639],[-72.515,19.653],[-72.517,19.657],[-72.514,19.663],[-72.499,19.661],[-72.493,19.656],[-72.488,19.656],[-72.482,19.662],[-72.471,19.663],[-72.476,19.671],[-72.474,19.675],[-72.48,19.69],[-72.486,19.7],[-72.489,19.696],[-72.5,19.704],[-72.508,19.703],[-72.51,19.714],[-72.507,19.718],[-72.515,19.731],[-72.515,19.744],[-72.518,19.739],[-72.529,19.739],[-72.533,19.733],[-72.549,19.733],[-72.556,19.737],[-72.558,19.734],[-72.572,19.739],[-72.574,19.743],[-72.572,19.747],[-72.579,19.754],[-72.576,19.767],[-72.581,19.767],[-72.583,19.764],[-72.588,19.764],[-72.597,19.759],[-72.631,19.766]]]},"properties":{"atmart_geo_id":"HTC-0372","pcode":"HT0372","nom_fr":"Pilate","nom_ht":"Pilat","niveau_admin":"3"}},{"type":"Feature","geometry":{"type":"Polygon","coordinates":[[[-72.306,19.762],[-72.314,19.766],[-72.315,19.77],[-72.319,19.77],[-72.32,19.768],[-72.314,19.76],[-72.311,19.748],[-72.317,19.749],[-72.32,19.745],[-72.318,19.743],[-72.31,19.744],[-72.308,19.739],[-72.314,19.736],[-72.31,19.717],[-72.304,19.712],[-72.304,19.708],[-72.301,19.707],[-72.294,19.696],[-72.286,19.699],[-72.279,19.689],[-72.285,19.674],[-72.289,19.655],[-72.297,19.651],[-72.295,19.649],[-72.298,19.645],[-72.289,19.647],[-72.285,19.65],[-72.276,19.65],[-72.277,19.648],[-72.273,19.647],[-72.273,19.642],[-72.278,19.638],[-72.272,19.613],[-72.274,19.592],[-72.279,19.588],[-72.273,19.583],[-72.271,19.578],[-72.267,19.579],[-72.264,19.574],[-72.251,19.57],[-72.241,19.576],[-72.241,19.581],[-72.236,19.584],[-72.231,19.603],[-72.233,19.607],[-72.237,19.607],[-72.246,19.615],[-72.246,19.622],[-72.25,19.634],[-72.25,19.639],[-72.245,19.643],[-72.245,19.651],[-72.243,19.652],[-72.24,19.661],[-72.233,19.669],[-72.233,19.685],[-72.24,19.691],[-72.243,19.696],[-72.236,19.712],[-72.244,19.708],[-72.252,19.719],[-72.248,19.722],[-72.245,19.729],[-72.248,19.73],[-72.251,19.74],[-72.269,19.741],[-72.267,19.745],[-72.257,19.747],[-72.258,19.759],[-72.262,19.763],[-72.271,19.762],[-72.271,19.764],[-72.275,19.763],[-72.285,19.768],[-72.289,19.764],[-72.295,19.766],[-72.302,19.761],[-72.306,19.762]]]},"properties":{"atmart_geo_id":"HTC-0322","pcode":"HT0322","nom_fr":"Plaine du Nord","nom_ht":"Plèn dinò","niveau_admin":"3"}},{"type":"Feature","geometry":{"type":"Polygon","coordinates":[[[-72.46,19.669],[-72.458,19.674],[-72.46,19.677],[-72.466,19.673],[-72.469,19.665],[-72.482,19.662],[-72.488,19.656],[-72.495,19.657],[-72.499,19.661],[-72.514,19.663],[-72.517,19.657],[-72.515,19.653],[-72.525,19.639],[-72.522,19.621],[-72.531,19.617],[-72.546,19.604],[-72.541,19.599],[-72.542,19.589],[-72.536,19.583],[-72.526,19.578],[-72.515,19.582],[-72.523,19.574],[-72.521,19.571],[-72.493,19.556],[-72.488,19.547],[-72.462,19.526],[-72.447,19.521],[-72.442,19.523],[-72.44,19.528],[-72.433,19.525],[-72.425,19.53],[-72.415,19.545],[-72.425,19.559],[-72.423,19.566],[-72.427,19.573],[-72.444,19.586],[-72.446,19.59],[-72.445,19.602],[-72.452,19.611],[-72.448,19.617],[-72.454,19.624],[-72.451,19.643],[-72.461,19.663],[-72.46,19.669]]]},"properties":{"atmart_geo_id":"HTC-0371","pcode":"HT0371","nom_fr":"Plaisance","nom_ht":"Plezans","niveau_admin":"3"}},{"type":"Feature","geometry":{"type":"Polygon","coordinates":[[[-73.52,18.455],[-73.525,18.465],[-73.564,18.467],[-73.582,18.464],[-73.587,18.463],[-73.587,18.459],[-73.6,18.455],[-73.619,18.454],[-73.642,18.439],[-73.649,18.449],[-73.666,18.462],[-73.672,18.461],[-73.666,18.449],[-73.668,18.433],[-73.659,18.428],[-73.653,18.426],[-73.644,18.43],[-73.632,18.422],[-73.626,18.426],[-73.61,18.427],[-73.602,18.42],[-73.592,18.419],[-73.58,18.421],[-73.579,18.406],[-73.574,18.401],[-73.559,18.399],[-73.559,18.391],[-73.549,18.388],[-73.546,18.389],[-73.539,18.385],[-73.536,18.387],[-73.525,18.386],[-73.518,18.388],[-73.511,18.383],[-73.501,18.384],[-73.494,18.408],[-73.499,18.414],[-73.506,18.413],[-73.511,18.421],[-73.508,18.426],[-73.51,18.435],[-73.513,18.436],[-73.511,18.438],[-73.52,18.455]]]},"properties":{"atmart_geo_id":"HTC-1025","pcode":"HT1025","nom_fr":"Plaisance du Sud","nom_ht":"Plezans Disid","niveau_admin":"3"}},{"type":"Feature","geometry":{"type":"Polygon","coordinates":[[[-73.205,18.97],[-73.237,18.966],[-73.259,18.966],[-73.277,18.957],[-73.301,18.937],[-73.301,18.933],[-73.298,18.931],[-73.304,18.924],[-73.3,18.92],[-73.301,18.913],[-73.298,18.908],[-73.266,18.886],[-73.238,18.85],[-73.228,18.849],[-73.218,18.835],[-73.192,18.837],[-73.167,18.826],[-73.126,18.818],[-73.101,18.799],[-73.076,18.796],[-73.072,18.791],[-73.072,18.786],[-73.062,18.782],[-73.054,18.77],[-73.037,18.757],[-72.996,18.744],[-72.994,18.751],[-72.997,18.759],[-72.997,18.794],[-72.995,18.798],[-73.006,18.818],[-73.026,18.822],[-73.032,18.819],[-73.04,18.826],[-73.042,18.832],[-73.047,18.831],[-73.052,18.839],[-73.062,18.841],[-73.068,18.835],[-73.08,18.842],[-73.087,18.851],[-73.099,18.843],[-73.118,18.854],[-73.121,18.863],[-73.122,18.909],[-73.119,18.913],[-73.098,18.913],[-73.09,18.922],[-73.091,18.931],[-73.114,18.932],[-73.134,18.938],[-73.18,18.963],[-73.205,18.97]]]},"properties":{"atmart_geo_id":"HTC-0152","pcode":"HT0152","nom_fr":"Pointe à Raquette","nom_ht":"Pwent a Rakèt","niveau_admin":"3"}},{"type":"Feature","geometry":{"type":"Polygon","coordinates":[[[-74.035,18.324],[-74.041,18.331],[-74.052,18.329],[-74.062,18.323],[-74.068,18.327],[-74.077,18.323],[-74.084,18.327],[-74.091,18.316],[-74.106,18.303],[-74.101,18.296],[-74.102,18.29],[-74.097,18.281],[-74.094,18.265],[-74.102,18.261],[-74.106,18.251],[-74.092,18.248],[-74.084,18.235],[-74.077,18.233],[-74.062,18.254],[-74.062,18.261],[-74.056,18.266],[-74.054,18.273],[-74.046,18.283],[-74.041,18.281],[-74.019,18.291],[-74.016,18.307],[-74.035,18.324]]]},"properties":{"atmart_geo_id":"HTC-0742","pcode":"HT0742","nom_fr":"Port-à-Piment","nom_ht":"Pòtapiman","niveau_admin":"3"}},{"type":"Feature","geometry":{"type":"Polygon","coordinates":[[[-72.348,18.566],[-72.348,18.561],[-72.352,18.557],[-72.348,18.556],[-72.35,18.55],[-72.349,18.544],[-72.356,18.541],[-72.361,18.534],[-72.364,18.536],[-72.364,18.533],[-72.371,18.534],[-72.371,18.52],[-72.367,18.51],[-72.368,18.5],[-72.365,18.497],[-72.329,18.503],[-72.315,18.508],[-72.307,18.518],[-72.307,18.525],[-72.301,18.527],[-72.302,18.53],[-72.297,18.53],[-72.297,18.538],[-72.313,18.542],[-72.317,18.544],[-72.318,18.552],[-72.335,18.553],[-72.337,18.554],[-72.334,18.559],[-72.348,18.566]]]},"properties":{"atmart_geo_id":"HTC-0111","pcode":"HT0111","nom_fr":"Port-au-Prince","nom_ht":"Pòtoprens","niveau_admin":"3"}},{"type":"Feature","geometry":{"type":"Polygon","coordinates":[[[-72.816,19.953],[-72.819,19.953],[-72.831,19.941],[-72.85,19.944],[-72.861,19.941],[-72.872,19.931],[-72.891,19.936],[-72.945,19.927],[-72.956,19.922],[-72.956,19.914],[-72.959,19.91],[-72.964,19.911],[-72.964,19.916],[-72.974,19.924],[-72.995,19.921],[-73.0,19.917],[-73.0,19.906],[-73.002,19.901],[-73.0,19.881],[-73.007,19.873],[-73.004,19.867],[-73.005,19.854],[-73.013,19.848],[-73.014,19.837],[-73.02,19.838],[-73.025,19.83],[-73.02,19.814],[-73.021,19.792],[-73.024,19.784],[-73.034,19.774],[-73.032,19.762],[-73.023,19.756],[-73.017,19.74],[-73.008,19.727],[-72.992,19.722],[-72.979,19.722],[-72.967,19.728],[-72.953,19.725],[-72.927,19.729],[-72.924,19.726],[-72.927,19.75],[-72.926,19.767],[-72.922,19.77],[-72.923,19.776],[-72.928,19.782],[-72.939,19.785],[-72.941,19.79],[-72.932,19.787],[-72.924,19.793],[-72.923,19.797],[-72.929,19.811],[-72.886,19.838],[-72.885,19.848],[-72.847,19.843],[-72.857,19.853],[-72.852,19.859],[-72.841,19.861],[-72.836,19.873],[-72.84,19.882],[-72.835,19.888],[-72.828,19.889],[-72.829,19.897],[-72.822,19.901],[-72.813,19.897],[-72.788,19.896],[-72.788,19.889],[-72.772,19.869],[-72.772,19.865],[-72.755,19.864],[-72.754,19.866],[-72.747,19.866],[-72.751,19.87],[-72.742,19.88],[-72.748,19.88],[-72.75,19.885],[-72.767,19.894],[-72.767,19.9],[-72.772,19.901],[-72.771,19.908],[-72.76,19.92],[-72.761,19.926],[-72.754,19.943],[-72.764,19.945],[-72.767,19.949],[-72.774,19.948],[-72.781,19.952],[-72.8,19.948],[-72.806,19.951],[-72.81,19.948],[-72.816,19.953]]]},"properties":{"atmart_geo_id":"HTC-0911","pcode":"HT0911","nom_fr":"Port-de-Paix","nom_ht":"Pòdpè","niveau_admin":"3"}},{"type":"Feature","geometry":{"type":"Polygon","coordinates":[[[-72.48,19.821],[-72.489,19.834],[-72.492,19.834],[-72.49,19.819],[-72.487,19.815],[-72.475,19.815],[-72.464,19.808],[-72.478,19.796],[-72.477,19.791],[-72.485,19.791],[-72.488,19.795],[-72.499,19.794],[-72.513,19.797],[-72.508,19.791],[-72.511,19.786],[-72.507,19.777],[-72.509,19.768],[-72.502,19.764],[-72.51,19.764],[-72.514,19.759],[-72.513,19.751],[-72.516,19.736],[-72.507,19.719],[-72.51,19.714],[-72.508,19.703],[-72.5,19.704],[-72.489,19.696],[-72.486,19.7],[-72.48,19.69],[-72.474,19.675],[-72.476,19.671],[-72.471,19.663],[-72.466,19.673],[-72.446,19.686],[-72.444,19.694],[-72.446,19.7],[-72.434,19.709],[-72.435,19.714],[-72.429,19.72],[-72.43,19.729],[-72.423,19.734],[-72.424,19.74],[-72.416,19.742],[-72.416,19.744],[-72.424,19.745],[-72.424,19.748],[-72.419,19.757],[-72.418,19.766],[-72.404,19.769],[-72.406,19.774],[-72.414,19.778],[-72.422,19.795],[-72.417,19.8],[-72.419,19.807],[-72.417,19.809],[-72.423,19.814],[-72.423,19.817],[-72.43,19.82],[-72.425,19.825],[-72.427,19.829],[-72.433,19.831],[-72.433,19.821],[-72.445,19.817],[-72.458,19.822],[-72.46,19.829],[-72.47,19.833],[-72.468,19.825],[-72.48,19.821]]]},"properties":{"atmart_geo_id":"HTC-0352","pcode":"HT0352","nom_fr":"Port-Margot","nom_ht":"Pòmago","niveau_admin":"3"}},{"type":"Feature","geometry":{"type":"Polygon","coordinates":[[[-73.873,18.153],[-73.884,18.135],[-73.895,18.128],[-73.894,18.124],[-73.898,18.12],[-73.905,18.125],[-73.921,18.108],[-73.934,18.113],[-73.943,18.109],[-73.939,18.103],[-73.94,18.099],[-73.927,18.091],[-73.922,18.085],[-73.923,18.082],[-73.918,18.078],[-73.921,18.074],[-73.917,18.064],[-73.903,18.043],[-73.904,18.033],[-73.887,18.025],[-73.877,18.056],[-73.882,18.065],[-73.88,18.075],[-73.872,18.084],[-73.87,18.092],[-73.861,18.096],[-73.853,18.109],[-73.857,18.13],[-73.864,18.137],[-73.863,18.14],[-73.868,18.141],[-73.867,18.148],[-73.873,18.153]]]},"properties":{"atmart_geo_id":"HTC-0721","pcode":"HT0721","nom_fr":"Port-Salut","nom_ht":"Pò Sali","niveau_admin":"3"}},{"type":"Feature","geometry":{"type":"Polygon","coordinates":[[[-72.152,19.757],[-72.151,19.753],[-72.145,19.749],[-72.146,19.745],[-72.143,19.746],[-72.147,19.743],[-72.159,19.747],[-72.164,19.738],[-72.165,19.725],[-72.181,19.725],[-72.187,19.721],[-72.207,19.717],[-72.199,19.71],[-72.199,19.704],[-72.186,19.699],[-72.186,19.695],[-72.187,19.677],[-72.193,19.663],[-72.193,19.658],[-72.187,19.654],[-72.189,19.648],[-72.195,19.647],[-72.198,19.624],[-72.189,19.621],[-72.2,19.613],[-72.199,19.607],[-72.207,19.604],[-72.204,19.596],[-72.183,19.61],[-72.174,19.621],[-72.167,19.624],[-72.169,19.629],[-72.177,19.633],[-72.175,19.638],[-72.169,19.642],[-72.166,19.647],[-72.168,19.65],[-72.158,19.657],[-72.156,19.664],[-72.141,19.679],[-72.142,19.701],[-72.135,19.72],[-72.139,19.741],[-72.131,19.748],[-72.135,19.754],[-72.152,19.757]]]},"properties":{"atmart_geo_id":"HTC-0312","pcode":"HT0312","nom_fr":"Quartier Morin","nom_ht":"Katye Moren","niveau_admin":"3"}},{"type":"Feature","geometry":{"type":"Polygon","coordinates":[[[-72.097,19.448],[-72.099,19.449],[-72.102,19.442],[-72.107,19.44],[-72.109,19.431],[-72.105,19.424],[-72.11,19.422],[-72.108,19.419],[-72.111,19.417],[-72.11,19.412],[-72.115,19.408],[-72.105,19.402],[-72.107,19.394],[-72.102,19.389],[-72.1,19.372],[-72.079,19.36],[-72.079,19.369],[-72.07,19.37],[-72.059,19.38],[-72.054,19.376],[-72.049,19.361],[-72.043,19.357],[-72.026,19.364],[-72.017,19.36],[-72.014,19.363],[-72.014,19.361],[-72.007,19.363],[-72.002,19.359],[-71.99,19.366],[-71.989,19.369],[-72.003,19.393],[-72.008,19.4],[-72.022,19.41],[-72.021,19.414],[-72.024,19.417],[-72.031,19.42],[-72.034,19.426],[-72.037,19.426],[-72.038,19.432],[-72.044,19.432],[-72.047,19.438],[-72.051,19.437],[-72.065,19.445],[-72.069,19.441],[-72.064,19.437],[-72.073,19.435],[-72.079,19.437],[-72.079,19.443],[-72.082,19.44],[-72.092,19.449],[-72.097,19.448]]]},"properties":{"atmart_geo_id":"HTC-0343","pcode":"HT0343","nom_fr":"Ranquitte","nom_ht":"Rankit","niveau_admin":"3"}},{"type":"Feature","geometry":{"type":"Polygon","coordinates":[[[-73.953,18.204],[-73.963,18.212],[-73.968,18.222],[-73.961,18.227],[-73.984,18.246],[-73.989,18.261],[-73.992,18.263],[-74.005,18.262],[-73.991,18.245],[-73.996,18.238],[-73.987,18.21],[-73.992,18.203],[-73.994,18.205],[-73.997,18.188],[-74.008,18.183],[-74.004,18.179],[-74.001,18.166],[-73.98,18.164],[-73.981,18.156],[-73.975,18.146],[-73.961,18.133],[-73.95,18.132],[-73.947,18.133],[-73.949,18.176],[-73.946,18.189],[-73.941,18.195],[-73.953,18.204]]]},"properties":{"atmart_geo_id":"HTC-0743","pcode":"HT0743","nom_fr":"Roche à Bâteau","nom_ht":"Ròcha Bato","niveau_admin":"3"}},{"type":"Feature","geometry":{"type":"Polygon","coordinates":[[[-74.077,18.616],[-74.072,18.598],[-74.073,18.587],[-74.07,18.577],[-74.09,18.559],[-74.087,18.552],[-74.089,18.545],[-74.084,18.537],[-74.09,18.528],[-74.086,18.522],[-74.077,18.525],[-74.075,18.523],[-74.087,18.499],[-74.096,18.498],[-74.095,18.492],[-74.102,18.48],[-74.097,18.464],[-74.098,18.457],[-74.113,18.438],[-74.12,18.435],[-74.108,18.416],[-74.107,18.404],[-74.082,18.408],[-74.064,18.405],[-74.047,18.389],[-74.041,18.388],[-74.032,18.41],[-74.028,18.428],[-74.03,18.434],[-74.037,18.433],[-74.033,18.449],[-74.034,18.453],[-74.042,18.457],[-74.042,18.47],[-74.038,18.479],[-74.03,18.482],[-74.031,18.492],[-74.035,18.49],[-74.041,18.501],[-74.039,18.506],[-74.024,18.509],[-74.017,18.518],[-74.005,18.522],[-74.002,18.526],[-73.98,18.521],[-73.968,18.526],[-73.962,18.525],[-73.946,18.532],[-73.953,18.545],[-73.946,18.553],[-73.948,18.559],[-73.956,18.562],[-73.962,18.57],[-73.962,18.582],[-73.958,18.588],[-73.963,18.602],[-73.977,18.6],[-73.993,18.603],[-74.004,18.599],[-74.026,18.602],[-74.067,18.611],[-74.077,18.616]]]},"properties":{"atmart_geo_id":"HTC-0832","pcode":"HT0832","nom_fr":"Roseaux","nom_ht":"Rozo","niveau_admin":"3"}},{"type":"Feature","geometry":{"type":"Polygon","coordinates":[[[-72.748,19.942],[-72.754,19.943],[-72.761,19.926],[-72.76,19.92],[-72.771,19.908],[-72.772,19.901],[-72.767,19.9],[-72.767,19.894],[-72.75,19.885],[-72.748,19.88],[-72.742,19.88],[-72.751,19.87],[-72.747,19.866],[-72.745,19.854],[-72.736,19.851],[-72.732,19.846],[-72.736,19.843],[-72.735,19.841],[-72.739,19.833],[-72.734,19.828],[-72.73,19.812],[-72.725,19.81],[-72.699,19.816],[-72.689,19.809],[-72.678,19.809],[-72.677,19.814],[-72.685,19.832],[-72.677,19.833],[-72.679,19.849],[-72.663,19.867],[-72.662,19.871],[-72.667,19.877],[-72.653,19.89],[-72.647,19.906],[-72.652,19.914],[-72.662,19.917],[-72.669,19.916],[-72.671,19.921],[-72.68,19.923],[-72.685,19.92],[-72.688,19.925],[-72.697,19.925],[-72.703,19.93],[-72.708,19.928],[-72.722,19.937],[-72.732,19.935],[-72.748,19.942]]]},"properties":{"atmart_geo_id":"HTC-0921","pcode":"HT0921","nom_fr":"Saint-Louis du Nord","nom_ht":"Sen Lwi dinò","niveau_admin":"3"}},{"type":"Feature","geometry":{"type":"Polygon","coordinates":[[[-72.746,19.257],[-72.746,19.261],[-72.749,19.258],[-72.748,19.252],[-72.75,19.254],[-72.753,19.249],[-72.755,19.256],[-72.76,19.257],[-72.756,19.248],[-72.761,19.251],[-72.771,19.248],[-72.775,19.24],[-72.786,19.238],[-72.787,19.235],[-72.777,19.227],[-72.769,19.244],[-72.769,19.241],[-72.764,19.243],[-72.757,19.239],[-72.752,19.233],[-72.767,19.232],[-72.78,19.219],[-72.78,19.225],[-72.783,19.22],[-72.791,19.22],[-72.795,19.223],[-72.8,19.221],[-72.793,19.215],[-72.794,19.211],[-72.79,19.21],[-72.79,19.207],[-72.786,19.206],[-72.777,19.197],[-72.762,19.165],[-72.742,19.147],[-72.712,19.136],[-72.7,19.128],[-72.703,19.107],[-72.713,19.096],[-72.73,19.088],[-72.751,19.088],[-72.758,19.093],[-72.771,19.093],[-72.812,19.077],[-72.818,19.072],[-72.824,19.058],[-72.819,19.041],[-72.811,19.031],[-72.796,19.028],[-72.763,19.014],[-72.759,19.007],[-72.738,18.99],[-72.737,18.983],[-72.729,18.973],[-72.727,18.953],[-72.716,18.95],[-72.71,18.942],[-72.699,18.959],[-72.685,18.967],[-72.679,18.974],[-72.677,18.971],[-72.679,18.969],[-72.671,18.969],[-72.664,18.972],[-72.658,18.967],[-72.65,18.972],[-72.638,18.971],[-72.635,18.976],[-72.632,18.973],[-72.628,18.977],[-72.627,18.973],[-72.623,18.973],[-72.623,18.971],[-72.62,18.971],[-72.616,18.976],[-72.603,18.975],[-72.598,18.972],[-72.594,18.974],[-72.589,18.996],[-72.584,19.003],[-72.584,19.012],[-72.58,19.018],[-72.587,19.029],[-72.585,19.035],[-72.577,19.044],[-72.569,19.047],[-72.553,19.07],[-72.554,19.075],[-72.547,19.079],[-72.555,19.083],[-72.558,19.09],[-72.558,19.094],[-72.553,19.101],[-72.555,19.106],[-72.586,19.126],[-72.606,19.133],[-72.609,19.138],[-72.608,19.149],[-72.629,19.165],[-72.626,19.17],[-72.617,19.166],[-72.62,19.171],[-72.627,19.173],[-72.625,19.182],[-72.62,19.181],[-72.615,19.184],[-72.617,19.188],[-72.624,19.189],[-72.623,19.197],[-72.62,19.192],[-72.615,19.193],[-72.611,19.185],[-72.605,19.192],[-72.607,19.199],[-72.601,19.202],[-72.611,19.207],[-72.615,19.206],[-72.617,19.215],[-72.612,19.215],[-72.61,19.21],[-72.603,19.211],[-72.612,19.22],[-72.617,19.218],[-72.619,19.221],[-72.621,19.213],[-72.628,19.216],[-72.634,19.212],[-72.635,19.217],[-72.629,19.223],[-72.635,19.225],[-72.635,19.231],[-72.639,19.229],[-72.642,19.22],[-72.643,19.225],[-72.647,19.229],[-72.654,19.228],[-72.659,19.221],[-72.66,19.224],[-72.667,19.222],[-72.671,19.227],[-72.668,19.24],[-72.663,19.241],[-72.668,19.242],[-72.671,19.247],[-72.684,19.25],[-72.686,19.258],[-72.689,19.254],[-72.691,19.243],[-72.697,19.249],[-72.693,19.255],[-72.698,19.258],[-72.704,19.255],[-72.706,19.249],[-72.713,19.248],[-72.712,19.246],[-72.707,19.244],[-72.709,19.242],[-72.717,19.248],[-72.721,19.244],[-72.721,19.25],[-72.726,19.248],[-72.731,19.259],[-72.735,19.254],[-72.74,19.258],[-72.746,19.257]]]},"properties":{"atmart_geo_id":"HTC-0531","pcode":"HT0531","nom_fr":"Saint-Marc","nom_ht":"Sen Mak","niveau_admin":"3"}},{"type":"Feature","geometry":{"type":"Polygon","coordinates":[[[-72.349,19.488],[-72.353,19.49],[-72.355,19.483],[-72.358,19.483],[-72.358,19.473],[-72.364,19.462],[-72.378,19.457],[-72.382,19.453],[-72.379,19.441],[-72.388,19.445],[-72.39,19.426],[-72.412,19.419],[-72.412,19.408],[-72.426,19.406],[-72.425,19.399],[-72.437,19.397],[-72.447,19.405],[-72.46,19.407],[-72.452,19.395],[-72.463,19.392],[-72.468,19.384],[-72.477,19.383],[-72.477,19.378],[-72.486,19.368],[-72.495,19.37],[-72.496,19.36],[-72.493,19.353],[-72.498,19.337],[-72.487,19.325],[-72.483,19.314],[-72.46,19.297],[-72.455,19.288],[-72.417,19.249],[-72.409,19.245],[-72.403,19.249],[-72.39,19.241],[-72.384,19.244],[-72.378,19.242],[-72.365,19.23],[-72.354,19.231],[-72.349,19.226],[-72.327,19.216],[-72.312,19.214],[-72.299,19.205],[-72.287,19.209],[-72.281,19.207],[-72.274,19.213],[-72.268,19.213],[-72.256,19.227],[-72.242,19.232],[-72.239,19.252],[-72.242,19.265],[-72.233,19.274],[-72.227,19.275],[-72.218,19.287],[-72.203,19.298],[-72.201,19.311],[-72.208,19.319],[-72.224,19.325],[-72.224,19.339],[-72.231,19.343],[-72.228,19.344],[-72.233,19.358],[-72.23,19.364],[-72.232,19.369],[-72.241,19.375],[-72.249,19.385],[-72.241,19.388],[-72.229,19.384],[-72.231,19.392],[-72.229,19.4],[-72.231,19.417],[-72.223,19.416],[-72.223,19.419],[-72.23,19.426],[-72.227,19.433],[-72.25,19.444],[-72.252,19.453],[-72.257,19.456],[-72.254,19.472],[-72.25,19.477],[-72.261,19.476],[-72.265,19.471],[-72.273,19.47],[-72.276,19.464],[-72.291,19.468],[-72.307,19.465],[-72.32,19.46],[-72.329,19.463],[-72.329,19.465],[-72.321,19.485],[-72.33,19.484],[-72.334,19.489],[-72.349,19.488]]]},"properties":{"atmart_geo_id":"HTC-0551","pcode":"HT0551","nom_fr":"Saint-Michel de l'Attalaye","nom_ht":"Sen Michèl Latalay","niveau_admin":"3"}},{"type":"Feature","geometry":{"type":"Polygon","coordinates":[[[-72.197,19.499],[-72.212,19.514],[-72.218,19.487],[-72.223,19.485],[-72.231,19.489],[-72.241,19.489],[-72.254,19.472],[-72.257,19.455],[-72.252,19.453],[-72.25,19.444],[-72.227,19.433],[-72.23,19.426],[-72.223,19.419],[-72.223,19.416],[-72.231,19.417],[-72.229,19.4],[-72.231,19.392],[-72.229,19.384],[-72.241,19.388],[-72.249,19.385],[-72.241,19.375],[-72.232,19.369],[-72.23,19.364],[-72.233,19.358],[-72.228,19.344],[-72.231,19.343],[-72.224,19.339],[-72.224,19.325],[-72.208,19.319],[-72.201,19.311],[-72.203,19.301],[-72.183,19.294],[-72.166,19.282],[-72.159,19.283],[-72.159,19.279],[-72.151,19.285],[-72.157,19.295],[-72.155,19.301],[-72.152,19.302],[-72.155,19.305],[-72.151,19.308],[-72.165,19.312],[-72.165,19.319],[-72.16,19.322],[-72.16,19.325],[-72.168,19.332],[-72.165,19.334],[-72.167,19.337],[-72.172,19.336],[-72.173,19.34],[-72.18,19.345],[-72.178,19.349],[-72.169,19.348],[-72.173,19.355],[-72.172,19.361],[-72.168,19.361],[-72.169,19.365],[-72.158,19.364],[-72.158,19.372],[-72.145,19.373],[-72.144,19.383],[-72.137,19.387],[-72.127,19.385],[-72.127,19.389],[-72.134,19.398],[-72.132,19.41],[-72.134,19.422],[-72.139,19.43],[-72.143,19.432],[-72.167,19.477],[-72.184,19.496],[-72.194,19.495],[-72.197,19.499]]]},"properties":{"atmart_geo_id":"HTC-0341","pcode":"HT0341","nom_fr":"Saint-Raphaël","nom_ht":"Sen Rafayèl","niveau_admin":"3"}},{"type":"Feature","geometry":{"type":"Polygon","coordinates":[[[-73.839,18.101],[-73.844,18.109],[-73.842,18.116],[-73.854,18.122],[-73.853,18.109],[-73.856,18.103],[-73.861,18.099],[-73.861,18.096],[-73.87,18.092],[-73.872,18.084],[-73.88,18.075],[-73.882,18.065],[-73.877,18.056],[-73.881,18.051],[-73.882,18.035],[-73.886,18.03],[-73.887,18.024],[-73.873,18.022],[-73.865,18.025],[-73.827,18.027],[-73.81,18.022],[-73.805,18.023],[-73.802,18.027],[-73.798,18.024],[-73.797,18.028],[-73.793,18.026],[-73.789,18.029],[-73.791,18.038],[-73.783,18.043],[-73.785,18.051],[-73.788,18.052],[-73.786,18.052],[-73.787,18.055],[-73.791,18.059],[-73.787,18.054],[-73.792,18.056],[-73.801,18.062],[-73.801,18.066],[-73.807,18.067],[-73.809,18.075],[-73.814,18.081],[-73.839,18.101]]]},"properties":{"atmart_geo_id":"HTC-0722","pcode":"HT0722","nom_fr":"Saint Jean du Sud","nom_ht":"Sen Jan disid.","niveau_admin":"3"}},{"type":"Feature","geometry":{"type":"Polygon","coordinates":[[[-73.479,18.341],[-73.482,18.342],[-73.493,18.338],[-73.515,18.336],[-73.555,18.336],[-73.554,18.331],[-73.561,18.322],[-73.564,18.322],[-73.565,18.327],[-73.571,18.32],[-73.583,18.321],[-73.582,18.316],[-73.585,18.316],[-73.588,18.308],[-73.61,18.291],[-73.613,18.295],[-73.628,18.295],[-73.63,18.293],[-73.627,18.29],[-73.635,18.278],[-73.626,18.275],[-73.622,18.265],[-73.633,18.257],[-73.637,18.24],[-73.644,18.228],[-73.634,18.228],[-73.634,18.234],[-73.631,18.235],[-73.635,18.243],[-73.632,18.251],[-73.622,18.249],[-73.62,18.253],[-73.613,18.251],[-73.61,18.257],[-73.6,18.249],[-73.603,18.247],[-73.6,18.243],[-73.603,18.24],[-73.608,18.242],[-73.608,18.236],[-73.613,18.237],[-73.611,18.236],[-73.616,18.232],[-73.614,18.23],[-73.616,18.229],[-73.615,18.223],[-73.62,18.217],[-73.602,18.212],[-73.587,18.22],[-73.585,18.224],[-73.589,18.233],[-73.586,18.236],[-73.588,18.233],[-73.581,18.229],[-73.579,18.217],[-73.567,18.216],[-73.565,18.221],[-73.56,18.223],[-73.559,18.227],[-73.564,18.236],[-73.575,18.25],[-73.572,18.255],[-73.563,18.26],[-73.558,18.257],[-73.555,18.26],[-73.543,18.259],[-73.537,18.252],[-73.533,18.236],[-73.529,18.232],[-73.52,18.236],[-73.51,18.233],[-73.501,18.234],[-73.495,18.241],[-73.508,18.245],[-73.501,18.247],[-73.491,18.257],[-73.486,18.255],[-73.48,18.257],[-73.478,18.25],[-73.475,18.25],[-73.477,18.255],[-73.472,18.259],[-73.459,18.262],[-73.452,18.255],[-73.455,18.262],[-73.451,18.267],[-73.444,18.259],[-73.443,18.265],[-73.439,18.263],[-73.435,18.265],[-73.43,18.262],[-73.431,18.254],[-73.42,18.255],[-73.421,18.26],[-73.417,18.274],[-73.427,18.293],[-73.431,18.295],[-73.448,18.292],[-73.458,18.293],[-73.462,18.301],[-73.459,18.308],[-73.463,18.312],[-73.454,18.315],[-73.454,18.329],[-73.442,18.341],[-73.47,18.338],[-73.472,18.341],[-73.479,18.341]]]},"properties":{"atmart_geo_id":"HTC-0732","pcode":"HT0732","nom_fr":"Saint Louis du Sud","nom_ht":"Sen Lwi disid","niveau_admin":"3"}},{"type":"Feature","geometry":{"type":"Polygon","coordinates":[[[-72.094,19.621],[-72.094,19.627],[-72.106,19.635],[-72.11,19.634],[-72.108,19.623],[-72.113,19.619],[-72.112,19.611],[-72.106,19.603],[-72.114,19.592],[-72.121,19.589],[-72.122,19.586],[-72.118,19.58],[-72.12,19.575],[-72.115,19.575],[-72.112,19.57],[-72.112,19.562],[-72.114,19.559],[-72.108,19.559],[-72.103,19.552],[-72.104,19.549],[-72.101,19.549],[-72.101,19.543],[-72.098,19.541],[-72.098,19.532],[-72.103,19.529],[-72.104,19.524],[-72.094,19.515],[-72.091,19.498],[-72.062,19.478],[-72.064,19.475],[-72.063,19.472],[-72.066,19.472],[-72.071,19.461],[-72.07,19.455],[-72.08,19.459],[-72.092,19.447],[-72.082,19.44],[-72.079,19.443],[-72.079,19.437],[-72.073,19.435],[-72.064,19.437],[-72.069,19.442],[-72.064,19.445],[-72.051,19.437],[-72.047,19.438],[-72.044,19.432],[-72.038,19.432],[-72.037,19.43],[-72.009,19.449],[-72.003,19.446],[-72.013,19.47],[-72.024,19.478],[-72.025,19.495],[-72.019,19.497],[-72.01,19.511],[-72.027,19.537],[-72.047,19.55],[-72.049,19.554],[-72.044,19.563],[-72.05,19.568],[-72.048,19.575],[-72.066,19.592],[-72.083,19.598],[-72.094,19.621]]]},"properties":{"atmart_geo_id":"HTC-0432","pcode":"HT0432","nom_fr":"Sainte Suzanne","nom_ht":"Sent sizàn","niveau_admin":"3"}},{"type":"Feature","geometry":{"type":"Polygon","coordinates":[[[-72.233,18.898],[-72.241,18.905],[-72.247,18.905],[-72.244,18.9],[-72.248,18.881],[-72.247,18.872],[-72.253,18.858],[-72.257,18.857],[-72.265,18.862],[-72.279,18.86],[-72.289,18.864],[-72.301,18.864],[-72.315,18.858],[-72.325,18.863],[-72.356,18.87],[-72.365,18.866],[-72.362,18.864],[-72.363,18.859],[-72.336,18.838],[-72.319,18.812],[-72.303,18.818],[-72.282,18.817],[-72.279,18.809],[-72.272,18.804],[-72.279,18.798],[-72.257,18.789],[-72.246,18.781],[-72.237,18.777],[-72.229,18.778],[-72.225,18.772],[-72.218,18.774],[-72.207,18.758],[-72.203,18.756],[-72.2,18.759],[-72.194,18.752],[-72.187,18.765],[-72.177,18.76],[-72.174,18.762],[-72.177,18.768],[-72.175,18.772],[-72.182,18.778],[-72.177,18.785],[-72.176,18.797],[-72.165,18.798],[-72.159,18.807],[-72.155,18.829],[-72.162,18.839],[-72.155,18.845],[-72.157,18.851],[-72.163,18.852],[-72.164,18.863],[-72.179,18.863],[-72.184,18.869],[-72.186,18.877],[-72.2,18.88],[-72.198,18.888],[-72.213,18.888],[-72.218,18.892],[-72.224,18.89],[-72.224,18.898],[-72.233,18.898]]]},"properties":{"atmart_geo_id":"HTC-0622","pcode":"HT0622","nom_fr":"Saut d'Eau","nom_ht":"Sodo","niveau_admin":"3"}},{"type":"Feature","geometry":{"type":"Polygon","coordinates":[[[-71.816,18.793],[-71.818,18.797],[-71.821,18.797],[-71.838,18.789],[-71.843,18.793],[-71.848,18.792],[-71.857,18.785],[-71.867,18.766],[-71.882,18.767],[-71.89,18.771],[-71.899,18.776],[-71.898,18.781],[-71.919,18.784],[-71.924,18.78],[-71.936,18.78],[-71.936,18.774],[-71.939,18.773],[-71.944,18.775],[-71.95,18.773],[-71.944,18.766],[-71.939,18.753],[-71.945,18.753],[-71.954,18.762],[-71.961,18.764],[-71.988,18.779],[-71.995,18.78],[-71.997,18.772],[-71.993,18.766],[-71.975,18.756],[-71.976,18.747],[-71.971,18.747],[-71.961,18.741],[-71.926,18.739],[-71.921,18.731],[-71.911,18.73],[-71.894,18.72],[-71.853,18.719],[-71.842,18.71],[-71.829,18.705],[-71.804,18.685],[-71.798,18.692],[-71.794,18.689],[-71.786,18.692],[-71.784,18.706],[-71.738,18.722],[-71.729,18.772],[-71.757,18.773],[-71.76,18.765],[-71.768,18.768],[-71.782,18.764],[-71.795,18.782],[-71.8,18.785],[-71.811,18.78],[-71.819,18.785],[-71.82,18.788],[-71.816,18.793]]]},"properties":{"atmart_geo_id":"HTC-0633","pcode":"HT0633","nom_fr":"Savanette","nom_ht":"Savanèt","niveau_admin":"3"}},{"type":"Feature","geometry":{"type":"Polygon","coordinates":[[[-72.295,18.605],[-72.301,18.61],[-72.302,18.605],[-72.305,18.606],[-72.306,18.6],[-72.298,18.599],[-72.29,18.593],[-72.312,18.579],[-72.286,18.57],[-72.279,18.564],[-72.257,18.555],[-72.258,18.55],[-72.254,18.545],[-72.248,18.543],[-72.245,18.537],[-72.238,18.54],[-72.239,18.545],[-72.237,18.546],[-72.228,18.536],[-72.223,18.539],[-72.228,18.543],[-72.243,18.578],[-72.248,18.581],[-72.249,18.587],[-72.254,18.587],[-72.256,18.594],[-72.274,18.6],[-72.289,18.598],[-72.289,18.601],[-72.295,18.605]]]},"properties":{"atmart_geo_id":"HTC-0118","pcode":"HT0118","nom_fr":"Tabarre","nom_ht":"Taba","niveau_admin":"3"}},{"type":"Feature","geometry":{"type":"Polygon","coordinates":[[[-72.808,19.683],[-72.83,19.697],[-72.822,19.714],[-72.833,19.723],[-72.829,19.732],[-72.835,19.732],[-72.838,19.73],[-72.838,19.721],[-72.84,19.716],[-72.858,19.713],[-72.85,19.702],[-72.855,19.69],[-72.879,19.68],[-72.879,19.676],[-72.873,19.673],[-72.858,19.671],[-72.855,19.663],[-72.868,19.658],[-72.874,19.647],[-72.891,19.645],[-72.88,19.638],[-72.882,19.634],[-72.878,19.636],[-72.876,19.631],[-72.857,19.619],[-72.838,19.601],[-72.82,19.594],[-72.826,19.587],[-72.832,19.585],[-72.833,19.581],[-72.845,19.577],[-72.843,19.574],[-72.836,19.574],[-72.819,19.545],[-72.789,19.539],[-72.778,19.52],[-72.769,19.514],[-72.763,19.514],[-72.751,19.523],[-72.741,19.522],[-72.73,19.532],[-72.728,19.536],[-72.731,19.543],[-72.738,19.542],[-72.746,19.551],[-72.748,19.559],[-72.739,19.561],[-72.744,19.575],[-72.735,19.572],[-72.719,19.586],[-72.72,19.59],[-72.729,19.597],[-72.727,19.602],[-72.718,19.603],[-72.712,19.612],[-72.714,19.616],[-72.721,19.62],[-72.749,19.623],[-72.754,19.63],[-72.794,19.627],[-72.802,19.642],[-72.802,19.649],[-72.8,19.657],[-72.785,19.678],[-72.798,19.685],[-72.801,19.681],[-72.808,19.683]]]},"properties":{"atmart_geo_id":"HTC-0522","pcode":"HT0522","nom_fr":"Terre Neuve","nom_ht":"Tènèv","niveau_admin":"3"}},{"type":"Feature","geometry":{"type":"Polygon","coordinates":[[[-71.92,19.727],[-71.925,19.722],[-71.925,19.715],[-71.969,19.702],[-71.958,19.688],[-71.961,19.67],[-71.973,19.672],[-71.976,19.668],[-71.979,19.668],[-71.982,19.65],[-71.992,19.632],[-71.986,19.624],[-71.986,19.613],[-71.977,19.602],[-71.979,19.597],[-71.967,19.579],[-71.943,19.561],[-71.932,19.546],[-71.906,19.528],[-71.897,19.531],[-71.894,19.544],[-71.883,19.547],[-71.886,19.548],[-71.883,19.551],[-71.884,19.561],[-71.9,19.575],[-71.895,19.581],[-71.896,19.586],[-71.907,19.602],[-71.904,19.607],[-71.894,19.614],[-71.901,19.625],[-71.892,19.647],[-71.893,19.671],[-71.898,19.67],[-71.891,19.677],[-71.886,19.678],[-71.89,19.682],[-71.895,19.678],[-71.898,19.68],[-71.901,19.679],[-71.905,19.687],[-71.898,19.686],[-71.896,19.683],[-71.893,19.687],[-71.889,19.684],[-71.884,19.686],[-71.883,19.683],[-71.88,19.685],[-71.876,19.68],[-71.872,19.68],[-71.872,19.684],[-71.867,19.686],[-71.863,19.691],[-71.851,19.691],[-71.846,19.708],[-71.852,19.717],[-71.893,19.72],[-71.908,19.726],[-71.92,19.727]]]},"properties":{"atmart_geo_id":"HTC-0433","pcode":"HT0433","nom_fr":"Terrier Rouge","nom_ht":"Tèrye rouj","niveau_admin":"3"}},{"type":"Feature","geometry":{"type":"Polygon","coordinates":[[[-71.782,18.281],[-71.78,18.283],[-71.789,18.287],[-71.806,18.287],[-71.82,18.279],[-71.828,18.279],[-71.838,18.283],[-71.846,18.276],[-71.854,18.276],[-71.855,18.265],[-71.888,18.237],[-71.873,18.236],[-71.87,18.227],[-71.88,18.225],[-71.891,18.228],[-71.894,18.232],[-71.919,18.206],[-71.916,18.196],[-71.919,18.184],[-71.912,18.176],[-71.912,18.17],[-71.902,18.168],[-71.893,18.158],[-71.884,18.156],[-71.88,18.149],[-71.87,18.147],[-71.854,18.128],[-71.854,18.133],[-71.846,18.144],[-71.843,18.154],[-71.841,18.176],[-71.828,18.18],[-71.825,18.19],[-71.819,18.197],[-71.828,18.215],[-71.827,18.22],[-71.815,18.219],[-71.819,18.225],[-71.806,18.23],[-71.8,18.243],[-71.792,18.252],[-71.782,18.281]]]},"properties":{"atmart_geo_id":"HTC-0233","pcode":"HT0233","nom_fr":"Thiotte","nom_ht":"Tiòt","niveau_admin":"3"}},{"type":"Feature","geometry":{"type":"Polygon","coordinates":[[[-71.802,19.132],[-71.812,19.134],[-71.802,19.145],[-71.803,19.147],[-71.808,19.152],[-71.828,19.159],[-71.853,19.189],[-71.857,19.19],[-71.866,19.187],[-71.86,19.179],[-71.862,19.169],[-71.855,19.158],[-71.867,19.14],[-71.874,19.136],[-71.883,19.114],[-71.888,19.106],[-71.919,19.095],[-71.919,19.087],[-71.915,19.087],[-71.916,19.084],[-71.91,19.08],[-71.914,19.07],[-71.908,19.069],[-71.905,19.064],[-71.911,19.055],[-71.901,19.055],[-71.898,19.05],[-71.906,19.047],[-71.9,19.038],[-71.893,19.036],[-71.891,19.04],[-71.888,19.033],[-71.883,19.036],[-71.878,19.035],[-71.876,19.027],[-71.873,19.028],[-71.871,19.035],[-71.865,19.035],[-71.865,19.024],[-71.86,19.026],[-71.856,19.022],[-71.857,19.018],[-71.867,19.013],[-71.866,19.007],[-71.87,19.005],[-71.869,18.999],[-71.872,18.996],[-71.866,18.995],[-71.869,18.988],[-71.875,18.986],[-71.872,18.983],[-71.863,18.983],[-71.862,18.978],[-71.857,18.977],[-71.856,18.983],[-71.851,18.987],[-71.852,18.993],[-71.844,18.991],[-71.842,19.0],[-71.835,19.001],[-71.833,19.006],[-71.826,18.994],[-71.806,18.998],[-71.806,19.003],[-71.799,19.005],[-71.796,19.0],[-71.798,18.996],[-71.789,18.993],[-71.787,18.997],[-71.791,19.001],[-71.791,19.008],[-71.785,19.012],[-71.776,19.013],[-71.783,19.018],[-71.771,19.032],[-71.768,19.032],[-71.765,19.026],[-71.761,19.027],[-71.764,19.035],[-71.752,19.046],[-71.747,19.047],[-71.741,19.043],[-71.738,19.05],[-71.723,19.054],[-71.729,19.059],[-71.728,19.068],[-71.738,19.078],[-71.742,19.097],[-71.749,19.101],[-71.751,19.107],[-71.764,19.112],[-71.77,19.124],[-71.778,19.123],[-71.789,19.131],[-71.802,19.132]]]},"properties":{"atmart_geo_id":"HTC-0642","pcode":"HT0642","nom_fr":"Thomassique","nom_ht":"Tomasik","niveau_admin":"3"}},{"type":"Feature","geometry":{"type":"Polygon","coordinates":[[[-72.207,18.758],[-72.218,18.774],[-72.225,18.772],[-72.227,18.767],[-72.222,18.757],[-72.231,18.753],[-72.231,18.738],[-72.239,18.73],[-72.24,18.726],[-72.235,18.718],[-72.238,18.707],[-72.242,18.703],[-72.241,18.697],[-72.244,18.693],[-72.238,18.652],[-72.229,18.658],[-72.214,18.661],[-72.212,18.656],[-72.2,18.645],[-72.204,18.64],[-72.194,18.635],[-72.186,18.609],[-72.173,18.613],[-72.172,18.611],[-72.155,18.608],[-72.152,18.604],[-72.152,18.595],[-72.154,18.588],[-72.156,18.587],[-72.152,18.58],[-72.151,18.567],[-72.143,18.567],[-72.14,18.586],[-72.138,18.587],[-72.129,18.586],[-72.127,18.573],[-72.108,18.567],[-72.103,18.569],[-72.093,18.563],[-72.089,18.576],[-72.091,18.582],[-72.086,18.591],[-72.09,18.597],[-72.082,18.605],[-72.083,18.613],[-72.094,18.611],[-72.093,18.615],[-72.088,18.619],[-72.071,18.62],[-72.07,18.612],[-72.061,18.612],[-72.047,18.604],[-72.048,18.594],[-72.038,18.589],[-71.996,18.617],[-72.0,18.618],[-72.008,18.625],[-72.001,18.628],[-72.003,18.632],[-72.0,18.635],[-72.011,18.641],[-72.014,18.647],[-72.018,18.646],[-72.029,18.658],[-72.035,18.659],[-72.039,18.664],[-72.045,18.662],[-72.057,18.67],[-72.055,18.687],[-72.041,18.692],[-72.019,18.71],[-72.009,18.714],[-72.008,18.706],[-72.001,18.703],[-71.999,18.706],[-72.001,18.709],[-71.999,18.717],[-72.004,18.719],[-72.008,18.728],[-72.005,18.73],[-72.006,18.735],[-72.009,18.737],[-72.017,18.724],[-72.028,18.727],[-72.038,18.721],[-72.057,18.719],[-72.068,18.721],[-72.074,18.737],[-72.084,18.727],[-72.087,18.714],[-72.092,18.711],[-72.11,18.708],[-72.116,18.704],[-72.127,18.706],[-72.147,18.695],[-72.167,18.703],[-72.19,18.724],[-72.197,18.732],[-72.201,18.742],[-72.194,18.752],[-72.2,18.759],[-72.203,18.756],[-72.207,18.758]]]},"properties":{"atmart_geo_id":"HTC-0132","pcode":"HT0132","nom_fr":"Thomazeau","nom_ht":"Tomazo","niveau_admin":"3"}},{"type":"Feature","geometry":{"type":"Polygon","coordinates":[[[-71.989,19.054],[-72.011,19.065],[-72.015,19.059],[-72.025,19.054],[-72.031,19.055],[-72.035,19.06],[-72.043,19.061],[-72.059,19.055],[-72.064,19.055],[-72.067,19.058],[-72.081,19.053],[-72.084,19.061],[-72.089,19.06],[-72.095,19.045],[-72.105,19.033],[-72.113,19.033],[-72.123,19.028],[-72.118,19.026],[-72.118,19.015],[-72.115,19.016],[-72.109,19.012],[-72.11,19.009],[-72.105,19.009],[-72.098,18.992],[-72.097,18.981],[-72.08,18.973],[-72.075,18.961],[-72.064,18.957],[-72.06,18.944],[-72.048,18.933],[-72.044,18.932],[-72.036,18.942],[-72.028,18.944],[-72.021,18.941],[-72.012,18.943],[-72.008,18.942],[-72.004,18.936],[-71.998,18.937],[-71.997,18.925],[-72.02,18.907],[-72.031,18.906],[-72.04,18.9],[-72.034,18.892],[-72.028,18.894],[-72.029,18.89],[-72.022,18.881],[-72.021,18.89],[-72.017,18.892],[-72.015,18.898],[-72.008,18.899],[-72.008,18.903],[-71.999,18.901],[-71.992,18.906],[-71.979,18.901],[-71.977,18.883],[-71.981,18.88],[-71.979,18.877],[-71.974,18.877],[-71.965,18.87],[-71.961,18.873],[-71.945,18.858],[-71.94,18.86],[-71.939,18.851],[-71.937,18.856],[-71.929,18.851],[-71.932,18.854],[-71.928,18.859],[-71.926,18.853],[-71.923,18.853],[-71.924,18.856],[-71.91,18.855],[-71.914,18.859],[-71.904,18.861],[-71.899,18.868],[-71.889,18.874],[-71.893,18.876],[-71.891,18.88],[-71.902,18.874],[-71.911,18.881],[-71.915,18.88],[-71.915,18.883],[-71.914,18.886],[-71.906,18.888],[-71.906,18.892],[-71.885,18.906],[-71.883,18.913],[-71.887,18.911],[-71.891,18.917],[-71.883,18.943],[-71.885,18.96],[-71.879,18.957],[-71.875,18.958],[-71.876,18.972],[-71.869,18.975],[-71.868,18.982],[-71.875,18.986],[-71.869,18.988],[-71.866,18.995],[-71.872,18.996],[-71.868,19.002],[-71.87,19.005],[-71.866,19.007],[-71.867,19.013],[-71.857,19.018],[-71.856,19.022],[-71.86,19.026],[-71.865,19.024],[-71.865,19.035],[-71.871,19.035],[-71.873,19.028],[-71.876,19.027],[-71.878,19.035],[-71.883,19.036],[-71.888,19.033],[-71.891,19.04],[-71.904,19.032],[-71.906,19.025],[-71.911,19.021],[-71.918,19.024],[-71.931,19.017],[-71.954,19.034],[-71.989,19.054]]]},"properties":{"atmart_geo_id":"HTC-0613","pcode":"HT0613","nom_fr":"Thomonde","nom_ht":"Tomond","niveau_admin":"3"}},{"type":"Feature","geometry":{"type":"Polygon","coordinates":[[[-74.28,18.385],[-74.294,18.395],[-74.296,18.392],[-74.296,18.379],[-74.302,18.372],[-74.309,18.367],[-74.325,18.364],[-74.329,18.361],[-74.343,18.364],[-74.356,18.36],[-74.388,18.363],[-74.4,18.358],[-74.41,18.361],[-74.423,18.357],[-74.432,18.359],[-74.432,18.363],[-74.437,18.366],[-74.436,18.361],[-74.441,18.357],[-74.451,18.357],[-74.448,18.35],[-74.439,18.344],[-74.402,18.334],[-74.397,18.326],[-74.402,18.319],[-74.397,18.316],[-74.384,18.314],[-74.384,18.311],[-74.37,18.296],[-74.358,18.296],[-74.312,18.285],[-74.301,18.288],[-74.258,18.312],[-74.252,18.311],[-74.234,18.331],[-74.222,18.337],[-74.23,18.355],[-74.228,18.362],[-74.235,18.368],[-74.244,18.375],[-74.26,18.376],[-74.265,18.381],[-74.277,18.381],[-74.28,18.385]]]},"properties":{"atmart_geo_id":"HTC-0753","pcode":"HT0753","nom_fr":"Tiburon","nom_ht":"Tibiwon","niveau_admin":"3"}},{"type":"Feature","geometry":{"type":"Polygon","coordinates":[[[-73.943,18.371],[-73.968,18.37],[-73.977,18.365],[-73.981,18.355],[-73.988,18.349],[-73.988,18.345],[-73.979,18.34],[-73.973,18.323],[-73.952,18.323],[-73.947,18.32],[-73.942,18.31],[-73.944,18.303],[-73.948,18.302],[-73.956,18.292],[-73.95,18.275],[-73.941,18.261],[-73.929,18.256],[-73.923,18.251],[-73.912,18.25],[-73.899,18.243],[-73.892,18.237],[-73.886,18.223],[-73.875,18.217],[-73.875,18.212],[-73.881,18.205],[-73.878,18.201],[-73.878,18.189],[-73.893,18.175],[-73.901,18.175],[-73.894,18.168],[-73.881,18.164],[-73.877,18.156],[-73.867,18.148],[-73.868,18.141],[-73.863,18.14],[-73.864,18.137],[-73.857,18.13],[-73.856,18.123],[-73.842,18.116],[-73.843,18.123],[-73.829,18.143],[-73.82,18.151],[-73.816,18.152],[-73.808,18.159],[-73.804,18.158],[-73.789,18.17],[-73.789,18.175],[-73.809,18.204],[-73.806,18.206],[-73.862,18.274],[-73.876,18.299],[-73.87,18.3],[-73.867,18.305],[-73.868,18.311],[-73.872,18.31],[-73.88,18.303],[-73.892,18.305],[-73.904,18.312],[-73.91,18.318],[-73.911,18.325],[-73.926,18.337],[-73.923,18.339],[-73.928,18.343],[-73.926,18.347],[-73.93,18.349],[-73.927,18.353],[-73.928,18.366],[-73.943,18.371]]]},"properties":{"atmart_geo_id":"HTC-0712","pcode":"HT0712","nom_fr":"Torbeck","nom_ht":"Tòbèk","niveau_admin":"3"}},{"type":"Feature","geometry":{"type":"Polygon","coordinates":[[[-72.051,19.65],[-72.067,19.656],[-72.065,19.652],[-72.067,19.649],[-72.064,19.645],[-72.066,19.635],[-72.072,19.631],[-72.079,19.632],[-72.093,19.626],[-72.091,19.612],[-72.085,19.601],[-72.079,19.595],[-72.069,19.594],[-72.057,19.585],[-72.055,19.58],[-72.048,19.575],[-72.049,19.567],[-72.044,19.563],[-72.049,19.554],[-72.047,19.55],[-72.027,19.537],[-72.019,19.526],[-72.0,19.524],[-71.97,19.508],[-71.97,19.515],[-71.964,19.523],[-71.976,19.533],[-71.977,19.539],[-71.959,19.539],[-71.947,19.551],[-71.935,19.55],[-71.951,19.568],[-71.967,19.579],[-71.979,19.597],[-71.977,19.602],[-71.986,19.613],[-71.986,19.624],[-71.992,19.632],[-71.983,19.648],[-71.996,19.651],[-72.007,19.636],[-72.011,19.642],[-72.045,19.644],[-72.051,19.65]]]},"properties":{"atmart_geo_id":"HTC-0431","pcode":"HT0431","nom_fr":"Trou du Nord","nom_ht":"Twou dinò","niveau_admin":"3"}},{"type":"Feature","geometry":{"type":"Polygon","coordinates":[[[-72.008,19.524],[-72.019,19.526],[-72.01,19.511],[-72.019,19.497],[-72.025,19.494],[-72.024,19.478],[-72.013,19.47],[-72.003,19.446],[-72.009,19.449],[-72.016,19.445],[-72.037,19.43],[-72.038,19.427],[-72.034,19.426],[-72.031,19.42],[-72.024,19.417],[-72.023,19.414],[-72.016,19.414],[-72.009,19.418],[-71.999,19.411],[-71.992,19.41],[-71.988,19.404],[-71.983,19.409],[-71.975,19.409],[-71.962,19.4],[-71.956,19.39],[-71.951,19.388],[-71.935,19.393],[-71.929,19.388],[-71.929,19.374],[-71.923,19.357],[-71.92,19.36],[-71.922,19.364],[-71.917,19.367],[-71.913,19.374],[-71.903,19.38],[-71.896,19.389],[-71.889,19.388],[-71.874,19.395],[-71.885,19.405],[-71.877,19.418],[-71.881,19.428],[-71.879,19.434],[-71.876,19.436],[-71.873,19.429],[-71.867,19.427],[-71.873,19.436],[-71.875,19.444],[-71.894,19.462],[-71.912,19.46],[-71.935,19.476],[-71.951,19.495],[-71.966,19.501],[-71.97,19.508],[-71.997,19.522],[-72.008,19.524]]]},"properties":{"atmart_geo_id":"HTC-0441","pcode":"HT0441","nom_fr":"Vallières","nom_ht":"Valyè","niveau_admin":"3"}},{"type":"Feature","geometry":{"type":"Polygon","coordinates":[[[-72.596,19.149],[-72.6,19.159],[-72.608,19.156],[-72.605,19.151],[-72.608,19.149],[-72.608,19.136],[-72.586,19.126],[-72.555,19.106],[-72.553,19.101],[-72.558,19.094],[-72.558,19.09],[-72.555,19.083],[-72.547,19.079],[-72.554,19.075],[-72.553,19.07],[-72.569,19.047],[-72.577,19.044],[-72.585,19.035],[-72.587,19.029],[-72.58,19.018],[-72.584,19.012],[-72.584,19.003],[-72.589,18.996],[-72.594,18.974],[-72.586,18.97],[-72.558,18.965],[-72.555,18.962],[-72.541,18.962],[-72.537,18.957],[-72.531,18.96],[-72.515,18.955],[-72.509,18.96],[-72.496,18.959],[-72.467,18.926],[-72.459,18.927],[-72.455,18.92],[-72.443,18.924],[-72.436,18.923],[-72.437,18.92],[-72.428,18.917],[-72.428,18.915],[-72.418,18.924],[-72.416,18.938],[-72.394,18.947],[-72.375,18.981],[-72.365,18.985],[-72.358,18.982],[-72.355,18.985],[-72.356,18.99],[-72.373,18.989],[-72.374,18.992],[-72.369,18.996],[-72.369,19.004],[-72.386,19.016],[-72.38,19.026],[-72.391,19.034],[-72.405,19.036],[-72.409,19.04],[-72.414,19.039],[-72.416,19.046],[-72.42,19.044],[-72.419,19.035],[-72.427,19.046],[-72.435,19.045],[-72.435,19.053],[-72.44,19.057],[-72.441,19.063],[-72.448,19.065],[-72.452,19.07],[-72.451,19.084],[-72.463,19.083],[-72.464,19.076],[-72.468,19.072],[-72.473,19.076],[-72.468,19.081],[-72.47,19.084],[-72.477,19.083],[-72.477,19.078],[-72.479,19.077],[-72.483,19.083],[-72.481,19.091],[-72.489,19.093],[-72.486,19.097],[-72.479,19.092],[-72.473,19.094],[-72.475,19.098],[-72.48,19.101],[-72.475,19.108],[-72.476,19.117],[-72.482,19.12],[-72.491,19.12],[-72.488,19.126],[-72.493,19.125],[-72.494,19.12],[-72.499,19.121],[-72.505,19.125],[-72.506,19.136],[-72.516,19.13],[-72.52,19.131],[-72.519,19.136],[-72.514,19.139],[-72.519,19.144],[-72.518,19.147],[-72.512,19.148],[-72.513,19.153],[-72.521,19.154],[-72.533,19.148],[-72.539,19.141],[-72.553,19.149],[-72.559,19.144],[-72.563,19.146],[-72.564,19.142],[-72.572,19.139],[-72.579,19.142],[-72.58,19.15],[-72.583,19.153],[-72.588,19.148],[-72.596,19.149]]]},"properties":{"atmart_geo_id":"HTC-0532","pcode":"HT0532","nom_fr":"Verrettes","nom_ht":"Vèrèt","niveau_admin":"3"}}]}