{"type":"FeatureCollection","features":[{"type":"Feature","properties":{"atmart_geo_id":"HTE-412001","pcode":"412001","region_id_dhs":"HTDHS2016412001","nom_fr":"Aire métropolitaine","nom_source":"Metropolitan area","niveau_admin":"enquete"},"geometry":{"type":"MultiPolygon","coordinates":[[[[-72.169,18.43],[-72.175,18.435],[-72.175,18.43],[-72.169,18.43]]],[[[-72.169,18.43],[-72.164,18.43],[-72.169,18.435],[-72.169,18.43]]],[[[-72.351,18.55],[-72.351,18.556],[-72.356,18.556],[-72.356,18.55],[-72.351,18.55]]],[[[-72.351,18.562],[-72.351,18.567],[-72.356,18.562],[-72.351,18.562]]],[[[-72.356,18.534],[-72.367,18.529],[-72.367,18.534],[-72.378,18.529],[-72.378,18.534],[-72.383,18.534],[-72.389,18.534],[-72.389,18.539],[-72.394,18.539],[-72.4,18.55],[-72.405,18.55],[-72.411,18.55],[-72.422,18.55],[-72.427,18.55],[-72.427,18.545],[-72.427,18.539],[-72.433,18.539],[-72.438,18.539],[-72.449,18.539],[-72.449,18.545],[-72.455,18.545],[-72.455,18.539],[-72.46,18.539],[-72.46,18.534],[-72.455,18.529],[-72.46,18.523],[-72.46,18.518],[-72.466,18.518],[-72.46,18.512],[-72.46,18.507],[-72.466,18.507],[-72.46,18.501],[-72.466,18.501],[-72.46,18.495],[-72.455,18.495],[-72.455,18.49],[-72.449,18.49],[-72.449,18.485],[-72.444,18.479],[-72.449,18.474],[-72.455,18.474],[-72.46,18.474],[-72.466,18.474],[-72.466,18.468],[-72.466,18.463],[-72.46,18.463],[-72.46,18.457],[-72.455,18.457],[-72.455,18.451],[-72.46,18.446],[-72.455,18.441],[-72.455,18.435],[-72.449,18.43],[-72.455,18.43],[-72.449,18.424],[-72.449,18.419],[-72.455,18.419],[-72.449,18.413],[-72.455,18.413],[-72.449,18.408],[-72.449,18.402],[-72.449,18.397],[-72.444,18.397],[-72.438,18.397],[-72.433,18.402],[-72.427,18.402],[-72.422,18.402],[-72.422,18.397],[-72.427,18.397],[-72.427,18.391],[-72.433,18.386],[-72.438,18.38],[-72.433,18.375],[-72.427,18.375],[-72.416,18.375],[-72.411,18.38],[-72.405,18.386],[-72.4,18.386],[-72.394,18.386],[-72.394,18.391],[-72.389,18.391],[-72.383,18.386],[-72.383,18.38],[-72.378,18.38],[-72.372,18.38],[-72.367,18.38],[-72.362,18.38],[-72.356,18.38],[-72.351,18.386],[-72.351,18.391],[-72.345,18.391],[-72.345,18.397],[-72.351,18.402],[-72.356,18.402],[-72.362,18.397],[-72.367,18.402],[-72.372,18.402],[-72.372,18.408],[-72.378,18.408],[-72.383,18.413],[-72.389,18.419],[-72.389,18.424],[-72.389,18.43],[-72.389,18.435],[-72.389,18.441],[-72.383,18.441],[-72.378,18.441],[-72.372,18.441],[-72.367,18.441],[-72.362,18.441],[-72.362,18.446],[-72.356,18.446],[-72.356,18.451],[-72.351,18.451],[-72.351,18.457],[-72.345,18.457],[-72.339,18.457],[-72.334,18.451],[-72.328,18.446],[-72.323,18.446],[-72.317,18.446],[-72.312,18.446],[-72.307,18.451],[-72.307,18.457],[-72.301,18.463],[-72.301,18.468],[-72.295,18.468],[-72.295,18.474],[-72.301,18.479],[-72.301,18.485],[-72.295,18.485],[-72.29,18.485],[-72.29,18.479],[-72.29,18.474],[-72.284,18.468],[-72.284,18.463],[-72.274,18.463],[-72.268,18.457],[-72.263,18.457],[-72.263,18.463],[-72.257,18.457],[-72.252,18.457],[-72.246,18.463],[-72.235,18.468],[-72.235,18.463],[-72.235,18.457],[-72.23,18.457],[-72.224,18.451],[-72.224,18.446],[-72.23,18.451],[-72.23,18.446],[-72.224,18.441],[-72.224,18.435],[-72.219,18.435],[-72.219,18.43],[-72.213,18.43],[-72.213,18.424],[-72.213,18.419],[-72.208,18.424],[-72.202,18.424],[-72.197,18.424],[-72.197,18.419],[-72.191,18.419],[-72.186,18.419],[-72.18,18.419],[-72.175,18.419],[-72.175,18.424],[-72.175,18.43],[-72.18,18.43],[-72.18,18.435],[-72.175,18.435],[-72.175,18.441],[-72.175,18.446],[-72.169,18.446],[-72.169,18.451],[-72.164,18.451],[-72.158,18.451],[-72.158,18.457],[-72.158,18.463],[-72.158,18.468],[-72.164,18.468],[-72.169,18.468],[-72.169,18.474],[-72.169,18.479],[-72.175,18.479],[-72.175,18.485],[-72.18,18.485],[-72.18,18.479],[-72.186,18.479],[-72.186,18.485],[-72.191,18.485],[-72.191,18.49],[-72.191,18.495],[-72.197,18.495],[-72.197,18.501],[-72.202,18.507],[-72.208,18.512],[-72.208,18.518],[-72.213,18.523],[-72.219,18.529],[-72.219,18.534],[-72.224,18.539],[-72.23,18.545],[-72.23,18.55],[-72.235,18.556],[-72.235,18.562],[-72.235,18.567],[-72.241,18.567],[-72.241,18.573],[-72.241,18.578],[-72.246,18.578],[-72.246,18.584],[-72.246,18.589],[-72.252,18.589],[-72.257,18.589],[-72.257,18.594],[-72.263,18.594],[-72.268,18.594],[-72.274,18.6],[-72.279,18.6],[-72.284,18.6],[-72.29,18.6],[-72.29,18.605],[-72.295,18.605],[-72.295,18.611],[-72.301,18.611],[-72.301,18.605],[-72.307,18.605],[-72.312,18.605],[-72.317,18.605],[-72.317,18.611],[-72.323,18.611],[-72.328,18.611],[-72.328,18.616],[-72.334,18.616],[-72.334,18.622],[-72.339,18.622],[-72.345,18.622],[-72.351,18.627],[-72.351,18.622],[-72.351,18.616],[-72.356,18.616],[-72.356,18.611],[-72.351,18.611],[-72.351,18.605],[-72.345,18.605],[-72.345,18.6],[-72.351,18.6],[-72.351,18.594],[-72.339,18.589],[-72.339,18.584],[-72.345,18.584],[-72.345,18.578],[-72.339,18.578],[-72.339,18.573],[-72.345,18.573],[-72.345,18.567],[-72.345,18.562],[-72.351,18.562],[-72.351,18.556],[-72.345,18.556],[-72.351,18.55],[-72.351,18.545],[-72.351,18.539],[-72.356,18.539],[-72.356,18.534]]]]}},{"type":"Feature","properties":{"atmart_geo_id":"HTE-412006","pcode":"412006","region_id_dhs":"HTDHS2016412006","nom_fr":"Artibonite","nom_source":"Artibonite","niveau_admin":"enquete"},"geometry":{"type":"MultiPolygon","coordinates":[[[[-72.735,19.308],[-72.735,19.314],[-72.74,19.314],[-72.74,19.308],[-72.735,19.308]]],[[[-72.768,19.325],[-72.768,19.331],[-72.768,19.336],[-72.773,19.336],[-72.773,19.331],[-72.768,19.325]]],[[[-72.779,19.226],[-72.773,19.232],[-72.773,19.237],[-72.768,19.237],[-72.763,19.237],[-72.757,19.237],[-72.757,19.232],[-72.763,19.232],[-72.768,19.232],[-72.773,19.226],[-72.779,19.221],[-72.784,19.226],[-72.784,19.221],[-72.79,19.221],[-72.795,19.221],[-72.801,19.221],[-72.795,19.215],[-72.795,19.21],[-72.795,19.204],[-72.79,19.204],[-72.784,19.199],[-72.779,19.182],[-72.768,19.177],[-72.768,19.166],[-72.768,19.16],[-72.757,19.155],[-72.752,19.149],[-72.74,19.138],[-72.729,19.138],[-72.724,19.138],[-72.719,19.133],[-72.713,19.133],[-72.708,19.127],[-72.702,19.122],[-72.702,19.116],[-72.708,19.111],[-72.708,19.105],[-72.713,19.1],[-72.719,19.094],[-72.724,19.094],[-72.735,19.089],[-72.74,19.089],[-72.752,19.089],[-72.757,19.089],[-72.763,19.089],[-72.768,19.094],[-72.773,19.089],[-72.779,19.089],[-72.784,19.089],[-72.79,19.083],[-72.795,19.083],[-72.801,19.083],[-72.806,19.078],[-72.812,19.078],[-72.817,19.072],[-72.823,19.067],[-72.823,19.061],[-72.823,19.05],[-72.823,19.045],[-72.823,19.034],[-72.812,19.028],[-72.801,19.028],[-72.801,19.023],[-72.795,19.023],[-72.79,19.023],[-72.784,19.017],[-72.773,19.012],[-72.763,19.006],[-72.757,19.001],[-72.752,19.001],[-72.752,18.995],[-72.746,18.995],[-72.74,18.99],[-72.74,18.985],[-72.74,18.979],[-72.735,18.979],[-72.735,18.974],[-72.729,18.968],[-72.729,18.957],[-72.729,18.951],[-72.724,18.946],[-72.719,18.946],[-72.713,18.946],[-72.713,18.94],[-72.708,18.94],[-72.708,18.946],[-72.708,18.951],[-72.702,18.951],[-72.702,18.957],[-72.696,18.957],[-72.696,18.963],[-72.691,18.963],[-72.691,18.968],[-72.685,18.968],[-72.685,18.974],[-72.68,18.974],[-72.68,18.968],[-72.675,18.968],[-72.669,18.968],[-72.669,18.974],[-72.664,18.974],[-72.664,18.968],[-72.658,18.968],[-72.653,18.968],[-72.653,18.974],[-72.647,18.974],[-72.642,18.974],[-72.636,18.974],[-72.631,18.974],[-72.625,18.974],[-72.62,18.974],[-72.62,18.979],[-72.614,18.979],[-72.614,18.974],[-72.609,18.974],[-72.603,18.974],[-72.598,18.974],[-72.592,18.974],[-72.587,18.974],[-72.587,18.968],[-72.581,18.968],[-72.576,18.968],[-72.57,18.968],[-72.565,18.963],[-72.559,18.968],[-72.559,18.963],[-72.554,18.963],[-72.548,18.963],[-72.543,18.963],[-72.537,18.957],[-72.532,18.957],[-72.526,18.957],[-72.521,18.957],[-72.515,18.957],[-72.51,18.957],[-72.504,18.957],[-72.499,18.957],[-72.493,18.957],[-72.482,18.946],[-72.471,18.93],[-72.466,18.93],[-72.46,18.93],[-72.46,18.924],[-72.455,18.919],[-72.449,18.919],[-72.449,18.924],[-72.444,18.924],[-72.438,18.924],[-72.438,18.919],[-72.427,18.919],[-72.427,18.913],[-72.422,18.913],[-72.416,18.907],[-72.416,18.902],[-72.411,18.902],[-72.405,18.902],[-72.394,18.896],[-72.394,18.891],[-72.389,18.886],[-72.383,18.88],[-72.378,18.875],[-72.372,18.875],[-72.367,18.869],[-72.367,18.864],[-72.362,18.869],[-72.356,18.869],[-72.351,18.869],[-72.345,18.864],[-72.339,18.869],[-72.334,18.864],[-72.328,18.864],[-72.323,18.864],[-72.317,18.858],[-72.312,18.858],[-72.307,18.864],[-72.301,18.864],[-72.295,18.864],[-72.29,18.864],[-72.284,18.864],[-72.279,18.858],[-72.274,18.864],[-72.268,18.864],[-72.263,18.864],[-72.263,18.858],[-72.257,18.858],[-72.252,18.858],[-72.252,18.864],[-72.252,18.869],[-72.246,18.869],[-72.246,18.875],[-72.246,18.88],[-72.246,18.886],[-72.246,18.891],[-72.246,18.896],[-72.246,18.902],[-72.246,18.907],[-72.246,18.913],[-72.241,18.913],[-72.241,18.919],[-72.246,18.919],[-72.241,18.924],[-72.241,18.93],[-72.235,18.935],[-72.235,18.94],[-72.23,18.946],[-72.224,18.946],[-72.224,18.951],[-72.224,18.957],[-72.23,18.957],[-72.23,18.963],[-72.235,18.963],[-72.235,18.968],[-72.241,18.968],[-72.241,18.974],[-72.241,18.979],[-72.241,18.985],[-72.241,18.99],[-72.235,18.995],[-72.235,19.001],[-72.241,19.006],[-72.246,19.012],[-72.246,19.017],[-72.246,19.023],[-72.246,19.028],[-72.246,19.034],[-72.241,19.034],[-72.241,19.039],[-72.241,19.045],[-72.241,19.05],[-72.235,19.056],[-72.23,19.056],[-72.23,19.061],[-72.23,19.067],[-72.23,19.072],[-72.224,19.072],[-72.224,19.078],[-72.224,19.083],[-72.224,19.089],[-72.23,19.089],[-72.23,19.094],[-72.235,19.094],[-72.235,19.1],[-72.241,19.1],[-72.241,19.105],[-72.241,19.111],[-72.241,19.116],[-72.235,19.122],[-72.23,19.122],[-72.224,19.127],[-72.219,19.127],[-72.219,19.133],[-72.224,19.133],[-72.224,19.138],[-72.23,19.138],[-72.23,19.144],[-72.235,19.144],[-72.235,19.149],[-72.241,19.149],[-72.241,19.155],[-72.246,19.155],[-72.246,19.16],[-72.252,19.16],[-72.257,19.16],[-72.257,19.166],[-72.257,19.171],[-72.263,19.177],[-72.263,19.182],[-72.263,19.188],[-72.263,19.193],[-72.263,19.199],[-72.257,19.199],[-72.257,19.204],[-72.257,19.21],[-72.263,19.21],[-72.263,19.215],[-72.263,19.221],[-72.257,19.226],[-72.252,19.226],[-72.252,19.232],[-72.246,19.232],[-72.241,19.232],[-72.241,19.237],[-72.241,19.243],[-72.241,19.248],[-72.241,19.253],[-72.241,19.259],[-72.241,19.265],[-72.241,19.27],[-72.235,19.27],[-72.235,19.276],[-72.23,19.276],[-72.224,19.276],[-72.224,19.281],[-72.219,19.281],[-72.219,19.287],[-72.213,19.287],[-72.213,19.292],[-72.208,19.292],[-72.208,19.297],[-72.202,19.297],[-72.202,19.303],[-72.202,19.308],[-72.202,19.314],[-72.208,19.314],[-72.208,19.32],[-72.213,19.32],[-72.219,19.32],[-72.219,19.325],[-72.224,19.325],[-72.224,19.331],[-72.224,19.336],[-72.224,19.341],[-72.23,19.341],[-72.23,19.347],[-72.23,19.352],[-72.23,19.358],[-72.235,19.358],[-72.235,19.364],[-72.23,19.364],[-72.23,19.369],[-72.235,19.369],[-72.235,19.375],[-72.241,19.375],[-72.246,19.38],[-72.246,19.386],[-72.241,19.386],[-72.23,19.386],[-72.23,19.391],[-72.23,19.396],[-72.23,19.402],[-72.23,19.407],[-72.23,19.413],[-72.23,19.418],[-72.224,19.418],[-72.224,19.424],[-72.23,19.424],[-72.23,19.429],[-72.224,19.429],[-72.224,19.435],[-72.23,19.435],[-72.235,19.435],[-72.235,19.44],[-72.241,19.44],[-72.246,19.44],[-72.246,19.446],[-72.252,19.446],[-72.252,19.451],[-72.252,19.457],[-72.257,19.457],[-72.257,19.462],[-72.257,19.468],[-72.252,19.473],[-72.252,19.479],[-72.257,19.473],[-72.257,19.479],[-72.263,19.473],[-72.268,19.473],[-72.274,19.468],[-72.274,19.462],[-72.284,19.468],[-72.29,19.468],[-72.295,19.468],[-72.301,19.468],[-72.307,19.468],[-72.312,19.462],[-72.317,19.462],[-72.323,19.462],[-72.328,19.462],[-72.328,19.468],[-72.328,19.473],[-72.323,19.473],[-72.323,19.479],[-72.323,19.484],[-72.317,19.49],[-72.323,19.49],[-72.323,19.495],[-72.328,19.495],[-72.328,19.501],[-72.328,19.506],[-72.328,19.512],[-72.323,19.512],[-72.323,19.517],[-72.323,19.523],[-72.323,19.528],[-72.328,19.528],[-72.328,19.534],[-72.323,19.539],[-72.323,19.545],[-72.323,19.55],[-72.323,19.556],[-72.317,19.556],[-72.317,19.561],[-72.323,19.561],[-72.323,19.567],[-72.323,19.572],[-72.328,19.572],[-72.334,19.572],[-72.339,19.572],[-72.345,19.572],[-72.351,19.572],[-72.356,19.572],[-72.362,19.572],[-72.362,19.567],[-72.367,19.567],[-72.367,19.572],[-72.367,19.578],[-72.362,19.578],[-72.362,19.583],[-72.362,19.589],[-72.367,19.589],[-72.372,19.589],[-72.378,19.589],[-72.378,19.583],[-72.383,19.583],[-72.383,19.578],[-72.389,19.578],[-72.389,19.572],[-72.389,19.567],[-72.394,19.561],[-72.4,19.561],[-72.4,19.567],[-72.405,19.567],[-72.411,19.567],[-72.411,19.572],[-72.416,19.572],[-72.416,19.567],[-72.422,19.567],[-72.422,19.561],[-72.422,19.556],[-72.422,19.55],[-72.416,19.55],[-72.416,19.545],[-72.416,19.539],[-72.422,19.534],[-72.427,19.528],[-72.433,19.523],[-72.438,19.528],[-72.438,19.523],[-72.444,19.523],[-72.449,19.523],[-72.455,19.523],[-72.46,19.528],[-72.466,19.528],[-72.471,19.534],[-72.477,19.539],[-72.482,19.545],[-72.488,19.545],[-72.493,19.556],[-72.499,19.561],[-72.504,19.561],[-72.51,19.561],[-72.515,19.567],[-72.521,19.572],[-72.521,19.578],[-72.515,19.578],[-72.515,19.583],[-72.521,19.583],[-72.526,19.578],[-72.532,19.583],[-72.537,19.583],[-72.537,19.589],[-72.543,19.589],[-72.543,19.594],[-72.543,19.6],[-72.548,19.605],[-72.554,19.611],[-72.554,19.616],[-72.559,19.616],[-72.559,19.622],[-72.565,19.627],[-72.57,19.633],[-72.57,19.638],[-72.57,19.644],[-72.57,19.649],[-72.57,19.654],[-72.576,19.66],[-72.576,19.671],[-72.576,19.677],[-72.581,19.677],[-72.587,19.677],[-72.592,19.682],[-72.598,19.682],[-72.603,19.682],[-72.603,19.688],[-72.609,19.688],[-72.609,19.693],[-72.614,19.693],[-72.614,19.698],[-72.614,19.704],[-72.609,19.698],[-72.603,19.709],[-72.598,19.715],[-72.598,19.721],[-72.598,19.726],[-72.603,19.742],[-72.609,19.748],[-72.609,19.753],[-72.614,19.753],[-72.614,19.759],[-72.62,19.759],[-72.625,19.759],[-72.625,19.753],[-72.625,19.748],[-72.625,19.742],[-72.631,19.742],[-72.636,19.742],[-72.642,19.742],[-72.647,19.748],[-72.647,19.753],[-72.647,19.759],[-72.647,19.765],[-72.642,19.77],[-72.636,19.776],[-72.642,19.787],[-72.658,19.787],[-72.653,19.776],[-72.658,19.776],[-72.664,19.776],[-72.669,19.776],[-72.675,19.781],[-72.675,19.787],[-72.675,19.792],[-72.68,19.797],[-72.68,19.803],[-72.68,19.808],[-72.685,19.808],[-72.691,19.808],[-72.696,19.814],[-72.702,19.814],[-72.708,19.814],[-72.713,19.814],[-72.719,19.814],[-72.724,19.814],[-72.724,19.808],[-72.729,19.808],[-72.729,19.803],[-72.729,19.797],[-72.735,19.797],[-72.735,19.792],[-72.74,19.792],[-72.74,19.787],[-72.74,19.781],[-72.746,19.781],[-72.752,19.787],[-72.757,19.787],[-72.763,19.787],[-72.768,19.787],[-72.773,19.781],[-72.779,19.781],[-72.779,19.776],[-72.784,19.776],[-72.784,19.77],[-72.79,19.77],[-72.795,19.765],[-72.801,19.765],[-72.801,19.759],[-72.806,19.759],[-72.806,19.753],[-72.812,19.753],[-72.812,19.748],[-72.812,19.742],[-72.812,19.737],[-72.817,19.737],[-72.823,19.737],[-72.823,19.732],[-72.828,19.732],[-72.834,19.732],[-72.839,19.732],[-72.839,19.726],[-72.839,19.721],[-72.839,19.715],[-72.845,19.715],[-72.856,19.715],[-72.861,19.715],[-72.867,19.709],[-72.872,19.709],[-72.878,19.709],[-72.883,19.709],[-72.889,19.709],[-72.894,19.709],[-72.9,19.715],[-72.905,19.715],[-72.916,19.715],[-72.922,19.715],[-72.927,19.715],[-72.927,19.721],[-72.922,19.726],[-72.927,19.732],[-72.933,19.726],[-72.938,19.726],[-72.944,19.726],[-72.949,19.726],[-72.955,19.726],[-72.96,19.726],[-72.966,19.726],[-72.971,19.726],[-72.977,19.726],[-72.977,19.721],[-72.982,19.726],[-72.988,19.721],[-72.993,19.721],[-72.999,19.726],[-73.004,19.726],[-73.01,19.726],[-73.01,19.732],[-73.015,19.732],[-73.021,19.732],[-73.026,19.732],[-73.032,19.732],[-73.032,19.737],[-73.037,19.737],[-73.043,19.742],[-73.048,19.742],[-73.054,19.742],[-73.059,19.742],[-73.059,19.737],[-73.065,19.737],[-73.07,19.732],[-73.076,19.732],[-73.081,19.732],[-73.081,19.726],[-73.081,19.721],[-73.086,19.721],[-73.086,19.715],[-73.092,19.709],[-73.097,19.709],[-73.103,19.704],[-73.103,19.698],[-73.109,19.698],[-73.114,19.698],[-73.114,19.704],[-73.12,19.704],[-73.12,19.698],[-73.12,19.693],[-73.12,19.688],[-73.12,19.682],[-73.12,19.677],[-73.12,19.671],[-73.125,19.666],[-73.125,19.66],[-73.13,19.654],[-73.13,19.649],[-73.136,19.649],[-73.136,19.644],[-73.136,19.638],[-73.13,19.638],[-73.13,19.633],[-73.125,19.633],[-73.12,19.633],[-73.114,19.638],[-73.109,19.638],[-73.097,19.638],[-73.092,19.638],[-73.086,19.638],[-73.081,19.633],[-73.076,19.633],[-73.07,19.633],[-73.065,19.633],[-73.059,19.627],[-73.054,19.627],[-73.048,19.622],[-73.043,19.622],[-73.043,19.616],[-73.037,19.616],[-73.037,19.611],[-73.032,19.611],[-73.026,19.611],[-73.026,19.605],[-73.021,19.605],[-73.015,19.605],[-73.01,19.605],[-73.01,19.6],[-73.004,19.6],[-73.004,19.605],[-72.999,19.605],[-72.999,19.6],[-72.999,19.594],[-72.993,19.589],[-72.988,19.594],[-72.988,19.589],[-72.982,19.589],[-72.982,19.583],[-72.977,19.583],[-72.977,19.578],[-72.971,19.578],[-72.966,19.572],[-72.96,19.572],[-72.955,19.567],[-72.949,19.567],[-72.944,19.567],[-72.933,19.561],[-72.927,19.561],[-72.922,19.556],[-72.916,19.556],[-72.911,19.55],[-72.9,19.545],[-72.894,19.539],[-72.889,19.539],[-72.883,19.539],[-72.878,19.539],[-72.872,19.539],[-72.867,19.534],[-72.861,19.528],[-72.856,19.528],[-72.85,19.528],[-72.845,19.523],[-72.839,19.517],[-72.839,19.512],[-72.834,19.512],[-72.828,19.512],[-72.823,19.512],[-72.817,19.506],[-72.817,19.501],[-72.812,19.501],[-72.801,19.49],[-72.795,19.479],[-72.784,19.473],[-72.784,19.468],[-72.779,19.462],[-72.779,19.457],[-72.773,19.451],[-72.773,19.446],[-72.768,19.446],[-72.763,19.446],[-72.757,19.446],[-72.757,19.44],[-72.752,19.44],[-72.746,19.44],[-72.74,19.446],[-72.735,19.446],[-72.729,19.446],[-72.729,19.451],[-72.724,19.451],[-72.719,19.451],[-72.719,19.446],[-72.713,19.446],[-72.713,19.451],[-72.708,19.451],[-72.708,19.457],[-72.702,19.457],[-72.702,19.451],[-72.702,19.446],[-72.702,19.44],[-72.702,19.429],[-72.702,19.424],[-72.691,19.418],[-72.691,19.413],[-72.685,19.407],[-72.685,19.402],[-72.691,19.402],[-72.696,19.402],[-72.696,19.396],[-72.702,19.396],[-72.702,19.391],[-72.713,19.396],[-72.713,19.402],[-72.708,19.402],[-72.708,19.407],[-72.713,19.407],[-72.713,19.413],[-72.719,19.413],[-72.719,19.418],[-72.713,19.424],[-72.719,19.429],[-72.724,19.429],[-72.729,19.424],[-72.729,19.418],[-72.729,19.413],[-72.735,19.407],[-72.735,19.402],[-72.735,19.396],[-72.729,19.396],[-72.724,19.396],[-72.719,19.391],[-72.719,19.386],[-72.719,19.38],[-72.724,19.375],[-72.724,19.369],[-72.729,19.369],[-72.735,19.364],[-72.74,19.364],[-72.746,19.364],[-72.746,19.369],[-72.746,19.375],[-72.752,19.375],[-72.757,19.375],[-72.763,19.375],[-72.768,19.369],[-72.773,19.364],[-72.773,19.358],[-72.773,19.352],[-72.773,19.347],[-72.779,19.347],[-72.773,19.341],[-72.773,19.336],[-72.768,19.341],[-72.768,19.336],[-72.763,19.341],[-72.763,19.336],[-72.763,19.331],[-72.763,19.325],[-72.757,19.325],[-72.757,19.32],[-72.752,19.32],[-72.746,19.32],[-72.74,19.32],[-72.735,19.325],[-72.729,19.325],[-72.729,19.314],[-72.735,19.308],[-72.729,19.308],[-72.724,19.303],[-72.719,19.303],[-72.719,19.297],[-72.719,19.292],[-72.724,19.287],[-72.724,19.281],[-72.729,19.281],[-72.735,19.287],[-72.729,19.287],[-72.735,19.292],[-72.74,19.292],[-72.746,19.281],[-72.746,19.276],[-72.752,19.276],[-72.757,19.281],[-72.763,19.281],[-72.768,19.281],[-72.773,19.281],[-72.779,19.281],[-72.779,19.276],[-72.779,19.27],[-72.779,19.265],[-72.779,19.259],[-72.779,19.253],[-72.779,19.248],[-72.779,19.243],[-72.779,19.237],[-72.79,19.237],[-72.79,19.232],[-72.784,19.226],[-72.779,19.226]]]]}},{"type":"Feature","properties":{"atmart_geo_id":"HTE-412007","pcode":"412007","region_id_dhs":"HTDHS2016412007","nom_fr":"Centre","nom_source":"Centre","niveau_admin":"enquete"},"geometry":{"type":"MultiPolygon","coordinates":[[[[-71.829,18.963],[-71.823,18.968],[-71.829,18.968],[-71.829,18.963]]],[[[-71.982,19.336],[-71.988,19.336],[-71.988,19.331],[-71.993,19.331],[-71.999,19.325],[-72.004,19.325],[-72.01,19.325],[-72.015,19.325],[-72.021,19.325],[-72.021,19.32],[-72.021,19.314],[-72.026,19.314],[-72.026,19.308],[-72.032,19.308],[-72.032,19.303],[-72.037,19.303],[-72.043,19.303],[-72.048,19.303],[-72.048,19.297],[-72.054,19.297],[-72.059,19.297],[-72.059,19.292],[-72.065,19.292],[-72.07,19.287],[-72.076,19.287],[-72.076,19.281],[-72.081,19.281],[-72.081,19.276],[-72.087,19.276],[-72.087,19.27],[-72.092,19.27],[-72.092,19.265],[-72.098,19.265],[-72.103,19.265],[-72.109,19.265],[-72.114,19.265],[-72.12,19.265],[-72.125,19.265],[-72.125,19.259],[-72.131,19.259],[-72.131,19.253],[-72.136,19.253],[-72.142,19.259],[-72.147,19.259],[-72.153,19.259],[-72.153,19.265],[-72.153,19.27],[-72.158,19.27],[-72.158,19.276],[-72.158,19.281],[-72.164,19.281],[-72.169,19.287],[-72.175,19.287],[-72.18,19.287],[-72.18,19.292],[-72.186,19.292],[-72.186,19.297],[-72.191,19.297],[-72.197,19.297],[-72.202,19.297],[-72.208,19.297],[-72.208,19.292],[-72.213,19.292],[-72.213,19.287],[-72.219,19.287],[-72.219,19.281],[-72.224,19.281],[-72.224,19.276],[-72.23,19.276],[-72.235,19.276],[-72.235,19.27],[-72.241,19.27],[-72.241,19.265],[-72.241,19.259],[-72.241,19.253],[-72.241,19.248],[-72.241,19.243],[-72.241,19.237],[-72.241,19.232],[-72.246,19.232],[-72.252,19.232],[-72.252,19.226],[-72.257,19.226],[-72.263,19.221],[-72.263,19.215],[-72.263,19.21],[-72.257,19.21],[-72.257,19.204],[-72.257,19.199],[-72.263,19.199],[-72.263,19.193],[-72.263,19.188],[-72.263,19.182],[-72.263,19.177],[-72.257,19.171],[-72.257,19.166],[-72.257,19.16],[-72.252,19.16],[-72.246,19.16],[-72.246,19.155],[-72.241,19.155],[-72.241,19.149],[-72.235,19.149],[-72.235,19.144],[-72.23,19.144],[-72.23,19.138],[-72.224,19.138],[-72.224,19.133],[-72.219,19.133],[-72.219,19.127],[-72.224,19.127],[-72.23,19.122],[-72.235,19.122],[-72.241,19.116],[-72.241,19.111],[-72.241,19.105],[-72.241,19.1],[-72.235,19.1],[-72.235,19.094],[-72.23,19.094],[-72.23,19.089],[-72.224,19.089],[-72.224,19.083],[-72.224,19.078],[-72.224,19.072],[-72.23,19.072],[-72.23,19.067],[-72.23,19.061],[-72.23,19.056],[-72.235,19.056],[-72.241,19.05],[-72.241,19.045],[-72.241,19.039],[-72.241,19.034],[-72.246,19.034],[-72.246,19.028],[-72.246,19.023],[-72.246,19.017],[-72.246,19.012],[-72.241,19.006],[-72.235,19.001],[-72.235,18.995],[-72.241,18.99],[-72.241,18.985],[-72.241,18.979],[-72.241,18.974],[-72.241,18.968],[-72.235,18.968],[-72.235,18.963],[-72.23,18.963],[-72.23,18.957],[-72.224,18.957],[-72.224,18.951],[-72.224,18.946],[-72.23,18.946],[-72.235,18.94],[-72.235,18.935],[-72.241,18.93],[-72.241,18.924],[-72.246,18.919],[-72.241,18.919],[-72.241,18.913],[-72.246,18.913],[-72.246,18.907],[-72.246,18.902],[-72.246,18.896],[-72.246,18.891],[-72.246,18.886],[-72.246,18.88],[-72.246,18.875],[-72.246,18.869],[-72.252,18.869],[-72.252,18.864],[-72.252,18.858],[-72.257,18.858],[-72.263,18.858],[-72.263,18.864],[-72.268,18.864],[-72.274,18.864],[-72.279,18.858],[-72.284,18.864],[-72.29,18.864],[-72.295,18.864],[-72.301,18.864],[-72.307,18.864],[-72.312,18.858],[-72.317,18.858],[-72.323,18.864],[-72.328,18.864],[-72.334,18.864],[-72.339,18.869],[-72.345,18.864],[-72.351,18.869],[-72.356,18.869],[-72.362,18.869],[-72.367,18.864],[-72.362,18.864],[-72.362,18.858],[-72.356,18.852],[-72.351,18.852],[-72.339,18.842],[-72.334,18.836],[-72.334,18.831],[-72.328,18.831],[-72.323,18.82],[-72.323,18.814],[-72.317,18.814],[-72.312,18.814],[-72.307,18.814],[-72.301,18.82],[-72.295,18.82],[-72.29,18.82],[-72.284,18.82],[-72.279,18.814],[-72.279,18.809],[-72.274,18.809],[-72.274,18.803],[-72.274,18.798],[-72.268,18.792],[-72.263,18.792],[-72.263,18.787],[-72.257,18.787],[-72.252,18.787],[-72.252,18.781],[-72.246,18.781],[-72.241,18.781],[-72.235,18.776],[-72.23,18.776],[-72.224,18.776],[-72.224,18.77],[-72.219,18.776],[-72.213,18.77],[-72.208,18.765],[-72.208,18.759],[-72.202,18.754],[-72.202,18.759],[-72.197,18.754],[-72.197,18.748],[-72.197,18.743],[-72.202,18.743],[-72.197,18.737],[-72.197,18.732],[-72.191,18.726],[-72.186,18.721],[-72.18,18.715],[-72.175,18.71],[-72.169,18.704],[-72.164,18.704],[-72.164,18.699],[-72.158,18.699],[-72.153,18.699],[-72.147,18.693],[-72.142,18.699],[-72.136,18.699],[-72.136,18.704],[-72.131,18.704],[-72.125,18.704],[-72.114,18.704],[-72.109,18.71],[-72.103,18.71],[-72.098,18.71],[-72.092,18.71],[-72.087,18.715],[-72.087,18.721],[-72.081,18.726],[-72.081,18.732],[-72.076,18.737],[-72.07,18.732],[-72.07,18.726],[-72.07,18.721],[-72.065,18.721],[-72.059,18.721],[-72.054,18.721],[-72.043,18.721],[-72.037,18.721],[-72.037,18.726],[-72.026,18.726],[-72.021,18.726],[-72.015,18.726],[-72.015,18.732],[-72.01,18.737],[-72.004,18.737],[-72.004,18.732],[-71.999,18.732],[-71.993,18.732],[-71.988,18.737],[-71.982,18.737],[-71.977,18.732],[-71.977,18.737],[-71.971,18.743],[-71.971,18.748],[-71.966,18.743],[-71.96,18.743],[-71.955,18.743],[-71.95,18.737],[-71.944,18.737],[-71.938,18.737],[-71.927,18.737],[-71.922,18.737],[-71.922,18.732],[-71.916,18.732],[-71.911,18.732],[-71.906,18.726],[-71.9,18.721],[-71.894,18.721],[-71.889,18.721],[-71.883,18.721],[-71.878,18.721],[-71.873,18.721],[-71.862,18.721],[-71.851,18.721],[-71.845,18.715],[-71.84,18.71],[-71.834,18.71],[-71.829,18.704],[-71.823,18.699],[-71.818,18.699],[-71.812,18.693],[-71.812,18.688],[-71.807,18.688],[-71.801,18.693],[-71.801,18.688],[-71.796,18.688],[-71.79,18.688],[-71.79,18.693],[-71.785,18.693],[-71.785,18.699],[-71.79,18.699],[-71.79,18.704],[-71.785,18.704],[-71.774,18.71],[-71.768,18.71],[-71.768,18.715],[-71.741,18.721],[-71.73,18.765],[-71.724,18.803],[-71.724,18.825],[-71.719,18.831],[-71.719,18.836],[-71.724,18.836],[-71.724,18.842],[-71.724,18.847],[-71.724,18.852],[-71.724,18.858],[-71.724,18.864],[-71.724,18.869],[-71.724,18.875],[-71.724,18.88],[-71.73,18.875],[-71.735,18.88],[-71.735,18.886],[-71.735,18.891],[-71.741,18.891],[-71.746,18.891],[-71.746,18.896],[-71.752,18.896],[-71.752,18.902],[-71.757,18.902],[-71.757,18.907],[-71.763,18.907],[-71.768,18.907],[-71.785,18.946],[-71.785,18.951],[-71.779,18.951],[-71.779,18.957],[-71.785,18.957],[-71.79,18.957],[-71.796,18.957],[-71.801,18.957],[-71.807,18.957],[-71.807,18.963],[-71.812,18.963],[-71.818,18.963],[-71.823,18.963],[-71.829,18.963],[-71.834,18.963],[-71.834,18.968],[-71.84,18.968],[-71.845,18.968],[-71.845,18.963],[-71.84,18.963],[-71.84,18.957],[-71.845,18.957],[-71.845,18.963],[-71.851,18.963],[-71.851,18.957],[-71.856,18.957],[-71.856,18.963],[-71.862,18.963],[-71.862,18.957],[-71.862,18.951],[-71.862,18.946],[-71.867,18.946],[-71.873,18.946],[-71.873,18.951],[-71.878,18.946],[-71.878,18.94],[-71.883,18.94],[-71.883,18.946],[-71.883,18.951],[-71.883,18.957],[-71.878,18.957],[-71.873,18.957],[-71.873,18.963],[-71.873,18.968],[-71.878,18.968],[-71.878,18.974],[-71.873,18.974],[-71.867,18.974],[-71.867,18.979],[-71.867,18.985],[-71.862,18.985],[-71.862,18.979],[-71.856,18.979],[-71.856,18.985],[-71.851,18.985],[-71.851,18.99],[-71.845,18.99],[-71.845,18.995],[-71.845,19.001],[-71.84,19.001],[-71.834,19.001],[-71.834,19.006],[-71.829,19.006],[-71.829,19.001],[-71.829,18.995],[-71.823,18.995],[-71.818,18.995],[-71.812,18.995],[-71.812,19.001],[-71.807,19.001],[-71.807,19.006],[-71.801,19.006],[-71.796,19.006],[-71.796,19.001],[-71.796,18.995],[-71.79,18.995],[-71.785,18.995],[-71.785,19.001],[-71.79,19.001],[-71.79,19.006],[-71.79,19.012],[-71.785,19.012],[-71.779,19.012],[-71.774,19.012],[-71.779,19.017],[-71.779,19.023],[-71.774,19.023],[-71.774,19.028],[-71.774,19.034],[-71.768,19.034],[-71.768,19.028],[-71.763,19.028],[-71.763,19.034],[-71.763,19.039],[-71.757,19.039],[-71.752,19.039],[-71.752,19.045],[-71.746,19.045],[-71.741,19.045],[-71.735,19.045],[-71.735,19.05],[-71.73,19.05],[-71.724,19.05],[-71.724,19.056],[-71.719,19.061],[-71.719,19.067],[-71.719,19.072],[-71.713,19.072],[-71.708,19.072],[-71.708,19.067],[-71.702,19.072],[-71.702,19.078],[-71.708,19.078],[-71.713,19.078],[-71.713,19.083],[-71.708,19.083],[-71.702,19.083],[-71.702,19.089],[-71.697,19.089],[-71.697,19.094],[-71.702,19.094],[-71.702,19.1],[-71.708,19.1],[-71.708,19.105],[-71.702,19.105],[-71.697,19.105],[-71.691,19.105],[-71.686,19.105],[-71.68,19.105],[-71.68,19.111],[-71.68,19.116],[-71.675,19.116],[-71.669,19.116],[-71.664,19.116],[-71.658,19.116],[-71.653,19.116],[-71.653,19.122],[-71.647,19.122],[-71.647,19.127],[-71.647,19.133],[-71.647,19.138],[-71.653,19.138],[-71.653,19.144],[-71.647,19.144],[-71.642,19.144],[-71.642,19.149],[-71.647,19.149],[-71.647,19.155],[-71.642,19.155],[-71.642,19.16],[-71.647,19.16],[-71.647,19.166],[-71.642,19.166],[-71.636,19.166],[-71.636,19.171],[-71.636,19.177],[-71.636,19.182],[-71.631,19.182],[-71.625,19.182],[-71.625,19.188],[-71.631,19.188],[-71.636,19.188],[-71.636,19.193],[-71.636,19.199],[-71.636,19.204],[-71.631,19.204],[-71.625,19.204],[-71.62,19.204],[-71.62,19.21],[-71.625,19.21],[-71.631,19.21],[-71.631,19.215],[-71.636,19.215],[-71.636,19.221],[-71.636,19.226],[-71.636,19.232],[-71.642,19.232],[-71.647,19.232],[-71.653,19.232],[-71.658,19.232],[-71.664,19.232],[-71.669,19.232],[-71.669,19.237],[-71.675,19.237],[-71.675,19.232],[-71.68,19.232],[-71.68,19.237],[-71.686,19.237],[-71.691,19.237],[-71.691,19.243],[-71.697,19.243],[-71.702,19.243],[-71.702,19.248],[-71.708,19.248],[-71.708,19.253],[-71.708,19.259],[-71.713,19.259],[-71.713,19.265],[-71.719,19.265],[-71.724,19.265],[-71.724,19.27],[-71.724,19.276],[-71.73,19.276],[-71.73,19.27],[-71.73,19.265],[-71.735,19.265],[-71.735,19.27],[-71.741,19.27],[-71.741,19.276],[-71.746,19.276],[-71.752,19.281],[-71.757,19.281],[-71.757,19.276],[-71.763,19.276],[-71.768,19.276],[-71.768,19.27],[-71.774,19.27],[-71.774,19.265],[-71.774,19.259],[-71.779,19.259],[-71.785,19.259],[-71.785,19.265],[-71.79,19.259],[-71.796,19.259],[-71.801,19.259],[-71.807,19.265],[-71.812,19.265],[-71.818,19.265],[-71.823,19.265],[-71.829,19.265],[-71.834,19.265],[-71.84,19.265],[-71.845,19.265],[-71.851,19.27],[-71.856,19.27],[-71.856,19.276],[-71.862,19.276],[-71.867,19.281],[-71.867,19.276],[-71.873,19.276],[-71.878,19.276],[-71.883,19.276],[-71.889,19.276],[-71.894,19.276],[-71.9,19.276],[-71.9,19.281],[-71.906,19.287],[-71.911,19.287],[-71.911,19.292],[-71.906,19.292],[-71.906,19.297],[-71.911,19.297],[-71.916,19.303],[-71.916,19.308],[-71.922,19.308],[-71.927,19.308],[-71.933,19.308],[-71.938,19.308],[-71.944,19.308],[-71.95,19.308],[-71.955,19.314],[-71.96,19.314],[-71.966,19.314],[-71.966,19.32],[-71.971,19.325],[-71.977,19.325],[-71.977,19.331],[-71.982,19.336]]]]}},{"type":"Feature","properties":{"atmart_geo_id":"HTE-412010","pcode":"412010","region_id_dhs":"HTDHS2016412010","nom_fr":"Grand'Anse","nom_source":"Grande-Anse","niveau_admin":"enquete"},"geometry":{"type":"MultiPolygon","coordinates":[[[[-73.735,18.556],[-73.729,18.556],[-73.729,18.562],[-73.735,18.562],[-73.735,18.556]]],[[[-73.724,18.562],[-73.729,18.567],[-73.729,18.562],[-73.724,18.562]]],[[[-73.845,18.584],[-73.845,18.589],[-73.85,18.589],[-73.85,18.584],[-73.845,18.584]]],[[[-73.806,18.605],[-73.806,18.611],[-73.812,18.611],[-73.817,18.611],[-73.817,18.605],[-73.812,18.6],[-73.806,18.6],[-73.806,18.605]]],[[[-73.757,18.584],[-73.751,18.584],[-73.746,18.578],[-73.74,18.578],[-73.735,18.578],[-73.735,18.584],[-73.724,18.589],[-73.718,18.589],[-73.718,18.594],[-73.713,18.594],[-73.702,18.605],[-73.702,18.611],[-73.702,18.622],[-73.707,18.627],[-73.713,18.627],[-73.718,18.627],[-73.718,18.633],[-73.724,18.633],[-73.729,18.633],[-73.74,18.633],[-73.746,18.638],[-73.751,18.638],[-73.751,18.644],[-73.757,18.644],[-73.762,18.644],[-73.768,18.644],[-73.768,18.638],[-73.773,18.638],[-73.779,18.638],[-73.779,18.633],[-73.784,18.627],[-73.79,18.627],[-73.795,18.622],[-73.801,18.616],[-73.801,18.611],[-73.801,18.605],[-73.801,18.6],[-73.795,18.6],[-73.795,18.594],[-73.79,18.594],[-73.784,18.594],[-73.779,18.594],[-73.779,18.589],[-73.773,18.589],[-73.768,18.589],[-73.768,18.584],[-73.762,18.584],[-73.757,18.578],[-73.757,18.584]]],[[[-74.086,18.622],[-74.092,18.627],[-74.097,18.627],[-74.103,18.627],[-74.108,18.633],[-74.114,18.638],[-74.114,18.644],[-74.114,18.649],[-74.119,18.649],[-74.125,18.655],[-74.13,18.649],[-74.136,18.66],[-74.141,18.66],[-74.147,18.66],[-74.158,18.666],[-74.163,18.666],[-74.169,18.666],[-74.174,18.666],[-74.18,18.666],[-74.185,18.671],[-74.191,18.671],[-74.196,18.671],[-74.218,18.671],[-74.224,18.671],[-74.229,18.671],[-74.235,18.671],[-74.24,18.671],[-74.24,18.666],[-74.246,18.666],[-74.251,18.666],[-74.257,18.671],[-74.262,18.671],[-74.268,18.666],[-74.268,18.66],[-74.273,18.655],[-74.279,18.655],[-74.279,18.649],[-74.284,18.644],[-74.284,18.649],[-74.29,18.649],[-74.29,18.655],[-74.295,18.66],[-74.306,18.66],[-74.312,18.655],[-74.306,18.655],[-74.306,18.649],[-74.312,18.649],[-74.317,18.649],[-74.317,18.655],[-74.323,18.655],[-74.328,18.655],[-74.334,18.655],[-74.339,18.644],[-74.344,18.649],[-74.35,18.644],[-74.356,18.644],[-74.361,18.638],[-74.367,18.638],[-74.372,18.633],[-74.377,18.633],[-74.383,18.638],[-74.388,18.644],[-74.394,18.638],[-74.394,18.633],[-74.399,18.627],[-74.41,18.627],[-74.41,18.622],[-74.416,18.622],[-74.421,18.616],[-74.427,18.616],[-74.427,18.611],[-74.427,18.605],[-74.432,18.605],[-74.432,18.6],[-74.427,18.6],[-74.427,18.594],[-74.421,18.594],[-74.416,18.589],[-74.416,18.584],[-74.421,18.578],[-74.421,18.573],[-74.427,18.562],[-74.427,18.556],[-74.432,18.55],[-74.438,18.55],[-74.438,18.545],[-74.438,18.539],[-74.438,18.534],[-74.443,18.534],[-74.449,18.529],[-74.449,18.523],[-74.443,18.523],[-74.443,18.518],[-74.449,18.512],[-74.449,18.507],[-74.454,18.507],[-74.454,18.501],[-74.46,18.495],[-74.465,18.49],[-74.46,18.485],[-74.454,18.485],[-74.454,18.474],[-74.454,18.468],[-74.465,18.463],[-74.46,18.463],[-74.465,18.457],[-74.465,18.451],[-74.471,18.446],[-74.476,18.446],[-74.471,18.441],[-74.476,18.441],[-74.476,18.435],[-74.476,18.43],[-74.482,18.43],[-74.482,18.424],[-74.476,18.424],[-74.476,18.419],[-74.476,18.413],[-74.471,18.413],[-74.465,18.408],[-74.46,18.408],[-74.46,18.402],[-74.454,18.397],[-74.449,18.391],[-74.454,18.38],[-74.454,18.375],[-74.454,18.369],[-74.449,18.369],[-74.449,18.364],[-74.449,18.358],[-74.443,18.358],[-74.438,18.358],[-74.438,18.364],[-74.432,18.364],[-74.432,18.358],[-74.427,18.358],[-74.421,18.358],[-74.416,18.358],[-74.41,18.358],[-74.405,18.358],[-74.399,18.358],[-74.394,18.358],[-74.388,18.358],[-74.388,18.364],[-74.383,18.364],[-74.383,18.358],[-74.377,18.358],[-74.377,18.364],[-74.372,18.364],[-74.372,18.358],[-74.367,18.358],[-74.367,18.364],[-74.361,18.364],[-74.361,18.358],[-74.356,18.358],[-74.356,18.364],[-74.35,18.364],[-74.344,18.364],[-74.339,18.364],[-74.334,18.364],[-74.328,18.358],[-74.328,18.364],[-74.323,18.364],[-74.317,18.364],[-74.312,18.364],[-74.312,18.369],[-74.306,18.369],[-74.3,18.375],[-74.295,18.38],[-74.295,18.386],[-74.295,18.391],[-74.295,18.397],[-74.284,18.391],[-74.284,18.386],[-74.279,18.386],[-74.279,18.38],[-74.273,18.38],[-74.268,18.38],[-74.262,18.375],[-74.251,18.375],[-74.246,18.375],[-74.24,18.375],[-74.235,18.375],[-74.229,18.38],[-74.224,18.38],[-74.218,18.386],[-74.224,18.386],[-74.218,18.391],[-74.218,18.397],[-74.218,18.402],[-74.213,18.402],[-74.207,18.397],[-74.202,18.397],[-74.196,18.397],[-74.191,18.397],[-74.18,18.391],[-74.174,18.397],[-74.174,18.391],[-74.163,18.397],[-74.158,18.397],[-74.147,18.397],[-74.136,18.402],[-74.13,18.402],[-74.125,18.397],[-74.119,18.397],[-74.114,18.397],[-74.108,18.402],[-74.103,18.402],[-74.097,18.402],[-74.086,18.408],[-74.081,18.408],[-74.075,18.408],[-74.07,18.408],[-74.07,18.402],[-74.064,18.402],[-74.059,18.402],[-74.053,18.397],[-74.048,18.391],[-74.042,18.386],[-74.037,18.386],[-74.031,18.386],[-74.02,18.38],[-74.015,18.38],[-74.009,18.386],[-74.004,18.386],[-73.998,18.38],[-73.993,18.38],[-73.987,18.375],[-73.982,18.375],[-73.976,18.375],[-73.976,18.369],[-73.971,18.369],[-73.966,18.369],[-73.96,18.369],[-73.955,18.369],[-73.949,18.369],[-73.943,18.369],[-73.938,18.369],[-73.933,18.369],[-73.933,18.364],[-73.927,18.364],[-73.922,18.364],[-73.916,18.364],[-73.911,18.364],[-73.905,18.364],[-73.899,18.364],[-73.894,18.364],[-73.894,18.369],[-73.894,18.375],[-73.899,18.375],[-73.899,18.38],[-73.905,18.386],[-73.905,18.391],[-73.905,18.397],[-73.905,18.402],[-73.899,18.402],[-73.894,18.402],[-73.888,18.402],[-73.888,18.408],[-73.883,18.408],[-73.878,18.408],[-73.872,18.408],[-73.867,18.408],[-73.861,18.408],[-73.856,18.408],[-73.85,18.408],[-73.845,18.408],[-73.839,18.408],[-73.834,18.413],[-73.828,18.413],[-73.823,18.413],[-73.817,18.413],[-73.806,18.419],[-73.801,18.419],[-73.795,18.419],[-73.79,18.424],[-73.784,18.424],[-73.779,18.424],[-73.779,18.441],[-73.773,18.441],[-73.773,18.446],[-73.773,18.451],[-73.773,18.457],[-73.768,18.457],[-73.768,18.463],[-73.768,18.468],[-73.757,18.468],[-73.757,18.474],[-73.751,18.474],[-73.746,18.474],[-73.74,18.479],[-73.74,18.485],[-73.74,18.49],[-73.746,18.49],[-73.751,18.49],[-73.757,18.495],[-73.762,18.495],[-73.768,18.495],[-73.768,18.501],[-73.768,18.507],[-73.762,18.512],[-73.757,18.512],[-73.751,18.518],[-73.746,18.523],[-73.74,18.529],[-73.74,18.534],[-73.735,18.534],[-73.735,18.539],[-73.729,18.539],[-73.729,18.545],[-73.735,18.545],[-73.74,18.545],[-73.746,18.545],[-73.751,18.545],[-73.757,18.545],[-73.757,18.539],[-73.762,18.539],[-73.768,18.539],[-73.773,18.539],[-73.779,18.539],[-73.784,18.539],[-73.79,18.539],[-73.795,18.545],[-73.801,18.545],[-73.801,18.55],[-73.806,18.55],[-73.812,18.55],[-73.812,18.556],[-73.817,18.556],[-73.823,18.556],[-73.823,18.562],[-73.828,18.562],[-73.834,18.562],[-73.834,18.567],[-73.839,18.567],[-73.845,18.567],[-73.85,18.567],[-73.856,18.567],[-73.861,18.567],[-73.867,18.567],[-73.872,18.567],[-73.878,18.567],[-73.888,18.567],[-73.899,18.567],[-73.905,18.567],[-73.905,18.573],[-73.911,18.573],[-73.916,18.573],[-73.916,18.578],[-73.911,18.584],[-73.916,18.584],[-73.922,18.584],[-73.916,18.589],[-73.922,18.589],[-73.927,18.589],[-73.933,18.594],[-73.933,18.589],[-73.938,18.589],[-73.943,18.589],[-73.949,18.589],[-73.955,18.594],[-73.96,18.6],[-73.971,18.6],[-73.976,18.6],[-73.982,18.6],[-73.987,18.6],[-73.993,18.6],[-73.998,18.6],[-74.004,18.6],[-74.009,18.6],[-74.015,18.6],[-74.031,18.6],[-74.037,18.6],[-74.042,18.6],[-74.048,18.605],[-74.053,18.605],[-74.059,18.605],[-74.064,18.605],[-74.07,18.611],[-74.075,18.611],[-74.081,18.616],[-74.086,18.616],[-74.086,18.622]]]]}},{"type":"Feature","properties":{"atmart_geo_id":"HTE-412011","pcode":"412011","region_id_dhs":"HTDHS2016412011","nom_fr":"Nippes","nom_source":"Nippes","niveau_admin":"enquete"},"geometry":{"type":"MultiPolygon","coordinates":[[[[-73.015,18.226],[-73.015,18.221],[-73.01,18.221],[-73.015,18.226]]],[[[-73.097,18.446],[-73.097,18.451],[-73.103,18.451],[-73.097,18.446]]],[[[-73.114,18.457],[-73.12,18.463],[-73.12,18.457],[-73.114,18.457]]],[[[-73.109,18.468],[-73.103,18.463],[-73.103,18.468],[-73.109,18.468]]],[[[-73.652,18.523],[-73.658,18.523],[-73.663,18.518],[-73.669,18.518],[-73.669,18.512],[-73.663,18.512],[-73.658,18.512],[-73.652,18.518],[-73.652,18.523]]],[[[-73.554,18.512],[-73.554,18.518],[-73.554,18.523],[-73.559,18.523],[-73.559,18.518],[-73.554,18.512]]],[[[-73.575,18.534],[-73.575,18.529],[-73.57,18.529],[-73.565,18.529],[-73.559,18.529],[-73.559,18.534],[-73.565,18.534],[-73.57,18.534],[-73.575,18.534]]],[[[-73.575,18.534],[-73.575,18.539],[-73.581,18.539],[-73.586,18.539],[-73.586,18.534],[-73.581,18.534],[-73.575,18.534]]],[[[-73.586,18.545],[-73.592,18.545],[-73.592,18.539],[-73.586,18.539],[-73.586,18.545]]],[[[-73.674,18.55],[-73.674,18.556],[-73.68,18.556],[-73.68,18.55],[-73.674,18.55]]],[[[-73.636,18.507],[-73.641,18.507],[-73.641,18.501],[-73.647,18.501],[-73.652,18.501],[-73.658,18.495],[-73.663,18.495],[-73.669,18.501],[-73.669,18.507],[-73.674,18.507],[-73.674,18.512],[-73.669,18.518],[-73.674,18.518],[-73.669,18.523],[-73.669,18.529],[-73.663,18.529],[-73.663,18.534],[-73.658,18.539],[-73.663,18.539],[-73.669,18.539],[-73.674,18.539],[-73.68,18.539],[-73.68,18.545],[-73.685,18.539],[-73.685,18.545],[-73.691,18.539],[-73.696,18.539],[-73.696,18.545],[-73.702,18.539],[-73.707,18.539],[-73.713,18.539],[-73.713,18.545],[-73.707,18.545],[-73.702,18.545],[-73.696,18.55],[-73.691,18.55],[-73.685,18.55],[-73.685,18.556],[-73.685,18.562],[-73.68,18.562],[-73.674,18.562],[-73.669,18.556],[-73.663,18.556],[-73.669,18.55],[-73.663,18.55],[-73.652,18.55],[-73.647,18.55],[-73.647,18.556],[-73.641,18.556],[-73.63,18.556],[-73.625,18.556],[-73.619,18.55],[-73.614,18.55],[-73.608,18.55],[-73.597,18.55],[-73.592,18.55],[-73.581,18.556],[-73.575,18.562],[-73.575,18.567],[-73.57,18.573],[-73.565,18.578],[-73.565,18.584],[-73.57,18.584],[-73.575,18.589],[-73.581,18.589],[-73.581,18.584],[-73.592,18.584],[-73.597,18.584],[-73.603,18.584],[-73.608,18.584],[-73.614,18.584],[-73.625,18.584],[-73.63,18.584],[-73.63,18.578],[-73.636,18.578],[-73.641,18.578],[-73.647,18.573],[-73.652,18.573],[-73.658,18.573],[-73.669,18.573],[-73.674,18.573],[-73.68,18.573],[-73.685,18.573],[-73.691,18.578],[-73.702,18.578],[-73.702,18.573],[-73.707,18.573],[-73.718,18.567],[-73.724,18.567],[-73.724,18.562],[-73.724,18.556],[-73.724,18.55],[-73.729,18.55],[-73.735,18.55],[-73.735,18.545],[-73.729,18.545],[-73.729,18.539],[-73.735,18.539],[-73.735,18.534],[-73.74,18.534],[-73.74,18.529],[-73.746,18.523],[-73.751,18.518],[-73.757,18.512],[-73.762,18.512],[-73.768,18.507],[-73.768,18.501],[-73.768,18.495],[-73.762,18.495],[-73.757,18.495],[-73.751,18.49],[-73.746,18.49],[-73.74,18.49],[-73.74,18.485],[-73.74,18.479],[-73.746,18.474],[-73.751,18.474],[-73.757,18.474],[-73.757,18.468],[-73.768,18.468],[-73.768,18.463],[-73.768,18.457],[-73.773,18.457],[-73.773,18.451],[-73.773,18.446],[-73.773,18.441],[-73.779,18.441],[-73.779,18.424],[-73.779,18.419],[-73.773,18.419],[-73.768,18.419],[-73.762,18.424],[-73.757,18.424],[-73.751,18.424],[-73.746,18.424],[-73.746,18.419],[-73.74,18.419],[-73.735,18.413],[-73.724,18.413],[-73.718,18.413],[-73.713,18.419],[-73.707,18.419],[-73.702,18.419],[-73.696,18.413],[-73.691,18.408],[-73.685,18.402],[-73.68,18.402],[-73.68,18.397],[-73.674,18.397],[-73.674,18.402],[-73.669,18.402],[-73.669,18.408],[-73.674,18.413],[-73.674,18.419],[-73.669,18.424],[-73.674,18.43],[-73.669,18.43],[-73.669,18.435],[-73.663,18.43],[-73.658,18.43],[-73.658,18.424],[-73.652,18.424],[-73.652,18.43],[-73.647,18.43],[-73.641,18.43],[-73.641,18.424],[-73.63,18.424],[-73.625,18.424],[-73.619,18.424],[-73.608,18.43],[-73.608,18.424],[-73.603,18.424],[-73.603,18.419],[-73.597,18.419],[-73.592,18.419],[-73.586,18.419],[-73.581,18.419],[-73.581,18.413],[-73.581,18.408],[-73.575,18.408],[-73.575,18.402],[-73.57,18.402],[-73.565,18.402],[-73.559,18.402],[-73.559,18.397],[-73.559,18.391],[-73.554,18.391],[-73.548,18.391],[-73.548,18.386],[-73.542,18.386],[-73.537,18.386],[-73.542,18.38],[-73.542,18.375],[-73.548,18.375],[-73.554,18.375],[-73.554,18.369],[-73.554,18.364],[-73.559,18.358],[-73.554,18.353],[-73.559,18.347],[-73.554,18.336],[-73.542,18.336],[-73.537,18.336],[-73.531,18.336],[-73.526,18.336],[-73.521,18.336],[-73.515,18.336],[-73.51,18.336],[-73.504,18.336],[-73.498,18.336],[-73.493,18.336],[-73.493,18.342],[-73.487,18.342],[-73.482,18.342],[-73.477,18.342],[-73.471,18.342],[-73.471,18.336],[-73.466,18.336],[-73.46,18.336],[-73.455,18.336],[-73.449,18.342],[-73.444,18.342],[-73.438,18.342],[-73.433,18.342],[-73.427,18.347],[-73.422,18.342],[-73.416,18.342],[-73.411,18.342],[-73.405,18.347],[-73.4,18.347],[-73.394,18.347],[-73.389,18.347],[-73.383,18.347],[-73.378,18.347],[-73.372,18.347],[-73.367,18.347],[-73.361,18.347],[-73.361,18.342],[-73.356,18.342],[-73.35,18.347],[-73.345,18.353],[-73.345,18.358],[-73.339,18.358],[-73.339,18.364],[-73.339,18.369],[-73.334,18.369],[-73.328,18.369],[-73.323,18.369],[-73.323,18.364],[-73.317,18.364],[-73.312,18.364],[-73.306,18.364],[-73.301,18.364],[-73.301,18.369],[-73.295,18.369],[-73.29,18.369],[-73.284,18.369],[-73.284,18.364],[-73.279,18.364],[-73.273,18.364],[-73.273,18.358],[-73.268,18.358],[-73.262,18.358],[-73.262,18.353],[-73.257,18.353],[-73.251,18.353],[-73.246,18.353],[-73.24,18.353],[-73.235,18.353],[-73.229,18.353],[-73.224,18.353],[-73.218,18.358],[-73.218,18.364],[-73.213,18.364],[-73.207,18.364],[-73.202,18.364],[-73.196,18.364],[-73.191,18.364],[-73.185,18.364],[-73.185,18.358],[-73.18,18.358],[-73.174,18.358],[-73.169,18.353],[-73.164,18.353],[-73.158,18.353],[-73.153,18.353],[-73.153,18.358],[-73.147,18.358],[-73.147,18.364],[-73.141,18.364],[-73.136,18.364],[-73.13,18.364],[-73.13,18.358],[-73.125,18.358],[-73.125,18.364],[-73.12,18.364],[-73.114,18.364],[-73.109,18.364],[-73.109,18.358],[-73.103,18.358],[-73.103,18.353],[-73.097,18.353],[-73.097,18.347],[-73.097,18.342],[-73.092,18.342],[-73.086,18.342],[-73.086,18.336],[-73.081,18.336],[-73.081,18.331],[-73.076,18.331],[-73.076,18.325],[-73.07,18.325],[-73.07,18.32],[-73.065,18.32],[-73.065,18.314],[-73.065,18.309],[-73.059,18.309],[-73.059,18.303],[-73.054,18.303],[-73.048,18.303],[-73.048,18.298],[-73.043,18.298],[-73.043,18.292],[-73.048,18.292],[-73.048,18.287],[-73.048,18.281],[-73.043,18.276],[-73.043,18.27],[-73.037,18.27],[-73.037,18.265],[-73.043,18.259],[-73.037,18.259],[-73.037,18.254],[-73.032,18.254],[-73.032,18.248],[-73.032,18.243],[-73.032,18.237],[-73.026,18.237],[-73.021,18.237],[-73.021,18.232],[-73.021,18.226],[-73.015,18.226],[-73.01,18.232],[-73.01,18.237],[-73.01,18.243],[-73.01,18.248],[-73.01,18.254],[-73.015,18.254],[-73.015,18.259],[-73.015,18.265],[-73.015,18.27],[-73.015,18.281],[-73.01,18.287],[-73.004,18.292],[-72.999,18.298],[-72.999,18.303],[-72.993,18.303],[-72.993,18.314],[-72.993,18.32],[-72.999,18.325],[-72.999,18.331],[-73.004,18.331],[-73.01,18.331],[-73.01,18.336],[-73.015,18.336],[-73.015,18.342],[-73.021,18.342],[-73.021,18.347],[-73.021,18.353],[-73.015,18.353],[-73.01,18.358],[-73.015,18.369],[-73.021,18.369],[-73.026,18.375],[-73.021,18.38],[-73.021,18.386],[-73.026,18.386],[-73.026,18.391],[-73.032,18.391],[-73.037,18.397],[-73.037,18.402],[-73.037,18.408],[-73.037,18.413],[-73.043,18.413],[-73.043,18.419],[-73.048,18.419],[-73.048,18.424],[-73.048,18.43],[-73.054,18.43],[-73.054,18.435],[-73.048,18.435],[-73.043,18.435],[-73.048,18.441],[-73.048,18.446],[-73.054,18.446],[-73.054,18.451],[-73.054,18.457],[-73.059,18.457],[-73.065,18.457],[-73.07,18.457],[-73.076,18.451],[-73.076,18.446],[-73.081,18.446],[-73.086,18.446],[-73.092,18.446],[-73.092,18.441],[-73.097,18.441],[-73.097,18.446],[-73.103,18.446],[-73.109,18.446],[-73.109,18.451],[-73.114,18.451],[-73.12,18.457],[-73.125,18.463],[-73.125,18.468],[-73.125,18.474],[-73.13,18.474],[-73.136,18.474],[-73.141,18.474],[-73.141,18.479],[-73.147,18.479],[-73.153,18.479],[-73.158,18.479],[-73.164,18.485],[-73.169,18.485],[-73.174,18.485],[-73.18,18.485],[-73.185,18.485],[-73.191,18.49],[-73.196,18.485],[-73.202,18.485],[-73.207,18.485],[-73.213,18.479],[-73.224,18.479],[-73.229,18.474],[-73.235,18.474],[-73.24,18.474],[-73.246,18.474],[-73.251,18.474],[-73.251,18.479],[-73.257,18.479],[-73.262,18.479],[-73.268,18.479],[-73.273,18.479],[-73.279,18.479],[-73.284,18.479],[-73.29,18.479],[-73.295,18.479],[-73.301,18.485],[-73.306,18.485],[-73.312,18.49],[-73.317,18.495],[-73.323,18.495],[-73.328,18.495],[-73.328,18.501],[-73.334,18.501],[-73.345,18.501],[-73.35,18.501],[-73.356,18.507],[-73.361,18.507],[-73.367,18.507],[-73.367,18.512],[-73.372,18.512],[-73.383,18.512],[-73.389,18.512],[-73.394,18.512],[-73.4,18.512],[-73.405,18.518],[-73.411,18.518],[-73.416,18.518],[-73.422,18.518],[-73.427,18.518],[-73.427,18.523],[-73.433,18.523],[-73.438,18.523],[-73.444,18.523],[-73.449,18.523],[-73.455,18.523],[-73.46,18.529],[-73.46,18.523],[-73.466,18.523],[-73.471,18.523],[-73.482,18.523],[-73.493,18.523],[-73.504,18.523],[-73.526,18.523],[-73.531,18.523],[-73.537,18.523],[-73.542,18.529],[-73.548,18.529],[-73.554,18.529],[-73.548,18.523],[-73.542,18.523],[-73.542,18.518],[-73.548,18.518],[-73.554,18.512],[-73.559,18.507],[-73.565,18.507],[-73.57,18.507],[-73.57,18.501],[-73.575,18.507],[-73.575,18.512],[-73.581,18.512],[-73.581,18.507],[-73.581,18.501],[-73.586,18.507],[-73.586,18.501],[-73.592,18.501],[-73.597,18.501],[-73.603,18.501],[-73.608,18.501],[-73.614,18.501],[-73.619,18.501],[-73.625,18.501],[-73.63,18.501],[-73.636,18.501],[-73.636,18.507]]]]}},{"type":"Feature","properties":{"atmart_geo_id":"HTE-412004","pcode":"412004","region_id_dhs":"HTDHS2016412004","nom_fr":"Nord","nom_source":"North","niveau_admin":"enquete"},"geometry":{"type":"MultiPolygon","coordinates":[[[[-72.197,19.753],[-72.197,19.759],[-72.197,19.765],[-72.197,19.77],[-72.191,19.77],[-72.191,19.776],[-72.191,19.781],[-72.197,19.787],[-72.202,19.787],[-72.208,19.787],[-72.213,19.787],[-72.219,19.781],[-72.219,19.787],[-72.224,19.787],[-72.224,19.781],[-72.23,19.781],[-72.235,19.787],[-72.241,19.787],[-72.246,19.787],[-72.252,19.787],[-72.252,19.781],[-72.246,19.781],[-72.246,19.776],[-72.246,19.77],[-72.252,19.77],[-72.252,19.776],[-72.263,19.776],[-72.263,19.77],[-72.263,19.765],[-72.263,19.759],[-72.268,19.759],[-72.274,19.759],[-72.274,19.765],[-72.279,19.765],[-72.284,19.765],[-72.29,19.765],[-72.295,19.765],[-72.301,19.759],[-72.307,19.759],[-72.312,19.759],[-72.312,19.765],[-72.317,19.77],[-72.323,19.77],[-72.323,19.765],[-72.317,19.759],[-72.317,19.753],[-72.312,19.753],[-72.312,19.748],[-72.323,19.748],[-72.323,19.742],[-72.317,19.737],[-72.312,19.742],[-72.312,19.737],[-72.317,19.737],[-72.317,19.732],[-72.317,19.726],[-72.317,19.721],[-72.312,19.721],[-72.317,19.715],[-72.317,19.709],[-72.323,19.704],[-72.323,19.709],[-72.328,19.709],[-72.334,19.715],[-72.339,19.721],[-72.339,19.726],[-72.339,19.732],[-72.339,19.737],[-72.339,19.742],[-72.345,19.742],[-72.345,19.748],[-72.339,19.748],[-72.339,19.742],[-72.334,19.742],[-72.328,19.742],[-72.328,19.748],[-72.334,19.753],[-72.339,19.759],[-72.339,19.765],[-72.339,19.77],[-72.345,19.776],[-72.351,19.776],[-72.356,19.781],[-72.362,19.787],[-72.367,19.792],[-72.372,19.792],[-72.378,19.797],[-72.383,19.803],[-72.383,19.808],[-72.378,19.808],[-72.372,19.814],[-72.378,19.814],[-72.383,19.814],[-72.389,19.814],[-72.389,19.808],[-72.394,19.803],[-72.4,19.803],[-72.411,19.803],[-72.416,19.808],[-72.422,19.808],[-72.427,19.814],[-72.427,19.819],[-72.427,19.825],[-72.433,19.83],[-72.438,19.83],[-72.438,19.825],[-72.433,19.819],[-72.433,19.814],[-72.438,19.819],[-72.444,19.819],[-72.444,19.814],[-72.449,19.814],[-72.455,19.819],[-72.46,19.819],[-72.46,19.825],[-72.471,19.83],[-72.477,19.83],[-72.471,19.825],[-72.477,19.819],[-72.482,19.819],[-72.482,19.825],[-72.488,19.83],[-72.493,19.83],[-72.493,19.825],[-72.493,19.819],[-72.499,19.819],[-72.499,19.825],[-72.499,19.836],[-72.504,19.836],[-72.504,19.841],[-72.51,19.847],[-72.515,19.847],[-72.515,19.841],[-72.521,19.841],[-72.521,19.847],[-72.526,19.847],[-72.532,19.847],[-72.537,19.852],[-72.543,19.858],[-72.543,19.863],[-72.548,19.863],[-72.559,19.869],[-72.554,19.874],[-72.559,19.88],[-72.565,19.88],[-72.57,19.874],[-72.576,19.874],[-72.576,19.869],[-72.581,19.869],[-72.581,19.863],[-72.581,19.858],[-72.581,19.852],[-72.587,19.852],[-72.592,19.852],[-72.592,19.847],[-72.592,19.841],[-72.598,19.841],[-72.598,19.836],[-72.592,19.836],[-72.592,19.83],[-72.598,19.83],[-72.598,19.836],[-72.603,19.836],[-72.603,19.841],[-72.609,19.836],[-72.614,19.836],[-72.614,19.83],[-72.614,19.825],[-72.614,19.819],[-72.62,19.819],[-72.62,19.814],[-72.625,19.814],[-72.631,19.814],[-72.631,19.819],[-72.636,19.819],[-72.642,19.819],[-72.642,19.825],[-72.636,19.825],[-72.642,19.83],[-72.647,19.83],[-72.653,19.83],[-72.658,19.83],[-72.664,19.83],[-72.669,19.83],[-72.675,19.83],[-72.68,19.83],[-72.685,19.83],[-72.685,19.825],[-72.68,19.825],[-72.68,19.819],[-72.675,19.814],[-72.68,19.808],[-72.68,19.803],[-72.68,19.797],[-72.675,19.792],[-72.675,19.787],[-72.675,19.781],[-72.669,19.776],[-72.664,19.776],[-72.658,19.776],[-72.653,19.776],[-72.658,19.787],[-72.642,19.787],[-72.636,19.776],[-72.642,19.77],[-72.647,19.765],[-72.647,19.759],[-72.647,19.753],[-72.647,19.748],[-72.642,19.742],[-72.636,19.742],[-72.631,19.742],[-72.625,19.742],[-72.625,19.748],[-72.625,19.753],[-72.625,19.759],[-72.62,19.759],[-72.614,19.759],[-72.614,19.753],[-72.609,19.753],[-72.609,19.748],[-72.603,19.742],[-72.598,19.726],[-72.598,19.721],[-72.598,19.715],[-72.603,19.709],[-72.609,19.698],[-72.614,19.704],[-72.614,19.698],[-72.614,19.693],[-72.609,19.693],[-72.609,19.688],[-72.603,19.688],[-72.603,19.682],[-72.598,19.682],[-72.592,19.682],[-72.587,19.677],[-72.581,19.677],[-72.576,19.677],[-72.576,19.671],[-72.576,19.66],[-72.57,19.654],[-72.57,19.649],[-72.57,19.644],[-72.57,19.638],[-72.57,19.633],[-72.565,19.627],[-72.559,19.622],[-72.559,19.616],[-72.554,19.616],[-72.554,19.611],[-72.548,19.605],[-72.543,19.6],[-72.543,19.594],[-72.543,19.589],[-72.537,19.589],[-72.537,19.583],[-72.532,19.583],[-72.526,19.578],[-72.521,19.583],[-72.515,19.583],[-72.515,19.578],[-72.521,19.578],[-72.521,19.572],[-72.515,19.567],[-72.51,19.561],[-72.504,19.561],[-72.499,19.561],[-72.493,19.556],[-72.488,19.545],[-72.482,19.545],[-72.477,19.539],[-72.471,19.534],[-72.466,19.528],[-72.46,19.528],[-72.455,19.523],[-72.449,19.523],[-72.444,19.523],[-72.438,19.523],[-72.438,19.528],[-72.433,19.523],[-72.427,19.528],[-72.422,19.534],[-72.416,19.539],[-72.416,19.545],[-72.416,19.55],[-72.422,19.55],[-72.422,19.556],[-72.422,19.561],[-72.422,19.567],[-72.416,19.567],[-72.416,19.572],[-72.411,19.572],[-72.411,19.567],[-72.405,19.567],[-72.4,19.567],[-72.4,19.561],[-72.394,19.561],[-72.389,19.567],[-72.389,19.572],[-72.389,19.578],[-72.383,19.578],[-72.383,19.583],[-72.378,19.583],[-72.378,19.589],[-72.372,19.589],[-72.367,19.589],[-72.362,19.589],[-72.362,19.583],[-72.362,19.578],[-72.367,19.578],[-72.367,19.572],[-72.367,19.567],[-72.362,19.567],[-72.362,19.572],[-72.356,19.572],[-72.351,19.572],[-72.345,19.572],[-72.339,19.572],[-72.334,19.572],[-72.328,19.572],[-72.323,19.572],[-72.323,19.567],[-72.323,19.561],[-72.317,19.561],[-72.317,19.556],[-72.323,19.556],[-72.323,19.55],[-72.323,19.545],[-72.323,19.539],[-72.328,19.534],[-72.328,19.528],[-72.323,19.528],[-72.323,19.523],[-72.323,19.517],[-72.323,19.512],[-72.328,19.512],[-72.328,19.506],[-72.328,19.501],[-72.328,19.495],[-72.323,19.495],[-72.323,19.49],[-72.317,19.49],[-72.323,19.484],[-72.323,19.479],[-72.323,19.473],[-72.328,19.473],[-72.328,19.468],[-72.328,19.462],[-72.323,19.462],[-72.317,19.462],[-72.312,19.462],[-72.307,19.468],[-72.301,19.468],[-72.295,19.468],[-72.29,19.468],[-72.284,19.468],[-72.274,19.462],[-72.274,19.468],[-72.268,19.473],[-72.263,19.473],[-72.257,19.479],[-72.257,19.473],[-72.252,19.479],[-72.252,19.473],[-72.257,19.468],[-72.257,19.462],[-72.257,19.457],[-72.252,19.457],[-72.252,19.451],[-72.252,19.446],[-72.246,19.446],[-72.246,19.44],[-72.241,19.44],[-72.235,19.44],[-72.235,19.435],[-72.23,19.435],[-72.224,19.435],[-72.224,19.429],[-72.23,19.429],[-72.23,19.424],[-72.224,19.424],[-72.224,19.418],[-72.23,19.418],[-72.23,19.413],[-72.23,19.407],[-72.23,19.402],[-72.23,19.396],[-72.23,19.391],[-72.23,19.386],[-72.241,19.386],[-72.246,19.386],[-72.246,19.38],[-72.241,19.375],[-72.235,19.375],[-72.235,19.369],[-72.23,19.369],[-72.23,19.364],[-72.235,19.364],[-72.235,19.358],[-72.23,19.358],[-72.23,19.352],[-72.23,19.347],[-72.23,19.341],[-72.224,19.341],[-72.224,19.336],[-72.224,19.331],[-72.224,19.325],[-72.219,19.325],[-72.219,19.32],[-72.213,19.32],[-72.208,19.32],[-72.208,19.314],[-72.202,19.314],[-72.202,19.308],[-72.202,19.303],[-72.202,19.297],[-72.197,19.297],[-72.191,19.297],[-72.186,19.297],[-72.186,19.292],[-72.18,19.292],[-72.18,19.287],[-72.175,19.287],[-72.169,19.287],[-72.164,19.281],[-72.158,19.281],[-72.158,19.276],[-72.158,19.27],[-72.153,19.27],[-72.153,19.265],[-72.153,19.259],[-72.147,19.259],[-72.142,19.259],[-72.136,19.253],[-72.131,19.253],[-72.131,19.259],[-72.125,19.259],[-72.125,19.265],[-72.12,19.265],[-72.114,19.265],[-72.109,19.265],[-72.103,19.265],[-72.098,19.265],[-72.092,19.265],[-72.092,19.27],[-72.087,19.27],[-72.087,19.276],[-72.081,19.276],[-72.081,19.281],[-72.076,19.281],[-72.076,19.287],[-72.07,19.287],[-72.065,19.292],[-72.059,19.292],[-72.059,19.297],[-72.054,19.297],[-72.048,19.297],[-72.048,19.303],[-72.043,19.303],[-72.037,19.303],[-72.032,19.303],[-72.032,19.308],[-72.026,19.308],[-72.026,19.314],[-72.021,19.314],[-72.021,19.32],[-72.021,19.325],[-72.015,19.325],[-72.01,19.325],[-72.004,19.325],[-71.999,19.325],[-71.993,19.331],[-71.988,19.331],[-71.988,19.336],[-71.982,19.336],[-71.977,19.336],[-71.977,19.341],[-71.971,19.341],[-71.971,19.347],[-71.977,19.352],[-71.982,19.358],[-71.988,19.364],[-71.988,19.369],[-71.993,19.369],[-71.993,19.375],[-71.993,19.38],[-71.999,19.386],[-71.999,19.391],[-72.004,19.391],[-72.004,19.396],[-72.01,19.402],[-72.015,19.402],[-72.015,19.407],[-72.021,19.407],[-72.021,19.413],[-72.026,19.413],[-72.026,19.418],[-72.032,19.418],[-72.032,19.424],[-72.037,19.424],[-72.037,19.429],[-72.037,19.435],[-72.043,19.435],[-72.048,19.435],[-72.054,19.44],[-72.059,19.44],[-72.059,19.446],[-72.065,19.446],[-72.07,19.446],[-72.07,19.44],[-72.065,19.44],[-72.065,19.435],[-72.07,19.435],[-72.076,19.435],[-72.081,19.435],[-72.081,19.44],[-72.087,19.44],[-72.087,19.446],[-72.092,19.446],[-72.087,19.451],[-72.087,19.457],[-72.081,19.457],[-72.076,19.457],[-72.07,19.457],[-72.07,19.462],[-72.065,19.468],[-72.065,19.473],[-72.065,19.479],[-72.065,19.484],[-72.07,19.484],[-72.076,19.484],[-72.076,19.49],[-72.081,19.49],[-72.087,19.49],[-72.087,19.495],[-72.092,19.495],[-72.092,19.501],[-72.092,19.506],[-72.092,19.512],[-72.092,19.517],[-72.098,19.517],[-72.103,19.523],[-72.103,19.528],[-72.098,19.528],[-72.098,19.534],[-72.098,19.539],[-72.098,19.545],[-72.103,19.545],[-72.103,19.55],[-72.103,19.556],[-72.109,19.556],[-72.109,19.561],[-72.114,19.561],[-72.109,19.567],[-72.114,19.572],[-72.114,19.578],[-72.12,19.578],[-72.12,19.583],[-72.12,19.589],[-72.114,19.589],[-72.114,19.594],[-72.109,19.594],[-72.109,19.6],[-72.103,19.605],[-72.109,19.605],[-72.109,19.611],[-72.114,19.611],[-72.114,19.616],[-72.114,19.622],[-72.109,19.622],[-72.109,19.627],[-72.109,19.633],[-72.103,19.633],[-72.098,19.633],[-72.098,19.627],[-72.092,19.627],[-72.087,19.627],[-72.081,19.627],[-72.081,19.633],[-72.076,19.633],[-72.07,19.633],[-72.065,19.633],[-72.065,19.638],[-72.065,19.644],[-72.065,19.649],[-72.065,19.654],[-72.065,19.66],[-72.059,19.66],[-72.059,19.666],[-72.059,19.671],[-72.059,19.677],[-72.059,19.682],[-72.065,19.688],[-72.059,19.693],[-72.065,19.693],[-72.065,19.698],[-72.054,19.698],[-72.048,19.698],[-72.043,19.698],[-72.037,19.704],[-72.037,19.709],[-72.037,19.715],[-72.037,19.721],[-72.037,19.726],[-72.043,19.732],[-72.048,19.737],[-72.054,19.737],[-72.054,19.732],[-72.048,19.732],[-72.048,19.726],[-72.054,19.726],[-72.059,19.715],[-72.059,19.721],[-72.054,19.726],[-72.059,19.732],[-72.065,19.732],[-72.07,19.732],[-72.076,19.732],[-72.081,19.726],[-72.087,19.726],[-72.092,19.726],[-72.098,19.726],[-72.103,19.726],[-72.109,19.726],[-72.12,19.732],[-72.125,19.737],[-72.125,19.742],[-72.131,19.748],[-72.136,19.748],[-72.142,19.748],[-72.147,19.748],[-72.147,19.742],[-72.153,19.742],[-72.164,19.748],[-72.169,19.742],[-72.175,19.748],[-72.18,19.742],[-72.186,19.742],[-72.191,19.742],[-72.202,19.742],[-72.202,19.748],[-72.202,19.753],[-72.197,19.753]],[[-72.065,19.709],[-72.065,19.704],[-72.07,19.704],[-72.07,19.698],[-72.076,19.704],[-72.081,19.698],[-72.081,19.704],[-72.076,19.704],[-72.076,19.709],[-72.07,19.709],[-72.065,19.709]]]]}},{"type":"Feature","properties":{"atmart_geo_id":"HTE-412005","pcode":"412005","region_id_dhs":"HTDHS2016412005","nom_fr":"Nord-Est","nom_source":"North-East","niveau_admin":"enquete"},"geometry":{"type":"MultiPolygon","coordinates":[[[[-71.988,19.721],[-71.993,19.709],[-71.988,19.704],[-71.993,19.704],[-71.993,19.698],[-71.988,19.698],[-71.993,19.693],[-71.993,19.698],[-71.999,19.698],[-72.004,19.698],[-72.004,19.704],[-72.01,19.704],[-72.01,19.698],[-72.021,19.698],[-72.021,19.693],[-72.026,19.698],[-72.032,19.698],[-72.037,19.698],[-72.043,19.698],[-72.037,19.693],[-72.043,19.693],[-72.048,19.688],[-72.054,19.688],[-72.048,19.693],[-72.054,19.693],[-72.059,19.693],[-72.065,19.688],[-72.059,19.682],[-72.059,19.677],[-72.059,19.671],[-72.059,19.666],[-72.059,19.66],[-72.065,19.66],[-72.065,19.654],[-72.065,19.649],[-72.065,19.644],[-72.065,19.638],[-72.065,19.633],[-72.07,19.633],[-72.076,19.633],[-72.081,19.633],[-72.081,19.627],[-72.087,19.627],[-72.092,19.627],[-72.098,19.627],[-72.098,19.633],[-72.103,19.633],[-72.109,19.633],[-72.109,19.627],[-72.109,19.622],[-72.114,19.622],[-72.114,19.616],[-72.114,19.611],[-72.109,19.611],[-72.109,19.605],[-72.103,19.605],[-72.109,19.6],[-72.109,19.594],[-72.114,19.594],[-72.114,19.589],[-72.12,19.589],[-72.12,19.583],[-72.12,19.578],[-72.114,19.578],[-72.114,19.572],[-72.109,19.567],[-72.114,19.561],[-72.109,19.561],[-72.109,19.556],[-72.103,19.556],[-72.103,19.55],[-72.103,19.545],[-72.098,19.545],[-72.098,19.539],[-72.098,19.534],[-72.098,19.528],[-72.103,19.528],[-72.103,19.523],[-72.098,19.517],[-72.092,19.517],[-72.092,19.512],[-72.092,19.506],[-72.092,19.501],[-72.092,19.495],[-72.087,19.495],[-72.087,19.49],[-72.081,19.49],[-72.076,19.49],[-72.076,19.484],[-72.07,19.484],[-72.065,19.484],[-72.065,19.479],[-72.065,19.473],[-72.065,19.468],[-72.07,19.462],[-72.07,19.457],[-72.076,19.457],[-72.081,19.457],[-72.087,19.457],[-72.087,19.451],[-72.092,19.446],[-72.087,19.446],[-72.087,19.44],[-72.081,19.44],[-72.081,19.435],[-72.076,19.435],[-72.07,19.435],[-72.065,19.435],[-72.065,19.44],[-72.07,19.44],[-72.07,19.446],[-72.065,19.446],[-72.059,19.446],[-72.059,19.44],[-72.054,19.44],[-72.048,19.435],[-72.043,19.435],[-72.037,19.435],[-72.037,19.429],[-72.037,19.424],[-72.032,19.424],[-72.032,19.418],[-72.026,19.418],[-72.026,19.413],[-72.021,19.413],[-72.021,19.407],[-72.015,19.407],[-72.015,19.402],[-72.01,19.402],[-72.004,19.396],[-72.004,19.391],[-71.999,19.391],[-71.999,19.386],[-71.993,19.38],[-71.993,19.375],[-71.993,19.369],[-71.988,19.369],[-71.988,19.364],[-71.982,19.358],[-71.977,19.352],[-71.971,19.347],[-71.971,19.341],[-71.977,19.341],[-71.977,19.336],[-71.982,19.336],[-71.977,19.331],[-71.977,19.325],[-71.971,19.325],[-71.966,19.32],[-71.966,19.314],[-71.96,19.314],[-71.955,19.314],[-71.95,19.308],[-71.944,19.308],[-71.938,19.308],[-71.933,19.308],[-71.927,19.308],[-71.922,19.308],[-71.916,19.308],[-71.916,19.303],[-71.911,19.297],[-71.906,19.297],[-71.906,19.292],[-71.911,19.292],[-71.911,19.287],[-71.906,19.287],[-71.9,19.281],[-71.9,19.276],[-71.894,19.276],[-71.889,19.276],[-71.883,19.276],[-71.878,19.276],[-71.873,19.276],[-71.867,19.276],[-71.867,19.281],[-71.862,19.276],[-71.856,19.276],[-71.856,19.27],[-71.851,19.27],[-71.845,19.265],[-71.84,19.265],[-71.834,19.265],[-71.829,19.265],[-71.823,19.265],[-71.818,19.265],[-71.812,19.265],[-71.807,19.265],[-71.801,19.259],[-71.796,19.259],[-71.79,19.259],[-71.785,19.265],[-71.785,19.259],[-71.779,19.259],[-71.774,19.259],[-71.774,19.265],[-71.774,19.27],[-71.768,19.27],[-71.768,19.276],[-71.763,19.276],[-71.757,19.276],[-71.757,19.281],[-71.752,19.281],[-71.752,19.287],[-71.757,19.292],[-71.763,19.292],[-71.763,19.297],[-71.757,19.297],[-71.757,19.303],[-71.763,19.303],[-71.763,19.308],[-71.763,19.314],[-71.768,19.314],[-71.768,19.32],[-71.774,19.32],[-71.774,19.325],[-71.779,19.325],[-71.779,19.331],[-71.785,19.331],[-71.779,19.336],[-71.757,19.341],[-71.757,19.347],[-71.752,19.347],[-71.752,19.352],[-71.746,19.352],[-71.746,19.358],[-71.741,19.358],[-71.735,19.358],[-71.73,19.364],[-71.724,19.364],[-71.719,19.364],[-71.719,19.369],[-71.713,19.369],[-71.708,19.369],[-71.708,19.364],[-71.702,19.364],[-71.702,19.358],[-71.697,19.358],[-71.691,19.358],[-71.691,19.364],[-71.691,19.369],[-71.691,19.375],[-71.691,19.38],[-71.697,19.38],[-71.697,19.386],[-71.697,19.391],[-71.697,19.396],[-71.697,19.402],[-71.691,19.402],[-71.691,19.407],[-71.691,19.413],[-71.691,19.418],[-71.691,19.424],[-71.686,19.424],[-71.686,19.429],[-71.68,19.429],[-71.68,19.435],[-71.68,19.44],[-71.68,19.446],[-71.68,19.451],[-71.686,19.451],[-71.686,19.457],[-71.686,19.462],[-71.686,19.468],[-71.691,19.468],[-71.691,19.473],[-71.691,19.479],[-71.691,19.484],[-71.691,19.49],[-71.691,19.495],[-71.691,19.501],[-71.686,19.501],[-71.691,19.506],[-71.686,19.512],[-71.691,19.512],[-71.697,19.512],[-71.702,19.512],[-71.702,19.517],[-71.702,19.523],[-71.702,19.528],[-71.702,19.534],[-71.708,19.534],[-71.713,19.534],[-71.713,19.539],[-71.713,19.545],[-71.713,19.55],[-71.713,19.556],[-71.719,19.561],[-71.735,19.578],[-71.746,19.583],[-71.746,19.633],[-71.73,19.644],[-71.735,19.66],[-71.735,19.666],[-71.741,19.666],[-71.746,19.666],[-71.746,19.671],[-71.752,19.671],[-71.752,19.677],[-71.757,19.677],[-71.757,19.682],[-71.752,19.688],[-71.757,19.688],[-71.757,19.693],[-71.763,19.693],[-71.763,19.698],[-71.757,19.698],[-71.757,19.704],[-71.763,19.704],[-71.768,19.704],[-71.768,19.709],[-71.774,19.709],[-71.779,19.709],[-71.785,19.709],[-71.79,19.709],[-71.796,19.709],[-71.807,19.709],[-71.807,19.715],[-71.812,19.715],[-71.818,19.715],[-71.829,19.715],[-71.84,19.715],[-71.845,19.715],[-71.845,19.709],[-71.851,19.709],[-71.851,19.715],[-71.856,19.721],[-71.862,19.721],[-71.862,19.715],[-71.867,19.715],[-71.867,19.721],[-71.873,19.721],[-71.878,19.721],[-71.883,19.721],[-71.889,19.721],[-71.894,19.721],[-71.9,19.721],[-71.906,19.726],[-71.911,19.726],[-71.927,19.726],[-71.933,19.732],[-71.938,19.732],[-71.944,19.732],[-71.944,19.726],[-71.944,19.721],[-71.95,19.721],[-71.95,19.726],[-71.95,19.732],[-71.955,19.732],[-71.96,19.732],[-71.966,19.737],[-71.971,19.737],[-71.971,19.732],[-71.977,19.732],[-71.982,19.732],[-71.988,19.732],[-71.988,19.726],[-71.993,19.726],[-71.993,19.721],[-71.988,19.721]],[[-71.823,19.666],[-71.829,19.666],[-71.834,19.666],[-71.834,19.671],[-71.84,19.671],[-71.84,19.677],[-71.845,19.677],[-71.851,19.671],[-71.856,19.671],[-71.862,19.671],[-71.867,19.671],[-71.867,19.666],[-71.873,19.666],[-71.878,19.66],[-71.883,19.666],[-71.883,19.671],[-71.889,19.671],[-71.894,19.671],[-71.894,19.677],[-71.889,19.677],[-71.883,19.677],[-71.889,19.682],[-71.894,19.682],[-71.9,19.682],[-71.906,19.688],[-71.9,19.688],[-71.894,19.682],[-71.894,19.688],[-71.889,19.688],[-71.889,19.682],[-71.883,19.688],[-71.883,19.682],[-71.878,19.682],[-71.873,19.682],[-71.867,19.688],[-71.862,19.693],[-71.856,19.693],[-71.851,19.693],[-71.851,19.698],[-71.851,19.704],[-71.845,19.704],[-71.84,19.698],[-71.845,19.698],[-71.845,19.693],[-71.84,19.693],[-71.845,19.688],[-71.84,19.688],[-71.834,19.688],[-71.829,19.682],[-71.823,19.682],[-71.818,19.682],[-71.812,19.677],[-71.812,19.671],[-71.818,19.671],[-71.818,19.666],[-71.818,19.66],[-71.818,19.654],[-71.818,19.649],[-71.823,19.649],[-71.823,19.654],[-71.823,19.66],[-71.823,19.666]],[[-71.971,19.704],[-71.977,19.704],[-71.982,19.704],[-71.982,19.709],[-71.977,19.709],[-71.971,19.704]],[[-71.977,19.721],[-71.971,19.721],[-71.966,19.721],[-71.96,19.721],[-71.955,19.715],[-71.96,19.715],[-71.966,19.715],[-71.971,19.715],[-71.977,19.715],[-71.977,19.721]]]]}},{"type":"Feature","properties":{"atmart_geo_id":"HTE-412012","pcode":"412012","region_id_dhs":"HTDHS2016412012","nom_fr":"Nord-Ouest","nom_source":"North-West","niveau_admin":"enquete"},"geometry":{"type":"MultiPolygon","coordinates":[[[[-72.598,19.836],[-72.598,19.83],[-72.592,19.83],[-72.592,19.836],[-72.598,19.836]]],[[[-72.823,19.951],[-72.828,19.946],[-72.834,19.946],[-72.834,19.94],[-72.839,19.94],[-72.845,19.94],[-72.85,19.946],[-72.856,19.946],[-72.861,19.94],[-72.867,19.94],[-72.872,19.929],[-72.878,19.929],[-72.883,19.935],[-72.889,19.935],[-72.894,19.935],[-72.9,19.935],[-72.905,19.935],[-72.911,19.935],[-72.922,19.929],[-72.927,19.929],[-72.933,19.929],[-72.944,19.929],[-72.949,19.924],[-72.955,19.924],[-72.96,19.918],[-72.96,19.913],[-72.96,19.907],[-72.966,19.907],[-72.966,19.913],[-72.971,19.918],[-72.971,19.924],[-72.977,19.924],[-72.988,19.918],[-72.993,19.918],[-72.999,19.918],[-73.01,19.918],[-73.015,19.918],[-73.021,19.918],[-73.026,19.924],[-73.032,19.918],[-73.037,19.918],[-73.032,19.913],[-73.032,19.907],[-73.037,19.907],[-73.037,19.913],[-73.043,19.913],[-73.048,19.918],[-73.059,19.918],[-73.065,19.918],[-73.076,19.918],[-73.081,19.918],[-73.086,19.918],[-73.092,19.918],[-73.103,19.918],[-73.103,19.924],[-73.114,19.924],[-73.12,19.924],[-73.13,19.924],[-73.147,19.924],[-73.153,19.924],[-73.158,19.929],[-73.164,19.929],[-73.169,19.929],[-73.174,19.924],[-73.18,19.924],[-73.185,19.918],[-73.191,19.918],[-73.191,19.913],[-73.196,19.913],[-73.202,19.907],[-73.202,19.902],[-73.207,19.902],[-73.218,19.896],[-73.224,19.896],[-73.235,19.885],[-73.24,19.88],[-73.246,19.88],[-73.246,19.874],[-73.251,19.874],[-73.257,19.869],[-73.262,19.869],[-73.268,19.869],[-73.273,19.863],[-73.284,19.863],[-73.29,19.863],[-73.29,19.858],[-73.295,19.858],[-73.306,19.858],[-73.312,19.852],[-73.317,19.852],[-73.317,19.847],[-73.323,19.847],[-73.328,19.847],[-73.334,19.841],[-73.339,19.841],[-73.345,19.836],[-73.35,19.836],[-73.356,19.836],[-73.356,19.841],[-73.361,19.841],[-73.367,19.847],[-73.372,19.847],[-73.372,19.841],[-73.378,19.841],[-73.383,19.841],[-73.389,19.841],[-73.394,19.841],[-73.4,19.841],[-73.405,19.841],[-73.411,19.841],[-73.416,19.836],[-73.422,19.83],[-73.427,19.825],[-73.427,19.819],[-73.422,19.819],[-73.416,19.819],[-73.411,19.819],[-73.405,19.819],[-73.394,19.819],[-73.389,19.819],[-73.389,19.814],[-73.378,19.814],[-73.378,19.819],[-73.372,19.819],[-73.372,19.825],[-73.367,19.83],[-73.361,19.83],[-73.367,19.825],[-73.367,19.819],[-73.372,19.819],[-73.372,19.814],[-73.372,19.808],[-73.378,19.808],[-73.383,19.808],[-73.383,19.803],[-73.389,19.797],[-73.394,19.797],[-73.405,19.797],[-73.405,19.792],[-73.411,19.792],[-73.422,19.787],[-73.422,19.792],[-73.427,19.792],[-73.433,19.792],[-73.433,19.787],[-73.433,19.781],[-73.438,19.781],[-73.444,19.776],[-73.444,19.77],[-73.449,19.765],[-73.455,19.759],[-73.455,19.753],[-73.455,19.748],[-73.46,19.742],[-73.46,19.732],[-73.46,19.726],[-73.46,19.721],[-73.455,19.721],[-73.46,19.715],[-73.46,19.709],[-73.46,19.693],[-73.46,19.688],[-73.455,19.682],[-73.444,19.671],[-73.444,19.666],[-73.438,19.666],[-73.438,19.66],[-73.433,19.654],[-73.427,19.654],[-73.422,19.654],[-73.422,19.649],[-73.411,19.644],[-73.405,19.638],[-73.4,19.633],[-73.394,19.633],[-73.389,19.633],[-73.383,19.627],[-73.378,19.627],[-73.372,19.627],[-73.372,19.622],[-73.367,19.622],[-73.361,19.622],[-73.356,19.622],[-73.35,19.622],[-73.339,19.622],[-73.334,19.622],[-73.328,19.622],[-73.323,19.622],[-73.317,19.622],[-73.312,19.622],[-73.306,19.627],[-73.295,19.627],[-73.29,19.627],[-73.284,19.627],[-73.279,19.627],[-73.273,19.627],[-73.273,19.633],[-73.268,19.633],[-73.262,19.633],[-73.262,19.627],[-73.251,19.627],[-73.246,19.627],[-73.24,19.627],[-73.235,19.627],[-73.229,19.633],[-73.224,19.638],[-73.224,19.644],[-73.224,19.649],[-73.224,19.654],[-73.218,19.654],[-73.213,19.66],[-73.207,19.654],[-73.202,19.654],[-73.202,19.649],[-73.191,19.644],[-73.191,19.638],[-73.18,19.638],[-73.18,19.633],[-73.174,19.633],[-73.169,19.633],[-73.164,19.627],[-73.158,19.627],[-73.153,19.627],[-73.153,19.622],[-73.147,19.622],[-73.141,19.622],[-73.136,19.622],[-73.13,19.622],[-73.125,19.622],[-73.125,19.627],[-73.125,19.633],[-73.13,19.633],[-73.13,19.638],[-73.136,19.638],[-73.136,19.644],[-73.136,19.649],[-73.13,19.649],[-73.13,19.654],[-73.125,19.66],[-73.125,19.666],[-73.12,19.671],[-73.12,19.677],[-73.12,19.682],[-73.12,19.688],[-73.12,19.693],[-73.12,19.698],[-73.12,19.704],[-73.114,19.704],[-73.114,19.698],[-73.109,19.698],[-73.103,19.698],[-73.103,19.704],[-73.097,19.709],[-73.092,19.709],[-73.086,19.715],[-73.086,19.721],[-73.081,19.721],[-73.081,19.726],[-73.081,19.732],[-73.076,19.732],[-73.07,19.732],[-73.065,19.737],[-73.059,19.737],[-73.059,19.742],[-73.054,19.742],[-73.048,19.742],[-73.043,19.742],[-73.037,19.737],[-73.032,19.737],[-73.032,19.732],[-73.026,19.732],[-73.021,19.732],[-73.015,19.732],[-73.01,19.732],[-73.01,19.726],[-73.004,19.726],[-72.999,19.726],[-72.993,19.721],[-72.988,19.721],[-72.982,19.726],[-72.977,19.721],[-72.977,19.726],[-72.971,19.726],[-72.966,19.726],[-72.96,19.726],[-72.955,19.726],[-72.949,19.726],[-72.944,19.726],[-72.938,19.726],[-72.933,19.726],[-72.927,19.732],[-72.922,19.726],[-72.927,19.721],[-72.927,19.715],[-72.922,19.715],[-72.916,19.715],[-72.905,19.715],[-72.9,19.715],[-72.894,19.709],[-72.889,19.709],[-72.883,19.709],[-72.878,19.709],[-72.872,19.709],[-72.867,19.709],[-72.861,19.715],[-72.856,19.715],[-72.845,19.715],[-72.839,19.715],[-72.839,19.721],[-72.839,19.726],[-72.839,19.732],[-72.834,19.732],[-72.828,19.732],[-72.823,19.732],[-72.823,19.737],[-72.817,19.737],[-72.812,19.737],[-72.812,19.742],[-72.812,19.748],[-72.812,19.753],[-72.806,19.753],[-72.806,19.759],[-72.801,19.759],[-72.801,19.765],[-72.795,19.765],[-72.79,19.77],[-72.784,19.77],[-72.784,19.776],[-72.779,19.776],[-72.779,19.781],[-72.773,19.781],[-72.768,19.787],[-72.763,19.787],[-72.757,19.787],[-72.752,19.787],[-72.746,19.781],[-72.74,19.781],[-72.74,19.787],[-72.74,19.792],[-72.735,19.792],[-72.735,19.797],[-72.729,19.797],[-72.729,19.803],[-72.729,19.808],[-72.724,19.808],[-72.724,19.814],[-72.719,19.814],[-72.713,19.814],[-72.708,19.814],[-72.702,19.814],[-72.696,19.814],[-72.691,19.808],[-72.685,19.808],[-72.68,19.808],[-72.675,19.814],[-72.68,19.819],[-72.68,19.825],[-72.685,19.825],[-72.685,19.83],[-72.68,19.83],[-72.675,19.83],[-72.669,19.83],[-72.664,19.83],[-72.658,19.83],[-72.653,19.83],[-72.647,19.83],[-72.642,19.83],[-72.636,19.825],[-72.642,19.825],[-72.642,19.819],[-72.636,19.819],[-72.631,19.819],[-72.631,19.814],[-72.625,19.814],[-72.62,19.814],[-72.62,19.819],[-72.614,19.819],[-72.614,19.825],[-72.614,19.83],[-72.614,19.836],[-72.609,19.836],[-72.603,19.841],[-72.603,19.836],[-72.598,19.836],[-72.598,19.841],[-72.592,19.841],[-72.592,19.847],[-72.592,19.852],[-72.587,19.852],[-72.581,19.852],[-72.581,19.858],[-72.581,19.863],[-72.581,19.869],[-72.576,19.869],[-72.576,19.874],[-72.57,19.874],[-72.565,19.88],[-72.576,19.885],[-72.576,19.891],[-72.581,19.891],[-72.581,19.896],[-72.587,19.896],[-72.592,19.896],[-72.598,19.896],[-72.603,19.896],[-72.609,19.891],[-72.614,19.891],[-72.625,19.891],[-72.631,19.896],[-72.636,19.902],[-72.636,19.907],[-72.642,19.907],[-72.647,19.907],[-72.653,19.913],[-72.658,19.913],[-72.664,19.913],[-72.664,19.918],[-72.669,19.918],[-72.675,19.918],[-72.685,19.924],[-72.685,19.918],[-72.691,19.918],[-72.691,19.924],[-72.696,19.924],[-72.702,19.924],[-72.702,19.929],[-72.708,19.929],[-72.713,19.929],[-72.719,19.929],[-72.724,19.935],[-72.735,19.935],[-72.74,19.935],[-72.746,19.94],[-72.752,19.94],[-72.757,19.94],[-72.757,19.946],[-72.763,19.946],[-72.768,19.946],[-72.773,19.946],[-72.779,19.946],[-72.779,19.951],[-72.784,19.951],[-72.79,19.951],[-72.795,19.951],[-72.801,19.946],[-72.806,19.951],[-72.812,19.951],[-72.817,19.951],[-72.823,19.951]]],[[[-72.806,20.088],[-72.817,20.088],[-72.828,20.088],[-72.834,20.088],[-72.834,20.083],[-72.839,20.083],[-72.85,20.083],[-72.856,20.083],[-72.856,20.088],[-72.861,20.088],[-72.861,20.083],[-72.867,20.083],[-72.872,20.083],[-72.878,20.083],[-72.889,20.083],[-72.894,20.083],[-72.9,20.083],[-72.905,20.078],[-72.911,20.078],[-72.916,20.078],[-72.922,20.078],[-72.927,20.078],[-72.933,20.078],[-72.938,20.072],[-72.949,20.072],[-72.955,20.072],[-72.955,20.067],[-72.96,20.067],[-72.966,20.067],[-72.971,20.067],[-72.971,20.061],[-72.966,20.055],[-72.96,20.05],[-72.955,20.05],[-72.949,20.05],[-72.944,20.05],[-72.938,20.05],[-72.933,20.05],[-72.927,20.045],[-72.922,20.045],[-72.916,20.045],[-72.911,20.039],[-72.9,20.039],[-72.894,20.039],[-72.889,20.034],[-72.883,20.028],[-72.872,20.028],[-72.872,20.034],[-72.861,20.028],[-72.856,20.028],[-72.85,20.028],[-72.828,20.028],[-72.817,20.028],[-72.812,20.023],[-72.806,20.023],[-72.801,20.023],[-72.795,20.023],[-72.795,20.017],[-72.784,20.017],[-72.779,20.017],[-72.773,20.017],[-72.768,20.012],[-72.763,20.012],[-72.757,20.006],[-72.746,20.006],[-72.74,20.006],[-72.735,20.006],[-72.729,20.006],[-72.729,20.001],[-72.724,20.001],[-72.719,20.001],[-72.713,20.001],[-72.702,20.001],[-72.696,19.995],[-72.685,19.995],[-72.675,19.995],[-72.669,19.995],[-72.664,19.995],[-72.658,19.995],[-72.658,19.99],[-72.647,19.99],[-72.642,19.99],[-72.631,19.99],[-72.625,19.99],[-72.62,19.995],[-72.625,20.001],[-72.631,20.006],[-72.631,20.012],[-72.642,20.017],[-72.647,20.023],[-72.653,20.028],[-72.658,20.028],[-72.664,20.034],[-72.664,20.039],[-72.675,20.045],[-72.68,20.045],[-72.685,20.045],[-72.691,20.045],[-72.702,20.05],[-72.708,20.05],[-72.713,20.05],[-72.724,20.055],[-72.729,20.055],[-72.735,20.061],[-72.74,20.061],[-72.746,20.067],[-72.752,20.067],[-72.763,20.067],[-72.768,20.072],[-72.773,20.072],[-72.779,20.078],[-72.784,20.078],[-72.79,20.078],[-72.795,20.083],[-72.801,20.088],[-72.806,20.088]]]]}},{"type":"Feature","properties":{"atmart_geo_id":"HTE-412002","pcode":"412002","region_id_dhs":"HTDHS2016412002","nom_fr":"Reste de l'Ouest","nom_source":"Rest of West","niveau_admin":"enquete"},"geometry":{"type":"MultiPolygon","coordinates":[[[[-72.175,18.43],[-72.175,18.435],[-72.18,18.435],[-72.18,18.43],[-72.175,18.43]]],[[[-72.576,18.562],[-72.587,18.562],[-72.592,18.562],[-72.598,18.562],[-72.603,18.556],[-72.609,18.556],[-72.614,18.556],[-72.62,18.55],[-72.625,18.55],[-72.631,18.55],[-72.636,18.539],[-72.642,18.534],[-72.647,18.529],[-72.653,18.523],[-72.653,18.518],[-72.658,18.518],[-72.658,18.512],[-72.658,18.507],[-72.664,18.495],[-72.664,18.49],[-72.669,18.485],[-72.669,18.479],[-72.669,18.474],[-72.669,18.468],[-72.675,18.468],[-72.675,18.463],[-72.675,18.457],[-72.68,18.457],[-72.68,18.451],[-72.685,18.451],[-72.685,18.446],[-72.691,18.446],[-72.691,18.441],[-72.696,18.441],[-72.702,18.435],[-72.708,18.435],[-72.713,18.435],[-72.719,18.43],[-72.724,18.43],[-72.724,18.424],[-72.729,18.424],[-72.74,18.424],[-72.746,18.424],[-72.752,18.424],[-72.752,18.43],[-72.757,18.424],[-72.763,18.43],[-72.768,18.43],[-72.773,18.43],[-72.784,18.43],[-72.79,18.43],[-72.795,18.43],[-72.801,18.435],[-72.806,18.435],[-72.812,18.441],[-72.817,18.441],[-72.823,18.441],[-72.828,18.441],[-72.845,18.441],[-72.85,18.441],[-72.856,18.441],[-72.861,18.441],[-72.861,18.435],[-72.872,18.435],[-72.872,18.43],[-72.878,18.424],[-72.883,18.424],[-72.894,18.424],[-72.9,18.43],[-72.9,18.435],[-72.905,18.435],[-72.905,18.441],[-72.9,18.441],[-72.894,18.441],[-72.9,18.446],[-72.905,18.446],[-72.916,18.446],[-72.916,18.451],[-72.922,18.451],[-72.933,18.457],[-72.938,18.457],[-72.944,18.457],[-72.949,18.457],[-72.955,18.457],[-72.96,18.463],[-72.971,18.463],[-72.977,18.463],[-72.982,18.463],[-72.988,18.463],[-72.993,18.463],[-72.999,18.463],[-73.004,18.463],[-73.021,18.463],[-73.026,18.463],[-73.032,18.463],[-73.037,18.463],[-73.043,18.463],[-73.048,18.457],[-73.054,18.457],[-73.054,18.451],[-73.054,18.446],[-73.048,18.446],[-73.048,18.441],[-73.043,18.435],[-73.048,18.435],[-73.054,18.435],[-73.054,18.43],[-73.048,18.43],[-73.048,18.424],[-73.048,18.419],[-73.043,18.419],[-73.043,18.413],[-73.037,18.413],[-73.037,18.408],[-73.037,18.402],[-73.037,18.397],[-73.032,18.391],[-73.026,18.391],[-73.026,18.386],[-73.021,18.386],[-73.021,18.38],[-73.026,18.375],[-73.021,18.369],[-73.015,18.369],[-73.01,18.358],[-73.015,18.353],[-73.021,18.353],[-73.021,18.347],[-73.021,18.342],[-73.015,18.342],[-73.015,18.336],[-73.01,18.336],[-73.01,18.331],[-73.004,18.331],[-72.999,18.331],[-72.999,18.325],[-72.993,18.325],[-72.988,18.32],[-72.988,18.314],[-72.988,18.309],[-72.982,18.309],[-72.982,18.303],[-72.977,18.298],[-72.977,18.292],[-72.977,18.287],[-72.971,18.287],[-72.971,18.281],[-72.966,18.281],[-72.966,18.276],[-72.96,18.276],[-72.96,18.281],[-72.955,18.281],[-72.955,18.292],[-72.949,18.292],[-72.944,18.292],[-72.938,18.292],[-72.933,18.292],[-72.933,18.287],[-72.927,18.287],[-72.927,18.292],[-72.922,18.292],[-72.922,18.287],[-72.916,18.287],[-72.916,18.292],[-72.911,18.292],[-72.905,18.292],[-72.9,18.292],[-72.894,18.292],[-72.889,18.298],[-72.889,18.292],[-72.894,18.292],[-72.894,18.287],[-72.889,18.281],[-72.883,18.281],[-72.883,18.276],[-72.878,18.276],[-72.878,18.27],[-72.872,18.27],[-72.867,18.265],[-72.861,18.259],[-72.856,18.259],[-72.85,18.259],[-72.85,18.265],[-72.856,18.27],[-72.856,18.276],[-72.856,18.281],[-72.85,18.281],[-72.845,18.281],[-72.839,18.281],[-72.834,18.281],[-72.828,18.281],[-72.828,18.287],[-72.823,18.287],[-72.817,18.287],[-72.812,18.287],[-72.806,18.287],[-72.806,18.281],[-72.801,18.281],[-72.795,18.276],[-72.79,18.276],[-72.784,18.27],[-72.779,18.27],[-72.773,18.27],[-72.768,18.265],[-72.763,18.265],[-72.763,18.27],[-72.768,18.27],[-72.768,18.276],[-72.763,18.276],[-72.763,18.281],[-72.757,18.281],[-72.757,18.287],[-72.752,18.287],[-72.752,18.292],[-72.746,18.292],[-72.746,18.287],[-72.74,18.287],[-72.74,18.292],[-72.74,18.298],[-72.74,18.303],[-72.74,18.309],[-72.74,18.314],[-72.74,18.32],[-72.735,18.32],[-72.729,18.32],[-72.729,18.314],[-72.724,18.314],[-72.724,18.309],[-72.719,18.309],[-72.719,18.303],[-72.713,18.303],[-72.713,18.298],[-72.708,18.298],[-72.708,18.303],[-72.708,18.309],[-72.702,18.309],[-72.702,18.314],[-72.696,18.314],[-72.691,18.314],[-72.691,18.32],[-72.685,18.32],[-72.68,18.32],[-72.685,18.325],[-72.68,18.325],[-72.675,18.325],[-72.675,18.331],[-72.669,18.331],[-72.664,18.331],[-72.664,18.325],[-72.658,18.325],[-72.653,18.325],[-72.647,18.325],[-72.642,18.331],[-72.642,18.336],[-72.642,18.342],[-72.642,18.347],[-72.636,18.347],[-72.625,18.347],[-72.62,18.347],[-72.62,18.336],[-72.614,18.336],[-72.614,18.331],[-72.614,18.325],[-72.609,18.325],[-72.603,18.325],[-72.603,18.331],[-72.598,18.336],[-72.598,18.342],[-72.592,18.347],[-72.587,18.347],[-72.587,18.353],[-72.581,18.353],[-72.57,18.353],[-72.57,18.347],[-72.565,18.347],[-72.565,18.353],[-72.559,18.353],[-72.554,18.353],[-72.548,18.358],[-72.548,18.364],[-72.548,18.369],[-72.543,18.369],[-72.537,18.369],[-72.532,18.375],[-72.532,18.38],[-72.526,18.386],[-72.521,18.391],[-72.521,18.397],[-72.515,18.397],[-72.51,18.397],[-72.504,18.408],[-72.499,18.408],[-72.493,18.402],[-72.482,18.402],[-72.477,18.402],[-72.471,18.402],[-72.466,18.397],[-72.46,18.397],[-72.455,18.397],[-72.449,18.397],[-72.449,18.402],[-72.449,18.408],[-72.455,18.413],[-72.449,18.413],[-72.455,18.419],[-72.449,18.419],[-72.449,18.424],[-72.455,18.43],[-72.449,18.43],[-72.455,18.435],[-72.455,18.441],[-72.46,18.446],[-72.455,18.451],[-72.455,18.457],[-72.46,18.457],[-72.46,18.463],[-72.466,18.463],[-72.466,18.468],[-72.466,18.474],[-72.46,18.474],[-72.455,18.474],[-72.449,18.474],[-72.444,18.479],[-72.449,18.485],[-72.449,18.49],[-72.455,18.49],[-72.455,18.495],[-72.46,18.495],[-72.466,18.501],[-72.46,18.501],[-72.466,18.507],[-72.46,18.507],[-72.46,18.512],[-72.466,18.518],[-72.46,18.518],[-72.46,18.523],[-72.455,18.529],[-72.46,18.534],[-72.46,18.539],[-72.455,18.539],[-72.455,18.545],[-72.46,18.545],[-72.466,18.545],[-72.471,18.545],[-72.477,18.545],[-72.482,18.545],[-72.493,18.545],[-72.499,18.545],[-72.504,18.545],[-72.51,18.545],[-72.515,18.545],[-72.515,18.55],[-72.521,18.545],[-72.526,18.545],[-72.532,18.545],[-72.537,18.545],[-72.543,18.545],[-72.548,18.55],[-72.559,18.55],[-72.559,18.556],[-72.565,18.562],[-72.57,18.562],[-72.576,18.562]]],[[[-72.383,18.693],[-72.383,18.688],[-72.378,18.693],[-72.383,18.693]]],[[[-72.383,18.693],[-72.389,18.699],[-72.389,18.693],[-72.383,18.693]]],[[[-72.905,18.852],[-72.905,18.858],[-72.911,18.858],[-72.911,18.852],[-72.911,18.847],[-72.916,18.847],[-72.916,18.852],[-72.922,18.852],[-72.927,18.852],[-72.933,18.858],[-72.938,18.858],[-72.938,18.852],[-72.944,18.858],[-72.938,18.858],[-72.938,18.864],[-72.944,18.864],[-72.955,18.864],[-72.96,18.869],[-72.966,18.869],[-72.971,18.869],[-72.977,18.869],[-72.982,18.875],[-72.988,18.875],[-72.988,18.88],[-72.993,18.88],[-72.999,18.886],[-72.999,18.891],[-73.004,18.891],[-73.01,18.896],[-73.015,18.896],[-73.015,18.902],[-73.021,18.902],[-73.026,18.902],[-73.037,18.907],[-73.043,18.907],[-73.048,18.913],[-73.048,18.919],[-73.054,18.919],[-73.054,18.924],[-73.059,18.924],[-73.065,18.924],[-73.07,18.924],[-73.076,18.924],[-73.081,18.924],[-73.081,18.93],[-73.103,18.93],[-73.114,18.93],[-73.12,18.93],[-73.125,18.935],[-73.13,18.935],[-73.136,18.935],[-73.141,18.94],[-73.153,18.946],[-73.158,18.946],[-73.164,18.946],[-73.169,18.951],[-73.174,18.957],[-73.18,18.963],[-73.185,18.963],[-73.191,18.963],[-73.191,18.968],[-73.196,18.968],[-73.202,18.968],[-73.213,18.968],[-73.218,18.968],[-73.224,18.968],[-73.229,18.968],[-73.229,18.963],[-73.235,18.963],[-73.24,18.963],[-73.257,18.963],[-73.262,18.963],[-73.268,18.957],[-73.273,18.957],[-73.279,18.957],[-73.279,18.951],[-73.284,18.951],[-73.29,18.946],[-73.295,18.94],[-73.301,18.935],[-73.306,18.935],[-73.306,18.924],[-73.306,18.919],[-73.306,18.913],[-73.301,18.907],[-73.29,18.896],[-73.284,18.891],[-73.279,18.891],[-73.273,18.891],[-73.268,18.88],[-73.262,18.875],[-73.257,18.864],[-73.246,18.852],[-73.24,18.852],[-73.24,18.847],[-73.235,18.847],[-73.229,18.847],[-73.224,18.836],[-73.218,18.831],[-73.213,18.831],[-73.207,18.831],[-73.202,18.831],[-73.202,18.836],[-73.196,18.836],[-73.191,18.836],[-73.18,18.831],[-73.174,18.825],[-73.169,18.825],[-73.164,18.825],[-73.164,18.82],[-73.153,18.82],[-73.141,18.82],[-73.136,18.82],[-73.13,18.82],[-73.13,18.814],[-73.125,18.814],[-73.12,18.809],[-73.114,18.809],[-73.114,18.803],[-73.103,18.803],[-73.103,18.798],[-73.097,18.798],[-73.081,18.798],[-73.081,18.792],[-73.076,18.792],[-73.076,18.787],[-73.07,18.787],[-73.07,18.781],[-73.065,18.781],[-73.059,18.776],[-73.054,18.765],[-73.048,18.765],[-73.048,18.759],[-73.043,18.759],[-73.043,18.754],[-73.037,18.754],[-73.032,18.754],[-73.026,18.754],[-73.021,18.748],[-73.015,18.748],[-73.01,18.748],[-73.004,18.743],[-72.999,18.743],[-72.993,18.743],[-72.977,18.743],[-72.971,18.743],[-72.955,18.743],[-72.955,18.737],[-72.949,18.743],[-72.944,18.743],[-72.944,18.737],[-72.938,18.737],[-72.933,18.737],[-72.927,18.743],[-72.922,18.737],[-72.916,18.737],[-72.911,18.732],[-72.905,18.732],[-72.894,18.726],[-72.889,18.726],[-72.883,18.726],[-72.872,18.726],[-72.867,18.726],[-72.867,18.721],[-72.861,18.721],[-72.856,18.721],[-72.856,18.715],[-72.845,18.721],[-72.839,18.721],[-72.839,18.715],[-72.839,18.71],[-72.839,18.704],[-72.839,18.699],[-72.834,18.699],[-72.828,18.693],[-72.823,18.693],[-72.823,18.699],[-72.817,18.699],[-72.812,18.699],[-72.806,18.704],[-72.812,18.71],[-72.817,18.715],[-72.817,18.721],[-72.817,18.726],[-72.806,18.726],[-72.806,18.732],[-72.801,18.732],[-72.795,18.732],[-72.795,18.737],[-72.801,18.743],[-72.806,18.748],[-72.806,18.754],[-72.806,18.759],[-72.806,18.765],[-72.806,18.77],[-72.806,18.776],[-72.812,18.776],[-72.812,18.781],[-72.812,18.787],[-72.817,18.787],[-72.817,18.792],[-72.823,18.798],[-72.823,18.803],[-72.828,18.809],[-72.834,18.814],[-72.839,18.82],[-72.845,18.825],[-72.85,18.825],[-72.85,18.831],[-72.85,18.836],[-72.861,18.836],[-72.867,18.836],[-72.867,18.842],[-72.872,18.842],[-72.883,18.842],[-72.883,18.847],[-72.889,18.847],[-72.894,18.847],[-72.9,18.852],[-72.905,18.852]]],[[[-72.328,18.677],[-72.323,18.677],[-72.328,18.671],[-72.323,18.671],[-72.317,18.666],[-72.317,18.66],[-72.323,18.66],[-72.323,18.655],[-72.328,18.655],[-72.334,18.649],[-72.339,18.644],[-72.339,18.638],[-72.345,18.633],[-72.345,18.627],[-72.351,18.627],[-72.345,18.622],[-72.339,18.622],[-72.334,18.622],[-72.334,18.616],[-72.328,18.616],[-72.328,18.611],[-72.323,18.611],[-72.317,18.611],[-72.317,18.605],[-72.312,18.605],[-72.307,18.605],[-72.301,18.605],[-72.301,18.611],[-72.295,18.611],[-72.295,18.605],[-72.29,18.605],[-72.29,18.6],[-72.284,18.6],[-72.279,18.6],[-72.274,18.6],[-72.268,18.594],[-72.263,18.594],[-72.257,18.594],[-72.257,18.589],[-72.252,18.589],[-72.246,18.589],[-72.246,18.584],[-72.246,18.578],[-72.241,18.578],[-72.241,18.573],[-72.241,18.567],[-72.235,18.567],[-72.235,18.562],[-72.235,18.556],[-72.23,18.55],[-72.23,18.545],[-72.224,18.539],[-72.219,18.534],[-72.219,18.529],[-72.213,18.523],[-72.208,18.518],[-72.208,18.512],[-72.202,18.507],[-72.197,18.501],[-72.197,18.495],[-72.191,18.495],[-72.191,18.49],[-72.191,18.485],[-72.186,18.485],[-72.186,18.479],[-72.18,18.479],[-72.175,18.479],[-72.169,18.479],[-72.169,18.474],[-72.169,18.468],[-72.164,18.468],[-72.158,18.468],[-72.158,18.463],[-72.158,18.457],[-72.158,18.451],[-72.164,18.451],[-72.169,18.451],[-72.169,18.446],[-72.175,18.446],[-72.175,18.441],[-72.175,18.435],[-72.169,18.43],[-72.169,18.435],[-72.164,18.43],[-72.169,18.43],[-72.175,18.43],[-72.175,18.424],[-72.175,18.419],[-72.18,18.419],[-72.186,18.419],[-72.191,18.419],[-72.197,18.419],[-72.197,18.424],[-72.202,18.424],[-72.208,18.424],[-72.213,18.419],[-72.213,18.424],[-72.213,18.43],[-72.219,18.43],[-72.219,18.435],[-72.224,18.435],[-72.224,18.441],[-72.23,18.446],[-72.23,18.451],[-72.224,18.446],[-72.224,18.451],[-72.23,18.457],[-72.235,18.457],[-72.235,18.463],[-72.235,18.468],[-72.246,18.463],[-72.252,18.457],[-72.257,18.457],[-72.263,18.463],[-72.263,18.457],[-72.268,18.457],[-72.274,18.463],[-72.284,18.463],[-72.284,18.468],[-72.29,18.474],[-72.29,18.479],[-72.29,18.485],[-72.295,18.485],[-72.301,18.485],[-72.301,18.479],[-72.295,18.474],[-72.295,18.468],[-72.301,18.468],[-72.301,18.463],[-72.307,18.457],[-72.307,18.451],[-72.312,18.446],[-72.317,18.446],[-72.323,18.446],[-72.328,18.446],[-72.334,18.451],[-72.339,18.457],[-72.345,18.457],[-72.351,18.457],[-72.351,18.451],[-72.356,18.451],[-72.356,18.446],[-72.362,18.446],[-72.362,18.441],[-72.367,18.441],[-72.372,18.441],[-72.378,18.441],[-72.383,18.441],[-72.389,18.441],[-72.389,18.435],[-72.389,18.43],[-72.389,18.424],[-72.389,18.419],[-72.383,18.413],[-72.378,18.408],[-72.372,18.408],[-72.372,18.402],[-72.367,18.402],[-72.362,18.397],[-72.356,18.402],[-72.351,18.402],[-72.345,18.397],[-72.345,18.391],[-72.351,18.391],[-72.351,18.386],[-72.356,18.38],[-72.362,18.38],[-72.367,18.38],[-72.367,18.375],[-72.367,18.369],[-72.372,18.369],[-72.367,18.364],[-72.367,18.358],[-72.362,18.353],[-72.356,18.353],[-72.351,18.347],[-72.345,18.347],[-72.339,18.347],[-72.334,18.347],[-72.334,18.342],[-72.328,18.342],[-72.323,18.342],[-72.317,18.342],[-72.312,18.342],[-72.307,18.342],[-72.301,18.342],[-72.295,18.342],[-72.29,18.342],[-72.284,18.342],[-72.284,18.347],[-72.284,18.353],[-72.279,18.353],[-72.274,18.353],[-72.268,18.358],[-72.263,18.358],[-72.257,18.358],[-72.252,18.358],[-72.252,18.353],[-72.246,18.353],[-72.241,18.353],[-72.235,18.353],[-72.23,18.353],[-72.224,18.353],[-72.224,18.347],[-72.219,18.347],[-72.213,18.353],[-72.208,18.353],[-72.202,18.353],[-72.197,18.353],[-72.191,18.353],[-72.186,18.353],[-72.186,18.347],[-72.18,18.347],[-72.175,18.347],[-72.169,18.347],[-72.164,18.347],[-72.158,18.347],[-72.153,18.347],[-72.147,18.347],[-72.142,18.342],[-72.136,18.342],[-72.131,18.336],[-72.125,18.336],[-72.12,18.336],[-72.114,18.336],[-72.109,18.336],[-72.103,18.336],[-72.098,18.336],[-72.092,18.336],[-72.087,18.336],[-72.081,18.336],[-72.081,18.331],[-72.076,18.325],[-72.07,18.325],[-72.07,18.32],[-72.065,18.32],[-72.059,18.325],[-72.054,18.325],[-72.048,18.325],[-72.048,18.32],[-72.043,18.32],[-72.037,18.325],[-72.032,18.32],[-72.026,18.32],[-72.021,18.32],[-72.015,18.32],[-72.01,18.32],[-72.004,18.32],[-72.004,18.314],[-71.999,18.314],[-71.993,18.314],[-71.988,18.314],[-71.982,18.314],[-71.977,18.314],[-71.971,18.314],[-71.966,18.314],[-71.96,18.314],[-71.955,18.314],[-71.955,18.32],[-71.95,18.314],[-71.944,18.314],[-71.938,18.309],[-71.933,18.309],[-71.927,18.309],[-71.922,18.314],[-71.916,18.314],[-71.911,18.314],[-71.906,18.314],[-71.906,18.32],[-71.9,18.32],[-71.894,18.32],[-71.889,18.32],[-71.883,18.32],[-71.878,18.32],[-71.878,18.325],[-71.873,18.325],[-71.867,18.325],[-71.867,18.32],[-71.862,18.32],[-71.862,18.314],[-71.867,18.309],[-71.867,18.303],[-71.867,18.298],[-71.867,18.292],[-71.867,18.287],[-71.867,18.281],[-71.867,18.276],[-71.862,18.276],[-71.856,18.276],[-71.851,18.276],[-71.845,18.276],[-71.845,18.281],[-71.84,18.281],[-71.834,18.281],[-71.829,18.281],[-71.823,18.281],[-71.818,18.281],[-71.812,18.281],[-71.807,18.287],[-71.796,18.287],[-71.79,18.287],[-71.785,18.281],[-71.779,18.281],[-71.774,18.287],[-71.763,18.287],[-71.757,18.292],[-71.752,18.292],[-71.746,18.292],[-71.741,18.292],[-71.735,18.292],[-71.73,18.292],[-71.697,18.342],[-71.796,18.38],[-71.807,18.391],[-71.801,18.391],[-71.829,18.402],[-71.845,18.43],[-71.906,18.457],[-71.916,18.485],[-71.878,18.49],[-71.878,18.507],[-71.916,18.539],[-71.95,18.578],[-71.96,18.594],[-71.966,18.605],[-71.971,18.605],[-71.977,18.605],[-71.982,18.611],[-71.982,18.616],[-71.988,18.616],[-71.993,18.616],[-71.999,18.616],[-72.004,18.616],[-72.004,18.622],[-72.01,18.622],[-72.004,18.627],[-71.999,18.627],[-71.999,18.633],[-71.993,18.633],[-71.988,18.633],[-71.982,18.633],[-71.982,18.638],[-71.977,18.638],[-71.977,18.644],[-71.977,18.649],[-71.971,18.649],[-71.971,18.655],[-71.966,18.655],[-71.96,18.655],[-71.955,18.655],[-71.938,18.644],[-71.927,18.638],[-71.922,18.633],[-71.922,18.638],[-71.916,18.644],[-71.916,18.649],[-71.911,18.649],[-71.906,18.649],[-71.9,18.649],[-71.894,18.644],[-71.883,18.638],[-71.883,18.633],[-71.883,18.627],[-71.878,18.627],[-71.873,18.627],[-71.873,18.633],[-71.867,18.633],[-71.873,18.638],[-71.867,18.638],[-71.862,18.638],[-71.856,18.638],[-71.856,18.633],[-71.851,18.633],[-71.845,18.627],[-71.84,18.627],[-71.834,18.627],[-71.834,18.633],[-71.829,18.633],[-71.823,18.633],[-71.818,18.633],[-71.812,18.633],[-71.807,18.633],[-71.807,18.644],[-71.807,18.649],[-71.807,18.655],[-71.807,18.66],[-71.807,18.666],[-71.801,18.671],[-71.801,18.677],[-71.801,18.682],[-71.807,18.682],[-71.807,18.688],[-71.812,18.688],[-71.812,18.693],[-71.818,18.699],[-71.823,18.699],[-71.829,18.704],[-71.834,18.71],[-71.84,18.71],[-71.845,18.715],[-71.851,18.721],[-71.862,18.721],[-71.873,18.721],[-71.878,18.721],[-71.883,18.721],[-71.889,18.721],[-71.894,18.721],[-71.9,18.721],[-71.906,18.726],[-71.911,18.732],[-71.916,18.732],[-71.922,18.732],[-71.922,18.737],[-71.927,18.737],[-71.938,18.737],[-71.944,18.737],[-71.95,18.737],[-71.955,18.743],[-71.96,18.743],[-71.966,18.743],[-71.971,18.748],[-71.971,18.743],[-71.977,18.737],[-71.977,18.732],[-71.982,18.737],[-71.988,18.737],[-71.993,18.732],[-71.999,18.732],[-72.004,18.732],[-72.004,18.737],[-72.01,18.737],[-72.015,18.732],[-72.015,18.726],[-72.021,18.726],[-72.026,18.726],[-72.037,18.726],[-72.037,18.721],[-72.043,18.721],[-72.054,18.721],[-72.059,18.721],[-72.065,18.721],[-72.07,18.721],[-72.07,18.726],[-72.07,18.732],[-72.076,18.737],[-72.081,18.732],[-72.081,18.726],[-72.087,18.721],[-72.087,18.715],[-72.092,18.71],[-72.098,18.71],[-72.103,18.71],[-72.109,18.71],[-72.114,18.704],[-72.125,18.704],[-72.131,18.704],[-72.136,18.704],[-72.136,18.699],[-72.142,18.699],[-72.147,18.693],[-72.153,18.699],[-72.158,18.699],[-72.164,18.699],[-72.164,18.704],[-72.169,18.704],[-72.175,18.71],[-72.18,18.715],[-72.186,18.721],[-72.191,18.726],[-72.197,18.732],[-72.197,18.737],[-72.202,18.743],[-72.197,18.743],[-72.197,18.748],[-72.197,18.754],[-72.202,18.759],[-72.202,18.754],[-72.208,18.759],[-72.208,18.765],[-72.213,18.77],[-72.219,18.776],[-72.224,18.77],[-72.224,18.776],[-72.23,18.776],[-72.235,18.776],[-72.241,18.781],[-72.246,18.781],[-72.252,18.781],[-72.252,18.787],[-72.257,18.787],[-72.263,18.787],[-72.263,18.792],[-72.268,18.792],[-72.274,18.798],[-72.274,18.803],[-72.274,18.809],[-72.279,18.809],[-72.279,18.814],[-72.284,18.82],[-72.29,18.82],[-72.295,18.82],[-72.301,18.82],[-72.307,18.814],[-72.312,18.814],[-72.317,18.814],[-72.323,18.814],[-72.323,18.82],[-72.328,18.831],[-72.334,18.831],[-72.334,18.836],[-72.339,18.842],[-72.351,18.852],[-72.356,18.852],[-72.362,18.858],[-72.362,18.864],[-72.367,18.864],[-72.367,18.869],[-72.372,18.875],[-72.378,18.875],[-72.383,18.88],[-72.389,18.886],[-72.394,18.891],[-72.394,18.896],[-72.405,18.902],[-72.411,18.902],[-72.416,18.902],[-72.416,18.907],[-72.422,18.913],[-72.427,18.913],[-72.427,18.919],[-72.438,18.919],[-72.438,18.924],[-72.444,18.924],[-72.449,18.924],[-72.449,18.919],[-72.455,18.919],[-72.46,18.924],[-72.46,18.93],[-72.466,18.93],[-72.471,18.93],[-72.482,18.946],[-72.493,18.957],[-72.499,18.957],[-72.504,18.957],[-72.51,18.957],[-72.515,18.957],[-72.521,18.957],[-72.526,18.957],[-72.532,18.957],[-72.537,18.957],[-72.543,18.963],[-72.548,18.963],[-72.554,18.963],[-72.559,18.963],[-72.559,18.968],[-72.565,18.963],[-72.57,18.968],[-72.576,18.968],[-72.581,18.968],[-72.587,18.968],[-72.587,18.974],[-72.592,18.974],[-72.598,18.974],[-72.603,18.974],[-72.609,18.974],[-72.614,18.974],[-72.614,18.979],[-72.62,18.979],[-72.62,18.974],[-72.625,18.974],[-72.631,18.974],[-72.636,18.974],[-72.642,18.974],[-72.647,18.974],[-72.653,18.974],[-72.653,18.968],[-72.658,18.968],[-72.664,18.968],[-72.664,18.974],[-72.669,18.974],[-72.669,18.968],[-72.675,18.968],[-72.68,18.968],[-72.68,18.974],[-72.685,18.974],[-72.685,18.968],[-72.691,18.968],[-72.691,18.963],[-72.696,18.963],[-72.696,18.957],[-72.702,18.957],[-72.702,18.951],[-72.708,18.951],[-72.708,18.946],[-72.708,18.94],[-72.702,18.94],[-72.696,18.94],[-72.691,18.935],[-72.685,18.935],[-72.68,18.93],[-72.675,18.93],[-72.669,18.924],[-72.664,18.924],[-72.664,18.919],[-72.658,18.919],[-72.653,18.919],[-72.653,18.913],[-72.642,18.907],[-72.642,18.902],[-72.636,18.902],[-72.636,18.896],[-72.631,18.896],[-72.631,18.891],[-72.625,18.891],[-72.625,18.886],[-72.62,18.886],[-72.62,18.88],[-72.62,18.869],[-72.62,18.864],[-72.614,18.864],[-72.614,18.858],[-72.609,18.858],[-72.603,18.858],[-72.598,18.852],[-72.598,18.847],[-72.592,18.847],[-72.592,18.842],[-72.587,18.836],[-72.581,18.836],[-72.581,18.831],[-72.576,18.831],[-72.576,18.825],[-72.576,18.82],[-72.57,18.814],[-72.57,18.809],[-72.565,18.803],[-72.565,18.798],[-72.565,18.792],[-72.559,18.792],[-72.554,18.792],[-72.554,18.787],[-72.548,18.787],[-72.548,18.781],[-72.548,18.776],[-72.543,18.77],[-72.537,18.77],[-72.532,18.77],[-72.526,18.765],[-72.521,18.765],[-72.504,18.765],[-72.499,18.765],[-72.493,18.765],[-72.488,18.765],[-72.482,18.759],[-72.477,18.759],[-72.471,18.754],[-72.466,18.754],[-72.466,18.748],[-72.46,18.748],[-72.46,18.743],[-72.46,18.737],[-72.46,18.732],[-72.455,18.732],[-72.455,18.726],[-72.455,18.721],[-72.455,18.715],[-72.449,18.715],[-72.444,18.715],[-72.438,18.715],[-72.438,18.71],[-72.433,18.71],[-72.427,18.71],[-72.416,18.71],[-72.405,18.71],[-72.4,18.71],[-72.389,18.71],[-72.383,18.704],[-72.383,18.699],[-72.378,18.699],[-72.372,18.699],[-72.372,18.693],[-72.367,18.693],[-72.362,18.688],[-72.356,18.688],[-72.356,18.682],[-72.351,18.682],[-72.345,18.682],[-72.339,18.682],[-72.334,18.682],[-72.334,18.677],[-72.328,18.677]]]]}},{"type":"Feature","properties":{"atmart_geo_id":"HTE-412008","pcode":"412008","region_id_dhs":"HTDHS2016412008","nom_fr":"Sud","nom_source":"South","niveau_admin":"enquete"},"geometry":{"type":"MultiPolygon","coordinates":[[[[-73.801,18.062],[-73.801,18.067],[-73.806,18.067],[-73.801,18.062]]],[[[-73.812,18.084],[-73.817,18.084],[-73.812,18.078],[-73.812,18.084]]],[[[-73.702,18.106],[-73.707,18.106],[-73.713,18.106],[-73.713,18.1],[-73.707,18.094],[-73.707,18.089],[-73.702,18.084],[-73.696,18.084],[-73.691,18.078],[-73.691,18.073],[-73.685,18.067],[-73.68,18.067],[-73.68,18.062],[-73.68,18.056],[-73.669,18.056],[-73.663,18.056],[-73.658,18.056],[-73.652,18.056],[-73.647,18.056],[-73.641,18.056],[-73.636,18.056],[-73.619,18.056],[-73.592,18.056],[-73.592,18.05],[-73.586,18.056],[-73.581,18.056],[-73.575,18.062],[-73.575,18.067],[-73.575,18.073],[-73.581,18.073],[-73.581,18.078],[-73.581,18.084],[-73.586,18.084],[-73.592,18.089],[-73.597,18.094],[-73.603,18.094],[-73.608,18.094],[-73.614,18.094],[-73.619,18.094],[-73.619,18.089],[-73.625,18.089],[-73.636,18.084],[-73.641,18.078],[-73.647,18.084],[-73.652,18.084],[-73.658,18.084],[-73.663,18.089],[-73.669,18.094],[-73.674,18.094],[-73.68,18.094],[-73.68,18.1],[-73.685,18.1],[-73.691,18.106],[-73.696,18.106],[-73.696,18.1],[-73.702,18.1],[-73.702,18.106]]],[[[-73.641,18.117],[-73.641,18.122],[-73.647,18.122],[-73.647,18.117],[-73.641,18.117]]],[[[-73.636,18.128],[-73.636,18.133],[-73.641,18.133],[-73.641,18.128],[-73.636,18.128]]],[[[-73.625,18.128],[-73.625,18.133],[-73.63,18.128],[-73.625,18.128]]],[[[-73.004,18.183],[-73.004,18.177],[-72.999,18.177],[-72.999,18.183],[-73.004,18.183]]],[[[-73.18,18.199],[-73.174,18.204],[-73.18,18.204],[-73.18,18.199]]],[[[-73.542,18.215],[-73.542,18.21],[-73.537,18.21],[-73.531,18.21],[-73.531,18.215],[-73.537,18.215],[-73.542,18.215]]],[[[-73.521,18.21],[-73.515,18.21],[-73.521,18.215],[-73.521,18.21]]],[[[-73.394,18.221],[-73.394,18.226],[-73.4,18.232],[-73.405,18.232],[-73.405,18.226],[-73.411,18.226],[-73.416,18.226],[-73.422,18.226],[-73.427,18.226],[-73.422,18.221],[-73.422,18.215],[-73.416,18.215],[-73.416,18.221],[-73.411,18.221],[-73.405,18.215],[-73.4,18.215],[-73.394,18.215],[-73.389,18.215],[-73.389,18.221],[-73.394,18.221]]],[[[-73.433,18.254],[-73.438,18.254],[-73.433,18.248],[-73.433,18.254]]],[[[-73.405,18.254],[-73.405,18.248],[-73.4,18.248],[-73.4,18.254],[-73.405,18.254]]],[[[-73.35,18.215],[-73.339,18.215],[-73.334,18.215],[-73.334,18.221],[-73.323,18.221],[-73.317,18.226],[-73.312,18.226],[-73.301,18.226],[-73.301,18.232],[-73.295,18.232],[-73.29,18.232],[-73.279,18.232],[-73.279,18.226],[-73.273,18.226],[-73.273,18.221],[-73.273,18.215],[-73.268,18.215],[-73.262,18.215],[-73.257,18.21],[-73.257,18.215],[-73.251,18.215],[-73.246,18.215],[-73.24,18.21],[-73.229,18.21],[-73.224,18.21],[-73.213,18.21],[-73.207,18.21],[-73.202,18.21],[-73.185,18.21],[-73.185,18.204],[-73.18,18.204],[-73.18,18.21],[-73.174,18.21],[-73.174,18.204],[-73.164,18.204],[-73.158,18.199],[-73.153,18.199],[-73.147,18.199],[-73.147,18.193],[-73.141,18.193],[-73.136,18.193],[-73.13,18.193],[-73.125,18.193],[-73.125,18.188],[-73.12,18.188],[-73.114,18.188],[-73.109,18.188],[-73.103,18.188],[-73.097,18.188],[-73.097,18.183],[-73.092,18.183],[-73.086,18.183],[-73.081,18.183],[-73.076,18.183],[-73.07,18.183],[-73.065,18.183],[-73.059,18.183],[-73.048,18.183],[-73.048,18.177],[-73.043,18.177],[-73.021,18.177],[-73.021,18.183],[-73.015,18.183],[-73.01,18.183],[-73.004,18.183],[-73.004,18.188],[-73.01,18.188],[-73.01,18.193],[-73.004,18.199],[-73.01,18.204],[-73.004,18.204],[-72.999,18.21],[-73.004,18.21],[-73.01,18.21],[-73.01,18.215],[-73.01,18.221],[-73.015,18.221],[-73.015,18.226],[-73.021,18.226],[-73.021,18.232],[-73.021,18.237],[-73.026,18.237],[-73.032,18.237],[-73.032,18.243],[-73.032,18.248],[-73.032,18.254],[-73.037,18.254],[-73.037,18.259],[-73.043,18.259],[-73.037,18.265],[-73.037,18.27],[-73.043,18.27],[-73.043,18.276],[-73.048,18.281],[-73.048,18.287],[-73.048,18.292],[-73.043,18.292],[-73.043,18.298],[-73.043,18.303],[-73.048,18.303],[-73.054,18.303],[-73.059,18.303],[-73.059,18.309],[-73.065,18.309],[-73.065,18.314],[-73.065,18.32],[-73.07,18.32],[-73.07,18.325],[-73.07,18.331],[-73.076,18.331],[-73.081,18.331],[-73.081,18.336],[-73.086,18.336],[-73.086,18.342],[-73.092,18.342],[-73.097,18.342],[-73.097,18.347],[-73.097,18.353],[-73.103,18.353],[-73.103,18.358],[-73.109,18.358],[-73.109,18.364],[-73.114,18.364],[-73.12,18.364],[-73.125,18.364],[-73.125,18.358],[-73.13,18.358],[-73.13,18.364],[-73.136,18.364],[-73.141,18.364],[-73.147,18.364],[-73.147,18.358],[-73.153,18.358],[-73.153,18.353],[-73.158,18.353],[-73.164,18.353],[-73.169,18.353],[-73.174,18.358],[-73.18,18.358],[-73.185,18.358],[-73.185,18.364],[-73.191,18.364],[-73.196,18.364],[-73.202,18.364],[-73.207,18.364],[-73.213,18.364],[-73.218,18.364],[-73.218,18.358],[-73.224,18.353],[-73.229,18.353],[-73.235,18.353],[-73.24,18.353],[-73.246,18.353],[-73.251,18.353],[-73.257,18.353],[-73.262,18.353],[-73.262,18.358],[-73.268,18.358],[-73.273,18.358],[-73.273,18.364],[-73.279,18.364],[-73.284,18.364],[-73.284,18.369],[-73.29,18.369],[-73.295,18.369],[-73.301,18.369],[-73.301,18.364],[-73.306,18.364],[-73.312,18.364],[-73.317,18.364],[-73.323,18.364],[-73.323,18.369],[-73.328,18.369],[-73.334,18.369],[-73.339,18.369],[-73.339,18.364],[-73.339,18.358],[-73.345,18.358],[-73.345,18.353],[-73.35,18.347],[-73.356,18.342],[-73.361,18.342],[-73.361,18.347],[-73.367,18.347],[-73.372,18.347],[-73.378,18.347],[-73.383,18.347],[-73.389,18.347],[-73.394,18.347],[-73.4,18.347],[-73.405,18.347],[-73.411,18.342],[-73.416,18.342],[-73.422,18.342],[-73.427,18.347],[-73.433,18.342],[-73.438,18.342],[-73.444,18.342],[-73.449,18.342],[-73.455,18.336],[-73.46,18.336],[-73.466,18.336],[-73.471,18.336],[-73.471,18.342],[-73.477,18.342],[-73.482,18.342],[-73.487,18.342],[-73.493,18.342],[-73.493,18.336],[-73.498,18.336],[-73.504,18.336],[-73.51,18.336],[-73.515,18.336],[-73.521,18.336],[-73.526,18.336],[-73.531,18.336],[-73.537,18.336],[-73.542,18.336],[-73.554,18.336],[-73.559,18.347],[-73.554,18.353],[-73.559,18.358],[-73.554,18.364],[-73.554,18.369],[-73.554,18.375],[-73.548,18.375],[-73.542,18.375],[-73.542,18.38],[-73.537,18.386],[-73.542,18.386],[-73.548,18.386],[-73.548,18.391],[-73.554,18.391],[-73.559,18.391],[-73.559,18.397],[-73.559,18.402],[-73.565,18.402],[-73.57,18.402],[-73.575,18.402],[-73.575,18.408],[-73.581,18.408],[-73.581,18.413],[-73.581,18.419],[-73.586,18.419],[-73.592,18.419],[-73.597,18.419],[-73.603,18.419],[-73.603,18.424],[-73.608,18.424],[-73.608,18.43],[-73.619,18.424],[-73.625,18.424],[-73.63,18.424],[-73.641,18.424],[-73.641,18.43],[-73.647,18.43],[-73.652,18.43],[-73.652,18.424],[-73.658,18.424],[-73.658,18.43],[-73.663,18.43],[-73.669,18.435],[-73.669,18.43],[-73.674,18.43],[-73.669,18.424],[-73.674,18.419],[-73.674,18.413],[-73.669,18.408],[-73.669,18.402],[-73.674,18.402],[-73.674,18.397],[-73.68,18.397],[-73.68,18.402],[-73.685,18.402],[-73.691,18.408],[-73.696,18.413],[-73.702,18.419],[-73.707,18.419],[-73.713,18.419],[-73.718,18.413],[-73.724,18.413],[-73.735,18.413],[-73.74,18.419],[-73.746,18.419],[-73.746,18.424],[-73.751,18.424],[-73.757,18.424],[-73.762,18.424],[-73.768,18.419],[-73.773,18.419],[-73.779,18.419],[-73.779,18.424],[-73.784,18.424],[-73.79,18.424],[-73.795,18.419],[-73.801,18.419],[-73.806,18.419],[-73.817,18.413],[-73.823,18.413],[-73.828,18.413],[-73.834,18.413],[-73.839,18.408],[-73.845,18.408],[-73.85,18.408],[-73.856,18.408],[-73.861,18.408],[-73.867,18.408],[-73.872,18.408],[-73.878,18.408],[-73.883,18.408],[-73.888,18.408],[-73.888,18.402],[-73.894,18.402],[-73.899,18.402],[-73.905,18.402],[-73.905,18.397],[-73.905,18.391],[-73.905,18.386],[-73.899,18.38],[-73.899,18.375],[-73.894,18.375],[-73.894,18.369],[-73.894,18.364],[-73.899,18.364],[-73.905,18.364],[-73.911,18.364],[-73.916,18.364],[-73.922,18.364],[-73.927,18.364],[-73.933,18.364],[-73.933,18.369],[-73.938,18.369],[-73.943,18.369],[-73.949,18.369],[-73.955,18.369],[-73.96,18.369],[-73.966,18.369],[-73.971,18.369],[-73.976,18.369],[-73.976,18.375],[-73.982,18.375],[-73.987,18.375],[-73.993,18.38],[-73.998,18.38],[-74.004,18.386],[-74.009,18.386],[-74.015,18.38],[-74.02,18.38],[-74.031,18.386],[-74.037,18.386],[-74.042,18.386],[-74.048,18.391],[-74.053,18.397],[-74.059,18.402],[-74.064,18.402],[-74.07,18.402],[-74.07,18.408],[-74.075,18.408],[-74.081,18.408],[-74.086,18.408],[-74.097,18.402],[-74.103,18.402],[-74.108,18.402],[-74.114,18.397],[-74.119,18.397],[-74.125,18.397],[-74.13,18.402],[-74.136,18.402],[-74.147,18.397],[-74.158,18.397],[-74.163,18.397],[-74.174,18.391],[-74.174,18.397],[-74.18,18.391],[-74.191,18.397],[-74.196,18.397],[-74.202,18.397],[-74.207,18.397],[-74.213,18.402],[-74.218,18.402],[-74.218,18.397],[-74.218,18.391],[-74.224,18.386],[-74.218,18.386],[-74.224,18.38],[-74.229,18.38],[-74.235,18.375],[-74.24,18.375],[-74.246,18.375],[-74.251,18.375],[-74.262,18.375],[-74.268,18.38],[-74.273,18.38],[-74.279,18.38],[-74.279,18.386],[-74.284,18.386],[-74.284,18.391],[-74.295,18.397],[-74.295,18.391],[-74.295,18.386],[-74.295,18.38],[-74.3,18.375],[-74.306,18.369],[-74.312,18.369],[-74.312,18.364],[-74.317,18.364],[-74.323,18.364],[-74.328,18.364],[-74.328,18.358],[-74.334,18.364],[-74.339,18.364],[-74.344,18.364],[-74.35,18.364],[-74.356,18.364],[-74.356,18.358],[-74.361,18.358],[-74.361,18.364],[-74.367,18.364],[-74.367,18.358],[-74.372,18.358],[-74.372,18.364],[-74.377,18.364],[-74.377,18.358],[-74.383,18.358],[-74.383,18.364],[-74.388,18.364],[-74.388,18.358],[-74.394,18.358],[-74.399,18.358],[-74.405,18.358],[-74.41,18.358],[-74.416,18.358],[-74.421,18.358],[-74.427,18.358],[-74.432,18.358],[-74.432,18.364],[-74.438,18.364],[-74.438,18.358],[-74.443,18.358],[-74.449,18.358],[-74.454,18.358],[-74.454,18.353],[-74.449,18.353],[-74.449,18.347],[-74.449,18.342],[-74.443,18.342],[-74.438,18.342],[-74.432,18.336],[-74.427,18.336],[-74.421,18.336],[-74.416,18.336],[-74.41,18.336],[-74.41,18.331],[-74.405,18.331],[-74.399,18.325],[-74.399,18.32],[-74.405,18.32],[-74.405,18.314],[-74.399,18.314],[-74.388,18.314],[-74.388,18.309],[-74.383,18.303],[-74.377,18.298],[-74.372,18.298],[-74.372,18.292],[-74.361,18.292],[-74.356,18.292],[-74.35,18.292],[-74.344,18.292],[-74.344,18.287],[-74.339,18.287],[-74.334,18.287],[-74.328,18.281],[-74.323,18.281],[-74.323,18.287],[-74.317,18.287],[-74.312,18.281],[-74.306,18.287],[-74.3,18.287],[-74.3,18.292],[-74.295,18.292],[-74.29,18.298],[-74.284,18.298],[-74.279,18.303],[-74.273,18.303],[-74.262,18.309],[-74.246,18.309],[-74.24,18.309],[-74.235,18.309],[-74.229,18.309],[-74.224,18.303],[-74.218,18.298],[-74.213,18.298],[-74.213,18.292],[-74.196,18.292],[-74.196,18.298],[-74.191,18.292],[-74.185,18.287],[-74.18,18.287],[-74.174,18.281],[-74.174,18.276],[-74.169,18.276],[-74.169,18.27],[-74.163,18.27],[-74.163,18.265],[-74.158,18.265],[-74.152,18.265],[-74.147,18.265],[-74.141,18.259],[-74.13,18.259],[-74.13,18.254],[-74.125,18.254],[-74.119,18.254],[-74.114,18.248],[-74.103,18.248],[-74.097,18.243],[-74.092,18.243],[-74.092,18.237],[-74.086,18.237],[-74.086,18.232],[-74.081,18.232],[-74.075,18.226],[-74.07,18.226],[-74.064,18.226],[-74.064,18.221],[-74.064,18.215],[-74.059,18.215],[-74.059,18.21],[-74.053,18.21],[-74.053,18.204],[-74.048,18.204],[-74.042,18.204],[-74.042,18.199],[-74.037,18.199],[-74.037,18.193],[-74.031,18.193],[-74.026,18.193],[-74.02,18.188],[-74.02,18.183],[-74.015,18.183],[-74.009,18.177],[-74.009,18.172],[-74.004,18.172],[-74.004,18.166],[-73.998,18.161],[-73.987,18.161],[-73.987,18.166],[-73.982,18.166],[-73.982,18.161],[-73.982,18.149],[-73.976,18.144],[-73.971,18.144],[-73.971,18.138],[-73.966,18.133],[-73.96,18.133],[-73.955,18.133],[-73.949,18.128],[-73.949,18.122],[-73.949,18.117],[-73.949,18.111],[-73.949,18.106],[-73.943,18.106],[-73.943,18.1],[-73.943,18.094],[-73.938,18.094],[-73.927,18.089],[-73.927,18.084],[-73.922,18.078],[-73.922,18.073],[-73.922,18.067],[-73.922,18.062],[-73.916,18.056],[-73.911,18.045],[-73.905,18.045],[-73.905,18.04],[-73.905,18.034],[-73.905,18.029],[-73.899,18.029],[-73.894,18.023],[-73.888,18.023],[-73.883,18.023],[-73.872,18.023],[-73.867,18.023],[-73.861,18.023],[-73.856,18.023],[-73.839,18.023],[-73.834,18.023],[-73.828,18.023],[-73.823,18.023],[-73.812,18.023],[-73.806,18.023],[-73.801,18.023],[-73.801,18.029],[-73.795,18.029],[-73.795,18.023],[-73.79,18.029],[-73.79,18.034],[-73.795,18.034],[-73.79,18.04],[-73.784,18.04],[-73.784,18.045],[-73.79,18.045],[-73.79,18.05],[-73.79,18.056],[-73.795,18.056],[-73.801,18.056],[-73.801,18.062],[-73.806,18.062],[-73.806,18.067],[-73.806,18.073],[-73.812,18.073],[-73.817,18.078],[-73.817,18.084],[-73.823,18.084],[-73.834,18.089],[-73.834,18.094],[-73.839,18.1],[-73.845,18.1],[-73.845,18.106],[-73.845,18.117],[-73.845,18.122],[-73.839,18.128],[-73.839,18.133],[-73.834,18.138],[-73.828,18.138],[-73.828,18.144],[-73.823,18.149],[-73.817,18.149],[-73.812,18.149],[-73.812,18.155],[-73.806,18.155],[-73.795,18.166],[-73.79,18.166],[-73.784,18.172],[-73.779,18.172],[-73.773,18.177],[-73.768,18.177],[-73.768,18.183],[-73.757,18.183],[-73.751,18.188],[-73.746,18.188],[-73.74,18.188],[-73.74,18.193],[-73.735,18.193],[-73.729,18.199],[-73.724,18.199],[-73.724,18.204],[-73.718,18.204],[-73.713,18.204],[-73.713,18.21],[-73.707,18.21],[-73.702,18.21],[-73.702,18.215],[-73.707,18.215],[-73.702,18.221],[-73.702,18.226],[-73.702,18.232],[-73.696,18.232],[-73.691,18.237],[-73.68,18.237],[-73.68,18.232],[-73.68,18.226],[-73.68,18.221],[-73.674,18.221],[-73.669,18.226],[-73.674,18.226],[-73.674,18.232],[-73.669,18.232],[-73.663,18.232],[-73.658,18.232],[-73.658,18.237],[-73.652,18.243],[-73.652,18.248],[-73.647,18.248],[-73.647,18.243],[-73.647,18.237],[-73.652,18.237],[-73.652,18.232],[-73.652,18.226],[-73.658,18.226],[-73.663,18.226],[-73.663,18.215],[-73.669,18.215],[-73.669,18.21],[-73.663,18.204],[-73.658,18.204],[-73.658,18.21],[-73.652,18.21],[-73.647,18.21],[-73.647,18.215],[-73.641,18.215],[-73.641,18.221],[-73.636,18.221],[-73.636,18.226],[-73.636,18.232],[-73.636,18.237],[-73.636,18.243],[-73.636,18.248],[-73.63,18.243],[-73.625,18.248],[-73.619,18.248],[-73.614,18.248],[-73.614,18.254],[-73.608,18.254],[-73.603,18.248],[-73.603,18.243],[-73.608,18.237],[-73.614,18.237],[-73.614,18.232],[-73.619,18.232],[-73.619,18.226],[-73.619,18.221],[-73.625,18.221],[-73.625,18.215],[-73.619,18.215],[-73.619,18.21],[-73.614,18.21],[-73.608,18.21],[-73.603,18.21],[-73.597,18.215],[-73.592,18.215],[-73.586,18.221],[-73.581,18.215],[-73.57,18.215],[-73.565,18.215],[-73.565,18.221],[-73.565,18.226],[-73.565,18.232],[-73.57,18.237],[-73.575,18.237],[-73.575,18.243],[-73.575,18.248],[-73.575,18.254],[-73.57,18.254],[-73.565,18.254],[-73.559,18.254],[-73.559,18.259],[-73.554,18.259],[-73.548,18.259],[-73.548,18.254],[-73.542,18.254],[-73.542,18.248],[-73.537,18.243],[-73.537,18.237],[-73.537,18.232],[-73.531,18.232],[-73.526,18.232],[-73.521,18.232],[-73.515,18.232],[-73.51,18.232],[-73.504,18.232],[-73.498,18.232],[-73.498,18.237],[-73.504,18.237],[-73.504,18.243],[-73.498,18.248],[-73.493,18.254],[-73.487,18.248],[-73.487,18.254],[-73.482,18.254],[-73.482,18.248],[-73.477,18.248],[-73.477,18.254],[-73.471,18.254],[-73.466,18.259],[-73.46,18.259],[-73.46,18.254],[-73.455,18.254],[-73.455,18.259],[-73.455,18.265],[-73.449,18.259],[-73.449,18.254],[-73.444,18.259],[-73.438,18.259],[-73.433,18.259],[-73.433,18.254],[-73.427,18.254],[-73.422,18.254],[-73.416,18.248],[-73.411,18.243],[-73.411,18.248],[-73.411,18.254],[-73.405,18.254],[-73.405,18.259],[-73.405,18.265],[-73.4,18.259],[-73.4,18.254],[-73.394,18.254],[-73.394,18.259],[-73.394,18.265],[-73.394,18.27],[-73.394,18.276],[-73.389,18.27],[-73.389,18.265],[-73.383,18.265],[-73.378,18.265],[-73.372,18.259],[-73.367,18.254],[-73.361,18.254],[-73.356,18.254],[-73.356,18.248],[-73.361,18.248],[-73.361,18.243],[-73.361,18.237],[-73.367,18.237],[-73.372,18.237],[-73.372,18.232],[-73.372,18.221],[-73.372,18.215],[-73.367,18.215],[-73.361,18.215],[-73.361,18.221],[-73.356,18.221],[-73.35,18.221],[-73.35,18.215]]]]}},{"type":"Feature","properties":{"atmart_geo_id":"HTE-412003","pcode":"412003","region_id_dhs":"HTDHS2016412003","nom_fr":"Sud-Est","nom_source":"South-East","niveau_admin":"enquete"},"geometry":{"type":"MultiPolygon","coordinates":[[[[-72.894,18.292],[-72.889,18.292],[-72.889,18.298],[-72.894,18.292]]],[[[-72.449,18.397],[-72.455,18.397],[-72.46,18.397],[-72.466,18.397],[-72.471,18.402],[-72.477,18.402],[-72.482,18.402],[-72.493,18.402],[-72.499,18.408],[-72.504,18.408],[-72.51,18.397],[-72.515,18.397],[-72.521,18.397],[-72.521,18.391],[-72.526,18.386],[-72.532,18.38],[-72.532,18.375],[-72.537,18.369],[-72.543,18.369],[-72.548,18.369],[-72.548,18.364],[-72.548,18.358],[-72.554,18.353],[-72.559,18.353],[-72.565,18.353],[-72.565,18.347],[-72.57,18.347],[-72.57,18.353],[-72.581,18.353],[-72.587,18.353],[-72.587,18.347],[-72.592,18.347],[-72.598,18.342],[-72.598,18.336],[-72.603,18.331],[-72.603,18.325],[-72.609,18.325],[-72.614,18.325],[-72.614,18.331],[-72.614,18.336],[-72.62,18.336],[-72.62,18.347],[-72.625,18.347],[-72.636,18.347],[-72.642,18.347],[-72.642,18.342],[-72.642,18.336],[-72.642,18.331],[-72.647,18.325],[-72.653,18.325],[-72.658,18.325],[-72.664,18.325],[-72.664,18.331],[-72.669,18.331],[-72.675,18.331],[-72.675,18.325],[-72.68,18.325],[-72.685,18.325],[-72.685,18.32],[-72.691,18.32],[-72.691,18.314],[-72.696,18.314],[-72.702,18.314],[-72.702,18.309],[-72.708,18.309],[-72.708,18.303],[-72.708,18.298],[-72.713,18.298],[-72.713,18.303],[-72.719,18.303],[-72.719,18.309],[-72.724,18.309],[-72.724,18.314],[-72.729,18.314],[-72.729,18.32],[-72.735,18.32],[-72.74,18.32],[-72.74,18.314],[-72.74,18.309],[-72.74,18.303],[-72.74,18.298],[-72.74,18.292],[-72.74,18.287],[-72.746,18.287],[-72.746,18.292],[-72.752,18.292],[-72.752,18.287],[-72.757,18.287],[-72.757,18.281],[-72.763,18.281],[-72.763,18.276],[-72.768,18.276],[-72.768,18.27],[-72.763,18.27],[-72.763,18.265],[-72.768,18.265],[-72.773,18.27],[-72.779,18.27],[-72.784,18.27],[-72.79,18.276],[-72.795,18.276],[-72.801,18.281],[-72.806,18.281],[-72.806,18.287],[-72.812,18.287],[-72.817,18.287],[-72.823,18.287],[-72.828,18.287],[-72.828,18.281],[-72.834,18.281],[-72.839,18.281],[-72.845,18.281],[-72.85,18.281],[-72.856,18.281],[-72.856,18.276],[-72.856,18.27],[-72.85,18.265],[-72.85,18.259],[-72.856,18.259],[-72.861,18.259],[-72.867,18.265],[-72.872,18.27],[-72.878,18.27],[-72.878,18.276],[-72.883,18.276],[-72.883,18.281],[-72.889,18.281],[-72.894,18.287],[-72.894,18.292],[-72.9,18.292],[-72.905,18.292],[-72.911,18.292],[-72.916,18.292],[-72.916,18.287],[-72.922,18.287],[-72.922,18.292],[-72.927,18.292],[-72.927,18.287],[-72.933,18.287],[-72.933,18.292],[-72.938,18.292],[-72.944,18.292],[-72.949,18.292],[-72.955,18.292],[-72.955,18.281],[-72.96,18.281],[-72.96,18.276],[-72.966,18.276],[-72.966,18.281],[-72.971,18.281],[-72.971,18.287],[-72.977,18.287],[-72.977,18.292],[-72.977,18.298],[-72.982,18.303],[-72.982,18.309],[-72.988,18.309],[-72.988,18.314],[-72.988,18.32],[-72.993,18.325],[-72.999,18.325],[-72.993,18.32],[-72.993,18.314],[-72.993,18.303],[-72.999,18.303],[-72.999,18.298],[-73.004,18.292],[-73.01,18.287],[-73.015,18.281],[-73.015,18.27],[-73.015,18.265],[-73.015,18.259],[-73.015,18.254],[-73.01,18.254],[-73.01,18.248],[-73.01,18.243],[-73.01,18.237],[-73.01,18.232],[-73.015,18.226],[-73.01,18.221],[-73.01,18.215],[-73.01,18.21],[-73.004,18.21],[-72.999,18.21],[-73.004,18.204],[-73.01,18.204],[-73.004,18.199],[-73.01,18.193],[-73.01,18.188],[-73.004,18.188],[-73.004,18.183],[-72.999,18.183],[-72.999,18.177],[-72.993,18.172],[-72.988,18.172],[-72.982,18.172],[-72.977,18.172],[-72.971,18.166],[-72.966,18.166],[-72.96,18.166],[-72.96,18.161],[-72.955,18.161],[-72.955,18.166],[-72.949,18.166],[-72.949,18.161],[-72.938,18.161],[-72.933,18.161],[-72.927,18.161],[-72.922,18.155],[-72.916,18.155],[-72.911,18.155],[-72.905,18.155],[-72.905,18.149],[-72.9,18.149],[-72.894,18.149],[-72.889,18.149],[-72.889,18.144],[-72.878,18.144],[-72.867,18.144],[-72.861,18.138],[-72.856,18.138],[-72.85,18.144],[-72.85,18.149],[-72.839,18.144],[-72.834,18.144],[-72.828,18.144],[-72.823,18.138],[-72.817,18.138],[-72.812,18.144],[-72.801,18.144],[-72.79,18.144],[-72.784,18.149],[-72.784,18.155],[-72.779,18.155],[-72.773,18.155],[-72.763,18.155],[-72.763,18.149],[-72.757,18.149],[-72.752,18.149],[-72.752,18.155],[-72.752,18.161],[-72.763,18.166],[-72.763,18.172],[-72.757,18.177],[-72.752,18.177],[-72.746,18.177],[-72.74,18.177],[-72.735,18.177],[-72.729,18.177],[-72.724,18.172],[-72.719,18.172],[-72.713,18.172],[-72.708,18.172],[-72.708,18.177],[-72.702,18.177],[-72.696,18.177],[-72.691,18.177],[-72.685,18.177],[-72.68,18.177],[-72.675,18.183],[-72.669,18.183],[-72.669,18.177],[-72.664,18.183],[-72.658,18.183],[-72.653,18.183],[-72.642,18.183],[-72.642,18.188],[-72.636,18.188],[-72.631,18.183],[-72.625,18.183],[-72.62,18.183],[-72.614,18.183],[-72.609,18.183],[-72.609,18.177],[-72.603,18.177],[-72.598,18.177],[-72.592,18.177],[-72.587,18.177],[-72.581,18.177],[-72.581,18.172],[-72.576,18.172],[-72.57,18.166],[-72.565,18.166],[-72.559,18.172],[-72.554,18.172],[-72.548,18.172],[-72.543,18.172],[-72.543,18.177],[-72.543,18.183],[-72.543,18.188],[-72.548,18.193],[-72.554,18.193],[-72.554,18.199],[-72.554,18.204],[-72.554,18.21],[-72.554,18.215],[-72.559,18.215],[-72.559,18.221],[-72.554,18.226],[-72.548,18.226],[-72.543,18.226],[-72.537,18.226],[-72.526,18.221],[-72.526,18.215],[-72.521,18.215],[-72.521,18.21],[-72.515,18.21],[-72.51,18.21],[-72.504,18.215],[-72.499,18.215],[-72.493,18.221],[-72.488,18.221],[-72.482,18.215],[-72.477,18.215],[-72.471,18.221],[-72.466,18.221],[-72.46,18.221],[-72.455,18.221],[-72.449,18.221],[-72.444,18.226],[-72.433,18.226],[-72.433,18.221],[-72.427,18.221],[-72.422,18.221],[-72.416,18.226],[-72.411,18.226],[-72.4,18.226],[-72.394,18.226],[-72.394,18.232],[-72.389,18.232],[-72.383,18.232],[-72.378,18.232],[-72.372,18.232],[-72.367,18.232],[-72.362,18.232],[-72.356,18.232],[-72.351,18.226],[-72.345,18.226],[-72.339,18.232],[-72.334,18.232],[-72.328,18.226],[-72.317,18.226],[-72.312,18.226],[-72.307,18.221],[-72.301,18.221],[-72.295,18.221],[-72.29,18.226],[-72.29,18.221],[-72.279,18.226],[-72.274,18.226],[-72.268,18.226],[-72.246,18.226],[-72.241,18.221],[-72.235,18.221],[-72.23,18.221],[-72.224,18.221],[-72.219,18.221],[-72.219,18.215],[-72.213,18.215],[-72.213,18.221],[-72.202,18.221],[-72.197,18.221],[-72.191,18.221],[-72.186,18.221],[-72.186,18.226],[-72.18,18.226],[-72.175,18.226],[-72.169,18.226],[-72.164,18.226],[-72.158,18.226],[-72.153,18.226],[-72.147,18.226],[-72.142,18.226],[-72.142,18.232],[-72.131,18.232],[-72.131,18.226],[-72.125,18.226],[-72.114,18.226],[-72.114,18.232],[-72.109,18.232],[-72.103,18.232],[-72.092,18.232],[-72.087,18.237],[-72.081,18.237],[-72.076,18.232],[-72.07,18.232],[-72.065,18.232],[-72.059,18.232],[-72.054,18.232],[-72.048,18.232],[-72.043,18.226],[-72.037,18.221],[-72.037,18.215],[-72.032,18.215],[-72.032,18.21],[-72.026,18.21],[-72.021,18.204],[-72.015,18.204],[-72.01,18.204],[-72.004,18.204],[-72.004,18.21],[-71.999,18.21],[-71.993,18.204],[-71.993,18.199],[-71.988,18.199],[-71.982,18.199],[-71.977,18.193],[-71.966,18.193],[-71.96,18.193],[-71.95,18.193],[-71.95,18.188],[-71.944,18.188],[-71.938,18.188],[-71.933,18.188],[-71.927,18.188],[-71.927,18.183],[-71.922,18.183],[-71.916,18.177],[-71.916,18.172],[-71.916,18.166],[-71.911,18.166],[-71.906,18.166],[-71.9,18.166],[-71.9,18.161],[-71.894,18.155],[-71.889,18.155],[-71.889,18.149],[-71.883,18.149],[-71.878,18.144],[-71.873,18.144],[-71.867,18.138],[-71.867,18.133],[-71.862,18.133],[-71.856,18.128],[-71.856,18.122],[-71.851,18.117],[-71.845,18.117],[-71.84,18.111],[-71.834,18.106],[-71.829,18.1],[-71.823,18.094],[-71.823,18.089],[-71.818,18.089],[-71.818,18.084],[-71.823,18.078],[-71.818,18.078],[-71.818,18.073],[-71.812,18.067],[-71.807,18.067],[-71.801,18.062],[-71.796,18.056],[-71.79,18.05],[-71.785,18.045],[-71.779,18.045],[-71.768,18.04],[-71.768,18.034],[-71.763,18.029],[-71.757,18.034],[-71.757,18.04],[-71.752,18.045],[-71.746,18.045],[-71.746,18.05],[-71.746,18.056],[-71.746,18.062],[-71.741,18.067],[-71.741,18.073],[-71.741,18.078],[-71.735,18.078],[-71.735,18.084],[-71.735,18.089],[-71.741,18.089],[-71.741,18.094],[-71.735,18.094],[-71.735,18.1],[-71.741,18.1],[-71.746,18.1],[-71.746,18.106],[-71.746,18.111],[-71.746,18.117],[-71.746,18.122],[-71.746,18.128],[-71.746,18.133],[-71.746,18.138],[-71.746,18.144],[-71.746,18.149],[-71.752,18.149],[-71.752,18.144],[-71.757,18.149],[-71.757,18.155],[-71.763,18.149],[-71.763,18.155],[-71.763,18.161],[-71.768,18.161],[-71.768,18.166],[-71.774,18.166],[-71.779,18.166],[-71.779,18.172],[-71.785,18.172],[-71.785,18.177],[-71.79,18.183],[-71.785,18.183],[-71.785,18.188],[-71.785,18.193],[-71.779,18.193],[-71.774,18.193],[-71.774,18.199],[-71.774,18.204],[-71.774,18.21],[-71.768,18.21],[-71.768,18.215],[-71.768,18.221],[-71.763,18.221],[-71.763,18.226],[-71.757,18.226],[-71.757,18.232],[-71.757,18.237],[-71.757,18.243],[-71.73,18.292],[-71.735,18.292],[-71.741,18.292],[-71.746,18.292],[-71.752,18.292],[-71.757,18.292],[-71.763,18.287],[-71.774,18.287],[-71.779,18.281],[-71.785,18.281],[-71.79,18.287],[-71.796,18.287],[-71.807,18.287],[-71.812,18.281],[-71.818,18.281],[-71.823,18.281],[-71.829,18.281],[-71.834,18.281],[-71.84,18.281],[-71.845,18.281],[-71.845,18.276],[-71.851,18.276],[-71.856,18.276],[-71.862,18.276],[-71.867,18.276],[-71.867,18.281],[-71.867,18.287],[-71.867,18.292],[-71.867,18.298],[-71.867,18.303],[-71.867,18.309],[-71.862,18.314],[-71.862,18.32],[-71.867,18.32],[-71.867,18.325],[-71.873,18.325],[-71.878,18.325],[-71.878,18.32],[-71.883,18.32],[-71.889,18.32],[-71.894,18.32],[-71.9,18.32],[-71.906,18.32],[-71.906,18.314],[-71.911,18.314],[-71.916,18.314],[-71.922,18.314],[-71.927,18.309],[-71.933,18.309],[-71.938,18.309],[-71.944,18.314],[-71.95,18.314],[-71.955,18.32],[-71.955,18.314],[-71.96,18.314],[-71.966,18.314],[-71.971,18.314],[-71.977,18.314],[-71.982,18.314],[-71.988,18.314],[-71.993,18.314],[-71.999,18.314],[-72.004,18.314],[-72.004,18.32],[-72.01,18.32],[-72.015,18.32],[-72.021,18.32],[-72.026,18.32],[-72.032,18.32],[-72.037,18.325],[-72.043,18.32],[-72.048,18.32],[-72.048,18.325],[-72.054,18.325],[-72.059,18.325],[-72.065,18.32],[-72.07,18.32],[-72.07,18.325],[-72.076,18.325],[-72.081,18.331],[-72.081,18.336],[-72.087,18.336],[-72.092,18.336],[-72.098,18.336],[-72.103,18.336],[-72.109,18.336],[-72.114,18.336],[-72.12,18.336],[-72.125,18.336],[-72.131,18.336],[-72.136,18.342],[-72.142,18.342],[-72.147,18.347],[-72.153,18.347],[-72.158,18.347],[-72.164,18.347],[-72.169,18.347],[-72.175,18.347],[-72.18,18.347],[-72.186,18.347],[-72.186,18.353],[-72.191,18.353],[-72.197,18.353],[-72.202,18.353],[-72.208,18.353],[-72.213,18.353],[-72.219,18.347],[-72.224,18.347],[-72.224,18.353],[-72.23,18.353],[-72.235,18.353],[-72.241,18.353],[-72.246,18.353],[-72.252,18.353],[-72.252,18.358],[-72.257,18.358],[-72.263,18.358],[-72.268,18.358],[-72.274,18.353],[-72.279,18.353],[-72.284,18.353],[-72.284,18.347],[-72.284,18.342],[-72.29,18.342],[-72.295,18.342],[-72.301,18.342],[-72.307,18.342],[-72.312,18.342],[-72.317,18.342],[-72.323,18.342],[-72.328,18.342],[-72.334,18.342],[-72.334,18.347],[-72.339,18.347],[-72.345,18.347],[-72.351,18.347],[-72.356,18.353],[-72.362,18.353],[-72.367,18.358],[-72.367,18.364],[-72.372,18.369],[-72.367,18.369],[-72.367,18.375],[-72.367,18.38],[-72.372,18.38],[-72.378,18.38],[-72.383,18.38],[-72.383,18.386],[-72.389,18.391],[-72.394,18.391],[-72.394,18.386],[-72.4,18.386],[-72.405,18.386],[-72.411,18.38],[-72.416,18.375],[-72.427,18.375],[-72.433,18.375],[-72.438,18.38],[-72.433,18.386],[-72.427,18.391],[-72.427,18.397],[-72.422,18.397],[-72.422,18.402],[-72.427,18.402],[-72.433,18.402],[-72.438,18.397],[-72.444,18.397],[-72.449,18.397]]]]}}]}