media,station,proprietaire,communautaire,frequence_mhz,frequence_khz,canal,ville_source,pcode_commune,nom_commune,departement_source,source_id,licence,attribution,millesime,date_extraction
radio,RADIO VISA FM,GLOBAL PRESSE,,88.1,,,PAP,HT0111,Port-au-Prince,OUEST,SRC-058,"Données publiques haïtiennes — décret du 12/10/2005, art. 5 (textes officiels des autorités publiques et simples données)","CONATEL — Conseil National des Télécommunications, liste des stations de radiodiffusion autorisées 2023-2024",année 2023-2024,2026-08-24
radio,RADIO MODEL,RONY CELESTIN,,88.3,,,CROIX DES BOUQUETS,HT0131,Croix-Des-Bouquets,OUEST,SRC-058,"Données publiques haïtiennes — décret du 12/10/2005, art. 5 (textes officiels des autorités publiques et simples données)","CONATEL — Conseil National des Télécommunications, liste des stations de radiodiffusion autorisées 2023-2024",année 2023-2024,2026-08-24
radio,RADIO KISKEYA,COLLECTIF KISKEYA,oui,88.5,,,PAP,HT0111,Port-au-Prince,OUEST,SRC-058,"Données publiques haïtiennes — décret du 12/10/2005, art. 5 (textes officiels des autorités publiques et simples données)","CONATEL — Conseil National des Télécommunications, liste des stations de radiodiffusion autorisées 2023-2024",année 2023-2024,2026-08-24
radio,RADIO CHANGEMENT,MICHELET MATHURIN,,88.7,,,PAP,HT0111,Port-au-Prince,OUEST,SRC-058,"Données publiques haïtiennes — décret du 12/10/2005, art. 5 (textes officiels des autorités publiques et simples données)","CONATEL — Conseil National des Télécommunications, liste des stations de radiodiffusion autorisées 2023-2024",année 2023-2024,2026-08-24
radio,RADIO INDIGENE,ALFRED MICANOR,,88.9,,,PAP,HT0111,Port-au-Prince,OUEST,SRC-058,"Données publiques haïtiennes — décret du 12/10/2005, art. 5 (textes officiels des autorités publiques et simples données)","CONATEL — Conseil National des Télécommunications, liste des stations de radiodiffusion autorisées 2023-2024",année 2023-2024,2026-08-24
radio,RADIO J2W,JOELLE P. LARCO,,89.1,,,PAP,HT0111,Port-au-Prince,OUEST,SRC-058,"Données publiques haïtiennes — décret du 12/10/2005, art. 5 (textes officiels des autorités publiques et simples données)","CONATEL — Conseil National des Télécommunications, liste des stations de radiodiffusion autorisées 2023-2024",année 2023-2024,2026-08-24
radio,RFI-HAITI,MARIE CHRISTINE BUSSENIUS,,89.3,,,PAP,HT0111,Port-au-Prince,OUEST,SRC-058,"Données publiques haïtiennes — décret du 12/10/2005, art. 5 (textes officiels des autorités publiques et simples données)","CONATEL — Conseil National des Télécommunications, liste des stations de radiodiffusion autorisées 2023-2024",année 2023-2024,2026-08-24
radio,RADIO AYIBOBO FM,Carl Henry Desmornes,,89.5,,,PAP,HT0111,Port-au-Prince,OUEST,SRC-058,"Données publiques haïtiennes — décret du 12/10/2005, art. 5 (textes officiels des autorités publiques et simples données)","CONATEL — Conseil National des Télécommunications, liste des stations de radiodiffusion autorisées 2023-2024",année 2023-2024,2026-08-24
radio,RADIO VOIX DE L'ESPERANCE,MISSION DES ADVENTISTES,,89.7,,,PAP,HT0111,Port-au-Prince,OUEST,SRC-058,"Données publiques haïtiennes — décret du 12/10/2005, art. 5 (textes officiels des autorités publiques et simples données)","CONATEL — Conseil National des Télécommunications, liste des stations de radiodiffusion autorisées 2023-2024",année 2023-2024,2026-08-24
radio,RADIO TRAGIQUE,WIDMARK JOISEUS,,89.9,,,PAP,HT0111,Port-au-Prince,OUEST,SRC-058,"Données publiques haïtiennes — décret du 12/10/2005, art. 5 (textes officiels des autorités publiques et simples données)","CONATEL — Conseil National des Télécommunications, liste des stations de radiodiffusion autorisées 2023-2024",année 2023-2024,2026-08-24
radio,RADIO ONE,LEO DE VASTEY,,90.1,,,PAP,HT0111,Port-au-Prince,OUEST,SRC-058,"Données publiques haïtiennes — décret du 12/10/2005, art. 5 (textes officiels des autorités publiques et simples données)","CONATEL — Conseil National des Télécommunications, liste des stations de radiodiffusion autorisées 2023-2024",année 2023-2024,2026-08-24
radio,RADIO VLAW,BEETHOVEN CAMILLE,,90.3,,,CROIX DS BOUQUETS,HT0131,Croix-Des-Bouquets,OUEST,SRC-058,"Données publiques haïtiennes — décret du 12/10/2005, art. 5 (textes officiels des autorités publiques et simples données)","CONATEL — Conseil National des Télécommunications, liste des stations de radiodiffusion autorisées 2023-2024",année 2023-2024,2026-08-24
radio,RADIO SIGNAL FM,SIGNAL S.A.,,90.5,,,PAP,HT0111,Port-au-Prince,OUEST,SRC-058,"Données publiques haïtiennes — décret du 12/10/2005, art. 5 (textes officiels des autorités publiques et simples données)","CONATEL — Conseil National des Télécommunications, liste des stations de radiodiffusion autorisées 2023-2024",année 2023-2024,2026-08-24
radio,RADIO EMANCIPATION,EDELENE SENATUS JULES,,90.7,,,GANTHIER,HT0133,Ganthier,OUEST,SRC-058,"Données publiques haïtiennes — décret du 12/10/2005, art. 5 (textes officiels des autorités publiques et simples données)","CONATEL — Conseil National des Télécommunications, liste des stations de radiodiffusion autorisées 2023-2024",année 2023-2024,2026-08-24
radio,RADIO TI MOUN,LAFANMI SELAVI,,90.9,,,PAP,HT0111,Port-au-Prince,OUEST,SRC-058,"Données publiques haïtiennes — décret du 12/10/2005, art. 5 (textes officiels des autorités publiques et simples données)","CONATEL — Conseil National des Télécommunications, liste des stations de radiodiffusion autorisées 2023-2024",année 2023-2024,2026-08-24
radio,RADIO CITRONELLE,JEAN CLOTAIRE SILENCIEUX,,91.1,,,ARCAHAIE,HT0141,Arcahaie,OUEST,SRC-058,"Données publiques haïtiennes — décret du 12/10/2005, art. 5 (textes officiels des autorités publiques et simples données)","CONATEL — Conseil National des Télécommunications, liste des stations de radiodiffusion autorisées 2023-2024",année 2023-2024,2026-08-24
radio,Radio Maria FM,Wilnetson Content,,91.1,,,PAP,HT0111,Port-au-Prince,OUEST,SRC-058,"Données publiques haïtiennes — décret du 12/10/2005, art. 5 (textes officiels des autorités publiques et simples données)","CONATEL — Conseil National des Télécommunications, liste des stations de radiodiffusion autorisées 2023-2024",année 2023-2024,2026-08-24
radio,RADIO NOTRE DAME,EDWIGE CARRE,,91.1,,,PETIT-GOAVE,HT0122,Petit-Goâve,OUEST,SRC-058,"Données publiques haïtiennes — décret du 12/10/2005, art. 5 (textes officiels des autorités publiques et simples données)","CONATEL — Conseil National des Télécommunications, liste des stations de radiodiffusion autorisées 2023-2024",année 2023-2024,2026-08-24
radio,TROPIC FM,GUY JEAN,,91.3,,,PAP,HT0111,Port-au-Prince,OUEST,SRC-058,"Données publiques haïtiennes — décret du 12/10/2005, art. 5 (textes officiels des autorités publiques et simples données)","CONATEL — Conseil National des Télécommunications, liste des stations de radiodiffusion autorisées 2023-2024",année 2023-2024,2026-08-24
radio,Radio Tele Atis,Gerald Abel,,91.5,,,PAP,HT0111,Port-au-Prince,OUEST,SRC-058,"Données publiques haïtiennes — décret du 12/10/2005, art. 5 (textes officiels des autorités publiques et simples données)","CONATEL — Conseil National des Télécommunications, liste des stations de radiodiffusion autorisées 2023-2024",année 2023-2024,2026-08-24
radio,RADIO BICOLORE,EMANIA AUSTIN,,91.5,,,ARCAHAIE,HT0141,Arcahaie,OUEST,SRC-058,"Données publiques haïtiennes — décret du 12/10/2005, art. 5 (textes officiels des autorités publiques et simples données)","CONATEL — Conseil National des Télécommunications, liste des stations de radiodiffusion autorisées 2023-2024",année 2023-2024,2026-08-24
radio,RADIO IMPACT FM,JASMIN PHILIPPE,,91.7,,,PAP,HT0111,Port-au-Prince,OUEST,SRC-058,"Données publiques haïtiennes — décret du 12/10/2005, art. 5 (textes officiels des autorités publiques et simples données)","CONATEL — Conseil National des Télécommunications, liste des stations de radiodiffusion autorisées 2023-2024",année 2023-2024,2026-08-24
radio,RADIO NATIVITE INTERNATIONALE,IGNACE ST FLEUR,,91.9,,,DELMAS,HT0112,Delmas,OUEST,SRC-058,"Données publiques haïtiennes — décret du 12/10/2005, art. 5 (textes officiels des autorités publiques et simples données)","CONATEL — Conseil National des Télécommunications, liste des stations de radiodiffusion autorisées 2023-2024",année 2023-2024,2026-08-24
radio,RADIO TOUCHE FM,BENOIT TINTIN,,91.9,,,LEOGANE,HT0121,Léogâne,OUEST,SRC-058,"Données publiques haïtiennes — décret du 12/10/2005, art. 5 (textes officiels des autorités publiques et simples données)","CONATEL — Conseil National des Télécommunications, liste des stations de radiodiffusion autorisées 2023-2024",année 2023-2024,2026-08-24
radio,RADIO SHEKINAH,GREGORY TOUSSAINT,,92.1,,,PAP,HT0111,Port-au-Prince,OUEST,SRC-058,"Données publiques haïtiennes — décret du 12/10/2005, art. 5 (textes officiels des autorités publiques et simples données)","CONATEL — Conseil National des Télécommunications, liste des stations de radiodiffusion autorisées 2023-2024",année 2023-2024,2026-08-24
radio,RADIO SANS FIN,YVENERT FOESHTER JOSEPH,,92.3,,,ARCAHAIE,HT0141,Arcahaie,OUEST,SRC-058,"Données publiques haïtiennes — décret du 12/10/2005, art. 5 (textes officiels des autorités publiques et simples données)","CONATEL — Conseil National des Télécommunications, liste des stations de radiodiffusion autorisées 2023-2024",année 2023-2024,2026-08-24
radio,RADIO VISION PLUS,GIBSONNE BAZILLE,,92.3,,,PETIT-GOAVE,HT0122,Petit-Goâve,OUEST,SRC-058,"Données publiques haïtiennes — décret du 12/10/2005, art. 5 (textes officiels des autorités publiques et simples données)","CONATEL — Conseil National des Télécommunications, liste des stations de radiodiffusion autorisées 2023-2024",année 2023-2024,2026-08-24
radio,RADIO COMMERCIALE,CLAUDY JOSEPH,,92.5,,,PAP,HT0111,Port-au-Prince,OUEST,SRC-058,"Données publiques haïtiennes — décret du 12/10/2005, art. 5 (textes officiels des autorités publiques et simples données)","CONATEL — Conseil National des Télécommunications, liste des stations de radiodiffusion autorisées 2023-2024",année 2023-2024,2026-08-24
radio,Radio Regard,Alexandra M. Louis Jeune,,92.7,,,PAP,HT0111,Port-au-Prince,OUEST,SRC-058,"Données publiques haïtiennes — décret du 12/10/2005, art. 5 (textes officiels des autorités publiques et simples données)","CONATEL — Conseil National des Télécommunications, liste des stations de radiodiffusion autorisées 2023-2024",année 2023-2024,2026-08-24
radio,RADIO GINEN,JEAN LUCIEN BORGES,,92.9,,,PORT-AU-PRINCE,HT0111,Port-au-Prince,OUEST,SRC-058,"Données publiques haïtiennes — décret du 12/10/2005, art. 5 (textes officiels des autorités publiques et simples données)","CONATEL — Conseil National des Télécommunications, liste des stations de radiodiffusion autorisées 2023-2024",année 2023-2024,2026-08-24
radio,Radio Tease,,,93.1,,,PAP,HT0111,Port-au-Prince,OUEST,SRC-058,"Données publiques haïtiennes — décret du 12/10/2005, art. 5 (textes officiels des autorités publiques et simples données)","CONATEL — Conseil National des Télécommunications, liste des stations de radiodiffusion autorisées 2023-2024",année 2023-2024,2026-08-24
radio,RADIO LA VOIX DE L'ILE,JN MARIE DECILIEN,,93.3,,,LA GONAVE,,,OUEST,SRC-058,"Données publiques haïtiennes — décret du 12/10/2005, art. 5 (textes officiels des autorités publiques et simples données)","CONATEL — Conseil National des Télécommunications, liste des stations de radiodiffusion autorisées 2023-2024",année 2023-2024,2026-08-24
radio,RADIO SAKA,KONBIT INDEP. POU LIB. FRE NOU,oui,93.3,,,GRAND GOAVE,HT0123,Grand-Goâve,OUEST,SRC-058,"Données publiques haïtiennes — décret du 12/10/2005, art. 5 (textes officiels des autorités publiques et simples données)","CONATEL — Conseil National des Télécommunications, liste des stations de radiodiffusion autorisées 2023-2024",année 2023-2024,2026-08-24
radio,RADIO ZETWAL,PIERRE CAROLE ALEXIS,,93.3,,,LEOGANE,HT0121,Léogâne,OUEST,SRC-058,"Données publiques haïtiennes — décret du 12/10/2005, art. 5 (textes officiels des autorités publiques et simples données)","CONATEL — Conseil National des Télécommunications, liste des stations de radiodiffusion autorisées 2023-2024",année 2023-2024,2026-08-24
radio,Radio Succes,Luvio Duvernard,,93.3,,,DELMAS,HT0112,Delmas,OUEST,SRC-058,"Données publiques haïtiennes — décret du 12/10/2005, art. 5 (textes officiels des autorités publiques et simples données)","CONATEL — Conseil National des Télécommunications, liste des stations de radiodiffusion autorisées 2023-2024",année 2023-2024,2026-08-24
radio,LE TEMOIN S.A,Damourude LAZARRE,,93.5,,,PAP,HT0111,Port-au-Prince,OUEST,SRC-058,"Données publiques haïtiennes — décret du 12/10/2005, art. 5 (textes officiels des autorités publiques et simples données)","CONATEL — Conseil National des Télécommunications, liste des stations de radiodiffusion autorisées 2023-2024",année 2023-2024,2026-08-24
radio,RADIO VASCO,CHRISTIAN SANON,,93.7,,,PORT-AU-PRINCE,HT0111,Port-au-Prince,OUEST,SRC-058,"Données publiques haïtiennes — décret du 12/10/2005, art. 5 (textes officiels des autorités publiques et simples données)","CONATEL — Conseil National des Télécommunications, liste des stations de radiodiffusion autorisées 2023-2024",année 2023-2024,2026-08-24
radio,RADIO SENTINELLE,OSNER FEVRY,,93.9,,,PAP,HT0111,Port-au-Prince,OUEST,SRC-058,"Données publiques haïtiennes — décret du 12/10/2005, art. 5 (textes officiels des autorités publiques et simples données)","CONATEL — Conseil National des Télécommunications, liste des stations de radiodiffusion autorisées 2023-2024",année 2023-2024,2026-08-24
radio,RADIO NOUVELLE GENERATION,JUNIA IRVELLE PIERRE PAUL,,94.1,,,PAP,HT0111,Port-au-Prince,OUEST,SRC-058,"Données publiques haïtiennes — décret du 12/10/2005, art. 5 (textes officiels des autorités publiques et simples données)","CONATEL — Conseil National des Télécommunications, liste des stations de radiodiffusion autorisées 2023-2024",année 2023-2024,2026-08-24
radio,RADIO PORT-AU-PRINCE,Frantz GUERRIER,,94.3,,,PAP,HT0111,Port-au-Prince,OUEST,SRC-058,"Données publiques haïtiennes — décret du 12/10/2005, art. 5 (textes officiels des autorités publiques et simples données)","CONATEL — Conseil National des Télécommunications, liste des stations de radiodiffusion autorisées 2023-2024",année 2023-2024,2026-08-24
radio,RADIO VWA FANM,NONIE H. MATHIEU,,94.3,,,LEOGANE,HT0121,Léogâne,OUEST,SRC-058,"Données publiques haïtiennes — décret du 12/10/2005, art. 5 (textes officiels des autorités publiques et simples données)","CONATEL — Conseil National des Télécommunications, liste des stations de radiodiffusion autorisées 2023-2024",année 2023-2024,2026-08-24
radio,CARAIBES FM,PATRICK MOUSSIGNAC,,94.5,,,PORT-AU-PRINCE,HT0111,Port-au-Prince,OUEST,SRC-058,"Données publiques haïtiennes — décret du 12/10/2005, art. 5 (textes officiels des autorités publiques et simples données)","CONATEL — Conseil National des Télécommunications, liste des stations de radiodiffusion autorisées 2023-2024",année 2023-2024,2026-08-24
radio,RADIO CLASSE FM,Marly Rose Margareth MORENCY,,94.7,,,PAP,HT0111,Port-au-Prince,OUEST,SRC-058,"Données publiques haïtiennes — décret du 12/10/2005, art. 5 (textes officiels des autorités publiques et simples données)","CONATEL — Conseil National des Télécommunications, liste des stations de radiodiffusion autorisées 2023-2024",année 2023-2024,2026-08-24
radio,RADIO MBC,FRANCK MAGLOIRE,,94.9,,,PORT-AU-PRINCE,HT0111,Port-au-Prince,OUEST,SRC-058,"Données publiques haïtiennes — décret du 12/10/2005, art. 5 (textes officiels des autorités publiques et simples données)","CONATEL — Conseil National des Télécommunications, liste des stations de radiodiffusion autorisées 2023-2024",année 2023-2024,2026-08-24
radio,RADIO O INTER,Frinel JOSEPH,,95.1,,,PAP,HT0111,Port-au-Prince,OUEST,SRC-058,"Données publiques haïtiennes — décret du 12/10/2005, art. 5 (textes officiels des autorités publiques et simples données)","CONATEL — Conseil National des Télécommunications, liste des stations de radiodiffusion autorisées 2023-2024",année 2023-2024,2026-08-24
radio,RADIO LA VOIX DE L'EVANGILE,JEAN PAULIN LASSEGUE,,95.3,,,PORT-AU-PRINCE,HT0111,Port-au-Prince,OUEST,SRC-058,"Données publiques haïtiennes — décret du 12/10/2005, art. 5 (textes officiels des autorités publiques et simples données)","CONATEL — Conseil National des Télécommunications, liste des stations de radiodiffusion autorisées 2023-2024",année 2023-2024,2026-08-24
radio,RADIO JUSQU’AU BOUT,JEAN WILNER JEAN,,95.5,,,CROIX DES BOUQUETS,HT0131,Croix-Des-Bouquets,OUEST,SRC-058,"Données publiques haïtiennes — décret du 12/10/2005, art. 5 (textes officiels des autorités publiques et simples données)","CONATEL — Conseil National des Télécommunications, liste des stations de radiodiffusion autorisées 2023-2024",année 2023-2024,2026-08-24
radio,RADIO HORIZON 2000,J. B. BAUDELAIRE DUBIC,,95.7,,,PORT-AU-PRINCE,HT0111,Port-au-Prince,OUEST,SRC-058,"Données publiques haïtiennes — décret du 12/10/2005, art. 5 (textes officiels des autorités publiques et simples données)","CONATEL — Conseil National des Télécommunications, liste des stations de radiodiffusion autorisées 2023-2024",année 2023-2024,2026-08-24
radio,RADIO BOUKMAN,JOREL JOACHIM,,95.9,,,CITE SOLEIL,HT0117,Cité Soleil,OUEST,SRC-058,"Données publiques haïtiennes — décret du 12/10/2005, art. 5 (textes officiels des autorités publiques et simples données)","CONATEL — Conseil National des Télécommunications, liste des stations de radiodiffusion autorisées 2023-2024",année 2023-2024,2026-08-24
radio,RADIO KOMINOTE KLOFA PIE,ASSOCIATION DES PAYSANS DE VALUE,oui,95.9,,,PETIT-GOAVE,HT0122,Petit-Goâve,OUEST,SRC-058,"Données publiques haïtiennes — décret du 12/10/2005, art. 5 (textes officiels des autorités publiques et simples données)","CONATEL — Conseil National des Télécommunications, liste des stations de radiodiffusion autorisées 2023-2024",année 2023-2024,2026-08-24
radio,RADIO COMMUNAUTE HAITIENNE (RCH 2000),MARIE NERLANDE LAMOTHE,,96.1,,,PORT-AU-PRINCE,HT0111,Port-au-Prince,OUEST,SRC-058,"Données publiques haïtiennes — décret du 12/10/2005, art. 5 (textes officiels des autorités publiques et simples données)","CONATEL — Conseil National des Télécommunications, liste des stations de radiodiffusion autorisées 2023-2024",année 2023-2024,2026-08-24
radio,RADIO SKY FM,GUY CESAR,,96.5,,,PORT-AU-PRINCE,HT0111,Port-au-Prince,OUEST,SRC-058,"Données publiques haïtiennes — décret du 12/10/2005, art. 5 (textes officiels des autorités publiques et simples données)","CONATEL — Conseil National des Télécommunications, liste des stations de radiodiffusion autorisées 2023-2024",année 2023-2024,2026-08-24
radio,RADIO CAPITAL,JEAN VOLTAIRE BASTIEN,,96.7,,,CROIX DES BOUQUETS,HT0131,Croix-Des-Bouquets,OUEST,SRC-058,"Données publiques haïtiennes — décret du 12/10/2005, art. 5 (textes officiels des autorités publiques et simples données)","CONATEL — Conseil National des Télécommunications, liste des stations de radiodiffusion autorisées 2023-2024",année 2023-2024,2026-08-24
radio,RADIO PREVENTION,ERNEST JOSEPH,,96.7,,,PETIT-GOAVE,HT0122,Petit-Goâve,OUEST,SRC-058,"Données publiques haïtiennes — décret du 12/10/2005, art. 5 (textes officiels des autorités publiques et simples données)","CONATEL — Conseil National des Télécommunications, liste des stations de radiodiffusion autorisées 2023-2024",année 2023-2024,2026-08-24
radio,Radio Télé Dessalines,Anderson DELY,,96.9,,,PORT-AU-PRINCE,HT0111,Port-au-Prince,OUEST,SRC-058,"Données publiques haïtiennes — décret du 12/10/2005, art. 5 (textes officiels des autorités publiques et simples données)","CONATEL — Conseil National des Télécommunications, liste des stations de radiodiffusion autorisées 2023-2024",année 2023-2024,2026-08-24
radio,RADIO FONFALOC FM,MICHEL-ANGE POULARD,,97.1,,,PETIT-GOAVE,HT0122,Petit-Goâve,OUEST,SRC-058,"Données publiques haïtiennes — décret du 12/10/2005, art. 5 (textes officiels des autorités publiques et simples données)","CONATEL — Conseil National des Télécommunications, liste des stations de radiodiffusion autorisées 2023-2024",année 2023-2024,2026-08-24
radio,RADIO PLANET KREYOL,CARL HENRY DESMORNES,,97.1,,,PORT-AU-PRINCE,HT0111,Port-au-Prince,OUEST,SRC-058,"Données publiques haïtiennes — décret du 12/10/2005, art. 5 (textes officiels des autorités publiques et simples données)","CONATEL — Conseil National des Télécommunications, liste des stations de radiodiffusion autorisées 2023-2024",année 2023-2024,2026-08-24
radio,RADIO MEGASTAR,JEAN EDDY CHARLEUS,,97.3,,,PORT-AU-PRINCE,HT0111,Port-au-Prince,OUEST,SRC-058,"Données publiques haïtiennes — décret du 12/10/2005, art. 5 (textes officiels des autorités publiques et simples données)","CONATEL — Conseil National des Télécommunications, liste des stations de radiodiffusion autorisées 2023-2024",année 2023-2024,2026-08-24
radio,RADIO VERTICALE FM,WILNET CONTENT,,97.5,,,PORT-AU-PRINCE,HT0111,Port-au-Prince,OUEST,SRC-058,"Données publiques haïtiennes — décret du 12/10/2005, art. 5 (textes officiels des autorités publiques et simples données)","CONATEL — Conseil National des Télécommunications, liste des stations de radiodiffusion autorisées 2023-2024",année 2023-2024,2026-08-24
radio,RADIO LUMIERE,MEBSH,,97.7,,,PORT-AU-PRINCE,HT0111,Port-au-Prince,OUEST,SRC-058,"Données publiques haïtiennes — décret du 12/10/2005, art. 5 (textes officiels des autorités publiques et simples données)","CONATEL — Conseil National des Télécommunications, liste des stations de radiodiffusion autorisées 2023-2024",année 2023-2024,2026-08-24
radio,RADIO COSMOS/Sonor FM,EMMANUEL MENARD,,97.9,,,PORT-AU-PRINCE,HT0111,Port-au-Prince,OUEST,SRC-058,"Données publiques haïtiennes — décret du 12/10/2005, art. 5 (textes officiels des autorités publiques et simples données)","CONATEL — Conseil National des Télécommunications, liste des stations de radiodiffusion autorisées 2023-2024",année 2023-2024,2026-08-24
radio,RADIO TRANS INTER (RTI)/MAXIMA,JEAN ROBERT LALANE,,98.1,,,PAP (RTI),HT0111,Port-au-Prince,OUEST,SRC-058,"Données publiques haïtiennes — décret du 12/10/2005, art. 5 (textes officiels des autorités publiques et simples données)","CONATEL — Conseil National des Télécommunications, liste des stations de radiodiffusion autorisées 2023-2024",année 2023-2024,2026-08-24
radio,RADIO GRACE INTERNATIONALE,JOEL JEAN FRANCOIS,,98.3,,,CARREFOUR,HT0113,Carrefour,OUEST,SRC-058,"Données publiques haïtiennes — décret du 12/10/2005, art. 5 (textes officiels des autorités publiques et simples données)","CONATEL — Conseil National des Télécommunications, liste des stations de radiodiffusion autorisées 2023-2024",année 2023-2024,2026-08-24
radio,RADIO VISION CONEXION,DANIEL SUDRE,,98.3,,,PETIT-GOAVE,HT0122,Petit-Goâve,OUEST,SRC-058,"Données publiques haïtiennes — décret du 12/10/2005, art. 5 (textes officiels des autorités publiques et simples données)","CONATEL — Conseil National des Télécommunications, liste des stations de radiodiffusion autorisées 2023-2024",année 2023-2024,2026-08-24
radio,RADIO IBO,HEROLD JEAN FRANCOIS,,98.5,,,PORT-AU-PRINCE,HT0111,Port-au-Prince,OUEST,SRC-058,"Données publiques haïtiennes — décret du 12/10/2005, art. 5 (textes officiels des autorités publiques et simples données)","CONATEL — Conseil National des Télécommunications, liste des stations de radiodiffusion autorisées 2023-2024",année 2023-2024,2026-08-24
radio,GAJ FM,Marie Mimose CADET,,98.7,,,PAP,HT0111,Port-au-Prince,OUEST,SRC-058,"Données publiques haïtiennes — décret du 12/10/2005, art. 5 (textes officiels des autorités publiques et simples données)","CONATEL — Conseil National des Télécommunications, liste des stations de radiodiffusion autorisées 2023-2024",année 2023-2024,2026-08-24
radio,RADIO TIBEAU FM,QUESNEL TIBEAU,,98.7,,,PETIT-GOAVE,HT0122,Petit-Goâve,OUEST,SRC-058,"Données publiques haïtiennes — décret du 12/10/2005, art. 5 (textes officiels des autorités publiques et simples données)","CONATEL — Conseil National des Télécommunications, liste des stations de radiodiffusion autorisées 2023-2024",année 2023-2024,2026-08-24
radio,RADIO VIL FM,JEAN JOREL VIL,,98.7,,,GANTHIER,HT0133,Ganthier,OUEST,SRC-058,"Données publiques haïtiennes — décret du 12/10/2005, art. 5 (textes officiels des autorités publiques et simples données)","CONATEL — Conseil National des Télécommunications, liste des stations de radiodiffusion autorisées 2023-2024",année 2023-2024,2026-08-24
radio,RADIO MAXIMUM POWER (ALLELUIA FM),JEAN E. BEJIN,,98.9,,,PORT-AU-PRINCE,HT0111,Port-au-Prince,OUEST,SRC-058,"Données publiques haïtiennes — décret du 12/10/2005, art. 5 (textes officiels des autorités publiques et simples données)","CONATEL — Conseil National des Télécommunications, liste des stations de radiodiffusion autorisées 2023-2024",année 2023-2024,2026-08-24
radio,RADIO KINGDOM,YVES LEONARD,,99.1,,,PAP,HT0111,Port-au-Prince,OUEST,SRC-058,"Données publiques haïtiennes — décret du 12/10/2005, art. 5 (textes officiels des autorités publiques et simples données)","CONATEL — Conseil National des Télécommunications, liste des stations de radiodiffusion autorisées 2023-2024",année 2023-2024,2026-08-24
radio,RADIO VISION 2000,MULTIPRESSE S.A.,,99.3,,,PORT-AU-PRINCE,HT0111,Port-au-Prince,OUEST,SRC-058,"Données publiques haïtiennes — décret du 12/10/2005, art. 5 (textes officiels des autorités publiques et simples données)","CONATEL — Conseil National des Télécommunications, liste des stations de radiodiffusion autorisées 2023-2024",année 2023-2024,2026-08-24
radio,RADIO PATRIMOINE,EDNER JEAN,,99.5,,,CROIX DES BOUQUETS,HT0131,Croix-Des-Bouquets,OUEST,SRC-058,"Données publiques haïtiennes — décret du 12/10/2005, art. 5 (textes officiels des autorités publiques et simples données)","CONATEL — Conseil National des Télécommunications, liste des stations de radiodiffusion autorisées 2023-2024",année 2023-2024,2026-08-24
radio,SWEET FM,MME CAMILLE DESMANGLES,,99.7,,,PORT-AU-PRINCE,HT0111,Port-au-Prince,OUEST,SRC-058,"Données publiques haïtiennes — décret du 12/10/2005, art. 5 (textes officiels des autorités publiques et simples données)","CONATEL — Conseil National des Télécommunications, liste des stations de radiodiffusion autorisées 2023-2024",année 2023-2024,2026-08-24
radio,RADIO METROPOLE,HEBERT WIDMAIER,,100.1,,,PORT-AU-PRINCE,HT0111,Port-au-Prince,OUEST,SRC-058,"Données publiques haïtiennes — décret du 12/10/2005, art. 5 (textes officiels des autorités publiques et simples données)","CONATEL — Conseil National des Télécommunications, liste des stations de radiodiffusion autorisées 2023-2024",année 2023-2024,2026-08-24
radio,RADIO HEXAGONE,MEGUELINE GASPARD,,100.3,,,PETION-VILLE,HT0114,Pétion-Ville,OUEST,SRC-058,"Données publiques haïtiennes — décret du 12/10/2005, art. 5 (textes officiels des autorités publiques et simples données)","CONATEL — Conseil National des Télécommunications, liste des stations de radiodiffusion autorisées 2023-2024",année 2023-2024,2026-08-24
radio,RADIO ECLAIR,PATRICK JOSEPH,,100.5,,,PORT-AU-PRINCE,HT0111,Port-au-Prince,OUEST,SRC-058,"Données publiques haïtiennes — décret du 12/10/2005, art. 5 (textes officiels des autorités publiques et simples données)","CONATEL — Conseil National des Télécommunications, liste des stations de radiodiffusion autorisées 2023-2024",année 2023-2024,2026-08-24
radio,RADIO THIM FM,STEVEN JACQUES THIMOLEON,,100.7,,,PETIT-GOAVE,HT0122,Petit-Goâve,OUEST,SRC-058,"Données publiques haïtiennes — décret du 12/10/2005, art. 5 (textes officiels des autorités publiques et simples données)","CONATEL — Conseil National des Télécommunications, liste des stations de radiodiffusion autorisées 2023-2024",année 2023-2024,2026-08-24
radio,TRANS-INFO FM,Volcy JOSEPH,,100.7,,,PAP,HT0111,Port-au-Prince,OUEST,SRC-058,"Données publiques haïtiennes — décret du 12/10/2005, art. 5 (textes officiels des autorités publiques et simples données)","CONATEL — Conseil National des Télécommunications, liste des stations de radiodiffusion autorisées 2023-2024",année 2023-2024,2026-08-24
radio,RADIO MAGIK 9,TOTAL PRESSE S.A.,,100.9,,,PORT-AU-PRINCE,HT0111,Port-au-Prince,OUEST,SRC-058,"Données publiques haïtiennes — décret du 12/10/2005, art. 5 (textes officiels des autorités publiques et simples données)","CONATEL — Conseil National des Télécommunications, liste des stations de radiodiffusion autorisées 2023-2024",année 2023-2024,2026-08-24
radio,Radio Percution FM,Rose Ferline ACCILIEN,,101.1,,,PAP,HT0111,Port-au-Prince,OUEST,SRC-058,"Données publiques haïtiennes — décret du 12/10/2005, art. 5 (textes officiels des autorités publiques et simples données)","CONATEL — Conseil National des Télécommunications, liste des stations de radiodiffusion autorisées 2023-2024",année 2023-2024,2026-08-24
radio,RADIO UNIVERS,HADLER MICHAUD,,101.3,,,PORT-AU-PRINCE,HT0111,Port-au-Prince,OUEST,SRC-058,"Données publiques haïtiennes — décret du 12/10/2005, art. 5 (textes officiels des autorités publiques et simples données)","CONATEL — Conseil National des Télécommunications, liste des stations de radiodiffusion autorisées 2023-2024",année 2023-2024,2026-08-24
radio,RADIO PACIFIC,MICOSKY POMPILUS,,101.5,,,PORT-AU-PRINCE,HT0111,Port-au-Prince,OUEST,SRC-058,"Données publiques haïtiennes — décret du 12/10/2005, art. 5 (textes officiels des autorités publiques et simples données)","CONATEL — Conseil National des Télécommunications, liste des stations de radiodiffusion autorisées 2023-2024",année 2023-2024,2026-08-24
radio,RADIO ENERGIE FM,LUNEL AUGUSTE GEGU,,101.7,,,PORT-AU-PRINCE,HT0111,Port-au-Prince,OUEST,SRC-058,"Données publiques haïtiennes — décret du 12/10/2005, art. 5 (textes officiels des autorités publiques et simples données)","CONATEL — Conseil National des Télécommunications, liste des stations de radiodiffusion autorisées 2023-2024",année 2023-2024,2026-08-24
radio,RADIO SAMBA,Marie Michelle Sheila Charlestin,,101.9,,,PORT-AU-PRINCE,HT0111,Port-au-Prince,OUEST,SRC-058,"Données publiques haïtiennes — décret du 12/10/2005, art. 5 (textes officiels des autorités publiques et simples données)","CONATEL — Conseil National des Télécommunications, liste des stations de radiodiffusion autorisées 2023-2024",année 2023-2024,2026-08-24
radio,RADIO NATIONALE,ETAT,,102.1,,,PAP,HT0111,Port-au-Prince,OUEST,SRC-058,"Données publiques haïtiennes — décret du 12/10/2005, art. 5 (textes officiels des autorités publiques et simples données)","CONATEL — Conseil National des Télécommunications, liste des stations de radiodiffusion autorisées 2023-2024",année 2023-2024,2026-08-24
radio,RADIO YAGUANA,LAGNES GUSTAVE,,102.3,,,LEOGANE,HT0121,Léogâne,OUEST,SRC-058,"Données publiques haïtiennes — décret du 12/10/2005, art. 5 (textes officiels des autorités publiques et simples données)","CONATEL — Conseil National des Télécommunications, liste des stations de radiodiffusion autorisées 2023-2024",année 2023-2024,2026-08-24
radio,RADIO VIHAMO,MAXO JOSEPH,,102.3,,,Petion VILLE,HT0114,Pétion-Ville,OUEST,SRC-058,"Données publiques haïtiennes — décret du 12/10/2005, art. 5 (textes officiels des autorités publiques et simples données)","CONATEL — Conseil National des Télécommunications, liste des stations de radiodiffusion autorisées 2023-2024",année 2023-2024,2026-08-24
radio,RADIO ZENITH FM,RONY COLIN,,102.5,,,PORT-AU-PRINCE,HT0111,Port-au-Prince,OUEST,SRC-058,"Données publiques haïtiennes — décret du 12/10/2005, art. 5 (textes officiels des autorités publiques et simples données)","CONATEL — Conseil National des Télécommunications, liste des stations de radiodiffusion autorisées 2023-2024",année 2023-2024,2026-08-24
radio,RADIO UNI FM,Arsène PASCAL,,102.7,,,PAP,HT0111,Port-au-Prince,OUEST,SRC-058,"Données publiques haïtiennes — décret du 12/10/2005, art. 5 (textes officiels des autorités publiques et simples données)","CONATEL — Conseil National des Télécommunications, liste des stations de radiodiffusion autorisées 2023-2024",année 2023-2024,2026-08-24
radio,RADIO SUPER STAR,ALBERT CHANCY,,102.9,,,PORT-AU-PRINCE,HT0111,Port-au-Prince,OUEST,SRC-058,"Données publiques haïtiennes — décret du 12/10/2005, art. 5 (textes officiels des autorités publiques et simples données)","CONATEL — Conseil National des Télécommunications, liste des stations de radiodiffusion autorisées 2023-2024",année 2023-2024,2026-08-24
radio,RADIO DIRECT INFO,BERNARD LUBIN,,103.1,,,PORT-AU-PRINCE,HT0111,Port-au-Prince,OUEST,SRC-058,"Données publiques haïtiennes — décret du 12/10/2005, art. 5 (textes officiels des autorités publiques et simples données)","CONATEL — Conseil National des Télécommunications, liste des stations de radiodiffusion autorisées 2023-2024",année 2023-2024,2026-08-24
radio,RADIO MELODIE FM,MARCUS GRACIA,,103.3,,,PORT-AU-PRINCE,HT0111,Port-au-Prince,OUEST,SRC-058,"Données publiques haïtiennes — décret du 12/10/2005, art. 5 (textes officiels des autorités publiques et simples données)","CONATEL — Conseil National des Télécommunications, liste des stations de radiodiffusion autorisées 2023-2024",année 2023-2024,2026-08-24
radio,RADIO AC,HERODE AUGUSTIN,,103.5,,,CROIX DES BOUQUETS,HT0131,Croix-Des-Bouquets,OUEST,SRC-058,"Données publiques haïtiennes — décret du 12/10/2005, art. 5 (textes officiels des autorités publiques et simples données)","CONATEL — Conseil National des Télécommunications, liste des stations de radiodiffusion autorisées 2023-2024",année 2023-2024,2026-08-24
radio,RADIO LAKANSYEL,ALEX ST-SURIN,,103.7,,,PORT-AU-PRINCE,HT0111,Port-au-Prince,OUEST,SRC-058,"Données publiques haïtiennes — décret du 12/10/2005, art. 5 (textes officiels des autorités publiques et simples données)","CONATEL — Conseil National des Télécommunications, liste des stations de radiodiffusion autorisées 2023-2024",année 2023-2024,2026-08-24
radio,RADIO COOL FM,CLAUDY DUCLERVIL,,103.9,,,LEOGANE,HT0121,Léogâne,OUEST,SRC-058,"Données publiques haïtiennes — décret du 12/10/2005, art. 5 (textes officiels des autorités publiques et simples données)","CONATEL — Conseil National des Télécommunications, liste des stations de radiodiffusion autorisées 2023-2024",année 2023-2024,2026-08-24
radio,RADIO LOVE-A-CHILD,ROBERT BERRY BURNET,,103.9,,,FONDS PARISIEN,,,OUEST,SRC-058,"Données publiques haïtiennes — décret du 12/10/2005, art. 5 (textes officiels des autorités publiques et simples données)","CONATEL — Conseil National des Télécommunications, liste des stations de radiodiffusion autorisées 2023-2024",année 2023-2024,2026-08-24
radio,Radio BEUR FM,WILDEN LAURENT,,103.9,,,PAP,HT0111,Port-au-Prince,OUEST,SRC-058,"Données publiques haïtiennes — décret du 12/10/2005, art. 5 (textes officiels des autorités publiques et simples données)","CONATEL — Conseil National des Télécommunications, liste des stations de radiodiffusion autorisées 2023-2024",année 2023-2024,2026-08-24
radio,RADIO MEN KONTRE,ACHAUTIG,,104.1,,,PETIT-GOAVE,HT0122,Petit-Goâve,OUEST,SRC-058,"Données publiques haïtiennes — décret du 12/10/2005, art. 5 (textes officiels des autorités publiques et simples données)","CONATEL — Conseil National des Télécommunications, liste des stations de radiodiffusion autorisées 2023-2024",année 2023-2024,2026-08-24
radio,RADIO SODEC SERVICE,HENRY CHERY,,104.1,,,PAP,HT0111,Port-au-Prince,OUEST,SRC-058,"Données publiques haïtiennes — décret du 12/10/2005, art. 5 (textes officiels des autorités publiques et simples données)","CONATEL — Conseil National des Télécommunications, liste des stations de radiodiffusion autorisées 2023-2024",année 2023-2024,2026-08-24
radio,RADIO ROC SOLIDE,GERARD FORGES,,104.3,,,CROIX DES BOUQUETS,HT0131,Croix-Des-Bouquets,OUEST,SRC-058,"Données publiques haïtiennes — décret du 12/10/2005, art. 5 (textes officiels des autorités publiques et simples données)","CONATEL — Conseil National des Télécommunications, liste des stations de radiodiffusion autorisées 2023-2024",année 2023-2024,2026-08-24
radio,RADIO GALAXIE,YVES JEAN BART,,104.5,,,PORT-AU-PRINCE,HT0111,Port-au-Prince,OUEST,SRC-058,"Données publiques haïtiennes — décret du 12/10/2005, art. 5 (textes officiels des autorités publiques et simples données)","CONATEL — Conseil National des Télécommunications, liste des stations de radiodiffusion autorisées 2023-2024",année 2023-2024,2026-08-24
radio,Radio Amitie,Marjorie Michel,,104.7,,,PAP,HT0111,Port-au-Prince,OUEST,SRC-058,"Données publiques haïtiennes — décret du 12/10/2005, art. 5 (textes officiels des autorités publiques et simples données)","CONATEL — Conseil National des Télécommunications, liste des stations de radiodiffusion autorisées 2023-2024",année 2023-2024,2026-08-24
radio,RADIO AZUEI INTER,CENTRE PONT HAITI,,104.9,,,GANTHIER,HT0133,Ganthier,OUEST,SRC-058,"Données publiques haïtiennes — décret du 12/10/2005, art. 5 (textes officiels des autorités publiques et simples données)","CONATEL — Conseil National des Télécommunications, liste des stations de radiodiffusion autorisées 2023-2024",année 2023-2024,2026-08-24
radio,RADIO DEMOCRATIE FM,THELSON FLEURISME,,104.9,,,FOND VERETTES,HT0135,Fonds-Verrettes,OUEST,SRC-058,"Données publiques haïtiennes — décret du 12/10/2005, art. 5 (textes officiels des autorités publiques et simples données)","CONATEL — Conseil National des Télécommunications, liste des stations de radiodiffusion autorisées 2023-2024",année 2023-2024,2026-08-24
radio,RADIO RFM,ROTCHILD FRANCOIS JR,,104.9,,,PORT-AU-PRINCE,HT0111,Port-au-Prince,OUEST,SRC-058,"Données publiques haïtiennes — décret du 12/10/2005, art. 5 (textes officiels des autorités publiques et simples données)","CONATEL — Conseil National des Télécommunications, liste des stations de radiodiffusion autorisées 2023-2024",année 2023-2024,2026-08-24
radio,RADIO STE CROIX,EGLISE EPISCOPALE,,104.9,,,LEOGANE,HT0121,Léogâne,OUEST,SRC-058,"Données publiques haïtiennes — décret du 12/10/2005, art. 5 (textes officiels des autorités publiques et simples données)","CONATEL — Conseil National des Télécommunications, liste des stations de radiodiffusion autorisées 2023-2024",année 2023-2024,2026-08-24
radio,RADIO TELE TERRE CIEL,Claudine Emille COLIN,,105.1,,,PAP,HT0111,Port-au-Prince,OUEST,SRC-058,"Données publiques haïtiennes — décret du 12/10/2005, art. 5 (textes officiels des autorités publiques et simples données)","CONATEL — Conseil National des Télécommunications, liste des stations de radiodiffusion autorisées 2023-2024",année 2023-2024,2026-08-24
radio,RADIO NATIONALE,ETAT,,105.3,,,PORT-AU-PRINCE,HT0111,Port-au-Prince,OUEST,SRC-058,"Données publiques haïtiennes — décret du 12/10/2005, art. 5 (textes officiels des autorités publiques et simples données)","CONATEL — Conseil National des Télécommunications, liste des stations de radiodiffusion autorisées 2023-2024",année 2023-2024,2026-08-24
radio,RADIO AUDIENCE,GUERRIER HENRI,,105.5,,,PETION VILLE,HT0114,Pétion-Ville,OUEST,SRC-058,"Données publiques haïtiennes — décret du 12/10/2005, art. 5 (textes officiels des autorités publiques et simples données)","CONATEL — Conseil National des Télécommunications, liste des stations de radiodiffusion autorisées 2023-2024",année 2023-2024,2026-08-24
radio,RADIO SOLEIL,CONFERENCE EPISCOPALE D'HAITI,,105.7,,,PAP,HT0111,Port-au-Prince,OUEST,SRC-058,"Données publiques haïtiennes — décret du 12/10/2005, art. 5 (textes officiels des autorités publiques et simples données)","CONATEL — Conseil National des Télécommunications, liste des stations de radiodiffusion autorisées 2023-2024",année 2023-2024,2026-08-24
radio,RADIO INDEFINIE,Gabrielle HOUANCHE,,105.9,,,CROIX DES BOUQUETS,HT0131,Croix-Des-Bouquets,OUEST,SRC-058,"Données publiques haïtiennes — décret du 12/10/2005, art. 5 (textes officiels des autorités publiques et simples données)","CONATEL — Conseil National des Télécommunications, liste des stations de radiodiffusion autorisées 2023-2024",année 2023-2024,2026-08-24
radio,RADIO VANITE FM,Mme Rose-Carline Joseph Montilus,,105.9,,,PAP,HT0111,Port-au-Prince,OUEST,SRC-058,"Données publiques haïtiennes — décret du 12/10/2005, art. 5 (textes officiels des autorités publiques et simples données)","CONATEL — Conseil National des Télécommunications, liste des stations de radiodiffusion autorisées 2023-2024",année 2023-2024,2026-08-24
radio,RADIO ORIENTATION,JEAN LOUIS JEAN PIERRE,,105.9,,,PETIT-GOAVE,HT0122,Petit-Goâve,OUEST,SRC-058,"Données publiques haïtiennes — décret du 12/10/2005, art. 5 (textes officiels des autorités publiques et simples données)","CONATEL — Conseil National des Télécommunications, liste des stations de radiodiffusion autorisées 2023-2024",année 2023-2024,2026-08-24
radio,RADIO HAITI INTER,HERITIERS JEAN L. DOMINIQUE,,106.1,,,PAP,HT0111,Port-au-Prince,OUEST,SRC-058,"Données publiques haïtiennes — décret du 12/10/2005, art. 5 (textes officiels des autorités publiques et simples données)","CONATEL — Conseil National des Télécommunications, liste des stations de radiodiffusion autorisées 2023-2024",année 2023-2024,2026-08-24
radio,Radio PILON FM,Jean-Jacques Yvernso DESCARTES,,106.3,,,PAP,HT0111,Port-au-Prince,OUEST,SRC-058,"Données publiques haïtiennes — décret du 12/10/2005, art. 5 (textes officiels des autorités publiques et simples données)","CONATEL — Conseil National des Télécommunications, liste des stations de radiodiffusion autorisées 2023-2024",année 2023-2024,2026-08-24
radio,RADIO SOURCE DE LA FOI,MISSION TABERNACLE DE LA FOI,,106.3,,,FONDS PARISIEN,,,OUEST,SRC-058,"Données publiques haïtiennes — décret du 12/10/2005, art. 5 (textes officiels des autorités publiques et simples données)","CONATEL — Conseil National des Télécommunications, liste des stations de radiodiffusion autorisées 2023-2024",année 2023-2024,2026-08-24
radio,RADIO Target FM,Myrlande MATHIEU,,106.3,,,Petit-Goave,HT0122,Petit-Goâve,OUEST,SRC-058,"Données publiques haïtiennes — décret du 12/10/2005, art. 5 (textes officiels des autorités publiques et simples données)","CONATEL — Conseil National des Télécommunications, liste des stations de radiodiffusion autorisées 2023-2024",année 2023-2024,2026-08-24
radio,RADIO STORM-FM,STEEVE HALLOUN,,106.5,,,PAP,HT0111,Port-au-Prince,OUEST,SRC-058,"Données publiques haïtiennes — décret du 12/10/2005, art. 5 (textes officiels des autorités publiques et simples données)","CONATEL — Conseil National des Télécommunications, liste des stations de radiodiffusion autorisées 2023-2024",année 2023-2024,2026-08-24
radio,RADIO INFO +,SOCIETENVELLETECHINFOTELECO8SA,,106.7,,,PAP,HT0111,Port-au-Prince,OUEST,SRC-058,"Données publiques haïtiennes — décret du 12/10/2005, art. 5 (textes officiels des autorités publiques et simples données)","CONATEL — Conseil National des Télécommunications, liste des stations de radiodiffusion autorisées 2023-2024",année 2023-2024,2026-08-24
radio,RADIO ECHO 2000 INTER,ORG.DES FEMMES AC.POUR LE DEVELOPPEMENT,,106.7,,,PETIT-GOAVE,HT0122,Petit-Goâve,OUEST,SRC-058,"Données publiques haïtiennes — décret du 12/10/2005, art. 5 (textes officiels des autorités publiques et simples données)","CONATEL — Conseil National des Télécommunications, liste des stations de radiodiffusion autorisées 2023-2024",année 2023-2024,2026-08-24
radio,Ra dio Emotion,Marionel SIMEON,,106.9,,,PAP,HT0111,Port-au-Prince,OUEST,SRC-058,"Données publiques haïtiennes — décret du 12/10/2005, art. 5 (textes officiels des autorités publiques et simples données)","CONATEL — Conseil National des Télécommunications, liste des stations de radiodiffusion autorisées 2023-2024",année 2023-2024,2026-08-24
radio,RADIO RENOVATION FM,BASTIN LESMAUS,,107.1,,,CROIX DES BOUQUETS,HT0131,Croix-Des-Bouquets,OUEST,SRC-058,"Données publiques haïtiennes — décret du 12/10/2005, art. 5 (textes officiels des autorités publiques et simples données)","CONATEL — Conseil National des Télécommunications, liste des stations de radiodiffusion autorisées 2023-2024",année 2023-2024,2026-08-24
radio,RADIO SOLIDARITE,VENEL REMARAIS,,107.3,,,PORT-AU-PRINCE,HT0111,Port-au-Prince,OUEST,SRC-058,"Données publiques haïtiennes — décret du 12/10/2005, art. 5 (textes officiels des autorités publiques et simples données)","CONATEL — Conseil National des Télécommunications, liste des stations de radiodiffusion autorisées 2023-2024",année 2023-2024,2026-08-24
radio,RADIO EV. DE L'ILE DE LA GONAVE,EVECHE DE LA GONAVE,,107.5,,,LA GONAVE,,,OUEST,SRC-058,"Données publiques haïtiennes — décret du 12/10/2005, art. 5 (textes officiels des autorités publiques et simples données)","CONATEL — Conseil National des Télécommunications, liste des stations de radiodiffusion autorisées 2023-2024",année 2023-2024,2026-08-24
radio,Radio Laria,NENEL CASSY,,107.5,,,PAP,HT0111,Port-au-Prince,OUEST,SRC-058,"Données publiques haïtiennes — décret du 12/10/2005, art. 5 (textes officiels des autorités publiques et simples données)","CONATEL — Conseil National des Télécommunications, liste des stations de radiodiffusion autorisées 2023-2024",année 2023-2024,2026-08-24
radio,RADIO PREFERENCE,MATHIEUX GUYTHO,,107.5,,,PETIT-GOAVE,HT0122,Petit-Goâve,OUEST,SRC-058,"Données publiques haïtiennes — décret du 12/10/2005, art. 5 (textes officiels des autorités publiques et simples données)","CONATEL — Conseil National des Télécommunications, liste des stations de radiodiffusion autorisées 2023-2024",année 2023-2024,2026-08-24
radio,RADIO SCOOP FM,WILFRID SAINT JUSTE,,107.7,,,PAP,HT0111,Port-au-Prince,OUEST,SRC-058,"Données publiques haïtiennes — décret du 12/10/2005, art. 5 (textes officiels des autorités publiques et simples données)","CONATEL — Conseil National des Télécommunications, liste des stations de radiodiffusion autorisées 2023-2024",année 2023-2024,2026-08-24
radio,RADIO LUMIERE,MEBSH,,88.1,,,GONAIVES,HT0511,Gonaïves,ARTIBONITE,SRC-058,"Données publiques haïtiennes — décret du 12/10/2005, art. 5 (textes officiels des autorités publiques et simples données)","CONATEL — Conseil National des Télécommunications, liste des stations de radiodiffusion autorisées 2023-2024",année 2023-2024,2026-08-24
radio,RADIO VOIX DE L’ESPERANCE,MISSION DES ADVENTISTES,,88.1,,,SAINT MARC,HT0531,Saint-Marc,ARTIBONITE,SRC-058,"Données publiques haïtiennes — décret du 12/10/2005, art. 5 (textes officiels des autorités publiques et simples données)","CONATEL — Conseil National des Télécommunications, liste des stations de radiodiffusion autorisées 2023-2024",année 2023-2024,2026-08-24
radio,Radio PILON FM,Jean-Jacques Yvernso DESCARTES,,88.3,,,Gonaives,HT0511,Gonaïves,ARTIBONITE,SRC-058,"Données publiques haïtiennes — décret du 12/10/2005, art. 5 (textes officiels des autorités publiques et simples données)","CONATEL — Conseil National des Télécommunications, liste des stations de radiodiffusion autorisées 2023-2024",année 2023-2024,2026-08-24
radio,RADIO HEXAGOM,MIGUELLINE GASPARD,,88.5,,,GONAIVES,HT0511,Gonaïves,ARTIBONITE,SRC-058,"Données publiques haïtiennes — décret du 12/10/2005, art. 5 (textes officiels des autorités publiques et simples données)","CONATEL — Conseil National des Télécommunications, liste des stations de radiodiffusion autorisées 2023-2024",année 2023-2024,2026-08-24
radio,RADIO VERITE (temporaire),CAMILLE MILFORT,,88.7,,,GONAIVES/ST MARC,,,ARTIBONITE,SRC-058,"Données publiques haïtiennes — décret du 12/10/2005, art. 5 (textes officiels des autorités publiques et simples données)","CONATEL — Conseil National des Télécommunications, liste des stations de radiodiffusion autorisées 2023-2024",année 2023-2024,2026-08-24
radio,RADIO BELLE RIVIERE FM,GERARD CYRIUS,,88.9,,,PTE. RIVIERE DE L’ARTIBONITE,HT0542,Petite Rivière de l'Artibonite,ARTIBONITE,SRC-058,"Données publiques haïtiennes — décret du 12/10/2005, art. 5 (textes officiels des autorités publiques et simples données)","CONATEL — Conseil National des Télécommunications, liste des stations de radiodiffusion autorisées 2023-2024",année 2023-2024,2026-08-24
radio,RADIO VOIX DE L’ESPERANCE,MISSION DES ADVENTISTES,,89.1,,,GONAIVES,HT0511,Gonaïves,ARTIBONITE,SRC-058,"Données publiques haïtiennes — décret du 12/10/2005, art. 5 (textes officiels des autorités publiques et simples données)","CONATEL — Conseil National des Télécommunications, liste des stations de radiodiffusion autorisées 2023-2024",année 2023-2024,2026-08-24
radio,RADIO DANY FM,DANIEL INELUS,,89.3,,,GROS MORNES,HT0521,Gros Morne,ARTIBONITE,SRC-058,"Données publiques haïtiennes — décret du 12/10/2005, art. 5 (textes officiels des autorités publiques et simples données)","CONATEL — Conseil National des Télécommunications, liste des stations de radiodiffusion autorisées 2023-2024",année 2023-2024,2026-08-24
radio,RADIO TI MOUN,LAFANMI SELAVI,,89.5,,,GONAIVES,HT0511,Gonaïves,ARTIBONITE,SRC-058,"Données publiques haïtiennes — décret du 12/10/2005, art. 5 (textes officiels des autorités publiques et simples données)","CONATEL — Conseil National des Télécommunications, liste des stations de radiodiffusion autorisées 2023-2024",année 2023-2024,2026-08-24
radio,RADIO SENSATION,PIERRELINE MICHEL,,89.7,,,SAINT MARC,HT0531,Saint-Marc,ARTIBONITE,SRC-058,"Données publiques haïtiennes — décret du 12/10/2005, art. 5 (textes officiels des autorités publiques et simples données)","CONATEL — Conseil National des Télécommunications, liste des stations de radiodiffusion autorisées 2023-2024",année 2023-2024,2026-08-24
radio,RADIO EAU DE VIE,SALONIQUE ADOLPHE,,89.9,,,GONAIVES,HT0511,Gonaïves,ARTIBONITE,SRC-058,"Données publiques haïtiennes — décret du 12/10/2005, art. 5 (textes officiels des autorités publiques et simples données)","CONATEL — Conseil National des Télécommunications, liste des stations de radiodiffusion autorisées 2023-2024",année 2023-2024,2026-08-24
radio,RADIO LESPRI LIBERASYON,RONALD THEOPHILE,,90.1,,,GONAIVES,HT0511,Gonaïves,ARTIBONITE,SRC-058,"Données publiques haïtiennes — décret du 12/10/2005, art. 5 (textes officiels des autorités publiques et simples données)","CONATEL — Conseil National des Télécommunications, liste des stations de radiodiffusion autorisées 2023-2024",année 2023-2024,2026-08-24
radio,Radio New Star,Beauvoir Joseph ALISMA,,90.3,,,GONAIVES,HT0511,Gonaïves,ARTIBONITE,SRC-058,"Données publiques haïtiennes — décret du 12/10/2005, art. 5 (textes officiels des autorités publiques et simples données)","CONATEL — Conseil National des Télécommunications, liste des stations de radiodiffusion autorisées 2023-2024",année 2023-2024,2026-08-24
radio,Radio Target FM,Mirlande Mathieu,,90.3,,,GONAIVES,HT0511,Gonaïves,ARTIBONITE,SRC-058,"Données publiques haïtiennes — décret du 12/10/2005, art. 5 (textes officiels des autorités publiques et simples données)","CONATEL — Conseil National des Télécommunications, liste des stations de radiodiffusion autorisées 2023-2024",année 2023-2024,2026-08-24
radio,Radio Cocoyé,Dario Serge Junior Laguerre,,90.3,,,l'Estère,HT0513,L'Estère,ARTIBONITE,SRC-058,"Données publiques haïtiennes — décret du 12/10/2005, art. 5 (textes officiels des autorités publiques et simples données)","CONATEL — Conseil National des Télécommunications, liste des stations de radiodiffusion autorisées 2023-2024",année 2023-2024,2026-08-24
radio,RADIO RFI-HAITI,PIERRE ANDRE CHARLES,,90.5,,,GONAIVES,HT0511,Gonaïves,ARTIBONITE,SRC-058,"Données publiques haïtiennes — décret du 12/10/2005, art. 5 (textes officiels des autorités publiques et simples données)","CONATEL — Conseil National des Télécommunications, liste des stations de radiodiffusion autorisées 2023-2024",année 2023-2024,2026-08-24
radio,RADIO SAMBA,MARIE MICHELLE,,90.7,,,GONAIVES,HT0511,Gonaïves,ARTIBONITE,SRC-058,"Données publiques haïtiennes — décret du 12/10/2005, art. 5 (textes officiels des autorités publiques et simples données)","CONATEL — Conseil National des Télécommunications, liste des stations de radiodiffusion autorisées 2023-2024",année 2023-2024,2026-08-24
radio,RADIO LOUVERTURE,CHOLZER CHANCY,,90.9,,,ENNERY,HT0512,Ennery,ARTIBONITE,SRC-058,"Données publiques haïtiennes — décret du 12/10/2005, art. 5 (textes officiels des autorités publiques et simples données)","CONATEL — Conseil National des Télécommunications, liste des stations de radiodiffusion autorisées 2023-2024",année 2023-2024,2026-08-24
radio,RADIO MAJUSCULE,Jocelyn ULSSE,,91.1,,,ST-MARC,HT0531,Saint-Marc,ARTIBONITE,SRC-058,"Données publiques haïtiennes — décret du 12/10/2005, art. 5 (textes officiels des autorités publiques et simples données)","CONATEL — Conseil National des Télécommunications, liste des stations de radiodiffusion autorisées 2023-2024",année 2023-2024,2026-08-24
radio,RADIO SUN FM,MARC DONALD ARCHELUS,,91.3,,,GONAIVES,HT0511,Gonaïves,ARTIBONITE,SRC-058,"Données publiques haïtiennes — décret du 12/10/2005, art. 5 (textes officiels des autorités publiques et simples données)","CONATEL — Conseil National des Télécommunications, liste des stations de radiodiffusion autorisées 2023-2024",année 2023-2024,2026-08-24
radio,RADIO TRADITION (temporaire),ALIX METELLUS,,91.7,,,GONAIVES,HT0511,Gonaïves,ARTIBONITE,SRC-058,"Données publiques haïtiennes — décret du 12/10/2005, art. 5 (textes officiels des autorités publiques et simples données)","CONATEL — Conseil National des Télécommunications, liste des stations de radiodiffusion autorisées 2023-2024",année 2023-2024,2026-08-24
radio,RADIO JERUSALEM,JEROME FRANCOIS XAVIER,,91.9,,,ST MARC,HT0531,Saint-Marc,ARTIBONITE,SRC-058,"Données publiques haïtiennes — décret du 12/10/2005, art. 5 (textes officiels des autorités publiques et simples données)","CONATEL — Conseil National des Télécommunications, liste des stations de radiodiffusion autorisées 2023-2024",année 2023-2024,2026-08-24
radio,RADIOLA CHANDELEUR,REV. SAINT JEAN ZACHARIE,,92.1,,,GROS MORNES,HT0521,Gros Morne,ARTIBONITE,SRC-058,"Données publiques haïtiennes — décret du 12/10/2005, art. 5 (textes officiels des autorités publiques et simples données)","CONATEL — Conseil National des Télécommunications, liste des stations de radiodiffusion autorisées 2023-2024",année 2023-2024,2026-08-24
radio,RADIO CLAIRON STEREO,Jacques EDOUARD,,92.1,,,SAINT MARC,HT0531,Saint-Marc,ARTIBONITE,SRC-058,"Données publiques haïtiennes — décret du 12/10/2005, art. 5 (textes officiels des autorités publiques et simples données)","CONATEL — Conseil National des Télécommunications, liste des stations de radiodiffusion autorisées 2023-2024",année 2023-2024,2026-08-24
radio,Kingdom RADIO FM,Yves LEONARD,,92.3,,,GONAIVES,HT0511,Gonaïves,ARTIBONITE,SRC-058,"Données publiques haïtiennes — décret du 12/10/2005, art. 5 (textes officiels des autorités publiques et simples données)","CONATEL — Conseil National des Télécommunications, liste des stations de radiodiffusion autorisées 2023-2024",année 2023-2024,2026-08-24
radio,RADIO GUY FM,GUY ROBERT CHERY,,92.5,,,ANSE ROUGE,HT0523,Anse Rouge,ARTIBONITE,SRC-058,"Données publiques haïtiennes — décret du 12/10/2005, art. 5 (textes officiels des autorités publiques et simples données)","CONATEL — Conseil National des Télécommunications, liste des stations de radiodiffusion autorisées 2023-2024",année 2023-2024,2026-08-24
radio,Radio Pacific FM,Micosky POMPILUS,,92.5,,,St-Marc,HT0531,Saint-Marc,ARTIBONITE,SRC-058,"Données publiques haïtiennes — décret du 12/10/2005, art. 5 (textes officiels des autorités publiques et simples données)","CONATEL — Conseil National des Télécommunications, liste des stations de radiodiffusion autorisées 2023-2024",année 2023-2024,2026-08-24
radio,Radio Pacific FM,Micosky POMPILUS,,92.7,,,GONAIVES,HT0511,Gonaïves,ARTIBONITE,SRC-058,"Données publiques haïtiennes — décret du 12/10/2005, art. 5 (textes officiels des autorités publiques et simples données)","CONATEL — Conseil National des Télécommunications, liste des stations de radiodiffusion autorisées 2023-2024",année 2023-2024,2026-08-24
radio,RADIO MAXIMA,JEAN ROBERT LALANE,,92.9,,,GONAIVES,HT0511,Gonaïves,ARTIBONITE,SRC-058,"Données publiques haïtiennes — décret du 12/10/2005, art. 5 (textes officiels des autorités publiques et simples données)","CONATEL — Conseil National des Télécommunications, liste des stations de radiodiffusion autorisées 2023-2024",année 2023-2024,2026-08-24
radio,RADIO FANS,FANEL SALOMOM,,93.1,,,LA CHAPELLE,HT0533,La Chapelle,ARTIBONITE,SRC-058,"Données publiques haïtiennes — décret du 12/10/2005, art. 5 (textes officiels des autorités publiques et simples données)","CONATEL — Conseil National des Télécommunications, liste des stations de radiodiffusion autorisées 2023-2024",année 2023-2024,2026-08-24
radio,RADIO GINEN,JEAN LUCIEN BORGES,,93.1,,,ST MARC,HT0531,Saint-Marc,ARTIBONITE,SRC-058,"Données publiques haïtiennes — décret du 12/10/2005, art. 5 (textes officiels des autorités publiques et simples données)","CONATEL — Conseil National des Télécommunications, liste des stations de radiodiffusion autorisées 2023-2024",année 2023-2024,2026-08-24
radio,RADIO GINEN,JEAN LUCIEN BORGES,,93.3,,,GONAIVES,HT0511,Gonaïves,ARTIBONITE,SRC-058,"Données publiques haïtiennes — décret du 12/10/2005, art. 5 (textes officiels des autorités publiques et simples données)","CONATEL — Conseil National des Télécommunications, liste des stations de radiodiffusion autorisées 2023-2024",année 2023-2024,2026-08-24
radio,RADIO KONESANS,Shiler LAZARRE,,93.5,,,Saint-Marc,HT0531,Saint-Marc,ARTIBONITE,SRC-058,"Données publiques haïtiennes — décret du 12/10/2005, art. 5 (textes officiels des autorités publiques et simples données)","CONATEL — Conseil National des Télécommunications, liste des stations de radiodiffusion autorisées 2023-2024",année 2023-2024,2026-08-24
radio,RADIO DYNAMIC F.M.,MARC ANTOINE FRITZ JACQUES,,93.7,,,SAINT MARC,HT0531,Saint-Marc,ARTIBONITE,SRC-058,"Données publiques haïtiennes — décret du 12/10/2005, art. 5 (textes officiels des autorités publiques et simples données)","CONATEL — Conseil National des Télécommunications, liste des stations de radiodiffusion autorisées 2023-2024",année 2023-2024,2026-08-24
radio,RADIO INTREPIDE,PIERRE JACKSON FLERANVIL,,93.9,,,GONAIVES,HT0511,Gonaïves,ARTIBONITE,SRC-058,"Données publiques haïtiennes — décret du 12/10/2005, art. 5 (textes officiels des autorités publiques et simples données)","CONATEL — Conseil National des Télécommunications, liste des stations de radiodiffusion autorisées 2023-2024",année 2023-2024,2026-08-24
radio,RADIO JUPITER PLUS,PHILOSTHENE BENOIT DUGUEZ,,94.1,,,LIANCOURT,,,ARTIBONITE,SRC-058,"Données publiques haïtiennes — décret du 12/10/2005, art. 5 (textes officiels des autorités publiques et simples données)","CONATEL — Conseil National des Télécommunications, liste des stations de radiodiffusion autorisées 2023-2024",année 2023-2024,2026-08-24
radio,Radio VIRAGE,Ralph Junior JEUNE,,94.3,,,Gonaives,HT0511,Gonaïves,ARTIBONITE,SRC-058,"Données publiques haïtiennes — décret du 12/10/2005, art. 5 (textes officiels des autorités publiques et simples données)","CONATEL — Conseil National des Télécommunications, liste des stations de radiodiffusion autorisées 2023-2024",année 2023-2024,2026-08-24
radio,RADIO SUPER VISION,KALDWELL VALLON,,94.5,,,GONAIVES,HT0511,Gonaïves,ARTIBONITE,SRC-058,"Données publiques haïtiennes — décret du 12/10/2005, art. 5 (textes officiels des autorités publiques et simples données)","CONATEL — Conseil National des Télécommunications, liste des stations de radiodiffusion autorisées 2023-2024",année 2023-2024,2026-08-24
radio,Radio Pè Tèlé FM,Job DORNÉVIL,,94.7,,,ST-MARC,HT0531,Saint-Marc,ARTIBONITE,SRC-058,"Données publiques haïtiennes — décret du 12/10/2005, art. 5 (textes officiels des autorités publiques et simples données)","CONATEL — Conseil National des Télécommunications, liste des stations de radiodiffusion autorisées 2023-2024",année 2023-2024,2026-08-24
radio,Radio TELE Atis,Gerald Abel,,94.7,,,Gonaives,HT0511,Gonaïves,ARTIBONITE,SRC-058,"Données publiques haïtiennes — décret du 12/10/2005, art. 5 (textes officiels des autorités publiques et simples données)","CONATEL — Conseil National des Télécommunications, liste des stations de radiodiffusion autorisées 2023-2024",année 2023-2024,2026-08-24
radio,RADIO TELE TERRE CIEL,Claudine Emille COLIN,,94.9,,,GONAIVES,HT0511,Gonaïves,ARTIBONITE,SRC-058,"Données publiques haïtiennes — décret du 12/10/2005, art. 5 (textes officiels des autorités publiques et simples données)","CONATEL — Conseil National des Télécommunications, liste des stations de radiodiffusion autorisées 2023-2024",année 2023-2024,2026-08-24
radio,RADIO BEUR,WILDEN LAURENT,,95.1,,,GONAVES,HT0511,Gonaïves,ARTIBONITE,SRC-058,"Données publiques haïtiennes — décret du 12/10/2005, art. 5 (textes officiels des autorités publiques et simples données)","CONATEL — Conseil National des Télécommunications, liste des stations de radiodiffusion autorisées 2023-2024",année 2023-2024,2026-08-24
radio,RADIO PROVINCIALE,REYNALD ORIVAL,,95.3,,,GONAIVES,HT0511,Gonaïves,ARTIBONITE,SRC-058,"Données publiques haïtiennes — décret du 12/10/2005, art. 5 (textes officiels des autorités publiques et simples données)","CONATEL — Conseil National des Télécommunications, liste des stations de radiodiffusion autorisées 2023-2024",année 2023-2024,2026-08-24
radio,RADIO LA VOIX DE GROS MORNES,BENOIT CILENCIEUX,,95.5,,,GROS-MORNES,HT0521,Gros Morne,ARTIBONITE,SRC-058,"Données publiques haïtiennes — décret du 12/10/2005, art. 5 (textes officiels des autorités publiques et simples données)","CONATEL — Conseil National des Télécommunications, liste des stations de radiodiffusion autorisées 2023-2024",année 2023-2024,2026-08-24
radio,RADIO CLARTE FM,JOEL JOSEPH,,95.7,,,GONAIVES,HT0511,Gonaïves,ARTIBONITE,SRC-058,"Données publiques haïtiennes — décret du 12/10/2005, art. 5 (textes officiels des autorités publiques et simples données)","CONATEL — Conseil National des Télécommunications, liste des stations de radiodiffusion autorisées 2023-2024",année 2023-2024,2026-08-24
radio,Radio ALEPH,Saint-Alais Abraham MADET,,95.9,,,Gonaives,HT0511,Gonaïves,ARTIBONITE,SRC-058,"Données publiques haïtiennes — décret du 12/10/2005, art. 5 (textes officiels des autorités publiques et simples données)","CONATEL — Conseil National des Télécommunications, liste des stations de radiodiffusion autorisées 2023-2024",année 2023-2024,2026-08-24
radio,RADIO TELE DE LA COMMUNAUTE LACHAPELLOISE(RTCL),HERMANO EXINOED,,96.1,,,LA CHAPELLE,HT0533,La Chapelle,ARTIBONITE,SRC-058,"Données publiques haïtiennes — décret du 12/10/2005, art. 5 (textes officiels des autorités publiques et simples données)","CONATEL — Conseil National des Télécommunications, liste des stations de radiodiffusion autorisées 2023-2024",année 2023-2024,2026-08-24
radio,RADIO SONIC PLUS,CERES DURAND,,96.3,,,SAINT MARC,HT0531,Saint-Marc,ARTIBONITE,SRC-058,"Données publiques haïtiennes — décret du 12/10/2005, art. 5 (textes officiels des autorités publiques et simples données)","CONATEL — Conseil National des Télécommunications, liste des stations de radiodiffusion autorisées 2023-2024",année 2023-2024,2026-08-24
radio,RADIO EXPLOSION,ROSE PHILIPPE ROMAIN,,96.5,,,GONAIVES,HT0511,Gonaïves,ARTIBONITE,SRC-058,"Données publiques haïtiennes — décret du 12/10/2005, art. 5 (textes officiels des autorités publiques et simples données)","CONATEL — Conseil National des Télécommunications, liste des stations de radiodiffusion autorisées 2023-2024",année 2023-2024,2026-08-24
radio,TRANS-INFO FM,Volcy JOSEPH,,96.7,,,GONAIVES,HT0511,Gonaïves,ARTIBONITE,SRC-058,"Données publiques haïtiennes — décret du 12/10/2005, art. 5 (textes officiels des autorités publiques et simples données)","CONATEL — Conseil National des Télécommunications, liste des stations de radiodiffusion autorisées 2023-2024",année 2023-2024,2026-08-24
radio,RADIO ARTI 2000,EDDY LOUIS,,96.9,,,PTE RIVIERE DE L’ARTIBONITE,HT0542,Petite Rivière de l'Artibonite,ARTIBONITE,SRC-058,"Données publiques haïtiennes — décret du 12/10/2005, art. 5 (textes officiels des autorités publiques et simples données)","CONATEL — Conseil National des Télécommunications, liste des stations de radiodiffusion autorisées 2023-2024",année 2023-2024,2026-08-24
radio,RADIO COOL FM,MIMO PLACIDE,,97.1,,,ST MARC,HT0531,Saint-Marc,ARTIBONITE,SRC-058,"Données publiques haïtiennes — décret du 12/10/2005, art. 5 (textes officiels des autorités publiques et simples données)","CONATEL — Conseil National des Télécommunications, liste des stations de radiodiffusion autorisées 2023-2024",année 2023-2024,2026-08-24
radio,RADIO WAVE,MERCIUS DORVILUS,,97.3,,,GONAIVES,HT0511,Gonaïves,ARTIBONITE,SRC-058,"Données publiques haïtiennes — décret du 12/10/2005, art. 5 (textes officiels des autorités publiques et simples données)","CONATEL — Conseil National des Télécommunications, liste des stations de radiodiffusion autorisées 2023-2024",année 2023-2024,2026-08-24
radio,RADIO LANTERN,NUELLA JOSEPH,,97.5,,,MARCHAND DESSALINES,HT0541,Dessalines,ARTIBONITE,SRC-058,"Données publiques haïtiennes — décret du 12/10/2005, art. 5 (textes officiels des autorités publiques et simples données)","CONATEL — Conseil National des Télécommunications, liste des stations de radiodiffusion autorisées 2023-2024",année 2023-2024,2026-08-24
radio,RADIO GONAIVES,STEVENSON ST-FLEUR,,97.7,,,GONAIVES,HT0511,Gonaïves,ARTIBONITE,SRC-058,"Données publiques haïtiennes — décret du 12/10/2005, art. 5 (textes officiels des autorités publiques et simples données)","CONATEL — Conseil National des Télécommunications, liste des stations de radiodiffusion autorisées 2023-2024",année 2023-2024,2026-08-24
radio,RADIO DESARMES INTERNATIONALE,ODANIS JOSEPH,,97.9,,,VERRETTES,HT0532,Verrettes,ARTIBONITE,SRC-058,"Données publiques haïtiennes — décret du 12/10/2005, art. 5 (textes officiels des autorités publiques et simples données)","CONATEL — Conseil National des Télécommunications, liste des stations de radiodiffusion autorisées 2023-2024",année 2023-2024,2026-08-24
radio,RADIO VISION 2000,MULTIPRESSE S.A.,,98.1,,,GONAIVES,HT0511,Gonaïves,ARTIBONITE,SRC-058,"Données publiques haïtiennes — décret du 12/10/2005, art. 5 (textes officiels des autorités publiques et simples données)","CONATEL — Conseil National des Télécommunications, liste des stations de radiodiffusion autorisées 2023-2024",année 2023-2024,2026-08-24
radio,RADIO RAYON FM,MOISES TULICE,,98.3,,,MARCHAND DESSALINES,HT0541,Dessalines,ARTIBONITE,SRC-058,"Données publiques haïtiennes — décret du 12/10/2005, art. 5 (textes officiels des autorités publiques et simples données)","CONATEL — Conseil National des Télécommunications, liste des stations de radiodiffusion autorisées 2023-2024",année 2023-2024,2026-08-24
radio,Radio Pacific FM,Micosky POMPILUS,,98.5,,,MARCHAND DESSALINES,HT0541,Dessalines,ARTIBONITE,SRC-058,"Données publiques haïtiennes — décret du 12/10/2005, art. 5 (textes officiels des autorités publiques et simples données)","CONATEL — Conseil National des Télécommunications, liste des stations de radiodiffusion autorisées 2023-2024",année 2023-2024,2026-08-24
radio,RADIO CHRIST ROI,EVECHE DES GONAIVES,,98.7,,,GONAIVES,HT0511,Gonaïves,ARTIBONITE,SRC-058,"Données publiques haïtiennes — décret du 12/10/2005, art. 5 (textes officiels des autorités publiques et simples données)","CONATEL — Conseil National des Télécommunications, liste des stations de radiodiffusion autorisées 2023-2024",année 2023-2024,2026-08-24
radio,RADIO CHRIST FELLOWSHIP NETWORK,ANTOINE JEAN LOUIS,,98.9,,,DESDUNES,HT0544,Desdunes,ARTIBONITE,SRC-058,"Données publiques haïtiennes — décret du 12/10/2005, art. 5 (textes officiels des autorités publiques et simples données)","CONATEL — Conseil National des Télécommunications, liste des stations de radiodiffusion autorisées 2023-2024",année 2023-2024,2026-08-24
radio,RADIO FRANCIQUE FM,PIERRE ANTOINE BRNARD,,98.9,,,GROS MORNES,HT0521,Gros Morne,ARTIBONITE,SRC-058,"Données publiques haïtiennes — décret du 12/10/2005, art. 5 (textes officiels des autorités publiques et simples données)","CONATEL — Conseil National des Télécommunications, liste des stations de radiodiffusion autorisées 2023-2024",année 2023-2024,2026-08-24
radio,RADIO SINAI,DENISE MILUS,,99.1,,,Gonaives,HT0511,Gonaïves,ARTIBONITE,SRC-058,"Données publiques haïtiennes — décret du 12/10/2005, art. 5 (textes officiels des autorités publiques et simples données)","CONATEL — Conseil National des Télécommunications, liste des stations de radiodiffusion autorisées 2023-2024",année 2023-2024,2026-08-24
radio,RADIO LAKAY,Jean Marie DEJEAN,,99.3,,,SAINT MARC,HT0531,Saint-Marc,ARTIBONITE,SRC-058,"Données publiques haïtiennes — décret du 12/10/2005, art. 5 (textes officiels des autorités publiques et simples données)","CONATEL — Conseil National des Télécommunications, liste des stations de radiodiffusion autorisées 2023-2024",année 2023-2024,2026-08-24
radio,RADIO ANTENNE CONTINENTALE,WALNER JOSEPH,,99.5,,,GONAIVES,HT0511,Gonaïves,ARTIBONITE,SRC-058,"Données publiques haïtiennes — décret du 12/10/2005, art. 5 (textes officiels des autorités publiques et simples données)","CONATEL — Conseil National des Télécommunications, liste des stations de radiodiffusion autorisées 2023-2024",année 2023-2024,2026-08-24
radio,RADIO INITE,MITPA,,99.5,,,ST MICHEL DE L’ATTALAYE,HT0551,Saint-Michel de l'Attalaye,ARTIBONITE,SRC-058,"Données publiques haïtiennes — décret du 12/10/2005, art. 5 (textes officiels des autorités publiques et simples données)","CONATEL — Conseil National des Télécommunications, liste des stations de radiodiffusion autorisées 2023-2024",année 2023-2024,2026-08-24
radio,Radio TELE SHEKINAH,Pasteur Grégory TOUSSAINT,,99.9,,,GONAIVES,HT0511,Gonaïves,ARTIBONITE,SRC-058,"Données publiques haïtiennes — décret du 12/10/2005, art. 5 (textes officiels des autorités publiques et simples données)","CONATEL — Conseil National des Télécommunications, liste des stations de radiodiffusion autorisées 2023-2024",année 2023-2024,2026-08-24
radio,RADIO MILLENIUM 3,STEVENSON CHARLES CHARLESTAN,,99.9,,,SAINT MARC,HT0531,Saint-Marc,ARTIBONITE,SRC-058,"Données publiques haïtiennes — décret du 12/10/2005, art. 5 (textes officiels des autorités publiques et simples données)","CONATEL — Conseil National des Télécommunications, liste des stations de radiodiffusion autorisées 2023-2024",année 2023-2024,2026-08-24
radio,Radio PERCUTION FM,Rose-Ferline ACCILIEN,,100.1,,,GONAIVES,HT0511,Gonaïves,ARTIBONITE,SRC-058,"Données publiques haïtiennes — décret du 12/10/2005, art. 5 (textes officiels des autorités publiques et simples données)","CONATEL — Conseil National des Télécommunications, liste des stations de radiodiffusion autorisées 2023-2024",année 2023-2024,2026-08-24
radio,RADIO LJS,LOUIS-JEUNE ULYSSE,,100.3,,,SAINT MARC,HT0531,Saint-Marc,ARTIBONITE,SRC-058,"Données publiques haïtiennes — décret du 12/10/2005, art. 5 (textes officiels des autorités publiques et simples données)","CONATEL — Conseil National des Télécommunications, liste des stations de radiodiffusion autorisées 2023-2024",année 2023-2024,2026-08-24
radio,RADIO AFRICA FM,NAWOON MARCELLUS,,100.5,,,GONAIVES,HT0511,Gonaïves,ARTIBONITE,SRC-058,"Données publiques haïtiennes — décret du 12/10/2005, art. 5 (textes officiels des autorités publiques et simples données)","CONATEL — Conseil National des Télécommunications, liste des stations de radiodiffusion autorisées 2023-2024",année 2023-2024,2026-08-24
radio,RADIO VWA LATIBONIT,HERBY DALENCOURT,,100.7,,,ST MARC,HT0531,Saint-Marc,ARTIBONITE,SRC-058,"Données publiques haïtiennes — décret du 12/10/2005, art. 5 (textes officiels des autorités publiques et simples données)","CONATEL — Conseil National des Télécommunications, liste des stations de radiodiffusion autorisées 2023-2024",année 2023-2024,2026-08-24
radio,RADIO REDEMPTION,EGLISE EPISCOPALE D’HAITI,,100.9,,,GONAIVES,HT0511,Gonaïves,ARTIBONITE,SRC-058,"Données publiques haïtiennes — décret du 12/10/2005, art. 5 (textes officiels des autorités publiques et simples données)","CONATEL — Conseil National des Télécommunications, liste des stations de radiodiffusion autorisées 2023-2024",année 2023-2024,2026-08-24
radio,Radio ORCHIDEE,Jacqueline THELUSMA,,101.1,,,GONAIVES,HT0511,Gonaïves,ARTIBONITE,SRC-058,"Données publiques haïtiennes — décret du 12/10/2005, art. 5 (textes officiels des autorités publiques et simples données)","CONATEL — Conseil National des Télécommunications, liste des stations de radiodiffusion autorisées 2023-2024",année 2023-2024,2026-08-24
radio,RADIO SUPER GEMINI,VLADIMIR DOMINGUE,,101.3,,,ST MARC,HT0531,Saint-Marc,ARTIBONITE,SRC-058,"Données publiques haïtiennes — décret du 12/10/2005, art. 5 (textes officiels des autorités publiques et simples données)","CONATEL — Conseil National des Télécommunications, liste des stations de radiodiffusion autorisées 2023-2024",année 2023-2024,2026-08-24
radio,RADIO MEMORIAL FM,YVENS ALEXIS,,101.5,,,GONAIVES,HT0511,Gonaïves,ARTIBONITE,SRC-058,"Données publiques haïtiennes — décret du 12/10/2005, art. 5 (textes officiels des autorités publiques et simples données)","CONATEL — Conseil National des Télécommunications, liste des stations de radiodiffusion autorisées 2023-2024",année 2023-2024,2026-08-24
radio,RADIO HEURE DE VERITE,CHARLES SUFFRARD,,101.7,,,L’ESTERE,HT0513,L'Estère,ARTIBONITE,SRC-058,"Données publiques haïtiennes — décret du 12/10/2005, art. 5 (textes officiels des autorités publiques et simples données)","CONATEL — Conseil National des Télécommunications, liste des stations de radiodiffusion autorisées 2023-2024",année 2023-2024,2026-08-24
radio,RADIO CLUB HAITI PRESS,DIEUBON DAZEMA,,101.9,,,GONAIVES,HT0511,Gonaïves,ARTIBONITE,SRC-058,"Données publiques haïtiennes — décret du 12/10/2005, art. 5 (textes officiels des autorités publiques et simples données)","CONATEL — Conseil National des Télécommunications, liste des stations de radiodiffusion autorisées 2023-2024",année 2023-2024,2026-08-24
radio,RADIO MONOPOLE FM,Rosemila Saint-Vil PETIT-FRERE,,102.1,,,GONAIVES,HT0511,Gonaïves,ARTIBONITE,SRC-058,"Données publiques haïtiennes — décret du 12/10/2005, art. 5 (textes officiels des autorités publiques et simples données)","CONATEL — Conseil National des Télécommunications, liste des stations de radiodiffusion autorisées 2023-2024",année 2023-2024,2026-08-24
radio,RADIO LA CHANDELEUR,REV. Saint Jean ZACHARIE,,102.3,,,GROS MORNES,HT0521,Gros Morne,ARTIBONITE,SRC-058,"Données publiques haïtiennes — décret du 12/10/2005, art. 5 (textes officiels des autorités publiques et simples données)","CONATEL — Conseil National des Télécommunications, liste des stations de radiodiffusion autorisées 2023-2024",année 2023-2024,2026-08-24
radio,RADIO ZENITH,RONY COLIN,,102.5,,,SAINT MARC,HT0531,Saint-Marc,ARTIBONITE,SRC-058,"Données publiques haïtiennes — décret du 12/10/2005, art. 5 (textes officiels des autorités publiques et simples données)","CONATEL — Conseil National des Télécommunications, liste des stations de radiodiffusion autorisées 2023-2024",année 2023-2024,2026-08-24
radio,RADIO SFM,LUCKENCY EMILLE,,102.7,,,GROS-MORNES,HT0521,Gros Morne,ARTIBONITE,SRC-058,"Données publiques haïtiennes — décret du 12/10/2005, art. 5 (textes officiels des autorités publiques et simples données)","CONATEL — Conseil National des Télécommunications, liste des stations de radiodiffusion autorisées 2023-2024",année 2023-2024,2026-08-24
radio,RADIO TETE A TETE,ALDORPHE MARC ANTOINE,,102.9,,,SAINT MARC,HT0531,Saint-Marc,ARTIBONITE,SRC-058,"Données publiques haïtiennes — décret du 12/10/2005, art. 5 (textes officiels des autorités publiques et simples données)","CONATEL — Conseil National des Télécommunications, liste des stations de radiodiffusion autorisées 2023-2024",année 2023-2024,2026-08-24
radio,AC RADIO,HERODE AUGUSTIN,,103.1,,,Saint Marc,HT0531,Saint-Marc,ARTIBONITE,SRC-058,"Données publiques haïtiennes — décret du 12/10/2005, art. 5 (textes officiels des autorités publiques et simples données)","CONATEL — Conseil National des Télécommunications, liste des stations de radiodiffusion autorisées 2023-2024",année 2023-2024,2026-08-24
radio,RADIO INDEPENDANCE,PAUL MITTON,,103.3,,,GONAIVES,HT0511,Gonaïves,ARTIBONITE,SRC-058,"Données publiques haïtiennes — décret du 12/10/2005, art. 5 (textes officiels des autorités publiques et simples données)","CONATEL — Conseil National des Télécommunications, liste des stations de radiodiffusion autorisées 2023-2024",année 2023-2024,2026-08-24
radio,RADIO PYRAMIDE,Fritzson ORILUS,,103.5,,,ST MARC,HT0531,Saint-Marc,ARTIBONITE,SRC-058,"Données publiques haïtiennes — décret du 12/10/2005, art. 5 (textes officiels des autorités publiques et simples données)","CONATEL — Conseil National des Télécommunications, liste des stations de radiodiffusion autorisées 2023-2024",année 2023-2024,2026-08-24
radio,Radio TELE AJA,Alces JR Alexandre,,103.7,,,ST MARC,HT0531,Saint-Marc,ARTIBONITE,SRC-058,"Données publiques haïtiennes — décret du 12/10/2005, art. 5 (textes officiels des autorités publiques et simples données)","CONATEL — Conseil National des Télécommunications, liste des stations de radiodiffusion autorisées 2023-2024",année 2023-2024,2026-08-24
radio,RADIO NATIVITE INTERNATIONALE,IGNACE ST FLEUR,,103.9,,,GONAIVES,HT0511,Gonaïves,ARTIBONITE,SRC-058,"Données publiques haïtiennes — décret du 12/10/2005, art. 5 (textes officiels des autorités publiques et simples données)","CONATEL — Conseil National des Télécommunications, liste des stations de radiodiffusion autorisées 2023-2024",année 2023-2024,2026-08-24
radio,RADIO MESSIE CONTINENTAL,JEAN GUERRIER,,104.1,,,MARCHAND DESSALINES,HT0541,Dessalines,ARTIBONITE,SRC-058,"Données publiques haïtiennes — décret du 12/10/2005, art. 5 (textes officiels des autorités publiques et simples données)","CONATEL — Conseil National des Télécommunications, liste des stations de radiodiffusion autorisées 2023-2024",année 2023-2024,2026-08-24
radio,RADIO DECLIC FM,JN ROBERT IGNACE JEROME,,104.3,,,PTE. RIVIERE DE L’ARTIBONITE,HT0542,Petite Rivière de l'Artibonite,ARTIBONITE,SRC-058,"Données publiques haïtiennes — décret du 12/10/2005, art. 5 (textes officiels des autorités publiques et simples données)","CONATEL — Conseil National des Télécommunications, liste des stations de radiodiffusion autorisées 2023-2024",année 2023-2024,2026-08-24
radio,RADIO MAX FM,JEAN MAX CAJUSTE,,104.5,,,SAINT MARC,HT0531,Saint-Marc,ARTIBONITE,SRC-058,"Données publiques haïtiennes — décret du 12/10/2005, art. 5 (textes officiels des autorités publiques et simples données)","CONATEL — Conseil National des Télécommunications, liste des stations de radiodiffusion autorisées 2023-2024",année 2023-2024,2026-08-24
radio,Radio TRAGIQUE FM,Widmarc Joiséus,,104.7,,,Gonaives,HT0511,Gonaïves,ARTIBONITE,SRC-058,"Données publiques haïtiennes — décret du 12/10/2005, art. 5 (textes officiels des autorités publiques et simples données)","CONATEL — Conseil National des Télécommunications, liste des stations de radiodiffusion autorisées 2023-2024",année 2023-2024,2026-08-24
radio,RADIO CELESTE FM,FRITZ CHERY,,104.9,,,GROS-MORNES,HT0521,Gros Morne,ARTIBONITE,SRC-058,"Données publiques haïtiennes — décret du 12/10/2005, art. 5 (textes officiels des autorités publiques et simples données)","CONATEL — Conseil National des Télécommunications, liste des stations de radiodiffusion autorisées 2023-2024",année 2023-2024,2026-08-24
radio,RADIO VANITE FM,Mme Rose-Carline Joseph Montilus,,105.1,,,Gonaives,HT0511,Gonaïves,ARTIBONITE,SRC-058,"Données publiques haïtiennes — décret du 12/10/2005, art. 5 (textes officiels des autorités publiques et simples données)","CONATEL — Conseil National des Télécommunications, liste des stations de radiodiffusion autorisées 2023-2024",année 2023-2024,2026-08-24
radio,RADIO REALITE,OLESSE ANEVIL,,105.3,,,SAINT MARC,HT0531,Saint-Marc,ARTIBONITE,SRC-058,"Données publiques haïtiennes — décret du 12/10/2005, art. 5 (textes officiels des autorités publiques et simples données)","CONATEL — Conseil National des Télécommunications, liste des stations de radiodiffusion autorisées 2023-2024",année 2023-2024,2026-08-24
radio,RADIO EXPRESS INTERNATIONALE,WALES JEAN,,105.5,,,GONAIVES,HT0511,Gonaïves,ARTIBONITE,SRC-058,"Données publiques haïtiennes — décret du 12/10/2005, art. 5 (textes officiels des autorités publiques et simples données)","CONATEL — Conseil National des Télécommunications, liste des stations de radiodiffusion autorisées 2023-2024",année 2023-2024,2026-08-24
radio,RADIO DELTA STEREO,MAXIUS MARKES PIERRE-LOUIS,,105.7,,,SAINT MARC,HT0531,Saint-Marc,ARTIBONITE,SRC-058,"Données publiques haïtiennes — décret du 12/10/2005, art. 5 (textes officiels des autorités publiques et simples données)","CONATEL — Conseil National des Télécommunications, liste des stations de radiodiffusion autorisées 2023-2024",année 2023-2024,2026-08-24
radio,RADIO REFERENCE,ENOCK ARISMA,,105.9,,,GONAIVES,HT0511,Gonaïves,ARTIBONITE,SRC-058,"Données publiques haïtiennes — décret du 12/10/2005, art. 5 (textes officiels des autorités publiques et simples données)","CONATEL — Conseil National des Télécommunications, liste des stations de radiodiffusion autorisées 2023-2024",année 2023-2024,2026-08-24
radio,RADIO MEGA TOP INTER,ALEX SAINT SURIN,,106.3,,,GONAIVES,HT0511,Gonaïves,ARTIBONITE,SRC-058,"Données publiques haïtiennes — décret du 12/10/2005, art. 5 (textes officiels des autorités publiques et simples données)","CONATEL — Conseil National des Télécommunications, liste des stations de radiodiffusion autorisées 2023-2024",année 2023-2024,2026-08-24
radio,RADIO EVOLUTION INTER,ADONYCE VOLCY,,106.5,,,SAINT MARC,HT0531,Saint-Marc,ARTIBONITE,SRC-058,"Données publiques haïtiennes — décret du 12/10/2005, art. 5 (textes officiels des autorités publiques et simples données)","CONATEL — Conseil National des Télécommunications, liste des stations de radiodiffusion autorisées 2023-2024",année 2023-2024,2026-08-24
radio,RADIO NATIONALE D’HAITI,ETAT,,106.7,,,GONAIVES,HT0511,Gonaïves,ARTIBONITE,SRC-058,"Données publiques haïtiennes — décret du 12/10/2005, art. 5 (textes officiels des autorités publiques et simples données)","CONATEL — Conseil National des Télécommunications, liste des stations de radiodiffusion autorisées 2023-2024",année 2023-2024,2026-08-24
radio,RADIO CHES FM,CHESNEL PIERRE,,106.9,,,GONAIVES,HT0511,Gonaïves,ARTIBONITE,SRC-058,"Données publiques haïtiennes — décret du 12/10/2005, art. 5 (textes officiels des autorités publiques et simples données)","CONATEL — Conseil National des Télécommunications, liste des stations de radiodiffusion autorisées 2023-2024",année 2023-2024,2026-08-24
radio,RADIO VIB FM,BIBIANE ALEXANDRINE NORMILE,,107.1,,,ST MARC,HT0531,Saint-Marc,ARTIBONITE,SRC-058,"Données publiques haïtiennes — décret du 12/10/2005, art. 5 (textes officiels des autorités publiques et simples données)","CONATEL — Conseil National des Télécommunications, liste des stations de radiodiffusion autorisées 2023-2024",année 2023-2024,2026-08-24
radio,RADIO TOP FM,NAHUM OMELER,,107.3,,,GONAIVES,HT0511,Gonaïves,ARTIBONITE,SRC-058,"Données publiques haïtiennes — décret du 12/10/2005, art. 5 (textes officiels des autorités publiques et simples données)","CONATEL — Conseil National des Télécommunications, liste des stations de radiodiffusion autorisées 2023-2024",année 2023-2024,2026-08-24
radio,RADIO EMPEREUR (temporaire),GARY PIERRE PAUL CHARLES,,107.5,,,MARCHAND DESSALINES,HT0541,Dessalines,ARTIBONITE,SRC-058,"Données publiques haïtiennes — décret du 12/10/2005, art. 5 (textes officiels des autorités publiques et simples données)","CONATEL — Conseil National des Télécommunications, liste des stations de radiodiffusion autorisées 2023-2024",année 2023-2024,2026-08-24
radio,RADIO SANS SOUCI,IVE MARIE CHANEL,,107.7,,,GONAIVES,HT0511,Gonaïves,ARTIBONITE,SRC-058,"Données publiques haïtiennes — décret du 12/10/2005, art. 5 (textes officiels des autorités publiques et simples données)","CONATEL — Conseil National des Télécommunications, liste des stations de radiodiffusion autorisées 2023-2024",année 2023-2024,2026-08-24
radio,RADIO TÉLÉ LAWA FM,Manice DÉPLAT,,107.9,,,Gros Mornes,HT0521,Gros Morne,ARTIBONITE,SRC-058,"Données publiques haïtiennes — décret du 12/10/2005, art. 5 (textes officiels des autorités publiques et simples données)","CONATEL — Conseil National des Télécommunications, liste des stations de radiodiffusion autorisées 2023-2024",année 2023-2024,2026-08-24
radio,RADIO INFO+,NOUVELLE TECH INFO TELECO8 S.A.,,88.1,,,Cap-haitien,HT0311,Cap-Haïtien,NORD,SRC-058,"Données publiques haïtiennes — décret du 12/10/2005, art. 5 (textes officiels des autorités publiques et simples données)","CONATEL — Conseil National des Télécommunications, liste des stations de radiodiffusion autorisées 2023-2024",année 2023-2024,2026-08-24
radio,RADIO V.F.T FM,Jean Ismaël VALESTIN,,88.3,,,Plaine du Nord,HT0322,Plaine du Nord,NORD,SRC-058,"Données publiques haïtiennes — décret du 12/10/2005, art. 5 (textes officiels des autorités publiques et simples données)","CONATEL — Conseil National des Télécommunications, liste des stations de radiodiffusion autorisées 2023-2024",année 2023-2024,2026-08-24
radio,RADIO TRANSLATION,PARNEL MARC LARECHE,,88.5,,,CAP-HAITIEN,HT0311,Cap-Haïtien,NORD,SRC-058,"Données publiques haïtiennes — décret du 12/10/2005, art. 5 (textes officiels des autorités publiques et simples données)","CONATEL — Conseil National des Télécommunications, liste des stations de radiodiffusion autorisées 2023-2024",année 2023-2024,2026-08-24
radio,AC RADIO,ERODE AUGUSTIN,,88.7,,,CAP-HAITIEN,HT0311,Cap-Haïtien,NORD,SRC-058,"Données publiques haïtiennes — décret du 12/10/2005, art. 5 (textes officiels des autorités publiques et simples données)","CONATEL — Conseil National des Télécommunications, liste des stations de radiodiffusion autorisées 2023-2024",année 2023-2024,2026-08-24
radio,RADIO MONOPOLE FM,Rosemila Saint-Vil PETIT-FRERE,,88.9,,,Cap-haitien,HT0311,Cap-Haïtien,NORD,SRC-058,"Données publiques haïtiennes — décret du 12/10/2005, art. 5 (textes officiels des autorités publiques et simples données)","CONATEL — Conseil National des Télécommunications, liste des stations de radiodiffusion autorisées 2023-2024",année 2023-2024,2026-08-24
radio,RADIO SHALOM,ANDRE MUSCADIN,,89.3,,,CAP-HAITIEN,HT0311,Cap-Haïtien,NORD,SRC-058,"Données publiques haïtiennes — décret du 12/10/2005, art. 5 (textes officiels des autorités publiques et simples données)","CONATEL — Conseil National des Télécommunications, liste des stations de radiodiffusion autorisées 2023-2024",année 2023-2024,2026-08-24
radio,Radio VIRAGE,Ralph Junior JEUNE,,89.5,,,CAP-HAITIEN,HT0311,Cap-Haïtien,NORD,SRC-058,"Données publiques haïtiennes — décret du 12/10/2005, art. 5 (textes officiels des autorités publiques et simples données)","CONATEL — Conseil National des Télécommunications, liste des stations de radiodiffusion autorisées 2023-2024",année 2023-2024,2026-08-24
radio,RADIO VERITE (temporaire),CAMILLE MILFORT,,89.7,,,CAP-HAITIEN,HT0311,Cap-Haïtien,NORD,SRC-058,"Données publiques haïtiennes — décret du 12/10/2005, art. 5 (textes officiels des autorités publiques et simples données)","CONATEL — Conseil National des Télécommunications, liste des stations de radiodiffusion autorisées 2023-2024",année 2023-2024,2026-08-24
radio,Radio RAS,Jean Venel CASSEUS,,89.9,,,Plaine du Nord,HT0322,Plaine du Nord,NORD,SRC-058,"Données publiques haïtiennes — décret du 12/10/2005, art. 5 (textes officiels des autorités publiques et simples données)","CONATEL — Conseil National des Télécommunications, liste des stations de radiodiffusion autorisées 2023-2024",année 2023-2024,2026-08-24
radio,Radio PILON FM,Jean-Jacques Yvernso DESCARTES,,90.1,,,Cap-Hatien,HT0311,Cap-Haïtien,NORD,SRC-058,"Données publiques haïtiennes — décret du 12/10/2005, art. 5 (textes officiels des autorités publiques et simples données)","CONATEL — Conseil National des Télécommunications, liste des stations de radiodiffusion autorisées 2023-2024",année 2023-2024,2026-08-24
radio,RADIO AYIBOBO FM,Carl Henry Desmornes,,90.3,,,CAP HAITIEN,HT0311,Cap-Haïtien,NORD,SRC-058,"Données publiques haïtiennes — décret du 12/10/2005, art. 5 (textes officiels des autorités publiques et simples données)","CONATEL — Conseil National des Télécommunications, liste des stations de radiodiffusion autorisées 2023-2024",année 2023-2024,2026-08-24
radio,RADIO TIMOUN,LAFANMI SELAVI,,90.5,,,CAP-HAITIEN,HT0311,Cap-Haïtien,NORD,SRC-058,"Données publiques haïtiennes — décret du 12/10/2005, art. 5 (textes officiels des autorités publiques et simples données)","CONATEL — Conseil National des Télécommunications, liste des stations de radiodiffusion autorisées 2023-2024",année 2023-2024,2026-08-24
radio,CH AMEN FM,Raoul PIERRE,,90.7,,,CAP-HAITIEN,HT0311,Cap-Haïtien,NORD,SRC-058,"Données publiques haïtiennes — décret du 12/10/2005, art. 5 (textes officiels des autorités publiques et simples données)","CONATEL — Conseil National des Télécommunications, liste des stations de radiodiffusion autorisées 2023-2024",année 2023-2024,2026-08-24
radio,Radio voix des Rachetes,Ernest Jean BAPTISTE,,90.9,,,Caracol,HT0434,Caracol,NORD,SRC-058,"Données publiques haïtiennes — décret du 12/10/2005, art. 5 (textes officiels des autorités publiques et simples données)","CONATEL — Conseil National des Télécommunications, liste des stations de radiodiffusion autorisées 2023-2024",année 2023-2024,2026-08-24
radio,RADIO CITADELLE,EMMANUEL C. EUGENE,,91.1,,,CAP-HAITIEN,HT0311,Cap-Haïtien,NORD,SRC-058,"Données publiques haïtiennes — décret du 12/10/2005, art. 5 (textes officiels des autorités publiques et simples données)","CONATEL — Conseil National des Télécommunications, liste des stations de radiodiffusion autorisées 2023-2024",année 2023-2024,2026-08-24
radio,RADIO CHOUBLAK,MILDREDE BELIARD,,91.3,,,CAP-HAITIEN,HT0311,Cap-Haïtien,NORD,SRC-058,"Données publiques haïtiennes — décret du 12/10/2005, art. 5 (textes officiels des autorités publiques et simples données)","CONATEL — Conseil National des Télécommunications, liste des stations de radiodiffusion autorisées 2023-2024",année 2023-2024,2026-08-24
radio,RADIO SOUVENIR,CYRUS SIBERT,,91.5,,,CAP-HAITEN,HT0311,Cap-Haïtien,NORD,SRC-058,"Données publiques haïtiennes — décret du 12/10/2005, art. 5 (textes officiels des autorités publiques et simples données)","CONATEL — Conseil National des Télécommunications, liste des stations de radiodiffusion autorisées 2023-2024",année 2023-2024,2026-08-24
radio,RADIO CADENE FM,JOSEPH PIERRE,,91.7,,,SAINTE SUZANE,HT0432,Sainte Suzanne,NORD,SRC-058,"Données publiques haïtiennes — décret du 12/10/2005, art. 5 (textes officiels des autorités publiques et simples données)","CONATEL — Conseil National des Télécommunications, liste des stations de radiodiffusion autorisées 2023-2024",année 2023-2024,2026-08-24
radio,RADIO PIGNON,HIDSON NELSON,,91.9,,,PIGNON,HT0344,Pignon,NORD,SRC-058,"Données publiques haïtiennes — décret du 12/10/2005, art. 5 (textes officiels des autorités publiques et simples données)","CONATEL — Conseil National des Télécommunications, liste des stations de radiodiffusion autorisées 2023-2024",année 2023-2024,2026-08-24
radio,RADIO GINEN,JEAN LUCIEN BORGES,,92.1,,,CAP-HAITIEN,HT0311,Cap-Haïtien,NORD,SRC-058,"Données publiques haïtiennes — décret du 12/10/2005, art. 5 (textes officiels des autorités publiques et simples données)","CONATEL — Conseil National des Télécommunications, liste des stations de radiodiffusion autorisées 2023-2024",année 2023-2024,2026-08-24
radio,Radio Estrella,Macdamene CROICHY,,92.3,,,CAP-HAITIEN,HT0311,Cap-Haïtien,NORD,SRC-058,"Données publiques haïtiennes — décret du 12/10/2005, art. 5 (textes officiels des autorités publiques et simples données)","CONATEL — Conseil National des Télécommunications, liste des stations de radiodiffusion autorisées 2023-2024",année 2023-2024,2026-08-24
radio,RADIO NEGRITUDE,WILNET CONTENT,,92.5,,,CAP-HAITIEN,HT0311,Cap-Haïtien,NORD,SRC-058,"Données publiques haïtiennes — décret du 12/10/2005, art. 5 (textes officiels des autorités publiques et simples données)","CONATEL — Conseil National des Télécommunications, liste des stations de radiodiffusion autorisées 2023-2024",année 2023-2024,2026-08-24
radio,Radio IMPRESSIVE FM,DJimmy DESAMOURS,,92.7,,,CAP-HAITIEN,HT0311,Cap-Haïtien,NORD,SRC-058,"Données publiques haïtiennes — décret du 12/10/2005, art. 5 (textes officiels des autorités publiques et simples données)","CONATEL — Conseil National des Télécommunications, liste des stations de radiodiffusion autorisées 2023-2024",année 2023-2024,2026-08-24
radio,RADIO BEUR,WILDEN LAURENT,,92.9,,,CAP-HAITIEN,HT0311,Cap-Haïtien,NORD,SRC-058,"Données publiques haïtiennes — décret du 12/10/2005, art. 5 (textes officiels des autorités publiques et simples données)","CONATEL — Conseil National des Télécommunications, liste des stations de radiodiffusion autorisées 2023-2024",année 2023-2024,2026-08-24
radio,RADIO INTER MIX,JEAN RONALD TERTULIEN,,93.1,,,CAP-HAITIEN,HT0311,Cap-Haïtien,NORD,SRC-058,"Données publiques haïtiennes — décret du 12/10/2005, art. 5 (textes officiels des autorités publiques et simples données)","CONATEL — Conseil National des Télécommunications, liste des stations de radiodiffusion autorisées 2023-2024",année 2023-2024,2026-08-24
radio,RADIO JUPITER,AMAS PIERRE,,93.3,,,LIMBE,HT0361,Limbé,NORD,SRC-058,"Données publiques haïtiennes — décret du 12/10/2005, art. 5 (textes officiels des autorités publiques et simples données)","CONATEL — Conseil National des Télécommunications, liste des stations de radiodiffusion autorisées 2023-2024",année 2023-2024,2026-08-24
radio,RADIO VANITE FM,Mme Rose-Carline Joseph Montilus,,93.5,,,CAP HAITIEN/LIMONADE,,,NORD,SRC-058,"Données publiques haïtiennes — décret du 12/10/2005, art. 5 (textes officiels des autorités publiques et simples données)","CONATEL — Conseil National des Télécommunications, liste des stations de radiodiffusion autorisées 2023-2024",année 2023-2024,2026-08-24
radio,RADIO PANOU INTER,GEFFRAD JUDE JOSEPH,,93.7,,,CAP-HAITIEN,HT0311,Cap-Haïtien,NORD,SRC-058,"Données publiques haïtiennes — décret du 12/10/2005, art. 5 (textes officiels des autorités publiques et simples données)","CONATEL — Conseil National des Télécommunications, liste des stations de radiodiffusion autorisées 2023-2024",année 2023-2024,2026-08-24
radio,RADIO AGORA FM,ALY ZEPHIRIN,,93.9,,,LIMBE,HT0361,Limbé,NORD,SRC-058,"Données publiques haïtiennes — décret du 12/10/2005, art. 5 (textes officiels des autorités publiques et simples données)","CONATEL — Conseil National des Télécommunications, liste des stations de radiodiffusion autorisées 2023-2024",année 2023-2024,2026-08-24
radio,RADIO 4VEH,EGLISE PROTESTANTE,,94.1,,,CAP-HAITIEN,HT0311,Cap-Haïtien,NORD,SRC-058,"Données publiques haïtiennes — décret du 12/10/2005, art. 5 (textes officiels des autorités publiques et simples données)","CONATEL — Conseil National des Télécommunications, liste des stations de radiodiffusion autorisées 2023-2024",année 2023-2024,2026-08-24
radio,RADIO NJFM,NIXON JOACHIM,,94.3,,,PORT MAGOT,HT0352,Port-Margot,NORD,SRC-058,"Données publiques haïtiennes — décret du 12/10/2005, art. 5 (textes officiels des autorités publiques et simples données)","CONATEL — Conseil National des Télécommunications, liste des stations de radiodiffusion autorisées 2023-2024",année 2023-2024,2026-08-24
radio,RADIO VWA FANM,VWA FANM,,94.7,,,ACUL DU NORD,HT0321,Acul du Nord,NORD,SRC-058,"Données publiques haïtiennes — décret du 12/10/2005, art. 5 (textes officiels des autorités publiques et simples données)","CONATEL — Conseil National des Télécommunications, liste des stations de radiodiffusion autorisées 2023-2024",année 2023-2024,2026-08-24
radio,RADIO KONTAK INTER,MARIE CAROLE SEIDE,,94.9,,,CAP-HAITIEN,HT0311,Cap-Haïtien,NORD,SRC-058,"Données publiques haïtiennes — décret du 12/10/2005, art. 5 (textes officiels des autorités publiques et simples données)","CONATEL — Conseil National des Télécommunications, liste des stations de radiodiffusion autorisées 2023-2024",année 2023-2024,2026-08-24
radio,RADIO SOUVENIR (temporaire),CYRUS SIBERT,,95.1,,,CAP-HAITIEN,HT0311,Cap-Haïtien,NORD,SRC-058,"Données publiques haïtiennes — décret du 12/10/2005, art. 5 (textes officiels des autorités publiques et simples données)","CONATEL — Conseil National des Télécommunications, liste des stations de radiodiffusion autorisées 2023-2024",année 2023-2024,2026-08-24
radio,VOIX DE L’ESPERANCE,MISSON DES ADVENTISTE,,95.3,,,CAP-HAITIEN,HT0311,Cap-Haïtien,NORD,SRC-058,"Données publiques haïtiennes — décret du 12/10/2005, art. 5 (textes officiels des autorités publiques et simples données)","CONATEL — Conseil National des Télécommunications, liste des stations de radiodiffusion autorisées 2023-2024",année 2023-2024,2026-08-24
radio,RADIO ST MICHEL,ANDRE SYLVESTRE,,95.5,,,PLAISANCE,HT0371,Plaisance,NORD,SRC-058,"Données publiques haïtiennes — décret du 12/10/2005, art. 5 (textes officiels des autorités publiques et simples données)","CONATEL — Conseil National des Télécommunications, liste des stations de radiodiffusion autorisées 2023-2024",année 2023-2024,2026-08-24
radio,RADIO KALBAS FM,WILKY MAURIN JANVIER,,95.9,,,CAP-HAITIEN,HT0311,Cap-Haïtien,NORD,SRC-058,"Données publiques haïtiennes — décret du 12/10/2005, art. 5 (textes officiels des autorités publiques et simples données)","CONATEL — Conseil National des Télécommunications, liste des stations de radiodiffusion autorisées 2023-2024",année 2023-2024,2026-08-24
radio,Radio La Voix,Silley Elssay Louiceus,,96.1,,,CAP HAITIEN,HT0311,Cap-Haïtien,NORD,SRC-058,"Données publiques haïtiennes — décret du 12/10/2005, art. 5 (textes officiels des autorités publiques et simples données)","CONATEL — Conseil National des Télécommunications, liste des stations de radiodiffusion autorisées 2023-2024",année 2023-2024,2026-08-24
radio,Radio Pacific FM,Micosky POMPILUS,,96.3,,,Quartier Morin,HT0312,Quartier Morin,NORD,SRC-058,"Données publiques haïtiennes — décret du 12/10/2005, art. 5 (textes officiels des autorités publiques et simples données)","CONATEL — Conseil National des Télécommunications, liste des stations de radiodiffusion autorisées 2023-2024",année 2023-2024,2026-08-24
radio,RADIO ATIS FM,GERALD ABEL,,96.5,,,CAP HAITIEN,HT0311,Cap-Haïtien,NORD,SRC-058,"Données publiques haïtiennes — décret du 12/10/2005, art. 5 (textes officiels des autorités publiques et simples données)","CONATEL — Conseil National des Télécommunications, liste des stations de radiodiffusion autorisées 2023-2024",année 2023-2024,2026-08-24
radio,RADIO MERCURE,CEMEPHISE JULES,,96.5,,,CAP-HAITIEN,HT0311,Cap-Haïtien,NORD,SRC-058,"Données publiques haïtiennes — décret du 12/10/2005, art. 5 (textes officiels des autorités publiques et simples données)","CONATEL — Conseil National des Télécommunications, liste des stations de radiodiffusion autorisées 2023-2024",année 2023-2024,2026-08-24
radio,TRANS-INFO FM,Volcy JOSEPH,,96.7,,,CAP-HAITIEN,HT0311,Cap-Haïtien,NORD,SRC-058,"Données publiques haïtiennes — décret du 12/10/2005, art. 5 (textes officiels des autorités publiques et simples données)","CONATEL — Conseil National des Télécommunications, liste des stations de radiodiffusion autorisées 2023-2024",année 2023-2024,2026-08-24
radio,RADIO MUSIQUE FM,JACQUES SAUVEUR JEAN,,96.9,,,CAP-HAITIEN,HT0311,Cap-Haïtien,NORD,SRC-058,"Données publiques haïtiennes — décret du 12/10/2005, art. 5 (textes officiels des autorités publiques et simples données)","CONATEL — Conseil National des Télécommunications, liste des stations de radiodiffusion autorisées 2023-2024",année 2023-2024,2026-08-24
radio,RADIO ATLANTISTE INTER,YVES JULES,,97.1,,,LIMBE,HT0361,Limbé,NORD,SRC-058,"Données publiques haïtiennes — décret du 12/10/2005, art. 5 (textes officiels des autorités publiques et simples données)","CONATEL — Conseil National des Télécommunications, liste des stations de radiodiffusion autorisées 2023-2024",année 2023-2024,2026-08-24
radio,RADIO NIRVANA,RAPHAEL ABRAHAME,,97.3,,,CAP-HAITIEN,HT0311,Cap-Haïtien,NORD,SRC-058,"Données publiques haïtiennes — décret du 12/10/2005, art. 5 (textes officiels des autorités publiques et simples données)","CONATEL — Conseil National des Télécommunications, liste des stations de radiodiffusion autorisées 2023-2024",année 2023-2024,2026-08-24
radio,Radio Pacific FM,Micosky POMPILUS,,97.5,,,CAP-HAITIEN,HT0311,Cap-Haïtien,NORD,SRC-058,"Données publiques haïtiennes — décret du 12/10/2005, art. 5 (textes officiels des autorités publiques et simples données)","CONATEL — Conseil National des Télécommunications, liste des stations de radiodiffusion autorisées 2023-2024",année 2023-2024,2026-08-24
radio,RADIO TABERNACLE,ECCLESIASTE DONASSIEN,,97.7,,,CAP-HAITIEN,HT0311,Cap-Haïtien,NORD,SRC-058,"Données publiques haïtiennes — décret du 12/10/2005, art. 5 (textes officiels des autorités publiques et simples données)","CONATEL — Conseil National des Télécommunications, liste des stations de radiodiffusion autorisées 2023-2024",année 2023-2024,2026-08-24
radio,Radio URANUS FM,Dieulamène JEANTY SENORD,,97.9,,,CAP-HAITIEN,HT0311,Cap-Haïtien,NORD,SRC-058,"Données publiques haïtiennes — décret du 12/10/2005, art. 5 (textes officiels des autorités publiques et simples données)","CONATEL — Conseil National des Télécommunications, liste des stations de radiodiffusion autorisées 2023-2024",année 2023-2024,2026-08-24
radio,RADIO MAXIMA,JEAN ROBERT LALANE,,98.1,,,CAP-HAITIEN,HT0311,Cap-Haïtien,NORD,SRC-058,"Données publiques haïtiennes — décret du 12/10/2005, art. 5 (textes officiels des autorités publiques et simples données)","CONATEL — Conseil National des Télécommunications, liste des stations de radiodiffusion autorisées 2023-2024",année 2023-2024,2026-08-24
radio,Radio Fortune Inter,Michelet JULSAINT,,98.3,,,CAP-HAITIEN,HT0311,Cap-Haïtien,NORD,SRC-058,"Données publiques haïtiennes — décret du 12/10/2005, art. 5 (textes officiels des autorités publiques et simples données)","CONATEL — Conseil National des Télécommunications, liste des stations de radiodiffusion autorisées 2023-2024",année 2023-2024,2026-08-24
radio,RADIO AVE MARIA,EVECHE DE CAP-HAITIEN,,98.5,,,CAP-HAITIEN,HT0311,Cap-Haïtien,NORD,SRC-058,"Données publiques haïtiennes — décret du 12/10/2005, art. 5 (textes officiels des autorités publiques et simples données)","CONATEL — Conseil National des Télécommunications, liste des stations de radiodiffusion autorisées 2023-2024",année 2023-2024,2026-08-24
radio,Radio DS,Nice SIMON,,98.7,,,LIMBE,HT0361,Limbé,NORD,SRC-058,"Données publiques haïtiennes — décret du 12/10/2005, art. 5 (textes officiels des autorités publiques et simples données)","CONATEL — Conseil National des Télécommunications, liste des stations de radiodiffusion autorisées 2023-2024",année 2023-2024,2026-08-24
radio,RADIO AFRICA FM,NAWOON MARCELLUS,,98.9,,,CAP-HAITIEN,HT0311,Cap-Haïtien,NORD,SRC-058,"Données publiques haïtiennes — décret du 12/10/2005, art. 5 (textes officiels des autorités publiques et simples données)","CONATEL — Conseil National des Télécommunications, liste des stations de radiodiffusion autorisées 2023-2024",année 2023-2024,2026-08-24
radio,Kingdom RADIO FM,Yves LEONARD,,99.1,,,Cap-Haitien,HT0311,Cap-Haïtien,NORD,SRC-058,"Données publiques haïtiennes — décret du 12/10/2005, art. 5 (textes officiels des autorités publiques et simples données)","CONATEL — Conseil National des Télécommunications, liste des stations de radiodiffusion autorisées 2023-2024",année 2023-2024,2026-08-24
radio,RADIO GLORIA FM,CHILDERIC PRESUME,,99.3,,,CAP-HAITIEN,HT0311,Cap-Haïtien,NORD,SRC-058,"Données publiques haïtiennes — décret du 12/10/2005, art. 5 (textes officiels des autorités publiques et simples données)","CONATEL — Conseil National des Télécommunications, liste des stations de radiodiffusion autorisées 2023-2024",année 2023-2024,2026-08-24
radio,Radio Rival FM,Emmanuel Orelus,,99.5,,,CAP HAITIEN,HT0311,Cap-Haïtien,NORD,SRC-058,"Données publiques haïtiennes — décret du 12/10/2005, art. 5 (textes officiels des autorités publiques et simples données)","CONATEL — Conseil National des Télécommunications, liste des stations de radiodiffusion autorisées 2023-2024",année 2023-2024,2026-08-24
radio,Nativité internationale,Ignace St Fleur,,99.5,,,CAP-HAITIEN,HT0311,Cap-Haïtien,NORD,SRC-058,"Données publiques haïtiennes — décret du 12/10/2005, art. 5 (textes officiels des autorités publiques et simples données)","CONATEL — Conseil National des Télécommunications, liste des stations de radiodiffusion autorisées 2023-2024",année 2023-2024,2026-08-24
radio,Radio TRAGIQUE FM,Widmarc Joiséus,,99.7,,,Cap Haitien,HT0311,Cap-Haïtien,NORD,SRC-058,"Données publiques haïtiennes — décret du 12/10/2005, art. 5 (textes officiels des autorités publiques et simples données)","CONATEL — Conseil National des Télécommunications, liste des stations de radiodiffusion autorisées 2023-2024",année 2023-2024,2026-08-24
radio,RADIO ETINCELLE,JEAN ROBERT LALANE,,100.1,,,CAP-HAITIEN,HT0311,Cap-Haïtien,NORD,SRC-058,"Données publiques haïtiennes — décret du 12/10/2005, art. 5 (textes officiels des autorités publiques et simples données)","CONATEL — Conseil National des Télécommunications, liste des stations de radiodiffusion autorisées 2023-2024",année 2023-2024,2026-08-24
radio,RADIO HEXAGOM,MIGUELLINE GASPARD,,100.3,,,CAP HAITIEN,HT0311,Cap-Haïtien,NORD,SRC-058,"Données publiques haïtiennes — décret du 12/10/2005, art. 5 (textes officiels des autorités publiques et simples données)","CONATEL — Conseil National des Télécommunications, liste des stations de radiodiffusion autorisées 2023-2024",année 2023-2024,2026-08-24
radio,RFI-HAITI,MARIE CHRISTINE BUSSENIUS,,100.5,,,CAP-HAITIEN,HT0311,Cap-Haïtien,NORD,SRC-058,"Données publiques haïtiennes — décret du 12/10/2005, art. 5 (textes officiels des autorités publiques et simples données)","CONATEL — Conseil National des Télécommunications, liste des stations de radiodiffusion autorisées 2023-2024",année 2023-2024,2026-08-24
radio,RADIO INFINIE,MARC HENRY COMPERE,,100.9,,,CAP-HAITIEN,HT0311,Cap-Haïtien,NORD,SRC-058,"Données publiques haïtiennes — décret du 12/10/2005, art. 5 (textes officiels des autorités publiques et simples données)","CONATEL — Conseil National des Télécommunications, liste des stations de radiodiffusion autorisées 2023-2024",année 2023-2024,2026-08-24
radio,RADIO SANTA MARIA,WALNIQUE PIERRE,,101.1,,,CAP-HAITIEN,HT0311,Cap-Haïtien,NORD,SRC-058,"Données publiques haïtiennes — décret du 12/10/2005, art. 5 (textes officiels des autorités publiques et simples données)","CONATEL — Conseil National des Télécommunications, liste des stations de radiodiffusion autorisées 2023-2024",année 2023-2024,2026-08-24
radio,RADIO VISION NORDESIENNE,JEAN RONY JULES,,101.3,,,TERRIER ROUGE,HT0433,Terrier Rouge,NORD,SRC-058,"Données publiques haïtiennes — décret du 12/10/2005, art. 5 (textes officiels des autorités publiques et simples données)","CONATEL — Conseil National des Télécommunications, liste des stations de radiodiffusion autorisées 2023-2024",année 2023-2024,2026-08-24
radio,RADIO TROPIKAL,JACQUES PRICE JEAN,,101.5,,,CAP-HAITIEN,HT0311,Cap-Haïtien,NORD,SRC-058,"Données publiques haïtiennes — décret du 12/10/2005, art. 5 (textes officiels des autorités publiques et simples données)","CONATEL — Conseil National des Télécommunications, liste des stations de radiodiffusion autorisées 2023-2024",année 2023-2024,2026-08-24
radio,RADIO LIBERTE,JOHNSON FRANCOIS,,101.7,,,LIMBE,HT0361,Limbé,NORD,SRC-058,"Données publiques haïtiennes — décret du 12/10/2005, art. 5 (textes officiels des autorités publiques et simples données)","CONATEL — Conseil National des Télécommunications, liste des stations de radiodiffusion autorisées 2023-2024",année 2023-2024,2026-08-24
radio,RADIO SAMBA,MarieMichelle sheilaCharlestin,,101.9,,,CAP-HAITIEN,HT0311,Cap-Haïtien,NORD,SRC-058,"Données publiques haïtiennes — décret du 12/10/2005, art. 5 (textes officiels des autorités publiques et simples données)","CONATEL — Conseil National des Télécommunications, liste des stations de radiodiffusion autorisées 2023-2024",année 2023-2024,2026-08-24
radio,Radio Télé MIX FM,Max FRANÇOIS,,102.1,,,CAP-HAITIEN,HT0311,Cap-Haïtien,NORD,SRC-058,"Données publiques haïtiennes — décret du 12/10/2005, art. 5 (textes officiels des autorités publiques et simples données)","CONATEL — Conseil National des Télécommunications, liste des stations de radiodiffusion autorisées 2023-2024",année 2023-2024,2026-08-24
radio,RADIO VANITE FM,Mme Rose-Carline Joseph Montilus,,102.3,,,Limonade,HT0313,Limonade,NORD,SRC-058,"Données publiques haïtiennes — décret du 12/10/2005, art. 5 (textes officiels des autorités publiques et simples données)","CONATEL — Conseil National des Télécommunications, liste des stations de radiodiffusion autorisées 2023-2024",année 2023-2024,2026-08-24
radio,RADIO ZENITH,RONY COLIN,,102.5,,,CAP-HAITIEN,HT0311,Cap-Haïtien,NORD,SRC-058,"Données publiques haïtiennes — décret du 12/10/2005, art. 5 (textes officiels des autorités publiques et simples données)","CONATEL — Conseil National des Télécommunications, liste des stations de radiodiffusion autorisées 2023-2024",année 2023-2024,2026-08-24
radio,RADIO WAVE,MERCIUS DORVILUS,,102.7,,,CAP-HAITIEN,HT0311,Cap-Haïtien,NORD,SRC-058,"Données publiques haïtiennes — décret du 12/10/2005, art. 5 (textes officiels des autorités publiques et simples données)","CONATEL — Conseil National des Télécommunications, liste des stations de radiodiffusion autorisées 2023-2024",année 2023-2024,2026-08-24
radio,Radio AMITIE FM,Marjory MICHEL,,102.9,,,Plaine du Nord,HT0322,Plaine du Nord,NORD,SRC-058,"Données publiques haïtiennes — décret du 12/10/2005, art. 5 (textes officiels des autorités publiques et simples données)","CONATEL — Conseil National des Télécommunications, liste des stations de radiodiffusion autorisées 2023-2024",année 2023-2024,2026-08-24
radio,Radio TRAGIQUE FM,Widmarc Joiséus,,103.1,,,Cap haitien,HT0311,Cap-Haïtien,NORD,SRC-058,"Données publiques haïtiennes — décret du 12/10/2005, art. 5 (textes officiels des autorités publiques et simples données)","CONATEL — Conseil National des Télécommunications, liste des stations de radiodiffusion autorisées 2023-2024",année 2023-2024,2026-08-24
radio,RADIO PRIORITE FM,JEAN ETIENNE,,103.3,,,CAP-HAITIEN,HT0311,Cap-Haïtien,NORD,SRC-058,"Données publiques haïtiennes — décret du 12/10/2005, art. 5 (textes officiels des autorités publiques et simples données)","CONATEL — Conseil National des Télécommunications, liste des stations de radiodiffusion autorisées 2023-2024",année 2023-2024,2026-08-24
radio,RADIO TOP FM,NAHUM OMELER,,103.7,,,CAP-HAITIEN,HT0311,Cap-Haïtien,NORD,SRC-058,"Données publiques haïtiennes — décret du 12/10/2005, art. 5 (textes officiels des autorités publiques et simples données)","CONATEL — Conseil National des Télécommunications, liste des stations de radiodiffusion autorisées 2023-2024",année 2023-2024,2026-08-24
radio,Radio Passion FM,Jean Réné LEANDRE,,104.1,,,CAP-HAITIEN,HT0311,Cap-Haïtien,NORD,SRC-058,"Données publiques haïtiennes — décret du 12/10/2005, art. 5 (textes officiels des autorités publiques et simples données)","CONATEL — Conseil National des Télécommunications, liste des stations de radiodiffusion autorisées 2023-2024",année 2023-2024,2026-08-24
radio,RADIO VENUS FM,JEAN MICHEL DORSAINVIL,,104.3,,,CAP-HAITIEN,HT0311,Cap-Haïtien,NORD,SRC-058,"Données publiques haïtiennes — décret du 12/10/2005, art. 5 (textes officiels des autorités publiques et simples données)","CONATEL — Conseil National des Télécommunications, liste des stations de radiodiffusion autorisées 2023-2024",année 2023-2024,2026-08-24
radio,RADIO PARADIS,VIXAMAR A. PHANIEL,,104.7,,,CAP-HAITIEN,HT0311,Cap-Haïtien,NORD,SRC-058,"Données publiques haïtiennes — décret du 12/10/2005, art. 5 (textes officiels des autorités publiques et simples données)","CONATEL — Conseil National des Télécommunications, liste des stations de radiodiffusion autorisées 2023-2024",année 2023-2024,2026-08-24
radio,RADIO NATIONALE D’HAITI,ETAT,,104.9,,,CAP-HAITIEN,HT0311,Cap-Haïtien,NORD,SRC-058,"Données publiques haïtiennes — décret du 12/10/2005, art. 5 (textes officiels des autorités publiques et simples données)","CONATEL — Conseil National des Télécommunications, liste des stations de radiodiffusion autorisées 2023-2024",année 2023-2024,2026-08-24
radio,RADIO NATIONALE D’HAITI,ETAT,,105.1,,,CAP-HAITIEN,HT0311,Cap-Haïtien,NORD,SRC-058,"Données publiques haïtiennes — décret du 12/10/2005, art. 5 (textes officiels des autorités publiques et simples données)","CONATEL — Conseil National des Télécommunications, liste des stations de radiodiffusion autorisées 2023-2024",année 2023-2024,2026-08-24
radio,RADIO Target FM,Myrlande MATHIEU,,105.5,,,CAP Haitien,HT0311,Cap-Haïtien,NORD,SRC-058,"Données publiques haïtiennes — décret du 12/10/2005, art. 5 (textes officiels des autorités publiques et simples données)","CONATEL — Conseil National des Télécommunications, liste des stations de radiodiffusion autorisées 2023-2024",année 2023-2024,2026-08-24
radio,RADIO VISION 2000,MULTIPRESSE S.A.,,105.7,,,CAP-HAITIEN,HT0311,Cap-Haïtien,NORD,SRC-058,"Données publiques haïtiennes — décret du 12/10/2005, art. 5 (textes officiels des autorités publiques et simples données)","CONATEL — Conseil National des Télécommunications, liste des stations de radiodiffusion autorisées 2023-2024",année 2023-2024,2026-08-24
radio,RADIO TELE TERRE CIEL,Claudine Emille COLIN,,105.9,,,CAP-HAITIEN,HT0311,Cap-Haïtien,NORD,SRC-058,"Données publiques haïtiennes — décret du 12/10/2005, art. 5 (textes officiels des autorités publiques et simples données)","CONATEL — Conseil National des Télécommunications, liste des stations de radiodiffusion autorisées 2023-2024",année 2023-2024,2026-08-24
radio,RADIO NATIONALE,ETAT,,106.3,,,CAP-HAITIEN,HT0311,Cap-Haïtien,NORD,SRC-058,"Données publiques haïtiennes — décret du 12/10/2005, art. 5 (textes officiels des autorités publiques et simples données)","CONATEL — Conseil National des Télécommunications, liste des stations de radiodiffusion autorisées 2023-2024",année 2023-2024,2026-08-24
radio,RADIO PARAISO ONE FM,NANOTTE FRANCOIS,,106.7,,,CAP HAITIEN,HT0311,Cap-Haïtien,NORD,SRC-058,"Données publiques haïtiennes — décret du 12/10/2005, art. 5 (textes officiels des autorités publiques et simples données)","CONATEL — Conseil National des Télécommunications, liste des stations de radiodiffusion autorisées 2023-2024",année 2023-2024,2026-08-24
radio,RADIO SANS SOUCI,IVES MARIE CHANEL,,106.9,,,CAP-HAITIEN,HT0311,Cap-Haïtien,NORD,SRC-058,"Données publiques haïtiennes — décret du 12/10/2005, art. 5 (textes officiels des autorités publiques et simples données)","CONATEL — Conseil National des Télécommunications, liste des stations de radiodiffusion autorisées 2023-2024",année 2023-2024,2026-08-24
radio,RADIO MEGA TOP INTER,ALEX SAINT-SURIN,,107.3,,,CAP-HAITIEN,HT0311,Cap-Haïtien,NORD,SRC-058,"Données publiques haïtiennes — décret du 12/10/2005, art. 5 (textes officiels des autorités publiques et simples données)","CONATEL — Conseil National des Télécommunications, liste des stations de radiodiffusion autorisées 2023-2024",année 2023-2024,2026-08-24
radio,TRANS-INFO FM,Volcy JOSEPH,,107.5,,,LIMONADE,HT0313,Limonade,NORD,SRC-058,"Données publiques haïtiennes — décret du 12/10/2005, art. 5 (textes officiels des autorités publiques et simples données)","CONATEL — Conseil National des Télécommunications, liste des stations de radiodiffusion autorisées 2023-2024",année 2023-2024,2026-08-24
radio,RADIO UNION,HARDLEY ALEXANDRE NICOLAS,,107.7,,,CAP-HAITIEN,HT0311,Cap-Haïtien,NORD,SRC-058,"Données publiques haïtiennes — décret du 12/10/2005, art. 5 (textes officiels des autorités publiques et simples données)","CONATEL — Conseil National des Télécommunications, liste des stations de radiodiffusion autorisées 2023-2024",année 2023-2024,2026-08-24
radio,RADIO MONOPOLE FM,Rosemila Saint-Vil PETIT-FRERE,,88.5,,,FORT-LIBERTE,HT0411,Fort-Liberté,NORD-EST,SRC-058,"Données publiques haïtiennes — décret du 12/10/2005, art. 5 (textes officiels des autorités publiques et simples données)","CONATEL — Conseil National des Télécommunications, liste des stations de radiodiffusion autorisées 2023-2024",année 2023-2024,2026-08-24
radio,RADIO MARIBAROUX,JEAN BAPTISTE BIEN-AIME,,88.9,,,OUANAMINTHE,HT0421,Ouanaminthe,NORD-EST,SRC-058,"Données publiques haïtiennes — décret du 12/10/2005, art. 5 (textes officiels des autorités publiques et simples données)","CONATEL — Conseil National des Télécommunications, liste des stations de radiodiffusion autorisées 2023-2024",année 2023-2024,2026-08-24
radio,Radio Inter Louange (RIL),Hérode FELIX,,89.1,,,Trou du nord,HT0431,Trou du Nord,NORD-EST,SRC-058,"Données publiques haïtiennes — décret du 12/10/2005, art. 5 (textes officiels des autorités publiques et simples données)","CONATEL — Conseil National des Télécommunications, liste des stations de radiodiffusion autorisées 2023-2024",année 2023-2024,2026-08-24
radio,Radio VIRAGE,Ralph Junior JEUNE,,89.5,,,FORT-LIBERTE,HT0411,Fort-Liberté,NORD-EST,SRC-058,"Données publiques haïtiennes — décret du 12/10/2005, art. 5 (textes officiels des autorités publiques et simples données)","CONATEL — Conseil National des Télécommunications, liste des stations de radiodiffusion autorisées 2023-2024",année 2023-2024,2026-08-24
radio,RADIO MASSACRE,JOSETTE POISSON,,89.7,,,OUANAMINTHE,HT0421,Ouanaminthe,NORD-EST,SRC-058,"Données publiques haïtiennes — décret du 12/10/2005, art. 5 (textes officiels des autorités publiques et simples données)","CONATEL — Conseil National des Télécommunications, liste des stations de radiodiffusion autorisées 2023-2024",année 2023-2024,2026-08-24
radio,Radio PILON FM,Jean-Jacques Yvernso DESCARTES,,90.1,,,FORT-LIBERTE,HT0411,Fort-Liberté,NORD-EST,SRC-058,"Données publiques haïtiennes — décret du 12/10/2005, art. 5 (textes officiels des autorités publiques et simples données)","CONATEL — Conseil National des Télécommunications, liste des stations de radiodiffusion autorisées 2023-2024",année 2023-2024,2026-08-24
radio,Radio voix des Rachetes,Ernest Jean BAPTISTE,,90.9,,,Caracol,HT0434,Caracol,NORD-EST,SRC-058,"Données publiques haïtiennes — décret du 12/10/2005, art. 5 (textes officiels des autorités publiques et simples données)","CONATEL — Conseil National des Télécommunications, liste des stations de radiodiffusion autorisées 2023-2024",année 2023-2024,2026-08-24
radio,RADIO BORAMA FM,JEAN RODOLPHE JOAZILE,,91.3,,,FERRIER,HT0412,Ferrier,NORD-EST,SRC-058,"Données publiques haïtiennes — décret du 12/10/2005, art. 5 (textes officiels des autorités publiques et simples données)","CONATEL — Conseil National des Télécommunications, liste des stations de radiodiffusion autorisées 2023-2024",année 2023-2024,2026-08-24
radio,RADIO BEUR,WILDEN LAURENT,,91.5,,,OUANAMINTHE,HT0421,Ouanaminthe,NORD-EST,SRC-058,"Données publiques haïtiennes — décret du 12/10/2005, art. 5 (textes officiels des autorités publiques et simples données)","CONATEL — Conseil National des Télécommunications, liste des stations de radiodiffusion autorisées 2023-2024",année 2023-2024,2026-08-24
radio,RADIO CADENE FM,JOSEPH PIERRE,,91.7,,,SAINTE SUZANE,HT0432,Sainte Suzanne,NORD-EST,SRC-058,"Données publiques haïtiennes — décret du 12/10/2005, art. 5 (textes officiels des autorités publiques et simples données)","CONATEL — Conseil National des Télécommunications, liste des stations de radiodiffusion autorisées 2023-2024",année 2023-2024,2026-08-24
radio,RADIO FORT-LIBERTE,COMMUNAUTAIRE,,92.3,,,FORT-LIBERTE,HT0411,Fort-Liberté,NORD-EST,SRC-058,"Données publiques haïtiennes — décret du 12/10/2005, art. 5 (textes officiels des autorités publiques et simples données)","CONATEL — Conseil National des Télécommunications, liste des stations de radiodiffusion autorisées 2023-2024",année 2023-2024,2026-08-24
radio,RADIO IDEALE,BRUNOT ENORCE,,92.9,,,FORT LIBERTE,HT0411,Fort-Liberté,NORD-EST,SRC-058,"Données publiques haïtiennes — décret du 12/10/2005, art. 5 (textes officiels des autorités publiques et simples données)","CONATEL — Conseil National des Télécommunications, liste des stations de radiodiffusion autorisées 2023-2024",année 2023-2024,2026-08-24
radio,RADIO VANITE FM,Rose-Carline Joseph Montilus,,93.9,,,OUANAMINTHE,HT0421,Ouanaminthe,NORD-EST,SRC-058,"Données publiques haïtiennes — décret du 12/10/2005, art. 5 (textes officiels des autorités publiques et simples données)","CONATEL — Conseil National des Télécommunications, liste des stations de radiodiffusion autorisées 2023-2024",année 2023-2024,2026-08-24
radio,RADIO PAROLE DE VIE,CONFERENCE EPISCOPALE D'HAITI,,95.7,,,FORT LIBERTE,HT0411,Fort-Liberté,NORD-EST,SRC-058,"Données publiques haïtiennes — décret du 12/10/2005, art. 5 (textes officiels des autorités publiques et simples données)","CONATEL — Conseil National des Télécommunications, liste des stations de radiodiffusion autorisées 2023-2024",année 2023-2024,2026-08-24
radio,TRANS-INFO FM,Volcy JOSEPH,,96.7,,,OUANAMINTHE,HT0421,Ouanaminthe,NORD-EST,SRC-058,"Données publiques haïtiennes — décret du 12/10/2005, art. 5 (textes officiels des autorités publiques et simples données)","CONATEL — Conseil National des Télécommunications, liste des stations de radiodiffusion autorisées 2023-2024",année 2023-2024,2026-08-24
radio,4 Vwa Universel,Rolex Mompremier,,97.3,,,OUANAMINTHE,HT0421,Ouanaminthe,NORD-EST,SRC-058,"Données publiques haïtiennes — décret du 12/10/2005, art. 5 (textes officiels des autorités publiques et simples données)","CONATEL — Conseil National des Télécommunications, liste des stations de radiodiffusion autorisées 2023-2024",année 2023-2024,2026-08-24
radio,Radio Pacific FM,Micosky POMPILUS,,97.5,,,FORT LIBERTE,HT0411,Fort-Liberté,NORD-EST,SRC-058,"Données publiques haïtiennes — décret du 12/10/2005, art. 5 (textes officiels des autorités publiques et simples données)","CONATEL — Conseil National des Télécommunications, liste des stations de radiodiffusion autorisées 2023-2024",année 2023-2024,2026-08-24
radio,Radio TRAGIQUE FM,Widmarc Joiséus,,99.7,,,Fort-liberte,HT0411,Fort-Liberté,NORD-EST,SRC-058,"Données publiques haïtiennes — décret du 12/10/2005, art. 5 (textes officiels des autorités publiques et simples données)","CONATEL — Conseil National des Télécommunications, liste des stations de radiodiffusion autorisées 2023-2024",année 2023-2024,2026-08-24
radio,RADIO SANTA MARIA FM,WANIQUE PIERRE,,101.1,,,TROU DU NORD,HT0431,Trou du Nord,NORD-EST,SRC-058,"Données publiques haïtiennes — décret du 12/10/2005, art. 5 (textes officiels des autorités publiques et simples données)","CONATEL — Conseil National des Télécommunications, liste des stations de radiodiffusion autorisées 2023-2024",année 2023-2024,2026-08-24
radio,RADIO VISION NORDESIENNE,JEAN RONY JULES,,101.3,,,TERRIER ROUGE,HT0433,Terrier Rouge,NORD-EST,SRC-058,"Données publiques haïtiennes — décret du 12/10/2005, art. 5 (textes officiels des autorités publiques et simples données)","CONATEL — Conseil National des Télécommunications, liste des stations de radiodiffusion autorisées 2023-2024",année 2023-2024,2026-08-24
radio,RADIO TELE TERRE CIEL,Claudine Emille COLIN,,101.5,,,FORT LIBERTE,HT0411,Fort-Liberté,NORD-EST,SRC-058,"Données publiques haïtiennes — décret du 12/10/2005, art. 5 (textes officiels des autorités publiques et simples données)","CONATEL — Conseil National des Télécommunications, liste des stations de radiodiffusion autorisées 2023-2024",année 2023-2024,2026-08-24
radio,RADIO NATIVITE INTERNATIONALE,IGNACE ST FLEUR,,101.7,,,MONBIN CROCHU,HT0443,Mombin Crochu,NORD-EST,SRC-058,"Données publiques haïtiennes — décret du 12/10/2005, art. 5 (textes officiels des autorités publiques et simples données)","CONATEL — Conseil National des Télécommunications, liste des stations de radiodiffusion autorisées 2023-2024",année 2023-2024,2026-08-24
radio,RADIO SAMBA,MARIE MICHELLE,,101.9,,,FORT LIBERTE,HT0411,Fort-Liberté,NORD-EST,SRC-058,"Données publiques haïtiennes — décret du 12/10/2005, art. 5 (textes officiels des autorités publiques et simples données)","CONATEL — Conseil National des Télécommunications, liste des stations de radiodiffusion autorisées 2023-2024",année 2023-2024,2026-08-24
radio,RADIO ZENITH FM,RONY COLIN,,102.5,,,OUANAMINTHE,HT0421,Ouanaminthe,NORD-EST,SRC-058,"Données publiques haïtiennes — décret du 12/10/2005, art. 5 (textes officiels des autorités publiques et simples données)","CONATEL — Conseil National des Télécommunications, liste des stations de radiodiffusion autorisées 2023-2024",année 2023-2024,2026-08-24
radio,RADIO MAGUANA FM,LARECHE RONALD,,102.9,,,MONT-ORGANISE,HT0423,Mont-Organisé,NORD-EST,SRC-058,"Données publiques haïtiennes — décret du 12/10/2005, art. 5 (textes officiels des autorités publiques et simples données)","CONATEL — Conseil National des Télécommunications, liste des stations de radiodiffusion autorisées 2023-2024",année 2023-2024,2026-08-24
radio,RADIO Target FM,Myrlande MATHIEU,,105.5,,,OUANAMINTHE,HT0421,Ouanaminthe,NORD-EST,SRC-058,"Données publiques haïtiennes — décret du 12/10/2005, art. 5 (textes officiels des autorités publiques et simples données)","CONATEL — Conseil National des Télécommunications, liste des stations de radiodiffusion autorisées 2023-2024",année 2023-2024,2026-08-24
radio,Radio ALLIANCE CHRETIENNE,IDenaire FILS-AIME,,106.5,,,OUANAMINTHE,HT0421,Ouanaminthe,NORD-EST,SRC-058,"Données publiques haïtiennes — décret du 12/10/2005, art. 5 (textes officiels des autorités publiques et simples données)","CONATEL — Conseil National des Télécommunications, liste des stations de radiodiffusion autorisées 2023-2024",année 2023-2024,2026-08-24
radio,RADIO ATIS FM,GERALD ABEL,,107.1,,,OUANAMINTHE,HT0421,Ouanaminthe,NORD-EST,SRC-058,"Données publiques haïtiennes — décret du 12/10/2005, art. 5 (textes officiels des autorités publiques et simples données)","CONATEL — Conseil National des Télécommunications, liste des stations de radiodiffusion autorisées 2023-2024",année 2023-2024,2026-08-24
radio,RADIO PORT-DE-PAIX,EYROLL CLAUDE JEAN,,88.3,,,PORT-DE-PAIX,HT0911,Port-de-Paix,NORD-OUEST,SRC-058,"Données publiques haïtiennes — décret du 12/10/2005, art. 5 (textes officiels des autorités publiques et simples données)","CONATEL — Conseil National des Télécommunications, liste des stations de radiodiffusion autorisées 2023-2024",année 2023-2024,2026-08-24
radio,RADIO MONOPOLE FM,Rosemila Saint-Vil PETIT-FRERE,,88.5,,,PORT DE PAIX,HT0911,Port-de-Paix,NORD-OUEST,SRC-058,"Données publiques haïtiennes — décret du 12/10/2005, art. 5 (textes officiels des autorités publiques et simples données)","CONATEL — Conseil National des Télécommunications, liste des stations de radiodiffusion autorisées 2023-2024",année 2023-2024,2026-08-24
radio,RADIO WAVE,MERCIUS DORVILUS,,88.7,,,PORT-DE-PAIX,HT0911,Port-de-Paix,NORD-OUEST,SRC-058,"Données publiques haïtiennes — décret du 12/10/2005, art. 5 (textes officiels des autorités publiques et simples données)","CONATEL — Conseil National des Télécommunications, liste des stations de radiodiffusion autorisées 2023-2024",année 2023-2024,2026-08-24
radio,RADIO AYIBOBO FM,Carl Henry Desmornes,,88.9,,,PORT-DE-PAIX,HT0911,Port-de-Paix,NORD-OUEST,SRC-058,"Données publiques haïtiennes — décret du 12/10/2005, art. 5 (textes officiels des autorités publiques et simples données)","CONATEL — Conseil National des Télécommunications, liste des stations de radiodiffusion autorisées 2023-2024",année 2023-2024,2026-08-24
radio,Radio AMITIE FM,Marjory MICHEL,,90.1,,,PORT DE PAIX,HT0911,Port-de-Paix,NORD-OUEST,SRC-058,"Données publiques haïtiennes — décret du 12/10/2005, art. 5 (textes officiels des autorités publiques et simples données)","CONATEL — Conseil National des Télécommunications, liste des stations de radiodiffusion autorisées 2023-2024",année 2023-2024,2026-08-24
radio,RADIO FLAMBEAU,CHEREFRERE CALEB,,90.3,,,ST LOUIS DU NORD,HT0921,Saint-Louis du Nord,NORD-OUEST,SRC-058,"Données publiques haïtiennes — décret du 12/10/2005, art. 5 (textes officiels des autorités publiques et simples données)","CONATEL — Conseil National des Télécommunications, liste des stations de radiodiffusion autorisées 2023-2024",année 2023-2024,2026-08-24
radio,RADIO BEUR,WILDEN LAURENT,,90.5,,,PORT DE PAIX,HT0911,Port-de-Paix,NORD-OUEST,SRC-058,"Données publiques haïtiennes — décret du 12/10/2005, art. 5 (textes officiels des autorités publiques et simples données)","CONATEL — Conseil National des Télécommunications, liste des stations de radiodiffusion autorisées 2023-2024",année 2023-2024,2026-08-24
radio,RADIO TI MOUN,LAFANMI SELAVI,,91.5,,,PORT-DE-PAIX,HT0911,Port-de-Paix,NORD-OUEST,SRC-058,"Données publiques haïtiennes — décret du 12/10/2005, art. 5 (textes officiels des autorités publiques et simples données)","CONATEL — Conseil National des Télécommunications, liste des stations de radiodiffusion autorisées 2023-2024",année 2023-2024,2026-08-24
radio,Radio Pacific FM,Micosky POMPILUS,,91.7,,,PORT-DE-PAIX,HT0911,Port-de-Paix,NORD-OUEST,SRC-058,"Données publiques haïtiennes — décret du 12/10/2005, art. 5 (textes officiels des autorités publiques et simples données)","CONATEL — Conseil National des Télécommunications, liste des stations de radiodiffusion autorisées 2023-2024",année 2023-2024,2026-08-24
radio,RADIO SIGNAL FM,SIGNAL S.A.,,91.9,,,PORT-DE-PAIX,HT0911,Port-de-Paix,NORD-OUEST,SRC-058,"Données publiques haïtiennes — décret du 12/10/2005, art. 5 (textes officiels des autorités publiques et simples données)","CONATEL — Conseil National des Télécommunications, liste des stations de radiodiffusion autorisées 2023-2024",année 2023-2024,2026-08-24
radio,Radio PILON FM,Jean-Jacques Yvernso DESCARTES,,92.1,,,PORT-DE-PAIX,HT0911,Port-de-Paix,NORD-OUEST,SRC-058,"Données publiques haïtiennes — décret du 12/10/2005, art. 5 (textes officiels des autorités publiques et simples données)","CONATEL — Conseil National des Télécommunications, liste des stations de radiodiffusion autorisées 2023-2024",année 2023-2024,2026-08-24
radio,Radio VIRAGE,Ralph Junior JEUNE,,92.3,,,PORT-DE-PAIX,HT0911,Port-de-Paix,NORD-OUEST,SRC-058,"Données publiques haïtiennes — décret du 12/10/2005, art. 5 (textes officiels des autorités publiques et simples données)","CONATEL — Conseil National des Télécommunications, liste des stations de radiodiffusion autorisées 2023-2024",année 2023-2024,2026-08-24
radio,RADIO VOIX DU NORD-OUEST,SAINT AUBIN SAINTIL,,92.5,,,PORT-DE-PAIX,HT0911,Port-de-Paix,NORD-OUEST,SRC-058,"Données publiques haïtiennes — décret du 12/10/2005, art. 5 (textes officiels des autorités publiques et simples données)","CONATEL — Conseil National des Télécommunications, liste des stations de radiodiffusion autorisées 2023-2024",année 2023-2024,2026-08-24
radio,Radio TRAGIQUE FM,Widmarc Joiséus,,92.7,,,PORT-DE-PAIX,HT0911,Port-de-Paix,NORD-OUEST,SRC-058,"Données publiques haïtiennes — décret du 12/10/2005, art. 5 (textes officiels des autorités publiques et simples données)","CONATEL — Conseil National des Télécommunications, liste des stations de radiodiffusion autorisées 2023-2024",année 2023-2024,2026-08-24
radio,RADIO GINEN,JEAN LUCIEN BORGES,,92.9,,,PORT-DE-PAIX,HT0911,Port-de-Paix,NORD-OUEST,SRC-058,"Données publiques haïtiennes — décret du 12/10/2005, art. 5 (textes officiels des autorités publiques et simples données)","CONATEL — Conseil National des Télécommunications, liste des stations de radiodiffusion autorisées 2023-2024",année 2023-2024,2026-08-24
radio,RADIO KALBAS FM,WILKY MAURIN JAVIER,,93.3,,,PORT-DE-PAIX,HT0911,Port-de-Paix,NORD-OUEST,SRC-058,"Données publiques haïtiennes — décret du 12/10/2005, art. 5 (textes officiels des autorités publiques et simples données)","CONATEL — Conseil National des Télécommunications, liste des stations de radiodiffusion autorisées 2023-2024",année 2023-2024,2026-08-24
radio,RADIO AC,Hérode AUGUSTIN,,93.5,,,PORT-DE-PAIX,HT0911,Port-de-Paix,NORD-OUEST,SRC-058,"Données publiques haïtiennes — décret du 12/10/2005, art. 5 (textes officiels des autorités publiques et simples données)","CONATEL — Conseil National des Télécommunications, liste des stations de radiodiffusion autorisées 2023-2024",année 2023-2024,2026-08-24
radio,RADIO CHES FM,Nadia Lessage PIERRE/Didier Chelly PIERRE,,93.7,,,PORT-DE-PAIX,HT0911,Port-de-Paix,NORD-OUEST,SRC-058,"Données publiques haïtiennes — décret du 12/10/2005, art. 5 (textes officiels des autorités publiques et simples données)","CONATEL — Conseil National des Télécommunications, liste des stations de radiodiffusion autorisées 2023-2024",année 2023-2024,2026-08-24
radio,RADIO VOIX DE LA PAIX,EVECHE PORT DE PAIX,,94.7,,,PORT-DE-PAIX,HT0911,Port-de-Paix,NORD-OUEST,SRC-058,"Données publiques haïtiennes — décret du 12/10/2005, art. 5 (textes officiels des autorités publiques et simples données)","CONATEL — Conseil National des Télécommunications, liste des stations de radiodiffusion autorisées 2023-2024",année 2023-2024,2026-08-24
radio,RADIO ANSE A FOLEUR,COMMUNAUTAIRE,,94.9,,,ANSE A FOLEUR,HT0922,Anse-à-Foleur,NORD-OUEST,SRC-058,"Données publiques haïtiennes — décret du 12/10/2005, art. 5 (textes officiels des autorités publiques et simples données)","CONATEL — Conseil National des Télécommunications, liste des stations de radiodiffusion autorisées 2023-2024",année 2023-2024,2026-08-24
radio,RADIO MEGA TOP INTER,ALEX SAINT SURIN,,95.5,,,PORT-DE-PAIX,HT0911,Port-de-Paix,NORD-OUEST,SRC-058,"Données publiques haïtiennes — décret du 12/10/2005, art. 5 (textes officiels des autorités publiques et simples données)","CONATEL — Conseil National des Télécommunications, liste des stations de radiodiffusion autorisées 2023-2024",année 2023-2024,2026-08-24
radio,RADIO KONTAK FM,LOUIS ALEX FRANCOIS,,96.1,,,PORT-DE-PAIX,HT0911,Port-de-Paix,NORD-OUEST,SRC-058,"Données publiques haïtiennes — décret du 12/10/2005, art. 5 (textes officiels des autorités publiques et simples données)","CONATEL — Conseil National des Télécommunications, liste des stations de radiodiffusion autorisées 2023-2024",année 2023-2024,2026-08-24
radio,RADIO FIDELITE,GEORGES NEHEMIE D.,,96.3,,,JEAN RABEL,HT0934,Jean Rabel,NORD-OUEST,SRC-058,"Données publiques haïtiennes — décret du 12/10/2005, art. 5 (textes officiels des autorités publiques et simples données)","CONATEL — Conseil National des Télécommunications, liste des stations de radiodiffusion autorisées 2023-2024",année 2023-2024,2026-08-24
radio,Radio Pacific FM,Micosky POMPILUS,,96.3,,,Quartier Morin,HT0312,Quartier Morin,NORD-OUEST,SRC-058,"Données publiques haïtiennes — décret du 12/10/2005, art. 5 (textes officiels des autorités publiques et simples données)","CONATEL — Conseil National des Télécommunications, liste des stations de radiodiffusion autorisées 2023-2024",année 2023-2024,2026-08-24
radio,RADIO VANITE FM,Mme Rose-Carline Joseph Montilus,,96.5,,,PORT DE PAIX,HT0911,Port-de-Paix,NORD-OUEST,SRC-058,"Données publiques haïtiennes — décret du 12/10/2005, art. 5 (textes officiels des autorités publiques et simples données)","CONATEL — Conseil National des Télécommunications, liste des stations de radiodiffusion autorisées 2023-2024",année 2023-2024,2026-08-24
radio,TRANS-INFO FM,Volcy JOSEPH,,96.7,,,PORT-DE-PAIX,HT0911,Port-de-Paix,NORD-OUEST,SRC-058,"Données publiques haïtiennes — décret du 12/10/2005, art. 5 (textes officiels des autorités publiques et simples données)","CONATEL — Conseil National des Télécommunications, liste des stations de radiodiffusion autorisées 2023-2024",année 2023-2024,2026-08-24
radio,RADIO AYILELE FM,ROMAIN DOUMIC,,97.9,,,PORT-DE –PAIX,HT0911,Port-de-Paix,NORD-OUEST,SRC-058,"Données publiques haïtiennes — décret du 12/10/2005, art. 5 (textes officiels des autorités publiques et simples données)","CONATEL — Conseil National des Télécommunications, liste des stations de radiodiffusion autorisées 2023-2024",année 2023-2024,2026-08-24
radio,RADIO VOIX DE L’EGLISE BETHANIE,JEAN-CLAUDE THERVIL,,98.3,,,PORT-DE-PAIX,HT0911,Port-de-Paix,NORD-OUEST,SRC-058,"Données publiques haïtiennes — décret du 12/10/2005, art. 5 (textes officiels des autorités publiques et simples données)","CONATEL — Conseil National des Télécommunications, liste des stations de radiodiffusion autorisées 2023-2024",année 2023-2024,2026-08-24
radio,RADIO AFRICA,NAWON MARCELLUS,,98.7,,,PORT-DE-PAIX,HT0911,Port-de-Paix,NORD-OUEST,SRC-058,"Données publiques haïtiennes — décret du 12/10/2005, art. 5 (textes officiels des autorités publiques et simples données)","CONATEL — Conseil National des Télécommunications, liste des stations de radiodiffusion autorisées 2023-2024",année 2023-2024,2026-08-24
radio,Kingdom RADIO FM,Yves LEONARD,,99.1,,,PORT-DE-PAIX,HT0911,Port-de-Paix,NORD-OUEST,SRC-058,"Données publiques haïtiennes — décret du 12/10/2005, art. 5 (textes officiels des autorités publiques et simples données)","CONATEL — Conseil National des Télécommunications, liste des stations de radiodiffusion autorisées 2023-2024",année 2023-2024,2026-08-24
radio,RADIO VALPARAISO,ENEX JEAN CHARLES,,99.9,,,PORT-DE –PAIX,HT0911,Port-de-Paix,NORD-OUEST,SRC-058,"Données publiques haïtiennes — décret du 12/10/2005, art. 5 (textes officiels des autorités publiques et simples données)","CONATEL — Conseil National des Télécommunications, liste des stations de radiodiffusion autorisées 2023-2024",année 2023-2024,2026-08-24
radio,RADIO HEXAGOM,MIGUELLINE GASPARD,,100.3,,,PORT DE PAIX,HT0911,Port-de-Paix,NORD-OUEST,SRC-058,"Données publiques haïtiennes — décret du 12/10/2005, art. 5 (textes officiels des autorités publiques et simples données)","CONATEL — Conseil National des Télécommunications, liste des stations de radiodiffusion autorisées 2023-2024",année 2023-2024,2026-08-24
radio,RADIO SANTA MARIA FM,WANIQUE PIERRE,,101.1,,,POR-DE-PAIX,HT0911,Port-de-Paix,NORD-OUEST,SRC-058,"Données publiques haïtiennes — décret du 12/10/2005, art. 5 (textes officiels des autorités publiques et simples données)","CONATEL — Conseil National des Télécommunications, liste des stations de radiodiffusion autorisées 2023-2024",année 2023-2024,2026-08-24
radio,RADIO NATIVITE INTERNATIONALE,IGNACE ST FLEUR,,101.7,,,PORT-DE-PAIX,HT0911,Port-de-Paix,NORD-OUEST,SRC-058,"Données publiques haïtiennes — décret du 12/10/2005, art. 5 (textes officiels des autorités publiques et simples données)","CONATEL — Conseil National des Télécommunications, liste des stations de radiodiffusion autorisées 2023-2024",année 2023-2024,2026-08-24
radio,RADIO TELE TERRE CIEL,Claudine Emille COLIN,,101.5,,,PORT-DE-PAIX,HT0911,Port-de-Paix,NORD-OUEST,SRC-058,"Données publiques haïtiennes — décret du 12/10/2005, art. 5 (textes officiels des autorités publiques et simples données)","CONATEL — Conseil National des Télécommunications, liste des stations de radiodiffusion autorisées 2023-2024",année 2023-2024,2026-08-24
radio,RADIO PROMOTION DE L'EVANGILE,ONONDIEU CHERFRERE,,101.9,,,PORT-DE-PAIX,HT0911,Port-de-Paix,NORD-OUEST,SRC-058,"Données publiques haïtiennes — décret du 12/10/2005, art. 5 (textes officiels des autorités publiques et simples données)","CONATEL — Conseil National des Télécommunications, liste des stations de radiodiffusion autorisées 2023-2024",année 2023-2024,2026-08-24
radio,RADIO ATIS FM,GERALD ABEL,,102.1,,,PORT-DE-PAIX,HT0911,Port-de-Paix,NORD-OUEST,SRC-058,"Données publiques haïtiennes — décret du 12/10/2005, art. 5 (textes officiels des autorités publiques et simples données)","CONATEL — Conseil National des Télécommunications, liste des stations de radiodiffusion autorisées 2023-2024",année 2023-2024,2026-08-24
radio,Radio BALADE FM,Louikenson Evans ARNE,,102.3,,,PORT-DE-PAIX,HT0911,Port-de-Paix,NORD-OUEST,SRC-058,"Données publiques haïtiennes — décret du 12/10/2005, art. 5 (textes officiels des autorités publiques et simples données)","CONATEL — Conseil National des Télécommunications, liste des stations de radiodiffusion autorisées 2023-2024",année 2023-2024,2026-08-24
radio,RADIO ZENITH FM,RONY COLIN,,102.5,,,port de PaIX,HT0911,Port-de-Paix,NORD-OUEST,SRC-058,"Données publiques haïtiennes — décret du 12/10/2005, art. 5 (textes officiels des autorités publiques et simples données)","CONATEL — Conseil National des Télécommunications, liste des stations de radiodiffusion autorisées 2023-2024",année 2023-2024,2026-08-24
radio,AC RADIO,HERODE AUGUSTIN,,103.1,,,Port de Paix,HT0911,Port-de-Paix,NORD-OUEST,SRC-058,"Données publiques haïtiennes — décret du 12/10/2005, art. 5 (textes officiels des autorités publiques et simples données)","CONATEL — Conseil National des Télécommunications, liste des stations de radiodiffusion autorisées 2023-2024",année 2023-2024,2026-08-24
radio,RADIO UNIVERSELLE PLUS,AMOS PIERRE,,103.5,,,PORT-DE-PAIX,HT0911,Port-de-Paix,NORD-OUEST,SRC-058,"Données publiques haïtiennes — décret du 12/10/2005, art. 5 (textes officiels des autorités publiques et simples données)","CONATEL — Conseil National des Télécommunications, liste des stations de radiodiffusion autorisées 2023-2024",année 2023-2024,2026-08-24
radio,RADIO VOLCANT FM,CALVIN-ULRICK TIMA,,103.7,,,BASSIN BLEU,HT0913,Bassin Bleu,NORD-OUEST,SRC-058,"Données publiques haïtiennes — décret du 12/10/2005, art. 5 (textes officiels des autorités publiques et simples données)","CONATEL — Conseil National des Télécommunications, liste des stations de radiodiffusion autorisées 2023-2024",année 2023-2024,2026-08-24
radio,RADIO NEW STAR,ERNST FRANCOIS,,104.1,,,PORT-DE-PAIX,HT0911,Port-de-Paix,NORD-OUEST,SRC-058,"Données publiques haïtiennes — décret du 12/10/2005, art. 5 (textes officiels des autorités publiques et simples données)","CONATEL — Conseil National des Télécommunications, liste des stations de radiodiffusion autorisées 2023-2024",année 2023-2024,2026-08-24
radio,RADIO Target FM,Myrlande MATHIEU,,104.7,,,PORT DE PAIX,HT0911,Port-de-Paix,NORD-OUEST,SRC-058,"Données publiques haïtiennes — décret du 12/10/2005, art. 5 (textes officiels des autorités publiques et simples données)","CONATEL — Conseil National des Télécommunications, liste des stations de radiodiffusion autorisées 2023-2024",année 2023-2024,2026-08-24
radio,RADIO MARE ROUGE INTER,FRANCINOR HYPPOLITE,,104.9,,,MOLE ST NICOLAS,HT0931,Môle Saint Nicolas,NORD-OUEST,SRC-058,"Données publiques haïtiennes — décret du 12/10/2005, art. 5 (textes officiels des autorités publiques et simples données)","CONATEL — Conseil National des Télécommunications, liste des stations de radiodiffusion autorisées 2023-2024",année 2023-2024,2026-08-24
radio,RADIO ETINCELLE,JACQUES LOUIS HENRY,,105.9,,,PORT-DE-PAIX,HT0911,Port-de-Paix,NORD-OUEST,SRC-058,"Données publiques haïtiennes — décret du 12/10/2005, art. 5 (textes officiels des autorités publiques et simples données)","CONATEL — Conseil National des Télécommunications, liste des stations de radiodiffusion autorisées 2023-2024",année 2023-2024,2026-08-24
radio,RADIO EXCEL,FRANCOIS LUCS SAINVIL,,106.7,,,PORT-DE-PAIX,HT0911,Port-de-Paix,NORD-OUEST,SRC-058,"Données publiques haïtiennes — décret du 12/10/2005, art. 5 (textes officiels des autorités publiques et simples données)","CONATEL — Conseil National des Télécommunications, liste des stations de radiodiffusion autorisées 2023-2024",année 2023-2024,2026-08-24
radio,RADIO SIGNAL FM,SIGNAL S.A.,,91.1,,,MIRAGOANE,HT1011,Miragoâne,NIPPES,SRC-058,"Données publiques haïtiennes — décret du 12/10/2005, art. 5 (textes officiels des autorités publiques et simples données)","CONATEL — Conseil National des Télécommunications, liste des stations de radiodiffusion autorisées 2023-2024",année 2023-2024,2026-08-24
radio,Radio PILON FM,Jean-Jacques Yvernso DESCARTES,,91.3,,,MIRAGOANE,HT1011,Miragoâne,NIPPES,SRC-058,"Données publiques haïtiennes — décret du 12/10/2005, art. 5 (textes officiels des autorités publiques et simples données)","CONATEL — Conseil National des Télécommunications, liste des stations de radiodiffusion autorisées 2023-2024",année 2023-2024,2026-08-24
radio,Nativité internationale,Ignace St Fleur,,91.5,,,MIRAGOANE,HT1011,Miragoâne,NIPPES,SRC-058,"Données publiques haïtiennes — décret du 12/10/2005, art. 5 (textes officiels des autorités publiques et simples données)","CONATEL — Conseil National des Télécommunications, liste des stations de radiodiffusion autorisées 2023-2024",année 2023-2024,2026-08-24
radio,Radio Pacific FM,Micosky POMPILUS,,91.7,,,BARADERES,HT1031,Baradères,NIPPES,SRC-058,"Données publiques haïtiennes — décret du 12/10/2005, art. 5 (textes officiels des autorités publiques et simples données)","CONATEL — Conseil National des Télécommunications, liste des stations de radiodiffusion autorisées 2023-2024",année 2023-2024,2026-08-24
radio,Radio VIRAGE,Ralph Junior JEUNE,,92.1,,,MIRAGOANE,HT1011,Miragoâne,NIPPES,SRC-058,"Données publiques haïtiennes — décret du 12/10/2005, art. 5 (textes officiels des autorités publiques et simples données)","CONATEL — Conseil National des Télécommunications, liste des stations de radiodiffusion autorisées 2023-2024",année 2023-2024,2026-08-24
radio,RADIO PSG,JEAN WILLIAM JEANTY,,92.5,,,MIRAGOANE,HT1011,Miragoâne,NIPPES,SRC-058,"Données publiques haïtiennes — décret du 12/10/2005, art. 5 (textes officiels des autorités publiques et simples données)","CONATEL — Conseil National des Télécommunications, liste des stations de radiodiffusion autorisées 2023-2024",année 2023-2024,2026-08-24
radio,Radio ATLAS INTER FM,Jean William BRICE,,92.7,,,Paillant,HT1014,Paillant,NIPPES,SRC-058,"Données publiques haïtiennes — décret du 12/10/2005, art. 5 (textes officiels des autorités publiques et simples données)","CONATEL — Conseil National des Télécommunications, liste des stations de radiodiffusion autorisées 2023-2024",année 2023-2024,2026-08-24
radio,RADIO UNO FM,ESTIN PIERRE,,92.9,,,MIRAGOANE,HT1011,Miragoâne,NIPPES,SRC-058,"Données publiques haïtiennes — décret du 12/10/2005, art. 5 (textes officiels des autorités publiques et simples données)","CONATEL — Conseil National des Télécommunications, liste des stations de radiodiffusion autorisées 2023-2024",année 2023-2024,2026-08-24
radio,RADIO GINEN,JEAN LUCIEN BORGES,,93.1,,,MIRAGOANE,HT1011,Miragoâne,NIPPES,SRC-058,"Données publiques haïtiennes — décret du 12/10/2005, art. 5 (textes officiels des autorités publiques et simples données)","CONATEL — Conseil National des Télécommunications, liste des stations de radiodiffusion autorisées 2023-2024",année 2023-2024,2026-08-24
radio,RADIO VANITE FM,Mme Rose-Carline Joseph Montilus,,93.5,,,MIRAGOANE,HT1011,Miragoâne,NIPPES,SRC-058,"Données publiques haïtiennes — décret du 12/10/2005, art. 5 (textes officiels des autorités publiques et simples données)","CONATEL — Conseil National des Télécommunications, liste des stations de radiodiffusion autorisées 2023-2024",année 2023-2024,2026-08-24
radio,RADIO BEUR,WILDEN LAURENT,,93.7,,,MIRAGOANE,HT1011,Miragoâne,NIPPES,SRC-058,"Données publiques haïtiennes — décret du 12/10/2005, art. 5 (textes officiels des autorités publiques et simples données)","CONATEL — Conseil National des Télécommunications, liste des stations de radiodiffusion autorisées 2023-2024",année 2023-2024,2026-08-24
radio,PAILLANT INTER,JOSEPH PAILLANT,,94.7,,,PAILLANT,HT1014,Paillant,NIPPES,SRC-058,"Données publiques haïtiennes — décret du 12/10/2005, art. 5 (textes officiels des autorités publiques et simples données)","CONATEL — Conseil National des Télécommunications, liste des stations de radiodiffusion autorisées 2023-2024",année 2023-2024,2026-08-24
radio,RADIO TOP FM,NAHUM OMELER,,95.1,,,MIRAGOANE,HT1011,Miragoâne,NIPPES,SRC-058,"Données publiques haïtiennes — décret du 12/10/2005, art. 5 (textes officiels des autorités publiques et simples données)","CONATEL — Conseil National des Télécommunications, liste des stations de radiodiffusion autorisées 2023-2024",année 2023-2024,2026-08-24
radio,RADIO PAYSAN,SERGE GASPARD DELVA,,95.5,,,MIRAGOANE,HT1011,Miragoâne,NIPPES,SRC-058,"Données publiques haïtiennes — décret du 12/10/2005, art. 5 (textes officiels des autorités publiques et simples données)","CONATEL — Conseil National des Télécommunications, liste des stations de radiodiffusion autorisées 2023-2024",année 2023-2024,2026-08-24
radio,RADIO MONOPOLE FM,Rosemila Saint-Vil PETIT-FRERE,,96.1,,,MIRAGOANE,HT1011,Miragoâne,NIPPES,SRC-058,"Données publiques haïtiennes — décret du 12/10/2005, art. 5 (textes officiels des autorités publiques et simples données)","CONATEL — Conseil National des Télécommunications, liste des stations de radiodiffusion autorisées 2023-2024",année 2023-2024,2026-08-24
radio,RADIO MICRO FM,NENEL CASSY,,96.3,,,MIRAGOANE,HT1011,Miragoâne,NIPPES,SRC-058,"Données publiques haïtiennes — décret du 12/10/2005, art. 5 (textes officiels des autorités publiques et simples données)","CONATEL — Conseil National des Télécommunications, liste des stations de radiodiffusion autorisées 2023-2024",année 2023-2024,2026-08-24
radio,TRANS-INFO FM,Volcy JOSEPH,,96.5,,,MIRAGOANE,HT1011,Miragoâne,NIPPES,SRC-058,"Données publiques haïtiennes — décret du 12/10/2005, art. 5 (textes officiels des autorités publiques et simples données)","CONATEL — Conseil National des Télécommunications, liste des stations de radiodiffusion autorisées 2023-2024",année 2023-2024,2026-08-24
radio,RADIO VISION NIPPES,GUERVIL WILNER,,97.9,,,ANSE-A-VEAU,HT1021,Anse-à-Veau,NIPPES,SRC-058,"Données publiques haïtiennes — décret du 12/10/2005, art. 5 (textes officiels des autorités publiques et simples données)","CONATEL — Conseil National des Télécommunications, liste des stations de radiodiffusion autorisées 2023-2024",année 2023-2024,2026-08-24
radio,RADIO PAYAN FM,GARY JOSEPH MAZILE,,98.3,,,PAILLANT,HT1014,Paillant,NIPPES,SRC-058,"Données publiques haïtiennes — décret du 12/10/2005, art. 5 (textes officiels des autorités publiques et simples données)","CONATEL — Conseil National des Télécommunications, liste des stations de radiodiffusion autorisées 2023-2024",année 2023-2024,2026-08-24
radio,RADIO CARAIBBEAN FM,ALIX TROPNAS,,99.1,,,MIRAGOANE,HT1011,Miragoâne,NIPPES,SRC-058,"Données publiques haïtiennes — décret du 12/10/2005, art. 5 (textes officiels des autorités publiques et simples données)","CONATEL — Conseil National des Télécommunications, liste des stations de radiodiffusion autorisées 2023-2024",année 2023-2024,2026-08-24
radio,Radio AMITIE FM,Marjory MICHEL,,99.3,,,MIRAGOANE,HT1011,Miragoâne,NIPPES,SRC-058,"Données publiques haïtiennes — décret du 12/10/2005, art. 5 (textes officiels des autorités publiques et simples données)","CONATEL — Conseil National des Télécommunications, liste des stations de radiodiffusion autorisées 2023-2024",année 2023-2024,2026-08-24
radio,RADIO NIPPES INTER,YVON GESTE,,99.5,,,MIRAGOANE,HT1011,Miragoâne,NIPPES,SRC-058,"Données publiques haïtiennes — décret du 12/10/2005, art. 5 (textes officiels des autorités publiques et simples données)","CONATEL — Conseil National des Télécommunications, liste des stations de radiodiffusion autorisées 2023-2024",année 2023-2024,2026-08-24
radio,RADIO FLAMAX FM,TIAMEGOLE CLERVILLE,,99.9,,,MIRAGOANE,HT1011,Miragoâne,NIPPES,SRC-058,"Données publiques haïtiennes — décret du 12/10/2005, art. 5 (textes officiels des autorités publiques et simples données)","CONATEL — Conseil National des Télécommunications, liste des stations de radiodiffusion autorisées 2023-2024",année 2023-2024,2026-08-24
radio,RADIO HEXAGOM,MIGUELLINE GASPARD,,100.3,,,MIRAGOANE,HT1011,Miragoâne,NIPPES,SRC-058,"Données publiques haïtiennes — décret du 12/10/2005, art. 5 (textes officiels des autorités publiques et simples données)","CONATEL — Conseil National des Télécommunications, liste des stations de radiodiffusion autorisées 2023-2024",année 2023-2024,2026-08-24
radio,RADIO SANTA MARIA FM,WANIQUE PIERRE,,101.3,,,,,,NIPPES,SRC-058,"Données publiques haïtiennes — décret du 12/10/2005, art. 5 (textes officiels des autorités publiques et simples données)","CONATEL — Conseil National des Télécommunications, liste des stations de radiodiffusion autorisées 2023-2024",année 2023-2024,2026-08-24
radio,RADIO Target FM,Myrlande MATHIEU,,101.5,,,MIRAGOANE,HT1011,Miragoâne,NIPPES,SRC-058,"Données publiques haïtiennes — décret du 12/10/2005, art. 5 (textes officiels des autorités publiques et simples données)","CONATEL — Conseil National des Télécommunications, liste des stations de radiodiffusion autorisées 2023-2024",année 2023-2024,2026-08-24
radio,Kingdom RADIO FM,Yves LEONARD,,101.7,,,MIRAGOANE,HT1011,Miragoâne,NIPPES,SRC-058,"Données publiques haïtiennes — décret du 12/10/2005, art. 5 (textes officiels des autorités publiques et simples données)","CONATEL — Conseil National des Télécommunications, liste des stations de radiodiffusion autorisées 2023-2024",année 2023-2024,2026-08-24
radio,RADIO ZENITH FM,RONY COLIN,,102.5,,,MIRAGOANE,HT1011,Miragoâne,NIPPES,SRC-058,"Données publiques haïtiennes — décret du 12/10/2005, art. 5 (textes officiels des autorités publiques et simples données)","CONATEL — Conseil National des Télécommunications, liste des stations de radiodiffusion autorisées 2023-2024",année 2023-2024,2026-08-24
radio,RADIO MICRO FM,Fresnel AFICE,,102.7,,,MIRAGOANE,HT1011,Miragoâne,NIPPES,SRC-058,"Données publiques haïtiennes — décret du 12/10/2005, art. 5 (textes officiels des autorités publiques et simples données)","CONATEL — Conseil National des Télécommunications, liste des stations de radiodiffusion autorisées 2023-2024",année 2023-2024,2026-08-24
radio,RADIO TELE TERRE CIEL,Claudine Emille COLIN,,102.9,,,MIRAGOANE,HT1011,Miragoâne,NIPPES,SRC-058,"Données publiques haïtiennes — décret du 12/10/2005, art. 5 (textes officiels des autorités publiques et simples données)","CONATEL — Conseil National des Télécommunications, liste des stations de radiodiffusion autorisées 2023-2024",année 2023-2024,2026-08-24
radio,RADIO OXYGENE,JOCELYN GUILLAUME,,103.3,,,MIRAGOANE,HT1011,Miragoâne,NIPPES,SRC-058,"Données publiques haïtiennes — décret du 12/10/2005, art. 5 (textes officiels des autorités publiques et simples données)","CONATEL — Conseil National des Télécommunications, liste des stations de radiodiffusion autorisées 2023-2024",année 2023-2024,2026-08-24
radio,ADIO ATIS FM,GERALD ABEL,,103.5,,,MIRAGOANE,HT1011,Miragoâne,NIPPES,SRC-058,"Données publiques haïtiennes — décret du 12/10/2005, art. 5 (textes officiels des autorités publiques et simples données)","CONATEL — Conseil National des Télécommunications, liste des stations de radiodiffusion autorisées 2023-2024",année 2023-2024,2026-08-24
radio,Radio Rezistans FM,Roseman ASPILAIRE,,104.3,,,MIRAGOANE,HT1011,Miragoâne,NIPPES,SRC-058,"Données publiques haïtiennes — décret du 12/10/2005, art. 5 (textes officiels des autorités publiques et simples données)","CONATEL — Conseil National des Télécommunications, liste des stations de radiodiffusion autorisées 2023-2024",année 2023-2024,2026-08-24
radio,RADIO AYITI NOUVEL,BERNARD CADET,,104.7,,,MIRAGOANE,HT1011,Miragoâne,NIPPES,SRC-058,"Données publiques haïtiennes — décret du 12/10/2005, art. 5 (textes officiels des autorités publiques et simples données)","CONATEL — Conseil National des Télécommunications, liste des stations de radiodiffusion autorisées 2023-2024",année 2023-2024,2026-08-24
radio,RADIO AYIBOBO FM,Carl Henry Desmornes,,107.3,,,MIRAGOANE,HT1011,Miragoâne,NIPPES,SRC-058,"Données publiques haïtiennes — décret du 12/10/2005, art. 5 (textes officiels des autorités publiques et simples données)","CONATEL — Conseil National des Télécommunications, liste des stations de radiodiffusion autorisées 2023-2024",année 2023-2024,2026-08-24
radio,Radio Estrella,Macdamene CROICHY,,88.3,,,HINCHE,HT0611,Hinche,CENTRE,SRC-058,"Données publiques haïtiennes — décret du 12/10/2005, art. 5 (textes officiels des autorités publiques et simples données)","CONATEL — Conseil National des Télécommunications, liste des stations de radiodiffusion autorisées 2023-2024",année 2023-2024,2026-08-24
radio,RADIO MONOPOLE FM,Rosemila Saint-Vil PETIT-FRERE,,88.5,,,HINCHE,HT0611,Hinche,CENTRE,SRC-058,"Données publiques haïtiennes — décret du 12/10/2005, art. 5 (textes officiels des autorités publiques et simples données)","CONATEL — Conseil National des Télécommunications, liste des stations de radiodiffusion autorisées 2023-2024",année 2023-2024,2026-08-24
radio,RADIO ROSSIGNOL,A.ODON BIEN-AIME,,88.7,,,CERCA CAVAJAL,HT0614,Cerca Carvajal,CENTRE,SRC-058,"Données publiques haïtiennes — décret du 12/10/2005, art. 5 (textes officiels des autorités publiques et simples données)","CONATEL — Conseil National des Télécommunications, liste des stations de radiodiffusion autorisées 2023-2024",année 2023-2024,2026-08-24
radio,RADIO BEUR,WILDEN LAURENT,,88.9,,,Hinche,HT0611,Hinche,CENTRE,SRC-058,"Données publiques haïtiennes — décret du 12/10/2005, art. 5 (textes officiels des autorités publiques et simples données)","CONATEL — Conseil National des Télécommunications, liste des stations de radiodiffusion autorisées 2023-2024",année 2023-2024,2026-08-24
radio,RADIO CANAL 11,JEAN PAUL ELIE,,89.1,,,MIREBALAIS,HT0621,Mirebalais,CENTRE,SRC-058,"Données publiques haïtiennes — décret du 12/10/2005, art. 5 (textes officiels des autorités publiques et simples données)","CONATEL — Conseil National des Télécommunications, liste des stations de radiodiffusion autorisées 2023-2024",année 2023-2024,2026-08-24
radio,Radio PILON FM,Jean-Jacques Yvernso DESCARTES,,89.3,,,HINCHE,HT0611,Hinche,CENTRE,SRC-058,"Données publiques haïtiennes — décret du 12/10/2005, art. 5 (textes officiels des autorités publiques et simples données)","CONATEL — Conseil National des Télécommunications, liste des stations de radiodiffusion autorisées 2023-2024",année 2023-2024,2026-08-24
radio,RADIO MEN FM,JIHA JEAN JUNIOR,,89.5,,,HINCHE,HT0611,Hinche,CENTRE,SRC-058,"Données publiques haïtiennes — décret du 12/10/2005, art. 5 (textes officiels des autorités publiques et simples données)","CONATEL — Conseil National des Télécommunications, liste des stations de radiodiffusion autorisées 2023-2024",année 2023-2024,2026-08-24
radio,Radio VIRAGE,Ralph Junior JEUNE,,89.7,,,HINCHE,HT0611,Hinche,CENTRE,SRC-058,"Données publiques haïtiennes — décret du 12/10/2005, art. 5 (textes officiels des autorités publiques et simples données)","CONATEL — Conseil National des Télécommunications, liste des stations de radiodiffusion autorisées 2023-2024",année 2023-2024,2026-08-24
radio,RADIO VERITE (temporaire),CAMILLE MILFORT,,89.9,,,HINCHE,HT0611,Hinche,CENTRE,SRC-058,"Données publiques haïtiennes — décret du 12/10/2005, art. 5 (textes officiels des autorités publiques et simples données)","CONATEL — Conseil National des Télécommunications, liste des stations de radiodiffusion autorisées 2023-2024",année 2023-2024,2026-08-24
radio,RADIO CHES FM,Nadia Lessage PIERRE/Didier Chelly PIERRE,,90.3,,,HINCHE,HT0611,Hinche,CENTRE,SRC-058,"Données publiques haïtiennes — décret du 12/10/2005, art. 5 (textes officiels des autorités publiques et simples données)","CONATEL — Conseil National des Télécommunications, liste des stations de radiodiffusion autorisées 2023-2024",année 2023-2024,2026-08-24
radio,RADIO CERCA-CAVAJAL,FOBLAS JOSEPH,,90.7,,,CERCA CAVAJAL,HT0614,Cerca Carvajal,CENTRE,SRC-058,"Données publiques haïtiennes — décret du 12/10/2005, art. 5 (textes officiels des autorités publiques et simples données)","CONATEL — Conseil National des Télécommunications, liste des stations de radiodiffusion autorisées 2023-2024",année 2023-2024,2026-08-24
radio,RADIO SIGNAL,SIGNAL S.A.,,91.1,,,HINCHE,HT0611,Hinche,CENTRE,SRC-058,"Données publiques haïtiennes — décret du 12/10/2005, art. 5 (textes officiels des autorités publiques et simples données)","CONATEL — Conseil National des Télécommunications, liste des stations de radiodiffusion autorisées 2023-2024",année 2023-2024,2026-08-24
radio,Radio MILLENAIRE FM,Elimarthe ANGER,,91.3,,,Belladère,HT0632,Belladère,CENTRE,SRC-058,"Données publiques haïtiennes — décret du 12/10/2005, art. 5 (textes officiels des autorités publiques et simples données)","CONATEL — Conseil National des Télécommunications, liste des stations de radiodiffusion autorisées 2023-2024",année 2023-2024,2026-08-24
radio,RADIO TIMOUN,LAFANMI SELAVI,,91.5,,,HINCHE,HT0611,Hinche,CENTRE,SRC-058,"Données publiques haïtiennes — décret du 12/10/2005, art. 5 (textes officiels des autorités publiques et simples données)","CONATEL — Conseil National des Télécommunications, liste des stations de radiodiffusion autorisées 2023-2024",année 2023-2024,2026-08-24
radio,Radio Pacific FM,Micosky POMPILUS,,91.7,,,MIREBALAIS,HT0621,Mirebalais,CENTRE,SRC-058,"Données publiques haïtiennes — décret du 12/10/2005, art. 5 (textes officiels des autorités publiques et simples données)","CONATEL — Conseil National des Télécommunications, liste des stations de radiodiffusion autorisées 2023-2024",année 2023-2024,2026-08-24
radio,RADIO LE PRINCE FM,PHITO GILLES,,91.9,,,HINCHE,HT0611,Hinche,CENTRE,SRC-058,"Données publiques haïtiennes — décret du 12/10/2005, art. 5 (textes officiels des autorités publiques et simples données)","CONATEL — Conseil National des Télécommunications, liste des stations de radiodiffusion autorisées 2023-2024",année 2023-2024,2026-08-24
radio,RADIO ATIS FM,GERALD ABEL,,92.3,,,HINCHE,HT0611,Hinche,CENTRE,SRC-058,"Données publiques haïtiennes — décret du 12/10/2005, art. 5 (textes officiels des autorités publiques et simples données)","CONATEL — Conseil National des Télécommunications, liste des stations de radiodiffusion autorisées 2023-2024",année 2023-2024,2026-08-24
radio,Radio Pacific FM,Micosky POMPILUS,,92.5,,,HINCHE,HT0611,Hinche,CENTRE,SRC-058,"Données publiques haïtiennes — décret du 12/10/2005, art. 5 (textes officiels des autorités publiques et simples données)","CONATEL — Conseil National des Télécommunications, liste des stations de radiodiffusion autorisées 2023-2024",année 2023-2024,2026-08-24
radio,RADIO GINEN,JEAN LUCIEN BORGES,,92.7,,,MIREBALAIS/Hinche,,,CENTRE,SRC-058,"Données publiques haïtiennes — décret du 12/10/2005, art. 5 (textes officiels des autorités publiques et simples données)","CONATEL — Conseil National des Télécommunications, liste des stations de radiodiffusion autorisées 2023-2024",année 2023-2024,2026-08-24
radio,RADIO VANITE FM,Mme Rose-Carline Joseph Montilus,,93.1,,,HINCHE,HT0611,Hinche,CENTRE,SRC-058,"Données publiques haïtiennes — décret du 12/10/2005, art. 5 (textes officiels des autorités publiques et simples données)","CONATEL — Conseil National des Télécommunications, liste des stations de radiodiffusion autorisées 2023-2024",année 2023-2024,2026-08-24
radio,RADIO VICTOIRE,UGUENTZ ELISSE,,94.7,,,MIREBALAIS,HT0621,Mirebalais,CENTRE,SRC-058,"Données publiques haïtiennes — décret du 12/10/2005, art. 5 (textes officiels des autorités publiques et simples données)","CONATEL — Conseil National des Télécommunications, liste des stations de radiodiffusion autorisées 2023-2024",année 2023-2024,2026-08-24
radio,RADIO AYIBOBO FM,Carl Henry Desmornes,,94.9,,,HINCHE,HT0611,Hinche,CENTRE,SRC-058,"Données publiques haïtiennes — décret du 12/10/2005, art. 5 (textes officiels des autorités publiques et simples données)","CONATEL — Conseil National des Télécommunications, liste des stations de radiodiffusion autorisées 2023-2024",année 2023-2024,2026-08-24
radio,RADIO RYTHME FM,SYLVAIN BERNIER,,95.1,,,MIREBALAIS,HT0621,Mirebalais,CENTRE,SRC-058,"Données publiques haïtiennes — décret du 12/10/2005, art. 5 (textes officiels des autorités publiques et simples données)","CONATEL — Conseil National des Télécommunications, liste des stations de radiodiffusion autorisées 2023-2024",année 2023-2024,2026-08-24
radio,TRANS-INFO FM,Volcy JOSEPH,,96.5,,,HINCHE,HT0611,Hinche,CENTRE,SRC-058,"Données publiques haïtiennes — décret du 12/10/2005, art. 5 (textes officiels des autorités publiques et simples données)","CONATEL — Conseil National des Télécommunications, liste des stations de radiodiffusion autorisées 2023-2024",année 2023-2024,2026-08-24
radio,RADIO VISION GLOBALE,YVES PROPHETE,,96.7,,,MIREBALAIS,HT0621,Mirebalais,CENTRE,SRC-058,"Données publiques haïtiennes — décret du 12/10/2005, art. 5 (textes officiels des autorités publiques et simples données)","CONATEL — Conseil National des Télécommunications, liste des stations de radiodiffusion autorisées 2023-2024",année 2023-2024,2026-08-24
radio,RADIO PANIC,ALLAN JUNIOR JOSEPH,,97.5,,,MIREBALAIS,HT0621,Mirebalais,CENTRE,SRC-058,"Données publiques haïtiennes — décret du 12/10/2005, art. 5 (textes officiels des autorités publiques et simples données)","CONATEL — Conseil National des Télécommunications, liste des stations de radiodiffusion autorisées 2023-2024",année 2023-2024,2026-08-24
radio,RADIO TRANPARENCE,ROMUAL SMITH,,98.3,,,SAUT D’EAU,HT0622,Saut d'Eau,CENTRE,SRC-058,"Données publiques haïtiennes — décret du 12/10/2005, art. 5 (textes officiels des autorités publiques et simples données)","CONATEL — Conseil National des Télécommunications, liste des stations de radiodiffusion autorisées 2023-2024",année 2023-2024,2026-08-24
radio,Radio Pacific FM,Micosky POMPILUS,,98.5,,,SAVANETTE,HT0633,Savanette,CENTRE,SRC-058,"Données publiques haïtiennes — décret du 12/10/2005, art. 5 (textes officiels des autorités publiques et simples données)","CONATEL — Conseil National des Télécommunications, liste des stations de radiodiffusion autorisées 2023-2024",année 2023-2024,2026-08-24
radio,RADIO AFRICA FM,NAWOON MARCELLUS,,98.7,,,HINCHE,HT0611,Hinche,CENTRE,SRC-058,"Données publiques haïtiennes — décret du 12/10/2005, art. 5 (textes officiels des autorités publiques et simples données)","CONATEL — Conseil National des Télécommunications, liste des stations de radiodiffusion autorisées 2023-2024",année 2023-2024,2026-08-24
radio,Kingdom RADIO FM,Yves LEONARD,,99.1,,,HINCHE,HT0611,Hinche,CENTRE,SRC-058,"Données publiques haïtiennes — décret du 12/10/2005, art. 5 (textes officiels des autorités publiques et simples données)","CONATEL — Conseil National des Télécommunications, liste des stations de radiodiffusion autorisées 2023-2024",année 2023-2024,2026-08-24
radio,Radio AMITIE FM,Marjory MICHEL,,99.3,,,HINCHE,HT0611,Hinche,CENTRE,SRC-058,"Données publiques haïtiennes — décret du 12/10/2005, art. 5 (textes officiels des autorités publiques et simples données)","CONATEL — Conseil National des Télécommunications, liste des stations de radiodiffusion autorisées 2023-2024",année 2023-2024,2026-08-24
radio,RADIO PUISSANCE FM,LOUISCENE LOUIS,,99.9,,,MIREBALAIS,HT0621,Mirebalais,CENTRE,SRC-058,"Données publiques haïtiennes — décret du 12/10/2005, art. 5 (textes officiels des autorités publiques et simples données)","CONATEL — Conseil National des Télécommunications, liste des stations de radiodiffusion autorisées 2023-2024",année 2023-2024,2026-08-24
radio,RADIO LEVE KANPE,MASNER BEAUPLAN,,100.3,,,HINCHE,HT0611,Hinche,CENTRE,SRC-058,"Données publiques haïtiennes — décret du 12/10/2005, art. 5 (textes officiels des autorités publiques et simples données)","CONATEL — Conseil National des Télécommunications, liste des stations de radiodiffusion autorisées 2023-2024",année 2023-2024,2026-08-24
radio,RADIO ROTATION FM,AMOS DUBOIRANT,,100.5,,,BELLADERE,HT0632,Belladère,CENTRE,SRC-058,"Données publiques haïtiennes — décret du 12/10/2005, art. 5 (textes officiels des autorités publiques et simples données)","CONATEL — Conseil National des Télécommunications, liste des stations de radiodiffusion autorisées 2023-2024",année 2023-2024,2026-08-24
radio,RADIO DIMENSION (temporaire),EMMANUEL ANTOINE,,101.1,,,MIREBALAIS,HT0621,Mirebalais,CENTRE,SRC-058,"Données publiques haïtiennes — décret du 12/10/2005, art. 5 (textes officiels des autorités publiques et simples données)","CONATEL — Conseil National des Télécommunications, liste des stations de radiodiffusion autorisées 2023-2024",année 2023-2024,2026-08-24
radio,RADIO SANTA MARIA FM,WANIQUE PIERRE,,101.3,,,HINCHE,HT0611,Hinche,CENTRE,SRC-058,"Données publiques haïtiennes — décret du 12/10/2005, art. 5 (textes officiels des autorités publiques et simples données)","CONATEL — Conseil National des Télécommunications, liste des stations de radiodiffusion autorisées 2023-2024",année 2023-2024,2026-08-24
radio,Radio Nativité internationale,Ignace St Fleur,,101.7,,,HINCHE/ Mirebalais,,,CENTRE,SRC-058,"Données publiques haïtiennes — décret du 12/10/2005, art. 5 (textes officiels des autorités publiques et simples données)","CONATEL — Conseil National des Télécommunications, liste des stations de radiodiffusion autorisées 2023-2024",année 2023-2024,2026-08-24
radio,RADIO SAMBA,MARIE MICHELLE,,101.9,,,HINCHE,HT0611,Hinche,CENTRE,SRC-058,"Données publiques haïtiennes — décret du 12/10/2005, art. 5 (textes officiels des autorités publiques et simples données)","CONATEL — Conseil National des Télécommunications, liste des stations de radiodiffusion autorisées 2023-2024",année 2023-2024,2026-08-24
radio,RADIO TELE TERRE CIEL,Claudine Emille COLIN,,102.9,,,HINCHE,HT0611,Hinche,CENTRE,SRC-058,"Données publiques haïtiennes — décret du 12/10/2005, art. 5 (textes officiels des autorités publiques et simples données)","CONATEL — Conseil National des Télécommunications, liste des stations de radiodiffusion autorisées 2023-2024",année 2023-2024,2026-08-24
radio,AC RADIO,HERODE AUGUSTIN,,103.1,,,HINCHE,HT0611,Hinche,CENTRE,SRC-058,"Données publiques haïtiennes — décret du 12/10/2005, art. 5 (textes officiels des autorités publiques et simples données)","CONATEL — Conseil National des Télécommunications, liste des stations de radiodiffusion autorisées 2023-2024",année 2023-2024,2026-08-24
radio,RADIO SEVEN STARS,LOUIS MARIE DANIEL,,103.5,,,HINCHE,HT0611,Hinche,CENTRE,SRC-058,"Données publiques haïtiennes — décret du 12/10/2005, art. 5 (textes officiels des autorités publiques et simples données)","CONATEL — Conseil National des Télécommunications, liste des stations de radiodiffusion autorisées 2023-2024",année 2023-2024,2026-08-24
radio,SEVEN STARS,LOUIS MARIE DANIEL,,103.5,,,HINCHE,HT0611,Hinche,CENTRE,SRC-058,"Données publiques haïtiennes — décret du 12/10/2005, art. 5 (textes officiels des autorités publiques et simples données)","CONATEL — Conseil National des Télécommunications, liste des stations de radiodiffusion autorisées 2023-2024",année 2023-2024,2026-08-24
radio,RADIO ATLANTIQUE,EDDY JOHN MARCADIEU,,103.9,,,BELLADERE,HT0632,Belladère,CENTRE,SRC-058,"Données publiques haïtiennes — décret du 12/10/2005, art. 5 (textes officiels des autorités publiques et simples données)","CONATEL — Conseil National des Télécommunications, liste des stations de radiodiffusion autorisées 2023-2024",année 2023-2024,2026-08-24
radio,RADIO ZENITH,RONY COLIN,,104.3,,,HINCHE,HT0611,Hinche,CENTRE,SRC-058,"Données publiques haïtiennes — décret du 12/10/2005, art. 5 (textes officiels des autorités publiques et simples données)","CONATEL — Conseil National des Télécommunications, liste des stations de radiodiffusion autorisées 2023-2024",année 2023-2024,2026-08-24
radio,RADIO Target FM,Myrlande MATHIEU,,104.7,,,HINCHE,HT0611,Hinche,CENTRE,SRC-058,"Données publiques haïtiennes — décret du 12/10/2005, art. 5 (textes officiels des autorités publiques et simples données)","CONATEL — Conseil National des Télécommunications, liste des stations de radiodiffusion autorisées 2023-2024",année 2023-2024,2026-08-24
radio,RADIO IMMACULEE CONCEPTION,EVECHE DE HINCHE,,105.3,,,HINCHE,HT0611,Hinche,CENTRE,SRC-058,"Données publiques haïtiennes — décret du 12/10/2005, art. 5 (textes officiels des autorités publiques et simples données)","CONATEL — Conseil National des Télécommunications, liste des stations de radiodiffusion autorisées 2023-2024",année 2023-2024,2026-08-24
radio,RADIO HAITI NATION (temporaire),RENAL LIBERUS,,105.5,,,BELLADERE,HT0632,Belladère,CENTRE,SRC-058,"Données publiques haïtiennes — décret du 12/10/2005, art. 5 (textes officiels des autorités publiques et simples données)","CONATEL — Conseil National des Télécommunications, liste des stations de radiodiffusion autorisées 2023-2024",année 2023-2024,2026-08-24
radio,RADIO LELEONLINE FM,Wesley JEAN,,105.7,,,HINCHE,HT0611,Hinche,CENTRE,SRC-058,"Données publiques haïtiennes — décret du 12/10/2005, art. 5 (textes officiels des autorités publiques et simples données)","CONATEL — Conseil National des Télécommunications, liste des stations de radiodiffusion autorisées 2023-2024",année 2023-2024,2026-08-24
radio,RADIO ECHO DE LA SAGESSE CHRETIENNE,LUC FLORESTAL,,106.3,,,LASCAHOBAS,HT0631,Lascahobas,CENTRE,SRC-058,"Données publiques haïtiennes — décret du 12/10/2005, art. 5 (textes officiels des autorités publiques et simples données)","CONATEL — Conseil National des Télécommunications, liste des stations de radiodiffusion autorisées 2023-2024",année 2023-2024,2026-08-24
radio,RADIO SANS SOUCI,IVES MARIE CHANEL,,106.7,,,HINCHE,HT0611,Hinche,CENTRE,SRC-058,"Données publiques haïtiennes — décret du 12/10/2005, art. 5 (textes officiels des autorités publiques et simples données)","CONATEL — Conseil National des Télécommunications, liste des stations de radiodiffusion autorisées 2023-2024",année 2023-2024,2026-08-24
radio,Radio tele Shekinah,GREGORY TOUSSAINT,,107.9,,,Hinche,HT0611,Hinche,CENTRE,SRC-058,"Données publiques haïtiennes — décret du 12/10/2005, art. 5 (textes officiels des autorités publiques et simples données)","CONATEL — Conseil National des Télécommunications, liste des stations de radiodiffusion autorisées 2023-2024",année 2023-2024,2026-08-24
radio,RADIO POPULAIRE DE BELLE ANSE,RENE MONPLAISIR,,88.5,,,BELLE ANSE,HT0231,Belle-Anse,SUD-EST,SRC-058,"Données publiques haïtiennes — décret du 12/10/2005, art. 5 (textes officiels des autorités publiques et simples données)","CONATEL — Conseil National des Télécommunications, liste des stations de radiodiffusion autorisées 2023-2024",année 2023-2024,2026-08-24
radio,RADIO WAVE,MERCIUS DORVILUS,,88.7,,,JACMEL,HT0211,Jacmel,SUD-EST,SRC-058,"Données publiques haïtiennes — décret du 12/10/2005, art. 5 (textes officiels des autorités publiques et simples données)","CONATEL — Conseil National des Télécommunications, liste des stations de radiodiffusion autorisées 2023-2024",année 2023-2024,2026-08-24
radio,RADIO EXPRESS,M. JEAN FRANCOIS VERDIER,,88.9,,,JACMEL,HT0211,Jacmel,SUD-EST,SRC-058,"Données publiques haïtiennes — décret du 12/10/2005, art. 5 (textes officiels des autorités publiques et simples données)","CONATEL — Conseil National des Télécommunications, liste des stations de radiodiffusion autorisées 2023-2024",année 2023-2024,2026-08-24
radio,RADIO MONOPOLE FM,Rosemila Saint-Vil PETIT-FRERE,,89.1,,,JACMEL,HT0211,Jacmel,SUD-EST,SRC-058,"Données publiques haïtiennes — décret du 12/10/2005, art. 5 (textes officiels des autorités publiques et simples données)","CONATEL — Conseil National des Télécommunications, liste des stations de radiodiffusion autorisées 2023-2024",année 2023-2024,2026-08-24
radio,RADIO SUD ESTAR,JESULA DOMOND LAMBERT,,89.3,,,JACMEL,HT0211,Jacmel,SUD-EST,SRC-058,"Données publiques haïtiennes — décret du 12/10/2005, art. 5 (textes officiels des autorités publiques et simples données)","CONATEL — Conseil National des Télécommunications, liste des stations de radiodiffusion autorisées 2023-2024",année 2023-2024,2026-08-24
radio,RADIO BEUR,WILDEN LAURENT,,89.5,,,JACMEL,HT0211,Jacmel,SUD-EST,SRC-058,"Données publiques haïtiennes — décret du 12/10/2005, art. 5 (textes officiels des autorités publiques et simples données)","CONATEL — Conseil National des Télécommunications, liste des stations de radiodiffusion autorisées 2023-2024",année 2023-2024,2026-08-24
radio,RADIO NEGRITUDE,WILNET CONTENT,,89.7,,,JACMEL,HT0211,Jacmel,SUD-EST,SRC-058,"Données publiques haïtiennes — décret du 12/10/2005, art. 5 (textes officiels des autorités publiques et simples données)","CONATEL — Conseil National des Télécommunications, liste des stations de radiodiffusion autorisées 2023-2024",année 2023-2024,2026-08-24
radio,RADIO VANITE FM,Mme Rose-Carline Joseph Montilus,,89.9,,,Jacmel,HT0211,Jacmel,SUD-EST,SRC-058,"Données publiques haïtiennes — décret du 12/10/2005, art. 5 (textes officiels des autorités publiques et simples données)","CONATEL — Conseil National des Télécommunications, liste des stations de radiodiffusion autorisées 2023-2024",année 2023-2024,2026-08-24
radio,RADIO LAVALLE FM,JEAN JUNIOR RUTHCHI PAYEN,,90.1,,,JACMEL,HT0211,Jacmel,SUD-EST,SRC-058,"Données publiques haïtiennes — décret du 12/10/2005, art. 5 (textes officiels des autorités publiques et simples données)","CONATEL — Conseil National des Télécommunications, liste des stations de radiodiffusion autorisées 2023-2024",année 2023-2024,2026-08-24
radio,RADIO TIMOUN,LAFANMI SELAVI,,90.3,,,JACMEL,HT0211,Jacmel,SUD-EST,SRC-058,"Données publiques haïtiennes — décret du 12/10/2005, art. 5 (textes officiels des autorités publiques et simples données)","CONATEL — Conseil National des Télécommunications, liste des stations de radiodiffusion autorisées 2023-2024",année 2023-2024,2026-08-24
radio,Radio AMITIE FM,Marjory MICHEL,,90.5,,,JACMEL,HT0211,Jacmel,SUD-EST,SRC-058,"Données publiques haïtiennes — décret du 12/10/2005, art. 5 (textes officiels des autorités publiques et simples données)","CONATEL — Conseil National des Télécommunications, liste des stations de radiodiffusion autorisées 2023-2024",année 2023-2024,2026-08-24
radio,RADIO AYIBOBO FM,Carl Henry Desmornes,,90.7,,,JACMEL,HT0211,Jacmel,SUD-EST,SRC-058,"Données publiques haïtiennes — décret du 12/10/2005, art. 5 (textes officiels des autorités publiques et simples données)","CONATEL — Conseil National des Télécommunications, liste des stations de radiodiffusion autorisées 2023-2024",année 2023-2024,2026-08-24
radio,RADIO VISION 2000,MULTIPRESSE S.A.,,90.9,,,JACMEL,HT0211,Jacmel,SUD-EST,SRC-058,"Données publiques haïtiennes — décret du 12/10/2005, art. 5 (textes officiels des autorités publiques et simples données)","CONATEL — Conseil National des Télécommunications, liste des stations de radiodiffusion autorisées 2023-2024",année 2023-2024,2026-08-24
radio,Radio PILON FM,Jean-Jacques Yvernso DESCARTES,,91.1,,,JACMEL,HT0211,Jacmel,SUD-EST,SRC-058,"Données publiques haïtiennes — décret du 12/10/2005, art. 5 (textes officiels des autorités publiques et simples données)","CONATEL — Conseil National des Télécommunications, liste des stations de radiodiffusion autorisées 2023-2024",année 2023-2024,2026-08-24
radio,RADIODIFFUSION VALLEENNE,CODEVA,,91.3,,,LA VALLEE JACMEL,HT0214,La Vallée,SUD-EST,SRC-058,"Données publiques haïtiennes — décret du 12/10/2005, art. 5 (textes officiels des autorités publiques et simples données)","CONATEL — Conseil National des Télécommunications, liste des stations de radiodiffusion autorisées 2023-2024",année 2023-2024,2026-08-24
radio,Radio RENOVATION FM,BASTIN LESMAUS,,91.5,,,Jacmel,HT0211,Jacmel,SUD-EST,SRC-058,"Données publiques haïtiennes — décret du 12/10/2005, art. 5 (textes officiels des autorités publiques et simples données)","CONATEL — Conseil National des Télécommunications, liste des stations de radiodiffusion autorisées 2023-2024",année 2023-2024,2026-08-24
radio,RADIO ESTRELLA FM,MACDAMENE CROICHY,,91.7,,,JACMEL,HT0211,Jacmel,SUD-EST,SRC-058,"Données publiques haïtiennes — décret du 12/10/2005, art. 5 (textes officiels des autorités publiques et simples données)","CONATEL — Conseil National des Télécommunications, liste des stations de radiodiffusion autorisées 2023-2024",année 2023-2024,2026-08-24
radio,RADIO FUN FM,JEAN RONY LUNDY,,91.9,,,JACMEL,HT0211,Jacmel,SUD-EST,SRC-058,"Données publiques haïtiennes — décret du 12/10/2005, art. 5 (textes officiels des autorités publiques et simples données)","CONATEL — Conseil National des Télécommunications, liste des stations de radiodiffusion autorisées 2023-2024",année 2023-2024,2026-08-24
radio,Radio VIRAGE,Ralph Junior JEUNE,,92.1,,,Jacmel,HT0211,Jacmel,SUD-EST,SRC-058,"Données publiques haïtiennes — décret du 12/10/2005, art. 5 (textes officiels des autorités publiques et simples données)","CONATEL — Conseil National des Télécommunications, liste des stations de radiodiffusion autorisées 2023-2024",année 2023-2024,2026-08-24
radio,RADIO COLLECTIF SUD-EST,ERLINE BOUZY,,92.3,,,JACMEL,HT0211,Jacmel,SUD-EST,SRC-058,"Données publiques haïtiennes — décret du 12/10/2005, art. 5 (textes officiels des autorités publiques et simples données)","CONATEL — Conseil National des Télécommunications, liste des stations de radiodiffusion autorisées 2023-2024",année 2023-2024,2026-08-24
radio,RADIO SIGNAL,MARIO VIAU,,92.5,,,JACMEL,HT0211,Jacmel,SUD-EST,SRC-058,"Données publiques haïtiennes — décret du 12/10/2005, art. 5 (textes officiels des autorités publiques et simples données)","CONATEL — Conseil National des Télécommunications, liste des stations de radiodiffusion autorisées 2023-2024",année 2023-2024,2026-08-24
radio,Radio Pacific FM,Micosky POMPILUS,,92.7,,,BELLE ANSE,HT0231,Belle-Anse,SUD-EST,SRC-058,"Données publiques haïtiennes — décret du 12/10/2005, art. 5 (textes officiels des autorités publiques et simples données)","CONATEL — Conseil National des Télécommunications, liste des stations de radiodiffusion autorisées 2023-2024",année 2023-2024,2026-08-24
radio,RADIO GINEN,JEAN LUCIEN BORGES,,92.9,,,JACMEL,HT0211,Jacmel,SUD-EST,SRC-058,"Données publiques haïtiennes — décret du 12/10/2005, art. 5 (textes officiels des autorités publiques et simples données)","CONATEL — Conseil National des Télécommunications, liste des stations de radiodiffusion autorisées 2023-2024",année 2023-2024,2026-08-24
radio,RADIO TELE NURA FM,Dieuline JOSEPH,,93.1,,,JACMEL,HT0211,Jacmel,SUD-EST,SRC-058,"Données publiques haïtiennes — décret du 12/10/2005, art. 5 (textes officiels des autorités publiques et simples données)","CONATEL — Conseil National des Télécommunications, liste des stations de radiodiffusion autorisées 2023-2024",année 2023-2024,2026-08-24
radio,RADIO AMBIANCE,PROSPER CALIXTE,,93.3,,,JACMEL,HT0211,Jacmel,SUD-EST,SRC-058,"Données publiques haïtiennes — décret du 12/10/2005, art. 5 (textes officiels des autorités publiques et simples données)","CONATEL — Conseil National des Télécommunications, liste des stations de radiodiffusion autorisées 2023-2024",année 2023-2024,2026-08-24
radio,Radio Pacific FM,Micosky POMPILUS,,93.7,,,Jacmel,HT0211,Jacmel,SUD-EST,SRC-058,"Données publiques haïtiennes — décret du 12/10/2005, art. 5 (textes officiels des autorités publiques et simples données)","CONATEL — Conseil National des Télécommunications, liste des stations de radiodiffusion autorisées 2023-2024",année 2023-2024,2026-08-24
radio,RADIO EPHATA,EVECHE DE JACMEL,,93.9,,,JACMEL,HT0211,Jacmel,SUD-EST,SRC-058,"Données publiques haïtiennes — décret du 12/10/2005, art. 5 (textes officiels des autorités publiques et simples données)","CONATEL — Conseil National des Télécommunications, liste des stations de radiodiffusion autorisées 2023-2024",année 2023-2024,2026-08-24
radio,RADIO SEMENCES FM,PAULIN MARC,,94.3,,,JACMEL,HT0211,Jacmel,SUD-EST,SRC-058,"Données publiques haïtiennes — décret du 12/10/2005, art. 5 (textes officiels des autorités publiques et simples données)","CONATEL — Conseil National des Télécommunications, liste des stations de radiodiffusion autorisées 2023-2024",année 2023-2024,2026-08-24
radio,RADIO BELLE ANSE,COMMUNAUTE DE BELLE ANSE,,94.9,,,BELLE ANSE,HT0231,Belle-Anse,SUD-EST,SRC-058,"Données publiques haïtiennes — décret du 12/10/2005, art. 5 (textes officiels des autorités publiques et simples données)","CONATEL — Conseil National des Télécommunications, liste des stations de radiodiffusion autorisées 2023-2024",année 2023-2024,2026-08-24
radio,RADIO RTSI (temporaire),WENCESSCLASS LAMBERT,,95.1,,,JACMEL,HT0211,Jacmel,SUD-EST,SRC-058,"Données publiques haïtiennes — décret du 12/10/2005, art. 5 (textes officiels des autorités publiques et simples données)","CONATEL — Conseil National des Télécommunications, liste des stations de radiodiffusion autorisées 2023-2024",année 2023-2024,2026-08-24
radio,RADIO CHES FM,Nadia Lessage PIERRE/Didier Chelly PIERRE,,95.5,,,JACMEL,HT0211,Jacmel,SUD-EST,SRC-058,"Données publiques haïtiennes — décret du 12/10/2005, art. 5 (textes officiels des autorités publiques et simples données)","CONATEL — Conseil National des Télécommunications, liste des stations de radiodiffusion autorisées 2023-2024",année 2023-2024,2026-08-24
radio,TRANS-INFO FM,Volcy JOSEPH,,96.3,,,JACMEL,HT0211,Jacmel,SUD-EST,SRC-058,"Données publiques haïtiennes — décret du 12/10/2005, art. 5 (textes officiels des autorités publiques et simples données)","CONATEL — Conseil National des Télécommunications, liste des stations de radiodiffusion autorisées 2023-2024",année 2023-2024,2026-08-24
radio,RADIO RCH 2000,MARIE NERLANDE LAMRTHE,,96.5,,,JACMEL,HT0211,Jacmel,SUD-EST,SRC-058,"Données publiques haïtiennes — décret du 12/10/2005, art. 5 (textes officiels des autorités publiques et simples données)","CONATEL — Conseil National des Télécommunications, liste des stations de radiodiffusion autorisées 2023-2024",année 2023-2024,2026-08-24
radio,RFI,MARIE CHRISTINE BUSSENIUS,,96.9,,,JACMEL,HT0211,Jacmel,SUD-EST,SRC-058,"Données publiques haïtiennes — décret du 12/10/2005, art. 5 (textes officiels des autorités publiques et simples données)","CONATEL — Conseil National des Télécommunications, liste des stations de radiodiffusion autorisées 2023-2024",année 2023-2024,2026-08-24
radio,RADIO VWA PEP SIDES,JEAN HECTHOR ANCACIS,,97.3,,,JACMEL,HT0211,Jacmel,SUD-EST,SRC-058,"Données publiques haïtiennes — décret du 12/10/2005, art. 5 (textes officiels des autorités publiques et simples données)","CONATEL — Conseil National des Télécommunications, liste des stations de radiodiffusion autorisées 2023-2024",année 2023-2024,2026-08-24
radio,RADIO METRONOME,DIEUSEUL GUERRIER,,97.5,,,JACMEL,HT0211,Jacmel,SUD-EST,SRC-058,"Données publiques haïtiennes — décret du 12/10/2005, art. 5 (textes officiels des autorités publiques et simples données)","CONATEL — Conseil National des Télécommunications, liste des stations de radiodiffusion autorisées 2023-2024",année 2023-2024,2026-08-24
radio,RADIO TRANS INTER,DANY VALET,,97.7,,,JACMEL,HT0211,Jacmel,SUD-EST,SRC-058,"Données publiques haïtiennes — décret du 12/10/2005, art. 5 (textes officiels des autorités publiques et simples données)","CONATEL — Conseil National des Télécommunications, liste des stations de radiodiffusion autorisées 2023-2024",année 2023-2024,2026-08-24
radio,RADIO MAXIMA,JEAN ROBERT LALANE,,98.1,,,JACMEL,HT0211,Jacmel,SUD-EST,SRC-058,"Données publiques haïtiennes — décret du 12/10/2005, art. 5 (textes officiels des autorités publiques et simples données)","CONATEL — Conseil National des Télécommunications, liste des stations de radiodiffusion autorisées 2023-2024",année 2023-2024,2026-08-24
radio,RADIO CONCORDIA INTERNATIONALE,MARKY KESSA,,98.5,,,JACMEL,HT0211,Jacmel,SUD-EST,SRC-058,"Données publiques haïtiennes — décret du 12/10/2005, art. 5 (textes officiels des autorités publiques et simples données)","CONATEL — Conseil National des Télécommunications, liste des stations de radiodiffusion autorisées 2023-2024",année 2023-2024,2026-08-24
radio,RADIO VIBRATION INTER,ALIX MICHEL,,98.7,,,JACMEL,HT0211,Jacmel,SUD-EST,SRC-058,"Données publiques haïtiennes — décret du 12/10/2005, art. 5 (textes officiels des autorités publiques et simples données)","CONATEL — Conseil National des Télécommunications, liste des stations de radiodiffusion autorisées 2023-2024",année 2023-2024,2026-08-24
radio,RADIO PEP (temporaire),MEDJINE JESSIE RATON,,99.1,,,JACMEL,HT0211,Jacmel,SUD-EST,SRC-058,"Données publiques haïtiennes — décret du 12/10/2005, art. 5 (textes officiels des autorités publiques et simples données)","CONATEL — Conseil National des Télécommunications, liste des stations de radiodiffusion autorisées 2023-2024",année 2023-2024,2026-08-24
radio,RADIO NATIVITE INTERNATIONALE,IGNACE ST FLEUR,,99.5,,,JACMEL,HT0211,Jacmel,SUD-EST,SRC-058,"Données publiques haïtiennes — décret du 12/10/2005, art. 5 (textes officiels des autorités publiques et simples données)","CONATEL — Conseil National des Télécommunications, liste des stations de radiodiffusion autorisées 2023-2024",année 2023-2024,2026-08-24
radio,RADIO FLAMBO,MAGLOIRE CRISPIN,,99.7,,,CAYES-JACMEL,HT0213,Cayes-Jacmel,SUD-EST,SRC-058,"Données publiques haïtiennes — décret du 12/10/2005, art. 5 (textes officiels des autorités publiques et simples données)","CONATEL — Conseil National des Télécommunications, liste des stations de radiodiffusion autorisées 2023-2024",année 2023-2024,2026-08-24
radio,RADIO JACMEL INTER,WENDEL THEODORE,,100.1,,,JACMEL,HT0211,Jacmel,SUD-EST,SRC-058,"Données publiques haïtiennes — décret du 12/10/2005, art. 5 (textes officiels des autorités publiques et simples données)","CONATEL — Conseil National des Télécommunications, liste des stations de radiodiffusion autorisées 2023-2024",année 2023-2024,2026-08-24
radio,RADYO MONT CARMEL,JUDE CELESTIN,,100.3,,,THIOTTE,HT0233,Thiotte,SUD-EST,SRC-058,"Données publiques haïtiennes — décret du 12/10/2005, art. 5 (textes officiels des autorités publiques et simples données)","CONATEL — Conseil National des Télécommunications, liste des stations de radiodiffusion autorisées 2023-2024",année 2023-2024,2026-08-24
radio,RADIO VISION DES JEUNES,DEUS DERONNETH,,100.5,,,MARIGOT,HT0212,Marigot,SUD-EST,SRC-058,"Données publiques haïtiennes — décret du 12/10/2005, art. 5 (textes officiels des autorités publiques et simples données)","CONATEL — Conseil National des Télécommunications, liste des stations de radiodiffusion autorisées 2023-2024",année 2023-2024,2026-08-24
radio,RADIO RENDEZ-VOUS,JEAN JACQUES,,100.9,,,JACMEL,HT0211,Jacmel,SUD-EST,SRC-058,"Données publiques haïtiennes — décret du 12/10/2005, art. 5 (textes officiels des autorités publiques et simples données)","CONATEL — Conseil National des Télécommunications, liste des stations de radiodiffusion autorisées 2023-2024",année 2023-2024,2026-08-24
radio,RADIO SANTA MARIA FM,WANIQUE PIERRE,,101.3,,,JACMEL,HT0211,Jacmel,SUD-EST,SRC-058,"Données publiques haïtiennes — décret du 12/10/2005, art. 5 (textes officiels des autorités publiques et simples données)","CONATEL — Conseil National des Télécommunications, liste des stations de radiodiffusion autorisées 2023-2024",année 2023-2024,2026-08-24
radio,RADIO ZENITH,RONY COLIN,,101.7,,,JACMEL,HT0211,Jacmel,SUD-EST,SRC-058,"Données publiques haïtiennes — décret du 12/10/2005, art. 5 (textes officiels des autorités publiques et simples données)","CONATEL — Conseil National des Télécommunications, liste des stations de radiodiffusion autorisées 2023-2024",année 2023-2024,2026-08-24
radio,RADIO SAMBA,MarieMichelle sheilaCharlestin,,101.9,,,JAMEL,HT0211,Jacmel,SUD-EST,SRC-058,"Données publiques haïtiennes — décret du 12/10/2005, art. 5 (textes officiels des autorités publiques et simples données)","CONATEL — Conseil National des Télécommunications, liste des stations de radiodiffusion autorisées 2023-2024",année 2023-2024,2026-08-24
radio,RADIO MARBRAL INTER,SHILLER DOMOND,,102.1,,,JACMEL,HT0211,Jacmel,SUD-EST,SRC-058,"Données publiques haïtiennes — décret du 12/10/2005, art. 5 (textes officiels des autorités publiques et simples données)","CONATEL — Conseil National des Télécommunications, liste des stations de radiodiffusion autorisées 2023-2024",année 2023-2024,2026-08-24
radio,RADIO ATIS FM,GERALD ABEL,,102.3,,,JACMEL,HT0211,Jacmel,SUD-EST,SRC-058,"Données publiques haïtiennes — décret du 12/10/2005, art. 5 (textes officiels des autorités publiques et simples données)","CONATEL — Conseil National des Télécommunications, liste des stations de radiodiffusion autorisées 2023-2024",année 2023-2024,2026-08-24
radio,RADIO HEXAGOM,MIGUELLINE GASPARD,,102.9,,,JACMEL,HT0211,Jacmel,SUD-EST,SRC-058,"Données publiques haïtiennes — décret du 12/10/2005, art. 5 (textes officiels des autorités publiques et simples données)","CONATEL — Conseil National des Télécommunications, liste des stations de radiodiffusion autorisées 2023-2024",année 2023-2024,2026-08-24
radio,AC RADIO,HERODE AUGUSTIN,,103.5,,,JACMEL,HT0211,Jacmel,SUD-EST,SRC-058,"Données publiques haïtiennes — décret du 12/10/2005, art. 5 (textes officiels des autorités publiques et simples données)","CONATEL — Conseil National des Télécommunications, liste des stations de radiodiffusion autorisées 2023-2024",année 2023-2024,2026-08-24
radio,CARIBEAN BROADCASTING SYSTEM,HENOCK GUSTAVE,,104.1,,,JACMEL,HT0211,Jacmel,SUD-EST,SRC-058,"Données publiques haïtiennes — décret du 12/10/2005, art. 5 (textes officiels des autorités publiques et simples données)","CONATEL — Conseil National des Télécommunications, liste des stations de radiodiffusion autorisées 2023-2024",année 2023-2024,2026-08-24
radio,RADIO TELE TERRE CIEL,Claudine Emille COLIN,,104.5,,,JACMEL,HT0211,Jacmel,SUD-EST,SRC-058,"Données publiques haïtiennes — décret du 12/10/2005, art. 5 (textes officiels des autorités publiques et simples données)","CONATEL — Conseil National des Télécommunications, liste des stations de radiodiffusion autorisées 2023-2024",année 2023-2024,2026-08-24
radio,Radio Targett FM,Mirlande Mathieu,,105.5,,,JACMEL,HT0211,Jacmel,SUD-EST,SRC-058,"Données publiques haïtiennes — décret du 12/10/2005, art. 5 (textes officiels des autorités publiques et simples données)","CONATEL — Conseil National des Télécommunications, liste des stations de radiodiffusion autorisées 2023-2024",année 2023-2024,2026-08-24
radio,RADIO NATIONALE D’HAITI,ETAT,,105.7,,,JACMEL,HT0211,Jacmel,SUD-EST,SRC-058,"Données publiques haïtiennes — décret du 12/10/2005, art. 5 (textes officiels des autorités publiques et simples données)","CONATEL — Conseil National des Télécommunications, liste des stations de radiodiffusion autorisées 2023-2024",année 2023-2024,2026-08-24
radio,Radio Veronica FM,Marie Veronique Pierre,,106.1,,,Marigot,HT0212,Marigot,SUD-EST,SRC-058,"Données publiques haïtiennes — décret du 12/10/2005, art. 5 (textes officiels des autorités publiques et simples données)","CONATEL — Conseil National des Télécommunications, liste des stations de radiodiffusion autorisées 2023-2024",année 2023-2024,2026-08-24
radio,Kingdom RADIO FM,Yves LEONARD,,106.3,,,JACMEL,HT0211,Jacmel,SUD-EST,SRC-058,"Données publiques haïtiennes — décret du 12/10/2005, art. 5 (textes officiels des autorités publiques et simples données)","CONATEL — Conseil National des Télécommunications, liste des stations de radiodiffusion autorisées 2023-2024",année 2023-2024,2026-08-24
radio,Radio Evangelique des rachetés,Dieufort Hilaire,,106.5,,,JACMEL,HT0211,Jacmel,SUD-EST,SRC-058,"Données publiques haïtiennes — décret du 12/10/2005, art. 5 (textes officiels des autorités publiques et simples données)","CONATEL — Conseil National des Télécommunications, liste des stations de radiodiffusion autorisées 2023-2024",année 2023-2024,2026-08-24
radio,Radio tele Shekinah,GREGORY TOUSSAINT,,107.9,,,JACMEL,HT0211,Jacmel,SUD-EST,SRC-058,"Données publiques haïtiennes — décret du 12/10/2005, art. 5 (textes officiels des autorités publiques et simples données)","CONATEL — Conseil National des Télécommunications, liste des stations de radiodiffusion autorisées 2023-2024",année 2023-2024,2026-08-24
radio,RADIO INFO+,NOUVELLE TECH INFO TELECO 8 S.A.,,88.5,,,CAYES,HT0711,Les Cayes,SUD,SRC-058,"Données publiques haïtiennes — décret du 12/10/2005, art. 5 (textes officiels des autorités publiques et simples données)","CONATEL — Conseil National des Télécommunications, liste des stations de radiodiffusion autorisées 2023-2024",année 2023-2024,2026-08-24
radio,Radio IKAK FM,Pascal CHARLES,,88.7,,,Torbeck,HT0712,Torbeck,SUD,SRC-058,"Données publiques haïtiennes — décret du 12/10/2005, art. 5 (textes officiels des autorités publiques et simples données)","CONATEL — Conseil National des Télécommunications, liste des stations de radiodiffusion autorisées 2023-2024",année 2023-2024,2026-08-24
radio,RADIO PLATINUM,VALERY NUMA,,88.9,,,CAMP-PERRIN,HT0714,Camp-Perrin,SUD,SRC-058,"Données publiques haïtiennes — décret du 12/10/2005, art. 5 (textes officiels des autorités publiques et simples données)","CONATEL — Conseil National des Télécommunications, liste des stations de radiodiffusion autorisées 2023-2024",année 2023-2024,2026-08-24
radio,Radio TRIPLE J. PLUS,Johanna Paul ISAAC,,89.3,,,CAYES,HT0711,Les Cayes,SUD,SRC-058,"Données publiques haïtiennes — décret du 12/10/2005, art. 5 (textes officiels des autorités publiques et simples données)","CONATEL — Conseil National des Télécommunications, liste des stations de radiodiffusion autorisées 2023-2024",année 2023-2024,2026-08-24
radio,Radio BOLO FM,Jean Junior BOUTIN,,89.5,,,CAYES,HT0711,Les Cayes,SUD,SRC-058,"Données publiques haïtiennes — décret du 12/10/2005, art. 5 (textes officiels des autorités publiques et simples données)","CONATEL — Conseil National des Télécommunications, liste des stations de radiodiffusion autorisées 2023-2024",année 2023-2024,2026-08-24
radio,RADIO VOIX DE L’ESPERANCE,MISSION DES ADVENTISTES,,89.7,,,CAYES,HT0711,Les Cayes,SUD,SRC-058,"Données publiques haïtiennes — décret du 12/10/2005, art. 5 (textes officiels des autorités publiques et simples données)","CONATEL — Conseil National des Télécommunications, liste des stations de radiodiffusion autorisées 2023-2024",année 2023-2024,2026-08-24
radio,RADIO BEUR FM,WILDEN LAURENT,,89.9,,,CAYES,HT0711,Les Cayes,SUD,SRC-058,"Données publiques haïtiennes — décret du 12/10/2005, art. 5 (textes officiels des autorités publiques et simples données)","CONATEL — Conseil National des Télécommunications, liste des stations de radiodiffusion autorisées 2023-2024",année 2023-2024,2026-08-24
radio,RADIO ONE,LEO DE VASTY,,90.1,,,CAYES,HT0711,Les Cayes,SUD,SRC-058,"Données publiques haïtiennes — décret du 12/10/2005, art. 5 (textes officiels des autorités publiques et simples données)","CONATEL — Conseil National des Télécommunications, liste des stations de radiodiffusion autorisées 2023-2024",année 2023-2024,2026-08-24
radio,Radio PILON FM,Jean-Jacques Yvernso DESCARTES,,90.3,,,CAYES,HT0711,Les Cayes,SUD,SRC-058,"Données publiques haïtiennes — décret du 12/10/2005, art. 5 (textes officiels des autorités publiques et simples données)","CONATEL — Conseil National des Télécommunications, liste des stations de radiodiffusion autorisées 2023-2024",année 2023-2024,2026-08-24
radio,RADIO GRAND SUD (RTGS),RICHIE FRITNER CHARLES,,90.5,,,CAYES,HT0711,Les Cayes,SUD,SRC-058,"Données publiques haïtiennes — décret du 12/10/2005, art. 5 (textes officiels des autorités publiques et simples données)","CONATEL — Conseil National des Télécommunications, liste des stations de radiodiffusion autorisées 2023-2024",année 2023-2024,2026-08-24
radio,RADIO TIMOUN,FONDASYON ARISTIDE,oui,90.7,,,CAYES,HT0711,Les Cayes,SUD,SRC-058,"Données publiques haïtiennes — décret du 12/10/2005, art. 5 (textes officiels des autorités publiques et simples données)","CONATEL — Conseil National des Télécommunications, liste des stations de radiodiffusion autorisées 2023-2024",année 2023-2024,2026-08-24
radio,RADIO LUMIERE,MEBSH,,90.9,,,CAYES,HT0711,Les Cayes,SUD,SRC-058,"Données publiques haïtiennes — décret du 12/10/2005, art. 5 (textes officiels des autorités publiques et simples données)","CONATEL — Conseil National des Télécommunications, liste des stations de radiodiffusion autorisées 2023-2024",année 2023-2024,2026-08-24
radio,RADIO SIGNAL,MARIO VIAU,,91.3,,,CAYES,HT0711,Les Cayes,SUD,SRC-058,"Données publiques haïtiennes — décret du 12/10/2005, art. 5 (textes officiels des autorités publiques et simples données)","CONATEL — Conseil National des Télécommunications, liste des stations de radiodiffusion autorisées 2023-2024",année 2023-2024,2026-08-24
radio,RADIO Joyce FM,Wolf CADET,,91.5,,,CAYES,HT0711,Les Cayes,SUD,SRC-058,"Données publiques haïtiennes — décret du 12/10/2005, art. 5 (textes officiels des autorités publiques et simples données)","CONATEL — Conseil National des Télécommunications, liste des stations de radiodiffusion autorisées 2023-2024",année 2023-2024,2026-08-24
radio,RADIO HOSANA,JOSEPH IGNACE AUGUSTIN,,91.7,,,CAYES,HT0711,Les Cayes,SUD,SRC-058,"Données publiques haïtiennes — décret du 12/10/2005, art. 5 (textes officiels des autorités publiques et simples données)","CONATEL — Conseil National des Télécommunications, liste des stations de radiodiffusion autorisées 2023-2024",année 2023-2024,2026-08-24
radio,RADIO TRACAGE (temporaire),JEAN PRICE CADET,,91.9,,,PORT-SALUT,HT0721,Port-Salut,SUD,SRC-058,"Données publiques haïtiennes — décret du 12/10/2005, art. 5 (textes officiels des autorités publiques et simples données)","CONATEL — Conseil National des Télécommunications, liste des stations de radiodiffusion autorisées 2023-2024",année 2023-2024,2026-08-24
radio,RADIO JERICHO,ETIENNE ANDRE FRANEL,,92.1,,,CAYES,HT0711,Les Cayes,SUD,SRC-058,"Données publiques haïtiennes — décret du 12/10/2005, art. 5 (textes officiels des autorités publiques et simples données)","CONATEL — Conseil National des Télécommunications, liste des stations de radiodiffusion autorisées 2023-2024",année 2023-2024,2026-08-24
radio,RADIO TIBURON,COMMUNAUTAIRE,,92.3,,,TIBURON,HT0753,Tiburon,SUD,SRC-058,"Données publiques haïtiennes — décret du 12/10/2005, art. 5 (textes officiels des autorités publiques et simples données)","CONATEL — Conseil National des Télécommunications, liste des stations de radiodiffusion autorisées 2023-2024",année 2023-2024,2026-08-24
radio,Radio Nativité internationale,Ignace St Fleur,,92.5,,,CAYES,HT0711,Les Cayes,SUD,SRC-058,"Données publiques haïtiennes — décret du 12/10/2005, art. 5 (textes officiels des autorités publiques et simples données)","CONATEL — Conseil National des Télécommunications, liste des stations de radiodiffusion autorisées 2023-2024",année 2023-2024,2026-08-24
radio,Radio VIRAGE,Ralph Junior JEUNE,,92.7,,,CAYES,HT0711,Les Cayes,SUD,SRC-058,"Données publiques haïtiennes — décret du 12/10/2005, art. 5 (textes officiels des autorités publiques et simples données)","CONATEL — Conseil National des Télécommunications, liste des stations de radiodiffusion autorisées 2023-2024",année 2023-2024,2026-08-24
radio,RADIO GINEN,JEAN LUCIEN BORGES,,92.9,,,CAYES,HT0711,Les Cayes,SUD,SRC-058,"Données publiques haïtiennes — décret du 12/10/2005, art. 5 (textes officiels des autorités publiques et simples données)","CONATEL — Conseil National des Télécommunications, liste des stations de radiodiffusion autorisées 2023-2024",année 2023-2024,2026-08-24
radio,Robens CHERISMÉ,Radio MERIDIANUS FM,,93.1,,,Cayes,HT0711,Les Cayes,SUD,SRC-058,"Données publiques haïtiennes — décret du 12/10/2005, art. 5 (textes officiels des autorités publiques et simples données)","CONATEL — Conseil National des Télécommunications, liste des stations de radiodiffusion autorisées 2023-2024",année 2023-2024,2026-08-24
radio,RADIO PRESQU’IL DU SUD,RICHARD FOURCAND,,93.3,,,CAYES,HT0711,Les Cayes,SUD,SRC-058,"Données publiques haïtiennes — décret du 12/10/2005, art. 5 (textes officiels des autorités publiques et simples données)","CONATEL — Conseil National des Télécommunications, liste des stations de radiodiffusion autorisées 2023-2024",année 2023-2024,2026-08-24
radio,RADIO JEUNESSE COTELAISE,DOLNE ASTREL,,93.5,,,COTEAUX,HT0741,Côteaux,SUD,SRC-058,"Données publiques haïtiennes — décret du 12/10/2005, art. 5 (textes officiels des autorités publiques et simples données)","CONATEL — Conseil National des Télécommunications, liste des stations de radiodiffusion autorisées 2023-2024",année 2023-2024,2026-08-24
radio,RADIO NEGRITUDE,WILNET CONTENT,,93.7,,,CAYES,HT0711,Les Cayes,SUD,SRC-058,"Données publiques haïtiennes — décret du 12/10/2005, art. 5 (textes officiels des autorités publiques et simples données)","CONATEL — Conseil National des Télécommunications, liste des stations de radiodiffusion autorisées 2023-2024",année 2023-2024,2026-08-24
radio,Radio TRAGIQUE FM,Widmarc Joiséus,,93.9,,,Cayes,HT0711,Les Cayes,SUD,SRC-058,"Données publiques haïtiennes — décret du 12/10/2005, art. 5 (textes officiels des autorités publiques et simples données)","CONATEL — Conseil National des Télécommunications, liste des stations de radiodiffusion autorisées 2023-2024",année 2023-2024,2026-08-24
radio,RADIO VWA PEYIZAN SID,YVES EDMOND,,94.1,,,CAVAILLON,HT0733,Cavaillon,SUD,SRC-058,"Données publiques haïtiennes — décret du 12/10/2005, art. 5 (textes officiels des autorités publiques et simples données)","CONATEL — Conseil National des Télécommunications, liste des stations de radiodiffusion autorisées 2023-2024",année 2023-2024,2026-08-24
radio,RADIO GRAMI FM,PIERE FRANCOIS CILDOR,,94.7,,,CAYES,HT0711,Les Cayes,SUD,SRC-058,"Données publiques haïtiennes — décret du 12/10/2005, art. 5 (textes officiels des autorités publiques et simples données)","CONATEL — Conseil National des Télécommunications, liste des stations de radiodiffusion autorisées 2023-2024",année 2023-2024,2026-08-24
radio,RADIO ROMANCE FM,JN ERNST BALAN,,94.9,,,CAYES,HT0711,Les Cayes,SUD,SRC-058,"Données publiques haïtiennes — décret du 12/10/2005, art. 5 (textes officiels des autorités publiques et simples données)","CONATEL — Conseil National des Télécommunications, liste des stations de radiodiffusion autorisées 2023-2024",année 2023-2024,2026-08-24
radio,RADIO MONOPOLE FM,Rosemila Saint-Vil PETIT-FRERE,,95.1,,,CAYES,HT0711,Les Cayes,SUD,SRC-058,"Données publiques haïtiennes — décret du 12/10/2005, art. 5 (textes officiels des autorités publiques et simples données)","CONATEL — Conseil National des Télécommunications, liste des stations de radiodiffusion autorisées 2023-2024",année 2023-2024,2026-08-24
radio,RADIO CAYES MEN KONTRE,EVECHE DES CAYES,,95.5,,,CAYES,HT0711,Les Cayes,SUD,SRC-058,"Données publiques haïtiennes — décret du 12/10/2005, art. 5 (textes officiels des autorités publiques et simples données)","CONATEL — Conseil National des Télécommunications, liste des stations de radiodiffusion autorisées 2023-2024",année 2023-2024,2026-08-24
radio,Radio TRAGIQUE FM,Widmarc Joiséus,,95.7,,,Cayes,HT0711,Les Cayes,SUD,SRC-058,"Données publiques haïtiennes — décret du 12/10/2005, art. 5 (textes officiels des autorités publiques et simples données)","CONATEL — Conseil National des Télécommunications, liste des stations de radiodiffusion autorisées 2023-2024",année 2023-2024,2026-08-24
radio,RADIO MARTHE FM,Violette Pierre Ville Mraceus,,95.9,,,Cayes,HT0711,Les Cayes,SUD,SRC-058,"Données publiques haïtiennes — décret du 12/10/2005, art. 5 (textes officiels des autorités publiques et simples données)","CONATEL — Conseil National des Télécommunications, liste des stations de radiodiffusion autorisées 2023-2024",année 2023-2024,2026-08-24
radio,Radio saphir FM,Jerry Calixte SAGAILLE,,96.1,,,Cayes,HT0711,Les Cayes,SUD,SRC-058,"Données publiques haïtiennes — décret du 12/10/2005, art. 5 (textes officiels des autorités publiques et simples données)","CONATEL — Conseil National des Télécommunications, liste des stations de radiodiffusion autorisées 2023-2024",année 2023-2024,2026-08-24
radio,RADIO ACAAU FM,JEAN BERNARD METELUS,,96.3,,,CAYES,HT0711,Les Cayes,SUD,SRC-058,"Données publiques haïtiennes — décret du 12/10/2005, art. 5 (textes officiels des autorités publiques et simples données)","CONATEL — Conseil National des Télécommunications, liste des stations de radiodiffusion autorisées 2023-2024",année 2023-2024,2026-08-24
radio,Radio Pacific FM,Micosky POMPILUS,,96.3,,,CAMP-PERRIN,HT0714,Camp-Perrin,SUD,SRC-058,"Données publiques haïtiennes — décret du 12/10/2005, art. 5 (textes officiels des autorités publiques et simples données)","CONATEL — Conseil National des Télécommunications, liste des stations de radiodiffusion autorisées 2023-2024",année 2023-2024,2026-08-24
radio,TRANS-INFO FM,Volcy JOSEPH,,96.5,,,CAYES,HT0711,Les Cayes,SUD,SRC-058,"Données publiques haïtiennes — décret du 12/10/2005, art. 5 (textes officiels des autorités publiques et simples données)","CONATEL — Conseil National des Télécommunications, liste des stations de radiodiffusion autorisées 2023-2024",année 2023-2024,2026-08-24
radio,RADIO VANITE FM,Mme Rose-Carline Joseph Montilus,,96.7,,,Cayes,HT0711,Les Cayes,SUD,SRC-058,"Données publiques haïtiennes — décret du 12/10/2005, art. 5 (textes officiels des autorités publiques et simples données)","CONATEL — Conseil National des Télécommunications, liste des stations de radiodiffusion autorisées 2023-2024",année 2023-2024,2026-08-24
radio,RADIO TELEDIFFUSION DE LA METROPOLE,JEAN FRANCOIS RALPH CONSTANT,,97.3,,,CAYES,HT0711,Les Cayes,SUD,SRC-058,"Données publiques haïtiennes — décret du 12/10/2005, art. 5 (textes officiels des autorités publiques et simples données)","CONATEL — Conseil National des Télécommunications, liste des stations de radiodiffusion autorisées 2023-2024",année 2023-2024,2026-08-24
radio,Radio Pacific FM,Micosky POMPILUS,,97.5,,,CAYES,HT0711,Les Cayes,SUD,SRC-058,"Données publiques haïtiennes — décret du 12/10/2005, art. 5 (textes officiels des autorités publiques et simples données)","CONATEL — Conseil National des Télécommunications, liste des stations de radiodiffusion autorisées 2023-2024",année 2023-2024,2026-08-24
radio,RADIO PLANETE FM,JEAN CLAUDE BOULE,,97.7,,,CAYES,HT0711,Les Cayes,SUD,SRC-058,"Données publiques haïtiennes — décret du 12/10/2005, art. 5 (textes officiels des autorités publiques et simples données)","CONATEL — Conseil National des Télécommunications, liste des stations de radiodiffusion autorisées 2023-2024",année 2023-2024,2026-08-24
radio,RADIO MAXIMA,JEAN ROBERT LALANE,,98.5,,,CAYES,HT0711,Les Cayes,SUD,SRC-058,"Données publiques haïtiennes — décret du 12/10/2005, art. 5 (textes officiels des autorités publiques et simples données)","CONATEL — Conseil National des Télécommunications, liste des stations de radiodiffusion autorisées 2023-2024",année 2023-2024,2026-08-24
radio,RADIO SUD FM,JEAN ROODY BALAN,,98.9,,,CAYES,HT0711,Les Cayes,SUD,SRC-058,"Données publiques haïtiennes — décret du 12/10/2005, art. 5 (textes officiels des autorités publiques et simples données)","CONATEL — Conseil National des Télécommunications, liste des stations de radiodiffusion autorisées 2023-2024",année 2023-2024,2026-08-24
radio,Kingdom RADIO FM,Yves LEONARD,,99.1,,,CAYES,HT0711,Les Cayes,SUD,SRC-058,"Données publiques haïtiennes — décret du 12/10/2005, art. 5 (textes officiels des autorités publiques et simples données)","CONATEL — Conseil National des Télécommunications, liste des stations de radiodiffusion autorisées 2023-2024",année 2023-2024,2026-08-24
radio,RADIO TOP FM,NAHUM OMELER,,99.3,,,CAYES,HT0711,Les Cayes,SUD,SRC-058,"Données publiques haïtiennes — décret du 12/10/2005, art. 5 (textes officiels des autorités publiques et simples données)","CONATEL — Conseil National des Télécommunications, liste des stations de radiodiffusion autorisées 2023-2024",année 2023-2024,2026-08-24
radio,RADIO GGMIX FM,GUY GERARD GEORGES,,99.7,,,TORBECK,HT0712,Torbeck,SUD,SRC-058,"Données publiques haïtiennes — décret du 12/10/2005, art. 5 (textes officiels des autorités publiques et simples données)","CONATEL — Conseil National des Télécommunications, liste des stations de radiodiffusion autorisées 2023-2024",année 2023-2024,2026-08-24
radio,RADIO LA TULIPE FM,ALERTE GEORGY MAURICE,,100.1,,,CAYES,HT0711,Les Cayes,SUD,SRC-058,"Données publiques haïtiennes — décret du 12/10/2005, art. 5 (textes officiels des autorités publiques et simples données)","CONATEL — Conseil National des Télécommunications, liste des stations de radiodiffusion autorisées 2023-2024",année 2023-2024,2026-08-24
radio,RADIO VOILE FM,GAMALL AUGUSTIN,,100.5,,,ILE A VACHE,HT0716,Île à Vache,SUD,SRC-058,"Données publiques haïtiennes — décret du 12/10/2005, art. 5 (textes officiels des autorités publiques et simples données)","CONATEL — Conseil National des Télécommunications, liste des stations de radiodiffusion autorisées 2023-2024",année 2023-2024,2026-08-24
radio,RADIO AYIBOBO FM,Carl Henry Desmornes,,100.7,,,CAYES,HT0711,Les Cayes,SUD,SRC-058,"Données publiques haïtiennes — décret du 12/10/2005, art. 5 (textes officiels des autorités publiques et simples données)","CONATEL — Conseil National des Télécommunications, liste des stations de radiodiffusion autorisées 2023-2024",année 2023-2024,2026-08-24
radio,RADIO HEXAGOM,MIGUELLINE GASPARD,,100.7,,,CAYES,HT0711,Les Cayes,SUD,SRC-058,"Données publiques haïtiennes — décret du 12/10/2005, art. 5 (textes officiels des autorités publiques et simples données)","CONATEL — Conseil National des Télécommunications, liste des stations de radiodiffusion autorisées 2023-2024",année 2023-2024,2026-08-24
radio,RADIO PROMO,PIERRE FRANKY EXIUS,,100.9,,,TORBECK,HT0712,Torbeck,SUD,SRC-058,"Données publiques haïtiennes — décret du 12/10/2005, art. 5 (textes officiels des autorités publiques et simples données)","CONATEL — Conseil National des Télécommunications, liste des stations de radiodiffusion autorisées 2023-2024",année 2023-2024,2026-08-24
radio,RADIO EXPERIENCE,OJPA,,101.1,,,ARNIQUET,HT0723,Arniquet,SUD,SRC-058,"Données publiques haïtiennes — décret du 12/10/2005, art. 5 (textes officiels des autorités publiques et simples données)","CONATEL — Conseil National des Télécommunications, liste des stations de radiodiffusion autorisées 2023-2024",année 2023-2024,2026-08-24
radio,RNH,ETAT,,101.3,,,CAYES-BRIEUX,,,SUD,SRC-058,"Données publiques haïtiennes — décret du 12/10/2005, art. 5 (textes officiels des autorités publiques et simples données)","CONATEL — Conseil National des Télécommunications, liste des stations de radiodiffusion autorisées 2023-2024",année 2023-2024,2026-08-24
radio,RADIO ZENITH,RONY COLIN,,101.5,,,CAYES,HT0711,Les Cayes,SUD,SRC-058,"Données publiques haïtiennes — décret du 12/10/2005, art. 5 (textes officiels des autorités publiques et simples données)","CONATEL — Conseil National des Télécommunications, liste des stations de radiodiffusion autorisées 2023-2024",année 2023-2024,2026-08-24
radio,RADIO VISION 2000,MULTIPRESSE S.A.,,101.7,,,CAYES,HT0711,Les Cayes,SUD,SRC-058,"Données publiques haïtiennes — décret du 12/10/2005, art. 5 (textes officiels des autorités publiques et simples données)","CONATEL — Conseil National des Télécommunications, liste des stations de radiodiffusion autorisées 2023-2024",année 2023-2024,2026-08-24
radio,RADIO SAMBA,MarieMichelle sheilaCharlestin,,101.9,,,CAYES,HT0711,Les Cayes,SUD,SRC-058,"Données publiques haïtiennes — décret du 12/10/2005, art. 5 (textes officiels des autorités publiques et simples données)","CONATEL — Conseil National des Télécommunications, liste des stations de radiodiffusion autorisées 2023-2024",année 2023-2024,2026-08-24
radio,Radio Tele Atis,Gerald Abel,,102.1,,,CAYES,HT0711,Les Cayes,SUD,SRC-058,"Données publiques haïtiennes — décret du 12/10/2005, art. 5 (textes officiels des autorités publiques et simples données)","CONATEL — Conseil National des Télécommunications, liste des stations de radiodiffusion autorisées 2023-2024",année 2023-2024,2026-08-24
radio,RADIO MACAYA,JOSEPH RAYMOND CLERGE,,102.5,,,CAYES,HT0711,Les Cayes,SUD,SRC-058,"Données publiques haïtiennes — décret du 12/10/2005, art. 5 (textes officiels des autorités publiques et simples données)","CONATEL — Conseil National des Télécommunications, liste des stations de radiodiffusion autorisées 2023-2024",année 2023-2024,2026-08-24
radio,RADIO STANDARD,RAYMOND CLERGE,,102.9,,,CAYES,HT0711,Les Cayes,SUD,SRC-058,"Données publiques haïtiennes — décret du 12/10/2005, art. 5 (textes officiels des autorités publiques et simples données)","CONATEL — Conseil National des Télécommunications, liste des stations de radiodiffusion autorisées 2023-2024",année 2023-2024,2026-08-24
radio,RADIO MONOP FM,EROLD ZAMOR,,103.3,,,CAYES,HT0711,Les Cayes,SUD,SRC-058,"Données publiques haïtiennes — décret du 12/10/2005, art. 5 (textes officiels des autorités publiques et simples données)","CONATEL — Conseil National des Télécommunications, liste des stations de radiodiffusion autorisées 2023-2024",année 2023-2024,2026-08-24
radio,AC RADIO,HERODE AUGUSTIN,,103.5,,,CAYES,HT0711,Les Cayes,SUD,SRC-058,"Données publiques haïtiennes — décret du 12/10/2005, art. 5 (textes officiels des autorités publiques et simples données)","CONATEL — Conseil National des Télécommunications, liste des stations de radiodiffusion autorisées 2023-2024",année 2023-2024,2026-08-24
radio,RADIO SYMPHONIE FM,DOMINIQUE FELIX MONNUS,,104.1,,,CAYES,HT0711,Les Cayes,SUD,SRC-058,"Données publiques haïtiennes — décret du 12/10/2005, art. 5 (textes officiels des autorités publiques et simples données)","CONATEL — Conseil National des Télécommunications, liste des stations de radiodiffusion autorisées 2023-2024",année 2023-2024,2026-08-24
radio,RADIO TELE TERRE CIEL,Claudine Emille COLIN,,104.3,,,CAYES,HT0711,Les Cayes,SUD,SRC-058,"Données publiques haïtiennes — décret du 12/10/2005, art. 5 (textes officiels des autorités publiques et simples données)","CONATEL — Conseil National des Télécommunications, liste des stations de radiodiffusion autorisées 2023-2024",année 2023-2024,2026-08-24
radio,RADIO NAMI INTER,ROSE LILIANE CHARLES-LETANG,,104.5,,,TORBECK,HT0712,Torbeck,SUD,SRC-058,"Données publiques haïtiennes — décret du 12/10/2005, art. 5 (textes officiels des autorités publiques et simples données)","CONATEL — Conseil National des Télécommunications, liste des stations de radiodiffusion autorisées 2023-2024",année 2023-2024,2026-08-24
radio,RADIO CHES FM,Nadia Lessage PIERRE/Didier Chelly PIERRE,,104.7,,,Cayes,HT0711,Les Cayes,SUD,SRC-058,"Données publiques haïtiennes — décret du 12/10/2005, art. 5 (textes officiels des autorités publiques et simples données)","CONATEL — Conseil National des Télécommunications, liste des stations de radiodiffusion autorisées 2023-2024",année 2023-2024,2026-08-24
radio,RADIO LA BRISE,LOUIS MAX ALAIN,,104.9,,,CAMP-PERIN,HT0714,Camp-Perrin,SUD,SRC-058,"Données publiques haïtiennes — décret du 12/10/2005, art. 5 (textes officiels des autorités publiques et simples données)","CONATEL — Conseil National des Télécommunications, liste des stations de radiodiffusion autorisées 2023-2024",année 2023-2024,2026-08-24
radio,RNH,ETAT,,105.3,,,CAYES,HT0711,Les Cayes,SUD,SRC-058,"Données publiques haïtiennes — décret du 12/10/2005, art. 5 (textes officiels des autorités publiques et simples données)","CONATEL — Conseil National des Télécommunications, liste des stations de radiodiffusion autorisées 2023-2024",année 2023-2024,2026-08-24
radio,RADIO EMISSION DU CHRIST (temporaire),JEAN ALIX LUSMA,,106.1,,,CAYES,HT0711,Les Cayes,SUD,SRC-058,"Données publiques haïtiennes — décret du 12/10/2005, art. 5 (textes officiels des autorités publiques et simples données)","CONATEL — Conseil National des Télécommunications, liste des stations de radiodiffusion autorisées 2023-2024",année 2023-2024,2026-08-24
radio,RADIO CARAMEL,JEAN-BAPTISTE YVES WENCHEL,,106.5,,,CAYES,HT0711,Les Cayes,SUD,SRC-058,"Données publiques haïtiennes — décret du 12/10/2005, art. 5 (textes officiels des autorités publiques et simples données)","CONATEL — Conseil National des Télécommunications, liste des stations de radiodiffusion autorisées 2023-2024",année 2023-2024,2026-08-24
radio,RFI,MARIE CHRISTINE BUSSENIUS,,106.9,,,CAYES,HT0711,Les Cayes,SUD,SRC-058,"Données publiques haïtiennes — décret du 12/10/2005, art. 5 (textes officiels des autorités publiques et simples données)","CONATEL — Conseil National des Télécommunications, liste des stations de radiodiffusion autorisées 2023-2024",année 2023-2024,2026-08-24
radio,RADIO REELLE FM,JEAN BERNARD MERLIN,,107.3,,,CAMP-PERRIN,HT0714,Camp-Perrin,SUD,SRC-058,"Données publiques haïtiennes — décret du 12/10/2005, art. 5 (textes officiels des autorités publiques et simples données)","CONATEL — Conseil National des Télécommunications, liste des stations de radiodiffusion autorisées 2023-2024",année 2023-2024,2026-08-24
radio,LA VOIX DU SUD,JEAN BENOIT HYPPOLITE,,107.7,,,CAYES,HT0711,Les Cayes,SUD,SRC-058,"Données publiques haïtiennes — décret du 12/10/2005, art. 5 (textes officiels des autorités publiques et simples données)","CONATEL — Conseil National des Télécommunications, liste des stations de radiodiffusion autorisées 2023-2024",année 2023-2024,2026-08-24
radio,Radio tele Shekinah,GREGORY TOUSSAINT,,107.9,,,Cayes,HT0711,Les Cayes,SUD,SRC-058,"Données publiques haïtiennes — décret du 12/10/2005, art. 5 (textes officiels des autorités publiques et simples données)","CONATEL — Conseil National des Télécommunications, liste des stations de radiodiffusion autorisées 2023-2024",année 2023-2024,2026-08-24
radio,Radio Audience FM,Guerrier Henri,,88.1,,,JEREMIE,HT0811,Jérémie,GRAND-ANSE,SRC-058,"Données publiques haïtiennes — décret du 12/10/2005, art. 5 (textes officiels des autorités publiques et simples données)","CONATEL — Conseil National des Télécommunications, liste des stations de radiodiffusion autorisées 2023-2024",année 2023-2024,2026-08-24
radio,RADIO INFO+,NOUVELLE TECH INFO TELECO8 S.A.,,88.3,,,JEREMIE,HT0811,Jérémie,GRAND-ANSE,SRC-058,"Données publiques haïtiennes — décret du 12/10/2005, art. 5 (textes officiels des autorités publiques et simples données)","CONATEL — Conseil National des Télécommunications, liste des stations de radiodiffusion autorisées 2023-2024",année 2023-2024,2026-08-24
radio,Radio PILON FM,Jean-Jacques Yvernso DESCARTES,,88.5,,,JEREMIE,HT0811,Jérémie,GRAND-ANSE,SRC-058,"Données publiques haïtiennes — décret du 12/10/2005, art. 5 (textes officiels des autorités publiques et simples données)","CONATEL — Conseil National des Télécommunications, liste des stations de radiodiffusion autorisées 2023-2024",année 2023-2024,2026-08-24
radio,RADIO PLYMOUTH,WIQUENS CANDY,,88.7,,,PESTEL,HT0834,Pestel,GRAND-ANSE,SRC-058,"Données publiques haïtiennes — décret du 12/10/2005, art. 5 (textes officiels des autorités publiques et simples données)","CONATEL — Conseil National des Télécommunications, liste des stations de radiodiffusion autorisées 2023-2024",année 2023-2024,2026-08-24
radio,Radio Ziwa,Enel ALMEUS,,88.9,,,Les Irois,HT0823,Les Irois,GRAND-ANSE,SRC-058,"Données publiques haïtiennes — décret du 12/10/2005, art. 5 (textes officiels des autorités publiques et simples données)","CONATEL — Conseil National des Télécommunications, liste des stations de radiodiffusion autorisées 2023-2024",année 2023-2024,2026-08-24
radio,RADIO MEGA TOP,ALEX SAINT SURIN,,89.1,,,JEREMIE,HT0811,Jérémie,GRAND-ANSE,SRC-058,"Données publiques haïtiennes — décret du 12/10/2005, art. 5 (textes officiels des autorités publiques et simples données)","CONATEL — Conseil National des Télécommunications, liste des stations de radiodiffusion autorisées 2023-2024",année 2023-2024,2026-08-24
radio,Radio VIRAGE,Ralph Junior JEUNE,,89.3,,,JEREMIE,HT0811,Jérémie,GRAND-ANSE,SRC-058,"Données publiques haïtiennes — décret du 12/10/2005, art. 5 (textes officiels des autorités publiques et simples données)","CONATEL — Conseil National des Télécommunications, liste des stations de radiodiffusion autorisées 2023-2024",année 2023-2024,2026-08-24
radio,RADIO MONOPOLE FM,Rosemila Saint-Vil PETIT-FRERE,,89.5,,,JEREMIE,HT0811,Jérémie,GRAND-ANSE,SRC-058,"Données publiques haïtiennes — décret du 12/10/2005, art. 5 (textes officiels des autorités publiques et simples données)","CONATEL — Conseil National des Télécommunications, liste des stations de radiodiffusion autorisées 2023-2024",année 2023-2024,2026-08-24
radio,Radio PIC FM,Marie Dieula DESROCHES,,89.7,,,Jeremie,HT0811,Jérémie,GRAND-ANSE,SRC-058,"Données publiques haïtiennes — décret du 12/10/2005, art. 5 (textes officiels des autorités publiques et simples données)","CONATEL — Conseil National des Télécommunications, liste des stations de radiodiffusion autorisées 2023-2024",année 2023-2024,2026-08-24
radio,RADIO THERA FM,RALPH THERANO,,89.9,,,JEREMIE,HT0811,Jérémie,GRAND-ANSE,SRC-058,"Données publiques haïtiennes — décret du 12/10/2005, art. 5 (textes officiels des autorités publiques et simples données)","CONATEL — Conseil National des Télécommunications, liste des stations de radiodiffusion autorisées 2023-2024",année 2023-2024,2026-08-24
radio,RADIO BEUR,WILDEN LAURENT,,90.5,,,JEREMIE,HT0811,Jérémie,GRAND-ANSE,SRC-058,"Données publiques haïtiennes — décret du 12/10/2005, art. 5 (textes officiels des autorités publiques et simples données)","CONATEL — Conseil National des Télécommunications, liste des stations de radiodiffusion autorisées 2023-2024",année 2023-2024,2026-08-24
radio,RADIO SAMBA,MARIE MICHELLE,,90.7,,,JEREMIE,HT0811,Jérémie,GRAND-ANSE,SRC-058,"Données publiques haïtiennes — décret du 12/10/2005, art. 5 (textes officiels des autorités publiques et simples données)","CONATEL — Conseil National des Télécommunications, liste des stations de radiodiffusion autorisées 2023-2024",année 2023-2024,2026-08-24
radio,Radio AMITIE FM,Marjory MICHEL,,90.9,,,JEREMIE,HT0811,Jérémie,GRAND-ANSE,SRC-058,"Données publiques haïtiennes — décret du 12/10/2005, art. 5 (textes officiels des autorités publiques et simples données)","CONATEL — Conseil National des Télécommunications, liste des stations de radiodiffusion autorisées 2023-2024",année 2023-2024,2026-08-24
radio,RADIO SIGNAL FM,SIGNAL S.A.,,91.1,,,JEREMIE,HT0811,Jérémie,GRAND-ANSE,SRC-058,"Données publiques haïtiennes — décret du 12/10/2005, art. 5 (textes officiels des autorités publiques et simples données)","CONATEL — Conseil National des Télécommunications, liste des stations de radiodiffusion autorisées 2023-2024",année 2023-2024,2026-08-24
radio,Radio SACRE-COEUR,Quant Garibaldy Bercy LUNDY,,91.3,,,JEREMIE,HT0811,Jérémie,GRAND-ANSE,SRC-058,"Données publiques haïtiennes — décret du 12/10/2005, art. 5 (textes officiels des autorités publiques et simples données)","CONATEL — Conseil National des Télécommunications, liste des stations de radiodiffusion autorisées 2023-2024",année 2023-2024,2026-08-24
radio,Radio Pacific FM,Micosky POMPILUS,,91.7,,,Dame Marie,HT0822,Dame Marie,GRAND-ANSE,SRC-058,"Données publiques haïtiennes — décret du 12/10/2005, art. 5 (textes officiels des autorités publiques et simples données)","CONATEL — Conseil National des Télécommunications, liste des stations de radiodiffusion autorisées 2023-2024",année 2023-2024,2026-08-24
radio,RADIO TI MOUN,LAFANMI SELAVI,,91.9,,,JEREMIE,HT0811,Jérémie,GRAND-ANSE,SRC-058,"Données publiques haïtiennes — décret du 12/10/2005, art. 5 (textes officiels des autorités publiques et simples données)","CONATEL — Conseil National des Télécommunications, liste des stations de radiodiffusion autorisées 2023-2024",année 2023-2024,2026-08-24
radio,Radio Tele Atis,Gerald Abel,,92.1,,,JEREMIE,HT0811,Jérémie,GRAND-ANSE,SRC-058,"Données publiques haïtiennes — décret du 12/10/2005, art. 5 (textes officiels des autorités publiques et simples données)","CONATEL — Conseil National des Télécommunications, liste des stations de radiodiffusion autorisées 2023-2024",année 2023-2024,2026-08-24
radio,RADIO DIGNITE FM,Sony JEAN,,92.5,,,Dame-Marie,HT0822,Dame Marie,GRAND-ANSE,SRC-058,"Données publiques haïtiennes — décret du 12/10/2005, art. 5 (textes officiels des autorités publiques et simples données)","CONATEL — Conseil National des Télécommunications, liste des stations de radiodiffusion autorisées 2023-2024",année 2023-2024,2026-08-24
radio,Radio Pacific FM,Micosky POMPILUS,,92.7,,,Anse D'Hainault,HT0821,Anse d'Hainault,GRAND-ANSE,SRC-058,"Données publiques haïtiennes — décret du 12/10/2005, art. 5 (textes officiels des autorités publiques et simples données)","CONATEL — Conseil National des Télécommunications, liste des stations de radiodiffusion autorisées 2023-2024",année 2023-2024,2026-08-24
radio,RADIO DAME-MARIE,HERITIERS LOUIS EMILIO PASSE,,93.1,,,DAME-MARIE,HT0822,Dame Marie,GRAND-ANSE,SRC-058,"Données publiques haïtiennes — décret du 12/10/2005, art. 5 (textes officiels des autorités publiques et simples données)","CONATEL — Conseil National des Télécommunications, liste des stations de radiodiffusion autorisées 2023-2024",année 2023-2024,2026-08-24
radio,RADIO VANITE FM,Mme Rose-Carline Joseph Montilus,,93.3,,,Jeremie,HT0811,Jérémie,GRAND-ANSE,SRC-058,"Données publiques haïtiennes — décret du 12/10/2005, art. 5 (textes officiels des autorités publiques et simples données)","CONATEL — Conseil National des Télécommunications, liste des stations de radiodiffusion autorisées 2023-2024",année 2023-2024,2026-08-24
radio,RADIO CHES FM,Nadia Lessage PIERRE/Didier Chelly PIERRE,,93.7,,,JEREMIE,HT0811,Jérémie,GRAND-ANSE,SRC-058,"Données publiques haïtiennes — décret du 12/10/2005, art. 5 (textes officiels des autorités publiques et simples données)","CONATEL — Conseil National des Télécommunications, liste des stations de radiodiffusion autorisées 2023-2024",année 2023-2024,2026-08-24
radio,RADIO GINEN,JEAN LUIEN BORGES,,95.5,,,JEREMIE,HT0811,Jérémie,GRAND-ANSE,SRC-058,"Données publiques haïtiennes — décret du 12/10/2005, art. 5 (textes officiels des autorités publiques et simples données)","CONATEL — Conseil National des Télécommunications, liste des stations de radiodiffusion autorisées 2023-2024",année 2023-2024,2026-08-24
radio,RADIO LUMIERE,MEBSH,,95.9,,,LES IROIS,HT0823,Les Irois,GRAND-ANSE,SRC-058,"Données publiques haïtiennes — décret du 12/10/2005, art. 5 (textes officiels des autorités publiques et simples données)","CONATEL — Conseil National des Télécommunications, liste des stations de radiodiffusion autorisées 2023-2024",année 2023-2024,2026-08-24
radio,TRANS-INFO FM,Volcy JOSEPH,,96.5,,,JEREMIE,HT0811,Jérémie,GRAND-ANSE,SRC-058,"Données publiques haïtiennes — décret du 12/10/2005, art. 5 (textes officiels des autorités publiques et simples données)","CONATEL — Conseil National des Télécommunications, liste des stations de radiodiffusion autorisées 2023-2024",année 2023-2024,2026-08-24
radio,RADIO VERITE (temporaire),CAMILLE MILFORT,,96.7,,,JEREMIE,HT0811,Jérémie,GRAND-ANSE,SRC-058,"Données publiques haïtiennes — décret du 12/10/2005, art. 5 (textes officiels des autorités publiques et simples données)","CONATEL — Conseil National des Télécommunications, liste des stations de radiodiffusion autorisées 2023-2024",année 2023-2024,2026-08-24
radio,RADIO LUMIERE,MEBSH,,97.9,,,DAME-MARIE,HT0822,Dame Marie,GRAND-ANSE,SRC-058,"Données publiques haïtiennes — décret du 12/10/2005, art. 5 (textes officiels des autorités publiques et simples données)","CONATEL — Conseil National des Télécommunications, liste des stations de radiodiffusion autorisées 2023-2024",année 2023-2024,2026-08-24
radio,RADIO XTREME FM,FRED LIZAIRE,,98.7,,,JEREMIE,HT0811,Jérémie,GRAND-ANSE,SRC-058,"Données publiques haïtiennes — décret du 12/10/2005, art. 5 (textes officiels des autorités publiques et simples données)","CONATEL — Conseil National des Télécommunications, liste des stations de radiodiffusion autorisées 2023-2024",année 2023-2024,2026-08-24
radio,RADIO ANSE D’AZUR,JEAN-GUY MARIE LOUIS,,99.1,,,JEREMIE,HT0811,Jérémie,GRAND-ANSE,SRC-058,"Données publiques haïtiennes — décret du 12/10/2005, art. 5 (textes officiels des autorités publiques et simples données)","CONATEL — Conseil National des Télécommunications, liste des stations de radiodiffusion autorisées 2023-2024",année 2023-2024,2026-08-24
radio,RADIO ECHO CELESTE,EMMANUEL DESROSIERS,,99.5,,,JEREMIE,HT0811,Jérémie,GRAND-ANSE,SRC-058,"Données publiques haïtiennes — décret du 12/10/2005, art. 5 (textes officiels des autorités publiques et simples données)","CONATEL — Conseil National des Télécommunications, liste des stations de radiodiffusion autorisées 2023-2024",année 2023-2024,2026-08-24
radio,RADIO Target FM,Myrlande MATHIEU,,99.9,,,JEREMIE,HT0811,Jérémie,GRAND-ANSE,SRC-058,"Données publiques haïtiennes — décret du 12/10/2005, art. 5 (textes officiels des autorités publiques et simples données)","CONATEL — Conseil National des Télécommunications, liste des stations de radiodiffusion autorisées 2023-2024",année 2023-2024,2026-08-24
radio,RADIO AC,Hérode AUGUSTIN,,100.5,,,JEREMIE,HT0811,Jérémie,GRAND-ANSE,SRC-058,"Données publiques haïtiennes — décret du 12/10/2005, art. 5 (textes officiels des autorités publiques et simples données)","CONATEL — Conseil National des Télécommunications, liste des stations de radiodiffusion autorisées 2023-2024",année 2023-2024,2026-08-24
radio,RADIO ORBITE,ROLAND PACAUD,,100.7,,,JEREMIE,HT0811,Jérémie,GRAND-ANSE,SRC-058,"Données publiques haïtiennes — décret du 12/10/2005, art. 5 (textes officiels des autorités publiques et simples données)","CONATEL — Conseil National des Télécommunications, liste des stations de radiodiffusion autorisées 2023-2024",année 2023-2024,2026-08-24
radio,Radio TRAGIQUE FM,Widmarc Joiséus,,100.9,,,Jeremie,HT0811,Jérémie,GRAND-ANSE,SRC-058,"Données publiques haïtiennes — décret du 12/10/2005, art. 5 (textes officiels des autorités publiques et simples données)","CONATEL — Conseil National des Télécommunications, liste des stations de radiodiffusion autorisées 2023-2024",année 2023-2024,2026-08-24
radio,RADIO SANTA MARIA FM,WANIQUE PIERRE,,101.1,,,JEREMIE,HT0811,Jérémie,GRAND-ANSE,SRC-058,"Données publiques haïtiennes — décret du 12/10/2005, art. 5 (textes officiels des autorités publiques et simples données)","CONATEL — Conseil National des Télécommunications, liste des stations de radiodiffusion autorisées 2023-2024",année 2023-2024,2026-08-24
radio,Radio NATIVITE INTERNATIONALE,IGNACE ST FLEUR,,101.9,,,JEREMIE,HT0811,Jérémie,GRAND-ANSE,SRC-058,"Données publiques haïtiennes — décret du 12/10/2005, art. 5 (textes officiels des autorités publiques et simples données)","CONATEL — Conseil National des Télécommunications, liste des stations de radiodiffusion autorisées 2023-2024",année 2023-2024,2026-08-24
radio,RADIO ZENITH FM,RONY COLIN,,102.5,,,JEREMIE,HT0811,Jérémie,GRAND-ANSE,SRC-058,"Données publiques haïtiennes — décret du 12/10/2005, art. 5 (textes officiels des autorités publiques et simples données)","CONATEL — Conseil National des Télécommunications, liste des stations de radiodiffusion autorisées 2023-2024",année 2023-2024,2026-08-24
radio,Kingdom RADIO FM,Yves LEONARD,,102.7,,,JEREMIE,HT0811,Jérémie,GRAND-ANSE,SRC-058,"Données publiques haïtiennes — décret du 12/10/2005, art. 5 (textes officiels des autorités publiques et simples données)","CONATEL — Conseil National des Télécommunications, liste des stations de radiodiffusion autorisées 2023-2024",année 2023-2024,2026-08-24
radio,RADIO TELE TERRE CIEL,Claudine Emille COLIN,,102.9,,,JEREMIE,HT0811,Jérémie,GRAND-ANSE,SRC-058,"Données publiques haïtiennes — décret du 12/10/2005, art. 5 (textes officiels des autorités publiques et simples données)","CONATEL — Conseil National des Télécommunications, liste des stations de radiodiffusion autorisées 2023-2024",année 2023-2024,2026-08-24
radio,RADIO MELY,SOREL JACINTHE,,103.1,,,JEREMIE,HT0811,Jérémie,GRAND-ANSE,SRC-058,"Données publiques haïtiennes — décret du 12/10/2005, art. 5 (textes officiels des autorités publiques et simples données)","CONATEL — Conseil National des Télécommunications, liste des stations de radiodiffusion autorisées 2023-2024",année 2023-2024,2026-08-24
radio,RADIO LAMBI,MICHEL CLERIE,,103.9,,,CORAIL,HT0831,Corail,GRAND-ANSE,SRC-058,"Données publiques haïtiennes — décret du 12/10/2005, art. 5 (textes officiels des autorités publiques et simples données)","CONATEL — Conseil National des Télécommunications, liste des stations de radiodiffusion autorisées 2023-2024",année 2023-2024,2026-08-24
radio,RADIO TET ANSANM,EVECHE DE JEREMIE,,105.9,,,JEREMIE,HT0811,Jérémie,GRAND-ANSE,SRC-058,"Données publiques haïtiennes — décret du 12/10/2005, art. 5 (textes officiels des autorités publiques et simples données)","CONATEL — Conseil National des Télécommunications, liste des stations de radiodiffusion autorisées 2023-2024",année 2023-2024,2026-08-24
radio,RADIO IMAGINE,WOLF PAPILLON,,106.3,,,CORAIL,HT0831,Corail,GRAND-ANSE,SRC-058,"Données publiques haïtiennes — décret du 12/10/2005, art. 5 (textes officiels des autorités publiques et simples données)","CONATEL — Conseil National des Télécommunications, liste des stations de radiodiffusion autorisées 2023-2024",année 2023-2024,2026-08-24
radio,RADIO MUSE (temporaire),JANIN LEONIDAS,,107.5,,,JEREMIE,HT0811,Jérémie,GRAND-ANSE,SRC-058,"Données publiques haïtiennes — décret du 12/10/2005, art. 5 (textes officiels des autorités publiques et simples données)","CONATEL — Conseil National des Télécommunications, liste des stations de radiodiffusion autorisées 2023-2024",année 2023-2024,2026-08-24
radio,Radio tele Shekinah,GREGORY TOUSSAINT,,107.9,,,JEREMIE,HT0811,Jérémie,GRAND-ANSE,SRC-058,"Données publiques haïtiennes — décret du 12/10/2005, art. 5 (textes officiels des autorités publiques et simples données)","CONATEL — Conseil National des Télécommunications, liste des stations de radiodiffusion autorisées 2023-2024",année 2023-2024,2026-08-24
radio_am,RADIO LUMIERE,MEBSH,,,660,,PORT-AU-PRINCE,HT0111,Port-au-Prince,TOUS,SRC-058,"Données publiques haïtiennes — décret du 12/10/2005, art. 5 (textes officiels des autorités publiques et simples données)","CONATEL — Conseil National des Télécommunications, liste des stations de radiodiffusion autorisées 2023-2024",année 2023-2024,2026-08-24
radio_am,RADIO LUMIERE,MEBSH,,,720,,Pte riv. Artibonite,,,TOUS,SRC-058,"Données publiques haïtiennes — décret du 12/10/2005, art. 5 (textes officiels des autorités publiques et simples données)","CONATEL — Conseil National des Télécommunications, liste des stations de radiodiffusion autorisées 2023-2024",année 2023-2024,2026-08-24
radio_am,RADIO LUMIERE,MEBSH,,,740,,PIGNON,HT0344,Pignon,TOUS,SRC-058,"Données publiques haïtiennes — décret du 12/10/2005, art. 5 (textes officiels des autorités publiques et simples données)","CONATEL — Conseil National des Télécommunications, liste des stations de radiodiffusion autorisées 2023-2024",année 2023-2024,2026-08-24
radio_am,RADIO LUMIERE,MEBSH,,,760,,CAYES,HT0711,Les Cayes,TOUS,SRC-058,"Données publiques haïtiennes — décret du 12/10/2005, art. 5 (textes officiels des autorités publiques et simples données)","CONATEL — Conseil National des Télécommunications, liste des stations de radiodiffusion autorisées 2023-2024",année 2023-2024,2026-08-24
radio_am,RADIO LUMIERE,MEBSH,,,780,,JEREMIE,HT0811,Jérémie,TOUS,SRC-058,"Données publiques haïtiennes — décret du 12/10/2005, art. 5 (textes officiels des autorités publiques et simples données)","CONATEL — Conseil National des Télécommunications, liste des stations de radiodiffusion autorisées 2023-2024",année 2023-2024,2026-08-24
radio_am,RADIO GINEN,JEAN LUCIEN BORGES,,,1030,,PORT-AU-PRINCE,HT0111,Port-au-Prince,TOUS,SRC-058,"Données publiques haïtiennes — décret du 12/10/2005, art. 5 (textes officiels des autorités publiques et simples données)","CONATEL — Conseil National des Télécommunications, liste des stations de radiodiffusion autorisées 2023-2024",année 2023-2024,2026-08-24
radio_am,RADIO NATIONALE,ETAT,,,1080,,PORT-AU-PRINCE,HT0111,Port-au-Prince,TOUS,SRC-058,"Données publiques haïtiennes — décret du 12/10/2005, art. 5 (textes officiels des autorités publiques et simples données)","CONATEL — Conseil National des Télécommunications, liste des stations de radiodiffusion autorisées 2023-2024",année 2023-2024,2026-08-24
radio_am,RADIO REVEIL,JEAN HEDER PETIT-FRERE,,,1220,,CARREFOUR,HT0113,Carrefour,TOUS,SRC-058,"Données publiques haïtiennes — décret du 12/10/2005, art. 5 (textes officiels des autorités publiques et simples données)","CONATEL — Conseil National des Télécommunications, liste des stations de radiodiffusion autorisées 2023-2024",année 2023-2024,2026-08-24
television,TELEVISION STORM,STEVE HALLOUN,,,,2,PORT-AU-PRINCE,HT0111,Port-au-Prince,OUEST,SRC-058,"Données publiques haïtiennes — décret du 12/10/2005, art. 5 (textes officiels des autorités publiques et simples données)","CONATEL — Conseil National des Télécommunications, liste des stations de radiodiffusion autorisées 2023-2024",année 2023-2024,2026-08-24
television,TELE ECLAIR,EMMANUEL LOHIER,,,,4,PORT-AU-PRINCE,HT0111,Port-au-Prince,OUEST,SRC-058,"Données publiques haïtiennes — décret du 12/10/2005, art. 5 (textes officiels des autorités publiques et simples données)","CONATEL — Conseil National des Télécommunications, liste des stations de radiodiffusion autorisées 2023-2024",année 2023-2024,2026-08-24
television,TELE MONOPOLE,Rosemila Saint-Vil PETIT-FRERE,,,,5,PORT-AU-PRINCE,HT0111,Port-au-Prince,OUEST,SRC-058,"Données publiques haïtiennes — décret du 12/10/2005, art. 5 (textes officiels des autorités publiques et simples données)","CONATEL — Conseil National des Télécommunications, liste des stations de radiodiffusion autorisées 2023-2024",année 2023-2024,2026-08-24
television,UNI TELE,STEPHANE TROUILLOT,,,,6,PORT-AU-PRINCE,HT0111,Port-au-Prince,OUEST,SRC-058,"Données publiques haïtiennes — décret du 12/10/2005, art. 5 (textes officiels des autorités publiques et simples données)","CONATEL — Conseil National des Télécommunications, liste des stations de radiodiffusion autorisées 2023-2024",année 2023-2024,2026-08-24
television,TELE YAGUANA,LANIECE GUSTAVE,,,,7,LEOGANE,HT0121,Léogâne,OUEST,SRC-058,"Données publiques haïtiennes — décret du 12/10/2005, art. 5 (textes officiels des autorités publiques et simples données)","CONATEL — Conseil National des Télécommunications, liste des stations de radiodiffusion autorisées 2023-2024",année 2023-2024,2026-08-24
television,TELEVISION NATIONALE,ETAT,,,,8,PORT-AU-PRINCE,HT0111,Port-au-Prince,OUEST,SRC-058,"Données publiques haïtiennes — décret du 12/10/2005, art. 5 (textes officiels des autorités publiques et simples données)","CONATEL — Conseil National des Télécommunications, liste des stations de radiodiffusion autorisées 2023-2024",année 2023-2024,2026-08-24
television,TELEVISION NATIONALE,ETAT,,,,10,Port -Au Prince _,HT0111,Port-au-Prince,OUEST,SRC-058,"Données publiques haïtiennes — décret du 12/10/2005, art. 5 (textes officiels des autorités publiques et simples données)","CONATEL — Conseil National des Télécommunications, liste des stations de radiodiffusion autorisées 2023-2024",année 2023-2024,2026-08-24
television,CANAL 11,JEAN-PAUL ELIE,,,,11,PORT-AU-PRINCE,HT0111,Port-au-Prince,OUEST,SRC-058,"Données publiques haïtiennes — décret du 12/10/2005, art. 5 (textes officiels des autorités publiques et simples données)","CONATEL — Conseil National des Télécommunications, liste des stations de radiodiffusion autorisées 2023-2024",année 2023-2024,2026-08-24
television,TELE SANS FIN,YVENERT FOESHTER JOSEPH,,,,12,ARCAHAIE,HT0141,Arcahaie,OUEST,SRC-058,"Données publiques haïtiennes — décret du 12/10/2005, art. 5 (textes officiels des autorités publiques et simples données)","CONATEL — Conseil National des Télécommunications, liste des stations de radiodiffusion autorisées 2023-2024",année 2023-2024,2026-08-24
television,TELE TI MOUN,FONDATION ARISTIDE,oui,,,13,PORT-AU-PRINCE,HT0111,Port-au-Prince,OUEST,SRC-058,"Données publiques haïtiennes — décret du 12/10/2005, art. 5 (textes officiels des autorités publiques et simples données)","CONATEL — Conseil National des Télécommunications, liste des stations de radiodiffusion autorisées 2023-2024",année 2023-2024,2026-08-24
television,TELE KISKEYA,JEAN MARVEL DANDIN,,,,14,PORT-AU-PRINCE,HT0111,Port-au-Prince,OUEST,SRC-058,"Données publiques haïtiennes — décret du 12/10/2005, art. 5 (textes officiels des autorités publiques et simples données)","CONATEL — Conseil National des Télécommunications, liste des stations de radiodiffusion autorisées 2023-2024",année 2023-2024,2026-08-24
television,TELE OBJECTIF (SCOOP),ERTHA CADET CHARLES,,,,16,PORT-AU-PRINCE,HT0111,Port-au-Prince,OUEST,SRC-058,"Données publiques haïtiennes — décret du 12/10/2005, art. 5 (textes officiels des autorités publiques et simples données)","CONATEL — Conseil National des Télécommunications, liste des stations de radiodiffusion autorisées 2023-2024",année 2023-2024,2026-08-24
television,TELE GINEN,JEAN LUCIEN BORGES,,,,18,PORT-AU-PRINCE,HT0111,Port-au-Prince,OUEST,SRC-058,"Données publiques haïtiennes — décret du 12/10/2005, art. 5 (textes officiels des autorités publiques et simples données)","CONATEL — Conseil National des Télécommunications, liste des stations de radiodiffusion autorisées 2023-2024",année 2023-2024,2026-08-24
television,TELE PODIUM,GLOBAL PRESSE,,,,20,PORT-AU-PRINCE,HT0111,Port-au-Prince,OUEST,SRC-058,"Données publiques haïtiennes — décret du 12/10/2005, art. 5 (textes officiels des autorités publiques et simples données)","CONATEL — Conseil National des Télécommunications, liste des stations de radiodiffusion autorisées 2023-2024",année 2023-2024,2026-08-24
television,TELE CARAIBES,PATRICK MOUSSIGNAC,,,,22,PORT-AU-PRINCE,HT0111,Port-au-Prince,OUEST,SRC-058,"Données publiques haïtiennes — décret du 12/10/2005, art. 5 (textes officiels des autorités publiques et simples données)","CONATEL — Conseil National des Télécommunications, liste des stations de radiodiffusion autorisées 2023-2024",année 2023-2024,2026-08-24
television,TELE LUMIERE,MEBSH,,,,24,PORT-AU-PRINCE,HT0111,Port-au-Prince,OUEST,SRC-058,"Données publiques haïtiennes — décret du 12/10/2005, art. 5 (textes officiels des autorités publiques et simples données)","CONATEL — Conseil National des Télécommunications, liste des stations de radiodiffusion autorisées 2023-2024",année 2023-2024,2026-08-24
television,TELE SOLEIL,ACHEVECHE DE P-AU-P,,,,25,PORT-AU-PRINCE,HT0111,Port-au-Prince,OUEST,SRC-058,"Données publiques haïtiennes — décret du 12/10/2005, art. 5 (textes officiels des autorités publiques et simples données)","CONATEL — Conseil National des Télécommunications, liste des stations de radiodiffusion autorisées 2023-2024",année 2023-2024,2026-08-24
television,TELE ZENITH,RONY COLIN,,,,26,PORT-AU-PRINCE,HT0111,Port-au-Prince,OUEST,SRC-058,"Données publiques haïtiennes — décret du 12/10/2005, art. 5 (textes officiels des autorités publiques et simples données)","CONATEL — Conseil National des Télécommunications, liste des stations de radiodiffusion autorisées 2023-2024",année 2023-2024,2026-08-24
television,KANAL KREYOL,CARL HENRY DESMORNES,,,,28,PORT-AU-PRINCE,HT0111,Port-au-Prince,OUEST,SRC-058,"Données publiques haïtiennes — décret du 12/10/2005, art. 5 (textes officiels des autorités publiques et simples données)","CONATEL — Conseil National des Télécommunications, liste des stations de radiodiffusion autorisées 2023-2024",année 2023-2024,2026-08-24
television,TELE VASCO,CHRISTIAN SANON,,,,30,PORT-AU-PRINCE,HT0111,Port-au-Prince,OUEST,SRC-058,"Données publiques haïtiennes — décret du 12/10/2005, art. 5 (textes officiels des autorités publiques et simples données)","CONATEL — Conseil National des Télécommunications, liste des stations de radiodiffusion autorisées 2023-2024",année 2023-2024,2026-08-24
television,TELE PA NOU,RENE LAURENT,,,,32,PORT-AU-PRINCE,HT0111,Port-au-Prince,OUEST,SRC-058,"Données publiques haïtiennes — décret du 12/10/2005, art. 5 (textes officiels des autorités publiques et simples données)","CONATEL — Conseil National des Télécommunications, liste des stations de radiodiffusion autorisées 2023-2024",année 2023-2024,2026-08-24
television,TELE 34,PAULE JUNIA IRVELLE PIERRE,,,,34,PORT-AU-PRINCE,HT0111,Port-au-Prince,OUEST,SRC-058,"Données publiques haïtiennes — décret du 12/10/2005, art. 5 (textes officiels des autorités publiques et simples données)","CONATEL — Conseil National des Télécommunications, liste des stations de radiodiffusion autorisées 2023-2024",année 2023-2024,2026-08-24
television,TELE SHALOM,ANDRE MUSCADIN,,,,36,PORT-AU-PRINCE,HT0111,Port-au-Prince,OUEST,SRC-058,"Données publiques haïtiennes — décret du 12/10/2005, art. 5 (textes officiels des autorités publiques et simples données)","CONATEL — Conseil National des Télécommunications, liste des stations de radiodiffusion autorisées 2023-2024",année 2023-2024,2026-08-24
television,CANAL BLEU,ROBERT DENIS,,,,38,PORT-AU-PRINCE,HT0111,Port-au-Prince,OUEST,SRC-058,"Données publiques haïtiennes — décret du 12/10/2005, art. 5 (textes officiels des autorités publiques et simples données)","CONATEL — Conseil National des Télécommunications, liste des stations de radiodiffusion autorisées 2023-2024",année 2023-2024,2026-08-24
television,TELE STAR,JEAN VALME,,,,40,PORT-AU-PRINCE,HT0111,Port-au-Prince,OUEST,SRC-058,"Données publiques haïtiennes — décret du 12/10/2005, art. 5 (textes officiels des autorités publiques et simples données)","CONATEL — Conseil National des Télécommunications, liste des stations de radiodiffusion autorisées 2023-2024",année 2023-2024,2026-08-24
television,TELE ANTILLES,JACQUES SAMPEUR,,,,42,PORT-AU-PRINCE,HT0111,Port-au-Prince,OUEST,SRC-058,"Données publiques haïtiennes — décret du 12/10/2005, art. 5 (textes officiels des autorités publiques et simples données)","CONATEL — Conseil National des Télécommunications, liste des stations de radiodiffusion autorisées 2023-2024",année 2023-2024,2026-08-24
television,TELE PLURIEL,MARIE LUCIE BONHOMME,,,,44,PORT-AU-PRINCE,HT0111,Port-au-Prince,OUEST,SRC-058,"Données publiques haïtiennes — décret du 12/10/2005, art. 5 (textes officiels des autorités publiques et simples données)","CONATEL — Conseil National des Télécommunications, liste des stations de radiodiffusion autorisées 2023-2024",année 2023-2024,2026-08-24
television,TELE MAXIMA,JEAN ROBERT LALANE,,,,46,PORT-AU-PRINCE,HT0111,Port-au-Prince,OUEST,SRC-058,"Données publiques haïtiennes — décret du 12/10/2005, art. 5 (textes officiels des autorités publiques et simples données)","CONATEL — Conseil National des Télécommunications, liste des stations de radiodiffusion autorisées 2023-2024",année 2023-2024,2026-08-24
television,TEFROREV,Rev. AMEL LAFLEUR,,,,48,PORT-AU-PRINCE,HT0111,Port-au-Prince,OUEST,SRC-058,"Données publiques haïtiennes — décret du 12/10/2005, art. 5 (textes officiels des autorités publiques et simples données)","CONATEL — Conseil National des Télécommunications, liste des stations de radiodiffusion autorisées 2023-2024",année 2023-2024,2026-08-24
television,TELE RIEMAN,JACKY LUMARQUE,,,,50,PORT-AU-PRINCE,HT0111,Port-au-Prince,OUEST,SRC-058,"Données publiques haïtiennes — décret du 12/10/2005, art. 5 (textes officiels des autorités publiques et simples données)","CONATEL — Conseil National des Télécommunications, liste des stations de radiodiffusion autorisées 2023-2024",année 2023-2024,2026-08-24
television,TELE METROPOLE,RICHARD WIDMAIER,,,,52,PORT-AU-PRINCE,HT0111,Port-au-Prince,OUEST,SRC-058,"Données publiques haïtiennes — décret du 12/10/2005, art. 5 (textes officiels des autorités publiques et simples données)","CONATEL — Conseil National des Télécommunications, liste des stations de radiodiffusion autorisées 2023-2024",année 2023-2024,2026-08-24
television,TELE INDIGENE,MICANORD ALFRED,,,,54,PORT-AU-PRINCE,HT0111,Port-au-Prince,OUEST,SRC-058,"Données publiques haïtiennes — décret du 12/10/2005, art. 5 (textes officiels des autorités publiques et simples données)","CONATEL — Conseil National des Télécommunications, liste des stations de radiodiffusion autorisées 2023-2024",année 2023-2024,2026-08-24
television,TELE SIGNAL,MARIO VIAU,,,,56,PORT-AU-PRINCE,HT0111,Port-au-Prince,OUEST,SRC-058,"Données publiques haïtiennes — décret du 12/10/2005, art. 5 (textes officiels des autorités publiques et simples données)","CONATEL — Conseil National des Télécommunications, liste des stations de radiodiffusion autorisées 2023-2024",année 2023-2024,2026-08-24
television,TELE ENERGIE,MAXIME MOUSSIGNAC,,,,58,PORT-AU-PRINCE,HT0111,Port-au-Prince,OUEST,SRC-058,"Données publiques haïtiennes — décret du 12/10/2005, art. 5 (textes officiels des autorités publiques et simples données)","CONATEL — Conseil National des Télécommunications, liste des stations de radiodiffusion autorisées 2023-2024",année 2023-2024,2026-08-24
television,TELE MEGASTAR,JEAN EDDY CHARLEUS,,,,60,PORT-AU-PRINCE,HT0111,Port-au-Prince,OUEST,SRC-058,"Données publiques haïtiennes — décret du 12/10/2005, art. 5 (textes officiels des autorités publiques et simples données)","CONATEL — Conseil National des Télécommunications, liste des stations de radiodiffusion autorisées 2023-2024",année 2023-2024,2026-08-24
television,TELE GALAXIE,YVES JEAN-BART,,,,62,PORT-AU-PRINCE,HT0111,Port-au-Prince,OUEST,SRC-058,"Données publiques haïtiennes — décret du 12/10/2005, art. 5 (textes officiels des autorités publiques et simples données)","CONATEL — Conseil National des Télécommunications, liste des stations de radiodiffusion autorisées 2023-2024",année 2023-2024,2026-08-24
television,TELE PACHOU PUBLICITE,JOSEPH ROUSSEL BISSERETH,,,,64,PORT-AU-PRINCE,HT0111,Port-au-Prince,OUEST,SRC-058,"Données publiques haïtiennes — décret du 12/10/2005, art. 5 (textes officiels des autorités publiques et simples données)","CONATEL — Conseil National des Télécommunications, liste des stations de radiodiffusion autorisées 2023-2024",année 2023-2024,2026-08-24
television,TELE VISION 2000,MULTIPRESSE S.A.,,,,66,PORT-AU-PRINCE,HT0111,Port-au-Prince,OUEST,SRC-058,"Données publiques haïtiennes — décret du 12/10/2005, art. 5 (textes officiels des autorités publiques et simples données)","CONATEL — Conseil National des Télécommunications, liste des stations de radiodiffusion autorisées 2023-2024",année 2023-2024,2026-08-24
television,TELE SUPER STAR,ALBERT CHANCY,,,,68,PORT-AU-PRINCE,HT0111,Port-au-Prince,OUEST,SRC-058,"Données publiques haïtiennes — décret du 12/10/2005, art. 5 (textes officiels des autorités publiques et simples données)","CONATEL — Conseil National des Télécommunications, liste des stations de radiodiffusion autorisées 2023-2024",année 2023-2024,2026-08-24
television,STORM-TV,STEVE HALLOUN,,,,2,CAP-HAITIEN,HT0311,Cap-Haïtien,NORD,SRC-058,"Données publiques haïtiennes — décret du 12/10/2005, art. 5 (textes officiels des autorités publiques et simples données)","CONATEL — Conseil National des Télécommunications, liste des stations de radiodiffusion autorisées 2023-2024",année 2023-2024,2026-08-24
television,TELE SUPERCANAL,ROLAND BOUTROS,,,,6,CAP-HAITIEN,HT0311,Cap-Haïtien,NORD,SRC-058,"Données publiques haïtiennes — décret du 12/10/2005, art. 5 (textes officiels des autorités publiques et simples données)","CONATEL — Conseil National des Télécommunications, liste des stations de radiodiffusion autorisées 2023-2024",année 2023-2024,2026-08-24
television,TELE 7,GEORGES MICHEL,,,,7,CAP-HAITIEN,HT0311,Cap-Haïtien,NORD,SRC-058,"Données publiques haïtiennes — décret du 12/10/2005, art. 5 (textes officiels des autorités publiques et simples données)","CONATEL — Conseil National des Télécommunications, liste des stations de radiodiffusion autorisées 2023-2024",année 2023-2024,2026-08-24
television,TELE NATIONALE D’HAITI,ETAT,,,,4,CAP-HAITIEN,HT0311,Cap-Haïtien,NORD,SRC-058,"Données publiques haïtiennes — décret du 12/10/2005, art. 5 (textes officiels des autorités publiques et simples données)","CONATEL — Conseil National des Télécommunications, liste des stations de radiodiffusion autorisées 2023-2024",année 2023-2024,2026-08-24
television,TELE CAPOISE,PATRICK CHARLES,,,,8,CAP-HAITIEN,HT0311,Cap-Haïtien,NORD,SRC-058,"Données publiques haïtiennes — décret du 12/10/2005, art. 5 (textes officiels des autorités publiques et simples données)","CONATEL — Conseil National des Télécommunications, liste des stations de radiodiffusion autorisées 2023-2024",année 2023-2024,2026-08-24
television,TELE PIGNON,HIDSON NELSON,,,,11,PIGNON,HT0344,Pignon,NORD,SRC-058,"Données publiques haïtiennes — décret du 12/10/2005, art. 5 (textes officiels des autorités publiques et simples données)","CONATEL — Conseil National des Télécommunications, liste des stations de radiodiffusion autorisées 2023-2024",année 2023-2024,2026-08-24
television,TELE AFRICA,NAWOON MARCELUS,,,,12,CAP- HAITIEN,HT0311,Cap-Haïtien,NORD,SRC-058,"Données publiques haïtiennes — décret du 12/10/2005, art. 5 (textes officiels des autorités publiques et simples données)","CONATEL — Conseil National des Télécommunications, liste des stations de radiodiffusion autorisées 2023-2024",année 2023-2024,2026-08-24
television,TELE TIMOUN,FONDASYON ARISTIDE,oui,,,13,CAP-HAITIEN,HT0311,Cap-Haïtien,NORD,SRC-058,"Données publiques haïtiennes — décret du 12/10/2005, art. 5 (textes officiels des autorités publiques et simples données)","CONATEL — Conseil National des Télécommunications, liste des stations de radiodiffusion autorisées 2023-2024",année 2023-2024,2026-08-24
television,J2W,JOELLE P. LARCO,,,,16,CAP-HAITIEN,HT0311,Cap-Haïtien,NORD,SRC-058,"Données publiques haïtiennes — décret du 12/10/2005, art. 5 (textes officiels des autorités publiques et simples données)","CONATEL — Conseil National des Télécommunications, liste des stations de radiodiffusion autorisées 2023-2024",année 2023-2024,2026-08-24
television,TELE GINEN,JEAN LUCIEN BORGES,,,,18,CAP-HAITIEN,HT0311,Cap-Haïtien,NORD,SRC-058,"Données publiques haïtiennes — décret du 12/10/2005, art. 5 (textes officiels des autorités publiques et simples données)","CONATEL — Conseil National des Télécommunications, liste des stations de radiodiffusion autorisées 2023-2024",année 2023-2024,2026-08-24
television,TELE HMTV,JACQUES SAUVEUR JEAN,,,,20,CAP-HAITIEN,HT0311,Cap-Haïtien,NORD,SRC-058,"Données publiques haïtiennes — décret du 12/10/2005, art. 5 (textes officiels des autorités publiques et simples données)","CONATEL — Conseil National des Télécommunications, liste des stations de radiodiffusion autorisées 2023-2024",année 2023-2024,2026-08-24
television,TELE SANS SOUCI,IVES MARIE CHANEL,,,,22,CAP-HAITIEN,HT0311,Cap-Haïtien,NORD,SRC-058,"Données publiques haïtiennes — décret du 12/10/2005, art. 5 (textes officiels des autorités publiques et simples données)","CONATEL — Conseil National des Télécommunications, liste des stations de radiodiffusion autorisées 2023-2024",année 2023-2024,2026-08-24
television,TELE SAMBA,Mie MICHELLE SHEILA CHARLESTIN,,,,24,CAP-HAITIEN,HT0311,Cap-Haïtien,NORD,SRC-058,"Données publiques haïtiennes — décret du 12/10/2005, art. 5 (textes officiels des autorités publiques et simples données)","CONATEL — Conseil National des Télécommunications, liste des stations de radiodiffusion autorisées 2023-2024",année 2023-2024,2026-08-24
television,TELE ZENITH,RONY COLIN,,,,26,CAP-HAITIEN,HT0311,Cap-Haïtien,NORD,SRC-058,"Données publiques haïtiennes — décret du 12/10/2005, art. 5 (textes officiels des autorités publiques et simples données)","CONATEL — Conseil National des Télécommunications, liste des stations de radiodiffusion autorisées 2023-2024",année 2023-2024,2026-08-24
television,TELE TOP,NAHUM OMELER,,,,28,CAP-HAITIEN,HT0311,Cap-Haïtien,NORD,SRC-058,"Données publiques haïtiennes — décret du 12/10/2005, art. 5 (textes officiels des autorités publiques et simples données)","CONATEL — Conseil National des Télécommunications, liste des stations de radiodiffusion autorisées 2023-2024",année 2023-2024,2026-08-24
television,TELE SOUVENIR,CYRUS SIBERT,,,,32,CAP-HAITIEN,HT0311,Cap-Haïtien,NORD,SRC-058,"Données publiques haïtiennes — décret du 12/10/2005, art. 5 (textes officiels des autorités publiques et simples données)","CONATEL — Conseil National des Télécommunications, liste des stations de radiodiffusion autorisées 2023-2024",année 2023-2024,2026-08-24
television,TELE SHALOM (temporaire),ANDRE MUSCADIN,,,,36,CAP-HAITIEN,HT0311,Cap-Haïtien,NORD,SRC-058,"Données publiques haïtiennes — décret du 12/10/2005, art. 5 (textes officiels des autorités publiques et simples données)","CONATEL — Conseil National des Télécommunications, liste des stations de radiodiffusion autorisées 2023-2024",année 2023-2024,2026-08-24
television,TELE MERCURE,CEMEPHISE JULES,,,,40,CAP-HAITIEN,HT0311,Cap-Haïtien,NORD,SRC-058,"Données publiques haïtiennes — décret du 12/10/2005, art. 5 (textes officiels des autorités publiques et simples données)","CONATEL — Conseil National des Télécommunications, liste des stations de radiodiffusion autorisées 2023-2024",année 2023-2024,2026-08-24
television,TELE AC,HERODE AUGUSTIN,,,,42,CAP-HAITIEN,HT0311,Cap-Haïtien,NORD,SRC-058,"Données publiques haïtiennes — décret du 12/10/2005, art. 5 (textes officiels des autorités publiques et simples données)","CONATEL — Conseil National des Télécommunications, liste des stations de radiodiffusion autorisées 2023-2024",année 2023-2024,2026-08-24
television,STORM-TV,STEVE HALLOUN,,,,2,PORT-DE-PAIX,HT0911,Port-de-Paix,NORD-OUEST,SRC-058,"Données publiques haïtiennes — décret du 12/10/2005, art. 5 (textes officiels des autorités publiques et simples données)","CONATEL — Conseil National des Télécommunications, liste des stations de radiodiffusion autorisées 2023-2024",année 2023-2024,2026-08-24
television,TELE PORT-DE-PAIX,EYROLL CLAUDE JEAN,,,,4,PORT-DE-PAIX,HT0911,Port-de-Paix,NORD-OUEST,SRC-058,"Données publiques haïtiennes — décret du 12/10/2005, art. 5 (textes officiels des autorités publiques et simples données)","CONATEL — Conseil National des Télécommunications, liste des stations de radiodiffusion autorisées 2023-2024",année 2023-2024,2026-08-24
television,TV NORD'OUEST,SAINT AUBAIN SAINTIL,,,,6,PORT-DE-PAIX,HT0911,Port-de-Paix,NORD-OUEST,SRC-058,"Données publiques haïtiennes — décret du 12/10/2005, art. 5 (textes officiels des autorités publiques et simples données)","CONATEL — Conseil National des Télécommunications, liste des stations de radiodiffusion autorisées 2023-2024",année 2023-2024,2026-08-24
television,TELEVISION NATIONALE,ETAT,,,,13,PORT-DE-PAIX,HT0911,Port-de-Paix,NORD-OUEST,SRC-058,"Données publiques haïtiennes — décret du 12/10/2005, art. 5 (textes officiels des autorités publiques et simples données)","CONATEL — Conseil National des Télécommunications, liste des stations de radiodiffusion autorisées 2023-2024",année 2023-2024,2026-08-24
television,TELE GINEN,JEAN LUCIEN BORGES,,,,18,PORT DE PAIX,HT0911,Port-de-Paix,NORD-OUEST,SRC-058,"Données publiques haïtiennes — décret du 12/10/2005, art. 5 (textes officiels des autorités publiques et simples données)","CONATEL — Conseil National des Télécommunications, liste des stations de radiodiffusion autorisées 2023-2024",année 2023-2024,2026-08-24
television,TELE SAMBA,Mie MICHELLE SHEILA CHARLESTIN,,,,24,PORT DE PAIX,HT0911,Port-de-Paix,NORD-OUEST,SRC-058,"Données publiques haïtiennes — décret du 12/10/2005, art. 5 (textes officiels des autorités publiques et simples données)","CONATEL — Conseil National des Télécommunications, liste des stations de radiodiffusion autorisées 2023-2024",année 2023-2024,2026-08-24
television,TELE ZENITH,RONY COLIN,,,,26,PORT DE PAIX,HT0911,Port-de-Paix,NORD-OUEST,SRC-058,"Données publiques haïtiennes — décret du 12/10/2005, art. 5 (textes officiels des autorités publiques et simples données)","CONATEL — Conseil National des Télécommunications, liste des stations de radiodiffusion autorisées 2023-2024",année 2023-2024,2026-08-24
television,STORM-TV,STEVE HALLOUN,,,,2,GONAIVES,HT0511,Gonaïves,ARTIBONITE,SRC-058,"Données publiques haïtiennes — décret du 12/10/2005, art. 5 (textes officiels des autorités publiques et simples données)","CONATEL — Conseil National des Télécommunications, liste des stations de radiodiffusion autorisées 2023-2024",année 2023-2024,2026-08-24
television,TELE QUISQUEYA,KESHNER LOUIDOR,,,,5,SAINT MARC,HT0531,Saint-Marc,ARTIBONITE,SRC-058,"Données publiques haïtiennes — décret du 12/10/2005, art. 5 (textes officiels des autorités publiques et simples données)","CONATEL — Conseil National des Télécommunications, liste des stations de radiodiffusion autorisées 2023-2024",année 2023-2024,2026-08-24
television,TELE LJS,LOUIS-JEUNE ULYSSE,,,,7,SAINT MARC,HT0531,Saint-Marc,ARTIBONITE,SRC-058,"Données publiques haïtiennes — décret du 12/10/2005, art. 5 (textes officiels des autorités publiques et simples données)","CONATEL — Conseil National des Télécommunications, liste des stations de radiodiffusion autorisées 2023-2024",année 2023-2024,2026-08-24
television,TELE DYNASTY ORIGINAL,SERGE CARMELO FELIX,,,,9,SAINT MARC,HT0531,Saint-Marc,ARTIBONITE,SRC-058,"Données publiques haïtiennes — décret du 12/10/2005, art. 5 (textes officiels des autorités publiques et simples données)","CONATEL — Conseil National des Télécommunications, liste des stations de radiodiffusion autorisées 2023-2024",année 2023-2024,2026-08-24
television,TELEVISION NATIONALE D’HAITI,ETAT,,,,10,PILBOREAU,,,ARTIBONITE,SRC-058,"Données publiques haïtiennes — décret du 12/10/2005, art. 5 (textes officiels des autorités publiques et simples données)","CONATEL — Conseil National des Télécommunications, liste des stations de radiodiffusion autorisées 2023-2024",année 2023-2024,2026-08-24
television,TELE TIMOUN,FONDASYON ARISTIDE,oui,,,11,GONAIVES,HT0511,Gonaïves,ARTIBONITE,SRC-058,"Données publiques haïtiennes — décret du 12/10/2005, art. 5 (textes officiels des autorités publiques et simples données)","CONATEL — Conseil National des Télécommunications, liste des stations de radiodiffusion autorisées 2023-2024",année 2023-2024,2026-08-24
television,TELE ANAMI-Y,MARC ANTOINE ALDORPH,,,,13,SAINT MARC,HT0531,Saint-Marc,ARTIBONITE,SRC-058,"Données publiques haïtiennes — décret du 12/10/2005, art. 5 (textes officiels des autorités publiques et simples données)","CONATEL — Conseil National des Télécommunications, liste des stations de radiodiffusion autorisées 2023-2024",année 2023-2024,2026-08-24
television,TELE LOUVERTURE,CHOLZER CHANCY,,,,14,ENNERY,HT0512,Ennery,ARTIBONITE,SRC-058,"Données publiques haïtiennes — décret du 12/10/2005, art. 5 (textes officiels des autorités publiques et simples données)","CONATEL — Conseil National des Télécommunications, liste des stations de radiodiffusion autorisées 2023-2024",année 2023-2024,2026-08-24
television,TELE PROVINCIALE,REYNALD ORIVAL,,,,16,GONAIVES,HT0511,Gonaïves,ARTIBONITE,SRC-058,"Données publiques haïtiennes — décret du 12/10/2005, art. 5 (textes officiels des autorités publiques et simples données)","CONATEL — Conseil National des Télécommunications, liste des stations de radiodiffusion autorisées 2023-2024",année 2023-2024,2026-08-24
television,TELE GINEN,JEAN LUCIEN BORGES,,,,18,GONAIVES,HT0511,Gonaïves,ARTIBONITE,SRC-058,"Données publiques haïtiennes — décret du 12/10/2005, art. 5 (textes officiels des autorités publiques et simples données)","CONATEL — Conseil National des Télécommunications, liste des stations de radiodiffusion autorisées 2023-2024",année 2023-2024,2026-08-24
television,TELE RAYON,MOISES TULICE,,,,20,MARCHAND DESSALINES,HT0541,Dessalines,ARTIBONITE,SRC-058,"Données publiques haïtiennes — décret du 12/10/2005, art. 5 (textes officiels des autorités publiques et simples données)","CONATEL — Conseil National des Télécommunications, liste des stations de radiodiffusion autorisées 2023-2024",année 2023-2024,2026-08-24
television,TELE TRADITION (temporaire),ALIX METELLUS,,,,22,GONAIVES,HT0511,Gonaïves,ARTIBONITE,SRC-058,"Données publiques haïtiennes — décret du 12/10/2005, art. 5 (textes officiels des autorités publiques et simples données)","CONATEL — Conseil National des Télécommunications, liste des stations de radiodiffusion autorisées 2023-2024",année 2023-2024,2026-08-24
television,TELE SAMBA,Mie MICHELLE SHEILA CHARLESTIN,,,,24,GONAIVES,HT0511,Gonaïves,ARTIBONITE,SRC-058,"Données publiques haïtiennes — décret du 12/10/2005, art. 5 (textes officiels des autorités publiques et simples données)","CONATEL — Conseil National des Télécommunications, liste des stations de radiodiffusion autorisées 2023-2024",année 2023-2024,2026-08-24
television,TELE ZENITH,RONY COLIN,,,,26,SAINT MARC,HT0531,Saint-Marc,ARTIBONITE,SRC-058,"Données publiques haïtiennes — décret du 12/10/2005, art. 5 (textes officiels des autorités publiques et simples données)","CONATEL — Conseil National des Télécommunications, liste des stations de radiodiffusion autorisées 2023-2024",année 2023-2024,2026-08-24
television,TELE AC,HERODE AUGUSTIN,,,,28,ST MARC,HT0531,Saint-Marc,ARTIBONITE,SRC-058,"Données publiques haïtiennes — décret du 12/10/2005, art. 5 (textes officiels des autorités publiques et simples données)","CONATEL — Conseil National des Télécommunications, liste des stations de radiodiffusion autorisées 2023-2024",année 2023-2024,2026-08-24
television,TELE ALEPH,Saint-Alais Abraham MADET,,,,30,Gonaives,HT0511,Gonaïves,ARTIBONITE,SRC-058,"Données publiques haïtiennes — décret du 12/10/2005, art. 5 (textes officiels des autorités publiques et simples données)","CONATEL — Conseil National des Télécommunications, liste des stations de radiodiffusion autorisées 2023-2024",année 2023-2024,2026-08-24
television,Radio tele Shekinah,GREGORY TOUSSAINT,,,,32,Gonaives,HT0511,Gonaïves,ARTIBONITE,SRC-058,"Données publiques haïtiennes — décret du 12/10/2005, art. 5 (textes officiels des autorités publiques et simples données)","CONATEL — Conseil National des Télécommunications, liste des stations de radiodiffusion autorisées 2023-2024",année 2023-2024,2026-08-24
television,TELE LESPRI LIBERASYON,RONALD THEOPHILE,,,,34,GONAIVES,HT0511,Gonaïves,ARTIBONITE,SRC-058,"Données publiques haïtiennes — décret du 12/10/2005, art. 5 (textes officiels des autorités publiques et simples données)","CONATEL — Conseil National des Télécommunications, liste des stations de radiodiffusion autorisées 2023-2024",année 2023-2024,2026-08-24
television,STORM-TV,STEVE HALLOUN,,,,2,CAYES,HT0711,Les Cayes,SUD,SRC-058,"Données publiques haïtiennes — décret du 12/10/2005, art. 5 (textes officiels des autorités publiques et simples données)","CONATEL — Conseil National des Télécommunications, liste des stations de radiodiffusion autorisées 2023-2024",année 2023-2024,2026-08-24
television,TELE CARAMEL,JEAN-BAPTISTE YVES WENCHEL,,,,4,CAYES,HT0711,Les Cayes,SUD,SRC-058,"Données publiques haïtiennes — décret du 12/10/2005, art. 5 (textes officiels des autorités publiques et simples données)","CONATEL — Conseil National des Télécommunications, liste des stations de radiodiffusion autorisées 2023-2024",année 2023-2024,2026-08-24
television,TELE 6 UNIVERS,DESIR DORCELLY FILS,,,,6,CAYES,HT0711,Les Cayes,SUD,SRC-058,"Données publiques haïtiennes — décret du 12/10/2005, art. 5 (textes officiels des autorités publiques et simples données)","CONATEL — Conseil National des Télécommunications, liste des stations de radiodiffusion autorisées 2023-2024",année 2023-2024,2026-08-24
television,TELEVISION NATIONALE,ETAT,,,,8,CAYES,HT0711,Les Cayes,SUD,SRC-058,"Données publiques haïtiennes — décret du 12/10/2005, art. 5 (textes officiels des autorités publiques et simples données)","CONATEL — Conseil National des Télécommunications, liste des stations de radiodiffusion autorisées 2023-2024",année 2023-2024,2026-08-24
television,TELE NAMI INTER,ROSE LILIANE CHARLES LETANG,,,,10,CAYES,HT0711,Les Cayes,SUD,SRC-058,"Données publiques haïtiennes — décret du 12/10/2005, art. 5 (textes officiels des autorités publiques et simples données)","CONATEL — Conseil National des Télécommunications, liste des stations de radiodiffusion autorisées 2023-2024",année 2023-2024,2026-08-24
television,TELE GRAND SUD (RTGS),RICHIE FRITZNER CHARLES,,,,11,CAYES,HT0711,Les Cayes,SUD,SRC-058,"Données publiques haïtiennes — décret du 12/10/2005, art. 5 (textes officiels des autorités publiques et simples données)","CONATEL — Conseil National des Télécommunications, liste des stations de radiodiffusion autorisées 2023-2024",année 2023-2024,2026-08-24
television,TELEVISION DE LA METROPOLE DU SUD,CARLO JEAN JACQUES,,,,12,CAYES,HT0711,Les Cayes,SUD,SRC-058,"Données publiques haïtiennes — décret du 12/10/2005, art. 5 (textes officiels des autorités publiques et simples données)","CONATEL — Conseil National des Télécommunications, liste des stations de radiodiffusion autorisées 2023-2024",année 2023-2024,2026-08-24
television,TELE TIMOUN,FONDATION ARISTIDE,oui,,,13,CAYES,HT0711,Les Cayes,SUD,SRC-058,"Données publiques haïtiennes — décret du 12/10/2005, art. 5 (textes officiels des autorités publiques et simples données)","CONATEL — Conseil National des Télécommunications, liste des stations de radiodiffusion autorisées 2023-2024",année 2023-2024,2026-08-24
television,TELE HIRONDELLE (temporaire),FERNANDE DAUDIER,,,,16,TORBECK,HT0712,Torbeck,SUD,SRC-058,"Données publiques haïtiennes — décret du 12/10/2005, art. 5 (textes officiels des autorités publiques et simples données)","CONATEL — Conseil National des Télécommunications, liste des stations de radiodiffusion autorisées 2023-2024",année 2023-2024,2026-08-24
television,TELE GINEN,JEAN LUCIEN BORGES,,,,18,CAYES,HT0711,Les Cayes,SUD,SRC-058,"Données publiques haïtiennes — décret du 12/10/2005, art. 5 (textes officiels des autorités publiques et simples données)","CONATEL — Conseil National des Télécommunications, liste des stations de radiodiffusion autorisées 2023-2024",année 2023-2024,2026-08-24
television,TELE PROMO,PIERRE FRANKY EXIUS,,,,20,TORBECK,HT0712,Torbeck,SUD,SRC-058,"Données publiques haïtiennes — décret du 12/10/2005, art. 5 (textes officiels des autorités publiques et simples données)","CONATEL — Conseil National des Télécommunications, liste des stations de radiodiffusion autorisées 2023-2024",année 2023-2024,2026-08-24
television,TELE PRESQU’IL DU SUD,RICHARD FOURCAND,,,,22,CAYES,HT0711,Les Cayes,SUD,SRC-058,"Données publiques haïtiennes — décret du 12/10/2005, art. 5 (textes officiels des autorités publiques et simples données)","CONATEL — Conseil National des Télécommunications, liste des stations de radiodiffusion autorisées 2023-2024",année 2023-2024,2026-08-24
television,TELE LOGOS (temporaire),GREGORY TOUSSAINT,,,,26,CAYES,HT0711,Les Cayes,SUD,SRC-058,"Données publiques haïtiennes — décret du 12/10/2005, art. 5 (textes officiels des autorités publiques et simples données)","CONATEL — Conseil National des Télécommunications, liste des stations de radiodiffusion autorisées 2023-2024",année 2023-2024,2026-08-24
television,TELE LA BRISE,LOUIS MAX ALAIN,,,,28,CAMP PERIN,HT0714,Camp-Perrin,SUD,SRC-058,"Données publiques haïtiennes — décret du 12/10/2005, art. 5 (textes officiels des autorités publiques et simples données)","CONATEL — Conseil National des Télécommunications, liste des stations de radiodiffusion autorisées 2023-2024",année 2023-2024,2026-08-24
television,TELE HEXAGONE,MIGUELINE GASPARD,,,,30,CAYES,HT0711,Les Cayes,SUD,SRC-058,"Données publiques haïtiennes — décret du 12/10/2005, art. 5 (textes officiels des autorités publiques et simples données)","CONATEL — Conseil National des Télécommunications, liste des stations de radiodiffusion autorisées 2023-2024",année 2023-2024,2026-08-24
television,TELE TRIPLE J PLUS,Quant Garibaldy Bercy LUNDY,,,,32,CAYES,HT0711,Les Cayes,SUD,SRC-058,"Données publiques haïtiennes — décret du 12/10/2005, art. 5 (textes officiels des autorités publiques et simples données)","CONATEL — Conseil National des Télécommunications, liste des stations de radiodiffusion autorisées 2023-2024",année 2023-2024,2026-08-24
television,TELE TILUPE(temporaire),GEORGY ALERTE MAURICE,,,,34,CAYES,HT0711,Les Cayes,SUD,SRC-058,"Données publiques haïtiennes — décret du 12/10/2005, art. 5 (textes officiels des autorités publiques et simples données)","CONATEL — Conseil National des Télécommunications, liste des stations de radiodiffusion autorisées 2023-2024",année 2023-2024,2026-08-24
television,STORM-TV,STEVE HALLOUN,,,,2,JACMEL,HT0211,Jacmel,SUD-EST,SRC-058,"Données publiques haïtiennes — décret du 12/10/2005, art. 5 (textes officiels des autorités publiques et simples données)","CONATEL — Conseil National des Télécommunications, liste des stations de radiodiffusion autorisées 2023-2024",année 2023-2024,2026-08-24
television,TELEVISION NATIONALE,ETAT,,,,8,JACMEL,HT0211,Jacmel,SUD-EST,SRC-058,"Données publiques haïtiennes — décret du 12/10/2005, art. 5 (textes officiels des autorités publiques et simples données)","CONATEL — Conseil National des Télécommunications, liste des stations de radiodiffusion autorisées 2023-2024",année 2023-2024,2026-08-24
television,TELE TIMOUN,FONDATION ARISTIDE,oui,,,11,JACMEL,HT0211,Jacmel,SUD-EST,SRC-058,"Données publiques haïtiennes — décret du 12/10/2005, art. 5 (textes officiels des autorités publiques et simples données)","CONATEL — Conseil National des Télécommunications, liste des stations de radiodiffusion autorisées 2023-2024",année 2023-2024,2026-08-24
television,J2W,JOELLE P. LARCO,,,,16,JACMEL,HT0211,Jacmel,SUD-EST,SRC-058,"Données publiques haïtiennes — décret du 12/10/2005, art. 5 (textes officiels des autorités publiques et simples données)","CONATEL — Conseil National des Télécommunications, liste des stations de radiodiffusion autorisées 2023-2024",année 2023-2024,2026-08-24
television,TELE GINEN,JEAN LUCIEN BORGES,,,,18,JACMEL,HT0211,Jacmel,SUD-EST,SRC-058,"Données publiques haïtiennes — décret du 12/10/2005, art. 5 (textes officiels des autorités publiques et simples données)","CONATEL — Conseil National des Télécommunications, liste des stations de radiodiffusion autorisées 2023-2024",année 2023-2024,2026-08-24
television,TELE SUD ESTAR,JESULA DOMOND LAMBERT,,,,20,JACMEL,HT0211,Jacmel,SUD-EST,SRC-058,"Données publiques haïtiennes — décret du 12/10/2005, art. 5 (textes officiels des autorités publiques et simples données)","CONATEL — Conseil National des Télécommunications, liste des stations de radiodiffusion autorisées 2023-2024",année 2023-2024,2026-08-24
television,TELE SAMBA,Mie MICHELLE SHEILA CHARLESTIN,,,,24,JACMEL,HT0211,Jacmel,SUD-EST,SRC-058,"Données publiques haïtiennes — décret du 12/10/2005, art. 5 (textes officiels des autorités publiques et simples données)","CONATEL — Conseil National des Télécommunications, liste des stations de radiodiffusion autorisées 2023-2024",année 2023-2024,2026-08-24
television,TELE ZENITH,RONY COLIN,,,,26,JACMEL,HT0211,Jacmel,SUD-EST,SRC-058,"Données publiques haïtiennes — décret du 12/10/2005, art. 5 (textes officiels des autorités publiques et simples données)","CONATEL — Conseil National des Télécommunications, liste des stations de radiodiffusion autorisées 2023-2024",année 2023-2024,2026-08-24
television,TELE HEXAGONE,MIGUELINE GASPARD,,,,28,JACMEL,HT0211,Jacmel,SUD-EST,SRC-058,"Données publiques haïtiennes — décret du 12/10/2005, art. 5 (textes officiels des autorités publiques et simples données)","CONATEL — Conseil National des Télécommunications, liste des stations de radiodiffusion autorisées 2023-2024",année 2023-2024,2026-08-24
television,TELE METRONOME,DIEUSEUL GUERRIER,,,,30,JACMEL,HT0211,Jacmel,SUD-EST,SRC-058,"Données publiques haïtiennes — décret du 12/10/2005, art. 5 (textes officiels des autorités publiques et simples données)","CONATEL — Conseil National des Télécommunications, liste des stations de radiodiffusion autorisées 2023-2024",année 2023-2024,2026-08-24
television,STORM-TV,STEVE HALLOUN,,,,2,HINCHE,HT0611,Hinche,CENTRE,SRC-058,"Données publiques haïtiennes — décret du 12/10/2005, art. 5 (textes officiels des autorités publiques et simples données)","CONATEL — Conseil National des Télécommunications, liste des stations de radiodiffusion autorisées 2023-2024",année 2023-2024,2026-08-24
television,TELEVISION NATIONALE D’HAITI,ETAT,,,,4,HINCHE,HT0611,Hinche,CENTRE,SRC-058,"Données publiques haïtiennes — décret du 12/10/2005, art. 5 (textes officiels des autorités publiques et simples données)","CONATEL — Conseil National des Télécommunications, liste des stations de radiodiffusion autorisées 2023-2024",année 2023-2024,2026-08-24
television,TELE SEVEN STARS,RONALD AMBOISE,,,,7,HINCHE,HT0611,Hinche,CENTRE,SRC-058,"Données publiques haïtiennes — décret du 12/10/2005, art. 5 (textes officiels des autorités publiques et simples données)","CONATEL — Conseil National des Télécommunications, liste des stations de radiodiffusion autorisées 2023-2024",année 2023-2024,2026-08-24
television,TELE TIMOUN,FONDATION ARISTIDE,oui,,,9,HINCHE,HT0611,Hinche,CENTRE,SRC-058,"Données publiques haïtiennes — décret du 12/10/2005, art. 5 (textes officiels des autorités publiques et simples données)","CONATEL — Conseil National des Télécommunications, liste des stations de radiodiffusion autorisées 2023-2024",année 2023-2024,2026-08-24
television,TELE SUPER CONTINENTAL (temporaire),SERGE CELESTIN,,,,10,HINCHE,HT0611,Hinche,CENTRE,SRC-058,"Données publiques haïtiennes — décret du 12/10/2005, art. 5 (textes officiels des autorités publiques et simples données)","CONATEL — Conseil National des Télécommunications, liste des stations de radiodiffusion autorisées 2023-2024",année 2023-2024,2026-08-24
television,TELE CANAL 11,JEAN PAUL ELIE,,,,17,MIREBALAIS,HT0621,Mirebalais,CENTRE,SRC-058,"Données publiques haïtiennes — décret du 12/10/2005, art. 5 (textes officiels des autorités publiques et simples données)","CONATEL — Conseil National des Télécommunications, liste des stations de radiodiffusion autorisées 2023-2024",année 2023-2024,2026-08-24
television,TELE GINEN,JEAN LUCIEN BORGES,,,,18,HINCHE,HT0611,Hinche,CENTRE,SRC-058,"Données publiques haïtiennes — décret du 12/10/2005, art. 5 (textes officiels des autorités publiques et simples données)","CONATEL — Conseil National des Télécommunications, liste des stations de radiodiffusion autorisées 2023-2024",année 2023-2024,2026-08-24
television,TELE MEN,JIHA JEAN JUNIOR,,,,20,HINCHE,HT0611,Hinche,CENTRE,SRC-058,"Données publiques haïtiennes — décret du 12/10/2005, art. 5 (textes officiels des autorités publiques et simples données)","CONATEL — Conseil National des Télécommunications, liste des stations de radiodiffusion autorisées 2023-2024",année 2023-2024,2026-08-24
television,TELE ZENITH,RONY COLIN,,,,26,HINCHE,HT0611,Hinche,CENTRE,SRC-058,"Données publiques haïtiennes — décret du 12/10/2005, art. 5 (textes officiels des autorités publiques et simples données)","CONATEL — Conseil National des Télécommunications, liste des stations de radiodiffusion autorisées 2023-2024",année 2023-2024,2026-08-24
television,TELE ROSSIGNOL,A.ODON BIEN-AIME,,,,48,CERCA CAVAJAL,HT0614,Cerca Carvajal,CENTRE,SRC-058,"Données publiques haïtiennes — décret du 12/10/2005, art. 5 (textes officiels des autorités publiques et simples données)","CONATEL — Conseil National des Télécommunications, liste des stations de radiodiffusion autorisées 2023-2024",année 2023-2024,2026-08-24
television,STORM-TV,STEVE HALLOUN,,,,2,JEREMIE,HT0811,Jérémie,GRAND-ANSE,SRC-058,"Données publiques haïtiennes — décret du 12/10/2005, art. 5 (textes officiels des autorités publiques et simples données)","CONATEL — Conseil National des Télécommunications, liste des stations de radiodiffusion autorisées 2023-2024",année 2023-2024,2026-08-24
television,TELE GRAND’ANSE PLUS,LOUINES LOUIS,,,,5,JEREMIE,HT0811,Jérémie,GRAND-ANSE,SRC-058,"Données publiques haïtiennes — décret du 12/10/2005, art. 5 (textes officiels des autorités publiques et simples données)","CONATEL — Conseil National des Télécommunications, liste des stations de radiodiffusion autorisées 2023-2024",année 2023-2024,2026-08-24
television,TELE NATIONALE,ETAT,,,,7,JEREMIE,HT0811,Jérémie,GRAND-ANSE,SRC-058,"Données publiques haïtiennes — décret du 12/10/2005, art. 5 (textes officiels des autorités publiques et simples données)","CONATEL — Conseil National des Télécommunications, liste des stations de radiodiffusion autorisées 2023-2024",année 2023-2024,2026-08-24
television,TELE TIMOUN,FONDATION ARISTIDE,oui,,,9,JEREMIE,HT0811,Jérémie,GRAND-ANSE,SRC-058,"Données publiques haïtiennes — décret du 12/10/2005, art. 5 (textes officiels des autorités publiques et simples données)","CONATEL — Conseil National des Télécommunications, liste des stations de radiodiffusion autorisées 2023-2024",année 2023-2024,2026-08-24
television,TELE MUSE (temporaire),JANIN LEONIDAS,,,,14,JEREMIE,HT0811,Jérémie,GRAND-ANSE,SRC-058,"Données publiques haïtiennes — décret du 12/10/2005, art. 5 (textes officiels des autorités publiques et simples données)","CONATEL — Conseil National des Télécommunications, liste des stations de radiodiffusion autorisées 2023-2024",année 2023-2024,2026-08-24
television,TELE GINEN,JEAN LUCIEN BORGES,,,,18,JEREMIE,HT0811,Jérémie,GRAND-ANSE,SRC-058,"Données publiques haïtiennes — décret du 12/10/2005, art. 5 (textes officiels des autorités publiques et simples données)","CONATEL — Conseil National des Télécommunications, liste des stations de radiodiffusion autorisées 2023-2024",année 2023-2024,2026-08-24
television,TELE KAYMAR,LOUIS JOSEPH NARCISSE,,,,20,JEREMIE,HT0811,Jérémie,GRAND-ANSE,SRC-058,"Données publiques haïtiennes — décret du 12/10/2005, art. 5 (textes officiels des autorités publiques et simples données)","CONATEL — Conseil National des Télécommunications, liste des stations de radiodiffusion autorisées 2023-2024",année 2023-2024,2026-08-24
television,TELE SAMBA,MARIE MICHELLE SHEILA CHARLESTIN,,,,24,JEREMIE,HT0811,Jérémie,GRAND-ANSE,SRC-058,"Données publiques haïtiennes — décret du 12/10/2005, art. 5 (textes officiels des autorités publiques et simples données)","CONATEL — Conseil National des Télécommunications, liste des stations de radiodiffusion autorisées 2023-2024",année 2023-2024,2026-08-24
television,TELE ZENITH,RONY COLIN,,,,26,JEREMIE,HT0811,Jérémie,GRAND-ANSE,SRC-058,"Données publiques haïtiennes — décret du 12/10/2005, art. 5 (textes officiels des autorités publiques et simples données)","CONATEL — Conseil National des Télécommunications, liste des stations de radiodiffusion autorisées 2023-2024",année 2023-2024,2026-08-24
television,SACRE-COEUR,Quant Garibaldy Bercy LUNDY,,,,28,JEREMIE,HT0811,Jérémie,GRAND-ANSE,SRC-058,"Données publiques haïtiennes — décret du 12/10/2005, art. 5 (textes officiels des autorités publiques et simples données)","CONATEL — Conseil National des Télécommunications, liste des stations de radiodiffusion autorisées 2023-2024",année 2023-2024,2026-08-24
television,STORM-TV,STEVE HALLOUN,,,,2,MIRAGOANE,HT1011,Miragoâne,NIPPES,SRC-058,"Données publiques haïtiennes — décret du 12/10/2005, art. 5 (textes officiels des autorités publiques et simples données)","CONATEL — Conseil National des Télécommunications, liste des stations de radiodiffusion autorisées 2023-2024",année 2023-2024,2026-08-24
television,TELE CARAIBBEAN,ALIX TROPNAS,,,,4,MIRAGOANE,HT1011,Miragoâne,NIPPES,SRC-058,"Données publiques haïtiennes — décret du 12/10/2005, art. 5 (textes officiels des autorités publiques et simples données)","CONATEL — Conseil National des Télécommunications, liste des stations de radiodiffusion autorisées 2023-2024",année 2023-2024,2026-08-24
television,TELE SAMBA,MARIE MICHELLE SHEILA CHARLESTIN,,,,24,JEREMIE,HT0811,Jérémie,NIPPES,SRC-058,"Données publiques haïtiennes — décret du 12/10/2005, art. 5 (textes officiels des autorités publiques et simples données)","CONATEL — Conseil National des Télécommunications, liste des stations de radiodiffusion autorisées 2023-2024",année 2023-2024,2026-08-24
