indicateur_id,libelle_source,langue_du_libelle,famille,sous_famille_source,type_de_mesure,est_un_effectif,valeurs,enquetes,annees,premiere_enquete,derniere_enquete,regions_distinctes,fait_une_serie,source_id,licence
CO_INUS_M_DAY,Men who used the internet almost every day,en,Accès à l'information,Internet usage,pourcentage,non,12,1,2016,2016,2016,12,non,SRC-066,"Libre d'usage — la seule condition posée par le producteur est la citation ; ni inscription, ni restriction de rediffusion"
CO_INUS_M_EVU,Men who ever used the internet,en,Accès à l'information,Internet usage,pourcentage,non,12,1,2016,2016,2016,12,non,SRC-066,"Libre d'usage — la seule condition posée par le producteur est la citation ; ni inscription, ni restriction de rediffusion"
CO_INUS_M_LES,Men who used the internet less than once a week,en,Accès à l'information,Internet usage,pourcentage,non,12,1,2016,2016,2016,12,non,SRC-066,"Libre d'usage — la seule condition posée par le producteur est la citation ; ni inscription, ni restriction de rediffusion"
CO_INUS_M_NM1,Number of men who used the internet,en,Accès à l'information,Internet usage,effectif,oui,12,1,2016,2016,2016,12,non,SRC-066,"Libre d'usage — la seule condition posée par le producteur est la citation ; ni inscription, ni restriction de rediffusion"
CO_INUS_M_NON,Men who did not use the internet at all,en,Accès à l'information,Internet usage,pourcentage,non,12,1,2016,2016,2016,12,non,SRC-066,"Libre d'usage — la seule condition posée par le producteur est la citation ; ni inscription, ni restriction de rediffusion"
CO_INUS_M_NUM,Number of men,en,Accès à l'information,Internet usage,effectif,oui,12,1,2016,2016,2016,12,non,SRC-066,"Libre d'usage — la seule condition posée par le producteur est la citation ; ni inscription, ni restriction de rediffusion"
CO_INUS_M_TOT,Total,en,Accès à l'information,Internet usage,pourcentage,non,12,1,2016,2016,2016,12,non,SRC-066,"Libre d'usage — la seule condition posée par le producteur est la citation ; ni inscription, ni restriction de rediffusion"
CO_INUS_M_U12,Men who used the internet in the past 12 months,en,Accès à l'information,Internet usage,pourcentage,non,12,1,2016,2016,2016,12,non,SRC-066,"Libre d'usage — la seule condition posée par le producteur est la citation ; ni inscription, ni restriction de rediffusion"
CO_INUS_M_UN1,Number of men who used the internet (unweighted),en,Accès à l'information,Internet usage,effectif,oui,12,1,2016,2016,2016,12,non,SRC-066,"Libre d'usage — la seule condition posée par le producteur est la citation ; ni inscription, ni restriction de rediffusion"
CO_INUS_M_UNW,Number of men (unweighted),en,Accès à l'information,Internet usage,effectif,oui,12,1,2016,2016,2016,12,non,SRC-066,"Libre d'usage — la seule condition posée par le producteur est la citation ; ni inscription, ni restriction de rediffusion"
CO_INUS_M_WEK,Men who used the internet at least once a week,en,Accès à l'information,Internet usage,pourcentage,non,12,1,2016,2016,2016,12,non,SRC-066,"Libre d'usage — la seule condition posée par le producteur est la citation ; ni inscription, ni restriction de rediffusion"
CO_INUS_W_DAY,Women who used the internet almost every day,en,Accès à l'information,Internet usage,pourcentage,non,12,1,2016,2016,2016,12,non,SRC-066,"Libre d'usage — la seule condition posée par le producteur est la citation ; ni inscription, ni restriction de rediffusion"
CO_INUS_W_EVU,Women who ever used the internet,en,Accès à l'information,Internet usage,pourcentage,non,12,1,2016,2016,2016,12,non,SRC-066,"Libre d'usage — la seule condition posée par le producteur est la citation ; ni inscription, ni restriction de rediffusion"
CO_INUS_W_LES,Women who used the internet less than once a week,en,Accès à l'information,Internet usage,pourcentage,non,12,1,2016,2016,2016,12,non,SRC-066,"Libre d'usage — la seule condition posée par le producteur est la citation ; ni inscription, ni restriction de rediffusion"
CO_INUS_W_NM1,Number of women who used the internet,en,Accès à l'information,Internet usage,effectif,oui,12,1,2016,2016,2016,12,non,SRC-066,"Libre d'usage — la seule condition posée par le producteur est la citation ; ni inscription, ni restriction de rediffusion"
CO_INUS_W_NON,Women who did not use the internet at all,en,Accès à l'information,Internet usage,pourcentage,non,12,1,2016,2016,2016,12,non,SRC-066,"Libre d'usage — la seule condition posée par le producteur est la citation ; ni inscription, ni restriction de rediffusion"
CO_INUS_W_NUM,Number of women,en,Accès à l'information,Internet usage,effectif,oui,12,1,2016,2016,2016,12,non,SRC-066,"Libre d'usage — la seule condition posée par le producteur est la citation ; ni inscription, ni restriction de rediffusion"
CO_INUS_W_TOT,Total,en,Accès à l'information,Internet usage,pourcentage,non,12,1,2016,2016,2016,12,non,SRC-066,"Libre d'usage — la seule condition posée par le producteur est la citation ; ni inscription, ni restriction de rediffusion"
CO_INUS_W_U12,Women who used the internet in the past 12 months,en,Accès à l'information,Internet usage,pourcentage,non,12,1,2016,2016,2016,12,non,SRC-066,"Libre d'usage — la seule condition posée par le producteur est la citation ; ni inscription, ni restriction de rediffusion"
CO_INUS_W_UN1,Number of women who used the internet (unweighted),en,Accès à l'information,Internet usage,effectif,oui,12,1,2016,2016,2016,12,non,SRC-066,"Libre d'usage — la seule condition posée par le producteur est la citation ; ni inscription, ni restriction de rediffusion"
CO_INUS_W_WEK,Women who used the internet at least once a week,en,Accès à l'information,Internet usage,pourcentage,non,12,1,2016,2016,2016,12,non,SRC-066,"Libre d'usage — la seule condition posée par le producteur est la citation ; ni inscription, ni restriction de rediffusion"
CO_MOBB_M_BNK,Men who have a bank account,en,Accès à l'information,Mobile phone and banking,pourcentage,non,12,1,2016,2016,2016,12,non,SRC-066,"Libre d'usage — la seule condition posée par le producteur est la citation ; ni inscription, ni restriction de rediffusion"
CO_MOBB_M_DFT,Men who have and used a bank account or used a mobile phone for financial transactions,en,Accès à l'information,Mobile phone and banking,pourcentage,non,12,1,2016,2016,2016,12,non,SRC-066,"Libre d'usage — la seule condition posée par le producteur est la citation ; ni inscription, ni restriction de rediffusion"
CO_MOBB_M_MBF,Men who use a mobile phone for financial transactions,en,Accès à l'information,Mobile phone and banking,pourcentage,non,12,1,2016,2016,2016,12,non,SRC-066,"Libre d'usage — la seule condition posée par le producteur est la citation ; ni inscription, ni restriction de rediffusion"
CO_MOBB_M_MOB,Men who own a mobile phone,en,Accès à l'information,Mobile phone and banking,pourcentage,non,12,1,2016,2016,2016,12,non,SRC-066,"Libre d'usage — la seule condition posée par le producteur est la citation ; ni inscription, ni restriction de rediffusion"
CO_MOBB_M_NM1,Number of men who own a mobile phone,en,Accès à l'information,Mobile phone and banking,effectif,oui,12,1,2016,2016,2016,12,non,SRC-066,"Libre d'usage — la seule condition posée par le producteur est la citation ; ni inscription, ni restriction de rediffusion"
CO_MOBB_M_NUM,Number of men,en,Accès à l'information,Mobile phone and banking,effectif,oui,12,1,2016,2016,2016,12,non,SRC-066,"Libre d'usage — la seule condition posée par le producteur est la citation ; ni inscription, ni restriction de rediffusion"
CO_MOBB_M_SPT,Men who used a mobile phone for financial transactions [all men],en,Accès à l'information,Mobile phone and banking,pourcentage,non,12,1,2016,2016,2016,12,non,SRC-066,"Libre d'usage — la seule condition posée par le producteur est la citation ; ni inscription, ni restriction de rediffusion"
CO_MOBB_M_UN1,Number of men who own a mobile phone (unweighted),en,Accès à l'information,Mobile phone and banking,effectif,oui,12,1,2016,2016,2016,12,non,SRC-066,"Libre d'usage — la seule condition posée par le producteur est la citation ; ni inscription, ni restriction de rediffusion"
CO_MOBB_M_UNW,Number of men (unweighted),en,Accès à l'information,Mobile phone and banking,effectif,oui,12,1,2016,2016,2016,12,non,SRC-066,"Libre d'usage — la seule condition posée par le producteur est la citation ; ni inscription, ni restriction de rediffusion"
CO_MOBB_W_BNK,Women who have a bank account,en,Accès à l'information,Mobile phone and banking,pourcentage,non,12,1,2016,2016,2016,12,non,SRC-066,"Libre d'usage — la seule condition posée par le producteur est la citation ; ni inscription, ni restriction de rediffusion"
CO_MOBB_W_DFT,Women who have and used a bank account or used a mobile phone for financial transactions,en,Accès à l'information,Mobile phone and banking,pourcentage,non,12,1,2016,2016,2016,12,non,SRC-066,"Libre d'usage — la seule condition posée par le producteur est la citation ; ni inscription, ni restriction de rediffusion"
CO_MOBB_W_MBF,Women who use a mobile phone for financial transactions,en,Accès à l'information,Mobile phone and banking,pourcentage,non,12,1,2016,2016,2016,12,non,SRC-066,"Libre d'usage — la seule condition posée par le producteur est la citation ; ni inscription, ni restriction de rediffusion"
CO_MOBB_W_MOB,Women who own a mobile phone,en,Accès à l'information,Mobile phone and banking,pourcentage,non,12,1,2016,2016,2016,12,non,SRC-066,"Libre d'usage — la seule condition posée par le producteur est la citation ; ni inscription, ni restriction de rediffusion"
CO_MOBB_W_NM1,Number of women who own a mobile phone,en,Accès à l'information,Mobile phone and banking,effectif,oui,12,1,2016,2016,2016,12,non,SRC-066,"Libre d'usage — la seule condition posée par le producteur est la citation ; ni inscription, ni restriction de rediffusion"
CO_MOBB_W_NUM,Number of women,en,Accès à l'information,Mobile phone and banking,effectif,oui,12,1,2016,2016,2016,12,non,SRC-066,"Libre d'usage — la seule condition posée par le producteur est la citation ; ni inscription, ni restriction de rediffusion"
CO_MOBB_W_SPT,Women who used a mobile phone for financial transactions [all women],en,Accès à l'information,Mobile phone and banking,pourcentage,non,12,1,2016,2016,2016,12,non,SRC-066,"Libre d'usage — la seule condition posée par le producteur est la citation ; ni inscription, ni restriction de rediffusion"
CO_MOBB_W_UN1,Number of women who own a mobile phone (unweighted),en,Accès à l'information,Mobile phone and banking,effectif,oui,12,1,2016,2016,2016,12,non,SRC-066,"Libre d'usage — la seule condition posée par le producteur est la citation ; ni inscription, ni restriction de rediffusion"
CO_MOBB_W_UNW,Number of women (unweighted),en,Accès à l'information,Mobile phone and banking,effectif,oui,12,1,2016,2016,2016,12,non,SRC-066,"Libre d'usage — la seule condition posée par le producteur est la citation ; ni inscription, ni restriction de rediffusion"
SX_AAFS_M_M20,Median age at first sexual intercourse [Men]: 20-24,en,Activité sexuelle,Median age at first sexual intercourse,médiane,non,47,4,2000 2006 2012 2016,2000,2016,13,oui,SRC-066,"Libre d'usage — la seule condition posée par le producteur est la citation ; ni inscription, ni restriction de rediffusion"
SX_AAFS_M_M25,Median age at first sexual intercourse [Men]: 25-29,en,Activité sexuelle,Median age at first sexual intercourse,médiane,non,47,4,2000 2006 2012 2016,2000,2016,13,oui,SRC-066,"Libre d'usage — la seule condition posée par le producteur est la citation ; ni inscription, ni restriction de rediffusion"
SX_AAFS_M_M2A,"Median age at first sexual intercourse [Men]: 20-49(54,59)",en,Activité sexuelle,Median age at first sexual intercourse,médiane,non,46,4,2000 2006 2012 2016,2000,2016,13,oui,SRC-066,"Libre d'usage — la seule condition posée par le producteur est la citation ; ni inscription, ni restriction de rediffusion"
SX_AAFS_M_M2B,"Median age at first sexual intercourse [Men]: 25-49(54,59)",en,Activité sexuelle,Median age at first sexual intercourse,médiane,non,47,4,2000 2006 2012 2016,2000,2016,13,oui,SRC-066,"Libre d'usage — la seule condition posée par le producteur est la citation ; ni inscription, ni restriction de rediffusion"
SX_AAFS_M_M30,Median age at first sexual intercourse [Men]: 30-34,en,Activité sexuelle,Median age at first sexual intercourse,médiane,non,47,4,2000 2006 2012 2016,2000,2016,13,oui,SRC-066,"Libre d'usage — la seule condition posée par le producteur est la citation ; ni inscription, ni restriction de rediffusion"
SX_AAFS_M_M35,Median age at first sexual intercourse [Men]: 35-39,en,Activité sexuelle,Median age at first sexual intercourse,médiane,non,47,4,2000 2006 2012 2016,2000,2016,13,oui,SRC-066,"Libre d'usage — la seule condition posée par le producteur est la citation ; ni inscription, ni restriction de rediffusion"
SX_AAFS_M_M40,Median age at first sexual intercourse [Men]: 40-44,en,Activité sexuelle,Median age at first sexual intercourse,médiane,non,47,4,2000 2006 2012 2016,2000,2016,13,oui,SRC-066,"Libre d'usage — la seule condition posée par le producteur est la citation ; ni inscription, ni restriction de rediffusion"
SX_AAFS_M_M45,Median age at first sexual intercourse [Men]: 45-49,en,Activité sexuelle,Median age at first sexual intercourse,médiane,non,47,4,2000 2006 2012 2016,2000,2016,13,oui,SRC-066,"Libre d'usage — la seule condition posée par le producteur est la citation ; ni inscription, ni restriction de rediffusion"
SX_AAFS_M_M50,Median age at first sexual intercourse [Men]: 50-54,en,Activité sexuelle,Median age at first sexual intercourse,médiane,non,47,4,2000 2006 2012 2016,2000,2016,13,oui,SRC-066,"Libre d'usage — la seule condition posée par le producteur est la citation ; ni inscription, ni restriction de rediffusion"
SX_AAFS_M_M55,Median age at first sexual intercourse [Men]: 55-59,en,Activité sexuelle,Median age at first sexual intercourse,effectif,oui,47,4,2000 2006 2012 2016,2000,2016,13,oui,SRC-066,"Libre d'usage — la seule condition posée par le producteur est la citation ; ni inscription, ni restriction de rediffusion"
SX_AAFS_M_M60,Median age at first sexual intercourse [Men]: 60-64,en,Activité sexuelle,Median age at first sexual intercourse,effectif,oui,12,1,2016,2016,2016,12,non,SRC-066,"Libre d'usage — la seule condition posée par le producteur est la citation ; ni inscription, ni restriction de rediffusion"
SX_AAFS_W_M20,Median age at first sexual intercourse [Women]: 20-24,en,Activité sexuelle,Median age at first sexual intercourse,médiane,non,47,4,2000 2006 2012 2016,2000,2016,13,oui,SRC-066,"Libre d'usage — la seule condition posée par le producteur est la citation ; ni inscription, ni restriction de rediffusion"
SX_AAFS_W_M25,Median age at first sexual intercourse [Women]: 25-29,en,Activité sexuelle,Median age at first sexual intercourse,médiane,non,47,4,2000 2006 2012 2016,2000,2016,13,oui,SRC-066,"Libre d'usage — la seule condition posée par le producteur est la citation ; ni inscription, ni restriction de rediffusion"
SX_AAFS_W_M2A,Median age at first sexual intercourse [Women]: 20-49,en,Activité sexuelle,Median age at first sexual intercourse,médiane,non,47,4,2000 2006 2012 2016,2000,2016,13,oui,SRC-066,"Libre d'usage — la seule condition posée par le producteur est la citation ; ni inscription, ni restriction de rediffusion"
SX_AAFS_W_M2B,Median age at first sexual intercourse [Women]: 25-49,en,Activité sexuelle,Median age at first sexual intercourse,médiane,non,47,4,2000 2006 2012 2016,2000,2016,13,oui,SRC-066,"Libre d'usage — la seule condition posée par le producteur est la citation ; ni inscription, ni restriction de rediffusion"
SX_AAFS_W_M30,Median age at first sexual intercourse [Women]: 30-34,en,Activité sexuelle,Median age at first sexual intercourse,médiane,non,47,4,2000 2006 2012 2016,2000,2016,13,oui,SRC-066,"Libre d'usage — la seule condition posée par le producteur est la citation ; ni inscription, ni restriction de rediffusion"
SX_AAFS_W_M35,Median age at first sexual intercourse [Women]: 35-39,en,Activité sexuelle,Median age at first sexual intercourse,médiane,non,47,4,2000 2006 2012 2016,2000,2016,13,oui,SRC-066,"Libre d'usage — la seule condition posée par le producteur est la citation ; ni inscription, ni restriction de rediffusion"
SX_AAFS_W_M40,Median age at first sexual intercourse [Women]: 40-44,en,Activité sexuelle,Median age at first sexual intercourse,médiane,non,47,4,2000 2006 2012 2016,2000,2016,13,oui,SRC-066,"Libre d'usage — la seule condition posée par le producteur est la citation ; ni inscription, ni restriction de rediffusion"
SX_AAFS_W_M45,Median age at first sexual intercourse [Women]: 45-49,en,Activité sexuelle,Median age at first sexual intercourse,médiane,non,47,4,2000 2006 2012 2016,2000,2016,13,oui,SRC-066,"Libre d'usage — la seule condition posée par le producteur est la citation ; ni inscription, ni restriction de rediffusion"
SX_LSEX_M_1PY,Recent sexual activity [Men]: One or more years ago,en,Activité sexuelle,Timing of last sexual intercourse,pourcentage,non,47,4,2000 2006 2012 2016,2000,2016,13,oui,SRC-066,"Libre d'usage — la seule condition posée par le producteur est la citation ; ni inscription, ni restriction de rediffusion"
SX_LSEX_M_1YR,Recent sexual activity [Men]: Within the last year,en,Activité sexuelle,Timing of last sexual intercourse,pourcentage,non,47,4,2000 2006 2012 2016,2000,2016,13,oui,SRC-066,"Libre d'usage — la seule condition posée par le producteur est la citation ; ni inscription, ni restriction de rediffusion"
SX_LSEX_M_4WK,Recent sexual activity [Men]: Active 4 Weeks,en,Activité sexuelle,Timing of last sexual intercourse,pourcentage,non,47,4,2000 2006 2012 2016,2000,2016,13,oui,SRC-066,"Libre d'usage — la seule condition posée par le producteur est la citation ; ni inscription, ni restriction de rediffusion"
SX_LSEX_M_MIS,Recent sexual activity [Men]: Missing,en,Activité sexuelle,Timing of last sexual intercourse,pourcentage,non,35,3,2000 2006 2012,2000,2012,13,oui,SRC-066,"Libre d'usage — la seule condition posée par le producteur est la citation ; ni inscription, ni restriction de rediffusion"
SX_LSEX_M_NSX,Recent sexual activity [Men]: Never had sex,en,Activité sexuelle,Timing of last sexual intercourse,pourcentage,non,47,4,2000 2006 2012 2016,2000,2016,13,oui,SRC-066,"Libre d'usage — la seule condition posée par le producteur est la citation ; ni inscription, ni restriction de rediffusion"
SX_LSEX_M_NUM,Number of men,en,Activité sexuelle,Timing of last sexual intercourse,effectif,oui,47,4,2000 2006 2012 2016,2000,2016,13,oui,SRC-066,"Libre d'usage — la seule condition posée par le producteur est la citation ; ni inscription, ni restriction de rediffusion"
SX_LSEX_M_TOT,Men: Total,en,Activité sexuelle,Timing of last sexual intercourse,pourcentage,non,47,4,2000 2006 2012 2016,2000,2016,13,oui,SRC-066,"Libre d'usage — la seule condition posée par le producteur est la citation ; ni inscription, ni restriction de rediffusion"
SX_LSEX_M_UNW,Number of men (unweighted),en,Activité sexuelle,Timing of last sexual intercourse,effectif,oui,47,4,2000 2006 2012 2016,2000,2016,13,oui,SRC-066,"Libre d'usage — la seule condition posée par le producteur est la citation ; ni inscription, ni restriction de rediffusion"
SX_LSEX_W_1PY,Recent sexual activity [Women]: One or more years ago,en,Activité sexuelle,Timing of last sexual intercourse,pourcentage,non,47,4,2000 2006 2012 2016,2000,2016,13,oui,SRC-066,"Libre d'usage — la seule condition posée par le producteur est la citation ; ni inscription, ni restriction de rediffusion"
SX_LSEX_W_1YR,Recent sexual activity [Women]: Within the last year,en,Activité sexuelle,Timing of last sexual intercourse,pourcentage,non,47,4,2000 2006 2012 2016,2000,2016,13,oui,SRC-066,"Libre d'usage — la seule condition posée par le producteur est la citation ; ni inscription, ni restriction de rediffusion"
SX_LSEX_W_4WK,Recent sexual activity: Active in last 4 weeks,en,Activité sexuelle,Timing of last sexual intercourse,pourcentage,non,47,4,2000 2006 2012 2016,2000,2016,13,oui,SRC-066,"Libre d'usage — la seule condition posée par le producteur est la citation ; ni inscription, ni restriction de rediffusion"
SX_LSEX_W_MIS,Recent sexual activity [Women]: Missing,en,Activité sexuelle,Timing of last sexual intercourse,pourcentage,non,35,3,2000 2006 2012,2000,2012,13,oui,SRC-066,"Libre d'usage — la seule condition posée par le producteur est la citation ; ni inscription, ni restriction de rediffusion"
SX_LSEX_W_NSX,Recent sexual activity: Never had sex,en,Activité sexuelle,Timing of last sexual intercourse,pourcentage,non,47,4,2000 2006 2012 2016,2000,2016,13,oui,SRC-066,"Libre d'usage — la seule condition posée par le producteur est la citation ; ni inscription, ni restriction de rediffusion"
SX_LSEX_W_NUM,Number of women,en,Activité sexuelle,Timing of last sexual intercourse,effectif,oui,47,4,2000 2006 2012 2016,2000,2016,13,oui,SRC-066,"Libre d'usage — la seule condition posée par le producteur est la citation ; ni inscription, ni restriction de rediffusion"
SX_LSEX_W_TOT,Women: Total,en,Activité sexuelle,Timing of last sexual intercourse,pourcentage,non,47,4,2000 2006 2012 2016,2000,2016,13,oui,SRC-066,"Libre d'usage — la seule condition posée par le producteur est la citation ; ni inscription, ni restriction de rediffusion"
SX_LSEX_W_UNW,Number of women (unweighted),en,Activité sexuelle,Timing of last sexual intercourse,effectif,oui,47,4,2000 2006 2012 2016,2000,2016,13,oui,SRC-066,"Libre d'usage — la seule condition posée par le producteur est la citation ; ni inscription, ni restriction de rediffusion"
SX_SACY_M_ESX,Young men age 15-19 who ever had sexual intercourse,en,Activité sexuelle,Sexual activity among 15-19 year olds,pourcentage,non,47,4,2000 2006 2012 2016,2000,2016,13,oui,SRC-066,"Libre d'usage — la seule condition posée par le producteur est la citation ; ni inscription, ni restriction de rediffusion"
SX_SACY_M_NUM,Number of young men age 15-19,en,Activité sexuelle,Sexual activity among 15-19 year olds,effectif,oui,47,4,2000 2006 2012 2016,2000,2016,13,oui,SRC-066,"Libre d'usage — la seule condition posée par le producteur est la citation ; ni inscription, ni restriction de rediffusion"
SX_SACY_M_SAC,Young men age 15-19 who are sexually active,en,Activité sexuelle,Sexual activity among 15-19 year olds,pourcentage,non,47,4,2000 2006 2012 2016,2000,2016,13,oui,SRC-066,"Libre d'usage — la seule condition posée par le producteur est la citation ; ni inscription, ni restriction de rediffusion"
SX_SACY_M_UNW,Number of young men age 15-19 (unweighted),en,Activité sexuelle,Sexual activity among 15-19 year olds,effectif,oui,47,4,2000 2006 2012 2016,2000,2016,13,oui,SRC-066,"Libre d'usage — la seule condition posée par le producteur est la citation ; ni inscription, ni restriction de rediffusion"
SX_SACY_W_ESX,Young women age 15-19 who ever had sexual intercourse,en,Activité sexuelle,Sexual activity among 15-19 year olds,pourcentage,non,47,4,2000 2006 2012 2016,2000,2016,13,oui,SRC-066,"Libre d'usage — la seule condition posée par le producteur est la citation ; ni inscription, ni restriction de rediffusion"
SX_SACY_W_NUM,Number of young women age 15-19,en,Activité sexuelle,Sexual activity among 15-19 year olds,effectif,oui,47,4,2000 2006 2012 2016,2000,2016,13,oui,SRC-066,"Libre d'usage — la seule condition posée par le producteur est la citation ; ni inscription, ni restriction de rediffusion"
SX_SACY_W_SAC,Young women age 15-19 who are sexually active,en,Activité sexuelle,Sexual activity among 15-19 year olds,pourcentage,non,47,4,2000 2006 2012 2016,2000,2016,13,oui,SRC-066,"Libre d'usage — la seule condition posée par le producteur est la citation ; ni inscription, ni restriction de rediffusion"
SX_SACY_W_UNW,Number of young women age 15-19 (unweighted),en,Activité sexuelle,Sexual activity among 15-19 year olds,effectif,oui,47,4,2000 2006 2012 2016,2000,2016,13,oui,SRC-066,"Libre d'usage — la seule condition posée par le producteur est la citation ; ni inscription, ni restriction de rediffusion"
SX_SBAY_M_B15,First sexual intercourse by exact age 15 [Young men],en,Activité sexuelle,First sexual intercourse by exact age (age 20-24),pourcentage,non,47,4,2000 2006 2012 2016,2000,2016,13,oui,SRC-066,"Libre d'usage — la seule condition posée par le producteur est la citation ; ni inscription, ni restriction de rediffusion"
SX_SBAY_M_B18,First sexual intercourse by exact age 18 [Young men],en,Activité sexuelle,First sexual intercourse by exact age (age 20-24),pourcentage,non,47,4,2000 2006 2012 2016,2000,2016,13,oui,SRC-066,"Libre d'usage — la seule condition posée par le producteur est la citation ; ni inscription, ni restriction de rediffusion"
SX_SBAY_M_B20,First sexual intercourse by exact age 20 [Young men],en,Activité sexuelle,First sexual intercourse by exact age (age 20-24),pourcentage,non,47,4,2000 2006 2012 2016,2000,2016,13,oui,SRC-066,"Libre d'usage — la seule condition posée par le producteur est la citation ; ni inscription, ni restriction de rediffusion"
SX_SBAY_M_NSX,Never had sexual intercourse [Young men],en,Activité sexuelle,First sexual intercourse by exact age (age 20-24),pourcentage,non,47,4,2000 2006 2012 2016,2000,2016,13,oui,SRC-066,"Libre d'usage — la seule condition posée par le producteur est la citation ; ni inscription, ni restriction de rediffusion"
SX_SBAY_M_NUM,Number of young men age 20-24,en,Activité sexuelle,First sexual intercourse by exact age (age 20-24),effectif,oui,47,4,2000 2006 2012 2016,2000,2016,13,oui,SRC-066,"Libre d'usage — la seule condition posée par le producteur est la citation ; ni inscription, ni restriction de rediffusion"
SX_SBAY_M_UNW,Number of young men age 20-24 (unweighted),en,Activité sexuelle,First sexual intercourse by exact age (age 20-24),effectif,oui,47,4,2000 2006 2012 2016,2000,2016,13,oui,SRC-066,"Libre d'usage — la seule condition posée par le producteur est la citation ; ni inscription, ni restriction de rediffusion"
SX_SBAY_W_B15,First sexual intercourse by exact age 15 [Young women],en,Activité sexuelle,First sexual intercourse by exact age (age 20-24),pourcentage,non,47,4,2000 2006 2012 2016,2000,2016,13,oui,SRC-066,"Libre d'usage — la seule condition posée par le producteur est la citation ; ni inscription, ni restriction de rediffusion"
SX_SBAY_W_B18,First sexual intercourse by exact age 18 [Young women],en,Activité sexuelle,First sexual intercourse by exact age (age 20-24),pourcentage,non,47,4,2000 2006 2012 2016,2000,2016,13,oui,SRC-066,"Libre d'usage — la seule condition posée par le producteur est la citation ; ni inscription, ni restriction de rediffusion"
SX_SBAY_W_B20,First sexual intercourse by exact age 20 [Young women],en,Activité sexuelle,First sexual intercourse by exact age (age 20-24),pourcentage,non,47,4,2000 2006 2012 2016,2000,2016,13,oui,SRC-066,"Libre d'usage — la seule condition posée par le producteur est la citation ; ni inscription, ni restriction de rediffusion"
SX_SBAY_W_NSX,Never had sexual intercourse [Young women],en,Activité sexuelle,First sexual intercourse by exact age (age 20-24),pourcentage,non,47,4,2000 2006 2012 2016,2000,2016,13,oui,SRC-066,"Libre d'usage — la seule condition posée par le producteur est la citation ; ni inscription, ni restriction de rediffusion"
SX_SBAY_W_NUM,Number of young women age 20-24,en,Activité sexuelle,First sexual intercourse by exact age (age 20-24),effectif,oui,47,4,2000 2006 2012 2016,2000,2016,13,oui,SRC-066,"Libre d'usage — la seule condition posée par le producteur est la citation ; ni inscription, ni restriction de rediffusion"
SX_SBAY_W_UNW,Number of young women age 20-24 (unweighted),en,Activité sexuelle,First sexual intercourse by exact age (age 20-24),effectif,oui,47,4,2000 2006 2012 2016,2000,2016,13,oui,SRC-066,"Libre d'usage — la seule condition posée par le producteur est la citation ; ni inscription, ni restriction de rediffusion"
WE_ANSR_W_CAC,Women who can ask their husband to use a condom if they wanted to,en,Autonomie des femmes,Ability to negotiate sexual relations,pourcentage,non,37,3,2006 2012 2016,2006,2016,13,oui,SRC-066,"Libre d'usage — la seule condition posée par le producteur est la citation ; ni inscription, ni restriction de rediffusion"
WE_ANSR_W_CSN,Women who can say no to their husband if they do not want to have sexual intercourse,en,Autonomie des femmes,Ability to negotiate sexual relations,pourcentage,non,37,3,2006 2012 2016,2006,2016,13,oui,SRC-066,"Libre d'usage — la seule condition posée par le producteur est la citation ; ni inscription, ni restriction de rediffusion"
WE_ANSR_W_NUM,Number of women,en,Autonomie des femmes,Ability to negotiate sexual relations,effectif,oui,37,3,2006 2012 2016,2006,2016,13,oui,SRC-066,"Libre d'usage — la seule condition posée par le producteur est la citation ; ni inscription, ni restriction de rediffusion"
WE_ANSR_W_UNW,Number of women (unweighted),en,Autonomie des femmes,Ability to negotiate sexual relations,effectif,oui,37,3,2006 2012 2016,2006,2016,13,oui,SRC-066,"Libre d'usage — la seule condition posée par le producteur est la citation ; ni inscription, ni restriction de rediffusion"
WE_AWBT_M_AGR,Wife beating justified for at least one specific reason [Men],en,Autonomie des femmes,Attitude toward wife beating,pourcentage,non,35,3,2000 2012 2016,2000,2016,13,oui,SRC-066,"Libre d'usage — la seule condition posée par le producteur est la citation ; ni inscription, ni restriction de rediffusion"
WE_AWBT_M_ARG,Wife beating justified if she argues with him [Men],en,Autonomie des femmes,Attitude toward wife beating,pourcentage,non,35,3,2000 2012 2016,2000,2016,13,oui,SRC-066,"Libre d'usage — la seule condition posée par le producteur est la citation ; ni inscription, ni restriction de rediffusion"
WE_AWBT_M_BFD,Wife beating justified if she burns the food [Men],en,Autonomie des femmes,Attitude toward wife beating,pourcentage,non,35,3,2000 2012 2016,2000,2016,13,oui,SRC-066,"Libre d'usage — la seule condition posée par le producteur est la citation ; ni inscription, ni restriction de rediffusion"
WE_AWBT_M_NEG,Wife beating justified if she neglects the children [Men],en,Autonomie des femmes,Attitude toward wife beating,pourcentage,non,35,3,2000 2012 2016,2000,2016,13,oui,SRC-066,"Libre d'usage — la seule condition posée par le producteur est la citation ; ni inscription, ni restriction de rediffusion"
WE_AWBT_M_NUM,Number of currently married men,en,Autonomie des femmes,Attitude toward wife beating,effectif,oui,35,3,2000 2012 2016,2000,2016,13,oui,SRC-066,"Libre d'usage — la seule condition posée par le producteur est la citation ; ni inscription, ni restriction de rediffusion"
WE_AWBT_M_OUT,Wife beating justified if she goes out without telling him [Men],en,Autonomie des femmes,Attitude toward wife beating,pourcentage,non,35,3,2000 2012 2016,2000,2016,13,oui,SRC-066,"Libre d'usage — la seule condition posée par le producteur est la citation ; ni inscription, ni restriction de rediffusion"
WE_AWBT_M_REF,Wife beating justified if she refuses to have sex with him [Men],en,Autonomie des femmes,Attitude toward wife beating,pourcentage,non,35,3,2000 2012 2016,2000,2016,13,oui,SRC-066,"Libre d'usage — la seule condition posée par le producteur est la citation ; ni inscription, ni restriction de rediffusion"
WE_AWBT_M_UNW,Number of currently married men (unweighted),en,Autonomie des femmes,Attitude toward wife beating,effectif,oui,35,3,2000 2012 2016,2000,2016,13,oui,SRC-066,"Libre d'usage — la seule condition posée par le producteur est la citation ; ni inscription, ni restriction de rediffusion"
WE_AWBT_W_AGR,Wife beating justified for at least one specific reason [Women],en,Autonomie des femmes,Attitude toward wife beating,pourcentage,non,47,4,2000 2006 2012 2016,2000,2016,13,oui,SRC-066,"Libre d'usage — la seule condition posée par le producteur est la citation ; ni inscription, ni restriction de rediffusion"
WE_AWBT_W_ARG,Wife beating justified if she argues with him [Women],en,Autonomie des femmes,Attitude toward wife beating,pourcentage,non,47,4,2000 2006 2012 2016,2000,2016,13,oui,SRC-066,"Libre d'usage — la seule condition posée par le producteur est la citation ; ni inscription, ni restriction de rediffusion"
WE_AWBT_W_BFD,Wife beating justified if she burns the food [Women],en,Autonomie des femmes,Attitude toward wife beating,pourcentage,non,47,4,2000 2006 2012 2016,2000,2016,13,oui,SRC-066,"Libre d'usage — la seule condition posée par le producteur est la citation ; ni inscription, ni restriction de rediffusion"
WE_AWBT_W_NEG,Wife beating justified if she neglects the children [Women],en,Autonomie des femmes,Attitude toward wife beating,pourcentage,non,47,4,2000 2006 2012 2016,2000,2016,13,oui,SRC-066,"Libre d'usage — la seule condition posée par le producteur est la citation ; ni inscription, ni restriction de rediffusion"
WE_AWBT_W_NUM,Number of currently married women,en,Autonomie des femmes,Attitude toward wife beating,effectif,oui,47,4,2000 2006 2012 2016,2000,2016,13,oui,SRC-066,"Libre d'usage — la seule condition posée par le producteur est la citation ; ni inscription, ni restriction de rediffusion"
WE_AWBT_W_OUT,Wife beating justified if she goes out without telling him [Women],en,Autonomie des femmes,Attitude toward wife beating,pourcentage,non,47,4,2000 2006 2012 2016,2000,2016,13,oui,SRC-066,"Libre d'usage — la seule condition posée par le producteur est la citation ; ni inscription, ni restriction de rediffusion"
WE_AWBT_W_REF,Wife beating justified if she refuses to have sex with him [Women],en,Autonomie des femmes,Attitude toward wife beating,pourcentage,non,47,4,2000 2006 2012 2016,2000,2016,13,oui,SRC-066,"Libre d'usage — la seule condition posée par le producteur est la citation ; ni inscription, ni restriction de rediffusion"
WE_AWBT_W_UNW,Number of currently married women (unweighted),en,Autonomie des femmes,Attitude toward wife beating,effectif,oui,47,4,2000 2006 2012 2016,2000,2016,13,oui,SRC-066,"Libre d'usage — la seule condition posée par le producteur est la citation ; ni inscription, ni restriction de rediffusion"
WE_DMAK_M_2DC,Final say in both of the decisions [Men],en,Autonomie des femmes,Participation in decision making,pourcentage,non,12,1,2016,2016,2016,12,non,SRC-066,"Libre d'usage — la seule condition posée par le producteur est la citation ; ni inscription, ni restriction de rediffusion"
WE_DMAK_M_MPC,Final say in making large purchases [Men],en,Autonomie des femmes,Participation in decision making,pourcentage,non,22,2,2000 2016,2000,2016,12,non,SRC-066,"Libre d'usage — la seule condition posée par le producteur est la citation ; ni inscription, ni restriction de rediffusion"
WE_DMAK_M_NON,Final say in none of the decisions [Men],en,Autonomie des femmes,Participation in decision making,pourcentage,non,12,1,2016,2016,2016,12,non,SRC-066,"Libre d'usage — la seule condition posée par le producteur est la citation ; ni inscription, ni restriction de rediffusion"
WE_DMAK_M_NUM,Number of currently married men,en,Autonomie des femmes,Participation in decision making,effectif,oui,22,2,2000 2016,2000,2016,12,non,SRC-066,"Libre d'usage — la seule condition posée par le producteur est la citation ; ni inscription, ni restriction de rediffusion"
WE_DMAK_M_OHC,Final say in own health care [Men],en,Autonomie des femmes,Participation in decision making,pourcentage,non,12,1,2016,2016,2016,12,non,SRC-066,"Libre d'usage — la seule condition posée par le producteur est la citation ; ni inscription, ni restriction de rediffusion"
WE_DMAK_M_UNW,Number of currently married men (unweighted),en,Autonomie des femmes,Participation in decision making,effectif,oui,22,2,2000 2016,2000,2016,12,non,SRC-066,"Libre d'usage — la seule condition posée par le producteur est la citation ; ni inscription, ni restriction de rediffusion"
WE_DMAK_W_3DC,Final say in all of the decisions [Women],en,Autonomie des femmes,Participation in decision making,pourcentage,non,47,4,2000 2006 2012 2016,2000,2016,13,oui,SRC-066,"Libre d'usage — la seule condition posée par le producteur est la citation ; ni inscription, ni restriction de rediffusion"
WE_DMAK_W_CKD,Final say in what food to cook daily [Women],en,Autonomie des femmes,Participation in decision making,pourcentage,non,10,1,2000,2000,2000,10,non,SRC-066,"Libre d'usage — la seule condition posée par le producteur est la citation ; ni inscription, ni restriction de rediffusion"
WE_DMAK_W_DPC,Final say in making daily purchases [Women],en,Autonomie des femmes,Participation in decision making,pourcentage,non,22,2,2000 2006,2000,2006,12,non,SRC-066,"Libre d'usage — la seule condition posée par le producteur est la citation ; ni inscription, ni restriction de rediffusion"
WE_DMAK_W_FAM,"Final say in visits to family, relatives, friends [Women]",en,Autonomie des femmes,Participation in decision making,pourcentage,non,47,4,2000 2006 2012 2016,2000,2016,13,oui,SRC-066,"Libre d'usage — la seule condition posée par le producteur est la citation ; ni inscription, ni restriction de rediffusion"
WE_DMAK_W_MPC,Final say in making large purchases [Women],en,Autonomie des femmes,Participation in decision making,pourcentage,non,47,4,2000 2006 2012 2016,2000,2016,13,oui,SRC-066,"Libre d'usage — la seule condition posée par le producteur est la citation ; ni inscription, ni restriction de rediffusion"
WE_DMAK_W_NON,Final say in none of the decisions [Women],en,Autonomie des femmes,Participation in decision making,pourcentage,non,47,4,2000 2006 2012 2016,2000,2016,13,oui,SRC-066,"Libre d'usage — la seule condition posée par le producteur est la citation ; ni inscription, ni restriction de rediffusion"
WE_DMAK_W_NUM,Number of currently married women,en,Autonomie des femmes,Participation in decision making,effectif,oui,47,4,2000 2006 2012 2016,2000,2016,13,oui,SRC-066,"Libre d'usage — la seule condition posée par le producteur est la citation ; ni inscription, ni restriction de rediffusion"
WE_DMAK_W_OHC,Final say in own health care [Women],en,Autonomie des femmes,Participation in decision making,pourcentage,non,47,4,2000 2006 2012 2016,2000,2016,13,oui,SRC-066,"Libre d'usage — la seule condition posée par le producteur est la citation ; ni inscription, ni restriction de rediffusion"
WE_DMAK_W_UNW,Number of currently married women (unweighted),en,Autonomie des femmes,Participation in decision making,effectif,oui,47,4,2000 2006 2012 2016,2000,2016,13,oui,SRC-066,"Libre d'usage — la seule condition posée par le producteur est la citation ; ni inscription, ni restriction de rediffusion"
WE_HODO_M_DKD,Don't know if there is a title deed [Men],en,Autonomie des femmes,House ownership and documentation,pourcentage,non,12,1,2016,2016,2016,12,non,SRC-066,"Libre d'usage — la seule condition posée par le producteur est la citation ; ni inscription, ni restriction de rediffusion"
WE_HODO_M_DNU,Number of men (unweighted),en,Autonomie des femmes,House ownership and documentation,effectif,oui,12,1,2016,2016,2016,12,non,SRC-066,"Libre d'usage — la seule condition posée par le producteur est la citation ; ni inscription, ni restriction de rediffusion"
WE_HODO_M_DNW,Number of men,en,Autonomie des femmes,House ownership and documentation,effectif,oui,12,1,2016,2016,2016,12,non,SRC-066,"Libre d'usage — la seule condition posée par le producteur est la citation ; ni inscription, ni restriction de rediffusion"
WE_HODO_M_DTO,House ownership [Men]: Total,en,Autonomie des femmes,House ownership and documentation,pourcentage,non,12,1,2016,2016,2016,12,non,SRC-066,"Libre d'usage — la seule condition posée par le producteur est la citation ; ni inscription, ni restriction de rediffusion"
WE_HODO_M_HAL,Own a house alone [Men],en,Autonomie des femmes,House ownership and documentation,pourcentage,non,12,1,2016,2016,2016,12,non,SRC-066,"Libre d'usage — la seule condition posée par le producteur est la citation ; ni inscription, ni restriction de rediffusion"
WE_HODO_M_HDN,Does not own a house [Men],en,Autonomie des femmes,House ownership and documentation,pourcentage,non,12,1,2016,2016,2016,12,non,SRC-066,"Libre d'usage — la seule condition posée par le producteur est la citation ; ni inscription, ni restriction de rediffusion"
WE_HODO_M_HJN,Own a house jointly [Men],en,Autonomie des femmes,House ownership and documentation,pourcentage,non,12,1,2016,2016,2016,12,non,SRC-066,"Libre d'usage — la seule condition posée par le producteur est la citation ; ni inscription, ni restriction de rediffusion"
WE_HODO_M_HNW,Number of men,en,Autonomie des femmes,House ownership and documentation,effectif,oui,12,1,2016,2016,2016,12,non,SRC-066,"Libre d'usage — la seule condition posée par le producteur est la citation ; ni inscription, ni restriction de rediffusion"
WE_HODO_M_HTO,House ownership [Men]: Total,en,Autonomie des femmes,House ownership and documentation,pourcentage,non,12,1,2016,2016,2016,12,non,SRC-066,"Libre d'usage — la seule condition posée par le producteur est la citation ; ni inscription, ni restriction de rediffusion"
WE_HODO_M_HUN,Number of men (unweighted),en,Autonomie des femmes,House ownership and documentation,effectif,oui,12,1,2016,2016,2016,12,non,SRC-066,"Libre d'usage — la seule condition posée par le producteur est la citation ; ni inscription, ni restriction de rediffusion"
WE_HODO_M_NND,Name is not on title deed [Men],en,Autonomie des femmes,House ownership and documentation,pourcentage,non,12,1,2016,2016,2016,12,non,SRC-066,"Libre d'usage — la seule condition posée par le producteur est la citation ; ni inscription, ni restriction de rediffusion"
WE_HODO_M_NOD,House had no title deed [Men],en,Autonomie des femmes,House ownership and documentation,pourcentage,non,12,1,2016,2016,2016,12,non,SRC-066,"Libre d'usage — la seule condition posée par le producteur est la citation ; ni inscription, ni restriction de rediffusion"
WE_HODO_M_NTD,Name is on title deed [Men],en,Autonomie des femmes,House ownership and documentation,pourcentage,non,12,1,2016,2016,2016,12,non,SRC-066,"Libre d'usage — la seule condition posée par le producteur est la citation ; ni inscription, ni restriction de rediffusion"
WE_HODO_W_DKD,Don't know if there is a title deed [Women],en,Autonomie des femmes,House ownership and documentation,pourcentage,non,12,1,2016,2016,2016,12,non,SRC-066,"Libre d'usage — la seule condition posée par le producteur est la citation ; ni inscription, ni restriction de rediffusion"
WE_HODO_W_DNU,Number of women (unweighted),en,Autonomie des femmes,House ownership and documentation,effectif,oui,12,1,2016,2016,2016,12,non,SRC-066,"Libre d'usage — la seule condition posée par le producteur est la citation ; ni inscription, ni restriction de rediffusion"
WE_HODO_W_DNW,Number of women,en,Autonomie des femmes,House ownership and documentation,effectif,oui,12,1,2016,2016,2016,12,non,SRC-066,"Libre d'usage — la seule condition posée par le producteur est la citation ; ni inscription, ni restriction de rediffusion"
WE_HODO_W_DTO,House ownership [Women]: Total,en,Autonomie des femmes,House ownership and documentation,pourcentage,non,12,1,2016,2016,2016,12,non,SRC-066,"Libre d'usage — la seule condition posée par le producteur est la citation ; ni inscription, ni restriction de rediffusion"
WE_HODO_W_HAL,Own a house alone [Women],en,Autonomie des femmes,House ownership and documentation,pourcentage,non,12,1,2016,2016,2016,12,non,SRC-066,"Libre d'usage — la seule condition posée par le producteur est la citation ; ni inscription, ni restriction de rediffusion"
WE_HODO_W_HDN,Does not own a house [Women],en,Autonomie des femmes,House ownership and documentation,pourcentage,non,12,1,2016,2016,2016,12,non,SRC-066,"Libre d'usage — la seule condition posée par le producteur est la citation ; ni inscription, ni restriction de rediffusion"
WE_HODO_W_HJN,Own a house jointly [Women],en,Autonomie des femmes,House ownership and documentation,pourcentage,non,12,1,2016,2016,2016,12,non,SRC-066,"Libre d'usage — la seule condition posée par le producteur est la citation ; ni inscription, ni restriction de rediffusion"
WE_HODO_W_HNW,Number of women,en,Autonomie des femmes,House ownership and documentation,effectif,oui,12,1,2016,2016,2016,12,non,SRC-066,"Libre d'usage — la seule condition posée par le producteur est la citation ; ni inscription, ni restriction de rediffusion"
WE_HODO_W_HTO,House ownership [Women]: Total,en,Autonomie des femmes,House ownership and documentation,pourcentage,non,12,1,2016,2016,2016,12,non,SRC-066,"Libre d'usage — la seule condition posée par le producteur est la citation ; ni inscription, ni restriction de rediffusion"
WE_HODO_W_HUN,Number of women (unweighted),en,Autonomie des femmes,House ownership and documentation,effectif,oui,12,1,2016,2016,2016,12,non,SRC-066,"Libre d'usage — la seule condition posée par le producteur est la citation ; ni inscription, ni restriction de rediffusion"
WE_HODO_W_NND,Name is not on title deed [Women],en,Autonomie des femmes,House ownership and documentation,pourcentage,non,12,1,2016,2016,2016,12,non,SRC-066,"Libre d'usage — la seule condition posée par le producteur est la citation ; ni inscription, ni restriction de rediffusion"
WE_HODO_W_NOD,House had no title deed [Women],en,Autonomie des femmes,House ownership and documentation,pourcentage,non,12,1,2016,2016,2016,12,non,SRC-066,"Libre d'usage — la seule condition posée par le producteur est la citation ; ni inscription, ni restriction de rediffusion"
WE_HODO_W_NTD,Name is on title deed [Women],en,Autonomie des femmes,House ownership and documentation,pourcentage,non,12,1,2016,2016,2016,12,non,SRC-066,"Libre d'usage — la seule condition posée par le producteur est la citation ; ni inscription, ni restriction de rediffusion"
WE_IDMH_W_CUS,Own decision making about contraceptive use,en,Autonomie des femmes,Informed decision making for reproductive health,pourcentage,non,12,1,2016,2016,2016,12,non,SRC-066,"Libre d'usage — la seule condition posée par le producteur est la citation ; ni inscription, ni restriction de rediffusion"
WE_IDMH_W_HLC,Own decision making about health care,en,Autonomie des femmes,Informed decision making for reproductive health,pourcentage,non,12,1,2016,2016,2016,12,non,SRC-066,"Libre d'usage — la seule condition posée par le producteur est la citation ; ni inscription, ni restriction de rediffusion"
WE_IDMH_W_NUM,Number of women,en,Autonomie des femmes,Informed decision making for reproductive health,effectif,oui,12,1,2016,2016,2016,12,non,SRC-066,"Libre d'usage — la seule condition posée par le producteur est la citation ; ni inscription, ni restriction de rediffusion"
WE_IDMH_W_RCH,Own decision making about all three decisions,en,Autonomie des femmes,Informed decision making for reproductive health,pourcentage,non,12,1,2016,2016,2016,12,non,SRC-066,"Libre d'usage — la seule condition posée par le producteur est la citation ; ni inscription, ni restriction de rediffusion"
WE_IDMH_W_RSX,Own decision making about sexual relations,en,Autonomie des femmes,Informed decision making for reproductive health,pourcentage,non,12,1,2016,2016,2016,12,non,SRC-066,"Libre d'usage — la seule condition posée par le producteur est la citation ; ni inscription, ni restriction de rediffusion"
WE_IDMH_W_UNW,Number of women (unweighted),en,Autonomie des femmes,Informed decision making for reproductive health,effectif,oui,12,1,2016,2016,2016,12,non,SRC-066,"Libre d'usage — la seule condition posée par le producteur est la citation ; ni inscription, ni restriction de rediffusion"
WE_JRSX_W_ALL,Justified in refusing sex for all of the reasons,en,Autonomie des femmes,Justified in refusing sex,pourcentage,non,10,1,2000,2000,2000,10,non,SRC-066,"Libre d'usage — la seule condition posée par le producteur est la citation ; ni inscription, ni restriction de rediffusion"
WE_JRSX_W_BTH,Justified in refusing sex if she has recently given birth,en,Autonomie des femmes,Justified in refusing sex,pourcentage,non,10,1,2000,2000,2000,10,non,SRC-066,"Libre d'usage — la seule condition posée par le producteur est la citation ; ni inscription, ni restriction de rediffusion"
WE_JRSX_W_NON,Justified in refusing sex for none of the reasons,en,Autonomie des femmes,Justified in refusing sex,pourcentage,non,10,1,2000,2000,2000,10,non,SRC-066,"Libre d'usage — la seule condition posée par le producteur est la citation ; ni inscription, ni restriction de rediffusion"
WE_JRSX_W_NUM,Number of currently married women,en,Autonomie des femmes,Justified in refusing sex,effectif,oui,47,4,2000 2006 2012 2016,2000,2016,13,oui,SRC-066,"Libre d'usage — la seule condition posée par le producteur est la citation ; ni inscription, ni restriction de rediffusion"
WE_JRSX_W_SEX,Justified in refusing sex if she knows husband has sex with other women,en,Autonomie des femmes,Justified in refusing sex,pourcentage,non,47,4,2000 2006 2012 2016,2000,2016,13,oui,SRC-066,"Libre d'usage — la seule condition posée par le producteur est la citation ; ni inscription, ni restriction de rediffusion"
WE_JRSX_W_STI,Justified in refusing sex if she knows husband has sexually transmitted disease,en,Autonomie des femmes,Justified in refusing sex,pourcentage,non,22,2,2000 2006,2000,2006,12,non,SRC-066,"Libre d'usage — la seule condition posée par le producteur est la citation ; ni inscription, ni restriction de rediffusion"
WE_JRSX_W_TRD,Justified in refusing sex if she is tired or not in the mood,en,Autonomie des femmes,Justified in refusing sex,pourcentage,non,22,2,2000 2006,2000,2006,12,non,SRC-066,"Libre d'usage — la seule condition posée par le producteur est la citation ; ni inscription, ni restriction de rediffusion"
WE_LODO_M_DKD,Don't know if there is a title deed [Men],en,Autonomie des femmes,Land ownership and documentation,pourcentage,non,12,1,2016,2016,2016,12,non,SRC-066,"Libre d'usage — la seule condition posée par le producteur est la citation ; ni inscription, ni restriction de rediffusion"
WE_LODO_M_DNU,Number of men (unweighted),en,Autonomie des femmes,Land ownership and documentation,effectif,oui,12,1,2016,2016,2016,12,non,SRC-066,"Libre d'usage — la seule condition posée par le producteur est la citation ; ni inscription, ni restriction de rediffusion"
WE_LODO_M_DNW,Number of men,en,Autonomie des femmes,Land ownership and documentation,effectif,oui,12,1,2016,2016,2016,12,non,SRC-066,"Libre d'usage — la seule condition posée par le producteur est la citation ; ni inscription, ni restriction de rediffusion"
WE_LODO_M_DTO,Land ownership [Men]: Total,en,Autonomie des femmes,Land ownership and documentation,pourcentage,non,12,1,2016,2016,2016,12,non,SRC-066,"Libre d'usage — la seule condition posée par le producteur est la citation ; ni inscription, ni restriction de rediffusion"
WE_LODO_M_LAL,Own land alone [Men],en,Autonomie des femmes,Land ownership and documentation,pourcentage,non,12,1,2016,2016,2016,12,non,SRC-066,"Libre d'usage — la seule condition posée par le producteur est la citation ; ni inscription, ni restriction de rediffusion"
WE_LODO_M_LJN,Own land jointly [Men],en,Autonomie des femmes,Land ownership and documentation,pourcentage,non,12,1,2016,2016,2016,12,non,SRC-066,"Libre d'usage — la seule condition posée par le producteur est la citation ; ni inscription, ni restriction de rediffusion"
WE_LODO_M_LNM,Number of men,en,Autonomie des femmes,Land ownership and documentation,effectif,oui,12,1,2016,2016,2016,12,non,SRC-066,"Libre d'usage — la seule condition posée par le producteur est la citation ; ni inscription, ni restriction de rediffusion"
WE_LODO_M_LNO,Does not own land [Men],en,Autonomie des femmes,Land ownership and documentation,pourcentage,non,12,1,2016,2016,2016,12,non,SRC-066,"Libre d'usage — la seule condition posée par le producteur est la citation ; ni inscription, ni restriction de rediffusion"
WE_LODO_M_LTO,Land ownership [Men]: Total,en,Autonomie des femmes,Land ownership and documentation,pourcentage,non,12,1,2016,2016,2016,12,non,SRC-066,"Libre d'usage — la seule condition posée par le producteur est la citation ; ni inscription, ni restriction de rediffusion"
WE_LODO_M_LUN,Number of men (unweighted),en,Autonomie des femmes,Land ownership and documentation,effectif,oui,12,1,2016,2016,2016,12,non,SRC-066,"Libre d'usage — la seule condition posée par le producteur est la citation ; ni inscription, ni restriction de rediffusion"
WE_LODO_M_NND,Name is not on title deed [Men],en,Autonomie des femmes,Land ownership and documentation,pourcentage,non,12,1,2016,2016,2016,12,non,SRC-066,"Libre d'usage — la seule condition posée par le producteur est la citation ; ni inscription, ni restriction de rediffusion"
WE_LODO_M_NOD,House had no title deed [Men],en,Autonomie des femmes,Land ownership and documentation,pourcentage,non,12,1,2016,2016,2016,12,non,SRC-066,"Libre d'usage — la seule condition posée par le producteur est la citation ; ni inscription, ni restriction de rediffusion"
WE_LODO_M_NTD,Name is on title deed [Men],en,Autonomie des femmes,Land ownership and documentation,pourcentage,non,12,1,2016,2016,2016,12,non,SRC-066,"Libre d'usage — la seule condition posée par le producteur est la citation ; ni inscription, ni restriction de rediffusion"
WE_LODO_W_DNU,Number of women (unweighted),en,Autonomie des femmes,Land ownership and documentation,effectif,oui,12,1,2016,2016,2016,12,non,SRC-066,"Libre d'usage — la seule condition posée par le producteur est la citation ; ni inscription, ni restriction de rediffusion"
WE_LODO_W_DNW,Number of women,en,Autonomie des femmes,Land ownership and documentation,effectif,oui,12,1,2016,2016,2016,12,non,SRC-066,"Libre d'usage — la seule condition posée par le producteur est la citation ; ni inscription, ni restriction de rediffusion"
WE_LODO_W_DTO,Land ownership [Women]: Total,en,Autonomie des femmes,Land ownership and documentation,pourcentage,non,12,1,2016,2016,2016,12,non,SRC-066,"Libre d'usage — la seule condition posée par le producteur est la citation ; ni inscription, ni restriction de rediffusion"
WE_LODO_W_LAL,Own land alone [Women],en,Autonomie des femmes,Land ownership and documentation,pourcentage,non,12,1,2016,2016,2016,12,non,SRC-066,"Libre d'usage — la seule condition posée par le producteur est la citation ; ni inscription, ni restriction de rediffusion"
WE_LODO_W_LJN,Own land jointly [Women],en,Autonomie des femmes,Land ownership and documentation,pourcentage,non,12,1,2016,2016,2016,12,non,SRC-066,"Libre d'usage — la seule condition posée par le producteur est la citation ; ni inscription, ni restriction de rediffusion"
WE_LODO_W_LNM,Number of women,en,Autonomie des femmes,Land ownership and documentation,effectif,oui,12,1,2016,2016,2016,12,non,SRC-066,"Libre d'usage — la seule condition posée par le producteur est la citation ; ni inscription, ni restriction de rediffusion"
WE_LODO_W_LNO,Does not own land [Women],en,Autonomie des femmes,Land ownership and documentation,pourcentage,non,12,1,2016,2016,2016,12,non,SRC-066,"Libre d'usage — la seule condition posée par le producteur est la citation ; ni inscription, ni restriction de rediffusion"
WE_LODO_W_LTO,Land ownership [Women]: Total,en,Autonomie des femmes,Land ownership and documentation,pourcentage,non,12,1,2016,2016,2016,12,non,SRC-066,"Libre d'usage — la seule condition posée par le producteur est la citation ; ni inscription, ni restriction de rediffusion"
WE_LODO_W_LUN,Number of women (unweighted),en,Autonomie des femmes,Land ownership and documentation,effectif,oui,12,1,2016,2016,2016,12,non,SRC-066,"Libre d'usage — la seule condition posée par le producteur est la citation ; ni inscription, ni restriction de rediffusion"
WE_LODO_W_NND,Name is not on title deed [Women],en,Autonomie des femmes,Land ownership and documentation,pourcentage,non,12,1,2016,2016,2016,12,non,SRC-066,"Libre d'usage — la seule condition posée par le producteur est la citation ; ni inscription, ni restriction de rediffusion"
WE_LODO_W_NOD,House had no title deed [Women],en,Autonomie des femmes,Land ownership and documentation,pourcentage,non,12,1,2016,2016,2016,12,non,SRC-066,"Libre d'usage — la seule condition posée par le producteur est la citation ; ni inscription, ni restriction de rediffusion"
WE_LODO_W_NTD,Name is on title deed [Women],en,Autonomie des femmes,Land ownership and documentation,pourcentage,non,12,1,2016,2016,2016,12,non,SRC-066,"Libre d'usage — la seule condition posée par le producteur est la citation ; ni inscription, ni restriction de rediffusion"
WE_OWNA_M_HAJ,Own a house alone and jointly [Men],en,Autonomie des femmes,Ownership of assets,pourcentage,non,12,1,2016,2016,2016,12,non,SRC-066,"Libre d'usage — la seule condition posée par le producteur est la citation ; ni inscription, ni restriction de rediffusion"
WE_OWNA_M_HAL,Own a house alone [Men],en,Autonomie des femmes,Ownership of assets,pourcentage,non,12,1,2016,2016,2016,12,non,SRC-066,"Libre d'usage — la seule condition posée par le producteur est la citation ; ni inscription, ni restriction de rediffusion"
WE_OWNA_M_HJN,Own a house Jointly [Men],en,Autonomie des femmes,Ownership of assets,pourcentage,non,12,1,2016,2016,2016,12,non,SRC-066,"Libre d'usage — la seule condition posée par le producteur est la citation ; ni inscription, ni restriction de rediffusion"
WE_OWNA_M_HNM,Number of men,en,Autonomie des femmes,Ownership of assets,effectif,oui,12,1,2016,2016,2016,12,non,SRC-066,"Libre d'usage — la seule condition posée par le producteur est la citation ; ni inscription, ni restriction de rediffusion"
WE_OWNA_M_HNO,Do not own a house [Men],en,Autonomie des femmes,Ownership of assets,pourcentage,non,12,1,2016,2016,2016,12,non,SRC-066,"Libre d'usage — la seule condition posée par le producteur est la citation ; ni inscription, ni restriction de rediffusion"
WE_OWNA_M_HTO,House ownership [Men]: Total,en,Autonomie des femmes,Ownership of assets,pourcentage,non,12,1,2016,2016,2016,12,non,SRC-066,"Libre d'usage — la seule condition posée par le producteur est la citation ; ni inscription, ni restriction de rediffusion"
WE_OWNA_M_HUN,Number of men (unweighted),en,Autonomie des femmes,Ownership of assets,effectif,oui,12,1,2016,2016,2016,12,non,SRC-066,"Libre d'usage — la seule condition posée par le producteur est la citation ; ni inscription, ni restriction de rediffusion"
WE_OWNA_M_LAJ,Own land alone and jointly [Men],en,Autonomie des femmes,Ownership of assets,pourcentage,non,12,1,2016,2016,2016,12,non,SRC-066,"Libre d'usage — la seule condition posée par le producteur est la citation ; ni inscription, ni restriction de rediffusion"
WE_OWNA_M_LAL,Own land alone [Men],en,Autonomie des femmes,Ownership of assets,pourcentage,non,12,1,2016,2016,2016,12,non,SRC-066,"Libre d'usage — la seule condition posée par le producteur est la citation ; ni inscription, ni restriction de rediffusion"
WE_OWNA_M_LJN,Own land jointly [Men],en,Autonomie des femmes,Ownership of assets,pourcentage,non,12,1,2016,2016,2016,12,non,SRC-066,"Libre d'usage — la seule condition posée par le producteur est la citation ; ni inscription, ni restriction de rediffusion"
WE_OWNA_M_LNM,Number of men,en,Autonomie des femmes,Ownership of assets,effectif,oui,12,1,2016,2016,2016,12,non,SRC-066,"Libre d'usage — la seule condition posée par le producteur est la citation ; ni inscription, ni restriction de rediffusion"
WE_OWNA_M_LNO,Do not own land [Men],en,Autonomie des femmes,Ownership of assets,pourcentage,non,12,1,2016,2016,2016,12,non,SRC-066,"Libre d'usage — la seule condition posée par le producteur est la citation ; ni inscription, ni restriction de rediffusion"
WE_OWNA_M_LTO,Land ownership [Men]: Total,en,Autonomie des femmes,Ownership of assets,pourcentage,non,12,1,2016,2016,2016,12,non,SRC-066,"Libre d'usage — la seule condition posée par le producteur est la citation ; ni inscription, ni restriction de rediffusion"
WE_OWNA_M_LUN,Number of men (unweighted),en,Autonomie des femmes,Ownership of assets,effectif,oui,12,1,2016,2016,2016,12,non,SRC-066,"Libre d'usage — la seule condition posée par le producteur est la citation ; ni inscription, ni restriction de rediffusion"
WE_OWNA_W_HAJ,Own a house alone and jointly [Women],en,Autonomie des femmes,Ownership of assets,pourcentage,non,25,2,2012 2016,2012,2016,13,non,SRC-066,"Libre d'usage — la seule condition posée par le producteur est la citation ; ni inscription, ni restriction de rediffusion"
WE_OWNA_W_HAL,Own a house alone [Women],en,Autonomie des femmes,Ownership of assets,pourcentage,non,25,2,2012 2016,2012,2016,13,non,SRC-066,"Libre d'usage — la seule condition posée par le producteur est la citation ; ni inscription, ni restriction de rediffusion"
WE_OWNA_W_HDK,Women with don't know or missing information on ownership of a house,en,Autonomie des femmes,Ownership of assets,pourcentage,non,13,1,2012,2012,2012,13,non,SRC-066,"Libre d'usage — la seule condition posée par le producteur est la citation ; ni inscription, ni restriction de rediffusion"
WE_OWNA_W_HJN,Own a house jointly [Women],en,Autonomie des femmes,Ownership of assets,pourcentage,non,25,2,2012 2016,2012,2016,13,non,SRC-066,"Libre d'usage — la seule condition posée par le producteur est la citation ; ni inscription, ni restriction de rediffusion"
WE_OWNA_W_HNM,Number of women,en,Autonomie des femmes,Ownership of assets,effectif,oui,25,2,2012 2016,2012,2016,13,non,SRC-066,"Libre d'usage — la seule condition posée par le producteur est la citation ; ni inscription, ni restriction de rediffusion"
WE_OWNA_W_HNO,Do not own a house [Women],en,Autonomie des femmes,Ownership of assets,pourcentage,non,25,2,2012 2016,2012,2016,13,non,SRC-066,"Libre d'usage — la seule condition posée par le producteur est la citation ; ni inscription, ni restriction de rediffusion"
WE_OWNA_W_HTO,House ownership [Women]: Total,en,Autonomie des femmes,Ownership of assets,pourcentage,non,25,2,2012 2016,2012,2016,13,non,SRC-066,"Libre d'usage — la seule condition posée par le producteur est la citation ; ni inscription, ni restriction de rediffusion"
WE_OWNA_W_HUN,Number of women (unweighted),en,Autonomie des femmes,Ownership of assets,effectif,oui,25,2,2012 2016,2012,2016,13,non,SRC-066,"Libre d'usage — la seule condition posée par le producteur est la citation ; ni inscription, ni restriction de rediffusion"
WE_OWNA_W_LAJ,Own land alone and jointly [Women],en,Autonomie des femmes,Ownership of assets,pourcentage,non,25,2,2012 2016,2012,2016,13,non,SRC-066,"Libre d'usage — la seule condition posée par le producteur est la citation ; ni inscription, ni restriction de rediffusion"
WE_OWNA_W_LAL,Own land alone [Women],en,Autonomie des femmes,Ownership of assets,pourcentage,non,25,2,2012 2016,2012,2016,13,non,SRC-066,"Libre d'usage — la seule condition posée par le producteur est la citation ; ni inscription, ni restriction de rediffusion"
WE_OWNA_W_LDK,Women with don't know or missing information on ownership of land,en,Autonomie des femmes,Ownership of assets,pourcentage,non,13,1,2012,2012,2012,13,non,SRC-066,"Libre d'usage — la seule condition posée par le producteur est la citation ; ni inscription, ni restriction de rediffusion"
WE_OWNA_W_LJN,Own land jointly [Women],en,Autonomie des femmes,Ownership of assets,pourcentage,non,25,2,2012 2016,2012,2016,13,non,SRC-066,"Libre d'usage — la seule condition posée par le producteur est la citation ; ni inscription, ni restriction de rediffusion"
WE_OWNA_W_LNM,Number of women,en,Autonomie des femmes,Ownership of assets,effectif,oui,25,2,2012 2016,2012,2016,13,non,SRC-066,"Libre d'usage — la seule condition posée par le producteur est la citation ; ni inscription, ni restriction de rediffusion"
WE_OWNA_W_LNO,Do not own land [Women],en,Autonomie des femmes,Ownership of assets,pourcentage,non,25,2,2012 2016,2012,2016,13,non,SRC-066,"Libre d'usage — la seule condition posée par le producteur est la citation ; ni inscription, ni restriction de rediffusion"
WE_OWNA_W_LTO,Land ownership [Women]: Total,en,Autonomie des femmes,Ownership of assets,pourcentage,non,25,2,2012 2016,2012,2016,13,non,SRC-066,"Libre d'usage — la seule condition posée par le producteur est la citation ; ni inscription, ni restriction de rediffusion"
WE_OWNA_W_LUN,Number of women (unweighted),en,Autonomie des femmes,Ownership of assets,effectif,oui,25,2,2012 2016,2012,2016,13,non,SRC-066,"Libre d'usage — la seule condition posée par le producteur est la citation ; ni inscription, ni restriction de rediffusion"
SV_BACK_M_NUM,Weighted number of men,en,Caractéristiques de l'enquête,Background characteristics,effectif,oui,47,4,2000 2006 2012 2016,2000,2016,13,oui,SRC-066,"Libre d'usage — la seule condition posée par le producteur est la citation ; ni inscription, ni restriction de rediffusion"
SV_BACK_M_PCM,Percentage of men,en,Caractéristiques de l'enquête,Background characteristics,pourcentage,non,47,4,2000 2006 2012 2016,2000,2016,13,oui,SRC-066,"Libre d'usage — la seule condition posée par le producteur est la citation ; ni inscription, ni restriction de rediffusion"
SV_BACK_M_UNW,Unweighted number of men,en,Caractéristiques de l'enquête,Background characteristics,effectif,oui,47,4,2000 2006 2012 2016,2000,2016,13,oui,SRC-066,"Libre d'usage — la seule condition posée par le producteur est la citation ; ni inscription, ni restriction de rediffusion"
SV_BACK_W_NUM,Weighted number of women,en,Caractéristiques de l'enquête,Background characteristics,effectif,oui,47,4,2000 2006 2012 2016,2000,2016,13,oui,SRC-066,"Libre d'usage — la seule condition posée par le producteur est la citation ; ni inscription, ni restriction de rediffusion"
SV_BACK_W_PCW,Percentage of women,en,Caractéristiques de l'enquête,Background characteristics,pourcentage,non,47,4,2000 2006 2012 2016,2000,2016,13,oui,SRC-066,"Libre d'usage — la seule condition posée par le producteur est la citation ; ni inscription, ni restriction de rediffusion"
SV_BACK_W_UNW,Unweighted number of women,en,Caractéristiques de l'enquête,Background characteristics,effectif,oui,47,4,2000 2006 2012 2016,2000,2016,13,oui,SRC-066,"Libre d'usage — la seule condition posée par le producteur est la citation ; ni inscription, ni restriction de rediffusion"
SV_HRES_H_ABS,Sample implementation: Households absent,en,Caractéristiques de l'enquête,Results of the household interviews,pourcentage,non,47,4,2000 2006 2012 2016,2000,2016,13,oui,SRC-066,"Libre d'usage — la seule condition posée par le producteur est la citation ; ni inscription, ni restriction de rediffusion"
SV_HRES_H_DES,Sample implementation: Households dwelling destroyed,en,Caractéristiques de l'enquête,Results of the household interviews,pourcentage,non,47,4,2000 2006 2012 2016,2000,2016,13,oui,SRC-066,"Libre d'usage — la seule condition posée par le producteur est la citation ; ni inscription, ni restriction de rediffusion"
SV_HRES_H_DNF,Sample implementation: Households dwelling not found,en,Caractéristiques de l'enquête,Results of the household interviews,pourcentage,non,35,3,2000 2012 2016,2000,2016,13,oui,SRC-066,"Libre d'usage — la seule condition posée par le producteur est la citation ; ni inscription, ni restriction de rediffusion"
SV_HRES_H_INN,Number of households interviewed,en,Caractéristiques de l'enquête,Results of the household interviews,effectif,oui,47,4,2000 2006 2012 2016,2000,2016,13,oui,SRC-066,"Libre d'usage — la seule condition posée par le producteur est la citation ; ni inscription, ni restriction de rediffusion"
SV_HRES_H_INT,Sample implementation: Households completed,en,Caractéristiques de l'enquête,Results of the household interviews,pourcentage,non,47,4,2000 2006 2012 2016,2000,2016,13,oui,SRC-066,"Libre d'usage — la seule condition posée par le producteur est la citation ; ni inscription, ni restriction de rediffusion"
SV_HRES_H_NOR,Sample implementation: Households no competent respondent,en,Caractéristiques de l'enquête,Results of the household interviews,pourcentage,non,47,4,2000 2006 2012 2016,2000,2016,13,oui,SRC-066,"Libre d'usage — la seule condition posée par le producteur est la citation ; ni inscription, ni restriction de rediffusion"
SV_HRES_H_OCC,Number of households found,en,Caractéristiques de l'enquête,Results of the household interviews,effectif,oui,47,4,2000 2006 2012 2016,2000,2016,13,oui,SRC-066,"Libre d'usage — la seule condition posée par le producteur est la citation ; ni inscription, ni restriction de rediffusion"
SV_HRES_H_OTH,Sample implementation: Households other,en,Caractéristiques de l'enquête,Results of the household interviews,pourcentage,non,37,3,2006 2012 2016,2006,2016,13,oui,SRC-066,"Libre d'usage — la seule condition posée par le producteur est la citation ; ni inscription, ni restriction de rediffusion"
SV_HRES_H_REF,Sample implementation: Households refused,en,Caractéristiques de l'enquête,Results of the household interviews,pourcentage,non,47,4,2000 2006 2012 2016,2000,2016,13,oui,SRC-066,"Libre d'usage — la seule condition posée par le producteur est la citation ; ni inscription, ni restriction de rediffusion"
SV_HRES_H_RES,Sample implementation: Households response rate,en,Caractéristiques de l'enquête,Results of the household interviews,pourcentage,non,47,4,2000 2006 2012 2016,2000,2016,13,oui,SRC-066,"Libre d'usage — la seule condition posée par le producteur est la citation ; ni inscription, ni restriction de rediffusion"
SV_HRES_H_SEL,Sample implementation: Households number,en,Caractéristiques de l'enquête,Results of the household interviews,effectif,oui,47,4,2000 2006 2012 2016,2000,2016,13,oui,SRC-066,"Libre d'usage — la seule condition posée par le producteur est la citation ; ni inscription, ni restriction de rediffusion"
SV_HRES_H_TOT,Sample implementation: Households total percent,en,Caractéristiques de l'enquête,Results of the household interviews,pourcentage,non,47,4,2000 2006 2012 2016,2000,2016,13,oui,SRC-066,"Libre d'usage — la seule condition posée par le producteur est la citation ; ni inscription, ni restriction de rediffusion"
SV_HRES_H_VAC,Sample implementation: Households dwelling vacant,en,Caractéristiques de l'enquête,Results of the household interviews,pourcentage,non,47,4,2000 2006 2012 2016,2000,2016,13,oui,SRC-066,"Libre d'usage — la seule condition posée par le producteur est la citation ; ni inscription, ni restriction de rediffusion"
SV_HRSM_H_ABS,Men's survey sample implementation: Households absent,en,Caractéristiques de l'enquête,Results of the household interviews for men's subsample,pourcentage,non,47,4,2000 2006 2012 2016,2000,2016,13,oui,SRC-066,"Libre d'usage — la seule condition posée par le producteur est la citation ; ni inscription, ni restriction de rediffusion"
SV_HRSM_H_DES,Men's survey sample implementation: Households dwelling destroyed,en,Caractéristiques de l'enquête,Results of the household interviews for men's subsample,pourcentage,non,47,4,2000 2006 2012 2016,2000,2016,13,oui,SRC-066,"Libre d'usage — la seule condition posée par le producteur est la citation ; ni inscription, ni restriction de rediffusion"
SV_HRSM_H_DNF,Men's survey sample implementation: Households dwelling not found,en,Caractéristiques de l'enquête,Results of the household interviews for men's subsample,pourcentage,non,35,3,2000 2012 2016,2000,2016,13,oui,SRC-066,"Libre d'usage — la seule condition posée par le producteur est la citation ; ni inscription, ni restriction de rediffusion"
SV_HRSM_H_INT,Men's survey sample implementation: Households completed,en,Caractéristiques de l'enquête,Results of the household interviews for men's subsample,pourcentage,non,47,4,2000 2006 2012 2016,2000,2016,13,oui,SRC-066,"Libre d'usage — la seule condition posée par le producteur est la citation ; ni inscription, ni restriction de rediffusion"
SV_HRSM_H_NOR,Men's survey sample implementation: Households no competent respondent,en,Caractéristiques de l'enquête,Results of the household interviews for men's subsample,pourcentage,non,47,4,2000 2006 2012 2016,2000,2016,13,oui,SRC-066,"Libre d'usage — la seule condition posée par le producteur est la citation ; ni inscription, ni restriction de rediffusion"
SV_HRSM_H_OTH,Men's survey sample implementation: Households other,en,Caractéristiques de l'enquête,Results of the household interviews for men's subsample,pourcentage,non,37,3,2006 2012 2016,2006,2016,13,oui,SRC-066,"Libre d'usage — la seule condition posée par le producteur est la citation ; ni inscription, ni restriction de rediffusion"
SV_HRSM_H_REF,Men's survey sample implementation: Households refused,en,Caractéristiques de l'enquête,Results of the household interviews for men's subsample,pourcentage,non,47,4,2000 2006 2012 2016,2000,2016,13,oui,SRC-066,"Libre d'usage — la seule condition posée par le producteur est la citation ; ni inscription, ni restriction de rediffusion"
SV_HRSM_H_RES,Households response rate for men's survey,en,Caractéristiques de l'enquête,Results of the household interviews for men's subsample,pourcentage,non,47,4,2000 2006 2012 2016,2000,2016,13,oui,SRC-066,"Libre d'usage — la seule condition posée par le producteur est la citation ; ni inscription, ni restriction de rediffusion"
SV_HRSM_H_SEL,Number of households sampled for men's survey,en,Caractéristiques de l'enquête,Results of the household interviews for men's subsample,effectif,oui,47,4,2000 2006 2012 2016,2000,2016,13,oui,SRC-066,"Libre d'usage — la seule condition posée par le producteur est la citation ; ni inscription, ni restriction de rediffusion"
SV_HRSM_H_TOT,Men's survey sample implementation: Households total percent,en,Caractéristiques de l'enquête,Results of the household interviews for men's subsample,pourcentage,non,47,4,2000 2006 2012 2016,2000,2016,13,oui,SRC-066,"Libre d'usage — la seule condition posée par le producteur est la citation ; ni inscription, ni restriction de rediffusion"
SV_HRSM_H_VAC,Men's survey sample implementation: Households dwelling vacant,en,Caractéristiques de l'enquête,Results of the household interviews for men's subsample,pourcentage,non,47,4,2000 2006 2012 2016,2000,2016,13,oui,SRC-066,"Libre d'usage — la seule condition posée par le producteur est la citation ; ni inscription, ni restriction de rediffusion"
SV_INTV_H_MED,Median duration of household interview,en,Caractéristiques de l'enquête,Interview date and duration,médiane,non,12,1,2016,2016,2016,12,non,SRC-066,"Libre d'usage — la seule condition posée par le producteur est la citation ; ni inscription, ni restriction de rediffusion"
SV_INTV_H_MNI,Mean duration of household interview,en,Caractéristiques de l'enquête,Interview date and duration,moyenne,non,12,1,2016,2016,2016,12,non,SRC-066,"Libre d'usage — la seule condition posée par le producteur est la citation ; ni inscription, ni restriction de rediffusion"
SV_INTV_H_NUM,Number of households interviewed in one visit with complete interview start and stop time,en,Caractéristiques de l'enquête,Interview date and duration,effectif,oui,12,1,2016,2016,2016,12,non,SRC-066,"Libre d'usage — la seule condition posée par le producteur est la citation ; ni inscription, ni restriction de rediffusion"
SV_INTV_M_MED,Median duration of men's interview,en,Caractéristiques de l'enquête,Interview date and duration,médiane,non,47,4,2000 2006 2012 2016,2000,2016,13,oui,SRC-066,"Libre d'usage — la seule condition posée par le producteur est la citation ; ni inscription, ni restriction de rediffusion"
SV_INTV_M_MNI,Mean duration of men's interview,en,Caractéristiques de l'enquête,Interview date and duration,moyenne,non,47,4,2000 2006 2012 2016,2000,2016,13,oui,SRC-066,"Libre d'usage — la seule condition posée par le producteur est la citation ; ni inscription, ni restriction de rediffusion"
SV_INTV_M_NUM,Number of men interviewed in one visit with complete interview start and stop time [Men],en,Caractéristiques de l'enquête,Interview date and duration,effectif,oui,47,4,2000 2006 2012 2016,2000,2016,13,oui,SRC-066,"Libre d'usage — la seule condition posée par le producteur est la citation ; ni inscription, ni restriction de rediffusion"
SV_INTV_W_MED,Median duration of women's interview,en,Caractéristiques de l'enquête,Interview date and duration,médiane,non,47,4,2000 2006 2012 2016,2000,2016,13,oui,SRC-066,"Libre d'usage — la seule condition posée par le producteur est la citation ; ni inscription, ni restriction de rediffusion"
SV_INTV_W_MNI,Mean duration of women's interview,en,Caractéristiques de l'enquête,Interview date and duration,moyenne,non,47,4,2000 2006 2012 2016,2000,2016,13,oui,SRC-066,"Libre d'usage — la seule condition posée par le producteur est la citation ; ni inscription, ni restriction de rediffusion"
SV_INTV_W_NUM,Number of women interviewed in one visit with complete interview start and stop time,en,Caractéristiques de l'enquête,Interview date and duration,effectif,oui,47,4,2000 2006 2012 2016,2000,2016,13,oui,SRC-066,"Libre d'usage — la seule condition posée par le producteur est la citation ; ni inscription, ni restriction de rediffusion"
SV_RESI_M_ELG,Number of eligible men,en,Caractéristiques de l'enquête,Results of the individual interviews,effectif,oui,47,4,2000 2006 2012 2016,2000,2016,13,oui,SRC-066,"Libre d'usage — la seule condition posée par le producteur est la citation ; ni inscription, ni restriction de rediffusion"
SV_RESI_M_INC,Sample implementation: Eligible men incapacitated,en,Caractéristiques de l'enquête,Results of the individual interviews,pourcentage,non,47,4,2000 2006 2012 2016,2000,2016,13,oui,SRC-066,"Libre d'usage — la seule condition posée par le producteur est la citation ; ni inscription, ni restriction de rediffusion"
SV_RESI_M_INN,Number of eligible men interviewed,en,Caractéristiques de l'enquête,Results of the individual interviews,effectif,oui,47,4,2000 2006 2012 2016,2000,2016,13,oui,SRC-066,"Libre d'usage — la seule condition posée par le producteur est la citation ; ni inscription, ni restriction de rediffusion"
SV_RESI_M_INT,Sample implementation: Eligible men completed,en,Caractéristiques de l'enquête,Results of the individual interviews,pourcentage,non,47,4,2000 2006 2012 2016,2000,2016,13,oui,SRC-066,"Libre d'usage — la seule condition posée par le producteur est la citation ; ni inscription, ni restriction de rediffusion"
SV_RESI_M_NAH,Sample implementation: Eligible men not at home,en,Caractéristiques de l'enquête,Results of the individual interviews,pourcentage,non,47,4,2000 2006 2012 2016,2000,2016,13,oui,SRC-066,"Libre d'usage — la seule condition posée par le producteur est la citation ; ni inscription, ni restriction de rediffusion"
SV_RESI_M_ORR,Sample implementation: Overall response rate for men,en,Caractéristiques de l'enquête,Results of the individual interviews,pourcentage,non,47,4,2000 2006 2012 2016,2000,2016,13,oui,SRC-066,"Libre d'usage — la seule condition posée par le producteur est la citation ; ni inscription, ni restriction de rediffusion"
SV_RESI_M_OTH,Sample implementation: Eligible men other,en,Caractéristiques de l'enquête,Results of the individual interviews,pourcentage,non,34,3,2000 2006 2016,2000,2016,12,oui,SRC-066,"Libre d'usage — la seule condition posée par le producteur est la citation ; ni inscription, ni restriction de rediffusion"
SV_RESI_M_POS,Sample implementation: Eligible men postponed,en,Caractéristiques de l'enquête,Results of the individual interviews,pourcentage,non,37,3,2006 2012 2016,2006,2016,13,oui,SRC-066,"Libre d'usage — la seule condition posée par le producteur est la citation ; ni inscription, ni restriction de rediffusion"
SV_RESI_M_PRT,Sample implementation: Eligible men partly completed,en,Caractéristiques de l'enquête,Results of the individual interviews,pourcentage,non,23,2,2000 2012,2000,2012,13,non,SRC-066,"Libre d'usage — la seule condition posée par le producteur est la citation ; ni inscription, ni restriction de rediffusion"
SV_RESI_M_REF,Sample implementation: Eligible men refused,en,Caractéristiques de l'enquête,Results of the individual interviews,pourcentage,non,47,4,2000 2006 2012 2016,2000,2016,13,oui,SRC-066,"Libre d'usage — la seule condition posée par le producteur est la citation ; ni inscription, ni restriction de rediffusion"
SV_RESI_M_RES,Eligible men response rate,en,Caractéristiques de l'enquête,Results of the individual interviews,pourcentage,non,47,4,2000 2006 2012 2016,2000,2016,13,oui,SRC-066,"Libre d'usage — la seule condition posée par le producteur est la citation ; ni inscription, ni restriction de rediffusion"
SV_RESI_M_TOT,Sample implementation: Eligible men total percent,en,Caractéristiques de l'enquête,Results of the individual interviews,pourcentage,non,47,4,2000 2006 2012 2016,2000,2016,13,oui,SRC-066,"Libre d'usage — la seule condition posée par le producteur est la citation ; ni inscription, ni restriction de rediffusion"
SV_RESI_W_ELG,Sample implementation: Eligible women number,en,Caractéristiques de l'enquête,Results of the individual interviews,effectif,oui,47,4,2000 2006 2012 2016,2000,2016,13,oui,SRC-066,"Libre d'usage — la seule condition posée par le producteur est la citation ; ni inscription, ni restriction de rediffusion"
SV_RESI_W_INC,Sample implementation: Eligible women incapacitated,en,Caractéristiques de l'enquête,Results of the individual interviews,pourcentage,non,47,4,2000 2006 2012 2016,2000,2016,13,oui,SRC-066,"Libre d'usage — la seule condition posée par le producteur est la citation ; ni inscription, ni restriction de rediffusion"
SV_RESI_W_INN,Number of eligible women interviewed,en,Caractéristiques de l'enquête,Results of the individual interviews,effectif,oui,47,4,2000 2006 2012 2016,2000,2016,13,oui,SRC-066,"Libre d'usage — la seule condition posée par le producteur est la citation ; ni inscription, ni restriction de rediffusion"
SV_RESI_W_INT,Sample implementation: Eligible women completed,en,Caractéristiques de l'enquête,Results of the individual interviews,pourcentage,non,47,4,2000 2006 2012 2016,2000,2016,13,oui,SRC-066,"Libre d'usage — la seule condition posée par le producteur est la citation ; ni inscription, ni restriction de rediffusion"
SV_RESI_W_NAH,Sample implementation: Eligible women not at home,en,Caractéristiques de l'enquête,Results of the individual interviews,pourcentage,non,47,4,2000 2006 2012 2016,2000,2016,13,oui,SRC-066,"Libre d'usage — la seule condition posée par le producteur est la citation ; ni inscription, ni restriction de rediffusion"
SV_RESI_W_ORR,Sample implementation: Overall response rate for women,en,Caractéristiques de l'enquête,Results of the individual interviews,pourcentage,non,47,4,2000 2006 2012 2016,2000,2016,13,oui,SRC-066,"Libre d'usage — la seule condition posée par le producteur est la citation ; ni inscription, ni restriction de rediffusion"
SV_RESI_W_OTH,Sample implementation: Eligible women other,en,Caractéristiques de l'enquête,Results of the individual interviews,pourcentage,non,34,3,2000 2006 2016,2000,2016,12,oui,SRC-066,"Libre d'usage — la seule condition posée par le producteur est la citation ; ni inscription, ni restriction de rediffusion"
SV_RESI_W_POS,Sample implementation: Eligible women postponed,en,Caractéristiques de l'enquête,Results of the individual interviews,pourcentage,non,23,2,2000 2012,2000,2012,13,non,SRC-066,"Libre d'usage — la seule condition posée par le producteur est la citation ; ni inscription, ni restriction de rediffusion"
SV_RESI_W_PRT,Sample implementation: Eligible women partly completed,en,Caractéristiques de l'enquête,Results of the individual interviews,pourcentage,non,35,3,2000 2006 2012,2000,2012,13,oui,SRC-066,"Libre d'usage — la seule condition posée par le producteur est la citation ; ni inscription, ni restriction de rediffusion"
SV_RESI_W_REF,Sample implementation: Eligible women refused,en,Caractéristiques de l'enquête,Results of the individual interviews,pourcentage,non,47,4,2000 2006 2012 2016,2000,2016,13,oui,SRC-066,"Libre d'usage — la seule condition posée par le producteur est la citation ; ni inscription, ni restriction de rediffusion"
SV_RESI_W_RES,Sample implementation: Eligible women response rate,en,Caractéristiques de l'enquête,Results of the individual interviews,pourcentage,non,47,4,2000 2006 2012 2016,2000,2016,13,oui,SRC-066,"Libre d'usage — la seule condition posée par le producteur est la citation ; ni inscription, ni restriction de rediffusion"
SV_RESI_W_TOT,Sample implementation: Eligible women total percent,en,Caractéristiques de l'enquête,Results of the individual interviews,pourcentage,non,47,4,2000 2006 2012 2016,2000,2016,13,oui,SRC-066,"Libre d'usage — la seule condition posée par le producteur est la citation ; ni inscription, ni restriction de rediffusion"
HC_AGEG_P_004,Percentage of population age 0-4,en,Conditions de vie du ménage,Age of population,pourcentage,non,47,4,2000 2006 2012 2016,2000,2016,13,oui,SRC-066,"Libre d'usage — la seule condition posée par le producteur est la citation ; ni inscription, ni restriction de rediffusion"
HC_AGEG_P_014,Dependency age group 0-14,en,Conditions de vie du ménage,Age of population,pourcentage,non,47,4,2000 2006 2012 2016,2000,2016,13,oui,SRC-066,"Libre d'usage — la seule condition posée par le producteur est la citation ; ni inscription, ni restriction de rediffusion"
HC_AGEG_P_059,Percentage of population age 5-9,en,Conditions de vie du ménage,Age of population,pourcentage,non,47,4,2000 2006 2012 2016,2000,2016,13,oui,SRC-066,"Libre d'usage — la seule condition posée par le producteur est la citation ; ni inscription, ni restriction de rediffusion"
HC_AGEG_P_104,Percentage of population age 10-14,en,Conditions de vie du ménage,Age of population,pourcentage,non,47,4,2000 2006 2012 2016,2000,2016,13,oui,SRC-066,"Libre d'usage — la seule condition posée par le producteur est la citation ; ni inscription, ni restriction de rediffusion"
HC_AGEG_P_159,Percentage of population age 15-19,en,Conditions de vie du ménage,Age of population,pourcentage,non,47,4,2000 2006 2012 2016,2000,2016,13,oui,SRC-066,"Libre d'usage — la seule condition posée par le producteur est la citation ; ni inscription, ni restriction de rediffusion"
HC_AGEG_P_204,Percentage of population age 20-24,en,Conditions de vie du ménage,Age of population,pourcentage,non,47,4,2000 2006 2012 2016,2000,2016,13,oui,SRC-066,"Libre d'usage — la seule condition posée par le producteur est la citation ; ni inscription, ni restriction de rediffusion"
HC_AGEG_P_259,Percentage of population age 25-29,en,Conditions de vie du ménage,Age of population,pourcentage,non,47,4,2000 2006 2012 2016,2000,2016,13,oui,SRC-066,"Libre d'usage — la seule condition posée par le producteur est la citation ; ni inscription, ni restriction de rediffusion"
HC_AGEG_P_304,Percentage of population age 30-34,en,Conditions de vie du ménage,Age of population,pourcentage,non,47,4,2000 2006 2012 2016,2000,2016,13,oui,SRC-066,"Libre d'usage — la seule condition posée par le producteur est la citation ; ni inscription, ni restriction de rediffusion"
HC_AGEG_P_359,Percentage of population age 35-39,en,Conditions de vie du ménage,Age of population,pourcentage,non,47,4,2000 2006 2012 2016,2000,2016,13,oui,SRC-066,"Libre d'usage — la seule condition posée par le producteur est la citation ; ni inscription, ni restriction de rediffusion"
HC_AGEG_P_404,Percentage of population age 40-44,en,Conditions de vie du ménage,Age of population,pourcentage,non,47,4,2000 2006 2012 2016,2000,2016,13,oui,SRC-066,"Libre d'usage — la seule condition posée par le producteur est la citation ; ni inscription, ni restriction de rediffusion"
HC_AGEG_P_459,Percentage of population age 45-49,en,Conditions de vie du ménage,Age of population,pourcentage,non,47,4,2000 2006 2012 2016,2000,2016,13,oui,SRC-066,"Libre d'usage — la seule condition posée par le producteur est la citation ; ni inscription, ni restriction de rediffusion"
HC_AGEG_P_504,Percentage of population age 50-54,en,Conditions de vie du ménage,Age of population,pourcentage,non,47,4,2000 2006 2012 2016,2000,2016,13,oui,SRC-066,"Libre d'usage — la seule condition posée par le producteur est la citation ; ni inscription, ni restriction de rediffusion"
HC_AGEG_P_559,Percentage of population age 55-59,en,Conditions de vie du ménage,Age of population,pourcentage,non,47,4,2000 2006 2012 2016,2000,2016,13,oui,SRC-066,"Libre d'usage — la seule condition posée par le producteur est la citation ; ni inscription, ni restriction de rediffusion"
HC_AGEG_P_604,Percentage of population age 60-64,en,Conditions de vie du ménage,Age of population,pourcentage,non,47,4,2000 2006 2012 2016,2000,2016,13,oui,SRC-066,"Libre d'usage — la seule condition posée par le producteur est la citation ; ni inscription, ni restriction de rediffusion"
HC_AGEG_P_659,Percentage of population age 65-69,en,Conditions de vie du ménage,Age of population,pourcentage,non,47,4,2000 2006 2012 2016,2000,2016,13,oui,SRC-066,"Libre d'usage — la seule condition posée par le producteur est la citation ; ni inscription, ni restriction de rediffusion"
HC_AGEG_P_704,Percentage of population age 70-74,en,Conditions de vie du ménage,Age of population,pourcentage,non,47,4,2000 2006 2012 2016,2000,2016,13,oui,SRC-066,"Libre d'usage — la seule condition posée par le producteur est la citation ; ni inscription, ni restriction de rediffusion"
HC_AGEG_P_759,Percentage of population age 75-79,en,Conditions de vie du ménage,Age of population,pourcentage,non,47,4,2000 2006 2012 2016,2000,2016,13,oui,SRC-066,"Libre d'usage — la seule condition posée par le producteur est la citation ; ni inscription, ni restriction de rediffusion"
HC_AGEG_P_80P,Percentage of population age 80 +,en,Conditions de vie du ménage,Age of population,pourcentage,non,47,4,2000 2006 2012 2016,2000,2016,13,oui,SRC-066,"Libre d'usage — la seule condition posée par le producteur est la citation ; ni inscription, ni restriction de rediffusion"
HC_AGEG_P_ADL,Adolescents 10-19,en,Conditions de vie du ménage,Age of population,pourcentage,non,47,4,2000 2006 2012 2016,2000,2016,13,oui,SRC-066,"Libre d'usage — la seule condition posée par le producteur est la citation ; ni inscription, ni restriction de rediffusion"
HC_AGEG_P_ADT,Adult population 18+,en,Conditions de vie du ménage,Age of population,pourcentage,non,47,4,2000 2006 2012 2016,2000,2016,13,oui,SRC-066,"Libre d'usage — la seule condition posée par le producteur est la citation ; ni inscription, ni restriction de rediffusion"
HC_AGEG_P_CHL,Child population 0-17,en,Conditions de vie du ménage,Age of population,pourcentage,non,47,4,2000 2006 2012 2016,2000,2016,13,oui,SRC-066,"Libre d'usage — la seule condition posée par le producteur est la citation ; ni inscription, ni restriction de rediffusion"
HC_AGEG_P_DK1,Percentage of population with age DK/missing,en,Conditions de vie du ménage,Age of population,pourcentage,non,47,4,2000 2006 2012 2016,2000,2016,13,oui,SRC-066,"Libre d'usage — la seule condition posée par le producteur est la citation ; ni inscription, ni restriction de rediffusion"
HC_AGEG_P_DK2,Percentage of population with age DK/missing,en,Conditions de vie du ménage,Age of population,pourcentage,non,47,4,2000 2006 2012 2016,2000,2016,13,oui,SRC-066,"Libre d'usage — la seule condition posée par le producteur est la citation ; ni inscription, ni restriction de rediffusion"
HC_AGEG_P_DKM,Percentage of population with age don't know or missing,en,Conditions de vie du ménage,Age of population,pourcentage,non,47,4,2000 2006 2012 2016,2000,2016,13,oui,SRC-066,"Libre d'usage — la seule condition posée par le producteur est la citation ; ni inscription, ni restriction de rediffusion"
HC_AGEG_P_NUM,Household population,en,Conditions de vie du ménage,Age of population,effectif,oui,47,4,2000 2006 2012 2016,2000,2016,13,oui,SRC-066,"Libre d'usage — la seule condition posée par le producteur est la citation ; ni inscription, ni restriction de rediffusion"
HC_AGEG_P_SNR,Dependency age group 65+,en,Conditions de vie du ménage,Age of population,pourcentage,non,47,4,2000 2006 2012 2016,2000,2016,13,oui,SRC-066,"Libre d'usage — la seule condition posée par le producteur est la citation ; ni inscription, ni restriction de rediffusion"
HC_AGEG_P_TOT,Percentage of population: Total,en,Conditions de vie du ménage,Age of population,pourcentage,non,47,4,2000 2006 2012 2016,2000,2016,13,oui,SRC-066,"Libre d'usage — la seule condition posée par le producteur est la citation ; ni inscription, ni restriction de rediffusion"
HC_AGEG_P_UNW,Household population (unweighted),en,Conditions de vie du ménage,Age of population,effectif,oui,47,4,2000 2006 2012 2016,2000,2016,13,oui,SRC-066,"Libre d'usage — la seule condition posée par le producteur est la citation ; ni inscription, ni restriction de rediffusion"
HC_AGEG_P_WRK,Dependency age group 15-64,en,Conditions de vie du ménage,Age of population,pourcentage,non,47,4,2000 2006 2012 2016,2000,2016,13,oui,SRC-066,"Libre d'usage — la seule condition posée par le producteur est la citation ; ni inscription, ni restriction de rediffusion"
HC_AGON_H_ANM,Households owning farm animals,en,Conditions de vie du ménage,Agricultural ownership,pourcentage,non,37,3,2006 2012 2016,2006,2016,13,oui,SRC-066,"Libre d'usage — la seule condition posée par le producteur est la citation ; ni inscription, ni restriction de rediffusion"
HC_AGON_H_LND,Households owning agricultural land,en,Conditions de vie du ménage,Agricultural ownership,pourcentage,non,37,3,2006 2012 2016,2006,2016,13,oui,SRC-066,"Libre d'usage — la seule condition posée par le producteur est la citation ; ni inscription, ni restriction de rediffusion"
HC_CHAR_H_NUM,Number of households,en,Conditions de vie du ménage,Household characteristics,effectif,oui,47,4,2000 2006 2012 2016,2000,2016,13,oui,SRC-066,"Libre d'usage — la seule condition posée par le producteur est la citation ; ni inscription, ni restriction de rediffusion"
HC_CHAR_H_UNW,Number of households (unweighted),en,Conditions de vie du ménage,Household characteristics,effectif,oui,47,4,2000 2006 2012 2016,2000,2016,13,oui,SRC-066,"Libre d'usage — la seule condition posée par le producteur est la citation ; ni inscription, ni restriction de rediffusion"
HC_CHAR_P_NUM,Number of persons,en,Conditions de vie du ménage,Household characteristics,effectif,oui,47,4,2000 2006 2012 2016,2000,2016,13,oui,SRC-066,"Libre d'usage — la seule condition posée par le producteur est la citation ; ni inscription, ni restriction de rediffusion"
HC_CHAR_P_UNW,Number of persons (unweighted),en,Conditions de vie du ménage,Household characteristics,effectif,oui,47,4,2000 2006 2012 2016,2000,2016,13,oui,SRC-066,"Libre d'usage — la seule condition posée par le producteur est la citation ; ni inscription, ni restriction de rediffusion"
HC_CKFL_H_CHR,Households cooking with charcoal,en,Conditions de vie du ménage,Cooking fuel,pourcentage,non,47,4,2000 2006 2012 2016,2000,2016,13,oui,SRC-066,"Libre d'usage — la seule condition posée par le producteur est la citation ; ni inscription, ni restriction de rediffusion"
HC_CKFL_H_CLN,Households using clean fuel for cooking,en,Conditions de vie du ménage,Cooking fuel,pourcentage,non,47,4,2000 2006 2012 2016,2000,2016,13,oui,SRC-066,"Libre d'usage — la seule condition posée par le producteur est la citation ; ni inscription, ni restriction de rediffusion"
HC_CKFL_H_COL,"Households cooking with coal, lignite",en,Conditions de vie du ménage,Cooking fuel,pourcentage,non,37,3,2006 2012 2016,2006,2016,13,oui,SRC-066,"Libre d'usage — la seule condition posée par le producteur est la citation ; ni inscription, ni restriction de rediffusion"
HC_CKFL_H_DKM,Households with don't know or missing information on type of cooking fuel,en,Conditions de vie du ménage,Cooking fuel,pourcentage,non,35,3,2000 2006 2012,2000,2012,13,oui,SRC-066,"Libre d'usage — la seule condition posée par le producteur est la citation ; ni inscription, ni restriction de rediffusion"
HC_CKFL_H_ELC,Households cooking with electricity,en,Conditions de vie du ménage,Cooking fuel,pourcentage,non,47,4,2000 2006 2012 2016,2000,2016,13,oui,SRC-066,"Libre d'usage — la seule condition posée par le producteur est la citation ; ni inscription, ni restriction de rediffusion"
HC_CKFL_H_KER,Households cooking with kerosene,en,Conditions de vie du ménage,Cooking fuel,pourcentage,non,47,4,2000 2006 2012 2016,2000,2016,13,oui,SRC-066,"Libre d'usage — la seule condition posée par le producteur est la citation ; ni inscription, ni restriction de rediffusion"
HC_CKFL_H_LPG,Households cooking with LPG/natural gas/biogas,en,Conditions de vie du ménage,Cooking fuel,pourcentage,non,47,4,2000 2006 2012 2016,2000,2016,13,oui,SRC-066,"Libre d'usage — la seule condition posée par le producteur est la citation ; ni inscription, ni restriction de rediffusion"
HC_CKFL_H_NFD,Households who do no cooking in the household,en,Conditions de vie du ménage,Cooking fuel,pourcentage,non,25,2,2012 2016,2012,2016,13,non,SRC-066,"Libre d'usage — la seule condition posée par le producteur est la citation ; ni inscription, ni restriction de rediffusion"
HC_CKFL_H_OTH,Households cooking with other types of fuel,en,Conditions de vie du ménage,Cooking fuel,pourcentage,non,34,3,2000 2006 2016,2000,2016,12,oui,SRC-066,"Libre d'usage — la seule condition posée par le producteur est la citation ; ni inscription, ni restriction de rediffusion"
HC_CKFL_H_SLD,Households using solid fuel for cooking,en,Conditions de vie du ménage,Cooking fuel,pourcentage,non,47,4,2000 2006 2012 2016,2000,2016,13,oui,SRC-066,"Libre d'usage — la seule condition posée par le producteur est la citation ; ni inscription, ni restriction de rediffusion"
HC_CKFL_H_STR,Households cooking with straw/shrubs/grass,en,Conditions de vie du ménage,Cooking fuel,pourcentage,non,12,1,2016,2016,2016,12,non,SRC-066,"Libre d'usage — la seule condition posée par le producteur est la citation ; ni inscription, ni restriction de rediffusion"
HC_CKFL_H_WOD,Households cooking with wood,en,Conditions de vie du ménage,Cooking fuel,pourcentage,non,47,4,2000 2006 2012 2016,2000,2016,13,oui,SRC-066,"Libre d'usage — la seule condition posée par le producteur est la citation ; ni inscription, ni restriction de rediffusion"
HC_CKFL_P_CHR,Population cooking with charcoal,en,Conditions de vie du ménage,Cooking fuel,pourcentage,non,47,4,2000 2006 2012 2016,2000,2016,13,oui,SRC-066,"Libre d'usage — la seule condition posée par le producteur est la citation ; ni inscription, ni restriction de rediffusion"
HC_CKFL_P_CLN,Population using clean fuel for cooking,en,Conditions de vie du ménage,Cooking fuel,pourcentage,non,47,4,2000 2006 2012 2016,2000,2016,13,oui,SRC-066,"Libre d'usage — la seule condition posée par le producteur est la citation ; ni inscription, ni restriction de rediffusion"
HC_CKFL_P_COL,"Population cooking with coal, lignite",en,Conditions de vie du ménage,Cooking fuel,pourcentage,non,37,3,2006 2012 2016,2006,2016,13,oui,SRC-066,"Libre d'usage — la seule condition posée par le producteur est la citation ; ni inscription, ni restriction de rediffusion"
HC_CKFL_P_DKM,Population with don't know or missing information on type of cooking fuel,en,Conditions de vie du ménage,Cooking fuel,pourcentage,non,35,3,2000 2006 2012,2000,2012,13,oui,SRC-066,"Libre d'usage — la seule condition posée par le producteur est la citation ; ni inscription, ni restriction de rediffusion"
HC_CKFL_P_ELC,Population cooking with electricity,en,Conditions de vie du ménage,Cooking fuel,pourcentage,non,47,4,2000 2006 2012 2016,2000,2016,13,oui,SRC-066,"Libre d'usage — la seule condition posée par le producteur est la citation ; ni inscription, ni restriction de rediffusion"
HC_CKFL_P_KER,Population cooking with kerosene,en,Conditions de vie du ménage,Cooking fuel,pourcentage,non,47,4,2000 2006 2012 2016,2000,2016,13,oui,SRC-066,"Libre d'usage — la seule condition posée par le producteur est la citation ; ni inscription, ni restriction de rediffusion"
HC_CKFL_P_LPG,Population cooking with LPG/natural gas/biogas,en,Conditions de vie du ménage,Cooking fuel,pourcentage,non,47,4,2000 2006 2012 2016,2000,2016,13,oui,SRC-066,"Libre d'usage — la seule condition posée par le producteur est la citation ; ni inscription, ni restriction de rediffusion"
HC_CKFL_P_NFD,Population who do no cooking in the household,en,Conditions de vie du ménage,Cooking fuel,pourcentage,non,25,2,2012 2016,2012,2016,13,non,SRC-066,"Libre d'usage — la seule condition posée par le producteur est la citation ; ni inscription, ni restriction de rediffusion"
HC_CKFL_P_OTH,Population cooking with other types of fuel,en,Conditions de vie du ménage,Cooking fuel,pourcentage,non,34,3,2000 2006 2016,2000,2016,12,oui,SRC-066,"Libre d'usage — la seule condition posée par le producteur est la citation ; ni inscription, ni restriction de rediffusion"
HC_CKFL_P_SLD,Population using solid fuel for cooking,en,Conditions de vie du ménage,Cooking fuel,pourcentage,non,47,4,2000 2006 2012 2016,2000,2016,13,oui,SRC-066,"Libre d'usage — la seule condition posée par le producteur est la citation ; ni inscription, ni restriction de rediffusion"
HC_CKFL_P_STR,Population cooking with straw/shrubs/grass,en,Conditions de vie du ménage,Cooking fuel,pourcentage,non,12,1,2016,2016,2016,12,non,SRC-066,"Libre d'usage — la seule condition posée par le producteur est la citation ; ni inscription, ni restriction de rediffusion"
HC_CKFL_P_WOD,Population cooking with wood,en,Conditions de vie du ménage,Cooking fuel,pourcentage,non,47,4,2000 2006 2012 2016,2000,2016,13,oui,SRC-066,"Libre d'usage — la seule condition posée par le producteur est la citation ; ni inscription, ni restriction de rediffusion"
HC_CKPL_H_DKM,Households with don't know or missing information on place for cooking,en,Conditions de vie du ménage,Place for cooking,pourcentage,non,25,2,2006 2012,2006,2012,13,non,SRC-066,"Libre d'usage — la seule condition posée par le producteur est la citation ; ni inscription, ni restriction de rediffusion"
HC_CKPL_H_HSE,Households cooking in the house,en,Conditions de vie du ménage,Place for cooking,pourcentage,non,37,3,2006 2012 2016,2006,2016,13,oui,SRC-066,"Libre d'usage — la seule condition posée par le producteur est la citation ; ni inscription, ni restriction de rediffusion"
HC_CKPL_H_NFD,Households cooking no food in the household,en,Conditions de vie du ménage,Place for cooking,pourcentage,non,25,2,2012 2016,2012,2016,13,non,SRC-066,"Libre d'usage — la seule condition posée par le producteur est la citation ; ni inscription, ni restriction de rediffusion"
HC_CKPL_H_OTH,Households cooking in other places,en,Conditions de vie du ménage,Place for cooking,pourcentage,non,37,3,2006 2012 2016,2006,2016,13,oui,SRC-066,"Libre d'usage — la seule condition posée par le producteur est la citation ; ni inscription, ni restriction de rediffusion"
HC_CKPL_H_OUT,Households cooking outdoors,en,Conditions de vie du ménage,Place for cooking,pourcentage,non,37,3,2006 2012 2016,2006,2016,13,oui,SRC-066,"Libre d'usage — la seule condition posée par le producteur est la citation ; ni inscription, ni restriction de rediffusion"
HC_CKPL_H_SEP,Households cooking in a separate building,en,Conditions de vie du ménage,Place for cooking,pourcentage,non,37,3,2006 2012 2016,2006,2016,13,oui,SRC-066,"Libre d'usage — la seule condition posée par le producteur est la citation ; ni inscription, ni restriction de rediffusion"
HC_CKPL_P_DKM,Population with don't know or missing information on place for cooking,en,Conditions de vie du ménage,Place for cooking,pourcentage,non,25,2,2006 2012,2006,2012,13,non,SRC-066,"Libre d'usage — la seule condition posée par le producteur est la citation ; ni inscription, ni restriction de rediffusion"
HC_CKPL_P_HSE,Population cooking in the house,en,Conditions de vie du ménage,Place for cooking,pourcentage,non,37,3,2006 2012 2016,2006,2016,13,oui,SRC-066,"Libre d'usage — la seule condition posée par le producteur est la citation ; ni inscription, ni restriction de rediffusion"
HC_CKPL_P_NFD,Population cooking no food in the household,en,Conditions de vie du ménage,Place for cooking,pourcentage,non,25,2,2012 2016,2012,2016,13,non,SRC-066,"Libre d'usage — la seule condition posée par le producteur est la citation ; ni inscription, ni restriction de rediffusion"
HC_CKPL_P_OTH,Population cooking in other places,en,Conditions de vie du ménage,Place for cooking,pourcentage,non,37,3,2006 2012 2016,2006,2016,13,oui,SRC-066,"Libre d'usage — la seule condition posée par le producteur est la citation ; ni inscription, ni restriction de rediffusion"
HC_CKPL_P_OUT,Population cooking outdoors,en,Conditions de vie du ménage,Place for cooking,pourcentage,non,37,3,2006 2012 2016,2006,2016,13,oui,SRC-066,"Libre d'usage — la seule condition posée par le producteur est la citation ; ni inscription, ni restriction de rediffusion"
HC_CKPL_P_SEP,Population cooking in a separate building,en,Conditions de vie du ménage,Place for cooking,pourcentage,non,37,3,2006 2012 2016,2006,2016,13,oui,SRC-066,"Libre d'usage — la seule condition posée par le producteur est la citation ; ni inscription, ni restriction de rediffusion"
HC_ELEC_H_DKM,Households with don't know or missing information on electricity,en,Conditions de vie du ménage,Electricity,pourcentage,non,35,3,2000 2006 2012,2000,2012,13,oui,SRC-066,"Libre d'usage — la seule condition posée par le producteur est la citation ; ni inscription, ni restriction de rediffusion"
HC_ELEC_H_ELC,Households with electricity,en,Conditions de vie du ménage,Electricity,pourcentage,non,47,4,2000 2006 2012 2016,2000,2016,13,oui,SRC-066,"Libre d'usage — la seule condition posée par le producteur est la citation ; ni inscription, ni restriction de rediffusion"
HC_ELEC_H_NEL,Households with no electricity,en,Conditions de vie du ménage,Electricity,pourcentage,non,47,4,2000 2006 2012 2016,2000,2016,13,oui,SRC-066,"Libre d'usage — la seule condition posée par le producteur est la citation ; ni inscription, ni restriction de rediffusion"
HC_ELEC_P_DKM,Population with don't know or missing information on electricity,en,Conditions de vie du ménage,Electricity,pourcentage,non,35,3,2000 2006 2012,2000,2012,13,oui,SRC-066,"Libre d'usage — la seule condition posée par le producteur est la citation ; ni inscription, ni restriction de rediffusion"
HC_ELEC_P_ELC,Population with electricity,en,Conditions de vie du ménage,Electricity,pourcentage,non,47,4,2000 2006 2012 2016,2000,2016,13,oui,SRC-066,"Libre d'usage — la seule condition posée par le producteur est la citation ; ni inscription, ni restriction de rediffusion"
HC_ELEC_P_NEL,Population with no electricity,en,Conditions de vie du ménage,Electricity,pourcentage,non,47,4,2000 2006 2012 2016,2000,2016,13,oui,SRC-066,"Libre d'usage — la seule condition posée par le producteur est la citation ; ni inscription, ni restriction de rediffusion"
HC_FLRM_H_CEM,Households with cement floors,en,Conditions de vie du ménage,Flooring material,pourcentage,non,24,2,2006 2016,2006,2016,12,non,SRC-066,"Libre d'usage — la seule condition posée par le producteur est la citation ; ni inscription, ni restriction de rediffusion"
HC_FLRM_H_CER,Households with ceramic tile floors,en,Conditions de vie du ménage,Flooring material,pourcentage,non,47,4,2000 2006 2012 2016,2000,2016,13,oui,SRC-066,"Libre d'usage — la seule condition posée par le producteur est la citation ; ni inscription, ni restriction de rediffusion"
HC_FLRM_H_CPT,Households with carpet floors,en,Conditions de vie du ménage,Flooring material,pourcentage,non,12,1,2006,2006,2006,12,non,SRC-066,"Libre d'usage — la seule condition posée par le producteur est la citation ; ni inscription, ni restriction de rediffusion"
HC_FLRM_H_DKM,Households with don't know or missing information on type of flooring,en,Conditions de vie du ménage,Flooring material,pourcentage,non,23,2,2000 2012,2000,2012,13,non,SRC-066,"Libre d'usage — la seule condition posée par le producteur est la citation ; ni inscription, ni restriction de rediffusion"
HC_FLRM_H_DNG,Households with dung floors,en,Conditions de vie du ménage,Flooring material,pourcentage,non,37,3,2006 2012 2016,2006,2016,13,oui,SRC-066,"Libre d'usage — la seule condition posée par le producteur est la citation ; ni inscription, ni restriction de rediffusion"
HC_FLRM_H_ETH,Households with earth/sand floors,en,Conditions de vie du ménage,Flooring material,pourcentage,non,47,4,2000 2006 2012 2016,2000,2016,13,oui,SRC-066,"Libre d'usage — la seule condition posée par le producteur est la citation ; ni inscription, ni restriction de rediffusion"
HC_FLRM_H_FIN,Households with finished floors,en,Conditions de vie du ménage,Flooring material,pourcentage,non,47,4,2000 2006 2012 2016,2000,2016,13,oui,SRC-066,"Libre d'usage — la seule condition posée par le producteur est la citation ; ni inscription, ni restriction de rediffusion"
HC_FLRM_H_NAT,Households with natural floors,en,Conditions de vie du ménage,Flooring material,pourcentage,non,47,4,2000 2006 2012 2016,2000,2016,13,oui,SRC-066,"Libre d'usage — la seule condition posée par le producteur est la citation ; ni inscription, ni restriction de rediffusion"
HC_FLRM_H_OTH,Households with other floors,en,Conditions de vie du ménage,Flooring material,pourcentage,non,35,3,2000 2012 2016,2000,2016,13,oui,SRC-066,"Libre d'usage — la seule condition posée par le producteur est la citation ; ni inscription, ni restriction de rediffusion"
HC_FLRM_H_PLM,Households with palm/bamboo floors,en,Conditions de vie du ménage,Flooring material,pourcentage,non,12,1,2006,2006,2006,12,non,SRC-066,"Libre d'usage — la seule condition posée par le producteur est la citation ; ni inscription, ni restriction de rediffusion"
HC_FLRM_H_PQT,Households with parquet or polished wood floors,en,Conditions de vie du ménage,Flooring material,pourcentage,non,47,4,2000 2006 2012 2016,2000,2016,13,oui,SRC-066,"Libre d'usage — la seule condition posée par le producteur est la citation ; ni inscription, ni restriction de rediffusion"
HC_FLRM_H_RUD,Households with rudimentary floors,en,Conditions de vie du ménage,Flooring material,pourcentage,non,47,4,2000 2006 2012 2016,2000,2016,13,oui,SRC-066,"Libre d'usage — la seule condition posée par le producteur est la citation ; ni inscription, ni restriction de rediffusion"
HC_FLRM_H_VIN,Households with vinyl or asphalt strips floors,en,Conditions de vie du ménage,Flooring material,pourcentage,non,23,2,2000 2012,2000,2012,13,non,SRC-066,"Libre d'usage — la seule condition posée par le producteur est la citation ; ni inscription, ni restriction de rediffusion"
HC_FLRM_H_WDP,Households with wood plank floors,en,Conditions de vie du ménage,Flooring material,pourcentage,non,47,4,2000 2006 2012 2016,2000,2016,13,oui,SRC-066,"Libre d'usage — la seule condition posée par le producteur est la citation ; ni inscription, ni restriction de rediffusion"
HC_FLRM_P_CEM,Population with cement floors,en,Conditions de vie du ménage,Flooring material,pourcentage,non,24,2,2006 2016,2006,2016,12,non,SRC-066,"Libre d'usage — la seule condition posée par le producteur est la citation ; ni inscription, ni restriction de rediffusion"
HC_FLRM_P_CER,Population with ceramic tile floors,en,Conditions de vie du ménage,Flooring material,pourcentage,non,47,4,2000 2006 2012 2016,2000,2016,13,oui,SRC-066,"Libre d'usage — la seule condition posée par le producteur est la citation ; ni inscription, ni restriction de rediffusion"
HC_FLRM_P_CPT,Population with carpet floors,en,Conditions de vie du ménage,Flooring material,pourcentage,non,12,1,2006,2006,2006,12,non,SRC-066,"Libre d'usage — la seule condition posée par le producteur est la citation ; ni inscription, ni restriction de rediffusion"
HC_FLRM_P_DKM,Population with don't know or missing information on type of flooring,en,Conditions de vie du ménage,Flooring material,pourcentage,non,23,2,2000 2012,2000,2012,13,non,SRC-066,"Libre d'usage — la seule condition posée par le producteur est la citation ; ni inscription, ni restriction de rediffusion"
HC_FLRM_P_DNG,Population with dung floors,en,Conditions de vie du ménage,Flooring material,pourcentage,non,37,3,2006 2012 2016,2006,2016,13,oui,SRC-066,"Libre d'usage — la seule condition posée par le producteur est la citation ; ni inscription, ni restriction de rediffusion"
HC_FLRM_P_ETH,Population with earth/sand floors,en,Conditions de vie du ménage,Flooring material,pourcentage,non,47,4,2000 2006 2012 2016,2000,2016,13,oui,SRC-066,"Libre d'usage — la seule condition posée par le producteur est la citation ; ni inscription, ni restriction de rediffusion"
HC_FLRM_P_FIN,Population with finished floors,en,Conditions de vie du ménage,Flooring material,pourcentage,non,47,4,2000 2006 2012 2016,2000,2016,13,oui,SRC-066,"Libre d'usage — la seule condition posée par le producteur est la citation ; ni inscription, ni restriction de rediffusion"
HC_FLRM_P_NAT,Population with natural floors,en,Conditions de vie du ménage,Flooring material,pourcentage,non,47,4,2000 2006 2012 2016,2000,2016,13,oui,SRC-066,"Libre d'usage — la seule condition posée par le producteur est la citation ; ni inscription, ni restriction de rediffusion"
HC_FLRM_P_OTH,Population with other floors,en,Conditions de vie du ménage,Flooring material,pourcentage,non,35,3,2000 2012 2016,2000,2016,13,oui,SRC-066,"Libre d'usage — la seule condition posée par le producteur est la citation ; ni inscription, ni restriction de rediffusion"
HC_FLRM_P_PLM,Population with palm/bamboo floors,en,Conditions de vie du ménage,Flooring material,pourcentage,non,12,1,2006,2006,2006,12,non,SRC-066,"Libre d'usage — la seule condition posée par le producteur est la citation ; ni inscription, ni restriction de rediffusion"
HC_FLRM_P_PQT,Population with parquet or polished wood floors,en,Conditions de vie du ménage,Flooring material,pourcentage,non,47,4,2000 2006 2012 2016,2000,2016,13,oui,SRC-066,"Libre d'usage — la seule condition posée par le producteur est la citation ; ni inscription, ni restriction de rediffusion"
HC_FLRM_P_RUD,Population with rudimentary floors,en,Conditions de vie du ménage,Flooring material,pourcentage,non,47,4,2000 2006 2012 2016,2000,2016,13,oui,SRC-066,"Libre d'usage — la seule condition posée par le producteur est la citation ; ni inscription, ni restriction de rediffusion"
HC_FLRM_P_VIN,Population with vinyl or asphalt strips floors,en,Conditions de vie du ménage,Flooring material,pourcentage,non,23,2,2000 2012,2000,2012,13,non,SRC-066,"Libre d'usage — la seule condition posée par le producteur est la citation ; ni inscription, ni restriction de rediffusion"
HC_FLRM_P_WDP,Population with wood plank floors,en,Conditions de vie du ménage,Flooring material,pourcentage,non,47,4,2000 2006 2012 2016,2000,2016,13,oui,SRC-066,"Libre d'usage — la seule condition posée par le producteur est la citation ; ni inscription, ni restriction de rediffusion"
HC_HEFF_H_CMP,Households possessing a computer,en,Conditions de vie du ménage,Household effects,effectif,oui,12,1,2016,2016,2016,12,non,SRC-066,"Libre d'usage — la seule condition posée par le producteur est la citation ; ni inscription, ni restriction de rediffusion"
HC_HEFF_H_FRG,Households possessing a refrigerator,en,Conditions de vie du ménage,Household effects,pourcentage,non,47,4,2000 2006 2012 2016,2000,2016,13,oui,SRC-066,"Libre d'usage — la seule condition posée par le producteur est la citation ; ni inscription, ni restriction de rediffusion"
HC_HEFF_H_MPH,Households possessing a mobile telephone,en,Conditions de vie du ménage,Household effects,pourcentage,non,37,3,2006 2012 2016,2006,2016,13,oui,SRC-066,"Libre d'usage — la seule condition posée par le producteur est la citation ; ni inscription, ni restriction de rediffusion"
HC_HEFF_H_NPH,Households possessing a telephone,en,Conditions de vie du ménage,Household effects,pourcentage,non,47,4,2000 2006 2012 2016,2000,2016,13,oui,SRC-066,"Libre d'usage — la seule condition posée par le producteur est la citation ; ni inscription, ni restriction de rediffusion"
HC_HEFF_H_NUM,Number of households,en,Conditions de vie du ménage,Household effects,effectif,oui,47,4,2000 2006 2012 2016,2000,2016,13,oui,SRC-066,"Libre d'usage — la seule condition posée par le producteur est la citation ; ni inscription, ni restriction de rediffusion"
HC_HEFF_H_RDO,Households possessing a radio,en,Conditions de vie du ménage,Household effects,pourcentage,non,47,4,2000 2006 2012 2016,2000,2016,13,oui,SRC-066,"Libre d'usage — la seule condition posée par le producteur est la citation ; ni inscription, ni restriction de rediffusion"
HC_HEFF_H_TLV,Households possessing a television,en,Conditions de vie du ménage,Household effects,pourcentage,non,47,4,2000 2006 2012 2016,2000,2016,13,oui,SRC-066,"Libre d'usage — la seule condition posée par le producteur est la citation ; ni inscription, ni restriction de rediffusion"
HC_HEFF_H_UNW,Number of households (unweighted),en,Conditions de vie du ménage,Household effects,effectif,oui,47,4,2000 2006 2012 2016,2000,2016,13,oui,SRC-066,"Libre d'usage — la seule condition posée par le producteur est la citation ; ni inscription, ni restriction de rediffusion"
HC_HHHD_H_FEM,Female-headed households,en,Conditions de vie du ménage,Household headship,pourcentage,non,47,4,2000 2006 2012 2016,2000,2016,13,oui,SRC-066,"Libre d'usage — la seule condition posée par le producteur est la citation ; ni inscription, ni restriction de rediffusion"
HC_HHHD_H_MAL,Male-headed households,en,Conditions de vie du ménage,Household headship,pourcentage,non,47,4,2000 2006 2012 2016,2000,2016,13,oui,SRC-066,"Libre d'usage — la seule condition posée par le producteur est la citation ; ni inscription, ni restriction de rediffusion"
HC_HHHD_H_TOT,Households total,en,Conditions de vie du ménage,Household headship,pourcentage,non,47,4,2000 2006 2012 2016,2000,2016,13,oui,SRC-066,"Libre d'usage — la seule condition posée par le producteur est la citation ; ni inscription, ni restriction de rediffusion"
HC_LVAR_C_BTH,Children living with both parents,en,Conditions de vie du ménage,Children's living arrangements and orphanhood,pourcentage,non,47,4,2000 2006 2012 2016,2000,2016,13,oui,SRC-066,"Libre d'usage — la seule condition posée par le producteur est la citation ; ni inscription, ni restriction de rediffusion"
HC_LVAR_C_FMA,"Children living with father, mother alive",en,Conditions de vie du ménage,Children's living arrangements and orphanhood,pourcentage,non,47,4,2000 2006 2012 2016,2000,2016,13,oui,SRC-066,"Libre d'usage — la seule condition posée par le producteur est la citation ; ni inscription, ni restriction de rediffusion"
HC_LVAR_C_FMD,"Children living with father, mother dead",en,Conditions de vie du ménage,Children's living arrangements and orphanhood,pourcentage,non,47,4,2000 2006 2012 2016,2000,2016,13,oui,SRC-066,"Libre d'usage — la seule condition posée par le producteur est la citation ; ni inscription, ni restriction de rediffusion"
HC_LVAR_C_MFA,"Children living with mother, father alive",en,Conditions de vie du ménage,Children's living arrangements and orphanhood,pourcentage,non,47,4,2000 2006 2012 2016,2000,2016,13,oui,SRC-066,"Libre d'usage — la seule condition posée par le producteur est la citation ; ni inscription, ni restriction de rediffusion"
HC_LVAR_C_MFD,"Children living with mother, father dead",en,Conditions de vie du ménage,Children's living arrangements and orphanhood,pourcentage,non,47,4,2000 2006 2012 2016,2000,2016,13,oui,SRC-066,"Libre d'usage — la seule condition posée par le producteur est la citation ; ni inscription, ni restriction de rediffusion"
HC_LVAR_C_NBA,"Children living with neither parent, both alive",en,Conditions de vie du ménage,Children's living arrangements and orphanhood,pourcentage,non,47,4,2000 2006 2012 2016,2000,2016,13,oui,SRC-066,"Libre d'usage — la seule condition posée par le producteur est la citation ; ni inscription, ni restriction de rediffusion"
HC_LVAR_C_NBD,"Children living with neither parent, both dead",en,Conditions de vie du ménage,Children's living arrangements and orphanhood,pourcentage,non,47,4,2000 2006 2012 2016,2000,2016,13,oui,SRC-066,"Libre d'usage — la seule condition posée par le producteur est la citation ; ni inscription, ni restriction de rediffusion"
HC_LVAR_C_NBP,Children not living with a biological parent,en,Conditions de vie du ménage,Children's living arrangements and orphanhood,pourcentage,non,47,4,2000 2006 2012 2016,2000,2016,13,oui,SRC-066,"Libre d'usage — la seule condition posée par le producteur est la citation ; ni inscription, ni restriction de rediffusion"
HC_LVAR_C_NFA,"Children living with neither parent, father alive",en,Conditions de vie du ménage,Children's living arrangements and orphanhood,pourcentage,non,47,4,2000 2006 2012 2016,2000,2016,13,oui,SRC-066,"Libre d'usage — la seule condition posée par le producteur est la citation ; ni inscription, ni restriction de rediffusion"
HC_LVAR_C_NMA,"Children living with neither parent, mother alive",en,Conditions de vie du ménage,Children's living arrangements and orphanhood,pourcentage,non,47,4,2000 2006 2012 2016,2000,2016,13,oui,SRC-066,"Libre d'usage — la seule condition posée par le producteur est la citation ; ni inscription, ni restriction de rediffusion"
HC_LVAR_C_NMS,Children with missing information on whether father/mother alive,en,Conditions de vie du ménage,Children's living arrangements and orphanhood,pourcentage,non,47,4,2000 2006 2012 2016,2000,2016,13,oui,SRC-066,"Libre d'usage — la seule condition posée par le producteur est la citation ; ni inscription, ni restriction de rediffusion"
HC_LVAR_C_NUM,Number of children,en,Conditions de vie du ménage,Children's living arrangements and orphanhood,effectif,oui,47,4,2000 2006 2012 2016,2000,2016,13,oui,SRC-066,"Libre d'usage — la seule condition posée par le producteur est la citation ; ni inscription, ni restriction de rediffusion"
HC_LVAR_C_P1D,"Prevalence of orphanhood: children under 18 who are orphans - mother, father or both dead",en,Conditions de vie du ménage,Children's living arrangements and orphanhood,pourcentage,non,47,4,2000 2006 2012 2016,2000,2016,13,oui,SRC-066,"Libre d'usage — la seule condition posée par le producteur est la citation ; ni inscription, ni restriction de rediffusion"
HC_LVAR_C_TOT,Children: Total,en,Conditions de vie du ménage,Children's living arrangements and orphanhood,pourcentage,non,47,4,2000 2006 2012 2016,2000,2016,13,oui,SRC-066,"Libre d'usage — la seule condition posée par le producteur est la citation ; ni inscription, ni restriction de rediffusion"
HC_LVAR_C_UNW,Number of children (unweighted),en,Conditions de vie du ménage,Children's living arrangements and orphanhood,effectif,oui,47,4,2000 2006 2012 2016,2000,2016,13,oui,SRC-066,"Libre d'usage — la seule condition posée par le producteur est la citation ; ni inscription, ni restriction de rediffusion"
HC_LVAY_C_BTH,Children age 10-14 living with both parents,en,Conditions de vie du ménage,Children 10-14 living arrangements and orphanhood,pourcentage,non,47,4,2000 2006 2012 2016,2000,2016,13,oui,SRC-066,"Libre d'usage — la seule condition posée par le producteur est la citation ; ni inscription, ni restriction de rediffusion"
HC_LVAY_C_FMA,"Children age 10-14 living with father, mother alive",en,Conditions de vie du ménage,Children 10-14 living arrangements and orphanhood,pourcentage,non,47,4,2000 2006 2012 2016,2000,2016,13,oui,SRC-066,"Libre d'usage — la seule condition posée par le producteur est la citation ; ni inscription, ni restriction de rediffusion"
HC_LVAY_C_FMD,"Children age 10-14 living with father, mother dead",en,Conditions de vie du ménage,Children 10-14 living arrangements and orphanhood,pourcentage,non,47,4,2000 2006 2012 2016,2000,2016,13,oui,SRC-066,"Libre d'usage — la seule condition posée par le producteur est la citation ; ni inscription, ni restriction de rediffusion"
HC_LVAY_C_FON,Children age 10-14 living with father only,en,Conditions de vie du ménage,Children 10-14 living arrangements and orphanhood,pourcentage,non,47,4,2000 2006 2012 2016,2000,2016,13,oui,SRC-066,"Libre d'usage — la seule condition posée par le producteur est la citation ; ni inscription, ni restriction de rediffusion"
HC_LVAY_C_MFA,"Children age 10-14 living with mother, father alive",en,Conditions de vie du ménage,Children 10-14 living arrangements and orphanhood,pourcentage,non,47,4,2000 2006 2012 2016,2000,2016,13,oui,SRC-066,"Libre d'usage — la seule condition posée par le producteur est la citation ; ni inscription, ni restriction de rediffusion"
HC_LVAY_C_MFD,"Children age 10-14 living with mother, father dead",en,Conditions de vie du ménage,Children 10-14 living arrangements and orphanhood,pourcentage,non,47,4,2000 2006 2012 2016,2000,2016,13,oui,SRC-066,"Libre d'usage — la seule condition posée par le producteur est la citation ; ni inscription, ni restriction de rediffusion"
HC_LVAY_C_MON,Children age 10-14 living with mother only,en,Conditions de vie du ménage,Children 10-14 living arrangements and orphanhood,pourcentage,non,47,4,2000 2006 2012 2016,2000,2016,13,oui,SRC-066,"Libre d'usage — la seule condition posée par le producteur est la citation ; ni inscription, ni restriction de rediffusion"
HC_LVAY_C_NBA,"Children age 10-14 living with neither parent, both alive",en,Conditions de vie du ménage,Children 10-14 living arrangements and orphanhood,pourcentage,non,47,4,2000 2006 2012 2016,2000,2016,13,oui,SRC-066,"Libre d'usage — la seule condition posée par le producteur est la citation ; ni inscription, ni restriction de rediffusion"
HC_LVAY_C_NBD,"Children age 10-14 living with neither parent, both dead",en,Conditions de vie du ménage,Children 10-14 living arrangements and orphanhood,pourcentage,non,47,4,2000 2006 2012 2016,2000,2016,13,oui,SRC-066,"Libre d'usage — la seule condition posée par le producteur est la citation ; ni inscription, ni restriction de rediffusion"
HC_LVAY_C_NBP,Children age 10-14 not living with a biological parent,en,Conditions de vie du ménage,Children 10-14 living arrangements and orphanhood,pourcentage,non,47,4,2000 2006 2012 2016,2000,2016,13,oui,SRC-066,"Libre d'usage — la seule condition posée par le producteur est la citation ; ni inscription, ni restriction de rediffusion"
HC_LVAY_C_NFA,"Children age 10-14 living with neither parent, father alive",en,Conditions de vie du ménage,Children 10-14 living arrangements and orphanhood,pourcentage,non,47,4,2000 2006 2012 2016,2000,2016,13,oui,SRC-066,"Libre d'usage — la seule condition posée par le producteur est la citation ; ni inscription, ni restriction de rediffusion"
HC_LVAY_C_NMA,"Children age 10-14 living with neither parent, mother alive",en,Conditions de vie du ménage,Children 10-14 living arrangements and orphanhood,pourcentage,non,47,4,2000 2006 2012 2016,2000,2016,13,oui,SRC-066,"Libre d'usage — la seule condition posée par le producteur est la citation ; ni inscription, ni restriction de rediffusion"
HC_LVAY_C_NMS,Children age 10-14 with missing information on whether father/mother alive,en,Conditions de vie du ménage,Children 10-14 living arrangements and orphanhood,pourcentage,non,47,4,2000 2006 2012 2016,2000,2016,13,oui,SRC-066,"Libre d'usage — la seule condition posée par le producteur est la citation ; ni inscription, ni restriction de rediffusion"
HC_LVAY_C_NUM,Number of children age 10-14,en,Conditions de vie du ménage,Children 10-14 living arrangements and orphanhood,effectif,oui,47,4,2000 2006 2012 2016,2000,2016,13,oui,SRC-066,"Libre d'usage — la seule condition posée par le producteur est la citation ; ni inscription, ni restriction de rediffusion"
HC_LVAY_C_P1D,"Prevalence of orphanhood: children age 10-14 who are orphans - mother, father or both dead",en,Conditions de vie du ménage,Children 10-14 living arrangements and orphanhood,pourcentage,non,47,4,2000 2006 2012 2016,2000,2016,13,oui,SRC-066,"Libre d'usage — la seule condition posée par le producteur est la citation ; ni inscription, ni restriction de rediffusion"
HC_LVAY_C_TOT,Children age 10-14: Total,en,Conditions de vie du ménage,Children 10-14 living arrangements and orphanhood,pourcentage,non,47,4,2000 2006 2012 2016,2000,2016,13,oui,SRC-066,"Libre d'usage — la seule condition posée par le producteur est la citation ; ni inscription, ni restriction de rediffusion"
HC_LVAY_C_UNW,Number of children age 10-14 (unweighted),en,Conditions de vie du ménage,Children 10-14 living arrangements and orphanhood,effectif,oui,47,4,2000 2006 2012 2016,2000,2016,13,oui,SRC-066,"Libre d'usage — la seule condition posée par le producteur est la citation ; ni inscription, ni restriction de rediffusion"
HC_MEMB_H_0MM,Households with 0 usual members,en,Conditions de vie du ménage,Number of usual members,pourcentage,non,35,3,2000 2006 2012,2000,2012,13,oui,SRC-066,"Libre d'usage — la seule condition posée par le producteur est la citation ; ni inscription, ni restriction de rediffusion"
HC_MEMB_H_1MM,Households with 1 usual members,en,Conditions de vie du ménage,Number of usual members,pourcentage,non,47,4,2000 2006 2012 2016,2000,2016,13,oui,SRC-066,"Libre d'usage — la seule condition posée par le producteur est la citation ; ni inscription, ni restriction de rediffusion"
HC_MEMB_H_2MM,Households with 2 usual members,en,Conditions de vie du ménage,Number of usual members,pourcentage,non,47,4,2000 2006 2012 2016,2000,2016,13,oui,SRC-066,"Libre d'usage — la seule condition posée par le producteur est la citation ; ni inscription, ni restriction de rediffusion"
HC_MEMB_H_3MM,Households with 3 usual members,en,Conditions de vie du ménage,Number of usual members,pourcentage,non,47,4,2000 2006 2012 2016,2000,2016,13,oui,SRC-066,"Libre d'usage — la seule condition posée par le producteur est la citation ; ni inscription, ni restriction de rediffusion"
HC_MEMB_H_4MM,Households with 4 usual members,en,Conditions de vie du ménage,Number of usual members,pourcentage,non,47,4,2000 2006 2012 2016,2000,2016,13,oui,SRC-066,"Libre d'usage — la seule condition posée par le producteur est la citation ; ni inscription, ni restriction de rediffusion"
HC_MEMB_H_5MM,Households with 5 usual members,en,Conditions de vie du ménage,Number of usual members,pourcentage,non,47,4,2000 2006 2012 2016,2000,2016,13,oui,SRC-066,"Libre d'usage — la seule condition posée par le producteur est la citation ; ni inscription, ni restriction de rediffusion"
HC_MEMB_H_6MM,Households with 6 usual members,en,Conditions de vie du ménage,Number of usual members,pourcentage,non,47,4,2000 2006 2012 2016,2000,2016,13,oui,SRC-066,"Libre d'usage — la seule condition posée par le producteur est la citation ; ni inscription, ni restriction de rediffusion"
HC_MEMB_H_7MM,Households with 7 usual members,en,Conditions de vie du ménage,Number of usual members,pourcentage,non,47,4,2000 2006 2012 2016,2000,2016,13,oui,SRC-066,"Libre d'usage — la seule condition posée par le producteur est la citation ; ni inscription, ni restriction de rediffusion"
HC_MEMB_H_8MM,Households with 8 usual members,en,Conditions de vie du ménage,Number of usual members,pourcentage,non,47,4,2000 2006 2012 2016,2000,2016,13,oui,SRC-066,"Libre d'usage — la seule condition posée par le producteur est la citation ; ni inscription, ni restriction de rediffusion"
HC_MEMB_H_9MM,Households with 9+ usual members,en,Conditions de vie du ménage,Number of usual members,pourcentage,non,47,4,2000 2006 2012 2016,2000,2016,13,oui,SRC-066,"Libre d'usage — la seule condition posée par le producteur est la citation ; ni inscription, ni restriction de rediffusion"
HC_MEMB_H_MNM,Mean number of household members,en,Conditions de vie du ménage,Number of usual members,moyenne,non,47,4,2000 2006 2012 2016,2000,2016,13,oui,SRC-066,"Libre d'usage — la seule condition posée par le producteur est la citation ; ni inscription, ni restriction de rediffusion"
HC_MEMB_H_TOT,Households: Total,en,Conditions de vie du ménage,Number of usual members,pourcentage,non,47,4,2000 2006 2012 2016,2000,2016,13,oui,SRC-066,"Libre d'usage — la seule condition posée par le producteur est la citation ; ni inscription, ni restriction de rediffusion"
HC_OLDR_H_3GN,Households with 3 generations,en,Conditions de vie du ménage,Older age persons,pourcentage,non,47,4,2000 2006 2012 2016,2000,2016,13,oui,SRC-066,"Libre d'usage — la seule condition posée par le producteur est la citation ; ni inscription, ni restriction de rediffusion"
HC_OLDR_H_NUM,Number of households,en,Conditions de vie du ménage,Older age persons,effectif,oui,47,4,2000 2006 2012 2016,2000,2016,13,oui,SRC-066,"Libre d'usage — la seule condition posée par le producteur est la citation ; ni inscription, ni restriction de rediffusion"
HC_OLDR_H_O65,Households with only members age 65+,en,Conditions de vie du ménage,Older age persons,pourcentage,non,47,4,2000 2006 2012 2016,2000,2016,13,oui,SRC-066,"Libre d'usage — la seule condition posée par le producteur est la citation ; ni inscription, ni restriction de rediffusion"
HC_OLDR_H_UNW,Number of households (unweighted),en,Conditions de vie du ménage,Older age persons,effectif,oui,47,4,2000 2006 2012 2016,2000,2016,13,oui,SRC-066,"Libre d'usage — la seule condition posée par le producteur est la citation ; ni inscription, ni restriction de rediffusion"
HC_OLDR_H_W65,Households with members age 65+,en,Conditions de vie du ménage,Older age persons,pourcentage,non,47,4,2000 2006 2012 2016,2000,2016,13,oui,SRC-066,"Libre d'usage — la seule condition posée par le producteur est la citation ; ni inscription, ni restriction de rediffusion"
HC_OLDR_P_65P,De jure population age 65+,en,Conditions de vie du ménage,Older age persons,pourcentage,non,47,4,2000 2006 2012 2016,2000,2016,13,oui,SRC-066,"Libre d'usage — la seule condition posée par le producteur est la citation ; ni inscription, ni restriction de rediffusion"
HC_OLDR_P_NNC,Population living in non-nuclear families,en,Conditions de vie du ménage,Older age persons,pourcentage,non,47,4,2000 2006 2012 2016,2000,2016,13,oui,SRC-066,"Libre d'usage — la seule condition posée par le producteur est la citation ; ni inscription, ni restriction de rediffusion"
HC_OLDR_P_NUM,Number of de jure persons,en,Conditions de vie du ménage,Older age persons,effectif,oui,47,4,2000 2006 2012 2016,2000,2016,13,oui,SRC-066,"Libre d'usage — la seule condition posée par le producteur est la citation ; ni inscription, ni restriction de rediffusion"
HC_OLDR_P_UNW,Number of de jure persons (unweighted),en,Conditions de vie du ménage,Older age persons,effectif,oui,47,4,2000 2006 2012 2016,2000,2016,13,oui,SRC-066,"Libre d'usage — la seule condition posée par le producteur est la citation ; ni inscription, ni restriction de rediffusion"
HC_ORPH_H_DBL,Households with double orphans,en,Conditions de vie du ménage,Households with orphans and foster children,pourcentage,non,37,3,2006 2012 2016,2006,2016,13,oui,SRC-066,"Libre d'usage — la seule condition posée par le producteur est la citation ; ni inscription, ni restriction de rediffusion"
HC_ORPH_H_FOR,Households with orphans and/or children not living with a biological parent,en,Conditions de vie du ménage,Households with orphans and foster children,pourcentage,non,37,3,2006 2012 2016,2006,2016,13,oui,SRC-066,"Libre d'usage — la seule condition posée par le producteur est la citation ; ni inscription, ni restriction de rediffusion"
HC_ORPH_H_FOS,Households with children not living with a biological parent,en,Conditions de vie du ménage,Households with orphans and foster children,pourcentage,non,37,3,2006 2012 2016,2006,2016,13,oui,SRC-066,"Libre d'usage — la seule condition posée par le producteur est la citation ; ni inscription, ni restriction de rediffusion"
HC_ORPH_H_NUM,Number of households,en,Conditions de vie du ménage,Households with orphans and foster children,effectif,oui,47,4,2000 2006 2012 2016,2000,2016,13,oui,SRC-066,"Libre d'usage — la seule condition posée par le producteur est la citation ; ni inscription, ni restriction de rediffusion"
HC_ORPH_H_SNG,Households with single orphans,en,Conditions de vie du ménage,Households with orphans and foster children,pourcentage,non,37,3,2006 2012 2016,2006,2016,13,oui,SRC-066,"Libre d'usage — la seule condition posée par le producteur est la citation ; ni inscription, ni restriction de rediffusion"
HC_ORPH_H_UNW,Number of households (unweighted),en,Conditions de vie du ménage,Households with orphans and foster children,effectif,oui,47,4,2000 2006 2012 2016,2000,2016,13,oui,SRC-066,"Libre d'usage — la seule condition posée par le producteur est la citation ; ni inscription, ni restriction de rediffusion"
HC_PPRM_H_12P,Households with 1-2 persons per sleeping room,en,Conditions de vie du ménage,Persons per sleeping room,pourcentage,non,37,3,2006 2012 2016,2006,2016,13,oui,SRC-066,"Libre d'usage — la seule condition posée par le producteur est la citation ; ni inscription, ni restriction de rediffusion"
HC_PPRM_H_34P,Households with 3-4 persons per sleeping room,en,Conditions de vie du ménage,Persons per sleeping room,pourcentage,non,37,3,2006 2012 2016,2006,2016,13,oui,SRC-066,"Libre d'usage — la seule condition posée par le producteur est la citation ; ni inscription, ni restriction de rediffusion"
HC_PPRM_H_56P,Households with 5-6 persons per sleeping room,en,Conditions de vie du ménage,Persons per sleeping room,pourcentage,non,37,3,2006 2012 2016,2006,2016,13,oui,SRC-066,"Libre d'usage — la seule condition posée par le producteur est la citation ; ni inscription, ni restriction de rediffusion"
HC_PPRM_H_7PP,Households with 7 + persons per sleeping room,en,Conditions de vie du ménage,Persons per sleeping room,pourcentage,non,37,3,2006 2012 2016,2006,2016,13,oui,SRC-066,"Libre d'usage — la seule condition posée par le producteur est la citation ; ni inscription, ni restriction de rediffusion"
HC_PPRM_H_DKM,Households with don't know or missing information on sleeping rooms,en,Conditions de vie du ménage,Persons per sleeping room,pourcentage,non,25,2,2006 2012,2006,2012,13,non,SRC-066,"Libre d'usage — la seule condition posée par le producteur est la citation ; ni inscription, ni restriction de rediffusion"
HC_PPRM_H_MNP,Mean number of persons per sleeping room,en,Conditions de vie du ménage,Persons per sleeping room,moyenne,non,37,3,2006 2012 2016,2006,2016,13,oui,SRC-066,"Libre d'usage — la seule condition posée par le producteur est la citation ; ni inscription, ni restriction de rediffusion"
HC_PPRM_H_NUM,Number of households,en,Conditions de vie du ménage,Persons per sleeping room,effectif,oui,37,3,2006 2012 2016,2006,2016,13,oui,SRC-066,"Libre d'usage — la seule condition posée par le producteur est la citation ; ni inscription, ni restriction de rediffusion"
HC_PPRM_H_TOT,Households: Total,en,Conditions de vie du ménage,Persons per sleeping room,pourcentage,non,37,3,2006 2012 2016,2006,2016,13,oui,SRC-066,"Libre d'usage — la seule condition posée par le producteur est la citation ; ni inscription, ni restriction de rediffusion"
HC_PPRM_H_UNW,Number of households (unweighted),en,Conditions de vie du ménage,Persons per sleeping room,effectif,oui,37,3,2006 2012 2016,2006,2016,13,oui,SRC-066,"Libre d'usage — la seule condition posée par le producteur est la citation ; ni inscription, ni restriction de rediffusion"
HC_RMSL_H_1RM,Households with one room for sleeping,en,Conditions de vie du ménage,Rooms used for sleeping,pourcentage,non,37,3,2006 2012 2016,2006,2016,13,oui,SRC-066,"Libre d'usage — la seule condition posée par le producteur est la citation ; ni inscription, ni restriction de rediffusion"
HC_RMSL_H_2RM,Households with two rooms for sleeping,en,Conditions de vie du ménage,Rooms used for sleeping,pourcentage,non,37,3,2006 2012 2016,2006,2016,13,oui,SRC-066,"Libre d'usage — la seule condition posée par le producteur est la citation ; ni inscription, ni restriction de rediffusion"
HC_RMSL_H_3RM,Households with three or more rooms for sleeping,en,Conditions de vie du ménage,Rooms used for sleeping,pourcentage,non,37,3,2006 2012 2016,2006,2016,13,oui,SRC-066,"Libre d'usage — la seule condition posée par le producteur est la citation ; ni inscription, ni restriction de rediffusion"
HC_RMSL_H_DKM,Households with don't know or missing information on rooms for sleeping,en,Conditions de vie du ménage,Rooms used for sleeping,pourcentage,non,35,3,2000 2006 2012,2000,2012,13,oui,SRC-066,"Libre d'usage — la seule condition posée par le producteur est la citation ; ni inscription, ni restriction de rediffusion"
HC_RMSL_H_NUM,Number of households,en,Conditions de vie du ménage,Rooms used for sleeping,effectif,oui,37,3,2006 2012 2016,2006,2016,13,oui,SRC-066,"Libre d'usage — la seule condition posée par le producteur est la citation ; ni inscription, ni restriction de rediffusion"
HC_RMSL_H_TOT,Households total,en,Conditions de vie du ménage,Rooms used for sleeping,pourcentage,non,37,3,2006 2012 2016,2006,2016,13,oui,SRC-066,"Libre d'usage — la seule condition posée par le producteur est la citation ; ni inscription, ni restriction de rediffusion"
HC_RMSL_H_UNW,Number of households (unweighted),en,Conditions de vie du ménage,Rooms used for sleeping,effectif,oui,37,3,2006 2012 2016,2006,2016,13,oui,SRC-066,"Libre d'usage — la seule condition posée par le producteur est la citation ; ni inscription, ni restriction de rediffusion"
HC_RMSL_P_1RM,Population with one room for sleeping,en,Conditions de vie du ménage,Rooms used for sleeping,pourcentage,non,37,3,2006 2012 2016,2006,2016,13,oui,SRC-066,"Libre d'usage — la seule condition posée par le producteur est la citation ; ni inscription, ni restriction de rediffusion"
HC_RMSL_P_2RM,Population with two rooms for sleeping,en,Conditions de vie du ménage,Rooms used for sleeping,pourcentage,non,37,3,2006 2012 2016,2006,2016,13,oui,SRC-066,"Libre d'usage — la seule condition posée par le producteur est la citation ; ni inscription, ni restriction de rediffusion"
HC_RMSL_P_3RM,Population with three or more rooms for sleeping,en,Conditions de vie du ménage,Rooms used for sleeping,pourcentage,non,37,3,2006 2012 2016,2006,2016,13,oui,SRC-066,"Libre d'usage — la seule condition posée par le producteur est la citation ; ni inscription, ni restriction de rediffusion"
HC_RMSL_P_DKM,Population with don't know or missing information on rooms for sleeping,en,Conditions de vie du ménage,Rooms used for sleeping,pourcentage,non,25,2,2006 2012,2006,2012,13,non,SRC-066,"Libre d'usage — la seule condition posée par le producteur est la citation ; ni inscription, ni restriction de rediffusion"
HC_RMSL_P_NUM,Number of persons,en,Conditions de vie du ménage,Rooms used for sleeping,effectif,oui,37,3,2006 2012 2016,2006,2016,13,oui,SRC-066,"Libre d'usage — la seule condition posée par le producteur est la citation ; ni inscription, ni restriction de rediffusion"
HC_RMSL_P_TOT,Population total,en,Conditions de vie du ménage,Rooms used for sleeping,pourcentage,non,37,3,2006 2012 2016,2006,2016,13,oui,SRC-066,"Libre d'usage — la seule condition posée par le producteur est la citation ; ni inscription, ni restriction de rediffusion"
HC_RMSL_P_UNW,Number of persons (unweighted),en,Conditions de vie du ménage,Rooms used for sleeping,effectif,oui,37,3,2006 2012 2016,2006,2016,13,oui,SRC-066,"Libre d'usage — la seule condition posée par le producteur est la citation ; ni inscription, ni restriction de rediffusion"
HC_SMKH_H_DKM,Households with don't know or missing information of the frequency of smoking in the household,en,Conditions de vie du ménage,Frequency of smoking in the home,pourcentage,non,13,1,2012,2012,2012,13,non,SRC-066,"Libre d'usage — la seule condition posée par le producteur est la citation ; ni inscription, ni restriction de rediffusion"
HC_SMKH_H_DLY,Households with smoking in the household daily,en,Conditions de vie du ménage,Frequency of smoking in the home,pourcentage,non,25,2,2012 2016,2012,2016,13,non,SRC-066,"Libre d'usage — la seule condition posée par le producteur est la citation ; ni inscription, ni restriction de rediffusion"
HC_SMKH_H_LES,Households with smoking in the household less than monthly,en,Conditions de vie du ménage,Frequency of smoking in the home,pourcentage,non,25,2,2012 2016,2012,2016,13,non,SRC-066,"Libre d'usage — la seule condition posée par le producteur est la citation ; ni inscription, ni restriction de rediffusion"
HC_SMKH_H_MLY,Households with smoking in the household monthly,en,Conditions de vie du ménage,Frequency of smoking in the home,pourcentage,non,25,2,2012 2016,2012,2016,13,non,SRC-066,"Libre d'usage — la seule condition posée par le producteur est la citation ; ni inscription, ni restriction de rediffusion"
HC_SMKH_H_NEV,Households with no smoking in the household ever,en,Conditions de vie du ménage,Frequency of smoking in the home,pourcentage,non,25,2,2012 2016,2012,2016,13,non,SRC-066,"Libre d'usage — la seule condition posée par le producteur est la citation ; ni inscription, ni restriction de rediffusion"
HC_SMKH_H_WLY,Households with smoking in the household weekly,en,Conditions de vie du ménage,Frequency of smoking in the home,pourcentage,non,25,2,2012 2016,2012,2016,13,non,SRC-066,"Libre d'usage — la seule condition posée par le producteur est la citation ; ni inscription, ni restriction de rediffusion"
HC_SMKH_P_DKM,Population with don't know or missing information of the frequency of smoking in the household,en,Conditions de vie du ménage,Frequency of smoking in the home,pourcentage,non,13,1,2012,2012,2012,13,non,SRC-066,"Libre d'usage — la seule condition posée par le producteur est la citation ; ni inscription, ni restriction de rediffusion"
HC_SMKH_P_DLY,Population with smoking in the household daily,en,Conditions de vie du ménage,Frequency of smoking in the home,pourcentage,non,25,2,2012 2016,2012,2016,13,non,SRC-066,"Libre d'usage — la seule condition posée par le producteur est la citation ; ni inscription, ni restriction de rediffusion"
HC_SMKH_P_LES,Population with smoking in the household less than monthly,en,Conditions de vie du ménage,Frequency of smoking in the home,pourcentage,non,25,2,2012 2016,2012,2016,13,non,SRC-066,"Libre d'usage — la seule condition posée par le producteur est la citation ; ni inscription, ni restriction de rediffusion"
HC_SMKH_P_MLY,Population with smoking in the household monthly,en,Conditions de vie du ménage,Frequency of smoking in the home,pourcentage,non,25,2,2012 2016,2012,2016,13,non,SRC-066,"Libre d'usage — la seule condition posée par le producteur est la citation ; ni inscription, ni restriction de rediffusion"
HC_SMKH_P_NEV,Population with no smoking in the household ever,en,Conditions de vie du ménage,Frequency of smoking in the home,pourcentage,non,25,2,2012 2016,2012,2016,13,non,SRC-066,"Libre d'usage — la seule condition posée par le producteur est la citation ; ni inscription, ni restriction de rediffusion"
HC_SMKH_P_WLY,Population with smoking in the household weekly,en,Conditions de vie du ménage,Frequency of smoking in the home,pourcentage,non,25,2,2012 2016,2012,2016,13,non,SRC-066,"Libre d'usage — la seule condition posée par le producteur est la citation ; ni inscription, ni restriction de rediffusion"
HC_TRNS_H_BIK,Households possessing a bicycle,en,Conditions de vie du ménage,Household means of transport,pourcentage,non,47,4,2000 2006 2012 2016,2000,2016,13,oui,SRC-066,"Libre d'usage — la seule condition posée par le producteur est la citation ; ni inscription, ni restriction de rediffusion"
HC_TRNS_H_BTM,Households possessing a boat with a motor,en,Conditions de vie du ménage,Household means of transport,pourcentage,non,37,3,2006 2012 2016,2006,2016,13,oui,SRC-066,"Libre d'usage — la seule condition posée par le producteur est la citation ; ni inscription, ni restriction de rediffusion"
HC_TRNS_H_CAR,Households possessing a private car,en,Conditions de vie du ménage,Household means of transport,pourcentage,non,47,4,2000 2006 2012 2016,2000,2016,13,oui,SRC-066,"Libre d'usage — la seule condition posée par le producteur est la citation ; ni inscription, ni restriction de rediffusion"
HC_TRNS_H_CRT,Households possessing an animal drawn cart,en,Conditions de vie du ménage,Household means of transport,pourcentage,non,37,3,2006 2012 2016,2006,2016,13,oui,SRC-066,"Libre d'usage — la seule condition posée par le producteur est la citation ; ni inscription, ni restriction de rediffusion"
HC_TRNS_H_SCT,Households possessing a motorcycle,en,Conditions de vie du ménage,Household means of transport,pourcentage,non,47,4,2000 2006 2012 2016,2000,2016,13,oui,SRC-066,"Libre d'usage — la seule condition posée par le producteur est la citation ; ni inscription, ni restriction de rediffusion"
HC_WIXQ_P_2ND,Population in the second wealth quintile,en,Conditions de vie du ménage,Wealth quintiles,pourcentage,non,47,4,2000 2006 2012 2016,2000,2016,13,oui,SRC-066,"Libre d'usage — la seule condition posée par le producteur est la citation ; ni inscription, ni restriction de rediffusion"
HC_WIXQ_P_4TH,Population in the fourth wealth quintile,en,Conditions de vie du ménage,Wealth quintiles,pourcentage,non,47,4,2000 2006 2012 2016,2000,2016,13,oui,SRC-066,"Libre d'usage — la seule condition posée par le producteur est la citation ; ni inscription, ni restriction de rediffusion"
HC_WIXQ_P_GNI,Wealth index Gini coefficient,en,Conditions de vie du ménage,Wealth quintiles,pourcentage,non,25,2,2012 2016,2012,2016,13,non,SRC-066,"Libre d'usage — la seule condition posée par le producteur est la citation ; ni inscription, ni restriction de rediffusion"
HC_WIXQ_P_HGH,Population in the highest wealth quintile,en,Conditions de vie du ménage,Wealth quintiles,pourcentage,non,47,4,2000 2006 2012 2016,2000,2016,13,oui,SRC-066,"Libre d'usage — la seule condition posée par le producteur est la citation ; ni inscription, ni restriction de rediffusion"
HC_WIXQ_P_LOW,Population in the lowest wealth quintile,en,Conditions de vie du ménage,Wealth quintiles,pourcentage,non,47,4,2000 2006 2012 2016,2000,2016,13,oui,SRC-066,"Libre d'usage — la seule condition posée par le producteur est la citation ; ni inscription, ni restriction de rediffusion"
HC_WIXQ_P_MID,Population in the middle wealth quintile,en,Conditions de vie du ménage,Wealth quintiles,pourcentage,non,47,4,2000 2006 2012 2016,2000,2016,13,oui,SRC-066,"Libre d'usage — la seule condition posée par le producteur est la citation ; ni inscription, ni restriction de rediffusion"
HC_WIXQ_P_NUM,Number of persons,en,Conditions de vie du ménage,Wealth quintiles,effectif,oui,47,4,2000 2006 2012 2016,2000,2016,13,oui,SRC-066,"Libre d'usage — la seule condition posée par le producteur est la citation ; ni inscription, ni restriction de rediffusion"
HC_WIXQ_P_TOT,Population total,en,Conditions de vie du ménage,Wealth quintiles,pourcentage,non,47,4,2000 2006 2012 2016,2000,2016,13,oui,SRC-066,"Libre d'usage — la seule condition posée par le producteur est la citation ; ni inscription, ni restriction de rediffusion"
HC_WIXQ_P_UNW,Number of persons (unweighted),en,Conditions de vie du ménage,Wealth quintiles,effectif,oui,47,4,2000 2006 2012 2016,2000,2016,13,oui,SRC-066,"Libre d'usage — la seule condition posée par le producteur est la citation ; ni inscription, ni restriction de rediffusion"
HC_YTHC_B_PCT,Percentage of young people,en,Conditions de vie du ménage,Youth Characteristics,pourcentage,non,47,4,2000 2006 2012 2016,2000,2016,13,oui,SRC-066,"Libre d'usage — la seule condition posée par le producteur est la citation ; ni inscription, ni restriction de rediffusion"
HC_YTHC_M_PCT,Percentage of young men,en,Conditions de vie du ménage,Youth Characteristics,pourcentage,non,47,4,2000 2006 2012 2016,2000,2016,13,oui,SRC-066,"Libre d'usage — la seule condition posée par le producteur est la citation ; ni inscription, ni restriction de rediffusion"
HC_YTHC_W_PCT,Percentage of young women,en,Conditions de vie du ménage,Youth Characteristics,pourcentage,non,47,4,2000 2006 2012 2016,2000,2016,13,oui,SRC-066,"Libre d'usage — la seule condition posée par le producteur est la citation ; ni inscription, ni restriction de rediffusion"
WS_HNDW_H_BAS,"Households with a basic handwashing facility, with soap and water available",en,Eau et assainissement,Handwashing,pourcentage,non,25,2,2012 2016,2012,2016,13,non,SRC-066,"Libre d'usage — la seule condition posée par le producteur est la citation ; ni inscription, ni restriction de rediffusion"
WS_HNDW_H_CLN,Households with cleansing agent other than soap available for handwashing,en,Eau et assainissement,Handwashing,pourcentage,non,25,2,2012 2016,2012,2016,13,non,SRC-066,"Libre d'usage — la seule condition posée par le producteur est la citation ; ni inscription, ni restriction de rediffusion"
WS_HNDW_H_FXD,Households with a fixed place for handwashing was observed,en,Eau et assainissement,Handwashing,pourcentage,non,12,1,2016,2016,2016,12,non,SRC-066,"Libre d'usage — la seule condition posée par le producteur est la citation ; ni inscription, ni restriction de rediffusion"
WS_HNDW_H_LTD,"Households with a limited handwashing facility, lacking soap and/or water",en,Eau et assainissement,Handwashing,pourcentage,non,25,2,2012 2016,2012,2016,13,non,SRC-066,"Libre d'usage — la seule condition posée par le producteur est la citation ; ni inscription, ni restriction de rediffusion"
WS_HNDW_H_MOB,Households with a mobile place for handwashing was observed,en,Eau et assainissement,Handwashing,pourcentage,non,12,1,2016,2016,2016,12,non,SRC-066,"Libre d'usage — la seule condition posée par le producteur est la citation ; ni inscription, ni restriction de rediffusion"
WS_HNDW_H_NM1,Number of households with place for handwashing observed,en,Eau et assainissement,Handwashing,effectif,oui,25,2,2012 2016,2012,2016,13,non,SRC-066,"Libre d'usage — la seule condition posée par le producteur est la citation ; ni inscription, ni restriction de rediffusion"
WS_HNDW_H_OBS,Households with a place for handwashing was observed,en,Eau et assainissement,Handwashing,pourcentage,non,25,2,2012 2016,2012,2016,13,non,SRC-066,"Libre d'usage — la seule condition posée par le producteur est la citation ; ni inscription, ni restriction de rediffusion"
WS_HNDW_H_SOP,Households with soap available for handwashing,en,Eau et assainissement,Handwashing,pourcentage,non,25,2,2012 2016,2012,2016,13,non,SRC-066,"Libre d'usage — la seule condition posée par le producteur est la citation ; ni inscription, ni restriction de rediffusion"
WS_HNDW_H_UN1,Number of households with place for handwashing observed (unweighted),en,Eau et assainissement,Handwashing,effectif,oui,25,2,2012 2016,2012,2016,13,non,SRC-066,"Libre d'usage — la seule condition posée par le producteur est la citation ; ni inscription, ni restriction de rediffusion"
WS_HNDW_H_WAT,Households with water available for handwashing,en,Eau et assainissement,Handwashing,pourcentage,non,25,2,2012 2016,2012,2016,13,non,SRC-066,"Libre d'usage — la seule condition posée par le producteur est la citation ; ni inscription, ni restriction de rediffusion"
WS_HNDW_P_BAS,"Population with a basic handwashing facility, with soap and water available",en,Eau et assainissement,Handwashing,pourcentage,non,25,2,2012 2016,2012,2016,13,non,SRC-066,"Libre d'usage — la seule condition posée par le producteur est la citation ; ni inscription, ni restriction de rediffusion"
WS_HNDW_P_CLN,Population with cleansing agent other than soap available for handwashing,en,Eau et assainissement,Handwashing,pourcentage,non,25,2,2012 2016,2012,2016,13,non,SRC-066,"Libre d'usage — la seule condition posée par le producteur est la citation ; ni inscription, ni restriction de rediffusion"
WS_HNDW_P_FXD,Population with a fixed place for handwashing was observed,en,Eau et assainissement,Handwashing,pourcentage,non,12,1,2016,2016,2016,12,non,SRC-066,"Libre d'usage — la seule condition posée par le producteur est la citation ; ni inscription, ni restriction de rediffusion"
WS_HNDW_P_LTD,"Population with a limited handwashing facility, lacking soap and/or water",en,Eau et assainissement,Handwashing,pourcentage,non,25,2,2012 2016,2012,2016,13,non,SRC-066,"Libre d'usage — la seule condition posée par le producteur est la citation ; ni inscription, ni restriction de rediffusion"
WS_HNDW_P_MOB,Population with a mobile place for handwashing was observed,en,Eau et assainissement,Handwashing,pourcentage,non,12,1,2016,2016,2016,12,non,SRC-066,"Libre d'usage — la seule condition posée par le producteur est la citation ; ni inscription, ni restriction de rediffusion"
WS_HNDW_P_NM1,Number of persons living in households with place for handwashing observed,en,Eau et assainissement,Handwashing,effectif,oui,25,2,2012 2016,2012,2016,13,non,SRC-066,"Libre d'usage — la seule condition posée par le producteur est la citation ; ni inscription, ni restriction de rediffusion"
WS_HNDW_P_OBS,Population with a place for handwashing was observed,en,Eau et assainissement,Handwashing,pourcentage,non,25,2,2012 2016,2012,2016,13,non,SRC-066,"Libre d'usage — la seule condition posée par le producteur est la citation ; ni inscription, ni restriction de rediffusion"
WS_HNDW_P_SOP,Population with soap available for handwashing,en,Eau et assainissement,Handwashing,pourcentage,non,25,2,2012 2016,2012,2016,13,non,SRC-066,"Libre d'usage — la seule condition posée par le producteur est la citation ; ni inscription, ni restriction de rediffusion"
WS_HNDW_P_UN1,Number of persons living in households with place for handwashing observed (unweighted),en,Eau et assainissement,Handwashing,effectif,oui,25,2,2012 2016,2012,2016,13,non,SRC-066,"Libre d'usage — la seule condition posée par le producteur est la citation ; ni inscription, ni restriction de rediffusion"
WS_HNDW_P_WAT,Population with water available for handwashing,en,Eau et assainissement,Handwashing,pourcentage,non,25,2,2012 2016,2012,2016,13,non,SRC-066,"Libre d'usage — la seule condition posée par le producteur est la citation ; ni inscription, ni restriction de rediffusion"
WS_SRCE_H_BAS,Households with basic water service,en,Eau et assainissement,Source of drinking water,pourcentage,non,47,4,2000 2006 2012 2016,2000,2016,13,oui,SRC-066,"Libre d'usage — la seule condition posée par le producteur est la citation ; ni inscription, ni restriction de rediffusion"
WS_SRCE_H_BOT,Households using bottled water,en,Eau et assainissement,Source of drinking water,pourcentage,non,47,4,2000 2006 2012 2016,2000,2016,13,oui,SRC-066,"Libre d'usage — la seule condition posée par le producteur est la citation ; ni inscription, ni restriction de rediffusion"
WS_SRCE_H_CRT,Households using cart with tank,en,Eau et assainissement,Source of drinking water,pourcentage,non,37,3,2006 2012 2016,2006,2016,13,oui,SRC-066,"Libre d'usage — la seule condition posée par le producteur est la citation ; ni inscription, ni restriction de rediffusion"
WS_SRCE_H_DKM,Households with don't know or missing information on water source,en,Eau et assainissement,Source of drinking water,pourcentage,non,23,2,2000 2012,2000,2012,13,non,SRC-066,"Libre d'usage — la seule condition posée par le producteur est la citation ; ni inscription, ni restriction de rediffusion"
WS_SRCE_H_IMP,Households using an improved water source,en,Eau et assainissement,Source of drinking water,pourcentage,non,47,4,2000 2006 2012 2016,2000,2016,13,oui,SRC-066,"Libre d'usage — la seule condition posée par le producteur est la citation ; ni inscription, ni restriction de rediffusion"
WS_SRCE_H_IOP,Households with improved water source on the premises,en,Eau et assainissement,Source of drinking water,pourcentage,non,47,4,2000 2006 2012 2016,2000,2016,13,oui,SRC-066,"Libre d'usage — la seule condition posée par le producteur est la citation ; ni inscription, ni restriction de rediffusion"
WS_SRCE_H_LTD,Households with limited water service,en,Eau et assainissement,Source of drinking water,pourcentage,non,47,4,2000 2006 2012 2016,2000,2016,13,oui,SRC-066,"Libre d'usage — la seule condition posée par le producteur est la citation ; ni inscription, ni restriction de rediffusion"
WS_SRCE_H_NIM,Households using an unimproved water source,en,Eau et assainissement,Source of drinking water,pourcentage,non,47,4,2000 2006 2012 2016,2000,2016,13,oui,SRC-066,"Libre d'usage — la seule condition posée par le producteur est la citation ; ni inscription, ni restriction de rediffusion"
WS_SRCE_H_OTH,Households using other water source,en,Eau et assainissement,Source of drinking water,pourcentage,non,37,3,2006 2012 2016,2006,2016,13,oui,SRC-066,"Libre d'usage — la seule condition posée par le producteur est la citation ; ni inscription, ni restriction de rediffusion"
WS_SRCE_H_PIP,Households using water piped into dwelling,en,Eau et assainissement,Source of drinking water,pourcentage,non,47,4,2000 2006 2012 2016,2000,2016,13,oui,SRC-066,"Libre d'usage — la seule condition posée par le producteur est la citation ; ni inscription, ni restriction de rediffusion"
WS_SRCE_H_PNB,Households using water piped to neighbor,en,Eau et assainissement,Source of drinking water,pourcentage,non,25,2,2012 2016,2012,2016,13,non,SRC-066,"Libre d'usage — la seule condition posée par le producteur est la citation ; ni inscription, ni restriction de rediffusion"
WS_SRCE_H_PSG,Households using a protected spring,en,Eau et assainissement,Source of drinking water,pourcentage,non,47,4,2000 2006 2012 2016,2000,2016,13,oui,SRC-066,"Libre d'usage — la seule condition posée par le producteur est la citation ; ni inscription, ni restriction de rediffusion"
WS_SRCE_H_PWL,Households using a protected well,en,Eau et assainissement,Source of drinking water,pourcentage,non,37,3,2006 2012 2016,2006,2016,13,oui,SRC-066,"Libre d'usage — la seule condition posée par le producteur est la citation ; ni inscription, ni restriction de rediffusion"
WS_SRCE_H_PYD,Households using water piped into yard/plot,en,Eau et assainissement,Source of drinking water,pourcentage,non,37,3,2006 2012 2016,2006,2016,13,oui,SRC-066,"Libre d'usage — la seule condition posée par le producteur est la citation ; ni inscription, ni restriction de rediffusion"
WS_SRCE_H_RNW,Households using rainwater,en,Eau et assainissement,Source of drinking water,pourcentage,non,47,4,2000 2006 2012 2016,2000,2016,13,oui,SRC-066,"Libre d'usage — la seule condition posée par le producteur est la citation ; ni inscription, ni restriction de rediffusion"
WS_SRCE_H_SRF,Households using surface water,en,Eau et assainissement,Source of drinking water,pourcentage,non,47,4,2000 2006 2012 2016,2000,2016,13,oui,SRC-066,"Libre d'usage — la seule condition posée par le producteur est la citation ; ni inscription, ni restriction de rediffusion"
WS_SRCE_H_TAP,Households using a public tap/standpipe,en,Eau et assainissement,Source of drinking water,pourcentage,non,47,4,2000 2006 2012 2016,2000,2016,13,oui,SRC-066,"Libre d'usage — la seule condition posée par le producteur est la citation ; ni inscription, ni restriction de rediffusion"
WS_SRCE_H_TNK,Households using tanker truck,en,Eau et assainissement,Source of drinking water,pourcentage,non,47,4,2000 2006 2012 2016,2000,2016,13,oui,SRC-066,"Libre d'usage — la seule condition posée par le producteur est la citation ; ni inscription, ni restriction de rediffusion"
WS_SRCE_H_TOT,Households: Total,en,Eau et assainissement,Source of drinking water,pourcentage,non,47,4,2000 2006 2012 2016,2000,2016,13,oui,SRC-066,"Libre d'usage — la seule condition posée par le producteur est la citation ; ni inscription, ni restriction de rediffusion"
WS_SRCE_H_TUB,Households using a tubewell/borehole,en,Eau et assainissement,Source of drinking water,pourcentage,non,12,1,2006,2006,2006,12,non,SRC-066,"Libre d'usage — la seule condition posée par le producteur est la citation ; ni inscription, ni restriction de rediffusion"
WS_SRCE_H_USG,Households using an unprotected spring,en,Eau et assainissement,Source of drinking water,pourcentage,non,47,4,2000 2006 2012 2016,2000,2016,13,oui,SRC-066,"Libre d'usage — la seule condition posée par le producteur est la citation ; ni inscription, ni restriction de rediffusion"
WS_SRCE_H_UWL,Households using an unprotected well water,en,Eau et assainissement,Source of drinking water,pourcentage,non,37,3,2006 2012 2016,2006,2016,13,oui,SRC-066,"Libre d'usage — la seule condition posée par le producteur est la citation ; ni inscription, ni restriction de rediffusion"
WS_SRCE_H_UWU,Households using a well (protection unspecified),en,Eau et assainissement,Source of drinking water,pourcentage,non,10,1,2000,2000,2000,10,non,SRC-066,"Libre d'usage — la seule condition posée par le producteur est la citation ; ni inscription, ni restriction de rediffusion"
WS_SRCE_H_VND,Households using water from a vendor/purchased water,en,Eau et assainissement,Source of drinking water,pourcentage,non,47,4,2000 2006 2012 2016,2000,2016,13,oui,SRC-066,"Libre d'usage — la seule condition posée par le producteur est la citation ; ni inscription, ni restriction de rediffusion"
WS_SRCE_P_BAS,Population with basic water service,en,Eau et assainissement,Source of drinking water,pourcentage,non,47,4,2000 2006 2012 2016,2000,2016,13,oui,SRC-066,"Libre d'usage — la seule condition posée par le producteur est la citation ; ni inscription, ni restriction de rediffusion"
WS_SRCE_P_BOT,Population using bottled water/demi john,en,Eau et assainissement,Source of drinking water,pourcentage,non,47,4,2000 2006 2012 2016,2000,2016,13,oui,SRC-066,"Libre d'usage — la seule condition posée par le producteur est la citation ; ni inscription, ni restriction de rediffusion"
WS_SRCE_P_CRT,Population using cart with tank,en,Eau et assainissement,Source of drinking water,pourcentage,non,37,3,2006 2012 2016,2006,2016,13,oui,SRC-066,"Libre d'usage — la seule condition posée par le producteur est la citation ; ni inscription, ni restriction de rediffusion"
WS_SRCE_P_DKM,Population with don't know or missing information on water source,en,Eau et assainissement,Source of drinking water,pourcentage,non,23,2,2000 2012,2000,2012,13,non,SRC-066,"Libre d'usage — la seule condition posée par le producteur est la citation ; ni inscription, ni restriction de rediffusion"
WS_SRCE_P_IMP,Population using an improved water source,en,Eau et assainissement,Source of drinking water,pourcentage,non,47,4,2000 2006 2012 2016,2000,2016,13,oui,SRC-066,"Libre d'usage — la seule condition posée par le producteur est la citation ; ni inscription, ni restriction de rediffusion"
WS_SRCE_P_IOP,Population with improved water source on the premises,en,Eau et assainissement,Source of drinking water,pourcentage,non,47,4,2000 2006 2012 2016,2000,2016,13,oui,SRC-066,"Libre d'usage — la seule condition posée par le producteur est la citation ; ni inscription, ni restriction de rediffusion"
WS_SRCE_P_LTD,Population with limited water service,en,Eau et assainissement,Source of drinking water,pourcentage,non,47,4,2000 2006 2012 2016,2000,2016,13,oui,SRC-066,"Libre d'usage — la seule condition posée par le producteur est la citation ; ni inscription, ni restriction de rediffusion"
WS_SRCE_P_NIM,Population using an unimproved water source,en,Eau et assainissement,Source of drinking water,pourcentage,non,47,4,2000 2006 2012 2016,2000,2016,13,oui,SRC-066,"Libre d'usage — la seule condition posée par le producteur est la citation ; ni inscription, ni restriction de rediffusion"
WS_SRCE_P_OTH,Population using other water source,en,Eau et assainissement,Source of drinking water,pourcentage,non,37,3,2006 2012 2016,2006,2016,13,oui,SRC-066,"Libre d'usage — la seule condition posée par le producteur est la citation ; ni inscription, ni restriction de rediffusion"
WS_SRCE_P_PIP,Population using water piped into dwelling,en,Eau et assainissement,Source of drinking water,pourcentage,non,47,4,2000 2006 2012 2016,2000,2016,13,oui,SRC-066,"Libre d'usage — la seule condition posée par le producteur est la citation ; ni inscription, ni restriction de rediffusion"
WS_SRCE_P_PNB,Population using water piped to neighbor,en,Eau et assainissement,Source of drinking water,pourcentage,non,25,2,2012 2016,2012,2016,13,non,SRC-066,"Libre d'usage — la seule condition posée par le producteur est la citation ; ni inscription, ni restriction de rediffusion"
WS_SRCE_P_PSG,Population using a protected spring,en,Eau et assainissement,Source of drinking water,pourcentage,non,47,4,2000 2006 2012 2016,2000,2016,13,oui,SRC-066,"Libre d'usage — la seule condition posée par le producteur est la citation ; ni inscription, ni restriction de rediffusion"
WS_SRCE_P_PWL,Population using a protected well,en,Eau et assainissement,Source of drinking water,pourcentage,non,37,3,2006 2012 2016,2006,2016,13,oui,SRC-066,"Libre d'usage — la seule condition posée par le producteur est la citation ; ni inscription, ni restriction de rediffusion"
WS_SRCE_P_PYD,Population using water piped into yard/plot,en,Eau et assainissement,Source of drinking water,pourcentage,non,37,3,2006 2012 2016,2006,2016,13,oui,SRC-066,"Libre d'usage — la seule condition posée par le producteur est la citation ; ni inscription, ni restriction de rediffusion"
WS_SRCE_P_RNW,Population using rainwater,en,Eau et assainissement,Source of drinking water,pourcentage,non,47,4,2000 2006 2012 2016,2000,2016,13,oui,SRC-066,"Libre d'usage — la seule condition posée par le producteur est la citation ; ni inscription, ni restriction de rediffusion"
WS_SRCE_P_SRF,Population using surface water,en,Eau et assainissement,Source of drinking water,pourcentage,non,47,4,2000 2006 2012 2016,2000,2016,13,oui,SRC-066,"Libre d'usage — la seule condition posée par le producteur est la citation ; ni inscription, ni restriction de rediffusion"
WS_SRCE_P_TAP,Population using a public tap/standpipe,en,Eau et assainissement,Source of drinking water,pourcentage,non,47,4,2000 2006 2012 2016,2000,2016,13,oui,SRC-066,"Libre d'usage — la seule condition posée par le producteur est la citation ; ni inscription, ni restriction de rediffusion"
WS_SRCE_P_TNK,Population using tanker truck,en,Eau et assainissement,Source of drinking water,pourcentage,non,47,4,2000 2006 2012 2016,2000,2016,13,oui,SRC-066,"Libre d'usage — la seule condition posée par le producteur est la citation ; ni inscription, ni restriction de rediffusion"
WS_SRCE_P_TOT,Population: Total,en,Eau et assainissement,Source of drinking water,pourcentage,non,47,4,2000 2006 2012 2016,2000,2016,13,oui,SRC-066,"Libre d'usage — la seule condition posée par le producteur est la citation ; ni inscription, ni restriction de rediffusion"
WS_SRCE_P_TUB,Population using a tubewell/borehole,en,Eau et assainissement,Source of drinking water,pourcentage,non,12,1,2006,2006,2006,12,non,SRC-066,"Libre d'usage — la seule condition posée par le producteur est la citation ; ni inscription, ni restriction de rediffusion"
WS_SRCE_P_USG,Population using an unprotected spring,en,Eau et assainissement,Source of drinking water,pourcentage,non,47,4,2000 2006 2012 2016,2000,2016,13,oui,SRC-066,"Libre d'usage — la seule condition posée par le producteur est la citation ; ni inscription, ni restriction de rediffusion"
WS_SRCE_P_UWL,Population using an unprotected well water,en,Eau et assainissement,Source of drinking water,pourcentage,non,37,3,2006 2012 2016,2006,2016,13,oui,SRC-066,"Libre d'usage — la seule condition posée par le producteur est la citation ; ni inscription, ni restriction de rediffusion"
WS_SRCE_P_UWU,Population using a well (protection unspecified),en,Eau et assainissement,Source of drinking water,pourcentage,non,10,1,2000,2000,2000,10,non,SRC-066,"Libre d'usage — la seule condition posée par le producteur est la citation ; ni inscription, ni restriction de rediffusion"
WS_SRCE_P_VND,Population using water from a vendor/purchased water,en,Eau et assainissement,Source of drinking water,pourcentage,non,47,4,2000 2006 2012 2016,2000,2016,13,oui,SRC-066,"Libre d'usage — la seule condition posée par le producteur est la citation ; ni inscription, ni restriction de rediffusion"
WS_TIME_H_DKM,Household with unknown or missing information on round trip time to water,en,Eau et assainissement,Time to obtain drinking water (round trip),pourcentage,non,47,4,2000 2006 2012 2016,2000,2016,13,oui,SRC-066,"Libre d'usage — la seule condition posée par le producteur est la citation ; ni inscription, ni restriction de rediffusion"
WS_TIME_H_L30,Households with water 30 minutes or less away round trip,en,Eau et assainissement,Time to obtain drinking water (round trip),pourcentage,non,47,4,2000 2006 2012 2016,2000,2016,13,oui,SRC-066,"Libre d'usage — la seule condition posée par le producteur est la citation ; ni inscription, ni restriction de rediffusion"
WS_TIME_H_M30,Households with water more than 30 minutes away round trip,en,Eau et assainissement,Time to obtain drinking water (round trip),pourcentage,non,47,4,2000 2006 2012 2016,2000,2016,13,oui,SRC-066,"Libre d'usage — la seule condition posée par le producteur est la citation ; ni inscription, ni restriction de rediffusion"
WS_TIME_H_ONP,Households with water on the premises,en,Eau et assainissement,Time to obtain drinking water (round trip),pourcentage,non,47,4,2000 2006 2012 2016,2000,2016,13,oui,SRC-066,"Libre d'usage — la seule condition posée par le producteur est la citation ; ni inscription, ni restriction de rediffusion"
WS_TIME_H_TOT,Households: Total,en,Eau et assainissement,Time to obtain drinking water (round trip),pourcentage,non,47,4,2000 2006 2012 2016,2000,2016,13,oui,SRC-066,"Libre d'usage — la seule condition posée par le producteur est la citation ; ni inscription, ni restriction de rediffusion"
WS_TIME_P_DKM,Population with unknown or missing information on round trip time to water,en,Eau et assainissement,Time to obtain drinking water (round trip),pourcentage,non,47,4,2000 2006 2012 2016,2000,2016,13,oui,SRC-066,"Libre d'usage — la seule condition posée par le producteur est la citation ; ni inscription, ni restriction de rediffusion"
WS_TIME_P_L30,Population with water 30 minutes or less away round trip,en,Eau et assainissement,Time to obtain drinking water (round trip),pourcentage,non,47,4,2000 2006 2012 2016,2000,2016,13,oui,SRC-066,"Libre d'usage — la seule condition posée par le producteur est la citation ; ni inscription, ni restriction de rediffusion"
WS_TIME_P_M30,Population with water more than 30 minutes away round trip,en,Eau et assainissement,Time to obtain drinking water (round trip),pourcentage,non,47,4,2000 2006 2012 2016,2000,2016,13,oui,SRC-066,"Libre d'usage — la seule condition posée par le producteur est la citation ; ni inscription, ni restriction de rediffusion"
WS_TIME_P_ONP,Population with water on the premises,en,Eau et assainissement,Time to obtain drinking water (round trip),pourcentage,non,47,4,2000 2006 2012 2016,2000,2016,13,oui,SRC-066,"Libre d'usage — la seule condition posée par le producteur est la citation ; ni inscription, ni restriction de rediffusion"
WS_TIME_P_TOT,Population: Total,en,Eau et assainissement,Time to obtain drinking water (round trip),pourcentage,non,47,4,2000 2006 2012 2016,2000,2016,13,oui,SRC-066,"Libre d'usage — la seule condition posée par le producteur est la citation ; ni inscription, ni restriction de rediffusion"
WS_TLET_H_BAS,Households with basic sanitation service,en,Eau et assainissement,Household sanitation facilities,pourcentage,non,47,4,2000 2006 2012 2016,2000,2016,13,oui,SRC-066,"Libre d'usage — la seule condition posée par le producteur est la citation ; ni inscription, ni restriction de rediffusion"
WS_TLET_H_COM,Households with a composting toilet,en,Eau et assainissement,Household sanitation facilities,pourcentage,non,37,3,2006 2012 2016,2006,2016,13,oui,SRC-066,"Libre d'usage — la seule condition posée par le producteur est la citation ; ni inscription, ni restriction de rediffusion"
WS_TLET_H_DKM,Households with don't know or missing information on toilet facility,en,Eau et assainissement,Household sanitation facilities,pourcentage,non,35,3,2000 2006 2012,2000,2012,13,oui,SRC-066,"Libre d'usage — la seule condition posée par le producteur est la citation ; ni inscription, ni restriction de rediffusion"
WS_TLET_H_FPT,Households with a flush or pour flush toilet to a pit latrine,en,Eau et assainissement,Household sanitation facilities,pourcentage,non,37,3,2006 2012 2016,2006,2016,13,oui,SRC-066,"Libre d'usage — la seule condition posée par le producteur est la citation ; ni inscription, ni restriction de rediffusion"
WS_TLET_H_FSP,Households with a flush or pour flush toilet to a septic tank,en,Eau et assainissement,Household sanitation facilities,pourcentage,non,37,3,2006 2012 2016,2006,2016,13,oui,SRC-066,"Libre d'usage — la seule condition posée par le producteur est la citation ; ni inscription, ni restriction de rediffusion"
WS_TLET_H_FSW,Households with a flush or pour flush toilet to a piped sewer system,en,Eau et assainissement,Household sanitation facilities,pourcentage,non,37,3,2006 2012 2016,2006,2016,13,oui,SRC-066,"Libre d'usage — la seule condition posée par le producteur est la citation ; ni inscription, ni restriction de rediffusion"
WS_TLET_H_FUN,Households with a flush or pour flush toilet to an unknown location,en,Eau et assainissement,Household sanitation facilities,pourcentage,non,47,4,2000 2006 2012 2016,2000,2016,13,oui,SRC-066,"Libre d'usage — la seule condition posée par le producteur est la citation ; ni inscription, ni restriction de rediffusion"
WS_TLET_H_IMO,Households with an other improved toilet,en,Eau et assainissement,Household sanitation facilities,pourcentage,non,13,1,2012,2012,2012,13,non,SRC-066,"Libre d'usage — la seule condition posée par le producteur est la citation ; ni inscription, ni restriction de rediffusion"
WS_TLET_H_IMP,Households with an improved sanitation facility,en,Eau et assainissement,Household sanitation facilities,pourcentage,non,47,4,2000 2006 2012 2016,2000,2016,13,oui,SRC-066,"Libre d'usage — la seule condition posée par le producteur est la citation ; ni inscription, ni restriction de rediffusion"
WS_TLET_H_LTD,Households with limited sanitation service,en,Eau et assainissement,Household sanitation facilities,pourcentage,non,47,4,2000 2006 2012 2016,2000,2016,13,oui,SRC-066,"Libre d'usage — la seule condition posée par le producteur est la citation ; ni inscription, ni restriction de rediffusion"
WS_TLET_H_NBK,Households with a bucket toilet,en,Eau et assainissement,Household sanitation facilities,pourcentage,non,37,3,2006 2012 2016,2006,2016,13,oui,SRC-066,"Libre d'usage — la seule condition posée par le producteur est la citation ; ni inscription, ni restriction de rediffusion"
WS_TLET_H_NFC,Households using open defecation,en,Eau et assainissement,Household sanitation facilities,pourcentage,non,47,4,2000 2006 2012 2016,2000,2016,13,oui,SRC-066,"Libre d'usage — la seule condition posée par le producteur est la citation ; ni inscription, ni restriction de rediffusion"
WS_TLET_H_NFL,"Households with a flush or pour flush toilet not to a sewer, septic tank or pit latrine",en,Eau et assainissement,Household sanitation facilities,pourcentage,non,25,2,2012 2016,2012,2016,13,non,SRC-066,"Libre d'usage — la seule condition posée par le producteur est la citation ; ni inscription, ni restriction de rediffusion"
WS_TLET_H_NHG,Households with a hanging toilet or hanging latrine,en,Eau et assainissement,Household sanitation facilities,pourcentage,non,37,3,2006 2012 2016,2006,2016,13,oui,SRC-066,"Libre d'usage — la seule condition posée par le producteur est la citation ; ni inscription, ni restriction de rediffusion"
WS_TLET_H_NIM,Households with an unimproved sanitation facility,en,Eau et assainissement,Household sanitation facilities,pourcentage,non,47,4,2000 2006 2012 2016,2000,2016,13,oui,SRC-066,"Libre d'usage — la seule condition posée par le producteur est la citation ; ni inscription, ni restriction de rediffusion"
WS_TLET_H_NPT,Households with a pit latrine without a slab or an open pit,en,Eau et assainissement,Household sanitation facilities,pourcentage,non,47,4,2000 2006 2012 2016,2000,2016,13,oui,SRC-066,"Libre d'usage — la seule condition posée par le producteur est la citation ; ni inscription, ni restriction de rediffusion"
WS_TLET_H_NUM,Number of households,en,Eau et assainissement,Household sanitation facilities,effectif,oui,47,4,2000 2006 2012 2016,2000,2016,13,oui,SRC-066,"Libre d'usage — la seule condition posée par le producteur est la citation ; ni inscription, ni restriction de rediffusion"
WS_TLET_H_OTH,Households using other types of toilet facility,en,Eau et assainissement,Household sanitation facilities,pourcentage,non,37,3,2006 2012 2016,2006,2016,13,oui,SRC-066,"Libre d'usage — la seule condition posée par le producteur est la citation ; ni inscription, ni restriction de rediffusion"
WS_TLET_H_PSL,Households with a pit latrine with a slab,en,Eau et assainissement,Household sanitation facilities,pourcentage,non,37,3,2006 2012 2016,2006,2016,13,oui,SRC-066,"Libre d'usage — la seule condition posée par le producteur est la citation ; ni inscription, ni restriction de rediffusion"
WS_TLET_H_TOT,Households total,en,Eau et assainissement,Household sanitation facilities,pourcentage,non,47,4,2000 2006 2012 2016,2000,2016,13,oui,SRC-066,"Libre d'usage — la seule condition posée par le producteur est la citation ; ni inscription, ni restriction de rediffusion"
WS_TLET_H_UNW,Number of households (unweighted),en,Eau et assainissement,Household sanitation facilities,effectif,oui,47,4,2000 2006 2012 2016,2000,2016,13,oui,SRC-066,"Libre d'usage — la seule condition posée par le producteur est la citation ; ni inscription, ni restriction de rediffusion"
WS_TLET_H_VIP,Households with a ventilated improved pit latrine (VIP),en,Eau et assainissement,Household sanitation facilities,pourcentage,non,47,4,2000 2006 2012 2016,2000,2016,13,oui,SRC-066,"Libre d'usage — la seule condition posée par le producteur est la citation ; ni inscription, ni restriction de rediffusion"
WS_TLET_P_BAS,Population with basic sanitation service,en,Eau et assainissement,Household sanitation facilities,pourcentage,non,47,4,2000 2006 2012 2016,2000,2016,13,oui,SRC-066,"Libre d'usage — la seule condition posée par le producteur est la citation ; ni inscription, ni restriction de rediffusion"
WS_TLET_P_COM,Population with a composting toilet,en,Eau et assainissement,Household sanitation facilities,pourcentage,non,37,3,2006 2012 2016,2006,2016,13,oui,SRC-066,"Libre d'usage — la seule condition posée par le producteur est la citation ; ni inscription, ni restriction de rediffusion"
WS_TLET_P_DKM,Population with don't know or missing information on toilet facility,en,Eau et assainissement,Household sanitation facilities,pourcentage,non,35,3,2000 2006 2012,2000,2012,13,oui,SRC-066,"Libre d'usage — la seule condition posée par le producteur est la citation ; ni inscription, ni restriction de rediffusion"
WS_TLET_P_FPT,Population with a flush or pour flush toilet to a pit latrine,en,Eau et assainissement,Household sanitation facilities,pourcentage,non,37,3,2006 2012 2016,2006,2016,13,oui,SRC-066,"Libre d'usage — la seule condition posée par le producteur est la citation ; ni inscription, ni restriction de rediffusion"
WS_TLET_P_FSP,Population with a flush or pour flush toilet to a septic tank,en,Eau et assainissement,Household sanitation facilities,pourcentage,non,37,3,2006 2012 2016,2006,2016,13,oui,SRC-066,"Libre d'usage — la seule condition posée par le producteur est la citation ; ni inscription, ni restriction de rediffusion"
WS_TLET_P_FSW,Population with a flush or pour flush toilet to a piped sewer system,en,Eau et assainissement,Household sanitation facilities,pourcentage,non,37,3,2006 2012 2016,2006,2016,13,oui,SRC-066,"Libre d'usage — la seule condition posée par le producteur est la citation ; ni inscription, ni restriction de rediffusion"
WS_TLET_P_FUN,Population with a flush or pour flush toilet to an unknown location,en,Eau et assainissement,Household sanitation facilities,pourcentage,non,47,4,2000 2006 2012 2016,2000,2016,13,oui,SRC-066,"Libre d'usage — la seule condition posée par le producteur est la citation ; ni inscription, ni restriction de rediffusion"
WS_TLET_P_IMO,Population with an other improved toilet,en,Eau et assainissement,Household sanitation facilities,pourcentage,non,13,1,2012,2012,2012,13,non,SRC-066,"Libre d'usage — la seule condition posée par le producteur est la citation ; ni inscription, ni restriction de rediffusion"
WS_TLET_P_IMP,Population with an improved sanitation facility,en,Eau et assainissement,Household sanitation facilities,pourcentage,non,47,4,2000 2006 2012 2016,2000,2016,13,oui,SRC-066,"Libre d'usage — la seule condition posée par le producteur est la citation ; ni inscription, ni restriction de rediffusion"
WS_TLET_P_LTD,Population with limited sanitation service,en,Eau et assainissement,Household sanitation facilities,pourcentage,non,47,4,2000 2006 2012 2016,2000,2016,13,oui,SRC-066,"Libre d'usage — la seule condition posée par le producteur est la citation ; ni inscription, ni restriction de rediffusion"
WS_TLET_P_NBK,Population with a bucket toilet,en,Eau et assainissement,Household sanitation facilities,pourcentage,non,37,3,2006 2012 2016,2006,2016,13,oui,SRC-066,"Libre d'usage — la seule condition posée par le producteur est la citation ; ni inscription, ni restriction de rediffusion"
WS_TLET_P_NFC,Population using open defecation,en,Eau et assainissement,Household sanitation facilities,pourcentage,non,47,4,2000 2006 2012 2016,2000,2016,13,oui,SRC-066,"Libre d'usage — la seule condition posée par le producteur est la citation ; ni inscription, ni restriction de rediffusion"
WS_TLET_P_NFL,"Population with a flush or pour flush toilet not to a sewer, septic tank or pit latrine",en,Eau et assainissement,Household sanitation facilities,pourcentage,non,25,2,2012 2016,2012,2016,13,non,SRC-066,"Libre d'usage — la seule condition posée par le producteur est la citation ; ni inscription, ni restriction de rediffusion"
WS_TLET_P_NHG,Population with a hanging toilet or hanging latrine,en,Eau et assainissement,Household sanitation facilities,pourcentage,non,37,3,2006 2012 2016,2006,2016,13,oui,SRC-066,"Libre d'usage — la seule condition posée par le producteur est la citation ; ni inscription, ni restriction de rediffusion"
WS_TLET_P_NIM,Population with an unimproved sanitation facility,en,Eau et assainissement,Household sanitation facilities,pourcentage,non,47,4,2000 2006 2012 2016,2000,2016,13,oui,SRC-066,"Libre d'usage — la seule condition posée par le producteur est la citation ; ni inscription, ni restriction de rediffusion"
WS_TLET_P_NPT,Population with a pit latrine without a slab or an open pit,en,Eau et assainissement,Household sanitation facilities,pourcentage,non,47,4,2000 2006 2012 2016,2000,2016,13,oui,SRC-066,"Libre d'usage — la seule condition posée par le producteur est la citation ; ni inscription, ni restriction de rediffusion"
WS_TLET_P_NUM,Number of persons,en,Eau et assainissement,Household sanitation facilities,effectif,oui,47,4,2000 2006 2012 2016,2000,2016,13,oui,SRC-066,"Libre d'usage — la seule condition posée par le producteur est la citation ; ni inscription, ni restriction de rediffusion"
WS_TLET_P_OTH,Population using other types of toilet facility,en,Eau et assainissement,Household sanitation facilities,pourcentage,non,37,3,2006 2012 2016,2006,2016,13,oui,SRC-066,"Libre d'usage — la seule condition posée par le producteur est la citation ; ni inscription, ni restriction de rediffusion"
WS_TLET_P_PSL,Population with a pit latrine with a slab,en,Eau et assainissement,Household sanitation facilities,pourcentage,non,37,3,2006 2012 2016,2006,2016,13,oui,SRC-066,"Libre d'usage — la seule condition posée par le producteur est la citation ; ni inscription, ni restriction de rediffusion"
WS_TLET_P_TOT,Population total,en,Eau et assainissement,Household sanitation facilities,pourcentage,non,47,4,2000 2006 2012 2016,2000,2016,13,oui,SRC-066,"Libre d'usage — la seule condition posée par le producteur est la citation ; ni inscription, ni restriction de rediffusion"
WS_TLET_P_UNW,Number of persons (unweighted),en,Eau et assainissement,Household sanitation facilities,effectif,oui,47,4,2000 2006 2012 2016,2000,2016,13,oui,SRC-066,"Libre d'usage — la seule condition posée par le producteur est la citation ; ni inscription, ni restriction de rediffusion"
WS_TLET_P_VIP,Population with a ventilated improved pit latrine (VIP),en,Eau et assainissement,Household sanitation facilities,pourcentage,non,47,4,2000 2006 2012 2016,2000,2016,13,oui,SRC-066,"Libre d'usage — la seule condition posée par le producteur est la citation ; ni inscription, ni restriction de rediffusion"
WS_TLOC_H_DWL,Households with sanitation facility in own dwelling,en,Eau et assainissement,Location of toilet facilities,pourcentage,non,12,1,2016,2016,2016,12,non,SRC-066,"Libre d'usage — la seule condition posée par le producteur est la citation ; ni inscription, ni restriction de rediffusion"
WS_TLOC_H_ELS,Households with sanitation facility elsewhere,en,Eau et assainissement,Location of toilet facilities,pourcentage,non,12,1,2016,2016,2016,12,non,SRC-066,"Libre d'usage — la seule condition posée par le producteur est la citation ; ni inscription, ni restriction de rediffusion"
WS_TLOC_H_NUM,Number of households with a toilet/latrine facility,en,Eau et assainissement,Location of toilet facilities,effectif,oui,12,1,2016,2016,2016,12,non,SRC-066,"Libre d'usage — la seule condition posée par le producteur est la citation ; ni inscription, ni restriction de rediffusion"
WS_TLOC_H_TOT,Household toilet facility location: total,en,Eau et assainissement,Location of toilet facilities,pourcentage,non,12,1,2016,2016,2016,12,non,SRC-066,"Libre d'usage — la seule condition posée par le producteur est la citation ; ni inscription, ni restriction de rediffusion"
WS_TLOC_H_UNW,Number of households with a toilet/latrine facility (unweighted),en,Eau et assainissement,Location of toilet facilities,effectif,oui,12,1,2016,2016,2016,12,non,SRC-066,"Libre d'usage — la seule condition posée par le producteur est la citation ; ni inscription, ni restriction de rediffusion"
WS_TLOC_H_YRD,Households with sanitation facility in own yard/plot,en,Eau et assainissement,Location of toilet facilities,pourcentage,non,12,1,2016,2016,2016,12,non,SRC-066,"Libre d'usage — la seule condition posée par le producteur est la citation ; ni inscription, ni restriction de rediffusion"
WS_TLOC_P_DWL,Population with sanitation facility in own dwelling,en,Eau et assainissement,Location of toilet facilities,pourcentage,non,12,1,2016,2016,2016,12,non,SRC-066,"Libre d'usage — la seule condition posée par le producteur est la citation ; ni inscription, ni restriction de rediffusion"
WS_TLOC_P_ELS,Population with sanitation facility elsewhere,en,Eau et assainissement,Location of toilet facilities,pourcentage,non,12,1,2016,2016,2016,12,non,SRC-066,"Libre d'usage — la seule condition posée par le producteur est la citation ; ni inscription, ni restriction de rediffusion"
WS_TLOC_P_NUM,Number of persons living in households with a toilet/latrine facility,en,Eau et assainissement,Location of toilet facilities,effectif,oui,12,1,2016,2016,2016,12,non,SRC-066,"Libre d'usage — la seule condition posée par le producteur est la citation ; ni inscription, ni restriction de rediffusion"
WS_TLOC_P_TOT,Population: toilet facility location: total,en,Eau et assainissement,Location of toilet facilities,pourcentage,non,12,1,2016,2016,2016,12,non,SRC-066,"Libre d'usage — la seule condition posée par le producteur est la citation ; ni inscription, ni restriction de rediffusion"
WS_TLOC_P_UNW,Number of persons with a toilet/latrine facility (unweighted),en,Eau et assainissement,Location of toilet facilities,effectif,oui,12,1,2016,2016,2016,12,non,SRC-066,"Libre d'usage — la seule condition posée par le producteur est la citation ; ni inscription, ni restriction de rediffusion"
WS_TLOC_P_YRD,Population with sanitation facility in own yard/plot,en,Eau et assainissement,Location of toilet facilities,pourcentage,non,12,1,2016,2016,2016,12,non,SRC-066,"Libre d'usage — la seule condition posée par le producteur est la citation ; ni inscription, ni restriction de rediffusion"
WS_WAVL_H_AVL,Households with water available with no interruption of at least one day,en,Eau et assainissement,Availability of water,pourcentage,non,12,1,2016,2016,2016,12,non,SRC-066,"Libre d'usage — la seule condition posée par le producteur est la citation ; ni inscription, ni restriction de rediffusion"
WS_WAVL_H_DKM,Households with water availability unknown,en,Eau et assainissement,Availability of water,pourcentage,non,12,1,2016,2016,2016,12,non,SRC-066,"Libre d'usage — la seule condition posée par le producteur est la citation ; ni inscription, ni restriction de rediffusion"
WS_WAVL_H_NAV,Households with water not available for at least one day,en,Eau et assainissement,Availability of water,pourcentage,non,12,1,2016,2016,2016,12,non,SRC-066,"Libre d'usage — la seule condition posée par le producteur est la citation ; ni inscription, ni restriction de rediffusion"
WS_WAVL_H_NUM,Number of households using piped water or water from a tube well or borehole,en,Eau et assainissement,Availability of water,effectif,oui,12,1,2016,2016,2016,12,non,SRC-066,"Libre d'usage — la seule condition posée par le producteur est la citation ; ni inscription, ni restriction de rediffusion"
WS_WAVL_H_TOT,Household water availability: Total,en,Eau et assainissement,Availability of water,pourcentage,non,12,1,2016,2016,2016,12,non,SRC-066,"Libre d'usage — la seule condition posée par le producteur est la citation ; ni inscription, ni restriction de rediffusion"
WS_WAVL_H_UNW,Number of households using piped water or water from a tube well or borehole (unweighted),en,Eau et assainissement,Availability of water,effectif,oui,12,1,2016,2016,2016,12,non,SRC-066,"Libre d'usage — la seule condition posée par le producteur est la citation ; ni inscription, ni restriction de rediffusion"
WS_WAVL_P_AVL,Population with water available with no interruption of at least one day,en,Eau et assainissement,Availability of water,pourcentage,non,12,1,2016,2016,2016,12,non,SRC-066,"Libre d'usage — la seule condition posée par le producteur est la citation ; ni inscription, ni restriction de rediffusion"
WS_WAVL_P_DKM,Population with water availability unknown,en,Eau et assainissement,Availability of water,pourcentage,non,12,1,2016,2016,2016,12,non,SRC-066,"Libre d'usage — la seule condition posée par le producteur est la citation ; ni inscription, ni restriction de rediffusion"
WS_WAVL_P_NAV,Population with water not available for at least one day,en,Eau et assainissement,Availability of water,pourcentage,non,12,1,2016,2016,2016,12,non,SRC-066,"Libre d'usage — la seule condition posée par le producteur est la citation ; ni inscription, ni restriction de rediffusion"
WS_WAVL_P_NUM,Number of persons living in households using piped water or water from a tube well or borehole,en,Eau et assainissement,Availability of water,effectif,oui,12,1,2016,2016,2016,12,non,SRC-066,"Libre d'usage — la seule condition posée par le producteur est la citation ; ni inscription, ni restriction de rediffusion"
WS_WAVL_P_TOT,Population water availability: Total,en,Eau et assainissement,Availability of water,pourcentage,non,12,1,2016,2016,2016,12,non,SRC-066,"Libre d'usage — la seule condition posée par le producteur est la citation ; ni inscription, ni restriction de rediffusion"
WS_WAVL_P_UNW,Number of persons living in households using piped water or water from a tube well or borehole (unweighted),en,Eau et assainissement,Availability of water,effectif,oui,12,1,2016,2016,2016,12,non,SRC-066,"Libre d'usage — la seule condition posée par le producteur est la citation ; ni inscription, ni restriction de rediffusion"
WS_WTRT_H_APP,Households using an appropriate treatment method,en,Eau et assainissement,Water treatment prior to drinking,pourcentage,non,37,3,2006 2012 2016,2006,2016,13,oui,SRC-066,"Libre d'usage — la seule condition posée par le producteur est la citation ; ni inscription, ni restriction de rediffusion"
WS_WTRT_H_BLC,Households treating water by adding bleach/chlorine,en,Eau et assainissement,Water treatment prior to drinking,pourcentage,non,37,3,2006 2012 2016,2006,2016,13,oui,SRC-066,"Libre d'usage — la seule condition posée par le producteur est la citation ; ni inscription, ni restriction de rediffusion"
WS_WTRT_H_BOL,Households treating water by boiling,en,Eau et assainissement,Water treatment prior to drinking,pourcentage,non,37,3,2006 2012 2016,2006,2016,13,oui,SRC-066,"Libre d'usage — la seule condition posée par le producteur est la citation ; ni inscription, ni restriction de rediffusion"
WS_WTRT_H_CER,"Households treating water using a ceramic, sand or other filter",en,Eau et assainissement,Water treatment prior to drinking,pourcentage,non,37,3,2006 2012 2016,2006,2016,13,oui,SRC-066,"Libre d'usage — la seule condition posée par le producteur est la citation ; ni inscription, ni restriction de rediffusion"
WS_WTRT_H_DKM,Households with missing information on treatment of water,en,Eau et assainissement,Water treatment prior to drinking,pourcentage,non,12,1,2006,2006,2006,12,non,SRC-066,"Libre d'usage — la seule condition posée par le producteur est la citation ; ni inscription, ni restriction de rediffusion"
WS_WTRT_H_NTR,Households not treating water,en,Eau et assainissement,Water treatment prior to drinking,pourcentage,non,37,3,2006 2012 2016,2006,2016,13,oui,SRC-066,"Libre d'usage — la seule condition posée par le producteur est la citation ; ni inscription, ni restriction de rediffusion"
WS_WTRT_H_NUM,Number of households,en,Eau et assainissement,Water treatment prior to drinking,effectif,oui,47,4,2000 2006 2012 2016,2000,2016,13,oui,SRC-066,"Libre d'usage — la seule condition posée par le producteur est la citation ; ni inscription, ni restriction de rediffusion"
WS_WTRT_H_OTH,Households treating water using other methods,en,Eau et assainissement,Water treatment prior to drinking,pourcentage,non,37,3,2006 2012 2016,2006,2016,13,oui,SRC-066,"Libre d'usage — la seule condition posée par le producteur est la citation ; ni inscription, ni restriction de rediffusion"
WS_WTRT_H_SOL,Households treating water using solar disinfection,en,Eau et assainissement,Water treatment prior to drinking,pourcentage,non,37,3,2006 2012 2016,2006,2016,13,oui,SRC-066,"Libre d'usage — la seule condition posée par le producteur est la citation ; ni inscription, ni restriction de rediffusion"
WS_WTRT_H_STN,Households treating water by straining through a cloth,en,Eau et assainissement,Water treatment prior to drinking,pourcentage,non,37,3,2006 2012 2016,2006,2016,13,oui,SRC-066,"Libre d'usage — la seule condition posée par le producteur est la citation ; ni inscription, ni restriction de rediffusion"
WS_WTRT_H_UNW,Number of households (unweighted),en,Eau et assainissement,Water treatment prior to drinking,effectif,oui,47,4,2000 2006 2012 2016,2000,2016,13,oui,SRC-066,"Libre d'usage — la seule condition posée par le producteur est la citation ; ni inscription, ni restriction de rediffusion"
WS_WTRT_P_APP,Population using an appropriate treatment method,en,Eau et assainissement,Water treatment prior to drinking,pourcentage,non,37,3,2006 2012 2016,2006,2016,13,oui,SRC-066,"Libre d'usage — la seule condition posée par le producteur est la citation ; ni inscription, ni restriction de rediffusion"
WS_WTRT_P_BLC,Population treating water by adding bleach/chlorine,en,Eau et assainissement,Water treatment prior to drinking,pourcentage,non,37,3,2006 2012 2016,2006,2016,13,oui,SRC-066,"Libre d'usage — la seule condition posée par le producteur est la citation ; ni inscription, ni restriction de rediffusion"
WS_WTRT_P_BOL,Population treating water by boiling,en,Eau et assainissement,Water treatment prior to drinking,pourcentage,non,37,3,2006 2012 2016,2006,2016,13,oui,SRC-066,"Libre d'usage — la seule condition posée par le producteur est la citation ; ni inscription, ni restriction de rediffusion"
WS_WTRT_P_CER,"Population treating water using a ceramic, sand or other filter",en,Eau et assainissement,Water treatment prior to drinking,pourcentage,non,37,3,2006 2012 2016,2006,2016,13,oui,SRC-066,"Libre d'usage — la seule condition posée par le producteur est la citation ; ni inscription, ni restriction de rediffusion"
WS_WTRT_P_DKM,Population with missing information on treatment of water,en,Eau et assainissement,Water treatment prior to drinking,pourcentage,non,12,1,2006,2006,2006,12,non,SRC-066,"Libre d'usage — la seule condition posée par le producteur est la citation ; ni inscription, ni restriction de rediffusion"
WS_WTRT_P_NTR,Population not treating water,en,Eau et assainissement,Water treatment prior to drinking,pourcentage,non,37,3,2006 2012 2016,2006,2016,13,oui,SRC-066,"Libre d'usage — la seule condition posée par le producteur est la citation ; ni inscription, ni restriction de rediffusion"
WS_WTRT_P_NUM,Number of persons,en,Eau et assainissement,Water treatment prior to drinking,effectif,oui,47,4,2000 2006 2012 2016,2000,2016,13,oui,SRC-066,"Libre d'usage — la seule condition posée par le producteur est la citation ; ni inscription, ni restriction de rediffusion"
WS_WTRT_P_OTH,Population treating water using other methods,en,Eau et assainissement,Water treatment prior to drinking,pourcentage,non,37,3,2006 2012 2016,2006,2016,13,oui,SRC-066,"Libre d'usage — la seule condition posée par le producteur est la citation ; ni inscription, ni restriction de rediffusion"
WS_WTRT_P_SOL,Population treating water using solar disinfection,en,Eau et assainissement,Water treatment prior to drinking,pourcentage,non,37,3,2006 2012 2016,2006,2016,13,oui,SRC-066,"Libre d'usage — la seule condition posée par le producteur est la citation ; ni inscription, ni restriction de rediffusion"
WS_WTRT_P_STN,Population treating water by straining through a cloth,en,Eau et assainissement,Water treatment prior to drinking,pourcentage,non,37,3,2006 2012 2016,2006,2016,13,oui,SRC-066,"Libre d'usage — la seule condition posée par le producteur est la citation ; ni inscription, ni restriction de rediffusion"
WS_WTRT_P_UNW,Number of persons (unweighted),en,Eau et assainissement,Water treatment prior to drinking,effectif,oui,47,4,2000 2006 2012 2016,2000,2016,13,oui,SRC-066,"Libre d'usage — la seule condition posée par le producteur est la citation ; ni inscription, ni restriction de rediffusion"
EM_EMPL_M_DKM,Men with don't know or missing information on whether they worked in the last 12 months,en,Emploi,Employment status,pourcentage,non,10,1,2000,2000,2000,10,non,SRC-066,"Libre d'usage — la seule condition posée par le producteur est la citation ; ni inscription, ni restriction de rediffusion"
EM_EMPL_M_EMC,Men who worked in the last 12 months and are currently,en,Emploi,Employment status,pourcentage,non,47,4,2000 2006 2012 2016,2000,2016,13,oui,SRC-066,"Libre d'usage — la seule condition posée par le producteur est la citation ; ni inscription, ni restriction de rediffusion"
EM_EMPL_M_ENC,"Men who worked in the last 12 months, but not currently",en,Emploi,Employment status,pourcentage,non,47,4,2000 2006 2012 2016,2000,2016,13,oui,SRC-066,"Libre d'usage — la seule condition posée par le producteur est la citation ; ni inscription, ni restriction de rediffusion"
EM_EMPL_M_N12,Men who did no work in the last 12 months,en,Emploi,Employment status,pourcentage,non,47,4,2000 2006 2012 2016,2000,2016,13,oui,SRC-066,"Libre d'usage — la seule condition posée par le producteur est la citation ; ni inscription, ni restriction de rediffusion"
EM_EMPL_M_NUM,Number of men,en,Emploi,Employment status,effectif,oui,47,4,2000 2006 2012 2016,2000,2016,13,oui,SRC-066,"Libre d'usage — la seule condition posée par le producteur est la citation ; ni inscription, ni restriction de rediffusion"
EM_EMPL_M_TOT,Men : Total,en,Emploi,Employment status,pourcentage,non,47,4,2000 2006 2012 2016,2000,2016,13,oui,SRC-066,"Libre d'usage — la seule condition posée par le producteur est la citation ; ni inscription, ni restriction de rediffusion"
EM_EMPL_M_UNW,Number of men (unweighted),en,Emploi,Employment status,effectif,oui,47,4,2000 2006 2012 2016,2000,2016,13,oui,SRC-066,"Libre d'usage — la seule condition posée par le producteur est la citation ; ni inscription, ni restriction de rediffusion"
EM_EMPL_W_DKM,Women with don't know or missing information on whether they worked in the last 12 months,en,Emploi,Employment status,pourcentage,non,13,1,2012,2012,2012,13,non,SRC-066,"Libre d'usage — la seule condition posée par le producteur est la citation ; ni inscription, ni restriction de rediffusion"
EM_EMPL_W_EMC,Women who worked in the last 12 months and are currently,en,Emploi,Employment status,pourcentage,non,47,4,2000 2006 2012 2016,2000,2016,13,oui,SRC-066,"Libre d'usage — la seule condition posée par le producteur est la citation ; ni inscription, ni restriction de rediffusion"
EM_EMPL_W_ENC,"Women who worked in the last 12 months, but not currently",en,Emploi,Employment status,pourcentage,non,47,4,2000 2006 2012 2016,2000,2016,13,oui,SRC-066,"Libre d'usage — la seule condition posée par le producteur est la citation ; ni inscription, ni restriction de rediffusion"
EM_EMPL_W_N12,Women who did no work in the last 12 months,en,Emploi,Employment status,pourcentage,non,47,4,2000 2006 2012 2016,2000,2016,13,oui,SRC-066,"Libre d'usage — la seule condition posée par le producteur est la citation ; ni inscription, ni restriction de rediffusion"
EM_EMPL_W_NUM,Number of women,en,Emploi,Employment status,effectif,oui,47,4,2000 2006 2012 2016,2000,2016,13,oui,SRC-066,"Libre d'usage — la seule condition posée par le producteur est la citation ; ni inscription, ni restriction de rediffusion"
EM_EMPL_W_TOT,Women : Total,en,Emploi,Employment status,pourcentage,non,47,4,2000 2006 2012 2016,2000,2016,13,oui,SRC-066,"Libre d'usage — la seule condition posée par le producteur est la citation ; ni inscription, ni restriction de rediffusion"
EM_EMPL_W_UNW,Number of women (unweighted),en,Emploi,Employment status,effectif,oui,47,4,2000 2006 2012 2016,2000,2016,13,oui,SRC-066,"Libre d'usage — la seule condition posée par le producteur est la citation ; ni inscription, ni restriction de rediffusion"
EM_MERN_M_HUS,Men who decide themselves how their earnings are used,en,Emploi,Control over husband's cash earnings,pourcentage,non,12,1,2016,2016,2016,12,non,SRC-066,"Libre d'usage — la seule condition posée par le producteur est la citation ; ni inscription, ni restriction de rediffusion"
EM_MERN_M_JNT,Men who decide jointly with partner how their earnings are used,en,Emploi,Control over husband's cash earnings,pourcentage,non,12,1,2016,2016,2016,12,non,SRC-066,"Libre d'usage — la seule condition posée par le producteur est la citation ; ni inscription, ni restriction de rediffusion"
EM_MERN_M_NUM,Number of married men employed in the last 12 months receiving cash earnings,en,Emploi,Control over husband's cash earnings,effectif,oui,12,1,2016,2016,2016,12,non,SRC-066,"Libre d'usage — la seule condition posée par le producteur est la citation ; ni inscription, ni restriction de rediffusion"
EM_MERN_M_OTH,Men for whom 'other' decides how their earnings are used,en,Emploi,Control over husband's cash earnings,pourcentage,non,12,1,2016,2016,2016,12,non,SRC-066,"Libre d'usage — la seule condition posée par le producteur est la citation ; ni inscription, ni restriction de rediffusion"
EM_MERN_M_TOT,Married men employed in the last 12 months receiving cash earnings: Total,en,Emploi,Control over husband's cash earnings,pourcentage,non,12,1,2016,2016,2016,12,non,SRC-066,"Libre d'usage — la seule condition posée par le producteur est la citation ; ni inscription, ni restriction de rediffusion"
EM_MERN_M_UNW,Number of married men employed in the last 12 months receiving cash earnings (unweighted),en,Emploi,Control over husband's cash earnings,effectif,oui,12,1,2016,2016,2016,12,non,SRC-066,"Libre d'usage — la seule condition posée par le producteur est la citation ; ni inscription, ni restriction de rediffusion"
EM_MERN_M_WIF,Men whose partner decides how their earnings are used,en,Emploi,Control over husband's cash earnings,pourcentage,non,12,1,2016,2016,2016,12,non,SRC-066,"Libre d'usage — la seule condition posée par le producteur est la citation ; ni inscription, ni restriction de rediffusion"
EM_MERN_W_DKM,Women with don't know or missing information on who decides how their earnings are used,en,Emploi,Control over husband's cash earnings,pourcentage,non,25,2,2006 2012,2006,2012,13,non,SRC-066,"Libre d'usage — la seule condition posée par le producteur est la citation ; ni inscription, ni restriction de rediffusion"
EM_MERN_W_HUS,Women whose husband/partner decides how her husband's earnings are used,en,Emploi,Control over husband's cash earnings,pourcentage,non,37,3,2006 2012 2016,2006,2016,13,oui,SRC-066,"Libre d'usage — la seule condition posée par le producteur est la citation ; ni inscription, ni restriction de rediffusion"
EM_MERN_W_JNT,Women who decide jointly with partner how her husband's earnings are used,en,Emploi,Control over husband's cash earnings,pourcentage,non,37,3,2006 2012 2016,2006,2016,13,oui,SRC-066,"Libre d'usage — la seule condition posée par le producteur est la citation ; ni inscription, ni restriction de rediffusion"
EM_MERN_W_NUM,Number of married women whose husbands are emplyed for cash earnings,en,Emploi,Control over husband's cash earnings,effectif,oui,37,3,2006 2012 2016,2006,2016,13,oui,SRC-066,"Libre d'usage — la seule condition posée par le producteur est la citation ; ni inscription, ni restriction de rediffusion"
EM_MERN_W_OTH,Women for whom 'other' decides how her husband's earnings are used,en,Emploi,Control over husband's cash earnings,pourcentage,non,37,3,2006 2012 2016,2006,2016,13,oui,SRC-066,"Libre d'usage — la seule condition posée par le producteur est la citation ; ni inscription, ni restriction de rediffusion"
EM_MERN_W_TOT,Women whose husbands earned cash earnings: Total,en,Emploi,Control over husband's cash earnings,pourcentage,non,37,3,2006 2012 2016,2006,2016,13,oui,SRC-066,"Libre d'usage — la seule condition posée par le producteur est la citation ; ni inscription, ni restriction de rediffusion"
EM_MERN_W_UNW,Number of married women whose husbands are emplyed for cash earnings (unweighted),en,Emploi,Control over husband's cash earnings,effectif,oui,37,3,2006 2012 2016,2006,2016,13,oui,SRC-066,"Libre d'usage — la seule condition posée par le producteur est la citation ; ni inscription, ni restriction de rediffusion"
EM_MERN_W_WIF,Women who decide herself how her husband's earnings are used,en,Emploi,Control over husband's cash earnings,pourcentage,non,37,3,2006 2012 2016,2006,2016,13,oui,SRC-066,"Libre d'usage — la seule condition posée par le producteur est la citation ; ni inscription, ni restriction de rediffusion"
EM_OCCP_M_AGR,Men's occupation: Agriculture,en,Emploi,Occupation,pourcentage,non,47,4,2000 2006 2012 2016,2000,2016,13,oui,SRC-066,"Libre d'usage — la seule condition posée par le producteur est la citation ; ni inscription, ni restriction de rediffusion"
EM_OCCP_M_CLR,Men's occupation: Clerical,en,Emploi,Occupation,pourcentage,non,10,1,2000,2000,2000,10,non,SRC-066,"Libre d'usage — la seule condition posée par le producteur est la citation ; ni inscription, ni restriction de rediffusion"
EM_OCCP_M_DKM,Men with don't know or missing information on occupation,en,Emploi,Occupation,pourcentage,non,35,3,2000 2006 2012,2000,2012,13,oui,SRC-066,"Libre d'usage — la seule condition posée par le producteur est la citation ; ni inscription, ni restriction de rediffusion"
EM_OCCP_M_DOM,Men's occupation: Household & domestic,en,Emploi,Occupation,pourcentage,non,37,3,2006 2012 2016,2006,2016,13,oui,SRC-066,"Libre d'usage — la seule condition posée par le producteur est la citation ; ni inscription, ni restriction de rediffusion"
EM_OCCP_M_MNS,Men's occupation: Skilled manual,en,Emploi,Occupation,pourcentage,non,47,4,2000 2006 2012 2016,2000,2016,13,oui,SRC-066,"Libre d'usage — la seule condition posée par le producteur est la citation ; ni inscription, ni restriction de rediffusion"
EM_OCCP_M_MNU,Men's occupation: Unskilled manual,en,Emploi,Occupation,pourcentage,non,47,4,2000 2006 2012 2016,2000,2016,13,oui,SRC-066,"Libre d'usage — la seule condition posée par le producteur est la citation ; ni inscription, ni restriction de rediffusion"
EM_OCCP_M_NUM,Number of men employed in the last 12 months,en,Emploi,Occupation,effectif,oui,47,4,2000 2006 2012 2016,2000,2016,13,oui,SRC-066,"Libre d'usage — la seule condition posée par le producteur est la citation ; ni inscription, ni restriction de rediffusion"
EM_OCCP_M_OTH,Men's occupation: Other,en,Emploi,Occupation,pourcentage,non,37,3,2006 2012 2016,2006,2016,13,oui,SRC-066,"Libre d'usage — la seule condition posée par le producteur est la citation ; ni inscription, ni restriction de rediffusion"
EM_OCCP_M_PRO,"Men's occupation: Professional, technical, managerial",en,Emploi,Occupation,pourcentage,non,47,4,2000 2006 2012 2016,2000,2016,13,oui,SRC-066,"Libre d'usage — la seule condition posée par le producteur est la citation ; ni inscription, ni restriction de rediffusion"
EM_OCCP_M_SAL,"Men's occupation: Sales, services",en,Emploi,Occupation,pourcentage,non,47,4,2000 2006 2012 2016,2000,2016,13,oui,SRC-066,"Libre d'usage — la seule condition posée par le producteur est la citation ; ni inscription, ni restriction de rediffusion"
EM_OCCP_M_TOT,Men's occupation: Total,en,Emploi,Occupation,pourcentage,non,47,4,2000 2006 2012 2016,2000,2016,13,oui,SRC-066,"Libre d'usage — la seule condition posée par le producteur est la citation ; ni inscription, ni restriction de rediffusion"
EM_OCCP_M_UNW,Number of men employed in the last 12 months (unweighted),en,Emploi,Occupation,effectif,oui,47,4,2000 2006 2012 2016,2000,2016,13,oui,SRC-066,"Libre d'usage — la seule condition posée par le producteur est la citation ; ni inscription, ni restriction de rediffusion"
EM_OCCP_W_AGR,Women's occupation: Agriculture,en,Emploi,Occupation,pourcentage,non,47,4,2000 2006 2012 2016,2000,2016,13,oui,SRC-066,"Libre d'usage — la seule condition posée par le producteur est la citation ; ni inscription, ni restriction de rediffusion"
EM_OCCP_W_CLR,Women's occupation: Clerical,en,Emploi,Occupation,pourcentage,non,10,1,2000,2000,2000,10,non,SRC-066,"Libre d'usage — la seule condition posée par le producteur est la citation ; ni inscription, ni restriction de rediffusion"
EM_OCCP_W_DKM,Women with don't know or missing information on occupation,en,Emploi,Occupation,pourcentage,non,35,3,2000 2006 2012,2000,2012,13,oui,SRC-066,"Libre d'usage — la seule condition posée par le producteur est la citation ; ni inscription, ni restriction de rediffusion"
EM_OCCP_W_DOM,Women's occupation: Household & domestic,en,Emploi,Occupation,pourcentage,non,37,3,2006 2012 2016,2006,2016,13,oui,SRC-066,"Libre d'usage — la seule condition posée par le producteur est la citation ; ni inscription, ni restriction de rediffusion"
EM_OCCP_W_MNS,Women's occupation: Skilled manual,en,Emploi,Occupation,pourcentage,non,47,4,2000 2006 2012 2016,2000,2016,13,oui,SRC-066,"Libre d'usage — la seule condition posée par le producteur est la citation ; ni inscription, ni restriction de rediffusion"
EM_OCCP_W_MNU,Women's occupation: Unskilled manual,en,Emploi,Occupation,pourcentage,non,47,4,2000 2006 2012 2016,2000,2016,13,oui,SRC-066,"Libre d'usage — la seule condition posée par le producteur est la citation ; ni inscription, ni restriction de rediffusion"
EM_OCCP_W_NUM,Number of women employed in the last 12 months,en,Emploi,Occupation,effectif,oui,47,4,2000 2006 2012 2016,2000,2016,13,oui,SRC-066,"Libre d'usage — la seule condition posée par le producteur est la citation ; ni inscription, ni restriction de rediffusion"
EM_OCCP_W_OTH,Women's occupation: Other,en,Emploi,Occupation,pourcentage,non,37,3,2006 2012 2016,2006,2016,13,oui,SRC-066,"Libre d'usage — la seule condition posée par le producteur est la citation ; ni inscription, ni restriction de rediffusion"
EM_OCCP_W_PRO,"Women's occupation: Professional, technical, managerial",en,Emploi,Occupation,pourcentage,non,47,4,2000 2006 2012 2016,2000,2016,13,oui,SRC-066,"Libre d'usage — la seule condition posée par le producteur est la citation ; ni inscription, ni restriction de rediffusion"
EM_OCCP_W_SAL,"Women's occupation: Sales, services",en,Emploi,Occupation,pourcentage,non,47,4,2000 2006 2012 2016,2000,2016,13,oui,SRC-066,"Libre d'usage — la seule condition posée par le producteur est la citation ; ni inscription, ni restriction de rediffusion"
EM_OCCP_W_TOT,Women's occupation: Total,en,Emploi,Occupation,pourcentage,non,47,4,2000 2006 2012 2016,2000,2016,13,oui,SRC-066,"Libre d'usage — la seule condition posée par le producteur est la citation ; ni inscription, ni restriction de rediffusion"
EM_OCCP_W_UNW,Number of women employed in the last 12 months (unweighted),en,Emploi,Occupation,effectif,oui,47,4,2000 2006 2012 2016,2000,2016,13,oui,SRC-066,"Libre d'usage — la seule condition posée par le producteur est la citation ; ni inscription, ni restriction de rediffusion"
EM_RERN_W_DKM,Wife doesn't know relative earnings,en,Emploi,Relative magnitude of women's cash earnings,pourcentage,non,37,3,2006 2012 2016,2006,2016,13,oui,SRC-066,"Libre d'usage — la seule condition posée par le producteur est la citation ; ni inscription, ni restriction de rediffusion"
EM_RERN_W_LES,Wife earns less than husband,en,Emploi,Relative magnitude of women's cash earnings,pourcentage,non,37,3,2006 2012 2016,2006,2016,13,oui,SRC-066,"Libre d'usage — la seule condition posée par le producteur est la citation ; ni inscription, ni restriction de rediffusion"
EM_RERN_W_MOR,Wife earns more than husband,en,Emploi,Relative magnitude of women's cash earnings,pourcentage,non,37,3,2006 2012 2016,2006,2016,13,oui,SRC-066,"Libre d'usage — la seule condition posée par le producteur est la citation ; ni inscription, ni restriction de rediffusion"
EM_RERN_W_NON,Husband has no earnings,en,Emploi,Relative magnitude of women's cash earnings,pourcentage,non,37,3,2006 2012 2016,2006,2016,13,oui,SRC-066,"Libre d'usage — la seule condition posée par le producteur est la citation ; ni inscription, ni restriction de rediffusion"
EM_RERN_W_NUM,Number of married women employed in the last 12 months receiving cash earnings,en,Emploi,Relative magnitude of women's cash earnings,effectif,oui,37,3,2006 2012 2016,2006,2016,13,oui,SRC-066,"Libre d'usage — la seule condition posée par le producteur est la citation ; ni inscription, ni restriction de rediffusion"
EM_RERN_W_SAM,Wife earns about the same as husband,en,Emploi,Relative magnitude of women's cash earnings,pourcentage,non,37,3,2006 2012 2016,2006,2016,13,oui,SRC-066,"Libre d'usage — la seule condition posée par le producteur est la citation ; ni inscription, ni restriction de rediffusion"
EM_RERN_W_TOT,Wife's earns relative to husbands: Total,en,Emploi,Relative magnitude of women's cash earnings,pourcentage,non,37,3,2006 2012 2016,2006,2016,13,oui,SRC-066,"Libre d'usage — la seule condition posée par le producteur est la citation ; ni inscription, ni restriction de rediffusion"
EM_RERN_W_UNW,Number of married women employed in the last 12 months receiving cash earnings (unweighted),en,Emploi,Relative magnitude of women's cash earnings,effectif,oui,37,3,2006 2012 2016,2006,2016,13,oui,SRC-066,"Libre d'usage — la seule condition posée par le producteur est la citation ; ni inscription, ni restriction de rediffusion"
EM_WERN_W_DKM,Women with don't know or missing information on who decides how their earnings are used,en,Emploi,Control over women's cash earnings,pourcentage,non,35,3,2000 2006 2012,2000,2012,13,oui,SRC-066,"Libre d'usage — la seule condition posée par le producteur est la citation ; ni inscription, ni restriction de rediffusion"
EM_WERN_W_HUS,Women whose partner decides how their earnings are used,en,Emploi,Control over women's cash earnings,pourcentage,non,47,4,2000 2006 2012 2016,2000,2016,13,oui,SRC-066,"Libre d'usage — la seule condition posée par le producteur est la citation ; ni inscription, ni restriction de rediffusion"
EM_WERN_W_JNT,Women who decide jointly with partner how their earnings are used,en,Emploi,Control over women's cash earnings,pourcentage,non,47,4,2000 2006 2012 2016,2000,2016,13,oui,SRC-066,"Libre d'usage — la seule condition posée par le producteur est la citation ; ni inscription, ni restriction de rediffusion"
EM_WERN_W_NUM,Number of married women employed in the last 12 months receiving cash earnings,en,Emploi,Control over women's cash earnings,effectif,oui,47,4,2000 2006 2012 2016,2000,2016,13,oui,SRC-066,"Libre d'usage — la seule condition posée par le producteur est la citation ; ni inscription, ni restriction de rediffusion"
EM_WERN_W_OTH,Women for whom 'other' decides how their earnings are used,en,Emploi,Control over women's cash earnings,pourcentage,non,47,4,2000 2006 2012 2016,2000,2016,13,oui,SRC-066,"Libre d'usage — la seule condition posée par le producteur est la citation ; ni inscription, ni restriction de rediffusion"
EM_WERN_W_TOT,Married women employed in the last 12 months receiving cash earnings: Total,en,Emploi,Control over women's cash earnings,pourcentage,non,47,4,2000 2006 2012 2016,2000,2016,13,oui,SRC-066,"Libre d'usage — la seule condition posée par le producteur est la citation ; ni inscription, ni restriction de rediffusion"
EM_WERN_W_UNW,Number of married women employed in the last 12 months receiving cash earnings (unweighted),en,Emploi,Control over women's cash earnings,effectif,oui,47,4,2000 2006 2012 2016,2000,2016,13,oui,SRC-066,"Libre d'usage — la seule condition posée par le producteur est la citation ; ni inscription, ni restriction de rediffusion"
EM_WERN_W_WIF,Women who decide themselves how their earnings are used,en,Emploi,Control over women's cash earnings,pourcentage,non,47,4,2000 2006 2012 2016,2000,2016,13,oui,SRC-066,"Libre d'usage — la seule condition posée par le producteur est la citation ; ni inscription, ni restriction de rediffusion"
FI_EXFI_W_EEX,Women who have ever experienced fistula symptoms,en,Fistule obstétricale,Experience of fistula symptoms,pourcentage,non,13,1,2012,2012,2012,13,non,SRC-066,"Libre d'usage — la seule condition posée par le producteur est la citation ; ni inscription, ni restriction de rediffusion"
FI_EXFI_W_HRD,Women who have ever heard of fistula symptoms,en,Fistule obstétricale,Experience of fistula symptoms,pourcentage,non,13,1,2012,2012,2012,13,non,SRC-066,"Libre d'usage — la seule condition posée par le producteur est la citation ; ni inscription, ni restriction de rediffusion"
FI_EXFI_W_NUM,Number of women,en,Fistule obstétricale,Experience of fistula symptoms,effectif,oui,13,1,2012,2012,2012,13,non,SRC-066,"Libre d'usage — la seule condition posée par le producteur est la citation ; ni inscription, ni restriction de rediffusion"
FI_EXFI_W_UNW,Number of women (unweighted),en,Fistule obstétricale,Experience of fistula symptoms,effectif,oui,13,1,2012,2012,2012,13,non,SRC-066,"Libre d'usage — la seule condition posée par le producteur est la citation ; ni inscription, ni restriction de rediffusion"
FE_AAFB_W_M20,Median age at first birth for women age 20-24,en,Fécondité,Median age at first birth,médiane,non,1,1,2000,2000,2000,1,non,SRC-066,"Libre d'usage — la seule condition posée par le producteur est la citation ; ni inscription, ni restriction de rediffusion"
FE_AAFB_W_M25,Median age at first birth for women age 25-29,en,Fécondité,Median age at first birth,médiane,non,45,4,2000 2006 2012 2016,2000,2016,13,oui,SRC-066,"Libre d'usage — la seule condition posée par le producteur est la citation ; ni inscription, ni restriction de rediffusion"
FE_AAFB_W_M2B,Median age at first birth for women age 25-49,en,Fécondité,Median age at first birth,médiane,non,47,4,2000 2006 2012 2016,2000,2016,13,oui,SRC-066,"Libre d'usage — la seule condition posée par le producteur est la citation ; ni inscription, ni restriction de rediffusion"
FE_AAFB_W_M30,Median age at first birth for women age 30-34,en,Fécondité,Median age at first birth,médiane,non,47,4,2000 2006 2012 2016,2000,2016,13,oui,SRC-066,"Libre d'usage — la seule condition posée par le producteur est la citation ; ni inscription, ni restriction de rediffusion"
FE_AAFB_W_M35,Median age at first birth for women age 35-39,en,Fécondité,Median age at first birth,médiane,non,47,4,2000 2006 2012 2016,2000,2016,13,oui,SRC-066,"Libre d'usage — la seule condition posée par le producteur est la citation ; ni inscription, ni restriction de rediffusion"
FE_AAFB_W_M40,Median age at first birth for women age 40-44,en,Fécondité,Median age at first birth,médiane,non,47,4,2000 2006 2012 2016,2000,2016,13,oui,SRC-066,"Libre d'usage — la seule condition posée par le producteur est la citation ; ni inscription, ni restriction de rediffusion"
FE_AAFB_W_M45,Median age at first birth for women age 45-49,en,Fécondité,Median age at first birth,médiane,non,47,4,2000 2006 2012 2016,2000,2016,13,oui,SRC-066,"Libre d'usage — la seule condition posée par le producteur est la citation ; ni inscription, ni restriction de rediffusion"
FE_BBAY_W_A15,Young women age 20-24 giving birth by age 15,en,Fécondité,First birth by exact age (women age 20-24),pourcentage,non,47,4,2000 2006 2012 2016,2000,2016,13,oui,SRC-066,"Libre d'usage — la seule condition posée par le producteur est la citation ; ni inscription, ni restriction de rediffusion"
FE_BBAY_W_A18,Young women age 20-24 giving birth by age 18,en,Fécondité,First birth by exact age (women age 20-24),pourcentage,non,47,4,2000 2006 2012 2016,2000,2016,13,oui,SRC-066,"Libre d'usage — la seule condition posée par le producteur est la citation ; ni inscription, ni restriction de rediffusion"
FE_BBAY_W_A20,Young women age 20-24 giving birth by age 20,en,Fécondité,First birth by exact age (women age 20-24),pourcentage,non,47,4,2000 2006 2012 2016,2000,2016,13,oui,SRC-066,"Libre d'usage — la seule condition posée par le producteur est la citation ; ni inscription, ni restriction de rediffusion"
FE_BBAY_W_NEV,Young women age 20-24 who never gave birth,en,Fécondité,First birth by exact age (women age 20-24),pourcentage,non,47,4,2000 2006 2012 2016,2000,2016,13,oui,SRC-066,"Libre d'usage — la seule condition posée par le producteur est la citation ; ni inscription, ni restriction de rediffusion"
FE_BBAY_W_NUM,Number of young women age 20-24,en,Fécondité,First birth by exact age (women age 20-24),effectif,oui,47,4,2000 2006 2012 2016,2000,2016,13,oui,SRC-066,"Libre d'usage — la seule condition posée par le producteur est la citation ; ni inscription, ni restriction de rediffusion"
FE_BBAY_W_UNW,Number of young women age 20-24 (unweighted),en,Fécondité,First birth by exact age (women age 20-24),effectif,oui,47,4,2000 2006 2012 2016,2000,2016,13,oui,SRC-066,"Libre d'usage — la seule condition posée par le producteur est la citation ; ni inscription, ni restriction de rediffusion"
FE_BINT_C_I07,Previous birth interval: 7-17 months,en,Fécondité,Birth intervals,pourcentage,non,47,4,2000 2006 2012 2016,2000,2016,13,oui,SRC-066,"Libre d'usage — la seule condition posée par le producteur est la citation ; ni inscription, ni restriction de rediffusion"
FE_BINT_C_I18,Previous birth interval: 18-23 months,en,Fécondité,Birth intervals,pourcentage,non,47,4,2000 2006 2012 2016,2000,2016,13,oui,SRC-066,"Libre d'usage — la seule condition posée par le producteur est la citation ; ni inscription, ni restriction de rediffusion"
FE_BINT_C_I24,Previous birth interval: 24-35 months,en,Fécondité,Birth intervals,pourcentage,non,47,4,2000 2006 2012 2016,2000,2016,13,oui,SRC-066,"Libre d'usage — la seule condition posée par le producteur est la citation ; ni inscription, ni restriction de rediffusion"
FE_BINT_C_I36,Previous birth interval: 36-47 months,en,Fécondité,Birth intervals,pourcentage,non,47,4,2000 2006 2012 2016,2000,2016,13,oui,SRC-066,"Libre d'usage — la seule condition posée par le producteur est la citation ; ni inscription, ni restriction de rediffusion"
FE_BINT_C_I3Y,Previous birth interval: <36 months,en,Fécondité,Birth intervals,pourcentage,non,47,4,2000 2006 2012 2016,2000,2016,13,oui,SRC-066,"Libre d'usage — la seule condition posée par le producteur est la citation ; ni inscription, ni restriction de rediffusion"
FE_BINT_C_I48,Previous birth interval: 48-59 months,en,Fécondité,Birth intervals,pourcentage,non,47,4,2000 2006 2012 2016,2000,2016,13,oui,SRC-066,"Libre d'usage — la seule condition posée par le producteur est la citation ; ni inscription, ni restriction de rediffusion"
FE_BINT_C_I60,Previous birth interval: 60+ months,en,Fécondité,Birth intervals,pourcentage,non,47,4,2000 2006 2012 2016,2000,2016,13,oui,SRC-066,"Libre d'usage — la seule condition posée par le producteur est la citation ; ni inscription, ni restriction de rediffusion"
FE_BINT_C_MED,Median birth interval (months),en,Fécondité,Birth intervals,médiane,non,47,4,2000 2006 2012 2016,2000,2016,13,oui,SRC-066,"Libre d'usage — la seule condition posée par le producteur est la citation ; ni inscription, ni restriction de rediffusion"
FE_BINT_C_NUM,Number of non-first births,en,Fécondité,Birth intervals,effectif,oui,47,4,2000 2006 2012 2016,2000,2016,13,oui,SRC-066,"Libre d'usage — la seule condition posée par le producteur est la citation ; ni inscription, ni restriction de rediffusion"
FE_BINT_C_TOT,Previous birth interval: Total,en,Fécondité,Birth intervals,pourcentage,non,47,4,2000 2006 2012 2016,2000,2016,13,oui,SRC-066,"Libre d'usage — la seule condition posée par le producteur est la citation ; ni inscription, ni restriction de rediffusion"
FE_BINT_C_UNW,Number of non-first births (unweighted),en,Fécondité,Birth intervals,effectif,oui,47,4,2000 2006 2012 2016,2000,2016,13,oui,SRC-066,"Libre d'usage — la seule condition posée par le producteur est la citation ; ni inscription, ni restriction de rediffusion"
FE_BORD_C_BO1,Births of birth order 1,en,Fécondité,Birth order,pourcentage,non,47,4,2000 2006 2012 2016,2000,2016,13,oui,SRC-066,"Libre d'usage — la seule condition posée par le producteur est la citation ; ni inscription, ni restriction de rediffusion"
FE_BORD_C_BO2,Births of birth order 2,en,Fécondité,Birth order,pourcentage,non,47,4,2000 2006 2012 2016,2000,2016,13,oui,SRC-066,"Libre d'usage — la seule condition posée par le producteur est la citation ; ni inscription, ni restriction de rediffusion"
FE_BORD_C_BO3,Births of birth order 3,en,Fécondité,Birth order,pourcentage,non,47,4,2000 2006 2012 2016,2000,2016,13,oui,SRC-066,"Libre d'usage — la seule condition posée par le producteur est la citation ; ni inscription, ni restriction de rediffusion"
FE_BORD_C_BO4,Births of birth order 4,en,Fécondité,Birth order,pourcentage,non,47,4,2000 2006 2012 2016,2000,2016,13,oui,SRC-066,"Libre d'usage — la seule condition posée par le producteur est la citation ; ni inscription, ni restriction de rediffusion"
FE_BORD_C_BO5,Births of birth order 5+,en,Fécondité,Birth order,pourcentage,non,47,4,2000 2006 2012 2016,2000,2016,13,oui,SRC-066,"Libre d'usage — la seule condition posée par le producteur est la citation ; ni inscription, ni restriction de rediffusion"
FE_BORD_C_NUM,Number of births in the 2 years preceding the survey,en,Fécondité,Birth order,effectif,oui,47,4,2000 2006 2012 2016,2000,2016,13,oui,SRC-066,"Libre d'usage — la seule condition posée par le producteur est la citation ; ni inscription, ni restriction de rediffusion"
FE_BORD_C_TOT,Births in the 2 years preceding the survey: Total,en,Fécondité,Birth order,pourcentage,non,47,4,2000 2006 2012 2016,2000,2016,13,oui,SRC-066,"Libre d'usage — la seule condition posée par le producteur est la citation ; ni inscription, ni restriction de rediffusion"
FE_BORD_C_UNW,Number of births in the 2 years preceding the survey (Unweighted),en,Fécondité,Birth order,effectif,oui,47,4,2000 2006 2012 2016,2000,2016,13,oui,SRC-066,"Libre d'usage — la seule condition posée par le producteur est la citation ; ni inscription, ni restriction de rediffusion"
FE_FRTR_W_A10,Age specific fertility rate: 10-14,en,Fécondité,Fertility rates,taux,non,47,4,2000 2006 2012 2016,2000,2016,13,oui,SRC-066,"Libre d'usage — la seule condition posée par le producteur est la citation ; ni inscription, ni restriction de rediffusion"
FE_FRTR_W_A15,Age specific fertility rate: 15-19,en,Fécondité,Fertility rates,taux,non,47,4,2000 2006 2012 2016,2000,2016,13,oui,SRC-066,"Libre d'usage — la seule condition posée par le producteur est la citation ; ni inscription, ni restriction de rediffusion"
FE_FRTR_W_A20,Age specific fertility rate: 20-24,en,Fécondité,Fertility rates,taux,non,47,4,2000 2006 2012 2016,2000,2016,13,oui,SRC-066,"Libre d'usage — la seule condition posée par le producteur est la citation ; ni inscription, ni restriction de rediffusion"
FE_FRTR_W_A25,Age specific fertility rate: 25-29,en,Fécondité,Fertility rates,taux,non,47,4,2000 2006 2012 2016,2000,2016,13,oui,SRC-066,"Libre d'usage — la seule condition posée par le producteur est la citation ; ni inscription, ni restriction de rediffusion"
FE_FRTR_W_A30,Age specific fertility rate: 30-34,en,Fécondité,Fertility rates,taux,non,47,4,2000 2006 2012 2016,2000,2016,13,oui,SRC-066,"Libre d'usage — la seule condition posée par le producteur est la citation ; ni inscription, ni restriction de rediffusion"
FE_FRTR_W_A35,Age specific fertility rate: 35-39,en,Fécondité,Fertility rates,taux,non,47,4,2000 2006 2012 2016,2000,2016,13,oui,SRC-066,"Libre d'usage — la seule condition posée par le producteur est la citation ; ni inscription, ni restriction de rediffusion"
FE_FRTR_W_A40,Age specific fertility rate: 40-44,en,Fécondité,Fertility rates,taux,non,47,4,2000 2006 2012 2016,2000,2016,13,oui,SRC-066,"Libre d'usage — la seule condition posée par le producteur est la citation ; ni inscription, ni restriction de rediffusion"
FE_FRTR_W_A45,Age specific fertility rate: 45-49,en,Fécondité,Fertility rates,taux,non,46,4,2000 2006 2012 2016,2000,2016,13,oui,SRC-066,"Libre d'usage — la seule condition posée par le producteur est la citation ; ni inscription, ni restriction de rediffusion"
FE_FRTR_W_CBR,Crude birth rate,en,Fécondité,Fertility rates,taux,non,47,4,2000 2006 2012 2016,2000,2016,13,oui,SRC-066,"Libre d'usage — la seule condition posée par le producteur est la citation ; ni inscription, ni restriction de rediffusion"
FE_FRTR_W_GFR,General fertility rate,en,Fécondité,Fertility rates,taux,non,47,4,2000 2006 2012 2016,2000,2016,13,oui,SRC-066,"Libre d'usage — la seule condition posée par le producteur est la citation ; ni inscription, ni restriction de rediffusion"
FE_FRTR_W_TF4,Total fertility rate 15-44,en,Fécondité,Fertility rates,taux,non,47,4,2000 2006 2012 2016,2000,2016,13,oui,SRC-066,"Libre d'usage — la seule condition posée par le producteur est la citation ; ni inscription, ni restriction de rediffusion"
FE_FRTR_W_TFR,Total fertility rate 15-49,en,Fécondité,Fertility rates,taux,non,47,4,2000 2006 2012 2016,2000,2016,13,oui,SRC-066,"Libre d'usage — la seule condition posée par le producteur est la citation ; ni inscription, ni restriction de rediffusion"
FE_FRTY_W_MNC,Completed fertility of women age 40-49,en,Fécondité,Fertility,moyenne,non,47,4,2000 2006 2012 2016,2000,2016,13,oui,SRC-066,"Libre d'usage — la seule condition posée par le producteur est la citation ; ni inscription, ni restriction de rediffusion"
FE_FRTY_W_N49,Number of women age 40-49,en,Fécondité,Fertility,effectif,oui,47,4,2000 2006 2012 2016,2000,2016,13,oui,SRC-066,"Libre d'usage — la seule condition posée par le producteur est la citation ; ni inscription, ni restriction de rediffusion"
FE_FRTY_W_NPG,Number of women age 15-49,en,Fécondité,Fertility,effectif,oui,47,4,2000 2006 2012 2016,2000,2016,13,oui,SRC-066,"Libre d'usage — la seule condition posée par le producteur est la citation ; ni inscription, ni restriction de rediffusion"
FE_FRTY_W_PRG,Percentage of women currently pregnant,en,Fécondité,Fertility,pourcentage,non,47,4,2000 2006 2012 2016,2000,2016,13,oui,SRC-066,"Libre d'usage — la seule condition posée par le producteur est la citation ; ni inscription, ni restriction de rediffusion"
FE_FRTY_W_U49,Number of women age 40-49 (unweighted),en,Fécondité,Fertility,effectif,oui,47,4,2000 2006 2012 2016,2000,2016,13,oui,SRC-066,"Libre d'usage — la seule condition posée par le producteur est la citation ; ni inscription, ni restriction de rediffusion"
FE_FRTY_W_UPG,Number of women age 15-49 (unweighted),en,Fécondité,Fertility,effectif,oui,47,4,2000 2006 2012 2016,2000,2016,13,oui,SRC-066,"Libre d'usage — la seule condition posée par le producteur est la citation ; ni inscription, ni restriction de rediffusion"
FE_PPID_W_MDA,Median duration postpartum amenorrheic,en,Fécondité,Postpartum insusceptibility duration,médiane,non,47,4,2000 2006 2012 2016,2000,2016,13,oui,SRC-066,"Libre d'usage — la seule condition posée par le producteur est la citation ; ni inscription, ni restriction de rediffusion"
FE_PPID_W_MDB,Median duration postpartum abstaining,en,Fécondité,Postpartum insusceptibility duration,médiane,non,47,4,2000 2006 2012 2016,2000,2016,13,oui,SRC-066,"Libre d'usage — la seule condition posée par le producteur est la citation ; ni inscription, ni restriction de rediffusion"
FE_PPID_W_MDI,Median duration postpartum insusceptible,en,Fécondité,Postpartum insusceptibility duration,médiane,non,47,4,2000 2006 2012 2016,2000,2016,13,oui,SRC-066,"Libre d'usage — la seule condition posée par le producteur est la citation ; ni inscription, ni restriction de rediffusion"
FE_TNPG_W_CBR,Teenagers who have begun childbearing,en,Fécondité,Teenage pregnancy,pourcentage,non,47,4,2000 2006 2012 2016,2000,2016,13,oui,SRC-066,"Libre d'usage — la seule condition posée par le producteur est la citation ; ni inscription, ni restriction de rediffusion"
FE_TNPG_W_LVB,Teenagers who are mothers,en,Fécondité,Teenage pregnancy,pourcentage,non,47,4,2000 2006 2012 2016,2000,2016,13,oui,SRC-066,"Libre d'usage — la seule condition posée par le producteur est la citation ; ni inscription, ni restriction de rediffusion"
FE_TNPG_W_NUM,Number of women age 15-19,en,Fécondité,Teenage pregnancy,effectif,oui,47,4,2000 2006 2012 2016,2000,2016,13,oui,SRC-066,"Libre d'usage — la seule condition posée par le producteur est la citation ; ni inscription, ni restriction de rediffusion"
FE_TNPG_W_PRG,Teenagers who are pregnant with their first child,en,Fécondité,Teenage pregnancy,pourcentage,non,47,4,2000 2006 2012 2016,2000,2016,13,oui,SRC-066,"Libre d'usage — la seule condition posée par le producteur est la citation ; ni inscription, ni restriction de rediffusion"
FE_TNPG_W_UNW,Number of women age 15-19 (unweighted),en,Fécondité,Teenage pregnancy,effectif,oui,47,4,2000 2006 2012 2016,2000,2016,13,oui,SRC-066,"Libre d'usage — la seule condition posée par le producteur est la citation ; ni inscription, ni restriction de rediffusion"
CM_ECMR_C_CMR,Child mortality rate,en,Mortalité des enfants,Early childhood mortality rates,taux,non,47,4,2000 2006 2012 2016,2000,2016,13,oui,SRC-066,"Libre d'usage — la seule condition posée par le producteur est la citation ; ni inscription, ni restriction de rediffusion"
CM_ECMR_C_IMR,Infant mortality rate,en,Mortalité des enfants,Early childhood mortality rates,taux,non,47,4,2000 2006 2012 2016,2000,2016,13,oui,SRC-066,"Libre d'usage — la seule condition posée par le producteur est la citation ; ni inscription, ni restriction de rediffusion"
CM_ECMR_C_NNR,Neonatal mortality rate,en,Mortalité des enfants,Early childhood mortality rates,taux,non,47,4,2000 2006 2012 2016,2000,2016,13,oui,SRC-066,"Libre d'usage — la seule condition posée par le producteur est la citation ; ni inscription, ni restriction de rediffusion"
CM_ECMR_C_PNR,Postneonatal mortality rate,en,Mortalité des enfants,Early childhood mortality rates,taux,non,47,4,2000 2006 2012 2016,2000,2016,13,oui,SRC-066,"Libre d'usage — la seule condition posée par le producteur est la citation ; ni inscription, ni restriction de rediffusion"
CM_ECMR_C_U5M,Under-five mortality rate,en,Mortalité des enfants,Early childhood mortality rates,taux,non,47,4,2000 2006 2012 2016,2000,2016,13,oui,SRC-066,"Libre d'usage — la seule condition posée par le producteur est la citation ; ni inscription, ni restriction de rediffusion"
CN_ANMC_C_ANY,Children with any anemia,en,Nutrition de l'enfant,Prevalence of anemia in children,pourcentage,non,47,4,2000 2006 2012 2016,2000,2016,13,oui,SRC-066,"Libre d'usage — la seule condition posée par le producteur est la citation ; ni inscription, ni restriction de rediffusion"
CN_ANMC_C_MLD,Children with mild anemia,en,Nutrition de l'enfant,Prevalence of anemia in children,pourcentage,non,47,4,2000 2006 2012 2016,2000,2016,13,oui,SRC-066,"Libre d'usage — la seule condition posée par le producteur est la citation ; ni inscription, ni restriction de rediffusion"
CN_ANMC_C_MOD,Children with moderate anemia,en,Nutrition de l'enfant,Prevalence of anemia in children,pourcentage,non,47,4,2000 2006 2012 2016,2000,2016,13,oui,SRC-066,"Libre d'usage — la seule condition posée par le producteur est la citation ; ni inscription, ni restriction de rediffusion"
CN_ANMC_C_NUM,Number of children under age 5,en,Nutrition de l'enfant,Prevalence of anemia in children,effectif,oui,47,4,2000 2006 2012 2016,2000,2016,13,oui,SRC-066,"Libre d'usage — la seule condition posée par le producteur est la citation ; ni inscription, ni restriction de rediffusion"
CN_ANMC_C_SEV,Children with severe anemia,en,Nutrition de l'enfant,Prevalence of anemia in children,pourcentage,non,47,4,2000 2006 2012 2016,2000,2016,13,oui,SRC-066,"Libre d'usage — la seule condition posée par le producteur est la citation ; ni inscription, ni restriction de rediffusion"
CN_ANMC_C_UNW,Number of children under age 5 (unweighted),en,Nutrition de l'enfant,Prevalence of anemia in children,effectif,oui,47,4,2000 2006 2012 2016,2000,2016,13,oui,SRC-066,"Libre d'usage — la seule condition posée par le producteur est la citation ; ni inscription, ni restriction de rediffusion"
CN_BFDR_C_MDA,Median duration of any breastfeeding,en,Nutrition de l'enfant,Duration of breastfeeding,médiane,non,47,4,2000 2006 2012 2016,2000,2016,13,oui,SRC-066,"Libre d'usage — la seule condition posée par le producteur est la citation ; ni inscription, ni restriction de rediffusion"
CN_BFDR_C_MDE,Median duration of exclusive breastfeeding,en,Nutrition de l'enfant,Duration of breastfeeding,médiane,non,47,4,2000 2006 2012 2016,2000,2016,13,oui,SRC-066,"Libre d'usage — la seule condition posée par le producteur est la citation ; ni inscription, ni restriction de rediffusion"
CN_BFDR_C_MDP,Median duration of predominant breastfeeding,en,Nutrition de l'enfant,Duration of breastfeeding,médiane,non,47,4,2000 2006 2012 2016,2000,2016,13,oui,SRC-066,"Libre d'usage — la seule condition posée par le producteur est la citation ; ni inscription, ni restriction de rediffusion"
CN_BRFI_C_1DY,Children who started breastfeeding within 1 day of birth,en,Nutrition de l'enfant,Initial breastfeeding,pourcentage,non,47,4,2000 2006 2012 2016,2000,2016,13,oui,SRC-066,"Libre d'usage — la seule condition posée par le producteur est la citation ; ni inscription, ni restriction de rediffusion"
CN_BRFI_C_1HR,Children who started breastfeeding within 1 hour of birth,en,Nutrition de l'enfant,Initial breastfeeding,pourcentage,non,47,4,2000 2006 2012 2016,2000,2016,13,oui,SRC-066,"Libre d'usage — la seule condition posée par le producteur est la citation ; ni inscription, ni restriction de rediffusion"
CN_BRFI_C_EVR,Children ever breastfed,en,Nutrition de l'enfant,Initial breastfeeding,pourcentage,non,47,4,2000 2006 2012 2016,2000,2016,13,oui,SRC-066,"Libre d'usage — la seule condition posée par le producteur est la citation ; ni inscription, ni restriction de rediffusion"
CN_BRFI_C_NME,Number of last-born children ever breastfed,en,Nutrition de l'enfant,Initial breastfeeding,effectif,oui,47,4,2000 2006 2012 2016,2000,2016,13,oui,SRC-066,"Libre d'usage — la seule condition posée par le producteur est la citation ; ni inscription, ni restriction de rediffusion"
CN_BRFI_C_NUM,Number of last-born children born in the last two years,en,Nutrition de l'enfant,Initial breastfeeding,effectif,oui,47,4,2000 2006 2012 2016,2000,2016,13,oui,SRC-066,"Libre d'usage — la seule condition posée par le producteur est la citation ; ni inscription, ni restriction de rediffusion"
CN_BRFI_C_PLF,Children who received a prelacteal feed,en,Nutrition de l'enfant,Initial breastfeeding,pourcentage,non,37,3,2006 2012 2016,2006,2016,13,oui,SRC-066,"Libre d'usage — la seule condition posée par le producteur est la citation ; ni inscription, ni restriction de rediffusion"
CN_BRFI_C_UNE,Number of last-born children ever breastfed (unweighted),en,Nutrition de l'enfant,Initial breastfeeding,effectif,oui,47,4,2000 2006 2012 2016,2000,2016,13,oui,SRC-066,"Libre d'usage — la seule condition posée par le producteur est la citation ; ni inscription, ni restriction de rediffusion"
CN_BRFI_C_UNW,Number of last-born children born in the last two years (unweighted),en,Nutrition de l'enfant,Initial breastfeeding,effectif,oui,47,4,2000 2006 2012 2016,2000,2016,13,oui,SRC-066,"Libre d'usage — la seule condition posée par le producteur est la citation ; ni inscription, ni restriction de rediffusion"
CN_IODZ_H_IOD,Households with iodized salt,en,Nutrition de l'enfant,Presence of iodized salt in household,pourcentage,non,47,4,2000 2006 2012 2016,2000,2016,13,oui,SRC-066,"Libre d'usage — la seule condition posée par le producteur est la citation ; ni inscription, ni restriction de rediffusion"
CN_IODZ_H_NM1,Number of households,en,Nutrition de l'enfant,Presence of iodized salt in household,effectif,oui,47,4,2000 2006 2012 2016,2000,2016,13,oui,SRC-066,"Libre d'usage — la seule condition posée par le producteur est la citation ; ni inscription, ni restriction de rediffusion"
CN_IODZ_H_NM2,Number of households with salt tested,en,Nutrition de l'enfant,Presence of iodized salt in household,effectif,oui,47,4,2000 2006 2012 2016,2000,2016,13,oui,SRC-066,"Libre d'usage — la seule condition posée par le producteur est la citation ; ni inscription, ni restriction de rediffusion"
CN_IODZ_H_NSL,Households with no salt,en,Nutrition de l'enfant,Presence of iodized salt in household,pourcentage,non,47,4,2000 2006 2012 2016,2000,2016,13,oui,SRC-066,"Libre d'usage — la seule condition posée par le producteur est la citation ; ni inscription, ni restriction de rediffusion"
CN_IODZ_H_SLN,"Households with salt, but not tested",en,Nutrition de l'enfant,Presence of iodized salt in household,pourcentage,non,37,3,2006 2012 2016,2006,2016,13,oui,SRC-066,"Libre d'usage — la seule condition posée par le producteur est la citation ; ni inscription, ni restriction de rediffusion"
CN_IODZ_H_SLT,Households with salt tested for iodine content,en,Nutrition de l'enfant,Presence of iodized salt in household,pourcentage,non,47,4,2000 2006 2012 2016,2000,2016,13,oui,SRC-066,"Libre d'usage — la seule condition posée par le producteur est la citation ; ni inscription, ni restriction de rediffusion"
CN_IODZ_H_UN1,Number of households (unweighted),en,Nutrition de l'enfant,Presence of iodized salt in household,effectif,oui,47,4,2000 2006 2012 2016,2000,2016,13,oui,SRC-066,"Libre d'usage — la seule condition posée par le producteur est la citation ; ni inscription, ni restriction de rediffusion"
CN_IODZ_H_UN2,Number of households with salt tested (unweighted),en,Nutrition de l'enfant,Presence of iodized salt in household,effectif,oui,47,4,2000 2006 2012 2016,2000,2016,13,oui,SRC-066,"Libre d'usage — la seule condition posée par le producteur est la citation ; ni inscription, ni restriction de rediffusion"
CN_IYCF_C_3PA,Children 6-23 months with 3 IYCF practices,en,Nutrition de l'enfant,Infant and young child feeding practices,pourcentage,non,25,2,2012 2016,2012,2016,13,non,SRC-066,"Libre d'usage — la seule condition posée par le producteur est la citation ; ni inscription, ni restriction de rediffusion"
CN_IYCF_C_3PN,Non-breastfed children 6-23 months with 3 IYCF practices,en,Nutrition de l'enfant,Infant and young child feeding practices,pourcentage,non,25,2,2012 2016,2012,2016,13,non,SRC-066,"Libre d'usage — la seule condition posée par le producteur est la citation ; ni inscription, ni restriction de rediffusion"
CN_IYCF_C_4FA,Children 6-23 months fed 5+ food groups,en,Nutrition de l'enfant,Infant and young child feeding practices,pourcentage,non,25,2,2012 2016,2012,2016,13,non,SRC-066,"Libre d'usage — la seule condition posée par le producteur est la citation ; ni inscription, ni restriction de rediffusion"
CN_IYCF_C_4FB,Breastfed children 6-23 months fed 5+ food groups,en,Nutrition de l'enfant,Infant and young child feeding practices,pourcentage,non,25,2,2012 2016,2012,2016,13,non,SRC-066,"Libre d'usage — la seule condition posée par le producteur est la citation ; ni inscription, ni restriction de rediffusion"
CN_IYCF_C_4FN,Non-breastfed children 6-23 months fed 5+ food groups,en,Nutrition de l'enfant,Infant and young child feeding practices,pourcentage,non,25,2,2012 2016,2012,2016,13,non,SRC-066,"Libre d'usage — la seule condition posée par le producteur est la citation ; ni inscription, ni restriction de rediffusion"
CN_IYCF_C_BTB,Breastfed children 6-23 months fed both 4+ food groups and the minimum meal frequency,en,Nutrition de l'enfant,Infant and young child feeding practices,pourcentage,non,25,2,2012 2016,2012,2016,13,non,SRC-066,"Libre d'usage — la seule condition posée par le producteur est la citation ; ni inscription, ni restriction de rediffusion"
CN_IYCF_C_MKA,"Children 6-23 months fed breastmilk, milk, or milk-products",en,Nutrition de l'enfant,Infant and young child feeding practices,pourcentage,non,25,2,2012 2016,2012,2016,13,non,SRC-066,"Libre d'usage — la seule condition posée par le producteur est la citation ; ni inscription, ni restriction de rediffusion"
CN_IYCF_C_MKN,Non-breastfed children 6-23 months fed milk or milk products,en,Nutrition de l'enfant,Infant and young child feeding practices,pourcentage,non,25,2,2012 2016,2012,2016,13,non,SRC-066,"Libre d'usage — la seule condition posée par le producteur est la citation ; ni inscription, ni restriction de rediffusion"
CN_IYCF_C_MNA,Children 6-23 months fed the minimum meal frequency,en,Nutrition de l'enfant,Infant and young child feeding practices,pourcentage,non,25,2,2012 2016,2012,2016,13,non,SRC-066,"Libre d'usage — la seule condition posée par le producteur est la citation ; ni inscription, ni restriction de rediffusion"
CN_IYCF_C_MNB,Breastfed children 6-23 months fed the minimum meal frequency,en,Nutrition de l'enfant,Infant and young child feeding practices,pourcentage,non,25,2,2012 2016,2012,2016,13,non,SRC-066,"Libre d'usage — la seule condition posée par le producteur est la citation ; ni inscription, ni restriction de rediffusion"
CN_IYCF_C_MNN,Non-breastfed children 6-23 months fed the minimum meal frequency,en,Nutrition de l'enfant,Infant and young child feeding practices,pourcentage,non,25,2,2012 2016,2012,2016,13,non,SRC-066,"Libre d'usage — la seule condition posée par le producteur est la citation ; ni inscription, ni restriction de rediffusion"
CN_IYCF_C_NMA,Number of all children 6-23 months,en,Nutrition de l'enfant,Infant and young child feeding practices,effectif,oui,25,2,2012 2016,2012,2016,13,non,SRC-066,"Libre d'usage — la seule condition posée par le producteur est la citation ; ni inscription, ni restriction de rediffusion"
CN_IYCF_C_NMB,Number of breastfed children 6-23 months,en,Nutrition de l'enfant,Infant and young child feeding practices,effectif,oui,25,2,2012 2016,2012,2016,13,non,SRC-066,"Libre d'usage — la seule condition posée par le producteur est la citation ; ni inscription, ni restriction de rediffusion"
CN_IYCF_C_NMN,Number of nonbreastfed children 6-23 months,en,Nutrition de l'enfant,Infant and young child feeding practices,effectif,oui,25,2,2012 2016,2012,2016,13,non,SRC-066,"Libre d'usage — la seule condition posée par le producteur est la citation ; ni inscription, ni restriction de rediffusion"
CN_IYCF_C_UNA,Number of all children 6-23 months (unweighted),en,Nutrition de l'enfant,Infant and young child feeding practices,effectif,oui,25,2,2012 2016,2012,2016,13,non,SRC-066,"Libre d'usage — la seule condition posée par le producteur est la citation ; ni inscription, ni restriction de rediffusion"
CN_IYCF_C_UNB,Number of breastfed children 6-23 months (unweighted),en,Nutrition de l'enfant,Infant and young child feeding practices,effectif,oui,25,2,2012 2016,2012,2016,13,non,SRC-066,"Libre d'usage — la seule condition posée par le producteur est la citation ; ni inscription, ni restriction de rediffusion"
CN_IYCF_C_UNN,Number of nonbreastfed children 6-23 months (unweighted),en,Nutrition de l'enfant,Infant and young child feeding practices,effectif,oui,25,2,2012 2016,2012,2016,13,non,SRC-066,"Libre d'usage — la seule condition posée par le producteur est la citation ; ni inscription, ni restriction de rediffusion"
CN_MIAC_C_DWM,Children given deworming medication in past 6 months,en,Nutrition de l'enfant,Micronutrient intake among children,pourcentage,non,37,3,2006 2012 2016,2006,2016,13,oui,SRC-066,"Libre d'usage — la seule condition posée par le producteur est la citation ; ni inscription, ni restriction de rediffusion"
CN_MIAC_C_IOD,Children under five living in households using adequately iodized salt,en,Nutrition de l'enfant,Micronutrient intake among children,pourcentage,non,25,2,2012 2016,2012,2016,13,non,SRC-066,"Libre d'usage — la seule condition posée par le producteur est la citation ; ni inscription, ni restriction de rediffusion"
CN_MIAC_C_IRF,Children 6-23 months that consumed foods rich in iron in the last 24 hours,en,Nutrition de l'enfant,Micronutrient intake among children,pourcentage,non,37,3,2006 2012 2016,2006,2016,13,oui,SRC-066,"Libre d'usage — la seule condition posée par le producteur est la citation ; ni inscription, ni restriction de rediffusion"
CN_MIAC_C_IRS,Children given iron supplements in past 7 days,en,Nutrition de l'enfant,Micronutrient intake among children,pourcentage,non,37,3,2006 2012 2016,2006,2016,13,oui,SRC-066,"Libre d'usage — la seule condition posée par le producteur est la citation ; ni inscription, ni restriction de rediffusion"
CN_MIAC_C_MMN,Children 6-23 months given multiple micronutrient powder in the last 7 days,en,Nutrition de l'enfant,Micronutrient intake among children,pourcentage,non,12,1,2016,2016,2016,12,non,SRC-066,"Libre d'usage — la seule condition posée par le producteur est la citation ; ni inscription, ni restriction de rediffusion"
CN_MIAC_C_NM1,Number of youngest children age 6-23 months living with mother,en,Nutrition de l'enfant,Micronutrient intake among children,effectif,oui,37,3,2006 2012 2016,2006,2016,13,oui,SRC-066,"Libre d'usage — la seule condition posée par le producteur est la citation ; ni inscription, ni restriction de rediffusion"
CN_MIAC_C_NM2,Number of children age 6-59 months,en,Nutrition de l'enfant,Micronutrient intake among children,effectif,oui,37,3,2006 2012 2016,2006,2016,13,oui,SRC-066,"Libre d'usage — la seule condition posée par le producteur est la citation ; ni inscription, ni restriction de rediffusion"
CN_MIAC_C_NM3,Number of children under five,en,Nutrition de l'enfant,Micronutrient intake among children,effectif,oui,25,2,2012 2016,2012,2016,13,non,SRC-066,"Libre d'usage — la seule condition posée par le producteur est la citation ; ni inscription, ni restriction de rediffusion"
CN_MIAC_C_NM4,Number of children age 6-23 months,en,Nutrition de l'enfant,Micronutrient intake among children,effectif,oui,12,1,2016,2016,2016,12,non,SRC-066,"Libre d'usage — la seule condition posée par le producteur est la citation ; ni inscription, ni restriction de rediffusion"
CN_MIAC_C_UN1,Number of youngest children age 6-23 months living with mother (unweighted),en,Nutrition de l'enfant,Micronutrient intake among children,effectif,oui,37,3,2006 2012 2016,2006,2016,13,oui,SRC-066,"Libre d'usage — la seule condition posée par le producteur est la citation ; ni inscription, ni restriction de rediffusion"
CN_MIAC_C_UN2,Number of children age 6-59 months (unweighted),en,Nutrition de l'enfant,Micronutrient intake among children,effectif,oui,37,3,2006 2012 2016,2006,2016,13,oui,SRC-066,"Libre d'usage — la seule condition posée par le producteur est la citation ; ni inscription, ni restriction de rediffusion"
CN_MIAC_C_UN3,Number of children under five (unweighted),en,Nutrition de l'enfant,Micronutrient intake among children,effectif,oui,37,3,2006 2012 2016,2006,2016,13,oui,SRC-066,"Libre d'usage — la seule condition posée par le producteur est la citation ; ni inscription, ni restriction de rediffusion"
CN_MIAC_C_UN4,Number of children age 6-23 months (unweighted),en,Nutrition de l'enfant,Micronutrient intake among children,effectif,oui,12,1,2016,2016,2016,12,non,SRC-066,"Libre d'usage — la seule condition posée par le producteur est la citation ; ni inscription, ni restriction de rediffusion"
CN_MIAC_C_VAF,Children 6-23 months that consumed foods rich in vitamin A in the last 24 hours,en,Nutrition de l'enfant,Micronutrient intake among children,pourcentage,non,37,3,2006 2012 2016,2006,2016,13,oui,SRC-066,"Libre d'usage — la seule condition posée par le producteur est la citation ; ni inscription, ni restriction de rediffusion"
CN_MIAC_C_VAS,Children consuming vitamin A supplements,en,Nutrition de l'enfant,Micronutrient intake among children,pourcentage,non,37,3,2006 2012 2016,2006,2016,13,oui,SRC-066,"Libre d'usage — la seule condition posée par le producteur est la citation ; ni inscription, ni restriction de rediffusion"
CN_NUTS_C_HA2,Children stunted,en,Nutrition de l'enfant,Nutritional status of children,pourcentage,non,47,4,2000 2006 2012 2016,2000,2016,13,oui,SRC-066,"Libre d'usage — la seule condition posée par le producteur est la citation ; ni inscription, ni restriction de rediffusion"
CN_NUTS_C_HA3,Children severely stunted,en,Nutrition de l'enfant,Nutritional status of children,pourcentage,non,47,4,2000 2006 2012 2016,2000,2016,13,oui,SRC-066,"Libre d'usage — la seule condition posée par le producteur est la citation ; ni inscription, ni restriction de rediffusion"
CN_NUTS_C_HAM,Mean height for age of children,en,Nutrition de l'enfant,Nutritional status of children,moyenne,non,47,4,2000 2006 2012 2016,2000,2016,13,oui,SRC-066,"Libre d'usage — la seule condition posée par le producteur est la citation ; ni inscription, ni restriction de rediffusion"
CN_NUTS_C_HAN,Number of children under age five for height-for-age,en,Nutrition de l'enfant,Nutritional status of children,effectif,oui,47,4,2000 2006 2012 2016,2000,2016,13,oui,SRC-066,"Libre d'usage — la seule condition posée par le producteur est la citation ; ni inscription, ni restriction de rediffusion"
CN_NUTS_C_HAU,Number of children under age five for height-for-age (unweighted),en,Nutrition de l'enfant,Nutritional status of children,effectif,oui,47,4,2000 2006 2012 2016,2000,2016,13,oui,SRC-066,"Libre d'usage — la seule condition posée par le producteur est la citation ; ni inscription, ni restriction de rediffusion"
CN_NUTS_C_WA2,Children underweight,en,Nutrition de l'enfant,Nutritional status of children,pourcentage,non,47,4,2000 2006 2012 2016,2000,2016,13,oui,SRC-066,"Libre d'usage — la seule condition posée par le producteur est la citation ; ni inscription, ni restriction de rediffusion"
CN_NUTS_C_WA3,Children severely underweight,en,Nutrition de l'enfant,Nutritional status of children,pourcentage,non,47,4,2000 2006 2012 2016,2000,2016,13,oui,SRC-066,"Libre d'usage — la seule condition posée par le producteur est la citation ; ni inscription, ni restriction de rediffusion"
CN_NUTS_C_WAM,Mean weight for age of children,en,Nutrition de l'enfant,Nutritional status of children,moyenne,non,47,4,2000 2006 2012 2016,2000,2016,13,oui,SRC-066,"Libre d'usage — la seule condition posée par le producteur est la citation ; ni inscription, ni restriction de rediffusion"
CN_NUTS_C_WAN,Number of children under age five for weight-for-age,en,Nutrition de l'enfant,Nutritional status of children,effectif,oui,47,4,2000 2006 2012 2016,2000,2016,13,oui,SRC-066,"Libre d'usage — la seule condition posée par le producteur est la citation ; ni inscription, ni restriction de rediffusion"
CN_NUTS_C_WAP,Children overweight for their age,en,Nutrition de l'enfant,Nutritional status of children,pourcentage,non,47,4,2000 2006 2012 2016,2000,2016,13,oui,SRC-066,"Libre d'usage — la seule condition posée par le producteur est la citation ; ni inscription, ni restriction de rediffusion"
CN_NUTS_C_WAU,Number of children under age five for weight-for-age (unweighted),en,Nutrition de l'enfant,Nutritional status of children,effectif,oui,47,4,2000 2006 2012 2016,2000,2016,13,oui,SRC-066,"Libre d'usage — la seule condition posée par le producteur est la citation ; ni inscription, ni restriction de rediffusion"
CN_NUTS_C_WH2,Children wasted,en,Nutrition de l'enfant,Nutritional status of children,pourcentage,non,47,4,2000 2006 2012 2016,2000,2016,13,oui,SRC-066,"Libre d'usage — la seule condition posée par le producteur est la citation ; ni inscription, ni restriction de rediffusion"
CN_NUTS_C_WH3,Children severely wasted,en,Nutrition de l'enfant,Nutritional status of children,pourcentage,non,47,4,2000 2006 2012 2016,2000,2016,13,oui,SRC-066,"Libre d'usage — la seule condition posée par le producteur est la citation ; ni inscription, ni restriction de rediffusion"
CN_NUTS_C_WHM,Mean weight for height of children,en,Nutrition de l'enfant,Nutritional status of children,moyenne,non,47,4,2000 2006 2012 2016,2000,2016,13,oui,SRC-066,"Libre d'usage — la seule condition posée par le producteur est la citation ; ni inscription, ni restriction de rediffusion"
CN_NUTS_C_WHN,Number of children under age five for weight-for-height,en,Nutrition de l'enfant,Nutritional status of children,effectif,oui,47,4,2000 2006 2012 2016,2000,2016,13,oui,SRC-066,"Libre d'usage — la seule condition posée par le producteur est la citation ; ni inscription, ni restriction de rediffusion"
CN_NUTS_C_WHP,Children overweight,en,Nutrition de l'enfant,Nutritional status of children,pourcentage,non,47,4,2000 2006 2012 2016,2000,2016,13,oui,SRC-066,"Libre d'usage — la seule condition posée par le producteur est la citation ; ni inscription, ni restriction de rediffusion"
CN_NUTS_C_WHU,Number of children under age five for weight-for-height (unweighted),en,Nutrition de l'enfant,Nutritional status of children,effectif,oui,47,4,2000 2006 2012 2016,2000,2016,13,oui,SRC-066,"Libre d'usage — la seule condition posée par le producteur est la citation ; ni inscription, ni restriction de rediffusion"
CN_THSF_C_NUM,Number of children 6-35 months,en,Nutrition de l'enfant,Therapeutic and supplemental foods,effectif,oui,12,1,2016,2016,2016,12,non,SRC-066,"Libre d'usage — la seule condition posée par le producteur est la citation ; ni inscription, ni restriction de rediffusion"
CN_THSF_C_PLD,Children who received PLUMPY' DOZ in the past 7 days,en,Nutrition de l'enfant,Therapeutic and supplemental foods,pourcentage,non,12,1,2016,2016,2016,12,non,SRC-066,"Libre d'usage — la seule condition posée par le producteur est la citation ; ni inscription, ni restriction de rediffusion"
CN_THSF_C_PLN,Children who received PLUMPY' NUT in the past 7 days,en,Nutrition de l'enfant,Therapeutic and supplemental foods,pourcentage,non,12,1,2016,2016,2016,12,non,SRC-066,"Libre d'usage — la seule condition posée par le producteur est la citation ; ni inscription, ni restriction de rediffusion"
CN_THSF_C_UNW,Number of children 6-35 months (unweighted),en,Nutrition de l'enfant,Therapeutic and supplemental foods,effectif,oui,12,1,2016,2016,2016,12,non,SRC-066,"Libre d'usage — la seule condition posée par le producteur est la citation ; ni inscription, ni restriction de rediffusion"
AN_ANEM_M_ANY,Men with any anemia,en,Nutrition des adultes,Prevalence of anemia,pourcentage,non,25,2,2006 2012,2006,2012,13,non,SRC-066,"Libre d'usage — la seule condition posée par le producteur est la citation ; ni inscription, ni restriction de rediffusion"
AN_ANEM_M_NUM,Number of men,en,Nutrition des adultes,Prevalence of anemia,effectif,oui,25,2,2006 2012,2006,2012,13,non,SRC-066,"Libre d'usage — la seule condition posée par le producteur est la citation ; ni inscription, ni restriction de rediffusion"
AN_ANEM_M_UNW,Number of men (unweighted),en,Nutrition des adultes,Prevalence of anemia,effectif,oui,25,2,2006 2012,2006,2012,13,non,SRC-066,"Libre d'usage — la seule condition posée par le producteur est la citation ; ni inscription, ni restriction de rediffusion"
AN_ANEM_W_ANY,Women with any anemia,en,Nutrition des adultes,Prevalence of anemia,pourcentage,non,47,4,2000 2006 2012 2016,2000,2016,13,oui,SRC-066,"Libre d'usage — la seule condition posée par le producteur est la citation ; ni inscription, ni restriction de rediffusion"
AN_ANEM_W_MLD,Women with mild anemia,en,Nutrition des adultes,Prevalence of anemia,pourcentage,non,47,4,2000 2006 2012 2016,2000,2016,13,oui,SRC-066,"Libre d'usage — la seule condition posée par le producteur est la citation ; ni inscription, ni restriction de rediffusion"
AN_ANEM_W_MOD,Women with moderate anemia,en,Nutrition des adultes,Prevalence of anemia,pourcentage,non,47,4,2000 2006 2012 2016,2000,2016,13,oui,SRC-066,"Libre d'usage — la seule condition posée par le producteur est la citation ; ni inscription, ni restriction de rediffusion"
AN_ANEM_W_NUM,Number of women,en,Nutrition des adultes,Prevalence of anemia,effectif,oui,47,4,2000 2006 2012 2016,2000,2016,13,oui,SRC-066,"Libre d'usage — la seule condition posée par le producteur est la citation ; ni inscription, ni restriction de rediffusion"
AN_ANEM_W_SEV,Women with severe anemia,en,Nutrition des adultes,Prevalence of anemia,pourcentage,non,47,4,2000 2006 2012 2016,2000,2016,13,oui,SRC-066,"Libre d'usage — la seule condition posée par le producteur est la citation ; ni inscription, ni restriction de rediffusion"
AN_ANEM_W_UNW,Number of women (unweighted),en,Nutrition des adultes,Prevalence of anemia,effectif,oui,47,4,2000 2006 2012 2016,2000,2016,13,oui,SRC-066,"Libre d'usage — la seule condition posée par le producteur est la citation ; ni inscription, ni restriction de rediffusion"
AN_MIAM_W_90P,Women with a birth in the past five years who took iron tablets or syrup for 90+ days,en,Nutrition des adultes,Micronutrient intake among mothers,pourcentage,non,37,3,2006 2012 2016,2006,2016,13,oui,SRC-066,"Libre d'usage — la seule condition posée par le producteur est la citation ; ni inscription, ni restriction de rediffusion"
AN_MIAM_W_DKM,Women with a birth in the past five years with 'Don't know' or missing information on iron tablets or syrup,en,Nutrition des adultes,Micronutrient intake among mothers,pourcentage,non,37,3,2006 2012 2016,2006,2016,13,oui,SRC-066,"Libre d'usage — la seule condition posée par le producteur est la citation ; ni inscription, ni restriction de rediffusion"
AN_MIAM_W_DWM,Women with a birth in the past five years who took deworming medication during pregnancy of last birth,en,Nutrition des adultes,Micronutrient intake among mothers,pourcentage,non,37,3,2006 2012 2016,2006,2016,13,oui,SRC-066,"Libre d'usage — la seule condition posée par le producteur est la citation ; ni inscription, ni restriction de rediffusion"
AN_MIAM_W_IOD,Women living in households using adequately iodized salt,en,Nutrition des adultes,Micronutrient intake among mothers,pourcentage,non,25,2,2012 2016,2012,2016,13,non,SRC-066,"Libre d'usage — la seule condition posée par le producteur est la citation ; ni inscription, ni restriction de rediffusion"
AN_MIAM_W_L60,Women with a birth in the past five years who took iron tablets or syrup for <60 days,en,Nutrition des adultes,Micronutrient intake among mothers,pourcentage,non,37,3,2006 2012 2016,2006,2016,13,oui,SRC-066,"Libre d'usage — la seule condition posée par le producteur est la citation ; ni inscription, ni restriction de rediffusion"
AN_MIAM_W_L89,Women with a birth in the past five years who took iron tablets or syrup for 60-89 days,en,Nutrition des adultes,Micronutrient intake among mothers,pourcentage,non,37,3,2006 2012 2016,2006,2016,13,oui,SRC-066,"Libre d'usage — la seule condition posée par le producteur est la citation ; ni inscription, ni restriction de rediffusion"
AN_MIAM_W_NBA,Women with a birth in the past five years suffering from night blindness during pregnancy (reported),en,Nutrition des adultes,Micronutrient intake among mothers,pourcentage,non,12,1,2006,2006,2006,12,non,SRC-066,"Libre d'usage — la seule condition posée par le producteur est la citation ; ni inscription, ni restriction de rediffusion"
AN_MIAM_W_NBR,Women with a birth in the past five years suffering from night blindness during pregnancy (adjusted),en,Nutrition des adultes,Micronutrient intake among mothers,pourcentage,non,12,1,2006,2006,2006,12,non,SRC-066,"Libre d'usage — la seule condition posée par le producteur est la citation ; ni inscription, ni restriction de rediffusion"
AN_MIAM_W_NM1,Number of women with a birth in the past five years living in households tested for iodized salt,en,Nutrition des adultes,Micronutrient intake among mothers,effectif,oui,25,2,2012 2016,2012,2016,13,non,SRC-066,"Libre d'usage — la seule condition posée par le producteur est la citation ; ni inscription, ni restriction de rediffusion"
AN_MIAM_W_NON,Women with a birth in the past five years who took no iron tablets or syrup,en,Nutrition des adultes,Micronutrient intake among mothers,pourcentage,non,37,3,2006 2012 2016,2006,2016,13,oui,SRC-066,"Libre d'usage — la seule condition posée par le producteur est la citation ; ni inscription, ni restriction de rediffusion"
AN_MIAM_W_NUM,Number of women with a birth in the past five years,en,Nutrition des adultes,Micronutrient intake among mothers,effectif,oui,37,3,2006 2012 2016,2006,2016,13,oui,SRC-066,"Libre d'usage — la seule condition posée par le producteur est la citation ; ni inscription, ni restriction de rediffusion"
AN_MIAM_W_TOT,Women with a birth in the past five years: Total,en,Nutrition des adultes,Micronutrient intake among mothers,pourcentage,non,37,3,2006 2012 2016,2006,2016,13,oui,SRC-066,"Libre d'usage — la seule condition posée par le producteur est la citation ; ni inscription, ni restriction de rediffusion"
AN_MIAM_W_UN1,Number of women with a birth in the past five years living in households tested for iodized salt (unweighted),en,Nutrition des adultes,Micronutrient intake among mothers,effectif,oui,37,3,2006 2012 2016,2006,2016,13,oui,SRC-066,"Libre d'usage — la seule condition posée par le producteur est la citation ; ni inscription, ni restriction de rediffusion"
AN_MIAM_W_UNW,Number of women with a birth in the past five years (unweighted),en,Nutrition des adultes,Micronutrient intake among mothers,effectif,oui,37,3,2006 2012 2016,2006,2016,13,oui,SRC-066,"Libre d'usage — la seule condition posée par le producteur est la citation ; ni inscription, ni restriction de rediffusion"
AN_MIAM_W_VAP,Women with a birth in the past five years who received a vitamin A dose in the first two months after delivery,en,Nutrition des adultes,Micronutrient intake among mothers,pourcentage,non,25,2,2006 2012,2006,2012,13,non,SRC-066,"Libre d'usage — la seule condition posée par le producteur est la citation ; ni inscription, ni restriction de rediffusion"
AN_NUTS_W_BMI,Mean Body Mass Index (BMI) for women,en,Nutrition des adultes,Nutritional status,moyenne,non,47,4,2000 2006 2012 2016,2000,2016,13,oui,SRC-066,"Libre d'usage — la seule condition posée par le producteur est la citation ; ni inscription, ni restriction de rediffusion"
AN_NUTS_W_NM1,Number of women,en,Nutrition des adultes,Nutritional status,effectif,oui,47,4,2000 2006 2012 2016,2000,2016,13,oui,SRC-066,"Libre d'usage — la seule condition posée par le producteur est la citation ; ni inscription, ni restriction de rediffusion"
AN_NUTS_W_NRM,Women with normal BMI (18.5-24.9),en,Nutrition des adultes,Nutritional status,pourcentage,non,47,4,2000 2006 2012 2016,2000,2016,13,oui,SRC-066,"Libre d'usage — la seule condition posée par le producteur est la citation ; ni inscription, ni restriction de rediffusion"
AN_NUTS_W_NUM,Number of women,en,Nutrition des adultes,Nutritional status,effectif,oui,47,4,2000 2006 2012 2016,2000,2016,13,oui,SRC-066,"Libre d'usage — la seule condition posée par le producteur est la citation ; ni inscription, ni restriction de rediffusion"
AN_NUTS_W_OBS,Women who are obese according to BMI (>=30.0),en,Nutrition des adultes,Nutritional status,pourcentage,non,47,4,2000 2006 2012 2016,2000,2016,13,oui,SRC-066,"Libre d'usage — la seule condition posée par le producteur est la citation ; ni inscription, ni restriction de rediffusion"
AN_NUTS_W_OVW,Women who are overweight according to BMI (25.0-29.9),en,Nutrition des adultes,Nutritional status,pourcentage,non,47,4,2000 2006 2012 2016,2000,2016,13,oui,SRC-066,"Libre d'usage — la seule condition posée par le producteur est la citation ; ni inscription, ni restriction de rediffusion"
AN_NUTS_W_OWT,Women who are overweight or obese according to BMI (>=25.0),en,Nutrition des adultes,Nutritional status,pourcentage,non,47,4,2000 2006 2012 2016,2000,2016,13,oui,SRC-066,"Libre d'usage — la seule condition posée par le producteur est la citation ; ni inscription, ni restriction de rediffusion"
AN_NUTS_W_SHT,Women with height below 145 cm,en,Nutrition des adultes,Nutritional status,pourcentage,non,47,4,2000 2006 2012 2016,2000,2016,13,oui,SRC-066,"Libre d'usage — la seule condition posée par le producteur est la citation ; ni inscription, ni restriction de rediffusion"
AN_NUTS_W_TH1,Women who are mildly thin according to BMI (17.0-18.4),en,Nutrition des adultes,Nutritional status,pourcentage,non,47,4,2000 2006 2012 2016,2000,2016,13,oui,SRC-066,"Libre d'usage — la seule condition posée par le producteur est la citation ; ni inscription, ni restriction de rediffusion"
AN_NUTS_W_TH2,Women who are moderately thin according to BMI (<17.0),en,Nutrition des adultes,Nutritional status,pourcentage,non,47,4,2000 2006 2012 2016,2000,2016,13,oui,SRC-066,"Libre d'usage — la seule condition posée par le producteur est la citation ; ni inscription, ni restriction de rediffusion"
AN_NUTS_W_THN,Women who are thin according to BMI (<18.5),en,Nutrition des adultes,Nutritional status,pourcentage,non,47,4,2000 2006 2012 2016,2000,2016,13,oui,SRC-066,"Libre d'usage — la seule condition posée par le producteur est la citation ; ni inscription, ni restriction de rediffusion"
AN_NUTS_W_UN1,Number of women (unweighted),en,Nutrition des adultes,Nutritional status,effectif,oui,47,4,2000 2006 2012 2016,2000,2016,13,oui,SRC-066,"Libre d'usage — la seule condition posée par le producteur est la citation ; ni inscription, ni restriction de rediffusion"
AN_NUTS_W_UNW,Number of women (unweighted),en,Nutrition des adultes,Nutritional status,effectif,oui,47,4,2000 2006 2012 2016,2000,2016,13,oui,SRC-066,"Libre d'usage — la seule condition posée par le producteur est la citation ; ni inscription, ni restriction de rediffusion"
ML_AMLD_C_UNW,Number of children under age five with fever that received any anti-malarial drugs (unweighted),en,Paludisme,Type of antimalarial drugs used,effectif,oui,9,1,2016,2016,2016,9,non,SRC-066,"Libre d'usage — la seule condition posée par le producteur est la citation ; ni inscription, ni restriction de rediffusion"
ML_CMLT_C_ANM,Children tested for anemia,en,Paludisme,Coverage of testing for anemia and malaria in children,pourcentage,non,25,2,2012 2016,2012,2016,13,non,SRC-066,"Libre d'usage — la seule condition posée par le producteur est la citation ; ni inscription, ni restriction de rediffusion"
ML_CMLT_C_NUM,Number of children age 6-59 months,en,Paludisme,Coverage of testing for anemia and malaria in children,effectif,oui,25,2,2012 2016,2012,2016,13,non,SRC-066,"Libre d'usage — la seule condition posée par le producteur est la citation ; ni inscription, ni restriction de rediffusion"
ML_FEVR_C_FEV,Children under 5 with fever in the last two weeks,en,Paludisme,Prevalence of children with fever,pourcentage,non,25,2,2012 2016,2012,2016,13,non,SRC-066,"Libre d'usage — la seule condition posée par le producteur est la citation ; ni inscription, ni restriction de rediffusion"
ML_FEVR_C_NUM,Number of children under 5,en,Paludisme,Prevalence of children with fever,effectif,oui,25,2,2012 2016,2012,2016,13,non,SRC-066,"Libre d'usage — la seule condition posée par le producteur est la citation ; ni inscription, ni restriction de rediffusion"
ML_FEVR_C_UNW,Number of children under 5 (unweighted),en,Paludisme,Prevalence of children with fever,effectif,oui,25,2,2012 2016,2012,2016,13,non,SRC-066,"Libre d'usage — la seule condition posée par le producteur est la citation ; ni inscription, ni restriction de rediffusion"
ML_FEVT_C_ADS,Children with fever for whom advice or treatment was sought the same or the next day,en,Paludisme,Diagnosis and treatment of children with fever,pourcentage,non,12,1,2016,2016,2016,12,non,SRC-066,"Libre d'usage — la seule condition posée par le producteur est la citation ; ni inscription, ni restriction de rediffusion"
ML_FEVT_C_ADV,Children with fever for whom advice or treatment was sought,en,Paludisme,Diagnosis and treatment of children with fever,pourcentage,non,25,2,2012 2016,2012,2016,13,non,SRC-066,"Libre d'usage — la seule condition posée par le producteur est la citation ; ni inscription, ni restriction de rediffusion"
ML_FEVT_C_AML,Children with fever who took antimalarial drugs,en,Paludisme,Diagnosis and treatment of children with fever,pourcentage,non,12,1,2016,2016,2016,12,non,SRC-066,"Libre d'usage — la seule condition posée par le producteur est la citation ; ni inscription, ni restriction de rediffusion"
ML_FEVT_C_AMS,Children with fever who took antimalarial drugs the same day or next day,en,Paludisme,Diagnosis and treatment of children with fever,pourcentage,non,12,1,2016,2016,2016,12,non,SRC-066,"Libre d'usage — la seule condition posée par le producteur est la citation ; ni inscription, ni restriction de rediffusion"
ML_FEVT_C_BLD,Children with fever who had blood taken from a finger or heel for testing,en,Paludisme,Diagnosis and treatment of children with fever,pourcentage,non,25,2,2012 2016,2012,2016,13,non,SRC-066,"Libre d'usage — la seule condition posée par le producteur est la citation ; ni inscription, ni restriction de rediffusion"
ML_FEVT_C_NUM,Number of children under age five with fever in the last two weeks,en,Paludisme,Diagnosis and treatment of children with fever,effectif,oui,25,2,2012 2016,2012,2016,13,non,SRC-066,"Libre d'usage — la seule condition posée par le producteur est la citation ; ni inscription, ni restriction de rediffusion"
ML_FEVT_C_UNW,Number of children under age five with fever in the last two weeks (unweighted),en,Paludisme,Diagnosis and treatment of children with fever,effectif,oui,25,2,2012 2016,2012,2016,13,non,SRC-066,"Libre d'usage — la seule condition posée par le producteur est la citation ; ni inscription, ni restriction de rediffusion"
ML_HEMO_C_HL8,Children with hemoglobin lower than 8.0 g/dl,en,Paludisme,Hemoglobin <8.0 g/dl in children,pourcentage,non,25,2,2012 2016,2012,2016,13,non,SRC-066,"Libre d'usage — la seule condition posée par le producteur est la citation ; ni inscription, ni restriction de rediffusion"
ML_HEMO_C_NUM,Number of children age 6-59 months,en,Paludisme,Hemoglobin <8.0 g/dl in children,effectif,oui,25,2,2012 2016,2012,2016,13,non,SRC-066,"Libre d'usage — la seule condition posée par le producteur est la citation ; ni inscription, ni restriction de rediffusion"
ML_HEMO_C_UNW,Number of children age 6-59 months (unweighted),en,Paludisme,Hemoglobin <8.0 g/dl in children,effectif,oui,25,2,2012 2016,2012,2016,13,non,SRC-066,"Libre d'usage — la seule condition posée par le producteur est la citation ; ni inscription, ni restriction de rediffusion"
ML_IRSM_H_I2I,Households with at least one insecticide-treated mosquito net (ITN) for every two persons and/or indoor residual spraying (IRS) in the past 12 months,en,Paludisme,Indoor residual spraying against mosquitoes,pourcentage,non,25,2,2012 2016,2012,2016,13,non,SRC-066,"Libre d'usage — la seule condition posée par le producteur est la citation ; ni inscription, ni restriction de rediffusion"
ML_IRSM_H_IIR,Households with at least one insecticide-treated mosquito net (ITN) and/or indoor residual spraying (IRS) in the past 12 months,en,Paludisme,Indoor residual spraying against mosquitoes,pourcentage,non,25,2,2012 2016,2012,2016,13,non,SRC-066,"Libre d'usage — la seule condition posée par le producteur est la citation ; ni inscription, ni restriction de rediffusion"
ML_IRSM_H_IRS,Households with indoor residual spraying (IRS) in last 12 months,en,Paludisme,Indoor residual spraying against mosquitoes,pourcentage,non,25,2,2012 2016,2012,2016,13,non,SRC-066,"Libre d'usage — la seule condition posée par le producteur est la citation ; ni inscription, ni restriction de rediffusion"
ML_IRSM_H_NUM,Number of households,en,Paludisme,Indoor residual spraying against mosquitoes,effectif,oui,25,2,2012 2016,2012,2016,13,non,SRC-066,"Libre d'usage — la seule condition posée par le producteur est la citation ; ni inscription, ni restriction de rediffusion"
ML_IRSM_H_UNW,Number of households (unweighted),en,Paludisme,Indoor residual spraying against mosquitoes,effectif,oui,25,2,2012 2016,2012,2016,13,non,SRC-066,"Libre d'usage — la seule condition posée par le producteur est la citation ; ni inscription, ni restriction de rediffusion"
ML_ITNA_P_ACC,Persons with access to an insecticide-treated mosquito net (ITN),en,Paludisme,Access to an insecticide-treated net,pourcentage,non,25,2,2012 2016,2012,2016,13,non,SRC-066,"Libre d'usage — la seule condition posée par le producteur est la citation ; ni inscription, ni restriction de rediffusion"
ML_ITNA_P_NUM,Number of persons,en,Paludisme,Access to an insecticide-treated net,effectif,oui,25,2,2012 2016,2012,2016,13,non,SRC-066,"Libre d'usage — la seule condition posée par le producteur est la citation ; ni inscription, ni restriction de rediffusion"
ML_ITNA_P_UNW,Number of persons (unweighted),en,Paludisme,Access to an insecticide-treated net,effectif,oui,25,2,2012 2016,2012,2016,13,non,SRC-066,"Libre d'usage — la seule condition posée par le producteur est la citation ; ni inscription, ni restriction de rediffusion"
ML_ITNU_N_ITN,Existing insecticide-treated mosquito nets (ITNs) used last night,en,Paludisme,Use of existing ITNs,pourcentage,non,25,2,2012 2016,2012,2016,13,non,SRC-066,"Libre d'usage — la seule condition posée par le producteur est la citation ; ni inscription, ni restriction de rediffusion"
ML_ITNU_N_NUM,Number of insecticide-treated mosquito nets (ITNs),en,Paludisme,Use of existing ITNs,effectif,oui,25,2,2012 2016,2012,2016,13,non,SRC-066,"Libre d'usage — la seule condition posée par le producteur est la citation ; ni inscription, ni restriction de rediffusion"
ML_ITNU_N_UNW,Number of insecticide-treated mosquito nets (ITNs) (unweighted),en,Paludisme,Use of existing ITNs,effectif,oui,25,2,2012 2016,2012,2016,13,non,SRC-066,"Libre d'usage — la seule condition posée par le producteur est la citation ; ni inscription, ni restriction de rediffusion"
ML_NETC_C_ANY,Children under 5 who slept under any net,en,Paludisme,Use of mosquito nets by children,pourcentage,non,25,2,2012 2016,2012,2016,13,non,SRC-066,"Libre d'usage — la seule condition posée par le producteur est la citation ; ni inscription, ni restriction de rediffusion"
ML_NETC_C_IT1,Children under 5 who slept under an insecticide-treated mosquito net (ITN) last night of those living in a household with at least one ITN,en,Paludisme,Use of mosquito nets by children,pourcentage,non,25,2,2012 2016,2012,2016,13,non,SRC-066,"Libre d'usage — la seule condition posée par le producteur est la citation ; ni inscription, ni restriction de rediffusion"
ML_NETC_C_ITI,Children under 5 who slept under an insecticide-treated net (ITN) or in a dwelling sprayed with indoor residual spraying (IRS) in the past 12 months,en,Paludisme,Use of mosquito nets by children,pourcentage,non,25,2,2012 2016,2012,2016,13,non,SRC-066,"Libre d'usage — la seule condition posée par le producteur est la citation ; ni inscription, ni restriction de rediffusion"
ML_NETC_C_ITN,Children under 5 who slept under an insecticide-treated net (ITN),en,Paludisme,Use of mosquito nets by children,pourcentage,non,25,2,2012 2016,2012,2016,13,non,SRC-066,"Libre d'usage — la seule condition posée par le producteur est la citation ; ni inscription, ni restriction de rediffusion"
ML_NETC_C_LLN,Children under 5 who slept under a long-lasting insecticide-treated net (LLIN),en,Paludisme,Use of mosquito nets by children,pourcentage,non,13,1,2012,2012,2012,13,non,SRC-066,"Libre d'usage — la seule condition posée par le producteur est la citation ; ni inscription, ni restriction de rediffusion"
ML_NETC_C_NM1,Number of children under 5 in households with at least one insecticide-treated mosquito net (ITN),en,Paludisme,Use of mosquito nets by children,effectif,oui,25,2,2012 2016,2012,2016,13,non,SRC-066,"Libre d'usage — la seule condition posée par le producteur est la citation ; ni inscription, ni restriction de rediffusion"
ML_NETC_C_NUM,Number of children under 5,en,Paludisme,Use of mosquito nets by children,effectif,oui,25,2,2012 2016,2012,2016,13,non,SRC-066,"Libre d'usage — la seule condition posée par le producteur est la citation ; ni inscription, ni restriction de rediffusion"
ML_NETC_C_UN1,Number of children under 5 in households with at least one insecticide-treated mosquito net (ITN) (unweighted),en,Paludisme,Use of mosquito nets by children,effectif,oui,25,2,2012 2016,2012,2016,13,non,SRC-066,"Libre d'usage — la seule condition posée par le producteur est la citation ; ni inscription, ni restriction de rediffusion"
ML_NETC_C_UNW,Number of children under 5 (unweighted),en,Paludisme,Use of mosquito nets by children,effectif,oui,25,2,2012 2016,2012,2016,13,non,SRC-066,"Libre d'usage — la seule condition posée par le producteur est la citation ; ni inscription, ni restriction de rediffusion"
ML_NETP_H_IT2,Households with at least one insecticide-treated mosquito net (ITN) for every two persons who stayed in the household the previous night,en,Paludisme,Household possession of mosquito nets,pourcentage,non,25,2,2012 2016,2012,2016,13,non,SRC-066,"Libre d'usage — la seule condition posée par le producteur est la citation ; ni inscription, ni restriction de rediffusion"
ML_NETP_H_ITN,Households with at least one insecticide-treated mosquito net (ITN),en,Paludisme,Household possession of mosquito nets,pourcentage,non,25,2,2012 2016,2012,2016,13,non,SRC-066,"Libre d'usage — la seule condition posée par le producteur est la citation ; ni inscription, ni restriction de rediffusion"
ML_NETP_H_LL2,Households with at least one long-lasting insecticidal net (LLIN) for every two persons who stayed in the household the previous night,en,Paludisme,Household possession of mosquito nets,pourcentage,non,13,1,2012,2012,2012,13,non,SRC-066,"Libre d'usage — la seule condition posée par le producteur est la citation ; ni inscription, ni restriction de rediffusion"
ML_NETP_H_LLN,Households with at least one long-lasting insecticidal net (LLIN),en,Paludisme,Household possession of mosquito nets,pourcentage,non,13,1,2012,2012,2012,13,non,SRC-066,"Libre d'usage — la seule condition posée par le producteur est la citation ; ni inscription, ni restriction de rediffusion"
ML_NETP_H_MNI,Mean number of insecticide-treated mosquito nets (ITNs) per household,en,Paludisme,Household possession of mosquito nets,moyenne,non,25,2,2012 2016,2012,2016,13,non,SRC-066,"Libre d'usage — la seule condition posée par le producteur est la citation ; ni inscription, ni restriction de rediffusion"
ML_NETP_H_MNL,Mean number of long-lasting insecticide-treated mosquito nets (LLINs) per household,en,Paludisme,Household possession of mosquito nets,moyenne,non,13,1,2012,2012,2012,13,non,SRC-066,"Libre d'usage — la seule condition posée par le producteur est la citation ; ni inscription, ni restriction de rediffusion"
ML_NETP_H_MNM,Mean number of mosquito nets per household,en,Paludisme,Household possession of mosquito nets,moyenne,non,25,2,2012 2016,2012,2016,13,non,SRC-066,"Libre d'usage — la seule condition posée par le producteur est la citation ; ni inscription, ni restriction de rediffusion"
ML_NETP_H_MOS,Households with at least one mosquito net,en,Paludisme,Household possession of mosquito nets,pourcentage,non,25,2,2012 2016,2012,2016,13,non,SRC-066,"Libre d'usage — la seule condition posée par le producteur est la citation ; ni inscription, ni restriction de rediffusion"
ML_NETP_H_MS2,Households with at least one mosquito net for every two persons who stayed in the household the previous night,en,Paludisme,Household possession of mosquito nets,pourcentage,non,25,2,2012 2016,2012,2016,13,non,SRC-066,"Libre d'usage — la seule condition posée par le producteur est la citation ; ni inscription, ni restriction de rediffusion"
ML_NETP_H_NM2,Number of households with a least one person who stayed in the household last night,en,Paludisme,Household possession of mosquito nets,effectif,oui,25,2,2012 2016,2012,2016,13,non,SRC-066,"Libre d'usage — la seule condition posée par le producteur est la citation ; ni inscription, ni restriction de rediffusion"
ML_NETP_H_NUM,Number of households,en,Paludisme,Household possession of mosquito nets,effectif,oui,25,2,2012 2016,2012,2016,13,non,SRC-066,"Libre d'usage — la seule condition posée par le producteur est la citation ; ni inscription, ni restriction de rediffusion"
ML_NETP_H_UN2,Number of households with a least one person who stayed in the household last night (unweighted),en,Paludisme,Household possession of mosquito nets,effectif,oui,25,2,2012 2016,2012,2016,13,non,SRC-066,"Libre d'usage — la seule condition posée par le producteur est la citation ; ni inscription, ni restriction de rediffusion"
ML_NETP_H_UNW,Number of households (unweighted),en,Paludisme,Household possession of mosquito nets,effectif,oui,25,2,2012 2016,2012,2016,13,non,SRC-066,"Libre d'usage — la seule condition posée par le producteur est la citation ; ni inscription, ni restriction de rediffusion"
ML_NETU_P_ANY,Population who slept under any net last night,en,Paludisme,Use of mosquito nets by persons in the household,pourcentage,non,25,2,2012 2016,2012,2016,13,non,SRC-066,"Libre d'usage — la seule condition posée par le producteur est la citation ; ni inscription, ni restriction de rediffusion"
ML_NETU_P_IT1,Population who slept under an insecticide-treated mosquito net (ITN) last night of those living in a household with at least one insecticide-treated mosquito net (ITN),en,Paludisme,Use of mosquito nets by persons in the household,pourcentage,non,25,2,2012 2016,2012,2016,13,non,SRC-066,"Libre d'usage — la seule condition posée par le producteur est la citation ; ni inscription, ni restriction de rediffusion"
ML_NETU_P_ITI,Population who slept under an insecticide-treated mosquito net (ITN) last night or in a dwelling sprayed with indoor residual spraying (IRS) in the past 12 months,en,Paludisme,Use of mosquito nets by persons in the household,pourcentage,non,25,2,2012 2016,2012,2016,13,non,SRC-066,"Libre d'usage — la seule condition posée par le producteur est la citation ; ni inscription, ni restriction de rediffusion"
ML_NETU_P_ITN,Population who slept under an insecticide-treated mosquito net (ITN) last night,en,Paludisme,Use of mosquito nets by persons in the household,pourcentage,non,25,2,2012 2016,2012,2016,13,non,SRC-066,"Libre d'usage — la seule condition posée par le producteur est la citation ; ni inscription, ni restriction de rediffusion"
ML_NETU_P_LLN,Population who slept under an LLIN last night,en,Paludisme,Use of mosquito nets by persons in the household,pourcentage,non,13,1,2012,2012,2012,13,non,SRC-066,"Libre d'usage — la seule condition posée par le producteur est la citation ; ni inscription, ni restriction de rediffusion"
ML_NETU_P_NM1,Number of persons living in a household with at least one insecticide-treated mosquito net (ITN),en,Paludisme,Use of mosquito nets by persons in the household,effectif,oui,25,2,2012 2016,2012,2016,13,non,SRC-066,"Libre d'usage — la seule condition posée par le producteur est la citation ; ni inscription, ni restriction de rediffusion"
ML_NETU_P_NUM,Number of persons,en,Paludisme,Use of mosquito nets by persons in the household,effectif,oui,25,2,2012 2016,2012,2016,13,non,SRC-066,"Libre d'usage — la seule condition posée par le producteur est la citation ; ni inscription, ni restriction de rediffusion"
ML_NETU_P_UN1,Number of persons living in a household with at least one insecticide-treated mosquito net (ITN) (unweighted),en,Paludisme,Use of mosquito nets by persons in the household,effectif,oui,25,2,2012 2016,2012,2016,13,non,SRC-066,"Libre d'usage — la seule condition posée par le producteur est la citation ; ni inscription, ni restriction de rediffusion"
ML_NETU_P_UNW,Number of persons (unweighted),en,Paludisme,Use of mosquito nets by persons in the household,effectif,oui,25,2,2012 2016,2012,2016,13,non,SRC-066,"Libre d'usage — la seule condition posée par le producteur est la citation ; ni inscription, ni restriction de rediffusion"
ML_NETW_W_ANY,Pregnant women who slept under any net,en,Paludisme,Use of mosquito nets by pregnant women,pourcentage,non,25,2,2012 2016,2012,2016,13,non,SRC-066,"Libre d'usage — la seule condition posée par le producteur est la citation ; ni inscription, ni restriction de rediffusion"
ML_NETW_W_IT1,Pregnant women who slept under insecticide-treated mosquito net (ITN) last night of those living in a household with at least one ITN,en,Paludisme,Use of mosquito nets by pregnant women,pourcentage,non,7,2,2012 2016,2012,2016,6,non,SRC-066,"Libre d'usage — la seule condition posée par le producteur est la citation ; ni inscription, ni restriction de rediffusion"
ML_NETW_W_ITI,Pregnant women who slept under an insecticide-treated net (ITN) or in a dwelling sprayed with indoor residual spraying (IRS) in the past 12 months,en,Paludisme,Use of mosquito nets by pregnant women,pourcentage,non,25,2,2012 2016,2012,2016,13,non,SRC-066,"Libre d'usage — la seule condition posée par le producteur est la citation ; ni inscription, ni restriction de rediffusion"
ML_NETW_W_ITN,Pregnant women who slept under an insecticide-treated net (ITN),en,Paludisme,Use of mosquito nets by pregnant women,pourcentage,non,25,2,2012 2016,2012,2016,13,non,SRC-066,"Libre d'usage — la seule condition posée par le producteur est la citation ; ni inscription, ni restriction de rediffusion"
ML_NETW_W_LLN,Pregnant women who slept under a long-lasting insecticide-treated net (LLIN),en,Paludisme,Use of mosquito nets by pregnant women,pourcentage,non,13,1,2012,2012,2012,13,non,SRC-066,"Libre d'usage — la seule condition posée par le producteur est la citation ; ni inscription, ni restriction de rediffusion"
ML_NETW_W_NM1,Number of pregnant women in households with at least one insecticide-treated mosquito net (ITN),en,Paludisme,Use of mosquito nets by pregnant women,effectif,oui,7,2,2012 2016,2012,2016,6,non,SRC-066,"Libre d'usage — la seule condition posée par le producteur est la citation ; ni inscription, ni restriction de rediffusion"
ML_NETW_W_NUM,Number of pregnant women,en,Paludisme,Use of mosquito nets by pregnant women,effectif,oui,25,2,2012 2016,2012,2016,13,non,SRC-066,"Libre d'usage — la seule condition posée par le producteur est la citation ; ni inscription, ni restriction de rediffusion"
ML_NETW_W_UN1,Number of pregnant women in households with at least one insecticide-treated mosquito net (ITN) (unweighted),en,Paludisme,Use of mosquito nets by pregnant women,effectif,oui,25,2,2012 2016,2012,2016,13,non,SRC-066,"Libre d'usage — la seule condition posée par le producteur est la citation ; ni inscription, ni restriction de rediffusion"
ML_NETW_W_UNW,Number of pregnant women (unweighted),en,Paludisme,Use of mosquito nets by pregnant women,effectif,oui,25,2,2012 2016,2012,2016,13,non,SRC-066,"Libre d'usage — la seule condition posée par le producteur est la citation ; ni inscription, ni restriction de rediffusion"
ML_NSRC_N_ANC,Net source: ANC visit,en,Paludisme,Source of mosquito nets,pourcentage,non,12,1,2016,2016,2016,12,non,SRC-066,"Libre d'usage — la seule condition posée par le producteur est la citation ; ni inscription, ni restriction de rediffusion"
ML_NSRC_N_CHW,Net source: Community health worker,en,Paludisme,Source of mosquito nets,pourcentage,non,12,1,2016,2016,2016,12,non,SRC-066,"Libre d'usage — la seule condition posée par le producteur est la citation ; ni inscription, ni restriction de rediffusion"
ML_NSRC_N_DKM,Net source: Don’t know,en,Paludisme,Source of mosquito nets,pourcentage,non,12,1,2016,2016,2016,12,non,SRC-066,"Libre d'usage — la seule condition posée par le producteur est la citation ; ni inscription, ni restriction de rediffusion"
ML_NSRC_N_GHF,Net source: Government health facility,en,Paludisme,Source of mosquito nets,pourcentage,non,12,1,2016,2016,2016,12,non,SRC-066,"Libre d'usage — la seule condition posée par le producteur est la citation ; ni inscription, ni restriction de rediffusion"
ML_NSRC_N_IMM,Net source: Immunization visit,en,Paludisme,Source of mosquito nets,pourcentage,non,12,1,2016,2016,2016,12,non,SRC-066,"Libre d'usage — la seule condition posée par le producteur est la citation ; ni inscription, ni restriction de rediffusion"
ML_NSRC_N_MDC,Net source: Mass distribution campaign,en,Paludisme,Source of mosquito nets,pourcentage,non,12,1,2016,2016,2016,12,non,SRC-066,"Libre d'usage — la seule condition posée par le producteur est la citation ; ni inscription, ni restriction de rediffusion"
ML_NSRC_N_NUM,Number of mosquito nets,en,Paludisme,Source of mosquito nets,effectif,oui,12,1,2016,2016,2016,12,non,SRC-066,"Libre d'usage — la seule condition posée par le producteur est la citation ; ni inscription, ni restriction de rediffusion"
ML_NSRC_N_OTH,Net source: Other,en,Paludisme,Source of mosquito nets,pourcentage,non,12,1,2016,2016,2016,12,non,SRC-066,"Libre d'usage — la seule condition posée par le producteur est la citation ; ni inscription, ni restriction de rediffusion"
ML_NSRC_N_PHF,Net source: Private health facility,en,Paludisme,Source of mosquito nets,pourcentage,non,12,1,2016,2016,2016,12,non,SRC-066,"Libre d'usage — la seule condition posée par le producteur est la citation ; ni inscription, ni restriction de rediffusion"
ML_NSRC_N_PHM,Net source: Pharmacy,en,Paludisme,Source of mosquito nets,pourcentage,non,12,1,2016,2016,2016,12,non,SRC-066,"Libre d'usage — la seule condition posée par le producteur est la citation ; ni inscription, ni restriction de rediffusion"
ML_NSRC_N_REL,Net source: Religious institution,en,Paludisme,Source of mosquito nets,pourcentage,non,12,1,2016,2016,2016,12,non,SRC-066,"Libre d'usage — la seule condition posée par le producteur est la citation ; ni inscription, ni restriction de rediffusion"
ML_NSRC_N_SHP,Net source: Shop/market,en,Paludisme,Source of mosquito nets,pourcentage,non,12,1,2016,2016,2016,12,non,SRC-066,"Libre d'usage — la seule condition posée par le producteur est la citation ; ni inscription, ni restriction de rediffusion"
ML_NSRC_N_TOT,Net source: Total,en,Paludisme,Source of mosquito nets,pourcentage,non,12,1,2016,2016,2016,12,non,SRC-066,"Libre d'usage — la seule condition posée par le producteur est la citation ; ni inscription, ni restriction de rediffusion"
ML_NSRC_N_UNW,Number of mosquito nets (unweighted),en,Paludisme,Source of mosquito nets,effectif,oui,12,1,2016,2016,2016,12,non,SRC-066,"Libre d'usage — la seule condition posée par le producteur est la citation ; ni inscription, ni restriction de rediffusion"
FP_CUSA_W_ANY,Current use of any method of contraception (all women),en,Planification familiale,Current use of contraception by all women,pourcentage,non,47,4,2000 2006 2012 2016,2000,2016,13,oui,SRC-066,"Libre d'usage — la seule condition posée par le producteur est la citation ; ni inscription, ni restriction de rediffusion"
FP_CUSA_W_DIA,Current use of diaphragm (all women),en,Planification familiale,Current use of contraception by all women,pourcentage,non,12,1,2006,2006,2006,12,non,SRC-066,"Libre d'usage — la seule condition posée par le producteur est la citation ; ni inscription, ni restriction de rediffusion"
FP_CUSA_W_FCN,Current use of female condom (all women),en,Planification familiale,Current use of contraception by all women,pourcentage,non,25,2,2006 2012,2006,2012,13,non,SRC-066,"Libre d'usage — la seule condition posée par le producteur est la citation ; ni inscription, ni restriction de rediffusion"
FP_CUSA_W_FOM,Current use of foam or jelly (all women),en,Planification familiale,Current use of contraception by all women,pourcentage,non,10,1,2000,2000,2000,10,non,SRC-066,"Libre d'usage — la seule condition posée par le producteur est la citation ; ni inscription, ni restriction de rediffusion"
FP_CUSA_W_FST,Current use of female sterilization (all women),en,Planification familiale,Current use of contraception by all women,pourcentage,non,47,4,2000 2006 2012 2016,2000,2016,13,oui,SRC-066,"Libre d'usage — la seule condition posée par le producteur est la citation ; ni inscription, ni restriction de rediffusion"
FP_CUSA_W_IMP,Current use of implants (all women),en,Planification familiale,Current use of contraception by all women,pourcentage,non,47,4,2000 2006 2012 2016,2000,2016,13,oui,SRC-066,"Libre d'usage — la seule condition posée par le producteur est la citation ; ni inscription, ni restriction de rediffusion"
FP_CUSA_W_INJ,Current use of injections (all women),en,Planification familiale,Current use of contraception by all women,pourcentage,non,47,4,2000 2006 2012 2016,2000,2016,13,oui,SRC-066,"Libre d'usage — la seule condition posée par le producteur est la citation ; ni inscription, ni restriction de rediffusion"
FP_CUSA_W_IUD,Current use of IUD (all women),en,Planification familiale,Current use of contraception by all women,pourcentage,non,47,4,2000 2006 2012 2016,2000,2016,13,oui,SRC-066,"Libre d'usage — la seule condition posée par le producteur est la citation ; ni inscription, ni restriction de rediffusion"
FP_CUSA_W_LAM,Current use of lactational amenorrhea (all women),en,Planification familiale,Current use of contraception by all women,pourcentage,non,47,4,2000 2006 2012 2016,2000,2016,13,oui,SRC-066,"Libre d'usage — la seule condition posée par le producteur est la citation ; ni inscription, ni restriction de rediffusion"
FP_CUSA_W_MCN,Current use of condom (all women),en,Planification familiale,Current use of contraception by all women,pourcentage,non,47,4,2000 2006 2012 2016,2000,2016,13,oui,SRC-066,"Libre d'usage — la seule condition posée par le producteur est la citation ; ni inscription, ni restriction de rediffusion"
FP_CUSA_W_MOD,Current use of any modern method of contraception (all women),en,Planification familiale,Current use of contraception by all women,pourcentage,non,47,4,2000 2006 2012 2016,2000,2016,13,oui,SRC-066,"Libre d'usage — la seule condition posée par le producteur est la citation ; ni inscription, ni restriction de rediffusion"
FP_CUSA_W_MST,Current use of male sterilization (all women),en,Planification familiale,Current use of contraception by all women,pourcentage,non,47,4,2000 2006 2012 2016,2000,2016,13,oui,SRC-066,"Libre d'usage — la seule condition posée par le producteur est la citation ; ni inscription, ni restriction de rediffusion"
FP_CUSA_W_NCU,Women not currently using any method,en,Planification familiale,Current use of contraception by all women,pourcentage,non,47,4,2000 2006 2012 2016,2000,2016,13,oui,SRC-066,"Libre d'usage — la seule condition posée par le producteur est la citation ; ni inscription, ni restriction de rediffusion"
FP_CUSA_W_NUM,Number of women,en,Planification familiale,Current use of contraception by all women,effectif,oui,47,4,2000 2006 2012 2016,2000,2016,13,oui,SRC-066,"Libre d'usage — la seule condition posée par le producteur est la citation ; ni inscription, ni restriction de rediffusion"
FP_CUSA_W_OMD,Current use of other modern methods (all women),en,Planification familiale,Current use of contraception by all women,pourcentage,non,25,2,2012 2016,2012,2016,13,non,SRC-066,"Libre d'usage — la seule condition posée par le producteur est la citation ; ni inscription, ni restriction de rediffusion"
FP_CUSA_W_OTR,Current use of other traditional methods (all women),en,Planification familiale,Current use of contraception by all women,pourcentage,non,47,4,2000 2006 2012 2016,2000,2016,13,oui,SRC-066,"Libre d'usage — la seule condition posée par le producteur est la citation ; ni inscription, ni restriction de rediffusion"
FP_CUSA_W_PIL,Current use of pill (all women),en,Planification familiale,Current use of contraception by all women,pourcentage,non,47,4,2000 2006 2012 2016,2000,2016,13,oui,SRC-066,"Libre d'usage — la seule condition posée par le producteur est la citation ; ni inscription, ni restriction de rediffusion"
FP_CUSA_W_RHY,Current use of periodic abstinence (all women),en,Planification familiale,Current use of contraception by all women,pourcentage,non,47,4,2000 2006 2012 2016,2000,2016,13,oui,SRC-066,"Libre d'usage — la seule condition posée par le producteur est la citation ; ni inscription, ni restriction de rediffusion"
FP_CUSA_W_TOT,Women: Total,en,Planification familiale,Current use of contraception by all women,pourcentage,non,47,4,2000 2006 2012 2016,2000,2016,13,oui,SRC-066,"Libre d'usage — la seule condition posée par le producteur est la citation ; ni inscription, ni restriction de rediffusion"
FP_CUSA_W_TRA,Current use of any traditional method (all women),en,Planification familiale,Current use of contraception by all women,pourcentage,non,47,4,2000 2006 2012 2016,2000,2016,13,oui,SRC-066,"Libre d'usage — la seule condition posée par le producteur est la citation ; ni inscription, ni restriction de rediffusion"
FP_CUSA_W_UNW,Number of women (unweighted),en,Planification familiale,Current use of contraception by all women,effectif,oui,47,4,2000 2006 2012 2016,2000,2016,13,oui,SRC-066,"Libre d'usage — la seule condition posée par le producteur est la citation ; ni inscription, ni restriction de rediffusion"
FP_CUSA_W_WTH,Current use of withdrawal (all women),en,Planification familiale,Current use of contraception by all women,pourcentage,non,47,4,2000 2006 2012 2016,2000,2016,13,oui,SRC-066,"Libre d'usage — la seule condition posée par le producteur est la citation ; ni inscription, ni restriction de rediffusion"
FP_CUSM_W_ANY,Married women currently using any method of contraception,en,Planification familiale,Current use of contraception by currently married women,pourcentage,non,47,4,2000 2006 2012 2016,2000,2016,13,oui,SRC-066,"Libre d'usage — la seule condition posée par le producteur est la citation ; ni inscription, ni restriction de rediffusion"
FP_CUSM_W_DIA,Married women currently using diaphragm,en,Planification familiale,Current use of contraception by currently married women,pourcentage,non,12,1,2006,2006,2006,12,non,SRC-066,"Libre d'usage — la seule condition posée par le producteur est la citation ; ni inscription, ni restriction de rediffusion"
FP_CUSM_W_FCN,Married women currently using female condom,en,Planification familiale,Current use of contraception by currently married women,pourcentage,non,25,2,2006 2012,2006,2012,13,non,SRC-066,"Libre d'usage — la seule condition posée par le producteur est la citation ; ni inscription, ni restriction de rediffusion"
FP_CUSM_W_FOM,Married women currently using foam or jelly,en,Planification familiale,Current use of contraception by currently married women,pourcentage,non,10,1,2000,2000,2000,10,non,SRC-066,"Libre d'usage — la seule condition posée par le producteur est la citation ; ni inscription, ni restriction de rediffusion"
FP_CUSM_W_FST,Married women currently using female sterilization,en,Planification familiale,Current use of contraception by currently married women,pourcentage,non,47,4,2000 2006 2012 2016,2000,2016,13,oui,SRC-066,"Libre d'usage — la seule condition posée par le producteur est la citation ; ni inscription, ni restriction de rediffusion"
FP_CUSM_W_IMP,Married women currently using implants,en,Planification familiale,Current use of contraception by currently married women,pourcentage,non,47,4,2000 2006 2012 2016,2000,2016,13,oui,SRC-066,"Libre d'usage — la seule condition posée par le producteur est la citation ; ni inscription, ni restriction de rediffusion"
FP_CUSM_W_INJ,Married women currently using injections,en,Planification familiale,Current use of contraception by currently married women,pourcentage,non,47,4,2000 2006 2012 2016,2000,2016,13,oui,SRC-066,"Libre d'usage — la seule condition posée par le producteur est la citation ; ni inscription, ni restriction de rediffusion"
FP_CUSM_W_IUD,Married women currently using IUD,en,Planification familiale,Current use of contraception by currently married women,pourcentage,non,47,4,2000 2006 2012 2016,2000,2016,13,oui,SRC-066,"Libre d'usage — la seule condition posée par le producteur est la citation ; ni inscription, ni restriction de rediffusion"
FP_CUSM_W_LAM,Married women currently using lactational amenorrhea,en,Planification familiale,Current use of contraception by currently married women,pourcentage,non,47,4,2000 2006 2012 2016,2000,2016,13,oui,SRC-066,"Libre d'usage — la seule condition posée par le producteur est la citation ; ni inscription, ni restriction de rediffusion"
FP_CUSM_W_MCN,Married women currently using condom,en,Planification familiale,Current use of contraception by currently married women,pourcentage,non,47,4,2000 2006 2012 2016,2000,2016,13,oui,SRC-066,"Libre d'usage — la seule condition posée par le producteur est la citation ; ni inscription, ni restriction de rediffusion"
FP_CUSM_W_MOD,Married women currently using any modern method of contraception,en,Planification familiale,Current use of contraception by currently married women,pourcentage,non,47,4,2000 2006 2012 2016,2000,2016,13,oui,SRC-066,"Libre d'usage — la seule condition posée par le producteur est la citation ; ni inscription, ni restriction de rediffusion"
FP_CUSM_W_MST,Married women currently using male sterilization,en,Planification familiale,Current use of contraception by currently married women,pourcentage,non,47,4,2000 2006 2012 2016,2000,2016,13,oui,SRC-066,"Libre d'usage — la seule condition posée par le producteur est la citation ; ni inscription, ni restriction de rediffusion"
FP_CUSM_W_NCU,Married women not currently using any method,en,Planification familiale,Current use of contraception by currently married women,pourcentage,non,47,4,2000 2006 2012 2016,2000,2016,13,oui,SRC-066,"Libre d'usage — la seule condition posée par le producteur est la citation ; ni inscription, ni restriction de rediffusion"
FP_CUSM_W_NUM,Number of married women,en,Planification familiale,Current use of contraception by currently married women,effectif,oui,47,4,2000 2006 2012 2016,2000,2016,13,oui,SRC-066,"Libre d'usage — la seule condition posée par le producteur est la citation ; ni inscription, ni restriction de rediffusion"
FP_CUSM_W_OMD,Married women currently using other modern methods,en,Planification familiale,Current use of contraception by currently married women,pourcentage,non,13,1,2012,2012,2012,13,non,SRC-066,"Libre d'usage — la seule condition posée par le producteur est la citation ; ni inscription, ni restriction de rediffusion"
FP_CUSM_W_OTR,Married women currently using other traditional methods,en,Planification familiale,Current use of contraception by currently married women,pourcentage,non,47,4,2000 2006 2012 2016,2000,2016,13,oui,SRC-066,"Libre d'usage — la seule condition posée par le producteur est la citation ; ni inscription, ni restriction de rediffusion"
FP_CUSM_W_PIL,Married women currently using pill,en,Planification familiale,Current use of contraception by currently married women,pourcentage,non,47,4,2000 2006 2012 2016,2000,2016,13,oui,SRC-066,"Libre d'usage — la seule condition posée par le producteur est la citation ; ni inscription, ni restriction de rediffusion"
FP_CUSM_W_RHY,Married women currently using periodic abstinence,en,Planification familiale,Current use of contraception by currently married women,pourcentage,non,47,4,2000 2006 2012 2016,2000,2016,13,oui,SRC-066,"Libre d'usage — la seule condition posée par le producteur est la citation ; ni inscription, ni restriction de rediffusion"
FP_CUSM_W_TOT,Married women: Total,en,Planification familiale,Current use of contraception by currently married women,pourcentage,non,47,4,2000 2006 2012 2016,2000,2016,13,oui,SRC-066,"Libre d'usage — la seule condition posée par le producteur est la citation ; ni inscription, ni restriction de rediffusion"
FP_CUSM_W_TRA,Married women currently using any traditional method,en,Planification familiale,Current use of contraception by currently married women,pourcentage,non,47,4,2000 2006 2012 2016,2000,2016,13,oui,SRC-066,"Libre d'usage — la seule condition posée par le producteur est la citation ; ni inscription, ni restriction de rediffusion"
FP_CUSM_W_UNW,Number of married women (unweighted),en,Planification familiale,Current use of contraception by currently married women,effectif,oui,47,4,2000 2006 2012 2016,2000,2016,13,oui,SRC-066,"Libre d'usage — la seule condition posée par le producteur est la citation ; ni inscription, ni restriction de rediffusion"
FP_CUSM_W_WTH,Married women currently using withdrawal,en,Planification familiale,Current use of contraception by currently married women,pourcentage,non,47,4,2000 2006 2012 2016,2000,2016,13,oui,SRC-066,"Libre d'usage — la seule condition posée par le producteur est la citation ; ni inscription, ni restriction de rediffusion"
FP_CUSU_W_ANY,Current use of any method of contraception (sexually active unmarried women),en,Planification familiale,Current use of contraception by sexually active unmarried women,pourcentage,non,38,4,2000 2006 2012 2016,2000,2016,13,oui,SRC-066,"Libre d'usage — la seule condition posée par le producteur est la citation ; ni inscription, ni restriction de rediffusion"
FP_CUSU_W_FCN,Current use of female condom (sexually active unmarried women),en,Planification familiale,Current use of contraception by sexually active unmarried women,pourcentage,non,21,2,2006 2012,2006,2012,13,non,SRC-066,"Libre d'usage — la seule condition posée par le producteur est la citation ; ni inscription, ni restriction de rediffusion"
FP_CUSU_W_FST,Current use of female sterilization (sexually active unmarried women),en,Planification familiale,Current use of contraception by sexually active unmarried women,pourcentage,non,38,4,2000 2006 2012 2016,2000,2016,13,oui,SRC-066,"Libre d'usage — la seule condition posée par le producteur est la citation ; ni inscription, ni restriction de rediffusion"
FP_CUSU_W_IMP,Current use of implants (sexually active unmarried women),en,Planification familiale,Current use of contraception by sexually active unmarried women,pourcentage,non,30,3,2000 2012 2016,2000,2016,13,oui,SRC-066,"Libre d'usage — la seule condition posée par le producteur est la citation ; ni inscription, ni restriction de rediffusion"
FP_CUSU_W_INJ,Current use of injections (sexually active unmarried women),en,Planification familiale,Current use of contraception by sexually active unmarried women,pourcentage,non,38,4,2000 2006 2012 2016,2000,2016,13,oui,SRC-066,"Libre d'usage — la seule condition posée par le producteur est la citation ; ni inscription, ni restriction de rediffusion"
FP_CUSU_W_LAM,Current use of lactational amenorrhea (sexually active unmarried women),en,Planification familiale,Current use of contraception by sexually active unmarried women,pourcentage,non,25,2,2012 2016,2012,2016,13,non,SRC-066,"Libre d'usage — la seule condition posée par le producteur est la citation ; ni inscription, ni restriction de rediffusion"
FP_CUSU_W_MCN,Current use of condom (sexually active unmarried women),en,Planification familiale,Current use of contraception by sexually active unmarried women,pourcentage,non,38,4,2000 2006 2012 2016,2000,2016,13,oui,SRC-066,"Libre d'usage — la seule condition posée par le producteur est la citation ; ni inscription, ni restriction de rediffusion"
FP_CUSU_W_MOD,Current use of any modern method of contraception (sexually active unmarried women),en,Planification familiale,Current use of contraception by sexually active unmarried women,pourcentage,non,38,4,2000 2006 2012 2016,2000,2016,13,oui,SRC-066,"Libre d'usage — la seule condition posée par le producteur est la citation ; ni inscription, ni restriction de rediffusion"
FP_CUSU_W_MST,Current use of male sterilization (sexually active unmarried women),en,Planification familiale,Current use of contraception by sexually active unmarried women,pourcentage,non,13,1,2012,2012,2012,13,non,SRC-066,"Libre d'usage — la seule condition posée par le producteur est la citation ; ni inscription, ni restriction de rediffusion"
FP_CUSU_W_NCU,Sexually active unmarried women not currently using any method,en,Planification familiale,Current use of contraception by sexually active unmarried women,pourcentage,non,38,4,2000 2006 2012 2016,2000,2016,13,oui,SRC-066,"Libre d'usage — la seule condition posée par le producteur est la citation ; ni inscription, ni restriction de rediffusion"
FP_CUSU_W_NUM,Number of sexually active unmarried women,en,Planification familiale,Current use of contraception by sexually active unmarried women,effectif,oui,38,4,2000 2006 2012 2016,2000,2016,13,oui,SRC-066,"Libre d'usage — la seule condition posée par le producteur est la citation ; ni inscription, ni restriction de rediffusion"
FP_CUSU_W_OMD,Current use of other modern methods (sexually active unmarried women),en,Planification familiale,Current use of contraception by sexually active unmarried women,pourcentage,non,13,1,2012,2012,2012,13,non,SRC-066,"Libre d'usage — la seule condition posée par le producteur est la citation ; ni inscription, ni restriction de rediffusion"
FP_CUSU_W_OTR,Current use of other traditional methods (sexually active unmarried women),en,Planification familiale,Current use of contraception by sexually active unmarried women,pourcentage,non,25,2,2012 2016,2012,2016,13,non,SRC-066,"Libre d'usage — la seule condition posée par le producteur est la citation ; ni inscription, ni restriction de rediffusion"
FP_CUSU_W_PIL,Current use of pill (sexually active unmarried women),en,Planification familiale,Current use of contraception by sexually active unmarried women,pourcentage,non,38,4,2000 2006 2012 2016,2000,2016,13,oui,SRC-066,"Libre d'usage — la seule condition posée par le producteur est la citation ; ni inscription, ni restriction de rediffusion"
FP_CUSU_W_RHY,Current use of periodic abstinence (sexually active unmarried women),en,Planification familiale,Current use of contraception by sexually active unmarried women,pourcentage,non,38,4,2000 2006 2012 2016,2000,2016,13,oui,SRC-066,"Libre d'usage — la seule condition posée par le producteur est la citation ; ni inscription, ni restriction de rediffusion"
FP_CUSU_W_TOT,Sexually active unmarried women: total,en,Planification familiale,Current use of contraception by sexually active unmarried women,pourcentage,non,38,4,2000 2006 2012 2016,2000,2016,13,oui,SRC-066,"Libre d'usage — la seule condition posée par le producteur est la citation ; ni inscription, ni restriction de rediffusion"
FP_CUSU_W_TRA,Current use of any traditional method (sexually active unmarried women),en,Planification familiale,Current use of contraception by sexually active unmarried women,pourcentage,non,38,4,2000 2006 2012 2016,2000,2016,13,oui,SRC-066,"Libre d'usage — la seule condition posée par le producteur est la citation ; ni inscription, ni restriction de rediffusion"
FP_CUSU_W_UNW,Number of sexually active unmarried women (unweighted),en,Planification familiale,Current use of contraception by sexually active unmarried women,effectif,oui,47,4,2000 2006 2012 2016,2000,2016,13,oui,SRC-066,"Libre d'usage — la seule condition posée par le producteur est la citation ; ni inscription, ni restriction de rediffusion"
FP_CUSU_W_WTH,Current use of withdrawal (sexually active unmarried women),en,Planification familiale,Current use of contraception by sexually active unmarried women,pourcentage,non,38,4,2000 2006 2012 2016,2000,2016,13,oui,SRC-066,"Libre d'usage — la seule condition posée par le producteur est la citation ; ni inscription, ni restriction de rediffusion"
FP_CUSY_W_ANY,Current use of any method of contraception (young women),en,Planification familiale,Current use of contraception by young women,pourcentage,non,47,4,2000 2006 2012 2016,2000,2016,13,oui,SRC-066,"Libre d'usage — la seule condition posée par le producteur est la citation ; ni inscription, ni restriction de rediffusion"
FP_CUSY_W_MOD,Current use of any modern method of contraception (young women),en,Planification familiale,Current use of contraception by young women,pourcentage,non,47,4,2000 2006 2012 2016,2000,2016,13,oui,SRC-066,"Libre d'usage — la seule condition posée par le producteur est la citation ; ni inscription, ni restriction de rediffusion"
FP_CUSY_W_NCU,Young women not currently using any method,en,Planification familiale,Current use of contraception by young women,pourcentage,non,47,4,2000 2006 2012 2016,2000,2016,13,oui,SRC-066,"Libre d'usage — la seule condition posée par le producteur est la citation ; ni inscription, ni restriction de rediffusion"
FP_CUSY_W_NUM,Number of young women,en,Planification familiale,Current use of contraception by young women,effectif,oui,47,4,2000 2006 2012 2016,2000,2016,13,oui,SRC-066,"Libre d'usage — la seule condition posée par le producteur est la citation ; ni inscription, ni restriction de rediffusion"
FP_CUSY_W_TOT,Young women: Total,en,Planification familiale,Current use of contraception by young women,pourcentage,non,47,4,2000 2006 2012 2016,2000,2016,13,oui,SRC-066,"Libre d'usage — la seule condition posée par le producteur est la citation ; ni inscription, ni restriction de rediffusion"
FP_CUSY_W_UNW,Number of young women (unweighted),en,Planification familiale,Current use of contraception by young women,effectif,oui,47,4,2000 2006 2012 2016,2000,2016,13,oui,SRC-066,"Libre d'usage — la seule condition posée par le producteur est la citation ; ni inscription, ni restriction de rediffusion"
FP_DMKF_W_NDK,Family planning non-use decisionmaking mainly by others/don't know/missing,en,Planification familiale,Decisionmaking about family planning,pourcentage,non,12,1,2016,2016,2016,12,non,SRC-066,"Libre d'usage — la seule condition posée par le producteur est la citation ; ni inscription, ni restriction de rediffusion"
FP_DMKF_W_NHS,Family planning non-use decisionmaking mainly by husband,en,Planification familiale,Decisionmaking about family planning,pourcentage,non,12,1,2016,2016,2016,12,non,SRC-066,"Libre d'usage — la seule condition posée par le producteur est la citation ; ni inscription, ni restriction de rediffusion"
FP_DMKF_W_NJN,Family planning non-use decisionmaking jointly by wife and husband,en,Planification familiale,Decisionmaking about family planning,pourcentage,non,12,1,2016,2016,2016,12,non,SRC-066,"Libre d'usage — la seule condition posée par le producteur est la citation ; ni inscription, ni restriction de rediffusion"
FP_DMKF_W_NNM,Number of currently married women not using family planning,en,Planification familiale,Decisionmaking about family planning,effectif,oui,12,1,2016,2016,2016,12,non,SRC-066,"Libre d'usage — la seule condition posée par le producteur est la citation ; ni inscription, ni restriction de rediffusion"
FP_DMKF_W_NTT,Family planning non-use decisionmaking: total,en,Planification familiale,Decisionmaking about family planning,pourcentage,non,12,1,2016,2016,2016,12,non,SRC-066,"Libre d'usage — la seule condition posée par le producteur est la citation ; ni inscription, ni restriction de rediffusion"
FP_DMKF_W_NUN,Number of currently married women not using family planning (unweighted),en,Planification familiale,Decisionmaking about family planning,effectif,oui,12,1,2016,2016,2016,12,non,SRC-066,"Libre d'usage — la seule condition posée par le producteur est la citation ; ni inscription, ni restriction de rediffusion"
FP_DMKF_W_NWF,Family planning non-use decisionmaking mainly by wife,en,Planification familiale,Decisionmaking about family planning,pourcentage,non,12,1,2016,2016,2016,12,non,SRC-066,"Libre d'usage — la seule condition posée par le producteur est la citation ; ni inscription, ni restriction de rediffusion"
FP_DMKF_W_UDK,Family planning use decisionmaking mainly by others/don't know/missing,en,Planification familiale,Decisionmaking about family planning,pourcentage,non,47,4,2000 2006 2012 2016,2000,2016,13,oui,SRC-066,"Libre d'usage — la seule condition posée par le producteur est la citation ; ni inscription, ni restriction de rediffusion"
FP_DMKF_W_UHS,Family planning use decisionmaking mainly by husband,en,Planification familiale,Decisionmaking about family planning,pourcentage,non,47,4,2000 2006 2012 2016,2000,2016,13,oui,SRC-066,"Libre d'usage — la seule condition posée par le producteur est la citation ; ni inscription, ni restriction de rediffusion"
FP_DMKF_W_UJN,Family planning use decisionmaking jointly by wife and husband,en,Planification familiale,Decisionmaking about family planning,pourcentage,non,47,4,2000 2006 2012 2016,2000,2016,13,oui,SRC-066,"Libre d'usage — la seule condition posée par le producteur est la citation ; ni inscription, ni restriction de rediffusion"
FP_DMKF_W_UNM,Number of currently married women using family planning,en,Planification familiale,Decisionmaking about family planning,effectif,oui,47,4,2000 2006 2012 2016,2000,2016,13,oui,SRC-066,"Libre d'usage — la seule condition posée par le producteur est la citation ; ni inscription, ni restriction de rediffusion"
FP_DMKF_W_UTT,Family planning use decisionmaking: total,en,Planification familiale,Decisionmaking about family planning,pourcentage,non,47,4,2000 2006 2012 2016,2000,2016,13,oui,SRC-066,"Libre d'usage — la seule condition posée par le producteur est la citation ; ni inscription, ni restriction de rediffusion"
FP_DMKF_W_UUN,Number of currently married women using family planning (unweighted),en,Planification familiale,Decisionmaking about family planning,effectif,oui,47,4,2000 2006 2012 2016,2000,2016,13,oui,SRC-066,"Libre d'usage — la seule condition posée par le producteur est la citation ; ni inscription, ni restriction de rediffusion"
FP_DMKF_W_UWF,Family planning use decisionmaking mainly by wife,en,Planification familiale,Decisionmaking about family planning,pourcentage,non,47,4,2000 2006 2012 2016,2000,2016,13,oui,SRC-066,"Libre d'usage — la seule condition posée par le producteur est la citation ; ni inscription, ni restriction de rediffusion"
FP_EFPM_M_MOB,Family planning messages on mobile phone,en,Planification familiale,Exposure to family planning messages,pourcentage,non,12,1,2016,2016,2016,12,non,SRC-066,"Libre d'usage — la seule condition posée par le producteur est la citation ; ni inscription, ni restriction de rediffusion"
FP_EFPM_M_NO4,Family planning messages in none of these four media,en,Planification familiale,Exposure to family planning messages,pourcentage,non,12,1,2016,2016,2016,12,non,SRC-066,"Libre d'usage — la seule condition posée par le producteur est la citation ; ni inscription, ni restriction de rediffusion"
FP_EFPM_M_NON,Family planning messages in none of these three media [Men],en,Planification familiale,Exposure to family planning messages,pourcentage,non,22,2,2000 2016,2000,2016,12,non,SRC-066,"Libre d'usage — la seule condition posée par le producteur est la citation ; ni inscription, ni restriction de rediffusion"
FP_EFPM_M_NUM,Number of men,en,Planification familiale,Exposure to family planning messages,effectif,oui,22,2,2000 2016,2000,2016,12,non,SRC-066,"Libre d'usage — la seule condition posée par le producteur est la citation ; ni inscription, ni restriction de rediffusion"
FP_EFPM_M_NWS,Family planning messages in newspapers or magazines [Men],en,Planification familiale,Exposure to family planning messages,pourcentage,non,22,2,2000 2016,2000,2016,12,non,SRC-066,"Libre d'usage — la seule condition posée par le producteur est la citation ; ni inscription, ni restriction de rediffusion"
FP_EFPM_M_RDO,Family planning messages on the radio [Men],en,Planification familiale,Exposure to family planning messages,pourcentage,non,22,2,2000 2016,2000,2016,12,non,SRC-066,"Libre d'usage — la seule condition posée par le producteur est la citation ; ni inscription, ni restriction de rediffusion"
FP_EFPM_M_TLV,Family planning messages on television [Men],en,Planification familiale,Exposure to family planning messages,pourcentage,non,22,2,2000 2016,2000,2016,12,non,SRC-066,"Libre d'usage — la seule condition posée par le producteur est la citation ; ni inscription, ni restriction de rediffusion"
FP_EFPM_M_UNW,Number of men (unweighted),en,Planification familiale,Exposure to family planning messages,effectif,oui,47,4,2000 2006 2012 2016,2000,2016,13,oui,SRC-066,"Libre d'usage — la seule condition posée par le producteur est la citation ; ni inscription, ni restriction de rediffusion"
FP_EFPM_W_MOB,Family planning messages on mobile phone,en,Planification familiale,Exposure to family planning messages,pourcentage,non,12,1,2016,2016,2016,12,non,SRC-066,"Libre d'usage — la seule condition posée par le producteur est la citation ; ni inscription, ni restriction de rediffusion"
FP_EFPM_W_NO4,Family planning messages in none of these four media,en,Planification familiale,Exposure to family planning messages,pourcentage,non,12,1,2016,2016,2016,12,non,SRC-066,"Libre d'usage — la seule condition posée par le producteur est la citation ; ni inscription, ni restriction de rediffusion"
FP_EFPM_W_NON,Family planning messages in none of these three media [Women],en,Planification familiale,Exposure to family planning messages,pourcentage,non,47,4,2000 2006 2012 2016,2000,2016,13,oui,SRC-066,"Libre d'usage — la seule condition posée par le producteur est la citation ; ni inscription, ni restriction de rediffusion"
FP_EFPM_W_NUM,Number of women,en,Planification familiale,Exposure to family planning messages,effectif,oui,47,4,2000 2006 2012 2016,2000,2016,13,oui,SRC-066,"Libre d'usage — la seule condition posée par le producteur est la citation ; ni inscription, ni restriction de rediffusion"
FP_EFPM_W_NWS,Family planning messages in newspapers or magazines [Women],en,Planification familiale,Exposure to family planning messages,pourcentage,non,47,4,2000 2006 2012 2016,2000,2016,13,oui,SRC-066,"Libre d'usage — la seule condition posée par le producteur est la citation ; ni inscription, ni restriction de rediffusion"
FP_EFPM_W_RDO,Family planning messages on the radio [Women],en,Planification familiale,Exposure to family planning messages,pourcentage,non,47,4,2000 2006 2012 2016,2000,2016,13,oui,SRC-066,"Libre d'usage — la seule condition posée par le producteur est la citation ; ni inscription, ni restriction de rediffusion"
FP_EFPM_W_TLV,Family planning messages on television [Women],en,Planification familiale,Exposure to family planning messages,pourcentage,non,47,4,2000 2006 2012 2016,2000,2016,13,oui,SRC-066,"Libre d'usage — la seule condition posée par le producteur est la citation ; ni inscription, ni restriction de rediffusion"
FP_EFPM_W_UNW,Number of women (unweighted),en,Planification familiale,Exposure to family planning messages,effectif,oui,47,4,2000 2006 2012 2016,2000,2016,13,oui,SRC-066,"Libre d'usage — la seule condition posée par le producteur est la citation ; ni inscription, ni restriction de rediffusion"
FP_KMET_M_ANY,Knowledge of any method of contraception among married men,en,Planification familiale,Knowledge of contraceptive methods,pourcentage,non,22,2,2000 2016,2000,2016,12,non,SRC-066,"Libre d'usage — la seule condition posée par le producteur est la citation ; ni inscription, ni restriction de rediffusion"
FP_KMET_M_MOD,Knowledge of any modern method of contraception amonth married men,en,Planification familiale,Knowledge of contraceptive methods,pourcentage,non,22,2,2000 2016,2000,2016,12,non,SRC-066,"Libre d'usage — la seule condition posée par le producteur est la citation ; ni inscription, ni restriction de rediffusion"
FP_KMET_M_NUM,Number of married men,en,Planification familiale,Knowledge of contraceptive methods,effectif,oui,22,2,2000 2016,2000,2016,12,non,SRC-066,"Libre d'usage — la seule condition posée par le producteur est la citation ; ni inscription, ni restriction de rediffusion"
FP_KMET_M_UNW,Number of married men (unweighted),en,Planification familiale,Knowledge of contraceptive methods,effectif,oui,22,2,2000 2016,2000,2016,12,non,SRC-066,"Libre d'usage — la seule condition posée par le producteur est la citation ; ni inscription, ni restriction de rediffusion"
FP_KMET_W_ANY,Knowledge of any method of contraception among married women,en,Planification familiale,Knowledge of contraceptive methods,pourcentage,non,47,4,2000 2006 2012 2016,2000,2016,13,oui,SRC-066,"Libre d'usage — la seule condition posée par le producteur est la citation ; ni inscription, ni restriction de rediffusion"
FP_KMET_W_MOD,Knowledge of any modern method of contraception amonth married women,en,Planification familiale,Knowledge of contraceptive methods,pourcentage,non,47,4,2000 2006 2012 2016,2000,2016,13,oui,SRC-066,"Libre d'usage — la seule condition posée par le producteur est la citation ; ni inscription, ni restriction de rediffusion"
FP_KMET_W_NUM,Number of married women,en,Planification familiale,Knowledge of contraceptive methods,effectif,oui,47,4,2000 2006 2012 2016,2000,2016,13,oui,SRC-066,"Libre d'usage — la seule condition posée par le producteur est la citation ; ni inscription, ni restriction de rediffusion"
FP_KMET_W_UNW,Number of married women (unweighted),en,Planification familiale,Knowledge of contraceptive methods,effectif,oui,47,4,2000 2006 2012 2016,2000,2016,13,oui,SRC-066,"Libre d'usage — la seule condition posée par le producteur est la citation ; ni inscription, ni restriction de rediffusion"
FP_NADA_W_MNL,Met need for family planning (currently using) for limiting (all women),en,Planification familiale,Need and demand for family planning for all women,pourcentage,non,47,4,2000 2006 2012 2016,2000,2016,13,oui,SRC-066,"Libre d'usage — la seule condition posée par le producteur est la citation ; ni inscription, ni restriction de rediffusion"
FP_NADA_W_MNS,Met need for family planning (currently using) for spacing (all women),en,Planification familiale,Need and demand for family planning for all women,pourcentage,non,47,4,2000 2006 2012 2016,2000,2016,13,oui,SRC-066,"Libre d'usage — la seule condition posée par le producteur est la citation ; ni inscription, ni restriction de rediffusion"
FP_NADA_W_MNT,"Met need for family planning (currently using), total (all women)",en,Planification familiale,Need and demand for family planning for all women,pourcentage,non,47,4,2000 2006 2012 2016,2000,2016,13,oui,SRC-066,"Libre d'usage — la seule condition posée par le producteur est la citation ; ni inscription, ni restriction de rediffusion"
FP_NADA_W_NUM,Number of women,en,Planification familiale,Need and demand for family planning for all women,effectif,oui,47,4,2000 2006 2012 2016,2000,2016,13,oui,SRC-066,"Libre d'usage — la seule condition posée par le producteur est la citation ; ni inscription, ni restriction de rediffusion"
FP_NADA_W_PDM,Demand for family planning satisfied by modern methods (all women),en,Planification familiale,Need and demand for family planning for all women,pourcentage,non,47,4,2000 2006 2012 2016,2000,2016,13,oui,SRC-066,"Libre d'usage — la seule condition posée par le producteur est la citation ; ni inscription, ni restriction de rediffusion"
FP_NADA_W_PDS,Demand for family planning satisfied (all women),en,Planification familiale,Need and demand for family planning for all women,pourcentage,non,47,4,2000 2006 2012 2016,2000,2016,13,oui,SRC-066,"Libre d'usage — la seule condition posée par le producteur est la citation ; ni inscription, ni restriction de rediffusion"
FP_NADA_W_TDL,Total demand for family planning for limiting (all women),en,Planification familiale,Need and demand for family planning for all women,pourcentage,non,47,4,2000 2006 2012 2016,2000,2016,13,oui,SRC-066,"Libre d'usage — la seule condition posée par le producteur est la citation ; ni inscription, ni restriction de rediffusion"
FP_NADA_W_TDN,Number of women with a demand for family planning,en,Planification familiale,Need and demand for family planning for all women,effectif,oui,47,4,2000 2006 2012 2016,2000,2016,13,oui,SRC-066,"Libre d'usage — la seule condition posée par le producteur est la citation ; ni inscription, ni restriction de rediffusion"
FP_NADA_W_TDS,Total demand for family planning for spacing (all women),en,Planification familiale,Need and demand for family planning for all women,pourcentage,non,47,4,2000 2006 2012 2016,2000,2016,13,oui,SRC-066,"Libre d'usage — la seule condition posée par le producteur est la citation ; ni inscription, ni restriction de rediffusion"
FP_NADA_W_TDT,"Total demand for family planning, total (all women)",en,Planification familiale,Need and demand for family planning for all women,pourcentage,non,47,4,2000 2006 2012 2016,2000,2016,13,oui,SRC-066,"Libre d'usage — la seule condition posée par le producteur est la citation ; ni inscription, ni restriction de rediffusion"
FP_NADA_W_TDU,Number of women with a demand for family planning (unweighted),en,Planification familiale,Need and demand for family planning for all women,effectif,oui,47,4,2000 2006 2012 2016,2000,2016,13,oui,SRC-066,"Libre d'usage — la seule condition posée par le producteur est la citation ; ni inscription, ni restriction de rediffusion"
FP_NADA_W_UML,Unmet need for modern methods for limiting (all women),en,Planification familiale,Need and demand for family planning for all women,pourcentage,non,47,4,2000 2006 2012 2016,2000,2016,13,oui,SRC-066,"Libre d'usage — la seule condition posée par le producteur est la citation ; ni inscription, ni restriction de rediffusion"
FP_NADA_W_UMS,Unmet need for modern methods for spacing (all women),en,Planification familiale,Need and demand for family planning for all women,pourcentage,non,47,4,2000 2006 2012 2016,2000,2016,13,oui,SRC-066,"Libre d'usage — la seule condition posée par le producteur est la citation ; ni inscription, ni restriction de rediffusion"
FP_NADA_W_UMT,"Unmet need for modern methods, total (all women)",en,Planification familiale,Need and demand for family planning for all women,pourcentage,non,47,4,2000 2006 2012 2016,2000,2016,13,oui,SRC-066,"Libre d'usage — la seule condition posée par le producteur est la citation ; ni inscription, ni restriction de rediffusion"
FP_NADA_W_UNL,Unmet need for family planning for limiting (all women),en,Planification familiale,Need and demand for family planning for all women,pourcentage,non,47,4,2000 2006 2012 2016,2000,2016,13,oui,SRC-066,"Libre d'usage — la seule condition posée par le producteur est la citation ; ni inscription, ni restriction de rediffusion"
FP_NADA_W_UNS,Unmet need for family planning for spacing (all women),en,Planification familiale,Need and demand for family planning for all women,pourcentage,non,47,4,2000 2006 2012 2016,2000,2016,13,oui,SRC-066,"Libre d'usage — la seule condition posée par le producteur est la citation ; ni inscription, ni restriction de rediffusion"
FP_NADA_W_UNT,"Unmet need for family planning, total (all women)",en,Planification familiale,Need and demand for family planning for all women,pourcentage,non,47,4,2000 2006 2012 2016,2000,2016,13,oui,SRC-066,"Libre d'usage — la seule condition posée par le producteur est la citation ; ni inscription, ni restriction de rediffusion"
FP_NADA_W_UNW,Number of women (unweighted),en,Planification familiale,Need and demand for family planning for all women,effectif,oui,47,4,2000 2006 2012 2016,2000,2016,13,oui,SRC-066,"Libre d'usage — la seule condition posée par le producteur est la citation ; ni inscription, ni restriction de rediffusion"
FP_NADM_W_MNL,Met need for family planning (currently using) for limiting,en,Planification familiale,Need and demand for family planning for currently married women,pourcentage,non,47,4,2000 2006 2012 2016,2000,2016,13,oui,SRC-066,"Libre d'usage — la seule condition posée par le producteur est la citation ; ni inscription, ni restriction de rediffusion"
FP_NADM_W_MNS,Met need for family planning (currently using) for spacing,en,Planification familiale,Need and demand for family planning for currently married women,pourcentage,non,47,4,2000 2006 2012 2016,2000,2016,13,oui,SRC-066,"Libre d'usage — la seule condition posée par le producteur est la citation ; ni inscription, ni restriction de rediffusion"
FP_NADM_W_MNT,"Met need for family planning (currently using), total",en,Planification familiale,Need and demand for family planning for currently married women,pourcentage,non,47,4,2000 2006 2012 2016,2000,2016,13,oui,SRC-066,"Libre d'usage — la seule condition posée par le producteur est la citation ; ni inscription, ni restriction de rediffusion"
FP_NADM_W_NUM,Number of married women,en,Planification familiale,Need and demand for family planning for currently married women,effectif,oui,47,4,2000 2006 2012 2016,2000,2016,13,oui,SRC-066,"Libre d'usage — la seule condition posée par le producteur est la citation ; ni inscription, ni restriction de rediffusion"
FP_NADM_W_PDM,Demand for family planning satisfied by modern methods,en,Planification familiale,Need and demand for family planning for currently married women,pourcentage,non,47,4,2000 2006 2012 2016,2000,2016,13,oui,SRC-066,"Libre d'usage — la seule condition posée par le producteur est la citation ; ni inscription, ni restriction de rediffusion"
FP_NADM_W_PDS,Demand for family planning satisfied,en,Planification familiale,Need and demand for family planning for currently married women,pourcentage,non,47,4,2000 2006 2012 2016,2000,2016,13,oui,SRC-066,"Libre d'usage — la seule condition posée par le producteur est la citation ; ni inscription, ni restriction de rediffusion"
FP_NADM_W_TDL,Total demand for family planning for limiting,en,Planification familiale,Need and demand for family planning for currently married women,pourcentage,non,47,4,2000 2006 2012 2016,2000,2016,13,oui,SRC-066,"Libre d'usage — la seule condition posée par le producteur est la citation ; ni inscription, ni restriction de rediffusion"
FP_NADM_W_TDN,Number of married women with a demand for family planning,en,Planification familiale,Need and demand for family planning for currently married women,effectif,oui,47,4,2000 2006 2012 2016,2000,2016,13,oui,SRC-066,"Libre d'usage — la seule condition posée par le producteur est la citation ; ni inscription, ni restriction de rediffusion"
FP_NADM_W_TDS,Total demand for family planning for spacing,en,Planification familiale,Need and demand for family planning for currently married women,pourcentage,non,47,4,2000 2006 2012 2016,2000,2016,13,oui,SRC-066,"Libre d'usage — la seule condition posée par le producteur est la citation ; ni inscription, ni restriction de rediffusion"
FP_NADM_W_TDT,Total demand for family planning,en,Planification familiale,Need and demand for family planning for currently married women,pourcentage,non,47,4,2000 2006 2012 2016,2000,2016,13,oui,SRC-066,"Libre d'usage — la seule condition posée par le producteur est la citation ; ni inscription, ni restriction de rediffusion"
FP_NADM_W_TDU,Number of married women with a demand for family planning (unweighted),en,Planification familiale,Need and demand for family planning for currently married women,effectif,oui,47,4,2000 2006 2012 2016,2000,2016,13,oui,SRC-066,"Libre d'usage — la seule condition posée par le producteur est la citation ; ni inscription, ni restriction de rediffusion"
FP_NADM_W_UML,Unmet need for modern methods for limiting,en,Planification familiale,Need and demand for family planning for currently married women,pourcentage,non,47,4,2000 2006 2012 2016,2000,2016,13,oui,SRC-066,"Libre d'usage — la seule condition posée par le producteur est la citation ; ni inscription, ni restriction de rediffusion"
FP_NADM_W_UMS,Unmet need for modern methods for spacing,en,Planification familiale,Need and demand for family planning for currently married women,pourcentage,non,47,4,2000 2006 2012 2016,2000,2016,13,oui,SRC-066,"Libre d'usage — la seule condition posée par le producteur est la citation ; ni inscription, ni restriction de rediffusion"
FP_NADM_W_UMT,Unmet need for modern methods,en,Planification familiale,Need and demand for family planning for currently married women,pourcentage,non,47,4,2000 2006 2012 2016,2000,2016,13,oui,SRC-066,"Libre d'usage — la seule condition posée par le producteur est la citation ; ni inscription, ni restriction de rediffusion"
FP_NADM_W_UNL,Unmet need for family planning for limiting,en,Planification familiale,Need and demand for family planning for currently married women,pourcentage,non,47,4,2000 2006 2012 2016,2000,2016,13,oui,SRC-066,"Libre d'usage — la seule condition posée par le producteur est la citation ; ni inscription, ni restriction de rediffusion"
FP_NADM_W_UNS,Unmet need for family planning for spacing,en,Planification familiale,Need and demand for family planning for currently married women,pourcentage,non,47,4,2000 2006 2012 2016,2000,2016,13,oui,SRC-066,"Libre d'usage — la seule condition posée par le producteur est la citation ; ni inscription, ni restriction de rediffusion"
FP_NADM_W_UNT,Unmet need for family planning,en,Planification familiale,Need and demand for family planning for currently married women,pourcentage,non,47,4,2000 2006 2012 2016,2000,2016,13,oui,SRC-066,"Libre d'usage — la seule condition posée par le producteur est la citation ; ni inscription, ni restriction de rediffusion"
FP_NADM_W_UNW,Number of married women (unweighted),en,Planification familiale,Need and demand for family planning for currently married women,effectif,oui,47,4,2000 2006 2012 2016,2000,2016,13,oui,SRC-066,"Libre d'usage — la seule condition posée par le producteur est la citation ; ni inscription, ni restriction de rediffusion"
FP_NADU_W_MNL,Met need for family planning (currently using) for limiting (sexually active unmarried women),en,Planification familiale,Need and demand for family planning for sexually active unmarried women,pourcentage,non,38,4,2000 2006 2012 2016,2000,2016,13,oui,SRC-066,"Libre d'usage — la seule condition posée par le producteur est la citation ; ni inscription, ni restriction de rediffusion"
FP_NADU_W_MNS,Met need for family planning (currently using) for spacing (sexually active unmarried women),en,Planification familiale,Need and demand for family planning for sexually active unmarried women,pourcentage,non,38,4,2000 2006 2012 2016,2000,2016,13,oui,SRC-066,"Libre d'usage — la seule condition posée par le producteur est la citation ; ni inscription, ni restriction de rediffusion"
FP_NADU_W_MNT,"Met need for family planning (currently using), total (sexually active unmarried women)",en,Planification familiale,Need and demand for family planning for sexually active unmarried women,pourcentage,non,38,4,2000 2006 2012 2016,2000,2016,13,oui,SRC-066,"Libre d'usage — la seule condition posée par le producteur est la citation ; ni inscription, ni restriction de rediffusion"
FP_NADU_W_NUM,Number of sexually active unmarried women,en,Planification familiale,Need and demand for family planning for sexually active unmarried women,effectif,oui,38,4,2000 2006 2012 2016,2000,2016,13,oui,SRC-066,"Libre d'usage — la seule condition posée par le producteur est la citation ; ni inscription, ni restriction de rediffusion"
FP_NADU_W_PDM,Demand for family planning satisfied by modern methods (sexually active unmarried women),en,Planification familiale,Need and demand for family planning for sexually active unmarried women,pourcentage,non,34,4,2000 2006 2012 2016,2000,2016,13,oui,SRC-066,"Libre d'usage — la seule condition posée par le producteur est la citation ; ni inscription, ni restriction de rediffusion"
FP_NADU_W_PDS,Demand for family planning satisfied (sexually active unmarried women),en,Planification familiale,Need and demand for family planning for sexually active unmarried women,pourcentage,non,34,4,2000 2006 2012 2016,2000,2016,13,oui,SRC-066,"Libre d'usage — la seule condition posée par le producteur est la citation ; ni inscription, ni restriction de rediffusion"
FP_NADU_W_TDL,Total demand for family planning for limiting (sexually active unmarried women),en,Planification familiale,Need and demand for family planning for sexually active unmarried women,pourcentage,non,38,4,2000 2006 2012 2016,2000,2016,13,oui,SRC-066,"Libre d'usage — la seule condition posée par le producteur est la citation ; ni inscription, ni restriction de rediffusion"
FP_NADU_W_TDN,Number of sexually active unmarried women with a demand for family planning,en,Planification familiale,Need and demand for family planning for sexually active unmarried women,effectif,oui,34,4,2000 2006 2012 2016,2000,2016,13,oui,SRC-066,"Libre d'usage — la seule condition posée par le producteur est la citation ; ni inscription, ni restriction de rediffusion"
FP_NADU_W_TDS,Total demand for family planning for spacing (sexually active unmarried women),en,Planification familiale,Need and demand for family planning for sexually active unmarried women,pourcentage,non,38,4,2000 2006 2012 2016,2000,2016,13,oui,SRC-066,"Libre d'usage — la seule condition posée par le producteur est la citation ; ni inscription, ni restriction de rediffusion"
FP_NADU_W_TDT,"Total demand for family planning, total (sexually active unmarried women)",en,Planification familiale,Need and demand for family planning for sexually active unmarried women,pourcentage,non,38,4,2000 2006 2012 2016,2000,2016,13,oui,SRC-066,"Libre d'usage — la seule condition posée par le producteur est la citation ; ni inscription, ni restriction de rediffusion"
FP_NADU_W_TDU,Number of sexually active unmarried women with a demand for family planning (unweighted),en,Planification familiale,Need and demand for family planning for sexually active unmarried women,effectif,oui,47,4,2000 2006 2012 2016,2000,2016,13,oui,SRC-066,"Libre d'usage — la seule condition posée par le producteur est la citation ; ni inscription, ni restriction de rediffusion"
FP_NADU_W_UML,Unmet need for modern methods for limiting (sexually active unmarried women),en,Planification familiale,Need and demand for family planning for sexually active unmarried women,pourcentage,non,38,4,2000 2006 2012 2016,2000,2016,13,oui,SRC-066,"Libre d'usage — la seule condition posée par le producteur est la citation ; ni inscription, ni restriction de rediffusion"
FP_NADU_W_UMS,Unmet need for modern methods for spacing (sexually active unmarried women),en,Planification familiale,Need and demand for family planning for sexually active unmarried women,pourcentage,non,38,4,2000 2006 2012 2016,2000,2016,13,oui,SRC-066,"Libre d'usage — la seule condition posée par le producteur est la citation ; ni inscription, ni restriction de rediffusion"
FP_NADU_W_UMT,"Unmet need for modern methods, total (sexually active unmarried women)",en,Planification familiale,Need and demand for family planning for sexually active unmarried women,pourcentage,non,38,4,2000 2006 2012 2016,2000,2016,13,oui,SRC-066,"Libre d'usage — la seule condition posée par le producteur est la citation ; ni inscription, ni restriction de rediffusion"
FP_NADU_W_UNL,Unmet need for family planning for limiting (sexually active unmarried women),en,Planification familiale,Need and demand for family planning for sexually active unmarried women,pourcentage,non,38,4,2000 2006 2012 2016,2000,2016,13,oui,SRC-066,"Libre d'usage — la seule condition posée par le producteur est la citation ; ni inscription, ni restriction de rediffusion"
FP_NADU_W_UNS,Unmet need for family planning for spacing (sexually active unmarried women),en,Planification familiale,Need and demand for family planning for sexually active unmarried women,pourcentage,non,38,4,2000 2006 2012 2016,2000,2016,13,oui,SRC-066,"Libre d'usage — la seule condition posée par le producteur est la citation ; ni inscription, ni restriction de rediffusion"
FP_NADU_W_UNT,"Unmet need for family planning, total (sexually active unmarried women)",en,Planification familiale,Need and demand for family planning for sexually active unmarried women,pourcentage,non,38,4,2000 2006 2012 2016,2000,2016,13,oui,SRC-066,"Libre d'usage — la seule condition posée par le producteur est la citation ; ni inscription, ni restriction de rediffusion"
FP_NADU_W_UNW,Number of sexually active unmarried women (unweighted),en,Planification familiale,Need and demand for family planning for sexually active unmarried women,effectif,oui,47,4,2000 2006 2012 2016,2000,2016,13,oui,SRC-066,"Libre d'usage — la seule condition posée par le producteur est la citation ; ni inscription, ni restriction de rediffusion"
FP_NDYA_W_MNL,Met need for family planning (currently using) for limiting (all young women),en,Planification familiale,Need and demand for family planning for all young women age 15-24,pourcentage,non,47,4,2000 2006 2012 2016,2000,2016,13,oui,SRC-066,"Libre d'usage — la seule condition posée par le producteur est la citation ; ni inscription, ni restriction de rediffusion"
FP_NDYA_W_MNS,Met need for family planning (currently using) for spacing (all young women),en,Planification familiale,Need and demand for family planning for all young women age 15-24,pourcentage,non,47,4,2000 2006 2012 2016,2000,2016,13,oui,SRC-066,"Libre d'usage — la seule condition posée par le producteur est la citation ; ni inscription, ni restriction de rediffusion"
FP_NDYA_W_MNT,"Met need for family planning (currently using), total (all young women)",en,Planification familiale,Need and demand for family planning for all young women age 15-24,pourcentage,non,47,4,2000 2006 2012 2016,2000,2016,13,oui,SRC-066,"Libre d'usage — la seule condition posée par le producteur est la citation ; ni inscription, ni restriction de rediffusion"
FP_NDYA_W_NUM,Number of young women,en,Planification familiale,Need and demand for family planning for all young women age 15-24,effectif,oui,47,4,2000 2006 2012 2016,2000,2016,13,oui,SRC-066,"Libre d'usage — la seule condition posée par le producteur est la citation ; ni inscription, ni restriction de rediffusion"
FP_NDYA_W_PDM,Demand for family planning satisfied by modern methods (all young women),en,Planification familiale,Need and demand for family planning for all young women age 15-24,pourcentage,non,47,4,2000 2006 2012 2016,2000,2016,13,oui,SRC-066,"Libre d'usage — la seule condition posée par le producteur est la citation ; ni inscription, ni restriction de rediffusion"
FP_NDYA_W_PDS,Demand for family planning satisfied (all young women),en,Planification familiale,Need and demand for family planning for all young women age 15-24,pourcentage,non,47,4,2000 2006 2012 2016,2000,2016,13,oui,SRC-066,"Libre d'usage — la seule condition posée par le producteur est la citation ; ni inscription, ni restriction de rediffusion"
FP_NDYA_W_TDL,Total demand for family planning for limiting (all young women),en,Planification familiale,Need and demand for family planning for all young women age 15-24,pourcentage,non,47,4,2000 2006 2012 2016,2000,2016,13,oui,SRC-066,"Libre d'usage — la seule condition posée par le producteur est la citation ; ni inscription, ni restriction de rediffusion"
FP_NDYA_W_TDN,Number of young women with a demand for family planning,en,Planification familiale,Need and demand for family planning for all young women age 15-24,effectif,oui,47,4,2000 2006 2012 2016,2000,2016,13,oui,SRC-066,"Libre d'usage — la seule condition posée par le producteur est la citation ; ni inscription, ni restriction de rediffusion"
FP_NDYA_W_TDS,Total demand for family planning for spacing (all young women),en,Planification familiale,Need and demand for family planning for all young women age 15-24,pourcentage,non,47,4,2000 2006 2012 2016,2000,2016,13,oui,SRC-066,"Libre d'usage — la seule condition posée par le producteur est la citation ; ni inscription, ni restriction de rediffusion"
FP_NDYA_W_TDT,"Total demand for family planning, total (all young women)",en,Planification familiale,Need and demand for family planning for all young women age 15-24,pourcentage,non,47,4,2000 2006 2012 2016,2000,2016,13,oui,SRC-066,"Libre d'usage — la seule condition posée par le producteur est la citation ; ni inscription, ni restriction de rediffusion"
FP_NDYA_W_TDU,Number of young women with a demand for family planning (unweighted),en,Planification familiale,Need and demand for family planning for all young women age 15-24,effectif,oui,47,4,2000 2006 2012 2016,2000,2016,13,oui,SRC-066,"Libre d'usage — la seule condition posée par le producteur est la citation ; ni inscription, ni restriction de rediffusion"
FP_NDYA_W_UML,Unmet need for modern methods for limiting (all young women),en,Planification familiale,Need and demand for family planning for all young women age 15-24,pourcentage,non,47,4,2000 2006 2012 2016,2000,2016,13,oui,SRC-066,"Libre d'usage — la seule condition posée par le producteur est la citation ; ni inscription, ni restriction de rediffusion"
FP_NDYA_W_UMS,Unmet need for modern methods for spacing (all young women),en,Planification familiale,Need and demand for family planning for all young women age 15-24,pourcentage,non,47,4,2000 2006 2012 2016,2000,2016,13,oui,SRC-066,"Libre d'usage — la seule condition posée par le producteur est la citation ; ni inscription, ni restriction de rediffusion"
FP_NDYA_W_UMT,"Unmet need for modern methods, total (all young women)",en,Planification familiale,Need and demand for family planning for all young women age 15-24,pourcentage,non,47,4,2000 2006 2012 2016,2000,2016,13,oui,SRC-066,"Libre d'usage — la seule condition posée par le producteur est la citation ; ni inscription, ni restriction de rediffusion"
FP_NDYA_W_UNL,Unmet need for family planning for limiting (all young women),en,Planification familiale,Need and demand for family planning for all young women age 15-24,pourcentage,non,47,4,2000 2006 2012 2016,2000,2016,13,oui,SRC-066,"Libre d'usage — la seule condition posée par le producteur est la citation ; ni inscription, ni restriction de rediffusion"
FP_NDYA_W_UNS,Unmet need for family planning for spacing (all young women),en,Planification familiale,Need and demand for family planning for all young women age 15-24,pourcentage,non,47,4,2000 2006 2012 2016,2000,2016,13,oui,SRC-066,"Libre d'usage — la seule condition posée par le producteur est la citation ; ni inscription, ni restriction de rediffusion"
FP_NDYA_W_UNT,"Unmet need for family planning, total (all young women)",en,Planification familiale,Need and demand for family planning for all young women age 15-24,pourcentage,non,47,4,2000 2006 2012 2016,2000,2016,13,oui,SRC-066,"Libre d'usage — la seule condition posée par le producteur est la citation ; ni inscription, ni restriction de rediffusion"
FP_NDYA_W_UNW,Number of young women (unweighted),en,Planification familiale,Need and demand for family planning for all young women age 15-24,effectif,oui,47,4,2000 2006 2012 2016,2000,2016,13,oui,SRC-066,"Libre d'usage — la seule condition posée par le producteur est la citation ; ni inscription, ni restriction de rediffusion"
FP_NDYM_W_MNL,Met need for family planning (currently using) for limiting (married young women),en,Planification familiale,Need and demand for family planning for currently married young women age 15-24,pourcentage,non,47,4,2000 2006 2012 2016,2000,2016,13,oui,SRC-066,"Libre d'usage — la seule condition posée par le producteur est la citation ; ni inscription, ni restriction de rediffusion"
FP_NDYM_W_MNS,Met need for family planning (currently using) for spacing (married young women),en,Planification familiale,Need and demand for family planning for currently married young women age 15-24,pourcentage,non,47,4,2000 2006 2012 2016,2000,2016,13,oui,SRC-066,"Libre d'usage — la seule condition posée par le producteur est la citation ; ni inscription, ni restriction de rediffusion"
FP_NDYM_W_MNT,"Met need for family planning (currently using), total (married young women)",en,Planification familiale,Need and demand for family planning for currently married young women age 15-24,pourcentage,non,47,4,2000 2006 2012 2016,2000,2016,13,oui,SRC-066,"Libre d'usage — la seule condition posée par le producteur est la citation ; ni inscription, ni restriction de rediffusion"
FP_NDYM_W_NUM,Number of married young women,en,Planification familiale,Need and demand for family planning for currently married young women age 15-24,effectif,oui,47,4,2000 2006 2012 2016,2000,2016,13,oui,SRC-066,"Libre d'usage — la seule condition posée par le producteur est la citation ; ni inscription, ni restriction de rediffusion"
FP_NDYM_W_PDM,Demand for family planning satisfied by modern methods (married young women),en,Planification familiale,Need and demand for family planning for currently married young women age 15-24,pourcentage,non,47,4,2000 2006 2012 2016,2000,2016,13,oui,SRC-066,"Libre d'usage — la seule condition posée par le producteur est la citation ; ni inscription, ni restriction de rediffusion"
FP_NDYM_W_PDS,Demand for family planning satisfied (married young women),en,Planification familiale,Need and demand for family planning for currently married young women age 15-24,pourcentage,non,47,4,2000 2006 2012 2016,2000,2016,13,oui,SRC-066,"Libre d'usage — la seule condition posée par le producteur est la citation ; ni inscription, ni restriction de rediffusion"
FP_NDYM_W_TDL,Total demand for family planning for limiting (married young women),en,Planification familiale,Need and demand for family planning for currently married young women age 15-24,pourcentage,non,47,4,2000 2006 2012 2016,2000,2016,13,oui,SRC-066,"Libre d'usage — la seule condition posée par le producteur est la citation ; ni inscription, ni restriction de rediffusion"
FP_NDYM_W_TDN,Number of married young women with a demand for family planning,en,Planification familiale,Need and demand for family planning for currently married young women age 15-24,effectif,oui,47,4,2000 2006 2012 2016,2000,2016,13,oui,SRC-066,"Libre d'usage — la seule condition posée par le producteur est la citation ; ni inscription, ni restriction de rediffusion"
FP_NDYM_W_TDS,Total demand for family planning for spacing (married young women),en,Planification familiale,Need and demand for family planning for currently married young women age 15-24,pourcentage,non,47,4,2000 2006 2012 2016,2000,2016,13,oui,SRC-066,"Libre d'usage — la seule condition posée par le producteur est la citation ; ni inscription, ni restriction de rediffusion"
FP_NDYM_W_TDT,Total demand for family planning (married young women),en,Planification familiale,Need and demand for family planning for currently married young women age 15-24,pourcentage,non,47,4,2000 2006 2012 2016,2000,2016,13,oui,SRC-066,"Libre d'usage — la seule condition posée par le producteur est la citation ; ni inscription, ni restriction de rediffusion"
FP_NDYM_W_TDU,Number of married young women with a demand for family planning (unweighted),en,Planification familiale,Need and demand for family planning for currently married young women age 15-24,effectif,oui,47,4,2000 2006 2012 2016,2000,2016,13,oui,SRC-066,"Libre d'usage — la seule condition posée par le producteur est la citation ; ni inscription, ni restriction de rediffusion"
FP_NDYM_W_UML,Unmet need for modern methods for limiting (married young women),en,Planification familiale,Need and demand for family planning for currently married young women age 15-24,pourcentage,non,47,4,2000 2006 2012 2016,2000,2016,13,oui,SRC-066,"Libre d'usage — la seule condition posée par le producteur est la citation ; ni inscription, ni restriction de rediffusion"
FP_NDYM_W_UMS,Unmet need for modern methods for spacing (married young women),en,Planification familiale,Need and demand for family planning for currently married young women age 15-24,pourcentage,non,47,4,2000 2006 2012 2016,2000,2016,13,oui,SRC-066,"Libre d'usage — la seule condition posée par le producteur est la citation ; ni inscription, ni restriction de rediffusion"
FP_NDYM_W_UMT,Unmet need for modern methods (married young women),en,Planification familiale,Need and demand for family planning for currently married young women age 15-24,pourcentage,non,47,4,2000 2006 2012 2016,2000,2016,13,oui,SRC-066,"Libre d'usage — la seule condition posée par le producteur est la citation ; ni inscription, ni restriction de rediffusion"
FP_NDYM_W_UNL,Unmet need for family planning for limiting (married young women),en,Planification familiale,Need and demand for family planning for currently married young women age 15-24,pourcentage,non,47,4,2000 2006 2012 2016,2000,2016,13,oui,SRC-066,"Libre d'usage — la seule condition posée par le producteur est la citation ; ni inscription, ni restriction de rediffusion"
FP_NDYM_W_UNS,Unmet need for family planning for spacing (married young women),en,Planification familiale,Need and demand for family planning for currently married young women age 15-24,pourcentage,non,47,4,2000 2006 2012 2016,2000,2016,13,oui,SRC-066,"Libre d'usage — la seule condition posée par le producteur est la citation ; ni inscription, ni restriction de rediffusion"
FP_NDYM_W_UNT,Unmet need for family planning (married young women),en,Planification familiale,Need and demand for family planning for currently married young women age 15-24,pourcentage,non,47,4,2000 2006 2012 2016,2000,2016,13,oui,SRC-066,"Libre d'usage — la seule condition posée par le producteur est la citation ; ni inscription, ni restriction de rediffusion"
FP_NDYM_W_UNW,Number of married young women (unweighted),en,Planification familiale,Need and demand for family planning for currently married young women age 15-24,effectif,oui,47,4,2000 2006 2012 2016,2000,2016,13,oui,SRC-066,"Libre d'usage — la seule condition posée par le producteur est la citation ; ni inscription, ni restriction de rediffusion"
FP_NDYU_W_MNL,Met need for family planning (currently using) for limiting (sexually active unmarried young women),en,Planification familiale,Need and demand for family planning for sexually active unmarried women age 15-24,pourcentage,non,31,4,2000 2006 2012 2016,2000,2016,13,oui,SRC-066,"Libre d'usage — la seule condition posée par le producteur est la citation ; ni inscription, ni restriction de rediffusion"
FP_NDYU_W_MNS,Met need for family planning (currently using) for spacing (sexually active unmarried young women),en,Planification familiale,Need and demand for family planning for sexually active unmarried women age 15-24,pourcentage,non,31,4,2000 2006 2012 2016,2000,2016,13,oui,SRC-066,"Libre d'usage — la seule condition posée par le producteur est la citation ; ni inscription, ni restriction de rediffusion"
FP_NDYU_W_MNT,"Met need for family planning (currently using), total (sexually active unmarried young women)",en,Planification familiale,Need and demand for family planning for sexually active unmarried women age 15-24,pourcentage,non,31,4,2000 2006 2012 2016,2000,2016,13,oui,SRC-066,"Libre d'usage — la seule condition posée par le producteur est la citation ; ni inscription, ni restriction de rediffusion"
FP_NDYU_W_NUM,Number of sexually active unmarried women,en,Planification familiale,Need and demand for family planning for sexually active unmarried women age 15-24,effectif,oui,31,4,2000 2006 2012 2016,2000,2016,13,oui,SRC-066,"Libre d'usage — la seule condition posée par le producteur est la citation ; ni inscription, ni restriction de rediffusion"
FP_NDYU_W_PDM,Demand for family planning satisfied by modern methods (sexually active unmarried young women),en,Planification familiale,Need and demand for family planning for sexually active unmarried women age 15-24,pourcentage,non,30,4,2000 2006 2012 2016,2000,2016,13,oui,SRC-066,"Libre d'usage — la seule condition posée par le producteur est la citation ; ni inscription, ni restriction de rediffusion"
FP_NDYU_W_PDS,Demand for family planning satisfied (sexually active unmarried young women),en,Planification familiale,Need and demand for family planning for sexually active unmarried women age 15-24,pourcentage,non,30,4,2000 2006 2012 2016,2000,2016,13,oui,SRC-066,"Libre d'usage — la seule condition posée par le producteur est la citation ; ni inscription, ni restriction de rediffusion"
FP_NDYU_W_TDL,Total demand for family planning for limiting (sexually active unmarried young women),en,Planification familiale,Need and demand for family planning for sexually active unmarried women age 15-24,pourcentage,non,31,4,2000 2006 2012 2016,2000,2016,13,oui,SRC-066,"Libre d'usage — la seule condition posée par le producteur est la citation ; ni inscription, ni restriction de rediffusion"
FP_NDYU_W_TDN,Number of sexually active unmarried young women with a demand for family planning,en,Planification familiale,Need and demand for family planning for sexually active unmarried women age 15-24,effectif,oui,30,4,2000 2006 2012 2016,2000,2016,13,oui,SRC-066,"Libre d'usage — la seule condition posée par le producteur est la citation ; ni inscription, ni restriction de rediffusion"
FP_NDYU_W_TDS,Total demand for family planning for spacing (sexually active unmarried young women),en,Planification familiale,Need and demand for family planning for sexually active unmarried women age 15-24,pourcentage,non,31,4,2000 2006 2012 2016,2000,2016,13,oui,SRC-066,"Libre d'usage — la seule condition posée par le producteur est la citation ; ni inscription, ni restriction de rediffusion"
FP_NDYU_W_TDT,"Total demand for family planning, total (sexually active unmarried young women)",en,Planification familiale,Need and demand for family planning for sexually active unmarried women age 15-24,pourcentage,non,31,4,2000 2006 2012 2016,2000,2016,13,oui,SRC-066,"Libre d'usage — la seule condition posée par le producteur est la citation ; ni inscription, ni restriction de rediffusion"
FP_NDYU_W_TDU,Number of sexually active unmarried young women with a demand for family planning (unweighted),en,Planification familiale,Need and demand for family planning for sexually active unmarried women age 15-24,effectif,oui,47,4,2000 2006 2012 2016,2000,2016,13,oui,SRC-066,"Libre d'usage — la seule condition posée par le producteur est la citation ; ni inscription, ni restriction de rediffusion"
FP_NDYU_W_UML,Unmet need for modern methods for limiting (sexually active unmarried young women),en,Planification familiale,Need and demand for family planning for sexually active unmarried women age 15-24,pourcentage,non,31,4,2000 2006 2012 2016,2000,2016,13,oui,SRC-066,"Libre d'usage — la seule condition posée par le producteur est la citation ; ni inscription, ni restriction de rediffusion"
FP_NDYU_W_UMS,Unmet need for modern methods for spacing (sexually active unmarried young women),en,Planification familiale,Need and demand for family planning for sexually active unmarried women age 15-24,pourcentage,non,31,4,2000 2006 2012 2016,2000,2016,13,oui,SRC-066,"Libre d'usage — la seule condition posée par le producteur est la citation ; ni inscription, ni restriction de rediffusion"
FP_NDYU_W_UMT,"Unmet need for modern methods, total (sexually active unmarried young women)",en,Planification familiale,Need and demand for family planning for sexually active unmarried women age 15-24,pourcentage,non,31,4,2000 2006 2012 2016,2000,2016,13,oui,SRC-066,"Libre d'usage — la seule condition posée par le producteur est la citation ; ni inscription, ni restriction de rediffusion"
FP_NDYU_W_UNL,Unmet need for family planning for limiting (sexually active unmarried young women),en,Planification familiale,Need and demand for family planning for sexually active unmarried women age 15-24,pourcentage,non,31,4,2000 2006 2012 2016,2000,2016,13,oui,SRC-066,"Libre d'usage — la seule condition posée par le producteur est la citation ; ni inscription, ni restriction de rediffusion"
FP_NDYU_W_UNS,Unmet need for family planning for spacing (sexually active unmarried young women),en,Planification familiale,Need and demand for family planning for sexually active unmarried women age 15-24,pourcentage,non,31,4,2000 2006 2012 2016,2000,2016,13,oui,SRC-066,"Libre d'usage — la seule condition posée par le producteur est la citation ; ni inscription, ni restriction de rediffusion"
FP_NDYU_W_UNT,"Unmet need for family planning, total (sexually active unmarried young women)",en,Planification familiale,Need and demand for family planning for sexually active unmarried women age 15-24,pourcentage,non,31,4,2000 2006 2012 2016,2000,2016,13,oui,SRC-066,"Libre d'usage — la seule condition posée par le producteur est la citation ; ni inscription, ni restriction de rediffusion"
FP_NDYU_W_UNW,Number of sexually active unmarried women (unweighted),en,Planification familiale,Need and demand for family planning for sexually active unmarried women age 15-24,effectif,oui,47,4,2000 2006 2012 2016,2000,2016,13,oui,SRC-066,"Libre d'usage — la seule condition posée par le producteur est la citation ; ni inscription, ni restriction de rediffusion"
FP_NFPP_W_FPW,Nonusers visited by FP worker and told about FP,en,Planification familiale,Contact of nonusers with family planning providers,pourcentage,non,47,4,2000 2006 2012 2016,2000,2016,13,oui,SRC-066,"Libre d'usage — la seule condition posée par le producteur est la citation ; ni inscription, ni restriction de rediffusion"
FP_NFPP_W_HFP,Nonusers who visited a health facility and discussed FP,en,Planification familiale,Contact of nonusers with family planning providers,pourcentage,non,47,4,2000 2006 2012 2016,2000,2016,13,oui,SRC-066,"Libre d'usage — la seule condition posée par le producteur est la citation ; ni inscription, ni restriction de rediffusion"
FP_NFPP_W_HNF,Nonusers who visited a health facility but did not discuss FP,en,Planification familiale,Contact of nonusers with family planning providers,pourcentage,non,47,4,2000 2006 2012 2016,2000,2016,13,oui,SRC-066,"Libre d'usage — la seule condition posée par le producteur est la citation ; ni inscription, ni restriction de rediffusion"
FP_NFPP_W_NFP,Nonusers who did not discuss FP with a fieldworker or at a health facility,en,Planification familiale,Contact of nonusers with family planning providers,pourcentage,non,47,4,2000 2006 2012 2016,2000,2016,13,oui,SRC-066,"Libre d'usage — la seule condition posée par le producteur est la citation ; ni inscription, ni restriction de rediffusion"
FP_NFPP_W_NUM,Number of nonusers of FP,en,Planification familiale,Contact of nonusers with family planning providers,effectif,oui,47,4,2000 2006 2012 2016,2000,2016,13,oui,SRC-066,"Libre d'usage — la seule condition posée par le producteur est la citation ; ni inscription, ni restriction de rediffusion"
FP_NFPP_W_UNW,Number of nonusers of FP (unweighted),en,Planification familiale,Contact of nonusers with family planning providers,effectif,oui,47,4,2000 2006 2012 2016,2000,2016,13,oui,SRC-066,"Libre d'usage — la seule condition posée par le producteur est la citation ; ni inscription, ni restriction de rediffusion"
FP_SOCM_W_CON,Using social marketing brand of condom,en,Planification familiale,Use of social marketing brand pills and condoms,pourcentage,non,22,2,2012 2016,2012,2016,13,non,SRC-066,"Libre d'usage — la seule condition posée par le producteur est la citation ; ni inscription, ni restriction de rediffusion"
FP_SOCM_W_NCN,Number of women using condoms,en,Planification familiale,Use of social marketing brand pills and condoms,effectif,oui,22,2,2012 2016,2012,2016,13,non,SRC-066,"Libre d'usage — la seule condition posée par le producteur est la citation ; ni inscription, ni restriction de rediffusion"
FP_SOCM_W_NPL,Number of women using pills,en,Planification familiale,Use of social marketing brand pills and condoms,effectif,oui,6,3,2006 2012 2016,2006,2016,3,oui,SRC-066,"Libre d'usage — la seule condition posée par le producteur est la citation ; ni inscription, ni restriction de rediffusion"
FP_SOCM_W_PIL,Using social marketing brand of pill,en,Planification familiale,Use of social marketing brand pills and condoms,pourcentage,non,6,3,2006 2012 2016,2006,2016,3,oui,SRC-066,"Libre d'usage — la seule condition posée par le producteur est la citation ; ni inscription, ni restriction de rediffusion"
FP_SOCM_W_UCN,Number of women using condoms (unweighted),en,Planification familiale,Use of social marketing brand pills and condoms,effectif,oui,25,2,2012 2016,2012,2016,13,non,SRC-066,"Libre d'usage — la seule condition posée par le producteur est la citation ; ni inscription, ni restriction de rediffusion"
FP_SOCM_W_UPL,Number of women using pills (unweighted),en,Planification familiale,Use of social marketing brand pills and condoms,effectif,oui,37,3,2006 2012 2016,2006,2016,13,oui,SRC-066,"Libre d'usage — la seule condition posée par le producteur est la citation ; ni inscription, ni restriction de rediffusion"
CP_BREG_C_CRT,Children who had a birth certificate,en,Protection de l'enfance,Birth registration,pourcentage,non,37,3,2006 2012 2016,2006,2016,13,oui,SRC-066,"Libre d'usage — la seule condition posée par le producteur est la citation ; ni inscription, ni restriction de rediffusion"
CP_BREG_C_NCT,Children who did not have a birth certificate but were registered,en,Protection de l'enfance,Birth registration,pourcentage,non,37,3,2006 2012 2016,2006,2016,13,oui,SRC-066,"Libre d'usage — la seule condition posée par le producteur est la citation ; ni inscription, ni restriction de rediffusion"
CP_BREG_C_NUM,Number of children under 5,en,Protection de l'enfance,Birth registration,effectif,oui,37,3,2006 2012 2016,2006,2016,13,oui,SRC-066,"Libre d'usage — la seule condition posée par le producteur est la citation ; ni inscription, ni restriction de rediffusion"
CP_BREG_C_REG,Children registered,en,Protection de l'enfance,Birth registration,pourcentage,non,37,3,2006 2012 2016,2006,2016,13,oui,SRC-066,"Libre d'usage — la seule condition posée par le producteur est la citation ; ni inscription, ni restriction de rediffusion"
CP_BREG_C_UNW,Number of children under 5 (unweighted),en,Protection de l'enfance,Birth registration,effectif,oui,37,3,2006 2012 2016,2006,2016,13,oui,SRC-066,"Libre d'usage — la seule condition posée par le producteur est la citation ; ni inscription, ni restriction de rediffusion"
CP_CDIS_C_ANY,Children 2-14 who experienced any violent discipline method,en,Protection de l'enfance,Child discipline,pourcentage,non,13,1,2012,2012,2012,13,non,SRC-066,"Libre d'usage — la seule condition posée par le producteur est la citation ; ni inscription, ni restriction de rediffusion"
CP_CDIS_C_NM1,Number of respondents to the child discipline module,en,Protection de l'enfance,Child discipline,effectif,oui,13,1,2012,2012,2012,13,non,SRC-066,"Libre d'usage — la seule condition posée par le producteur est la citation ; ni inscription, ni restriction de rediffusion"
CP_CDIS_C_NON,Children 2-14 who experienced only non-violent discipline,en,Protection de l'enfance,Child discipline,pourcentage,non,13,1,2012,2012,2012,13,non,SRC-066,"Libre d'usage — la seule condition posée par le producteur est la citation ; ni inscription, ni restriction de rediffusion"
CP_CDIS_C_NUM,Number of children age 2-14 years,en,Protection de l'enfance,Child discipline,effectif,oui,13,1,2012,2012,2012,13,non,SRC-066,"Libre d'usage — la seule condition posée par le producteur est la citation ; ni inscription, ni restriction de rediffusion"
CP_CDIS_C_PHY,Children 2-14 who experienced any physical punishment,en,Protection de l'enfance,Child discipline,pourcentage,non,13,1,2012,2012,2012,13,non,SRC-066,"Libre d'usage — la seule condition posée par le producteur est la citation ; ni inscription, ni restriction de rediffusion"
CP_CDIS_C_PSY,Children 2-14 who experienced psychological aggression,en,Protection de l'enfance,Child discipline,pourcentage,non,13,1,2012,2012,2012,13,non,SRC-066,"Libre d'usage — la seule condition posée par le producteur est la citation ; ni inscription, ni restriction de rediffusion"
CP_CDIS_C_PUN,Respondent believes that the child needs to be physically punished,en,Protection de l'enfance,Child discipline,pourcentage,non,13,1,2012,2012,2012,13,non,SRC-066,"Libre d'usage — la seule condition posée par le producteur est la citation ; ni inscription, ni restriction de rediffusion"
CP_CDIS_C_SVP,Children 2-14 who experienced severe physical punishment,en,Protection de l'enfance,Child discipline,pourcentage,non,13,1,2012,2012,2012,13,non,SRC-066,"Libre d'usage — la seule condition posée par le producteur est la citation ; ni inscription, ni restriction de rediffusion"
CP_CDIS_C_UN1,Number of respondents to the child discipline module (unweighted),en,Protection de l'enfance,Child discipline,effectif,oui,13,1,2012,2012,2012,13,non,SRC-066,"Libre d'usage — la seule condition posée par le producteur est la citation ; ni inscription, ni restriction de rediffusion"
CP_CDIS_C_UNW,Number of children age 2-14 years (unweighted),en,Protection de l'enfance,Child discipline,effectif,oui,13,1,2012,2012,2012,13,non,SRC-066,"Libre d'usage — la seule condition posée par le producteur est la citation ; ni inscription, ni restriction de rediffusion"
CP_CLAB_C_CHL,Children age 5-14 involved in child labor,en,Protection de l'enfance,Child labor of children age 5-14,pourcentage,non,13,1,2012,2012,2012,13,non,SRC-066,"Libre d'usage — la seule condition posée par le producteur est la citation ; ni inscription, ni restriction de rediffusion"
CP_CLAB_C_NUM,Number of children age 5-14,en,Protection de l'enfance,Child labor of children age 5-14,effectif,oui,13,1,2012,2012,2012,13,non,SRC-066,"Libre d'usage — la seule condition posée par le producteur est la citation ; ni inscription, ni restriction de rediffusion"
CP_CLAB_C_UNW,Number of children age 5-14 (unweighted),en,Protection de l'enfance,Child labor of children age 5-14,effectif,oui,13,1,2012,2012,2012,13,non,SRC-066,"Libre d'usage — la seule condition posée par le producteur est la citation ; ni inscription, ni restriction de rediffusion"
CP_CLBC_C_CHL,Children age 5-11 involved in child labor,en,Protection de l'enfance,Child labor of children age 5-11,pourcentage,non,13,1,2012,2012,2012,13,non,SRC-066,"Libre d'usage — la seule condition posée par le producteur est la citation ; ni inscription, ni restriction de rediffusion"
CP_CLBC_C_CHM,Children age 5-11 involved in household chores for 28 hours or more,en,Protection de l'enfance,Child labor of children age 5-11,pourcentage,non,13,1,2012,2012,2012,13,non,SRC-066,"Libre d'usage — la seule condition posée par le producteur est la citation ; ni inscription, ni restriction de rediffusion"
CP_CLBC_C_CHR,Children age 5-11 involved in household chores less than 28 hours,en,Protection de l'enfance,Child labor of children age 5-11,pourcentage,non,13,1,2012,2012,2012,13,non,SRC-066,"Libre d'usage — la seule condition posée par le producteur est la citation ; ni inscription, ni restriction de rediffusion"
CP_CLBC_C_ECA,Children age 5-11 involved in economic activity for at least one hour,en,Protection de l'enfance,Child labor of children age 5-11,pourcentage,non,13,1,2012,2012,2012,13,non,SRC-066,"Libre d'usage — la seule condition posée par le producteur est la citation ; ni inscription, ni restriction de rediffusion"
CP_CLBC_C_FAM,Children age 5-11 involved in working for family business,en,Protection de l'enfance,Child labor of children age 5-11,pourcentage,non,13,1,2012,2012,2012,13,non,SRC-066,"Libre d'usage — la seule condition posée par le producteur est la citation ; ni inscription, ni restriction de rediffusion"
CP_CLBC_C_NUM,Number of children age 5-11,en,Protection de l'enfance,Child labor of children age 5-11,effectif,oui,13,1,2012,2012,2012,13,non,SRC-066,"Libre d'usage — la seule condition posée par le producteur est la citation ; ni inscription, ni restriction de rediffusion"
CP_CLBC_C_PWK,Children age 5-11 involved in paid work outside household,en,Protection de l'enfance,Child labor of children age 5-11,pourcentage,non,13,1,2012,2012,2012,13,non,SRC-066,"Libre d'usage — la seule condition posée par le producteur est la citation ; ni inscription, ni restriction de rediffusion"
CP_CLBC_C_UNW,Number of children age 5-11 (unweighted),en,Protection de l'enfance,Child labor of children age 5-11,effectif,oui,13,1,2012,2012,2012,13,non,SRC-066,"Libre d'usage — la seule condition posée par le producteur est la citation ; ni inscription, ni restriction de rediffusion"
CP_CLBC_C_UWK,Children age 5-11 involved in unpaid work outside household,en,Protection de l'enfance,Child labor of children age 5-11,pourcentage,non,13,1,2012,2012,2012,13,non,SRC-066,"Libre d'usage — la seule condition posée par le producteur est la citation ; ni inscription, ni restriction de rediffusion"
CP_CLBS_C_LAB,Children age 5-14 involved in child labor,en,Protection de l'enfance,Child labor and school attendance,pourcentage,non,13,1,2012,2012,2012,13,non,SRC-066,"Libre d'usage — la seule condition posée par le producteur est la citation ; ni inscription, ni restriction de rediffusion"
CP_CLBS_C_LBS,Child laborers age 5-14 who are attending school,en,Protection de l'enfance,Child labor and school attendance,pourcentage,non,13,1,2012,2012,2012,13,non,SRC-066,"Libre d'usage — la seule condition posée par le producteur est la citation ; ni inscription, ni restriction de rediffusion"
CP_CLBS_C_NM1,Number of children age 5-14,en,Protection de l'enfance,Child labor and school attendance,effectif,oui,13,1,2012,2012,2012,13,non,SRC-066,"Libre d'usage — la seule condition posée par le producteur est la citation ; ni inscription, ni restriction de rediffusion"
CP_CLBS_C_NM2,Number of children age 5-14 involved in child labor,en,Protection de l'enfance,Child labor and school attendance,effectif,oui,13,1,2012,2012,2012,13,non,SRC-066,"Libre d'usage — la seule condition posée par le producteur est la citation ; ni inscription, ni restriction de rediffusion"
CP_CLBS_C_NM3,Number of children age 5-14 attending school,en,Protection de l'enfance,Child labor and school attendance,effectif,oui,13,1,2012,2012,2012,13,non,SRC-066,"Libre d'usage — la seule condition posée par le producteur est la citation ; ni inscription, ni restriction de rediffusion"
CP_CLBS_C_SCH,Children age 5-14 attending school,en,Protection de l'enfance,Child labor and school attendance,pourcentage,non,13,1,2012,2012,2012,13,non,SRC-066,"Libre d'usage — la seule condition posée par le producteur est la citation ; ni inscription, ni restriction de rediffusion"
CP_CLBS_C_SLB,Children age 5-14 attending school who are involved in child labour,en,Protection de l'enfance,Child labor and school attendance,pourcentage,non,13,1,2012,2012,2012,13,non,SRC-066,"Libre d'usage — la seule condition posée par le producteur est la citation ; ni inscription, ni restriction de rediffusion"
CP_CLBS_C_UN1,Number of children age 5-14 (unweighted),en,Protection de l'enfance,Child labor and school attendance,effectif,oui,13,1,2012,2012,2012,13,non,SRC-066,"Libre d'usage — la seule condition posée par le producteur est la citation ; ni inscription, ni restriction de rediffusion"
CP_CLBS_C_UN2,Number of children age 5-14 involved in child labor (unweighted),en,Protection de l'enfance,Child labor and school attendance,effectif,oui,13,1,2012,2012,2012,13,non,SRC-066,"Libre d'usage — la seule condition posée par le producteur est la citation ; ni inscription, ni restriction de rediffusion"
CP_CLBS_C_UN3,Number of children age 5-14 attending school (unweighted),en,Protection de l'enfance,Child labor and school attendance,effectif,oui,13,1,2012,2012,2012,13,non,SRC-066,"Libre d'usage — la seule condition posée par le producteur est la citation ; ni inscription, ni restriction de rediffusion"
CP_CLBY_C_CHL,Children age 12-14 involved in child labor,en,Protection de l'enfance,Child labor of children age 12-14,pourcentage,non,13,1,2012,2012,2012,13,non,SRC-066,"Libre d'usage — la seule condition posée par le producteur est la citation ; ni inscription, ni restriction de rediffusion"
CP_CLBY_C_CHM,Children age 12-14 involved in household chores for 28 hours or more,en,Protection de l'enfance,Child labor of children age 12-14,pourcentage,non,13,1,2012,2012,2012,13,non,SRC-066,"Libre d'usage — la seule condition posée par le producteur est la citation ; ni inscription, ni restriction de rediffusion"
CP_CLBY_C_CHR,Children age 12-14 involved in household chores less than 28 hours,en,Protection de l'enfance,Child labor of children age 12-14,pourcentage,non,13,1,2012,2012,2012,13,non,SRC-066,"Libre d'usage — la seule condition posée par le producteur est la citation ; ni inscription, ni restriction de rediffusion"
CP_CLBY_C_ECL,Children age 12-14 involved in economic activity less than 14 hours,en,Protection de l'enfance,Child labor of children age 12-14,pourcentage,non,13,1,2012,2012,2012,13,non,SRC-066,"Libre d'usage — la seule condition posée par le producteur est la citation ; ni inscription, ni restriction de rediffusion"
CP_CLBY_C_ECM,Children age 12-14 involved in economic activity for 14 hours or more,en,Protection de l'enfance,Child labor of children age 12-14,pourcentage,non,13,1,2012,2012,2012,13,non,SRC-066,"Libre d'usage — la seule condition posée par le producteur est la citation ; ni inscription, ni restriction de rediffusion"
CP_CLBY_C_FAM,Children age 12-14 involved in working for family business,en,Protection de l'enfance,Child labor of children age 12-14,pourcentage,non,13,1,2012,2012,2012,13,non,SRC-066,"Libre d'usage — la seule condition posée par le producteur est la citation ; ni inscription, ni restriction de rediffusion"
CP_CLBY_C_NUM,Number of children age 12-14,en,Protection de l'enfance,Child labor of children age 12-14,effectif,oui,13,1,2012,2012,2012,13,non,SRC-066,"Libre d'usage — la seule condition posée par le producteur est la citation ; ni inscription, ni restriction de rediffusion"
CP_CLBY_C_PWK,Children age 12-14 involved in paid work outside household,en,Protection de l'enfance,Child labor of children age 12-14,pourcentage,non,13,1,2012,2012,2012,13,non,SRC-066,"Libre d'usage — la seule condition posée par le producteur est la citation ; ni inscription, ni restriction de rediffusion"
CP_CLBY_C_UNW,Number of children age 12-14 (unweighted),en,Protection de l'enfance,Child labor of children age 12-14,effectif,oui,13,1,2012,2012,2012,13,non,SRC-066,"Libre d'usage — la seule condition posée par le producteur est la citation ; ni inscription, ni restriction de rediffusion"
CP_CLBY_C_UWK,Children age 12-14 involved in unpaid work outside household,en,Protection de l'enfance,Child labor of children age 12-14,pourcentage,non,13,1,2012,2012,2012,13,non,SRC-066,"Libre d'usage — la seule condition posée par le producteur est la citation ; ni inscription, ni restriction de rediffusion"
PR_DESL_M_UNW,Number of currently married men (unweighted),en,Préférences en matière de fécondité,Desire to limit childbearing,effectif,oui,22,2,2000 2016,2000,2016,12,non,SRC-066,"Libre d'usage — la seule condition posée par le producteur est la citation ; ni inscription, ni restriction de rediffusion"
PR_DESL_M_WNM,Men who want no more children,en,Préférences en matière de fécondité,Desire to limit childbearing,pourcentage,non,22,2,2000 2016,2000,2016,12,non,SRC-066,"Libre d'usage — la seule condition posée par le producteur est la citation ; ni inscription, ni restriction de rediffusion"
PR_DESL_W_UNW,Number of currently married women (unweighted),en,Préférences en matière de fécondité,Desire to limit childbearing,effectif,oui,47,4,2000 2006 2012 2016,2000,2016,13,oui,SRC-066,"Libre d'usage — la seule condition posée par le producteur est la citation ; ni inscription, ni restriction de rediffusion"
PR_DESL_W_WNM,Women who want no more children,en,Préférences en matière de fécondité,Desire to limit childbearing,pourcentage,non,47,4,2000 2006 2012 2016,2000,2016,13,oui,SRC-066,"Libre d'usage — la seule condition posée par le producteur est la citation ; ni inscription, ni restriction de rediffusion"
PR_MIDL_W_MNA,Mean ideal number of children for all women,en,Préférences en matière de fécondité,Mean ideal number of children,moyenne,non,47,4,2000 2006 2012 2016,2000,2016,13,oui,SRC-066,"Libre d'usage — la seule condition posée par le producteur est la citation ; ni inscription, ni restriction de rediffusion"
PR_MIDL_W_NUM,Number of women,en,Préférences en matière de fécondité,Mean ideal number of children,effectif,oui,47,4,2000 2006 2012 2016,2000,2016,13,oui,SRC-066,"Libre d'usage — la seule condition posée par le producteur est la citation ; ni inscription, ni restriction de rediffusion"
PR_MIDL_W_UNW,Number of women (unweighted),en,Préférences en matière de fécondité,Mean ideal number of children,effectif,oui,47,4,2000 2006 2012 2016,2000,2016,13,oui,SRC-066,"Libre d'usage — la seule condition posée par le producteur est la citation ; ni inscription, ni restriction de rediffusion"
PR_WTFR_W_WFR,Total wanted fertility rate,en,Préférences en matière de fécondité,Wanted fertility rates,taux,non,47,4,2000 2006 2012 2016,2000,2016,13,oui,SRC-066,"Libre d'usage — la seule condition posée par le producteur est la citation ; ni inscription, ni restriction de rediffusion"
CH_ARIS_C_ABI,Children with symptoms of ARI who received antibiotics,en,Santé de l'enfant,Prevalence and treatment of symptoms of ARI,pourcentage,non,11,1,2016,2016,2016,11,non,SRC-066,"Libre d'usage — la seule condition posée par le producteur est la citation ; ni inscription, ni restriction de rediffusion"
CH_ARIS_C_ADV,Children with ARI for whom advice or treatment was sought,en,Santé de l'enfant,Prevalence and treatment of symptoms of ARI,pourcentage,non,43,4,2000 2006 2012 2016,2000,2016,13,oui,SRC-066,"Libre d'usage — la seule condition posée par le producteur est la citation ; ni inscription, ni restriction de rediffusion"
CH_ARIS_C_ARI,Children with symptoms of ARI,en,Santé de l'enfant,Prevalence and treatment of symptoms of ARI,pourcentage,non,47,4,2000 2006 2012 2016,2000,2016,13,oui,SRC-066,"Libre d'usage — la seule condition posée par le producteur est la citation ; ni inscription, ni restriction de rediffusion"
CH_ARIS_C_AT1,Children with ARI for whom advice or treatment was sought the same day or for the next day,en,Santé de l'enfant,Prevalence and treatment of symptoms of ARI,pourcentage,non,20,2,2006 2016,2006,2016,11,non,SRC-066,"Libre d'usage — la seule condition posée par le producteur est la citation ; ni inscription, ni restriction de rediffusion"
CH_ARIS_C_NM2,Number of children with symptoms of ARI born in the last five (or three) years,en,Santé de l'enfant,Prevalence and treatment of symptoms of ARI,effectif,oui,43,4,2000 2006 2012 2016,2000,2016,13,oui,SRC-066,"Libre d'usage — la seule condition posée par le producteur est la citation ; ni inscription, ni restriction de rediffusion"
CH_ARIS_C_NUM,Number of children born in the last five (or three) years,en,Santé de l'enfant,Prevalence and treatment of symptoms of ARI,effectif,oui,47,4,2000 2006 2012 2016,2000,2016,13,oui,SRC-066,"Libre d'usage — la seule condition posée par le producteur est la citation ; ni inscription, ni restriction de rediffusion"
CH_ARIS_C_UN2,Number of children with symptoms of ARI born in the last five (or three) years (unweighted),en,Santé de l'enfant,Prevalence and treatment of symptoms of ARI,effectif,oui,47,4,2000 2006 2012 2016,2000,2016,13,oui,SRC-066,"Libre d'usage — la seule condition posée par le producteur est la citation ; ni inscription, ni restriction de rediffusion"
CH_ARIS_C_UNW,Number of children born in the last five (or three) years (unweighted),en,Santé de l'enfant,Prevalence and treatment of symptoms of ARI,effectif,oui,47,4,2000 2006 2012 2016,2000,2016,13,oui,SRC-066,"Libre d'usage — la seule condition posée par le producteur est la citation ; ni inscription, ni restriction de rediffusion"
CH_DIAR_C_DIA,Children with diarrhea,en,Santé de l'enfant,Prevalence of diarrhea,pourcentage,non,47,4,2000 2006 2012 2016,2000,2016,13,oui,SRC-066,"Libre d'usage — la seule condition posée par le producteur est la citation ; ni inscription, ni restriction de rediffusion"
CH_DIAR_C_DIB,Children with diarrhea with blood in the stools,en,Santé de l'enfant,Prevalence of diarrhea,pourcentage,non,25,2,2006 2012,2006,2012,13,non,SRC-066,"Libre d'usage — la seule condition posée par le producteur est la citation ; ni inscription, ni restriction de rediffusion"
CH_DIAR_C_NUM,Number of children born in the last five (or three) years,en,Santé de l'enfant,Prevalence of diarrhea,effectif,oui,47,4,2000 2006 2012 2016,2000,2016,13,oui,SRC-066,"Libre d'usage — la seule condition posée par le producteur est la citation ; ni inscription, ni restriction de rediffusion"
CH_DIAR_C_UNW,Number of children born in the last five (or three) years (unweighted),en,Santé de l'enfant,Prevalence of diarrhea,effectif,oui,47,4,2000 2006 2012 2016,2000,2016,13,oui,SRC-066,"Libre d'usage — la seule condition posée par le producteur est la citation ; ni inscription, ni restriction de rediffusion"
CH_DIAT_C_ABI,Treatment of diarrhea: Antibiotics,en,Santé de l'enfant,Treatment of diarrhea,pourcentage,non,37,3,2006 2012 2016,2006,2016,13,oui,SRC-066,"Libre d'usage — la seule condition posée par le producteur est la citation ; ni inscription, ni restriction de rediffusion"
CH_DIAT_C_ADV,Treatment of diarrhea: Advice or treatment was sought,en,Santé de l'enfant,Treatment of diarrhea,pourcentage,non,47,4,2000 2006 2012 2016,2000,2016,13,oui,SRC-066,"Libre d'usage — la seule condition posée par le producteur est la citation ; ni inscription, ni restriction de rediffusion"
CH_DIAT_C_AMO,Treatment of diarrhea: Antimotility drugs,en,Santé de l'enfant,Treatment of diarrhea,pourcentage,non,37,3,2006 2012 2016,2006,2016,13,oui,SRC-066,"Libre d'usage — la seule condition posée par le producteur est la citation ; ni inscription, ni restriction de rediffusion"
CH_DIAT_C_DKM,Treatment of diarrhea: don't know or missing,en,Santé de l'enfant,Treatment of diarrhea,pourcentage,non,35,3,2000 2006 2012,2000,2012,13,oui,SRC-066,"Libre d'usage — la seule condition posée par le producteur est la citation ; ni inscription, ni restriction de rediffusion"
CH_DIAT_C_HOM,Treatment of diarrhea: Home remedy - other,en,Santé de l'enfant,Treatment of diarrhea,pourcentage,non,47,4,2000 2006 2012 2016,2000,2016,13,oui,SRC-066,"Libre d'usage — la seule condition posée par le producteur est la citation ; ni inscription, ni restriction de rediffusion"
CH_DIAT_C_INC,Treatment of diarrhea: Increased fluids,en,Santé de l'enfant,Treatment of diarrhea,pourcentage,non,47,4,2000 2006 2012 2016,2000,2016,13,oui,SRC-066,"Libre d'usage — la seule condition posée par le producteur est la citation ; ni inscription, ni restriction de rediffusion"
CH_DIAT_C_INJ,Treatment of diarrhea: Injection,en,Santé de l'enfant,Treatment of diarrhea,pourcentage,non,37,3,2006 2012 2016,2006,2016,13,oui,SRC-066,"Libre d'usage — la seule condition posée par le producteur est la citation ; ni inscription, ni restriction de rediffusion"
CH_DIAT_C_IVS,Treatment of diarrhea: Intravenous solution,en,Santé de l'enfant,Treatment of diarrhea,pourcentage,non,35,3,2000 2012 2016,2000,2016,13,oui,SRC-066,"Libre d'usage — la seule condition posée par le producteur est la citation ; ni inscription, ni restriction de rediffusion"
CH_DIAT_C_NON,"Treatment of diarrhea: No ORS, RHF or increased fluids",en,Santé de l'enfant,Treatment of diarrhea,pourcentage,non,47,4,2000 2006 2012 2016,2000,2016,13,oui,SRC-066,"Libre d'usage — la seule condition posée par le producteur est la citation ; ni inscription, ni restriction de rediffusion"
CH_DIAT_C_NOT,Treatment of diarrhea: No treatment,en,Santé de l'enfant,Treatment of diarrhea,pourcentage,non,47,4,2000 2006 2012 2016,2000,2016,13,oui,SRC-066,"Libre d'usage — la seule condition posée par le producteur est la citation ; ni inscription, ni restriction de rediffusion"
CH_DIAT_C_NUM,Number of children born in the last five (or three) years,en,Santé de l'enfant,Treatment of diarrhea,effectif,oui,47,4,2000 2006 2012 2016,2000,2016,13,oui,SRC-066,"Libre d'usage — la seule condition posée par le producteur est la citation ; ni inscription, ni restriction de rediffusion"
CH_DIAT_C_ORI,Treatment of diarrhea: ORT or increased fluids,en,Santé de l'enfant,Treatment of diarrhea,pourcentage,non,47,4,2000 2006 2012 2016,2000,2016,13,oui,SRC-066,"Libre d'usage — la seule condition posée par le producteur est la citation ; ni inscription, ni restriction de rediffusion"
CH_DIAT_C_ORS,Treatment of diarrhea: Oral rehydration solution (ORS),en,Santé de l'enfant,Treatment of diarrhea,pourcentage,non,47,4,2000 2006 2012 2016,2000,2016,13,oui,SRC-066,"Libre d'usage — la seule condition posée par le producteur est la citation ; ni inscription, ni restriction de rediffusion"
CH_DIAT_C_ORT,Treatment of diarrhea: Either ORS or RHF,en,Santé de l'enfant,Treatment of diarrhea,pourcentage,non,47,4,2000 2006 2012 2016,2000,2016,13,oui,SRC-066,"Libre d'usage — la seule condition posée par le producteur est la citation ; ni inscription, ni restriction de rediffusion"
CH_DIAT_C_ORZ,Treatment of diarrhea: ORS and Zinc,en,Santé de l'enfant,Treatment of diarrhea,pourcentage,non,25,2,2012 2016,2012,2016,13,non,SRC-066,"Libre d'usage — la seule condition posée par le producteur est la citation ; ni inscription, ni restriction de rediffusion"
CH_DIAT_C_OSI,Treatment of diarrhea: ORS or increased fluids,en,Santé de l'enfant,Treatment of diarrhea,pourcentage,non,47,4,2000 2006 2012 2016,2000,2016,13,oui,SRC-066,"Libre d'usage — la seule condition posée par le producteur est la citation ; ni inscription, ni restriction de rediffusion"
CH_DIAT_C_OZC,"Treatment of diarrhea: ORS, Zinc, and continued feeding",en,Santé de l'enfant,Treatment of diarrhea,pourcentage,non,12,1,2016,2016,2016,12,non,SRC-066,"Libre d'usage — la seule condition posée par le producteur est la citation ; ni inscription, ni restriction de rediffusion"
CH_DIAT_C_RHF,Treatment of diarrhea: Recommended home fluids (RHF) at home,en,Santé de l'enfant,Treatment of diarrhea,pourcentage,non,47,4,2000 2006 2012 2016,2000,2016,13,oui,SRC-066,"Libre d'usage — la seule condition posée par le producteur est la citation ; ni inscription, ni restriction de rediffusion"
CH_DIAT_C_UNW,Number of children born in the last five (or three) years (unweighted),en,Santé de l'enfant,Treatment of diarrhea,effectif,oui,47,4,2000 2006 2012 2016,2000,2016,13,oui,SRC-066,"Libre d'usage — la seule condition posée par le producteur est la citation ; ni inscription, ni restriction de rediffusion"
CH_DIAT_C_ZNC,Treatment of diarrhea: Zinc supplements,en,Santé de l'enfant,Treatment of diarrhea,pourcentage,non,25,2,2012 2016,2012,2016,13,non,SRC-066,"Libre d'usage — la seule condition posée par le producteur est la citation ; ni inscription, ni restriction de rediffusion"
CH_DIFP_C_FCF,Feeding practices during diarrhea: Given increased fluids and continued feeding,en,Santé de l'enfant,Feeding practices during diarrhea,pourcentage,non,47,4,2000 2006 2012 2016,2000,2016,13,oui,SRC-066,"Libre d'usage — la seule condition posée par le producteur est la citation ; ni inscription, ni restriction de rediffusion"
CH_DIFP_C_FDK,Feeding practices during diarrhea: don't know or missing on food given,en,Santé de l'enfant,Feeding practices during diarrhea,pourcentage,non,47,4,2000 2006 2012 2016,2000,2016,13,oui,SRC-066,"Libre d'usage — la seule condition posée par le producteur est la citation ; ni inscription, ni restriction de rediffusion"
CH_DIFP_C_FLS,Feeding practices during diarrhea: Somewhat less food,en,Santé de l'enfant,Feeding practices during diarrhea,pourcentage,non,47,4,2000 2006 2012 2016,2000,2016,13,oui,SRC-066,"Libre d'usage — la seule condition posée par le producteur est la citation ; ni inscription, ni restriction de rediffusion"
CH_DIFP_C_FML,Feeding practices during diarrhea: Much less food,en,Santé de l'enfant,Feeding practices during diarrhea,pourcentage,non,47,4,2000 2006 2012 2016,2000,2016,13,oui,SRC-066,"Libre d'usage — la seule condition posée par le producteur est la citation ; ni inscription, ni restriction de rediffusion"
CH_DIFP_C_FMR,Feeding practices during diarrhea: Increased amount of food,en,Santé de l'enfant,Feeding practices during diarrhea,pourcentage,non,47,4,2000 2006 2012 2016,2000,2016,13,oui,SRC-066,"Libre d'usage — la seule condition posée par le producteur est la citation ; ni inscription, ni restriction de rediffusion"
CH_DIFP_C_FNO,Feeding practices during diarrhea: Stopped food completely,en,Santé de l'enfant,Feeding practices during diarrhea,pourcentage,non,47,4,2000 2006 2012 2016,2000,2016,13,oui,SRC-066,"Libre d'usage — la seule condition posée par le producteur est la citation ; ni inscription, ni restriction de rediffusion"
CH_DIFP_C_FNV,Feeding practices during diarrhea: Never gave food,en,Santé de l'enfant,Feeding practices during diarrhea,pourcentage,non,47,4,2000 2006 2012 2016,2000,2016,13,oui,SRC-066,"Libre d'usage — la seule condition posée par le producteur est la citation ; ni inscription, ni restriction de rediffusion"
CH_DIFP_C_FSM,Feeding practices during diarrhea: Same amount of food,en,Santé de l'enfant,Feeding practices during diarrhea,pourcentage,non,47,4,2000 2006 2012 2016,2000,2016,13,oui,SRC-066,"Libre d'usage — la seule condition posée par le producteur est la citation ; ni inscription, ni restriction de rediffusion"
CH_DIFP_C_FTO,Feeding practices during diarrhea: Total,en,Santé de l'enfant,Feeding practices during diarrhea,pourcentage,non,47,4,2000 2006 2012 2016,2000,2016,13,oui,SRC-066,"Libre d'usage — la seule condition posée par le producteur est la citation ; ni inscription, ni restriction de rediffusion"
CH_DIFP_C_LDK,Feeding practices during diarrhea: don't know or missing on fluids given,en,Santé de l'enfant,Feeding practices during diarrhea,pourcentage,non,47,4,2000 2006 2012 2016,2000,2016,13,oui,SRC-066,"Libre d'usage — la seule condition posée par le producteur est la citation ; ni inscription, ni restriction de rediffusion"
CH_DIFP_C_LLS,Feeding practices during diarrhea: Somewhat less fluids,en,Santé de l'enfant,Feeding practices during diarrhea,pourcentage,non,47,4,2000 2006 2012 2016,2000,2016,13,oui,SRC-066,"Libre d'usage — la seule condition posée par le producteur est la citation ; ni inscription, ni restriction de rediffusion"
CH_DIFP_C_LML,Feeding practices during diarrhea: Much less fluids,en,Santé de l'enfant,Feeding practices during diarrhea,pourcentage,non,47,4,2000 2006 2012 2016,2000,2016,13,oui,SRC-066,"Libre d'usage — la seule condition posée par le producteur est la citation ; ni inscription, ni restriction de rediffusion"
CH_DIFP_C_LMR,Feeding practices during diarrhea: Increased amount of fluids,en,Santé de l'enfant,Feeding practices during diarrhea,pourcentage,non,47,4,2000 2006 2012 2016,2000,2016,13,oui,SRC-066,"Libre d'usage — la seule condition posée par le producteur est la citation ; ni inscription, ni restriction de rediffusion"
CH_DIFP_C_LNO,Feeding practices during diarrhea: Stopped fluids completely,en,Santé de l'enfant,Feeding practices during diarrhea,pourcentage,non,47,4,2000 2006 2012 2016,2000,2016,13,oui,SRC-066,"Libre d'usage — la seule condition posée par le producteur est la citation ; ni inscription, ni restriction de rediffusion"
CH_DIFP_C_LSM,Feeding practices during diarrhea: Same amount of fluids,en,Santé de l'enfant,Feeding practices during diarrhea,pourcentage,non,47,4,2000 2006 2012 2016,2000,2016,13,oui,SRC-066,"Libre d'usage — la seule condition posée par le producteur est la citation ; ni inscription, ni restriction de rediffusion"
CH_DIFP_C_LTO,Feeding practices during diarrhea: Total,en,Santé de l'enfant,Feeding practices during diarrhea,pourcentage,non,47,4,2000 2006 2012 2016,2000,2016,13,oui,SRC-066,"Libre d'usage — la seule condition posée par le producteur est la citation ; ni inscription, ni restriction de rediffusion"
CH_DIFP_C_NUM,Number of children born in the last five (or three) years who had diarrhea in the last two weeks,en,Santé de l'enfant,Feeding practices during diarrhea,effectif,oui,47,4,2000 2006 2012 2016,2000,2016,13,oui,SRC-066,"Libre d'usage — la seule condition posée par le producteur est la citation ; ni inscription, ni restriction de rediffusion"
CH_DIFP_C_UNW,Number of children born in the last five (or three) years who had diarrhea in the last two weeks (unweighted),en,Santé de l'enfant,Feeding practices during diarrhea,effectif,oui,47,4,2000 2006 2012 2016,2000,2016,13,oui,SRC-066,"Libre d'usage — la seule condition posée par le producteur est la citation ; ni inscription, ni restriction de rediffusion"
CH_DSTL_C_BUR,Disposal of stools: Bury in the yard,en,Santé de l'enfant,Disposal of children's stools,pourcentage,non,25,2,2006 2012,2006,2012,13,non,SRC-066,"Libre d'usage — la seule condition posée par le producteur est la citation ; ni inscription, ni restriction de rediffusion"
CH_DSTL_C_DKM,Disposal of stools: don't know or missing,en,Santé de l'enfant,Disposal of children's stools,pourcentage,non,25,2,2006 2012,2006,2012,13,non,SRC-066,"Libre d'usage — la seule condition posée par le producteur est la citation ; ni inscription, ni restriction de rediffusion"
CH_DSTL_C_GBG,Disposal of stools:Thrown into garbage,en,Santé de l'enfant,Disposal of children's stools,pourcentage,non,25,2,2006 2012,2006,2012,13,non,SRC-066,"Libre d'usage — la seule condition posée par le producteur est la citation ; ni inscription, ni restriction de rediffusion"
CH_DSTL_C_NUM,Number of mothers whose youngest child under five years is living with her,en,Santé de l'enfant,Disposal of children's stools,effectif,oui,25,2,2006 2012,2006,2012,13,non,SRC-066,"Libre d'usage — la seule condition posée par le producteur est la citation ; ni inscription, ni restriction de rediffusion"
CH_DSTL_C_OPN,Disposal of stools:Left in the open,en,Santé de l'enfant,Disposal of children's stools,pourcentage,non,25,2,2006 2012,2006,2012,13,non,SRC-066,"Libre d'usage — la seule condition posée par le producteur est la citation ; ni inscription, ni restriction de rediffusion"
CH_DSTL_C_OTH,Disposal of stools: Other,en,Santé de l'enfant,Disposal of children's stools,pourcentage,non,25,2,2006 2012,2006,2012,13,non,SRC-066,"Libre d'usage — la seule condition posée par le producteur est la citation ; ni inscription, ni restriction de rediffusion"
CH_DSTL_C_RDR,Disposal of stools: Rinse away,en,Santé de l'enfant,Disposal of children's stools,pourcentage,non,25,2,2006 2012,2006,2012,13,non,SRC-066,"Libre d'usage — la seule condition posée par le producteur est la citation ; ni inscription, ni restriction de rediffusion"
CH_DSTL_C_RTL,Disposal of stools: Throw in toilet/latrine,en,Santé de l'enfant,Disposal of children's stools,pourcentage,non,25,2,2006 2012,2006,2012,13,non,SRC-066,"Libre d'usage — la seule condition posée par le producteur est la citation ; ni inscription, ni restriction de rediffusion"
CH_DSTL_C_SAF,Appropriate disposal of stools,en,Santé de l'enfant,Disposal of children's stools,pourcentage,non,25,2,2006 2012,2006,2012,13,non,SRC-066,"Libre d'usage — la seule condition posée par le producteur est la citation ; ni inscription, ni restriction de rediffusion"
CH_DSTL_C_TLT,Disposal of stools: Child uses toilet,en,Santé de l'enfant,Disposal of children's stools,pourcentage,non,25,2,2006 2012,2006,2012,13,non,SRC-066,"Libre d'usage — la seule condition posée par le producteur est la citation ; ni inscription, ni restriction de rediffusion"
CH_DSTL_C_TOT,Disposal of stools: Total,en,Santé de l'enfant,Disposal of children's stools,pourcentage,non,25,2,2006 2012,2006,2012,13,non,SRC-066,"Libre d'usage — la seule condition posée par le producteur est la citation ; ni inscription, ni restriction de rediffusion"
CH_DSTL_C_UNW,Number of mothers whose youngest child under five years is living with her (unweighted),en,Santé de l'enfant,Disposal of children's stools,effectif,oui,25,2,2006 2012,2006,2012,13,non,SRC-066,"Libre d'usage — la seule condition posée par le producteur est la citation ; ni inscription, ni restriction de rediffusion"
CH_FEVR_C_FEV,Children with fever in the last two weeks,en,Santé de l'enfant,Prevalence of fever,pourcentage,non,47,4,2000 2006 2012 2016,2000,2016,13,oui,SRC-066,"Libre d'usage — la seule condition posée par le producteur est la citation ; ni inscription, ni restriction de rediffusion"
CH_FEVR_C_NUM,Number of children born in the last five (or three) years,en,Santé de l'enfant,Prevalence of fever,effectif,oui,47,4,2000 2006 2012 2016,2000,2016,13,oui,SRC-066,"Libre d'usage — la seule condition posée par le producteur est la citation ; ni inscription, ni restriction de rediffusion"
CH_FEVR_C_UNW,Number of children born in the last five (or three) years (unweighted),en,Santé de l'enfant,Prevalence of fever,effectif,oui,47,4,2000 2006 2012 2016,2000,2016,13,oui,SRC-066,"Libre d'usage — la seule condition posée par le producteur est la citation ; ni inscription, ni restriction de rediffusion"
CH_FEVT_C_ABI,Child took antibiotic drugs for fever,en,Santé de l'enfant,Treatment of fever,pourcentage,non,12,1,2016,2016,2016,12,non,SRC-066,"Libre d'usage — la seule condition posée par le producteur est la citation ; ni inscription, ni restriction de rediffusion"
CH_FEVT_C_ADV,Children with fever for whom advice or treatment was sought,en,Santé de l'enfant,Treatment of fever,pourcentage,non,47,4,2000 2006 2012 2016,2000,2016,13,oui,SRC-066,"Libre d'usage — la seule condition posée par le producteur est la citation ; ni inscription, ni restriction de rediffusion"
CH_FEVT_C_AML,Child took antimalarial drugs for fever,en,Santé de l'enfant,Treatment of fever,pourcentage,non,34,3,2000 2006 2016,2000,2016,12,oui,SRC-066,"Libre d'usage — la seule condition posée par le producteur est la citation ; ni inscription, ni restriction de rediffusion"
CH_FEVT_C_AT1,Advice or treatment for fever sought the same day or the next day,en,Santé de l'enfant,Treatment of fever,pourcentage,non,24,2,2006 2016,2006,2016,12,non,SRC-066,"Libre d'usage — la seule condition posée par le producteur est la citation ; ni inscription, ni restriction de rediffusion"
CH_FEVT_C_NUM,Number of children with fever in the last two weeks,en,Santé de l'enfant,Treatment of fever,effectif,oui,47,4,2000 2006 2012 2016,2000,2016,13,oui,SRC-066,"Libre d'usage — la seule condition posée par le producteur est la citation ; ni inscription, ni restriction de rediffusion"
CH_FEVT_C_UNW,Number of children with fever in the last two weeks (unweighted),en,Santé de l'enfant,Treatment of fever,effectif,oui,47,4,2000 2006 2012 2016,2000,2016,13,oui,SRC-066,"Libre d'usage — la seule condition posée par le producteur est la citation ; ni inscription, ni restriction de rediffusion"
CH_KORS_W_NUM,Number of women with a live birth in the last five years,en,Santé de l'enfant,Knowledge of ORS packets or pre-packaged liquids,effectif,oui,47,4,2000 2006 2012 2016,2000,2016,13,oui,SRC-066,"Libre d'usage — la seule condition posée par le producteur est la citation ; ni inscription, ni restriction de rediffusion"
CH_KORS_W_ORS,Knowledge of ORS,en,Santé de l'enfant,Knowledge of ORS packets or pre-packaged liquids,pourcentage,non,47,4,2000 2006 2012 2016,2000,2016,13,oui,SRC-066,"Libre d'usage — la seule condition posée par le producteur est la citation ; ni inscription, ni restriction de rediffusion"
CH_KORS_W_UNW,Number of women with a live birth in the last five years (unweighted),en,Santé de l'enfant,Knowledge of ORS packets or pre-packaged liquids,effectif,oui,47,4,2000 2006 2012 2016,2000,2016,13,oui,SRC-066,"Libre d'usage — la seule condition posée par le producteur est la citation ; ni inscription, ni restriction de rediffusion"
CH_SZWT_C_AVG,Size of child at birth: Average or larger,en,Santé de l'enfant,Child's size and weight at birth,pourcentage,non,47,4,2000 2006 2012 2016,2000,2016,13,oui,SRC-066,"Libre d'usage — la seule condition posée par le producteur est la citation ; ni inscription, ni restriction de rediffusion"
CH_SZWT_C_DKM,Size of child at birth: don't know or missing,en,Santé de l'enfant,Child's size and weight at birth,pourcentage,non,35,3,2000 2006 2012,2000,2012,13,oui,SRC-066,"Libre d'usage — la seule condition posée par le producteur est la citation ; ni inscription, ni restriction de rediffusion"
CH_SZWT_C_L25,Birth weight: Less than 2.5 kg,en,Santé de l'enfant,Child's size and weight at birth,pourcentage,non,46,4,2000 2006 2012 2016,2000,2016,13,oui,SRC-066,"Libre d'usage — la seule condition posée par le producteur est la citation ; ni inscription, ni restriction de rediffusion"
CH_SZWT_C_NM1,Number of live births in the last five (or three) years with a numerical birth weight reported,en,Santé de l'enfant,Child's size and weight at birth,effectif,oui,46,4,2000 2006 2012 2016,2000,2016,13,oui,SRC-066,"Libre d'usage — la seule condition posée par le producteur est la citation ; ni inscription, ni restriction de rediffusion"
CH_SZWT_C_NUM,Number of live births in the last five (or three) years,en,Santé de l'enfant,Child's size and weight at birth,effectif,oui,47,4,2000 2006 2012 2016,2000,2016,13,oui,SRC-066,"Libre d'usage — la seule condition posée par le producteur est la citation ; ni inscription, ni restriction de rediffusion"
CH_SZWT_C_REM,Birth weight of child reported by: mother's recall,en,Santé de l'enfant,Child's size and weight at birth,pourcentage,non,47,4,2000 2006 2012 2016,2000,2016,13,oui,SRC-066,"Libre d'usage — la seule condition posée par le producteur est la citation ; ni inscription, ni restriction de rediffusion"
CH_SZWT_C_REP,Birth weight of child reported,en,Santé de l'enfant,Child's size and weight at birth,pourcentage,non,47,4,2000 2006 2012 2016,2000,2016,13,oui,SRC-066,"Libre d'usage — la seule condition posée par le producteur est la citation ; ni inscription, ni restriction de rediffusion"
CH_SZWT_C_REW,Birth weight of child reported by: written record,en,Santé de l'enfant,Child's size and weight at birth,pourcentage,non,47,4,2000 2006 2012 2016,2000,2016,13,oui,SRC-066,"Libre d'usage — la seule condition posée par le producteur est la citation ; ni inscription, ni restriction de rediffusion"
CH_SZWT_C_SML,Size of child at birth: Smaller than average,en,Santé de l'enfant,Child's size and weight at birth,pourcentage,non,47,4,2000 2006 2012 2016,2000,2016,13,oui,SRC-066,"Libre d'usage — la seule condition posée par le producteur est la citation ; ni inscription, ni restriction de rediffusion"
CH_SZWT_C_TOT,Size of child at birth: Total,en,Santé de l'enfant,Child's size and weight at birth,pourcentage,non,47,4,2000 2006 2012 2016,2000,2016,13,oui,SRC-066,"Libre d'usage — la seule condition posée par le producteur est la citation ; ni inscription, ni restriction de rediffusion"
CH_SZWT_C_UN1,Number of live births in the last five (or three) years with a numerical birth weight reported (unweighted),en,Santé de l'enfant,Child's size and weight at birth,effectif,oui,47,4,2000 2006 2012 2016,2000,2016,13,oui,SRC-066,"Libre d'usage — la seule condition posée par le producteur est la citation ; ni inscription, ni restriction de rediffusion"
CH_SZWT_C_UNW,Number of live births in the last five (or three) years (unweighted),en,Santé de l'enfant,Child's size and weight at birth,effectif,oui,47,4,2000 2006 2012 2016,2000,2016,13,oui,SRC-066,"Libre d'usage — la seule condition posée par le producteur est la citation ; ni inscription, ni restriction de rediffusion"
CH_SZWT_C_VSM,Size of child at birth: Very small,en,Santé de l'enfant,Child's size and weight at birth,pourcentage,non,47,4,2000 2006 2012 2016,2000,2016,13,oui,SRC-066,"Libre d'usage — la seule condition posée par le producteur est la citation ; ni inscription, ni restriction de rediffusion"
CH_VACC_C_AP2,Received all age appropriate vaccinations [24-35],en,Santé de l'enfant,Vaccinations,pourcentage,non,47,4,2000 2006 2012 2016,2000,2016,13,oui,SRC-066,"Libre d'usage — la seule condition posée par le producteur est la citation ; ni inscription, ni restriction de rediffusion"
CH_VACC_C_APP,Fully vaccinated (according to national schedule),en,Santé de l'enfant,Vaccinations,pourcentage,non,47,4,2000 2006 2012 2016,2000,2016,13,oui,SRC-066,"Libre d'usage — la seule condition posée par le producteur est la citation ; ni inscription, ni restriction de rediffusion"
CH_VACC_C_BAS,Fully vaccinated (8 basic antigens),en,Santé de l'enfant,Vaccinations,pourcentage,non,47,4,2000 2006 2012 2016,2000,2016,13,oui,SRC-066,"Libre d'usage — la seule condition posée par le producteur est la citation ; ni inscription, ni restriction de rediffusion"
CH_VACC_C_BCG,BCG vaccination received,en,Santé de l'enfant,Vaccinations,pourcentage,non,47,4,2000 2006 2012 2016,2000,2016,13,oui,SRC-066,"Libre d'usage — la seule condition posée par le producteur est la citation ; ni inscription, ni restriction de rediffusion"
CH_VACC_C_DP1,DPT 1 vaccination received,en,Santé de l'enfant,Vaccinations,pourcentage,non,47,4,2000 2006 2012 2016,2000,2016,13,oui,SRC-066,"Libre d'usage — la seule condition posée par le producteur est la citation ; ni inscription, ni restriction de rediffusion"
CH_VACC_C_DP2,DPT 2 vaccination received,en,Santé de l'enfant,Vaccinations,pourcentage,non,47,4,2000 2006 2012 2016,2000,2016,13,oui,SRC-066,"Libre d'usage — la seule condition posée par le producteur est la citation ; ni inscription, ni restriction de rediffusion"
CH_VACC_C_DP3,DPT 3 vaccination received,en,Santé de l'enfant,Vaccinations,pourcentage,non,47,4,2000 2006 2012 2016,2000,2016,13,oui,SRC-066,"Libre d'usage — la seule condition posée par le producteur est la citation ; ni inscription, ni restriction de rediffusion"
CH_VACC_C_HB1,Haemophilus influenza type b 1 vaccination received,en,Santé de l'enfant,Vaccinations,pourcentage,non,12,1,2016,2016,2016,12,non,SRC-066,"Libre d'usage — la seule condition posée par le producteur est la citation ; ni inscription, ni restriction de rediffusion"
CH_VACC_C_HB2,Haemophilus influenza type b 2 vaccination received,en,Santé de l'enfant,Vaccinations,pourcentage,non,12,1,2016,2016,2016,12,non,SRC-066,"Libre d'usage — la seule condition posée par le producteur est la citation ; ni inscription, ni restriction de rediffusion"
CH_VACC_C_HB3,Haemophilus influenza type b 3 vaccination received,en,Santé de l'enfant,Vaccinations,pourcentage,non,12,1,2016,2016,2016,12,non,SRC-066,"Libre d'usage — la seule condition posée par le producteur est la citation ; ni inscription, ni restriction de rediffusion"
CH_VACC_C_HP1,Hepatitis 1 vaccination received,en,Santé de l'enfant,Vaccinations,pourcentage,non,12,1,2016,2016,2016,12,non,SRC-066,"Libre d'usage — la seule condition posée par le producteur est la citation ; ni inscription, ni restriction de rediffusion"
CH_VACC_C_HP2,Hepatitis 2 vaccination received,en,Santé de l'enfant,Vaccinations,pourcentage,non,12,1,2016,2016,2016,12,non,SRC-066,"Libre d'usage — la seule condition posée par le producteur est la citation ; ni inscription, ni restriction de rediffusion"
CH_VACC_C_HP3,Hepatitis 3 vaccination received,en,Santé de l'enfant,Vaccinations,pourcentage,non,12,1,2016,2016,2016,12,non,SRC-066,"Libre d'usage — la seule condition posée par le producteur est la citation ; ni inscription, ni restriction de rediffusion"
CH_VACC_C_MSL,Measles vaccination received,en,Santé de l'enfant,Vaccinations,pourcentage,non,47,4,2000 2006 2012 2016,2000,2016,13,oui,SRC-066,"Libre d'usage — la seule condition posée par le producteur est la citation ; ni inscription, ni restriction de rediffusion"
CH_VACC_C_NM2,Number of children 24-35 months,en,Santé de l'enfant,Vaccinations,effectif,oui,47,4,2000 2006 2012 2016,2000,2016,13,oui,SRC-066,"Libre d'usage — la seule condition posée par le producteur est la citation ; ni inscription, ni restriction de rediffusion"
CH_VACC_C_NON,Received no vaccinations,en,Santé de l'enfant,Vaccinations,pourcentage,non,47,4,2000 2006 2012 2016,2000,2016,13,oui,SRC-066,"Libre d'usage — la seule condition posée par le producteur est la citation ; ni inscription, ni restriction de rediffusion"
CH_VACC_C_NUM,Number of children 12-23 months,en,Santé de l'enfant,Vaccinations,effectif,oui,47,4,2000 2006 2012 2016,2000,2016,13,oui,SRC-066,"Libre d'usage — la seule condition posée par le producteur est la citation ; ni inscription, ni restriction de rediffusion"
CH_VACC_C_OP0,Polio 0 vaccination received,en,Santé de l'enfant,Vaccinations,pourcentage,non,47,4,2000 2006 2012 2016,2000,2016,13,oui,SRC-066,"Libre d'usage — la seule condition posée par le producteur est la citation ; ni inscription, ni restriction de rediffusion"
CH_VACC_C_OP1,Polio 1 vaccination received,en,Santé de l'enfant,Vaccinations,pourcentage,non,47,4,2000 2006 2012 2016,2000,2016,13,oui,SRC-066,"Libre d'usage — la seule condition posée par le producteur est la citation ; ni inscription, ni restriction de rediffusion"
CH_VACC_C_OP2,Polio 2 vaccination received,en,Santé de l'enfant,Vaccinations,pourcentage,non,47,4,2000 2006 2012 2016,2000,2016,13,oui,SRC-066,"Libre d'usage — la seule condition posée par le producteur est la citation ; ni inscription, ni restriction de rediffusion"
CH_VACC_C_OP3,Polio 3 vaccination received,en,Santé de l'enfant,Vaccinations,pourcentage,non,47,4,2000 2006 2012 2016,2000,2016,13,oui,SRC-066,"Libre d'usage — la seule condition posée par le producteur est la citation ; ni inscription, ni restriction de rediffusion"
CH_VACC_C_PT1,Pentavalent 1 vaccination received,en,Santé de l'enfant,Vaccinations,pourcentage,non,12,1,2016,2016,2016,12,non,SRC-066,"Libre d'usage — la seule condition posée par le producteur est la citation ; ni inscription, ni restriction de rediffusion"
CH_VACC_C_PT2,Pentavalent 2 vaccination received,en,Santé de l'enfant,Vaccinations,pourcentage,non,12,1,2016,2016,2016,12,non,SRC-066,"Libre d'usage — la seule condition posée par le producteur est la citation ; ni inscription, ni restriction de rediffusion"
CH_VACC_C_PT3,Pentavalent 3 vaccination received,en,Santé de l'enfant,Vaccinations,pourcentage,non,12,1,2016,2016,2016,12,non,SRC-066,"Libre d'usage — la seule condition posée par le producteur est la citation ; ni inscription, ni restriction de rediffusion"
CH_VACC_C_RT1,Rotavirus 1 vaccination received,en,Santé de l'enfant,Vaccinations,pourcentage,non,12,1,2016,2016,2016,12,non,SRC-066,"Libre d'usage — la seule condition posée par le producteur est la citation ; ni inscription, ni restriction de rediffusion"
CH_VACC_C_RT2,Rotavirus 2 vaccination received,en,Santé de l'enfant,Vaccinations,pourcentage,non,12,1,2016,2016,2016,12,non,SRC-066,"Libre d'usage — la seule condition posée par le producteur est la citation ; ni inscription, ni restriction de rediffusion"
CH_VACC_C_UN2,Number of children 24-35 months (unweighted),en,Santé de l'enfant,Vaccinations,effectif,oui,47,4,2000 2006 2012 2016,2000,2016,13,oui,SRC-066,"Libre d'usage — la seule condition posée par le producteur est la citation ; ni inscription, ni restriction de rediffusion"
CH_VACC_C_UNW,Number of children 12-23 months (unweighted),en,Santé de l'enfant,Vaccinations,effectif,oui,47,4,2000 2006 2012 2016,2000,2016,13,oui,SRC-066,"Libre d'usage — la seule condition posée par le producteur est la citation ; ni inscription, ni restriction de rediffusion"
CH_VACP_C_EV1,Ever had vaccination card (12-23),en,Santé de l'enfant,Possession and observation of vaccination cards,pourcentage,non,47,4,2000 2006 2012 2016,2000,2016,13,oui,SRC-066,"Libre d'usage — la seule condition posée par le producteur est la citation ; ni inscription, ni restriction de rediffusion"
CH_VACP_C_EV2,Ever had vaccination card (24-35),en,Santé de l'enfant,Possession and observation of vaccination cards,pourcentage,non,47,4,2000 2006 2012 2016,2000,2016,13,oui,SRC-066,"Libre d'usage — la seule condition posée par le producteur est la citation ; ni inscription, ni restriction de rediffusion"
CH_VACP_C_NM1,Number of children age 12-23 months,en,Santé de l'enfant,Possession and observation of vaccination cards,effectif,oui,47,4,2000 2006 2012 2016,2000,2016,13,oui,SRC-066,"Libre d'usage — la seule condition posée par le producteur est la citation ; ni inscription, ni restriction de rediffusion"
CH_VACP_C_NM2,Number of children age 24-35 months,en,Santé de l'enfant,Possession and observation of vaccination cards,effectif,oui,47,4,2000 2006 2012 2016,2000,2016,13,oui,SRC-066,"Libre d'usage — la seule condition posée par le producteur est la citation ; ni inscription, ni restriction de rediffusion"
CH_VACP_C_SN1,Vaccination card seen (12-23),en,Santé de l'enfant,Possession and observation of vaccination cards,pourcentage,non,47,4,2000 2006 2012 2016,2000,2016,13,oui,SRC-066,"Libre d'usage — la seule condition posée par le producteur est la citation ; ni inscription, ni restriction de rediffusion"
CH_VACP_C_SN2,Vaccination card seen (24-35),en,Santé de l'enfant,Possession and observation of vaccination cards,pourcentage,non,47,4,2000 2006 2012 2016,2000,2016,13,oui,SRC-066,"Libre d'usage — la seule condition posée par le producteur est la citation ; ni inscription, ni restriction de rediffusion"
CH_VACP_C_UN1,Number of children age 12-23 months (unweighted),en,Santé de l'enfant,Possession and observation of vaccination cards,effectif,oui,47,4,2000 2006 2012 2016,2000,2016,13,oui,SRC-066,"Libre d'usage — la seule condition posée par le producteur est la citation ; ni inscription, ni restriction de rediffusion"
CH_VACP_C_UN2,Number of children age 24-35 months (unweighted),en,Santé de l'enfant,Possession and observation of vaccination cards,effectif,oui,47,4,2000 2006 2012 2016,2000,2016,13,oui,SRC-066,"Libre d'usage — la seule condition posée par le producteur est la citation ; ni inscription, ni restriction de rediffusion"
RH_ANCC_W_IRN,Antenatal care content: Received iron tablets or syrup,en,Santé de la reproduction,Components of antenatal care,pourcentage,non,47,4,2000 2006 2012 2016,2000,2016,13,oui,SRC-066,"Libre d'usage — la seule condition posée par le producteur est la citation ; ni inscription, ni restriction de rediffusion"
RH_ANCC_W_NUM,Number of women with a live birth (or stillbirth) in the last two (or three/five) years who received antenatal care,en,Santé de la reproduction,Components of antenatal care,effectif,oui,47,4,2000 2006 2012 2016,2000,2016,13,oui,SRC-066,"Libre d'usage — la seule condition posée par le producteur est la citation ; ni inscription, ni restriction de rediffusion"
RH_ANCC_W_PAR,Antenatal care content: Took intestinal parasite drugs,en,Santé de la reproduction,Components of antenatal care,pourcentage,non,37,3,2006 2012 2016,2006,2016,13,oui,SRC-066,"Libre d'usage — la seule condition posée par le producteur est la citation ; ni inscription, ni restriction de rediffusion"
RH_ANCC_W_UNW,Number of women with a live birth (or stillbirth) in the last two (or three/five) years who received antenatal care (unweighted),en,Santé de la reproduction,Components of antenatal care,effectif,oui,47,4,2000 2006 2012 2016,2000,2016,13,oui,SRC-066,"Libre d'usage — la seule condition posée par le producteur est la citation ; ni inscription, ni restriction de rediffusion"
RH_ANCN_W_DKM,Antenatal visits for pregnancy: don't know or missing,en,Santé de la reproduction,Number of antenatal care visits,pourcentage,non,47,4,2000 2006 2012 2016,2000,2016,13,oui,SRC-066,"Libre d'usage — la seule condition posée par le producteur est la citation ; ni inscription, ni restriction de rediffusion"
RH_ANCN_W_N01,Antenatal visits for pregnancy: 1,en,Santé de la reproduction,Number of antenatal care visits,pourcentage,non,47,4,2000 2006 2012 2016,2000,2016,13,oui,SRC-066,"Libre d'usage — la seule condition posée par le producteur est la citation ; ni inscription, ni restriction de rediffusion"
RH_ANCN_W_N23,Antenatal visits for pregnancy: 2-3 visits,en,Santé de la reproduction,Number of antenatal care visits,pourcentage,non,47,4,2000 2006 2012 2016,2000,2016,13,oui,SRC-066,"Libre d'usage — la seule condition posée par le producteur est la citation ; ni inscription, ni restriction de rediffusion"
RH_ANCN_W_N47,Antenatal visits for pregnancy: 4-7 visits,en,Santé de la reproduction,Number of antenatal care visits,pourcentage,non,37,3,2006 2012 2016,2006,2016,13,oui,SRC-066,"Libre d'usage — la seule condition posée par le producteur est la citation ; ni inscription, ni restriction de rediffusion"
RH_ANCN_W_N4P,Antenatal visits for pregnancy: 4+ visits,en,Santé de la reproduction,Number of antenatal care visits,pourcentage,non,47,4,2000 2006 2012 2016,2000,2016,13,oui,SRC-066,"Libre d'usage — la seule condition posée par le producteur est la citation ; ni inscription, ni restriction de rediffusion"
RH_ANCN_W_N8P,Antenatal visits for pregnancy: 8+ visits,en,Santé de la reproduction,Number of antenatal care visits,pourcentage,non,47,4,2000 2006 2012 2016,2000,2016,13,oui,SRC-066,"Libre d'usage — la seule condition posée par le producteur est la citation ; ni inscription, ni restriction de rediffusion"
RH_ANCN_W_NON,Antenatal visits for pregnancy: None,en,Santé de la reproduction,Number of antenatal care visits,pourcentage,non,47,4,2000 2006 2012 2016,2000,2016,13,oui,SRC-066,"Libre d'usage — la seule condition posée par le producteur est la citation ; ni inscription, ni restriction de rediffusion"
RH_ANCN_W_TOT,Number of women with a birth in the last two (or three/five) years,en,Santé de la reproduction,Number of antenatal care visits,pourcentage,non,47,4,2000 2006 2012 2016,2000,2016,13,oui,SRC-066,"Libre d'usage — la seule condition posée par le producteur est la citation ; ni inscription, ni restriction de rediffusion"
RH_ANCP_W_AUX,Antenatal care provider: Auxiliary nurse/midwife,en,Santé de la reproduction,Antenatal care,pourcentage,non,47,4,2000 2006 2012 2016,2000,2016,13,oui,SRC-066,"Libre d'usage — la seule condition posée par le producteur est la citation ; ni inscription, ni restriction de rediffusion"
RH_ANCP_W_CHW,Antenatal care provider: Community health worker,en,Santé de la reproduction,Antenatal care,pourcentage,non,47,4,2000 2006 2012 2016,2000,2016,13,oui,SRC-066,"Libre d'usage — la seule condition posée par le producteur est la citation ; ni inscription, ni restriction de rediffusion"
RH_ANCP_W_DOC,Antenatal care provider: Doctor,en,Santé de la reproduction,Antenatal care,pourcentage,non,47,4,2000 2006 2012 2016,2000,2016,13,oui,SRC-066,"Libre d'usage — la seule condition posée par le producteur est la citation ; ni inscription, ni restriction de rediffusion"
RH_ANCP_W_NON,No antenatal care,en,Santé de la reproduction,Antenatal care,pourcentage,non,47,4,2000 2006 2012 2016,2000,2016,13,oui,SRC-066,"Libre d'usage — la seule condition posée par le producteur est la citation ; ni inscription, ni restriction de rediffusion"
RH_ANCP_W_NRS,Antenatal care provider: Nurse/midwife,en,Santé de la reproduction,Antenatal care,pourcentage,non,47,4,2000 2006 2012 2016,2000,2016,13,oui,SRC-066,"Libre d'usage — la seule condition posée par le producteur est la citation ; ni inscription, ni restriction de rediffusion"
RH_ANCP_W_NUM,Number of women with a live birth (or stillbirth) in the last two (or three/five) years,en,Santé de la reproduction,Antenatal care,effectif,oui,47,4,2000 2006 2012 2016,2000,2016,13,oui,SRC-066,"Libre d'usage — la seule condition posée par le producteur est la citation ; ni inscription, ni restriction de rediffusion"
RH_ANCP_W_OHW,Antenatal care provider: Other health worker,en,Santé de la reproduction,Antenatal care,pourcentage,non,35,3,2000 2006 2012,2000,2012,13,oui,SRC-066,"Libre d'usage — la seule condition posée par le producteur est la citation ; ni inscription, ni restriction de rediffusion"
RH_ANCP_W_OTH,Antenatal care provider: Other,en,Santé de la reproduction,Antenatal care,pourcentage,non,25,2,2006 2012,2006,2012,13,non,SRC-066,"Libre d'usage — la seule condition posée par le producteur est la citation ; ni inscription, ni restriction de rediffusion"
RH_ANCP_W_SKP,Antenatal care from a skilled provider,en,Santé de la reproduction,Antenatal care,pourcentage,non,47,4,2000 2006 2012 2016,2000,2016,13,oui,SRC-066,"Libre d'usage — la seule condition posée par le producteur est la citation ; ni inscription, ni restriction de rediffusion"
RH_ANCP_W_TBA,Antenatal care provider: Traditional birth attendant,en,Santé de la reproduction,Antenatal care,pourcentage,non,47,4,2000 2006 2012 2016,2000,2016,13,oui,SRC-066,"Libre d'usage — la seule condition posée par le producteur est la citation ; ni inscription, ni restriction de rediffusion"
RH_ANCP_W_TOT,Antenatal care: Total,en,Santé de la reproduction,Antenatal care,pourcentage,non,47,4,2000 2006 2012 2016,2000,2016,13,oui,SRC-066,"Libre d'usage — la seule condition posée par le producteur est la citation ; ni inscription, ni restriction de rediffusion"
RH_ANCP_W_UNW,Number of women with a live birth (or stillbirth) in the last two (or three/five) years (unweighted),en,Santé de la reproduction,Antenatal care,effectif,oui,47,4,2000 2006 2012 2016,2000,2016,13,oui,SRC-066,"Libre d'usage — la seule condition posée par le producteur est la citation ; ni inscription, ni restriction de rediffusion"
RH_ANCS_W_BLP,Antenatal care content (of ANC): Blood pressure measured,en,Santé de la reproduction,Antenatal care services (of those receiving ANC),pourcentage,non,10,1,2000,2000,2000,10,non,SRC-066,"Libre d'usage — la seule condition posée par le producteur est la citation ; ni inscription, ni restriction de rediffusion"
RH_ANCS_W_BLS,Antenatal care content (of ANC): Blood sample taken,en,Santé de la reproduction,Antenatal care services (of those receiving ANC),pourcentage,non,10,1,2000,2000,2000,10,non,SRC-066,"Libre d'usage — la seule condition posée par le producteur est la citation ; ni inscription, ni restriction de rediffusion"
RH_ANCS_W_HGT,Antenatal care content (of ANC): Height measured,en,Santé de la reproduction,Antenatal care services (of those receiving ANC),pourcentage,non,10,1,2000,2000,2000,10,non,SRC-066,"Libre d'usage — la seule condition posée par le producteur est la citation ; ni inscription, ni restriction de rediffusion"
RH_ANCS_W_NUM,Number of women with a live birth (or stillbirth) in the last two (or three/five) years who received antenatal care,en,Santé de la reproduction,Antenatal care services (of those receiving ANC),effectif,oui,47,4,2000 2006 2012 2016,2000,2016,13,oui,SRC-066,"Libre d'usage — la seule condition posée par le producteur est la citation ; ni inscription, ni restriction de rediffusion"
RH_ANCS_W_SGN,Antenatal care content (of ANC): Informed of signs of pregnancy complications,en,Santé de la reproduction,Antenatal care services (of those receiving ANC),pourcentage,non,10,1,2000,2000,2000,10,non,SRC-066,"Libre d'usage — la seule condition posée par le producteur est la citation ; ni inscription, ni restriction de rediffusion"
RH_ANCS_W_UNW,Number of women with a live birth (or stillbirth) in the two (or three/five) years preceding the survey (unweighted),en,Santé de la reproduction,Antenatal care services (of those receiving ANC),effectif,oui,10,1,2000,2000,2000,10,non,SRC-066,"Libre d'usage — la seule condition posée par le producteur est la citation ; ni inscription, ni restriction de rediffusion"
RH_ANCS_W_URN,Antenatal care content (of ANC): Urine sample taken,en,Santé de la reproduction,Antenatal care services (of those receiving ANC),pourcentage,non,10,1,2000,2000,2000,10,non,SRC-066,"Libre d'usage — la seule condition posée par le producteur est la citation ; ni inscription, ni restriction de rediffusion"
RH_ANCS_W_WGT,Antenatal care content (of ANC): Weight measured,en,Santé de la reproduction,Antenatal care services (of those receiving ANC),pourcentage,non,10,1,2000,2000,2000,10,non,SRC-066,"Libre d'usage — la seule condition posée par le producteur est la citation ; ni inscription, ni restriction de rediffusion"
RH_ANCT_W_DKM,Timing of first antenatal check: don't know or missing information on timing,en,Santé de la reproduction,Timing of antenatal care visits,pourcentage,non,47,4,2000 2006 2012 2016,2000,2016,13,oui,SRC-066,"Libre d'usage — la seule condition posée par le producteur est la citation ; ni inscription, ni restriction de rediffusion"
RH_ANCT_W_MED,Median months of pregnancy at first antenatal care visit,en,Santé de la reproduction,Timing of antenatal care visits,médiane,non,47,4,2000 2006 2012 2016,2000,2016,13,oui,SRC-066,"Libre d'usage — la seule condition posée par le producteur est la citation ; ni inscription, ni restriction de rediffusion"
RH_ANCT_W_NMA,Number of women with a birth in the last two (or three/five) years receiving antenatal care (ANC),en,Santé de la reproduction,Timing of antenatal care visits,effectif,oui,47,4,2000 2006 2012 2016,2000,2016,13,oui,SRC-066,"Libre d'usage — la seule condition posée par le producteur est la citation ; ni inscription, ni restriction de rediffusion"
RH_ANCT_W_NON,Timing of first antenatal check: No antenatal care,en,Santé de la reproduction,Timing of antenatal care visits,pourcentage,non,35,3,2000 2012 2016,2000,2016,13,oui,SRC-066,"Libre d'usage — la seule condition posée par le producteur est la citation ; ni inscription, ni restriction de rediffusion"
RH_ANCT_W_NUM,Number of women with a birth in the last two (or three/five) years,en,Santé de la reproduction,Timing of antenatal care visits,effectif,oui,47,4,2000 2006 2012 2016,2000,2016,13,oui,SRC-066,"Libre d'usage — la seule condition posée par le producteur est la citation ; ni inscription, ni restriction de rediffusion"
RH_ANCT_W_T45,Timing of first antenatal check: 4-5 months,en,Santé de la reproduction,Timing of antenatal care visits,pourcentage,non,47,4,2000 2006 2012 2016,2000,2016,13,oui,SRC-066,"Libre d'usage — la seule condition posée par le producteur est la citation ; ni inscription, ni restriction de rediffusion"
RH_ANCT_W_T67,Timing of first antenatal check: 6-7 months,en,Santé de la reproduction,Timing of antenatal care visits,pourcentage,non,47,4,2000 2006 2012 2016,2000,2016,13,oui,SRC-066,"Libre d'usage — la seule condition posée par le producteur est la citation ; ni inscription, ni restriction de rediffusion"
RH_ANCT_W_T8P,Timing of first antenatal check: 8+ months,en,Santé de la reproduction,Timing of antenatal care visits,pourcentage,non,47,4,2000 2006 2012 2016,2000,2016,13,oui,SRC-066,"Libre d'usage — la seule condition posée par le producteur est la citation ; ni inscription, ni restriction de rediffusion"
RH_ANCT_W_TL4,Timing of first antenatal check: Less than 4 months,en,Santé de la reproduction,Timing of antenatal care visits,pourcentage,non,47,4,2000 2006 2012 2016,2000,2016,13,oui,SRC-066,"Libre d'usage — la seule condition posée par le producteur est la citation ; ni inscription, ni restriction de rediffusion"
RH_ANCT_W_TOT,Timing of first antenatal check: Total,en,Santé de la reproduction,Timing of antenatal care visits,pourcentage,non,47,4,2000 2006 2012 2016,2000,2016,13,oui,SRC-066,"Libre d'usage — la seule condition posée par le producteur est la citation ; ni inscription, ni restriction de rediffusion"
RH_ANCT_W_UNW,Number of women with a birth in the last two (or three/five) years (unweighted),en,Santé de la reproduction,Timing of antenatal care visits,effectif,oui,47,4,2000 2006 2012 2016,2000,2016,13,oui,SRC-066,"Libre d'usage — la seule condition posée par le producteur est la citation ; ni inscription, ni restriction de rediffusion"
RH_CPCN_C_BRF,Counseling on breastfeeding,en,Santé de la reproduction,Content of postnatal care for newborns,pourcentage,non,12,1,2016,2016,2016,12,non,SRC-066,"Libre d'usage — la seule condition posée par le producteur est la citation ; ni inscription, ni restriction de rediffusion"
RH_CPCN_C_COB,Counseling on breastfeeding and observation of breastfeeding,en,Santé de la reproduction,Content of postnatal care for newborns,pourcentage,non,12,1,2016,2016,2016,12,non,SRC-066,"Libre d'usage — la seule condition posée par le producteur est la citation ; ni inscription, ni restriction de rediffusion"
RH_CPCN_C_CRD,Cord examined,en,Santé de la reproduction,Content of postnatal care for newborns,pourcentage,non,12,1,2016,2016,2016,12,non,SRC-066,"Libre d'usage — la seule condition posée par le producteur est la citation ; ni inscription, ni restriction de rediffusion"
RH_CPCN_C_DNG,Counseling on danger signs,en,Santé de la reproduction,Content of postnatal care for newborns,pourcentage,non,12,1,2016,2016,2016,12,non,SRC-066,"Libre d'usage — la seule condition posée par le producteur est la citation ; ni inscription, ni restriction de rediffusion"
RH_CPCN_C_NUM,Number of births,en,Santé de la reproduction,Content of postnatal care for newborns,effectif,oui,12,1,2016,2016,2016,12,non,SRC-066,"Libre d'usage — la seule condition posée par le producteur est la citation ; ni inscription, ni restriction de rediffusion"
RH_CPCN_C_OBB,Observation of breastfeeding,en,Santé de la reproduction,Content of postnatal care for newborns,pourcentage,non,12,1,2016,2016,2016,12,non,SRC-066,"Libre d'usage — la seule condition posée par le producteur est la citation ; ni inscription, ni restriction de rediffusion"
RH_CPCN_C_S2P,At least 2 signal functions performed during the first 2 days after birth,en,Santé de la reproduction,Content of postnatal care for newborns,pourcentage,non,12,1,2016,2016,2016,12,non,SRC-066,"Libre d'usage — la seule condition posée par le producteur est la citation ; ni inscription, ni restriction de rediffusion"
RH_CPCN_C_S5P,5 signal functions performed during the first 2 days after birth,en,Santé de la reproduction,Content of postnatal care for newborns,pourcentage,non,12,1,2016,2016,2016,12,non,SRC-066,"Libre d'usage — la seule condition posée par le producteur est la citation ; ni inscription, ni restriction de rediffusion"
RH_CPCN_C_TMP,Temperature measured,en,Santé de la reproduction,Content of postnatal care for newborns,pourcentage,non,12,1,2016,2016,2016,12,non,SRC-066,"Libre d'usage — la seule condition posée par le producteur est la citation ; ni inscription, ni restriction de rediffusion"
RH_CPCN_C_UNW,Number of births (unweighted),en,Santé de la reproduction,Content of postnatal care for newborns,effectif,oui,12,1,2016,2016,2016,12,non,SRC-066,"Libre d'usage — la seule condition posée par le producteur est la citation ; ni inscription, ni restriction de rediffusion"
RH_CPCN_C_WGH,Weighed,en,Santé de la reproduction,Content of postnatal care for newborns,pourcentage,non,12,1,2016,2016,2016,12,non,SRC-066,"Libre d'usage — la seule condition posée par le producteur est la citation ; ni inscription, ni restriction de rediffusion"
RH_DELA_C_AUX,Assistance during delivery: Auxiliary nurse/midwife,en,Santé de la reproduction,Assistance during delivery,pourcentage,non,47,4,2000 2006 2012 2016,2000,2016,13,oui,SRC-066,"Libre d'usage — la seule condition posée par le producteur est la citation ; ni inscription, ni restriction de rediffusion"
RH_DELA_C_CSA,Delivery by caesarean section decided after onset of labor pains,en,Santé de la reproduction,Assistance during delivery,pourcentage,non,12,1,2016,2016,2016,12,non,SRC-066,"Libre d'usage — la seule condition posée par le producteur est la citation ; ni inscription, ni restriction de rediffusion"
RH_DELA_C_CSC,Delivery by cesarean section,en,Santé de la reproduction,Assistance during delivery,pourcentage,non,47,4,2000 2006 2012 2016,2000,2016,13,oui,SRC-066,"Libre d'usage — la seule condition posée par le producteur est la citation ; ni inscription, ni restriction de rediffusion"
RH_DELA_C_CSP,Delivery by caesarean section planned before onset of labor pains,en,Santé de la reproduction,Assistance during delivery,pourcentage,non,12,1,2016,2016,2016,12,non,SRC-066,"Libre d'usage — la seule condition posée par le producteur est la citation ; ni inscription, ni restriction de rediffusion"
RH_DELA_C_DKM,Assistance during delivery: don't know or missing,en,Santé de la reproduction,Assistance during delivery,pourcentage,non,35,3,2000 2006 2012,2000,2012,13,oui,SRC-066,"Libre d'usage — la seule condition posée par le producteur est la citation ; ni inscription, ni restriction de rediffusion"
RH_DELA_C_DOC,Assistance during delivery: Doctor,en,Santé de la reproduction,Assistance during delivery,pourcentage,non,47,4,2000 2006 2012 2016,2000,2016,13,oui,SRC-066,"Libre d'usage — la seule condition posée par le producteur est la citation ; ni inscription, ni restriction de rediffusion"
RH_DELA_C_NON,Assistance during delivery: No one,en,Santé de la reproduction,Assistance during delivery,pourcentage,non,47,4,2000 2006 2012 2016,2000,2016,13,oui,SRC-066,"Libre d'usage — la seule condition posée par le producteur est la citation ; ni inscription, ni restriction de rediffusion"
RH_DELA_C_NRS,Assistance during delivery: Nurse/midwife,en,Santé de la reproduction,Assistance during delivery,pourcentage,non,47,4,2000 2006 2012 2016,2000,2016,13,oui,SRC-066,"Libre d'usage — la seule condition posée par le producteur est la citation ; ni inscription, ni restriction de rediffusion"
RH_DELA_C_NUM,Number of live births (or stillbirths) in the last two (or three/five) years,en,Santé de la reproduction,Assistance during delivery,effectif,oui,47,4,2000 2006 2012 2016,2000,2016,13,oui,SRC-066,"Libre d'usage — la seule condition posée par le producteur est la citation ; ni inscription, ni restriction de rediffusion"
RH_DELA_C_OHW,Assistance during delivery: Other health worker,en,Santé de la reproduction,Assistance during delivery,pourcentage,non,47,4,2000 2006 2012 2016,2000,2016,13,oui,SRC-066,"Libre d'usage — la seule condition posée par le producteur est la citation ; ni inscription, ni restriction de rediffusion"
RH_DELA_C_REL,Assistance during delivery: Relative or other,en,Santé de la reproduction,Assistance during delivery,pourcentage,non,47,4,2000 2006 2012 2016,2000,2016,13,oui,SRC-066,"Libre d'usage — la seule condition posée par le producteur est la citation ; ni inscription, ni restriction de rediffusion"
RH_DELA_C_SKN,Skin-to-skin contact immediately after birth,en,Santé de la reproduction,Assistance during delivery,pourcentage,non,12,1,2016,2016,2016,12,non,SRC-066,"Libre d'usage — la seule condition posée par le producteur est la citation ; ni inscription, ni restriction de rediffusion"
RH_DELA_C_SKP,Assistance during delivery from a skilled provider,en,Santé de la reproduction,Assistance during delivery,pourcentage,non,47,4,2000 2006 2012 2016,2000,2016,13,oui,SRC-066,"Libre d'usage — la seule condition posée par le producteur est la citation ; ni inscription, ni restriction de rediffusion"
RH_DELA_C_TBA,Assistance during delivery: Traditional birth attendant,en,Santé de la reproduction,Assistance during delivery,pourcentage,non,47,4,2000 2006 2012 2016,2000,2016,13,oui,SRC-066,"Libre d'usage — la seule condition posée par le producteur est la citation ; ni inscription, ni restriction de rediffusion"
RH_DELA_C_TOT,Assistance during delivery: Total,en,Santé de la reproduction,Assistance during delivery,pourcentage,non,47,4,2000 2006 2012 2016,2000,2016,13,oui,SRC-066,"Libre d'usage — la seule condition posée par le producteur est la citation ; ni inscription, ni restriction de rediffusion"
RH_DELA_C_UNW,Number of live births (or stillbirths) in the last two (or three/five) years (unweighted),en,Santé de la reproduction,Assistance during delivery,effectif,oui,47,4,2000 2006 2012 2016,2000,2016,13,oui,SRC-066,"Libre d'usage — la seule condition posée par le producteur est la citation ; ni inscription, ni restriction de rediffusion"
RH_DELP_C_DHF,Place of delivery: Health facility,en,Santé de la reproduction,Place of delivery,pourcentage,non,47,4,2000 2006 2012 2016,2000,2016,13,oui,SRC-066,"Libre d'usage — la seule condition posée par le producteur est la citation ; ni inscription, ni restriction de rediffusion"
RH_DELP_C_DKM,Place of delivery: don't know or missing,en,Santé de la reproduction,Place of delivery,pourcentage,non,10,1,2000,2000,2000,10,non,SRC-066,"Libre d'usage — la seule condition posée par le producteur est la citation ; ni inscription, ni restriction de rediffusion"
RH_DELP_C_HOM,Place of delivery: At home,en,Santé de la reproduction,Place of delivery,pourcentage,non,47,4,2000 2006 2012 2016,2000,2016,13,oui,SRC-066,"Libre d'usage — la seule condition posée par le producteur est la citation ; ni inscription, ni restriction de rediffusion"
RH_DELP_C_NUM,Number of live births (or stillbirths) in the last two (or three/five) years,en,Santé de la reproduction,Place of delivery,effectif,oui,47,4,2000 2006 2012 2016,2000,2016,13,oui,SRC-066,"Libre d'usage — la seule condition posée par le producteur est la citation ; ni inscription, ni restriction de rediffusion"
RH_DELP_C_OTH,Place of delivery: Other,en,Santé de la reproduction,Place of delivery,pourcentage,non,47,4,2000 2006 2012 2016,2000,2016,13,oui,SRC-066,"Libre d'usage — la seule condition posée par le producteur est la citation ; ni inscription, ni restriction de rediffusion"
RH_DELP_C_PRV,Place of delivery: Private sector,en,Santé de la reproduction,Place of delivery,pourcentage,non,47,4,2000 2006 2012 2016,2000,2016,13,oui,SRC-066,"Libre d'usage — la seule condition posée par le producteur est la citation ; ni inscription, ni restriction de rediffusion"
RH_DELP_C_PUB,Place of delivery: Public sector,en,Santé de la reproduction,Place of delivery,pourcentage,non,47,4,2000 2006 2012 2016,2000,2016,13,oui,SRC-066,"Libre d'usage — la seule condition posée par le producteur est la citation ; ni inscription, ni restriction de rediffusion"
RH_DELP_C_TOT,Place of delivery: Total,en,Santé de la reproduction,Place of delivery,pourcentage,non,47,4,2000 2006 2012 2016,2000,2016,13,oui,SRC-066,"Libre d'usage — la seule condition posée par le producteur est la citation ; ni inscription, ni restriction de rediffusion"
RH_DELP_C_UNW,Number of live births (or stillbirths) in the last two (or three/five) years (unweighted),en,Santé de la reproduction,Place of delivery,effectif,oui,47,4,2000 2006 2012 2016,2000,2016,13,oui,SRC-066,"Libre d'usage — la seule condition posée par le producteur est la citation ; ni inscription, ni restriction de rediffusion"
RH_ICSP_W_B69,Iron supplementation: 60-89 days,en,Santé de la reproduction,Iron-containing supplementation during pregnancy,pourcentage,non,37,3,2006 2012 2016,2006,2016,13,oui,SRC-066,"Libre d'usage — la seule condition posée par le producteur est la citation ; ni inscription, ni restriction de rediffusion"
RH_ICSP_W_B99,Iron supplementation: 90-179 days,en,Santé de la reproduction,Iron-containing supplementation during pregnancy,pourcentage,non,37,3,2006 2012 2016,2006,2016,13,oui,SRC-066,"Libre d'usage — la seule condition posée par le producteur est la citation ; ni inscription, ni restriction de rediffusion"
RH_ICSP_W_IDK,Iron supplementation: don't know/missing,en,Santé de la reproduction,Iron-containing supplementation during pregnancy,pourcentage,non,37,3,2006 2012 2016,2006,2016,13,oui,SRC-066,"Libre d'usage — la seule condition posée par le producteur est la citation ; ni inscription, ni restriction de rediffusion"
RH_ICSP_W_L60,Iron supplementation: less than 60 days,en,Santé de la reproduction,Iron-containing supplementation during pregnancy,pourcentage,non,37,3,2006 2012 2016,2006,2016,13,oui,SRC-066,"Libre d'usage — la seule condition posée par le producteur est la citation ; ni inscription, ni restriction de rediffusion"
RH_ICSP_W_M18,Iron supplementation: 180+ days,en,Santé de la reproduction,Iron-containing supplementation during pregnancy,pourcentage,non,37,3,2006 2012 2016,2006,2016,13,oui,SRC-066,"Libre d'usage — la seule condition posée par le producteur est la citation ; ni inscription, ni restriction de rediffusion"
RH_ICSP_W_NUM,Number of women,en,Santé de la reproduction,Iron-containing supplementation during pregnancy,effectif,oui,37,3,2006 2012 2016,2006,2016,13,oui,SRC-066,"Libre d'usage — la seule condition posée par le producteur est la citation ; ni inscription, ni restriction de rediffusion"
RH_ICSP_W_TNI,Iron supplementation: none,en,Santé de la reproduction,Iron-containing supplementation during pregnancy,pourcentage,non,37,3,2006 2012 2016,2006,2016,13,oui,SRC-066,"Libre d'usage — la seule condition posée par le producteur est la citation ; ni inscription, ni restriction de rediffusion"
RH_ICSP_W_TOT,Iron supplementation: total,en,Santé de la reproduction,Iron-containing supplementation during pregnancy,pourcentage,non,37,3,2006 2012 2016,2006,2016,13,oui,SRC-066,"Libre d'usage — la seule condition posée par le producteur est la citation ; ni inscription, ni restriction de rediffusion"
RH_ICSP_W_UNW,Number of women (unweighted),en,Santé de la reproduction,Iron-containing supplementation during pregnancy,effectif,oui,37,3,2006 2012 2016,2006,2016,13,oui,SRC-066,"Libre d'usage — la seule condition posée par le producteur est la citation ; ni inscription, ni restriction de rediffusion"
RH_MIMH_M_ANM,Reported that the child's mother had any antenatal check-ups during the pregnancy with the child,en,Santé de la reproduction,Men's involvement in maternal health care,pourcentage,non,12,1,2016,2016,2016,12,non,SRC-066,"Libre d'usage — la seule condition posée par le producteur est la citation ; ni inscription, ni restriction de rediffusion"
RH_MIMH_M_NM1,Number of men,en,Santé de la reproduction,Men's involvement in maternal health care,effectif,oui,12,1,2016,2016,2016,12,non,SRC-066,"Libre d'usage — la seule condition posée par le producteur est la citation ; ni inscription, ni restriction de rediffusion"
RH_MIMH_M_NM2,Number of men,en,Santé de la reproduction,Men's involvement in maternal health care,effectif,oui,12,1,2016,2016,2016,12,non,SRC-066,"Libre d'usage — la seule condition posée par le producteur est la citation ; ni inscription, ni restriction de rediffusion"
RH_MIMH_M_NM3,Number of men,en,Santé de la reproduction,Men's involvement in maternal health care,effectif,oui,12,1,2016,2016,2016,12,non,SRC-066,"Libre d'usage — la seule condition posée par le producteur est la citation ; ni inscription, ni restriction de rediffusion"
RH_MIMH_M_PDA,Ever present during any antenatal check-up,en,Santé de la reproduction,Men's involvement in maternal health care,pourcentage,non,12,1,2016,2016,2016,12,non,SRC-066,"Libre d'usage — la seule condition posée par le producteur est la citation ; ni inscription, ni restriction de rediffusion"
RH_MIMH_M_RCH,Reported their child was born in a health facility,en,Santé de la reproduction,Men's involvement in maternal health care,pourcentage,non,12,1,2016,2016,2016,12,non,SRC-066,"Libre d'usage — la seule condition posée par le producteur est la citation ; ni inscription, ni restriction de rediffusion"
RH_MIMH_M_UN1,Number of men (unweighted),en,Santé de la reproduction,Men's involvement in maternal health care,effectif,oui,12,1,2016,2016,2016,12,non,SRC-066,"Libre d'usage — la seule condition posée par le producteur est la citation ; ni inscription, ni restriction de rediffusion"
RH_MIMH_M_UN2,Number of men (unweighted),en,Santé de la reproduction,Men's involvement in maternal health care,effectif,oui,12,1,2016,2016,2016,12,non,SRC-066,"Libre d'usage — la seule condition posée par le producteur est la citation ; ni inscription, ni restriction de rediffusion"
RH_MIMH_M_UN3,Number of men (unweighted),en,Santé de la reproduction,Men's involvement in maternal health care,effectif,oui,12,1,2016,2016,2016,12,non,SRC-066,"Libre d'usage — la seule condition posée par le producteur est la citation ; ni inscription, ni restriction de rediffusion"
RH_MIMH_M_UN4,Number of men (unweighted),en,Santé de la reproduction,Men's involvement in maternal health care,effectif,oui,12,1,2016,2016,2016,12,non,SRC-066,"Libre d'usage — la seule condition posée par le producteur est la citation ; ni inscription, ni restriction de rediffusion"
RH_PAHC_W_ALN,Problems in accessing health care: Not wanting to go alone,en,Santé de la reproduction,Problems in accessing health care,pourcentage,non,47,4,2000 2006 2012 2016,2000,2016,13,oui,SRC-066,"Libre d'usage — la seule condition posée par le producteur est la citation ; ni inscription, ni restriction de rediffusion"
RH_PAHC_W_DIS,Problems in accessing health care: Distance to health facility,en,Santé de la reproduction,Problems in accessing health care,pourcentage,non,47,4,2000 2006 2012 2016,2000,2016,13,oui,SRC-066,"Libre d'usage — la seule condition posée par le producteur est la citation ; ni inscription, ni restriction de rediffusion"
RH_PAHC_W_FEM,Problems in accessing health care: Concern there may not be a female provider,en,Santé de la reproduction,Problems in accessing health care,pourcentage,non,22,2,2000 2006,2000,2006,12,non,SRC-066,"Libre d'usage — la seule condition posée par le producteur est la citation ; ni inscription, ni restriction de rediffusion"
RH_PAHC_W_KNW,Problems in accessing health care: Knowing where to go for treatment,en,Santé de la reproduction,Problems in accessing health care,pourcentage,non,10,1,2000,2000,2000,10,non,SRC-066,"Libre d'usage — la seule condition posée par le producteur est la citation ; ni inscription, ni restriction de rediffusion"
RH_PAHC_W_MON,Problems in accessing health care: Getting money for treatment,en,Santé de la reproduction,Problems in accessing health care,pourcentage,non,47,4,2000 2006 2012 2016,2000,2016,13,oui,SRC-066,"Libre d'usage — la seule condition posée par le producteur est la citation ; ni inscription, ni restriction de rediffusion"
RH_PAHC_W_NUM,Number of women,en,Santé de la reproduction,Problems in accessing health care,effectif,oui,47,4,2000 2006 2012 2016,2000,2016,13,oui,SRC-066,"Libre d'usage — la seule condition posée par le producteur est la citation ; ni inscription, ni restriction de rediffusion"
RH_PAHC_W_PR1,Problems in accessing health care: Any of the specified problems,en,Santé de la reproduction,Problems in accessing health care,pourcentage,non,47,4,2000 2006 2012 2016,2000,2016,13,oui,SRC-066,"Libre d'usage — la seule condition posée par le producteur est la citation ; ni inscription, ni restriction de rediffusion"
RH_PAHC_W_PRM,Problems in accessing health care: Getting permission to go for treatment,en,Santé de la reproduction,Problems in accessing health care,pourcentage,non,47,4,2000 2006 2012 2016,2000,2016,13,oui,SRC-066,"Libre d'usage — la seule condition posée par le producteur est la citation ; ni inscription, ni restriction de rediffusion"
RH_PAHC_W_TRN,Problems in accessing health care: Having to take transport,en,Santé de la reproduction,Problems in accessing health care,pourcentage,non,22,2,2000 2006,2000,2006,12,non,SRC-066,"Libre d'usage — la seule condition posée par le producteur est la citation ; ni inscription, ni restriction de rediffusion"
RH_PAHC_W_UNW,Number of women (unweighted),en,Santé de la reproduction,Problems in accessing health care,effectif,oui,47,4,2000 2006 2012 2016,2000,2016,13,oui,SRC-066,"Libre d'usage — la seule condition posée par le producteur est la citation ; ni inscription, ni restriction de rediffusion"
RH_PCCP_C_CHW,Provider of newborns' first postnatal checkup: Community health worker,en,Santé de la reproduction,Type of provider of first postnatal checkup for the newborn,pourcentage,non,13,1,2012,2012,2012,13,non,SRC-066,"Libre d'usage — la seule condition posée par le producteur est la citation ; ni inscription, ni restriction de rediffusion"
RH_PCCP_C_DOC,Provider of newborns' first postnatal checkup: Doctor/nurse/midwife,en,Santé de la reproduction,Type of provider of first postnatal checkup for the newborn,pourcentage,non,25,2,2012 2016,2012,2016,13,non,SRC-066,"Libre d'usage — la seule condition posée par le producteur est la citation ; ni inscription, ni restriction de rediffusion"
RH_PCCP_C_NON,No postnatal checkup for newborn within first two days of birth,en,Santé de la reproduction,Type of provider of first postnatal checkup for the newborn,pourcentage,non,25,2,2012 2016,2012,2016,13,non,SRC-066,"Libre d'usage — la seule condition posée par le producteur est la citation ; ni inscription, ni restriction de rediffusion"
RH_PCCP_C_NRS,Provider of newborns' first postnatal checkup: Auxiliary nurse/midwife,en,Santé de la reproduction,Type of provider of first postnatal checkup for the newborn,pourcentage,non,25,2,2012 2016,2012,2016,13,non,SRC-066,"Libre d'usage — la seule condition posée par le producteur est la citation ; ni inscription, ni restriction de rediffusion"
RH_PCCP_C_NUM,Number of newborns,en,Santé de la reproduction,Type of provider of first postnatal checkup for the newborn,effectif,oui,25,2,2012 2016,2012,2016,13,non,SRC-066,"Libre d'usage — la seule condition posée par le producteur est la citation ; ni inscription, ni restriction de rediffusion"
RH_PCCP_C_OHW,Provider of newborns' first postnatal checkup: Other health worker,en,Santé de la reproduction,Type of provider of first postnatal checkup for the newborn,pourcentage,non,13,1,2012,2012,2012,13,non,SRC-066,"Libre d'usage — la seule condition posée par le producteur est la citation ; ni inscription, ni restriction de rediffusion"
RH_PCCP_C_TBA,Provider of newborns' first postnatal checkup: Traditional birth attendant,en,Santé de la reproduction,Type of provider of first postnatal checkup for the newborn,pourcentage,non,13,1,2012,2012,2012,13,non,SRC-066,"Libre d'usage — la seule condition posée par le producteur est la citation ; ni inscription, ni restriction de rediffusion"
RH_PCCP_C_TOT,Provider of newborns' first postnatal checkup: Total,en,Santé de la reproduction,Type of provider of first postnatal checkup for the newborn,pourcentage,non,25,2,2012 2016,2012,2016,13,non,SRC-066,"Libre d'usage — la seule condition posée par le producteur est la citation ; ni inscription, ni restriction de rediffusion"
RH_PCCP_C_UNW,Number of newborns (unweighted),en,Santé de la reproduction,Type of provider of first postnatal checkup for the newborn,effectif,oui,25,2,2012 2016,2012,2016,13,non,SRC-066,"Libre d'usage — la seule condition posée par le producteur est la citation ; ni inscription, ni restriction de rediffusion"
RH_PCCT_C_D12,Newborn's first postnatal checkup: 1-2 days,en,Santé de la reproduction,Timing of first postnatal checkup for the newborn,pourcentage,non,25,2,2012 2016,2012,2016,13,non,SRC-066,"Libre d'usage — la seule condition posée par le producteur est la citation ; ni inscription, ni restriction de rediffusion"
RH_PCCT_C_D36,Newborn's first postnatal checkup: 3-6 days,en,Santé de la reproduction,Timing of first postnatal checkup for the newborn,pourcentage,non,25,2,2012 2016,2012,2016,13,non,SRC-066,"Libre d'usage — la seule condition posée par le producteur est la citation ; ni inscription, ni restriction de rediffusion"
RH_PCCT_C_DKM,Newborn's first postnatal checkup: don't know or missing,en,Santé de la reproduction,Timing of first postnatal checkup for the newborn,pourcentage,non,25,2,2012 2016,2012,2016,13,non,SRC-066,"Libre d'usage — la seule condition posée par le producteur est la citation ; ni inscription, ni restriction de rediffusion"
RH_PCCT_C_DY2,Newborn's first postnatal checkup in the first two days after birth,en,Santé de la reproduction,Timing of first postnatal checkup for the newborn,pourcentage,non,25,2,2012 2016,2012,2016,13,non,SRC-066,"Libre d'usage — la seule condition posée par le producteur est la citation ; ni inscription, ni restriction de rediffusion"
RH_PCCT_C_H13,Newborn's first postnatal checkup: 1-3 hours,en,Santé de la reproduction,Timing of first postnatal checkup for the newborn,pourcentage,non,25,2,2012 2016,2012,2016,13,non,SRC-066,"Libre d'usage — la seule condition posée par le producteur est la citation ; ni inscription, ni restriction de rediffusion"
RH_PCCT_C_H4P,Newborn's first postnatal checkup: 4-23 hours,en,Santé de la reproduction,Timing of first postnatal checkup for the newborn,pourcentage,non,25,2,2012 2016,2012,2016,13,non,SRC-066,"Libre d'usage — la seule condition posée par le producteur est la citation ; ni inscription, ni restriction de rediffusion"
RH_PCCT_C_L1H,Newborn's first postnatal checkup: Less than 1 hour,en,Santé de la reproduction,Timing of first postnatal checkup for the newborn,pourcentage,non,25,2,2012 2016,2012,2016,13,non,SRC-066,"Libre d'usage — la seule condition posée par le producteur est la citation ; ni inscription, ni restriction de rediffusion"
RH_PCCT_C_NON,No postnatal checkup for newborn,en,Santé de la reproduction,Timing of first postnatal checkup for the newborn,pourcentage,non,25,2,2012 2016,2012,2016,13,non,SRC-066,"Libre d'usage — la seule condition posée par le producteur est la citation ; ni inscription, ni restriction de rediffusion"
RH_PCCT_C_NUM,Number of newborns,en,Santé de la reproduction,Timing of first postnatal checkup for the newborn,effectif,oui,25,2,2012 2016,2012,2016,13,non,SRC-066,"Libre d'usage — la seule condition posée par le producteur est la citation ; ni inscription, ni restriction de rediffusion"
RH_PCCT_C_TOT,Newborn's first postnatal checkup: Total,en,Santé de la reproduction,Timing of first postnatal checkup for the newborn,pourcentage,non,25,2,2012 2016,2012,2016,13,non,SRC-066,"Libre d'usage — la seule condition posée par le producteur est la citation ; ni inscription, ni restriction de rediffusion"
RH_PCCT_C_UNW,Number of newborns (unweighted),en,Santé de la reproduction,Timing of first postnatal checkup for the newborn,effectif,oui,25,2,2012 2016,2012,2016,13,non,SRC-066,"Libre d'usage — la seule condition posée par le producteur est la citation ; ni inscription, ni restriction de rediffusion"
RH_PCMP_W_CHW,Provider of mothers' first postnatal checkup: Community health worker,en,Santé de la reproduction,Type of provider of first postnatal checkup for the mother,pourcentage,non,13,1,2012,2012,2012,13,non,SRC-066,"Libre d'usage — la seule condition posée par le producteur est la citation ; ni inscription, ni restriction de rediffusion"
RH_PCMP_W_DOC,Provider of mothers' first postnatal checkup: Doctor/nurse/midwife,en,Santé de la reproduction,Type of provider of first postnatal checkup for the mother,pourcentage,non,37,3,2006 2012 2016,2006,2016,13,oui,SRC-066,"Libre d'usage — la seule condition posée par le producteur est la citation ; ni inscription, ni restriction de rediffusion"
RH_PCMP_W_NON,No postnatal checkup for mother within first two days of birth,en,Santé de la reproduction,Type of provider of first postnatal checkup for the mother,pourcentage,non,37,3,2006 2012 2016,2006,2016,13,oui,SRC-066,"Libre d'usage — la seule condition posée par le producteur est la citation ; ni inscription, ni restriction de rediffusion"
RH_PCMP_W_NRS,Provider of mothers' first postnatal checkup: Auxiliary nurse/midwife,en,Santé de la reproduction,Type of provider of first postnatal checkup for the mother,pourcentage,non,25,2,2006 2012,2006,2012,13,non,SRC-066,"Libre d'usage — la seule condition posée par le producteur est la citation ; ni inscription, ni restriction de rediffusion"
RH_PCMP_W_NUM,Number of mothers,en,Santé de la reproduction,Type of provider of first postnatal checkup for the mother,effectif,oui,37,3,2006 2012 2016,2006,2016,13,oui,SRC-066,"Libre d'usage — la seule condition posée par le producteur est la citation ; ni inscription, ni restriction de rediffusion"
RH_PCMP_W_OHW,Provider of mothers' first postnatal checkup: Other health worker,en,Santé de la reproduction,Type of provider of first postnatal checkup for the mother,pourcentage,non,25,2,2006 2012,2006,2012,13,non,SRC-066,"Libre d'usage — la seule condition posée par le producteur est la citation ; ni inscription, ni restriction de rediffusion"
RH_PCMP_W_TBA,Provider of mothers' first postnatal checkup: Traditional birth attendant,en,Santé de la reproduction,Type of provider of first postnatal checkup for the mother,pourcentage,non,13,1,2012,2012,2012,13,non,SRC-066,"Libre d'usage — la seule condition posée par le producteur est la citation ; ni inscription, ni restriction de rediffusion"
RH_PCMP_W_TOT,Provider of mothers' first postnatal checkup: Total,en,Santé de la reproduction,Type of provider of first postnatal checkup for the mother,pourcentage,non,37,3,2006 2012 2016,2006,2016,13,oui,SRC-066,"Libre d'usage — la seule condition posée par le producteur est la citation ; ni inscription, ni restriction de rediffusion"
RH_PCMP_W_UNW,Number of mothers (unweighted),en,Santé de la reproduction,Type of provider of first postnatal checkup for the mother,effectif,oui,37,3,2006 2012 2016,2006,2016,13,oui,SRC-066,"Libre d'usage — la seule condition posée par le producteur est la citation ; ni inscription, ni restriction de rediffusion"
RH_PCMT_W_23H,Mother's first postnatal checkup: 4-23 hours,en,Santé de la reproduction,Timing of first postnatal checkup for the mother,pourcentage,non,37,3,2006 2012 2016,2006,2016,13,oui,SRC-066,"Libre d'usage — la seule condition posée par le producteur est la citation ; ni inscription, ni restriction de rediffusion"
RH_PCMT_W_D12,Mother's first postnatal checkup: 1-2 days,en,Santé de la reproduction,Timing of first postnatal checkup for the mother,pourcentage,non,37,3,2006 2012 2016,2006,2016,13,oui,SRC-066,"Libre d'usage — la seule condition posée par le producteur est la citation ; ni inscription, ni restriction de rediffusion"
RH_PCMT_W_D36,Mother's first postnatal checkup: 3-6 days,en,Santé de la reproduction,Timing of first postnatal checkup for the mother,pourcentage,non,37,3,2006 2012 2016,2006,2016,13,oui,SRC-066,"Libre d'usage — la seule condition posée par le producteur est la citation ; ni inscription, ni restriction de rediffusion"
RH_PCMT_W_D7P,Mother's first postnatal checkup: 7-41 days,en,Santé de la reproduction,Timing of first postnatal checkup for the mother,pourcentage,non,37,3,2006 2012 2016,2006,2016,13,oui,SRC-066,"Libre d'usage — la seule condition posée par le producteur est la citation ; ni inscription, ni restriction de rediffusion"
RH_PCMT_W_DKM,Mother's first postnatal checkup: don't know or missing,en,Santé de la reproduction,Timing of first postnatal checkup for the mother,pourcentage,non,25,2,2006 2012,2006,2012,13,non,SRC-066,"Libre d'usage — la seule condition posée par le producteur est la citation ; ni inscription, ni restriction de rediffusion"
RH_PCMT_W_DY2,Mother's first postnatal checkup in the first two days after birth,en,Santé de la reproduction,Timing of first postnatal checkup for the mother,pourcentage,non,37,3,2006 2012 2016,2006,2016,13,oui,SRC-066,"Libre d'usage — la seule condition posée par le producteur est la citation ; ni inscription, ni restriction de rediffusion"
RH_PCMT_W_L4H,Mother's first postnatal checkup: Less than 4 hours,en,Santé de la reproduction,Timing of first postnatal checkup for the mother,pourcentage,non,37,3,2006 2012 2016,2006,2016,13,oui,SRC-066,"Libre d'usage — la seule condition posée par le producteur est la citation ; ni inscription, ni restriction de rediffusion"
RH_PCMT_W_NON,No postnatal checkup for mother,en,Santé de la reproduction,Timing of first postnatal checkup for the mother,pourcentage,non,37,3,2006 2012 2016,2006,2016,13,oui,SRC-066,"Libre d'usage — la seule condition posée par le producteur est la citation ; ni inscription, ni restriction de rediffusion"
RH_PCMT_W_NUM,Number of mothers,en,Santé de la reproduction,Timing of first postnatal checkup for the mother,effectif,oui,37,3,2006 2012 2016,2006,2016,13,oui,SRC-066,"Libre d'usage — la seule condition posée par le producteur est la citation ; ni inscription, ni restriction de rediffusion"
RH_PCMT_W_TOT,Mother's first postnatal checkup: Total,en,Santé de la reproduction,Timing of first postnatal checkup for the mother,pourcentage,non,37,3,2006 2012 2016,2006,2016,13,oui,SRC-066,"Libre d'usage — la seule condition posée par le producteur est la citation ; ni inscription, ni restriction de rediffusion"
RH_PCMT_W_UNW,Number of mothers (unweighted),en,Santé de la reproduction,Timing of first postnatal checkup for the mother,effectif,oui,37,3,2006 2012 2016,2006,2016,13,oui,SRC-066,"Libre d'usage — la seule condition posée par le producteur est la citation ; ni inscription, ni restriction de rediffusion"
RH_TTIJ_W_DKM,Tetanus injections before birth: don't know or missing,en,Santé de la reproduction,Tetanus toxoid injections,pourcentage,non,47,4,2000 2006 2012 2016,2000,2016,13,oui,SRC-066,"Libre d'usage — la seule condition posée par le producteur est la citation ; ni inscription, ni restriction de rediffusion"
RH_TTIJ_W_NUM,Number of mothers with a last live births in the last two (or three/five) years,en,Santé de la reproduction,Tetanus toxoid injections,effectif,oui,47,4,2000 2006 2012 2016,2000,2016,13,oui,SRC-066,"Libre d'usage — la seule condition posée par le producteur est la citation ; ni inscription, ni restriction de rediffusion"
RH_TTIJ_W_PRT,Tetanus protection at birth,en,Santé de la reproduction,Tetanus toxoid injections,pourcentage,non,37,3,2006 2012 2016,2006,2016,13,oui,SRC-066,"Libre d'usage — la seule condition posée par le producteur est la citation ; ni inscription, ni restriction de rediffusion"
RH_TTIJ_W_TOT,Tetanus injections before birth: Total,en,Santé de la reproduction,Tetanus toxoid injections,pourcentage,non,47,4,2000 2006 2012 2016,2000,2016,13,oui,SRC-066,"Libre d'usage — la seule condition posée par le producteur est la citation ; ni inscription, ni restriction de rediffusion"
RH_TTIJ_W_TT0,Tetanus injections before birth: None,en,Santé de la reproduction,Tetanus toxoid injections,pourcentage,non,47,4,2000 2006 2012 2016,2000,2016,13,oui,SRC-066,"Libre d'usage — la seule condition posée par le producteur est la citation ; ni inscription, ni restriction de rediffusion"
RH_TTIJ_W_TT1,Tetanus injections before birth: One dose,en,Santé de la reproduction,Tetanus toxoid injections,pourcentage,non,47,4,2000 2006 2012 2016,2000,2016,13,oui,SRC-066,"Libre d'usage — la seule condition posée par le producteur est la citation ; ni inscription, ni restriction de rediffusion"
RH_TTIJ_W_TT2,Tetanus injections before birth: Two doses or more,en,Santé de la reproduction,Tetanus toxoid injections,pourcentage,non,47,4,2000 2006 2012 2016,2000,2016,13,oui,SRC-066,"Libre d'usage — la seule condition posée par le producteur est la citation ; ni inscription, ni restriction de rediffusion"
RH_TTIJ_W_UNW,Number of mothers with a last live births in the last two (or three/five) years (unweighted),en,Santé de la reproduction,Tetanus toxoid injections,effectif,oui,47,4,2000 2006 2012 2016,2000,2016,13,oui,SRC-066,"Libre d'usage — la seule condition posée par le producteur est la citation ; ni inscription, ni restriction de rediffusion"
AH_CIGA_M_04C,Cigarettes smoked: <5,en,Santé des adultes,Number of cigarettes last 24 hours,pourcentage,non,30,3,2000 2012 2016,2000,2016,13,oui,SRC-066,"Libre d'usage — la seule condition posée par le producteur est la citation ; ni inscription, ni restriction de rediffusion"
AH_CIGA_M_14C,Cigarettes smoked: 10-14,en,Santé des adultes,Number of cigarettes last 24 hours,pourcentage,non,30,3,2000 2012 2016,2000,2016,13,oui,SRC-066,"Libre d'usage — la seule condition posée par le producteur est la citation ; ni inscription, ni restriction de rediffusion"
AH_CIGA_M_24C,Cigarettes smoked: 15-24,en,Santé des adultes,Number of cigarettes last 24 hours,pourcentage,non,30,3,2000 2012 2016,2000,2016,13,oui,SRC-066,"Libre d'usage — la seule condition posée par le producteur est la citation ; ni inscription, ni restriction de rediffusion"
AH_CIGA_M_25C,Cigarettes smoked: 25+,en,Santé des adultes,Number of cigarettes last 24 hours,pourcentage,non,30,3,2000 2012 2016,2000,2016,13,oui,SRC-066,"Libre d'usage — la seule condition posée par le producteur est la citation ; ni inscription, ni restriction de rediffusion"
AH_CIGA_M_59C,Cigarettes smoked: 5-9,en,Santé des adultes,Number of cigarettes last 24 hours,pourcentage,non,30,3,2000 2012 2016,2000,2016,13,oui,SRC-066,"Libre d'usage — la seule condition posée par le producteur est la citation ; ni inscription, ni restriction de rediffusion"
AH_CIGA_M_DKM,Cigarettes smoked: don't know or missing,en,Santé des adultes,Number of cigarettes last 24 hours,pourcentage,non,22,2,2000 2012,2000,2012,13,non,SRC-066,"Libre d'usage — la seule condition posée par le producteur est la citation ; ni inscription, ni restriction de rediffusion"
AH_CIGA_M_MNC,Cigarettes smoked: Mean,en,Santé des adultes,Number of cigarettes last 24 hours,pourcentage,non,30,3,2000 2012 2016,2000,2016,13,oui,SRC-066,"Libre d'usage — la seule condition posée par le producteur est la citation ; ni inscription, ni restriction de rediffusion"
AH_CIGA_M_NUM,Number of men cigarette smokers,en,Santé des adultes,Number of cigarettes last 24 hours,effectif,oui,30,3,2000 2012 2016,2000,2016,13,oui,SRC-066,"Libre d'usage — la seule condition posée par le producteur est la citation ; ni inscription, ni restriction de rediffusion"
AH_CIGA_M_TOT,Cigarettes smoked: Total,en,Santé des adultes,Number of cigarettes last 24 hours,pourcentage,non,30,3,2000 2012 2016,2000,2016,13,oui,SRC-066,"Libre d'usage — la seule condition posée par le producteur est la citation ; ni inscription, ni restriction de rediffusion"
AH_CIGA_M_UNW,Number of men cigarette smokers (unweighted),en,Santé des adultes,Number of cigarettes last 24 hours,effectif,oui,35,3,2000 2012 2016,2000,2016,13,oui,SRC-066,"Libre d'usage — la seule condition posée par le producteur est la citation ; ni inscription, ni restriction de rediffusion"
AH_HINS_M_ANY,Any health insurance,en,Santé des adultes,Health insurance coverage,pourcentage,non,12,1,2016,2016,2016,12,non,SRC-066,"Libre d'usage — la seule condition posée par le producteur est la citation ; ni inscription, ni restriction de rediffusion"
AH_HINS_M_EBI,Other employer-base health insurance [Men],en,Santé des adultes,Health insurance coverage,pourcentage,non,12,1,2016,2016,2016,12,non,SRC-066,"Libre d'usage — la seule condition posée par le producteur est la citation ; ni inscription, ni restriction de rediffusion"
AH_HINS_M_MUT,Mutual health organzation or community-base health insurance [Men],en,Santé des adultes,Health insurance coverage,pourcentage,non,12,1,2016,2016,2016,12,non,SRC-066,"Libre d'usage — la seule condition posée par le producteur est la citation ; ni inscription, ni restriction de rediffusion"
AH_HINS_M_NON,No health insurance [Men],en,Santé des adultes,Health insurance coverage,pourcentage,non,12,1,2016,2016,2016,12,non,SRC-066,"Libre d'usage — la seule condition posée par le producteur est la citation ; ni inscription, ni restriction de rediffusion"
AH_HINS_M_NUM,Number of men,en,Santé des adultes,Health insurance coverage,effectif,oui,12,1,2016,2016,2016,12,non,SRC-066,"Libre d'usage — la seule condition posée par le producteur est la citation ; ni inscription, ni restriction de rediffusion"
AH_HINS_M_OTH,Other health insurance [Men],en,Santé des adultes,Health insurance coverage,pourcentage,non,12,1,2016,2016,2016,12,non,SRC-066,"Libre d'usage — la seule condition posée par le producteur est la citation ; ni inscription, ni restriction de rediffusion"
AH_HINS_M_PRV,Privately purchased commercial insurance [Men],en,Santé des adultes,Health insurance coverage,pourcentage,non,12,1,2016,2016,2016,12,non,SRC-066,"Libre d'usage — la seule condition posée par le producteur est la citation ; ni inscription, ni restriction de rediffusion"
AH_HINS_M_SOS,Social security health insurance [Men],en,Santé des adultes,Health insurance coverage,pourcentage,non,12,1,2016,2016,2016,12,non,SRC-066,"Libre d'usage — la seule condition posée par le producteur est la citation ; ni inscription, ni restriction de rediffusion"
AH_HINS_M_UNW,Number of men (unweighted),en,Santé des adultes,Health insurance coverage,effectif,oui,12,1,2016,2016,2016,12,non,SRC-066,"Libre d'usage — la seule condition posée par le producteur est la citation ; ni inscription, ni restriction de rediffusion"
AH_HINS_W_ANY,Any health insurance,en,Santé des adultes,Health insurance coverage,pourcentage,non,24,2,2006 2016,2006,2016,12,non,SRC-066,"Libre d'usage — la seule condition posée par le producteur est la citation ; ni inscription, ni restriction de rediffusion"
AH_HINS_W_EBI,Other employer-base health insurance [Women],en,Santé des adultes,Health insurance coverage,pourcentage,non,24,2,2006 2016,2006,2016,12,non,SRC-066,"Libre d'usage — la seule condition posée par le producteur est la citation ; ni inscription, ni restriction de rediffusion"
AH_HINS_W_MUT,Mutual health organzation or community-base health insurance [Women],en,Santé des adultes,Health insurance coverage,pourcentage,non,24,2,2006 2016,2006,2016,12,non,SRC-066,"Libre d'usage — la seule condition posée par le producteur est la citation ; ni inscription, ni restriction de rediffusion"
AH_HINS_W_NON,No health insurance [Women],en,Santé des adultes,Health insurance coverage,pourcentage,non,24,2,2006 2016,2006,2016,12,non,SRC-066,"Libre d'usage — la seule condition posée par le producteur est la citation ; ni inscription, ni restriction de rediffusion"
AH_HINS_W_NUM,Number of women,en,Santé des adultes,Health insurance coverage,effectif,oui,24,2,2006 2016,2006,2016,12,non,SRC-066,"Libre d'usage — la seule condition posée par le producteur est la citation ; ni inscription, ni restriction de rediffusion"
AH_HINS_W_OTH,Other health insurance [Women],en,Santé des adultes,Health insurance coverage,pourcentage,non,24,2,2006 2016,2006,2016,12,non,SRC-066,"Libre d'usage — la seule condition posée par le producteur est la citation ; ni inscription, ni restriction de rediffusion"
AH_HINS_W_PRV,Privately purchased commercial insurance [Women],en,Santé des adultes,Health insurance coverage,pourcentage,non,24,2,2006 2016,2006,2016,12,non,SRC-066,"Libre d'usage — la seule condition posée par le producteur est la citation ; ni inscription, ni restriction de rediffusion"
AH_HINS_W_SOS,Social security health insurance [Women],en,Santé des adultes,Health insurance coverage,pourcentage,non,24,2,2006 2016,2006,2016,12,non,SRC-066,"Libre d'usage — la seule condition posée par le producteur est la citation ; ni inscription, ni restriction de rediffusion"
AH_HINS_W_UNW,Number of women (unweighted),en,Santé des adultes,Health insurance coverage,effectif,oui,24,2,2006 2016,2006,2016,12,non,SRC-066,"Libre d'usage — la seule condition posée par le producteur est la citation ; ni inscription, ni restriction de rediffusion"
AH_TOBC_M_ANY,Men who smoke any type of tobacco,en,Santé des adultes,Use of tobacco,pourcentage,non,35,3,2000 2012 2016,2000,2016,13,oui,SRC-066,"Libre d'usage — la seule condition posée par le producteur est la citation ; ni inscription, ni restriction de rediffusion"
AH_TOBC_M_CIG,Men who smoke cigarettes,en,Santé des adultes,Use of tobacco,pourcentage,non,35,3,2000 2012 2016,2000,2016,13,oui,SRC-066,"Libre d'usage — la seule condition posée par le producteur est la citation ; ni inscription, ni restriction de rediffusion"
AH_TOBC_M_DKM,Men's smoking: DK/missing,en,Santé des adultes,Use of tobacco,pourcentage,non,13,1,2012,2012,2012,13,non,SRC-066,"Libre d'usage — la seule condition posée par le producteur est la citation ; ni inscription, ni restriction de rediffusion"
AH_TOBC_M_DLY,Men who smoke daily,en,Santé des adultes,Use of tobacco,pourcentage,non,12,1,2016,2016,2016,12,non,SRC-066,"Libre d'usage — la seule condition posée par le producteur est la citation ; ni inscription, ni restriction de rediffusion"
AH_TOBC_M_NON,Men who do not smoke,en,Santé des adultes,Use of tobacco,pourcentage,non,35,3,2000 2012 2016,2000,2016,13,oui,SRC-066,"Libre d'usage — la seule condition posée par le producteur est la citation ; ni inscription, ni restriction de rediffusion"
AH_TOBC_M_NUM,Number of men,en,Santé des adultes,Use of tobacco,effectif,oui,35,3,2000 2012 2016,2000,2016,13,oui,SRC-066,"Libre d'usage — la seule condition posée par le producteur est la citation ; ni inscription, ni restriction de rediffusion"
AH_TOBC_M_OCC,Men who smoke occasionally,en,Santé des adultes,Use of tobacco,pourcentage,non,12,1,2016,2016,2016,12,non,SRC-066,"Libre d'usage — la seule condition posée par le producteur est la citation ; ni inscription, ni restriction de rediffusion"
AH_TOBC_M_OTH,Men who smoke other tobacco,en,Santé des adultes,Use of tobacco,pourcentage,non,25,2,2012 2016,2012,2016,13,non,SRC-066,"Libre d'usage — la seule condition posée par le producteur est la citation ; ni inscription, ni restriction de rediffusion"
AH_TOBC_M_PIP,Men who smoke pipe,en,Santé des adultes,Use of tobacco,pourcentage,non,35,3,2000 2012 2016,2000,2016,13,oui,SRC-066,"Libre d'usage — la seule condition posée par le producteur est la citation ; ni inscription, ni restriction de rediffusion"
AH_TOBC_M_TOT,Men's smoking: Total,en,Santé des adultes,Use of tobacco,pourcentage,non,12,1,2016,2016,2016,12,non,SRC-066,"Libre d'usage — la seule condition posée par le producteur est la citation ; ni inscription, ni restriction de rediffusion"
AH_TOBC_M_UNW,Number of men (unweighted),en,Santé des adultes,Use of tobacco,effectif,oui,35,3,2000 2012 2016,2000,2016,13,oui,SRC-066,"Libre d'usage — la seule condition posée par le producteur est la citation ; ni inscription, ni restriction de rediffusion"
AH_TOBC_W_ANY,Women who smoke any type of tobacco,en,Santé des adultes,Use of tobacco,pourcentage,non,47,4,2000 2006 2012 2016,2000,2016,13,oui,SRC-066,"Libre d'usage — la seule condition posée par le producteur est la citation ; ni inscription, ni restriction de rediffusion"
AH_TOBC_W_CIG,Women who smoke cigarettes,en,Santé des adultes,Use of tobacco,pourcentage,non,47,4,2000 2006 2012 2016,2000,2016,13,oui,SRC-066,"Libre d'usage — la seule condition posée par le producteur est la citation ; ni inscription, ni restriction de rediffusion"
AH_TOBC_W_NON,Women who do not smoke,en,Santé des adultes,Use of tobacco,pourcentage,non,47,4,2000 2006 2012 2016,2000,2016,13,oui,SRC-066,"Libre d'usage — la seule condition posée par le producteur est la citation ; ni inscription, ni restriction de rediffusion"
AH_TOBC_W_NUM,Number of women,en,Santé des adultes,Use of tobacco,effectif,oui,47,4,2000 2006 2012 2016,2000,2016,13,oui,SRC-066,"Libre d'usage — la seule condition posée par le producteur est la citation ; ni inscription, ni restriction de rediffusion"
AH_TOBC_W_PIP,Women who smoke pipe,en,Santé des adultes,Use of tobacco,pourcentage,non,47,4,2000 2006 2012 2016,2000,2016,13,oui,SRC-066,"Libre d'usage — la seule condition posée par le producteur est la citation ; ni inscription, ni restriction de rediffusion"
AH_TOBC_W_UNW,Number of women (unweighted),en,Santé des adultes,Use of tobacco,effectif,oui,47,4,2000 2006 2012 2016,2000,2016,13,oui,SRC-066,"Libre d'usage — la seule condition posée par le producteur est la citation ; ni inscription, ni restriction de rediffusion"
MA_AAFM_M_M20,Median age at first marriage [Men]: 20-24,en,Union et mariage,Median age at first marriage,médiane,non,1,1,2000,2000,2000,1,non,SRC-066,"Libre d'usage — la seule condition posée par le producteur est la citation ; ni inscription, ni restriction de rediffusion"
MA_AAFM_M_M25,Median age at first marriage [Men]: 25-29,en,Union et mariage,Median age at first marriage,médiane,non,6,3,2000 2006 2012,2000,2012,4,oui,SRC-066,"Libre d'usage — la seule condition posée par le producteur est la citation ; ni inscription, ni restriction de rediffusion"
MA_AAFM_M_M2B,"Median age at first marriage [Men]: 25-49(54,59)",en,Union et mariage,Median age at first marriage,médiane,non,3,2,2000 2006,2000,2006,2,non,SRC-066,"Libre d'usage — la seule condition posée par le producteur est la citation ; ni inscription, ni restriction de rediffusion"
MA_AAFM_M_M30,Median age at first marriage [Men]: 30-34,en,Union et mariage,Median age at first marriage,médiane,non,46,4,2000 2006 2012 2016,2000,2016,13,oui,SRC-066,"Libre d'usage — la seule condition posée par le producteur est la citation ; ni inscription, ni restriction de rediffusion"
MA_AAFM_M_M35,Median age at first marriage [Men]: 35-39,en,Union et mariage,Median age at first marriage,médiane,non,47,4,2000 2006 2012 2016,2000,2016,13,oui,SRC-066,"Libre d'usage — la seule condition posée par le producteur est la citation ; ni inscription, ni restriction de rediffusion"
MA_AAFM_M_M40,Median age at first marriage [Men]: 40-44,en,Union et mariage,Median age at first marriage,médiane,non,47,4,2000 2006 2012 2016,2000,2016,13,oui,SRC-066,"Libre d'usage — la seule condition posée par le producteur est la citation ; ni inscription, ni restriction de rediffusion"
MA_AAFM_M_M45,Median age at first marriage [Men]: 45-49,en,Union et mariage,Median age at first marriage,médiane,non,47,4,2000 2006 2012 2016,2000,2016,13,oui,SRC-066,"Libre d'usage — la seule condition posée par le producteur est la citation ; ni inscription, ni restriction de rediffusion"
MA_AAFM_M_M50,Median age at first marriage [Men]: 50-54,en,Union et mariage,Median age at first marriage,médiane,non,47,4,2000 2006 2012 2016,2000,2016,13,oui,SRC-066,"Libre d'usage — la seule condition posée par le producteur est la citation ; ni inscription, ni restriction de rediffusion"
MA_AAFM_M_M55,Median age at first marriage [Men]: 55-59,en,Union et mariage,Median age at first marriage,effectif,oui,47,4,2000 2006 2012 2016,2000,2016,13,oui,SRC-066,"Libre d'usage — la seule condition posée par le producteur est la citation ; ni inscription, ni restriction de rediffusion"
MA_AAFM_M_M60,Median age at first marriage [Men]: 60-64,en,Union et mariage,Median age at first marriage,effectif,oui,12,1,2016,2016,2016,12,non,SRC-066,"Libre d'usage — la seule condition posée par le producteur est la citation ; ni inscription, ni restriction de rediffusion"
MA_AAFM_W_M20,Median age at first marriage [Women]: 20-24,en,Union et mariage,Median age at first marriage,médiane,non,6,2,2000 2006,2000,2006,4,non,SRC-066,"Libre d'usage — la seule condition posée par le producteur est la citation ; ni inscription, ni restriction de rediffusion"
MA_AAFM_W_M25,Median age at first marriage [Women]: 25-29,en,Union et mariage,Median age at first marriage,médiane,non,46,4,2000 2006 2012 2016,2000,2016,13,oui,SRC-066,"Libre d'usage — la seule condition posée par le producteur est la citation ; ni inscription, ni restriction de rediffusion"
MA_AAFM_W_M2A,Median age at first marriage [Women]: 20-49,en,Union et mariage,Median age at first marriage,médiane,non,7,2,2000 2006,2000,2006,5,non,SRC-066,"Libre d'usage — la seule condition posée par le producteur est la citation ; ni inscription, ni restriction de rediffusion"
MA_AAFM_W_M2B,Median age at first marriage [Women]: 25-49,en,Union et mariage,Median age at first marriage,médiane,non,46,4,2000 2006 2012 2016,2000,2016,13,oui,SRC-066,"Libre d'usage — la seule condition posée par le producteur est la citation ; ni inscription, ni restriction de rediffusion"
MA_AAFM_W_M30,Median age at first marriage [Women]: 30-34,en,Union et mariage,Median age at first marriage,médiane,non,47,4,2000 2006 2012 2016,2000,2016,13,oui,SRC-066,"Libre d'usage — la seule condition posée par le producteur est la citation ; ni inscription, ni restriction de rediffusion"
MA_AAFM_W_M35,Median age at first marriage [Women]: 35-39,en,Union et mariage,Median age at first marriage,médiane,non,47,4,2000 2006 2012 2016,2000,2016,13,oui,SRC-066,"Libre d'usage — la seule condition posée par le producteur est la citation ; ni inscription, ni restriction de rediffusion"
MA_AAFM_W_M40,Median age at first marriage [Women]: 40-44,en,Union et mariage,Median age at first marriage,médiane,non,47,4,2000 2006 2012 2016,2000,2016,13,oui,SRC-066,"Libre d'usage — la seule condition posée par le producteur est la citation ; ni inscription, ni restriction de rediffusion"
MA_AAFM_W_M45,Median age at first marriage [Women]: 45-49,en,Union et mariage,Median age at first marriage,médiane,non,47,4,2000 2006 2012 2016,2000,2016,13,oui,SRC-066,"Libre d'usage — la seule condition posée par le producteur est la citation ; ni inscription, ni restriction de rediffusion"
MA_ADIF_W_MIS,Age of man missing,en,Union et mariage,Age difference between partners (women 15-24),pourcentage,non,35,3,2000 2006 2012,2000,2012,13,oui,SRC-066,"Libre d'usage — la seule condition posée par le producteur est la citation ; ni inscription, ni restriction de rediffusion"
MA_ADIF_W_NUM,Number of women,en,Union et mariage,Age difference between partners (women 15-24),effectif,oui,47,4,2000 2006 2012 2016,2000,2016,13,oui,SRC-066,"Libre d'usage — la seule condition posée par le producteur est la citation ; ni inscription, ni restriction de rediffusion"
MA_ADIF_W_O01,Age difference between man and woman is <5 years,en,Union et mariage,Age difference between partners (women 15-24),pourcentage,non,47,4,2000 2006 2012 2016,2000,2016,13,oui,SRC-066,"Libre d'usage — la seule condition posée par le producteur est la citation ; ni inscription, ni restriction de rediffusion"
MA_ADIF_W_O05,Age difference between man and woman is 5-9 years,en,Union et mariage,Age difference between partners (women 15-24),pourcentage,non,47,4,2000 2006 2012 2016,2000,2016,13,oui,SRC-066,"Libre d'usage — la seule condition posée par le producteur est la citation ; ni inscription, ni restriction de rediffusion"
MA_ADIF_W_O10,Age difference between man and woman is 10+ years,en,Union et mariage,Age difference between partners (women 15-24),pourcentage,non,47,4,2000 2006 2012 2016,2000,2016,13,oui,SRC-066,"Libre d'usage — la seule condition posée par le producteur est la citation ; ni inscription, ni restriction de rediffusion"
MA_ADIF_W_SAM,Man and woman are the same age,en,Union et mariage,Age difference between partners (women 15-24),pourcentage,non,47,4,2000 2006 2012 2016,2000,2016,13,oui,SRC-066,"Libre d'usage — la seule condition posée par le producteur est la citation ; ni inscription, ni restriction de rediffusion"
MA_ADIF_W_TOT,Age difference: Total,en,Union et mariage,Age difference between partners (women 15-24),pourcentage,non,47,4,2000 2006 2012 2016,2000,2016,13,oui,SRC-066,"Libre d'usage — la seule condition posée par le producteur est la citation ; ni inscription, ni restriction de rediffusion"
MA_ADIF_W_UNW,Number of women (unweighted),en,Union et mariage,Age difference between partners (women 15-24),effectif,oui,47,4,2000 2006 2012 2016,2000,2016,13,oui,SRC-066,"Libre d'usage — la seule condition posée par le producteur est la citation ; ni inscription, ni restriction de rediffusion"
MA_ADIF_W_YNG,Man is younger than woman,en,Union et mariage,Age difference between partners (women 15-24),pourcentage,non,47,4,2000 2006 2012 2016,2000,2016,13,oui,SRC-066,"Libre d'usage — la seule condition posée par le producteur est la citation ; ni inscription, ni restriction de rediffusion"
MA_CWIV_W_0WV,Number of co-wives: No other wives,en,Union et mariage,Number of women's co-wives,pourcentage,non,47,4,2000 2006 2012 2016,2000,2016,13,oui,SRC-066,"Libre d'usage — la seule condition posée par le producteur est la citation ; ni inscription, ni restriction de rediffusion"
MA_CWIV_W_1WV,Number of co-wives: One other wife,en,Union et mariage,Number of women's co-wives,pourcentage,non,47,4,2000 2006 2012 2016,2000,2016,13,oui,SRC-066,"Libre d'usage — la seule condition posée par le producteur est la citation ; ni inscription, ni restriction de rediffusion"
MA_CWIV_W_2PW,Number of co-wives: Two or more wives,en,Union et mariage,Number of women's co-wives,pourcentage,non,47,4,2000 2006 2012 2016,2000,2016,13,oui,SRC-066,"Libre d'usage — la seule condition posée par le producteur est la citation ; ni inscription, ni restriction de rediffusion"
MA_CWIV_W_CWV,Number of co-wives: One or more wives,en,Union et mariage,Number of women's co-wives,pourcentage,non,47,4,2000 2006 2012 2016,2000,2016,13,oui,SRC-066,"Libre d'usage — la seule condition posée par le producteur est la citation ; ni inscription, ni restriction de rediffusion"
MA_CWIV_W_DKM,Number of co-wives: don't know or missing,en,Union et mariage,Number of women's co-wives,pourcentage,non,47,4,2000 2006 2012 2016,2000,2016,13,oui,SRC-066,"Libre d'usage — la seule condition posée par le producteur est la citation ; ni inscription, ni restriction de rediffusion"
MA_CWIV_W_NUM,Number of married women,en,Union et mariage,Number of women's co-wives,effectif,oui,47,4,2000 2006 2012 2016,2000,2016,13,oui,SRC-066,"Libre d'usage — la seule condition posée par le producteur est la citation ; ni inscription, ni restriction de rediffusion"
MA_CWIV_W_TOT,Married women: Total,en,Union et mariage,Number of women's co-wives,pourcentage,non,47,4,2000 2006 2012 2016,2000,2016,13,oui,SRC-066,"Libre d'usage — la seule condition posée par le producteur est la citation ; ni inscription, ni restriction de rediffusion"
MA_CWIV_W_UNW,Number of married women (unweighted),en,Union et mariage,Number of women's co-wives,effectif,oui,47,4,2000 2006 2012 2016,2000,2016,13,oui,SRC-066,"Libre d'usage — la seule condition posée par le producteur est la citation ; ni inscription, ni restriction de rediffusion"
MA_MBAY_M_B15,Young men age 20-24 first married by exact age 15,en,Union et mariage,First married by exact age (age 20-24),pourcentage,non,35,3,2000 2006 2012,2000,2012,13,oui,SRC-066,"Libre d'usage — la seule condition posée par le producteur est la citation ; ni inscription, ni restriction de rediffusion"
MA_MBAY_M_B18,Young men age 20-24 first married by exact age 18,en,Union et mariage,First married by exact age (age 20-24),pourcentage,non,47,4,2000 2006 2012 2016,2000,2016,13,oui,SRC-066,"Libre d'usage — la seule condition posée par le producteur est la citation ; ni inscription, ni restriction de rediffusion"
MA_MBAY_M_B20,Young men age 20-24 first married by exact age 20,en,Union et mariage,First married by exact age (age 20-24),pourcentage,non,47,4,2000 2006 2012 2016,2000,2016,13,oui,SRC-066,"Libre d'usage — la seule condition posée par le producteur est la citation ; ni inscription, ni restriction de rediffusion"
MA_MBAY_M_NMA,Young men age 20-24 never married,en,Union et mariage,First married by exact age (age 20-24),pourcentage,non,47,4,2000 2006 2012 2016,2000,2016,13,oui,SRC-066,"Libre d'usage — la seule condition posée par le producteur est la citation ; ni inscription, ni restriction de rediffusion"
MA_MBAY_M_NUM,Number of young men age 20-24,en,Union et mariage,First married by exact age (age 20-24),effectif,oui,47,4,2000 2006 2012 2016,2000,2016,13,oui,SRC-066,"Libre d'usage — la seule condition posée par le producteur est la citation ; ni inscription, ni restriction de rediffusion"
MA_MBAY_M_UNW,Number of young men age 20-24 (unweighted),en,Union et mariage,First married by exact age (age 20-24),effectif,oui,47,4,2000 2006 2012 2016,2000,2016,13,oui,SRC-066,"Libre d'usage — la seule condition posée par le producteur est la citation ; ni inscription, ni restriction de rediffusion"
MA_MBAY_W_B15,Young women age 20-24 first married by exact age 15,en,Union et mariage,First married by exact age (age 20-24),pourcentage,non,47,4,2000 2006 2012 2016,2000,2016,13,oui,SRC-066,"Libre d'usage — la seule condition posée par le producteur est la citation ; ni inscription, ni restriction de rediffusion"
MA_MBAY_W_B18,Young women age 20-24 first married by exact age 18,en,Union et mariage,First married by exact age (age 20-24),pourcentage,non,47,4,2000 2006 2012 2016,2000,2016,13,oui,SRC-066,"Libre d'usage — la seule condition posée par le producteur est la citation ; ni inscription, ni restriction de rediffusion"
MA_MBAY_W_B20,Young women age 20-24 first married by exact age 20,en,Union et mariage,First married by exact age (age 20-24),pourcentage,non,47,4,2000 2006 2012 2016,2000,2016,13,oui,SRC-066,"Libre d'usage — la seule condition posée par le producteur est la citation ; ni inscription, ni restriction de rediffusion"
MA_MBAY_W_NMA,Young women age 20-24 never married,en,Union et mariage,First married by exact age (age 20-24),pourcentage,non,47,4,2000 2006 2012 2016,2000,2016,13,oui,SRC-066,"Libre d'usage — la seule condition posée par le producteur est la citation ; ni inscription, ni restriction de rediffusion"
MA_MBAY_W_NUM,Number of young women age 20-24,en,Union et mariage,First married by exact age (age 20-24),effectif,oui,47,4,2000 2006 2012 2016,2000,2016,13,oui,SRC-066,"Libre d'usage — la seule condition posée par le producteur est la citation ; ni inscription, ni restriction de rediffusion"
MA_MBAY_W_UNW,Number of young women age 20-24 (unweighted),en,Union et mariage,First married by exact age (age 20-24),effectif,oui,47,4,2000 2006 2012 2016,2000,2016,13,oui,SRC-066,"Libre d'usage — la seule condition posée par le producteur est la citation ; ni inscription, ni restriction de rediffusion"
MA_MSTY_M_LTG,Current marital status [Young men]: Living together,en,Union et mariage,Current marital status - Youth,pourcentage,non,47,4,2000 2006 2012 2016,2000,2016,13,oui,SRC-066,"Libre d'usage — la seule condition posée par le producteur est la citation ; ni inscription, ni restriction de rediffusion"
MA_MSTY_M_MAR,Current marital status [Young men]: Married,en,Union et mariage,Current marital status - Youth,pourcentage,non,47,4,2000 2006 2012 2016,2000,2016,13,oui,SRC-066,"Libre d'usage — la seule condition posée par le producteur est la citation ; ni inscription, ni restriction de rediffusion"
MA_MSTY_M_NMA,Current marital status [Young men]: Never married,en,Union et mariage,Current marital status - Youth,pourcentage,non,47,4,2000 2006 2012 2016,2000,2016,13,oui,SRC-066,"Libre d'usage — la seule condition posée par le producteur est la citation ; ni inscription, ni restriction de rediffusion"
MA_MSTY_M_NUM,Number of young men,en,Union et mariage,Current marital status - Youth,effectif,oui,47,4,2000 2006 2012 2016,2000,2016,13,oui,SRC-066,"Libre d'usage — la seule condition posée par le producteur est la citation ; ni inscription, ni restriction de rediffusion"
MA_MSTY_M_SEP,Current marital status [Young men]: Not living together,en,Union et mariage,Current marital status - Youth,pourcentage,non,47,4,2000 2006 2012 2016,2000,2016,13,oui,SRC-066,"Libre d'usage — la seule condition posée par le producteur est la citation ; ni inscription, ni restriction de rediffusion"
MA_MSTY_M_TOT,Young men: Total,en,Union et mariage,Current marital status - Youth,pourcentage,non,47,4,2000 2006 2012 2016,2000,2016,13,oui,SRC-066,"Libre d'usage — la seule condition posée par le producteur est la citation ; ni inscription, ni restriction de rediffusion"
MA_MSTY_M_UNI,Current marital status [Young men]: Married or living in union,en,Union et mariage,Current marital status - Youth,pourcentage,non,47,4,2000 2006 2012 2016,2000,2016,13,oui,SRC-066,"Libre d'usage — la seule condition posée par le producteur est la citation ; ni inscription, ni restriction de rediffusion"
MA_MSTY_M_UNW,Number of young men (unweighted),en,Union et mariage,Current marital status - Youth,effectif,oui,47,4,2000 2006 2012 2016,2000,2016,13,oui,SRC-066,"Libre d'usage — la seule condition posée par le producteur est la citation ; ni inscription, ni restriction de rediffusion"
MA_MSTY_M_WID,Current marital status [Young men]: Widowed,en,Union et mariage,Current marital status - Youth,pourcentage,non,37,3,2006 2012 2016,2006,2016,13,oui,SRC-066,"Libre d'usage — la seule condition posée par le producteur est la citation ; ni inscription, ni restriction de rediffusion"
MA_MSTY_W_DIV,Current marital status [Young women]: Divorced,en,Union et mariage,Current marital status - Youth,pourcentage,non,37,3,2006 2012 2016,2006,2016,13,oui,SRC-066,"Libre d'usage — la seule condition posée par le producteur est la citation ; ni inscription, ni restriction de rediffusion"
MA_MSTY_W_LTG,Current marital status [Young women]: Living together,en,Union et mariage,Current marital status - Youth,pourcentage,non,47,4,2000 2006 2012 2016,2000,2016,13,oui,SRC-066,"Libre d'usage — la seule condition posée par le producteur est la citation ; ni inscription, ni restriction de rediffusion"
MA_MSTY_W_MAR,Current marital status [Young women]: Married,en,Union et mariage,Current marital status - Youth,pourcentage,non,47,4,2000 2006 2012 2016,2000,2016,13,oui,SRC-066,"Libre d'usage — la seule condition posée par le producteur est la citation ; ni inscription, ni restriction de rediffusion"
MA_MSTY_W_NMA,Current marital status [Young women]: Never married,en,Union et mariage,Current marital status - Youth,pourcentage,non,47,4,2000 2006 2012 2016,2000,2016,13,oui,SRC-066,"Libre d'usage — la seule condition posée par le producteur est la citation ; ni inscription, ni restriction de rediffusion"
MA_MSTY_W_NUM,Number of young women,en,Union et mariage,Current marital status - Youth,effectif,oui,47,4,2000 2006 2012 2016,2000,2016,13,oui,SRC-066,"Libre d'usage — la seule condition posée par le producteur est la citation ; ni inscription, ni restriction de rediffusion"
MA_MSTY_W_SEP,Current marital status [Young women]: Not living together,en,Union et mariage,Current marital status - Youth,pourcentage,non,47,4,2000 2006 2012 2016,2000,2016,13,oui,SRC-066,"Libre d'usage — la seule condition posée par le producteur est la citation ; ni inscription, ni restriction de rediffusion"
MA_MSTY_W_TOT,Young women: Total,en,Union et mariage,Current marital status - Youth,pourcentage,non,47,4,2000 2006 2012 2016,2000,2016,13,oui,SRC-066,"Libre d'usage — la seule condition posée par le producteur est la citation ; ni inscription, ni restriction de rediffusion"
MA_MSTY_W_UNI,Current marital status [Young women]: Married or living in union,en,Union et mariage,Current marital status - Youth,pourcentage,non,47,4,2000 2006 2012 2016,2000,2016,13,oui,SRC-066,"Libre d'usage — la seule condition posée par le producteur est la citation ; ni inscription, ni restriction de rediffusion"
MA_MSTY_W_UNW,Number of young women (unweighted),en,Union et mariage,Current marital status - Youth,effectif,oui,47,4,2000 2006 2012 2016,2000,2016,13,oui,SRC-066,"Libre d'usage — la seule condition posée par le producteur est la citation ; ni inscription, ni restriction de rediffusion"
MA_MSTY_W_WID,Current marital status [Young women]: Widowed,en,Union et mariage,Current marital status - Youth,pourcentage,non,47,4,2000 2006 2012 2016,2000,2016,13,oui,SRC-066,"Libre d'usage — la seule condition posée par le producteur est la citation ; ni inscription, ni restriction de rediffusion"
MA_WIVE_M_1WV,Number of wives: One wife,en,Union et mariage,Number of men's wives,pourcentage,non,47,4,2000 2006 2012 2016,2000,2016,13,oui,SRC-066,"Libre d'usage — la seule condition posée par le producteur est la citation ; ni inscription, ni restriction de rediffusion"
MA_WIVE_M_2PW,Number of wives: Two or more wives,en,Union et mariage,Number of men's wives,pourcentage,non,47,4,2000 2006 2012 2016,2000,2016,13,oui,SRC-066,"Libre d'usage — la seule condition posée par le producteur est la citation ; ni inscription, ni restriction de rediffusion"
MA_WIVE_M_DKM,Number of wives [Men]: don't know or missing,en,Union et mariage,Number of men's wives,pourcentage,non,22,2,2000 2006,2000,2006,12,non,SRC-066,"Libre d'usage — la seule condition posée par le producteur est la citation ; ni inscription, ni restriction de rediffusion"
MA_WIVE_M_NUM,Number of married men,en,Union et mariage,Number of men's wives,effectif,oui,47,4,2000 2006 2012 2016,2000,2016,13,oui,SRC-066,"Libre d'usage — la seule condition posée par le producteur est la citation ; ni inscription, ni restriction de rediffusion"
MA_WIVE_M_TOT,Number of wives: Total,en,Union et mariage,Number of men's wives,pourcentage,non,47,4,2000 2006 2012 2016,2000,2016,13,oui,SRC-066,"Libre d'usage — la seule condition posée par le producteur est la citation ; ni inscription, ni restriction de rediffusion"
MA_WIVE_M_UNW,Number of married men (unweighted),en,Union et mariage,Number of men's wives,effectif,oui,47,4,2000 2006 2012 2016,2000,2016,13,oui,SRC-066,"Libre d'usage — la seule condition posée par le producteur est la citation ; ni inscription, ni restriction de rediffusion"
HA_AATT_M_AAT,Accepting attitudes towards those living with HIV - Composite of 4 components [Men],en,VIH et sida,Accepting attitudes toward those living with HIV/AIDS,pourcentage,non,25,2,2006 2012,2006,2012,13,non,SRC-066,"Libre d'usage — la seule condition posée par le producteur est la citation ; ni inscription, ni restriction de rediffusion"
HA_AATT_M_CRE,Accepting attitudes - Willing to care for family member sick with AIDS (1) [Men],en,VIH et sida,Accepting attitudes toward those living with HIV/AIDS,pourcentage,non,35,3,2000 2006 2012,2000,2012,13,oui,SRC-066,"Libre d'usage — la seule condition posée par le producteur est la citation ; ni inscription, ni restriction de rediffusion"
HA_AATT_M_FTC,Accepting attitudes - Female teacher who is HIV+ but not sick should be allowed to continue teaching in school (3) [Men],en,VIH et sida,Accepting attitudes toward those living with HIV/AIDS,pourcentage,non,25,2,2006 2012,2006,2012,13,non,SRC-066,"Libre d'usage — la seule condition posée par le producteur est la citation ; ni inscription, ni restriction de rediffusion"
HA_AATT_M_NUM,Number of men who have heard of AIDS,en,VIH et sida,Accepting attitudes toward those living with HIV/AIDS,effectif,oui,47,4,2000 2006 2012 2016,2000,2016,13,oui,SRC-066,"Libre d'usage — la seule condition posée par le producteur est la citation ; ni inscription, ni restriction de rediffusion"
HA_AATT_M_SEC,Accepting attitudes - Not secretive about family member's HIV status (4) [Men],en,VIH et sida,Accepting attitudes toward those living with HIV/AIDS,pourcentage,non,25,2,2006 2012,2006,2012,13,non,SRC-066,"Libre d'usage — la seule condition posée par le producteur est la citation ; ni inscription, ni restriction de rediffusion"
HA_AATT_M_UNW,Number of men who have heard of AIDS (unweighted),en,VIH et sida,Accepting attitudes toward those living with HIV/AIDS,effectif,oui,47,4,2000 2006 2012 2016,2000,2016,13,oui,SRC-066,"Libre d'usage — la seule condition posée par le producteur est la citation ; ni inscription, ni restriction de rediffusion"
HA_AATT_M_VEG,Accepting attitudes - Would buy fresh vegetables from a shopkeeper with AIDS (2) [Men],en,VIH et sida,Accepting attitudes toward those living with HIV/AIDS,pourcentage,non,37,3,2006 2012 2016,2006,2016,13,oui,SRC-066,"Libre d'usage — la seule condition posée par le producteur est la citation ; ni inscription, ni restriction de rediffusion"
HA_AATT_W_AAT,Accepting attitudes towards those living with HIV - Composite of 4 components [Women],en,VIH et sida,Accepting attitudes toward those living with HIV/AIDS,pourcentage,non,25,2,2006 2012,2006,2012,13,non,SRC-066,"Libre d'usage — la seule condition posée par le producteur est la citation ; ni inscription, ni restriction de rediffusion"
HA_AATT_W_CRE,Accepting attitudes - Willing to care for family member sick with AIDS (1) [Women],en,VIH et sida,Accepting attitudes toward those living with HIV/AIDS,pourcentage,non,35,3,2000 2006 2012,2000,2012,13,oui,SRC-066,"Libre d'usage — la seule condition posée par le producteur est la citation ; ni inscription, ni restriction de rediffusion"
HA_AATT_W_FTC,Accepting attitudes - Female teacher who is HIV+ but not sick should be allowed to continue teaching in school (3) [Women],en,VIH et sida,Accepting attitudes toward those living with HIV/AIDS,pourcentage,non,35,3,2000 2006 2012,2000,2012,13,oui,SRC-066,"Libre d'usage — la seule condition posée par le producteur est la citation ; ni inscription, ni restriction de rediffusion"
HA_AATT_W_NUM,Number of women who have heard of AIDS,en,VIH et sida,Accepting attitudes toward those living with HIV/AIDS,effectif,oui,47,4,2000 2006 2012 2016,2000,2016,13,oui,SRC-066,"Libre d'usage — la seule condition posée par le producteur est la citation ; ni inscription, ni restriction de rediffusion"
HA_AATT_W_SEC,Accepting attitudes - Not secretive about family member's HIV status (4) [Women],en,VIH et sida,Accepting attitudes toward those living with HIV/AIDS,pourcentage,non,35,3,2000 2006 2012,2000,2012,13,oui,SRC-066,"Libre d'usage — la seule condition posée par le producteur est la citation ; ni inscription, ni restriction de rediffusion"
HA_AATT_W_UNW,Number of women who have heard of AIDS (unweighted),en,VIH et sida,Accepting attitudes toward those living with HIV/AIDS,effectif,oui,47,4,2000 2006 2012 2016,2000,2016,13,oui,SRC-066,"Libre d'usage — la seule condition posée par le producteur est la citation ; ni inscription, ni restriction de rediffusion"
HA_AATT_W_VEG,Accepting attitudes - Would buy fresh vegetables from a shopkeeper with AIDS (2) [Women],en,VIH et sida,Accepting attitudes toward those living with HIV/AIDS,pourcentage,non,37,3,2006 2012 2016,2006,2016,13,oui,SRC-066,"Libre d'usage — la seule condition posée par le producteur est la citation ; ni inscription, ni restriction de rediffusion"
HA_ANSS_M_CND,Woman is justified in asking that they use a condom if she knows that her husband has an sti [Men],en,VIH et sida,Attitudes toward negotiating safer sexual relations with husband,pourcentage,non,37,3,2006 2012 2016,2006,2016,13,oui,SRC-066,"Libre d'usage — la seule condition posée par le producteur est la citation ; ni inscription, ni restriction de rediffusion"
HA_ANSS_M_NUM,Number of men,en,VIH et sida,Attitudes toward negotiating safer sexual relations with husband,effectif,oui,47,4,2000 2006 2012 2016,2000,2016,13,oui,SRC-066,"Libre d'usage — la seule condition posée par le producteur est la citation ; ni inscription, ni restriction de rediffusion"
HA_ANSS_M_RSX,Woman is justified in refusing to have sexual intercourse with her husband if she knows he has sex with other women [Men],en,VIH et sida,Attitudes toward negotiating safer sexual relations with husband,pourcentage,non,35,3,2000 2012 2016,2000,2016,13,oui,SRC-066,"Libre d'usage — la seule condition posée par le producteur est la citation ; ni inscription, ni restriction de rediffusion"
HA_ANSS_M_UNW,Number of men (unweighted),en,VIH et sida,Attitudes toward negotiating safer sexual relations with husband,effectif,oui,47,4,2000 2006 2012 2016,2000,2016,13,oui,SRC-066,"Libre d'usage — la seule condition posée par le producteur est la citation ; ni inscription, ni restriction de rediffusion"
HA_ANSS_W_CND,Woman is justified in asking that they use a condom if she knows that her husband has an sti [Women],en,VIH et sida,Attitudes toward negotiating safer sexual relations with husband,pourcentage,non,37,3,2006 2012 2016,2006,2016,13,oui,SRC-066,"Libre d'usage — la seule condition posée par le producteur est la citation ; ni inscription, ni restriction de rediffusion"
HA_ANSS_W_NUM,Number of women,en,VIH et sida,Attitudes toward negotiating safer sexual relations with husband,effectif,oui,47,4,2000 2006 2012 2016,2000,2016,13,oui,SRC-066,"Libre d'usage — la seule condition posée par le producteur est la citation ; ni inscription, ni restriction de rediffusion"
HA_ANSS_W_RSX,Woman is justified in refusing to have sexual intercourse with her husband if she knows he has sex with other women [Women],en,VIH et sida,Attitudes toward negotiating safer sexual relations with husband,pourcentage,non,47,4,2000 2006 2012 2016,2000,2016,13,oui,SRC-066,"Libre d'usage — la seule condition posée par le producteur est la citation ; ni inscription, ni restriction de rediffusion"
HA_ANSS_W_UNW,Number of women (unweighted),en,VIH et sida,Attitudes toward negotiating safer sexual relations with husband,effectif,oui,47,4,2000 2006 2012 2016,2000,2016,13,oui,SRC-066,"Libre d'usage — la seule condition posée par le producteur est la citation ; ni inscription, ni restriction de rediffusion"
HA_ASEC_M_AGR,Adult support of education on condom use for prevention of HIV/AIDS among young men,en,VIH et sida,Adult support of education about condom use to prevent AIDS,pourcentage,non,35,3,2000 2006 2012,2000,2012,13,oui,SRC-066,"Libre d'usage — la seule condition posée par le producteur est la citation ; ni inscription, ni restriction de rediffusion"
HA_ASEC_M_NUM,Number of men,en,VIH et sida,Adult support of education about condom use to prevent AIDS,effectif,oui,35,3,2000 2006 2012,2000,2012,13,oui,SRC-066,"Libre d'usage — la seule condition posée par le producteur est la citation ; ni inscription, ni restriction de rediffusion"
HA_ASEC_M_UNW,Number of men (unweighted),en,VIH et sida,Adult support of education about condom use to prevent AIDS,effectif,oui,35,3,2000 2006 2012,2000,2012,13,oui,SRC-066,"Libre d'usage — la seule condition posée par le producteur est la citation ; ni inscription, ni restriction de rediffusion"
HA_ASEC_W_AGR,Adult support of education on condom use for prevention of HIV/AIDS among young women,en,VIH et sida,Adult support of education about condom use to prevent AIDS,pourcentage,non,35,3,2000 2006 2012,2000,2012,13,oui,SRC-066,"Libre d'usage — la seule condition posée par le producteur est la citation ; ni inscription, ni restriction de rediffusion"
HA_ASEC_W_NUM,Number of women,en,VIH et sida,Adult support of education about condom use to prevent AIDS,effectif,oui,35,3,2000 2006 2012,2000,2012,13,oui,SRC-066,"Libre d'usage — la seule condition posée par le producteur est la citation ; ni inscription, ni restriction de rediffusion"
HA_ASEC_W_UNW,Number of women (unweighted),en,VIH et sida,Adult support of education about condom use to prevent AIDS,effectif,oui,35,3,2000 2006 2012,2000,2012,13,oui,SRC-066,"Libre d'usage — la seule condition posée par le producteur est la citation ; ni inscription, ni restriction de rediffusion"
HA_CATH_W_ATN,"Pregnant women tested for HIV during ANC or labor, but did not receive the results",en,VIH et sida,Pregnant women counseled and tested for HIV,pourcentage,non,37,3,2006 2012 2016,2006,2016,13,oui,SRC-066,"Libre d'usage — la seule condition posée par le producteur est la citation ; ni inscription, ni restriction de rediffusion"
HA_CATH_W_ATR,Pregnant women tested for HIV during ANC or labor and receiving the results,en,VIH et sida,Pregnant women counseled and tested for HIV,pourcentage,non,37,3,2006 2012 2016,2006,2016,13,oui,SRC-066,"Libre d'usage — la seule condition posée par le producteur est la citation ; ni inscription, ni restriction de rediffusion"
HA_CATH_W_CSL,Pregnant women counselled for HIV during ANC visit,en,VIH et sida,Pregnant women counseled and tested for HIV,pourcentage,non,37,3,2006 2012 2016,2006,2016,13,oui,SRC-066,"Libre d'usage — la seule condition posée par le producteur est la citation ; ni inscription, ni restriction de rediffusion"
HA_CATH_W_CTR,Pregnant women counselled for HIV and tested for HIV during ANC and who received the results,en,VIH et sida,Pregnant women counseled and tested for HIV,pourcentage,non,37,3,2006 2012 2016,2006,2016,13,oui,SRC-066,"Libre d'usage — la seule condition posée par le producteur est la citation ; ni inscription, ni restriction de rediffusion"
HA_CATH_W_NRS,Pregnant women tested for HIV during ANC not receiving results,en,VIH et sida,Pregnant women counseled and tested for HIV,pourcentage,non,37,3,2006 2012 2016,2006,2016,13,oui,SRC-066,"Libre d'usage — la seule condition posée par le producteur est la citation ; ni inscription, ni restriction de rediffusion"
HA_CATH_W_NUM,Number of women who gave birth in past two years,en,VIH et sida,Pregnant women counseled and tested for HIV,effectif,oui,37,3,2006 2012 2016,2006,2016,13,oui,SRC-066,"Libre d'usage — la seule condition posée par le producteur est la citation ; ni inscription, ni restriction de rediffusion"
HA_CATH_W_TNC,"Pregnant women tested for HIV during ANC, receiving results but not post-test counselling",en,VIH et sida,Pregnant women counseled and tested for HIV,pourcentage,non,37,3,2006 2012 2016,2006,2016,13,oui,SRC-066,"Libre d'usage — la seule condition posée par le producteur est la citation ; ni inscription, ni restriction de rediffusion"
HA_CATH_W_TRC,"Pregnant women tested for HIV during ANC, receiving results and post-test counselling",en,VIH et sida,Pregnant women counseled and tested for HIV,pourcentage,non,25,2,2012 2016,2012,2016,13,non,SRC-066,"Libre d'usage — la seule condition posée par le producteur est la citation ; ni inscription, ni restriction de rediffusion"
HA_CATH_W_UNW,Number of women who gave birth in past two years (unweighted),en,VIH et sida,Pregnant women counseled and tested for HIV,effectif,oui,37,3,2006 2012 2016,2006,2016,13,oui,SRC-066,"Libre d'usage — la seule condition posée par le producteur est la citation ; ni inscription, ni restriction de rediffusion"
HA_CHVT_B_ABI,HIV test for both sexes: Absent at the time of blood collection : Interviewed,en,VIH et sida,Coverage of survey HIV testing,pourcentage,non,37,3,2006 2012 2016,2006,2016,13,oui,SRC-066,"Libre d'usage — la seule condition posée par le producteur est la citation ; ni inscription, ni restriction de rediffusion"
HA_CHVT_B_ABN,HIV test for both sexes: Absent at the time of blood collection : Not interviewed,en,VIH et sida,Coverage of survey HIV testing,pourcentage,non,37,3,2006 2012 2016,2006,2016,13,oui,SRC-066,"Libre d'usage — la seule condition posée par le producteur est la citation ; ni inscription, ni restriction de rediffusion"
HA_CHVT_B_DBI,HIV test for both sexes: DBS tested: Interviewed,en,VIH et sida,Coverage of survey HIV testing,pourcentage,non,37,3,2006 2012 2016,2006,2016,13,oui,SRC-066,"Libre d'usage — la seule condition posée par le producteur est la citation ; ni inscription, ni restriction de rediffusion"
HA_CHVT_B_DBN,HIV test for both sexes: DBS tested: Not interviewed,en,VIH et sida,Coverage of survey HIV testing,pourcentage,non,37,3,2006 2012 2016,2006,2016,13,oui,SRC-066,"Libre d'usage — la seule condition posée par le producteur est la citation ; ni inscription, ni restriction de rediffusion"
HA_CHVT_B_OTI,HIV test for both sexes: Other or missing: Interviewed,en,VIH et sida,Coverage of survey HIV testing,pourcentage,non,37,3,2006 2012 2016,2006,2016,13,oui,SRC-066,"Libre d'usage — la seule condition posée par le producteur est la citation ; ni inscription, ni restriction de rediffusion"
HA_CHVT_B_OTN,HIV test for both sexes: Other or missing: Not interviewed,en,VIH et sida,Coverage of survey HIV testing,pourcentage,non,37,3,2006 2012 2016,2006,2016,13,oui,SRC-066,"Libre d'usage — la seule condition posée par le producteur est la citation ; ni inscription, ni restriction de rediffusion"
HA_CHVT_B_RFI,HIV test for both sexes: Refused to provide blood: Interviewed,en,VIH et sida,Coverage of survey HIV testing,pourcentage,non,37,3,2006 2012 2016,2006,2016,13,oui,SRC-066,"Libre d'usage — la seule condition posée par le producteur est la citation ; ni inscription, ni restriction de rediffusion"
HA_CHVT_B_RFN,HIV test for both sexes: Refused to provide blood: Not interviewed,en,VIH et sida,Coverage of survey HIV testing,pourcentage,non,37,3,2006 2012 2016,2006,2016,13,oui,SRC-066,"Libre d'usage — la seule condition posée par le producteur est la citation ; ni inscription, ni restriction de rediffusion"
HA_CHVT_B_TOT,HIV test for both sexes: Total,en,VIH et sida,Coverage of survey HIV testing,pourcentage,non,37,3,2006 2012 2016,2006,2016,13,oui,SRC-066,"Libre d'usage — la seule condition posée par le producteur est la citation ; ni inscription, ni restriction de rediffusion"
HA_CHVT_B_UNW,Number of persons (unweighted),en,VIH et sida,Coverage of survey HIV testing,effectif,oui,37,3,2006 2012 2016,2006,2016,13,oui,SRC-066,"Libre d'usage — la seule condition posée par le producteur est la citation ; ni inscription, ni restriction de rediffusion"
HA_CHVT_M_ABI,HIV test for men: Absent at the time of blood collection : Interviewed,en,VIH et sida,Coverage of survey HIV testing,pourcentage,non,37,3,2006 2012 2016,2006,2016,13,oui,SRC-066,"Libre d'usage — la seule condition posée par le producteur est la citation ; ni inscription, ni restriction de rediffusion"
HA_CHVT_M_ABN,HIV test for men: Absent at the time of blood collection : Not interviewed,en,VIH et sida,Coverage of survey HIV testing,pourcentage,non,37,3,2006 2012 2016,2006,2016,13,oui,SRC-066,"Libre d'usage — la seule condition posée par le producteur est la citation ; ni inscription, ni restriction de rediffusion"
HA_CHVT_M_DBI,HIV test for men: DBS tested: Interviewed,en,VIH et sida,Coverage of survey HIV testing,pourcentage,non,37,3,2006 2012 2016,2006,2016,13,oui,SRC-066,"Libre d'usage — la seule condition posée par le producteur est la citation ; ni inscription, ni restriction de rediffusion"
HA_CHVT_M_DBN,HIV test for men: DBS tested: Not interviewed,en,VIH et sida,Coverage of survey HIV testing,pourcentage,non,37,3,2006 2012 2016,2006,2016,13,oui,SRC-066,"Libre d'usage — la seule condition posée par le producteur est la citation ; ni inscription, ni restriction de rediffusion"
HA_CHVT_M_OTI,HIV test for men: Other or missing: Interviewed,en,VIH et sida,Coverage of survey HIV testing,pourcentage,non,37,3,2006 2012 2016,2006,2016,13,oui,SRC-066,"Libre d'usage — la seule condition posée par le producteur est la citation ; ni inscription, ni restriction de rediffusion"
HA_CHVT_M_OTN,HIV test for men: Other or missing: Not interviewed,en,VIH et sida,Coverage of survey HIV testing,pourcentage,non,37,3,2006 2012 2016,2006,2016,13,oui,SRC-066,"Libre d'usage — la seule condition posée par le producteur est la citation ; ni inscription, ni restriction de rediffusion"
HA_CHVT_M_RFI,HIV test for men: Refused to provide blood: Interviewed,en,VIH et sida,Coverage of survey HIV testing,pourcentage,non,37,3,2006 2012 2016,2006,2016,13,oui,SRC-066,"Libre d'usage — la seule condition posée par le producteur est la citation ; ni inscription, ni restriction de rediffusion"
HA_CHVT_M_RFN,HIV test for men: Refused to provide blood: Not interviewed,en,VIH et sida,Coverage of survey HIV testing,pourcentage,non,37,3,2006 2012 2016,2006,2016,13,oui,SRC-066,"Libre d'usage — la seule condition posée par le producteur est la citation ; ni inscription, ni restriction de rediffusion"
HA_CHVT_M_TOT,HIV test for men: Total,en,VIH et sida,Coverage of survey HIV testing,pourcentage,non,37,3,2006 2012 2016,2006,2016,13,oui,SRC-066,"Libre d'usage — la seule condition posée par le producteur est la citation ; ni inscription, ni restriction de rediffusion"
HA_CHVT_M_UNW,Number of men (unweighted),en,VIH et sida,Coverage of survey HIV testing,effectif,oui,37,3,2006 2012 2016,2006,2016,13,oui,SRC-066,"Libre d'usage — la seule condition posée par le producteur est la citation ; ni inscription, ni restriction de rediffusion"
HA_CHVT_W_ABI,HIV test for women: Absent at the time of blood collection : Interviewed,en,VIH et sida,Coverage of survey HIV testing,pourcentage,non,37,3,2006 2012 2016,2006,2016,13,oui,SRC-066,"Libre d'usage — la seule condition posée par le producteur est la citation ; ni inscription, ni restriction de rediffusion"
HA_CHVT_W_ABN,HIV test for women: Absent at the time of blood collection : Not interviewed,en,VIH et sida,Coverage of survey HIV testing,pourcentage,non,37,3,2006 2012 2016,2006,2016,13,oui,SRC-066,"Libre d'usage — la seule condition posée par le producteur est la citation ; ni inscription, ni restriction de rediffusion"
HA_CHVT_W_DBI,HIV test for women: DBS tested: Interviewed,en,VIH et sida,Coverage of survey HIV testing,pourcentage,non,37,3,2006 2012 2016,2006,2016,13,oui,SRC-066,"Libre d'usage — la seule condition posée par le producteur est la citation ; ni inscription, ni restriction de rediffusion"
HA_CHVT_W_DBN,HIV test for women: DBS tested: Not interviewed,en,VIH et sida,Coverage of survey HIV testing,pourcentage,non,37,3,2006 2012 2016,2006,2016,13,oui,SRC-066,"Libre d'usage — la seule condition posée par le producteur est la citation ; ni inscription, ni restriction de rediffusion"
HA_CHVT_W_OTI,HIV test for women: Other or missing: Interviewed,en,VIH et sida,Coverage of survey HIV testing,pourcentage,non,25,2,2012 2016,2012,2016,13,non,SRC-066,"Libre d'usage — la seule condition posée par le producteur est la citation ; ni inscription, ni restriction de rediffusion"
HA_CHVT_W_OTN,HIV test for women: Other or missing: Not interviewed,en,VIH et sida,Coverage of survey HIV testing,pourcentage,non,37,3,2006 2012 2016,2006,2016,13,oui,SRC-066,"Libre d'usage — la seule condition posée par le producteur est la citation ; ni inscription, ni restriction de rediffusion"
HA_CHVT_W_RFI,HIV test for women: Refused to provide blood: Interviewed,en,VIH et sida,Coverage of survey HIV testing,pourcentage,non,37,3,2006 2012 2016,2006,2016,13,oui,SRC-066,"Libre d'usage — la seule condition posée par le producteur est la citation ; ni inscription, ni restriction de rediffusion"
HA_CHVT_W_RFN,HIV test for women: Refused to provide blood: Not interviewed,en,VIH et sida,Coverage of survey HIV testing,pourcentage,non,37,3,2006 2012 2016,2006,2016,13,oui,SRC-066,"Libre d'usage — la seule condition posée par le producteur est la citation ; ni inscription, ni restriction de rediffusion"
HA_CHVT_W_TOT,HIV test for women: Total,en,VIH et sida,Coverage of survey HIV testing,pourcentage,non,37,3,2006 2012 2016,2006,2016,13,oui,SRC-066,"Libre d'usage — la seule condition posée par le producteur est la citation ; ni inscription, ni restriction de rediffusion"
HA_CHVT_W_UNW,Number of women (unweighted),en,VIH et sida,Coverage of survey HIV testing,effectif,oui,37,3,2006 2012 2016,2006,2016,13,oui,SRC-066,"Libre d'usage — la seule condition posée par le producteur est la citation ; ni inscription, ni restriction de rediffusion"
HA_CKNA_M_CKA,Comprehensive correct knowledge about AIDS [Men],en,VIH et sida,Comprehensive knowledge about AIDS,pourcentage,non,37,3,2006 2012 2016,2006,2016,13,oui,SRC-066,"Libre d'usage — la seule condition posée par le producteur est la citation ; ni inscription, ni restriction de rediffusion"
HA_CKNA_M_HLT,No incorrect beliefs about AIDS - Healthy-looking person can have the AIDS virus [Men],en,VIH et sida,Comprehensive knowledge about AIDS,pourcentage,non,47,4,2000 2006 2012 2016,2000,2016,13,oui,SRC-066,"Libre d'usage — la seule condition posée par le producteur est la citation ; ni inscription, ni restriction de rediffusion"
HA_CKNA_M_MOS,No incorrect beliefs about AIDS - AIDS cannot be transmitted by mosquito bites [Men],en,VIH et sida,Comprehensive knowledge about AIDS,pourcentage,non,47,4,2000 2006 2012 2016,2000,2016,13,oui,SRC-066,"Libre d'usage — la seule condition posée par le producteur est la citation ; ni inscription, ni restriction de rediffusion"
HA_CKNA_M_NUM,Number of men,en,VIH et sida,Comprehensive knowledge about AIDS,effectif,oui,47,4,2000 2006 2012 2016,2000,2016,13,oui,SRC-066,"Libre d'usage — la seule condition posée par le producteur est la citation ; ni inscription, ni restriction de rediffusion"
HA_CKNA_M_REJ,No incorrect beliefs about AIDS - Composite of 3 components [Men],en,VIH et sida,Comprehensive knowledge about AIDS,pourcentage,non,37,3,2006 2012 2016,2006,2016,13,oui,SRC-066,"Libre d'usage — la seule condition posée par le producteur est la citation ; ni inscription, ni restriction de rediffusion"
HA_CKNA_M_SHR,No incorrect beliefs about AIDS - Cannot become infected by sharing food with someone who has AIDS [Men],en,VIH et sida,Comprehensive knowledge about AIDS,pourcentage,non,47,4,2000 2006 2012 2016,2000,2016,13,oui,SRC-066,"Libre d'usage — la seule condition posée par le producteur est la citation ; ni inscription, ni restriction de rediffusion"
HA_CKNA_M_SUP,No incorrect beliefs about AIDS - AIDS cannot be transmitted by supernatural means [Men],en,VIH et sida,Comprehensive knowledge about AIDS,pourcentage,non,37,3,2006 2012 2016,2006,2016,13,oui,SRC-066,"Libre d'usage — la seule condition posée par le producteur est la citation ; ni inscription, ni restriction de rediffusion"
HA_CKNA_M_UNW,Number of men (unweighted),en,VIH et sida,Comprehensive knowledge about AIDS,effectif,oui,47,4,2000 2006 2012 2016,2000,2016,13,oui,SRC-066,"Libre d'usage — la seule condition posée par le producteur est la citation ; ni inscription, ni restriction de rediffusion"
HA_CKNA_W_CKA,Comprehensive correct knowledge about AIDS [Women],en,VIH et sida,Comprehensive knowledge about AIDS,pourcentage,non,37,3,2006 2012 2016,2006,2016,13,oui,SRC-066,"Libre d'usage — la seule condition posée par le producteur est la citation ; ni inscription, ni restriction de rediffusion"
HA_CKNA_W_HLT,No incorrect beliefs about AIDS - Healthy-looking person can have the AIDS virus [Women],en,VIH et sida,Comprehensive knowledge about AIDS,pourcentage,non,47,4,2000 2006 2012 2016,2000,2016,13,oui,SRC-066,"Libre d'usage — la seule condition posée par le producteur est la citation ; ni inscription, ni restriction de rediffusion"
HA_CKNA_W_MOS,No incorrect beliefs about AIDS - AIDS cannot be transmitted by mosquito bites [Women],en,VIH et sida,Comprehensive knowledge about AIDS,pourcentage,non,47,4,2000 2006 2012 2016,2000,2016,13,oui,SRC-066,"Libre d'usage — la seule condition posée par le producteur est la citation ; ni inscription, ni restriction de rediffusion"
HA_CKNA_W_NUM,Number of women,en,VIH et sida,Comprehensive knowledge about AIDS,effectif,oui,47,4,2000 2006 2012 2016,2000,2016,13,oui,SRC-066,"Libre d'usage — la seule condition posée par le producteur est la citation ; ni inscription, ni restriction de rediffusion"
HA_CKNA_W_REJ,No incorrect beliefs about AIDS - Composite of 3 components [Women],en,VIH et sida,Comprehensive knowledge about AIDS,pourcentage,non,37,3,2006 2012 2016,2006,2016,13,oui,SRC-066,"Libre d'usage — la seule condition posée par le producteur est la citation ; ni inscription, ni restriction de rediffusion"
HA_CKNA_W_SHR,No incorrect beliefs about AIDS - Cannot become infected by sharing food with someone who has AIDS [Women],en,VIH et sida,Comprehensive knowledge about AIDS,pourcentage,non,47,4,2000 2006 2012 2016,2000,2016,13,oui,SRC-066,"Libre d'usage — la seule condition posée par le producteur est la citation ; ni inscription, ni restriction de rediffusion"
HA_CKNA_W_SUP,No incorrect beliefs about AIDS - AIDS cannot be transmitted by supernatural means [Women],en,VIH et sida,Comprehensive knowledge about AIDS,pourcentage,non,37,3,2006 2012 2016,2006,2016,13,oui,SRC-066,"Libre d'usage — la seule condition posée par le producteur est la citation ; ni inscription, ni restriction de rediffusion"
HA_CKNA_W_UNW,Number of women (unweighted),en,VIH et sida,Comprehensive knowledge about AIDS,effectif,oui,47,4,2000 2006 2012 2016,2000,2016,13,oui,SRC-066,"Libre d'usage — la seule condition posée par le producteur est la citation ; ni inscription, ni restriction de rediffusion"
HA_CPHT_M_ETN,Men ever tested for HIV and did not receive test results,en,VIH et sida,Coverage of prior HIV testing,pourcentage,non,37,3,2006 2012 2016,2006,2016,13,oui,SRC-066,"Libre d'usage — la seule condition posée par le producteur est la citation ; ni inscription, ni restriction de rediffusion"
HA_CPHT_M_ETR,Men ever tested for HIV and received test results,en,VIH et sida,Coverage of prior HIV testing,pourcentage,non,37,3,2006 2012 2016,2006,2016,13,oui,SRC-066,"Libre d'usage — la seule condition posée par le producteur est la citation ; ni inscription, ni restriction de rediffusion"
HA_CPHT_M_EVT,Men ever receiving an HIV test,en,VIH et sida,Coverage of prior HIV testing,pourcentage,non,47,4,2000 2006 2012 2016,2000,2016,13,oui,SRC-066,"Libre d'usage — la seule condition posée par le producteur est la citation ; ni inscription, ni restriction de rediffusion"
HA_CPHT_M_KNW,Men who know where to get an HIV test,en,VIH et sida,Coverage of prior HIV testing,pourcentage,non,47,4,2000 2006 2012 2016,2000,2016,13,oui,SRC-066,"Libre d'usage — la seule condition posée par le producteur est la citation ; ni inscription, ni restriction de rediffusion"
HA_CPHT_M_NEV,Men never tested for HIV,en,VIH et sida,Coverage of prior HIV testing,pourcentage,non,47,4,2000 2006 2012 2016,2000,2016,13,oui,SRC-066,"Libre d'usage — la seule condition posée par le producteur est la citation ; ni inscription, ni restriction de rediffusion"
HA_CPHT_M_NUM,Number of men,en,VIH et sida,Coverage of prior HIV testing,effectif,oui,47,4,2000 2006 2012 2016,2000,2016,13,oui,SRC-066,"Libre d'usage — la seule condition posée par le producteur est la citation ; ni inscription, ni restriction de rediffusion"
HA_CPHT_M_T1R,Men receiving an HIV test and receiving test results in the last 12 months,en,VIH et sida,Coverage of prior HIV testing,pourcentage,non,37,3,2006 2012 2016,2006,2016,13,oui,SRC-066,"Libre d'usage — la seule condition posée par le producteur est la citation ; ni inscription, ni restriction de rediffusion"
HA_CPHT_M_TOT,Men's HIV testing: Total,en,VIH et sida,Coverage of prior HIV testing,pourcentage,non,37,3,2006 2012 2016,2006,2016,13,oui,SRC-066,"Libre d'usage — la seule condition posée par le producteur est la citation ; ni inscription, ni restriction de rediffusion"
HA_CPHT_M_UNW,Number of men (unweighted),en,VIH et sida,Coverage of prior HIV testing,effectif,oui,47,4,2000 2006 2012 2016,2000,2016,13,oui,SRC-066,"Libre d'usage — la seule condition posée par le producteur est la citation ; ni inscription, ni restriction de rediffusion"
HA_CPHT_W_ETN,Women ever tested for HIV and did not receive test results,en,VIH et sida,Coverage of prior HIV testing,pourcentage,non,37,3,2006 2012 2016,2006,2016,13,oui,SRC-066,"Libre d'usage — la seule condition posée par le producteur est la citation ; ni inscription, ni restriction de rediffusion"
HA_CPHT_W_ETR,Women ever tested for HIV and received test results,en,VIH et sida,Coverage of prior HIV testing,pourcentage,non,37,3,2006 2012 2016,2006,2016,13,oui,SRC-066,"Libre d'usage — la seule condition posée par le producteur est la citation ; ni inscription, ni restriction de rediffusion"
HA_CPHT_W_EVT,Women ever receiving an HIV test,en,VIH et sida,Coverage of prior HIV testing,pourcentage,non,47,4,2000 2006 2012 2016,2000,2016,13,oui,SRC-066,"Libre d'usage — la seule condition posée par le producteur est la citation ; ni inscription, ni restriction de rediffusion"
HA_CPHT_W_KNW,Women who know where to get an HIV test,en,VIH et sida,Coverage of prior HIV testing,pourcentage,non,47,4,2000 2006 2012 2016,2000,2016,13,oui,SRC-066,"Libre d'usage — la seule condition posée par le producteur est la citation ; ni inscription, ni restriction de rediffusion"
HA_CPHT_W_NEV,Women never tested for HIV,en,VIH et sida,Coverage of prior HIV testing,pourcentage,non,37,3,2006 2012 2016,2006,2016,13,oui,SRC-066,"Libre d'usage — la seule condition posée par le producteur est la citation ; ni inscription, ni restriction de rediffusion"
HA_CPHT_W_NUM,Number of women,en,VIH et sida,Coverage of prior HIV testing,effectif,oui,47,4,2000 2006 2012 2016,2000,2016,13,oui,SRC-066,"Libre d'usage — la seule condition posée par le producteur est la citation ; ni inscription, ni restriction de rediffusion"
HA_CPHT_W_T1R,Women receiving an HIV test and receiving test results in the last 12 months,en,VIH et sida,Coverage of prior HIV testing,pourcentage,non,37,3,2006 2012 2016,2006,2016,13,oui,SRC-066,"Libre d'usage — la seule condition posée par le producteur est la citation ; ni inscription, ni restriction de rediffusion"
HA_CPHT_W_TOT,Women's HIV testing: Total,en,VIH et sida,Coverage of prior HIV testing,pourcentage,non,37,3,2006 2012 2016,2006,2016,13,oui,SRC-066,"Libre d'usage — la seule condition posée par le producteur est la citation ; ni inscription, ni restriction de rediffusion"
HA_CPHT_W_UNW,Number of women (unweighted),en,VIH et sida,Coverage of prior HIV testing,effectif,oui,47,4,2000 2006 2012 2016,2000,2016,13,oui,SRC-066,"Libre d'usage — la seule condition posée par le producteur est la citation ; ni inscription, ni restriction de rediffusion"
HA_DATT_M_CSC,Discriminatory attitudes - Do not think that children with HIV should be able to attend school,en,VIH et sida,Discriminatory attitudes toward those living with HIV/AIDS,pourcentage,non,12,1,2016,2016,2016,12,non,SRC-066,"Libre d'usage — la seule condition posée par le producteur est la citation ; ni inscription, ni restriction de rediffusion"
HA_DATT_M_DIS,Discriminatory attitudes towards people living with HIV,en,VIH et sida,Discriminatory attitudes toward those living with HIV/AIDS,pourcentage,non,12,1,2016,2016,2016,12,non,SRC-066,"Libre d'usage — la seule condition posée par le producteur est la citation ; ni inscription, ni restriction de rediffusion"
HA_DATT_M_NVG,Discriminatory attitudes - Would not buy fresh vegetables from a shopkeeper who has HIV,en,VIH et sida,Discriminatory attitudes toward those living with HIV/AIDS,pourcentage,non,12,1,2016,2016,2016,12,non,SRC-066,"Libre d'usage — la seule condition posée par le producteur est la citation ; ni inscription, ni restriction de rediffusion"
HA_DATT_W_CSC,Discriminatory attitudes - Do not think that children with HIV should be able to attend school,en,VIH et sida,Discriminatory attitudes toward those living with HIV/AIDS,pourcentage,non,12,1,2016,2016,2016,12,non,SRC-066,"Libre d'usage — la seule condition posée par le producteur est la citation ; ni inscription, ni restriction de rediffusion"
HA_DATT_W_DIS,Discriminatory attitudes towards people living with HIV,en,VIH et sida,Discriminatory attitudes toward those living with HIV/AIDS,pourcentage,non,12,1,2016,2016,2016,12,non,SRC-066,"Libre d'usage — la seule condition posée par le producteur est la citation ; ni inscription, ni restriction de rediffusion"
HA_DATT_W_NVG,Discriminatory attitudes - Would not buy fresh vegetables from a shopkeeper who has HIV,en,VIH et sida,Discriminatory attitudes toward those living with HIV/AIDS,pourcentage,non,12,1,2016,2016,2016,12,non,SRC-066,"Libre d'usage — la seule condition posée par le producteur est la citation ; ni inscription, ni restriction de rediffusion"
HA_HIVP_B_HIV,HIV prevalence among general population,en,VIH et sida,HIV prevalence,pourcentage,non,37,3,2006 2012 2016,2006,2016,13,oui,SRC-066,"Libre d'usage — la seule condition posée par le producteur est la citation ; ni inscription, ni restriction de rediffusion"
HA_HIVP_B_HVE,HIV prevalence among general population - standard error,en,VIH et sida,HIV prevalence,pourcentage,non,37,3,2006 2012 2016,2006,2016,13,oui,SRC-066,"Libre d'usage — la seule condition posée par le producteur est la citation ; ni inscription, ni restriction de rediffusion"
HA_HIVP_B_HVL,HIV prevalence among adult population CI lower bound (-2SE),en,VIH et sida,HIV prevalence,pourcentage,non,37,3,2006 2012 2016,2006,2016,13,oui,SRC-066,"Libre d'usage — la seule condition posée par le producteur est la citation ; ni inscription, ni restriction de rediffusion"
HA_HIVP_B_HVR,HIV prevalence among general population - relative error,en,VIH et sida,HIV prevalence,pourcentage,non,37,3,2006 2012 2016,2006,2016,13,oui,SRC-066,"Libre d'usage — la seule condition posée par le producteur est la citation ; ni inscription, ni restriction de rediffusion"
HA_HIVP_B_HVU,HIV prevalence among adult population CI upper bound (+2SE),en,VIH et sida,HIV prevalence,pourcentage,non,37,3,2006 2012 2016,2006,2016,13,oui,SRC-066,"Libre d'usage — la seule condition posée par le producteur est la citation ; ni inscription, ni restriction de rediffusion"
HA_HIVP_B_NUM,Number of persons interviewed and tested,en,VIH et sida,HIV prevalence,effectif,oui,37,3,2006 2012 2016,2006,2016,13,oui,SRC-066,"Libre d'usage — la seule condition posée par le producteur est la citation ; ni inscription, ni restriction de rediffusion"
HA_HIVP_B_UNW,Number of persons interviewed and tested (unweighted),en,VIH et sida,HIV prevalence,effectif,oui,37,3,2006 2012 2016,2006,2016,13,oui,SRC-066,"Libre d'usage — la seule condition posée par le producteur est la citation ; ni inscription, ni restriction de rediffusion"
HA_HIVP_M_HIV,HIV prevalence among men,en,VIH et sida,HIV prevalence,pourcentage,non,37,3,2006 2012 2016,2006,2016,13,oui,SRC-066,"Libre d'usage — la seule condition posée par le producteur est la citation ; ni inscription, ni restriction de rediffusion"
HA_HIVP_M_HVE,HIV prevalence among men - standard error,en,VIH et sida,HIV prevalence,pourcentage,non,37,3,2006 2012 2016,2006,2016,13,oui,SRC-066,"Libre d'usage — la seule condition posée par le producteur est la citation ; ni inscription, ni restriction de rediffusion"
HA_HIVP_M_HVL,HIV prevalence among men CI lower bound (-2SE),en,VIH et sida,HIV prevalence,pourcentage,non,37,3,2006 2012 2016,2006,2016,13,oui,SRC-066,"Libre d'usage — la seule condition posée par le producteur est la citation ; ni inscription, ni restriction de rediffusion"
HA_HIVP_M_HVR,HIV prevalence among men - relative error,en,VIH et sida,HIV prevalence,pourcentage,non,37,3,2006 2012 2016,2006,2016,13,oui,SRC-066,"Libre d'usage — la seule condition posée par le producteur est la citation ; ni inscription, ni restriction de rediffusion"
HA_HIVP_M_HVU,HIV prevalence among men CI upper bound (+2SE),en,VIH et sida,HIV prevalence,pourcentage,non,37,3,2006 2012 2016,2006,2016,13,oui,SRC-066,"Libre d'usage — la seule condition posée par le producteur est la citation ; ni inscription, ni restriction de rediffusion"
HA_HIVP_M_NUM,Number of men interviewed and tested,en,VIH et sida,HIV prevalence,effectif,oui,37,3,2006 2012 2016,2006,2016,13,oui,SRC-066,"Libre d'usage — la seule condition posée par le producteur est la citation ; ni inscription, ni restriction de rediffusion"
HA_HIVP_M_UNW,Number of men interviewed and tested (unweighted),en,VIH et sida,HIV prevalence,effectif,oui,37,3,2006 2012 2016,2006,2016,13,oui,SRC-066,"Libre d'usage — la seule condition posée par le producteur est la citation ; ni inscription, ni restriction de rediffusion"
HA_HIVP_W_HIV,HIV prevalence among women,en,VIH et sida,HIV prevalence,pourcentage,non,37,3,2006 2012 2016,2006,2016,13,oui,SRC-066,"Libre d'usage — la seule condition posée par le producteur est la citation ; ni inscription, ni restriction de rediffusion"
HA_HIVP_W_HVE,HIV prevalence among women - standard error,en,VIH et sida,HIV prevalence,pourcentage,non,37,3,2006 2012 2016,2006,2016,13,oui,SRC-066,"Libre d'usage — la seule condition posée par le producteur est la citation ; ni inscription, ni restriction de rediffusion"
HA_HIVP_W_HVL,HIV prevalence among women CI lower bound (-2SE),en,VIH et sida,HIV prevalence,pourcentage,non,37,3,2006 2012 2016,2006,2016,13,oui,SRC-066,"Libre d'usage — la seule condition posée par le producteur est la citation ; ni inscription, ni restriction de rediffusion"
HA_HIVP_W_HVR,HIV prevalence among women - relative error,en,VIH et sida,HIV prevalence,pourcentage,non,37,3,2006 2012 2016,2006,2016,13,oui,SRC-066,"Libre d'usage — la seule condition posée par le producteur est la citation ; ni inscription, ni restriction de rediffusion"
HA_HIVP_W_HVU,HIV prevalence among women CI upper bound (+2SE),en,VIH et sida,HIV prevalence,pourcentage,non,37,3,2006 2012 2016,2006,2016,13,oui,SRC-066,"Libre d'usage — la seule condition posée par le producteur est la citation ; ni inscription, ni restriction de rediffusion"
HA_HIVP_W_NUM,Number of women interviewed and tested,en,VIH et sida,HIV prevalence,effectif,oui,37,3,2006 2012 2016,2006,2016,13,oui,SRC-066,"Libre d'usage — la seule condition posée par le producteur est la citation ; ni inscription, ni restriction de rediffusion"
HA_HIVP_W_UNW,Number of women interviewed and tested (unweighted),en,VIH et sida,HIV prevalence,effectif,oui,37,3,2006 2012 2016,2006,2016,13,oui,SRC-066,"Libre d'usage — la seule condition posée par le producteur est la citation ; ni inscription, ni restriction de rediffusion"
HA_HIVY_B_HIV,HIV prevalence among young people aged 15-24,en,VIH et sida,HIV prevalence among young people,pourcentage,non,37,3,2006 2012 2016,2006,2016,13,oui,SRC-066,"Libre d'usage — la seule condition posée par le producteur est la citation ; ni inscription, ni restriction de rediffusion"
HA_HIVY_B_HVE,Standard error of HIV prevalence among young people aged 15-24,en,VIH et sida,HIV prevalence among young people,pourcentage,non,37,3,2006 2012 2016,2006,2016,13,oui,SRC-066,"Libre d'usage — la seule condition posée par le producteur est la citation ; ni inscription, ni restriction de rediffusion"
HA_HIVY_B_HVL,HIV prevalence among young people aged 15-24 CI lower bound (-2SE),en,VIH et sida,HIV prevalence among young people,pourcentage,non,37,3,2006 2012 2016,2006,2016,13,oui,SRC-066,"Libre d'usage — la seule condition posée par le producteur est la citation ; ni inscription, ni restriction de rediffusion"
HA_HIVY_B_HVR,Relative error of HIV prevalence among young people aged 15-24,en,VIH et sida,HIV prevalence among young people,pourcentage,non,37,3,2006 2012 2016,2006,2016,13,oui,SRC-066,"Libre d'usage — la seule condition posée par le producteur est la citation ; ni inscription, ni restriction de rediffusion"
HA_HIVY_B_HVU,HIV prevalence among young people aged 15-24 CI upper bound (+2SE),en,VIH et sida,HIV prevalence among young people,pourcentage,non,37,3,2006 2012 2016,2006,2016,13,oui,SRC-066,"Libre d'usage — la seule condition posée par le producteur est la citation ; ni inscription, ni restriction de rediffusion"
HA_HIVY_B_NUM,Number of young persons interviewed and tested,en,VIH et sida,HIV prevalence among young people,effectif,oui,37,3,2006 2012 2016,2006,2016,13,oui,SRC-066,"Libre d'usage — la seule condition posée par le producteur est la citation ; ni inscription, ni restriction de rediffusion"
HA_HIVY_B_UNW,Number of young persons interviewed and tested (unweighted),en,VIH et sida,HIV prevalence among young people,effectif,oui,37,3,2006 2012 2016,2006,2016,13,oui,SRC-066,"Libre d'usage — la seule condition posée par le producteur est la citation ; ni inscription, ni restriction de rediffusion"
HA_HIVY_M_HIV,HIV prevalence among young men aged 15-24,en,VIH et sida,HIV prevalence among young people,pourcentage,non,30,3,2006 2012 2016,2006,2016,13,oui,SRC-066,"Libre d'usage — la seule condition posée par le producteur est la citation ; ni inscription, ni restriction de rediffusion"
HA_HIVY_M_HVE,Standard error of HIV prevalence among young men aged 15-24,en,VIH et sida,HIV prevalence among young people,pourcentage,non,30,3,2006 2012 2016,2006,2016,13,oui,SRC-066,"Libre d'usage — la seule condition posée par le producteur est la citation ; ni inscription, ni restriction de rediffusion"
HA_HIVY_M_HVL,HIV prevalence among young men CI lower bound (-2SE),en,VIH et sida,HIV prevalence among young people,pourcentage,non,30,3,2006 2012 2016,2006,2016,13,oui,SRC-066,"Libre d'usage — la seule condition posée par le producteur est la citation ; ni inscription, ni restriction de rediffusion"
HA_HIVY_M_HVR,Relative error of HIV prevalence among young men aged 15-24,en,VIH et sida,HIV prevalence among young people,pourcentage,non,30,3,2006 2012 2016,2006,2016,13,oui,SRC-066,"Libre d'usage — la seule condition posée par le producteur est la citation ; ni inscription, ni restriction de rediffusion"
HA_HIVY_M_HVU,HIV prevalence among young men CI upper bound (+2SE),en,VIH et sida,HIV prevalence among young people,pourcentage,non,30,3,2006 2012 2016,2006,2016,13,oui,SRC-066,"Libre d'usage — la seule condition posée par le producteur est la citation ; ni inscription, ni restriction de rediffusion"
HA_HIVY_M_NUM,Number of young men interviewed and tested,en,VIH et sida,HIV prevalence among young people,effectif,oui,37,3,2006 2012 2016,2006,2016,13,oui,SRC-066,"Libre d'usage — la seule condition posée par le producteur est la citation ; ni inscription, ni restriction de rediffusion"
HA_HIVY_M_UNW,Number of young men interviewed and tested (unweighted),en,VIH et sida,HIV prevalence among young people,effectif,oui,37,3,2006 2012 2016,2006,2016,13,oui,SRC-066,"Libre d'usage — la seule condition posée par le producteur est la citation ; ni inscription, ni restriction de rediffusion"
HA_HIVY_W_HIV,HIV prevalence among young women aged 15-24,en,VIH et sida,HIV prevalence among young people,pourcentage,non,35,3,2006 2012 2016,2006,2016,13,oui,SRC-066,"Libre d'usage — la seule condition posée par le producteur est la citation ; ni inscription, ni restriction de rediffusion"
HA_HIVY_W_HVE,Standard error of HIV prevalence among young women aged 15-24,en,VIH et sida,HIV prevalence among young people,pourcentage,non,35,3,2006 2012 2016,2006,2016,13,oui,SRC-066,"Libre d'usage — la seule condition posée par le producteur est la citation ; ni inscription, ni restriction de rediffusion"
HA_HIVY_W_HVL,HIV prevalence among young women CI lower bound (-2SE),en,VIH et sida,HIV prevalence among young people,pourcentage,non,35,3,2006 2012 2016,2006,2016,13,oui,SRC-066,"Libre d'usage — la seule condition posée par le producteur est la citation ; ni inscription, ni restriction de rediffusion"
HA_HIVY_W_HVR,Relative error of HIV prevalence among young women aged 15-24,en,VIH et sida,HIV prevalence among young people,pourcentage,non,35,3,2006 2012 2016,2006,2016,13,oui,SRC-066,"Libre d'usage — la seule condition posée par le producteur est la citation ; ni inscription, ni restriction de rediffusion"
HA_HIVY_W_HVU,HIV prevalence among young women CI upper bound (+2SE),en,VIH et sida,HIV prevalence among young people,pourcentage,non,35,3,2006 2012 2016,2006,2016,13,oui,SRC-066,"Libre d'usage — la seule condition posée par le producteur est la citation ; ni inscription, ni restriction de rediffusion"
HA_HIVY_W_NUM,Number of young women interviewed and tested,en,VIH et sida,HIV prevalence among young people,effectif,oui,37,3,2006 2012 2016,2006,2016,13,oui,SRC-066,"Libre d'usage — la seule condition posée par le producteur est la citation ; ni inscription, ni restriction de rediffusion"
HA_HIVY_W_UNW,Number of young women interviewed and tested (unweighted),en,VIH et sida,HIV prevalence among young people,effectif,oui,37,3,2006 2012 2016,2006,2016,13,oui,SRC-066,"Libre d'usage — la seule condition posée par le producteur est la citation ; ni inscription, ni restriction de rediffusion"
HA_HPAC_B_CNN,Couple both HIV negative,en,VIH et sida,HIV prevalence among couples,pourcentage,non,37,3,2006 2012 2016,2006,2016,13,oui,SRC-066,"Libre d'usage — la seule condition posée par le producteur est la citation ; ni inscription, ni restriction de rediffusion"
HA_HPAC_B_CNP,"Woman HIV positive, man HIV negative",en,VIH et sida,HIV prevalence among couples,pourcentage,non,37,3,2006 2012 2016,2006,2016,13,oui,SRC-066,"Libre d'usage — la seule condition posée par le producteur est la citation ; ni inscription, ni restriction de rediffusion"
HA_HPAC_B_CPN,"Man HIV positive, woman HIV negative",en,VIH et sida,HIV prevalence among couples,pourcentage,non,37,3,2006 2012 2016,2006,2016,13,oui,SRC-066,"Libre d'usage — la seule condition posée par le producteur est la citation ; ni inscription, ni restriction de rediffusion"
HA_HPAC_B_CPP,Couple both HIV positive,en,VIH et sida,HIV prevalence among couples,pourcentage,non,37,3,2006 2012 2016,2006,2016,13,oui,SRC-066,"Libre d'usage — la seule condition posée par le producteur est la citation ; ni inscription, ni restriction de rediffusion"
HA_HPAC_B_NUM,Number of couples,en,VIH et sida,HIV prevalence among couples,effectif,oui,37,3,2006 2012 2016,2006,2016,13,oui,SRC-066,"Libre d'usage — la seule condition posée par le producteur est la citation ; ni inscription, ni restriction de rediffusion"
HA_HPAC_B_TOT,HIV prevalence among couples: Total,en,VIH et sida,HIV prevalence among couples,pourcentage,non,37,3,2006 2012 2016,2006,2016,13,oui,SRC-066,"Libre d'usage — la seule condition posée par le producteur est la citation ; ni inscription, ni restriction de rediffusion"
HA_HPAC_B_UNW,Number of couples (unweighted),en,VIH et sida,HIV prevalence among couples,effectif,oui,37,3,2006 2012 2016,2006,2016,13,oui,SRC-066,"Libre d'usage — la seule condition posée par le producteur est la citation ; ni inscription, ni restriction de rediffusion"
HA_HPMC_M_HVC,Circumcised men HIV positive,en,VIH et sida,HIV prevalence by male circumcision,pourcentage,non,13,2,2006 2016,2006,2016,10,non,SRC-066,"Libre d'usage — la seule condition posée par le producteur est la citation ; ni inscription, ni restriction de rediffusion"
HA_HPMC_M_HVU,Uncircumcised men HIV positive,en,VIH et sida,HIV prevalence by male circumcision,pourcentage,non,24,2,2006 2016,2006,2016,12,non,SRC-066,"Libre d'usage — la seule condition posée par le producteur est la citation ; ni inscription, ni restriction de rediffusion"
HA_HPMC_M_NM1,Number of circumcised men,en,VIH et sida,HIV prevalence by male circumcision,effectif,oui,13,2,2006 2016,2006,2016,10,non,SRC-066,"Libre d'usage — la seule condition posée par le producteur est la citation ; ni inscription, ni restriction de rediffusion"
HA_HPMC_M_NM2,Number of uncircumcised men,en,VIH et sida,HIV prevalence by male circumcision,effectif,oui,24,2,2006 2016,2006,2016,12,non,SRC-066,"Libre d'usage — la seule condition posée par le producteur est la citation ; ni inscription, ni restriction de rediffusion"
HA_HPMC_M_UN1,Number of circumcised men (unweighted),en,VIH et sida,HIV prevalence by male circumcision,effectif,oui,24,2,2006 2016,2006,2016,12,non,SRC-066,"Libre d'usage — la seule condition posée par le producteur est la citation ; ni inscription, ni restriction de rediffusion"
HA_HPMC_M_UN2,Number of uncircumcised men (unweighted),en,VIH et sida,HIV prevalence by male circumcision,effectif,oui,24,2,2006 2016,2006,2016,12,non,SRC-066,"Libre d'usage — la seule condition posée par le producteur est la citation ; ni inscription, ni restriction de rediffusion"
HA_HRSX_M_CND,"Condom use at last higher risk sex (with a non-marital, non-cohabiting partner) [Men]",en,VIH et sida,Higher risk sex,pourcentage,non,47,4,2000 2006 2012 2016,2000,2016,13,oui,SRC-066,"Libre d'usage — la seule condition posée par le producteur est la citation ; ni inscription, ni restriction de rediffusion"
HA_HRSX_M_HRS,Higher risk sex in the last year [Men],en,VIH et sida,Higher risk sex,pourcentage,non,47,4,2000 2006 2012 2016,2000,2016,13,oui,SRC-066,"Libre d'usage — la seule condition posée par le producteur est la citation ; ni inscription, ni restriction de rediffusion"
HA_HRSX_M_NM1,Number of men reporting sexual activity in the last 12 months,en,VIH et sida,Higher risk sex,effectif,oui,47,4,2000 2006 2012 2016,2000,2016,13,oui,SRC-066,"Libre d'usage — la seule condition posée par le producteur est la citation ; ni inscription, ni restriction de rediffusion"
HA_HRSX_M_NM2,"Number of men who had sex with a non-marital, non-cohabiting partner in the last 12 months",en,VIH et sida,Higher risk sex,effectif,oui,47,4,2000 2006 2012 2016,2000,2016,13,oui,SRC-066,"Libre d'usage — la seule condition posée par le producteur est la citation ; ni inscription, ni restriction de rediffusion"
HA_HRSX_M_UN1,Number of men reporting sexual activity in the last 12 months (unweighted),en,VIH et sida,Higher risk sex,effectif,oui,47,4,2000 2006 2012 2016,2000,2016,13,oui,SRC-066,"Libre d'usage — la seule condition posée par le producteur est la citation ; ni inscription, ni restriction de rediffusion"
HA_HRSX_M_UN2,"Number of men who had sex with a non-marital, non-cohabiting partner in the last 12 months (unweighted)",en,VIH et sida,Higher risk sex,effectif,oui,47,4,2000 2006 2012 2016,2000,2016,13,oui,SRC-066,"Libre d'usage — la seule condition posée par le producteur est la citation ; ni inscription, ni restriction de rediffusion"
HA_HRSX_W_CND,"Condom use at last higher risk sex (with a non-marital, non-cohabiting partner) [Women]",en,VIH et sida,Higher risk sex,pourcentage,non,47,4,2000 2006 2012 2016,2000,2016,13,oui,SRC-066,"Libre d'usage — la seule condition posée par le producteur est la citation ; ni inscription, ni restriction de rediffusion"
HA_HRSX_W_HRS,Higher risk sex in the last year [Women],en,VIH et sida,Higher risk sex,pourcentage,non,47,4,2000 2006 2012 2016,2000,2016,13,oui,SRC-066,"Libre d'usage — la seule condition posée par le producteur est la citation ; ni inscription, ni restriction de rediffusion"
HA_HRSX_W_NM1,Number of women reporting sexual activity in the last 12 months,en,VIH et sida,Higher risk sex,effectif,oui,47,4,2000 2006 2012 2016,2000,2016,13,oui,SRC-066,"Libre d'usage — la seule condition posée par le producteur est la citation ; ni inscription, ni restriction de rediffusion"
HA_HRSX_W_NM2,"Number of women who had sex with a non-marital, non-cohabiting partner in the last 12 months",en,VIH et sida,Higher risk sex,effectif,oui,47,4,2000 2006 2012 2016,2000,2016,13,oui,SRC-066,"Libre d'usage — la seule condition posée par le producteur est la citation ; ni inscription, ni restriction de rediffusion"
HA_HRSX_W_UN1,Number of women reporting sexual activity in the last 12 months (unweighted),en,VIH et sida,Higher risk sex,effectif,oui,47,4,2000 2006 2012 2016,2000,2016,13,oui,SRC-066,"Libre d'usage — la seule condition posée par le producteur est la citation ; ni inscription, ni restriction de rediffusion"
HA_HRSX_W_UN2,"Number of women who had sex with a non-marital, non-cohabiting partner in the last 12 months (unweighted)",en,VIH et sida,Higher risk sex,effectif,oui,47,4,2000 2006 2012 2016,2000,2016,13,oui,SRC-066,"Libre d'usage — la seule condition posée par le producteur est la citation ; ni inscription, ni restriction de rediffusion"
HA_HVST_M_HRD,Ever heard of HIV self test kits,en,VIH et sida,Knowledge and coverage of self-testing for HIV,pourcentage,non,12,1,2016,2016,2016,12,non,SRC-066,"Libre d'usage — la seule condition posée par le producteur est la citation ; ni inscription, ni restriction de rediffusion"
HA_HVST_M_NUM,Number of men,en,VIH et sida,Knowledge and coverage of self-testing for HIV,effectif,oui,12,1,2016,2016,2016,12,non,SRC-066,"Libre d'usage — la seule condition posée par le producteur est la citation ; ni inscription, ni restriction de rediffusion"
HA_HVST_M_UNW,Number of men (unweighted),en,VIH et sida,Knowledge and coverage of self-testing for HIV,effectif,oui,12,1,2016,2016,2016,12,non,SRC-066,"Libre d'usage — la seule condition posée par le producteur est la citation ; ni inscription, ni restriction de rediffusion"
HA_HVST_M_USD,Ever used an HIV self test kit,en,VIH et sida,Knowledge and coverage of self-testing for HIV,pourcentage,non,12,1,2016,2016,2016,12,non,SRC-066,"Libre d'usage — la seule condition posée par le producteur est la citation ; ni inscription, ni restriction de rediffusion"
HA_HVST_W_HRD,Ever heard of HIV self test kits,en,VIH et sida,Knowledge and coverage of self-testing for HIV,pourcentage,non,12,1,2016,2016,2016,12,non,SRC-066,"Libre d'usage — la seule condition posée par le producteur est la citation ; ni inscription, ni restriction de rediffusion"
HA_HVST_W_NUM,Number of women,en,VIH et sida,Knowledge and coverage of self-testing for HIV,effectif,oui,12,1,2016,2016,2016,12,non,SRC-066,"Libre d'usage — la seule condition posée par le producteur est la citation ; ni inscription, ni restriction de rediffusion"
HA_HVST_W_UNW,Number of women (unweighted),en,VIH et sida,Knowledge and coverage of self-testing for HIV,effectif,oui,12,1,2016,2016,2016,12,non,SRC-066,"Libre d'usage — la seule condition posée par le producteur est la citation ; ni inscription, ni restriction de rediffusion"
HA_HVST_W_USD,Ever used an HIV self test kit,en,VIH et sida,Knowledge and coverage of self-testing for HIV,pourcentage,non,12,1,2016,2016,2016,12,non,SRC-066,"Libre d'usage — la seule condition posée par le producteur est la citation ; ni inscription, ni restriction de rediffusion"
HA_KAID_M_HRD,Men who have heard of HIV or AIDS,en,VIH et sida,Knowledge of AIDS,pourcentage,non,47,4,2000 2006 2012 2016,2000,2016,13,oui,SRC-066,"Libre d'usage — la seule condition posée par le producteur est la citation ; ni inscription, ni restriction de rediffusion"
HA_KAID_M_NUM,Number of men,en,VIH et sida,Knowledge of AIDS,effectif,oui,47,4,2000 2006 2012 2016,2000,2016,13,oui,SRC-066,"Libre d'usage — la seule condition posée par le producteur est la citation ; ni inscription, ni restriction de rediffusion"
HA_KAID_M_UNW,Number of men (unweighted),en,VIH et sida,Knowledge of AIDS,effectif,oui,47,4,2000 2006 2012 2016,2000,2016,13,oui,SRC-066,"Libre d'usage — la seule condition posée par le producteur est la citation ; ni inscription, ni restriction de rediffusion"
HA_KAID_W_HRD,Women who have heard of HIV or AIDS,en,VIH et sida,Knowledge of AIDS,pourcentage,non,47,4,2000 2006 2012 2016,2000,2016,13,oui,SRC-066,"Libre d'usage — la seule condition posée par le producteur est la citation ; ni inscription, ni restriction de rediffusion"
HA_KAID_W_NUM,Number of women,en,VIH et sida,Knowledge of AIDS,effectif,oui,47,4,2000 2006 2012 2016,2000,2016,13,oui,SRC-066,"Libre d'usage — la seule condition posée par le producteur est la citation ; ni inscription, ni restriction de rediffusion"
HA_KAID_W_UNW,Number of women (unweighted),en,VIH et sida,Knowledge of AIDS,effectif,oui,47,4,2000 2006 2012 2016,2000,2016,13,oui,SRC-066,"Libre d'usage — la seule condition posée par le producteur est la citation ; ni inscription, ni restriction de rediffusion"
HA_KHVP_M_CND,Knowledge of HIV prevention methods - Use of condoms (prompted) [Men],en,VIH et sida,Knowledge of HIV prevention methods,pourcentage,non,47,4,2000 2006 2012 2016,2000,2016,13,oui,SRC-066,"Libre d'usage — la seule condition posée par le producteur est la citation ; ni inscription, ni restriction de rediffusion"
HA_KHVP_M_CS1,Knowledge of HIV prevention methods - Composite of 2 components (prompted) [Men],en,VIH et sida,Knowledge of HIV prevention methods,pourcentage,non,47,4,2000 2006 2012 2016,2000,2016,13,oui,SRC-066,"Libre d'usage — la seule condition posée par le producteur est la citation ; ni inscription, ni restriction de rediffusion"
HA_KHVP_M_NUM,Number of men,en,VIH et sida,Knowledge of HIV prevention methods,effectif,oui,47,4,2000 2006 2012 2016,2000,2016,13,oui,SRC-066,"Libre d'usage — la seule condition posée par le producteur est la citation ; ni inscription, ni restriction de rediffusion"
HA_KHVP_M_SX1,Knowledge of HIV prevention methods - Only one partner (prompted) [Men],en,VIH et sida,Knowledge of HIV prevention methods,pourcentage,non,47,4,2000 2006 2012 2016,2000,2016,13,oui,SRC-066,"Libre d'usage — la seule condition posée par le producteur est la citation ; ni inscription, ni restriction de rediffusion"
HA_KHVP_M_UNW,Number of men (unweighted),en,VIH et sida,Knowledge of HIV prevention methods,effectif,oui,47,4,2000 2006 2012 2016,2000,2016,13,oui,SRC-066,"Libre d'usage — la seule condition posée par le producteur est la citation ; ni inscription, ni restriction de rediffusion"
HA_KHVP_W_CND,Knowledge of HIV prevention methods - Use of condoms (prompted) [Women],en,VIH et sida,Knowledge of HIV prevention methods,pourcentage,non,47,4,2000 2006 2012 2016,2000,2016,13,oui,SRC-066,"Libre d'usage — la seule condition posée par le producteur est la citation ; ni inscription, ni restriction de rediffusion"
HA_KHVP_W_CS1,Knowledge of HIV prevention methods - Composite of 2 components (prompted) [Women],en,VIH et sida,Knowledge of HIV prevention methods,pourcentage,non,47,4,2000 2006 2012 2016,2000,2016,13,oui,SRC-066,"Libre d'usage — la seule condition posée par le producteur est la citation ; ni inscription, ni restriction de rediffusion"
HA_KHVP_W_NUM,Number of women,en,VIH et sida,Knowledge of HIV prevention methods,effectif,oui,47,4,2000 2006 2012 2016,2000,2016,13,oui,SRC-066,"Libre d'usage — la seule condition posée par le producteur est la citation ; ni inscription, ni restriction de rediffusion"
HA_KHVP_W_SX1,Knowledge of HIV prevention methods - Only one partner (prompted) [Women],en,VIH et sida,Knowledge of HIV prevention methods,pourcentage,non,47,4,2000 2006 2012 2016,2000,2016,13,oui,SRC-066,"Libre d'usage — la seule condition posée par le producteur est la citation ; ni inscription, ni restriction de rediffusion"
HA_KHVP_W_UNW,Number of women (unweighted),en,VIH et sida,Knowledge of HIV prevention methods,effectif,oui,47,4,2000 2006 2012 2016,2000,2016,13,oui,SRC-066,"Libre d'usage — la seule condition posée par le producteur est la citation ; ni inscription, ni restriction de rediffusion"
HA_KMTC_M_BFD,Knowledge of prevention of mother to child transmission of HIV [Men],en,VIH et sida,Knowledge of prevention of mother-to-child transmission of HIV,pourcentage,non,37,3,2006 2012 2016,2006,2016,13,oui,SRC-066,"Libre d'usage — la seule condition posée par le producteur est la citation ; ni inscription, ni restriction de rediffusion"
HA_KMTC_M_BRF,Knowledge of MTCT - Through breastfeeding [Men],en,VIH et sida,Knowledge of prevention of mother-to-child transmission of HIV,pourcentage,non,47,4,2000 2006 2012 2016,2000,2016,13,oui,SRC-066,"Libre d'usage — la seule condition posée par le producteur est la citation ; ni inscription, ni restriction de rediffusion"
HA_KMTC_M_DLV,Knowledge of MTCT - During delivery [Men],en,VIH et sida,Knowledge of prevention of mother-to-child transmission of HIV,pourcentage,non,47,4,2000 2006 2012 2016,2000,2016,13,oui,SRC-066,"Libre d'usage — la seule condition posée par le producteur est la citation ; ni inscription, ni restriction de rediffusion"
HA_KMTC_M_DRG,Knowledge of prevention of MTCT - Can be prevented by mother taking special drugs during pregnancy [Men],en,VIH et sida,Knowledge of prevention of mother-to-child transmission of HIV,pourcentage,non,37,3,2006 2012 2016,2006,2016,13,oui,SRC-066,"Libre d'usage — la seule condition posée par le producteur est la citation ; ni inscription, ni restriction de rediffusion"
HA_KMTC_M_NUM,Number of men,en,VIH et sida,Knowledge of prevention of mother-to-child transmission of HIV,effectif,oui,47,4,2000 2006 2012 2016,2000,2016,13,oui,SRC-066,"Libre d'usage — la seule condition posée par le producteur est la citation ; ni inscription, ni restriction de rediffusion"
HA_KMTC_M_PDB,Knowledge of MTCT - Through all 3 means [Men],en,VIH et sida,Knowledge of prevention of mother-to-child transmission of HIV,pourcentage,non,47,4,2000 2006 2012 2016,2000,2016,13,oui,SRC-066,"Libre d'usage — la seule condition posée par le producteur est la citation ; ni inscription, ni restriction de rediffusion"
HA_KMTC_M_PRG,Knowledge of MTCT - During pregnancy [Men],en,VIH et sida,Knowledge of prevention of mother-to-child transmission of HIV,pourcentage,non,47,4,2000 2006 2012 2016,2000,2016,13,oui,SRC-066,"Libre d'usage — la seule condition posée par le producteur est la citation ; ni inscription, ni restriction de rediffusion"
HA_KMTC_M_UNW,Number of men (unweighted),en,VIH et sida,Knowledge of prevention of mother-to-child transmission of HIV,effectif,oui,47,4,2000 2006 2012 2016,2000,2016,13,oui,SRC-066,"Libre d'usage — la seule condition posée par le producteur est la citation ; ni inscription, ni restriction de rediffusion"
HA_KMTC_W_BFD,Knowledge of prevention of mother to child transmission of HIV [Women],en,VIH et sida,Knowledge of prevention of mother-to-child transmission of HIV,pourcentage,non,37,3,2006 2012 2016,2006,2016,13,oui,SRC-066,"Libre d'usage — la seule condition posée par le producteur est la citation ; ni inscription, ni restriction de rediffusion"
HA_KMTC_W_BRF,Knowledge of MTCT - Through breastfeeding [Women],en,VIH et sida,Knowledge of prevention of mother-to-child transmission of HIV,pourcentage,non,47,4,2000 2006 2012 2016,2000,2016,13,oui,SRC-066,"Libre d'usage — la seule condition posée par le producteur est la citation ; ni inscription, ni restriction de rediffusion"
HA_KMTC_W_DLV,Knowledge of MTCT - During delivery [Women],en,VIH et sida,Knowledge of prevention of mother-to-child transmission of HIV,pourcentage,non,47,4,2000 2006 2012 2016,2000,2016,13,oui,SRC-066,"Libre d'usage — la seule condition posée par le producteur est la citation ; ni inscription, ni restriction de rediffusion"
HA_KMTC_W_DRG,Knowledge of prevention of MTCT - Can be prevented by mother taking special drugs during pregnancy [Women],en,VIH et sida,Knowledge of prevention of mother-to-child transmission of HIV,pourcentage,non,37,3,2006 2012 2016,2006,2016,13,oui,SRC-066,"Libre d'usage — la seule condition posée par le producteur est la citation ; ni inscription, ni restriction de rediffusion"
HA_KMTC_W_NUM,Number of women,en,VIH et sida,Knowledge of prevention of mother-to-child transmission of HIV,effectif,oui,47,4,2000 2006 2012 2016,2000,2016,13,oui,SRC-066,"Libre d'usage — la seule condition posée par le producteur est la citation ; ni inscription, ni restriction de rediffusion"
HA_KMTC_W_PDB,Knowledge of MTCT - Through all 3 means [Women],en,VIH et sida,Knowledge of prevention of mother-to-child transmission of HIV,pourcentage,non,47,4,2000 2006 2012 2016,2000,2016,13,oui,SRC-066,"Libre d'usage — la seule condition posée par le producteur est la citation ; ni inscription, ni restriction de rediffusion"
HA_KMTC_W_PRG,Knowledge of MTCT - During pregnancy [Women],en,VIH et sida,Knowledge of prevention of mother-to-child transmission of HIV,pourcentage,non,47,4,2000 2006 2012 2016,2000,2016,13,oui,SRC-066,"Libre d'usage — la seule condition posée par le producteur est la citation ; ni inscription, ni restriction de rediffusion"
HA_KMTC_W_UNW,Number of women (unweighted),en,VIH et sida,Knowledge of prevention of mother-to-child transmission of HIV,effectif,oui,47,4,2000 2006 2012 2016,2000,2016,13,oui,SRC-066,"Libre d'usage — la seule condition posée par le producteur est la citation ; ni inscription, ni restriction de rediffusion"
HA_MCRC_M_DKM,Don't know/missing if circumcised,en,VIH et sida,Male circumcision,pourcentage,non,12,1,2016,2016,2016,12,non,SRC-066,"Libre d'usage — la seule condition posée par le producteur est la citation ; ni inscription, ni restriction de rediffusion"
HA_MCRC_M_MCC,Men circumcised,en,VIH et sida,Male circumcision,pourcentage,non,24,2,2006 2016,2006,2016,12,non,SRC-066,"Libre d'usage — la seule condition posée par le producteur est la citation ; ni inscription, ni restriction de rediffusion"
HA_MCRC_M_NCC,Not circumcised,en,VIH et sida,Male circumcision,pourcentage,non,12,1,2016,2016,2016,12,non,SRC-066,"Libre d'usage — la seule condition posée par le producteur est la citation ; ni inscription, ni restriction de rediffusion"
HA_MCRC_M_NUM,Number of men,en,VIH et sida,Male circumcision,effectif,oui,24,2,2006 2016,2006,2016,12,non,SRC-066,"Libre d'usage — la seule condition posée par le producteur est la citation ; ni inscription, ni restriction de rediffusion"
HA_MCRC_M_TOT,Total,en,VIH et sida,Male circumcision,pourcentage,non,12,1,2016,2016,2016,12,non,SRC-066,"Libre d'usage — la seule condition posée par le producteur est la citation ; ni inscription, ni restriction de rediffusion"
HA_MCRC_M_UNW,Number of men (unweighted),en,VIH et sida,Male circumcision,effectif,oui,24,2,2006 2016,2006,2016,12,non,SRC-066,"Libre d'usage — la seule condition posée par le producteur est la citation ; ni inscription, ni restriction de rediffusion"
HA_MINJ_M_INJ,Men receiving a medical injection in the last 12 months,en,VIH et sida,Prevalence of medical injections,pourcentage,non,37,3,2006 2012 2016,2006,2016,13,oui,SRC-066,"Libre d'usage — la seule condition posée par le producteur est la citation ; ni inscription, ni restriction de rediffusion"
HA_MINJ_M_MNI,Average number of medical injections per man in the last 12 months,en,VIH et sida,Prevalence of medical injections,moyenne,non,37,3,2006 2012 2016,2006,2016,13,oui,SRC-066,"Libre d'usage — la seule condition posée par le producteur est la citation ; ni inscription, ni restriction de rediffusion"
HA_MINJ_M_NEW,"Proportion of men reporting that the last health care injection was given with a syringe and needle set from a new, unopened package",en,VIH et sida,Prevalence of medical injections,pourcentage,non,37,3,2006 2012 2016,2006,2016,13,oui,SRC-066,"Libre d'usage — la seule condition posée par le producteur est la citation ; ni inscription, ni restriction de rediffusion"
HA_MINJ_M_NM1,Number of men receiving medical injections in the past 12 months,en,VIH et sida,Prevalence of medical injections,effectif,oui,37,3,2006 2012 2016,2006,2016,13,oui,SRC-066,"Libre d'usage — la seule condition posée par le producteur est la citation ; ni inscription, ni restriction de rediffusion"
HA_MINJ_M_NUM,Number of men,en,VIH et sida,Prevalence of medical injections,effectif,oui,37,3,2006 2012 2016,2006,2016,13,oui,SRC-066,"Libre d'usage — la seule condition posée par le producteur est la citation ; ni inscription, ni restriction de rediffusion"
HA_MINJ_M_UN1,Number of men receiving medical injections in the past 12 months (unweighted),en,VIH et sida,Prevalence of medical injections,effectif,oui,37,3,2006 2012 2016,2006,2016,13,oui,SRC-066,"Libre d'usage — la seule condition posée par le producteur est la citation ; ni inscription, ni restriction de rediffusion"
HA_MINJ_M_UNW,Number of men (unweighted),en,VIH et sida,Prevalence of medical injections,effectif,oui,37,3,2006 2012 2016,2006,2016,13,oui,SRC-066,"Libre d'usage — la seule condition posée par le producteur est la citation ; ni inscription, ni restriction de rediffusion"
HA_MINJ_W_INJ,Women receiving a medical injection in the last 12 months,en,VIH et sida,Prevalence of medical injections,pourcentage,non,37,3,2006 2012 2016,2006,2016,13,oui,SRC-066,"Libre d'usage — la seule condition posée par le producteur est la citation ; ni inscription, ni restriction de rediffusion"
HA_MINJ_W_MNI,Average number of medical injections per woman in the last 12 months,en,VIH et sida,Prevalence of medical injections,moyenne,non,37,3,2006 2012 2016,2006,2016,13,oui,SRC-066,"Libre d'usage — la seule condition posée par le producteur est la citation ; ni inscription, ni restriction de rediffusion"
HA_MINJ_W_NEW,"Proportion of women reporting that the last health care injection was given with a syringe and needle set from a new, unopened package",en,VIH et sida,Prevalence of medical injections,pourcentage,non,37,3,2006 2012 2016,2006,2016,13,oui,SRC-066,"Libre d'usage — la seule condition posée par le producteur est la citation ; ni inscription, ni restriction de rediffusion"
HA_MINJ_W_NM1,Number of women receiving medical injections in the past 12 months,en,VIH et sida,Prevalence of medical injections,effectif,oui,37,3,2006 2012 2016,2006,2016,13,oui,SRC-066,"Libre d'usage — la seule condition posée par le producteur est la citation ; ni inscription, ni restriction de rediffusion"
HA_MINJ_W_NUM,Number of women,en,VIH et sida,Prevalence of medical injections,effectif,oui,37,3,2006 2012 2016,2006,2016,13,oui,SRC-066,"Libre d'usage — la seule condition posée par le producteur est la citation ; ni inscription, ni restriction de rediffusion"
HA_MINJ_W_UN1,Number of women receiving medical injections in the past 12 months (unweighted),en,VIH et sida,Prevalence of medical injections,effectif,oui,37,3,2006 2012 2016,2006,2016,13,oui,SRC-066,"Libre d'usage — la seule condition posée par le producteur est la citation ; ni inscription, ni restriction de rediffusion"
HA_MINJ_W_UNW,Number of women (unweighted),en,VIH et sida,Prevalence of medical injections,effectif,oui,37,3,2006 2012 2016,2006,2016,13,oui,SRC-066,"Libre d'usage — la seule condition posée par le producteur est la citation ; ni inscription, ni restriction de rediffusion"
HA_MSXP_M_2PP,Higher-risk Sex (with multiple partners among all respondents) [Men],en,VIH et sida,Multiple sexual partners,pourcentage,non,47,4,2000 2006 2012 2016,2000,2016,13,oui,SRC-066,"Libre d'usage — la seule condition posée par le producteur est la citation ; ni inscription, ni restriction de rediffusion"
HA_MSXP_M_CND,Condom use during higher-risk sex (with multiple partners) [Men],en,VIH et sida,Multiple sexual partners,pourcentage,non,47,4,2000 2006 2012 2016,2000,2016,13,oui,SRC-066,"Libre d'usage — la seule condition posée par le producteur est la citation ; ni inscription, ni restriction de rediffusion"
HA_MSXP_M_MNP,Mean number of sexual partners in lifetime [Men],en,VIH et sida,Multiple sexual partners,moyenne,non,37,3,2006 2012 2016,2006,2016,13,oui,SRC-066,"Libre d'usage — la seule condition posée par le producteur est la citation ; ni inscription, ni restriction de rediffusion"
HA_MSXP_M_NCP,"Men who had sexual intercourse with non-marital, non-cohabiting partner",en,VIH et sida,Multiple sexual partners,pourcentage,non,47,4,2000 2006 2012 2016,2000,2016,13,oui,SRC-066,"Libre d'usage — la seule condition posée par le producteur est la citation ; ni inscription, ni restriction de rediffusion"
HA_MSXP_M_NM1,Number of men,en,VIH et sida,Multiple sexual partners,effectif,oui,47,4,2000 2006 2012 2016,2000,2016,13,oui,SRC-066,"Libre d'usage — la seule condition posée par le producteur est la citation ; ni inscription, ni restriction de rediffusion"
HA_MSXP_M_NM2,Number of men,en,VIH et sida,Multiple sexual partners,effectif,oui,47,4,2000 2006 2012 2016,2000,2016,13,oui,SRC-066,"Libre d'usage — la seule condition posée par le producteur est la citation ; ni inscription, ni restriction de rediffusion"
HA_MSXP_M_NM3,Number of men who ever had sexual intercourse,en,VIH et sida,Multiple sexual partners,effectif,oui,37,3,2006 2012 2016,2006,2016,13,oui,SRC-066,"Libre d'usage — la seule condition posée par le producteur est la citation ; ni inscription, ni restriction de rediffusion"
HA_MSXP_M_UN1,Number of men (unweighted),en,VIH et sida,Multiple sexual partners,effectif,oui,47,4,2000 2006 2012 2016,2000,2016,13,oui,SRC-066,"Libre d'usage — la seule condition posée par le producteur est la citation ; ni inscription, ni restriction de rediffusion"
HA_MSXP_M_UN2,Number of men (unweighted),en,VIH et sida,Multiple sexual partners,effectif,oui,47,4,2000 2006 2012 2016,2000,2016,13,oui,SRC-066,"Libre d'usage — la seule condition posée par le producteur est la citation ; ni inscription, ni restriction de rediffusion"
HA_MSXP_M_UN3,Number of men who ever had sexual intercourse (unweighted),en,VIH et sida,Multiple sexual partners,effectif,oui,37,3,2006 2012 2016,2006,2016,13,oui,SRC-066,"Libre d'usage — la seule condition posée par le producteur est la citation ; ni inscription, ni restriction de rediffusion"
HA_MSXP_W_2PP,Higher-risk Sex (with multiple partners among all respondents) [Women],en,VIH et sida,Multiple sexual partners,pourcentage,non,47,4,2000 2006 2012 2016,2000,2016,13,oui,SRC-066,"Libre d'usage — la seule condition posée par le producteur est la citation ; ni inscription, ni restriction de rediffusion"
HA_MSXP_W_CND,Condom use during higher-risk sex (with multiple partners) [Women],en,VIH et sida,Multiple sexual partners,pourcentage,non,9,3,2006 2012 2016,2006,2016,6,oui,SRC-066,"Libre d'usage — la seule condition posée par le producteur est la citation ; ni inscription, ni restriction de rediffusion"
HA_MSXP_W_MNP,Mean number of sexual partners in lifetime [Women],en,VIH et sida,Multiple sexual partners,moyenne,non,37,3,2006 2012 2016,2006,2016,13,oui,SRC-066,"Libre d'usage — la seule condition posée par le producteur est la citation ; ni inscription, ni restriction de rediffusion"
HA_MSXP_W_NCP,"Women who had sexual intercourse with non-marital, non-cohabiting partner",en,VIH et sida,Multiple sexual partners,pourcentage,non,47,4,2000 2006 2012 2016,2000,2016,13,oui,SRC-066,"Libre d'usage — la seule condition posée par le producteur est la citation ; ni inscription, ni restriction de rediffusion"
HA_MSXP_W_NM1,Number of women,en,VIH et sida,Multiple sexual partners,effectif,oui,47,4,2000 2006 2012 2016,2000,2016,13,oui,SRC-066,"Libre d'usage — la seule condition posée par le producteur est la citation ; ni inscription, ni restriction de rediffusion"
HA_MSXP_W_NM2,Number of women,en,VIH et sida,Multiple sexual partners,effectif,oui,9,3,2006 2012 2016,2006,2016,6,oui,SRC-066,"Libre d'usage — la seule condition posée par le producteur est la citation ; ni inscription, ni restriction de rediffusion"
HA_MSXP_W_NM3,Number of women who ever had sexual intercourse,en,VIH et sida,Multiple sexual partners,effectif,oui,37,3,2006 2012 2016,2006,2016,13,oui,SRC-066,"Libre d'usage — la seule condition posée par le producteur est la citation ; ni inscription, ni restriction de rediffusion"
HA_MSXP_W_UN1,Number of women (unweighted),en,VIH et sida,Multiple sexual partners,effectif,oui,47,4,2000 2006 2012 2016,2000,2016,13,oui,SRC-066,"Libre d'usage — la seule condition posée par le producteur est la citation ; ni inscription, ni restriction de rediffusion"
HA_MSXP_W_UN2,Number of women (unweighted),en,VIH et sida,Multiple sexual partners,effectif,oui,47,4,2000 2006 2012 2016,2000,2016,13,oui,SRC-066,"Libre d'usage — la seule condition posée par le producteur est la citation ; ni inscription, ni restriction de rediffusion"
HA_MSXP_W_UN3,Number of women who ever had sexual intercourse (unweighted),en,VIH et sida,Multiple sexual partners,effectif,oui,37,3,2006 2012 2016,2006,2016,13,oui,SRC-066,"Libre d'usage — la seule condition posée par le producteur est la citation ; ni inscription, ni restriction de rediffusion"
HA_PYSX_M_CLS,Condom use at last paid sexual intercourse,en,VIH et sida,Payment for sexual intercourse and condom use at last paid sexual intercourse,pourcentage,non,24,4,2000 2006 2012 2016,2000,2016,13,oui,SRC-066,"Libre d'usage — la seule condition posée par le producteur est la citation ; ni inscription, ni restriction de rediffusion"
HA_PYSX_M_EPD,Ever paid for sexual intercourse,en,VIH et sida,Payment for sexual intercourse and condom use at last paid sexual intercourse,pourcentage,non,35,3,2000 2012 2016,2000,2016,13,oui,SRC-066,"Libre d'usage — la seule condition posée par le producteur est la citation ; ni inscription, ni restriction de rediffusion"
HA_PYSX_M_NM1,Number of men who paid for sex in the last 12 months,en,VIH et sida,Payment for sexual intercourse and condom use at last paid sexual intercourse,effectif,oui,24,4,2000 2006 2012 2016,2000,2016,13,oui,SRC-066,"Libre d'usage — la seule condition posée par le producteur est la citation ; ni inscription, ni restriction de rediffusion"
HA_PYSX_M_NUM,Number of men,en,VIH et sida,Payment for sexual intercourse and condom use at last paid sexual intercourse,effectif,oui,47,4,2000 2006 2012 2016,2000,2016,13,oui,SRC-066,"Libre d'usage — la seule condition posée par le producteur est la citation ; ni inscription, ni restriction de rediffusion"
HA_PYSX_M_PD1,Paid for sexual intercourse in the past 12 months,en,VIH et sida,Payment for sexual intercourse and condom use at last paid sexual intercourse,pourcentage,non,47,4,2000 2006 2012 2016,2000,2016,13,oui,SRC-066,"Libre d'usage — la seule condition posée par le producteur est la citation ; ni inscription, ni restriction de rediffusion"
HA_PYSX_M_UN1,Number of men who paid for sex in the last 12 months (unweighted),en,VIH et sida,Payment for sexual intercourse and condom use at last paid sexual intercourse,effectif,oui,47,4,2000 2006 2012 2016,2000,2016,13,oui,SRC-066,"Libre d'usage — la seule condition posée par le producteur est la citation ; ni inscription, ni restriction de rediffusion"
HA_PYSX_M_UNW,Number of men (unweighted),en,VIH et sida,Payment for sexual intercourse and condom use at last paid sexual intercourse,effectif,oui,47,4,2000 2006 2012 2016,2000,2016,13,oui,SRC-066,"Libre d'usage — la seule condition posée par le producteur est la citation ; ni inscription, ni restriction de rediffusion"
HA_STIS_M_AST,"Men reporting an STI, genital dicharge, or a sore or ulcer",en,VIH et sida,Self-reported prevalence of STIs and symptoms,pourcentage,non,47,4,2000 2006 2012 2016,2000,2016,13,oui,SRC-066,"Libre d'usage — la seule condition posée par le producteur est la citation ; ni inscription, ni restriction de rediffusion"
HA_STIS_M_DIS,Men reporting a bad smelling or abnormal genital discharge,en,VIH et sida,Self-reported prevalence of STIs and symptoms,pourcentage,non,47,4,2000 2006 2012 2016,2000,2016,13,oui,SRC-066,"Libre d'usage — la seule condition posée par le producteur est la citation ; ni inscription, ni restriction de rediffusion"
HA_STIS_M_NUM,Number of men who ever had sexual intercourse,en,VIH et sida,Self-reported prevalence of STIs and symptoms,effectif,oui,47,4,2000 2006 2012 2016,2000,2016,13,oui,SRC-066,"Libre d'usage — la seule condition posée par le producteur est la citation ; ni inscription, ni restriction de rediffusion"
HA_STIS_M_SOR,Men reporting a genital sore or ulcer,en,VIH et sida,Self-reported prevalence of STIs and symptoms,pourcentage,non,47,4,2000 2006 2012 2016,2000,2016,13,oui,SRC-066,"Libre d'usage — la seule condition posée par le producteur est la citation ; ni inscription, ni restriction de rediffusion"
HA_STIS_M_STI,Men reporting an STI,en,VIH et sida,Self-reported prevalence of STIs and symptoms,pourcentage,non,47,4,2000 2006 2012 2016,2000,2016,13,oui,SRC-066,"Libre d'usage — la seule condition posée par le producteur est la citation ; ni inscription, ni restriction de rediffusion"
HA_STIS_M_UNW,Number of men who ever had sexual intercourse (unweighted),en,VIH et sida,Self-reported prevalence of STIs and symptoms,effectif,oui,47,4,2000 2006 2012 2016,2000,2016,13,oui,SRC-066,"Libre d'usage — la seule condition posée par le producteur est la citation ; ni inscription, ni restriction de rediffusion"
HA_STIS_W_AST,"Women reporting an STI, genital dicharge, or a sore or ulcer",en,VIH et sida,Self-reported prevalence of STIs and symptoms,pourcentage,non,47,4,2000 2006 2012 2016,2000,2016,13,oui,SRC-066,"Libre d'usage — la seule condition posée par le producteur est la citation ; ni inscription, ni restriction de rediffusion"
HA_STIS_W_DIS,Women reporting a bad smelling or abnormal genital discharge,en,VIH et sida,Self-reported prevalence of STIs and symptoms,pourcentage,non,47,4,2000 2006 2012 2016,2000,2016,13,oui,SRC-066,"Libre d'usage — la seule condition posée par le producteur est la citation ; ni inscription, ni restriction de rediffusion"
HA_STIS_W_NUM,Number of women who ever had sexual intercourse,en,VIH et sida,Self-reported prevalence of STIs and symptoms,effectif,oui,47,4,2000 2006 2012 2016,2000,2016,13,oui,SRC-066,"Libre d'usage — la seule condition posée par le producteur est la citation ; ni inscription, ni restriction de rediffusion"
HA_STIS_W_SOR,Women reporting a genital sore or ulcer,en,VIH et sida,Self-reported prevalence of STIs and symptoms,pourcentage,non,47,4,2000 2006 2012 2016,2000,2016,13,oui,SRC-066,"Libre d'usage — la seule condition posée par le producteur est la citation ; ni inscription, ni restriction de rediffusion"
HA_STIS_W_STI,Women reporting an STI,en,VIH et sida,Self-reported prevalence of STIs and symptoms,pourcentage,non,47,4,2000 2006 2012 2016,2000,2016,13,oui,SRC-066,"Libre d'usage — la seule condition posée par le producteur est la citation ; ni inscription, ni restriction de rediffusion"
HA_STIS_W_UNW,Number of women who ever had sexual intercourse (unweighted),en,VIH et sida,Self-reported prevalence of STIs and symptoms,effectif,oui,47,4,2000 2006 2012 2016,2000,2016,13,oui,SRC-066,"Libre d'usage — la seule condition posée par le producteur est la citation ; ni inscription, ni restriction de rediffusion"
DV_ESVO_W_12M,Women who experienced sexual violence by someone other than a husband/intimate partner in past 12 months,en,Violences conjugales et domestiques,Experience of sexual violence by any non-intimate partner,pourcentage,non,12,1,2016,2016,2016,12,non,SRC-066,"Libre d'usage — la seule condition posée par le producteur est la citation ; ni inscription, ni restriction de rediffusion"
DV_ESVO_W_EVR,Women who ever experienced sexual violence by someone other than a husband/intimate partner,en,Violences conjugales et domestiques,Experience of sexual violence by any non-intimate partner,pourcentage,non,37,3,2006 2012 2016,2006,2016,13,oui,SRC-066,"Libre d'usage — la seule condition posée par le producteur est la citation ; ni inscription, ni restriction de rediffusion"
DV_ESVO_W_NUM,Number of women,en,Violences conjugales et domestiques,Experience of sexual violence by any non-intimate partner,effectif,oui,37,3,2006 2012 2016,2006,2016,13,oui,SRC-066,"Libre d'usage — la seule condition posée par le producteur est la citation ; ni inscription, ni restriction de rediffusion"
DV_ESVO_W_UNW,Number of women (unweighted),en,Violences conjugales et domestiques,Experience of sexual violence by any non-intimate partner,effectif,oui,37,3,2006 2012 2016,2006,2016,13,oui,SRC-066,"Libre d'usage — la seule condition posée par le producteur est la citation ; ni inscription, ni restriction de rediffusion"
DV_EXPV_W_12M,Physical violence in the past 12 months often or sometimes,en,Violences conjugales et domestiques,Experience of physical violence,pourcentage,non,47,4,2000 2006 2012 2016,2000,2016,13,oui,SRC-066,"Libre d'usage — la seule condition posée par le producteur est la citation ; ni inscription, ni restriction de rediffusion"
DV_EXPV_W_12O,Physical violence in the past 12 months often,en,Violences conjugales et domestiques,Experience of physical violence,pourcentage,non,47,4,2000 2006 2012 2016,2000,2016,13,oui,SRC-066,"Libre d'usage — la seule condition posée par le producteur est la citation ; ni inscription, ni restriction de rediffusion"
DV_EXPV_W_12S,Physical violence in the past 12 months sometimes,en,Violences conjugales et domestiques,Experience of physical violence,pourcentage,non,47,4,2000 2006 2012 2016,2000,2016,13,oui,SRC-066,"Libre d'usage — la seule condition posée par le producteur est la citation ; ni inscription, ni restriction de rediffusion"
DV_EXPV_W_EVR,Ever experienced physical violence since age 15,en,Violences conjugales et domestiques,Experience of physical violence,pourcentage,non,47,4,2000 2006 2012 2016,2000,2016,13,oui,SRC-066,"Libre d'usage — la seule condition posée par le producteur est la citation ; ni inscription, ni restriction de rediffusion"
DV_EXPV_W_NUM,Number of women,en,Violences conjugales et domestiques,Experience of physical violence,effectif,oui,47,4,2000 2006 2012 2016,2000,2016,13,oui,SRC-066,"Libre d'usage — la seule condition posée par le producteur est la citation ; ni inscription, ni restriction de rediffusion"
DV_EXPV_W_UNW,Number of women (unweighted),en,Violences conjugales et domestiques,Experience of physical violence,effectif,oui,47,4,2000 2006 2012 2016,2000,2016,13,oui,SRC-066,"Libre d'usage — la seule condition posée par le producteur est la citation ; ni inscription, ni restriction de rediffusion"
DV_EXSV_W_12M,Women who experienced sexual violence in past 12 months,en,Violences conjugales et domestiques,Experience of sexual violence,pourcentage,non,47,4,2000 2006 2012 2016,2000,2016,13,oui,SRC-066,"Libre d'usage — la seule condition posée par le producteur est la citation ; ni inscription, ni restriction de rediffusion"
DV_EXSV_W_EVR,Women who ever experienced sexual violence,en,Violences conjugales et domestiques,Experience of sexual violence,pourcentage,non,47,4,2000 2006 2012 2016,2000,2016,13,oui,SRC-066,"Libre d'usage — la seule condition posée par le producteur est la citation ; ni inscription, ni restriction de rediffusion"
DV_EXSV_W_NUM,Number of women,en,Violences conjugales et domestiques,Experience of sexual violence,effectif,oui,47,4,2000 2006 2012 2016,2000,2016,13,oui,SRC-066,"Libre d'usage — la seule condition posée par le producteur est la citation ; ni inscription, ni restriction de rediffusion"
DV_EXSV_W_UNW,Number of women (unweighted),en,Violences conjugales et domestiques,Experience of sexual violence,effectif,oui,47,4,2000 2006 2012 2016,2000,2016,13,oui,SRC-066,"Libre d'usage — la seule condition posée par le producteur est la citation ; ni inscription, ni restriction de rediffusion"
DV_STPV_W_DKM,Missing/don't know of ever seking help to stop violence,en,Violences conjugales et domestiques,Help seeking to stop violence,pourcentage,non,25,2,2006 2012,2006,2012,13,non,SRC-066,"Libre d'usage — la seule condition posée par le producteur est la citation ; ni inscription, ni restriction de rediffusion"
DV_STPV_W_HLP,Sought help to stop violence,en,Violences conjugales et domestiques,Help seeking to stop violence,pourcentage,non,47,4,2000 2006 2012 2016,2000,2016,13,oui,SRC-066,"Libre d'usage — la seule condition posée par le producteur est la citation ; ni inscription, ni restriction de rediffusion"
DV_STPV_W_NTL,"Never sought help to stop violence, and never told anyone",en,Violences conjugales et domestiques,Help seeking to stop violence,pourcentage,non,47,4,2000 2006 2012 2016,2000,2016,13,oui,SRC-066,"Libre d'usage — la seule condition posée par le producteur est la citation ; ni inscription, ni restriction de rediffusion"
DV_STPV_W_NUM,Number of ever-married women or never married who ever had an intimate partner who have ever experienced any physical or sexual violence,en,Violences conjugales et domestiques,Help seeking to stop violence,effectif,oui,47,4,2000 2006 2012 2016,2000,2016,13,oui,SRC-066,"Libre d'usage — la seule condition posée par le producteur est la citation ; ni inscription, ni restriction de rediffusion"
DV_STPV_W_TLD,"Never sought help to stop violence, but told someone",en,Violences conjugales et domestiques,Help seeking to stop violence,pourcentage,non,37,3,2006 2012 2016,2006,2016,13,oui,SRC-066,"Libre d'usage — la seule condition posée par le producteur est la citation ; ni inscription, ni restriction de rediffusion"
DV_STPV_W_TOT,Help seeking to stop violence: Total,en,Violences conjugales et domestiques,Help seeking to stop violence,pourcentage,non,47,4,2000 2006 2012 2016,2000,2016,13,oui,SRC-066,"Libre d'usage — la seule condition posée par le producteur est la citation ; ni inscription, ni restriction de rediffusion"
DV_STPV_W_UNW,Number of ever-married women  or never married who ever had an intimate partner who have ever experienced any physical or sexual violence (unweighted),en,Violences conjugales et domestiques,Help seeking to stop violence,effectif,oui,47,4,2000 2006 2012 2016,2000,2016,13,oui,SRC-066,"Libre d'usage — la seule condition posée par le producteur est la citation ; ni inscription, ni restriction de rediffusion"
DV_VPRG_W_NUM,Number of women who have ever been pregnant,en,Violences conjugales et domestiques,Experience of violence during pregnancy,effectif,oui,47,4,2000 2006 2012 2016,2000,2016,13,oui,SRC-066,"Libre d'usage — la seule condition posée par le producteur est la citation ; ni inscription, ni restriction de rediffusion"
DV_VPRG_W_UNW,Number of women who have ever been pregnant (unweighted),en,Violences conjugales et domestiques,Experience of violence during pregnancy,effectif,oui,47,4,2000 2006 2012 2016,2000,2016,13,oui,SRC-066,"Libre d'usage — la seule condition posée par le producteur est la citation ; ni inscription, ni restriction de rediffusion"
DV_VPRG_W_VPG,Women who experienced violence during pregnancy,en,Violences conjugales et domestiques,Experience of violence during pregnancy,pourcentage,non,47,4,2000 2006 2012 2016,2000,2016,13,oui,SRC-066,"Libre d'usage — la seule condition posée par le producteur est la citation ; ni inscription, ni restriction de rediffusion"
ED_EDAT_B_CPR,Population age 6 and over with completed primary education,en,Éducation,Educational attainment of the household population,pourcentage,non,47,4,2000 2006 2012 2016,2000,2016,13,oui,SRC-066,"Libre d'usage — la seule condition posée par le producteur est la citation ; ni inscription, ni restriction de rediffusion"
ED_EDAT_B_CSC,Population age 6 and over with completed secondary education,en,Éducation,Educational attainment of the household population,pourcentage,non,47,4,2000 2006 2012 2016,2000,2016,13,oui,SRC-066,"Libre d'usage — la seule condition posée par le producteur est la citation ; ni inscription, ni restriction de rediffusion"
ED_EDAT_B_DKM,Population age 6 and over with don't know or missing information on level of education,en,Éducation,Educational attainment of the household population,pourcentage,non,47,4,2000 2006 2012 2016,2000,2016,13,oui,SRC-066,"Libre d'usage — la seule condition posée par le producteur est la citation ; ni inscription, ni restriction de rediffusion"
ED_EDAT_B_HGH,Population age 6 and over who attended higher education,en,Éducation,Educational attainment of the household population,pourcentage,non,47,4,2000 2006 2012 2016,2000,2016,13,oui,SRC-066,"Libre d'usage — la seule condition posée par le producteur est la citation ; ni inscription, ni restriction de rediffusion"
ED_EDAT_B_MYR,Median number of years of education: Both sexes,en,Éducation,Educational attainment of the household population,médiane,non,47,4,2000 2006 2012 2016,2000,2016,13,oui,SRC-066,"Libre d'usage — la seule condition posée par le producteur est la citation ; ni inscription, ni restriction de rediffusion"
ED_EDAT_B_NED,Population age 6 and over with no education,en,Éducation,Educational attainment of the household population,pourcentage,non,47,4,2000 2006 2012 2016,2000,2016,13,oui,SRC-066,"Libre d'usage — la seule condition posée par le producteur est la citation ; ni inscription, ni restriction de rediffusion"
ED_EDAT_B_NUM,Number of household members age 6 and over,en,Éducation,Educational attainment of the household population,effectif,oui,47,4,2000 2006 2012 2016,2000,2016,13,oui,SRC-066,"Libre d'usage — la seule condition posée par le producteur est la citation ; ni inscription, ni restriction de rediffusion"
ED_EDAT_B_PRI,Population age 6 and over who attended primary education,en,Éducation,Educational attainment of the household population,pourcentage,non,47,4,2000 2006 2012 2016,2000,2016,13,oui,SRC-066,"Libre d'usage — la seule condition posée par le producteur est la citation ; ni inscription, ni restriction de rediffusion"
ED_EDAT_B_SEC,Population age 6 and over who attended secondary education,en,Éducation,Educational attainment of the household population,pourcentage,non,47,4,2000 2006 2012 2016,2000,2016,13,oui,SRC-066,"Libre d'usage — la seule condition posée par le producteur est la citation ; ni inscription, ni restriction de rediffusion"
ED_EDAT_B_SPR,Population age 6 and over with some primary education,en,Éducation,Educational attainment of the household population,pourcentage,non,47,4,2000 2006 2012 2016,2000,2016,13,oui,SRC-066,"Libre d'usage — la seule condition posée par le producteur est la citation ; ni inscription, ni restriction de rediffusion"
ED_EDAT_B_SSC,Population age 6 and over with some secondary education,en,Éducation,Educational attainment of the household population,pourcentage,non,47,4,2000 2006 2012 2016,2000,2016,13,oui,SRC-066,"Libre d'usage — la seule condition posée par le producteur est la citation ; ni inscription, ni restriction de rediffusion"
ED_EDAT_B_TOT,Population age 6 and over: Total,en,Éducation,Educational attainment of the household population,pourcentage,non,47,4,2000 2006 2012 2016,2000,2016,13,oui,SRC-066,"Libre d'usage — la seule condition posée par le producteur est la citation ; ni inscription, ni restriction de rediffusion"
ED_EDAT_B_UNW,Number of household members age 6 and over (unweighted),en,Éducation,Educational attainment of the household population,effectif,oui,47,4,2000 2006 2012 2016,2000,2016,13,oui,SRC-066,"Libre d'usage — la seule condition posée par le producteur est la citation ; ni inscription, ni restriction de rediffusion"
ED_EDAT_M_CPR,Male population age 6 and over with completed primary education,en,Éducation,Educational attainment of the household population,pourcentage,non,47,4,2000 2006 2012 2016,2000,2016,13,oui,SRC-066,"Libre d'usage — la seule condition posée par le producteur est la citation ; ni inscription, ni restriction de rediffusion"
ED_EDAT_M_CSC,Male population age 6 and over with completed secondary education,en,Éducation,Educational attainment of the household population,pourcentage,non,47,4,2000 2006 2012 2016,2000,2016,13,oui,SRC-066,"Libre d'usage — la seule condition posée par le producteur est la citation ; ni inscription, ni restriction de rediffusion"
ED_EDAT_M_DKM,Male population age 6 and over with don't know or missing information on level of education,en,Éducation,Educational attainment of the household population,pourcentage,non,47,4,2000 2006 2012 2016,2000,2016,13,oui,SRC-066,"Libre d'usage — la seule condition posée par le producteur est la citation ; ni inscription, ni restriction de rediffusion"
ED_EDAT_M_HGH,Male population age 6 and over who attended higher education,en,Éducation,Educational attainment of the household population,pourcentage,non,47,4,2000 2006 2012 2016,2000,2016,13,oui,SRC-066,"Libre d'usage — la seule condition posée par le producteur est la citation ; ni inscription, ni restriction de rediffusion"
ED_EDAT_M_MYR,Median number of years of education: Male,en,Éducation,Educational attainment of the household population,médiane,non,47,4,2000 2006 2012 2016,2000,2016,13,oui,SRC-066,"Libre d'usage — la seule condition posée par le producteur est la citation ; ni inscription, ni restriction de rediffusion"
ED_EDAT_M_NED,Male population age 6 and over with no education,en,Éducation,Educational attainment of the household population,pourcentage,non,47,4,2000 2006 2012 2016,2000,2016,13,oui,SRC-066,"Libre d'usage — la seule condition posée par le producteur est la citation ; ni inscription, ni restriction de rediffusion"
ED_EDAT_M_NUM,Number of male household members age 6 and over,en,Éducation,Educational attainment of the household population,effectif,oui,47,4,2000 2006 2012 2016,2000,2016,13,oui,SRC-066,"Libre d'usage — la seule condition posée par le producteur est la citation ; ni inscription, ni restriction de rediffusion"
ED_EDAT_M_PRI,Male population age 6 and over who attended primary education,en,Éducation,Educational attainment of the household population,pourcentage,non,47,4,2000 2006 2012 2016,2000,2016,13,oui,SRC-066,"Libre d'usage — la seule condition posée par le producteur est la citation ; ni inscription, ni restriction de rediffusion"
ED_EDAT_M_SEC,Male population age 6 and over who attended secondary education,en,Éducation,Educational attainment of the household population,pourcentage,non,47,4,2000 2006 2012 2016,2000,2016,13,oui,SRC-066,"Libre d'usage — la seule condition posée par le producteur est la citation ; ni inscription, ni restriction de rediffusion"
ED_EDAT_M_SPR,Male population age 6 and over with some primary education,en,Éducation,Educational attainment of the household population,pourcentage,non,47,4,2000 2006 2012 2016,2000,2016,13,oui,SRC-066,"Libre d'usage — la seule condition posée par le producteur est la citation ; ni inscription, ni restriction de rediffusion"
ED_EDAT_M_SSC,Male population age 6 and over with some secondary education,en,Éducation,Educational attainment of the household population,pourcentage,non,47,4,2000 2006 2012 2016,2000,2016,13,oui,SRC-066,"Libre d'usage — la seule condition posée par le producteur est la citation ; ni inscription, ni restriction de rediffusion"
ED_EDAT_M_TOT,Male population age 6 and over: Total,en,Éducation,Educational attainment of the household population,pourcentage,non,47,4,2000 2006 2012 2016,2000,2016,13,oui,SRC-066,"Libre d'usage — la seule condition posée par le producteur est la citation ; ni inscription, ni restriction de rediffusion"
ED_EDAT_M_UNW,Number of male household members age 6 and over (unweighted),en,Éducation,Educational attainment of the household population,effectif,oui,47,4,2000 2006 2012 2016,2000,2016,13,oui,SRC-066,"Libre d'usage — la seule condition posée par le producteur est la citation ; ni inscription, ni restriction de rediffusion"
ED_EDAT_W_CPR,Female population age 6 and over with completed primary education,en,Éducation,Educational attainment of the household population,pourcentage,non,47,4,2000 2006 2012 2016,2000,2016,13,oui,SRC-066,"Libre d'usage — la seule condition posée par le producteur est la citation ; ni inscription, ni restriction de rediffusion"
ED_EDAT_W_CSC,Female population age 6 and over with completed secondary education,en,Éducation,Educational attainment of the household population,pourcentage,non,47,4,2000 2006 2012 2016,2000,2016,13,oui,SRC-066,"Libre d'usage — la seule condition posée par le producteur est la citation ; ni inscription, ni restriction de rediffusion"
ED_EDAT_W_DKM,Female population age 6 and over with don't know or missing information on level of education,en,Éducation,Educational attainment of the household population,pourcentage,non,47,4,2000 2006 2012 2016,2000,2016,13,oui,SRC-066,"Libre d'usage — la seule condition posée par le producteur est la citation ; ni inscription, ni restriction de rediffusion"
ED_EDAT_W_HGH,Female population age 6 and over who attended higher education,en,Éducation,Educational attainment of the household population,pourcentage,non,47,4,2000 2006 2012 2016,2000,2016,13,oui,SRC-066,"Libre d'usage — la seule condition posée par le producteur est la citation ; ni inscription, ni restriction de rediffusion"
ED_EDAT_W_MYR,Median number of years of education: Female,en,Éducation,Educational attainment of the household population,médiane,non,47,4,2000 2006 2012 2016,2000,2016,13,oui,SRC-066,"Libre d'usage — la seule condition posée par le producteur est la citation ; ni inscription, ni restriction de rediffusion"
ED_EDAT_W_NED,Female population age 6 and over with no education,en,Éducation,Educational attainment of the household population,pourcentage,non,47,4,2000 2006 2012 2016,2000,2016,13,oui,SRC-066,"Libre d'usage — la seule condition posée par le producteur est la citation ; ni inscription, ni restriction de rediffusion"
ED_EDAT_W_NUM,Number of female household members age 6 and over,en,Éducation,Educational attainment of the household population,effectif,oui,47,4,2000 2006 2012 2016,2000,2016,13,oui,SRC-066,"Libre d'usage — la seule condition posée par le producteur est la citation ; ni inscription, ni restriction de rediffusion"
ED_EDAT_W_PRI,Female population age 6 and over who attended primary education,en,Éducation,Educational attainment of the household population,pourcentage,non,47,4,2000 2006 2012 2016,2000,2016,13,oui,SRC-066,"Libre d'usage — la seule condition posée par le producteur est la citation ; ni inscription, ni restriction de rediffusion"
ED_EDAT_W_SEC,Female population age 6 and over who attended secondary education,en,Éducation,Educational attainment of the household population,pourcentage,non,47,4,2000 2006 2012 2016,2000,2016,13,oui,SRC-066,"Libre d'usage — la seule condition posée par le producteur est la citation ; ni inscription, ni restriction de rediffusion"
ED_EDAT_W_SPR,Female population age 6 and over with some primary education,en,Éducation,Educational attainment of the household population,pourcentage,non,47,4,2000 2006 2012 2016,2000,2016,13,oui,SRC-066,"Libre d'usage — la seule condition posée par le producteur est la citation ; ni inscription, ni restriction de rediffusion"
ED_EDAT_W_SSC,Female population age 6 and over with some secondary education,en,Éducation,Educational attainment of the household population,pourcentage,non,47,4,2000 2006 2012 2016,2000,2016,13,oui,SRC-066,"Libre d'usage — la seule condition posée par le producteur est la citation ; ni inscription, ni restriction de rediffusion"
ED_EDAT_W_TOT,Female population age 6 and over: Total,en,Éducation,Educational attainment of the household population,pourcentage,non,47,4,2000 2006 2012 2016,2000,2016,13,oui,SRC-066,"Libre d'usage — la seule condition posée par le producteur est la citation ; ni inscription, ni restriction de rediffusion"
ED_EDAT_W_UNW,Number of female household members age 6 and over (unweighted),en,Éducation,Educational attainment of the household population,effectif,oui,47,4,2000 2006 2012 2016,2000,2016,13,oui,SRC-066,"Libre d'usage — la seule condition posée par le producteur est la citation ; ni inscription, ni restriction de rediffusion"
ED_EDUC_M_CPR,Men with completed primary education,en,Éducation,Highest level of schooling,pourcentage,non,47,4,2000 2006 2012 2016,2000,2016,13,oui,SRC-066,"Libre d'usage — la seule condition posée par le producteur est la citation ; ni inscription, ni restriction de rediffusion"
ED_EDUC_M_CSC,Men with completed secondary education,en,Éducation,Highest level of schooling,pourcentage,non,47,4,2000 2006 2012 2016,2000,2016,13,oui,SRC-066,"Libre d'usage — la seule condition posée par le producteur est la citation ; ni inscription, ni restriction de rediffusion"
ED_EDUC_M_HGH,Men with more than secondary education,en,Éducation,Highest level of schooling,pourcentage,non,47,4,2000 2006 2012 2016,2000,2016,13,oui,SRC-066,"Libre d'usage — la seule condition posée par le producteur est la citation ; ni inscription, ni restriction de rediffusion"
ED_EDUC_M_MYR,Median years of education completed [Men],en,Éducation,Highest level of schooling,médiane,non,47,4,2000 2006 2012 2016,2000,2016,13,oui,SRC-066,"Libre d'usage — la seule condition posée par le producteur est la citation ; ni inscription, ni restriction de rediffusion"
ED_EDUC_M_NED,Men with no education,en,Éducation,Highest level of schooling,pourcentage,non,47,4,2000 2006 2012 2016,2000,2016,13,oui,SRC-066,"Libre d'usage — la seule condition posée par le producteur est la citation ; ni inscription, ni restriction de rediffusion"
ED_EDUC_M_NUM,Number of men,en,Éducation,Highest level of schooling,effectif,oui,47,4,2000 2006 2012 2016,2000,2016,13,oui,SRC-066,"Libre d'usage — la seule condition posée par le producteur est la citation ; ni inscription, ni restriction de rediffusion"
ED_EDUC_M_PRI,Men with primary education,en,Éducation,Highest level of schooling,pourcentage,non,47,4,2000 2006 2012 2016,2000,2016,13,oui,SRC-066,"Libre d'usage — la seule condition posée par le producteur est la citation ; ni inscription, ni restriction de rediffusion"
ED_EDUC_M_SEH,Men with secondary or higher education,en,Éducation,Highest level of schooling,pourcentage,non,47,4,2000 2006 2012 2016,2000,2016,13,oui,SRC-066,"Libre d'usage — la seule condition posée par le producteur est la citation ; ni inscription, ni restriction de rediffusion"
ED_EDUC_M_SPR,Men with some primary education,en,Éducation,Highest level of schooling,pourcentage,non,47,4,2000 2006 2012 2016,2000,2016,13,oui,SRC-066,"Libre d'usage — la seule condition posée par le producteur est la citation ; ni inscription, ni restriction de rediffusion"
ED_EDUC_M_SSC,Men with some secondary education,en,Éducation,Highest level of schooling,pourcentage,non,47,4,2000 2006 2012 2016,2000,2016,13,oui,SRC-066,"Libre d'usage — la seule condition posée par le producteur est la citation ; ni inscription, ni restriction de rediffusion"
ED_EDUC_M_TOT,Men's education: Total,en,Éducation,Highest level of schooling,pourcentage,non,47,4,2000 2006 2012 2016,2000,2016,13,oui,SRC-066,"Libre d'usage — la seule condition posée par le producteur est la citation ; ni inscription, ni restriction de rediffusion"
ED_EDUC_M_UNW,Number of men (unweighted),en,Éducation,Highest level of schooling,effectif,oui,47,4,2000 2006 2012 2016,2000,2016,13,oui,SRC-066,"Libre d'usage — la seule condition posée par le producteur est la citation ; ni inscription, ni restriction de rediffusion"
ED_EDUC_W_CPR,Women with completed primary education,en,Éducation,Highest level of schooling,pourcentage,non,47,4,2000 2006 2012 2016,2000,2016,13,oui,SRC-066,"Libre d'usage — la seule condition posée par le producteur est la citation ; ni inscription, ni restriction de rediffusion"
ED_EDUC_W_CSC,Women with completed secondary education,en,Éducation,Highest level of schooling,pourcentage,non,47,4,2000 2006 2012 2016,2000,2016,13,oui,SRC-066,"Libre d'usage — la seule condition posée par le producteur est la citation ; ni inscription, ni restriction de rediffusion"
ED_EDUC_W_HGH,Women with more than secondary education,en,Éducation,Highest level of schooling,pourcentage,non,47,4,2000 2006 2012 2016,2000,2016,13,oui,SRC-066,"Libre d'usage — la seule condition posée par le producteur est la citation ; ni inscription, ni restriction de rediffusion"
ED_EDUC_W_MYR,Median years of education completed [Women],en,Éducation,Highest level of schooling,médiane,non,46,4,2000 2006 2012 2016,2000,2016,13,oui,SRC-066,"Libre d'usage — la seule condition posée par le producteur est la citation ; ni inscription, ni restriction de rediffusion"
ED_EDUC_W_NED,Women with no education,en,Éducation,Highest level of schooling,pourcentage,non,47,4,2000 2006 2012 2016,2000,2016,13,oui,SRC-066,"Libre d'usage — la seule condition posée par le producteur est la citation ; ni inscription, ni restriction de rediffusion"
ED_EDUC_W_NUM,Number of women,en,Éducation,Highest level of schooling,effectif,oui,47,4,2000 2006 2012 2016,2000,2016,13,oui,SRC-066,"Libre d'usage — la seule condition posée par le producteur est la citation ; ni inscription, ni restriction de rediffusion"
ED_EDUC_W_PRI,Women with primary education,en,Éducation,Highest level of schooling,pourcentage,non,47,4,2000 2006 2012 2016,2000,2016,13,oui,SRC-066,"Libre d'usage — la seule condition posée par le producteur est la citation ; ni inscription, ni restriction de rediffusion"
ED_EDUC_W_SEH,Women with secondary or higher education,en,Éducation,Highest level of schooling,pourcentage,non,47,4,2000 2006 2012 2016,2000,2016,13,oui,SRC-066,"Libre d'usage — la seule condition posée par le producteur est la citation ; ni inscription, ni restriction de rediffusion"
ED_EDUC_W_SPR,Women with some primary education,en,Éducation,Highest level of schooling,pourcentage,non,47,4,2000 2006 2012 2016,2000,2016,13,oui,SRC-066,"Libre d'usage — la seule condition posée par le producteur est la citation ; ni inscription, ni restriction de rediffusion"
ED_EDUC_W_SSC,Women with some secondary education,en,Éducation,Highest level of schooling,pourcentage,non,47,4,2000 2006 2012 2016,2000,2016,13,oui,SRC-066,"Libre d'usage — la seule condition posée par le producteur est la citation ; ni inscription, ni restriction de rediffusion"
ED_EDUC_W_TOT,Women: Total,en,Éducation,Highest level of schooling,pourcentage,non,47,4,2000 2006 2012 2016,2000,2016,13,oui,SRC-066,"Libre d'usage — la seule condition posée par le producteur est la citation ; ni inscription, ni restriction de rediffusion"
ED_EDUC_W_UNW,Number of women (unweighted),en,Éducation,Highest level of schooling,effectif,oui,47,4,2000 2006 2012 2016,2000,2016,13,oui,SRC-066,"Libre d'usage — la seule condition posée par le producteur est la citation ; ni inscription, ni restriction de rediffusion"
ED_GARP_B_BTH,Gross primary school attendance rate: Total,en,Éducation,Gross attendance ratio - primary,pourcentage,non,47,4,2000 2006 2012 2016,2000,2016,13,oui,SRC-066,"Libre d'usage — la seule condition posée par le producteur est la citation ; ni inscription, ni restriction de rediffusion"
ED_GARP_B_GPI,Gross parity index for gross primary school attendance,en,Éducation,Gross attendance ratio - primary,rapport,non,47,4,2000 2006 2012 2016,2000,2016,13,oui,SRC-066,"Libre d'usage — la seule condition posée par le producteur est la citation ; ni inscription, ni restriction de rediffusion"
ED_GARP_M_MAL,Gross primary school attendance rate: Male,en,Éducation,Gross attendance ratio - primary,pourcentage,non,47,4,2000 2006 2012 2016,2000,2016,13,oui,SRC-066,"Libre d'usage — la seule condition posée par le producteur est la citation ; ni inscription, ni restriction de rediffusion"
ED_GARP_W_FEM,Gross primary school attendance rate: Female,en,Éducation,Gross attendance ratio - primary,pourcentage,non,47,4,2000 2006 2012 2016,2000,2016,13,oui,SRC-066,"Libre d'usage — la seule condition posée par le producteur est la citation ; ni inscription, ni restriction de rediffusion"
ED_GARS_B_BTH,Gross secondary school attendance rate: Total,en,Éducation,Gross attendance ratio - secondary,pourcentage,non,47,4,2000 2006 2012 2016,2000,2016,13,oui,SRC-066,"Libre d'usage — la seule condition posée par le producteur est la citation ; ni inscription, ni restriction de rediffusion"
ED_GARS_B_GPI,Gross parity index for gross secondary school attendance,en,Éducation,Gross attendance ratio - secondary,rapport,non,47,4,2000 2006 2012 2016,2000,2016,13,oui,SRC-066,"Libre d'usage — la seule condition posée par le producteur est la citation ; ni inscription, ni restriction de rediffusion"
ED_GARS_M_MAL,Gross secondary school attendance rate: Male,en,Éducation,Gross attendance ratio - secondary,pourcentage,non,47,4,2000 2006 2012 2016,2000,2016,13,oui,SRC-066,"Libre d'usage — la seule condition posée par le producteur est la citation ; ni inscription, ni restriction de rediffusion"
ED_GARS_W_FEM,Gross secondary school attendance rate: Female,en,Éducation,Gross attendance ratio - secondary,pourcentage,non,47,4,2000 2006 2012 2016,2000,2016,13,oui,SRC-066,"Libre d'usage — la seule condition posée par le producteur est la citation ; ni inscription, ni restriction de rediffusion"
ED_LITR_M_BLD,Men who are blind/visually impaired,en,Éducation,Literacy,pourcentage,non,37,3,2006 2012 2016,2006,2016,13,oui,SRC-066,"Libre d'usage — la seule condition posée par le producteur est la citation ; ni inscription, ni restriction de rediffusion"
ED_LITR_M_LIT,Men who are literate,en,Éducation,Literacy,pourcentage,non,47,4,2000 2006 2012 2016,2000,2016,13,oui,SRC-066,"Libre d'usage — la seule condition posée par le producteur est la citation ; ni inscription, ni restriction de rediffusion"
ED_LITR_M_MIS,Men with missing information on literacy,en,Éducation,Literacy,pourcentage,non,35,3,2000 2006 2012,2000,2012,13,oui,SRC-066,"Libre d'usage — la seule condition posée par le producteur est la citation ; ni inscription, ni restriction de rediffusion"
ED_LITR_M_NCD,Men for whom no card with required language was available,en,Éducation,Literacy,pourcentage,non,47,4,2000 2006 2012 2016,2000,2016,13,oui,SRC-066,"Libre d'usage — la seule condition posée par le producteur est la citation ; ni inscription, ni restriction de rediffusion"
ED_LITR_M_NRD,Men who cannot read at all,en,Éducation,Literacy,pourcentage,non,47,4,2000 2006 2012 2016,2000,2016,13,oui,SRC-066,"Libre d'usage — la seule condition posée par le producteur est la citation ; ni inscription, ni restriction de rediffusion"
ED_LITR_M_NUM,Number of men,en,Éducation,Literacy,effectif,oui,47,4,2000 2006 2012 2016,2000,2016,13,oui,SRC-066,"Libre d'usage — la seule condition posée par le producteur est la citation ; ni inscription, ni restriction de rediffusion"
ED_LITR_M_RDP,Men who can read part of a sentence,en,Éducation,Literacy,pourcentage,non,47,4,2000 2006 2012 2016,2000,2016,13,oui,SRC-066,"Libre d'usage — la seule condition posée par le producteur est la citation ; ni inscription, ni restriction de rediffusion"
ED_LITR_M_RDW,Men who can read a whole sentence,en,Éducation,Literacy,pourcentage,non,47,4,2000 2006 2012 2016,2000,2016,13,oui,SRC-066,"Libre d'usage — la seule condition posée par le producteur est la citation ; ni inscription, ni restriction de rediffusion"
ED_LITR_M_SCH,Men with secondary or higher education,en,Éducation,Literacy,pourcentage,non,47,4,2000 2006 2012 2016,2000,2016,13,oui,SRC-066,"Libre d'usage — la seule condition posée par le producteur est la citation ; ni inscription, ni restriction de rediffusion"
ED_LITR_M_TOT,Men's literacy: Total,en,Éducation,Literacy,pourcentage,non,47,4,2000 2006 2012 2016,2000,2016,13,oui,SRC-066,"Libre d'usage — la seule condition posée par le producteur est la citation ; ni inscription, ni restriction de rediffusion"
ED_LITR_M_UNW,Number of men (unweighted),en,Éducation,Literacy,effectif,oui,47,4,2000 2006 2012 2016,2000,2016,13,oui,SRC-066,"Libre d'usage — la seule condition posée par le producteur est la citation ; ni inscription, ni restriction de rediffusion"
ED_LITR_W_BLD,Women who are blind/visually impaired,en,Éducation,Literacy,pourcentage,non,37,3,2006 2012 2016,2006,2016,13,oui,SRC-066,"Libre d'usage — la seule condition posée par le producteur est la citation ; ni inscription, ni restriction de rediffusion"
ED_LITR_W_LIT,Women who are literate,en,Éducation,Literacy,pourcentage,non,47,4,2000 2006 2012 2016,2000,2016,13,oui,SRC-066,"Libre d'usage — la seule condition posée par le producteur est la citation ; ni inscription, ni restriction de rediffusion"
ED_LITR_W_MIS,Women with missing information on literacy,en,Éducation,Literacy,pourcentage,non,35,3,2000 2006 2012,2000,2012,13,oui,SRC-066,"Libre d'usage — la seule condition posée par le producteur est la citation ; ni inscription, ni restriction de rediffusion"
ED_LITR_W_NCD,Women for whom no card with required language was available,en,Éducation,Literacy,pourcentage,non,25,2,2012 2016,2012,2016,13,non,SRC-066,"Libre d'usage — la seule condition posée par le producteur est la citation ; ni inscription, ni restriction de rediffusion"
ED_LITR_W_NRD,Women who cannot read at all,en,Éducation,Literacy,pourcentage,non,47,4,2000 2006 2012 2016,2000,2016,13,oui,SRC-066,"Libre d'usage — la seule condition posée par le producteur est la citation ; ni inscription, ni restriction de rediffusion"
ED_LITR_W_NUM,Number of women,en,Éducation,Literacy,effectif,oui,47,4,2000 2006 2012 2016,2000,2016,13,oui,SRC-066,"Libre d'usage — la seule condition posée par le producteur est la citation ; ni inscription, ni restriction de rediffusion"
ED_LITR_W_RDP,Women who can read part of a sentence,en,Éducation,Literacy,pourcentage,non,47,4,2000 2006 2012 2016,2000,2016,13,oui,SRC-066,"Libre d'usage — la seule condition posée par le producteur est la citation ; ni inscription, ni restriction de rediffusion"
ED_LITR_W_RDW,Women who can read a whole sentence,en,Éducation,Literacy,pourcentage,non,47,4,2000 2006 2012 2016,2000,2016,13,oui,SRC-066,"Libre d'usage — la seule condition posée par le producteur est la citation ; ni inscription, ni restriction de rediffusion"
ED_LITR_W_SCH,Women with secondary or higher education,en,Éducation,Literacy,pourcentage,non,47,4,2000 2006 2012 2016,2000,2016,13,oui,SRC-066,"Libre d'usage — la seule condition posée par le producteur est la citation ; ni inscription, ni restriction de rediffusion"
ED_LITR_W_TOT,Women's literacy: Total,en,Éducation,Literacy,pourcentage,non,47,4,2000 2006 2012 2016,2000,2016,13,oui,SRC-066,"Libre d'usage — la seule condition posée par le producteur est la citation ; ni inscription, ni restriction de rediffusion"
ED_LITR_W_UNW,Number of women (unweighted),en,Éducation,Literacy,effectif,oui,47,4,2000 2006 2012 2016,2000,2016,13,oui,SRC-066,"Libre d'usage — la seule condition posée par le producteur est la citation ; ni inscription, ni restriction de rediffusion"
ED_LITY_M_BLD,Young men who are blind/visually impaired,en,Éducation,Literacy - Youth,pourcentage,non,25,2,2012 2016,2012,2016,13,non,SRC-066,"Libre d'usage — la seule condition posée par le producteur est la citation ; ni inscription, ni restriction de rediffusion"
ED_LITY_M_LIT,Young men who are literate,en,Éducation,Literacy - Youth,pourcentage,non,47,4,2000 2006 2012 2016,2000,2016,13,oui,SRC-066,"Libre d'usage — la seule condition posée par le producteur est la citation ; ni inscription, ni restriction de rediffusion"
ED_LITY_M_MIS,Young men with missing information on literacy,en,Éducation,Literacy - Youth,pourcentage,non,35,3,2000 2006 2012,2000,2012,13,oui,SRC-066,"Libre d'usage — la seule condition posée par le producteur est la citation ; ni inscription, ni restriction de rediffusion"
ED_LITY_M_NCD,Young men for whom no card with required language was available,en,Éducation,Literacy - Youth,pourcentage,non,13,1,2012,2012,2012,13,non,SRC-066,"Libre d'usage — la seule condition posée par le producteur est la citation ; ni inscription, ni restriction de rediffusion"
ED_LITY_M_NRD,Young men who cannot read at all,en,Éducation,Literacy - Youth,pourcentage,non,47,4,2000 2006 2012 2016,2000,2016,13,oui,SRC-066,"Libre d'usage — la seule condition posée par le producteur est la citation ; ni inscription, ni restriction de rediffusion"
ED_LITY_M_NUM,Number of young men,en,Éducation,Literacy - Youth,effectif,oui,47,4,2000 2006 2012 2016,2000,2016,13,oui,SRC-066,"Libre d'usage — la seule condition posée par le producteur est la citation ; ni inscription, ni restriction de rediffusion"
ED_LITY_M_RDP,Young men who can read part of a sentence,en,Éducation,Literacy - Youth,pourcentage,non,47,4,2000 2006 2012 2016,2000,2016,13,oui,SRC-066,"Libre d'usage — la seule condition posée par le producteur est la citation ; ni inscription, ni restriction de rediffusion"
ED_LITY_M_RDW,Young men who can read a whole sentence,en,Éducation,Literacy - Youth,pourcentage,non,47,4,2000 2006 2012 2016,2000,2016,13,oui,SRC-066,"Libre d'usage — la seule condition posée par le producteur est la citation ; ni inscription, ni restriction de rediffusion"
ED_LITY_M_SCH,Young men with secondary or higher education,en,Éducation,Literacy - Youth,pourcentage,non,47,4,2000 2006 2012 2016,2000,2016,13,oui,SRC-066,"Libre d'usage — la seule condition posée par le producteur est la citation ; ni inscription, ni restriction de rediffusion"
ED_LITY_M_TOT,Young men's literacy: Total,en,Éducation,Literacy - Youth,pourcentage,non,47,4,2000 2006 2012 2016,2000,2016,13,oui,SRC-066,"Libre d'usage — la seule condition posée par le producteur est la citation ; ni inscription, ni restriction de rediffusion"
ED_LITY_M_UNW,Number of young men (unweighted),en,Éducation,Literacy - Youth,effectif,oui,47,4,2000 2006 2012 2016,2000,2016,13,oui,SRC-066,"Libre d'usage — la seule condition posée par le producteur est la citation ; ni inscription, ni restriction de rediffusion"
ED_LITY_W_BLD,Young women who are blind/visually impaired,en,Éducation,Literacy - Youth,pourcentage,non,37,3,2006 2012 2016,2006,2016,13,oui,SRC-066,"Libre d'usage — la seule condition posée par le producteur est la citation ; ni inscription, ni restriction de rediffusion"
ED_LITY_W_LIT,Young women who are literate,en,Éducation,Literacy - Youth,pourcentage,non,47,4,2000 2006 2012 2016,2000,2016,13,oui,SRC-066,"Libre d'usage — la seule condition posée par le producteur est la citation ; ni inscription, ni restriction de rediffusion"
ED_LITY_W_MIS,Young women with missing information on literacy,en,Éducation,Literacy - Youth,pourcentage,non,35,3,2000 2006 2012,2000,2012,13,oui,SRC-066,"Libre d'usage — la seule condition posée par le producteur est la citation ; ni inscription, ni restriction de rediffusion"
ED_LITY_W_NCD,Young women for whom no card with required language was available,en,Éducation,Literacy - Youth,pourcentage,non,25,2,2012 2016,2012,2016,13,non,SRC-066,"Libre d'usage — la seule condition posée par le producteur est la citation ; ni inscription, ni restriction de rediffusion"
ED_LITY_W_NRD,Young women who cannot read at all,en,Éducation,Literacy - Youth,pourcentage,non,47,4,2000 2006 2012 2016,2000,2016,13,oui,SRC-066,"Libre d'usage — la seule condition posée par le producteur est la citation ; ni inscription, ni restriction de rediffusion"
ED_LITY_W_NUM,Number of young women,en,Éducation,Literacy - Youth,effectif,oui,47,4,2000 2006 2012 2016,2000,2016,13,oui,SRC-066,"Libre d'usage — la seule condition posée par le producteur est la citation ; ni inscription, ni restriction de rediffusion"
ED_LITY_W_RDP,Young women who can read part of a sentence,en,Éducation,Literacy - Youth,pourcentage,non,47,4,2000 2006 2012 2016,2000,2016,13,oui,SRC-066,"Libre d'usage — la seule condition posée par le producteur est la citation ; ni inscription, ni restriction de rediffusion"
ED_LITY_W_RDW,Young women who can read a whole sentence,en,Éducation,Literacy - Youth,pourcentage,non,47,4,2000 2006 2012 2016,2000,2016,13,oui,SRC-066,"Libre d'usage — la seule condition posée par le producteur est la citation ; ni inscription, ni restriction de rediffusion"
ED_LITY_W_SCH,Young women with secondary or higher education,en,Éducation,Literacy - Youth,pourcentage,non,47,4,2000 2006 2012 2016,2000,2016,13,oui,SRC-066,"Libre d'usage — la seule condition posée par le producteur est la citation ; ni inscription, ni restriction de rediffusion"
ED_LITY_W_TOT,Young women's literacy: Total,en,Éducation,Literacy - Youth,pourcentage,non,47,4,2000 2006 2012 2016,2000,2016,13,oui,SRC-066,"Libre d'usage — la seule condition posée par le producteur est la citation ; ni inscription, ni restriction de rediffusion"
ED_LITY_W_UNW,Number of young women (unweighted),en,Éducation,Literacy - Youth,effectif,oui,47,4,2000 2006 2012 2016,2000,2016,13,oui,SRC-066,"Libre d'usage — la seule condition posée par le producteur est la citation ; ni inscription, ni restriction de rediffusion"
ED_MDIA_M_3MD,"Men with access to newspaper, television and radio at least once a week",en,Éducation,Exposure to mass media,pourcentage,non,47,4,2000 2006 2012 2016,2000,2016,13,oui,SRC-066,"Libre d'usage — la seule condition posée par le producteur est la citation ; ni inscription, ni restriction de rediffusion"
ED_MDIA_M_N3M,Men with no access to mass media,en,Éducation,Exposure to mass media,pourcentage,non,47,4,2000 2006 2012 2016,2000,2016,13,oui,SRC-066,"Libre d'usage — la seule condition posée par le producteur est la citation ; ni inscription, ni restriction de rediffusion"
ED_MDIA_M_NUM,Number of men,en,Éducation,Exposure to mass media,effectif,oui,47,4,2000 2006 2012 2016,2000,2016,13,oui,SRC-066,"Libre d'usage — la seule condition posée par le producteur est la citation ; ni inscription, ni restriction de rediffusion"
ED_MDIA_M_NWS,Men who read a newspaper at least once a week,en,Éducation,Exposure to mass media,pourcentage,non,47,4,2000 2006 2012 2016,2000,2016,13,oui,SRC-066,"Libre d'usage — la seule condition posée par le producteur est la citation ; ni inscription, ni restriction de rediffusion"
ED_MDIA_M_RDO,Men who listen to the radio at least once a week,en,Éducation,Exposure to mass media,pourcentage,non,47,4,2000 2006 2012 2016,2000,2016,13,oui,SRC-066,"Libre d'usage — la seule condition posée par le producteur est la citation ; ni inscription, ni restriction de rediffusion"
ED_MDIA_M_TLV,Men who watch television at least once a week,en,Éducation,Exposure to mass media,pourcentage,non,47,4,2000 2006 2012 2016,2000,2016,13,oui,SRC-066,"Libre d'usage — la seule condition posée par le producteur est la citation ; ni inscription, ni restriction de rediffusion"
ED_MDIA_M_UNW,Number of men (unweighted),en,Éducation,Exposure to mass media,effectif,oui,47,4,2000 2006 2012 2016,2000,2016,13,oui,SRC-066,"Libre d'usage — la seule condition posée par le producteur est la citation ; ni inscription, ni restriction de rediffusion"
ED_MDIA_W_3MD,"Women with access to newspaper, television and radio at least once a week",en,Éducation,Exposure to mass media,pourcentage,non,47,4,2000 2006 2012 2016,2000,2016,13,oui,SRC-066,"Libre d'usage — la seule condition posée par le producteur est la citation ; ni inscription, ni restriction de rediffusion"
ED_MDIA_W_N3M,Women with no access to mass media,en,Éducation,Exposure to mass media,pourcentage,non,47,4,2000 2006 2012 2016,2000,2016,13,oui,SRC-066,"Libre d'usage — la seule condition posée par le producteur est la citation ; ni inscription, ni restriction de rediffusion"
ED_MDIA_W_NUM,Number of women,en,Éducation,Exposure to mass media,effectif,oui,47,4,2000 2006 2012 2016,2000,2016,13,oui,SRC-066,"Libre d'usage — la seule condition posée par le producteur est la citation ; ni inscription, ni restriction de rediffusion"
ED_MDIA_W_NWS,Women who read a newspaper at least once a week,en,Éducation,Exposure to mass media,pourcentage,non,47,4,2000 2006 2012 2016,2000,2016,13,oui,SRC-066,"Libre d'usage — la seule condition posée par le producteur est la citation ; ni inscription, ni restriction de rediffusion"
ED_MDIA_W_RDO,Women who listen to the radio at least once a week,en,Éducation,Exposure to mass media,pourcentage,non,47,4,2000 2006 2012 2016,2000,2016,13,oui,SRC-066,"Libre d'usage — la seule condition posée par le producteur est la citation ; ni inscription, ni restriction de rediffusion"
ED_MDIA_W_TLV,Women who watch television at least once a week,en,Éducation,Exposure to mass media,pourcentage,non,47,4,2000 2006 2012 2016,2000,2016,13,oui,SRC-066,"Libre d'usage — la seule condition posée par le producteur est la citation ; ni inscription, ni restriction de rediffusion"
ED_MDIA_W_UNW,Number of women (unweighted),en,Éducation,Exposure to mass media,effectif,oui,47,4,2000 2006 2012 2016,2000,2016,13,oui,SRC-066,"Libre d'usage — la seule condition posée par le producteur est la citation ; ni inscription, ni restriction de rediffusion"
ED_NARP_B_BTH,Net primary school attendance rate: Total,en,Éducation,Net attendance ratio - primary,pourcentage,non,47,4,2000 2006 2012 2016,2000,2016,13,oui,SRC-066,"Libre d'usage — la seule condition posée par le producteur est la citation ; ni inscription, ni restriction de rediffusion"
ED_NARP_B_GPI,Gender parity index for net primary school attendance,en,Éducation,Net attendance ratio - primary,rapport,non,47,4,2000 2006 2012 2016,2000,2016,13,oui,SRC-066,"Libre d'usage — la seule condition posée par le producteur est la citation ; ni inscription, ni restriction de rediffusion"
ED_NARP_M_MAL,Net primary school attendance rate: Male,en,Éducation,Net attendance ratio - primary,pourcentage,non,47,4,2000 2006 2012 2016,2000,2016,13,oui,SRC-066,"Libre d'usage — la seule condition posée par le producteur est la citation ; ni inscription, ni restriction de rediffusion"
ED_NARP_W_FEM,Net primary school attendance rate: Female,en,Éducation,Net attendance ratio - primary,pourcentage,non,47,4,2000 2006 2012 2016,2000,2016,13,oui,SRC-066,"Libre d'usage — la seule condition posée par le producteur est la citation ; ni inscription, ni restriction de rediffusion"
ED_NARS_B_BTH,Net secondary school attendance rate: Total,en,Éducation,Net attendance ratio - secondary,pourcentage,non,47,4,2000 2006 2012 2016,2000,2016,13,oui,SRC-066,"Libre d'usage — la seule condition posée par le producteur est la citation ; ni inscription, ni restriction de rediffusion"
ED_NARS_B_GPI,Gender parity index for net secondary school attendance,en,Éducation,Net attendance ratio - secondary,rapport,non,47,4,2000 2006 2012 2016,2000,2016,13,oui,SRC-066,"Libre d'usage — la seule condition posée par le producteur est la citation ; ni inscription, ni restriction de rediffusion"
ED_NARS_M_MAL,Net secondary school attendance rate: Male,en,Éducation,Net attendance ratio - secondary,pourcentage,non,47,4,2000 2006 2012 2016,2000,2016,13,oui,SRC-066,"Libre d'usage — la seule condition posée par le producteur est la citation ; ni inscription, ni restriction de rediffusion"
ED_NARS_W_FEM,Net secondary school attendance rate: Female,en,Éducation,Net attendance ratio - secondary,pourcentage,non,47,4,2000 2006 2012 2016,2000,2016,13,oui,SRC-066,"Libre d'usage — la seule condition posée par le producteur est la citation ; ni inscription, ni restriction de rediffusion"
ED_SCHA_C_NMA,Number of children with both parents alive and living with at least one parent,en,Éducation,School attendance by survivorship of parents,effectif,oui,47,4,2000 2006 2012 2016,2000,2016,13,oui,SRC-066,"Libre d'usage — la seule condition posée par le producteur est la citation ; ni inscription, ni restriction de rediffusion"
ED_SCHA_C_NMD,Number of children with both parents deceased,en,Éducation,School attendance by survivorship of parents,effectif,oui,1,1,2012,2012,2012,1,non,SRC-066,"Libre d'usage — la seule condition posée par le producteur est la citation ; ni inscription, ni restriction de rediffusion"
ED_SCHA_C_SCA,Current school attendance rate of children aged 10-14 both of whose parents are alive and who live with at least one parent,en,Éducation,School attendance by survivorship of parents,pourcentage,non,47,4,2000 2006 2012 2016,2000,2016,13,oui,SRC-066,"Libre d'usage — la seule condition posée par le producteur est la citation ; ni inscription, ni restriction de rediffusion"
ED_SCHA_C_SCD,Current school attendance rate of orphans aged 10-14,en,Éducation,School attendance by survivorship of parents,pourcentage,non,1,1,2012,2012,2012,1,non,SRC-066,"Libre d'usage — la seule condition posée par le producteur est la citation ; ni inscription, ni restriction de rediffusion"
ED_SCHA_C_SCR,"Ratio of orphans to non-orphans who are in school - mother, father or both dead",en,Éducation,School attendance by survivorship of parents,rapport,non,47,4,2000 2006 2012 2016,2000,2016,13,oui,SRC-066,"Libre d'usage — la seule condition posée par le producteur est la citation ; ni inscription, ni restriction de rediffusion"
ED_SCHA_C_UNA,Number of children with both parents alive and living with at least one parent (unweighted),en,Éducation,School attendance by survivorship of parents,effectif,oui,47,4,2000 2006 2012 2016,2000,2016,13,oui,SRC-066,"Libre d'usage — la seule condition posée par le producteur est la citation ; ni inscription, ni restriction de rediffusion"
ED_SCHA_C_UND,Number of children with both parents deceased (unweighted),en,Éducation,School attendance by survivorship of parents,effectif,oui,47,4,2000 2006 2012 2016,2000,2016,13,oui,SRC-066,"Libre d'usage — la seule condition posée par le producteur est la citation ; ni inscription, ni restriction de rediffusion"
