pcode_commune,atmart_geo_id,nom_commune,region_ipc,composition_declaree,mois_reference,indice,variation_mensuelle_pct,variation_annuelle_pct,base,source_id,source,limite_connue,date_extraction
HT0111,HTC-0111,Port-au-Prince,Aire Metropolitaine,"Port-au-Prince, Delmas, Pétionville, Carrefour, Tabarre, Cité Soleil et Croix des Bouquets",Juin 26,628.4,1.1,19.8,100 en 2017-2018,SRC-052,"IHSI — Indice des prix à la consommation, ventilation régionale ; rattachement aux communes par Atmart","INDICE RÉGIONAL PORTÉ SUR LES COMMUNES, PAS UN INDICE COMMUNAL. Toutes les communes d'une même région portent le même chiffre : l'IHSI ne publie pas plus fin. Il serait faux d'en conclure qu'une commune est plus chère qu'une autre à l'intérieur d'une région. Les prix ne sont relevés QU'EN ZONE URBAINE, alors que les pondérations couvrent villes et campagnes — l'IHSI le dit dans sa méthodologie. Les pondérations viennent de l'enquête ECVMAS de 2011-2012 et n'ont pas été actualisées depuis, pour un indice base 2017-2018. Le découpage en cinq régions ne recoupe PAS les dix départements : « Reste Ouest » réunit l'Ouest hors métropole et le Sud-Est.",2026-08-21
HT0112,HTC-0112,Delmas,Aire Metropolitaine,"Port-au-Prince, Delmas, Pétionville, Carrefour, Tabarre, Cité Soleil et Croix des Bouquets",Juin 26,628.4,1.1,19.8,100 en 2017-2018,SRC-052,"IHSI — Indice des prix à la consommation, ventilation régionale ; rattachement aux communes par Atmart","INDICE RÉGIONAL PORTÉ SUR LES COMMUNES, PAS UN INDICE COMMUNAL. Toutes les communes d'une même région portent le même chiffre : l'IHSI ne publie pas plus fin. Il serait faux d'en conclure qu'une commune est plus chère qu'une autre à l'intérieur d'une région. Les prix ne sont relevés QU'EN ZONE URBAINE, alors que les pondérations couvrent villes et campagnes — l'IHSI le dit dans sa méthodologie. Les pondérations viennent de l'enquête ECVMAS de 2011-2012 et n'ont pas été actualisées depuis, pour un indice base 2017-2018. Le découpage en cinq régions ne recoupe PAS les dix départements : « Reste Ouest » réunit l'Ouest hors métropole et le Sud-Est.",2026-08-21
HT0113,HTC-0113,Carrefour,Aire Metropolitaine,"Port-au-Prince, Delmas, Pétionville, Carrefour, Tabarre, Cité Soleil et Croix des Bouquets",Juin 26,628.4,1.1,19.8,100 en 2017-2018,SRC-052,"IHSI — Indice des prix à la consommation, ventilation régionale ; rattachement aux communes par Atmart","INDICE RÉGIONAL PORTÉ SUR LES COMMUNES, PAS UN INDICE COMMUNAL. Toutes les communes d'une même région portent le même chiffre : l'IHSI ne publie pas plus fin. Il serait faux d'en conclure qu'une commune est plus chère qu'une autre à l'intérieur d'une région. Les prix ne sont relevés QU'EN ZONE URBAINE, alors que les pondérations couvrent villes et campagnes — l'IHSI le dit dans sa méthodologie. Les pondérations viennent de l'enquête ECVMAS de 2011-2012 et n'ont pas été actualisées depuis, pour un indice base 2017-2018. Le découpage en cinq régions ne recoupe PAS les dix départements : « Reste Ouest » réunit l'Ouest hors métropole et le Sud-Est.",2026-08-21
HT0114,HTC-0114,Pétion-Ville,Aire Metropolitaine,"Port-au-Prince, Delmas, Pétionville, Carrefour, Tabarre, Cité Soleil et Croix des Bouquets",Juin 26,628.4,1.1,19.8,100 en 2017-2018,SRC-052,"IHSI — Indice des prix à la consommation, ventilation régionale ; rattachement aux communes par Atmart","INDICE RÉGIONAL PORTÉ SUR LES COMMUNES, PAS UN INDICE COMMUNAL. Toutes les communes d'une même région portent le même chiffre : l'IHSI ne publie pas plus fin. Il serait faux d'en conclure qu'une commune est plus chère qu'une autre à l'intérieur d'une région. Les prix ne sont relevés QU'EN ZONE URBAINE, alors que les pondérations couvrent villes et campagnes — l'IHSI le dit dans sa méthodologie. Les pondérations viennent de l'enquête ECVMAS de 2011-2012 et n'ont pas été actualisées depuis, pour un indice base 2017-2018. Le découpage en cinq régions ne recoupe PAS les dix départements : « Reste Ouest » réunit l'Ouest hors métropole et le Sud-Est.",2026-08-21
HT0115,HTC-0115,Kenscoff,Reste Ouest,Départements du Sud-Est et de l'Ouest sans l'Aire Métropolitaine de P-au-P,Juin 26,654.6,1.0,19.4,100 en 2017-2018,SRC-052,"IHSI — Indice des prix à la consommation, ventilation régionale ; rattachement aux communes par Atmart","INDICE RÉGIONAL PORTÉ SUR LES COMMUNES, PAS UN INDICE COMMUNAL. Toutes les communes d'une même région portent le même chiffre : l'IHSI ne publie pas plus fin. Il serait faux d'en conclure qu'une commune est plus chère qu'une autre à l'intérieur d'une région. Les prix ne sont relevés QU'EN ZONE URBAINE, alors que les pondérations couvrent villes et campagnes — l'IHSI le dit dans sa méthodologie. Les pondérations viennent de l'enquête ECVMAS de 2011-2012 et n'ont pas été actualisées depuis, pour un indice base 2017-2018. Le découpage en cinq régions ne recoupe PAS les dix départements : « Reste Ouest » réunit l'Ouest hors métropole et le Sud-Est.",2026-08-21
HT0116,HTC-0116,Gressier,Reste Ouest,Départements du Sud-Est et de l'Ouest sans l'Aire Métropolitaine de P-au-P,Juin 26,654.6,1.0,19.4,100 en 2017-2018,SRC-052,"IHSI — Indice des prix à la consommation, ventilation régionale ; rattachement aux communes par Atmart","INDICE RÉGIONAL PORTÉ SUR LES COMMUNES, PAS UN INDICE COMMUNAL. Toutes les communes d'une même région portent le même chiffre : l'IHSI ne publie pas plus fin. Il serait faux d'en conclure qu'une commune est plus chère qu'une autre à l'intérieur d'une région. Les prix ne sont relevés QU'EN ZONE URBAINE, alors que les pondérations couvrent villes et campagnes — l'IHSI le dit dans sa méthodologie. Les pondérations viennent de l'enquête ECVMAS de 2011-2012 et n'ont pas été actualisées depuis, pour un indice base 2017-2018. Le découpage en cinq régions ne recoupe PAS les dix départements : « Reste Ouest » réunit l'Ouest hors métropole et le Sud-Est.",2026-08-21
HT0117,HTC-0117,Cité Soleil,Aire Metropolitaine,"Port-au-Prince, Delmas, Pétionville, Carrefour, Tabarre, Cité Soleil et Croix des Bouquets",Juin 26,628.4,1.1,19.8,100 en 2017-2018,SRC-052,"IHSI — Indice des prix à la consommation, ventilation régionale ; rattachement aux communes par Atmart","INDICE RÉGIONAL PORTÉ SUR LES COMMUNES, PAS UN INDICE COMMUNAL. Toutes les communes d'une même région portent le même chiffre : l'IHSI ne publie pas plus fin. Il serait faux d'en conclure qu'une commune est plus chère qu'une autre à l'intérieur d'une région. Les prix ne sont relevés QU'EN ZONE URBAINE, alors que les pondérations couvrent villes et campagnes — l'IHSI le dit dans sa méthodologie. Les pondérations viennent de l'enquête ECVMAS de 2011-2012 et n'ont pas été actualisées depuis, pour un indice base 2017-2018. Le découpage en cinq régions ne recoupe PAS les dix départements : « Reste Ouest » réunit l'Ouest hors métropole et le Sud-Est.",2026-08-21
HT0118,HTC-0118,Tabarre,Aire Metropolitaine,"Port-au-Prince, Delmas, Pétionville, Carrefour, Tabarre, Cité Soleil et Croix des Bouquets",Juin 26,628.4,1.1,19.8,100 en 2017-2018,SRC-052,"IHSI — Indice des prix à la consommation, ventilation régionale ; rattachement aux communes par Atmart","INDICE RÉGIONAL PORTÉ SUR LES COMMUNES, PAS UN INDICE COMMUNAL. Toutes les communes d'une même région portent le même chiffre : l'IHSI ne publie pas plus fin. Il serait faux d'en conclure qu'une commune est plus chère qu'une autre à l'intérieur d'une région. Les prix ne sont relevés QU'EN ZONE URBAINE, alors que les pondérations couvrent villes et campagnes — l'IHSI le dit dans sa méthodologie. Les pondérations viennent de l'enquête ECVMAS de 2011-2012 et n'ont pas été actualisées depuis, pour un indice base 2017-2018. Le découpage en cinq régions ne recoupe PAS les dix départements : « Reste Ouest » réunit l'Ouest hors métropole et le Sud-Est.",2026-08-21
HT0121,HTC-0121,Léogâne,Reste Ouest,Départements du Sud-Est et de l'Ouest sans l'Aire Métropolitaine de P-au-P,Juin 26,654.6,1.0,19.4,100 en 2017-2018,SRC-052,"IHSI — Indice des prix à la consommation, ventilation régionale ; rattachement aux communes par Atmart","INDICE RÉGIONAL PORTÉ SUR LES COMMUNES, PAS UN INDICE COMMUNAL. Toutes les communes d'une même région portent le même chiffre : l'IHSI ne publie pas plus fin. Il serait faux d'en conclure qu'une commune est plus chère qu'une autre à l'intérieur d'une région. Les prix ne sont relevés QU'EN ZONE URBAINE, alors que les pondérations couvrent villes et campagnes — l'IHSI le dit dans sa méthodologie. Les pondérations viennent de l'enquête ECVMAS de 2011-2012 et n'ont pas été actualisées depuis, pour un indice base 2017-2018. Le découpage en cinq régions ne recoupe PAS les dix départements : « Reste Ouest » réunit l'Ouest hors métropole et le Sud-Est.",2026-08-21
HT0122,HTC-0122,Petit-Goâve,Reste Ouest,Départements du Sud-Est et de l'Ouest sans l'Aire Métropolitaine de P-au-P,Juin 26,654.6,1.0,19.4,100 en 2017-2018,SRC-052,"IHSI — Indice des prix à la consommation, ventilation régionale ; rattachement aux communes par Atmart","INDICE RÉGIONAL PORTÉ SUR LES COMMUNES, PAS UN INDICE COMMUNAL. Toutes les communes d'une même région portent le même chiffre : l'IHSI ne publie pas plus fin. Il serait faux d'en conclure qu'une commune est plus chère qu'une autre à l'intérieur d'une région. Les prix ne sont relevés QU'EN ZONE URBAINE, alors que les pondérations couvrent villes et campagnes — l'IHSI le dit dans sa méthodologie. Les pondérations viennent de l'enquête ECVMAS de 2011-2012 et n'ont pas été actualisées depuis, pour un indice base 2017-2018. Le découpage en cinq régions ne recoupe PAS les dix départements : « Reste Ouest » réunit l'Ouest hors métropole et le Sud-Est.",2026-08-21
HT0123,HTC-0123,Grand-Goâve,Reste Ouest,Départements du Sud-Est et de l'Ouest sans l'Aire Métropolitaine de P-au-P,Juin 26,654.6,1.0,19.4,100 en 2017-2018,SRC-052,"IHSI — Indice des prix à la consommation, ventilation régionale ; rattachement aux communes par Atmart","INDICE RÉGIONAL PORTÉ SUR LES COMMUNES, PAS UN INDICE COMMUNAL. Toutes les communes d'une même région portent le même chiffre : l'IHSI ne publie pas plus fin. Il serait faux d'en conclure qu'une commune est plus chère qu'une autre à l'intérieur d'une région. Les prix ne sont relevés QU'EN ZONE URBAINE, alors que les pondérations couvrent villes et campagnes — l'IHSI le dit dans sa méthodologie. Les pondérations viennent de l'enquête ECVMAS de 2011-2012 et n'ont pas été actualisées depuis, pour un indice base 2017-2018. Le découpage en cinq régions ne recoupe PAS les dix départements : « Reste Ouest » réunit l'Ouest hors métropole et le Sud-Est.",2026-08-21
HT0131,HTC-0131,Croix-Des-Bouquets,Aire Metropolitaine,"Port-au-Prince, Delmas, Pétionville, Carrefour, Tabarre, Cité Soleil et Croix des Bouquets",Juin 26,628.4,1.1,19.8,100 en 2017-2018,SRC-052,"IHSI — Indice des prix à la consommation, ventilation régionale ; rattachement aux communes par Atmart","INDICE RÉGIONAL PORTÉ SUR LES COMMUNES, PAS UN INDICE COMMUNAL. Toutes les communes d'une même région portent le même chiffre : l'IHSI ne publie pas plus fin. Il serait faux d'en conclure qu'une commune est plus chère qu'une autre à l'intérieur d'une région. Les prix ne sont relevés QU'EN ZONE URBAINE, alors que les pondérations couvrent villes et campagnes — l'IHSI le dit dans sa méthodologie. Les pondérations viennent de l'enquête ECVMAS de 2011-2012 et n'ont pas été actualisées depuis, pour un indice base 2017-2018. Le découpage en cinq régions ne recoupe PAS les dix départements : « Reste Ouest » réunit l'Ouest hors métropole et le Sud-Est.",2026-08-21
HT0132,HTC-0132,Thomazeau,Reste Ouest,Départements du Sud-Est et de l'Ouest sans l'Aire Métropolitaine de P-au-P,Juin 26,654.6,1.0,19.4,100 en 2017-2018,SRC-052,"IHSI — Indice des prix à la consommation, ventilation régionale ; rattachement aux communes par Atmart","INDICE RÉGIONAL PORTÉ SUR LES COMMUNES, PAS UN INDICE COMMUNAL. Toutes les communes d'une même région portent le même chiffre : l'IHSI ne publie pas plus fin. Il serait faux d'en conclure qu'une commune est plus chère qu'une autre à l'intérieur d'une région. Les prix ne sont relevés QU'EN ZONE URBAINE, alors que les pondérations couvrent villes et campagnes — l'IHSI le dit dans sa méthodologie. Les pondérations viennent de l'enquête ECVMAS de 2011-2012 et n'ont pas été actualisées depuis, pour un indice base 2017-2018. Le découpage en cinq régions ne recoupe PAS les dix départements : « Reste Ouest » réunit l'Ouest hors métropole et le Sud-Est.",2026-08-21
HT0133,HTC-0133,Ganthier,Reste Ouest,Départements du Sud-Est et de l'Ouest sans l'Aire Métropolitaine de P-au-P,Juin 26,654.6,1.0,19.4,100 en 2017-2018,SRC-052,"IHSI — Indice des prix à la consommation, ventilation régionale ; rattachement aux communes par Atmart","INDICE RÉGIONAL PORTÉ SUR LES COMMUNES, PAS UN INDICE COMMUNAL. Toutes les communes d'une même région portent le même chiffre : l'IHSI ne publie pas plus fin. Il serait faux d'en conclure qu'une commune est plus chère qu'une autre à l'intérieur d'une région. Les prix ne sont relevés QU'EN ZONE URBAINE, alors que les pondérations couvrent villes et campagnes — l'IHSI le dit dans sa méthodologie. Les pondérations viennent de l'enquête ECVMAS de 2011-2012 et n'ont pas été actualisées depuis, pour un indice base 2017-2018. Le découpage en cinq régions ne recoupe PAS les dix départements : « Reste Ouest » réunit l'Ouest hors métropole et le Sud-Est.",2026-08-21
HT0134,HTC-0134,Cornillon / Grand Bois,Reste Ouest,Départements du Sud-Est et de l'Ouest sans l'Aire Métropolitaine de P-au-P,Juin 26,654.6,1.0,19.4,100 en 2017-2018,SRC-052,"IHSI — Indice des prix à la consommation, ventilation régionale ; rattachement aux communes par Atmart","INDICE RÉGIONAL PORTÉ SUR LES COMMUNES, PAS UN INDICE COMMUNAL. Toutes les communes d'une même région portent le même chiffre : l'IHSI ne publie pas plus fin. Il serait faux d'en conclure qu'une commune est plus chère qu'une autre à l'intérieur d'une région. Les prix ne sont relevés QU'EN ZONE URBAINE, alors que les pondérations couvrent villes et campagnes — l'IHSI le dit dans sa méthodologie. Les pondérations viennent de l'enquête ECVMAS de 2011-2012 et n'ont pas été actualisées depuis, pour un indice base 2017-2018. Le découpage en cinq régions ne recoupe PAS les dix départements : « Reste Ouest » réunit l'Ouest hors métropole et le Sud-Est.",2026-08-21
HT0135,HTC-0135,Fonds-Verrettes,Reste Ouest,Départements du Sud-Est et de l'Ouest sans l'Aire Métropolitaine de P-au-P,Juin 26,654.6,1.0,19.4,100 en 2017-2018,SRC-052,"IHSI — Indice des prix à la consommation, ventilation régionale ; rattachement aux communes par Atmart","INDICE RÉGIONAL PORTÉ SUR LES COMMUNES, PAS UN INDICE COMMUNAL. Toutes les communes d'une même région portent le même chiffre : l'IHSI ne publie pas plus fin. Il serait faux d'en conclure qu'une commune est plus chère qu'une autre à l'intérieur d'une région. Les prix ne sont relevés QU'EN ZONE URBAINE, alors que les pondérations couvrent villes et campagnes — l'IHSI le dit dans sa méthodologie. Les pondérations viennent de l'enquête ECVMAS de 2011-2012 et n'ont pas été actualisées depuis, pour un indice base 2017-2018. Le découpage en cinq régions ne recoupe PAS les dix départements : « Reste Ouest » réunit l'Ouest hors métropole et le Sud-Est.",2026-08-21
HT0141,HTC-0141,Arcahaie,Reste Ouest,Départements du Sud-Est et de l'Ouest sans l'Aire Métropolitaine de P-au-P,Juin 26,654.6,1.0,19.4,100 en 2017-2018,SRC-052,"IHSI — Indice des prix à la consommation, ventilation régionale ; rattachement aux communes par Atmart","INDICE RÉGIONAL PORTÉ SUR LES COMMUNES, PAS UN INDICE COMMUNAL. Toutes les communes d'une même région portent le même chiffre : l'IHSI ne publie pas plus fin. Il serait faux d'en conclure qu'une commune est plus chère qu'une autre à l'intérieur d'une région. Les prix ne sont relevés QU'EN ZONE URBAINE, alors que les pondérations couvrent villes et campagnes — l'IHSI le dit dans sa méthodologie. Les pondérations viennent de l'enquête ECVMAS de 2011-2012 et n'ont pas été actualisées depuis, pour un indice base 2017-2018. Le découpage en cinq régions ne recoupe PAS les dix départements : « Reste Ouest » réunit l'Ouest hors métropole et le Sud-Est.",2026-08-21
HT0142,HTC-0142,Cabaret,Reste Ouest,Départements du Sud-Est et de l'Ouest sans l'Aire Métropolitaine de P-au-P,Juin 26,654.6,1.0,19.4,100 en 2017-2018,SRC-052,"IHSI — Indice des prix à la consommation, ventilation régionale ; rattachement aux communes par Atmart","INDICE RÉGIONAL PORTÉ SUR LES COMMUNES, PAS UN INDICE COMMUNAL. Toutes les communes d'une même région portent le même chiffre : l'IHSI ne publie pas plus fin. Il serait faux d'en conclure qu'une commune est plus chère qu'une autre à l'intérieur d'une région. Les prix ne sont relevés QU'EN ZONE URBAINE, alors que les pondérations couvrent villes et campagnes — l'IHSI le dit dans sa méthodologie. Les pondérations viennent de l'enquête ECVMAS de 2011-2012 et n'ont pas été actualisées depuis, pour un indice base 2017-2018. Le découpage en cinq régions ne recoupe PAS les dix départements : « Reste Ouest » réunit l'Ouest hors métropole et le Sud-Est.",2026-08-21
HT0151,HTC-0151,Anse à Galets,Reste Ouest,Départements du Sud-Est et de l'Ouest sans l'Aire Métropolitaine de P-au-P,Juin 26,654.6,1.0,19.4,100 en 2017-2018,SRC-052,"IHSI — Indice des prix à la consommation, ventilation régionale ; rattachement aux communes par Atmart","INDICE RÉGIONAL PORTÉ SUR LES COMMUNES, PAS UN INDICE COMMUNAL. Toutes les communes d'une même région portent le même chiffre : l'IHSI ne publie pas plus fin. Il serait faux d'en conclure qu'une commune est plus chère qu'une autre à l'intérieur d'une région. Les prix ne sont relevés QU'EN ZONE URBAINE, alors que les pondérations couvrent villes et campagnes — l'IHSI le dit dans sa méthodologie. Les pondérations viennent de l'enquête ECVMAS de 2011-2012 et n'ont pas été actualisées depuis, pour un indice base 2017-2018. Le découpage en cinq régions ne recoupe PAS les dix départements : « Reste Ouest » réunit l'Ouest hors métropole et le Sud-Est.",2026-08-21
HT0152,HTC-0152,Pointe à Raquette,Reste Ouest,Départements du Sud-Est et de l'Ouest sans l'Aire Métropolitaine de P-au-P,Juin 26,654.6,1.0,19.4,100 en 2017-2018,SRC-052,"IHSI — Indice des prix à la consommation, ventilation régionale ; rattachement aux communes par Atmart","INDICE RÉGIONAL PORTÉ SUR LES COMMUNES, PAS UN INDICE COMMUNAL. Toutes les communes d'une même région portent le même chiffre : l'IHSI ne publie pas plus fin. Il serait faux d'en conclure qu'une commune est plus chère qu'une autre à l'intérieur d'une région. Les prix ne sont relevés QU'EN ZONE URBAINE, alors que les pondérations couvrent villes et campagnes — l'IHSI le dit dans sa méthodologie. Les pondérations viennent de l'enquête ECVMAS de 2011-2012 et n'ont pas été actualisées depuis, pour un indice base 2017-2018. Le découpage en cinq régions ne recoupe PAS les dix départements : « Reste Ouest » réunit l'Ouest hors métropole et le Sud-Est.",2026-08-21
HT0211,HTC-0211,Jacmel,Reste Ouest,Départements du Sud-Est et de l'Ouest sans l'Aire Métropolitaine de P-au-P,Juin 26,654.6,1.0,19.4,100 en 2017-2018,SRC-052,"IHSI — Indice des prix à la consommation, ventilation régionale ; rattachement aux communes par Atmart","INDICE RÉGIONAL PORTÉ SUR LES COMMUNES, PAS UN INDICE COMMUNAL. Toutes les communes d'une même région portent le même chiffre : l'IHSI ne publie pas plus fin. Il serait faux d'en conclure qu'une commune est plus chère qu'une autre à l'intérieur d'une région. Les prix ne sont relevés QU'EN ZONE URBAINE, alors que les pondérations couvrent villes et campagnes — l'IHSI le dit dans sa méthodologie. Les pondérations viennent de l'enquête ECVMAS de 2011-2012 et n'ont pas été actualisées depuis, pour un indice base 2017-2018. Le découpage en cinq régions ne recoupe PAS les dix départements : « Reste Ouest » réunit l'Ouest hors métropole et le Sud-Est.",2026-08-21
HT0212,HTC-0212,Marigot,Reste Ouest,Départements du Sud-Est et de l'Ouest sans l'Aire Métropolitaine de P-au-P,Juin 26,654.6,1.0,19.4,100 en 2017-2018,SRC-052,"IHSI — Indice des prix à la consommation, ventilation régionale ; rattachement aux communes par Atmart","INDICE RÉGIONAL PORTÉ SUR LES COMMUNES, PAS UN INDICE COMMUNAL. Toutes les communes d'une même région portent le même chiffre : l'IHSI ne publie pas plus fin. Il serait faux d'en conclure qu'une commune est plus chère qu'une autre à l'intérieur d'une région. Les prix ne sont relevés QU'EN ZONE URBAINE, alors que les pondérations couvrent villes et campagnes — l'IHSI le dit dans sa méthodologie. Les pondérations viennent de l'enquête ECVMAS de 2011-2012 et n'ont pas été actualisées depuis, pour un indice base 2017-2018. Le découpage en cinq régions ne recoupe PAS les dix départements : « Reste Ouest » réunit l'Ouest hors métropole et le Sud-Est.",2026-08-21
HT0213,HTC-0213,Cayes-Jacmel,Reste Ouest,Départements du Sud-Est et de l'Ouest sans l'Aire Métropolitaine de P-au-P,Juin 26,654.6,1.0,19.4,100 en 2017-2018,SRC-052,"IHSI — Indice des prix à la consommation, ventilation régionale ; rattachement aux communes par Atmart","INDICE RÉGIONAL PORTÉ SUR LES COMMUNES, PAS UN INDICE COMMUNAL. Toutes les communes d'une même région portent le même chiffre : l'IHSI ne publie pas plus fin. Il serait faux d'en conclure qu'une commune est plus chère qu'une autre à l'intérieur d'une région. Les prix ne sont relevés QU'EN ZONE URBAINE, alors que les pondérations couvrent villes et campagnes — l'IHSI le dit dans sa méthodologie. Les pondérations viennent de l'enquête ECVMAS de 2011-2012 et n'ont pas été actualisées depuis, pour un indice base 2017-2018. Le découpage en cinq régions ne recoupe PAS les dix départements : « Reste Ouest » réunit l'Ouest hors métropole et le Sud-Est.",2026-08-21
HT0214,HTC-0214,La Vallée,Reste Ouest,Départements du Sud-Est et de l'Ouest sans l'Aire Métropolitaine de P-au-P,Juin 26,654.6,1.0,19.4,100 en 2017-2018,SRC-052,"IHSI — Indice des prix à la consommation, ventilation régionale ; rattachement aux communes par Atmart","INDICE RÉGIONAL PORTÉ SUR LES COMMUNES, PAS UN INDICE COMMUNAL. Toutes les communes d'une même région portent le même chiffre : l'IHSI ne publie pas plus fin. Il serait faux d'en conclure qu'une commune est plus chère qu'une autre à l'intérieur d'une région. Les prix ne sont relevés QU'EN ZONE URBAINE, alors que les pondérations couvrent villes et campagnes — l'IHSI le dit dans sa méthodologie. Les pondérations viennent de l'enquête ECVMAS de 2011-2012 et n'ont pas été actualisées depuis, pour un indice base 2017-2018. Le découpage en cinq régions ne recoupe PAS les dix départements : « Reste Ouest » réunit l'Ouest hors métropole et le Sud-Est.",2026-08-21
HT0221,HTC-0221,Bainet,Reste Ouest,Départements du Sud-Est et de l'Ouest sans l'Aire Métropolitaine de P-au-P,Juin 26,654.6,1.0,19.4,100 en 2017-2018,SRC-052,"IHSI — Indice des prix à la consommation, ventilation régionale ; rattachement aux communes par Atmart","INDICE RÉGIONAL PORTÉ SUR LES COMMUNES, PAS UN INDICE COMMUNAL. Toutes les communes d'une même région portent le même chiffre : l'IHSI ne publie pas plus fin. Il serait faux d'en conclure qu'une commune est plus chère qu'une autre à l'intérieur d'une région. Les prix ne sont relevés QU'EN ZONE URBAINE, alors que les pondérations couvrent villes et campagnes — l'IHSI le dit dans sa méthodologie. Les pondérations viennent de l'enquête ECVMAS de 2011-2012 et n'ont pas été actualisées depuis, pour un indice base 2017-2018. Le découpage en cinq régions ne recoupe PAS les dix départements : « Reste Ouest » réunit l'Ouest hors métropole et le Sud-Est.",2026-08-21
HT0222,HTC-0222,Côtes de Fer,Reste Ouest,Départements du Sud-Est et de l'Ouest sans l'Aire Métropolitaine de P-au-P,Juin 26,654.6,1.0,19.4,100 en 2017-2018,SRC-052,"IHSI — Indice des prix à la consommation, ventilation régionale ; rattachement aux communes par Atmart","INDICE RÉGIONAL PORTÉ SUR LES COMMUNES, PAS UN INDICE COMMUNAL. Toutes les communes d'une même région portent le même chiffre : l'IHSI ne publie pas plus fin. Il serait faux d'en conclure qu'une commune est plus chère qu'une autre à l'intérieur d'une région. Les prix ne sont relevés QU'EN ZONE URBAINE, alors que les pondérations couvrent villes et campagnes — l'IHSI le dit dans sa méthodologie. Les pondérations viennent de l'enquête ECVMAS de 2011-2012 et n'ont pas été actualisées depuis, pour un indice base 2017-2018. Le découpage en cinq régions ne recoupe PAS les dix départements : « Reste Ouest » réunit l'Ouest hors métropole et le Sud-Est.",2026-08-21
HT0231,HTC-0231,Belle-Anse,Reste Ouest,Départements du Sud-Est et de l'Ouest sans l'Aire Métropolitaine de P-au-P,Juin 26,654.6,1.0,19.4,100 en 2017-2018,SRC-052,"IHSI — Indice des prix à la consommation, ventilation régionale ; rattachement aux communes par Atmart","INDICE RÉGIONAL PORTÉ SUR LES COMMUNES, PAS UN INDICE COMMUNAL. Toutes les communes d'une même région portent le même chiffre : l'IHSI ne publie pas plus fin. Il serait faux d'en conclure qu'une commune est plus chère qu'une autre à l'intérieur d'une région. Les prix ne sont relevés QU'EN ZONE URBAINE, alors que les pondérations couvrent villes et campagnes — l'IHSI le dit dans sa méthodologie. Les pondérations viennent de l'enquête ECVMAS de 2011-2012 et n'ont pas été actualisées depuis, pour un indice base 2017-2018. Le découpage en cinq régions ne recoupe PAS les dix départements : « Reste Ouest » réunit l'Ouest hors métropole et le Sud-Est.",2026-08-21
HT0232,HTC-0232,Grand Gosier,Reste Ouest,Départements du Sud-Est et de l'Ouest sans l'Aire Métropolitaine de P-au-P,Juin 26,654.6,1.0,19.4,100 en 2017-2018,SRC-052,"IHSI — Indice des prix à la consommation, ventilation régionale ; rattachement aux communes par Atmart","INDICE RÉGIONAL PORTÉ SUR LES COMMUNES, PAS UN INDICE COMMUNAL. Toutes les communes d'une même région portent le même chiffre : l'IHSI ne publie pas plus fin. Il serait faux d'en conclure qu'une commune est plus chère qu'une autre à l'intérieur d'une région. Les prix ne sont relevés QU'EN ZONE URBAINE, alors que les pondérations couvrent villes et campagnes — l'IHSI le dit dans sa méthodologie. Les pondérations viennent de l'enquête ECVMAS de 2011-2012 et n'ont pas été actualisées depuis, pour un indice base 2017-2018. Le découpage en cinq régions ne recoupe PAS les dix départements : « Reste Ouest » réunit l'Ouest hors métropole et le Sud-Est.",2026-08-21
HT0233,HTC-0233,Thiotte,Reste Ouest,Départements du Sud-Est et de l'Ouest sans l'Aire Métropolitaine de P-au-P,Juin 26,654.6,1.0,19.4,100 en 2017-2018,SRC-052,"IHSI — Indice des prix à la consommation, ventilation régionale ; rattachement aux communes par Atmart","INDICE RÉGIONAL PORTÉ SUR LES COMMUNES, PAS UN INDICE COMMUNAL. Toutes les communes d'une même région portent le même chiffre : l'IHSI ne publie pas plus fin. Il serait faux d'en conclure qu'une commune est plus chère qu'une autre à l'intérieur d'une région. Les prix ne sont relevés QU'EN ZONE URBAINE, alors que les pondérations couvrent villes et campagnes — l'IHSI le dit dans sa méthodologie. Les pondérations viennent de l'enquête ECVMAS de 2011-2012 et n'ont pas été actualisées depuis, pour un indice base 2017-2018. Le découpage en cinq régions ne recoupe PAS les dix départements : « Reste Ouest » réunit l'Ouest hors métropole et le Sud-Est.",2026-08-21
HT0234,HTC-0234,Anse-à-Pître,Reste Ouest,Départements du Sud-Est et de l'Ouest sans l'Aire Métropolitaine de P-au-P,Juin 26,654.6,1.0,19.4,100 en 2017-2018,SRC-052,"IHSI — Indice des prix à la consommation, ventilation régionale ; rattachement aux communes par Atmart","INDICE RÉGIONAL PORTÉ SUR LES COMMUNES, PAS UN INDICE COMMUNAL. Toutes les communes d'une même région portent le même chiffre : l'IHSI ne publie pas plus fin. Il serait faux d'en conclure qu'une commune est plus chère qu'une autre à l'intérieur d'une région. Les prix ne sont relevés QU'EN ZONE URBAINE, alors que les pondérations couvrent villes et campagnes — l'IHSI le dit dans sa méthodologie. Les pondérations viennent de l'enquête ECVMAS de 2011-2012 et n'ont pas été actualisées depuis, pour un indice base 2017-2018. Le découpage en cinq régions ne recoupe PAS les dix départements : « Reste Ouest » réunit l'Ouest hors métropole et le Sud-Est.",2026-08-21
HT0311,HTC-0311,Cap-Haïtien,Nord,"Départements du Nord, du Nord-Est et du Nord-Ouest",Juin 26,577.1,0.9,16.9,100 en 2017-2018,SRC-052,"IHSI — Indice des prix à la consommation, ventilation régionale ; rattachement aux communes par Atmart","INDICE RÉGIONAL PORTÉ SUR LES COMMUNES, PAS UN INDICE COMMUNAL. Toutes les communes d'une même région portent le même chiffre : l'IHSI ne publie pas plus fin. Il serait faux d'en conclure qu'une commune est plus chère qu'une autre à l'intérieur d'une région. Les prix ne sont relevés QU'EN ZONE URBAINE, alors que les pondérations couvrent villes et campagnes — l'IHSI le dit dans sa méthodologie. Les pondérations viennent de l'enquête ECVMAS de 2011-2012 et n'ont pas été actualisées depuis, pour un indice base 2017-2018. Le découpage en cinq régions ne recoupe PAS les dix départements : « Reste Ouest » réunit l'Ouest hors métropole et le Sud-Est.",2026-08-21
HT0312,HTC-0312,Quartier Morin,Nord,"Départements du Nord, du Nord-Est et du Nord-Ouest",Juin 26,577.1,0.9,16.9,100 en 2017-2018,SRC-052,"IHSI — Indice des prix à la consommation, ventilation régionale ; rattachement aux communes par Atmart","INDICE RÉGIONAL PORTÉ SUR LES COMMUNES, PAS UN INDICE COMMUNAL. Toutes les communes d'une même région portent le même chiffre : l'IHSI ne publie pas plus fin. Il serait faux d'en conclure qu'une commune est plus chère qu'une autre à l'intérieur d'une région. Les prix ne sont relevés QU'EN ZONE URBAINE, alors que les pondérations couvrent villes et campagnes — l'IHSI le dit dans sa méthodologie. Les pondérations viennent de l'enquête ECVMAS de 2011-2012 et n'ont pas été actualisées depuis, pour un indice base 2017-2018. Le découpage en cinq régions ne recoupe PAS les dix départements : « Reste Ouest » réunit l'Ouest hors métropole et le Sud-Est.",2026-08-21
HT0313,HTC-0313,Limonade,Nord,"Départements du Nord, du Nord-Est et du Nord-Ouest",Juin 26,577.1,0.9,16.9,100 en 2017-2018,SRC-052,"IHSI — Indice des prix à la consommation, ventilation régionale ; rattachement aux communes par Atmart","INDICE RÉGIONAL PORTÉ SUR LES COMMUNES, PAS UN INDICE COMMUNAL. Toutes les communes d'une même région portent le même chiffre : l'IHSI ne publie pas plus fin. Il serait faux d'en conclure qu'une commune est plus chère qu'une autre à l'intérieur d'une région. Les prix ne sont relevés QU'EN ZONE URBAINE, alors que les pondérations couvrent villes et campagnes — l'IHSI le dit dans sa méthodologie. Les pondérations viennent de l'enquête ECVMAS de 2011-2012 et n'ont pas été actualisées depuis, pour un indice base 2017-2018. Le découpage en cinq régions ne recoupe PAS les dix départements : « Reste Ouest » réunit l'Ouest hors métropole et le Sud-Est.",2026-08-21
HT0321,HTC-0321,Acul du Nord,Nord,"Départements du Nord, du Nord-Est et du Nord-Ouest",Juin 26,577.1,0.9,16.9,100 en 2017-2018,SRC-052,"IHSI — Indice des prix à la consommation, ventilation régionale ; rattachement aux communes par Atmart","INDICE RÉGIONAL PORTÉ SUR LES COMMUNES, PAS UN INDICE COMMUNAL. Toutes les communes d'une même région portent le même chiffre : l'IHSI ne publie pas plus fin. Il serait faux d'en conclure qu'une commune est plus chère qu'une autre à l'intérieur d'une région. Les prix ne sont relevés QU'EN ZONE URBAINE, alors que les pondérations couvrent villes et campagnes — l'IHSI le dit dans sa méthodologie. Les pondérations viennent de l'enquête ECVMAS de 2011-2012 et n'ont pas été actualisées depuis, pour un indice base 2017-2018. Le découpage en cinq régions ne recoupe PAS les dix départements : « Reste Ouest » réunit l'Ouest hors métropole et le Sud-Est.",2026-08-21
HT0322,HTC-0322,Plaine du Nord,Nord,"Départements du Nord, du Nord-Est et du Nord-Ouest",Juin 26,577.1,0.9,16.9,100 en 2017-2018,SRC-052,"IHSI — Indice des prix à la consommation, ventilation régionale ; rattachement aux communes par Atmart","INDICE RÉGIONAL PORTÉ SUR LES COMMUNES, PAS UN INDICE COMMUNAL. Toutes les communes d'une même région portent le même chiffre : l'IHSI ne publie pas plus fin. Il serait faux d'en conclure qu'une commune est plus chère qu'une autre à l'intérieur d'une région. Les prix ne sont relevés QU'EN ZONE URBAINE, alors que les pondérations couvrent villes et campagnes — l'IHSI le dit dans sa méthodologie. Les pondérations viennent de l'enquête ECVMAS de 2011-2012 et n'ont pas été actualisées depuis, pour un indice base 2017-2018. Le découpage en cinq régions ne recoupe PAS les dix départements : « Reste Ouest » réunit l'Ouest hors métropole et le Sud-Est.",2026-08-21
HT0323,HTC-0323,Milot,Nord,"Départements du Nord, du Nord-Est et du Nord-Ouest",Juin 26,577.1,0.9,16.9,100 en 2017-2018,SRC-052,"IHSI — Indice des prix à la consommation, ventilation régionale ; rattachement aux communes par Atmart","INDICE RÉGIONAL PORTÉ SUR LES COMMUNES, PAS UN INDICE COMMUNAL. Toutes les communes d'une même région portent le même chiffre : l'IHSI ne publie pas plus fin. Il serait faux d'en conclure qu'une commune est plus chère qu'une autre à l'intérieur d'une région. Les prix ne sont relevés QU'EN ZONE URBAINE, alors que les pondérations couvrent villes et campagnes — l'IHSI le dit dans sa méthodologie. Les pondérations viennent de l'enquête ECVMAS de 2011-2012 et n'ont pas été actualisées depuis, pour un indice base 2017-2018. Le découpage en cinq régions ne recoupe PAS les dix départements : « Reste Ouest » réunit l'Ouest hors métropole et le Sud-Est.",2026-08-21
HT0331,HTC-0331,Grande Rivière Du Nord,Nord,"Départements du Nord, du Nord-Est et du Nord-Ouest",Juin 26,577.1,0.9,16.9,100 en 2017-2018,SRC-052,"IHSI — Indice des prix à la consommation, ventilation régionale ; rattachement aux communes par Atmart","INDICE RÉGIONAL PORTÉ SUR LES COMMUNES, PAS UN INDICE COMMUNAL. Toutes les communes d'une même région portent le même chiffre : l'IHSI ne publie pas plus fin. Il serait faux d'en conclure qu'une commune est plus chère qu'une autre à l'intérieur d'une région. Les prix ne sont relevés QU'EN ZONE URBAINE, alors que les pondérations couvrent villes et campagnes — l'IHSI le dit dans sa méthodologie. Les pondérations viennent de l'enquête ECVMAS de 2011-2012 et n'ont pas été actualisées depuis, pour un indice base 2017-2018. Le découpage en cinq régions ne recoupe PAS les dix départements : « Reste Ouest » réunit l'Ouest hors métropole et le Sud-Est.",2026-08-21
HT0332,HTC-0332,Bahon,Nord,"Départements du Nord, du Nord-Est et du Nord-Ouest",Juin 26,577.1,0.9,16.9,100 en 2017-2018,SRC-052,"IHSI — Indice des prix à la consommation, ventilation régionale ; rattachement aux communes par Atmart","INDICE RÉGIONAL PORTÉ SUR LES COMMUNES, PAS UN INDICE COMMUNAL. Toutes les communes d'une même région portent le même chiffre : l'IHSI ne publie pas plus fin. Il serait faux d'en conclure qu'une commune est plus chère qu'une autre à l'intérieur d'une région. Les prix ne sont relevés QU'EN ZONE URBAINE, alors que les pondérations couvrent villes et campagnes — l'IHSI le dit dans sa méthodologie. Les pondérations viennent de l'enquête ECVMAS de 2011-2012 et n'ont pas été actualisées depuis, pour un indice base 2017-2018. Le découpage en cinq régions ne recoupe PAS les dix départements : « Reste Ouest » réunit l'Ouest hors métropole et le Sud-Est.",2026-08-21
HT0341,HTC-0341,Saint-Raphaël,Nord,"Départements du Nord, du Nord-Est et du Nord-Ouest",Juin 26,577.1,0.9,16.9,100 en 2017-2018,SRC-052,"IHSI — Indice des prix à la consommation, ventilation régionale ; rattachement aux communes par Atmart","INDICE RÉGIONAL PORTÉ SUR LES COMMUNES, PAS UN INDICE COMMUNAL. Toutes les communes d'une même région portent le même chiffre : l'IHSI ne publie pas plus fin. Il serait faux d'en conclure qu'une commune est plus chère qu'une autre à l'intérieur d'une région. Les prix ne sont relevés QU'EN ZONE URBAINE, alors que les pondérations couvrent villes et campagnes — l'IHSI le dit dans sa méthodologie. Les pondérations viennent de l'enquête ECVMAS de 2011-2012 et n'ont pas été actualisées depuis, pour un indice base 2017-2018. Le découpage en cinq régions ne recoupe PAS les dix départements : « Reste Ouest » réunit l'Ouest hors métropole et le Sud-Est.",2026-08-21
HT0342,HTC-0342,Dondon,Nord,"Départements du Nord, du Nord-Est et du Nord-Ouest",Juin 26,577.1,0.9,16.9,100 en 2017-2018,SRC-052,"IHSI — Indice des prix à la consommation, ventilation régionale ; rattachement aux communes par Atmart","INDICE RÉGIONAL PORTÉ SUR LES COMMUNES, PAS UN INDICE COMMUNAL. Toutes les communes d'une même région portent le même chiffre : l'IHSI ne publie pas plus fin. Il serait faux d'en conclure qu'une commune est plus chère qu'une autre à l'intérieur d'une région. Les prix ne sont relevés QU'EN ZONE URBAINE, alors que les pondérations couvrent villes et campagnes — l'IHSI le dit dans sa méthodologie. Les pondérations viennent de l'enquête ECVMAS de 2011-2012 et n'ont pas été actualisées depuis, pour un indice base 2017-2018. Le découpage en cinq régions ne recoupe PAS les dix départements : « Reste Ouest » réunit l'Ouest hors métropole et le Sud-Est.",2026-08-21
HT0343,HTC-0343,Ranquitte,Nord,"Départements du Nord, du Nord-Est et du Nord-Ouest",Juin 26,577.1,0.9,16.9,100 en 2017-2018,SRC-052,"IHSI — Indice des prix à la consommation, ventilation régionale ; rattachement aux communes par Atmart","INDICE RÉGIONAL PORTÉ SUR LES COMMUNES, PAS UN INDICE COMMUNAL. Toutes les communes d'une même région portent le même chiffre : l'IHSI ne publie pas plus fin. Il serait faux d'en conclure qu'une commune est plus chère qu'une autre à l'intérieur d'une région. Les prix ne sont relevés QU'EN ZONE URBAINE, alors que les pondérations couvrent villes et campagnes — l'IHSI le dit dans sa méthodologie. Les pondérations viennent de l'enquête ECVMAS de 2011-2012 et n'ont pas été actualisées depuis, pour un indice base 2017-2018. Le découpage en cinq régions ne recoupe PAS les dix départements : « Reste Ouest » réunit l'Ouest hors métropole et le Sud-Est.",2026-08-21
HT0344,HTC-0344,Pignon,Nord,"Départements du Nord, du Nord-Est et du Nord-Ouest",Juin 26,577.1,0.9,16.9,100 en 2017-2018,SRC-052,"IHSI — Indice des prix à la consommation, ventilation régionale ; rattachement aux communes par Atmart","INDICE RÉGIONAL PORTÉ SUR LES COMMUNES, PAS UN INDICE COMMUNAL. Toutes les communes d'une même région portent le même chiffre : l'IHSI ne publie pas plus fin. Il serait faux d'en conclure qu'une commune est plus chère qu'une autre à l'intérieur d'une région. Les prix ne sont relevés QU'EN ZONE URBAINE, alors que les pondérations couvrent villes et campagnes — l'IHSI le dit dans sa méthodologie. Les pondérations viennent de l'enquête ECVMAS de 2011-2012 et n'ont pas été actualisées depuis, pour un indice base 2017-2018. Le découpage en cinq régions ne recoupe PAS les dix départements : « Reste Ouest » réunit l'Ouest hors métropole et le Sud-Est.",2026-08-21
HT0345,HTC-0345,La Victoire,Nord,"Départements du Nord, du Nord-Est et du Nord-Ouest",Juin 26,577.1,0.9,16.9,100 en 2017-2018,SRC-052,"IHSI — Indice des prix à la consommation, ventilation régionale ; rattachement aux communes par Atmart","INDICE RÉGIONAL PORTÉ SUR LES COMMUNES, PAS UN INDICE COMMUNAL. Toutes les communes d'une même région portent le même chiffre : l'IHSI ne publie pas plus fin. Il serait faux d'en conclure qu'une commune est plus chère qu'une autre à l'intérieur d'une région. Les prix ne sont relevés QU'EN ZONE URBAINE, alors que les pondérations couvrent villes et campagnes — l'IHSI le dit dans sa méthodologie. Les pondérations viennent de l'enquête ECVMAS de 2011-2012 et n'ont pas été actualisées depuis, pour un indice base 2017-2018. Le découpage en cinq régions ne recoupe PAS les dix départements : « Reste Ouest » réunit l'Ouest hors métropole et le Sud-Est.",2026-08-21
HT0351,HTC-0351,Borgne,Nord,"Départements du Nord, du Nord-Est et du Nord-Ouest",Juin 26,577.1,0.9,16.9,100 en 2017-2018,SRC-052,"IHSI — Indice des prix à la consommation, ventilation régionale ; rattachement aux communes par Atmart","INDICE RÉGIONAL PORTÉ SUR LES COMMUNES, PAS UN INDICE COMMUNAL. Toutes les communes d'une même région portent le même chiffre : l'IHSI ne publie pas plus fin. Il serait faux d'en conclure qu'une commune est plus chère qu'une autre à l'intérieur d'une région. Les prix ne sont relevés QU'EN ZONE URBAINE, alors que les pondérations couvrent villes et campagnes — l'IHSI le dit dans sa méthodologie. Les pondérations viennent de l'enquête ECVMAS de 2011-2012 et n'ont pas été actualisées depuis, pour un indice base 2017-2018. Le découpage en cinq régions ne recoupe PAS les dix départements : « Reste Ouest » réunit l'Ouest hors métropole et le Sud-Est.",2026-08-21
HT0352,HTC-0352,Port-Margot,Nord,"Départements du Nord, du Nord-Est et du Nord-Ouest",Juin 26,577.1,0.9,16.9,100 en 2017-2018,SRC-052,"IHSI — Indice des prix à la consommation, ventilation régionale ; rattachement aux communes par Atmart","INDICE RÉGIONAL PORTÉ SUR LES COMMUNES, PAS UN INDICE COMMUNAL. Toutes les communes d'une même région portent le même chiffre : l'IHSI ne publie pas plus fin. Il serait faux d'en conclure qu'une commune est plus chère qu'une autre à l'intérieur d'une région. Les prix ne sont relevés QU'EN ZONE URBAINE, alors que les pondérations couvrent villes et campagnes — l'IHSI le dit dans sa méthodologie. Les pondérations viennent de l'enquête ECVMAS de 2011-2012 et n'ont pas été actualisées depuis, pour un indice base 2017-2018. Le découpage en cinq régions ne recoupe PAS les dix départements : « Reste Ouest » réunit l'Ouest hors métropole et le Sud-Est.",2026-08-21
HT0361,HTC-0361,Limbé,Nord,"Départements du Nord, du Nord-Est et du Nord-Ouest",Juin 26,577.1,0.9,16.9,100 en 2017-2018,SRC-052,"IHSI — Indice des prix à la consommation, ventilation régionale ; rattachement aux communes par Atmart","INDICE RÉGIONAL PORTÉ SUR LES COMMUNES, PAS UN INDICE COMMUNAL. Toutes les communes d'une même région portent le même chiffre : l'IHSI ne publie pas plus fin. Il serait faux d'en conclure qu'une commune est plus chère qu'une autre à l'intérieur d'une région. Les prix ne sont relevés QU'EN ZONE URBAINE, alors que les pondérations couvrent villes et campagnes — l'IHSI le dit dans sa méthodologie. Les pondérations viennent de l'enquête ECVMAS de 2011-2012 et n'ont pas été actualisées depuis, pour un indice base 2017-2018. Le découpage en cinq régions ne recoupe PAS les dix départements : « Reste Ouest » réunit l'Ouest hors métropole et le Sud-Est.",2026-08-21
HT0362,HTC-0362,Bas Limbé,Nord,"Départements du Nord, du Nord-Est et du Nord-Ouest",Juin 26,577.1,0.9,16.9,100 en 2017-2018,SRC-052,"IHSI — Indice des prix à la consommation, ventilation régionale ; rattachement aux communes par Atmart","INDICE RÉGIONAL PORTÉ SUR LES COMMUNES, PAS UN INDICE COMMUNAL. Toutes les communes d'une même région portent le même chiffre : l'IHSI ne publie pas plus fin. Il serait faux d'en conclure qu'une commune est plus chère qu'une autre à l'intérieur d'une région. Les prix ne sont relevés QU'EN ZONE URBAINE, alors que les pondérations couvrent villes et campagnes — l'IHSI le dit dans sa méthodologie. Les pondérations viennent de l'enquête ECVMAS de 2011-2012 et n'ont pas été actualisées depuis, pour un indice base 2017-2018. Le découpage en cinq régions ne recoupe PAS les dix départements : « Reste Ouest » réunit l'Ouest hors métropole et le Sud-Est.",2026-08-21
HT0371,HTC-0371,Plaisance,Nord,"Départements du Nord, du Nord-Est et du Nord-Ouest",Juin 26,577.1,0.9,16.9,100 en 2017-2018,SRC-052,"IHSI — Indice des prix à la consommation, ventilation régionale ; rattachement aux communes par Atmart","INDICE RÉGIONAL PORTÉ SUR LES COMMUNES, PAS UN INDICE COMMUNAL. Toutes les communes d'une même région portent le même chiffre : l'IHSI ne publie pas plus fin. Il serait faux d'en conclure qu'une commune est plus chère qu'une autre à l'intérieur d'une région. Les prix ne sont relevés QU'EN ZONE URBAINE, alors que les pondérations couvrent villes et campagnes — l'IHSI le dit dans sa méthodologie. Les pondérations viennent de l'enquête ECVMAS de 2011-2012 et n'ont pas été actualisées depuis, pour un indice base 2017-2018. Le découpage en cinq régions ne recoupe PAS les dix départements : « Reste Ouest » réunit l'Ouest hors métropole et le Sud-Est.",2026-08-21
HT0372,HTC-0372,Pilate,Nord,"Départements du Nord, du Nord-Est et du Nord-Ouest",Juin 26,577.1,0.9,16.9,100 en 2017-2018,SRC-052,"IHSI — Indice des prix à la consommation, ventilation régionale ; rattachement aux communes par Atmart","INDICE RÉGIONAL PORTÉ SUR LES COMMUNES, PAS UN INDICE COMMUNAL. Toutes les communes d'une même région portent le même chiffre : l'IHSI ne publie pas plus fin. Il serait faux d'en conclure qu'une commune est plus chère qu'une autre à l'intérieur d'une région. Les prix ne sont relevés QU'EN ZONE URBAINE, alors que les pondérations couvrent villes et campagnes — l'IHSI le dit dans sa méthodologie. Les pondérations viennent de l'enquête ECVMAS de 2011-2012 et n'ont pas été actualisées depuis, pour un indice base 2017-2018. Le découpage en cinq régions ne recoupe PAS les dix départements : « Reste Ouest » réunit l'Ouest hors métropole et le Sud-Est.",2026-08-21
HT0411,HTC-0411,Fort-Liberté,Nord,"Départements du Nord, du Nord-Est et du Nord-Ouest",Juin 26,577.1,0.9,16.9,100 en 2017-2018,SRC-052,"IHSI — Indice des prix à la consommation, ventilation régionale ; rattachement aux communes par Atmart","INDICE RÉGIONAL PORTÉ SUR LES COMMUNES, PAS UN INDICE COMMUNAL. Toutes les communes d'une même région portent le même chiffre : l'IHSI ne publie pas plus fin. Il serait faux d'en conclure qu'une commune est plus chère qu'une autre à l'intérieur d'une région. Les prix ne sont relevés QU'EN ZONE URBAINE, alors que les pondérations couvrent villes et campagnes — l'IHSI le dit dans sa méthodologie. Les pondérations viennent de l'enquête ECVMAS de 2011-2012 et n'ont pas été actualisées depuis, pour un indice base 2017-2018. Le découpage en cinq régions ne recoupe PAS les dix départements : « Reste Ouest » réunit l'Ouest hors métropole et le Sud-Est.",2026-08-21
HT0412,HTC-0412,Ferrier,Nord,"Départements du Nord, du Nord-Est et du Nord-Ouest",Juin 26,577.1,0.9,16.9,100 en 2017-2018,SRC-052,"IHSI — Indice des prix à la consommation, ventilation régionale ; rattachement aux communes par Atmart","INDICE RÉGIONAL PORTÉ SUR LES COMMUNES, PAS UN INDICE COMMUNAL. Toutes les communes d'une même région portent le même chiffre : l'IHSI ne publie pas plus fin. Il serait faux d'en conclure qu'une commune est plus chère qu'une autre à l'intérieur d'une région. Les prix ne sont relevés QU'EN ZONE URBAINE, alors que les pondérations couvrent villes et campagnes — l'IHSI le dit dans sa méthodologie. Les pondérations viennent de l'enquête ECVMAS de 2011-2012 et n'ont pas été actualisées depuis, pour un indice base 2017-2018. Le découpage en cinq régions ne recoupe PAS les dix départements : « Reste Ouest » réunit l'Ouest hors métropole et le Sud-Est.",2026-08-21
HT0413,HTC-0413,Perches,Nord,"Départements du Nord, du Nord-Est et du Nord-Ouest",Juin 26,577.1,0.9,16.9,100 en 2017-2018,SRC-052,"IHSI — Indice des prix à la consommation, ventilation régionale ; rattachement aux communes par Atmart","INDICE RÉGIONAL PORTÉ SUR LES COMMUNES, PAS UN INDICE COMMUNAL. Toutes les communes d'une même région portent le même chiffre : l'IHSI ne publie pas plus fin. Il serait faux d'en conclure qu'une commune est plus chère qu'une autre à l'intérieur d'une région. Les prix ne sont relevés QU'EN ZONE URBAINE, alors que les pondérations couvrent villes et campagnes — l'IHSI le dit dans sa méthodologie. Les pondérations viennent de l'enquête ECVMAS de 2011-2012 et n'ont pas été actualisées depuis, pour un indice base 2017-2018. Le découpage en cinq régions ne recoupe PAS les dix départements : « Reste Ouest » réunit l'Ouest hors métropole et le Sud-Est.",2026-08-21
HT0421,HTC-0421,Ouanaminthe,Nord,"Départements du Nord, du Nord-Est et du Nord-Ouest",Juin 26,577.1,0.9,16.9,100 en 2017-2018,SRC-052,"IHSI — Indice des prix à la consommation, ventilation régionale ; rattachement aux communes par Atmart","INDICE RÉGIONAL PORTÉ SUR LES COMMUNES, PAS UN INDICE COMMUNAL. Toutes les communes d'une même région portent le même chiffre : l'IHSI ne publie pas plus fin. Il serait faux d'en conclure qu'une commune est plus chère qu'une autre à l'intérieur d'une région. Les prix ne sont relevés QU'EN ZONE URBAINE, alors que les pondérations couvrent villes et campagnes — l'IHSI le dit dans sa méthodologie. Les pondérations viennent de l'enquête ECVMAS de 2011-2012 et n'ont pas été actualisées depuis, pour un indice base 2017-2018. Le découpage en cinq régions ne recoupe PAS les dix départements : « Reste Ouest » réunit l'Ouest hors métropole et le Sud-Est.",2026-08-21
HT0422,HTC-0422,Capotille,Nord,"Départements du Nord, du Nord-Est et du Nord-Ouest",Juin 26,577.1,0.9,16.9,100 en 2017-2018,SRC-052,"IHSI — Indice des prix à la consommation, ventilation régionale ; rattachement aux communes par Atmart","INDICE RÉGIONAL PORTÉ SUR LES COMMUNES, PAS UN INDICE COMMUNAL. Toutes les communes d'une même région portent le même chiffre : l'IHSI ne publie pas plus fin. Il serait faux d'en conclure qu'une commune est plus chère qu'une autre à l'intérieur d'une région. Les prix ne sont relevés QU'EN ZONE URBAINE, alors que les pondérations couvrent villes et campagnes — l'IHSI le dit dans sa méthodologie. Les pondérations viennent de l'enquête ECVMAS de 2011-2012 et n'ont pas été actualisées depuis, pour un indice base 2017-2018. Le découpage en cinq régions ne recoupe PAS les dix départements : « Reste Ouest » réunit l'Ouest hors métropole et le Sud-Est.",2026-08-21
HT0423,HTC-0423,Mont-Organisé,Nord,"Départements du Nord, du Nord-Est et du Nord-Ouest",Juin 26,577.1,0.9,16.9,100 en 2017-2018,SRC-052,"IHSI — Indice des prix à la consommation, ventilation régionale ; rattachement aux communes par Atmart","INDICE RÉGIONAL PORTÉ SUR LES COMMUNES, PAS UN INDICE COMMUNAL. Toutes les communes d'une même région portent le même chiffre : l'IHSI ne publie pas plus fin. Il serait faux d'en conclure qu'une commune est plus chère qu'une autre à l'intérieur d'une région. Les prix ne sont relevés QU'EN ZONE URBAINE, alors que les pondérations couvrent villes et campagnes — l'IHSI le dit dans sa méthodologie. Les pondérations viennent de l'enquête ECVMAS de 2011-2012 et n'ont pas été actualisées depuis, pour un indice base 2017-2018. Le découpage en cinq régions ne recoupe PAS les dix départements : « Reste Ouest » réunit l'Ouest hors métropole et le Sud-Est.",2026-08-21
HT0431,HTC-0431,Trou du Nord,Nord,"Départements du Nord, du Nord-Est et du Nord-Ouest",Juin 26,577.1,0.9,16.9,100 en 2017-2018,SRC-052,"IHSI — Indice des prix à la consommation, ventilation régionale ; rattachement aux communes par Atmart","INDICE RÉGIONAL PORTÉ SUR LES COMMUNES, PAS UN INDICE COMMUNAL. Toutes les communes d'une même région portent le même chiffre : l'IHSI ne publie pas plus fin. Il serait faux d'en conclure qu'une commune est plus chère qu'une autre à l'intérieur d'une région. Les prix ne sont relevés QU'EN ZONE URBAINE, alors que les pondérations couvrent villes et campagnes — l'IHSI le dit dans sa méthodologie. Les pondérations viennent de l'enquête ECVMAS de 2011-2012 et n'ont pas été actualisées depuis, pour un indice base 2017-2018. Le découpage en cinq régions ne recoupe PAS les dix départements : « Reste Ouest » réunit l'Ouest hors métropole et le Sud-Est.",2026-08-21
HT0432,HTC-0432,Sainte Suzanne,Nord,"Départements du Nord, du Nord-Est et du Nord-Ouest",Juin 26,577.1,0.9,16.9,100 en 2017-2018,SRC-052,"IHSI — Indice des prix à la consommation, ventilation régionale ; rattachement aux communes par Atmart","INDICE RÉGIONAL PORTÉ SUR LES COMMUNES, PAS UN INDICE COMMUNAL. Toutes les communes d'une même région portent le même chiffre : l'IHSI ne publie pas plus fin. Il serait faux d'en conclure qu'une commune est plus chère qu'une autre à l'intérieur d'une région. Les prix ne sont relevés QU'EN ZONE URBAINE, alors que les pondérations couvrent villes et campagnes — l'IHSI le dit dans sa méthodologie. Les pondérations viennent de l'enquête ECVMAS de 2011-2012 et n'ont pas été actualisées depuis, pour un indice base 2017-2018. Le découpage en cinq régions ne recoupe PAS les dix départements : « Reste Ouest » réunit l'Ouest hors métropole et le Sud-Est.",2026-08-21
HT0433,HTC-0433,Terrier Rouge,Nord,"Départements du Nord, du Nord-Est et du Nord-Ouest",Juin 26,577.1,0.9,16.9,100 en 2017-2018,SRC-052,"IHSI — Indice des prix à la consommation, ventilation régionale ; rattachement aux communes par Atmart","INDICE RÉGIONAL PORTÉ SUR LES COMMUNES, PAS UN INDICE COMMUNAL. Toutes les communes d'une même région portent le même chiffre : l'IHSI ne publie pas plus fin. Il serait faux d'en conclure qu'une commune est plus chère qu'une autre à l'intérieur d'une région. Les prix ne sont relevés QU'EN ZONE URBAINE, alors que les pondérations couvrent villes et campagnes — l'IHSI le dit dans sa méthodologie. Les pondérations viennent de l'enquête ECVMAS de 2011-2012 et n'ont pas été actualisées depuis, pour un indice base 2017-2018. Le découpage en cinq régions ne recoupe PAS les dix départements : « Reste Ouest » réunit l'Ouest hors métropole et le Sud-Est.",2026-08-21
HT0434,HTC-0434,Caracol,Nord,"Départements du Nord, du Nord-Est et du Nord-Ouest",Juin 26,577.1,0.9,16.9,100 en 2017-2018,SRC-052,"IHSI — Indice des prix à la consommation, ventilation régionale ; rattachement aux communes par Atmart","INDICE RÉGIONAL PORTÉ SUR LES COMMUNES, PAS UN INDICE COMMUNAL. Toutes les communes d'une même région portent le même chiffre : l'IHSI ne publie pas plus fin. Il serait faux d'en conclure qu'une commune est plus chère qu'une autre à l'intérieur d'une région. Les prix ne sont relevés QU'EN ZONE URBAINE, alors que les pondérations couvrent villes et campagnes — l'IHSI le dit dans sa méthodologie. Les pondérations viennent de l'enquête ECVMAS de 2011-2012 et n'ont pas été actualisées depuis, pour un indice base 2017-2018. Le découpage en cinq régions ne recoupe PAS les dix départements : « Reste Ouest » réunit l'Ouest hors métropole et le Sud-Est.",2026-08-21
HT0441,HTC-0441,Vallières,Nord,"Départements du Nord, du Nord-Est et du Nord-Ouest",Juin 26,577.1,0.9,16.9,100 en 2017-2018,SRC-052,"IHSI — Indice des prix à la consommation, ventilation régionale ; rattachement aux communes par Atmart","INDICE RÉGIONAL PORTÉ SUR LES COMMUNES, PAS UN INDICE COMMUNAL. Toutes les communes d'une même région portent le même chiffre : l'IHSI ne publie pas plus fin. Il serait faux d'en conclure qu'une commune est plus chère qu'une autre à l'intérieur d'une région. Les prix ne sont relevés QU'EN ZONE URBAINE, alors que les pondérations couvrent villes et campagnes — l'IHSI le dit dans sa méthodologie. Les pondérations viennent de l'enquête ECVMAS de 2011-2012 et n'ont pas été actualisées depuis, pour un indice base 2017-2018. Le découpage en cinq régions ne recoupe PAS les dix départements : « Reste Ouest » réunit l'Ouest hors métropole et le Sud-Est.",2026-08-21
HT0442,HTC-0442,Carice,Nord,"Départements du Nord, du Nord-Est et du Nord-Ouest",Juin 26,577.1,0.9,16.9,100 en 2017-2018,SRC-052,"IHSI — Indice des prix à la consommation, ventilation régionale ; rattachement aux communes par Atmart","INDICE RÉGIONAL PORTÉ SUR LES COMMUNES, PAS UN INDICE COMMUNAL. Toutes les communes d'une même région portent le même chiffre : l'IHSI ne publie pas plus fin. Il serait faux d'en conclure qu'une commune est plus chère qu'une autre à l'intérieur d'une région. Les prix ne sont relevés QU'EN ZONE URBAINE, alors que les pondérations couvrent villes et campagnes — l'IHSI le dit dans sa méthodologie. Les pondérations viennent de l'enquête ECVMAS de 2011-2012 et n'ont pas été actualisées depuis, pour un indice base 2017-2018. Le découpage en cinq régions ne recoupe PAS les dix départements : « Reste Ouest » réunit l'Ouest hors métropole et le Sud-Est.",2026-08-21
HT0443,HTC-0443,Mombin Crochu,Nord,"Départements du Nord, du Nord-Est et du Nord-Ouest",Juin 26,577.1,0.9,16.9,100 en 2017-2018,SRC-052,"IHSI — Indice des prix à la consommation, ventilation régionale ; rattachement aux communes par Atmart","INDICE RÉGIONAL PORTÉ SUR LES COMMUNES, PAS UN INDICE COMMUNAL. Toutes les communes d'une même région portent le même chiffre : l'IHSI ne publie pas plus fin. Il serait faux d'en conclure qu'une commune est plus chère qu'une autre à l'intérieur d'une région. Les prix ne sont relevés QU'EN ZONE URBAINE, alors que les pondérations couvrent villes et campagnes — l'IHSI le dit dans sa méthodologie. Les pondérations viennent de l'enquête ECVMAS de 2011-2012 et n'ont pas été actualisées depuis, pour un indice base 2017-2018. Le découpage en cinq régions ne recoupe PAS les dix départements : « Reste Ouest » réunit l'Ouest hors métropole et le Sud-Est.",2026-08-21
HT0511,HTC-0511,Gonaïves,Transversale,Départements du Centre et de l'Artibonite,Juin 26,606.6,0.9,18.8,100 en 2017-2018,SRC-052,"IHSI — Indice des prix à la consommation, ventilation régionale ; rattachement aux communes par Atmart","INDICE RÉGIONAL PORTÉ SUR LES COMMUNES, PAS UN INDICE COMMUNAL. Toutes les communes d'une même région portent le même chiffre : l'IHSI ne publie pas plus fin. Il serait faux d'en conclure qu'une commune est plus chère qu'une autre à l'intérieur d'une région. Les prix ne sont relevés QU'EN ZONE URBAINE, alors que les pondérations couvrent villes et campagnes — l'IHSI le dit dans sa méthodologie. Les pondérations viennent de l'enquête ECVMAS de 2011-2012 et n'ont pas été actualisées depuis, pour un indice base 2017-2018. Le découpage en cinq régions ne recoupe PAS les dix départements : « Reste Ouest » réunit l'Ouest hors métropole et le Sud-Est.",2026-08-21
HT0512,HTC-0512,Ennery,Transversale,Départements du Centre et de l'Artibonite,Juin 26,606.6,0.9,18.8,100 en 2017-2018,SRC-052,"IHSI — Indice des prix à la consommation, ventilation régionale ; rattachement aux communes par Atmart","INDICE RÉGIONAL PORTÉ SUR LES COMMUNES, PAS UN INDICE COMMUNAL. Toutes les communes d'une même région portent le même chiffre : l'IHSI ne publie pas plus fin. Il serait faux d'en conclure qu'une commune est plus chère qu'une autre à l'intérieur d'une région. Les prix ne sont relevés QU'EN ZONE URBAINE, alors que les pondérations couvrent villes et campagnes — l'IHSI le dit dans sa méthodologie. Les pondérations viennent de l'enquête ECVMAS de 2011-2012 et n'ont pas été actualisées depuis, pour un indice base 2017-2018. Le découpage en cinq régions ne recoupe PAS les dix départements : « Reste Ouest » réunit l'Ouest hors métropole et le Sud-Est.",2026-08-21
HT0513,HTC-0513,L'Estère,Transversale,Départements du Centre et de l'Artibonite,Juin 26,606.6,0.9,18.8,100 en 2017-2018,SRC-052,"IHSI — Indice des prix à la consommation, ventilation régionale ; rattachement aux communes par Atmart","INDICE RÉGIONAL PORTÉ SUR LES COMMUNES, PAS UN INDICE COMMUNAL. Toutes les communes d'une même région portent le même chiffre : l'IHSI ne publie pas plus fin. Il serait faux d'en conclure qu'une commune est plus chère qu'une autre à l'intérieur d'une région. Les prix ne sont relevés QU'EN ZONE URBAINE, alors que les pondérations couvrent villes et campagnes — l'IHSI le dit dans sa méthodologie. Les pondérations viennent de l'enquête ECVMAS de 2011-2012 et n'ont pas été actualisées depuis, pour un indice base 2017-2018. Le découpage en cinq régions ne recoupe PAS les dix départements : « Reste Ouest » réunit l'Ouest hors métropole et le Sud-Est.",2026-08-21
HT0521,HTC-0521,Gros Morne,Transversale,Départements du Centre et de l'Artibonite,Juin 26,606.6,0.9,18.8,100 en 2017-2018,SRC-052,"IHSI — Indice des prix à la consommation, ventilation régionale ; rattachement aux communes par Atmart","INDICE RÉGIONAL PORTÉ SUR LES COMMUNES, PAS UN INDICE COMMUNAL. Toutes les communes d'une même région portent le même chiffre : l'IHSI ne publie pas plus fin. Il serait faux d'en conclure qu'une commune est plus chère qu'une autre à l'intérieur d'une région. Les prix ne sont relevés QU'EN ZONE URBAINE, alors que les pondérations couvrent villes et campagnes — l'IHSI le dit dans sa méthodologie. Les pondérations viennent de l'enquête ECVMAS de 2011-2012 et n'ont pas été actualisées depuis, pour un indice base 2017-2018. Le découpage en cinq régions ne recoupe PAS les dix départements : « Reste Ouest » réunit l'Ouest hors métropole et le Sud-Est.",2026-08-21
HT0522,HTC-0522,Terre Neuve,Transversale,Départements du Centre et de l'Artibonite,Juin 26,606.6,0.9,18.8,100 en 2017-2018,SRC-052,"IHSI — Indice des prix à la consommation, ventilation régionale ; rattachement aux communes par Atmart","INDICE RÉGIONAL PORTÉ SUR LES COMMUNES, PAS UN INDICE COMMUNAL. Toutes les communes d'une même région portent le même chiffre : l'IHSI ne publie pas plus fin. Il serait faux d'en conclure qu'une commune est plus chère qu'une autre à l'intérieur d'une région. Les prix ne sont relevés QU'EN ZONE URBAINE, alors que les pondérations couvrent villes et campagnes — l'IHSI le dit dans sa méthodologie. Les pondérations viennent de l'enquête ECVMAS de 2011-2012 et n'ont pas été actualisées depuis, pour un indice base 2017-2018. Le découpage en cinq régions ne recoupe PAS les dix départements : « Reste Ouest » réunit l'Ouest hors métropole et le Sud-Est.",2026-08-21
HT0523,HTC-0523,Anse Rouge,Transversale,Départements du Centre et de l'Artibonite,Juin 26,606.6,0.9,18.8,100 en 2017-2018,SRC-052,"IHSI — Indice des prix à la consommation, ventilation régionale ; rattachement aux communes par Atmart","INDICE RÉGIONAL PORTÉ SUR LES COMMUNES, PAS UN INDICE COMMUNAL. Toutes les communes d'une même région portent le même chiffre : l'IHSI ne publie pas plus fin. Il serait faux d'en conclure qu'une commune est plus chère qu'une autre à l'intérieur d'une région. Les prix ne sont relevés QU'EN ZONE URBAINE, alors que les pondérations couvrent villes et campagnes — l'IHSI le dit dans sa méthodologie. Les pondérations viennent de l'enquête ECVMAS de 2011-2012 et n'ont pas été actualisées depuis, pour un indice base 2017-2018. Le découpage en cinq régions ne recoupe PAS les dix départements : « Reste Ouest » réunit l'Ouest hors métropole et le Sud-Est.",2026-08-21
HT0531,HTC-0531,Saint-Marc,Transversale,Départements du Centre et de l'Artibonite,Juin 26,606.6,0.9,18.8,100 en 2017-2018,SRC-052,"IHSI — Indice des prix à la consommation, ventilation régionale ; rattachement aux communes par Atmart","INDICE RÉGIONAL PORTÉ SUR LES COMMUNES, PAS UN INDICE COMMUNAL. Toutes les communes d'une même région portent le même chiffre : l'IHSI ne publie pas plus fin. Il serait faux d'en conclure qu'une commune est plus chère qu'une autre à l'intérieur d'une région. Les prix ne sont relevés QU'EN ZONE URBAINE, alors que les pondérations couvrent villes et campagnes — l'IHSI le dit dans sa méthodologie. Les pondérations viennent de l'enquête ECVMAS de 2011-2012 et n'ont pas été actualisées depuis, pour un indice base 2017-2018. Le découpage en cinq régions ne recoupe PAS les dix départements : « Reste Ouest » réunit l'Ouest hors métropole et le Sud-Est.",2026-08-21
HT0532,HTC-0532,Verrettes,Transversale,Départements du Centre et de l'Artibonite,Juin 26,606.6,0.9,18.8,100 en 2017-2018,SRC-052,"IHSI — Indice des prix à la consommation, ventilation régionale ; rattachement aux communes par Atmart","INDICE RÉGIONAL PORTÉ SUR LES COMMUNES, PAS UN INDICE COMMUNAL. Toutes les communes d'une même région portent le même chiffre : l'IHSI ne publie pas plus fin. Il serait faux d'en conclure qu'une commune est plus chère qu'une autre à l'intérieur d'une région. Les prix ne sont relevés QU'EN ZONE URBAINE, alors que les pondérations couvrent villes et campagnes — l'IHSI le dit dans sa méthodologie. Les pondérations viennent de l'enquête ECVMAS de 2011-2012 et n'ont pas été actualisées depuis, pour un indice base 2017-2018. Le découpage en cinq régions ne recoupe PAS les dix départements : « Reste Ouest » réunit l'Ouest hors métropole et le Sud-Est.",2026-08-21
HT0533,HTC-0533,La Chapelle,Transversale,Départements du Centre et de l'Artibonite,Juin 26,606.6,0.9,18.8,100 en 2017-2018,SRC-052,"IHSI — Indice des prix à la consommation, ventilation régionale ; rattachement aux communes par Atmart","INDICE RÉGIONAL PORTÉ SUR LES COMMUNES, PAS UN INDICE COMMUNAL. Toutes les communes d'une même région portent le même chiffre : l'IHSI ne publie pas plus fin. Il serait faux d'en conclure qu'une commune est plus chère qu'une autre à l'intérieur d'une région. Les prix ne sont relevés QU'EN ZONE URBAINE, alors que les pondérations couvrent villes et campagnes — l'IHSI le dit dans sa méthodologie. Les pondérations viennent de l'enquête ECVMAS de 2011-2012 et n'ont pas été actualisées depuis, pour un indice base 2017-2018. Le découpage en cinq régions ne recoupe PAS les dix départements : « Reste Ouest » réunit l'Ouest hors métropole et le Sud-Est.",2026-08-21
HT0541,HTC-0541,Dessalines,Transversale,Départements du Centre et de l'Artibonite,Juin 26,606.6,0.9,18.8,100 en 2017-2018,SRC-052,"IHSI — Indice des prix à la consommation, ventilation régionale ; rattachement aux communes par Atmart","INDICE RÉGIONAL PORTÉ SUR LES COMMUNES, PAS UN INDICE COMMUNAL. Toutes les communes d'une même région portent le même chiffre : l'IHSI ne publie pas plus fin. Il serait faux d'en conclure qu'une commune est plus chère qu'une autre à l'intérieur d'une région. Les prix ne sont relevés QU'EN ZONE URBAINE, alors que les pondérations couvrent villes et campagnes — l'IHSI le dit dans sa méthodologie. Les pondérations viennent de l'enquête ECVMAS de 2011-2012 et n'ont pas été actualisées depuis, pour un indice base 2017-2018. Le découpage en cinq régions ne recoupe PAS les dix départements : « Reste Ouest » réunit l'Ouest hors métropole et le Sud-Est.",2026-08-21
HT0542,HTC-0542,Petite Rivière de l'Artibonite,Transversale,Départements du Centre et de l'Artibonite,Juin 26,606.6,0.9,18.8,100 en 2017-2018,SRC-052,"IHSI — Indice des prix à la consommation, ventilation régionale ; rattachement aux communes par Atmart","INDICE RÉGIONAL PORTÉ SUR LES COMMUNES, PAS UN INDICE COMMUNAL. Toutes les communes d'une même région portent le même chiffre : l'IHSI ne publie pas plus fin. Il serait faux d'en conclure qu'une commune est plus chère qu'une autre à l'intérieur d'une région. Les prix ne sont relevés QU'EN ZONE URBAINE, alors que les pondérations couvrent villes et campagnes — l'IHSI le dit dans sa méthodologie. Les pondérations viennent de l'enquête ECVMAS de 2011-2012 et n'ont pas été actualisées depuis, pour un indice base 2017-2018. Le découpage en cinq régions ne recoupe PAS les dix départements : « Reste Ouest » réunit l'Ouest hors métropole et le Sud-Est.",2026-08-21
HT0543,HTC-0543,Grande Saline,Transversale,Départements du Centre et de l'Artibonite,Juin 26,606.6,0.9,18.8,100 en 2017-2018,SRC-052,"IHSI — Indice des prix à la consommation, ventilation régionale ; rattachement aux communes par Atmart","INDICE RÉGIONAL PORTÉ SUR LES COMMUNES, PAS UN INDICE COMMUNAL. Toutes les communes d'une même région portent le même chiffre : l'IHSI ne publie pas plus fin. Il serait faux d'en conclure qu'une commune est plus chère qu'une autre à l'intérieur d'une région. Les prix ne sont relevés QU'EN ZONE URBAINE, alors que les pondérations couvrent villes et campagnes — l'IHSI le dit dans sa méthodologie. Les pondérations viennent de l'enquête ECVMAS de 2011-2012 et n'ont pas été actualisées depuis, pour un indice base 2017-2018. Le découpage en cinq régions ne recoupe PAS les dix départements : « Reste Ouest » réunit l'Ouest hors métropole et le Sud-Est.",2026-08-21
HT0544,HTC-0544,Desdunes,Transversale,Départements du Centre et de l'Artibonite,Juin 26,606.6,0.9,18.8,100 en 2017-2018,SRC-052,"IHSI — Indice des prix à la consommation, ventilation régionale ; rattachement aux communes par Atmart","INDICE RÉGIONAL PORTÉ SUR LES COMMUNES, PAS UN INDICE COMMUNAL. Toutes les communes d'une même région portent le même chiffre : l'IHSI ne publie pas plus fin. Il serait faux d'en conclure qu'une commune est plus chère qu'une autre à l'intérieur d'une région. Les prix ne sont relevés QU'EN ZONE URBAINE, alors que les pondérations couvrent villes et campagnes — l'IHSI le dit dans sa méthodologie. Les pondérations viennent de l'enquête ECVMAS de 2011-2012 et n'ont pas été actualisées depuis, pour un indice base 2017-2018. Le découpage en cinq régions ne recoupe PAS les dix départements : « Reste Ouest » réunit l'Ouest hors métropole et le Sud-Est.",2026-08-21
HT0551,HTC-0551,Saint-Michel de l'Attalaye,Transversale,Départements du Centre et de l'Artibonite,Juin 26,606.6,0.9,18.8,100 en 2017-2018,SRC-052,"IHSI — Indice des prix à la consommation, ventilation régionale ; rattachement aux communes par Atmart","INDICE RÉGIONAL PORTÉ SUR LES COMMUNES, PAS UN INDICE COMMUNAL. Toutes les communes d'une même région portent le même chiffre : l'IHSI ne publie pas plus fin. Il serait faux d'en conclure qu'une commune est plus chère qu'une autre à l'intérieur d'une région. Les prix ne sont relevés QU'EN ZONE URBAINE, alors que les pondérations couvrent villes et campagnes — l'IHSI le dit dans sa méthodologie. Les pondérations viennent de l'enquête ECVMAS de 2011-2012 et n'ont pas été actualisées depuis, pour un indice base 2017-2018. Le découpage en cinq régions ne recoupe PAS les dix départements : « Reste Ouest » réunit l'Ouest hors métropole et le Sud-Est.",2026-08-21
HT0552,HTC-0552,Marmelade,Transversale,Départements du Centre et de l'Artibonite,Juin 26,606.6,0.9,18.8,100 en 2017-2018,SRC-052,"IHSI — Indice des prix à la consommation, ventilation régionale ; rattachement aux communes par Atmart","INDICE RÉGIONAL PORTÉ SUR LES COMMUNES, PAS UN INDICE COMMUNAL. Toutes les communes d'une même région portent le même chiffre : l'IHSI ne publie pas plus fin. Il serait faux d'en conclure qu'une commune est plus chère qu'une autre à l'intérieur d'une région. Les prix ne sont relevés QU'EN ZONE URBAINE, alors que les pondérations couvrent villes et campagnes — l'IHSI le dit dans sa méthodologie. Les pondérations viennent de l'enquête ECVMAS de 2011-2012 et n'ont pas été actualisées depuis, pour un indice base 2017-2018. Le découpage en cinq régions ne recoupe PAS les dix départements : « Reste Ouest » réunit l'Ouest hors métropole et le Sud-Est.",2026-08-21
HT0611,HTC-0611,Hinche,Transversale,Départements du Centre et de l'Artibonite,Juin 26,606.6,0.9,18.8,100 en 2017-2018,SRC-052,"IHSI — Indice des prix à la consommation, ventilation régionale ; rattachement aux communes par Atmart","INDICE RÉGIONAL PORTÉ SUR LES COMMUNES, PAS UN INDICE COMMUNAL. Toutes les communes d'une même région portent le même chiffre : l'IHSI ne publie pas plus fin. Il serait faux d'en conclure qu'une commune est plus chère qu'une autre à l'intérieur d'une région. Les prix ne sont relevés QU'EN ZONE URBAINE, alors que les pondérations couvrent villes et campagnes — l'IHSI le dit dans sa méthodologie. Les pondérations viennent de l'enquête ECVMAS de 2011-2012 et n'ont pas été actualisées depuis, pour un indice base 2017-2018. Le découpage en cinq régions ne recoupe PAS les dix départements : « Reste Ouest » réunit l'Ouest hors métropole et le Sud-Est.",2026-08-21
HT0612,HTC-0612,Maïssade,Transversale,Départements du Centre et de l'Artibonite,Juin 26,606.6,0.9,18.8,100 en 2017-2018,SRC-052,"IHSI — Indice des prix à la consommation, ventilation régionale ; rattachement aux communes par Atmart","INDICE RÉGIONAL PORTÉ SUR LES COMMUNES, PAS UN INDICE COMMUNAL. Toutes les communes d'une même région portent le même chiffre : l'IHSI ne publie pas plus fin. Il serait faux d'en conclure qu'une commune est plus chère qu'une autre à l'intérieur d'une région. Les prix ne sont relevés QU'EN ZONE URBAINE, alors que les pondérations couvrent villes et campagnes — l'IHSI le dit dans sa méthodologie. Les pondérations viennent de l'enquête ECVMAS de 2011-2012 et n'ont pas été actualisées depuis, pour un indice base 2017-2018. Le découpage en cinq régions ne recoupe PAS les dix départements : « Reste Ouest » réunit l'Ouest hors métropole et le Sud-Est.",2026-08-21
HT0613,HTC-0613,Thomonde,Transversale,Départements du Centre et de l'Artibonite,Juin 26,606.6,0.9,18.8,100 en 2017-2018,SRC-052,"IHSI — Indice des prix à la consommation, ventilation régionale ; rattachement aux communes par Atmart","INDICE RÉGIONAL PORTÉ SUR LES COMMUNES, PAS UN INDICE COMMUNAL. Toutes les communes d'une même région portent le même chiffre : l'IHSI ne publie pas plus fin. Il serait faux d'en conclure qu'une commune est plus chère qu'une autre à l'intérieur d'une région. Les prix ne sont relevés QU'EN ZONE URBAINE, alors que les pondérations couvrent villes et campagnes — l'IHSI le dit dans sa méthodologie. Les pondérations viennent de l'enquête ECVMAS de 2011-2012 et n'ont pas été actualisées depuis, pour un indice base 2017-2018. Le découpage en cinq régions ne recoupe PAS les dix départements : « Reste Ouest » réunit l'Ouest hors métropole et le Sud-Est.",2026-08-21
HT0614,HTC-0614,Cerca Carvajal,Transversale,Départements du Centre et de l'Artibonite,Juin 26,606.6,0.9,18.8,100 en 2017-2018,SRC-052,"IHSI — Indice des prix à la consommation, ventilation régionale ; rattachement aux communes par Atmart","INDICE RÉGIONAL PORTÉ SUR LES COMMUNES, PAS UN INDICE COMMUNAL. Toutes les communes d'une même région portent le même chiffre : l'IHSI ne publie pas plus fin. Il serait faux d'en conclure qu'une commune est plus chère qu'une autre à l'intérieur d'une région. Les prix ne sont relevés QU'EN ZONE URBAINE, alors que les pondérations couvrent villes et campagnes — l'IHSI le dit dans sa méthodologie. Les pondérations viennent de l'enquête ECVMAS de 2011-2012 et n'ont pas été actualisées depuis, pour un indice base 2017-2018. Le découpage en cinq régions ne recoupe PAS les dix départements : « Reste Ouest » réunit l'Ouest hors métropole et le Sud-Est.",2026-08-21
HT0621,HTC-0621,Mirebalais,Transversale,Départements du Centre et de l'Artibonite,Juin 26,606.6,0.9,18.8,100 en 2017-2018,SRC-052,"IHSI — Indice des prix à la consommation, ventilation régionale ; rattachement aux communes par Atmart","INDICE RÉGIONAL PORTÉ SUR LES COMMUNES, PAS UN INDICE COMMUNAL. Toutes les communes d'une même région portent le même chiffre : l'IHSI ne publie pas plus fin. Il serait faux d'en conclure qu'une commune est plus chère qu'une autre à l'intérieur d'une région. Les prix ne sont relevés QU'EN ZONE URBAINE, alors que les pondérations couvrent villes et campagnes — l'IHSI le dit dans sa méthodologie. Les pondérations viennent de l'enquête ECVMAS de 2011-2012 et n'ont pas été actualisées depuis, pour un indice base 2017-2018. Le découpage en cinq régions ne recoupe PAS les dix départements : « Reste Ouest » réunit l'Ouest hors métropole et le Sud-Est.",2026-08-21
HT0622,HTC-0622,Saut d'Eau,Transversale,Départements du Centre et de l'Artibonite,Juin 26,606.6,0.9,18.8,100 en 2017-2018,SRC-052,"IHSI — Indice des prix à la consommation, ventilation régionale ; rattachement aux communes par Atmart","INDICE RÉGIONAL PORTÉ SUR LES COMMUNES, PAS UN INDICE COMMUNAL. Toutes les communes d'une même région portent le même chiffre : l'IHSI ne publie pas plus fin. Il serait faux d'en conclure qu'une commune est plus chère qu'une autre à l'intérieur d'une région. Les prix ne sont relevés QU'EN ZONE URBAINE, alors que les pondérations couvrent villes et campagnes — l'IHSI le dit dans sa méthodologie. Les pondérations viennent de l'enquête ECVMAS de 2011-2012 et n'ont pas été actualisées depuis, pour un indice base 2017-2018. Le découpage en cinq régions ne recoupe PAS les dix départements : « Reste Ouest » réunit l'Ouest hors métropole et le Sud-Est.",2026-08-21
HT0623,HTC-0623,Boucan Carré,Transversale,Départements du Centre et de l'Artibonite,Juin 26,606.6,0.9,18.8,100 en 2017-2018,SRC-052,"IHSI — Indice des prix à la consommation, ventilation régionale ; rattachement aux communes par Atmart","INDICE RÉGIONAL PORTÉ SUR LES COMMUNES, PAS UN INDICE COMMUNAL. Toutes les communes d'une même région portent le même chiffre : l'IHSI ne publie pas plus fin. Il serait faux d'en conclure qu'une commune est plus chère qu'une autre à l'intérieur d'une région. Les prix ne sont relevés QU'EN ZONE URBAINE, alors que les pondérations couvrent villes et campagnes — l'IHSI le dit dans sa méthodologie. Les pondérations viennent de l'enquête ECVMAS de 2011-2012 et n'ont pas été actualisées depuis, pour un indice base 2017-2018. Le découpage en cinq régions ne recoupe PAS les dix départements : « Reste Ouest » réunit l'Ouest hors métropole et le Sud-Est.",2026-08-21
HT0631,HTC-0631,Lascahobas,Transversale,Départements du Centre et de l'Artibonite,Juin 26,606.6,0.9,18.8,100 en 2017-2018,SRC-052,"IHSI — Indice des prix à la consommation, ventilation régionale ; rattachement aux communes par Atmart","INDICE RÉGIONAL PORTÉ SUR LES COMMUNES, PAS UN INDICE COMMUNAL. Toutes les communes d'une même région portent le même chiffre : l'IHSI ne publie pas plus fin. Il serait faux d'en conclure qu'une commune est plus chère qu'une autre à l'intérieur d'une région. Les prix ne sont relevés QU'EN ZONE URBAINE, alors que les pondérations couvrent villes et campagnes — l'IHSI le dit dans sa méthodologie. Les pondérations viennent de l'enquête ECVMAS de 2011-2012 et n'ont pas été actualisées depuis, pour un indice base 2017-2018. Le découpage en cinq régions ne recoupe PAS les dix départements : « Reste Ouest » réunit l'Ouest hors métropole et le Sud-Est.",2026-08-21
HT0632,HTC-0632,Belladère,Transversale,Départements du Centre et de l'Artibonite,Juin 26,606.6,0.9,18.8,100 en 2017-2018,SRC-052,"IHSI — Indice des prix à la consommation, ventilation régionale ; rattachement aux communes par Atmart","INDICE RÉGIONAL PORTÉ SUR LES COMMUNES, PAS UN INDICE COMMUNAL. Toutes les communes d'une même région portent le même chiffre : l'IHSI ne publie pas plus fin. Il serait faux d'en conclure qu'une commune est plus chère qu'une autre à l'intérieur d'une région. Les prix ne sont relevés QU'EN ZONE URBAINE, alors que les pondérations couvrent villes et campagnes — l'IHSI le dit dans sa méthodologie. Les pondérations viennent de l'enquête ECVMAS de 2011-2012 et n'ont pas été actualisées depuis, pour un indice base 2017-2018. Le découpage en cinq régions ne recoupe PAS les dix départements : « Reste Ouest » réunit l'Ouest hors métropole et le Sud-Est.",2026-08-21
HT0633,HTC-0633,Savanette,Transversale,Départements du Centre et de l'Artibonite,Juin 26,606.6,0.9,18.8,100 en 2017-2018,SRC-052,"IHSI — Indice des prix à la consommation, ventilation régionale ; rattachement aux communes par Atmart","INDICE RÉGIONAL PORTÉ SUR LES COMMUNES, PAS UN INDICE COMMUNAL. Toutes les communes d'une même région portent le même chiffre : l'IHSI ne publie pas plus fin. Il serait faux d'en conclure qu'une commune est plus chère qu'une autre à l'intérieur d'une région. Les prix ne sont relevés QU'EN ZONE URBAINE, alors que les pondérations couvrent villes et campagnes — l'IHSI le dit dans sa méthodologie. Les pondérations viennent de l'enquête ECVMAS de 2011-2012 et n'ont pas été actualisées depuis, pour un indice base 2017-2018. Le découpage en cinq régions ne recoupe PAS les dix départements : « Reste Ouest » réunit l'Ouest hors métropole et le Sud-Est.",2026-08-21
HT0641,HTC-0641,Cerca La Source,Transversale,Départements du Centre et de l'Artibonite,Juin 26,606.6,0.9,18.8,100 en 2017-2018,SRC-052,"IHSI — Indice des prix à la consommation, ventilation régionale ; rattachement aux communes par Atmart","INDICE RÉGIONAL PORTÉ SUR LES COMMUNES, PAS UN INDICE COMMUNAL. Toutes les communes d'une même région portent le même chiffre : l'IHSI ne publie pas plus fin. Il serait faux d'en conclure qu'une commune est plus chère qu'une autre à l'intérieur d'une région. Les prix ne sont relevés QU'EN ZONE URBAINE, alors que les pondérations couvrent villes et campagnes — l'IHSI le dit dans sa méthodologie. Les pondérations viennent de l'enquête ECVMAS de 2011-2012 et n'ont pas été actualisées depuis, pour un indice base 2017-2018. Le découpage en cinq régions ne recoupe PAS les dix départements : « Reste Ouest » réunit l'Ouest hors métropole et le Sud-Est.",2026-08-21
HT0642,HTC-0642,Thomassique,Transversale,Départements du Centre et de l'Artibonite,Juin 26,606.6,0.9,18.8,100 en 2017-2018,SRC-052,"IHSI — Indice des prix à la consommation, ventilation régionale ; rattachement aux communes par Atmart","INDICE RÉGIONAL PORTÉ SUR LES COMMUNES, PAS UN INDICE COMMUNAL. Toutes les communes d'une même région portent le même chiffre : l'IHSI ne publie pas plus fin. Il serait faux d'en conclure qu'une commune est plus chère qu'une autre à l'intérieur d'une région. Les prix ne sont relevés QU'EN ZONE URBAINE, alors que les pondérations couvrent villes et campagnes — l'IHSI le dit dans sa méthodologie. Les pondérations viennent de l'enquête ECVMAS de 2011-2012 et n'ont pas été actualisées depuis, pour un indice base 2017-2018. Le découpage en cinq régions ne recoupe PAS les dix départements : « Reste Ouest » réunit l'Ouest hors métropole et le Sud-Est.",2026-08-21
HT0711,HTC-0711,Les Cayes,Sud,"Départements du Sud, de la Grande-Anse et des Nippes",Juin 26,649.1,1.0,18.0,100 en 2017-2018,SRC-052,"IHSI — Indice des prix à la consommation, ventilation régionale ; rattachement aux communes par Atmart","INDICE RÉGIONAL PORTÉ SUR LES COMMUNES, PAS UN INDICE COMMUNAL. Toutes les communes d'une même région portent le même chiffre : l'IHSI ne publie pas plus fin. Il serait faux d'en conclure qu'une commune est plus chère qu'une autre à l'intérieur d'une région. Les prix ne sont relevés QU'EN ZONE URBAINE, alors que les pondérations couvrent villes et campagnes — l'IHSI le dit dans sa méthodologie. Les pondérations viennent de l'enquête ECVMAS de 2011-2012 et n'ont pas été actualisées depuis, pour un indice base 2017-2018. Le découpage en cinq régions ne recoupe PAS les dix départements : « Reste Ouest » réunit l'Ouest hors métropole et le Sud-Est.",2026-08-21
HT0712,HTC-0712,Torbeck,Sud,"Départements du Sud, de la Grande-Anse et des Nippes",Juin 26,649.1,1.0,18.0,100 en 2017-2018,SRC-052,"IHSI — Indice des prix à la consommation, ventilation régionale ; rattachement aux communes par Atmart","INDICE RÉGIONAL PORTÉ SUR LES COMMUNES, PAS UN INDICE COMMUNAL. Toutes les communes d'une même région portent le même chiffre : l'IHSI ne publie pas plus fin. Il serait faux d'en conclure qu'une commune est plus chère qu'une autre à l'intérieur d'une région. Les prix ne sont relevés QU'EN ZONE URBAINE, alors que les pondérations couvrent villes et campagnes — l'IHSI le dit dans sa méthodologie. Les pondérations viennent de l'enquête ECVMAS de 2011-2012 et n'ont pas été actualisées depuis, pour un indice base 2017-2018. Le découpage en cinq régions ne recoupe PAS les dix départements : « Reste Ouest » réunit l'Ouest hors métropole et le Sud-Est.",2026-08-21
HT0713,HTC-0713,Chantal,Sud,"Départements du Sud, de la Grande-Anse et des Nippes",Juin 26,649.1,1.0,18.0,100 en 2017-2018,SRC-052,"IHSI — Indice des prix à la consommation, ventilation régionale ; rattachement aux communes par Atmart","INDICE RÉGIONAL PORTÉ SUR LES COMMUNES, PAS UN INDICE COMMUNAL. Toutes les communes d'une même région portent le même chiffre : l'IHSI ne publie pas plus fin. Il serait faux d'en conclure qu'une commune est plus chère qu'une autre à l'intérieur d'une région. Les prix ne sont relevés QU'EN ZONE URBAINE, alors que les pondérations couvrent villes et campagnes — l'IHSI le dit dans sa méthodologie. Les pondérations viennent de l'enquête ECVMAS de 2011-2012 et n'ont pas été actualisées depuis, pour un indice base 2017-2018. Le découpage en cinq régions ne recoupe PAS les dix départements : « Reste Ouest » réunit l'Ouest hors métropole et le Sud-Est.",2026-08-21
HT0714,HTC-0714,Camp-Perrin,Sud,"Départements du Sud, de la Grande-Anse et des Nippes",Juin 26,649.1,1.0,18.0,100 en 2017-2018,SRC-052,"IHSI — Indice des prix à la consommation, ventilation régionale ; rattachement aux communes par Atmart","INDICE RÉGIONAL PORTÉ SUR LES COMMUNES, PAS UN INDICE COMMUNAL. Toutes les communes d'une même région portent le même chiffre : l'IHSI ne publie pas plus fin. Il serait faux d'en conclure qu'une commune est plus chère qu'une autre à l'intérieur d'une région. Les prix ne sont relevés QU'EN ZONE URBAINE, alors que les pondérations couvrent villes et campagnes — l'IHSI le dit dans sa méthodologie. Les pondérations viennent de l'enquête ECVMAS de 2011-2012 et n'ont pas été actualisées depuis, pour un indice base 2017-2018. Le découpage en cinq régions ne recoupe PAS les dix départements : « Reste Ouest » réunit l'Ouest hors métropole et le Sud-Est.",2026-08-21
HT0715,HTC-0715,Maniche,Sud,"Départements du Sud, de la Grande-Anse et des Nippes",Juin 26,649.1,1.0,18.0,100 en 2017-2018,SRC-052,"IHSI — Indice des prix à la consommation, ventilation régionale ; rattachement aux communes par Atmart","INDICE RÉGIONAL PORTÉ SUR LES COMMUNES, PAS UN INDICE COMMUNAL. Toutes les communes d'une même région portent le même chiffre : l'IHSI ne publie pas plus fin. Il serait faux d'en conclure qu'une commune est plus chère qu'une autre à l'intérieur d'une région. Les prix ne sont relevés QU'EN ZONE URBAINE, alors que les pondérations couvrent villes et campagnes — l'IHSI le dit dans sa méthodologie. Les pondérations viennent de l'enquête ECVMAS de 2011-2012 et n'ont pas été actualisées depuis, pour un indice base 2017-2018. Le découpage en cinq régions ne recoupe PAS les dix départements : « Reste Ouest » réunit l'Ouest hors métropole et le Sud-Est.",2026-08-21
HT0716,HTC-0716,Île à Vache,Sud,"Départements du Sud, de la Grande-Anse et des Nippes",Juin 26,649.1,1.0,18.0,100 en 2017-2018,SRC-052,"IHSI — Indice des prix à la consommation, ventilation régionale ; rattachement aux communes par Atmart","INDICE RÉGIONAL PORTÉ SUR LES COMMUNES, PAS UN INDICE COMMUNAL. Toutes les communes d'une même région portent le même chiffre : l'IHSI ne publie pas plus fin. Il serait faux d'en conclure qu'une commune est plus chère qu'une autre à l'intérieur d'une région. Les prix ne sont relevés QU'EN ZONE URBAINE, alors que les pondérations couvrent villes et campagnes — l'IHSI le dit dans sa méthodologie. Les pondérations viennent de l'enquête ECVMAS de 2011-2012 et n'ont pas été actualisées depuis, pour un indice base 2017-2018. Le découpage en cinq régions ne recoupe PAS les dix départements : « Reste Ouest » réunit l'Ouest hors métropole et le Sud-Est.",2026-08-21
HT0721,HTC-0721,Port-Salut,Sud,"Départements du Sud, de la Grande-Anse et des Nippes",Juin 26,649.1,1.0,18.0,100 en 2017-2018,SRC-052,"IHSI — Indice des prix à la consommation, ventilation régionale ; rattachement aux communes par Atmart","INDICE RÉGIONAL PORTÉ SUR LES COMMUNES, PAS UN INDICE COMMUNAL. Toutes les communes d'une même région portent le même chiffre : l'IHSI ne publie pas plus fin. Il serait faux d'en conclure qu'une commune est plus chère qu'une autre à l'intérieur d'une région. Les prix ne sont relevés QU'EN ZONE URBAINE, alors que les pondérations couvrent villes et campagnes — l'IHSI le dit dans sa méthodologie. Les pondérations viennent de l'enquête ECVMAS de 2011-2012 et n'ont pas été actualisées depuis, pour un indice base 2017-2018. Le découpage en cinq régions ne recoupe PAS les dix départements : « Reste Ouest » réunit l'Ouest hors métropole et le Sud-Est.",2026-08-21
HT0722,HTC-0722,Saint Jean du Sud,Sud,"Départements du Sud, de la Grande-Anse et des Nippes",Juin 26,649.1,1.0,18.0,100 en 2017-2018,SRC-052,"IHSI — Indice des prix à la consommation, ventilation régionale ; rattachement aux communes par Atmart","INDICE RÉGIONAL PORTÉ SUR LES COMMUNES, PAS UN INDICE COMMUNAL. Toutes les communes d'une même région portent le même chiffre : l'IHSI ne publie pas plus fin. Il serait faux d'en conclure qu'une commune est plus chère qu'une autre à l'intérieur d'une région. Les prix ne sont relevés QU'EN ZONE URBAINE, alors que les pondérations couvrent villes et campagnes — l'IHSI le dit dans sa méthodologie. Les pondérations viennent de l'enquête ECVMAS de 2011-2012 et n'ont pas été actualisées depuis, pour un indice base 2017-2018. Le découpage en cinq régions ne recoupe PAS les dix départements : « Reste Ouest » réunit l'Ouest hors métropole et le Sud-Est.",2026-08-21
HT0723,HTC-0723,Arniquet,Sud,"Départements du Sud, de la Grande-Anse et des Nippes",Juin 26,649.1,1.0,18.0,100 en 2017-2018,SRC-052,"IHSI — Indice des prix à la consommation, ventilation régionale ; rattachement aux communes par Atmart","INDICE RÉGIONAL PORTÉ SUR LES COMMUNES, PAS UN INDICE COMMUNAL. Toutes les communes d'une même région portent le même chiffre : l'IHSI ne publie pas plus fin. Il serait faux d'en conclure qu'une commune est plus chère qu'une autre à l'intérieur d'une région. Les prix ne sont relevés QU'EN ZONE URBAINE, alors que les pondérations couvrent villes et campagnes — l'IHSI le dit dans sa méthodologie. Les pondérations viennent de l'enquête ECVMAS de 2011-2012 et n'ont pas été actualisées depuis, pour un indice base 2017-2018. Le découpage en cinq régions ne recoupe PAS les dix départements : « Reste Ouest » réunit l'Ouest hors métropole et le Sud-Est.",2026-08-21
HT0731,HTC-0731,Aquin,Sud,"Départements du Sud, de la Grande-Anse et des Nippes",Juin 26,649.1,1.0,18.0,100 en 2017-2018,SRC-052,"IHSI — Indice des prix à la consommation, ventilation régionale ; rattachement aux communes par Atmart","INDICE RÉGIONAL PORTÉ SUR LES COMMUNES, PAS UN INDICE COMMUNAL. Toutes les communes d'une même région portent le même chiffre : l'IHSI ne publie pas plus fin. Il serait faux d'en conclure qu'une commune est plus chère qu'une autre à l'intérieur d'une région. Les prix ne sont relevés QU'EN ZONE URBAINE, alors que les pondérations couvrent villes et campagnes — l'IHSI le dit dans sa méthodologie. Les pondérations viennent de l'enquête ECVMAS de 2011-2012 et n'ont pas été actualisées depuis, pour un indice base 2017-2018. Le découpage en cinq régions ne recoupe PAS les dix départements : « Reste Ouest » réunit l'Ouest hors métropole et le Sud-Est.",2026-08-21
HT0732,HTC-0732,Saint Louis du Sud,Sud,"Départements du Sud, de la Grande-Anse et des Nippes",Juin 26,649.1,1.0,18.0,100 en 2017-2018,SRC-052,"IHSI — Indice des prix à la consommation, ventilation régionale ; rattachement aux communes par Atmart","INDICE RÉGIONAL PORTÉ SUR LES COMMUNES, PAS UN INDICE COMMUNAL. Toutes les communes d'une même région portent le même chiffre : l'IHSI ne publie pas plus fin. Il serait faux d'en conclure qu'une commune est plus chère qu'une autre à l'intérieur d'une région. Les prix ne sont relevés QU'EN ZONE URBAINE, alors que les pondérations couvrent villes et campagnes — l'IHSI le dit dans sa méthodologie. Les pondérations viennent de l'enquête ECVMAS de 2011-2012 et n'ont pas été actualisées depuis, pour un indice base 2017-2018. Le découpage en cinq régions ne recoupe PAS les dix départements : « Reste Ouest » réunit l'Ouest hors métropole et le Sud-Est.",2026-08-21
HT0733,HTC-0733,Cavaillon,Sud,"Départements du Sud, de la Grande-Anse et des Nippes",Juin 26,649.1,1.0,18.0,100 en 2017-2018,SRC-052,"IHSI — Indice des prix à la consommation, ventilation régionale ; rattachement aux communes par Atmart","INDICE RÉGIONAL PORTÉ SUR LES COMMUNES, PAS UN INDICE COMMUNAL. Toutes les communes d'une même région portent le même chiffre : l'IHSI ne publie pas plus fin. Il serait faux d'en conclure qu'une commune est plus chère qu'une autre à l'intérieur d'une région. Les prix ne sont relevés QU'EN ZONE URBAINE, alors que les pondérations couvrent villes et campagnes — l'IHSI le dit dans sa méthodologie. Les pondérations viennent de l'enquête ECVMAS de 2011-2012 et n'ont pas été actualisées depuis, pour un indice base 2017-2018. Le découpage en cinq régions ne recoupe PAS les dix départements : « Reste Ouest » réunit l'Ouest hors métropole et le Sud-Est.",2026-08-21
HT0741,HTC-0741,Côteaux,Sud,"Départements du Sud, de la Grande-Anse et des Nippes",Juin 26,649.1,1.0,18.0,100 en 2017-2018,SRC-052,"IHSI — Indice des prix à la consommation, ventilation régionale ; rattachement aux communes par Atmart","INDICE RÉGIONAL PORTÉ SUR LES COMMUNES, PAS UN INDICE COMMUNAL. Toutes les communes d'une même région portent le même chiffre : l'IHSI ne publie pas plus fin. Il serait faux d'en conclure qu'une commune est plus chère qu'une autre à l'intérieur d'une région. Les prix ne sont relevés QU'EN ZONE URBAINE, alors que les pondérations couvrent villes et campagnes — l'IHSI le dit dans sa méthodologie. Les pondérations viennent de l'enquête ECVMAS de 2011-2012 et n'ont pas été actualisées depuis, pour un indice base 2017-2018. Le découpage en cinq régions ne recoupe PAS les dix départements : « Reste Ouest » réunit l'Ouest hors métropole et le Sud-Est.",2026-08-21
HT0742,HTC-0742,Port-à-Piment,Sud,"Départements du Sud, de la Grande-Anse et des Nippes",Juin 26,649.1,1.0,18.0,100 en 2017-2018,SRC-052,"IHSI — Indice des prix à la consommation, ventilation régionale ; rattachement aux communes par Atmart","INDICE RÉGIONAL PORTÉ SUR LES COMMUNES, PAS UN INDICE COMMUNAL. Toutes les communes d'une même région portent le même chiffre : l'IHSI ne publie pas plus fin. Il serait faux d'en conclure qu'une commune est plus chère qu'une autre à l'intérieur d'une région. Les prix ne sont relevés QU'EN ZONE URBAINE, alors que les pondérations couvrent villes et campagnes — l'IHSI le dit dans sa méthodologie. Les pondérations viennent de l'enquête ECVMAS de 2011-2012 et n'ont pas été actualisées depuis, pour un indice base 2017-2018. Le découpage en cinq régions ne recoupe PAS les dix départements : « Reste Ouest » réunit l'Ouest hors métropole et le Sud-Est.",2026-08-21
HT0743,HTC-0743,Roche à Bâteau,Sud,"Départements du Sud, de la Grande-Anse et des Nippes",Juin 26,649.1,1.0,18.0,100 en 2017-2018,SRC-052,"IHSI — Indice des prix à la consommation, ventilation régionale ; rattachement aux communes par Atmart","INDICE RÉGIONAL PORTÉ SUR LES COMMUNES, PAS UN INDICE COMMUNAL. Toutes les communes d'une même région portent le même chiffre : l'IHSI ne publie pas plus fin. Il serait faux d'en conclure qu'une commune est plus chère qu'une autre à l'intérieur d'une région. Les prix ne sont relevés QU'EN ZONE URBAINE, alors que les pondérations couvrent villes et campagnes — l'IHSI le dit dans sa méthodologie. Les pondérations viennent de l'enquête ECVMAS de 2011-2012 et n'ont pas été actualisées depuis, pour un indice base 2017-2018. Le découpage en cinq régions ne recoupe PAS les dix départements : « Reste Ouest » réunit l'Ouest hors métropole et le Sud-Est.",2026-08-21
HT0751,HTC-0751,Chardonnières,Sud,"Départements du Sud, de la Grande-Anse et des Nippes",Juin 26,649.1,1.0,18.0,100 en 2017-2018,SRC-052,"IHSI — Indice des prix à la consommation, ventilation régionale ; rattachement aux communes par Atmart","INDICE RÉGIONAL PORTÉ SUR LES COMMUNES, PAS UN INDICE COMMUNAL. Toutes les communes d'une même région portent le même chiffre : l'IHSI ne publie pas plus fin. Il serait faux d'en conclure qu'une commune est plus chère qu'une autre à l'intérieur d'une région. Les prix ne sont relevés QU'EN ZONE URBAINE, alors que les pondérations couvrent villes et campagnes — l'IHSI le dit dans sa méthodologie. Les pondérations viennent de l'enquête ECVMAS de 2011-2012 et n'ont pas été actualisées depuis, pour un indice base 2017-2018. Le découpage en cinq régions ne recoupe PAS les dix départements : « Reste Ouest » réunit l'Ouest hors métropole et le Sud-Est.",2026-08-21
HT0752,HTC-0752,Les Anglais,Sud,"Départements du Sud, de la Grande-Anse et des Nippes",Juin 26,649.1,1.0,18.0,100 en 2017-2018,SRC-052,"IHSI — Indice des prix à la consommation, ventilation régionale ; rattachement aux communes par Atmart","INDICE RÉGIONAL PORTÉ SUR LES COMMUNES, PAS UN INDICE COMMUNAL. Toutes les communes d'une même région portent le même chiffre : l'IHSI ne publie pas plus fin. Il serait faux d'en conclure qu'une commune est plus chère qu'une autre à l'intérieur d'une région. Les prix ne sont relevés QU'EN ZONE URBAINE, alors que les pondérations couvrent villes et campagnes — l'IHSI le dit dans sa méthodologie. Les pondérations viennent de l'enquête ECVMAS de 2011-2012 et n'ont pas été actualisées depuis, pour un indice base 2017-2018. Le découpage en cinq régions ne recoupe PAS les dix départements : « Reste Ouest » réunit l'Ouest hors métropole et le Sud-Est.",2026-08-21
HT0753,HTC-0753,Tiburon,Sud,"Départements du Sud, de la Grande-Anse et des Nippes",Juin 26,649.1,1.0,18.0,100 en 2017-2018,SRC-052,"IHSI — Indice des prix à la consommation, ventilation régionale ; rattachement aux communes par Atmart","INDICE RÉGIONAL PORTÉ SUR LES COMMUNES, PAS UN INDICE COMMUNAL. Toutes les communes d'une même région portent le même chiffre : l'IHSI ne publie pas plus fin. Il serait faux d'en conclure qu'une commune est plus chère qu'une autre à l'intérieur d'une région. Les prix ne sont relevés QU'EN ZONE URBAINE, alors que les pondérations couvrent villes et campagnes — l'IHSI le dit dans sa méthodologie. Les pondérations viennent de l'enquête ECVMAS de 2011-2012 et n'ont pas été actualisées depuis, pour un indice base 2017-2018. Le découpage en cinq régions ne recoupe PAS les dix départements : « Reste Ouest » réunit l'Ouest hors métropole et le Sud-Est.",2026-08-21
HT0811,HTC-0811,Jérémie,Sud,"Départements du Sud, de la Grande-Anse et des Nippes",Juin 26,649.1,1.0,18.0,100 en 2017-2018,SRC-052,"IHSI — Indice des prix à la consommation, ventilation régionale ; rattachement aux communes par Atmart","INDICE RÉGIONAL PORTÉ SUR LES COMMUNES, PAS UN INDICE COMMUNAL. Toutes les communes d'une même région portent le même chiffre : l'IHSI ne publie pas plus fin. Il serait faux d'en conclure qu'une commune est plus chère qu'une autre à l'intérieur d'une région. Les prix ne sont relevés QU'EN ZONE URBAINE, alors que les pondérations couvrent villes et campagnes — l'IHSI le dit dans sa méthodologie. Les pondérations viennent de l'enquête ECVMAS de 2011-2012 et n'ont pas été actualisées depuis, pour un indice base 2017-2018. Le découpage en cinq régions ne recoupe PAS les dix départements : « Reste Ouest » réunit l'Ouest hors métropole et le Sud-Est.",2026-08-21
HT0812,HTC-0812,Abricots,Sud,"Départements du Sud, de la Grande-Anse et des Nippes",Juin 26,649.1,1.0,18.0,100 en 2017-2018,SRC-052,"IHSI — Indice des prix à la consommation, ventilation régionale ; rattachement aux communes par Atmart","INDICE RÉGIONAL PORTÉ SUR LES COMMUNES, PAS UN INDICE COMMUNAL. Toutes les communes d'une même région portent le même chiffre : l'IHSI ne publie pas plus fin. Il serait faux d'en conclure qu'une commune est plus chère qu'une autre à l'intérieur d'une région. Les prix ne sont relevés QU'EN ZONE URBAINE, alors que les pondérations couvrent villes et campagnes — l'IHSI le dit dans sa méthodologie. Les pondérations viennent de l'enquête ECVMAS de 2011-2012 et n'ont pas été actualisées depuis, pour un indice base 2017-2018. Le découpage en cinq régions ne recoupe PAS les dix départements : « Reste Ouest » réunit l'Ouest hors métropole et le Sud-Est.",2026-08-21
HT0813,HTC-0813,Bonbon,Sud,"Départements du Sud, de la Grande-Anse et des Nippes",Juin 26,649.1,1.0,18.0,100 en 2017-2018,SRC-052,"IHSI — Indice des prix à la consommation, ventilation régionale ; rattachement aux communes par Atmart","INDICE RÉGIONAL PORTÉ SUR LES COMMUNES, PAS UN INDICE COMMUNAL. Toutes les communes d'une même région portent le même chiffre : l'IHSI ne publie pas plus fin. Il serait faux d'en conclure qu'une commune est plus chère qu'une autre à l'intérieur d'une région. Les prix ne sont relevés QU'EN ZONE URBAINE, alors que les pondérations couvrent villes et campagnes — l'IHSI le dit dans sa méthodologie. Les pondérations viennent de l'enquête ECVMAS de 2011-2012 et n'ont pas été actualisées depuis, pour un indice base 2017-2018. Le découpage en cinq régions ne recoupe PAS les dix départements : « Reste Ouest » réunit l'Ouest hors métropole et le Sud-Est.",2026-08-21
HT0814,HTC-0814,Moron,Sud,"Départements du Sud, de la Grande-Anse et des Nippes",Juin 26,649.1,1.0,18.0,100 en 2017-2018,SRC-052,"IHSI — Indice des prix à la consommation, ventilation régionale ; rattachement aux communes par Atmart","INDICE RÉGIONAL PORTÉ SUR LES COMMUNES, PAS UN INDICE COMMUNAL. Toutes les communes d'une même région portent le même chiffre : l'IHSI ne publie pas plus fin. Il serait faux d'en conclure qu'une commune est plus chère qu'une autre à l'intérieur d'une région. Les prix ne sont relevés QU'EN ZONE URBAINE, alors que les pondérations couvrent villes et campagnes — l'IHSI le dit dans sa méthodologie. Les pondérations viennent de l'enquête ECVMAS de 2011-2012 et n'ont pas été actualisées depuis, pour un indice base 2017-2018. Le découpage en cinq régions ne recoupe PAS les dix départements : « Reste Ouest » réunit l'Ouest hors métropole et le Sud-Est.",2026-08-21
HT0815,HTC-0815,Chambellan,Sud,"Départements du Sud, de la Grande-Anse et des Nippes",Juin 26,649.1,1.0,18.0,100 en 2017-2018,SRC-052,"IHSI — Indice des prix à la consommation, ventilation régionale ; rattachement aux communes par Atmart","INDICE RÉGIONAL PORTÉ SUR LES COMMUNES, PAS UN INDICE COMMUNAL. Toutes les communes d'une même région portent le même chiffre : l'IHSI ne publie pas plus fin. Il serait faux d'en conclure qu'une commune est plus chère qu'une autre à l'intérieur d'une région. Les prix ne sont relevés QU'EN ZONE URBAINE, alors que les pondérations couvrent villes et campagnes — l'IHSI le dit dans sa méthodologie. Les pondérations viennent de l'enquête ECVMAS de 2011-2012 et n'ont pas été actualisées depuis, pour un indice base 2017-2018. Le découpage en cinq régions ne recoupe PAS les dix départements : « Reste Ouest » réunit l'Ouest hors métropole et le Sud-Est.",2026-08-21
HT0821,HTC-0821,Anse d'Hainault,Sud,"Départements du Sud, de la Grande-Anse et des Nippes",Juin 26,649.1,1.0,18.0,100 en 2017-2018,SRC-052,"IHSI — Indice des prix à la consommation, ventilation régionale ; rattachement aux communes par Atmart","INDICE RÉGIONAL PORTÉ SUR LES COMMUNES, PAS UN INDICE COMMUNAL. Toutes les communes d'une même région portent le même chiffre : l'IHSI ne publie pas plus fin. Il serait faux d'en conclure qu'une commune est plus chère qu'une autre à l'intérieur d'une région. Les prix ne sont relevés QU'EN ZONE URBAINE, alors que les pondérations couvrent villes et campagnes — l'IHSI le dit dans sa méthodologie. Les pondérations viennent de l'enquête ECVMAS de 2011-2012 et n'ont pas été actualisées depuis, pour un indice base 2017-2018. Le découpage en cinq régions ne recoupe PAS les dix départements : « Reste Ouest » réunit l'Ouest hors métropole et le Sud-Est.",2026-08-21
HT0822,HTC-0822,Dame Marie,Sud,"Départements du Sud, de la Grande-Anse et des Nippes",Juin 26,649.1,1.0,18.0,100 en 2017-2018,SRC-052,"IHSI — Indice des prix à la consommation, ventilation régionale ; rattachement aux communes par Atmart","INDICE RÉGIONAL PORTÉ SUR LES COMMUNES, PAS UN INDICE COMMUNAL. Toutes les communes d'une même région portent le même chiffre : l'IHSI ne publie pas plus fin. Il serait faux d'en conclure qu'une commune est plus chère qu'une autre à l'intérieur d'une région. Les prix ne sont relevés QU'EN ZONE URBAINE, alors que les pondérations couvrent villes et campagnes — l'IHSI le dit dans sa méthodologie. Les pondérations viennent de l'enquête ECVMAS de 2011-2012 et n'ont pas été actualisées depuis, pour un indice base 2017-2018. Le découpage en cinq régions ne recoupe PAS les dix départements : « Reste Ouest » réunit l'Ouest hors métropole et le Sud-Est.",2026-08-21
HT0823,HTC-0823,Les Irois,Sud,"Départements du Sud, de la Grande-Anse et des Nippes",Juin 26,649.1,1.0,18.0,100 en 2017-2018,SRC-052,"IHSI — Indice des prix à la consommation, ventilation régionale ; rattachement aux communes par Atmart","INDICE RÉGIONAL PORTÉ SUR LES COMMUNES, PAS UN INDICE COMMUNAL. Toutes les communes d'une même région portent le même chiffre : l'IHSI ne publie pas plus fin. Il serait faux d'en conclure qu'une commune est plus chère qu'une autre à l'intérieur d'une région. Les prix ne sont relevés QU'EN ZONE URBAINE, alors que les pondérations couvrent villes et campagnes — l'IHSI le dit dans sa méthodologie. Les pondérations viennent de l'enquête ECVMAS de 2011-2012 et n'ont pas été actualisées depuis, pour un indice base 2017-2018. Le découpage en cinq régions ne recoupe PAS les dix départements : « Reste Ouest » réunit l'Ouest hors métropole et le Sud-Est.",2026-08-21
HT0831,HTC-0831,Corail,Sud,"Départements du Sud, de la Grande-Anse et des Nippes",Juin 26,649.1,1.0,18.0,100 en 2017-2018,SRC-052,"IHSI — Indice des prix à la consommation, ventilation régionale ; rattachement aux communes par Atmart","INDICE RÉGIONAL PORTÉ SUR LES COMMUNES, PAS UN INDICE COMMUNAL. Toutes les communes d'une même région portent le même chiffre : l'IHSI ne publie pas plus fin. Il serait faux d'en conclure qu'une commune est plus chère qu'une autre à l'intérieur d'une région. Les prix ne sont relevés QU'EN ZONE URBAINE, alors que les pondérations couvrent villes et campagnes — l'IHSI le dit dans sa méthodologie. Les pondérations viennent de l'enquête ECVMAS de 2011-2012 et n'ont pas été actualisées depuis, pour un indice base 2017-2018. Le découpage en cinq régions ne recoupe PAS les dix départements : « Reste Ouest » réunit l'Ouest hors métropole et le Sud-Est.",2026-08-21
HT0832,HTC-0832,Roseaux,Sud,"Départements du Sud, de la Grande-Anse et des Nippes",Juin 26,649.1,1.0,18.0,100 en 2017-2018,SRC-052,"IHSI — Indice des prix à la consommation, ventilation régionale ; rattachement aux communes par Atmart","INDICE RÉGIONAL PORTÉ SUR LES COMMUNES, PAS UN INDICE COMMUNAL. Toutes les communes d'une même région portent le même chiffre : l'IHSI ne publie pas plus fin. Il serait faux d'en conclure qu'une commune est plus chère qu'une autre à l'intérieur d'une région. Les prix ne sont relevés QU'EN ZONE URBAINE, alors que les pondérations couvrent villes et campagnes — l'IHSI le dit dans sa méthodologie. Les pondérations viennent de l'enquête ECVMAS de 2011-2012 et n'ont pas été actualisées depuis, pour un indice base 2017-2018. Le découpage en cinq régions ne recoupe PAS les dix départements : « Reste Ouest » réunit l'Ouest hors métropole et le Sud-Est.",2026-08-21
HT0833,HTC-0833,Beaumont,Sud,"Départements du Sud, de la Grande-Anse et des Nippes",Juin 26,649.1,1.0,18.0,100 en 2017-2018,SRC-052,"IHSI — Indice des prix à la consommation, ventilation régionale ; rattachement aux communes par Atmart","INDICE RÉGIONAL PORTÉ SUR LES COMMUNES, PAS UN INDICE COMMUNAL. Toutes les communes d'une même région portent le même chiffre : l'IHSI ne publie pas plus fin. Il serait faux d'en conclure qu'une commune est plus chère qu'une autre à l'intérieur d'une région. Les prix ne sont relevés QU'EN ZONE URBAINE, alors que les pondérations couvrent villes et campagnes — l'IHSI le dit dans sa méthodologie. Les pondérations viennent de l'enquête ECVMAS de 2011-2012 et n'ont pas été actualisées depuis, pour un indice base 2017-2018. Le découpage en cinq régions ne recoupe PAS les dix départements : « Reste Ouest » réunit l'Ouest hors métropole et le Sud-Est.",2026-08-21
HT0834,HTC-0834,Pestel,Sud,"Départements du Sud, de la Grande-Anse et des Nippes",Juin 26,649.1,1.0,18.0,100 en 2017-2018,SRC-052,"IHSI — Indice des prix à la consommation, ventilation régionale ; rattachement aux communes par Atmart","INDICE RÉGIONAL PORTÉ SUR LES COMMUNES, PAS UN INDICE COMMUNAL. Toutes les communes d'une même région portent le même chiffre : l'IHSI ne publie pas plus fin. Il serait faux d'en conclure qu'une commune est plus chère qu'une autre à l'intérieur d'une région. Les prix ne sont relevés QU'EN ZONE URBAINE, alors que les pondérations couvrent villes et campagnes — l'IHSI le dit dans sa méthodologie. Les pondérations viennent de l'enquête ECVMAS de 2011-2012 et n'ont pas été actualisées depuis, pour un indice base 2017-2018. Le découpage en cinq régions ne recoupe PAS les dix départements : « Reste Ouest » réunit l'Ouest hors métropole et le Sud-Est.",2026-08-21
HT0911,HTC-0911,Port-de-Paix,Nord,"Départements du Nord, du Nord-Est et du Nord-Ouest",Juin 26,577.1,0.9,16.9,100 en 2017-2018,SRC-052,"IHSI — Indice des prix à la consommation, ventilation régionale ; rattachement aux communes par Atmart","INDICE RÉGIONAL PORTÉ SUR LES COMMUNES, PAS UN INDICE COMMUNAL. Toutes les communes d'une même région portent le même chiffre : l'IHSI ne publie pas plus fin. Il serait faux d'en conclure qu'une commune est plus chère qu'une autre à l'intérieur d'une région. Les prix ne sont relevés QU'EN ZONE URBAINE, alors que les pondérations couvrent villes et campagnes — l'IHSI le dit dans sa méthodologie. Les pondérations viennent de l'enquête ECVMAS de 2011-2012 et n'ont pas été actualisées depuis, pour un indice base 2017-2018. Le découpage en cinq régions ne recoupe PAS les dix départements : « Reste Ouest » réunit l'Ouest hors métropole et le Sud-Est.",2026-08-21
HT0912,HTC-0912,La Tortue,Nord,"Départements du Nord, du Nord-Est et du Nord-Ouest",Juin 26,577.1,0.9,16.9,100 en 2017-2018,SRC-052,"IHSI — Indice des prix à la consommation, ventilation régionale ; rattachement aux communes par Atmart","INDICE RÉGIONAL PORTÉ SUR LES COMMUNES, PAS UN INDICE COMMUNAL. Toutes les communes d'une même région portent le même chiffre : l'IHSI ne publie pas plus fin. Il serait faux d'en conclure qu'une commune est plus chère qu'une autre à l'intérieur d'une région. Les prix ne sont relevés QU'EN ZONE URBAINE, alors que les pondérations couvrent villes et campagnes — l'IHSI le dit dans sa méthodologie. Les pondérations viennent de l'enquête ECVMAS de 2011-2012 et n'ont pas été actualisées depuis, pour un indice base 2017-2018. Le découpage en cinq régions ne recoupe PAS les dix départements : « Reste Ouest » réunit l'Ouest hors métropole et le Sud-Est.",2026-08-21
HT0913,HTC-0913,Bassin Bleu,Nord,"Départements du Nord, du Nord-Est et du Nord-Ouest",Juin 26,577.1,0.9,16.9,100 en 2017-2018,SRC-052,"IHSI — Indice des prix à la consommation, ventilation régionale ; rattachement aux communes par Atmart","INDICE RÉGIONAL PORTÉ SUR LES COMMUNES, PAS UN INDICE COMMUNAL. Toutes les communes d'une même région portent le même chiffre : l'IHSI ne publie pas plus fin. Il serait faux d'en conclure qu'une commune est plus chère qu'une autre à l'intérieur d'une région. Les prix ne sont relevés QU'EN ZONE URBAINE, alors que les pondérations couvrent villes et campagnes — l'IHSI le dit dans sa méthodologie. Les pondérations viennent de l'enquête ECVMAS de 2011-2012 et n'ont pas été actualisées depuis, pour un indice base 2017-2018. Le découpage en cinq régions ne recoupe PAS les dix départements : « Reste Ouest » réunit l'Ouest hors métropole et le Sud-Est.",2026-08-21
HT0914,HTC-0914,Chamsolme,Nord,"Départements du Nord, du Nord-Est et du Nord-Ouest",Juin 26,577.1,0.9,16.9,100 en 2017-2018,SRC-052,"IHSI — Indice des prix à la consommation, ventilation régionale ; rattachement aux communes par Atmart","INDICE RÉGIONAL PORTÉ SUR LES COMMUNES, PAS UN INDICE COMMUNAL. Toutes les communes d'une même région portent le même chiffre : l'IHSI ne publie pas plus fin. Il serait faux d'en conclure qu'une commune est plus chère qu'une autre à l'intérieur d'une région. Les prix ne sont relevés QU'EN ZONE URBAINE, alors que les pondérations couvrent villes et campagnes — l'IHSI le dit dans sa méthodologie. Les pondérations viennent de l'enquête ECVMAS de 2011-2012 et n'ont pas été actualisées depuis, pour un indice base 2017-2018. Le découpage en cinq régions ne recoupe PAS les dix départements : « Reste Ouest » réunit l'Ouest hors métropole et le Sud-Est.",2026-08-21
HT0921,HTC-0921,Saint-Louis du Nord,Nord,"Départements du Nord, du Nord-Est et du Nord-Ouest",Juin 26,577.1,0.9,16.9,100 en 2017-2018,SRC-052,"IHSI — Indice des prix à la consommation, ventilation régionale ; rattachement aux communes par Atmart","INDICE RÉGIONAL PORTÉ SUR LES COMMUNES, PAS UN INDICE COMMUNAL. Toutes les communes d'une même région portent le même chiffre : l'IHSI ne publie pas plus fin. Il serait faux d'en conclure qu'une commune est plus chère qu'une autre à l'intérieur d'une région. Les prix ne sont relevés QU'EN ZONE URBAINE, alors que les pondérations couvrent villes et campagnes — l'IHSI le dit dans sa méthodologie. Les pondérations viennent de l'enquête ECVMAS de 2011-2012 et n'ont pas été actualisées depuis, pour un indice base 2017-2018. Le découpage en cinq régions ne recoupe PAS les dix départements : « Reste Ouest » réunit l'Ouest hors métropole et le Sud-Est.",2026-08-21
HT0922,HTC-0922,Anse-à-Foleur,Nord,"Départements du Nord, du Nord-Est et du Nord-Ouest",Juin 26,577.1,0.9,16.9,100 en 2017-2018,SRC-052,"IHSI — Indice des prix à la consommation, ventilation régionale ; rattachement aux communes par Atmart","INDICE RÉGIONAL PORTÉ SUR LES COMMUNES, PAS UN INDICE COMMUNAL. Toutes les communes d'une même région portent le même chiffre : l'IHSI ne publie pas plus fin. Il serait faux d'en conclure qu'une commune est plus chère qu'une autre à l'intérieur d'une région. Les prix ne sont relevés QU'EN ZONE URBAINE, alors que les pondérations couvrent villes et campagnes — l'IHSI le dit dans sa méthodologie. Les pondérations viennent de l'enquête ECVMAS de 2011-2012 et n'ont pas été actualisées depuis, pour un indice base 2017-2018. Le découpage en cinq régions ne recoupe PAS les dix départements : « Reste Ouest » réunit l'Ouest hors métropole et le Sud-Est.",2026-08-21
HT0931,HTC-0931,Môle Saint Nicolas,Nord,"Départements du Nord, du Nord-Est et du Nord-Ouest",Juin 26,577.1,0.9,16.9,100 en 2017-2018,SRC-052,"IHSI — Indice des prix à la consommation, ventilation régionale ; rattachement aux communes par Atmart","INDICE RÉGIONAL PORTÉ SUR LES COMMUNES, PAS UN INDICE COMMUNAL. Toutes les communes d'une même région portent le même chiffre : l'IHSI ne publie pas plus fin. Il serait faux d'en conclure qu'une commune est plus chère qu'une autre à l'intérieur d'une région. Les prix ne sont relevés QU'EN ZONE URBAINE, alors que les pondérations couvrent villes et campagnes — l'IHSI le dit dans sa méthodologie. Les pondérations viennent de l'enquête ECVMAS de 2011-2012 et n'ont pas été actualisées depuis, pour un indice base 2017-2018. Le découpage en cinq régions ne recoupe PAS les dix départements : « Reste Ouest » réunit l'Ouest hors métropole et le Sud-Est.",2026-08-21
HT0932,HTC-0932,Baie de Henne,Nord,"Départements du Nord, du Nord-Est et du Nord-Ouest",Juin 26,577.1,0.9,16.9,100 en 2017-2018,SRC-052,"IHSI — Indice des prix à la consommation, ventilation régionale ; rattachement aux communes par Atmart","INDICE RÉGIONAL PORTÉ SUR LES COMMUNES, PAS UN INDICE COMMUNAL. Toutes les communes d'une même région portent le même chiffre : l'IHSI ne publie pas plus fin. Il serait faux d'en conclure qu'une commune est plus chère qu'une autre à l'intérieur d'une région. Les prix ne sont relevés QU'EN ZONE URBAINE, alors que les pondérations couvrent villes et campagnes — l'IHSI le dit dans sa méthodologie. Les pondérations viennent de l'enquête ECVMAS de 2011-2012 et n'ont pas été actualisées depuis, pour un indice base 2017-2018. Le découpage en cinq régions ne recoupe PAS les dix départements : « Reste Ouest » réunit l'Ouest hors métropole et le Sud-Est.",2026-08-21
HT0933,HTC-0933,Bombardopolis,Nord,"Départements du Nord, du Nord-Est et du Nord-Ouest",Juin 26,577.1,0.9,16.9,100 en 2017-2018,SRC-052,"IHSI — Indice des prix à la consommation, ventilation régionale ; rattachement aux communes par Atmart","INDICE RÉGIONAL PORTÉ SUR LES COMMUNES, PAS UN INDICE COMMUNAL. Toutes les communes d'une même région portent le même chiffre : l'IHSI ne publie pas plus fin. Il serait faux d'en conclure qu'une commune est plus chère qu'une autre à l'intérieur d'une région. Les prix ne sont relevés QU'EN ZONE URBAINE, alors que les pondérations couvrent villes et campagnes — l'IHSI le dit dans sa méthodologie. Les pondérations viennent de l'enquête ECVMAS de 2011-2012 et n'ont pas été actualisées depuis, pour un indice base 2017-2018. Le découpage en cinq régions ne recoupe PAS les dix départements : « Reste Ouest » réunit l'Ouest hors métropole et le Sud-Est.",2026-08-21
HT0934,HTC-0934,Jean Rabel,Nord,"Départements du Nord, du Nord-Est et du Nord-Ouest",Juin 26,577.1,0.9,16.9,100 en 2017-2018,SRC-052,"IHSI — Indice des prix à la consommation, ventilation régionale ; rattachement aux communes par Atmart","INDICE RÉGIONAL PORTÉ SUR LES COMMUNES, PAS UN INDICE COMMUNAL. Toutes les communes d'une même région portent le même chiffre : l'IHSI ne publie pas plus fin. Il serait faux d'en conclure qu'une commune est plus chère qu'une autre à l'intérieur d'une région. Les prix ne sont relevés QU'EN ZONE URBAINE, alors que les pondérations couvrent villes et campagnes — l'IHSI le dit dans sa méthodologie. Les pondérations viennent de l'enquête ECVMAS de 2011-2012 et n'ont pas été actualisées depuis, pour un indice base 2017-2018. Le découpage en cinq régions ne recoupe PAS les dix départements : « Reste Ouest » réunit l'Ouest hors métropole et le Sud-Est.",2026-08-21
HT1011,HTC-1011,Miragoâne,Sud,"Départements du Sud, de la Grande-Anse et des Nippes",Juin 26,649.1,1.0,18.0,100 en 2017-2018,SRC-052,"IHSI — Indice des prix à la consommation, ventilation régionale ; rattachement aux communes par Atmart","INDICE RÉGIONAL PORTÉ SUR LES COMMUNES, PAS UN INDICE COMMUNAL. Toutes les communes d'une même région portent le même chiffre : l'IHSI ne publie pas plus fin. Il serait faux d'en conclure qu'une commune est plus chère qu'une autre à l'intérieur d'une région. Les prix ne sont relevés QU'EN ZONE URBAINE, alors que les pondérations couvrent villes et campagnes — l'IHSI le dit dans sa méthodologie. Les pondérations viennent de l'enquête ECVMAS de 2011-2012 et n'ont pas été actualisées depuis, pour un indice base 2017-2018. Le découpage en cinq régions ne recoupe PAS les dix départements : « Reste Ouest » réunit l'Ouest hors métropole et le Sud-Est.",2026-08-21
HT1012,HTC-1012,Petite Rivière de Nippes,Sud,"Départements du Sud, de la Grande-Anse et des Nippes",Juin 26,649.1,1.0,18.0,100 en 2017-2018,SRC-052,"IHSI — Indice des prix à la consommation, ventilation régionale ; rattachement aux communes par Atmart","INDICE RÉGIONAL PORTÉ SUR LES COMMUNES, PAS UN INDICE COMMUNAL. Toutes les communes d'une même région portent le même chiffre : l'IHSI ne publie pas plus fin. Il serait faux d'en conclure qu'une commune est plus chère qu'une autre à l'intérieur d'une région. Les prix ne sont relevés QU'EN ZONE URBAINE, alors que les pondérations couvrent villes et campagnes — l'IHSI le dit dans sa méthodologie. Les pondérations viennent de l'enquête ECVMAS de 2011-2012 et n'ont pas été actualisées depuis, pour un indice base 2017-2018. Le découpage en cinq régions ne recoupe PAS les dix départements : « Reste Ouest » réunit l'Ouest hors métropole et le Sud-Est.",2026-08-21
HT1013,HTC-1013,Fonds des Nègres,Sud,"Départements du Sud, de la Grande-Anse et des Nippes",Juin 26,649.1,1.0,18.0,100 en 2017-2018,SRC-052,"IHSI — Indice des prix à la consommation, ventilation régionale ; rattachement aux communes par Atmart","INDICE RÉGIONAL PORTÉ SUR LES COMMUNES, PAS UN INDICE COMMUNAL. Toutes les communes d'une même région portent le même chiffre : l'IHSI ne publie pas plus fin. Il serait faux d'en conclure qu'une commune est plus chère qu'une autre à l'intérieur d'une région. Les prix ne sont relevés QU'EN ZONE URBAINE, alors que les pondérations couvrent villes et campagnes — l'IHSI le dit dans sa méthodologie. Les pondérations viennent de l'enquête ECVMAS de 2011-2012 et n'ont pas été actualisées depuis, pour un indice base 2017-2018. Le découpage en cinq régions ne recoupe PAS les dix départements : « Reste Ouest » réunit l'Ouest hors métropole et le Sud-Est.",2026-08-21
HT1014,HTC-1014,Paillant,Sud,"Départements du Sud, de la Grande-Anse et des Nippes",Juin 26,649.1,1.0,18.0,100 en 2017-2018,SRC-052,"IHSI — Indice des prix à la consommation, ventilation régionale ; rattachement aux communes par Atmart","INDICE RÉGIONAL PORTÉ SUR LES COMMUNES, PAS UN INDICE COMMUNAL. Toutes les communes d'une même région portent le même chiffre : l'IHSI ne publie pas plus fin. Il serait faux d'en conclure qu'une commune est plus chère qu'une autre à l'intérieur d'une région. Les prix ne sont relevés QU'EN ZONE URBAINE, alors que les pondérations couvrent villes et campagnes — l'IHSI le dit dans sa méthodologie. Les pondérations viennent de l'enquête ECVMAS de 2011-2012 et n'ont pas été actualisées depuis, pour un indice base 2017-2018. Le découpage en cinq régions ne recoupe PAS les dix départements : « Reste Ouest » réunit l'Ouest hors métropole et le Sud-Est.",2026-08-21
HT1021,HTC-1021,Anse-à-Veau,Sud,"Départements du Sud, de la Grande-Anse et des Nippes",Juin 26,649.1,1.0,18.0,100 en 2017-2018,SRC-052,"IHSI — Indice des prix à la consommation, ventilation régionale ; rattachement aux communes par Atmart","INDICE RÉGIONAL PORTÉ SUR LES COMMUNES, PAS UN INDICE COMMUNAL. Toutes les communes d'une même région portent le même chiffre : l'IHSI ne publie pas plus fin. Il serait faux d'en conclure qu'une commune est plus chère qu'une autre à l'intérieur d'une région. Les prix ne sont relevés QU'EN ZONE URBAINE, alors que les pondérations couvrent villes et campagnes — l'IHSI le dit dans sa méthodologie. Les pondérations viennent de l'enquête ECVMAS de 2011-2012 et n'ont pas été actualisées depuis, pour un indice base 2017-2018. Le découpage en cinq régions ne recoupe PAS les dix départements : « Reste Ouest » réunit l'Ouest hors métropole et le Sud-Est.",2026-08-21
HT1022,HTC-1022,Petit Trou de Nippes,Sud,"Départements du Sud, de la Grande-Anse et des Nippes",Juin 26,649.1,1.0,18.0,100 en 2017-2018,SRC-052,"IHSI — Indice des prix à la consommation, ventilation régionale ; rattachement aux communes par Atmart","INDICE RÉGIONAL PORTÉ SUR LES COMMUNES, PAS UN INDICE COMMUNAL. Toutes les communes d'une même région portent le même chiffre : l'IHSI ne publie pas plus fin. Il serait faux d'en conclure qu'une commune est plus chère qu'une autre à l'intérieur d'une région. Les prix ne sont relevés QU'EN ZONE URBAINE, alors que les pondérations couvrent villes et campagnes — l'IHSI le dit dans sa méthodologie. Les pondérations viennent de l'enquête ECVMAS de 2011-2012 et n'ont pas été actualisées depuis, pour un indice base 2017-2018. Le découpage en cinq régions ne recoupe PAS les dix départements : « Reste Ouest » réunit l'Ouest hors métropole et le Sud-Est.",2026-08-21
HT1023,HTC-1023,L'Asile,Sud,"Départements du Sud, de la Grande-Anse et des Nippes",Juin 26,649.1,1.0,18.0,100 en 2017-2018,SRC-052,"IHSI — Indice des prix à la consommation, ventilation régionale ; rattachement aux communes par Atmart","INDICE RÉGIONAL PORTÉ SUR LES COMMUNES, PAS UN INDICE COMMUNAL. Toutes les communes d'une même région portent le même chiffre : l'IHSI ne publie pas plus fin. Il serait faux d'en conclure qu'une commune est plus chère qu'une autre à l'intérieur d'une région. Les prix ne sont relevés QU'EN ZONE URBAINE, alors que les pondérations couvrent villes et campagnes — l'IHSI le dit dans sa méthodologie. Les pondérations viennent de l'enquête ECVMAS de 2011-2012 et n'ont pas été actualisées depuis, pour un indice base 2017-2018. Le découpage en cinq régions ne recoupe PAS les dix départements : « Reste Ouest » réunit l'Ouest hors métropole et le Sud-Est.",2026-08-21
HT1024,HTC-1024,Arnaud,Sud,"Départements du Sud, de la Grande-Anse et des Nippes",Juin 26,649.1,1.0,18.0,100 en 2017-2018,SRC-052,"IHSI — Indice des prix à la consommation, ventilation régionale ; rattachement aux communes par Atmart","INDICE RÉGIONAL PORTÉ SUR LES COMMUNES, PAS UN INDICE COMMUNAL. Toutes les communes d'une même région portent le même chiffre : l'IHSI ne publie pas plus fin. Il serait faux d'en conclure qu'une commune est plus chère qu'une autre à l'intérieur d'une région. Les prix ne sont relevés QU'EN ZONE URBAINE, alors que les pondérations couvrent villes et campagnes — l'IHSI le dit dans sa méthodologie. Les pondérations viennent de l'enquête ECVMAS de 2011-2012 et n'ont pas été actualisées depuis, pour un indice base 2017-2018. Le découpage en cinq régions ne recoupe PAS les dix départements : « Reste Ouest » réunit l'Ouest hors métropole et le Sud-Est.",2026-08-21
HT1025,HTC-1025,Plaisance du Sud,Sud,"Départements du Sud, de la Grande-Anse et des Nippes",Juin 26,649.1,1.0,18.0,100 en 2017-2018,SRC-052,"IHSI — Indice des prix à la consommation, ventilation régionale ; rattachement aux communes par Atmart","INDICE RÉGIONAL PORTÉ SUR LES COMMUNES, PAS UN INDICE COMMUNAL. Toutes les communes d'une même région portent le même chiffre : l'IHSI ne publie pas plus fin. Il serait faux d'en conclure qu'une commune est plus chère qu'une autre à l'intérieur d'une région. Les prix ne sont relevés QU'EN ZONE URBAINE, alors que les pondérations couvrent villes et campagnes — l'IHSI le dit dans sa méthodologie. Les pondérations viennent de l'enquête ECVMAS de 2011-2012 et n'ont pas été actualisées depuis, pour un indice base 2017-2018. Le découpage en cinq régions ne recoupe PAS les dix départements : « Reste Ouest » réunit l'Ouest hors métropole et le Sud-Est.",2026-08-21
HT1031,HTC-1031,Baradères,Sud,"Départements du Sud, de la Grande-Anse et des Nippes",Juin 26,649.1,1.0,18.0,100 en 2017-2018,SRC-052,"IHSI — Indice des prix à la consommation, ventilation régionale ; rattachement aux communes par Atmart","INDICE RÉGIONAL PORTÉ SUR LES COMMUNES, PAS UN INDICE COMMUNAL. Toutes les communes d'une même région portent le même chiffre : l'IHSI ne publie pas plus fin. Il serait faux d'en conclure qu'une commune est plus chère qu'une autre à l'intérieur d'une région. Les prix ne sont relevés QU'EN ZONE URBAINE, alors que les pondérations couvrent villes et campagnes — l'IHSI le dit dans sa méthodologie. Les pondérations viennent de l'enquête ECVMAS de 2011-2012 et n'ont pas été actualisées depuis, pour un indice base 2017-2018. Le découpage en cinq régions ne recoupe PAS les dix départements : « Reste Ouest » réunit l'Ouest hors métropole et le Sud-Est.",2026-08-21
HT1032,HTC-1032,Grand-Boucan,Sud,"Départements du Sud, de la Grande-Anse et des Nippes",Juin 26,649.1,1.0,18.0,100 en 2017-2018,SRC-052,"IHSI — Indice des prix à la consommation, ventilation régionale ; rattachement aux communes par Atmart","INDICE RÉGIONAL PORTÉ SUR LES COMMUNES, PAS UN INDICE COMMUNAL. Toutes les communes d'une même région portent le même chiffre : l'IHSI ne publie pas plus fin. Il serait faux d'en conclure qu'une commune est plus chère qu'une autre à l'intérieur d'une région. Les prix ne sont relevés QU'EN ZONE URBAINE, alors que les pondérations couvrent villes et campagnes — l'IHSI le dit dans sa méthodologie. Les pondérations viennent de l'enquête ECVMAS de 2011-2012 et n'ont pas été actualisées depuis, pour un indice base 2017-2018. Le découpage en cinq régions ne recoupe PAS les dix départements : « Reste Ouest » réunit l'Ouest hors métropole et le Sud-Est.",2026-08-21
