{"titre":"Bassins versants (SRTM 2014)","source_id":"SRC-035","source":"CNIGS via HaitiData (haitidata.org), téléchargé le 14/08/2026","licence":"données publiques CNIGS — attribution","millesime":"découpage SRTM, mai 2014","limite":"Découpage hydrologique de référence — géométries simplifiées (~200 m) pour l'affichage ; l'original est au dépôt de production.","type":"FeatureCollection","features":[{"type":"Feature","geometry":{"type":"MultiPolygon","coordinates":[[[[-72.2273,19.5843],[-72.2257,19.5821],[-72.223,19.5805],[-72.2227,19.5784],[-72.2203,19.5763],[-72.2209,19.5749],[-72.2216,19.5721],[-72.2204,19.5705],[-72.2192,19.5696],[-72.2186,19.568],[-72.2181,19.5662],[-72.2162,19.5654],[-72.2143,19.5657],[-72.2144,19.5625],[-72.2147,19.5601],[-72.2145,19.558],[-72.2146,19.5557],[-72.2155,19.5524],[-72.2164,19.5494],[-72.2168,19.5457],[-72.2165,19.5439],[-72.218,19.5419],[-72.2171,19.5397],[-72.2177,19.5382],[-72.2188,19.5368],[-72.2192,19.5348],[-72.2193,19.5328],[-72.217,19.5312],[-72.2157,19.5287],[-72.2171,19.5273],[-72.2165,19.5245],[-72.2143,19.5216],[-72.2149,19.5202],[-72.2146,19.5184],[-72.2133,19.5169],[-72.2119,19.5157],[-72.2117,19.5139],[-72.2089,19.5101],[-72.2078,19.5087],[-72.2067,19.5076],[-72.2053,19.5062],[-72.2036,19.5032],[-72.2019,19.5013],[-72.199,19.5004],[-72.1977,19.4987],[-72.1962,19.4976],[-72.1943,19.4956],[-72.1925,19.4949],[-72.1894,19.4946],[-72.1862,19.4954],[-72.1842,19.4953],[-72.1818,19.4927],[-72.1801,19.4907],[-72.1782,19.4873],[-72.176,19.4856],[-72.1742,19.483],[-72.1716,19.4817],[-72.1694,19.4791],[-72.1673,19.4761],[-72.1671,19.4742],[-72.1658,19.4727],[-72.1654,19.4701],[-72.1643,19.4684],[-72.1631,19.4662],[-72.1598,19.4649],[-72.1598,19.4624],[-72.1596,19.4606],[-72.1585,19.4586],[-72.158,19.4569],[-72.156,19.4557],[-72.1559,19.4523],[-72.1548,19.4511],[-72.1528,19.45],[-72.1526,19.4478],[-72.1514,19.4465],[-72.1505,19.4439],[-72.1488,19.4411],[-72.1472,19.4377],[-72.1461,19.4361],[-72.145,19.4347],[-72.1436,19.433],[-72.1428,19.4314],[-72.1399,19.4312],[-72.1385,19.4306],[-72.1376,19.4289],[-72.1373,19.4261],[-72.1362,19.4247],[-72.1357,19.4226],[-72.1332,19.419],[-72.1318,19.4133],[-72.1317,19.4111],[-72.1321,19.4092],[-72.1326,19.407],[-72.134,19.4055],[-72.1338,19.4021],[-72.1341,19.3986],[-72.1337,19.3968],[-72.1325,19.3948],[-72.1318,19.3922],[-72.132,19.3873],[-72.1307,19.3853],[-72.1309,19.3832],[-72.1247,19.3834],[-72.1226,19.3828],[-72.1192,19.382],[-72.1177,19.3814],[-72.1152,19.3802],[-72.1136,19.3784],[-72.1149,19.3759],[-72.1131,19.3747],[-72.1115,19.3739],[-72.1091,19.3729],[-72.1073,19.3719],[-72.1046,19.372],[-72.1014,19.3717],[-72.0984,19.3713],[-72.0969,19.3705],[-72.0952,19.3694],[-72.0934,19.3683],[-72.0921,19.3675],[-72.091,19.3666],[-72.0892,19.3655],[-72.0875,19.3638],[-72.0863,19.362],[-72.0845,19.363],[-72.0797,19.3627],[-72.0767,19.3619],[-72.0749,19.3604],[-72.0732,19.3607],[-72.0712,19.3612],[-72.0698,19.3598],[-72.0657,19.3592],[-72.064,19.358],[-72.0624,19.3589],[-72.0603,19.3607],[-72.0595,19.3634],[-72.0578,19.3637],[-72.0558,19.3639],[-72.0541,19.365],[-72.0523,19.3639],[-72.0499,19.3639],[-72.0484,19.3657],[-72.0457,19.3659],[-72.0442,19.3669],[-72.0438,19.3686],[-72.042,19.3696],[-72.0409,19.3707],[-72.0382,19.3724],[-72.0356,19.3729],[-72.0357,19.3748],[-72.0342,19.377],[-72.0333,19.3784],[-72.0336,19.3809],[-72.0315,19.3813],[-72.0291,19.3805],[-72.0267,19.3802],[-72.023,19.383],[-72.0202,19.3846],[-72.0198,19.3873],[-72.0176,19.3886],[-72.016,19.3895],[-72.0129,19.3896],[-72.0104,19.3904],[-72.0085,19.3915],[-72.0051,19.3915],[-72.0037,19.3905],[-72.0023,19.3894],[-72.0009,19.3877],[-71.9993,19.3868],[-71.9975,19.3871],[-71.9954,19.3892],[-71.9941,19.391],[-71.993,19.3927],[-71.9904,19.3911],[-71.9882,19.3919],[-71.9856,19.3912],[-71.9842,19.3919],[-71.9822,19.3935],[-71.981,19.3948],[-71.9781,19.3946],[-71.9753,19.3946],[-71.9736,19.3952],[-71.972,19.3956],[-71.9711,19.3974],[-71.9704,19.399],[-71.9694,19.4005],[-71.9679,19.4015],[-71.968,19.4035],[-71.9672,19.4054],[-71.9679,19.4071],[-71.968,19.4096],[-71.9685,19.4123],[-71.97,19.4142],[-71.9692,19.4159],[-71.9698,19.4178],[-71.97,19.4197],[-71.9688,19.4213],[-71.9656,19.4208],[-71.9626,19.4183],[-71.9603,19.4195],[-71.9585,19.4204],[-71.9561,19.4195],[-71.953,19.4186],[-71.9513,19.418],[-71.9495,19.4195],[-71.9483,19.4206],[-71.9467,19.4199],[-71.9452,19.4182],[-71.9446,19.4167],[-71.9422,19.4158],[-71.9403,19.4154],[-71.9384,19.4144],[-71.9357,19.4147],[-71.9341,19.4137],[-71.9333,19.4159],[-71.9323,19.4171],[-71.9308,19.4159],[-71.9295,19.4152],[-71.9266,19.4147],[-71.9241,19.4137],[-71.9235,19.4118],[-71.921,19.4097],[-71.9191,19.409],[-71.9185,19.4075],[-71.9175,19.406],[-71.9159,19.4043],[-71.9143,19.4031],[-71.914,19.4008],[-71.9119,19.3995],[-71.9111,19.3981],[-71.9081,19.399],[-71.9055,19.3979],[-71.9029,19.3978],[-71.9004,19.3981],[-71.8976,19.3983],[-71.8933,19.3992],[-71.8913,19.3985],[-71.8891,19.3971],[-71.8869,19.3964],[-71.8857,19.3955],[-71.8855,19.3935],[-71.8836,19.3931],[-71.8827,19.391],[-71.8813,19.3888],[-71.8786,19.3875],[-71.8779,19.3888],[-71.8773,19.3914],[-71.8761,19.3927],[-71.875,19.3938],[-71.8734,19.395],[-71.8724,19.3964],[-71.8715,19.3978],[-71.8723,19.3992],[-71.8749,19.401],[-71.8756,19.4027],[-71.8767,19.4048],[-71.877,19.4071],[-71.8783,19.4086],[-71.8789,19.41],[-71.8792,19.4118],[-71.8775,19.4133],[-71.8771,19.4152],[-71.8748,19.4176],[-71.874,19.4194],[-71.8745,19.4223],[-71.8737,19.4237],[-71.8721,19.4251],[-71.8712,19.4269],[-71.8706,19.4288],[-71.8698,19.4304],[-71.8708,19.4325],[-71.872,19.4339],[-71.8727,19.4372],[-71.8721,19.4399],[-71.8704,19.4421],[-71.8693,19.4433],[-71.8661,19.4445],[-71.8635,19.4464],[-71.86,19.4467],[-71.8585,19.4475],[-71.8563,19.4477],[-71.8535,19.4479],[-71.8508,19.4445],[-71.8496,19.4424],[-71.849,19.4397],[-71.8495,19.4376],[-71.8491,19.4357],[-71.8483,19.4333],[-71.8471,19.4312],[-71.845,19.4298],[-71.8428,19.428],[-71.8408,19.4261],[-71.8399,19.4237],[-71.8409,19.4212],[-71.8394,19.4201],[-71.8368,19.4195],[-71.8358,19.4177],[-71.8342,19.4153],[-71.8316,19.4149],[-71.8301,19.4137],[-71.8274,19.4119],[-71.8256,19.4095],[-71.8245,19.4071],[-71.8233,19.4061],[-71.8215,19.4064],[-71.8181,19.4071],[-71.8158,19.4077],[-71.8142,19.4072],[-71.8128,19.4079],[-71.8107,19.4097],[-71.809,19.4104],[-71.8084,19.4123],[-71.8072,19.4137],[-71.8045,19.4155],[-71.8037,19.418],[-71.8003,19.4176],[-71.7986,19.4168],[-71.7974,19.4154],[-71.7949,19.4151],[-71.7924,19.4155],[-71.7907,19.417],[-71.7894,19.4162],[-71.7872,19.4166],[-71.7849,19.4157],[-71.7828,19.4176],[-71.7818,19.4165],[-71.7805,19.4148],[-71.7812,19.413],[-71.7805,19.411],[-71.7802,19.409],[-71.7817,19.4078],[-71.78,19.4067],[-71.7783,19.4056],[-71.7766,19.4044],[-71.7756,19.4019],[-71.7727,19.4016],[-71.7709,19.4007],[-71.7697,19.4029],[-71.767,19.4044],[-71.766,19.4063],[-71.7638,19.4054],[-71.7618,19.403],[-71.759,19.405],[-71.7579,19.4028],[-71.7558,19.4031],[-71.7543,19.4014],[-71.7517,19.4005],[-71.75,19.4],[-71.7478,19.3994],[-71.7455,19.3983],[-71.7438,19.3968],[-71.7449,19.3951],[-71.7425,19.3946],[-71.7419,19.393],[-71.7407,19.3909],[-71.7385,19.3896],[-71.7369,19.3884],[-71.7346,19.3876],[-71.733,19.3862],[-71.7308,19.3851],[-71.7289,19.3847],[-71.7273,19.384],[-71.7255,19.3826],[-71.7237,19.3809],[-71.724,19.3777],[-71.7228,19.3762],[-71.7201,19.3763],[-71.7178,19.3759],[-71.7165,19.3747],[-71.7156,19.3725],[-71.7142,19.3717],[-71.717,19.3685],[-71.7178,19.3667],[-71.7185,19.3648],[-71.7182,19.3629],[-71.7198,19.3643],[-71.7216,19.3653],[-71.7245,19.3667],[-71.7292,19.3634],[-71.731,19.3616],[-71.735,19.3608],[-71.7376,19.3582],[-71.7441,19.3564],[-71.7483,19.3536],[-71.7502,19.3469],[-71.7511,19.3438],[-71.7518,19.3407],[-71.7563,19.3397],[-71.7632,19.3392],[-71.7683,19.3388],[-71.7722,19.3386],[-71.7747,19.3375],[-71.7788,19.3355],[-71.7834,19.3333],[-71.7858,19.3318],[-71.7828,19.3298],[-71.7806,19.3296],[-71.7791,19.3291],[-71.7781,19.328],[-71.7767,19.3267],[-71.7767,19.3238],[-71.7743,19.3228],[-71.7738,19.3205],[-71.7715,19.3204],[-71.7695,19.3209],[-71.7691,19.3192],[-71.7697,19.3177],[-71.7681,19.3168],[-71.7668,19.3148],[-71.7665,19.3119],[-71.7654,19.3108],[-71.7645,19.3082],[-71.7627,19.3075],[-71.7639,19.3051],[-71.7632,19.303],[-71.7626,19.3049],[-71.7616,19.3038],[-71.7595,19.3037],[-71.7592,19.3015],[-71.7572,19.3012],[-71.7563,19.2997],[-71.7562,19.2977],[-71.7603,19.2959],[-71.7608,19.2944],[-71.7611,19.2916],[-71.7586,19.2909],[-71.7565,19.2914],[-71.7551,19.2899],[-71.7533,19.2883],[-71.7537,19.2863],[-71.7534,19.2844],[-71.7543,19.2829],[-71.7552,19.2814],[-71.7531,19.2797],[-71.7511,19.2793],[-71.7486,19.2781],[-71.7481,19.2755],[-71.7472,19.2742],[-71.7452,19.2758],[-71.7431,19.2768],[-71.7401,19.277],[-71.7395,19.2787],[-71.7387,19.2753],[-71.7397,19.2739],[-71.739,19.2725],[-71.7384,19.2691],[-71.7366,19.2676],[-71.7359,19.2657],[-71.7339,19.2653],[-71.7317,19.2623],[-71.7322,19.2665],[-71.7311,19.268],[-71.7301,19.2703],[-71.7293,19.272],[-71.7283,19.2735],[-71.7274,19.2752],[-71.7277,19.2772],[-71.7256,19.2784],[-71.7241,19.2767],[-71.7227,19.2719],[-71.722,19.2701],[-71.7241,19.2687],[-71.7226,19.2677],[-71.721,19.2669],[-71.718,19.2673],[-71.7158,19.2664],[-71.7141,19.2637],[-71.7116,19.2609],[-71.71,19.2604],[-71.7087,19.2597],[-71.7074,19.2577],[-71.7076,19.2554],[-71.709,19.253],[-71.7081,19.2512],[-71.7061,19.251],[-71.7046,19.2478],[-71.7028,19.2476],[-71.7015,19.2463],[-71.7003,19.2453],[-71.6983,19.2442],[-71.6975,19.2429],[-71.697,19.2408],[-71.6935,19.242],[-71.6922,19.241],[-71.691,19.2393],[-71.6889,19.2388],[-71.6857,19.2391],[-71.685,19.2375],[-71.6827,19.2373],[-71.6808,19.2368],[-71.6802,19.2346],[-71.6791,19.2325],[-71.6772,19.2334],[-71.6769,19.2352],[-71.6749,19.2358],[-71.6716,19.2355],[-71.6706,19.2332],[-71.6686,19.2344],[-71.6666,19.234],[-71.6673,19.2309],[-71.6661,19.2297],[-71.6638,19.2299],[-71.66,19.2294],[-71.6578,19.229],[-71.6545,19.2298],[-71.6528,19.2303],[-71.6513,19.2294],[-71.6492,19.2296],[-71.6466,19.2283],[-71.6446,19.2295],[-71.6411,19.2293],[-71.6384,19.2279],[-71.6393,19.2264],[-71.6409,19.2259],[-71.6385,19.2254],[-71.6358,19.2252],[-71.6368,19.2241],[-71.635,19.2209],[-71.6338,19.2167],[-71.6313,19.2149],[-71.63,19.213],[-71.6286,19.2112],[-71.6337,19.208],[-71.6303,19.208],[-71.628,19.2082],[-71.6269,19.2093],[-71.6264,19.2077],[-71.6238,19.2079],[-71.6222,19.2061],[-71.6242,19.2062],[-71.6239,19.204],[-71.6264,19.2043],[-71.6278,19.2055],[-71.6306,19.2053],[-71.6337,19.2051],[-71.6351,19.2035],[-71.6379,19.2022],[-71.6372,19.2006],[-71.6379,19.1988],[-71.6386,19.1973],[-71.6383,19.1954],[-71.6378,19.1939],[-71.6396,19.193],[-71.6375,19.1922],[-71.6372,19.19],[-71.6353,19.1898],[-71.6341,19.1889],[-71.6323,19.1891],[-71.6306,19.1896],[-71.6299,19.187],[-71.628,19.1869],[-71.6276,19.1848],[-71.6285,19.1836],[-71.6277,19.1819],[-71.6301,19.1816],[-71.6316,19.1834],[-71.634,19.1819],[-71.6354,19.1833],[-71.6365,19.1807],[-71.6371,19.1793],[-71.6411,19.1786],[-71.6445,19.1802],[-71.6436,19.1782],[-71.6455,19.1776],[-71.6473,19.1767],[-71.6451,19.1762],[-71.6435,19.1756],[-71.6411,19.1748],[-71.6391,19.1744],[-71.6362,19.171],[-71.6346,19.1696],[-71.6365,19.1689],[-71.6362,19.1668],[-71.6405,19.1682],[-71.6418,19.1669],[-71.6444,19.1683],[-71.6464,19.1687],[-71.6449,19.1659],[-71.6465,19.1642],[-71.6447,19.1629],[-71.6456,19.1616],[-71.6439,19.1606],[-71.6433,19.1582],[-71.6424,19.157],[-71.6438,19.1562],[-71.6459,19.1571],[-71.6442,19.1551],[-71.6456,19.1539],[-71.6468,19.1527],[-71.6451,19.1517],[-71.6441,19.1498],[-71.6418,19.1486],[-71.6405,19.1469],[-71.6428,19.1452],[-71.6449,19.1455],[-71.6476,19.1443],[-71.6491,19.1438],[-71.6523,19.1432],[-71.6569,19.1437],[-71.6561,19.1421],[-71.6543,19.141],[-71.6528,19.1389],[-71.6503,19.1378],[-71.6473,19.1361],[-71.6465,19.1335],[-71.6476,19.1317],[-71.6478,19.1291],[-71.6492,19.1268],[-71.6499,19.1249],[-71.6512,19.1229],[-71.6516,19.1209],[-71.6538,19.1187],[-71.6538,19.1166],[-71.6557,19.1174],[-71.6572,19.1164],[-71.6582,19.115],[-71.6631,19.113],[-71.6651,19.1143],[-71.6673,19.1145],[-71.6681,19.1161],[-71.6706,19.1175],[-71.6713,19.116],[-71.673,19.1129],[-71.6749,19.1135],[-71.6767,19.1147],[-71.6771,19.1169],[-71.6797,19.1161],[-71.6826,19.1172],[-71.6819,19.1158],[-71.6806,19.1137],[-71.6798,19.1122],[-71.6803,19.1104],[-71.6798,19.1089],[-71.6831,19.1085],[-71.6849,19.1031],[-71.6873,19.1035],[-71.6891,19.1054],[-71.697,19.1087],[-71.7001,19.1081],[-71.7026,19.1067],[-71.7041,19.1045],[-71.7052,19.1036],[-71.7061,19.1011],[-71.7068,19.0991],[-71.7045,19.0971],[-71.702,19.0971],[-71.6994,19.0957],[-71.6991,19.0936],[-71.697,19.0903],[-71.6973,19.0872],[-71.6997,19.087],[-71.7023,19.0848],[-71.7094,19.0856],[-71.7119,19.0842],[-71.7129,19.0822],[-71.7127,19.0794],[-71.7104,19.0776],[-71.7072,19.0765],[-71.7036,19.0762],[-71.7021,19.0749],[-71.7062,19.0695],[-71.7102,19.0673],[-71.7105,19.0694],[-71.7112,19.0707],[-71.7164,19.0712],[-71.7191,19.0689],[-71.721,19.0661],[-71.7196,19.0637],[-71.7165,19.0632],[-71.7167,19.0601],[-71.7185,19.0587],[-71.7207,19.0599],[-71.7229,19.0576],[-71.7228,19.0552],[-71.7234,19.0537],[-71.7276,19.0519],[-71.7325,19.0501],[-71.7378,19.05],[-71.7376,19.0467],[-71.7387,19.0452],[-71.7405,19.0434],[-71.7428,19.0443],[-71.7468,19.0472],[-71.7504,19.0474],[-71.7523,19.0462],[-71.7539,19.043],[-71.7548,19.0413],[-71.7572,19.0403],[-71.7639,19.0348],[-71.7623,19.0321],[-71.7604,19.03],[-71.7611,19.0274],[-71.7648,19.0263],[-71.768,19.0319],[-71.7702,19.0318],[-71.7724,19.03],[-71.7765,19.0244],[-71.7805,19.0206],[-71.7827,19.0175],[-71.7814,19.016],[-71.7778,19.0163],[-71.7759,19.013],[-71.7779,19.0113],[-71.7814,19.0108],[-71.7851,19.0123],[-71.787,19.0104],[-71.791,19.008],[-71.7914,19.001],[-71.789,18.9996],[-71.7866,18.9972],[-71.7878,18.9942],[-71.7891,18.9933],[-71.7917,18.993],[-71.7945,18.9948],[-71.7984,18.9962],[-71.7974,18.9977],[-71.7963,18.9997],[-71.7972,19.0037],[-71.7991,19.0052],[-71.8024,19.0052],[-71.8059,19.0029],[-71.8052,19.0008],[-71.8047,18.9993],[-71.8062,18.9984],[-71.8103,18.998],[-71.8144,18.9961],[-71.8192,18.9969],[-71.8262,18.9935],[-71.8283,18.9943],[-71.8291,18.9956],[-71.8306,19.0044],[-71.8334,19.0059],[-71.8347,19.0032],[-71.835,19.0009],[-71.8368,19.0006],[-71.8417,19.0002],[-71.8429,18.9971],[-71.844,18.9928],[-71.8523,18.993],[-71.8526,18.9904],[-71.8513,18.9872],[-71.8534,18.9853],[-71.856,18.9829],[-71.8567,18.9815],[-71.8557,18.9785],[-71.8569,18.9772],[-71.8584,18.9766],[-71.8623,18.9777],[-71.8629,18.9818],[-71.865,18.9827],[-71.8679,18.982],[-71.8684,18.9789],[-71.8687,18.9745],[-71.8759,18.972],[-71.8765,18.9684],[-71.875,18.9664],[-71.8741,18.9653],[-71.8747,18.9609],[-71.8748,18.9583],[-71.8792,18.9568],[-71.881,18.9571],[-71.882,18.9582],[-71.8837,18.9598],[-71.8859,18.9554],[-71.8841,18.9532],[-71.8833,18.9515],[-71.8839,18.9473],[-71.8831,18.9427],[-71.8797,18.9418],[-71.8777,18.9438],[-71.8764,18.9456],[-71.8762,18.9485],[-71.8732,18.9482],[-71.8701,18.9476],[-71.8687,18.9462],[-71.8631,18.948],[-71.8611,18.9477],[-71.8612,18.9531],[-71.8628,18.9552],[-71.8621,18.9571],[-71.8605,18.9599],[-71.8614,18.962],[-71.861,18.9637],[-71.859,18.9635],[-71.8548,18.9577],[-71.8557,18.9555],[-71.8544,18.9546],[-71.85,18.96],[-71.8498,18.9629],[-71.8462,18.9626],[-71.8464,18.9597],[-71.8455,18.9576],[-71.8441,18.9568],[-71.8416,18.9583],[-71.8421,18.9611],[-71.8439,18.9618],[-71.8434,18.9642],[-71.8428,18.9662],[-71.8408,18.9663],[-71.8396,18.9693],[-71.8371,18.9704],[-71.8355,18.97],[-71.8348,18.9659],[-71.8338,18.964],[-71.8303,18.965],[-71.8287,18.9662],[-71.8271,18.9684],[-71.8241,18.9683],[-71.8229,18.9694],[-71.8222,18.9675],[-71.8241,18.9658],[-71.8261,18.9654],[-71.8213,18.9632],[-71.8182,18.9628],[-71.8164,18.9646],[-71.8144,18.9648],[-71.8127,18.9636],[-71.8125,18.9602],[-71.8104,18.9602],[-71.8083,18.96],[-71.806,18.9588],[-71.8032,18.9577],[-71.8034,18.955],[-71.7987,18.957],[-71.7962,18.9563],[-71.7962,18.954],[-71.7948,18.9527],[-71.7935,18.9554],[-71.7924,18.9571],[-71.7908,18.958],[-71.7889,18.9565],[-71.7868,18.9556],[-71.7839,18.9555],[-71.7819,18.9549],[-71.7822,18.9508],[-71.7829,18.9484],[-71.7816,18.945],[-71.7788,18.9376],[-71.7773,18.9329],[-71.7763,18.9299],[-71.7743,18.9248],[-71.7721,18.9192],[-71.7682,18.907],[-71.7603,18.9059],[-71.75,18.8986],[-71.748,18.8971],[-71.7436,18.8931],[-71.7392,18.8914],[-71.7366,18.8852],[-71.7375,18.878],[-71.7266,18.877],[-71.723,18.8808],[-71.7222,18.8787],[-71.7252,18.8755],[-71.7259,18.8637],[-71.7257,18.8591],[-71.7264,18.8574],[-71.7266,18.8549],[-71.7264,18.8517],[-71.7253,18.8507],[-71.7258,18.849],[-71.7249,18.8471],[-71.7254,18.8451],[-71.7261,18.8417],[-71.7256,18.8394],[-71.7208,18.8328],[-71.7223,18.8258],[-71.7222,18.8225],[-71.722,18.808],[-71.722,18.805],[-71.7234,18.7977],[-71.7277,18.7777],[-71.7288,18.7723],[-71.731,18.7603],[-71.7326,18.7518],[-71.738,18.7223],[-71.7496,18.7182],[-71.773,18.71],[-71.7752,18.7104],[-71.7838,18.7062],[-71.7853,18.7026],[-71.7855,18.6977],[-71.7859,18.6921],[-71.7889,18.6896],[-71.794,18.6893],[-71.7948,18.6911],[-71.7977,18.6919],[-71.8042,18.6854],[-71.8016,18.6808],[-71.803,18.6699],[-71.8096,18.6614],[-71.809,18.6516],[-71.807,18.6451],[-71.8072,18.6354],[-71.8122,18.6342],[-71.8154,18.6307],[-71.8276,18.6333],[-71.8362,18.6297],[-71.8444,18.6295],[-71.8507,18.6348],[-71.8523,18.6359],[-71.8542,18.6361],[-71.8561,18.6354],[-71.8604,18.6368],[-71.8652,18.6365],[-71.8686,18.6377],[-71.8693,18.6357],[-71.8734,18.628],[-71.8761,18.6282],[-71.8799,18.6272],[-71.8823,18.6333],[-71.8843,18.6366],[-71.8957,18.6438],[-71.9022,18.6476],[-71.9047,18.6485],[-71.9066,18.6489],[-71.9105,18.6484],[-71.9134,18.6487],[-71.9147,18.6465],[-71.9166,18.6448],[-71.9175,18.6436],[-71.9215,18.6373],[-71.9257,18.6349],[-71.9277,18.6354],[-71.9316,18.6376],[-71.9412,18.644],[-71.9445,18.6479],[-71.9465,18.6484],[-71.9532,18.6521],[-71.9553,18.6508],[-71.9625,18.6536],[-71.9638,18.6547],[-71.9664,18.6568],[-71.9735,18.6498],[-71.976,18.65],[-71.9775,18.6525],[-71.9796,18.6523],[-71.9817,18.6536],[-71.9836,18.6527],[-71.9856,18.6532],[-71.9875,18.6542],[-71.9872,18.6567],[-71.9893,18.6573],[-71.9911,18.6569],[-71.9938,18.6559],[-71.9954,18.6584],[-71.9967,18.6574],[-71.9974,18.6589],[-71.9984,18.6602],[-72.0005,18.6613],[-72.0003,18.6639],[-71.9999,18.6658],[-71.9994,18.668],[-72.005,18.6667],[-72.0073,18.6691],[-72.0081,18.6709],[-72.0076,18.6726],[-72.0087,18.6752],[-72.0078,18.6775],[-72.0072,18.6805],[-72.0054,18.685],[-72.0045,18.6882],[-72.0036,18.6905],[-72.007,18.69],[-72.0073,18.6876],[-72.0093,18.686],[-72.0098,18.6843],[-72.0108,18.6829],[-72.0123,18.6812],[-72.0135,18.6799],[-72.0138,18.6778],[-72.0155,18.6752],[-72.0166,18.6742],[-72.0194,18.6756],[-72.0197,18.6779],[-72.0185,18.6807],[-72.0179,18.6841],[-72.0193,18.6863],[-72.0203,18.6875],[-72.0212,18.6893],[-72.0197,18.6911],[-72.0207,18.6927],[-72.0195,18.6952],[-72.0197,18.6982],[-72.02,18.7016],[-72.019,18.7046],[-72.0157,18.7058],[-72.0139,18.7068],[-72.0156,18.7077],[-72.0177,18.707],[-72.0201,18.7068],[-72.0224,18.7056],[-72.0243,18.7087],[-72.0268,18.7099],[-72.0281,18.7107],[-72.0304,18.7107],[-72.0335,18.7107],[-72.0353,18.7117],[-72.0368,18.7123],[-72.0387,18.7116],[-72.0404,18.712],[-72.0422,18.7108],[-72.0434,18.7128],[-72.0449,18.7139],[-72.0474,18.7145],[-72.0479,18.7167],[-72.0488,18.7178],[-72.0493,18.7194],[-72.0506,18.7213],[-72.0527,18.7219],[-72.0549,18.723],[-72.0566,18.7243],[-72.058,18.7249],[-72.0596,18.7262],[-72.0611,18.7269],[-72.0626,18.7277],[-72.0645,18.7264],[-72.0668,18.7251],[-72.0683,18.7244],[-72.0698,18.7236],[-72.0725,18.7218],[-72.0753,18.7209],[-72.0773,18.7197],[-72.0781,18.7181],[-72.0801,18.717],[-72.0819,18.715],[-72.0837,18.7132],[-72.0844,18.7115],[-72.0863,18.7111],[-72.0877,18.71],[-72.0891,18.7089],[-72.0913,18.7079],[-72.094,18.7088],[-72.0952,18.7096],[-72.0984,18.711],[-72.1001,18.7105],[-72.1025,18.7078],[-72.1043,18.7088],[-72.1059,18.7083],[-72.1109,18.7081],[-72.1135,18.7058],[-72.1145,18.7027],[-72.1161,18.7018],[-72.1178,18.7014],[-72.1181,18.7032],[-72.1194,18.7044],[-72.1215,18.7057],[-72.1223,18.7072],[-72.1217,18.7087],[-72.1225,18.71],[-72.1243,18.7082],[-72.1254,18.7066],[-72.1273,18.7046],[-72.1288,18.7052],[-72.1313,18.7075],[-72.1334,18.7098],[-72.1341,18.7118],[-72.1367,18.7133],[-72.137,18.7157],[-72.1386,18.7162],[-72.1406,18.7151],[-72.1421,18.7165],[-72.1445,18.7168],[-72.1449,18.7149],[-72.1465,18.7141],[-72.1486,18.7133],[-72.1485,18.7114],[-72.1526,18.7111],[-72.1553,18.7113],[-72.1576,18.7105],[-72.1601,18.7116],[-72.1611,18.7101],[-72.163,18.7093],[-72.1651,18.7091],[-72.1675,18.7096],[-72.1686,18.7121],[-72.17,18.7132],[-72.1713,18.7147],[-72.1733,18.7163],[-72.1745,18.7178],[-72.1766,18.7193],[-72.1744,18.7209],[-72.1746,18.7228],[-72.1733,18.7238],[-72.174,18.7257],[-72.1752,18.7273],[-72.1766,18.7289],[-72.1779,18.7307],[-72.1794,18.7326],[-72.183,18.733],[-72.1847,18.7342],[-72.1874,18.7344],[-72.1892,18.7347],[-72.1903,18.7362],[-72.1928,18.7363],[-72.1946,18.7344],[-72.1963,18.7323],[-72.1993,18.7339],[-72.2009,18.7344],[-72.2023,18.7352],[-72.2044,18.7361],[-72.2069,18.7364],[-72.2088,18.7372],[-72.2124,18.7393],[-72.2153,18.7401],[-72.2174,18.74],[-72.2192,18.7411],[-72.2215,18.7405],[-72.2229,18.7416],[-72.2243,18.7422],[-72.2285,18.7406],[-72.2305,18.7416],[-72.2322,18.7404],[-72.2317,18.7371],[-72.2323,18.7354],[-72.2312,18.7335],[-72.2306,18.7318],[-72.2297,18.7296],[-72.2309,18.7283],[-72.233,18.7291],[-72.2345,18.7298],[-72.2363,18.7284],[-72.2371,18.7269],[-72.239,18.7278],[-72.2412,18.7274],[-72.2435,18.7266],[-72.2458,18.727],[-72.2472,18.7287],[-72.2489,18.7283],[-72.2506,18.7265],[-72.2509,18.7247],[-72.2523,18.7258],[-72.2519,18.7312],[-72.2547,18.732],[-72.2563,18.7329],[-72.2589,18.7342],[-72.2599,18.7354],[-72.2594,18.7375],[-72.2586,18.7393],[-72.2561,18.7392],[-72.2533,18.7393],[-72.2516,18.7384],[-72.2496,18.7389],[-72.2495,18.7408],[-72.2506,18.743],[-72.2491,18.744],[-72.2488,18.7458],[-72.2505,18.748],[-72.2507,18.7508],[-72.2496,18.7532],[-72.249,18.7547],[-72.2486,18.7566],[-72.2501,18.7572],[-72.2522,18.7591],[-72.2545,18.7581],[-72.2566,18.7592],[-72.2572,18.7624],[-72.259,18.7639],[-72.26,18.7651],[-72.2624,18.7661],[-72.2649,18.7667],[-72.2678,18.768],[-72.27,18.7692],[-72.2711,18.7703],[-72.2727,18.7711],[-72.2742,18.77],[-72.2748,18.7681],[-72.2773,18.769],[-72.2788,18.7696],[-72.2813,18.7709],[-72.2822,18.7734],[-72.2829,18.7756],[-72.2827,18.7778],[-72.2853,18.7784],[-72.2863,18.7808],[-72.2886,18.7818],[-72.2908,18.7827],[-72.2934,18.7834],[-72.2937,18.7858],[-72.2973,18.7866],[-72.3005,18.7874],[-72.3017,18.7883],[-72.3031,18.7894],[-72.3037,18.7911],[-72.3051,18.7921],[-72.3049,18.7963],[-72.3058,18.7975],[-72.3073,18.7983],[-72.3094,18.7984],[-72.3115,18.7984],[-72.3129,18.7995],[-72.3151,18.8003],[-72.3142,18.8014],[-72.3148,18.8033],[-72.3145,18.8063],[-72.315,18.8088],[-72.3161,18.8097],[-72.3164,18.8116],[-72.3181,18.812],[-72.3203,18.8129],[-72.3214,18.8155],[-72.323,18.817],[-72.3237,18.8184],[-72.3244,18.8225],[-72.3262,18.8229],[-72.3273,18.8252],[-72.3289,18.8262],[-72.3302,18.8271],[-72.3299,18.8296],[-72.3295,18.832],[-72.3321,18.8327],[-72.333,18.8338],[-72.3321,18.8353],[-72.3346,18.8369],[-72.3355,18.8381],[-72.3365,18.8394],[-72.3378,18.8409],[-72.3396,18.8428],[-72.3414,18.8434],[-72.3434,18.8452],[-72.3448,18.8466],[-72.347,18.8469],[-72.3501,18.8482],[-72.3526,18.8487],[-72.3529,18.8511],[-72.3536,18.8526],[-72.3564,18.8531],[-72.3574,18.8556],[-72.3601,18.8571],[-72.3613,18.8587],[-72.3621,18.8601],[-72.3637,18.8621],[-72.3644,18.8639],[-72.3656,18.866],[-72.3662,18.8684],[-72.3691,18.8696],[-72.3709,18.8698],[-72.3729,18.8694],[-72.3742,18.871],[-72.3766,18.8723],[-72.3776,18.8748],[-72.3791,18.8754],[-72.3807,18.8769],[-72.3831,18.878],[-72.3853,18.8789],[-72.3874,18.8787],[-72.3899,18.8797],[-72.3906,18.8827],[-72.392,18.8837],[-72.3893,18.8847],[-72.3903,18.8864],[-72.3917,18.8875],[-72.3935,18.8877],[-72.3937,18.8903],[-72.3958,18.8915],[-72.3985,18.892],[-72.3984,18.8942],[-72.4007,18.8954],[-72.4029,18.8971],[-72.4055,18.8982],[-72.4061,18.8997],[-72.4082,18.8996],[-72.4095,18.9003],[-72.4114,18.8997],[-72.4132,18.8985],[-72.4166,18.8986],[-72.4196,18.9012],[-72.4205,18.9043],[-72.4236,18.9063],[-72.4243,18.9077],[-72.4246,18.9096],[-72.427,18.9118],[-72.4302,18.9121],[-72.4329,18.9127],[-72.4353,18.9132],[-72.4374,18.9137],[-72.4387,18.9144],[-72.4407,18.915],[-72.4426,18.916],[-72.4468,18.9201],[-72.449,18.9204],[-72.4515,18.9201],[-72.4521,18.9216],[-72.4498,18.9244],[-72.4522,18.9265],[-72.4541,18.9286],[-72.4549,18.9303],[-72.4559,18.9316],[-72.4583,18.9315],[-72.4596,18.9327],[-72.4607,18.9342],[-72.4628,18.9337],[-72.4638,18.9374],[-72.4632,18.9403],[-72.4626,18.943],[-72.4623,18.9449],[-72.4636,18.9468],[-72.4663,18.9468],[-72.4665,18.9496],[-72.4681,18.9506],[-72.4708,18.9499],[-72.474,18.95],[-72.4749,18.9521],[-72.4758,18.9547],[-72.4777,18.9554],[-72.4803,18.9547],[-72.4817,18.9562],[-72.483,18.9572],[-72.4821,18.9593],[-72.4833,18.9622],[-72.4845,18.9633],[-72.4854,18.9645],[-72.4869,18.9651],[-72.4885,18.9684],[-72.49,18.969],[-72.4921,18.9693],[-72.4931,18.9683],[-72.492,18.9669],[-72.4918,18.9642],[-72.4943,18.9645],[-72.4974,18.9663],[-72.4988,18.9683],[-72.5,18.9692],[-72.5005,18.9722],[-72.5039,18.9725],[-72.5075,18.9718],[-72.5087,18.9736],[-72.5101,18.9752],[-72.5118,18.9769],[-72.5134,18.9774],[-72.5163,18.9775],[-72.5172,18.9786],[-72.5193,18.9794],[-72.522,18.9796],[-72.5244,18.9812],[-72.5262,18.9826],[-72.527,18.9854],[-72.5293,18.9862],[-72.5313,18.986],[-72.5332,18.9872],[-72.5342,18.9896],[-72.5349,18.9917],[-72.537,18.9935],[-72.539,18.9937],[-72.5413,18.9943],[-72.5424,18.9959],[-72.5424,18.9983],[-72.542,19.0005],[-72.5437,19.0016],[-72.5454,19.0027],[-72.5472,19.0035],[-72.5497,19.0037],[-72.5534,19.0042],[-72.5545,19.0059],[-72.5562,19.0074],[-72.5585,19.0069],[-72.5601,19.0046],[-72.5627,19.0037],[-72.5659,19.003],[-72.5688,19.0032],[-72.5701,19.0048],[-72.5728,19.0047],[-72.5743,19.0064],[-72.5754,19.0098],[-72.5751,19.0117],[-72.5768,19.0131],[-72.5807,19.0134],[-72.5805,19.011],[-72.5842,19.0117],[-72.5864,19.0126],[-72.5856,19.015],[-72.5868,19.0161],[-72.5878,19.0173],[-72.5882,19.0191],[-72.5907,19.0189],[-72.5929,19.0179],[-72.5943,19.0171],[-72.5972,19.0179],[-72.601,19.0185],[-72.603,19.0199],[-72.6059,19.0194],[-72.608,19.0188],[-72.6078,19.0164],[-72.61,19.0186],[-72.6112,19.0197],[-72.6126,19.0214],[-72.6149,19.0228],[-72.6135,19.0246],[-72.6119,19.0261],[-72.6093,19.0288],[-72.608,19.03],[-72.6064,19.0307],[-72.605,19.0314],[-72.6036,19.0322],[-72.6022,19.0331],[-72.6003,19.0337],[-72.5969,19.0348],[-72.5956,19.0356],[-72.595,19.0374],[-72.5951,19.0407],[-72.5936,19.0419],[-72.5926,19.043],[-72.5913,19.0457],[-72.5896,19.0482],[-72.5876,19.0498],[-72.587,19.0525],[-72.586,19.0551],[-72.5834,19.0554],[-72.5839,19.057],[-72.5838,19.0594],[-72.582,19.0596],[-72.5827,19.0631],[-72.5853,19.0654],[-72.586,19.0669],[-72.5837,19.0684],[-72.5844,19.0703],[-72.5838,19.0725],[-72.5856,19.0737],[-72.5845,19.0754],[-72.5824,19.0758],[-72.5805,19.0749],[-72.5794,19.0728],[-72.5779,19.0739],[-72.5752,19.0725],[-72.5741,19.0737],[-72.5733,19.0752],[-72.5753,19.0784],[-72.5752,19.0805],[-72.5735,19.0824],[-72.5726,19.0849],[-72.5716,19.0864],[-72.572,19.0881],[-72.5728,19.0918],[-72.5747,19.0926],[-72.5742,19.0941],[-72.5739,19.0958],[-72.5755,19.0972],[-72.5748,19.1005],[-72.5764,19.1011],[-72.5791,19.1008],[-72.5841,19.1011],[-72.5857,19.1017],[-72.5878,19.1033],[-72.5896,19.1048],[-72.5909,19.1066],[-72.5909,19.1093],[-72.5925,19.1107],[-72.5941,19.112],[-72.5954,19.1136],[-72.5969,19.1146],[-72.598,19.1158],[-72.5997,19.1184],[-72.6016,19.1162],[-72.6038,19.1167],[-72.6053,19.1183],[-72.6071,19.1188],[-72.6089,19.119],[-72.612,19.1214],[-72.615,19.1215],[-72.6129,19.1196],[-72.6172,19.1186],[-72.6207,19.1163],[-72.6234,19.1151],[-72.626,19.1158],[-72.6277,19.1147],[-72.6296,19.115],[-72.6312,19.1164],[-72.6304,19.118],[-72.6327,19.1193],[-72.6357,19.1202],[-72.6372,19.1223],[-72.6358,19.1239],[-72.6365,19.1256],[-72.6373,19.128],[-72.6395,19.1297],[-72.6413,19.1309],[-72.6421,19.1325],[-72.6432,19.1342],[-72.6457,19.1346],[-72.648,19.1356],[-72.6513,19.1349],[-72.6539,19.1359],[-72.6553,19.1367],[-72.6564,19.1376],[-72.6579,19.1393],[-72.6599,19.1405],[-72.6619,19.1392],[-72.6635,19.1406],[-72.6641,19.143],[-72.6646,19.1449],[-72.6666,19.1458],[-72.6688,19.1469],[-72.6715,19.1477],[-72.6732,19.1482],[-72.6746,19.1468],[-72.6768,19.1456],[-72.6787,19.146],[-72.6804,19.1453],[-72.682,19.143],[-72.6828,19.1416],[-72.6834,19.14],[-72.6841,19.1385],[-72.6854,19.1395],[-72.6874,19.1401],[-72.6891,19.1406],[-72.6919,19.142],[-72.6938,19.1427],[-72.6959,19.1435],[-72.6996,19.1453],[-72.7034,19.1471],[-72.7081,19.1477],[-72.7104,19.1483],[-72.7145,19.1508],[-72.7164,19.1531],[-72.7179,19.1523],[-72.7209,19.1521],[-72.7233,19.1519],[-72.7253,19.1521],[-72.7258,19.1536],[-72.7281,19.1535],[-72.7307,19.1541],[-72.7315,19.1565],[-72.7321,19.1579],[-72.7329,19.1603],[-72.7343,19.1624],[-72.7345,19.1644],[-72.7354,19.1658],[-72.737,19.1666],[-72.7413,19.1666],[-72.7452,19.1677],[-72.7484,19.1692],[-72.7521,19.1709],[-72.7533,19.1722],[-72.7565,19.1748],[-72.7559,19.1774],[-72.7574,19.1787],[-72.7583,19.1806],[-72.7587,19.1823],[-72.7583,19.1844],[-72.7583,19.1868],[-72.7602,19.1886],[-72.7621,19.1903],[-72.7661,19.1907],[-72.77,19.1894],[-72.7729,19.1875],[-72.774,19.1886],[-72.7748,19.19],[-72.7759,19.1912],[-72.7768,19.1924],[-72.7774,19.1938],[-72.7773,19.1958],[-72.778,19.1976],[-72.7791,19.1987],[-72.7808,19.199],[-72.7822,19.1996],[-72.7823,19.2019],[-72.7833,19.2031],[-72.7844,19.204],[-72.7857,19.2048],[-72.7862,19.2067],[-72.7878,19.2071],[-72.7891,19.2064],[-72.7907,19.207],[-72.7908,19.209],[-72.7916,19.2104],[-72.7931,19.2096],[-72.7948,19.21],[-72.7958,19.211],[-72.7944,19.2103],[-72.7939,19.2119],[-72.7932,19.2137],[-72.7937,19.2153],[-72.7947,19.2163],[-72.7959,19.2174],[-72.7969,19.2186],[-72.798,19.2195],[-72.7993,19.2204],[-72.7991,19.2224],[-72.7975,19.223],[-72.7956,19.2233],[-72.794,19.2227],[-72.7928,19.2218],[-72.7913,19.2211],[-72.7904,19.2199],[-72.7888,19.2195],[-72.7869,19.2193],[-72.7852,19.2198],[-72.7836,19.2204],[-72.7825,19.2214],[-72.7816,19.2225],[-72.7809,19.2239],[-72.7802,19.2253],[-72.7793,19.2239],[-72.7794,19.2219],[-72.7799,19.2202],[-72.7787,19.2213],[-72.7777,19.2223],[-72.7758,19.2225],[-72.7744,19.2232],[-72.7735,19.2244],[-72.7726,19.2255],[-72.772,19.2272],[-72.7715,19.2288],[-72.7704,19.2298],[-72.7693,19.2309],[-72.7677,19.2316],[-72.7661,19.2322],[-72.7641,19.232],[-72.7622,19.2318],[-72.7605,19.2315],[-72.7587,19.2311],[-72.7567,19.2311],[-72.7551,19.2318],[-72.7534,19.2322],[-72.7524,19.2332],[-72.7537,19.2342],[-72.755,19.235],[-72.7564,19.2356],[-72.7567,19.2374],[-72.7582,19.2379],[-72.7603,19.238],[-72.7593,19.239],[-72.7609,19.2394],[-72.7624,19.2401],[-72.7634,19.2414],[-72.7652,19.241],[-72.767,19.2408],[-72.7684,19.2401],[-72.7703,19.2399],[-72.7709,19.2383],[-72.7715,19.2367],[-72.7722,19.2353],[-72.773,19.234],[-72.7739,19.2329],[-72.7736,19.231],[-72.7744,19.2297],[-72.7756,19.2287],[-72.7765,19.2275],[-72.7783,19.2278],[-72.7793,19.2289],[-72.7806,19.2297],[-72.7822,19.2304],[-72.7837,19.2312],[-72.7849,19.2322],[-72.7858,19.2333],[-72.7856,19.2352],[-72.7854,19.2371],[-72.7827,19.2376],[-72.7814,19.2369],[-72.7801,19.2376],[-72.7796,19.2392],[-72.7782,19.2402],[-72.777,19.2413],[-72.7762,19.2428],[-72.7756,19.2442],[-72.7753,19.2462],[-72.7753,19.2483],[-72.7754,19.2502],[-72.7753,19.2522],[-72.7748,19.2539],[-72.775,19.2557],[-72.7755,19.2574],[-72.7754,19.2598],[-72.775,19.2617],[-72.7748,19.2637],[-72.7746,19.2658],[-72.7746,19.2678],[-72.7746,19.2701],[-72.7745,19.2725],[-72.7743,19.2744],[-72.7734,19.2757],[-72.7737,19.2774],[-72.774,19.2792],[-72.7742,19.2811],[-72.7745,19.2829],[-72.774,19.2846],[-72.7721,19.2848],[-72.77,19.2848],[-72.7678,19.2845],[-72.7658,19.284],[-72.7641,19.2835],[-72.7627,19.2829],[-72.7609,19.2824],[-72.759,19.2821],[-72.7573,19.2816],[-72.7555,19.2814],[-72.7537,19.2809],[-72.7522,19.2801],[-72.7509,19.2791],[-72.7494,19.2784],[-72.7476,19.2781],[-72.746,19.2785],[-72.7445,19.2792],[-72.7432,19.2799],[-72.7422,19.2809],[-72.7413,19.282],[-72.7407,19.2835],[-72.7396,19.2844],[-72.7396,19.2865],[-72.7387,19.2876],[-72.7392,19.2891],[-72.7388,19.2912],[-72.7378,19.2925],[-72.7367,19.2935],[-72.7351,19.294],[-72.733,19.2939],[-72.7317,19.2931],[-72.7308,19.2919],[-72.7318,19.2907],[-72.7325,19.2891],[-72.732,19.2874],[-72.7308,19.2864],[-72.7297,19.2853],[-72.7286,19.2843],[-72.7272,19.2836],[-72.7248,19.2833],[-72.7233,19.2838],[-72.7219,19.2847],[-72.7209,19.2857],[-72.7199,19.2869],[-72.7191,19.2882],[-72.7183,19.2895],[-72.7175,19.291],[-72.7169,19.2924],[-72.7163,19.2939],[-72.716,19.2957],[-72.7166,19.2972],[-72.7173,19.2986],[-72.7189,19.2994],[-72.7204,19.3],[-72.7217,19.3009],[-72.7222,19.3024],[-72.7236,19.3031],[-72.7254,19.3034],[-72.7263,19.3021],[-72.7278,19.3013],[-72.7294,19.3007],[-72.7302,19.2994],[-72.7307,19.2977],[-72.7317,19.2963],[-72.7331,19.2954],[-72.7341,19.2964],[-72.7344,19.2982],[-72.7332,19.2993],[-72.7327,19.3009],[-72.7318,19.3023],[-72.7314,19.3039],[-72.7326,19.3049],[-72.7334,19.3062],[-72.7327,19.3075],[-72.7315,19.3066],[-72.7297,19.3063],[-72.7286,19.3073],[-72.7279,19.3058],[-72.7263,19.3053],[-72.7245,19.3057],[-72.7226,19.3054],[-72.7208,19.3049],[-72.7131,19.3025],[-72.7124,19.301],[-72.7116,19.2986],[-72.7104,19.3003],[-72.7074,19.2999],[-72.7062,19.2988],[-72.7042,19.2993],[-72.7028,19.2968],[-72.7015,19.2955],[-72.7015,19.2931],[-72.6992,19.293],[-72.6975,19.2919],[-72.6954,19.2916],[-72.6933,19.2908],[-72.6917,19.29],[-72.6893,19.2902],[-72.6863,19.2905],[-72.6847,19.292],[-72.6835,19.2935],[-72.6793,19.2927],[-72.6775,19.2932],[-72.6755,19.2938],[-72.6742,19.2921],[-72.6716,19.2927],[-72.6697,19.2933],[-72.6675,19.293],[-72.6645,19.2939],[-72.6606,19.2946],[-72.6581,19.2952],[-72.6554,19.2937],[-72.6559,19.2909],[-72.6538,19.2905],[-72.6518,19.2897],[-72.6498,19.2908],[-72.6476,19.2886],[-72.6464,19.2899],[-72.6438,19.2899],[-72.6419,19.2905],[-72.6403,19.2869],[-72.6385,19.2865],[-72.6396,19.2846],[-72.6378,19.2832],[-72.6377,19.2803],[-72.6372,19.2781],[-72.6363,19.2767],[-72.6386,19.2758],[-72.6381,19.2738],[-72.6398,19.2724],[-72.6374,19.2712],[-72.635,19.2702],[-72.6356,19.2686],[-72.6333,19.2679],[-72.6326,19.2664],[-72.6319,19.2636],[-72.6306,19.2628],[-72.6289,19.26],[-72.6279,19.2582],[-72.6264,19.2575],[-72.6255,19.2586],[-72.625,19.2622],[-72.6225,19.2625],[-72.6214,19.2634],[-72.6204,19.2647],[-72.6188,19.2655],[-72.6166,19.2667],[-72.6146,19.2684],[-72.6147,19.2744],[-72.6136,19.276],[-72.6131,19.2716],[-72.6126,19.269],[-72.6092,19.2684],[-72.6075,19.2675],[-72.6081,19.2654],[-72.6052,19.2654],[-72.6024,19.2642],[-72.6015,19.2656],[-72.6004,19.2647],[-72.5984,19.2644],[-72.5973,19.2655],[-72.5951,19.2659],[-72.5931,19.2664],[-72.5918,19.2657],[-72.5904,19.2649],[-72.589,19.2635],[-72.5892,19.2586],[-72.5863,19.2597],[-72.5848,19.2578],[-72.5823,19.2578],[-72.5802,19.2584],[-72.5803,19.2607],[-72.5794,19.262],[-72.5785,19.2631],[-72.5771,19.2647],[-72.5762,19.2663],[-72.5733,19.2665],[-72.5719,19.2659],[-72.5711,19.2641],[-72.5694,19.263],[-72.5704,19.2598],[-72.5699,19.2569],[-72.5715,19.256],[-72.5741,19.2555],[-72.5752,19.2539],[-72.5772,19.2531],[-72.5789,19.2539],[-72.5795,19.2512],[-72.5801,19.2497],[-72.5781,19.2502],[-72.5773,19.2485],[-72.5748,19.2484],[-72.5743,19.2466],[-72.5748,19.244],[-72.5767,19.2414],[-72.5795,19.2415],[-72.5814,19.2424],[-72.5849,19.2418],[-72.5867,19.2424],[-72.5868,19.2405],[-72.5874,19.2386],[-72.5872,19.2362],[-72.5856,19.237],[-72.5843,19.2354],[-72.584,19.2335],[-72.5866,19.233],[-72.586,19.2302],[-72.582,19.2304],[-72.581,19.2324],[-72.5799,19.2315],[-72.577,19.2318],[-72.5754,19.2336],[-72.5738,19.235],[-72.5715,19.2349],[-72.5712,19.2367],[-72.5698,19.2384],[-72.5689,19.2406],[-72.568,19.2419],[-72.5675,19.244],[-72.5666,19.2451],[-72.5641,19.2463],[-72.5641,19.2429],[-72.5641,19.2405],[-72.5655,19.2399],[-72.5667,19.2384],[-72.5683,19.2374],[-72.5684,19.2355],[-72.5695,19.2338],[-72.571,19.2326],[-72.5688,19.2311],[-72.5679,19.23],[-72.5702,19.2292],[-72.5708,19.2277],[-72.5695,19.226],[-72.5709,19.2252],[-72.5719,19.224],[-72.57,19.2236],[-72.568,19.2249],[-72.5662,19.2267],[-72.5657,19.2222],[-72.5667,19.2195],[-72.5636,19.2176],[-72.5624,19.2167],[-72.5603,19.2166],[-72.5582,19.2153],[-72.5576,19.2134],[-72.5548,19.213],[-72.5534,19.2145],[-72.552,19.2152],[-72.5503,19.2155],[-72.55,19.2116],[-72.5508,19.2096],[-72.5525,19.2104],[-72.5538,19.2096],[-72.5546,19.2075],[-72.5532,19.2064],[-72.5515,19.205],[-72.5521,19.2034],[-72.551,19.2023],[-72.5525,19.1998],[-72.5519,19.198],[-72.5516,19.1954],[-72.5525,19.193],[-72.5518,19.1916],[-72.5503,19.1907],[-72.549,19.1892],[-72.5482,19.1874],[-72.547,19.186],[-72.5448,19.1849],[-72.5432,19.1834],[-72.5413,19.1827],[-72.5398,19.1832],[-72.5388,19.1816],[-72.54,19.18],[-72.5392,19.177],[-72.5378,19.1759],[-72.5375,19.1739],[-72.5354,19.1736],[-72.5339,19.1746],[-72.5328,19.1763],[-72.5306,19.1768],[-72.5297,19.1786],[-72.5286,19.1798],[-72.528,19.1783],[-72.5258,19.1776],[-72.5242,19.1759],[-72.5253,19.1749],[-72.5247,19.1731],[-72.5234,19.1708],[-72.5222,19.1692],[-72.5202,19.1689],[-72.5184,19.1673],[-72.5169,19.1664],[-72.5151,19.165],[-72.5147,19.1629],[-72.5141,19.161],[-72.5153,19.1592],[-72.5148,19.1575],[-72.5165,19.1567],[-72.5154,19.1551],[-72.5139,19.1544],[-72.5121,19.1535],[-72.5111,19.1515],[-72.5118,19.1499],[-72.511,19.1465],[-72.5095,19.1458],[-72.509,19.1439],[-72.5043,19.1431],[-72.5058,19.1451],[-72.5062,19.1471],[-72.5072,19.1489],[-72.5058,19.1502],[-72.504,19.1498],[-72.5032,19.1513],[-72.5025,19.1529],[-72.5023,19.1552],[-72.5011,19.156],[-72.4997,19.1584],[-72.4981,19.1592],[-72.4953,19.1587],[-72.4949,19.1569],[-72.4938,19.156],[-72.4956,19.1545],[-72.4952,19.1527],[-72.4935,19.1508],[-72.4919,19.152],[-72.4884,19.1512],[-72.4885,19.1493],[-72.4869,19.145],[-72.4854,19.1439],[-72.4843,19.1409],[-72.4819,19.1398],[-72.4802,19.1394],[-72.4795,19.137],[-72.4807,19.1361],[-72.4801,19.1345],[-72.4803,19.1314],[-72.4777,19.1311],[-72.4764,19.1326],[-72.4746,19.1308],[-72.4723,19.1319],[-72.4708,19.1332],[-72.4686,19.1311],[-72.4692,19.1296],[-72.4684,19.1283],[-72.4668,19.1278],[-72.4655,19.1264],[-72.4634,19.1247],[-72.4615,19.1258],[-72.4582,19.126],[-72.4562,19.1243],[-72.4548,19.1223],[-72.4549,19.1194],[-72.454,19.1176],[-72.4523,19.1138],[-72.4515,19.1121],[-72.4504,19.1109],[-72.4491,19.1101],[-72.4474,19.1114],[-72.4456,19.1117],[-72.4435,19.1126],[-72.4418,19.1139],[-72.44,19.1153],[-72.4393,19.1127],[-72.4387,19.1102],[-72.4368,19.1095],[-72.4338,19.1093],[-72.4315,19.1081],[-72.43,19.1075],[-72.4279,19.1064],[-72.4264,19.1072],[-72.4243,19.1069],[-72.4218,19.1066],[-72.4197,19.1071],[-72.4173,19.105],[-72.4157,19.1037],[-72.4137,19.1038],[-72.4111,19.1044],[-72.4092,19.1028],[-72.408,19.1015],[-72.4048,19.1023],[-72.4025,19.1025],[-72.4017,19.1001],[-72.4006,19.0982],[-72.4015,19.0967],[-72.4008,19.0939],[-72.4003,19.0923],[-72.3978,19.0921],[-72.3959,19.0934],[-72.3941,19.0939],[-72.3926,19.0933],[-72.3928,19.0912],[-72.3905,19.0889],[-72.3894,19.0875],[-72.3878,19.0856],[-72.3849,19.0866],[-72.3818,19.0841],[-72.3827,19.082],[-72.3812,19.0811],[-72.3788,19.0795],[-72.3771,19.0789],[-72.3757,19.077],[-72.3743,19.0748],[-72.3745,19.0721],[-72.3735,19.0697],[-72.3709,19.0671],[-72.367,19.0666],[-72.3662,19.0651],[-72.3643,19.062],[-72.3634,19.06],[-72.3615,19.0582],[-72.3605,19.0572],[-72.3587,19.0554],[-72.3559,19.0557],[-72.3548,19.0567],[-72.3531,19.058],[-72.3508,19.056],[-72.3478,19.0543],[-72.3463,19.0534],[-72.3445,19.0525],[-72.3429,19.0507],[-72.3416,19.0493],[-72.3394,19.048],[-72.3359,19.046],[-72.3318,19.047],[-72.33,19.0461],[-72.3288,19.0451],[-72.3262,19.0472],[-72.3242,19.0501],[-72.3219,19.0514],[-72.3195,19.0509],[-72.3154,19.0521],[-72.3122,19.0516],[-72.31,19.0503],[-72.3084,19.0514],[-72.304,19.0517],[-72.3017,19.051],[-72.3001,19.0498],[-72.2978,19.0495],[-72.2971,19.0481],[-72.2933,19.0478],[-72.2903,19.0467],[-72.2883,19.0465],[-72.2886,19.0488],[-72.2884,19.051],[-72.2875,19.0536],[-72.2868,19.056],[-72.2846,19.0567],[-72.2835,19.0579],[-72.2808,19.0597],[-72.2787,19.0601],[-72.2761,19.0599],[-72.2742,19.0609],[-72.2744,19.0642],[-72.2733,19.0656],[-72.2697,19.0649],[-72.2681,19.0654],[-72.2671,19.0674],[-72.2665,19.0688],[-72.264,19.0708],[-72.2634,19.0724],[-72.2625,19.0735],[-72.2637,19.0757],[-72.2655,19.0778],[-72.2686,19.0793],[-72.2712,19.0801],[-72.2738,19.0812],[-72.2765,19.0837],[-72.2785,19.0832],[-72.2825,19.0835],[-72.2847,19.0839],[-72.2868,19.083],[-72.2882,19.0813],[-72.2895,19.0803],[-72.2918,19.0775],[-72.2955,19.0772],[-72.2989,19.0769],[-72.2984,19.0818],[-72.2973,19.0836],[-72.2963,19.0856],[-72.2969,19.0876],[-72.2953,19.0906],[-72.2955,19.0946],[-72.2942,19.0966],[-72.2936,19.0995],[-72.2942,19.1012],[-72.2965,19.1022],[-72.2984,19.104],[-72.3004,19.1057],[-72.3017,19.1067],[-72.3031,19.1075],[-72.3056,19.1079],[-72.3083,19.1073],[-72.3101,19.1065],[-72.3127,19.1077],[-72.3141,19.1085],[-72.3161,19.1092],[-72.3176,19.11],[-72.3168,19.1131],[-72.3182,19.1164],[-72.3205,19.1177],[-72.322,19.1193],[-72.3229,19.1207],[-72.3253,19.1228],[-72.3267,19.1237],[-72.3291,19.1251],[-72.3302,19.1281],[-72.3314,19.1296],[-72.3332,19.1319],[-72.3346,19.1329],[-72.336,19.134],[-72.3383,19.1349],[-72.3398,19.1362],[-72.3427,19.1379],[-72.344,19.1397],[-72.3446,19.1416],[-72.3457,19.1432],[-72.3467,19.1454],[-72.3499,19.1461],[-72.3501,19.1504],[-72.3507,19.1528],[-72.352,19.1544],[-72.3528,19.158],[-72.3547,19.1589],[-72.3568,19.1604],[-72.3582,19.1628],[-72.3597,19.1635],[-72.3618,19.1659],[-72.3636,19.1663],[-72.3643,19.1678],[-72.365,19.1693],[-72.3631,19.1697],[-72.363,19.1723],[-72.3633,19.1747],[-72.3627,19.1763],[-72.3616,19.1773],[-72.3597,19.1788],[-72.3584,19.1804],[-72.3568,19.181],[-72.3553,19.183],[-72.3542,19.1842],[-72.3547,19.1858],[-72.3525,19.1869],[-72.3499,19.1899],[-72.3478,19.1907],[-72.3478,19.1933],[-72.3468,19.1946],[-72.3451,19.1959],[-72.343,19.1973],[-72.3416,19.1963],[-72.34,19.197],[-72.338,19.1969],[-72.3372,19.1984],[-72.3382,19.2003],[-72.3401,19.2011],[-72.3413,19.2026],[-72.3433,19.2042],[-72.3456,19.2051],[-72.3471,19.2057],[-72.3486,19.2062],[-72.3503,19.2074],[-72.3493,19.2092],[-72.3506,19.2111],[-72.3526,19.2117],[-72.3522,19.2135],[-72.3548,19.2166],[-72.3569,19.2166],[-72.3583,19.216],[-72.3604,19.215],[-72.3635,19.2179],[-72.3658,19.2189],[-72.366,19.2212],[-72.3674,19.2227],[-72.3687,19.2238],[-72.3699,19.2251],[-72.3707,19.2268],[-72.3727,19.2282],[-72.3773,19.228],[-72.3787,19.2293],[-72.3795,19.2307],[-72.3788,19.2333],[-72.3801,19.2348],[-72.3811,19.2369],[-72.3831,19.236],[-72.386,19.236],[-72.387,19.2349],[-72.3896,19.2348],[-72.3915,19.2352],[-72.3937,19.2358],[-72.3954,19.2366],[-72.3984,19.2376],[-72.4009,19.2395],[-72.4034,19.2414],[-72.4052,19.2417],[-72.4069,19.2411],[-72.408,19.2398],[-72.4092,19.2408],[-72.4123,19.2428],[-72.4137,19.2436],[-72.4142,19.246],[-72.4151,19.2476],[-72.4173,19.2498],[-72.4197,19.2506],[-72.4218,19.2519],[-72.4215,19.2545],[-72.4226,19.2564],[-72.4247,19.2598],[-72.4262,19.2621],[-72.4264,19.264],[-72.4277,19.2656],[-72.4292,19.2665],[-72.4306,19.2657],[-72.4324,19.2644],[-72.434,19.2669],[-72.4348,19.2684],[-72.438,19.2711],[-72.4394,19.272],[-72.442,19.2744],[-72.4431,19.2753],[-72.4439,19.2773],[-72.4465,19.2773],[-72.4481,19.2799],[-72.4498,19.2813],[-72.4506,19.2831],[-72.452,19.2837],[-72.4522,19.2857],[-72.4531,19.287],[-72.4542,19.2889],[-72.4544,19.2914],[-72.4558,19.2933],[-72.4569,19.296],[-72.4575,19.2978],[-72.458,19.2993],[-72.4606,19.2989],[-72.4627,19.3012],[-72.465,19.3016],[-72.4664,19.3001],[-72.4693,19.3005],[-72.4702,19.3024],[-72.473,19.3046],[-72.4744,19.3039],[-72.4765,19.3054],[-72.476,19.3072],[-72.4761,19.3094],[-72.4781,19.3098],[-72.4804,19.3115],[-72.4825,19.3123],[-72.4844,19.3142],[-72.4857,19.3134],[-72.4882,19.3124],[-72.4909,19.31],[-72.4934,19.308],[-72.4957,19.3092],[-72.4987,19.3103],[-72.5007,19.3125],[-72.5012,19.3155],[-72.5023,19.3174],[-72.5041,19.3185],[-72.5052,19.3196],[-72.5057,19.3212],[-72.5066,19.3225],[-72.5061,19.3257],[-72.507,19.3282],[-72.5053,19.329],[-72.5063,19.3303],[-72.5045,19.3317],[-72.5027,19.3331],[-72.5015,19.3349],[-72.5003,19.336],[-72.4989,19.337],[-72.4978,19.3379],[-72.4957,19.3391],[-72.4961,19.3413],[-72.4961,19.3445],[-72.4944,19.3456],[-72.4931,19.3465],[-72.4914,19.3478],[-72.4895,19.347],[-72.4879,19.3463],[-72.4869,19.3452],[-72.4846,19.347],[-72.4836,19.3483],[-72.4823,19.3503],[-72.4798,19.3512],[-72.4784,19.3505],[-72.4759,19.3518],[-72.4736,19.3533],[-72.4743,19.3547],[-72.4754,19.3562],[-72.4768,19.358],[-72.4768,19.3612],[-72.4778,19.3627],[-72.4799,19.3653],[-72.4817,19.366],[-72.4812,19.3677],[-72.4823,19.369],[-72.4825,19.3714],[-72.4829,19.3742],[-72.4811,19.3744],[-72.4792,19.3754],[-72.4795,19.3736],[-72.4783,19.3725],[-72.4791,19.3711],[-72.4781,19.37],[-72.4752,19.3679],[-72.4729,19.3694],[-72.4709,19.3708],[-72.4687,19.371],[-72.4672,19.3698],[-72.4655,19.3702],[-72.464,19.3719],[-72.4657,19.3739],[-72.4668,19.3752],[-72.4679,19.3766],[-72.4656,19.3779],[-72.4657,19.3804],[-72.4649,19.3829],[-72.4662,19.3857],[-72.4649,19.3877],[-72.4624,19.3892],[-72.4608,19.3913],[-72.4591,19.3927],[-72.4578,19.3943],[-72.4566,19.3956],[-72.4554,19.3965],[-72.4556,19.3999],[-72.453,19.4034],[-72.4512,19.4044],[-72.4492,19.4045],[-72.4468,19.4056],[-72.4444,19.4068],[-72.4423,19.4076],[-72.4399,19.4091],[-72.4376,19.4108],[-72.4369,19.4136],[-72.4347,19.4159],[-72.4331,19.4148],[-72.4312,19.4144],[-72.4294,19.4141],[-72.4264,19.4146],[-72.4255,19.4168],[-72.4246,19.4205],[-72.4237,19.4221],[-72.4224,19.4241],[-72.419,19.425],[-72.4179,19.4261],[-72.417,19.4282],[-72.4153,19.4294],[-72.4147,19.4309],[-72.4155,19.4326],[-72.4161,19.4346],[-72.4162,19.4372],[-72.4168,19.4401],[-72.4177,19.442],[-72.4169,19.4437],[-72.4131,19.445],[-72.4116,19.4462],[-72.4122,19.4485],[-72.4133,19.4502],[-72.4144,19.4517],[-72.4129,19.453],[-72.4118,19.4557],[-72.41,19.4573],[-72.4083,19.4581],[-72.4051,19.4587],[-72.4026,19.459],[-72.4008,19.4595],[-72.3986,19.4609],[-72.3958,19.4619],[-72.3954,19.464],[-72.3944,19.4652],[-72.392,19.4667],[-72.3911,19.4678],[-72.3893,19.4702],[-72.3885,19.4718],[-72.3875,19.4734],[-72.3864,19.4746],[-72.3847,19.4753],[-72.381,19.4768],[-72.3808,19.4802],[-72.3815,19.4818],[-72.3794,19.4829],[-72.379,19.485],[-72.3766,19.4856],[-72.3752,19.4869],[-72.3748,19.4886],[-72.3725,19.4899],[-72.3712,19.4909],[-72.3714,19.4932],[-72.3711,19.4962],[-72.3698,19.4983],[-72.3689,19.4995],[-72.3675,19.501],[-72.3664,19.5031],[-72.3661,19.5054],[-72.3654,19.5079],[-72.3638,19.5097],[-72.3628,19.5111],[-72.3619,19.513],[-72.3604,19.5169],[-72.3613,19.5193],[-72.3602,19.5212],[-72.359,19.5226],[-72.356,19.5224],[-72.3545,19.523],[-72.3522,19.5227],[-72.3486,19.5235],[-72.3489,19.5261],[-72.3509,19.5272],[-72.3503,19.529],[-72.3493,19.5301],[-72.3507,19.5328],[-72.3491,19.5342],[-72.3486,19.5361],[-72.3466,19.5364],[-72.345,19.5374],[-72.3458,19.539],[-72.3455,19.5411],[-72.3439,19.5433],[-72.3426,19.544],[-72.3395,19.5445],[-72.3376,19.5444],[-72.3337,19.5451],[-72.3325,19.5462],[-72.3314,19.548],[-72.3297,19.549],[-72.327,19.5498],[-72.3243,19.5505],[-72.3236,19.5526],[-72.3214,19.5549],[-72.3203,19.5561],[-72.3195,19.5578],[-72.3187,19.5591],[-72.3168,19.5598],[-72.3137,19.5593],[-72.3107,19.5611],[-72.3085,19.5616],[-72.307,19.5624],[-72.3061,19.5646],[-72.3035,19.5673],[-72.3008,19.5676],[-72.2982,19.5667],[-72.2958,19.5666],[-72.2938,19.5664],[-72.2918,19.5685],[-72.2892,19.5703],[-72.2881,19.5713],[-72.2861,19.5707],[-72.2849,19.5738],[-72.2829,19.5736],[-72.2822,19.5753],[-72.2817,19.5787],[-72.2802,19.5795],[-72.2799,19.5814],[-72.2759,19.5806],[-72.2742,19.5791],[-72.2704,19.5788],[-72.268,19.5783],[-72.266,19.5774],[-72.2633,19.5766],[-72.2618,19.576],[-72.2603,19.5751],[-72.2596,19.5736],[-72.2582,19.5726],[-72.2563,19.5728],[-72.2542,19.5719],[-72.2513,19.5713],[-72.2493,19.5707],[-72.2474,19.571],[-72.2441,19.5718],[-72.243,19.5736],[-72.2405,19.5762],[-72.2395,19.5793],[-72.2378,19.5801],[-72.2363,19.5832],[-72.2345,19.5826],[-72.231,19.5833],[-72.2294,19.5855],[-72.228,19.5847],[-72.2273,19.5843]]]]},"properties":{"nom":"Artibonite","code":"11","zone":"CENTRE-NORD"}},{"type":"Feature","geometry":{"type":"MultiPolygon","coordinates":[[[[-72.6857,19.4158],[-72.6776,19.4131],[-72.6681,19.4119],[-72.6651,19.4138],[-72.661,19.4146],[-72.659,19.4126],[-72.6572,19.4132],[-72.6555,19.4119],[-72.6548,19.4106],[-72.6527,19.408],[-72.6509,19.4056],[-72.6497,19.4065],[-72.6473,19.407],[-72.6463,19.4081],[-72.6458,19.4062],[-72.6455,19.403],[-72.6435,19.4031],[-72.6412,19.4016],[-72.6385,19.4017],[-72.6389,19.3999],[-72.6398,19.3985],[-72.6379,19.3968],[-72.6382,19.3944],[-72.6366,19.3937],[-72.6349,19.3931],[-72.6318,19.3934],[-72.6305,19.3917],[-72.6315,19.3891],[-72.6304,19.3882],[-72.6287,19.3877],[-72.6272,19.3861],[-72.6253,19.3855],[-72.6235,19.3841],[-72.622,19.3833],[-72.6201,19.3814],[-72.6173,19.3809],[-72.6169,19.3791],[-72.6194,19.3782],[-72.6199,19.3759],[-72.6185,19.3727],[-72.6187,19.3704],[-72.6185,19.3679],[-72.6161,19.3675],[-72.6152,19.3637],[-72.6146,19.3621],[-72.6144,19.3595],[-72.6131,19.3582],[-72.6103,19.3595],[-72.6095,19.3611],[-72.6075,19.3626],[-72.6058,19.3632],[-72.6021,19.363],[-72.5998,19.363],[-72.5985,19.3639],[-72.5968,19.3631],[-72.5952,19.3619],[-72.5945,19.3606],[-72.5919,19.3589],[-72.5898,19.3597],[-72.5879,19.3604],[-72.5862,19.3623],[-72.5845,19.3634],[-72.582,19.3645],[-72.5799,19.3646],[-72.5784,19.366],[-72.5771,19.3676],[-72.5749,19.3665],[-72.573,19.3672],[-72.5699,19.3683],[-72.5676,19.3693],[-72.567,19.3712],[-72.5661,19.3725],[-72.5669,19.3739],[-72.5676,19.3757],[-72.5674,19.3777],[-72.5652,19.3791],[-72.5646,19.3816],[-72.5637,19.3829],[-72.563,19.3843],[-72.5633,19.3867],[-72.5646,19.3879],[-72.5624,19.3892],[-72.5624,19.3916],[-72.5627,19.3941],[-72.5636,19.3969],[-72.5652,19.3976],[-72.5667,19.3994],[-72.5677,19.4004],[-72.566,19.4032],[-72.5658,19.4051],[-72.5638,19.406],[-72.561,19.4056],[-72.5594,19.4048],[-72.5565,19.405],[-72.5544,19.4047],[-72.5536,19.4032],[-72.552,19.4015],[-72.5514,19.3996],[-72.549,19.3985],[-72.5467,19.3985],[-72.5452,19.3972],[-72.5422,19.3975],[-72.5413,19.399],[-72.5411,19.4016],[-72.5412,19.4039],[-72.5389,19.4037],[-72.5367,19.405],[-72.535,19.4069],[-72.5332,19.4056],[-72.5312,19.4045],[-72.5295,19.4039],[-72.5268,19.4017],[-72.5237,19.4014],[-72.5219,19.4005],[-72.5205,19.3997],[-72.5192,19.3989],[-72.5161,19.3962],[-72.5139,19.3942],[-72.5122,19.3968],[-72.5109,19.3977],[-72.508,19.398],[-72.5059,19.3981],[-72.5022,19.3941],[-72.5007,19.3954],[-72.4981,19.3953],[-72.4975,19.3972],[-72.4947,19.3965],[-72.4918,19.3971],[-72.4905,19.3984],[-72.4876,19.3982],[-72.4836,19.4],[-72.4809,19.4027],[-72.4797,19.4035],[-72.4785,19.402],[-72.4761,19.401],[-72.4744,19.4002],[-72.4738,19.3985],[-72.4721,19.3993],[-72.471,19.4012],[-72.4694,19.4028],[-72.4669,19.4038],[-72.4654,19.4049],[-72.4623,19.4051],[-72.4605,19.4057],[-72.4579,19.4052],[-72.457,19.4037],[-72.4556,19.4018],[-72.4553,19.3982],[-72.4566,19.3956],[-72.4578,19.3943],[-72.4591,19.3927],[-72.4608,19.3913],[-72.4624,19.3892],[-72.4638,19.3884],[-72.4656,19.3869],[-72.4652,19.3844],[-72.465,19.3815],[-72.4656,19.3783],[-72.4673,19.3772],[-72.4668,19.3752],[-72.4657,19.3739],[-72.464,19.3719],[-72.4655,19.3702],[-72.4672,19.3698],[-72.4687,19.371],[-72.4709,19.3708],[-72.4729,19.3694],[-72.4752,19.3679],[-72.4774,19.3691],[-72.4783,19.3704],[-72.4783,19.3725],[-72.4795,19.3736],[-72.4783,19.3751],[-72.4811,19.3744],[-72.4829,19.3742],[-72.4825,19.3714],[-72.4823,19.369],[-72.4812,19.3677],[-72.4817,19.366],[-72.4799,19.3653],[-72.4784,19.364],[-72.4768,19.3612],[-72.4766,19.3593],[-72.4753,19.3567],[-72.4743,19.3547],[-72.4736,19.3533],[-72.4759,19.3518],[-72.4771,19.3509],[-72.4798,19.3512],[-72.4823,19.3503],[-72.4835,19.3485],[-72.4846,19.347],[-72.4869,19.3452],[-72.4879,19.3463],[-72.4895,19.347],[-72.4914,19.3478],[-72.4931,19.3465],[-72.4944,19.3456],[-72.4961,19.3445],[-72.4961,19.342],[-72.4957,19.3391],[-72.4978,19.3379],[-72.4989,19.337],[-72.5003,19.336],[-72.5015,19.3349],[-72.5027,19.3335],[-72.5041,19.3328],[-72.5063,19.3303],[-72.5053,19.329],[-72.507,19.3282],[-72.5061,19.3257],[-72.5066,19.3225],[-72.5057,19.3212],[-72.5052,19.3196],[-72.5041,19.3185],[-72.5023,19.3174],[-72.5018,19.3158],[-72.5016,19.3129],[-72.4999,19.3107],[-72.4974,19.3095],[-72.4934,19.308],[-72.4912,19.3097],[-72.489,19.312],[-72.4857,19.3134],[-72.4844,19.3142],[-72.4829,19.3128],[-72.4821,19.3114],[-72.4781,19.3098],[-72.4761,19.3094],[-72.476,19.3072],[-72.4765,19.3054],[-72.4744,19.3039],[-72.473,19.3046],[-72.4708,19.3034],[-72.4699,19.3018],[-72.4664,19.3001],[-72.4654,19.3014],[-72.4627,19.3012],[-72.4617,19.2996],[-72.4591,19.299],[-72.4574,19.2984],[-72.4569,19.296],[-72.456,19.2949],[-72.4555,19.2923],[-72.4542,19.2889],[-72.4531,19.287],[-72.4522,19.2857],[-72.452,19.2837],[-72.4506,19.2831],[-72.4498,19.2813],[-72.4481,19.2799],[-72.4465,19.2773],[-72.4439,19.2773],[-72.4433,19.2759],[-72.442,19.2744],[-72.4406,19.2728],[-72.438,19.2711],[-72.4348,19.2684],[-72.434,19.2669],[-72.4324,19.2644],[-72.4306,19.2657],[-72.4292,19.2665],[-72.4277,19.2656],[-72.4264,19.264],[-72.4262,19.2621],[-72.4255,19.2606],[-72.4231,19.2578],[-72.4215,19.2545],[-72.4218,19.2519],[-72.4197,19.2506],[-72.4179,19.2502],[-72.4151,19.2492],[-72.4142,19.246],[-72.414,19.2441],[-72.4133,19.2426],[-72.4096,19.2418],[-72.408,19.2398],[-72.4069,19.2411],[-72.4052,19.2417],[-72.4034,19.2414],[-72.4018,19.2404],[-72.3988,19.239],[-72.3967,19.2371],[-72.3948,19.2363],[-72.3925,19.236],[-72.3896,19.2348],[-72.3874,19.2348],[-72.386,19.236],[-72.3839,19.2349],[-72.3824,19.2371],[-72.3799,19.2354],[-72.3788,19.2333],[-72.3795,19.231],[-72.3787,19.2293],[-72.3773,19.228],[-72.3727,19.2282],[-72.3722,19.2265],[-72.3708,19.2259],[-72.3687,19.2238],[-72.3674,19.2227],[-72.366,19.2212],[-72.3658,19.2189],[-72.3635,19.2179],[-72.3614,19.2153],[-72.3593,19.2155],[-72.358,19.2167],[-72.3559,19.2165],[-72.3519,19.2141],[-72.3531,19.2128],[-72.3514,19.2114],[-72.3494,19.2107],[-72.3497,19.2084],[-72.3496,19.2065],[-72.3478,19.2056],[-72.3458,19.2054],[-72.3439,19.2046],[-72.3416,19.2035],[-72.341,19.2021],[-72.3385,19.2009],[-72.3376,19.1996],[-72.3371,19.1972],[-72.34,19.197],[-72.3416,19.1963],[-72.343,19.1973],[-72.3443,19.1964],[-72.3468,19.1946],[-72.3478,19.1933],[-72.3472,19.1917],[-72.3486,19.1903],[-72.3521,19.1882],[-72.3546,19.1866],[-72.3542,19.1842],[-72.3553,19.183],[-72.3568,19.181],[-72.3584,19.1804],[-72.3597,19.1788],[-72.3616,19.1773],[-72.3627,19.1763],[-72.3633,19.1747],[-72.363,19.1723],[-72.3631,19.1697],[-72.3649,19.1695],[-72.3643,19.1678],[-72.3636,19.1663],[-72.3618,19.1659],[-72.3597,19.1635],[-72.3582,19.1628],[-72.3578,19.1611],[-72.3552,19.1595],[-72.3541,19.1583],[-72.3524,19.1553],[-72.3507,19.1528],[-72.3502,19.1508],[-72.3499,19.1461],[-72.3467,19.1454],[-72.3457,19.1432],[-72.3446,19.1416],[-72.3442,19.1399],[-72.3427,19.1379],[-72.341,19.1365],[-72.3383,19.1349],[-72.3364,19.1342],[-72.3346,19.1329],[-72.3332,19.1319],[-72.332,19.1304],[-72.3302,19.1281],[-72.3296,19.1257],[-72.328,19.1243],[-72.3253,19.1228],[-72.3229,19.1207],[-72.322,19.1193],[-72.3205,19.1177],[-72.3182,19.1164],[-72.3169,19.1146],[-72.3175,19.1114],[-72.3161,19.1092],[-72.3141,19.1085],[-72.3127,19.1077],[-72.3101,19.1065],[-72.3083,19.1073],[-72.3059,19.1079],[-72.3034,19.1076],[-72.3017,19.1067],[-72.3004,19.1057],[-72.2984,19.104],[-72.297,19.1034],[-72.2942,19.1012],[-72.2936,19.0995],[-72.2942,19.0966],[-72.2955,19.0946],[-72.2953,19.0906],[-72.2969,19.0888],[-72.297,19.0865],[-72.2973,19.0836],[-72.2984,19.0818],[-72.2983,19.0778],[-72.296,19.0762],[-72.2918,19.0775],[-72.2902,19.0793],[-72.2882,19.0813],[-72.2868,19.083],[-72.2847,19.0839],[-72.2825,19.0835],[-72.2794,19.0828],[-72.2775,19.0837],[-72.2745,19.0821],[-72.2721,19.0806],[-72.2695,19.0798],[-72.2658,19.0787],[-72.2637,19.0757],[-72.2623,19.0744],[-72.263,19.0729],[-72.264,19.0708],[-72.2665,19.0688],[-72.2671,19.0674],[-72.2681,19.0654],[-72.2697,19.0649],[-72.2717,19.0653],[-72.2744,19.0642],[-72.2742,19.0609],[-72.2761,19.0599],[-72.2787,19.0601],[-72.2808,19.0597],[-72.2823,19.0581],[-72.2846,19.0567],[-72.2868,19.056],[-72.2879,19.0543],[-72.2883,19.052],[-72.2886,19.0488],[-72.2883,19.0465],[-72.2903,19.0467],[-72.2933,19.0478],[-72.2971,19.0481],[-72.2978,19.0495],[-72.3001,19.0498],[-72.3017,19.051],[-72.304,19.0517],[-72.3084,19.0514],[-72.31,19.0503],[-72.3118,19.0515],[-72.3154,19.0521],[-72.318,19.0512],[-72.321,19.0514],[-72.3242,19.0501],[-72.326,19.0474],[-72.3282,19.0448],[-72.33,19.0461],[-72.3318,19.047],[-72.3346,19.0458],[-72.3378,19.0476],[-72.3409,19.049],[-72.3425,19.0503],[-72.3445,19.0525],[-72.3463,19.0534],[-72.3478,19.0543],[-72.3501,19.0548],[-72.3522,19.057],[-72.3548,19.0567],[-72.3559,19.0557],[-72.3587,19.0554],[-72.36,19.0567],[-72.3615,19.0582],[-72.3634,19.06],[-72.3643,19.062],[-72.3662,19.0651],[-72.367,19.0666],[-72.3709,19.0671],[-72.3727,19.0694],[-72.3738,19.0709],[-72.3743,19.0748],[-72.3757,19.077],[-72.3765,19.0787],[-72.3781,19.0793],[-72.3812,19.0811],[-72.3827,19.082],[-72.3817,19.084],[-72.3835,19.0863],[-72.3878,19.0856],[-72.3894,19.0875],[-72.3905,19.0889],[-72.3917,19.0904],[-72.393,19.0923],[-72.3941,19.0939],[-72.3959,19.0934],[-72.3978,19.0921],[-72.4003,19.0923],[-72.4008,19.0939],[-72.4015,19.0967],[-72.4006,19.0982],[-72.4017,19.1001],[-72.4025,19.1025],[-72.4048,19.1023],[-72.4069,19.102],[-72.4086,19.1016],[-72.4105,19.1034],[-72.4126,19.1034],[-72.4157,19.1037],[-72.4173,19.105],[-72.4197,19.1071],[-72.4213,19.106],[-72.4231,19.1066],[-72.4264,19.1072],[-72.4279,19.1064],[-72.43,19.1075],[-72.4315,19.1081],[-72.4332,19.1086],[-72.4358,19.1088],[-72.4387,19.1102],[-72.4393,19.1127],[-72.4396,19.115],[-72.4416,19.1141],[-72.4435,19.1126],[-72.4456,19.1117],[-72.4474,19.1114],[-72.4491,19.1101],[-72.4504,19.1109],[-72.4515,19.1121],[-72.4523,19.1138],[-72.4537,19.1161],[-72.4543,19.1181],[-72.4547,19.1211],[-72.4558,19.1231],[-72.4582,19.126],[-72.4601,19.1257],[-72.4623,19.125],[-72.465,19.1253],[-72.4659,19.127],[-72.4684,19.1283],[-72.4692,19.1296],[-72.4686,19.1311],[-72.4692,19.1333],[-72.4717,19.1329],[-72.4734,19.1313],[-72.4756,19.1319],[-72.4777,19.1311],[-72.4803,19.1314],[-72.4801,19.1334],[-72.4807,19.1361],[-72.4795,19.137],[-72.4802,19.1394],[-72.4819,19.1398],[-72.4829,19.141],[-72.4846,19.1431],[-72.4863,19.1444],[-72.4873,19.1485],[-72.4884,19.1499],[-72.491,19.1515],[-72.4935,19.1508],[-72.4949,19.1524],[-72.4956,19.1545],[-72.4937,19.1552],[-72.4949,19.1569],[-72.4953,19.1587],[-72.4981,19.1592],[-72.4997,19.1584],[-72.5011,19.156],[-72.5023,19.1552],[-72.5025,19.1529],[-72.5032,19.1513],[-72.504,19.1498],[-72.5058,19.1502],[-72.5072,19.1489],[-72.506,19.1478],[-72.5058,19.1451],[-72.5044,19.1441],[-72.509,19.1434],[-72.5095,19.1458],[-72.511,19.1465],[-72.5117,19.1483],[-72.5114,19.1504],[-72.5116,19.1523],[-72.5139,19.1544],[-72.5154,19.1551],[-72.5167,19.1563],[-72.5156,19.1576],[-72.5141,19.1602],[-72.5147,19.1618],[-72.5146,19.1637],[-72.5154,19.1661],[-72.5171,19.1667],[-72.5195,19.1685],[-72.5211,19.1692],[-72.5234,19.1708],[-72.5244,19.1724],[-72.5256,19.1738],[-72.5239,19.1751],[-72.5258,19.1776],[-72.528,19.1783],[-72.5282,19.181],[-72.5297,19.1786],[-72.5308,19.1774],[-72.5315,19.176],[-72.5333,19.175],[-72.5344,19.1738],[-72.5371,19.1737],[-72.5378,19.175],[-72.5392,19.177],[-72.54,19.1784],[-72.5388,19.181],[-72.5398,19.1832],[-72.5413,19.1827],[-72.5432,19.1834],[-72.5448,19.1849],[-72.547,19.186],[-72.5482,19.1874],[-72.5476,19.1893],[-72.5503,19.1907],[-72.5518,19.1916],[-72.5525,19.193],[-72.5511,19.1941],[-72.5519,19.198],[-72.5525,19.1998],[-72.551,19.2011],[-72.5521,19.2034],[-72.5507,19.2046],[-72.5521,19.2058],[-72.5543,19.2067],[-72.5534,19.208],[-72.5533,19.21],[-72.5508,19.2096],[-72.55,19.2116],[-72.5497,19.2146],[-72.5515,19.2159],[-72.5534,19.2145],[-72.5537,19.2124],[-72.5557,19.2134],[-72.5579,19.2142],[-72.559,19.2161],[-72.5611,19.217],[-72.5636,19.2176],[-72.5657,19.2186],[-72.5667,19.2213],[-72.5658,19.2264],[-72.5675,19.2253],[-72.5694,19.2233],[-72.5714,19.2239],[-72.57,19.2255],[-72.5708,19.2277],[-72.5702,19.2292],[-72.5688,19.2298],[-72.5677,19.2316],[-72.5706,19.2313],[-72.5695,19.2338],[-72.5684,19.2355],[-72.5683,19.2374],[-72.5667,19.2381],[-72.5655,19.2394],[-72.5641,19.2405],[-72.5632,19.2418],[-72.5641,19.2463],[-72.5662,19.2461],[-72.5675,19.244],[-72.568,19.2419],[-72.5689,19.2406],[-72.5698,19.2384],[-72.5712,19.2367],[-72.5715,19.2349],[-72.5732,19.2342],[-72.5754,19.2336],[-72.5764,19.2323],[-72.5799,19.2315],[-72.581,19.2324],[-72.5819,19.2308],[-72.5847,19.23],[-72.5864,19.2322],[-72.5854,19.2336],[-72.5841,19.2343],[-72.5847,19.2365],[-72.5872,19.2362],[-72.5881,19.2381],[-72.5868,19.2395],[-72.5868,19.2418],[-72.5828,19.2426],[-72.58,19.2424],[-72.578,19.2415],[-72.5748,19.2429],[-72.5747,19.2453],[-72.5748,19.2484],[-72.5773,19.2485],[-72.5781,19.2502],[-72.5801,19.2497],[-72.5795,19.2512],[-72.5789,19.2539],[-72.5772,19.2531],[-72.5752,19.2539],[-72.5741,19.2555],[-72.5724,19.256],[-72.5693,19.2558],[-72.5697,19.2589],[-72.5697,19.2614],[-72.57,19.2635],[-72.572,19.2644],[-72.5733,19.2665],[-72.5752,19.2672],[-72.5768,19.2652],[-72.5776,19.2638],[-72.5791,19.2626],[-72.5803,19.2607],[-72.5802,19.2584],[-72.5823,19.2578],[-72.5848,19.2578],[-72.5857,19.2594],[-72.588,19.2592],[-72.589,19.2635],[-72.59,19.2645],[-72.5918,19.2657],[-72.5931,19.2664],[-72.5946,19.2653],[-72.5973,19.2655],[-72.5984,19.2644],[-72.5998,19.2638],[-72.601,19.265],[-72.6024,19.2658],[-72.605,19.2643],[-72.6065,19.2654],[-72.6074,19.2665],[-72.6086,19.2681],[-72.612,19.2684],[-72.6125,19.2705],[-72.6131,19.2767],[-72.6144,19.2757],[-72.6145,19.2691],[-72.6163,19.2677],[-72.6186,19.2663],[-72.6194,19.2647],[-72.6214,19.2634],[-72.6225,19.2625],[-72.6243,19.2629],[-72.6249,19.2591],[-72.6264,19.2575],[-72.6279,19.2582],[-72.6289,19.26],[-72.6303,19.2616],[-72.6319,19.2636],[-72.6328,19.2652],[-72.6333,19.2679],[-72.6356,19.2686],[-72.635,19.2702],[-72.6374,19.2712],[-72.6398,19.2724],[-72.6381,19.2738],[-72.639,19.275],[-72.6375,19.2766],[-72.6374,19.2801],[-72.6381,19.2816],[-72.6394,19.2841],[-72.6384,19.2852],[-72.6403,19.2869],[-72.6408,19.2899],[-72.6434,19.2903],[-72.6457,19.2899],[-72.6467,19.2888],[-72.6495,19.2896],[-72.6512,19.2907],[-72.6538,19.2905],[-72.6559,19.2909],[-72.6554,19.2937],[-72.6574,19.2944],[-72.6602,19.2938],[-72.6634,19.2944],[-72.6665,19.2937],[-72.6697,19.2933],[-72.6713,19.2924],[-72.6733,19.2926],[-72.6755,19.292],[-72.6765,19.294],[-72.6778,19.2922],[-72.6829,19.2938],[-72.6847,19.292],[-72.6863,19.2905],[-72.6885,19.2902],[-72.6907,19.2899],[-72.6933,19.2908],[-72.695,19.2916],[-72.6975,19.2919],[-72.6992,19.293],[-72.7015,19.2931],[-72.7003,19.2952],[-72.7026,19.2966],[-72.7034,19.2982],[-72.7062,19.2988],[-72.7074,19.2999],[-72.709,19.3007],[-72.7108,19.2985],[-72.7124,19.301],[-72.7131,19.3025],[-72.7203,19.3051],[-72.721,19.3068],[-72.7228,19.3074],[-72.7243,19.3081],[-72.7257,19.3088],[-72.7274,19.3093],[-72.7292,19.3097],[-72.731,19.3101],[-72.7326,19.3106],[-72.7316,19.312],[-72.7303,19.3132],[-72.7293,19.3142],[-72.7282,19.3154],[-72.7276,19.3168],[-72.7265,19.3179],[-72.7262,19.3198],[-72.7268,19.3214],[-72.7276,19.3227],[-72.7282,19.3242],[-72.7287,19.3258],[-72.7307,19.3263],[-72.733,19.3263],[-72.7347,19.3258],[-72.7368,19.3259],[-72.7382,19.3253],[-72.74,19.325],[-72.742,19.3251],[-72.7437,19.3246],[-72.7453,19.324],[-72.7465,19.3231],[-72.7468,19.3213],[-72.7484,19.3217],[-72.7497,19.3225],[-72.7507,19.3238],[-72.7525,19.3235],[-72.7537,19.3245],[-72.7553,19.3252],[-72.7566,19.3261],[-72.758,19.3272],[-72.7595,19.3266],[-72.759,19.3281],[-72.7577,19.329],[-72.7562,19.3297],[-72.7584,19.3296],[-72.7602,19.3294],[-72.7611,19.3283],[-72.7621,19.3293],[-72.7612,19.3304],[-72.7611,19.3323],[-72.7607,19.3341],[-72.7602,19.3356],[-72.7601,19.3378],[-72.7602,19.3397],[-72.76,19.3416],[-72.7597,19.3433],[-72.7609,19.3441],[-72.7623,19.3434],[-72.763,19.3418],[-72.7642,19.3408],[-72.766,19.3411],[-72.7676,19.3418],[-72.7689,19.3425],[-72.7697,19.3412],[-72.7688,19.34],[-72.7676,19.339],[-72.7667,19.3378],[-72.7658,19.3366],[-72.7642,19.336],[-72.7651,19.3347],[-72.7645,19.3331],[-72.7652,19.3317],[-72.7646,19.3302],[-72.7636,19.3292],[-72.7655,19.329],[-72.7671,19.3299],[-72.768,19.3311],[-72.7685,19.3327],[-72.7685,19.3347],[-72.7693,19.336],[-72.7694,19.338],[-72.7693,19.3399],[-72.7704,19.3409],[-72.7707,19.3426],[-72.7715,19.344],[-72.7726,19.3451],[-72.773,19.3468],[-72.773,19.3489],[-72.7729,19.3511],[-72.7725,19.3528],[-72.7725,19.3549],[-72.772,19.3565],[-72.7716,19.3583],[-72.7708,19.3599],[-72.7699,19.3614],[-72.7698,19.3635],[-72.7691,19.3649],[-72.7685,19.3666],[-72.7682,19.3683],[-72.7672,19.3697],[-72.7663,19.3711],[-72.7653,19.3722],[-72.7634,19.3724],[-72.762,19.3731],[-72.7609,19.3741],[-72.7597,19.375],[-72.7583,19.3759],[-72.7566,19.3756],[-72.7546,19.3756],[-72.7528,19.3758],[-72.751,19.3755],[-72.7495,19.375],[-72.7477,19.3748],[-72.7468,19.3735],[-72.7463,19.3719],[-72.7453,19.3709],[-72.7443,19.3698],[-72.7431,19.3689],[-72.7417,19.3678],[-72.7407,19.3667],[-72.7397,19.3656],[-72.7386,19.3645],[-72.7376,19.3634],[-72.7364,19.3643],[-72.7349,19.3638],[-72.7336,19.3648],[-72.7319,19.3652],[-72.7301,19.366],[-72.7291,19.3672],[-72.7277,19.3681],[-72.7265,19.369],[-72.7247,19.3687],[-72.7239,19.3701],[-72.7233,19.3715],[-72.7225,19.3728],[-72.7218,19.3742],[-72.7212,19.3756],[-72.7203,19.3767],[-72.7195,19.3781],[-72.7184,19.3791],[-72.717,19.3797],[-72.716,19.3808],[-72.715,19.3819],[-72.7145,19.3834],[-72.7148,19.3852],[-72.7129,19.385],[-72.7117,19.386],[-72.7129,19.3869],[-72.7122,19.3883],[-72.7126,19.39],[-72.7136,19.391],[-72.7128,19.3923],[-72.7133,19.394],[-72.7144,19.395],[-72.7156,19.396],[-72.7173,19.3964],[-72.7189,19.397],[-72.7204,19.3976],[-72.7218,19.3983],[-72.7231,19.399],[-72.7242,19.4],[-72.7255,19.4007],[-72.7269,19.4013],[-72.7282,19.402],[-72.7296,19.4027],[-72.7294,19.4046],[-72.7285,19.406],[-72.728,19.4078],[-72.7286,19.4093],[-72.7281,19.4109],[-72.7276,19.4125],[-72.7271,19.414],[-72.7263,19.4153],[-72.7266,19.417],[-72.7266,19.4191],[-72.7264,19.4211],[-72.7256,19.4226],[-72.7248,19.424],[-72.7242,19.4254],[-72.7239,19.4273],[-72.7226,19.4281],[-72.7214,19.429],[-72.7203,19.43],[-72.7192,19.431],[-72.7177,19.4315],[-72.717,19.43],[-72.7164,19.4285],[-72.7156,19.4272],[-72.7151,19.4255],[-72.7141,19.4243],[-72.7138,19.4225],[-72.7141,19.4207],[-72.715,19.4195],[-72.7155,19.4179],[-72.7161,19.4162],[-72.7167,19.4148],[-72.716,19.4134],[-72.7143,19.4129],[-72.7126,19.4123],[-72.711,19.4118],[-72.7093,19.4113],[-72.7079,19.4106],[-72.7062,19.4109],[-72.7046,19.4103],[-72.7055,19.4091],[-72.7051,19.4074],[-72.7061,19.4063],[-72.7074,19.4055],[-72.7087,19.4045],[-72.7098,19.4035],[-72.7105,19.4021],[-72.71,19.4005],[-72.7087,19.3995],[-72.7075,19.3985],[-72.7061,19.3977],[-72.7048,19.3968],[-72.7042,19.3952],[-72.703,19.3941],[-72.701,19.3942],[-72.6994,19.395],[-72.6981,19.3958],[-72.6968,19.3974],[-72.696,19.3987],[-72.6941,19.3989],[-72.6928,19.3998],[-72.6919,19.4009],[-72.6903,19.4014],[-72.6886,19.402],[-72.6866,19.4022],[-72.6854,19.4031],[-72.6843,19.4041],[-72.6835,19.4055],[-72.6828,19.4069],[-72.6824,19.4086],[-72.6822,19.4104],[-72.6823,19.4123],[-72.6834,19.4132],[-72.6845,19.4143],[-72.6855,19.4155],[-72.6857,19.4158]]]]},"properties":{"nom":"L'Estère","code":"10","zone":"CENTRE-NORD"}},{"type":"Feature","geometry":{"type":"MultiPolygon","coordinates":[[[[-72.4216,19.5267],[-72.4186,19.5249],[-72.4156,19.5259],[-72.4114,19.525],[-72.4104,19.5232],[-72.4096,19.5247],[-72.4083,19.5255],[-72.407,19.5239],[-72.4047,19.5253],[-72.4036,19.5269],[-72.4001,19.526],[-72.3966,19.5265],[-72.3947,19.5274],[-72.3932,19.5266],[-72.3918,19.5259],[-72.3898,19.5272],[-72.3876,19.5268],[-72.3885,19.5255],[-72.3879,19.5236],[-72.3854,19.5223],[-72.3847,19.5202],[-72.3831,19.5182],[-72.3817,19.5155],[-72.3792,19.5159],[-72.377,19.5155],[-72.3751,19.5135],[-72.3719,19.5132],[-72.3709,19.5119],[-72.3692,19.5106],[-72.3685,19.5088],[-72.3673,19.5054],[-72.3659,19.5042],[-72.3672,19.5015],[-72.3689,19.4995],[-72.3698,19.4983],[-72.3711,19.4962],[-72.3714,19.4932],[-72.3712,19.4909],[-72.3725,19.4899],[-72.3748,19.4886],[-72.3752,19.4869],[-72.3766,19.4856],[-72.379,19.485],[-72.3794,19.4829],[-72.3815,19.4818],[-72.3808,19.4802],[-72.3807,19.4778],[-72.3841,19.4756],[-72.3864,19.4746],[-72.3875,19.4734],[-72.3885,19.4718],[-72.3893,19.4702],[-72.3908,19.4693],[-72.392,19.4667],[-72.3936,19.466],[-72.3954,19.4648],[-72.3958,19.4619],[-72.3986,19.4609],[-72.4008,19.4595],[-72.4026,19.459],[-72.404,19.4581],[-72.4079,19.4585],[-72.4097,19.4573],[-72.4111,19.4566],[-72.4127,19.4546],[-72.4144,19.4524],[-72.4133,19.4502],[-72.4122,19.4485],[-72.4116,19.4462],[-72.4131,19.445],[-72.4163,19.4444],[-72.4177,19.4431],[-72.4174,19.441],[-72.4166,19.4382],[-72.4159,19.4356],[-72.4159,19.4331],[-72.415,19.4312],[-72.4153,19.4294],[-72.4169,19.4283],[-72.4179,19.4261],[-72.419,19.425],[-72.4224,19.4241],[-72.4237,19.4221],[-72.4246,19.4205],[-72.4249,19.4181],[-72.426,19.4152],[-72.4277,19.4144],[-72.4298,19.4141],[-72.4331,19.4148],[-72.4347,19.4159],[-72.4368,19.4143],[-72.4372,19.4118],[-72.439,19.4097],[-72.4423,19.4076],[-72.4438,19.407],[-72.4461,19.4065],[-72.4478,19.4047],[-72.4511,19.4044],[-72.4524,19.4036],[-72.4554,19.4014],[-72.457,19.4037],[-72.4578,19.405],[-72.4592,19.4059],[-72.4618,19.4054],[-72.4654,19.4049],[-72.4667,19.4041],[-72.4685,19.4027],[-72.471,19.4012],[-72.4721,19.3993],[-72.4736,19.3988],[-72.4744,19.4002],[-72.4761,19.401],[-72.4785,19.402],[-72.4793,19.4039],[-72.4809,19.4027],[-72.4825,19.4009],[-72.4866,19.3984],[-72.4905,19.3984],[-72.4918,19.3971],[-72.4947,19.3965],[-72.4967,19.3979],[-72.4974,19.3962],[-72.4998,19.3954],[-72.5022,19.3941],[-72.5048,19.3982],[-72.5071,19.3987],[-72.5109,19.3977],[-72.5122,19.3968],[-72.5134,19.3948],[-72.5158,19.3955],[-72.5192,19.3989],[-72.5205,19.3997],[-72.5219,19.4005],[-72.5237,19.4014],[-72.5268,19.4017],[-72.5287,19.4039],[-72.5306,19.4042],[-72.5332,19.4056],[-72.535,19.4069],[-72.5367,19.405],[-72.538,19.4043],[-72.5412,19.4039],[-72.5411,19.4016],[-72.5413,19.399],[-72.5422,19.3975],[-72.5438,19.3971],[-72.5455,19.3979],[-72.5479,19.3984],[-72.55,19.3996],[-72.552,19.4015],[-72.5536,19.4032],[-72.5544,19.4047],[-72.5565,19.405],[-72.5583,19.4052],[-72.561,19.4056],[-72.5638,19.406],[-72.5658,19.4051],[-72.566,19.4032],[-72.5679,19.4015],[-72.5667,19.3994],[-72.5652,19.3976],[-72.5636,19.3969],[-72.5627,19.3941],[-72.5624,19.3916],[-72.5624,19.3892],[-72.564,19.3885],[-72.5633,19.3867],[-72.563,19.3843],[-72.5637,19.3829],[-72.5646,19.3816],[-72.5652,19.3791],[-72.566,19.3777],[-72.5677,19.3769],[-72.5672,19.375],[-72.5656,19.3736],[-72.567,19.3712],[-72.5676,19.3693],[-72.5699,19.3683],[-72.5719,19.368],[-72.5736,19.367],[-72.5761,19.3681],[-72.5778,19.3665],[-72.5788,19.3652],[-72.5803,19.3643],[-72.5837,19.3643],[-72.5857,19.3628],[-72.5873,19.3616],[-72.5883,19.3595],[-72.5919,19.3589],[-72.5945,19.3592],[-72.5957,19.3611],[-72.5953,19.3633],[-72.5979,19.3633],[-72.5998,19.363],[-72.6018,19.3627],[-72.6044,19.3634],[-72.6066,19.3628],[-72.6095,19.3611],[-72.6103,19.3595],[-72.6116,19.3579],[-72.6137,19.3587],[-72.6143,19.3606],[-72.6146,19.3624],[-72.6157,19.3667],[-72.6185,19.3679],[-72.6187,19.3704],[-72.6181,19.3721],[-72.6197,19.3742],[-72.6201,19.3772],[-72.6169,19.3791],[-72.6173,19.3809],[-72.6201,19.3814],[-72.6216,19.3825],[-72.6225,19.3837],[-72.6244,19.3852],[-72.6262,19.3857],[-72.6276,19.3871],[-72.6296,19.3878],[-72.631,19.3885],[-72.6305,19.3917],[-72.6318,19.3934],[-72.6349,19.3931],[-72.6366,19.3937],[-72.6382,19.3944],[-72.6379,19.3968],[-72.6393,19.3979],[-72.6389,19.3999],[-72.6385,19.4017],[-72.6411,19.4016],[-72.6432,19.4023],[-72.645,19.403],[-72.6457,19.4045],[-72.6463,19.4081],[-72.6473,19.407],[-72.6492,19.4068],[-72.6509,19.4056],[-72.6527,19.4061],[-72.6538,19.4099],[-72.6555,19.4119],[-72.6572,19.4132],[-72.659,19.4126],[-72.6611,19.4133],[-72.6641,19.4143],[-72.6679,19.4132],[-72.6776,19.4131],[-72.6857,19.4158],[-72.6872,19.4164],[-72.6892,19.4166],[-72.6893,19.4185],[-72.6897,19.4206],[-72.6909,19.4218],[-72.692,19.4229],[-72.6932,19.4237],[-72.6943,19.4247],[-72.6953,19.4258],[-72.6963,19.4269],[-72.6977,19.4276],[-72.6992,19.427],[-72.7004,19.4279],[-72.7005,19.4298],[-72.7003,19.4323],[-72.7,19.4343],[-72.6999,19.4362],[-72.7,19.4383],[-72.7003,19.4403],[-72.6998,19.4418],[-72.6983,19.4425],[-72.6971,19.4434],[-72.6981,19.4445],[-72.698,19.4464],[-72.6968,19.4474],[-72.6974,19.4489],[-72.6969,19.4504],[-72.6975,19.4519],[-72.6984,19.4531],[-72.6998,19.4538],[-72.7016,19.4541],[-72.7031,19.4547],[-72.702,19.4556],[-72.6999,19.4555],[-72.6976,19.4556],[-72.6954,19.4552],[-72.6941,19.4568],[-72.6915,19.4574],[-72.6903,19.4589],[-72.6891,19.4624],[-72.6903,19.4649],[-72.6891,19.4665],[-72.6879,19.4686],[-72.686,19.4707],[-72.6865,19.4726],[-72.6876,19.4739],[-72.6864,19.4751],[-72.6851,19.4759],[-72.6858,19.478],[-72.6863,19.4803],[-72.6855,19.4818],[-72.684,19.4833],[-72.6831,19.4867],[-72.6835,19.4884],[-72.685,19.4914],[-72.6835,19.4933],[-72.6838,19.4951],[-72.6826,19.498],[-72.6826,19.5004],[-72.6834,19.5017],[-72.6828,19.5037],[-72.6824,19.5061],[-72.6831,19.5082],[-72.6836,19.5109],[-72.6862,19.5123],[-72.6893,19.5121],[-72.6907,19.5109],[-72.6924,19.5103],[-72.6955,19.5118],[-72.6976,19.5117],[-72.6996,19.5125],[-72.7024,19.5131],[-72.7052,19.5132],[-72.7073,19.5139],[-72.7094,19.5139],[-72.7107,19.5157],[-72.713,19.5156],[-72.7148,19.5167],[-72.7161,19.5186],[-72.7202,19.5184],[-72.7236,19.519],[-72.7266,19.5186],[-72.7292,19.5186],[-72.7323,19.5189],[-72.7357,19.5192],[-72.738,19.5169],[-72.7407,19.5187],[-72.7412,19.5202],[-72.7418,19.5217],[-72.7426,19.5241],[-72.7422,19.5258],[-72.7403,19.527],[-72.742,19.5288],[-72.7431,19.5319],[-72.7443,19.5332],[-72.7465,19.5345],[-72.7475,19.5363],[-72.748,19.5378],[-72.7493,19.539],[-72.7507,19.5405],[-72.7529,19.5407],[-72.756,19.5405],[-72.7575,19.5413],[-72.759,19.5425],[-72.7549,19.5453],[-72.7531,19.5483],[-72.7517,19.5501],[-72.7476,19.5498],[-72.7454,19.5512],[-72.7457,19.554],[-72.7475,19.5563],[-72.7485,19.5574],[-72.7479,19.5593],[-72.7467,19.5625],[-72.7451,19.5631],[-72.746,19.5657],[-72.7475,19.5663],[-72.747,19.5688],[-72.748,19.5715],[-72.7496,19.5722],[-72.7485,19.5739],[-72.7476,19.5758],[-72.7462,19.5773],[-72.7448,19.5784],[-72.7441,19.5808],[-72.743,19.5835],[-72.7403,19.5866],[-72.739,19.5876],[-72.7348,19.5879],[-72.7333,19.5895],[-72.7341,19.5913],[-72.7328,19.5936],[-72.732,19.595],[-72.7304,19.5937],[-72.7288,19.5942],[-72.7257,19.5978],[-72.7251,19.6007],[-72.7243,19.6029],[-72.725,19.6052],[-72.7246,19.607],[-72.721,19.6067],[-72.7189,19.6059],[-72.7179,19.6047],[-72.7166,19.6036],[-72.7151,19.6022],[-72.7139,19.6005],[-72.7118,19.6],[-72.7101,19.6009],[-72.7069,19.6002],[-72.7048,19.6],[-72.7008,19.601],[-72.7005,19.6031],[-72.6988,19.6037],[-72.6976,19.6045],[-72.6931,19.6041],[-72.6916,19.6036],[-72.6889,19.6032],[-72.6876,19.6047],[-72.684,19.6044],[-72.6827,19.6059],[-72.6802,19.6054],[-72.679,19.6079],[-72.6762,19.6083],[-72.6728,19.6091],[-72.6705,19.6088],[-72.6697,19.6108],[-72.6693,19.6126],[-72.6681,19.6138],[-72.666,19.6142],[-72.6642,19.614],[-72.6625,19.6145],[-72.6617,19.6168],[-72.6597,19.6185],[-72.6588,19.6164],[-72.6553,19.6164],[-72.6523,19.6165],[-72.6519,19.6147],[-72.6508,19.6137],[-72.6505,19.6117],[-72.6484,19.609],[-72.6466,19.6087],[-72.6452,19.6074],[-72.6429,19.6058],[-72.6418,19.6038],[-72.641,19.6024],[-72.639,19.6024],[-72.6371,19.6034],[-72.6355,19.6045],[-72.6365,19.6059],[-72.6369,19.6094],[-72.6349,19.6105],[-72.6339,19.6115],[-72.632,19.6128],[-72.6296,19.6148],[-72.6267,19.6162],[-72.6257,19.6174],[-72.6242,19.62],[-72.6231,19.6218],[-72.6225,19.6241],[-72.6218,19.6266],[-72.6234,19.6285],[-72.6241,19.6303],[-72.6235,19.6324],[-72.6245,19.634],[-72.6228,19.6359],[-72.6219,19.6383],[-72.619,19.6393],[-72.6172,19.6416],[-72.6162,19.6439],[-72.6156,19.6462],[-72.6116,19.6471],[-72.6087,19.6471],[-72.6059,19.6471],[-72.6037,19.6475],[-72.6016,19.6475],[-72.5982,19.6478],[-72.5962,19.6485],[-72.5936,19.6498],[-72.5897,19.649],[-72.5863,19.6479],[-72.5804,19.6484],[-72.5781,19.6489],[-72.5765,19.6484],[-72.575,19.6478],[-72.5733,19.6472],[-72.572,19.6459],[-72.5706,19.6431],[-72.5704,19.6408],[-72.5702,19.6389],[-72.5699,19.636],[-72.5692,19.6335],[-72.5678,19.6312],[-72.5668,19.6298],[-72.5662,19.6284],[-72.5648,19.6268],[-72.5633,19.6242],[-72.5623,19.623],[-72.5601,19.62],[-72.5587,19.6181],[-72.5574,19.6163],[-72.5548,19.6145],[-72.5532,19.6131],[-72.552,19.61],[-72.5504,19.6082],[-72.5494,19.607],[-72.5468,19.6037],[-72.5442,19.6011],[-72.5422,19.5994],[-72.5412,19.5977],[-72.5416,19.596],[-72.5412,19.594],[-72.5431,19.5903],[-72.5427,19.5884],[-72.5411,19.587],[-72.5401,19.5857],[-72.5386,19.5837],[-72.5362,19.5828],[-72.5343,19.5817],[-72.531,19.5813],[-72.5287,19.5795],[-72.5271,19.5785],[-72.5255,19.5776],[-72.5243,19.5756],[-72.5231,19.5745],[-72.5221,19.573],[-72.5212,19.5713],[-72.519,19.5703],[-72.5179,19.5692],[-72.5165,19.568],[-72.516,19.566],[-72.5128,19.5674],[-72.5102,19.5676],[-72.5085,19.5664],[-72.5074,19.5653],[-72.5063,19.5642],[-72.506,19.5613],[-72.5041,19.5609],[-72.5011,19.5606],[-72.4998,19.559],[-72.4981,19.558],[-72.497,19.557],[-72.496,19.5557],[-72.4948,19.5547],[-72.4939,19.5535],[-72.4924,19.5523],[-72.4912,19.5508],[-72.4897,19.5494],[-72.4889,19.5477],[-72.4868,19.5464],[-72.4853,19.5445],[-72.4841,19.5434],[-72.4816,19.542],[-72.4808,19.5398],[-72.4799,19.5387],[-72.4779,19.5382],[-72.4769,19.5371],[-72.4743,19.5357],[-72.4716,19.5342],[-72.4691,19.5325],[-72.4684,19.5307],[-72.4668,19.5297],[-72.4654,19.5281],[-72.4649,19.5264],[-72.463,19.5263],[-72.4604,19.5253],[-72.4591,19.5244],[-72.4571,19.5233],[-72.4546,19.5224],[-72.4528,19.5228],[-72.4505,19.5219],[-72.4478,19.521],[-72.4449,19.5215],[-72.4421,19.5221],[-72.4428,19.5238],[-72.4407,19.5259],[-72.4412,19.5275],[-72.4415,19.5299],[-72.4394,19.5298],[-72.4373,19.5291],[-72.4366,19.5308],[-72.4325,19.5291],[-72.4312,19.5274],[-72.4293,19.5262],[-72.4297,19.5245],[-72.4277,19.5239],[-72.4257,19.525],[-72.4234,19.526],[-72.4216,19.5267]]]]},"properties":{"nom":"La Quinte","code":"09","zone":"CENTRE-NORD"}},{"type":"Feature","geometry":{"type":"MultiPolygon","coordinates":[[[[-72.572,18.5635],[-72.5698,18.564],[-72.5683,18.5646],[-72.5663,18.5644],[-72.5646,18.564],[-72.5632,18.5633],[-72.5618,18.5623],[-72.5603,18.5614],[-72.5588,18.5608],[-72.5569,18.5605],[-72.5547,18.5606],[-72.5526,18.5603],[-72.5532,18.5588],[-72.5531,18.5569],[-72.5526,18.5551],[-72.5521,18.5532],[-72.551,18.5522],[-72.5499,18.5512],[-72.5482,18.5508],[-72.5467,18.5502],[-72.5455,18.5493],[-72.5445,18.5482],[-72.5435,18.5465],[-72.5423,18.5453],[-72.541,18.5445],[-72.5392,18.5443],[-72.5374,18.5449],[-72.5351,18.545],[-72.5333,18.5452],[-72.5317,18.5457],[-72.5303,18.5463],[-72.529,18.547],[-72.5272,18.5468],[-72.5256,18.5473],[-72.5238,18.5469],[-72.522,18.5466],[-72.5201,18.5469],[-72.5185,18.5463],[-72.5171,18.5469],[-72.5154,18.5465],[-72.5144,18.5476],[-72.5135,18.5487],[-72.5117,18.5484],[-72.5095,18.5484],[-72.5077,18.5486],[-72.5059,18.548],[-72.5051,18.5467],[-72.5044,18.5453],[-72.5034,18.5464],[-72.5018,18.5459],[-72.5005,18.5451],[-72.4989,18.5456],[-72.4977,18.5464],[-72.496,18.5467],[-72.4938,18.5467],[-72.4921,18.5463],[-72.4903,18.546],[-72.4885,18.5458],[-72.487,18.5463],[-72.4853,18.5459],[-72.4835,18.5462],[-72.4821,18.5456],[-72.4802,18.5458],[-72.4785,18.5462],[-72.4765,18.5464],[-72.4748,18.5468],[-72.4733,18.5474],[-72.4724,18.5485],[-72.4711,18.5477],[-72.4694,18.548],[-72.4673,18.5479],[-72.4657,18.5474],[-72.4641,18.5468],[-72.4623,18.547],[-72.4602,18.547],[-72.4584,18.5467],[-72.4566,18.5465],[-72.4549,18.5461],[-72.454,18.5449],[-72.4521,18.5447],[-72.4503,18.5445],[-72.4486,18.5441],[-72.4469,18.5437],[-72.4452,18.5434],[-72.4436,18.5439],[-72.4425,18.543],[-72.4404,18.543],[-72.4386,18.5432],[-72.4367,18.5434],[-72.4354,18.5426],[-72.4336,18.5428],[-72.432,18.5423],[-72.4302,18.5428],[-72.4293,18.544],[-72.4284,18.5454],[-72.4273,18.5465],[-72.4263,18.5475],[-72.4247,18.548],[-72.4235,18.5491],[-72.4225,18.5501],[-72.4217,18.5514],[-72.4211,18.5528],[-72.4203,18.5541],[-72.4192,18.5552],[-72.4174,18.5556],[-72.4156,18.5552],[-72.4147,18.5539],[-72.4129,18.5536],[-72.4109,18.5534],[-72.4088,18.5534],[-72.4074,18.5528],[-72.4063,18.5518],[-72.4046,18.5513],[-72.4028,18.551],[-72.4009,18.5509],[-72.3998,18.5498],[-72.3988,18.5487],[-72.3975,18.548],[-72.3959,18.5475],[-72.3947,18.5485],[-72.3954,18.5471],[-72.3949,18.5455],[-72.3939,18.5445],[-72.3926,18.5436],[-72.3912,18.543],[-72.3898,18.5424],[-72.3887,18.5434],[-72.3879,18.5448],[-72.3873,18.5434],[-72.3888,18.5429],[-72.3885,18.5412],[-72.3875,18.54],[-72.3845,18.5416],[-72.3856,18.5405],[-72.3869,18.5395],[-72.3864,18.538],[-72.3852,18.5371],[-72.3835,18.5376],[-72.3819,18.5371],[-72.3815,18.5353],[-72.3806,18.534],[-72.3788,18.5338],[-72.3769,18.534],[-72.3761,18.5328],[-72.3741,18.533],[-72.3723,18.5333],[-72.3704,18.5335],[-72.3688,18.5339],[-72.368,18.5353],[-72.3666,18.5346],[-72.3657,18.5335],[-72.3641,18.5331],[-72.3635,18.5346],[-72.3634,18.5365],[-72.3628,18.5351],[-72.3614,18.5344],[-72.3603,18.5353],[-72.3596,18.5367],[-72.3579,18.5372],[-72.3554,18.5358],[-72.3539,18.534],[-72.3515,18.5312],[-72.3471,18.524],[-72.3473,18.5218],[-72.3468,18.5196],[-72.3462,18.518],[-72.3447,18.5157],[-72.3422,18.5131],[-72.3395,18.5124],[-72.338,18.5118],[-72.336,18.5096],[-72.3344,18.5089],[-72.3319,18.5063],[-72.3311,18.5043],[-72.331,18.5023],[-72.3316,18.5008],[-72.3289,18.5015],[-72.3257,18.5023],[-72.3233,18.5026],[-72.3218,18.5008],[-72.3207,18.4998],[-72.3188,18.4967],[-72.3171,18.4957],[-72.3162,18.4943],[-72.3151,18.4926],[-72.314,18.491],[-72.313,18.4899],[-72.3103,18.4885],[-72.3084,18.4874],[-72.3061,18.4845],[-72.3045,18.4833],[-72.3016,18.4799],[-72.3024,18.4787],[-72.3033,18.4773],[-72.3048,18.4766],[-72.304,18.4743],[-72.3019,18.4733],[-72.2993,18.4727],[-72.2972,18.4721],[-72.2946,18.4696],[-72.2938,18.4675],[-72.2921,18.4664],[-72.2904,18.4654],[-72.2893,18.4644],[-72.2896,18.4618],[-72.288,18.4594],[-72.2871,18.4577],[-72.2869,18.4554],[-72.2875,18.4525],[-72.2885,18.4492],[-72.2903,18.4482],[-72.2911,18.4462],[-72.2916,18.444],[-72.2927,18.4428],[-72.2924,18.4406],[-72.2913,18.4388],[-72.2891,18.4375],[-72.2879,18.4365],[-72.2886,18.4326],[-72.2873,18.43],[-72.2879,18.4283],[-72.2888,18.4258],[-72.2871,18.4228],[-72.2857,18.4216],[-72.2863,18.4193],[-72.2873,18.4176],[-72.2881,18.4158],[-72.2901,18.4123],[-72.2915,18.4113],[-72.2923,18.4094],[-72.2939,18.4072],[-72.295,18.4054],[-72.2957,18.4025],[-72.2963,18.4008],[-72.2959,18.399],[-72.2953,18.3974],[-72.2928,18.3967],[-72.2913,18.3959],[-72.2897,18.3941],[-72.289,18.3919],[-72.288,18.3896],[-72.2877,18.3876],[-72.2877,18.3848],[-72.2883,18.3826],[-72.2869,18.3796],[-72.2864,18.378],[-72.2863,18.3747],[-72.2864,18.3727],[-72.2871,18.3697],[-72.288,18.3686],[-72.2886,18.3668],[-72.2881,18.3641],[-72.2883,18.3599],[-72.2873,18.3584],[-72.2868,18.3568],[-72.284,18.3556],[-72.2814,18.355],[-72.2798,18.3543],[-72.2809,18.3523],[-72.2826,18.3499],[-72.2836,18.3488],[-72.2837,18.346],[-72.2849,18.3451],[-72.2873,18.3426],[-72.2894,18.3418],[-72.2911,18.3422],[-72.2932,18.342],[-72.296,18.3415],[-72.3005,18.3418],[-72.3042,18.3404],[-72.3082,18.3398],[-72.3116,18.3391],[-72.3153,18.3399],[-72.3189,18.3404],[-72.3215,18.3406],[-72.324,18.34],[-72.3271,18.3405],[-72.3292,18.3414],[-72.3333,18.342],[-72.3349,18.3427],[-72.3369,18.3434],[-72.3415,18.3445],[-72.3433,18.3439],[-72.3441,18.3452],[-72.3464,18.3466],[-72.3484,18.3455],[-72.351,18.3463],[-72.3533,18.3466],[-72.3549,18.3472],[-72.357,18.3491],[-72.3583,18.3506],[-72.3602,18.3514],[-72.3618,18.3521],[-72.3643,18.352],[-72.3656,18.353],[-72.3662,18.3555],[-72.3669,18.3579],[-72.3684,18.3598],[-72.3696,18.3607],[-72.37,18.3625],[-72.3713,18.3649],[-72.3704,18.3665],[-72.3696,18.3689],[-72.3687,18.3701],[-72.3685,18.3756],[-72.367,18.3772],[-72.3666,18.38],[-72.3656,18.3812],[-72.3678,18.383],[-72.3686,18.3847],[-72.37,18.3855],[-72.3729,18.3854],[-72.3763,18.3852],[-72.3789,18.3859],[-72.3819,18.3892],[-72.3834,18.3898],[-72.3843,18.3918],[-72.3849,18.3939],[-72.3852,18.396],[-72.3876,18.3965],[-72.3899,18.3967],[-72.3918,18.3976],[-72.3932,18.3986],[-72.3963,18.399],[-72.3993,18.3992],[-72.4025,18.3998],[-72.4057,18.3992],[-72.4085,18.3992],[-72.4112,18.3999],[-72.412,18.3987],[-72.4122,18.3968],[-72.4133,18.3947],[-72.4159,18.395],[-72.4172,18.3962],[-72.4167,18.3978],[-72.4181,18.4001],[-72.4183,18.4025],[-72.4201,18.4031],[-72.4223,18.4037],[-72.4237,18.4055],[-72.4248,18.4072],[-72.4265,18.408],[-72.428,18.409],[-72.4296,18.4084],[-72.4317,18.4081],[-72.4337,18.408],[-72.4358,18.4075],[-72.4389,18.4079],[-72.4406,18.4091],[-72.4422,18.4096],[-72.4451,18.41],[-72.4465,18.411],[-72.4485,18.4121],[-72.4507,18.4143],[-72.4525,18.4179],[-72.4554,18.4184],[-72.4569,18.4203],[-72.458,18.4227],[-72.4599,18.4256],[-72.4614,18.4273],[-72.4625,18.4297],[-72.4628,18.4331],[-72.465,18.4357],[-72.4667,18.4364],[-72.4685,18.4361],[-72.4702,18.4348],[-72.4715,18.4338],[-72.4762,18.4356],[-72.4798,18.4346],[-72.4817,18.4336],[-72.4832,18.4342],[-72.4856,18.4352],[-72.4866,18.4296],[-72.4875,18.4284],[-72.4888,18.4271],[-72.4911,18.4266],[-72.4935,18.428],[-72.4958,18.4278],[-72.4978,18.4287],[-72.499,18.4275],[-72.5008,18.4282],[-72.502,18.4265],[-72.504,18.4252],[-72.504,18.4225],[-72.5058,18.4213],[-72.5077,18.4205],[-72.5086,18.4183],[-72.5107,18.4183],[-72.5125,18.4178],[-72.5134,18.4167],[-72.5151,18.4163],[-72.5166,18.4155],[-72.5185,18.4163],[-72.5206,18.4165],[-72.5208,18.4146],[-72.5207,18.4121],[-72.5219,18.4108],[-72.5236,18.409],[-72.524,18.4069],[-72.5232,18.4053],[-72.5224,18.4031],[-72.5213,18.4001],[-72.5187,18.3962],[-72.5203,18.3937],[-72.5219,18.3912],[-72.5239,18.3914],[-72.5257,18.3921],[-72.5271,18.3941],[-72.5302,18.3954],[-72.532,18.3948],[-72.5347,18.3961],[-72.538,18.3977],[-72.5406,18.3982],[-72.544,18.398],[-72.5465,18.3961],[-72.5482,18.3945],[-72.5485,18.3928],[-72.5506,18.3916],[-72.5533,18.391],[-72.5551,18.3906],[-72.5572,18.3907],[-72.5596,18.3906],[-72.5614,18.3913],[-72.5635,18.3912],[-72.5647,18.3921],[-72.5671,18.3914],[-72.5704,18.3925],[-72.5724,18.3926],[-72.5729,18.3908],[-72.5757,18.3898],[-72.5803,18.3899],[-72.5825,18.389],[-72.5843,18.3888],[-72.5865,18.3878],[-72.5875,18.3867],[-72.5901,18.385],[-72.5909,18.3876],[-72.5899,18.3899],[-72.589,18.3926],[-72.5896,18.394],[-72.5906,18.397],[-72.5921,18.3992],[-72.5928,18.4016],[-72.5924,18.4042],[-72.593,18.4064],[-72.5902,18.4076],[-72.5889,18.4091],[-72.5865,18.4094],[-72.586,18.4114],[-72.5846,18.4129],[-72.5851,18.4146],[-72.5871,18.4147],[-72.5889,18.4159],[-72.5905,18.4163],[-72.5935,18.4168],[-72.5954,18.4176],[-72.5976,18.4189],[-72.5974,18.4218],[-72.5967,18.4234],[-72.5978,18.4259],[-72.5981,18.4281],[-72.5997,18.4288],[-72.6015,18.4295],[-72.6036,18.4327],[-72.6061,18.4336],[-72.6079,18.4369],[-72.609,18.4392],[-72.6104,18.4399],[-72.6135,18.4404],[-72.6147,18.4423],[-72.6161,18.4432],[-72.6187,18.4454],[-72.6202,18.4462],[-72.6219,18.4479],[-72.6236,18.447],[-72.6265,18.4465],[-72.6285,18.4457],[-72.6298,18.4485],[-72.6312,18.4491],[-72.632,18.4511],[-72.6328,18.4525],[-72.6308,18.4539],[-72.6317,18.4558],[-72.6328,18.4573],[-72.6339,18.4593],[-72.6347,18.4606],[-72.6336,18.4631],[-72.6323,18.4647],[-72.6332,18.4664],[-72.6326,18.4685],[-72.6333,18.47],[-72.6359,18.4694],[-72.6357,18.4714],[-72.6377,18.4732],[-72.6386,18.4743],[-72.6406,18.4744],[-72.6412,18.4728],[-72.6429,18.4718],[-72.6461,18.4714],[-72.6465,18.4732],[-72.6487,18.4727],[-72.6496,18.4738],[-72.651,18.4755],[-72.6527,18.4759],[-72.6544,18.4764],[-72.6542,18.4785],[-72.6568,18.478],[-72.6589,18.4783],[-72.6602,18.4794],[-72.6634,18.4794],[-72.6647,18.4807],[-72.6649,18.4837],[-72.6645,18.4855],[-72.6639,18.487],[-72.6633,18.4887],[-72.6628,18.4903],[-72.6624,18.4921],[-72.6619,18.4936],[-72.6613,18.4952],[-72.6606,18.4966],[-72.6599,18.4981],[-72.6593,18.4996],[-72.6587,18.5011],[-72.6581,18.5026],[-72.6575,18.504],[-72.6568,18.5055],[-72.656,18.5071],[-72.6554,18.5086],[-72.6548,18.51],[-72.6542,18.5115],[-72.6536,18.5129],[-72.6531,18.5144],[-72.6529,18.5165],[-72.6534,18.518],[-72.654,18.5195],[-72.6532,18.5209],[-72.6525,18.5223],[-72.6524,18.5243],[-72.651,18.525],[-72.649,18.5252],[-72.648,18.5262],[-72.6471,18.5273],[-72.6461,18.5284],[-72.645,18.5293],[-72.644,18.5307],[-72.643,18.532],[-72.6421,18.5331],[-72.6411,18.5341],[-72.64,18.5352],[-72.639,18.5363],[-72.6381,18.5375],[-72.6371,18.5387],[-72.6364,18.5401],[-72.6355,18.5414],[-72.6344,18.5426],[-72.6334,18.5437],[-72.6322,18.5451],[-72.6308,18.5463],[-72.6297,18.5475],[-72.6286,18.5486],[-72.6275,18.5498],[-72.6266,18.5511],[-72.6251,18.5517],[-72.6231,18.5523],[-72.6218,18.5532],[-72.6202,18.5538],[-72.6184,18.5544],[-72.6169,18.555],[-72.6155,18.556],[-72.6138,18.5566],[-72.6124,18.5574],[-72.6109,18.558],[-72.6092,18.5584],[-72.6076,18.5589],[-72.606,18.5593],[-72.6042,18.5596],[-72.6022,18.5597],[-72.6004,18.5595],[-72.5984,18.5598],[-72.5967,18.5602],[-72.595,18.5608],[-72.5923,18.5616],[-72.5904,18.5622],[-72.5882,18.5631],[-72.586,18.5638],[-72.584,18.5643],[-72.5825,18.5648],[-72.5807,18.5652],[-72.5785,18.5653],[-72.5765,18.5649],[-72.5744,18.5642],[-72.5726,18.5636],[-72.572,18.5635]]]]},"properties":{"nom":"Léogane / Carrefour","code":"15","zone":"CENTRE-SUD"}},{"type":"Feature","geometry":{"type":"MultiPolygon","coordinates":[[[[-71.7269,18.289],[-71.7285,18.291],[-71.7289,18.2937],[-71.7297,18.3004],[-71.7298,18.3042],[-71.7321,18.3072],[-71.7341,18.3082],[-71.7356,18.3067],[-71.7372,18.3057],[-71.7387,18.3072],[-71.7406,18.3071],[-71.7419,18.3057],[-71.7431,18.3075],[-71.7449,18.306],[-71.7462,18.307],[-71.7481,18.306],[-71.7499,18.3051],[-71.7519,18.3058],[-71.7534,18.3071],[-71.7548,18.3058],[-71.7562,18.3073],[-71.758,18.3066],[-71.7605,18.3061],[-71.7628,18.3057],[-71.7631,18.3087],[-71.7562,18.314],[-71.7593,18.3153],[-71.7617,18.3173],[-71.7613,18.3208],[-71.7636,18.3211],[-71.7653,18.3176],[-71.7677,18.3172],[-71.77,18.3163],[-71.772,18.3153],[-71.7735,18.3134],[-71.7755,18.3129],[-71.7772,18.3117],[-71.777,18.3091],[-71.7786,18.3072],[-71.7793,18.3101],[-71.7802,18.3121],[-71.7813,18.3133],[-71.7825,18.3143],[-71.7821,18.3162],[-71.7832,18.3179],[-71.7855,18.3182],[-71.7878,18.3174],[-71.7896,18.3166],[-71.7914,18.318],[-71.7936,18.3183],[-71.7968,18.3196],[-71.7954,18.3215],[-71.7952,18.3235],[-71.7987,18.3243],[-71.801,18.3234],[-71.8027,18.3222],[-71.8044,18.3217],[-71.8073,18.3221],[-71.8094,18.3226],[-71.8086,18.3251],[-71.8079,18.3272],[-71.8093,18.3288],[-71.8084,18.3307],[-71.8065,18.3321],[-71.8047,18.3319],[-71.8037,18.3303],[-71.8024,18.332],[-71.8009,18.3344],[-71.8028,18.336],[-71.8037,18.3377],[-71.8059,18.3372],[-71.8081,18.338],[-71.8109,18.3377],[-71.8128,18.3367],[-71.8145,18.3356],[-71.8166,18.3351],[-71.8168,18.3375],[-71.8189,18.3379],[-71.8204,18.3363],[-71.8232,18.3358],[-71.8253,18.3347],[-71.8264,18.3359],[-71.8287,18.3353],[-71.8293,18.3321],[-71.8309,18.3328],[-71.833,18.3333],[-71.8361,18.3328],[-71.8375,18.332],[-71.8381,18.3298],[-71.8397,18.3277],[-71.8418,18.3289],[-71.8455,18.3276],[-71.8491,18.3276],[-71.8498,18.326],[-71.8512,18.327],[-71.8526,18.3279],[-71.8543,18.3292],[-71.8542,18.3312],[-71.8564,18.3315],[-71.8576,18.3306],[-71.8586,18.332],[-71.8601,18.3332],[-71.8626,18.3348],[-71.863,18.3367],[-71.8634,18.3386],[-71.8657,18.3392],[-71.867,18.3411],[-71.8693,18.3414],[-71.8705,18.3422],[-71.8735,18.3423],[-71.8753,18.3439],[-71.8763,18.3474],[-71.8781,18.35],[-71.8804,18.3513],[-71.883,18.3503],[-71.8866,18.3517],[-71.8899,18.3518],[-71.8919,18.3521],[-71.8934,18.3515],[-71.896,18.351],[-71.8982,18.3507],[-71.8993,18.3497],[-71.9014,18.3508],[-71.9018,18.3527],[-71.9052,18.3544],[-71.9067,18.3557],[-71.9078,18.3568],[-71.909,18.3577],[-71.9099,18.3596],[-71.9137,18.3596],[-71.9155,18.3599],[-71.917,18.3608],[-71.9209,18.3627],[-71.9241,18.3654],[-71.926,18.3671],[-71.927,18.3685],[-71.9295,18.3694],[-71.9313,18.3706],[-71.9329,18.37],[-71.9345,18.3688],[-71.9361,18.3696],[-71.937,18.371],[-71.9384,18.3724],[-71.94,18.3749],[-71.9406,18.3767],[-71.9392,18.3759],[-71.938,18.3774],[-71.9365,18.3791],[-71.937,18.3811],[-71.938,18.3836],[-71.9391,18.3846],[-71.9403,18.386],[-71.9411,18.3874],[-71.943,18.389],[-71.9441,18.3899],[-71.9458,18.3915],[-71.9465,18.3933],[-71.9467,18.3962],[-71.9477,18.3975],[-71.948,18.401],[-71.9485,18.4026],[-71.9512,18.4059],[-71.9504,18.4073],[-71.9514,18.4096],[-71.9513,18.4119],[-71.9516,18.414],[-71.9512,18.4164],[-71.9505,18.4182],[-71.9499,18.4196],[-71.9493,18.4212],[-71.9476,18.4227],[-71.947,18.4252],[-71.9466,18.4272],[-71.9452,18.429],[-71.9436,18.4295],[-71.9415,18.4285],[-71.9393,18.4283],[-71.9357,18.4288],[-71.9341,18.4294],[-71.9324,18.4308],[-71.933,18.4325],[-71.9294,18.4354],[-71.9273,18.4376],[-71.9252,18.4378],[-71.9239,18.44],[-71.9233,18.4445],[-71.9219,18.4464],[-71.9216,18.4482],[-71.9199,18.4493],[-71.9186,18.4511],[-71.9165,18.453],[-71.9131,18.4543],[-71.9099,18.4563],[-71.9046,18.4573],[-71.9001,18.4555],[-71.888,18.4504],[-71.8807,18.4474],[-71.8762,18.446],[-71.8657,18.4386],[-71.8507,18.4328],[-71.844,18.4293],[-71.8368,18.4176],[-71.8336,18.409],[-71.8298,18.399],[-71.8173,18.398],[-71.8034,18.3925],[-71.8057,18.3897],[-71.7953,18.3789],[-71.7898,18.3768],[-71.6953,18.3407],[-71.699,18.3348],[-71.7003,18.3322],[-71.7073,18.3208],[-71.7099,18.3167],[-71.717,18.3052],[-71.725,18.2923],[-71.7269,18.289]]]]},"properties":{"nom":"Fonds Verrettes","code":"14","zone":"CENTRE-SUD"}},{"type":"Feature","geometry":{"type":"MultiPolygon","coordinates":[[[[-72.7559,19.1774],[-72.7571,19.1758],[-72.7545,19.1727],[-72.7521,19.1709],[-72.7493,19.1696],[-72.7462,19.1683],[-72.7419,19.167],[-72.7377,19.1669],[-72.7354,19.1658],[-72.7345,19.1644],[-72.7343,19.1624],[-72.7329,19.1603],[-72.732,19.1584],[-72.7315,19.1565],[-72.7307,19.1544],[-72.7293,19.1527],[-72.7258,19.1536],[-72.7253,19.1521],[-72.7233,19.1519],[-72.7209,19.1521],[-72.7179,19.1523],[-72.7164,19.1531],[-72.7145,19.1508],[-72.7104,19.1483],[-72.7081,19.1477],[-72.7034,19.1471],[-72.6996,19.1453],[-72.6959,19.1437],[-72.6942,19.1428],[-72.6925,19.1422],[-72.6902,19.141],[-72.6886,19.1403],[-72.6866,19.1396],[-72.685,19.1391],[-72.6834,19.14],[-72.6828,19.1416],[-72.682,19.143],[-72.681,19.1441],[-72.6794,19.1456],[-72.6768,19.1456],[-72.6746,19.1468],[-72.6732,19.1482],[-72.6715,19.1477],[-72.6695,19.1474],[-72.6681,19.146],[-72.6658,19.1449],[-72.6643,19.1441],[-72.6637,19.142],[-72.6619,19.1392],[-72.6599,19.1405],[-72.6581,19.1402],[-72.657,19.1386],[-72.6553,19.1367],[-72.6539,19.1359],[-72.6513,19.1349],[-72.6497,19.1355],[-72.6457,19.1346],[-72.6432,19.1342],[-72.6421,19.1325],[-72.6412,19.1314],[-72.6405,19.13],[-72.6386,19.1287],[-72.637,19.127],[-72.6362,19.1243],[-72.6372,19.1223],[-72.636,19.1205],[-72.6343,19.1197],[-72.6304,19.118],[-72.6314,19.1165],[-72.6296,19.115],[-72.6277,19.1147],[-72.626,19.1158],[-72.6234,19.1151],[-72.6207,19.1163],[-72.6172,19.1186],[-72.6132,19.1188],[-72.615,19.1215],[-72.612,19.1214],[-72.6089,19.119],[-72.6071,19.1188],[-72.6053,19.1183],[-72.6038,19.1167],[-72.6016,19.1162],[-72.5997,19.1184],[-72.5983,19.1175],[-72.5969,19.1146],[-72.5954,19.1136],[-72.5941,19.112],[-72.5925,19.1107],[-72.5909,19.1093],[-72.5912,19.1068],[-72.5896,19.1048],[-72.5878,19.1033],[-72.5863,19.1023],[-72.5841,19.1011],[-72.5791,19.1008],[-72.5764,19.1011],[-72.5748,19.1005],[-72.5755,19.0972],[-72.5739,19.0958],[-72.5742,19.0941],[-72.5747,19.0926],[-72.5728,19.0918],[-72.5723,19.0884],[-72.5716,19.0864],[-72.5726,19.0849],[-72.5732,19.0833],[-72.5752,19.0805],[-72.5753,19.0784],[-72.5733,19.0759],[-72.5741,19.0737],[-72.5752,19.0725],[-72.5767,19.0741],[-72.5794,19.0728],[-72.5805,19.0749],[-72.5824,19.0758],[-72.5845,19.0754],[-72.5856,19.0737],[-72.5838,19.0725],[-72.5844,19.0703],[-72.5837,19.0684],[-72.5854,19.0672],[-72.5827,19.0631],[-72.5821,19.0605],[-72.5838,19.0594],[-72.5839,19.057],[-72.5834,19.0554],[-72.586,19.0551],[-72.587,19.0525],[-72.5876,19.0498],[-72.5887,19.0487],[-72.5913,19.0457],[-72.5922,19.0446],[-72.5936,19.0419],[-72.5951,19.0407],[-72.5952,19.0386],[-72.5956,19.0356],[-72.5969,19.0348],[-72.5992,19.0342],[-72.6009,19.0334],[-72.6032,19.0329],[-72.6041,19.0316],[-72.6064,19.0307],[-72.608,19.03],[-72.6093,19.0288],[-72.6119,19.0261],[-72.6132,19.025],[-72.6148,19.0243],[-72.6133,19.0217],[-72.6119,19.0205],[-72.61,19.0186],[-72.6095,19.0165],[-72.608,19.0188],[-72.6059,19.0194],[-72.6044,19.0202],[-72.601,19.0185],[-72.5972,19.0179],[-72.5951,19.0183],[-72.5938,19.0174],[-72.592,19.0183],[-72.5882,19.0191],[-72.5876,19.0177],[-72.5868,19.0161],[-72.5856,19.015],[-72.5864,19.0126],[-72.5842,19.0117],[-72.5814,19.0119],[-72.5807,19.0105],[-72.581,19.0125],[-72.5768,19.0131],[-72.5749,19.0124],[-72.5757,19.0108],[-72.5743,19.0073],[-72.5728,19.0047],[-72.5701,19.0048],[-72.5688,19.0032],[-72.5659,19.003],[-72.5644,19.0039],[-72.5617,19.0043],[-72.5593,19.0057],[-72.5566,19.008],[-72.5552,19.0071],[-72.5541,19.0045],[-72.5497,19.0037],[-72.5472,19.0035],[-72.5454,19.0027],[-72.5437,19.0016],[-72.542,19.0005],[-72.5424,18.9983],[-72.5427,18.9965],[-72.542,18.995],[-72.5393,18.9937],[-72.537,18.9935],[-72.5349,18.9917],[-72.5342,18.9896],[-72.5332,18.9882],[-72.5325,18.9857],[-72.5293,18.9862],[-72.527,18.9854],[-72.5262,18.9826],[-72.5244,18.9812],[-72.5234,18.98],[-72.5206,18.9797],[-72.5178,18.9795],[-72.5167,18.9775],[-72.5143,18.9775],[-72.5118,18.9769],[-72.5101,18.9752],[-72.5087,18.9736],[-72.5078,18.9725],[-72.5051,18.9722],[-72.5005,18.9722],[-72.5,18.9692],[-72.4988,18.9683],[-72.4974,18.9663],[-72.4952,18.9646],[-72.4918,18.9642],[-72.492,18.9669],[-72.4931,18.9683],[-72.4921,18.9693],[-72.49,18.969],[-72.4885,18.9684],[-72.4873,18.9665],[-72.4854,18.9645],[-72.4845,18.9633],[-72.4833,18.9622],[-72.4825,18.96],[-72.483,18.9572],[-72.4817,18.9562],[-72.4809,18.9549],[-72.479,18.9554],[-72.4772,18.9551],[-72.4755,18.9532],[-72.474,18.95],[-72.4717,18.9496],[-72.4696,18.9501],[-72.4669,18.9503],[-72.4663,18.9468],[-72.4646,18.9463],[-72.4626,18.9461],[-72.462,18.9444],[-72.4628,18.9418],[-72.4638,18.9374],[-72.464,18.9345],[-72.4607,18.9342],[-72.4596,18.9327],[-72.4583,18.9315],[-72.4571,18.9324],[-72.456,18.9308],[-72.4546,18.9297],[-72.4522,18.9265],[-72.4505,18.9254],[-72.4509,18.9221],[-72.4519,18.921],[-72.4502,18.9198],[-72.4471,18.9204],[-72.4426,18.9179],[-72.4413,18.9156],[-72.4398,18.9143],[-72.4374,18.9137],[-72.4353,18.9132],[-72.4329,18.9127],[-72.4302,18.9121],[-72.428,18.9115],[-72.4249,18.9113],[-72.4243,18.9093],[-72.424,18.9071],[-72.4218,18.9049],[-72.4186,18.902],[-72.4166,18.8986],[-72.4137,18.8982],[-72.4114,18.8997],[-72.4095,18.9003],[-72.4082,18.8996],[-72.4061,18.8997],[-72.4055,18.8982],[-72.4029,18.8971],[-72.4007,18.8954],[-72.3988,18.8945],[-72.3985,18.892],[-72.3958,18.8915],[-72.3937,18.8903],[-72.3933,18.8881],[-72.3917,18.8875],[-72.3903,18.8864],[-72.3889,18.8856],[-72.392,18.8837],[-72.3906,18.8827],[-72.3899,18.8797],[-72.3874,18.8787],[-72.3853,18.8789],[-72.3834,18.8781],[-72.3811,18.8774],[-72.3797,18.8763],[-72.3776,18.8748],[-72.3766,18.8723],[-72.3748,18.8719],[-72.3735,18.8705],[-72.3719,18.8697],[-72.3691,18.8696],[-72.367,18.8692],[-72.3656,18.866],[-72.3651,18.8645],[-72.3637,18.8621],[-72.3621,18.8601],[-72.3613,18.8587],[-72.3601,18.8571],[-72.3574,18.8556],[-72.3564,18.8531],[-72.355,18.8521],[-72.3531,18.8516],[-72.3526,18.8487],[-72.3501,18.8482],[-72.3484,18.8472],[-72.3462,18.8467],[-72.3439,18.8459],[-72.342,18.8437],[-72.3396,18.8428],[-72.3386,18.8417],[-72.3371,18.84],[-72.3355,18.8381],[-72.3346,18.8369],[-72.3321,18.8361],[-72.333,18.8338],[-72.3321,18.8327],[-72.3305,18.8321],[-72.3294,18.8305],[-72.3302,18.8271],[-72.3289,18.8262],[-72.3273,18.8252],[-72.3262,18.8229],[-72.3244,18.8225],[-72.325,18.8188],[-72.3233,18.8177],[-72.3218,18.8165],[-72.3206,18.8144],[-72.3194,18.8125],[-72.3164,18.8116],[-72.3161,18.8097],[-72.315,18.8088],[-72.3145,18.8063],[-72.3148,18.8033],[-72.314,18.8021],[-72.3149,18.8009],[-72.3134,18.7995],[-72.3117,18.7987],[-72.3094,18.7984],[-72.3073,18.7983],[-72.3058,18.7975],[-72.3049,18.7963],[-72.3054,18.7932],[-72.3037,18.7911],[-72.3031,18.7894],[-72.3017,18.7883],[-72.3005,18.7874],[-72.2981,18.7875],[-72.2951,18.7857],[-72.2932,18.7848],[-72.2917,18.7832],[-72.2899,18.7824],[-72.2881,18.7807],[-72.2857,18.7799],[-72.2827,18.7778],[-72.2832,18.7762],[-72.282,18.7748],[-72.2819,18.772],[-72.2795,18.7695],[-72.2773,18.769],[-72.2755,18.7679],[-72.2742,18.77],[-72.2727,18.7711],[-72.2711,18.7703],[-72.27,18.7692],[-72.2683,18.7686],[-72.266,18.7675],[-72.2629,18.7664],[-72.26,18.7651],[-72.259,18.7639],[-72.2572,18.7624],[-72.2568,18.7606],[-72.2557,18.7579],[-72.2538,18.759],[-72.251,18.7583],[-72.2486,18.7566],[-72.249,18.7547],[-72.2496,18.7532],[-72.2511,18.7519],[-72.2505,18.748],[-72.2489,18.7466],[-72.2491,18.744],[-72.2506,18.743],[-72.2497,18.7416],[-72.2487,18.7396],[-72.2516,18.7384],[-72.2533,18.7393],[-72.2561,18.7392],[-72.2577,18.7398],[-72.2594,18.739],[-72.2599,18.7354],[-72.2589,18.7342],[-72.2572,18.7339],[-72.2553,18.7322],[-72.2533,18.7309],[-72.2523,18.7258],[-72.2539,18.7244],[-72.2559,18.7236],[-72.2592,18.7241],[-72.2603,18.7228],[-72.2619,18.722],[-72.2623,18.7202],[-72.2634,18.7189],[-72.2637,18.7164],[-72.2649,18.715],[-72.2693,18.7152],[-72.2717,18.7147],[-72.2737,18.7139],[-72.2759,18.7128],[-72.2774,18.7138],[-72.2799,18.7148],[-72.2812,18.7138],[-72.2834,18.7142],[-72.2873,18.7133],[-72.2889,18.7128],[-72.2902,18.712],[-72.293,18.7124],[-72.2953,18.7137],[-72.2965,18.7152],[-72.2983,18.7156],[-72.3006,18.7159],[-72.302,18.7165],[-72.3053,18.7144],[-72.3072,18.7138],[-72.3067,18.7115],[-72.308,18.7097],[-72.307,18.7066],[-72.3059,18.7052],[-72.3081,18.7013],[-72.3122,18.7001],[-72.3147,18.6993],[-72.3163,18.6987],[-72.3183,18.697],[-72.3185,18.6924],[-72.3196,18.6897],[-72.3217,18.6873],[-72.3246,18.6856],[-72.3269,18.6823],[-72.3289,18.6823],[-72.3308,18.6825],[-72.3327,18.6826],[-72.3347,18.6827],[-72.3359,18.6837],[-72.3374,18.6844],[-72.339,18.685],[-72.3406,18.6855],[-72.3419,18.6863],[-72.3439,18.6863],[-72.3455,18.6869],[-72.3472,18.6873],[-72.349,18.6875],[-72.3503,18.6883],[-72.3513,18.6894],[-72.3514,18.6873],[-72.3522,18.6886],[-72.3529,18.6899],[-72.3544,18.6906],[-72.3563,18.6907],[-72.3576,18.6914],[-72.3585,18.6928],[-72.3601,18.6935],[-72.3613,18.6944],[-72.3629,18.6949],[-72.3642,18.6959],[-72.3658,18.6964],[-72.3672,18.6971],[-72.3684,18.698],[-72.3699,18.6986],[-72.3717,18.6988],[-72.3732,18.6995],[-72.3746,18.7001],[-72.3764,18.7003],[-72.378,18.7008],[-72.379,18.7018],[-72.3793,18.7037],[-72.3805,18.7046],[-72.382,18.7052],[-72.3835,18.7058],[-72.3845,18.7069],[-72.3858,18.7079],[-72.3869,18.709],[-72.3876,18.7104],[-72.389,18.7112],[-72.3897,18.7125],[-72.3914,18.7129],[-72.3927,18.712],[-72.3934,18.7134],[-72.3949,18.7141],[-72.3963,18.7133],[-72.3976,18.7125],[-72.3995,18.7127],[-72.4006,18.7117],[-72.4016,18.7127],[-72.4036,18.7128],[-72.4053,18.7132],[-72.4071,18.713],[-72.409,18.7132],[-72.4109,18.7135],[-72.4127,18.7137],[-72.4145,18.7139],[-72.4163,18.7135],[-72.4178,18.7129],[-72.4197,18.713],[-72.421,18.7138],[-72.4228,18.7141],[-72.4246,18.7139],[-72.4264,18.7136],[-72.4282,18.7138],[-72.4295,18.7146],[-72.4311,18.7151],[-72.4329,18.7155],[-72.4346,18.7159],[-72.4363,18.7163],[-72.438,18.7167],[-72.4398,18.7169],[-72.4411,18.7176],[-72.4429,18.7179],[-72.4448,18.718],[-72.4464,18.7185],[-72.4483,18.7191],[-72.4499,18.7196],[-72.4511,18.7206],[-72.4518,18.7219],[-72.451,18.7231],[-72.4508,18.725],[-72.4511,18.727],[-72.4518,18.7283],[-72.4523,18.73],[-72.4532,18.7312],[-72.4549,18.7316],[-72.4566,18.7321],[-72.4584,18.7323],[-72.4594,18.7335],[-72.4595,18.7355],[-72.459,18.737],[-72.4592,18.7389],[-72.4598,18.7403],[-72.4594,18.742],[-72.4596,18.744],[-72.4597,18.7459],[-72.4601,18.7476],[-72.4606,18.7491],[-72.4608,18.751],[-72.4616,18.7523],[-72.4624,18.7536],[-72.4632,18.7549],[-72.4645,18.7559],[-72.4654,18.7572],[-72.4666,18.7581],[-72.4682,18.7586],[-72.4697,18.7592],[-72.4711,18.7599],[-72.4732,18.7599],[-72.4753,18.7599],[-72.477,18.7603],[-72.4784,18.761],[-72.4796,18.7619],[-72.4809,18.7627],[-72.482,18.7637],[-72.4837,18.7642],[-72.4848,18.7651],[-72.4857,18.7663],[-72.4867,18.7674],[-72.488,18.7682],[-72.4898,18.768],[-72.4911,18.7673],[-72.4931,18.7672],[-72.4945,18.7662],[-72.4954,18.7651],[-72.4957,18.7633],[-72.4966,18.7646],[-72.4976,18.7656],[-72.4996,18.7655],[-72.5009,18.7662],[-72.5022,18.767],[-72.5039,18.7674],[-72.5057,18.7671],[-72.5078,18.7672],[-72.5099,18.7672],[-72.5117,18.767],[-72.5135,18.7666],[-72.5151,18.7671],[-72.5171,18.7672],[-72.5192,18.7672],[-72.5209,18.7676],[-72.5228,18.7679],[-72.5242,18.7686],[-72.5256,18.7692],[-72.5266,18.7702],[-72.5281,18.7708],[-72.5295,18.7715],[-72.5308,18.7723],[-72.5325,18.7727],[-72.5342,18.7731],[-72.536,18.7729],[-72.5375,18.7735],[-72.5385,18.7745],[-72.5399,18.7752],[-72.5413,18.7758],[-72.5424,18.7768],[-72.543,18.7783],[-72.5437,18.7798],[-72.5442,18.7813],[-72.5452,18.7824],[-72.5455,18.7841],[-72.546,18.7857],[-72.5468,18.787],[-72.5475,18.7885],[-72.5486,18.7899],[-72.5499,18.7907],[-72.551,18.7916],[-72.5522,18.7925],[-72.5538,18.793],[-72.5548,18.7941],[-72.556,18.7951],[-72.5579,18.7953],[-72.5597,18.7955],[-72.5609,18.7965],[-72.5611,18.7984],[-72.5614,18.8002],[-72.5621,18.8017],[-72.5626,18.8034],[-72.5635,18.8045],[-72.5642,18.8059],[-72.5647,18.8075],[-72.5654,18.809],[-72.5664,18.8102],[-72.5669,18.8117],[-72.5679,18.8128],[-72.5685,18.8142],[-72.5691,18.8156],[-72.5695,18.8174],[-72.5704,18.8187],[-72.5713,18.82],[-72.5723,18.821],[-72.5733,18.8222],[-72.5737,18.824],[-72.5742,18.8255],[-72.5748,18.827],[-72.5751,18.8287],[-72.5759,18.8301],[-72.5757,18.8321],[-72.576,18.834],[-72.577,18.835],[-72.578,18.8362],[-72.5791,18.8373],[-72.5809,18.8378],[-72.5823,18.8384],[-72.5838,18.839],[-72.5852,18.8399],[-72.5865,18.8409],[-72.5875,18.8421],[-72.5883,18.8434],[-72.5895,18.8443],[-72.5915,18.8456],[-72.5927,18.8467],[-72.5937,18.8478],[-72.5946,18.849],[-72.5951,18.8507],[-72.5957,18.8523],[-72.5962,18.8538],[-72.5967,18.8558],[-72.5976,18.8571],[-72.5993,18.8584],[-72.6008,18.859],[-72.602,18.8599],[-72.6037,18.8605],[-72.6059,18.8603],[-72.6078,18.8599],[-72.6099,18.8592],[-72.6112,18.86],[-72.6114,18.8618],[-72.6118,18.8635],[-72.6129,18.8645],[-72.6134,18.866],[-72.6143,18.8671],[-72.6151,18.8684],[-72.6155,18.8701],[-72.6165,18.8712],[-72.6167,18.8731],[-72.6165,18.875],[-72.6162,18.8768],[-72.616,18.8786],[-72.6162,18.8805],[-72.6166,18.8822],[-72.6179,18.8831],[-72.6191,18.884],[-72.619,18.8859],[-72.6195,18.8874],[-72.6208,18.8881],[-72.6222,18.8887],[-72.6239,18.8893],[-72.625,18.8904],[-72.6254,18.8924],[-72.6263,18.8936],[-72.6277,18.8943],[-72.629,18.8952],[-72.6302,18.8968],[-72.6306,18.8985],[-72.631,18.9006],[-72.6319,18.9017],[-72.6337,18.9021],[-72.6342,18.9036],[-72.6348,18.9051],[-72.6355,18.9065],[-72.6371,18.907],[-72.6389,18.9068],[-72.6405,18.9075],[-72.6416,18.9085],[-72.6428,18.9095],[-72.6433,18.9112],[-72.6441,18.9125],[-72.6449,18.9137],[-72.6454,18.9154],[-72.647,18.916],[-72.6478,18.9173],[-72.6483,18.9188],[-72.6498,18.9195],[-72.6518,18.9196],[-72.6534,18.9202],[-72.6547,18.921],[-72.6555,18.9224],[-72.657,18.923],[-72.6578,18.9245],[-72.659,18.9253],[-72.6612,18.9257],[-72.6626,18.9263],[-72.6635,18.9275],[-72.6648,18.9285],[-72.6667,18.929],[-72.6683,18.9295],[-72.67,18.93],[-72.6718,18.9302],[-72.6728,18.9314],[-72.6742,18.932],[-72.6755,18.933],[-72.6769,18.9336],[-72.6784,18.9342],[-72.68,18.9347],[-72.6818,18.9351],[-72.6828,18.9361],[-72.6846,18.9366],[-72.6859,18.9375],[-72.6873,18.9382],[-72.6884,18.9391],[-72.6894,18.9401],[-72.6904,18.9413],[-72.6922,18.9415],[-72.6939,18.9419],[-72.6955,18.9425],[-72.6976,18.9424],[-72.6991,18.9416],[-72.701,18.9412],[-72.7027,18.9408],[-72.7043,18.9412],[-72.7058,18.9418],[-72.7073,18.9423],[-72.7091,18.9421],[-72.7106,18.9428],[-72.7118,18.9437],[-72.7123,18.9455],[-72.7128,18.9471],[-72.7138,18.9483],[-72.7152,18.9495],[-72.7171,18.9497],[-72.7188,18.9503],[-72.7204,18.951],[-72.7218,18.9516],[-72.723,18.9525],[-72.7253,18.9525],[-72.7271,18.9533],[-72.7277,18.9549],[-72.7277,18.9569],[-72.7282,18.9585],[-72.729,18.96],[-72.7289,18.9619],[-72.729,18.9638],[-72.7297,18.9652],[-72.7293,18.9669],[-72.7289,18.9689],[-72.7288,18.9709],[-72.7292,18.9727],[-72.7301,18.9739],[-72.7313,18.9751],[-72.7322,18.9763],[-72.7327,18.978],[-72.7333,18.9794],[-72.7342,18.9806],[-72.7354,18.9816],[-72.7361,18.9831],[-72.7376,18.9839],[-72.7377,18.9859],[-72.7378,18.988],[-72.738,18.9898],[-72.7386,18.9912],[-72.7398,18.9923],[-72.7412,18.9929],[-72.7428,18.9935],[-72.744,18.9944],[-72.7449,18.9959],[-72.7457,18.9972],[-72.7468,18.9983],[-72.7483,18.9988],[-72.7495,18.9999],[-72.751,19.0006],[-72.7521,19.0016],[-72.7532,19.0026],[-72.7541,19.0038],[-72.7554,19.0047],[-72.7567,19.0057],[-72.7578,19.0066],[-72.7591,19.0077],[-72.7599,19.009],[-72.7609,19.0102],[-72.7618,19.0116],[-72.7626,19.0128],[-72.7635,19.0141],[-72.7653,19.0143],[-72.7671,19.0147],[-72.7686,19.0153],[-72.77,19.016],[-72.7714,19.0166],[-72.7728,19.0172],[-72.7743,19.0178],[-72.7758,19.0183],[-72.7771,19.0191],[-72.7787,19.0198],[-72.78,19.0207],[-72.7817,19.0212],[-72.7831,19.0219],[-72.7847,19.0224],[-72.7863,19.0229],[-72.7879,19.0234],[-72.7897,19.0238],[-72.7907,19.0249],[-72.7925,19.0254],[-72.7941,19.0262],[-72.7955,19.0268],[-72.7969,19.0277],[-72.7983,19.0283],[-72.8004,19.0283],[-72.8025,19.0285],[-72.8043,19.0287],[-72.8062,19.0291],[-72.8078,19.0298],[-72.8094,19.0304],[-72.8111,19.0308],[-72.812,19.0321],[-72.8129,19.0334],[-72.814,19.0344],[-72.815,19.0355],[-72.8161,19.0365],[-72.8168,19.038],[-72.8179,19.039],[-72.8187,19.0403],[-72.8198,19.0414],[-72.8206,19.0427],[-72.8212,19.0441],[-72.822,19.0455],[-72.8218,19.0473],[-72.8219,19.0493],[-72.8225,19.0511],[-72.823,19.0527],[-72.8232,19.0547],[-72.8237,19.0563],[-72.824,19.0583],[-72.8233,19.0597],[-72.8227,19.0611],[-72.8223,19.0629],[-72.8224,19.0648],[-72.8217,19.0664],[-72.8208,19.0678],[-72.8198,19.0688],[-72.819,19.0701],[-72.8181,19.0712],[-72.8172,19.0725],[-72.8156,19.0738],[-72.8144,19.0748],[-72.8135,19.0759],[-72.8123,19.0769],[-72.811,19.0778],[-72.8096,19.0788],[-72.8083,19.0796],[-72.8065,19.0803],[-72.805,19.081],[-72.8034,19.0815],[-72.8017,19.0822],[-72.7999,19.0824],[-72.7983,19.083],[-72.7965,19.0837],[-72.7951,19.0844],[-72.7938,19.0851],[-72.7923,19.0858],[-72.7904,19.086],[-72.7886,19.0863],[-72.7871,19.087],[-72.7857,19.0879],[-72.7844,19.0887],[-72.7831,19.0894],[-72.7816,19.0902],[-72.7798,19.0909],[-72.778,19.0913],[-72.7762,19.0919],[-72.7747,19.0924],[-72.7725,19.093],[-72.7707,19.0933],[-72.7685,19.0933],[-72.7665,19.0934],[-72.7645,19.093],[-72.7625,19.0931],[-72.7604,19.093],[-72.7584,19.0929],[-72.7565,19.0925],[-72.755,19.0918],[-72.7537,19.0909],[-72.7522,19.0901],[-72.7507,19.0896],[-72.7485,19.0892],[-72.7462,19.0891],[-72.7441,19.0891],[-72.7419,19.0892],[-72.7396,19.0893],[-72.7377,19.0897],[-72.7361,19.0889],[-72.7343,19.0886],[-72.7323,19.0885],[-72.7303,19.0887],[-72.7287,19.0892],[-72.7272,19.09],[-72.7261,19.0911],[-72.7248,19.0919],[-72.7234,19.0925],[-72.7218,19.093],[-72.7209,19.0944],[-72.7193,19.0939],[-72.7174,19.094],[-72.7158,19.095],[-72.7141,19.0956],[-72.7124,19.0963],[-72.7113,19.0975],[-72.7101,19.0988],[-72.7086,19.0998],[-72.7071,19.1005],[-72.706,19.1021],[-72.705,19.1035],[-72.7043,19.1049],[-72.7035,19.1064],[-72.7028,19.1077],[-72.7031,19.1094],[-72.7022,19.1108],[-72.7016,19.1126],[-72.701,19.114],[-72.7005,19.1159],[-72.7001,19.1177],[-72.6998,19.1197],[-72.6997,19.1218],[-72.6996,19.1237],[-72.6999,19.1255],[-72.7002,19.1274],[-72.7012,19.1285],[-72.7022,19.1296],[-72.7034,19.1307],[-72.7045,19.1317],[-72.7058,19.1324],[-72.7071,19.1332],[-72.7085,19.1339],[-72.7097,19.1348],[-72.7113,19.1354],[-72.7134,19.1354],[-72.7149,19.1359],[-72.7162,19.1367],[-72.7176,19.1373],[-72.7189,19.1381],[-72.7202,19.139],[-72.7218,19.1395],[-72.7235,19.1399],[-72.7253,19.1402],[-72.7273,19.1404],[-72.7288,19.1409],[-72.7305,19.1417],[-72.7321,19.1422],[-72.7334,19.1432],[-72.7348,19.1439],[-72.7364,19.1445],[-72.7379,19.1452],[-72.7394,19.1459],[-72.7407,19.1469],[-72.7422,19.1475],[-72.7436,19.1481],[-72.745,19.1491],[-72.7462,19.15],[-72.7473,19.151],[-72.7485,19.1519],[-72.7495,19.1531],[-72.7504,19.1543],[-72.7514,19.1553],[-72.7526,19.1563],[-72.7538,19.1573],[-72.7547,19.1586],[-72.7558,19.1596],[-72.7569,19.1609],[-72.7579,19.1621],[-72.7594,19.1627],[-72.7607,19.1635],[-72.7618,19.1645],[-72.7626,19.1658],[-72.7634,19.1673],[-72.7641,19.1689],[-72.7646,19.1704],[-72.7651,19.1719],[-72.7659,19.1732],[-72.7664,19.1747],[-72.7671,19.1762],[-72.7681,19.1772],[-72.769,19.1785],[-72.7697,19.1799],[-72.7704,19.1813],[-72.7712,19.1828],[-72.7714,19.1846],[-72.772,19.186],[-72.7729,19.1875],[-72.77,19.1894],[-72.7661,19.1907],[-72.7621,19.1903],[-72.7602,19.1886],[-72.7583,19.1868],[-72.7583,19.1844],[-72.7587,19.1823],[-72.7583,19.1806],[-72.7573,19.1795],[-72.7559,19.1774]]]]},"properties":{"nom":"Saint Marc / Cabaret","code":"12","zone":"CENTRE-SUD"}},{"type":"Feature","geometry":{"type":"MultiPolygon","coordinates":[[[[-72.0622,18.7277],[-72.0596,18.7262],[-72.058,18.7249],[-72.0566,18.7243],[-72.0549,18.723],[-72.0527,18.7219],[-72.0506,18.7213],[-72.0493,18.7194],[-72.0488,18.7178],[-72.0479,18.7167],[-72.0474,18.7151],[-72.0454,18.7142],[-72.0438,18.7135],[-72.0432,18.7115],[-72.0411,18.7109],[-72.0395,18.7122],[-72.0378,18.7114],[-72.0357,18.712],[-72.0335,18.7107],[-72.0314,18.7114],[-72.0281,18.7107],[-72.0268,18.7099],[-72.0243,18.7087],[-72.0223,18.7072],[-72.0209,18.706],[-72.0177,18.707],[-72.0156,18.7077],[-72.0139,18.7068],[-72.0157,18.7058],[-72.019,18.7046],[-72.0197,18.7032],[-72.02,18.6995],[-72.0191,18.6968],[-72.0202,18.694],[-72.0203,18.6919],[-72.0212,18.6893],[-72.0203,18.6875],[-72.0193,18.6863],[-72.0179,18.6841],[-72.0185,18.6807],[-72.0201,18.6786],[-72.0194,18.6756],[-72.0182,18.6745],[-72.0155,18.6752],[-72.0146,18.6768],[-72.0135,18.6794],[-72.0123,18.6812],[-72.0114,18.6824],[-72.0105,18.6837],[-72.0093,18.686],[-72.0073,18.6876],[-72.0074,18.6895],[-72.005,18.6904],[-72.0045,18.6882],[-72.0054,18.685],[-72.0072,18.6805],[-72.0078,18.6775],[-72.0087,18.6752],[-72.008,18.6738],[-72.0081,18.6709],[-72.0073,18.6691],[-72.0059,18.6676],[-71.9994,18.668],[-71.9999,18.6658],[-72.0003,18.6639],[-72.0005,18.6613],[-71.9984,18.6602],[-71.9974,18.6589],[-71.9967,18.6574],[-71.9954,18.6584],[-71.9943,18.6573],[-71.9915,18.6561],[-71.9893,18.6573],[-71.9872,18.6567],[-71.9875,18.6542],[-71.9856,18.6532],[-71.9836,18.6527],[-71.9825,18.6539],[-71.9802,18.653],[-71.9775,18.6525],[-71.9766,18.6513],[-71.9752,18.6495],[-71.9757,18.6477],[-71.9773,18.644],[-71.9794,18.6392],[-71.9824,18.6363],[-71.9892,18.6342],[-71.9921,18.6322],[-71.9959,18.6312],[-71.9987,18.6294],[-72.0009,18.6277],[-72.0039,18.6281],[-72.008,18.6257],[-72.0055,18.6219],[-72.003,18.6206],[-72.0004,18.6176],[-71.9984,18.6182],[-71.9959,18.6173],[-71.9905,18.6177],[-71.9876,18.6187],[-71.9852,18.6171],[-71.9848,18.6153],[-71.9834,18.614],[-71.982,18.6126],[-71.9805,18.6109],[-71.9782,18.6078],[-71.9756,18.6055],[-71.9738,18.6053],[-71.9693,18.6048],[-71.9675,18.6054],[-71.9652,18.6035],[-71.96,18.591],[-71.9552,18.5792],[-71.9537,18.5776],[-71.9527,18.5766],[-71.9488,18.5726],[-71.8846,18.5076],[-71.8836,18.5066],[-71.8808,18.5038],[-71.8812,18.4981],[-71.8808,18.4903],[-71.9137,18.4854],[-71.906,18.4617],[-71.9046,18.4573],[-71.9099,18.4563],[-71.9131,18.4543],[-71.9165,18.453],[-71.918,18.4517],[-71.9188,18.4502],[-71.9211,18.449],[-71.9219,18.4464],[-71.9233,18.4445],[-71.9237,18.4404],[-71.9246,18.4391],[-71.9273,18.4376],[-71.9294,18.4354],[-71.933,18.4325],[-71.9324,18.4308],[-71.9341,18.4294],[-71.9357,18.4288],[-71.9382,18.4287],[-71.9415,18.4285],[-71.9432,18.4293],[-71.9452,18.429],[-71.9466,18.4272],[-71.947,18.4252],[-71.9476,18.4227],[-71.9493,18.4212],[-71.9499,18.4196],[-71.9505,18.4182],[-71.9512,18.4164],[-71.952,18.4146],[-71.9514,18.4129],[-71.9514,18.4096],[-71.9504,18.4073],[-71.9512,18.4059],[-71.9489,18.4033],[-71.9481,18.4019],[-71.9477,18.3975],[-71.9467,18.3962],[-71.9465,18.3933],[-71.9458,18.3915],[-71.9441,18.3899],[-71.943,18.389],[-71.9417,18.388],[-71.9406,18.3866],[-71.9391,18.3846],[-71.938,18.3836],[-71.9369,18.3824],[-71.9365,18.3791],[-71.938,18.3774],[-71.9392,18.3759],[-71.9406,18.3767],[-71.9416,18.3753],[-71.943,18.3742],[-71.9437,18.3727],[-71.945,18.3712],[-71.9443,18.3696],[-71.9428,18.3683],[-71.9452,18.3672],[-71.9481,18.3661],[-71.9485,18.364],[-71.9508,18.3638],[-71.9552,18.3639],[-71.9578,18.3632],[-71.9593,18.3619],[-71.9615,18.3617],[-71.9633,18.3626],[-71.9643,18.3639],[-71.9658,18.3621],[-71.9678,18.3614],[-71.971,18.363],[-71.9723,18.3612],[-71.9748,18.3605],[-71.9766,18.3599],[-71.9798,18.3592],[-71.9819,18.3598],[-71.9843,18.3597],[-71.9861,18.3577],[-71.988,18.3574],[-71.9897,18.3569],[-71.9905,18.3582],[-71.9915,18.3606],[-71.9936,18.3599],[-71.9941,18.3579],[-71.9951,18.3547],[-71.9954,18.3519],[-71.9957,18.3501],[-71.9969,18.3492],[-71.9987,18.3485],[-72,18.3473],[-72.0041,18.3478],[-72.008,18.3479],[-72.0128,18.3487],[-72.0155,18.3484],[-72.0174,18.349],[-72.0193,18.3497],[-72.0214,18.3496],[-72.0233,18.349],[-72.025,18.3474],[-72.0263,18.3484],[-72.028,18.348],[-72.0296,18.3475],[-72.0321,18.3481],[-72.0333,18.35],[-72.0343,18.3516],[-72.0366,18.3511],[-72.0391,18.3502],[-72.0399,18.3472],[-72.0411,18.3463],[-72.0438,18.3461],[-72.0467,18.346],[-72.0487,18.3454],[-72.0499,18.3437],[-72.0522,18.3442],[-72.0538,18.3433],[-72.0561,18.343],[-72.0569,18.3415],[-72.0574,18.3395],[-72.0595,18.3399],[-72.0633,18.343],[-72.0654,18.3435],[-72.0667,18.3449],[-72.0693,18.3454],[-72.0712,18.3469],[-72.0732,18.3468],[-72.074,18.3484],[-72.0757,18.349],[-72.0802,18.3502],[-72.0817,18.3514],[-72.0842,18.3508],[-72.0863,18.3499],[-72.0873,18.3487],[-72.0877,18.347],[-72.0911,18.3449],[-72.0918,18.3429],[-72.0948,18.3411],[-72.0975,18.3396],[-72.0993,18.3391],[-72.101,18.3381],[-72.1024,18.3373],[-72.1048,18.3362],[-72.1079,18.3355],[-72.1104,18.3355],[-72.1136,18.3358],[-72.116,18.3361],[-72.1185,18.337],[-72.1228,18.3363],[-72.1245,18.3357],[-72.1269,18.335],[-72.129,18.3358],[-72.1309,18.336],[-72.1345,18.3362],[-72.1382,18.336],[-72.1399,18.3355],[-72.1418,18.3365],[-72.1432,18.3372],[-72.146,18.3377],[-72.1487,18.3396],[-72.1505,18.3407],[-72.1519,18.3415],[-72.1541,18.3418],[-72.158,18.3443],[-72.1602,18.3459],[-72.1635,18.3448],[-72.1649,18.3441],[-72.1691,18.3433],[-72.172,18.3428],[-72.1746,18.3424],[-72.1778,18.3436],[-72.1838,18.3476],[-72.1854,18.3493],[-72.1868,18.3502],[-72.1881,18.351],[-72.1917,18.3518],[-72.1932,18.3525],[-72.197,18.3519],[-72.1995,18.3514],[-72.2027,18.3513],[-72.2046,18.3504],[-72.2069,18.3502],[-72.2088,18.3496],[-72.2107,18.3491],[-72.2137,18.3487],[-72.2167,18.3482],[-72.2194,18.3488],[-72.2213,18.349],[-72.2231,18.3495],[-72.2249,18.3503],[-72.2272,18.351],[-72.2295,18.3508],[-72.2323,18.3503],[-72.2352,18.3499],[-72.2369,18.3494],[-72.2387,18.349],[-72.2403,18.3503],[-72.244,18.3524],[-72.2465,18.353],[-72.248,18.3523],[-72.2503,18.3525],[-72.2536,18.3539],[-72.2557,18.3549],[-72.2563,18.3567],[-72.2587,18.3571],[-72.2614,18.3578],[-72.2648,18.3581],[-72.2667,18.3579],[-72.268,18.3571],[-72.2692,18.3557],[-72.2711,18.3549],[-72.2755,18.3548],[-72.2788,18.3542],[-72.2814,18.355],[-72.284,18.3556],[-72.2868,18.3568],[-72.2873,18.3584],[-72.2883,18.3599],[-72.2887,18.3636],[-72.2885,18.3658],[-72.2882,18.3678],[-72.2871,18.3697],[-72.2861,18.3712],[-72.2865,18.3736],[-72.2869,18.3769],[-72.2863,18.3785],[-72.2872,18.382],[-72.2885,18.3837],[-72.2872,18.3863],[-72.2876,18.3885],[-72.2887,18.3909],[-72.2898,18.3929],[-72.2905,18.3954],[-72.2928,18.3967],[-72.2953,18.3974],[-72.2959,18.399],[-72.2963,18.4008],[-72.2957,18.4025],[-72.2955,18.4045],[-72.2947,18.4065],[-72.2918,18.4085],[-72.2915,18.4113],[-72.2901,18.4123],[-72.2888,18.4149],[-72.2878,18.4172],[-72.2867,18.4182],[-72.286,18.4199],[-72.2871,18.4228],[-72.2888,18.4258],[-72.2879,18.4283],[-72.2873,18.43],[-72.289,18.4315],[-72.2883,18.4358],[-72.2891,18.4375],[-72.2913,18.4388],[-72.2924,18.4406],[-72.2933,18.4418],[-72.2922,18.4434],[-72.2911,18.4462],[-72.2903,18.4482],[-72.2885,18.4492],[-72.2887,18.4518],[-72.2872,18.4542],[-72.2871,18.4577],[-72.288,18.4594],[-72.2894,18.4613],[-72.2899,18.4636],[-72.2888,18.4651],[-72.2921,18.4664],[-72.2938,18.4675],[-72.2943,18.4694],[-72.296,18.4714],[-72.2993,18.4727],[-72.3019,18.4733],[-72.304,18.4743],[-72.3055,18.4756],[-72.3033,18.4773],[-72.3024,18.4787],[-72.3016,18.4799],[-72.304,18.4825],[-72.3061,18.4845],[-72.308,18.4866],[-72.3096,18.4877],[-72.3122,18.4899],[-72.314,18.491],[-72.3151,18.4926],[-72.316,18.4937],[-72.3171,18.4957],[-72.3188,18.4967],[-72.3208,18.4981],[-72.3218,18.5008],[-72.323,18.5022],[-72.3257,18.5023],[-72.3279,18.5017],[-72.3303,18.5009],[-72.3314,18.502],[-72.3311,18.5043],[-72.3319,18.5063],[-72.3344,18.5089],[-72.336,18.5096],[-72.3375,18.5108],[-72.3383,18.5124],[-72.3422,18.5131],[-72.3447,18.5157],[-72.3462,18.518],[-72.3468,18.5196],[-72.3473,18.5218],[-72.3471,18.524],[-72.3515,18.5312],[-72.3536,18.5337],[-72.3549,18.5352],[-72.3565,18.5372],[-72.3578,18.5381],[-72.3573,18.5396],[-72.356,18.5405],[-72.3548,18.5414],[-72.3529,18.5412],[-72.3516,18.542],[-72.3506,18.5431],[-72.3494,18.5441],[-72.3491,18.5459],[-72.3496,18.5475],[-72.3503,18.5489],[-72.3495,18.5504],[-72.349,18.5519],[-72.3479,18.5528],[-72.3488,18.554],[-72.3506,18.5543],[-72.3516,18.5553],[-72.3504,18.5544],[-72.3487,18.5541],[-72.3478,18.5553],[-72.349,18.5562],[-72.352,18.5567],[-72.3515,18.5582],[-72.3502,18.5589],[-72.349,18.56],[-72.3483,18.5613],[-72.3473,18.5624],[-72.3476,18.5642],[-72.3492,18.5651],[-72.3512,18.5651],[-72.3529,18.5647],[-72.3525,18.5665],[-72.3515,18.5677],[-72.3512,18.5695],[-72.3495,18.5699],[-72.3477,18.5702],[-72.3468,18.5713],[-72.3466,18.5731],[-72.3455,18.5745],[-72.345,18.573],[-72.3437,18.5723],[-72.3419,18.5721],[-72.3406,18.5731],[-72.3397,18.5742],[-72.339,18.5757],[-72.3393,18.5775],[-72.34,18.5788],[-72.341,18.58],[-72.3406,18.5816],[-72.3399,18.583],[-72.3394,18.5848],[-72.3392,18.5868],[-72.339,18.5888],[-72.3389,18.5907],[-72.3388,18.5927],[-72.3395,18.5941],[-72.3407,18.595],[-72.342,18.5957],[-72.3438,18.5959],[-72.345,18.5969],[-72.346,18.598],[-72.3464,18.5997],[-72.3466,18.6016],[-72.3457,18.6028],[-72.3453,18.6045],[-72.3445,18.6058],[-72.3448,18.6075],[-72.3461,18.6083],[-72.3464,18.6101],[-72.3472,18.6114],[-72.3481,18.6125],[-72.349,18.6136],[-72.35,18.6148],[-72.3503,18.6131],[-72.3511,18.6144],[-72.3522,18.6154],[-72.352,18.6173],[-72.3511,18.6186],[-72.3507,18.6203],[-72.3507,18.6225],[-72.3516,18.6236],[-72.3529,18.6245],[-72.3544,18.6251],[-72.3554,18.6262],[-72.3568,18.6269],[-72.3582,18.6277],[-72.359,18.629],[-72.3584,18.6305],[-72.3572,18.6295],[-72.3558,18.6289],[-72.3547,18.628],[-72.3534,18.6272],[-72.3517,18.6275],[-72.35,18.6272],[-72.3481,18.6269],[-72.3468,18.6278],[-72.346,18.6291],[-72.3451,18.6303],[-72.3442,18.6316],[-72.3432,18.6326],[-72.3429,18.6344],[-72.342,18.6355],[-72.3416,18.6373],[-72.3409,18.6387],[-72.34,18.6398],[-72.3393,18.6411],[-72.339,18.6429],[-72.3385,18.6444],[-72.3377,18.6457],[-72.3369,18.6471],[-72.3358,18.6481],[-72.3349,18.6493],[-72.3337,18.6502],[-72.3326,18.6513],[-72.3317,18.6525],[-72.3305,18.6534],[-72.3292,18.6542],[-72.328,18.6551],[-72.3265,18.6556],[-72.325,18.6563],[-72.3231,18.6566],[-72.3215,18.6571],[-72.3202,18.6578],[-72.3189,18.6587],[-72.3187,18.6606],[-72.3183,18.6623],[-72.3179,18.664],[-72.3175,18.6657],[-72.3179,18.6677],[-72.3178,18.6699],[-72.3183,18.6715],[-72.3192,18.6727],[-72.3203,18.6736],[-72.3224,18.6737],[-72.3237,18.6747],[-72.3247,18.6758],[-72.3254,18.6774],[-72.3263,18.6786],[-72.3278,18.6792],[-72.326,18.6794],[-72.325,18.6783],[-72.3243,18.677],[-72.3235,18.6757],[-72.3224,18.6747],[-72.3207,18.6743],[-72.3209,18.6762],[-72.3217,18.6774],[-72.3219,18.6793],[-72.3229,18.6803],[-72.3246,18.6807],[-72.3257,18.6817],[-72.3246,18.6856],[-72.3217,18.6873],[-72.3196,18.6897],[-72.3185,18.6924],[-72.3183,18.697],[-72.3163,18.6987],[-72.3147,18.6993],[-72.3122,18.7001],[-72.3081,18.7013],[-72.3055,18.7042],[-72.3061,18.7058],[-72.3078,18.7082],[-72.3067,18.7115],[-72.3072,18.7138],[-72.3053,18.7144],[-72.3037,18.7164],[-72.3006,18.7159],[-72.2983,18.7156],[-72.2965,18.7152],[-72.2953,18.7137],[-72.2939,18.7126],[-72.2902,18.712],[-72.2889,18.7128],[-72.2873,18.7133],[-72.2845,18.7135],[-72.2822,18.7139],[-72.2799,18.7148],[-72.2774,18.7138],[-72.2759,18.7128],[-72.2746,18.7136],[-72.2724,18.7143],[-72.2706,18.7149],[-72.2665,18.7147],[-72.2637,18.7164],[-72.2634,18.7189],[-72.2623,18.7202],[-72.2619,18.722],[-72.2603,18.7228],[-72.2592,18.7241],[-72.2573,18.7234],[-72.2551,18.7245],[-72.2524,18.7245],[-72.2506,18.7265],[-72.2489,18.7283],[-72.2472,18.7287],[-72.2458,18.727],[-72.2437,18.7267],[-72.2412,18.7274],[-72.239,18.7278],[-72.2371,18.7269],[-72.2363,18.7284],[-72.2354,18.7295],[-72.2335,18.7292],[-72.2309,18.7283],[-72.2297,18.7296],[-72.2306,18.7311],[-72.2312,18.7335],[-72.2323,18.7351],[-72.2317,18.7371],[-72.2325,18.7392],[-72.2322,18.7416],[-72.2296,18.7412],[-72.2259,18.7421],[-72.2229,18.7416],[-72.2215,18.7405],[-72.2197,18.7401],[-72.2174,18.74],[-72.2153,18.7401],[-72.2124,18.7393],[-72.2096,18.7378],[-72.2079,18.737],[-72.2044,18.7361],[-72.2023,18.7352],[-72.2009,18.7344],[-72.1993,18.7339],[-72.1976,18.7319],[-72.195,18.7334],[-72.1932,18.7356],[-72.1903,18.7362],[-72.1892,18.7347],[-72.1874,18.7344],[-72.1847,18.7342],[-72.1833,18.7336],[-72.1806,18.7332],[-72.1783,18.7321],[-72.1771,18.7303],[-72.176,18.7284],[-72.1749,18.7266],[-72.173,18.7249],[-72.1736,18.7232],[-72.1744,18.7209],[-72.1766,18.7193],[-72.1757,18.7181],[-72.1733,18.7163],[-72.1713,18.7147],[-72.1703,18.7135],[-72.1686,18.7121],[-72.1674,18.7106],[-72.1656,18.7093],[-72.1639,18.7099],[-72.1611,18.7101],[-72.1607,18.7118],[-72.1589,18.7103],[-72.1562,18.7116],[-72.1538,18.7105],[-72.1495,18.7106],[-72.1486,18.7133],[-72.1468,18.7142],[-72.1449,18.7149],[-72.1445,18.7168],[-72.1421,18.7165],[-72.1409,18.7152],[-72.139,18.7162],[-72.137,18.7157],[-72.1367,18.7133],[-72.1348,18.7127],[-72.1339,18.7112],[-72.1319,18.7086],[-72.1292,18.7059],[-72.128,18.705],[-72.1254,18.7066],[-72.1243,18.7082],[-72.1232,18.71],[-72.122,18.7089],[-72.1224,18.7063],[-72.1195,18.7053],[-72.1181,18.7032],[-72.1178,18.7014],[-72.1161,18.7018],[-72.1145,18.7027],[-72.1138,18.7048],[-72.1118,18.7071],[-72.1071,18.7085],[-72.1046,18.7091],[-72.1036,18.7081],[-72.1004,18.7094],[-72.0984,18.711],[-72.0962,18.7096],[-72.094,18.7088],[-72.0923,18.7082],[-72.0906,18.7087],[-72.0877,18.71],[-72.0863,18.7111],[-72.0844,18.7115],[-72.0837,18.7132],[-72.083,18.7146],[-72.0801,18.717],[-72.0781,18.7181],[-72.0773,18.7197],[-72.0754,18.7209],[-72.0739,18.722],[-72.0708,18.723],[-72.069,18.7237],[-72.0679,18.7248],[-72.0645,18.7264],[-72.0626,18.7277],[-72.0622,18.7277]]]]},"properties":{"nom":"Cul de Sac","code":"13","zone":"CENTRE-SUD"}},{"type":"Feature","geometry":{"type":"MultiPolygon","coordinates":[[[[-73.779,18.0411],[-73.7786,18.0392],[-73.7793,18.0376],[-73.7802,18.0362],[-73.7815,18.0355],[-73.7808,18.0369],[-73.7799,18.0382],[-73.7793,18.0398],[-73.779,18.0411]]],[[[-73.782,18.0429],[-73.7823,18.0412],[-73.7834,18.0402],[-73.7846,18.0411],[-73.7837,18.0422],[-73.7824,18.0431],[-73.782,18.0429]]],[[[-73.7812,18.0463],[-73.7806,18.0445],[-73.7819,18.0454],[-73.7833,18.046],[-73.7824,18.0471],[-73.7819,18.0486],[-73.7811,18.0472],[-73.7812,18.0463]]],[[[-73.7835,18.052],[-73.7825,18.051],[-73.7837,18.0519],[-73.7835,18.052]]],[[[-73.7833,18.0531],[-73.782,18.0521],[-73.781,18.0509],[-73.78,18.0497],[-73.7795,18.0481],[-73.7792,18.0463],[-73.779,18.0444],[-73.779,18.0423],[-73.7794,18.044],[-73.7797,18.0458],[-73.7799,18.0477],[-73.7804,18.0493],[-73.7813,18.0506],[-73.7822,18.0518],[-73.7835,18.0528],[-73.7833,18.0531]]],[[[-73.7919,18.0605],[-73.791,18.0593],[-73.7897,18.0585],[-73.7887,18.0574],[-73.7876,18.0565],[-73.7866,18.0554],[-73.7861,18.0539],[-73.7855,18.0525],[-73.7874,18.0527],[-73.7866,18.0541],[-73.7875,18.0554],[-73.7889,18.056],[-73.7904,18.0568],[-73.7916,18.0577],[-73.7924,18.059],[-73.7933,18.0602],[-73.7919,18.0605]]],[[[-73.793,18.0614],[-73.7914,18.0608],[-73.7901,18.0601],[-73.7889,18.059],[-73.788,18.0579],[-73.7869,18.0568],[-73.7858,18.0556],[-73.7849,18.0543],[-73.786,18.0554],[-73.787,18.0564],[-73.7882,18.0576],[-73.7892,18.0589],[-73.7906,18.0599],[-73.792,18.0606],[-73.7938,18.0608],[-73.793,18.0614]]],[[[-73.7962,18.0643],[-73.7949,18.0635],[-73.7964,18.063],[-73.7973,18.0642],[-73.7962,18.0643]]],[[[-73.802,18.0697],[-73.8009,18.0688],[-73.7997,18.0679],[-73.7982,18.0674],[-73.7977,18.0657],[-73.7996,18.066],[-73.8013,18.0664],[-73.8004,18.0676],[-73.8015,18.0685],[-73.8024,18.0697],[-73.802,18.0697]]],[[[-73.8053,18.0731],[-73.8043,18.0719],[-73.8061,18.0721],[-73.8053,18.0731]]],[[[-73.8115,18.0864],[-73.8131,18.086],[-73.8119,18.0868],[-73.8115,18.0864]]],[[[-73.7057,18.1095],[-73.704,18.109],[-73.7021,18.1088],[-73.7002,18.1087],[-73.6997,18.107],[-73.6987,18.1059],[-73.6987,18.1038],[-73.698,18.1025],[-73.6964,18.102],[-73.6944,18.1021],[-73.693,18.1027],[-73.6916,18.1033],[-73.6927,18.1044],[-73.6939,18.1035],[-73.6938,18.1054],[-73.6926,18.1063],[-73.6907,18.1059],[-73.689,18.1056],[-73.6871,18.1054],[-73.6854,18.1049],[-73.6859,18.1033],[-73.6877,18.1031],[-73.6869,18.1019],[-73.6856,18.1012],[-73.6843,18.1004],[-73.6832,18.0994],[-73.6841,18.0983],[-73.6822,18.0985],[-73.6807,18.0992],[-73.6811,18.1009],[-73.6825,18.1002],[-73.6818,18.1015],[-73.6814,18.1032],[-73.6799,18.1026],[-73.6797,18.1006],[-73.6786,18.0996],[-73.6772,18.0989],[-73.6771,18.097],[-73.676,18.0959],[-73.6743,18.0963],[-73.6732,18.0973],[-73.6723,18.0986],[-73.6705,18.0984],[-73.6692,18.0976],[-73.6685,18.0963],[-73.6676,18.0952],[-73.6666,18.0941],[-73.6656,18.0929],[-73.6648,18.0915],[-73.6638,18.0902],[-73.6628,18.0891],[-73.6614,18.0885],[-73.6596,18.0883],[-73.6579,18.0879],[-73.6565,18.0872],[-73.6552,18.0862],[-73.6538,18.0855],[-73.6521,18.0848],[-73.6504,18.0845],[-73.6488,18.0841],[-73.6466,18.0835],[-73.645,18.0831],[-73.643,18.0829],[-73.6408,18.0825],[-73.6387,18.0826],[-73.6369,18.0828],[-73.635,18.0831],[-73.6335,18.0836],[-73.6318,18.084],[-73.6306,18.085],[-73.6291,18.0856],[-73.6278,18.0864],[-73.6264,18.0871],[-73.625,18.0877],[-73.6236,18.0885],[-73.6222,18.0892],[-73.6211,18.0901],[-73.6199,18.0911],[-73.6188,18.0921],[-73.6175,18.093],[-73.6161,18.0936],[-73.615,18.0945],[-73.6135,18.0951],[-73.6129,18.0966],[-73.6116,18.0973],[-73.6108,18.0986],[-73.6099,18.0975],[-73.6079,18.0977],[-73.6071,18.099],[-73.6061,18.1],[-73.6041,18.1001],[-73.6024,18.0997],[-73.6007,18.0993],[-73.5993,18.0987],[-73.5979,18.0981],[-73.5968,18.0971],[-73.5958,18.0961],[-73.5946,18.0951],[-73.5934,18.0941],[-73.5923,18.0932],[-73.5912,18.0922],[-73.59,18.0912],[-73.5889,18.0903],[-73.5878,18.0893],[-73.5864,18.0886],[-73.5846,18.0884],[-73.5835,18.0874],[-73.5825,18.0864],[-73.582,18.0849],[-73.5811,18.0837],[-73.5799,18.0828],[-73.5792,18.081],[-73.5786,18.0795],[-73.5781,18.0777],[-73.5774,18.0764],[-73.5765,18.0753],[-73.5752,18.0744],[-73.5739,18.0736],[-73.5727,18.0726],[-73.5717,18.0709],[-73.5713,18.0692],[-73.5716,18.0672],[-73.5724,18.0653],[-73.5734,18.064],[-73.5744,18.0627],[-73.5756,18.0613],[-73.5766,18.0603],[-73.5782,18.0598],[-73.5793,18.0588],[-73.5808,18.0579],[-73.5824,18.0571],[-73.5839,18.0564],[-73.5854,18.0559],[-73.5877,18.0557],[-73.5893,18.0563],[-73.5909,18.0568],[-73.5926,18.0575],[-73.5942,18.057],[-73.596,18.0566],[-73.5981,18.0566],[-73.5999,18.0564],[-73.6015,18.0559],[-73.6033,18.0557],[-73.6051,18.0561],[-73.607,18.0562],[-73.6088,18.0564],[-73.6105,18.0569],[-73.6123,18.0565],[-73.6143,18.0566],[-73.6161,18.0564],[-73.6179,18.0567],[-73.6196,18.0571],[-73.6213,18.0575],[-73.6224,18.0586],[-73.6238,18.0579],[-73.6252,18.0586],[-73.6267,18.058],[-73.6285,18.0576],[-73.6304,18.0578],[-73.6318,18.0584],[-73.6336,18.0587],[-73.6356,18.0586],[-73.6376,18.0587],[-73.6395,18.0589],[-73.6414,18.0593],[-73.6431,18.0589],[-73.6448,18.0586],[-73.6463,18.0592],[-73.6481,18.0596],[-73.6497,18.0602],[-73.6515,18.0604],[-73.6533,18.0599],[-73.6545,18.0589],[-73.6555,18.0579],[-73.6572,18.0575],[-73.6591,18.0573],[-73.6608,18.0577],[-73.6625,18.0584],[-73.6642,18.0591],[-73.6657,18.0596],[-73.6675,18.0598],[-73.6693,18.0601],[-73.6715,18.06],[-73.6735,18.06],[-73.6755,18.0602],[-73.6764,18.0614],[-73.6758,18.0628],[-73.6759,18.0647],[-73.6768,18.066],[-73.678,18.0672],[-73.679,18.0682],[-73.68,18.0693],[-73.6814,18.0702],[-73.6828,18.071],[-73.6838,18.0721],[-73.6843,18.0738],[-73.6849,18.0752],[-73.6863,18.076],[-73.6875,18.0769],[-73.6877,18.0787],[-73.6867,18.0798],[-73.6863,18.0815],[-73.6871,18.0829],[-73.6883,18.0839],[-73.6898,18.0849],[-73.6913,18.0856],[-73.6937,18.0864],[-73.6954,18.0869],[-73.6971,18.0873],[-73.6984,18.088],[-73.7003,18.0884],[-73.701,18.0898],[-73.7026,18.0904],[-73.7041,18.091],[-73.7052,18.0919],[-73.7039,18.0926],[-73.7031,18.0939],[-73.7022,18.0951],[-73.7029,18.0965],[-73.7038,18.0978],[-73.7051,18.0988],[-73.7067,18.0996],[-73.7081,18.1003],[-73.7077,18.102],[-73.7081,18.1038],[-73.7079,18.1056],[-73.7073,18.1077],[-73.7063,18.109],[-73.7057,18.1095]]],[[[-73.6256,18.142],[-73.624,18.1414],[-73.6255,18.1409],[-73.6273,18.1406],[-73.6282,18.1418],[-73.6267,18.1425],[-73.6256,18.142]]],[[[-73.5149,18.2152],[-73.5128,18.2151],[-73.5114,18.2145],[-73.5116,18.2125],[-73.5136,18.2121],[-73.5154,18.2119],[-73.5174,18.2117],[-73.5194,18.2116],[-73.521,18.2121],[-73.5209,18.214],[-73.5197,18.2149],[-73.5182,18.2142],[-73.5162,18.2136],[-73.5143,18.2133],[-73.5151,18.2146],[-73.5168,18.2151],[-73.5149,18.2152]]],[[[-73.5328,18.2146],[-73.531,18.2141],[-73.5321,18.2131],[-73.5339,18.2135],[-73.5353,18.2141],[-73.5368,18.2151],[-73.5387,18.2156],[-73.5403,18.2166],[-73.541,18.218],[-73.539,18.2177],[-73.5379,18.2167],[-73.5364,18.2158],[-73.5347,18.2154],[-73.5328,18.2146]]],[[[-73.4584,18.2175],[-73.4601,18.2169],[-73.4619,18.2165],[-73.4639,18.2164],[-73.4658,18.2167],[-73.4678,18.2168],[-73.4665,18.2177],[-73.4645,18.2175],[-73.4625,18.2176],[-73.4606,18.218],[-73.4596,18.219],[-73.4586,18.2179],[-73.4584,18.2175]]],[[[-73.6745,18.2327],[-73.6732,18.2318],[-73.6739,18.2304],[-73.672,18.2302],[-73.6702,18.2298],[-73.6689,18.2307],[-73.669,18.2286],[-73.6701,18.2277],[-73.671,18.2257],[-73.6719,18.2244],[-73.6731,18.2234],[-73.6746,18.224],[-73.6754,18.2253],[-73.6768,18.2261],[-73.6777,18.2273],[-73.6771,18.2289],[-73.6764,18.2303],[-73.6751,18.2322],[-73.6745,18.2327]]],[[[-73.397,18.2358],[-73.3963,18.2345],[-73.396,18.2326],[-73.3951,18.2313],[-73.3938,18.2305],[-73.3932,18.2289],[-73.3929,18.227],[-73.3927,18.2251],[-73.3921,18.2235],[-73.3902,18.2232],[-73.3883,18.223],[-73.3871,18.2219],[-73.3869,18.22],[-73.3863,18.2185],[-73.3877,18.2178],[-73.3885,18.2192],[-73.3902,18.2197],[-73.3918,18.2202],[-73.3937,18.2199],[-73.3936,18.2179],[-73.3953,18.2175],[-73.3974,18.2176],[-73.3994,18.2182],[-73.4009,18.2175],[-73.4027,18.2173],[-73.4042,18.2178],[-73.4055,18.2188],[-73.406,18.221],[-73.4079,18.2216],[-73.4103,18.2219],[-73.4116,18.221],[-73.4128,18.2201],[-73.4144,18.2196],[-73.416,18.2202],[-73.4178,18.22],[-73.4184,18.2215],[-73.4188,18.2232],[-73.4181,18.2245],[-73.4188,18.2261],[-73.4202,18.2269],[-73.4197,18.2285],[-73.4185,18.2293],[-73.4173,18.2305],[-73.4155,18.2307],[-73.4138,18.2303],[-73.4119,18.2301],[-73.4101,18.2298],[-73.4084,18.2294],[-73.407,18.2288],[-73.4056,18.2281],[-73.4048,18.2269],[-73.4033,18.2263],[-73.4022,18.2253],[-73.4014,18.224],[-73.4019,18.2255],[-73.4025,18.2269],[-73.402,18.2285],[-73.4012,18.2298],[-73.4003,18.231],[-73.3998,18.2329],[-73.3987,18.234],[-73.3985,18.2358],[-73.397,18.2358]]],[[[-73.5512,18.2487],[-73.5519,18.2503],[-73.5526,18.2521],[-73.5512,18.2515],[-73.5511,18.2493],[-73.5512,18.2487]]],[[[-73.4417,18.2513],[-73.442,18.2531],[-73.4407,18.2522],[-73.4417,18.2513]]],[[[-73.4017,18.2562],[-73.3998,18.2561],[-73.398,18.2558],[-73.396,18.2557],[-73.3957,18.2539],[-73.3968,18.2529],[-73.3978,18.2519],[-73.3986,18.2532],[-73.4007,18.2533],[-73.4016,18.2545],[-73.4032,18.2551],[-73.4038,18.2565],[-73.4028,18.2575],[-73.4018,18.2565],[-73.4017,18.2562]]],[[[-73.3939,18.259],[-73.3941,18.2571],[-73.3956,18.2577],[-73.3962,18.2592],[-73.3949,18.2584],[-73.3956,18.2599],[-73.3942,18.2593],[-73.3939,18.259]]],[[[-73.3988,18.2609],[-73.3983,18.2592],[-73.3979,18.2574],[-73.3992,18.2566],[-73.4007,18.2571],[-73.4014,18.2585],[-73.4005,18.2597],[-73.3996,18.2585],[-73.3985,18.2576],[-73.399,18.2592],[-73.3995,18.2608],[-73.3988,18.2609]]],[[[-75.0258,18.4138],[-75.0235,18.414],[-75.0219,18.4131],[-75.0194,18.4126],[-75.0176,18.4124],[-75.0147,18.4119],[-75.0122,18.4118],[-75.0088,18.4118],[-75.0063,18.4115],[-75.0044,18.4104],[-75.0025,18.4082],[-75.0013,18.4056],[-75.0011,18.4033],[-75.0019,18.4016],[-75.0017,18.3986],[-75.0014,18.3948],[-75.0029,18.3933],[-75.0044,18.3922],[-75.0055,18.3912],[-75.0088,18.3906],[-75.0119,18.391],[-75.0135,18.3919],[-75.0149,18.3927],[-75.0169,18.3937],[-75.0183,18.3948],[-75.0198,18.3969],[-75.021,18.3989],[-75.0221,18.4001],[-75.0234,18.4022],[-75.025,18.4046],[-75.0263,18.406],[-75.0274,18.4075],[-75.0283,18.4086],[-75.0297,18.4108],[-75.03,18.4128],[-75.0283,18.4141],[-75.0264,18.414],[-75.0258,18.4138]]],[[[-73.0709,18.4552],[-73.0704,18.4536],[-73.0719,18.4543],[-73.0709,18.4552]]],[[[-73.5963,18.5035],[-73.5954,18.5023],[-73.5973,18.5022],[-73.5966,18.5035],[-73.5963,18.5035]]],[[[-73.5798,18.5093],[-73.5789,18.5082],[-73.5804,18.509],[-73.5798,18.5093]]],[[[-73.557,18.5158],[-73.5579,18.5146],[-73.5572,18.5159],[-73.557,18.5158]]],[[[-73.5617,18.5162],[-73.563,18.5153],[-73.5635,18.5138],[-73.5644,18.5127],[-73.5649,18.5143],[-73.564,18.5155],[-73.5623,18.5161],[-73.5617,18.5162]]],[[[-73.5588,18.5162],[-73.5595,18.5148],[-73.561,18.5153],[-73.5602,18.5165],[-73.5588,18.5162]]],[[[-73.5761,18.517],[-73.5768,18.5184],[-73.5758,18.5173],[-73.5761,18.517]]],[[[-73.5575,18.5185],[-73.5583,18.5172],[-73.5586,18.519],[-73.5575,18.5185]]],[[[-73.5431,18.523],[-73.5418,18.5222],[-73.5408,18.521],[-73.5415,18.5196],[-73.5433,18.5198],[-73.5435,18.5217],[-73.5431,18.5234],[-73.5431,18.523]]],[[[-73.6487,18.5238],[-73.6479,18.5225],[-73.6489,18.5213],[-73.6498,18.5202],[-73.6504,18.5188],[-73.6511,18.5174],[-73.652,18.5162],[-73.6538,18.5166],[-73.6555,18.5161],[-73.6572,18.5157],[-73.6587,18.515],[-73.6605,18.5147],[-73.6621,18.5141],[-73.6635,18.5135],[-73.664,18.515],[-73.6635,18.5166],[-73.6636,18.5185],[-73.6646,18.5174],[-73.6642,18.5191],[-73.6629,18.5199],[-73.662,18.5211],[-73.6604,18.5207],[-73.6588,18.5212],[-73.6583,18.5227],[-73.6572,18.5237],[-73.6565,18.5224],[-73.6547,18.5227],[-73.6529,18.523],[-73.6514,18.5224],[-73.65,18.5232],[-73.6508,18.5245],[-73.6493,18.524],[-73.6487,18.5238]]],[[[-73.5303,18.5275],[-73.5285,18.5272],[-73.5268,18.5266],[-73.5268,18.5244],[-73.5283,18.5238],[-73.5304,18.5239],[-73.5314,18.5249],[-73.5326,18.5258],[-73.5319,18.5272],[-73.5303,18.5275]]],[[[-73.5475,18.5317],[-73.5459,18.5311],[-73.5441,18.5308],[-73.5423,18.5306],[-73.5407,18.5301],[-73.5392,18.5296],[-73.5382,18.5285],[-73.5376,18.5271],[-73.5361,18.5264],[-73.5351,18.5274],[-73.5352,18.5255],[-73.537,18.5258],[-73.5389,18.526],[-73.5402,18.5267],[-73.5419,18.5271],[-73.5437,18.5274],[-73.5458,18.5274],[-73.5476,18.5276],[-73.5489,18.5284],[-73.5506,18.529],[-73.5516,18.5301],[-73.5524,18.5313],[-73.5506,18.5316],[-73.5487,18.5317],[-73.5475,18.5317]]],[[[-73.5564,18.5326],[-73.5575,18.5317],[-73.5568,18.533],[-73.5564,18.5326]]],[[[-73.6607,18.5419],[-73.6593,18.5412],[-73.6588,18.5397],[-73.6594,18.5382],[-73.6606,18.5391],[-73.6611,18.5406],[-73.6607,18.5419]]],[[[-73.6739,18.5573],[-73.6747,18.5558],[-73.6741,18.5574],[-73.6739,18.5573]]],[[[-73.6766,18.5569],[-73.6773,18.5555],[-73.6781,18.5542],[-73.6789,18.5527],[-73.6798,18.5539],[-73.6798,18.5559],[-73.6794,18.5576],[-73.6781,18.5586],[-73.6769,18.5576],[-73.6766,18.5569]]],[[[-73.8245,18.5648],[-73.8249,18.5632],[-73.8245,18.5649],[-73.8245,18.5648]]],[[[-73.9097,18.5772],[-73.9101,18.5789],[-73.9088,18.578],[-73.9097,18.5772]]],[[[-73.9153,18.5811],[-73.916,18.5797],[-73.9153,18.5811],[-73.9153,18.5811]]],[[[-73.9113,18.5828],[-73.9117,18.5845],[-73.9104,18.5837],[-73.9113,18.5828]]],[[[-73.7623,18.5852],[-73.7607,18.5847],[-73.7627,18.5849],[-73.7623,18.5852]]],[[[-73.9064,18.5873],[-73.9053,18.5864],[-73.9062,18.5852],[-73.908,18.5855],[-73.9073,18.5869],[-73.9064,18.5873]]],[[[-73.9103,18.5868],[-73.9115,18.5859],[-73.9131,18.5864],[-73.9125,18.5879],[-73.911,18.5887],[-73.9091,18.5883],[-73.91,18.5871],[-73.9103,18.5868]]],[[[-73.8868,18.589],[-73.8876,18.5877],[-73.8889,18.587],[-73.8893,18.5853],[-73.8897,18.5871],[-73.8882,18.5877],[-73.8872,18.589],[-73.8868,18.589]]],[[[-73.9048,18.5887],[-73.9057,18.5899],[-73.9046,18.5889],[-73.9048,18.5887]]],[[[-73.7702,18.5914],[-73.7694,18.5901],[-73.7697,18.5883],[-73.7715,18.5885],[-73.7728,18.5892],[-73.7726,18.591],[-73.7711,18.5916],[-73.7702,18.5914]]],[[[-73.9123,18.5931],[-73.911,18.5923],[-73.9107,18.5905],[-73.9118,18.5893],[-73.9133,18.5888],[-73.9146,18.5898],[-73.9154,18.591],[-73.9142,18.5918],[-73.913,18.5927],[-73.9123,18.5931]]],[[[-73.807,18.6149],[-73.8052,18.6152],[-73.8036,18.6145],[-73.8024,18.6133],[-73.8021,18.6116],[-73.8027,18.6101],[-73.8037,18.6088],[-73.8047,18.6076],[-73.8058,18.6066],[-73.8069,18.6054],[-73.8082,18.6045],[-73.8092,18.6055],[-73.8108,18.6049],[-73.8118,18.6059],[-73.8138,18.6057],[-73.8154,18.6051],[-73.8166,18.606],[-73.816,18.6077],[-73.8155,18.6094],[-73.8145,18.6106],[-73.8133,18.6117],[-73.8123,18.6128],[-73.8112,18.6138],[-73.8108,18.6155],[-73.8082,18.6152],[-73.807,18.6149]]],[[[-73.7572,18.6444],[-73.7554,18.6441],[-73.7537,18.6436],[-73.7516,18.6437],[-73.7496,18.6434],[-73.7478,18.6436],[-73.7464,18.643],[-73.7441,18.6429],[-73.7431,18.6417],[-73.7424,18.6403],[-73.7411,18.6395],[-73.7394,18.6392],[-73.7382,18.6383],[-73.7367,18.6377],[-73.7352,18.637],[-73.7334,18.6366],[-73.7321,18.6358],[-73.7306,18.6353],[-73.7289,18.6347],[-73.7272,18.634],[-73.7256,18.6334],[-73.7238,18.6336],[-73.722,18.6334],[-73.7207,18.6327],[-73.7186,18.6327],[-73.7168,18.6324],[-73.7151,18.632],[-73.7134,18.6317],[-73.7118,18.6311],[-73.7103,18.6305],[-73.7089,18.6299],[-73.7075,18.6292],[-73.7058,18.6287],[-73.7044,18.6279],[-73.7028,18.6275],[-73.7016,18.6263],[-73.7007,18.6248],[-73.7,18.6233],[-73.6992,18.6219],[-73.6987,18.6201],[-73.699,18.6182],[-73.6987,18.6164],[-73.6989,18.6145],[-73.6991,18.6126],[-73.6998,18.6112],[-73.7005,18.6099],[-73.7012,18.6083],[-73.7021,18.607],[-73.703,18.6058],[-73.7039,18.6046],[-73.705,18.6034],[-73.7061,18.6024],[-73.707,18.6011],[-73.7078,18.5998],[-73.7089,18.5988],[-73.71,18.5978],[-73.7114,18.5969],[-73.7126,18.596],[-73.7138,18.5951],[-73.7151,18.5943],[-73.7166,18.5933],[-73.718,18.5925],[-73.7196,18.5917],[-73.7209,18.5908],[-73.7223,18.59],[-73.7237,18.5892],[-73.7251,18.5885],[-73.7266,18.5877],[-73.728,18.587],[-73.7295,18.5864],[-73.7309,18.5858],[-73.7322,18.5848],[-73.7335,18.5841],[-73.7354,18.5838],[-73.737,18.5831],[-73.7388,18.5827],[-73.7406,18.5823],[-73.7425,18.5821],[-73.7442,18.5815],[-73.7458,18.5822],[-73.747,18.5834],[-73.748,18.5844],[-73.7495,18.5838],[-73.7505,18.5848],[-73.7516,18.5838],[-73.7525,18.5849],[-73.754,18.5843],[-73.7559,18.5845],[-73.7542,18.5841],[-73.7557,18.5836],[-73.7576,18.5838],[-73.7582,18.5853],[-73.7595,18.5861],[-73.7607,18.5851],[-73.7625,18.5856],[-73.7637,18.5869],[-73.7644,18.5883],[-73.7656,18.5875],[-73.7648,18.5863],[-73.7667,18.5866],[-73.768,18.5874],[-73.7696,18.5879],[-73.769,18.5895],[-73.7674,18.5899],[-73.7662,18.5909],[-73.7641,18.5909],[-73.7628,18.5898],[-73.7624,18.5917],[-73.7637,18.5927],[-73.7655,18.5929],[-73.7672,18.5933],[-73.7687,18.5927],[-73.7696,18.5915],[-73.7715,18.5916],[-73.7729,18.591],[-73.7741,18.5901],[-73.7745,18.5918],[-73.776,18.5912],[-73.7756,18.593],[-73.7761,18.5945],[-73.777,18.5934],[-73.7778,18.5948],[-73.7798,18.5949],[-73.7814,18.5945],[-73.7828,18.5952],[-73.7844,18.5956],[-73.7863,18.5958],[-73.7879,18.5963],[-73.7895,18.5967],[-73.7914,18.5973],[-73.7925,18.5986],[-73.7938,18.5997],[-73.7947,18.6009],[-73.796,18.6017],[-73.7976,18.6024],[-73.7974,18.6043],[-73.7965,18.6057],[-73.796,18.6073],[-73.7962,18.6092],[-73.7964,18.6112],[-73.7968,18.6129],[-73.7968,18.615],[-73.7968,18.617],[-73.7969,18.619],[-73.7967,18.621],[-73.7956,18.6219],[-73.7959,18.6237],[-73.7943,18.6242],[-73.7941,18.626],[-73.7932,18.6272],[-73.7918,18.6278],[-73.7903,18.6286],[-73.7885,18.6283],[-73.7869,18.629],[-73.7856,18.6298],[-73.7847,18.6309],[-73.7836,18.6319],[-73.7824,18.6327],[-73.7809,18.6335],[-73.7795,18.6343],[-73.7784,18.6354],[-73.7771,18.6363],[-73.7761,18.6374],[-73.7751,18.6386],[-73.7738,18.6394],[-73.772,18.64],[-73.7705,18.6406],[-73.7696,18.6418],[-73.7682,18.6427],[-73.7667,18.6433],[-73.7648,18.6436],[-73.7628,18.6439],[-73.7611,18.6442],[-73.7596,18.6448],[-73.7578,18.6445],[-73.7572,18.6444]]],[[[-72.3343,18.6799],[-72.3329,18.6793],[-72.3309,18.6794],[-72.3324,18.6789],[-72.3339,18.6795],[-72.3343,18.6799]]],[[[-72.3326,18.6799],[-72.3326,18.6799],[-72.3327,18.6799],[-72.3327,18.68],[-72.3326,18.68],[-72.3326,18.6799],[-72.3326,18.6799],[-72.3326,18.6799]]],[[[-72.3346,18.6811],[-72.3334,18.6802],[-72.3347,18.6809],[-72.3346,18.6811]]],[[[-72.3476,18.6847],[-72.349,18.6841],[-72.3477,18.6849],[-72.3476,18.6847]]],[[[-72.3502,18.6858],[-72.3515,18.6851],[-72.3502,18.6858],[-72.3502,18.6858]]],[[[-72.3817,18.6943],[-72.3818,18.6962],[-72.3811,18.6977],[-72.3801,18.6964],[-72.3784,18.6968],[-72.3767,18.6962],[-72.376,18.6948],[-72.377,18.6937],[-72.3786,18.6933],[-72.3805,18.6931],[-72.382,18.6936],[-72.3829,18.695],[-72.384,18.6961],[-72.3851,18.6971],[-72.3839,18.6962],[-72.3828,18.6952],[-72.3817,18.6943]]],[[[-72.8043,18.7047],[-72.8037,18.7032],[-72.8031,18.7018],[-72.802,18.7008],[-72.8027,18.6994],[-72.8035,18.7007],[-72.8048,18.7015],[-72.8049,18.7035],[-72.8043,18.7047]]],[[[-72.4415,18.7175],[-72.4415,18.7174],[-72.4415,18.7174],[-72.4415,18.7175],[-72.4415,18.7175],[-72.4415,18.7175],[-72.4415,18.7175]]],[[[-72.9067,18.8581],[-72.9075,18.8568],[-72.907,18.8583],[-72.9067,18.8581]]],[[[-72.9454,18.8654],[-72.9437,18.865],[-72.9419,18.8648],[-72.9401,18.8645],[-72.9383,18.8643],[-72.9369,18.8637],[-72.9387,18.8639],[-72.9405,18.8643],[-72.9423,18.8646],[-72.9441,18.8649],[-72.9454,18.8654]]],[[[-72.7378,19.3063],[-72.7396,19.3061],[-72.7402,19.3075],[-72.7397,19.309],[-72.7393,19.3107],[-72.7392,19.3127],[-72.7393,19.3146],[-72.7391,19.3164],[-72.7381,19.3175],[-72.7377,19.3157],[-72.737,19.3144],[-72.7364,19.3129],[-72.7372,19.3116],[-72.7384,19.3106],[-72.7392,19.3093],[-72.7395,19.3076],[-72.7384,19.3067],[-72.7378,19.3063]]],[[[-72.0482,19.6971],[-72.0489,19.6958],[-72.0494,19.6943],[-72.0508,19.6936],[-72.05,19.6951],[-72.0491,19.6962],[-72.0484,19.6976],[-72.0482,19.6971]]],[[[-72.0535,19.7218],[-72.0522,19.7211],[-72.0537,19.7216],[-72.0535,19.7218]]],[[[-72.1932,19.7593],[-72.1933,19.7592],[-72.1934,19.7593],[-72.1934,19.7593],[-72.1934,19.7594],[-72.1932,19.7593]]],[[[-72.3766,19.8172],[-72.3753,19.8164],[-72.374,19.8157],[-72.3745,19.8142],[-72.3759,19.8136],[-72.3771,19.8127],[-72.3785,19.8133],[-72.3786,19.8152],[-72.3775,19.8161],[-72.3766,19.8172],[-72.3766,19.8172]]]]},"properties":{"nom":"sans nom","code":"999","zone":"ÎLES"}},{"type":"Feature","geometry":{"type":"MultiPolygon","coordinates":[[[[-73.2069,18.9699],[-73.205,18.9698],[-73.203,18.9697],[-73.2009,18.9696],[-73.1993,18.9692],[-73.1973,18.969],[-73.1959,18.9684],[-73.1942,18.968],[-73.1923,18.9676],[-73.1906,18.9672],[-73.189,18.9668],[-73.1875,18.9662],[-73.1857,18.9657],[-73.1842,18.9651],[-73.1828,18.9645],[-73.1813,18.9639],[-73.1797,18.9634],[-73.1784,18.9626],[-73.1769,18.962],[-73.1756,18.9612],[-73.1743,18.9605],[-73.1732,18.9596],[-73.1722,18.9585],[-73.1711,18.9575],[-73.1699,18.9566],[-73.1686,18.9559],[-73.1674,18.955],[-73.1661,18.9542],[-73.1648,18.9534],[-73.1635,18.9526],[-73.1622,18.9518],[-73.1611,18.9508],[-73.1597,18.9502],[-73.158,18.9497],[-73.1563,18.9493],[-73.1548,18.9487],[-73.1532,18.9482],[-73.1516,18.9477],[-73.15,18.9472],[-73.1487,18.9464],[-73.1476,18.9454],[-73.1464,18.9444],[-73.1451,18.9437],[-73.1439,18.9428],[-73.1424,18.9421],[-73.1411,18.9413],[-73.1396,18.9406],[-73.1383,18.9398],[-73.1371,18.9389],[-73.1355,18.9385],[-73.134,18.9379],[-73.1325,18.9374],[-73.1308,18.9369],[-73.1291,18.9366],[-73.1273,18.9363],[-73.1257,18.9359],[-73.1239,18.9355],[-73.1223,18.9351],[-73.1206,18.9346],[-73.1189,18.9342],[-73.118,18.9331],[-73.1166,18.9324],[-73.1152,18.9318],[-73.1134,18.9316],[-73.1117,18.9312],[-73.1096,18.931],[-73.1079,18.9306],[-73.1059,18.9305],[-73.104,18.9303],[-73.1022,18.9306],[-73.1004,18.9302],[-73.0988,18.9297],[-73.0968,18.9296],[-73.0948,18.9295],[-73.0928,18.9297],[-73.091,18.9299],[-73.0892,18.9302],[-73.0874,18.9305],[-73.0854,18.9304],[-73.0837,18.93],[-73.0818,18.9297],[-73.0803,18.9292],[-73.0789,18.9285],[-73.0775,18.9279],[-73.0762,18.9272],[-73.0748,18.9265],[-73.0733,18.9259],[-73.0719,18.9251],[-73.0706,18.9244],[-73.0689,18.9239],[-73.0668,18.9239],[-73.0649,18.9241],[-73.0632,18.9245],[-73.0617,18.9251],[-73.0596,18.9253],[-73.0577,18.925],[-73.0564,18.9243],[-73.0551,18.9234],[-73.054,18.9224],[-73.0529,18.9215],[-73.0516,18.9207],[-73.0503,18.9198],[-73.049,18.9188],[-73.0475,18.9183],[-73.0462,18.9175],[-73.0458,18.9158],[-73.0452,18.9144],[-73.044,18.9135],[-73.043,18.9124],[-73.042,18.9114],[-73.041,18.9104],[-73.0392,18.9102],[-73.0373,18.91],[-73.0354,18.9099],[-73.0336,18.9096],[-73.0323,18.9089],[-73.0307,18.9085],[-73.0295,18.9076],[-73.0282,18.9068],[-73.0269,18.906],[-73.0251,18.9062],[-73.023,18.906],[-73.0217,18.9052],[-73.0205,18.9043],[-73.0193,18.9034],[-73.018,18.9025],[-73.0166,18.9017],[-73.0152,18.9011],[-73.0138,18.9004],[-73.0125,18.8995],[-73.0114,18.8986],[-73.01,18.8978],[-73.0085,18.8972],[-73.0067,18.897],[-73.0052,18.8963],[-73.0038,18.8957],[-73.0025,18.895],[-73.001,18.8943],[-72.9996,18.8937],[-72.9984,18.8928],[-72.9974,18.8917],[-72.9967,18.8903],[-72.9961,18.8888],[-72.9956,18.8873],[-72.9949,18.8859],[-72.9943,18.8845],[-72.9933,18.8833],[-72.9921,18.8824],[-72.9901,18.8823],[-72.9885,18.8818],[-72.9875,18.8808],[-72.9859,18.8803],[-72.9842,18.8799],[-72.9828,18.8791],[-72.9814,18.8785],[-72.9799,18.8778],[-72.9785,18.8772],[-72.977,18.8766],[-72.9761,18.8754],[-72.9746,18.8749],[-72.9733,18.8741],[-72.9722,18.8731],[-72.9704,18.8728],[-72.9691,18.8721],[-72.9677,18.8715],[-72.9661,18.8709],[-72.9644,18.8705],[-72.9628,18.87],[-72.9611,18.8696],[-72.9594,18.8692],[-72.9579,18.8687],[-72.9567,18.8677],[-72.9557,18.8667],[-72.9543,18.866],[-72.9529,18.8653],[-72.9512,18.8649],[-72.9494,18.8647],[-72.948,18.864],[-72.9465,18.8646],[-72.9452,18.8638],[-72.9439,18.8629],[-72.9429,18.8618],[-72.9411,18.8615],[-72.9401,18.8604],[-72.9392,18.8592],[-72.9383,18.8581],[-72.9367,18.8576],[-72.9352,18.8581],[-72.9336,18.8586],[-72.932,18.8581],[-72.9305,18.8576],[-72.9287,18.8573],[-72.927,18.8569],[-72.9254,18.8565],[-72.9249,18.8548],[-72.924,18.8536],[-72.9222,18.8533],[-72.9209,18.8525],[-72.9191,18.8523],[-72.9172,18.8522],[-72.9155,18.8518],[-72.9135,18.8517],[-72.9114,18.8517],[-72.91,18.8523],[-72.9092,18.851],[-72.9085,18.8524],[-72.9075,18.8534],[-72.9061,18.8528],[-72.9042,18.853],[-72.9025,18.8534],[-72.9007,18.8531],[-72.8994,18.8523],[-72.898,18.8516],[-72.8966,18.8507],[-72.8957,18.8496],[-72.8939,18.8493],[-72.8921,18.849],[-72.8903,18.8487],[-72.8901,18.8468],[-72.8886,18.8463],[-72.8873,18.847],[-72.8887,18.8476],[-72.8869,18.8473],[-72.8853,18.8468],[-72.8838,18.8462],[-72.8828,18.845],[-72.8815,18.8442],[-72.8804,18.8433],[-72.8784,18.8435],[-72.8766,18.8432],[-72.8749,18.8428],[-72.8733,18.8423],[-72.8716,18.842],[-72.8698,18.8418],[-72.8681,18.8414],[-72.8667,18.8407],[-72.8657,18.8396],[-72.8644,18.8388],[-72.8629,18.838],[-72.8613,18.8374],[-72.8599,18.8366],[-72.8581,18.8364],[-72.8564,18.8361],[-72.8544,18.8359],[-72.8519,18.8358],[-72.8496,18.8359],[-72.8478,18.8364],[-72.8464,18.8357],[-72.8467,18.8338],[-72.8479,18.8329],[-72.8498,18.8332],[-72.852,18.8331],[-72.8538,18.8326],[-72.8547,18.8338],[-72.8548,18.8319],[-72.8561,18.8312],[-72.8544,18.8316],[-72.8523,18.8318],[-72.8511,18.8309],[-72.85,18.83],[-72.8485,18.8294],[-72.8478,18.828],[-72.8464,18.8274],[-72.8449,18.8269],[-72.8438,18.8259],[-72.8425,18.8252],[-72.8415,18.8241],[-72.8408,18.8226],[-72.8396,18.8216],[-72.8384,18.8207],[-72.837,18.8199],[-72.836,18.8188],[-72.8346,18.818],[-72.8338,18.8166],[-72.8322,18.816],[-72.8309,18.8152],[-72.8301,18.8139],[-72.8294,18.8125],[-72.8288,18.8111],[-72.8277,18.8102],[-72.8266,18.8092],[-72.8258,18.8079],[-72.8248,18.8069],[-72.8235,18.806],[-72.8227,18.8047],[-72.8218,18.8034],[-72.8214,18.8016],[-72.8208,18.8001],[-72.82,18.7989],[-72.8195,18.7973],[-72.8184,18.7962],[-72.8176,18.7948],[-72.8163,18.7939],[-72.8158,18.7923],[-72.8149,18.7912],[-72.8142,18.7898],[-72.8134,18.7885],[-72.8124,18.7875],[-72.8111,18.7867],[-72.8097,18.786],[-72.8092,18.7845],[-72.8087,18.7828],[-72.8079,18.7815],[-72.8075,18.7798],[-72.8072,18.7781],[-72.8069,18.7763],[-72.8071,18.7745],[-72.8073,18.7726],[-72.8081,18.7713],[-72.8083,18.7695],[-72.8079,18.7678],[-72.8075,18.766],[-72.8072,18.7643],[-72.8069,18.7625],[-72.806,18.7614],[-72.8051,18.7601],[-72.8044,18.7587],[-72.8042,18.7568],[-72.8047,18.7552],[-72.805,18.7535],[-72.8042,18.7523],[-72.8035,18.7509],[-72.8025,18.7498],[-72.8017,18.7484],[-72.8007,18.7473],[-72.7996,18.7461],[-72.7982,18.7451],[-72.7971,18.744],[-72.7968,18.7422],[-72.796,18.7409],[-72.795,18.7398],[-72.7943,18.7384],[-72.7941,18.7366],[-72.7951,18.7356],[-72.797,18.7354],[-72.7983,18.7346],[-72.8004,18.7344],[-72.8024,18.7343],[-72.8041,18.7339],[-72.8057,18.7334],[-72.8072,18.7328],[-72.8087,18.7323],[-72.8105,18.7319],[-72.8123,18.7316],[-72.8135,18.7308],[-72.8147,18.7298],[-72.8157,18.7288],[-72.8169,18.7278],[-72.8173,18.7261],[-72.8181,18.7248],[-72.8185,18.723],[-72.8186,18.721],[-72.8193,18.7196],[-72.8178,18.719],[-72.8173,18.7175],[-72.8166,18.7161],[-72.8149,18.7157],[-72.8136,18.7149],[-72.8124,18.714],[-72.8116,18.7127],[-72.8102,18.7119],[-72.809,18.7109],[-72.8085,18.7092],[-72.8076,18.708],[-72.8068,18.7067],[-72.8075,18.7054],[-72.8091,18.7049],[-72.8101,18.7038],[-72.811,18.7026],[-72.8118,18.7013],[-72.8129,18.7003],[-72.8144,18.7008],[-72.8152,18.7022],[-72.8165,18.703],[-72.8179,18.7023],[-72.8189,18.7013],[-72.8194,18.6998],[-72.819,18.6979],[-72.8187,18.6961],[-72.8196,18.6949],[-72.8215,18.6947],[-72.8227,18.6938],[-72.824,18.6945],[-72.8253,18.6954],[-72.8267,18.6961],[-72.8276,18.6973],[-72.828,18.699],[-72.8292,18.6999],[-72.8307,18.7005],[-72.8315,18.7017],[-72.8323,18.703],[-72.8344,18.7028],[-72.8356,18.7037],[-72.8362,18.7051],[-72.837,18.7065],[-72.8373,18.7083],[-72.8374,18.7103],[-72.8373,18.7122],[-72.8383,18.7132],[-72.8392,18.7143],[-72.8387,18.7159],[-72.8383,18.7176],[-72.8373,18.7186],[-72.8368,18.7201],[-72.8373,18.7218],[-72.8382,18.723],[-72.8396,18.7238],[-72.8412,18.7233],[-72.843,18.7231],[-72.8447,18.7227],[-72.846,18.7219],[-72.8477,18.7213],[-72.8495,18.7208],[-72.8513,18.7204],[-72.8527,18.7211],[-72.8542,18.7216],[-72.8561,18.7214],[-72.8575,18.722],[-72.8592,18.7224],[-72.861,18.722],[-72.8615,18.7236],[-72.8624,18.7249],[-72.8636,18.7257],[-72.8649,18.7264],[-72.8666,18.7268],[-72.8683,18.7272],[-72.8704,18.7271],[-72.8716,18.7261],[-72.8734,18.7258],[-72.8747,18.7265],[-72.8766,18.7268],[-72.8785,18.7269],[-72.8803,18.7266],[-72.8823,18.7268],[-72.8842,18.7273],[-72.8859,18.7278],[-72.8874,18.7285],[-72.8888,18.7292],[-72.8905,18.7295],[-72.8923,18.7298],[-72.8939,18.7304],[-72.8951,18.7313],[-72.8965,18.7319],[-72.8976,18.733],[-72.8987,18.7339],[-72.9004,18.7343],[-72.9023,18.7341],[-72.9041,18.7344],[-72.9059,18.7351],[-72.908,18.735],[-72.9099,18.7355],[-72.9112,18.7362],[-72.9123,18.7372],[-72.9139,18.7377],[-72.9157,18.7379],[-72.9173,18.7384],[-72.9186,18.7392],[-72.9204,18.7396],[-72.921,18.741],[-72.9223,18.7418],[-72.9236,18.7426],[-72.9248,18.7435],[-72.9268,18.7436],[-72.9285,18.7431],[-72.9299,18.7423],[-72.9313,18.7416],[-72.9327,18.741],[-72.9342,18.7415],[-72.9353,18.7425],[-72.9371,18.7427],[-72.9389,18.743],[-72.9407,18.7427],[-72.9421,18.7435],[-72.9441,18.7435],[-72.946,18.7437],[-72.9479,18.744],[-72.9497,18.7436],[-72.9511,18.7429],[-72.9531,18.743],[-72.9551,18.7429],[-72.9564,18.7438],[-72.9582,18.744],[-72.9601,18.7437],[-72.9621,18.7437],[-72.9639,18.7434],[-72.9659,18.7435],[-72.9676,18.744],[-72.9694,18.7436],[-72.9713,18.7435],[-72.9723,18.7445],[-72.9743,18.7447],[-72.9761,18.7449],[-72.9782,18.7449],[-72.9797,18.7443],[-72.9813,18.7447],[-72.983,18.7442],[-72.9848,18.7445],[-72.9865,18.7448],[-72.988,18.7454],[-72.9898,18.7451],[-72.9915,18.7455],[-72.9935,18.7456],[-72.9956,18.7456],[-72.9973,18.746],[-72.9989,18.7464],[-73.0007,18.7468],[-73.0021,18.7475],[-73.0036,18.748],[-73.005,18.7488],[-73.0063,18.7496],[-73.0079,18.7502],[-73.0096,18.7506],[-73.0111,18.7512],[-73.0131,18.7514],[-73.0149,18.7516],[-73.0163,18.7525],[-73.0177,18.7531],[-73.0193,18.7537],[-73.0208,18.7543],[-73.022,18.7551],[-73.0235,18.7557],[-73.0249,18.7563],[-73.027,18.7564],[-73.0285,18.757],[-73.0295,18.758],[-73.031,18.7585],[-73.0327,18.759],[-73.0348,18.7591],[-73.0364,18.7586],[-73.0371,18.7601],[-73.038,18.7613],[-73.039,18.7623],[-73.0401,18.7633],[-73.0413,18.7641],[-73.0427,18.7652],[-73.0439,18.7661],[-73.0449,18.7672],[-73.0463,18.7679],[-73.0474,18.7689],[-73.0489,18.7695],[-73.0504,18.7702],[-73.0523,18.771],[-73.0537,18.7717],[-73.0545,18.7732],[-73.0556,18.7742],[-73.0565,18.7753],[-73.0575,18.7769],[-73.0584,18.7782],[-73.0593,18.7795],[-73.0601,18.7808],[-73.0608,18.7822],[-73.0618,18.7834],[-73.063,18.7843],[-73.0645,18.7849],[-73.066,18.7855],[-73.0679,18.7858],[-73.0691,18.7867],[-73.0707,18.7872],[-73.0707,18.7892],[-73.0709,18.7911],[-73.0716,18.7924],[-73.0728,18.7933],[-73.0738,18.7943],[-73.0748,18.7955],[-73.0761,18.7965],[-73.0777,18.7971],[-73.0789,18.7979],[-73.0807,18.7983],[-73.0826,18.7987],[-73.0844,18.7989],[-73.0862,18.7987],[-73.0878,18.7982],[-73.0896,18.798],[-73.0912,18.7985],[-73.0931,18.7986],[-73.0952,18.7988],[-73.0968,18.7993],[-73.0982,18.8],[-73.0998,18.8005],[-73.1012,18.8011],[-73.1023,18.8021],[-73.1006,18.8025],[-73.1018,18.8034],[-73.103,18.8043],[-73.1044,18.8049],[-73.1059,18.8054],[-73.1076,18.8058],[-73.1091,18.8065],[-73.1102,18.8075],[-73.1113,18.8086],[-73.1117,18.8103],[-73.1127,18.8113],[-73.1145,18.8115],[-73.1164,18.8118],[-73.1177,18.8126],[-73.1187,18.8136],[-73.1199,18.8145],[-73.1212,18.8152],[-73.1222,18.8163],[-73.1231,18.8176],[-73.1243,18.8185],[-73.1256,18.8193],[-73.1272,18.8198],[-73.1293,18.8198],[-73.1312,18.8199],[-73.1331,18.8202],[-73.1349,18.8204],[-73.1359,18.8214],[-73.1373,18.8222],[-73.1393,18.8222],[-73.1413,18.8223],[-73.1433,18.8222],[-73.1451,18.8219],[-73.1469,18.8222],[-73.1481,18.8231],[-73.1502,18.8232],[-73.152,18.8234],[-73.1534,18.8241],[-73.1554,18.8243],[-73.1572,18.8246],[-73.1588,18.8252],[-73.1605,18.8256],[-73.1623,18.8259],[-73.1641,18.8257],[-73.166,18.8259],[-73.1675,18.8264],[-73.1692,18.8268],[-73.1708,18.8273],[-73.1722,18.828],[-73.1735,18.8287],[-73.175,18.8293],[-73.1764,18.83],[-73.1776,18.8309],[-73.1788,18.8318],[-73.1801,18.8326],[-73.1813,18.8335],[-73.1829,18.8339],[-73.1843,18.8346],[-73.1863,18.8347],[-73.1882,18.8351],[-73.1895,18.8359],[-73.191,18.8365],[-73.1931,18.8364],[-73.1944,18.8372],[-73.1962,18.8374],[-73.1983,18.8374],[-73.2001,18.837],[-73.2017,18.8365],[-73.2031,18.8359],[-73.2047,18.8352],[-73.2064,18.8348],[-73.2081,18.8343],[-73.2099,18.8341],[-73.2112,18.8348],[-73.2128,18.8354],[-73.2146,18.8357],[-73.2161,18.8351],[-73.2177,18.8356],[-73.2184,18.8369],[-73.2191,18.8383],[-73.2202,18.8392],[-73.2212,18.8404],[-73.2223,18.8413],[-73.2228,18.8428],[-73.2243,18.8435],[-73.2253,18.8445],[-73.2262,18.8456],[-73.227,18.8469],[-73.228,18.8482],[-73.2293,18.849],[-73.2313,18.849],[-73.2331,18.8486],[-73.2347,18.8481],[-73.2363,18.8486],[-73.2377,18.8493],[-73.2389,18.8502],[-73.2398,18.8514],[-73.2406,18.8527],[-73.2415,18.8538],[-73.2423,18.8551],[-73.2433,18.8562],[-73.2443,18.8573],[-73.2452,18.8585],[-73.2461,18.8596],[-73.2468,18.861],[-73.2476,18.8622],[-73.2483,18.8636],[-73.2493,18.8648],[-73.2504,18.8659],[-73.2517,18.8667],[-73.253,18.8676],[-73.2538,18.8689],[-73.2546,18.8702],[-73.2552,18.8716],[-73.2558,18.8731],[-73.2568,18.8741],[-73.2577,18.8755],[-73.2585,18.8768],[-73.2594,18.8779],[-73.2604,18.8789],[-73.2613,18.8802],[-73.2621,18.8818],[-73.2631,18.8831],[-73.2643,18.8841],[-73.2653,18.8855],[-73.2663,18.8865],[-73.2677,18.8875],[-73.2689,18.8884],[-73.2701,18.8893],[-73.2713,18.8903],[-73.2727,18.891],[-73.2741,18.8916],[-73.2754,18.8924],[-73.277,18.893],[-73.2784,18.8936],[-73.2797,18.8944],[-73.2811,18.8953],[-73.2823,18.8962],[-73.2834,18.8972],[-73.284,18.8986],[-73.2851,18.8997],[-73.2864,18.9004],[-73.2875,18.9014],[-73.2889,18.9021],[-73.2904,18.9028],[-73.2916,18.9037],[-73.2932,18.9043],[-73.2943,18.9052],[-73.2956,18.906],[-73.2969,18.9067],[-73.2977,18.9079],[-73.2982,18.9095],[-73.299,18.9107],[-73.3,18.9118],[-73.3009,18.913],[-73.3003,18.9144],[-73.301,18.9157],[-73.3,18.9167],[-73.301,18.9177],[-73.3004,18.9191],[-73.3002,18.921],[-73.3007,18.9225],[-73.3004,18.9243],[-73.3015,18.9252],[-73.3014,18.9272],[-73.2997,18.9276],[-73.2991,18.929],[-73.2987,18.9307],[-73.2989,18.9325],[-73.2987,18.9343],[-73.2978,18.9354],[-73.2968,18.9366],[-73.2959,18.9377],[-73.2946,18.9386],[-73.2932,18.9393],[-73.2923,18.9405],[-73.2909,18.9412],[-73.2894,18.9418],[-73.2885,18.9431],[-73.2875,18.9441],[-73.2861,18.9448],[-73.2855,18.9462],[-73.2843,18.9471],[-73.2833,18.9481],[-73.2821,18.949],[-73.2811,18.9501],[-73.2798,18.9508],[-73.2784,18.9515],[-73.2772,18.9523],[-73.276,18.9533],[-73.2747,18.954],[-73.2734,18.9549],[-73.272,18.9557],[-73.2703,18.9562],[-73.2687,18.9566],[-73.2672,18.9572],[-73.2658,18.9579],[-73.2645,18.9586],[-73.2632,18.9597],[-73.2618,18.9605],[-73.2606,18.9614],[-73.2593,18.9623],[-73.2581,18.9632],[-73.2567,18.9638],[-73.2554,18.9645],[-73.2539,18.9651],[-73.2524,18.9657],[-73.2508,18.9663],[-73.2487,18.9663],[-73.2469,18.966],[-73.2451,18.9658],[-73.243,18.9658],[-73.241,18.9656],[-73.239,18.9657],[-73.237,18.9658],[-73.2351,18.9661],[-73.2332,18.9664],[-73.2314,18.9666],[-73.2296,18.9669],[-73.2278,18.9671],[-73.2258,18.9674],[-73.2242,18.9678],[-73.2224,18.9682],[-73.2204,18.9684],[-73.2184,18.9686],[-73.2167,18.9689],[-73.2149,18.9692],[-73.2129,18.9695],[-73.2109,18.9696],[-73.2088,18.9698],[-73.2069,18.9699]]]]},"properties":{"nom":"Ile de la Gonâve","code":"30","zone":"ÎLES"}},{"type":"Feature","geometry":{"type":"MultiPolygon","coordinates":[[[[-72.8066,20.0896],[-72.8048,20.0894],[-72.8028,20.0891],[-72.8012,20.0886],[-72.8,20.0877],[-72.7986,20.0871],[-72.797,20.0863],[-72.7958,20.0854],[-72.7943,20.0847],[-72.7929,20.0841],[-72.7914,20.0835],[-72.79,20.0828],[-72.7886,20.0821],[-72.7873,20.0813],[-72.7858,20.0804],[-72.7844,20.0797],[-72.7831,20.0789],[-72.7822,20.0778],[-72.7804,20.0776],[-72.7787,20.0771],[-72.777,20.0767],[-72.7754,20.0762],[-72.7736,20.0759],[-72.7719,20.0755],[-72.7704,20.0749],[-72.7689,20.0743],[-72.7674,20.0738],[-72.766,20.0731],[-72.7648,20.0723],[-72.7634,20.0715],[-72.7619,20.0708],[-72.7605,20.07],[-72.7591,20.0692],[-72.7577,20.0685],[-72.7564,20.0678],[-72.7548,20.0673],[-72.753,20.067],[-72.7512,20.0667],[-72.7493,20.0665],[-72.7478,20.066],[-72.7462,20.0655],[-72.7446,20.065],[-72.7428,20.0648],[-72.7415,20.064],[-72.7403,20.0631],[-72.7393,20.062],[-72.7378,20.0615],[-72.7359,20.0612],[-72.7342,20.0607],[-72.7328,20.0601],[-72.7312,20.0596],[-72.7295,20.0592],[-72.7282,20.0585],[-72.7267,20.058],[-72.7253,20.0573],[-72.7234,20.0572],[-72.7217,20.0568],[-72.7203,20.0562],[-72.719,20.0555],[-72.7175,20.0549],[-72.7162,20.0541],[-72.7147,20.0536],[-72.7134,20.0528],[-72.7114,20.0527],[-72.7098,20.0522],[-72.7084,20.0516],[-72.7067,20.0512],[-72.7054,20.0504],[-72.7036,20.0502],[-72.7018,20.0499],[-72.6998,20.0499],[-72.698,20.0494],[-72.6961,20.0491],[-72.6945,20.0486],[-72.6929,20.0481],[-72.6914,20.0475],[-72.6898,20.047],[-72.6881,20.0466],[-72.6868,20.0459],[-72.6854,20.0452],[-72.6836,20.0455],[-72.6821,20.0449],[-72.6804,20.0445],[-72.6786,20.0442],[-72.6772,20.0436],[-72.6758,20.043],[-72.6743,20.0423],[-72.6728,20.0418],[-72.6716,20.0409],[-72.6702,20.0403],[-72.6687,20.0397],[-72.6671,20.0391],[-72.6657,20.0384],[-72.6646,20.0375],[-72.6633,20.0367],[-72.6624,20.0356],[-72.6613,20.0347],[-72.6599,20.0341],[-72.6587,20.0332],[-72.6574,20.0325],[-72.6559,20.0319],[-72.6543,20.0314],[-72.6532,20.0305],[-72.652,20.0296],[-72.6506,20.0288],[-72.649,20.0283],[-72.6476,20.0277],[-72.6463,20.0269],[-72.6451,20.0259],[-72.6439,20.0249],[-72.6428,20.024],[-72.6417,20.023],[-72.6405,20.022],[-72.6395,20.021],[-72.6386,20.0199],[-72.6374,20.0189],[-72.6364,20.0179],[-72.6352,20.017],[-72.6341,20.0159],[-72.6332,20.0147],[-72.6322,20.0137],[-72.6313,20.0126],[-72.6303,20.0115],[-72.6293,20.0105],[-72.6284,20.0093],[-72.6275,20.0082],[-72.6267,20.0069],[-72.6258,20.0056],[-72.6249,20.0043],[-72.6241,20.003],[-72.6234,20.0016],[-72.6222,20.0007],[-72.6221,19.9988],[-72.6212,19.9977],[-72.6201,19.9968],[-72.6215,19.9961],[-72.623,19.9954],[-72.6246,19.9949],[-72.6261,19.9943],[-72.6275,19.9936],[-72.6293,19.9934],[-72.631,19.9939],[-72.6328,19.9941],[-72.6347,19.9939],[-72.6368,19.994],[-72.6389,19.9936],[-72.6407,19.9933],[-72.6427,19.993],[-72.6445,19.9926],[-72.6465,19.9926],[-72.6484,19.9928],[-72.6495,19.9938],[-72.6509,19.9945],[-72.6524,19.9951],[-72.6541,19.9956],[-72.6555,19.9962],[-72.6574,19.9966],[-72.6593,19.9967],[-72.661,19.9971],[-72.6627,19.9967],[-72.6644,19.9971],[-72.6664,19.997],[-72.6684,19.9969],[-72.6704,19.9971],[-72.6723,19.997],[-72.6744,19.9969],[-72.6761,19.9973],[-72.6781,19.9974],[-72.68,19.9975],[-72.682,19.9974],[-72.6838,19.9977],[-72.6855,19.998],[-72.6874,19.9983],[-72.6892,19.9981],[-72.6913,19.9981],[-72.6932,19.9982],[-72.6948,19.9977],[-72.6965,19.9982],[-72.6973,19.9996],[-72.6989,20.0004],[-72.7003,20.001],[-72.7017,20.0017],[-72.7033,20.0023],[-72.7051,20.0025],[-72.7068,20.0029],[-72.7086,20.0031],[-72.7104,20.0034],[-72.7119,20.0041],[-72.7137,20.0045],[-72.7156,20.0043],[-72.7176,20.0042],[-72.7192,20.0037],[-72.7207,20.0043],[-72.7224,20.0047],[-72.7241,20.005],[-72.7261,20.0051],[-72.7274,20.0058],[-72.7288,20.0065],[-72.7304,20.007],[-72.7322,20.0072],[-72.7343,20.0073],[-72.7364,20.0074],[-72.7382,20.0071],[-72.7404,20.0073],[-72.7422,20.0076],[-72.7435,20.0085],[-72.745,20.009],[-72.747,20.0091],[-72.7488,20.0093],[-72.7505,20.0097],[-72.7523,20.01],[-72.7538,20.0106],[-72.7553,20.0111],[-72.757,20.0115],[-72.7587,20.0119],[-72.7604,20.0123],[-72.7612,20.0136],[-72.7623,20.0146],[-72.7636,20.0154],[-72.7654,20.0157],[-72.7667,20.0164],[-72.7686,20.0168],[-72.7705,20.0175],[-72.7719,20.0181],[-72.7733,20.0188],[-72.775,20.0191],[-72.7767,20.0195],[-72.7786,20.0198],[-72.7806,20.0198],[-72.7825,20.02],[-72.7835,20.021],[-72.7849,20.0217],[-72.7869,20.0217],[-72.7887,20.0215],[-72.7896,20.0227],[-72.7911,20.0233],[-72.7928,20.0237],[-72.7946,20.0235],[-72.7963,20.0242],[-72.7981,20.0244],[-72.7998,20.0249],[-72.8018,20.025],[-72.8036,20.0252],[-72.8049,20.026],[-72.806,20.027],[-72.8074,20.0277],[-72.8091,20.0281],[-72.8104,20.0289],[-72.8124,20.0288],[-72.8144,20.0289],[-72.8162,20.0294],[-72.8175,20.0301],[-72.8193,20.0306],[-72.8211,20.0308],[-72.8227,20.0303],[-72.8247,20.0303],[-72.8265,20.03],[-72.8283,20.0298],[-72.8302,20.03],[-72.8319,20.0304],[-72.8339,20.0305],[-72.8358,20.0303],[-72.8375,20.0307],[-72.8391,20.0312],[-72.8408,20.0308],[-72.8429,20.0309],[-72.845,20.0309],[-72.8472,20.0309],[-72.849,20.0312],[-72.851,20.0309],[-72.8528,20.0311],[-72.8545,20.0314],[-72.8562,20.032],[-72.858,20.0322],[-72.8598,20.0325],[-72.862,20.0324],[-72.8636,20.0328],[-72.8654,20.0332],[-72.8674,20.0332],[-72.8691,20.0327],[-72.8712,20.0327],[-72.873,20.0329],[-72.8751,20.0329],[-72.8772,20.0331],[-72.879,20.0333],[-72.881,20.0336],[-72.8823,20.0344],[-72.8833,20.0355],[-72.8845,20.0365],[-72.8862,20.0369],[-72.8874,20.0378],[-72.8884,20.0388],[-72.8901,20.0393],[-72.892,20.0395],[-72.894,20.0394],[-72.8963,20.0394],[-72.8979,20.0401],[-72.8993,20.0408],[-72.9012,20.0411],[-72.9034,20.0411],[-72.9054,20.0413],[-72.9071,20.0418],[-72.9082,20.0428],[-72.9093,20.0438],[-72.9112,20.0442],[-72.9131,20.0441],[-72.9147,20.0446],[-72.916,20.0455],[-72.9177,20.0459],[-72.9195,20.0461],[-72.9215,20.0462],[-72.9231,20.0466],[-72.9243,20.0476],[-72.9255,20.0485],[-72.9272,20.0489],[-72.9283,20.05],[-72.9298,20.0507],[-72.9318,20.0504],[-72.9334,20.0498],[-72.9352,20.0505],[-72.9365,20.0512],[-72.9382,20.0517],[-72.9395,20.0525],[-72.9414,20.0522],[-72.9432,20.0519],[-72.9449,20.0524],[-72.9467,20.0528],[-72.9486,20.0525],[-72.9501,20.052],[-72.9521,20.0523],[-72.9541,20.0524],[-72.9562,20.0524],[-72.9583,20.0525],[-72.9592,20.0539],[-72.9597,20.0554],[-72.9613,20.0559],[-72.9623,20.0569],[-72.9632,20.058],[-72.964,20.0593],[-72.965,20.0603],[-72.9668,20.0606],[-72.9682,20.0613],[-72.9698,20.0617],[-72.9705,20.0631],[-72.9706,20.065],[-72.9694,20.0658],[-72.9675,20.066],[-72.9659,20.0665],[-72.9643,20.067],[-72.9628,20.0677],[-72.9611,20.068],[-72.9593,20.0678],[-72.9576,20.0683],[-72.9562,20.0689],[-72.9545,20.0685],[-72.9528,20.0689],[-72.9517,20.0699],[-72.95,20.0703],[-72.9485,20.0708],[-72.9471,20.0715],[-72.9456,20.072],[-72.9438,20.0722],[-72.9418,20.0723],[-72.9404,20.073],[-72.9388,20.0735],[-72.9378,20.0745],[-72.9361,20.075],[-72.9344,20.0754],[-72.9327,20.0757],[-72.9309,20.076],[-72.9293,20.0767],[-72.9276,20.0763],[-72.9261,20.0769],[-72.9243,20.0772],[-72.9224,20.0773],[-72.9206,20.0775],[-72.9186,20.0777],[-72.9167,20.0779],[-72.9151,20.0783],[-72.9131,20.0784],[-72.9112,20.0783],[-72.9095,20.0786],[-72.9075,20.0788],[-72.9057,20.0792],[-72.9037,20.0794],[-72.9019,20.0798],[-72.9009,20.0808],[-72.8992,20.0804],[-72.8982,20.0816],[-72.8964,20.0818],[-72.8949,20.0824],[-72.893,20.0823],[-72.8915,20.0829],[-72.8902,20.0836],[-72.8882,20.0837],[-72.8868,20.0844],[-72.8849,20.0846],[-72.8833,20.0851],[-72.8814,20.0853],[-72.8793,20.0853],[-72.8773,20.0852],[-72.8754,20.0853],[-72.8733,20.0854],[-72.8714,20.0856],[-72.8697,20.086],[-72.8677,20.0861],[-72.8661,20.0866],[-72.8644,20.087],[-72.8626,20.0872],[-72.8608,20.0874],[-72.8591,20.0877],[-72.8574,20.0874],[-72.8561,20.0866],[-72.8551,20.0856],[-72.853,20.0857],[-72.8513,20.0861],[-72.8496,20.0864],[-72.8477,20.0862],[-72.8459,20.086],[-72.8438,20.086],[-72.8417,20.086],[-72.8398,20.0859],[-72.838,20.0861],[-72.8361,20.0859],[-72.8348,20.0866],[-72.833,20.087],[-72.8312,20.0873],[-72.8293,20.0876],[-72.8274,20.0877],[-72.8258,20.0882],[-72.8243,20.0887],[-72.8227,20.0892],[-72.8209,20.0895],[-72.8188,20.0895],[-72.8168,20.0894],[-72.8149,20.0895],[-72.813,20.0893],[-72.8109,20.0893],[-72.809,20.0894],[-72.8072,20.0896],[-72.8066,20.0896]]]]},"properties":{"nom":"Ile de la Tortue","code":"29","zone":"ÎLES"}},{"type":"Feature","geometry":{"type":"MultiPolygon","coordinates":[[[[-71.9541,19.7349],[-71.9525,19.7342],[-71.951,19.7332],[-71.9486,19.7333],[-71.947,19.7338],[-71.9453,19.7341],[-71.9433,19.7346],[-71.9413,19.7349],[-71.9394,19.7353],[-71.9375,19.7352],[-71.9359,19.7347],[-71.9345,19.7341],[-71.9331,19.7333],[-71.9313,19.7328],[-71.9295,19.7323],[-71.9278,19.7317],[-71.9263,19.7311],[-71.9243,19.731],[-71.9221,19.7309],[-71.9201,19.7304],[-71.9185,19.7299],[-71.9166,19.7294],[-71.9146,19.7289],[-71.9128,19.7283],[-71.9107,19.728],[-71.9088,19.7279],[-71.9068,19.7277],[-71.9052,19.7268],[-71.9039,19.7256],[-71.9025,19.7247],[-71.901,19.7237],[-71.8994,19.7229],[-71.8976,19.7224],[-71.8962,19.7215],[-71.8946,19.721],[-71.8926,19.7205],[-71.8907,19.7202],[-71.8887,19.72],[-71.8869,19.7203],[-71.8851,19.7205],[-71.8829,19.7205],[-71.8811,19.7203],[-71.879,19.7199],[-71.8774,19.7193],[-71.8755,19.7186],[-71.8737,19.7181],[-71.8718,19.7176],[-71.8702,19.7171],[-71.8685,19.7167],[-71.8664,19.7164],[-71.8643,19.7163],[-71.8624,19.7166],[-71.8605,19.717],[-71.8589,19.7175],[-71.8569,19.7178],[-71.8548,19.7177],[-71.8528,19.7174],[-71.8513,19.7169],[-71.8503,19.7156],[-71.8492,19.7146],[-71.8482,19.7134],[-71.8477,19.7119],[-71.8475,19.7101],[-71.8467,19.7087],[-71.8456,19.7077],[-71.8463,19.7063],[-71.8469,19.7049],[-71.8463,19.7035],[-71.8469,19.7021],[-71.8484,19.7014],[-71.8488,19.6997],[-71.8484,19.698],[-71.8496,19.6971],[-71.849,19.6956],[-71.8494,19.6939],[-71.8504,19.6927],[-71.8513,19.6915],[-71.8528,19.691],[-71.8538,19.69],[-71.8552,19.6908],[-71.8564,19.6917],[-71.8575,19.6926],[-71.858,19.6911],[-71.8593,19.6903],[-71.8607,19.691],[-71.8627,19.6911],[-71.864,19.6903],[-71.865,19.689],[-71.8664,19.6883],[-71.8675,19.6873],[-71.8664,19.6864],[-71.8678,19.6856],[-71.869,19.6847],[-71.8711,19.6846],[-71.8722,19.6837],[-71.8718,19.6821],[-71.872,19.6803],[-71.8737,19.6807],[-71.8751,19.6799],[-71.8765,19.6792],[-71.877,19.6807],[-71.8775,19.6824],[-71.8785,19.6834],[-71.8802,19.6837],[-71.8816,19.6844],[-71.8824,19.683],[-71.8838,19.6837],[-71.883,19.685],[-71.8842,19.6859],[-71.8859,19.6854],[-71.8871,19.6845],[-71.8891,19.6846],[-71.8904,19.6856],[-71.8918,19.6864],[-71.8929,19.6874],[-71.8938,19.6861],[-71.8947,19.685],[-71.8951,19.6833],[-71.8963,19.6842],[-71.8971,19.6855],[-71.8987,19.686],[-71.9001,19.6853],[-71.9008,19.6866],[-71.9023,19.6872],[-71.9041,19.6874],[-71.9039,19.6856],[-71.9022,19.6852],[-71.9027,19.6836],[-71.9022,19.6821],[-71.9011,19.6811],[-71.9026,19.6806],[-71.9016,19.6796],[-71.9005,19.6787],[-71.8989,19.6793],[-71.8979,19.6804],[-71.8972,19.679],[-71.8954,19.6792],[-71.8946,19.6779],[-71.8933,19.6788],[-71.892,19.6798],[-71.8909,19.6808],[-71.8903,19.6822],[-71.8887,19.6817],[-71.8871,19.6812],[-71.8868,19.6794],[-71.8862,19.6779],[-71.8878,19.6774],[-71.8898,19.6773],[-71.8914,19.6767],[-71.8922,19.6754],[-71.8935,19.6746],[-71.895,19.674],[-71.8955,19.6725],[-71.8964,19.6713],[-71.8972,19.67],[-71.8966,19.6684],[-71.8951,19.6689],[-71.8943,19.6702],[-71.8926,19.6707],[-71.8909,19.6711],[-71.8899,19.6721],[-71.8883,19.6714],[-71.8887,19.6696],[-71.8878,19.6684],[-71.8864,19.6678],[-71.8846,19.6675],[-71.8853,19.666],[-71.8847,19.6646],[-71.8833,19.6635],[-71.8819,19.6628],[-71.8808,19.6619],[-71.8794,19.661],[-71.8776,19.6607],[-71.8765,19.6616],[-71.8753,19.6626],[-71.874,19.6634],[-71.8731,19.6645],[-71.871,19.6646],[-71.8697,19.6654],[-71.8678,19.6656],[-71.8661,19.6661],[-71.8658,19.6678],[-71.8651,19.6693],[-71.8634,19.6697],[-71.8618,19.6692],[-71.8607,19.6683],[-71.8596,19.6694],[-71.8591,19.6709],[-71.8573,19.6711],[-71.8562,19.6696],[-71.855,19.6687],[-71.8533,19.6683],[-71.8515,19.6686],[-71.8501,19.6692],[-71.8481,19.6691],[-71.8463,19.6694],[-71.8455,19.6708],[-71.8447,19.6722],[-71.8433,19.6728],[-71.8424,19.6741],[-71.8417,19.6755],[-71.8419,19.6736],[-71.8414,19.6721],[-71.8405,19.6708],[-71.8395,19.6696],[-71.8384,19.6686],[-71.837,19.6679],[-71.8356,19.6669],[-71.8343,19.666],[-71.8323,19.6657],[-71.8312,19.6648],[-71.8299,19.6636],[-71.8285,19.6628],[-71.8267,19.6626],[-71.8254,19.6619],[-71.8269,19.6613],[-71.8276,19.66],[-71.8271,19.6583],[-71.8259,19.6573],[-71.8249,19.6562],[-71.8254,19.6547],[-71.8248,19.6532],[-71.8232,19.6526],[-71.8237,19.6511],[-71.825,19.6503],[-71.8248,19.6485],[-71.8232,19.6479],[-71.8215,19.6484],[-71.8198,19.6487],[-71.8188,19.6497],[-71.8176,19.6506],[-71.8163,19.6514],[-71.8172,19.6525],[-71.8178,19.654],[-71.8188,19.6551],[-71.8177,19.6561],[-71.817,19.6576],[-71.8157,19.6584],[-71.8171,19.6591],[-71.8188,19.6587],[-71.8194,19.6601],[-71.8192,19.6619],[-71.8174,19.6622],[-71.816,19.6628],[-71.8174,19.6634],[-71.8186,19.6644],[-71.8181,19.6659],[-71.82,19.6662],[-71.8204,19.6678],[-71.8195,19.6689],[-71.8186,19.6677],[-71.8176,19.6689],[-71.8168,19.6674],[-71.8155,19.6683],[-71.8142,19.6675],[-71.8125,19.6671],[-71.8112,19.6679],[-71.8105,19.6693],[-71.8123,19.6696],[-71.8137,19.6704],[-71.8147,19.6715],[-71.8169,19.6717],[-71.8185,19.6722],[-71.8171,19.673],[-71.8153,19.6728],[-71.814,19.6718],[-71.8125,19.6712],[-71.8109,19.6717],[-71.8106,19.6734],[-71.8107,19.6753],[-71.8116,19.6765],[-71.8125,19.6778],[-71.8136,19.6789],[-71.8152,19.6795],[-71.8164,19.6805],[-71.817,19.6821],[-71.818,19.6831],[-71.8189,19.6842],[-71.8195,19.6828],[-71.8204,19.6814],[-71.8214,19.6825],[-71.8227,19.6816],[-71.8235,19.6829],[-71.8253,19.6833],[-71.8264,19.6842],[-71.8277,19.6833],[-71.8291,19.684],[-71.8297,19.6854],[-71.8303,19.6869],[-71.8313,19.688],[-71.8332,19.6882],[-71.8342,19.6871],[-71.836,19.6873],[-71.8364,19.6891],[-71.8379,19.6883],[-71.8394,19.6876],[-71.8414,19.6879],[-71.8409,19.6895],[-71.8412,19.6913],[-71.841,19.6931],[-71.8414,19.6949],[-71.8419,19.6964],[-71.8424,19.698],[-71.8415,19.6991],[-71.8401,19.6998],[-71.8397,19.7014],[-71.8407,19.7024],[-71.8416,19.7036],[-71.8425,19.7048],[-71.8421,19.7066],[-71.8422,19.7088],[-71.8433,19.7099],[-71.8443,19.711],[-71.8436,19.7123],[-71.8417,19.7127],[-71.8401,19.7132],[-71.8386,19.7138],[-71.8363,19.7144],[-71.8342,19.7146],[-71.8322,19.7145],[-71.8303,19.7144],[-71.8283,19.7142],[-71.8266,19.7139],[-71.8247,19.7136],[-71.8227,19.7135],[-71.8207,19.7133],[-71.8185,19.713],[-71.8162,19.7128],[-71.8136,19.7125],[-71.8115,19.7124],[-71.8097,19.712],[-71.8078,19.7118],[-71.8059,19.7115],[-71.8037,19.7112],[-71.8022,19.7107],[-71.8001,19.7105],[-71.7982,19.7102],[-71.7964,19.7098],[-71.7946,19.7094],[-71.7928,19.709],[-71.791,19.7087],[-71.7892,19.7082],[-71.7868,19.7082],[-71.785,19.7079],[-71.7832,19.7077],[-71.7811,19.7077],[-71.7792,19.7079],[-71.7774,19.7077],[-71.7764,19.7066],[-71.7753,19.7076],[-71.7735,19.7073],[-71.7718,19.7069],[-71.7701,19.7065],[-71.7684,19.706],[-71.7666,19.7057],[-71.7651,19.7051],[-71.7634,19.7048],[-71.7615,19.7046],[-71.7605,19.7036],[-71.7594,19.7025],[-71.7583,19.6999],[-71.7597,19.6992],[-71.7603,19.6967],[-71.7619,19.6948],[-71.7606,19.6937],[-71.7591,19.695],[-71.757,19.6921],[-71.7553,19.6928],[-71.7558,19.6903],[-71.7586,19.6892],[-71.7595,19.6879],[-71.7564,19.6875],[-71.7575,19.6862],[-71.7549,19.6864],[-71.7562,19.6851],[-71.755,19.6837],[-71.7563,19.6823],[-71.7545,19.6814],[-71.7562,19.6789],[-71.7567,19.6771],[-71.7545,19.6763],[-71.7519,19.6741],[-71.7506,19.6722],[-71.7487,19.6711],[-71.7472,19.6691],[-71.7463,19.6675],[-71.7445,19.6665],[-71.7435,19.6649],[-71.7397,19.6652],[-71.7384,19.6631],[-71.7372,19.6622],[-71.7353,19.6618],[-71.7348,19.659],[-71.7328,19.6485],[-71.7325,19.6464],[-71.7372,19.642],[-71.7458,19.6339],[-71.7453,19.6147],[-71.7445,19.6038],[-71.7437,19.5928],[-71.7436,19.5905],[-71.7435,19.5886],[-71.7432,19.5848],[-71.7198,19.5621],[-71.7149,19.5524],[-71.7132,19.5514],[-71.712,19.5491],[-71.7126,19.542],[-71.7128,19.5339],[-71.712,19.5324],[-71.7077,19.5313],[-71.7061,19.5336],[-71.7029,19.5337],[-71.7026,19.5311],[-71.7031,19.5288],[-71.7038,19.5259],[-71.7036,19.5223],[-71.7019,19.5205],[-71.6997,19.5198],[-71.7004,19.5152],[-71.6993,19.5124],[-71.6972,19.5115],[-71.6936,19.5108],[-71.6917,19.5111],[-71.6908,19.5128],[-71.6892,19.514],[-71.688,19.5118],[-71.6888,19.5088],[-71.6896,19.5068],[-71.6879,19.5029],[-71.6905,19.4993],[-71.6916,19.4951],[-71.6908,19.4932],[-71.6918,19.4915],[-71.6939,19.4901],[-71.6933,19.4875],[-71.6934,19.4856],[-71.6929,19.4835],[-71.692,19.4819],[-71.6929,19.4806],[-71.6938,19.4787],[-71.6935,19.4758],[-71.6911,19.4745],[-71.6899,19.4737],[-71.6889,19.4726],[-71.6899,19.47],[-71.6907,19.4683],[-71.6895,19.4671],[-71.6878,19.4676],[-71.6874,19.465],[-71.6877,19.463],[-71.6864,19.4619],[-71.6854,19.4603],[-71.6871,19.4594],[-71.6855,19.4558],[-71.6816,19.4522],[-71.6799,19.4516],[-71.6799,19.4494],[-71.6802,19.4472],[-71.6798,19.4453],[-71.6785,19.4441],[-71.6803,19.4431],[-71.6807,19.4405],[-71.6809,19.4383],[-71.6798,19.4359],[-71.6803,19.4333],[-71.6837,19.4331],[-71.6827,19.4316],[-71.6837,19.4304],[-71.6845,19.4281],[-71.6867,19.4228],[-71.6891,19.4224],[-71.6893,19.4203],[-71.6906,19.415],[-71.6889,19.4144],[-71.6888,19.4122],[-71.6898,19.4102],[-71.69,19.4075],[-71.6917,19.4043],[-71.694,19.403],[-71.6949,19.4015],[-71.6965,19.4],[-71.6973,19.3985],[-71.6982,19.3961],[-71.6975,19.3943],[-71.6984,19.393],[-71.6977,19.3915],[-71.6964,19.389],[-71.6957,19.3868],[-71.6946,19.3824],[-71.694,19.3797],[-71.6934,19.375],[-71.6913,19.3728],[-71.6917,19.3707],[-71.6926,19.3695],[-71.694,19.3687],[-71.6936,19.3645],[-71.6921,19.3632],[-71.6937,19.3604],[-71.6962,19.3598],[-71.7001,19.3597],[-71.7024,19.3609],[-71.703,19.3623],[-71.7033,19.3649],[-71.7055,19.3659],[-71.712,19.3703],[-71.7141,19.3717],[-71.7156,19.3725],[-71.7165,19.3747],[-71.7178,19.3759],[-71.7194,19.3764],[-71.7215,19.3759],[-71.7245,19.377],[-71.7237,19.3809],[-71.7255,19.3826],[-71.7269,19.3834],[-71.728,19.3846],[-71.7308,19.3851],[-71.733,19.3862],[-71.7346,19.3876],[-71.7364,19.3879],[-71.7377,19.389],[-71.7393,19.3906],[-71.7419,19.393],[-71.7425,19.3946],[-71.7448,19.395],[-71.7438,19.3968],[-71.7452,19.3976],[-71.7466,19.3988],[-71.7483,19.3997],[-71.7506,19.4003],[-71.7533,19.4014],[-71.7558,19.4031],[-71.7579,19.4028],[-71.7587,19.4047],[-71.7609,19.4036],[-71.764,19.4038],[-71.7647,19.4062],[-71.7667,19.4054],[-71.7697,19.4029],[-71.7707,19.4014],[-71.7727,19.4016],[-71.7745,19.4014],[-71.7766,19.4044],[-71.7783,19.4056],[-71.78,19.4067],[-71.7814,19.4073],[-71.7802,19.409],[-71.7805,19.411],[-71.7812,19.413],[-71.7805,19.4148],[-71.7818,19.4165],[-71.7828,19.4176],[-71.784,19.4163],[-71.7872,19.4166],[-71.7894,19.4162],[-71.7907,19.417],[-71.7924,19.4155],[-71.7945,19.4146],[-71.7974,19.4154],[-71.7986,19.4168],[-71.8003,19.4176],[-71.8037,19.418],[-71.8045,19.4155],[-71.8067,19.4146],[-71.8084,19.4123],[-71.8089,19.4107],[-71.8107,19.4097],[-71.8126,19.4085],[-71.8132,19.4068],[-71.8158,19.4077],[-71.8181,19.4071],[-71.8209,19.4067],[-71.8227,19.4061],[-71.8245,19.4071],[-71.8256,19.4095],[-71.8274,19.4111],[-71.8289,19.4132],[-71.8316,19.4149],[-71.8342,19.4153],[-71.8358,19.4177],[-71.8368,19.4195],[-71.8394,19.4201],[-71.8409,19.4212],[-71.8399,19.4237],[-71.8401,19.4255],[-71.8419,19.4273],[-71.8442,19.4289],[-71.8471,19.4312],[-71.8483,19.4333],[-71.8491,19.4357],[-71.8495,19.4376],[-71.8482,19.4387],[-71.8497,19.4413],[-71.8504,19.4435],[-71.8531,19.4471],[-71.8551,19.4481],[-71.8578,19.4476],[-71.86,19.4467],[-71.8635,19.4464],[-71.8661,19.4445],[-71.8693,19.4433],[-71.8704,19.4421],[-71.8717,19.4411],[-71.873,19.4388],[-71.8745,19.4382],[-71.8749,19.4402],[-71.8746,19.443],[-71.8752,19.4452],[-71.8739,19.4477],[-71.8759,19.4487],[-71.8772,19.4496],[-71.8786,19.4509],[-71.8799,19.4523],[-71.8816,19.4531],[-71.8828,19.455],[-71.8843,19.4562],[-71.8853,19.458],[-71.887,19.4589],[-71.8896,19.4599],[-71.892,19.4611],[-71.8934,19.4623],[-71.8949,19.4609],[-71.8987,19.4601],[-71.9014,19.4603],[-71.9048,19.4608],[-71.9068,19.4602],[-71.9093,19.4611],[-71.9112,19.4619],[-71.9138,19.4621],[-71.9156,19.4642],[-71.9184,19.4658],[-71.9204,19.4669],[-71.9219,19.4675],[-71.923,19.4688],[-71.926,19.4701],[-71.9282,19.4706],[-71.9294,19.4723],[-71.9309,19.473],[-71.9323,19.4736],[-71.9348,19.4729],[-71.9343,19.4746],[-71.935,19.4767],[-71.9364,19.478],[-71.9382,19.4801],[-71.9392,19.4812],[-71.9409,19.4824],[-71.9416,19.4842],[-71.9432,19.4862],[-71.9448,19.4877],[-71.9458,19.4891],[-71.9468,19.491],[-71.9478,19.4924],[-71.9485,19.4942],[-71.9501,19.4955],[-71.9521,19.4976],[-71.9537,19.4986],[-71.9578,19.5003],[-71.9591,19.501],[-71.9625,19.5026],[-71.9634,19.5047],[-71.9651,19.5052],[-71.9663,19.5061],[-71.9683,19.5054],[-71.9701,19.5063],[-71.972,19.5072],[-71.9727,19.5086],[-71.975,19.509],[-71.9765,19.5095],[-71.9774,19.5108],[-71.9785,19.5121],[-71.9798,19.5129],[-71.9809,19.5142],[-71.9838,19.5154],[-71.9854,19.5166],[-71.9873,19.5172],[-71.9894,19.5184],[-71.9918,19.52],[-71.9931,19.5217],[-71.9942,19.523],[-71.9964,19.5239],[-71.999,19.5258],[-72.0008,19.5252],[-72.0037,19.5244],[-72.0065,19.5242],[-72.0113,19.5256],[-72.0127,19.5267],[-72.0149,19.5273],[-72.0183,19.527],[-72.02,19.5275],[-72.0217,19.5262],[-72.0231,19.5272],[-72.0247,19.5284],[-72.0267,19.5283],[-72.0298,19.5276],[-72.0308,19.5297],[-72.0311,19.5319],[-72.0321,19.534],[-72.0345,19.5344],[-72.0352,19.5364],[-72.0342,19.5376],[-72.0332,19.5388],[-72.0342,19.5404],[-72.0358,19.5414],[-72.0369,19.5423],[-72.0389,19.5435],[-72.0405,19.544],[-72.0437,19.5466],[-72.0457,19.5485],[-72.0464,19.5528],[-72.0464,19.5558],[-72.0489,19.5574],[-72.0493,19.5593],[-72.0497,19.5611],[-72.0503,19.5626],[-72.051,19.5641],[-72.0508,19.5666],[-72.0511,19.5691],[-72.0524,19.5699],[-72.0536,19.5716],[-72.055,19.5722],[-72.0559,19.5735],[-72.0571,19.5743],[-72.0584,19.5759],[-72.0594,19.5773],[-72.0613,19.5774],[-72.0632,19.5804],[-72.0638,19.5818],[-72.0646,19.5835],[-72.0657,19.585],[-72.0684,19.5876],[-72.0693,19.5899],[-72.071,19.5915],[-72.0705,19.5945],[-72.0762,19.5948],[-72.0787,19.5949],[-72.0805,19.5963],[-72.082,19.5972],[-72.0834,19.5982],[-72.0851,19.6],[-72.0854,19.6023],[-72.0866,19.6039],[-72.0867,19.6073],[-72.0872,19.6089],[-72.0884,19.6107],[-72.0886,19.6129],[-72.0897,19.6147],[-72.0902,19.6173],[-72.0919,19.6192],[-72.0931,19.6215],[-72.0934,19.6247],[-72.0946,19.6267],[-72.0963,19.6274],[-72.0995,19.6296],[-72.1018,19.6299],[-72.1036,19.6321],[-72.1056,19.6337],[-72.1045,19.6362],[-72.1052,19.638],[-72.1037,19.6389],[-72.1035,19.6411],[-72.1009,19.644],[-72.1001,19.6462],[-72.0982,19.6469],[-72.0959,19.6496],[-72.0968,19.6518],[-72.0988,19.6527],[-72.1,19.6542],[-72.105,19.6537],[-72.1067,19.6551],[-72.1062,19.6567],[-72.106,19.6586],[-72.1054,19.6601],[-72.1068,19.6613],[-72.1063,19.6629],[-72.1074,19.6644],[-72.1092,19.6659],[-72.1107,19.6668],[-72.1125,19.6683],[-72.112,19.67],[-72.1114,19.6722],[-72.11,19.673],[-72.1099,19.6749],[-72.1119,19.676],[-72.1108,19.6784],[-72.1124,19.6794],[-72.1107,19.6811],[-72.1129,19.6813],[-72.1132,19.684],[-72.1118,19.6859],[-72.1086,19.6872],[-72.1088,19.6902],[-72.1097,19.6919],[-72.1086,19.6936],[-72.1099,19.6951],[-72.1116,19.6962],[-72.1132,19.6975],[-72.1139,19.6994],[-72.1121,19.7002],[-72.1112,19.7021],[-72.1097,19.7034],[-72.1078,19.7029],[-72.1084,19.7047],[-72.1074,19.7061],[-72.1068,19.708],[-72.1091,19.7087],[-72.1076,19.7096],[-72.1077,19.7116],[-72.1093,19.711],[-72.111,19.7121],[-72.1102,19.7166],[-72.1103,19.7186],[-72.1105,19.7205],[-72.1102,19.7223],[-72.1098,19.7242],[-72.1094,19.7258],[-72.1104,19.7282],[-72.1093,19.7292],[-72.1078,19.7287],[-72.1058,19.7284],[-72.104,19.7279],[-72.1026,19.7272],[-72.1008,19.7268],[-72.0994,19.7276],[-72.0975,19.7277],[-72.0957,19.7274],[-72.0946,19.7263],[-72.0931,19.727],[-72.0912,19.7271],[-72.0901,19.7281],[-72.0882,19.7282],[-72.0863,19.7283],[-72.0844,19.7285],[-72.0829,19.729],[-72.0809,19.7291],[-72.0812,19.7273],[-72.0825,19.7264],[-72.0831,19.725],[-72.0822,19.7239],[-72.0829,19.7225],[-72.0814,19.7231],[-72.08,19.7224],[-72.0787,19.7234],[-72.0777,19.7246],[-72.0769,19.7259],[-72.0752,19.7255],[-72.0734,19.7251],[-72.0741,19.7265],[-72.0749,19.7279],[-72.0761,19.7288],[-72.0776,19.7294],[-72.0792,19.7289],[-72.0786,19.7305],[-72.0769,19.7309],[-72.0752,19.7312],[-72.0738,19.7319],[-72.072,19.7322],[-72.0702,19.7319],[-72.0684,19.7317],[-72.067,19.7324],[-72.0651,19.7326],[-72.0633,19.7323],[-72.0625,19.7309],[-72.0619,19.7294],[-72.0612,19.7308],[-72.0592,19.731],[-72.0577,19.7318],[-72.056,19.7314],[-72.0557,19.7295],[-72.0548,19.7284],[-72.0554,19.727],[-72.056,19.7254],[-72.0569,19.7243],[-72.0575,19.7229],[-72.0584,19.7217],[-72.0597,19.7209],[-72.0612,19.7203],[-72.0631,19.7202],[-72.0646,19.7196],[-72.0655,19.7185],[-72.065,19.717],[-72.064,19.716],[-72.0634,19.7145],[-72.0644,19.7135],[-72.0664,19.7136],[-72.0678,19.7128],[-72.0697,19.7126],[-72.0715,19.7123],[-72.0729,19.7129],[-72.0742,19.7137],[-72.0757,19.7144],[-72.0777,19.7145],[-72.079,19.7136],[-72.0799,19.7124],[-72.0806,19.7111],[-72.0814,19.7097],[-72.0797,19.7094],[-72.0779,19.7092],[-72.0762,19.7087],[-72.0769,19.7072],[-72.0778,19.7061],[-72.0787,19.7048],[-72.0792,19.7033],[-72.0774,19.703],[-72.0757,19.7034],[-72.0744,19.7041],[-72.073,19.7035],[-72.0716,19.7026],[-72.0701,19.7031],[-72.0681,19.7029],[-72.0667,19.7022],[-72.0671,19.704],[-72.0678,19.7053],[-72.0673,19.7068],[-72.0654,19.7069],[-72.0638,19.7074],[-72.062,19.707],[-72.0615,19.7085],[-72.0612,19.7103],[-72.0614,19.7121],[-72.062,19.7136],[-72.0615,19.7151],[-72.0621,19.7168],[-72.0612,19.7182],[-72.0593,19.718],[-72.0575,19.7177],[-72.0563,19.7186],[-72.0555,19.7199],[-72.0544,19.7211],[-72.0535,19.7197],[-72.0523,19.7188],[-72.0515,19.7174],[-72.0507,19.7161],[-72.0502,19.7143],[-72.0517,19.7131],[-72.053,19.7123],[-72.0525,19.7107],[-72.0504,19.7106],[-72.0487,19.711],[-72.049,19.7127],[-72.0501,19.7137],[-72.0493,19.7151],[-72.0487,19.7165],[-72.0488,19.7185],[-72.0495,19.72],[-72.0514,19.7206],[-72.0526,19.7217],[-72.0538,19.7226],[-72.0537,19.7246],[-72.053,19.7259],[-72.0522,19.7272],[-72.0511,19.7282],[-72.05,19.7291],[-72.0487,19.73],[-72.0473,19.7307],[-72.0458,19.7302],[-72.0467,19.7313],[-72.048,19.7322],[-72.0487,19.7336],[-72.0492,19.7351],[-72.0505,19.7358],[-72.0491,19.7364],[-72.0477,19.7373],[-72.0462,19.7368],[-72.0453,19.7355],[-72.0435,19.7352],[-72.0421,19.7345],[-72.041,19.7335],[-72.0399,19.7324],[-72.039,19.7311],[-72.0382,19.7298],[-72.0376,19.7283],[-72.0369,19.7269],[-72.0367,19.7251],[-72.0371,19.7234],[-72.0382,19.7224],[-72.0396,19.7217],[-72.039,19.7201],[-72.0389,19.718],[-72.0379,19.717],[-72.0369,19.7158],[-72.0372,19.714],[-72.0376,19.7123],[-72.0367,19.7111],[-72.0359,19.7098],[-72.036,19.7079],[-72.0367,19.7064],[-72.038,19.7056],[-72.0389,19.7044],[-72.0403,19.7037],[-72.0418,19.7031],[-72.0434,19.7027],[-72.0454,19.7026],[-72.0467,19.7018],[-72.0484,19.7022],[-72.0499,19.7029],[-72.0513,19.7035],[-72.0527,19.7041],[-72.0544,19.7045],[-72.0557,19.7037],[-72.0569,19.7028],[-72.0583,19.7022],[-72.0595,19.7013],[-72.0608,19.7005],[-72.0622,19.6996],[-72.0633,19.6986],[-72.0648,19.6981],[-72.0645,19.6964],[-72.0628,19.6969],[-72.0609,19.6971],[-72.059,19.6972],[-72.0574,19.6967],[-72.0577,19.6947],[-72.0591,19.6939],[-72.0579,19.693],[-72.0569,19.694],[-72.0551,19.6943],[-72.0537,19.6936],[-72.0527,19.6925],[-72.0538,19.6915],[-72.0535,19.6896],[-72.0517,19.6892],[-72.0499,19.6895],[-72.0482,19.6902],[-72.0466,19.6907],[-72.0456,19.6919],[-72.044,19.6924],[-72.0423,19.6928],[-72.0404,19.6925],[-72.0391,19.6932],[-72.0386,19.6948],[-72.0382,19.6965],[-72.0384,19.6984],[-72.0398,19.699],[-72.0414,19.6995],[-72.0397,19.7],[-72.0379,19.7002],[-72.0362,19.7007],[-72.0343,19.7009],[-72.0326,19.7003],[-72.0313,19.6995],[-72.03,19.6987],[-72.0283,19.6983],[-72.0264,19.6982],[-72.0246,19.6979],[-72.0231,19.6974],[-72.0216,19.6966],[-72.0197,19.6964],[-72.0185,19.6973],[-72.0173,19.6982],[-72.0159,19.6988],[-72.014,19.6985],[-72.0124,19.699],[-72.0105,19.6991],[-72.0092,19.7],[-72.0082,19.701],[-72.0072,19.7021],[-72.0073,19.704],[-72.0071,19.7058],[-72.0051,19.7059],[-72.0037,19.7052],[-72.0032,19.7036],[-72.0019,19.7029],[-72.001,19.7018],[-72,19.7007],[-71.9985,19.7001],[-71.9977,19.6989],[-71.9961,19.6984],[-71.9946,19.6978],[-71.9928,19.6981],[-71.9924,19.6999],[-71.9906,19.7002],[-71.9902,19.702],[-71.9896,19.7034],[-71.9893,19.7052],[-71.9904,19.7062],[-71.9901,19.7081],[-71.9896,19.7099],[-71.991,19.7105],[-71.9909,19.7126],[-71.9915,19.7141],[-71.9917,19.716],[-71.9915,19.718],[-71.9922,19.7194],[-71.9921,19.7215],[-71.9915,19.723],[-71.9919,19.7247],[-71.9924,19.7263],[-71.9915,19.7276],[-71.9909,19.729],[-71.9899,19.7301],[-71.9881,19.7297],[-71.9866,19.7303],[-71.9856,19.7292],[-71.9845,19.7301],[-71.9848,19.7318],[-71.9867,19.732],[-71.988,19.7312],[-71.9898,19.7316],[-71.989,19.7331],[-71.9873,19.7341],[-71.9853,19.7345],[-71.9837,19.735],[-71.9813,19.735],[-71.9795,19.7354],[-71.9778,19.735],[-71.9758,19.7353],[-71.9739,19.7356],[-71.9716,19.7353],[-71.9698,19.7356],[-71.9685,19.7366],[-71.9671,19.7373],[-71.9655,19.7382],[-71.9633,19.7383],[-71.9618,19.7378],[-71.9598,19.7373],[-71.9581,19.7368],[-71.9561,19.736],[-71.9545,19.7351],[-71.9541,19.7349]]]]},"properties":{"nom":"Limonade / Ouanaminthe","code":"08","zone":"NORD"}},{"type":"Feature","geometry":{"type":"MultiPolygon","coordinates":[[[[-72.3645,19.7905],[-72.3634,19.7863],[-72.3605,19.7799],[-72.3595,19.7774],[-72.3594,19.7748],[-72.3613,19.7689],[-72.3644,19.7622],[-72.3674,19.7561],[-72.3685,19.7545],[-72.3688,19.7525],[-72.3697,19.7514],[-72.3709,19.7493],[-72.3718,19.7471],[-72.3724,19.7444],[-72.3709,19.7428],[-72.3687,19.7402],[-72.3703,19.7381],[-72.3711,19.7348],[-72.3703,19.7317],[-72.3695,19.7298],[-72.37,19.7277],[-72.3698,19.7258],[-72.3706,19.7239],[-72.3664,19.7194],[-72.3647,19.7186],[-72.3631,19.7165],[-72.3605,19.7141],[-72.3579,19.7122],[-72.3549,19.7113],[-72.3536,19.7102],[-72.3531,19.7087],[-72.3523,19.7039],[-72.3513,19.7022],[-72.35,19.7012],[-72.348,19.6995],[-72.3466,19.6976],[-72.3454,19.6957],[-72.3436,19.693],[-72.3413,19.6907],[-72.3392,19.6899],[-72.3394,19.687],[-72.3402,19.6847],[-72.3424,19.6829],[-72.3425,19.6791],[-72.3411,19.6785],[-72.3399,19.677],[-72.3391,19.6752],[-72.3365,19.6749],[-72.3333,19.6738],[-72.3317,19.6733],[-72.3321,19.6695],[-72.3303,19.6683],[-72.3278,19.6655],[-72.3268,19.6637],[-72.3255,19.6628],[-72.3251,19.6579],[-72.324,19.6556],[-72.3237,19.6525],[-72.3241,19.6506],[-72.3244,19.6485],[-72.325,19.6467],[-72.327,19.6446],[-72.3288,19.6439],[-72.3301,19.6426],[-72.3324,19.6421],[-72.3336,19.6411],[-72.3345,19.6397],[-72.3352,19.6375],[-72.3353,19.6356],[-72.3354,19.6333],[-72.3351,19.6307],[-72.3336,19.6289],[-72.3316,19.6285],[-72.3312,19.6264],[-72.3302,19.6246],[-72.3297,19.6225],[-72.3276,19.6221],[-72.3255,19.6221],[-72.3262,19.6205],[-72.3257,19.6187],[-72.3245,19.6159],[-72.3219,19.6144],[-72.3163,19.614],[-72.3142,19.6142],[-72.3126,19.6134],[-72.312,19.6115],[-72.3122,19.6094],[-72.3111,19.6059],[-72.3115,19.6042],[-72.3109,19.6018],[-72.3118,19.6001],[-72.3115,19.5983],[-72.3114,19.5954],[-72.311,19.5937],[-72.3111,19.5911],[-72.3112,19.5886],[-72.3102,19.5868],[-72.309,19.5851],[-72.3089,19.5821],[-72.3087,19.5802],[-72.3077,19.5776],[-72.3059,19.5754],[-72.3051,19.5732],[-72.3038,19.572],[-72.3026,19.5711],[-72.3016,19.5691],[-72.3008,19.5676],[-72.3035,19.5673],[-72.3061,19.5646],[-72.307,19.5624],[-72.3085,19.5616],[-72.3107,19.5611],[-72.3124,19.5598],[-72.3157,19.5592],[-72.3179,19.5593],[-72.3195,19.5578],[-72.3203,19.5561],[-72.3214,19.5549],[-72.3231,19.554],[-72.3243,19.5505],[-72.3262,19.5506],[-72.3297,19.549],[-72.3314,19.548],[-72.3325,19.5462],[-72.3337,19.5451],[-72.3369,19.5445],[-72.3395,19.5445],[-72.3418,19.5443],[-72.3435,19.5438],[-72.3452,19.5426],[-72.3461,19.5395],[-72.345,19.5374],[-72.3466,19.5364],[-72.3486,19.5361],[-72.3491,19.5342],[-72.3507,19.5328],[-72.3494,19.531],[-72.3503,19.529],[-72.3509,19.5272],[-72.3492,19.5262],[-72.3486,19.5235],[-72.3506,19.5231],[-72.3531,19.5228],[-72.356,19.5224],[-72.359,19.5226],[-72.3602,19.5212],[-72.3613,19.5193],[-72.3604,19.5169],[-72.361,19.5141],[-72.3622,19.5122],[-72.3638,19.5097],[-72.3651,19.5088],[-72.3658,19.507],[-72.3664,19.5051],[-72.3682,19.5077],[-72.3688,19.5093],[-72.3703,19.5113],[-72.3716,19.5126],[-72.3751,19.5135],[-72.3761,19.5146],[-72.379,19.5159],[-72.3817,19.5155],[-72.3832,19.5172],[-72.3838,19.5194],[-72.3851,19.5215],[-72.3862,19.5234],[-72.3882,19.524],[-72.3884,19.5259],[-72.3898,19.5272],[-72.3918,19.5259],[-72.3932,19.5266],[-72.3947,19.5274],[-72.3966,19.5265],[-72.3991,19.5262],[-72.4021,19.5265],[-72.4047,19.5253],[-72.4066,19.5249],[-72.4083,19.5255],[-72.4096,19.5247],[-72.4103,19.5229],[-72.4114,19.525],[-72.4144,19.5254],[-72.4166,19.5249],[-72.4183,19.5245],[-72.421,19.5256],[-72.4209,19.5276],[-72.419,19.5283],[-72.4186,19.5302],[-72.4195,19.5315],[-72.4188,19.5349],[-72.4183,19.5367],[-72.4179,19.5387],[-72.4188,19.5404],[-72.4184,19.5428],[-72.4192,19.5459],[-72.4181,19.5477],[-72.4174,19.5494],[-72.4211,19.5528],[-72.4224,19.5544],[-72.4232,19.5557],[-72.4238,19.5571],[-72.4253,19.5599],[-72.4241,19.5614],[-72.4235,19.5633],[-72.4245,19.5674],[-72.4252,19.5691],[-72.427,19.5704],[-72.4278,19.5725],[-72.4295,19.5742],[-72.4309,19.5753],[-72.4334,19.5768],[-72.4344,19.5779],[-72.4361,19.5799],[-72.4376,19.5811],[-72.4385,19.5825],[-72.4397,19.5858],[-72.4415,19.5854],[-72.4437,19.5856],[-72.4454,19.5877],[-72.4472,19.5903],[-72.4442,19.5926],[-72.4446,19.5945],[-72.4451,19.596],[-72.4457,19.5979],[-72.4467,19.6006],[-72.4456,19.602],[-72.4473,19.603],[-72.4487,19.6041],[-72.4502,19.6055],[-72.4515,19.6071],[-72.4538,19.6085],[-72.4552,19.6094],[-72.456,19.6117],[-72.4554,19.6134],[-72.4541,19.6146],[-72.4531,19.6175],[-72.4535,19.6204],[-72.4539,19.6224],[-72.4553,19.6236],[-72.4563,19.6267],[-72.4572,19.6278],[-72.4566,19.6302],[-72.4566,19.6325],[-72.4557,19.6344],[-72.4559,19.6378],[-72.457,19.6388],[-72.4577,19.6417],[-72.4589,19.6434],[-72.46,19.6456],[-72.4626,19.647],[-72.4631,19.6506],[-72.4617,19.6531],[-72.4618,19.6558],[-72.463,19.658],[-72.4628,19.6604],[-72.4621,19.6622],[-72.4635,19.6655],[-72.4638,19.6676],[-72.4638,19.6715],[-72.4618,19.6726],[-72.4611,19.6741],[-72.4601,19.6757],[-72.4591,19.6769],[-72.4575,19.678],[-72.4569,19.6798],[-72.4534,19.682],[-72.4516,19.6828],[-72.4491,19.6842],[-72.4468,19.6851],[-72.4466,19.6874],[-72.4462,19.6891],[-72.4462,19.6918],[-72.4457,19.6943],[-72.4464,19.6966],[-72.4469,19.6994],[-72.4468,19.7019],[-72.4438,19.7023],[-72.4423,19.7034],[-72.4385,19.7071],[-72.4364,19.7084],[-72.4345,19.7089],[-72.4342,19.7108],[-72.4353,19.7122],[-72.4334,19.7139],[-72.4324,19.7162],[-72.4315,19.7176],[-72.4291,19.7198],[-72.4275,19.7218],[-72.4287,19.723],[-72.4308,19.7245],[-72.4302,19.726],[-72.4302,19.7283],[-72.429,19.7302],[-72.4276,19.7318],[-72.425,19.7325],[-72.4234,19.7337],[-72.4242,19.7368],[-72.4238,19.7393],[-72.4238,19.7419],[-72.424,19.7441],[-72.4241,19.747],[-72.4228,19.7495],[-72.4217,19.7521],[-72.4207,19.7533],[-72.4195,19.756],[-72.419,19.7593],[-72.4186,19.761],[-72.4193,19.7627],[-72.4185,19.764],[-72.4182,19.7659],[-72.4168,19.7676],[-72.4164,19.7697],[-72.4136,19.7728],[-72.4132,19.7752],[-72.4139,19.7772],[-72.4153,19.7804],[-72.4161,19.7818],[-72.4175,19.7855],[-72.4179,19.7872],[-72.4184,19.7888],[-72.4202,19.7932],[-72.4209,19.7977],[-72.4208,19.8008],[-72.4207,19.8037],[-72.4196,19.805],[-72.4193,19.807],[-72.4181,19.8089],[-72.4163,19.8085],[-72.4149,19.8078],[-72.4136,19.8071],[-72.4121,19.8065],[-72.4106,19.8058],[-72.4091,19.8053],[-72.4073,19.8048],[-72.4053,19.8045],[-72.4034,19.8043],[-72.4013,19.8041],[-72.3993,19.8042],[-72.3974,19.8044],[-72.3951,19.8048],[-72.3933,19.8053],[-72.3915,19.806],[-72.3899,19.8055],[-72.3894,19.807],[-72.3885,19.8085],[-72.3872,19.8097],[-72.3869,19.8114],[-72.387,19.8134],[-72.3882,19.8144],[-72.3886,19.8162],[-72.3871,19.8169],[-72.3859,19.8159],[-72.3842,19.8163],[-72.3823,19.8162],[-72.381,19.8154],[-72.3816,19.814],[-72.3812,19.8123],[-72.3817,19.8106],[-72.3822,19.8091],[-72.3822,19.807],[-72.3815,19.8054],[-72.3807,19.804],[-72.3799,19.8027],[-72.3782,19.8006],[-72.3771,19.7996],[-72.3762,19.7985],[-72.3751,19.7974],[-72.374,19.7963],[-72.3726,19.7952],[-72.3714,19.7941],[-72.37,19.7933],[-72.3686,19.7925],[-72.3673,19.7916],[-72.3659,19.791],[-72.3645,19.7905]]]]},"properties":{"nom":"Limbé","code":"05","zone":"NORD"}},{"type":"Feature","geometry":{"type":"MultiPolygon","coordinates":[[[[-72.1909,19.7412],[-72.1892,19.7381],[-72.1853,19.7323],[-72.1836,19.7299],[-72.1826,19.7284],[-72.1818,19.7271],[-72.1818,19.7206],[-72.1816,19.7187],[-72.1815,19.7165],[-72.1812,19.7142],[-72.1811,19.7119],[-72.181,19.7092],[-72.181,19.7069],[-72.1809,19.7039],[-72.1808,19.7016],[-72.1807,19.6993],[-72.1806,19.6969],[-72.1806,19.694],[-72.1804,19.6912],[-72.1803,19.6889],[-72.1803,19.6868],[-72.1802,19.6849],[-72.1804,19.683],[-72.1809,19.6811],[-72.1821,19.6796],[-72.183,19.6783],[-72.1842,19.6763],[-72.1861,19.6736],[-72.1878,19.6704],[-72.1889,19.669],[-72.1901,19.6674],[-72.1901,19.6651],[-72.1896,19.6636],[-72.1894,19.6608],[-72.1868,19.6609],[-72.185,19.6605],[-72.1834,19.6586],[-72.1832,19.6568],[-72.1821,19.6552],[-72.1819,19.6528],[-72.1816,19.6504],[-72.1815,19.647],[-72.1821,19.6455],[-72.1821,19.6431],[-72.1827,19.6393],[-72.1835,19.6377],[-72.1841,19.6363],[-72.1855,19.6375],[-72.1862,19.6391],[-72.1879,19.6385],[-72.1893,19.6379],[-72.1905,19.6367],[-72.1927,19.6343],[-72.1944,19.6319],[-72.1961,19.6291],[-72.197,19.628],[-72.1967,19.6262],[-72.196,19.6239],[-72.1949,19.6225],[-72.1942,19.6211],[-72.1955,19.6184],[-72.1976,19.6161],[-72.1985,19.615],[-72.2002,19.6135],[-72.2006,19.6115],[-72.2023,19.6085],[-72.2035,19.6075],[-72.2052,19.607],[-72.2076,19.605],[-72.2088,19.6039],[-72.2105,19.6026],[-72.2104,19.6006],[-72.2089,19.5977],[-72.207,19.596],[-72.2088,19.5941],[-72.2101,19.5933],[-72.2126,19.5919],[-72.2148,19.5907],[-72.2192,19.5878],[-72.2201,19.5866],[-72.2219,19.5853],[-72.2232,19.5838],[-72.2247,19.5827],[-72.2273,19.5843],[-72.2289,19.5852],[-72.2305,19.5839],[-72.234,19.5823],[-72.2355,19.5832],[-72.2375,19.5818],[-72.2387,19.5797],[-72.2405,19.5762],[-72.243,19.5736],[-72.2438,19.5721],[-72.2462,19.5717],[-72.2493,19.5707],[-72.2513,19.5713],[-72.2536,19.5716],[-72.2563,19.5728],[-72.2582,19.5726],[-72.2596,19.5736],[-72.2603,19.5751],[-72.2618,19.576],[-72.2633,19.5766],[-72.266,19.5774],[-72.268,19.5783],[-72.2697,19.5789],[-72.2742,19.5791],[-72.2759,19.5806],[-72.279,19.5824],[-72.2801,19.5813],[-72.2817,19.5787],[-72.2822,19.5753],[-72.2829,19.5736],[-72.2849,19.5738],[-72.2854,19.5704],[-72.2871,19.5713],[-72.2886,19.5707],[-72.2903,19.5689],[-72.2938,19.5664],[-72.2958,19.5666],[-72.2982,19.5667],[-72.3008,19.5676],[-72.3016,19.5691],[-72.3026,19.5711],[-72.3038,19.572],[-72.3051,19.5732],[-72.3059,19.5754],[-72.3077,19.5776],[-72.3082,19.5793],[-72.3089,19.5821],[-72.3091,19.5846],[-72.3102,19.5868],[-72.3112,19.5886],[-72.3118,19.5901],[-72.3107,19.5932],[-72.3114,19.5954],[-72.3109,19.597],[-72.3118,19.6001],[-72.3109,19.6018],[-72.3105,19.6037],[-72.3113,19.605],[-72.3114,19.6082],[-72.3126,19.6107],[-72.3122,19.613],[-72.3139,19.6141],[-72.3163,19.614],[-72.3219,19.6144],[-72.3229,19.6155],[-72.3258,19.6173],[-72.3262,19.6205],[-72.3255,19.6221],[-72.3276,19.6221],[-72.3297,19.6225],[-72.3302,19.6246],[-72.3312,19.6264],[-72.3316,19.6285],[-72.3336,19.6289],[-72.3349,19.6305],[-72.3361,19.6325],[-72.3352,19.6339],[-72.3351,19.636],[-72.3352,19.6385],[-72.3342,19.6403],[-72.3324,19.6421],[-72.3301,19.6426],[-72.3288,19.6439],[-72.327,19.6446],[-72.325,19.6467],[-72.3244,19.6485],[-72.3241,19.6506],[-72.3237,19.6525],[-72.324,19.6556],[-72.3251,19.6579],[-72.3253,19.6617],[-72.3264,19.6633],[-72.3272,19.6647],[-72.3291,19.6675],[-72.3321,19.6695],[-72.3317,19.6718],[-72.3333,19.6738],[-72.3352,19.6745],[-72.3379,19.6746],[-72.3394,19.6756],[-72.3402,19.6777],[-72.3415,19.6787],[-72.3423,19.6811],[-72.3402,19.6847],[-72.3397,19.6865],[-72.339,19.6887],[-72.3413,19.6907],[-72.3426,19.6921],[-72.3448,19.6944],[-72.3461,19.6966],[-72.3472,19.6985],[-72.349,19.7006],[-72.3513,19.7022],[-72.3523,19.7039],[-72.3531,19.7087],[-72.3536,19.7102],[-72.3549,19.7113],[-72.3579,19.7122],[-72.3605,19.7141],[-72.363,19.7163],[-72.3647,19.7186],[-72.3664,19.7194],[-72.3698,19.7228],[-72.3698,19.7258],[-72.37,19.7277],[-72.3695,19.7298],[-72.3703,19.7317],[-72.3705,19.7339],[-72.3705,19.7371],[-72.3693,19.739],[-72.3709,19.7428],[-72.3724,19.7442],[-72.3717,19.7456],[-72.3714,19.7483],[-72.3703,19.7506],[-72.3694,19.752],[-72.3685,19.7531],[-72.3674,19.7561],[-72.3644,19.7622],[-72.3613,19.7689],[-72.3594,19.7748],[-72.3595,19.7774],[-72.3605,19.7799],[-72.3634,19.7863],[-72.3645,19.7905],[-72.3631,19.7899],[-72.3618,19.789],[-72.3603,19.7883],[-72.3586,19.7876],[-72.3573,19.7867],[-72.3561,19.7858],[-72.3558,19.7839],[-72.3543,19.7828],[-72.3531,19.7815],[-72.3522,19.7804],[-72.3505,19.7791],[-72.3493,19.7782],[-72.3478,19.7775],[-72.3464,19.7769],[-72.3446,19.7763],[-72.3432,19.7756],[-72.342,19.7746],[-72.3411,19.7734],[-72.34,19.7723],[-72.3387,19.7715],[-72.3382,19.7698],[-72.3377,19.7682],[-72.3369,19.7669],[-72.3371,19.7651],[-72.3367,19.7635],[-72.3364,19.7616],[-72.3362,19.7596],[-72.3359,19.7579],[-72.335,19.7568],[-72.3341,19.7555],[-72.3335,19.7539],[-72.3323,19.753],[-72.3309,19.7521],[-72.3295,19.7514],[-72.3282,19.7507],[-72.3272,19.7495],[-72.3267,19.748],[-72.3262,19.7465],[-72.3265,19.7447],[-72.3282,19.7444],[-72.3282,19.7465],[-72.3283,19.7485],[-72.3294,19.7495],[-72.3313,19.7491],[-72.3325,19.7482],[-72.3327,19.7464],[-72.3316,19.7452],[-72.3303,19.7445],[-72.3306,19.7428],[-72.3318,19.7438],[-72.3331,19.7446],[-72.3343,19.7455],[-72.3352,19.7469],[-72.3361,19.748],[-72.3369,19.7496],[-72.3375,19.751],[-72.3384,19.7522],[-72.3403,19.7521],[-72.3416,19.7513],[-72.3422,19.7498],[-72.3424,19.7479],[-72.3426,19.7461],[-72.3417,19.7449],[-72.3412,19.7432],[-72.3403,19.7421],[-72.3397,19.7407],[-72.3399,19.7389],[-72.339,19.7377],[-72.3381,19.7366],[-72.3383,19.7348],[-72.3382,19.7328],[-72.3373,19.7316],[-72.337,19.7296],[-72.3373,19.7278],[-72.3374,19.7258],[-72.3375,19.7239],[-72.3372,19.7221],[-72.3359,19.7213],[-72.3346,19.7205],[-72.3339,19.719],[-72.3337,19.717],[-72.3331,19.7155],[-72.3324,19.7141],[-72.331,19.7134],[-72.3292,19.713],[-72.3278,19.7124],[-72.3268,19.7113],[-72.3253,19.7107],[-72.3243,19.7097],[-72.3234,19.7085],[-72.3214,19.7085],[-72.32,19.7079],[-72.3188,19.7068],[-72.3168,19.7069],[-72.315,19.7073],[-72.3135,19.7079],[-72.3122,19.7086],[-72.3109,19.7095],[-72.3102,19.7109],[-72.3112,19.712],[-72.3117,19.7135],[-72.3122,19.715],[-72.3125,19.7168],[-72.3121,19.7187],[-72.3109,19.7196],[-72.3106,19.7213],[-72.3112,19.7227],[-72.3117,19.7243],[-72.3123,19.7258],[-72.3126,19.7275],[-72.313,19.7293],[-72.3121,19.7306],[-72.3122,19.7325],[-72.3127,19.734],[-72.3137,19.7351],[-72.3132,19.7366],[-72.3117,19.7374],[-72.3104,19.7367],[-72.3086,19.7371],[-72.3081,19.7387],[-72.3089,19.74],[-72.3099,19.7411],[-72.3096,19.7429],[-72.3109,19.7438],[-72.3122,19.7431],[-72.3142,19.7429],[-72.3157,19.7434],[-72.3179,19.7434],[-72.319,19.7444],[-72.3197,19.7458],[-72.3194,19.7476],[-72.3185,19.7487],[-72.3169,19.7492],[-72.3156,19.7483],[-72.3141,19.7488],[-72.3132,19.7476],[-72.3114,19.748],[-72.3112,19.7501],[-72.3121,19.7513],[-72.3125,19.7531],[-72.3132,19.7546],[-72.3134,19.7565],[-72.3139,19.7582],[-72.3143,19.7599],[-72.3153,19.761],[-72.3163,19.7621],[-72.3171,19.7634],[-72.3177,19.7648],[-72.3183,19.7663],[-72.3195,19.7671],[-72.3193,19.7689],[-72.3184,19.77],[-72.3166,19.7702],[-72.3148,19.7697],[-72.3143,19.7682],[-72.3141,19.7663],[-72.3134,19.7649],[-72.3115,19.7648],[-72.3106,19.7637],[-72.3093,19.7629],[-72.3073,19.7628],[-72.3063,19.7617],[-72.3046,19.7621],[-72.3036,19.761],[-72.3017,19.7611],[-72.3004,19.7619],[-72.2989,19.7626],[-72.2971,19.7629],[-72.2963,19.7642],[-72.2952,19.7652],[-72.2934,19.7656],[-72.2919,19.7651],[-72.2902,19.7647],[-72.2888,19.7641],[-72.2873,19.7647],[-72.2867,19.7661],[-72.2858,19.7673],[-72.2849,19.7684],[-72.2838,19.7674],[-72.2828,19.7664],[-72.2812,19.7658],[-72.2792,19.7657],[-72.2774,19.7652],[-72.2763,19.7642],[-72.2751,19.763],[-72.2735,19.7636],[-72.2718,19.7641],[-72.2714,19.7624],[-72.2701,19.7615],[-72.2687,19.7622],[-72.2675,19.7631],[-72.2661,19.7637],[-72.2646,19.7631],[-72.2629,19.7628],[-72.2619,19.7618],[-72.261,19.7607],[-72.2597,19.7599],[-72.2581,19.7604],[-72.2584,19.7622],[-72.2586,19.764],[-72.2584,19.7658],[-72.2585,19.7679],[-72.2588,19.7697],[-72.2591,19.7714],[-72.2599,19.7727],[-72.2597,19.7746],[-72.2588,19.7758],[-72.2574,19.7765],[-72.2557,19.7761],[-72.2537,19.7761],[-72.2518,19.7759],[-72.2505,19.7751],[-72.249,19.7745],[-72.2478,19.7736],[-72.2464,19.7728],[-72.2442,19.773],[-72.2432,19.774],[-72.2432,19.7761],[-72.2441,19.7774],[-72.2449,19.7787],[-72.2459,19.7797],[-72.2453,19.7811],[-72.2442,19.7821],[-72.2427,19.7826],[-72.243,19.7844],[-72.2442,19.7852],[-72.2459,19.7856],[-72.2476,19.786],[-72.2481,19.7876],[-72.2472,19.7889],[-72.2465,19.7874],[-72.2447,19.7869],[-72.2428,19.7865],[-72.2414,19.7871],[-72.2409,19.7887],[-72.2391,19.7885],[-72.2371,19.7877],[-72.2357,19.787],[-72.2341,19.7865],[-72.2331,19.7855],[-72.2319,19.7846],[-72.2308,19.7835],[-72.2291,19.7831],[-72.2273,19.7828],[-72.2255,19.7831],[-72.2239,19.7838],[-72.2228,19.7848],[-72.2209,19.7849],[-72.2187,19.7849],[-72.217,19.7845],[-72.2154,19.7839],[-72.214,19.7845],[-72.2132,19.7858],[-72.2113,19.7857],[-72.2092,19.7855],[-72.207,19.7854],[-72.2056,19.7846],[-72.2038,19.7848],[-72.2028,19.7858],[-72.2018,19.787],[-72.2006,19.7879],[-72.1989,19.7883],[-72.1973,19.7877],[-72.1957,19.7871],[-72.1938,19.787],[-72.1923,19.7861],[-72.191,19.7852],[-72.1898,19.7842],[-72.189,19.783],[-72.1897,19.7814],[-72.191,19.7805],[-72.1914,19.7784],[-72.191,19.7766],[-72.1908,19.7748],[-72.1918,19.7734],[-72.1924,19.772],[-72.1935,19.7707],[-72.1937,19.7689],[-72.1942,19.7671],[-72.195,19.7655],[-72.1955,19.7639],[-72.1955,19.7617],[-72.1948,19.7602],[-72.1939,19.7589],[-72.1958,19.7586],[-72.1976,19.759],[-72.1987,19.758],[-72.1972,19.7575],[-72.1983,19.7566],[-72.2001,19.7563],[-72.2012,19.7552],[-72.201,19.7534],[-72.2017,19.7521],[-72.2022,19.7506],[-72.2018,19.7483],[-72.2012,19.7468],[-72.2001,19.7457],[-72.1989,19.7447],[-72.1975,19.744],[-72.1965,19.743],[-72.1949,19.7423],[-72.1933,19.7418],[-72.1916,19.7414],[-72.1909,19.7412]]]]},"properties":{"nom":"Cap Haîtien","code":"06","zone":"NORD"}},{"type":"Feature","geometry":{"type":"MultiPolygon","coordinates":[[[[-72.1106,19.7296],[-72.109,19.7269],[-72.1093,19.725],[-72.1102,19.7223],[-72.1105,19.7205],[-72.1103,19.7186],[-72.1102,19.7166],[-72.1115,19.7127],[-72.1105,19.711],[-72.1082,19.7115],[-72.1076,19.7096],[-72.1091,19.7087],[-72.1075,19.708],[-72.1074,19.7061],[-72.1084,19.7047],[-72.1072,19.7035],[-72.1097,19.7034],[-72.1112,19.7021],[-72.1121,19.7002],[-72.1139,19.6994],[-72.1146,19.6976],[-72.1116,19.6962],[-72.1099,19.6951],[-72.1086,19.6936],[-72.1097,19.6919],[-72.1088,19.6902],[-72.1082,19.688],[-72.1118,19.6859],[-72.1132,19.684],[-72.1129,19.6813],[-72.1107,19.6814],[-72.1124,19.6794],[-72.1108,19.6784],[-72.1119,19.676],[-72.1109,19.6748],[-72.11,19.6735],[-72.1114,19.6722],[-72.1125,19.6709],[-72.1125,19.6683],[-72.1115,19.6672],[-72.1101,19.6665],[-72.1083,19.6649],[-72.1072,19.6636],[-72.1071,19.6617],[-72.1054,19.6601],[-72.106,19.6586],[-72.1062,19.6567],[-72.1067,19.6551],[-72.105,19.6537],[-72.1012,19.6545],[-72.0988,19.6527],[-72.0968,19.6518],[-72.0959,19.6502],[-72.0969,19.6474],[-72.1001,19.6462],[-72.1009,19.644],[-72.1034,19.6422],[-72.103,19.6396],[-72.1052,19.638],[-72.1045,19.6362],[-72.1055,19.6351],[-72.104,19.6328],[-72.1018,19.6299],[-72.0995,19.6296],[-72.0963,19.6274],[-72.0946,19.6267],[-72.0936,19.6256],[-72.0931,19.6228],[-72.0924,19.6203],[-72.0911,19.6179],[-72.0897,19.6147],[-72.0886,19.6129],[-72.0884,19.6107],[-72.0872,19.6089],[-72.0867,19.6073],[-72.0861,19.6051],[-72.0854,19.6023],[-72.0851,19.6],[-72.0834,19.5982],[-72.082,19.5972],[-72.0805,19.5963],[-72.0787,19.5949],[-72.0767,19.5946],[-72.0716,19.595],[-72.0703,19.5926],[-72.0693,19.5899],[-72.0682,19.5889],[-72.066,19.5863],[-72.0646,19.5835],[-72.0638,19.5818],[-72.0632,19.5804],[-72.0625,19.5781],[-72.0598,19.5775],[-72.0585,19.5761],[-72.0571,19.5743],[-72.0559,19.5735],[-72.055,19.5722],[-72.0536,19.5716],[-72.0524,19.5699],[-72.0511,19.5691],[-72.0503,19.5677],[-72.051,19.5646],[-72.0503,19.5626],[-72.0497,19.5611],[-72.0493,19.5593],[-72.0489,19.5574],[-72.0479,19.5562],[-72.0463,19.5543],[-72.0455,19.5498],[-72.0445,19.5475],[-72.0405,19.544],[-72.0389,19.5435],[-72.0369,19.5423],[-72.0358,19.5414],[-72.0342,19.5404],[-72.0332,19.5388],[-72.0342,19.5376],[-72.0352,19.5364],[-72.0345,19.5344],[-72.0321,19.534],[-72.0312,19.5327],[-72.0308,19.5297],[-72.0298,19.5276],[-72.0277,19.5274],[-72.0247,19.5284],[-72.0231,19.5272],[-72.0217,19.5262],[-72.0207,19.5275],[-72.0183,19.527],[-72.0161,19.5273],[-72.0127,19.5267],[-72.0113,19.5256],[-72.0076,19.5246],[-72.0049,19.5245],[-72.0022,19.5249],[-71.999,19.5258],[-71.9973,19.5248],[-71.9954,19.5238],[-71.9935,19.5225],[-71.9918,19.52],[-71.9902,19.5193],[-71.9884,19.5172],[-71.9854,19.5166],[-71.9838,19.5154],[-71.9809,19.5142],[-71.9798,19.5129],[-71.9785,19.5121],[-71.9774,19.5108],[-71.9765,19.5095],[-71.975,19.509],[-71.9727,19.5086],[-71.972,19.5072],[-71.9701,19.5063],[-71.9683,19.5054],[-71.9664,19.5059],[-71.9642,19.505],[-71.9628,19.5036],[-71.9608,19.5013],[-71.9578,19.5003],[-71.9537,19.4986],[-71.9521,19.4976],[-71.9507,19.496],[-71.9485,19.4942],[-71.9478,19.4924],[-71.9468,19.491],[-71.9458,19.4891],[-71.9448,19.4877],[-71.9438,19.4867],[-71.9416,19.4842],[-71.9409,19.4824],[-71.9392,19.4812],[-71.9382,19.4801],[-71.9371,19.4791],[-71.9354,19.4771],[-71.934,19.4759],[-71.9349,19.4733],[-71.9323,19.4736],[-71.9309,19.473],[-71.9294,19.4723],[-71.9282,19.4706],[-71.926,19.4701],[-71.923,19.4688],[-71.9219,19.4675],[-71.9204,19.4669],[-71.9184,19.4658],[-71.9174,19.4641],[-71.9138,19.4621],[-71.9112,19.4619],[-71.9093,19.4611],[-71.9068,19.4602],[-71.9048,19.4608],[-71.9018,19.4604],[-71.8998,19.4597],[-71.8961,19.4603],[-71.8942,19.4611],[-71.8929,19.4621],[-71.8907,19.4605],[-71.8874,19.4594],[-71.8857,19.4585],[-71.8846,19.4575],[-71.8828,19.455],[-71.8816,19.4531],[-71.8799,19.4523],[-71.8786,19.4509],[-71.8772,19.4496],[-71.8759,19.4487],[-71.8739,19.4477],[-71.8746,19.4461],[-71.8746,19.4437],[-71.875,19.4414],[-71.875,19.4389],[-71.8734,19.4376],[-71.8717,19.4356],[-71.8713,19.4334],[-71.87,19.4319],[-71.8706,19.4288],[-71.8712,19.4269],[-71.8721,19.4251],[-71.8737,19.4237],[-71.8745,19.4223],[-71.874,19.4194],[-71.8748,19.4176],[-71.8765,19.4164],[-71.8775,19.4133],[-71.8789,19.412],[-71.8784,19.4087],[-71.877,19.4071],[-71.8767,19.4048],[-71.8759,19.4033],[-71.8749,19.401],[-71.8729,19.3994],[-71.8715,19.3978],[-71.8724,19.3964],[-71.8734,19.395],[-71.875,19.3938],[-71.8761,19.3927],[-71.8773,19.3914],[-71.8776,19.3893],[-71.8786,19.3875],[-71.881,19.3882],[-71.8822,19.3899],[-71.8836,19.3931],[-71.8855,19.3935],[-71.8857,19.3955],[-71.8869,19.3964],[-71.8891,19.3971],[-71.8913,19.3985],[-71.8933,19.3992],[-71.8959,19.3986],[-71.8987,19.3979],[-71.9016,19.3977],[-71.9042,19.3977],[-71.9069,19.3987],[-71.9101,19.3982],[-71.9119,19.3995],[-71.914,19.4008],[-71.9143,19.4031],[-71.9159,19.4043],[-71.9172,19.4056],[-71.9185,19.4075],[-71.9191,19.409],[-71.9204,19.4097],[-71.9235,19.4118],[-71.9241,19.4137],[-71.9258,19.4141],[-71.9295,19.4152],[-71.9308,19.4159],[-71.932,19.4174],[-71.9333,19.4159],[-71.9337,19.4142],[-71.9357,19.4147],[-71.9377,19.414],[-71.9395,19.4143],[-71.9422,19.4158],[-71.9446,19.4167],[-71.9452,19.4182],[-71.9465,19.4193],[-71.9483,19.4206],[-71.9495,19.4195],[-71.9513,19.418],[-71.953,19.4186],[-71.9553,19.4191],[-71.9575,19.4203],[-71.9595,19.42],[-71.9614,19.4191],[-71.9656,19.4208],[-71.9677,19.4217],[-71.9699,19.4212],[-71.9704,19.4185],[-71.969,19.4171],[-71.97,19.4142],[-71.9685,19.4123],[-71.968,19.4096],[-71.9679,19.4071],[-71.9672,19.4054],[-71.968,19.4035],[-71.9679,19.4015],[-71.9694,19.4005],[-71.9704,19.399],[-71.9711,19.3974],[-71.972,19.3956],[-71.9736,19.3952],[-71.9753,19.3946],[-71.9781,19.3946],[-71.9802,19.3947],[-71.9822,19.3935],[-71.9832,19.3921],[-71.9856,19.3912],[-71.9882,19.3919],[-71.9904,19.3911],[-71.9921,19.3923],[-71.9937,19.3918],[-71.9948,19.3902],[-71.997,19.3882],[-71.9983,19.3861],[-72.0009,19.3877],[-72.0023,19.3894],[-72.0037,19.3905],[-72.0051,19.3915],[-72.007,19.3913],[-72.01,19.3911],[-72.0112,19.3898],[-72.0152,19.3898],[-72.0166,19.3889],[-72.0198,19.3873],[-72.0202,19.3846],[-72.0216,19.3836],[-72.026,19.3809],[-72.0275,19.3801],[-72.0307,19.3804],[-72.0336,19.3815],[-72.0331,19.3793],[-72.0339,19.3776],[-72.0357,19.3748],[-72.0349,19.3734],[-72.0382,19.3724],[-72.04,19.3712],[-72.0412,19.37],[-72.0438,19.3686],[-72.0442,19.3669],[-72.0457,19.3659],[-72.0479,19.3664],[-72.0488,19.3644],[-72.0511,19.3637],[-72.0534,19.3652],[-72.0548,19.3639],[-72.0578,19.3637],[-72.0595,19.3634],[-72.0599,19.3611],[-72.0616,19.3593],[-72.063,19.3586],[-72.0651,19.3585],[-72.0684,19.3595],[-72.0697,19.3609],[-72.0721,19.3612],[-72.0749,19.3604],[-72.0766,19.3619],[-72.0784,19.3627],[-72.0837,19.3629],[-72.0857,19.3622],[-72.0875,19.3638],[-72.0886,19.3648],[-72.0902,19.3661],[-72.0918,19.3672],[-72.0934,19.3683],[-72.0952,19.3694],[-72.0969,19.3705],[-72.0984,19.3713],[-72.1014,19.3717],[-72.1046,19.372],[-72.1066,19.3725],[-72.1085,19.3723],[-72.1108,19.3732],[-72.1131,19.3747],[-72.1149,19.3759],[-72.1136,19.3784],[-72.1152,19.3802],[-72.1177,19.3814],[-72.1192,19.382],[-72.1226,19.3828],[-72.1247,19.3834],[-72.1298,19.3831],[-72.1307,19.3853],[-72.132,19.3873],[-72.1317,19.3906],[-72.1323,19.3932],[-72.1337,19.3968],[-72.1341,19.3986],[-72.1338,19.4021],[-72.1339,19.4043],[-72.133,19.4066],[-72.1321,19.4092],[-72.1317,19.4111],[-72.1318,19.4133],[-72.1332,19.419],[-72.1345,19.422],[-72.1362,19.4247],[-72.1373,19.4261],[-72.1376,19.4289],[-72.1385,19.4306],[-72.1399,19.4312],[-72.1414,19.4317],[-72.1433,19.4325],[-72.145,19.4347],[-72.1461,19.4361],[-72.1472,19.4377],[-72.1489,19.4397],[-72.1496,19.4432],[-72.1507,19.4453],[-72.1512,19.4474],[-72.1531,19.4485],[-72.1548,19.4511],[-72.1559,19.4523],[-72.156,19.4557],[-72.158,19.4569],[-72.1585,19.4586],[-72.1593,19.46],[-72.1605,19.4616],[-72.1593,19.4635],[-72.1621,19.4654],[-72.1637,19.4677],[-72.1646,19.469],[-72.1658,19.4727],[-72.1671,19.4742],[-72.1673,19.4761],[-72.169,19.478],[-72.1712,19.4808],[-72.1729,19.4824],[-72.1755,19.4845],[-72.1778,19.4864],[-72.1801,19.4907],[-72.1818,19.4927],[-72.1832,19.4947],[-72.1849,19.4952],[-72.1885,19.4951],[-72.1913,19.4943],[-72.1941,19.4952],[-72.1951,19.4969],[-72.1977,19.4987],[-72.1988,19.5003],[-72.201,19.5009],[-72.2036,19.5032],[-72.2053,19.5062],[-72.2067,19.5076],[-72.2078,19.5087],[-72.2089,19.5101],[-72.2122,19.5128],[-72.2119,19.5157],[-72.2133,19.5169],[-72.2146,19.5184],[-72.2149,19.5202],[-72.2143,19.5216],[-72.2158,19.5239],[-72.2169,19.5257],[-72.2159,19.5285],[-72.2165,19.53],[-72.2186,19.5317],[-72.2192,19.5333],[-72.2196,19.5362],[-72.2181,19.5373],[-72.2169,19.5388],[-72.2174,19.5407],[-72.2168,19.5427],[-72.2169,19.5455],[-72.2164,19.5475],[-72.2161,19.551],[-72.2145,19.5548],[-72.2146,19.5576],[-72.2147,19.5601],[-72.2144,19.5625],[-72.2146,19.5645],[-72.2162,19.5654],[-72.2181,19.5662],[-72.2186,19.568],[-72.2192,19.5696],[-72.2204,19.5705],[-72.2216,19.5721],[-72.2208,19.5738],[-72.2203,19.5763],[-72.2208,19.5784],[-72.223,19.5805],[-72.2255,19.5815],[-72.2233,19.5835],[-72.2219,19.5853],[-72.2201,19.5866],[-72.2192,19.5878],[-72.2154,19.5899],[-72.2137,19.5912],[-72.2108,19.5922],[-72.2088,19.5941],[-72.2071,19.595],[-72.2089,19.5977],[-72.21,19.5998],[-72.2109,19.6016],[-72.2098,19.6033],[-72.2081,19.6046],[-72.206,19.6066],[-72.2035,19.6075],[-72.2023,19.6085],[-72.2008,19.6104],[-72.2006,19.6123],[-72.1989,19.6141],[-72.1979,19.6152],[-72.1964,19.6174],[-72.195,19.6201],[-72.1946,19.6219],[-72.1952,19.6235],[-72.1964,19.6252],[-72.197,19.628],[-72.1961,19.6291],[-72.1951,19.6306],[-72.1935,19.6333],[-72.1916,19.6358],[-72.1893,19.6379],[-72.1879,19.6385],[-72.1862,19.6391],[-72.1855,19.6375],[-72.1848,19.6361],[-72.1838,19.6372],[-72.1827,19.6393],[-72.1822,19.6414],[-72.182,19.6439],[-72.1815,19.647],[-72.1814,19.6492],[-72.1819,19.6528],[-72.1828,19.654],[-72.1838,19.6559],[-72.1826,19.658],[-72.1841,19.6597],[-72.1857,19.6613],[-72.1885,19.6607],[-72.1897,19.662],[-72.1901,19.6651],[-72.1901,19.6674],[-72.1889,19.669],[-72.1878,19.6704],[-72.1868,19.6724],[-72.185,19.6753],[-72.183,19.6783],[-72.1821,19.6796],[-72.1809,19.6811],[-72.1804,19.683],[-72.1802,19.6849],[-72.1803,19.6868],[-72.1803,19.6889],[-72.1804,19.6912],[-72.1806,19.694],[-72.1806,19.6969],[-72.1807,19.6993],[-72.1808,19.7016],[-72.1809,19.7039],[-72.181,19.7069],[-72.181,19.7092],[-72.1811,19.7119],[-72.1812,19.7142],[-72.1815,19.7165],[-72.1816,19.7187],[-72.1818,19.7206],[-72.1817,19.7259],[-72.1826,19.7284],[-72.1836,19.7299],[-72.1853,19.7323],[-72.1892,19.7381],[-72.1909,19.7412],[-72.1895,19.7404],[-72.1886,19.7416],[-72.1867,19.7418],[-72.1848,19.7416],[-72.183,19.742],[-72.1811,19.7417],[-72.1796,19.7422],[-72.1775,19.7421],[-72.1761,19.7414],[-72.1741,19.7414],[-72.1729,19.7423],[-72.1732,19.7441],[-72.1742,19.7452],[-72.1737,19.7467],[-72.1725,19.7476],[-72.1709,19.7471],[-72.1698,19.7461],[-72.1684,19.7468],[-72.1667,19.7464],[-72.165,19.7461],[-72.1639,19.7471],[-72.1624,19.7477],[-72.1607,19.7473],[-72.1592,19.7468],[-72.1578,19.7462],[-72.1561,19.7459],[-72.154,19.7459],[-72.1526,19.7452],[-72.1514,19.7444],[-72.1501,19.7435],[-72.1481,19.7433],[-72.1464,19.7429],[-72.1457,19.7443],[-72.1444,19.745],[-72.1433,19.7461],[-72.1449,19.7456],[-72.1453,19.7475],[-72.1448,19.7491],[-72.1465,19.7495],[-72.1474,19.7507],[-72.1489,19.7514],[-72.15,19.7523],[-72.1515,19.7529],[-72.1518,19.7547],[-72.1526,19.7559],[-72.1542,19.7554],[-72.1547,19.7569],[-72.1534,19.7579],[-72.1516,19.7575],[-72.1499,19.7568],[-72.1483,19.7562],[-72.1466,19.7558],[-72.1446,19.7559],[-72.1428,19.7561],[-72.1412,19.7555],[-72.1397,19.7549],[-72.1379,19.7545],[-72.1359,19.7544],[-72.1342,19.754],[-72.133,19.7531],[-72.1313,19.7527],[-72.1295,19.7523],[-72.1285,19.7512],[-72.1271,19.7505],[-72.1267,19.7484],[-72.1271,19.7465],[-72.1267,19.7444],[-72.1262,19.7429],[-72.1247,19.7402],[-72.1238,19.7388],[-72.1226,19.7372],[-72.1214,19.7361],[-72.1204,19.7349],[-72.1192,19.7336],[-72.118,19.7326],[-72.1168,19.7317],[-72.1152,19.7307],[-72.1137,19.7301],[-72.1117,19.7298],[-72.1106,19.7296]]]]},"properties":{"nom":"Grande Rivière du Nord","code":"07","zone":"NORD"}},{"type":"Feature","geometry":{"type":"MultiPolygon","coordinates":[[[[-72.8638,19.9344],[-72.863,19.9318],[-72.8613,19.9306],[-72.8597,19.9289],[-72.859,19.9276],[-72.8608,19.9261],[-72.8615,19.9248],[-72.8629,19.9223],[-72.8621,19.9197],[-72.8614,19.9182],[-72.8619,19.9164],[-72.8628,19.9151],[-72.8636,19.9128],[-72.862,19.9118],[-72.8598,19.9112],[-72.8603,19.9091],[-72.8602,19.9071],[-72.8577,19.9064],[-72.857,19.9047],[-72.8569,19.9017],[-72.8553,19.9005],[-72.8526,19.9002],[-72.8507,19.9015],[-72.8495,19.9004],[-72.8496,19.8978],[-72.8493,19.8955],[-72.8499,19.8937],[-72.8503,19.8918],[-72.8513,19.8891],[-72.8529,19.8881],[-72.8564,19.8864],[-72.857,19.8835],[-72.8575,19.8812],[-72.8569,19.8794],[-72.8569,19.8773],[-72.856,19.8752],[-72.8536,19.8746],[-72.8526,19.8732],[-72.8508,19.8725],[-72.8518,19.8708],[-72.8532,19.8692],[-72.8551,19.8684],[-72.856,19.867],[-72.8554,19.8651],[-72.8559,19.8632],[-72.855,19.8615],[-72.858,19.8589],[-72.8587,19.8569],[-72.859,19.8544],[-72.8606,19.8532],[-72.863,19.8534],[-72.8635,19.8549],[-72.866,19.8548],[-72.8667,19.8562],[-72.8699,19.8562],[-72.8725,19.8538],[-72.875,19.8529],[-72.8764,19.8522],[-72.8763,19.8486],[-72.8768,19.847],[-72.8776,19.8443],[-72.8797,19.8427],[-72.8814,19.8422],[-72.8827,19.8413],[-72.881,19.8396],[-72.8786,19.8389],[-72.878,19.837],[-72.8772,19.8335],[-72.8757,19.8317],[-72.8751,19.8294],[-72.8763,19.8282],[-72.8776,19.827],[-72.8776,19.8243],[-72.8788,19.823],[-72.8825,19.8221],[-72.882,19.82],[-72.8806,19.8179],[-72.8795,19.816],[-72.8792,19.8138],[-72.8801,19.8123],[-72.8816,19.808],[-72.8799,19.8065],[-72.8812,19.8042],[-72.8828,19.8033],[-72.8861,19.8034],[-72.8879,19.8026],[-72.8895,19.801],[-72.8914,19.8007],[-72.8938,19.8002],[-72.8946,19.7987],[-72.8962,19.8002],[-72.8977,19.7989],[-72.8998,19.7981],[-72.9011,19.7957],[-72.9023,19.7941],[-72.9037,19.7928],[-72.9058,19.7921],[-72.9044,19.7895],[-72.9028,19.7887],[-72.9015,19.7864],[-72.8992,19.7857],[-72.8964,19.7849],[-72.8964,19.7817],[-72.8969,19.7798],[-72.8952,19.7773],[-72.8958,19.7755],[-72.8953,19.7739],[-72.8934,19.7732],[-72.8926,19.7715],[-72.8933,19.7701],[-72.8926,19.7685],[-72.8918,19.7671],[-72.8901,19.7659],[-72.888,19.7644],[-72.8865,19.7623],[-72.8847,19.7615],[-72.8828,19.7595],[-72.8808,19.759],[-72.8799,19.7571],[-72.8785,19.7557],[-72.8778,19.7543],[-72.8775,19.7519],[-72.8766,19.7506],[-72.8752,19.7499],[-72.8734,19.749],[-72.8718,19.7478],[-72.8708,19.7467],[-72.8692,19.745],[-72.8665,19.7439],[-72.8651,19.7424],[-72.863,19.7423],[-72.8609,19.7428],[-72.8593,19.7415],[-72.8581,19.7407],[-72.8559,19.7404],[-72.8544,19.7396],[-72.8521,19.7397],[-72.8511,19.7379],[-72.8496,19.7366],[-72.8476,19.7355],[-72.8461,19.7343],[-72.8439,19.7332],[-72.8418,19.7339],[-72.8394,19.7323],[-72.8391,19.73],[-72.8373,19.7295],[-72.8377,19.727],[-72.8372,19.7251],[-72.8362,19.7223],[-72.836,19.7199],[-72.8349,19.718],[-72.8331,19.7177],[-72.8323,19.7163],[-72.8301,19.7147],[-72.8309,19.7134],[-72.8315,19.712],[-72.8327,19.7107],[-72.8338,19.7091],[-72.8348,19.7075],[-72.8367,19.7064],[-72.8385,19.7059],[-72.8415,19.7028],[-72.8404,19.7006],[-72.8416,19.6996],[-72.8434,19.6972],[-72.8446,19.6963],[-72.8469,19.6943],[-72.8501,19.6927],[-72.852,19.6926],[-72.854,19.6925],[-72.8542,19.69],[-72.8575,19.6902],[-72.8588,19.692],[-72.8606,19.6927],[-72.8626,19.6913],[-72.8654,19.6911],[-72.8669,19.6903],[-72.8686,19.6909],[-72.8717,19.6928],[-72.8743,19.6903],[-72.8757,19.691],[-72.8762,19.6926],[-72.8796,19.6936],[-72.8809,19.6944],[-72.8837,19.6961],[-72.8856,19.694],[-72.8879,19.6938],[-72.8896,19.6946],[-72.8922,19.6949],[-72.8944,19.6952],[-72.897,19.6962],[-72.899,19.696],[-72.9008,19.6964],[-72.9033,19.6975],[-72.9046,19.6986],[-72.9059,19.6997],[-72.9081,19.7014],[-72.9119,19.7047],[-72.9137,19.7054],[-72.9154,19.7065],[-72.9168,19.7079],[-72.9179,19.7098],[-72.9197,19.709],[-72.9222,19.7093],[-72.9237,19.7107],[-72.9256,19.7096],[-72.9285,19.7102],[-72.9308,19.7109],[-72.9322,19.7102],[-72.9344,19.7113],[-72.9367,19.7116],[-72.9388,19.7117],[-72.9404,19.713],[-72.942,19.7124],[-72.945,19.7128],[-72.9471,19.7146],[-72.9463,19.7167],[-72.9461,19.7192],[-72.9458,19.7221],[-72.947,19.723],[-72.9479,19.7242],[-72.9504,19.7254],[-72.9524,19.7259],[-72.9534,19.7271],[-72.9546,19.7287],[-72.9569,19.7298],[-72.9576,19.7322],[-72.9599,19.7361],[-72.9607,19.7382],[-72.9612,19.7397],[-72.9618,19.7423],[-72.9617,19.7442],[-72.9605,19.7458],[-72.9606,19.7482],[-72.9618,19.7499],[-72.9621,19.7549],[-72.9641,19.7565],[-72.9653,19.7588],[-72.9672,19.759],[-72.9694,19.7593],[-72.9706,19.7601],[-72.9722,19.7608],[-72.9737,19.762],[-72.9768,19.7639],[-72.9791,19.7645],[-72.9814,19.7645],[-72.9841,19.7655],[-72.9864,19.7653],[-72.9888,19.7662],[-72.9916,19.7673],[-72.9933,19.7684],[-72.9954,19.769],[-72.9977,19.7675],[-72.9997,19.7671],[-73.0016,19.7677],[-73.0036,19.7686],[-73.0044,19.7699],[-73.0059,19.7706],[-73.0084,19.7732],[-73.0098,19.7743],[-73.0114,19.7754],[-73.0135,19.7754],[-73.0158,19.7765],[-73.0171,19.7774],[-73.0203,19.7768],[-73.0223,19.7772],[-73.0254,19.7781],[-73.0271,19.7788],[-73.0294,19.7781],[-73.0297,19.7761],[-73.0329,19.7751],[-73.0358,19.7749],[-73.0371,19.7762],[-73.0381,19.7772],[-73.0398,19.7779],[-73.042,19.7773],[-73.0433,19.7783],[-73.0443,19.7797],[-73.0467,19.7811],[-73.0485,19.7802],[-73.0514,19.7788],[-73.0537,19.7772],[-73.0554,19.7767],[-73.0561,19.7747],[-73.0571,19.7719],[-73.0577,19.7696],[-73.0585,19.7681],[-73.0593,19.7641],[-73.0598,19.7618],[-73.059,19.7601],[-73.0605,19.7589],[-73.0621,19.7571],[-73.0632,19.7549],[-73.0652,19.7545],[-73.0677,19.7549],[-73.0688,19.7568],[-73.0716,19.7582],[-73.0737,19.7573],[-73.0758,19.7569],[-73.0786,19.7568],[-73.0801,19.7574],[-73.0808,19.7588],[-73.0827,19.7612],[-73.0846,19.7601],[-73.0864,19.7609],[-73.0898,19.761],[-73.0907,19.7621],[-73.0926,19.7619],[-73.0952,19.7609],[-73.0969,19.7597],[-73.0985,19.7613],[-73.1003,19.7617],[-73.1008,19.7639],[-73.1024,19.7659],[-73.1044,19.7665],[-73.1051,19.7683],[-73.1059,19.7702],[-73.1071,19.7714],[-73.1079,19.7732],[-73.1086,19.7752],[-73.1101,19.777],[-73.1126,19.7821],[-73.1137,19.784],[-73.1146,19.786],[-73.1168,19.7864],[-73.1189,19.7854],[-73.1203,19.7863],[-73.1217,19.7887],[-73.1227,19.7901],[-73.1254,19.7904],[-73.1288,19.7907],[-73.1315,19.7944],[-73.1338,19.7969],[-73.1354,19.7973],[-73.1371,19.7987],[-73.1396,19.7977],[-73.1412,19.7969],[-73.1403,19.7941],[-73.1385,19.7926],[-73.1373,19.7912],[-73.1374,19.7893],[-73.1398,19.7876],[-73.1406,19.7861],[-73.1417,19.7846],[-73.1431,19.7836],[-73.1442,19.7818],[-73.1473,19.7801],[-73.1493,19.7816],[-73.1519,19.782],[-73.153,19.7808],[-73.1541,19.7793],[-73.1582,19.7795],[-73.1588,19.7775],[-73.159,19.7754],[-73.1573,19.7746],[-73.1585,19.7732],[-73.1607,19.7724],[-73.1624,19.7713],[-73.1645,19.7697],[-73.1663,19.7691],[-73.1689,19.7676],[-73.1696,19.7662],[-73.1705,19.7649],[-73.1715,19.7637],[-73.1735,19.7632],[-73.1752,19.7642],[-73.1772,19.7649],[-73.1793,19.7639],[-73.1807,19.7625],[-73.1815,19.7609],[-73.1837,19.7609],[-73.1852,19.762],[-73.1881,19.761],[-73.1885,19.7592],[-73.189,19.7574],[-73.1927,19.758],[-73.1948,19.7595],[-73.197,19.7601],[-73.201,19.7609],[-73.2022,19.7592],[-73.2058,19.758],[-73.2082,19.7572],[-73.2101,19.7568],[-73.2116,19.7578],[-73.2136,19.7577],[-73.2165,19.758],[-73.2178,19.7572],[-73.2194,19.7554],[-73.2206,19.7537],[-73.2225,19.7544],[-73.2243,19.7547],[-73.2258,19.7555],[-73.2276,19.7558],[-73.2296,19.759],[-73.23,19.7614],[-73.2314,19.763],[-73.233,19.7647],[-73.2345,19.7669],[-73.2338,19.7686],[-73.2355,19.7713],[-73.2371,19.7738],[-73.2382,19.7755],[-73.2399,19.7774],[-73.2412,19.7807],[-73.2432,19.7812],[-73.2445,19.7823],[-73.245,19.7846],[-73.2464,19.7857],[-73.247,19.7884],[-73.2486,19.7898],[-73.25,19.7922],[-73.2517,19.7943],[-73.253,19.7957],[-73.2535,19.7984],[-73.2545,19.8002],[-73.2558,19.8019],[-73.2565,19.8047],[-73.256,19.807],[-73.256,19.8094],[-73.2554,19.8108],[-73.2559,19.8126],[-73.257,19.8102],[-73.2581,19.8085],[-73.2597,19.8039],[-73.2619,19.804],[-73.2625,19.8026],[-73.2634,19.8007],[-73.2628,19.7989],[-73.2633,19.7963],[-73.2628,19.7928],[-73.2639,19.7916],[-73.2661,19.791],[-73.267,19.7898],[-73.2696,19.7892],[-73.2717,19.7886],[-73.2743,19.7885],[-73.2752,19.7873],[-73.2772,19.7855],[-73.2789,19.7846],[-73.2811,19.7849],[-73.2824,19.7841],[-73.2846,19.7833],[-73.2864,19.7828],[-73.2878,19.7817],[-73.2906,19.7826],[-73.2938,19.7807],[-73.2958,19.7805],[-73.2979,19.7792],[-73.2998,19.78],[-73.3016,19.7803],[-73.3025,19.7823],[-73.3036,19.7838],[-73.3058,19.7823],[-73.3075,19.7819],[-73.3092,19.7806],[-73.3113,19.7791],[-73.3117,19.7769],[-73.3139,19.7766],[-73.3152,19.7752],[-73.3175,19.7753],[-73.3195,19.7751],[-73.3228,19.7749],[-73.324,19.773],[-73.3233,19.771],[-73.3236,19.7691],[-73.3243,19.7671],[-73.3248,19.7649],[-73.3258,19.763],[-73.3256,19.7608],[-73.3254,19.7583],[-73.3236,19.7564],[-73.3217,19.7554],[-73.3202,19.7543],[-73.3185,19.7533],[-73.3198,19.7521],[-73.3214,19.7514],[-73.3222,19.7501],[-73.322,19.748],[-73.323,19.7464],[-73.3251,19.7463],[-73.3262,19.7447],[-73.3284,19.7435],[-73.3299,19.7421],[-73.3304,19.7402],[-73.3319,19.7381],[-73.3333,19.7363],[-73.3356,19.7337],[-73.3363,19.7319],[-73.3369,19.7292],[-73.3367,19.727],[-73.3374,19.7255],[-73.3377,19.7229],[-73.3377,19.7193],[-73.3401,19.7185],[-73.3407,19.7169],[-73.343,19.7157],[-73.3457,19.7175],[-73.3467,19.7159],[-73.3459,19.7144],[-73.3456,19.7115],[-73.3463,19.7094],[-73.3447,19.7089],[-73.3425,19.708],[-73.3406,19.7076],[-73.3416,19.7064],[-73.3419,19.7045],[-73.3429,19.7026],[-73.3419,19.7011],[-73.3427,19.6996],[-73.3434,19.6977],[-73.3442,19.6963],[-73.3454,19.6952],[-73.3454,19.6927],[-73.3473,19.6909],[-73.3457,19.6899],[-73.3447,19.6886],[-73.3454,19.6855],[-73.347,19.6835],[-73.3459,19.6819],[-73.3456,19.6797],[-73.3447,19.6774],[-73.3448,19.6748],[-73.3437,19.6729],[-73.344,19.6689],[-73.3432,19.6667],[-73.3411,19.6638],[-73.3407,19.6608],[-73.3399,19.6592],[-73.3393,19.6573],[-73.3409,19.6555],[-73.3419,19.6543],[-73.3432,19.6535],[-73.344,19.655],[-73.345,19.654],[-73.3468,19.6545],[-73.3493,19.6559],[-73.3523,19.656],[-73.3541,19.6569],[-73.3581,19.6563],[-73.3613,19.6575],[-73.3628,19.6583],[-73.365,19.661],[-73.3667,19.6636],[-73.3689,19.6645],[-73.3708,19.6667],[-73.3718,19.6679],[-73.3743,19.6689],[-73.3754,19.67],[-73.3782,19.6711],[-73.3791,19.6736],[-73.3807,19.6749],[-73.3816,19.6776],[-73.3839,19.6815],[-73.3865,19.6858],[-73.3887,19.6878],[-73.39,19.6887],[-73.3919,19.6898],[-73.3956,19.6896],[-73.3982,19.69],[-73.4005,19.6899],[-73.4028,19.6899],[-73.4054,19.69],[-73.4085,19.6894],[-73.4102,19.6908],[-73.4129,19.6917],[-73.4153,19.6916],[-73.4168,19.6925],[-73.4186,19.6933],[-73.419,19.6955],[-73.4201,19.6971],[-73.4214,19.7016],[-73.4208,19.7043],[-73.4226,19.7055],[-73.4245,19.7069],[-73.4266,19.7097],[-73.4286,19.7096],[-73.4291,19.7114],[-73.4301,19.7138],[-73.4308,19.7161],[-73.4316,19.7175],[-73.4308,19.7203],[-73.4313,19.722],[-73.4324,19.7239],[-73.433,19.7257],[-73.4323,19.7278],[-73.4337,19.7289],[-73.4349,19.7314],[-73.436,19.7329],[-73.437,19.7343],[-73.4403,19.7394],[-73.4411,19.7419],[-73.4424,19.7449],[-73.4439,19.749],[-73.4464,19.7554],[-73.4503,19.763],[-73.4493,19.7642],[-73.4482,19.7652],[-73.4472,19.7663],[-73.4458,19.767],[-73.4446,19.7678],[-73.4435,19.7688],[-73.4427,19.7701],[-73.442,19.7715],[-73.4412,19.7728],[-73.4404,19.7741],[-73.4398,19.7756],[-73.4393,19.7773],[-73.4386,19.7786],[-73.4377,19.78],[-73.4369,19.7812],[-73.4357,19.7822],[-73.4348,19.7833],[-73.4339,19.7844],[-73.4327,19.7854],[-73.4318,19.7865],[-73.4309,19.7877],[-73.4303,19.7892],[-73.4296,19.7905],[-73.4287,19.7918],[-73.4281,19.7932],[-73.4271,19.7943],[-73.4263,19.7957],[-73.4254,19.7968],[-73.4233,19.7968],[-73.4216,19.7963],[-73.4209,19.7949],[-73.42,19.7937],[-73.419,19.7923],[-73.4177,19.7915],[-73.4159,19.7912],[-73.4141,19.7908],[-73.4123,19.7911],[-73.4105,19.7914],[-73.4091,19.7921],[-73.4077,19.7928],[-73.4069,19.794],[-73.4055,19.7947],[-73.4041,19.7953],[-73.403,19.7963],[-73.4016,19.7969],[-73.3999,19.7973],[-73.3981,19.7976],[-73.3962,19.7975],[-73.3941,19.7975],[-73.3923,19.7978],[-73.3904,19.7979],[-73.3886,19.7981],[-73.3869,19.7985],[-73.3854,19.7993],[-73.384,19.8001],[-73.3831,19.8012],[-73.382,19.8022],[-73.3811,19.8038],[-73.3806,19.8058],[-73.3802,19.8077],[-73.3793,19.8088],[-73.3776,19.8094],[-73.376,19.8087],[-73.3743,19.8082],[-73.3727,19.8089],[-73.3718,19.8103],[-73.3711,19.8117],[-73.3703,19.813],[-73.3697,19.8144],[-73.3693,19.8161],[-73.3686,19.8175],[-73.3685,19.8196],[-73.3682,19.8214],[-73.3664,19.8212],[-73.3654,19.8222],[-73.3646,19.8237],[-73.3636,19.8253],[-73.3627,19.8267],[-73.362,19.8281],[-73.3615,19.8299],[-73.3611,19.8318],[-73.3605,19.8334],[-73.3611,19.8349],[-73.3621,19.8359],[-73.3639,19.8356],[-73.3649,19.8345],[-73.366,19.8333],[-73.3669,19.832],[-73.3676,19.8306],[-73.3683,19.8291],[-73.3689,19.8276],[-73.3694,19.826],[-73.37,19.8246],[-73.3709,19.8235],[-73.3721,19.8223],[-73.3735,19.8217],[-73.3742,19.8203],[-73.3759,19.8199],[-73.3777,19.8197],[-73.3795,19.8194],[-73.381,19.8188],[-73.3829,19.8186],[-73.385,19.8186],[-73.3864,19.8193],[-73.3874,19.8203],[-73.3893,19.8201],[-73.3909,19.8206],[-73.3925,19.8211],[-73.3939,19.8218],[-73.3957,19.8221],[-73.3974,19.8225],[-73.3995,19.8226],[-73.4013,19.8228],[-73.4032,19.8226],[-73.4049,19.823],[-73.4066,19.8234],[-73.4085,19.8233],[-73.4098,19.8224],[-73.411,19.8215],[-73.4122,19.8206],[-73.4139,19.821],[-73.4153,19.8216],[-73.4166,19.8225],[-73.418,19.8233],[-73.4197,19.8237],[-73.421,19.8244],[-73.4218,19.8258],[-73.4222,19.8275],[-73.4219,19.8292],[-73.4205,19.8299],[-73.4193,19.8308],[-73.4181,19.8316],[-73.4167,19.8324],[-73.4159,19.8336],[-73.4147,19.8347],[-73.4138,19.836],[-73.4131,19.8376],[-73.4121,19.8388],[-73.4114,19.8402],[-73.4106,19.8415],[-73.4095,19.8426],[-73.4079,19.8432],[-73.4062,19.8436],[-73.4043,19.8438],[-73.4023,19.8438],[-73.4005,19.8435],[-73.3987,19.8432],[-73.3972,19.8427],[-73.3956,19.8422],[-73.3939,19.8418],[-73.3923,19.8413],[-73.3905,19.8411],[-73.3886,19.8412],[-73.3866,19.8413],[-73.3846,19.8416],[-73.3833,19.8423],[-73.3817,19.8427],[-73.3799,19.843],[-73.3781,19.8433],[-73.3763,19.8436],[-73.3744,19.8437],[-73.3723,19.8436],[-73.3711,19.8445],[-73.3697,19.8451],[-73.3684,19.8458],[-73.3666,19.8461],[-73.365,19.8456],[-73.3635,19.845],[-73.3625,19.844],[-73.3612,19.8431],[-73.3597,19.8425],[-73.3584,19.8417],[-73.357,19.841],[-73.3557,19.8402],[-73.3544,19.8394],[-73.3531,19.8386],[-73.3515,19.838],[-73.3498,19.8376],[-73.348,19.8373],[-73.346,19.8372],[-73.3442,19.837],[-73.3426,19.8375],[-73.3408,19.8379],[-73.3396,19.8388],[-73.3384,19.8396],[-73.3368,19.8402],[-73.3351,19.8407],[-73.3338,19.8414],[-73.3324,19.8421],[-73.3312,19.843],[-73.3303,19.8442],[-73.3293,19.8453],[-73.3282,19.8462],[-73.3267,19.8469],[-73.3248,19.8467],[-73.3233,19.8473],[-73.3218,19.8478],[-73.32,19.8481],[-73.3185,19.8488],[-73.3172,19.8496],[-73.3159,19.8504],[-73.3146,19.8512],[-73.3134,19.8521],[-73.312,19.8529],[-73.3107,19.8537],[-73.3093,19.8544],[-73.308,19.8552],[-73.3069,19.8562],[-73.3055,19.8568],[-73.3039,19.8574],[-73.3022,19.8578],[-73.3008,19.8584],[-73.2995,19.8591],[-73.2979,19.8596],[-73.2963,19.8602],[-73.2945,19.8606],[-73.2929,19.8611],[-73.2914,19.8616],[-73.2897,19.862],[-73.2875,19.8619],[-73.2855,19.862],[-73.2838,19.8625],[-73.2822,19.8631],[-73.2807,19.8636],[-73.2789,19.8639],[-73.2771,19.8642],[-73.2753,19.8644],[-73.2738,19.8649],[-73.2725,19.8641],[-73.2718,19.8655],[-73.2703,19.8661],[-73.269,19.8668],[-73.2676,19.8675],[-73.2665,19.8685],[-73.2654,19.8695],[-73.2637,19.8698],[-73.2621,19.8703],[-73.2603,19.8705],[-73.2588,19.871],[-73.2573,19.8716],[-73.2558,19.8721],[-73.2545,19.8728],[-73.2533,19.8737],[-73.252,19.8744],[-73.2505,19.875],[-73.2496,19.8761],[-73.2486,19.8772],[-73.2471,19.8778],[-73.2453,19.8776],[-73.2436,19.878],[-73.2419,19.8784],[-73.2406,19.8793],[-73.2394,19.8802],[-73.2381,19.8809],[-73.237,19.8818],[-73.2358,19.8827],[-73.2345,19.8834],[-73.2334,19.8844],[-73.232,19.885],[-73.2314,19.8864],[-73.2307,19.8879],[-73.2296,19.8889],[-73.2283,19.8896],[-73.227,19.8904],[-73.2255,19.8909],[-73.2244,19.8919],[-73.2231,19.8928],[-73.2224,19.8941],[-73.2208,19.8946],[-73.2194,19.8952],[-73.2179,19.8959],[-73.2168,19.897],[-73.2156,19.8978],[-73.2144,19.899],[-73.2131,19.9],[-73.2114,19.9005],[-73.2099,19.9011],[-73.2087,19.902],[-73.2073,19.9028],[-73.2056,19.9032],[-73.2033,19.9036],[-73.2016,19.9041],[-73.2002,19.9048],[-73.1991,19.9061],[-73.1982,19.9072],[-73.1965,19.9077],[-73.195,19.9086],[-73.1942,19.91],[-73.1937,19.9118],[-73.1933,19.9134],[-73.1922,19.9145],[-73.1905,19.9152],[-73.1886,19.9157],[-73.187,19.9164],[-73.1861,19.9177],[-73.1848,19.9186],[-73.1839,19.9199],[-73.1829,19.9211],[-73.1814,19.9217],[-73.1797,19.9222],[-73.1782,19.923],[-73.1767,19.9238],[-73.175,19.9243],[-73.1726,19.9249],[-73.1712,19.9257],[-73.1699,19.9266],[-73.1691,19.9279],[-73.168,19.9291],[-73.1666,19.9297],[-73.1646,19.9298],[-73.1629,19.9294],[-73.161,19.9297],[-73.1594,19.9302],[-73.1582,19.9293],[-73.1576,19.9278],[-73.1564,19.9287],[-73.1545,19.9286],[-73.1534,19.9276],[-73.1526,19.9263],[-73.1512,19.9256],[-73.1494,19.9259],[-73.1476,19.9257],[-73.146,19.9252],[-73.1441,19.925],[-73.1425,19.9245],[-73.1405,19.9246],[-73.1388,19.925],[-73.1369,19.9249],[-73.1352,19.9253],[-73.1334,19.9255],[-73.1314,19.9254],[-73.1296,19.9257],[-73.1278,19.926],[-73.126,19.9257],[-73.1241,19.9255],[-73.1224,19.9259],[-73.1203,19.9257],[-73.1184,19.9256],[-73.1165,19.9254],[-73.1151,19.9248],[-73.1134,19.9244],[-73.1116,19.9247],[-73.1103,19.924],[-73.1086,19.9236],[-73.1068,19.9233],[-73.1051,19.9229],[-73.1035,19.9224],[-73.1017,19.9221],[-73.0998,19.9219],[-73.0979,19.9218],[-73.0961,19.9221],[-73.0946,19.9216],[-73.0928,19.9213],[-73.091,19.9211],[-73.0891,19.9209],[-73.0873,19.9206],[-73.086,19.9198],[-73.0843,19.9203],[-73.0827,19.9198],[-73.0809,19.92],[-73.0791,19.9198],[-73.0778,19.919],[-73.0763,19.9196],[-73.0745,19.9193],[-73.073,19.9187],[-73.071,19.9188],[-73.0693,19.9183],[-73.0675,19.9186],[-73.0658,19.919],[-73.064,19.9194],[-73.0619,19.9195],[-73.0602,19.9199],[-73.0582,19.9197],[-73.0566,19.9192],[-73.0548,19.9183],[-73.0529,19.9182],[-73.0504,19.9178],[-73.0482,19.9179],[-73.0467,19.9185],[-73.0449,19.9187],[-73.0437,19.9178],[-73.0427,19.9168],[-73.0408,19.9165],[-73.0397,19.9156],[-73.0388,19.9139],[-73.0375,19.9129],[-73.0358,19.9125],[-73.0349,19.9111],[-73.0342,19.9095],[-73.0324,19.9091],[-73.0308,19.9097],[-73.029,19.9093],[-73.0277,19.9103],[-73.0275,19.9123],[-73.0272,19.9141],[-73.0267,19.9157],[-73.0274,19.9172],[-73.0292,19.9175],[-73.0305,19.9183],[-73.0318,19.9191],[-73.0313,19.9208],[-73.0305,19.9221],[-73.0286,19.922],[-73.0266,19.9219],[-73.0248,19.9221],[-73.0227,19.9221],[-73.021,19.9217],[-73.0193,19.9213],[-73.0175,19.9215],[-73.0156,19.9218],[-73.014,19.9214],[-73.0128,19.9205],[-73.0112,19.92],[-73.0094,19.9198],[-73.008,19.9192],[-73.0066,19.9185],[-73.0051,19.9179],[-73.0034,19.9174],[-73.0014,19.9173],[-72.9998,19.9177],[-72.9983,19.9183],[-72.9968,19.9188],[-72.9956,19.9197],[-72.9949,19.9212],[-72.9931,19.9215],[-72.9913,19.9213],[-72.9894,19.9215],[-72.9878,19.9209],[-72.9859,19.9211],[-72.9845,19.9217],[-72.9827,19.9219],[-72.981,19.9223],[-72.9797,19.9232],[-72.9781,19.9238],[-72.9765,19.9243],[-72.9744,19.9243],[-72.9728,19.9238],[-72.9716,19.923],[-72.9703,19.922],[-72.9694,19.9209],[-72.9685,19.9196],[-72.9675,19.9184],[-72.9664,19.9175],[-72.965,19.9166],[-72.9651,19.914],[-72.9648,19.9122],[-72.9639,19.9108],[-72.9624,19.9102],[-72.9609,19.9097],[-72.9587,19.9096],[-72.9576,19.9106],[-72.957,19.9122],[-72.956,19.9135],[-72.9561,19.9155],[-72.956,19.9174],[-72.9569,19.9187],[-72.9566,19.9205],[-72.9558,19.922],[-72.9545,19.9228],[-72.9526,19.923],[-72.9508,19.9232],[-72.9492,19.9237],[-72.9477,19.9244],[-72.9468,19.9255],[-72.9455,19.9262],[-72.9438,19.9266],[-72.942,19.9268],[-72.94,19.9269],[-72.9382,19.9272],[-72.9366,19.9277],[-72.9351,19.9283],[-72.9335,19.9287],[-72.9317,19.9291],[-72.93,19.9295],[-72.9284,19.9299],[-72.9268,19.9305],[-72.9251,19.9308],[-72.9233,19.931],[-72.9214,19.9313],[-72.9196,19.9316],[-72.9178,19.9318],[-72.9159,19.9322],[-72.9139,19.9323],[-72.9118,19.9323],[-72.9099,19.9325],[-72.9082,19.933],[-72.9063,19.9333],[-72.9041,19.9335],[-72.9022,19.9336],[-72.9003,19.9339],[-72.8985,19.9343],[-72.8969,19.9348],[-72.8955,19.9354],[-72.8937,19.9356],[-72.8917,19.9354],[-72.8902,19.9347],[-72.8889,19.9339],[-72.887,19.9338],[-72.8846,19.9337],[-72.883,19.9333],[-72.8809,19.9333],[-72.8793,19.9338],[-72.878,19.933],[-72.8771,19.9319],[-72.8756,19.9313],[-72.8735,19.9311],[-72.8717,19.9316],[-72.8704,19.9326],[-72.8695,19.9337],[-72.8686,19.9349],[-72.8676,19.936],[-72.8665,19.937],[-72.8653,19.9379],[-72.8638,19.9344]]]]},"properties":{"nom":"Môle Saint Nicolas / Moustique","code":"02","zone":"Presqu'île du NORD-OUEST"}},{"type":"Feature","geometry":{"type":"MultiPolygon","coordinates":[[[[-72.8468,19.9437],[-72.8466,19.9394],[-72.844,19.933],[-72.8418,19.9298],[-72.8388,19.9299],[-72.8373,19.9285],[-72.8349,19.9296],[-72.8331,19.9294],[-72.8323,19.9267],[-72.8312,19.9246],[-72.8293,19.9234],[-72.8281,19.9223],[-72.8274,19.9209],[-72.8261,19.9195],[-72.8242,19.9184],[-72.8221,19.9181],[-72.8199,19.9162],[-72.8183,19.9152],[-72.8176,19.9138],[-72.8141,19.9137],[-72.8094,19.9113],[-72.8085,19.9092],[-72.8066,19.9082],[-72.8052,19.9071],[-72.804,19.9058],[-72.8024,19.9052],[-72.7997,19.9049],[-72.7965,19.9058],[-72.7929,19.9054],[-72.7909,19.9043],[-72.7878,19.9034],[-72.7876,19.9013],[-72.7863,19.8997],[-72.7846,19.8984],[-72.7836,19.897],[-72.7806,19.8954],[-72.7767,19.8948],[-72.776,19.8935],[-72.7749,19.8909],[-72.7727,19.8892],[-72.7709,19.8886],[-72.7709,19.8857],[-72.7712,19.8829],[-72.7719,19.8816],[-72.7711,19.8795],[-72.77,19.8785],[-72.7688,19.8773],[-72.7695,19.8746],[-72.7715,19.8737],[-72.7712,19.8713],[-72.7703,19.8697],[-72.7683,19.8681],[-72.7672,19.8665],[-72.7653,19.8648],[-72.7651,19.8627],[-72.7638,19.8607],[-72.7616,19.8603],[-72.76,19.8608],[-72.7584,19.8601],[-72.757,19.8586],[-72.7552,19.8561],[-72.7538,19.8555],[-72.7521,19.8548],[-72.7512,19.8528],[-72.7492,19.8512],[-72.7484,19.8499],[-72.7472,19.8487],[-72.7452,19.8474],[-72.7443,19.8461],[-72.743,19.8448],[-72.7421,19.842],[-72.7405,19.841],[-72.7383,19.8391],[-72.7398,19.8374],[-72.7388,19.8361],[-72.7381,19.8346],[-72.7366,19.8333],[-72.7364,19.8311],[-72.7358,19.8288],[-72.7342,19.8278],[-72.7313,19.8271],[-72.7301,19.8261],[-72.7274,19.8254],[-72.7249,19.824],[-72.7211,19.8224],[-72.7181,19.8207],[-72.7169,19.8195],[-72.714,19.8175],[-72.7126,19.8167],[-72.7091,19.8154],[-72.7066,19.8141],[-72.7043,19.8125],[-72.7021,19.8122],[-72.7005,19.8117],[-72.7006,19.8093],[-72.6987,19.8085],[-72.6976,19.8072],[-72.6963,19.8063],[-72.6959,19.8039],[-72.6946,19.8023],[-72.6937,19.8011],[-72.6911,19.8008],[-72.689,19.8011],[-72.6894,19.799],[-72.6885,19.7968],[-72.6864,19.7957],[-72.6835,19.7943],[-72.6801,19.7941],[-72.6781,19.793],[-72.6753,19.7905],[-72.6742,19.7893],[-72.6729,19.788],[-72.6711,19.7884],[-72.669,19.7882],[-72.6673,19.787],[-72.6639,19.7877],[-72.6622,19.7863],[-72.6597,19.7853],[-72.6583,19.7846],[-72.6546,19.7848],[-72.6534,19.7862],[-72.6509,19.7846],[-72.6501,19.7823],[-72.6489,19.7804],[-72.648,19.7792],[-72.6476,19.7766],[-72.6468,19.7742],[-72.6442,19.7723],[-72.6425,19.7719],[-72.6408,19.7707],[-72.6391,19.7692],[-72.6382,19.768],[-72.6372,19.7666],[-72.6333,19.7662],[-72.6318,19.7652],[-72.6294,19.7653],[-72.6266,19.7642],[-72.6254,19.7633],[-72.6233,19.763],[-72.622,19.7639],[-72.619,19.7647],[-72.6159,19.7639],[-72.6147,19.7624],[-72.6138,19.7595],[-72.6138,19.7574],[-72.6119,19.7552],[-72.6114,19.7536],[-72.6105,19.752],[-72.6085,19.7506],[-72.608,19.7471],[-72.6055,19.7461],[-72.6031,19.745],[-72.6007,19.7441],[-72.6002,19.7425],[-72.5973,19.7423],[-72.5938,19.7435],[-72.5905,19.7449],[-72.586,19.7454],[-72.5833,19.7442],[-72.5801,19.7436],[-72.5737,19.7424],[-72.5728,19.7408],[-72.5722,19.7393],[-72.5703,19.7386],[-72.5663,19.7388],[-72.5645,19.7381],[-72.5633,19.7367],[-72.5612,19.7364],[-72.559,19.7362],[-72.5566,19.7367],[-72.5533,19.7359],[-72.5523,19.7347],[-72.5513,19.7326],[-72.5496,19.7318],[-72.5479,19.7326],[-72.5462,19.7339],[-72.5434,19.7341],[-72.5413,19.7334],[-72.5393,19.7328],[-72.5369,19.7327],[-72.5348,19.7326],[-72.5327,19.7328],[-72.5302,19.7316],[-72.5274,19.7325],[-72.5248,19.7329],[-72.5233,19.7364],[-72.5224,19.738],[-72.521,19.7371],[-72.5204,19.7356],[-72.5206,19.7333],[-72.5185,19.7312],[-72.5152,19.7301],[-72.5142,19.729],[-72.5121,19.7281],[-72.5112,19.7263],[-72.5104,19.7246],[-72.5084,19.721],[-72.5073,19.718],[-72.5097,19.7149],[-72.5106,19.713],[-72.5094,19.7113],[-72.5088,19.7087],[-72.5081,19.7052],[-72.5086,19.7027],[-72.5079,19.7001],[-72.507,19.6989],[-72.5061,19.6969],[-72.5043,19.6958],[-72.5036,19.6982],[-72.5004,19.6984],[-72.4989,19.6959],[-72.4966,19.6968],[-72.4944,19.6982],[-72.4926,19.6969],[-72.4909,19.6963],[-72.4886,19.6961],[-72.4852,19.6958],[-72.4817,19.6959],[-72.4798,19.6945],[-72.477,19.694],[-72.476,19.6927],[-72.4736,19.6908],[-72.4712,19.6892],[-72.4685,19.6884],[-72.4679,19.6862],[-72.4663,19.6851],[-72.4654,19.6831],[-72.4652,19.6805],[-72.464,19.6786],[-72.4624,19.6778],[-72.4609,19.6767],[-72.4604,19.675],[-72.4613,19.6737],[-72.4638,19.6715],[-72.4644,19.6685],[-72.4641,19.666],[-72.4631,19.6631],[-72.4628,19.6604],[-72.463,19.658],[-72.4621,19.6567],[-72.4612,19.6546],[-72.4625,19.6516],[-72.4625,19.6485],[-72.4611,19.6462],[-72.4595,19.6442],[-72.4584,19.6424],[-72.4572,19.6404],[-72.4565,19.6383],[-72.4556,19.6355],[-72.4566,19.6325],[-72.4566,19.6302],[-72.4572,19.6278],[-72.4563,19.6267],[-72.456,19.6244],[-72.4544,19.6229],[-72.4535,19.6217],[-72.4536,19.619],[-72.454,19.6147],[-72.4554,19.6134],[-72.456,19.6117],[-72.4559,19.6098],[-72.4543,19.6088],[-72.4527,19.6078],[-72.4507,19.6068],[-72.4494,19.6049],[-72.4473,19.603],[-72.4456,19.602],[-72.4467,19.6006],[-72.4457,19.5979],[-72.4451,19.596],[-72.4446,19.5945],[-72.4442,19.5926],[-72.4462,19.5911],[-72.4464,19.5885],[-72.4439,19.586],[-72.4417,19.5854],[-72.4397,19.5858],[-72.4387,19.5832],[-72.4376,19.5811],[-72.4361,19.5799],[-72.4344,19.5779],[-72.4334,19.5768],[-72.4312,19.5756],[-72.4295,19.5742],[-72.4278,19.5725],[-72.4273,19.5709],[-72.4265,19.5693],[-72.4249,19.5689],[-72.4232,19.5647],[-72.4238,19.5623],[-72.4253,19.5599],[-72.4247,19.5578],[-72.4232,19.5557],[-72.4224,19.5544],[-72.4214,19.5529],[-72.4189,19.5498],[-72.4181,19.5477],[-72.4192,19.5459],[-72.4189,19.5438],[-72.4186,19.5419],[-72.4184,19.5398],[-72.4173,19.537],[-72.4188,19.5349],[-72.4191,19.5327],[-72.4189,19.5307],[-72.419,19.5283],[-72.4207,19.5277],[-72.4221,19.5266],[-72.4246,19.5258],[-72.4269,19.5247],[-72.4291,19.5237],[-72.4291,19.5259],[-72.4306,19.527],[-72.4315,19.5288],[-72.4354,19.531],[-72.4373,19.5291],[-72.4394,19.5298],[-72.4415,19.5299],[-72.4411,19.5282],[-72.4408,19.5264],[-72.4415,19.5241],[-72.4421,19.5221],[-72.4449,19.5215],[-72.4472,19.521],[-72.4493,19.5212],[-72.4515,19.5223],[-72.4544,19.5224],[-72.4565,19.523],[-72.4582,19.5241],[-72.4604,19.5253],[-72.463,19.5263],[-72.4649,19.5264],[-72.4654,19.5281],[-72.4666,19.5295],[-72.4684,19.5307],[-72.4691,19.5325],[-72.4713,19.5328],[-72.4743,19.5357],[-72.4756,19.5367],[-72.4779,19.5382],[-72.4799,19.5387],[-72.4808,19.5398],[-72.4816,19.542],[-72.4832,19.5427],[-72.4849,19.5437],[-72.486,19.5452],[-72.4884,19.5478],[-72.4894,19.5488],[-72.4905,19.5504],[-72.4924,19.5523],[-72.4939,19.5535],[-72.4948,19.5547],[-72.496,19.5557],[-72.497,19.557],[-72.4981,19.558],[-72.4998,19.559],[-72.5008,19.5603],[-72.5041,19.5609],[-72.506,19.5613],[-72.5063,19.5642],[-72.5074,19.5653],[-72.5085,19.5664],[-72.5102,19.5676],[-72.5128,19.5674],[-72.5149,19.5659],[-72.5165,19.568],[-72.5179,19.5692],[-72.519,19.5703],[-72.5212,19.5713],[-72.5221,19.573],[-72.5231,19.5745],[-72.5243,19.5756],[-72.5255,19.5776],[-72.5271,19.5785],[-72.5287,19.5795],[-72.531,19.5813],[-72.5328,19.5816],[-72.5353,19.5826],[-72.5373,19.5831],[-72.5401,19.5857],[-72.5411,19.587],[-72.5427,19.5884],[-72.5431,19.5903],[-72.5415,19.5929],[-72.5417,19.5954],[-72.5412,19.5977],[-72.5422,19.5994],[-72.5436,19.6006],[-72.546,19.6032],[-72.5494,19.607],[-72.5504,19.6082],[-72.552,19.61],[-72.5532,19.6131],[-72.5545,19.6142],[-72.5574,19.6163],[-72.5587,19.6181],[-72.5599,19.6194],[-72.5617,19.6221],[-72.5631,19.624],[-72.5646,19.6257],[-72.5652,19.6275],[-72.5668,19.6298],[-72.5678,19.6312],[-72.5692,19.6335],[-72.5696,19.6352],[-72.5702,19.637],[-72.5704,19.6394],[-72.5701,19.6422],[-72.5712,19.6454],[-72.5722,19.6466],[-72.5738,19.6479],[-72.5765,19.6484],[-72.5781,19.6489],[-72.5804,19.6484],[-72.5863,19.6479],[-72.5897,19.649],[-72.5925,19.649],[-72.596,19.6486],[-72.5982,19.6478],[-72.6013,19.6475],[-72.6033,19.6476],[-72.605,19.6469],[-72.6077,19.6476],[-72.61,19.6467],[-72.6146,19.647],[-72.6162,19.6439],[-72.617,19.6421],[-72.6179,19.6394],[-72.6206,19.639],[-72.6225,19.637],[-72.6237,19.6345],[-72.6235,19.6324],[-72.6241,19.6303],[-72.6234,19.6285],[-72.622,19.6277],[-72.622,19.6251],[-72.6227,19.623],[-72.6237,19.6213],[-72.6246,19.6182],[-72.6267,19.6162],[-72.6284,19.6153],[-72.632,19.6128],[-72.6337,19.6124],[-72.6349,19.6105],[-72.6369,19.6094],[-72.6365,19.6059],[-72.6355,19.6045],[-72.6371,19.6034],[-72.639,19.6024],[-72.6406,19.602],[-72.6418,19.6038],[-72.6429,19.6058],[-72.6449,19.6073],[-72.6456,19.609],[-72.6484,19.609],[-72.6496,19.6109],[-72.6508,19.6137],[-72.6519,19.6147],[-72.6523,19.6165],[-72.6553,19.6164],[-72.6572,19.6163],[-72.6592,19.6173],[-72.6608,19.6178],[-72.6625,19.6145],[-72.6642,19.614],[-72.666,19.6142],[-72.6681,19.6138],[-72.6693,19.6126],[-72.6697,19.6108],[-72.6705,19.6088],[-72.6728,19.6091],[-72.6753,19.6088],[-72.6778,19.6077],[-72.6795,19.6052],[-72.6816,19.606],[-72.6834,19.6049],[-72.6876,19.6047],[-72.6889,19.6032],[-72.6907,19.6037],[-72.6931,19.6041],[-72.6976,19.6045],[-72.6988,19.6037],[-72.7005,19.6031],[-72.7008,19.601],[-72.7041,19.6008],[-72.7057,19.5998],[-72.7101,19.6009],[-72.7118,19.6],[-72.7139,19.6005],[-72.7151,19.6022],[-72.7166,19.6036],[-72.7179,19.6047],[-72.7189,19.6059],[-72.721,19.6067],[-72.7231,19.607],[-72.725,19.6052],[-72.7243,19.6029],[-72.7251,19.6007],[-72.7248,19.5987],[-72.7277,19.5949],[-72.7304,19.5937],[-72.732,19.595],[-72.7328,19.5936],[-72.734,19.5923],[-72.7333,19.5895],[-72.7348,19.5879],[-72.7373,19.5874],[-72.7397,19.5871],[-72.7418,19.5835],[-72.7429,19.5847],[-72.7438,19.587],[-72.7447,19.5895],[-72.7452,19.5912],[-72.7462,19.593],[-72.747,19.5946],[-72.7485,19.5967],[-72.7505,19.5971],[-72.7518,19.5984],[-72.7533,19.5996],[-72.7545,19.6014],[-72.759,19.6054],[-72.7596,19.6071],[-72.7603,19.6087],[-72.7616,19.6102],[-72.7625,19.6118],[-72.7643,19.6128],[-72.7656,19.6137],[-72.7669,19.6151],[-72.7685,19.6173],[-72.7698,19.6189],[-72.7707,19.6208],[-72.7724,19.6215],[-72.7738,19.6223],[-72.7781,19.6241],[-72.7801,19.6264],[-72.7811,19.6279],[-72.7826,19.6288],[-72.7835,19.6303],[-72.7837,19.6324],[-72.7837,19.6346],[-72.7825,19.6373],[-72.7827,19.6391],[-72.7832,19.6415],[-72.784,19.6429],[-72.7853,19.6443],[-72.7874,19.6461],[-72.7884,19.6473],[-72.7902,19.6486],[-72.7904,19.6522],[-72.7898,19.6551],[-72.7895,19.657],[-72.7886,19.6588],[-72.7925,19.6607],[-72.7939,19.6626],[-72.7955,19.665],[-72.7989,19.6641],[-72.8008,19.6635],[-72.8028,19.6636],[-72.8043,19.6628],[-72.8063,19.662],[-72.807,19.6641],[-72.809,19.6658],[-72.8106,19.6674],[-72.8125,19.6688],[-72.8116,19.6704],[-72.8118,19.6729],[-72.8122,19.6748],[-72.8112,19.6772],[-72.8115,19.6796],[-72.812,19.6816],[-72.8131,19.6843],[-72.8149,19.6868],[-72.8163,19.6881],[-72.8186,19.6876],[-72.8204,19.6901],[-72.8221,19.6914],[-72.8238,19.6923],[-72.8259,19.6933],[-72.8283,19.695],[-72.8311,19.6964],[-72.8334,19.6969],[-72.8341,19.6953],[-72.8364,19.6972],[-72.8391,19.6985],[-72.8399,19.7002],[-72.8408,19.7019],[-72.8385,19.7059],[-72.8367,19.7064],[-72.8348,19.7075],[-72.8338,19.7091],[-72.8327,19.7107],[-72.8315,19.712],[-72.8309,19.7134],[-72.8301,19.7147],[-72.8323,19.7163],[-72.8331,19.7177],[-72.8349,19.718],[-72.836,19.7199],[-72.8362,19.7223],[-72.837,19.7241],[-72.8377,19.727],[-72.837,19.7285],[-72.8391,19.73],[-72.8394,19.7323],[-72.8418,19.7339],[-72.8439,19.7332],[-72.8461,19.7343],[-72.8476,19.7355],[-72.8495,19.7364],[-72.8511,19.7379],[-72.8521,19.7397],[-72.8544,19.7396],[-72.8559,19.7404],[-72.8581,19.7407],[-72.8593,19.7415],[-72.8608,19.7427],[-72.863,19.7423],[-72.8651,19.7424],[-72.8665,19.7439],[-72.8682,19.7443],[-72.8708,19.7467],[-72.8718,19.7478],[-72.8734,19.749],[-72.8749,19.7498],[-72.8766,19.7506],[-72.8775,19.7519],[-72.8778,19.7543],[-72.8785,19.7557],[-72.8799,19.7571],[-72.8808,19.759],[-72.8828,19.7595],[-72.8839,19.761],[-72.8853,19.7618],[-72.888,19.7644],[-72.8896,19.7653],[-72.8912,19.7669],[-72.8926,19.7685],[-72.8933,19.7701],[-72.8926,19.7715],[-72.8929,19.7733],[-72.8953,19.7739],[-72.8958,19.7755],[-72.8952,19.7773],[-72.8957,19.7791],[-72.8964,19.7817],[-72.8966,19.7835],[-72.8979,19.7852],[-72.9004,19.786],[-72.9018,19.7879],[-72.9044,19.7895],[-72.9055,19.7904],[-72.9065,19.7916],[-72.9049,19.7924],[-72.9023,19.7941],[-72.9011,19.7957],[-72.8998,19.7981],[-72.8982,19.7987],[-72.8972,19.7998],[-72.8946,19.7987],[-72.8938,19.8002],[-72.8914,19.8007],[-72.8895,19.801],[-72.8886,19.8023],[-72.8868,19.8031],[-72.8845,19.8033],[-72.8824,19.8035],[-72.8799,19.8065],[-72.8817,19.8068],[-72.8812,19.8118],[-72.8792,19.8127],[-72.8792,19.8154],[-72.88,19.817],[-72.881,19.8191],[-72.8822,19.8209],[-72.8797,19.8225],[-72.8782,19.8241],[-72.8776,19.827],[-72.8763,19.8282],[-72.8747,19.8289],[-72.8759,19.8304],[-72.8762,19.8329],[-72.8775,19.8358],[-72.8786,19.8389],[-72.8806,19.8394],[-72.882,19.8411],[-72.8808,19.8425],[-72.8776,19.8443],[-72.8768,19.847],[-72.8763,19.8486],[-72.8769,19.8513],[-72.8753,19.8526],[-72.8738,19.8532],[-72.8708,19.8557],[-72.8681,19.8561],[-72.866,19.8548],[-72.8639,19.8553],[-72.8633,19.8534],[-72.8606,19.8532],[-72.859,19.8544],[-72.8587,19.8567],[-72.858,19.8589],[-72.8562,19.861],[-72.8559,19.8632],[-72.8554,19.8648],[-72.8562,19.8666],[-72.8551,19.8684],[-72.8532,19.8692],[-72.8518,19.8708],[-72.8508,19.8725],[-72.8526,19.8732],[-72.8536,19.8746],[-72.856,19.8752],[-72.8568,19.8767],[-72.8569,19.8794],[-72.8575,19.8812],[-72.857,19.8835],[-72.8572,19.8855],[-72.854,19.8878],[-72.8513,19.8891],[-72.8505,19.8915],[-72.8499,19.8937],[-72.8493,19.8955],[-72.8499,19.8969],[-72.8495,19.8989],[-72.8507,19.9015],[-72.8526,19.9002],[-72.8553,19.9005],[-72.8569,19.9017],[-72.8576,19.9039],[-72.8575,19.9062],[-72.8591,19.9067],[-72.8605,19.908],[-72.8598,19.9112],[-72.8609,19.9122],[-72.863,19.9119],[-72.8628,19.9151],[-72.8619,19.9164],[-72.8614,19.9182],[-72.8621,19.9197],[-72.8629,19.9223],[-72.8615,19.924],[-72.8608,19.9261],[-72.859,19.9276],[-72.8597,19.9289],[-72.8613,19.9306],[-72.8626,19.932],[-72.8638,19.9344],[-72.8645,19.9386],[-72.8631,19.9396],[-72.8618,19.9403],[-72.8605,19.9411],[-72.8587,19.9415],[-72.8566,19.9418],[-72.8547,19.9421],[-72.8532,19.9427],[-72.8515,19.943],[-72.8501,19.9437],[-72.8476,19.9437],[-72.8468,19.9437]]]]},"properties":{"nom":"Trois Rivières","code":"03","zone":"Presqu'île du NORD-OUEST"}},{"type":"Feature","geometry":{"type":"MultiPolygon","coordinates":[[[[-72.817,19.9526],[-72.8156,19.9519],[-72.8144,19.951],[-72.8133,19.9501],[-72.8123,19.9491],[-72.811,19.9483],[-72.8095,19.9488],[-72.8082,19.9498],[-72.8069,19.9507],[-72.8052,19.9504],[-72.8035,19.9499],[-72.8019,19.9492],[-72.8006,19.9484],[-72.7987,19.9485],[-72.7966,19.9486],[-72.795,19.9491],[-72.7937,19.95],[-72.7921,19.9506],[-72.79,19.9507],[-72.788,19.9504],[-72.7859,19.9504],[-72.7844,19.951],[-72.7825,19.9512],[-72.7804,19.9511],[-72.7791,19.9503],[-72.7777,19.9495],[-72.7764,19.9486],[-72.7748,19.9479],[-72.7731,19.9475],[-72.771,19.9476],[-72.7692,19.9478],[-72.7679,19.9486],[-72.7661,19.9479],[-72.7652,19.9467],[-72.7642,19.9454],[-72.7627,19.9446],[-72.7611,19.9441],[-72.7591,19.9442],[-72.7576,19.9436],[-72.7555,19.9435],[-72.7541,19.9429],[-72.7524,19.9433],[-72.7508,19.9439],[-72.7497,19.9429],[-72.7484,19.942],[-72.7466,19.9422],[-72.7447,19.9423],[-72.7436,19.9412],[-72.7427,19.94],[-72.7415,19.9389],[-72.74,19.9384],[-72.738,19.9383],[-72.7369,19.9373],[-72.7353,19.9365],[-72.7335,19.9361],[-72.732,19.9355],[-72.7303,19.9361],[-72.7285,19.9357],[-72.7267,19.9353],[-72.7251,19.9358],[-72.7234,19.9362],[-72.7216,19.9359],[-72.7206,19.9346],[-72.7194,19.9335],[-72.7175,19.9332],[-72.7165,19.9322],[-72.7148,19.9319],[-72.7137,19.9309],[-72.7126,19.93],[-72.7113,19.9291],[-72.7099,19.9284],[-72.7085,19.9278],[-72.7067,19.9281],[-72.7054,19.929],[-72.7042,19.93],[-72.7028,19.9307],[-72.7014,19.9298],[-72.7003,19.9289],[-72.6989,19.9281],[-72.6979,19.9268],[-72.6968,19.9256],[-72.6955,19.9248],[-72.6941,19.9241],[-72.6924,19.9235],[-72.6904,19.9238],[-72.6893,19.9248],[-72.6889,19.923],[-72.6883,19.9214],[-72.6867,19.9209],[-72.6852,19.9202],[-72.6831,19.9202],[-72.6819,19.9211],[-72.6813,19.9227],[-72.6792,19.9228],[-72.6775,19.9224],[-72.676,19.9217],[-72.6739,19.9216],[-72.6721,19.9213],[-72.6705,19.9206],[-72.671,19.9191],[-72.6703,19.9178],[-72.6691,19.9168],[-72.6676,19.9161],[-72.6655,19.9162],[-72.6641,19.917],[-72.6623,19.9172],[-72.6613,19.9162],[-72.6601,19.9153],[-72.6589,19.9144],[-72.6569,19.9144],[-72.6553,19.9139],[-72.6532,19.9138],[-72.6516,19.9133],[-72.6508,19.9119],[-72.6498,19.9109],[-72.6489,19.9098],[-72.6483,19.9083],[-72.6473,19.9071],[-72.6459,19.9064],[-72.6442,19.906],[-72.6429,19.9067],[-72.6424,19.9083],[-72.6409,19.9089],[-72.6394,19.9084],[-72.6373,19.9082],[-72.636,19.9073],[-72.6366,19.9059],[-72.6365,19.9039],[-72.6358,19.9025],[-72.635,19.9012],[-72.6341,19.8999],[-72.6331,19.8988],[-72.6321,19.8978],[-72.6308,19.8969],[-72.6288,19.8968],[-72.6273,19.896],[-72.6254,19.8956],[-72.6237,19.8951],[-72.6222,19.8945],[-72.621,19.8934],[-72.6193,19.8929],[-72.6172,19.8928],[-72.6154,19.8933],[-72.6135,19.8929],[-72.6117,19.8926],[-72.6099,19.8924],[-72.6081,19.8922],[-72.6059,19.8924],[-72.6044,19.8933],[-72.6035,19.8945],[-72.6023,19.8956],[-72.6004,19.8955],[-72.5983,19.8953],[-72.5964,19.8949],[-72.5946,19.8952],[-72.5936,19.8962],[-72.5927,19.8975],[-72.5919,19.8989],[-72.5902,19.8984],[-72.5893,19.8972],[-72.5876,19.8969],[-72.5859,19.8972],[-72.5844,19.8978],[-72.5842,19.8959],[-72.5826,19.8965],[-72.5816,19.8975],[-72.5808,19.896],[-72.5792,19.8955],[-72.5782,19.8945],[-72.5769,19.8938],[-72.576,19.8926],[-72.5742,19.8923],[-72.5733,19.8911],[-72.5745,19.8902],[-72.5742,19.8884],[-72.5736,19.887],[-72.5719,19.8865],[-72.5709,19.8855],[-72.5696,19.8847],[-72.568,19.8842],[-72.5669,19.8832],[-72.5659,19.8822],[-72.5646,19.8815],[-72.5628,19.8813],[-72.561,19.8816],[-72.5617,19.8801],[-72.5602,19.8796],[-72.5582,19.8795],[-72.5572,19.8785],[-72.5558,19.8777],[-72.5546,19.8769],[-72.5533,19.876],[-72.5525,19.8747],[-72.5539,19.874],[-72.5548,19.8728],[-72.556,19.8719],[-72.5554,19.8704],[-72.5538,19.87],[-72.5527,19.869],[-72.5514,19.8682],[-72.5498,19.8677],[-72.5487,19.8668],[-72.5474,19.8661],[-72.5463,19.8651],[-72.5449,19.8645],[-72.5443,19.8629],[-72.5425,19.8631],[-72.5413,19.8622],[-72.5407,19.8607],[-72.5417,19.8597],[-72.5406,19.8588],[-72.5394,19.8579],[-72.5389,19.8564],[-72.538,19.8553],[-72.5371,19.8542],[-72.536,19.8531],[-72.535,19.8521],[-72.534,19.851],[-72.5329,19.8501],[-72.5318,19.8491],[-72.5304,19.8484],[-72.5291,19.8476],[-72.5273,19.8473],[-72.5259,19.8479],[-72.5247,19.8489],[-72.5232,19.8496],[-72.5218,19.8502],[-72.5214,19.8485],[-72.5212,19.8467],[-72.5216,19.8451],[-72.5208,19.8435],[-72.5201,19.8421],[-72.5193,19.8408],[-72.5181,19.8397],[-72.5152,19.8397],[-72.5137,19.8403],[-72.5132,19.8418],[-72.5129,19.8436],[-72.5123,19.845],[-72.512,19.8468],[-72.5114,19.8482],[-72.5097,19.8478],[-72.5082,19.8471],[-72.5072,19.8461],[-72.5062,19.845],[-72.5058,19.8433],[-72.5059,19.8414],[-72.5052,19.84],[-72.5053,19.8381],[-72.5047,19.8367],[-72.5038,19.8356],[-72.5026,19.8365],[-72.5016,19.8376],[-72.5007,19.8364],[-72.499,19.836],[-72.4992,19.8342],[-72.4992,19.8321],[-72.5003,19.8311],[-72.5006,19.8294],[-72.5005,19.8273],[-72.5004,19.8251],[-72.4994,19.824],[-72.4978,19.8234],[-72.4965,19.8224],[-72.4955,19.8213],[-72.4944,19.82],[-72.4923,19.8201],[-72.4912,19.8213],[-72.4905,19.8226],[-72.49,19.8241],[-72.4896,19.8259],[-72.4905,19.8271],[-72.4918,19.8279],[-72.4925,19.8292],[-72.4922,19.8309],[-72.4913,19.832],[-72.4917,19.8337],[-72.4898,19.834],[-72.4889,19.8327],[-72.4885,19.8308],[-72.4878,19.8295],[-72.4866,19.8285],[-72.4848,19.8282],[-72.4841,19.8268],[-72.4836,19.8253],[-72.4827,19.824],[-72.482,19.8226],[-72.4807,19.8218],[-72.4791,19.8213],[-72.4773,19.8211],[-72.4755,19.8213],[-72.4737,19.8216],[-72.472,19.822],[-72.4703,19.8229],[-72.469,19.8239],[-72.4681,19.8251],[-72.4674,19.8267],[-72.4676,19.8285],[-72.4689,19.8292],[-72.47,19.8302],[-72.4708,19.8316],[-72.4694,19.8322],[-72.4684,19.831],[-72.4673,19.8319],[-72.4656,19.8315],[-72.464,19.8308],[-72.4627,19.8298],[-72.4614,19.829],[-72.4599,19.8284],[-72.459,19.8272],[-72.4603,19.8265],[-72.46,19.824],[-72.4589,19.823],[-72.4576,19.8222],[-72.4561,19.8213],[-72.4548,19.8206],[-72.4533,19.8198],[-72.4519,19.8191],[-72.4503,19.8185],[-72.4488,19.8179],[-72.447,19.8176],[-72.4451,19.8173],[-72.4427,19.8174],[-72.4407,19.8178],[-72.4392,19.8184],[-72.4376,19.8192],[-72.4357,19.8196],[-72.4342,19.821],[-72.4331,19.8223],[-72.4328,19.8241],[-72.4339,19.8251],[-72.4342,19.8268],[-72.4344,19.8288],[-72.4334,19.8299],[-72.4324,19.8309],[-72.4309,19.8304],[-72.4296,19.8297],[-72.4279,19.8293],[-72.4269,19.8282],[-72.4259,19.8272],[-72.4247,19.8263],[-72.4255,19.8249],[-72.4269,19.8239],[-72.4281,19.823],[-72.4295,19.8223],[-72.43,19.8207],[-72.4293,19.8191],[-72.4275,19.8193],[-72.4264,19.8183],[-72.4254,19.8173],[-72.4237,19.8169],[-72.424,19.8152],[-72.4232,19.814],[-72.422,19.8127],[-72.4209,19.8116],[-72.4198,19.8107],[-72.4186,19.8098],[-72.4185,19.8079],[-72.4196,19.805],[-72.4207,19.8037],[-72.4202,19.8013],[-72.4209,19.7977],[-72.4202,19.7932],[-72.4188,19.7891],[-72.4179,19.7872],[-72.4175,19.7855],[-72.4161,19.7818],[-72.4153,19.7804],[-72.4139,19.7772],[-72.4128,19.7762],[-72.4136,19.7728],[-72.4158,19.7704],[-72.4164,19.7685],[-72.4179,19.7667],[-72.4186,19.7653],[-72.4193,19.7627],[-72.4186,19.761],[-72.419,19.7593],[-72.4188,19.7571],[-72.42,19.7542],[-72.421,19.7526],[-72.4224,19.7511],[-72.4244,19.7484],[-72.4239,19.7448],[-72.4237,19.7428],[-72.4233,19.7407],[-72.4242,19.7368],[-72.4236,19.7339],[-72.425,19.7325],[-72.427,19.732],[-72.4287,19.7313],[-72.4302,19.7283],[-72.4302,19.726],[-72.4308,19.7245],[-72.4287,19.723],[-72.4275,19.7218],[-72.428,19.7203],[-72.4309,19.718],[-72.4318,19.7167],[-72.4327,19.7151],[-72.4347,19.7133],[-72.4342,19.7108],[-72.4345,19.7089],[-72.4364,19.7084],[-72.4385,19.7071],[-72.4416,19.7037],[-72.443,19.7026],[-72.4462,19.7024],[-72.4469,19.6994],[-72.4464,19.6966],[-72.4457,19.6943],[-72.4462,19.6918],[-72.4462,19.6891],[-72.4466,19.6874],[-72.4458,19.6857],[-72.4483,19.6846],[-72.4511,19.6833],[-72.4534,19.682],[-72.4569,19.6798],[-72.4575,19.678],[-72.4591,19.6769],[-72.4621,19.6771],[-72.4638,19.678],[-72.4652,19.6805],[-72.4654,19.6831],[-72.4663,19.6851],[-72.4676,19.6859],[-72.4682,19.6875],[-72.4712,19.6892],[-72.473,19.6906],[-72.4751,19.6918],[-72.477,19.694],[-72.4798,19.6945],[-72.4808,19.6955],[-72.4835,19.6958],[-72.4872,19.6959],[-72.4909,19.6963],[-72.4926,19.6969],[-72.4944,19.6982],[-72.4957,19.6974],[-72.4975,19.6964],[-72.5004,19.6984],[-72.5025,19.6986],[-72.504,19.6964],[-72.5061,19.6969],[-72.5071,19.6982],[-72.5076,19.6997],[-72.5087,19.7018],[-72.5082,19.7035],[-72.5084,19.7072],[-72.5092,19.7097],[-72.5106,19.713],[-72.5097,19.7149],[-72.5076,19.7172],[-72.5082,19.7199],[-72.5098,19.7241],[-72.5108,19.7251],[-72.5118,19.7273],[-72.5142,19.729],[-72.5152,19.7301],[-72.5185,19.7312],[-72.5202,19.7322],[-72.5204,19.7351],[-72.521,19.7371],[-72.5224,19.738],[-72.5233,19.7364],[-72.5243,19.7343],[-72.5257,19.7323],[-72.5293,19.7311],[-72.5319,19.7321],[-72.5348,19.7326],[-72.5369,19.7327],[-72.5393,19.7328],[-72.5413,19.7334],[-72.5434,19.7341],[-72.5462,19.7339],[-72.5479,19.7326],[-72.5496,19.7318],[-72.5513,19.7326],[-72.5523,19.7347],[-72.5533,19.7359],[-72.5559,19.7363],[-72.5578,19.7366],[-72.5612,19.7364],[-72.5633,19.7367],[-72.5645,19.7381],[-72.5663,19.7388],[-72.5694,19.7391],[-72.5722,19.7393],[-72.5728,19.7408],[-72.5737,19.7424],[-72.579,19.743],[-72.5828,19.7439],[-72.5848,19.7447],[-72.5896,19.7451],[-72.5918,19.7435],[-72.5973,19.7423],[-72.5997,19.7421],[-72.6007,19.7441],[-72.6031,19.745],[-72.6055,19.7461],[-72.608,19.7471],[-72.6085,19.7506],[-72.6105,19.752],[-72.6114,19.7536],[-72.6119,19.7552],[-72.6134,19.7571],[-72.6138,19.7595],[-72.6144,19.7611],[-72.6159,19.7639],[-72.6174,19.7648],[-72.6204,19.7643],[-72.6233,19.763],[-72.6254,19.7633],[-72.6266,19.7642],[-72.6285,19.765],[-72.6306,19.7645],[-72.6333,19.7662],[-72.6363,19.7659],[-72.6382,19.768],[-72.6391,19.7692],[-72.6408,19.7707],[-72.6425,19.7719],[-72.6442,19.7723],[-72.6459,19.7737],[-72.647,19.7752],[-72.6478,19.778],[-72.6489,19.7804],[-72.6501,19.7823],[-72.6509,19.7846],[-72.6525,19.7858],[-72.6546,19.7848],[-72.6568,19.785],[-72.6597,19.7853],[-72.6617,19.7857],[-72.6639,19.7877],[-72.6662,19.7876],[-72.6681,19.7883],[-72.6702,19.7887],[-72.6723,19.788],[-72.6742,19.7893],[-72.6753,19.7905],[-72.6781,19.793],[-72.6801,19.7941],[-72.6824,19.7944],[-72.6859,19.7945],[-72.6876,19.796],[-72.6889,19.7982],[-72.689,19.8011],[-72.6911,19.8008],[-72.6937,19.8011],[-72.6946,19.8023],[-72.6959,19.8039],[-72.6962,19.8056],[-72.6972,19.8069],[-72.6987,19.8085],[-72.7006,19.8093],[-72.7005,19.8117],[-72.7021,19.8122],[-72.7043,19.8125],[-72.706,19.8139],[-72.7081,19.8152],[-72.7119,19.8156],[-72.7137,19.8172],[-72.7161,19.8183],[-72.7177,19.8202],[-72.7199,19.822],[-72.7249,19.824],[-72.7274,19.8254],[-72.7297,19.8256],[-72.7313,19.8271],[-72.7335,19.8277],[-72.7358,19.8283],[-72.7362,19.8304],[-72.7367,19.8323],[-72.7381,19.8346],[-72.7388,19.8361],[-72.7398,19.8374],[-72.7383,19.8391],[-72.7405,19.841],[-72.7421,19.842],[-72.7428,19.8436],[-72.7431,19.8455],[-72.7452,19.8474],[-72.7472,19.8487],[-72.7484,19.8499],[-72.7492,19.8512],[-72.7506,19.8522],[-72.7515,19.8537],[-72.7538,19.8555],[-72.7552,19.8561],[-72.7568,19.8583],[-72.7576,19.8596],[-72.7593,19.8604],[-72.7616,19.8603],[-72.7638,19.8607],[-72.7651,19.8627],[-72.7653,19.8648],[-72.767,19.8654],[-72.7678,19.8673],[-72.7692,19.8692],[-72.7706,19.8708],[-72.7721,19.8728],[-72.7695,19.8746],[-72.7682,19.877],[-72.77,19.8785],[-72.7711,19.8795],[-72.7716,19.8811],[-72.7712,19.8829],[-72.7713,19.8851],[-72.771,19.8871],[-72.7727,19.8892],[-72.7749,19.8909],[-72.7754,19.893],[-72.7762,19.8944],[-72.7792,19.8958],[-72.7836,19.897],[-72.7846,19.8984],[-72.7863,19.8997],[-72.7876,19.9013],[-72.7874,19.9033],[-72.79,19.9036],[-72.792,19.9047],[-72.7965,19.9058],[-72.7997,19.9049],[-72.8024,19.9052],[-72.804,19.9058],[-72.8052,19.9071],[-72.8066,19.9082],[-72.8085,19.9092],[-72.8094,19.9113],[-72.8123,19.9137],[-72.8176,19.9138],[-72.8183,19.9152],[-72.8199,19.9162],[-72.8221,19.9181],[-72.8242,19.9184],[-72.8261,19.9195],[-72.8274,19.9209],[-72.8281,19.9223],[-72.8293,19.9234],[-72.8312,19.9246],[-72.8323,19.9267],[-72.8332,19.9283],[-72.8349,19.9296],[-72.8373,19.9285],[-72.8388,19.9299],[-72.8414,19.9297],[-72.844,19.933],[-72.8466,19.9394],[-72.8468,19.9437],[-72.8451,19.9433],[-72.8434,19.9428],[-72.8417,19.9424],[-72.8406,19.9414],[-72.8389,19.9411],[-72.8378,19.9422],[-72.8359,19.9421],[-72.8347,19.9411],[-72.8332,19.9405],[-72.8316,19.941],[-72.8303,19.9417],[-72.8293,19.9428],[-72.8285,19.9443],[-72.8276,19.9455],[-72.8258,19.9457],[-72.8242,19.9463],[-72.8235,19.9476],[-72.8226,19.9489],[-72.8217,19.9501],[-72.821,19.9514],[-72.8201,19.9525],[-72.818,19.9526],[-72.817,19.9526]]]]},"properties":{"nom":"Port de Paix / Port Margot","code":"04","zone":"Presqu'île du NORD-OUEST"}},{"type":"Feature","geometry":{"type":"MultiPolygon","coordinates":[[[[-73.2565,19.8047],[-73.2555,19.8035],[-73.2554,19.8012],[-73.2535,19.7984],[-73.253,19.7957],[-73.2517,19.7943],[-73.25,19.7922],[-73.2489,19.7903],[-73.2483,19.7887],[-73.2466,19.7873],[-73.2449,19.7854],[-73.2451,19.7828],[-73.2441,19.7817],[-73.2412,19.7807],[-73.2401,19.779],[-73.2386,19.7764],[-73.2374,19.7749],[-73.2355,19.7713],[-73.2347,19.7694],[-73.234,19.7677],[-73.233,19.7647],[-73.2314,19.763],[-73.23,19.7614],[-73.2296,19.759],[-73.2281,19.7571],[-73.2258,19.7555],[-73.2243,19.7547],[-73.2225,19.7544],[-73.2206,19.7537],[-73.2204,19.7555],[-73.2178,19.7572],[-73.2165,19.758],[-73.2136,19.7577],[-73.2116,19.7578],[-73.2101,19.7568],[-73.2082,19.7572],[-73.2058,19.758],[-73.2031,19.7585],[-73.2018,19.7605],[-73.1983,19.7606],[-73.1965,19.7598],[-73.1927,19.758],[-73.189,19.7574],[-73.1885,19.7592],[-73.1881,19.761],[-73.1862,19.7613],[-73.1837,19.7609],[-73.1815,19.7609],[-73.1807,19.7623],[-73.1799,19.7637],[-73.1784,19.7642],[-73.1752,19.7642],[-73.1735,19.7632],[-73.1715,19.7637],[-73.1705,19.7649],[-73.1696,19.7662],[-73.1689,19.7676],[-73.1669,19.7684],[-73.1658,19.7695],[-73.1624,19.7713],[-73.1607,19.7724],[-73.1585,19.7732],[-73.1572,19.7746],[-73.159,19.7754],[-73.1588,19.7775],[-73.1582,19.7795],[-73.156,19.7793],[-73.1537,19.7799],[-73.1519,19.782],[-73.1493,19.7816],[-73.1475,19.7802],[-73.1451,19.781],[-73.1438,19.7825],[-73.1417,19.7846],[-73.1406,19.7861],[-73.1398,19.7876],[-73.1386,19.7885],[-73.1372,19.7911],[-73.1385,19.7926],[-73.1403,19.7941],[-73.1416,19.7963],[-73.1396,19.7977],[-73.1371,19.7987],[-73.1354,19.7973],[-73.1338,19.7969],[-73.1319,19.7948],[-73.1297,19.7907],[-73.1264,19.7907],[-73.1227,19.7901],[-73.1217,19.7887],[-73.1213,19.7867],[-73.1189,19.7854],[-73.1168,19.7864],[-73.1146,19.786],[-73.1137,19.784],[-73.1126,19.7821],[-73.1101,19.777],[-73.1086,19.7752],[-73.1079,19.7732],[-73.1071,19.7714],[-73.1059,19.7702],[-73.1051,19.7683],[-73.1044,19.7665],[-73.1024,19.7659],[-73.1012,19.7648],[-73.1009,19.7624],[-73.0985,19.7613],[-73.0983,19.7591],[-73.0958,19.7605],[-73.0938,19.7611],[-73.0907,19.7621],[-73.0898,19.761],[-73.088,19.7612],[-73.0859,19.7603],[-73.0827,19.7612],[-73.0824,19.7591],[-73.0801,19.7574],[-73.0786,19.7568],[-73.0766,19.757],[-73.0737,19.7573],[-73.0721,19.7585],[-73.0702,19.7571],[-73.0684,19.7557],[-73.0655,19.7545],[-73.0632,19.7549],[-73.0621,19.7571],[-73.0607,19.7586],[-73.059,19.7601],[-73.0598,19.7618],[-73.0588,19.7632],[-73.0591,19.767],[-73.0577,19.7696],[-73.0571,19.7719],[-73.0566,19.7735],[-73.0564,19.776],[-73.0548,19.7769],[-73.0519,19.7785],[-73.0494,19.7799],[-73.0467,19.7811],[-73.0456,19.7801],[-73.0433,19.7783],[-73.042,19.7773],[-73.0398,19.7779],[-73.0381,19.7772],[-73.0371,19.7762],[-73.0358,19.7749],[-73.0341,19.7743],[-73.0301,19.7754],[-73.0294,19.7781],[-73.0277,19.7791],[-73.0254,19.7781],[-73.024,19.7771],[-73.022,19.7768],[-73.0181,19.7773],[-73.0158,19.7765],[-73.0135,19.7754],[-73.0114,19.7754],[-73.0101,19.7746],[-73.0089,19.7737],[-73.0064,19.7716],[-73.0044,19.7699],[-73.0036,19.7686],[-73.0016,19.7677],[-72.9997,19.7671],[-72.9977,19.7675],[-72.9962,19.769],[-72.9933,19.7684],[-72.9916,19.7673],[-72.9894,19.7665],[-72.9877,19.7657],[-72.9851,19.7659],[-72.9823,19.7643],[-72.9806,19.7649],[-72.9783,19.7642],[-72.9749,19.7624],[-72.9725,19.761],[-72.9706,19.7601],[-72.9694,19.7593],[-72.9672,19.759],[-72.9653,19.7588],[-72.9641,19.7565],[-72.9621,19.7549],[-72.9618,19.7499],[-72.9606,19.7482],[-72.9605,19.7458],[-72.9616,19.7443],[-72.9618,19.7423],[-72.9614,19.7401],[-72.9607,19.7382],[-72.9599,19.7361],[-72.9576,19.7322],[-72.9569,19.7298],[-72.9552,19.7289],[-72.9543,19.7276],[-72.9524,19.7259],[-72.9504,19.7254],[-72.9491,19.7244],[-72.947,19.723],[-72.9458,19.7221],[-72.9464,19.7203],[-72.9465,19.7177],[-72.9474,19.716],[-72.945,19.7128],[-72.9435,19.712],[-72.9418,19.7125],[-72.939,19.7119],[-72.9367,19.7116],[-72.9344,19.7113],[-72.9327,19.7103],[-72.9308,19.7109],[-72.9285,19.7102],[-72.9269,19.7091],[-72.9244,19.7099],[-72.9226,19.7103],[-72.9216,19.709],[-72.9188,19.7094],[-72.9171,19.7084],[-72.9157,19.7072],[-72.9146,19.7057],[-72.9129,19.7051],[-72.909,19.7023],[-72.9077,19.6997],[-72.9051,19.6998],[-72.9033,19.6975],[-72.9023,19.6964],[-72.9002,19.6961],[-72.897,19.6962],[-72.8944,19.6952],[-72.8922,19.6949],[-72.8898,19.6947],[-72.8879,19.6938],[-72.8856,19.694],[-72.8837,19.6961],[-72.882,19.6942],[-72.8796,19.6936],[-72.8762,19.6926],[-72.8757,19.691],[-72.8743,19.6903],[-72.8717,19.6928],[-72.8696,19.6912],[-72.8669,19.6903],[-72.8654,19.6911],[-72.8626,19.6913],[-72.8615,19.6924],[-72.8588,19.692],[-72.8579,19.6903],[-72.8543,19.6901],[-72.854,19.6925],[-72.852,19.6926],[-72.8501,19.6927],[-72.848,19.6939],[-72.8446,19.6963],[-72.8434,19.6972],[-72.8422,19.6984],[-72.8408,19.7],[-72.8391,19.6985],[-72.8374,19.6975],[-72.8349,19.6954],[-72.8334,19.6969],[-72.8311,19.6964],[-72.8298,19.6953],[-72.8272,19.6937],[-72.825,19.6922],[-72.8221,19.6914],[-72.8204,19.6901],[-72.8186,19.6876],[-72.8163,19.6881],[-72.8149,19.6868],[-72.8141,19.6849],[-72.8125,19.6829],[-72.8115,19.6796],[-72.8104,19.6784],[-72.812,19.6762],[-72.8118,19.6729],[-72.8116,19.6704],[-72.8125,19.6688],[-72.8106,19.6674],[-72.809,19.6658],[-72.807,19.6641],[-72.8063,19.6622],[-72.8043,19.6628],[-72.8028,19.6636],[-72.8008,19.6635],[-72.7989,19.6641],[-72.7965,19.6643],[-72.7945,19.6638],[-72.793,19.662],[-72.7895,19.6597],[-72.7895,19.657],[-72.7898,19.6551],[-72.7907,19.6535],[-72.7909,19.6495],[-72.7888,19.6475],[-72.7874,19.6461],[-72.7853,19.6443],[-72.784,19.6429],[-72.7832,19.6415],[-72.7826,19.6398],[-72.7825,19.6373],[-72.7833,19.6356],[-72.7839,19.6339],[-72.7835,19.6303],[-72.7826,19.6288],[-72.7811,19.6279],[-72.7801,19.6264],[-72.7781,19.6241],[-72.7745,19.6226],[-72.7724,19.6215],[-72.7707,19.6208],[-72.7698,19.6189],[-72.7685,19.6173],[-72.7669,19.6151],[-72.7656,19.6137],[-72.7643,19.6128],[-72.7625,19.6118],[-72.7616,19.6102],[-72.7602,19.6094],[-72.7596,19.6071],[-72.759,19.6054],[-72.7545,19.6014],[-72.7533,19.5996],[-72.7521,19.5987],[-72.7505,19.5971],[-72.7485,19.5967],[-72.747,19.5946],[-72.7462,19.593],[-72.7452,19.5912],[-72.7447,19.5895],[-72.7438,19.587],[-72.743,19.5857],[-72.7428,19.5836],[-72.7435,19.5819],[-72.7444,19.5795],[-72.7462,19.5773],[-72.7476,19.5758],[-72.7485,19.5739],[-72.7498,19.5724],[-72.748,19.5715],[-72.7477,19.5698],[-72.7475,19.5674],[-72.746,19.5657],[-72.7451,19.5631],[-72.7467,19.5625],[-72.7473,19.5603],[-72.7485,19.5574],[-72.7475,19.5563],[-72.7465,19.5552],[-72.7454,19.553],[-72.7459,19.5501],[-72.7503,19.5498],[-72.7523,19.5491],[-72.7545,19.5466],[-72.7575,19.5426],[-72.7569,19.541],[-72.7529,19.5407],[-72.7507,19.5405],[-72.7495,19.5393],[-72.748,19.5378],[-72.7475,19.5363],[-72.7465,19.5345],[-72.7453,19.5336],[-72.7439,19.533],[-72.7414,19.5298],[-72.7407,19.5277],[-72.7414,19.5257],[-72.7429,19.5252],[-72.7421,19.5231],[-72.7415,19.5211],[-72.7409,19.5197],[-72.7393,19.5171],[-72.7358,19.5192],[-72.7329,19.5188],[-72.7292,19.5186],[-72.7269,19.5185],[-72.7236,19.519],[-72.7219,19.5181],[-72.7161,19.5186],[-72.7152,19.5173],[-72.7142,19.5161],[-72.7122,19.5156],[-72.7101,19.5143],[-72.7073,19.5139],[-72.7052,19.5132],[-72.7032,19.5128],[-72.7014,19.5124],[-72.6976,19.5117],[-72.6955,19.5118],[-72.6933,19.5108],[-72.6913,19.5095],[-72.6898,19.5115],[-72.6879,19.5126],[-72.6836,19.5109],[-72.6834,19.509],[-72.6828,19.5071],[-72.6829,19.5049],[-72.6834,19.5017],[-72.6826,19.5004],[-72.6826,19.498],[-72.6832,19.4961],[-72.6838,19.4947],[-72.6842,19.492],[-72.6835,19.4901],[-72.6831,19.4867],[-72.6837,19.4844],[-72.685,19.4825],[-72.6863,19.4803],[-72.6858,19.478],[-72.6851,19.4759],[-72.6864,19.4751],[-72.6876,19.4739],[-72.6865,19.4726],[-72.686,19.4707],[-72.6879,19.4686],[-72.6891,19.4665],[-72.6903,19.4649],[-72.6891,19.4635],[-72.6896,19.4593],[-72.6911,19.4586],[-72.6926,19.457],[-72.6954,19.4552],[-72.6964,19.4565],[-72.6973,19.4576],[-72.6992,19.4571],[-72.7009,19.4577],[-72.7024,19.4585],[-72.7044,19.4585],[-72.7061,19.4581],[-72.7073,19.4572],[-72.7087,19.4565],[-72.7104,19.456],[-72.7119,19.4554],[-72.7133,19.4546],[-72.7145,19.4537],[-72.7155,19.4527],[-72.7142,19.4519],[-72.7126,19.4523],[-72.7144,19.4525],[-72.713,19.4532],[-72.7113,19.4537],[-72.7099,19.4547],[-72.7093,19.4533],[-72.7105,19.4521],[-72.7122,19.4518],[-72.7136,19.4512],[-72.7151,19.4506],[-72.7143,19.4494],[-72.7154,19.4505],[-72.7167,19.4513],[-72.7176,19.4526],[-72.7197,19.4526],[-72.7218,19.4524],[-72.7231,19.4532],[-72.7221,19.4548],[-72.7216,19.4532],[-72.7198,19.4529],[-72.7191,19.4542],[-72.7182,19.4553],[-72.7196,19.4559],[-72.7212,19.4567],[-72.7226,19.4573],[-72.7245,19.4576],[-72.7262,19.4572],[-72.7266,19.4555],[-72.7281,19.4549],[-72.7296,19.4544],[-72.7309,19.4536],[-72.7318,19.4525],[-72.7316,19.4506],[-72.7314,19.4486],[-72.7322,19.4474],[-72.7344,19.4473],[-72.7362,19.4475],[-72.738,19.4477],[-72.7397,19.4474],[-72.7413,19.4466],[-72.7426,19.4458],[-72.7441,19.4453],[-72.7461,19.4452],[-72.748,19.4453],[-72.7497,19.4457],[-72.7513,19.4463],[-72.7532,19.4464],[-72.7545,19.4472],[-72.7559,19.4479],[-72.7568,19.4491],[-72.7589,19.4491],[-72.7601,19.45],[-72.761,19.4511],[-72.7619,19.4522],[-72.7638,19.4523],[-72.7655,19.4528],[-72.7672,19.4534],[-72.769,19.4537],[-72.7708,19.454],[-72.7714,19.4554],[-72.7723,19.4566],[-72.7729,19.4581],[-72.7738,19.4598],[-72.7745,19.4612],[-72.775,19.4627],[-72.7756,19.4648],[-72.7763,19.4665],[-72.7772,19.468],[-72.7781,19.4691],[-72.7788,19.4705],[-72.7797,19.4722],[-72.7808,19.4735],[-72.7818,19.4747],[-72.7826,19.4761],[-72.7837,19.4774],[-72.7849,19.4787],[-72.7861,19.4798],[-72.7872,19.4809],[-72.7882,19.4819],[-72.7891,19.483],[-72.7903,19.4842],[-72.7912,19.4856],[-72.7921,19.4868],[-72.7934,19.4877],[-72.7947,19.4886],[-72.7957,19.49],[-72.7968,19.4916],[-72.7982,19.4927],[-72.7991,19.494],[-72.8001,19.4955],[-72.8011,19.4967],[-72.8021,19.4979],[-72.8033,19.4993],[-72.8044,19.5006],[-72.8055,19.5016],[-72.8065,19.5027],[-72.8076,19.5037],[-72.8088,19.5048],[-72.8101,19.5055],[-72.8114,19.5063],[-72.8131,19.5068],[-72.8144,19.5079],[-72.8155,19.5089],[-72.8167,19.5099],[-72.8179,19.511],[-72.8189,19.5121],[-72.8202,19.5132],[-72.8215,19.514],[-72.823,19.5147],[-72.8248,19.5145],[-72.8264,19.514],[-72.8275,19.515],[-72.829,19.5159],[-72.8309,19.5158],[-72.8328,19.5161],[-72.8342,19.5171],[-72.8355,19.5178],[-72.8365,19.5188],[-72.8375,19.5198],[-72.8385,19.521],[-72.8395,19.522],[-72.8401,19.5234],[-72.8412,19.5246],[-72.8422,19.5257],[-72.8433,19.5267],[-72.8444,19.5277],[-72.8455,19.5287],[-72.8467,19.5296],[-72.8479,19.5305],[-72.8491,19.5314],[-72.8505,19.5321],[-72.8521,19.5326],[-72.8543,19.5329],[-72.8563,19.533],[-72.8577,19.5339],[-72.8588,19.535],[-72.8602,19.536],[-72.8615,19.5368],[-72.8629,19.5375],[-72.8643,19.5383],[-72.8658,19.5389],[-72.8672,19.5395],[-72.8688,19.5401],[-72.8703,19.5406],[-72.8721,19.5409],[-72.8744,19.5409],[-72.8762,19.5412],[-72.8778,19.5417],[-72.8797,19.5422],[-72.8811,19.5428],[-72.8824,19.542],[-72.8844,19.5419],[-72.8858,19.5413],[-72.8875,19.5417],[-72.887,19.5432],[-72.8869,19.5451],[-72.8884,19.5446],[-72.8904,19.5448],[-72.8915,19.5459],[-72.8925,19.5469],[-72.8938,19.5477],[-72.8951,19.5485],[-72.8961,19.5495],[-72.8974,19.5505],[-72.8988,19.5513],[-72.9,19.5521],[-72.9013,19.5529],[-72.9027,19.5536],[-72.9043,19.5544],[-72.9058,19.5551],[-72.9072,19.5557],[-72.9087,19.5563],[-72.9103,19.557],[-72.9121,19.5575],[-72.9135,19.5582],[-72.9149,19.5591],[-72.9163,19.5598],[-72.9181,19.5603],[-72.9196,19.561],[-72.921,19.5621],[-72.9225,19.5627],[-72.9241,19.5632],[-72.9254,19.564],[-72.9269,19.5645],[-72.9285,19.5651],[-72.9303,19.5653],[-72.9317,19.5659],[-72.9336,19.5661],[-72.9351,19.5666],[-72.9367,19.5671],[-72.9386,19.5676],[-72.94,19.5682],[-72.9417,19.5687],[-72.9431,19.5693],[-72.9449,19.5698],[-72.9467,19.5704],[-72.9483,19.5709],[-72.9496,19.5718],[-72.9512,19.5727],[-72.953,19.5729],[-72.9544,19.5737],[-72.9564,19.5736],[-72.9571,19.5751],[-72.9586,19.5758],[-72.9598,19.5749],[-72.9617,19.5751],[-72.963,19.5759],[-72.9624,19.5774],[-72.9629,19.579],[-72.9639,19.5801],[-72.9653,19.5795],[-72.9672,19.5798],[-72.9687,19.5804],[-72.9696,19.5816],[-72.9707,19.5826],[-72.9723,19.583],[-72.9735,19.5842],[-72.9743,19.5856],[-72.9763,19.5857],[-72.9775,19.5865],[-72.9786,19.5875],[-72.9785,19.5894],[-72.9787,19.5913],[-72.9784,19.593],[-72.9771,19.594],[-72.9783,19.5948],[-72.9789,19.5964],[-72.9798,19.595],[-72.9801,19.5932],[-72.9801,19.5911],[-72.9811,19.5901],[-72.9825,19.5909],[-72.9841,19.5914],[-72.9852,19.5925],[-72.9857,19.5942],[-72.9872,19.5949],[-72.9885,19.5958],[-72.9899,19.5952],[-72.9914,19.5958],[-72.9924,19.5968],[-72.9937,19.5976],[-72.9944,19.599],[-72.9959,19.5996],[-72.9971,19.6006],[-72.9983,19.6019],[-72.9976,19.6034],[-72.9971,19.6051],[-72.9962,19.6063],[-72.9952,19.6073],[-72.9939,19.6081],[-72.9929,19.6093],[-72.9921,19.6105],[-72.9915,19.612],[-72.9928,19.6129],[-72.994,19.6139],[-72.9954,19.6131],[-72.9969,19.6124],[-72.9982,19.6116],[-72.9997,19.6108],[-73.0001,19.609],[-73.0004,19.6071],[-73.0017,19.6062],[-73.0027,19.6051],[-73.0045,19.6045],[-73.0063,19.6048],[-73.0082,19.6051],[-73.0102,19.6052],[-73.0121,19.6054],[-73.0138,19.6058],[-73.0155,19.6063],[-73.0148,19.6081],[-73.0159,19.6091],[-73.0173,19.6097],[-73.0191,19.6089],[-73.0211,19.6088],[-73.0232,19.6094],[-73.0243,19.6104],[-73.0256,19.6111],[-73.0265,19.6122],[-73.0278,19.613],[-73.0293,19.6138],[-73.0304,19.6148],[-73.0319,19.6154],[-73.0333,19.6161],[-73.0351,19.6164],[-73.0366,19.6169],[-73.0373,19.6183],[-73.0383,19.6196],[-73.0397,19.6203],[-73.0409,19.6212],[-73.0424,19.6219],[-73.0438,19.6229],[-73.0451,19.6238],[-73.0465,19.6245],[-73.0476,19.6255],[-73.0484,19.6271],[-73.0497,19.6278],[-73.0511,19.6286],[-73.0523,19.6295],[-73.0536,19.6304],[-73.0554,19.6308],[-73.0571,19.6312],[-73.0585,19.6319],[-73.06,19.6324],[-73.0616,19.6329],[-73.063,19.6336],[-73.0648,19.634],[-73.0667,19.6342],[-73.0685,19.6344],[-73.0701,19.6349],[-73.0716,19.6354],[-73.0734,19.6357],[-73.075,19.6362],[-73.0767,19.6366],[-73.0784,19.637],[-73.0804,19.6373],[-73.0822,19.6375],[-73.084,19.6378],[-73.0856,19.6383],[-73.0873,19.6387],[-73.089,19.6391],[-73.0905,19.6397],[-73.0921,19.6402],[-73.0942,19.6406],[-73.096,19.6409],[-73.0978,19.6413],[-73.0991,19.6423],[-73.1006,19.6417],[-73.1023,19.6421],[-73.1041,19.6419],[-73.106,19.6417],[-73.1077,19.6413],[-73.1093,19.6409],[-73.1109,19.6404],[-73.1126,19.64],[-73.1141,19.6394],[-73.1153,19.6385],[-73.1165,19.6376],[-73.1181,19.6371],[-73.1188,19.6355],[-73.12,19.6346],[-73.1212,19.6337],[-73.122,19.6323],[-73.1223,19.6305],[-73.1229,19.6287],[-73.1236,19.6273],[-73.1249,19.6264],[-73.1256,19.6251],[-73.1265,19.6239],[-73.1278,19.6228],[-73.1296,19.6226],[-73.1316,19.6226],[-73.1333,19.6229],[-73.1349,19.6234],[-73.1366,19.6238],[-73.1383,19.6242],[-73.1401,19.6245],[-73.1418,19.6251],[-73.1442,19.6255],[-73.1458,19.6262],[-73.1467,19.6273],[-73.1482,19.6278],[-73.1495,19.6287],[-73.1508,19.6296],[-73.1529,19.6294],[-73.1552,19.6293],[-73.1565,19.6303],[-73.1582,19.631],[-73.16,19.6314],[-73.1616,19.632],[-73.1632,19.6326],[-73.1645,19.6335],[-73.1662,19.6339],[-73.1679,19.6345],[-73.1697,19.6347],[-73.1708,19.6359],[-73.1725,19.6367],[-73.1739,19.6373],[-73.1756,19.6378],[-73.1774,19.6385],[-73.179,19.6391],[-73.1806,19.6398],[-73.1821,19.6406],[-73.1836,19.6416],[-73.185,19.6423],[-73.1864,19.6434],[-73.1877,19.6444],[-73.1891,19.6453],[-73.1905,19.6462],[-73.1919,19.6473],[-73.1933,19.6481],[-73.1944,19.649],[-73.1952,19.6503],[-73.1961,19.6515],[-73.1972,19.6525],[-73.1986,19.6532],[-73.1994,19.6545],[-73.2007,19.6554],[-73.2017,19.6564],[-73.2027,19.6575],[-73.2036,19.6586],[-73.2045,19.6597],[-73.2054,19.6609],[-73.2068,19.6618],[-73.2086,19.6622],[-73.2104,19.6618],[-73.2123,19.6612],[-73.2135,19.6603],[-73.2147,19.6593],[-73.2162,19.6585],[-73.2179,19.6578],[-73.2194,19.6567],[-73.2196,19.6549],[-73.2194,19.653],[-73.2192,19.651],[-73.2194,19.649],[-73.2196,19.6472],[-73.2201,19.6457],[-73.2209,19.6444],[-73.2215,19.6428],[-73.2222,19.6413],[-73.2229,19.6399],[-73.2237,19.6386],[-73.2245,19.6374],[-73.2255,19.6362],[-73.2265,19.6352],[-73.2279,19.6344],[-73.2284,19.6328],[-73.2292,19.6313],[-73.2306,19.6306],[-73.2322,19.6302],[-73.2339,19.6298],[-73.2353,19.6291],[-73.2372,19.6292],[-73.2391,19.6294],[-73.2404,19.6302],[-73.2418,19.6295],[-73.2435,19.6291],[-73.245,19.6297],[-73.247,19.6298],[-73.2482,19.6289],[-73.2501,19.6291],[-73.2521,19.629],[-73.2538,19.6295],[-73.2559,19.6295],[-73.2578,19.6297],[-73.2596,19.63],[-73.2608,19.6309],[-73.2616,19.6322],[-73.2628,19.6334],[-73.2644,19.6339],[-73.2666,19.6339],[-73.2686,19.6338],[-73.2702,19.6333],[-73.2725,19.6332],[-73.2745,19.6325],[-73.2765,19.6317],[-73.2781,19.6311],[-73.2796,19.6306],[-73.2814,19.6308],[-73.283,19.6316],[-73.2846,19.6321],[-73.2867,19.6322],[-73.2885,19.632],[-73.29,19.6315],[-73.2918,19.6305],[-73.2927,19.6292],[-73.2945,19.629],[-73.2965,19.6289],[-73.2987,19.6291],[-73.3006,19.6292],[-73.3027,19.6294],[-73.3049,19.6294],[-73.3066,19.6288],[-73.3084,19.6279],[-73.31,19.6272],[-73.3116,19.6266],[-73.3134,19.6262],[-73.3153,19.6264],[-73.3171,19.6259],[-73.319,19.6255],[-73.3206,19.625],[-73.3224,19.6252],[-73.3242,19.6248],[-73.3256,19.6255],[-73.327,19.6264],[-73.3288,19.6266],[-73.3311,19.6267],[-73.3331,19.6271],[-73.3351,19.6269],[-73.3366,19.6264],[-73.3381,19.6258],[-73.3397,19.6253],[-73.3412,19.6247],[-73.3431,19.6248],[-73.3451,19.6246],[-73.347,19.6244],[-73.3488,19.6242],[-73.3507,19.6246],[-73.3522,19.6255],[-73.3544,19.626],[-73.3562,19.6262],[-73.3579,19.6255],[-73.3598,19.6254],[-73.3615,19.625],[-73.3625,19.6238],[-73.364,19.6232],[-73.3653,19.624],[-73.3666,19.6248],[-73.3683,19.6254],[-73.3696,19.6261],[-73.3707,19.6271],[-73.3717,19.6281],[-73.372,19.6301],[-73.3734,19.6313],[-73.3751,19.6318],[-73.3766,19.6311],[-73.3785,19.6313],[-73.3803,19.6316],[-73.382,19.6319],[-73.3828,19.6333],[-73.3844,19.6328],[-73.3855,19.6338],[-73.3873,19.634],[-73.3891,19.6342],[-73.3908,19.6346],[-73.3915,19.636],[-73.3929,19.6366],[-73.3945,19.6371],[-73.396,19.6376],[-73.3973,19.6383],[-73.3987,19.639],[-73.3999,19.64],[-73.4012,19.641],[-73.4023,19.6421],[-73.4038,19.6427],[-73.4052,19.6436],[-73.4063,19.6445],[-73.4075,19.6454],[-73.4085,19.6465],[-73.4098,19.6475],[-73.4111,19.6484],[-73.4128,19.6489],[-73.4146,19.6493],[-73.4162,19.6488],[-73.4171,19.65],[-73.4181,19.6511],[-73.4191,19.6525],[-73.42,19.6536],[-73.4212,19.6545],[-73.4226,19.6555],[-73.424,19.6566],[-73.4252,19.6576],[-73.4264,19.6587],[-73.4279,19.6598],[-73.4291,19.6606],[-73.4303,19.6615],[-73.4316,19.6626],[-73.4329,19.6634],[-73.4334,19.6649],[-73.4343,19.6661],[-73.4353,19.6671],[-73.4368,19.6676],[-73.438,19.6685],[-73.4385,19.67],[-73.4395,19.6711],[-73.4404,19.6722],[-73.4413,19.6733],[-73.4419,19.6747],[-73.4427,19.6761],[-73.4435,19.6774],[-73.4445,19.6785],[-73.446,19.6794],[-73.4472,19.6803],[-73.4479,19.6816],[-73.4488,19.6829],[-73.4501,19.6837],[-73.4509,19.685],[-73.452,19.6861],[-73.4532,19.687],[-73.4536,19.6887],[-73.4543,19.69],[-73.4549,19.6915],[-73.4552,19.6932],[-73.4553,19.6952],[-73.4557,19.6969],[-73.4558,19.6988],[-73.4558,19.7008],[-73.4559,19.7027],[-73.4562,19.7046],[-73.4562,19.7066],[-73.4564,19.7084],[-73.4562,19.7102],[-73.4559,19.7121],[-73.4557,19.7139],[-73.4554,19.7158],[-73.4555,19.7178],[-73.4551,19.7196],[-73.4547,19.7213],[-73.4552,19.7228],[-73.456,19.7241],[-73.4556,19.7258],[-73.4553,19.7275],[-73.4558,19.7292],[-73.4556,19.7311],[-73.4555,19.733],[-73.4556,19.7349],[-73.4558,19.7368],[-73.4563,19.7384],[-73.4562,19.7403],[-73.4558,19.742],[-73.456,19.7438],[-73.4555,19.7454],[-73.4548,19.7468],[-73.4542,19.7482],[-73.4534,19.7495],[-73.453,19.7512],[-73.453,19.7533],[-73.4525,19.7548],[-73.453,19.7563],[-73.4534,19.758],[-73.4532,19.7598],[-73.4523,19.7611],[-73.4514,19.7623],[-73.4464,19.7554],[-73.4439,19.749],[-73.4424,19.7449],[-73.4411,19.7419],[-73.4403,19.7394],[-73.437,19.7343],[-73.436,19.7329],[-73.4349,19.7314],[-73.434,19.7301],[-73.4328,19.7285],[-73.433,19.7257],[-73.4324,19.7239],[-73.4316,19.7226],[-73.4304,19.721],[-73.4316,19.7175],[-73.4308,19.7161],[-73.4301,19.7138],[-73.4291,19.7114],[-73.4286,19.7096],[-73.4266,19.7097],[-73.4249,19.7077],[-73.4226,19.7055],[-73.4208,19.7043],[-73.4214,19.7016],[-73.4209,19.6978],[-73.4193,19.6957],[-73.4186,19.6933],[-73.4168,19.6925],[-73.4153,19.6916],[-73.4129,19.6917],[-73.4113,19.6911],[-73.4085,19.6894],[-73.4065,19.6897],[-73.4044,19.6901],[-73.4018,19.6899],[-73.3993,19.6905],[-73.3969,19.6893],[-73.3934,19.6895],[-73.39,19.6887],[-73.3887,19.6878],[-73.3865,19.6858],[-73.3839,19.6815],[-73.3818,19.6781],[-73.3817,19.6758],[-73.3791,19.6736],[-73.3782,19.6711],[-73.3757,19.6707],[-73.3743,19.6689],[-73.3723,19.6684],[-73.3712,19.6673],[-73.3701,19.6651],[-73.3676,19.6642],[-73.365,19.661],[-73.3631,19.6589],[-73.3624,19.6574],[-73.3592,19.6564],[-73.3555,19.6565],[-73.3535,19.6568],[-73.3513,19.6559],[-73.3497,19.6564],[-73.3476,19.6554],[-73.3462,19.6538],[-73.344,19.655],[-73.3432,19.6535],[-73.3419,19.6543],[-73.3409,19.6555],[-73.3394,19.6565],[-73.3399,19.6592],[-73.3407,19.6608],[-73.3405,19.6633],[-73.3429,19.6658],[-73.344,19.6689],[-73.3437,19.6729],[-73.3448,19.6744],[-73.3445,19.6762],[-73.3451,19.6783],[-73.3456,19.6805],[-73.3467,19.6826],[-73.3459,19.6844],[-73.3444,19.687],[-73.3457,19.6899],[-73.3473,19.6909],[-73.3471,19.6927],[-73.3455,19.6943],[-73.3446,19.6959],[-73.3437,19.6972],[-73.3431,19.6988],[-73.3419,19.7011],[-73.3429,19.7026],[-73.3419,19.7045],[-73.3416,19.7064],[-73.3406,19.7076],[-73.3425,19.708],[-73.3443,19.7083],[-73.3463,19.7094],[-73.3453,19.7107],[-73.3459,19.7144],[-73.3467,19.7159],[-73.3462,19.7176],[-73.3445,19.7161],[-73.3412,19.7158],[-73.3404,19.7172],[-73.3387,19.7185],[-73.3377,19.7229],[-73.3377,19.725],[-73.3367,19.727],[-73.3369,19.7292],[-73.3363,19.7319],[-73.3356,19.7337],[-73.3333,19.7363],[-73.3319,19.7381],[-73.3304,19.7402],[-73.3299,19.7421],[-73.3284,19.7435],[-73.3262,19.7447],[-73.3251,19.7463],[-73.3237,19.7469],[-73.322,19.748],[-73.3222,19.7501],[-73.3214,19.7514],[-73.3198,19.7521],[-73.3185,19.7533],[-73.3202,19.7543],[-73.3217,19.7554],[-73.3237,19.7556],[-73.3254,19.7583],[-73.3256,19.7608],[-73.3265,19.7625],[-73.3254,19.764],[-73.3241,19.7654],[-73.3235,19.7686],[-73.3227,19.7706],[-73.324,19.773],[-73.3228,19.7749],[-73.3198,19.7747],[-73.3178,19.7753],[-73.316,19.7756],[-73.3139,19.7766],[-73.3117,19.7769],[-73.3113,19.7791],[-73.3098,19.7803],[-73.3075,19.7819],[-73.3058,19.7823],[-73.3044,19.7838],[-73.3025,19.7823],[-73.3016,19.7803],[-73.2998,19.78],[-73.2979,19.7792],[-73.2958,19.7805],[-73.2938,19.7807],[-73.2921,19.7827],[-73.2889,19.7823],[-73.2864,19.7828],[-73.2846,19.7833],[-73.2824,19.7841],[-73.2811,19.7849],[-73.2789,19.7846],[-73.2772,19.7855],[-73.2758,19.7867],[-73.2743,19.7885],[-73.2724,19.7883],[-73.2707,19.7891],[-73.2678,19.7891],[-73.2661,19.791],[-73.2639,19.7916],[-73.2628,19.7928],[-73.2622,19.7954],[-73.2627,19.7979],[-73.2627,19.8004],[-73.2633,19.8019],[-73.2619,19.804],[-73.2597,19.8039],[-73.2591,19.8079],[-73.2578,19.8096],[-73.2566,19.8121],[-73.2554,19.8108],[-73.256,19.8094],[-73.256,19.807],[-73.2565,19.8047]]]]},"properties":{"nom":"Bombardopolis / Gonaïves","code":"01","zone":"Presqu'île du NORD-OUEST"}},{"type":"Feature","geometry":{"type":"MultiPolygon","coordinates":[[[[-74.1115,18.6457],[-74.1236,18.6459],[-74.1289,18.6427],[-74.1329,18.6382],[-74.1381,18.6334],[-74.1419,18.632],[-74.1463,18.6324],[-74.1485,18.6329],[-74.1507,18.6348],[-74.1523,18.6359],[-74.1538,18.6349],[-74.1553,18.6338],[-74.1579,18.6311],[-74.1592,18.6319],[-74.1606,18.6336],[-74.1621,18.6343],[-74.1644,18.6352],[-74.1675,18.6347],[-74.1692,18.6333],[-74.1738,18.6331],[-74.1743,18.6347],[-74.1756,18.6363],[-74.1772,18.6358],[-74.1786,18.6365],[-74.1825,18.6355],[-74.1846,18.6354],[-74.1872,18.6344],[-74.1877,18.6306],[-74.1883,18.628],[-74.189,18.6258],[-74.19,18.6248],[-74.1919,18.6241],[-74.1945,18.6244],[-74.1941,18.6223],[-74.1956,18.619],[-74.1975,18.6172],[-74.1995,18.6161],[-74.2007,18.6148],[-74.2028,18.6144],[-74.2037,18.6131],[-74.2056,18.613],[-74.2072,18.6124],[-74.2087,18.6132],[-74.2106,18.6131],[-74.2132,18.6135],[-74.215,18.6138],[-74.2169,18.6134],[-74.2191,18.6136],[-74.2202,18.6122],[-74.2208,18.6106],[-74.2201,18.6079],[-74.2217,18.606],[-74.2238,18.6039],[-74.2264,18.6031],[-74.2279,18.602],[-74.2291,18.5997],[-74.2314,18.5979],[-74.2323,18.5959],[-74.2328,18.5941],[-74.2339,18.593],[-74.2361,18.5935],[-74.2374,18.5914],[-74.2393,18.5907],[-74.2416,18.5883],[-74.244,18.5879],[-74.2475,18.5885],[-74.249,18.5893],[-74.2525,18.5901],[-74.2548,18.59],[-74.2567,18.5898],[-74.2589,18.5899],[-74.2606,18.5905],[-74.2628,18.5902],[-74.2653,18.5899],[-74.2672,18.5898],[-74.2697,18.5899],[-74.273,18.5891],[-74.275,18.5888],[-74.2759,18.5876],[-74.2775,18.5864],[-74.2788,18.5856],[-74.2809,18.5849],[-74.2842,18.5846],[-74.2852,18.5856],[-74.2865,18.5869],[-74.2879,18.5853],[-74.2902,18.5854],[-74.2917,18.5862],[-74.2939,18.5861],[-74.2949,18.5845],[-74.2977,18.5839],[-74.2989,18.5815],[-74.3011,18.5797],[-74.302,18.5777],[-74.3031,18.5762],[-74.3054,18.576],[-74.3074,18.5763],[-74.3099,18.5769],[-74.3133,18.5768],[-74.3155,18.5744],[-74.3165,18.5728],[-74.3165,18.5705],[-74.3154,18.5686],[-74.3163,18.5673],[-74.3182,18.5664],[-74.3201,18.5667],[-74.3221,18.5666],[-74.3234,18.5659],[-74.3266,18.5661],[-74.328,18.5671],[-74.3305,18.5686],[-74.333,18.568],[-74.3362,18.5673],[-74.3388,18.567],[-74.3403,18.5681],[-74.3428,18.5685],[-74.3452,18.5677],[-74.3475,18.567],[-74.3489,18.5678],[-74.3507,18.5681],[-74.3519,18.5672],[-74.3547,18.566],[-74.3563,18.5645],[-74.3576,18.5635],[-74.3592,18.5626],[-74.3601,18.5611],[-74.3613,18.5598],[-74.3598,18.558],[-74.3583,18.5557],[-74.3564,18.5541],[-74.3545,18.5537],[-74.3543,18.5518],[-74.3559,18.5513],[-74.3573,18.55],[-74.359,18.549],[-74.3599,18.5479],[-74.362,18.5472],[-74.365,18.5457],[-74.3673,18.5447],[-74.3693,18.543],[-74.3701,18.5415],[-74.3692,18.5397],[-74.3698,18.5379],[-74.3702,18.5361],[-74.3722,18.5362],[-74.3741,18.5358],[-74.3758,18.5345],[-74.3775,18.5337],[-74.3824,18.533],[-74.382,18.5299],[-74.3835,18.5267],[-74.3857,18.5258],[-74.3886,18.5246],[-74.3885,18.5223],[-74.3883,18.5185],[-74.3871,18.5175],[-74.3855,18.5162],[-74.3848,18.5144],[-74.385,18.512],[-74.3846,18.5101],[-74.383,18.5077],[-74.3844,18.5057],[-74.3872,18.504],[-74.3866,18.502],[-74.3856,18.5004],[-74.3847,18.4991],[-74.3818,18.4974],[-74.3814,18.4953],[-74.3802,18.4943],[-74.3799,18.4908],[-74.3785,18.4901],[-74.3765,18.488],[-74.3774,18.4863],[-74.3782,18.4847],[-74.3808,18.4834],[-74.383,18.4829],[-74.3846,18.482],[-74.3865,18.4815],[-74.3882,18.4807],[-74.3891,18.478],[-74.391,18.4747],[-74.3898,18.4736],[-74.3883,18.4729],[-74.3868,18.471],[-74.3859,18.4697],[-74.3832,18.4674],[-74.3827,18.4649],[-74.3816,18.4638],[-74.3812,18.462],[-74.3815,18.4599],[-74.3834,18.4596],[-74.3851,18.4591],[-74.3863,18.4583],[-74.3867,18.4554],[-74.3866,18.4529],[-74.3858,18.4507],[-74.3863,18.4492],[-74.3879,18.4484],[-74.3913,18.45],[-74.3931,18.4494],[-74.3952,18.4501],[-74.3977,18.4505],[-74.3988,18.4493],[-74.4007,18.4486],[-74.4034,18.4487],[-74.4046,18.4499],[-74.4079,18.4503],[-74.4117,18.45],[-74.413,18.4492],[-74.4137,18.4475],[-74.4128,18.4455],[-74.4113,18.4441],[-74.4118,18.4422],[-74.4155,18.4389],[-74.4182,18.4397],[-74.4228,18.439],[-74.4242,18.4381],[-74.4276,18.4371],[-74.4288,18.4345],[-74.4301,18.4334],[-74.4308,18.4319],[-74.4297,18.4309],[-74.4288,18.4295],[-74.427,18.4279],[-74.4249,18.4276],[-74.4237,18.4265],[-74.422,18.426],[-74.4215,18.4235],[-74.4232,18.422],[-74.4241,18.4199],[-74.4244,18.4177],[-74.4221,18.4176],[-74.4212,18.416],[-74.4189,18.4141],[-74.4191,18.4119],[-74.4188,18.4089],[-74.4202,18.4076],[-74.4207,18.4047],[-74.4218,18.403],[-74.4238,18.4022],[-74.427,18.4026],[-74.4284,18.4009],[-74.4291,18.3994],[-74.4312,18.3976],[-74.4316,18.3945],[-74.4323,18.393],[-74.4323,18.3909],[-74.4349,18.3888],[-74.4346,18.3864],[-74.4322,18.3866],[-74.4314,18.3846],[-74.4286,18.3829],[-74.427,18.3805],[-74.4252,18.3798],[-74.4254,18.3777],[-74.4243,18.3767],[-74.4233,18.3757],[-74.4225,18.3744],[-74.4221,18.3726],[-74.4214,18.3708],[-74.4165,18.3666],[-74.4151,18.364],[-74.4157,18.3622],[-74.4164,18.36],[-74.4205,18.3575],[-74.4205,18.3539],[-74.4228,18.3529],[-74.4248,18.3493],[-74.4261,18.3476],[-74.4323,18.3452],[-74.4342,18.3427],[-74.4356,18.3436],[-74.4369,18.3443],[-74.4387,18.3447],[-74.4394,18.346],[-74.4407,18.3468],[-74.4427,18.3467],[-74.4442,18.3473],[-74.4457,18.3478],[-74.4467,18.3488],[-74.4477,18.3499],[-74.4477,18.352],[-74.4482,18.3536],[-74.4494,18.3546],[-74.4503,18.3558],[-74.4498,18.3574],[-74.4492,18.3589],[-74.4492,18.361],[-74.449,18.3628],[-74.4487,18.3646],[-74.448,18.366],[-74.4475,18.3676],[-74.4468,18.369],[-74.4473,18.3707],[-74.4482,18.372],[-74.4492,18.3733],[-74.4502,18.3744],[-74.4511,18.3758],[-74.4514,18.3775],[-74.4519,18.3792],[-74.4519,18.3813],[-74.4511,18.3826],[-74.4506,18.3841],[-74.4502,18.3858],[-74.4502,18.3879],[-74.4495,18.3893],[-74.4489,18.3909],[-74.4486,18.3927],[-74.4489,18.3946],[-74.4491,18.3964],[-74.4499,18.3978],[-74.4507,18.3991],[-74.4514,18.4004],[-74.4522,18.4018],[-74.4531,18.4032],[-74.4541,18.4045],[-74.4552,18.4058],[-74.4566,18.4069],[-74.4578,18.408],[-74.459,18.4089],[-74.4605,18.4096],[-74.4616,18.4109],[-74.4629,18.4121],[-74.4642,18.4129],[-74.4657,18.4136],[-74.4672,18.4142],[-74.4689,18.4149],[-74.4707,18.4152],[-74.4725,18.4155],[-74.4743,18.415],[-74.4755,18.414],[-74.477,18.4145],[-74.479,18.4147],[-74.4805,18.4152],[-74.4792,18.416],[-74.4774,18.4162],[-74.4761,18.417],[-74.4747,18.4176],[-74.4739,18.4191],[-74.4731,18.4204],[-74.4744,18.4212],[-74.474,18.4229],[-74.4737,18.4248],[-74.4743,18.4262],[-74.4751,18.4275],[-74.4769,18.4277],[-74.4791,18.4276],[-74.4804,18.4286],[-74.4792,18.4295],[-74.4777,18.4301],[-74.4768,18.4312],[-74.4751,18.4317],[-74.474,18.4329],[-74.4729,18.4339],[-74.4722,18.4355],[-74.4727,18.437],[-74.4741,18.4379],[-74.4736,18.4395],[-74.4747,18.4405],[-74.4729,18.4408],[-74.4711,18.4411],[-74.4703,18.4423],[-74.4698,18.4439],[-74.4702,18.4457],[-74.472,18.4461],[-74.4707,18.4469],[-74.4708,18.449],[-74.4693,18.4499],[-74.4678,18.4504],[-74.467,18.4517],[-74.4662,18.453],[-74.4649,18.4538],[-74.4644,18.4553],[-74.4649,18.4568],[-74.4655,18.4582],[-74.4673,18.4585],[-74.4656,18.459],[-74.4636,18.4596],[-74.4618,18.46],[-74.4605,18.4608],[-74.4596,18.462],[-74.4599,18.4637],[-74.4615,18.4642],[-74.4613,18.466],[-74.4599,18.4667],[-74.4584,18.4672],[-74.4572,18.4682],[-74.4556,18.4687],[-74.4538,18.4702],[-74.4536,18.472],[-74.453,18.4735],[-74.4535,18.4753],[-74.4549,18.4761],[-74.454,18.4774],[-74.4539,18.4794],[-74.4528,18.4803],[-74.4533,18.482],[-74.4531,18.4839],[-74.4526,18.4854],[-74.4532,18.4869],[-74.4545,18.4876],[-74.4559,18.4883],[-74.4576,18.4886],[-74.459,18.4894],[-74.4603,18.4904],[-74.4621,18.4906],[-74.461,18.4916],[-74.4606,18.4932],[-74.4594,18.4941],[-74.4585,18.4954],[-74.458,18.4969],[-74.4587,18.4983],[-74.4581,18.4999],[-74.4565,18.5012],[-74.4553,18.5021],[-74.454,18.5029],[-74.4533,18.5044],[-74.4524,18.5056],[-74.4513,18.5068],[-74.4504,18.5081],[-74.4492,18.5091],[-74.4481,18.5101],[-74.4468,18.511],[-74.4459,18.5121],[-74.4449,18.5132],[-74.4439,18.5144],[-74.4426,18.5153],[-74.4418,18.5167],[-74.4416,18.5186],[-74.4427,18.5195],[-74.443,18.5213],[-74.4429,18.5232],[-74.4431,18.5252],[-74.4445,18.5258],[-74.4435,18.5268],[-74.4437,18.5287],[-74.4447,18.53],[-74.4454,18.5315],[-74.4445,18.5327],[-74.4431,18.5335],[-74.4422,18.5346],[-74.4416,18.536],[-74.4407,18.5373],[-74.4388,18.5372],[-74.4375,18.538],[-74.4356,18.5381],[-74.4349,18.5396],[-74.434,18.5407],[-74.4342,18.5425],[-74.4343,18.5446],[-74.4351,18.546],[-74.4359,18.5447],[-74.4373,18.5454],[-74.4361,18.5463],[-74.4369,18.5478],[-74.4366,18.5496],[-74.4361,18.5512],[-74.4341,18.5511],[-74.4349,18.5498],[-74.4333,18.5493],[-74.432,18.55],[-74.4328,18.5513],[-74.4321,18.5527],[-74.4304,18.5531],[-74.4293,18.5541],[-74.4283,18.5555],[-74.4272,18.5566],[-74.426,18.5576],[-74.4253,18.5589],[-74.4246,18.5604],[-74.4237,18.5617],[-74.423,18.5633],[-74.4221,18.5651],[-74.4213,18.5665],[-74.4211,18.5683],[-74.42,18.5693],[-74.4202,18.5712],[-74.4198,18.573],[-74.4194,18.5749],[-74.4184,18.576],[-74.4181,18.5777],[-74.4169,18.5786],[-74.4164,18.5801],[-74.4159,18.5817],[-74.4152,18.5831],[-74.4148,18.5849],[-74.4146,18.5867],[-74.4145,18.5888],[-74.4152,18.5903],[-74.4161,18.5915],[-74.4162,18.5934],[-74.4171,18.5948],[-74.4184,18.5957],[-74.4203,18.5954],[-74.4218,18.5959],[-74.423,18.5969],[-74.4239,18.5983],[-74.4248,18.5994],[-74.4262,18.6001],[-74.4276,18.6007],[-74.4274,18.6026],[-74.4278,18.6043],[-74.429,18.6053],[-74.4279,18.6063],[-74.4263,18.6068],[-74.4255,18.6081],[-74.426,18.6098],[-74.4254,18.6112],[-74.4245,18.6124],[-74.4256,18.6138],[-74.4252,18.6155],[-74.4241,18.6166],[-74.4222,18.6171],[-74.4207,18.6176],[-74.4191,18.6182],[-74.4181,18.6192],[-74.4172,18.6204],[-74.4158,18.6216],[-74.4137,18.6228],[-74.4119,18.624],[-74.4104,18.6245],[-74.409,18.6254],[-74.4084,18.6269],[-74.4078,18.6283],[-74.4072,18.6298],[-74.4059,18.629],[-74.4041,18.6293],[-74.4024,18.6297],[-74.4007,18.6301],[-74.399,18.6304],[-74.3979,18.6294],[-74.3968,18.6285],[-74.3964,18.6268],[-74.3951,18.6275],[-74.395,18.6294],[-74.3944,18.631],[-74.3951,18.6324],[-74.3937,18.6331],[-74.3918,18.6333],[-74.3906,18.6342],[-74.3895,18.6353],[-74.3886,18.6366],[-74.3889,18.6384],[-74.3898,18.6396],[-74.3896,18.6416],[-74.3883,18.6424],[-74.3871,18.6434],[-74.3853,18.6436],[-74.3839,18.6429],[-74.3832,18.6415],[-74.3827,18.64],[-74.3809,18.6395],[-74.3799,18.6384],[-74.3789,18.6374],[-74.3775,18.6366],[-74.3757,18.6364],[-74.374,18.6368],[-74.372,18.6369],[-74.3702,18.6371],[-74.3688,18.6364],[-74.3668,18.6365],[-74.3653,18.6371],[-74.3645,18.6384],[-74.364,18.6399],[-74.3625,18.6405],[-74.3614,18.6395],[-74.3597,18.6401],[-74.3587,18.6411],[-74.3579,18.6424],[-74.3564,18.6418],[-74.3547,18.6428],[-74.3528,18.6431],[-74.3519,18.6443],[-74.3511,18.6456],[-74.3501,18.6466],[-74.3495,18.6481],[-74.3477,18.6483],[-74.3463,18.6475],[-74.3446,18.648],[-74.3441,18.6498],[-74.3436,18.6514],[-74.3419,18.6509],[-74.3404,18.6503],[-74.3391,18.6495],[-74.3378,18.6487],[-74.3365,18.6495],[-74.3352,18.6502],[-74.3339,18.651],[-74.3322,18.6515],[-74.3314,18.6528],[-74.3308,18.6542],[-74.3299,18.6554],[-74.3279,18.6555],[-74.326,18.6556],[-74.3242,18.6559],[-74.3225,18.6555],[-74.3209,18.6551],[-74.3192,18.6547],[-74.3172,18.6545],[-74.3153,18.6542],[-74.3138,18.6535],[-74.3123,18.6529],[-74.3113,18.6518],[-74.3107,18.6504],[-74.3093,18.6498],[-74.3079,18.6506],[-74.3069,18.6516],[-74.3059,18.6526],[-74.3056,18.6545],[-74.3064,18.6558],[-74.3071,18.6571],[-74.3075,18.659],[-74.3061,18.6596],[-74.3047,18.6603],[-74.3036,18.6613],[-74.3017,18.6611],[-74.3001,18.6617],[-74.2983,18.6619],[-74.2965,18.6616],[-74.2946,18.6614],[-74.2929,18.661],[-74.2916,18.6603],[-74.2905,18.6593],[-74.2896,18.6582],[-74.2887,18.657],[-74.2882,18.6554],[-74.2881,18.6535],[-74.2874,18.6521],[-74.2862,18.6512],[-74.2843,18.651],[-74.2831,18.6501],[-74.2823,18.6488],[-74.2809,18.6481],[-74.2789,18.6482],[-74.2774,18.6489],[-74.2762,18.6498],[-74.2755,18.6514],[-74.2757,18.6533],[-74.2751,18.6547],[-74.2734,18.6551],[-74.2717,18.6555],[-74.2703,18.6563],[-74.2697,18.6577],[-74.269,18.6591],[-74.2683,18.6604],[-74.267,18.6614],[-74.2659,18.6624],[-74.2646,18.6632],[-74.2636,18.6644],[-74.2642,18.6658],[-74.2634,18.6671],[-74.2629,18.6686],[-74.2613,18.6691],[-74.2601,18.6699],[-74.2588,18.6707],[-74.257,18.671],[-74.255,18.671],[-74.2531,18.6708],[-74.2517,18.6701],[-74.2504,18.6693],[-74.2494,18.6683],[-74.2498,18.6666],[-74.2487,18.6656],[-74.2468,18.6655],[-74.2464,18.6672],[-74.2455,18.6684],[-74.2444,18.6693],[-74.2431,18.67],[-74.2411,18.6701],[-74.2393,18.6699],[-74.2378,18.6704],[-74.2363,18.671],[-74.2346,18.6714],[-74.2332,18.672],[-74.2314,18.6722],[-74.2297,18.6727],[-74.2279,18.673],[-74.2261,18.6733],[-74.2243,18.6735],[-74.2225,18.6737],[-74.2208,18.6742],[-74.2189,18.6744],[-74.2171,18.6746],[-74.2153,18.6748],[-74.2135,18.675],[-74.2117,18.6753],[-74.2097,18.6754],[-74.208,18.6759],[-74.2061,18.6757],[-74.2042,18.6756],[-74.2021,18.6756],[-74.2,18.6756],[-74.198,18.6755],[-74.1961,18.6757],[-74.1946,18.6752],[-74.1942,18.6735],[-74.1929,18.6728],[-74.191,18.673],[-74.1896,18.6723],[-74.1878,18.672],[-74.186,18.6717],[-74.1841,18.6716],[-74.1824,18.6712],[-74.1806,18.6709],[-74.179,18.6704],[-74.1772,18.6701],[-74.1754,18.6699],[-74.1736,18.6697],[-74.1719,18.6701],[-74.1701,18.6698],[-74.1683,18.6695],[-74.1666,18.6691],[-74.1648,18.6689],[-74.1631,18.6685],[-74.1615,18.668],[-74.16,18.6675],[-74.1588,18.6665],[-74.1569,18.6667],[-74.1553,18.6662],[-74.1541,18.6653],[-74.1527,18.6646],[-74.1513,18.6639],[-74.1502,18.6629],[-74.1486,18.6624],[-74.1475,18.6614],[-74.1465,18.6602],[-74.1451,18.6596],[-74.1442,18.6608],[-74.143,18.6617],[-74.1415,18.6622],[-74.1409,18.6637],[-74.1395,18.6631],[-74.1381,18.6624],[-74.1365,18.6618],[-74.1346,18.6616],[-74.1332,18.6609],[-74.1319,18.66],[-74.1308,18.6591],[-74.1296,18.6581],[-74.1292,18.6562],[-74.1285,18.6548],[-74.1272,18.654],[-74.1254,18.6542],[-74.124,18.6535],[-74.1221,18.6533],[-74.121,18.6542],[-74.119,18.654],[-74.1194,18.6523],[-74.1184,18.6513],[-74.1163,18.6512],[-74.1149,18.6505],[-74.1137,18.6497],[-74.1123,18.6489],[-74.1115,18.6476],[-74.1103,18.6462],[-74.1086,18.6458],[-74.1105,18.646],[-74.1115,18.6457]]]]},"properties":{"nom":"Jérémie / Les Irois","code":"23","zone":"Presqu'île du SUD-OUEST"}},{"type":"Feature","geometry":{"type":"MultiPolygon","coordinates":[[[[-74.1115,18.6457],[-74.1118,18.6439],[-74.1106,18.6429],[-74.112,18.6421],[-74.1116,18.6404],[-74.1108,18.6389],[-74.1099,18.6378],[-74.1088,18.6368],[-74.1075,18.6361],[-74.1062,18.6353],[-74.1049,18.6346],[-74.1039,18.6336],[-74.1026,18.6329],[-74.1012,18.6322],[-74.0999,18.6315],[-74.0985,18.6309],[-74.0972,18.6302],[-74.1027,18.6237],[-74.1026,18.6216],[-74.1029,18.6186],[-74.1049,18.6175],[-74.1058,18.6163],[-74.1071,18.6151],[-74.1094,18.6144],[-74.1128,18.6138],[-74.1146,18.6123],[-74.1166,18.6103],[-74.1175,18.6085],[-74.1205,18.6082],[-74.122,18.6072],[-74.1232,18.6057],[-74.1251,18.6053],[-74.1267,18.6048],[-74.1279,18.6034],[-74.1291,18.6003],[-74.1308,18.5999],[-74.1339,18.5994],[-74.1349,18.5984],[-74.1364,18.5964],[-74.1379,18.5953],[-74.1406,18.5943],[-74.1431,18.5918],[-74.1435,18.5892],[-74.1451,18.5877],[-74.1456,18.5856],[-74.1473,18.584],[-74.1492,18.5827],[-74.1509,18.5804],[-74.153,18.5792],[-74.1547,18.5781],[-74.1565,18.577],[-74.1555,18.5747],[-74.1556,18.5723],[-74.1565,18.571],[-74.1591,18.571],[-74.1614,18.5693],[-74.1637,18.5698],[-74.1655,18.5684],[-74.1658,18.5658],[-74.1648,18.5645],[-74.1654,18.5627],[-74.1658,18.5609],[-74.1664,18.5593],[-74.1656,18.5565],[-74.167,18.5553],[-74.169,18.555],[-74.17,18.552],[-74.1714,18.5505],[-74.1704,18.549],[-74.1689,18.5472],[-74.1679,18.546],[-74.1657,18.545],[-74.164,18.5444],[-74.1616,18.5441],[-74.1601,18.5433],[-74.1587,18.5425],[-74.1569,18.5429],[-74.1563,18.5406],[-74.1566,18.5388],[-74.158,18.5374],[-74.1571,18.5353],[-74.1542,18.5353],[-74.1527,18.5338],[-74.1504,18.5335],[-74.1471,18.5328],[-74.1461,18.5316],[-74.1471,18.5293],[-74.1476,18.5273],[-74.1487,18.5252],[-74.1481,18.5229],[-74.1498,18.5194],[-74.1491,18.5176],[-74.148,18.5155],[-74.1457,18.5152],[-74.1432,18.5139],[-74.1434,18.5119],[-74.1456,18.5102],[-74.1485,18.5087],[-74.1491,18.5071],[-74.1488,18.5053],[-74.1497,18.5035],[-74.1515,18.5015],[-74.1506,18.5003],[-74.1491,18.4995],[-74.1486,18.4979],[-74.1494,18.4965],[-74.1506,18.4933],[-74.153,18.4924],[-74.1541,18.4911],[-74.1565,18.4914],[-74.1585,18.4909],[-74.1596,18.4886],[-74.16,18.4869],[-74.161,18.4848],[-74.1636,18.4853],[-74.1659,18.485],[-74.1666,18.4827],[-74.1681,18.4816],[-74.1681,18.4786],[-74.17,18.4784],[-74.1723,18.4785],[-74.1739,18.479],[-74.1759,18.4795],[-74.1783,18.4792],[-74.1804,18.4796],[-74.1826,18.4785],[-74.1855,18.4781],[-74.1893,18.4778],[-74.1918,18.4775],[-74.1948,18.477],[-74.1963,18.4759],[-74.1982,18.475],[-74.2003,18.4727],[-74.2025,18.4711],[-74.2045,18.4702],[-74.2064,18.4708],[-74.2077,18.4717],[-74.2104,18.4708],[-74.2124,18.4682],[-74.213,18.4665],[-74.216,18.4645],[-74.2172,18.4634],[-74.218,18.4618],[-74.2195,18.4612],[-74.2223,18.4614],[-74.2252,18.459],[-74.2274,18.4583],[-74.2302,18.4556],[-74.2318,18.455],[-74.2341,18.455],[-74.2406,18.4549],[-74.2422,18.4526],[-74.2428,18.451],[-74.2431,18.4486],[-74.2437,18.4471],[-74.2442,18.4445],[-74.2456,18.4421],[-74.2463,18.4401],[-74.2466,18.4374],[-74.2458,18.4352],[-74.244,18.4337],[-74.2423,18.4326],[-74.2417,18.4311],[-74.2409,18.4291],[-74.24,18.4278],[-74.2378,18.4265],[-74.2365,18.4256],[-74.234,18.4258],[-74.232,18.4249],[-74.2308,18.4238],[-74.2302,18.4206],[-74.2307,18.4191],[-74.2316,18.4173],[-74.2288,18.4166],[-74.2274,18.4155],[-74.2254,18.4145],[-74.2214,18.4135],[-74.2202,18.4124],[-74.2174,18.4111],[-74.2134,18.4101],[-74.2136,18.407],[-74.2138,18.4044],[-74.2148,18.402],[-74.2155,18.4004],[-74.2165,18.399],[-74.2189,18.3983],[-74.2221,18.3977],[-74.2231,18.3937],[-74.2249,18.3934],[-74.2277,18.3925],[-74.2286,18.3913],[-74.2315,18.388],[-74.2306,18.3856],[-74.2308,18.3836],[-74.2326,18.3815],[-74.2345,18.381],[-74.2369,18.3797],[-74.2391,18.3794],[-74.2413,18.3788],[-74.2425,18.3775],[-74.2437,18.3754],[-74.2438,18.3723],[-74.2446,18.3711],[-74.245,18.369],[-74.246,18.3673],[-74.2477,18.3665],[-74.2496,18.3657],[-74.2518,18.3654],[-74.2531,18.3643],[-74.2553,18.3635],[-74.257,18.3624],[-74.2594,18.3622],[-74.2614,18.3618],[-74.2635,18.3619],[-74.2656,18.3626],[-74.2684,18.3641],[-74.2694,18.3631],[-74.2717,18.3616],[-74.2783,18.3612],[-74.2814,18.3604],[-74.2844,18.359],[-74.2878,18.3593],[-74.2894,18.3599],[-74.2918,18.3588],[-74.293,18.3596],[-74.2961,18.3606],[-74.2978,18.3612],[-74.3016,18.3614],[-74.3043,18.3618],[-74.3057,18.3624],[-74.3057,18.3648],[-74.3069,18.3668],[-74.3089,18.3662],[-74.3107,18.3668],[-74.3158,18.3655],[-74.3173,18.3643],[-74.3187,18.3633],[-74.3221,18.3641],[-74.3248,18.3641],[-74.328,18.3627],[-74.3295,18.3608],[-74.3329,18.3616],[-74.3357,18.3628],[-74.3377,18.3622],[-74.3402,18.3622],[-74.3427,18.3638],[-74.3446,18.3641],[-74.347,18.3633],[-74.3496,18.3624],[-74.3514,18.3615],[-74.3542,18.3611],[-74.3568,18.3601],[-74.3588,18.3602],[-74.3598,18.3614],[-74.3626,18.3615],[-74.3659,18.3623],[-74.3675,18.3617],[-74.3693,18.3596],[-74.3729,18.3601],[-74.375,18.3608],[-74.378,18.3604],[-74.3807,18.3604],[-74.3836,18.3604],[-74.3855,18.3602],[-74.3876,18.3609],[-74.39,18.3602],[-74.3923,18.3594],[-74.3939,18.3588],[-74.3976,18.3581],[-74.3996,18.3575],[-74.402,18.3574],[-74.4047,18.3586],[-74.4067,18.3596],[-74.4087,18.36],[-74.4105,18.3607],[-74.4129,18.3603],[-74.4152,18.3601],[-74.4163,18.3617],[-74.4152,18.3633],[-74.4165,18.3666],[-74.4195,18.3708],[-74.4223,18.3709],[-74.4216,18.3738],[-74.4233,18.3757],[-74.4243,18.3767],[-74.4254,18.3777],[-74.4252,18.3798],[-74.427,18.3805],[-74.428,18.3817],[-74.4314,18.3846],[-74.4322,18.3866],[-74.4346,18.3864],[-74.4349,18.3888],[-74.4323,18.3909],[-74.4323,18.393],[-74.4316,18.3945],[-74.4312,18.3976],[-74.4291,18.3994],[-74.4284,18.4009],[-74.427,18.4026],[-74.4238,18.4022],[-74.4218,18.403],[-74.4204,18.4038],[-74.4202,18.4076],[-74.4188,18.4089],[-74.4191,18.4119],[-74.4189,18.4141],[-74.4209,18.4153],[-74.4218,18.4165],[-74.4228,18.4176],[-74.424,18.4188],[-74.4232,18.4214],[-74.4215,18.4235],[-74.422,18.426],[-74.4237,18.4265],[-74.4249,18.4276],[-74.427,18.4279],[-74.4288,18.4295],[-74.4297,18.4309],[-74.4308,18.4319],[-74.4301,18.4334],[-74.4288,18.4345],[-74.4287,18.4367],[-74.4259,18.4382],[-74.4228,18.439],[-74.4192,18.4398],[-74.4166,18.4392],[-74.4122,18.4414],[-74.4112,18.4432],[-74.4128,18.4455],[-74.4139,18.4474],[-74.413,18.4492],[-74.4117,18.45],[-74.4079,18.4503],[-74.4046,18.4499],[-74.4034,18.4487],[-74.4007,18.4486],[-74.3988,18.4493],[-74.3977,18.4505],[-74.3952,18.4501],[-74.3931,18.4494],[-74.3913,18.45],[-74.3891,18.4492],[-74.3877,18.4486],[-74.3861,18.4492],[-74.3861,18.452],[-74.3864,18.4538],[-74.3865,18.4565],[-74.3851,18.4591],[-74.3834,18.4596],[-74.3815,18.4599],[-74.3812,18.462],[-74.3817,18.4637],[-74.3827,18.4649],[-74.3832,18.4674],[-74.3848,18.4693],[-74.3868,18.471],[-74.3883,18.4729],[-74.3898,18.4736],[-74.391,18.4747],[-74.389,18.4764],[-74.389,18.4796],[-74.3876,18.4815],[-74.3846,18.482],[-74.383,18.4829],[-74.3808,18.4834],[-74.3794,18.4845],[-74.3778,18.4852],[-74.3769,18.4876],[-74.377,18.4897],[-74.3799,18.4908],[-74.3802,18.4943],[-74.3814,18.4953],[-74.3818,18.4974],[-74.3844,18.498],[-74.3856,18.5004],[-74.3866,18.502],[-74.3872,18.504],[-74.3856,18.5051],[-74.383,18.5077],[-74.3847,18.5096],[-74.3849,18.5115],[-74.3848,18.5144],[-74.3855,18.5162],[-74.3871,18.5175],[-74.3883,18.5185],[-74.3886,18.5207],[-74.3886,18.5239],[-74.387,18.5255],[-74.3847,18.5263],[-74.3826,18.5286],[-74.3824,18.533],[-74.3783,18.5328],[-74.3761,18.5336],[-74.3741,18.5358],[-74.3722,18.5362],[-74.3702,18.5361],[-74.3698,18.5379],[-74.3684,18.5391],[-74.3702,18.5406],[-74.3695,18.5425],[-74.3678,18.5441],[-74.3657,18.545],[-74.3626,18.5466],[-74.3614,18.5477],[-74.3596,18.5479],[-74.3587,18.5496],[-74.3569,18.5504],[-74.3552,18.552],[-74.3545,18.5537],[-74.3564,18.5541],[-74.3575,18.5554],[-74.3587,18.5572],[-74.3601,18.559],[-74.3601,18.5611],[-74.3592,18.5626],[-74.3576,18.5635],[-74.3563,18.5645],[-74.3553,18.5657],[-74.3528,18.5663],[-74.3516,18.5679],[-74.3497,18.5681],[-74.3475,18.567],[-74.3463,18.5683],[-74.3439,18.5681],[-74.3403,18.5681],[-74.3388,18.567],[-74.3363,18.5672],[-74.3347,18.5681],[-74.3319,18.5685],[-74.328,18.5671],[-74.3266,18.5661],[-74.3235,18.5658],[-74.3221,18.5666],[-74.3201,18.5667],[-74.3182,18.5664],[-74.3163,18.5673],[-74.3154,18.5686],[-74.3165,18.5705],[-74.3165,18.5728],[-74.3155,18.5744],[-74.3143,18.5763],[-74.3111,18.5766],[-74.3088,18.5766],[-74.3067,18.576],[-74.3042,18.5763],[-74.302,18.5777],[-74.3011,18.5797],[-74.2989,18.5815],[-74.2977,18.5839],[-74.2959,18.5837],[-74.2944,18.5856],[-74.2921,18.5866],[-74.2906,18.5857],[-74.2888,18.5846],[-74.2871,18.5858],[-74.2859,18.5867],[-74.2847,18.5852],[-74.2809,18.5849],[-74.2788,18.5856],[-74.2775,18.5864],[-74.2759,18.5876],[-74.275,18.5888],[-74.273,18.5891],[-74.2697,18.5899],[-74.2675,18.5901],[-74.2653,18.5899],[-74.2628,18.5902],[-74.2606,18.5905],[-74.2589,18.5899],[-74.2567,18.5898],[-74.2548,18.59],[-74.2525,18.5901],[-74.2501,18.5899],[-74.2475,18.5885],[-74.2456,18.5883],[-74.2416,18.5883],[-74.2402,18.5899],[-74.2386,18.5915],[-74.2361,18.5935],[-74.2339,18.593],[-74.2328,18.5941],[-74.2323,18.5959],[-74.2319,18.5976],[-74.2291,18.5997],[-74.2288,18.6016],[-74.2269,18.6019],[-74.2249,18.6035],[-74.2223,18.6055],[-74.2208,18.6073],[-74.2212,18.6093],[-74.2205,18.6116],[-74.2195,18.6131],[-74.2169,18.6134],[-74.215,18.6138],[-74.2132,18.6135],[-74.2106,18.6131],[-74.2087,18.6132],[-74.2072,18.6124],[-74.2056,18.613],[-74.2037,18.6131],[-74.2028,18.6144],[-74.2007,18.6148],[-74.1995,18.6161],[-74.1975,18.6172],[-74.1956,18.619],[-74.1941,18.6223],[-74.1947,18.624],[-74.1932,18.6246],[-74.19,18.6248],[-74.189,18.6258],[-74.1883,18.628],[-74.1873,18.6299],[-74.1872,18.6344],[-74.1854,18.6354],[-74.1835,18.6355],[-74.1798,18.6366],[-74.1772,18.6358],[-74.1756,18.6363],[-74.1743,18.6347],[-74.1738,18.6331],[-74.1711,18.6333],[-74.1682,18.6341],[-74.1644,18.6352],[-74.1621,18.6343],[-74.1606,18.6336],[-74.1604,18.6318],[-74.1584,18.6314],[-74.1557,18.6326],[-74.1549,18.6344],[-74.1534,18.6353],[-74.1518,18.6357],[-74.149,18.634],[-74.1463,18.6324],[-74.1419,18.632],[-74.1381,18.6334],[-74.1329,18.6382],[-74.1289,18.6427],[-74.1236,18.6459],[-74.1115,18.6457]]]]},"properties":{"nom":"Grande Anse","code":"24","zone":"Presqu'île du SUD-OUEST"}},{"type":"Feature","geometry":{"type":"MultiPolygon","coordinates":[[[[-74.029,18.6032],[-74.0272,18.5971],[-74.0265,18.5952],[-74.0251,18.5943],[-74.0242,18.5925],[-74.023,18.5903],[-74.0214,18.5873],[-74.022,18.5847],[-74.0207,18.5835],[-74.0188,18.5798],[-74.0192,18.5777],[-74.0152,18.5754],[-74.0137,18.5739],[-74.013,18.5716],[-74.0113,18.5712],[-74.0094,18.5701],[-74.007,18.5681],[-74.0055,18.5658],[-74.0028,18.5628],[-74.0012,18.5622],[-74.0002,18.5609],[-74,18.5583],[-74.0013,18.5566],[-74.003,18.5555],[-74.0049,18.5537],[-74.0055,18.5519],[-74.0067,18.5499],[-74.007,18.548],[-74.008,18.5468],[-74.0073,18.5453],[-74.007,18.5398],[-74.0054,18.5391],[-74.0048,18.5369],[-74.0037,18.535],[-74.0014,18.534],[-73.9994,18.5335],[-73.9977,18.5325],[-73.9986,18.5312],[-73.9995,18.5297],[-74.0014,18.5281],[-74.0031,18.5274],[-74.0041,18.5262],[-74.0035,18.5246],[-74.0031,18.5229],[-74.0009,18.5223],[-73.9985,18.5219],[-73.9954,18.52],[-73.9963,18.5182],[-74.0004,18.5171],[-74.0001,18.5131],[-74.0019,18.5101],[-74.0027,18.5085],[-74.0031,18.5053],[-74.006,18.5035],[-74.0081,18.503],[-74.009,18.5011],[-74.0071,18.5007],[-74.0059,18.4996],[-74.0049,18.5007],[-74.0004,18.5009],[-73.9985,18.502],[-73.9959,18.5017],[-73.9949,18.5004],[-73.993,18.5001],[-73.9911,18.499],[-73.9893,18.4986],[-73.9873,18.498],[-73.9838,18.4973],[-73.9827,18.4962],[-73.9836,18.4949],[-73.9842,18.4931],[-73.9815,18.4919],[-73.9803,18.4906],[-73.9782,18.4913],[-73.9767,18.4924],[-73.9728,18.4905],[-73.9713,18.4894],[-73.9694,18.49],[-73.9677,18.4916],[-73.9651,18.4897],[-73.9623,18.4888],[-73.9598,18.4883],[-73.9581,18.4867],[-73.9559,18.4862],[-73.9545,18.4856],[-73.9539,18.4838],[-73.9556,18.4824],[-73.955,18.48],[-73.9564,18.4776],[-73.9591,18.4769],[-73.9601,18.4755],[-73.9585,18.474],[-73.9591,18.4706],[-73.9607,18.4694],[-73.9631,18.4673],[-73.965,18.4678],[-73.9653,18.4653],[-73.9662,18.4608],[-73.9663,18.4587],[-73.9641,18.4573],[-73.9619,18.457],[-73.959,18.4568],[-73.9577,18.4561],[-73.955,18.4554],[-73.955,18.4525],[-73.9552,18.4507],[-73.9583,18.4494],[-73.9611,18.4494],[-73.962,18.4478],[-73.9614,18.4456],[-73.9623,18.4435],[-73.9604,18.4413],[-73.9582,18.441],[-73.9571,18.4392],[-73.9559,18.4383],[-73.9538,18.4374],[-73.9532,18.4348],[-73.9493,18.4344],[-73.9479,18.4329],[-73.9453,18.4316],[-73.9437,18.4307],[-73.9425,18.4299],[-73.9408,18.4292],[-73.939,18.4294],[-73.9375,18.4287],[-73.9348,18.4285],[-73.9329,18.4275],[-73.9302,18.4268],[-73.93,18.4246],[-73.9282,18.4236],[-73.9268,18.4223],[-73.9277,18.42],[-73.9315,18.4179],[-73.935,18.4179],[-73.9371,18.4175],[-73.9403,18.4177],[-73.9428,18.4178],[-73.9449,18.4174],[-73.9481,18.4172],[-73.9497,18.4161],[-73.9524,18.4173],[-73.9571,18.4169],[-73.9592,18.4164],[-73.9635,18.4161],[-73.9636,18.4137],[-73.9649,18.4124],[-73.9667,18.4119],[-73.9676,18.4105],[-73.9693,18.408],[-73.9684,18.4052],[-73.9665,18.4047],[-73.9655,18.4031],[-73.9657,18.4008],[-73.9655,18.398],[-73.9673,18.3959],[-73.9685,18.3949],[-73.9693,18.3963],[-73.9717,18.3981],[-73.9739,18.3984],[-73.9762,18.3976],[-73.9793,18.3958],[-73.9816,18.3952],[-73.9842,18.3924],[-73.9861,18.3905],[-73.988,18.3908],[-73.9899,18.3906],[-73.992,18.3887],[-73.9946,18.3878],[-73.9979,18.3879],[-73.9994,18.3856],[-74.0034,18.3855],[-74.0052,18.3843],[-74.0084,18.384],[-74.0119,18.383],[-74.0142,18.3824],[-74.0165,18.3818],[-74.0184,18.3822],[-74.02,18.3816],[-74.0221,18.3825],[-74.0248,18.3826],[-74.0258,18.3809],[-74.0267,18.3787],[-74.0281,18.3763],[-74.0294,18.3748],[-74.0304,18.3731],[-74.0318,18.3692],[-74.0312,18.3662],[-74.0314,18.3643],[-74.0337,18.3644],[-74.0361,18.3653],[-74.0398,18.3635],[-74.042,18.3628],[-74.0438,18.3625],[-74.0457,18.3637],[-74.0472,18.3649],[-74.0491,18.3645],[-74.0511,18.3648],[-74.0533,18.3645],[-74.0548,18.364],[-74.0562,18.3646],[-74.0584,18.364],[-74.0617,18.3636],[-74.0631,18.3648],[-74.0652,18.3643],[-74.0663,18.3672],[-74.0674,18.369],[-74.0686,18.37],[-74.0711,18.3709],[-74.0739,18.3708],[-74.076,18.3717],[-74.0775,18.3733],[-74.08,18.3724],[-74.0821,18.373],[-74.0835,18.3745],[-74.0827,18.3765],[-74.0843,18.3778],[-74.0886,18.3782],[-74.0895,18.3801],[-74.0906,18.3817],[-74.0927,18.3836],[-74.0948,18.3851],[-74.0971,18.3855],[-74.0983,18.3843],[-74.1002,18.3842],[-74.1029,18.3829],[-74.1048,18.3826],[-74.1048,18.3847],[-74.1072,18.3853],[-74.1081,18.3865],[-74.1108,18.3899],[-74.1122,18.3911],[-74.114,18.3924],[-74.1171,18.3946],[-74.12,18.3944],[-74.1238,18.3944],[-74.1253,18.3966],[-74.1264,18.3975],[-74.1276,18.3989],[-74.1287,18.4004],[-74.1303,18.4013],[-74.1333,18.401],[-74.1363,18.4006],[-74.1379,18.4001],[-74.142,18.3991],[-74.1439,18.3996],[-74.1457,18.3982],[-74.1479,18.3966],[-74.1505,18.3957],[-74.1513,18.3944],[-74.1523,18.3933],[-74.1544,18.3918],[-74.1551,18.3901],[-74.1573,18.3901],[-74.1598,18.3904],[-74.1616,18.3893],[-74.1643,18.3891],[-74.1658,18.388],[-74.1712,18.3878],[-74.1772,18.3876],[-74.1786,18.387],[-74.182,18.3878],[-74.1836,18.3873],[-74.1868,18.3857],[-74.1882,18.3843],[-74.1902,18.3833],[-74.1913,18.3822],[-74.1924,18.3811],[-74.196,18.3796],[-74.198,18.3792],[-74.1986,18.3811],[-74.2012,18.3828],[-74.2024,18.3846],[-74.204,18.3841],[-74.2078,18.3828],[-74.2101,18.3821],[-74.2117,18.3815],[-74.2141,18.3812],[-74.2168,18.3809],[-74.2186,18.3806],[-74.2202,18.381],[-74.2215,18.3823],[-74.223,18.3813],[-74.2245,18.3823],[-74.229,18.383],[-74.2305,18.3838],[-74.2309,18.3867],[-74.2289,18.3901],[-74.2277,18.3925],[-74.226,18.3929],[-74.2243,18.3937],[-74.2221,18.3977],[-74.2195,18.398],[-74.2165,18.399],[-74.2155,18.4004],[-74.2148,18.402],[-74.2138,18.4044],[-74.2136,18.407],[-74.2134,18.4101],[-74.2174,18.4111],[-74.2202,18.4124],[-74.2214,18.4135],[-74.2246,18.4139],[-74.2265,18.4152],[-74.2287,18.4166],[-74.2305,18.4169],[-74.2311,18.4188],[-74.2302,18.4206],[-74.2308,18.4238],[-74.232,18.4249],[-74.234,18.4258],[-74.2365,18.4256],[-74.2378,18.4265],[-74.2396,18.4268],[-74.2406,18.4286],[-74.2412,18.4302],[-74.2423,18.4326],[-74.244,18.4337],[-74.2457,18.4346],[-74.2462,18.4367],[-74.2463,18.4401],[-74.2456,18.4421],[-74.2449,18.4441],[-74.2433,18.4456],[-74.2431,18.4486],[-74.2428,18.451],[-74.2422,18.4526],[-74.2413,18.4537],[-74.2357,18.455],[-74.2318,18.455],[-74.2302,18.4556],[-74.2274,18.4583],[-74.2252,18.459],[-74.2223,18.4614],[-74.2204,18.4609],[-74.2187,18.4614],[-74.2178,18.4631],[-74.216,18.4645],[-74.213,18.4665],[-74.2124,18.4682],[-74.2104,18.4697],[-74.2096,18.4716],[-74.2064,18.4708],[-74.2045,18.4702],[-74.2025,18.4711],[-74.2003,18.4727],[-74.1985,18.4736],[-74.1974,18.4754],[-74.1948,18.477],[-74.1918,18.4775],[-74.1893,18.4778],[-74.1867,18.4776],[-74.1827,18.4783],[-74.1809,18.4797],[-74.1783,18.4792],[-74.1759,18.4795],[-74.1739,18.479],[-74.1723,18.4785],[-74.17,18.4784],[-74.1681,18.4786],[-74.1681,18.4816],[-74.1666,18.4827],[-74.1669,18.4845],[-74.1636,18.4853],[-74.1611,18.4849],[-74.16,18.4869],[-74.1596,18.4886],[-74.1593,18.4909],[-74.1565,18.4914],[-74.1541,18.4911],[-74.153,18.4924],[-74.1506,18.4933],[-74.1488,18.4954],[-74.1486,18.4979],[-74.1491,18.4995],[-74.1506,18.5003],[-74.1515,18.5015],[-74.1497,18.5035],[-74.1488,18.5053],[-74.1491,18.5071],[-74.1485,18.5087],[-74.1462,18.5106],[-74.1438,18.5109],[-74.1431,18.5135],[-74.1443,18.5148],[-74.1464,18.5152],[-74.1487,18.5171],[-74.1498,18.5194],[-74.1488,18.5219],[-74.1482,18.5241],[-74.1475,18.5257],[-74.1477,18.5292],[-74.1464,18.5305],[-74.1471,18.5328],[-74.149,18.5336],[-74.1511,18.5339],[-74.1533,18.5345],[-74.1557,18.5352],[-74.1577,18.536],[-74.1573,18.538],[-74.1566,18.54],[-74.1557,18.5434],[-74.1576,18.5427],[-74.1594,18.5433],[-74.1616,18.5441],[-74.164,18.5444],[-74.1657,18.545],[-74.1679,18.546],[-74.1689,18.5472],[-74.1696,18.5487],[-74.1707,18.5499],[-74.1712,18.5517],[-74.169,18.555],[-74.167,18.5553],[-74.1656,18.5565],[-74.1664,18.5593],[-74.1658,18.5609],[-74.1649,18.562],[-74.1648,18.5645],[-74.1658,18.5658],[-74.1658,18.5679],[-74.165,18.5695],[-74.1614,18.5693],[-74.1591,18.571],[-74.1575,18.5715],[-74.1556,18.5723],[-74.1555,18.5747],[-74.157,18.5765],[-74.1555,18.5776],[-74.1538,18.5784],[-74.1511,18.5802],[-74.1501,18.5823],[-74.1484,18.5835],[-74.1466,18.5847],[-74.1451,18.5877],[-74.144,18.5888],[-74.1436,18.5913],[-74.1413,18.5932],[-74.1382,18.5948],[-74.1364,18.5964],[-74.1349,18.5984],[-74.1339,18.5994],[-74.1316,18.5996],[-74.1291,18.6003],[-74.1288,18.603],[-74.1272,18.6037],[-74.1251,18.6053],[-74.1232,18.6057],[-74.122,18.6072],[-74.1205,18.6082],[-74.1175,18.6085],[-74.1166,18.6103],[-74.1155,18.6114],[-74.1134,18.6125],[-74.11,18.6141],[-74.1071,18.6151],[-74.1058,18.6163],[-74.1049,18.6175],[-74.1029,18.6186],[-74.1024,18.6206],[-74.103,18.623],[-74.0969,18.6301],[-74.0957,18.6293],[-74.0943,18.6286],[-74.0929,18.6279],[-74.0916,18.6272],[-74.0904,18.6262],[-74.089,18.6255],[-74.0877,18.6247],[-74.0872,18.6232],[-74.0865,18.6217],[-74.0856,18.6205],[-74.0844,18.6196],[-74.0833,18.6187],[-74.082,18.618],[-74.0805,18.6174],[-74.0787,18.6171],[-74.0774,18.6163],[-74.076,18.6157],[-74.0744,18.6152],[-74.0732,18.6143],[-74.0719,18.6135],[-74.0704,18.6128],[-74.069,18.6121],[-74.0676,18.6115],[-74.066,18.611],[-74.0644,18.6105],[-74.0629,18.61],[-74.0612,18.6096],[-74.0595,18.6091],[-74.0578,18.6086],[-74.056,18.6082],[-74.0543,18.6078],[-74.0525,18.6074],[-74.0508,18.607],[-74.0491,18.6066],[-74.0474,18.6062],[-74.0457,18.6058],[-74.0439,18.6054],[-74.0422,18.605],[-74.0404,18.6047],[-74.0387,18.6044],[-74.0371,18.604],[-74.0352,18.6038],[-74.0333,18.6037],[-74.0309,18.6036],[-74.0292,18.6032],[-74.029,18.6032]]]]},"properties":{"nom":"Roseaux / Voldrogue","code":"25","zone":"Presqu'île du SUD-OUEST"}},{"type":"Feature","geometry":{"type":"MultiPolygon","coordinates":[[[[-73.3012,18.4878],[-73.303,18.4869],[-73.308,18.4843],[-73.3144,18.4807],[-73.3218,18.4772],[-73.3279,18.4755],[-73.3347,18.4762],[-73.3388,18.4773],[-73.344,18.4781],[-73.3465,18.4773],[-73.3492,18.4738],[-73.3502,18.4711],[-73.3506,18.469],[-73.3536,18.4656],[-73.3531,18.464],[-73.3521,18.4628],[-73.3543,18.4621],[-73.3561,18.4606],[-73.3585,18.4606],[-73.3598,18.4595],[-73.3619,18.459],[-73.362,18.457],[-73.3636,18.4547],[-73.3653,18.4543],[-73.368,18.4545],[-73.3707,18.4548],[-73.3733,18.4563],[-73.3756,18.4555],[-73.3778,18.4542],[-73.3796,18.4534],[-73.3795,18.4513],[-73.3811,18.4505],[-73.3832,18.4502],[-73.3846,18.4491],[-73.3873,18.4489],[-73.3889,18.4478],[-73.3909,18.4476],[-73.3923,18.447],[-73.3945,18.4474],[-73.397,18.4473],[-73.3984,18.4466],[-73.4047,18.4463],[-73.4053,18.4447],[-73.4065,18.4426],[-73.4086,18.4424],[-73.4102,18.4429],[-73.4119,18.4442],[-73.4137,18.4458],[-73.4148,18.4468],[-73.4172,18.4478],[-73.4191,18.448],[-73.4208,18.4491],[-73.4226,18.4505],[-73.4237,18.4522],[-73.4261,18.4536],[-73.4273,18.4527],[-73.4291,18.4525],[-73.4313,18.4519],[-73.4351,18.4522],[-73.4384,18.452],[-73.4402,18.4522],[-73.4418,18.4515],[-73.446,18.4517],[-73.448,18.4521],[-73.4497,18.4527],[-73.4516,18.4531],[-73.4539,18.4527],[-73.4562,18.4524],[-73.4578,18.4518],[-73.4602,18.4528],[-73.4614,18.4541],[-73.4648,18.4534],[-73.4669,18.4533],[-73.4689,18.4532],[-73.4699,18.4551],[-73.4737,18.4559],[-73.4746,18.4548],[-73.4755,18.4532],[-73.4754,18.4507],[-73.4762,18.4477],[-73.4782,18.4462],[-73.4806,18.4467],[-73.4821,18.4478],[-73.4851,18.4465],[-73.4881,18.4467],[-73.4894,18.4448],[-73.4927,18.4433],[-73.4954,18.4422],[-73.4981,18.4419],[-73.4986,18.4434],[-73.5009,18.4448],[-73.5007,18.4466],[-73.5007,18.4493],[-73.5004,18.4536],[-73.5036,18.453],[-73.506,18.4539],[-73.5083,18.4547],[-73.5103,18.4542],[-73.5099,18.4561],[-73.5122,18.458],[-73.5125,18.4599],[-73.5147,18.4602],[-73.5179,18.4598],[-73.5199,18.4601],[-73.5224,18.4599],[-73.5277,18.4598],[-73.5299,18.4604],[-73.5322,18.4604],[-73.537,18.4601],[-73.5354,18.4585],[-73.5373,18.4566],[-73.5409,18.4551],[-73.5457,18.4556],[-73.548,18.4556],[-73.551,18.4559],[-73.5528,18.4578],[-73.5552,18.4595],[-73.5572,18.4598],[-73.5604,18.459],[-73.5626,18.4584],[-73.5641,18.4603],[-73.569,18.46],[-73.5719,18.4606],[-73.5752,18.4606],[-73.5784,18.4604],[-73.5805,18.4602],[-73.5843,18.4597],[-73.5861,18.4589],[-73.5876,18.4582],[-73.5899,18.457],[-73.5924,18.4559],[-73.5945,18.4538],[-73.5963,18.453],[-73.5989,18.4518],[-73.6005,18.4506],[-73.6034,18.4503],[-73.6048,18.449],[-73.6058,18.4469],[-73.6077,18.4465],[-73.609,18.4458],[-73.6106,18.4464],[-73.6131,18.4463],[-73.6151,18.4467],[-73.6177,18.4466],[-73.6196,18.447],[-73.6195,18.4447],[-73.621,18.4432],[-73.6225,18.4426],[-73.6254,18.4427],[-73.6261,18.4404],[-73.6288,18.4393],[-73.6301,18.4404],[-73.6313,18.4416],[-73.6348,18.4406],[-73.6368,18.4411],[-73.6394,18.4401],[-73.6411,18.4385],[-73.6429,18.4406],[-73.6464,18.4408],[-73.6474,18.4382],[-73.6485,18.437],[-73.6488,18.435],[-73.6502,18.4338],[-73.6511,18.432],[-73.6531,18.4321],[-73.6547,18.4306],[-73.6541,18.4279],[-73.6551,18.4269],[-73.6558,18.4252],[-73.6549,18.4229],[-73.6535,18.4211],[-73.6537,18.4183],[-73.6543,18.4163],[-73.6532,18.4136],[-73.6537,18.4119],[-73.6567,18.4116],[-73.6582,18.4124],[-73.6595,18.4116],[-73.6631,18.4118],[-73.6635,18.4095],[-73.6662,18.4088],[-73.6665,18.4111],[-73.668,18.4118],[-73.6723,18.4115],[-73.6737,18.4126],[-73.6763,18.4129],[-73.675,18.4114],[-73.6744,18.4098],[-73.6745,18.4076],[-73.6748,18.4051],[-73.6759,18.4026],[-73.6769,18.4009],[-73.6764,18.3978],[-73.6781,18.3968],[-73.6799,18.3966],[-73.6816,18.3947],[-73.6834,18.3935],[-73.6851,18.3926],[-73.6875,18.3915],[-73.689,18.3939],[-73.6904,18.3951],[-73.6922,18.3972],[-73.692,18.3991],[-73.6942,18.3977],[-73.6968,18.3964],[-73.6983,18.3954],[-73.7006,18.3936],[-73.7009,18.3917],[-73.7035,18.3911],[-73.7043,18.393],[-73.7042,18.3956],[-73.7064,18.3993],[-73.7071,18.4011],[-73.7091,18.4017],[-73.7099,18.4034],[-73.7119,18.4033],[-73.7131,18.4045],[-73.7149,18.4048],[-73.7177,18.4054],[-73.7228,18.4059],[-73.7247,18.4053],[-73.7257,18.4065],[-73.7266,18.408],[-73.7298,18.4077],[-73.7318,18.4078],[-73.7324,18.4098],[-73.7361,18.4118],[-73.7381,18.4143],[-73.7407,18.4154],[-73.7423,18.4173],[-73.7433,18.4194],[-73.7451,18.4203],[-73.7481,18.4214],[-73.753,18.4204],[-73.7546,18.4216],[-73.7554,18.4235],[-73.7581,18.424],[-73.7605,18.4233],[-73.7625,18.4229],[-73.766,18.4229],[-73.7675,18.4218],[-73.7687,18.4203],[-73.7709,18.4205],[-73.7715,18.4187],[-73.7764,18.4181],[-73.7778,18.4201],[-73.7801,18.4196],[-73.7819,18.4183],[-73.7843,18.4184],[-73.7868,18.4178],[-73.7884,18.4195],[-73.7904,18.4201],[-73.7884,18.4224],[-73.7875,18.4249],[-73.7868,18.4263],[-73.7881,18.4289],[-73.7934,18.429],[-73.7948,18.4283],[-73.7968,18.4285],[-73.799,18.4291],[-73.8011,18.4277],[-73.803,18.4267],[-73.8043,18.4245],[-73.8057,18.4225],[-73.8074,18.4215],[-73.8099,18.4207],[-73.8114,18.4195],[-73.8138,18.419],[-73.8158,18.4179],[-73.819,18.4166],[-73.8202,18.4148],[-73.8216,18.4142],[-73.8238,18.413],[-73.827,18.4127],[-73.8303,18.4117],[-73.8315,18.4109],[-73.8329,18.41],[-73.8353,18.4105],[-73.8368,18.4097],[-73.8377,18.4086],[-73.8396,18.4078],[-73.8429,18.4084],[-73.8442,18.4098],[-73.8459,18.412],[-73.8468,18.4131],[-73.8482,18.4123],[-73.85,18.4116],[-73.8539,18.411],[-73.8565,18.41],[-73.8578,18.4085],[-73.8594,18.4068],[-73.8606,18.406],[-73.8616,18.4049],[-73.866,18.4055],[-73.868,18.4072],[-73.8718,18.4065],[-73.8741,18.4057],[-73.8764,18.4054],[-73.8816,18.4059],[-73.8844,18.4051],[-73.8864,18.4055],[-73.8881,18.4044],[-73.8927,18.4036],[-73.8941,18.4026],[-73.8952,18.4001],[-73.8928,18.3957],[-73.8948,18.3941],[-73.8972,18.3929],[-73.8994,18.3935],[-73.9005,18.3918],[-73.9024,18.3913],[-73.9046,18.3907],[-73.9064,18.3917],[-73.9078,18.391],[-73.9104,18.3891],[-73.9126,18.3892],[-73.9145,18.39],[-73.9149,18.3878],[-73.9182,18.3876],[-73.9211,18.3872],[-73.9238,18.3877],[-73.926,18.3884],[-73.9271,18.3896],[-73.9303,18.3884],[-73.9318,18.3891],[-73.9346,18.3879],[-73.9374,18.3867],[-73.9384,18.3889],[-73.9387,18.3914],[-73.9411,18.3923],[-73.9425,18.3912],[-73.944,18.3921],[-73.9449,18.391],[-73.9464,18.3898],[-73.9485,18.3907],[-73.9499,18.3923],[-73.9522,18.3935],[-73.9553,18.3926],[-73.9566,18.3912],[-73.9589,18.391],[-73.9608,18.3899],[-73.9647,18.391],[-73.9665,18.3924],[-73.9668,18.3943],[-73.9673,18.3959],[-73.9655,18.398],[-73.9657,18.4008],[-73.9655,18.4031],[-73.9665,18.4047],[-73.9684,18.4052],[-73.9693,18.408],[-73.9676,18.4105],[-73.9667,18.4119],[-73.9649,18.4124],[-73.9636,18.4137],[-73.9643,18.4153],[-73.9608,18.4165],[-73.9571,18.4169],[-73.9524,18.4173],[-73.9511,18.4164],[-73.9481,18.4172],[-73.9449,18.4174],[-73.9428,18.4178],[-73.9403,18.4177],[-73.9371,18.4175],[-73.935,18.4179],[-73.9331,18.4183],[-73.928,18.4183],[-73.9271,18.421],[-73.9279,18.4233],[-73.93,18.4246],[-73.9302,18.4268],[-73.9329,18.4275],[-73.9348,18.4285],[-73.9371,18.4283],[-73.939,18.4294],[-73.9408,18.4292],[-73.9425,18.4299],[-73.9437,18.4307],[-73.9453,18.4316],[-73.9477,18.4323],[-73.9484,18.4336],[-73.9525,18.4348],[-73.954,18.4357],[-73.9559,18.4383],[-73.9571,18.4392],[-73.9582,18.441],[-73.9604,18.4413],[-73.9619,18.443],[-73.9614,18.4456],[-73.962,18.4478],[-73.9611,18.4494],[-73.959,18.4497],[-73.9563,18.4505],[-73.9545,18.4517],[-73.9548,18.4548],[-73.9561,18.4558],[-73.959,18.4568],[-73.9619,18.457],[-73.9641,18.4573],[-73.9656,18.4583],[-73.9666,18.4596],[-73.9652,18.4638],[-73.965,18.4678],[-73.9631,18.4673],[-73.9622,18.4689],[-73.9591,18.4706],[-73.9582,18.4726],[-73.959,18.475],[-73.9591,18.4769],[-73.9564,18.4776],[-73.9554,18.4791],[-73.9553,18.481],[-73.9539,18.4838],[-73.9545,18.4856],[-73.9559,18.4862],[-73.9581,18.4867],[-73.9598,18.4883],[-73.9614,18.4889],[-73.9635,18.4896],[-73.9671,18.4913],[-73.9694,18.49],[-73.9713,18.4894],[-73.9728,18.4905],[-73.9767,18.4924],[-73.9782,18.4913],[-73.9803,18.4906],[-73.9815,18.4919],[-73.9842,18.4931],[-73.9836,18.4949],[-73.9827,18.4962],[-73.9837,18.4972],[-73.9862,18.4975],[-73.9893,18.4986],[-73.9911,18.499],[-73.993,18.5001],[-73.9949,18.5004],[-73.9959,18.5017],[-73.9974,18.5027],[-73.9998,18.5016],[-74.0034,18.5007],[-74.0059,18.4996],[-74.0071,18.5007],[-74.009,18.5011],[-74.0081,18.503],[-74.006,18.5035],[-74.0046,18.505],[-74.0026,18.5067],[-74.0026,18.5088],[-73.9996,18.5126],[-74.0004,18.5171],[-73.997,18.5179],[-73.9959,18.5193],[-73.9985,18.5219],[-74.0009,18.5223],[-74.0031,18.5229],[-74.0035,18.5246],[-74.0041,18.5262],[-74.0031,18.5274],[-74.0014,18.5281],[-73.9995,18.5297],[-73.9986,18.5312],[-73.9976,18.5324],[-73.9994,18.5335],[-74.0014,18.534],[-74.0031,18.5347],[-74.0042,18.5361],[-74.0051,18.5385],[-74.007,18.5398],[-74.0073,18.5435],[-74.0076,18.5456],[-74.007,18.548],[-74.0067,18.5499],[-74.0059,18.5512],[-74.0049,18.5537],[-74.004,18.5551],[-74.0023,18.5563],[-74.0002,18.5572],[-74.0002,18.5609],[-74.0012,18.5622],[-74.0028,18.5628],[-74.0055,18.5645],[-74.0066,18.5671],[-74.0089,18.5696],[-74.0102,18.5713],[-74.013,18.5716],[-74.0137,18.5739],[-74.0156,18.5744],[-74.0185,18.5767],[-74.0188,18.5798],[-74.0204,18.5824],[-74.0215,18.5842],[-74.0214,18.5873],[-74.023,18.5903],[-74.0237,18.5921],[-74.0248,18.5931],[-74.0255,18.595],[-74.0272,18.5971],[-74.029,18.6032],[-74.0274,18.6027],[-74.0257,18.6022],[-74.0239,18.6019],[-74.022,18.6016],[-74.0204,18.602],[-74.0191,18.6013],[-74.0175,18.6018],[-74.0157,18.6015],[-74.0142,18.6009],[-74.0124,18.6007],[-74.0106,18.6009],[-74.0088,18.6011],[-74.0071,18.6007],[-74.0056,18.6001],[-74.0042,18.5993],[-74.0034,18.6006],[-74.0015,18.6005],[-73.9998,18.601],[-73.9978,18.6011],[-73.9957,18.6011],[-73.9943,18.6017],[-73.993,18.6025],[-73.9914,18.602],[-73.9893,18.602],[-73.9874,18.6021],[-73.9855,18.6024],[-73.9852,18.6006],[-73.9837,18.6011],[-73.9817,18.6009],[-73.9802,18.6014],[-73.9785,18.6008],[-73.9777,18.5995],[-73.9767,18.6008],[-73.9754,18.6015],[-73.9734,18.6018],[-73.9716,18.602],[-73.9695,18.6016],[-73.9677,18.6014],[-73.9665,18.6003],[-73.9651,18.6011],[-73.9632,18.601],[-73.9615,18.6006],[-73.9597,18.6002],[-73.9589,18.5989],[-73.9575,18.5983],[-73.9561,18.5976],[-73.9546,18.597],[-73.9527,18.5969],[-73.951,18.5966],[-73.9504,18.5949],[-73.9493,18.594],[-73.948,18.5931],[-73.9471,18.5919],[-73.9456,18.5914],[-73.944,18.5908],[-73.943,18.5898],[-73.9418,18.5889],[-73.9403,18.5895],[-73.9394,18.5883],[-73.9381,18.5891],[-73.9362,18.5893],[-73.936,18.5912],[-73.9349,18.5921],[-73.9343,18.5936],[-73.9328,18.5943],[-73.9309,18.5945],[-73.9289,18.5946],[-73.9269,18.5944],[-73.9252,18.594],[-73.9246,18.5926],[-73.926,18.592],[-73.9243,18.5915],[-73.9232,18.5906],[-73.9218,18.5913],[-73.9206,18.5921],[-73.9197,18.5908],[-73.9186,18.5899],[-73.9169,18.5903],[-73.9163,18.5888],[-73.9151,18.588],[-73.9148,18.5861],[-73.9143,18.5846],[-73.9136,18.5832],[-73.9143,18.5818],[-73.9162,18.5817],[-73.9179,18.5813],[-73.9174,18.5798],[-73.916,18.5792],[-73.9138,18.5791],[-73.912,18.5787],[-73.9124,18.577],[-73.9125,18.575],[-73.9112,18.5742],[-73.9099,18.5735],[-73.9087,18.5726],[-73.9075,18.5735],[-73.9068,18.5749],[-73.906,18.5762],[-73.9055,18.5777],[-73.9044,18.5768],[-73.9041,18.5747],[-73.9036,18.573],[-73.9025,18.572],[-73.9034,18.5708],[-73.9044,18.5697],[-73.9042,18.5678],[-73.9033,18.5666],[-73.9019,18.5672],[-73.9012,18.5686],[-73.8993,18.5687],[-73.8976,18.5691],[-73.8961,18.5685],[-73.8942,18.5687],[-73.8922,18.5686],[-73.8904,18.5684],[-73.8886,18.5687],[-73.8868,18.569],[-73.8859,18.5702],[-73.8839,18.5704],[-73.8821,18.5707],[-73.8805,18.5702],[-73.8787,18.5699],[-73.8768,18.5697],[-73.8757,18.5707],[-73.8745,18.5716],[-73.8731,18.5722],[-73.8724,18.5708],[-73.8708,18.5703],[-73.8697,18.5694],[-73.8684,18.5702],[-73.8669,18.5709],[-73.8655,18.5716],[-73.864,18.571],[-73.8622,18.5713],[-73.8605,18.5709],[-73.8595,18.5699],[-73.858,18.5693],[-73.8575,18.5709],[-73.8564,18.5719],[-73.8548,18.5714],[-73.8535,18.5722],[-73.8521,18.5716],[-73.8515,18.5701],[-73.852,18.5685],[-73.853,18.5674],[-73.851,18.5672],[-73.8497,18.5682],[-73.8494,18.57],[-73.8483,18.5709],[-73.847,18.5717],[-73.8464,18.5701],[-73.8446,18.5703],[-73.8437,18.5715],[-73.8424,18.5708],[-73.8407,18.5704],[-73.8404,18.5686],[-73.8397,18.5673],[-73.8381,18.5678],[-73.8372,18.5689],[-73.8372,18.5668],[-73.8355,18.5664],[-73.8344,18.5674],[-73.8345,18.5655],[-73.8344,18.5636],[-73.8334,18.5647],[-73.832,18.5653],[-73.8311,18.5641],[-73.8307,18.5625],[-73.8297,18.5636],[-73.8287,18.5626],[-73.8269,18.5629],[-73.8258,18.5619],[-73.8249,18.5607],[-73.8236,18.5615],[-73.8223,18.5622],[-73.8218,18.5607],[-73.8209,18.5595],[-73.819,18.5599],[-73.8172,18.5596],[-73.8172,18.5574],[-73.8159,18.5582],[-73.8159,18.5603],[-73.8146,18.5611],[-73.8136,18.5601],[-73.814,18.5584],[-73.8146,18.557],[-73.813,18.5577],[-73.8113,18.5581],[-73.8118,18.5566],[-73.8104,18.5573],[-73.809,18.5567],[-73.8081,18.5555],[-73.8063,18.5557],[-73.8051,18.5548],[-73.8042,18.5536],[-73.8034,18.5523],[-73.8039,18.5508],[-73.8026,18.5516],[-73.8008,18.5513],[-73.7998,18.5502],[-73.7984,18.5496],[-73.7967,18.5493],[-73.7975,18.548],[-73.798,18.5464],[-73.7967,18.5471],[-73.7956,18.548],[-73.7939,18.5484],[-73.7946,18.547],[-73.7958,18.546],[-73.7942,18.5455],[-73.7924,18.5458],[-73.791,18.5451],[-73.7926,18.5446],[-73.7919,18.5432],[-73.7907,18.5423],[-73.7896,18.5414],[-73.7888,18.5401],[-73.79,18.5392],[-73.7906,18.5377],[-73.7897,18.5366],[-73.7903,18.5351],[-73.7892,18.536],[-73.7887,18.5376],[-73.7879,18.5388],[-73.7862,18.5391],[-73.7845,18.5395],[-73.7827,18.5391],[-73.7811,18.5395],[-73.7794,18.539],[-73.7793,18.537],[-73.7782,18.5361],[-73.7763,18.5363],[-73.7769,18.538],[-73.7779,18.5391],[-73.7775,18.5408],[-73.7765,18.5418],[-73.7751,18.5424],[-73.7757,18.541],[-73.7762,18.5395],[-73.7744,18.5397],[-73.7735,18.5384],[-73.7729,18.5399],[-73.7724,18.5414],[-73.7712,18.5423],[-73.77,18.5433],[-73.7683,18.5437],[-73.7665,18.5439],[-73.7649,18.5434],[-73.7641,18.5421],[-73.7633,18.5408],[-73.7627,18.5394],[-73.7618,18.5405],[-73.7616,18.5424],[-73.7607,18.5435],[-73.7596,18.5445],[-73.7582,18.5451],[-73.7573,18.544],[-73.7558,18.5445],[-73.7545,18.5437],[-73.7533,18.5446],[-73.7522,18.5456],[-73.7505,18.5452],[-73.7486,18.545],[-73.7473,18.5441],[-73.7465,18.5454],[-73.7454,18.5464],[-73.7437,18.5467],[-73.7426,18.5477],[-73.7414,18.5468],[-73.7399,18.5474],[-73.7387,18.5483],[-73.7371,18.5488],[-73.7353,18.5491],[-73.7343,18.5502],[-73.7325,18.5505],[-73.7314,18.5495],[-73.731,18.5512],[-73.7293,18.5509],[-73.7273,18.5508],[-73.7257,18.5513],[-73.7242,18.5518],[-73.7225,18.5522],[-73.7211,18.5529],[-73.7204,18.5542],[-73.7197,18.5558],[-73.7183,18.5564],[-73.7194,18.5574],[-73.7208,18.5581],[-73.7226,18.5583],[-73.7241,18.5576],[-73.726,18.5574],[-73.7282,18.5575],[-73.7277,18.559],[-73.7261,18.5595],[-73.7243,18.5593],[-73.7228,18.5599],[-73.7226,18.5617],[-73.7238,18.5607],[-73.7253,18.5612],[-73.725,18.5631],[-73.726,18.5619],[-73.7265,18.5603],[-73.7283,18.5605],[-73.7291,18.5592],[-73.7287,18.5574],[-73.7301,18.5567],[-73.732,18.5569],[-73.7341,18.5568],[-73.7347,18.5582],[-73.7333,18.5588],[-73.7317,18.5594],[-73.7313,18.5611],[-73.7312,18.563],[-73.7295,18.5626],[-73.7277,18.5622],[-73.7286,18.5634],[-73.7281,18.565],[-73.7273,18.5636],[-73.7262,18.5646],[-73.7273,18.5656],[-73.7255,18.5658],[-73.7238,18.5653],[-73.723,18.5666],[-73.7216,18.5659],[-73.7206,18.5648],[-73.7197,18.5661],[-73.7196,18.568],[-73.7208,18.5689],[-73.7197,18.5699],[-73.719,18.5714],[-73.7171,18.5712],[-73.7161,18.5722],[-73.7143,18.5724],[-73.713,18.5731],[-73.712,18.5743],[-73.71,18.5742],[-73.7086,18.5751],[-73.7073,18.5758],[-73.7057,18.5763],[-73.7039,18.5767],[-73.7023,18.5771],[-73.7004,18.5774],[-73.6987,18.5778],[-73.6967,18.578],[-73.6948,18.5781],[-73.693,18.5779],[-73.6908,18.578],[-73.6888,18.5779],[-73.687,18.5776],[-73.685,18.5774],[-73.6832,18.577],[-73.6814,18.5768],[-73.6797,18.5763],[-73.6781,18.5758],[-73.6762,18.5755],[-73.6744,18.5751],[-73.6732,18.5743],[-73.6717,18.5737],[-73.6697,18.5735],[-73.6679,18.5737],[-73.6661,18.5735],[-73.6642,18.5733],[-73.6624,18.5728],[-73.6607,18.5724],[-73.6588,18.5722],[-73.6565,18.5722],[-73.6546,18.5729],[-73.6531,18.5734],[-73.6513,18.5737],[-73.6498,18.5745],[-73.6484,18.5752],[-73.6469,18.5758],[-73.6454,18.5766],[-73.6442,18.5775],[-73.6425,18.5779],[-73.6411,18.5785],[-73.6398,18.5792],[-73.6386,18.5801],[-73.6371,18.5807],[-73.6357,18.5814],[-73.6341,18.5819],[-73.6326,18.5824],[-73.6308,18.5827],[-73.629,18.583],[-73.6274,18.5835],[-73.6257,18.5839],[-73.6237,18.5841],[-73.6219,18.5843],[-73.6201,18.5845],[-73.6185,18.585],[-73.6168,18.5854],[-73.6152,18.5849],[-73.6134,18.5853],[-73.6118,18.5858],[-73.6098,18.5859],[-73.6081,18.5856],[-73.6062,18.5854],[-73.6045,18.5858],[-73.6027,18.586],[-73.6009,18.5857],[-73.599,18.5859],[-73.5971,18.5858],[-73.5955,18.5863],[-73.5936,18.5862],[-73.5916,18.5863],[-73.5898,18.5866],[-73.588,18.5869],[-73.5862,18.5872],[-73.5847,18.5877],[-73.5829,18.588],[-73.581,18.5882],[-73.5792,18.5884],[-73.5774,18.5882],[-73.5753,18.5881],[-73.5733,18.588],[-73.5715,18.5876],[-73.5698,18.5872],[-73.5684,18.5865],[-73.5671,18.5856],[-73.566,18.5845],[-73.5649,18.5836],[-73.5644,18.582],[-73.5643,18.5801],[-73.565,18.5787],[-73.566,18.5777],[-73.567,18.5766],[-73.568,18.5756],[-73.569,18.5745],[-73.5699,18.5733],[-73.5707,18.5719],[-73.5716,18.5705],[-73.5724,18.5692],[-73.5732,18.5678],[-73.574,18.5665],[-73.5747,18.5651],[-73.5756,18.5639],[-73.5764,18.5627],[-73.5773,18.5613],[-73.5784,18.5603],[-73.5798,18.5595],[-73.5813,18.5586],[-73.5825,18.5577],[-73.5836,18.5567],[-73.5849,18.5557],[-73.586,18.5547],[-73.5872,18.5538],[-73.589,18.5535],[-73.5909,18.5532],[-73.5922,18.5525],[-73.5942,18.5527],[-73.596,18.5529],[-73.598,18.553],[-73.6001,18.553],[-73.6023,18.5529],[-73.6041,18.5527],[-73.6059,18.5525],[-73.608,18.5525],[-73.609,18.5538],[-73.6104,18.5544],[-73.6119,18.555],[-73.6137,18.5553],[-73.6151,18.5547],[-73.6164,18.554],[-73.6178,18.5546],[-73.6186,18.5559],[-73.6204,18.5562],[-73.6221,18.5566],[-73.6237,18.5571],[-73.6251,18.5577],[-73.6266,18.5583],[-73.6283,18.5587],[-73.6301,18.559],[-73.632,18.5591],[-73.6335,18.5585],[-73.6353,18.5581],[-73.6373,18.5582],[-73.6392,18.5583],[-73.6406,18.5577],[-73.6426,18.5576],[-73.6427,18.5595],[-73.6446,18.5593],[-73.6449,18.5576],[-73.6435,18.5569],[-73.6439,18.5551],[-73.6446,18.5537],[-73.6464,18.5539],[-73.6481,18.5543],[-73.65,18.5545],[-73.6521,18.5543],[-73.6541,18.5545],[-73.656,18.5546],[-73.658,18.5545],[-73.6598,18.5543],[-73.6619,18.5542],[-73.6632,18.5534],[-73.6651,18.5531],[-73.6667,18.5535],[-73.6658,18.5551],[-73.6646,18.5559],[-73.6635,18.5569],[-73.6619,18.5575],[-73.6621,18.5594],[-73.6609,18.5604],[-73.6624,18.5599],[-73.6631,18.5585],[-73.6648,18.558],[-73.6661,18.5572],[-73.6678,18.5576],[-73.6685,18.559],[-73.669,18.5605],[-73.6704,18.5612],[-73.6717,18.5619],[-73.6731,18.5625],[-73.674,18.5636],[-73.6754,18.5643],[-73.6774,18.5644],[-73.6791,18.564],[-73.6812,18.564],[-73.6828,18.5646],[-73.6844,18.5652],[-73.6862,18.5654],[-73.6881,18.5653],[-73.6897,18.5648],[-73.6911,18.5642],[-73.6927,18.5637],[-73.6913,18.5631],[-73.6893,18.563],[-73.6879,18.5623],[-73.6866,18.5616],[-73.6848,18.5613],[-73.6833,18.5606],[-73.6815,18.5609],[-73.6803,18.56],[-73.6804,18.5581],[-73.681,18.5565],[-73.6818,18.5552],[-73.6824,18.5538],[-73.6846,18.5538],[-73.6864,18.5536],[-73.6872,18.5523],[-73.6892,18.5525],[-73.6907,18.5532],[-73.6926,18.553],[-73.6929,18.5512],[-73.6945,18.5508],[-73.6963,18.5505],[-73.6976,18.5512],[-73.6972,18.553],[-73.6987,18.5535],[-73.6992,18.5519],[-73.6997,18.5502],[-73.7012,18.5495],[-73.7029,18.5491],[-73.7044,18.5483],[-73.7062,18.548],[-73.7076,18.5473],[-73.709,18.5466],[-73.7101,18.5456],[-73.7106,18.544],[-73.712,18.5447],[-73.7131,18.5458],[-73.7142,18.5468],[-73.7157,18.5474],[-73.7169,18.5483],[-73.7173,18.55],[-73.7189,18.5496],[-73.72,18.5486],[-73.721,18.5475],[-73.7221,18.5465],[-73.7239,18.5463],[-73.7247,18.545],[-73.7252,18.5435],[-73.7239,18.5426],[-73.7227,18.5435],[-73.7213,18.5441],[-73.7215,18.5459],[-73.7197,18.5456],[-73.7186,18.5447],[-73.7181,18.5431],[-73.7167,18.5437],[-73.716,18.5424],[-73.7142,18.5421],[-73.7134,18.5409],[-73.7114,18.5408],[-73.7119,18.5424],[-73.7107,18.5433],[-73.7096,18.5424],[-73.7085,18.5414],[-73.707,18.5419],[-73.7053,18.5422],[-73.7036,18.5428],[-73.7021,18.5422],[-73.7012,18.5436],[-73.7,18.5427],[-73.6986,18.5435],[-73.6977,18.5448],[-73.6961,18.5453],[-73.6943,18.5456],[-73.6933,18.5446],[-73.6935,18.5428],[-73.694,18.5413],[-73.6935,18.5396],[-73.6925,18.5407],[-73.6914,18.5418],[-73.6901,18.5425],[-73.6902,18.5444],[-73.6887,18.5449],[-73.6869,18.5451],[-73.6855,18.5444],[-73.6837,18.5441],[-73.6841,18.5424],[-73.6839,18.5405],[-73.6845,18.539],[-73.6847,18.5372],[-73.6831,18.5376],[-73.682,18.5386],[-73.6821,18.5406],[-73.6819,18.5424],[-73.6815,18.5441],[-73.6804,18.5451],[-73.6785,18.5452],[-73.6782,18.5434],[-73.6765,18.543],[-73.6757,18.5417],[-73.6749,18.5405],[-73.6732,18.5409],[-73.672,18.5419],[-73.6704,18.5424],[-73.6692,18.5415],[-73.6678,18.5421],[-73.6659,18.542],[-73.665,18.5408],[-73.6636,18.5415],[-73.6629,18.5402],[-73.6625,18.5385],[-73.6627,18.5366],[-73.6621,18.5352],[-73.6603,18.5348],[-73.6601,18.5329],[-73.661,18.5318],[-73.662,18.5307],[-73.6633,18.5299],[-73.6645,18.529],[-73.666,18.5284],[-73.6653,18.527],[-73.6644,18.5258],[-73.6654,18.5247],[-73.6673,18.5242],[-73.6681,18.5229],[-73.6688,18.5215],[-73.6697,18.5204],[-73.6698,18.5184],[-73.6707,18.5172],[-73.6723,18.5167],[-73.6714,18.5156],[-73.6706,18.5144],[-73.6709,18.5127],[-73.672,18.5117],[-73.6723,18.5099],[-73.6725,18.5079],[-73.6711,18.5073],[-73.6694,18.5077],[-73.6681,18.5069],[-73.6672,18.5058],[-73.6651,18.5058],[-73.6636,18.5052],[-73.6647,18.5042],[-73.6644,18.5024],[-73.6635,18.5013],[-73.6628,18.4998],[-73.661,18.4995],[-73.6593,18.4992],[-73.6578,18.4987],[-73.6566,18.4996],[-73.6545,18.4995],[-73.6528,18.4999],[-73.6512,18.5005],[-73.6501,18.5014],[-73.6485,18.5009],[-73.6472,18.5017],[-73.646,18.5026],[-73.6441,18.5027],[-73.6423,18.5031],[-73.6415,18.5044],[-73.6397,18.5041],[-73.6382,18.5046],[-73.6377,18.5061],[-73.6357,18.5062],[-73.6347,18.5052],[-73.6339,18.5039],[-73.6321,18.5041],[-73.6305,18.5046],[-73.6299,18.503],[-73.6284,18.5025],[-73.6267,18.5021],[-73.6272,18.5037],[-73.6254,18.5034],[-73.624,18.504],[-73.6229,18.503],[-73.6219,18.5019],[-73.6225,18.5005],[-73.621,18.5011],[-73.6197,18.5019],[-73.6184,18.5026],[-73.6168,18.5021],[-73.6157,18.5011],[-73.6143,18.5019],[-73.613,18.5026],[-73.6116,18.5032],[-73.6118,18.5014],[-73.6104,18.5021],[-73.6094,18.5034],[-73.6074,18.5033],[-73.6082,18.502],[-73.6066,18.5015],[-73.6057,18.5026],[-73.6039,18.5023],[-73.603,18.5035],[-73.6019,18.5025],[-73.6003,18.503],[-73.5992,18.5039],[-73.5987,18.5055],[-73.5969,18.5058],[-73.5977,18.5045],[-73.5991,18.5039],[-73.5988,18.5022],[-73.599,18.5004],[-73.5976,18.501],[-73.5958,18.5013],[-73.5945,18.5022],[-73.5935,18.5033],[-73.5919,18.5029],[-73.5903,18.5024],[-73.5889,18.5017],[-73.5872,18.5022],[-73.5865,18.5036],[-73.5848,18.5039],[-73.5837,18.5049],[-73.5822,18.5056],[-73.5813,18.5069],[-73.5819,18.5055],[-73.5806,18.5048],[-73.5788,18.5044],[-73.5784,18.5062],[-73.5782,18.5081],[-73.5792,18.5091],[-73.5779,18.5099],[-73.5772,18.5085],[-73.577,18.5067],[-73.5761,18.5079],[-73.5762,18.5098],[-73.5757,18.5115],[-73.5749,18.5128],[-73.5761,18.5119],[-73.577,18.5107],[-73.5764,18.5124],[-73.5758,18.5138],[-73.5744,18.5131],[-73.5731,18.5124],[-73.5722,18.5136],[-73.5704,18.5139],[-73.571,18.5124],[-73.5728,18.5121],[-73.5721,18.5107],[-73.5705,18.5103],[-73.571,18.5088],[-73.5718,18.5101],[-73.5733,18.5107],[-73.5741,18.512],[-73.575,18.5108],[-73.5755,18.5092],[-73.5752,18.5074],[-73.5734,18.5069],[-73.572,18.5062],[-73.571,18.5051],[-73.5697,18.5058],[-73.5692,18.5075],[-73.5683,18.5089],[-73.5667,18.5095],[-73.5654,18.5087],[-73.564,18.5093],[-73.5638,18.5112],[-73.5633,18.5127],[-73.5624,18.5115],[-73.5627,18.5098],[-73.5608,18.5099],[-73.5591,18.5102],[-73.5581,18.5112],[-73.5569,18.5121],[-73.5559,18.5131],[-73.5549,18.5142],[-73.5545,18.5159],[-73.5538,18.5172],[-73.5518,18.517],[-73.5502,18.5175],[-73.5497,18.5191],[-73.5479,18.5193],[-73.5469,18.5203],[-73.545,18.5205],[-73.5464,18.5211],[-73.5445,18.5212],[-73.5441,18.5195],[-73.5424,18.5191],[-73.5411,18.5199],[-73.5392,18.5198],[-73.5378,18.5205],[-73.5366,18.5214],[-73.538,18.5221],[-73.5397,18.5224],[-73.5416,18.5223],[-73.5405,18.5233],[-73.5389,18.5238],[-73.5371,18.5235],[-73.5351,18.5234],[-73.5333,18.5231],[-73.5316,18.5237],[-73.5298,18.5233],[-73.5289,18.522],[-73.53,18.5211],[-73.532,18.521],[-73.5314,18.5195],[-73.5298,18.5199],[-73.5277,18.5201],[-73.5263,18.5208],[-73.5253,18.5221],[-73.5265,18.5211],[-73.5268,18.523],[-73.5266,18.5249],[-73.5254,18.5261],[-73.5243,18.527],[-73.5224,18.5275],[-73.5214,18.5286],[-73.52,18.5292],[-73.5187,18.5282],[-73.5173,18.5275],[-73.5156,18.5279],[-73.5146,18.5268],[-73.5128,18.5271],[-73.5118,18.5282],[-73.5099,18.5285],[-73.508,18.5284],[-73.5064,18.5279],[-73.5047,18.5275],[-73.5029,18.5273],[-73.5009,18.5272],[-73.4988,18.5272],[-73.4968,18.5271],[-73.4948,18.5272],[-73.4928,18.5273],[-73.491,18.527],[-73.4893,18.5266],[-73.4875,18.5264],[-73.4859,18.5259],[-73.4842,18.5255],[-73.4824,18.5257],[-73.4805,18.5254],[-73.4788,18.5251],[-73.4772,18.5246],[-73.4754,18.5243],[-73.4736,18.524],[-73.472,18.5235],[-73.4707,18.5227],[-73.4695,18.5237],[-73.4681,18.5244],[-73.4667,18.525],[-73.4654,18.5258],[-73.4635,18.5261],[-73.4621,18.5269],[-73.4607,18.5275],[-73.4593,18.5284],[-73.4579,18.529],[-73.4561,18.5286],[-73.4544,18.5282],[-73.453,18.5276],[-73.4513,18.5272],[-73.4496,18.5267],[-73.4482,18.5261],[-73.4465,18.5257],[-73.4446,18.5258],[-73.4433,18.5251],[-73.4414,18.5249],[-73.4399,18.5244],[-73.4383,18.5239],[-73.4365,18.5242],[-73.4346,18.524],[-73.4331,18.5235],[-73.4311,18.5233],[-73.4297,18.5226],[-73.4279,18.5222],[-73.4263,18.5217],[-73.4246,18.5213],[-73.423,18.5208],[-73.4214,18.5203],[-73.4197,18.5199],[-73.4181,18.5195],[-73.4161,18.5196],[-73.4143,18.5198],[-73.4128,18.5204],[-73.4111,18.5207],[-73.4091,18.5207],[-73.4072,18.5205],[-73.4057,18.52],[-73.4041,18.5195],[-73.4024,18.519],[-73.4007,18.5186],[-73.3993,18.5179],[-73.398,18.5171],[-73.3968,18.5162],[-73.3954,18.5155],[-73.3939,18.5149],[-73.3924,18.5144],[-73.3905,18.5142],[-73.3887,18.5139],[-73.3869,18.5137],[-73.3849,18.5136],[-73.3831,18.5134],[-73.3815,18.5129],[-73.38,18.5124],[-73.3779,18.5124],[-73.3759,18.5123],[-73.374,18.5122],[-73.3722,18.5119],[-73.3701,18.5119],[-73.3684,18.5115],[-73.3667,18.5112],[-73.3649,18.5109],[-73.3635,18.5103],[-73.3616,18.5102],[-73.3597,18.51],[-73.3578,18.5099],[-73.3562,18.5094],[-73.3545,18.509],[-73.3531,18.5084],[-73.3514,18.508],[-73.35,18.5074],[-73.3488,18.5065],[-73.3481,18.5051],[-73.3475,18.5037],[-73.3466,18.5025],[-73.346,18.504],[-73.3455,18.5056],[-73.3434,18.5055],[-73.3414,18.5053],[-73.3397,18.5048],[-73.3378,18.5045],[-73.336,18.5042],[-73.3343,18.5038],[-73.3325,18.5035],[-73.3308,18.5031],[-73.3292,18.5026],[-73.3277,18.5021],[-73.3264,18.5012],[-73.325,18.5005],[-73.3237,18.4997],[-73.3224,18.4989],[-73.321,18.4983],[-73.3196,18.4977],[-73.3182,18.497],[-73.3167,18.4965],[-73.3154,18.4958],[-73.3138,18.4952],[-73.3125,18.4943],[-73.3106,18.4939],[-73.3093,18.4931],[-73.3084,18.4918],[-73.3069,18.4913],[-73.3062,18.4898],[-73.3046,18.4893],[-73.3033,18.4884],[-73.3015,18.488],[-73.3012,18.4878]]]]},"properties":{"nom":"Anse à Veau / Corail","code":"26","zone":"Presqu'île du SUD-OUEST"}},{"type":"Feature","geometry":{"type":"MultiPolygon","coordinates":[[[[-73.2964,18.4848],[-73.297,18.4825],[-73.2957,18.4805],[-73.2958,18.4781],[-73.2968,18.4742],[-73.2967,18.4718],[-73.2965,18.4696],[-73.2968,18.4672],[-73.2981,18.465],[-73.3003,18.4623],[-73.3035,18.4618],[-73.3055,18.46],[-73.3057,18.458],[-73.3054,18.4549],[-73.3072,18.4541],[-73.3088,18.4522],[-73.3075,18.4505],[-73.3061,18.4491],[-73.3049,18.4479],[-73.3037,18.4462],[-73.3044,18.4446],[-73.3049,18.4425],[-73.3069,18.4411],[-73.3073,18.4389],[-73.3062,18.4378],[-73.3058,18.436],[-73.3051,18.4347],[-73.3061,18.433],[-73.3072,18.4304],[-73.3088,18.4296],[-73.3108,18.4261],[-73.3127,18.4257],[-73.3118,18.4236],[-73.3102,18.4226],[-73.3075,18.4221],[-73.306,18.4201],[-73.3046,18.4193],[-73.3023,18.4199],[-73.3007,18.4192],[-73.2992,18.4179],[-73.2971,18.4181],[-73.2946,18.4174],[-73.2932,18.4166],[-73.2919,18.4158],[-73.2888,18.4162],[-73.2861,18.4154],[-73.2837,18.4151],[-73.2819,18.4145],[-73.2801,18.4134],[-73.2776,18.4113],[-73.2749,18.4106],[-73.2727,18.4098],[-73.2705,18.4089],[-73.268,18.4082],[-73.2662,18.4085],[-73.2651,18.4098],[-73.264,18.4088],[-73.262,18.4065],[-73.2575,18.4065],[-73.2545,18.4073],[-73.2533,18.4086],[-73.2505,18.409],[-73.2491,18.4083],[-73.2462,18.4084],[-73.2423,18.4093],[-73.2379,18.4084],[-73.2352,18.4076],[-73.2331,18.4083],[-73.2307,18.4107],[-73.2291,18.4102],[-73.2276,18.4097],[-73.2259,18.4101],[-73.2233,18.4103],[-73.223,18.4085],[-73.2228,18.406],[-73.2211,18.4056],[-73.2192,18.4047],[-73.2167,18.4043],[-73.2145,18.4046],[-73.2119,18.4035],[-73.2097,18.4037],[-73.2077,18.4021],[-73.2054,18.4016],[-73.2035,18.4011],[-73.2015,18.4013],[-73.1992,18.401],[-73.197,18.401],[-73.1955,18.4004],[-73.1942,18.3991],[-73.1931,18.3974],[-73.1938,18.3951],[-73.1945,18.3937],[-73.1962,18.3905],[-73.1998,18.3876],[-73.2016,18.3868],[-73.2025,18.3847],[-73.2042,18.3838],[-73.2054,18.3814],[-73.2067,18.3787],[-73.2066,18.3766],[-73.2044,18.3747],[-73.2039,18.3723],[-73.2025,18.3713],[-73.2004,18.37],[-73.2016,18.3681],[-73.203,18.3674],[-73.2053,18.3672],[-73.2078,18.3678],[-73.2102,18.3674],[-73.2119,18.3669],[-73.2145,18.365],[-73.2159,18.3658],[-73.2184,18.3655],[-73.2197,18.3634],[-73.222,18.3627],[-73.2213,18.3609],[-73.2223,18.3593],[-73.2215,18.358],[-73.2204,18.3569],[-73.2209,18.3548],[-73.2197,18.3534],[-73.218,18.3529],[-73.2166,18.3516],[-73.2142,18.3509],[-73.2121,18.3493],[-73.2116,18.3477],[-73.2095,18.3459],[-73.2097,18.3436],[-73.2123,18.3437],[-73.2148,18.3431],[-73.2165,18.3448],[-73.2184,18.3456],[-73.2195,18.3443],[-73.2203,18.3428],[-73.2217,18.3435],[-73.2232,18.344],[-73.225,18.3444],[-73.2273,18.3443],[-73.2284,18.3432],[-73.2294,18.3448],[-73.231,18.3428],[-73.2346,18.3426],[-73.2358,18.3417],[-73.2358,18.3389],[-73.2356,18.337],[-73.2379,18.3365],[-73.2412,18.3355],[-73.2426,18.3365],[-73.2446,18.3349],[-73.2453,18.3332],[-73.2471,18.3329],[-73.248,18.334],[-73.2495,18.336],[-73.2514,18.3368],[-73.2532,18.3371],[-73.2542,18.3359],[-73.2556,18.3353],[-73.2559,18.3334],[-73.2582,18.3335],[-73.2603,18.3329],[-73.2627,18.3333],[-73.2649,18.3326],[-73.2677,18.3325],[-73.2692,18.3317],[-73.2715,18.3312],[-73.2726,18.3291],[-73.2752,18.3291],[-73.2777,18.3295],[-73.2798,18.3304],[-73.2803,18.3326],[-73.2797,18.335],[-73.2791,18.3369],[-73.2782,18.3385],[-73.278,18.3442],[-73.2799,18.3445],[-73.2817,18.3464],[-73.2838,18.347],[-73.2864,18.3477],[-73.2878,18.3487],[-73.2898,18.3496],[-73.2918,18.3506],[-73.2928,18.352],[-73.2957,18.3527],[-73.2979,18.3522],[-73.2994,18.3512],[-73.3014,18.3507],[-73.3024,18.3485],[-73.3031,18.3453],[-73.3022,18.3434],[-73.3024,18.3411],[-73.3046,18.3414],[-73.3064,18.3421],[-73.3083,18.3426],[-73.3101,18.3432],[-73.312,18.3424],[-73.3148,18.3441],[-73.3163,18.3454],[-73.3186,18.346],[-73.3199,18.3468],[-73.3223,18.3472],[-73.3245,18.3462],[-73.3251,18.3444],[-73.3265,18.343],[-73.3284,18.3428],[-73.3297,18.3421],[-73.3316,18.3439],[-73.3329,18.3456],[-73.3357,18.3456],[-73.3376,18.3463],[-73.3402,18.3473],[-73.3413,18.3484],[-73.3435,18.3493],[-73.3451,18.3515],[-73.3486,18.3529],[-73.351,18.3516],[-73.3533,18.3526],[-73.3544,18.3514],[-73.3579,18.3503],[-73.3599,18.3498],[-73.3607,18.3484],[-73.3632,18.3486],[-73.3651,18.3494],[-73.3674,18.3468],[-73.37,18.3486],[-73.3723,18.3494],[-73.3747,18.3499],[-73.3769,18.3513],[-73.3785,18.3502],[-73.3813,18.3513],[-73.3832,18.3507],[-73.3852,18.3509],[-73.387,18.3498],[-73.3892,18.3487],[-73.3901,18.3476],[-73.3919,18.3468],[-73.3937,18.3472],[-73.3974,18.347],[-73.4001,18.3466],[-73.4016,18.346],[-73.404,18.347],[-73.4062,18.3459],[-73.4076,18.3444],[-73.4096,18.3445],[-73.4117,18.3429],[-73.4134,18.3425],[-73.4148,18.3415],[-73.4165,18.3411],[-73.4179,18.3417],[-73.4202,18.3411],[-73.4216,18.3421],[-73.4233,18.3412],[-73.4257,18.3402],[-73.4272,18.339],[-73.4287,18.3384],[-73.4312,18.3388],[-73.4326,18.3399],[-73.4374,18.3397],[-73.4388,18.3391],[-73.4406,18.3389],[-73.4425,18.3387],[-73.4443,18.3385],[-73.4474,18.3392],[-73.4504,18.3381],[-73.4517,18.3366],[-73.4561,18.3368],[-73.4579,18.3372],[-73.4602,18.3388],[-73.4631,18.3385],[-73.464,18.3396],[-73.4683,18.3405],[-73.4718,18.3407],[-73.4751,18.3411],[-73.4775,18.3409],[-73.4794,18.3424],[-73.4817,18.3424],[-73.484,18.3416],[-73.4858,18.3411],[-73.4888,18.3409],[-73.4909,18.3405],[-73.4928,18.3385],[-73.4946,18.3375],[-73.4968,18.3369],[-73.4986,18.3367],[-73.5007,18.336],[-73.5017,18.3349],[-73.5036,18.3344],[-73.5049,18.3358],[-73.506,18.3377],[-73.5098,18.3373],[-73.5125,18.3355],[-73.5151,18.3363],[-73.5196,18.3372],[-73.5209,18.3382],[-73.5229,18.3394],[-73.5248,18.3424],[-73.5272,18.344],[-73.5296,18.3441],[-73.5315,18.3453],[-73.5334,18.3465],[-73.535,18.3501],[-73.5363,18.352],[-73.538,18.353],[-73.5375,18.3545],[-73.5371,18.3563],[-73.536,18.3591],[-73.5354,18.3608],[-73.5365,18.3629],[-73.5371,18.3645],[-73.5367,18.3662],[-73.5368,18.369],[-73.5384,18.3697],[-73.5367,18.3711],[-73.5387,18.3738],[-73.5407,18.3742],[-73.542,18.3753],[-73.5429,18.3764],[-73.5443,18.3753],[-73.5466,18.3746],[-73.5505,18.3749],[-73.5525,18.3754],[-73.5531,18.3768],[-73.5549,18.3784],[-73.5574,18.379],[-73.5588,18.3775],[-73.5633,18.3771],[-73.5655,18.3784],[-73.5638,18.3795],[-73.5642,18.3813],[-73.566,18.3809],[-73.5676,18.3804],[-73.5674,18.3823],[-73.5669,18.3844],[-73.566,18.3866],[-73.566,18.389],[-73.5661,18.3909],[-73.5685,18.3929],[-73.5678,18.3947],[-73.5652,18.3948],[-73.564,18.3958],[-73.5654,18.3966],[-73.5665,18.3975],[-73.5675,18.3991],[-73.5691,18.4006],[-73.5706,18.3992],[-73.5726,18.399],[-73.5748,18.3994],[-73.5764,18.4011],[-73.5796,18.4018],[-73.5815,18.4019],[-73.5843,18.4023],[-73.5863,18.403],[-73.5888,18.4038],[-73.5909,18.4049],[-73.5927,18.4052],[-73.5975,18.4054],[-73.5997,18.4044],[-73.6015,18.405],[-73.6042,18.4069],[-73.6073,18.407],[-73.6092,18.4067],[-73.6114,18.407],[-73.6136,18.4075],[-73.6149,18.4057],[-73.6178,18.4064],[-73.619,18.4054],[-73.621,18.4073],[-73.6233,18.4075],[-73.6264,18.4082],[-73.6286,18.4078],[-73.6299,18.4102],[-73.6324,18.4097],[-73.6344,18.4105],[-73.6343,18.4125],[-73.6357,18.4138],[-73.6379,18.4139],[-73.6394,18.4128],[-73.6409,18.412],[-73.642,18.4108],[-73.6434,18.4115],[-73.6464,18.4104],[-73.6493,18.4125],[-73.6522,18.4121],[-73.6538,18.4126],[-73.6541,18.415],[-73.6537,18.4183],[-73.6535,18.4211],[-73.6549,18.4229],[-73.6557,18.425],[-73.6551,18.4269],[-73.6541,18.4279],[-73.6547,18.4306],[-73.6533,18.4318],[-73.6511,18.432],[-73.6502,18.4338],[-73.6488,18.435],[-73.6485,18.437],[-73.6474,18.4382],[-73.6464,18.4408],[-73.6429,18.4406],[-73.6423,18.4388],[-73.6394,18.4401],[-73.6368,18.4411],[-73.6352,18.4406],[-73.6326,18.4417],[-73.6309,18.4408],[-73.6298,18.4397],[-73.6261,18.4404],[-73.6254,18.4427],[-73.6225,18.4426],[-73.621,18.4432],[-73.6195,18.4447],[-73.6196,18.447],[-73.6177,18.4466],[-73.6151,18.4467],[-73.6131,18.4463],[-73.6106,18.4464],[-73.609,18.4458],[-73.6077,18.4465],[-73.6058,18.4469],[-73.6048,18.449],[-73.6034,18.4503],[-73.6005,18.4506],[-73.5989,18.4518],[-73.5974,18.4525],[-73.5945,18.4538],[-73.5924,18.4559],[-73.5909,18.4565],[-73.5883,18.4575],[-73.5869,18.4583],[-73.5848,18.4592],[-73.5805,18.4602],[-73.5784,18.4604],[-73.5763,18.4608],[-73.5733,18.4609],[-73.5699,18.4604],[-73.5641,18.4603],[-73.5633,18.4587],[-73.5604,18.459],[-73.5582,18.4597],[-73.5552,18.4595],[-73.5535,18.4591],[-73.5519,18.4564],[-73.549,18.4556],[-73.547,18.4556],[-73.5409,18.4551],[-73.5387,18.4566],[-73.5351,18.4573],[-73.5374,18.4591],[-73.5322,18.4604],[-73.5299,18.4604],[-73.5277,18.4598],[-73.5242,18.4601],[-73.5199,18.4601],[-73.5179,18.4598],[-73.5159,18.46],[-73.5126,18.4603],[-73.5122,18.4581],[-73.5097,18.4577],[-73.5106,18.455],[-73.5091,18.4542],[-73.506,18.4539],[-73.5052,18.4526],[-73.502,18.4539],[-73.5007,18.4509],[-73.5004,18.4471],[-73.5009,18.4448],[-73.4986,18.4434],[-73.4981,18.4419],[-73.4959,18.4419],[-73.4927,18.4433],[-73.4908,18.4444],[-73.4888,18.4464],[-73.4863,18.4461],[-73.4831,18.4468],[-73.4806,18.4467],[-73.4782,18.4462],[-73.4762,18.4477],[-73.4758,18.4494],[-73.4755,18.4526],[-73.4749,18.4542],[-73.4737,18.4559],[-73.4704,18.4557],[-73.4695,18.4546],[-73.4678,18.4538],[-73.4648,18.4534],[-73.4631,18.4542],[-73.4609,18.4531],[-73.4593,18.4522],[-73.4562,18.4524],[-73.4539,18.4527],[-73.4523,18.4536],[-73.4497,18.4527],[-73.448,18.4521],[-73.446,18.4517],[-73.443,18.4512],[-73.4402,18.4522],[-73.4384,18.452],[-73.4351,18.4522],[-73.4313,18.4519],[-73.4291,18.4525],[-73.4273,18.4527],[-73.4261,18.4536],[-73.4237,18.4522],[-73.4226,18.4505],[-73.4208,18.4491],[-73.4191,18.448],[-73.4172,18.4478],[-73.4148,18.4468],[-73.4137,18.4458],[-73.4119,18.4442],[-73.4102,18.4429],[-73.4086,18.4424],[-73.4065,18.4426],[-73.4053,18.4447],[-73.4047,18.4463],[-73.3984,18.4466],[-73.397,18.4473],[-73.3945,18.4474],[-73.3923,18.447],[-73.3909,18.4476],[-73.3889,18.4478],[-73.3873,18.4489],[-73.3846,18.4491],[-73.3832,18.4502],[-73.3814,18.4504],[-73.38,18.451],[-73.3796,18.4534],[-73.3778,18.4542],[-73.3761,18.4556],[-73.3733,18.4563],[-73.3713,18.4555],[-73.3688,18.455],[-73.366,18.4547],[-73.3636,18.4547],[-73.362,18.457],[-73.3619,18.459],[-73.3598,18.4595],[-73.3585,18.4606],[-73.3561,18.4606],[-73.3543,18.4621],[-73.3524,18.4624],[-73.3531,18.464],[-73.3536,18.4656],[-73.3514,18.4682],[-73.3502,18.4711],[-73.3492,18.4738],[-73.3465,18.4773],[-73.344,18.4781],[-73.3388,18.4773],[-73.3347,18.4762],[-73.3279,18.4755],[-73.3218,18.4772],[-73.3144,18.4807],[-73.308,18.4843],[-73.303,18.4869],[-73.3012,18.4878],[-73.2998,18.4871],[-73.2983,18.4866],[-73.2974,18.4854],[-73.2964,18.4848]]]]},"properties":{"nom":"Grande Rivière de Nippes","code":"27","zone":"Presqu'île du SUD-OUEST"}},{"type":"Feature","geometry":{"type":"MultiPolygon","coordinates":[[[[-73.1875,18.4897],[-73.1857,18.4895],[-73.1839,18.4891],[-73.1822,18.4887],[-73.1805,18.4883],[-73.1787,18.4879],[-73.1769,18.4876],[-73.1751,18.4873],[-73.1733,18.4871],[-73.1715,18.4869],[-73.1697,18.4866],[-73.1679,18.4864],[-73.166,18.4863],[-73.1641,18.4861],[-73.1623,18.4858],[-73.1605,18.4856],[-73.1592,18.4849],[-73.1581,18.4838],[-73.1571,18.4828],[-73.157,18.4809],[-73.1558,18.4818],[-73.154,18.4815],[-73.1525,18.4809],[-73.1512,18.4801],[-73.1495,18.4797],[-73.1478,18.4793],[-73.146,18.4791],[-73.1441,18.479],[-73.1421,18.4788],[-73.1404,18.4784],[-73.1386,18.4782],[-73.137,18.4777],[-73.1356,18.4771],[-73.1343,18.4763],[-73.1328,18.4756],[-73.1313,18.4751],[-73.1297,18.4746],[-73.1282,18.474],[-73.1266,18.4744],[-73.1259,18.473],[-73.1258,18.4711],[-73.1264,18.4696],[-73.1254,18.4686],[-73.1256,18.4668],[-73.1241,18.4674],[-73.1229,18.4683],[-73.1218,18.4674],[-73.1209,18.4662],[-73.1217,18.4649],[-73.123,18.4641],[-73.1242,18.4632],[-73.125,18.4618],[-73.1265,18.4624],[-73.1256,18.4612],[-73.1241,18.4617],[-73.1232,18.4605],[-73.1214,18.4607],[-73.1203,18.4618],[-73.1195,18.4605],[-73.118,18.46],[-73.1167,18.4608],[-73.1148,18.461],[-73.1154,18.4593],[-73.1164,18.4583],[-73.1159,18.4566],[-73.1142,18.4572],[-73.1133,18.4583],[-73.1113,18.4584],[-73.1117,18.4601],[-73.1099,18.4604],[-73.1104,18.4589],[-73.1096,18.4576],[-73.1105,18.4565],[-73.112,18.4571],[-73.1138,18.4573],[-73.1144,18.4559],[-73.1134,18.4549],[-73.1121,18.454],[-73.1109,18.4531],[-73.1107,18.4549],[-73.1096,18.456],[-73.1081,18.4565],[-73.1066,18.4559],[-73.1072,18.4545],[-73.1062,18.4534],[-73.1054,18.452],[-73.1072,18.4523],[-73.1082,18.4512],[-73.1076,18.4497],[-73.1062,18.4504],[-73.1072,18.4494],[-73.1065,18.4481],[-73.1056,18.447],[-73.1041,18.4464],[-73.1021,18.4464],[-73.1013,18.4451],[-73.1,18.4459],[-73.0991,18.4447],[-73.0975,18.4443],[-73.0957,18.4441],[-73.0943,18.4434],[-73.0924,18.4433],[-73.0912,18.4442],[-73.0907,18.4457],[-73.0897,18.4468],[-73.0879,18.4465],[-73.0863,18.447],[-73.0853,18.4481],[-73.0838,18.4475],[-73.0823,18.4469],[-73.0804,18.447],[-73.0795,18.4481],[-73.0779,18.4476],[-73.0762,18.448],[-73.0751,18.447],[-73.0736,18.4475],[-73.0734,18.4494],[-73.0725,18.4505],[-73.0716,18.4517],[-73.0702,18.4511],[-73.0689,18.4504],[-73.0691,18.4486],[-73.0685,18.4471],[-73.0679,18.4485],[-73.0675,18.4502],[-73.0666,18.4514],[-73.0661,18.453],[-73.0658,18.4547],[-73.0663,18.4531],[-73.0681,18.4533],[-73.0694,18.4541],[-73.0684,18.4551],[-73.0695,18.456],[-73.0711,18.4555],[-73.0699,18.4564],[-73.0688,18.4573],[-73.0671,18.4577],[-73.065,18.4578],[-73.0636,18.4571],[-73.0615,18.4572],[-73.0602,18.4581],[-73.059,18.459],[-73.0577,18.4597],[-73.0563,18.4604],[-73.0545,18.4607],[-73.0526,18.4608],[-73.0508,18.4611],[-73.0485,18.4612],[-73.0467,18.461],[-73.0447,18.4612],[-73.0432,18.4618],[-73.0428,18.4635],[-73.042,18.4648],[-73.0402,18.465],[-73.0384,18.4648],[-73.0367,18.4643],[-73.0356,18.4633],[-73.0341,18.4627],[-73.0321,18.4629],[-73.0304,18.4634],[-73.0291,18.4642],[-73.0275,18.4647],[-73.0259,18.4654],[-73.0239,18.4653],[-73.0219,18.4654],[-73.0201,18.4657],[-73.0181,18.4658],[-73.0163,18.4656],[-73.0143,18.4657],[-73.0121,18.4657],[-73.0103,18.4659],[-73.0081,18.4659],[-73.0063,18.4656],[-73.0043,18.4655],[-73.0029,18.4648],[-73.0014,18.4642],[-72.9996,18.4644],[-72.9977,18.4645],[-72.9959,18.4648],[-72.9947,18.4656],[-72.9935,18.4665],[-72.9923,18.4674],[-72.9904,18.4673],[-72.9886,18.4676],[-72.9867,18.4678],[-72.9853,18.4671],[-72.9834,18.4669],[-72.9825,18.4656],[-72.9808,18.4652],[-72.979,18.4654],[-72.9773,18.4658],[-72.9754,18.4659],[-72.9734,18.466],[-72.9713,18.4659],[-72.9695,18.4655],[-72.9678,18.465],[-72.966,18.4648],[-72.964,18.4646],[-72.9622,18.4644],[-72.9605,18.4639],[-72.9587,18.4635],[-72.9572,18.4628],[-72.9559,18.462],[-72.9544,18.4613],[-72.9525,18.461],[-72.9508,18.4605],[-72.9489,18.4604],[-72.9471,18.4601],[-72.9455,18.4597],[-72.9435,18.4596],[-72.9419,18.4591],[-72.9403,18.4586],[-72.9385,18.4583],[-72.9369,18.4576],[-72.9354,18.457],[-72.9331,18.4571],[-72.9316,18.4578],[-72.9298,18.4575],[-72.9282,18.4568],[-72.9267,18.456],[-72.9251,18.4553],[-72.9235,18.4548],[-72.922,18.4543],[-72.9204,18.4538],[-72.9187,18.4535],[-72.9169,18.4532],[-72.9152,18.4526],[-72.9142,18.4515],[-72.9129,18.4506],[-72.9117,18.4496],[-72.9101,18.4491],[-72.9081,18.4494],[-72.9063,18.4496],[-72.9045,18.4494],[-72.9027,18.4491],[-72.901,18.4487],[-72.8991,18.4485],[-72.8973,18.4483],[-72.8957,18.4476],[-72.8945,18.4468],[-72.8944,18.4446],[-72.8935,18.4433],[-72.8917,18.443],[-72.8922,18.4415],[-72.8936,18.4422],[-72.8948,18.4431],[-72.896,18.4422],[-72.8978,18.4425],[-72.8993,18.4432],[-72.9012,18.4431],[-72.9024,18.4422],[-72.9026,18.4404],[-72.902,18.439],[-72.9006,18.4383],[-72.899,18.4376],[-72.899,18.4354],[-72.8989,18.4334],[-72.8984,18.4318],[-72.8976,18.4305],[-72.8967,18.4292],[-72.8958,18.4281],[-72.8948,18.427],[-72.8938,18.426],[-72.8924,18.425],[-72.8906,18.4254],[-72.8886,18.4252],[-72.8869,18.4248],[-72.8853,18.4253],[-72.8835,18.425],[-72.8817,18.4248],[-72.88,18.4245],[-72.878,18.4244],[-72.8763,18.4248],[-72.8748,18.4254],[-72.8737,18.4264],[-72.8727,18.4277],[-72.8716,18.4288],[-72.8704,18.4299],[-72.8697,18.4314],[-72.8689,18.4328],[-72.8678,18.4339],[-72.8667,18.4349],[-72.8654,18.4356],[-72.8638,18.4361],[-72.8626,18.437],[-72.8617,18.4382],[-72.8605,18.4391],[-72.8594,18.44],[-72.8585,18.4412],[-72.8576,18.4423],[-72.8561,18.443],[-72.8539,18.443],[-72.852,18.4433],[-72.8505,18.4439],[-72.8486,18.4441],[-72.8469,18.4437],[-72.8452,18.4433],[-72.8431,18.4431],[-72.8414,18.4428],[-72.8396,18.4425],[-72.8374,18.4424],[-72.8356,18.4428],[-72.8337,18.443],[-72.8318,18.4428],[-72.83,18.4426],[-72.8278,18.4427],[-72.826,18.4425],[-72.8243,18.4429],[-72.8223,18.4431],[-72.8207,18.4426],[-72.8189,18.443],[-72.8171,18.4425],[-72.8153,18.4423],[-72.8135,18.4419],[-72.8118,18.4415],[-72.8104,18.4409],[-72.8085,18.4403],[-72.807,18.4397],[-72.8054,18.4392],[-72.804,18.4385],[-72.8025,18.4375],[-72.8007,18.4365],[-72.7996,18.4353],[-72.7984,18.4342],[-72.7969,18.4329],[-72.7955,18.4321],[-72.7938,18.4314],[-72.7926,18.4304],[-72.7908,18.4301],[-72.7888,18.4301],[-72.787,18.4305],[-72.7853,18.4311],[-72.7839,18.4318],[-72.7826,18.4327],[-72.7807,18.4325],[-72.7787,18.4329],[-72.7767,18.4328],[-72.7748,18.433],[-72.773,18.4332],[-72.7709,18.4333],[-72.769,18.4335],[-72.767,18.4335],[-72.7653,18.4338],[-72.7633,18.4337],[-72.7615,18.4334],[-72.7601,18.4326],[-72.7593,18.4311],[-72.7581,18.4302],[-72.7566,18.4295],[-72.7552,18.4288],[-72.7536,18.4283],[-72.7516,18.4288],[-72.7503,18.4297],[-72.7485,18.4291],[-72.7473,18.428],[-72.7459,18.4273],[-72.7442,18.4267],[-72.7421,18.4264],[-72.7403,18.4261],[-72.7386,18.4258],[-72.7367,18.4259],[-72.735,18.4262],[-72.7331,18.4266],[-72.7309,18.4266],[-72.7296,18.4259],[-72.7277,18.4263],[-72.7263,18.4272],[-72.7243,18.4273],[-72.7226,18.4279],[-72.721,18.4284],[-72.7198,18.4293],[-72.7183,18.4298],[-72.7169,18.4305],[-72.7157,18.4314],[-72.7141,18.4319],[-72.7132,18.4332],[-72.7118,18.4341],[-72.7102,18.4346],[-72.7084,18.4343],[-72.707,18.4337],[-72.7085,18.4332],[-72.7104,18.4331],[-72.7111,18.4317],[-72.712,18.4306],[-72.7116,18.4289],[-72.7097,18.4287],[-72.7079,18.4291],[-72.7068,18.4302],[-72.7063,18.4319],[-72.707,18.4333],[-72.7063,18.4347],[-72.7054,18.4361],[-72.7048,18.4376],[-72.7032,18.438],[-72.7011,18.4379],[-72.699,18.4374],[-72.6975,18.4383],[-72.6957,18.4386],[-72.6942,18.4392],[-72.693,18.4401],[-72.6917,18.4409],[-72.6904,18.442],[-72.6892,18.4432],[-72.6885,18.4446],[-72.6875,18.446],[-72.6863,18.4473],[-72.6852,18.4485],[-72.6834,18.4489],[-72.6821,18.4498],[-72.6808,18.4509],[-72.6797,18.4519],[-72.6787,18.453],[-72.6778,18.4543],[-72.677,18.4557],[-72.6762,18.4571],[-72.6755,18.4585],[-72.6748,18.4599],[-72.6741,18.4612],[-72.6734,18.4627],[-72.6728,18.4641],[-72.672,18.4657],[-72.6712,18.4673],[-72.6705,18.4687],[-72.6698,18.4702],[-72.6692,18.4717],[-72.6687,18.4732],[-72.6682,18.4747],[-72.6677,18.4765],[-72.6674,18.4784],[-72.6667,18.4798],[-72.6661,18.4813],[-72.6656,18.4828],[-72.6647,18.4807],[-72.6634,18.4794],[-72.6616,18.4797],[-72.6596,18.4791],[-72.6574,18.4777],[-72.6557,18.478],[-72.6544,18.4764],[-72.6527,18.4759],[-72.651,18.4755],[-72.6496,18.4738],[-72.6487,18.4727],[-72.6475,18.4735],[-72.6461,18.4714],[-72.6429,18.4718],[-72.6412,18.4728],[-72.6406,18.4744],[-72.6386,18.4743],[-72.6377,18.4732],[-72.6366,18.4718],[-72.6359,18.4694],[-72.6335,18.4706],[-72.6326,18.4685],[-72.6333,18.4668],[-72.6324,18.4657],[-72.633,18.4634],[-72.6344,18.462],[-72.6339,18.4593],[-72.6328,18.4581],[-72.6317,18.4568],[-72.6309,18.4551],[-72.6331,18.4535],[-72.632,18.4511],[-72.6312,18.4491],[-72.6298,18.4485],[-72.6295,18.4458],[-72.6265,18.4465],[-72.6236,18.447],[-72.6219,18.4479],[-72.6202,18.4462],[-72.6187,18.4454],[-72.6167,18.4446],[-72.6147,18.4423],[-72.6135,18.4404],[-72.6104,18.4399],[-72.609,18.4392],[-72.6079,18.4369],[-72.6067,18.4348],[-72.6051,18.4331],[-72.6015,18.4295],[-72.5997,18.4288],[-72.5981,18.4281],[-72.5978,18.4259],[-72.5967,18.4234],[-72.5974,18.4218],[-72.5977,18.419],[-72.5954,18.4176],[-72.5942,18.4167],[-72.5905,18.4163],[-72.5889,18.4159],[-72.5871,18.4147],[-72.5851,18.4146],[-72.5846,18.4129],[-72.586,18.4114],[-72.5865,18.4094],[-72.5889,18.4091],[-72.5902,18.4076],[-72.592,18.4071],[-72.5924,18.4042],[-72.5928,18.4016],[-72.5919,18.4004],[-72.5909,18.3978],[-72.5899,18.3954],[-72.589,18.3926],[-72.5899,18.3899],[-72.5909,18.3876],[-72.5902,18.3851],[-72.5903,18.3827],[-72.5913,18.3809],[-72.5942,18.3811],[-72.5971,18.3817],[-72.5991,18.3825],[-72.6026,18.3846],[-72.6041,18.3855],[-72.6043,18.3877],[-72.6067,18.3885],[-72.6088,18.3896],[-72.6102,18.3902],[-72.6113,18.3916],[-72.6139,18.3921],[-72.6162,18.3927],[-72.6181,18.3941],[-72.6225,18.3956],[-72.6261,18.3954],[-72.6276,18.3946],[-72.6302,18.3953],[-72.6317,18.3959],[-72.6344,18.3977],[-72.6384,18.3981],[-72.6399,18.3988],[-72.6412,18.3979],[-72.6429,18.3974],[-72.6461,18.3972],[-72.6483,18.3966],[-72.6499,18.3951],[-72.6489,18.3939],[-72.6494,18.392],[-72.6504,18.3902],[-72.6516,18.388],[-72.6536,18.3855],[-72.6522,18.3836],[-72.6492,18.3832],[-72.6495,18.3813],[-72.6505,18.3793],[-72.6527,18.3777],[-72.6548,18.3757],[-72.6553,18.3741],[-72.6572,18.3728],[-72.6572,18.3706],[-72.6564,18.3692],[-72.6578,18.3665],[-72.6586,18.3646],[-72.6601,18.3634],[-72.6595,18.3614],[-72.6577,18.3599],[-72.6572,18.358],[-72.6588,18.3571],[-72.6596,18.3555],[-72.6605,18.3544],[-72.6618,18.3523],[-72.6642,18.3521],[-72.6678,18.3528],[-72.6708,18.3528],[-72.6701,18.3506],[-72.6714,18.3484],[-72.6736,18.3467],[-72.6753,18.346],[-72.6767,18.3469],[-72.6781,18.3484],[-72.6798,18.3479],[-72.6792,18.3452],[-72.6824,18.3455],[-72.6844,18.3452],[-72.6871,18.3447],[-72.6867,18.3429],[-72.6896,18.3434],[-72.6916,18.3427],[-72.694,18.3426],[-72.6961,18.3433],[-72.6988,18.3435],[-72.7018,18.344],[-72.7033,18.3452],[-72.7056,18.3452],[-72.7111,18.3462],[-72.7118,18.3481],[-72.7137,18.3486],[-72.7153,18.3491],[-72.7174,18.3492],[-72.719,18.3473],[-72.723,18.3489],[-72.7255,18.349],[-72.728,18.3488],[-72.7287,18.3469],[-72.7302,18.3463],[-72.7318,18.3452],[-72.7349,18.3427],[-72.7367,18.3416],[-72.7379,18.3402],[-72.74,18.3376],[-72.7418,18.3362],[-72.7436,18.3365],[-72.7458,18.3384],[-72.7471,18.3393],[-72.7497,18.3392],[-72.7519,18.3397],[-72.7534,18.3407],[-72.7553,18.3418],[-72.7577,18.3424],[-72.7593,18.3437],[-72.7613,18.3443],[-72.7634,18.3453],[-72.7659,18.3455],[-72.767,18.3445],[-72.7687,18.3423],[-72.7698,18.3414],[-72.7701,18.3388],[-72.7671,18.3364],[-72.7677,18.3341],[-72.7675,18.3318],[-72.7685,18.3302],[-72.7681,18.3279],[-72.7703,18.3276],[-72.7723,18.3269],[-72.7739,18.3264],[-72.7763,18.326],[-72.7771,18.3245],[-72.7796,18.324],[-72.7816,18.3232],[-72.7828,18.3213],[-72.7841,18.3199],[-72.7848,18.3183],[-72.7859,18.3173],[-72.7876,18.3165],[-72.7885,18.3153],[-72.7905,18.3135],[-72.7914,18.3119],[-72.7926,18.311],[-72.7947,18.3097],[-72.7959,18.3085],[-72.7978,18.3089],[-72.7989,18.3107],[-72.8009,18.3118],[-72.8029,18.3131],[-72.8041,18.3148],[-72.8058,18.3168],[-72.8083,18.3175],[-72.8102,18.3185],[-72.8119,18.3189],[-72.8159,18.322],[-72.8166,18.3235],[-72.8192,18.3244],[-72.8215,18.3255],[-72.8231,18.3263],[-72.8243,18.3274],[-72.8254,18.3285],[-72.8256,18.3318],[-72.8262,18.3345],[-72.8261,18.3375],[-72.8248,18.3405],[-72.8247,18.3441],[-72.824,18.347],[-72.8261,18.3479],[-72.8308,18.3488],[-72.8322,18.3494],[-72.8343,18.3519],[-72.8338,18.3535],[-72.8327,18.3553],[-72.8345,18.3574],[-72.8336,18.3594],[-72.8341,18.3618],[-72.8329,18.3628],[-72.8338,18.3652],[-72.8357,18.3651],[-72.8388,18.3674],[-72.8403,18.3683],[-72.8421,18.3685],[-72.8448,18.3689],[-72.8469,18.3687],[-72.8486,18.3693],[-72.8497,18.3711],[-72.8503,18.3727],[-72.8516,18.3737],[-72.853,18.3754],[-72.8536,18.3769],[-72.8537,18.3788],[-72.8547,18.3807],[-72.8565,18.3818],[-72.8606,18.3805],[-72.8632,18.382],[-72.8653,18.3815],[-72.8674,18.3805],[-72.8691,18.3791],[-72.87,18.3772],[-72.871,18.3761],[-72.8726,18.3755],[-72.8753,18.3743],[-72.8752,18.372],[-72.8755,18.3698],[-72.8781,18.3679],[-72.8788,18.3663],[-72.8791,18.3638],[-72.8789,18.3618],[-72.8805,18.3611],[-72.883,18.3615],[-72.8845,18.3621],[-72.8863,18.3625],[-72.8884,18.3651],[-72.8906,18.3664],[-72.8925,18.3671],[-72.8948,18.3674],[-72.8959,18.3695],[-72.8979,18.369],[-72.9005,18.3693],[-72.9012,18.368],[-72.9026,18.3669],[-72.9051,18.3674],[-72.9071,18.3678],[-72.9089,18.3692],[-72.9116,18.3694],[-72.9131,18.3684],[-72.9145,18.3668],[-72.9166,18.3668],[-72.9187,18.3683],[-72.9216,18.3676],[-72.923,18.367],[-72.9243,18.3658],[-72.9267,18.3666],[-72.9286,18.3653],[-72.9307,18.3642],[-72.9317,18.3653],[-72.9333,18.3668],[-72.9341,18.3682],[-72.9357,18.37],[-72.9377,18.3713],[-72.9399,18.3708],[-72.9405,18.3693],[-72.9408,18.3675],[-72.9435,18.3659],[-72.944,18.364],[-72.9448,18.3621],[-72.9461,18.3604],[-72.9474,18.3611],[-72.9491,18.3615],[-72.9511,18.3621],[-72.9529,18.3625],[-72.9551,18.3626],[-72.957,18.3619],[-72.9585,18.3614],[-72.9596,18.3597],[-72.9599,18.3568],[-72.9612,18.3538],[-72.9628,18.3556],[-72.9635,18.3573],[-72.9652,18.3582],[-72.9662,18.3599],[-72.9691,18.361],[-72.97,18.3637],[-72.9726,18.3639],[-72.9742,18.3655],[-72.9759,18.3639],[-72.9782,18.3637],[-72.9782,18.3617],[-72.9803,18.3609],[-72.9823,18.3599],[-72.9841,18.3602],[-72.9874,18.3597],[-72.9894,18.3599],[-72.9907,18.3579],[-72.9916,18.3568],[-72.9921,18.3552],[-72.9943,18.3542],[-72.9948,18.3526],[-72.9963,18.3533],[-72.9973,18.3521],[-72.9994,18.3523],[-73.0018,18.3532],[-73.0025,18.3555],[-73.004,18.357],[-73.0063,18.3584],[-73.0081,18.3598],[-73.0099,18.3631],[-73.011,18.3641],[-73.0137,18.3666],[-73.0158,18.3665],[-73.018,18.3666],[-73.0212,18.3654],[-73.0243,18.3661],[-73.026,18.3666],[-73.027,18.3656],[-73.028,18.367],[-73.0295,18.3679],[-73.0304,18.3694],[-73.0325,18.3705],[-73.0333,18.3718],[-73.0341,18.3743],[-73.0355,18.3733],[-73.0364,18.3715],[-73.0389,18.3724],[-73.0397,18.3746],[-73.0421,18.3745],[-73.044,18.3761],[-73.0438,18.3784],[-73.0456,18.3792],[-73.0468,18.3784],[-73.049,18.378],[-73.051,18.3772],[-73.0507,18.3751],[-73.0536,18.3757],[-73.0556,18.3748],[-73.0575,18.3745],[-73.0588,18.3736],[-73.0597,18.3725],[-73.0615,18.3731],[-73.0622,18.3744],[-73.0647,18.3738],[-73.0669,18.3724],[-73.0688,18.3736],[-73.0709,18.3719],[-73.0721,18.3693],[-73.0741,18.3665],[-73.0763,18.3659],[-73.0768,18.3693],[-73.0791,18.3691],[-73.0799,18.3704],[-73.0805,18.3718],[-73.0813,18.3735],[-73.0827,18.3744],[-73.0806,18.3756],[-73.0787,18.3773],[-73.0807,18.379],[-73.0818,18.3804],[-73.083,18.382],[-73.0846,18.3807],[-73.0877,18.3794],[-73.09,18.3794],[-73.0925,18.3792],[-73.0963,18.3791],[-73.0978,18.3783],[-73.0996,18.3793],[-73.1017,18.3798],[-73.1034,18.3802],[-73.1052,18.3791],[-73.1075,18.3779],[-73.1104,18.3786],[-73.1129,18.379],[-73.1144,18.3801],[-73.1162,18.3796],[-73.1186,18.3794],[-73.12,18.381],[-73.1225,18.3804],[-73.124,18.3814],[-73.1252,18.3798],[-73.1266,18.3815],[-73.1276,18.3848],[-73.1293,18.3852],[-73.1329,18.3858],[-73.1343,18.3877],[-73.1366,18.3896],[-73.1388,18.3896],[-73.1405,18.3914],[-73.1397,18.3932],[-73.1388,18.3945],[-73.1373,18.3966],[-73.137,18.3985],[-73.1389,18.399],[-73.1416,18.3996],[-73.1433,18.3989],[-73.1469,18.3986],[-73.1492,18.3979],[-73.1529,18.3985],[-73.1545,18.3997],[-73.1564,18.3994],[-73.1587,18.4001],[-73.1586,18.4023],[-73.1602,18.4031],[-73.1623,18.404],[-73.165,18.4039],[-73.1665,18.4055],[-73.1679,18.4048],[-73.1727,18.4059],[-73.1741,18.4087],[-73.1785,18.4081],[-73.18,18.4076],[-73.1821,18.4085],[-73.1822,18.4118],[-73.1841,18.4125],[-73.1847,18.4143],[-73.1872,18.4139],[-73.1904,18.4148],[-73.1925,18.417],[-73.194,18.4191],[-73.1944,18.4208],[-73.1955,18.4222],[-73.1978,18.4225],[-73.1993,18.4217],[-73.2021,18.4217],[-73.2035,18.4226],[-73.2057,18.422],[-73.2078,18.4208],[-73.209,18.4187],[-73.2104,18.4179],[-73.2113,18.4165],[-73.2132,18.4151],[-73.2143,18.4135],[-73.2156,18.4122],[-73.2172,18.4117],[-73.2204,18.4116],[-73.2224,18.4113],[-73.2245,18.4104],[-73.2276,18.4097],[-73.2291,18.4102],[-73.2307,18.4107],[-73.2324,18.4096],[-73.2352,18.4076],[-73.2374,18.4081],[-73.2423,18.4093],[-73.2445,18.4085],[-73.2478,18.409],[-73.2505,18.409],[-73.2533,18.4086],[-73.2545,18.4073],[-73.2561,18.4067],[-73.2604,18.4061],[-73.264,18.4088],[-73.2651,18.4098],[-73.2662,18.4085],[-73.268,18.4082],[-73.2705,18.4089],[-73.2727,18.4098],[-73.2749,18.4106],[-73.2776,18.4113],[-73.2801,18.4134],[-73.2819,18.4145],[-73.2837,18.4151],[-73.2861,18.4154],[-73.2879,18.4159],[-73.2919,18.4158],[-73.2932,18.4166],[-73.2946,18.4174],[-73.296,18.4184],[-73.298,18.4182],[-73.3003,18.418],[-73.3023,18.4199],[-73.3046,18.4193],[-73.306,18.4201],[-73.3075,18.4221],[-73.3102,18.4226],[-73.3118,18.4236],[-73.3127,18.4257],[-73.3108,18.4261],[-73.3087,18.4283],[-73.3081,18.4298],[-73.3061,18.433],[-73.3051,18.4347],[-73.3058,18.436],[-73.3062,18.4378],[-73.3073,18.4389],[-73.3069,18.4406],[-73.3052,18.4422],[-73.3044,18.4446],[-73.3037,18.4462],[-73.3049,18.4479],[-73.306,18.449],[-73.3075,18.4505],[-73.3088,18.4515],[-73.3073,18.4539],[-73.3054,18.4549],[-73.3051,18.4569],[-73.3056,18.4592],[-73.3046,18.4616],[-73.3003,18.4623],[-73.2981,18.465],[-73.2976,18.4665],[-73.2964,18.4688],[-73.297,18.4705],[-73.2964,18.4729],[-73.2958,18.477],[-73.2958,18.4796],[-73.2965,18.4815],[-73.2966,18.4835],[-73.2957,18.4846],[-73.294,18.4842],[-73.2923,18.4838],[-73.2905,18.484],[-73.2886,18.4842],[-73.2868,18.4844],[-73.2856,18.4835],[-73.2843,18.4827],[-73.2825,18.4825],[-73.2804,18.4825],[-73.2786,18.4827],[-73.2768,18.4831],[-73.275,18.4828],[-73.2731,18.483],[-73.2713,18.4832],[-73.2695,18.4837],[-73.2679,18.4832],[-73.2661,18.4827],[-73.2645,18.4816],[-73.2629,18.4811],[-73.2611,18.4809],[-73.2591,18.4807],[-73.257,18.4805],[-73.2551,18.4803],[-73.2536,18.4797],[-73.2519,18.4793],[-73.2505,18.4787],[-73.2491,18.4781],[-73.2474,18.4777],[-73.246,18.4769],[-73.2444,18.4774],[-73.2424,18.4773],[-73.241,18.4766],[-73.2394,18.4761],[-73.2381,18.477],[-73.2366,18.4775],[-73.235,18.478],[-73.2329,18.478],[-73.231,18.4777],[-73.2289,18.4781],[-73.2273,18.4788],[-73.226,18.4795],[-73.2243,18.4799],[-73.2222,18.4799],[-73.2203,18.4798],[-73.2182,18.4799],[-73.2163,18.4802],[-73.2145,18.4806],[-73.2127,18.4808],[-73.2114,18.4815],[-73.21,18.4822],[-73.2082,18.483],[-73.2066,18.4837],[-73.2053,18.4845],[-73.204,18.4853],[-73.2029,18.4863],[-73.2017,18.4872],[-73.2004,18.488],[-73.1989,18.4885],[-73.197,18.4887],[-73.1951,18.4888],[-73.1931,18.4886],[-73.1912,18.4888],[-73.1898,18.4895],[-73.1878,18.4897],[-73.1875,18.4897]]]]},"properties":{"nom":"Petite Rivière de Nippes / Grand Goâve","code":"28","zone":"Presqu'île du SUD-OUEST"}},{"type":"Feature","geometry":{"type":"MultiPolygon","coordinates":[[[[-73.2035,18.4226],[-73.2021,18.4217],[-73.1993,18.4217],[-73.1978,18.4225],[-73.1955,18.4222],[-73.1944,18.4208],[-73.194,18.4191],[-73.1931,18.418],[-73.1904,18.4166],[-73.1888,18.4137],[-73.186,18.4147],[-73.1841,18.4125],[-73.1822,18.4118],[-73.1819,18.4099],[-73.1805,18.4082],[-73.1785,18.4081],[-73.1751,18.4083],[-73.1727,18.4077],[-73.1679,18.4048],[-73.1665,18.4055],[-73.165,18.4039],[-73.1623,18.404],[-73.1602,18.4031],[-73.1586,18.4023],[-73.1587,18.4001],[-73.1571,18.3995],[-73.1545,18.3997],[-73.1529,18.3985],[-73.1504,18.3979],[-73.148,18.3981],[-73.1433,18.3989],[-73.1416,18.3996],[-73.1389,18.399],[-73.137,18.3991],[-73.1373,18.3966],[-73.1385,18.395],[-73.1397,18.3932],[-73.1405,18.3914],[-73.1397,18.3897],[-73.1369,18.3904],[-73.135,18.3886],[-73.1339,18.3865],[-73.1298,18.3855],[-73.1276,18.3848],[-73.1266,18.3815],[-73.1252,18.3798],[-73.124,18.3814],[-73.1225,18.3804],[-73.12,18.381],[-73.1186,18.3794],[-73.1162,18.3796],[-73.1144,18.3801],[-73.1129,18.379],[-73.1104,18.3786],[-73.1075,18.3779],[-73.1061,18.3788],[-73.1042,18.3801],[-73.1017,18.3798],[-73.0996,18.3793],[-73.0978,18.3783],[-73.0963,18.3791],[-73.094,18.3793],[-73.0917,18.3797],[-73.0885,18.3789],[-73.0862,18.3804],[-73.083,18.382],[-73.0821,18.3807],[-73.081,18.3797],[-73.0787,18.3773],[-73.0802,18.376],[-73.0827,18.3751],[-73.0813,18.3735],[-73.0805,18.3718],[-73.0799,18.3704],[-73.0791,18.3691],[-73.0768,18.3693],[-73.0763,18.3659],[-73.0745,18.3656],[-73.0737,18.3689],[-73.0708,18.3704],[-73.0698,18.3735],[-73.0679,18.3722],[-73.0663,18.3734],[-73.0637,18.3749],[-73.0618,18.3738],[-73.0597,18.3725],[-73.0588,18.3736],[-73.0575,18.3745],[-73.0556,18.3748],[-73.0536,18.3757],[-73.0509,18.3747],[-73.051,18.3772],[-73.049,18.378],[-73.0468,18.3784],[-73.0456,18.3792],[-73.0438,18.3784],[-73.044,18.3761],[-73.0421,18.3745],[-73.0404,18.3749],[-73.0395,18.3733],[-73.0373,18.3719],[-73.0355,18.3733],[-73.0341,18.3743],[-73.0336,18.3727],[-73.0325,18.3705],[-73.0304,18.3694],[-73.0296,18.368],[-73.028,18.367],[-73.027,18.3656],[-73.026,18.3666],[-73.0243,18.3661],[-73.0212,18.3654],[-73.0197,18.3665],[-73.0164,18.3662],[-73.0137,18.3666],[-73.011,18.3654],[-73.0099,18.3631],[-73.0081,18.3598],[-73.0063,18.3584],[-73.004,18.357],[-73.003,18.356],[-73.0026,18.3534],[-73.0006,18.3524],[-72.9984,18.3523],[-72.997,18.3531],[-72.9948,18.3526],[-72.9943,18.3542],[-72.9921,18.3552],[-72.9916,18.3568],[-72.9907,18.3579],[-72.99,18.3601],[-72.988,18.3598],[-72.9841,18.3602],[-72.9823,18.3599],[-72.9803,18.3609],[-72.9782,18.3617],[-72.9782,18.3637],[-72.9759,18.3639],[-72.9749,18.3658],[-72.9726,18.3639],[-72.9711,18.3633],[-72.9696,18.3624],[-72.9662,18.3599],[-72.9655,18.3584],[-72.9636,18.3579],[-72.9628,18.3556],[-72.9612,18.3538],[-72.9594,18.3563],[-72.9598,18.3583],[-72.9589,18.3609],[-72.957,18.3619],[-72.9551,18.3626],[-72.9537,18.3616],[-72.9511,18.3621],[-72.9491,18.3615],[-72.9474,18.3611],[-72.9461,18.3604],[-72.9449,18.362],[-72.944,18.364],[-72.9435,18.3659],[-72.9415,18.3667],[-72.9406,18.369],[-72.9399,18.3708],[-72.9377,18.3713],[-72.9357,18.37],[-72.9348,18.3688],[-72.9333,18.3668],[-72.9317,18.3653],[-72.9307,18.3642],[-72.9295,18.3651],[-72.9267,18.3666],[-72.9243,18.3658],[-72.923,18.367],[-72.9216,18.3676],[-72.9187,18.3683],[-72.9173,18.3676],[-72.9154,18.366],[-72.9139,18.368],[-72.9116,18.3694],[-72.9094,18.3697],[-72.9075,18.3687],[-72.9051,18.3674],[-72.9039,18.3663],[-72.9012,18.368],[-72.9005,18.3693],[-72.8979,18.369],[-72.8959,18.3695],[-72.8948,18.3674],[-72.8925,18.3671],[-72.8906,18.3664],[-72.8884,18.3651],[-72.8863,18.3625],[-72.8845,18.3621],[-72.883,18.3615],[-72.8805,18.3611],[-72.8789,18.3618],[-72.8791,18.3638],[-72.8788,18.3663],[-72.8781,18.3679],[-72.8755,18.3698],[-72.8752,18.372],[-72.8753,18.3743],[-72.8727,18.3754],[-72.871,18.3761],[-72.87,18.3772],[-72.8691,18.3791],[-72.8678,18.3802],[-72.8667,18.3813],[-72.864,18.3816],[-72.8606,18.3805],[-72.8578,18.3821],[-72.8551,18.3815],[-72.8543,18.3801],[-72.8536,18.3773],[-72.853,18.3754],[-72.8516,18.3737],[-72.8503,18.3727],[-72.8497,18.3711],[-72.8486,18.3694],[-72.8469,18.3687],[-72.8448,18.3689],[-72.843,18.3691],[-72.8403,18.3683],[-72.8388,18.3674],[-72.8374,18.3653],[-72.8351,18.3651],[-72.8329,18.3628],[-72.8341,18.3618],[-72.8336,18.3594],[-72.8345,18.3574],[-72.8327,18.3553],[-72.8338,18.3535],[-72.8351,18.3525],[-72.8336,18.3499],[-72.8308,18.3488],[-72.8276,18.3483],[-72.8244,18.3481],[-72.8247,18.3441],[-72.8246,18.3409],[-72.8261,18.3375],[-72.8261,18.3352],[-72.8256,18.3318],[-72.8254,18.3285],[-72.8243,18.3274],[-72.8231,18.3263],[-72.8215,18.3255],[-72.8192,18.3244],[-72.8166,18.3235],[-72.8159,18.322],[-72.8133,18.3193],[-72.8102,18.3185],[-72.8083,18.3175],[-72.8058,18.3168],[-72.8044,18.3159],[-72.8032,18.3137],[-72.8018,18.3123],[-72.8002,18.311],[-72.7978,18.3089],[-72.7959,18.3085],[-72.7947,18.3097],[-72.7926,18.311],[-72.7914,18.3119],[-72.7905,18.3135],[-72.7897,18.3148],[-72.7876,18.3165],[-72.7859,18.3173],[-72.7848,18.3183],[-72.7841,18.3199],[-72.7828,18.3213],[-72.7816,18.3232],[-72.7796,18.324],[-72.7775,18.3235],[-72.7768,18.325],[-72.7739,18.3264],[-72.7723,18.3269],[-72.7703,18.3276],[-72.7681,18.3279],[-72.7685,18.3302],[-72.7675,18.3318],[-72.7677,18.3341],[-72.7671,18.3364],[-72.7686,18.3384],[-72.7702,18.3399],[-72.7687,18.3423],[-72.768,18.3437],[-72.7664,18.3453],[-72.7634,18.3453],[-72.7613,18.3443],[-72.7593,18.3437],[-72.7577,18.3424],[-72.7557,18.3419],[-72.7534,18.3407],[-72.7519,18.3397],[-72.7497,18.3392],[-72.7476,18.3394],[-72.7458,18.3384],[-72.7447,18.3368],[-72.7429,18.3361],[-72.7428,18.334],[-72.7427,18.3319],[-72.7417,18.3292],[-72.7407,18.328],[-72.7412,18.3262],[-72.7415,18.3222],[-72.7398,18.3183],[-72.7388,18.3151],[-72.7387,18.3126],[-72.7411,18.3115],[-72.7408,18.3089],[-72.7414,18.3063],[-72.7404,18.3031],[-72.7393,18.3019],[-72.7384,18.2984],[-72.7393,18.2961],[-72.739,18.2935],[-72.7387,18.2908],[-72.7363,18.2908],[-72.7347,18.289],[-72.7332,18.2873],[-72.7332,18.2851],[-72.7327,18.2833],[-72.7318,18.2817],[-72.7325,18.2798],[-72.7322,18.278],[-72.731,18.2767],[-72.7292,18.2772],[-72.7254,18.2764],[-72.7244,18.2749],[-72.7247,18.2728],[-72.7229,18.2713],[-72.7217,18.2698],[-72.72,18.2692],[-72.7168,18.2688],[-72.7148,18.2684],[-72.7118,18.2686],[-72.7096,18.2693],[-72.7062,18.2692],[-72.7031,18.2687],[-72.6998,18.2695],[-72.6978,18.2702],[-72.6948,18.27],[-72.6924,18.2697],[-72.6897,18.2689],[-72.6882,18.2702],[-72.6865,18.2712],[-72.6855,18.2735],[-72.6856,18.2758],[-72.6844,18.2767],[-72.6824,18.2774],[-72.68,18.2774],[-72.6768,18.2771],[-72.6746,18.2752],[-72.6726,18.2744],[-72.6709,18.2725],[-72.6694,18.2703],[-72.6665,18.2693],[-72.6653,18.2683],[-72.6621,18.2673],[-72.6608,18.2664],[-72.6591,18.2658],[-72.6566,18.265],[-72.6538,18.2655],[-72.6533,18.267],[-72.651,18.2668],[-72.6497,18.2659],[-72.6478,18.2646],[-72.6456,18.2643],[-72.6432,18.2642],[-72.6413,18.2637],[-72.6397,18.2626],[-72.6377,18.2618],[-72.6362,18.2608],[-72.6336,18.2611],[-72.6322,18.2625],[-72.631,18.2616],[-72.6296,18.2598],[-72.627,18.26],[-72.6253,18.2613],[-72.6232,18.2615],[-72.6216,18.261],[-72.6192,18.2592],[-72.6171,18.2594],[-72.6147,18.2607],[-72.6128,18.2591],[-72.6109,18.2577],[-72.6077,18.2555],[-72.6053,18.2557],[-72.6024,18.2561],[-72.6009,18.2538],[-72.5984,18.2544],[-72.5971,18.2529],[-72.5966,18.2499],[-72.5946,18.2496],[-72.594,18.2482],[-72.5911,18.2483],[-72.59,18.2466],[-72.5866,18.2471],[-72.5848,18.2468],[-72.5827,18.245],[-72.581,18.2439],[-72.5791,18.2434],[-72.5769,18.2433],[-72.5752,18.2423],[-72.5701,18.241],[-72.5633,18.2388],[-72.5592,18.2374],[-72.5514,18.2358],[-72.5505,18.2347],[-72.5491,18.2337],[-72.548,18.2311],[-72.5495,18.2303],[-72.5508,18.2294],[-72.5526,18.2281],[-72.5545,18.2266],[-72.5557,18.2253],[-72.5566,18.224],[-72.5574,18.2226],[-72.5576,18.2207],[-72.5568,18.2192],[-72.556,18.2177],[-72.556,18.2157],[-72.5551,18.2145],[-72.5544,18.2131],[-72.5534,18.2121],[-72.553,18.2104],[-72.5522,18.2089],[-72.5514,18.2076],[-72.5527,18.2067],[-72.5532,18.2051],[-72.5537,18.2036],[-72.5537,18.2012],[-72.5535,18.1993],[-72.5529,18.1978],[-72.5521,18.1965],[-72.5503,18.1962],[-72.5483,18.1963],[-72.5473,18.1952],[-72.5466,18.1939],[-72.5456,18.1929],[-72.5442,18.1922],[-72.5427,18.1917],[-72.5417,18.1906],[-72.541,18.1893],[-72.5412,18.1875],[-72.541,18.1856],[-72.5413,18.1839],[-72.5417,18.1821],[-72.542,18.1802],[-72.5429,18.1788],[-72.5433,18.177],[-72.5442,18.1757],[-72.5459,18.1761],[-72.5464,18.1744],[-72.5483,18.1747],[-72.5494,18.1738],[-72.5508,18.173],[-72.5522,18.1724],[-72.5537,18.1719],[-72.5556,18.1721],[-72.5575,18.172],[-72.5592,18.1724],[-72.5611,18.1722],[-72.5626,18.1714],[-72.5646,18.1715],[-72.5666,18.1714],[-72.5682,18.172],[-72.5691,18.1731],[-72.5701,18.1742],[-72.5708,18.1755],[-72.5727,18.1753],[-72.5746,18.1756],[-72.5763,18.1752],[-72.5781,18.175],[-72.5788,18.1764],[-72.5801,18.1773],[-72.5811,18.1783],[-72.5821,18.1794],[-72.5835,18.1802],[-72.5855,18.1804],[-72.587,18.1809],[-72.5888,18.1806],[-72.59,18.1797],[-72.5907,18.1783],[-72.5925,18.1781],[-72.5943,18.1783],[-72.5957,18.179],[-72.5978,18.179],[-72.5994,18.1795],[-72.6004,18.1807],[-72.6014,18.1819],[-72.6025,18.1828],[-72.6039,18.1835],[-72.6055,18.1831],[-72.6075,18.183],[-72.6096,18.183],[-72.6113,18.1834],[-72.6125,18.1846],[-72.6145,18.1844],[-72.6162,18.1838],[-72.6181,18.1836],[-72.6195,18.1842],[-72.6211,18.1847],[-72.6209,18.1866],[-72.6221,18.1877],[-72.6238,18.1882],[-72.6257,18.1885],[-72.6275,18.1883],[-72.629,18.1876],[-72.6308,18.188],[-72.6317,18.1893],[-72.6328,18.1903],[-72.6348,18.1901],[-72.6373,18.1902],[-72.6388,18.1909],[-72.6418,18.1905],[-72.6433,18.1897],[-72.6446,18.1888],[-72.6457,18.1878],[-72.6472,18.1871],[-72.649,18.1867],[-72.6503,18.1874],[-72.6521,18.1878],[-72.6539,18.1875],[-72.6549,18.1865],[-72.6558,18.1853],[-72.6577,18.1851],[-72.6595,18.1847],[-72.6608,18.1839],[-72.6627,18.184],[-72.6645,18.1843],[-72.6662,18.1849],[-72.6677,18.1858],[-72.6693,18.1862],[-72.6712,18.1868],[-72.673,18.1871],[-72.6747,18.1866],[-72.6766,18.186],[-72.6784,18.1852],[-72.6792,18.1839],[-72.6812,18.1838],[-72.683,18.1842],[-72.6836,18.1826],[-72.6855,18.1822],[-72.6871,18.1816],[-72.6888,18.1811],[-72.6902,18.1805],[-72.6921,18.18],[-72.6936,18.1794],[-72.6956,18.1796],[-72.6969,18.1804],[-72.6978,18.1817],[-72.6992,18.1823],[-72.7008,18.1818],[-72.703,18.1815],[-72.7044,18.1805],[-72.7057,18.1795],[-72.7065,18.1783],[-72.7074,18.1772],[-72.7085,18.1762],[-72.7103,18.1765],[-72.7121,18.1763],[-72.713,18.1751],[-72.7149,18.175],[-72.7166,18.1755],[-72.7181,18.1748],[-72.7199,18.1751],[-72.7214,18.1758],[-72.7234,18.176],[-72.7248,18.1766],[-72.7261,18.1774],[-72.7274,18.1782],[-72.7294,18.1783],[-72.731,18.1789],[-72.7326,18.1795],[-72.7343,18.179],[-72.7356,18.1798],[-72.7367,18.1788],[-72.7386,18.1785],[-72.7402,18.179],[-72.742,18.1792],[-72.7415,18.1808],[-72.7427,18.1817],[-72.7446,18.1818],[-72.7462,18.1824],[-72.7475,18.1834],[-72.7493,18.184],[-72.7514,18.1836],[-72.7527,18.1828],[-72.7539,18.1818],[-72.7551,18.1807],[-72.7565,18.1792],[-72.7575,18.1781],[-72.7584,18.1769],[-72.7594,18.1756],[-72.7601,18.1741],[-72.7606,18.1725],[-72.7605,18.1704],[-72.7589,18.1699],[-72.7578,18.1689],[-72.7567,18.168],[-72.7557,18.1666],[-72.7548,18.1654],[-72.7538,18.1644],[-72.7531,18.163],[-72.7521,18.162],[-72.7506,18.1614],[-72.7489,18.161],[-72.7482,18.1596],[-72.7473,18.1584],[-72.7469,18.1567],[-72.7475,18.1553],[-72.7489,18.1545],[-72.7504,18.1539],[-72.7522,18.1542],[-72.7542,18.1544],[-72.7561,18.1543],[-72.7579,18.1546],[-72.7592,18.1553],[-72.7607,18.1559],[-72.7622,18.1564],[-72.7642,18.1565],[-72.7662,18.1566],[-72.7679,18.1571],[-72.7695,18.1578],[-72.7714,18.1579],[-72.7729,18.1585],[-72.7744,18.1591],[-72.7761,18.1596],[-72.7775,18.1602],[-72.7793,18.16],[-72.7811,18.1597],[-72.7825,18.1591],[-72.7829,18.1574],[-72.7826,18.1556],[-72.7822,18.1539],[-72.782,18.1521],[-72.7825,18.1504],[-72.7836,18.1494],[-72.7849,18.1484],[-72.7861,18.1475],[-72.7879,18.1472],[-72.7891,18.1464],[-72.7905,18.1457],[-72.7921,18.1452],[-72.7938,18.1447],[-72.7957,18.1449],[-72.7976,18.1452],[-72.7993,18.1456],[-72.8007,18.1462],[-72.8025,18.1465],[-72.8039,18.1459],[-72.8057,18.1461],[-72.8074,18.1465],[-72.8079,18.145],[-72.8093,18.1443],[-72.8112,18.1444],[-72.812,18.1431],[-72.8139,18.143],[-72.8153,18.1423],[-72.8171,18.1425],[-72.8186,18.142],[-72.82,18.1431],[-72.8212,18.1423],[-72.8229,18.1427],[-72.8234,18.1443],[-72.8251,18.1447],[-72.8267,18.1452],[-72.8282,18.1458],[-72.8297,18.1463],[-72.8313,18.1469],[-72.8326,18.1478],[-72.8338,18.1487],[-72.8355,18.1492],[-72.837,18.1497],[-72.8388,18.1495],[-72.8409,18.1496],[-72.8426,18.1501],[-72.8447,18.1502],[-72.8464,18.1508],[-72.8481,18.1503],[-72.8484,18.1485],[-72.8489,18.1468],[-72.8499,18.1458],[-72.8512,18.145],[-72.8525,18.1441],[-72.8544,18.1436],[-72.8563,18.1439],[-72.8583,18.144],[-72.8602,18.1442],[-72.8617,18.1448],[-72.8629,18.1457],[-72.8643,18.1451],[-72.8656,18.1458],[-72.8669,18.1466],[-72.8687,18.147],[-72.8704,18.1476],[-72.8722,18.1478],[-72.873,18.1491],[-72.8744,18.1499],[-72.8764,18.1498],[-72.8769,18.1483],[-72.8789,18.1486],[-72.8807,18.1488],[-72.8829,18.1488],[-72.8849,18.1489],[-72.8861,18.1498],[-72.8867,18.1512],[-72.8885,18.1515],[-72.8902,18.1519],[-72.8908,18.1505],[-72.8926,18.1509],[-72.8944,18.1512],[-72.8957,18.152],[-72.8972,18.1526],[-72.8984,18.1535],[-72.9002,18.1537],[-72.9013,18.1546],[-72.9021,18.1559],[-72.9027,18.1574],[-72.9043,18.157],[-72.9059,18.1564],[-72.9072,18.1573],[-72.9082,18.159],[-72.9097,18.1583],[-72.9111,18.159],[-72.913,18.1592],[-72.9144,18.1599],[-72.9158,18.1605],[-72.9176,18.1611],[-72.9193,18.1614],[-72.9207,18.1621],[-72.9225,18.1623],[-72.924,18.1628],[-72.9259,18.1632],[-72.9276,18.1637],[-72.9289,18.1646],[-72.9299,18.1656],[-72.9307,18.1671],[-72.9326,18.1669],[-72.9329,18.1652],[-72.9347,18.1655],[-72.9355,18.1668],[-72.9366,18.1658],[-72.9384,18.166],[-72.9402,18.1658],[-72.9422,18.1659],[-72.9441,18.1662],[-72.9459,18.1665],[-72.9467,18.1678],[-72.9485,18.1675],[-72.9501,18.1671],[-72.9521,18.1668],[-72.9539,18.167],[-72.9554,18.1676],[-72.9572,18.1673],[-72.9589,18.1677],[-72.9606,18.1673],[-72.9623,18.1678],[-72.9636,18.1686],[-72.9649,18.1694],[-72.9659,18.1705],[-72.9678,18.1708],[-72.9697,18.1711],[-72.9715,18.1714],[-72.9733,18.1717],[-72.9752,18.1721],[-72.977,18.1723],[-72.9787,18.1728],[-72.9804,18.1734],[-72.9818,18.1741],[-72.9838,18.1742],[-72.9856,18.1744],[-72.9874,18.1748],[-72.9888,18.1754],[-72.9906,18.1751],[-72.9917,18.1761],[-72.9936,18.1762],[-72.9952,18.1767],[-72.9961,18.1779],[-72.9971,18.1789],[-72.9987,18.1794],[-73.0001,18.18],[-73.0011,18.1811],[-73.0017,18.1825],[-73.0022,18.184],[-73.003,18.1854],[-73.0048,18.1859],[-73.0066,18.1862],[-73.0075,18.1888],[-73.0085,18.1902],[-73.0101,18.1907],[-73.013,18.1909],[-73.0148,18.1933],[-73.0172,18.1961],[-73.0164,18.1992],[-73.0153,18.2015],[-73.0143,18.2042],[-73.0161,18.2063],[-73.0173,18.2073],[-73.0167,18.2094],[-73.0155,18.2135],[-73.0147,18.2161],[-73.0164,18.218],[-73.0177,18.2195],[-73.0192,18.2205],[-73.0251,18.2213],[-73.0262,18.2222],[-73.0287,18.2246],[-73.0321,18.2249],[-73.0337,18.2271],[-73.0343,18.2288],[-73.0362,18.233],[-73.0373,18.2339],[-73.0384,18.2349],[-73.0397,18.236],[-73.0445,18.2393],[-73.0519,18.242],[-73.0566,18.2435],[-73.0576,18.2449],[-73.0584,18.2468],[-73.0599,18.2481],[-73.0612,18.2493],[-73.0617,18.2512],[-73.063,18.2526],[-73.0637,18.2541],[-73.0646,18.2555],[-73.0665,18.2569],[-73.0674,18.2586],[-73.0693,18.2582],[-73.0723,18.258],[-73.0741,18.257],[-73.0747,18.2542],[-73.0766,18.2521],[-73.0794,18.2526],[-73.0815,18.2538],[-73.0837,18.2534],[-73.0854,18.2549],[-73.0881,18.255],[-73.0898,18.2556],[-73.0924,18.2551],[-73.0956,18.2554],[-73.0959,18.2583],[-73.0985,18.2582],[-73.101,18.258],[-73.1025,18.2574],[-73.1047,18.2598],[-73.1068,18.2624],[-73.1085,18.2618],[-73.1104,18.261],[-73.1129,18.2613],[-73.1137,18.2627],[-73.1153,18.2639],[-73.1164,18.2652],[-73.1177,18.2668],[-73.1196,18.2671],[-73.1218,18.2658],[-73.124,18.2676],[-73.1261,18.2669],[-73.1276,18.2677],[-73.1291,18.2669],[-73.1316,18.2682],[-73.1329,18.2692],[-73.1342,18.2712],[-73.1361,18.2719],[-73.1379,18.2734],[-73.1405,18.2724],[-73.1415,18.2713],[-73.1427,18.2726],[-73.1443,18.2757],[-73.1433,18.2791],[-73.142,18.2802],[-73.1428,18.2815],[-73.1441,18.2843],[-73.1453,18.2855],[-73.1475,18.2863],[-73.1479,18.2839],[-73.1507,18.2824],[-73.1532,18.2812],[-73.1557,18.2823],[-73.158,18.2831],[-73.1603,18.2834],[-73.1631,18.2846],[-73.1657,18.2859],[-73.1669,18.2874],[-73.1689,18.2891],[-73.169,18.2911],[-73.1699,18.2925],[-73.1692,18.295],[-73.1678,18.2961],[-73.1692,18.2973],[-73.1706,18.2986],[-73.1713,18.3021],[-73.1709,18.3043],[-73.1706,18.3063],[-73.1728,18.3073],[-73.1739,18.3083],[-73.175,18.3101],[-73.1764,18.3117],[-73.177,18.3131],[-73.1782,18.3149],[-73.177,18.3159],[-73.1759,18.3191],[-73.1718,18.3209],[-73.1688,18.3213],[-73.165,18.3223],[-73.1643,18.3241],[-73.1658,18.3262],[-73.1683,18.3275],[-73.17,18.3283],[-73.1712,18.3292],[-73.1734,18.3302],[-73.1755,18.3303],[-73.1768,18.3318],[-73.1787,18.3325],[-73.1806,18.3332],[-73.184,18.3332],[-73.188,18.3348],[-73.1904,18.3363],[-73.1929,18.3361],[-73.1951,18.3372],[-73.1971,18.3381],[-73.2002,18.3395],[-73.2018,18.3403],[-73.204,18.3411],[-73.2064,18.342],[-73.209,18.3424],[-73.2095,18.3459],[-73.2116,18.3477],[-73.2121,18.3493],[-73.2139,18.3507],[-73.2166,18.3516],[-73.2176,18.3526],[-73.2197,18.3534],[-73.2209,18.3548],[-73.2204,18.3569],[-73.2215,18.358],[-73.2223,18.3593],[-73.2213,18.3609],[-73.222,18.3627],[-73.2197,18.3634],[-73.2184,18.3655],[-73.2159,18.3658],[-73.2145,18.365],[-73.2134,18.3666],[-73.2112,18.3671],[-73.2087,18.3673],[-73.2053,18.3672],[-73.203,18.3674],[-73.2016,18.3681],[-73.2004,18.37],[-73.2025,18.3713],[-73.2039,18.3723],[-73.2044,18.3747],[-73.206,18.3754],[-73.2062,18.3778],[-73.2065,18.3809],[-73.2042,18.3838],[-73.2025,18.3847],[-73.2016,18.3868],[-73.1998,18.3876],[-73.1979,18.3902],[-73.1954,18.3934],[-73.194,18.394],[-73.1933,18.3958],[-73.1939,18.3985],[-73.1949,18.4006],[-73.1967,18.401],[-73.1992,18.401],[-73.2015,18.4013],[-73.2035,18.4011],[-73.2054,18.4016],[-73.2077,18.4021],[-73.2097,18.4037],[-73.2119,18.4035],[-73.2138,18.4037],[-73.2167,18.4043],[-73.2192,18.4047],[-73.2211,18.4056],[-73.2228,18.406],[-73.2223,18.4075],[-73.2232,18.4099],[-73.2224,18.4113],[-73.2204,18.4116],[-73.2181,18.4115],[-73.2162,18.4116],[-73.215,18.4125],[-73.2135,18.4144],[-73.2113,18.4165],[-73.2104,18.4179],[-73.209,18.4187],[-73.2078,18.4208],[-73.2062,18.4215],[-73.2035,18.4226]]]]},"properties":{"nom":"Côtes de Fer / Baînet","code":"18","zone":"Presqu'île du SUD-OUEST"}},{"type":"Feature","geometry":{"type":"MultiPolygon","coordinates":[[[[-73.5381,18.3538],[-73.5363,18.352],[-73.5347,18.3514],[-73.5345,18.3473],[-73.5319,18.3459],[-73.5313,18.3443],[-73.5279,18.3443],[-73.5248,18.3424],[-73.5229,18.3394],[-73.5209,18.3382],[-73.5196,18.3372],[-73.5164,18.3363],[-73.5138,18.336],[-73.5109,18.3373],[-73.5073,18.3378],[-73.5051,18.3365],[-73.5042,18.3351],[-73.5017,18.3349],[-73.5007,18.336],[-73.4986,18.3367],[-73.4968,18.3369],[-73.4946,18.3375],[-73.4934,18.3385],[-73.4909,18.3405],[-73.4888,18.3409],[-73.4858,18.3411],[-73.4844,18.3417],[-73.4817,18.3424],[-73.4794,18.3424],[-73.4775,18.3409],[-73.4751,18.3411],[-73.4735,18.3405],[-73.4691,18.3404],[-73.4648,18.34],[-73.4631,18.3385],[-73.4602,18.3388],[-73.4579,18.3372],[-73.4561,18.3368],[-73.4536,18.3366],[-73.4504,18.3381],[-73.4481,18.3384],[-73.4451,18.3389],[-73.4425,18.3387],[-73.4406,18.3389],[-73.4388,18.3391],[-73.4374,18.3397],[-73.4332,18.3402],[-73.4316,18.3396],[-73.4299,18.3385],[-73.4272,18.339],[-73.4257,18.3402],[-73.4233,18.3412],[-73.4216,18.3421],[-73.4202,18.3411],[-73.4179,18.3417],[-73.4165,18.3411],[-73.4148,18.3415],[-73.4134,18.3425],[-73.4117,18.3429],[-73.4096,18.3445],[-73.4076,18.3444],[-73.4062,18.3459],[-73.4048,18.3473],[-73.403,18.3464],[-73.4001,18.3466],[-73.3974,18.347],[-73.3951,18.3467],[-73.3919,18.3468],[-73.3904,18.3474],[-73.3892,18.3487],[-73.3873,18.3495],[-73.3852,18.3509],[-73.3832,18.3507],[-73.3813,18.3513],[-73.3792,18.351],[-73.3776,18.3505],[-73.3754,18.351],[-73.3731,18.3497],[-73.3714,18.3491],[-73.3686,18.3474],[-73.3655,18.3482],[-73.3632,18.3486],[-73.3607,18.3484],[-73.3599,18.3498],[-73.3579,18.3503],[-73.3554,18.3506],[-73.3533,18.3526],[-73.351,18.3516],[-73.3493,18.3522],[-73.3463,18.3518],[-73.344,18.3506],[-73.3413,18.3484],[-73.3402,18.3473],[-73.3387,18.3467],[-73.3364,18.3464],[-73.3339,18.3455],[-73.3324,18.3446],[-73.3309,18.3427],[-73.3284,18.3428],[-73.3265,18.343],[-73.3251,18.3444],[-73.3245,18.3462],[-73.3231,18.3468],[-73.3199,18.3468],[-73.3186,18.346],[-73.3163,18.3454],[-73.3148,18.3441],[-73.3129,18.3435],[-73.3106,18.3422],[-73.3083,18.3426],[-73.3064,18.3421],[-73.3046,18.3414],[-73.3024,18.3411],[-73.3022,18.3434],[-73.3031,18.3453],[-73.3027,18.348],[-73.3022,18.3496],[-73.3005,18.3518],[-73.2985,18.3514],[-73.2973,18.3529],[-73.2936,18.3519],[-73.2918,18.3506],[-73.2898,18.3496],[-73.2878,18.3487],[-73.2864,18.3477],[-73.2842,18.3478],[-73.2831,18.3468],[-73.2799,18.3445],[-73.278,18.3442],[-73.2778,18.3398],[-73.2791,18.3369],[-73.2797,18.335],[-73.2803,18.3326],[-73.2798,18.3304],[-73.2777,18.3295],[-73.2752,18.3291],[-73.2726,18.3291],[-73.2715,18.3312],[-73.2692,18.3317],[-73.2677,18.3325],[-73.2649,18.3326],[-73.2627,18.3333],[-73.2603,18.3329],[-73.2582,18.3335],[-73.2569,18.3327],[-73.2556,18.3353],[-73.2542,18.3359],[-73.2532,18.3371],[-73.2514,18.3368],[-73.2495,18.336],[-73.2486,18.3348],[-73.2474,18.3337],[-73.2453,18.3332],[-73.2446,18.3348],[-73.2437,18.336],[-73.2412,18.3355],[-73.2391,18.3367],[-73.2365,18.3368],[-73.2358,18.3389],[-73.2358,18.3414],[-73.2351,18.3429],[-73.2326,18.343],[-73.2306,18.3442],[-73.2287,18.3438],[-73.2264,18.3442],[-73.2232,18.344],[-73.2217,18.3435],[-73.2203,18.3428],[-73.2195,18.3443],[-73.2184,18.3456],[-73.2171,18.3447],[-73.2158,18.3432],[-73.2123,18.3437],[-73.2099,18.3435],[-73.2064,18.342],[-73.205,18.3414],[-73.2018,18.3403],[-73.2002,18.3395],[-73.1986,18.3386],[-73.1959,18.3378],[-73.194,18.3369],[-73.1904,18.3363],[-73.1894,18.3352],[-73.1853,18.3331],[-73.1823,18.333],[-73.1799,18.3328],[-73.1782,18.3322],[-73.1755,18.3303],[-73.1734,18.3302],[-73.1712,18.3292],[-73.17,18.3283],[-73.1683,18.3275],[-73.1658,18.3262],[-73.1643,18.3241],[-73.165,18.3223],[-73.1669,18.3213],[-73.1718,18.3209],[-73.1746,18.3195],[-73.1772,18.3175],[-73.1782,18.3149],[-73.177,18.3131],[-73.1764,18.3117],[-73.175,18.3101],[-73.1739,18.3083],[-73.1728,18.3073],[-73.1706,18.3063],[-73.1709,18.3043],[-73.1719,18.303],[-73.1706,18.2986],[-73.1692,18.2973],[-73.1678,18.2961],[-73.1692,18.295],[-73.1699,18.2925],[-73.169,18.2911],[-73.1689,18.2891],[-73.1673,18.2879],[-73.166,18.2866],[-73.1643,18.2853],[-73.1618,18.2836],[-73.1588,18.2835],[-73.1564,18.2826],[-73.1532,18.2812],[-73.1507,18.2824],[-73.1496,18.284],[-73.1475,18.2863],[-73.1453,18.2855],[-73.1441,18.2843],[-73.1431,18.2827],[-73.142,18.2802],[-73.1433,18.2791],[-73.1445,18.2772],[-73.1432,18.2741],[-73.1419,18.271],[-73.1405,18.2724],[-73.1388,18.2729],[-73.1364,18.2722],[-73.1342,18.2712],[-73.1329,18.2692],[-73.1316,18.2682],[-73.1304,18.2674],[-73.1276,18.2677],[-73.1261,18.2669],[-73.124,18.2676],[-73.1218,18.2658],[-73.1196,18.2671],[-73.1177,18.2668],[-73.1164,18.2652],[-73.1153,18.2639],[-73.1137,18.2627],[-73.1129,18.2613],[-73.1104,18.261],[-73.1085,18.2618],[-73.1068,18.2624],[-73.1051,18.2608],[-73.1031,18.2579],[-73.101,18.258],[-73.0985,18.2582],[-73.0959,18.2583],[-73.0957,18.2565],[-73.0928,18.2551],[-73.0911,18.256],[-73.0881,18.255],[-73.0854,18.2549],[-73.0837,18.2534],[-73.0821,18.2541],[-73.0802,18.2536],[-73.0783,18.2518],[-73.0747,18.2542],[-73.0741,18.257],[-73.0723,18.258],[-73.07,18.2583],[-73.0674,18.2586],[-73.0665,18.2569],[-73.0646,18.2555],[-73.0637,18.2541],[-73.063,18.2526],[-73.0617,18.2512],[-73.0612,18.2493],[-73.0599,18.2481],[-73.0584,18.2468],[-73.0576,18.2449],[-73.0566,18.2437],[-73.0519,18.242],[-73.0445,18.2393],[-73.0397,18.236],[-73.0384,18.2349],[-73.0373,18.2339],[-73.0362,18.233],[-73.0343,18.2288],[-73.0337,18.2271],[-73.033,18.2252],[-73.0287,18.2246],[-73.0273,18.2227],[-73.0251,18.2213],[-73.0192,18.2205],[-73.0177,18.2195],[-73.0164,18.218],[-73.0143,18.2174],[-73.0155,18.2141],[-73.016,18.2107],[-73.0173,18.2084],[-73.0161,18.2063],[-73.0139,18.2053],[-73.0153,18.2015],[-73.0164,18.1992],[-73.0172,18.1961],[-73.0148,18.1933],[-73.0142,18.1913],[-73.0113,18.1912],[-73.0096,18.1901],[-73.0075,18.1888],[-73.0068,18.1874],[-73.0087,18.1871],[-73.0107,18.1869],[-73.0124,18.1865],[-73.0139,18.186],[-73.0154,18.1853],[-73.0162,18.184],[-73.0175,18.1833],[-73.019,18.1828],[-73.0204,18.1821],[-73.0224,18.1817],[-73.0244,18.1818],[-73.0263,18.1821],[-73.0284,18.1822],[-73.0304,18.1821],[-73.0323,18.1826],[-73.034,18.1822],[-73.036,18.1821],[-73.0378,18.1825],[-73.0398,18.1822],[-73.0416,18.1818],[-73.0435,18.1822],[-73.0449,18.1828],[-73.0467,18.183],[-73.0488,18.1829],[-73.0508,18.1825],[-73.0526,18.1822],[-73.0545,18.1823],[-73.0561,18.1829],[-73.0576,18.1836],[-73.0588,18.1847],[-73.0606,18.1852],[-73.0626,18.185],[-73.0643,18.1855],[-73.0657,18.1861],[-73.0668,18.1872],[-73.0685,18.1865],[-73.07,18.1859],[-73.0715,18.1864],[-73.0734,18.1867],[-73.0756,18.1866],[-73.0772,18.1862],[-73.0783,18.1852],[-73.0802,18.1856],[-73.0821,18.1859],[-73.0839,18.1857],[-73.0857,18.1859],[-73.0874,18.1863],[-73.0893,18.1865],[-73.0912,18.1867],[-73.0926,18.1873],[-73.0945,18.1877],[-73.0963,18.1879],[-73.0982,18.1882],[-73.0999,18.1885],[-73.1018,18.1889],[-73.1036,18.1894],[-73.1057,18.1898],[-73.1073,18.1893],[-73.1093,18.1896],[-73.1107,18.1909],[-73.1125,18.1915],[-73.1146,18.1913],[-73.1164,18.1918],[-73.1185,18.192],[-73.1207,18.1922],[-73.1219,18.1932],[-73.1239,18.1933],[-73.1256,18.1939],[-73.1272,18.1945],[-73.1292,18.1943],[-73.131,18.1946],[-73.132,18.1956],[-73.1336,18.1962],[-73.1354,18.1966],[-73.137,18.1971],[-73.139,18.1972],[-73.1409,18.1968],[-73.1424,18.1978],[-73.1435,18.1987],[-73.1449,18.1995],[-73.1465,18.2001],[-73.1478,18.201],[-73.1493,18.202],[-73.1507,18.2028],[-73.1523,18.2036],[-73.1542,18.2039],[-73.1562,18.2043],[-73.1582,18.2047],[-73.1598,18.2053],[-73.1617,18.2058],[-73.1638,18.2058],[-73.1652,18.2065],[-73.1664,18.2075],[-73.167,18.209],[-73.1682,18.2099],[-73.1701,18.2107],[-73.1719,18.211],[-73.174,18.2111],[-73.1761,18.2105],[-73.1772,18.2095],[-73.1791,18.2098],[-73.181,18.2096],[-73.1828,18.2103],[-73.1846,18.2109],[-73.1868,18.211],[-73.1887,18.2107],[-73.191,18.2108],[-73.1931,18.2109],[-73.1949,18.2102],[-73.1968,18.2106],[-73.1988,18.2105],[-73.2008,18.2106],[-73.2026,18.2111],[-73.2045,18.2108],[-73.2062,18.2101],[-73.2078,18.2106],[-73.209,18.2116],[-73.2105,18.2125],[-73.212,18.2132],[-73.2139,18.213],[-73.2157,18.2128],[-73.2174,18.2123],[-73.2189,18.2129],[-73.2205,18.2124],[-73.2221,18.2119],[-73.2237,18.2124],[-73.2256,18.2123],[-73.2271,18.2117],[-73.2288,18.2121],[-73.2307,18.2125],[-73.2326,18.2128],[-73.2336,18.2117],[-73.2356,18.2117],[-73.237,18.2125],[-73.2387,18.2128],[-73.2394,18.2146],[-73.2403,18.2158],[-73.2419,18.2164],[-73.2442,18.2163],[-73.2461,18.2159],[-73.2481,18.2161],[-73.25,18.216],[-73.2517,18.2154],[-73.2534,18.2149],[-73.2553,18.2152],[-73.2566,18.2163],[-73.2586,18.2161],[-73.2604,18.2157],[-73.2621,18.216],[-73.2638,18.2154],[-73.2657,18.2152],[-73.2675,18.2156],[-73.2687,18.2166],[-73.2701,18.2172],[-73.2698,18.2191],[-73.2697,18.2216],[-73.2695,18.2234],[-73.2702,18.2252],[-73.2712,18.2266],[-73.2721,18.228],[-73.2729,18.2293],[-73.2745,18.2305],[-73.2762,18.2312],[-73.2787,18.232],[-73.2809,18.2324],[-73.283,18.2325],[-73.2851,18.2326],[-73.287,18.2328],[-73.2891,18.2326],[-73.2914,18.2326],[-73.2933,18.2324],[-73.2953,18.2322],[-73.2973,18.2319],[-73.2992,18.2316],[-73.301,18.2312],[-73.3027,18.2309],[-73.3044,18.2305],[-73.3063,18.2303],[-73.3082,18.23],[-73.31,18.2295],[-73.3117,18.229],[-73.3134,18.2283],[-73.3148,18.2277],[-73.3162,18.2269],[-73.3177,18.2262],[-73.3185,18.2249],[-73.3201,18.2244],[-73.3216,18.2239],[-73.3234,18.2237],[-73.3245,18.2227],[-73.3254,18.2238],[-73.3272,18.2236],[-73.3289,18.2231],[-73.3303,18.2224],[-73.3314,18.2215],[-73.333,18.221],[-73.3341,18.2219],[-73.3358,18.2214],[-73.3376,18.2217],[-73.3387,18.2206],[-73.3404,18.2212],[-73.3422,18.2208],[-73.3431,18.2197],[-73.3446,18.2203],[-73.3462,18.2208],[-73.3476,18.2202],[-73.3482,18.2216],[-73.3487,18.2233],[-73.3501,18.2241],[-73.3525,18.224],[-73.3543,18.2237],[-73.3559,18.2231],[-73.3566,18.2217],[-73.3567,18.2198],[-73.3572,18.218],[-73.3583,18.2169],[-73.3601,18.2166],[-73.3617,18.2161],[-73.3633,18.2166],[-73.3638,18.2181],[-73.3653,18.2176],[-73.3671,18.2173],[-73.3689,18.217],[-73.3704,18.2178],[-73.3711,18.2192],[-73.371,18.2212],[-73.3708,18.2232],[-73.3701,18.2246],[-73.3695,18.2261],[-73.3686,18.2273],[-73.3679,18.2288],[-73.3675,18.2306],[-73.3667,18.232],[-73.3665,18.234],[-73.3666,18.236],[-73.3657,18.2371],[-73.3652,18.2386],[-73.3638,18.2395],[-73.3629,18.2409],[-73.3618,18.2419],[-73.3603,18.2425],[-73.3588,18.2418],[-73.3569,18.2421],[-73.3567,18.244],[-73.356,18.2453],[-73.3566,18.2467],[-73.3562,18.2485],[-73.3551,18.2497],[-73.3541,18.2486],[-73.3535,18.2501],[-73.3522,18.2508],[-73.351,18.2517],[-73.3527,18.2521],[-73.3535,18.2507],[-73.3547,18.2516],[-73.3538,18.2529],[-73.3521,18.2532],[-73.3502,18.2535],[-73.349,18.2544],[-73.3488,18.2563],[-73.3495,18.2577],[-73.3512,18.2573],[-73.3524,18.2562],[-73.3519,18.2547],[-73.3537,18.2549],[-73.3549,18.2559],[-73.3563,18.2567],[-73.3578,18.2573],[-73.3596,18.2575],[-73.3612,18.258],[-73.3629,18.2584],[-73.3642,18.2592],[-73.3656,18.26],[-73.3666,18.261],[-73.3677,18.2621],[-73.3691,18.2628],[-73.3697,18.2644],[-73.3711,18.265],[-73.3721,18.2661],[-73.3739,18.2665],[-73.3746,18.2679],[-73.3767,18.268],[-73.3787,18.2681],[-73.3794,18.2695],[-73.3806,18.2704],[-73.3812,18.2719],[-73.3826,18.2727],[-73.3829,18.2709],[-73.3823,18.2694],[-73.3841,18.2698],[-73.3856,18.2704],[-73.3865,18.2716],[-73.3868,18.2734],[-73.3872,18.2752],[-73.3879,18.2766],[-73.3882,18.2784],[-73.3889,18.2797],[-73.3911,18.2795],[-73.3923,18.2786],[-73.3919,18.2769],[-73.3921,18.2749],[-73.3915,18.2735],[-73.391,18.2716],[-73.3906,18.2699],[-73.3902,18.2678],[-73.3902,18.2658],[-73.3902,18.2637],[-73.3906,18.2619],[-73.3912,18.2604],[-73.3924,18.2594],[-73.3933,18.2606],[-73.3935,18.2625],[-73.393,18.264],[-73.3922,18.2656],[-73.3928,18.2673],[-73.3926,18.2692],[-73.3946,18.2691],[-73.396,18.2685],[-73.3945,18.2678],[-73.3931,18.2671],[-73.3943,18.2662],[-73.396,18.2659],[-73.3976,18.2654],[-73.3978,18.2636],[-73.399,18.2645],[-73.3992,18.2664],[-73.3997,18.2647],[-73.4014,18.2651],[-73.4021,18.2664],[-73.404,18.2662],[-73.4049,18.2648],[-73.4044,18.2633],[-73.4036,18.2619],[-73.4046,18.2608],[-73.4058,18.2598],[-73.4065,18.2612],[-73.4082,18.2615],[-73.4097,18.261],[-73.4092,18.2594],[-73.4087,18.2579],[-73.4089,18.2561],[-73.4071,18.2557],[-73.4054,18.2561],[-73.4059,18.2543],[-73.4068,18.253],[-73.4072,18.2513],[-73.4076,18.2496],[-73.4096,18.2498],[-73.4092,18.2516],[-73.4101,18.2528],[-73.4117,18.2533],[-73.4133,18.2528],[-73.4148,18.2537],[-73.4166,18.2545],[-73.4185,18.2547],[-73.42,18.2553],[-73.4218,18.2559],[-73.4237,18.2555],[-73.4255,18.2552],[-73.4273,18.255],[-73.4289,18.2555],[-73.4301,18.2546],[-73.4314,18.2554],[-73.431,18.2573],[-73.4298,18.2584],[-73.4303,18.2601],[-73.4304,18.262],[-73.4311,18.2635],[-73.4325,18.2644],[-73.434,18.265],[-73.4362,18.2652],[-73.4376,18.2642],[-73.4386,18.2631],[-73.44,18.2639],[-73.4413,18.2647],[-73.4433,18.2648],[-73.4443,18.2638],[-73.4439,18.262],[-73.4433,18.2605],[-73.4432,18.2585],[-73.4448,18.2591],[-73.4454,18.2605],[-73.4458,18.2623],[-73.4467,18.2637],[-73.448,18.2647],[-73.4483,18.2665],[-73.4502,18.2668],[-73.4521,18.2663],[-73.4537,18.2658],[-73.4536,18.2639],[-73.4546,18.2628],[-73.454,18.2613],[-73.4532,18.26],[-73.4523,18.2587],[-73.4516,18.2572],[-73.4511,18.2556],[-73.4525,18.255],[-73.4537,18.2559],[-73.4548,18.2569],[-73.4559,18.2582],[-73.4573,18.2592],[-73.458,18.2607],[-73.4591,18.2616],[-73.4614,18.2611],[-73.4629,18.2605],[-73.4647,18.2602],[-73.4662,18.2597],[-73.4678,18.259],[-73.4695,18.2586],[-73.471,18.2591],[-73.4721,18.2581],[-73.4736,18.2576],[-73.4753,18.2572],[-73.4764,18.2562],[-73.4761,18.2544],[-73.4754,18.2531],[-73.4746,18.2518],[-73.4743,18.2499],[-73.4753,18.2489],[-73.477,18.2494],[-73.4788,18.2497],[-73.4792,18.2515],[-73.4796,18.2534],[-73.4791,18.255],[-73.4801,18.2564],[-73.4818,18.2567],[-73.4829,18.2557],[-73.4841,18.2547],[-73.4856,18.2542],[-73.4869,18.255],[-73.4891,18.2553],[-73.4899,18.2566],[-73.4916,18.2562],[-73.4918,18.2541],[-73.4926,18.2528],[-73.4935,18.2514],[-73.4954,18.2513],[-73.4968,18.2505],[-73.4976,18.2493],[-73.499,18.2486],[-73.5001,18.2475],[-73.5005,18.2458],[-73.5019,18.2452],[-73.5034,18.2459],[-73.5051,18.2455],[-73.507,18.2454],[-73.5067,18.2437],[-73.5045,18.2439],[-73.503,18.2433],[-73.5024,18.2419],[-73.5004,18.242],[-73.4982,18.2417],[-73.4966,18.2412],[-73.4947,18.241],[-73.4949,18.2388],[-73.4962,18.2379],[-73.4977,18.2371],[-73.4994,18.2368],[-73.4999,18.2353],[-73.5009,18.234],[-73.5027,18.2336],[-73.5047,18.2333],[-73.5063,18.2328],[-73.5076,18.232],[-73.5095,18.2324],[-73.5105,18.2335],[-73.5119,18.2345],[-73.5138,18.2349],[-73.5157,18.2346],[-73.5168,18.2337],[-73.5184,18.2343],[-73.5195,18.2353],[-73.5206,18.2342],[-73.5226,18.2341],[-73.524,18.2334],[-73.5263,18.2332],[-73.528,18.2326],[-73.5297,18.2322],[-73.5314,18.2327],[-73.5321,18.2341],[-73.533,18.2356],[-73.5334,18.2373],[-73.5338,18.2392],[-73.535,18.2403],[-73.5345,18.242],[-73.5348,18.2438],[-73.5359,18.2449],[-73.5364,18.2466],[-73.5372,18.2479],[-73.5371,18.2498],[-73.5374,18.2515],[-73.5385,18.2526],[-73.5395,18.2538],[-73.5408,18.2547],[-73.5424,18.2552],[-73.5424,18.2572],[-73.5433,18.2587],[-73.5447,18.2594],[-73.5459,18.2603],[-73.5476,18.2607],[-73.5494,18.2605],[-73.551,18.2599],[-73.5521,18.2588],[-73.5535,18.2596],[-73.5552,18.26],[-73.557,18.2594],[-73.5577,18.258],[-73.5598,18.2581],[-73.5613,18.2588],[-73.5632,18.2591],[-73.5648,18.2586],[-73.5664,18.258],[-73.5679,18.2573],[-73.5693,18.2565],[-73.5706,18.2557],[-73.572,18.2547],[-73.5731,18.2537],[-73.5741,18.2526],[-73.5749,18.2512],[-73.5753,18.2495],[-73.5748,18.2479],[-73.5738,18.2468],[-73.5731,18.2455],[-73.5718,18.2446],[-73.571,18.2433],[-73.5698,18.2421],[-73.569,18.2406],[-73.5681,18.2395],[-73.5665,18.239],[-73.5652,18.2381],[-73.5641,18.2369],[-73.5633,18.2355],[-73.5626,18.2339],[-73.5619,18.2321],[-73.5612,18.2307],[-73.5606,18.2292],[-73.5592,18.2282],[-73.5587,18.2267],[-73.5593,18.2252],[-73.5595,18.2232],[-73.5607,18.2223],[-73.5617,18.2213],[-73.5636,18.2211],[-73.5652,18.2206],[-73.5647,18.2191],[-73.5655,18.2175],[-73.5665,18.2165],[-73.568,18.2158],[-73.5697,18.2155],[-73.5715,18.2153],[-73.5733,18.2151],[-73.5746,18.2158],[-73.5763,18.2162],[-73.5778,18.2168],[-73.5793,18.2173],[-73.5796,18.2191],[-73.5803,18.2205],[-73.58,18.2225],[-73.5802,18.2243],[-73.5805,18.2262],[-73.5807,18.2281],[-73.5818,18.229],[-73.5831,18.2297],[-73.5841,18.2308],[-73.5853,18.2318],[-73.5868,18.2324],[-73.5878,18.2336],[-73.586,18.234],[-73.5848,18.2349],[-73.5861,18.2357],[-73.5874,18.2349],[-73.5886,18.234],[-73.5885,18.2321],[-73.5882,18.2303],[-73.5873,18.2292],[-73.5866,18.2278],[-73.5861,18.2263],[-73.5847,18.2255],[-73.5849,18.2237],[-73.5862,18.2226],[-73.5866,18.2209],[-73.5877,18.2199],[-73.5896,18.2194],[-73.591,18.2185],[-73.5921,18.2176],[-73.5934,18.2169],[-73.5944,18.2157],[-73.5954,18.2144],[-73.5968,18.2138],[-73.5982,18.213],[-73.5995,18.2122],[-73.6014,18.212],[-73.6032,18.2123],[-73.6048,18.2128],[-73.6067,18.2126],[-73.6083,18.212],[-73.6102,18.2121],[-73.6115,18.2128],[-73.613,18.2134],[-73.612,18.2144],[-73.614,18.2146],[-73.6157,18.2151],[-73.6175,18.2158],[-73.6191,18.2165],[-73.6199,18.2178],[-73.6198,18.2199],[-73.6187,18.2209],[-73.6172,18.2216],[-73.6162,18.2227],[-73.6151,18.2238],[-73.6155,18.2256],[-73.6162,18.2269],[-73.6166,18.2287],[-73.6154,18.2295],[-73.614,18.2303],[-73.6153,18.2311],[-73.6166,18.2322],[-73.6155,18.2332],[-73.6135,18.2333],[-73.6136,18.2353],[-73.6123,18.2362],[-73.6112,18.2371],[-73.6099,18.2364],[-73.6094,18.238],[-73.6081,18.2388],[-73.6091,18.2399],[-73.6088,18.2417],[-73.6071,18.2414],[-73.6052,18.2411],[-73.6038,18.2404],[-73.6034,18.242],[-73.6016,18.2424],[-73.6003,18.2432],[-73.6015,18.2442],[-73.6021,18.2457],[-73.6028,18.2471],[-73.6018,18.2482],[-73.6006,18.2491],[-73.6012,18.2505],[-73.6029,18.2509],[-73.6043,18.2517],[-73.6049,18.2531],[-73.6058,18.2543],[-73.6074,18.2548],[-73.6088,18.2557],[-73.6099,18.2567],[-73.6103,18.255],[-73.6113,18.254],[-73.6127,18.2533],[-73.6132,18.2516],[-73.6151,18.2521],[-73.6161,18.2532],[-73.618,18.2529],[-73.6199,18.2527],[-73.62,18.2507],[-73.6219,18.2509],[-73.6214,18.2492],[-73.6226,18.2484],[-73.6244,18.2489],[-73.626,18.2485],[-73.628,18.2484],[-73.6298,18.2487],[-73.6304,18.2502],[-73.6323,18.2501],[-73.6332,18.249],[-73.6335,18.2471],[-73.6324,18.2461],[-73.6332,18.2445],[-73.6342,18.2434],[-73.6334,18.2422],[-73.633,18.2403],[-73.6339,18.239],[-73.6341,18.2372],[-73.6331,18.236],[-73.6318,18.2352],[-73.6331,18.2343],[-73.6338,18.2329],[-73.6333,18.2313],[-73.634,18.2297],[-73.6334,18.2281],[-73.6327,18.2266],[-73.6329,18.2246],[-73.6338,18.2234],[-73.6354,18.2229],[-73.6366,18.222],[-73.6383,18.2214],[-73.6392,18.2202],[-73.6398,18.2185],[-73.6403,18.2168],[-73.6419,18.2164],[-73.6437,18.2159],[-73.6446,18.2148],[-73.6464,18.2145],[-73.6482,18.215],[-73.6502,18.2154],[-73.6521,18.2152],[-73.6535,18.2143],[-73.6543,18.2131],[-73.6556,18.212],[-73.6568,18.2111],[-73.6582,18.2104],[-73.6602,18.2103],[-73.6619,18.2099],[-73.6633,18.2107],[-73.6643,18.2119],[-73.6641,18.2138],[-73.6644,18.2158],[-73.6637,18.2174],[-73.6619,18.2178],[-73.6607,18.2187],[-73.661,18.2205],[-73.6619,18.2217],[-73.6611,18.223],[-73.66,18.2221],[-73.6603,18.2239],[-73.6607,18.2257],[-73.6611,18.2274],[-73.6598,18.2266],[-73.6589,18.2255],[-73.6577,18.2246],[-73.6582,18.2265],[-73.6571,18.2275],[-73.6552,18.2276],[-73.6539,18.2268],[-73.6525,18.2275],[-73.6506,18.2276],[-73.6502,18.2294],[-73.6499,18.2312],[-73.6496,18.2331],[-73.649,18.2345],[-73.6481,18.2356],[-73.6484,18.2374],[-73.6481,18.2393],[-73.6465,18.2398],[-73.6451,18.2404],[-73.6442,18.2416],[-73.6432,18.2427],[-73.6423,18.2439],[-73.6415,18.2451],[-73.6421,18.2467],[-73.6429,18.248],[-73.6442,18.2489],[-73.6448,18.2504],[-73.6456,18.2517],[-73.6465,18.2528],[-73.648,18.2534],[-73.6494,18.2525],[-73.6502,18.2512],[-73.6506,18.2494],[-73.6511,18.2479],[-73.6521,18.2468],[-73.6526,18.2453],[-73.6532,18.2436],[-73.654,18.2422],[-73.6545,18.2407],[-73.6549,18.2388],[-73.6561,18.2379],[-73.6575,18.2385],[-73.6588,18.2377],[-73.6572,18.2372],[-73.6583,18.2361],[-73.6597,18.2354],[-73.6616,18.2357],[-73.6633,18.2351],[-73.6647,18.2343],[-73.666,18.2335],[-73.6677,18.2331],[-73.6686,18.2319],[-73.6701,18.2324],[-73.6685,18.2351],[-73.6647,18.2401],[-73.6634,18.2411],[-73.6619,18.2425],[-73.6593,18.2431],[-73.658,18.2452],[-73.6587,18.2475],[-73.6593,18.2496],[-73.6582,18.2505],[-73.6576,18.2521],[-73.6585,18.2532],[-73.658,18.2548],[-73.6561,18.2554],[-73.6552,18.2575],[-73.6561,18.2593],[-73.6549,18.2615],[-73.6535,18.2622],[-73.6524,18.2635],[-73.6532,18.2665],[-73.6542,18.2712],[-73.6525,18.2717],[-73.6513,18.273],[-73.6494,18.2733],[-73.6484,18.2743],[-73.648,18.2781],[-73.6482,18.2807],[-73.6457,18.2829],[-73.6469,18.2845],[-73.6457,18.2856],[-73.6446,18.2875],[-73.6429,18.2888],[-73.6446,18.291],[-73.6445,18.2929],[-73.644,18.2956],[-73.6414,18.2961],[-73.64,18.2975],[-73.6387,18.2993],[-73.6383,18.3018],[-73.6386,18.3045],[-73.6394,18.3058],[-73.638,18.3071],[-73.6358,18.3101],[-73.6333,18.311],[-73.6324,18.3127],[-73.6325,18.315],[-73.6311,18.3158],[-73.6285,18.3163],[-73.626,18.3171],[-73.6242,18.3182],[-73.6206,18.3195],[-73.6163,18.32],[-73.6141,18.3206],[-73.6137,18.3232],[-73.6126,18.3257],[-73.6123,18.3281],[-73.6112,18.3291],[-73.61,18.3305],[-73.6084,18.3317],[-73.6074,18.3337],[-73.6064,18.3357],[-73.6044,18.3368],[-73.6019,18.3361],[-73.5997,18.3378],[-73.5976,18.3369],[-73.5947,18.3371],[-73.5921,18.3384],[-73.5903,18.3382],[-73.5884,18.3383],[-73.5863,18.3384],[-73.5836,18.338],[-73.5812,18.3372],[-73.5799,18.3379],[-73.5783,18.3392],[-73.5744,18.3392],[-73.5713,18.3391],[-73.5686,18.3385],[-73.5663,18.3388],[-73.5623,18.3384],[-73.5602,18.339],[-73.5579,18.3395],[-73.557,18.3411],[-73.5564,18.3425],[-73.5553,18.3436],[-73.5546,18.3472],[-73.5549,18.3498],[-73.5547,18.3538],[-73.5535,18.3552],[-73.5503,18.3559],[-73.5472,18.3558],[-73.5441,18.3554],[-73.5419,18.3561],[-73.5402,18.3542],[-73.5381,18.3538]]]]},"properties":{"nom":"Saint Louis du Sud / Aquin","code":"19","zone":"Presqu'île du SUD-OUEST"}},{"type":"Feature","geometry":{"type":"MultiPolygon","coordinates":[[[[-73.6537,18.4119],[-73.6508,18.4129],[-73.6472,18.4102],[-73.645,18.4114],[-73.6424,18.411],[-73.6409,18.412],[-73.6394,18.4128],[-73.6379,18.4139],[-73.6357,18.4138],[-73.6336,18.4131],[-73.6344,18.4105],[-73.6324,18.4097],[-73.6299,18.4102],[-73.6294,18.4082],[-73.6264,18.4082],[-73.6247,18.4075],[-73.6217,18.4076],[-73.6202,18.406],[-73.6183,18.405],[-73.6154,18.4061],[-73.6136,18.4075],[-73.6114,18.407],[-73.6092,18.4067],[-73.6073,18.407],[-73.6049,18.4068],[-73.6024,18.4057],[-73.6012,18.4046],[-73.5987,18.4047],[-73.5934,18.4051],[-73.5909,18.4049],[-73.5888,18.4038],[-73.5871,18.4029],[-73.5843,18.4023],[-73.582,18.4024],[-73.5796,18.4018],[-73.5764,18.4011],[-73.5748,18.3994],[-73.5726,18.399],[-73.5706,18.3992],[-73.5691,18.4006],[-73.5679,18.3998],[-73.5665,18.3975],[-73.5654,18.3966],[-73.564,18.3958],[-73.5652,18.3948],[-73.5678,18.3947],[-73.5685,18.3929],[-73.5661,18.3909],[-73.566,18.389],[-73.5656,18.3872],[-73.5663,18.3855],[-73.5675,18.3833],[-73.5676,18.3804],[-73.566,18.3809],[-73.5642,18.3813],[-73.5632,18.38],[-73.5655,18.3784],[-73.5633,18.3771],[-73.5588,18.3775],[-73.5574,18.379],[-73.5549,18.3784],[-73.5536,18.3776],[-73.5531,18.3757],[-73.5505,18.3749],[-73.5477,18.374],[-73.5457,18.3751],[-73.5429,18.3764],[-73.542,18.3753],[-73.5407,18.3742],[-73.5387,18.3738],[-73.5362,18.3722],[-73.538,18.371],[-73.5368,18.369],[-73.5367,18.3662],[-73.5371,18.3645],[-73.5365,18.3629],[-73.536,18.3613],[-73.536,18.3591],[-73.5371,18.3571],[-73.5375,18.3545],[-73.5392,18.354],[-73.5419,18.3561],[-73.5433,18.3553],[-73.5461,18.3551],[-73.5491,18.3565],[-73.5527,18.356],[-73.5547,18.3547],[-73.555,18.3509],[-73.555,18.3485],[-73.5548,18.344],[-73.5564,18.3425],[-73.557,18.3411],[-73.5579,18.3395],[-73.5602,18.339],[-73.5623,18.3384],[-73.5663,18.3388],[-73.5686,18.3385],[-73.5709,18.3391],[-73.5735,18.3388],[-73.577,18.339],[-73.5785,18.338],[-73.5812,18.3372],[-73.5836,18.338],[-73.5863,18.3384],[-73.5884,18.3383],[-73.5903,18.3382],[-73.5921,18.3384],[-73.5935,18.3376],[-73.5967,18.3368],[-73.5983,18.3377],[-73.6014,18.3365],[-73.6034,18.3367],[-73.6057,18.3361],[-73.6074,18.3337],[-73.6084,18.3317],[-73.61,18.3305],[-73.6112,18.3291],[-73.6123,18.3281],[-73.6126,18.3257],[-73.6137,18.3232],[-73.6141,18.3206],[-73.6163,18.32],[-73.6192,18.3197],[-73.6233,18.3191],[-73.6249,18.3178],[-73.6273,18.3167],[-73.6304,18.3164],[-73.6316,18.3152],[-73.6325,18.314],[-73.6333,18.311],[-73.6358,18.3101],[-73.637,18.3077],[-73.6388,18.3068],[-73.6386,18.3045],[-73.6383,18.3018],[-73.6387,18.2993],[-73.64,18.2985],[-73.6406,18.2969],[-73.6436,18.2962],[-73.6439,18.294],[-73.6445,18.2921],[-73.6426,18.2892],[-73.6438,18.2882],[-73.6454,18.2868],[-73.6463,18.2851],[-73.646,18.2832],[-73.6482,18.2807],[-73.6488,18.2792],[-73.6484,18.2743],[-73.6494,18.2733],[-73.6513,18.273],[-73.6525,18.2717],[-73.6542,18.2712],[-73.6539,18.2677],[-73.6533,18.2643],[-73.6535,18.2622],[-73.6549,18.2615],[-73.6561,18.2593],[-73.6552,18.2575],[-73.6557,18.2556],[-73.6575,18.2549],[-73.6585,18.2534],[-73.6576,18.2521],[-73.6582,18.2505],[-73.6593,18.2496],[-73.6587,18.2475],[-73.6579,18.246],[-73.6579,18.2433],[-73.6608,18.2425],[-73.663,18.2418],[-73.6645,18.2401],[-73.6685,18.2351],[-73.6704,18.2325],[-73.6722,18.2327],[-73.674,18.233],[-73.6744,18.2347],[-73.675,18.2362],[-73.6761,18.2373],[-73.6776,18.238],[-73.6792,18.2385],[-73.6812,18.2384],[-73.6833,18.2384],[-73.6852,18.2382],[-73.6872,18.2381],[-73.6892,18.2384],[-73.691,18.2382],[-73.6931,18.2379],[-73.6951,18.237],[-73.6965,18.2362],[-73.6976,18.235],[-73.6969,18.2336],[-73.6973,18.2318],[-73.6988,18.2311],[-73.6993,18.2293],[-73.7003,18.2283],[-73.7003,18.2262],[-73.6999,18.2245],[-73.7,18.2226],[-73.7009,18.2214],[-73.7026,18.2208],[-73.7025,18.2187],[-73.7015,18.2176],[-73.7003,18.2165],[-73.7005,18.2147],[-73.7016,18.2136],[-73.7031,18.2131],[-73.705,18.2129],[-73.7056,18.2145],[-73.7052,18.2169],[-73.7046,18.2194],[-73.7052,18.2213],[-73.7054,18.2242],[-73.7081,18.2275],[-73.708,18.2306],[-73.7092,18.2331],[-73.7096,18.2361],[-73.7102,18.2377],[-73.7105,18.2398],[-73.7114,18.2434],[-73.7133,18.246],[-73.7147,18.2474],[-73.7157,18.2493],[-73.7171,18.2509],[-73.7161,18.2536],[-73.7176,18.2554],[-73.7161,18.2579],[-73.716,18.2605],[-73.7163,18.2632],[-73.7148,18.265],[-73.7168,18.2661],[-73.7163,18.2684],[-73.7157,18.2705],[-73.7148,18.2721],[-73.7146,18.2758],[-73.7125,18.2771],[-73.7105,18.2775],[-73.71,18.2803],[-73.7114,18.2809],[-73.7125,18.282],[-73.7133,18.2842],[-73.7139,18.2868],[-73.7153,18.2875],[-73.7172,18.2886],[-73.7165,18.2924],[-73.717,18.2939],[-73.7186,18.2948],[-73.7203,18.2956],[-73.7217,18.297],[-73.723,18.2982],[-73.7242,18.3005],[-73.7262,18.3007],[-73.7287,18.3018],[-73.7282,18.304],[-73.7293,18.3056],[-73.7305,18.3075],[-73.732,18.3085],[-73.7307,18.3102],[-73.7287,18.3116],[-73.7296,18.3137],[-73.7289,18.3156],[-73.7301,18.317],[-73.73,18.32],[-73.7289,18.321],[-73.7283,18.3243],[-73.7269,18.3256],[-73.7285,18.3283],[-73.7293,18.3299],[-73.7301,18.3328],[-73.7321,18.334],[-73.7348,18.3329],[-73.737,18.3317],[-73.7389,18.3326],[-73.7423,18.3312],[-73.744,18.3301],[-73.746,18.3309],[-73.7478,18.3296],[-73.7493,18.3307],[-73.75,18.3292],[-73.7519,18.3294],[-73.7535,18.3288],[-73.7557,18.3282],[-73.7572,18.3275],[-73.7588,18.3269],[-73.7605,18.3256],[-73.7621,18.3248],[-73.7634,18.3256],[-73.7653,18.3259],[-73.7666,18.3247],[-73.7675,18.326],[-73.7689,18.3271],[-73.7707,18.3264],[-73.7719,18.3274],[-73.7739,18.3293],[-73.7751,18.3279],[-73.7765,18.3272],[-73.7786,18.3268],[-73.7812,18.3263],[-73.784,18.3252],[-73.7848,18.3228],[-73.7872,18.3252],[-73.7894,18.3255],[-73.7927,18.3261],[-73.7942,18.3268],[-73.7962,18.3263],[-73.7988,18.3271],[-73.8017,18.3275],[-73.8038,18.329],[-73.8064,18.3293],[-73.8084,18.3291],[-73.8122,18.3289],[-73.8126,18.3263],[-73.814,18.324],[-73.816,18.3235],[-73.8182,18.3251],[-73.8201,18.3257],[-73.8209,18.3273],[-73.8229,18.3267],[-73.8253,18.3271],[-73.8272,18.3273],[-73.8283,18.3257],[-73.8298,18.3252],[-73.8319,18.3238],[-73.8341,18.3234],[-73.8356,18.3242],[-73.8377,18.3226],[-73.8414,18.3241],[-73.8434,18.3239],[-73.8467,18.3243],[-73.8482,18.3232],[-73.85,18.3235],[-73.853,18.3233],[-73.8564,18.324],[-73.8584,18.3232],[-73.8613,18.3221],[-73.8624,18.3234],[-73.8632,18.325],[-73.8647,18.326],[-73.8663,18.3279],[-73.8658,18.3304],[-73.8645,18.3321],[-73.8651,18.3337],[-73.8625,18.3343],[-73.8614,18.3377],[-73.8617,18.3406],[-73.863,18.3419],[-73.8639,18.3438],[-73.865,18.3451],[-73.8667,18.3461],[-73.8671,18.3492],[-73.8681,18.3505],[-73.8674,18.3522],[-73.8682,18.3537],[-73.8685,18.3561],[-73.8695,18.3573],[-73.8697,18.3598],[-73.872,18.3605],[-73.8733,18.3614],[-73.8748,18.3624],[-73.8768,18.3641],[-73.8804,18.3666],[-73.8819,18.3671],[-73.8842,18.3683],[-73.8848,18.3708],[-73.8865,18.3723],[-73.8884,18.3735],[-73.8895,18.375],[-73.8904,18.3768],[-73.8928,18.3771],[-73.8946,18.3793],[-73.8959,18.381],[-73.8976,18.3821],[-73.8991,18.3829],[-73.8981,18.3856],[-73.8979,18.3896],[-73.8996,18.3903],[-73.9015,18.3901],[-73.9025,18.3911],[-73.9005,18.3918],[-73.8994,18.3935],[-73.8972,18.3929],[-73.8948,18.3941],[-73.8928,18.3957],[-73.8953,18.3992],[-73.8944,18.4012],[-73.8939,18.403],[-73.8893,18.4039],[-73.8872,18.4054],[-73.8844,18.4051],[-73.8825,18.4055],[-73.8784,18.4054],[-73.8741,18.4057],[-73.8718,18.4065],[-73.8689,18.4067],[-73.8666,18.4067],[-73.8616,18.4049],[-73.8606,18.406],[-73.8594,18.4068],[-73.8583,18.4081],[-73.8567,18.4099],[-73.8539,18.411],[-73.85,18.4116],[-73.8482,18.4123],[-73.8468,18.4131],[-73.8459,18.412],[-73.845,18.4105],[-73.8429,18.4084],[-73.8396,18.4078],[-73.8377,18.4086],[-73.8368,18.4097],[-73.8353,18.4105],[-73.8339,18.4095],[-73.8326,18.4106],[-73.8303,18.4117],[-73.8282,18.4123],[-73.8238,18.413],[-73.8216,18.4142],[-73.8202,18.4148],[-73.819,18.4166],[-73.8167,18.4169],[-73.8138,18.419],[-73.8114,18.4195],[-73.8099,18.4207],[-73.8074,18.4215],[-73.8057,18.4225],[-73.8043,18.4245],[-73.803,18.4267],[-73.8011,18.4277],[-73.799,18.4291],[-73.7968,18.4285],[-73.7948,18.4283],[-73.7934,18.429],[-73.7896,18.4294],[-73.7873,18.4267],[-73.7881,18.4235],[-73.7898,18.4212],[-73.7894,18.4195],[-73.7868,18.4178],[-73.7843,18.4184],[-73.7819,18.4183],[-73.7805,18.4191],[-73.7778,18.4201],[-73.7764,18.4181],[-73.7727,18.4179],[-73.7712,18.4196],[-73.7687,18.4203],[-73.7675,18.4218],[-73.7662,18.4226],[-73.7642,18.4227],[-73.7616,18.4228],[-73.7581,18.424],[-73.7554,18.4235],[-73.7546,18.4216],[-73.753,18.4204],[-73.7491,18.4208],[-73.746,18.421],[-73.7446,18.4197],[-73.7428,18.4181],[-73.7416,18.4157],[-73.7385,18.4151],[-73.7364,18.413],[-73.7329,18.4106],[-73.7318,18.4078],[-73.7298,18.4077],[-73.7276,18.4081],[-73.7258,18.4076],[-73.7247,18.4053],[-73.7228,18.4059],[-73.7181,18.4062],[-73.7164,18.4047],[-73.7141,18.4044],[-73.7119,18.4033],[-73.7099,18.4034],[-73.7091,18.4017],[-73.7071,18.4011],[-73.7064,18.3993],[-73.7046,18.3968],[-73.7043,18.3939],[-73.7047,18.3919],[-73.7025,18.3915],[-73.7,18.3924],[-73.6995,18.3946],[-73.6968,18.3964],[-73.6948,18.3967],[-73.6929,18.3991],[-73.6922,18.3972],[-73.6918,18.395],[-73.6896,18.3946],[-73.6885,18.3918],[-73.6865,18.3926],[-73.6834,18.3935],[-73.6816,18.3947],[-73.6799,18.3966],[-73.6781,18.3968],[-73.6764,18.3978],[-73.6769,18.4009],[-73.6759,18.4026],[-73.6754,18.4041],[-73.6744,18.4069],[-73.6745,18.4093],[-73.675,18.4114],[-73.6763,18.4129],[-73.6737,18.4126],[-73.6723,18.4115],[-73.668,18.4118],[-73.6665,18.4111],[-73.6662,18.4088],[-73.6639,18.4085],[-73.6631,18.4118],[-73.6601,18.4109],[-73.6587,18.4123],[-73.6567,18.4116],[-73.6541,18.4118],[-73.6537,18.4119]]]]},"properties":{"nom":"Cavaillon","code":"20","zone":"Presqu'île du SUD-OUEST"}},{"type":"Feature","geometry":{"type":"MultiPolygon","coordinates":[[[[-73.967,18.3947],[-73.9665,18.3924],[-73.9647,18.391],[-73.9624,18.39],[-73.9604,18.3908],[-73.9581,18.3916],[-73.9553,18.3926],[-73.9522,18.3935],[-73.9508,18.3927],[-73.9485,18.3907],[-73.9464,18.3898],[-73.9449,18.391],[-73.944,18.3921],[-73.9425,18.3912],[-73.9411,18.3923],[-73.9387,18.3914],[-73.9384,18.3889],[-73.9374,18.3867],[-73.9358,18.3877],[-73.9336,18.389],[-73.9309,18.3887],[-73.9286,18.3895],[-73.926,18.3884],[-73.9238,18.3877],[-73.9219,18.3876],[-73.9182,18.3876],[-73.9149,18.3878],[-73.9145,18.39],[-73.9126,18.3892],[-73.9104,18.3891],[-73.9087,18.39],[-73.9072,18.3913],[-73.9052,18.3908],[-73.9025,18.3911],[-73.9015,18.3901],[-73.8996,18.3903],[-73.8979,18.3896],[-73.8982,18.3865],[-73.899,18.3842],[-73.8982,18.3823],[-73.8968,18.3815],[-73.8954,18.3801],[-73.8932,18.3781],[-73.8904,18.3768],[-73.8895,18.375],[-73.8884,18.3735],[-73.8872,18.3722],[-73.8848,18.3708],[-73.8844,18.369],[-73.8819,18.3671],[-73.8804,18.3666],[-73.8782,18.3646],[-73.8748,18.3624],[-73.8733,18.3614],[-73.872,18.3605],[-73.8697,18.3598],[-73.8695,18.3573],[-73.8685,18.3561],[-73.8677,18.3548],[-73.8674,18.3522],[-73.8681,18.3505],[-73.8671,18.3492],[-73.8667,18.3461],[-73.865,18.3451],[-73.8639,18.3438],[-73.863,18.3419],[-73.8617,18.3406],[-73.8614,18.3377],[-73.8626,18.3361],[-73.8651,18.3337],[-73.8645,18.3321],[-73.8656,18.3308],[-73.8669,18.3292],[-73.8657,18.3265],[-73.8632,18.325],[-73.8624,18.3234],[-73.8617,18.3217],[-73.8593,18.3224],[-73.8579,18.3237],[-73.853,18.3233],[-73.85,18.3235],[-73.8482,18.3232],[-73.8467,18.3243],[-73.8434,18.3239],[-73.8414,18.3241],[-73.8387,18.322],[-73.8356,18.3242],[-73.8341,18.3234],[-73.8324,18.3239],[-73.8313,18.3251],[-73.8293,18.3255],[-73.8272,18.3273],[-73.8253,18.3271],[-73.8229,18.3267],[-73.8209,18.3273],[-73.8201,18.3257],[-73.8182,18.3251],[-73.8174,18.323],[-73.8154,18.3235],[-73.8124,18.3249],[-73.8124,18.3276],[-73.8092,18.3291],[-73.8074,18.3285],[-73.8038,18.329],[-73.8017,18.3275],[-73.7994,18.3272],[-73.7969,18.326],[-73.7954,18.3266],[-73.7936,18.326],[-73.7911,18.3257],[-73.7872,18.3252],[-73.7861,18.3233],[-73.784,18.3252],[-73.7831,18.3263],[-73.7803,18.3268],[-73.7778,18.3273],[-73.7751,18.3279],[-73.7739,18.3293],[-73.7716,18.329],[-73.7713,18.3262],[-73.7689,18.3271],[-73.7675,18.326],[-73.7666,18.3247],[-73.7653,18.3259],[-73.7634,18.3256],[-73.7621,18.3248],[-73.7605,18.3256],[-73.7588,18.3269],[-73.7572,18.3275],[-73.7557,18.3282],[-73.7535,18.3288],[-73.7521,18.3297],[-73.75,18.3292],[-73.7493,18.3307],[-73.7478,18.3296],[-73.7461,18.3308],[-73.744,18.3301],[-73.7424,18.3311],[-73.7389,18.3326],[-73.737,18.3317],[-73.7361,18.333],[-73.7321,18.334],[-73.7305,18.3332],[-73.7299,18.3308],[-73.7285,18.3283],[-73.7269,18.3267],[-73.7283,18.3243],[-73.7283,18.3219],[-73.73,18.32],[-73.73,18.3177],[-73.7289,18.3156],[-73.7296,18.3137],[-73.7284,18.3119],[-73.7298,18.3111],[-73.7319,18.3099],[-73.7312,18.3078],[-73.7296,18.3059],[-73.7282,18.304],[-73.7287,18.3018],[-73.7268,18.3011],[-73.7247,18.3009],[-73.7239,18.2992],[-73.7225,18.2978],[-73.7214,18.2961],[-73.7194,18.2953],[-73.718,18.2945],[-73.7165,18.2924],[-73.7176,18.2899],[-73.7161,18.2881],[-73.7139,18.2868],[-73.713,18.2854],[-73.7125,18.282],[-73.7114,18.2809],[-73.71,18.2803],[-73.7105,18.2775],[-73.7125,18.2771],[-73.7146,18.2758],[-73.7144,18.2732],[-73.7148,18.2713],[-73.7169,18.2696],[-73.7174,18.2666],[-73.7153,18.2658],[-73.7163,18.2632],[-73.716,18.2605],[-73.7155,18.2589],[-73.7174,18.2569],[-73.7161,18.2542],[-73.7174,18.2526],[-73.7169,18.25],[-73.7147,18.2474],[-73.7133,18.246],[-73.7114,18.2434],[-73.7105,18.2398],[-73.7102,18.2377],[-73.7096,18.2361],[-73.7092,18.2331],[-73.708,18.2306],[-73.7081,18.2275],[-73.7054,18.2242],[-73.7052,18.2213],[-73.7046,18.2194],[-73.7052,18.2169],[-73.7056,18.2145],[-73.7063,18.2126],[-73.7076,18.2118],[-73.709,18.211],[-73.7109,18.2105],[-73.7127,18.2102],[-73.7142,18.2108],[-73.7159,18.2112],[-73.7175,18.2107],[-73.719,18.21],[-73.7201,18.2091],[-73.7213,18.208],[-73.7212,18.206],[-73.7218,18.2045],[-73.7227,18.2029],[-73.7245,18.2033],[-73.7263,18.2036],[-73.7279,18.2031],[-73.7294,18.2024],[-73.7307,18.2016],[-73.7301,18.2],[-73.7311,18.199],[-73.7329,18.1986],[-73.7344,18.198],[-73.7355,18.1971],[-73.7361,18.1956],[-73.7373,18.1946],[-73.7379,18.193],[-73.7399,18.1932],[-73.742,18.1929],[-73.7435,18.1921],[-73.7444,18.1909],[-73.7463,18.1911],[-73.7481,18.1905],[-73.7495,18.1898],[-73.7504,18.1884],[-73.7511,18.1866],[-73.7523,18.1856],[-73.7538,18.1847],[-73.7549,18.1837],[-73.7565,18.1822],[-73.7575,18.1811],[-73.7593,18.1807],[-73.7616,18.1808],[-73.7642,18.1808],[-73.7662,18.1806],[-73.768,18.1802],[-73.77,18.1796],[-73.7718,18.1788],[-73.7734,18.1781],[-73.7748,18.1773],[-73.7761,18.1765],[-73.7774,18.1758],[-73.7788,18.175],[-73.7802,18.1743],[-73.7815,18.1735],[-73.783,18.1727],[-73.7846,18.1718],[-73.786,18.1711],[-73.7875,18.1705],[-73.7889,18.1698],[-73.7906,18.169],[-73.792,18.1682],[-73.7933,18.1674],[-73.7946,18.1666],[-73.7959,18.1657],[-73.7972,18.1646],[-73.7984,18.1637],[-73.7996,18.1627],[-73.8007,18.1618],[-73.8018,18.1608],[-73.8031,18.1598],[-73.8038,18.1584],[-73.8056,18.1586],[-73.8077,18.1587],[-73.8093,18.158],[-73.8104,18.157],[-73.8118,18.1557],[-73.8129,18.1547],[-73.8141,18.1537],[-73.8153,18.1526],[-73.8162,18.1515],[-73.8181,18.1516],[-73.8201,18.1515],[-73.8214,18.1503],[-73.8224,18.1492],[-73.8234,18.1482],[-73.8246,18.147],[-73.8257,18.1459],[-73.8268,18.1447],[-73.8279,18.1435],[-73.829,18.1422],[-73.83,18.1409],[-73.8311,18.1396],[-73.832,18.1384],[-73.833,18.1371],[-73.8341,18.1357],[-73.8349,18.1344],[-73.8359,18.133],[-73.8367,18.1317],[-73.8375,18.1305],[-73.8384,18.1292],[-73.8394,18.1278],[-73.8402,18.1265],[-73.8411,18.1253],[-73.842,18.124],[-73.8431,18.1223],[-73.843,18.1204],[-73.8424,18.1189],[-73.8419,18.1169],[-73.8414,18.1149],[-73.8424,18.1137],[-73.8512,18.1129],[-73.8566,18.114],[-73.8619,18.1148],[-73.8652,18.1147],[-73.8666,18.1138],[-73.8682,18.1126],[-73.869,18.1144],[-73.8695,18.1167],[-73.8708,18.1175],[-73.8727,18.1179],[-73.8752,18.1185],[-73.8785,18.1199],[-73.8806,18.1191],[-73.8824,18.1186],[-73.8861,18.1188],[-73.8894,18.1201],[-73.8924,18.1204],[-73.8959,18.1211],[-73.9008,18.124],[-73.9037,18.1245],[-73.9057,18.1278],[-73.9061,18.1298],[-73.9074,18.1324],[-73.9104,18.1327],[-73.9126,18.138],[-73.9154,18.1429],[-73.9172,18.145],[-73.9186,18.1479],[-73.9206,18.1493],[-73.922,18.1501],[-73.9229,18.153],[-73.9236,18.1558],[-73.9227,18.1578],[-73.9219,18.1594],[-73.9202,18.1614],[-73.9182,18.1626],[-73.9167,18.1635],[-73.9163,18.1654],[-73.9146,18.1658],[-73.9154,18.1677],[-73.9168,18.1703],[-73.9182,18.172],[-73.918,18.174],[-73.9187,18.1763],[-73.9198,18.1787],[-73.9219,18.1791],[-73.9228,18.1804],[-73.9243,18.1815],[-73.9263,18.1831],[-73.9288,18.1831],[-73.9306,18.1844],[-73.9323,18.186],[-73.9321,18.1883],[-73.9332,18.1896],[-73.9339,18.1913],[-73.9342,18.1934],[-73.933,18.1945],[-73.931,18.1953],[-73.9296,18.1967],[-73.929,18.1986],[-73.9285,18.2024],[-73.9299,18.204],[-73.9317,18.2045],[-73.9326,18.206],[-73.9353,18.207],[-73.9386,18.2073],[-73.9408,18.2071],[-73.9418,18.2091],[-73.9433,18.2104],[-73.9448,18.2128],[-73.9463,18.2134],[-73.9468,18.2149],[-73.9473,18.2176],[-73.9494,18.2193],[-73.9502,18.2208],[-73.9527,18.2211],[-73.9537,18.2222],[-73.9543,18.2246],[-73.9557,18.2254],[-73.9572,18.2261],[-73.9595,18.2266],[-73.9613,18.2279],[-73.964,18.2302],[-73.9654,18.2316],[-73.9667,18.2327],[-73.9685,18.2337],[-73.9711,18.2363],[-73.9729,18.2377],[-73.974,18.2387],[-73.9752,18.2407],[-73.9774,18.2418],[-73.9796,18.2449],[-73.981,18.2472],[-73.9822,18.2489],[-73.9813,18.251],[-73.9807,18.2536],[-73.9835,18.2541],[-73.9867,18.2553],[-73.9883,18.2561],[-73.9894,18.2583],[-73.9883,18.2597],[-73.9889,18.2613],[-73.9895,18.2639],[-73.9914,18.2656],[-73.9918,18.2674],[-73.9933,18.2692],[-73.9945,18.271],[-73.9943,18.273],[-73.993,18.2748],[-73.9922,18.2762],[-73.9912,18.278],[-73.992,18.2805],[-73.9937,18.2812],[-73.9954,18.2824],[-73.9973,18.2855],[-73.9983,18.2877],[-74.0003,18.2904],[-74.0001,18.2927],[-74.0023,18.2948],[-74.0031,18.2967],[-74.005,18.2979],[-74.0062,18.2996],[-74.0081,18.3019],[-74.0101,18.3043],[-74.0109,18.3057],[-74.0119,18.3074],[-74.0106,18.3103],[-74.012,18.3122],[-74.0135,18.3136],[-74.015,18.3152],[-74.0161,18.3172],[-74.018,18.3176],[-74.0207,18.3198],[-74.024,18.3213],[-74.0256,18.3222],[-74.027,18.3232],[-74.0263,18.3253],[-74.0275,18.3276],[-74.0303,18.332],[-74.0321,18.3314],[-74.0335,18.3332],[-74.0331,18.335],[-74.0337,18.3388],[-74.0348,18.3428],[-74.0341,18.3446],[-74.0307,18.3461],[-74.0302,18.3485],[-74.0294,18.3502],[-74.0288,18.3522],[-74.0279,18.3537],[-74.0288,18.3554],[-74.0276,18.3574],[-74.0266,18.3588],[-74.0287,18.3606],[-74.0306,18.3631],[-74.0312,18.3662],[-74.0318,18.3692],[-74.0307,18.3716],[-74.0298,18.3736],[-74.0289,18.3752],[-74.0272,18.3773],[-74.0261,18.3795],[-74.0252,18.3817],[-74.0228,18.3831],[-74.0213,18.3817],[-74.0188,18.3822],[-74.0165,18.3818],[-74.0142,18.3824],[-74.0119,18.383],[-74.0094,18.3835],[-74.0052,18.3843],[-74.0034,18.3855],[-73.9999,18.3852],[-73.9979,18.3879],[-73.9956,18.3884],[-73.992,18.3887],[-73.9906,18.3898],[-73.988,18.3908],[-73.9861,18.3905],[-73.985,18.3917],[-73.9816,18.3952],[-73.9793,18.3958],[-73.9768,18.3974],[-73.9746,18.3984],[-73.9717,18.3981],[-73.9699,18.397],[-73.9688,18.396],[-73.967,18.3947]]]]},"properties":{"nom":"Cayes","code":"21","zone":"Presqu'île du SUD-OUEST"}},{"type":"Feature","geometry":{"type":"MultiPolygon","coordinates":[[[[-74.0314,18.3643],[-74.0298,18.3613],[-74.0266,18.3588],[-74.0276,18.3574],[-74.0285,18.356],[-74.0279,18.3537],[-74.0288,18.3522],[-74.0294,18.3502],[-74.0302,18.3485],[-74.0307,18.3461],[-74.0338,18.3458],[-74.0342,18.3439],[-74.0345,18.3396],[-74.0337,18.3364],[-74.0328,18.3343],[-74.0321,18.3314],[-74.0303,18.332],[-74.0275,18.3294],[-74.0264,18.3271],[-74.0269,18.3242],[-74.0261,18.3228],[-74.024,18.3213],[-74.0207,18.3198],[-74.0191,18.3182],[-74.0171,18.3176],[-74.0157,18.3162],[-74.0141,18.3148],[-74.012,18.3122],[-74.0106,18.3103],[-74.011,18.3077],[-74.0109,18.3057],[-74.0101,18.3043],[-74.0087,18.3027],[-74.0062,18.2996],[-74.005,18.2979],[-74.0031,18.2967],[-74.0023,18.2948],[-74.0015,18.2927],[-74.0003,18.2904],[-73.9984,18.2892],[-73.9981,18.2862],[-73.9959,18.2838],[-73.9937,18.2812],[-73.992,18.2805],[-73.9912,18.278],[-73.9922,18.2762],[-73.993,18.2748],[-73.9938,18.2734],[-73.9945,18.271],[-73.9933,18.2692],[-73.9918,18.2674],[-73.9914,18.2656],[-73.9895,18.2639],[-73.9889,18.2613],[-73.9883,18.2597],[-73.9894,18.2583],[-73.9897,18.2564],[-73.9867,18.2553],[-73.9841,18.2548],[-73.9807,18.2536],[-73.9813,18.251],[-73.9822,18.2489],[-73.981,18.2472],[-73.9807,18.2454],[-73.9782,18.2428],[-73.9768,18.2407],[-73.9743,18.2399],[-73.9729,18.2377],[-73.9711,18.2363],[-73.9692,18.235],[-73.9679,18.2331],[-73.9654,18.2316],[-73.964,18.2302],[-73.9625,18.2286],[-73.9595,18.2266],[-73.9572,18.2261],[-73.9557,18.2254],[-73.9543,18.2246],[-73.9537,18.2222],[-73.9527,18.2211],[-73.9502,18.2208],[-73.9494,18.2193],[-73.9478,18.2185],[-73.9468,18.2149],[-73.9463,18.2134],[-73.9448,18.2128],[-73.9438,18.2115],[-73.9418,18.2091],[-73.9408,18.2071],[-73.9386,18.2073],[-73.9353,18.207],[-73.9326,18.206],[-73.9317,18.2045],[-73.9299,18.204],[-73.9285,18.2024],[-73.9283,18.1998],[-73.9296,18.1967],[-73.931,18.1953],[-73.933,18.1945],[-73.9342,18.1934],[-73.9339,18.1913],[-73.9332,18.1896],[-73.9321,18.1883],[-73.9323,18.186],[-73.9306,18.1844],[-73.9296,18.1832],[-73.9274,18.1836],[-73.9243,18.1815],[-73.9228,18.1804],[-73.9219,18.1791],[-73.9198,18.1787],[-73.9182,18.1776],[-73.9184,18.175],[-73.9182,18.173],[-73.9168,18.1703],[-73.9164,18.1686],[-73.9142,18.1668],[-73.9163,18.1654],[-73.9167,18.1635],[-73.9182,18.1626],[-73.9202,18.1614],[-73.9217,18.1605],[-73.9222,18.1585],[-73.923,18.1569],[-73.9227,18.1546],[-73.9219,18.1509],[-73.9206,18.1493],[-73.9186,18.1479],[-73.9174,18.1465],[-73.9154,18.1429],[-73.9126,18.138],[-73.9104,18.1327],[-73.9074,18.1324],[-73.9061,18.1298],[-73.9057,18.1278],[-73.9037,18.1245],[-73.9008,18.124],[-73.8959,18.1211],[-73.8924,18.1204],[-73.8894,18.1201],[-73.8861,18.1188],[-73.8824,18.1186],[-73.8806,18.1191],[-73.8785,18.1199],[-73.8752,18.1185],[-73.8733,18.1183],[-73.872,18.1174],[-73.8697,18.1177],[-73.8694,18.1153],[-73.8692,18.1132],[-73.8666,18.1138],[-73.8652,18.1147],[-73.8619,18.1148],[-73.8566,18.114],[-73.8512,18.1129],[-73.8428,18.1129],[-73.8433,18.1114],[-73.8438,18.1096],[-73.8429,18.1083],[-73.8421,18.1069],[-73.841,18.106],[-73.8409,18.104],[-73.8404,18.1025],[-73.839,18.1019],[-73.8381,18.1008],[-73.8367,18.1002],[-73.8362,18.0985],[-73.8349,18.0978],[-73.8337,18.0967],[-73.8328,18.0954],[-73.8315,18.0946],[-73.8309,18.0931],[-73.8299,18.0921],[-73.8284,18.0915],[-73.8267,18.091],[-73.8254,18.0901],[-73.824,18.0895],[-73.8226,18.0889],[-73.8212,18.0881],[-73.8199,18.0872],[-73.8189,18.0862],[-73.8179,18.0852],[-73.817,18.0841],[-73.8158,18.0832],[-73.8147,18.0822],[-73.8139,18.0809],[-73.8135,18.0792],[-73.8124,18.0782],[-73.8114,18.0771],[-73.8103,18.0761],[-73.809,18.0754],[-73.8083,18.074],[-73.8091,18.0726],[-73.8087,18.0709],[-73.8084,18.0691],[-73.8074,18.0681],[-73.8065,18.0669],[-73.8052,18.066],[-73.8037,18.0654],[-73.8022,18.0659],[-73.8012,18.0647],[-73.8008,18.0629],[-73.8003,18.0614],[-73.7989,18.0607],[-73.7973,18.0602],[-73.7963,18.0591],[-73.7954,18.058],[-73.7943,18.057],[-73.7932,18.0561],[-73.7915,18.0565],[-73.7901,18.0559],[-73.7884,18.0555],[-73.7874,18.0544],[-73.7879,18.0528],[-73.7885,18.0514],[-73.7867,18.051],[-73.7847,18.0508],[-73.7833,18.05],[-73.784,18.0487],[-73.784,18.0466],[-73.7835,18.0451],[-73.7829,18.0437],[-73.7839,18.0427],[-73.7853,18.042],[-73.7873,18.0418],[-73.7887,18.041],[-73.7897,18.0399],[-73.7906,18.0387],[-73.7911,18.0369],[-73.7906,18.0354],[-73.7897,18.0341],[-73.7884,18.0333],[-73.7872,18.0324],[-73.7881,18.0311],[-73.7886,18.0294],[-73.7894,18.0281],[-73.7908,18.0275],[-73.7917,18.0263],[-73.7936,18.0266],[-73.7951,18.0271],[-73.7968,18.0275],[-73.798,18.0266],[-73.7982,18.0245],[-73.7994,18.0236],[-73.8011,18.0239],[-73.8001,18.0251],[-73.8013,18.0261],[-73.803,18.0257],[-73.8031,18.0238],[-73.8046,18.0232],[-73.8061,18.0224],[-73.8079,18.0226],[-73.8096,18.0222],[-73.8116,18.0226],[-73.8135,18.0225],[-73.8153,18.0228],[-73.8172,18.0226],[-73.8187,18.0232],[-73.8204,18.0236],[-73.8223,18.0241],[-73.824,18.0245],[-73.8258,18.0247],[-73.8264,18.0261],[-73.8283,18.0258],[-73.8296,18.0251],[-73.8313,18.0255],[-73.8331,18.0252],[-73.8348,18.0249],[-73.8368,18.0248],[-73.8387,18.0247],[-73.8403,18.0252],[-73.8418,18.0247],[-73.8439,18.0247],[-73.8458,18.0251],[-73.8473,18.0246],[-73.8491,18.0251],[-73.8505,18.0258],[-73.8518,18.0251],[-73.8534,18.0256],[-73.8549,18.0251],[-73.8568,18.025],[-73.8586,18.0253],[-73.86,18.0247],[-73.8618,18.0245],[-73.8636,18.0249],[-73.8657,18.0249],[-73.8664,18.0234],[-73.8678,18.0227],[-73.8698,18.0226],[-73.8713,18.0221],[-73.8733,18.022],[-73.875,18.0225],[-73.8768,18.0221],[-73.8786,18.0223],[-73.8801,18.0229],[-73.8817,18.0234],[-73.8832,18.024],[-73.8845,18.0248],[-73.8857,18.0239],[-73.8871,18.0245],[-73.8887,18.025],[-73.8905,18.0252],[-73.8917,18.0261],[-73.8929,18.027],[-73.8939,18.028],[-73.8948,18.0293],[-73.8963,18.03],[-73.898,18.0304],[-73.8999,18.0306],[-73.9022,18.0308],[-73.9036,18.0315],[-73.9045,18.0327],[-73.9051,18.0344],[-73.9045,18.0358],[-73.9036,18.037],[-73.9028,18.0383],[-73.9033,18.0398],[-73.9041,18.0411],[-73.9035,18.0425],[-73.9036,18.0446],[-73.9047,18.0458],[-73.9058,18.0468],[-73.9066,18.0481],[-73.9071,18.0496],[-73.9077,18.051],[-73.9087,18.0521],[-73.9096,18.0533],[-73.9106,18.0543],[-73.9118,18.0552],[-73.9129,18.0562],[-73.913,18.0581],[-73.913,18.0602],[-73.914,18.0612],[-73.9151,18.0622],[-73.9162,18.0631],[-73.9174,18.0642],[-73.9177,18.066],[-73.9184,18.0676],[-73.9192,18.069],[-73.9198,18.0706],[-73.9199,18.0728],[-73.921,18.0738],[-73.9206,18.0754],[-73.9196,18.0765],[-73.9186,18.0776],[-73.9187,18.0795],[-73.9196,18.0807],[-73.9204,18.082],[-73.9212,18.0833],[-73.9221,18.0847],[-73.9232,18.0857],[-73.9242,18.0867],[-73.9257,18.0877],[-73.9266,18.0889],[-73.9271,18.0908],[-73.9284,18.0917],[-73.9297,18.0927],[-73.9309,18.0936],[-73.9318,18.0948],[-73.9333,18.0956],[-73.9348,18.0963],[-73.9365,18.0968],[-73.9379,18.0974],[-73.9391,18.0984],[-73.9406,18.099],[-73.9424,18.0993],[-73.9405,18.0992],[-73.9393,18.1002],[-73.9388,18.1017],[-73.9396,18.1031],[-73.9405,18.1043],[-73.9411,18.1057],[-73.9423,18.1066],[-73.9429,18.1081],[-73.9434,18.1096],[-73.9444,18.1106],[-73.9445,18.1125],[-73.9434,18.1134],[-73.9425,18.1146],[-73.9426,18.1166],[-73.943,18.1182],[-73.9436,18.1197],[-73.9443,18.1212],[-73.9452,18.1224],[-73.9461,18.1236],[-73.947,18.1248],[-73.9468,18.1266],[-73.9478,18.1277],[-73.9484,18.1295],[-73.9495,18.1305],[-73.9504,18.1318],[-73.9517,18.1326],[-73.9531,18.1332],[-73.9552,18.1332],[-73.9571,18.1334],[-73.9588,18.1338],[-73.9606,18.1336],[-73.962,18.1343],[-73.9633,18.135],[-73.9648,18.1357],[-73.9658,18.1371],[-73.9668,18.1381],[-73.9675,18.1396],[-73.9682,18.141],[-73.969,18.1423],[-73.9703,18.1431],[-73.9714,18.1442],[-73.9728,18.145],[-73.9743,18.1456],[-73.9752,18.1469],[-73.9757,18.1484],[-73.9767,18.1498],[-73.9778,18.1508],[-73.9783,18.1524],[-73.9792,18.1535],[-73.9802,18.1547],[-73.9807,18.1562],[-73.9796,18.1572],[-73.979,18.1586],[-73.98,18.1597],[-73.9799,18.1617],[-73.9791,18.163],[-73.9808,18.1634],[-73.9823,18.1643],[-73.9842,18.1647],[-73.9864,18.1649],[-73.9887,18.1649],[-73.9907,18.1648],[-73.9928,18.1649],[-73.9945,18.1653],[-73.9963,18.1655],[-73.9983,18.1656],[-74.0004,18.1657],[-74.0019,18.1662],[-74.0015,18.1678],[-74.0023,18.169],[-74.0021,18.1709],[-74.0027,18.1724],[-74.004,18.1733],[-74.0039,18.1753],[-74.0043,18.177],[-74.0038,18.1785],[-74.0046,18.1803],[-74.0059,18.1814],[-74.0074,18.1821],[-74.0088,18.1829],[-74.0104,18.1834],[-74.012,18.1844],[-74.0135,18.1851],[-74.015,18.1856],[-74.0168,18.1861],[-74.0181,18.1868],[-74.0194,18.1876],[-74.0199,18.1891],[-74.0198,18.1911],[-74.0204,18.1926],[-74.0216,18.1937],[-74.023,18.1945],[-74.0245,18.1951],[-74.0268,18.1954],[-74.0287,18.1957],[-74.0306,18.1959],[-74.0323,18.1963],[-74.0341,18.1969],[-74.0345,18.1989],[-74.0351,18.2003],[-74.0369,18.2005],[-74.0386,18.201],[-74.0398,18.2019],[-74.0408,18.2031],[-74.0415,18.2047],[-74.0423,18.2061],[-74.0438,18.2068],[-74.0455,18.2073],[-74.0475,18.2076],[-74.0489,18.2083],[-74.0506,18.2088],[-74.0519,18.2096],[-74.0531,18.2106],[-74.054,18.2118],[-74.0541,18.2137],[-74.0539,18.2158],[-74.0534,18.2174],[-74.0541,18.2188],[-74.0559,18.2194],[-74.0575,18.2198],[-74.0588,18.2206],[-74.0605,18.2211],[-74.0616,18.2222],[-74.0622,18.2237],[-74.0624,18.2257],[-74.063,18.2274],[-74.0645,18.2281],[-74.0661,18.2285],[-74.0676,18.2291],[-74.0692,18.2296],[-74.0704,18.2304],[-74.0719,18.2311],[-74.0737,18.2314],[-74.0755,18.2317],[-74.0767,18.2326],[-74.0784,18.233],[-74.0799,18.2336],[-74.0816,18.234],[-74.083,18.2346],[-74.0847,18.235],[-74.0854,18.2364],[-74.0865,18.2374],[-74.0874,18.2393],[-74.0884,18.2404],[-74.0886,18.2424],[-74.0885,18.2443],[-74.0894,18.2454],[-74.0908,18.246],[-74.0915,18.2474],[-74.0939,18.2481],[-74.0963,18.2482],[-74.098,18.2487],[-74.0996,18.2494],[-74.1012,18.2498],[-74.1034,18.2499],[-74.1051,18.2503],[-74.1063,18.2511],[-74.1078,18.2519],[-74.1096,18.2524],[-74.1108,18.2534],[-74.1118,18.2546],[-74.1126,18.2562],[-74.1137,18.2572],[-74.1149,18.258],[-74.1169,18.2583],[-74.1189,18.2582],[-74.1209,18.2582],[-74.1229,18.2583],[-74.125,18.2585],[-74.1264,18.2594],[-74.1272,18.2608],[-74.1281,18.2621],[-74.1292,18.2635],[-74.1316,18.2639],[-74.1336,18.2637],[-74.1364,18.2636],[-74.1383,18.2638],[-74.14,18.2645],[-74.1411,18.2656],[-74.1419,18.2669],[-74.1442,18.2675],[-74.1463,18.2677],[-74.1487,18.2679],[-74.1501,18.2686],[-74.152,18.2687],[-74.1538,18.2684],[-74.1557,18.2688],[-74.1568,18.2697],[-74.1589,18.2698],[-74.1598,18.271],[-74.161,18.2722],[-74.1629,18.2727],[-74.1648,18.2729],[-74.1667,18.2731],[-74.1667,18.2754],[-74.1667,18.2776],[-74.1674,18.2793],[-74.1684,18.2805],[-74.1699,18.2812],[-74.1717,18.2814],[-74.1729,18.2824],[-74.1737,18.2837],[-74.1744,18.285],[-74.1754,18.2862],[-74.1765,18.2871],[-74.1778,18.2879],[-74.1797,18.2884],[-74.1812,18.2891],[-74.1817,18.2908],[-74.1829,18.2919],[-74.1842,18.2926],[-74.1855,18.2936],[-74.1871,18.2943],[-74.1881,18.2954],[-74.1891,18.2966],[-74.1905,18.2973],[-74.1923,18.2977],[-74.1943,18.2976],[-74.1965,18.2975],[-74.1985,18.2974],[-74.2003,18.297],[-74.2022,18.2971],[-74.2042,18.2972],[-74.2063,18.297],[-74.2083,18.2971],[-74.21,18.2975],[-74.2115,18.298],[-74.2128,18.2988],[-74.2143,18.2998],[-74.2158,18.3005],[-74.2179,18.3007],[-74.2192,18.3018],[-74.2206,18.3029],[-74.2211,18.3044],[-74.2216,18.3061],[-74.223,18.3069],[-74.2239,18.3084],[-74.225,18.3095],[-74.2263,18.3103],[-74.228,18.3107],[-74.2298,18.3109],[-74.2317,18.3108],[-74.2339,18.3108],[-74.2356,18.3104],[-74.2374,18.3108],[-74.2386,18.3116],[-74.2405,18.3113],[-74.2423,18.3116],[-74.2444,18.3116],[-74.2462,18.3112],[-74.248,18.3109],[-74.25,18.3106],[-74.2518,18.3104],[-74.2531,18.3114],[-74.2547,18.3119],[-74.2566,18.3118],[-74.2582,18.3113],[-74.2595,18.3105],[-74.2609,18.3098],[-74.2623,18.3091],[-74.2637,18.3084],[-74.265,18.3076],[-74.2663,18.3068],[-74.2677,18.3062],[-74.2692,18.3055],[-74.2706,18.3048],[-74.2719,18.3041],[-74.2733,18.3034],[-74.2746,18.3026],[-74.2761,18.302],[-74.2774,18.3012],[-74.2787,18.3004],[-74.2799,18.2994],[-74.2813,18.2988],[-74.2827,18.2981],[-74.2842,18.2975],[-74.2857,18.297],[-74.287,18.2963],[-74.2883,18.2954],[-74.2896,18.2946],[-74.291,18.294],[-74.2921,18.2931],[-74.2935,18.2923],[-74.2946,18.2914],[-74.2959,18.2906],[-74.2973,18.2899],[-74.2987,18.2891],[-74.2998,18.2881],[-74.301,18.2871],[-74.303,18.287],[-74.3048,18.2868],[-74.3067,18.2866],[-74.3079,18.2857],[-74.3097,18.2855],[-74.3111,18.2848],[-74.3127,18.2852],[-74.3147,18.2853],[-74.3161,18.2859],[-74.318,18.2861],[-74.3198,18.2863],[-74.3218,18.286],[-74.3236,18.2863],[-74.3251,18.2868],[-74.3266,18.2874],[-74.3287,18.2874],[-74.3305,18.2877],[-74.3322,18.2881],[-74.3336,18.2888],[-74.3354,18.2892],[-74.3368,18.29],[-74.3385,18.2904],[-74.3401,18.2908],[-74.3413,18.2917],[-74.3432,18.2919],[-74.3445,18.2927],[-74.3459,18.2921],[-74.3473,18.2928],[-74.3492,18.2932],[-74.3506,18.294],[-74.3523,18.2944],[-74.3542,18.2943],[-74.3562,18.2944],[-74.3575,18.2953],[-74.3588,18.2961],[-74.3609,18.2962],[-74.3627,18.2959],[-74.3645,18.2961],[-74.3657,18.2952],[-74.3674,18.2948],[-74.3691,18.2951],[-74.3709,18.2949],[-74.3724,18.2955],[-74.3707,18.2959],[-74.371,18.2977],[-74.3716,18.2991],[-74.373,18.2997],[-74.3737,18.3011],[-74.3745,18.3024],[-74.376,18.3018],[-74.3758,18.3036],[-74.3763,18.3053],[-74.3775,18.3063],[-74.3789,18.307],[-74.3803,18.3076],[-74.3816,18.3086],[-74.3828,18.3095],[-74.3838,18.3106],[-74.3842,18.3122],[-74.3844,18.3141],[-74.3857,18.3148],[-74.3874,18.3154],[-74.3892,18.3152],[-74.391,18.3156],[-74.3929,18.3154],[-74.3947,18.3156],[-74.3965,18.3154],[-74.3986,18.3155],[-74.3993,18.317],[-74.4003,18.3181],[-74.4015,18.319],[-74.4007,18.3203],[-74.3994,18.321],[-74.3986,18.3224],[-74.3977,18.3236],[-74.3971,18.325],[-74.3976,18.3265],[-74.398,18.3282],[-74.3988,18.3295],[-74.3997,18.3307],[-74.4004,18.332],[-74.4013,18.3331],[-74.4025,18.334],[-74.4038,18.3348],[-74.4052,18.3355],[-74.4067,18.3361],[-74.4081,18.3367],[-74.4096,18.3374],[-74.411,18.338],[-74.4128,18.3383],[-74.4146,18.3386],[-74.4163,18.3389],[-74.418,18.3392],[-74.4197,18.3397],[-74.4215,18.34],[-74.4233,18.3397],[-74.4252,18.3399],[-74.4269,18.3404],[-74.4285,18.3409],[-74.4303,18.3411],[-74.4318,18.3417],[-74.4334,18.3422],[-74.4323,18.3452],[-74.4261,18.3476],[-74.4248,18.3493],[-74.4228,18.3529],[-74.4205,18.3539],[-74.4205,18.3575],[-74.4168,18.3597],[-74.4129,18.3603],[-74.4111,18.3607],[-74.4092,18.3603],[-74.4067,18.3596],[-74.4047,18.3586],[-74.4027,18.3578],[-74.4002,18.3576],[-74.3976,18.3581],[-74.3957,18.3589],[-74.3923,18.3594],[-74.39,18.3602],[-74.3876,18.3609],[-74.3862,18.3601],[-74.3836,18.3604],[-74.3807,18.3604],[-74.378,18.3604],[-74.375,18.3608],[-74.3729,18.3601],[-74.3693,18.3596],[-74.3679,18.3612],[-74.3664,18.3623],[-74.3645,18.3615],[-74.3604,18.3618],[-74.3588,18.3602],[-74.3568,18.3601],[-74.3542,18.3611],[-74.3514,18.3615],[-74.3496,18.3624],[-74.347,18.3633],[-74.3447,18.364],[-74.3427,18.3638],[-74.3411,18.3625],[-74.3391,18.3618],[-74.3365,18.3625],[-74.3343,18.3619],[-74.3309,18.3609],[-74.329,18.3624],[-74.3248,18.3641],[-74.3221,18.3641],[-74.3187,18.3633],[-74.3173,18.3643],[-74.3158,18.3655],[-74.3123,18.3667],[-74.3089,18.3662],[-74.3069,18.3668],[-74.3057,18.3648],[-74.3058,18.3624],[-74.3043,18.3618],[-74.3016,18.3614],[-74.2984,18.3616],[-74.2969,18.361],[-74.2933,18.3599],[-74.2926,18.3585],[-74.2904,18.3599],[-74.2878,18.3593],[-74.2844,18.359],[-74.2826,18.36],[-74.2788,18.3606],[-74.2717,18.3616],[-74.27,18.3628],[-74.2684,18.3641],[-74.2656,18.3626],[-74.2635,18.3619],[-74.2614,18.3618],[-74.2594,18.3622],[-74.257,18.3624],[-74.2553,18.3635],[-74.2536,18.364],[-74.2522,18.3649],[-74.2496,18.3657],[-74.2477,18.3665],[-74.246,18.3673],[-74.245,18.369],[-74.2446,18.3711],[-74.2438,18.3723],[-74.2435,18.3741],[-74.2428,18.3764],[-74.2413,18.3788],[-74.2391,18.3794],[-74.2369,18.3797],[-74.2345,18.381],[-74.2326,18.3815],[-74.2319,18.383],[-74.2306,18.3837],[-74.229,18.383],[-74.2245,18.3823],[-74.223,18.3813],[-74.2215,18.3823],[-74.2202,18.381],[-74.2186,18.3806],[-74.2168,18.3809],[-74.2141,18.3812],[-74.2117,18.3815],[-74.2101,18.3821],[-74.2087,18.3828],[-74.205,18.3838],[-74.2024,18.3846],[-74.2019,18.3831],[-74.199,18.3817],[-74.1982,18.3798],[-74.196,18.3796],[-74.1928,18.3807],[-74.1918,18.3817],[-74.1906,18.3828],[-74.189,18.3836],[-74.1878,18.385],[-74.1848,18.3869],[-74.182,18.3878],[-74.1797,18.3875],[-74.1772,18.3876],[-74.1728,18.3874],[-74.1658,18.388],[-74.1643,18.3891],[-74.1621,18.3891],[-74.1598,18.3904],[-74.1576,18.3904],[-74.1561,18.3899],[-74.1544,18.3918],[-74.1523,18.3933],[-74.1513,18.3944],[-74.1505,18.3957],[-74.1492,18.3966],[-74.1468,18.3974],[-74.1449,18.3991],[-74.142,18.3991],[-74.1389,18.3995],[-74.1363,18.4006],[-74.1348,18.4011],[-74.1314,18.4016],[-74.1287,18.4004],[-74.1276,18.3989],[-74.1264,18.3975],[-74.1253,18.3966],[-74.1238,18.3944],[-74.121,18.3939],[-74.1187,18.3946],[-74.1143,18.3941],[-74.1131,18.3921],[-74.1108,18.3899],[-74.1081,18.3865],[-74.1072,18.3853],[-74.1048,18.3847],[-74.1048,18.3826],[-74.1029,18.3829],[-74.1014,18.3837],[-74.0997,18.3848],[-74.0971,18.3855],[-74.0948,18.3851],[-74.0938,18.3839],[-74.0914,18.3825],[-74.0895,18.3801],[-74.0886,18.3782],[-74.0843,18.3778],[-74.0827,18.3765],[-74.0835,18.3745],[-74.0821,18.373],[-74.08,18.3724],[-74.0775,18.3733],[-74.076,18.3717],[-74.0739,18.3708],[-74.072,18.3703],[-74.07,18.3703],[-74.0674,18.369],[-74.0663,18.3672],[-74.0667,18.3643],[-74.0641,18.3646],[-74.0621,18.364],[-74.0591,18.3639],[-74.0574,18.3645],[-74.0557,18.364],[-74.0539,18.3642],[-74.0525,18.3648],[-74.0491,18.3645],[-74.0472,18.3649],[-74.0457,18.3637],[-74.0448,18.3625],[-74.042,18.3628],[-74.0398,18.3635],[-74.0379,18.3655],[-74.035,18.3649],[-74.0314,18.3643]]]]},"properties":{"nom":"Tiburon / Saint Jean","code":"22","zone":"Presqu'île du SUD-OUEST"}},{"type":"Feature","geometry":{"type":"MultiPolygon","coordinates":[[[[-72.3602,18.3514],[-72.3607,18.3497],[-72.3603,18.3479],[-72.3601,18.344],[-72.3624,18.3416],[-72.3631,18.3399],[-72.3649,18.3389],[-72.3672,18.3382],[-72.3693,18.3371],[-72.3716,18.3363],[-72.373,18.335],[-72.3745,18.3339],[-72.3728,18.3327],[-72.3726,18.329],[-72.3748,18.3267],[-72.373,18.3227],[-72.3706,18.3207],[-72.3692,18.3188],[-72.3702,18.3163],[-72.3706,18.3121],[-72.3724,18.3105],[-72.3731,18.3085],[-72.3736,18.3059],[-72.3737,18.3034],[-72.3752,18.3021],[-72.3766,18.3002],[-72.3774,18.2989],[-72.378,18.2962],[-72.3801,18.2948],[-72.383,18.2945],[-72.3852,18.2941],[-72.3886,18.2928],[-72.3909,18.2919],[-72.3925,18.291],[-72.3946,18.2907],[-72.396,18.2915],[-72.3982,18.2919],[-72.3998,18.2928],[-72.4023,18.2939],[-72.4036,18.293],[-72.4049,18.294],[-72.409,18.2936],[-72.4106,18.2931],[-72.4123,18.291],[-72.414,18.2897],[-72.4177,18.2886],[-72.4192,18.2881],[-72.4228,18.2862],[-72.4247,18.2856],[-72.4277,18.2856],[-72.4301,18.285],[-72.4327,18.2847],[-72.435,18.2842],[-72.439,18.2834],[-72.4411,18.2836],[-72.443,18.2831],[-72.4435,18.28],[-72.4424,18.2786],[-72.441,18.2773],[-72.4406,18.2754],[-72.439,18.2744],[-72.4409,18.2735],[-72.4431,18.272],[-72.4442,18.2733],[-72.4452,18.2721],[-72.446,18.2701],[-72.4478,18.2698],[-72.4475,18.2675],[-72.4466,18.2661],[-72.4458,18.2639],[-72.448,18.2625],[-72.4489,18.2608],[-72.4473,18.2594],[-72.4489,18.2574],[-72.4518,18.2563],[-72.4543,18.2582],[-72.4557,18.2564],[-72.4594,18.2558],[-72.4625,18.2552],[-72.4649,18.2563],[-72.4685,18.256],[-72.4696,18.2583],[-72.4726,18.2587],[-72.4742,18.2581],[-72.4816,18.2578],[-72.4838,18.2574],[-72.4856,18.257],[-72.488,18.2552],[-72.4903,18.2516],[-72.4912,18.2471],[-72.4923,18.243],[-72.4946,18.2381],[-72.4991,18.2321],[-72.5066,18.2236],[-72.5119,18.2184],[-72.5142,18.2143],[-72.5163,18.2143],[-72.5184,18.2143],[-72.52,18.2149],[-72.521,18.216],[-72.522,18.2174],[-72.5229,18.219],[-72.5232,18.2209],[-72.5251,18.2207],[-72.5255,18.2224],[-72.527,18.2229],[-72.5271,18.2248],[-72.529,18.2251],[-72.5302,18.226],[-72.5313,18.227],[-72.5324,18.228],[-72.5334,18.2292],[-72.5339,18.2307],[-72.5352,18.2314],[-72.5368,18.2323],[-72.5392,18.232],[-72.5413,18.232],[-72.5434,18.2319],[-72.5465,18.2314],[-72.5484,18.2328],[-72.5497,18.2339],[-72.5511,18.2355],[-72.5592,18.2374],[-72.5633,18.2388],[-72.5701,18.241],[-72.5752,18.2423],[-72.5769,18.2433],[-72.5791,18.2434],[-72.581,18.2439],[-72.5827,18.245],[-72.5848,18.2468],[-72.5866,18.2471],[-72.5882,18.2466],[-72.5911,18.2483],[-72.594,18.2482],[-72.5946,18.2496],[-72.5966,18.2499],[-72.5969,18.2526],[-72.5984,18.2544],[-72.6001,18.2537],[-72.6024,18.2561],[-72.6047,18.2557],[-72.6077,18.2555],[-72.6101,18.2568],[-72.6116,18.2583],[-72.6139,18.2604],[-72.6156,18.2597],[-72.6174,18.2591],[-72.6216,18.261],[-72.6232,18.2615],[-72.6253,18.2613],[-72.627,18.26],[-72.629,18.2597],[-72.6301,18.2609],[-72.6317,18.2625],[-72.6332,18.2614],[-72.6352,18.2609],[-72.6372,18.261],[-72.6383,18.2626],[-72.6413,18.2637],[-72.6432,18.2642],[-72.6451,18.2638],[-72.6469,18.2646],[-72.6494,18.2647],[-72.651,18.2668],[-72.6533,18.267],[-72.6538,18.2655],[-72.6551,18.2646],[-72.6578,18.2653],[-72.6597,18.2661],[-72.6621,18.2673],[-72.6645,18.2678],[-72.666,18.2685],[-72.6676,18.2703],[-72.6706,18.2709],[-72.6726,18.2744],[-72.6746,18.2752],[-72.6765,18.2758],[-72.6785,18.2775],[-72.681,18.2775],[-72.6836,18.2766],[-72.6856,18.2758],[-72.6855,18.2735],[-72.6865,18.2712],[-72.6882,18.2702],[-72.6897,18.2689],[-72.6913,18.2695],[-72.6931,18.2701],[-72.6978,18.2702],[-72.6998,18.2695],[-72.7031,18.2687],[-72.7062,18.2692],[-72.709,18.2696],[-72.7118,18.2686],[-72.714,18.2688],[-72.7163,18.2683],[-72.7182,18.2693],[-72.721,18.2699],[-72.7229,18.2713],[-72.7247,18.2728],[-72.7244,18.2749],[-72.7254,18.2764],[-72.728,18.2769],[-72.7306,18.2763],[-72.7322,18.2775],[-72.7325,18.2798],[-72.7316,18.2814],[-72.7327,18.2833],[-72.7332,18.2851],[-72.7332,18.2873],[-72.7347,18.289],[-72.7363,18.2908],[-72.7387,18.2908],[-72.739,18.2935],[-72.7393,18.2961],[-72.7384,18.2984],[-72.7381,18.3012],[-72.7399,18.3026],[-72.7409,18.3049],[-72.7408,18.3078],[-72.7415,18.3099],[-72.7387,18.3126],[-72.7388,18.3151],[-72.7399,18.3176],[-72.7418,18.3214],[-72.7412,18.3262],[-72.7407,18.328],[-72.7417,18.3292],[-72.7429,18.3308],[-72.7422,18.3327],[-72.7428,18.3353],[-72.7408,18.3372],[-72.7382,18.3394],[-72.7367,18.3416],[-72.7349,18.3427],[-72.7332,18.3447],[-72.7302,18.3463],[-72.7287,18.3469],[-72.728,18.3488],[-72.7255,18.349],[-72.723,18.3489],[-72.7204,18.3472],[-72.7181,18.3482],[-72.716,18.3491],[-72.7137,18.3486],[-72.7118,18.3481],[-72.7111,18.3462],[-72.7056,18.3452],[-72.704,18.3456],[-72.7027,18.3449],[-72.6997,18.3441],[-72.6978,18.3436],[-72.694,18.3426],[-72.6916,18.3427],[-72.6896,18.3434],[-72.6875,18.3428],[-72.6871,18.3447],[-72.6849,18.345],[-72.6824,18.3455],[-72.6792,18.3452],[-72.6798,18.3479],[-72.6781,18.3484],[-72.6767,18.3469],[-72.6753,18.346],[-72.6736,18.3467],[-72.6714,18.3484],[-72.6701,18.3506],[-72.6708,18.3528],[-72.6685,18.3532],[-72.6656,18.3524],[-72.6618,18.3523],[-72.6608,18.3536],[-72.6596,18.3555],[-72.6588,18.3571],[-72.6572,18.358],[-72.6577,18.3599],[-72.6591,18.3609],[-72.6601,18.3634],[-72.6586,18.3646],[-72.6579,18.3664],[-72.6563,18.3678],[-72.6572,18.3706],[-72.6572,18.3728],[-72.6553,18.3741],[-72.6548,18.3757],[-72.6536,18.3767],[-72.6512,18.3785],[-72.6495,18.3813],[-72.6492,18.3832],[-72.6522,18.3836],[-72.6536,18.3848],[-72.6518,18.3875],[-72.6503,18.3887],[-72.6504,18.3911],[-72.6489,18.3939],[-72.6498,18.395],[-72.649,18.3965],[-72.6461,18.3972],[-72.6437,18.3975],[-72.6412,18.3979],[-72.6399,18.3988],[-72.6384,18.3981],[-72.6344,18.3977],[-72.6324,18.3971],[-72.6308,18.3956],[-72.6291,18.395],[-72.6261,18.3954],[-72.6225,18.3956],[-72.6186,18.3944],[-72.6169,18.3936],[-72.6147,18.3924],[-72.613,18.3919],[-72.6102,18.3902],[-72.6088,18.3896],[-72.6078,18.3886],[-72.6046,18.3886],[-72.6041,18.3855],[-72.6026,18.3846],[-72.6,18.3835],[-72.5971,18.3817],[-72.5942,18.3811],[-72.5913,18.3809],[-72.5904,18.3826],[-72.5901,18.385],[-72.5889,18.3861],[-72.5865,18.3878],[-72.5843,18.3888],[-72.5825,18.389],[-72.5803,18.3899],[-72.5776,18.3898],[-72.5732,18.3897],[-72.5724,18.3926],[-72.5704,18.3925],[-72.5685,18.391],[-72.566,18.3927],[-72.5635,18.3912],[-72.5614,18.3913],[-72.5596,18.3906],[-72.5572,18.3907],[-72.5551,18.3906],[-72.5533,18.391],[-72.5506,18.3916],[-72.5485,18.3928],[-72.5482,18.3945],[-72.5465,18.3961],[-72.5447,18.398],[-72.5423,18.3979],[-72.5391,18.3985],[-72.5356,18.397],[-72.532,18.3948],[-72.5302,18.3954],[-72.5271,18.3941],[-72.5263,18.3924],[-72.5239,18.3914],[-72.5219,18.3912],[-72.5207,18.3928],[-72.5187,18.3962],[-72.521,18.3988],[-72.5221,18.4015],[-72.5224,18.4042],[-72.5236,18.4061],[-72.524,18.408],[-72.5226,18.4099],[-72.522,18.4115],[-72.5208,18.414],[-72.5206,18.4165],[-72.5185,18.4163],[-72.5166,18.4155],[-72.5151,18.4163],[-72.5134,18.4167],[-72.5125,18.4178],[-72.5107,18.4183],[-72.5093,18.4175],[-72.5082,18.42],[-72.506,18.4212],[-72.504,18.4225],[-72.504,18.4252],[-72.5028,18.4261],[-72.5008,18.4282],[-72.499,18.4275],[-72.4978,18.4287],[-72.4959,18.4279],[-72.4935,18.428],[-72.4911,18.4266],[-72.4888,18.4271],[-72.4875,18.4284],[-72.4866,18.4296],[-72.4856,18.4352],[-72.4832,18.4342],[-72.4817,18.4336],[-72.4798,18.4346],[-72.4769,18.436],[-72.4732,18.4337],[-72.471,18.4343],[-72.4685,18.4361],[-72.4667,18.4364],[-72.4649,18.4371],[-72.4628,18.4331],[-72.4625,18.4297],[-72.4614,18.4273],[-72.4599,18.4256],[-72.459,18.4235],[-72.4569,18.4203],[-72.4554,18.4184],[-72.4533,18.4185],[-72.4509,18.416],[-72.4496,18.4126],[-72.4472,18.4118],[-72.4451,18.41],[-72.4422,18.4096],[-72.4406,18.4091],[-72.4389,18.4079],[-72.4358,18.4075],[-72.4337,18.408],[-72.4317,18.4081],[-72.4296,18.4084],[-72.428,18.409],[-72.4265,18.408],[-72.4248,18.4072],[-72.4237,18.4055],[-72.4223,18.4037],[-72.4206,18.4034],[-72.4183,18.4025],[-72.4181,18.4001],[-72.4167,18.3978],[-72.4172,18.3962],[-72.4159,18.395],[-72.4137,18.3946],[-72.4127,18.396],[-72.4118,18.3976],[-72.4112,18.3999],[-72.4092,18.3991],[-72.4071,18.3987],[-72.4037,18.3994],[-72.3993,18.3992],[-72.3963,18.399],[-72.3932,18.3986],[-72.3918,18.3976],[-72.3899,18.3967],[-72.3876,18.3965],[-72.3852,18.396],[-72.3849,18.3939],[-72.3843,18.3918],[-72.3834,18.3898],[-72.3819,18.3892],[-72.3789,18.3859],[-72.3763,18.3852],[-72.3742,18.3855],[-72.3717,18.3855],[-72.3688,18.3851],[-72.3678,18.383],[-72.3656,18.3812],[-72.3666,18.38],[-72.367,18.3772],[-72.3685,18.3756],[-72.3688,18.3714],[-72.3696,18.3689],[-72.3704,18.3665],[-72.3713,18.3649],[-72.3703,18.3633],[-72.3697,18.3619],[-72.3684,18.3598],[-72.3676,18.3584],[-72.3662,18.3555],[-72.3665,18.3534],[-72.3643,18.352],[-72.3624,18.3522],[-72.3602,18.3514]]]]},"properties":{"nom":"Grande Rivière de Jacmel","code":"17","zone":"SUD"}},{"type":"Feature","geometry":{"type":"MultiPolygon","coordinates":[[[[-71.9349,18.3689],[-71.9333,18.3698],[-71.9313,18.3706],[-71.9295,18.3694],[-71.9279,18.3688],[-71.9268,18.3676],[-71.9248,18.3661],[-71.9222,18.3632],[-71.9177,18.362],[-71.9164,18.3605],[-71.9144,18.36],[-71.9113,18.3599],[-71.9094,18.3592],[-71.9078,18.3568],[-71.9067,18.3557],[-71.9052,18.3544],[-71.9033,18.353],[-71.902,18.3515],[-71.9002,18.3503],[-71.8982,18.3507],[-71.896,18.351],[-71.8942,18.3516],[-71.8919,18.3521],[-71.8899,18.3518],[-71.8878,18.352],[-71.8844,18.3498],[-71.8815,18.3505],[-71.8787,18.3505],[-71.8763,18.3474],[-71.8753,18.3439],[-71.8738,18.3423],[-71.8715,18.3417],[-71.8693,18.3414],[-71.867,18.3411],[-71.8657,18.3392],[-71.8634,18.3386],[-71.863,18.3367],[-71.8626,18.3348],[-71.8616,18.3337],[-71.8595,18.3329],[-71.8587,18.331],[-71.8564,18.3315],[-71.8542,18.3312],[-71.8543,18.3292],[-71.8537,18.3276],[-71.8515,18.3284],[-71.8512,18.326],[-71.8495,18.3268],[-71.8464,18.3272],[-71.8437,18.329],[-71.8402,18.3277],[-71.8385,18.3284],[-71.8375,18.3313],[-71.8361,18.3328],[-71.8345,18.3336],[-71.8324,18.3326],[-71.8302,18.3324],[-71.829,18.3341],[-71.8282,18.3358],[-71.8253,18.3347],[-71.8242,18.3358],[-71.8204,18.3363],[-71.8193,18.3374],[-71.817,18.3379],[-71.8166,18.3351],[-71.8145,18.3356],[-71.8128,18.3367],[-71.8111,18.3375],[-71.8093,18.3388],[-71.8067,18.3375],[-71.8037,18.3377],[-71.8028,18.336],[-71.8008,18.336],[-71.7996,18.335],[-71.8025,18.3331],[-71.8028,18.3314],[-71.8047,18.3319],[-71.8065,18.3321],[-71.8084,18.3307],[-71.81,18.3298],[-71.8079,18.3275],[-71.8086,18.3251],[-71.81,18.323],[-71.8073,18.3221],[-71.8057,18.3214],[-71.8038,18.322],[-71.801,18.3234],[-71.7987,18.3243],[-71.7967,18.3235],[-71.7947,18.3226],[-71.7968,18.3196],[-71.7949,18.3183],[-71.792,18.3183],[-71.7896,18.3166],[-71.7878,18.3174],[-71.7855,18.3182],[-71.7832,18.3179],[-71.7821,18.3162],[-71.7825,18.3143],[-71.7813,18.3133],[-71.7802,18.3121],[-71.7793,18.3101],[-71.7796,18.307],[-71.777,18.3091],[-71.7778,18.3105],[-71.7755,18.3129],[-71.7739,18.312],[-71.7723,18.3136],[-71.77,18.3163],[-71.7677,18.3172],[-71.7653,18.3176],[-71.7636,18.3211],[-71.7613,18.3208],[-71.7617,18.3173],[-71.7593,18.3153],[-71.7562,18.314],[-71.7631,18.3087],[-71.7628,18.3057],[-71.7605,18.3061],[-71.7586,18.3064],[-71.7569,18.3072],[-71.7548,18.3058],[-71.7534,18.3071],[-71.7518,18.3063],[-71.7507,18.3052],[-71.749,18.3057],[-71.7462,18.307],[-71.7449,18.306],[-71.7437,18.3074],[-71.7422,18.3064],[-71.7406,18.3071],[-71.7387,18.3072],[-71.738,18.3058],[-71.7359,18.3064],[-71.7346,18.3079],[-71.7321,18.3072],[-71.7298,18.3042],[-71.7297,18.3004],[-71.7289,18.2937],[-71.7285,18.291],[-71.727,18.2898],[-71.7296,18.2846],[-71.7308,18.2827],[-71.7424,18.2637],[-71.7549,18.2434],[-71.7574,18.2399],[-71.7588,18.2355],[-71.7574,18.2323],[-71.7577,18.2269],[-71.7601,18.2259],[-71.7634,18.2215],[-71.7659,18.221],[-71.7691,18.2198],[-71.7698,18.2123],[-71.7708,18.2109],[-71.771,18.209],[-71.7744,18.2041],[-71.7734,18.2028],[-71.7739,18.2013],[-71.7723,18.1993],[-71.7758,18.1949],[-71.7784,18.1932],[-71.781,18.1932],[-71.782,18.1917],[-71.7839,18.1898],[-71.7863,18.1866],[-71.7873,18.1817],[-71.7875,18.1798],[-71.7875,18.1775],[-71.7864,18.1764],[-71.7861,18.1745],[-71.784,18.1726],[-71.7837,18.1709],[-71.7833,18.1688],[-71.7792,18.1676],[-71.7777,18.166],[-71.7756,18.1662],[-71.7745,18.1677],[-71.7708,18.1679],[-71.768,18.1678],[-71.7667,18.1666],[-71.7683,18.1653],[-71.7688,18.1617],[-71.7678,18.1598],[-71.7653,18.1598],[-71.7649,18.1581],[-71.7625,18.1558],[-71.7615,18.1543],[-71.7613,18.1521],[-71.7598,18.1527],[-71.7583,18.1521],[-71.7575,18.1497],[-71.7584,18.1479],[-71.7591,18.1465],[-71.7579,18.1451],[-71.7573,18.1474],[-71.7541,18.1463],[-71.7549,18.1443],[-71.7547,18.142],[-71.7521,18.1432],[-71.7505,18.1464],[-71.7499,18.1487],[-71.7473,18.1477],[-71.7475,18.1452],[-71.7466,18.1437],[-71.7467,18.1408],[-71.7489,18.142],[-71.7493,18.1399],[-71.7514,18.1398],[-71.7504,18.1376],[-71.7457,18.1373],[-71.7465,18.1347],[-71.7447,18.1326],[-71.7443,18.1307],[-71.7477,18.1304],[-71.7467,18.1288],[-71.7454,18.1267],[-71.7484,18.1258],[-71.746,18.1224],[-71.7476,18.1207],[-71.7478,18.1142],[-71.7506,18.1126],[-71.7496,18.1107],[-71.7492,18.1089],[-71.7483,18.1071],[-71.7468,18.1046],[-71.7467,18.1004],[-71.7455,18.0992],[-71.7427,18.0999],[-71.741,18.1003],[-71.7392,18.1005],[-71.7383,18.0993],[-71.7363,18.0959],[-71.7405,18.0907],[-71.7377,18.0889],[-71.7374,18.0869],[-71.7376,18.0838],[-71.7357,18.0812],[-71.7357,18.0789],[-71.7372,18.0779],[-71.7393,18.0773],[-71.7388,18.0757],[-71.7393,18.0735],[-71.7384,18.0715],[-71.7382,18.0694],[-71.741,18.0658],[-71.7436,18.0657],[-71.7444,18.0617],[-71.7447,18.0584],[-71.7451,18.0523],[-71.7496,18.0469],[-71.7553,18.0428],[-71.7579,18.0377],[-71.7573,18.0348],[-71.7593,18.0318],[-71.7604,18.0327],[-71.761,18.0342],[-71.7617,18.0357],[-71.7625,18.0372],[-71.7632,18.0386],[-71.7643,18.0396],[-71.7655,18.0407],[-71.7668,18.0419],[-71.7682,18.0429],[-71.7699,18.0438],[-71.7715,18.0446],[-71.7728,18.0454],[-71.7747,18.0463],[-71.7762,18.0468],[-71.7777,18.0474],[-71.7792,18.0479],[-71.7805,18.0487],[-71.7819,18.0496],[-71.7829,18.0508],[-71.7843,18.0514],[-71.785,18.0528],[-71.7863,18.0537],[-71.7878,18.0543],[-71.789,18.0552],[-71.7902,18.0562],[-71.7911,18.0573],[-71.7921,18.0583],[-71.7928,18.0597],[-71.794,18.0606],[-71.7958,18.0609],[-71.7972,18.0616],[-71.7981,18.0627],[-71.7993,18.0636],[-71.8004,18.0646],[-71.8014,18.0656],[-71.8023,18.0669],[-71.8038,18.0675],[-71.8048,18.0685],[-71.8056,18.0698],[-71.8067,18.0709],[-71.8079,18.0719],[-71.8092,18.0728],[-71.8106,18.0735],[-71.8124,18.0739],[-71.8131,18.0752],[-71.8138,18.0767],[-71.8147,18.0779],[-71.8161,18.0785],[-71.8171,18.0796],[-71.8164,18.0811],[-71.8155,18.0822],[-71.8147,18.0835],[-71.8145,18.0853],[-71.8148,18.0872],[-71.8154,18.0888],[-71.816,18.0902],[-71.8167,18.0917],[-71.8176,18.093],[-71.8174,18.0949],[-71.8177,18.0968],[-71.8185,18.0981],[-71.8195,18.0992],[-71.8207,18.1001],[-71.8219,18.1011],[-71.8231,18.1021],[-71.8246,18.1026],[-71.8259,18.1033],[-71.8265,18.1048],[-71.8272,18.1062],[-71.8283,18.1073],[-71.8293,18.1083],[-71.8303,18.1094],[-71.8317,18.1104],[-71.8331,18.1114],[-71.8345,18.1121],[-71.8359,18.1129],[-71.8371,18.1139],[-71.8383,18.1148],[-71.8395,18.1158],[-71.8405,18.1169],[-71.8417,18.1181],[-71.8431,18.1193],[-71.8444,18.1201],[-71.8463,18.1204],[-71.8481,18.1207],[-71.8494,18.1215],[-71.8499,18.1232],[-71.8509,18.1243],[-71.852,18.1252],[-71.8529,18.1265],[-71.8538,18.1276],[-71.8549,18.1286],[-71.8557,18.13],[-71.8567,18.1313],[-71.858,18.132],[-71.859,18.1331],[-71.8598,18.1344],[-71.8605,18.1358],[-71.8606,18.1377],[-71.8615,18.1388],[-71.8625,18.1399],[-71.8636,18.1409],[-71.8652,18.1416],[-71.867,18.1419],[-71.8678,18.1435],[-71.8686,18.1451],[-71.8696,18.1461],[-71.8709,18.1469],[-71.8725,18.1479],[-71.8743,18.1484],[-71.8764,18.1491],[-71.8784,18.1495],[-71.8799,18.15],[-71.8808,18.1512],[-71.8812,18.1529],[-71.8821,18.1543],[-71.8832,18.1553],[-71.8847,18.1563],[-71.8863,18.1568],[-71.8883,18.1573],[-71.8901,18.1578],[-71.892,18.158],[-71.8933,18.159],[-71.8942,18.1602],[-71.8952,18.1619],[-71.8961,18.1634],[-71.897,18.1646],[-71.8981,18.1657],[-71.8995,18.1664],[-71.9009,18.1671],[-71.9017,18.1683],[-71.9032,18.169],[-71.9048,18.1695],[-71.9067,18.1696],[-71.9086,18.1699],[-71.9105,18.1701],[-71.9111,18.1715],[-71.911,18.1734],[-71.9116,18.1751],[-71.9123,18.1766],[-71.9133,18.1778],[-71.9141,18.1791],[-71.9148,18.1806],[-71.9159,18.1817],[-71.9166,18.183],[-71.9178,18.1839],[-71.9192,18.1846],[-71.9203,18.1858],[-71.9217,18.1865],[-71.9234,18.187],[-71.9244,18.1882],[-71.9256,18.1891],[-71.9271,18.1898],[-71.929,18.19],[-71.931,18.1899],[-71.9326,18.1904],[-71.9339,18.1912],[-71.9354,18.1917],[-71.9371,18.1922],[-71.9388,18.1926],[-71.9404,18.1932],[-71.9423,18.1937],[-71.9441,18.1939],[-71.9461,18.194],[-71.9485,18.1942],[-71.9503,18.1949],[-71.9525,18.1947],[-71.9548,18.1949],[-71.9569,18.1953],[-71.9591,18.1955],[-71.9611,18.1958],[-71.9625,18.1965],[-71.9643,18.197],[-71.9657,18.1976],[-71.9676,18.1977],[-71.9696,18.1978],[-71.9715,18.198],[-71.9732,18.1984],[-71.9752,18.1985],[-71.9762,18.1995],[-71.9779,18.1999],[-71.9795,18.2004],[-71.9811,18.2009],[-71.9826,18.2014],[-71.984,18.2021],[-71.9859,18.2027],[-71.9869,18.2038],[-71.9888,18.2041],[-71.9899,18.2051],[-71.9901,18.207],[-71.9914,18.2081],[-71.9923,18.2094],[-71.9932,18.2107],[-71.9945,18.2116],[-71.9962,18.2122],[-71.9975,18.2129],[-71.999,18.2135],[-72.0014,18.2136],[-72.0028,18.2129],[-72.0036,18.2115],[-72.0041,18.2099],[-72.0052,18.209],[-72.0061,18.2078],[-72.0076,18.2072],[-72.0082,18.2058],[-72.01,18.2055],[-72.0113,18.2064],[-72.0126,18.2071],[-72.0135,18.2084],[-72.0148,18.2092],[-72.0166,18.2095],[-72.0183,18.2099],[-72.0194,18.2109],[-72.02,18.2093],[-72.0209,18.2104],[-72.0227,18.2107],[-72.0231,18.2124],[-72.0246,18.2131],[-72.0264,18.2136],[-72.0276,18.2147],[-72.0295,18.2149],[-72.0313,18.2152],[-72.0322,18.2167],[-72.0341,18.217],[-72.0336,18.2187],[-72.0341,18.2203],[-72.035,18.2215],[-72.0363,18.2226],[-72.0375,18.2238],[-72.0381,18.2255],[-72.0383,18.2276],[-72.0388,18.2294],[-72.0395,18.2307],[-72.0407,18.2319],[-72.0422,18.2326],[-72.0438,18.233],[-72.0453,18.2336],[-72.0472,18.2337],[-72.0488,18.2342],[-72.0498,18.2353],[-72.0508,18.2365],[-72.0522,18.2372],[-72.0543,18.2372],[-72.0566,18.2372],[-72.0588,18.2371],[-72.0609,18.237],[-72.0629,18.2367],[-72.0645,18.2361],[-72.0657,18.2353],[-72.0663,18.2338],[-72.0678,18.2343],[-72.0681,18.2362],[-72.07,18.236],[-72.0719,18.2361],[-72.0737,18.2359],[-72.0752,18.2365],[-72.0765,18.2372],[-72.0778,18.238],[-72.0797,18.2384],[-72.0817,18.2386],[-72.0835,18.2384],[-72.0847,18.2375],[-72.0864,18.2371],[-72.0873,18.2358],[-72.0886,18.235],[-72.0903,18.2346],[-72.0913,18.2356],[-72.0926,18.2349],[-72.0937,18.236],[-72.096,18.236],[-72.0981,18.2358],[-72.1,18.2354],[-72.1018,18.235],[-72.1036,18.2344],[-72.1053,18.2338],[-72.1073,18.2337],[-72.109,18.2332],[-72.1105,18.2327],[-72.1125,18.2326],[-72.1142,18.2323],[-72.116,18.232],[-72.1171,18.231],[-72.1187,18.2305],[-72.1207,18.2307],[-72.1226,18.2305],[-72.1243,18.2301],[-72.1254,18.2291],[-72.1272,18.2289],[-72.1284,18.2298],[-72.1298,18.2306],[-72.1308,18.2317],[-72.1324,18.2321],[-72.1346,18.2322],[-72.1368,18.2317],[-72.1383,18.2312],[-72.14,18.2308],[-72.1418,18.2306],[-72.1436,18.2304],[-72.1452,18.2298],[-72.1467,18.2306],[-72.1485,18.2309],[-72.1502,18.2312],[-72.1521,18.2313],[-72.1539,18.2316],[-72.1556,18.2319],[-72.1575,18.2316],[-72.1592,18.2312],[-72.1603,18.2303],[-72.1624,18.2303],[-72.1641,18.2298],[-72.1657,18.2292],[-72.1671,18.2286],[-72.1687,18.228],[-72.1704,18.2275],[-72.1722,18.2273],[-72.174,18.2276],[-72.176,18.2274],[-72.1774,18.2267],[-72.1793,18.2269],[-72.181,18.2265],[-72.1827,18.2262],[-72.1846,18.226],[-72.1861,18.2253],[-72.1871,18.2243],[-72.1889,18.2245],[-72.1907,18.2243],[-72.1927,18.224],[-72.1936,18.2229],[-72.1949,18.2221],[-72.1967,18.2218],[-72.1983,18.2212],[-72.1998,18.2218],[-72.2014,18.2222],[-72.2035,18.2222],[-72.2054,18.2219],[-72.2074,18.2219],[-72.2092,18.2222],[-72.2112,18.2222],[-72.2132,18.2223],[-72.2147,18.2217],[-72.2151,18.22],[-72.2169,18.2205],[-72.2184,18.2211],[-72.2202,18.2209],[-72.2219,18.2214],[-72.2235,18.2219],[-72.2253,18.2222],[-72.2264,18.2232],[-72.2279,18.2227],[-72.23,18.2224],[-72.232,18.2226],[-72.2334,18.2219],[-72.2355,18.2219],[-72.2366,18.223],[-72.2376,18.224],[-72.2392,18.2234],[-72.2409,18.223],[-72.2423,18.2238],[-72.2435,18.2247],[-72.2445,18.226],[-72.2455,18.2271],[-72.2474,18.2268],[-72.2493,18.2266],[-72.251,18.2272],[-72.2529,18.2269],[-72.2549,18.2269],[-72.2563,18.2276],[-72.2581,18.2274],[-72.26,18.2277],[-72.2616,18.2272],[-72.2637,18.2274],[-72.2652,18.2268],[-72.2665,18.2276],[-72.2681,18.2271],[-72.2701,18.227],[-72.2718,18.2275],[-72.2738,18.2278],[-72.2758,18.2277],[-72.2776,18.2275],[-72.2793,18.2271],[-72.2809,18.2265],[-72.2826,18.2259],[-72.2841,18.2265],[-72.2855,18.2271],[-72.287,18.2266],[-72.289,18.2257],[-72.2906,18.2251],[-72.292,18.2243],[-72.293,18.2229],[-72.2946,18.2223],[-72.2968,18.2221],[-72.2989,18.2219],[-72.3009,18.2221],[-72.303,18.2223],[-72.3049,18.2228],[-72.3066,18.2237],[-72.3079,18.2245],[-72.309,18.2255],[-72.3102,18.2265],[-72.3111,18.2277],[-72.312,18.2288],[-72.3132,18.2299],[-72.3148,18.2306],[-72.3168,18.2309],[-72.3186,18.2307],[-72.3205,18.2302],[-72.3222,18.2297],[-72.324,18.2301],[-72.3259,18.2302],[-72.3269,18.2314],[-72.3281,18.2323],[-72.3297,18.2328],[-72.3315,18.2333],[-72.3335,18.2329],[-72.3354,18.2332],[-72.3364,18.2344],[-72.3388,18.234],[-72.3404,18.2334],[-72.3424,18.2332],[-72.3435,18.2322],[-72.3451,18.2312],[-72.3472,18.2314],[-72.3482,18.2325],[-72.3492,18.2338],[-72.3511,18.2341],[-72.3532,18.2339],[-72.3547,18.2333],[-72.3559,18.2318],[-72.3572,18.231],[-72.3589,18.2314],[-72.3594,18.233],[-72.3601,18.2344],[-72.3619,18.2341],[-72.3636,18.2334],[-72.3651,18.2328],[-72.367,18.2325],[-72.3685,18.2331],[-72.3698,18.2339],[-72.3713,18.2346],[-72.3734,18.2346],[-72.3743,18.2335],[-72.3764,18.2338],[-72.3789,18.2338],[-72.3807,18.2332],[-72.3826,18.2327],[-72.3843,18.2324],[-72.3863,18.2325],[-72.3879,18.2319],[-72.3903,18.2311],[-72.392,18.2305],[-72.3936,18.2298],[-72.3956,18.2297],[-72.3974,18.2295],[-72.3994,18.2291],[-72.4011,18.2297],[-72.4029,18.2294],[-72.4045,18.2287],[-72.4061,18.2281],[-72.4075,18.2287],[-72.4095,18.2282],[-72.4114,18.2279],[-72.4133,18.2275],[-72.4147,18.2268],[-72.4161,18.2261],[-72.418,18.2263],[-72.42,18.2258],[-72.4218,18.2253],[-72.4231,18.2246],[-72.4244,18.2253],[-72.4261,18.2257],[-72.4278,18.2263],[-72.43,18.2265],[-72.4318,18.227],[-72.4336,18.2272],[-72.4362,18.2272],[-72.438,18.2267],[-72.4401,18.2267],[-72.4419,18.2264],[-72.4428,18.2253],[-72.4445,18.2249],[-72.4462,18.2245],[-72.4474,18.2235],[-72.4489,18.2229],[-72.4504,18.2234],[-72.4521,18.2231],[-72.4537,18.2226],[-72.455,18.2218],[-72.4568,18.222],[-72.4586,18.2224],[-72.4595,18.2235],[-72.4609,18.2228],[-72.4625,18.2232],[-72.4638,18.2224],[-72.4649,18.2234],[-72.4667,18.2237],[-72.4679,18.2249],[-72.4685,18.2235],[-72.4698,18.2228],[-72.4717,18.2225],[-72.4726,18.2213],[-72.4739,18.2205],[-72.4745,18.2219],[-72.4758,18.2209],[-72.4769,18.2199],[-72.4788,18.2201],[-72.4796,18.2214],[-72.4813,18.221],[-72.4822,18.2221],[-72.4834,18.223],[-72.485,18.2235],[-72.4864,18.2241],[-72.4881,18.2245],[-72.4896,18.2239],[-72.4916,18.2235],[-72.4924,18.2222],[-72.4932,18.2209],[-72.4945,18.2199],[-72.4963,18.2193],[-72.498,18.2189],[-72.4996,18.2183],[-72.5012,18.2177],[-72.5027,18.2169],[-72.5045,18.2164],[-72.5059,18.2158],[-72.5076,18.2154],[-72.5091,18.2147],[-72.5109,18.2144],[-72.5131,18.2143],[-72.5119,18.2184],[-72.5066,18.2236],[-72.4991,18.2321],[-72.4946,18.2381],[-72.4923,18.243],[-72.4912,18.2471],[-72.4903,18.2516],[-72.488,18.2552],[-72.4856,18.257],[-72.4838,18.2574],[-72.4816,18.2578],[-72.4758,18.2583],[-72.4729,18.2584],[-72.4703,18.2592],[-72.4688,18.2575],[-72.4657,18.2566],[-72.4637,18.256],[-72.4601,18.2551],[-72.4557,18.2564],[-72.4543,18.2582],[-72.4528,18.2568],[-72.4496,18.2575],[-72.447,18.2587],[-72.4479,18.2599],[-72.448,18.2625],[-72.4458,18.2639],[-72.4466,18.2661],[-72.4475,18.2675],[-72.4478,18.2698],[-72.446,18.2701],[-72.4448,18.2711],[-72.4442,18.2733],[-72.4431,18.272],[-72.4421,18.273],[-72.44,18.274],[-72.4406,18.2754],[-72.441,18.2773],[-72.4424,18.2786],[-72.4435,18.28],[-72.4437,18.2824],[-72.4426,18.2834],[-72.4403,18.2835],[-72.4359,18.2837],[-72.4327,18.2847],[-72.4301,18.285],[-72.4277,18.2856],[-72.4247,18.2856],[-72.4228,18.2862],[-72.4207,18.2877],[-72.4177,18.2886],[-72.4151,18.289],[-72.4131,18.2907],[-72.4114,18.2925],[-72.4101,18.2937],[-72.4065,18.2942],[-72.4036,18.293],[-72.4023,18.2939],[-72.4008,18.2931],[-72.3993,18.2926],[-72.396,18.2915],[-72.3946,18.2907],[-72.3925,18.291],[-72.3909,18.2919],[-72.3886,18.2928],[-72.3852,18.2941],[-72.383,18.2945],[-72.3801,18.2948],[-72.378,18.2962],[-72.3774,18.2989],[-72.3766,18.3002],[-72.3755,18.3015],[-72.3747,18.303],[-72.3736,18.3059],[-72.3734,18.3083],[-72.3724,18.3105],[-72.3706,18.3121],[-72.3702,18.3163],[-72.3693,18.3174],[-72.3707,18.3201],[-72.373,18.3227],[-72.3748,18.3247],[-72.3726,18.329],[-72.3728,18.3327],[-72.3748,18.3335],[-72.3735,18.3344],[-72.3723,18.3359],[-72.3701,18.3366],[-72.3682,18.3375],[-72.3649,18.3389],[-72.3631,18.3399],[-72.3624,18.3416],[-72.3602,18.3434],[-72.3603,18.3479],[-72.3607,18.3497],[-72.3602,18.3514],[-72.3583,18.3506],[-72.357,18.3491],[-72.3557,18.3482],[-72.3533,18.3466],[-72.351,18.3463],[-72.3484,18.3455],[-72.3467,18.3464],[-72.3441,18.3452],[-72.3433,18.3439],[-72.3415,18.3445],[-72.3384,18.3437],[-72.3364,18.3431],[-72.3333,18.342],[-72.3308,18.341],[-72.3271,18.3405],[-72.3248,18.3403],[-72.3226,18.3401],[-72.3201,18.3405],[-72.3168,18.3398],[-72.3133,18.3393],[-72.3087,18.3393],[-72.3042,18.3404],[-72.3016,18.3413],[-72.2975,18.342],[-72.2944,18.3416],[-72.2911,18.3422],[-72.2894,18.3418],[-72.2873,18.3426],[-72.286,18.3444],[-72.2844,18.3454],[-72.2838,18.3472],[-72.2834,18.349],[-72.2814,18.3513],[-72.2801,18.3537],[-72.2755,18.3548],[-72.2724,18.3545],[-72.2701,18.3554],[-72.268,18.3571],[-72.2667,18.3579],[-72.2648,18.3581],[-72.2621,18.3577],[-72.2593,18.3574],[-72.2563,18.3567],[-72.2557,18.3549],[-72.2536,18.3539],[-72.2512,18.353],[-72.248,18.3523],[-72.2465,18.353],[-72.244,18.3524],[-72.2409,18.3507],[-72.2387,18.349],[-72.2369,18.3494],[-72.2352,18.3499],[-72.2326,18.3502],[-72.2303,18.3505],[-72.2279,18.3512],[-72.2263,18.3507],[-72.2231,18.3495],[-72.2213,18.349],[-72.2194,18.3488],[-72.2167,18.3482],[-72.2137,18.3487],[-72.2113,18.3489],[-72.2097,18.3494],[-72.208,18.3499],[-72.2049,18.35],[-72.2029,18.3511],[-72.1995,18.3514],[-72.197,18.3519],[-72.1946,18.3521],[-72.1924,18.3521],[-72.1897,18.3514],[-72.1874,18.3501],[-72.1854,18.3493],[-72.1838,18.3476],[-72.1791,18.3435],[-72.1758,18.3431],[-72.172,18.3428],[-72.1699,18.3429],[-72.1649,18.3441],[-72.1635,18.3448],[-72.1602,18.3459],[-72.1589,18.3449],[-72.1549,18.3416],[-72.1531,18.3423],[-72.1505,18.3407],[-72.1487,18.3396],[-72.1472,18.3377],[-72.1447,18.3376],[-72.1432,18.3371],[-72.1399,18.3355],[-72.1382,18.336],[-72.1345,18.3362],[-72.1309,18.336],[-72.129,18.3358],[-72.1269,18.335],[-72.1245,18.3357],[-72.1228,18.3363],[-72.1192,18.3369],[-72.1172,18.3367],[-72.1136,18.3358],[-72.1104,18.3355],[-72.1083,18.3353],[-72.1064,18.336],[-72.1036,18.3366],[-72.101,18.3381],[-72.0993,18.3391],[-72.0975,18.3396],[-72.0959,18.3404],[-72.0923,18.3424],[-72.091,18.3436],[-72.0894,18.3471],[-72.0873,18.3487],[-72.0863,18.3499],[-72.0847,18.3505],[-72.0823,18.3518],[-72.0811,18.3501],[-72.0761,18.3497],[-72.0746,18.3487],[-72.0735,18.3471],[-72.0712,18.3469],[-72.0693,18.3454],[-72.0667,18.3449],[-72.0654,18.3435],[-72.0633,18.343],[-72.0607,18.3402],[-72.0589,18.3396],[-72.0565,18.3405],[-72.0566,18.343],[-72.0538,18.3433],[-72.0522,18.3442],[-72.0509,18.3432],[-72.0493,18.345],[-72.0475,18.3456],[-72.0447,18.3458],[-72.0411,18.3463],[-72.0399,18.3472],[-72.0394,18.3499],[-72.0375,18.3506],[-72.0343,18.3516],[-72.0333,18.35],[-72.0323,18.3482],[-72.0304,18.3467],[-72.0283,18.3474],[-72.0269,18.3484],[-72.025,18.3474],[-72.0234,18.3488],[-72.0214,18.3496],[-72.0193,18.3497],[-72.0179,18.3491],[-72.0155,18.3484],[-72.0128,18.3487],[-72.0095,18.3476],[-72.0041,18.3478],[-72,18.3473],[-71.9987,18.3485],[-71.9969,18.3492],[-71.9957,18.3501],[-71.9954,18.3519],[-71.9951,18.3547],[-71.9945,18.3566],[-71.9944,18.359],[-71.993,18.3609],[-71.9905,18.3582],[-71.9897,18.3569],[-71.988,18.3574],[-71.9861,18.3577],[-71.9855,18.36],[-71.9831,18.3594],[-71.9798,18.3592],[-71.9766,18.3599],[-71.9748,18.3605],[-71.9723,18.3612],[-71.971,18.363],[-71.9687,18.3611],[-71.9661,18.3616],[-71.965,18.3632],[-71.9633,18.3626],[-71.9615,18.3617],[-71.9593,18.3619],[-71.9578,18.3632],[-71.9552,18.3639],[-71.9516,18.3634],[-71.9485,18.364],[-71.9481,18.3661],[-71.9459,18.3664],[-71.9429,18.3678],[-71.9443,18.3696],[-71.9456,18.3705],[-71.9448,18.3723],[-71.943,18.3742],[-71.9416,18.3753],[-71.9396,18.3732],[-71.9374,18.3711],[-71.9361,18.3696],[-71.9349,18.3689]]]]},"properties":{"nom":"Cayes Jacmel / Anse à Pitres","code":"16","zone":"SUD"}}]}