{"type": "FeatureCollection", "features": [{"type": "Feature", "properties": {"atmart_geo_id": "HTE-412001", "pcode": "412001", "region_id_dhs": "HTDHS2016412001", "nom_fr": "Aire métropolitaine", "nom_source": "Metropolitan area", "niveau_admin": "enquete"}, "geometry": {"type": "MultiPolygon", "coordinates": [[[[-72.16919, 18.42969], [-72.17468, 18.43512], [-72.17468, 18.42969], [-72.16919, 18.42969]]], [[[-72.16919, 18.42969], [-72.1637, 18.42969], [-72.16919, 18.43512], [-72.16919, 18.42969]]], [[[-72.35052, 18.55048], [-72.35052, 18.55591], [-72.35602, 18.55591], [-72.35602, 18.55048], [-72.35052, 18.55048]]], [[[-72.35052, 18.56152], [-72.35052, 18.56689], [-72.35602, 18.56152], [-72.35052, 18.56152]]], [[[-72.35602, 18.53387], [-72.36688, 18.5285], [-72.36688, 18.53387], [-72.37793, 18.5285], [-72.37793, 18.53387], [-72.38342, 18.53387], [-72.38892, 18.53387], [-72.38892, 18.53949], [-72.39441, 18.53949], [-72.3999, 18.55048], [-72.4054, 18.55048], [-72.41089, 18.55048], [-72.42187, 18.55048], [-72.42743, 18.55048], [-72.42743, 18.54492], [-72.42743, 18.53949], [-72.43292, 18.53949], [-72.43842, 18.53949], [-72.44928, 18.53949], [-72.44928, 18.54492], [-72.45471, 18.54492], [-72.45471, 18.53949], [-72.46033, 18.53949], [-72.46033, 18.53387], [-72.45471, 18.5285], [-72.46033, 18.52289], [-72.46033, 18.51752], [-72.46582, 18.51752], [-72.46033, 18.51208], [-72.46033, 18.50653], [-72.46582, 18.50653], [-72.46033, 18.5011], [-72.46582, 18.5011], [-72.46033, 18.49548], [-72.45471, 18.49548], [-72.45471, 18.49011], [-72.44928, 18.49011], [-72.44928, 18.4845], [-72.44379, 18.47913], [-72.44928, 18.47351], [-72.45471, 18.47351], [-72.46033, 18.47351], [-72.46582, 18.47351], [-72.46582, 18.46808], [-72.46582, 18.46252], [-72.46033, 18.46252], [-72.46033, 18.45709], [-72.45471, 18.45709], [-72.45471, 18.45148], [-72.46033, 18.44611], [-72.45471, 18.44067], [-72.45471, 18.43512], [-72.44928, 18.42969], [-72.45471, 18.42969], [-72.44928, 18.42407], [-72.44928, 18.4187], [-72.45471, 18.4187], [-72.44928, 18.41309], [-72.45471, 18.41309], [-72.44928, 18.40771], [-72.44928, 18.4021], [-72.44928, 18.39673], [-72.44379, 18.39673], [-72.43842, 18.39673], [-72.43292, 18.4021], [-72.42743, 18.4021], [-72.42187, 18.4021], [-72.42187, 18.39673], [-72.42743, 18.39673], [-72.42743, 18.39111], [-72.43292, 18.38568], [-72.43842, 18.38013], [-72.43292, 18.37469], [-72.42743, 18.37469], [-72.41638, 18.37469], [-72.41089, 18.38013], [-72.4054, 18.38568], [-72.3999, 18.38568], [-72.39441, 18.38568], [-72.39441, 18.39111], [-72.38892, 18.39111], [-72.38342, 18.38568], [-72.38342, 18.38013], [-72.37793, 18.38013], [-72.37238, 18.38013], [-72.36688, 18.38013], [-72.36151, 18.38013], [-72.35602, 18.38013], [-72.35052, 18.38568], [-72.35052, 18.39111], [-72.34491, 18.39111], [-72.34491, 18.39673], [-72.35052, 18.4021], [-72.35602, 18.4021], [-72.36151, 18.39673], [-72.36688, 18.4021], [-72.37238, 18.4021], [-72.37238, 18.40771], [-72.37793, 18.40771], [-72.38342, 18.41309], [-72.38892, 18.4187], [-72.38892, 18.42407], [-72.38892, 18.42969], [-72.38892, 18.43512], [-72.38892, 18.44067], [-72.38342, 18.44067], [-72.37793, 18.44067], [-72.37238, 18.44067], [-72.36688, 18.44067], [-72.36151, 18.44067], [-72.36151, 18.44611], [-72.35602, 18.44611], [-72.35602, 18.45148], [-72.35052, 18.45148], [-72.35052, 18.45709], [-72.34491, 18.45709], [-72.33948, 18.45709], [-72.33398, 18.45148], [-72.32849, 18.44611], [-72.323, 18.44611], [-72.3175, 18.44611], [-72.31201, 18.44611], [-72.30652, 18.45148], [-72.30652, 18.45709], [-72.30103, 18.46252], [-72.30103, 18.46808], [-72.29541, 18.46808], [-72.29541, 18.47351], [-72.30103, 18.47913], [-72.30103, 18.4845], [-72.29541, 18.4845], [-72.28998, 18.4845], [-72.28998, 18.47913], [-72.28998, 18.47351], [-72.28448, 18.46808], [-72.28448, 18.46252], [-72.27362, 18.46252], [-72.26813, 18.45709], [-72.26251, 18.45709], [-72.26251, 18.46252], [-72.25708, 18.45709], [-72.25159, 18.45709], [-72.24609, 18.46252], [-72.23511, 18.46808], [-72.23511, 18.46252], [-72.23511, 18.45709], [-72.22961, 18.45709], [-72.22412, 18.45148], [-72.22412, 18.44611], [-72.22961, 18.45148], [-72.22961, 18.44611], [-72.22412, 18.44067], [-72.22412, 18.43512], [-72.21863, 18.43512], [-72.21863, 18.42969], [-72.21301, 18.42969], [-72.21301, 18.42407], [-72.21301, 18.4187], [-72.20758, 18.42407], [-72.20209, 18.42407], [-72.19672, 18.42407], [-72.19672, 18.4187], [-72.19122, 18.4187], [-72.18573, 18.4187], [-72.18018, 18.4187], [-72.17468, 18.4187], [-72.17468, 18.42407], [-72.17468, 18.42969], [-72.18018, 18.42969], [-72.18018, 18.43512], [-72.17468, 18.43512], [-72.17468, 18.44067], [-72.17468, 18.44611], [-72.16919, 18.44611], [-72.16919, 18.45148], [-72.1637, 18.45148], [-72.1582, 18.45148], [-72.1582, 18.45709], [-72.1582, 18.46252], [-72.1582, 18.46808], [-72.1637, 18.46808], [-72.16919, 18.46808], [-72.16919, 18.47351], [-72.16919, 18.47913], [-72.17468, 18.47913], [-72.17468, 18.4845], [-72.18018, 18.4845], [-72.18018, 18.47913], [-72.18573, 18.47913], [-72.18573, 18.4845], [-72.19122, 18.4845], [-72.19122, 18.49011], [-72.19122, 18.49548], [-72.19672, 18.49548], [-72.19672, 18.5011], [-72.20209, 18.50653], [-72.20758, 18.51208], [-72.20758, 18.51752], [-72.21301, 18.52289], [-72.21863, 18.5285], [-72.21863, 18.53387], [-72.22412, 18.53949], [-72.22961, 18.54492], [-72.22961, 18.55048], [-72.23511, 18.55591], [-72.23511, 18.56152], [-72.23511, 18.56689], [-72.2406, 18.56689], [-72.2406, 18.57251], [-72.2406, 18.57788], [-72.24609, 18.57788], [-72.24609, 18.5835], [-72.24609, 18.58893], [-72.25159, 18.58893], [-72.25708, 18.58893], [-72.25708, 18.59448], [-72.26251, 18.59448], [-72.26813, 18.59448], [-72.27362, 18.59991], [-72.27911, 18.59991], [-72.28448, 18.59991], [-72.28998, 18.59991], [-72.28998, 18.60529], [-72.29541, 18.60529], [-72.29541, 18.6109], [-72.30103, 18.6109], [-72.30103, 18.60529], [-72.30652, 18.60529], [-72.31201, 18.60529], [-72.3175, 18.60529], [-72.3175, 18.6109], [-72.323, 18.6109], [-72.32849, 18.6109], [-72.32849, 18.61627], [-72.33398, 18.61627], [-72.33398, 18.62189], [-72.33948, 18.62189], [-72.34491, 18.62189], [-72.35052, 18.62732], [-72.35052, 18.62189], [-72.35052, 18.61627], [-72.35602, 18.61627], [-72.35602, 18.6109], [-72.35052, 18.6109], [-72.35052, 18.60529], [-72.34491, 18.60529], [-72.34491, 18.59991], [-72.35052, 18.59991], [-72.35052, 18.59448], [-72.33948, 18.58893], [-72.33948, 18.5835], [-72.34491, 18.5835], [-72.34491, 18.57788], [-72.33948, 18.57788], [-72.33948, 18.57251], [-72.34491, 18.57251], [-72.34491, 18.56689], [-72.34491, 18.56152], [-72.35052, 18.56152], [-72.35052, 18.55591], [-72.34491, 18.55591], [-72.35052, 18.55048], [-72.35052, 18.54492], [-72.35052, 18.53949], [-72.35602, 18.53949], [-72.35602, 18.53387]]]]}}, {"type": "Feature", "properties": {"atmart_geo_id": "HTE-412006", "pcode": "412006", "region_id_dhs": "HTDHS2016412006", "nom_fr": "Artibonite", "nom_source": "Artibonite", "niveau_admin": "enquete"}, "geometry": {"type": "MultiPolygon", "coordinates": [[[[-72.73499, 19.30847], [-72.73499, 19.31409], [-72.74048, 19.31409], [-72.74048, 19.30847], [-72.73499, 19.30847]]], [[[-72.76788, 19.32507], [-72.76788, 19.33051], [-72.76788, 19.33588], [-72.77338, 19.33588], [-72.77338, 19.33051], [-72.76788, 19.32507]]], [[[-72.77881, 19.22607], [-72.77338, 19.23169], [-72.77338, 19.23712], [-72.76788, 19.23712], [-72.76251, 19.23712], [-72.75702, 19.23712], [-72.75702, 19.23169], [-72.76251, 19.23169], [-72.76788, 19.23169], [-72.77338, 19.22607], [-72.77881, 19.2207], [-72.78442, 19.22607], [-72.78442, 19.2207], [-72.78992, 19.2207], [-72.79541, 19.2207], [-72.8009, 19.2207], [-72.79541, 19.21509], [-72.79541, 19.20972], [-72.79541, 19.2041], [-72.78992, 19.2041], [-72.78442, 19.19873], [-72.77881, 19.18213], [-72.76788, 19.1767], [-72.76788, 19.16571], [-72.76788, 19.16028], [-72.75702, 19.15472], [-72.75153, 19.14929], [-72.74048, 19.13831], [-72.72949, 19.13831], [-72.724, 19.13831], [-72.71851, 19.13269], [-72.71301, 19.13269], [-72.70752, 19.12732], [-72.70203, 19.1217], [-72.70203, 19.11627], [-72.70752, 19.11072], [-72.70752, 19.10529], [-72.71301, 19.09967], [-72.71851, 19.0943], [-72.724, 19.0943], [-72.73499, 19.08868], [-72.74048, 19.08868], [-72.75153, 19.08868], [-72.75702, 19.08868], [-72.76251, 19.08868], [-72.76788, 19.0943], [-72.77338, 19.08868], [-72.77881, 19.08868], [-72.78442, 19.08868], [-72.78992, 19.08331], [-72.79541, 19.08331], [-72.8009, 19.08331], [-72.8064, 19.07788], [-72.81189, 19.07788], [-72.81738, 19.07233], [-72.82288, 19.06689], [-72.82288, 19.06128], [-72.82288, 19.05029], [-72.82288, 19.04492], [-72.82288, 19.03387], [-72.81189, 19.02832], [-72.8009, 19.02832], [-72.8009, 19.02289], [-72.79541, 19.02289], [-72.78992, 19.02289], [-72.78442, 19.01727], [-72.77338, 19.0119], [-72.76251, 19.00629], [-72.75702, 19.00092], [-72.75153, 19.00092], [-72.75153, 18.99548], [-72.74591, 18.99548], [-72.74048, 18.98993], [-72.74048, 18.9845], [-72.74048, 18.97888], [-72.73499, 18.97888], [-72.73499, 18.97351], [-72.72949, 18.9679], [-72.72949, 18.95691], [-72.72949, 18.95148], [-72.724, 18.94592], [-72.71851, 18.94592], [-72.71301, 18.94592], [-72.71301, 18.94049], [-72.70752, 18.94049], [-72.70752, 18.94592], [-72.70752, 18.95148], [-72.70203, 18.95148], [-72.70203, 18.95691], [-72.69641, 18.95691], [-72.69641, 18.96252], [-72.69098, 18.96252], [-72.69098, 18.9679], [-72.68549, 18.9679], [-72.68549, 18.97351], [-72.68011, 18.97351], [-72.68011, 18.9679], [-72.67462, 18.9679], [-72.66913, 18.9679], [-72.66913, 18.97351], [-72.66351, 18.97351], [-72.66351, 18.9679], [-72.65808, 18.9679], [-72.65259, 18.9679], [-72.65259, 18.97351], [-72.64709, 18.97351], [-72.6416, 18.97351], [-72.63611, 18.97351], [-72.63062, 18.97351], [-72.62512, 18.97351], [-72.61963, 18.97351], [-72.61963, 18.97888], [-72.61407, 18.97888], [-72.61407, 18.97351], [-72.60858, 18.97351], [-72.60309, 18.97351], [-72.59772, 18.97351], [-72.59222, 18.97351], [-72.58661, 18.97351], [-72.58661, 18.9679], [-72.58118, 18.9679], [-72.57568, 18.9679], [-72.57019, 18.9679], [-72.5647, 18.96252], [-72.5592, 18.9679], [-72.5592, 18.96252], [-72.55371, 18.96252], [-72.54822, 18.96252], [-72.54272, 18.96252], [-72.53711, 18.95691], [-72.53168, 18.95691], [-72.52618, 18.95691], [-72.52081, 18.95691], [-72.51532, 18.95691], [-72.50983, 18.95691], [-72.50421, 18.95691], [-72.49878, 18.95691], [-72.49329, 18.95691], [-72.4823, 18.94592], [-72.47131, 18.9295], [-72.46582, 18.9295], [-72.46033, 18.9295], [-72.46033, 18.92407], [-72.45471, 18.91852], [-72.44928, 18.91852], [-72.44928, 18.92407], [-72.44379, 18.92407], [-72.43842, 18.92407], [-72.43842, 18.91852], [-72.42743, 18.91852], [-72.42743, 18.91309], [-72.42187, 18.91309], [-72.41638, 18.90747], [-72.41638, 18.9021], [-72.41089, 18.9021], [-72.4054, 18.9021], [-72.39441, 18.89648], [-72.39441, 18.89111], [-72.38892, 18.8855], [-72.38342, 18.88013], [-72.37793, 18.87451], [-72.37238, 18.87451], [-72.36688, 18.86908], [-72.36688, 18.86353], [-72.36151, 18.86908], [-72.35602, 18.86908], [-72.35052, 18.86908], [-72.34491, 18.86353], [-72.33948, 18.86908], [-72.33398, 18.86353], [-72.32849, 18.86353], [-72.323, 18.86353], [-72.3175, 18.85809], [-72.31201, 18.85809], [-72.30652, 18.86353], [-72.30103, 18.86353], [-72.29541, 18.86353], [-72.28998, 18.86353], [-72.28448, 18.86353], [-72.27911, 18.85809], [-72.27362, 18.86353], [-72.26813, 18.86353], [-72.26251, 18.86353], [-72.26251, 18.85809], [-72.25708, 18.85809], [-72.25159, 18.85809], [-72.25159, 18.86353], [-72.25159, 18.86908], [-72.24609, 18.86908], [-72.24609, 18.87451], [-72.24609, 18.88013], [-72.24609, 18.8855], [-72.24609, 18.89111], [-72.24609, 18.89648], [-72.24609, 18.9021], [-72.24609, 18.90747], [-72.24609, 18.91309], [-72.2406, 18.91309], [-72.2406, 18.91852], [-72.24609, 18.91852], [-72.2406, 18.92407], [-72.2406, 18.9295], [-72.23511, 18.93488], [-72.23511, 18.94049], [-72.22961, 18.94592], [-72.22412, 18.94592], [-72.22412, 18.95148], [-72.22412, 18.95691], [-72.22961, 18.95691], [-72.22961, 18.96252], [-72.23511, 18.96252], [-72.23511, 18.9679], [-72.2406, 18.9679], [-72.2406, 18.97351], [-72.2406, 18.97888], [-72.2406, 18.9845], [-72.2406, 18.98993], [-72.23511, 18.99548], [-72.23511, 19.00092], [-72.2406, 19.00629], [-72.24609, 19.0119], [-72.24609, 19.01727], [-72.24609, 19.02289], [-72.24609, 19.02832], [-72.24609, 19.03387], [-72.2406, 19.03387], [-72.2406, 19.03931], [-72.2406, 19.04492], [-72.2406, 19.05029], [-72.23511, 19.05591], [-72.22961, 19.05591], [-72.22961, 19.06128], [-72.22961, 19.06689], [-72.22961, 19.07233], [-72.22412, 19.07233], [-72.22412, 19.07788], [-72.22412, 19.08331], [-72.22412, 19.08868], [-72.22961, 19.08868], [-72.22961, 19.0943], [-72.23511, 19.0943], [-72.23511, 19.09967], [-72.2406, 19.09967], [-72.2406, 19.10529], [-72.2406, 19.11072], [-72.2406, 19.11627], [-72.23511, 19.1217], [-72.22961, 19.1217], [-72.22412, 19.12732], [-72.21863, 19.12732], [-72.21863, 19.13269], [-72.22412, 19.13269], [-72.22412, 19.13831], [-72.22961, 19.13831], [-72.22961, 19.14368], [-72.23511, 19.14368], [-72.23511, 19.14929], [-72.2406, 19.14929], [-72.2406, 19.15472], [-72.24609, 19.15472], [-72.24609, 19.16028], [-72.25159, 19.16028], [-72.25708, 19.16028], [-72.25708, 19.16571], [-72.25708, 19.17108], [-72.26251, 19.1767], [-72.26251, 19.18213], [-72.26251, 19.18768], [-72.26251, 19.19312], [-72.26251, 19.19873], [-72.25708, 19.19873], [-72.25708, 19.2041], [-72.25708, 19.20972], [-72.26251, 19.20972], [-72.26251, 19.21509], [-72.26251, 19.2207], [-72.25708, 19.22607], [-72.25159, 19.22607], [-72.25159, 19.23169], [-72.24609, 19.23169], [-72.2406, 19.23169], [-72.2406, 19.23712], [-72.2406, 19.24268], [-72.2406, 19.24811], [-72.2406, 19.25348], [-72.2406, 19.25909], [-72.2406, 19.26453], [-72.2406, 19.27008], [-72.23511, 19.27008], [-72.23511, 19.27551], [-72.22961, 19.27551], [-72.22412, 19.27551], [-72.22412, 19.28113], [-72.21863, 19.28113], [-72.21863, 19.2865], [-72.21301, 19.2865], [-72.21301, 19.29211], [-72.20758, 19.29211], [-72.20758, 19.29749], [-72.20209, 19.29749], [-72.20209, 19.3031], [-72.20209, 19.30847], [-72.20209, 19.31409], [-72.20758, 19.31409], [-72.20758, 19.31952], [-72.21301, 19.31952], [-72.21863, 19.31952], [-72.21863, 19.32507], [-72.22412, 19.32507], [-72.22412, 19.33051], [-72.22412, 19.33588], [-72.22412, 19.34149], [-72.22961, 19.34149], [-72.22961, 19.34692], [-72.22961, 19.35248], [-72.22961, 19.35791], [-72.23511, 19.35791], [-72.23511, 19.36353], [-72.22961, 19.36353], [-72.22961, 19.3689], [-72.23511, 19.3689], [-72.23511, 19.37451], [-72.2406, 19.37451], [-72.24609, 19.37988], [-72.24609, 19.3855], [-72.2406, 19.3855], [-72.22961, 19.3855], [-72.22961, 19.39093], [-72.22961, 19.39648], [-72.22961, 19.40192], [-72.22961, 19.40729], [-72.22961, 19.4129], [-72.22961, 19.41827], [-72.22412, 19.41827], [-72.22412, 19.42389], [-72.22961, 19.42389], [-72.22961, 19.42932], [-72.22412, 19.42932], [-72.22412, 19.43488], [-72.22961, 19.43488], [-72.23511, 19.43488], [-72.23511, 19.44031], [-72.2406, 19.44031], [-72.24609, 19.44031], [-72.24609, 19.44592], [-72.25159, 19.44592], [-72.25159, 19.45129], [-72.25159, 19.45691], [-72.25708, 19.45691], [-72.25708, 19.46228], [-72.25708, 19.4679], [-72.25159, 19.47333], [-72.25159, 19.47888], [-72.25708, 19.47333], [-72.25708, 19.47888], [-72.26251, 19.47333], [-72.26813, 19.47333], [-72.27362, 19.4679], [-72.27362, 19.46228], [-72.28448, 19.4679], [-72.28998, 19.4679], [-72.29541, 19.4679], [-72.30103, 19.4679], [-72.30652, 19.4679], [-72.31201, 19.46228], [-72.3175, 19.46228], [-72.323, 19.46228], [-72.32849, 19.46228], [-72.32849, 19.4679], [-72.32849, 19.47333], [-72.323, 19.47333], [-72.323, 19.47888], [-72.323, 19.48431], [-72.3175, 19.48969], [-72.323, 19.48969], [-72.323, 19.4953], [-72.32849, 19.4953], [-72.32849, 19.50067], [-72.32849, 19.50629], [-72.32849, 19.51172], [-72.323, 19.51172], [-72.323, 19.51727], [-72.323, 19.52271], [-72.323, 19.52832], [-72.32849, 19.52832], [-72.32849, 19.53369], [-72.323, 19.53931], [-72.323, 19.54468], [-72.323, 19.55029], [-72.323, 19.55573], [-72.3175, 19.55573], [-72.3175, 19.56128], [-72.323, 19.56128], [-72.323, 19.56671], [-72.323, 19.57208], [-72.32849, 19.57208], [-72.33398, 19.57208], [-72.33948, 19.57208], [-72.34491, 19.57208], [-72.35052, 19.57208], [-72.35602, 19.57208], [-72.36151, 19.57208], [-72.36151, 19.56671], [-72.36688, 19.56671], [-72.36688, 19.57208], [-72.36688, 19.5777], [-72.36151, 19.5777], [-72.36151, 19.58313], [-72.36151, 19.58868], [-72.36688, 19.58868], [-72.37238, 19.58868], [-72.37793, 19.58868], [-72.37793, 19.58313], [-72.38342, 19.58313], [-72.38342, 19.5777], [-72.38892, 19.5777], [-72.38892, 19.57208], [-72.38892, 19.56671], [-72.39441, 19.56128], [-72.3999, 19.56128], [-72.3999, 19.56671], [-72.4054, 19.56671], [-72.41089, 19.56671], [-72.41089, 19.57208], [-72.41638, 19.57208], [-72.41638, 19.56671], [-72.42187, 19.56671], [-72.42187, 19.56128], [-72.42187, 19.55573], [-72.42187, 19.55029], [-72.41638, 19.55029], [-72.41638, 19.54468], [-72.41638, 19.53931], [-72.42187, 19.53369], [-72.42743, 19.52832], [-72.43292, 19.52271], [-72.43842, 19.52832], [-72.43842, 19.52271], [-72.44379, 19.52271], [-72.44928, 19.52271], [-72.45471, 19.52271], [-72.46033, 19.52832], [-72.46582, 19.52832], [-72.47131, 19.53369], [-72.47681, 19.53931], [-72.4823, 19.54468], [-72.48779, 19.54468], [-72.49329, 19.55573], [-72.49878, 19.56128], [-72.50421, 19.56128], [-72.50983, 19.56128], [-72.51532, 19.56671], [-72.52081, 19.57208], [-72.52081, 19.5777], [-72.51532, 19.5777], [-72.51532, 19.58313], [-72.52081, 19.58313], [-72.52618, 19.5777], [-72.53168, 19.58313], [-72.53711, 19.58313], [-72.53711, 19.58868], [-72.54272, 19.58868], [-72.54272, 19.59412], [-72.54272, 19.59967], [-72.54822, 19.6051], [-72.55371, 19.61072], [-72.55371, 19.61609], [-72.5592, 19.61609], [-72.5592, 19.6217], [-72.5647, 19.62708], [-72.57019, 19.63269], [-72.57019, 19.63812], [-72.57019, 19.64368], [-72.57019, 19.64911], [-72.57019, 19.65448], [-72.57568, 19.6601], [-72.57568, 19.67108], [-72.57568, 19.67651], [-72.58118, 19.67651], [-72.58661, 19.67651], [-72.59222, 19.68213], [-72.59772, 19.68213], [-72.60309, 19.68213], [-72.60309, 19.6875], [-72.60858, 19.6875], [-72.60858, 19.69312], [-72.61407, 19.69312], [-72.61407, 19.69849], [-72.61407, 19.7041], [-72.60858, 19.69849], [-72.60309, 19.70947], [-72.59772, 19.71509], [-72.59772, 19.72052], [-72.59772, 19.72607], [-72.60309, 19.74249], [-72.60858, 19.74792], [-72.60858, 19.75348], [-72.61407, 19.75348], [-72.61407, 19.75891], [-72.61963, 19.75891], [-72.62512, 19.75891], [-72.62512, 19.75348], [-72.62512, 19.74792], [-72.62512, 19.74249], [-72.63062, 19.74249], [-72.63611, 19.74249], [-72.6416, 19.74249], [-72.64709, 19.74792], [-72.64709, 19.75348], [-72.64709, 19.75891], [-72.64709, 19.76453], [-72.6416, 19.7699], [-72.63611, 19.77551], [-72.6416, 19.7865], [-72.65808, 19.7865], [-72.65259, 19.77551], [-72.65808, 19.77551], [-72.66351, 19.77551], [-72.66913, 19.77551], [-72.67462, 19.78088], [-72.67462, 19.7865], [-72.67462, 19.79187], [-72.68011, 19.79749], [-72.68011, 19.80292], [-72.68011, 19.80829], [-72.68549, 19.80829], [-72.69098, 19.80829], [-72.69641, 19.8139], [-72.70203, 19.8139], [-72.70752, 19.8139], [-72.71301, 19.8139], [-72.71851, 19.8139], [-72.724, 19.8139], [-72.724, 19.80829], [-72.72949, 19.80829], [-72.72949, 19.80292], [-72.72949, 19.79749], [-72.73499, 19.79749], [-72.73499, 19.79187], [-72.74048, 19.79187], [-72.74048, 19.7865], [-72.74048, 19.78088], [-72.74591, 19.78088], [-72.75153, 19.7865], [-72.75702, 19.7865], [-72.76251, 19.7865], [-72.76788, 19.7865], [-72.77338, 19.78088], [-72.77881, 19.78088], [-72.77881, 19.77551], [-72.78442, 19.77551], [-72.78442, 19.7699], [-72.78992, 19.7699], [-72.79541, 19.76453], [-72.8009, 19.76453], [-72.8009, 19.75891], [-72.8064, 19.75891], [-72.8064, 19.75348], [-72.81189, 19.75348], [-72.81189, 19.74792], [-72.81189, 19.74249], [-72.81189, 19.73688], [-72.81738, 19.73688], [-72.82288, 19.73688], [-72.82288, 19.73151], [-72.82837, 19.73151], [-72.83392, 19.73151], [-72.83942, 19.73151], [-72.83942, 19.72607], [-72.83942, 19.72052], [-72.83942, 19.71509], [-72.84479, 19.71509], [-72.85571, 19.71509], [-72.86133, 19.71509], [-72.86682, 19.70947], [-72.87231, 19.70947], [-72.87781, 19.70947], [-72.8833, 19.70947], [-72.88879, 19.70947], [-72.89429, 19.70947], [-72.89978, 19.71509], [-72.90521, 19.71509], [-72.91632, 19.71509], [-72.92181, 19.71509], [-72.92719, 19.71509], [-72.92719, 19.72052], [-72.92181, 19.72607], [-72.92719, 19.73151], [-72.93268, 19.72607], [-72.93811, 19.72607], [-72.94373, 19.72607], [-72.94922, 19.72607], [-72.95471, 19.72607], [-72.96021, 19.72607], [-72.9657, 19.72607], [-72.97119, 19.72607], [-72.97668, 19.72607], [-72.97668, 19.72052], [-72.98218, 19.72607], [-72.98761, 19.72052], [-72.99323, 19.72052], [-72.99872, 19.72607], [-73.00421, 19.72607], [-73.00958, 19.72607], [-73.00958, 19.73151], [-73.01508, 19.73151], [-73.02063, 19.73151], [-73.02612, 19.73151], [-73.03162, 19.73151], [-73.03162, 19.73688], [-73.03711, 19.73688], [-73.0426, 19.74249], [-73.0481, 19.74249], [-73.05359, 19.74249], [-73.05908, 19.74249], [-73.05908, 19.73688], [-73.06458, 19.73688], [-73.07013, 19.73151], [-73.07562, 19.73151], [-73.08112, 19.73151], [-73.08112, 19.72607], [-73.08112, 19.72052], [-73.08649, 19.72052], [-73.08649, 19.71509], [-73.09198, 19.70947], [-73.09741, 19.70947], [-73.10303, 19.7041], [-73.10303, 19.69849], [-73.10852, 19.69849], [-73.11401, 19.69849], [-73.11401, 19.7041], [-73.11951, 19.7041], [-73.11951, 19.69849], [-73.11951, 19.69312], [-73.11951, 19.6875], [-73.11951, 19.68213], [-73.11951, 19.67651], [-73.11951, 19.67108], [-73.125, 19.66553], [-73.125, 19.6601], [-73.13049, 19.65448], [-73.13049, 19.64911], [-73.13599, 19.64911], [-73.13599, 19.64368], [-73.13599, 19.63812], [-73.13049, 19.63812], [-73.13049, 19.63269], [-73.125, 19.63269], [-73.11951, 19.63269], [-73.11401, 19.63812], [-73.10852, 19.63812], [-73.09741, 19.63812], [-73.09198, 19.63812], [-73.08649, 19.63812], [-73.08112, 19.63269], [-73.07562, 19.63269], [-73.07013, 19.63269], [-73.06458, 19.63269], [-73.05908, 19.62708], [-73.05359, 19.62708], [-73.0481, 19.6217], [-73.0426, 19.6217], [-73.0426, 19.61609], [-73.03711, 19.61609], [-73.03711, 19.61072], [-73.03162, 19.61072], [-73.02612, 19.61072], [-73.02612, 19.6051], [-73.02063, 19.6051], [-73.01508, 19.6051], [-73.00958, 19.6051], [-73.00958, 19.59967], [-73.00421, 19.59967], [-73.00421, 19.6051], [-72.99872, 19.6051], [-72.99872, 19.59967], [-72.99872, 19.59412], [-72.99323, 19.58868], [-72.98761, 19.59412], [-72.98761, 19.58868], [-72.98218, 19.58868], [-72.98218, 19.58313], [-72.97668, 19.58313], [-72.97668, 19.5777], [-72.97119, 19.5777], [-72.9657, 19.57208], [-72.96021, 19.57208], [-72.95471, 19.56671], [-72.94922, 19.56671], [-72.94373, 19.56671], [-72.93268, 19.56128], [-72.92719, 19.56128], [-72.92181, 19.55573], [-72.91632, 19.55573], [-72.91083, 19.55029], [-72.89978, 19.54468], [-72.89429, 19.53931], [-72.88879, 19.53931], [-72.8833, 19.53931], [-72.87781, 19.53931], [-72.87231, 19.53931], [-72.86682, 19.53369], [-72.86133, 19.52832], [-72.85571, 19.52832], [-72.85028, 19.52832], [-72.84479, 19.52271], [-72.83942, 19.51727], [-72.83942, 19.51172], [-72.83392, 19.51172], [-72.82837, 19.51172], [-72.82288, 19.51172], [-72.81738, 19.50629], [-72.81738, 19.50067], [-72.81189, 19.50067], [-72.8009, 19.48969], [-72.79541, 19.47888], [-72.78442, 19.47333], [-72.78442, 19.4679], [-72.77881, 19.46228], [-72.77881, 19.45691], [-72.77338, 19.45129], [-72.77338, 19.44592], [-72.76788, 19.44592], [-72.76251, 19.44592], [-72.75702, 19.44592], [-72.75702, 19.44031], [-72.75153, 19.44031], [-72.74591, 19.44031], [-72.74048, 19.44592], [-72.73499, 19.44592], [-72.72949, 19.44592], [-72.72949, 19.45129], [-72.724, 19.45129], [-72.71851, 19.45129], [-72.71851, 19.44592], [-72.71301, 19.44592], [-72.71301, 19.45129], [-72.70752, 19.45129], [-72.70752, 19.45691], [-72.70203, 19.45691], [-72.70203, 19.45129], [-72.70203, 19.44592], [-72.70203, 19.44031], [-72.70203, 19.42932], [-72.70203, 19.42389], [-72.69098, 19.41827], [-72.69098, 19.4129], [-72.68549, 19.40729], [-72.68549, 19.40192], [-72.69098, 19.40192], [-72.69641, 19.40192], [-72.69641, 19.39648], [-72.70203, 19.39648], [-72.70203, 19.39093], [-72.71301, 19.39648], [-72.71301, 19.40192], [-72.70752, 19.40192], [-72.70752, 19.40729], [-72.71301, 19.40729], [-72.71301, 19.4129], [-72.71851, 19.4129], [-72.71851, 19.41827], [-72.71301, 19.42389], [-72.71851, 19.42932], [-72.724, 19.42932], [-72.72949, 19.42389], [-72.72949, 19.41827], [-72.72949, 19.4129], [-72.73499, 19.40729], [-72.73499, 19.40192], [-72.73499, 19.39648], [-72.72949, 19.39648], [-72.724, 19.39648], [-72.71851, 19.39093], [-72.71851, 19.3855], [-72.71851, 19.37988], [-72.724, 19.37451], [-72.724, 19.3689], [-72.72949, 19.3689], [-72.73499, 19.36353], [-72.74048, 19.36353], [-72.74591, 19.36353], [-72.74591, 19.3689], [-72.74591, 19.37451], [-72.75153, 19.37451], [-72.75702, 19.37451], [-72.76251, 19.37451], [-72.76788, 19.3689], [-72.77338, 19.36353], [-72.77338, 19.35791], [-72.77338, 19.35248], [-72.77338, 19.34692], [-72.77881, 19.34692], [-72.77338, 19.34149], [-72.77338, 19.33588], [-72.76788, 19.34149], [-72.76788, 19.33588], [-72.76251, 19.34149], [-72.76251, 19.33588], [-72.76251, 19.33051], [-72.76251, 19.32507], [-72.75702, 19.32507], [-72.75702, 19.31952], [-72.75153, 19.31952], [-72.74591, 19.31952], [-72.74048, 19.31952], [-72.73499, 19.32507], [-72.72949, 19.32507], [-72.72949, 19.31409], [-72.73499, 19.30847], [-72.72949, 19.30847], [-72.724, 19.3031], [-72.71851, 19.3031], [-72.71851, 19.29749], [-72.71851, 19.29211], [-72.724, 19.2865], [-72.724, 19.28113], [-72.72949, 19.28113], [-72.73499, 19.2865], [-72.72949, 19.2865], [-72.73499, 19.29211], [-72.74048, 19.29211], [-72.74591, 19.28113], [-72.74591, 19.27551], [-72.75153, 19.27551], [-72.75702, 19.28113], [-72.76251, 19.28113], [-72.76788, 19.28113], [-72.77338, 19.28113], [-72.77881, 19.28113], [-72.77881, 19.27551], [-72.77881, 19.27008], [-72.77881, 19.26453], [-72.77881, 19.25909], [-72.77881, 19.25348], [-72.77881, 19.24811], [-72.77881, 19.24268], [-72.77881, 19.23712], [-72.78992, 19.23712], [-72.78992, 19.23169], [-72.78442, 19.22607], [-72.77881, 19.22607]]]]}}, {"type": "Feature", "properties": {"atmart_geo_id": "HTE-412007", "pcode": "412007", "region_id_dhs": "HTDHS2016412007", "nom_fr": "Centre", "nom_source": "Centre", "niveau_admin": "enquete"}, "geometry": {"type": "MultiPolygon", "coordinates": [[[[-71.82861, 18.96252], [-71.82312, 18.9679], [-71.82861, 18.9679], [-71.82861, 18.96252]]], [[[-71.98242, 19.33588], [-71.98792, 19.33588], [-71.98792, 19.33051], [-71.99341, 19.33051], [-71.9989, 19.32507], [-72.00439, 19.32507], [-72.00989, 19.32507], [-72.01538, 19.32507], [-72.02081, 19.32507], [-72.02081, 19.31952], [-72.02081, 19.31409], [-72.02643, 19.31409], [-72.02643, 19.30847], [-72.03192, 19.30847], [-72.03192, 19.3031], [-72.03741, 19.3031], [-72.04279, 19.3031], [-72.04828, 19.3031], [-72.04828, 19.29749], [-72.05371, 19.29749], [-72.05933, 19.29749], [-72.05933, 19.29211], [-72.06482, 19.29211], [-72.07031, 19.2865], [-72.07581, 19.2865], [-72.07581, 19.28113], [-72.0813, 19.28113], [-72.0813, 19.27551], [-72.08679, 19.27551], [-72.08679, 19.27008], [-72.09229, 19.27008], [-72.09229, 19.26453], [-72.09778, 19.26453], [-72.10321, 19.26453], [-72.10883, 19.26453], [-72.11432, 19.26453], [-72.11981, 19.26453], [-72.12518, 19.26453], [-72.12518, 19.25909], [-72.13068, 19.25909], [-72.13068, 19.25348], [-72.13617, 19.25348], [-72.14172, 19.25909], [-72.14722, 19.25909], [-72.15271, 19.25909], [-72.15271, 19.26453], [-72.15271, 19.27008], [-72.1582, 19.27008], [-72.1582, 19.27551], [-72.1582, 19.28113], [-72.1637, 19.28113], [-72.16919, 19.2865], [-72.17468, 19.2865], [-72.18018, 19.2865], [-72.18018, 19.29211], [-72.18573, 19.29211], [-72.18573, 19.29749], [-72.19122, 19.29749], [-72.19672, 19.29749], [-72.20209, 19.29749], [-72.20758, 19.29749], [-72.20758, 19.29211], [-72.21301, 19.29211], [-72.21301, 19.2865], [-72.21863, 19.2865], [-72.21863, 19.28113], [-72.22412, 19.28113], [-72.22412, 19.27551], [-72.22961, 19.27551], [-72.23511, 19.27551], [-72.23511, 19.27008], [-72.2406, 19.27008], [-72.2406, 19.26453], [-72.2406, 19.25909], [-72.2406, 19.25348], [-72.2406, 19.24811], [-72.2406, 19.24268], [-72.2406, 19.23712], [-72.2406, 19.23169], [-72.24609, 19.23169], [-72.25159, 19.23169], [-72.25159, 19.22607], [-72.25708, 19.22607], [-72.26251, 19.2207], [-72.26251, 19.21509], [-72.26251, 19.20972], [-72.25708, 19.20972], [-72.25708, 19.2041], [-72.25708, 19.19873], [-72.26251, 19.19873], [-72.26251, 19.19312], [-72.26251, 19.18768], [-72.26251, 19.18213], [-72.26251, 19.1767], [-72.25708, 19.17108], [-72.25708, 19.16571], [-72.25708, 19.16028], [-72.25159, 19.16028], [-72.24609, 19.16028], [-72.24609, 19.15472], [-72.2406, 19.15472], [-72.2406, 19.14929], [-72.23511, 19.14929], [-72.23511, 19.14368], [-72.22961, 19.14368], [-72.22961, 19.13831], [-72.22412, 19.13831], [-72.22412, 19.13269], [-72.21863, 19.13269], [-72.21863, 19.12732], [-72.22412, 19.12732], [-72.22961, 19.1217], [-72.23511, 19.1217], [-72.2406, 19.11627], [-72.2406, 19.11072], [-72.2406, 19.10529], [-72.2406, 19.09967], [-72.23511, 19.09967], [-72.23511, 19.0943], [-72.22961, 19.0943], [-72.22961, 19.08868], [-72.22412, 19.08868], [-72.22412, 19.08331], [-72.22412, 19.07788], [-72.22412, 19.07233], [-72.22961, 19.07233], [-72.22961, 19.06689], [-72.22961, 19.06128], [-72.22961, 19.05591], [-72.23511, 19.05591], [-72.2406, 19.05029], [-72.2406, 19.04492], [-72.2406, 19.03931], [-72.2406, 19.03387], [-72.24609, 19.03387], [-72.24609, 19.02832], [-72.24609, 19.02289], [-72.24609, 19.01727], [-72.24609, 19.0119], [-72.2406, 19.00629], [-72.23511, 19.00092], [-72.23511, 18.99548], [-72.2406, 18.98993], [-72.2406, 18.9845], [-72.2406, 18.97888], [-72.2406, 18.97351], [-72.2406, 18.9679], [-72.23511, 18.9679], [-72.23511, 18.96252], [-72.22961, 18.96252], [-72.22961, 18.95691], [-72.22412, 18.95691], [-72.22412, 18.95148], [-72.22412, 18.94592], [-72.22961, 18.94592], [-72.23511, 18.94049], [-72.23511, 18.93488], [-72.2406, 18.9295], [-72.2406, 18.92407], [-72.24609, 18.91852], [-72.2406, 18.91852], [-72.2406, 18.91309], [-72.24609, 18.91309], [-72.24609, 18.90747], [-72.24609, 18.9021], [-72.24609, 18.89648], [-72.24609, 18.89111], [-72.24609, 18.8855], [-72.24609, 18.88013], [-72.24609, 18.87451], [-72.24609, 18.86908], [-72.25159, 18.86908], [-72.25159, 18.86353], [-72.25159, 18.85809], [-72.25708, 18.85809], [-72.26251, 18.85809], [-72.26251, 18.86353], [-72.26813, 18.86353], [-72.27362, 18.86353], [-72.27911, 18.85809], [-72.28448, 18.86353], [-72.28998, 18.86353], [-72.29541, 18.86353], [-72.30103, 18.86353], [-72.30652, 18.86353], [-72.31201, 18.85809], [-72.3175, 18.85809], [-72.323, 18.86353], [-72.32849, 18.86353], [-72.33398, 18.86353], [-72.33948, 18.86908], [-72.34491, 18.86353], [-72.35052, 18.86908], [-72.35602, 18.86908], [-72.36151, 18.86908], [-72.36688, 18.86353], [-72.36151, 18.86353], [-72.36151, 18.85809], [-72.35602, 18.85248], [-72.35052, 18.85248], [-72.33948, 18.84167], [-72.33398, 18.83612], [-72.33398, 18.83069], [-72.32849, 18.83069], [-72.323, 18.8197], [-72.323, 18.81409], [-72.3175, 18.81409], [-72.31201, 18.81409], [-72.30652, 18.81409], [-72.30103, 18.8197], [-72.29541, 18.8197], [-72.28998, 18.8197], [-72.28448, 18.8197], [-72.27911, 18.81409], [-72.27911, 18.80872], [-72.27362, 18.80872], [-72.27362, 18.8031], [-72.27362, 18.79773], [-72.26813, 18.79211], [-72.26251, 18.79211], [-72.26251, 18.78668], [-72.25708, 18.78668], [-72.25159, 18.78668], [-72.25159, 18.78113], [-72.24609, 18.78113], [-72.2406, 18.78113], [-72.23511, 18.7757], [-72.22961, 18.7757], [-72.22412, 18.7757], [-72.22412, 18.77008], [-72.21863, 18.7757], [-72.21301, 18.77008], [-72.20758, 18.76471], [-72.20758, 18.75928], [-72.20209, 18.75372], [-72.20209, 18.75928], [-72.19672, 18.75372], [-72.19672, 18.74829], [-72.19672, 18.74268], [-72.20209, 18.74268], [-72.19672, 18.7373], [-72.19672, 18.73169], [-72.19122, 18.72632], [-72.18573, 18.7207], [-72.18018, 18.71527], [-72.17468, 18.70972], [-72.16919, 18.70428], [-72.1637, 18.70428], [-72.1637, 18.69873], [-72.1582, 18.69873], [-72.15271, 18.69873], [-72.14722, 18.6933], [-72.14172, 18.69873], [-72.13617, 18.69873], [-72.13617, 18.70428], [-72.13068, 18.70428], [-72.12518, 18.70428], [-72.11432, 18.70428], [-72.10883, 18.70972], [-72.10321, 18.70972], [-72.09778, 18.70972], [-72.09229, 18.70972], [-72.08679, 18.71527], [-72.08679, 18.7207], [-72.0813, 18.72632], [-72.0813, 18.73169], [-72.07581, 18.7373], [-72.07031, 18.73169], [-72.07031, 18.72632], [-72.07031, 18.7207], [-72.06482, 18.7207], [-72.05933, 18.7207], [-72.05371, 18.7207], [-72.04279, 18.7207], [-72.03741, 18.7207], [-72.03741, 18.72632], [-72.02643, 18.72632], [-72.02081, 18.72632], [-72.01538, 18.72632], [-72.01538, 18.73169], [-72.00989, 18.7373], [-72.00439, 18.7373], [-72.00439, 18.73169], [-71.9989, 18.73169], [-71.99341, 18.73169], [-71.98792, 18.7373], [-71.98242, 18.7373], [-71.97693, 18.73169], [-71.97693, 18.7373], [-71.97137, 18.74268], [-71.97137, 18.74829], [-71.96588, 18.74268], [-71.96039, 18.74268], [-71.95502, 18.74268], [-71.94952, 18.7373], [-71.94391, 18.7373], [-71.93848, 18.7373], [-71.92749, 18.7373], [-71.922, 18.7373], [-71.922, 18.73169], [-71.9165, 18.73169], [-71.91101, 18.73169], [-71.90552, 18.72632], [-71.90002, 18.7207], [-71.89441, 18.7207], [-71.88898, 18.7207], [-71.88348, 18.7207], [-71.87811, 18.7207], [-71.87262, 18.7207], [-71.86151, 18.7207], [-71.85059, 18.7207], [-71.84509, 18.71527], [-71.8396, 18.70972], [-71.83411, 18.70972], [-71.82861, 18.70428], [-71.82312, 18.69873], [-71.81763, 18.69873], [-71.81201, 18.6933], [-71.81201, 18.68768], [-71.80658, 18.68768], [-71.80109, 18.6933], [-71.80109, 18.68768], [-71.79572, 18.68768], [-71.79022, 18.68768], [-71.79022, 18.6933], [-71.78473, 18.6933], [-71.78473, 18.69873], [-71.79022, 18.69873], [-71.79022, 18.70428], [-71.78473, 18.70428], [-71.77368, 18.70972], [-71.76819, 18.70972], [-71.76819, 18.71527], [-71.74072, 18.7207], [-71.72968, 18.76471], [-71.72418, 18.8031], [-71.72418, 18.82507], [-71.71881, 18.83069], [-71.71881, 18.83612], [-71.72418, 18.83612], [-71.72418, 18.84167], [-71.72418, 18.84711], [-71.72418, 18.85248], [-71.72418, 18.85809], [-71.72418, 18.86353], [-71.72418, 18.86908], [-71.72418, 18.87451], [-71.72418, 18.88013], [-71.72968, 18.87451], [-71.73523, 18.88013], [-71.73523, 18.8855], [-71.73523, 18.89111], [-71.74072, 18.89111], [-71.74622, 18.89111], [-71.74622, 18.89648], [-71.75171, 18.89648], [-71.75171, 18.9021], [-71.7572, 18.9021], [-71.7572, 18.90747], [-71.7627, 18.90747], [-71.76819, 18.90747], [-71.78473, 18.94592], [-71.78473, 18.95148], [-71.77917, 18.95148], [-71.77917, 18.95691], [-71.78473, 18.95691], [-71.79022, 18.95691], [-71.79572, 18.95691], [-71.80109, 18.95691], [-71.80658, 18.95691], [-71.80658, 18.96252], [-71.81201, 18.96252], [-71.81763, 18.96252], [-71.82312, 18.96252], [-71.82861, 18.96252], [-71.83411, 18.96252], [-71.83411, 18.9679], [-71.8396, 18.9679], [-71.84509, 18.9679], [-71.84509, 18.96252], [-71.8396, 18.96252], [-71.8396, 18.95691], [-71.84509, 18.95691], [-71.84509, 18.96252], [-71.85059, 18.96252], [-71.85059, 18.95691], [-71.85608, 18.95691], [-71.85608, 18.96252], [-71.86151, 18.96252], [-71.86151, 18.95691], [-71.86151, 18.95148], [-71.86151, 18.94592], [-71.86713, 18.94592], [-71.87262, 18.94592], [-71.87262, 18.95148], [-71.87811, 18.94592], [-71.87811, 18.94049], [-71.88348, 18.94049], [-71.88348, 18.94592], [-71.88348, 18.95148], [-71.88348, 18.95691], [-71.87811, 18.95691], [-71.87262, 18.95691], [-71.87262, 18.96252], [-71.87262, 18.9679], [-71.87811, 18.9679], [-71.87811, 18.97351], [-71.87262, 18.97351], [-71.86713, 18.97351], [-71.86713, 18.97888], [-71.86713, 18.9845], [-71.86151, 18.9845], [-71.86151, 18.97888], [-71.85608, 18.97888], [-71.85608, 18.9845], [-71.85059, 18.9845], [-71.85059, 18.98993], [-71.84509, 18.98993], [-71.84509, 18.99548], [-71.84509, 19.00092], [-71.8396, 19.00092], [-71.83411, 19.00092], [-71.83411, 19.00629], [-71.82861, 19.00629], [-71.82861, 19.00092], [-71.82861, 18.99548], [-71.82312, 18.99548], [-71.81763, 18.99548], [-71.81201, 18.99548], [-71.81201, 19.00092], [-71.80658, 19.00092], [-71.80658, 19.00629], [-71.80109, 19.00629], [-71.79572, 19.00629], [-71.79572, 19.00092], [-71.79572, 18.99548], [-71.79022, 18.99548], [-71.78473, 18.99548], [-71.78473, 19.00092], [-71.79022, 19.00092], [-71.79022, 19.00629], [-71.79022, 19.0119], [-71.78473, 19.0119], [-71.77917, 19.0119], [-71.77368, 19.0119], [-71.77917, 19.01727], [-71.77917, 19.02289], [-71.77368, 19.02289], [-71.77368, 19.02832], [-71.77368, 19.03387], [-71.76819, 19.03387], [-71.76819, 19.02832], [-71.7627, 19.02832], [-71.7627, 19.03387], [-71.7627, 19.03931], [-71.7572, 19.03931], [-71.75171, 19.03931], [-71.75171, 19.04492], [-71.74622, 19.04492], [-71.74072, 19.04492], [-71.73523, 19.04492], [-71.73523, 19.05029], [-71.72968, 19.05029], [-71.72418, 19.05029], [-71.72418, 19.05591], [-71.71881, 19.06128], [-71.71881, 19.06689], [-71.71881, 19.07233], [-71.71332, 19.07233], [-71.70782, 19.07233], [-71.70782, 19.06689], [-71.70221, 19.07233], [-71.70221, 19.07788], [-71.70782, 19.07788], [-71.71332, 19.07788], [-71.71332, 19.08331], [-71.70782, 19.08331], [-71.70221, 19.08331], [-71.70221, 19.08868], [-71.69678, 19.08868], [-71.69678, 19.0943], [-71.70221, 19.0943], [-71.70221, 19.09967], [-71.70782, 19.09967], [-71.70782, 19.10529], [-71.70221, 19.10529], [-71.69678, 19.10529], [-71.69128, 19.10529], [-71.68579, 19.10529], [-71.6803, 19.10529], [-71.6803, 19.11072], [-71.6803, 19.11627], [-71.6748, 19.11627], [-71.66931, 19.11627], [-71.66382, 19.11627], [-71.65833, 19.11627], [-71.65271, 19.11627], [-71.65271, 19.1217], [-71.64728, 19.1217], [-71.64728, 19.12732], [-71.64728, 19.13269], [-71.64728, 19.13831], [-71.65271, 19.13831], [-71.65271, 19.14368], [-71.64728, 19.14368], [-71.64178, 19.14368], [-71.64178, 19.14929], [-71.64728, 19.14929], [-71.64728, 19.15472], [-71.64178, 19.15472], [-71.64178, 19.16028], [-71.64728, 19.16028], [-71.64728, 19.16571], [-71.64178, 19.16571], [-71.63641, 19.16571], [-71.63641, 19.17108], [-71.63641, 19.1767], [-71.63641, 19.18213], [-71.63092, 19.18213], [-71.62543, 19.18213], [-71.62543, 19.18768], [-71.63092, 19.18768], [-71.63641, 19.18768], [-71.63641, 19.19312], [-71.63641, 19.19873], [-71.63641, 19.2041], [-71.63092, 19.2041], [-71.62543, 19.2041], [-71.61981, 19.2041], [-71.61981, 19.20972], [-71.62543, 19.20972], [-71.63092, 19.20972], [-71.63092, 19.21509], [-71.63641, 19.21509], [-71.63641, 19.2207], [-71.63641, 19.22607], [-71.63641, 19.23169], [-71.64178, 19.23169], [-71.64728, 19.23169], [-71.65271, 19.23169], [-71.65833, 19.23169], [-71.66382, 19.23169], [-71.66931, 19.23169], [-71.66931, 19.23712], [-71.6748, 19.23712], [-71.6748, 19.23169], [-71.6803, 19.23169], [-71.6803, 19.23712], [-71.68579, 19.23712], [-71.69128, 19.23712], [-71.69128, 19.24268], [-71.69678, 19.24268], [-71.70221, 19.24268], [-71.70221, 19.24811], [-71.70782, 19.24811], [-71.70782, 19.25348], [-71.70782, 19.25909], [-71.71332, 19.25909], [-71.71332, 19.26453], [-71.71881, 19.26453], [-71.72418, 19.26453], [-71.72418, 19.27008], [-71.72418, 19.27551], [-71.72968, 19.27551], [-71.72968, 19.27008], [-71.72968, 19.26453], [-71.73523, 19.26453], [-71.73523, 19.27008], [-71.74072, 19.27008], [-71.74072, 19.27551], [-71.74622, 19.27551], [-71.75171, 19.28113], [-71.7572, 19.28113], [-71.7572, 19.27551], [-71.7627, 19.27551], [-71.76819, 19.27551], [-71.76819, 19.27008], [-71.77368, 19.27008], [-71.77368, 19.26453], [-71.77368, 19.25909], [-71.77917, 19.25909], [-71.78473, 19.25909], [-71.78473, 19.26453], [-71.79022, 19.25909], [-71.79572, 19.25909], [-71.80109, 19.25909], [-71.80658, 19.26453], [-71.81201, 19.26453], [-71.81763, 19.26453], [-71.82312, 19.26453], [-71.82861, 19.26453], [-71.83411, 19.26453], [-71.8396, 19.26453], [-71.84509, 19.26453], [-71.85059, 19.27008], [-71.85608, 19.27008], [-71.85608, 19.27551], [-71.86151, 19.27551], [-71.86713, 19.28113], [-71.86713, 19.27551], [-71.87262, 19.27551], [-71.87811, 19.27551], [-71.88348, 19.27551], [-71.88898, 19.27551], [-71.89441, 19.27551], [-71.90002, 19.27551], [-71.90002, 19.28113], [-71.90552, 19.2865], [-71.91101, 19.2865], [-71.91101, 19.29211], [-71.90552, 19.29211], [-71.90552, 19.29749], [-71.91101, 19.29749], [-71.9165, 19.3031], [-71.9165, 19.30847], [-71.922, 19.30847], [-71.92749, 19.30847], [-71.93298, 19.30847], [-71.93848, 19.30847], [-71.94391, 19.30847], [-71.94952, 19.30847], [-71.95502, 19.31409], [-71.96039, 19.31409], [-71.96588, 19.31409], [-71.96588, 19.31952], [-71.97137, 19.32507], [-71.97693, 19.32507], [-71.97693, 19.33051], [-71.98242, 19.33588]]]]}}, {"type": "Feature", "properties": {"atmart_geo_id": "HTE-412010", "pcode": "412010", "region_id_dhs": "HTDHS2016412010", "nom_fr": "Grand'Anse", "nom_source": "Grande-Anse", "niveau_admin": "enquete"}, "geometry": {"type": "MultiPolygon", "coordinates": [[[[-73.73468, 18.55591], [-73.72919, 18.55591], [-73.72919, 18.56152], [-73.73468, 18.56152], [-73.73468, 18.55591]]], [[[-73.72382, 18.56152], [-73.72919, 18.56689], [-73.72919, 18.56152], [-73.72382, 18.56152]]], [[[-73.8446, 18.5835], [-73.8446, 18.58893], [-73.8501, 18.58893], [-73.8501, 18.5835], [-73.8446, 18.5835]]], [[[-73.80621, 18.60529], [-73.80621, 18.6109], [-73.81158, 18.6109], [-73.81708, 18.6109], [-73.81708, 18.60529], [-73.81158, 18.59991], [-73.80621, 18.59991], [-73.80621, 18.60529]]], [[[-73.75671, 18.5835], [-73.75122, 18.5835], [-73.74573, 18.57788], [-73.74011, 18.57788], [-73.73468, 18.57788], [-73.73468, 18.5835], [-73.72382, 18.58893], [-73.71832, 18.58893], [-73.71832, 18.59448], [-73.71283, 18.59448], [-73.70178, 18.60529], [-73.70178, 18.6109], [-73.70178, 18.62189], [-73.70728, 18.62732], [-73.71283, 18.62732], [-73.71832, 18.62732], [-73.71832, 18.63287], [-73.72382, 18.63287], [-73.72919, 18.63287], [-73.74011, 18.63287], [-73.74573, 18.63831], [-73.75122, 18.63831], [-73.75122, 18.64392], [-73.75671, 18.64392], [-73.76221, 18.64392], [-73.7677, 18.64392], [-73.7677, 18.63831], [-73.77319, 18.63831], [-73.77869, 18.63831], [-73.77869, 18.63287], [-73.78418, 18.62732], [-73.78961, 18.62732], [-73.79523, 18.62189], [-73.80072, 18.61627], [-73.80072, 18.6109], [-73.80072, 18.60529], [-73.80072, 18.59991], [-73.79523, 18.59991], [-73.79523, 18.59448], [-73.78961, 18.59448], [-73.78418, 18.59448], [-73.77869, 18.59448], [-73.77869, 18.58893], [-73.77319, 18.58893], [-73.7677, 18.58893], [-73.7677, 18.5835], [-73.76221, 18.5835], [-73.75671, 18.57788], [-73.75671, 18.5835]]], [[[-74.0863, 18.62189], [-74.0918, 18.62732], [-74.09729, 18.62732], [-74.10278, 18.62732], [-74.10828, 18.63287], [-74.11371, 18.63831], [-74.11371, 18.64392], [-74.11371, 18.64929], [-74.11932, 18.64929], [-74.12482, 18.65491], [-74.13019, 18.64929], [-74.13568, 18.66028], [-74.14111, 18.66028], [-74.14673, 18.66028], [-74.15771, 18.66589], [-74.16321, 18.66589], [-74.1687, 18.66589], [-74.17419, 18.66589], [-74.17969, 18.66589], [-74.18518, 18.67133], [-74.19061, 18.67133], [-74.19623, 18.67133], [-74.21808, 18.67133], [-74.22351, 18.67133], [-74.22913, 18.67133], [-74.23462, 18.67133], [-74.24011, 18.67133], [-74.24011, 18.66589], [-74.24561, 18.66589], [-74.2511, 18.66589], [-74.25659, 18.67133], [-74.26208, 18.67133], [-74.26758, 18.66589], [-74.26758, 18.66028], [-74.27301, 18.65491], [-74.27863, 18.65491], [-74.27863, 18.64929], [-74.28412, 18.64392], [-74.28412, 18.64929], [-74.28961, 18.64929], [-74.28961, 18.65491], [-74.29498, 18.66028], [-74.30597, 18.66028], [-74.31152, 18.65491], [-74.30597, 18.65491], [-74.30597, 18.64929], [-74.31152, 18.64929], [-74.31702, 18.64929], [-74.31702, 18.65491], [-74.32251, 18.65491], [-74.328, 18.65491], [-74.3335, 18.65491], [-74.33899, 18.64392], [-74.34448, 18.64929], [-74.34998, 18.64392], [-74.35553, 18.64392], [-74.36102, 18.63831], [-74.36652, 18.63831], [-74.37189, 18.63287], [-74.37738, 18.63287], [-74.38281, 18.63831], [-74.38843, 18.64392], [-74.39392, 18.63831], [-74.39392, 18.63287], [-74.39941, 18.62732], [-74.4104, 18.62732], [-74.4104, 18.62189], [-74.41589, 18.62189], [-74.42139, 18.61627], [-74.42688, 18.61627], [-74.42688, 18.6109], [-74.42688, 18.60529], [-74.43231, 18.60529], [-74.43231, 18.59991], [-74.42688, 18.59991], [-74.42688, 18.59448], [-74.42139, 18.59448], [-74.41589, 18.58893], [-74.41589, 18.5835], [-74.42139, 18.57788], [-74.42139, 18.57251], [-74.42688, 18.56152], [-74.42688, 18.55591], [-74.43231, 18.55048], [-74.43793, 18.55048], [-74.43793, 18.54492], [-74.43793, 18.53949], [-74.43793, 18.53387], [-74.44342, 18.53387], [-74.44891, 18.5285], [-74.44891, 18.52289], [-74.44342, 18.52289], [-74.44342, 18.51752], [-74.44891, 18.51208], [-74.44891, 18.50653], [-74.45428, 18.50653], [-74.45428, 18.5011], [-74.45978, 18.49548], [-74.46521, 18.49011], [-74.45978, 18.4845], [-74.45428, 18.4845], [-74.45428, 18.47351], [-74.45428, 18.46808], [-74.46521, 18.46252], [-74.45978, 18.46252], [-74.46521, 18.45709], [-74.46521, 18.45148], [-74.47083, 18.44611], [-74.47632, 18.44611], [-74.47083, 18.44067], [-74.47632, 18.44067], [-74.47632, 18.43512], [-74.47632, 18.42969], [-74.48181, 18.42969], [-74.48181, 18.42407], [-74.47632, 18.42407], [-74.47632, 18.4187], [-74.47632, 18.41309], [-74.47083, 18.41309], [-74.46521, 18.40771], [-74.45978, 18.40771], [-74.45978, 18.4021], [-74.45428, 18.39673], [-74.44891, 18.39111], [-74.45428, 18.38013], [-74.45428, 18.37469], [-74.45428, 18.36908], [-74.44891, 18.36908], [-74.44891, 18.36371], [-74.44891, 18.35828], [-74.44342, 18.35828], [-74.43793, 18.35828], [-74.43793, 18.36371], [-74.43231, 18.36371], [-74.43231, 18.35828], [-74.42688, 18.35828], [-74.42139, 18.35828], [-74.41589, 18.35828], [-74.4104, 18.35828], [-74.40491, 18.35828], [-74.39941, 18.35828], [-74.39392, 18.35828], [-74.38843, 18.35828], [-74.38843, 18.36371], [-74.38281, 18.36371], [-74.38281, 18.35828], [-74.37738, 18.35828], [-74.37738, 18.36371], [-74.37189, 18.36371], [-74.37189, 18.35828], [-74.36652, 18.35828], [-74.36652, 18.36371], [-74.36102, 18.36371], [-74.36102, 18.35828], [-74.35553, 18.35828], [-74.35553, 18.36371], [-74.34998, 18.36371], [-74.34448, 18.36371], [-74.33899, 18.36371], [-74.3335, 18.36371], [-74.328, 18.35828], [-74.328, 18.36371], [-74.32251, 18.36371], [-74.31702, 18.36371], [-74.31152, 18.36371], [-74.31152, 18.36908], [-74.30597, 18.36908], [-74.30048, 18.37469], [-74.29498, 18.38013], [-74.29498, 18.38568], [-74.29498, 18.39111], [-74.29498, 18.39673], [-74.28412, 18.39111], [-74.28412, 18.38568], [-74.27863, 18.38568], [-74.27863, 18.38013], [-74.27301, 18.38013], [-74.26758, 18.38013], [-74.26208, 18.37469], [-74.2511, 18.37469], [-74.24561, 18.37469], [-74.24011, 18.37469], [-74.23462, 18.37469], [-74.22913, 18.38013], [-74.22351, 18.38013], [-74.21808, 18.38568], [-74.22351, 18.38568], [-74.21808, 18.39111], [-74.21808, 18.39673], [-74.21808, 18.4021], [-74.21259, 18.4021], [-74.20721, 18.39673], [-74.20172, 18.39673], [-74.19623, 18.39673], [-74.19061, 18.39673], [-74.17969, 18.39111], [-74.17419, 18.39673], [-74.17419, 18.39111], [-74.16321, 18.39673], [-74.15771, 18.39673], [-74.14673, 18.39673], [-74.13568, 18.4021], [-74.13019, 18.4021], [-74.12482, 18.39673], [-74.11932, 18.39673], [-74.11371, 18.39673], [-74.10828, 18.4021], [-74.10278, 18.4021], [-74.09729, 18.4021], [-74.0863, 18.40771], [-74.08081, 18.40771], [-74.07532, 18.40771], [-74.06982, 18.40771], [-74.06982, 18.4021], [-74.06421, 18.4021], [-74.05878, 18.4021], [-74.05328, 18.39673], [-74.04791, 18.39111], [-74.04242, 18.38568], [-74.03693, 18.38568], [-74.03131, 18.38568], [-74.02039, 18.38013], [-74.01489, 18.38013], [-74.0094, 18.38568], [-74.00391, 18.38568], [-73.99841, 18.38013], [-73.99292, 18.38013], [-73.98743, 18.37469], [-73.98181, 18.37469], [-73.97638, 18.37469], [-73.97638, 18.36908], [-73.97089, 18.36908], [-73.96552, 18.36908], [-73.96002, 18.36908], [-73.95453, 18.36908], [-73.94897, 18.36908], [-73.94348, 18.36908], [-73.93799, 18.36908], [-73.9325, 18.36908], [-73.9325, 18.36371], [-73.927, 18.36371], [-73.92151, 18.36371], [-73.91602, 18.36371], [-73.91052, 18.36371], [-73.90503, 18.36371], [-73.89948, 18.36371], [-73.89398, 18.36371], [-73.89398, 18.36908], [-73.89398, 18.37469], [-73.89948, 18.37469], [-73.89948, 18.38013], [-73.90503, 18.38568], [-73.90503, 18.39111], [-73.90503, 18.39673], [-73.90503, 18.4021], [-73.89948, 18.4021], [-73.89398, 18.4021], [-73.88849, 18.4021], [-73.88849, 18.40771], [-73.88312, 18.40771], [-73.87762, 18.40771], [-73.87201, 18.40771], [-73.86658, 18.40771], [-73.86108, 18.40771], [-73.85559, 18.40771], [-73.8501, 18.40771], [-73.8446, 18.40771], [-73.83911, 18.40771], [-73.83362, 18.41309], [-73.82812, 18.41309], [-73.82251, 18.41309], [-73.81708, 18.41309], [-73.80621, 18.4187], [-73.80072, 18.4187], [-73.79523, 18.4187], [-73.78961, 18.42407], [-73.78418, 18.42407], [-73.77869, 18.42407], [-73.77869, 18.44067], [-73.77319, 18.44067], [-73.77319, 18.44611], [-73.77319, 18.45148], [-73.77319, 18.45709], [-73.7677, 18.45709], [-73.7677, 18.46252], [-73.7677, 18.46808], [-73.75671, 18.46808], [-73.75671, 18.47351], [-73.75122, 18.47351], [-73.74573, 18.47351], [-73.74011, 18.47913], [-73.74011, 18.4845], [-73.74011, 18.49011], [-73.74573, 18.49011], [-73.75122, 18.49011], [-73.75671, 18.49548], [-73.76221, 18.49548], [-73.7677, 18.49548], [-73.7677, 18.5011], [-73.7677, 18.50653], [-73.76221, 18.51208], [-73.75671, 18.51208], [-73.75122, 18.51752], [-73.74573, 18.52289], [-73.74011, 18.5285], [-73.74011, 18.53387], [-73.73468, 18.53387], [-73.73468, 18.53949], [-73.72919, 18.53949], [-73.72919, 18.54492], [-73.73468, 18.54492], [-73.74011, 18.54492], [-73.74573, 18.54492], [-73.75122, 18.54492], [-73.75671, 18.54492], [-73.75671, 18.53949], [-73.76221, 18.53949], [-73.7677, 18.53949], [-73.77319, 18.53949], [-73.77869, 18.53949], [-73.78418, 18.53949], [-73.78961, 18.53949], [-73.79523, 18.54492], [-73.80072, 18.54492], [-73.80072, 18.55048], [-73.80621, 18.55048], [-73.81158, 18.55048], [-73.81158, 18.55591], [-73.81708, 18.55591], [-73.82251, 18.55591], [-73.82251, 18.56152], [-73.82812, 18.56152], [-73.83362, 18.56152], [-73.83362, 18.56689], [-73.83911, 18.56689], [-73.8446, 18.56689], [-73.8501, 18.56689], [-73.85559, 18.56689], [-73.86108, 18.56689], [-73.86658, 18.56689], [-73.87201, 18.56689], [-73.87762, 18.56689], [-73.88849, 18.56689], [-73.89948, 18.56689], [-73.90503, 18.56689], [-73.90503, 18.57251], [-73.91052, 18.57251], [-73.91602, 18.57251], [-73.91602, 18.57788], [-73.91052, 18.5835], [-73.91602, 18.5835], [-73.92151, 18.5835], [-73.91602, 18.58893], [-73.92151, 18.58893], [-73.927, 18.58893], [-73.9325, 18.59448], [-73.9325, 18.58893], [-73.93799, 18.58893], [-73.94348, 18.58893], [-73.94897, 18.58893], [-73.95453, 18.59448], [-73.96002, 18.59991], [-73.97089, 18.59991], [-73.97638, 18.59991], [-73.98181, 18.59991], [-73.98743, 18.59991], [-73.99292, 18.59991], [-73.99841, 18.59991], [-74.00391, 18.59991], [-74.0094, 18.59991], [-74.01489, 18.59991], [-74.03131, 18.59991], [-74.03693, 18.59991], [-74.04242, 18.59991], [-74.04791, 18.60529], [-74.05328, 18.60529], [-74.05878, 18.60529], [-74.06421, 18.60529], [-74.06982, 18.6109], [-74.07532, 18.6109], [-74.08081, 18.61627], [-74.0863, 18.61627], [-74.0863, 18.62189]]]]}}, {"type": "Feature", "properties": {"atmart_geo_id": "HTE-412011", "pcode": "412011", "region_id_dhs": "HTDHS2016412011", "nom_fr": "Nippes", "nom_source": "Nippes", "niveau_admin": "enquete"}, "geometry": {"type": "MultiPolygon", "coordinates": [[[[-73.01508, 18.22632], [-73.01508, 18.22089], [-73.00958, 18.22089], [-73.01508, 18.22632]]], [[[-73.09741, 18.44611], [-73.09741, 18.45148], [-73.10303, 18.45148], [-73.09741, 18.44611]]], [[[-73.11401, 18.45709], [-73.11951, 18.46252], [-73.11951, 18.45709], [-73.11401, 18.45709]]], [[[-73.10852, 18.46808], [-73.10303, 18.46252], [-73.10303, 18.46808], [-73.10852, 18.46808]]], [[[-73.65228, 18.52289], [-73.65778, 18.52289], [-73.66327, 18.51752], [-73.66882, 18.51752], [-73.66882, 18.51208], [-73.66327, 18.51208], [-73.65778, 18.51208], [-73.65228, 18.51752], [-73.65228, 18.52289]]], [[[-73.55353, 18.51208], [-73.55353, 18.51752], [-73.55353, 18.52289], [-73.55902, 18.52289], [-73.55902, 18.51752], [-73.55353, 18.51208]]], [[[-73.57538, 18.53387], [-73.57538, 18.5285], [-73.56989, 18.5285], [-73.56451, 18.5285], [-73.55902, 18.5285], [-73.55902, 18.53387], [-73.56451, 18.53387], [-73.56989, 18.53387], [-73.57538, 18.53387]]], [[[-73.57538, 18.53387], [-73.57538, 18.53949], [-73.58081, 18.53949], [-73.58643, 18.53949], [-73.58643, 18.53387], [-73.58081, 18.53387], [-73.57538, 18.53387]]], [[[-73.58643, 18.54492], [-73.59192, 18.54492], [-73.59192, 18.53949], [-73.58643, 18.53949], [-73.58643, 18.54492]]], [[[-73.67432, 18.55048], [-73.67432, 18.55591], [-73.67981, 18.55591], [-73.67981, 18.55048], [-73.67432, 18.55048]]], [[[-73.63593, 18.50653], [-73.64142, 18.50653], [-73.64142, 18.5011], [-73.64691, 18.5011], [-73.65228, 18.5011], [-73.65778, 18.49548], [-73.66327, 18.49548], [-73.66882, 18.5011], [-73.66882, 18.50653], [-73.67432, 18.50653], [-73.67432, 18.51208], [-73.66882, 18.51752], [-73.67432, 18.51752], [-73.66882, 18.52289], [-73.66882, 18.5285], [-73.66327, 18.5285], [-73.66327, 18.53387], [-73.65778, 18.53949], [-73.66327, 18.53949], [-73.66882, 18.53949], [-73.67432, 18.53949], [-73.67981, 18.53949], [-73.67981, 18.54492], [-73.6853, 18.53949], [-73.6853, 18.54492], [-73.6908, 18.53949], [-73.69629, 18.53949], [-73.69629, 18.54492], [-73.70178, 18.53949], [-73.70728, 18.53949], [-73.71283, 18.53949], [-73.71283, 18.54492], [-73.70728, 18.54492], [-73.70178, 18.54492], [-73.69629, 18.55048], [-73.6908, 18.55048], [-73.6853, 18.55048], [-73.6853, 18.55591], [-73.6853, 18.56152], [-73.67981, 18.56152], [-73.67432, 18.56152], [-73.66882, 18.55591], [-73.66327, 18.55591], [-73.66882, 18.55048], [-73.66327, 18.55048], [-73.65228, 18.55048], [-73.64691, 18.55048], [-73.64691, 18.55591], [-73.64142, 18.55591], [-73.63031, 18.55591], [-73.62488, 18.55591], [-73.61938, 18.55048], [-73.61389, 18.55048], [-73.6084, 18.55048], [-73.59741, 18.55048], [-73.59192, 18.55048], [-73.58081, 18.55591], [-73.57538, 18.56152], [-73.57538, 18.56689], [-73.56989, 18.57251], [-73.56451, 18.57788], [-73.56451, 18.5835], [-73.56989, 18.5835], [-73.57538, 18.58893], [-73.58081, 18.58893], [-73.58081, 18.5835], [-73.59192, 18.5835], [-73.59741, 18.5835], [-73.60291, 18.5835], [-73.6084, 18.5835], [-73.61389, 18.5835], [-73.62488, 18.5835], [-73.63031, 18.5835], [-73.63031, 18.57788], [-73.63593, 18.57788], [-73.64142, 18.57788], [-73.64691, 18.57251], [-73.65228, 18.57251], [-73.65778, 18.57251], [-73.66882, 18.57251], [-73.67432, 18.57251], [-73.67981, 18.57251], [-73.6853, 18.57251], [-73.6908, 18.57788], [-73.70178, 18.57788], [-73.70178, 18.57251], [-73.70728, 18.57251], [-73.71832, 18.56689], [-73.72382, 18.56689], [-73.72382, 18.56152], [-73.72382, 18.55591], [-73.72382, 18.55048], [-73.72919, 18.55048], [-73.73468, 18.55048], [-73.73468, 18.54492], [-73.72919, 18.54492], [-73.72919, 18.53949], [-73.73468, 18.53949], [-73.73468, 18.53387], [-73.74011, 18.53387], [-73.74011, 18.5285], [-73.74573, 18.52289], [-73.75122, 18.51752], [-73.75671, 18.51208], [-73.76221, 18.51208], [-73.7677, 18.50653], [-73.7677, 18.5011], [-73.7677, 18.49548], [-73.76221, 18.49548], [-73.75671, 18.49548], [-73.75122, 18.49011], [-73.74573, 18.49011], [-73.74011, 18.49011], [-73.74011, 18.4845], [-73.74011, 18.47913], [-73.74573, 18.47351], [-73.75122, 18.47351], [-73.75671, 18.47351], [-73.75671, 18.46808], [-73.7677, 18.46808], [-73.7677, 18.46252], [-73.7677, 18.45709], [-73.77319, 18.45709], [-73.77319, 18.45148], [-73.77319, 18.44611], [-73.77319, 18.44067], [-73.77869, 18.44067], [-73.77869, 18.42407], [-73.77869, 18.4187], [-73.77319, 18.4187], [-73.7677, 18.4187], [-73.76221, 18.42407], [-73.75671, 18.42407], [-73.75122, 18.42407], [-73.74573, 18.42407], [-73.74573, 18.4187], [-73.74011, 18.4187], [-73.73468, 18.41309], [-73.72382, 18.41309], [-73.71832, 18.41309], [-73.71283, 18.4187], [-73.70728, 18.4187], [-73.70178, 18.4187], [-73.69629, 18.41309], [-73.6908, 18.40771], [-73.6853, 18.4021], [-73.67981, 18.4021], [-73.67981, 18.39673], [-73.67432, 18.39673], [-73.67432, 18.4021], [-73.66882, 18.4021], [-73.66882, 18.40771], [-73.67432, 18.41309], [-73.67432, 18.4187], [-73.66882, 18.42407], [-73.67432, 18.42969], [-73.66882, 18.42969], [-73.66882, 18.43512], [-73.66327, 18.42969], [-73.65778, 18.42969], [-73.65778, 18.42407], [-73.65228, 18.42407], [-73.65228, 18.42969], [-73.64691, 18.42969], [-73.64142, 18.42969], [-73.64142, 18.42407], [-73.63031, 18.42407], [-73.62488, 18.42407], [-73.61938, 18.42407], [-73.6084, 18.42969], [-73.6084, 18.42407], [-73.60291, 18.42407], [-73.60291, 18.4187], [-73.59741, 18.4187], [-73.59192, 18.4187], [-73.58643, 18.4187], [-73.58081, 18.4187], [-73.58081, 18.41309], [-73.58081, 18.40771], [-73.57538, 18.40771], [-73.57538, 18.4021], [-73.56989, 18.4021], [-73.56451, 18.4021], [-73.55902, 18.4021], [-73.55902, 18.39673], [-73.55902, 18.39111], [-73.55353, 18.39111], [-73.54791, 18.39111], [-73.54791, 18.38568], [-73.54248, 18.38568], [-73.53699, 18.38568], [-73.54248, 18.38013], [-73.54248, 18.37469], [-73.54791, 18.37469], [-73.55353, 18.37469], [-73.55353, 18.36908], [-73.55353, 18.36371], [-73.55902, 18.35828], [-73.55353, 18.35272], [-73.55902, 18.34729], [-73.55353, 18.3363], [-73.54248, 18.3363], [-73.53699, 18.3363], [-73.53149, 18.3363], [-73.526, 18.3363], [-73.52051, 18.3363], [-73.51501, 18.3363], [-73.50952, 18.3363], [-73.50403, 18.3363], [-73.49841, 18.3363], [-73.49298, 18.3363], [-73.49298, 18.34167], [-73.48749, 18.34167], [-73.48212, 18.34167], [-73.47662, 18.34167], [-73.47107, 18.34167], [-73.47107, 18.3363], [-73.46558, 18.3363], [-73.46008, 18.3363], [-73.45459, 18.3363], [-73.4491, 18.34167], [-73.4436, 18.34167], [-73.43811, 18.34167], [-73.43262, 18.34167], [-73.42712, 18.34729], [-73.42151, 18.34167], [-73.41608, 18.34167], [-73.41058, 18.34167], [-73.40521, 18.34729], [-73.39972, 18.34729], [-73.39423, 18.34729], [-73.38861, 18.34729], [-73.38318, 18.34729], [-73.37769, 18.34729], [-73.37219, 18.34729], [-73.3667, 18.34729], [-73.36121, 18.34729], [-73.36121, 18.34167], [-73.35571, 18.34167], [-73.35022, 18.34729], [-73.34473, 18.35272], [-73.34473, 18.35828], [-73.33911, 18.35828], [-73.33911, 18.36371], [-73.33911, 18.36908], [-73.33368, 18.36908], [-73.32819, 18.36908], [-73.32281, 18.36908], [-73.32281, 18.36371], [-73.31732, 18.36371], [-73.31183, 18.36371], [-73.30621, 18.36371], [-73.30078, 18.36371], [-73.30078, 18.36908], [-73.29529, 18.36908], [-73.28979, 18.36908], [-73.2843, 18.36908], [-73.2843, 18.36371], [-73.27881, 18.36371], [-73.27332, 18.36371], [-73.27332, 18.35828], [-73.26782, 18.35828], [-73.26233, 18.35828], [-73.26233, 18.35272], [-73.25677, 18.35272], [-73.25128, 18.35272], [-73.24579, 18.35272], [-73.24042, 18.35272], [-73.23492, 18.35272], [-73.22931, 18.35272], [-73.22388, 18.35272], [-73.21838, 18.35828], [-73.21838, 18.36371], [-73.21289, 18.36371], [-73.2074, 18.36371], [-73.2019, 18.36371], [-73.19641, 18.36371], [-73.19092, 18.36371], [-73.18542, 18.36371], [-73.18542, 18.35828], [-73.17981, 18.35828], [-73.17438, 18.35828], [-73.16888, 18.35272], [-73.16351, 18.35272], [-73.15802, 18.35272], [-73.15253, 18.35272], [-73.15253, 18.35828], [-73.14691, 18.35828], [-73.14691, 18.36371], [-73.14148, 18.36371], [-73.13599, 18.36371], [-73.13049, 18.36371], [-73.13049, 18.35828], [-73.125, 18.35828], [-73.125, 18.36371], [-73.11951, 18.36371], [-73.11401, 18.36371], [-73.10852, 18.36371], [-73.10852, 18.35828], [-73.10303, 18.35828], [-73.10303, 18.35272], [-73.09741, 18.35272], [-73.09741, 18.34729], [-73.09741, 18.34167], [-73.09198, 18.34167], [-73.08649, 18.34167], [-73.08649, 18.3363], [-73.08112, 18.3363], [-73.08112, 18.33069], [-73.07562, 18.33069], [-73.07562, 18.32532], [-73.07013, 18.32532], [-73.07013, 18.3197], [-73.06458, 18.3197], [-73.06458, 18.31427], [-73.06458, 18.30872], [-73.05908, 18.30872], [-73.05908, 18.30328], [-73.05359, 18.30328], [-73.0481, 18.30328], [-73.0481, 18.29773], [-73.0426, 18.29773], [-73.0426, 18.2923], [-73.0481, 18.2923], [-73.0481, 18.28668], [-73.0481, 18.28131], [-73.0426, 18.27588], [-73.0426, 18.27032], [-73.03711, 18.27032], [-73.03711, 18.26489], [-73.0426, 18.25928], [-73.03711, 18.25928], [-73.03711, 18.25391], [-73.03162, 18.25391], [-73.03162, 18.24829], [-73.03162, 18.24292], [-73.03162, 18.2373], [-73.02612, 18.2373], [-73.02063, 18.2373], [-73.02063, 18.23187], [-73.02063, 18.22632], [-73.01508, 18.22632], [-73.00958, 18.23187], [-73.00958, 18.2373], [-73.00958, 18.24292], [-73.00958, 18.24829], [-73.00958, 18.25391], [-73.01508, 18.25391], [-73.01508, 18.25928], [-73.01508, 18.26489], [-73.01508, 18.27032], [-73.01508, 18.28131], [-73.00958, 18.28668], [-73.00421, 18.2923], [-72.99872, 18.29773], [-72.99872, 18.30328], [-72.99323, 18.30328], [-72.99323, 18.31427], [-72.99323, 18.3197], [-72.99872, 18.32532], [-72.99872, 18.33069], [-73.00421, 18.33069], [-73.00958, 18.33069], [-73.00958, 18.3363], [-73.01508, 18.3363], [-73.01508, 18.34167], [-73.02063, 18.34167], [-73.02063, 18.34729], [-73.02063, 18.35272], [-73.01508, 18.35272], [-73.00958, 18.35828], [-73.01508, 18.36908], [-73.02063, 18.36908], [-73.02612, 18.37469], [-73.02063, 18.38013], [-73.02063, 18.38568], [-73.02612, 18.38568], [-73.02612, 18.39111], [-73.03162, 18.39111], [-73.03711, 18.39673], [-73.03711, 18.4021], [-73.03711, 18.40771], [-73.03711, 18.41309], [-73.0426, 18.41309], [-73.0426, 18.4187], [-73.0481, 18.4187], [-73.0481, 18.42407], [-73.0481, 18.42969], [-73.05359, 18.42969], [-73.05359, 18.43512], [-73.0481, 18.43512], [-73.0426, 18.43512], [-73.0481, 18.44067], [-73.0481, 18.44611], [-73.05359, 18.44611], [-73.05359, 18.45148], [-73.05359, 18.45709], [-73.05908, 18.45709], [-73.06458, 18.45709], [-73.07013, 18.45709], [-73.07562, 18.45148], [-73.07562, 18.44611], [-73.08112, 18.44611], [-73.08649, 18.44611], [-73.09198, 18.44611], [-73.09198, 18.44067], [-73.09741, 18.44067], [-73.09741, 18.44611], [-73.10303, 18.44611], [-73.10852, 18.44611], [-73.10852, 18.45148], [-73.11401, 18.45148], [-73.11951, 18.45709], [-73.125, 18.46252], [-73.125, 18.46808], [-73.125, 18.47351], [-73.13049, 18.47351], [-73.13599, 18.47351], [-73.14148, 18.47351], [-73.14148, 18.47913], [-73.14691, 18.47913], [-73.15253, 18.47913], [-73.15802, 18.47913], [-73.16351, 18.4845], [-73.16888, 18.4845], [-73.17438, 18.4845], [-73.17981, 18.4845], [-73.18542, 18.4845], [-73.19092, 18.49011], [-73.19641, 18.4845], [-73.2019, 18.4845], [-73.2074, 18.4845], [-73.21289, 18.47913], [-73.22388, 18.47913], [-73.22931, 18.47351], [-73.23492, 18.47351], [-73.24042, 18.47351], [-73.24579, 18.47351], [-73.25128, 18.47351], [-73.25128, 18.47913], [-73.25677, 18.47913], [-73.26233, 18.47913], [-73.26782, 18.47913], [-73.27332, 18.47913], [-73.27881, 18.47913], [-73.2843, 18.47913], [-73.28979, 18.47913], [-73.29529, 18.47913], [-73.30078, 18.4845], [-73.30621, 18.4845], [-73.31183, 18.49011], [-73.31732, 18.49548], [-73.32281, 18.49548], [-73.32819, 18.49548], [-73.32819, 18.5011], [-73.33368, 18.5011], [-73.34473, 18.5011], [-73.35022, 18.5011], [-73.35571, 18.50653], [-73.36121, 18.50653], [-73.3667, 18.50653], [-73.3667, 18.51208], [-73.37219, 18.51208], [-73.38318, 18.51208], [-73.38861, 18.51208], [-73.39423, 18.51208], [-73.39972, 18.51208], [-73.40521, 18.51752], [-73.41058, 18.51752], [-73.41608, 18.51752], [-73.42151, 18.51752], [-73.42712, 18.51752], [-73.42712, 18.52289], [-73.43262, 18.52289], [-73.43811, 18.52289], [-73.4436, 18.52289], [-73.4491, 18.52289], [-73.45459, 18.52289], [-73.46008, 18.5285], [-73.46008, 18.52289], [-73.46558, 18.52289], [-73.47107, 18.52289], [-73.48212, 18.52289], [-73.49298, 18.52289], [-73.50403, 18.52289], [-73.526, 18.52289], [-73.53149, 18.52289], [-73.53699, 18.52289], [-73.54248, 18.5285], [-73.54791, 18.5285], [-73.55353, 18.5285], [-73.54791, 18.52289], [-73.54248, 18.52289], [-73.54248, 18.51752], [-73.54791, 18.51752], [-73.55353, 18.51208], [-73.55902, 18.50653], [-73.56451, 18.50653], [-73.56989, 18.50653], [-73.56989, 18.5011], [-73.57538, 18.50653], [-73.57538, 18.51208], [-73.58081, 18.51208], [-73.58081, 18.50653], [-73.58081, 18.5011], [-73.58643, 18.50653], [-73.58643, 18.5011], [-73.59192, 18.5011], [-73.59741, 18.5011], [-73.60291, 18.5011], [-73.6084, 18.5011], [-73.61389, 18.5011], [-73.61938, 18.5011], [-73.62488, 18.5011], [-73.63031, 18.5011], [-73.63593, 18.5011], [-73.63593, 18.50653]]]]}}, {"type": "Feature", "properties": {"atmart_geo_id": "HTE-412004", "pcode": "412004", "region_id_dhs": "HTDHS2016412004", "nom_fr": "Nord", "nom_source": "North", "niveau_admin": "enquete"}, "geometry": {"type": "MultiPolygon", "coordinates": [[[[-72.19672, 19.75348], [-72.19672, 19.75891], [-72.19672, 19.76453], [-72.19672, 19.7699], [-72.19122, 19.7699], [-72.19122, 19.77551], [-72.19122, 19.78088], [-72.19672, 19.7865], [-72.20209, 19.7865], [-72.20758, 19.7865], [-72.21301, 19.7865], [-72.21863, 19.78088], [-72.21863, 19.7865], [-72.22412, 19.7865], [-72.22412, 19.78088], [-72.22961, 19.78088], [-72.23511, 19.7865], [-72.2406, 19.7865], [-72.24609, 19.7865], [-72.25159, 19.7865], [-72.25159, 19.78088], [-72.24609, 19.78088], [-72.24609, 19.77551], [-72.24609, 19.7699], [-72.25159, 19.7699], [-72.25159, 19.77551], [-72.26251, 19.77551], [-72.26251, 19.7699], [-72.26251, 19.76453], [-72.26251, 19.75891], [-72.26813, 19.75891], [-72.27362, 19.75891], [-72.27362, 19.76453], [-72.27911, 19.76453], [-72.28448, 19.76453], [-72.28998, 19.76453], [-72.29541, 19.76453], [-72.30103, 19.75891], [-72.30652, 19.75891], [-72.31201, 19.75891], [-72.31201, 19.76453], [-72.3175, 19.7699], [-72.323, 19.7699], [-72.323, 19.76453], [-72.3175, 19.75891], [-72.3175, 19.75348], [-72.31201, 19.75348], [-72.31201, 19.74792], [-72.323, 19.74792], [-72.323, 19.74249], [-72.3175, 19.73688], [-72.31201, 19.74249], [-72.31201, 19.73688], [-72.3175, 19.73688], [-72.3175, 19.73151], [-72.3175, 19.72607], [-72.3175, 19.72052], [-72.31201, 19.72052], [-72.3175, 19.71509], [-72.3175, 19.70947], [-72.323, 19.7041], [-72.323, 19.70947], [-72.32849, 19.70947], [-72.33398, 19.71509], [-72.33948, 19.72052], [-72.33948, 19.72607], [-72.33948, 19.73151], [-72.33948, 19.73688], [-72.33948, 19.74249], [-72.34491, 19.74249], [-72.34491, 19.74792], [-72.33948, 19.74792], [-72.33948, 19.74249], [-72.33398, 19.74249], [-72.32849, 19.74249], [-72.32849, 19.74792], [-72.33398, 19.75348], [-72.33948, 19.75891], [-72.33948, 19.76453], [-72.33948, 19.7699], [-72.34491, 19.77551], [-72.35052, 19.77551], [-72.35602, 19.78088], [-72.36151, 19.7865], [-72.36688, 19.79187], [-72.37238, 19.79187], [-72.37793, 19.79749], [-72.38342, 19.80292], [-72.38342, 19.80829], [-72.37793, 19.80829], [-72.37238, 19.8139], [-72.37793, 19.8139], [-72.38342, 19.8139], [-72.38892, 19.8139], [-72.38892, 19.80829], [-72.39441, 19.80292], [-72.3999, 19.80292], [-72.41089, 19.80292], [-72.41638, 19.80829], [-72.42187, 19.80829], [-72.42743, 19.8139], [-72.42743, 19.81927], [-72.42743, 19.82489], [-72.43292, 19.83032], [-72.43842, 19.83032], [-72.43842, 19.82489], [-72.43292, 19.81927], [-72.43292, 19.8139], [-72.43842, 19.81927], [-72.44379, 19.81927], [-72.44379, 19.8139], [-72.44928, 19.8139], [-72.45471, 19.81927], [-72.46033, 19.81927], [-72.46033, 19.82489], [-72.47131, 19.83032], [-72.47681, 19.83032], [-72.47131, 19.82489], [-72.47681, 19.81927], [-72.4823, 19.81927], [-72.4823, 19.82489], [-72.48779, 19.83032], [-72.49329, 19.83032], [-72.49329, 19.82489], [-72.49329, 19.81927], [-72.49878, 19.81927], [-72.49878, 19.82489], [-72.49878, 19.83588], [-72.50421, 19.83588], [-72.50421, 19.84131], [-72.50983, 19.84692], [-72.51532, 19.84692], [-72.51532, 19.84131], [-72.52081, 19.84131], [-72.52081, 19.84692], [-72.52618, 19.84692], [-72.53168, 19.84692], [-72.53711, 19.85229], [-72.54272, 19.85791], [-72.54272, 19.86328], [-72.54822, 19.86328], [-72.5592, 19.8689], [-72.55371, 19.87433], [-72.5592, 19.87988], [-72.5647, 19.87988], [-72.57019, 19.87433], [-72.57568, 19.87433], [-72.57568, 19.8689], [-72.58118, 19.8689], [-72.58118, 19.86328], [-72.58118, 19.85791], [-72.58118, 19.85229], [-72.58661, 19.85229], [-72.59222, 19.85229], [-72.59222, 19.84692], [-72.59222, 19.84131], [-72.59772, 19.84131], [-72.59772, 19.83588], [-72.59222, 19.83588], [-72.59222, 19.83032], [-72.59772, 19.83032], [-72.59772, 19.83588], [-72.60309, 19.83588], [-72.60309, 19.84131], [-72.60858, 19.83588], [-72.61407, 19.83588], [-72.61407, 19.83032], [-72.61407, 19.82489], [-72.61407, 19.81927], [-72.61963, 19.81927], [-72.61963, 19.8139], [-72.62512, 19.8139], [-72.63062, 19.8139], [-72.63062, 19.81927], [-72.63611, 19.81927], [-72.6416, 19.81927], [-72.6416, 19.82489], [-72.63611, 19.82489], [-72.6416, 19.83032], [-72.64709, 19.83032], [-72.65259, 19.83032], [-72.65808, 19.83032], [-72.66351, 19.83032], [-72.66913, 19.83032], [-72.67462, 19.83032], [-72.68011, 19.83032], [-72.68549, 19.83032], [-72.68549, 19.82489], [-72.68011, 19.82489], [-72.68011, 19.81927], [-72.67462, 19.8139], [-72.68011, 19.80829], [-72.68011, 19.80292], [-72.68011, 19.79749], [-72.67462, 19.79187], [-72.67462, 19.7865], [-72.67462, 19.78088], [-72.66913, 19.77551], [-72.66351, 19.77551], [-72.65808, 19.77551], [-72.65259, 19.77551], [-72.65808, 19.7865], [-72.6416, 19.7865], [-72.63611, 19.77551], [-72.6416, 19.7699], [-72.64709, 19.76453], [-72.64709, 19.75891], [-72.64709, 19.75348], [-72.64709, 19.74792], [-72.6416, 19.74249], [-72.63611, 19.74249], [-72.63062, 19.74249], [-72.62512, 19.74249], [-72.62512, 19.74792], [-72.62512, 19.75348], [-72.62512, 19.75891], [-72.61963, 19.75891], [-72.61407, 19.75891], [-72.61407, 19.75348], [-72.60858, 19.75348], [-72.60858, 19.74792], [-72.60309, 19.74249], [-72.59772, 19.72607], [-72.59772, 19.72052], [-72.59772, 19.71509], [-72.60309, 19.70947], [-72.60858, 19.69849], [-72.61407, 19.7041], [-72.61407, 19.69849], [-72.61407, 19.69312], [-72.60858, 19.69312], [-72.60858, 19.6875], [-72.60309, 19.6875], [-72.60309, 19.68213], [-72.59772, 19.68213], [-72.59222, 19.68213], [-72.58661, 19.67651], [-72.58118, 19.67651], [-72.57568, 19.67651], [-72.57568, 19.67108], [-72.57568, 19.6601], [-72.57019, 19.65448], [-72.57019, 19.64911], [-72.57019, 19.64368], [-72.57019, 19.63812], [-72.57019, 19.63269], [-72.5647, 19.62708], [-72.5592, 19.6217], [-72.5592, 19.61609], [-72.55371, 19.61609], [-72.55371, 19.61072], [-72.54822, 19.6051], [-72.54272, 19.59967], [-72.54272, 19.59412], [-72.54272, 19.58868], [-72.53711, 19.58868], [-72.53711, 19.58313], [-72.53168, 19.58313], [-72.52618, 19.5777], [-72.52081, 19.58313], [-72.51532, 19.58313], [-72.51532, 19.5777], [-72.52081, 19.5777], [-72.52081, 19.57208], [-72.51532, 19.56671], [-72.50983, 19.56128], [-72.50421, 19.56128], [-72.49878, 19.56128], [-72.49329, 19.55573], [-72.48779, 19.54468], [-72.4823, 19.54468], [-72.47681, 19.53931], [-72.47131, 19.53369], [-72.46582, 19.52832], [-72.46033, 19.52832], [-72.45471, 19.52271], [-72.44928, 19.52271], [-72.44379, 19.52271], [-72.43842, 19.52271], [-72.43842, 19.52832], [-72.43292, 19.52271], [-72.42743, 19.52832], [-72.42187, 19.53369], [-72.41638, 19.53931], [-72.41638, 19.54468], [-72.41638, 19.55029], [-72.42187, 19.55029], [-72.42187, 19.55573], [-72.42187, 19.56128], [-72.42187, 19.56671], [-72.41638, 19.56671], [-72.41638, 19.57208], [-72.41089, 19.57208], [-72.41089, 19.56671], [-72.4054, 19.56671], [-72.3999, 19.56671], [-72.3999, 19.56128], [-72.39441, 19.56128], [-72.38892, 19.56671], [-72.38892, 19.57208], [-72.38892, 19.5777], [-72.38342, 19.5777], [-72.38342, 19.58313], [-72.37793, 19.58313], [-72.37793, 19.58868], [-72.37238, 19.58868], [-72.36688, 19.58868], [-72.36151, 19.58868], [-72.36151, 19.58313], [-72.36151, 19.5777], [-72.36688, 19.5777], [-72.36688, 19.57208], [-72.36688, 19.56671], [-72.36151, 19.56671], [-72.36151, 19.57208], [-72.35602, 19.57208], [-72.35052, 19.57208], [-72.34491, 19.57208], [-72.33948, 19.57208], [-72.33398, 19.57208], [-72.32849, 19.57208], [-72.323, 19.57208], [-72.323, 19.56671], [-72.323, 19.56128], [-72.3175, 19.56128], [-72.3175, 19.55573], [-72.323, 19.55573], [-72.323, 19.55029], [-72.323, 19.54468], [-72.323, 19.53931], [-72.32849, 19.53369], [-72.32849, 19.52832], [-72.323, 19.52832], [-72.323, 19.52271], [-72.323, 19.51727], [-72.323, 19.51172], [-72.32849, 19.51172], [-72.32849, 19.50629], [-72.32849, 19.50067], [-72.32849, 19.4953], [-72.323, 19.4953], [-72.323, 19.48969], [-72.3175, 19.48969], [-72.323, 19.48431], [-72.323, 19.47888], [-72.323, 19.47333], [-72.32849, 19.47333], [-72.32849, 19.4679], [-72.32849, 19.46228], [-72.323, 19.46228], [-72.3175, 19.46228], [-72.31201, 19.46228], [-72.30652, 19.4679], [-72.30103, 19.4679], [-72.29541, 19.4679], [-72.28998, 19.4679], [-72.28448, 19.4679], [-72.27362, 19.46228], [-72.27362, 19.4679], [-72.26813, 19.47333], [-72.26251, 19.47333], [-72.25708, 19.47888], [-72.25708, 19.47333], [-72.25159, 19.47888], [-72.25159, 19.47333], [-72.25708, 19.4679], [-72.25708, 19.46228], [-72.25708, 19.45691], [-72.25159, 19.45691], [-72.25159, 19.45129], [-72.25159, 19.44592], [-72.24609, 19.44592], [-72.24609, 19.44031], [-72.2406, 19.44031], [-72.23511, 19.44031], [-72.23511, 19.43488], [-72.22961, 19.43488], [-72.22412, 19.43488], [-72.22412, 19.42932], [-72.22961, 19.42932], [-72.22961, 19.42389], [-72.22412, 19.42389], [-72.22412, 19.41827], [-72.22961, 19.41827], [-72.22961, 19.4129], [-72.22961, 19.40729], [-72.22961, 19.40192], [-72.22961, 19.39648], [-72.22961, 19.39093], [-72.22961, 19.3855], [-72.2406, 19.3855], [-72.24609, 19.3855], [-72.24609, 19.37988], [-72.2406, 19.37451], [-72.23511, 19.37451], [-72.23511, 19.3689], [-72.22961, 19.3689], [-72.22961, 19.36353], [-72.23511, 19.36353], [-72.23511, 19.35791], [-72.22961, 19.35791], [-72.22961, 19.35248], [-72.22961, 19.34692], [-72.22961, 19.34149], [-72.22412, 19.34149], [-72.22412, 19.33588], [-72.22412, 19.33051], [-72.22412, 19.32507], [-72.21863, 19.32507], [-72.21863, 19.31952], [-72.21301, 19.31952], [-72.20758, 19.31952], [-72.20758, 19.31409], [-72.20209, 19.31409], [-72.20209, 19.30847], [-72.20209, 19.3031], [-72.20209, 19.29749], [-72.19672, 19.29749], [-72.19122, 19.29749], [-72.18573, 19.29749], [-72.18573, 19.29211], [-72.18018, 19.29211], [-72.18018, 19.2865], [-72.17468, 19.2865], [-72.16919, 19.2865], [-72.1637, 19.28113], [-72.1582, 19.28113], [-72.1582, 19.27551], [-72.1582, 19.27008], [-72.15271, 19.27008], [-72.15271, 19.26453], [-72.15271, 19.25909], [-72.14722, 19.25909], [-72.14172, 19.25909], [-72.13617, 19.25348], [-72.13068, 19.25348], [-72.13068, 19.25909], [-72.12518, 19.25909], [-72.12518, 19.26453], [-72.11981, 19.26453], [-72.11432, 19.26453], [-72.10883, 19.26453], [-72.10321, 19.26453], [-72.09778, 19.26453], [-72.09229, 19.26453], [-72.09229, 19.27008], [-72.08679, 19.27008], [-72.08679, 19.27551], [-72.0813, 19.27551], [-72.0813, 19.28113], [-72.07581, 19.28113], [-72.07581, 19.2865], [-72.07031, 19.2865], [-72.06482, 19.29211], [-72.05933, 19.29211], [-72.05933, 19.29749], [-72.05371, 19.29749], [-72.04828, 19.29749], [-72.04828, 19.3031], [-72.04279, 19.3031], [-72.03741, 19.3031], [-72.03192, 19.3031], [-72.03192, 19.30847], [-72.02643, 19.30847], [-72.02643, 19.31409], [-72.02081, 19.31409], [-72.02081, 19.31952], [-72.02081, 19.32507], [-72.01538, 19.32507], [-72.00989, 19.32507], [-72.00439, 19.32507], [-71.9989, 19.32507], [-71.99341, 19.33051], [-71.98792, 19.33051], [-71.98792, 19.33588], [-71.98242, 19.33588], [-71.97693, 19.33588], [-71.97693, 19.34149], [-71.97137, 19.34149], [-71.97137, 19.34692], [-71.97693, 19.35248], [-71.98242, 19.35791], [-71.98792, 19.36353], [-71.98792, 19.3689], [-71.99341, 19.3689], [-71.99341, 19.37451], [-71.99341, 19.37988], [-71.9989, 19.3855], [-71.9989, 19.39093], [-72.00439, 19.39093], [-72.00439, 19.39648], [-72.00989, 19.40192], [-72.01538, 19.40192], [-72.01538, 19.40729], [-72.02081, 19.40729], [-72.02081, 19.4129], [-72.02643, 19.4129], [-72.02643, 19.41827], [-72.03192, 19.41827], [-72.03192, 19.42389], [-72.03741, 19.42389], [-72.03741, 19.42932], [-72.03741, 19.43488], [-72.04279, 19.43488], [-72.04828, 19.43488], [-72.05371, 19.44031], [-72.05933, 19.44031], [-72.05933, 19.44592], [-72.06482, 19.44592], [-72.07031, 19.44592], [-72.07031, 19.44031], [-72.06482, 19.44031], [-72.06482, 19.43488], [-72.07031, 19.43488], [-72.07581, 19.43488], [-72.0813, 19.43488], [-72.0813, 19.44031], [-72.08679, 19.44031], [-72.08679, 19.44592], [-72.09229, 19.44592], [-72.08679, 19.45129], [-72.08679, 19.45691], [-72.0813, 19.45691], [-72.07581, 19.45691], [-72.07031, 19.45691], [-72.07031, 19.46228], [-72.06482, 19.4679], [-72.06482, 19.47333], [-72.06482, 19.47888], [-72.06482, 19.48431], [-72.07031, 19.48431], [-72.07581, 19.48431], [-72.07581, 19.48969], [-72.0813, 19.48969], [-72.08679, 19.48969], [-72.08679, 19.4953], [-72.09229, 19.4953], [-72.09229, 19.50067], [-72.09229, 19.50629], [-72.09229, 19.51172], [-72.09229, 19.51727], [-72.09778, 19.51727], [-72.10321, 19.52271], [-72.10321, 19.52832], [-72.09778, 19.52832], [-72.09778, 19.53369], [-72.09778, 19.53931], [-72.09778, 19.54468], [-72.10321, 19.54468], [-72.10321, 19.55029], [-72.10321, 19.55573], [-72.10883, 19.55573], [-72.10883, 19.56128], [-72.11432, 19.56128], [-72.10883, 19.56671], [-72.11432, 19.57208], [-72.11432, 19.5777], [-72.11981, 19.5777], [-72.11981, 19.58313], [-72.11981, 19.58868], [-72.11432, 19.58868], [-72.11432, 19.59412], [-72.10883, 19.59412], [-72.10883, 19.59967], [-72.10321, 19.6051], [-72.10883, 19.6051], [-72.10883, 19.61072], [-72.11432, 19.61072], [-72.11432, 19.61609], [-72.11432, 19.6217], [-72.10883, 19.6217], [-72.10883, 19.62708], [-72.10883, 19.63269], [-72.10321, 19.63269], [-72.09778, 19.63269], [-72.09778, 19.62708], [-72.09229, 19.62708], [-72.08679, 19.62708], [-72.0813, 19.62708], [-72.0813, 19.63269], [-72.07581, 19.63269], [-72.07031, 19.63269], [-72.06482, 19.63269], [-72.06482, 19.63812], [-72.06482, 19.64368], [-72.06482, 19.64911], [-72.06482, 19.65448], [-72.06482, 19.6601], [-72.05933, 19.6601], [-72.05933, 19.66553], [-72.05933, 19.67108], [-72.05933, 19.67651], [-72.05933, 19.68213], [-72.06482, 19.6875], [-72.05933, 19.69312], [-72.06482, 19.69312], [-72.06482, 19.69849], [-72.05371, 19.69849], [-72.04828, 19.69849], [-72.04279, 19.69849], [-72.03741, 19.7041], [-72.03741, 19.70947], [-72.03741, 19.71509], [-72.03741, 19.72052], [-72.03741, 19.72607], [-72.04279, 19.73151], [-72.04828, 19.73688], [-72.05371, 19.73688], [-72.05371, 19.73151], [-72.04828, 19.73151], [-72.04828, 19.72607], [-72.05371, 19.72607], [-72.05933, 19.71509], [-72.05933, 19.72052], [-72.05371, 19.72607], [-72.05933, 19.73151], [-72.06482, 19.73151], [-72.07031, 19.73151], [-72.07581, 19.73151], [-72.0813, 19.72607], [-72.08679, 19.72607], [-72.09229, 19.72607], [-72.09778, 19.72607], [-72.10321, 19.72607], [-72.10883, 19.72607], [-72.11981, 19.73151], [-72.12518, 19.73688], [-72.12518, 19.74249], [-72.13068, 19.74792], [-72.13617, 19.74792], [-72.14172, 19.74792], [-72.14722, 19.74792], [-72.14722, 19.74249], [-72.15271, 19.74249], [-72.1637, 19.74792], [-72.16919, 19.74249], [-72.17468, 19.74792], [-72.18018, 19.74249], [-72.18573, 19.74249], [-72.19122, 19.74249], [-72.20209, 19.74249], [-72.20209, 19.74792], [-72.20209, 19.75348], [-72.19672, 19.75348]], [[-72.06482, 19.70947], [-72.06482, 19.7041], [-72.07031, 19.7041], [-72.07031, 19.69849], [-72.07581, 19.7041], [-72.0813, 19.69849], [-72.0813, 19.7041], [-72.07581, 19.7041], [-72.07581, 19.70947], [-72.07031, 19.70947], [-72.06482, 19.70947]]]]}}, {"type": "Feature", "properties": {"atmart_geo_id": "HTE-412005", "pcode": "412005", "region_id_dhs": "HTDHS2016412005", "nom_fr": "Nord-Est", "nom_source": "North-East", "niveau_admin": "enquete"}, "geometry": {"type": "MultiPolygon", "coordinates": [[[[-71.98792, 19.72052], [-71.99341, 19.70947], [-71.98792, 19.7041], [-71.99341, 19.7041], [-71.99341, 19.69849], [-71.98792, 19.69849], [-71.99341, 19.69312], [-71.99341, 19.69849], [-71.9989, 19.69849], [-72.00439, 19.69849], [-72.00439, 19.7041], [-72.00989, 19.7041], [-72.00989, 19.69849], [-72.02081, 19.69849], [-72.02081, 19.69312], [-72.02643, 19.69849], [-72.03192, 19.69849], [-72.03741, 19.69849], [-72.04279, 19.69849], [-72.03741, 19.69312], [-72.04279, 19.69312], [-72.04828, 19.6875], [-72.05371, 19.6875], [-72.04828, 19.69312], [-72.05371, 19.69312], [-72.05933, 19.69312], [-72.06482, 19.6875], [-72.05933, 19.68213], [-72.05933, 19.67651], [-72.05933, 19.67108], [-72.05933, 19.66553], [-72.05933, 19.6601], [-72.06482, 19.6601], [-72.06482, 19.65448], [-72.06482, 19.64911], [-72.06482, 19.64368], [-72.06482, 19.63812], [-72.06482, 19.63269], [-72.07031, 19.63269], [-72.07581, 19.63269], [-72.0813, 19.63269], [-72.0813, 19.62708], [-72.08679, 19.62708], [-72.09229, 19.62708], [-72.09778, 19.62708], [-72.09778, 19.63269], [-72.10321, 19.63269], [-72.10883, 19.63269], [-72.10883, 19.62708], [-72.10883, 19.6217], [-72.11432, 19.6217], [-72.11432, 19.61609], [-72.11432, 19.61072], [-72.10883, 19.61072], [-72.10883, 19.6051], [-72.10321, 19.6051], [-72.10883, 19.59967], [-72.10883, 19.59412], [-72.11432, 19.59412], [-72.11432, 19.58868], [-72.11981, 19.58868], [-72.11981, 19.58313], [-72.11981, 19.5777], [-72.11432, 19.5777], [-72.11432, 19.57208], [-72.10883, 19.56671], [-72.11432, 19.56128], [-72.10883, 19.56128], [-72.10883, 19.55573], [-72.10321, 19.55573], [-72.10321, 19.55029], [-72.10321, 19.54468], [-72.09778, 19.54468], [-72.09778, 19.53931], [-72.09778, 19.53369], [-72.09778, 19.52832], [-72.10321, 19.52832], [-72.10321, 19.52271], [-72.09778, 19.51727], [-72.09229, 19.51727], [-72.09229, 19.51172], [-72.09229, 19.50629], [-72.09229, 19.50067], [-72.09229, 19.4953], [-72.08679, 19.4953], [-72.08679, 19.48969], [-72.0813, 19.48969], [-72.07581, 19.48969], [-72.07581, 19.48431], [-72.07031, 19.48431], [-72.06482, 19.48431], [-72.06482, 19.47888], [-72.06482, 19.47333], [-72.06482, 19.4679], [-72.07031, 19.46228], [-72.07031, 19.45691], [-72.07581, 19.45691], [-72.0813, 19.45691], [-72.08679, 19.45691], [-72.08679, 19.45129], [-72.09229, 19.44592], [-72.08679, 19.44592], [-72.08679, 19.44031], [-72.0813, 19.44031], [-72.0813, 19.43488], [-72.07581, 19.43488], [-72.07031, 19.43488], [-72.06482, 19.43488], [-72.06482, 19.44031], [-72.07031, 19.44031], [-72.07031, 19.44592], [-72.06482, 19.44592], [-72.05933, 19.44592], [-72.05933, 19.44031], [-72.05371, 19.44031], [-72.04828, 19.43488], [-72.04279, 19.43488], [-72.03741, 19.43488], [-72.03741, 19.42932], [-72.03741, 19.42389], [-72.03192, 19.42389], [-72.03192, 19.41827], [-72.02643, 19.41827], [-72.02643, 19.4129], [-72.02081, 19.4129], [-72.02081, 19.40729], [-72.01538, 19.40729], [-72.01538, 19.40192], [-72.00989, 19.40192], [-72.00439, 19.39648], [-72.00439, 19.39093], [-71.9989, 19.39093], [-71.9989, 19.3855], [-71.99341, 19.37988], [-71.99341, 19.37451], [-71.99341, 19.3689], [-71.98792, 19.3689], [-71.98792, 19.36353], [-71.98242, 19.35791], [-71.97693, 19.35248], [-71.97137, 19.34692], [-71.97137, 19.34149], [-71.97693, 19.34149], [-71.97693, 19.33588], [-71.98242, 19.33588], [-71.97693, 19.33051], [-71.97693, 19.32507], [-71.97137, 19.32507], [-71.96588, 19.31952], [-71.96588, 19.31409], [-71.96039, 19.31409], [-71.95502, 19.31409], [-71.94952, 19.30847], [-71.94391, 19.30847], [-71.93848, 19.30847], [-71.93298, 19.30847], [-71.92749, 19.30847], [-71.922, 19.30847], [-71.9165, 19.30847], [-71.9165, 19.3031], [-71.91101, 19.29749], [-71.90552, 19.29749], [-71.90552, 19.29211], [-71.91101, 19.29211], [-71.91101, 19.2865], [-71.90552, 19.2865], [-71.90002, 19.28113], [-71.90002, 19.27551], [-71.89441, 19.27551], [-71.88898, 19.27551], [-71.88348, 19.27551], [-71.87811, 19.27551], [-71.87262, 19.27551], [-71.86713, 19.27551], [-71.86713, 19.28113], [-71.86151, 19.27551], [-71.85608, 19.27551], [-71.85608, 19.27008], [-71.85059, 19.27008], [-71.84509, 19.26453], [-71.8396, 19.26453], [-71.83411, 19.26453], [-71.82861, 19.26453], [-71.82312, 19.26453], [-71.81763, 19.26453], [-71.81201, 19.26453], [-71.80658, 19.26453], [-71.80109, 19.25909], [-71.79572, 19.25909], [-71.79022, 19.25909], [-71.78473, 19.26453], [-71.78473, 19.25909], [-71.77917, 19.25909], [-71.77368, 19.25909], [-71.77368, 19.26453], [-71.77368, 19.27008], [-71.76819, 19.27008], [-71.76819, 19.27551], [-71.7627, 19.27551], [-71.7572, 19.27551], [-71.7572, 19.28113], [-71.75171, 19.28113], [-71.75171, 19.2865], [-71.7572, 19.29211], [-71.7627, 19.29211], [-71.7627, 19.29749], [-71.7572, 19.29749], [-71.7572, 19.3031], [-71.7627, 19.3031], [-71.7627, 19.30847], [-71.7627, 19.31409], [-71.76819, 19.31409], [-71.76819, 19.31952], [-71.77368, 19.31952], [-71.77368, 19.32507], [-71.77917, 19.32507], [-71.77917, 19.33051], [-71.78473, 19.33051], [-71.77917, 19.33588], [-71.75708, 19.34113], [-71.7572, 19.34692], [-71.75171, 19.34692], [-71.75171, 19.35248], [-71.74622, 19.35248], [-71.74622, 19.35791], [-71.74072, 19.35791], [-71.73523, 19.35791], [-71.72968, 19.36353], [-71.72418, 19.36353], [-71.71881, 19.36353], [-71.71881, 19.3689], [-71.71332, 19.3689], [-71.70782, 19.3689], [-71.70782, 19.36353], [-71.70221, 19.36353], [-71.70221, 19.35791], [-71.69678, 19.35791], [-71.69128, 19.35791], [-71.69128, 19.36353], [-71.69128, 19.3689], [-71.69128, 19.37451], [-71.69128, 19.37988], [-71.69678, 19.37988], [-71.69678, 19.3855], [-71.69678, 19.39093], [-71.69678, 19.39648], [-71.69678, 19.40192], [-71.69128, 19.40192], [-71.69128, 19.40729], [-71.69128, 19.4129], [-71.69128, 19.41827], [-71.69128, 19.42389], [-71.68579, 19.42389], [-71.68579, 19.42932], [-71.6803, 19.42932], [-71.6803, 19.43488], [-71.6803, 19.44031], [-71.6803, 19.44592], [-71.6803, 19.45129], [-71.68579, 19.45129], [-71.68579, 19.45691], [-71.68579, 19.46228], [-71.68579, 19.4679], [-71.69128, 19.4679], [-71.69128, 19.47333], [-71.69128, 19.47888], [-71.69128, 19.48431], [-71.69128, 19.48969], [-71.69128, 19.4953], [-71.69128, 19.50067], [-71.68579, 19.50067], [-71.69128, 19.50629], [-71.68579, 19.51172], [-71.69128, 19.51172], [-71.69678, 19.51172], [-71.70221, 19.51172], [-71.70221, 19.51727], [-71.70221, 19.52271], [-71.70221, 19.52832], [-71.70221, 19.53369], [-71.70782, 19.53369], [-71.71332, 19.53369], [-71.71332, 19.53931], [-71.71332, 19.54468], [-71.71332, 19.55029], [-71.71332, 19.55573], [-71.71881, 19.56128], [-71.73523, 19.5777], [-71.74622, 19.58313], [-71.74622, 19.63269], [-71.72968, 19.64368], [-71.73523, 19.6601], [-71.73523, 19.66553], [-71.74072, 19.66553], [-71.74622, 19.66553], [-71.74622, 19.67108], [-71.75171, 19.67108], [-71.75171, 19.67651], [-71.7572, 19.67651], [-71.7572, 19.68213], [-71.75171, 19.6875], [-71.7572, 19.6875], [-71.7572, 19.69312], [-71.7627, 19.69312], [-71.7627, 19.69849], [-71.7572, 19.69849], [-71.7572, 19.7041], [-71.7627, 19.7041], [-71.76819, 19.7041], [-71.76819, 19.70947], [-71.77368, 19.70947], [-71.77917, 19.70947], [-71.78473, 19.70947], [-71.79022, 19.70947], [-71.79572, 19.70947], [-71.80658, 19.70947], [-71.80658, 19.71509], [-71.81201, 19.71509], [-71.81763, 19.71509], [-71.82861, 19.71509], [-71.8396, 19.71509], [-71.84509, 19.71509], [-71.84509, 19.70947], [-71.85059, 19.70947], [-71.85059, 19.71509], [-71.85608, 19.72052], [-71.86151, 19.72052], [-71.86151, 19.71509], [-71.86713, 19.71509], [-71.86713, 19.72052], [-71.87262, 19.72052], [-71.87811, 19.72052], [-71.88348, 19.72052], [-71.88898, 19.72052], [-71.89441, 19.72052], [-71.90002, 19.72052], [-71.90552, 19.72607], [-71.91101, 19.72607], [-71.92749, 19.72607], [-71.93298, 19.73151], [-71.93848, 19.73151], [-71.94391, 19.73151], [-71.94391, 19.72607], [-71.94391, 19.72052], [-71.94952, 19.72052], [-71.94952, 19.72607], [-71.94952, 19.73151], [-71.95502, 19.73151], [-71.96039, 19.73151], [-71.96588, 19.73688], [-71.97137, 19.73688], [-71.97137, 19.73151], [-71.97693, 19.73151], [-71.98242, 19.73151], [-71.98792, 19.73151], [-71.98792, 19.72607], [-71.99341, 19.72607], [-71.99341, 19.72052], [-71.98792, 19.72052]], [[-71.82312, 19.66553], [-71.82861, 19.66553], [-71.83411, 19.66553], [-71.83411, 19.67108], [-71.8396, 19.67108], [-71.8396, 19.67651], [-71.84509, 19.67651], [-71.85059, 19.67108], [-71.85608, 19.67108], [-71.86151, 19.67108], [-71.86713, 19.67108], [-71.86713, 19.66553], [-71.87262, 19.66553], [-71.87811, 19.6601], [-71.88348, 19.66553], [-71.88348, 19.67108], [-71.88898, 19.67108], [-71.89441, 19.67108], [-71.89441, 19.67651], [-71.88898, 19.67651], [-71.88348, 19.67651], [-71.88898, 19.68213], [-71.89441, 19.68213], [-71.90002, 19.68213], [-71.90552, 19.6875], [-71.90002, 19.6875], [-71.89441, 19.68213], [-71.89441, 19.6875], [-71.88898, 19.6875], [-71.88898, 19.68213], [-71.88348, 19.6875], [-71.88348, 19.68213], [-71.87811, 19.68213], [-71.87262, 19.68213], [-71.86713, 19.6875], [-71.86151, 19.69312], [-71.85608, 19.69312], [-71.85059, 19.69312], [-71.85059, 19.69849], [-71.85059, 19.7041], [-71.84509, 19.7041], [-71.8396, 19.69849], [-71.84509, 19.69849], [-71.84509, 19.69312], [-71.8396, 19.69312], [-71.84509, 19.6875], [-71.8396, 19.6875], [-71.83411, 19.6875], [-71.82861, 19.68213], [-71.82312, 19.68213], [-71.81763, 19.68213], [-71.81201, 19.67651], [-71.81201, 19.67108], [-71.81763, 19.67108], [-71.81763, 19.66553], [-71.81763, 19.6601], [-71.81763, 19.65448], [-71.81763, 19.64911], [-71.82312, 19.64911], [-71.82312, 19.65448], [-71.82312, 19.6601], [-71.82312, 19.66553]], [[-71.97137, 19.7041], [-71.97693, 19.7041], [-71.98242, 19.7041], [-71.98242, 19.70947], [-71.97693, 19.70947], [-71.97137, 19.7041]], [[-71.97693, 19.72052], [-71.97137, 19.72052], [-71.96588, 19.72052], [-71.96039, 19.72052], [-71.95502, 19.71509], [-71.96039, 19.71509], [-71.96588, 19.71509], [-71.97137, 19.71509], [-71.97693, 19.71509], [-71.97693, 19.72052]]]]}}, {"type": "Feature", "properties": {"atmart_geo_id": "HTE-412012", "pcode": "412012", "region_id_dhs": "HTDHS2016412012", "nom_fr": "Nord-Ouest", "nom_source": "North-West", "niveau_admin": "enquete"}, "geometry": {"type": "MultiPolygon", "coordinates": [[[[-72.59772, 19.83588], [-72.59772, 19.83032], [-72.59222, 19.83032], [-72.59222, 19.83588], [-72.59772, 19.83588]]], [[[-72.82288, 19.95129], [-72.82837, 19.94568], [-72.83392, 19.94568], [-72.83392, 19.94031], [-72.83942, 19.94031], [-72.84479, 19.94031], [-72.85028, 19.94568], [-72.85571, 19.94568], [-72.86133, 19.94031], [-72.86682, 19.94031], [-72.87231, 19.92932], [-72.87781, 19.92932], [-72.8833, 19.93469], [-72.88879, 19.93469], [-72.89429, 19.93469], [-72.89978, 19.93469], [-72.90521, 19.93469], [-72.91083, 19.93469], [-72.92181, 19.92932], [-72.92719, 19.92932], [-72.93268, 19.92932], [-72.94373, 19.92932], [-72.94922, 19.92371], [-72.95471, 19.92371], [-72.96021, 19.91827], [-72.96021, 19.91272], [-72.96021, 19.90729], [-72.9657, 19.90729], [-72.9657, 19.91272], [-72.97119, 19.91827], [-72.97119, 19.92371], [-72.97668, 19.92371], [-72.98761, 19.91827], [-72.99323, 19.91827], [-72.99872, 19.91827], [-73.00958, 19.91827], [-73.01508, 19.91827], [-73.02063, 19.91827], [-73.02612, 19.92371], [-73.03162, 19.91827], [-73.03711, 19.91827], [-73.03162, 19.91272], [-73.03162, 19.90729], [-73.03711, 19.90729], [-73.03711, 19.91272], [-73.0426, 19.91272], [-73.0481, 19.91827], [-73.05908, 19.91827], [-73.06458, 19.91827], [-73.07562, 19.91827], [-73.08112, 19.91827], [-73.08649, 19.91827], [-73.09198, 19.91827], [-73.10303, 19.91827], [-73.10303, 19.92371], [-73.11401, 19.92371], [-73.11951, 19.92371], [-73.13049, 19.92371], [-73.14691, 19.92371], [-73.15253, 19.92371], [-73.15802, 19.92932], [-73.16351, 19.92932], [-73.16888, 19.92932], [-73.17438, 19.92371], [-73.17981, 19.92371], [-73.18542, 19.91827], [-73.19092, 19.91827], [-73.19092, 19.91272], [-73.19641, 19.91272], [-73.2019, 19.90729], [-73.2019, 19.90167], [-73.2074, 19.90167], [-73.21838, 19.8963], [-73.22388, 19.8963], [-73.23492, 19.88531], [-73.24042, 19.87988], [-73.24579, 19.87988], [-73.24579, 19.87433], [-73.25128, 19.87433], [-73.25677, 19.8689], [-73.26233, 19.8689], [-73.26782, 19.8689], [-73.27332, 19.86328], [-73.2843, 19.86328], [-73.28979, 19.86328], [-73.28979, 19.85791], [-73.29529, 19.85791], [-73.30621, 19.85791], [-73.31183, 19.85229], [-73.31732, 19.85229], [-73.31732, 19.84692], [-73.32281, 19.84692], [-73.32819, 19.84692], [-73.33368, 19.84131], [-73.33911, 19.84131], [-73.34473, 19.83588], [-73.35022, 19.83588], [-73.35571, 19.83588], [-73.35571, 19.84131], [-73.36121, 19.84131], [-73.3667, 19.84692], [-73.37219, 19.84692], [-73.37219, 19.84131], [-73.37769, 19.84131], [-73.38318, 19.84131], [-73.38861, 19.84131], [-73.39423, 19.84131], [-73.39972, 19.84131], [-73.40521, 19.84131], [-73.41058, 19.84131], [-73.41608, 19.83588], [-73.42151, 19.83032], [-73.42712, 19.82489], [-73.42712, 19.81927], [-73.42151, 19.81927], [-73.41608, 19.81927], [-73.41058, 19.81927], [-73.40521, 19.81927], [-73.39423, 19.81927], [-73.38861, 19.81927], [-73.38861, 19.8139], [-73.37769, 19.8139], [-73.37769, 19.81927], [-73.37219, 19.81927], [-73.37219, 19.82489], [-73.3667, 19.83032], [-73.36121, 19.83032], [-73.3667, 19.82489], [-73.3667, 19.81927], [-73.37219, 19.81927], [-73.37219, 19.8139], [-73.37219, 19.80829], [-73.37769, 19.80829], [-73.38318, 19.80829], [-73.38318, 19.80292], [-73.38861, 19.79749], [-73.39423, 19.79749], [-73.40521, 19.79749], [-73.40521, 19.79187], [-73.41058, 19.79187], [-73.42151, 19.7865], [-73.42151, 19.79187], [-73.42712, 19.79187], [-73.43262, 19.79187], [-73.43262, 19.7865], [-73.43262, 19.78088], [-73.43811, 19.78088], [-73.4436, 19.77551], [-73.4436, 19.7699], [-73.4491, 19.76453], [-73.45459, 19.75891], [-73.45459, 19.75348], [-73.45459, 19.74792], [-73.46008, 19.74249], [-73.46008, 19.73151], [-73.46008, 19.72607], [-73.46008, 19.72052], [-73.45459, 19.72052], [-73.46008, 19.71509], [-73.46008, 19.70947], [-73.46008, 19.69312], [-73.46008, 19.6875], [-73.45459, 19.68213], [-73.4436, 19.67108], [-73.4436, 19.66553], [-73.43811, 19.66553], [-73.43811, 19.6601], [-73.43262, 19.65448], [-73.42712, 19.65448], [-73.42151, 19.65448], [-73.42151, 19.64911], [-73.41058, 19.64368], [-73.40521, 19.63812], [-73.39972, 19.63269], [-73.39423, 19.63269], [-73.38861, 19.63269], [-73.38318, 19.62708], [-73.37769, 19.62708], [-73.37219, 19.62708], [-73.37219, 19.6217], [-73.3667, 19.6217], [-73.36121, 19.6217], [-73.35571, 19.6217], [-73.35022, 19.6217], [-73.33911, 19.6217], [-73.33368, 19.6217], [-73.32819, 19.6217], [-73.32281, 19.6217], [-73.31732, 19.6217], [-73.31183, 19.6217], [-73.30621, 19.62708], [-73.29529, 19.62708], [-73.28979, 19.62708], [-73.2843, 19.62708], [-73.27881, 19.62708], [-73.27332, 19.62708], [-73.27332, 19.63269], [-73.26782, 19.63269], [-73.26233, 19.63269], [-73.26233, 19.62708], [-73.25128, 19.62708], [-73.24579, 19.62708], [-73.24042, 19.62708], [-73.23492, 19.62708], [-73.22931, 19.63269], [-73.22388, 19.63812], [-73.22388, 19.64368], [-73.22388, 19.64911], [-73.22388, 19.65448], [-73.21838, 19.65448], [-73.21289, 19.6601], [-73.2074, 19.65448], [-73.2019, 19.65448], [-73.2019, 19.64911], [-73.19092, 19.64368], [-73.19092, 19.63812], [-73.17981, 19.63812], [-73.17981, 19.63269], [-73.17438, 19.63269], [-73.16888, 19.63269], [-73.16351, 19.62708], [-73.15802, 19.62708], [-73.15253, 19.62708], [-73.15253, 19.6217], [-73.14691, 19.6217], [-73.14148, 19.6217], [-73.13599, 19.6217], [-73.13049, 19.6217], [-73.125, 19.6217], [-73.125, 19.62708], [-73.125, 19.63269], [-73.13049, 19.63269], [-73.13049, 19.63812], [-73.13599, 19.63812], [-73.13599, 19.64368], [-73.13599, 19.64911], [-73.13049, 19.64911], [-73.13049, 19.65448], [-73.125, 19.6601], [-73.125, 19.66553], [-73.11951, 19.67108], [-73.11951, 19.67651], [-73.11951, 19.68213], [-73.11951, 19.6875], [-73.11951, 19.69312], [-73.11951, 19.69849], [-73.11951, 19.7041], [-73.11401, 19.7041], [-73.11401, 19.69849], [-73.10852, 19.69849], [-73.10303, 19.69849], [-73.10303, 19.7041], [-73.09741, 19.70947], [-73.09198, 19.70947], [-73.08649, 19.71509], [-73.08649, 19.72052], [-73.08112, 19.72052], [-73.08112, 19.72607], [-73.08112, 19.73151], [-73.07562, 19.73151], [-73.07013, 19.73151], [-73.06458, 19.73688], [-73.05908, 19.73688], [-73.05908, 19.74249], [-73.05359, 19.74249], [-73.0481, 19.74249], [-73.0426, 19.74249], [-73.03711, 19.73688], [-73.03162, 19.73688], [-73.03162, 19.73151], [-73.02612, 19.73151], [-73.02063, 19.73151], [-73.01508, 19.73151], [-73.00958, 19.73151], [-73.00958, 19.72607], [-73.00421, 19.72607], [-72.99872, 19.72607], [-72.99323, 19.72052], [-72.98761, 19.72052], [-72.98218, 19.72607], [-72.97668, 19.72052], [-72.97668, 19.72607], [-72.97119, 19.72607], [-72.9657, 19.72607], [-72.96021, 19.72607], [-72.95471, 19.72607], [-72.94922, 19.72607], [-72.94373, 19.72607], [-72.93811, 19.72607], [-72.93268, 19.72607], [-72.92719, 19.73151], [-72.92181, 19.72607], [-72.92719, 19.72052], [-72.92719, 19.71509], [-72.92181, 19.71509], [-72.91632, 19.71509], [-72.90521, 19.71509], [-72.89978, 19.71509], [-72.89429, 19.70947], [-72.88879, 19.70947], [-72.8833, 19.70947], [-72.87781, 19.70947], [-72.87231, 19.70947], [-72.86682, 19.70947], [-72.86133, 19.71509], [-72.85571, 19.71509], [-72.84479, 19.71509], [-72.83942, 19.71509], [-72.83942, 19.72052], [-72.83942, 19.72607], [-72.83942, 19.73151], [-72.83392, 19.73151], [-72.82837, 19.73151], [-72.82288, 19.73151], [-72.82288, 19.73688], [-72.81738, 19.73688], [-72.81189, 19.73688], [-72.81189, 19.74249], [-72.81189, 19.74792], [-72.81189, 19.75348], [-72.8064, 19.75348], [-72.8064, 19.75891], [-72.8009, 19.75891], [-72.8009, 19.76453], [-72.79541, 19.76453], [-72.78992, 19.7699], [-72.78442, 19.7699], [-72.78442, 19.77551], [-72.77881, 19.77551], [-72.77881, 19.78088], [-72.77338, 19.78088], [-72.76788, 19.7865], [-72.76251, 19.7865], [-72.75702, 19.7865], [-72.75153, 19.7865], [-72.74591, 19.78088], [-72.74048, 19.78088], [-72.74048, 19.7865], [-72.74048, 19.79187], [-72.73499, 19.79187], [-72.73499, 19.79749], [-72.72949, 19.79749], [-72.72949, 19.80292], [-72.72949, 19.80829], [-72.724, 19.80829], [-72.724, 19.8139], [-72.71851, 19.8139], [-72.71301, 19.8139], [-72.70752, 19.8139], [-72.70203, 19.8139], [-72.69641, 19.8139], [-72.69098, 19.80829], [-72.68549, 19.80829], [-72.68011, 19.80829], [-72.67462, 19.8139], [-72.68011, 19.81927], [-72.68011, 19.82489], [-72.68549, 19.82489], [-72.68549, 19.83032], [-72.68011, 19.83032], [-72.67462, 19.83032], [-72.66913, 19.83032], [-72.66351, 19.83032], [-72.65808, 19.83032], [-72.65259, 19.83032], [-72.64709, 19.83032], [-72.6416, 19.83032], [-72.63611, 19.82489], [-72.6416, 19.82489], [-72.6416, 19.81927], [-72.63611, 19.81927], [-72.63062, 19.81927], [-72.63062, 19.8139], [-72.62512, 19.8139], [-72.61963, 19.8139], [-72.61963, 19.81927], [-72.61407, 19.81927], [-72.61407, 19.82489], [-72.61407, 19.83032], [-72.61407, 19.83588], [-72.60858, 19.83588], [-72.60309, 19.84131], [-72.60309, 19.83588], [-72.59772, 19.83588], [-72.59772, 19.84131], [-72.59222, 19.84131], [-72.59222, 19.84692], [-72.59222, 19.85229], [-72.58661, 19.85229], [-72.58118, 19.85229], [-72.58118, 19.85791], [-72.58118, 19.86328], [-72.58118, 19.8689], [-72.57568, 19.8689], [-72.57568, 19.87433], [-72.57019, 19.87433], [-72.5647, 19.87988], [-72.57568, 19.88531], [-72.57568, 19.89069], [-72.58118, 19.89069], [-72.58118, 19.8963], [-72.58661, 19.8963], [-72.59222, 19.8963], [-72.59772, 19.8963], [-72.60309, 19.8963], [-72.60858, 19.89069], [-72.61407, 19.89069], [-72.62512, 19.89069], [-72.63062, 19.8963], [-72.63611, 19.90167], [-72.63611, 19.90729], [-72.6416, 19.90729], [-72.64709, 19.90729], [-72.65259, 19.91272], [-72.65808, 19.91272], [-72.66351, 19.91272], [-72.66351, 19.91827], [-72.66913, 19.91827], [-72.67462, 19.91827], [-72.68549, 19.92371], [-72.68549, 19.91827], [-72.69098, 19.91827], [-72.69098, 19.92371], [-72.69641, 19.92371], [-72.70203, 19.92371], [-72.70203, 19.92932], [-72.70752, 19.92932], [-72.71301, 19.92932], [-72.71851, 19.92932], [-72.724, 19.93469], [-72.73499, 19.93469], [-72.74048, 19.93469], [-72.74591, 19.94031], [-72.75153, 19.94031], [-72.75702, 19.94031], [-72.75702, 19.94568], [-72.76251, 19.94568], [-72.76788, 19.94568], [-72.77338, 19.94568], [-72.77881, 19.94568], [-72.77881, 19.95129], [-72.78442, 19.95129], [-72.78992, 19.95129], [-72.79541, 19.95129], [-72.8009, 19.94568], [-72.8064, 19.95129], [-72.81189, 19.95129], [-72.81738, 19.95129], [-72.82288, 19.95129]]], [[[-72.8064, 20.0885], [-72.81738, 20.0885], [-72.82837, 20.0885], [-72.83392, 20.0885], [-72.83392, 20.08313], [-72.83942, 20.08313], [-72.85028, 20.08313], [-72.85571, 20.08313], [-72.85571, 20.0885], [-72.86133, 20.0885], [-72.86133, 20.08313], [-72.86682, 20.08313], [-72.87231, 20.08313], [-72.87781, 20.08313], [-72.88879, 20.08313], [-72.89429, 20.08313], [-72.89978, 20.08313], [-72.90521, 20.07751], [-72.91083, 20.07751], [-72.91632, 20.07751], [-72.92181, 20.07751], [-72.92719, 20.07751], [-72.93268, 20.07751], [-72.93811, 20.07208], [-72.94922, 20.07208], [-72.95471, 20.07208], [-72.95471, 20.06653], [-72.96021, 20.06653], [-72.9657, 20.06653], [-72.97119, 20.06653], [-72.97119, 20.0611], [-72.9657, 20.05548], [-72.96021, 20.05011], [-72.95471, 20.05011], [-72.94922, 20.05011], [-72.94373, 20.05011], [-72.93811, 20.05011], [-72.93268, 20.05011], [-72.92719, 20.04468], [-72.92181, 20.04468], [-72.91632, 20.04468], [-72.91083, 20.03912], [-72.89978, 20.03912], [-72.89429, 20.03912], [-72.88879, 20.03369], [-72.8833, 20.02808], [-72.87231, 20.02808], [-72.87231, 20.03369], [-72.86133, 20.02808], [-72.85571, 20.02808], [-72.85028, 20.02808], [-72.82837, 20.02808], [-72.81738, 20.02808], [-72.81189, 20.02271], [-72.8064, 20.02271], [-72.8009, 20.02271], [-72.79541, 20.02271], [-72.79541, 20.01709], [-72.78442, 20.01709], [-72.77881, 20.01709], [-72.77338, 20.01709], [-72.76788, 20.01172], [-72.76251, 20.01172], [-72.75702, 20.0061], [-72.74591, 20.0061], [-72.74048, 20.0061], [-72.73499, 20.0061], [-72.72949, 20.0061], [-72.72949, 20.00067], [-72.724, 20.00067], [-72.71851, 20.00067], [-72.71301, 20.00067], [-72.70203, 20.00067], [-72.69641, 19.99512], [-72.68549, 19.99512], [-72.67462, 19.99512], [-72.66913, 19.99512], [-72.66351, 19.99512], [-72.65808, 19.99512], [-72.65808, 19.98969], [-72.64709, 19.98969], [-72.6416, 19.98969], [-72.63062, 19.98969], [-72.62512, 19.98969], [-72.61963, 19.99512], [-72.62512, 20.00067], [-72.63062, 20.0061], [-72.63062, 20.01172], [-72.6416, 20.01709], [-72.64709, 20.02271], [-72.65259, 20.02808], [-72.65808, 20.02808], [-72.66351, 20.03369], [-72.66351, 20.03912], [-72.67462, 20.04468], [-72.68011, 20.04468], [-72.68549, 20.04468], [-72.69098, 20.04468], [-72.70203, 20.05011], [-72.70752, 20.05011], [-72.71301, 20.05011], [-72.724, 20.05548], [-72.72949, 20.05548], [-72.73499, 20.0611], [-72.74048, 20.0611], [-72.74591, 20.06653], [-72.75153, 20.06653], [-72.76251, 20.06653], [-72.76788, 20.07208], [-72.77338, 20.07208], [-72.77881, 20.07751], [-72.78442, 20.07751], [-72.78992, 20.07751], [-72.79541, 20.08313], [-72.8009, 20.0885], [-72.8064, 20.0885]]]]}}, {"type": "Feature", "properties": {"atmart_geo_id": "HTE-412002", "pcode": "412002", "region_id_dhs": "HTDHS2016412002", "nom_fr": "Reste de l'Ouest", "nom_source": "Rest of West", "niveau_admin": "enquete"}, "geometry": {"type": "MultiPolygon", "coordinates": [[[[-72.17468, 18.42969], [-72.17468, 18.43512], [-72.18018, 18.43512], [-72.18018, 18.42969], [-72.17468, 18.42969]]], [[[-72.57568, 18.56152], [-72.58661, 18.56152], [-72.59222, 18.56152], [-72.59772, 18.56152], [-72.60309, 18.55591], [-72.60858, 18.55591], [-72.61407, 18.55591], [-72.61963, 18.55048], [-72.62512, 18.55048], [-72.63062, 18.55048], [-72.63611, 18.53949], [-72.6416, 18.53387], [-72.64709, 18.5285], [-72.65259, 18.52289], [-72.65259, 18.51752], [-72.65808, 18.51752], [-72.65808, 18.51208], [-72.65808, 18.50653], [-72.66351, 18.49548], [-72.66351, 18.49011], [-72.66913, 18.4845], [-72.66913, 18.47913], [-72.66913, 18.47351], [-72.66913, 18.46808], [-72.67462, 18.46808], [-72.67462, 18.46252], [-72.67462, 18.45709], [-72.68011, 18.45709], [-72.68011, 18.45148], [-72.68549, 18.45148], [-72.68549, 18.44611], [-72.69098, 18.44611], [-72.69098, 18.44067], [-72.69641, 18.44067], [-72.70203, 18.43512], [-72.70752, 18.43512], [-72.71301, 18.43512], [-72.71851, 18.42969], [-72.724, 18.42969], [-72.724, 18.42407], [-72.72949, 18.42407], [-72.74048, 18.42407], [-72.74591, 18.42407], [-72.75153, 18.42407], [-72.75153, 18.42969], [-72.75702, 18.42407], [-72.76251, 18.42969], [-72.76788, 18.42969], [-72.77338, 18.42969], [-72.78442, 18.42969], [-72.78992, 18.42969], [-72.79541, 18.42969], [-72.8009, 18.43512], [-72.8064, 18.43512], [-72.81189, 18.44067], [-72.81738, 18.44067], [-72.82288, 18.44067], [-72.82837, 18.44067], [-72.84479, 18.44067], [-72.85028, 18.44067], [-72.85571, 18.44067], [-72.86133, 18.44067], [-72.86133, 18.43512], [-72.87231, 18.43512], [-72.87231, 18.42969], [-72.87781, 18.42407], [-72.8833, 18.42407], [-72.89429, 18.42407], [-72.89978, 18.42969], [-72.89978, 18.43512], [-72.90521, 18.43512], [-72.90521, 18.44067], [-72.89978, 18.44067], [-72.89429, 18.44067], [-72.89978, 18.44611], [-72.90521, 18.44611], [-72.91632, 18.44611], [-72.91632, 18.45148], [-72.92181, 18.45148], [-72.93268, 18.45709], [-72.93811, 18.45709], [-72.94373, 18.45709], [-72.94922, 18.45709], [-72.95471, 18.45709], [-72.96021, 18.46252], [-72.97119, 18.46252], [-72.97668, 18.46252], [-72.98218, 18.46252], [-72.98761, 18.46252], [-72.99323, 18.46252], [-72.99872, 18.46252], [-73.00421, 18.46252], [-73.02063, 18.46252], [-73.02612, 18.46252], [-73.03162, 18.46252], [-73.03711, 18.46252], [-73.0426, 18.46252], [-73.0481, 18.45709], [-73.05359, 18.45709], [-73.05359, 18.45148], [-73.05359, 18.44611], [-73.0481, 18.44611], [-73.0481, 18.44067], [-73.0426, 18.43512], [-73.0481, 18.43512], [-73.05359, 18.43512], [-73.05359, 18.42969], [-73.0481, 18.42969], [-73.0481, 18.42407], [-73.0481, 18.4187], [-73.0426, 18.4187], [-73.0426, 18.41309], [-73.03711, 18.41309], [-73.03711, 18.40771], [-73.03711, 18.4021], [-73.03711, 18.39673], [-73.03162, 18.39111], [-73.02612, 18.39111], [-73.02612, 18.38568], [-73.02063, 18.38568], [-73.02063, 18.38013], [-73.02612, 18.37469], [-73.02063, 18.36908], [-73.01508, 18.36908], [-73.00958, 18.35828], [-73.01508, 18.35272], [-73.02063, 18.35272], [-73.02063, 18.34729], [-73.02063, 18.34167], [-73.01508, 18.34167], [-73.01508, 18.3363], [-73.00958, 18.3363], [-73.00958, 18.33069], [-73.00421, 18.33069], [-72.99872, 18.33069], [-72.99872, 18.32532], [-72.99323, 18.32532], [-72.98761, 18.3197], [-72.98761, 18.31427], [-72.98761, 18.30872], [-72.98218, 18.30872], [-72.98218, 18.30328], [-72.97668, 18.29773], [-72.97668, 18.2923], [-72.97668, 18.28668], [-72.97119, 18.28668], [-72.97119, 18.28131], [-72.9657, 18.28131], [-72.9657, 18.27588], [-72.96021, 18.27588], [-72.96021, 18.28131], [-72.95471, 18.28131], [-72.95471, 18.2923], [-72.94922, 18.2923], [-72.94373, 18.2923], [-72.93811, 18.2923], [-72.93268, 18.2923], [-72.93268, 18.28668], [-72.92719, 18.28668], [-72.92719, 18.2923], [-72.92181, 18.2923], [-72.92181, 18.28668], [-72.91632, 18.28668], [-72.91632, 18.2923], [-72.91083, 18.2923], [-72.90521, 18.2923], [-72.89978, 18.2923], [-72.89429, 18.2923], [-72.88879, 18.29773], [-72.88879, 18.2923], [-72.89429, 18.2923], [-72.89429, 18.28668], [-72.88879, 18.28131], [-72.8833, 18.28131], [-72.8833, 18.27588], [-72.87781, 18.27588], [-72.87781, 18.27032], [-72.87231, 18.27032], [-72.86682, 18.26489], [-72.86133, 18.25928], [-72.85571, 18.25928], [-72.85028, 18.25928], [-72.85028, 18.26489], [-72.85571, 18.27032], [-72.85571, 18.27588], [-72.85571, 18.28131], [-72.85028, 18.28131], [-72.84479, 18.28131], [-72.83942, 18.28131], [-72.83392, 18.28131], [-72.82837, 18.28131], [-72.82837, 18.28668], [-72.82288, 18.28668], [-72.81738, 18.28668], [-72.81189, 18.28668], [-72.8064, 18.28668], [-72.8064, 18.28131], [-72.8009, 18.28131], [-72.79541, 18.27588], [-72.78992, 18.27588], [-72.78442, 18.27032], [-72.77881, 18.27032], [-72.77338, 18.27032], [-72.76788, 18.26489], [-72.76251, 18.26489], [-72.76251, 18.27032], [-72.76788, 18.27032], [-72.76788, 18.27588], [-72.76251, 18.27588], [-72.76251, 18.28131], [-72.75702, 18.28131], [-72.75702, 18.28668], [-72.75153, 18.28668], [-72.75153, 18.2923], [-72.74591, 18.2923], [-72.74591, 18.28668], [-72.74048, 18.28668], [-72.74048, 18.2923], [-72.74048, 18.29773], [-72.74048, 18.30328], [-72.74048, 18.30872], [-72.74048, 18.31427], [-72.74048, 18.3197], [-72.73499, 18.3197], [-72.72949, 18.3197], [-72.72949, 18.31427], [-72.724, 18.31427], [-72.724, 18.30872], [-72.71851, 18.30872], [-72.71851, 18.30328], [-72.71301, 18.30328], [-72.71301, 18.29773], [-72.70752, 18.29773], [-72.70752, 18.30328], [-72.70752, 18.30872], [-72.70203, 18.30872], [-72.70203, 18.31427], [-72.69641, 18.31427], [-72.69098, 18.31427], [-72.69098, 18.3197], [-72.68549, 18.3197], [-72.68011, 18.3197], [-72.68549, 18.32532], [-72.68011, 18.32532], [-72.67462, 18.32532], [-72.67462, 18.33069], [-72.66913, 18.33069], [-72.66351, 18.33069], [-72.66351, 18.32532], [-72.65808, 18.32532], [-72.65259, 18.32532], [-72.64709, 18.32532], [-72.6416, 18.33069], [-72.6416, 18.3363], [-72.6416, 18.34167], [-72.6416, 18.34729], [-72.63611, 18.34729], [-72.62512, 18.34729], [-72.61963, 18.34729], [-72.61963, 18.3363], [-72.61407, 18.3363], [-72.61407, 18.33069], [-72.61407, 18.32532], [-72.60858, 18.32532], [-72.60309, 18.32532], [-72.60309, 18.33069], [-72.59772, 18.3363], [-72.59772, 18.34167], [-72.59222, 18.34729], [-72.58661, 18.34729], [-72.58661, 18.35272], [-72.58118, 18.35272], [-72.57019, 18.35272], [-72.57019, 18.34729], [-72.5647, 18.34729], [-72.5647, 18.35272], [-72.5592, 18.35272], [-72.55371, 18.35272], [-72.54822, 18.35828], [-72.54822, 18.36371], [-72.54822, 18.36908], [-72.54272, 18.36908], [-72.53711, 18.36908], [-72.53168, 18.37469], [-72.53168, 18.38013], [-72.52618, 18.38568], [-72.52081, 18.39111], [-72.52081, 18.39673], [-72.51532, 18.39673], [-72.50983, 18.39673], [-72.50421, 18.40771], [-72.49878, 18.40771], [-72.49329, 18.4021], [-72.4823, 18.4021], [-72.47681, 18.4021], [-72.47131, 18.4021], [-72.46582, 18.39673], [-72.46033, 18.39673], [-72.45471, 18.39673], [-72.44928, 18.39673], [-72.44928, 18.4021], [-72.44928, 18.40771], [-72.45471, 18.41309], [-72.44928, 18.41309], [-72.45471, 18.4187], [-72.44928, 18.4187], [-72.44928, 18.42407], [-72.45471, 18.42969], [-72.44928, 18.42969], [-72.45471, 18.43512], [-72.45471, 18.44067], [-72.46033, 18.44611], [-72.45471, 18.45148], [-72.45471, 18.45709], [-72.46033, 18.45709], [-72.46033, 18.46252], [-72.46582, 18.46252], [-72.46582, 18.46808], [-72.46582, 18.47351], [-72.46033, 18.47351], [-72.45471, 18.47351], [-72.44928, 18.47351], [-72.44379, 18.47913], [-72.44928, 18.4845], [-72.44928, 18.49011], [-72.45471, 18.49011], [-72.45471, 18.49548], [-72.46033, 18.49548], [-72.46582, 18.5011], [-72.46033, 18.5011], [-72.46582, 18.50653], [-72.46033, 18.50653], [-72.46033, 18.51208], [-72.46582, 18.51752], [-72.46033, 18.51752], [-72.46033, 18.52289], [-72.45471, 18.5285], [-72.46033, 18.53387], [-72.46033, 18.53949], [-72.45471, 18.53949], [-72.45471, 18.54492], [-72.46033, 18.54492], [-72.46582, 18.54492], [-72.47131, 18.54492], [-72.47681, 18.54492], [-72.4823, 18.54492], [-72.49329, 18.54492], [-72.49878, 18.54492], [-72.50421, 18.54492], [-72.50983, 18.54492], [-72.51532, 18.54492], [-72.51532, 18.55048], [-72.52081, 18.54492], [-72.52618, 18.54492], [-72.53168, 18.54492], [-72.53711, 18.54492], [-72.54272, 18.54492], [-72.54822, 18.55048], [-72.5592, 18.55048], [-72.5592, 18.55591], [-72.5647, 18.56152], [-72.57019, 18.56152], [-72.57568, 18.56152]]], [[[-72.38342, 18.6933], [-72.38342, 18.68768], [-72.37793, 18.6933], [-72.38342, 18.6933]]], [[[-72.38342, 18.6933], [-72.38892, 18.69873], [-72.38892, 18.6933], [-72.38342, 18.6933]]], [[[-72.90521, 18.85248], [-72.90521, 18.85809], [-72.91083, 18.85809], [-72.91083, 18.85248], [-72.91083, 18.84711], [-72.91632, 18.84711], [-72.91632, 18.85248], [-72.92181, 18.85248], [-72.92719, 18.85248], [-72.93268, 18.85809], [-72.93811, 18.85809], [-72.93811, 18.85248], [-72.94373, 18.85809], [-72.93811, 18.85809], [-72.93811, 18.86353], [-72.94373, 18.86353], [-72.95471, 18.86353], [-72.96021, 18.86908], [-72.9657, 18.86908], [-72.97119, 18.86908], [-72.97668, 18.86908], [-72.98218, 18.87451], [-72.98761, 18.87451], [-72.98761, 18.88013], [-72.99323, 18.88013], [-72.99872, 18.8855], [-72.99872, 18.89111], [-73.00421, 18.89111], [-73.00958, 18.89648], [-73.01508, 18.89648], [-73.01508, 18.9021], [-73.02063, 18.9021], [-73.02612, 18.9021], [-73.03711, 18.90747], [-73.0426, 18.90747], [-73.0481, 18.91309], [-73.0481, 18.91852], [-73.05359, 18.91852], [-73.05359, 18.92407], [-73.05908, 18.92407], [-73.06458, 18.92407], [-73.07013, 18.92407], [-73.07562, 18.92407], [-73.08112, 18.92407], [-73.08112, 18.9295], [-73.10303, 18.9295], [-73.11401, 18.9295], [-73.11951, 18.9295], [-73.125, 18.93488], [-73.13049, 18.93488], [-73.13599, 18.93488], [-73.14148, 18.94049], [-73.15253, 18.94592], [-73.15802, 18.94592], [-73.16351, 18.94592], [-73.16888, 18.95148], [-73.17438, 18.95691], [-73.17981, 18.96252], [-73.18542, 18.96252], [-73.19092, 18.96252], [-73.19092, 18.9679], [-73.19641, 18.9679], [-73.2019, 18.9679], [-73.21289, 18.9679], [-73.21838, 18.9679], [-73.22388, 18.9679], [-73.22931, 18.9679], [-73.22931, 18.96252], [-73.23492, 18.96252], [-73.24042, 18.96252], [-73.25677, 18.96252], [-73.26233, 18.96252], [-73.26782, 18.95691], [-73.27332, 18.95691], [-73.27881, 18.95691], [-73.27881, 18.95148], [-73.2843, 18.95148], [-73.28979, 18.94592], [-73.29529, 18.94049], [-73.30078, 18.93488], [-73.30621, 18.93488], [-73.30621, 18.92407], [-73.30621, 18.91852], [-73.30621, 18.91309], [-73.30078, 18.90747], [-73.28979, 18.89648], [-73.2843, 18.89111], [-73.27881, 18.89111], [-73.27332, 18.89111], [-73.26782, 18.88013], [-73.26233, 18.87451], [-73.25677, 18.86353], [-73.24579, 18.85248], [-73.24042, 18.85248], [-73.24042, 18.84711], [-73.23492, 18.84711], [-73.22931, 18.84711], [-73.22388, 18.83612], [-73.21838, 18.83069], [-73.21289, 18.83069], [-73.2074, 18.83069], [-73.2019, 18.83069], [-73.2019, 18.83612], [-73.19641, 18.83612], [-73.19092, 18.83612], [-73.17981, 18.83069], [-73.17438, 18.82507], [-73.16888, 18.82507], [-73.16351, 18.82507], [-73.16351, 18.8197], [-73.15253, 18.8197], [-73.14148, 18.8197], [-73.13599, 18.8197], [-73.13049, 18.8197], [-73.13049, 18.81409], [-73.125, 18.81409], [-73.11951, 18.80872], [-73.11401, 18.80872], [-73.11401, 18.8031], [-73.10303, 18.8031], [-73.10303, 18.79773], [-73.09741, 18.79773], [-73.08112, 18.79773], [-73.08112, 18.79211], [-73.07562, 18.79211], [-73.07562, 18.78668], [-73.07013, 18.78668], [-73.07013, 18.78113], [-73.06458, 18.78113], [-73.05908, 18.7757], [-73.05359, 18.76471], [-73.0481, 18.76471], [-73.0481, 18.75928], [-73.0426, 18.75928], [-73.0426, 18.75372], [-73.03711, 18.75372], [-73.03162, 18.75372], [-73.02612, 18.75372], [-73.02063, 18.74829], [-73.01508, 18.74829], [-73.00958, 18.74829], [-73.00421, 18.74268], [-72.99872, 18.74268], [-72.99323, 18.74268], [-72.97668, 18.74268], [-72.97119, 18.74268], [-72.95471, 18.74268], [-72.95471, 18.7373], [-72.94922, 18.74268], [-72.94373, 18.74268], [-72.94373, 18.7373], [-72.93811, 18.7373], [-72.93268, 18.7373], [-72.92719, 18.74268], [-72.92181, 18.7373], [-72.91632, 18.7373], [-72.91083, 18.73169], [-72.90521, 18.73169], [-72.89429, 18.72632], [-72.88879, 18.72632], [-72.8833, 18.72632], [-72.87231, 18.72632], [-72.86682, 18.72632], [-72.86682, 18.7207], [-72.86133, 18.7207], [-72.85571, 18.7207], [-72.85571, 18.71527], [-72.84479, 18.7207], [-72.83942, 18.7207], [-72.83942, 18.71527], [-72.83942, 18.70972], [-72.83942, 18.70428], [-72.83942, 18.69873], [-72.83392, 18.69873], [-72.82837, 18.6933], [-72.82288, 18.6933], [-72.82288, 18.69873], [-72.81738, 18.69873], [-72.81189, 18.69873], [-72.8064, 18.70428], [-72.81189, 18.70972], [-72.81738, 18.71527], [-72.81738, 18.7207], [-72.81738, 18.72632], [-72.8064, 18.72632], [-72.8064, 18.73169], [-72.8009, 18.73169], [-72.79541, 18.73169], [-72.79541, 18.7373], [-72.8009, 18.74268], [-72.8064, 18.74829], [-72.8064, 18.75372], [-72.8064, 18.75928], [-72.8064, 18.76471], [-72.8064, 18.77008], [-72.8064, 18.7757], [-72.81189, 18.7757], [-72.81189, 18.78113], [-72.81189, 18.78668], [-72.81738, 18.78668], [-72.81738, 18.79211], [-72.82288, 18.79773], [-72.82288, 18.8031], [-72.82837, 18.80872], [-72.83392, 18.81409], [-72.83942, 18.8197], [-72.84479, 18.82507], [-72.85028, 18.82507], [-72.85028, 18.83069], [-72.85028, 18.83612], [-72.86133, 18.83612], [-72.86682, 18.83612], [-72.86682, 18.84167], [-72.87231, 18.84167], [-72.8833, 18.84167], [-72.8833, 18.84711], [-72.88879, 18.84711], [-72.89429, 18.84711], [-72.89978, 18.85248], [-72.90521, 18.85248]]], [[[-72.32849, 18.67688], [-72.323, 18.67688], [-72.32849, 18.67133], [-72.323, 18.67133], [-72.3175, 18.66589], [-72.3175, 18.66028], [-72.323, 18.66028], [-72.323, 18.65491], [-72.32849, 18.65491], [-72.33398, 18.64929], [-72.33948, 18.64392], [-72.33948, 18.63831], [-72.34491, 18.63287], [-72.34491, 18.62732], [-72.35052, 18.62732], [-72.34491, 18.62189], [-72.33948, 18.62189], [-72.33398, 18.62189], [-72.33398, 18.61627], [-72.32849, 18.61627], [-72.32849, 18.6109], [-72.323, 18.6109], [-72.3175, 18.6109], [-72.3175, 18.60529], [-72.31201, 18.60529], [-72.30652, 18.60529], [-72.30103, 18.60529], [-72.30103, 18.6109], [-72.29541, 18.6109], [-72.29541, 18.60529], [-72.28998, 18.60529], [-72.28998, 18.59991], [-72.28448, 18.59991], [-72.27911, 18.59991], [-72.27362, 18.59991], [-72.26813, 18.59448], [-72.26251, 18.59448], [-72.25708, 18.59448], [-72.25708, 18.58893], [-72.25159, 18.58893], [-72.24609, 18.58893], [-72.24609, 18.5835], [-72.24609, 18.57788], [-72.2406, 18.57788], [-72.2406, 18.57251], [-72.2406, 18.56689], [-72.23511, 18.56689], [-72.23511, 18.56152], [-72.23511, 18.55591], [-72.22961, 18.55048], [-72.22961, 18.54492], [-72.22412, 18.53949], [-72.21863, 18.53387], [-72.21863, 18.5285], [-72.21301, 18.52289], [-72.20758, 18.51752], [-72.20758, 18.51208], [-72.20209, 18.50653], [-72.19672, 18.5011], [-72.19672, 18.49548], [-72.19122, 18.49548], [-72.19122, 18.49011], [-72.19122, 18.4845], [-72.18573, 18.4845], [-72.18573, 18.47913], [-72.18018, 18.47913], [-72.17468, 18.47913], [-72.16919, 18.47913], [-72.16919, 18.47351], [-72.16919, 18.46808], [-72.1637, 18.46808], [-72.1582, 18.46808], [-72.1582, 18.46252], [-72.1582, 18.45709], [-72.1582, 18.45148], [-72.1637, 18.45148], [-72.16919, 18.45148], [-72.16919, 18.44611], [-72.17468, 18.44611], [-72.17468, 18.44067], [-72.17468, 18.43512], [-72.16919, 18.42969], [-72.16919, 18.43512], [-72.1637, 18.42969], [-72.16919, 18.42969], [-72.17468, 18.42969], [-72.17468, 18.42407], [-72.17468, 18.4187], [-72.18018, 18.4187], [-72.18573, 18.4187], [-72.19122, 18.4187], [-72.19672, 18.4187], [-72.19672, 18.42407], [-72.20209, 18.42407], [-72.20758, 18.42407], [-72.21301, 18.4187], [-72.21301, 18.42407], [-72.21301, 18.42969], [-72.21863, 18.42969], [-72.21863, 18.43512], [-72.22412, 18.43512], [-72.22412, 18.44067], [-72.22961, 18.44611], [-72.22961, 18.45148], [-72.22412, 18.44611], [-72.22412, 18.45148], [-72.22961, 18.45709], [-72.23511, 18.45709], [-72.23511, 18.46252], [-72.23511, 18.46808], [-72.24609, 18.46252], [-72.25159, 18.45709], [-72.25708, 18.45709], [-72.26251, 18.46252], [-72.26251, 18.45709], [-72.26813, 18.45709], [-72.27362, 18.46252], [-72.28448, 18.46252], [-72.28448, 18.46808], [-72.28998, 18.47351], [-72.28998, 18.47913], [-72.28998, 18.4845], [-72.29541, 18.4845], [-72.30103, 18.4845], [-72.30103, 18.47913], [-72.29541, 18.47351], [-72.29541, 18.46808], [-72.30103, 18.46808], [-72.30103, 18.46252], [-72.30652, 18.45709], [-72.30652, 18.45148], [-72.31201, 18.44611], [-72.3175, 18.44611], [-72.323, 18.44611], [-72.32849, 18.44611], [-72.33398, 18.45148], [-72.33948, 18.45709], [-72.34491, 18.45709], [-72.35052, 18.45709], [-72.35052, 18.45148], [-72.35602, 18.45148], [-72.35602, 18.44611], [-72.36151, 18.44611], [-72.36151, 18.44067], [-72.36688, 18.44067], [-72.37238, 18.44067], [-72.37793, 18.44067], [-72.38342, 18.44067], [-72.38892, 18.44067], [-72.38892, 18.43512], [-72.38892, 18.42969], [-72.38892, 18.42407], [-72.38892, 18.4187], [-72.38342, 18.41309], [-72.37793, 18.40771], [-72.37238, 18.40771], [-72.37238, 18.4021], [-72.36688, 18.4021], [-72.36151, 18.39673], [-72.35602, 18.4021], [-72.35052, 18.4021], [-72.34491, 18.39673], [-72.34491, 18.39111], [-72.35052, 18.39111], [-72.35052, 18.38568], [-72.35602, 18.38013], [-72.36151, 18.38013], [-72.36688, 18.38013], [-72.36688, 18.37469], [-72.36688, 18.36908], [-72.37238, 18.36908], [-72.36688, 18.36371], [-72.36688, 18.35828], [-72.36151, 18.35272], [-72.35602, 18.35272], [-72.35052, 18.34729], [-72.34491, 18.34729], [-72.33948, 18.34729], [-72.33398, 18.34729], [-72.33398, 18.34167], [-72.32849, 18.34167], [-72.323, 18.34167], [-72.3175, 18.34167], [-72.31201, 18.34167], [-72.30652, 18.34167], [-72.30103, 18.34167], [-72.29541, 18.34167], [-72.28998, 18.34167], [-72.28448, 18.34167], [-72.28448, 18.34729], [-72.28448, 18.35272], [-72.27911, 18.35272], [-72.27362, 18.35272], [-72.26813, 18.35828], [-72.26251, 18.35828], [-72.25708, 18.35828], [-72.25159, 18.35828], [-72.25159, 18.35272], [-72.24609, 18.35272], [-72.2406, 18.35272], [-72.23511, 18.35272], [-72.22961, 18.35272], [-72.22412, 18.35272], [-72.22412, 18.34729], [-72.21863, 18.34729], [-72.21301, 18.35272], [-72.20758, 18.35272], [-72.20209, 18.35272], [-72.19672, 18.35272], [-72.19122, 18.35272], [-72.18573, 18.35272], [-72.18573, 18.34729], [-72.18018, 18.34729], [-72.17468, 18.34729], [-72.16919, 18.34729], [-72.1637, 18.34729], [-72.1582, 18.34729], [-72.15271, 18.34729], [-72.14722, 18.34729], [-72.14172, 18.34167], [-72.13617, 18.34167], [-72.13068, 18.3363], [-72.12518, 18.3363], [-72.11981, 18.3363], [-72.11432, 18.3363], [-72.10883, 18.3363], [-72.10321, 18.3363], [-72.09778, 18.3363], [-72.09229, 18.3363], [-72.08679, 18.3363], [-72.0813, 18.3363], [-72.0813, 18.33069], [-72.07581, 18.32532], [-72.07031, 18.32532], [-72.07031, 18.3197], [-72.06482, 18.3197], [-72.05933, 18.32532], [-72.05371, 18.32532], [-72.04828, 18.32532], [-72.04828, 18.3197], [-72.04279, 18.3197], [-72.03741, 18.32532], [-72.03192, 18.3197], [-72.02643, 18.3197], [-72.02081, 18.3197], [-72.01538, 18.3197], [-72.00989, 18.3197], [-72.00439, 18.3197], [-72.00439, 18.31427], [-71.9989, 18.31427], [-71.99341, 18.31427], [-71.98792, 18.31427], [-71.98242, 18.31427], [-71.97693, 18.31427], [-71.97137, 18.31427], [-71.96588, 18.31427], [-71.96039, 18.31427], [-71.95502, 18.31427], [-71.95502, 18.3197], [-71.94952, 18.31427], [-71.94391, 18.31427], [-71.93848, 18.30872], [-71.93298, 18.30872], [-71.92749, 18.30872], [-71.922, 18.31427], [-71.9165, 18.31427], [-71.91101, 18.31427], [-71.90552, 18.31427], [-71.90552, 18.3197], [-71.90002, 18.3197], [-71.89441, 18.3197], [-71.88898, 18.3197], [-71.88348, 18.3197], [-71.87811, 18.3197], [-71.87811, 18.32532], [-71.87262, 18.32532], [-71.86713, 18.32532], [-71.86713, 18.3197], [-71.86151, 18.3197], [-71.86151, 18.31427], [-71.86713, 18.30872], [-71.86713, 18.30328], [-71.86713, 18.29773], [-71.86713, 18.2923], [-71.86713, 18.28668], [-71.86713, 18.28131], [-71.86713, 18.27588], [-71.86151, 18.27588], [-71.85608, 18.27588], [-71.85059, 18.27588], [-71.84509, 18.27588], [-71.84509, 18.28131], [-71.8396, 18.28131], [-71.83411, 18.28131], [-71.82861, 18.28131], [-71.82312, 18.28131], [-71.81763, 18.28131], [-71.81201, 18.28131], [-71.80658, 18.28668], [-71.79572, 18.28668], [-71.79022, 18.28668], [-71.78473, 18.28131], [-71.77917, 18.28131], [-71.77368, 18.28668], [-71.7627, 18.28668], [-71.7572, 18.2923], [-71.75171, 18.2923], [-71.74622, 18.2923], [-71.74072, 18.2923], [-71.73523, 18.2923], [-71.72968, 18.2923], [-71.69678, 18.34167], [-71.79572, 18.38013], [-71.80658, 18.39111], [-71.80109, 18.39111], [-71.82861, 18.4021], [-71.84509, 18.42969], [-71.90552, 18.45709], [-71.9165, 18.4845], [-71.87811, 18.49011], [-71.87811, 18.50653], [-71.9165, 18.53949], [-71.94952, 18.57788], [-71.96039, 18.59448], [-71.96588, 18.60529], [-71.97137, 18.60529], [-71.97693, 18.60529], [-71.98242, 18.6109], [-71.98242, 18.61627], [-71.98792, 18.61627], [-71.99341, 18.61627], [-71.9989, 18.61627], [-72.00439, 18.61627], [-72.00439, 18.62189], [-72.00989, 18.62189], [-72.00439, 18.62732], [-71.9989, 18.62732], [-71.9989, 18.63287], [-71.99341, 18.63287], [-71.98792, 18.63287], [-71.98242, 18.63287], [-71.98242, 18.63831], [-71.97693, 18.63831], [-71.97693, 18.64392], [-71.97693, 18.64929], [-71.97137, 18.64929], [-71.97137, 18.65491], [-71.96588, 18.65491], [-71.96039, 18.65491], [-71.95502, 18.65491], [-71.93848, 18.64392], [-71.92749, 18.63831], [-71.922, 18.63287], [-71.922, 18.63831], [-71.9165, 18.64392], [-71.9165, 18.64929], [-71.91101, 18.64929], [-71.90552, 18.64929], [-71.90002, 18.64929], [-71.89441, 18.64392], [-71.88348, 18.63831], [-71.88348, 18.63287], [-71.88348, 18.62732], [-71.87811, 18.62732], [-71.87262, 18.62732], [-71.87262, 18.63287], [-71.86713, 18.63287], [-71.87262, 18.63831], [-71.86713, 18.63831], [-71.86151, 18.63831], [-71.85608, 18.63831], [-71.85608, 18.63287], [-71.85059, 18.63287], [-71.84509, 18.62732], [-71.8396, 18.62732], [-71.83411, 18.62732], [-71.83411, 18.63287], [-71.82861, 18.63287], [-71.82312, 18.63287], [-71.81763, 18.63287], [-71.81201, 18.63287], [-71.80658, 18.63287], [-71.80658, 18.64392], [-71.80658, 18.64929], [-71.80658, 18.65491], [-71.80658, 18.66028], [-71.80658, 18.66589], [-71.80109, 18.67133], [-71.80109, 18.67688], [-71.80109, 18.68231], [-71.80658, 18.68231], [-71.80658, 18.68768], [-71.81201, 18.68768], [-71.81201, 18.6933], [-71.81763, 18.69873], [-71.82312, 18.69873], [-71.82861, 18.70428], [-71.83411, 18.70972], [-71.8396, 18.70972], [-71.84509, 18.71527], [-71.85059, 18.7207], [-71.86151, 18.7207], [-71.87262, 18.7207], [-71.87811, 18.7207], [-71.88348, 18.7207], [-71.88898, 18.7207], [-71.89441, 18.7207], [-71.90002, 18.7207], [-71.90552, 18.72632], [-71.91101, 18.73169], [-71.9165, 18.73169], [-71.922, 18.73169], [-71.922, 18.7373], [-71.92749, 18.7373], [-71.93848, 18.7373], [-71.94391, 18.7373], [-71.94952, 18.7373], [-71.95502, 18.74268], [-71.96039, 18.74268], [-71.96588, 18.74268], [-71.97137, 18.74829], [-71.97137, 18.74268], [-71.97693, 18.7373], [-71.97693, 18.73169], [-71.98242, 18.7373], [-71.98792, 18.7373], [-71.99341, 18.73169], [-71.9989, 18.73169], [-72.00439, 18.73169], [-72.00439, 18.7373], [-72.00989, 18.7373], [-72.01538, 18.73169], [-72.01538, 18.72632], [-72.02081, 18.72632], [-72.02643, 18.72632], [-72.03741, 18.72632], [-72.03741, 18.7207], [-72.04279, 18.7207], [-72.05371, 18.7207], [-72.05933, 18.7207], [-72.06482, 18.7207], [-72.07031, 18.7207], [-72.07031, 18.72632], [-72.07031, 18.73169], [-72.07581, 18.7373], [-72.0813, 18.73169], [-72.0813, 18.72632], [-72.08679, 18.7207], [-72.08679, 18.71527], [-72.09229, 18.70972], [-72.09778, 18.70972], [-72.10321, 18.70972], [-72.10883, 18.70972], [-72.11432, 18.70428], [-72.12518, 18.70428], [-72.13068, 18.70428], [-72.13617, 18.70428], [-72.13617, 18.69873], [-72.14172, 18.69873], [-72.14722, 18.6933], [-72.15271, 18.69873], [-72.1582, 18.69873], [-72.1637, 18.69873], [-72.1637, 18.70428], [-72.16919, 18.70428], [-72.17468, 18.70972], [-72.18018, 18.71527], [-72.18573, 18.7207], [-72.19122, 18.72632], [-72.19672, 18.73169], [-72.19672, 18.7373], [-72.20209, 18.74268], [-72.19672, 18.74268], [-72.19672, 18.74829], [-72.19672, 18.75372], [-72.20209, 18.75928], [-72.20209, 18.75372], [-72.20758, 18.75928], [-72.20758, 18.76471], [-72.21301, 18.77008], [-72.21863, 18.7757], [-72.22412, 18.77008], [-72.22412, 18.7757], [-72.22961, 18.7757], [-72.23511, 18.7757], [-72.2406, 18.78113], [-72.24609, 18.78113], [-72.25159, 18.78113], [-72.25159, 18.78668], [-72.25708, 18.78668], [-72.26251, 18.78668], [-72.26251, 18.79211], [-72.26813, 18.79211], [-72.27362, 18.79773], [-72.27362, 18.8031], [-72.27362, 18.80872], [-72.27911, 18.80872], [-72.27911, 18.81409], [-72.28448, 18.8197], [-72.28998, 18.8197], [-72.29541, 18.8197], [-72.30103, 18.8197], [-72.30652, 18.81409], [-72.31201, 18.81409], [-72.3175, 18.81409], [-72.323, 18.81409], [-72.323, 18.8197], [-72.32849, 18.83069], [-72.33398, 18.83069], [-72.33398, 18.83612], [-72.33948, 18.84167], [-72.35052, 18.85248], [-72.35602, 18.85248], [-72.36151, 18.85809], [-72.36151, 18.86353], [-72.36688, 18.86353], [-72.36688, 18.86908], [-72.37238, 18.87451], [-72.37793, 18.87451], [-72.38342, 18.88013], [-72.38892, 18.8855], [-72.39441, 18.89111], [-72.39441, 18.89648], [-72.4054, 18.9021], [-72.41089, 18.9021], [-72.41638, 18.9021], [-72.41638, 18.90747], [-72.42187, 18.91309], [-72.42743, 18.91309], [-72.42743, 18.91852], [-72.43842, 18.91852], [-72.43842, 18.92407], [-72.44379, 18.92407], [-72.44928, 18.92407], [-72.44928, 18.91852], [-72.45471, 18.91852], [-72.46033, 18.92407], [-72.46033, 18.9295], [-72.46582, 18.9295], [-72.47131, 18.9295], [-72.4823, 18.94592], [-72.49329, 18.95691], [-72.49878, 18.95691], [-72.50421, 18.95691], [-72.50983, 18.95691], [-72.51532, 18.95691], [-72.52081, 18.95691], [-72.52618, 18.95691], [-72.53168, 18.95691], [-72.53711, 18.95691], [-72.54272, 18.96252], [-72.54822, 18.96252], [-72.55371, 18.96252], [-72.5592, 18.96252], [-72.5592, 18.9679], [-72.5647, 18.96252], [-72.57019, 18.9679], [-72.57568, 18.9679], [-72.58118, 18.9679], [-72.58661, 18.9679], [-72.58661, 18.97351], [-72.59222, 18.97351], [-72.59772, 18.97351], [-72.60309, 18.97351], [-72.60858, 18.97351], [-72.61407, 18.97351], [-72.61407, 18.97888], [-72.61963, 18.97888], [-72.61963, 18.97351], [-72.62512, 18.97351], [-72.63062, 18.97351], [-72.63611, 18.97351], [-72.6416, 18.97351], [-72.64709, 18.97351], [-72.65259, 18.97351], [-72.65259, 18.9679], [-72.65808, 18.9679], [-72.66351, 18.9679], [-72.66351, 18.97351], [-72.66913, 18.97351], [-72.66913, 18.9679], [-72.67462, 18.9679], [-72.68011, 18.9679], [-72.68011, 18.97351], [-72.68549, 18.97351], [-72.68549, 18.9679], [-72.69098, 18.9679], [-72.69098, 18.96252], [-72.69641, 18.96252], [-72.69641, 18.95691], [-72.70203, 18.95691], [-72.70203, 18.95148], [-72.70752, 18.95148], [-72.70752, 18.94592], [-72.70752, 18.94049], [-72.70203, 18.94049], [-72.69641, 18.94049], [-72.69098, 18.93488], [-72.68549, 18.93488], [-72.68011, 18.9295], [-72.67462, 18.9295], [-72.66913, 18.92407], [-72.66351, 18.92407], [-72.66351, 18.91852], [-72.65808, 18.91852], [-72.65259, 18.91852], [-72.65259, 18.91309], [-72.6416, 18.90747], [-72.6416, 18.9021], [-72.63611, 18.9021], [-72.63611, 18.89648], [-72.63062, 18.89648], [-72.63062, 18.89111], [-72.62512, 18.89111], [-72.62512, 18.8855], [-72.61963, 18.8855], [-72.61963, 18.88013], [-72.61963, 18.86908], [-72.61963, 18.86353], [-72.61407, 18.86353], [-72.61407, 18.85809], [-72.60858, 18.85809], [-72.60309, 18.85809], [-72.59772, 18.85248], [-72.59772, 18.84711], [-72.59222, 18.84711], [-72.59222, 18.84167], [-72.58661, 18.83612], [-72.58118, 18.83612], [-72.58118, 18.83069], [-72.57568, 18.83069], [-72.57568, 18.82507], [-72.57568, 18.8197], [-72.57019, 18.81409], [-72.57019, 18.80872], [-72.5647, 18.8031], [-72.5647, 18.79773], [-72.5647, 18.79211], [-72.5592, 18.79211], [-72.55371, 18.79211], [-72.55371, 18.78668], [-72.54822, 18.78668], [-72.54822, 18.78113], [-72.54822, 18.7757], [-72.54272, 18.77008], [-72.53711, 18.77008], [-72.53168, 18.77008], [-72.52618, 18.76471], [-72.52081, 18.76471], [-72.50421, 18.76471], [-72.49878, 18.76471], [-72.49329, 18.76471], [-72.48779, 18.76471], [-72.4823, 18.75928], [-72.47681, 18.75928], [-72.47131, 18.75372], [-72.46582, 18.75372], [-72.46582, 18.74829], [-72.46033, 18.74829], [-72.46033, 18.74268], [-72.46033, 18.7373], [-72.46033, 18.73169], [-72.45471, 18.73169], [-72.45471, 18.72632], [-72.45471, 18.7207], [-72.45471, 18.71527], [-72.44928, 18.71527], [-72.44379, 18.71527], [-72.43842, 18.71527], [-72.43842, 18.70972], [-72.43292, 18.70972], [-72.42743, 18.70972], [-72.41638, 18.70972], [-72.4054, 18.70972], [-72.3999, 18.70972], [-72.38892, 18.70972], [-72.38342, 18.70428], [-72.38342, 18.69873], [-72.37793, 18.69873], [-72.37238, 18.69873], [-72.37238, 18.6933], [-72.36688, 18.6933], [-72.36151, 18.68768], [-72.35602, 18.68768], [-72.35602, 18.68231], [-72.35052, 18.68231], [-72.34491, 18.68231], [-72.33948, 18.68231], [-72.33398, 18.68231], [-72.33398, 18.67688], [-72.32849, 18.67688]]]]}}, {"type": "Feature", "properties": {"atmart_geo_id": "HTE-412008", "pcode": "412008", "region_id_dhs": "HTDHS2016412008", "nom_fr": "Sud", "nom_source": "South", "niveau_admin": "enquete"}, "geometry": {"type": "MultiPolygon", "coordinates": [[[[-73.80072, 18.06152], [-73.80072, 18.06708], [-73.80621, 18.06708], [-73.80072, 18.06152]]], [[[-73.81158, 18.0835], [-73.81708, 18.0835], [-73.81158, 18.07813], [-73.81158, 18.0835]]], [[[-73.70178, 18.10553], [-73.70728, 18.10553], [-73.71283, 18.10553], [-73.71283, 18.1001], [-73.70728, 18.09448], [-73.70728, 18.08911], [-73.70178, 18.0835], [-73.69629, 18.0835], [-73.6908, 18.07813], [-73.6908, 18.07251], [-73.6853, 18.06708], [-73.67981, 18.06708], [-73.67981, 18.06152], [-73.67981, 18.05609], [-73.66882, 18.05609], [-73.66327, 18.05609], [-73.65778, 18.05609], [-73.65228, 18.05609], [-73.64691, 18.05609], [-73.64142, 18.05609], [-73.63593, 18.05609], [-73.61938, 18.05609], [-73.59192, 18.05609], [-73.59192, 18.05048], [-73.58643, 18.05609], [-73.58081, 18.05609], [-73.57538, 18.06152], [-73.57538, 18.06708], [-73.57538, 18.07251], [-73.58081, 18.07251], [-73.58081, 18.07813], [-73.58081, 18.0835], [-73.58643, 18.0835], [-73.59192, 18.08911], [-73.59741, 18.09448], [-73.60291, 18.09448], [-73.6084, 18.09448], [-73.61389, 18.09448], [-73.61938, 18.09448], [-73.61938, 18.08911], [-73.62488, 18.08911], [-73.63593, 18.0835], [-73.64142, 18.07813], [-73.64691, 18.0835], [-73.65228, 18.0835], [-73.65778, 18.0835], [-73.66327, 18.08911], [-73.66882, 18.09448], [-73.67432, 18.09448], [-73.67981, 18.09448], [-73.67981, 18.1001], [-73.6853, 18.1001], [-73.6908, 18.10553], [-73.69629, 18.10553], [-73.69629, 18.1001], [-73.70178, 18.1001], [-73.70178, 18.10553]]], [[[-73.64142, 18.11652], [-73.64142, 18.12189], [-73.64691, 18.12189], [-73.64691, 18.11652], [-73.64142, 18.11652]]], [[[-73.63593, 18.1275], [-73.63593, 18.13287], [-73.64142, 18.13287], [-73.64142, 18.1275], [-73.63593, 18.1275]]], [[[-73.62488, 18.1275], [-73.62488, 18.13287], [-73.63031, 18.1275], [-73.62488, 18.1275]]], [[[-73.00421, 18.1825], [-73.00421, 18.17688], [-72.99872, 18.17688], [-72.99872, 18.1825], [-73.00421, 18.1825]]], [[[-73.17981, 18.19891], [-73.17438, 18.20428], [-73.17981, 18.20428], [-73.17981, 18.19891]]], [[[-73.54248, 18.21527], [-73.54248, 18.2099], [-73.53699, 18.2099], [-73.53149, 18.2099], [-73.53149, 18.21527], [-73.53699, 18.21527], [-73.54248, 18.21527]]], [[[-73.52051, 18.2099], [-73.51501, 18.2099], [-73.52051, 18.21527], [-73.52051, 18.2099]]], [[[-73.39423, 18.22089], [-73.39423, 18.22632], [-73.39972, 18.23187], [-73.40521, 18.23187], [-73.40521, 18.22632], [-73.41058, 18.22632], [-73.41608, 18.22632], [-73.42151, 18.22632], [-73.42712, 18.22632], [-73.42151, 18.22089], [-73.42151, 18.21527], [-73.41608, 18.21527], [-73.41608, 18.22089], [-73.41058, 18.22089], [-73.40521, 18.21527], [-73.39972, 18.21527], [-73.39423, 18.21527], [-73.38861, 18.21527], [-73.38861, 18.22089], [-73.39423, 18.22089]]], [[[-73.43262, 18.25391], [-73.43811, 18.25391], [-73.43262, 18.24829], [-73.43262, 18.25391]]], [[[-73.40521, 18.25391], [-73.40521, 18.24829], [-73.39972, 18.24829], [-73.39972, 18.25391], [-73.40521, 18.25391]]], [[[-73.35022, 18.21527], [-73.33911, 18.21527], [-73.33368, 18.21527], [-73.33368, 18.22089], [-73.32281, 18.22089], [-73.31732, 18.22632], [-73.31183, 18.22632], [-73.30078, 18.22632], [-73.30078, 18.23187], [-73.29529, 18.23187], [-73.28979, 18.23187], [-73.27881, 18.23187], [-73.27881, 18.22632], [-73.27332, 18.22632], [-73.27332, 18.22089], [-73.27332, 18.21527], [-73.26782, 18.21527], [-73.26233, 18.21527], [-73.25677, 18.2099], [-73.25677, 18.21527], [-73.25128, 18.21527], [-73.24579, 18.21527], [-73.24042, 18.2099], [-73.22931, 18.2099], [-73.22388, 18.2099], [-73.21289, 18.2099], [-73.2074, 18.2099], [-73.2019, 18.2099], [-73.18542, 18.2099], [-73.18542, 18.20428], [-73.17981, 18.20428], [-73.17981, 18.2099], [-73.17438, 18.2099], [-73.17438, 18.20428], [-73.16351, 18.20428], [-73.15802, 18.19891], [-73.15253, 18.19891], [-73.14691, 18.19891], [-73.14691, 18.19348], [-73.14148, 18.19348], [-73.13599, 18.19348], [-73.13049, 18.19348], [-73.125, 18.19348], [-73.125, 18.18793], [-73.11951, 18.18793], [-73.11401, 18.18793], [-73.10852, 18.18793], [-73.10303, 18.18793], [-73.09741, 18.18793], [-73.09741, 18.1825], [-73.09198, 18.1825], [-73.08649, 18.1825], [-73.08112, 18.1825], [-73.07562, 18.1825], [-73.07013, 18.1825], [-73.06458, 18.1825], [-73.05908, 18.1825], [-73.0481, 18.1825], [-73.0481, 18.17688], [-73.0426, 18.17688], [-73.02063, 18.17688], [-73.02063, 18.1825], [-73.01508, 18.1825], [-73.00958, 18.1825], [-73.00421, 18.1825], [-73.00421, 18.18793], [-73.00958, 18.18793], [-73.00958, 18.19348], [-73.00421, 18.19891], [-73.00958, 18.20428], [-73.00421, 18.20428], [-72.99872, 18.2099], [-73.00421, 18.2099], [-73.00958, 18.2099], [-73.00958, 18.21527], [-73.00958, 18.22089], [-73.01508, 18.22089], [-73.01508, 18.22632], [-73.02063, 18.22632], [-73.02063, 18.23187], [-73.02063, 18.2373], [-73.02612, 18.2373], [-73.03162, 18.2373], [-73.03162, 18.24292], [-73.03162, 18.24829], [-73.03162, 18.25391], [-73.03711, 18.25391], [-73.03711, 18.25928], [-73.0426, 18.25928], [-73.03711, 18.26489], [-73.03711, 18.27032], [-73.0426, 18.27032], [-73.0426, 18.27588], [-73.0481, 18.28131], [-73.0481, 18.28668], [-73.0481, 18.2923], [-73.0426, 18.2923], [-73.0426, 18.29773], [-73.0426, 18.30328], [-73.0481, 18.30328], [-73.05359, 18.30328], [-73.05908, 18.30328], [-73.05908, 18.30872], [-73.06458, 18.30872], [-73.06458, 18.31427], [-73.06458, 18.3197], [-73.07013, 18.3197], [-73.07013, 18.32532], [-73.07013, 18.33069], [-73.07562, 18.33069], [-73.08112, 18.33069], [-73.08112, 18.3363], [-73.08649, 18.3363], [-73.08649, 18.34167], [-73.09198, 18.34167], [-73.09741, 18.34167], [-73.09741, 18.34729], [-73.09741, 18.35272], [-73.10303, 18.35272], [-73.10303, 18.35828], [-73.10852, 18.35828], [-73.10852, 18.36371], [-73.11401, 18.36371], [-73.11951, 18.36371], [-73.125, 18.36371], [-73.125, 18.35828], [-73.13049, 18.35828], [-73.13049, 18.36371], [-73.13599, 18.36371], [-73.14148, 18.36371], [-73.14691, 18.36371], [-73.14691, 18.35828], [-73.15253, 18.35828], [-73.15253, 18.35272], [-73.15802, 18.35272], [-73.16351, 18.35272], [-73.16888, 18.35272], [-73.17438, 18.35828], [-73.17981, 18.35828], [-73.18542, 18.35828], [-73.18542, 18.36371], [-73.19092, 18.36371], [-73.19641, 18.36371], [-73.2019, 18.36371], [-73.2074, 18.36371], [-73.21289, 18.36371], [-73.21838, 18.36371], [-73.21838, 18.35828], [-73.22388, 18.35272], [-73.22931, 18.35272], [-73.23492, 18.35272], [-73.24042, 18.35272], [-73.24579, 18.35272], [-73.25128, 18.35272], [-73.25677, 18.35272], [-73.26233, 18.35272], [-73.26233, 18.35828], [-73.26782, 18.35828], [-73.27332, 18.35828], [-73.27332, 18.36371], [-73.27881, 18.36371], [-73.2843, 18.36371], [-73.2843, 18.36908], [-73.28979, 18.36908], [-73.29529, 18.36908], [-73.30078, 18.36908], [-73.30078, 18.36371], [-73.30621, 18.36371], [-73.31183, 18.36371], [-73.31732, 18.36371], [-73.32281, 18.36371], [-73.32281, 18.36908], [-73.32819, 18.36908], [-73.33368, 18.36908], [-73.33911, 18.36908], [-73.33911, 18.36371], [-73.33911, 18.35828], [-73.34473, 18.35828], [-73.34473, 18.35272], [-73.35022, 18.34729], [-73.35571, 18.34167], [-73.36121, 18.34167], [-73.36121, 18.34729], [-73.3667, 18.34729], [-73.37219, 18.34729], [-73.37769, 18.34729], [-73.38318, 18.34729], [-73.38861, 18.34729], [-73.39423, 18.34729], [-73.39972, 18.34729], [-73.40521, 18.34729], [-73.41058, 18.34167], [-73.41608, 18.34167], [-73.42151, 18.34167], [-73.42712, 18.34729], [-73.43262, 18.34167], [-73.43811, 18.34167], [-73.4436, 18.34167], [-73.4491, 18.34167], [-73.45459, 18.3363], [-73.46008, 18.3363], [-73.46558, 18.3363], [-73.47107, 18.3363], [-73.47107, 18.34167], [-73.47662, 18.34167], [-73.48212, 18.34167], [-73.48749, 18.34167], [-73.49298, 18.34167], [-73.49298, 18.3363], [-73.49841, 18.3363], [-73.50403, 18.3363], [-73.50952, 18.3363], [-73.51501, 18.3363], [-73.52051, 18.3363], [-73.526, 18.3363], [-73.53149, 18.3363], [-73.53699, 18.3363], [-73.54248, 18.3363], [-73.55353, 18.3363], [-73.55902, 18.34729], [-73.55353, 18.35272], [-73.55902, 18.35828], [-73.55353, 18.36371], [-73.55353, 18.36908], [-73.55353, 18.37469], [-73.54791, 18.37469], [-73.54248, 18.37469], [-73.54248, 18.38013], [-73.53699, 18.38568], [-73.54248, 18.38568], [-73.54791, 18.38568], [-73.54791, 18.39111], [-73.55353, 18.39111], [-73.55902, 18.39111], [-73.55902, 18.39673], [-73.55902, 18.4021], [-73.56451, 18.4021], [-73.56989, 18.4021], [-73.57538, 18.4021], [-73.57538, 18.40771], [-73.58081, 18.40771], [-73.58081, 18.41309], [-73.58081, 18.4187], [-73.58643, 18.4187], [-73.59192, 18.4187], [-73.59741, 18.4187], [-73.60291, 18.4187], [-73.60291, 18.42407], [-73.6084, 18.42407], [-73.6084, 18.42969], [-73.61938, 18.42407], [-73.62488, 18.42407], [-73.63031, 18.42407], [-73.64142, 18.42407], [-73.64142, 18.42969], [-73.64691, 18.42969], [-73.65228, 18.42969], [-73.65228, 18.42407], [-73.65778, 18.42407], [-73.65778, 18.42969], [-73.66327, 18.42969], [-73.66882, 18.43512], [-73.66882, 18.42969], [-73.67432, 18.42969], [-73.66882, 18.42407], [-73.67432, 18.4187], [-73.67432, 18.41309], [-73.66882, 18.40771], [-73.66882, 18.4021], [-73.67432, 18.4021], [-73.67432, 18.39673], [-73.67981, 18.39673], [-73.67981, 18.4021], [-73.6853, 18.4021], [-73.6908, 18.40771], [-73.69629, 18.41309], [-73.70178, 18.4187], [-73.70728, 18.4187], [-73.71283, 18.4187], [-73.71832, 18.41309], [-73.72382, 18.41309], [-73.73468, 18.41309], [-73.74011, 18.4187], [-73.74573, 18.4187], [-73.74573, 18.42407], [-73.75122, 18.42407], [-73.75671, 18.42407], [-73.76221, 18.42407], [-73.7677, 18.4187], [-73.77319, 18.4187], [-73.77869, 18.4187], [-73.77869, 18.42407], [-73.78418, 18.42407], [-73.78961, 18.42407], [-73.79523, 18.4187], [-73.80072, 18.4187], [-73.80621, 18.4187], [-73.81708, 18.41309], [-73.82251, 18.41309], [-73.82812, 18.41309], [-73.83362, 18.41309], [-73.83911, 18.40771], [-73.8446, 18.40771], [-73.8501, 18.40771], [-73.85559, 18.40771], [-73.86108, 18.40771], [-73.86658, 18.40771], [-73.87201, 18.40771], [-73.87762, 18.40771], [-73.88312, 18.40771], [-73.88849, 18.40771], [-73.88849, 18.4021], [-73.89398, 18.4021], [-73.89948, 18.4021], [-73.90503, 18.4021], [-73.90503, 18.39673], [-73.90503, 18.39111], [-73.90503, 18.38568], [-73.89948, 18.38013], [-73.89948, 18.37469], [-73.89398, 18.37469], [-73.89398, 18.36908], [-73.89398, 18.36371], [-73.89948, 18.36371], [-73.90503, 18.36371], [-73.91052, 18.36371], [-73.91602, 18.36371], [-73.92151, 18.36371], [-73.927, 18.36371], [-73.9325, 18.36371], [-73.9325, 18.36908], [-73.93799, 18.36908], [-73.94348, 18.36908], [-73.94897, 18.36908], [-73.95453, 18.36908], [-73.96002, 18.36908], [-73.96552, 18.36908], [-73.97089, 18.36908], [-73.97638, 18.36908], [-73.97638, 18.37469], [-73.98181, 18.37469], [-73.98743, 18.37469], [-73.99292, 18.38013], [-73.99841, 18.38013], [-74.00391, 18.38568], [-74.0094, 18.38568], [-74.01489, 18.38013], [-74.02039, 18.38013], [-74.03131, 18.38568], [-74.03693, 18.38568], [-74.04242, 18.38568], [-74.04791, 18.39111], [-74.05328, 18.39673], [-74.05878, 18.4021], [-74.06421, 18.4021], [-74.06982, 18.4021], [-74.06982, 18.40771], [-74.07532, 18.40771], [-74.08081, 18.40771], [-74.0863, 18.40771], [-74.09729, 18.4021], [-74.10278, 18.4021], [-74.10828, 18.4021], [-74.11371, 18.39673], [-74.11932, 18.39673], [-74.12482, 18.39673], [-74.13019, 18.4021], [-74.13568, 18.4021], [-74.14673, 18.39673], [-74.15771, 18.39673], [-74.16321, 18.39673], [-74.17419, 18.39111], [-74.17419, 18.39673], [-74.17969, 18.39111], [-74.19061, 18.39673], [-74.19623, 18.39673], [-74.20172, 18.39673], [-74.20721, 18.39673], [-74.21259, 18.4021], [-74.21808, 18.4021], [-74.21808, 18.39673], [-74.21808, 18.39111], [-74.22351, 18.38568], [-74.21808, 18.38568], [-74.22351, 18.38013], [-74.22913, 18.38013], [-74.23462, 18.37469], [-74.24011, 18.37469], [-74.24561, 18.37469], [-74.2511, 18.37469], [-74.26208, 18.37469], [-74.26758, 18.38013], [-74.27301, 18.38013], [-74.27863, 18.38013], [-74.27863, 18.38568], [-74.28412, 18.38568], [-74.28412, 18.39111], [-74.29498, 18.39673], [-74.29498, 18.39111], [-74.29498, 18.38568], [-74.29498, 18.38013], [-74.30048, 18.37469], [-74.30597, 18.36908], [-74.31152, 18.36908], [-74.31152, 18.36371], [-74.31702, 18.36371], [-74.32251, 18.36371], [-74.328, 18.36371], [-74.328, 18.35828], [-74.3335, 18.36371], [-74.33899, 18.36371], [-74.34448, 18.36371], [-74.34998, 18.36371], [-74.35553, 18.36371], [-74.35553, 18.35828], [-74.36102, 18.35828], [-74.36102, 18.36371], [-74.36652, 18.36371], [-74.36652, 18.35828], [-74.37189, 18.35828], [-74.37189, 18.36371], [-74.37738, 18.36371], [-74.37738, 18.35828], [-74.38281, 18.35828], [-74.38281, 18.36371], [-74.38843, 18.36371], [-74.38843, 18.35828], [-74.39392, 18.35828], [-74.39941, 18.35828], [-74.40491, 18.35828], [-74.4104, 18.35828], [-74.41589, 18.35828], [-74.42139, 18.35828], [-74.42688, 18.35828], [-74.43231, 18.35828], [-74.43231, 18.36371], [-74.43793, 18.36371], [-74.43793, 18.35828], [-74.44342, 18.35828], [-74.44891, 18.35828], [-74.45428, 18.35828], [-74.45428, 18.35272], [-74.44891, 18.35272], [-74.44891, 18.34729], [-74.44891, 18.34167], [-74.44342, 18.34167], [-74.43793, 18.34167], [-74.43231, 18.3363], [-74.42688, 18.3363], [-74.42139, 18.3363], [-74.41589, 18.3363], [-74.4104, 18.3363], [-74.4104, 18.33069], [-74.40491, 18.33069], [-74.39941, 18.32532], [-74.39941, 18.3197], [-74.40491, 18.3197], [-74.40491, 18.31427], [-74.39941, 18.31427], [-74.38843, 18.31427], [-74.38843, 18.30872], [-74.38281, 18.30328], [-74.37738, 18.29773], [-74.37189, 18.29773], [-74.37189, 18.2923], [-74.36102, 18.2923], [-74.35553, 18.2923], [-74.34998, 18.2923], [-74.34448, 18.2923], [-74.34448, 18.28668], [-74.33899, 18.28668], [-74.3335, 18.28668], [-74.328, 18.28131], [-74.32251, 18.28131], [-74.32251, 18.28668], [-74.31702, 18.28668], [-74.31152, 18.28131], [-74.30597, 18.28668], [-74.30048, 18.28668], [-74.30048, 18.2923], [-74.29498, 18.2923], [-74.28961, 18.29773], [-74.28412, 18.29773], [-74.27863, 18.30328], [-74.27301, 18.30328], [-74.26208, 18.30872], [-74.24561, 18.30872], [-74.24011, 18.30872], [-74.23462, 18.30872], [-74.22913, 18.30872], [-74.22351, 18.30328], [-74.21808, 18.29773], [-74.21259, 18.29773], [-74.21259, 18.2923], [-74.19623, 18.2923], [-74.19623, 18.29773], [-74.19061, 18.2923], [-74.18518, 18.28668], [-74.17969, 18.28668], [-74.17419, 18.28131], [-74.17419, 18.27588], [-74.1687, 18.27588], [-74.1687, 18.27032], [-74.16321, 18.27032], [-74.16321, 18.26489], [-74.15771, 18.26489], [-74.15222, 18.26489], [-74.14673, 18.26489], [-74.14111, 18.25928], [-74.13019, 18.25928], [-74.13019, 18.25391], [-74.12482, 18.25391], [-74.11932, 18.25391], [-74.11371, 18.24829], [-74.10278, 18.24829], [-74.09729, 18.24292], [-74.0918, 18.24292], [-74.0918, 18.2373], [-74.0863, 18.2373], [-74.0863, 18.23187], [-74.08081, 18.23187], [-74.07532, 18.22632], [-74.06982, 18.22632], [-74.06421, 18.22632], [-74.06421, 18.22089], [-74.06421, 18.21527], [-74.05878, 18.21527], [-74.05878, 18.2099], [-74.05328, 18.2099], [-74.05328, 18.20428], [-74.04791, 18.20428], [-74.04242, 18.20428], [-74.04242, 18.19891], [-74.03693, 18.19891], [-74.03693, 18.19348], [-74.03131, 18.19348], [-74.02588, 18.19348], [-74.02039, 18.18793], [-74.02039, 18.1825], [-74.01489, 18.1825], [-74.0094, 18.17688], [-74.0094, 18.17151], [-74.00391, 18.17151], [-74.00391, 18.16589], [-73.99841, 18.16052], [-73.98743, 18.16052], [-73.98743, 18.16589], [-73.98181, 18.16589], [-73.98181, 18.16052], [-73.98181, 18.14948], [-73.97638, 18.14392], [-73.97089, 18.14392], [-73.97089, 18.13849], [-73.96552, 18.13287], [-73.96002, 18.13287], [-73.95453, 18.13287], [-73.94897, 18.1275], [-73.94897, 18.12189], [-73.94897, 18.11652], [-73.94897, 18.11108], [-73.94897, 18.10553], [-73.94348, 18.10553], [-73.94348, 18.1001], [-73.94348, 18.09448], [-73.93799, 18.09448], [-73.927, 18.08911], [-73.927, 18.0835], [-73.92151, 18.07813], [-73.92151, 18.07251], [-73.92151, 18.06708], [-73.92151, 18.06152], [-73.91602, 18.05609], [-73.91052, 18.0451], [-73.90503, 18.0451], [-73.90503, 18.03967], [-73.90503, 18.03412], [-73.90503, 18.02869], [-73.89948, 18.02869], [-73.89398, 18.02307], [-73.88849, 18.02307], [-73.88312, 18.02307], [-73.87201, 18.02307], [-73.86658, 18.02307], [-73.86108, 18.02307], [-73.85559, 18.02307], [-73.83911, 18.02307], [-73.83362, 18.02307], [-73.82812, 18.02307], [-73.82251, 18.02307], [-73.81158, 18.02307], [-73.80621, 18.02307], [-73.80072, 18.02307], [-73.80072, 18.02869], [-73.79523, 18.02869], [-73.79523, 18.02307], [-73.78961, 18.02869], [-73.78961, 18.03412], [-73.79523, 18.03412], [-73.78961, 18.03967], [-73.78418, 18.03967], [-73.78418, 18.0451], [-73.78961, 18.0451], [-73.78961, 18.05048], [-73.78961, 18.05609], [-73.79523, 18.05609], [-73.80072, 18.05609], [-73.80072, 18.06152], [-73.80621, 18.06152], [-73.80621, 18.06708], [-73.80621, 18.07251], [-73.81158, 18.07251], [-73.81708, 18.07813], [-73.81708, 18.0835], [-73.82251, 18.0835], [-73.83362, 18.08911], [-73.83362, 18.09448], [-73.83911, 18.1001], [-73.8446, 18.1001], [-73.8446, 18.10553], [-73.8446, 18.11652], [-73.8446, 18.12189], [-73.83911, 18.1275], [-73.83911, 18.13287], [-73.83362, 18.13849], [-73.82812, 18.13849], [-73.82812, 18.14392], [-73.82251, 18.14948], [-73.81708, 18.14948], [-73.81158, 18.14948], [-73.81158, 18.15491], [-73.80621, 18.15491], [-73.79523, 18.16589], [-73.78961, 18.16589], [-73.78418, 18.17151], [-73.77869, 18.17151], [-73.77319, 18.17688], [-73.7677, 18.17688], [-73.7677, 18.1825], [-73.75671, 18.1825], [-73.75122, 18.18793], [-73.74573, 18.18793], [-73.74011, 18.18793], [-73.74011, 18.19348], [-73.73468, 18.19348], [-73.72919, 18.19891], [-73.72382, 18.19891], [-73.72382, 18.20428], [-73.71832, 18.20428], [-73.71283, 18.20428], [-73.71283, 18.2099], [-73.70728, 18.2099], [-73.70178, 18.2099], [-73.70178, 18.21527], [-73.70728, 18.21527], [-73.70178, 18.22089], [-73.70178, 18.22632], [-73.70178, 18.23187], [-73.69629, 18.23187], [-73.6908, 18.2373], [-73.67981, 18.2373], [-73.67981, 18.23187], [-73.67981, 18.22632], [-73.67981, 18.22089], [-73.67432, 18.22089], [-73.66882, 18.22632], [-73.67432, 18.22632], [-73.67432, 18.23187], [-73.66882, 18.23187], [-73.66327, 18.23187], [-73.65778, 18.23187], [-73.65778, 18.2373], [-73.65228, 18.24292], [-73.65228, 18.24829], [-73.64691, 18.24829], [-73.64691, 18.24292], [-73.64691, 18.2373], [-73.65228, 18.2373], [-73.65228, 18.23187], [-73.65228, 18.22632], [-73.65778, 18.22632], [-73.66327, 18.22632], [-73.66327, 18.21527], [-73.66882, 18.21527], [-73.66882, 18.2099], [-73.66327, 18.20428], [-73.65778, 18.20428], [-73.65778, 18.2099], [-73.65228, 18.2099], [-73.64691, 18.2099], [-73.64691, 18.21527], [-73.64142, 18.21527], [-73.64142, 18.22089], [-73.63593, 18.22089], [-73.63593, 18.22632], [-73.63593, 18.23187], [-73.63593, 18.2373], [-73.63593, 18.24292], [-73.63593, 18.24829], [-73.63031, 18.24292], [-73.62488, 18.24829], [-73.61938, 18.24829], [-73.61389, 18.24829], [-73.61389, 18.25391], [-73.6084, 18.25391], [-73.60291, 18.24829], [-73.60291, 18.24292], [-73.6084, 18.2373], [-73.61389, 18.2373], [-73.61389, 18.23187], [-73.61938, 18.23187], [-73.61938, 18.22632], [-73.61938, 18.22089], [-73.62488, 18.22089], [-73.62488, 18.21527], [-73.61938, 18.21527], [-73.61938, 18.2099], [-73.61389, 18.2099], [-73.6084, 18.2099], [-73.60291, 18.2099], [-73.59741, 18.21527], [-73.59192, 18.21527], [-73.58643, 18.22089], [-73.58081, 18.21527], [-73.56989, 18.21527], [-73.56451, 18.21527], [-73.56451, 18.22089], [-73.56451, 18.22632], [-73.56451, 18.23187], [-73.56989, 18.2373], [-73.57538, 18.2373], [-73.57538, 18.24292], [-73.57538, 18.24829], [-73.57538, 18.25391], [-73.56989, 18.25391], [-73.56451, 18.25391], [-73.55902, 18.25391], [-73.55902, 18.25928], [-73.55353, 18.25928], [-73.54791, 18.25928], [-73.54791, 18.25391], [-73.54248, 18.25391], [-73.54248, 18.24829], [-73.53699, 18.24292], [-73.53699, 18.2373], [-73.53699, 18.23187], [-73.53149, 18.23187], [-73.526, 18.23187], [-73.52051, 18.23187], [-73.51501, 18.23187], [-73.50952, 18.23187], [-73.50403, 18.23187], [-73.49841, 18.23187], [-73.49841, 18.2373], [-73.50403, 18.2373], [-73.50403, 18.24292], [-73.49841, 18.24829], [-73.49298, 18.25391], [-73.48749, 18.24829], [-73.48749, 18.25391], [-73.48212, 18.25391], [-73.48212, 18.24829], [-73.47662, 18.24829], [-73.47662, 18.25391], [-73.47107, 18.25391], [-73.46558, 18.25928], [-73.46008, 18.25928], [-73.46008, 18.25391], [-73.45459, 18.25391], [-73.45459, 18.25928], [-73.45459, 18.26489], [-73.4491, 18.25928], [-73.4491, 18.25391], [-73.4436, 18.25928], [-73.43811, 18.25928], [-73.43262, 18.25928], [-73.43262, 18.25391], [-73.42712, 18.25391], [-73.42151, 18.25391], [-73.41608, 18.24829], [-73.41058, 18.24292], [-73.41058, 18.24829], [-73.41058, 18.25391], [-73.40521, 18.25391], [-73.40521, 18.25928], [-73.40521, 18.26489], [-73.39972, 18.25928], [-73.39972, 18.25391], [-73.39423, 18.25391], [-73.39423, 18.25928], [-73.39423, 18.26489], [-73.39423, 18.27032], [-73.39423, 18.27588], [-73.38861, 18.27032], [-73.38861, 18.26489], [-73.38318, 18.26489], [-73.37769, 18.26489], [-73.37219, 18.25928], [-73.3667, 18.25391], [-73.36121, 18.25391], [-73.35571, 18.25391], [-73.35571, 18.24829], [-73.36121, 18.24829], [-73.36121, 18.24292], [-73.36121, 18.2373], [-73.3667, 18.2373], [-73.37219, 18.2373], [-73.37219, 18.23187], [-73.37219, 18.22089], [-73.37219, 18.21527], [-73.3667, 18.21527], [-73.36121, 18.21527], [-73.36121, 18.22089], [-73.35571, 18.22089], [-73.35022, 18.22089], [-73.35022, 18.21527]]]]}}, {"type": "Feature", "properties": {"atmart_geo_id": "HTE-412003", "pcode": "412003", "region_id_dhs": "HTDHS2016412003", "nom_fr": "Sud-Est", "nom_source": "South-East", "niveau_admin": "enquete"}, "geometry": {"type": "MultiPolygon", "coordinates": [[[[-72.89429, 18.2923], [-72.88879, 18.2923], [-72.88879, 18.29773], [-72.89429, 18.2923]]], [[[-72.44928, 18.39673], [-72.45471, 18.39673], [-72.46033, 18.39673], [-72.46582, 18.39673], [-72.47131, 18.4021], [-72.47681, 18.4021], [-72.4823, 18.4021], [-72.49329, 18.4021], [-72.49878, 18.40771], [-72.50421, 18.40771], [-72.50983, 18.39673], [-72.51532, 18.39673], [-72.52081, 18.39673], [-72.52081, 18.39111], [-72.52618, 18.38568], [-72.53168, 18.38013], [-72.53168, 18.37469], [-72.53711, 18.36908], [-72.54272, 18.36908], [-72.54822, 18.36908], [-72.54822, 18.36371], [-72.54822, 18.35828], [-72.55371, 18.35272], [-72.5592, 18.35272], [-72.5647, 18.35272], [-72.5647, 18.34729], [-72.57019, 18.34729], [-72.57019, 18.35272], [-72.58118, 18.35272], [-72.58661, 18.35272], [-72.58661, 18.34729], [-72.59222, 18.34729], [-72.59772, 18.34167], [-72.59772, 18.3363], [-72.60309, 18.33069], [-72.60309, 18.32532], [-72.60858, 18.32532], [-72.61407, 18.32532], [-72.61407, 18.33069], [-72.61407, 18.3363], [-72.61963, 18.3363], [-72.61963, 18.34729], [-72.62512, 18.34729], [-72.63611, 18.34729], [-72.6416, 18.34729], [-72.6416, 18.34167], [-72.6416, 18.3363], [-72.6416, 18.33069], [-72.64709, 18.32532], [-72.65259, 18.32532], [-72.65808, 18.32532], [-72.66351, 18.32532], [-72.66351, 18.33069], [-72.66913, 18.33069], [-72.67462, 18.33069], [-72.67462, 18.32532], [-72.68011, 18.32532], [-72.68549, 18.32532], [-72.68549, 18.3197], [-72.69098, 18.3197], [-72.69098, 18.31427], [-72.69641, 18.31427], [-72.70203, 18.31427], [-72.70203, 18.30872], [-72.70752, 18.30872], [-72.70752, 18.30328], [-72.70752, 18.29773], [-72.71301, 18.29773], [-72.71301, 18.30328], [-72.71851, 18.30328], [-72.71851, 18.30872], [-72.724, 18.30872], [-72.724, 18.31427], [-72.72949, 18.31427], [-72.72949, 18.3197], [-72.73499, 18.3197], [-72.74048, 18.3197], [-72.74048, 18.31427], [-72.74048, 18.30872], [-72.74048, 18.30328], [-72.74048, 18.29773], [-72.74048, 18.2923], [-72.74048, 18.28668], [-72.74591, 18.28668], [-72.74591, 18.2923], [-72.75153, 18.2923], [-72.75153, 18.28668], [-72.75702, 18.28668], [-72.75702, 18.28131], [-72.76251, 18.28131], [-72.76251, 18.27588], [-72.76788, 18.27588], [-72.76788, 18.27032], [-72.76251, 18.27032], [-72.76251, 18.26489], [-72.76788, 18.26489], [-72.77338, 18.27032], [-72.77881, 18.27032], [-72.78442, 18.27032], [-72.78992, 18.27588], [-72.79541, 18.27588], [-72.8009, 18.28131], [-72.8064, 18.28131], [-72.8064, 18.28668], [-72.81189, 18.28668], [-72.81738, 18.28668], [-72.82288, 18.28668], [-72.82837, 18.28668], [-72.82837, 18.28131], [-72.83392, 18.28131], [-72.83942, 18.28131], [-72.84479, 18.28131], [-72.85028, 18.28131], [-72.85571, 18.28131], [-72.85571, 18.27588], [-72.85571, 18.27032], [-72.85028, 18.26489], [-72.85028, 18.25928], [-72.85571, 18.25928], [-72.86133, 18.25928], [-72.86682, 18.26489], [-72.87231, 18.27032], [-72.87781, 18.27032], [-72.87781, 18.27588], [-72.8833, 18.27588], [-72.8833, 18.28131], [-72.88879, 18.28131], [-72.89429, 18.28668], [-72.89429, 18.2923], [-72.89978, 18.2923], [-72.90521, 18.2923], [-72.91083, 18.2923], [-72.91632, 18.2923], [-72.91632, 18.28668], [-72.92181, 18.28668], [-72.92181, 18.2923], [-72.92719, 18.2923], [-72.92719, 18.28668], [-72.93268, 18.28668], [-72.93268, 18.2923], [-72.93811, 18.2923], [-72.94373, 18.2923], [-72.94922, 18.2923], [-72.95471, 18.2923], [-72.95471, 18.28131], [-72.96021, 18.28131], [-72.96021, 18.27588], [-72.9657, 18.27588], [-72.9657, 18.28131], [-72.97119, 18.28131], [-72.97119, 18.28668], [-72.97668, 18.28668], [-72.97668, 18.2923], [-72.97668, 18.29773], [-72.98218, 18.30328], [-72.98218, 18.30872], [-72.98761, 18.30872], [-72.98761, 18.31427], [-72.98761, 18.3197], [-72.99323, 18.32532], [-72.99872, 18.32532], [-72.99323, 18.3197], [-72.99323, 18.31427], [-72.99323, 18.30328], [-72.99872, 18.30328], [-72.99872, 18.29773], [-73.00421, 18.2923], [-73.00958, 18.28668], [-73.01508, 18.28131], [-73.01508, 18.27032], [-73.01508, 18.26489], [-73.01508, 18.25928], [-73.01508, 18.25391], [-73.00958, 18.25391], [-73.00958, 18.24829], [-73.00958, 18.24292], [-73.00958, 18.2373], [-73.00958, 18.23187], [-73.01508, 18.22632], [-73.00958, 18.22089], [-73.00958, 18.21527], [-73.00958, 18.2099], [-73.00421, 18.2099], [-72.99872, 18.2099], [-73.00421, 18.20428], [-73.00958, 18.20428], [-73.00421, 18.19891], [-73.00958, 18.19348], [-73.00958, 18.18793], [-73.00421, 18.18793], [-73.00421, 18.1825], [-72.99872, 18.1825], [-72.99872, 18.17688], [-72.99323, 18.17151], [-72.98761, 18.17151], [-72.98218, 18.17151], [-72.97668, 18.17151], [-72.97119, 18.16589], [-72.9657, 18.16589], [-72.96021, 18.16589], [-72.96021, 18.16052], [-72.95471, 18.16052], [-72.95471, 18.16589], [-72.94922, 18.16589], [-72.94922, 18.16052], [-72.93811, 18.16052], [-72.93268, 18.16052], [-72.92719, 18.16052], [-72.92181, 18.15491], [-72.91632, 18.15491], [-72.91083, 18.15491], [-72.90521, 18.15491], [-72.90521, 18.14948], [-72.89978, 18.14948], [-72.89429, 18.14948], [-72.88879, 18.14948], [-72.88879, 18.14392], [-72.87781, 18.14392], [-72.86682, 18.14392], [-72.86133, 18.13849], [-72.85571, 18.13849], [-72.85028, 18.14392], [-72.85028, 18.14948], [-72.83942, 18.14392], [-72.83392, 18.14392], [-72.82837, 18.14392], [-72.82288, 18.13849], [-72.81738, 18.13849], [-72.81189, 18.14392], [-72.8009, 18.14392], [-72.78992, 18.14392], [-72.78442, 18.14948], [-72.78442, 18.15491], [-72.77881, 18.15491], [-72.77338, 18.15491], [-72.76251, 18.15491], [-72.76251, 18.14948], [-72.75702, 18.14948], [-72.75153, 18.14948], [-72.75153, 18.15491], [-72.75153, 18.16052], [-72.76251, 18.16589], [-72.76251, 18.17151], [-72.75702, 18.17688], [-72.75153, 18.17688], [-72.74591, 18.17688], [-72.74048, 18.17688], [-72.73499, 18.17688], [-72.72949, 18.17688], [-72.724, 18.17151], [-72.71851, 18.17151], [-72.71301, 18.17151], [-72.70752, 18.17151], [-72.70752, 18.17688], [-72.70203, 18.17688], [-72.69641, 18.17688], [-72.69098, 18.17688], [-72.68549, 18.17688], [-72.68011, 18.17688], [-72.67462, 18.1825], [-72.66913, 18.1825], [-72.66913, 18.17688], [-72.66351, 18.1825], [-72.65808, 18.1825], [-72.65259, 18.1825], [-72.6416, 18.1825], [-72.6416, 18.18793], [-72.63611, 18.18793], [-72.63062, 18.1825], [-72.62512, 18.1825], [-72.61963, 18.1825], [-72.61407, 18.1825], [-72.60858, 18.1825], [-72.60858, 18.17688], [-72.60309, 18.17688], [-72.59772, 18.17688], [-72.59222, 18.17688], [-72.58661, 18.17688], [-72.58118, 18.17688], [-72.58118, 18.17151], [-72.57568, 18.17151], [-72.57019, 18.16589], [-72.5647, 18.16589], [-72.5592, 18.17151], [-72.55371, 18.17151], [-72.54822, 18.17151], [-72.54272, 18.17151], [-72.54272, 18.17688], [-72.54272, 18.1825], [-72.54272, 18.18793], [-72.54822, 18.19348], [-72.55371, 18.19348], [-72.55371, 18.19891], [-72.55371, 18.20428], [-72.55371, 18.2099], [-72.55371, 18.21527], [-72.5592, 18.21527], [-72.5592, 18.22089], [-72.55371, 18.22632], [-72.54822, 18.22632], [-72.54272, 18.22632], [-72.53711, 18.22632], [-72.52618, 18.22089], [-72.52618, 18.21527], [-72.52081, 18.21527], [-72.52081, 18.2099], [-72.51532, 18.2099], [-72.50983, 18.2099], [-72.50421, 18.21527], [-72.49878, 18.21527], [-72.49329, 18.22089], [-72.48779, 18.22089], [-72.4823, 18.21527], [-72.47681, 18.21527], [-72.47131, 18.22089], [-72.46582, 18.22089], [-72.46033, 18.22089], [-72.45471, 18.22089], [-72.44928, 18.22089], [-72.44379, 18.22632], [-72.43292, 18.22632], [-72.43292, 18.22089], [-72.42743, 18.22089], [-72.42187, 18.22089], [-72.41638, 18.22632], [-72.41089, 18.22632], [-72.3999, 18.22632], [-72.39441, 18.22632], [-72.39441, 18.23187], [-72.38892, 18.23187], [-72.38342, 18.23187], [-72.37793, 18.23187], [-72.37238, 18.23187], [-72.36688, 18.23187], [-72.36151, 18.23187], [-72.35602, 18.23187], [-72.35052, 18.22632], [-72.34491, 18.22632], [-72.33948, 18.23187], [-72.33398, 18.23187], [-72.32849, 18.22632], [-72.3175, 18.22632], [-72.31201, 18.22632], [-72.30652, 18.22089], [-72.30103, 18.22089], [-72.29541, 18.22089], [-72.28998, 18.22632], [-72.28998, 18.22089], [-72.27911, 18.22632], [-72.27362, 18.22632], [-72.26813, 18.22632], [-72.24609, 18.22632], [-72.2406, 18.22089], [-72.23511, 18.22089], [-72.22961, 18.22089], [-72.22412, 18.22089], [-72.21863, 18.22089], [-72.21863, 18.21527], [-72.21301, 18.21527], [-72.21301, 18.22089], [-72.20209, 18.22089], [-72.19672, 18.22089], [-72.19122, 18.22089], [-72.18573, 18.22089], [-72.18573, 18.22632], [-72.18018, 18.22632], [-72.17468, 18.22632], [-72.16919, 18.22632], [-72.1637, 18.22632], [-72.1582, 18.22632], [-72.15271, 18.22632], [-72.14722, 18.22632], [-72.14172, 18.22632], [-72.14172, 18.23187], [-72.13068, 18.23187], [-72.13068, 18.22632], [-72.12518, 18.22632], [-72.11432, 18.22632], [-72.11432, 18.23187], [-72.10883, 18.23187], [-72.10321, 18.23187], [-72.09229, 18.23187], [-72.08679, 18.2373], [-72.0813, 18.2373], [-72.07581, 18.23187], [-72.07031, 18.23187], [-72.06482, 18.23187], [-72.05933, 18.23187], [-72.05371, 18.23187], [-72.04828, 18.23187], [-72.04279, 18.22632], [-72.03741, 18.22089], [-72.03741, 18.21527], [-72.03192, 18.21527], [-72.03192, 18.2099], [-72.02643, 18.2099], [-72.02081, 18.20428], [-72.01538, 18.20428], [-72.00989, 18.20428], [-72.00439, 18.20428], [-72.00439, 18.2099], [-71.9989, 18.2099], [-71.99341, 18.20428], [-71.99341, 18.19891], [-71.98792, 18.19891], [-71.98242, 18.19891], [-71.97693, 18.19348], [-71.96588, 18.19348], [-71.96039, 18.19348], [-71.94952, 18.19348], [-71.94952, 18.18793], [-71.94391, 18.18793], [-71.93848, 18.18793], [-71.93298, 18.18793], [-71.92749, 18.18793], [-71.92749, 18.1825], [-71.922, 18.1825], [-71.9165, 18.17688], [-71.9165, 18.17151], [-71.9165, 18.16589], [-71.91101, 18.16589], [-71.90552, 18.16589], [-71.90002, 18.16589], [-71.90002, 18.16052], [-71.89441, 18.15491], [-71.88898, 18.15491], [-71.88898, 18.14948], [-71.88348, 18.14948], [-71.87811, 18.14392], [-71.87262, 18.14392], [-71.86713, 18.13849], [-71.86713, 18.13287], [-71.86151, 18.13287], [-71.85608, 18.1275], [-71.85608, 18.12189], [-71.85059, 18.11652], [-71.84509, 18.11652], [-71.8396, 18.11108], [-71.83411, 18.10553], [-71.82861, 18.1001], [-71.82312, 18.09448], [-71.82312, 18.08911], [-71.81763, 18.08911], [-71.81763, 18.0835], [-71.82312, 18.07813], [-71.81763, 18.07813], [-71.81763, 18.07251], [-71.81201, 18.06708], [-71.80658, 18.06708], [-71.80109, 18.06152], [-71.79572, 18.05609], [-71.79022, 18.05048], [-71.78473, 18.0451], [-71.77917, 18.0451], [-71.76819, 18.03967], [-71.76819, 18.03412], [-71.7627, 18.02869], [-71.7572, 18.03412], [-71.7572, 18.03967], [-71.75171, 18.0451], [-71.74622, 18.0451], [-71.74622, 18.05048], [-71.74622, 18.05609], [-71.74622, 18.06152], [-71.74072, 18.06708], [-71.74072, 18.07251], [-71.74072, 18.07813], [-71.73523, 18.07813], [-71.73523, 18.0835], [-71.73523, 18.08911], [-71.74072, 18.08911], [-71.74072, 18.09448], [-71.73523, 18.09448], [-71.73523, 18.1001], [-71.74072, 18.1001], [-71.74622, 18.1001], [-71.74622, 18.10553], [-71.74622, 18.11108], [-71.74622, 18.11652], [-71.74622, 18.12189], [-71.74622, 18.1275], [-71.74622, 18.13287], [-71.74622, 18.13849], [-71.74622, 18.14392], [-71.74622, 18.14948], [-71.75171, 18.14948], [-71.75171, 18.14392], [-71.7572, 18.14948], [-71.7572, 18.15491], [-71.7627, 18.14948], [-71.7627, 18.15491], [-71.7627, 18.16052], [-71.76819, 18.16052], [-71.76819, 18.16589], [-71.77368, 18.16589], [-71.77917, 18.16589], [-71.77917, 18.17151], [-71.78473, 18.17151], [-71.78473, 18.17688], [-71.79022, 18.1825], [-71.78473, 18.1825], [-71.78473, 18.18793], [-71.78473, 18.19348], [-71.77917, 18.19348], [-71.77368, 18.19348], [-71.77368, 18.19891], [-71.77368, 18.20428], [-71.77368, 18.2099], [-71.76819, 18.2099], [-71.76819, 18.21527], [-71.76819, 18.22089], [-71.7627, 18.22089], [-71.7627, 18.22632], [-71.7572, 18.22632], [-71.7572, 18.23187], [-71.7572, 18.2373], [-71.7572, 18.24292], [-71.72968, 18.2923], [-71.73523, 18.2923], [-71.74072, 18.2923], [-71.74622, 18.2923], [-71.75171, 18.2923], [-71.7572, 18.2923], [-71.7627, 18.28668], [-71.77368, 18.28668], [-71.77917, 18.28131], [-71.78473, 18.28131], [-71.79022, 18.28668], [-71.79572, 18.28668], [-71.80658, 18.28668], [-71.81201, 18.28131], [-71.81763, 18.28131], [-71.82312, 18.28131], [-71.82861, 18.28131], [-71.83411, 18.28131], [-71.8396, 18.28131], [-71.84509, 18.28131], [-71.84509, 18.27588], [-71.85059, 18.27588], [-71.85608, 18.27588], [-71.86151, 18.27588], [-71.86713, 18.27588], [-71.86713, 18.28131], [-71.86713, 18.28668], [-71.86713, 18.2923], [-71.86713, 18.29773], [-71.86713, 18.30328], [-71.86713, 18.30872], [-71.86151, 18.31427], [-71.86151, 18.3197], [-71.86713, 18.3197], [-71.86713, 18.32532], [-71.87262, 18.32532], [-71.87811, 18.32532], [-71.87811, 18.3197], [-71.88348, 18.3197], [-71.88898, 18.3197], [-71.89441, 18.3197], [-71.90002, 18.3197], [-71.90552, 18.3197], [-71.90552, 18.31427], [-71.91101, 18.31427], [-71.9165, 18.31427], [-71.922, 18.31427], [-71.92749, 18.30872], [-71.93298, 18.30872], [-71.93848, 18.30872], [-71.94391, 18.31427], [-71.94952, 18.31427], [-71.95502, 18.3197], [-71.95502, 18.31427], [-71.96039, 18.31427], [-71.96588, 18.31427], [-71.97137, 18.31427], [-71.97693, 18.31427], [-71.98242, 18.31427], [-71.98792, 18.31427], [-71.99341, 18.31427], [-71.9989, 18.31427], [-72.00439, 18.31427], [-72.00439, 18.3197], [-72.00989, 18.3197], [-72.01538, 18.3197], [-72.02081, 18.3197], [-72.02643, 18.3197], [-72.03192, 18.3197], [-72.03741, 18.32532], [-72.04279, 18.3197], [-72.04828, 18.3197], [-72.04828, 18.32532], [-72.05371, 18.32532], [-72.05933, 18.32532], [-72.06482, 18.3197], [-72.07031, 18.3197], [-72.07031, 18.32532], [-72.07581, 18.32532], [-72.0813, 18.33069], [-72.0813, 18.3363], [-72.08679, 18.3363], [-72.09229, 18.3363], [-72.09778, 18.3363], [-72.10321, 18.3363], [-72.10883, 18.3363], [-72.11432, 18.3363], [-72.11981, 18.3363], [-72.12518, 18.3363], [-72.13068, 18.3363], [-72.13617, 18.34167], [-72.14172, 18.34167], [-72.14722, 18.34729], [-72.15271, 18.34729], [-72.1582, 18.34729], [-72.1637, 18.34729], [-72.16919, 18.34729], [-72.17468, 18.34729], [-72.18018, 18.34729], [-72.18573, 18.34729], [-72.18573, 18.35272], [-72.19122, 18.35272], [-72.19672, 18.35272], [-72.20209, 18.35272], [-72.20758, 18.35272], [-72.21301, 18.35272], [-72.21863, 18.34729], [-72.22412, 18.34729], [-72.22412, 18.35272], [-72.22961, 18.35272], [-72.23511, 18.35272], [-72.2406, 18.35272], [-72.24609, 18.35272], [-72.25159, 18.35272], [-72.25159, 18.35828], [-72.25708, 18.35828], [-72.26251, 18.35828], [-72.26813, 18.35828], [-72.27362, 18.35272], [-72.27911, 18.35272], [-72.28448, 18.35272], [-72.28448, 18.34729], [-72.28448, 18.34167], [-72.28998, 18.34167], [-72.29541, 18.34167], [-72.30103, 18.34167], [-72.30652, 18.34167], [-72.31201, 18.34167], [-72.3175, 18.34167], [-72.323, 18.34167], [-72.32849, 18.34167], [-72.33398, 18.34167], [-72.33398, 18.34729], [-72.33948, 18.34729], [-72.34491, 18.34729], [-72.35052, 18.34729], [-72.35602, 18.35272], [-72.36151, 18.35272], [-72.36688, 18.35828], [-72.36688, 18.36371], [-72.37238, 18.36908], [-72.36688, 18.36908], [-72.36688, 18.37469], [-72.36688, 18.38013], [-72.37238, 18.38013], [-72.37793, 18.38013], [-72.38342, 18.38013], [-72.38342, 18.38568], [-72.38892, 18.39111], [-72.39441, 18.39111], [-72.39441, 18.38568], [-72.3999, 18.38568], [-72.4054, 18.38568], [-72.41089, 18.38013], [-72.41638, 18.37469], [-72.42743, 18.37469], [-72.43292, 18.37469], [-72.43842, 18.38013], [-72.43292, 18.38568], [-72.42743, 18.39111], [-72.42743, 18.39673], [-72.42187, 18.39673], [-72.42187, 18.4021], [-72.42743, 18.4021], [-72.43292, 18.4021], [-72.43842, 18.39673], [-72.44379, 18.39673], [-72.44928, 18.39673]]]]}}]}