{"titre":"Zones inondables (CNIGS)","source_id":"SRC-035","source":"CNIGS via HaitiData (haitidata.org), téléchargé le 14/08/2026","licence":"données publiques CNIGS — attribution","millesime":"couche HaitiData (méthode source non documentée)","limite":"Zones cartographiées, PAS un aléa probabiliste par période de retour. Géométries simplifiées pour l'affichage.","type":"FeatureCollection","features":[{"type":"Feature","geometry":{"type":"Polygon","coordinates":[[[-73.3737,19.8083],[-73.3716,19.8104],[-73.3702,19.8129],[-73.3694,19.8155],[-73.3684,19.8175],[-73.3683,19.8195],[-73.368,19.8216],[-73.3661,19.8212],[-73.3647,19.8235],[-73.3641,19.8215],[-73.3648,19.8197],[-73.3666,19.8168],[-73.3677,19.8139],[-73.3689,19.8106],[-73.3702,19.8083],[-73.3713,19.8053],[-73.3737,19.8044],[-73.3748,19.803],[-73.3738,19.8003],[-73.373,19.7976],[-73.3724,19.7962],[-73.3711,19.7949],[-73.373,19.7951],[-73.3739,19.7968],[-73.3749,19.7991],[-73.3761,19.8007],[-73.3777,19.8003],[-73.3817,19.7989],[-73.3829,19.798],[-73.3848,19.7964],[-73.3867,19.7963],[-73.3906,19.7961],[-73.3936,19.7962],[-73.3918,19.7977],[-73.3881,19.7981],[-73.3862,19.799],[-73.3844,19.8001],[-73.3818,19.8028],[-73.381,19.8053],[-73.3802,19.8082],[-73.3781,19.8093],[-73.3758,19.8087],[-73.3737,19.8083]]]},"properties":{}},{"type":"Feature","geometry":{"type":"Polygon","coordinates":[[[-72.5793,19.8133],[-72.5792,19.8132],[-72.5793,19.8133],[-72.5794,19.8133],[-72.5793,19.8133]]]},"properties":{}},{"type":"Feature","geometry":{"type":"Polygon","coordinates":[[[-72.5451,19.8207],[-72.546,19.8191],[-72.5478,19.8186],[-72.5503,19.8182],[-72.5517,19.8175],[-72.5524,19.8153],[-72.5518,19.8139],[-72.5508,19.812],[-72.5533,19.8123],[-72.5549,19.814],[-72.5565,19.8146],[-72.5594,19.8149],[-72.5611,19.8156],[-72.5608,19.8129],[-72.5619,19.8117],[-72.5631,19.8128],[-72.5652,19.8122],[-72.5675,19.8107],[-72.5691,19.8093],[-72.5699,19.8077],[-72.5706,19.8058],[-72.5716,19.8071],[-72.5736,19.8081],[-72.5751,19.8072],[-72.5752,19.8052],[-72.5757,19.8034],[-72.5774,19.8042],[-72.5788,19.8052],[-72.5778,19.8078],[-72.5785,19.8097],[-72.5788,19.8115],[-72.5752,19.811],[-72.573,19.8124],[-72.5714,19.813],[-72.5705,19.8153],[-72.5716,19.8178],[-72.5689,19.8176],[-72.5663,19.8178],[-72.5643,19.8183],[-72.5628,19.8173],[-72.5608,19.8161],[-72.5591,19.8166],[-72.5579,19.8178],[-72.5554,19.8192],[-72.5548,19.8208],[-72.5503,19.8207],[-72.5479,19.822],[-72.547,19.8239],[-72.5454,19.8246],[-72.5444,19.8277],[-72.5434,19.829],[-72.5416,19.8296],[-72.5427,19.8283],[-72.5435,19.8263],[-72.544,19.8237],[-72.5447,19.8211],[-72.5451,19.8207]]]},"properties":{}},{"type":"Feature","geometry":{"type":"Polygon","coordinates":[[[-72.5376,19.855],[-72.5338,19.8502],[-72.5301,19.8479],[-72.5273,19.8469],[-72.525,19.8474],[-72.5232,19.8471],[-72.5217,19.8462],[-72.5231,19.8445],[-72.5248,19.8439],[-72.5254,19.8423],[-72.5252,19.8402],[-72.5274,19.8394],[-72.5317,19.8392],[-72.5331,19.8384],[-72.5353,19.8372],[-72.5368,19.8356],[-72.5381,19.8345],[-72.5368,19.837],[-72.5354,19.8383],[-72.5326,19.8409],[-72.5314,19.8424],[-72.5329,19.844],[-72.5363,19.8456],[-72.5395,19.8456],[-72.5393,19.8482],[-72.5406,19.85],[-72.5397,19.8512],[-72.5386,19.8529],[-72.5394,19.8542],[-72.5385,19.856],[-72.5376,19.855]]]},"properties":{}},{"type":"Feature","geometry":{"type":"Polygon","coordinates":[[[-72.8703,20.0368],[-72.8672,20.0367],[-72.8649,20.0391],[-72.8633,20.0363],[-72.8638,20.0331],[-72.8675,20.0326],[-72.8707,20.0331],[-72.8765,20.0332],[-72.8812,20.0336],[-72.8838,20.0364],[-72.8861,20.0366],[-72.8873,20.038],[-72.8905,20.0398],[-72.8946,20.0398],[-72.8964,20.0415],[-72.8918,20.0418],[-72.8871,20.04],[-72.8821,20.039],[-72.8753,20.0376],[-72.8703,20.0368]]]},"properties":{}},{"type":"Feature","geometry":{"type":"Polygon","coordinates":[[[-72.6896,19.0958],[-72.6899,19.0939],[-72.6915,19.0943],[-72.6943,19.0948],[-72.6965,19.0952],[-72.6989,19.0948],[-72.7007,19.0939],[-72.7027,19.0942],[-72.7049,19.0955],[-72.7111,19.0953],[-72.7154,19.0927],[-72.721,19.0902],[-72.723,19.0906],[-72.7222,19.0929],[-72.7194,19.0939],[-72.7154,19.0952],[-72.7125,19.0961],[-72.711,19.0981],[-72.7081,19.1002],[-72.7059,19.1024],[-72.7039,19.1055],[-72.7027,19.1085],[-72.7022,19.1108],[-72.7008,19.1147],[-72.6999,19.1181],[-72.6995,19.1232],[-72.6984,19.1243],[-72.6971,19.1234],[-72.6957,19.1225],[-72.6949,19.121],[-72.6943,19.1193],[-72.6941,19.1159],[-72.6944,19.1132],[-72.6935,19.1113],[-72.6922,19.1095],[-72.6878,19.1075],[-72.6861,19.106],[-72.6845,19.104],[-72.6836,19.1023],[-72.684,19.1004],[-72.686,19.0986],[-72.6869,19.097],[-72.6896,19.0958]]]},"properties":{}},{"type":"Feature","geometry":{"type":"Polygon","coordinates":[[[-72.3849,18.5371],[-72.385,18.535],[-72.3878,18.534],[-72.3908,18.5339],[-72.3935,18.533],[-72.3969,18.5332],[-72.3986,18.5349],[-72.4005,18.5373],[-72.4026,18.5388],[-72.4048,18.5411],[-72.4068,18.5423],[-72.4092,18.5425],[-72.4113,18.5429],[-72.4147,18.5436],[-72.4175,18.5433],[-72.4192,18.5442],[-72.4215,18.5428],[-72.4228,18.5418],[-72.4255,18.5397],[-72.4277,18.5408],[-72.428,18.5428],[-72.4266,18.5454],[-72.4246,18.5477],[-72.4231,18.5486],[-72.4219,18.5501],[-72.4203,18.5541],[-72.4193,18.5552],[-72.4174,18.5549],[-72.4147,18.5536],[-72.4115,18.5537],[-72.4095,18.5541],[-72.4075,18.5534],[-72.4063,18.5519],[-72.4027,18.5511],[-72.4008,18.5516],[-72.3993,18.5494],[-72.398,18.5485],[-72.3961,18.548],[-72.3924,18.5431],[-72.3896,18.5423],[-72.3887,18.5412],[-72.3849,18.5371]]]},"properties":{}},{"type":"Feature","geometry":{"type":"Polygon","coordinates":[[[-71.808,19.3595],[-71.8074,19.361],[-71.8058,19.3605],[-71.8054,19.3587],[-71.8044,19.3574],[-71.8038,19.3549],[-71.803,19.3515],[-71.8024,19.3498],[-71.8026,19.3465],[-71.8032,19.3449],[-71.8027,19.343],[-71.8017,19.3416],[-71.8001,19.3411],[-71.7994,19.3386],[-71.7978,19.3378],[-71.7971,19.3359],[-71.7951,19.3352],[-71.793,19.3351],[-71.7915,19.3359],[-71.7898,19.3354],[-71.7895,19.3374],[-71.7885,19.339],[-71.7872,19.3397],[-71.786,19.3387],[-71.7864,19.3364],[-71.7843,19.3366],[-71.785,19.335],[-71.7838,19.334],[-71.7848,19.3317],[-71.7834,19.3289],[-71.7876,19.3296],[-71.7896,19.3304],[-71.7903,19.3317],[-71.7905,19.3295],[-71.7937,19.3315],[-71.795,19.3304],[-71.7979,19.3303],[-71.7988,19.3315],[-71.7979,19.3326],[-71.8007,19.3313],[-71.8025,19.332],[-71.8013,19.3331],[-71.8015,19.3349],[-71.8028,19.3342],[-71.8041,19.3355],[-71.805,19.3341],[-71.8056,19.3357],[-71.8071,19.3368],[-71.8061,19.3384],[-71.8053,19.3399],[-71.8077,19.3391],[-71.8072,19.3406],[-71.8086,19.3399],[-71.8092,19.3418],[-71.8112,19.3415],[-71.8097,19.3423],[-71.8088,19.3444],[-71.8106,19.3456],[-71.8088,19.3461],[-71.8091,19.3504],[-71.8128,19.3535],[-71.8138,19.355],[-71.8141,19.3569],[-71.8148,19.3584],[-71.8157,19.3598],[-71.8168,19.361],[-71.8174,19.3624],[-71.8168,19.3638],[-71.819,19.3639],[-71.8213,19.3655],[-71.822,19.3677],[-71.8229,19.3691],[-71.8242,19.3699],[-71.8259,19.371],[-71.8264,19.3725],[-71.8278,19.3732],[-71.8292,19.3739],[-71.8304,19.3762],[-71.8327,19.3766],[-71.8339,19.3779],[-71.8365,19.3792],[-71.8384,19.3798],[-71.8449,19.3783],[-71.8473,19.3784],[-71.848,19.3798],[-71.8492,19.3807],[-71.8495,19.3829],[-71.8491,19.3846],[-71.8477,19.3856],[-71.8459,19.3872],[-71.8448,19.3882],[-71.8436,19.3897],[-71.8435,19.3922],[-71.845,19.3936],[-71.8454,19.3916],[-71.847,19.3906],[-71.8491,19.3914],[-71.8503,19.3923],[-71.8521,19.3918],[-71.8533,19.3926],[-71.8525,19.3943],[-71.8509,19.395],[-71.8487,19.3946],[-71.8467,19.3948],[-71.8473,19.3969],[-71.8487,19.3982],[-71.8504,19.399],[-71.8523,19.3995],[-71.8539,19.401],[-71.8531,19.4024],[-71.8514,19.403],[-71.852,19.4052],[-71.8538,19.4043],[-71.8589,19.407],[-71.86,19.4086],[-71.8604,19.4119],[-71.862,19.414],[-71.8613,19.4154],[-71.8606,19.4181],[-71.8584,19.4194],[-71.8579,19.4171],[-71.8575,19.4152],[-71.8573,19.4133],[-71.8563,19.4122],[-71.8558,19.4143],[-71.8548,19.4153],[-71.8541,19.4138],[-71.8532,19.4123],[-71.852,19.4114],[-71.8512,19.41],[-71.8487,19.4094],[-71.8471,19.408],[-71.8422,19.4045],[-71.8413,19.4032],[-71.8394,19.4035],[-71.8384,19.4025],[-71.8364,19.4021],[-71.8345,19.4018],[-71.8329,19.401],[-71.831,19.3999],[-71.8303,19.3981],[-71.8291,19.3967],[-71.8303,19.3958],[-71.8319,19.3951],[-71.8333,19.3942],[-71.8327,19.3923],[-71.8314,19.3912],[-71.8303,19.3898],[-71.8294,19.3886],[-71.8301,19.387],[-71.8286,19.386],[-71.8275,19.3845],[-71.8263,19.3836],[-71.8266,19.3818],[-71.825,19.3813],[-71.823,19.3813],[-71.821,19.3804],[-71.8203,19.3787],[-71.8225,19.3774],[-71.823,19.3758],[-71.8219,19.3747],[-71.8195,19.3743],[-71.8191,19.3726],[-71.8181,19.3716],[-71.8168,19.3707],[-71.8153,19.3718],[-71.8154,19.3699],[-71.8152,19.3675],[-71.8129,19.3659],[-71.8124,19.3627],[-71.8107,19.3621],[-71.8102,19.3603],[-71.808,19.3595],[-71.808,19.3595]]]},"properties":{}},{"type":"Feature","geometry":{"type":"Polygon","coordinates":[[[-72.8102,19.8245],[-72.8081,19.8237],[-72.806,19.824],[-72.8031,19.8228],[-72.8036,19.8211],[-72.8028,19.8187],[-72.8034,19.8161],[-72.8023,19.8112],[-72.8004,19.8068],[-72.7999,19.8007],[-72.8004,19.7978],[-72.7991,19.7943],[-72.7989,19.7897],[-72.7961,19.7825],[-72.7941,19.7784],[-72.7904,19.7732],[-72.7869,19.7655],[-72.783,19.7558],[-72.7824,19.7504],[-72.7802,19.7474],[-72.7766,19.7505],[-72.7729,19.7511],[-72.769,19.7487],[-72.7646,19.7451],[-72.763,19.7389],[-72.7596,19.7337],[-72.7574,19.7325],[-72.7557,19.7319],[-72.7528,19.7318],[-72.751,19.7322],[-72.7497,19.731],[-72.7508,19.7298],[-72.751,19.7274],[-72.7499,19.7265],[-72.7512,19.7252],[-72.7495,19.7233],[-72.748,19.7225],[-72.7464,19.7212],[-72.7431,19.721],[-72.7398,19.7206],[-72.739,19.7193],[-72.7375,19.7164],[-72.7368,19.7137],[-72.736,19.7123],[-72.7345,19.7109],[-72.7315,19.7104],[-72.7305,19.7087],[-72.7262,19.7038],[-72.7243,19.7006],[-72.7227,19.6992],[-72.721,19.6987],[-72.7172,19.6954],[-72.7144,19.6928],[-72.714,19.6904],[-72.7128,19.6877],[-72.7104,19.688],[-72.7062,19.6878],[-72.702,19.6889],[-72.698,19.6878],[-72.6943,19.6844],[-72.6904,19.6803],[-72.6884,19.6781],[-72.6858,19.6775],[-72.6804,19.6771],[-72.6775,19.6765],[-72.6739,19.6755],[-72.6723,19.6784],[-72.672,19.6802],[-72.6711,19.6824],[-72.6704,19.6838],[-72.6691,19.6806],[-72.671,19.6763],[-72.6721,19.6746],[-72.6736,19.6724],[-72.6732,19.6696],[-72.6722,19.6671],[-72.6692,19.6632],[-72.6684,19.6601],[-72.6675,19.6569],[-72.6654,19.6543],[-72.6616,19.6552],[-72.6601,19.6575],[-72.6577,19.6583],[-72.6545,19.6572],[-72.6518,19.655],[-72.6495,19.6527],[-72.6488,19.6512],[-72.6513,19.6504],[-72.6536,19.6527],[-72.6573,19.6541],[-72.6599,19.6537],[-72.662,19.6525],[-72.6619,19.6499],[-72.6604,19.6484],[-72.6581,19.6467],[-72.6557,19.6432],[-72.6536,19.641],[-72.6516,19.637],[-72.6494,19.6338],[-72.6489,19.6317],[-72.6476,19.63],[-72.6497,19.6288],[-72.6531,19.6302],[-72.6559,19.6315],[-72.6582,19.6342],[-72.6593,19.6368],[-72.6619,19.6384],[-72.6637,19.6354],[-72.6646,19.6333],[-72.6668,19.6299],[-72.669,19.6265],[-72.6724,19.6243],[-72.6725,19.6276],[-72.67,19.63],[-72.6676,19.6335],[-72.6667,19.6356],[-72.6663,19.6379],[-72.667,19.6397],[-72.6684,19.6423],[-72.6701,19.6433],[-72.6724,19.6438],[-72.6759,19.6452],[-72.678,19.6471],[-72.679,19.6482],[-72.6802,19.6512],[-72.6817,19.6526],[-72.6823,19.6546],[-72.682,19.6567],[-72.6839,19.6581],[-72.6871,19.6581],[-72.6887,19.6613],[-72.6898,19.6627],[-72.6903,19.6643],[-72.6909,19.6658],[-72.6926,19.6673],[-72.6925,19.6696],[-72.6945,19.6705],[-72.6944,19.6735],[-72.695,19.6755],[-72.6983,19.6775],[-72.7012,19.6793],[-72.7029,19.6808],[-72.7056,19.6818],[-72.7078,19.6824],[-72.7104,19.6839],[-72.7144,19.6845],[-72.7183,19.686],[-72.7205,19.6868],[-72.7227,19.6871],[-72.724,19.6879],[-72.7251,19.6901],[-72.7266,19.6912],[-72.7269,19.6934],[-72.7277,19.6951],[-72.7297,19.6958],[-72.7307,19.6984],[-72.7318,19.6995],[-72.7353,19.7],[-72.7362,19.703],[-72.7387,19.7046],[-72.741,19.7047],[-72.7434,19.7056],[-72.7458,19.7068],[-72.7468,19.7101],[-72.7478,19.712],[-72.7479,19.7145],[-72.7479,19.718],[-72.7485,19.7207],[-72.7528,19.7211],[-72.7549,19.7236],[-72.759,19.7245],[-72.7612,19.7253],[-72.7618,19.7273],[-72.7636,19.7275],[-72.7646,19.7295],[-72.7653,19.7313],[-72.7668,19.7337],[-72.7671,19.7356],[-72.7679,19.7388],[-72.7698,19.7404],[-72.7702,19.7423],[-72.7715,19.744],[-72.7731,19.745],[-72.7751,19.7448],[-72.7759,19.7463],[-72.7779,19.7464],[-72.7792,19.7457],[-72.7793,19.7434],[-72.7807,19.7425],[-72.7808,19.7406],[-72.7841,19.7399],[-72.7867,19.7388],[-72.7889,19.7387],[-72.7893,19.7407],[-72.7853,19.7412],[-72.7833,19.7426],[-72.7852,19.7438],[-72.7878,19.7442],[-72.7891,19.7466],[-72.7882,19.7493],[-72.7865,19.7515],[-72.7853,19.7531],[-72.7858,19.7564],[-72.7872,19.757],[-72.789,19.7584],[-72.7929,19.7588],[-72.7961,19.7595],[-72.7976,19.7611],[-72.8005,19.761],[-72.7995,19.7626],[-72.7981,19.7637],[-72.7982,19.766],[-72.8006,19.7686],[-72.8018,19.7706],[-72.8044,19.7716],[-72.8064,19.7732],[-72.8075,19.7743],[-72.8093,19.7775],[-72.8119,19.7789],[-72.813,19.778],[-72.8127,19.78],[-72.8102,19.7803],[-72.8082,19.7811],[-72.8061,19.7812],[-72.8066,19.7832],[-72.8088,19.7831],[-72.8101,19.7847],[-72.8116,19.7862],[-72.8131,19.7881],[-72.813,19.79],[-72.8151,19.7896],[-72.8188,19.7901],[-72.8169,19.7921],[-72.8154,19.7929],[-72.8117,19.7947],[-72.8113,19.7964],[-72.8122,19.7982],[-72.8103,19.802],[-72.8126,19.8019],[-72.8122,19.8054],[-72.8115,19.8075],[-72.809,19.8095],[-72.8064,19.8096],[-72.806,19.8113],[-72.8063,19.8131],[-72.8073,19.8141],[-72.8104,19.8158],[-72.813,19.8177],[-72.8149,19.8185],[-72.8143,19.8207],[-72.8131,19.8221],[-72.8123,19.8236],[-72.8102,19.8245]]]},"properties":{}},{"type":"Feature","geometry":{"type":"Polygon","coordinates":[[[-73.1839,19.875],[-73.1813,19.8746],[-73.1788,19.8747],[-73.1775,19.874],[-73.1765,19.8729],[-73.1747,19.8736],[-73.1721,19.8735],[-73.1694,19.8733],[-73.1676,19.873],[-73.1659,19.8735],[-73.165,19.8753],[-73.1635,19.874],[-73.1639,19.8757],[-73.1629,19.8767],[-73.1615,19.8775],[-73.1601,19.8785],[-73.158,19.879],[-73.1567,19.8798],[-73.1546,19.8805],[-73.1528,19.8812],[-73.1513,19.8804],[-73.1493,19.8803],[-73.15,19.879],[-73.1491,19.8778],[-73.1481,19.8768],[-73.1472,19.8754],[-73.1484,19.8742],[-73.1498,19.8735],[-73.1487,19.8723],[-73.1498,19.8713],[-73.1516,19.8701],[-73.1523,19.8677],[-73.1561,19.868],[-73.1587,19.8676],[-73.1615,19.867],[-73.163,19.8678],[-73.1666,19.868],[-73.169,19.8673],[-73.1713,19.8664],[-73.172,19.8634],[-73.1735,19.8628],[-73.175,19.8636],[-73.176,19.8623],[-73.1778,19.8632],[-73.1795,19.8639],[-73.181,19.8631],[-73.1822,19.8622],[-73.1814,19.8601],[-73.182,19.8584],[-73.1841,19.86],[-73.1856,19.8614],[-73.187,19.8601],[-73.1875,19.8586],[-73.1879,19.8569],[-73.1892,19.8547],[-73.1897,19.8521],[-73.1902,19.8502],[-73.1887,19.8497],[-73.1881,19.8476],[-73.1856,19.8446],[-73.1834,19.8432],[-73.1853,19.8423],[-73.185,19.8384],[-73.1863,19.8373],[-73.1871,19.8407],[-73.1872,19.8432],[-73.1887,19.8409],[-73.1904,19.8413],[-73.1893,19.8426],[-73.1887,19.845],[-73.1898,19.8465],[-73.1919,19.8481],[-73.1919,19.851],[-73.193,19.8528],[-73.1921,19.8555],[-73.1914,19.8574],[-73.1919,19.8594],[-73.1943,19.8576],[-73.1957,19.8566],[-73.1968,19.8553],[-73.1966,19.8579],[-73.1959,19.8601],[-73.1971,19.8617],[-73.1994,19.861],[-73.201,19.8598],[-73.2019,19.8579],[-73.2029,19.856],[-73.2041,19.8549],[-73.2056,19.8544],[-73.2068,19.8522],[-73.205,19.8514],[-73.2048,19.8477],[-73.2051,19.843],[-73.2068,19.8416],[-73.2089,19.8427],[-73.2102,19.8405],[-73.2112,19.8373],[-73.2124,19.8362],[-73.2135,19.8348],[-73.2143,19.8334],[-73.2146,19.8352],[-73.215,19.837],[-73.2134,19.8382],[-73.212,19.8401],[-73.2114,19.8424],[-73.2095,19.8437],[-73.2077,19.8446],[-73.2082,19.847],[-73.2066,19.849],[-73.2085,19.8502],[-73.2082,19.8532],[-73.2078,19.855],[-73.2079,19.8577],[-73.2077,19.8599],[-73.2082,19.8614],[-73.2105,19.8588],[-73.2104,19.8563],[-73.2111,19.8547],[-73.2129,19.8544],[-73.2148,19.8557],[-73.2175,19.8554],[-73.2195,19.8558],[-73.2205,19.8542],[-73.2219,19.8557],[-73.2215,19.8574],[-73.2209,19.8594],[-73.2202,19.861],[-73.2184,19.8628],[-73.2168,19.8637],[-73.2151,19.8648],[-73.2133,19.8654],[-73.2114,19.8665],[-73.2088,19.8664],[-73.2066,19.8664],[-73.2036,19.867],[-73.2021,19.8664],[-73.1997,19.8669],[-73.1975,19.867],[-73.198,19.8688],[-73.1995,19.8694],[-73.1964,19.8693],[-73.1945,19.869],[-73.1936,19.8706],[-73.1936,19.8733],[-73.193,19.875],[-73.1949,19.8762],[-73.1947,19.8781],[-73.1948,19.8801],[-73.1937,19.8812],[-73.1923,19.8832],[-73.1918,19.8864],[-73.1936,19.8884],[-73.1949,19.8901],[-73.196,19.892],[-73.1959,19.8946],[-73.1959,19.8967],[-73.1964,19.8998],[-73.197,19.9013],[-73.1989,19.9027],[-73.2024,19.9016],[-73.2049,19.9004],[-73.2072,19.8987],[-73.2093,19.8982],[-73.2109,19.8988],[-73.213,19.8986],[-73.2148,19.8977],[-73.2143,19.8993],[-73.2107,19.9002],[-73.2082,19.9023],[-73.2061,19.9028],[-73.2037,19.9031],[-73.2015,19.9036],[-73.1999,19.9042],[-73.1985,19.9052],[-73.1961,19.9065],[-73.1942,19.9088],[-73.1934,19.912],[-73.1928,19.9136],[-73.1914,19.9143],[-73.1878,19.9156],[-73.1863,19.9168],[-73.1845,19.9183],[-73.1835,19.92],[-73.1804,19.9216],[-73.1777,19.9229],[-73.176,19.9238],[-73.1727,19.9244],[-73.1712,19.9255],[-73.1691,19.9266],[-73.1685,19.9283],[-73.1665,19.929],[-73.1638,19.9294],[-73.1621,19.9287],[-73.1599,19.9295],[-73.1582,19.929],[-73.1595,19.9274],[-73.1611,19.9267],[-73.1643,19.9281],[-73.1666,19.9268],[-73.1684,19.9258],[-73.1695,19.924],[-73.1707,19.9228],[-73.1724,19.922],[-73.1762,19.9204],[-73.1794,19.9196],[-73.1809,19.9187],[-73.1827,19.9169],[-73.1842,19.9154],[-73.1863,19.9147],[-73.1881,19.9135],[-73.1901,19.9121],[-73.1915,19.9111],[-73.1928,19.9082],[-73.1938,19.9057],[-73.1948,19.9035],[-73.194,19.9008],[-73.194,19.8981],[-73.1937,19.8961],[-73.193,19.8948],[-73.1921,19.8924],[-73.1902,19.891],[-73.191,19.8897],[-73.1899,19.8866],[-73.1887,19.8855],[-73.1873,19.8829],[-73.1874,19.8808],[-73.1858,19.8789],[-73.1847,19.8769],[-73.1839,19.875]]]},"properties":{}},{"type":"Feature","geometry":{"type":"Polygon","coordinates":[[[-72.9949,19.9076],[-72.9964,19.9053],[-72.9975,19.904],[-72.9995,19.9006],[-73.0028,19.9001],[-73.0021,19.898],[-73.0009,19.8912],[-73.0032,19.8943],[-73.0031,19.8973],[-73.0084,19.8969],[-73.0099,19.8953],[-73.0137,19.8921],[-73.0167,19.8857],[-73.0152,19.8821],[-73.0166,19.88],[-73.0181,19.8761],[-73.0172,19.8747],[-73.0201,19.8752],[-73.022,19.8747],[-73.0235,19.8739],[-73.0237,19.8704],[-73.0257,19.8707],[-73.0253,19.8765],[-73.0285,19.8783],[-73.0298,19.8764],[-73.0313,19.8748],[-73.0328,19.878],[-73.0354,19.8777],[-73.0387,19.8774],[-73.0392,19.8795],[-73.0366,19.8806],[-73.0305,19.8822],[-73.0289,19.8851],[-73.0281,19.8888],[-73.0281,19.8924],[-73.03,19.8935],[-73.0314,19.8942],[-73.0337,19.8943],[-73.0363,19.8947],[-73.0379,19.8955],[-73.0402,19.8956],[-73.0412,19.8966],[-73.0434,19.8968],[-73.0459,19.8947],[-73.0491,19.8946],[-73.0518,19.8945],[-73.0532,19.8959],[-73.055,19.8956],[-73.0546,19.8933],[-73.0536,19.8903],[-73.0532,19.8877],[-73.0534,19.8845],[-73.0504,19.8841],[-73.0516,19.8825],[-73.0505,19.8803],[-73.0468,19.8772],[-73.0432,19.8743],[-73.0414,19.8731],[-73.0389,19.8719],[-73.0426,19.8704],[-73.045,19.8708],[-73.0464,19.8718],[-73.0478,19.8707],[-73.0497,19.8704],[-73.051,19.8713],[-73.0506,19.869],[-73.0519,19.8681],[-73.0515,19.866],[-73.0537,19.8661],[-73.0593,19.8671],[-73.061,19.8654],[-73.0628,19.8641],[-73.0678,19.8641],[-73.0697,19.8628],[-73.0744,19.8614],[-73.0762,19.861],[-73.0798,19.8628],[-73.0799,19.8658],[-73.0793,19.8688],[-73.0776,19.8708],[-73.0747,19.8728],[-73.0705,19.8741],[-73.0661,19.8763],[-73.065,19.878],[-73.0669,19.8785],[-73.0683,19.8777],[-73.0711,19.8767],[-73.0742,19.8761],[-73.073,19.8772],[-73.0706,19.8791],[-73.0732,19.8789],[-73.0749,19.8797],[-73.0783,19.8791],[-73.0802,19.8795],[-73.081,19.8828],[-73.0827,19.8865],[-73.0834,19.8879],[-73.0852,19.8847],[-73.0848,19.8821],[-73.084,19.8787],[-73.0819,19.8753],[-73.0832,19.8739],[-73.0847,19.8747],[-73.0857,19.8725],[-73.0883,19.8724],[-73.0899,19.8731],[-73.0927,19.8751],[-73.0937,19.8728],[-73.0963,19.8732],[-73.098,19.871],[-73.1002,19.8712],[-73.1021,19.8676],[-73.104,19.867],[-73.1055,19.8712],[-73.1093,19.87],[-73.1108,19.8723],[-73.1115,19.8749],[-73.1104,19.8767],[-73.1137,19.8788],[-73.1148,19.8811],[-73.1176,19.8837],[-73.1205,19.8856],[-73.1193,19.8876],[-73.1171,19.8902],[-73.1148,19.8921],[-73.1116,19.8932],[-73.1089,19.8942],[-73.1051,19.8953],[-73.1039,19.8963],[-73.1017,19.8969],[-73.1001,19.898],[-73.0975,19.8978],[-73.093,19.8971],[-73.091,19.8967],[-73.0887,19.8965],[-73.0862,19.8972],[-73.0811,19.8986],[-73.0764,19.8983],[-73.0733,19.8999],[-73.0705,19.902],[-73.0658,19.9026],[-73.0626,19.9024],[-73.0608,19.9015],[-73.0561,19.9012],[-73.0538,19.9008],[-73.0481,19.9011],[-73.046,19.9037],[-73.0449,19.9064],[-73.0426,19.906],[-73.0384,19.9063],[-73.0338,19.9085],[-73.0298,19.9086],[-73.0267,19.9099],[-73.0277,19.9132],[-73.0258,19.9169],[-73.0239,19.9171],[-73.0196,19.9156],[-73.0162,19.9155],[-73.0139,19.9151],[-73.0148,19.9132],[-73.0177,19.9115],[-73.0184,19.9095],[-73.0215,19.9095],[-73.022,19.9077],[-73.0199,19.9069],[-73.0186,19.9061],[-73.0165,19.9018],[-73.014,19.9003],[-73.0111,19.8992],[-73.01,19.8974],[-73.0079,19.8977],[-73.0062,19.8995],[-73.0049,19.9003],[-73.0016,19.9017],[-73,19.903],[-72.9991,19.9053],[-73.0002,19.9062],[-72.9997,19.9081],[-72.9986,19.9099],[-72.999,19.9124],[-73.0001,19.9138],[-72.9995,19.9158],[-72.9967,19.9164],[-72.9954,19.9171],[-72.9944,19.9161],[-72.9932,19.915],[-72.9946,19.914],[-72.995,19.9123],[-72.9935,19.9103],[-72.9942,19.9086],[-72.9949,19.9076]]]},"properties":{}},{"type":"Feature","geometry":{"type":"Polygon","coordinates":[[[-72.9648,19.9158],[-72.9594,19.9121],[-72.9566,19.9137],[-72.9545,19.9117],[-72.9532,19.9108],[-72.9502,19.9094],[-72.9476,19.9087],[-72.9447,19.9089],[-72.9425,19.9083],[-72.9404,19.9084],[-72.9363,19.9082],[-72.9348,19.9071],[-72.9359,19.9059],[-72.9372,19.905],[-72.9361,19.9041],[-72.9371,19.9021],[-72.9355,19.9012],[-72.9342,19.8989],[-72.9351,19.8969],[-72.9364,19.8976],[-72.9379,19.8984],[-72.9398,19.8995],[-72.941,19.901],[-72.943,19.9031],[-72.9448,19.9025],[-72.9442,19.8993],[-72.9446,19.8973],[-72.9421,19.8958],[-72.9402,19.8952],[-72.9391,19.8928],[-72.9363,19.8916],[-72.9321,19.89],[-72.929,19.8891],[-72.9269,19.8884],[-72.9275,19.8858],[-72.9279,19.8834],[-72.9256,19.8806],[-72.9227,19.8783],[-72.9225,19.8761],[-72.9224,19.8722],[-72.9221,19.866],[-72.9224,19.8634],[-72.9246,19.8633],[-72.9254,19.8676],[-72.9255,19.8714],[-72.9252,19.8762],[-72.9283,19.8812],[-72.9315,19.8828],[-72.9334,19.8873],[-72.9396,19.8884],[-72.9418,19.8892],[-72.9439,19.8883],[-72.9452,19.8895],[-72.9455,19.8856],[-72.9447,19.8843],[-72.9436,19.8832],[-72.9421,19.8825],[-72.9409,19.8816],[-72.9403,19.8796],[-72.9418,19.8791],[-72.9431,19.8782],[-72.9447,19.8776],[-72.9468,19.8778],[-72.9457,19.8767],[-72.9462,19.875],[-72.9478,19.8743],[-72.9485,19.8729],[-72.948,19.8702],[-72.949,19.8686],[-72.9507,19.8699],[-72.9504,19.8727],[-72.9494,19.8761],[-72.951,19.8792],[-72.9498,19.8803],[-72.9494,19.8821],[-72.9505,19.8833],[-72.9531,19.8849],[-72.9547,19.8837],[-72.9546,19.8812],[-72.9542,19.8789],[-72.9564,19.8744],[-72.9581,19.874],[-72.9614,19.8752],[-72.9615,19.8772],[-72.9602,19.8801],[-72.9601,19.8826],[-72.9621,19.8822],[-72.9632,19.8789],[-72.9646,19.8782],[-72.9664,19.8778],[-72.9677,19.8764],[-72.969,19.8747],[-72.9705,19.8735],[-72.9721,19.8757],[-72.9709,19.8776],[-72.9696,19.8792],[-72.968,19.8798],[-72.9728,19.8801],[-72.9745,19.8787],[-72.9766,19.878],[-72.9778,19.8765],[-72.9793,19.8746],[-72.981,19.8736],[-72.9812,19.8754],[-72.9813,19.8773],[-72.9808,19.8795],[-72.9794,19.8803],[-72.9802,19.8819],[-72.9789,19.8833],[-72.9783,19.885],[-72.978,19.8868],[-72.9759,19.8876],[-72.9763,19.8894],[-72.9725,19.8894],[-72.9711,19.8901],[-72.9737,19.8913],[-72.9754,19.8917],[-72.974,19.8933],[-72.9721,19.8941],[-72.9704,19.8952],[-72.9688,19.8967],[-72.9684,19.8988],[-72.9659,19.8997],[-72.9655,19.9015],[-72.9623,19.9031],[-72.9638,19.907],[-72.9635,19.9092],[-72.9655,19.9118],[-72.9648,19.9158]]]},"properties":{}},{"type":"Feature","geometry":{"type":"Polygon","coordinates":[[[-72.8123,19.9494],[-72.8107,19.9484],[-72.8088,19.9491],[-72.8068,19.9506],[-72.8043,19.9499],[-72.7997,19.9481],[-72.7973,19.9482],[-72.7942,19.9495],[-72.7916,19.9507],[-72.788,19.9506],[-72.7838,19.9507],[-72.7807,19.9513],[-72.7784,19.9499],[-72.7741,19.9477],[-72.7709,19.9475],[-72.7679,19.9481],[-72.7667,19.949],[-72.7656,19.947],[-72.7627,19.9444],[-72.76,19.9437],[-72.7581,19.9438],[-72.7552,19.9429],[-72.7541,19.9416],[-72.7546,19.9399],[-72.7548,19.9379],[-72.7549,19.9357],[-72.7536,19.934],[-72.7518,19.9326],[-72.7501,19.9304],[-72.7505,19.9279],[-72.7516,19.9303],[-72.754,19.9304],[-72.7554,19.9318],[-72.7554,19.9339],[-72.7585,19.9351],[-72.7584,19.937],[-72.7594,19.938],[-72.7623,19.9364],[-72.7623,19.9384],[-72.7637,19.9393],[-72.7648,19.9419],[-72.7663,19.9425],[-72.7683,19.9424],[-72.7708,19.9424],[-72.7735,19.9441],[-72.7762,19.9438],[-72.7788,19.9444],[-72.781,19.9448],[-72.7822,19.9458],[-72.7844,19.9458],[-72.7868,19.9451],[-72.7888,19.9453],[-72.7909,19.9457],[-72.7928,19.9453],[-72.7955,19.9459],[-72.7967,19.9449],[-72.7989,19.9458],[-72.8007,19.9463],[-72.8041,19.9461],[-72.805,19.9448],[-72.8051,19.9422],[-72.8076,19.9429],[-72.8089,19.9413],[-72.8088,19.9441],[-72.8101,19.9448],[-72.8108,19.9417],[-72.8132,19.9412],[-72.8141,19.9389],[-72.8153,19.9403],[-72.8173,19.9409],[-72.8158,19.9421],[-72.818,19.9442],[-72.817,19.9453],[-72.8174,19.9473],[-72.8189,19.9458],[-72.8219,19.9453],[-72.821,19.9424],[-72.821,19.9395],[-72.8203,19.9376],[-72.8228,19.9373],[-72.824,19.9382],[-72.8246,19.9404],[-72.8241,19.9426],[-72.8257,19.9435],[-72.8266,19.9422],[-72.8268,19.9403],[-72.8281,19.9371],[-72.83,19.9363],[-72.8312,19.9376],[-72.8354,19.9376],[-72.8386,19.9368],[-72.8397,19.9356],[-72.8406,19.9344],[-72.8429,19.9333],[-72.8453,19.9329],[-72.848,19.9324],[-72.8488,19.931],[-72.8475,19.9301],[-72.8442,19.9281],[-72.8427,19.9268],[-72.8412,19.925],[-72.8409,19.9226],[-72.8375,19.9212],[-72.8341,19.9207],[-72.8322,19.9199],[-72.8302,19.9179],[-72.8298,19.9152],[-72.8281,19.9136],[-72.8294,19.9101],[-72.8309,19.9087],[-72.8315,19.9067],[-72.8303,19.9047],[-72.8284,19.9059],[-72.8262,19.9067],[-72.8229,19.9058],[-72.8212,19.9033],[-72.8199,19.9002],[-72.8207,19.8988],[-72.8232,19.8966],[-72.8248,19.8936],[-72.8259,19.8914],[-72.8271,19.8895],[-72.8276,19.8879],[-72.8297,19.8869],[-72.8307,19.8851],[-72.8314,19.8836],[-72.8327,19.8825],[-72.8336,19.8808],[-72.8348,19.8785],[-72.8355,19.8766],[-72.8348,19.875],[-72.8344,19.8727],[-72.8357,19.8704],[-72.8366,19.8689],[-72.837,19.8657],[-72.838,19.8641],[-72.8396,19.8621],[-72.8416,19.8596],[-72.8423,19.8571],[-72.8438,19.8563],[-72.8489,19.8557],[-72.8516,19.8486],[-72.849,19.8493],[-72.8465,19.8487],[-72.8439,19.8469],[-72.8411,19.8457],[-72.8405,19.8442],[-72.8388,19.8433],[-72.837,19.8428],[-72.8348,19.8426],[-72.8336,19.8416],[-72.8333,19.8399],[-72.8337,19.8379],[-72.8354,19.8365],[-72.8368,19.8358],[-72.8374,19.8342],[-72.8386,19.8305],[-72.8385,19.8269],[-72.8373,19.8247],[-72.8348,19.822],[-72.8336,19.8211],[-72.8307,19.821],[-72.8286,19.8206],[-72.8266,19.8195],[-72.826,19.818],[-72.8274,19.8173],[-72.8294,19.8169],[-72.8323,19.8153],[-72.8343,19.8146],[-72.8374,19.8156],[-72.8397,19.816],[-72.8404,19.8125],[-72.8418,19.8099],[-72.8414,19.8078],[-72.8417,19.8061],[-72.8439,19.8066],[-72.8464,19.8073],[-72.8483,19.8081],[-72.8486,19.8108],[-72.8481,19.8126],[-72.8464,19.8137],[-72.8454,19.8151],[-72.8449,19.817],[-72.8457,19.8205],[-72.847,19.8232],[-72.8471,19.826],[-72.8486,19.8299],[-72.8475,19.8328],[-72.846,19.8336],[-72.8435,19.8345],[-72.841,19.8349],[-72.8392,19.8361],[-72.8399,19.8388],[-72.8412,19.8397],[-72.8429,19.842],[-72.845,19.8421],[-72.8468,19.8418],[-72.8478,19.8428],[-72.8501,19.8451],[-72.8527,19.8461],[-72.8551,19.8487],[-72.8562,19.851],[-72.857,19.8538],[-72.8557,19.8551],[-72.8544,19.8582],[-72.8526,19.8595],[-72.8502,19.8603],[-72.8484,19.8612],[-72.8458,19.8642],[-72.8454,19.8659],[-72.8432,19.8673],[-72.8408,19.8684],[-72.839,19.8703],[-72.8388,19.8731],[-72.839,19.8754],[-72.8392,19.8776],[-72.8381,19.8793],[-72.8395,19.8807],[-72.8377,19.8857],[-72.8347,19.8881],[-72.8321,19.8886],[-72.8307,19.8903],[-72.8323,19.8912],[-72.8347,19.8919],[-72.8346,19.8938],[-72.8328,19.8949],[-72.8311,19.8964],[-72.8285,19.8978],[-72.8251,19.8999],[-72.8239,19.901],[-72.8249,19.9021],[-72.8276,19.9021],[-72.8291,19.9011],[-72.832,19.9009],[-72.8326,19.9027],[-72.8351,19.9067],[-72.8364,19.9082],[-72.8391,19.9094],[-72.8404,19.9116],[-72.8413,19.9128],[-72.8429,19.9141],[-72.8451,19.9154],[-72.848,19.9157],[-72.8498,19.9166],[-72.8513,19.9176],[-72.851,19.921],[-72.8531,19.9218],[-72.8542,19.9201],[-72.8558,19.9195],[-72.8555,19.9218],[-72.8567,19.923],[-72.8578,19.9243],[-72.8572,19.9272],[-72.8568,19.9291],[-72.8596,19.9303],[-72.8611,19.9283],[-72.8618,19.9267],[-72.863,19.9254],[-72.8662,19.9246],[-72.8677,19.9229],[-72.8692,19.9218],[-72.8679,19.9203],[-72.8655,19.9202],[-72.8641,19.9192],[-72.8659,19.9183],[-72.8683,19.9163],[-72.867,19.9155],[-72.8686,19.9135],[-72.8685,19.9109],[-72.8698,19.9092],[-72.872,19.9096],[-72.8731,19.9112],[-72.873,19.9133],[-72.8742,19.9145],[-72.8761,19.9137],[-72.876,19.9114],[-72.8769,19.9101],[-72.8796,19.9095],[-72.8822,19.9075],[-72.8855,19.905],[-72.8868,19.9071],[-72.8879,19.9087],[-72.8898,19.9103],[-72.8897,19.9124],[-72.8892,19.915],[-72.8918,19.9167],[-72.8931,19.9133],[-72.8947,19.914],[-72.8967,19.9152],[-72.8994,19.9158],[-72.9012,19.9172],[-72.9038,19.9181],[-72.9064,19.9197],[-72.9082,19.921],[-72.9063,19.9216],[-72.9032,19.9218],[-72.9001,19.9224],[-72.8981,19.9238],[-72.8968,19.9246],[-72.8952,19.9267],[-72.8927,19.9276],[-72.891,19.928],[-72.8886,19.9277],[-72.8869,19.9289],[-72.8856,19.9305],[-72.8851,19.9322],[-72.887,19.9329],[-72.889,19.9328],[-72.8869,19.9336],[-72.8829,19.9333],[-72.8793,19.9333],[-72.8771,19.9316],[-72.8736,19.9307],[-72.8719,19.9316],[-72.8698,19.9331],[-72.8681,19.9355],[-72.8661,19.9373],[-72.864,19.9396],[-72.861,19.9414],[-72.8575,19.9415],[-72.8544,19.9424],[-72.8527,19.9434],[-72.8503,19.9442],[-72.8484,19.9441],[-72.8453,19.9438],[-72.8422,19.9425],[-72.8452,19.9423],[-72.8472,19.9421],[-72.8494,19.9406],[-72.8482,19.9389],[-72.8446,19.9394],[-72.8427,19.9398],[-72.8407,19.9409],[-72.8383,19.9416],[-72.8362,19.9417],[-72.8348,19.9406],[-72.832,19.9404],[-72.8291,19.9417],[-72.8286,19.9454],[-72.8267,19.9464],[-72.8237,19.9467],[-72.8224,19.9489],[-72.8213,19.9513],[-72.8196,19.9532],[-72.8173,19.9527],[-72.8153,19.9525],[-72.8136,19.9511],[-72.8123,19.9494]]]},"properties":{}},{"type":"Feature","geometry":{"type":"Polygon","coordinates":[[[-72.3692,19.6918],[-72.3693,19.6918],[-72.3696,19.6919],[-72.3692,19.6918]]]},"properties":{}},{"type":"Feature","geometry":{"type":"Polygon","coordinates":[[[-72.4599,19.8229],[-72.4539,19.8193],[-72.4461,19.8166],[-72.4396,19.8168],[-72.4355,19.8188],[-72.4329,19.8218],[-72.4323,19.8232],[-72.4296,19.8229],[-72.4295,19.8207],[-72.4299,19.8179],[-72.4274,19.815],[-72.4254,19.8149],[-72.422,19.8113],[-72.4158,19.8071],[-72.41,19.804],[-72.4025,19.8023],[-72.3986,19.803],[-72.392,19.804],[-72.3882,19.8072],[-72.3854,19.8079],[-72.383,19.8072],[-72.3817,19.8047],[-72.3792,19.801],[-72.3773,19.799],[-72.3758,19.7977],[-72.3715,19.7941],[-72.3674,19.7914],[-72.3656,19.7904],[-72.3659,19.7881],[-72.3664,19.7862],[-72.3678,19.7849],[-72.3677,19.7829],[-72.3668,19.7804],[-72.3652,19.7796],[-72.3638,19.7788],[-72.3646,19.7768],[-72.3669,19.7752],[-72.3682,19.7762],[-72.3713,19.7771],[-72.3723,19.776],[-72.3752,19.7763],[-72.3763,19.7781],[-72.3781,19.7774],[-72.3777,19.7741],[-72.377,19.7726],[-72.3758,19.7709],[-72.3756,19.7685],[-72.3763,19.7659],[-72.3771,19.7644],[-72.3795,19.7638],[-72.3805,19.7656],[-72.3821,19.7678],[-72.3832,19.7691],[-72.3845,19.7666],[-72.3837,19.7648],[-72.3824,19.7619],[-72.3836,19.7605],[-72.3855,19.7586],[-72.3889,19.7555],[-72.3915,19.7526],[-72.3928,19.7497],[-72.3937,19.7464],[-72.393,19.7435],[-72.3912,19.742],[-72.3906,19.7392],[-72.3919,19.7367],[-72.3902,19.7332],[-72.3893,19.7285],[-72.3917,19.7277],[-72.3913,19.724],[-72.3884,19.7217],[-72.3876,19.7204],[-72.3878,19.7175],[-72.3883,19.715],[-72.3918,19.7146],[-72.3927,19.7119],[-72.3946,19.7104],[-72.3917,19.7068],[-72.3841,19.704],[-72.3802,19.7042],[-72.3774,19.7053],[-72.3739,19.705],[-72.3671,19.7012],[-72.3648,19.6993],[-72.3638,19.6943],[-72.362,19.6928],[-72.3638,19.6905],[-72.3667,19.6904],[-72.377,19.6913],[-72.3791,19.6898],[-72.3822,19.6898],[-72.3855,19.6918],[-72.3863,19.6945],[-72.3869,19.6971],[-72.388,19.6988],[-72.3899,19.6986],[-72.3918,19.6972],[-72.3927,19.6937],[-72.3931,19.6919],[-72.3968,19.6923],[-72.3987,19.6929],[-72.4014,19.6944],[-72.404,19.6933],[-72.4054,19.6902],[-72.4044,19.6861],[-72.4034,19.6846],[-72.4029,19.6822],[-72.4008,19.6791],[-72.399,19.6761],[-72.3971,19.6751],[-72.3944,19.6748],[-72.3922,19.6746],[-72.3897,19.6726],[-72.3872,19.67],[-72.3862,19.6682],[-72.39,19.6678],[-72.3928,19.6688],[-72.3941,19.6709],[-72.3955,19.6715],[-72.398,19.671],[-72.4,19.6708],[-72.4016,19.6733],[-72.4028,19.6742],[-72.403,19.6761],[-72.4096,19.6772],[-72.4095,19.6744],[-72.4118,19.6754],[-72.4146,19.6748],[-72.4164,19.675],[-72.4171,19.673],[-72.418,19.6716],[-72.4196,19.6728],[-72.4199,19.6746],[-72.418,19.6776],[-72.416,19.6787],[-72.4149,19.6798],[-72.4133,19.6807],[-72.4119,19.6857],[-72.4136,19.6893],[-72.4133,19.6914],[-72.4105,19.6947],[-72.4118,19.6961],[-72.4132,19.6967],[-72.4126,19.6982],[-72.4107,19.6979],[-72.4098,19.6994],[-72.4089,19.7015],[-72.4097,19.7033],[-72.4137,19.7039],[-72.4156,19.7057],[-72.4176,19.707],[-72.4184,19.7094],[-72.4147,19.7089],[-72.4119,19.7103],[-72.4102,19.7109],[-72.4079,19.7131],[-72.4073,19.7156],[-72.4097,19.7196],[-72.4126,19.7235],[-72.4115,19.726],[-72.4104,19.7285],[-72.4077,19.729],[-72.4069,19.7302],[-72.4067,19.7327],[-72.4089,19.7335],[-72.4126,19.7339],[-72.4139,19.7352],[-72.4146,19.7387],[-72.4141,19.7412],[-72.4134,19.7425],[-72.413,19.746],[-72.4128,19.7485],[-72.4136,19.7509],[-72.413,19.7524],[-72.4117,19.7534],[-72.412,19.7574],[-72.4117,19.7591],[-72.4123,19.7615],[-72.4131,19.7674],[-72.4107,19.7683],[-72.4068,19.7688],[-72.4034,19.7702],[-72.3998,19.7736],[-72.3983,19.7759],[-72.3964,19.778],[-72.3977,19.7802],[-72.4006,19.7818],[-72.4058,19.7855],[-72.407,19.7868],[-72.4067,19.7912],[-72.4092,19.7943],[-72.4088,19.7973],[-72.415,19.7994],[-72.4168,19.8018],[-72.4176,19.805],[-72.4185,19.807],[-72.4204,19.8068],[-72.4222,19.8072],[-72.4231,19.8039],[-72.4253,19.8038],[-72.428,19.8028],[-72.43,19.8035],[-72.4317,19.8023],[-72.4305,19.7997],[-72.4283,19.7941],[-72.4264,19.7909],[-72.4254,19.7854],[-72.4257,19.7835],[-72.4264,19.7808],[-72.4266,19.7787],[-72.4256,19.7761],[-72.4241,19.7746],[-72.42,19.7714],[-72.4214,19.7689],[-72.4253,19.7664],[-72.4292,19.7642],[-72.4277,19.762],[-72.4287,19.7571],[-72.4316,19.7529],[-72.4307,19.7473],[-72.4305,19.7425],[-72.4307,19.7384],[-72.4343,19.7332],[-72.4362,19.7322],[-72.4389,19.7289],[-72.441,19.7269],[-72.4427,19.7239],[-72.4441,19.7249],[-72.4469,19.7248],[-72.4439,19.7272],[-72.4375,19.7337],[-72.4378,19.7397],[-72.4403,19.7423],[-72.4427,19.7465],[-72.4403,19.7484],[-72.4388,19.7498],[-72.4392,19.7545],[-72.4367,19.7547],[-72.4369,19.7569],[-72.439,19.7585],[-72.4381,19.761],[-72.4401,19.7624],[-72.4427,19.7622],[-72.4443,19.7615],[-72.4479,19.761],[-72.4503,19.7619],[-72.4521,19.7622],[-72.4559,19.7619],[-72.4587,19.7614],[-72.4603,19.762],[-72.4571,19.7636],[-72.4555,19.7649],[-72.4536,19.7658],[-72.4506,19.7686],[-72.4474,19.7714],[-72.4455,19.7738],[-72.4467,19.7773],[-72.4462,19.781],[-72.4434,19.7846],[-72.4426,19.7906],[-72.4417,19.7929],[-72.4429,19.7938],[-72.445,19.7946],[-72.4472,19.7951],[-72.4482,19.7965],[-72.4489,19.7979],[-72.4504,19.799],[-72.4541,19.7997],[-72.4524,19.8007],[-72.4503,19.8006],[-72.4483,19.8014],[-72.4475,19.803],[-72.4484,19.8042],[-72.4509,19.8037],[-72.4526,19.8057],[-72.4549,19.8078],[-72.4557,19.8096],[-72.4573,19.8102],[-72.4598,19.8115],[-72.4613,19.8125],[-72.4638,19.8144],[-72.4652,19.8151],[-72.4667,19.8166],[-72.4677,19.8146],[-72.4696,19.813],[-72.4718,19.8138],[-72.4733,19.8148],[-72.4775,19.8156],[-72.481,19.8154],[-72.4852,19.8153],[-72.4898,19.8172],[-72.4927,19.8196],[-72.4898,19.8227],[-72.4877,19.8228],[-72.4837,19.8232],[-72.478,19.8206],[-72.4725,19.8222],[-72.4681,19.8251],[-72.4677,19.8285],[-72.4607,19.8267],[-72.4599,19.8229]]]},"properties":{}},{"type":"Feature","geometry":{"type":"Polygon","coordinates":[[[-73.0472,19.6668],[-73.0459,19.6643],[-73.0441,19.6638],[-73.0428,19.6646],[-73.0412,19.6655],[-73.0398,19.6649],[-73.0388,19.6661],[-73.0383,19.6595],[-73.0374,19.6567],[-73.0358,19.6591],[-73.0351,19.6623],[-73.0337,19.6606],[-73.0327,19.6591],[-73.0314,19.6602],[-73.0296,19.6585],[-73.0257,19.6576],[-73.0235,19.6572],[-73.0214,19.6552],[-73.0204,19.6562],[-73.0192,19.6576],[-73.018,19.6562],[-73.0162,19.6537],[-73.0105,19.6541],[-73.0067,19.655],[-72.9984,19.6515],[-72.9925,19.6528],[-72.9882,19.6489],[-72.987,19.6463],[-72.986,19.6439],[-72.9834,19.6418],[-72.9843,19.6395],[-72.9814,19.6386],[-72.9829,19.6378],[-72.9829,19.6357],[-72.9813,19.635],[-72.9801,19.6326],[-72.9776,19.6324],[-72.9755,19.6338],[-72.9734,19.634],[-72.9715,19.6323],[-72.9705,19.6313],[-72.9688,19.6281],[-72.965,19.6276],[-72.9781,19.6165],[-72.9822,19.6116],[-72.9815,19.6096],[-72.9832,19.6061],[-72.982,19.6039],[-72.9793,19.6036],[-72.9788,19.6072],[-72.9772,19.6105],[-72.9733,19.6102],[-72.9693,19.6061],[-72.9663,19.6035],[-72.9639,19.6018],[-72.9621,19.5968],[-72.96,19.5957],[-72.9572,19.5912],[-72.9548,19.5899],[-72.9534,19.5905],[-72.9502,19.5937],[-72.9431,19.5966],[-72.9404,19.5978],[-72.9371,19.5952],[-72.9344,19.5938],[-72.9328,19.591],[-72.9299,19.5895],[-72.9259,19.5886],[-72.9262,19.5775],[-72.9228,19.5732],[-72.9171,19.5699],[-72.9133,19.5651],[-72.909,19.5629],[-72.9033,19.5634],[-72.9003,19.5594],[-72.8969,19.5582],[-72.8926,19.5581],[-72.8864,19.5532],[-72.8847,19.5499],[-72.8823,19.5503],[-72.8795,19.5489],[-72.8767,19.5455],[-72.8724,19.5474],[-72.8691,19.5468],[-72.8615,19.5468],[-72.8599,19.5464],[-72.8583,19.5449],[-72.8566,19.5441],[-72.8544,19.5433],[-72.8517,19.543],[-72.8505,19.5402],[-72.8489,19.5384],[-72.8471,19.5377],[-72.8447,19.5366],[-72.8423,19.5351],[-72.8404,19.5332],[-72.8392,19.5305],[-72.837,19.5303],[-72.8343,19.5308],[-72.8352,19.533],[-72.8368,19.5354],[-72.8359,19.5371],[-72.8341,19.5362],[-72.8327,19.5352],[-72.8302,19.5334],[-72.8289,19.5319],[-72.8273,19.5306],[-72.8257,19.5278],[-72.8246,19.5261],[-72.8212,19.5252],[-72.8185,19.5242],[-72.8176,19.523],[-72.816,19.5217],[-72.8145,19.5206],[-72.8131,19.5189],[-72.8116,19.5174],[-72.8122,19.5157],[-72.811,19.5143],[-72.8094,19.5125],[-72.8077,19.5121],[-72.8057,19.5111],[-72.8033,19.5115],[-72.802,19.5091],[-72.8008,19.506],[-72.7988,19.5043],[-72.7982,19.5022],[-72.7971,19.5006],[-72.7958,19.4995],[-72.7951,19.4968],[-72.7941,19.495],[-72.7927,19.4928],[-72.7897,19.4911],[-72.7894,19.4891],[-72.7884,19.4877],[-72.7864,19.487],[-72.7868,19.4847],[-72.7856,19.4832],[-72.7842,19.4819],[-72.785,19.4798],[-72.7883,19.4823],[-72.794,19.4887],[-72.8003,19.4956],[-72.804,19.5013],[-72.8095,19.5046],[-72.8145,19.5087],[-72.8191,19.5119],[-72.8218,19.5149],[-72.8276,19.5148],[-72.8327,19.5171],[-72.838,19.5216],[-72.8454,19.5294],[-72.8498,19.5322],[-72.8537,19.5331],[-72.8593,19.5359],[-72.8659,19.5394],[-72.873,19.541],[-72.8806,19.5431],[-72.8833,19.5447],[-72.8884,19.545],[-72.9005,19.5532],[-72.9129,19.56],[-72.9285,19.567],[-72.9435,19.5706],[-72.9571,19.576],[-72.9654,19.5811],[-72.9725,19.5844],[-72.9774,19.5894],[-72.9752,19.5936],[-72.9794,19.5957],[-72.9844,19.5947],[-72.9909,19.5992],[-72.9923,19.6056],[-72.9879,19.6036],[-72.9848,19.6048],[-72.9858,19.6068],[-72.9893,19.607],[-72.9899,19.6091],[-72.9889,19.6111],[-72.9904,19.6149],[-72.9942,19.6159],[-72.9986,19.6148],[-72.9999,19.6137],[-73.0009,19.6084],[-73.0024,19.6063],[-73.0042,19.6056],[-73.0197,19.6087],[-73.025,19.6115],[-73.0349,19.6167],[-73.0392,19.6196],[-73.0408,19.621],[-73.0609,19.6331],[-73.0658,19.6342],[-73.0745,19.6361],[-73.0848,19.6381],[-73.0907,19.6399],[-73.0985,19.6416],[-73.1029,19.6421],[-73.1098,19.6411],[-73.1155,19.6386],[-73.1166,19.6374],[-73.119,19.6356],[-73.122,19.633],[-73.1229,19.63],[-73.1239,19.6276],[-73.1265,19.6244],[-73.1294,19.623],[-73.1317,19.6232],[-73.1366,19.6239],[-73.1386,19.6243],[-73.1354,19.6254],[-73.1331,19.6255],[-73.1309,19.6255],[-73.1298,19.6269],[-73.1296,19.63],[-73.1279,19.6322],[-73.1326,19.6338],[-73.1315,19.6366],[-73.1299,19.6355],[-73.1277,19.6347],[-73.1256,19.6366],[-73.1216,19.6392],[-73.1201,19.6403],[-73.1232,19.6426],[-73.1264,19.6439],[-73.1288,19.6434],[-73.1312,19.6454],[-73.1308,19.6475],[-73.1333,19.6482],[-73.1349,19.6496],[-73.1351,19.6526],[-73.1355,19.6546],[-73.135,19.6573],[-73.1315,19.6572],[-73.1305,19.6551],[-73.1313,19.6519],[-73.1301,19.6496],[-73.1269,19.6484],[-73.1258,19.6475],[-73.1236,19.6463],[-73.1212,19.645],[-73.1197,19.6442],[-73.1188,19.6426],[-73.1166,19.6413],[-73.1143,19.6431],[-73.112,19.644],[-73.1098,19.6445],[-73.1042,19.6453],[-73.1019,19.645],[-73.0974,19.6441],[-73.0944,19.6435],[-73.09,19.6424],[-73.0876,19.6418],[-73.0847,19.6413],[-73.0828,19.6407],[-73.0786,19.6394],[-73.0713,19.638],[-73.0636,19.6372],[-73.0597,19.6357],[-73.0575,19.6361],[-73.0509,19.6323],[-73.0447,19.6273],[-73.0422,19.6267],[-73.0305,19.6218],[-73.0252,19.621],[-73.02,19.6208],[-73.016,19.6199],[-73.0142,19.621],[-73.0138,19.6229],[-73.0154,19.6247],[-73.0179,19.6266],[-73.0211,19.6277],[-73.0239,19.63],[-73.0257,19.6315],[-73.0291,19.6333],[-73.0321,19.635],[-73.0343,19.6366],[-73.0386,19.6395],[-73.0414,19.6409],[-73.0443,19.6403],[-73.0468,19.6397],[-73.0497,19.6408],[-73.0525,19.6419],[-73.0546,19.642],[-73.0558,19.6432],[-73.0567,19.6446],[-73.0558,19.6465],[-73.0552,19.648],[-73.0532,19.6486],[-73.0522,19.6502],[-73.0549,19.6509],[-73.054,19.6523],[-73.0521,19.6528],[-73.0512,19.6548],[-73.053,19.6564],[-73.0555,19.6575],[-73.0571,19.6592],[-73.0588,19.66],[-73.0604,19.6607],[-73.0581,19.6604],[-73.0567,19.6596],[-73.0554,19.6607],[-73.0543,19.6616],[-73.0534,19.6632],[-73.0518,19.6618],[-73.0505,19.6598],[-73.0486,19.6604],[-73.0461,19.6608],[-73.0472,19.662],[-73.049,19.6626],[-73.0498,19.6646],[-73.0485,19.6635],[-73.0491,19.665],[-73.0476,19.6662],[-73.0472,19.6668]]]},"properties":{}},{"type":"Feature","geometry":{"type":"Polygon","coordinates":[[[-73.1658,19.6374],[-73.1639,19.6351],[-73.1615,19.6347],[-73.1597,19.6336],[-73.1585,19.6326],[-73.1568,19.6322],[-73.1555,19.6313],[-73.1539,19.63],[-73.1617,19.6317],[-73.1696,19.6352],[-73.1806,19.6397],[-73.1886,19.6444],[-73.1961,19.6506],[-73.2009,19.6563],[-73.2036,19.6587],[-73.2049,19.6605],[-73.2084,19.6612],[-73.2121,19.6608],[-73.2139,19.6593],[-73.2175,19.6582],[-73.2198,19.646],[-73.2206,19.6586],[-73.2217,19.6633],[-73.2266,19.6738],[-73.2244,19.6722],[-73.2209,19.6721],[-73.2191,19.6714],[-73.2169,19.6709],[-73.214,19.6715],[-73.2078,19.6673],[-73.2034,19.6621],[-73.2011,19.6594],[-73.1966,19.6562],[-73.1945,19.6545],[-73.1924,19.6543],[-73.1884,19.6508],[-73.1859,19.6481],[-73.1845,19.6492],[-73.1795,19.647],[-73.177,19.6461],[-73.1761,19.6443],[-73.1745,19.6414],[-73.1721,19.6396],[-73.1658,19.6374]]]},"properties":{}},{"type":"Feature","geometry":{"type":"Polygon","coordinates":[[[-72.6235,19.549],[-72.62,19.5475],[-72.6164,19.5465],[-72.6125,19.5441],[-72.6059,19.5421],[-72.6038,19.5431],[-72.6031,19.5444],[-72.6024,19.5458],[-72.6,19.5458],[-72.597,19.5459],[-72.5938,19.5444],[-72.593,19.5428],[-72.5893,19.5437],[-72.587,19.5439],[-72.584,19.5448],[-72.5825,19.5457],[-72.584,19.5429],[-72.5831,19.5405],[-72.582,19.5385],[-72.5815,19.5356],[-72.5817,19.5329],[-72.5821,19.5311],[-72.5809,19.5301],[-72.5785,19.5303],[-72.5759,19.5305],[-72.5713,19.5308],[-72.5684,19.5303],[-72.566,19.5293],[-72.5631,19.5285],[-72.561,19.5276],[-72.5602,19.5264],[-72.5581,19.525],[-72.5558,19.5232],[-72.5532,19.5215],[-72.5513,19.5203],[-72.5496,19.5194],[-72.5485,19.5178],[-72.5475,19.5165],[-72.5493,19.5152],[-72.5534,19.5167],[-72.555,19.5187],[-72.5573,19.52],[-72.559,19.5215],[-72.5616,19.5228],[-72.5632,19.5201],[-72.5637,19.5185],[-72.5657,19.5192],[-72.5677,19.5195],[-72.5705,19.52],[-72.572,19.5205],[-72.5739,19.5203],[-72.5756,19.5212],[-72.5765,19.5231],[-72.5783,19.5248],[-72.5796,19.526],[-72.581,19.5267],[-72.5825,19.5275],[-72.5844,19.5282],[-72.586,19.529],[-72.5881,19.5294],[-72.5881,19.5323],[-72.5871,19.5337],[-72.5877,19.5354],[-72.5875,19.5392],[-72.5886,19.5408],[-72.5904,19.5405],[-72.5921,19.5399],[-72.5939,19.5402],[-72.5965,19.5414],[-72.598,19.5421],[-72.6003,19.542],[-72.604,19.5398],[-72.6057,19.5371],[-72.6055,19.5343],[-72.6009,19.5296],[-72.6028,19.5277],[-72.606,19.5279],[-72.6143,19.5338],[-72.6188,19.5354],[-72.6205,19.5346],[-72.6208,19.5319],[-72.6196,19.5286],[-72.6186,19.526],[-72.6153,19.5242],[-72.6124,19.5202],[-72.6125,19.5148],[-72.6113,19.5125],[-72.6064,19.5056],[-72.6037,19.5036],[-72.6009,19.5032],[-72.6002,19.4996],[-72.5996,19.4952],[-72.5963,19.4925],[-72.5952,19.4888],[-72.5937,19.487],[-72.5953,19.4836],[-72.594,19.4813],[-72.5922,19.4806],[-72.5908,19.4823],[-72.5865,19.4804],[-72.5863,19.4783],[-72.5832,19.4757],[-72.5815,19.4746],[-72.579,19.476],[-72.5772,19.4787],[-72.5753,19.4791],[-72.5734,19.4778],[-72.5751,19.4756],[-72.576,19.4737],[-72.5773,19.4723],[-72.5761,19.471],[-72.5731,19.4696],[-72.57,19.4663],[-72.5693,19.4624],[-72.566,19.4596],[-72.5539,19.4449],[-72.5482,19.4418],[-72.5447,19.4404],[-72.5422,19.4382],[-72.5402,19.4357],[-72.5383,19.4338],[-72.5364,19.4324],[-72.5353,19.4313],[-72.5335,19.4305],[-72.5319,19.4294],[-72.5305,19.4285],[-72.5274,19.4281],[-72.5249,19.4285],[-72.5229,19.4297],[-72.5211,19.4304],[-72.5191,19.4296],[-72.518,19.4286],[-72.5165,19.428],[-72.5163,19.426],[-72.5179,19.4233],[-72.5203,19.4239],[-72.5228,19.4235],[-72.5246,19.4232],[-72.5269,19.4254],[-72.5289,19.4246],[-72.5315,19.4237],[-72.5368,19.4245],[-72.5381,19.4254],[-72.5387,19.4268],[-72.5401,19.4289],[-72.542,19.4313],[-72.5431,19.4327],[-72.5519,19.4373],[-72.5544,19.4392],[-72.5561,19.4403],[-72.5658,19.4469],[-72.571,19.4526],[-72.5731,19.4553],[-72.5736,19.4611],[-72.5764,19.4632],[-72.5799,19.466],[-72.5841,19.4671],[-72.5853,19.4692],[-72.5885,19.4702],[-72.5908,19.4707],[-72.5929,19.4727],[-72.5986,19.4772],[-72.6033,19.48],[-72.6028,19.4818],[-72.6048,19.4823],[-72.6067,19.4822],[-72.6083,19.4831],[-72.6121,19.4902],[-72.6153,19.4926],[-72.617,19.4914],[-72.6181,19.4903],[-72.6199,19.49],[-72.6221,19.49],[-72.6255,19.4917],[-72.6281,19.4908],[-72.6237,19.4839],[-72.6208,19.4805],[-72.6115,19.4717],[-72.6074,19.4635],[-72.6045,19.4601],[-72.6034,19.4587],[-72.6025,19.4553],[-72.6043,19.4525],[-72.6015,19.4471],[-72.6001,19.4426],[-72.5992,19.4389],[-72.5988,19.4363],[-72.6046,19.4331],[-72.6056,19.4318],[-72.6056,19.4286],[-72.6052,19.4261],[-72.5961,19.4152],[-72.5976,19.4135],[-72.5964,19.4107],[-72.5956,19.4085],[-72.5943,19.4069],[-72.5927,19.4061],[-72.5912,19.404],[-72.5897,19.4019],[-72.5879,19.3991],[-72.5857,19.3978],[-72.5832,19.3961],[-72.5825,19.3906],[-72.5799,19.3887],[-72.5803,19.3868],[-72.5785,19.3854],[-72.5766,19.3844],[-72.5756,19.3804],[-72.575,19.378],[-72.575,19.3758],[-72.5758,19.3745],[-72.5749,19.3729],[-72.573,19.3715],[-72.5687,19.3666],[-72.5651,19.3635],[-72.5646,19.3567],[-72.5665,19.3493],[-72.5728,19.3473],[-72.5748,19.349],[-72.5764,19.3484],[-72.5759,19.346],[-72.5771,19.3441],[-72.5816,19.3463],[-72.5854,19.3545],[-72.5844,19.359],[-72.5863,19.3648],[-72.5872,19.3673],[-72.5887,19.3694],[-72.5929,19.3757],[-72.5928,19.3784],[-72.5936,19.3799],[-72.5961,19.3802],[-72.5966,19.3781],[-72.5965,19.3744],[-72.5974,19.3727],[-72.5984,19.3703],[-72.5982,19.3677],[-72.6003,19.3669],[-72.6019,19.3678],[-72.6033,19.3699],[-72.6056,19.37],[-72.6068,19.3717],[-72.6085,19.375],[-72.6089,19.378],[-72.6095,19.3815],[-72.6138,19.3937],[-72.6187,19.3973],[-72.6256,19.4085],[-72.6266,19.4107],[-72.6267,19.4128],[-72.6291,19.4114],[-72.6302,19.4084],[-72.6322,19.4078],[-72.6341,19.4117],[-72.6346,19.4133],[-72.6353,19.4162],[-72.6366,19.4171],[-72.6382,19.4192],[-72.6417,19.4238],[-72.6431,19.4261],[-72.6435,19.429],[-72.6446,19.4309],[-72.6468,19.4303],[-72.6472,19.4286],[-72.6485,19.4276],[-72.648,19.4261],[-72.6498,19.4273],[-72.6497,19.4292],[-72.6508,19.4308],[-72.6515,19.4329],[-72.6533,19.4348],[-72.6552,19.4362],[-72.6562,19.4377],[-72.6568,19.4363],[-72.657,19.4311],[-72.6574,19.4287],[-72.6559,19.4259],[-72.6546,19.4249],[-72.6567,19.422],[-72.6579,19.4199],[-72.6594,19.4192],[-72.6624,19.4188],[-72.6642,19.4169],[-72.6653,19.4155],[-72.664,19.4136],[-72.6629,19.4127],[-72.6609,19.412],[-72.662,19.4102],[-72.6634,19.4092],[-72.6638,19.4065],[-72.6629,19.4052],[-72.6615,19.4039],[-72.66,19.403],[-72.6577,19.4021],[-72.6566,19.3991],[-72.6557,19.3976],[-72.6539,19.3952],[-72.6516,19.3946],[-72.6506,19.3919],[-72.6491,19.3913],[-72.6465,19.3906],[-72.6457,19.389],[-72.6433,19.3876],[-72.6412,19.3869],[-72.6405,19.3855],[-72.6409,19.3829],[-72.6405,19.3809],[-72.6387,19.38],[-72.6358,19.3799],[-72.6343,19.378],[-72.6328,19.3766],[-72.63,19.3751],[-72.6302,19.3724],[-72.6292,19.3703],[-72.6277,19.3681],[-72.628,19.3657],[-72.6284,19.3638],[-72.6271,19.3625],[-72.6253,19.3613],[-72.622,19.3602],[-72.6215,19.3562],[-72.6222,19.3548],[-72.6208,19.3532],[-72.6177,19.3513],[-72.6149,19.3501],[-72.6121,19.3488],[-72.6099,19.3493],[-72.609,19.3509],[-72.6077,19.35],[-72.6072,19.3478],[-72.6042,19.3468],[-72.6042,19.3448],[-72.6025,19.3431],[-72.5989,19.3413],[-72.5964,19.3412],[-72.5938,19.3401],[-72.5913,19.3416],[-72.5919,19.3437],[-72.5936,19.3481],[-72.5928,19.3501],[-72.5888,19.3473],[-72.5885,19.3439],[-72.5878,19.3425],[-72.5865,19.3413],[-72.5848,19.3405],[-72.5814,19.3383],[-72.5794,19.3359],[-72.5776,19.3354],[-72.5763,19.3341],[-72.5783,19.3306],[-72.5779,19.3266],[-72.579,19.3222],[-72.5785,19.3197],[-72.5796,19.3177],[-72.5811,19.3159],[-72.5805,19.3145],[-72.5785,19.3132],[-72.5752,19.3121],[-72.5737,19.3115],[-72.5711,19.3099],[-72.5679,19.3063],[-72.5626,19.3039],[-72.5567,19.3025],[-72.5548,19.3034],[-72.5548,19.3004],[-72.5586,19.2916],[-72.5552,19.2884],[-72.5539,19.285],[-72.5525,19.2842],[-72.5506,19.2824],[-72.5492,19.2799],[-72.5502,19.2789],[-72.5498,19.2764],[-72.5477,19.2734],[-72.5448,19.2733],[-72.5425,19.2725],[-72.5391,19.272],[-72.5367,19.2716],[-72.5354,19.2706],[-72.5325,19.2685],[-72.5306,19.267],[-72.5286,19.2662],[-72.5258,19.2649],[-72.5239,19.2639],[-72.5201,19.2645],[-72.517,19.2646],[-72.5149,19.2644],[-72.5137,19.2635],[-72.5134,19.2608],[-72.5119,19.2601],[-72.5097,19.2588],[-72.5064,19.2575],[-72.5047,19.2566],[-72.5031,19.2548],[-72.4969,19.2538],[-72.4933,19.256],[-72.4919,19.2578],[-72.4896,19.2594],[-72.4891,19.2574],[-72.4896,19.2523],[-72.4841,19.2415],[-72.4799,19.2401],[-72.4759,19.2356],[-72.4685,19.2337],[-72.4664,19.2322],[-72.4634,19.2247],[-72.4587,19.2191],[-72.458,19.2125],[-72.4507,19.2078],[-72.4473,19.2012],[-72.4458,19.1996],[-72.4438,19.1983],[-72.4424,19.1973],[-72.4411,19.1964],[-72.4396,19.1948],[-72.4388,19.1932],[-72.4375,19.1916],[-72.4364,19.1894],[-72.4367,19.1875],[-72.4356,19.1866],[-72.4339,19.1857],[-72.432,19.1841],[-72.4307,19.1834],[-72.4279,19.1823],[-72.4273,19.1807],[-72.4262,19.1784],[-72.4273,19.1767],[-72.4256,19.1759],[-72.4243,19.1746],[-72.4254,19.1726],[-72.4238,19.1707],[-72.4269,19.1708],[-72.4295,19.1699],[-72.4308,19.1712],[-72.4345,19.1748],[-72.4362,19.1775],[-72.4393,19.1795],[-72.4409,19.1807],[-72.4423,19.1822],[-72.4435,19.1837],[-72.4452,19.1861],[-72.446,19.1878],[-72.4474,19.1892],[-72.4487,19.1911],[-72.4492,19.193],[-72.4519,19.1951],[-72.4546,19.1965],[-72.4584,19.1972],[-72.4594,19.1953],[-72.4594,19.192],[-72.4587,19.1891],[-72.4572,19.188],[-72.4556,19.1854],[-72.4575,19.184],[-72.46,19.1837],[-72.4665,19.1792],[-72.4673,19.1805],[-72.4651,19.1837],[-72.4654,19.1862],[-72.4658,19.1887],[-72.4682,19.1898],[-72.4711,19.1898],[-72.4745,19.1863],[-72.4758,19.1886],[-72.4736,19.1906],[-72.4756,19.192],[-72.4808,19.1918],[-72.4853,19.1951],[-72.4863,19.1969],[-72.4884,19.1983],[-72.4916,19.1982],[-72.4925,19.196],[-72.4915,19.1942],[-72.4879,19.1889],[-72.4896,19.1882],[-72.4911,19.189],[-72.492,19.1903],[-72.4941,19.192],[-72.4965,19.1932],[-72.4978,19.1923],[-72.4965,19.1882],[-72.4935,19.1854],[-72.4906,19.1829],[-72.4888,19.1793],[-72.4889,19.1753],[-72.4877,19.1717],[-72.4851,19.1705],[-72.4823,19.1713],[-72.4786,19.1718],[-72.4752,19.176],[-72.4732,19.1795],[-72.4712,19.18],[-72.4695,19.1793],[-72.468,19.1776],[-72.4693,19.1768],[-72.4703,19.1741],[-72.4702,19.1709],[-72.4684,19.1697],[-72.4669,19.1688],[-72.4659,19.1654],[-72.4652,19.1618],[-72.4632,19.16],[-72.4596,19.1584],[-72.4605,19.1555],[-72.4627,19.1525],[-72.4652,19.151],[-72.467,19.1531],[-72.4716,19.1524],[-72.4782,19.1519],[-72.4793,19.1498],[-72.4798,19.1471],[-72.4773,19.1445],[-72.4736,19.1435],[-72.4691,19.1433],[-72.4668,19.1435],[-72.4619,19.1404],[-72.4621,19.1372],[-72.4618,19.1347],[-72.4602,19.1334],[-72.4576,19.1331],[-72.4554,19.1333],[-72.4505,19.1324],[-72.4487,19.1318],[-72.4439,19.1319],[-72.4411,19.1296],[-72.4445,19.1302],[-72.4457,19.129],[-72.4462,19.1254],[-72.4481,19.1235],[-72.4493,19.1213],[-72.4521,19.1204],[-72.4542,19.1192],[-72.4558,19.1185],[-72.458,19.1173],[-72.4594,19.1159],[-72.4608,19.1151],[-72.467,19.1188],[-72.4733,19.1204],[-72.4798,19.1231],[-72.4825,19.1226],[-72.4761,19.1174],[-72.4739,19.1151],[-72.4736,19.1131],[-72.4706,19.1097],[-72.4672,19.106],[-72.4642,19.1047],[-72.4644,19.1028],[-72.4645,19.0964],[-72.4621,19.0873],[-72.4492,19.0832],[-72.4468,19.0824],[-72.4449,19.0807],[-72.4435,19.0779],[-72.4431,19.0738],[-72.444,19.0689],[-72.4432,19.0641],[-72.4426,19.0626],[-72.4387,19.0574],[-72.4369,19.0553],[-72.4335,19.0534],[-72.4307,19.0519],[-72.428,19.0525],[-72.4264,19.053],[-72.4209,19.0495],[-72.4167,19.0469],[-72.4142,19.0459],[-72.4108,19.0438],[-72.4087,19.041],[-72.4053,19.0398],[-72.4025,19.0398],[-72.3994,19.0387],[-72.3965,19.038],[-72.3938,19.0395],[-72.392,19.039],[-72.3903,19.0383],[-72.3853,19.0383],[-72.3832,19.037],[-72.3826,19.034],[-72.3804,19.03],[-72.3762,19.0238],[-72.3737,19.0192],[-72.3684,19.0117],[-72.3654,19.0084],[-72.3643,19.0062],[-72.3595,19.001],[-72.3513,18.9931],[-72.3486,18.9896],[-72.3416,18.9792],[-72.3313,18.9699],[-72.3241,18.9534],[-72.3212,18.9477],[-72.3193,18.9454],[-72.3181,18.9428],[-72.3165,18.9402],[-72.313,18.9389],[-72.3116,18.9381],[-72.3093,18.9358],[-72.3073,18.935],[-72.3058,18.9338],[-72.3044,18.9329],[-72.302,18.9326],[-72.3009,18.9337],[-72.301,18.9356],[-72.3032,18.9349],[-72.3033,18.938],[-72.3005,18.9381],[-72.299,18.9371],[-72.2963,18.9358],[-72.2941,18.9352],[-72.2917,18.9344],[-72.2904,18.9331],[-72.2897,18.9317],[-72.2886,18.9306],[-72.2876,18.9291],[-72.2871,18.927],[-72.2854,18.9255],[-72.2844,18.9244],[-72.2824,18.9236],[-72.2801,18.9238],[-72.2775,18.923],[-72.2748,18.9209],[-72.2723,18.9202],[-72.2701,18.9225],[-72.2688,18.9213],[-72.2665,18.9223],[-72.2645,18.922],[-72.2627,18.9215],[-72.2609,18.9205],[-72.257,18.9199],[-72.2531,18.9205],[-72.2504,18.9201],[-72.2482,18.92],[-72.2452,18.9201],[-72.2429,18.9187],[-72.2414,18.9175],[-72.2398,18.9169],[-72.2383,18.9145],[-72.2389,18.9125],[-72.2377,18.9111],[-72.2362,18.9117],[-72.2351,18.9127],[-72.2339,18.9136],[-72.2317,18.9131],[-72.2298,18.9122],[-72.2289,18.9109],[-72.2278,18.9095],[-72.2261,18.9073],[-72.2242,18.9066],[-72.2236,18.9046],[-72.222,18.904],[-72.22,18.9035],[-72.2157,18.8984],[-72.217,18.8956],[-72.2155,18.8949],[-72.2139,18.8937],[-72.2119,18.8938],[-72.21,18.8953],[-72.2091,18.8938],[-72.2101,18.8923],[-72.2105,18.89],[-72.2091,18.8892],[-72.2072,18.8888],[-72.2055,18.8892],[-72.2033,18.8883],[-72.1996,18.8885],[-72.1976,18.8886],[-72.1959,18.8875],[-72.1937,18.8871],[-72.1916,18.8875],[-72.1895,18.8855],[-72.1877,18.8818],[-72.1849,18.8774],[-72.1836,18.8764],[-72.1812,18.8772],[-72.1822,18.8736],[-72.181,18.8721],[-72.1791,18.8717],[-72.1747,18.8709],[-72.1671,18.8675],[-72.1639,18.8665],[-72.1615,18.8749],[-72.1595,18.8745],[-72.1602,18.8723],[-72.1608,18.8698],[-72.1618,18.8679],[-72.1607,18.8648],[-72.1606,18.8622],[-72.1549,18.8607],[-72.1519,18.8593],[-72.1502,18.8558],[-72.1489,18.8544],[-72.1472,18.8538],[-72.1428,18.859],[-72.1402,18.8657],[-72.1393,18.8638],[-72.1373,18.8651],[-72.1354,18.8655],[-72.1332,18.8658],[-72.1308,18.8659],[-72.1286,18.865],[-72.1262,18.8638],[-72.1256,18.8623],[-72.1249,18.861],[-72.1233,18.8599],[-72.1217,18.8589],[-72.1238,18.8591],[-72.1246,18.8571],[-72.1236,18.8554],[-72.1225,18.8537],[-72.1195,18.8522],[-72.1175,18.8508],[-72.1155,18.8497],[-72.114,18.8487],[-72.1114,18.8494],[-72.1097,18.8505],[-72.1075,18.8481],[-72.1063,18.8465],[-72.1043,18.8452],[-72.102,18.8444],[-72.1001,18.844],[-72.0983,18.8465],[-72.0947,18.8498],[-72.0915,18.856],[-72.0934,18.8606],[-72.0911,18.8618],[-72.0884,18.8618],[-72.0859,18.8619],[-72.0836,18.861],[-72.0826,18.86],[-72.0801,18.8583],[-72.0798,18.8563],[-72.0784,18.8547],[-72.0775,18.8531],[-72.0783,18.8501],[-72.0766,18.8498],[-72.0731,18.8491],[-72.0744,18.8483],[-72.0768,18.8475],[-72.0782,18.8454],[-72.0763,18.8462],[-72.0746,18.8471],[-72.0722,18.8467],[-72.0716,18.8487],[-72.0696,18.8488],[-72.0658,18.8476],[-72.063,18.8474],[-72.0609,18.8471],[-72.0602,18.8444],[-72.0604,18.8405],[-72.0579,18.8376],[-72.0554,18.8349],[-72.0569,18.8342],[-72.0573,18.8319],[-72.0565,18.8304],[-72.0555,18.8285],[-72.0544,18.8271],[-72.0539,18.8245],[-72.0532,18.8231],[-72.0546,18.8215],[-72.0538,18.8201],[-72.0525,18.8192],[-72.0502,18.8193],[-72.049,18.8184],[-72.0475,18.8179],[-72.0461,18.817],[-72.0441,18.816],[-72.0427,18.8151],[-72.0421,18.8135],[-72.0426,18.8118],[-72.04,18.809],[-72.0393,18.8069],[-72.0376,18.8058],[-72.0352,18.8026],[-72.0325,18.8034],[-72.031,18.8045],[-72.0298,18.8055],[-72.0287,18.8068],[-72.0266,18.8069],[-72.0252,18.8076],[-72.0231,18.808],[-72.023,18.806],[-72.0232,18.8038],[-72.022,18.8022],[-72.0208,18.8009],[-72.02,18.799],[-72.0189,18.8001],[-72.0163,18.7994],[-72.0159,18.8018],[-72.0124,18.8017],[-72.0105,18.8018],[-72.0092,18.8006],[-72.0077,18.8017],[-72.0071,18.8033],[-72.0055,18.8019],[-72.004,18.8011],[-72.002,18.8011],[-72.0008,18.8025],[-72.0011,18.8004],[-71.9994,18.7994],[-71.9974,18.7989],[-71.9956,18.7978],[-71.9942,18.797],[-71.9924,18.7965],[-71.9906,18.7963],[-71.9889,18.7959],[-71.987,18.7943],[-71.9845,18.794],[-71.9832,18.793],[-71.9825,18.7916],[-71.983,18.7896],[-71.9806,18.7894],[-71.9793,18.7902],[-71.9777,18.7907],[-71.9758,18.7912],[-71.9724,18.7912],[-71.9696,18.7913],[-71.9679,18.7938],[-71.9667,18.7954],[-71.9665,18.7976],[-71.9648,18.7982],[-71.9626,18.7988],[-71.9612,18.7997],[-71.9607,18.8014],[-71.9603,18.8035],[-71.9588,18.8053],[-71.9579,18.8069],[-71.9564,18.8076],[-71.9545,18.8084],[-71.954,18.8103],[-71.9533,18.8118],[-71.9517,18.8136],[-71.9494,18.8126],[-71.9516,18.8069],[-71.9534,18.8062],[-71.9548,18.8054],[-71.9551,18.803],[-71.9552,18.8011],[-71.9538,18.7999],[-71.953,18.7982],[-71.9542,18.796],[-71.9551,18.7948],[-71.9569,18.7951],[-71.958,18.797],[-71.9602,18.7961],[-71.9607,18.7944],[-71.9628,18.7946],[-71.9622,18.7929],[-71.9612,18.7912],[-71.9614,18.7892],[-71.9632,18.7888],[-71.9651,18.7887],[-71.9675,18.7883],[-71.9698,18.7883],[-71.9715,18.7878],[-71.9735,18.7869],[-71.9729,18.7847],[-71.9712,18.7835],[-71.9703,18.7816],[-71.9688,18.7807],[-71.966,18.78],[-71.9639,18.7782],[-71.9626,18.7772],[-71.9608,18.776],[-71.9593,18.7751],[-71.9585,18.7727],[-71.957,18.7716],[-71.9559,18.7699],[-71.9545,18.7686],[-71.9526,18.7675],[-71.9504,18.7657],[-71.9486,18.765],[-71.9466,18.7647],[-71.9444,18.7643],[-71.9439,18.7622],[-71.942,18.7621],[-71.94,18.7623],[-71.9385,18.7614],[-71.9369,18.7621],[-71.9352,18.7611],[-71.933,18.7602],[-71.9309,18.7599],[-71.9294,18.759],[-71.9272,18.758],[-71.9246,18.7572],[-71.9221,18.7573],[-71.9236,18.7559],[-71.9264,18.7563],[-71.9281,18.7567],[-71.9296,18.758],[-71.9319,18.7573],[-71.9342,18.7579],[-71.9363,18.7583],[-71.9383,18.7591],[-71.94,18.758],[-71.9415,18.759],[-71.9444,18.7599],[-71.9463,18.7602],[-71.9469,18.7617],[-71.9488,18.7612],[-71.9513,18.7613],[-71.9537,18.7607],[-71.9551,18.7623],[-71.9535,18.7633],[-71.9559,18.7642],[-71.9585,18.7652],[-71.9603,18.7656],[-71.9623,18.767],[-71.9636,18.7677],[-71.9664,18.7685],[-71.9675,18.7697],[-71.9693,18.7691],[-71.9715,18.7698],[-71.9731,18.7707],[-71.971,18.7707],[-71.97,18.7717],[-71.9705,18.7735],[-71.9721,18.7727],[-71.9738,18.7733],[-71.9758,18.774],[-71.9769,18.7752],[-71.9788,18.7745],[-71.9807,18.7754],[-71.9825,18.7756],[-71.9845,18.7761],[-71.9864,18.7756],[-71.9874,18.7771],[-71.9889,18.7783],[-71.9904,18.7768],[-71.9918,18.7761],[-71.993,18.7772],[-71.9942,18.776],[-71.998,18.7784],[-72.0005,18.7805],[-72.0098,18.7779],[-72.0163,18.7783],[-72.0208,18.7798],[-72.0253,18.7791],[-72.0281,18.776],[-72.029,18.7724],[-72.027,18.7688],[-72.0265,18.7658],[-72.0279,18.7613],[-72.0266,18.758],[-72.0255,18.7543],[-72.0222,18.7524],[-72.0174,18.7519],[-72.0126,18.7525],[-72.0106,18.7475],[-72.0083,18.7425],[-72.0066,18.739],[-72.0017,18.7361],[-71.998,18.7336],[-71.9949,18.7322],[-71.9962,18.7312],[-72.0008,18.7327],[-72.0055,18.7351],[-72.0085,18.7374],[-72.012,18.7376],[-72.0142,18.7423],[-72.014,18.7466],[-72.0163,18.7487],[-72.0187,18.749],[-72.0212,18.747],[-72.0245,18.7486],[-72.0279,18.7489],[-72.0335,18.7462],[-72.0353,18.7466],[-72.0345,18.7491],[-72.0344,18.7513],[-72.0357,18.754],[-72.0373,18.7574],[-72.038,18.7594],[-72.0404,18.7633],[-72.0427,18.7633],[-72.0437,18.7645],[-72.0434,18.7668],[-72.0404,18.7736],[-72.0414,18.7777],[-72.0358,18.7819],[-72.0332,18.7893],[-72.0393,18.7908],[-72.0451,18.7908],[-72.0506,18.7941],[-72.0531,18.7979],[-72.054,18.8016],[-72.0577,18.8074],[-72.0646,18.8083],[-72.066,18.8133],[-72.0689,18.815],[-72.0715,18.815],[-72.0737,18.8191],[-72.0764,18.823],[-72.077,18.825],[-72.0767,18.8275],[-72.0766,18.8296],[-72.0758,18.8309],[-72.0744,18.8325],[-72.0744,18.835],[-72.0703,18.8356],[-72.0661,18.8369],[-72.0744,18.8387],[-72.0764,18.8392],[-72.077,18.8408],[-72.08,18.8413],[-72.0827,18.8413],[-72.0839,18.8422],[-72.0877,18.841],[-72.0906,18.8412],[-72.0939,18.8405],[-72.0964,18.8402],[-72.0983,18.839],[-72.099,18.8375],[-72.1008,18.8372],[-72.1036,18.8373],[-72.1053,18.838],[-72.1071,18.8388],[-72.1109,18.8382],[-72.1149,18.8392],[-72.1206,18.8373],[-72.125,18.8375],[-72.1277,18.8376],[-72.1284,18.839],[-72.1314,18.8443],[-72.1302,18.8499],[-72.1305,18.8528],[-72.1304,18.856],[-72.1327,18.8581],[-72.1355,18.8581],[-72.1365,18.8568],[-72.1377,18.8558],[-72.1387,18.8526],[-72.1399,18.8513],[-72.1419,18.8487],[-72.1433,18.8472],[-72.1461,18.8461],[-72.1497,18.8455],[-72.1514,18.8452],[-72.1534,18.8445],[-72.1553,18.843],[-72.1575,18.8415],[-72.1593,18.8404],[-72.1615,18.8406],[-72.1632,18.8424],[-72.1643,18.844],[-72.1657,18.8466],[-72.1666,18.8486],[-72.1678,18.8512],[-72.1685,18.8527],[-72.1687,18.8546],[-72.17,18.8554],[-72.1721,18.8564],[-72.1738,18.8581],[-72.1761,18.8598],[-72.178,18.8609],[-72.1802,18.8618],[-72.1816,18.864],[-72.1832,18.8656],[-72.1856,18.8668],[-72.1875,18.867],[-72.1907,18.8668],[-72.1927,18.8669],[-72.1956,18.8674],[-72.197,18.8683],[-72.1986,18.8704],[-72.1997,18.8721],[-72.2005,18.8758],[-72.2016,18.8772],[-72.2027,18.8782],[-72.2037,18.8793],[-72.205,18.8822],[-72.2062,18.8833],[-72.2077,18.884],[-72.2101,18.884],[-72.2137,18.8824],[-72.2123,18.8808],[-72.2131,18.8791],[-72.2151,18.8787],[-72.2167,18.8792],[-72.2185,18.8805],[-72.2189,18.883],[-72.2196,18.8844],[-72.2218,18.8851],[-72.222,18.8871],[-72.2232,18.8884],[-72.2242,18.8899],[-72.2248,18.8917],[-72.2244,18.894],[-72.2255,18.8955],[-72.2266,18.8965],[-72.2294,18.8972],[-72.2322,18.8973],[-72.2341,18.8987],[-72.2365,18.8994],[-72.2386,18.8998],[-72.2398,18.9008],[-72.2424,18.9011],[-72.2436,18.9033],[-72.2452,18.9039],[-72.2467,18.9047],[-72.2486,18.9049],[-72.2508,18.9067],[-72.2501,18.909],[-72.2475,18.911],[-72.247,18.9126],[-72.2491,18.9126],[-72.2505,18.9142],[-72.2531,18.9153],[-72.2563,18.9147],[-72.2589,18.9138],[-72.2604,18.9129],[-72.2609,18.9113],[-72.2632,18.9109],[-72.2661,18.9109],[-72.2686,18.9118],[-72.2729,18.9144],[-72.2784,18.9153],[-72.2812,18.9157],[-72.2833,18.9166],[-72.2857,18.9179],[-72.2876,18.9184],[-72.2897,18.9193],[-72.2926,18.9212],[-72.2975,18.9239],[-72.299,18.9249],[-72.3014,18.9264],[-72.3029,18.9272],[-72.3047,18.9277],[-72.3066,18.9288],[-72.3087,18.9301],[-72.3115,18.9317],[-72.3136,18.933],[-72.3147,18.9339],[-72.3156,18.9351],[-72.3171,18.9363],[-72.3191,18.9374],[-72.3219,18.94],[-72.3252,18.9415],[-72.3279,18.9435],[-72.3295,18.945],[-72.3312,18.9467],[-72.3329,18.9486],[-72.335,18.9501],[-72.3359,18.9514],[-72.3414,18.9558],[-72.3539,18.9652],[-72.3636,18.9747],[-72.3736,18.9841],[-72.3767,18.9876],[-72.3788,18.993],[-72.3817,18.9959],[-72.3833,18.9929],[-72.3852,18.9876],[-72.386,18.9912],[-72.3875,18.9943],[-72.3922,18.9984],[-72.3941,19.0006],[-72.3957,19.0023],[-72.3995,19.0041],[-72.4,19.0061],[-72.4023,19.0094],[-72.4048,19.012],[-72.407,19.0154],[-72.4091,19.0168],[-72.4102,19.0179],[-72.4115,19.0193],[-72.4135,19.0197],[-72.4162,19.0193],[-72.4182,19.0194],[-72.4203,19.0208],[-72.4202,19.0229],[-72.4216,19.0221],[-72.4232,19.0212],[-72.4245,19.0226],[-72.4238,19.0241],[-72.4246,19.0264],[-72.4206,19.0326],[-72.4244,19.0343],[-72.4262,19.0347],[-72.4288,19.0344],[-72.4307,19.034],[-72.4325,19.0336],[-72.4343,19.0333],[-72.4372,19.0347],[-72.4388,19.0353],[-72.4429,19.0387],[-72.4451,19.0384],[-72.4456,19.041],[-72.4487,19.0444],[-72.4517,19.0464],[-72.4566,19.0449],[-72.4589,19.0445],[-72.4624,19.0431],[-72.4645,19.045],[-72.4717,19.0456],[-72.4733,19.0525],[-72.4806,19.0615],[-72.4899,19.0703],[-72.4955,19.0785],[-72.5099,19.0933],[-72.5417,19.1045],[-72.5534,19.1175],[-72.571,19.1339],[-72.604,19.1456],[-72.6078,19.1451],[-72.6088,19.1474],[-72.6201,19.1515],[-72.6241,19.1554],[-72.6297,19.1551],[-72.635,19.1553],[-72.6358,19.1531],[-72.6381,19.1525],[-72.6426,19.1555],[-72.6503,19.1593],[-72.6534,19.1617],[-72.6528,19.1695],[-72.6546,19.1724],[-72.6583,19.1747],[-72.6647,19.1725],[-72.6666,19.1724],[-72.6689,19.173],[-72.6763,19.1738],[-72.6798,19.1749],[-72.6816,19.1762],[-72.6856,19.1801],[-72.6893,19.1818],[-72.6922,19.1786],[-72.6943,19.1772],[-72.697,19.1769],[-72.6993,19.1765],[-72.7026,19.1769],[-72.7272,19.1833],[-72.7508,19.1908],[-72.7588,19.1927],[-72.7689,19.1918],[-72.7731,19.1911],[-72.7756,19.1916],[-72.7766,19.1932],[-72.7784,19.1993],[-72.7819,19.2004],[-72.7825,19.203],[-72.7859,19.2047],[-72.7876,19.2078],[-72.7901,19.207],[-72.7912,19.209],[-72.7936,19.2106],[-72.7941,19.2129],[-72.7936,19.2154],[-72.7979,19.2188],[-72.7991,19.2207],[-72.8001,19.2222],[-72.7981,19.2233],[-72.7949,19.2231],[-72.7929,19.2217],[-72.7911,19.2198],[-72.7878,19.2199],[-72.783,19.221],[-72.7809,19.2249],[-72.78,19.2217],[-72.7831,19.2148],[-72.7813,19.2166],[-72.7791,19.22],[-72.7741,19.2229],[-72.7719,19.2252],[-72.771,19.229],[-72.7673,19.2317],[-72.7622,19.232],[-72.7575,19.2307],[-72.7558,19.2322],[-72.7497,19.2374],[-72.7591,19.2425],[-72.7658,19.2441],[-72.7687,19.2419],[-72.7727,19.2405],[-72.7757,19.2414],[-72.775,19.2477],[-72.7755,19.2576],[-72.7749,19.2659],[-72.7703,19.2653],[-72.7653,19.2743],[-72.7637,19.2762],[-72.7525,19.276],[-72.7393,19.2749],[-72.7336,19.282],[-72.7232,19.281],[-72.7157,19.2823],[-72.7004,19.29],[-72.6987,19.3046],[-72.7052,19.3101],[-72.7087,19.3157],[-72.7044,19.3282],[-72.7006,19.3274],[-72.6959,19.3273],[-72.6962,19.3297],[-72.6985,19.3298],[-72.6996,19.333],[-72.7033,19.3347],[-72.7038,19.3372],[-72.6986,19.3386],[-72.695,19.3384],[-72.693,19.334],[-72.6907,19.335],[-72.6901,19.3414],[-72.6877,19.3502],[-72.6914,19.3558],[-72.696,19.3545],[-72.698,19.3571],[-72.6957,19.3592],[-72.6801,19.3611],[-72.6724,19.3668],[-72.6708,19.3812],[-72.6749,19.3951],[-72.6785,19.4094],[-72.6834,19.4169],[-72.6941,19.4277],[-72.6981,19.4295],[-72.7001,19.431],[-72.6999,19.434],[-72.7002,19.4396],[-72.7007,19.4418],[-72.699,19.4424],[-72.6975,19.4434],[-72.6985,19.4446],[-72.6976,19.446],[-72.6966,19.4474],[-72.6968,19.4506],[-72.6989,19.4526],[-72.7028,19.455],[-72.6977,19.4555],[-72.6963,19.4577],[-72.7022,19.4585],[-72.705,19.4588],[-72.7114,19.4557],[-72.713,19.4575],[-72.7148,19.4598],[-72.7181,19.4561],[-72.7223,19.4572],[-72.725,19.4582],[-72.723,19.4634],[-72.7224,19.4693],[-72.7186,19.4701],[-72.7125,19.4734],[-72.71,19.4729],[-72.7077,19.4727],[-72.7051,19.4705],[-72.7012,19.4709],[-72.6981,19.4722],[-72.6964,19.4692],[-72.6943,19.4668],[-72.6915,19.4655],[-72.6881,19.4651],[-72.6843,19.4645],[-72.6816,19.4645],[-72.6765,19.4671],[-72.6736,19.4695],[-72.6724,19.4713],[-72.67,19.4737],[-72.6691,19.4762],[-72.6699,19.4799],[-72.6678,19.4811],[-72.6656,19.4809],[-72.6641,19.4815],[-72.6619,19.4811],[-72.6596,19.4815],[-72.6584,19.4834],[-72.6628,19.486],[-72.6603,19.4889],[-72.6577,19.4913],[-72.655,19.4943],[-72.6494,19.4956],[-72.6465,19.4979],[-72.6448,19.5024],[-72.6491,19.5061],[-72.6484,19.5113],[-72.6454,19.5164],[-72.6426,19.5208],[-72.6381,19.5282],[-72.6369,19.5336],[-72.6342,19.5381],[-72.6326,19.5433],[-72.6305,19.5449],[-72.6299,19.5472],[-72.6281,19.549],[-72.6261,19.5494],[-72.6248,19.5501],[-72.6235,19.549]]]},"properties":{}},{"type":"Feature","geometry":{"type":"Polygon","coordinates":[[[-72.8102,19.8245],[-72.8081,19.8237],[-72.806,19.824],[-72.8031,19.8228],[-72.8036,19.8211],[-72.8028,19.8187],[-72.8034,19.8161],[-72.8023,19.8112],[-72.8004,19.8068],[-72.7999,19.8007],[-72.8004,19.7978],[-72.7991,19.7943],[-72.7989,19.7897],[-72.7961,19.7825],[-72.7941,19.7784],[-72.7904,19.7732],[-72.7869,19.7655],[-72.783,19.7558],[-72.7824,19.7504],[-72.7802,19.7474],[-72.7766,19.7505],[-72.7729,19.7511],[-72.769,19.7487],[-72.7646,19.7451],[-72.763,19.7389],[-72.7596,19.7337],[-72.7574,19.7325],[-72.7557,19.7319],[-72.7528,19.7318],[-72.751,19.7322],[-72.7497,19.731],[-72.7508,19.7298],[-72.751,19.7274],[-72.7499,19.7265],[-72.7512,19.7252],[-72.7495,19.7233],[-72.748,19.7225],[-72.7464,19.7212],[-72.7431,19.721],[-72.7398,19.7206],[-72.739,19.7193],[-72.7375,19.7164],[-72.7368,19.7137],[-72.736,19.7123],[-72.7345,19.7109],[-72.7315,19.7104],[-72.7305,19.7087],[-72.7262,19.7038],[-72.7243,19.7006],[-72.7227,19.6992],[-72.721,19.6987],[-72.7172,19.6954],[-72.7144,19.6928],[-72.714,19.6904],[-72.7128,19.6877],[-72.7104,19.688],[-72.7062,19.6878],[-72.702,19.6889],[-72.698,19.6878],[-72.6943,19.6844],[-72.6904,19.6803],[-72.6884,19.6781],[-72.6858,19.6775],[-72.6804,19.6771],[-72.6775,19.6765],[-72.6739,19.6755],[-72.6723,19.6784],[-72.672,19.6802],[-72.6711,19.6824],[-72.6704,19.6838],[-72.6691,19.6806],[-72.671,19.6763],[-72.6721,19.6746],[-72.6736,19.6724],[-72.6732,19.6696],[-72.6722,19.6671],[-72.6692,19.6632],[-72.6684,19.6601],[-72.6675,19.6569],[-72.6654,19.6543],[-72.6616,19.6552],[-72.6601,19.6575],[-72.6577,19.6583],[-72.6545,19.6572],[-72.6518,19.655],[-72.6495,19.6527],[-72.6488,19.6512],[-72.6513,19.6504],[-72.6536,19.6527],[-72.6573,19.6541],[-72.6599,19.6537],[-72.662,19.6525],[-72.6619,19.6499],[-72.6604,19.6484],[-72.6581,19.6467],[-72.6557,19.6432],[-72.6536,19.641],[-72.6516,19.637],[-72.6494,19.6338],[-72.6489,19.6317],[-72.6476,19.63],[-72.6497,19.6288],[-72.6531,19.6302],[-72.6559,19.6315],[-72.6582,19.6342],[-72.6593,19.6368],[-72.6619,19.6384],[-72.6637,19.6354],[-72.6646,19.6333],[-72.6668,19.6299],[-72.669,19.6265],[-72.6724,19.6243],[-72.6725,19.6276],[-72.67,19.63],[-72.6676,19.6335],[-72.6667,19.6356],[-72.6663,19.6379],[-72.667,19.6397],[-72.6684,19.6423],[-72.6701,19.6433],[-72.6724,19.6438],[-72.6759,19.6452],[-72.678,19.6471],[-72.679,19.6482],[-72.6802,19.6512],[-72.6817,19.6526],[-72.6823,19.6546],[-72.682,19.6567],[-72.6839,19.6581],[-72.6871,19.6581],[-72.6887,19.6613],[-72.6898,19.6627],[-72.6903,19.6643],[-72.6909,19.6658],[-72.6926,19.6673],[-72.6925,19.6696],[-72.6945,19.6705],[-72.6944,19.6735],[-72.695,19.6755],[-72.6983,19.6775],[-72.7012,19.6793],[-72.7029,19.6808],[-72.7056,19.6818],[-72.7078,19.6824],[-72.7104,19.6839],[-72.7144,19.6845],[-72.7183,19.686],[-72.7205,19.6868],[-72.7227,19.6871],[-72.724,19.6879],[-72.7251,19.6901],[-72.7266,19.6912],[-72.7269,19.6934],[-72.7277,19.6951],[-72.7297,19.6958],[-72.7307,19.6984],[-72.7318,19.6995],[-72.7353,19.7],[-72.7362,19.703],[-72.7387,19.7046],[-72.741,19.7047],[-72.7434,19.7056],[-72.7458,19.7068],[-72.7468,19.7101],[-72.7478,19.712],[-72.7479,19.7145],[-72.7479,19.718],[-72.7485,19.7207],[-72.7528,19.7211],[-72.7549,19.7236],[-72.759,19.7245],[-72.7612,19.7253],[-72.7618,19.7273],[-72.7636,19.7275],[-72.7646,19.7295],[-72.7653,19.7313],[-72.7668,19.7337],[-72.7671,19.7356],[-72.7679,19.7388],[-72.7698,19.7404],[-72.7702,19.7423],[-72.7715,19.744],[-72.7731,19.745],[-72.7751,19.7448],[-72.7759,19.7463],[-72.7779,19.7464],[-72.7792,19.7457],[-72.7793,19.7434],[-72.7807,19.7425],[-72.7808,19.7406],[-72.7841,19.7399],[-72.7867,19.7388],[-72.7889,19.7387],[-72.7893,19.7407],[-72.7853,19.7412],[-72.7833,19.7426],[-72.7852,19.7438],[-72.7878,19.7442],[-72.7891,19.7466],[-72.7882,19.7493],[-72.7865,19.7515],[-72.7853,19.7531],[-72.7858,19.7564],[-72.7872,19.757],[-72.789,19.7584],[-72.7929,19.7588],[-72.7961,19.7595],[-72.7976,19.7611],[-72.8005,19.761],[-72.7995,19.7626],[-72.7981,19.7637],[-72.7982,19.766],[-72.8006,19.7686],[-72.8018,19.7706],[-72.8044,19.7716],[-72.8064,19.7732],[-72.8075,19.7743],[-72.8093,19.7775],[-72.8119,19.7789],[-72.813,19.778],[-72.8127,19.78],[-72.8102,19.7803],[-72.8082,19.7811],[-72.8061,19.7812],[-72.8066,19.7832],[-72.8088,19.7831],[-72.8101,19.7847],[-72.8116,19.7862],[-72.8131,19.7881],[-72.813,19.79],[-72.8151,19.7896],[-72.8188,19.7901],[-72.8169,19.7921],[-72.8154,19.7929],[-72.8117,19.7947],[-72.8113,19.7964],[-72.8122,19.7982],[-72.8103,19.802],[-72.8126,19.8019],[-72.8122,19.8054],[-72.8115,19.8075],[-72.809,19.8095],[-72.8064,19.8096],[-72.806,19.8113],[-72.8063,19.8131],[-72.8073,19.8141],[-72.8104,19.8158],[-72.813,19.8177],[-72.8149,19.8185],[-72.8143,19.8207],[-72.8131,19.8221],[-72.8123,19.8236],[-72.8102,19.8245]]]},"properties":{}},{"type":"Feature","geometry":{"type":"Polygon","coordinates":[[[-72.7132,19.9296],[-72.7103,19.928],[-72.7064,19.9276],[-72.7045,19.9285],[-72.7031,19.9293],[-72.7004,19.9283],[-72.6988,19.927],[-72.6968,19.9254],[-72.6943,19.924],[-72.6912,19.9242],[-72.6888,19.9252],[-72.6884,19.921],[-72.6865,19.9215],[-72.6826,19.9209],[-72.6813,19.922],[-72.6791,19.9227],[-72.6743,19.9216],[-72.6712,19.9208],[-72.6682,19.9174],[-72.6651,19.9171],[-72.6666,19.9145],[-72.6684,19.9142],[-72.6697,19.9118],[-72.6716,19.9109],[-72.6734,19.9096],[-72.6765,19.9085],[-72.6773,19.9098],[-72.6771,19.9116],[-72.676,19.9127],[-72.6744,19.9132],[-72.6735,19.9144],[-72.6745,19.9155],[-72.6758,19.914],[-72.6773,19.9147],[-72.6767,19.9166],[-72.6782,19.9158],[-72.6784,19.9177],[-72.6792,19.919],[-72.6811,19.9195],[-72.6817,19.9173],[-72.6815,19.9148],[-72.6833,19.915],[-72.6848,19.9142],[-72.686,19.9127],[-72.6872,19.9099],[-72.6888,19.9091],[-72.6904,19.9084],[-72.691,19.9103],[-72.6899,19.9117],[-72.689,19.913],[-72.6877,19.9147],[-72.6869,19.916],[-72.6871,19.9184],[-72.6893,19.9194],[-72.6913,19.9197],[-72.693,19.9189],[-72.6947,19.9169],[-72.6953,19.9145],[-72.6962,19.9157],[-72.6978,19.9147],[-72.6991,19.913],[-72.6989,19.9106],[-72.7002,19.9098],[-72.7014,19.9069],[-72.7027,19.905],[-72.7039,19.9042],[-72.7047,19.9026],[-72.7049,19.9006],[-72.707,19.901],[-72.7069,19.9035],[-72.7067,19.9055],[-72.7064,19.9076],[-72.7046,19.9091],[-72.7062,19.9106],[-72.7071,19.9117],[-72.7072,19.9137],[-72.7073,19.9164],[-72.7075,19.9187],[-72.7067,19.92],[-72.7075,19.9219],[-72.7085,19.9233],[-72.7101,19.9214],[-72.711,19.9196],[-72.7127,19.9207],[-72.7119,19.922],[-72.7117,19.9239],[-72.7115,19.9259],[-72.713,19.9276],[-72.7133,19.9295],[-72.7132,19.9296]]]},"properties":{}},{"type":"Feature","geometry":{"type":"Polygon","coordinates":[[[-72.6486,19.8981],[-72.6501,19.8987],[-72.652,19.901],[-72.6521,19.9033],[-72.6515,19.9052],[-72.6533,19.9057],[-72.6557,19.9054],[-72.6555,19.9082],[-72.6539,19.9088],[-72.6519,19.9097],[-72.6507,19.9128],[-72.6482,19.9104],[-72.6479,19.908],[-72.6457,19.9065],[-72.6429,19.9071],[-72.6409,19.9097],[-72.6384,19.9086],[-72.6354,19.9068],[-72.6365,19.9052],[-72.6346,19.902],[-72.6336,19.8998],[-72.6308,19.8967],[-72.6284,19.8939],[-72.6267,19.8957],[-72.6241,19.8949],[-72.6222,19.8939],[-72.6191,19.8933],[-72.6146,19.8934],[-72.612,19.8927],[-72.6081,19.8927],[-72.6054,19.8927],[-72.6032,19.8941],[-72.6011,19.8957],[-72.5992,19.8964],[-72.5957,19.8956],[-72.5939,19.8953],[-72.5922,19.8981],[-72.5929,19.8959],[-72.594,19.8943],[-72.5954,19.8933],[-72.5966,19.8921],[-72.5995,19.8913],[-72.6028,19.8909],[-72.6059,19.8908],[-72.6081,19.8916],[-72.6103,19.892],[-72.6121,19.8915],[-72.6141,19.89],[-72.6161,19.8899],[-72.6182,19.8905],[-72.6197,19.8919],[-72.6215,19.8916],[-72.6231,19.8911],[-72.6251,19.8906],[-72.6275,19.8908],[-72.6292,19.8912],[-72.6309,19.8904],[-72.6326,19.8915],[-72.6346,19.8912],[-72.6356,19.8928],[-72.6373,19.8939],[-72.6383,19.895],[-72.6364,19.8952],[-72.6374,19.897],[-72.6384,19.8992],[-72.6389,19.9008],[-72.6387,19.8987],[-72.6379,19.8971],[-72.64,19.8977],[-72.6407,19.8994],[-72.6414,19.9013],[-72.6421,19.8999],[-72.6411,19.8981],[-72.6409,19.8959],[-72.6443,19.8973],[-72.6457,19.8982],[-72.6472,19.8992],[-72.6486,19.8981]]]},"properties":{}},{"type":"Feature","geometry":{"type":"Polygon","coordinates":[[[-72.4994,19.8244],[-72.5011,19.8261],[-72.5029,19.8272],[-72.504,19.8288],[-72.503,19.8299],[-72.5017,19.8307],[-72.5012,19.8324],[-72.4996,19.8334],[-72.4994,19.8244]]]},"properties":{}},{"type":"Feature","geometry":{"type":"Polygon","coordinates":[[[-72.5743,19.6828],[-72.5748,19.6809],[-72.5734,19.6792],[-72.5707,19.6804],[-72.568,19.6793],[-72.5659,19.6795],[-72.5666,19.6828],[-72.5657,19.6843],[-72.5638,19.6852],[-72.5624,19.6866],[-72.5616,19.688],[-72.5597,19.6889],[-72.5591,19.6907],[-72.559,19.6932],[-72.5614,19.6942],[-72.5603,19.6954],[-72.5588,19.6961],[-72.558,19.6945],[-72.5575,19.693],[-72.557,19.6906],[-72.5551,19.6909],[-72.5532,19.6905],[-72.5516,19.6899],[-72.5541,19.6879],[-72.5619,19.6827],[-72.5585,19.6805],[-72.5556,19.6801],[-72.5547,19.677],[-72.5575,19.6742],[-72.5555,19.672],[-72.5577,19.6727],[-72.5588,19.6718],[-72.5576,19.6708],[-72.5559,19.6698],[-72.5527,19.6692],[-72.55,19.6686],[-72.5488,19.6673],[-72.5468,19.6676],[-72.5451,19.6688],[-72.5441,19.6699],[-72.5425,19.6689],[-72.5411,19.6698],[-72.5411,19.672],[-72.5384,19.67],[-72.539,19.6683],[-72.5421,19.6676],[-72.5454,19.6662],[-72.5465,19.6652],[-72.5442,19.6649],[-72.5412,19.6646],[-72.5395,19.663],[-72.5387,19.661],[-72.539,19.6589],[-72.5386,19.6563],[-72.5359,19.6565],[-72.5339,19.6555],[-72.5318,19.6557],[-72.5298,19.6553],[-72.529,19.6516],[-72.5264,19.6473],[-72.5258,19.6457],[-72.525,19.6437],[-72.524,19.6423],[-72.5238,19.6404],[-72.5231,19.6421],[-72.521,19.6415],[-72.5184,19.6416],[-72.5165,19.6421],[-72.5153,19.6437],[-72.5139,19.6447],[-72.5119,19.6451],[-72.5109,19.644],[-72.5095,19.6432],[-72.5089,19.6417],[-72.5076,19.6403],[-72.5048,19.6366],[-72.5039,19.6322],[-72.5017,19.6292],[-72.4973,19.6274],[-72.4946,19.6251],[-72.4908,19.6201],[-72.487,19.6167],[-72.4852,19.6159],[-72.4856,19.6135],[-72.4869,19.6114],[-72.4887,19.6107],[-72.4911,19.61],[-72.4949,19.6155],[-72.4987,19.6211],[-72.5021,19.6235],[-72.5052,19.6248],[-72.5068,19.6253],[-72.5088,19.6255],[-72.5097,19.6274],[-72.5118,19.628],[-72.5105,19.629],[-72.5098,19.6308],[-72.5117,19.6312],[-72.5122,19.6331],[-72.5128,19.6351],[-72.5133,19.6367],[-72.5141,19.6387],[-72.5158,19.6393],[-72.517,19.6407],[-72.5189,19.6406],[-72.5213,19.6408],[-72.5227,19.6402],[-72.5238,19.6386],[-72.5254,19.6381],[-72.5264,19.6407],[-72.5275,19.6423],[-72.5286,19.6436],[-72.5302,19.642],[-72.532,19.6429],[-72.5322,19.6451],[-72.5335,19.6463],[-72.5338,19.6484],[-72.5349,19.6497],[-72.5363,19.6503],[-72.5384,19.6514],[-72.5398,19.6524],[-72.5405,19.654],[-72.5426,19.6553],[-72.5438,19.6567],[-72.5443,19.6583],[-72.543,19.6594],[-72.5454,19.6595],[-72.5474,19.6599],[-72.5485,19.6609],[-72.5506,19.6608],[-72.5507,19.6582],[-72.5502,19.6557],[-72.5508,19.6533],[-72.5528,19.6564],[-72.5557,19.6591],[-72.5568,19.6601],[-72.5572,19.6619],[-72.5585,19.6635],[-72.5601,19.6627],[-72.5607,19.6643],[-72.5617,19.6655],[-72.5636,19.6664],[-72.5643,19.6679],[-72.5663,19.6692],[-72.5676,19.6707],[-72.5704,19.6716],[-72.5716,19.6727],[-72.5736,19.6736],[-72.575,19.6744],[-72.5775,19.6747],[-72.5815,19.6745],[-72.5835,19.6734],[-72.5843,19.672],[-72.5856,19.6704],[-72.587,19.6688],[-72.5876,19.667],[-72.5884,19.6656],[-72.5921,19.6651],[-72.5938,19.6665],[-72.5943,19.6682],[-72.5953,19.6693],[-72.597,19.6708],[-72.5988,19.6703],[-72.6003,19.6695],[-72.6008,19.6678],[-72.6014,19.6658],[-72.6041,19.6657],[-72.6061,19.6675],[-72.6079,19.6698],[-72.6074,19.6714],[-72.6068,19.673],[-72.6082,19.6739],[-72.61,19.6736],[-72.6115,19.6723],[-72.6131,19.6717],[-72.6149,19.671],[-72.614,19.6723],[-72.612,19.6729],[-72.6106,19.675],[-72.6076,19.6746],[-72.6057,19.675],[-72.6015,19.6725],[-72.5968,19.6713],[-72.5926,19.6716],[-72.5901,19.6712],[-72.5873,19.6717],[-72.5855,19.6723],[-72.5846,19.6736],[-72.5831,19.6747],[-72.5806,19.6765],[-72.5799,19.6783],[-72.5791,19.6805],[-72.5786,19.6833],[-72.5772,19.6844],[-72.5753,19.6848],[-72.5743,19.6828]]]},"properties":{}},{"type":"Feature","geometry":{"type":"Polygon","coordinates":[[[-72.424,19.3291],[-72.4221,19.3286],[-72.4211,19.3275],[-72.4197,19.3264],[-72.418,19.3269],[-72.417,19.3259],[-72.4176,19.3238],[-72.4158,19.3234],[-72.4147,19.3221],[-72.4142,19.3206],[-72.4135,19.322],[-72.414,19.3235],[-72.4117,19.3229],[-72.4107,19.3246],[-72.4105,19.3268],[-72.4087,19.3279],[-72.4087,19.3302],[-72.4084,19.332],[-72.4044,19.3322],[-72.403,19.3311],[-72.4013,19.3301],[-72.4005,19.3315],[-72.3984,19.3313],[-72.3973,19.3294],[-72.3982,19.3271],[-72.3979,19.3251],[-72.3967,19.3219],[-72.3976,19.3202],[-72.3982,19.3223],[-72.3993,19.3241],[-72.4001,19.3256],[-72.4012,19.3269],[-72.4023,19.3279],[-72.4047,19.3283],[-72.4063,19.3278],[-72.409,19.3258],[-72.4093,19.3222],[-72.4063,19.3182],[-72.4017,19.315],[-72.398,19.3132],[-72.3975,19.3112],[-72.3984,19.3099],[-72.3998,19.3087],[-72.4042,19.3102],[-72.4061,19.3096],[-72.4079,19.3091],[-72.4096,19.3097],[-72.4104,19.3117],[-72.412,19.3112],[-72.4118,19.3092],[-72.4132,19.31],[-72.4155,19.3101],[-72.4164,19.3118],[-72.4172,19.3135],[-72.4179,19.3148],[-72.419,19.3158],[-72.4195,19.3187],[-72.4203,19.3208],[-72.4214,19.3219],[-72.4227,19.3233],[-72.4238,19.3244],[-72.4252,19.3252],[-72.4259,19.3268],[-72.4269,19.3284],[-72.428,19.3299],[-72.4304,19.3313],[-72.4334,19.332],[-72.4352,19.3324],[-72.4356,19.3307],[-72.4339,19.3289],[-72.4349,19.327],[-72.4369,19.3275],[-72.4379,19.3286],[-72.4384,19.3304],[-72.4398,19.3322],[-72.4409,19.3348],[-72.4422,19.3366],[-72.4438,19.3378],[-72.4459,19.3381],[-72.4483,19.3394],[-72.4498,19.3402],[-72.4512,19.3413],[-72.4516,19.3439],[-72.4515,19.3463],[-72.4505,19.3451],[-72.4493,19.3439],[-72.4472,19.3432],[-72.4452,19.3424],[-72.4456,19.3445],[-72.4464,19.3458],[-72.4468,19.3476],[-72.4485,19.348],[-72.4488,19.3497],[-72.4491,19.3517],[-72.4506,19.3523],[-72.4483,19.3536],[-72.4474,19.3522],[-72.4461,19.351],[-72.4445,19.3505],[-72.4432,19.3498],[-72.4428,19.3478],[-72.4423,19.3463],[-72.4416,19.3432],[-72.4405,19.342],[-72.4398,19.3405],[-72.4381,19.34],[-72.4367,19.3391],[-72.4353,19.3381],[-72.4335,19.3379],[-72.4331,19.3361],[-72.4326,19.3345],[-72.4306,19.3343],[-72.4302,19.3361],[-72.4289,19.3352],[-72.4272,19.3342],[-72.4259,19.3332],[-72.4241,19.3323],[-72.4239,19.3302],[-72.424,19.3291]]]},"properties":{}},{"type":"Feature","geometry":{"type":"Polygon","coordinates":[[[-72.4452,19.3033],[-72.4437,19.3024],[-72.4428,19.3012],[-72.4445,19.2998],[-72.4461,19.2992],[-72.4476,19.2979],[-72.4494,19.2987],[-72.4509,19.2994],[-72.4528,19.2997],[-72.4539,19.301],[-72.4545,19.303],[-72.4555,19.3041],[-72.4561,19.3059],[-72.4579,19.3062],[-72.4601,19.307],[-72.4625,19.3066],[-72.4642,19.3078],[-72.4618,19.3074],[-72.4599,19.3078],[-72.4577,19.3081],[-72.4569,19.3097],[-72.4572,19.3116],[-72.4577,19.3135],[-72.4591,19.3156],[-72.4603,19.3166],[-72.4627,19.3192],[-72.4637,19.3207],[-72.4656,19.3225],[-72.4672,19.3244],[-72.4684,19.3257],[-72.4705,19.3279],[-72.4722,19.3296],[-72.4732,19.3308],[-72.4739,19.3329],[-72.4749,19.3339],[-72.4767,19.3362],[-72.4777,19.3372],[-72.4792,19.3383],[-72.4779,19.3398],[-72.476,19.3409],[-72.4742,19.3417],[-72.4733,19.3406],[-72.4723,19.3393],[-72.4712,19.3377],[-72.4696,19.3355],[-72.4688,19.3342],[-72.4677,19.3332],[-72.4667,19.3317],[-72.465,19.3309],[-72.4647,19.3329],[-72.4654,19.3346],[-72.4661,19.3363],[-72.4668,19.338],[-72.4677,19.3394],[-72.4653,19.3398],[-72.4631,19.3388],[-72.462,19.3375],[-72.4608,19.3365],[-72.4599,19.3353],[-72.4579,19.335],[-72.457,19.3334],[-72.458,19.3312],[-72.4558,19.3308],[-72.454,19.3302],[-72.4531,19.329],[-72.4522,19.3275],[-72.4528,19.3252],[-72.4539,19.3243],[-72.4538,19.3224],[-72.4529,19.3212],[-72.4517,19.3203],[-72.4502,19.3198],[-72.4479,19.3196],[-72.4465,19.3189],[-72.4448,19.3199],[-72.4429,19.3195],[-72.4417,19.3204],[-72.4404,19.3196],[-72.4394,19.3178],[-72.4381,19.3164],[-72.4371,19.3154],[-72.4348,19.3146],[-72.4336,19.3128],[-72.4321,19.3121],[-72.4314,19.3105],[-72.4311,19.3087],[-72.4293,19.3092],[-72.4284,19.3075],[-72.4272,19.3084],[-72.4263,19.3096],[-72.4246,19.3087],[-72.4237,19.3052],[-72.4191,19.3059],[-72.4214,19.2997],[-72.4204,19.2983],[-72.4213,19.2968],[-72.4202,19.2945],[-72.4192,19.2926],[-72.4198,19.2908],[-72.4189,19.2896],[-72.4178,19.2878],[-72.4156,19.2869],[-72.4133,19.2868],[-72.4125,19.2856],[-72.4123,19.2837],[-72.4121,19.2817],[-72.4084,19.282],[-72.4081,19.2799],[-72.4089,19.2769],[-72.4096,19.2733],[-72.41,19.2697],[-72.409,19.2665],[-72.4062,19.2636],[-72.4048,19.2607],[-72.4057,19.2577],[-72.4069,19.2549],[-72.4083,19.254],[-72.4088,19.2523],[-72.4103,19.2517],[-72.4119,19.2529],[-72.4133,19.2538],[-72.4168,19.257],[-72.4192,19.2592],[-72.4208,19.2616],[-72.4222,19.2631],[-72.423,19.2662],[-72.424,19.2696],[-72.4254,19.2717],[-72.428,19.2741],[-72.4312,19.2761],[-72.432,19.2782],[-72.4328,19.2797],[-72.4332,19.2816],[-72.4335,19.2838],[-72.4349,19.2857],[-72.4375,19.2861],[-72.4385,19.2873],[-72.4397,19.2882],[-72.4368,19.2877],[-72.4376,19.289],[-72.4401,19.2903],[-72.4411,19.2921],[-72.4393,19.2927],[-72.4369,19.2923],[-72.4371,19.2951],[-72.4381,19.2985],[-72.4372,19.3008],[-72.4395,19.3015],[-72.4408,19.3032],[-72.4429,19.3038],[-72.4443,19.3046],[-72.4452,19.3033]]]},"properties":{}},{"type":"Feature","geometry":{"type":"Polygon","coordinates":[[[-71.8255,19.181],[-71.8241,19.1821],[-71.8225,19.1811],[-71.8203,19.1809],[-71.8186,19.1806],[-71.8166,19.1802],[-71.8142,19.181],[-71.8132,19.1798],[-71.8109,19.1796],[-71.8061,19.1771],[-71.8034,19.1716],[-71.8013,19.1696],[-71.8,19.1727],[-71.7986,19.1755],[-71.7949,19.1737],[-71.7924,19.1693],[-71.7893,19.1673],[-71.7838,19.1663],[-71.78,19.1653],[-71.7789,19.1633],[-71.7823,19.1612],[-71.7811,19.1598],[-71.7799,19.1584],[-71.7778,19.1589],[-71.7757,19.1591],[-71.7755,19.1609],[-71.7745,19.1594],[-71.7725,19.1591],[-71.7717,19.1564],[-71.7709,19.1551],[-71.7684,19.1556],[-71.7663,19.157],[-71.7637,19.1566],[-71.7624,19.1553],[-71.7605,19.1542],[-71.7581,19.1547],[-71.7567,19.1554],[-71.7556,19.1566],[-71.7538,19.1573],[-71.752,19.1578],[-71.7494,19.1566],[-71.743,19.1537],[-71.7368,19.1524],[-71.7312,19.1481],[-71.7281,19.1443],[-71.7287,19.1371],[-71.7304,19.1302],[-71.7302,19.1238],[-71.7362,19.124],[-71.7389,19.1295],[-71.7396,19.1318],[-71.742,19.1311],[-71.744,19.1307],[-71.7462,19.1308],[-71.7483,19.1297],[-71.7503,19.1304],[-71.7514,19.1313],[-71.7532,19.1316],[-71.7551,19.1326],[-71.7558,19.1348],[-71.7579,19.1361],[-71.7626,19.1375],[-71.7656,19.1397],[-71.7677,19.1394],[-71.7704,19.1394],[-71.7722,19.1412],[-71.7709,19.1442],[-71.7736,19.1443],[-71.7724,19.1428],[-71.7744,19.1436],[-71.7763,19.1442],[-71.7777,19.145],[-71.7791,19.1443],[-71.7784,19.146],[-71.7809,19.1467],[-71.7815,19.1483],[-71.7815,19.1507],[-71.7822,19.1521],[-71.7838,19.1526],[-71.7861,19.1528],[-71.7876,19.1536],[-71.7895,19.1539],[-71.7915,19.1541],[-71.7919,19.1559],[-71.7935,19.1566],[-71.7948,19.1574],[-71.797,19.1574],[-71.7986,19.158],[-71.8099,19.1635],[-71.82,19.1686],[-71.8211,19.1701],[-71.8229,19.1704],[-71.8252,19.1702],[-71.8257,19.1722],[-71.8274,19.1738],[-71.828,19.1752],[-71.829,19.1779],[-71.8315,19.1829],[-71.8283,19.1847],[-71.8272,19.1832],[-71.8255,19.181]]]},"properties":{}},{"type":"Feature","geometry":{"type":"Polygon","coordinates":[[[-72.371,19.3012],[-72.3663,19.2977],[-72.3634,19.2962],[-72.3613,19.2962],[-72.3602,19.2972],[-72.3583,19.2964],[-72.3574,19.2947],[-72.3571,19.2894],[-72.3531,19.2869],[-72.3485,19.2865],[-72.3452,19.2839],[-72.348,19.282],[-72.3525,19.2831],[-72.357,19.2863],[-72.3604,19.2896],[-72.3637,19.293],[-72.3674,19.2944],[-72.3707,19.2953],[-72.3742,19.2972],[-72.3751,19.3009],[-72.3762,19.3027],[-72.3781,19.3031],[-72.3773,19.3056],[-72.3779,19.3076],[-72.3774,19.3093],[-72.3799,19.3097],[-72.3828,19.3119],[-72.3857,19.3129],[-72.3884,19.3134],[-72.3908,19.3147],[-72.3915,19.3171],[-72.3907,19.3191],[-72.3873,19.3182],[-72.386,19.3194],[-72.3864,19.3226],[-72.3874,19.3263],[-72.3867,19.3291],[-72.3848,19.3271],[-72.3811,19.3262],[-72.3797,19.3253],[-72.3786,19.324],[-72.3801,19.3229],[-72.3788,19.3221],[-72.3779,19.3209],[-72.3768,19.3199],[-72.375,19.3201],[-72.3753,19.3183],[-72.3737,19.3173],[-72.3736,19.315],[-72.3752,19.3136],[-72.375,19.3115],[-72.3745,19.3098],[-72.3737,19.3082],[-72.3725,19.3068],[-72.3718,19.3028],[-72.371,19.3012]]]},"properties":{}},{"type":"Feature","geometry":{"type":"Polygon","coordinates":[[[-72.4684,19.3104],[-72.4672,19.3093],[-72.4691,19.3079],[-72.4702,19.3066],[-72.4719,19.3072],[-72.4728,19.3087],[-72.4745,19.3105],[-72.4758,19.3118],[-72.4771,19.313],[-72.4785,19.3143],[-72.4793,19.3163],[-72.4804,19.3175],[-72.4799,19.3191],[-72.4799,19.3213],[-72.4792,19.3228],[-72.4769,19.3216],[-72.4753,19.3222],[-72.4744,19.3201],[-72.4734,19.3191],[-72.4725,19.3178],[-72.472,19.3159],[-72.4708,19.3144],[-72.4701,19.3127],[-72.4693,19.3107],[-72.4684,19.3104]]]},"properties":{}},{"type":"Feature","geometry":{"type":"Polygon","coordinates":[[[-72.4915,19.2911],[-72.4899,19.2902],[-72.4882,19.2892],[-72.487,19.2881],[-72.4857,19.2891],[-72.4848,19.2908],[-72.4829,19.291],[-72.4814,19.2905],[-72.4795,19.2912],[-72.478,19.2905],[-72.4773,19.2889],[-72.4747,19.2881],[-72.4727,19.2879],[-72.4713,19.2872],[-72.4702,19.2858],[-72.4686,19.2854],[-72.4675,19.2843],[-72.4664,19.2824],[-72.464,19.2813],[-72.4633,19.2799],[-72.4622,19.2781],[-72.4602,19.2779],[-72.4601,19.2754],[-72.4603,19.273],[-72.4613,19.2715],[-72.4636,19.2717],[-72.4651,19.271],[-72.467,19.2696],[-72.4676,19.268],[-72.4697,19.2677],[-72.4713,19.2683],[-72.4731,19.2687],[-72.4747,19.2706],[-72.4764,19.2719],[-72.4796,19.2733],[-72.4813,19.2726],[-72.4838,19.2742],[-72.4828,19.2755],[-72.4819,19.2767],[-72.4824,19.2787],[-72.4838,19.2801],[-72.4852,19.2817],[-72.4863,19.2832],[-72.4873,19.2844],[-72.4887,19.2852],[-72.4905,19.2873],[-72.4921,19.2879],[-72.492,19.2901],[-72.4937,19.291],[-72.4919,19.2912],[-72.4915,19.2911]]]},"properties":{}},{"type":"Feature","geometry":{"type":"Polygon","coordinates":[[[-72.3332,19.7523],[-72.3328,19.7498],[-72.3348,19.7488],[-72.3368,19.749],[-72.3383,19.7523],[-72.3411,19.7516],[-72.3423,19.7498],[-72.3433,19.7476],[-72.3414,19.7428],[-72.3397,19.7368],[-72.338,19.7299],[-72.3375,19.7212],[-72.3355,19.7195],[-72.3326,19.7139],[-72.327,19.7109],[-72.323,19.7081],[-72.3208,19.7083],[-72.3194,19.7068],[-72.3144,19.7072],[-72.3126,19.708],[-72.3112,19.7089],[-72.3108,19.7115],[-72.3114,19.7144],[-72.3114,19.7183],[-72.3109,19.7214],[-72.3119,19.7241],[-72.3131,19.7271],[-72.3131,19.7303],[-72.3118,19.7318],[-72.3104,19.7297],[-72.3072,19.7287],[-72.3049,19.7292],[-72.3018,19.7287],[-72.2986,19.7264],[-72.2961,19.7243],[-72.2947,19.7236],[-72.2942,19.7219],[-72.293,19.7207],[-72.292,19.7188],[-72.2898,19.7192],[-72.2891,19.7206],[-72.2867,19.7189],[-72.285,19.717],[-72.2834,19.7148],[-72.2813,19.713],[-72.2801,19.7149],[-72.2782,19.7132],[-72.2761,19.7129],[-72.2729,19.713],[-72.2696,19.7134],[-72.2662,19.7132],[-72.2609,19.7141],[-72.2594,19.7159],[-72.2532,19.7167],[-72.2458,19.7204],[-72.2434,19.7209],[-72.2416,19.7217],[-72.2369,19.7221],[-72.2349,19.7231],[-72.2329,19.7232],[-72.2314,19.7255],[-72.2295,19.7277],[-72.229,19.7295],[-72.2266,19.7305],[-72.2258,19.7327],[-72.2236,19.7333],[-72.2224,19.7344],[-72.2199,19.739],[-72.2153,19.7432],[-72.213,19.7472],[-72.2098,19.7467],[-72.2081,19.7479],[-72.2079,19.7508],[-72.2078,19.7547],[-72.2061,19.7558],[-72.2051,19.7596],[-72.2065,19.7625],[-72.2051,19.764],[-72.2027,19.7638],[-72.2005,19.765],[-72.1988,19.7646],[-72.1963,19.7667],[-72.1951,19.765],[-72.1959,19.7628],[-72.1976,19.759],[-72.2001,19.7563],[-72.2011,19.7546],[-72.2011,19.7524],[-72.2022,19.7506],[-72.2016,19.7478],[-72.2004,19.7459],[-72.1985,19.7443],[-72.1868,19.7391],[-72.1732,19.7396],[-72.1662,19.7436],[-72.1561,19.7439],[-72.1479,19.743],[-72.1444,19.745],[-72.1422,19.7482],[-72.1342,19.7486],[-72.1285,19.743],[-72.1191,19.731],[-72.111,19.7282],[-72.1085,19.7271],[-72.1068,19.7261],[-72.1041,19.7248],[-72.103,19.7239],[-72.1022,19.7221],[-72.1013,19.7194],[-72.0993,19.7181],[-72.0971,19.7181],[-72.0949,19.7171],[-72.0923,19.7149],[-72.0907,19.7138],[-72.0889,19.7114],[-72.088,19.7086],[-72.0904,19.707],[-72.0901,19.7046],[-72.0886,19.7028],[-72.0892,19.6995],[-72.0864,19.6966],[-72.0842,19.6948],[-72.0822,19.6922],[-72.0802,19.692],[-72.0765,19.6909],[-72.0768,19.6934],[-72.0756,19.6945],[-72.0741,19.6955],[-72.0716,19.695],[-72.0728,19.693],[-72.0746,19.6911],[-72.0737,19.6887],[-72.0725,19.6875],[-72.0695,19.6874],[-72.0673,19.6875],[-72.0647,19.6866],[-72.0628,19.686],[-72.0599,19.6851],[-72.0564,19.6841],[-72.0542,19.6848],[-72.0547,19.6864],[-72.0537,19.6877],[-72.0464,19.6877],[-72.0449,19.6905],[-72.0365,19.6943],[-72.021,19.6958],[-72.009,19.6979],[-71.9981,19.6975],[-71.9938,19.6989],[-71.9901,19.7014],[-71.9891,19.7046],[-71.9909,19.7091],[-71.9909,19.7131],[-71.9914,19.7179],[-71.9924,19.7212],[-71.9911,19.7222],[-71.9914,19.724],[-71.9921,19.7266],[-71.9902,19.7292],[-71.9891,19.732],[-71.9872,19.7335],[-71.9828,19.7325],[-71.9804,19.7322],[-71.9791,19.7331],[-71.9768,19.7331],[-71.9751,19.734],[-71.9735,19.7331],[-71.9702,19.7342],[-71.9674,19.7342],[-71.9636,19.7337],[-71.9619,19.7333],[-71.956,19.7303],[-71.9492,19.7275],[-71.9472,19.7282],[-71.9443,19.7289],[-71.9423,19.729],[-71.94,19.7299],[-71.935,19.7288],[-71.9318,19.7279],[-71.9283,19.7266],[-71.9249,19.7272],[-71.9218,19.7266],[-71.919,19.7264],[-71.9162,19.7261],[-71.9115,19.7266],[-71.9083,19.7269],[-71.9039,19.7245],[-71.899,19.7218],[-71.8923,19.7196],[-71.8777,19.7189],[-71.865,19.7151],[-71.8576,19.7167],[-71.851,19.7141],[-71.8466,19.707],[-71.8502,19.6965],[-71.8567,19.692],[-71.8663,19.692],[-71.8755,19.6848],[-71.8837,19.686],[-71.8932,19.6879],[-71.9018,19.6887],[-71.9044,19.6878],[-71.9056,19.6859],[-71.9029,19.681],[-71.899,19.6787],[-71.8955,19.678],[-71.8944,19.6764],[-71.8945,19.6741],[-71.8976,19.6717],[-71.8984,19.6698],[-71.8976,19.6684],[-71.8955,19.6678],[-71.8936,19.67],[-71.8907,19.6705],[-71.8864,19.6663],[-71.886,19.6634],[-71.8816,19.6609],[-71.8783,19.6598],[-71.8738,19.6613],[-71.8652,19.6655],[-71.8513,19.6688],[-71.843,19.6704],[-71.8398,19.6694],[-71.8373,19.6668],[-71.8364,19.6644],[-71.83,19.6586],[-71.828,19.651],[-71.8256,19.6479],[-71.822,19.6478],[-71.8163,19.6503],[-71.8147,19.6565],[-71.8145,19.6636],[-71.8114,19.6686],[-71.8095,19.6731],[-71.8104,19.6779],[-71.8199,19.6836],[-71.8283,19.6873],[-71.8368,19.6899],[-71.841,19.6925],[-71.8401,19.6983],[-71.8411,19.7033],[-71.8412,19.7096],[-71.8382,19.7124],[-71.8268,19.7124],[-71.814,19.7114],[-71.7986,19.7104],[-71.7898,19.7092],[-71.778,19.7085],[-71.772,19.707],[-71.7614,19.7048],[-71.7598,19.7021],[-71.7606,19.6995],[-71.762,19.6979],[-71.7625,19.6949],[-71.7599,19.6957],[-71.7583,19.6937],[-71.7568,19.6925],[-71.7582,19.6907],[-71.7603,19.6905],[-71.7598,19.6889],[-71.7584,19.6873],[-71.7576,19.686],[-71.7561,19.6849],[-71.7572,19.6838],[-71.7557,19.6824],[-71.7583,19.6791],[-71.7579,19.677],[-71.7549,19.6763],[-71.7536,19.6743],[-71.7495,19.6726],[-71.7454,19.667],[-71.7394,19.6661],[-71.735,19.6567],[-71.7336,19.6489],[-71.7322,19.6463],[-71.7401,19.6397],[-71.7458,19.6337],[-71.7458,19.6242],[-71.7432,19.5845],[-71.7198,19.5624],[-71.7152,19.5537],[-71.7116,19.5491],[-71.7128,19.5342],[-71.7103,19.5312],[-71.7074,19.5315],[-71.7051,19.5341],[-71.7031,19.5339],[-71.7022,19.5311],[-71.7035,19.5258],[-71.7023,19.5208],[-71.6999,19.5206],[-71.6995,19.5178],[-71.7002,19.5144],[-71.698,19.5117],[-71.7013,19.5135],[-71.7054,19.5199],[-71.7083,19.5224],[-71.7129,19.5188],[-71.7187,19.5144],[-71.7251,19.517],[-71.729,19.5142],[-71.7363,19.5148],[-71.7406,19.5235],[-71.7493,19.5234],[-71.7563,19.5225],[-71.76,19.5257],[-71.7637,19.5272],[-71.7714,19.526],[-71.775,19.5313],[-71.7784,19.532],[-71.783,19.5206],[-71.7899,19.5186],[-71.7872,19.5335],[-71.7859,19.5426],[-71.7807,19.5471],[-71.7825,19.5557],[-71.7847,19.558],[-71.7883,19.5548],[-71.7893,19.5508],[-71.7906,19.5456],[-71.7947,19.5441],[-71.7986,19.5451],[-71.8041,19.5422],[-71.8029,19.5475],[-71.7991,19.5505],[-71.7974,19.5522],[-71.7963,19.555],[-71.7958,19.5611],[-71.8,19.5586],[-71.8026,19.5561],[-71.8064,19.5526],[-71.8113,19.5555],[-71.8148,19.5571],[-71.8156,19.56],[-71.8112,19.565],[-71.8123,19.5683],[-71.8161,19.568],[-71.819,19.5711],[-71.8172,19.5739],[-71.809,19.5707],[-71.8038,19.5811],[-71.8037,19.5872],[-71.8106,19.5953],[-71.8174,19.5946],[-71.8218,19.5899],[-71.834,19.5784],[-71.8397,19.5698],[-71.8486,19.5642],[-71.8515,19.5675],[-71.8519,19.571],[-71.8607,19.5689],[-71.865,19.5665],[-71.8644,19.5625],[-71.863,19.5619],[-71.8622,19.56],[-71.8605,19.5588],[-71.8619,19.5581],[-71.8632,19.5559],[-71.8652,19.5554],[-71.8672,19.5547],[-71.8691,19.5548],[-71.8723,19.5543],[-71.8743,19.5541],[-71.876,19.5547],[-71.878,19.5566],[-71.8798,19.5572],[-71.8818,19.5548],[-71.8808,19.5525],[-71.881,19.5499],[-71.8814,19.5476],[-71.8829,19.5459],[-71.8838,19.5442],[-71.8894,19.5435],[-71.8908,19.5422],[-71.891,19.5392],[-71.8912,19.5358],[-71.8919,19.534],[-71.8915,19.5318],[-71.89,19.5308],[-71.8886,19.53],[-71.8871,19.5269],[-71.8866,19.5245],[-71.8859,19.5227],[-71.8853,19.5212],[-71.8851,19.5194],[-71.8862,19.5178],[-71.8843,19.5166],[-71.8843,19.5143],[-71.885,19.513],[-71.8842,19.5117],[-71.8864,19.5128],[-71.8883,19.5125],[-71.8884,19.5104],[-71.8863,19.5108],[-71.8853,19.509],[-71.8867,19.5082],[-71.8884,19.5071],[-71.8895,19.5087],[-71.8918,19.5093],[-71.8931,19.5082],[-71.8955,19.5072],[-71.8973,19.5079],[-71.8966,19.5094],[-71.897,19.5111],[-71.8962,19.5137],[-71.8982,19.5132],[-71.899,19.5107],[-71.9012,19.5094],[-71.9019,19.5079],[-71.9036,19.5085],[-71.9041,19.5067],[-71.9048,19.5082],[-71.9041,19.5096],[-71.9031,19.5111],[-71.9054,19.5111],[-71.9063,19.5097],[-71.9079,19.5071],[-71.9081,19.5048],[-71.9105,19.5042],[-71.9121,19.5054],[-71.9098,19.506],[-71.9113,19.5071],[-71.9094,19.5074],[-71.9102,19.5096],[-71.9091,19.5107],[-71.9073,19.513],[-71.9091,19.5138],[-71.9104,19.5124],[-71.9125,19.5113],[-71.9111,19.5127],[-71.9102,19.5142],[-71.9114,19.5155],[-71.9134,19.5141],[-71.9147,19.5129],[-71.9154,19.5104],[-71.9179,19.5086],[-71.9169,19.512],[-71.919,19.512],[-71.9209,19.5119],[-71.9199,19.5131],[-71.9215,19.5138],[-71.9196,19.5136],[-71.9183,19.5144],[-71.9164,19.5145],[-71.915,19.5152],[-71.9159,19.5164],[-71.9185,19.5165],[-71.9201,19.516],[-71.9209,19.5174],[-71.921,19.5197],[-71.9176,19.5198],[-71.9146,19.5187],[-71.9138,19.5203],[-71.9116,19.5202],[-71.9124,19.5219],[-71.9144,19.522],[-71.9171,19.5226],[-71.9193,19.5232],[-71.9178,19.5241],[-71.9193,19.5248],[-71.9208,19.5254],[-71.919,19.5261],[-71.9176,19.527],[-71.9192,19.5282],[-71.921,19.528],[-71.9204,19.5299],[-71.9215,19.5318],[-71.9197,19.5322],[-71.9177,19.5315],[-71.9165,19.5305],[-71.9159,19.5319],[-71.915,19.5301],[-71.9116,19.5265],[-71.9103,19.5275],[-71.9095,19.5296],[-71.9092,19.5277],[-71.9084,19.5263],[-71.9079,19.5247],[-71.9063,19.5252],[-71.9059,19.5235],[-71.9047,19.5224],[-71.9032,19.521],[-71.9035,19.5228],[-71.904,19.5244],[-71.9007,19.5226],[-71.8993,19.5234],[-71.901,19.5242],[-71.9018,19.5256],[-71.9036,19.5261],[-71.9022,19.5269],[-71.8989,19.5273],[-71.9,19.5284],[-71.9025,19.5275],[-71.9038,19.5285],[-71.9045,19.5303],[-71.9021,19.5304],[-71.9039,19.5311],[-71.9049,19.5321],[-71.9028,19.5321],[-71.9049,19.5331],[-71.9038,19.5342],[-71.9058,19.5354],[-71.9048,19.5369],[-71.9023,19.5372],[-71.9038,19.5379],[-71.9045,19.5394],[-71.9059,19.5407],[-71.9059,19.5429],[-71.9069,19.5418],[-71.9087,19.5415],[-71.9095,19.5395],[-71.9104,19.5412],[-71.9124,19.5405],[-71.9119,19.5422],[-71.9121,19.5443],[-71.9097,19.5465],[-71.8948,19.5506],[-71.8916,19.55],[-71.8919,19.5551],[-71.8929,19.5578],[-71.8961,19.5594],[-71.9006,19.5603],[-71.9047,19.5621],[-71.9049,19.564],[-71.9031,19.5631],[-71.9011,19.5634],[-71.9001,19.5622],[-71.8989,19.5633],[-71.8971,19.5626],[-71.896,19.5637],[-71.8949,19.5651],[-71.8952,19.5633],[-71.8939,19.562],[-71.8919,19.5619],[-71.8925,19.5634],[-71.8915,19.5647],[-71.8913,19.5628],[-71.8892,19.5626],[-71.8869,19.5619],[-71.885,19.5609],[-71.8834,19.5605],[-71.8821,19.5597],[-71.8813,19.5613],[-71.8805,19.5596],[-71.8795,19.5608],[-71.8801,19.5626],[-71.8812,19.5643],[-71.8818,19.5667],[-71.8808,19.5679],[-71.8827,19.5684],[-71.8809,19.5702],[-71.8773,19.573],[-71.8758,19.5736],[-71.866,19.5828],[-71.8607,19.5959],[-71.8569,19.6004],[-71.8584,19.6042],[-71.8562,19.6156],[-71.8589,19.6217],[-71.8662,19.631],[-71.8669,19.6368],[-71.8722,19.6427],[-71.874,19.6413],[-71.8768,19.6413],[-71.8795,19.6405],[-71.8809,19.639],[-71.8843,19.6388],[-71.8862,19.6367],[-71.8878,19.634],[-71.8881,19.6316],[-71.8893,19.6287],[-71.8917,19.6256],[-71.8949,19.6253],[-71.8984,19.6261],[-71.9018,19.6258],[-71.9032,19.6246],[-71.9074,19.6238],[-71.9106,19.6234],[-71.9113,19.621],[-71.9122,19.6196],[-71.9133,19.6172],[-71.9147,19.6156],[-71.9164,19.6112],[-71.9179,19.6106],[-71.9202,19.6116],[-71.9226,19.6127],[-71.9258,19.6124],[-71.9299,19.6113],[-71.9324,19.6105],[-71.9345,19.6096],[-71.9364,19.608],[-71.9364,19.6058],[-71.9392,19.6044],[-71.9389,19.5989],[-71.9354,19.5955],[-71.9307,19.5933],[-71.9276,19.5931],[-71.925,19.5931],[-71.9219,19.5928],[-71.9193,19.5914],[-71.9181,19.5891],[-71.918,19.5869],[-71.9188,19.5847],[-71.921,19.5841],[-71.9235,19.5846],[-71.9255,19.5847],[-71.9293,19.5831],[-71.9297,19.581],[-71.9289,19.5771],[-71.9258,19.5754],[-71.9252,19.5735],[-71.9272,19.5733],[-71.9286,19.5724],[-71.9273,19.5705],[-71.9259,19.5685],[-71.927,19.5661],[-71.929,19.5658],[-71.9321,19.5672],[-71.9338,19.5709],[-71.933,19.5738],[-71.9351,19.5753],[-71.9371,19.5773],[-71.9385,19.5784],[-71.9407,19.5823],[-71.9436,19.5837],[-71.9462,19.585],[-71.9484,19.5859],[-71.9496,19.5896],[-71.9505,19.5929],[-71.9523,19.5945],[-71.9529,19.5963],[-71.9548,19.5985],[-71.9571,19.5998],[-71.958,19.6009],[-71.9591,19.6043],[-71.9618,19.6055],[-71.9633,19.6076],[-71.9657,19.6083],[-71.9677,19.6111],[-71.9707,19.6131],[-71.9719,19.6163],[-71.9727,19.6193],[-71.9741,19.621],[-71.9762,19.6254],[-71.9795,19.6286],[-71.9821,19.6324],[-71.9833,19.6354],[-71.9854,19.6415],[-71.9874,19.6445],[-71.9938,19.644],[-71.9987,19.6382],[-72.0016,19.632],[-71.9993,19.6224],[-72.0013,19.6177],[-72.0031,19.6142],[-72.0074,19.6115],[-72.0066,19.6065],[-72.0032,19.604],[-72.001,19.6007],[-71.9982,19.5956],[-71.9976,19.5896],[-71.996,19.5866],[-71.9933,19.5841],[-71.9921,19.5822],[-71.9903,19.5798],[-71.9839,19.5745],[-71.9796,19.5737],[-71.977,19.5738],[-71.9752,19.5728],[-71.9714,19.5708],[-71.9689,19.5701],[-71.9675,19.5691],[-71.9693,19.5673],[-71.9676,19.5656],[-71.9678,19.5621],[-71.9702,19.5614],[-71.9689,19.5602],[-71.9673,19.5595],[-71.9681,19.5575],[-71.9701,19.5579],[-71.9716,19.5586],[-71.9728,19.5575],[-71.9721,19.556],[-71.9715,19.5543],[-71.9714,19.5519],[-71.9699,19.5512],[-71.971,19.5501],[-71.9737,19.5496],[-71.9757,19.5491],[-71.9783,19.5497],[-71.9809,19.5498],[-71.9804,19.552],[-71.9817,19.5543],[-71.9834,19.5554],[-71.9866,19.5557],[-71.9884,19.5569],[-71.9891,19.5583],[-71.9915,19.5604],[-71.9924,19.5617],[-71.994,19.5632],[-71.9956,19.5646],[-71.9981,19.5662],[-72.0006,19.5687],[-72.0023,19.572],[-72.0046,19.5757],[-72.0054,19.5784],[-72.0094,19.5814],[-72.0108,19.5829],[-72.0125,19.581],[-72.014,19.5819],[-72.0163,19.5824],[-72.0178,19.585],[-72.0187,19.5877],[-72.0195,19.5891],[-72.0217,19.5887],[-72.024,19.5874],[-72.0263,19.5892],[-72.0275,19.5916],[-72.0285,19.5929],[-72.0286,19.5954],[-72.0284,19.5973],[-72.0292,19.6019],[-72.0294,19.6055],[-72.0313,19.6086],[-72.034,19.6097],[-72.0366,19.6112],[-72.039,19.6138],[-72.0413,19.615],[-72.045,19.6179],[-72.047,19.6207],[-72.0503,19.6201],[-72.0571,19.6179],[-72.0602,19.6166],[-72.0624,19.6174],[-72.065,19.6183],[-72.068,19.6167],[-72.0712,19.6187],[-72.0721,19.6202],[-72.073,19.6215],[-72.0737,19.6232],[-72.0747,19.626],[-72.074,19.6287],[-72.0731,19.6309],[-72.0716,19.6329],[-72.071,19.6343],[-72.0713,19.6395],[-72.0738,19.6427],[-72.0764,19.6444],[-72.0791,19.6476],[-72.0842,19.6527],[-72.0899,19.6583],[-72.0956,19.6577],[-72.0973,19.6585],[-72.0999,19.6591],[-72.1019,19.6595],[-72.1047,19.659],[-72.1066,19.6566],[-72.1088,19.6558],[-72.1113,19.6555],[-72.1125,19.6544],[-72.1142,19.6553],[-72.1167,19.656],[-72.1184,19.6566],[-72.1208,19.6566],[-72.123,19.6581],[-72.1258,19.6578],[-72.1272,19.6571],[-72.1247,19.6563],[-72.1257,19.6549],[-72.1272,19.6542],[-72.1292,19.6521],[-72.1305,19.6514],[-72.1324,19.6511],[-72.1368,19.6492],[-72.138,19.6473],[-72.1375,19.6457],[-72.1322,19.6423],[-72.1311,19.6404],[-72.1327,19.6388],[-72.1348,19.6368],[-72.1369,19.636],[-72.1375,19.6334],[-72.1377,19.6282],[-72.1357,19.626],[-72.1353,19.6239],[-72.1397,19.623],[-72.1411,19.6213],[-72.1426,19.6193],[-72.1449,19.6176],[-72.1467,19.6166],[-72.1488,19.6162],[-72.153,19.6166],[-72.1554,19.6224],[-72.1603,19.6247],[-72.1624,19.6239],[-72.1655,19.6213],[-72.1665,19.6195],[-72.1651,19.6164],[-72.164,19.6124],[-72.1651,19.609],[-72.1676,19.606],[-72.1696,19.6044],[-72.1729,19.6011],[-72.176,19.5992],[-72.1777,19.5984],[-72.1787,19.597],[-72.1783,19.595],[-72.1753,19.5945],[-72.1721,19.5938],[-72.1703,19.5914],[-72.1687,19.5894],[-72.1687,19.5863],[-72.1673,19.585],[-72.166,19.5842],[-72.1637,19.5822],[-72.1628,19.5811],[-72.1614,19.5791],[-72.1601,19.5775],[-72.1601,19.5754],[-72.1593,19.5729],[-72.1594,19.5699],[-72.161,19.5678],[-72.1612,19.5654],[-72.1613,19.5629],[-72.1613,19.5603],[-72.1611,19.5581],[-72.1597,19.5575],[-72.1566,19.5581],[-72.1517,19.5581],[-72.15,19.5577],[-72.1504,19.5553],[-72.1501,19.5532],[-72.1482,19.5518],[-72.1466,19.5512],[-72.1469,19.5493],[-72.1459,19.5479],[-72.1439,19.5485],[-72.1409,19.5487],[-72.1393,19.5477],[-72.137,19.5478],[-72.1351,19.5486],[-72.1336,19.5468],[-72.1336,19.5447],[-72.1355,19.5427],[-72.136,19.5402],[-72.1355,19.5387],[-72.1354,19.5364],[-72.1347,19.5347],[-72.1347,19.5323],[-72.1347,19.5294],[-72.1352,19.5278],[-72.1353,19.5253],[-72.1352,19.5231],[-72.1352,19.521],[-72.1355,19.5192],[-72.1346,19.5177],[-72.1359,19.5159],[-72.1357,19.5126],[-72.1341,19.511],[-72.1334,19.5087],[-72.1339,19.5067],[-72.1349,19.5079],[-72.1361,19.51],[-72.1377,19.5117],[-72.1393,19.5143],[-72.1398,19.516],[-72.1385,19.5198],[-72.1384,19.5221],[-72.1383,19.5247],[-72.1368,19.5274],[-72.1362,19.5292],[-72.1368,19.5326],[-72.1372,19.5363],[-72.1378,19.5399],[-72.1383,19.5422],[-72.1363,19.5441],[-72.1352,19.5453],[-72.1366,19.5461],[-72.1382,19.5456],[-72.1406,19.5465],[-72.1432,19.5466],[-72.1457,19.5467],[-72.1472,19.5486],[-72.1476,19.5503],[-72.1486,19.5514],[-72.1508,19.5532],[-72.1512,19.5557],[-72.1538,19.557],[-72.1559,19.557],[-72.1594,19.5561],[-72.1614,19.5562],[-72.1612,19.553],[-72.1616,19.5508],[-72.1626,19.5492],[-72.1639,19.5478],[-72.166,19.5481],[-72.1677,19.5494],[-72.1651,19.5491],[-72.1638,19.55],[-72.1639,19.5523],[-72.1641,19.5545],[-72.1636,19.5565],[-72.1621,19.5573],[-72.1624,19.5606],[-72.1622,19.5625],[-72.1625,19.565],[-72.1631,19.5669],[-72.1632,19.5693],[-72.1632,19.5719],[-72.1646,19.5749],[-72.1657,19.577],[-72.1673,19.579],[-72.1701,19.5807],[-72.1719,19.5831],[-72.1738,19.5858],[-72.1742,19.5877],[-72.1757,19.5903],[-72.1772,19.591],[-72.1801,19.5924],[-72.1813,19.5933],[-72.1829,19.594],[-72.184,19.5963],[-72.1831,19.5988],[-72.1817,19.6006],[-72.1792,19.6016],[-72.1748,19.6049],[-72.1726,19.6085],[-72.1724,19.6105],[-72.1717,19.6128],[-72.1704,19.6147],[-72.1707,19.6167],[-72.1707,19.6204],[-72.1738,19.622],[-72.1767,19.6218],[-72.1799,19.6218],[-72.1811,19.6232],[-72.1888,19.6232],[-72.1981,19.6246],[-72.2102,19.6293],[-72.21,19.6351],[-72.201,19.6421],[-72.1991,19.6472],[-72.1992,19.6534],[-72.2029,19.6524],[-72.2036,19.6509],[-72.2053,19.6498],[-72.2065,19.6478],[-72.2085,19.6455],[-72.2104,19.6463],[-72.2127,19.6464],[-72.2145,19.6446],[-72.2162,19.644],[-72.2184,19.6426],[-72.2205,19.6421],[-72.2218,19.6407],[-72.2234,19.639],[-72.2255,19.6389],[-72.2248,19.6411],[-72.2253,19.6431],[-72.2235,19.6453],[-72.2216,19.647],[-72.2216,19.6502],[-72.2218,19.6545],[-72.2242,19.6547],[-72.2258,19.6535],[-72.2278,19.645],[-72.2342,19.6292],[-72.2379,19.6288],[-72.2461,19.6203],[-72.2499,19.619],[-72.2506,19.6161],[-72.252,19.613],[-72.2525,19.611],[-72.2539,19.6092],[-72.2546,19.606],[-72.2548,19.6037],[-72.2556,19.6019],[-72.2551,19.6002],[-72.2559,19.597],[-72.2573,19.5983],[-72.2618,19.597],[-72.264,19.598],[-72.2621,19.6009],[-72.2632,19.6019],[-72.2664,19.602],[-72.2688,19.6018],[-72.2706,19.6016],[-72.2739,19.6019],[-72.2741,19.6037],[-72.2753,19.6048],[-72.2774,19.6073],[-72.2789,19.6066],[-72.2809,19.6068],[-72.2818,19.6081],[-72.2836,19.6085],[-72.2861,19.6094],[-72.2874,19.6109],[-72.289,19.6125],[-72.2904,19.6118],[-72.293,19.6108],[-72.2938,19.6087],[-72.2963,19.608],[-72.298,19.6076],[-72.2998,19.6093],[-72.3009,19.6106],[-72.2998,19.6124],[-72.2986,19.614],[-72.2963,19.6148],[-72.294,19.6147],[-72.2925,19.616],[-72.2904,19.6168],[-72.2903,19.6192],[-72.2912,19.6206],[-72.2921,19.6219],[-72.2899,19.6227],[-72.2893,19.6245],[-72.2898,19.627],[-72.2892,19.6306],[-72.2899,19.6325],[-72.291,19.6364],[-72.2916,19.6394],[-72.2928,19.6502],[-72.3019,19.6637],[-72.3029,19.6692],[-72.3057,19.6783],[-72.3072,19.6853],[-72.3117,19.6953],[-72.3173,19.698],[-72.3201,19.6978],[-72.3219,19.6982],[-72.3238,19.6993],[-72.3248,19.7013],[-72.3258,19.7023],[-72.328,19.703],[-72.3296,19.7056],[-72.3326,19.7071],[-72.3357,19.7083],[-72.3433,19.7158],[-72.3441,19.7214],[-72.3449,19.7252],[-72.3454,19.7271],[-72.346,19.7286],[-72.3469,19.7299],[-72.3469,19.7325],[-72.3478,19.735],[-72.3483,19.7368],[-72.3496,19.7387],[-72.3506,19.7412],[-72.3498,19.7426],[-72.3482,19.7472],[-72.3495,19.753],[-72.3492,19.7589],[-72.3481,19.7618],[-72.347,19.7632],[-72.3465,19.7653],[-72.3469,19.7681],[-72.3482,19.77],[-72.3518,19.7718],[-72.3503,19.7761],[-72.3498,19.778],[-72.3482,19.7772],[-72.3432,19.7751],[-72.3419,19.7735],[-72.3388,19.7708],[-72.3382,19.7677],[-72.3368,19.7662],[-72.3365,19.7612],[-72.3356,19.7571],[-72.3332,19.7523]]]},"properties":{}},{"type":"Feature","geometry":{"type":"Polygon","coordinates":[[[-71.9206,19.0527],[-71.9201,19.051],[-71.9191,19.0498],[-71.917,19.0498],[-71.9155,19.0509],[-71.916,19.0488],[-71.9175,19.0483],[-71.9174,19.0462],[-71.9153,19.0463],[-71.9158,19.0481],[-71.9143,19.0476],[-71.9124,19.0478],[-71.911,19.0484],[-71.9106,19.0501],[-71.9115,19.0514],[-71.9101,19.0506],[-71.9086,19.0499],[-71.9074,19.0489],[-71.9048,19.0495],[-71.9048,19.0473],[-71.9059,19.0459],[-71.9045,19.0448],[-71.904,19.0433],[-71.9047,19.042],[-71.9057,19.0404],[-71.9069,19.0414],[-71.9078,19.0402],[-71.9097,19.0401],[-71.9109,19.0391],[-71.9116,19.0377],[-71.9124,19.0397],[-71.9137,19.0387],[-71.9154,19.0383],[-71.9175,19.0387],[-71.9184,19.0401],[-71.9206,19.0401],[-71.9224,19.0393],[-71.923,19.041],[-71.9244,19.0418],[-71.923,19.0424],[-71.9216,19.0415],[-71.9221,19.0431],[-71.9225,19.0451],[-71.9233,19.0465],[-71.9216,19.0462],[-71.9224,19.048],[-71.9236,19.049],[-71.9248,19.0509],[-71.9267,19.0514],[-71.9249,19.0524],[-71.9227,19.0528],[-71.9206,19.0527]]]},"properties":{}},{"type":"Feature","geometry":{"type":"Polygon","coordinates":[[[-72.3853,19.3524],[-72.3867,19.353],[-72.3871,19.355],[-72.3864,19.3566],[-72.3876,19.3574],[-72.3894,19.3579],[-72.3899,19.3595],[-72.3913,19.3613],[-72.3941,19.3618],[-72.3958,19.3627],[-72.3988,19.3625],[-72.4006,19.3629],[-72.4016,19.3642],[-72.4028,19.3654],[-72.404,19.3643],[-72.4059,19.3639],[-72.4077,19.3637],[-72.4067,19.365],[-72.4075,19.3666],[-72.4088,19.3677],[-72.4073,19.3685],[-72.4069,19.3701],[-72.4046,19.3723],[-72.4027,19.3726],[-72.4029,19.3745],[-72.405,19.3745],[-72.4071,19.3748],[-72.4082,19.3763],[-72.4094,19.3776],[-72.4075,19.3771],[-72.4085,19.3783],[-72.407,19.3792],[-72.4079,19.3807],[-72.4085,19.3823],[-72.4087,19.3842],[-72.4059,19.3849],[-72.4048,19.3832],[-72.4029,19.3827],[-72.4017,19.3809],[-72.4007,19.3794],[-72.4,19.3779],[-72.3987,19.3759],[-72.3972,19.3748],[-72.3953,19.3741],[-72.3944,19.3729],[-72.3931,19.372],[-72.3901,19.3717],[-72.3894,19.3702],[-72.3875,19.37],[-72.3884,19.3684],[-72.3879,19.3668],[-72.387,19.3656],[-72.3862,19.3637],[-72.3849,19.3622],[-72.3836,19.3606],[-72.3824,19.3592],[-72.381,19.3582],[-72.3792,19.3577],[-72.3784,19.3561],[-72.3769,19.3571],[-72.3757,19.3561],[-72.3737,19.3566],[-72.372,19.3561],[-72.3703,19.3556],[-72.369,19.3547],[-72.3705,19.354],[-72.3731,19.353],[-72.3745,19.3524],[-72.3764,19.3519],[-72.3767,19.3501],[-72.3778,19.349],[-72.3794,19.3482],[-72.382,19.349],[-72.383,19.3506],[-72.3853,19.3524]]]},"properties":{}},{"type":"Feature","geometry":{"type":"Polygon","coordinates":[[[-72.0753,19.0441],[-72.0764,19.0454],[-72.0779,19.0462],[-72.0758,19.046],[-72.0755,19.0481],[-72.0741,19.0471],[-72.0723,19.0467],[-72.0717,19.0451],[-72.0699,19.0454],[-72.0683,19.0447],[-72.0668,19.0439],[-72.0663,19.0455],[-72.0644,19.0477],[-72.0629,19.0485],[-72.0623,19.0469],[-72.0611,19.0478],[-72.0594,19.0471],[-72.057,19.0466],[-72.0555,19.0451],[-72.0545,19.0438],[-72.0558,19.0422],[-72.0574,19.0417],[-72.0583,19.0404],[-72.0603,19.0403],[-72.0623,19.0401],[-72.0644,19.0398],[-72.0667,19.0396],[-72.0687,19.0394],[-72.0701,19.0402],[-72.0724,19.0397],[-72.0748,19.0393],[-72.0771,19.0398],[-72.0751,19.0406],[-72.0739,19.0419],[-72.075,19.0435],[-72.0753,19.0441]]]},"properties":{}},{"type":"Feature","geometry":{"type":"Polygon","coordinates":[[[-72.2304,19.5663],[-72.2282,19.5655],[-72.2287,19.5637],[-72.2267,19.5635],[-72.225,19.5639],[-72.2247,19.5594],[-72.2254,19.558],[-72.2269,19.557],[-72.2286,19.5565],[-72.2309,19.5567],[-72.2325,19.5559],[-72.234,19.5535],[-72.236,19.5529],[-72.2356,19.5508],[-72.2345,19.5499],[-72.2326,19.5489],[-72.232,19.5474],[-72.2338,19.5467],[-72.2347,19.5452],[-72.2341,19.5438],[-72.2318,19.5448],[-72.2314,19.5432],[-72.2332,19.5419],[-72.2316,19.5413],[-72.2307,19.5399],[-72.2329,19.5392],[-72.2337,19.5377],[-72.2328,19.5364],[-72.234,19.5346],[-72.2352,19.5329],[-72.2372,19.5323],[-72.2379,19.5307],[-72.2378,19.5283],[-72.2387,19.5262],[-72.2363,19.5245],[-72.2353,19.5225],[-72.2337,19.523],[-72.2318,19.5226],[-72.2298,19.5231],[-72.2281,19.5225],[-72.23,19.5216],[-72.2315,19.5206],[-72.2318,19.5184],[-72.2305,19.5145],[-72.2301,19.5127],[-72.228,19.5127],[-72.2266,19.512],[-72.2284,19.5114],[-72.2274,19.5103],[-72.2261,19.5095],[-72.2252,19.5077],[-72.2245,19.5062],[-72.2245,19.504],[-72.2246,19.502],[-72.2253,19.5004],[-72.2246,19.4983],[-72.2231,19.4976],[-72.2226,19.4959],[-72.2215,19.4943],[-72.2202,19.4935],[-72.2189,19.4924],[-72.2173,19.4918],[-72.2149,19.4922],[-72.2128,19.4923],[-72.211,19.4927],[-72.2094,19.4922],[-72.2089,19.4907],[-72.2075,19.4898],[-72.2058,19.4905],[-72.2049,19.489],[-72.2039,19.4876],[-72.2026,19.4867],[-72.2015,19.4857],[-72.1999,19.4847],[-72.2,19.4818],[-72.1994,19.4802],[-72.1968,19.4809],[-72.1983,19.4786],[-72.1998,19.478],[-72.2007,19.4763],[-72.2012,19.4744],[-72.2011,19.4722],[-72.2003,19.4708],[-72.2,19.469],[-72.2005,19.4675],[-72.2013,19.4661],[-72.2007,19.4645],[-72.2016,19.4628],[-72.2019,19.4605],[-72.2023,19.4582],[-72.2018,19.4563],[-72.1994,19.4548],[-72.1963,19.4526],[-72.1951,19.4503],[-72.1933,19.4487],[-72.1921,19.4466],[-72.191,19.4435],[-72.1892,19.4421],[-72.1884,19.4404],[-72.1871,19.4386],[-72.1865,19.4345],[-72.1849,19.4317],[-72.1841,19.43],[-72.1813,19.4265],[-72.178,19.4243],[-72.1764,19.4233],[-72.1747,19.4248],[-72.1736,19.4236],[-72.1707,19.4224],[-72.1714,19.42],[-72.1699,19.4177],[-72.1684,19.4157],[-72.167,19.4137],[-72.165,19.4131],[-72.1623,19.4137],[-72.1596,19.4131],[-72.1578,19.4119],[-72.1572,19.4089],[-72.1566,19.4069],[-72.1546,19.4065],[-72.1541,19.4047],[-72.1526,19.4037],[-72.1521,19.4018],[-72.1505,19.4007],[-72.1484,19.399],[-72.1468,19.3982],[-72.1432,19.394],[-72.1389,19.3886],[-72.1363,19.3854],[-72.1331,19.3853],[-72.1313,19.3857],[-72.1291,19.3859],[-72.1263,19.3838],[-72.1255,19.3816],[-72.1238,19.38],[-72.1254,19.3793],[-72.1261,19.3777],[-72.1258,19.3758],[-72.1263,19.3741],[-72.1262,19.3718],[-72.1251,19.3706],[-72.1244,19.3691],[-72.1228,19.3686],[-72.1219,19.3662],[-72.122,19.3643],[-72.1198,19.3638],[-72.1183,19.3631],[-72.1191,19.3615],[-72.121,19.3612],[-72.1225,19.36],[-72.1234,19.3585],[-72.1255,19.3565],[-72.1265,19.3506],[-72.1254,19.3465],[-72.1234,19.3412],[-72.1219,19.3399],[-72.1192,19.3392],[-72.1163,19.3401],[-72.1142,19.3399],[-72.1123,19.3396],[-72.1105,19.3405],[-72.1083,19.3422],[-72.1065,19.3442],[-72.1009,19.3469],[-72.0953,19.3486],[-72.0902,19.3513],[-72.0874,19.3548],[-72.0828,19.3583],[-72.0786,19.3576],[-72.0763,19.358],[-72.074,19.357],[-72.0716,19.3565],[-72.0678,19.3548],[-72.066,19.3537],[-72.0653,19.3522],[-72.0645,19.3508],[-72.0629,19.3498],[-72.0613,19.3483],[-72.06,19.3474],[-72.0588,19.3465],[-72.0575,19.3475],[-72.0552,19.3471],[-72.0532,19.3467],[-72.0525,19.3453],[-72.0513,19.3439],[-72.049,19.3441],[-72.0497,19.3427],[-72.0524,19.3422],[-72.0537,19.3413],[-72.056,19.3415],[-72.0581,19.3409],[-72.0605,19.341],[-72.0618,19.3396],[-72.0593,19.3387],[-72.0587,19.337],[-72.0588,19.3349],[-72.0565,19.3318],[-72.0533,19.3315],[-72.05,19.3321],[-72.0465,19.3324],[-72.0449,19.3333],[-72.0461,19.3343],[-72.0464,19.3373],[-72.0455,19.3388],[-72.044,19.3393],[-72.0418,19.3385],[-72.0402,19.3371],[-72.0385,19.3364],[-72.0371,19.3358],[-72.0359,19.3346],[-72.0342,19.3337],[-72.0337,19.3321],[-72.0319,19.3333],[-72.0304,19.3361],[-72.0303,19.3389],[-72.0295,19.3408],[-72.0277,19.3429],[-72.027,19.3446],[-72.0253,19.3456],[-72.0254,19.3434],[-72.0262,19.3412],[-72.0251,19.3398],[-72.0239,19.3412],[-72.0215,19.3418],[-72.0204,19.3436],[-72.0201,19.3418],[-72.0184,19.3429],[-72.0191,19.3409],[-72.0192,19.339],[-72.0168,19.3388],[-72.0183,19.3376],[-72.0156,19.3364],[-72.015,19.3347],[-72.0166,19.3335],[-72.0154,19.3325],[-72.0136,19.3321],[-72.015,19.331],[-72.0131,19.3303],[-72.011,19.3309],[-72.0101,19.3322],[-72.0096,19.3303],[-72.0079,19.3293],[-72.0074,19.3277],[-72.0056,19.3268],[-72.004,19.3261],[-72.0015,19.3269],[-71.9994,19.3263],[-71.9976,19.3278],[-71.9959,19.3288],[-71.9948,19.3303],[-71.9941,19.3318],[-71.9927,19.3329],[-71.9933,19.3303],[-71.9928,19.3286],[-71.9959,19.3271],[-71.9971,19.326],[-71.999,19.3253],[-72.002,19.324],[-72.0032,19.3231],[-72.0049,19.3246],[-72.0063,19.3253],[-72.0081,19.3262],[-72.0095,19.3273],[-72.0111,19.3284],[-72.0136,19.329],[-72.0154,19.3297],[-72.0177,19.3306],[-72.0198,19.332],[-72.0214,19.3327],[-72.0244,19.3325],[-72.0236,19.331],[-72.0252,19.3319],[-72.0272,19.3323],[-72.0285,19.3307],[-72.0279,19.329],[-72.03,19.3287],[-72.032,19.3288],[-72.0334,19.3296],[-72.0349,19.3305],[-72.0376,19.3308],[-72.0395,19.3303],[-72.0414,19.3299],[-72.0433,19.3301],[-72.0454,19.3302],[-72.0484,19.3294],[-72.0503,19.3288],[-72.0523,19.3285],[-72.0551,19.3291],[-72.057,19.3298],[-72.0594,19.3299],[-72.0613,19.3308],[-72.0638,19.332],[-72.0671,19.3319],[-72.0687,19.3312],[-72.0711,19.3319],[-72.0748,19.3312],[-72.0765,19.3319],[-72.0782,19.333],[-72.0809,19.3336],[-72.0835,19.3334],[-72.0868,19.3325],[-72.0886,19.332],[-72.0907,19.3322],[-72.0922,19.3317],[-72.0938,19.3299],[-72.0959,19.3293],[-72.0996,19.3308],[-72.1015,19.3328],[-72.1043,19.3335],[-72.107,19.3357],[-72.1063,19.3341],[-72.1077,19.3334],[-72.1091,19.3326],[-72.1113,19.3335],[-72.1102,19.3347],[-72.1124,19.3349],[-72.113,19.3331],[-72.1122,19.3313],[-72.1133,19.33],[-72.1166,19.3303],[-72.1201,19.3277],[-72.1211,19.3246],[-72.1209,19.3209],[-72.1139,19.3143],[-72.1148,19.3108],[-72.1187,19.311],[-72.1227,19.3131],[-72.1356,19.3045],[-72.1475,19.3007],[-72.149,19.2996],[-72.1479,19.2969],[-72.15,19.2988],[-72.1515,19.298],[-72.1524,19.2966],[-72.1505,19.2954],[-72.1522,19.2947],[-72.1537,19.2963],[-72.155,19.2954],[-72.1566,19.2947],[-72.1557,19.2932],[-72.1574,19.2935],[-72.1586,19.2943],[-72.1593,19.2926],[-72.1585,19.2908],[-72.1606,19.2924],[-72.1626,19.2907],[-72.1638,19.2892],[-72.1643,19.2875],[-72.1643,19.2903],[-72.1657,19.2915],[-72.1678,19.2904],[-72.1669,19.2919],[-72.1653,19.2924],[-72.1632,19.2926],[-72.1657,19.294],[-72.1646,19.2953],[-72.1632,19.2968],[-72.1663,19.2964],[-72.1683,19.2962],[-72.1676,19.2978],[-72.1677,19.2997],[-72.1699,19.2996],[-72.1712,19.2981],[-72.1728,19.297],[-72.1723,19.2989],[-72.1716,19.3019],[-72.1726,19.3032],[-72.1741,19.3025],[-72.1736,19.3044],[-72.1741,19.3066],[-72.1762,19.3064],[-72.1782,19.3071],[-72.1797,19.3077],[-72.182,19.3069],[-72.1835,19.3035],[-72.184,19.3051],[-72.1829,19.3066],[-72.1809,19.309],[-72.183,19.311],[-72.186,19.3103],[-72.187,19.3117],[-72.1856,19.3126],[-72.1866,19.3145],[-72.1899,19.3145],[-72.1927,19.3139],[-72.1938,19.3119],[-72.1938,19.314],[-72.1959,19.3147],[-72.1976,19.3139],[-72.1995,19.3132],[-72.2012,19.3125],[-72.2017,19.3103],[-72.2024,19.308],[-72.2024,19.3044],[-72.2041,19.3055],[-72.206,19.3054],[-72.207,19.3042],[-72.2085,19.3061],[-72.2103,19.3071],[-72.2108,19.3051],[-72.2127,19.3049],[-72.2139,19.304],[-72.2149,19.303],[-72.2143,19.3051],[-72.216,19.3069],[-72.2181,19.3054],[-72.2201,19.3046],[-72.2182,19.3069],[-72.2189,19.3082],[-72.2205,19.3088],[-72.2217,19.3079],[-72.2226,19.3094],[-72.2242,19.3103],[-72.2259,19.3099],[-72.2256,19.3121],[-72.2237,19.3119],[-72.2257,19.3135],[-72.2366,19.3149],[-72.2406,19.3218],[-72.2416,19.3234],[-72.2435,19.3236],[-72.2459,19.3238],[-72.2462,19.322],[-72.2447,19.3206],[-72.243,19.3151],[-72.2415,19.3123],[-72.2417,19.3103],[-72.2454,19.307],[-72.2456,19.305],[-72.2442,19.3034],[-72.2437,19.3017],[-72.2407,19.3018],[-72.2424,19.3001],[-72.2413,19.2988],[-72.2408,19.2972],[-72.2391,19.2982],[-72.2371,19.2988],[-72.2378,19.2973],[-72.2391,19.2965],[-72.2377,19.2955],[-72.2358,19.2959],[-72.2378,19.2949],[-72.2373,19.2927],[-72.236,19.2914],[-72.2342,19.2912],[-72.2329,19.2899],[-72.2312,19.288],[-72.23,19.2891],[-72.2305,19.2907],[-72.2316,19.2954],[-72.2306,19.2944],[-72.2292,19.2937],[-72.2294,19.2918],[-72.2287,19.2899],[-72.2272,19.2878],[-72.2264,19.2865],[-72.2262,19.2886],[-72.2256,19.2901],[-72.2245,19.2911],[-72.2238,19.2887],[-72.2215,19.2875],[-72.2203,19.289],[-72.2225,19.2858],[-72.2232,19.2843],[-72.224,19.2827],[-72.2267,19.2831],[-72.2275,19.2843],[-72.2293,19.2849],[-72.2302,19.2832],[-72.2318,19.2841],[-72.2333,19.2854],[-72.2348,19.2869],[-72.2364,19.2875],[-72.2383,19.2883],[-72.239,19.2902],[-72.2398,19.2915],[-72.2412,19.2932],[-72.2429,19.2946],[-72.2443,19.2939],[-72.244,19.2957],[-72.2448,19.2974],[-72.2465,19.299],[-72.2474,19.3002],[-72.2538,19.3021],[-72.2559,19.3042],[-72.2567,19.3064],[-72.2605,19.3088],[-72.2688,19.3127],[-72.2694,19.3111],[-72.2706,19.3094],[-72.2722,19.3088],[-72.2733,19.3098],[-72.2738,19.3082],[-72.2731,19.3068],[-72.2702,19.3051],[-72.2716,19.3033],[-72.2746,19.302],[-72.2764,19.3008],[-72.2784,19.3011],[-72.2792,19.3029],[-72.2788,19.3064],[-72.2792,19.3089],[-72.2786,19.3107],[-72.2807,19.3068],[-72.2823,19.3055],[-72.2831,19.3036],[-72.2821,19.3025],[-72.2831,19.3009],[-72.2852,19.2997],[-72.2875,19.2989],[-72.2883,19.2976],[-72.2865,19.2973],[-72.286,19.2955],[-72.2864,19.2938],[-72.2846,19.2953],[-72.2847,19.2931],[-72.2827,19.2926],[-72.283,19.2904],[-72.2812,19.2894],[-72.2796,19.2879],[-72.2785,19.2858],[-72.2771,19.2844],[-72.2753,19.2841],[-72.2747,19.2818],[-72.2732,19.2804],[-72.2725,19.2781],[-72.272,19.2762],[-72.2728,19.2739],[-72.2726,19.27],[-72.2709,19.2705],[-72.2704,19.2685],[-72.27,19.2664],[-72.2709,19.265],[-72.2722,19.2643],[-72.2719,19.2625],[-72.2715,19.2606],[-72.2707,19.262],[-72.27,19.2603],[-72.2711,19.2592],[-72.2729,19.2588],[-72.2744,19.2577],[-72.2748,19.2553],[-72.2774,19.2552],[-72.2788,19.2559],[-72.2797,19.2571],[-72.2817,19.2563],[-72.2834,19.2557],[-72.2832,19.2578],[-72.2838,19.2593],[-72.2853,19.2599],[-72.2864,19.2588],[-72.2875,19.2566],[-72.2872,19.259],[-72.2879,19.2608],[-72.2892,19.2598],[-72.2903,19.2589],[-72.29,19.2568],[-72.291,19.258],[-72.2933,19.2571],[-72.2925,19.2585],[-72.2909,19.2596],[-72.2934,19.2596],[-72.2957,19.2593],[-72.2942,19.2603],[-72.2923,19.2604],[-72.2906,19.2609],[-72.2892,19.2623],[-72.2909,19.2632],[-72.292,19.2651],[-72.2933,19.2642],[-72.2952,19.2638],[-72.2972,19.2633],[-72.2995,19.2631],[-72.2984,19.2646],[-72.2968,19.2656],[-72.2953,19.2651],[-72.2952,19.2674],[-72.2969,19.2667],[-72.2983,19.2692],[-72.2999,19.2687],[-72.3019,19.2685],[-72.3031,19.2696],[-72.3011,19.2694],[-72.3005,19.2709],[-72.3024,19.2706],[-72.3042,19.2711],[-72.3046,19.2734],[-72.3062,19.2738],[-72.3076,19.273],[-72.3086,19.2741],[-72.3068,19.2746],[-72.304,19.2746],[-72.3052,19.2761],[-72.3072,19.2773],[-72.3088,19.278],[-72.311,19.2778],[-72.313,19.2785],[-72.3139,19.2773],[-72.316,19.2774],[-72.3166,19.2758],[-72.3168,19.274],[-72.3177,19.2753],[-72.3183,19.2738],[-72.3194,19.2747],[-72.3202,19.2726],[-72.3216,19.2719],[-72.321,19.2705],[-72.3225,19.2719],[-72.3243,19.273],[-72.326,19.2741],[-72.3241,19.2752],[-72.3228,19.276],[-72.3217,19.2771],[-72.3209,19.2787],[-72.3222,19.2797],[-72.3236,19.2807],[-72.3247,19.2819],[-72.3264,19.2823],[-72.3258,19.2846],[-72.3231,19.284],[-72.32,19.2837],[-72.3178,19.2836],[-72.3158,19.2848],[-72.314,19.2858],[-72.3115,19.2854],[-72.31,19.2843],[-72.3093,19.2829],[-72.3084,19.2817],[-72.3074,19.2831],[-72.3056,19.2826],[-72.307,19.2796],[-72.3055,19.2781],[-72.3035,19.2785],[-72.3024,19.277],[-72.3027,19.275],[-72.3018,19.2734],[-72.3004,19.2741],[-72.2987,19.2736],[-72.2984,19.2716],[-72.2971,19.2723],[-72.297,19.2703],[-72.2952,19.2694],[-72.2933,19.2698],[-72.2907,19.2694],[-72.2892,19.2684],[-72.2891,19.2663],[-72.2881,19.2649],[-72.2859,19.2669],[-72.2846,19.2648],[-72.2833,19.263],[-72.2824,19.2649],[-72.2809,19.2632],[-72.2792,19.2616],[-72.2794,19.2597],[-72.2778,19.2586],[-72.2766,19.2573],[-72.2761,19.259],[-72.2756,19.261],[-72.2746,19.2624],[-72.2751,19.2653],[-72.2758,19.2667],[-72.2791,19.2699],[-72.2809,19.272],[-72.282,19.2755],[-72.2827,19.2777],[-72.283,19.2802],[-72.2837,19.2831],[-72.2851,19.2859],[-72.288,19.2889],[-72.2916,19.2907],[-72.296,19.2934],[-72.3004,19.2982],[-72.3079,19.3043],[-72.3128,19.3125],[-72.3165,19.3169],[-72.3238,19.319],[-72.3284,19.3218],[-72.3305,19.3239],[-72.3315,19.3258],[-72.3336,19.3263],[-72.3345,19.3281],[-72.3369,19.3277],[-72.3361,19.3294],[-72.3367,19.3311],[-72.3383,19.3327],[-72.3398,19.3346],[-72.3388,19.3363],[-72.3412,19.3371],[-72.3424,19.3401],[-72.3444,19.3427],[-72.3449,19.3446],[-72.3459,19.346],[-72.3466,19.349],[-72.348,19.3496],[-72.3499,19.3511],[-72.3522,19.3525],[-72.3493,19.3536],[-72.3484,19.3551],[-72.3468,19.3542],[-72.3457,19.3533],[-72.3444,19.3541],[-72.3431,19.3549],[-72.3419,19.3529],[-72.3405,19.3537],[-72.3381,19.3518],[-72.3367,19.3511],[-72.3357,19.3523],[-72.3339,19.3518],[-72.3345,19.3538],[-72.3364,19.3543],[-72.3374,19.3553],[-72.3367,19.3581],[-72.3379,19.3601],[-72.3383,19.362],[-72.3396,19.3628],[-72.3413,19.3634],[-72.3402,19.3658],[-72.3469,19.3657],[-72.3514,19.3678],[-72.3528,19.3694],[-72.3532,19.3713],[-72.3543,19.3723],[-72.3531,19.374],[-72.3519,19.375],[-72.3506,19.3734],[-72.3488,19.3743],[-72.347,19.374],[-72.3453,19.3746],[-72.3454,19.3765],[-72.3468,19.3775],[-72.3479,19.3787],[-72.3487,19.38],[-72.3507,19.3796],[-72.3524,19.3792],[-72.3548,19.3792],[-72.3566,19.3794],[-72.3549,19.3801],[-72.3528,19.3806],[-72.352,19.3819],[-72.3525,19.3834],[-72.3542,19.3849],[-72.3556,19.3859],[-72.3552,19.3879],[-72.3561,19.3897],[-72.3589,19.3887],[-72.3616,19.389],[-72.3648,19.3899],[-72.369,19.392],[-72.3736,19.3956],[-72.3695,19.3976],[-72.3722,19.3997],[-72.3745,19.4002],[-72.3738,19.4036],[-72.3756,19.4047],[-72.3774,19.405],[-72.3783,19.4063],[-72.3803,19.4065],[-72.3798,19.4082],[-72.3788,19.4092],[-72.3808,19.4097],[-72.3823,19.411],[-72.3839,19.4116],[-72.3826,19.4125],[-72.3814,19.4137],[-72.3814,19.416],[-72.3826,19.417],[-72.3844,19.4177],[-72.3863,19.4182],[-72.387,19.4199],[-72.3883,19.4209],[-72.3896,19.4198],[-72.3913,19.4203],[-72.3887,19.4218],[-72.3881,19.4233],[-72.3891,19.4248],[-72.3903,19.4259],[-72.3883,19.4253],[-72.3868,19.4244],[-72.3849,19.4239],[-72.383,19.4235],[-72.3824,19.4253],[-72.3814,19.4242],[-72.3798,19.423],[-72.3782,19.4222],[-72.3764,19.4243],[-72.3755,19.4278],[-72.3742,19.4287],[-72.374,19.4306],[-72.3735,19.4325],[-72.3728,19.4341],[-72.3717,19.4355],[-72.371,19.4373],[-72.3693,19.4378],[-72.3678,19.4365],[-72.3684,19.4349],[-72.3688,19.4332],[-72.3691,19.4314],[-72.3699,19.4298],[-72.3694,19.428],[-72.3714,19.4274],[-72.372,19.4256],[-72.3731,19.4243],[-72.3746,19.4234],[-72.3759,19.4223],[-72.3769,19.4213],[-72.3761,19.4192],[-72.3749,19.4178],[-72.374,19.4189],[-72.3736,19.4167],[-72.3713,19.4158],[-72.3701,19.4166],[-72.3673,19.4154],[-72.3664,19.4141],[-72.3669,19.4123],[-72.3658,19.4113],[-72.3654,19.4091],[-72.3653,19.407],[-72.3639,19.4062],[-72.3625,19.405],[-72.361,19.4039],[-72.3597,19.4032],[-72.3583,19.4012],[-72.3575,19.399],[-72.3561,19.3982],[-72.3556,19.3999],[-72.3555,19.4019],[-72.3565,19.4034],[-72.357,19.4049],[-72.3576,19.4063],[-72.357,19.4078],[-72.3572,19.4099],[-72.3575,19.4119],[-72.3566,19.4133],[-72.3552,19.4142],[-72.3549,19.4161],[-72.3578,19.4185],[-72.3559,19.4178],[-72.3534,19.4177],[-72.3519,19.4166],[-72.3524,19.4143],[-72.354,19.4148],[-72.3548,19.4133],[-72.3535,19.4123],[-72.3521,19.413],[-72.3513,19.4143],[-72.3508,19.4159],[-72.3496,19.4145],[-72.3479,19.4153],[-72.3483,19.417],[-72.3484,19.4193],[-72.3469,19.4201],[-72.3458,19.4192],[-72.3451,19.4209],[-72.3459,19.4223],[-72.3442,19.4228],[-72.3431,19.4238],[-72.3413,19.4243],[-72.3411,19.4262],[-72.3397,19.4271],[-72.3386,19.4287],[-72.3374,19.4296],[-72.3364,19.431],[-72.3358,19.4325],[-72.335,19.431],[-72.3331,19.4308],[-72.3305,19.4305],[-72.3292,19.4312],[-72.3281,19.4326],[-72.327,19.4315],[-72.3272,19.4296],[-72.3307,19.4286],[-72.332,19.4275],[-72.3332,19.4267],[-72.3355,19.4254],[-72.3381,19.4242],[-72.3405,19.4227],[-72.3413,19.421],[-72.34,19.4202],[-72.3406,19.4177],[-72.3418,19.4167],[-72.3426,19.4154],[-72.3431,19.4139],[-72.3417,19.4133],[-72.3432,19.4124],[-72.3418,19.4116],[-72.3428,19.4103],[-72.3434,19.4089],[-72.3459,19.4087],[-72.3474,19.4075],[-72.3484,19.4061],[-72.3506,19.4055],[-72.3514,19.4042],[-72.3502,19.4027],[-72.3506,19.4009],[-72.3506,19.3987],[-72.3474,19.398],[-72.3451,19.3946],[-72.3462,19.3928],[-72.3457,19.3905],[-72.3423,19.3956],[-72.3368,19.39],[-72.3295,19.3862],[-72.3246,19.3855],[-72.3206,19.3849],[-72.3173,19.3841],[-72.3127,19.3855],[-72.3089,19.3835],[-72.3058,19.3799],[-72.3043,19.378],[-72.3016,19.3781],[-72.2984,19.377],[-72.2924,19.3746],[-72.2923,19.3794],[-72.289,19.3771],[-72.2848,19.3764],[-72.281,19.3754],[-72.2773,19.376],[-72.2709,19.3748],[-72.268,19.3727],[-72.266,19.3695],[-72.2629,19.3715],[-72.2605,19.374],[-72.2558,19.3739],[-72.2539,19.3694],[-72.2509,19.3672],[-72.2501,19.3645],[-72.2519,19.3607],[-72.2475,19.3608],[-72.2448,19.361],[-72.2437,19.3626],[-72.2422,19.3633],[-72.2408,19.3624],[-72.2394,19.36],[-72.2381,19.3585],[-72.2365,19.3563],[-72.2367,19.3583],[-72.2376,19.3597],[-72.2376,19.3633],[-72.2382,19.3672],[-72.2366,19.3687],[-72.2388,19.3731],[-72.2371,19.3769],[-72.2344,19.3785],[-72.2318,19.3792],[-72.2293,19.3783],[-72.2256,19.3784],[-72.2235,19.3787],[-72.2225,19.3798],[-72.2215,19.3815],[-72.2203,19.3842],[-72.2195,19.3859],[-72.2185,19.3872],[-72.2177,19.3885],[-72.2175,19.3908],[-72.2175,19.3928],[-72.2177,19.3949],[-72.2176,19.3979],[-72.2182,19.4001],[-72.219,19.4017],[-72.22,19.4041],[-72.2187,19.4067],[-72.2183,19.4084],[-72.2178,19.4099],[-72.2187,19.4114],[-72.2177,19.4129],[-72.2166,19.4143],[-72.2145,19.4151],[-72.2127,19.416],[-72.2108,19.4181],[-72.2087,19.4191],[-72.2082,19.4215],[-72.2084,19.4235],[-72.2065,19.4241],[-72.2059,19.4261],[-72.207,19.4281],[-72.2073,19.4298],[-72.2075,19.4331],[-72.2087,19.4356],[-72.2069,19.4397],[-72.2087,19.4418],[-72.2076,19.4433],[-72.2071,19.4477],[-72.2057,19.4508],[-72.2046,19.4538],[-72.2041,19.4579],[-72.2036,19.4595],[-72.2031,19.4616],[-72.2028,19.4633],[-72.2035,19.4647],[-72.2043,19.4664],[-72.204,19.4694],[-72.2045,19.4718],[-72.2034,19.4734],[-72.2044,19.4748],[-72.2061,19.4742],[-72.2089,19.4755],[-72.2085,19.4773],[-72.2089,19.4795],[-72.209,19.4817],[-72.2096,19.4832],[-72.2097,19.4856],[-72.2102,19.4875],[-72.2113,19.4893],[-72.2128,19.4902],[-72.2156,19.4895],[-72.2174,19.4889],[-72.2191,19.4882],[-72.2209,19.4884],[-72.2221,19.4894],[-72.2228,19.4909],[-72.2245,19.4914],[-72.2255,19.4931],[-72.2268,19.4948],[-72.2278,19.4958],[-72.2276,19.4981],[-72.2297,19.4981],[-72.2314,19.4986],[-72.2328,19.4995],[-72.235,19.5],[-72.2362,19.5009],[-72.2368,19.5023],[-72.2382,19.5029],[-72.2371,19.5041],[-72.2389,19.5044],[-72.2394,19.5062],[-72.2401,19.5076],[-72.2374,19.5077],[-72.2369,19.5098],[-72.2371,19.5121],[-72.2376,19.5138],[-72.2389,19.5147],[-72.2406,19.5141],[-72.2426,19.5143],[-72.2441,19.5158],[-72.2454,19.5168],[-72.2442,19.5182],[-72.2446,19.5201],[-72.2461,19.5191],[-72.2471,19.5202],[-72.249,19.5196],[-72.2501,19.5186],[-72.2519,19.5179],[-72.2514,19.5163],[-72.2502,19.5154],[-72.2499,19.513],[-72.2501,19.5108],[-72.2525,19.5102],[-72.2513,19.5089],[-72.2527,19.5077],[-72.2515,19.5062],[-72.2509,19.5043],[-72.2502,19.5028],[-72.252,19.5019],[-72.2531,19.5009],[-72.2543,19.4998],[-72.2563,19.498],[-72.2573,19.4994],[-72.2584,19.4979],[-72.2602,19.4994],[-72.259,19.5006],[-72.2572,19.5014],[-72.2574,19.5033],[-72.2587,19.5046],[-72.26,19.5057],[-72.2622,19.5062],[-72.2623,19.5082],[-72.2612,19.5092],[-72.2581,19.5082],[-72.2563,19.5092],[-72.2579,19.5101],[-72.2585,19.5119],[-72.2599,19.5112],[-72.2614,19.5128],[-72.2606,19.5147],[-72.2616,19.5159],[-72.2598,19.5164],[-72.2571,19.5173],[-72.2552,19.5188],[-72.2558,19.5205],[-72.2541,19.5201],[-72.2523,19.5205],[-72.2506,19.5216],[-72.2498,19.5231],[-72.2483,19.5241],[-72.247,19.5254],[-72.2462,19.5278],[-72.2462,19.53],[-72.2451,19.5318],[-72.243,19.5316],[-72.2421,19.5332],[-72.243,19.5364],[-72.2428,19.5385],[-72.2429,19.5415],[-72.2436,19.5433],[-72.2442,19.5447],[-72.2467,19.5453],[-72.2478,19.5464],[-72.2455,19.5459],[-72.2431,19.5451],[-72.2418,19.546],[-72.2407,19.5474],[-72.2411,19.5494],[-72.2413,19.5523],[-72.2405,19.5554],[-72.2396,19.5573],[-72.2387,19.5585],[-72.2379,19.5598],[-72.2368,19.5609],[-72.2354,19.5626],[-72.2343,19.5613],[-72.2325,19.5617],[-72.2329,19.5638],[-72.2309,19.5644],[-72.2304,19.5663]]]},"properties":{}},{"type":"Feature","geometry":{"type":"Polygon","coordinates":[[[-72.1103,19.1824],[-72.1079,19.1826],[-72.1066,19.1837],[-72.1062,19.1854],[-72.1066,19.1871],[-72.1049,19.1865],[-72.1031,19.1893],[-72.1033,19.1865],[-72.1016,19.1843],[-72.101,19.1824],[-72.1001,19.1812],[-72.0983,19.182],[-72.0986,19.1796],[-72.0971,19.1791],[-72.0956,19.1783],[-72.0954,19.1801],[-72.094,19.1792],[-72.092,19.1802],[-72.0894,19.1816],[-72.0871,19.1813],[-72.0867,19.1791],[-72.0863,19.1809],[-72.0846,19.1797],[-72.086,19.1787],[-72.0854,19.1769],[-72.0867,19.175],[-72.0837,19.1745],[-72.082,19.174],[-72.0805,19.1734],[-72.0787,19.1737],[-72.0778,19.1721],[-72.0765,19.1713],[-72.0785,19.1756],[-72.0787,19.1782],[-72.0755,19.1783],[-72.0728,19.1792],[-72.0716,19.1813],[-72.0741,19.1831],[-72.0763,19.1839],[-72.0759,19.1866],[-72.0745,19.189],[-72.076,19.1901],[-72.0759,19.1933],[-72.0763,19.1953],[-72.0739,19.198],[-72.0719,19.1976],[-72.0702,19.1982],[-72.0687,19.1973],[-72.0693,19.1956],[-72.0682,19.1946],[-72.0677,19.1931],[-72.0665,19.192],[-72.0686,19.1909],[-72.0698,19.1891],[-72.0708,19.1881],[-72.0696,19.1873],[-72.0682,19.1865],[-72.0666,19.186],[-72.065,19.1854],[-72.0652,19.1833],[-72.0645,19.1816],[-72.0645,19.1792],[-72.0634,19.1782],[-72.0644,19.1764],[-72.0655,19.1754],[-72.0647,19.1735],[-72.0632,19.1721],[-72.0617,19.1709],[-72.0607,19.1694],[-72.0607,19.1671],[-72.0598,19.1657],[-72.0601,19.1639],[-72.0593,19.1622],[-72.0578,19.1611],[-72.0557,19.1636],[-72.0531,19.1627],[-72.0499,19.1622],[-72.0478,19.1646],[-72.0444,19.1662],[-72.043,19.1669],[-72.0405,19.1666],[-72.0392,19.1673],[-72.0382,19.1656],[-72.0378,19.1638],[-72.0373,19.1616],[-72.034,19.1613],[-72.0305,19.1611],[-72.0288,19.1625],[-72.0258,19.1646],[-72.0254,19.1671],[-72.0224,19.1691],[-72.0212,19.1705],[-72.0177,19.1704],[-72.0171,19.1673],[-72.0181,19.1651],[-72.02,19.1633],[-72.0219,19.1602],[-72.0234,19.1582],[-72.0224,19.1571],[-72.0193,19.157],[-72.0175,19.1557],[-72.0168,19.1523],[-72.014,19.1527],[-72.0122,19.1541],[-72.0101,19.154],[-72.0099,19.1567],[-72.0094,19.1547],[-72.0091,19.1529],[-72.0086,19.1514],[-72.0071,19.1501],[-72.0058,19.1489],[-72.0028,19.1503],[-71.9999,19.1527],[-71.9989,19.1544],[-71.9976,19.1557],[-71.9964,19.1567],[-71.9956,19.1608],[-71.9962,19.1659],[-71.9969,19.1691],[-71.9957,19.1712],[-71.9927,19.172],[-71.9893,19.1683],[-71.987,19.1624],[-71.9859,19.1569],[-71.9854,19.1522],[-71.9872,19.1492],[-71.9909,19.1466],[-71.9924,19.1459],[-71.9931,19.143],[-71.9931,19.1393],[-71.9932,19.1368],[-71.991,19.1356],[-71.9879,19.1348],[-71.9863,19.1354],[-71.9824,19.135],[-71.9813,19.1339],[-71.9795,19.1347],[-71.9784,19.1362],[-71.9771,19.1351],[-71.9744,19.1355],[-71.9726,19.1348],[-71.9697,19.1319],[-71.9672,19.1315],[-71.9606,19.1329],[-71.9545,19.1324],[-71.9524,19.1327],[-71.9508,19.1314],[-71.9498,19.1304],[-71.9483,19.131],[-71.9475,19.1329],[-71.9462,19.1338],[-71.9445,19.133],[-71.9432,19.1313],[-71.9427,19.1296],[-71.9427,19.1271],[-71.9392,19.126],[-71.9367,19.1254],[-71.9351,19.1259],[-71.933,19.1256],[-71.9313,19.1259],[-71.9303,19.1276],[-71.928,19.1277],[-71.9268,19.1262],[-71.9248,19.1256],[-71.9256,19.1235],[-71.9258,19.1214],[-71.9252,19.1189],[-71.9248,19.1165],[-71.9233,19.1172],[-71.9222,19.1157],[-71.9233,19.1147],[-71.9227,19.113],[-71.9186,19.1135],[-71.916,19.1113],[-71.9203,19.1077],[-71.9218,19.107],[-71.9229,19.105],[-71.9228,19.103],[-71.9219,19.1018],[-71.9195,19.1016],[-71.9183,19.1007],[-71.9181,19.098],[-71.9167,19.0961],[-71.9165,19.0933],[-71.9155,19.0916],[-71.9138,19.0902],[-71.9129,19.0891],[-71.9133,19.0875],[-71.9126,19.0861],[-71.9123,19.0882],[-71.9118,19.0899],[-71.9102,19.089],[-71.9086,19.0881],[-71.9102,19.0869],[-71.9096,19.0854],[-71.9078,19.0846],[-71.9071,19.0827],[-71.909,19.0809],[-71.9105,19.0792],[-71.9116,19.0782],[-71.9147,19.079],[-71.9198,19.0869],[-71.9219,19.0907],[-71.9209,19.0919],[-71.9219,19.0932],[-71.9219,19.0953],[-71.9226,19.0972],[-71.9247,19.0975],[-71.926,19.0986],[-71.9269,19.1005],[-71.9275,19.1034],[-71.9298,19.103],[-71.9309,19.104],[-71.9301,19.1062],[-71.9313,19.108],[-71.9324,19.1095],[-71.9339,19.1103],[-71.9302,19.113],[-71.9276,19.1128],[-71.9285,19.1157],[-71.9311,19.1165],[-71.9355,19.1156],[-71.9339,19.119],[-71.9375,19.12],[-71.9437,19.1208],[-71.9509,19.1241],[-71.9541,19.1271],[-71.9577,19.1268],[-71.959,19.1253],[-71.9595,19.1233],[-71.9608,19.1224],[-71.9628,19.1207],[-71.9647,19.1214],[-71.9663,19.1209],[-71.9695,19.1216],[-71.9714,19.1226],[-71.9729,19.1245],[-71.9744,19.125],[-71.9752,19.1237],[-71.9771,19.1248],[-71.9804,19.1237],[-71.9821,19.125],[-71.9836,19.124],[-71.9844,19.1221],[-71.985,19.1238],[-71.9876,19.1227],[-71.9901,19.1213],[-71.9914,19.1196],[-71.9986,19.12],[-72.002,19.1252],[-72.004,19.1321],[-72.0069,19.132],[-72.012,19.1316],[-72.0165,19.1301],[-72.0204,19.1285],[-72.0224,19.1291],[-72.024,19.1284],[-72.0258,19.1293],[-72.0271,19.128],[-72.0288,19.1271],[-72.0297,19.1238],[-72.0297,19.1216],[-72.0291,19.12],[-72.0305,19.119],[-72.0322,19.1172],[-72.0336,19.1165],[-72.0345,19.1153],[-72.0363,19.1155],[-72.0369,19.1139],[-72.0377,19.1124],[-72.0388,19.1104],[-72.0403,19.1094],[-72.04,19.1075],[-72.0396,19.1059],[-72.0405,19.1043],[-72.0417,19.1031],[-72.0432,19.1022],[-72.0449,19.1029],[-72.0453,19.1011],[-72.0465,19.1022],[-72.048,19.1017],[-72.0478,19.0982],[-72.0491,19.0969],[-72.0516,19.097],[-72.0511,19.0986],[-72.0529,19.098],[-72.0541,19.0988],[-72.0558,19.098],[-72.0572,19.0972],[-72.0588,19.0968],[-72.0575,19.0961],[-72.0585,19.0944],[-72.0598,19.0937],[-72.061,19.0929],[-72.0635,19.0922],[-72.0644,19.0937],[-72.065,19.0953],[-72.0629,19.0964],[-72.0628,19.0985],[-72.0624,19.1004],[-72.0648,19.1001],[-72.0667,19.1004],[-72.0658,19.102],[-72.0627,19.1016],[-72.0604,19.1024],[-72.0581,19.1038],[-72.0568,19.1028],[-72.0552,19.1046],[-72.0529,19.1041],[-72.0519,19.1058],[-72.0509,19.1068],[-72.0523,19.1081],[-72.0509,19.1074],[-72.0488,19.1066],[-72.0476,19.1075],[-72.0466,19.1088],[-72.0457,19.1105],[-72.0445,19.1114],[-72.0444,19.1133],[-72.0429,19.1143],[-72.0414,19.115],[-72.043,19.1155],[-72.0422,19.1167],[-72.043,19.1181],[-72.0427,19.12],[-72.0439,19.1211],[-72.0455,19.1207],[-72.0466,19.1197],[-72.0467,19.1178],[-72.0485,19.1174],[-72.0479,19.1153],[-72.0506,19.1144],[-72.05,19.116],[-72.049,19.1172],[-72.0499,19.1189],[-72.0515,19.1195],[-72.053,19.1205],[-72.0511,19.1199],[-72.0492,19.12],[-72.0487,19.1218],[-72.0505,19.1231],[-72.0519,19.1237],[-72.0543,19.1231],[-72.0529,19.1242],[-72.051,19.1244],[-72.0491,19.1242],[-72.0474,19.1237],[-72.0461,19.1246],[-72.0448,19.1255],[-72.0463,19.1264],[-72.048,19.1258],[-72.0493,19.1267],[-72.0484,19.1279],[-72.0493,19.1296],[-72.0508,19.1304],[-72.0525,19.1296],[-72.0519,19.1311],[-72.0499,19.1315],[-72.0484,19.1306],[-72.0477,19.1321],[-72.0467,19.1306],[-72.0461,19.1284],[-72.0446,19.1293],[-72.0422,19.1291],[-72.0405,19.1331],[-72.0393,19.1348],[-72.0429,19.1395],[-72.0399,19.1424],[-72.0349,19.1426],[-72.0305,19.1443],[-72.0274,19.1475],[-72.0288,19.15],[-72.0305,19.1523],[-72.0299,19.1558],[-72.0311,19.1567],[-72.0326,19.1559],[-72.0339,19.1547],[-72.0363,19.1538],[-72.0382,19.1532],[-72.0399,19.1528],[-72.0407,19.1542],[-72.0428,19.153],[-72.0448,19.1531],[-72.0491,19.1531],[-72.0515,19.1536],[-72.0545,19.155],[-72.0581,19.1545],[-72.0621,19.1534],[-72.0653,19.1529],[-72.0666,19.1495],[-72.0684,19.1469],[-72.0687,19.1451],[-72.0691,19.1429],[-72.0704,19.142],[-72.0697,19.1403],[-72.0686,19.1393],[-72.0669,19.1383],[-72.0655,19.1376],[-72.0645,19.1357],[-72.0634,19.1344],[-72.062,19.1331],[-72.064,19.1337],[-72.0634,19.132],[-72.0655,19.1333],[-72.0659,19.1353],[-72.0674,19.136],[-72.069,19.1352],[-72.0708,19.1345],[-72.0707,19.1364],[-72.0727,19.1362],[-72.0736,19.1346],[-72.074,19.1326],[-72.0748,19.1302],[-72.076,19.1289],[-72.0769,19.1278],[-72.0775,19.1258],[-72.0783,19.1235],[-72.0794,19.1225],[-72.0787,19.1212],[-72.0777,19.1195],[-72.0798,19.12],[-72.0817,19.1197],[-72.0807,19.1184],[-72.0823,19.1193],[-72.0843,19.118],[-72.0828,19.1197],[-72.0824,19.1219],[-72.085,19.1226],[-72.0859,19.1237],[-72.0875,19.1228],[-72.0888,19.1214],[-72.09,19.1224],[-72.0911,19.1213],[-72.09,19.1231],[-72.0893,19.1247],[-72.0872,19.1251],[-72.0854,19.1257],[-72.087,19.1262],[-72.0884,19.1271],[-72.0902,19.1267],[-72.0896,19.1282],[-72.0868,19.1279],[-72.0854,19.1287],[-72.0849,19.131],[-72.0831,19.1312],[-72.0816,19.1317],[-72.0799,19.1313],[-72.0785,19.1324],[-72.0772,19.1335],[-72.0792,19.1349],[-72.0774,19.1363],[-72.0765,19.1375],[-72.075,19.1366],[-72.0737,19.1377],[-72.0743,19.1398],[-72.0755,19.1388],[-72.075,19.1404],[-72.0736,19.1414],[-72.0742,19.1435],[-72.0764,19.1436],[-72.0781,19.1442],[-72.0805,19.1466],[-72.0803,19.1443],[-72.0815,19.1431],[-72.083,19.1425],[-72.0841,19.1436],[-72.0856,19.1447],[-72.0867,19.1433],[-72.088,19.142],[-72.0888,19.1404],[-72.0904,19.1418],[-72.0896,19.1431],[-72.0886,19.1442],[-72.0899,19.1434],[-72.0914,19.1441],[-72.0916,19.142],[-72.0927,19.1403],[-72.0933,19.1417],[-72.0937,19.1399],[-72.0956,19.1404],[-72.0978,19.1405],[-72.0999,19.1408],[-72.1004,19.1424],[-72.1014,19.14],[-72.1034,19.1392],[-72.104,19.1374],[-72.1049,19.1355],[-72.1072,19.1359],[-72.107,19.1341],[-72.1079,19.1354],[-72.1089,19.1339],[-72.1101,19.1361],[-72.1118,19.1371],[-72.113,19.1381],[-72.1112,19.1383],[-72.1099,19.1392],[-72.1085,19.1382],[-72.1071,19.1392],[-72.1075,19.1412],[-72.1082,19.1426],[-72.1098,19.1412],[-72.1101,19.1432],[-72.1121,19.143],[-72.1108,19.1444],[-72.112,19.1458],[-72.1133,19.1446],[-72.115,19.1439],[-72.1163,19.143],[-72.1181,19.1428],[-72.1195,19.1422],[-72.1209,19.143],[-72.1202,19.1447],[-72.1184,19.1453],[-72.1172,19.1443],[-72.115,19.1447],[-72.1148,19.147],[-72.1134,19.1478],[-72.1144,19.1493],[-72.1125,19.1494],[-72.1112,19.1484],[-72.109,19.1481],[-72.1081,19.1469],[-72.108,19.1449],[-72.1065,19.1443],[-72.1048,19.1437],[-72.1022,19.1438],[-72.101,19.1448],[-72.0991,19.1462],[-72.0964,19.1463],[-72.0955,19.1475],[-72.0972,19.1479],[-72.0996,19.1481],[-72.0987,19.1492],[-72.1003,19.1508],[-72.1027,19.1514],[-72.1006,19.152],[-72.0993,19.1511],[-72.0979,19.1504],[-72.0984,19.152],[-72.096,19.1522],[-72.0952,19.1539],[-72.0933,19.1528],[-72.092,19.152],[-72.0921,19.1543],[-72.0899,19.1537],[-72.0888,19.1525],[-72.0873,19.1533],[-72.0856,19.152],[-72.0846,19.151],[-72.0828,19.1514],[-72.0813,19.1519],[-72.0803,19.1509],[-72.079,19.1501],[-72.0776,19.1508],[-72.0753,19.1508],[-72.0734,19.1503],[-72.072,19.152],[-72.0701,19.1555],[-72.0697,19.1613],[-72.0762,19.159],[-72.0812,19.1602],[-72.082,19.1622],[-72.0804,19.1683],[-72.0853,19.166],[-72.09,19.1679],[-72.091,19.1729],[-72.0957,19.1724],[-72.1018,19.1766],[-72.1034,19.1772],[-72.1047,19.1787],[-72.1061,19.1799],[-72.1047,19.1809],[-72.1065,19.1819],[-72.1078,19.1803],[-72.109,19.1794],[-72.1109,19.1784],[-72.1131,19.1771],[-72.1113,19.1773],[-72.1096,19.1779],[-72.11,19.1752],[-72.1109,19.1765],[-72.1123,19.1757],[-72.1142,19.176],[-72.1161,19.1762],[-72.1162,19.1742],[-72.1182,19.1722],[-72.1188,19.1705],[-72.1198,19.1684],[-72.1214,19.1692],[-72.1226,19.1709],[-72.122,19.1731],[-72.1212,19.1745],[-72.1234,19.1735],[-72.1254,19.1725],[-72.1261,19.1695],[-72.1285,19.169],[-72.1297,19.1678],[-72.1311,19.1685],[-72.1335,19.1694],[-72.1353,19.1674],[-72.1367,19.1663],[-72.1385,19.1669],[-72.1388,19.1692],[-72.1416,19.1692],[-72.1436,19.1688],[-72.1437,19.1659],[-72.1427,19.1642],[-72.1416,19.1601],[-72.1425,19.1565],[-72.1431,19.1547],[-72.1442,19.156],[-72.1455,19.1547],[-72.147,19.1553],[-72.1488,19.1556],[-72.1505,19.1551],[-72.1493,19.1533],[-72.1503,19.152],[-72.1515,19.153],[-72.1517,19.1512],[-72.1507,19.1497],[-72.1499,19.1482],[-72.1504,19.1465],[-72.1512,19.1444],[-72.1514,19.1424],[-72.1524,19.1405],[-72.1538,19.1381],[-72.1537,19.1354],[-72.1545,19.1335],[-72.1552,19.1314],[-72.1561,19.1303],[-72.1572,19.1285],[-72.158,19.1272],[-72.1611,19.1262],[-72.1604,19.1275],[-72.1614,19.1289],[-72.1623,19.1305],[-72.1641,19.1312],[-72.1656,19.1321],[-72.1641,19.1335],[-72.1622,19.1345],[-72.1613,19.1364],[-72.1613,19.1387],[-72.1628,19.1378],[-72.1625,19.1396],[-72.1611,19.1409],[-72.1624,19.1422],[-72.1631,19.1445],[-72.1654,19.1442],[-72.1664,19.1428],[-72.166,19.1402],[-72.1679,19.1404],[-72.1697,19.141],[-72.1714,19.1415],[-72.1693,19.1416],[-72.1688,19.1433],[-72.1669,19.1441],[-72.1665,19.1459],[-72.165,19.1467],[-72.1648,19.1489],[-72.1637,19.15],[-72.163,19.1513],[-72.1617,19.153],[-72.1627,19.1543],[-72.164,19.1552],[-72.1649,19.1563],[-72.1667,19.1568],[-72.1678,19.1552],[-72.1687,19.1569],[-72.1709,19.1566],[-72.1735,19.1552],[-72.1727,19.1565],[-72.1717,19.158],[-72.1702,19.1594],[-72.1677,19.1596],[-72.1657,19.1602],[-72.1654,19.1621],[-72.1682,19.1617],[-72.1695,19.1626],[-72.1715,19.1632],[-72.1732,19.164],[-72.1741,19.1629],[-72.1749,19.1652],[-72.1771,19.1639],[-72.1773,19.1658],[-72.176,19.1668],[-72.1741,19.1665],[-72.1715,19.1659],[-72.1711,19.1681],[-72.1721,19.1691],[-72.1736,19.1701],[-72.175,19.1712],[-72.1759,19.1728],[-72.1782,19.1732],[-72.1796,19.174],[-72.1786,19.1751],[-72.1769,19.1761],[-72.1745,19.1767],[-72.1731,19.1776],[-72.1699,19.177],[-72.1689,19.1783],[-72.1712,19.1814],[-72.1728,19.1793],[-72.1778,19.1803],[-72.1816,19.1827],[-72.1826,19.187],[-72.1828,19.1909],[-72.1851,19.1918],[-72.1881,19.1915],[-72.1899,19.1935],[-72.1912,19.1948],[-72.1936,19.1942],[-72.1952,19.1932],[-72.196,19.1947],[-72.1973,19.1962],[-72.1984,19.1973],[-72.1973,19.1987],[-72.1991,19.1989],[-72.201,19.1995],[-72.2032,19.1992],[-72.205,19.1998],[-72.2047,19.2017],[-72.2035,19.2028],[-72.205,19.2034],[-72.2069,19.2035],[-72.2073,19.2053],[-72.2083,19.2041],[-72.2092,19.2052],[-72.2102,19.204],[-72.2098,19.206],[-72.2094,19.2077],[-72.2108,19.2084],[-72.2122,19.2093],[-72.2142,19.2099],[-72.2159,19.2105],[-72.2173,19.2112],[-72.219,19.2116],[-72.2201,19.2126],[-72.2227,19.213],[-72.2246,19.2132],[-72.2262,19.2141],[-72.2271,19.2127],[-72.2281,19.2116],[-72.2283,19.2136],[-72.2296,19.2144],[-72.2307,19.2134],[-72.2322,19.2143],[-72.2325,19.2161],[-72.2341,19.2153],[-72.2354,19.2143],[-72.2349,19.2166],[-72.2357,19.218],[-72.2371,19.2172],[-72.2388,19.2175],[-72.2375,19.2192],[-72.239,19.2199],[-72.2379,19.2208],[-72.2378,19.2231],[-72.2379,19.2252],[-72.2395,19.2248],[-72.2406,19.2238],[-72.2417,19.2223],[-72.2428,19.2213],[-72.2421,19.2227],[-72.2429,19.2243],[-72.2451,19.224],[-72.2461,19.2228],[-72.2474,19.2237],[-72.2483,19.2223],[-72.2489,19.2205],[-72.2511,19.2209],[-72.252,19.2198],[-72.2535,19.2192],[-72.2547,19.2183],[-72.2545,19.2158],[-72.2561,19.2164],[-72.2565,19.2147],[-72.2583,19.2153],[-72.2592,19.2167],[-72.2605,19.2157],[-72.2619,19.2147],[-72.2634,19.214],[-72.2654,19.2137],[-72.2653,19.2114],[-72.2665,19.2104],[-72.2685,19.2105],[-72.2703,19.2109],[-72.2704,19.2141],[-72.2681,19.2141],[-72.2672,19.2152],[-72.2664,19.2167],[-72.2661,19.2187],[-72.2676,19.218],[-72.2667,19.2166],[-72.2687,19.2169],[-72.2699,19.2177],[-72.2704,19.2193],[-72.2711,19.218],[-72.2729,19.2189],[-72.2743,19.2199],[-72.2714,19.2201],[-72.2728,19.2226],[-72.2742,19.2233],[-72.2765,19.2228],[-72.2785,19.2238],[-72.2805,19.2243],[-72.2793,19.2261],[-72.2772,19.2257],[-72.2756,19.225],[-72.2737,19.2257],[-72.2723,19.225],[-72.269,19.2234],[-72.2653,19.2234],[-72.2614,19.2243],[-72.2583,19.2268],[-72.2558,19.2292],[-72.2532,19.2294],[-72.2523,19.2319],[-72.2536,19.2342],[-72.2569,19.2346],[-72.2588,19.2357],[-72.2602,19.2367],[-72.261,19.2383],[-72.2627,19.2388],[-72.2637,19.2399],[-72.2661,19.2406],[-72.2679,19.2409],[-72.2698,19.2418],[-72.2718,19.2421],[-72.2704,19.2428],[-72.2715,19.2441],[-72.2702,19.2455],[-72.2684,19.2459],[-72.2668,19.2464],[-72.2672,19.2484],[-72.2699,19.2493],[-72.2694,19.2514],[-72.2674,19.2501],[-72.2647,19.2502],[-72.2633,19.2514],[-72.2618,19.2503],[-72.2607,19.2519],[-72.2608,19.254],[-72.2625,19.2546],[-72.2615,19.2567],[-72.2596,19.2555],[-72.2591,19.2577],[-72.2593,19.2606],[-72.2605,19.2631],[-72.2592,19.2621],[-72.2578,19.26],[-72.2561,19.2611],[-72.2549,19.2628],[-72.2557,19.2606],[-72.2569,19.2595],[-72.2566,19.2577],[-72.2559,19.2591],[-72.2543,19.26],[-72.2553,19.2588],[-72.2567,19.2565],[-72.2555,19.255],[-72.2543,19.2565],[-72.2526,19.2583],[-72.2507,19.2588],[-72.2496,19.2576],[-72.2481,19.2592],[-72.2492,19.2569],[-72.2481,19.2555],[-72.2475,19.257],[-72.2466,19.2584],[-72.2455,19.2572],[-72.2469,19.2563],[-72.2466,19.2539],[-72.2456,19.2551],[-72.2441,19.2545],[-72.2443,19.2522],[-72.2422,19.253],[-72.2426,19.2553],[-72.2411,19.2544],[-72.2408,19.2527],[-72.2392,19.2532],[-72.2399,19.2515],[-72.2408,19.2499],[-72.2406,19.2471],[-72.2419,19.2455],[-72.2427,19.2441],[-72.2419,19.2426],[-72.2405,19.2417],[-72.2397,19.2402],[-72.2391,19.2425],[-72.2382,19.2442],[-72.2367,19.245],[-72.2364,19.2472],[-72.2366,19.25],[-72.2359,19.2483],[-72.2354,19.2467],[-72.2341,19.2456],[-72.232,19.2463],[-72.2333,19.2452],[-72.2356,19.2438],[-72.235,19.2419],[-72.2365,19.2424],[-72.2363,19.2406],[-72.2365,19.2388],[-72.2351,19.2381],[-72.2328,19.2384],[-72.235,19.2369],[-72.2359,19.2352],[-72.2354,19.2323],[-72.2338,19.2313],[-72.2328,19.2303],[-72.2318,19.2279],[-72.2315,19.2259],[-72.2289,19.2253],[-72.2268,19.2249],[-72.2243,19.2252],[-72.2213,19.2249],[-72.2195,19.2239],[-72.2172,19.2241],[-72.2158,19.223],[-72.2176,19.2217],[-72.2184,19.2202],[-72.2163,19.2205],[-72.2144,19.2199],[-72.2141,19.2178],[-72.212,19.2146],[-72.2103,19.2133],[-72.2081,19.2165],[-72.2064,19.2176],[-72.2036,19.2146],[-72.2026,19.2119],[-72.2012,19.211],[-72.1998,19.2102],[-72.1983,19.2091],[-72.1984,19.2125],[-72.198,19.2157],[-72.1958,19.2149],[-72.1944,19.2109],[-72.1933,19.2119],[-72.1936,19.2101],[-72.1933,19.2083],[-72.1929,19.2064],[-72.1919,19.2077],[-72.1914,19.2093],[-72.1908,19.2078],[-72.1888,19.2083],[-72.1875,19.2091],[-72.1873,19.2073],[-72.1878,19.2057],[-72.1885,19.2039],[-72.1894,19.2027],[-72.1893,19.2006],[-72.1874,19.2003],[-72.1862,19.2012],[-72.1851,19.2023],[-72.184,19.2012],[-72.1822,19.202],[-72.1825,19.2038],[-72.1832,19.2055],[-72.1823,19.2068],[-72.1807,19.2075],[-72.1812,19.2091],[-72.1793,19.209],[-72.1783,19.21],[-72.1768,19.2093],[-72.1777,19.2106],[-72.1786,19.2119],[-72.1782,19.2137],[-72.1775,19.215],[-72.176,19.216],[-72.1777,19.2165],[-72.1792,19.2171],[-72.1794,19.2193],[-72.1786,19.2206],[-72.1773,19.2214],[-72.1789,19.2223],[-72.1807,19.2226],[-72.1821,19.2237],[-72.1802,19.2233],[-72.1786,19.2244],[-72.1775,19.2254],[-72.1759,19.2264],[-72.177,19.2275],[-72.1776,19.229],[-72.1763,19.2299],[-72.1775,19.231],[-72.179,19.2315],[-72.1799,19.2329],[-72.1822,19.2333],[-72.183,19.2347],[-72.1844,19.2355],[-72.1852,19.234],[-72.1863,19.2355],[-72.1883,19.2347],[-72.1908,19.2355],[-72.191,19.2378],[-72.1922,19.2388],[-72.193,19.2401],[-72.1925,19.2419],[-72.1938,19.2408],[-72.1954,19.2414],[-72.1949,19.2432],[-72.1966,19.2438],[-72.1962,19.2455],[-72.1973,19.2443],[-72.1987,19.2436],[-72.1995,19.2455],[-72.2005,19.2444],[-72.2019,19.2454],[-72.2028,19.244],[-72.2024,19.2459],[-72.2044,19.246],[-72.2025,19.2466],[-72.2006,19.2469],[-72.1985,19.2473],[-72.2004,19.2484],[-72.199,19.2491],[-72.1986,19.2511],[-72.2006,19.251],[-72.2019,19.2518],[-72.2028,19.2529],[-72.2052,19.2535],[-72.2035,19.2542],[-72.2012,19.2542],[-72.2028,19.2548],[-72.2045,19.2552],[-72.2055,19.2562],[-72.206,19.2589],[-72.204,19.2587],[-72.2018,19.2574],[-72.202,19.2593],[-72.2005,19.2584],[-72.1994,19.2568],[-72.1989,19.2585],[-72.1996,19.2598],[-72.1985,19.2589],[-72.1965,19.2595],[-72.1955,19.2607],[-72.1952,19.2589],[-72.1944,19.2572],[-72.1948,19.2546],[-72.1938,19.2535],[-72.1918,19.2542],[-72.191,19.2558],[-72.1901,19.2545],[-72.1886,19.255],[-72.1896,19.254],[-72.1906,19.2525],[-72.1919,19.2516],[-72.1906,19.2508],[-72.1888,19.251],[-72.1878,19.2494],[-72.1863,19.2502],[-72.1857,19.2516],[-72.1854,19.2534],[-72.1847,19.2553],[-72.1857,19.2568],[-72.184,19.2579],[-72.182,19.258],[-72.1828,19.2564],[-72.1816,19.2573],[-72.1805,19.256],[-72.1819,19.2549],[-72.1827,19.2533],[-72.1822,19.2516],[-72.183,19.2502],[-72.183,19.248],[-72.1835,19.2464],[-72.1847,19.2472],[-72.1854,19.2458],[-72.186,19.2437],[-72.1842,19.2433],[-72.1834,19.242],[-72.1829,19.2437],[-72.1823,19.2456],[-72.1803,19.2465],[-72.1784,19.2472],[-72.1767,19.2466],[-72.1777,19.2451],[-72.179,19.2437],[-72.1772,19.2443],[-72.1759,19.2432],[-72.175,19.242],[-72.1761,19.2409],[-72.1745,19.2415],[-72.1734,19.2432],[-72.1707,19.243],[-72.171,19.2413],[-72.1692,19.2407],[-72.1701,19.2383],[-72.1725,19.2386],[-72.1737,19.2376],[-72.1752,19.2381],[-72.177,19.2373],[-72.1785,19.2381],[-72.18,19.2374],[-72.1792,19.2359],[-72.1803,19.2346],[-72.179,19.2339],[-72.178,19.2329],[-72.1766,19.2322],[-72.1754,19.2313],[-72.1749,19.2295],[-72.1765,19.2287],[-72.175,19.2278],[-72.1738,19.2269],[-72.1741,19.2249],[-72.1743,19.223],[-72.1743,19.2209],[-72.1729,19.2216],[-72.1713,19.2223],[-72.1716,19.2205],[-72.1721,19.2187],[-72.1718,19.2168],[-72.1733,19.2161],[-72.1741,19.2144],[-72.1737,19.2123],[-72.1732,19.2104],[-72.1729,19.2074],[-72.1743,19.2068],[-72.1752,19.2051],[-72.1765,19.2034],[-72.1745,19.2035],[-72.174,19.2052],[-72.1726,19.2059],[-72.1712,19.2047],[-72.1701,19.2063],[-72.1709,19.2077],[-72.17,19.2094],[-72.1688,19.2083],[-72.1669,19.2077],[-72.1656,19.2086],[-72.1636,19.2078],[-72.1628,19.2063],[-72.1611,19.2068],[-72.1603,19.205],[-72.1595,19.2062],[-72.1579,19.2067],[-72.1569,19.2078],[-72.1566,19.206],[-72.155,19.2069],[-72.1532,19.2061],[-72.1547,19.2052],[-72.1548,19.2027],[-72.1559,19.2016],[-72.1555,19.1998],[-72.1566,19.198],[-72.1557,19.1964],[-72.155,19.1981],[-72.1543,19.1965],[-72.1532,19.1977],[-72.1527,19.1959],[-72.1515,19.195],[-72.1501,19.1956],[-72.1495,19.1974],[-72.1487,19.1957],[-72.1465,19.1961],[-72.146,19.1979],[-72.1456,19.1953],[-72.1442,19.1937],[-72.1434,19.1953],[-72.1418,19.1948],[-72.1393,19.1947],[-72.1381,19.1937],[-72.1361,19.1926],[-72.1344,19.1919],[-72.1333,19.1909],[-72.1308,19.1906],[-72.1299,19.1888],[-72.1292,19.1871],[-72.1271,19.1832],[-72.1273,19.1812],[-72.1265,19.1798],[-72.1251,19.179],[-72.1239,19.1807],[-72.1227,19.1785],[-72.1204,19.1779],[-72.1166,19.1776],[-72.1151,19.1796],[-72.1138,19.1782],[-72.1126,19.1792],[-72.1123,19.1812],[-72.1125,19.1834],[-72.1105,19.1826],[-72.1103,19.1824]]]},"properties":{}},{"type":"Feature","geometry":{"type":"Polygon","coordinates":[[[-72.2279,19.1935],[-72.227,19.1921],[-72.2254,19.1917],[-72.2233,19.1922],[-72.2218,19.1907],[-72.2202,19.1917],[-72.218,19.1918],[-72.216,19.1915],[-72.2137,19.1913],[-72.2123,19.1905],[-72.2135,19.1888],[-72.2117,19.1878],[-72.2107,19.1863],[-72.2082,19.1854],[-72.2039,19.1852],[-72.2006,19.1847],[-72.1989,19.1841],[-72.1978,19.1851],[-72.1971,19.1834],[-72.1965,19.1811],[-72.201,19.1808],[-72.2023,19.1798],[-72.2043,19.1809],[-72.2058,19.1803],[-72.2073,19.1798],[-72.2094,19.1789],[-72.2111,19.1792],[-72.2133,19.179],[-72.2152,19.1784],[-72.215,19.1803],[-72.2159,19.1814],[-72.2171,19.1805],[-72.2185,19.1798],[-72.2175,19.1783],[-72.2168,19.1764],[-72.2153,19.1753],[-72.2141,19.1742],[-72.2131,19.1725],[-72.2121,19.1714],[-72.2107,19.1705],[-72.2099,19.1688],[-72.2103,19.167],[-72.2108,19.1649],[-72.2091,19.1642],[-72.2082,19.1654],[-72.2046,19.1637],[-72.2027,19.1623],[-72.2021,19.1608],[-72.1999,19.1606],[-72.201,19.1594],[-72.203,19.1575],[-72.2043,19.1585],[-72.2057,19.1592],[-72.2057,19.1615],[-72.2071,19.1607],[-72.2072,19.1587],[-72.2089,19.1582],[-72.2098,19.1597],[-72.2099,19.1577],[-72.2093,19.1563],[-72.2109,19.155],[-72.2126,19.1546],[-72.214,19.1564],[-72.2157,19.1569],[-72.2176,19.1568],[-72.2184,19.1591],[-72.2198,19.1599],[-72.2191,19.1612],[-72.2212,19.1612],[-72.2228,19.1616],[-72.2242,19.1609],[-72.2236,19.1628],[-72.2225,19.164],[-72.221,19.1649],[-72.2196,19.1662],[-72.2215,19.1669],[-72.2214,19.1688],[-72.2196,19.1694],[-72.2211,19.1703],[-72.2226,19.1695],[-72.2235,19.1684],[-72.2248,19.1674],[-72.2264,19.1667],[-72.2271,19.1684],[-72.2291,19.168],[-72.2299,19.1693],[-72.2314,19.1685],[-72.233,19.1692],[-72.2349,19.1685],[-72.2357,19.1671],[-72.2373,19.1678],[-72.2389,19.1671],[-72.2369,19.1692],[-72.2342,19.1725],[-72.2326,19.1732],[-72.2334,19.1745],[-72.2352,19.1738],[-72.2373,19.1738],[-72.236,19.1747],[-72.2344,19.1756],[-72.2322,19.1755],[-72.2312,19.1771],[-72.2291,19.1778],[-72.2271,19.1774],[-72.2253,19.1771],[-72.2236,19.1764],[-72.223,19.1748],[-72.2216,19.1755],[-72.2206,19.1773],[-72.2192,19.1781],[-72.2214,19.1783],[-72.2221,19.1798],[-72.2229,19.1811],[-72.2201,19.1811],[-72.2191,19.1821],[-72.2173,19.1823],[-72.2169,19.1843],[-72.2152,19.185],[-72.2144,19.1865],[-72.2156,19.1856],[-72.2175,19.185],[-72.2192,19.1837],[-72.2201,19.1852],[-72.2206,19.1867],[-72.2219,19.1874],[-72.2226,19.186],[-72.2245,19.1869],[-72.2259,19.1879],[-72.2274,19.1887],[-72.2278,19.1905],[-72.2296,19.1907],[-72.231,19.1898],[-72.2326,19.1903],[-72.2336,19.1923],[-72.2299,19.1935],[-72.2279,19.1935]]]},"properties":{}},{"type":"Feature","geometry":{"type":"Polygon","coordinates":[[[-72.1714,19.1415],[-72.1697,19.141],[-72.1679,19.1404],[-72.166,19.1389],[-72.1664,19.1372],[-72.1687,19.137],[-72.1696,19.1356],[-72.1707,19.134],[-72.1729,19.1337],[-72.175,19.1334],[-72.1773,19.1341],[-72.1754,19.1352],[-72.1747,19.1367],[-72.1731,19.1378],[-72.1752,19.1381],[-72.1769,19.1385],[-72.1791,19.1385],[-72.1813,19.1385],[-72.1827,19.1379],[-72.1839,19.139],[-72.1865,19.1388],[-72.1848,19.1402],[-72.1834,19.1416],[-72.1846,19.143],[-72.187,19.1426],[-72.1863,19.1445],[-72.1847,19.1439],[-72.1836,19.1449],[-72.1824,19.1439],[-72.1798,19.1439],[-72.1785,19.1455],[-72.1776,19.144],[-72.1765,19.1426],[-72.1742,19.1425],[-72.175,19.144],[-72.1734,19.1445],[-72.1707,19.1427],[-72.1714,19.1415]]]},"properties":{}},{"type":"Feature","geometry":{"type":"Polygon","coordinates":[[[-71.9636,19.0976],[-71.9618,19.0974],[-71.9601,19.0967],[-71.9594,19.0952],[-71.9572,19.0952],[-71.9586,19.0942],[-71.9569,19.0938],[-71.959,19.0906],[-71.9585,19.0883],[-71.9574,19.0873],[-71.9569,19.0854],[-71.9552,19.0858],[-71.9557,19.0841],[-71.9553,19.082],[-71.9538,19.081],[-71.9529,19.0798],[-71.9517,19.0787],[-71.9507,19.0797],[-71.9509,19.0777],[-71.9498,19.0764],[-71.9482,19.0758],[-71.9476,19.0741],[-71.9478,19.0765],[-71.9473,19.0786],[-71.9467,19.0769],[-71.9453,19.0778],[-71.9446,19.0761],[-71.9451,19.0743],[-71.9432,19.0737],[-71.9423,19.0748],[-71.9409,19.0742],[-71.9422,19.0735],[-71.9417,19.0717],[-71.9403,19.071],[-71.939,19.0719],[-71.9384,19.0702],[-71.9376,19.0689],[-71.9359,19.0685],[-71.9348,19.0675],[-71.9332,19.068],[-71.9339,19.0698],[-71.9326,19.0691],[-71.9317,19.0715],[-71.9315,19.0696],[-71.932,19.0679],[-71.9325,19.0664],[-71.9318,19.0649],[-71.9311,19.0665],[-71.9304,19.0682],[-71.929,19.0688],[-71.9304,19.0676],[-71.9298,19.066],[-71.9289,19.0646],[-71.9275,19.0656],[-71.9276,19.0632],[-71.9285,19.062],[-71.9306,19.0596],[-71.932,19.0579],[-71.9321,19.056],[-71.9317,19.0543],[-71.9321,19.052],[-71.9333,19.053],[-71.9345,19.0517],[-71.9357,19.0506],[-71.9372,19.0494],[-71.9388,19.0504],[-71.9406,19.0494],[-71.9409,19.0516],[-71.9391,19.0522],[-71.9383,19.0535],[-71.9391,19.0548],[-71.9378,19.0557],[-71.9362,19.0562],[-71.9371,19.0573],[-71.9379,19.0589],[-71.9398,19.0592],[-71.9419,19.0587],[-71.9439,19.0592],[-71.9456,19.0583],[-71.9475,19.0581],[-71.9491,19.0574],[-71.9502,19.0584],[-71.9518,19.0579],[-71.9511,19.0595],[-71.9522,19.0606],[-71.9516,19.0622],[-71.9498,19.0618],[-71.9483,19.0627],[-71.9463,19.0631],[-71.9458,19.0647],[-71.9463,19.0669],[-71.9478,19.0664],[-71.9476,19.0683],[-71.9487,19.0692],[-71.95,19.0701],[-71.9519,19.0703],[-71.9496,19.0705],[-71.9481,19.0699],[-71.9467,19.0692],[-71.9456,19.068],[-71.9462,19.0701],[-71.9469,19.0715],[-71.9485,19.0708],[-71.9501,19.0716],[-71.9513,19.0725],[-71.9533,19.0727],[-71.9556,19.0732],[-71.9572,19.0745],[-71.9586,19.0757],[-71.9603,19.0764],[-71.9626,19.0769],[-71.9607,19.0767],[-71.9585,19.0767],[-71.9575,19.0755],[-71.9551,19.0751],[-71.9535,19.0744],[-71.9528,19.0758],[-71.9542,19.0765],[-71.9551,19.0777],[-71.9568,19.0772],[-71.9553,19.078],[-71.9566,19.0793],[-71.9591,19.0803],[-71.9614,19.0807],[-71.9628,19.0798],[-71.9638,19.0811],[-71.9647,19.0827],[-71.9662,19.084],[-71.9669,19.0826],[-71.9683,19.0817],[-71.9702,19.0825],[-71.9714,19.0813],[-71.9725,19.0825],[-71.974,19.0819],[-71.9757,19.0815],[-71.9786,19.0818],[-71.9803,19.0813],[-71.9818,19.08],[-71.9835,19.0804],[-71.9822,19.0814],[-71.9808,19.0823],[-71.9826,19.0828],[-71.9843,19.0824],[-71.9853,19.0812],[-71.9862,19.0823],[-71.9845,19.0833],[-71.9848,19.0851],[-71.9863,19.0858],[-71.9842,19.0859],[-71.983,19.0846],[-71.9805,19.084],[-71.9789,19.0835],[-71.9771,19.0837],[-71.9762,19.0849],[-71.9746,19.0844],[-71.9725,19.0842],[-71.9702,19.0858],[-71.9715,19.0866],[-71.9724,19.0879],[-71.9745,19.0871],[-71.9765,19.0866],[-71.9778,19.0884],[-71.9757,19.0874],[-71.9743,19.0886],[-71.9752,19.09],[-71.9761,19.0915],[-71.9744,19.0905],[-71.973,19.0897],[-71.972,19.0908],[-71.973,19.092],[-71.9721,19.0934],[-71.9707,19.0915],[-71.9703,19.0934],[-71.9691,19.0925],[-71.9684,19.0943],[-71.9693,19.0954],[-71.9682,19.0964],[-71.9663,19.0959],[-71.9649,19.0969],[-71.9636,19.0976]]]},"properties":{}},{"type":"Feature","geometry":{"type":"Polygon","coordinates":[[[-72.0061,19.2775],[-72.0046,19.2765],[-72.0033,19.2755],[-72.0018,19.2741],[-72.0002,19.273],[-71.9991,19.272],[-71.9978,19.2711],[-71.9964,19.2701],[-71.9947,19.2695],[-71.9945,19.2674],[-71.9974,19.2691],[-71.9992,19.2697],[-72.0028,19.269],[-72.0044,19.2685],[-72.0071,19.2667],[-72.0089,19.2664],[-72.008,19.2684],[-72.0084,19.2707],[-72.0094,19.2732],[-72.0091,19.2756],[-72.0084,19.2778],[-72.0065,19.2774],[-72.0061,19.2775]]]},"properties":{}},{"type":"Feature","geometry":{"type":"Polygon","coordinates":[[[-71.9454,19.4051],[-71.9462,19.4065],[-71.9471,19.4078],[-71.9465,19.4093],[-71.9484,19.4102],[-71.9504,19.4114],[-71.952,19.412],[-71.9516,19.4138],[-71.9501,19.4122],[-71.9481,19.4127],[-71.948,19.4146],[-71.9462,19.4159],[-71.9475,19.4169],[-71.9472,19.4187],[-71.9461,19.4171],[-71.9452,19.4156],[-71.9442,19.4145],[-71.9451,19.4132],[-71.9449,19.4113],[-71.9427,19.413],[-71.9417,19.4144],[-71.942,19.4126],[-71.9426,19.4106],[-71.9439,19.4091],[-71.9421,19.4076],[-71.9412,19.4087],[-71.9406,19.4068],[-71.9394,19.4084],[-71.9402,19.4098],[-71.9391,19.4111],[-71.9386,19.4096],[-71.9376,19.4076],[-71.9361,19.4089],[-71.9362,19.4122],[-71.9357,19.4103],[-71.934,19.4107],[-71.933,19.4125],[-71.9318,19.4112],[-71.9308,19.41],[-71.9325,19.4104],[-71.9345,19.4093],[-71.9337,19.408],[-71.9359,19.4064],[-71.9342,19.4061],[-71.9323,19.4051],[-71.9332,19.4039],[-71.9343,19.4049],[-71.9358,19.4055],[-71.9378,19.4053],[-71.9385,19.404],[-71.9369,19.403],[-71.9356,19.4021],[-71.9377,19.4023],[-71.9394,19.403],[-71.941,19.4025],[-71.9429,19.4021],[-71.9449,19.4025],[-71.9464,19.4017],[-71.948,19.3988],[-71.9491,19.4003],[-71.9476,19.4017],[-71.9483,19.4031],[-71.9508,19.4036],[-71.9479,19.4044],[-71.9469,19.4033],[-71.9457,19.4044],[-71.9454,19.4051]]]},"properties":{}},{"type":"Feature","geometry":{"type":"Polygon","coordinates":[[[-71.9699,19.0304],[-71.967,19.0301],[-71.9653,19.031],[-71.9629,19.032],[-71.9607,19.0327],[-71.9592,19.0308],[-71.9609,19.0287],[-71.9598,19.0266],[-71.956,19.0249],[-71.9552,19.0228],[-71.9564,19.0208],[-71.9528,19.0193],[-71.9484,19.0187],[-71.9463,19.0146],[-71.9474,19.0112],[-71.9457,19.0107],[-71.9437,19.0106],[-71.9421,19.0097],[-71.9442,19.0098],[-71.9436,19.0082],[-71.9448,19.0064],[-71.9456,19.0051],[-71.9476,19.0044],[-71.949,19.0037],[-71.9509,19.0039],[-71.952,19.0052],[-71.9537,19.0058],[-71.9556,19.0059],[-71.9573,19.0054],[-71.9586,19.0046],[-71.9578,19.006],[-71.9588,19.0071],[-71.9605,19.0066],[-71.9616,19.0052],[-71.9627,19.0042],[-71.9628,19.002],[-71.9646,19.0018],[-71.9648,19.0038],[-71.9647,19.0057],[-71.963,19.0064],[-71.9649,19.007],[-71.9644,19.0088],[-71.9662,19.0086],[-71.9676,19.008],[-71.9696,19.0074],[-71.9706,19.0061],[-71.9725,19.005],[-71.9719,19.0066],[-71.9725,19.0085],[-71.9739,19.0078],[-71.9748,19.006],[-71.9758,19.007],[-71.9768,19.0059],[-71.9771,19.0077],[-71.979,19.0075],[-71.9806,19.0062],[-71.9821,19.0049],[-71.9837,19.0033],[-71.9826,19.0022],[-71.9845,19.0015],[-71.9853,19.0002],[-71.9861,18.9986],[-71.9877,18.9982],[-71.9894,18.9975],[-71.9905,18.9964],[-71.9907,18.9946],[-71.9927,18.9948],[-71.9918,18.9932],[-71.9928,18.9922],[-71.9941,18.9933],[-71.9939,18.9955],[-71.995,18.9944],[-71.9963,18.9932],[-71.9949,18.9917],[-71.9967,18.9922],[-71.9992,18.9919],[-72.0001,18.9906],[-72.0013,18.9917],[-72.0024,18.9927],[-72.0044,18.9921],[-72.0062,18.9925],[-72.0076,18.9932],[-72.0098,18.9931],[-72.0114,18.9941],[-72.0133,18.9945],[-72.016,18.9945],[-72.0183,18.9952],[-72.0202,18.9957],[-72.0226,18.9966],[-72.024,18.9975],[-72.0252,18.9987],[-72.0271,18.9983],[-72.0279,18.9998],[-72.03,18.9997],[-72.0318,18.9993],[-72.0343,18.9986],[-72.0363,18.9976],[-72.041,18.9963],[-72.0402,18.9978],[-72.0398,18.9996],[-72.0383,18.999],[-72.0364,18.9992],[-72.0353,19.0003],[-72.034,19.0013],[-72.0318,19.0014],[-72.0299,19.0024],[-72.0281,19.003],[-72.029,19.0042],[-72.0272,19.0045],[-72.0254,19.0041],[-72.0243,19.0031],[-72.0224,19.002],[-72.0207,19.0013],[-72.0186,19.0004],[-72.0174,18.9985],[-72.0138,18.9973],[-72.012,18.9979],[-72.0111,18.9967],[-72.0091,18.996],[-72.0078,18.9969],[-72.0054,18.9966],[-72.0036,18.9971],[-72.0024,18.9982],[-72.0019,19.0001],[-72.001,18.9984],[-71.9995,18.9989],[-71.9978,18.9998],[-71.997,19.0011],[-71.995,19.0012],[-71.9928,19.0016],[-71.9922,19.003],[-71.991,19.0039],[-71.9904,19.0053],[-71.9912,19.0068],[-71.9933,19.0069],[-71.9949,19.0075],[-71.9966,19.007],[-71.9981,19.0078],[-71.9994,19.0089],[-71.998,19.0097],[-71.9962,19.009],[-71.9943,19.0088],[-71.9922,19.0101],[-71.991,19.011],[-71.9891,19.0111],[-71.9883,19.0124],[-71.9872,19.0134],[-71.9861,19.0146],[-71.9879,19.0151],[-71.9896,19.0156],[-71.9903,19.0171],[-71.9925,19.0166],[-71.994,19.0156],[-71.9928,19.0178],[-71.9912,19.0184],[-71.9925,19.0191],[-71.9939,19.0212],[-71.9919,19.0204],[-71.9906,19.0196],[-71.9885,19.0197],[-71.9863,19.0192],[-71.9865,19.0211],[-71.9883,19.0215],[-71.9892,19.0226],[-71.9888,19.0245],[-71.9878,19.0233],[-71.9857,19.0229],[-71.9847,19.0243],[-71.9838,19.0227],[-71.9828,19.0215],[-71.9805,19.0218],[-71.9756,19.0232],[-71.9746,19.0258],[-71.9732,19.0278],[-71.9733,19.0302],[-71.9747,19.0318],[-71.9745,19.0338],[-71.976,19.0348],[-71.9759,19.0379],[-71.9734,19.0396],[-71.9717,19.0374],[-71.9705,19.034],[-71.9704,19.0318],[-71.9699,19.0304]]]},"properties":{}},{"type":"Feature","geometry":{"type":"Polygon","coordinates":[[[-71.8732,19.081],[-71.872,19.0798],[-71.8742,19.0793],[-71.8758,19.0782],[-71.8771,19.0771],[-71.8786,19.0764],[-71.8803,19.0775],[-71.881,19.0795],[-71.8826,19.0808],[-71.8803,19.0817],[-71.8793,19.0829],[-71.8807,19.0835],[-71.8822,19.0842],[-71.8834,19.0852],[-71.8847,19.0867],[-71.8835,19.0857],[-71.8828,19.0877],[-71.8809,19.0878],[-71.8804,19.0859],[-71.8786,19.0844],[-71.8775,19.0855],[-71.8787,19.0868],[-71.8772,19.0861],[-71.8763,19.0848],[-71.8757,19.0863],[-71.8751,19.0892],[-71.8741,19.0879],[-71.8732,19.0864],[-71.8725,19.088],[-71.8726,19.0861],[-71.8715,19.087],[-71.8705,19.0859],[-71.8697,19.0846],[-71.868,19.0849],[-71.8672,19.0862],[-71.8654,19.0866],[-71.8658,19.0847],[-71.8651,19.0831],[-71.8673,19.0838],[-71.8687,19.0832],[-71.871,19.083],[-71.8723,19.0842],[-71.8732,19.0826],[-71.8715,19.0822],[-71.8728,19.0814],[-71.8732,19.081]]]},"properties":{}},{"type":"Feature","geometry":{"type":"Polygon","coordinates":[[[-71.8611,19.0195],[-71.8626,19.0186],[-71.8637,19.0173],[-71.8618,19.0168],[-71.8607,19.0177],[-71.8589,19.0169],[-71.8605,19.0164],[-71.8615,19.0152],[-71.8637,19.015],[-71.8646,19.0137],[-71.8664,19.0129],[-71.8675,19.014],[-71.8666,19.0153],[-71.8675,19.0165],[-71.8694,19.017],[-71.8675,19.0172],[-71.8661,19.0178],[-71.8679,19.0183],[-71.8668,19.0193],[-71.8654,19.0199],[-71.8667,19.0208],[-71.8646,19.0201],[-71.8647,19.022],[-71.8638,19.0208],[-71.8631,19.0223],[-71.8645,19.0232],[-71.8663,19.0245],[-71.8643,19.0244],[-71.8625,19.0246],[-71.862,19.023],[-71.8611,19.0214],[-71.8604,19.0228],[-71.8607,19.0248],[-71.8594,19.0234],[-71.8598,19.0212],[-71.8589,19.0224],[-71.8575,19.0234],[-71.858,19.0249],[-71.856,19.025],[-71.8571,19.0268],[-71.859,19.0273],[-71.8608,19.0278],[-71.8626,19.0271],[-71.8639,19.0281],[-71.8646,19.0298],[-71.8663,19.0304],[-71.8682,19.0316],[-71.8664,19.0313],[-71.8647,19.0309],[-71.8651,19.0327],[-71.866,19.0343],[-71.8645,19.033],[-71.8622,19.0331],[-71.8627,19.0307],[-71.8619,19.0293],[-71.8608,19.0303],[-71.8614,19.0318],[-71.8602,19.0305],[-71.8582,19.0311],[-71.8571,19.0323],[-71.8557,19.0312],[-71.8561,19.0294],[-71.8553,19.0277],[-71.8539,19.0283],[-71.8542,19.0264],[-71.8546,19.0232],[-71.8551,19.0213],[-71.8566,19.0204],[-71.8597,19.0197],[-71.8611,19.0195]]]},"properties":{}},{"type":"Feature","geometry":{"type":"Polygon","coordinates":[[[-71.7649,19.1267],[-71.7648,19.124],[-71.7633,19.1233],[-71.7628,19.125],[-71.7606,19.1252],[-71.7596,19.1216],[-71.7595,19.1194],[-71.7588,19.1163],[-71.7572,19.1153],[-71.7567,19.1172],[-71.7527,19.1137],[-71.7506,19.1135],[-71.7503,19.1112],[-71.7496,19.1097],[-71.7489,19.1077],[-71.7508,19.1089],[-71.755,19.1095],[-71.7567,19.1105],[-71.7581,19.1115],[-71.7593,19.1125],[-71.7598,19.1144],[-71.7612,19.1154],[-71.7618,19.117],[-71.7635,19.1175],[-71.7656,19.117],[-71.7681,19.1174],[-71.7665,19.1182],[-71.7676,19.1195],[-71.7693,19.1206],[-71.7699,19.1221],[-71.7712,19.1232],[-71.7721,19.1249],[-71.7698,19.125],[-71.7682,19.1241],[-71.7692,19.1258],[-71.7678,19.127],[-71.7658,19.1272],[-71.7649,19.1267]]]},"properties":{}},{"type":"Feature","geometry":{"type":"Polygon","coordinates":[[[-71.9124,19.4359],[-71.9129,19.4336],[-71.9136,19.4322],[-71.9152,19.4329],[-71.9175,19.4329],[-71.919,19.4323],[-71.9179,19.4308],[-71.9193,19.4302],[-71.9216,19.4305],[-71.9231,19.432],[-71.9225,19.4344],[-71.9222,19.4363],[-71.921,19.4372],[-71.9195,19.4377],[-71.9179,19.437],[-71.9184,19.4354],[-71.9174,19.4343],[-71.9148,19.4348],[-71.9128,19.4349],[-71.9124,19.4359]]]},"properties":{}},{"type":"Feature","geometry":{"type":"Polygon","coordinates":[[[-74.3213,18.6306],[-74.3199,18.6313],[-74.3188,18.6328],[-74.3181,18.6342],[-74.3162,18.6339],[-74.3151,18.6351],[-74.3127,18.6356],[-74.3113,18.6363],[-74.3105,18.638],[-74.3095,18.639],[-74.309,18.6407],[-74.3085,18.6425],[-74.3081,18.6442],[-74.3091,18.6453],[-74.3096,18.647],[-74.3102,18.6487],[-74.3111,18.6508],[-74.3097,18.6493],[-74.3082,18.65],[-74.3067,18.651],[-74.3057,18.6523],[-74.3046,18.6513],[-74.3059,18.65],[-74.3058,18.6479],[-74.3056,18.6461],[-74.3052,18.6443],[-74.3047,18.6428],[-74.3058,18.6418],[-74.3041,18.6414],[-74.3023,18.641],[-74.3033,18.6393],[-74.3063,18.6352],[-74.3074,18.6339],[-74.3077,18.632],[-74.3069,18.6302],[-74.3057,18.6311],[-74.305,18.6297],[-74.3038,18.6286],[-74.303,18.6267],[-74.3023,18.6252],[-74.3012,18.6242],[-74.2999,18.6232],[-74.299,18.6217],[-74.3012,18.6214],[-74.3026,18.6227],[-74.3039,18.6242],[-74.3054,18.6254],[-74.3076,18.6255],[-74.3084,18.6271],[-74.309,18.6291],[-74.3103,18.6303],[-74.312,18.6306],[-74.3137,18.6303],[-74.3138,18.6284],[-74.3144,18.6269],[-74.315,18.6251],[-74.3138,18.624],[-74.3126,18.623],[-74.3114,18.6215],[-74.3101,18.6205],[-74.3084,18.6189],[-74.3103,18.6192],[-74.312,18.62],[-74.3131,18.6213],[-74.3152,18.6209],[-74.3159,18.6191],[-74.3177,18.6169],[-74.3194,18.6153],[-74.3202,18.613],[-74.32,18.6112],[-74.3188,18.6103],[-74.3204,18.6108],[-74.322,18.6118],[-74.3236,18.611],[-74.3254,18.6106],[-74.327,18.609],[-74.3288,18.6086],[-74.3302,18.6078],[-74.3314,18.6067],[-74.3313,18.6093],[-74.3296,18.6107],[-74.3276,18.6112],[-74.3264,18.6125],[-74.3255,18.6138],[-74.3236,18.6139],[-74.3216,18.6172],[-74.3224,18.6186],[-74.3214,18.6202],[-74.3203,18.6191],[-74.3185,18.6186],[-74.3183,18.6205],[-74.3169,18.6214],[-74.317,18.625],[-74.3177,18.6271],[-74.3183,18.6289],[-74.3209,18.6289],[-74.3232,18.629],[-74.3213,18.6306]]]},"properties":{}},{"type":"Feature","geometry":{"type":"Polygon","coordinates":[[[-74.3845,18.6428],[-74.3833,18.6417],[-74.383,18.64],[-74.3847,18.639],[-74.3857,18.6379],[-74.3855,18.636],[-74.384,18.6348],[-74.3833,18.6331],[-74.3826,18.6315],[-74.3822,18.6298],[-74.3816,18.6281],[-74.3796,18.6277],[-74.3779,18.6269],[-74.3762,18.6264],[-74.3756,18.6247],[-74.3778,18.6253],[-74.3794,18.626],[-74.3811,18.627],[-74.3828,18.6279],[-74.3839,18.6296],[-74.3848,18.6312],[-74.3851,18.633],[-74.3861,18.6341],[-74.388,18.6339],[-74.3896,18.6326],[-74.3918,18.6318],[-74.3923,18.6299],[-74.3936,18.6282],[-74.3947,18.6269],[-74.3957,18.6255],[-74.395,18.6234],[-74.3944,18.6209],[-74.3952,18.6193],[-74.3956,18.6214],[-74.3962,18.6246],[-74.3975,18.6259],[-74.3982,18.6272],[-74.3988,18.6256],[-74.4005,18.6251],[-74.4021,18.6257],[-74.4042,18.625],[-74.4058,18.6242],[-74.4046,18.6232],[-74.4062,18.6237],[-74.408,18.623],[-74.4098,18.6232],[-74.4093,18.6248],[-74.4078,18.6262],[-74.4076,18.6282],[-74.4072,18.6299],[-74.4058,18.6293],[-74.4031,18.6296],[-74.4009,18.6299],[-74.399,18.6301],[-74.3979,18.6291],[-74.3968,18.6278],[-74.3957,18.6267],[-74.3945,18.628],[-74.395,18.6297],[-74.394,18.631],[-74.3949,18.6321],[-74.3935,18.633],[-74.3915,18.6332],[-74.3903,18.6341],[-74.3885,18.6357],[-74.3883,18.6377],[-74.3894,18.6389],[-74.3884,18.6418],[-74.3862,18.6433],[-74.3845,18.6428]]]},"properties":{}},{"type":"Feature","geometry":{"type":"Polygon","coordinates":[[[-74.4275,18.6046],[-74.4289,18.6054],[-74.4261,18.6059],[-74.4247,18.6049],[-74.4236,18.6033],[-74.4212,18.603],[-74.4198,18.6046],[-74.4182,18.6056],[-74.4166,18.6048],[-74.4147,18.6056],[-74.4136,18.6046],[-74.4116,18.6042],[-74.4137,18.6036],[-74.4152,18.6029],[-74.4141,18.6018],[-74.4163,18.6024],[-74.4173,18.6035],[-74.419,18.6029],[-74.4193,18.6007],[-74.4207,18.5998],[-74.4218,18.6016],[-74.4239,18.6011],[-74.4224,18.6006],[-74.4229,18.5991],[-74.4209,18.5986],[-74.4186,18.5984],[-74.4166,18.5986],[-74.415,18.5994],[-74.4136,18.5976],[-74.4117,18.5971],[-74.4096,18.5973],[-74.4084,18.5982],[-74.4076,18.5969],[-74.4057,18.5975],[-74.4036,18.5972],[-74.4048,18.596],[-74.4069,18.5956],[-74.4079,18.5943],[-74.4095,18.5951],[-74.4108,18.5958],[-74.4095,18.5947],[-74.4089,18.593],[-74.4101,18.5941],[-74.4119,18.5929],[-74.4128,18.5942],[-74.4135,18.5928],[-74.413,18.5911],[-74.4118,18.5899],[-74.4106,18.5887],[-74.4103,18.5907],[-74.4087,18.5901],[-74.4068,18.5892],[-74.4048,18.5889],[-74.4026,18.5893],[-74.4029,18.587],[-74.404,18.5855],[-74.4055,18.585],[-74.4075,18.5848],[-74.408,18.5831],[-74.4089,18.5818],[-74.4109,18.5811],[-74.4117,18.5798],[-74.414,18.5787],[-74.4134,18.5806],[-74.4129,18.5826],[-74.4145,18.5822],[-74.4154,18.5802],[-74.4149,18.5822],[-74.4146,18.5842],[-74.4143,18.5872],[-74.415,18.5904],[-74.4158,18.5928],[-74.4167,18.5941],[-74.4177,18.5955],[-74.4199,18.5952],[-74.4218,18.5958],[-74.4248,18.5995],[-74.4271,18.6003],[-74.427,18.6027],[-74.4274,18.6045],[-74.4275,18.6046]]]},"properties":{}},{"type":"Feature","geometry":{"type":"Polygon","coordinates":[[[-74.412,18.5438],[-74.4101,18.5443],[-74.4108,18.5459],[-74.4117,18.5473],[-74.4132,18.5482],[-74.4147,18.5494],[-74.4126,18.5492],[-74.4112,18.5501],[-74.4114,18.5522],[-74.4126,18.5532],[-74.414,18.5541],[-74.4156,18.5546],[-74.4185,18.5544],[-74.4198,18.5532],[-74.4207,18.5544],[-74.423,18.5544],[-74.4241,18.5554],[-74.4246,18.5572],[-74.4255,18.5585],[-74.4245,18.56],[-74.4232,18.5613],[-74.4208,18.5681],[-74.4199,18.5695],[-74.4182,18.569],[-74.4198,18.5684],[-74.4184,18.5676],[-74.4166,18.5666],[-74.4151,18.5659],[-74.4157,18.5644],[-74.4147,18.563],[-74.4136,18.5616],[-74.4119,18.5612],[-74.4114,18.5627],[-74.4101,18.5618],[-74.4086,18.5605],[-74.4087,18.558],[-74.4084,18.5562],[-74.4076,18.5548],[-74.4086,18.5535],[-74.4067,18.5529],[-74.4063,18.5512],[-74.4076,18.552],[-74.4068,18.5504],[-74.4047,18.5502],[-74.4035,18.5491],[-74.4014,18.5503],[-74.3992,18.5507],[-74.4002,18.5492],[-74.4017,18.5482],[-74.4033,18.5476],[-74.4051,18.5482],[-74.4072,18.5488],[-74.4095,18.5484],[-74.4087,18.5462],[-74.4079,18.5445],[-74.4072,18.5426],[-74.4062,18.541],[-74.4052,18.5398],[-74.4034,18.5394],[-74.4054,18.5389],[-74.4072,18.5396],[-74.4088,18.541],[-74.4095,18.5425],[-74.4106,18.5436],[-74.412,18.5438]]]},"properties":{}},{"type":"Feature","geometry":{"type":"Polygon","coordinates":[[[-74.4302,18.5498],[-74.4301,18.5474],[-74.4286,18.5467],[-74.4268,18.546],[-74.4255,18.5449],[-74.4241,18.544],[-74.4232,18.5427],[-74.4238,18.5408],[-74.4251,18.5397],[-74.4262,18.5387],[-74.4268,18.5371],[-74.4272,18.5351],[-74.426,18.5336],[-74.4239,18.533],[-74.4211,18.5327],[-74.4195,18.532],[-74.4184,18.5308],[-74.4177,18.5322],[-74.4163,18.5306],[-74.4177,18.5299],[-74.4173,18.528],[-74.4164,18.5263],[-74.4179,18.5255],[-74.4188,18.5239],[-74.4178,18.5223],[-74.4155,18.5226],[-74.4133,18.522],[-74.412,18.521],[-74.4141,18.5209],[-74.4162,18.5196],[-74.4177,18.5184],[-74.4172,18.5163],[-74.4187,18.5168],[-74.4182,18.5187],[-74.4209,18.5189],[-74.4219,18.5173],[-74.4224,18.5156],[-74.4232,18.5138],[-74.424,18.5117],[-74.4245,18.5134],[-74.4263,18.514],[-74.4256,18.512],[-74.425,18.5106],[-74.4265,18.5116],[-74.4281,18.5124],[-74.4294,18.5132],[-74.431,18.5123],[-74.4325,18.5113],[-74.433,18.5129],[-74.4311,18.5145],[-74.4299,18.5157],[-74.4281,18.5155],[-74.4264,18.516],[-74.4246,18.5174],[-74.4229,18.5191],[-74.4241,18.5205],[-74.4244,18.5226],[-74.426,18.5233],[-74.4271,18.5223],[-74.4276,18.5245],[-74.4257,18.5242],[-74.4239,18.5239],[-74.4226,18.5249],[-74.4224,18.5272],[-74.4207,18.5282],[-74.4218,18.5297],[-74.421,18.5313],[-74.4225,18.5321],[-74.4245,18.5317],[-74.4261,18.5309],[-74.4284,18.5313],[-74.4299,18.5321],[-74.4312,18.5312],[-74.4319,18.5332],[-74.431,18.5347],[-74.433,18.5354],[-74.4347,18.5361],[-74.4366,18.5356],[-74.4369,18.5375],[-74.435,18.5392],[-74.4338,18.5406],[-74.434,18.5425],[-74.4341,18.5446],[-74.4351,18.5467],[-74.4358,18.5485],[-74.4349,18.55],[-74.4337,18.549],[-74.432,18.5494],[-74.4309,18.5504],[-74.4302,18.5498]]]},"properties":{}},{"type":"Feature","geometry":{"type":"Polygon","coordinates":[[[-74.4341,18.5063],[-74.4354,18.5072],[-74.4346,18.5086],[-74.4326,18.5094],[-74.4312,18.5087],[-74.4298,18.5074],[-74.4273,18.5073],[-74.4258,18.5067],[-74.4268,18.5055],[-74.4293,18.5054],[-74.428,18.5042],[-74.4297,18.5037],[-74.4306,18.5018],[-74.4316,18.5028],[-74.4309,18.5047],[-74.4318,18.506],[-74.4331,18.5052],[-74.4338,18.5038],[-74.4341,18.5063]]]},"properties":{}},{"type":"Feature","geometry":{"type":"Polygon","coordinates":[[[-74.4388,18.5275],[-74.4367,18.5279],[-74.4347,18.5277],[-74.4336,18.5268],[-74.4344,18.5255],[-74.4362,18.5253],[-74.4376,18.5259],[-74.4396,18.5255],[-74.4396,18.5234],[-74.441,18.5226],[-74.4417,18.5242],[-74.4434,18.5254],[-74.4428,18.5271],[-74.4437,18.5284],[-74.4443,18.5303],[-74.4425,18.5292],[-74.4403,18.5283],[-74.4388,18.5276],[-74.4388,18.5275]]]},"properties":{}},{"type":"Feature","geometry":{"type":"Polygon","coordinates":[[[-74.1791,18.5916],[-74.1802,18.5897],[-74.1801,18.5917],[-74.1838,18.5909],[-74.1863,18.5899],[-74.1886,18.5892],[-74.1893,18.5879],[-74.191,18.5876],[-74.1923,18.5866],[-74.1948,18.5867],[-74.1966,18.5869],[-74.1985,18.5863],[-74.2012,18.5862],[-74.2036,18.5848],[-74.2037,18.5813],[-74.2027,18.5787],[-74.204,18.5767],[-74.2048,18.5751],[-74.2076,18.5744],[-74.2094,18.5752],[-74.2113,18.5756],[-74.2128,18.5761],[-74.2162,18.5759],[-74.218,18.5753],[-74.2194,18.5762],[-74.2211,18.5748],[-74.2225,18.5739],[-74.2241,18.5753],[-74.2237,18.5773],[-74.2218,18.5777],[-74.2204,18.5766],[-74.2202,18.5788],[-74.2222,18.5792],[-74.224,18.5789],[-74.2259,18.5779],[-74.2267,18.5761],[-74.2272,18.5745],[-74.2265,18.573],[-74.2275,18.5711],[-74.228,18.5695],[-74.23,18.5694],[-74.2322,18.5694],[-74.2338,18.5687],[-74.2359,18.568],[-74.238,18.5673],[-74.2399,18.5666],[-74.2421,18.5665],[-74.2447,18.5669],[-74.2466,18.5667],[-74.2481,18.5659],[-74.2493,18.5645],[-74.2507,18.5622],[-74.2521,18.5615],[-74.2535,18.5606],[-74.2524,18.5585],[-74.2515,18.5572],[-74.2523,18.5557],[-74.2559,18.5541],[-74.2523,18.5511],[-74.2519,18.5494],[-74.2508,18.5476],[-74.2524,18.5462],[-74.2537,18.5472],[-74.2556,18.547],[-74.2579,18.5462],[-74.2586,18.5448],[-74.257,18.5438],[-74.2575,18.5422],[-74.258,18.5398],[-74.2599,18.5392],[-74.261,18.538],[-74.2634,18.5381],[-74.2649,18.5375],[-74.2664,18.537],[-74.2688,18.5373],[-74.2701,18.5381],[-74.2725,18.5387],[-74.2705,18.539],[-74.2693,18.54],[-74.2708,18.5413],[-74.2718,18.5423],[-74.2731,18.5434],[-74.2745,18.5445],[-74.276,18.5459],[-74.2769,18.548],[-74.2778,18.5491],[-74.2801,18.5493],[-74.2809,18.5506],[-74.2803,18.552],[-74.2817,18.5535],[-74.2835,18.5531],[-74.2862,18.5529],[-74.2875,18.5519],[-74.2894,18.5517],[-74.2921,18.5517],[-74.2945,18.5512],[-74.2968,18.5509],[-74.2982,18.5499],[-74.2991,18.5485],[-74.2966,18.5489],[-74.2948,18.5486],[-74.2969,18.5483],[-74.2979,18.547],[-74.2998,18.5466],[-74.3008,18.5451],[-74.3016,18.5465],[-74.3007,18.5481],[-74.3025,18.5492],[-74.3046,18.549],[-74.3067,18.5479],[-74.3082,18.5472],[-74.3104,18.5475],[-74.3121,18.5468],[-74.3142,18.5472],[-74.3156,18.5461],[-74.3142,18.544],[-74.3159,18.5431],[-74.318,18.5441],[-74.3187,18.5424],[-74.3195,18.541],[-74.3206,18.5394],[-74.3223,18.5398],[-74.322,18.538],[-74.3231,18.537],[-74.3222,18.5357],[-74.323,18.5343],[-74.3246,18.5334],[-74.3265,18.5325],[-74.3271,18.5303],[-74.3277,18.5288],[-74.3288,18.5276],[-74.3306,18.5278],[-74.3302,18.5253],[-74.3291,18.5241],[-74.3303,18.5226],[-74.3315,18.5217],[-74.3335,18.5213],[-74.3352,18.5198],[-74.3352,18.5167],[-74.336,18.5188],[-74.3358,18.5207],[-74.3342,18.5223],[-74.3321,18.5223],[-74.3339,18.523],[-74.3332,18.5253],[-74.3326,18.527],[-74.3329,18.529],[-74.3321,18.5304],[-74.3312,18.5324],[-74.3291,18.5331],[-74.3272,18.534],[-74.3258,18.5347],[-74.3268,18.5362],[-74.326,18.5377],[-74.3246,18.539],[-74.3247,18.5411],[-74.3259,18.5423],[-74.3273,18.5431],[-74.3287,18.5439],[-74.33,18.5448],[-74.3304,18.5465],[-74.3282,18.547],[-74.3265,18.5477],[-74.3246,18.5482],[-74.3228,18.5484],[-74.3211,18.5491],[-74.3193,18.5495],[-74.3172,18.5503],[-74.3156,18.5509],[-74.3133,18.5509],[-74.3113,18.5502],[-74.3088,18.5499],[-74.3068,18.5501],[-74.3051,18.5505],[-74.3033,18.5515],[-74.3013,18.5512],[-74.2997,18.552],[-74.2988,18.5532],[-74.298,18.5545],[-74.2966,18.5559],[-74.2958,18.554],[-74.2941,18.5544],[-74.2933,18.556],[-74.291,18.5567],[-74.2895,18.556],[-74.2875,18.5561],[-74.2862,18.5572],[-74.2843,18.5577],[-74.2826,18.5572],[-74.2806,18.5576],[-74.2781,18.5572],[-74.2753,18.5573],[-74.276,18.5556],[-74.2766,18.5542],[-74.2775,18.5528],[-74.2766,18.5514],[-74.2742,18.5508],[-74.2718,18.5512],[-74.2708,18.55],[-74.2717,18.5487],[-74.2726,18.5463],[-74.2712,18.5453],[-74.2694,18.5464],[-74.2675,18.546],[-74.2672,18.5442],[-74.2665,18.5424],[-74.2649,18.5419],[-74.2636,18.5411],[-74.2619,18.5425],[-74.2612,18.5441],[-74.2625,18.546],[-74.2629,18.5478],[-74.264,18.5493],[-74.2622,18.5481],[-74.2601,18.5489],[-74.2584,18.5501],[-74.2585,18.5527],[-74.2588,18.5547],[-74.2577,18.5562],[-74.2559,18.5573],[-74.2543,18.558],[-74.2553,18.5596],[-74.255,18.5613],[-74.2531,18.5626],[-74.2515,18.5631],[-74.2503,18.5642],[-74.2495,18.5664],[-74.2476,18.5678],[-74.2456,18.5689],[-74.2437,18.5691],[-74.2418,18.5688],[-74.2399,18.5684],[-74.2386,18.57],[-74.2372,18.571],[-74.2349,18.5721],[-74.2333,18.5726],[-74.2303,18.5733],[-74.2293,18.5748],[-74.2285,18.5766],[-74.2277,18.5781],[-74.2263,18.5798],[-74.224,18.5806],[-74.2223,18.5813],[-74.2203,18.5819],[-74.2182,18.582],[-74.2162,18.5815],[-74.2139,18.5818],[-74.2123,18.5804],[-74.2111,18.5815],[-74.2102,18.5843],[-74.2091,18.5857],[-74.2082,18.5872],[-74.2067,18.5881],[-74.2058,18.5902],[-74.2037,18.5908],[-74.2029,18.5924],[-74.199,18.5953],[-74.1967,18.5955],[-74.1949,18.5952],[-74.1934,18.596],[-74.1927,18.5974],[-74.1907,18.5978],[-74.1894,18.599],[-74.187,18.5991],[-74.1855,18.5983],[-74.1843,18.5968],[-74.1822,18.5966],[-74.1808,18.5973],[-74.18,18.5986],[-74.1782,18.5992],[-74.1762,18.5993],[-74.1749,18.6001],[-74.1734,18.6009],[-74.1719,18.6018],[-74.1697,18.6031],[-74.1681,18.6036],[-74.1691,18.6049],[-74.169,18.6069],[-74.1709,18.608],[-74.1722,18.6093],[-74.1714,18.6118],[-74.1692,18.6122],[-74.1669,18.6123],[-74.164,18.6112],[-74.1619,18.6118],[-74.1609,18.6129],[-74.16,18.6146],[-74.1589,18.6136],[-74.1563,18.6135],[-74.1546,18.6126],[-74.1537,18.6114],[-74.1526,18.61],[-74.151,18.6096],[-74.1486,18.6096],[-74.1459,18.6097],[-74.1434,18.6096],[-74.1413,18.6092],[-74.1399,18.6098],[-74.1384,18.6108],[-74.1367,18.6115],[-74.1348,18.6121],[-74.1326,18.6133],[-74.1302,18.6138],[-74.129,18.615],[-74.1278,18.6161],[-74.1259,18.6164],[-74.1244,18.6169],[-74.1227,18.6181],[-74.1213,18.6194],[-74.1199,18.621],[-74.1195,18.6228],[-74.12,18.6246],[-74.1189,18.6262],[-74.1172,18.6276],[-74.1173,18.6298],[-74.1165,18.6313],[-74.1156,18.6329],[-74.1151,18.6345],[-74.1129,18.6352],[-74.1112,18.6361],[-74.1093,18.6359],[-74.1082,18.634],[-74.1081,18.6318],[-74.1064,18.6323],[-74.1061,18.6342],[-74.0986,18.6304],[-74.0898,18.6262],[-74.0883,18.6249],[-74.086,18.6201],[-74.0822,18.6178],[-74.0762,18.6155],[-74.0741,18.615],[-74.0726,18.614],[-74.0709,18.6127],[-74.0692,18.6118],[-74.0677,18.6111],[-74.0659,18.6109],[-74.0645,18.6102],[-74.0628,18.6098],[-74.0612,18.6092],[-74.0578,18.6083],[-74.0553,18.6077],[-74.0511,18.607],[-74.0386,18.6036],[-74.0319,18.6024],[-74.0297,18.6026],[-74.0281,18.6019],[-74.0262,18.6013],[-74.0244,18.6011],[-74.0224,18.6008],[-74.0206,18.601],[-74.0193,18.6018],[-74.0173,18.6015],[-74.0154,18.6011],[-74.0136,18.6007],[-74.0118,18.6005],[-74.0099,18.6009],[-74.0078,18.6005],[-74.0055,18.6],[-74.0042,18.5992],[-74.0029,18.5983],[-74.004,18.5972],[-74.0042,18.5951],[-74.0055,18.594],[-74.008,18.5938],[-74.0102,18.5931],[-74.0133,18.5938],[-74.0155,18.5936],[-74.0164,18.5947],[-74.0186,18.5946],[-74.0194,18.5961],[-74.0214,18.596],[-74.023,18.5969],[-74.0255,18.5969],[-74.0269,18.5958],[-74.0271,18.5937],[-74.0275,18.5918],[-74.0279,18.5899],[-74.0287,18.5878],[-74.0302,18.587],[-74.0309,18.585],[-74.0316,18.5832],[-74.0357,18.5817],[-74.037,18.5807],[-74.0389,18.58],[-74.0397,18.5781],[-74.0393,18.5763],[-74.0383,18.5752],[-74.037,18.5761],[-74.0353,18.5773],[-74.0339,18.5761],[-74.0336,18.5736],[-74.0322,18.573],[-74.0309,18.5716],[-74.0295,18.5722],[-74.028,18.5733],[-74.0263,18.5738],[-74.0246,18.5733],[-74.024,18.5711],[-74.0231,18.5694],[-74.0227,18.5674],[-74.0213,18.5668],[-74.0198,18.568],[-74.0198,18.5701],[-74.0178,18.5693],[-74.0161,18.5681],[-74.0143,18.5677],[-74.0128,18.5655],[-74.0119,18.5639],[-74.0125,18.5619],[-74.0116,18.5599],[-74.0105,18.5612],[-74.0089,18.562],[-74.0071,18.5622],[-74.005,18.5609],[-74.0057,18.5582],[-74.0072,18.5573],[-74.0089,18.5551],[-74.0103,18.554],[-74.012,18.5532],[-74.014,18.553],[-74.016,18.5523],[-74.0146,18.5515],[-74.0127,18.5511],[-74.0131,18.5494],[-74.0145,18.5486],[-74.0154,18.5475],[-74.0161,18.5458],[-74.0144,18.5451],[-74.0118,18.545],[-74.0103,18.5444],[-74.0092,18.543],[-74.0112,18.5436],[-74.0133,18.544],[-74.0153,18.5442],[-74.0175,18.5453],[-74.0165,18.5471],[-74.015,18.5484],[-74.0142,18.5498],[-74.0157,18.5504],[-74.0177,18.5501],[-74.0191,18.5511],[-74.0204,18.5523],[-74.0197,18.5537],[-74.0183,18.5545],[-74.0164,18.5538],[-74.0146,18.5542],[-74.0129,18.5548],[-74.0108,18.556],[-74.0087,18.5574],[-74.0074,18.5599],[-74.0094,18.5594],[-74.0111,18.5586],[-74.0136,18.5586],[-74.014,18.5605],[-74.0132,18.5627],[-74.014,18.5657],[-74.0155,18.5672],[-74.0173,18.5684],[-74.0189,18.5676],[-74.0203,18.566],[-74.0222,18.5663],[-74.0237,18.5683],[-74.0245,18.5706],[-74.0251,18.5724],[-74.027,18.5732],[-74.0285,18.5723],[-74.0297,18.5709],[-74.0321,18.5714],[-74.0337,18.5724],[-74.0348,18.5742],[-74.0355,18.5761],[-74.0371,18.5751],[-74.0382,18.5731],[-74.04,18.5735],[-74.0406,18.5756],[-74.0415,18.5775],[-74.042,18.5798],[-74.0407,18.5812],[-74.0392,18.5822],[-74.0376,18.5831],[-74.0363,18.5843],[-74.0354,18.5862],[-74.0348,18.5878],[-74.0362,18.5885],[-74.0336,18.5929],[-74.0341,18.5949],[-74.0358,18.5955],[-74.0366,18.5942],[-74.0382,18.595],[-74.0401,18.5965],[-74.0384,18.597],[-74.0363,18.597],[-74.037,18.5993],[-74.0391,18.5993],[-74.0402,18.6006],[-74.0426,18.6001],[-74.0429,18.5983],[-74.0436,18.6006],[-74.0441,18.599],[-74.0461,18.5984],[-74.0466,18.5966],[-74.0479,18.5982],[-74.0492,18.5993],[-74.0506,18.6009],[-74.0486,18.6009],[-74.0503,18.602],[-74.0519,18.6028],[-74.0522,18.6009],[-74.0545,18.6004],[-74.0557,18.5984],[-74.0565,18.597],[-74.0563,18.5951],[-74.0573,18.5961],[-74.0576,18.5981],[-74.0568,18.6006],[-74.0562,18.6021],[-74.0576,18.6028],[-74.0563,18.6035],[-74.0578,18.6045],[-74.0595,18.604],[-74.0603,18.6023],[-74.0599,18.6006],[-74.0608,18.6018],[-74.0611,18.604],[-74.0628,18.6036],[-74.0629,18.6055],[-74.0649,18.6061],[-74.0666,18.6056],[-74.069,18.6066],[-74.0679,18.6048],[-74.0697,18.605],[-74.0713,18.606],[-74.0719,18.6074],[-74.0734,18.6062],[-74.0749,18.6053],[-74.0747,18.6031],[-74.0752,18.6013],[-74.0766,18.6025],[-74.0772,18.6048],[-74.0793,18.6053],[-74.0806,18.6063],[-74.082,18.6056],[-74.0828,18.6034],[-74.0831,18.6014],[-74.083,18.5995],[-74.0835,18.5973],[-74.0847,18.5955],[-74.0852,18.594],[-74.0873,18.5932],[-74.0891,18.5924],[-74.091,18.5919],[-74.0947,18.5924],[-74.0966,18.5926],[-74.0983,18.5932],[-74.1003,18.5931],[-74.102,18.5925],[-74.1041,18.5912],[-74.1052,18.5893],[-74.1054,18.5874],[-74.1051,18.5853],[-74.1055,18.5832],[-74.1055,18.581],[-74.1047,18.5797],[-74.1059,18.5785],[-74.107,18.5775],[-74.1065,18.5759],[-74.1056,18.574],[-74.1043,18.5714],[-74.1039,18.5694],[-74.1031,18.5678],[-74.1023,18.5664],[-74.1019,18.5645],[-74.1031,18.5631],[-74.1025,18.561],[-74.1018,18.5595],[-74.1014,18.5578],[-74.1004,18.5566],[-74.1025,18.557],[-74.1031,18.5589],[-74.1043,18.5579],[-74.104,18.5556],[-74.1056,18.5546],[-74.106,18.5528],[-74.1071,18.5519],[-74.1079,18.5504],[-74.108,18.5479],[-74.1092,18.547],[-74.1102,18.5455],[-74.1118,18.5447],[-74.1131,18.5456],[-74.1148,18.5442],[-74.116,18.5417],[-74.1172,18.5407],[-74.1172,18.5382],[-74.1168,18.5358],[-74.1165,18.5336],[-74.1171,18.5321],[-74.1173,18.53],[-74.1178,18.5282],[-74.1182,18.5258],[-74.1167,18.525],[-74.1152,18.5244],[-74.1145,18.5229],[-74.1134,18.5215],[-74.1131,18.5195],[-74.1132,18.5176],[-74.1149,18.5171],[-74.1173,18.5169],[-74.1196,18.5166],[-74.1183,18.5178],[-74.1167,18.519],[-74.1159,18.5211],[-74.1163,18.5231],[-74.1182,18.5237],[-74.1202,18.523],[-74.1196,18.5257],[-74.1189,18.5276],[-74.1195,18.5292],[-74.1193,18.531],[-74.1186,18.5326],[-74.1182,18.5344],[-74.1187,18.5365],[-74.1191,18.5392],[-74.1193,18.5413],[-74.1189,18.5435],[-74.1181,18.5453],[-74.1179,18.5475],[-74.117,18.5488],[-74.1161,18.5499],[-74.114,18.5501],[-74.1122,18.5496],[-74.1104,18.5505],[-74.1094,18.5516],[-74.1098,18.5532],[-74.1079,18.5535],[-74.1069,18.5554],[-74.1079,18.5572],[-74.1077,18.5593],[-74.1073,18.5615],[-74.1057,18.5625],[-74.105,18.5648],[-74.1052,18.5668],[-74.1063,18.5685],[-74.1071,18.5706],[-74.108,18.5724],[-74.109,18.5738],[-74.11,18.5757],[-74.1105,18.5777],[-74.1103,18.5796],[-74.1099,18.5821],[-74.1103,18.5841],[-74.1117,18.5852],[-74.1104,18.587],[-74.1097,18.589],[-74.1088,18.5909],[-74.1075,18.5924],[-74.1072,18.5943],[-74.1064,18.5962],[-74.105,18.5974],[-74.1029,18.5975],[-74.101,18.5976],[-74.0985,18.5975],[-74.0964,18.5974],[-74.0953,18.5965],[-74.094,18.5957],[-74.0922,18.5954],[-74.0914,18.597],[-74.0922,18.5983],[-74.0924,18.6006],[-74.0908,18.6011],[-74.091,18.6034],[-74.0884,18.6046],[-74.0868,18.6054],[-74.0868,18.6075],[-74.0878,18.6085],[-74.0865,18.6101],[-74.0859,18.612],[-74.0849,18.6133],[-74.0871,18.6128],[-74.0885,18.6139],[-74.0904,18.6129],[-74.0921,18.6121],[-74.0938,18.6113],[-74.095,18.6122],[-74.0964,18.613],[-74.0975,18.6116],[-74.0981,18.6101],[-74.0996,18.6093],[-74.101,18.6105],[-74.1024,18.6117],[-74.1003,18.612],[-74.0995,18.6136],[-74.0954,18.6145],[-74.0933,18.6155],[-74.0879,18.6203],[-74.0892,18.6248],[-74.0924,18.6267],[-74.0975,18.6293],[-74.0989,18.6299],[-74.0993,18.6274],[-74.101,18.6267],[-74.1032,18.628],[-74.1047,18.6269],[-74.1055,18.6254],[-74.1078,18.6252],[-74.1099,18.6257],[-74.11,18.6234],[-74.1106,18.6219],[-74.1092,18.6194],[-74.11,18.618],[-74.1121,18.6166],[-74.1136,18.6171],[-74.116,18.6166],[-74.1175,18.6159],[-74.1187,18.6148],[-74.1192,18.613],[-74.1206,18.612],[-74.1226,18.6114],[-74.1237,18.6102],[-74.1253,18.6092],[-74.1274,18.6084],[-74.1281,18.6067],[-74.1304,18.6063],[-74.1319,18.6054],[-74.1344,18.6063],[-74.1368,18.6063],[-74.1387,18.6069],[-74.1419,18.6072],[-74.1442,18.6075],[-74.1467,18.6076],[-74.1491,18.6077],[-74.1512,18.608],[-74.1534,18.6079],[-74.1558,18.6086],[-74.1583,18.6081],[-74.1597,18.6068],[-74.1618,18.6058],[-74.1634,18.6066],[-74.1651,18.6074],[-74.1669,18.6077],[-74.1664,18.606],[-74.1662,18.6039],[-74.1653,18.6027],[-74.164,18.6015],[-74.1648,18.5992],[-74.1641,18.5976],[-74.1634,18.5957],[-74.1623,18.5933],[-74.1642,18.5926],[-74.166,18.5934],[-74.1677,18.5927],[-74.1691,18.5917],[-74.1704,18.5924],[-74.1722,18.5929],[-74.1739,18.5922],[-74.1752,18.5933],[-74.1769,18.5925],[-74.1784,18.5916],[-74.1791,18.5916]]]},"properties":{}},{"type":"Feature","geometry":{"type":"Polygon","coordinates":[[[-73.8932,18.5656],[-73.8951,18.5658],[-73.8967,18.5646],[-73.8962,18.5628],[-73.8993,18.5655],[-73.9011,18.5661],[-73.9028,18.565],[-73.9057,18.5651],[-73.9082,18.5647],[-73.9105,18.5628],[-73.9126,18.5623],[-73.9133,18.5607],[-73.9146,18.5596],[-73.9153,18.5583],[-73.9159,18.5568],[-73.9167,18.5556],[-73.9182,18.5549],[-73.9202,18.5553],[-73.9195,18.5568],[-73.9174,18.5585],[-73.9164,18.5603],[-73.9173,18.5626],[-73.9171,18.5653],[-73.9175,18.5673],[-73.9206,18.5674],[-73.9224,18.5688],[-73.9261,18.5686],[-73.929,18.5662],[-73.9305,18.5679],[-73.9289,18.5697],[-73.9279,18.5708],[-73.9267,18.5728],[-73.9283,18.5742],[-73.9295,18.5752],[-73.9313,18.5763],[-73.9319,18.5783],[-73.9327,18.5798],[-73.9347,18.5801],[-73.937,18.58],[-73.9395,18.5799],[-73.94,18.5816],[-73.9419,18.581],[-73.9407,18.5829],[-73.9392,18.5824],[-73.9375,18.5817],[-73.9353,18.5815],[-73.9339,18.5821],[-73.9346,18.5839],[-73.9362,18.5846],[-73.9376,18.5853],[-73.9393,18.5862],[-73.9413,18.5866],[-73.9412,18.5885],[-73.939,18.5881],[-73.9361,18.5887],[-73.9357,18.5869],[-73.9334,18.586],[-73.9309,18.5856],[-73.9289,18.5845],[-73.9259,18.5833],[-73.9255,18.5808],[-73.9233,18.5802],[-73.9227,18.5785],[-73.9216,18.5775],[-73.9193,18.575],[-73.9179,18.573],[-73.916,18.5741],[-73.9141,18.5744],[-73.9111,18.5737],[-73.908,18.5723],[-73.9059,18.5766],[-73.9042,18.5759],[-73.9049,18.5739],[-73.9034,18.573],[-73.9023,18.5721],[-73.9029,18.5706],[-73.9038,18.5722],[-73.9048,18.5705],[-73.9043,18.5685],[-73.9034,18.5663],[-73.9015,18.5668],[-73.8992,18.5671],[-73.8969,18.5677],[-73.8945,18.5677],[-73.8936,18.5661],[-73.8932,18.5656]]]},"properties":{}},{"type":"Feature","geometry":{"type":"Polygon","coordinates":[[[-74.4461,18.5089],[-74.4449,18.508],[-74.447,18.5079],[-74.4463,18.5062],[-74.4479,18.5055],[-74.4486,18.5038],[-74.4475,18.5022],[-74.4464,18.5012],[-74.4474,18.5002],[-74.4454,18.4998],[-74.4463,18.4986],[-74.4478,18.4979],[-74.4472,18.4963],[-74.4484,18.4976],[-74.4493,18.4995],[-74.451,18.5005],[-74.4526,18.4994],[-74.4531,18.4978],[-74.4543,18.4989],[-74.4557,18.4998],[-74.4562,18.4983],[-74.4587,18.4989],[-74.4571,18.4998],[-74.4558,18.501],[-74.4539,18.5022],[-74.4532,18.5035],[-74.4522,18.5052],[-74.4509,18.5064],[-74.4501,18.508],[-74.4491,18.509],[-74.4476,18.5098],[-74.4461,18.5113],[-74.4446,18.5131],[-74.4429,18.5146],[-74.4417,18.5159],[-74.4412,18.5185],[-74.4399,18.5193],[-74.4378,18.5193],[-74.439,18.5182],[-74.437,18.5173],[-74.436,18.516],[-74.4358,18.5139],[-74.4355,18.5117],[-74.4363,18.51],[-74.4378,18.5094],[-74.4389,18.5084],[-74.4407,18.5079],[-74.4427,18.5076],[-74.4424,18.5094],[-74.4444,18.5087],[-74.4461,18.5089]]]},"properties":{}},{"type":"Feature","geometry":{"type":"Polygon","coordinates":[[[-74.4385,18.5223],[-74.4375,18.5236],[-74.4356,18.5234],[-74.4359,18.5213],[-74.4377,18.5215],[-74.4385,18.5223]]]},"properties":{}},{"type":"Feature","geometry":{"type":"Polygon","coordinates":[[[-74.3419,18.4911],[-74.3399,18.4914],[-74.3409,18.4901],[-74.3424,18.489],[-74.3437,18.488],[-74.3445,18.4893],[-74.3462,18.4883],[-74.3485,18.4877],[-74.3502,18.4882],[-74.3521,18.4884],[-74.3517,18.4863],[-74.3505,18.4854],[-74.3486,18.4839],[-74.347,18.4832],[-74.3488,18.4829],[-74.3509,18.4841],[-74.3525,18.4833],[-74.3529,18.4851],[-74.3533,18.4872],[-74.353,18.4893],[-74.3521,18.4904],[-74.3504,18.4897],[-74.348,18.4898],[-74.3463,18.4911],[-74.3452,18.4925],[-74.3443,18.4911],[-74.3419,18.4911]]]},"properties":{}},{"type":"Feature","geometry":{"type":"Polygon","coordinates":[[[-74.365,18.5093],[-74.3655,18.5113],[-74.3646,18.5125],[-74.3625,18.513],[-74.3614,18.5119],[-74.3632,18.5112],[-74.364,18.509],[-74.3648,18.5072],[-74.3655,18.5086],[-74.365,18.5093]]]},"properties":{}},{"type":"Feature","geometry":{"type":"Polygon","coordinates":[[[-74.2017,18.6753],[-74.1971,18.6752],[-74.1943,18.675],[-74.1947,18.6733],[-74.1933,18.6726],[-74.1911,18.6727],[-74.1896,18.6719],[-74.1878,18.6716],[-74.186,18.6713],[-74.1838,18.6712],[-74.1816,18.6709],[-74.1783,18.6699],[-74.1747,18.6694],[-74.1732,18.6688],[-74.1752,18.6675],[-74.1787,18.6677],[-74.1815,18.6685],[-74.1837,18.6685],[-74.186,18.6678],[-74.1877,18.6684],[-74.19,18.6695],[-74.192,18.67],[-74.1937,18.6711],[-74.1953,18.6743],[-74.199,18.6742],[-74.2016,18.6742],[-74.204,18.6744],[-74.2103,18.673],[-74.2126,18.6718],[-74.2165,18.6716],[-74.2193,18.6708],[-74.2223,18.6705],[-74.2248,18.6701],[-74.2271,18.6698],[-74.2291,18.6693],[-74.2307,18.6701],[-74.2327,18.67],[-74.2338,18.6691],[-74.2349,18.6681],[-74.2355,18.6698],[-74.237,18.6682],[-74.2386,18.6669],[-74.2402,18.6661],[-74.2419,18.6654],[-74.2435,18.6645],[-74.2453,18.6633],[-74.2455,18.6615],[-74.2443,18.6601],[-74.2432,18.6588],[-74.2429,18.6568],[-74.2422,18.6546],[-74.2417,18.6525],[-74.243,18.6514],[-74.2446,18.6509],[-74.244,18.6525],[-74.2445,18.654],[-74.2455,18.6551],[-74.2464,18.6566],[-74.2473,18.658],[-74.2489,18.6603],[-74.2506,18.6613],[-74.2536,18.66],[-74.2561,18.6593],[-74.2582,18.6597],[-74.2601,18.6605],[-74.2581,18.6619],[-74.256,18.664],[-74.2545,18.6654],[-74.2531,18.6663],[-74.2506,18.6664],[-74.2496,18.6651],[-74.2476,18.6649],[-74.2461,18.6655],[-74.2465,18.6673],[-74.2446,18.6687],[-74.243,18.6698],[-74.2409,18.6699],[-74.2385,18.6698],[-74.2366,18.6706],[-74.2345,18.6711],[-74.2331,18.6719],[-74.2309,18.6722],[-74.2284,18.673],[-74.2256,18.6734],[-74.2223,18.6734],[-74.2208,18.6739],[-74.2189,18.6742],[-74.2166,18.6743],[-74.2144,18.6746],[-74.2124,18.6749],[-74.2096,18.6749],[-74.2078,18.6752],[-74.2055,18.6754],[-74.2036,18.6753],[-74.2017,18.6753]]]},"properties":{}},{"type":"Feature","geometry":{"type":"Polygon","coordinates":[[[-74.2883,18.492],[-74.2891,18.4905],[-74.2892,18.4931],[-74.2886,18.4947],[-74.2869,18.4955],[-74.286,18.4967],[-74.2856,18.499],[-74.2848,18.5007],[-74.283,18.5005],[-74.2815,18.4996],[-74.2832,18.4984],[-74.2835,18.4963],[-74.2855,18.4946],[-74.2873,18.493],[-74.2883,18.492]]]},"properties":{}},{"type":"Feature","geometry":{"type":"Polygon","coordinates":[[[-74.1482,18.3365],[-74.1484,18.3389],[-74.147,18.3398],[-74.1462,18.341],[-74.1457,18.3428],[-74.1437,18.3431],[-74.1418,18.3437],[-74.1403,18.3448],[-74.1393,18.3459],[-74.1387,18.3476],[-74.1383,18.3494],[-74.1389,18.351],[-74.1412,18.3519],[-74.1425,18.353],[-74.1431,18.3546],[-74.144,18.3558],[-74.1422,18.3556],[-74.1413,18.3537],[-74.1402,18.3522],[-74.1381,18.3518],[-74.1369,18.3505],[-74.1374,18.3487],[-74.1364,18.3475],[-74.1339,18.3479],[-74.1323,18.3486],[-74.1304,18.3492],[-74.1287,18.3502],[-74.1267,18.3509],[-74.1243,18.352],[-74.1225,18.3522],[-74.1201,18.3522],[-74.1174,18.3523],[-74.1189,18.3516],[-74.1215,18.3515],[-74.1231,18.3509],[-74.1254,18.3506],[-74.127,18.3499],[-74.1287,18.3493],[-74.1308,18.3485],[-74.132,18.3477],[-74.1334,18.3468],[-74.1352,18.3466],[-74.1372,18.3466],[-74.1384,18.3454],[-74.1392,18.3441],[-74.1405,18.3423],[-74.143,18.3421],[-74.1452,18.3418],[-74.1456,18.3396],[-74.1472,18.3387],[-74.1474,18.3367],[-74.147,18.3341],[-74.1484,18.3323],[-74.1503,18.3317],[-74.1516,18.33],[-74.1538,18.3289],[-74.1565,18.3294],[-74.1586,18.3298],[-74.1605,18.3307],[-74.1619,18.3322],[-74.1634,18.3316],[-74.165,18.3306],[-74.1664,18.3289],[-74.1685,18.3274],[-74.1712,18.3258],[-74.1734,18.3257],[-74.1762,18.3251],[-74.1787,18.3254],[-74.1799,18.3263],[-74.1817,18.3277],[-74.1826,18.329],[-74.1837,18.3304],[-74.1854,18.3309],[-74.1874,18.3305],[-74.1888,18.3297],[-74.1915,18.3285],[-74.1943,18.3282],[-74.1955,18.3273],[-74.1969,18.3252],[-74.1984,18.3235],[-74.2,18.3228],[-74.2013,18.321],[-74.2014,18.319],[-74.2018,18.3171],[-74.2003,18.3162],[-74.2014,18.3148],[-74.2021,18.3119],[-74.2008,18.3111],[-74.1997,18.3122],[-74.1983,18.3136],[-74.1968,18.3148],[-74.1953,18.3154],[-74.1943,18.3143],[-74.1953,18.3131],[-74.1953,18.311],[-74.1946,18.3094],[-74.1933,18.3084],[-74.1937,18.3066],[-74.1936,18.3042],[-74.1934,18.3015],[-74.1933,18.2988],[-74.1957,18.2978],[-74.1983,18.2978],[-74.2007,18.2973],[-74.2024,18.2979],[-74.2044,18.2977],[-74.2065,18.2974],[-74.2099,18.2978],[-74.2115,18.2983],[-74.2125,18.2995],[-74.214,18.3005],[-74.2173,18.3014],[-74.2188,18.3022],[-74.2205,18.3039],[-74.222,18.3069],[-74.2233,18.3088],[-74.226,18.3102],[-74.2297,18.3109],[-74.232,18.3109],[-74.231,18.3121],[-74.2273,18.3128],[-74.2243,18.3124],[-74.2226,18.3111],[-74.2197,18.3109],[-74.2178,18.3105],[-74.2164,18.3117],[-74.2155,18.3137],[-74.2147,18.315],[-74.2154,18.3168],[-74.2139,18.3176],[-74.2118,18.3179],[-74.2106,18.3193],[-74.2094,18.3211],[-74.2088,18.3229],[-74.2083,18.3249],[-74.2068,18.3257],[-74.2036,18.3272],[-74.2024,18.3285],[-74.2006,18.3299],[-74.1979,18.3316],[-74.1962,18.3321],[-74.1947,18.3331],[-74.1917,18.3332],[-74.188,18.3351],[-74.1849,18.3347],[-74.1828,18.3343],[-74.1819,18.333],[-74.1805,18.332],[-74.1795,18.3309],[-74.1779,18.3304],[-74.1763,18.3297],[-74.1738,18.3298],[-74.1718,18.33],[-74.17,18.3305],[-74.1691,18.3317],[-74.1679,18.3328],[-74.1675,18.3353],[-74.1652,18.3354],[-74.1618,18.3354],[-74.1605,18.334],[-74.1587,18.3334],[-74.157,18.3326],[-74.1546,18.3323],[-74.1529,18.3328],[-74.1516,18.3338],[-74.1501,18.3344],[-74.1485,18.3352],[-74.1482,18.3365]]]},"properties":{}},{"type":"Feature","geometry":{"type":"Polygon","coordinates":[[[-74.2571,18.3128],[-74.2588,18.3124],[-74.2606,18.3121],[-74.26,18.3142],[-74.2583,18.3149],[-74.2567,18.3159],[-74.2544,18.3161],[-74.2531,18.318],[-74.2519,18.3191],[-74.2509,18.3203],[-74.2485,18.3199],[-74.2476,18.321],[-74.2467,18.3222],[-74.2454,18.3231],[-74.2447,18.3247],[-74.2429,18.3251],[-74.241,18.325],[-74.2404,18.3266],[-74.2384,18.3278],[-74.2367,18.3288],[-74.2378,18.3262],[-74.2387,18.325],[-74.2387,18.3227],[-74.2408,18.3228],[-74.2411,18.3207],[-74.2432,18.3206],[-74.2447,18.3184],[-74.2464,18.3169],[-74.2479,18.3157],[-74.2495,18.3145],[-74.2495,18.3117],[-74.2523,18.3111],[-74.2549,18.3131],[-74.2571,18.3128]]]},"properties":{}},{"type":"Feature","geometry":{"type":"Polygon","coordinates":[[[-73.9285,18.2563],[-73.927,18.2551],[-73.9255,18.254],[-73.9236,18.253],[-73.921,18.2515],[-73.9185,18.2502],[-73.9164,18.2501],[-73.9143,18.2503],[-73.912,18.2506],[-73.9099,18.2504],[-73.9085,18.2497],[-73.9067,18.2491],[-73.9047,18.2486],[-73.9037,18.2476],[-73.902,18.2481],[-73.9008,18.2466],[-73.8989,18.247],[-73.8973,18.2462],[-73.8949,18.2465],[-73.8939,18.2478],[-73.8944,18.2462],[-73.894,18.2443],[-73.8924,18.2448],[-73.8909,18.2461],[-73.8917,18.2476],[-73.8908,18.2487],[-73.8899,18.2501],[-73.8899,18.2479],[-73.8894,18.2463],[-73.8886,18.2447],[-73.8877,18.2466],[-73.8866,18.248],[-73.8853,18.2471],[-73.886,18.2453],[-73.8854,18.2437],[-73.8844,18.2449],[-73.8833,18.246],[-73.8816,18.2447],[-73.8822,18.2463],[-73.8834,18.2477],[-73.8853,18.2485],[-73.8857,18.2502],[-73.8871,18.251],[-73.889,18.2519],[-73.8903,18.2532],[-73.8915,18.2545],[-73.8923,18.256],[-73.8941,18.2569],[-73.8956,18.2583],[-73.897,18.2593],[-73.898,18.2606],[-73.9007,18.261],[-73.9022,18.2625],[-73.9032,18.2639],[-73.9047,18.2649],[-73.9057,18.266],[-73.9069,18.2672],[-73.9078,18.2689],[-73.9091,18.2707],[-73.9109,18.271],[-73.9122,18.2719],[-73.9131,18.2734],[-73.9138,18.2756],[-73.9153,18.2746],[-73.9168,18.2736],[-73.9187,18.2735],[-73.9185,18.2761],[-73.9153,18.2781],[-73.9122,18.2776],[-73.9108,18.2768],[-73.9092,18.2762],[-73.9079,18.2747],[-73.9057,18.2738],[-73.9043,18.2723],[-73.9026,18.2701],[-73.9013,18.2689],[-73.8994,18.2711],[-73.9008,18.2717],[-73.901,18.2739],[-73.9032,18.2743],[-73.9037,18.2758],[-73.9041,18.2775],[-73.9054,18.2783],[-73.9045,18.2799],[-73.906,18.2806],[-73.9053,18.2826],[-73.9067,18.2839],[-73.906,18.2862],[-73.9039,18.284],[-73.9023,18.2825],[-73.9013,18.2813],[-73.9001,18.2799],[-73.8991,18.2782],[-73.8983,18.2768],[-73.8962,18.2755],[-73.8964,18.278],[-73.8954,18.2799],[-73.8966,18.2819],[-73.898,18.2828],[-73.8973,18.2845],[-73.8957,18.2835],[-73.8939,18.2843],[-73.8927,18.2832],[-73.8933,18.2813],[-73.892,18.2799],[-73.8923,18.2781],[-73.8907,18.2777],[-73.8896,18.2765],[-73.888,18.2756],[-73.8868,18.2741],[-73.8851,18.2732],[-73.8841,18.2721],[-73.8829,18.2711],[-73.8818,18.2734],[-73.8828,18.2745],[-73.8839,18.2759],[-73.8827,18.2773],[-73.8817,18.2783],[-73.879,18.2786],[-73.8801,18.2797],[-73.881,18.2813],[-73.8832,18.2829],[-73.8849,18.2833],[-73.8862,18.2842],[-73.8877,18.2865],[-73.8893,18.2877],[-73.8921,18.2883],[-73.8949,18.2897],[-73.896,18.2914],[-73.8982,18.2925],[-73.8997,18.2947],[-73.9007,18.2975],[-73.9024,18.2986],[-73.9038,18.2992],[-73.9052,18.3015],[-73.9065,18.303],[-73.9084,18.3028],[-73.9112,18.3043],[-73.9135,18.305],[-73.9157,18.3054],[-73.9162,18.3069],[-73.9175,18.308],[-73.9187,18.3092],[-73.9206,18.3114],[-73.9233,18.3121],[-73.9259,18.3126],[-73.9273,18.3138],[-73.9298,18.3156],[-73.9284,18.3166],[-73.9267,18.3149],[-73.9251,18.3132],[-73.9232,18.3136],[-73.9209,18.3138],[-73.9184,18.3129],[-73.9166,18.3113],[-73.9155,18.3104],[-73.9136,18.3097],[-73.9123,18.3086],[-73.9108,18.3077],[-73.909,18.3069],[-73.9072,18.3065],[-73.9057,18.307],[-73.9039,18.3059],[-73.902,18.3049],[-73.9007,18.3038],[-73.8991,18.3028],[-73.898,18.3018],[-73.8963,18.3002],[-73.8954,18.2984],[-73.8941,18.2974],[-73.8929,18.2964],[-73.8901,18.2964],[-73.888,18.2964],[-73.8871,18.2949],[-73.8859,18.296],[-73.8841,18.2962],[-73.8838,18.2979],[-73.8836,18.2998],[-73.8831,18.3017],[-73.8811,18.3019],[-73.8768,18.2992],[-73.8741,18.2995],[-73.8723,18.3005],[-73.8694,18.3008],[-73.8691,18.3027],[-73.868,18.3043],[-73.8672,18.3072],[-73.868,18.3091],[-73.8689,18.3104],[-73.8702,18.3124],[-73.8697,18.3144],[-73.8698,18.3174],[-73.8709,18.3183],[-73.8718,18.3203],[-73.8714,18.3221],[-73.8711,18.3247],[-73.8734,18.3252],[-73.8751,18.3237],[-73.8753,18.3257],[-73.8762,18.327],[-73.8766,18.3287],[-73.8784,18.3294],[-73.8782,18.3318],[-73.8794,18.3332],[-73.8777,18.3328],[-73.8764,18.332],[-73.8749,18.3304],[-73.8736,18.3289],[-73.8723,18.3267],[-73.8716,18.3282],[-73.8717,18.3301],[-73.8718,18.3326],[-73.872,18.3348],[-73.8712,18.3365],[-73.8706,18.338],[-73.8702,18.34],[-73.872,18.3413],[-73.8734,18.3424],[-73.8743,18.3443],[-73.8732,18.3452],[-73.872,18.3439],[-73.8711,18.3424],[-73.8701,18.3408],[-73.8686,18.3397],[-73.8679,18.338],[-73.8682,18.3357],[-73.8677,18.3334],[-73.8665,18.3321],[-73.8673,18.3308],[-73.8674,18.3282],[-73.8686,18.3269],[-73.8687,18.3243],[-73.8675,18.3216],[-73.8662,18.3198],[-73.8655,18.3182],[-73.866,18.3155],[-73.8651,18.3132],[-73.8641,18.312],[-73.8626,18.3114],[-73.8621,18.3079],[-73.862,18.306],[-73.8595,18.3055],[-73.8573,18.3053],[-73.8559,18.3045],[-73.8546,18.3034],[-73.8526,18.3031],[-73.8513,18.3046],[-73.8485,18.3044],[-73.8489,18.3065],[-73.849,18.3092],[-73.8498,18.3116],[-73.8505,18.314],[-73.8523,18.3145],[-73.8524,18.3168],[-73.8503,18.3164],[-73.848,18.317],[-73.8454,18.3172],[-73.844,18.3178],[-73.8438,18.3159],[-73.8429,18.3146],[-73.842,18.3132],[-73.8425,18.3117],[-73.8441,18.3107],[-73.8447,18.3089],[-73.8436,18.3074],[-73.8438,18.3052],[-73.8434,18.3028],[-73.8424,18.301],[-73.8407,18.3017],[-73.8387,18.3008],[-73.8374,18.2995],[-73.8366,18.3009],[-73.8349,18.2999],[-73.833,18.2993],[-73.8311,18.3015],[-73.8303,18.3029],[-73.8292,18.3042],[-73.8282,18.306],[-73.8289,18.3073],[-73.8295,18.3089],[-73.8307,18.3104],[-73.8315,18.3118],[-73.8318,18.3138],[-73.8313,18.3158],[-73.8303,18.3174],[-73.8304,18.3135],[-73.8289,18.3128],[-73.8275,18.3116],[-73.8267,18.3101],[-73.8252,18.3079],[-73.8257,18.306],[-73.8262,18.3042],[-73.8272,18.3018],[-73.8262,18.3006],[-73.8245,18.3013],[-73.8225,18.301],[-73.8214,18.3023],[-73.8212,18.3046],[-73.8207,18.3062],[-73.8201,18.3077],[-73.8198,18.3097],[-73.8209,18.3112],[-73.8204,18.3128],[-73.8202,18.3148],[-73.8188,18.3157],[-73.8182,18.313],[-73.8173,18.311],[-73.8165,18.3097],[-73.815,18.3092],[-73.8152,18.3067],[-73.8139,18.3056],[-73.8162,18.3064],[-73.8154,18.3038],[-73.8141,18.3028],[-73.8157,18.302],[-73.8132,18.302],[-73.8109,18.3022],[-73.8092,18.3033],[-73.8073,18.3028],[-73.8078,18.3011],[-73.8086,18.2995],[-73.8068,18.3],[-73.8056,18.2983],[-73.8055,18.2964],[-73.8059,18.2943],[-73.8056,18.2924],[-73.8048,18.294],[-73.8031,18.2936],[-73.8019,18.2946],[-73.8023,18.2928],[-73.8014,18.2916],[-73.8001,18.2923],[-73.7999,18.2945],[-73.8007,18.2957],[-73.8023,18.2972],[-73.8023,18.2993],[-73.803,18.3015],[-73.8043,18.3028],[-73.8035,18.3055],[-73.8058,18.3064],[-73.8068,18.3075],[-73.8088,18.3076],[-73.809,18.3099],[-73.8091,18.3127],[-73.8085,18.3143],[-73.808,18.3123],[-73.8074,18.3108],[-73.8066,18.3086],[-73.8046,18.3079],[-73.8027,18.3075],[-73.8004,18.3051],[-73.7991,18.3071],[-73.8,18.309],[-73.7974,18.3086],[-73.7957,18.3095],[-73.7953,18.3112],[-73.7941,18.3124],[-73.794,18.3146],[-73.7937,18.3181],[-73.7926,18.3166],[-73.7923,18.3145],[-73.7925,18.3126],[-73.7926,18.3106],[-73.7932,18.309],[-73.7938,18.3074],[-73.795,18.306],[-73.7946,18.3028],[-73.7956,18.3016],[-73.796,18.299],[-73.7968,18.2969],[-73.796,18.2954],[-73.7928,18.2927],[-73.7938,18.2915],[-73.7928,18.2903],[-73.7934,18.2888],[-73.7923,18.2877],[-73.7909,18.2883],[-73.7893,18.2888],[-73.7845,18.2891],[-73.7836,18.2919],[-73.7846,18.294],[-73.7828,18.2938],[-73.7821,18.2922],[-73.7803,18.2924],[-73.779,18.2933],[-73.7792,18.2958],[-73.7793,18.2978],[-73.7795,18.2998],[-73.7807,18.3013],[-73.7823,18.3027],[-73.7841,18.3039],[-73.7862,18.3042],[-73.7848,18.3051],[-73.7857,18.3078],[-73.7865,18.3093],[-73.7873,18.3111],[-73.7862,18.3146],[-73.7857,18.3114],[-73.7849,18.3102],[-73.7832,18.3089],[-73.7827,18.3073],[-73.7832,18.3054],[-73.7811,18.305],[-73.7788,18.3061],[-73.7772,18.3057],[-73.7783,18.3042],[-73.7788,18.3021],[-73.7772,18.3011],[-73.7759,18.302],[-73.7771,18.3029],[-73.775,18.3022],[-73.7749,18.3041],[-73.7761,18.3056],[-73.7741,18.3069],[-73.7746,18.3084],[-73.7739,18.3102],[-73.7719,18.3098],[-73.7717,18.308],[-73.7698,18.3073],[-73.7701,18.3052],[-73.7706,18.3033],[-73.7718,18.3022],[-73.7721,18.3004],[-73.7704,18.2991],[-73.7718,18.2979],[-73.773,18.2969],[-73.7748,18.2961],[-73.7753,18.2941],[-73.7765,18.293],[-73.7767,18.2909],[-73.7777,18.2897],[-73.779,18.2882],[-73.7781,18.2867],[-73.7783,18.2889],[-73.777,18.2882],[-73.7751,18.2881],[-73.7758,18.2897],[-73.7745,18.2908],[-73.774,18.2925],[-73.7736,18.2944],[-73.7716,18.2943],[-73.7713,18.296],[-73.769,18.2959],[-73.7699,18.2946],[-73.7715,18.2932],[-73.772,18.2917],[-73.7719,18.2898],[-73.771,18.2887],[-73.7703,18.2907],[-73.7687,18.2901],[-73.7699,18.2921],[-73.7692,18.294],[-73.7682,18.295],[-73.7666,18.2957],[-73.7669,18.2938],[-73.7658,18.2948],[-73.7644,18.2939],[-73.7642,18.2919],[-73.7636,18.2903],[-73.7642,18.2888],[-73.7628,18.2881],[-73.7636,18.2894],[-73.7626,18.2906],[-73.7614,18.2918],[-73.7634,18.2917],[-73.7632,18.2941],[-73.7626,18.2957],[-73.7628,18.2976],[-73.763,18.2995],[-73.765,18.2992],[-73.7644,18.3009],[-73.7634,18.3025],[-73.7628,18.3049],[-73.762,18.3033],[-73.7614,18.3017],[-73.7601,18.3007],[-73.7595,18.2989],[-73.7585,18.2974],[-73.7572,18.2963],[-73.7567,18.2932],[-73.7557,18.2921],[-73.7571,18.2913],[-73.7558,18.2904],[-73.7546,18.2893],[-73.754,18.2877],[-73.7534,18.2858],[-73.7519,18.2864],[-73.7526,18.288],[-73.753,18.2899],[-73.752,18.291],[-73.7504,18.2927],[-73.7514,18.294],[-73.7511,18.2959],[-73.7496,18.2974],[-73.7501,18.2989],[-73.7526,18.2988],[-73.7509,18.2997],[-73.7494,18.3002],[-73.7502,18.3017],[-73.7522,18.3024],[-73.7503,18.3028],[-73.7506,18.3045],[-73.7535,18.3043],[-73.7527,18.3061],[-73.7512,18.3075],[-73.7495,18.3065],[-73.7502,18.3078],[-73.7522,18.308],[-73.7523,18.3104],[-73.7503,18.3126],[-73.7523,18.313],[-73.7544,18.3133],[-73.7558,18.3142],[-73.753,18.3163],[-73.7518,18.3153],[-73.7515,18.317],[-73.75,18.3161],[-73.7486,18.3155],[-73.7482,18.3177],[-73.7464,18.3172],[-73.7447,18.3166],[-73.7442,18.3182],[-73.7426,18.3177],[-73.7415,18.3193],[-73.7413,18.3212],[-73.7397,18.3223],[-73.7387,18.3201],[-73.7394,18.3182],[-73.7378,18.3189],[-73.7361,18.3197],[-73.7349,18.3206],[-73.7325,18.32],[-73.7349,18.3193],[-73.736,18.3184],[-73.7374,18.3173],[-73.7388,18.3161],[-73.7403,18.315],[-73.742,18.3157],[-73.7432,18.3146],[-73.7445,18.3132],[-73.7457,18.3121],[-73.7462,18.3105],[-73.7472,18.3095],[-73.7452,18.3094],[-73.7436,18.31],[-73.7433,18.3079],[-73.745,18.3073],[-73.7461,18.306],[-73.7472,18.3039],[-73.7473,18.3014],[-73.7454,18.3018],[-73.744,18.3024],[-73.7427,18.3032],[-73.7432,18.3016],[-73.7447,18.3008],[-73.7466,18.2997],[-73.7468,18.2977],[-73.7487,18.297],[-73.7473,18.2957],[-73.7458,18.2946],[-73.7472,18.294],[-73.7478,18.2925],[-73.7483,18.291],[-73.7471,18.2901],[-73.7486,18.2893],[-73.7478,18.2874],[-73.7487,18.2861],[-73.747,18.2852],[-73.7484,18.2843],[-73.75,18.2836],[-73.7515,18.2828],[-73.753,18.2822],[-73.7516,18.2813],[-73.7505,18.2799],[-73.7518,18.2789],[-73.7532,18.2778],[-73.7528,18.2761],[-73.754,18.2749],[-73.7546,18.2734],[-73.7533,18.2743],[-73.7532,18.2718],[-73.7513,18.2714],[-73.7522,18.2699],[-73.7536,18.2692],[-73.7544,18.2676],[-73.7544,18.2653],[-73.7553,18.2636],[-73.7569,18.263],[-73.7564,18.2612],[-73.7577,18.2604],[-73.7581,18.2587],[-73.7568,18.2577],[-73.7569,18.2554],[-73.7588,18.2551],[-73.7581,18.2535],[-73.7576,18.2509],[-73.7587,18.2496],[-73.7612,18.2489],[-73.7605,18.2471],[-73.762,18.2457],[-73.7629,18.2445],[-73.7621,18.2426],[-73.7603,18.242],[-73.7592,18.2403],[-73.7582,18.2389],[-73.7572,18.2378],[-73.7554,18.2381],[-73.7529,18.238],[-73.7526,18.2398],[-73.7512,18.2392],[-73.749,18.24],[-73.7503,18.2416],[-73.7504,18.2436],[-73.751,18.2453],[-73.7494,18.2446],[-73.749,18.2462],[-73.75,18.2481],[-73.7511,18.25],[-73.7503,18.2523],[-73.749,18.2542],[-73.747,18.2548],[-73.7451,18.2545],[-73.7429,18.2543],[-73.7408,18.2544],[-73.7421,18.2558],[-73.7434,18.2571],[-73.7423,18.259],[-73.7415,18.2607],[-73.7424,18.2619],[-73.7437,18.2637],[-73.7428,18.2669],[-73.7411,18.2663],[-73.7425,18.2654],[-73.741,18.2643],[-73.7396,18.2632],[-73.7381,18.2639],[-73.7361,18.2643],[-73.7345,18.2651],[-73.7351,18.2666],[-73.7343,18.2682],[-73.7334,18.2695],[-73.731,18.2689],[-73.7322,18.268],[-73.7317,18.2665],[-73.732,18.2644],[-73.7302,18.2638],[-73.7297,18.2657],[-73.7287,18.2643],[-73.7268,18.2648],[-73.7274,18.2665],[-73.7256,18.2676],[-73.7241,18.2687],[-73.722,18.268],[-73.7232,18.2658],[-73.7215,18.2645],[-73.7199,18.2628],[-73.7219,18.2627],[-73.7245,18.2616],[-73.7267,18.2615],[-73.7303,18.2612],[-73.7323,18.2609],[-73.7342,18.2613],[-73.7352,18.26],[-73.7364,18.2591],[-73.7378,18.2573],[-73.7365,18.2562],[-73.7358,18.2541],[-73.7366,18.2526],[-73.7375,18.2512],[-73.7381,18.249],[-73.7401,18.2495],[-73.7425,18.2493],[-73.7439,18.2482],[-73.743,18.247],[-73.7416,18.2454],[-73.7411,18.2437],[-73.7407,18.2414],[-73.7416,18.24],[-73.7411,18.2383],[-73.7419,18.2369],[-73.7437,18.2361],[-73.7454,18.2355],[-73.7447,18.2337],[-73.7475,18.2332],[-73.7496,18.2327],[-73.7526,18.2335],[-73.7536,18.2316],[-73.7535,18.2295],[-73.7517,18.2293],[-73.7512,18.2278],[-73.7501,18.2268],[-73.7479,18.2239],[-73.7475,18.2222],[-73.7484,18.2201],[-73.7474,18.2191],[-73.7452,18.2187],[-73.7442,18.2172],[-73.7422,18.2181],[-73.7414,18.2168],[-73.74,18.2155],[-73.7389,18.2176],[-73.7378,18.2158],[-73.7359,18.2166],[-73.7353,18.2182],[-73.734,18.2193],[-73.7324,18.2181],[-73.733,18.2162],[-73.7324,18.2147],[-73.7338,18.2138],[-73.7319,18.2139],[-73.7324,18.2124],[-73.731,18.2139],[-73.7314,18.2167],[-73.7295,18.2173],[-73.728,18.2165],[-73.7287,18.2147],[-73.7278,18.213],[-73.7268,18.2116],[-73.7266,18.2137],[-73.7251,18.2148],[-73.7234,18.2136],[-73.7224,18.2118],[-73.7207,18.211],[-73.7217,18.213],[-73.7224,18.215],[-73.7204,18.2159],[-73.7168,18.2147],[-73.7149,18.2148],[-73.7129,18.2138],[-73.7103,18.2145],[-73.7086,18.2151],[-73.7058,18.2139],[-73.7028,18.2152],[-73.7005,18.2138],[-73.7023,18.2124],[-73.7041,18.211],[-73.7065,18.211],[-73.7094,18.2096],[-73.7115,18.2088],[-73.7153,18.2092],[-73.718,18.2092],[-73.7203,18.208],[-73.7218,18.2064],[-73.721,18.2039],[-73.7222,18.2029],[-73.7227,18.2001],[-73.7236,18.2014],[-73.7251,18.2024],[-73.7277,18.2025],[-73.7291,18.2018],[-73.7308,18.2022],[-73.7305,18.2004],[-73.7302,18.1976],[-73.7317,18.1971],[-73.7337,18.1967],[-73.7353,18.1956],[-73.7361,18.1943],[-73.7371,18.1929],[-73.7373,18.1909],[-73.7391,18.1912],[-73.7406,18.192],[-73.7427,18.1915],[-73.744,18.1905],[-73.7457,18.1899],[-73.7486,18.1893],[-73.7507,18.1872],[-73.7512,18.1852],[-73.7544,18.1826],[-73.7572,18.1816],[-73.7615,18.1807],[-73.7637,18.1805],[-73.7659,18.1801],[-73.7683,18.1796],[-73.7727,18.1776],[-73.7759,18.1758],[-73.7779,18.1745],[-73.7827,18.1717],[-73.7915,18.1668],[-73.7932,18.1662],[-73.7949,18.1653],[-73.7961,18.1643],[-73.7975,18.1631],[-73.7999,18.1612],[-73.8016,18.1598],[-73.8029,18.1572],[-73.8043,18.1579],[-73.806,18.1574],[-73.808,18.1575],[-73.8097,18.1567],[-73.8112,18.1555],[-73.8153,18.1521],[-73.8172,18.15],[-73.8193,18.15],[-73.8218,18.1489],[-73.8235,18.1475],[-73.8248,18.1459],[-73.8263,18.145],[-73.8347,18.1357],[-73.8393,18.1288],[-73.8416,18.1255],[-73.843,18.1233],[-73.8441,18.1218],[-73.844,18.1195],[-73.8435,18.1178],[-73.8436,18.1142],[-73.8444,18.1129],[-73.8448,18.1112],[-73.8455,18.1097],[-73.8472,18.1101],[-73.849,18.1112],[-73.8503,18.1127],[-73.8514,18.1151],[-73.8538,18.115],[-73.8554,18.1157],[-73.8562,18.118],[-73.8563,18.1202],[-73.8567,18.1226],[-73.8576,18.1244],[-73.8589,18.1263],[-73.8602,18.1282],[-73.8614,18.1292],[-73.8625,18.1309],[-73.8634,18.1326],[-73.8645,18.1339],[-73.8648,18.1361],[-73.8665,18.1374],[-73.8678,18.1382],[-73.8704,18.1381],[-73.8718,18.1389],[-73.8727,18.1408],[-73.8742,18.1419],[-73.8754,18.1442],[-73.8766,18.1431],[-73.8782,18.1427],[-73.8804,18.1423],[-73.8785,18.1449],[-73.881,18.1467],[-73.8789,18.147],[-73.88,18.1491],[-73.881,18.1508],[-73.8833,18.1517],[-73.884,18.1544],[-73.886,18.1556],[-73.8877,18.157],[-73.8887,18.1585],[-73.8894,18.1601],[-73.8901,18.1614],[-73.891,18.1632],[-73.892,18.1648],[-73.8933,18.1658],[-73.8956,18.1662],[-73.8965,18.1676],[-73.8962,18.1703],[-73.8937,18.1693],[-73.8913,18.1689],[-73.8887,18.1676],[-73.8867,18.1685],[-73.8856,18.1671],[-73.8845,18.1693],[-73.8851,18.171],[-73.8892,18.1716],[-73.8912,18.1721],[-73.8923,18.173],[-73.8947,18.1736],[-73.8981,18.1742],[-73.8989,18.1758],[-73.9002,18.1774],[-73.9022,18.1779],[-73.904,18.179],[-73.9051,18.1804],[-73.9068,18.1818],[-73.9075,18.1836],[-73.9075,18.1856],[-73.9062,18.1866],[-73.9048,18.1877],[-73.9045,18.1895],[-73.9039,18.1918],[-73.9027,18.193],[-73.9034,18.1955],[-73.9053,18.1977],[-73.9068,18.1992],[-73.9087,18.2016],[-73.9104,18.2044],[-73.9112,18.208],[-73.9159,18.2113],[-73.9179,18.2138],[-73.9233,18.2152],[-73.926,18.2163],[-73.9294,18.2195],[-73.9303,18.2228],[-73.9318,18.2249],[-73.9301,18.2256],[-73.9288,18.2237],[-73.9275,18.2221],[-73.9269,18.2198],[-73.9237,18.2194],[-73.92,18.2178],[-73.9163,18.2174],[-73.9149,18.2162],[-73.9164,18.2155],[-73.9148,18.2147],[-73.9137,18.2135],[-73.912,18.2128],[-73.9107,18.2119],[-73.9081,18.2106],[-73.9073,18.2085],[-73.9066,18.207],[-73.906,18.2053],[-73.9059,18.2074],[-73.9048,18.2065],[-73.9034,18.2058],[-73.9027,18.2044],[-73.9003,18.2033],[-73.9002,18.2007],[-73.8997,18.1992],[-73.8988,18.1977],[-73.8993,18.1957],[-73.8997,18.1939],[-73.9004,18.1924],[-73.9009,18.19],[-73.9017,18.1888],[-73.9032,18.1881],[-73.9033,18.1856],[-73.9036,18.1834],[-73.904,18.1816],[-73.9023,18.1809],[-73.9008,18.1803],[-73.8988,18.1793],[-73.8964,18.1792],[-73.8949,18.1783],[-73.8913,18.1771],[-73.8907,18.1789],[-73.8921,18.1801],[-73.8931,18.1815],[-73.8953,18.1823],[-73.8955,18.1845],[-73.895,18.187],[-73.895,18.1892],[-73.895,18.1934],[-73.8951,18.1953],[-73.8941,18.1971],[-73.8961,18.1976],[-73.8961,18.2002],[-73.8967,18.2026],[-73.896,18.2045],[-73.8968,18.2062],[-73.8964,18.2079],[-73.8969,18.21],[-73.8993,18.2097],[-73.8988,18.2115],[-73.8964,18.211],[-73.897,18.2124],[-73.8978,18.2142],[-73.8971,18.216],[-73.8963,18.2174],[-73.8972,18.2186],[-73.8993,18.2202],[-73.9008,18.2214],[-73.9009,18.2234],[-73.8996,18.2261],[-73.8985,18.2245],[-73.8962,18.2243],[-73.8947,18.223],[-73.8942,18.2214],[-73.893,18.2195],[-73.8912,18.22],[-73.8903,18.2185],[-73.8887,18.2195],[-73.888,18.2212],[-73.889,18.223],[-73.8895,18.2252],[-73.8905,18.2271],[-73.8913,18.2284],[-73.8914,18.2305],[-73.8927,18.2316],[-73.8942,18.2323],[-73.8948,18.2337],[-73.8962,18.2348],[-73.8972,18.2364],[-73.8986,18.238],[-73.9008,18.2391],[-73.902,18.2414],[-73.9032,18.2424],[-73.9053,18.2425],[-73.9067,18.244],[-73.9088,18.2443],[-73.9102,18.245],[-73.9122,18.2462],[-73.9148,18.2479],[-73.9166,18.2485],[-73.9189,18.2487],[-73.921,18.2496],[-73.9296,18.2539],[-73.9314,18.2564],[-73.9331,18.2574],[-73.9351,18.2577],[-73.9369,18.2584],[-73.9405,18.2595],[-73.9416,18.261],[-73.9424,18.2626],[-73.9436,18.2649],[-73.9454,18.2652],[-73.947,18.266],[-73.949,18.2666],[-73.9512,18.2671],[-73.9501,18.2682],[-73.9501,18.2705],[-73.9483,18.2708],[-73.947,18.2724],[-73.9456,18.2704],[-73.9436,18.2676],[-73.9425,18.2657],[-73.9412,18.2645],[-73.9399,18.262],[-73.9387,18.2606],[-73.9374,18.2598],[-73.9357,18.2592],[-73.9338,18.2587],[-73.9316,18.2574],[-73.9295,18.2567],[-73.9285,18.2563]]]},"properties":{}},{"type":"Feature","geometry":{"type":"Polygon","coordinates":[[[-74.0631,18.2364],[-74.0633,18.239],[-74.0612,18.2407],[-74.0607,18.2426],[-74.0582,18.2421],[-74.0559,18.242],[-74.0543,18.2426],[-74.0551,18.241],[-74.0569,18.2399],[-74.0588,18.2392],[-74.0605,18.2387],[-74.061,18.2368],[-74.0621,18.2349],[-74.0617,18.2326],[-74.0604,18.2306],[-74.0591,18.2295],[-74.0571,18.2282],[-74.0551,18.2282],[-74.0527,18.2284],[-74.0554,18.2271],[-74.0578,18.2267],[-74.0597,18.2269],[-74.0613,18.2256],[-74.0595,18.2232],[-74.057,18.2213],[-74.0547,18.2208],[-74.0532,18.2197],[-74.0513,18.2203],[-74.0499,18.2196],[-74.0477,18.221],[-74.0455,18.2218],[-74.0464,18.2198],[-74.0479,18.2192],[-74.0503,18.2185],[-74.0517,18.2178],[-74.0512,18.2156],[-74.0492,18.2134],[-74.0485,18.211],[-74.0461,18.2108],[-74.0442,18.2112],[-74.0426,18.2122],[-74.0417,18.2138],[-74.0427,18.2152],[-74.0438,18.2176],[-74.0422,18.2185],[-74.0407,18.2191],[-74.0392,18.2177],[-74.0372,18.218],[-74.037,18.2159],[-74.0354,18.2155],[-74.0338,18.216],[-74.0328,18.218],[-74.0303,18.2193],[-74.0288,18.2209],[-74.0271,18.2213],[-74.0252,18.2219],[-74.0264,18.2237],[-74.0276,18.2248],[-74.0289,18.2262],[-74.0272,18.2265],[-74.0255,18.2269],[-74.0252,18.2288],[-74.0235,18.2296],[-74.0239,18.2273],[-74.0245,18.2255],[-74.0242,18.2238],[-74.0236,18.222],[-74.0247,18.2205],[-74.0267,18.2201],[-74.0283,18.2192],[-74.0285,18.2172],[-74.0301,18.2167],[-74.0309,18.2146],[-74.0331,18.2139],[-74.0357,18.2139],[-74.0384,18.213],[-74.0389,18.2114],[-74.0379,18.2102],[-74.0375,18.2084],[-74.0375,18.2062],[-74.0364,18.2044],[-74.0346,18.2025],[-74.0337,18.2008],[-74.0321,18.1997],[-74.029,18.1995],[-74.0255,18.1996],[-74.0231,18.1996],[-74.0226,18.198],[-74.0215,18.197],[-74.0207,18.195],[-74.018,18.1944],[-74.015,18.1937],[-74.0118,18.1925],[-74.0091,18.1928],[-74.0083,18.1913],[-74.0067,18.1917],[-74.0058,18.1906],[-74.0064,18.1889],[-74.0054,18.1867],[-74.004,18.1859],[-74.0024,18.1872],[-74.0014,18.1886],[-73.9993,18.1891],[-73.9992,18.1916],[-73.9999,18.1932],[-73.9986,18.1947],[-73.9968,18.1963],[-73.9959,18.1983],[-73.9962,18.2006],[-73.9961,18.203],[-73.9951,18.2048],[-73.9935,18.2061],[-73.992,18.2051],[-73.9904,18.2067],[-73.9897,18.2082],[-73.9878,18.2091],[-73.9889,18.2129],[-73.9893,18.2147],[-73.9901,18.2168],[-73.9908,18.2192],[-73.9925,18.2212],[-73.9899,18.2201],[-73.9891,18.2182],[-73.9877,18.2159],[-73.9867,18.2146],[-73.9857,18.2135],[-73.984,18.2123],[-73.9825,18.2094],[-73.9825,18.2071],[-73.9848,18.2067],[-73.9864,18.2054],[-73.989,18.2039],[-73.991,18.2026],[-73.9929,18.203],[-73.9949,18.2026],[-73.9956,18.2008],[-73.9948,18.1993],[-73.9947,18.1974],[-73.9944,18.1949],[-73.9962,18.1942],[-73.998,18.1931],[-73.998,18.1904],[-73.9974,18.1886],[-73.9984,18.1871],[-73.9993,18.186],[-74.0011,18.185],[-74.0008,18.1826],[-74.0017,18.1809],[-74.0006,18.1795],[-73.9993,18.1784],[-73.9979,18.1777],[-73.9956,18.1772],[-73.996,18.1752],[-73.9975,18.1746],[-73.9993,18.1742],[-74.0006,18.1724],[-74.0012,18.1706],[-74,18.1696],[-73.9983,18.1686],[-73.9949,18.1677],[-73.9915,18.168],[-73.9886,18.1678],[-73.9864,18.1687],[-73.9838,18.1697],[-73.9822,18.1719],[-73.9817,18.1761],[-73.9802,18.175],[-73.9785,18.1743],[-73.9784,18.1723],[-73.9788,18.1703],[-73.977,18.1697],[-73.9761,18.1682],[-73.9775,18.1671],[-73.9793,18.1664],[-73.9805,18.1644],[-73.9828,18.1665],[-73.9848,18.1669],[-73.9891,18.1657],[-73.9955,18.1655],[-73.9995,18.1666],[-74.0013,18.1676],[-74.0022,18.1695],[-74.0018,18.1712],[-74.0031,18.1738],[-74.004,18.1806],[-74.0102,18.185],[-74.0128,18.1858],[-74.0146,18.186],[-74.0171,18.1864],[-74.0199,18.1883],[-74.0199,18.1928],[-74.0256,18.1971],[-74.0291,18.1964],[-74.034,18.1965],[-74.0341,18.1987],[-74.0351,18.2001],[-74.0373,18.2004],[-74.0391,18.2013],[-74.0404,18.2022],[-74.0411,18.2042],[-74.0419,18.2055],[-74.0424,18.2071],[-74.0447,18.2081],[-74.0483,18.2085],[-74.0536,18.2112],[-74.054,18.2164],[-74.0537,18.2185],[-74.0553,18.2193],[-74.0579,18.2205],[-74.061,18.222],[-74.0623,18.2249],[-74.0619,18.2269],[-74.063,18.2281],[-74.0659,18.2292],[-74.0682,18.2299],[-74.07,18.2308],[-74.0719,18.2316],[-74.0728,18.2333],[-74.0718,18.2349],[-74.0684,18.2348],[-74.0669,18.2357],[-74.0651,18.2359],[-74.0633,18.2362],[-74.0631,18.2364]]]},"properties":{}},{"type":"Feature","geometry":{"type":"Polygon","coordinates":[[[-74.4511,18.439],[-74.4538,18.4386],[-74.4562,18.4378],[-74.4566,18.4355],[-74.4572,18.4341],[-74.4591,18.4343],[-74.4582,18.4356],[-74.4591,18.4372],[-74.4612,18.4374],[-74.4606,18.4389],[-74.4613,18.4404],[-74.4628,18.4412],[-74.4623,18.4427],[-74.4628,18.4444],[-74.4621,18.4467],[-74.4616,18.4482],[-74.4625,18.4497],[-74.464,18.4491],[-74.4656,18.4499],[-74.4648,18.4514],[-74.4639,18.4539],[-74.4639,18.456],[-74.4646,18.4582],[-74.463,18.4592],[-74.4607,18.4598],[-74.4595,18.461],[-74.4588,18.4626],[-74.4601,18.4642],[-74.4584,18.4647],[-74.4574,18.4636],[-74.4571,18.4619],[-74.4556,18.4626],[-74.4545,18.4635],[-74.4525,18.4634],[-74.4533,18.462],[-74.4515,18.4624],[-74.4527,18.4603],[-74.4528,18.4584],[-74.4547,18.4583],[-74.4546,18.4562],[-74.4556,18.4551],[-74.4557,18.4531],[-74.4567,18.4545],[-74.4563,18.4562],[-74.4563,18.4582],[-74.4581,18.4585],[-74.4588,18.457],[-74.4595,18.4554],[-74.4592,18.4536],[-74.4587,18.4519],[-74.4572,18.4512],[-74.4567,18.4496],[-74.4553,18.4488],[-74.4561,18.4474],[-74.4576,18.4481],[-74.4591,18.4463],[-74.4597,18.4446],[-74.4585,18.4421],[-74.457,18.441],[-74.4553,18.4421],[-74.4534,18.443],[-74.4516,18.4422],[-74.4502,18.4428],[-74.4488,18.4419],[-74.4474,18.4426],[-74.4462,18.4412],[-74.4439,18.4422],[-74.4427,18.4433],[-74.4417,18.4449],[-74.4401,18.4462],[-74.4406,18.4443],[-74.4388,18.4441],[-74.4373,18.4447],[-74.4357,18.4453],[-74.4345,18.4467],[-74.4329,18.4459],[-74.4347,18.4454],[-74.4353,18.4437],[-74.4372,18.4438],[-74.4386,18.4431],[-74.4401,18.4424],[-74.4415,18.4413],[-74.44,18.4407],[-74.4414,18.44],[-74.4407,18.4385],[-74.4427,18.439],[-74.4437,18.4376],[-74.4456,18.4382],[-74.4474,18.4387],[-74.4495,18.439],[-74.4511,18.439]]]},"properties":{}},{"type":"Feature","geometry":{"type":"Polygon","coordinates":[[[-74.4359,18.4247],[-74.4334,18.4244],[-74.4342,18.4227],[-74.4365,18.4231],[-74.438,18.4217],[-74.4388,18.4201],[-74.4391,18.4179],[-74.4379,18.4164],[-74.4363,18.4158],[-74.4377,18.415],[-74.4398,18.4145],[-74.4407,18.4131],[-74.4405,18.4109],[-74.4389,18.4114],[-74.4371,18.4128],[-74.4352,18.4133],[-74.4331,18.413],[-74.4313,18.4138],[-74.4303,18.4117],[-74.4325,18.4115],[-74.4348,18.411],[-74.4364,18.4106],[-74.4377,18.4096],[-74.4395,18.4091],[-74.4412,18.4095],[-74.4425,18.4085],[-74.4411,18.4077],[-74.442,18.4064],[-74.4441,18.406],[-74.4438,18.4042],[-74.4449,18.4032],[-74.446,18.4022],[-74.446,18.4001],[-74.444,18.3999],[-74.4421,18.4007],[-74.4399,18.4003],[-74.4382,18.3992],[-74.4373,18.3975],[-74.4392,18.3972],[-74.4414,18.3973],[-74.444,18.3976],[-74.4457,18.3968],[-74.4466,18.3956],[-74.448,18.3947],[-74.4487,18.3967],[-74.4496,18.3982],[-74.4506,18.3993],[-74.4527,18.4035],[-74.4541,18.4053],[-74.4552,18.4063],[-74.4572,18.4077],[-74.4615,18.4112],[-74.4632,18.4127],[-74.4652,18.4136],[-74.4669,18.4145],[-74.4684,18.4151],[-74.4695,18.4163],[-74.468,18.4172],[-74.4664,18.4164],[-74.464,18.4152],[-74.462,18.415],[-74.4599,18.4151],[-74.4572,18.4155],[-74.455,18.4166],[-74.4536,18.4174],[-74.4517,18.4171],[-74.4491,18.4173],[-74.4471,18.4177],[-74.447,18.4201],[-74.4456,18.4193],[-74.4442,18.4186],[-74.4439,18.4206],[-74.4431,18.4223],[-74.4426,18.4207],[-74.4417,18.4194],[-74.4401,18.4207],[-74.4393,18.4226],[-74.438,18.4236],[-74.4383,18.4254],[-74.4394,18.4265],[-74.4386,18.4283],[-74.4373,18.4293],[-74.4364,18.4273],[-74.4365,18.4253],[-74.4359,18.4247]]]},"properties":{}},{"type":"Feature","geometry":{"type":"Polygon","coordinates":[[[-74.3853,18.3303],[-74.3869,18.3292],[-74.389,18.3288],[-74.3906,18.3278],[-74.3923,18.3269],[-74.3938,18.3258],[-74.3954,18.3251],[-74.3969,18.3244],[-74.3974,18.3262],[-74.398,18.328],[-74.3989,18.3308],[-74.4004,18.333],[-74.4022,18.3344],[-74.4043,18.3351],[-74.4068,18.336],[-74.409,18.337],[-74.4078,18.338],[-74.4064,18.3391],[-74.4068,18.337],[-74.4053,18.3361],[-74.4034,18.3363],[-74.4015,18.3365],[-74.3993,18.3364],[-74.3963,18.3362],[-74.3947,18.3356],[-74.3928,18.3354],[-74.3907,18.3346],[-74.3883,18.3345],[-74.3865,18.3347],[-74.385,18.334],[-74.3832,18.3338],[-74.3819,18.3346],[-74.3811,18.3364],[-74.3803,18.335],[-74.3792,18.3336],[-74.3769,18.3344],[-74.3754,18.3351],[-74.3739,18.3345],[-74.3719,18.3344],[-74.3697,18.3346],[-74.3677,18.3354],[-74.3658,18.335],[-74.3642,18.3355],[-74.3627,18.3349],[-74.3613,18.3355],[-74.359,18.3362],[-74.3568,18.3363],[-74.3554,18.3369],[-74.3537,18.3363],[-74.3515,18.3364],[-74.3497,18.3359],[-74.3479,18.3364],[-74.3467,18.3355],[-74.3443,18.3357],[-74.3421,18.3367],[-74.3394,18.3373],[-74.3377,18.3379],[-74.3375,18.3403],[-74.3367,18.3391],[-74.3347,18.338],[-74.3327,18.3381],[-74.3316,18.339],[-74.3302,18.3397],[-74.3291,18.3409],[-74.3282,18.3425],[-74.3274,18.341],[-74.326,18.3404],[-74.3255,18.342],[-74.3246,18.3407],[-74.3224,18.3411],[-74.3216,18.3427],[-74.3205,18.3413],[-74.3196,18.34],[-74.3188,18.3413],[-74.3168,18.3411],[-74.3153,18.3404],[-74.3126,18.3409],[-74.3112,18.3415],[-74.3092,18.3411],[-74.3068,18.3423],[-74.3046,18.3421],[-74.3032,18.343],[-74.3015,18.3424],[-74.3005,18.3414],[-74.2986,18.3417],[-74.2964,18.3419],[-74.2952,18.3431],[-74.2933,18.3435],[-74.2919,18.3446],[-74.2901,18.3453],[-74.2886,18.3459],[-74.2868,18.3462],[-74.2847,18.3463],[-74.2832,18.3471],[-74.2812,18.3474],[-74.2822,18.3464],[-74.2835,18.3456],[-74.2853,18.3449],[-74.2875,18.3449],[-74.2891,18.3443],[-74.2905,18.3434],[-74.2923,18.3424],[-74.2947,18.3417],[-74.296,18.3409],[-74.2974,18.34],[-74.2986,18.3387],[-74.3002,18.3383],[-74.3007,18.3365],[-74.3021,18.3373],[-74.3036,18.3384],[-74.305,18.3378],[-74.304,18.3364],[-74.3036,18.3347],[-74.305,18.3354],[-74.3071,18.3356],[-74.307,18.3375],[-74.3094,18.3378],[-74.3102,18.3365],[-74.3118,18.3373],[-74.3133,18.3381],[-74.3131,18.3361],[-74.3149,18.337],[-74.3166,18.3375],[-74.316,18.3356],[-74.3178,18.3362],[-74.3201,18.3368],[-74.3219,18.3373],[-74.3229,18.3363],[-74.3244,18.3371],[-74.3262,18.3374],[-74.3283,18.3373],[-74.3307,18.3369],[-74.3323,18.3364],[-74.3342,18.3368],[-74.3361,18.3366],[-74.3377,18.336],[-74.3384,18.3346],[-74.3404,18.3347],[-74.3426,18.3349],[-74.3445,18.3344],[-74.3467,18.3345],[-74.3485,18.3343],[-74.3505,18.3337],[-74.3522,18.3341],[-74.3534,18.335],[-74.3551,18.3345],[-74.3567,18.334],[-74.3589,18.3337],[-74.3614,18.334],[-74.363,18.3334],[-74.3654,18.3331],[-74.3673,18.3333],[-74.3688,18.3325],[-74.3706,18.3319],[-74.3731,18.3326],[-74.3752,18.3325],[-74.3786,18.3319],[-74.3817,18.3316],[-74.3835,18.331],[-74.3853,18.3303]]]},"properties":{}},{"type":"Feature","geometry":{"type":"Polygon","coordinates":[[[-74.4081,18.4885],[-74.4099,18.4891],[-74.4111,18.49],[-74.4124,18.4908],[-74.4115,18.4923],[-74.4095,18.4922],[-74.408,18.4914],[-74.4097,18.4909],[-74.4087,18.4897],[-74.4071,18.4892],[-74.4081,18.4885]]]},"properties":{}},{"type":"Feature","geometry":{"type":"Polygon","coordinates":[[[-74.4101,18.4848],[-74.4104,18.483],[-74.4117,18.4821],[-74.4135,18.4817],[-74.4159,18.4807],[-74.4172,18.4794],[-74.4185,18.4778],[-74.4176,18.4763],[-74.4195,18.4758],[-74.4207,18.4745],[-74.4214,18.4724],[-74.4229,18.4711],[-74.4245,18.4698],[-74.4262,18.4692],[-74.4272,18.4679],[-74.4291,18.4674],[-74.4298,18.4657],[-74.4303,18.4639],[-74.4311,18.4623],[-74.4306,18.4606],[-74.4319,18.4593],[-74.4328,18.4581],[-74.4333,18.46],[-74.4346,18.4585],[-74.4362,18.4575],[-74.4352,18.459],[-74.4357,18.4605],[-74.4372,18.4613],[-74.4358,18.462],[-74.4344,18.4626],[-74.4326,18.4636],[-74.4346,18.4645],[-74.4332,18.4656],[-74.4315,18.4664],[-74.43,18.4677],[-74.4283,18.4688],[-74.4271,18.47],[-74.4256,18.4708],[-74.4242,18.4721],[-74.4233,18.4734],[-74.4221,18.4746],[-74.4209,18.4762],[-74.4203,18.4778],[-74.4195,18.4795],[-74.4171,18.4816],[-74.4159,18.4827],[-74.4139,18.4826],[-74.4128,18.4843],[-74.4113,18.4858],[-74.4096,18.4863],[-74.4101,18.4848]]]},"properties":{}},{"type":"Feature","geometry":{"type":"Polygon","coordinates":[[[-74.3716,18.305],[-74.3704,18.3038],[-74.3691,18.3028],[-74.3673,18.3035],[-74.3659,18.3024],[-74.3621,18.3034],[-74.3606,18.3027],[-74.3587,18.3029],[-74.3569,18.304],[-74.3555,18.3029],[-74.353,18.3031],[-74.3512,18.3027],[-74.349,18.3034],[-74.3475,18.3026],[-74.3453,18.3024],[-74.3441,18.3013],[-74.3434,18.3031],[-74.3418,18.3026],[-74.3398,18.3029],[-74.3379,18.3027],[-74.3377,18.3045],[-74.3366,18.3033],[-74.3348,18.3036],[-74.3332,18.3051],[-74.3335,18.3032],[-74.3313,18.303],[-74.3297,18.3025],[-74.3274,18.303],[-74.3259,18.3019],[-74.3249,18.3029],[-74.3237,18.3038],[-74.3231,18.3022],[-74.3216,18.3035],[-74.3209,18.3022],[-74.3193,18.3027],[-74.3179,18.3014],[-74.3164,18.3023],[-74.3151,18.3013],[-74.315,18.3032],[-74.3132,18.3016],[-74.311,18.3016],[-74.3095,18.3022],[-74.3107,18.3041],[-74.3108,18.3062],[-74.309,18.3057],[-74.3085,18.3079],[-74.3065,18.306],[-74.3049,18.3025],[-74.3036,18.3016],[-74.3005,18.3027],[-74.2996,18.3042],[-74.3004,18.3058],[-74.2996,18.3072],[-74.2985,18.3059],[-74.2975,18.3043],[-74.2951,18.3038],[-74.292,18.3045],[-74.2908,18.3059],[-74.2913,18.3078],[-74.2897,18.3074],[-74.288,18.308],[-74.2866,18.3094],[-74.2847,18.309],[-74.2863,18.3083],[-74.2858,18.3062],[-74.2864,18.3046],[-74.2854,18.303],[-74.284,18.3039],[-74.2816,18.3036],[-74.2802,18.3054],[-74.2786,18.3048],[-74.2751,18.3056],[-74.279,18.3029],[-74.2814,18.3011],[-74.2845,18.2998],[-74.2867,18.2988],[-74.2888,18.2981],[-74.2905,18.2969],[-74.2917,18.2959],[-74.2939,18.2949],[-74.2952,18.294],[-74.2976,18.2923],[-74.2996,18.2904],[-74.3006,18.2891],[-74.3011,18.2874],[-74.303,18.2878],[-74.3064,18.2875],[-74.308,18.288],[-74.3112,18.2869],[-74.3122,18.2858],[-74.3145,18.2865],[-74.3164,18.2871],[-74.3182,18.2876],[-74.3191,18.2865],[-74.3226,18.2862],[-74.3264,18.2873],[-74.3298,18.2876],[-74.3398,18.2906],[-74.342,18.2914],[-74.3433,18.2924],[-74.3459,18.2923],[-74.35,18.2934],[-74.3511,18.2943],[-74.3535,18.2943],[-74.3621,18.2966],[-74.3686,18.2965],[-74.3726,18.3001],[-74.3755,18.3033],[-74.3764,18.3057],[-74.3777,18.3067],[-74.3791,18.3075],[-74.3824,18.3095],[-74.3833,18.3106],[-74.3812,18.311],[-74.3797,18.3102],[-74.3774,18.3094],[-74.3752,18.3094],[-74.3729,18.3094],[-74.3703,18.3096],[-74.3688,18.3101],[-74.3668,18.309],[-74.3648,18.3094],[-74.3634,18.3087],[-74.3622,18.3077],[-74.3652,18.3075],[-74.3671,18.3073],[-74.3716,18.3059],[-74.3716,18.305]]]},"properties":{}},{"type":"Feature","geometry":{"type":"Polygon","coordinates":[[[-74.4472,18.3675],[-74.4465,18.3692],[-74.4474,18.3715],[-74.4485,18.3729],[-74.4479,18.375],[-74.4458,18.3758],[-74.4441,18.3768],[-74.4424,18.3759],[-74.4403,18.3755],[-74.4412,18.3743],[-74.4433,18.3733],[-74.4427,18.3713],[-74.4418,18.37],[-74.4408,18.3688],[-74.4392,18.3694],[-74.4398,18.3673],[-74.4427,18.3672],[-74.4438,18.369],[-74.4456,18.3688],[-74.4472,18.3675]]]},"properties":{}},{"type":"Feature","geometry":{"type":"Polygon","coordinates":[[[-74.0877,18.2732],[-74.0865,18.2714],[-74.0845,18.2722],[-74.0823,18.2726],[-74.0808,18.2732],[-74.0788,18.2741],[-74.0784,18.2762],[-74.0771,18.2776],[-74.0751,18.2777],[-74.0743,18.2764],[-74.0751,18.2751],[-74.0753,18.2732],[-74.0773,18.273],[-74.0792,18.2728],[-74.0811,18.2723],[-74.082,18.2708],[-74.0839,18.2705],[-74.0851,18.2692],[-74.0868,18.27],[-74.0879,18.2687],[-74.0862,18.2681],[-74.0844,18.2675],[-74.086,18.2662],[-74.0878,18.2646],[-74.0891,18.263],[-74.0914,18.2626],[-74.0927,18.2641],[-74.0948,18.2644],[-74.0967,18.2641],[-74.0985,18.2634],[-74.0995,18.2623],[-74.0989,18.2607],[-74.0993,18.2583],[-74.099,18.2554],[-74.0979,18.2542],[-74.0971,18.2525],[-74.0958,18.2505],[-74.0942,18.2492],[-74.0963,18.2483],[-74.0982,18.2493],[-74.0997,18.2501],[-74.1017,18.2506],[-74.1042,18.2513],[-74.1057,18.252],[-74.1081,18.2528],[-74.1103,18.2531],[-74.111,18.2548],[-74.1133,18.257],[-74.1146,18.2584],[-74.1156,18.2595],[-74.1154,18.2615],[-74.115,18.264],[-74.1135,18.2654],[-74.1132,18.2634],[-74.1111,18.2624],[-74.1118,18.2607],[-74.1102,18.2582],[-74.1075,18.2577],[-74.1059,18.2572],[-74.1044,18.2583],[-74.1034,18.26],[-74.102,18.2626],[-74.1,18.265],[-74.0999,18.2684],[-74.0992,18.2707],[-74.0986,18.2732],[-74.0975,18.2753],[-74.097,18.2768],[-74.0959,18.2786],[-74.094,18.2784],[-74.093,18.2768],[-74.0938,18.2748],[-74.0926,18.2716],[-74.0912,18.2702],[-74.0895,18.2706],[-74.0885,18.2729],[-74.0877,18.2732]]]},"properties":{}},{"type":"Feature","geometry":{"type":"Polygon","coordinates":[[[-74.1028,18.2918],[-74.1026,18.2938],[-74.1032,18.2956],[-74.1035,18.2986],[-74.1055,18.2989],[-74.1069,18.2998],[-74.1075,18.3012],[-74.1083,18.3028],[-74.108,18.3047],[-74.1069,18.3057],[-74.1064,18.3075],[-74.1066,18.3101],[-74.1068,18.312],[-74.1057,18.311],[-74.1046,18.31],[-74.1031,18.3106],[-74.101,18.3107],[-74.0993,18.3114],[-74.0973,18.3119],[-74.0963,18.3136],[-74.0957,18.3152],[-74.0937,18.3173],[-74.0927,18.3186],[-74.0912,18.3193],[-74.0903,18.3208],[-74.0898,18.3226],[-74.0889,18.3241],[-74.0882,18.3227],[-74.0879,18.3206],[-74.0889,18.3191],[-74.0903,18.318],[-74.0917,18.3163],[-74.0924,18.3142],[-74.0931,18.3123],[-74.0943,18.311],[-74.0948,18.3092],[-74.0933,18.31],[-74.0911,18.3099],[-74.0894,18.3108],[-74.0901,18.3091],[-74.091,18.3079],[-74.093,18.3081],[-74.0948,18.3076],[-74.0968,18.3078],[-74.0987,18.3075],[-74.1006,18.3071],[-74.1022,18.3065],[-74.1036,18.3053],[-74.1045,18.3038],[-74.1055,18.3027],[-74.1047,18.3014],[-74.1028,18.3011],[-74.1008,18.3009],[-74.101,18.299],[-74.1011,18.2967],[-74.1004,18.295],[-74.0993,18.2937],[-74.1002,18.2924],[-74.1025,18.2918],[-74.1028,18.2918]]]},"properties":{}},{"type":"Feature","geometry":{"type":"Polygon","coordinates":[[[-74.1699,18.2807],[-74.1725,18.2815],[-74.1737,18.2834],[-74.1746,18.2845],[-74.1729,18.2855],[-74.1712,18.2866],[-74.1695,18.2873],[-74.1696,18.2854],[-74.1701,18.2834],[-74.1688,18.2821],[-74.1672,18.2814],[-74.1653,18.2812],[-74.163,18.2811],[-74.1616,18.28],[-74.1595,18.2809],[-74.1591,18.2827],[-74.1599,18.2843],[-74.1586,18.2856],[-74.1572,18.2864],[-74.1553,18.2859],[-74.1565,18.2849],[-74.1575,18.2837],[-74.1581,18.2821],[-74.1558,18.2822],[-74.1543,18.2833],[-74.1539,18.2857],[-74.1522,18.2851],[-74.1534,18.2836],[-74.1543,18.2821],[-74.1557,18.2807],[-74.1574,18.28],[-74.1584,18.2782],[-74.1572,18.2769],[-74.1559,18.2761],[-74.1538,18.2762],[-74.1516,18.2748],[-74.151,18.2733],[-74.1497,18.2721],[-74.1483,18.2713],[-74.1466,18.2707],[-74.1461,18.2689],[-74.1449,18.27],[-74.1431,18.2681],[-74.1409,18.2683],[-74.1398,18.2694],[-74.138,18.2698],[-74.1372,18.2714],[-74.1365,18.2731],[-74.135,18.2739],[-74.1341,18.2751],[-74.1319,18.2755],[-74.1306,18.2748],[-74.1317,18.2735],[-74.1331,18.2727],[-74.1339,18.271],[-74.1336,18.2692],[-74.1325,18.2679],[-74.1311,18.2669],[-74.1303,18.2656],[-74.1309,18.2641],[-74.1391,18.2641],[-74.1402,18.2651],[-74.1409,18.2666],[-74.1423,18.2672],[-74.1448,18.2675],[-74.1474,18.2681],[-74.1493,18.2685],[-74.151,18.269],[-74.1529,18.2687],[-74.1552,18.2687],[-74.1568,18.2697],[-74.1586,18.27],[-74.1598,18.2711],[-74.1611,18.2725],[-74.1632,18.2728],[-74.166,18.2728],[-74.167,18.2738],[-74.1662,18.2776],[-74.1679,18.28],[-74.1693,18.281],[-74.1699,18.2807]]]},"properties":{}},{"type":"Feature","geometry":{"type":"Polygon","coordinates":[[[-73.8085,18.0682],[-73.8101,18.0675],[-73.8119,18.0669],[-73.8135,18.0675],[-73.8155,18.0678],[-73.8175,18.0676],[-73.8158,18.0689],[-73.8132,18.0686],[-73.8116,18.068],[-73.811,18.0696],[-73.8131,18.0698],[-73.8146,18.0705],[-73.8129,18.0717],[-73.8147,18.0727],[-73.8165,18.0715],[-73.8175,18.0727],[-73.8196,18.0726],[-73.8201,18.071],[-73.8211,18.072],[-73.8223,18.071],[-73.8242,18.0718],[-73.8221,18.0735],[-73.8239,18.074],[-73.8256,18.0733],[-73.8247,18.0748],[-73.826,18.074],[-73.8276,18.0736],[-73.8292,18.0742],[-73.8302,18.0729],[-73.8311,18.0742],[-73.8339,18.0753],[-73.8354,18.0778],[-73.8335,18.0775],[-73.8344,18.0792],[-73.8316,18.0785],[-73.8299,18.0775],[-73.8272,18.0775],[-73.8256,18.0786],[-73.8238,18.0794],[-73.8223,18.0789],[-73.8207,18.0783],[-73.8192,18.0789],[-73.8175,18.0781],[-73.8166,18.0797],[-73.815,18.0806],[-73.8142,18.0789],[-73.8116,18.0765],[-73.8083,18.0757],[-73.8096,18.0742],[-73.81,18.0721],[-73.8094,18.0701],[-73.8082,18.0682],[-73.8085,18.0682]]]},"properties":{}},{"type":"Feature","geometry":{"type":"Polygon","coordinates":[[[-73.6222,18.5],[-73.6222,18.503],[-73.6235,18.5042],[-73.6188,18.5052],[-73.6163,18.5051],[-73.6129,18.5035],[-73.614,18.5018],[-73.6153,18.5004],[-73.6166,18.4993],[-73.6181,18.4979],[-73.6195,18.4968],[-73.62,18.4953],[-73.6192,18.4936],[-73.6207,18.4947],[-73.621,18.497],[-73.6196,18.4988],[-73.6184,18.5004],[-73.619,18.5018],[-73.6205,18.5012],[-73.6218,18.5002],[-73.6222,18.5]]]},"properties":{}},{"type":"Feature","geometry":{"type":"Polygon","coordinates":[[[-73.6649,18.4779],[-73.6659,18.4792],[-73.664,18.4814],[-73.6621,18.4804],[-73.6595,18.4803],[-73.6587,18.4821],[-73.6563,18.4812],[-73.6541,18.4816],[-73.6525,18.4826],[-73.651,18.4831],[-73.6493,18.4837],[-73.6463,18.4838],[-73.6443,18.4846],[-73.6428,18.4854],[-73.6437,18.4875],[-73.6455,18.4881],[-73.6471,18.4896],[-73.6489,18.4901],[-73.6483,18.4923],[-73.6469,18.4931],[-73.645,18.4936],[-73.6428,18.4943],[-73.6419,18.497],[-73.6414,18.4985],[-73.6413,18.5012],[-73.6433,18.502],[-73.6417,18.5037],[-73.6399,18.5039],[-73.6379,18.505],[-73.637,18.5063],[-73.6355,18.5056],[-73.6345,18.5045],[-73.6326,18.5039],[-73.6346,18.5018],[-73.6346,18.4994],[-73.6339,18.4981],[-73.6333,18.4958],[-73.6327,18.494],[-73.6314,18.4924],[-73.6299,18.4915],[-73.6296,18.4897],[-73.6314,18.4906],[-73.6349,18.4892],[-73.6362,18.4885],[-73.6372,18.4875],[-73.6376,18.4858],[-73.6369,18.4843],[-73.6353,18.4835],[-73.638,18.4837],[-73.6379,18.4818],[-73.6373,18.4801],[-73.6357,18.4794],[-73.6338,18.48],[-73.63,18.4807],[-73.6292,18.4789],[-73.6289,18.4771],[-73.6276,18.4762],[-73.6251,18.4759],[-73.6232,18.4752],[-73.6247,18.4739],[-73.6274,18.4738],[-73.6298,18.4739],[-73.6323,18.4739],[-73.635,18.4739],[-73.6375,18.4739],[-73.6402,18.4738],[-73.6407,18.4721],[-73.6418,18.4741],[-73.6439,18.4742],[-73.645,18.4753],[-73.6468,18.4744],[-73.6476,18.473],[-73.6485,18.471],[-73.65,18.4692],[-73.6518,18.4687],[-73.6526,18.47],[-73.6542,18.4707],[-73.6558,18.47],[-73.6567,18.4685],[-73.6545,18.4686],[-73.6544,18.4665],[-73.6565,18.466],[-73.6576,18.465],[-73.6604,18.4657],[-73.6615,18.4667],[-73.6634,18.4665],[-73.6644,18.4655],[-73.6664,18.4653],[-73.6675,18.4643],[-73.6683,18.4625],[-73.6691,18.4612],[-73.6672,18.4606],[-73.6664,18.459],[-73.669,18.4584],[-73.6712,18.4584],[-73.6735,18.4558],[-73.6753,18.4552],[-73.6767,18.4541],[-73.677,18.4524],[-73.6769,18.4503],[-73.6758,18.4484],[-73.6768,18.447],[-73.6783,18.4459],[-73.6797,18.445],[-73.6813,18.4441],[-73.6824,18.4428],[-73.6834,18.4412],[-73.6851,18.4404],[-73.6869,18.4398],[-73.6879,18.4384],[-73.6883,18.4367],[-73.6906,18.4364],[-73.6923,18.4368],[-73.6945,18.4366],[-73.6961,18.4371],[-73.6967,18.4387],[-73.6981,18.4374],[-73.6973,18.4396],[-73.6956,18.4389],[-73.6935,18.4394],[-73.6917,18.439],[-73.6907,18.4372],[-73.6894,18.4387],[-73.6889,18.4405],[-73.6882,18.4419],[-73.6872,18.443],[-73.6862,18.444],[-73.6837,18.4475],[-73.6808,18.4503],[-73.6812,18.4522],[-73.6803,18.4536],[-73.6808,18.4555],[-73.6817,18.4576],[-73.6814,18.46],[-73.6799,18.4612],[-73.6778,18.4616],[-73.6777,18.4635],[-73.6789,18.4644],[-73.679,18.4668],[-73.6769,18.4672],[-73.6778,18.4687],[-73.6755,18.4698],[-73.6746,18.4711],[-73.6734,18.472],[-73.6723,18.4733],[-73.6704,18.4748],[-73.6684,18.4753],[-73.6672,18.4769],[-73.6649,18.4779]]]},"properties":{}},{"type":"Feature","geometry":{"type":"Polygon","coordinates":[[[-73.6015,18.5004],[-73.6025,18.5021],[-73.6037,18.5036],[-73.6023,18.503],[-73.6008,18.5041],[-73.5997,18.5057],[-73.5973,18.5061],[-73.5956,18.5054],[-73.594,18.504],[-73.595,18.502],[-73.5932,18.5034],[-73.5907,18.5024],[-73.5887,18.502],[-73.5905,18.5016],[-73.5924,18.5004],[-73.5946,18.4994],[-73.5958,18.4983],[-73.5949,18.4967],[-73.5947,18.4941],[-73.5964,18.4951],[-73.5979,18.4961],[-73.6005,18.4971],[-73.6015,18.5004]]]},"properties":{}},{"type":"Feature","geometry":{"type":"Polygon","coordinates":[[[-73.7451,18.5072],[-73.7468,18.5078],[-73.7456,18.5091],[-73.744,18.5086],[-73.7425,18.5101],[-73.741,18.5112],[-73.7393,18.5116],[-73.7374,18.5113],[-73.7351,18.5116],[-73.7336,18.5122],[-73.7327,18.5109],[-73.7307,18.511],[-73.7301,18.5133],[-73.7285,18.514],[-73.7284,18.5117],[-73.7267,18.5128],[-73.7253,18.5121],[-73.7235,18.5134],[-73.7238,18.5116],[-73.7254,18.5103],[-73.728,18.5098],[-73.7291,18.5079],[-73.73,18.5064],[-73.7322,18.5068],[-73.7339,18.5072],[-73.7362,18.5074],[-73.7384,18.5069],[-73.7403,18.5063],[-73.743,18.5055],[-73.7449,18.5052],[-73.7444,18.5068],[-73.7451,18.5072]]]},"properties":{}},{"type":"Feature","geometry":{"type":"Polygon","coordinates":[[[-73.8543,18.4656],[-73.852,18.4657],[-73.8493,18.4658],[-73.8483,18.4671],[-73.8467,18.4682],[-73.8444,18.4682],[-73.8428,18.4676],[-73.8418,18.4652],[-73.8404,18.4644],[-73.8417,18.4633],[-73.8443,18.4612],[-73.8448,18.4597],[-73.8462,18.4604],[-73.8482,18.4599],[-73.8508,18.4601],[-73.8526,18.4592],[-73.8545,18.4578],[-73.8561,18.4595],[-73.8586,18.4606],[-73.86,18.4612],[-73.8607,18.4598],[-73.8626,18.4599],[-73.864,18.4609],[-73.8659,18.4604],[-73.8677,18.4613],[-73.8688,18.4602],[-73.8688,18.458],[-73.8678,18.4562],[-73.8692,18.4568],[-73.8705,18.4581],[-73.8717,18.4597],[-73.873,18.4607],[-73.8752,18.4608],[-73.8765,18.4599],[-73.8783,18.4595],[-73.8799,18.4601],[-73.8821,18.4602],[-73.8833,18.4594],[-73.8848,18.4609],[-73.8871,18.4612],[-73.8889,18.4622],[-73.8897,18.4635],[-73.8914,18.463],[-73.8926,18.4646],[-73.894,18.4656],[-73.8955,18.4663],[-73.8942,18.4675],[-73.8928,18.4681],[-73.892,18.4668],[-73.8899,18.4668],[-73.8877,18.4658],[-73.8871,18.4678],[-73.8879,18.4697],[-73.8865,18.4708],[-73.8848,18.4714],[-73.8831,18.4719],[-73.8808,18.4726],[-73.8793,18.4715],[-73.8763,18.4714],[-73.8739,18.4709],[-73.8721,18.4706],[-73.8709,18.4689],[-73.8704,18.4673],[-73.8676,18.4678],[-73.8655,18.4682],[-73.8641,18.4662],[-73.8614,18.4661],[-73.8592,18.466],[-73.856,18.4657],[-73.8543,18.4656]]]},"properties":{}},{"type":"Feature","geometry":{"type":"Polygon","coordinates":[[[-72.22,19.3631],[-72.2203,19.3652],[-72.2168,19.3651],[-72.2154,19.3645],[-72.2136,19.3641],[-72.2116,19.3625],[-72.2119,19.3605],[-72.2145,19.3596],[-72.2164,19.361],[-72.2188,19.3619],[-72.22,19.3631]]]},"properties":{}},{"type":"Feature","geometry":{"type":"Polygon","coordinates":[[[-73.9391,18.1028],[-73.9364,18.1026],[-73.9341,18.1013],[-73.9306,18.0999],[-73.9289,18.0983],[-73.9262,18.0952],[-73.9229,18.0912],[-73.9201,18.0891],[-73.9185,18.0853],[-73.9169,18.0828],[-73.9151,18.0799],[-73.9137,18.0782],[-73.9114,18.0752],[-73.9094,18.0722],[-73.908,18.0698],[-73.9062,18.0684],[-73.9052,18.0658],[-73.9046,18.064],[-73.9036,18.0592],[-73.9027,18.0557],[-73.9028,18.0536],[-73.9028,18.0515],[-73.9027,18.0487],[-73.904,18.0463],[-73.9066,18.0491],[-73.9078,18.0518],[-73.9106,18.0552],[-73.912,18.0568],[-73.912,18.0594],[-73.913,18.0612],[-73.9155,18.0632],[-73.9167,18.0653],[-73.9183,18.0691],[-73.9192,18.071],[-73.9182,18.0728],[-73.9197,18.0739],[-73.9181,18.0755],[-73.9172,18.0769],[-73.9183,18.0791],[-73.9196,18.0814],[-73.9213,18.0842],[-73.9234,18.0863],[-73.9252,18.0874],[-73.9263,18.0901],[-73.9276,18.0916],[-73.929,18.0927],[-73.9317,18.0954],[-73.9344,18.0969],[-73.9364,18.0977],[-73.939,18.0992],[-73.9397,18.1008],[-73.9391,18.1023],[-73.9391,18.1028]]]},"properties":{}},{"type":"Feature","geometry":{"type":"Polygon","coordinates":[[[-72.3307,18.2336],[-72.3284,18.2342],[-72.3264,18.234],[-72.3239,18.2339],[-72.3225,18.2348],[-72.3205,18.235],[-72.3189,18.2357],[-72.3168,18.2365],[-72.3149,18.2358],[-72.3154,18.234],[-72.313,18.2331],[-72.3109,18.2326],[-72.3079,18.2323],[-72.3049,18.2324],[-72.3029,18.2328],[-72.3034,18.2344],[-72.3045,18.2364],[-72.3048,18.2383],[-72.3061,18.2391],[-72.3066,18.2406],[-72.3082,18.2412],[-72.3104,18.2423],[-72.3122,18.243],[-72.3131,18.2444],[-72.3137,18.2462],[-72.3159,18.2482],[-72.3164,18.2501],[-72.3164,18.2532],[-72.3173,18.2551],[-72.3185,18.2563],[-72.3202,18.2571],[-72.3209,18.2592],[-72.3222,18.2601],[-72.3234,18.2613],[-72.3223,18.2623],[-72.3212,18.2609],[-72.3199,18.2596],[-72.3174,18.2593],[-72.316,18.2583],[-72.3148,18.2562],[-72.3134,18.2549],[-72.3115,18.2551],[-72.3092,18.2566],[-72.3082,18.2578],[-72.3076,18.2559],[-72.3058,18.2564],[-72.3052,18.2547],[-72.306,18.2531],[-72.3062,18.2511],[-72.3051,18.2495],[-72.3032,18.2491],[-72.3011,18.2497],[-72.2992,18.2495],[-72.2968,18.2479],[-72.2956,18.2463],[-72.2947,18.245],[-72.2956,18.2437],[-72.2952,18.242],[-72.2957,18.2398],[-72.2963,18.2384],[-72.2956,18.2371],[-72.2934,18.2372],[-72.2926,18.2354],[-72.2922,18.2337],[-72.2927,18.2319],[-72.2919,18.2304],[-72.2898,18.2302],[-72.2873,18.229],[-72.2854,18.2284],[-72.2837,18.2278],[-72.2853,18.2268],[-72.2877,18.2263],[-72.2894,18.2254],[-72.2912,18.2247],[-72.2925,18.2236],[-72.2938,18.2226],[-72.2954,18.2221],[-72.2977,18.2216],[-72.2998,18.2212],[-72.3011,18.2219],[-72.3031,18.2221],[-72.3049,18.2229],[-72.3073,18.2238],[-72.3089,18.225],[-72.3106,18.2265],[-72.3115,18.2277],[-72.3129,18.229],[-72.3143,18.2299],[-72.3157,18.2305],[-72.3179,18.2306],[-72.321,18.2302],[-72.3229,18.2295],[-72.3252,18.2298],[-72.3276,18.2305],[-72.3285,18.2318],[-72.3301,18.2325],[-72.3307,18.2336]]]},"properties":{}},{"type":"Feature","geometry":{"type":"Polygon","coordinates":[[[-73.3752,18.4749],[-73.3729,18.4739],[-73.3707,18.4734],[-73.369,18.4727],[-73.3665,18.4726],[-73.3632,18.4734],[-73.3611,18.4744],[-73.3581,18.4746],[-73.3562,18.4738],[-73.3572,18.472],[-73.3584,18.4694],[-73.3587,18.4662],[-73.3582,18.4644],[-73.36,18.4637],[-73.362,18.4621],[-73.3635,18.4607],[-73.366,18.4602],[-73.3685,18.4612],[-73.3708,18.4609],[-73.372,18.4621],[-73.3745,18.4625],[-73.3759,18.4617],[-73.3766,18.4603],[-73.3803,18.4593],[-73.3817,18.4601],[-73.3849,18.4604],[-73.3879,18.4601],[-73.3888,18.458],[-73.3901,18.4553],[-73.392,18.4565],[-73.3923,18.4587],[-73.3924,18.461],[-73.3921,18.4631],[-73.3911,18.4651],[-73.392,18.4664],[-73.3911,18.468],[-73.3919,18.4698],[-73.3938,18.4703],[-73.394,18.4725],[-73.3936,18.4746],[-73.3912,18.4755],[-73.3883,18.4751],[-73.3858,18.4747],[-73.3812,18.4747],[-73.3794,18.4749],[-73.3773,18.4752],[-73.3752,18.4749]]]},"properties":{}},{"type":"Feature","geometry":{"type":"Polygon","coordinates":[[[-73.5119,18.2499],[-73.511,18.2512],[-73.5101,18.2528],[-73.5095,18.2544],[-73.5076,18.2547],[-73.506,18.2556],[-73.5043,18.2552],[-73.5022,18.2549],[-73.5008,18.2541],[-73.5004,18.2558],[-73.4982,18.2559],[-73.4967,18.2569],[-73.4957,18.2583],[-73.4944,18.2592],[-73.4925,18.2599],[-73.491,18.2591],[-73.4904,18.2606],[-73.4886,18.2603],[-73.4889,18.2621],[-73.4876,18.2629],[-73.4864,18.2645],[-73.4849,18.2654],[-73.4831,18.2657],[-73.4815,18.2626],[-73.4793,18.2608],[-73.4778,18.2601],[-73.4763,18.2596],[-73.4742,18.2594],[-73.4726,18.2587],[-73.474,18.2579],[-73.4757,18.2574],[-73.4769,18.2564],[-73.4766,18.2543],[-73.4756,18.2524],[-73.4749,18.2509],[-73.4758,18.2498],[-73.4779,18.2502],[-73.4788,18.2514],[-73.479,18.2553],[-73.48,18.2563],[-73.4812,18.2574],[-73.4836,18.256],[-73.4851,18.2552],[-73.487,18.2554],[-73.4898,18.2568],[-73.492,18.2563],[-73.4924,18.2546],[-73.4932,18.253],[-73.4947,18.252],[-73.4979,18.2504],[-73.4993,18.2494],[-73.5011,18.2475],[-73.5027,18.2465],[-73.5048,18.2458],[-73.5072,18.2456],[-73.507,18.2436],[-73.5097,18.2432],[-73.5108,18.2442],[-73.5081,18.2457],[-73.5069,18.2466],[-73.5087,18.2463],[-73.5102,18.2471],[-73.5117,18.2476],[-73.5124,18.249],[-73.5119,18.2499]]]},"properties":{}},{"type":"Feature","geometry":{"type":"Polygon","coordinates":[[[-73.4742,18.2578],[-73.4742,18.2578],[-73.4742,18.2578],[-73.4742,18.2578]]]},"properties":{}},{"type":"Feature","geometry":{"type":"Polygon","coordinates":[[[-73.5297,18.2342],[-73.5285,18.235],[-73.5272,18.236],[-73.5258,18.2368],[-73.5245,18.2375],[-73.5233,18.2384],[-73.5221,18.2395],[-73.521,18.2405],[-73.5186,18.2402],[-73.5174,18.241],[-73.516,18.2403],[-73.5145,18.239],[-73.5154,18.2378],[-73.5137,18.2364],[-73.5114,18.2357],[-73.5095,18.2351],[-73.5072,18.2354],[-73.5062,18.2367],[-73.5043,18.2368],[-73.5024,18.2365],[-73.5018,18.2348],[-73.5034,18.2337],[-73.5055,18.2333],[-73.5082,18.2324],[-73.5099,18.2334],[-73.511,18.2344],[-73.5125,18.235],[-73.5156,18.2347],[-73.5174,18.2341],[-73.5187,18.2355],[-73.5207,18.2352],[-73.5224,18.2344],[-73.5237,18.2337],[-73.5265,18.2335],[-73.5281,18.2329],[-73.5297,18.2325],[-73.5317,18.2328],[-73.5323,18.2347],[-73.5305,18.2342],[-73.5297,18.2342]]]},"properties":{}},{"type":"Feature","geometry":{"type":"Polygon","coordinates":[[[-72.4584,18.537],[-72.4584,18.537],[-72.4583,18.5371],[-72.4584,18.537]]]},"properties":{}},{"type":"Feature","geometry":{"type":"Polygon","coordinates":[[[-72.4828,18.5443],[-72.4814,18.5449],[-72.4796,18.5454],[-72.4761,18.5463],[-72.4742,18.5468],[-72.4725,18.5475],[-72.47,18.5477],[-72.4677,18.5474],[-72.4646,18.5469],[-72.4626,18.5466],[-72.4605,18.5466],[-72.458,18.5461],[-72.4561,18.5458],[-72.4543,18.5447],[-72.4527,18.5441],[-72.4507,18.5439],[-72.4509,18.5421],[-72.45,18.5406],[-72.4514,18.5392],[-72.4537,18.5391],[-72.4558,18.539],[-72.4573,18.5385],[-72.4583,18.5372],[-72.4604,18.5375],[-72.4616,18.5384],[-72.4634,18.5391],[-72.4628,18.5408],[-72.4618,18.5419],[-72.461,18.5432],[-72.4602,18.545],[-72.4617,18.5457],[-72.4645,18.5453],[-72.4681,18.5458],[-72.4703,18.5456],[-72.4721,18.545],[-72.4737,18.5441],[-72.4758,18.5425],[-72.4774,18.5439],[-72.4806,18.5442],[-72.4825,18.5441],[-72.4828,18.5443]]]},"properties":{}},{"type":"Feature","geometry":{"type":"Polygon","coordinates":[[[-71.9446,18.4897],[-71.9426,18.4896],[-71.941,18.4901],[-71.9392,18.4909],[-71.938,18.4918],[-71.9369,18.493],[-71.9355,18.4939],[-71.9337,18.4935],[-71.9327,18.4924],[-71.9315,18.4915],[-71.9298,18.4908],[-71.9275,18.4906],[-71.9266,18.4892],[-71.9272,18.4878],[-71.9299,18.4878],[-71.9322,18.488],[-71.9342,18.4879],[-71.936,18.4876],[-71.9385,18.4876],[-71.9406,18.4879],[-71.942,18.4887],[-71.9438,18.4891],[-71.9446,18.4897]]]},"properties":{}},{"type":"Feature","geometry":{"type":"Polygon","coordinates":[[[-71.9446,18.4897],[-71.9464,18.4901],[-71.9481,18.4897],[-71.9502,18.4894],[-71.9516,18.4888],[-71.9531,18.4879],[-71.955,18.4874],[-71.9564,18.4866],[-71.9577,18.4857],[-71.9592,18.4849],[-71.9619,18.4843],[-71.9632,18.4836],[-71.965,18.4822],[-71.9671,18.4818],[-71.9679,18.4805],[-71.9682,18.4785],[-71.9668,18.4772],[-71.9662,18.4756],[-71.9664,18.4736],[-71.9675,18.4727],[-71.9678,18.4706],[-71.9678,18.468],[-71.9672,18.4652],[-71.9679,18.4623],[-71.9686,18.4605],[-71.969,18.4578],[-71.9675,18.4553],[-71.9669,18.4535],[-71.9657,18.4526],[-71.9639,18.4519],[-71.9619,18.4507],[-71.9613,18.4492],[-71.9605,18.4476],[-71.9588,18.446],[-71.958,18.4431],[-71.9571,18.4413],[-71.9572,18.4393],[-71.9587,18.4375],[-71.9584,18.4398],[-71.9593,18.4412],[-71.9597,18.4444],[-71.9611,18.4472],[-71.9632,18.4489],[-71.9642,18.4499],[-71.9661,18.451],[-71.967,18.4529],[-71.9685,18.4542],[-71.9696,18.4557],[-71.9704,18.4587],[-71.9699,18.4609],[-71.9696,18.4628],[-71.9689,18.4643],[-71.9692,18.4686],[-71.9697,18.4711],[-71.9706,18.4741],[-71.972,18.4755],[-71.9728,18.4769],[-71.9736,18.4792],[-71.9743,18.4806],[-71.9753,18.4822],[-71.9769,18.4841],[-71.9781,18.4853],[-71.9796,18.4868],[-71.9811,18.4879],[-71.9838,18.4895],[-71.9851,18.4903],[-71.9874,18.4903],[-71.9879,18.4919],[-71.9886,18.4933],[-71.9898,18.4942],[-71.9916,18.4939],[-71.9925,18.4927],[-71.9927,18.4908],[-71.9939,18.4892],[-71.9963,18.4894],[-71.9976,18.4901],[-71.9999,18.4913],[-72.002,18.4904],[-72.0043,18.4899],[-72.006,18.4895],[-72.0078,18.4892],[-72.0091,18.4916],[-72.0099,18.4929],[-72.0113,18.4935],[-72.0135,18.4921],[-72.0155,18.4927],[-72.0174,18.494],[-72.0187,18.4949],[-72.0198,18.496],[-72.0212,18.4967],[-72.0231,18.4973],[-72.0253,18.4973],[-72.0267,18.4967],[-72.0277,18.4955],[-72.0295,18.495],[-72.0309,18.4956],[-72.0343,18.4958],[-72.0363,18.4962],[-72.0373,18.4974],[-72.0371,18.4994],[-72.0373,18.5013],[-72.0381,18.503],[-72.0373,18.5048],[-72.035,18.5045],[-72.032,18.504],[-72.0293,18.5035],[-72.027,18.5029],[-72.0248,18.5018],[-72.0226,18.502],[-72.0214,18.503],[-72.0198,18.5035],[-72.0171,18.5036],[-72.014,18.5039],[-72.0116,18.5042],[-72.0075,18.5044],[-72.0053,18.5045],[-72.0013,18.5045],[-71.9993,18.5043],[-71.9976,18.5037],[-71.9959,18.5042],[-71.9947,18.5053],[-71.9924,18.5059],[-71.9903,18.5063],[-71.988,18.5066],[-71.9866,18.5073],[-71.9856,18.5084],[-71.9836,18.5095],[-71.9826,18.5107],[-71.9832,18.5122],[-71.9843,18.5136],[-71.9855,18.5146],[-71.9874,18.5159],[-71.9892,18.5169],[-71.9922,18.5184],[-71.9939,18.5192],[-71.9957,18.5189],[-71.9966,18.5177],[-71.9965,18.5154],[-71.9966,18.5133],[-71.9984,18.5137],[-71.9997,18.5149],[-72.0013,18.5167],[-72.0022,18.5179],[-72.0025,18.5197],[-72.0038,18.5209],[-72.0045,18.5223],[-72.0063,18.5242],[-72.0083,18.5251],[-72.0095,18.526],[-72.0103,18.5273],[-72.0095,18.5291],[-72.0077,18.5295],[-72.0061,18.529],[-72.0039,18.5289],[-72.0011,18.5283],[-71.9996,18.5276],[-71.9982,18.5267],[-71.9962,18.527],[-71.9951,18.5281],[-71.9952,18.5302],[-71.9969,18.5312],[-71.9988,18.532],[-72.001,18.5326],[-72.003,18.5324],[-72.0037,18.5338],[-72.0026,18.535],[-72.0019,18.5373],[-72.0014,18.5389],[-72.0004,18.5402],[-71.9986,18.5404],[-71.9965,18.5403],[-71.9933,18.5406],[-71.9913,18.5409],[-71.9883,18.5413],[-71.9862,18.5412],[-71.9853,18.5401],[-71.9862,18.5387],[-71.9881,18.5376],[-71.9897,18.5365],[-71.9913,18.535],[-71.9923,18.5338],[-71.9931,18.5322],[-71.9929,18.5301],[-71.9921,18.5289],[-71.9896,18.5284],[-71.9873,18.5279],[-71.9855,18.5273],[-71.9829,18.5274],[-71.9809,18.5287],[-71.9798,18.5297],[-71.9795,18.5317],[-71.9786,18.533],[-71.9768,18.5336],[-71.9753,18.5329],[-71.9744,18.5311],[-71.9734,18.5294],[-71.9723,18.5278],[-71.9712,18.5265],[-71.9696,18.5244],[-71.9685,18.5234],[-71.9665,18.523],[-71.9643,18.5228],[-71.9633,18.5214],[-71.9641,18.5188],[-71.9646,18.5171],[-71.9645,18.5151],[-71.9648,18.5121],[-71.965,18.5091],[-71.9651,18.5067],[-71.9647,18.5046],[-71.9641,18.503],[-71.9619,18.5018],[-71.9599,18.5009],[-71.9583,18.4999],[-71.9567,18.4986],[-71.9553,18.4971],[-71.9542,18.4961],[-71.9529,18.4953],[-71.9518,18.4943],[-71.9507,18.4932],[-71.9498,18.492],[-71.9487,18.491],[-71.9473,18.4904],[-71.9446,18.4897]]]},"properties":{}},{"type":"Feature","geometry":{"type":"Polygon","coordinates":[[[-73.555,18.5136],[-73.5546,18.5154],[-73.5537,18.517],[-73.5514,18.5171],[-73.5496,18.518],[-73.5483,18.5193],[-73.5456,18.5214],[-73.5435,18.5214],[-73.5411,18.5207],[-73.5394,18.5199],[-73.5376,18.5205],[-73.5385,18.5221],[-73.5406,18.5216],[-73.5399,18.5235],[-73.5376,18.5233],[-73.5351,18.5231],[-73.5327,18.5227],[-73.5313,18.5234],[-73.5313,18.5256],[-73.5307,18.5275],[-73.5279,18.5274],[-73.5267,18.5263],[-73.5246,18.5266],[-73.5228,18.527],[-73.5214,18.5281],[-73.5196,18.5284],[-73.5181,18.5273],[-73.5161,18.5275],[-73.515,18.5263],[-73.5125,18.5273],[-73.5099,18.5284],[-73.5074,18.528],[-73.506,18.527],[-73.5022,18.5268],[-73.5003,18.5271],[-73.4957,18.527],[-73.4936,18.5273],[-73.4908,18.5265],[-73.4869,18.5259],[-73.4847,18.5254],[-73.4821,18.5252],[-73.4782,18.5244],[-73.4743,18.5234],[-73.4703,18.5231],[-73.468,18.5239],[-73.4641,18.526],[-73.4602,18.5275],[-73.4576,18.5283],[-73.4556,18.5281],[-73.4498,18.5263],[-73.443,18.5248],[-73.4342,18.5234],[-73.4251,18.5208],[-73.42,18.5198],[-73.4182,18.5196],[-73.4145,18.5194],[-73.4129,18.5199],[-73.4113,18.5206],[-73.4082,18.5204],[-73.4047,18.5195],[-73.4024,18.5185],[-73.3975,18.5162],[-73.3939,18.5145],[-73.3906,18.5139],[-73.3876,18.5136],[-73.3828,18.5133],[-73.381,18.5127],[-73.378,18.5123],[-73.3749,18.5122],[-73.3736,18.5096],[-73.3722,18.5086],[-73.3713,18.5074],[-73.3706,18.5044],[-73.3709,18.5026],[-73.3718,18.5007],[-73.3761,18.5023],[-73.3781,18.5024],[-73.3804,18.5029],[-73.3836,18.5036],[-73.3864,18.504],[-73.3885,18.5053],[-73.3913,18.506],[-73.3933,18.5065],[-73.3954,18.5071],[-73.399,18.5079],[-73.4017,18.5077],[-73.4036,18.5058],[-73.4052,18.5071],[-73.4076,18.508],[-73.41,18.5082],[-73.4125,18.5078],[-73.4135,18.509],[-73.4174,18.5104],[-73.4193,18.5096],[-73.4214,18.5096],[-73.4235,18.5092],[-73.4248,18.5082],[-73.4273,18.5076],[-73.4305,18.5063],[-73.432,18.5054],[-73.4333,18.5043],[-73.4365,18.5044],[-73.439,18.5055],[-73.4425,18.5056],[-73.4445,18.5048],[-73.4458,18.5058],[-73.4489,18.5056],[-73.4525,18.5058],[-73.4538,18.505],[-73.4558,18.5056],[-73.457,18.5046],[-73.4589,18.5038],[-73.4604,18.5029],[-73.4627,18.5026],[-73.4656,18.5003],[-73.4689,18.5017],[-73.4712,18.5023],[-73.4727,18.5002],[-73.4747,18.4992],[-73.4771,18.4983],[-73.4794,18.498],[-73.48,18.4959],[-73.479,18.4941],[-73.48,18.4924],[-73.4832,18.4938],[-73.4879,18.4953],[-73.4896,18.4949],[-73.4924,18.4953],[-73.4941,18.4963],[-73.4926,18.4983],[-73.49,18.4993],[-73.4887,18.5006],[-73.4894,18.5024],[-73.4902,18.5043],[-73.4918,18.5052],[-73.4936,18.505],[-73.4977,18.5024],[-73.5001,18.5026],[-73.5022,18.5022],[-73.5043,18.5028],[-73.5068,18.5028],[-73.5084,18.5035],[-73.5106,18.5031],[-73.5101,18.5053],[-73.5123,18.5055],[-73.5162,18.5049],[-73.5178,18.5043],[-73.5198,18.5036],[-73.5222,18.5041],[-73.524,18.5049],[-73.5265,18.5047],[-73.5286,18.5053],[-73.53,18.506],[-73.5335,18.5063],[-73.535,18.5056],[-73.5365,18.505],[-73.5378,18.5034],[-73.539,18.5023],[-73.5394,18.5042],[-73.5417,18.5045],[-73.5435,18.5054],[-73.5447,18.5063],[-73.5467,18.5061],[-73.5487,18.5065],[-73.5498,18.5077],[-73.5528,18.5075],[-73.5545,18.5085],[-73.5587,18.5088],[-73.5586,18.5122],[-73.5562,18.513],[-73.555,18.5136]]]},"properties":{}},{"type":"Feature","geometry":{"type":"Polygon","coordinates":[[[-72.3142,18.6755],[-72.3121,18.6753],[-72.3109,18.6733],[-72.3098,18.6723],[-72.3074,18.6723],[-72.3068,18.6706],[-72.3049,18.6704],[-72.3018,18.669],[-72.3004,18.6682],[-72.2988,18.6672],[-72.2963,18.6648],[-72.2957,18.6632],[-72.2942,18.6619],[-72.2915,18.6613],[-72.2895,18.6611],[-72.2885,18.6601],[-72.2872,18.6582],[-72.2858,18.6573],[-72.2834,18.6568],[-72.2823,18.655],[-72.2804,18.6536],[-72.2819,18.6519],[-72.2795,18.6501],[-72.2793,18.6481],[-72.2775,18.6489],[-72.2756,18.6476],[-72.2739,18.6472],[-72.2712,18.6474],[-72.2687,18.6466],[-72.2671,18.6485],[-72.2643,18.6485],[-72.261,18.6474],[-72.2592,18.6466],[-72.2593,18.649],[-72.2603,18.6504],[-72.262,18.6521],[-72.2633,18.6546],[-72.2644,18.6559],[-72.2634,18.6575],[-72.2632,18.6608],[-72.2625,18.6622],[-72.2599,18.6623],[-72.2582,18.6614],[-72.2556,18.661],[-72.2545,18.6619],[-72.2568,18.6635],[-72.256,18.6656],[-72.2541,18.6669],[-72.2517,18.666],[-72.2505,18.6672],[-72.249,18.6685],[-72.246,18.6669],[-72.245,18.6657],[-72.2433,18.665],[-72.2406,18.6646],[-72.2375,18.6666],[-72.2351,18.6671],[-72.2331,18.6681],[-72.2307,18.6681],[-72.2286,18.6675],[-72.2269,18.668],[-72.2251,18.6674],[-72.2213,18.665],[-72.2191,18.6642],[-72.2174,18.663],[-72.2152,18.6623],[-72.2136,18.6614],[-72.2107,18.6608],[-72.2085,18.6607],[-72.2053,18.6609],[-72.2005,18.6618],[-72.1989,18.6627],[-72.1988,18.6647],[-72.1959,18.6642],[-72.1938,18.6637],[-72.1935,18.6605],[-72.1916,18.6581],[-72.1898,18.657],[-72.1856,18.6566],[-72.1831,18.6562],[-72.1819,18.6553],[-72.1824,18.6535],[-72.1793,18.6536],[-72.1775,18.6538],[-72.1754,18.6553],[-72.173,18.6526],[-72.1696,18.6523],[-72.1667,18.6544],[-72.1625,18.6551],[-72.1615,18.6562],[-72.1601,18.657],[-72.1591,18.6593],[-72.1571,18.6596],[-72.1555,18.6601],[-72.1534,18.6598],[-72.1521,18.6609],[-72.1505,18.6618],[-72.1471,18.6626],[-72.1443,18.6619],[-72.1415,18.6614],[-72.1404,18.6602],[-72.1372,18.6594],[-72.1332,18.6577],[-72.1302,18.6572],[-72.1282,18.6559],[-72.1241,18.655],[-72.122,18.6549],[-72.1196,18.6538],[-72.1188,18.6525],[-72.1165,18.6521],[-72.1151,18.6531],[-72.1112,18.6541],[-72.1076,18.6532],[-72.1062,18.6524],[-72.0995,18.652],[-72.0972,18.6536],[-72.0951,18.6544],[-72.0927,18.6568],[-72.0909,18.658],[-72.09,18.6596],[-72.0887,18.6608],[-72.0865,18.6603],[-72.0833,18.6602],[-72.0818,18.6587],[-72.0827,18.6574],[-72.0811,18.6551],[-72.0801,18.6536],[-72.0803,18.6514],[-72.0786,18.651],[-72.0773,18.6498],[-72.0765,18.6483],[-72.0746,18.6474],[-72.0729,18.6465],[-72.0716,18.6473],[-72.069,18.6473],[-72.0671,18.6476],[-72.0642,18.6479],[-72.0624,18.6488],[-72.0605,18.6491],[-72.0592,18.6484],[-72.0573,18.6483],[-72.0571,18.6459],[-72.055,18.6442],[-72.0567,18.6434],[-72.0576,18.6419],[-72.0563,18.6411],[-72.0545,18.6408],[-72.0545,18.6385],[-72.0566,18.6374],[-72.0576,18.6356],[-72.0592,18.6342],[-72.0601,18.6327],[-72.0609,18.6309],[-72.0608,18.6284],[-72.0599,18.6268],[-72.0587,18.6248],[-72.0596,18.6235],[-72.062,18.624],[-72.0632,18.6224],[-72.0641,18.621],[-72.0622,18.6184],[-72.061,18.6172],[-72.0596,18.6157],[-72.0605,18.6132],[-72.0594,18.6119],[-72.0572,18.6117],[-72.0567,18.61],[-72.0553,18.6088],[-72.0537,18.6068],[-72.0526,18.6044],[-72.0511,18.6037],[-72.0488,18.6036],[-72.0491,18.6],[-72.0495,18.5983],[-72.0493,18.5963],[-72.0476,18.595],[-72.0459,18.5937],[-72.0445,18.5926],[-72.0424,18.5917],[-72.0403,18.5911],[-72.0388,18.5891],[-72.0374,18.588],[-72.0381,18.5857],[-72.039,18.5846],[-72.0401,18.5832],[-72.0419,18.582],[-72.0427,18.58],[-72.0441,18.5788],[-72.0446,18.576],[-72.0453,18.5725],[-72.0461,18.5705],[-72.0468,18.5673],[-72.0476,18.5653],[-72.0473,18.5602],[-72.0476,18.5562],[-72.0473,18.5539],[-72.0465,18.5525],[-72.0486,18.5528],[-72.0498,18.554],[-72.0501,18.5564],[-72.0516,18.5583],[-72.0528,18.5597],[-72.0559,18.5641],[-72.0583,18.5657],[-72.06,18.5661],[-72.0629,18.5673],[-72.0677,18.5672],[-72.0696,18.5661],[-72.0712,18.5646],[-72.0722,18.5632],[-72.0719,18.5583],[-72.07,18.555],[-72.0686,18.5543],[-72.0666,18.5538],[-72.0658,18.5511],[-72.0645,18.5497],[-72.062,18.5478],[-72.0614,18.546],[-72.0585,18.5446],[-72.0583,18.5426],[-72.0595,18.541],[-72.0586,18.539],[-72.0595,18.5368],[-72.0623,18.5344],[-72.0628,18.5314],[-72.0637,18.5301],[-72.0646,18.5279],[-72.0682,18.5278],[-72.0701,18.5285],[-72.0745,18.5286],[-72.0771,18.5289],[-72.0801,18.5303],[-72.0823,18.5316],[-72.0847,18.5335],[-72.0868,18.5345],[-72.0884,18.5359],[-72.0904,18.5361],[-72.0934,18.5373],[-72.0951,18.5378],[-72.0982,18.5389],[-72.101,18.5388],[-72.1043,18.5369],[-72.1032,18.5349],[-72.1025,18.5316],[-72.1017,18.5284],[-72.1002,18.527],[-72.098,18.5268],[-72.0988,18.5236],[-72.0994,18.5219],[-72.099,18.5202],[-72.0991,18.5181],[-72.1003,18.516],[-72.1001,18.5138],[-72.0999,18.5113],[-72.0992,18.5096],[-72.1,18.5083],[-72.1021,18.5078],[-72.1053,18.5073],[-72.1081,18.5075],[-72.1103,18.5074],[-72.1125,18.5067],[-72.1149,18.5068],[-72.1167,18.5081],[-72.1188,18.5082],[-72.12,18.5071],[-72.1237,18.5093],[-72.126,18.5103],[-72.1273,18.5117],[-72.1292,18.5129],[-72.131,18.5135],[-72.1322,18.5147],[-72.1316,18.5171],[-72.1297,18.5178],[-72.1281,18.5189],[-72.1311,18.5221],[-72.1332,18.5223],[-72.1364,18.5218],[-72.1391,18.5231],[-72.1414,18.5233],[-72.1431,18.5237],[-72.146,18.5246],[-72.1487,18.5255],[-72.1518,18.5255],[-72.1547,18.5259],[-72.1563,18.5251],[-72.1584,18.526],[-72.16,18.5266],[-72.1642,18.5273],[-72.1676,18.5265],[-72.1703,18.526],[-72.1699,18.5243],[-72.1735,18.5246],[-72.1759,18.5239],[-72.1775,18.5232],[-72.1794,18.5229],[-72.1813,18.5225],[-72.1792,18.5208],[-72.1819,18.5189],[-72.1841,18.5187],[-72.1859,18.518],[-72.1865,18.5158],[-72.1879,18.5151],[-72.1898,18.5162],[-72.1917,18.5164],[-72.1935,18.5152],[-72.1948,18.5128],[-72.1957,18.5113],[-72.1964,18.5096],[-72.1967,18.5032],[-72.198,18.5021],[-72.2011,18.5025],[-72.2043,18.5048],[-72.2054,18.5059],[-72.2064,18.5071],[-72.2072,18.5094],[-72.2094,18.5138],[-72.211,18.5148],[-72.2106,18.5181],[-72.2117,18.5196],[-72.2138,18.5203],[-72.2171,18.5201],[-72.2188,18.5194],[-72.221,18.5195],[-72.2241,18.522],[-72.2259,18.5227],[-72.2278,18.5226],[-72.2305,18.5229],[-72.2327,18.524],[-72.2351,18.5242],[-72.2377,18.5237],[-72.2395,18.5242],[-72.2415,18.526],[-72.2431,18.5277],[-72.2445,18.5292],[-72.2461,18.5302],[-72.248,18.5324],[-72.2476,18.5344],[-72.2457,18.5354],[-72.2447,18.5366],[-72.2466,18.5385],[-72.2461,18.5416],[-72.2427,18.5413],[-72.2409,18.5411],[-72.2375,18.5406],[-72.2389,18.545],[-72.2409,18.5469],[-72.2434,18.5475],[-72.2445,18.5489],[-72.2494,18.5495],[-72.2509,18.5501],[-72.2495,18.5512],[-72.2508,18.5521],[-72.2539,18.553],[-72.256,18.5537],[-72.2574,18.5553],[-72.2608,18.5567],[-72.2628,18.5566],[-72.2657,18.557],[-72.2681,18.557],[-72.2688,18.5587],[-72.2716,18.5608],[-72.2737,18.5605],[-72.2758,18.5606],[-72.278,18.5613],[-72.2793,18.5622],[-72.2805,18.5633],[-72.2816,18.5656],[-72.2828,18.5668],[-72.2845,18.5673],[-72.2854,18.5694],[-72.2866,18.5702],[-72.2886,18.5704],[-72.2906,18.57],[-72.2933,18.5705],[-72.2957,18.5697],[-72.2977,18.5701],[-72.3001,18.5715],[-72.3012,18.5736],[-72.3052,18.5763],[-72.3062,18.5779],[-72.3077,18.579],[-72.3095,18.5792],[-72.3082,18.5768],[-72.3105,18.5773],[-72.311,18.5752],[-72.3127,18.5742],[-72.3137,18.573],[-72.3151,18.5724],[-72.3159,18.5709],[-72.3171,18.5683],[-72.3188,18.5669],[-72.3215,18.567],[-72.3248,18.5683],[-72.3275,18.5692],[-72.3315,18.5695],[-72.3352,18.5681],[-72.337,18.5667],[-72.3382,18.5652],[-72.3401,18.5609],[-72.3421,18.559],[-72.343,18.5577],[-72.3436,18.5544],[-72.344,18.5523],[-72.3403,18.5464],[-72.3388,18.5435],[-72.3385,18.541],[-72.3385,18.5383],[-72.339,18.535],[-72.3399,18.5339],[-72.3461,18.5335],[-72.3509,18.5322],[-72.354,18.5324],[-72.3557,18.533],[-72.3561,18.5352],[-72.3579,18.5326],[-72.3585,18.5312],[-72.3604,18.5305],[-72.3631,18.5311],[-72.3638,18.5348],[-72.3606,18.5354],[-72.3592,18.5369],[-72.3578,18.5386],[-72.3565,18.54],[-72.3548,18.5407],[-72.3516,18.5419],[-72.3504,18.5431],[-72.3494,18.5456],[-72.3498,18.5481],[-72.3495,18.5502],[-72.3484,18.5517],[-72.3489,18.5532],[-72.3517,18.5543],[-72.354,18.5544],[-72.351,18.5553],[-72.3523,18.5566],[-72.3518,18.5585],[-72.3498,18.5586],[-72.3487,18.5595],[-72.348,18.5611],[-72.3471,18.5624],[-72.3496,18.5646],[-72.3522,18.564],[-72.3534,18.5656],[-72.3516,18.5681],[-72.3498,18.5679],[-72.3474,18.5702],[-72.3476,18.5733],[-72.3464,18.5748],[-72.3454,18.5735],[-72.3438,18.5719],[-72.3403,18.5724],[-72.339,18.5713],[-72.3374,18.5706],[-72.3368,18.572],[-72.3385,18.5733],[-72.3396,18.5773],[-72.3405,18.5791],[-72.3418,18.5802],[-72.3407,18.5813],[-72.34,18.5845],[-72.3373,18.5836],[-72.3357,18.583],[-72.3372,18.5847],[-72.3385,18.5856],[-72.3379,18.5875],[-72.339,18.5903],[-72.3389,18.5931],[-72.3412,18.5958],[-72.3435,18.5961],[-72.3452,18.5968],[-72.3462,18.5981],[-72.3465,18.6011],[-72.3455,18.6029],[-72.3451,18.6053],[-72.3461,18.6083],[-72.3465,18.6104],[-72.3491,18.6138],[-72.3519,18.6146],[-72.3509,18.6165],[-72.3506,18.619],[-72.3511,18.6233],[-72.3525,18.6242],[-72.3548,18.6255],[-72.3564,18.6265],[-72.3599,18.6278],[-72.3593,18.6299],[-72.3571,18.6298],[-72.3546,18.6278],[-72.35,18.6266],[-72.3476,18.6267],[-72.3466,18.6278],[-72.3458,18.6294],[-72.3441,18.6315],[-72.3431,18.6331],[-72.3415,18.6372],[-72.3389,18.6423],[-72.3381,18.6451],[-72.3314,18.6525],[-72.3294,18.6543],[-72.3278,18.6551],[-72.3258,18.6559],[-72.3237,18.6564],[-72.321,18.6573],[-72.3188,18.661],[-72.3185,18.663],[-72.3172,18.6651],[-72.3177,18.6681],[-72.3174,18.6702],[-72.318,18.6722],[-72.3193,18.6737],[-72.3205,18.676],[-72.32,18.6777],[-72.318,18.6774],[-72.3162,18.6769],[-72.315,18.6759],[-72.3142,18.6755]]]},"properties":{}},{"type":"Feature","geometry":{"type":"Polygon","coordinates":[[[-72.492,18.7774],[-72.4945,18.7775],[-72.4935,18.7776],[-72.4924,18.7777],[-72.492,18.7774]]]},"properties":{}},{"type":"Feature","geometry":{"type":"Polygon","coordinates":[[[-72.492,18.7774],[-72.4908,18.7749],[-72.4884,18.7755],[-72.487,18.7745],[-72.4847,18.773],[-72.4837,18.772],[-72.4818,18.7713],[-72.48,18.7716],[-72.4767,18.7701],[-72.4741,18.7681],[-72.4712,18.7664],[-72.4675,18.7652],[-72.4652,18.7647],[-72.4599,18.7639],[-72.4578,18.7646],[-72.4569,18.7627],[-72.4558,18.7599],[-72.4547,18.7586],[-72.4523,18.756],[-72.4495,18.7541],[-72.4465,18.7516],[-72.4443,18.7492],[-72.4433,18.7477],[-72.4416,18.747],[-72.4397,18.7479],[-72.4371,18.7479],[-72.436,18.7469],[-72.4339,18.7453],[-72.4321,18.743],[-72.4279,18.7437],[-72.4247,18.7411],[-72.4228,18.7417],[-72.4221,18.74],[-72.4181,18.739],[-72.4158,18.7379],[-72.4089,18.7389],[-72.409,18.7357],[-72.4105,18.7351],[-72.4136,18.7348],[-72.4162,18.7303],[-72.4163,18.728],[-72.4165,18.7257],[-72.4145,18.724],[-72.4125,18.723],[-72.4121,18.7211],[-72.4106,18.7204],[-72.4086,18.7192],[-72.4068,18.7195],[-72.4038,18.718],[-72.4022,18.7185],[-72.3994,18.7186],[-72.3972,18.7175],[-72.3962,18.7163],[-72.3958,18.714],[-72.3978,18.7125],[-72.4008,18.7118],[-72.4024,18.7127],[-72.4053,18.7127],[-72.4073,18.7127],[-72.4092,18.7124],[-72.4109,18.7128],[-72.4123,18.7134],[-72.4159,18.7136],[-72.4184,18.7128],[-72.4226,18.7138],[-72.4246,18.7139],[-72.4265,18.7134],[-72.4286,18.7135],[-72.4303,18.7143],[-72.4334,18.715],[-72.4351,18.7155],[-72.4371,18.716],[-72.4419,18.7175],[-72.4451,18.7178],[-72.4465,18.7186],[-72.4491,18.7195],[-72.4511,18.7199],[-72.4514,18.7221],[-72.4512,18.7243],[-72.4516,18.7264],[-72.4524,18.7289],[-72.4534,18.7309],[-72.4562,18.7323],[-72.4581,18.7321],[-72.4598,18.7333],[-72.459,18.7354],[-72.4587,18.7371],[-72.4581,18.7387],[-72.4592,18.7398],[-72.4591,18.7437],[-72.4594,18.7457],[-72.4599,18.7472],[-72.461,18.7482],[-72.4616,18.7518],[-72.4627,18.7533],[-72.4647,18.7555],[-72.4668,18.7578],[-72.4687,18.7582],[-72.4709,18.7596],[-72.4735,18.7595],[-72.4759,18.7598],[-72.4779,18.7604],[-72.4799,18.7619],[-72.4829,18.7642],[-72.4849,18.7648],[-72.4866,18.7671],[-72.4889,18.7684],[-72.4909,18.7673],[-72.4934,18.7673],[-72.4952,18.7659],[-72.4959,18.7643],[-72.4982,18.7658],[-72.5034,18.7672],[-72.5057,18.7671],[-72.5085,18.767],[-72.5104,18.7668],[-72.5183,18.7668],[-72.5202,18.7677],[-72.5225,18.7678],[-72.5242,18.7684],[-72.5262,18.7697],[-72.5276,18.7705],[-72.53,18.7715],[-72.5329,18.7726],[-72.5353,18.7729],[-72.5373,18.7733],[-72.5419,18.7759],[-72.5428,18.7788],[-72.5437,18.7804],[-72.5457,18.7833],[-72.5461,18.7861],[-72.547,18.7873],[-72.549,18.79],[-72.5505,18.7912],[-72.5529,18.7926],[-72.5564,18.7952],[-72.5585,18.7953],[-72.5603,18.7956],[-72.5612,18.799],[-72.5621,18.801],[-72.5627,18.8027],[-72.5635,18.8049],[-72.5646,18.8062],[-72.5651,18.8096],[-72.5661,18.8115],[-72.5674,18.8125],[-72.5685,18.8146],[-72.5693,18.8168],[-72.5702,18.8182],[-72.5718,18.82],[-72.5729,18.8217],[-72.5736,18.8235],[-72.5741,18.8252],[-72.575,18.8271],[-72.5752,18.829],[-72.5758,18.8322],[-72.5758,18.8351],[-72.5746,18.8364],[-72.5721,18.837],[-72.5681,18.8363],[-72.566,18.8363],[-72.5631,18.8357],[-72.5615,18.8351],[-72.5595,18.8341],[-72.5571,18.8342],[-72.5541,18.835],[-72.5501,18.8348],[-72.5487,18.8356],[-72.5461,18.8358],[-72.5441,18.8355],[-72.5422,18.8353],[-72.5404,18.8359],[-72.5365,18.8353],[-72.535,18.8346],[-72.5322,18.8357],[-72.5314,18.8377],[-72.5292,18.8374],[-72.5272,18.8355],[-72.5255,18.8374],[-72.5241,18.8392],[-72.5223,18.8408],[-72.5216,18.8394],[-72.5213,18.8373],[-72.52,18.8364],[-72.518,18.8348],[-72.5185,18.8327],[-72.5198,18.8308],[-72.5199,18.8285],[-72.5201,18.8255],[-72.5195,18.8229],[-72.5188,18.821],[-72.5175,18.82],[-72.5169,18.8185],[-72.5134,18.8178],[-72.5113,18.8181],[-72.5085,18.8176],[-72.5059,18.8162],[-72.5042,18.8149],[-72.5041,18.8129],[-72.5031,18.8096],[-72.5019,18.8077],[-72.5001,18.807],[-72.4999,18.8045],[-72.499,18.803],[-72.4992,18.8002],[-72.4986,18.7988],[-72.4964,18.798],[-72.4953,18.7966],[-72.4968,18.7943],[-72.498,18.7928],[-72.4984,18.7889],[-72.4976,18.7876],[-72.4994,18.7825],[-72.4994,18.7803],[-72.499,18.7778],[-72.4975,18.7764],[-72.4963,18.7773],[-72.492,18.7774]]]},"properties":{}},{"type":"Feature","geometry":{"type":"Polygon","coordinates":[[[-73.2831,18.2328],[-73.282,18.2341],[-73.2808,18.2352],[-73.2809,18.2376],[-73.2799,18.2386],[-73.2803,18.2406],[-73.2805,18.2427],[-73.28,18.2442],[-73.2796,18.2465],[-73.2794,18.2485],[-73.2789,18.2506],[-73.2776,18.2516],[-73.2769,18.2502],[-73.2757,18.2491],[-73.2751,18.2475],[-73.2739,18.2462],[-73.2736,18.2427],[-73.2745,18.2415],[-73.275,18.2395],[-73.2744,18.2379],[-73.2725,18.238],[-73.2714,18.2398],[-73.2699,18.2404],[-73.2692,18.2391],[-73.2675,18.2397],[-73.2657,18.2394],[-73.2628,18.2389],[-73.2613,18.2383],[-73.2592,18.2381],[-73.2578,18.239],[-73.2575,18.2409],[-73.2573,18.2428],[-73.2558,18.2434],[-73.2539,18.2427],[-73.2534,18.2409],[-73.2522,18.2398],[-73.2505,18.2392],[-73.2478,18.2395],[-73.2453,18.2396],[-73.2434,18.24],[-73.2423,18.239],[-73.2404,18.2402],[-73.2399,18.2421],[-73.2375,18.2421],[-73.2364,18.2434],[-73.2359,18.2412],[-73.2353,18.2393],[-73.2347,18.2378],[-73.2333,18.2372],[-73.2322,18.2385],[-73.2308,18.2396],[-73.2296,18.2378],[-73.2293,18.2353],[-73.2279,18.2361],[-73.2276,18.2381],[-73.2257,18.2377],[-73.2243,18.2366],[-73.2229,18.2359],[-73.2209,18.2362],[-73.2194,18.237],[-73.2181,18.234],[-73.2167,18.2333],[-73.2152,18.2358],[-73.2145,18.234],[-73.2137,18.2326],[-73.2122,18.2331],[-73.2112,18.2342],[-73.2109,18.2325],[-73.21,18.2314],[-73.2068,18.2313],[-73.2053,18.2307],[-73.2043,18.232],[-73.2022,18.2328],[-73.2005,18.2334],[-73.1986,18.2328],[-73.1961,18.2328],[-73.1937,18.232],[-73.1928,18.2309],[-73.1916,18.2297],[-73.1904,18.2306],[-73.1885,18.2311],[-73.1877,18.2326],[-73.1865,18.234],[-73.1867,18.237],[-73.1866,18.2392],[-73.1864,18.2415],[-73.1881,18.2441],[-73.1899,18.245],[-73.1915,18.2456],[-73.1938,18.2473],[-73.1946,18.2491],[-73.1937,18.2518],[-73.1927,18.2533],[-73.191,18.2554],[-73.1908,18.2532],[-73.1891,18.251],[-73.1874,18.2488],[-73.186,18.2474],[-73.1849,18.2465],[-73.184,18.2453],[-73.1833,18.2437],[-73.183,18.2404],[-73.1829,18.2378],[-73.1818,18.2357],[-73.1807,18.2346],[-73.18,18.2331],[-73.1797,18.2314],[-73.1783,18.2305],[-73.1763,18.2303],[-73.1768,18.2284],[-73.176,18.2271],[-73.1752,18.2252],[-73.1737,18.226],[-73.1719,18.2255],[-73.1704,18.2244],[-73.1687,18.2251],[-73.1671,18.2265],[-73.1656,18.227],[-73.1647,18.2281],[-73.1642,18.226],[-73.1646,18.2243],[-73.1627,18.2233],[-73.1607,18.2229],[-73.1587,18.2228],[-73.1578,18.2212],[-73.1556,18.2202],[-73.1545,18.2213],[-73.154,18.2196],[-73.1535,18.2181],[-73.1521,18.2167],[-73.1512,18.2179],[-73.1501,18.2169],[-73.1486,18.2176],[-73.1476,18.2162],[-73.1458,18.2149],[-73.1447,18.2163],[-73.1441,18.2143],[-73.1427,18.2136],[-73.142,18.2116],[-73.1434,18.2098],[-73.1422,18.2089],[-73.1409,18.2098],[-73.139,18.2096],[-73.1381,18.2082],[-73.1388,18.2058],[-73.1379,18.2047],[-73.137,18.2061],[-73.1345,18.2064],[-73.1339,18.2049],[-73.1325,18.2039],[-73.1306,18.2036],[-73.1292,18.2046],[-73.1288,18.2029],[-73.1271,18.202],[-73.1252,18.2018],[-73.1246,18.2004],[-73.1231,18.1988],[-73.1213,18.1995],[-73.1204,18.2006],[-73.1202,18.1984],[-73.1186,18.1978],[-73.1172,18.1999],[-73.1151,18.2009],[-73.1142,18.199],[-73.115,18.1971],[-73.1131,18.1969],[-73.1124,18.1982],[-73.1113,18.1968],[-73.1089,18.1963],[-73.1072,18.1968],[-73.1062,18.1958],[-73.1053,18.1945],[-73.1027,18.1934],[-73.1019,18.1947],[-73.1,18.1931],[-73.0986,18.194],[-73.097,18.1946],[-73.0953,18.1937],[-73.0937,18.1924],[-73.0903,18.1922],[-73.0884,18.1916],[-73.0861,18.1915],[-73.0843,18.1907],[-73.0825,18.1912],[-73.0808,18.1907],[-73.0787,18.1911],[-73.0774,18.1925],[-73.0752,18.1927],[-73.074,18.1936],[-73.0732,18.1949],[-73.0712,18.1942],[-73.0706,18.1926],[-73.0686,18.1919],[-73.0677,18.1906],[-73.066,18.1902],[-73.0637,18.1899],[-73.061,18.1895],[-73.0623,18.1885],[-73.0603,18.188],[-73.0585,18.1875],[-73.0562,18.1877],[-73.0548,18.1869],[-73.0525,18.1869],[-73.0506,18.1863],[-73.0484,18.1864],[-73.0466,18.1867],[-73.0445,18.1868],[-73.0422,18.1875],[-73.0402,18.188],[-73.0391,18.1893],[-73.0377,18.1886],[-73.0372,18.1901],[-73.035,18.1908],[-73.0357,18.1923],[-73.0343,18.1917],[-73.0328,18.1912],[-73.031,18.1915],[-73.0295,18.191],[-73.0273,18.1914],[-73.0257,18.1903],[-73.0247,18.1914],[-73.023,18.1909],[-73.0219,18.1919],[-73.0206,18.1937],[-73.019,18.1942],[-73.0165,18.1933],[-73.0151,18.1925],[-73.0141,18.1938],[-73.0121,18.1937],[-73.0103,18.1934],[-73.0093,18.1949],[-73.0109,18.1967],[-73.0111,18.1986],[-73.0096,18.1976],[-73.0075,18.197],[-73.0063,18.1979],[-73.0053,18.1993],[-73.0042,18.198],[-73.0045,18.1953],[-73.0037,18.1933],[-73.0027,18.192],[-73.0016,18.1898],[-73.0022,18.1879],[-73.0021,18.1852],[-73.0041,18.1857],[-73.0063,18.1857],[-73.0092,18.1869],[-73.0115,18.1869],[-73.0137,18.1864],[-73.0151,18.1853],[-73.0162,18.1838],[-73.0177,18.1826],[-73.0194,18.1821],[-73.0209,18.1815],[-73.0254,18.1816],[-73.0276,18.1814],[-73.0294,18.1822],[-73.0315,18.182],[-73.0334,18.1825],[-73.0365,18.1823],[-73.0382,18.183],[-73.0397,18.1824],[-73.0408,18.1815],[-73.0429,18.1818],[-73.0448,18.1823],[-73.0471,18.1828],[-73.0496,18.1829],[-73.0516,18.1821],[-73.0545,18.1822],[-73.0595,18.1845],[-73.0624,18.1847],[-73.0645,18.1851],[-73.0657,18.1859],[-73.067,18.1869],[-73.0694,18.186],[-73.071,18.1865],[-73.073,18.1867],[-73.0747,18.1874],[-73.0765,18.1866],[-73.0795,18.1851],[-73.0813,18.1856],[-73.0847,18.1856],[-73.0881,18.1862],[-73.0899,18.1867],[-73.0921,18.1868],[-73.0942,18.1873],[-73.0966,18.188],[-73.0985,18.1885],[-73.1005,18.1884],[-73.1019,18.1892],[-73.105,18.1895],[-73.1071,18.1898],[-73.1099,18.1901],[-73.1114,18.1913],[-73.1136,18.1918],[-73.1153,18.1914],[-73.117,18.192],[-73.1201,18.1921],[-73.1222,18.1928],[-73.1235,18.1935],[-73.1252,18.194],[-73.1274,18.1943],[-73.1312,18.1944],[-73.134,18.1962],[-73.1363,18.1969],[-73.1381,18.1974],[-73.1404,18.1969],[-73.1425,18.1977],[-73.1436,18.1989],[-73.1458,18.1997],[-73.1472,18.2006],[-73.1493,18.2017],[-73.1514,18.203],[-73.1541,18.2039],[-73.1572,18.2042],[-73.1588,18.2048],[-73.1606,18.2051],[-73.1623,18.2058],[-73.1647,18.2055],[-73.1671,18.2078],[-73.168,18.2095],[-73.1697,18.2104],[-73.1719,18.211],[-73.1741,18.2113],[-73.1759,18.2111],[-73.1775,18.2101],[-73.1797,18.21],[-73.1815,18.2098],[-73.1839,18.2106],[-73.1878,18.2113],[-73.1894,18.2108],[-73.1923,18.2113],[-73.1944,18.2104],[-73.1965,18.2102],[-73.1982,18.2107],[-73.2002,18.2104],[-73.2018,18.2113],[-73.2049,18.2109],[-73.2065,18.2103],[-73.2088,18.2109],[-73.2104,18.2125],[-73.2125,18.2135],[-73.2149,18.2132],[-73.2168,18.2131],[-73.2191,18.2131],[-73.2217,18.2122],[-73.2232,18.2117],[-73.2243,18.2131],[-73.226,18.2125],[-73.2281,18.2118],[-73.2301,18.2122],[-73.2318,18.2129],[-73.2339,18.2124],[-73.2356,18.2118],[-73.2376,18.2126],[-73.2396,18.2129],[-73.2402,18.2146],[-73.2407,18.2163],[-73.2429,18.2164],[-73.2449,18.2163],[-73.2479,18.216],[-73.2508,18.2161],[-73.2529,18.2153],[-73.2557,18.2155],[-73.2571,18.2167],[-73.2591,18.2168],[-73.2609,18.2166],[-73.2633,18.2164],[-73.265,18.2156],[-73.2675,18.2157],[-73.2686,18.2167],[-73.2703,18.2173],[-73.2694,18.2197],[-73.2699,18.222],[-73.2697,18.2242],[-73.2706,18.2258],[-73.2714,18.2275],[-73.2723,18.2287],[-73.2732,18.2302],[-73.2751,18.2314],[-73.2773,18.2322],[-73.2795,18.2323],[-73.2813,18.2327],[-73.2831,18.2328]]]},"properties":{}},{"type":"Feature","geometry":{"type":"Polygon","coordinates":[[[-73.649,18.084],[-73.6471,18.0838],[-73.6452,18.083],[-73.6428,18.0827],[-73.64,18.0825],[-73.6377,18.0825],[-73.6358,18.0827],[-73.6336,18.0829],[-73.6314,18.0838],[-73.6294,18.0851],[-73.6272,18.0868],[-73.6252,18.0873],[-73.6232,18.0884],[-73.6206,18.0904],[-73.6189,18.0917],[-73.6178,18.0927],[-73.616,18.0936],[-73.6144,18.0947],[-73.6131,18.0955],[-73.6124,18.0969],[-73.611,18.0979],[-73.6089,18.0974],[-73.6075,18.0982],[-73.6066,18.0996],[-73.6027,18.1],[-73.6003,18.0996],[-73.5983,18.0986],[-73.5966,18.0971],[-73.5949,18.0956],[-73.5925,18.0934],[-73.5903,18.0916],[-73.5883,18.0894],[-73.5868,18.0888],[-73.5848,18.0883],[-73.5822,18.0858],[-73.5813,18.0843],[-73.5798,18.083],[-73.579,18.0812],[-73.5788,18.0792],[-73.5781,18.0771],[-73.5775,18.0757],[-73.5758,18.0751],[-73.5741,18.0743],[-73.5732,18.0732],[-73.5717,18.0711],[-73.5717,18.068],[-73.5726,18.0658],[-73.5739,18.0632],[-73.5755,18.061],[-73.577,18.0604],[-73.5783,18.0594],[-73.5791,18.058],[-73.5811,18.0577],[-73.5824,18.057],[-73.5846,18.0563],[-73.5868,18.0559],[-73.5889,18.0565],[-73.591,18.057],[-73.593,18.0579],[-73.5948,18.0571],[-73.597,18.0563],[-73.5991,18.0563],[-73.6012,18.0558],[-73.6035,18.0561],[-73.6056,18.0563],[-73.608,18.0561],[-73.6102,18.0566],[-73.6126,18.0566],[-73.6146,18.0561],[-73.6172,18.0566],[-73.6197,18.0571],[-73.6214,18.0577],[-73.6234,18.0585],[-73.6258,18.0587],[-73.6282,18.0586],[-73.6306,18.0587],[-73.6322,18.0593],[-73.6342,18.0588],[-73.6367,18.0588],[-73.6391,18.0591],[-73.641,18.0597],[-73.6432,18.0594],[-73.6458,18.0593],[-73.6479,18.0601],[-73.6495,18.0608],[-73.6516,18.0607],[-73.6535,18.0599],[-73.6547,18.0586],[-73.6564,18.0582],[-73.6583,18.0577],[-73.6602,18.0581],[-73.6617,18.0589],[-73.6612,18.0606],[-73.6617,18.0625],[-73.6606,18.0635],[-73.6626,18.0646],[-73.6615,18.0664],[-73.6598,18.067],[-73.6579,18.0665],[-73.6565,18.0654],[-73.655,18.0647],[-73.6545,18.0664],[-73.6536,18.0651],[-73.6523,18.0642],[-73.6501,18.0638],[-73.6489,18.0648],[-73.6472,18.0643],[-73.6453,18.0641],[-73.6438,18.065],[-73.6418,18.0648],[-73.6405,18.0641],[-73.6382,18.0639],[-73.6357,18.0635],[-73.6331,18.0629],[-73.6317,18.0638],[-73.6308,18.065],[-73.6295,18.0658],[-73.6278,18.0647],[-73.6258,18.0646],[-73.6239,18.0641],[-73.6218,18.0642],[-73.6196,18.0636],[-73.6179,18.0631],[-73.6164,18.0622],[-73.6147,18.0627],[-73.6132,18.062],[-73.6119,18.0611],[-73.6101,18.0607],[-73.6085,18.0616],[-73.6087,18.0637],[-73.6091,18.0655],[-73.6093,18.0674],[-73.61,18.069],[-73.6119,18.0693],[-73.6138,18.069],[-73.616,18.0691],[-73.618,18.0688],[-73.6198,18.0693],[-73.6213,18.0699],[-73.6233,18.0695],[-73.624,18.0709],[-73.6261,18.0712],[-73.6271,18.0723],[-73.6282,18.0714],[-73.6302,18.0716],[-73.6314,18.0705],[-73.6318,18.0724],[-73.6339,18.0719],[-73.6349,18.0734],[-73.6363,18.0728],[-73.6376,18.0739],[-73.6392,18.0759],[-73.6409,18.0753],[-73.6421,18.0767],[-73.6435,18.0776],[-73.6454,18.0781],[-73.6467,18.0791],[-73.649,18.0791],[-73.6504,18.0779],[-73.6502,18.0757],[-73.6499,18.0739],[-73.6517,18.0746],[-73.6534,18.0741],[-73.6532,18.0761],[-73.6524,18.0774],[-73.6515,18.0791],[-73.6516,18.0812],[-73.6533,18.0818],[-73.6545,18.0805],[-73.6541,18.0825],[-73.6521,18.0835],[-73.6505,18.0841],[-73.649,18.084]]]},"properties":{}},{"type":"Feature","geometry":{"type":"Polygon","coordinates":[[[-73.8217,18.0257],[-73.8196,18.0263],[-73.8176,18.0267],[-73.8161,18.0274],[-73.8142,18.0276],[-73.8122,18.0281],[-73.8102,18.0285],[-73.8088,18.0292],[-73.8074,18.0299],[-73.8059,18.0304],[-73.8039,18.0306],[-73.8037,18.0326],[-73.8028,18.0337],[-73.8012,18.033],[-73.7993,18.0327],[-73.7994,18.0347],[-73.801,18.0353],[-73.7998,18.0363],[-73.7979,18.036],[-73.7966,18.0368],[-73.7954,18.0378],[-73.7944,18.0389],[-73.7946,18.0412],[-73.7966,18.0416],[-73.7983,18.0423],[-73.7969,18.0431],[-73.7973,18.0449],[-73.7962,18.0464],[-73.7943,18.046],[-73.7927,18.0455],[-73.7909,18.0458],[-73.7895,18.0451],[-73.789,18.0467],[-73.7879,18.0478],[-73.7885,18.0492],[-73.7894,18.0509],[-73.7905,18.0524],[-73.7912,18.0537],[-73.7925,18.055],[-73.7919,18.0566],[-73.7912,18.058],[-73.789,18.0577],[-73.7881,18.0565],[-73.7875,18.0551],[-73.7865,18.0539],[-73.786,18.052],[-73.7849,18.0505],[-73.7832,18.0498],[-73.7838,18.0479],[-73.7819,18.048],[-73.7812,18.0465],[-73.783,18.0455],[-73.7828,18.0436],[-73.7819,18.0418],[-73.7825,18.0399],[-73.7841,18.0407],[-73.7853,18.0418],[-73.7874,18.0417],[-73.7891,18.041],[-73.79,18.0396],[-73.7906,18.0381],[-73.7903,18.0359],[-73.7892,18.0345],[-73.7877,18.0334],[-73.7878,18.0315],[-73.7892,18.0287],[-73.7904,18.0272],[-73.7918,18.0265],[-73.7939,18.0271],[-73.7957,18.0278],[-73.7976,18.0273],[-73.7985,18.0258],[-73.7989,18.0238],[-73.8007,18.0241],[-73.8002,18.0256],[-73.8013,18.0266],[-73.8031,18.026],[-73.8034,18.0238],[-73.8047,18.023],[-73.8063,18.0224],[-73.8085,18.0228],[-73.8108,18.0227],[-73.813,18.0227],[-73.8155,18.0228],[-73.8175,18.0229],[-73.8189,18.0235],[-73.8211,18.0239],[-73.8221,18.0249],[-73.8217,18.0257]]]},"properties":{}},{"type":"Feature","geometry":{"type":"Polygon","coordinates":[[[-72.5091,18.2906],[-72.5096,18.2889],[-72.5139,18.2863],[-72.5163,18.2855],[-72.5177,18.2838],[-72.5174,18.2816],[-72.5183,18.2801],[-72.5196,18.2785],[-72.5221,18.2767],[-72.5234,18.2759],[-72.5246,18.2748],[-72.5253,18.2733],[-72.527,18.2708],[-72.5281,18.2688],[-72.5269,18.2668],[-72.5282,18.2649],[-72.5298,18.2628],[-72.5308,18.261],[-72.5325,18.2603],[-72.5341,18.2593],[-72.5331,18.2579],[-72.5302,18.2588],[-72.5281,18.258],[-72.5264,18.2576],[-72.5244,18.2563],[-72.5226,18.258],[-72.5208,18.2591],[-72.5184,18.26],[-72.5169,18.2589],[-72.5148,18.2584],[-72.513,18.2579],[-72.5117,18.2569],[-72.5115,18.2546],[-72.511,18.2523],[-72.5095,18.251],[-72.5077,18.2514],[-72.5056,18.2508],[-72.5039,18.2491],[-72.5021,18.2484],[-72.5011,18.247],[-72.4998,18.2462],[-72.4998,18.2442],[-72.4987,18.2425],[-72.4987,18.2404],[-72.4984,18.2383],[-72.4964,18.2382],[-72.4949,18.2365],[-72.4924,18.2364],[-72.4905,18.2354],[-72.4876,18.2354],[-72.4857,18.235],[-72.4836,18.2346],[-72.481,18.2334],[-72.4791,18.2337],[-72.4767,18.2332],[-72.4744,18.2328],[-72.473,18.232],[-72.4715,18.2314],[-72.47,18.2307],[-72.4681,18.2313],[-72.466,18.2303],[-72.465,18.229],[-72.4638,18.2276],[-72.4622,18.227],[-72.4597,18.2275],[-72.4578,18.2273],[-72.4567,18.2283],[-72.4556,18.2293],[-72.4536,18.2289],[-72.4519,18.2293],[-72.4504,18.2287],[-72.4478,18.2275],[-72.4447,18.2294],[-72.4423,18.2304],[-72.4404,18.2303],[-72.4401,18.2322],[-72.4392,18.2337],[-72.438,18.2328],[-72.437,18.2339],[-72.4365,18.2354],[-72.4355,18.2343],[-72.4347,18.2327],[-72.4328,18.2322],[-72.4313,18.2328],[-72.4296,18.2322],[-72.4275,18.2317],[-72.4254,18.2311],[-72.4235,18.2316],[-72.4223,18.2325],[-72.4217,18.2344],[-72.4207,18.2329],[-72.4187,18.2335],[-72.4176,18.2346],[-72.4165,18.2359],[-72.415,18.2375],[-72.4137,18.2383],[-72.4142,18.2399],[-72.4123,18.241],[-72.4113,18.2399],[-72.4087,18.2392],[-72.4068,18.2397],[-72.4052,18.2406],[-72.404,18.243],[-72.402,18.2423],[-72.4008,18.241],[-72.401,18.2388],[-72.4005,18.237],[-72.3984,18.2377],[-72.3948,18.2357],[-72.3927,18.2375],[-72.3914,18.2368],[-72.3902,18.238],[-72.3879,18.2382],[-72.386,18.2379],[-72.3839,18.2383],[-72.3822,18.2366],[-72.3794,18.2364],[-72.3779,18.2357],[-72.3757,18.2357],[-72.3735,18.236],[-72.3722,18.2351],[-72.3733,18.2339],[-72.3755,18.2335],[-72.3783,18.234],[-72.3812,18.2331],[-72.3836,18.2324],[-72.3868,18.2325],[-72.3895,18.2311],[-72.391,18.2304],[-72.3931,18.2298],[-72.395,18.2296],[-72.3966,18.2292],[-72.3989,18.2292],[-72.4007,18.229],[-72.4026,18.2293],[-72.4043,18.2287],[-72.4072,18.2282],[-72.4101,18.2282],[-72.4124,18.2277],[-72.4144,18.2271],[-72.4157,18.2261],[-72.4181,18.2261],[-72.4199,18.2259],[-72.4221,18.2256],[-72.4237,18.2249],[-72.4257,18.2257],[-72.4279,18.2266],[-72.43,18.2267],[-72.432,18.2266],[-72.4339,18.2269],[-72.436,18.2272],[-72.4378,18.2267],[-72.4398,18.2273],[-72.443,18.2258],[-72.445,18.2252],[-72.4476,18.2238],[-72.4495,18.2234],[-72.4521,18.2229],[-72.4556,18.2219],[-72.4589,18.222],[-72.4608,18.2229],[-72.4632,18.223],[-72.4649,18.2223],[-72.4669,18.2236],[-72.4683,18.223],[-72.4699,18.2224],[-72.4721,18.2223],[-72.4728,18.2205],[-72.4753,18.2206],[-72.4765,18.2192],[-72.4789,18.2192],[-72.4801,18.2208],[-72.4819,18.2211],[-72.4831,18.2222],[-72.4845,18.223],[-72.4863,18.2236],[-72.4886,18.2228],[-72.4906,18.2219],[-72.4924,18.2221],[-72.4941,18.2203],[-72.4973,18.219],[-72.5017,18.2175],[-72.5075,18.2152],[-72.5129,18.2148],[-72.5174,18.2146],[-72.5199,18.2151],[-72.5219,18.2178],[-72.5229,18.2201],[-72.5237,18.2219],[-72.5251,18.2211],[-72.5266,18.2227],[-72.5278,18.225],[-72.5294,18.2258],[-72.5315,18.2277],[-72.5328,18.2287],[-72.5335,18.2303],[-72.5349,18.232],[-72.5396,18.232],[-72.5427,18.2316],[-72.5454,18.2315],[-72.5482,18.2312],[-72.5504,18.2301],[-72.5536,18.2281],[-72.5556,18.226],[-72.5567,18.2237],[-72.558,18.2215],[-72.5579,18.2236],[-72.558,18.2261],[-72.5577,18.2284],[-72.5569,18.2303],[-72.5565,18.232],[-72.5541,18.232],[-72.552,18.2319],[-72.5504,18.2331],[-72.5506,18.235],[-72.553,18.2352],[-72.5557,18.2348],[-72.5567,18.2365],[-72.5572,18.2388],[-72.5565,18.2412],[-72.5545,18.2421],[-72.5526,18.2436],[-72.5527,18.2457],[-72.5529,18.248],[-72.5515,18.2494],[-72.5521,18.2516],[-72.5538,18.2526],[-72.5546,18.2544],[-72.5564,18.2541],[-72.5582,18.2537],[-72.5601,18.254],[-72.5621,18.2544],[-72.5638,18.2555],[-72.564,18.2575],[-72.5656,18.2599],[-72.5659,18.2618],[-72.5659,18.2639],[-72.5671,18.2653],[-72.5664,18.2668],[-72.5657,18.2686],[-72.5667,18.2697],[-72.568,18.2719],[-72.5689,18.2738],[-72.5676,18.2752],[-72.5658,18.2746],[-72.5635,18.273],[-72.5608,18.2704],[-72.5603,18.2684],[-72.5609,18.2657],[-72.5624,18.2645],[-72.5615,18.2621],[-72.559,18.2617],[-72.5571,18.2608],[-72.5548,18.2587],[-72.5522,18.2582],[-72.5504,18.2588],[-72.5486,18.2591],[-72.5475,18.2606],[-72.5452,18.2613],[-72.5431,18.2623],[-72.5413,18.2634],[-72.5399,18.2644],[-72.5395,18.2666],[-72.5373,18.2679],[-72.5368,18.2699],[-72.5369,18.2721],[-72.5377,18.2734],[-72.5365,18.2758],[-72.5341,18.2766],[-72.5324,18.278],[-72.531,18.2795],[-72.5289,18.2799],[-72.5271,18.2813],[-72.5261,18.2832],[-72.5257,18.2852],[-72.5243,18.2866],[-72.5252,18.2878],[-72.523,18.2879],[-72.5208,18.2885],[-72.5191,18.2892],[-72.5179,18.2908],[-72.516,18.291],[-72.5148,18.2925],[-72.513,18.293],[-72.511,18.2921],[-72.5095,18.2912],[-72.5091,18.2906]]]},"properties":{}},{"type":"Feature","geometry":{"type":"Polygon","coordinates":[[[-73.0703,18.3951],[-73.0689,18.396],[-73.0677,18.3976],[-73.0673,18.4002],[-73.0682,18.402],[-73.0679,18.4041],[-73.0665,18.4071],[-73.0668,18.4095],[-73.0685,18.41],[-73.0678,18.4122],[-73.0683,18.4141],[-73.0664,18.415],[-73.0641,18.4167],[-73.0643,18.4189],[-73.0625,18.4197],[-73.0611,18.4209],[-73.0593,18.4225],[-73.0581,18.4244],[-73.0553,18.4252],[-73.0525,18.4254],[-73.0504,18.426],[-73.0475,18.4247],[-73.0456,18.4243],[-73.0456,18.4219],[-73.0435,18.4201],[-73.0423,18.4192],[-73.0412,18.4179],[-73.0403,18.4167],[-73.0384,18.4155],[-73.035,18.4154],[-73.0329,18.4159],[-73.0312,18.4169],[-73.0293,18.4155],[-73.0269,18.4132],[-73.0251,18.4124],[-73.0233,18.4112],[-73.0236,18.4085],[-73.0222,18.4069],[-73.021,18.4057],[-73.0183,18.4062],[-73.0162,18.4063],[-73.0147,18.4069],[-73.0126,18.4067],[-73.0107,18.4063],[-73.0089,18.4069],[-73.008,18.4082],[-73.0085,18.4099],[-73.0051,18.4097],[-73.0017,18.4106],[-73.0002,18.4116],[-72.9983,18.4135],[-72.9961,18.4135],[-72.994,18.4154],[-72.9936,18.4172],[-72.9923,18.4188],[-72.9913,18.42],[-72.9908,18.4217],[-72.9873,18.4219],[-72.9847,18.4226],[-72.9834,18.4237],[-72.9814,18.4231],[-72.9806,18.4205],[-72.9783,18.4198],[-72.9764,18.4194],[-72.9779,18.4185],[-72.9797,18.4168],[-72.9806,18.4151],[-72.9801,18.4134],[-72.9776,18.4138],[-72.9762,18.4129],[-72.976,18.411],[-72.974,18.4097],[-72.9752,18.4067],[-72.9764,18.4058],[-72.9782,18.4068],[-72.9802,18.4072],[-72.9826,18.4073],[-72.9853,18.4068],[-72.9868,18.4089],[-72.9875,18.4105],[-72.9897,18.4119],[-72.9928,18.4115],[-72.9949,18.4112],[-72.9979,18.4091],[-73.0007,18.4073],[-73.0037,18.4051],[-73.0054,18.4033],[-73.0071,18.4022],[-73.0083,18.3998],[-73.0093,18.3985],[-73.0109,18.3978],[-73.0133,18.3984],[-73.0147,18.4007],[-73.0191,18.4011],[-73.0226,18.3999],[-73.025,18.3995],[-73.0272,18.3988],[-73.0286,18.397],[-73.0302,18.3958],[-73.032,18.3956],[-73.0339,18.3948],[-73.0364,18.3954],[-73.0364,18.3998],[-73.0371,18.4024],[-73.0401,18.4088],[-73.0411,18.4103],[-73.0424,18.4116],[-73.0441,18.4127],[-73.0471,18.4135],[-73.0492,18.4143],[-73.0536,18.4144],[-73.0572,18.4137],[-73.0594,18.4125],[-73.0609,18.4106],[-73.062,18.4086],[-73.0628,18.4059],[-73.0632,18.3993],[-73.0638,18.3975],[-73.0655,18.3953],[-73.067,18.3947],[-73.0699,18.3949],[-73.0703,18.3951]]]},"properties":{}},{"type":"Feature","geometry":{"type":"Polygon","coordinates":[[[-73.6051,18.2541],[-73.6058,18.256],[-73.6049,18.2571],[-73.6065,18.258],[-73.6079,18.2573],[-73.6068,18.2589],[-73.6059,18.2601],[-73.6044,18.2606],[-73.6063,18.261],[-73.6091,18.2618],[-73.6067,18.2626],[-73.6076,18.2644],[-73.6092,18.2653],[-73.61,18.2669],[-73.6116,18.2678],[-73.6089,18.2682],[-73.6074,18.2698],[-73.6087,18.271],[-73.6075,18.2727],[-73.6061,18.2734],[-73.6062,18.2756],[-73.6071,18.2771],[-73.6086,18.2779],[-73.6076,18.2792],[-73.6078,18.2814],[-73.6084,18.283],[-73.6088,18.285],[-73.6068,18.284],[-73.6052,18.2848],[-73.6048,18.2829],[-73.6032,18.2823],[-73.6042,18.2808],[-73.6042,18.2783],[-73.6033,18.2769],[-73.601,18.2754],[-73.5996,18.2735],[-73.598,18.2726],[-73.5965,18.2718],[-73.5956,18.2731],[-73.5962,18.2748],[-73.5948,18.274],[-73.5931,18.2735],[-73.5909,18.2733],[-73.5893,18.274],[-73.5879,18.2757],[-73.5865,18.2766],[-73.5844,18.2788],[-73.5829,18.2805],[-73.5821,18.2789],[-73.5813,18.277],[-73.5797,18.2776],[-73.579,18.2747],[-73.5806,18.2738],[-73.5819,18.2753],[-73.5833,18.2745],[-73.5841,18.2733],[-73.5862,18.2729],[-73.5871,18.2718],[-73.5892,18.27],[-73.5886,18.2677],[-73.587,18.2667],[-73.5873,18.2649],[-73.5879,18.2625],[-73.589,18.2612],[-73.5883,18.2595],[-73.5856,18.2595],[-73.5843,18.2603],[-73.583,18.2594],[-73.5817,18.2579],[-73.5815,18.256],[-73.5799,18.2556],[-73.5817,18.2552],[-73.5834,18.2556],[-73.5858,18.2557],[-73.5879,18.2551],[-73.59,18.2547],[-73.5916,18.2537],[-73.5929,18.2528],[-73.5943,18.252],[-73.5932,18.2508],[-73.5943,18.2488],[-73.5957,18.25],[-73.5971,18.2492],[-73.5968,18.2471],[-73.5966,18.2452],[-73.5981,18.2467],[-73.6011,18.2473],[-73.6025,18.248],[-73.6012,18.2493],[-73.6027,18.2509],[-73.6041,18.2518],[-73.6053,18.2533],[-73.6051,18.2541]]]},"properties":{}},{"type":"Feature","geometry":{"type":"Polygon","coordinates":[[[-73.8822,18.027],[-73.8804,18.0265],[-73.8795,18.0277],[-73.8776,18.0274],[-73.8751,18.0278],[-73.8731,18.0281],[-73.8715,18.0286],[-73.8697,18.0296],[-73.868,18.0292],[-73.8687,18.0305],[-73.8671,18.0312],[-73.8648,18.0308],[-73.8635,18.0297],[-73.8631,18.0313],[-73.8615,18.032],[-73.8611,18.0303],[-73.8591,18.0301],[-73.8582,18.0317],[-73.8568,18.0308],[-73.8551,18.0304],[-73.8532,18.0296],[-73.851,18.0297],[-73.8492,18.029],[-73.8472,18.0293],[-73.8457,18.0286],[-73.8433,18.0281],[-73.8415,18.0287],[-73.8395,18.0283],[-73.8381,18.0277],[-73.8362,18.0284],[-73.8345,18.0279],[-73.8325,18.0277],[-73.8314,18.0266],[-73.833,18.0256],[-73.8349,18.025],[-73.8372,18.025],[-73.8391,18.0253],[-73.8411,18.0255],[-73.8427,18.025],[-73.8449,18.025],[-73.8468,18.0253],[-73.8488,18.0257],[-73.851,18.0255],[-73.8529,18.0256],[-73.855,18.0255],[-73.8567,18.025],[-73.8588,18.0253],[-73.8605,18.0247],[-73.8624,18.0241],[-73.8641,18.0247],[-73.8656,18.0239],[-73.867,18.023],[-73.869,18.0235],[-73.8706,18.0228],[-73.872,18.0238],[-73.8735,18.0233],[-73.8758,18.0226],[-73.8775,18.0221],[-73.8793,18.0226],[-73.8813,18.023],[-73.8827,18.0236],[-73.8841,18.0245],[-73.8861,18.0238],[-73.8862,18.0257],[-73.8843,18.0266],[-73.8825,18.0271],[-73.8822,18.027]]]},"properties":{}},{"type":"Feature","geometry":{"type":"Polygon","coordinates":[[[-73.687,18.4923],[-73.6865,18.4938],[-73.6866,18.4957],[-73.6851,18.4963],[-73.6844,18.4988],[-73.6838,18.5007],[-73.6831,18.502],[-73.6804,18.5011],[-73.6781,18.5019],[-73.6787,18.5043],[-73.6774,18.5052],[-73.6765,18.5037],[-73.6747,18.505],[-73.6745,18.5032],[-73.6738,18.5017],[-73.6705,18.5023],[-73.6696,18.5047],[-73.6689,18.5066],[-73.6669,18.5058],[-73.665,18.5061],[-73.6636,18.5054],[-73.6648,18.5032],[-73.6639,18.5017],[-73.6629,18.5001],[-73.6616,18.4989],[-73.6631,18.4981],[-73.6644,18.4969],[-73.6627,18.4953],[-73.6594,18.4956],[-73.6577,18.4946],[-73.6586,18.4932],[-73.6609,18.4927],[-73.6627,18.4923],[-73.6637,18.4906],[-73.6643,18.4923],[-73.6664,18.492],[-73.6674,18.4908],[-73.6691,18.4931],[-73.6682,18.4943],[-73.6676,18.4962],[-73.6696,18.4955],[-73.6722,18.4945],[-73.6736,18.4937],[-73.6761,18.4939],[-73.678,18.4931],[-73.6799,18.4922],[-73.6816,18.4918],[-73.6834,18.492],[-73.6853,18.4925],[-73.687,18.4923]]]},"properties":{}},{"type":"Feature","geometry":{"type":"Polygon","coordinates":[[[-73.7333,18.5569],[-73.7343,18.5582],[-73.7328,18.5591],[-73.7315,18.5603],[-73.7308,18.5624],[-73.7285,18.5626],[-73.7287,18.5646],[-73.7264,18.564],[-73.7269,18.5657],[-73.7244,18.5658],[-73.7225,18.5657],[-73.7206,18.5652],[-73.7195,18.5681],[-73.719,18.5699],[-73.7162,18.5713],[-73.7149,18.5727],[-73.7126,18.5734],[-73.7111,18.5726],[-73.7092,18.5707],[-73.7097,18.5692],[-73.7092,18.567],[-73.7105,18.5656],[-73.7128,18.5663],[-73.7143,18.5655],[-73.7135,18.5638],[-73.7119,18.5627],[-73.7127,18.5614],[-73.7132,18.5596],[-73.7141,18.5585],[-73.7166,18.5587],[-73.7176,18.5577],[-73.7198,18.5573],[-73.722,18.5571],[-73.7242,18.5573],[-73.729,18.5571],[-73.7326,18.5569],[-73.7333,18.5569]]]},"properties":{}},{"type":"Feature","geometry":{"type":"Polygon","coordinates":[[[-73.1435,18.4668],[-73.1464,18.4682],[-73.1491,18.4696],[-73.1509,18.4704],[-73.1525,18.4717],[-73.1543,18.4726],[-73.1559,18.4732],[-73.1576,18.474],[-73.1586,18.4752],[-73.1601,18.476],[-73.1615,18.4766],[-73.1611,18.4785],[-73.16,18.4798],[-73.1621,18.481],[-73.1628,18.4824],[-73.1647,18.4833],[-73.1667,18.4839],[-73.1677,18.482],[-73.1691,18.4832],[-73.1704,18.4845],[-73.1723,18.4843],[-73.1724,18.4863],[-73.1709,18.4871],[-73.1673,18.4863],[-73.1622,18.486],[-73.1601,18.4857],[-73.1582,18.4841],[-73.157,18.4823],[-73.1536,18.4813],[-73.1514,18.4801],[-73.1489,18.4799],[-73.1467,18.4792],[-73.1441,18.4794],[-73.1424,18.4789],[-73.1406,18.4784],[-73.138,18.4781],[-73.1359,18.4772],[-73.1339,18.476],[-73.1318,18.4755],[-73.1297,18.4753],[-73.1269,18.4745],[-73.1263,18.4726],[-73.1262,18.4704],[-73.1255,18.467],[-73.1238,18.4677],[-73.1216,18.467],[-73.1211,18.4653],[-73.123,18.4643],[-73.1243,18.4633],[-73.1236,18.4617],[-73.1215,18.4604],[-73.12,18.461],[-73.1175,18.4613],[-73.1157,18.4608],[-73.117,18.4587],[-73.1183,18.4577],[-73.1196,18.4587],[-73.1226,18.4586],[-73.1249,18.4591],[-73.1268,18.4597],[-73.1283,18.4609],[-73.1314,18.4616],[-73.1334,18.4634],[-73.135,18.464],[-73.1377,18.464],[-73.1399,18.4644],[-73.1411,18.4655],[-73.1435,18.4668]]]},"properties":{}},{"type":"Feature","geometry":{"type":"Polygon","coordinates":[[[-73.4368,18.2694],[-73.4354,18.2705],[-73.4339,18.2712],[-73.4328,18.2702],[-73.4303,18.27],[-73.4301,18.2681],[-73.4282,18.2664],[-73.4268,18.2653],[-73.4246,18.2656],[-73.423,18.2664],[-73.4218,18.2688],[-73.4212,18.2703],[-73.4221,18.2714],[-73.4232,18.2729],[-73.4253,18.2731],[-73.4241,18.2747],[-73.4227,18.2756],[-73.422,18.277],[-73.4199,18.277],[-73.4201,18.279],[-73.4217,18.2801],[-73.4235,18.2806],[-73.4255,18.2807],[-73.4269,18.2801],[-73.4286,18.2806],[-73.4279,18.2823],[-73.4254,18.282],[-73.4264,18.2832],[-73.4261,18.2851],[-73.4246,18.2858],[-73.4254,18.2879],[-73.427,18.2888],[-73.4278,18.2901],[-73.426,18.2898],[-73.4248,18.2889],[-73.4234,18.2882],[-73.4214,18.2875],[-73.4205,18.2864],[-73.418,18.2865],[-73.4167,18.2874],[-73.4157,18.2886],[-73.4146,18.2906],[-73.4133,18.2918],[-73.4111,18.2928],[-73.4093,18.2925],[-73.4098,18.291],[-73.4104,18.2895],[-73.4122,18.2888],[-73.4138,18.2876],[-73.4131,18.2859],[-73.4111,18.2853],[-73.4102,18.2872],[-73.4087,18.2879],[-73.4073,18.2866],[-73.4055,18.2861],[-73.403,18.2862],[-73.4007,18.2865],[-73.3995,18.2879],[-73.3979,18.2865],[-73.3963,18.2872],[-73.3955,18.2892],[-73.3939,18.2904],[-73.3933,18.2924],[-73.3924,18.2938],[-73.3906,18.2935],[-73.389,18.2941],[-73.3884,18.2957],[-73.3872,18.2967],[-73.3863,18.298],[-73.3849,18.2974],[-73.383,18.2966],[-73.382,18.2952],[-73.3808,18.2961],[-73.3811,18.298],[-73.3811,18.3002],[-73.3798,18.2991],[-73.378,18.2994],[-73.3765,18.2986],[-73.3746,18.2975],[-73.3718,18.297],[-73.3691,18.2963],[-73.3672,18.2964],[-73.367,18.2985],[-73.366,18.2996],[-73.3649,18.3009],[-73.3635,18.3001],[-73.3621,18.3016],[-73.3613,18.3034],[-73.3615,18.3052],[-73.3627,18.3072],[-73.3639,18.3083],[-73.3629,18.3095],[-73.3651,18.3108],[-73.3674,18.3098],[-73.3691,18.3104],[-73.3709,18.3107],[-73.3697,18.3116],[-73.3673,18.3118],[-73.3681,18.3136],[-73.3699,18.314],[-73.3709,18.313],[-73.3713,18.3147],[-73.3727,18.3159],[-73.3746,18.3154],[-73.3739,18.3168],[-73.3717,18.3175],[-73.3701,18.3183],[-73.368,18.3176],[-73.3661,18.3174],[-73.3642,18.3186],[-73.361,18.3192],[-73.36,18.3205],[-73.3581,18.3208],[-73.3569,18.3217],[-73.3555,18.3225],[-73.3549,18.321],[-73.3553,18.3187],[-73.3544,18.3169],[-73.353,18.3162],[-73.3504,18.3165],[-73.3491,18.3173],[-73.3476,18.3184],[-73.3466,18.3203],[-73.345,18.3211],[-73.3461,18.3223],[-73.3482,18.3224],[-73.3499,18.3227],[-73.3508,18.324],[-73.3488,18.3242],[-73.3478,18.3253],[-73.3461,18.3259],[-73.3451,18.3249],[-73.3441,18.3237],[-73.3432,18.3249],[-73.3439,18.327],[-73.3452,18.3289],[-73.3447,18.3305],[-73.3438,18.3293],[-73.342,18.3288],[-73.3405,18.33],[-73.3389,18.3305],[-73.3393,18.3287],[-73.3397,18.3266],[-73.3403,18.3249],[-73.3394,18.3235],[-73.3374,18.3239],[-73.336,18.3247],[-73.3345,18.326],[-73.3337,18.3279],[-73.3333,18.3303],[-73.3316,18.331],[-73.3293,18.3319],[-73.3274,18.332],[-73.3258,18.3326],[-73.3244,18.3338],[-73.3223,18.3333],[-73.32,18.3343],[-73.3184,18.3335],[-73.3183,18.3316],[-73.3166,18.3311],[-73.3155,18.3299],[-73.3141,18.3291],[-73.3116,18.3282],[-73.3097,18.3276],[-73.308,18.3269],[-73.3057,18.326],[-73.3039,18.3249],[-73.3019,18.3242],[-73.3009,18.3231],[-73.2984,18.3228],[-73.2968,18.3215],[-73.2955,18.32],[-73.2945,18.3188],[-73.2914,18.318],[-73.2892,18.3182],[-73.2875,18.3178],[-73.2861,18.3166],[-73.2852,18.3155],[-73.2863,18.3138],[-73.2872,18.3124],[-73.2876,18.3107],[-73.2871,18.3092],[-73.2877,18.3072],[-73.2865,18.3061],[-73.2859,18.3038],[-73.2861,18.3019],[-73.2852,18.3004],[-73.2842,18.2993],[-73.2842,18.297],[-73.2847,18.295],[-73.2839,18.293],[-73.2829,18.292],[-73.2831,18.2902],[-73.2825,18.2887],[-73.2805,18.2885],[-73.2811,18.2865],[-73.2809,18.2846],[-73.2801,18.2829],[-73.2803,18.2809],[-73.2793,18.2793],[-73.2789,18.2772],[-73.2791,18.275],[-73.2813,18.2753],[-73.283,18.2759],[-73.2849,18.2765],[-73.2863,18.2771],[-73.2887,18.2768],[-73.2903,18.2773],[-73.2925,18.2771],[-73.2943,18.2763],[-73.2959,18.2749],[-73.298,18.2748],[-73.2993,18.2732],[-73.3012,18.2736],[-73.302,18.2749],[-73.3027,18.2763],[-73.3032,18.2778],[-73.3023,18.2791],[-73.3035,18.2804],[-73.3051,18.2795],[-73.3075,18.2796],[-73.3094,18.2791],[-73.312,18.2793],[-73.3142,18.2789],[-73.3161,18.2783],[-73.3176,18.2768],[-73.3196,18.2775],[-73.3213,18.2771],[-73.3232,18.2758],[-73.3246,18.2748],[-73.3265,18.2736],[-73.3276,18.2726],[-73.3289,18.2734],[-73.3307,18.273],[-73.3305,18.2706],[-73.329,18.2698],[-73.3283,18.2682],[-73.3275,18.2668],[-73.3259,18.2661],[-73.3267,18.2644],[-73.3258,18.2632],[-73.3236,18.2632],[-73.3226,18.262],[-73.3209,18.2611],[-73.3182,18.2621],[-73.3159,18.262],[-73.3132,18.2623],[-73.3117,18.2633],[-73.3102,18.2639],[-73.3082,18.2649],[-73.3067,18.2642],[-73.3036,18.2645],[-73.3021,18.2654],[-73.3016,18.267],[-73.3006,18.2653],[-73.3005,18.2628],[-73.3005,18.2599],[-73.3019,18.2586],[-73.3027,18.2572],[-73.3041,18.2562],[-73.3046,18.2537],[-73.3054,18.2525],[-73.304,18.2515],[-73.3035,18.2499],[-73.3028,18.2484],[-73.3018,18.2457],[-73.3009,18.2436],[-73.2988,18.2436],[-73.2977,18.2421],[-73.2955,18.2409],[-73.294,18.2395],[-73.2925,18.2389],[-73.2915,18.2369],[-73.291,18.2354],[-73.2905,18.2339],[-73.2915,18.2329],[-73.2935,18.2331],[-73.2953,18.2327],[-73.2968,18.2322],[-73.2987,18.232],[-73.2977,18.2333],[-73.2966,18.2344],[-73.2959,18.236],[-73.2968,18.2374],[-73.2987,18.2377],[-73.2998,18.239],[-73.3015,18.2401],[-73.3025,18.2412],[-73.3034,18.2429],[-73.3049,18.2439],[-73.3069,18.2444],[-73.3086,18.2436],[-73.3098,18.2427],[-73.3103,18.2409],[-73.3108,18.2392],[-73.3116,18.2379],[-73.3104,18.2363],[-73.309,18.2356],[-73.308,18.2329],[-73.3071,18.2311],[-73.3095,18.2301],[-73.3119,18.2295],[-73.3131,18.2287],[-73.315,18.2283],[-73.3166,18.2273],[-73.3187,18.2269],[-73.3204,18.2281],[-73.3188,18.2292],[-73.3166,18.2298],[-73.3174,18.2314],[-73.3195,18.2323],[-73.3208,18.2332],[-73.3221,18.2343],[-73.3244,18.2343],[-73.325,18.2359],[-73.3258,18.2379],[-73.326,18.2398],[-73.3263,18.2419],[-73.3274,18.2436],[-73.3292,18.2442],[-73.3298,18.2463],[-73.3311,18.2472],[-73.3327,18.2477],[-73.334,18.2493],[-73.3361,18.2491],[-73.3371,18.2504],[-73.3385,18.2511],[-73.3403,18.2519],[-73.3413,18.2532],[-73.3427,18.2525],[-73.3451,18.2526],[-73.3465,18.2518],[-73.3485,18.2507],[-73.3498,18.2497],[-73.3507,18.2482],[-73.3529,18.2463],[-73.3537,18.245],[-73.3545,18.2437],[-73.3561,18.243],[-73.3562,18.2411],[-73.3556,18.2397],[-73.3558,18.2378],[-73.3562,18.236],[-73.3557,18.2344],[-73.3541,18.2326],[-73.3529,18.231],[-73.3519,18.2299],[-73.3504,18.2292],[-73.3494,18.2281],[-73.3487,18.2268],[-73.348,18.2254],[-73.3491,18.2243],[-73.3509,18.2247],[-73.3527,18.2245],[-73.3549,18.2246],[-73.3562,18.2237],[-73.3572,18.225],[-73.3586,18.226],[-73.36,18.2268],[-73.3603,18.2286],[-73.3605,18.2308],[-73.3618,18.2315],[-73.3641,18.2313],[-73.3649,18.2325],[-73.3661,18.2334],[-73.3678,18.2346],[-73.3667,18.2368],[-73.3658,18.2387],[-73.3643,18.2394],[-73.3629,18.2409],[-73.3616,18.2423],[-73.3597,18.2427],[-73.3583,18.2421],[-73.3577,18.2442],[-73.3573,18.2472],[-73.3567,18.2489],[-73.355,18.2503],[-73.3539,18.2516],[-73.3533,18.2534],[-73.3515,18.254],[-73.3502,18.2558],[-73.3495,18.2572],[-73.3519,18.2568],[-73.3521,18.2548],[-73.3535,18.2542],[-73.355,18.2558],[-73.3584,18.2572],[-73.3604,18.2574],[-73.3622,18.2581],[-73.3642,18.2586],[-73.3668,18.2598],[-73.367,18.2617],[-73.3683,18.2628],[-73.3704,18.2629],[-73.3705,18.2648],[-73.3725,18.266],[-73.3743,18.2665],[-73.3756,18.2674],[-73.3781,18.2673],[-73.3794,18.269],[-73.3808,18.2701],[-73.3816,18.2714],[-73.3829,18.2724],[-73.3822,18.2703],[-73.3823,18.2681],[-73.3841,18.2684],[-73.385,18.2696],[-73.3864,18.2703],[-73.3872,18.2726],[-73.3877,18.2747],[-73.3854,18.2743],[-73.3834,18.2745],[-73.3808,18.2736],[-73.379,18.273],[-73.375,18.272],[-73.3742,18.274],[-73.3744,18.2769],[-73.3749,18.2786],[-73.3758,18.28],[-73.3769,18.2809],[-73.3783,18.2816],[-73.3802,18.2814],[-73.3813,18.2804],[-73.3827,18.2796],[-73.3845,18.2791],[-73.3866,18.2793],[-73.388,18.2799],[-73.3899,18.2805],[-73.3914,18.2798],[-73.3928,18.2788],[-73.3927,18.2767],[-73.3927,18.2746],[-73.3925,18.2723],[-73.3915,18.2712],[-73.3908,18.2696],[-73.3907,18.2671],[-73.3905,18.2645],[-73.3908,18.2625],[-73.3915,18.2605],[-73.3928,18.2596],[-73.3936,18.2582],[-73.3943,18.2567],[-73.3958,18.2575],[-73.3964,18.2593],[-73.3973,18.2615],[-73.3956,18.2612],[-73.3944,18.26],[-73.3939,18.2646],[-73.3922,18.2656],[-73.3924,18.2675],[-73.3929,18.2692],[-73.3943,18.27],[-73.3962,18.2686],[-73.3949,18.2678],[-73.3957,18.2664],[-73.3978,18.2654],[-73.3997,18.2648],[-73.4016,18.2651],[-73.4024,18.2667],[-73.4045,18.266],[-73.405,18.2632],[-73.4034,18.2617],[-73.4048,18.261],[-73.4066,18.2615],[-73.4086,18.2619],[-73.41,18.2612],[-73.4092,18.259],[-73.4097,18.2568],[-73.4082,18.256],[-73.4059,18.2561],[-73.4048,18.2574],[-73.4029,18.2577],[-73.4018,18.2566],[-73.4014,18.2587],[-73.3997,18.2593],[-73.4001,18.2616],[-73.3984,18.2613],[-73.3985,18.2588],[-73.3979,18.2569],[-73.397,18.2557],[-73.3966,18.2537],[-73.3977,18.2526],[-73.399,18.2537],[-73.4005,18.2543],[-73.402,18.2553],[-73.4033,18.2562],[-73.4057,18.2553],[-73.4067,18.2542],[-73.4073,18.2525],[-73.408,18.2511],[-73.4091,18.2499],[-73.4095,18.2517],[-73.4102,18.2532],[-73.4121,18.253],[-73.4137,18.2535],[-73.4154,18.255],[-73.4186,18.2552],[-73.4206,18.2558],[-73.4224,18.2561],[-73.4254,18.2561],[-73.4277,18.2559],[-73.4297,18.2555],[-73.4314,18.2569],[-73.4303,18.2579],[-73.4307,18.2599],[-73.4312,18.2624],[-73.4321,18.2646],[-73.4342,18.2652],[-73.4361,18.2655],[-73.4364,18.2678],[-73.4368,18.2694]]]},"properties":{}},{"type":"Feature","geometry":{"type":"Polygon","coordinates":[[[-71.9344,18.4478],[-71.936,18.4459],[-71.9375,18.4452],[-71.9401,18.4455],[-71.9419,18.4458],[-71.9433,18.4469],[-71.9456,18.4481],[-71.9476,18.4489],[-71.949,18.4503],[-71.9477,18.4515],[-71.9457,18.4519],[-71.9432,18.4524],[-71.9415,18.4519],[-71.9386,18.4518],[-71.9388,18.45],[-71.937,18.4495],[-71.9357,18.4487],[-71.9344,18.4478]]]},"properties":{}},{"type":"Feature","geometry":{"type":"Polygon","coordinates":[[[-72.7016,18.4358],[-72.7045,18.4335],[-72.706,18.4326],[-72.7064,18.4307],[-72.7092,18.4289],[-72.7115,18.4285],[-72.7105,18.4267],[-72.7079,18.4272],[-72.7062,18.4284],[-72.7043,18.4281],[-72.7051,18.4258],[-72.7081,18.425],[-72.7119,18.4258],[-72.7147,18.4258],[-72.7181,18.4255],[-72.7203,18.4247],[-72.7218,18.4237],[-72.7236,18.4219],[-72.728,18.4187],[-72.7293,18.4174],[-72.7301,18.4156],[-72.7301,18.4131],[-72.7311,18.4143],[-72.737,18.4164],[-72.7397,18.4176],[-72.7417,18.4192],[-72.7428,18.4212],[-72.7441,18.4222],[-72.7465,18.4229],[-72.7479,18.4237],[-72.7493,18.425],[-72.7516,18.4255],[-72.7531,18.4245],[-72.7538,18.4231],[-72.7557,18.4224],[-72.7576,18.4226],[-72.7596,18.4223],[-72.7628,18.4217],[-72.7651,18.4214],[-72.767,18.4206],[-72.7681,18.4191],[-72.769,18.4171],[-72.7713,18.416],[-72.7727,18.4175],[-72.773,18.4198],[-72.7749,18.4209],[-72.7782,18.4205],[-72.7798,18.4199],[-72.7816,18.4202],[-72.7822,18.4229],[-72.7843,18.4248],[-72.7856,18.4257],[-72.7879,18.4265],[-72.79,18.4266],[-72.7928,18.4279],[-72.7947,18.4299],[-72.7955,18.4313],[-72.7964,18.4325],[-72.7931,18.4311],[-72.7914,18.4305],[-72.789,18.4307],[-72.787,18.431],[-72.7852,18.4321],[-72.7836,18.4331],[-72.7811,18.4329],[-72.7796,18.4335],[-72.7766,18.4333],[-72.7729,18.4338],[-72.7704,18.4335],[-72.7684,18.434],[-72.7657,18.4338],[-72.7632,18.4339],[-72.7612,18.4331],[-72.7599,18.431],[-72.7585,18.43],[-72.7567,18.429],[-72.7547,18.4283],[-72.7526,18.4281],[-72.7504,18.4298],[-72.748,18.4287],[-72.7465,18.4279],[-72.7443,18.4272],[-72.742,18.4271],[-72.7399,18.4264],[-72.7374,18.4263],[-72.7318,18.4271],[-72.7301,18.4265],[-72.7274,18.4273],[-72.7247,18.4278],[-72.7222,18.428],[-72.7203,18.4296],[-72.718,18.4301],[-72.7166,18.4314],[-72.7146,18.4312],[-72.7135,18.4333],[-72.712,18.4342],[-72.7101,18.4349],[-72.7082,18.4339],[-72.706,18.4346],[-72.7051,18.4361],[-72.704,18.4374],[-72.7022,18.4382],[-72.6998,18.4374],[-72.7016,18.4358]]]},"properties":{}},{"type":"Feature","geometry":{"type":"Polygon","coordinates":[[[-72.5719,18.5632],[-72.5662,18.5631],[-72.5633,18.5626],[-72.561,18.5612],[-72.5586,18.5603],[-72.5561,18.5601],[-72.5537,18.5604],[-72.5536,18.5576],[-72.5536,18.5542],[-72.5524,18.5525],[-72.5506,18.5512],[-72.5474,18.5505],[-72.5453,18.5488],[-72.5444,18.5469],[-72.5435,18.5456],[-72.5418,18.5446],[-72.5401,18.5437],[-72.5369,18.5446],[-72.5348,18.5445],[-72.532,18.5453],[-72.5304,18.5459],[-72.5265,18.547],[-72.5241,18.5467],[-72.5228,18.546],[-72.5205,18.5468],[-72.518,18.5459],[-72.521,18.5429],[-72.5222,18.542],[-72.5235,18.5408],[-72.5258,18.5379],[-72.5285,18.5356],[-72.5298,18.5366],[-72.5306,18.5378],[-72.5322,18.5366],[-72.5347,18.536],[-72.5377,18.535],[-72.5417,18.532],[-72.5442,18.5305],[-72.5465,18.5295],[-72.5482,18.5291],[-72.5476,18.5275],[-72.5462,18.5253],[-72.5447,18.5239],[-72.5431,18.5225],[-72.5432,18.5206],[-72.5441,18.5189],[-72.5457,18.5184],[-72.548,18.5172],[-72.5516,18.5169],[-72.555,18.5179],[-72.558,18.5183],[-72.5589,18.5168],[-72.5614,18.5165],[-72.563,18.5154],[-72.5645,18.5148],[-72.5665,18.5133],[-72.5678,18.5106],[-72.5689,18.5089],[-72.5706,18.508],[-72.5715,18.5067],[-72.5727,18.5045],[-72.5749,18.5046],[-72.5762,18.5019],[-72.576,18.4993],[-72.5768,18.4973],[-72.578,18.4957],[-72.5798,18.4943],[-72.5808,18.4928],[-72.5823,18.492],[-72.5827,18.4896],[-72.582,18.487],[-72.58,18.4853],[-72.5791,18.4828],[-72.5805,18.482],[-72.5822,18.4815],[-72.582,18.4787],[-72.5824,18.4755],[-72.5813,18.4737],[-72.5791,18.474],[-72.5785,18.4717],[-72.5776,18.4705],[-72.5786,18.4684],[-72.5806,18.4683],[-72.5832,18.4679],[-72.5855,18.468],[-72.5908,18.466],[-72.5919,18.4641],[-72.5942,18.4633],[-72.5974,18.4633],[-72.5993,18.4625],[-72.6021,18.4628],[-72.6054,18.462],[-72.6086,18.4613],[-72.6107,18.4602],[-72.6126,18.4597],[-72.6161,18.4589],[-72.6178,18.4583],[-72.6196,18.458],[-72.6213,18.4574],[-72.6228,18.4563],[-72.6236,18.4542],[-72.6233,18.452],[-72.622,18.4499],[-72.6242,18.4484],[-72.6268,18.4484],[-72.6288,18.4483],[-72.6305,18.4479],[-72.6324,18.4477],[-72.6354,18.4483],[-72.6372,18.4491],[-72.6392,18.4502],[-72.6404,18.4513],[-72.6416,18.4527],[-72.6439,18.4534],[-72.6468,18.4531],[-72.6492,18.4523],[-72.6512,18.4519],[-72.6526,18.4527],[-72.6543,18.4532],[-72.6549,18.4516],[-72.6588,18.4517],[-72.6621,18.4512],[-72.6649,18.4504],[-72.6677,18.4503],[-72.6729,18.4464],[-72.6742,18.4455],[-72.6758,18.4444],[-72.6768,18.4429],[-72.6798,18.4442],[-72.6824,18.4444],[-72.6847,18.4441],[-72.6872,18.4431],[-72.6885,18.4424],[-72.6906,18.4398],[-72.6925,18.4391],[-72.6945,18.4373],[-72.6957,18.4355],[-72.6973,18.4342],[-72.6974,18.4362],[-72.6961,18.4387],[-72.6945,18.4393],[-72.6929,18.4403],[-72.6911,18.4418],[-72.69,18.4431],[-72.6885,18.4442],[-72.6878,18.4458],[-72.6865,18.4469],[-72.6855,18.4483],[-72.6834,18.4489],[-72.6822,18.4497],[-72.6797,18.4522],[-72.6783,18.454],[-72.676,18.4574],[-72.6752,18.4593],[-72.6737,18.4618],[-72.6733,18.4643],[-72.6713,18.4678],[-72.67,18.4699],[-72.6679,18.4744],[-72.6677,18.4767],[-72.6652,18.4833],[-72.6641,18.487],[-72.6629,18.4892],[-72.6627,18.4923],[-72.6618,18.4934],[-72.661,18.4968],[-72.6601,18.4984],[-72.6588,18.4998],[-72.6587,18.5018],[-72.6576,18.5049],[-72.6559,18.5068],[-72.6551,18.5083],[-72.6548,18.5107],[-72.6538,18.5129],[-72.6526,18.5141],[-72.653,18.5158],[-72.6537,18.5191],[-72.6523,18.5215],[-72.6522,18.5236],[-72.6512,18.5247],[-72.6485,18.5251],[-72.6475,18.5266],[-72.6459,18.528],[-72.6386,18.5365],[-72.6364,18.5401],[-72.6336,18.5434],[-72.6291,18.5474],[-72.6273,18.5498],[-72.6258,18.551],[-72.6243,18.5517],[-72.6214,18.5532],[-72.6191,18.5536],[-72.6167,18.555],[-72.6152,18.5561],[-72.6119,18.5576],[-72.6098,18.5576],[-72.607,18.5586],[-72.6057,18.5593],[-72.6033,18.5597],[-72.6016,18.5592],[-72.5983,18.5591],[-72.5968,18.5599],[-72.5953,18.5604],[-72.5931,18.5609],[-72.5905,18.562],[-72.5875,18.5633],[-72.5847,18.5637],[-72.5811,18.5649],[-72.579,18.565],[-72.5767,18.5647],[-72.5747,18.564],[-72.5719,18.5632]]]},"properties":{}},{"type":"Feature","geometry":{"type":"Polygon","coordinates":[[[-74.439,18.3448],[-74.4395,18.3466],[-74.4416,18.3468],[-74.4405,18.3483],[-74.4407,18.3508],[-74.4389,18.35],[-74.437,18.3497],[-74.4367,18.3478],[-74.4381,18.3467],[-74.439,18.3448]]]},"properties":{}},{"type":"Feature","geometry":{"type":"Polygon","coordinates":[[[-71.951,18.2665],[-71.9521,18.2645],[-71.9518,18.2619],[-71.9513,18.2604],[-71.9481,18.2582],[-71.9471,18.2559],[-71.9462,18.2541],[-71.9459,18.2524],[-71.9448,18.2514],[-71.9433,18.2508],[-71.9416,18.2483],[-71.9388,18.247],[-71.9375,18.245],[-71.9367,18.2434],[-71.936,18.2417],[-71.9371,18.2407],[-71.9385,18.2387],[-71.941,18.2362],[-71.9421,18.2341],[-71.9408,18.2327],[-71.9386,18.2331],[-71.9353,18.2328],[-71.9323,18.2331],[-71.9294,18.2338],[-71.9266,18.2339],[-71.9245,18.2336],[-71.9235,18.2323],[-71.9218,18.2315],[-71.9198,18.2315],[-71.9183,18.23],[-71.917,18.2313],[-71.9166,18.2339],[-71.9153,18.2349],[-71.9138,18.2355],[-71.9159,18.239],[-71.9145,18.2418],[-71.9138,18.2452],[-71.9147,18.2467],[-71.9156,18.2487],[-71.9138,18.2513],[-71.911,18.2498],[-71.9087,18.2479],[-71.9069,18.247],[-71.904,18.2459],[-71.9057,18.2446],[-71.906,18.2428],[-71.9052,18.2414],[-71.9038,18.2387],[-71.902,18.237],[-71.9025,18.2352],[-71.9042,18.2344],[-71.9071,18.2322],[-71.9092,18.2312],[-71.9131,18.2303],[-71.9132,18.2278],[-71.9151,18.2268],[-71.9191,18.2269],[-71.9241,18.2277],[-71.926,18.2291],[-71.9286,18.2291],[-71.9309,18.2283],[-71.9319,18.2269],[-71.933,18.2281],[-71.9349,18.2286],[-71.9372,18.2288],[-71.9399,18.2294],[-71.9407,18.2277],[-71.9406,18.2258],[-71.9417,18.224],[-71.9423,18.2255],[-71.943,18.2281],[-71.9451,18.23],[-71.9446,18.2322],[-71.9446,18.2344],[-71.9479,18.2381],[-71.9487,18.2398],[-71.9494,18.2427],[-71.9484,18.2441],[-71.9472,18.2455],[-71.9491,18.2456],[-71.952,18.2452],[-71.9513,18.2466],[-71.951,18.2486],[-71.9528,18.2496],[-71.9549,18.2495],[-71.9571,18.2513],[-71.9589,18.2527],[-71.9598,18.2547],[-71.9616,18.2545],[-71.9618,18.2522],[-71.9615,18.2499],[-71.9634,18.2503],[-71.9659,18.2483],[-71.9657,18.2503],[-71.9642,18.2512],[-71.9632,18.2527],[-71.9646,18.2537],[-71.966,18.253],[-71.9654,18.2545],[-71.9649,18.2571],[-71.9657,18.2587],[-71.9671,18.2594],[-71.9704,18.2596],[-71.9728,18.2611],[-71.9748,18.264],[-71.974,18.2665],[-71.9723,18.268],[-71.9669,18.2665],[-71.9645,18.2655],[-71.9625,18.2653],[-71.9604,18.2659],[-71.9588,18.2655],[-71.957,18.2649],[-71.9575,18.2664],[-71.9574,18.2686],[-71.9554,18.2688],[-71.9542,18.2698],[-71.9515,18.269],[-71.9504,18.2679],[-71.951,18.2665]]]},"properties":{}},{"type":"Feature","geometry":{"type":"Polygon","coordinates":[[[-71.8463,18.3825],[-71.8475,18.3842],[-71.8491,18.386],[-71.8517,18.3854],[-71.8516,18.3827],[-71.8505,18.3813],[-71.8493,18.3792],[-71.8508,18.3779],[-71.8529,18.3788],[-71.8546,18.3805],[-71.8566,18.3826],[-71.8581,18.3836],[-71.8604,18.385],[-71.8595,18.3869],[-71.8599,18.3889],[-71.8626,18.3886],[-71.8643,18.3893],[-71.8641,18.3919],[-71.8647,18.3939],[-71.8634,18.3961],[-71.8618,18.3969],[-71.8599,18.3974],[-71.8574,18.3969],[-71.8562,18.3954],[-71.8542,18.3947],[-71.855,18.3928],[-71.8553,18.391],[-71.8534,18.3897],[-71.8503,18.3897],[-71.8481,18.3895],[-71.8472,18.3883],[-71.8462,18.386],[-71.8463,18.3834],[-71.8463,18.3825]]]},"properties":{}},{"type":"Feature","geometry":{"type":"Polygon","coordinates":[[[-73.189,18.4694],[-73.1899,18.4713],[-73.1906,18.473],[-73.1904,18.4748],[-73.1898,18.4764],[-73.1916,18.477],[-73.1903,18.4784],[-73.1911,18.4796],[-73.1916,18.4812],[-73.1926,18.4798],[-73.1933,18.4782],[-73.1947,18.4789],[-73.1942,18.4805],[-73.193,18.4831],[-73.1936,18.4852],[-73.1931,18.4871],[-73.1921,18.4884],[-73.1904,18.4888],[-73.1898,18.4871],[-73.1895,18.4854],[-73.1901,18.484],[-73.1886,18.4819],[-73.1877,18.4797],[-73.1882,18.4777],[-73.1883,18.4746],[-73.1884,18.4723],[-73.189,18.4694]]]},"properties":{}},{"type":"Feature","geometry":{"type":"Polygon","coordinates":[[[-73.2967,18.4837],[-73.2867,18.4821],[-73.2781,18.4825],[-73.2665,18.4814],[-73.2613,18.4807],[-73.2573,18.48],[-73.2549,18.4799],[-73.2529,18.4793],[-73.2508,18.4789],[-73.2492,18.4783],[-73.2474,18.4777],[-73.2452,18.4769],[-73.2432,18.4775],[-73.2407,18.4765],[-73.2365,18.4777],[-73.2343,18.4779],[-73.2303,18.4772],[-73.2279,18.4779],[-73.2256,18.4797],[-73.2189,18.4796],[-73.2194,18.4779],[-73.2216,18.4773],[-73.2244,18.4767],[-73.2242,18.4743],[-73.2252,18.4733],[-73.2261,18.472],[-73.2251,18.4704],[-73.2236,18.4695],[-73.2216,18.4686],[-73.221,18.4662],[-73.2215,18.4638],[-73.2224,18.4626],[-73.223,18.4607],[-73.2247,18.4595],[-73.2249,18.4642],[-73.226,18.466],[-73.2267,18.4674],[-73.2274,18.4688],[-73.2286,18.4701],[-73.2305,18.4712],[-73.2312,18.4692],[-73.2294,18.4684],[-73.2305,18.4673],[-73.2321,18.4684],[-73.2331,18.4668],[-73.2333,18.465],[-73.2342,18.4662],[-73.2341,18.4681],[-73.2358,18.4691],[-73.2393,18.468],[-73.2407,18.4687],[-73.242,18.4679],[-73.2428,18.4694],[-73.2444,18.4687],[-73.2451,18.4672],[-73.2458,18.4687],[-73.2473,18.468],[-73.2485,18.4667],[-73.2489,18.4688],[-73.2505,18.4682],[-73.2519,18.4692],[-73.2509,18.4702],[-73.2522,18.4711],[-73.2532,18.4723],[-73.2548,18.4736],[-73.2535,18.4749],[-73.2528,18.4762],[-73.2551,18.4763],[-73.256,18.475],[-73.2576,18.4756],[-73.2593,18.4761],[-73.2615,18.4749],[-73.2622,18.4731],[-73.2645,18.4729],[-73.2644,18.4752],[-73.2636,18.4768],[-73.2657,18.4766],[-73.2662,18.4747],[-73.2682,18.4748],[-73.2682,18.4769],[-73.2669,18.478],[-73.2683,18.4789],[-73.2699,18.4781],[-73.2718,18.4778],[-73.2737,18.4749],[-73.2738,18.477],[-73.2752,18.4782],[-73.2773,18.4794],[-73.2791,18.4781],[-73.2776,18.4765],[-73.2797,18.477],[-73.2809,18.4783],[-73.2834,18.4781],[-73.2825,18.4767],[-73.2819,18.4749],[-73.2807,18.4739],[-73.2827,18.4754],[-73.2844,18.476],[-73.2856,18.4748],[-73.2858,18.4726],[-73.2879,18.4736],[-73.2898,18.4739],[-73.2912,18.4725],[-73.2902,18.4711],[-73.2911,18.4694],[-73.2934,18.4695],[-73.2933,18.4672],[-73.2921,18.466],[-73.2931,18.4642],[-73.294,18.4629],[-73.2939,18.4652],[-73.2946,18.4683],[-73.2952,18.4704],[-73.2955,18.4726],[-73.297,18.4754],[-73.2972,18.4733],[-73.2987,18.4746],[-73.2994,18.4731],[-73.3012,18.4721],[-73.2988,18.4719],[-73.2975,18.4707],[-73.2993,18.4709],[-73.3006,18.47],[-73.3028,18.4695],[-73.3042,18.4653],[-73.3052,18.4631],[-73.3059,18.4617],[-73.3075,18.4612],[-73.3094,18.4609],[-73.3105,18.4599],[-73.3122,18.4592],[-73.3131,18.4571],[-73.316,18.4572],[-73.3173,18.4559],[-73.3189,18.455],[-73.3211,18.4556],[-73.3237,18.4563],[-73.3259,18.4564],[-73.3266,18.4542],[-73.3278,18.4521],[-73.3298,18.4524],[-73.3309,18.4502],[-73.3304,18.4487],[-73.3286,18.4474],[-73.3263,18.4463],[-73.3241,18.4462],[-73.3229,18.4453],[-73.3195,18.4437],[-73.3219,18.4421],[-73.3234,18.4428],[-73.3248,18.4416],[-73.3272,18.4414],[-73.3292,18.4427],[-73.3314,18.4432],[-73.3339,18.443],[-73.3342,18.4411],[-73.3335,18.439],[-73.335,18.4359],[-73.3359,18.4343],[-73.3374,18.4333],[-73.3421,18.4329],[-73.3447,18.4337],[-73.3465,18.4347],[-73.3482,18.434],[-73.3481,18.4318],[-73.3492,18.4304],[-73.3495,18.428],[-73.3482,18.4259],[-73.3468,18.4244],[-73.3455,18.423],[-73.3439,18.4207],[-73.3429,18.4181],[-73.343,18.4158],[-73.3412,18.4121],[-73.3427,18.4099],[-73.346,18.4087],[-73.3491,18.4086],[-73.3525,18.4089],[-73.356,18.4103],[-73.3576,18.4098],[-73.3594,18.4085],[-73.3607,18.4101],[-73.3613,18.4132],[-73.3599,18.4148],[-73.3574,18.4146],[-73.3553,18.4138],[-73.3538,18.4126],[-73.3507,18.4113],[-73.3481,18.4111],[-73.3457,18.4116],[-73.3457,18.4138],[-73.3462,18.416],[-73.3458,18.4193],[-73.3463,18.4215],[-73.3478,18.422],[-73.3495,18.4233],[-73.3518,18.4241],[-73.3535,18.4246],[-73.3515,18.425],[-73.3505,18.4266],[-73.3508,18.4292],[-73.3508,18.4324],[-73.3492,18.4339],[-73.3504,18.4357],[-73.3527,18.4353],[-73.3546,18.4349],[-73.3528,18.4383],[-73.3506,18.4424],[-73.3478,18.443],[-73.3435,18.441],[-73.3411,18.4399],[-73.3402,18.4386],[-73.3385,18.4391],[-73.3367,18.4399],[-73.3373,18.4415],[-73.3381,18.4436],[-73.3361,18.4455],[-73.3334,18.4459],[-73.3317,18.4454],[-73.3297,18.4452],[-73.3318,18.447],[-73.3343,18.4468],[-73.3368,18.4462],[-73.3387,18.4452],[-73.3384,18.4469],[-73.3357,18.447],[-73.3331,18.4486],[-73.3347,18.4501],[-73.3371,18.4512],[-73.3353,18.4541],[-73.3342,18.4553],[-73.3313,18.4552],[-73.3291,18.4551],[-73.3283,18.4572],[-73.3299,18.4582],[-73.328,18.4587],[-73.3261,18.4591],[-73.3238,18.4581],[-73.3231,18.4596],[-73.3216,18.4583],[-73.3201,18.457],[-73.3186,18.4579],[-73.3176,18.4595],[-73.3185,18.461],[-73.3165,18.4615],[-73.3158,18.4628],[-73.314,18.4636],[-73.3121,18.4632],[-73.3108,18.4644],[-73.312,18.4657],[-73.3116,18.4674],[-73.3103,18.4685],[-73.3106,18.4708],[-73.3123,18.4696],[-73.3129,18.4717],[-73.3151,18.4706],[-73.3158,18.4691],[-73.318,18.4687],[-73.3189,18.4706],[-73.3181,18.472],[-73.3171,18.4734],[-73.3169,18.4756],[-73.3161,18.4782],[-73.3161,18.4817],[-73.3148,18.4826],[-73.3161,18.484],[-73.3154,18.4853],[-73.3148,18.4872],[-73.3135,18.4882],[-73.3122,18.4902],[-73.311,18.4913],[-73.3005,18.4857],[-73.2967,18.4837]]]},"properties":{}},{"type":"Feature","geometry":{"type":"Polygon","coordinates":[[[-73.1553,18.352],[-73.1566,18.3563],[-73.1578,18.359],[-73.1572,18.3611],[-73.1585,18.362],[-73.1589,18.3644],[-73.1604,18.3652],[-73.1619,18.3645],[-73.1648,18.3636],[-73.1667,18.363],[-73.1686,18.3627],[-73.1683,18.3646],[-73.1684,18.3665],[-73.1704,18.3659],[-73.173,18.3669],[-73.1708,18.3673],[-73.1694,18.3691],[-73.1673,18.3702],[-73.166,18.3688],[-73.1645,18.3672],[-73.1626,18.3677],[-73.1618,18.3691],[-73.1602,18.3696],[-73.1584,18.3699],[-73.1556,18.3733],[-73.1525,18.3745],[-73.1491,18.3743],[-73.1471,18.375],[-73.1444,18.3733],[-73.1417,18.3733],[-73.1398,18.3747],[-73.1386,18.3733],[-73.1371,18.3745],[-73.1347,18.3737],[-73.1328,18.3735],[-73.1311,18.3739],[-73.1293,18.3745],[-73.1273,18.3746],[-73.1249,18.3748],[-73.1242,18.3733],[-73.1247,18.3717],[-73.1242,18.3698],[-73.1236,18.3674],[-73.121,18.367],[-73.119,18.3674],[-73.1173,18.367],[-73.1162,18.3653],[-73.1153,18.3639],[-73.1149,18.3621],[-73.1131,18.361],[-73.1121,18.3623],[-73.1113,18.3641],[-73.1102,18.3631],[-73.1091,18.362],[-73.1076,18.3613],[-73.109,18.3583],[-73.1103,18.355],[-73.1096,18.3528],[-73.1078,18.351],[-73.1046,18.3515],[-73.1035,18.353],[-73.1038,18.3549],[-73.1033,18.3568],[-73.1011,18.355],[-73.0986,18.3545],[-73.0984,18.352],[-73.0961,18.3499],[-73.0933,18.348],[-73.0915,18.3471],[-73.0891,18.3465],[-73.0876,18.3457],[-73.0857,18.3447],[-73.0842,18.343],[-73.0828,18.3418],[-73.0834,18.3401],[-73.0835,18.3379],[-73.0854,18.3371],[-73.0837,18.3362],[-73.0831,18.3336],[-73.0845,18.3324],[-73.0855,18.331],[-73.0863,18.3292],[-73.0858,18.3268],[-73.0864,18.3249],[-73.0878,18.3255],[-73.0883,18.3229],[-73.0893,18.3277],[-73.0897,18.3298],[-73.0917,18.332],[-73.0924,18.3356],[-73.0883,18.337],[-73.0902,18.3383],[-73.0913,18.3398],[-73.0919,18.3415],[-73.0936,18.3422],[-73.0952,18.3434],[-73.0977,18.3457],[-73.1005,18.3475],[-73.1024,18.3485],[-73.1037,18.3495],[-73.1057,18.3497],[-73.1079,18.349],[-73.1098,18.3485],[-73.1112,18.3493],[-73.1131,18.3492],[-73.1136,18.3477],[-73.1149,18.3465],[-73.117,18.3472],[-73.1185,18.3478],[-73.1198,18.3464],[-73.1198,18.3435],[-73.1212,18.3427],[-73.1205,18.3478],[-73.1227,18.3496],[-73.1239,18.351],[-73.1259,18.3518],[-73.1246,18.3535],[-73.1208,18.3527],[-73.1191,18.3518],[-73.1172,18.3511],[-73.1159,18.3527],[-73.1185,18.353],[-73.1191,18.3547],[-73.1199,18.356],[-73.1209,18.357],[-73.1211,18.3592],[-73.1216,18.3608],[-73.1226,18.3595],[-73.1242,18.3587],[-73.1263,18.3585],[-73.1287,18.3586],[-73.13,18.3602],[-73.1319,18.36],[-73.1328,18.3613],[-73.1345,18.3632],[-73.1363,18.3635],[-73.1396,18.3638],[-73.1429,18.3637],[-73.1435,18.362],[-73.1434,18.3595],[-73.143,18.3569],[-73.1448,18.3566],[-73.1469,18.3558],[-73.1467,18.3532],[-73.1477,18.3521],[-73.1487,18.3507],[-73.1503,18.3513],[-73.1522,18.3503],[-73.1548,18.3503],[-73.1553,18.352]]]},"properties":{}},{"type":"Feature","geometry":{"type":"Polygon","coordinates":[[[-72.079,18.2393],[-72.0758,18.2435],[-72.0751,18.2451],[-72.0733,18.2459],[-72.0716,18.245],[-72.0709,18.2465],[-72.0696,18.2477],[-72.07,18.2498],[-72.0679,18.2503],[-72.0657,18.2503],[-72.0642,18.2492],[-72.0639,18.2472],[-72.0633,18.2458],[-72.0621,18.2444],[-72.0615,18.2426],[-72.0605,18.2413],[-72.0594,18.2401],[-72.0561,18.2392],[-72.0547,18.2384],[-72.0584,18.2377],[-72.0614,18.2371],[-72.0669,18.2348],[-72.0688,18.2364],[-72.0728,18.2364],[-72.079,18.2393]]]},"properties":{}},{"type":"Feature","geometry":{"type":"Polygon","coordinates":[[[-73.6242,18.4268],[-73.6273,18.4266],[-73.6317,18.4265],[-73.6301,18.4283],[-73.6281,18.4284],[-73.6267,18.4295],[-73.628,18.4309],[-73.6263,18.4317],[-73.627,18.4332],[-73.6244,18.4337],[-73.6206,18.4331],[-73.6164,18.4327],[-73.6131,18.4322],[-73.6091,18.4331],[-73.6067,18.4333],[-73.6052,18.4323],[-73.6037,18.4331],[-73.6011,18.4324],[-73.5981,18.4313],[-73.5954,18.4316],[-73.5953,18.4344],[-73.5954,18.4392],[-73.5941,18.4399],[-73.5926,18.4414],[-73.5915,18.4445],[-73.5897,18.4447],[-73.5873,18.4449],[-73.5842,18.4433],[-73.5847,18.4415],[-73.586,18.4399],[-73.5872,18.4387],[-73.5878,18.4366],[-73.5893,18.4359],[-73.5885,18.4344],[-73.5874,18.4333],[-73.5885,18.4321],[-73.5871,18.4313],[-73.5859,18.4288],[-73.5827,18.4276],[-73.5801,18.4258],[-73.5778,18.4242],[-73.5774,18.4223],[-73.5769,18.4207],[-73.5752,18.4214],[-73.5734,18.4217],[-73.5731,18.4192],[-73.5753,18.4187],[-73.5766,18.4175],[-73.5772,18.4155],[-73.5786,18.4167],[-73.5803,18.4176],[-73.5822,18.4181],[-73.5812,18.4195],[-73.5797,18.4204],[-73.5815,18.424],[-73.584,18.4238],[-73.5858,18.4248],[-73.5881,18.4251],[-73.591,18.4253],[-73.5928,18.425],[-73.5954,18.4249],[-73.5973,18.4248],[-73.5992,18.4243],[-73.6011,18.4236],[-73.6035,18.4247],[-73.6027,18.4261],[-73.6036,18.4282],[-73.6065,18.4284],[-73.6092,18.4283],[-73.6119,18.4275],[-73.614,18.4278],[-73.6199,18.4276],[-73.6242,18.4268]]]},"properties":{}},{"type":"Feature","geometry":{"type":"Polygon","coordinates":[[[-73.4602,18.399],[-73.463,18.3989],[-73.4663,18.4002],[-73.4697,18.4027],[-73.4729,18.4044],[-73.4742,18.4062],[-73.4756,18.4071],[-73.4776,18.4077],[-73.4794,18.4088],[-73.4776,18.409],[-73.4756,18.4084],[-73.4734,18.4077],[-73.4722,18.4065],[-73.4706,18.4047],[-73.4688,18.4044],[-73.4701,18.4063],[-73.4687,18.407],[-73.4669,18.4068],[-73.4656,18.4061],[-73.4639,18.4053],[-73.4615,18.4043],[-73.456,18.4031],[-73.4525,18.4022],[-73.4516,18.4008],[-73.4509,18.3989],[-73.4522,18.398],[-73.4509,18.397],[-73.4485,18.397],[-73.4466,18.3964],[-73.4451,18.395],[-73.4421,18.3944],[-73.4414,18.3922],[-73.4387,18.3927],[-73.4352,18.3924],[-73.4322,18.3909],[-73.428,18.3906],[-73.4238,18.3911],[-73.4202,18.3912],[-73.4172,18.3912],[-73.4147,18.391],[-73.413,18.3917],[-73.414,18.3935],[-73.4159,18.3953],[-73.4168,18.3971],[-73.4154,18.3985],[-73.4128,18.3973],[-73.4114,18.395],[-73.4113,18.3923],[-73.4099,18.3911],[-73.4082,18.39],[-73.4066,18.3891],[-73.4052,18.3877],[-73.4047,18.386],[-73.4054,18.3844],[-73.4073,18.384],[-73.408,18.382],[-73.406,18.3802],[-73.4037,18.3807],[-73.4019,18.3795],[-73.4044,18.3799],[-73.4039,18.3777],[-73.4016,18.3759],[-73.3985,18.3748],[-73.3967,18.374],[-73.3956,18.3724],[-73.3943,18.3735],[-73.3921,18.3735],[-73.3917,18.3718],[-73.3895,18.3719],[-73.3871,18.3715],[-73.3868,18.3698],[-73.3806,18.368],[-73.3789,18.3674],[-73.3802,18.3659],[-73.3787,18.3648],[-73.3773,18.3635],[-73.3798,18.3632],[-73.3812,18.3625],[-73.384,18.3639],[-73.3854,18.3652],[-73.3869,18.3658],[-73.3886,18.3667],[-73.3921,18.3671],[-73.3941,18.3676],[-73.3951,18.3696],[-73.396,18.3707],[-73.3976,18.3724],[-73.3997,18.3734],[-73.4023,18.3734],[-73.4039,18.3739],[-73.4066,18.3752],[-73.4081,18.3762],[-73.41,18.3772],[-73.4109,18.3788],[-73.4113,18.3812],[-73.4119,18.3836],[-73.4137,18.3846],[-73.4162,18.3851],[-73.4181,18.3857],[-73.4212,18.3858],[-73.4234,18.3856],[-73.4266,18.3863],[-73.4282,18.3856],[-73.4295,18.3842],[-73.4309,18.3832],[-73.4333,18.3829],[-73.4345,18.3842],[-73.436,18.3852],[-73.4368,18.3869],[-73.4393,18.3864],[-73.4413,18.3857],[-73.4432,18.3866],[-73.4442,18.3879],[-73.4451,18.3898],[-73.4469,18.3882],[-73.4493,18.388],[-73.4513,18.3884],[-73.4528,18.3896],[-73.4548,18.3904],[-73.4552,18.3937],[-73.4554,18.3959],[-73.4565,18.3981],[-73.4602,18.399]]]},"properties":{}},{"type":"Feature","geometry":{"type":"Polygon","coordinates":[[[-73.6263,18.3678],[-73.623,18.3674],[-73.6197,18.3675],[-73.6167,18.3682],[-73.6141,18.3698],[-73.6108,18.3703],[-73.6083,18.3701],[-73.6062,18.3688],[-73.602,18.369],[-73.5999,18.3684],[-73.5977,18.3681],[-73.5953,18.367],[-73.5956,18.3636],[-73.5992,18.3638],[-73.6013,18.3639],[-73.605,18.3643],[-73.6091,18.3641],[-73.6133,18.3632],[-73.6163,18.3631],[-73.6204,18.3621],[-73.6223,18.3611],[-73.6242,18.3601],[-73.6263,18.3589],[-73.6272,18.3567],[-73.6277,18.3536],[-73.6298,18.3518],[-73.6316,18.3508],[-73.6346,18.3503],[-73.6367,18.349],[-73.6391,18.3488],[-73.6415,18.3482],[-73.6446,18.3478],[-73.6455,18.3467],[-73.6471,18.346],[-73.6481,18.3445],[-73.6488,18.3424],[-73.6484,18.3405],[-73.6474,18.339],[-73.6479,18.3365],[-73.6484,18.3344],[-73.6479,18.3293],[-73.6468,18.3262],[-73.647,18.3233],[-73.6464,18.3204],[-73.6479,18.3187],[-73.6473,18.317],[-73.6469,18.3151],[-73.6485,18.3132],[-73.6512,18.3136],[-73.6524,18.3125],[-73.6519,18.3094],[-73.6507,18.3081],[-73.6531,18.306],[-73.6536,18.304],[-73.6545,18.3023],[-73.6531,18.3003],[-73.6516,18.2988],[-73.6499,18.2975],[-73.6493,18.2958],[-73.6512,18.296],[-73.6544,18.2958],[-73.656,18.2962],[-73.6564,18.2941],[-73.6544,18.2944],[-73.654,18.2925],[-73.6528,18.2913],[-73.6516,18.2902],[-73.6495,18.2906],[-73.6503,18.2887],[-73.6494,18.2874],[-73.6514,18.2867],[-73.653,18.2871],[-73.6548,18.2864],[-73.6542,18.2848],[-73.6533,18.283],[-73.6519,18.2815],[-73.6512,18.2791],[-73.6529,18.2775],[-73.6544,18.2759],[-73.6547,18.2777],[-73.6559,18.2766],[-73.6562,18.2748],[-73.6573,18.2737],[-73.6586,18.2728],[-73.658,18.2707],[-73.6576,18.269],[-73.6597,18.2703],[-73.6596,18.2681],[-73.6579,18.2668],[-73.6569,18.2651],[-73.655,18.2645],[-73.6564,18.2635],[-73.6583,18.2625],[-73.659,18.2612],[-73.6583,18.2598],[-73.659,18.258],[-73.6617,18.2581],[-73.6626,18.2592],[-73.663,18.257],[-73.6652,18.257],[-73.6669,18.2581],[-73.6688,18.2567],[-73.6681,18.2553],[-73.6666,18.254],[-73.6675,18.2529],[-73.6694,18.2522],[-73.6706,18.2507],[-73.6721,18.2499],[-73.6717,18.2522],[-73.673,18.2504],[-73.674,18.2491],[-73.6769,18.2489],[-73.6787,18.2508],[-73.6811,18.2489],[-73.6844,18.2496],[-73.686,18.2502],[-73.6888,18.2503],[-73.6906,18.2513],[-73.6917,18.2532],[-73.6927,18.2546],[-73.6914,18.2557],[-73.6892,18.2555],[-73.6876,18.2547],[-73.6853,18.2538],[-73.6841,18.2548],[-73.6831,18.2562],[-73.6844,18.2579],[-73.6827,18.2591],[-73.6813,18.2607],[-73.6811,18.2627],[-73.6817,18.2643],[-73.6832,18.2652],[-73.6837,18.2668],[-73.6862,18.2672],[-73.6872,18.2686],[-73.6865,18.27],[-73.6854,18.2717],[-73.6836,18.2708],[-73.6812,18.2698],[-73.6788,18.2683],[-73.6766,18.2675],[-73.6758,18.2692],[-73.6769,18.2706],[-73.6762,18.2719],[-73.6777,18.2742],[-73.6799,18.2742],[-73.679,18.2761],[-73.6802,18.2777],[-73.6815,18.2764],[-73.6829,18.2776],[-73.6843,18.2794],[-73.6831,18.2809],[-73.6837,18.2823],[-73.6819,18.2838],[-73.6811,18.2854],[-73.6792,18.2858],[-73.6765,18.2853],[-73.6762,18.2832],[-73.6749,18.2821],[-73.6732,18.283],[-73.6727,18.2855],[-73.6742,18.2872],[-73.6726,18.2884],[-73.6719,18.2897],[-73.6714,18.2914],[-73.6733,18.2916],[-73.6758,18.2917],[-73.6741,18.2924],[-73.6745,18.2941],[-73.6721,18.2945],[-73.6725,18.2972],[-73.6707,18.2963],[-73.6708,18.299],[-73.6727,18.2984],[-73.6741,18.2994],[-73.6728,18.301],[-73.6737,18.3037],[-73.6733,18.3055],[-73.6727,18.3071],[-73.6721,18.3094],[-73.6732,18.3109],[-73.674,18.3124],[-73.6755,18.3138],[-73.6767,18.3159],[-73.6791,18.3178],[-73.68,18.3191],[-73.6841,18.3195],[-73.682,18.3213],[-73.6793,18.3206],[-73.6776,18.3202],[-73.6746,18.3195],[-73.6735,18.3177],[-73.6709,18.3163],[-73.6685,18.3143],[-73.6666,18.3138],[-73.6642,18.3151],[-73.6615,18.3153],[-73.6604,18.3185],[-73.6589,18.3218],[-73.6555,18.324],[-73.6547,18.3261],[-73.6532,18.3289],[-73.6543,18.3366],[-73.6532,18.3388],[-73.6543,18.3404],[-73.6546,18.3425],[-73.6524,18.345],[-73.6535,18.3462],[-73.6553,18.3469],[-73.6577,18.3462],[-73.6591,18.3469],[-73.6605,18.3462],[-73.6623,18.3468],[-73.6635,18.3479],[-73.6642,18.3465],[-73.6652,18.3475],[-73.6648,18.3493],[-73.6665,18.3486],[-73.6676,18.3466],[-73.6692,18.3462],[-73.6704,18.3474],[-73.6722,18.3483],[-73.6738,18.3474],[-73.6749,18.3459],[-73.6769,18.3465],[-73.6791,18.3466],[-73.6825,18.347],[-73.6855,18.3468],[-73.6868,18.3461],[-73.6888,18.3462],[-73.6899,18.3474],[-73.6901,18.3494],[-73.6915,18.3488],[-73.6936,18.3492],[-73.6954,18.35],[-73.6968,18.349],[-73.6987,18.3493],[-73.7006,18.3487],[-73.7016,18.3477],[-73.7025,18.3463],[-73.7044,18.3471],[-73.7061,18.3479],[-73.7068,18.3496],[-73.7086,18.3501],[-73.7101,18.3495],[-73.7113,18.3483],[-73.7127,18.3476],[-73.7155,18.3476],[-73.7171,18.3469],[-73.7197,18.346],[-73.722,18.3456],[-73.7243,18.3453],[-73.7264,18.3456],[-73.7277,18.3468],[-73.7294,18.3463],[-73.7309,18.3469],[-73.7327,18.3464],[-73.7336,18.345],[-73.7359,18.3455],[-73.7357,18.3476],[-73.7376,18.3479],[-73.7398,18.3484],[-73.742,18.3485],[-73.7443,18.3486],[-73.7472,18.3484],[-73.749,18.3494],[-73.7509,18.3493],[-73.7524,18.3481],[-73.7538,18.3474],[-73.756,18.3474],[-73.7591,18.3462],[-73.7648,18.3461],[-73.7656,18.3446],[-73.7651,18.3429],[-73.7691,18.3426],[-73.7717,18.3425],[-73.7739,18.342],[-73.7754,18.3427],[-73.7746,18.3441],[-73.7726,18.3448],[-73.7709,18.3452],[-73.7697,18.3463],[-73.7719,18.3458],[-73.7742,18.3455],[-73.7759,18.3463],[-73.7781,18.3461],[-73.7808,18.3455],[-73.7827,18.3447],[-73.7849,18.346],[-73.7875,18.3462],[-73.7899,18.346],[-73.7919,18.3456],[-73.7911,18.3442],[-73.7908,18.3424],[-73.7917,18.3407],[-73.7927,18.3419],[-73.7919,18.3436],[-73.7927,18.3449],[-73.7917,18.3473],[-73.7898,18.348],[-73.7875,18.348],[-73.7855,18.3482],[-73.7833,18.3487],[-73.781,18.3487],[-73.7799,18.3474],[-73.7774,18.3484],[-73.7757,18.3488],[-73.7746,18.3474],[-73.7724,18.3469],[-73.77,18.3476],[-73.7682,18.3482],[-73.7659,18.3481],[-73.7646,18.349],[-73.7621,18.3492],[-73.7584,18.3489],[-73.7565,18.3494],[-73.7547,18.3507],[-73.753,18.3516],[-73.7507,18.3519],[-73.7494,18.3539],[-73.7476,18.3536],[-73.7478,18.3512],[-73.7461,18.3517],[-73.744,18.3519],[-73.742,18.3518],[-73.7397,18.3511],[-73.7384,18.3518],[-73.7369,18.3524],[-73.7348,18.3524],[-73.7323,18.3521],[-73.7303,18.3508],[-73.7298,18.3492],[-73.7286,18.3502],[-73.7267,18.3506],[-73.7252,18.3493],[-73.7245,18.3509],[-73.7241,18.353],[-73.7249,18.3547],[-73.7261,18.3558],[-73.7272,18.3568],[-73.7254,18.3561],[-73.7245,18.3548],[-73.7227,18.3536],[-73.7222,18.3518],[-73.7213,18.35],[-73.7199,18.3491],[-73.7184,18.3484],[-73.7167,18.3488],[-73.7174,18.3504],[-73.7146,18.3535],[-73.7137,18.3546],[-73.7107,18.3546],[-73.7088,18.3562],[-73.7065,18.3558],[-73.7052,18.3542],[-73.7043,18.3526],[-73.7035,18.3511],[-73.7028,18.3491],[-73.7016,18.3502],[-73.7005,18.3518],[-73.699,18.3533],[-73.6969,18.3532],[-73.6952,18.3525],[-73.6936,18.3531],[-73.693,18.3549],[-73.6924,18.3568],[-73.6904,18.356],[-73.6879,18.3556],[-73.6851,18.3557],[-73.6831,18.3551],[-73.6808,18.3543],[-73.6786,18.3544],[-73.6771,18.3549],[-73.6754,18.3557],[-73.6738,18.3562],[-73.6723,18.3605],[-73.6713,18.363],[-73.6699,18.3665],[-73.6678,18.3669],[-73.6638,18.3675],[-73.6618,18.368],[-73.6599,18.3679],[-73.6576,18.3676],[-73.6553,18.3668],[-73.6538,18.3655],[-73.6508,18.3667],[-73.6485,18.3692],[-73.6463,18.3706],[-73.6444,18.375],[-73.6414,18.3762],[-73.639,18.3766],[-73.6347,18.3715],[-73.6333,18.3705],[-73.6314,18.369],[-73.6293,18.3679],[-73.6263,18.3678]]]},"properties":{}},{"type":"Feature","geometry":{"type":"Polygon","coordinates":[[[-73.6414,18.2464],[-73.6422,18.2482],[-73.6435,18.2491],[-73.6444,18.2502],[-73.6452,18.2519],[-73.6466,18.2532],[-73.6482,18.2537],[-73.6501,18.2523],[-73.6504,18.2496],[-73.6513,18.2483],[-73.6506,18.2528],[-73.6498,18.2547],[-73.6487,18.2568],[-73.6476,18.2586],[-73.6488,18.2605],[-73.648,18.2618],[-73.6488,18.2638],[-73.6476,18.2651],[-73.6472,18.2681],[-73.6455,18.2696],[-73.6457,18.2715],[-73.6455,18.2745],[-73.6463,18.2762],[-73.6464,18.2793],[-73.6449,18.2804],[-73.6435,18.2811],[-73.6433,18.2833],[-73.6417,18.2849],[-73.6407,18.286],[-73.6385,18.2873],[-73.6375,18.2884],[-73.6356,18.2887],[-73.6359,18.2869],[-73.6364,18.2845],[-73.6382,18.2835],[-73.6398,18.2821],[-73.6401,18.2797],[-73.6392,18.2782],[-73.6389,18.2758],[-73.6399,18.2731],[-73.6388,18.2719],[-73.6372,18.2714],[-73.6377,18.2694],[-73.6362,18.2688],[-73.6346,18.2683],[-73.6366,18.2673],[-73.6369,18.2652],[-73.6385,18.2642],[-73.6395,18.2628],[-73.6411,18.2635],[-73.6405,18.2619],[-73.6412,18.2605],[-73.6426,18.2594],[-73.6412,18.2582],[-73.6414,18.2562],[-73.6403,18.2546],[-73.6389,18.2554],[-73.6396,18.2533],[-73.6409,18.2523],[-73.6429,18.2528],[-73.6434,18.2512],[-73.642,18.25],[-73.6409,18.2487],[-73.6416,18.2471],[-73.6414,18.2464]]]},"properties":{}},{"type":"Feature","geometry":{"type":"Polygon","coordinates":[[[-73.5452,18.2647],[-73.5431,18.2649],[-73.5412,18.2653],[-73.5403,18.2665],[-73.5382,18.2664],[-73.5369,18.2674],[-73.5363,18.2688],[-73.5355,18.2701],[-73.5345,18.2712],[-73.5338,18.2728],[-73.5319,18.2723],[-73.5299,18.2727],[-73.5281,18.273],[-73.5264,18.2736],[-73.525,18.2746],[-73.5237,18.2755],[-73.5224,18.2763],[-73.5214,18.2779],[-73.5216,18.2798],[-73.5229,18.2812],[-73.5233,18.2828],[-73.5226,18.2847],[-73.5216,18.2861],[-73.5201,18.2874],[-73.5208,18.2895],[-73.5224,18.2899],[-73.5241,18.2904],[-73.5256,18.2919],[-73.5278,18.2924],[-73.5287,18.2936],[-73.5247,18.2943],[-73.5226,18.2948],[-73.5205,18.2961],[-73.5176,18.2964],[-73.5157,18.2939],[-73.5133,18.2934],[-73.5111,18.294],[-73.5087,18.2939],[-73.51,18.2927],[-73.5112,18.2917],[-73.513,18.291],[-73.5131,18.289],[-73.5133,18.2867],[-73.5146,18.2857],[-73.5157,18.2869],[-73.5169,18.2878],[-73.5188,18.2868],[-73.5188,18.2845],[-73.5196,18.2831],[-73.52,18.2807],[-73.5194,18.2792],[-73.5185,18.2781],[-73.5184,18.2762],[-73.5188,18.2744],[-73.52,18.2733],[-73.5217,18.2727],[-73.5228,18.2716],[-73.5233,18.27],[-73.5219,18.269],[-73.5225,18.2673],[-73.5231,18.2659],[-73.5226,18.2644],[-73.523,18.2627],[-73.5227,18.2605],[-73.5244,18.26],[-73.5262,18.2594],[-73.5275,18.2603],[-73.5291,18.2612],[-73.5308,18.2607],[-73.5319,18.2591],[-73.5311,18.2577],[-73.5321,18.2567],[-73.5305,18.2556],[-73.529,18.255],[-73.5272,18.2541],[-73.5276,18.2521],[-73.5293,18.2517],[-73.5311,18.2523],[-73.5308,18.2503],[-73.5291,18.2498],[-73.53,18.2486],[-73.5311,18.2475],[-73.5325,18.2482],[-73.534,18.2487],[-73.5355,18.2497],[-73.5365,18.2486],[-73.5379,18.2493],[-73.5373,18.2509],[-73.5381,18.2525],[-73.5392,18.2536],[-73.5405,18.2546],[-73.5419,18.2553],[-73.5424,18.2571],[-73.543,18.2587],[-73.5441,18.2597],[-73.5457,18.2606],[-73.5475,18.2611],[-73.5493,18.2609],[-73.5509,18.2604],[-73.5521,18.2595],[-73.5543,18.2599],[-73.5547,18.2615],[-73.5532,18.2622],[-73.5538,18.2639],[-73.5544,18.2653],[-73.5523,18.265],[-73.5508,18.2644],[-73.5495,18.2652],[-73.5474,18.2652],[-73.546,18.2659],[-73.5452,18.2647]]]},"properties":{}},{"type":"Feature","geometry":{"type":"Polygon","coordinates":[[[-73.1986,18.8373],[-73.201,18.8366],[-73.2047,18.8351],[-73.2088,18.834],[-73.212,18.835],[-73.2141,18.8357],[-73.2163,18.8351],[-73.2183,18.8365],[-73.22,18.8395],[-73.2227,18.8419],[-73.2256,18.8452],[-73.2287,18.8485],[-73.2309,18.849],[-73.234,18.8485],[-73.2365,18.8484],[-73.2396,18.8516],[-73.2422,18.8549],[-73.2444,18.8569],[-73.2465,18.8611],[-73.2513,18.8658],[-73.2539,18.8693],[-73.2556,18.8732],[-73.2585,18.8774],[-73.2617,18.8816],[-73.2643,18.8842],[-73.2684,18.8881],[-73.2726,18.8907],[-73.2744,18.8912],[-73.2777,18.8933],[-73.2803,18.8945],[-73.2832,18.8965],[-73.2846,18.8985],[-73.2873,18.9008],[-73.2904,18.9026],[-73.293,18.9043],[-73.2967,18.9064],[-73.2988,18.9091],[-73.3006,18.9127],[-73.3012,18.9164],[-73.3008,18.9185],[-73.2994,18.9159],[-73.2976,18.9121],[-73.2955,18.9103],[-73.2915,18.9077],[-73.2883,18.9058],[-73.2825,18.9027],[-73.2786,18.9015],[-73.2751,18.9017],[-73.2719,18.9029],[-73.2694,18.9021],[-73.2679,18.9014],[-73.2634,18.8994],[-73.2602,18.8966],[-73.2562,18.8925],[-73.252,18.8868],[-73.2484,18.8798],[-73.246,18.8721],[-73.2425,18.8654],[-73.2406,18.8626],[-73.2382,18.8597],[-73.234,18.857],[-73.2301,18.8549],[-73.2273,18.8551],[-73.2248,18.8554],[-73.222,18.8554],[-73.2188,18.855],[-73.2161,18.8543],[-73.2135,18.8533],[-73.2121,18.8517],[-73.2105,18.8491],[-73.2104,18.847],[-73.2097,18.8457],[-73.2096,18.8438],[-73.2089,18.8414],[-73.2073,18.8403],[-73.2053,18.8401],[-73.2033,18.8396],[-73.2007,18.8404],[-73.1957,18.839],[-73.1945,18.838],[-73.1917,18.8384],[-73.1897,18.838],[-73.188,18.8376],[-73.1864,18.8368],[-73.1834,18.8357],[-73.182,18.8348],[-73.1809,18.8336],[-73.1787,18.8327],[-73.1768,18.8309],[-73.174,18.8297],[-73.1722,18.8293],[-73.1704,18.8275],[-73.1745,18.829],[-73.1769,18.8308],[-73.1809,18.8331],[-73.1828,18.8339],[-73.1853,18.8345],[-73.1877,18.8347],[-73.1902,18.8358],[-73.1916,18.8366],[-73.1943,18.8369],[-73.1974,18.8369],[-73.1986,18.8373]]]},"properties":{}},{"type":"Feature","geometry":{"type":"Polygon","coordinates":[[[-72.9989,18.8938],[-72.997,18.8922],[-72.9959,18.8905],[-72.9957,18.888],[-72.995,18.8863],[-72.9941,18.884],[-72.9916,18.8823],[-72.9896,18.8822],[-72.9907,18.8812],[-72.9924,18.8808],[-72.9909,18.8799],[-72.9894,18.8807],[-72.9872,18.8809],[-72.9854,18.8803],[-72.9827,18.8789],[-72.981,18.8784],[-72.9773,18.8766],[-72.976,18.8757],[-72.9739,18.8744],[-72.9732,18.8725],[-72.9715,18.8729],[-72.9691,18.872],[-72.9672,18.871],[-72.9648,18.8702],[-72.9626,18.8701],[-72.9604,18.8697],[-72.9582,18.8688],[-72.9567,18.8678],[-72.9529,18.8651],[-72.9504,18.8642],[-72.9474,18.8644],[-72.945,18.8639],[-72.9432,18.8625],[-72.9411,18.8616],[-72.9395,18.8599],[-72.9377,18.8579],[-72.9355,18.8585],[-72.9331,18.8585],[-72.9312,18.858],[-72.9276,18.8573],[-72.9247,18.8566],[-72.9252,18.8551],[-72.9238,18.8536],[-72.922,18.853],[-72.9204,18.8522],[-72.9174,18.8523],[-72.9157,18.8519],[-72.9135,18.852],[-72.9114,18.8516],[-72.9099,18.8528],[-72.9089,18.8512],[-72.9089,18.8534],[-72.9063,18.8529],[-72.9036,18.8533],[-72.9022,18.854],[-72.9006,18.8534],[-72.8992,18.8526],[-72.8966,18.851],[-72.8948,18.8501],[-72.8923,18.8495],[-72.8902,18.8491],[-72.8868,18.8475],[-72.8845,18.8467],[-72.881,18.8453],[-72.8828,18.8456],[-72.8861,18.8465],[-72.8885,18.8478],[-72.8903,18.8474],[-72.8895,18.846],[-72.8874,18.8455],[-72.8852,18.8455],[-72.8836,18.8449],[-72.8816,18.8441],[-72.8786,18.8437],[-72.8766,18.8439],[-72.8743,18.8437],[-72.8715,18.8429],[-72.8693,18.8423],[-72.8667,18.8409],[-72.8582,18.8359],[-72.8589,18.8342],[-72.8611,18.8343],[-72.8632,18.8357],[-72.8657,18.8362],[-72.8703,18.8364],[-72.8739,18.8363],[-72.876,18.8373],[-72.8774,18.8384],[-72.8792,18.8399],[-72.881,18.8406],[-72.8832,18.8416],[-72.8859,18.8425],[-72.8896,18.8434],[-72.8922,18.8437],[-72.8952,18.8455],[-72.8982,18.847],[-72.9013,18.847],[-72.9045,18.8479],[-72.9061,18.8487],[-72.9096,18.8492],[-72.9123,18.8493],[-72.9156,18.8494],[-72.9191,18.849],[-72.9218,18.8502],[-72.9254,18.8525],[-72.9274,18.8539],[-72.9292,18.8544],[-72.932,18.8549],[-72.935,18.8553],[-72.939,18.856],[-72.9416,18.8576],[-72.9437,18.8601],[-72.9493,18.8627],[-72.9519,18.8628],[-72.9548,18.8627],[-72.9572,18.8648],[-72.9578,18.8666],[-72.9602,18.8679],[-72.9626,18.8686],[-72.9661,18.8687],[-72.9688,18.8673],[-72.9707,18.8661],[-72.9756,18.8659],[-72.977,18.8676],[-72.9777,18.8705],[-72.9798,18.8734],[-72.9824,18.875],[-72.9851,18.8757],[-72.9874,18.8759],[-72.9897,18.8759],[-72.9921,18.8757],[-72.9947,18.8757],[-72.9962,18.877],[-72.9971,18.8795],[-72.998,18.8809],[-73.0006,18.8815],[-73.0018,18.8827],[-73.0028,18.8843],[-73.0041,18.8862],[-73.005,18.8878],[-73.0067,18.8899],[-73.0074,18.8913],[-73.0097,18.8936],[-73.0111,18.8947],[-73.0123,18.8964],[-73.0131,18.8984],[-73.0143,18.9001],[-73.0177,18.9014],[-73.0155,18.9014],[-73.0126,18.8994],[-73.0112,18.8985],[-73.0094,18.8975],[-73.0059,18.8969],[-73.0046,18.8961],[-73.0028,18.8953],[-73.0001,18.8942],[-72.9989,18.8938]]]},"properties":{}},{"type":"Feature","geometry":{"type":"Polygon","coordinates":[[[-72.9292,18.2592],[-72.9276,18.258],[-72.925,18.2564],[-72.9248,18.2535],[-72.9238,18.2498],[-72.9228,18.2479],[-72.9217,18.2465],[-72.9189,18.2454],[-72.9171,18.2449],[-72.914,18.244],[-72.9129,18.2458],[-72.9101,18.2444],[-72.9082,18.2447],[-72.906,18.246],[-72.9048,18.245],[-72.903,18.244],[-72.9014,18.246],[-72.8995,18.244],[-72.8975,18.2424],[-72.895,18.2419],[-72.8915,18.2405],[-72.8885,18.2395],[-72.8863,18.2388],[-72.8841,18.2382],[-72.883,18.2364],[-72.8795,18.2355],[-72.878,18.2344],[-72.8752,18.2333],[-72.8726,18.2322],[-72.8716,18.2305],[-72.8693,18.2303],[-72.8672,18.2298],[-72.8654,18.2291],[-72.8633,18.2283],[-72.8623,18.2266],[-72.8614,18.2255],[-72.8603,18.2244],[-72.8585,18.2214],[-72.858,18.2196],[-72.8569,18.2174],[-72.8573,18.2153],[-72.8553,18.2149],[-72.8535,18.2157],[-72.8525,18.2169],[-72.8515,18.2181],[-72.8493,18.2181],[-72.8467,18.2176],[-72.8449,18.217],[-72.8435,18.2162],[-72.8417,18.2152],[-72.8388,18.2132],[-72.8359,18.2119],[-72.8339,18.2118],[-72.8319,18.2116],[-72.8287,18.2116],[-72.826,18.2109],[-72.8245,18.2098],[-72.8223,18.2092],[-72.8194,18.2086],[-72.8178,18.2076],[-72.8164,18.207],[-72.8143,18.2048],[-72.8128,18.2029],[-72.8126,18.2003],[-72.8134,18.1973],[-72.8133,18.195],[-72.8114,18.1948],[-72.8098,18.1938],[-72.8077,18.1933],[-72.8046,18.1937],[-72.8019,18.193],[-72.8004,18.1935],[-72.7976,18.1937],[-72.7961,18.1951],[-72.7971,18.1931],[-72.7966,18.1914],[-72.7949,18.191],[-72.7928,18.1905],[-72.7916,18.1896],[-72.7918,18.1869],[-72.7909,18.1846],[-72.7886,18.1853],[-72.7863,18.1856],[-72.7836,18.1849],[-72.7815,18.1832],[-72.7798,18.182],[-72.7778,18.1812],[-72.7753,18.1803],[-72.7718,18.1801],[-72.7685,18.18],[-72.7663,18.18],[-72.7643,18.1808],[-72.7623,18.1809],[-72.7594,18.181],[-72.757,18.1824],[-72.7556,18.1834],[-72.7538,18.1842],[-72.7525,18.1854],[-72.7512,18.1863],[-72.7492,18.1872],[-72.7479,18.185],[-72.7498,18.1838],[-72.752,18.1832],[-72.7541,18.1817],[-72.7556,18.1799],[-72.7577,18.1776],[-72.7593,18.1755],[-72.7617,18.1772],[-72.7652,18.1774],[-72.7655,18.1757],[-72.7674,18.1755],[-72.77,18.1752],[-72.7728,18.1758],[-72.7747,18.1774],[-72.7764,18.1777],[-72.7793,18.1788],[-72.7818,18.181],[-72.7835,18.182],[-72.7853,18.1832],[-72.7881,18.1832],[-72.7895,18.1824],[-72.7917,18.1801],[-72.7934,18.1813],[-72.7942,18.1839],[-72.7946,18.1867],[-72.7969,18.1894],[-72.7989,18.1898],[-72.8013,18.1902],[-72.8038,18.1907],[-72.8067,18.191],[-72.8096,18.1902],[-72.8129,18.1912],[-72.8145,18.1921],[-72.8157,18.1939],[-72.8156,18.1972],[-72.816,18.1996],[-72.8171,18.2014],[-72.8181,18.2024],[-72.8201,18.204],[-72.8209,18.2055],[-72.8242,18.206],[-72.8262,18.2062],[-72.8277,18.2069],[-72.8289,18.2079],[-72.8306,18.2086],[-72.8327,18.2091],[-72.8346,18.21],[-72.837,18.2101],[-72.8385,18.2109],[-72.8401,18.2122],[-72.842,18.2128],[-72.844,18.2145],[-72.8466,18.2157],[-72.8496,18.2161],[-72.8521,18.2145],[-72.8532,18.2133],[-72.8543,18.212],[-72.8577,18.2124],[-72.8592,18.2129],[-72.8608,18.2164],[-72.8622,18.2185],[-72.8631,18.2207],[-72.8648,18.2235],[-72.8666,18.2252],[-72.8693,18.2267],[-72.8719,18.2274],[-72.8753,18.2283],[-72.877,18.2291],[-72.8788,18.2303],[-72.8821,18.2318],[-72.8861,18.2318],[-72.8876,18.2323],[-72.8892,18.2331],[-72.8913,18.2341],[-72.8937,18.2353],[-72.8952,18.2362],[-72.8968,18.2367],[-72.8982,18.2382],[-72.9004,18.2387],[-72.9019,18.24],[-72.9047,18.2419],[-72.906,18.2429],[-72.9082,18.243],[-72.9108,18.242],[-72.9144,18.2416],[-72.9177,18.2417],[-72.92,18.242],[-72.9206,18.2436],[-72.9227,18.2437],[-72.9239,18.2446],[-72.9268,18.2455],[-72.9276,18.2468],[-72.9287,18.2485],[-72.9307,18.251],[-72.9318,18.2522],[-72.9344,18.2533],[-72.9362,18.2526],[-72.9389,18.2523],[-72.9417,18.2514],[-72.9447,18.2509],[-72.947,18.252],[-72.9453,18.2538],[-72.9431,18.2538],[-72.9405,18.2548],[-72.9381,18.2556],[-72.937,18.2566],[-72.9348,18.2563],[-72.9322,18.2562],[-72.9309,18.2574],[-72.9312,18.2603],[-72.9318,18.2622],[-72.9309,18.2646],[-72.9308,18.2623],[-72.9298,18.261],[-72.9292,18.2592]]]},"properties":{}},{"type":"Feature","geometry":{"type":"Polygon","coordinates":[[[-72.0145,18.2475],[-72.0116,18.2474],[-72.0087,18.2467],[-72.0069,18.246],[-72.0059,18.2437],[-72.0076,18.2407],[-72.0099,18.2382],[-72.0117,18.2359],[-72.0143,18.2342],[-72.0157,18.235],[-72.0152,18.2379],[-72.0154,18.2401],[-72.0163,18.2414],[-72.0173,18.244],[-72.0161,18.2459],[-72.0145,18.2475]]]},"properties":{}},{"type":"Feature","geometry":{"type":"Polygon","coordinates":[[[-72.9052,18.4427],[-72.9051,18.4395],[-72.9039,18.4386],[-72.902,18.4373],[-72.899,18.4373],[-72.8993,18.4339],[-72.8989,18.4321],[-72.8971,18.4294],[-72.8955,18.4273],[-72.8929,18.4253],[-72.8911,18.4247],[-72.888,18.4246],[-72.8855,18.4257],[-72.8816,18.4254],[-72.8781,18.4247],[-72.8763,18.4252],[-72.8732,18.4269],[-72.8719,18.4279],[-72.8708,18.4297],[-72.8695,18.4311],[-72.8681,18.4334],[-72.8667,18.4351],[-72.8651,18.436],[-72.8636,18.4369],[-72.8613,18.4389],[-72.8593,18.4405],[-72.8577,18.4426],[-72.8558,18.4436],[-72.8525,18.4437],[-72.8504,18.444],[-72.8491,18.4448],[-72.8475,18.4444],[-72.8463,18.4425],[-72.8443,18.4419],[-72.8428,18.4414],[-72.8435,18.4401],[-72.8454,18.4404],[-72.8471,18.4396],[-72.8466,18.4375],[-72.8489,18.437],[-72.8492,18.4349],[-72.8481,18.4338],[-72.8477,18.4309],[-72.8505,18.4293],[-72.853,18.4296],[-72.8548,18.4306],[-72.8581,18.4296],[-72.8604,18.4289],[-72.8624,18.4283],[-72.8664,18.4264],[-72.8676,18.4253],[-72.8687,18.4239],[-72.8698,18.4219],[-72.8718,18.4208],[-72.875,18.4204],[-72.8784,18.4197],[-72.8817,18.4174],[-72.8845,18.4158],[-72.8864,18.4153],[-72.8887,18.4171],[-72.892,18.4225],[-72.8943,18.4224],[-72.8974,18.4215],[-72.9014,18.4214],[-72.9049,18.4212],[-72.908,18.42],[-72.9118,18.4192],[-72.9149,18.4194],[-72.9184,18.4192],[-72.9196,18.4179],[-72.9205,18.4157],[-72.9213,18.4142],[-72.9233,18.4122],[-72.9254,18.4122],[-72.9285,18.4134],[-72.9305,18.4148],[-72.934,18.4146],[-72.9377,18.4148],[-72.9396,18.4156],[-72.9428,18.4157],[-72.9465,18.4157],[-72.9486,18.4158],[-72.9525,18.4154],[-72.9536,18.4171],[-72.9525,18.4192],[-72.9506,18.4205],[-72.9482,18.4212],[-72.9459,18.4215],[-72.943,18.4213],[-72.9397,18.4209],[-72.9376,18.4239],[-72.9345,18.4251],[-72.9312,18.426],[-72.9282,18.4279],[-72.9257,18.4313],[-72.9228,18.4342],[-72.921,18.4364],[-72.9173,18.4385],[-72.9094,18.4405],[-72.9052,18.4427]]]},"properties":{}},{"type":"Feature","geometry":{"type":"Polygon","coordinates":[[[-73.3573,18.4827],[-73.3589,18.4835],[-73.3589,18.4876],[-73.3583,18.4895],[-73.3586,18.4916],[-73.3596,18.4929],[-73.3611,18.4941],[-73.3608,18.496],[-73.3587,18.4985],[-73.3542,18.4992],[-73.3512,18.4992],[-73.3495,18.5005],[-73.348,18.5021],[-73.3456,18.5036],[-73.3441,18.5049],[-73.342,18.5047],[-73.3379,18.5043],[-73.3334,18.5034],[-73.3305,18.5026],[-73.3323,18.5009],[-73.3345,18.4993],[-73.3357,18.4976],[-73.3358,18.4948],[-73.3363,18.4925],[-73.339,18.4941],[-73.3406,18.4953],[-73.3431,18.4932],[-73.3451,18.4914],[-73.3466,18.4924],[-73.3498,18.4925],[-73.352,18.4919],[-73.3538,18.4915],[-73.3556,18.4897],[-73.3568,18.4885],[-73.3559,18.4852],[-73.3564,18.4831],[-73.3573,18.4827]]]},"properties":{}},{"type":"Feature","geometry":{"type":"Polygon","coordinates":[[[-72.7483,19.0014],[-72.7455,19],[-72.7436,18.998],[-72.7421,18.9969],[-72.7387,18.9982],[-72.7368,18.9997],[-72.7349,19.0005],[-72.731,19.0008],[-72.728,19.0005],[-72.7272,18.9989],[-72.731,18.999],[-72.7347,18.9984],[-72.7371,18.9975],[-72.7387,18.9964],[-72.7383,18.9937],[-72.7374,18.9919],[-72.7362,18.9908],[-72.7344,18.9912],[-72.7345,18.9881],[-72.7331,18.9861],[-72.7321,18.9848],[-72.731,18.9836],[-72.7304,18.9821],[-72.7283,18.9778],[-72.7274,18.9757],[-72.7263,18.9737],[-72.725,18.9721],[-72.7232,18.9709],[-72.7218,18.9717],[-72.7199,18.9711],[-72.7205,18.9686],[-72.7221,18.9663],[-72.721,18.9636],[-72.7184,18.9613],[-72.7163,18.9592],[-72.7146,18.9584],[-72.7119,18.9556],[-72.7101,18.9547],[-72.7081,18.9538],[-72.706,18.9524],[-72.7052,18.9546],[-72.7036,18.9554],[-72.7024,18.9544],[-72.7005,18.9536],[-72.6988,18.9529],[-72.6994,18.9511],[-72.6995,18.9492],[-72.6979,18.9469],[-72.6961,18.9454],[-72.6944,18.9445],[-72.6926,18.9434],[-72.6906,18.9435],[-72.6891,18.9425],[-72.6861,18.9405],[-72.6836,18.9393],[-72.6815,18.9377],[-72.68,18.9359],[-72.6785,18.9349],[-72.6813,18.935],[-72.6847,18.9368],[-72.6879,18.9389],[-72.6908,18.9412],[-72.6936,18.9414],[-72.6955,18.9422],[-72.698,18.9423],[-72.6997,18.9413],[-72.7022,18.9409],[-72.7048,18.9413],[-72.7066,18.9422],[-72.7097,18.9424],[-72.7114,18.9435],[-72.712,18.9454],[-72.7134,18.9476],[-72.7143,18.9489],[-72.7169,18.9497],[-72.7186,18.9504],[-72.721,18.9515],[-72.723,18.9523],[-72.727,18.9532],[-72.7273,18.9572],[-72.728,18.9588],[-72.7286,18.9609],[-72.7291,18.9626],[-72.7294,18.9646],[-72.7289,18.9661],[-72.7283,18.9682],[-72.7287,18.9716],[-72.7294,18.9733],[-72.7308,18.9747],[-72.7321,18.9763],[-72.733,18.979],[-72.7343,18.9811],[-72.7354,18.9825],[-72.7374,18.9836],[-72.7372,18.9856],[-72.7378,18.989],[-72.7395,18.9918],[-72.7412,18.9929],[-72.7437,18.9945],[-72.7457,18.9976],[-72.7472,18.9987],[-72.7494,19.0003],[-72.7483,19.0014]]]},"properties":{}},{"type":"Feature","geometry":{"type":"Polygon","coordinates":[[[-72.7552,19.0212],[-72.7542,19.0225],[-72.7515,19.0217],[-72.7495,19.0229],[-72.7486,19.0242],[-72.7472,19.0255],[-72.7451,19.0269],[-72.7434,19.0247],[-72.7428,19.0232],[-72.7438,19.0218],[-72.7456,19.0193],[-72.7423,19.019],[-72.7408,19.0178],[-72.7395,19.0166],[-72.7371,19.0154],[-72.7357,19.0145],[-72.7346,19.0135],[-72.7314,19.0126],[-72.7311,19.0097],[-72.7329,19.0083],[-72.7344,19.0071],[-72.7358,19.0054],[-72.7386,19.0045],[-72.7413,19.0044],[-72.7433,19.0053],[-72.743,19.0079],[-72.7433,19.01],[-72.7426,19.0127],[-72.7438,19.0138],[-72.7463,19.0136],[-72.7494,19.0132],[-72.7514,19.0147],[-72.7536,19.0157],[-72.7544,19.0172],[-72.7562,19.0202],[-72.7552,19.0212]]]},"properties":{}},{"type":"Feature","geometry":{"type":"Polygon","coordinates":[[[-72.3738,18.7235],[-72.3723,18.7246],[-72.3706,18.7254],[-72.3688,18.7246],[-72.3691,18.7224],[-72.3681,18.721],[-72.3666,18.7198],[-72.3646,18.7186],[-72.3622,18.7173],[-72.3609,18.7161],[-72.3601,18.7146],[-72.3605,18.7119],[-72.3633,18.7129],[-72.3656,18.7125],[-72.3692,18.7128],[-72.3714,18.7138],[-72.3708,18.7162],[-72.373,18.7136],[-72.3736,18.7119],[-72.3742,18.7105],[-72.3749,18.709],[-72.3745,18.7062],[-72.377,18.7057],[-72.3796,18.7062],[-72.3801,18.7086],[-72.3784,18.7095],[-72.3798,18.7104],[-72.381,18.7075],[-72.382,18.7061],[-72.3834,18.7072],[-72.382,18.71],[-72.3828,18.7119],[-72.3834,18.7158],[-72.3831,18.7192],[-72.3828,18.7212],[-72.3802,18.7227],[-72.3783,18.7239],[-72.3762,18.7236],[-72.3738,18.7235]]]},"properties":{}},{"type":"Feature","geometry":{"type":"Polygon","coordinates":[[[-72.4697,19.5999],[-72.4671,19.6007],[-72.465,19.6015],[-72.4643,19.6],[-72.4657,19.5982],[-72.4669,19.5971],[-72.4685,19.5948],[-72.469,19.5926],[-72.4695,19.5899],[-72.4688,19.588],[-72.4677,19.586],[-72.4678,19.5834],[-72.47,19.5824],[-72.4695,19.5798],[-72.4665,19.58],[-72.4638,19.5778],[-72.4632,19.5754],[-72.4628,19.5734],[-72.4611,19.5723],[-72.4589,19.5716],[-72.4618,19.5712],[-72.464,19.572],[-72.4654,19.5729],[-72.4673,19.5746],[-72.4675,19.5766],[-72.4695,19.5763],[-72.4702,19.5746],[-72.4717,19.5736],[-72.473,19.5725],[-72.4735,19.5703],[-72.4749,19.5687],[-72.4775,19.5695],[-72.4795,19.5691],[-72.4813,19.5695],[-72.4826,19.5688],[-72.485,19.5685],[-72.4844,19.5704],[-72.4834,19.5724],[-72.4823,19.5745],[-72.4808,19.576],[-72.4786,19.5774],[-72.4762,19.5799],[-72.4751,19.5813],[-72.4745,19.5837],[-72.4747,19.5861],[-72.4766,19.5882],[-72.475,19.5886],[-72.4737,19.5903],[-72.4736,19.5928],[-72.4727,19.594],[-72.4724,19.5959],[-72.4729,19.5976],[-72.4751,19.5994],[-72.4772,19.6],[-72.4784,19.6009],[-72.4762,19.6023],[-72.4746,19.6037],[-72.4728,19.6016],[-72.4709,19.6],[-72.4697,19.5999]]]},"properties":{}},{"type":"Feature","geometry":{"type":"Polygon","coordinates":[[[-72.8213,18.7137],[-72.8204,18.712],[-72.8179,18.7108],[-72.8164,18.7098],[-72.8163,18.7071],[-72.8167,18.7054],[-72.8178,18.7031],[-72.8191,18.7023],[-72.8211,18.7017],[-72.8212,18.7036],[-72.8211,18.7063],[-72.8225,18.705],[-72.8234,18.7038],[-72.825,18.7051],[-72.8249,18.7085],[-72.825,18.7105],[-72.8242,18.7127],[-72.8213,18.7137]]]},"properties":{}},{"type":"Feature","geometry":{"type":"Polygon","coordinates":[[[-72.4957,19.4973],[-72.4931,19.4967],[-72.4908,19.4964],[-72.4893,19.4953],[-72.4888,19.4921],[-72.4885,19.49],[-72.4873,19.4876],[-72.4849,19.4874],[-72.4838,19.4861],[-72.4823,19.485],[-72.4803,19.4841],[-72.4794,19.4824],[-72.4775,19.4815],[-72.4755,19.4829],[-72.473,19.4827],[-72.47,19.4835],[-72.4683,19.4826],[-72.4671,19.4815],[-72.4661,19.4798],[-72.4657,19.478],[-72.4673,19.4773],[-72.4692,19.478],[-72.469,19.4798],[-72.4702,19.4809],[-72.4726,19.4807],[-72.4743,19.4797],[-72.477,19.4793],[-72.4792,19.4791],[-72.4812,19.4786],[-72.4832,19.4787],[-72.4852,19.4793],[-72.4866,19.4802],[-72.4876,19.4816],[-72.4887,19.4826],[-72.4889,19.4845],[-72.4901,19.4861],[-72.4918,19.488],[-72.4917,19.491],[-72.4911,19.4931],[-72.4919,19.495],[-72.4939,19.4948],[-72.4958,19.495],[-72.4982,19.496],[-72.4987,19.4995],[-72.4956,19.499],[-72.4957,19.4973]]]},"properties":{}},{"type":"Feature","geometry":{"type":"Polygon","coordinates":[[[-72.3325,18.8548],[-72.3297,18.8538],[-72.3275,18.8539],[-72.3252,18.8539],[-72.3217,18.8528],[-72.3197,18.8529],[-72.3179,18.8526],[-72.3149,18.8527],[-72.3149,18.8556],[-72.3128,18.8567],[-72.3105,18.8553],[-72.309,18.8547],[-72.3076,18.8558],[-72.3067,18.8538],[-72.3056,18.8521],[-72.3035,18.8522],[-72.3019,18.851],[-72.2995,18.8498],[-72.2965,18.8492],[-72.2938,18.848],[-72.2935,18.8455],[-72.2942,18.8436],[-72.2933,18.8419],[-72.2919,18.8426],[-72.2905,18.8402],[-72.2899,18.8384],[-72.2924,18.8375],[-72.2929,18.8352],[-72.2919,18.8317],[-72.2928,18.8296],[-72.2944,18.8304],[-72.2955,18.8324],[-72.2961,18.8339],[-72.2966,18.8354],[-72.2969,18.8377],[-72.2981,18.8396],[-72.2995,18.8409],[-72.3009,18.8419],[-72.3026,18.843],[-72.3039,18.8441],[-72.3057,18.8457],[-72.3073,18.8462],[-72.3103,18.8462],[-72.3123,18.8472],[-72.3159,18.8483],[-72.3177,18.849],[-72.3193,18.8501],[-72.3205,18.8513],[-72.322,18.8505],[-72.3242,18.8519],[-72.3264,18.8524],[-72.3289,18.8521],[-72.3305,18.8526],[-72.3318,18.8539],[-72.3325,18.8548]]]},"properties":{}}]}