categorie,type_organisation,acronyme,nom,secteur,departement,pcode_departement,commune,pcode_commune,methode_rattachement,source_id,source,millesime,date_extraction,statut_valeur,niveau_qualite,version
Organisations humanitaires et de développement,ONG internationale,Plan-I,Plan International,Education,Sud-Est,HT02,Jacmel,HT0211,p-code officiel de la table Admin du fichier OCHA,SRC-026,"OCHA Haïti — 3W présence opérationnelle, juin 2026 (CC BY)",juin 2026,2026-08-14,O,B,v1.2026.08
Organisations humanitaires et de développement,ONG internationale,WVI,World Vision International,Education,Ouest,HT01,Anse à Galets,HT0151,p-code officiel de la table Admin du fichier OCHA,SRC-026,"OCHA Haïti — 3W présence opérationnelle, juin 2026 (CC BY)",juin 2026,2026-08-14,O,B,v1.2026.08
Organisations humanitaires et de développement,ONG internationale,SCI,Save The Children International,Education,Sud,HT07,Les Cayes,HT0711,p-code officiel de la table Admin du fichier OCHA,SRC-026,"OCHA Haïti — 3W présence opérationnelle, juin 2026 (CC BY)",juin 2026,2026-08-14,O,B,v1.2026.08
Organisations humanitaires et de développement,ONG internationale,SCI,Save The Children International,Education,Grande'Anse,HT08,Beaumont,HT0833,p-code officiel de la table Admin du fichier OCHA,SRC-026,"OCHA Haïti — 3W présence opérationnelle, juin 2026 (CC BY)",juin 2026,2026-08-14,O,B,v1.2026.08
Organisations humanitaires et de développement,ONG internationale,SCI,Save The Children International,Education,Grande'Anse,HT08,Pestel,HT0834,p-code officiel de la table Admin du fichier OCHA,SRC-026,"OCHA Haïti — 3W présence opérationnelle, juin 2026 (CC BY)",juin 2026,2026-08-14,O,B,v1.2026.08
Organisations humanitaires et de développement,ONG internationale,SCI,Save The Children International,Education,Ouest,HT01,Port-au-Prince,HT0111,p-code officiel de la table Admin du fichier OCHA,SRC-026,"OCHA Haïti — 3W présence opérationnelle, juin 2026 (CC BY)",juin 2026,2026-08-14,O,B,v1.2026.08
Organisations humanitaires et de développement,ONG nationale,PRODEV,Fondation Progrès et Développement,Education,Grande'Anse,HT08,Beaumont,HT0833,p-code officiel de la table Admin du fichier OCHA,SRC-026,"OCHA Haïti — 3W présence opérationnelle, juin 2026 (CC BY)",juin 2026,2026-08-14,O,B,v1.2026.08
Organisations humanitaires et de développement,ONG nationale,PRODEV,Fondation Progrès et Développement,Education,Sud,HT07,Les Cayes,HT0711,p-code officiel de la table Admin du fichier OCHA,SRC-026,"OCHA Haïti — 3W présence opérationnelle, juin 2026 (CC BY)",juin 2026,2026-08-14,O,B,v1.2026.08
Organisations humanitaires et de développement,ONG nationale,PRODEV,Fondation Progrès et Développement,Education,Grande'Anse,HT08,Pestel,HT0834,p-code officiel de la table Admin du fichier OCHA,SRC-026,"OCHA Haïti — 3W présence opérationnelle, juin 2026 (CC BY)",juin 2026,2026-08-14,O,B,v1.2026.08
Organisations humanitaires et de développement,ONG nationale,PRODEV,Fondation Progrès et Développement,Education,Sud,HT07,Camp-Perrin,HT0714,p-code officiel de la table Admin du fichier OCHA,SRC-026,"OCHA Haïti — 3W présence opérationnelle, juin 2026 (CC BY)",juin 2026,2026-08-14,O,B,v1.2026.08
Organisations humanitaires et de développement,ONG nationale,PRODEV,Fondation Progrès et Développement,Education,Sud,HT07,Maniche,HT0715,p-code officiel de la table Admin du fichier OCHA,SRC-026,"OCHA Haïti — 3W présence opérationnelle, juin 2026 (CC BY)",juin 2026,2026-08-14,O,B,v1.2026.08
Organisations humanitaires et de développement,ONG nationale,PRODEV,Fondation Progrès et Développement,Education,Sud,HT07,Torbeck,HT0712,p-code officiel de la table Admin du fichier OCHA,SRC-026,"OCHA Haïti — 3W présence opérationnelle, juin 2026 (CC BY)",juin 2026,2026-08-14,O,B,v1.2026.08
Organisations humanitaires et de développement,ONG nationale,PRODEV,Fondation Progrès et Développement,Education,Grande'Anse,HT08,Corail,HT0831,p-code officiel de la table Admin du fichier OCHA,SRC-026,"OCHA Haïti — 3W présence opérationnelle, juin 2026 (CC BY)",juin 2026,2026-08-14,O,B,v1.2026.08
Organisations humanitaires et de développement,ONG nationale,CADEH,Coordination des Actions pour le Développement Humain,Education,Ouest,HT01,Pétion-Ville,HT0114,p-code officiel de la table Admin du fichier OCHA,SRC-026,"OCHA Haïti — 3W présence opérationnelle, juin 2026 (CC BY)",juin 2026,2026-08-14,O,B,v1.2026.08
Organisations humanitaires et de développement,ONG nationale,PRODEV,Fondation Progrès et Développement,Education,Ouest,HT01,Port-au-Prince,HT0111,p-code officiel de la table Admin du fichier OCHA,SRC-026,"OCHA Haïti — 3W présence opérationnelle, juin 2026 (CC BY)",juin 2026,2026-08-14,O,B,v1.2026.08
Organisations humanitaires et de développement,ONG internationale,Plan-I,Plan International,Education,Grande'Anse,HT08,Beaumont,HT0833,p-code officiel de la table Admin du fichier OCHA,SRC-026,"OCHA Haïti — 3W présence opérationnelle, juin 2026 (CC BY)",juin 2026,2026-08-14,O,B,v1.2026.08
Organisations humanitaires et de développement,ONG nationale,APADEH,Action Pastorale pour le Developpement Humain,Education,Sud-Est,HT02,Jacmel,HT0211,p-code officiel de la table Admin du fichier OCHA,SRC-026,"OCHA Haïti — 3W présence opérationnelle, juin 2026 (CC BY)",juin 2026,2026-08-14,O,B,v1.2026.08
Organisations humanitaires et de développement,Nations unies,UNICEF,Fonds des Nations unies pour l'enfance,Education,Ouest,HT01,Port-au-Prince,HT0111,p-code officiel de la table Admin du fichier OCHA,SRC-026,"OCHA Haïti — 3W présence opérationnelle, juin 2026 (CC BY)",juin 2026,2026-08-14,O,B,v1.2026.08
Organisations humanitaires et de développement,Nations unies,UNICEF,Fonds des Nations unies pour l'enfance,Education,Artibonite,HT05,Gonaïves,HT0511,p-code officiel de la table Admin du fichier OCHA,SRC-026,"OCHA Haïti — 3W présence opérationnelle, juin 2026 (CC BY)",juin 2026,2026-08-14,O,B,v1.2026.08
Organisations humanitaires et de développement,Nations unies,UNICEF,Fonds des Nations unies pour l'enfance,Education,Nord-Ouest,HT09,Port-de-Paix,HT0911,p-code officiel de la table Admin du fichier OCHA,SRC-026,"OCHA Haïti — 3W présence opérationnelle, juin 2026 (CC BY)",juin 2026,2026-08-14,O,B,v1.2026.08
Organisations humanitaires et de développement,Nations unies,UNICEF,Fonds des Nations unies pour l'enfance,Education,Nord-Est,HT04,Fort-Liberté,HT0411,p-code officiel de la table Admin du fichier OCHA,SRC-026,"OCHA Haïti — 3W présence opérationnelle, juin 2026 (CC BY)",juin 2026,2026-08-14,O,B,v1.2026.08
Organisations humanitaires et de développement,ONG internationale,Plan-I,Plan International,Education,Nord-Ouest,HT09,Port-de-Paix,HT0911,p-code officiel de la table Admin du fichier OCHA,SRC-026,"OCHA Haïti — 3W présence opérationnelle, juin 2026 (CC BY)",juin 2026,2026-08-14,O,B,v1.2026.08
Organisations humanitaires et de développement,ONG internationale,TdH-CH,Terre des Hommes Suisse,Education,Sud-Est,HT02,Jacmel,HT0211,p-code officiel de la table Admin du fichier OCHA,SRC-026,"OCHA Haïti — 3W présence opérationnelle, juin 2026 (CC BY)",juin 2026,2026-08-14,O,B,v1.2026.08
Organisations humanitaires et de développement,ONG internationale,TdH-CH,Terre des Hommes Suisse,Education,Ouest,HT01,Léogâne,HT0121,p-code officiel de la table Admin du fichier OCHA,SRC-026,"OCHA Haïti — 3W présence opérationnelle, juin 2026 (CC BY)",juin 2026,2026-08-14,O,B,v1.2026.08
Organisations humanitaires et de développement,ONG nationale,CADEH,Coordination des Actions pour le Développement Humain,Education,Ouest,HT01,Léogâne,HT0121,p-code officiel de la table Admin du fichier OCHA,SRC-026,"OCHA Haïti — 3W présence opérationnelle, juin 2026 (CC BY)",juin 2026,2026-08-14,O,B,v1.2026.08
Organisations humanitaires et de développement,ONG nationale,OCCED'H,Organisation des Cœurs pour le Changement des Enfants Démunis d’Haïti,Education,Ouest,HT01,Pétion-Ville,HT0114,p-code officiel de la table Admin du fichier OCHA,SRC-026,"OCHA Haïti — 3W présence opérationnelle, juin 2026 (CC BY)",juin 2026,2026-08-14,O,B,v1.2026.08
Organisations humanitaires et de développement,ONG internationale,WVI,World Vision International,Education,Ouest,HT01,Delmas,HT0112,p-code officiel de la table Admin du fichier OCHA,SRC-026,"OCHA Haïti — 3W présence opérationnelle, juin 2026 (CC BY)",juin 2026,2026-08-14,O,B,v1.2026.08
Organisations humanitaires et de développement,ONG nationale,PRODEV,Fondation Progrès et Développement,Education,Sud,HT07,Cavaillon,HT0733,p-code officiel de la table Admin du fichier OCHA,SRC-026,"OCHA Haïti — 3W présence opérationnelle, juin 2026 (CC BY)",juin 2026,2026-08-14,O,B,v1.2026.08
Organisations humanitaires et de développement,ONG nationale,CADEH,Coordination des Actions pour le Développement Humain,Education,Ouest,HT01,Delmas,HT0112,p-code officiel de la table Admin du fichier OCHA,SRC-026,"OCHA Haïti — 3W présence opérationnelle, juin 2026 (CC BY)",juin 2026,2026-08-14,O,B,v1.2026.08
Organisations humanitaires et de développement,ONG internationale,WS,World Share Haiti,Education,Ouest,HT01,Anse à Galets,HT0151,p-code officiel de la table Admin du fichier OCHA,SRC-026,"OCHA Haïti — 3W présence opérationnelle, juin 2026 (CC BY)",juin 2026,2026-08-14,O,B,v1.2026.08
Organisations humanitaires et de développement,ONG internationale,Plan-I,Plan International,Education,Sud-Est,HT02,Cayes-Jacmel,HT0213,p-code officiel de la table Admin du fichier OCHA,SRC-026,"OCHA Haïti — 3W présence opérationnelle, juin 2026 (CC BY)",juin 2026,2026-08-14,O,B,v1.2026.08
Organisations humanitaires et de développement,ONG internationale,NRC,Conseil Norvégien pour les Réfugiés,Education,Ouest,HT01,Port-au-Prince,HT0111,p-code officiel de la table Admin du fichier OCHA,SRC-026,"OCHA Haïti — 3W présence opérationnelle, juin 2026 (CC BY)",juin 2026,2026-08-14,O,B,v1.2026.08
Organisations humanitaires et de développement,ONG internationale,Plan-I,Plan International,Education,Sud-Est,HT02,Marigot,HT0212,p-code officiel de la table Admin du fichier OCHA,SRC-026,"OCHA Haïti — 3W présence opérationnelle, juin 2026 (CC BY)",juin 2026,2026-08-14,O,B,v1.2026.08
Organisations humanitaires et de développement,ONG internationale,WVI,World Vision International,Education,Nord,HT03,Limonade,HT0313,p-code officiel de la table Admin du fichier OCHA,SRC-026,"OCHA Haïti — 3W présence opérationnelle, juin 2026 (CC BY)",juin 2026,2026-08-14,O,B,v1.2026.08
Organisations humanitaires et de développement,ONG nationale,APADEH,Action Pastorale pour le Developpement Humain,Education,Ouest,HT01,Port-au-Prince,HT0111,p-code officiel de la table Admin du fichier OCHA,SRC-026,"OCHA Haïti — 3W présence opérationnelle, juin 2026 (CC BY)",juin 2026,2026-08-14,O,B,v1.2026.08
Organisations humanitaires et de développement,ONG nationale,OCCED'H,Organisation des Cœurs pour le Changement des Enfants Démunis d’Haïti,Education,Ouest,HT01,Delmas,HT0112,p-code officiel de la table Admin du fichier OCHA,SRC-026,"OCHA Haïti — 3W présence opérationnelle, juin 2026 (CC BY)",juin 2026,2026-08-14,O,B,v1.2026.08
Organisations humanitaires et de développement,Nations unies,UNICEF,Fonds des Nations unies pour l'enfance,Education,Nord,HT03,Cap-Haïtien,HT0311,p-code officiel de la table Admin du fichier OCHA,SRC-026,"OCHA Haïti — 3W présence opérationnelle, juin 2026 (CC BY)",juin 2026,2026-08-14,O,B,v1.2026.08
Organisations humanitaires et de développement,Nations unies,UNICEF,Fonds des Nations unies pour l'enfance,Education,Centre,HT06,Hinche,HT0611,p-code officiel de la table Admin du fichier OCHA,SRC-026,"OCHA Haïti — 3W présence opérationnelle, juin 2026 (CC BY)",juin 2026,2026-08-14,O,B,v1.2026.08
Organisations humanitaires et de développement,ONG internationale,ACF,Action Contre la Faim,Nutrition,Ouest,HT01,Cité Soleil,HT0117,p-code officiel de la table Admin du fichier OCHA,SRC-026,"OCHA Haïti — 3W présence opérationnelle, juin 2026 (CC BY)",juin 2026,2026-08-14,O,B,v1.2026.08
Organisations humanitaires et de développement,ONG internationale,ACF,Action Contre la Faim,Nutrition,Ouest,HT01,Port-au-Prince,HT0111,p-code officiel de la table Admin du fichier OCHA,SRC-026,"OCHA Haïti — 3W présence opérationnelle, juin 2026 (CC BY)",juin 2026,2026-08-14,O,B,v1.2026.08
Organisations humanitaires et de développement,ONG nationale,APADEH,Action Pastorale pour le Developpement Humain,Nutrition,Ouest,HT01,Croix-Des-Bouquets,HT0131,p-code officiel de la table Admin du fichier OCHA,SRC-026,"OCHA Haïti — 3W présence opérationnelle, juin 2026 (CC BY)",juin 2026,2026-08-14,O,B,v1.2026.08
Organisations humanitaires et de développement,ONG nationale,APADEH,Action Pastorale pour le Developpement Humain,Nutrition,Ouest,HT01,Fonds-Verrettes,HT0135,p-code officiel de la table Admin du fichier OCHA,SRC-026,"OCHA Haïti — 3W présence opérationnelle, juin 2026 (CC BY)",juin 2026,2026-08-14,O,B,v1.2026.08
Organisations humanitaires et de développement,ONG nationale,ABV,Aide aux Bénéficiaires Vulnérables,Nutrition,Ouest,HT01,Delmas,HT0112,p-code officiel de la table Admin du fichier OCHA,SRC-026,"OCHA Haïti — 3W présence opérationnelle, juin 2026 (CC BY)",juin 2026,2026-08-14,O,B,v1.2026.08
Organisations humanitaires et de développement,ONG internationale,AVSI,Association des Volontaires pour le Service International,Nutrition,Nord-Ouest,HT09,Jean Rabel,HT0934,p-code officiel de la table Admin du fichier OCHA,SRC-026,"OCHA Haïti — 3W présence opérationnelle, juin 2026 (CC BY)",juin 2026,2026-08-14,O,B,v1.2026.08
Organisations humanitaires et de développement,ONG internationale,AVSI,Association des Volontaires pour le Service International,Nutrition,Ouest,HT01,Cité Soleil,HT0117,p-code officiel de la table Admin du fichier OCHA,SRC-026,"OCHA Haïti — 3W présence opérationnelle, juin 2026 (CC BY)",juin 2026,2026-08-14,O,B,v1.2026.08
Organisations humanitaires et de développement,,CARIS,CARIS,Nutrition,Artibonite,HT05,Gonaïves,HT0511,p-code officiel de la table Admin du fichier OCHA,SRC-026,"OCHA Haïti — 3W présence opérationnelle, juin 2026 (CC BY)",juin 2026,2026-08-14,O,B,v1.2026.08
Organisations humanitaires et de développement,,CARIS,CARIS,Nutrition,Artibonite,HT05,Saint-Marc,HT0531,p-code officiel de la table Admin du fichier OCHA,SRC-026,"OCHA Haïti — 3W présence opérationnelle, juin 2026 (CC BY)",juin 2026,2026-08-14,O,B,v1.2026.08
Organisations humanitaires et de développement,,CARIS,CARIS,Nutrition,Nord,HT03,Acul du Nord,HT0321,p-code officiel de la table Admin du fichier OCHA,SRC-026,"OCHA Haïti — 3W présence opérationnelle, juin 2026 (CC BY)",juin 2026,2026-08-14,O,B,v1.2026.08
Organisations humanitaires et de développement,,CARIS,CARIS,Nutrition,Nord,HT03,Cap-Haïtien,HT0311,p-code officiel de la table Admin du fichier OCHA,SRC-026,"OCHA Haïti — 3W présence opérationnelle, juin 2026 (CC BY)",juin 2026,2026-08-14,O,B,v1.2026.08
Organisations humanitaires et de développement,,CARIS,CARIS,Nutrition,Nord,HT03,Pilate,HT0372,p-code officiel de la table Admin du fichier OCHA,SRC-026,"OCHA Haïti — 3W présence opérationnelle, juin 2026 (CC BY)",juin 2026,2026-08-14,O,B,v1.2026.08
Organisations humanitaires et de développement,,CARIS,CARIS,Nutrition,Ouest,HT01,Carrefour,HT0113,p-code officiel de la table Admin du fichier OCHA,SRC-026,"OCHA Haïti — 3W présence opérationnelle, juin 2026 (CC BY)",juin 2026,2026-08-14,O,B,v1.2026.08
Organisations humanitaires et de développement,,CARIS,CARIS,Nutrition,Ouest,HT01,Cité Soleil,HT0117,p-code officiel de la table Admin du fichier OCHA,SRC-026,"OCHA Haïti — 3W présence opérationnelle, juin 2026 (CC BY)",juin 2026,2026-08-14,O,B,v1.2026.08
Organisations humanitaires et de développement,,CARIS,CARIS,Nutrition,Ouest,HT01,Croix-Des-Bouquets,HT0131,p-code officiel de la table Admin du fichier OCHA,SRC-026,"OCHA Haïti — 3W présence opérationnelle, juin 2026 (CC BY)",juin 2026,2026-08-14,O,B,v1.2026.08
Organisations humanitaires et de développement,,CARIS,CARIS,Nutrition,Ouest,HT01,Delmas,HT0112,p-code officiel de la table Admin du fichier OCHA,SRC-026,"OCHA Haïti — 3W présence opérationnelle, juin 2026 (CC BY)",juin 2026,2026-08-14,O,B,v1.2026.08
Organisations humanitaires et de développement,,CARIS,CARIS,Nutrition,Ouest,HT01,Gressier,HT0116,p-code officiel de la table Admin du fichier OCHA,SRC-026,"OCHA Haïti — 3W présence opérationnelle, juin 2026 (CC BY)",juin 2026,2026-08-14,O,B,v1.2026.08
Organisations humanitaires et de développement,,CARIS,CARIS,Nutrition,Ouest,HT01,Kenscoff,HT0115,p-code officiel de la table Admin du fichier OCHA,SRC-026,"OCHA Haïti — 3W présence opérationnelle, juin 2026 (CC BY)",juin 2026,2026-08-14,O,B,v1.2026.08
Organisations humanitaires et de développement,,CARIS,CARIS,Nutrition,Ouest,HT01,Léogâne,HT0121,p-code officiel de la table Admin du fichier OCHA,SRC-026,"OCHA Haïti — 3W présence opérationnelle, juin 2026 (CC BY)",juin 2026,2026-08-14,O,B,v1.2026.08
Organisations humanitaires et de développement,,CARIS,CARIS,Nutrition,Ouest,HT01,Pétion-Ville,HT0114,p-code officiel de la table Admin du fichier OCHA,SRC-026,"OCHA Haïti — 3W présence opérationnelle, juin 2026 (CC BY)",juin 2026,2026-08-14,O,B,v1.2026.08
Organisations humanitaires et de développement,,CARIS,CARIS,Nutrition,Ouest,HT01,Port-au-Prince,HT0111,p-code officiel de la table Admin du fichier OCHA,SRC-026,"OCHA Haïti — 3W présence opérationnelle, juin 2026 (CC BY)",juin 2026,2026-08-14,O,B,v1.2026.08
Organisations humanitaires et de développement,ONG nationale,CAPAC,Centre d'Animation Paysanne et d'Action Communautaire,Nutrition,Ouest,HT01,Delmas,HT0112,p-code officiel de la table Admin du fichier OCHA,SRC-026,"OCHA Haïti — 3W présence opérationnelle, juin 2026 (CC BY)",juin 2026,2026-08-14,O,B,v1.2026.08
Organisations humanitaires et de développement,ONG nationale,CM de Gambade,Clinique médicale de Gambade,Nutrition,Nord,HT03,Grande Riviere Du Nord,HT0331,p-code officiel de la table Admin du fichier OCHA,SRC-026,"OCHA Haïti — 3W présence opérationnelle, juin 2026 (CC BY)",juin 2026,2026-08-14,O,B,v1.2026.08
Organisations humanitaires et de développement,ONG nationale,CM de Jesus Marie,Clinique Mobile de Jesus Marie de Jean Rabel,Nutrition,Nord-Ouest,HT09,Jean Rabel,HT0934,p-code officiel de la table Admin du fichier OCHA,SRC-026,"OCHA Haïti — 3W présence opérationnelle, juin 2026 (CC BY)",juin 2026,2026-08-14,O,B,v1.2026.08
Organisations humanitaires et de développement,ONG nationale,CS Sans Lit Beaulieu,CS Sans Lit Beaulieu,Nutrition,Sud,HT07,Côteaux,HT0741,p-code officiel de la table Admin du fichier OCHA,SRC-026,"OCHA Haïti — 3W présence opérationnelle, juin 2026 (CC BY)",juin 2026,2026-08-14,O,B,v1.2026.08
Organisations humanitaires et de développement,ONG internationale,FHI 360,Family Health International 360,Nutrition,Artibonite,HT05,Dessalines,HT0541,p-code officiel de la table Admin du fichier OCHA,SRC-026,"OCHA Haïti — 3W présence opérationnelle, juin 2026 (CC BY)",juin 2026,2026-08-14,O,B,v1.2026.08
Organisations humanitaires et de développement,ONG internationale,FHI 360,Family Health International 360,Nutrition,Artibonite,HT05,Gonaïves,HT0511,p-code officiel de la table Admin du fichier OCHA,SRC-026,"OCHA Haïti — 3W présence opérationnelle, juin 2026 (CC BY)",juin 2026,2026-08-14,O,B,v1.2026.08
Organisations humanitaires et de développement,ONG internationale,FHI 360,Family Health International 360,Nutrition,Artibonite,HT05,Grande Saline,HT0543,p-code officiel de la table Admin du fichier OCHA,SRC-026,"OCHA Haïti — 3W présence opérationnelle, juin 2026 (CC BY)",juin 2026,2026-08-14,O,B,v1.2026.08
Organisations humanitaires et de développement,ONG internationale,FHI 360,Family Health International 360,Nutrition,Artibonite,HT05,Marmelade,HT0552,p-code officiel de la table Admin du fichier OCHA,SRC-026,"OCHA Haïti — 3W présence opérationnelle, juin 2026 (CC BY)",juin 2026,2026-08-14,O,B,v1.2026.08
Organisations humanitaires et de développement,ONG internationale,FHI 360,Family Health International 360,Nutrition,Artibonite,HT05,Saint-Marc,HT0531,p-code officiel de la table Admin du fichier OCHA,SRC-026,"OCHA Haïti — 3W présence opérationnelle, juin 2026 (CC BY)",juin 2026,2026-08-14,O,B,v1.2026.08
Organisations humanitaires et de développement,ONG internationale,FHI 360,Family Health International 360,Nutrition,Artibonite,HT05,Saint-Michel de l'Attalaye,HT0551,p-code officiel de la table Admin du fichier OCHA,SRC-026,"OCHA Haïti — 3W présence opérationnelle, juin 2026 (CC BY)",juin 2026,2026-08-14,O,B,v1.2026.08
Organisations humanitaires et de développement,ONG internationale,FHI 360,Family Health International 360,Nutrition,Artibonite,HT05,Verrettes,HT0532,p-code officiel de la table Admin du fichier OCHA,SRC-026,"OCHA Haïti — 3W présence opérationnelle, juin 2026 (CC BY)",juin 2026,2026-08-14,O,B,v1.2026.08
Organisations humanitaires et de développement,ONG internationale,FHI 360,Family Health International 360,Nutrition,Centre,HT06,Belladère,HT0632,p-code officiel de la table Admin du fichier OCHA,SRC-026,"OCHA Haïti — 3W présence opérationnelle, juin 2026 (CC BY)",juin 2026,2026-08-14,O,B,v1.2026.08
Organisations humanitaires et de développement,ONG internationale,FHI 360,Family Health International 360,Nutrition,Centre,HT06,Cerca La Source,HT0641,p-code officiel de la table Admin du fichier OCHA,SRC-026,"OCHA Haïti — 3W présence opérationnelle, juin 2026 (CC BY)",juin 2026,2026-08-14,O,B,v1.2026.08
Organisations humanitaires et de développement,ONG internationale,FHI 360,Family Health International 360,Nutrition,Centre,HT06,Hinche,HT0611,p-code officiel de la table Admin du fichier OCHA,SRC-026,"OCHA Haïti — 3W présence opérationnelle, juin 2026 (CC BY)",juin 2026,2026-08-14,O,B,v1.2026.08
Organisations humanitaires et de développement,ONG internationale,FHI 360,Family Health International 360,Nutrition,Centre,HT06,Maïssade,HT0612,p-code officiel de la table Admin du fichier OCHA,SRC-026,"OCHA Haïti — 3W présence opérationnelle, juin 2026 (CC BY)",juin 2026,2026-08-14,O,B,v1.2026.08
Organisations humanitaires et de développement,ONG internationale,FHI 360,Family Health International 360,Nutrition,Centre,HT06,Savanette,HT0633,p-code officiel de la table Admin du fichier OCHA,SRC-026,"OCHA Haïti — 3W présence opérationnelle, juin 2026 (CC BY)",juin 2026,2026-08-14,O,B,v1.2026.08
Organisations humanitaires et de développement,ONG internationale,FHI 360,Family Health International 360,Nutrition,Centre,HT06,Thomonde,HT0613,p-code officiel de la table Admin du fichier OCHA,SRC-026,"OCHA Haïti — 3W présence opérationnelle, juin 2026 (CC BY)",juin 2026,2026-08-14,O,B,v1.2026.08
Organisations humanitaires et de développement,ONG internationale,FHI 360,Family Health International 360,Nutrition,Grande'Anse,HT08,Abricots,HT0812,p-code officiel de la table Admin du fichier OCHA,SRC-026,"OCHA Haïti — 3W présence opérationnelle, juin 2026 (CC BY)",juin 2026,2026-08-14,O,B,v1.2026.08
Organisations humanitaires et de développement,ONG internationale,FHI 360,Family Health International 360,Nutrition,Grande'Anse,HT08,Corail,HT0831,p-code officiel de la table Admin du fichier OCHA,SRC-026,"OCHA Haïti — 3W présence opérationnelle, juin 2026 (CC BY)",juin 2026,2026-08-14,O,B,v1.2026.08
Organisations humanitaires et de développement,ONG internationale,FHI 360,Family Health International 360,Nutrition,Grande'Anse,HT08,Dame Marie,HT0822,p-code officiel de la table Admin du fichier OCHA,SRC-026,"OCHA Haïti — 3W présence opérationnelle, juin 2026 (CC BY)",juin 2026,2026-08-14,O,B,v1.2026.08
Organisations humanitaires et de développement,ONG internationale,FHI 360,Family Health International 360,Nutrition,Grande'Anse,HT08,Jérémie,HT0811,p-code officiel de la table Admin du fichier OCHA,SRC-026,"OCHA Haïti — 3W présence opérationnelle, juin 2026 (CC BY)",juin 2026,2026-08-14,O,B,v1.2026.08
Organisations humanitaires et de développement,ONG internationale,FHI 360,Family Health International 360,Nutrition,Nippes,HT10,Anse-à-Veau,HT1021,p-code officiel de la table Admin du fichier OCHA,SRC-026,"OCHA Haïti — 3W présence opérationnelle, juin 2026 (CC BY)",juin 2026,2026-08-14,O,B,v1.2026.08
Organisations humanitaires et de développement,ONG internationale,FHI 360,Family Health International 360,Nutrition,Nippes,HT10,Arnaud,HT1024,p-code officiel de la table Admin du fichier OCHA,SRC-026,"OCHA Haïti — 3W présence opérationnelle, juin 2026 (CC BY)",juin 2026,2026-08-14,O,B,v1.2026.08
Organisations humanitaires et de développement,ONG internationale,FHI 360,Family Health International 360,Nutrition,Nippes,HT10,Grand-Boucan,HT1032,p-code officiel de la table Admin du fichier OCHA,SRC-026,"OCHA Haïti — 3W présence opérationnelle, juin 2026 (CC BY)",juin 2026,2026-08-14,O,B,v1.2026.08
Organisations humanitaires et de développement,ONG internationale,FHI 360,Family Health International 360,Nutrition,Nippes,HT10,L'Asile,HT1023,p-code officiel de la table Admin du fichier OCHA,SRC-026,"OCHA Haïti — 3W présence opérationnelle, juin 2026 (CC BY)",juin 2026,2026-08-14,O,B,v1.2026.08
Organisations humanitaires et de développement,ONG internationale,FHI 360,Family Health International 360,Nutrition,Nippes,HT10,Petit Trou de Nippes,HT1022,p-code officiel de la table Admin du fichier OCHA,SRC-026,"OCHA Haïti — 3W présence opérationnelle, juin 2026 (CC BY)",juin 2026,2026-08-14,O,B,v1.2026.08
Organisations humanitaires et de développement,ONG internationale,FHI 360,Family Health International 360,Nutrition,Nippes,HT10,Plaisance du Sud,HT1025,p-code officiel de la table Admin du fichier OCHA,SRC-026,"OCHA Haïti — 3W présence opérationnelle, juin 2026 (CC BY)",juin 2026,2026-08-14,O,B,v1.2026.08
Organisations humanitaires et de développement,ONG internationale,FHI 360,Family Health International 360,Nutrition,Nord,HT03,Acul du Nord,HT0321,p-code officiel de la table Admin du fichier OCHA,SRC-026,"OCHA Haïti — 3W présence opérationnelle, juin 2026 (CC BY)",juin 2026,2026-08-14,O,B,v1.2026.08
Organisations humanitaires et de développement,ONG internationale,FHI 360,Family Health International 360,Nutrition,Nord,HT03,Borgne,HT0351,p-code officiel de la table Admin du fichier OCHA,SRC-026,"OCHA Haïti — 3W présence opérationnelle, juin 2026 (CC BY)",juin 2026,2026-08-14,O,B,v1.2026.08
Organisations humanitaires et de développement,ONG internationale,FHI 360,Family Health International 360,Nutrition,Nord,HT03,Cap-Haïtien,HT0311,p-code officiel de la table Admin du fichier OCHA,SRC-026,"OCHA Haïti — 3W présence opérationnelle, juin 2026 (CC BY)",juin 2026,2026-08-14,O,B,v1.2026.08
Organisations humanitaires et de développement,ONG internationale,FHI 360,Family Health International 360,Nutrition,Nord,HT03,Dondon,HT0342,p-code officiel de la table Admin du fichier OCHA,SRC-026,"OCHA Haïti — 3W présence opérationnelle, juin 2026 (CC BY)",juin 2026,2026-08-14,O,B,v1.2026.08
Organisations humanitaires et de développement,ONG internationale,FHI 360,Family Health International 360,Nutrition,Nord,HT03,La Victoire,HT0345,p-code officiel de la table Admin du fichier OCHA,SRC-026,"OCHA Haïti — 3W présence opérationnelle, juin 2026 (CC BY)",juin 2026,2026-08-14,O,B,v1.2026.08
Organisations humanitaires et de développement,ONG internationale,FHI 360,Family Health International 360,Nutrition,Nord,HT03,Pignon,HT0344,p-code officiel de la table Admin du fichier OCHA,SRC-026,"OCHA Haïti — 3W présence opérationnelle, juin 2026 (CC BY)",juin 2026,2026-08-14,O,B,v1.2026.08
Organisations humanitaires et de développement,ONG internationale,FHI 360,Family Health International 360,Nutrition,Nord,HT03,Plaine du Nord,HT0322,p-code officiel de la table Admin du fichier OCHA,SRC-026,"OCHA Haïti — 3W présence opérationnelle, juin 2026 (CC BY)",juin 2026,2026-08-14,O,B,v1.2026.08
Organisations humanitaires et de développement,ONG internationale,FHI 360,Family Health International 360,Nutrition,Nord,HT03,Ranquitte,HT0343,p-code officiel de la table Admin du fichier OCHA,SRC-026,"OCHA Haïti — 3W présence opérationnelle, juin 2026 (CC BY)",juin 2026,2026-08-14,O,B,v1.2026.08
Organisations humanitaires et de développement,ONG internationale,FHI 360,Family Health International 360,Nutrition,Nord,HT03,Saint-Raphaël,HT0341,p-code officiel de la table Admin du fichier OCHA,SRC-026,"OCHA Haïti — 3W présence opérationnelle, juin 2026 (CC BY)",juin 2026,2026-08-14,O,B,v1.2026.08
Organisations humanitaires et de développement,ONG internationale,FHI 360,Family Health International 360,Nutrition,Nord-Est,HT04,Capotille,HT0422,p-code officiel de la table Admin du fichier OCHA,SRC-026,"OCHA Haïti — 3W présence opérationnelle, juin 2026 (CC BY)",juin 2026,2026-08-14,O,B,v1.2026.08
Organisations humanitaires et de développement,ONG internationale,FHI 360,Family Health International 360,Nutrition,Nord-Est,HT04,Caracol,HT0434,p-code officiel de la table Admin du fichier OCHA,SRC-026,"OCHA Haïti — 3W présence opérationnelle, juin 2026 (CC BY)",juin 2026,2026-08-14,O,B,v1.2026.08
Organisations humanitaires et de développement,ONG internationale,FHI 360,Family Health International 360,Nutrition,Nord-Est,HT04,Carice,HT0442,p-code officiel de la table Admin du fichier OCHA,SRC-026,"OCHA Haïti — 3W présence opérationnelle, juin 2026 (CC BY)",juin 2026,2026-08-14,O,B,v1.2026.08
Organisations humanitaires et de développement,ONG internationale,FHI 360,Family Health International 360,Nutrition,Nord-Est,HT04,Ferrier,HT0412,p-code officiel de la table Admin du fichier OCHA,SRC-026,"OCHA Haïti — 3W présence opérationnelle, juin 2026 (CC BY)",juin 2026,2026-08-14,O,B,v1.2026.08
Organisations humanitaires et de développement,ONG internationale,FHI 360,Family Health International 360,Nutrition,Nord-Est,HT04,Fort-Liberté,HT0411,p-code officiel de la table Admin du fichier OCHA,SRC-026,"OCHA Haïti — 3W présence opérationnelle, juin 2026 (CC BY)",juin 2026,2026-08-14,O,B,v1.2026.08
Organisations humanitaires et de développement,ONG internationale,FHI 360,Family Health International 360,Nutrition,Nord-Est,HT04,Mombin Crochu,HT0443,p-code officiel de la table Admin du fichier OCHA,SRC-026,"OCHA Haïti — 3W présence opérationnelle, juin 2026 (CC BY)",juin 2026,2026-08-14,O,B,v1.2026.08
Organisations humanitaires et de développement,ONG internationale,FHI 360,Family Health International 360,Nutrition,Nord-Est,HT04,Mont-Organisé,HT0423,p-code officiel de la table Admin du fichier OCHA,SRC-026,"OCHA Haïti — 3W présence opérationnelle, juin 2026 (CC BY)",juin 2026,2026-08-14,O,B,v1.2026.08
Organisations humanitaires et de développement,ONG internationale,FHI 360,Family Health International 360,Nutrition,Nord-Est,HT04,Ouanaminthe,HT0421,p-code officiel de la table Admin du fichier OCHA,SRC-026,"OCHA Haïti — 3W présence opérationnelle, juin 2026 (CC BY)",juin 2026,2026-08-14,O,B,v1.2026.08
Organisations humanitaires et de développement,ONG internationale,FHI 360,Family Health International 360,Nutrition,Nord-Est,HT04,Perches,HT0413,p-code officiel de la table Admin du fichier OCHA,SRC-026,"OCHA Haïti — 3W présence opérationnelle, juin 2026 (CC BY)",juin 2026,2026-08-14,O,B,v1.2026.08
Organisations humanitaires et de développement,ONG internationale,FHI 360,Family Health International 360,Nutrition,Nord-Est,HT04,Sainte Suzanne,HT0432,p-code officiel de la table Admin du fichier OCHA,SRC-026,"OCHA Haïti — 3W présence opérationnelle, juin 2026 (CC BY)",juin 2026,2026-08-14,O,B,v1.2026.08
Organisations humanitaires et de développement,ONG internationale,FHI 360,Family Health International 360,Nutrition,Nord-Est,HT04,Terrier Rouge,HT0433,p-code officiel de la table Admin du fichier OCHA,SRC-026,"OCHA Haïti — 3W présence opérationnelle, juin 2026 (CC BY)",juin 2026,2026-08-14,O,B,v1.2026.08
Organisations humanitaires et de développement,ONG internationale,FHI 360,Family Health International 360,Nutrition,Nord-Est,HT04,Vallières,HT0441,p-code officiel de la table Admin du fichier OCHA,SRC-026,"OCHA Haïti — 3W présence opérationnelle, juin 2026 (CC BY)",juin 2026,2026-08-14,O,B,v1.2026.08
Organisations humanitaires et de développement,ONG internationale,FHI 360,Family Health International 360,Nutrition,Nord-Ouest,HT09,Anse-à-Foleur,HT0922,p-code officiel de la table Admin du fichier OCHA,SRC-026,"OCHA Haïti — 3W présence opérationnelle, juin 2026 (CC BY)",juin 2026,2026-08-14,O,B,v1.2026.08
Organisations humanitaires et de développement,ONG internationale,FHI 360,Family Health International 360,Nutrition,Nord-Ouest,HT09,Baie de Henne,HT0932,p-code officiel de la table Admin du fichier OCHA,SRC-026,"OCHA Haïti — 3W présence opérationnelle, juin 2026 (CC BY)",juin 2026,2026-08-14,O,B,v1.2026.08
Organisations humanitaires et de développement,ONG internationale,FHI 360,Family Health International 360,Nutrition,Nord-Ouest,HT09,La Tortue,HT0912,p-code officiel de la table Admin du fichier OCHA,SRC-026,"OCHA Haïti — 3W présence opérationnelle, juin 2026 (CC BY)",juin 2026,2026-08-14,O,B,v1.2026.08
Organisations humanitaires et de développement,ONG internationale,FHI 360,Family Health International 360,Nutrition,Nord-Ouest,HT09,Port-de-Paix,HT0911,p-code officiel de la table Admin du fichier OCHA,SRC-026,"OCHA Haïti — 3W présence opérationnelle, juin 2026 (CC BY)",juin 2026,2026-08-14,O,B,v1.2026.08
Organisations humanitaires et de développement,ONG internationale,FHI 360,Family Health International 360,Nutrition,Ouest,HT01,Arcahaie,HT0141,p-code officiel de la table Admin du fichier OCHA,SRC-026,"OCHA Haïti — 3W présence opérationnelle, juin 2026 (CC BY)",juin 2026,2026-08-14,O,B,v1.2026.08
Organisations humanitaires et de développement,ONG internationale,FHI 360,Family Health International 360,Nutrition,Ouest,HT01,Cabaret,HT0142,p-code officiel de la table Admin du fichier OCHA,SRC-026,"OCHA Haïti — 3W présence opérationnelle, juin 2026 (CC BY)",juin 2026,2026-08-14,O,B,v1.2026.08
Organisations humanitaires et de développement,ONG internationale,FHI 360,Family Health International 360,Nutrition,Ouest,HT01,Carrefour,HT0113,p-code officiel de la table Admin du fichier OCHA,SRC-026,"OCHA Haïti — 3W présence opérationnelle, juin 2026 (CC BY)",juin 2026,2026-08-14,O,B,v1.2026.08
Organisations humanitaires et de développement,ONG internationale,FHI 360,Family Health International 360,Nutrition,Ouest,HT01,Cité Soleil,HT0117,p-code officiel de la table Admin du fichier OCHA,SRC-026,"OCHA Haïti — 3W présence opérationnelle, juin 2026 (CC BY)",juin 2026,2026-08-14,O,B,v1.2026.08
Organisations humanitaires et de développement,ONG internationale,FHI 360,Family Health International 360,Nutrition,Ouest,HT01,Cornillon / Grand Bois,HT0134,p-code officiel de la table Admin du fichier OCHA,SRC-026,"OCHA Haïti — 3W présence opérationnelle, juin 2026 (CC BY)",juin 2026,2026-08-14,O,B,v1.2026.08
Organisations humanitaires et de développement,ONG internationale,FHI 360,Family Health International 360,Nutrition,Ouest,HT01,Croix-Des-Bouquets,HT0131,p-code officiel de la table Admin du fichier OCHA,SRC-026,"OCHA Haïti — 3W présence opérationnelle, juin 2026 (CC BY)",juin 2026,2026-08-14,O,B,v1.2026.08
Organisations humanitaires et de développement,ONG internationale,FHI 360,Family Health International 360,Nutrition,Ouest,HT01,Delmas,HT0112,p-code officiel de la table Admin du fichier OCHA,SRC-026,"OCHA Haïti — 3W présence opérationnelle, juin 2026 (CC BY)",juin 2026,2026-08-14,O,B,v1.2026.08
Organisations humanitaires et de développement,ONG internationale,FHI 360,Family Health International 360,Nutrition,Ouest,HT01,Kenscoff,HT0115,p-code officiel de la table Admin du fichier OCHA,SRC-026,"OCHA Haïti — 3W présence opérationnelle, juin 2026 (CC BY)",juin 2026,2026-08-14,O,B,v1.2026.08
Organisations humanitaires et de développement,ONG internationale,FHI 360,Family Health International 360,Nutrition,Ouest,HT01,Pétion-Ville,HT0114,p-code officiel de la table Admin du fichier OCHA,SRC-026,"OCHA Haïti — 3W présence opérationnelle, juin 2026 (CC BY)",juin 2026,2026-08-14,O,B,v1.2026.08
Organisations humanitaires et de développement,ONG internationale,FHI 360,Family Health International 360,Nutrition,Ouest,HT01,Port-au-Prince,HT0111,p-code officiel de la table Admin du fichier OCHA,SRC-026,"OCHA Haïti — 3W présence opérationnelle, juin 2026 (CC BY)",juin 2026,2026-08-14,O,B,v1.2026.08
Organisations humanitaires et de développement,ONG internationale,FHI 360,Family Health International 360,Nutrition,Sud,HT07,Aquin,HT0731,p-code officiel de la table Admin du fichier OCHA,SRC-026,"OCHA Haïti — 3W présence opérationnelle, juin 2026 (CC BY)",juin 2026,2026-08-14,O,B,v1.2026.08
Organisations humanitaires et de développement,ONG internationale,FHI 360,Family Health International 360,Nutrition,Sud,HT07,Cavaillon,HT0733,p-code officiel de la table Admin du fichier OCHA,SRC-026,"OCHA Haïti — 3W présence opérationnelle, juin 2026 (CC BY)",juin 2026,2026-08-14,O,B,v1.2026.08
Organisations humanitaires et de développement,ONG internationale,FHI 360,Family Health International 360,Nutrition,Sud,HT07,Île à Vache,HT0716,p-code officiel de la table Admin du fichier OCHA,SRC-026,"OCHA Haïti — 3W présence opérationnelle, juin 2026 (CC BY)",juin 2026,2026-08-14,O,B,v1.2026.08
Organisations humanitaires et de développement,ONG internationale,FHI 360,Family Health International 360,Nutrition,Sud,HT07,Les Anglais,HT0752,p-code officiel de la table Admin du fichier OCHA,SRC-026,"OCHA Haïti — 3W présence opérationnelle, juin 2026 (CC BY)",juin 2026,2026-08-14,O,B,v1.2026.08
Organisations humanitaires et de développement,ONG internationale,FHI 360,Family Health International 360,Nutrition,Sud,HT07,Les Cayes,HT0711,p-code officiel de la table Admin du fichier OCHA,SRC-026,"OCHA Haïti — 3W présence opérationnelle, juin 2026 (CC BY)",juin 2026,2026-08-14,O,B,v1.2026.08
Organisations humanitaires et de développement,ONG internationale,FHI 360,Family Health International 360,Nutrition,Sud-Est,HT02,Bainet,HT0221,p-code officiel de la table Admin du fichier OCHA,SRC-026,"OCHA Haïti — 3W présence opérationnelle, juin 2026 (CC BY)",juin 2026,2026-08-14,O,B,v1.2026.08
Organisations humanitaires et de développement,ONG internationale,FHI 360,Family Health International 360,Nutrition,Sud-Est,HT02,Thiotte,HT0233,p-code officiel de la table Admin du fichier OCHA,SRC-026,"OCHA Haïti — 3W présence opérationnelle, juin 2026 (CC BY)",juin 2026,2026-08-14,O,B,v1.2026.08
Organisations humanitaires et de développement,ONG nationale,FONKOZE,Fondasyon Kole Zepol,Nutrition,Centre,HT06,Hinche,HT0611,p-code officiel de la table Admin du fichier OCHA,SRC-026,"OCHA Haïti — 3W présence opérationnelle, juin 2026 (CC BY)",juin 2026,2026-08-14,O,B,v1.2026.08
Organisations humanitaires et de développement,ONG nationale,FONKOZE,Fondasyon Kole Zepol,Nutrition,Centre,HT06,Thomonde,HT0613,p-code officiel de la table Admin du fichier OCHA,SRC-026,"OCHA Haïti — 3W présence opérationnelle, juin 2026 (CC BY)",juin 2026,2026-08-14,O,B,v1.2026.08
Organisations humanitaires et de développement,ONG nationale,FONKOZE,Fondasyon Kole Zepol,Nutrition,Ouest,HT01,Grand-Goâve,HT0123,p-code officiel de la table Admin du fichier OCHA,SRC-026,"OCHA Haïti — 3W présence opérationnelle, juin 2026 (CC BY)",juin 2026,2026-08-14,O,B,v1.2026.08
Organisations humanitaires et de développement,ONG nationale,FAE,Foyer d'assistance aux Enfants,Nutrition,Ouest,HT01,Croix-Des-Bouquets,HT0131,p-code officiel de la table Admin du fichier OCHA,SRC-026,"OCHA Haïti — 3W présence opérationnelle, juin 2026 (CC BY)",juin 2026,2026-08-14,O,B,v1.2026.08
Organisations humanitaires et de développement,ONG internationale,GOAL,Goal,Nutrition,Ouest,HT01,Carrefour,HT0113,p-code officiel de la table Admin du fichier OCHA,SRC-026,"OCHA Haïti — 3W présence opérationnelle, juin 2026 (CC BY)",juin 2026,2026-08-14,O,B,v1.2026.08
Organisations humanitaires et de développement,ONG internationale,GRET,GRET,Nutrition,Artibonite,HT05,Anse Rouge,HT0523,p-code officiel de la table Admin du fichier OCHA,SRC-026,"OCHA Haïti — 3W présence opérationnelle, juin 2026 (CC BY)",juin 2026,2026-08-14,O,B,v1.2026.08
Organisations humanitaires et de développement,ONG internationale,GRET,GRET,Nutrition,Artibonite,HT05,Terre Neuve,HT0522,p-code officiel de la table Admin du fichier OCHA,SRC-026,"OCHA Haïti — 3W présence opérationnelle, juin 2026 (CC BY)",juin 2026,2026-08-14,O,B,v1.2026.08
Organisations humanitaires et de développement,Société civile,GHESKIO,Groupe d'étude haïtien sur le sarcome de Kaposi et les infections opportunistes,Nutrition,Ouest,HT01,Tabarre,HT0118,p-code officiel de la table Admin du fichier OCHA,SRC-026,"OCHA Haïti — 3W présence opérationnelle, juin 2026 (CC BY)",juin 2026,2026-08-14,O,B,v1.2026.08
Organisations humanitaires et de développement,ONG nationale,HP,Haiti Participative,Nutrition,Grande'Anse,HT08,Anse d'Hainault,HT0821,p-code officiel de la table Admin du fichier OCHA,SRC-026,"OCHA Haïti — 3W présence opérationnelle, juin 2026 (CC BY)",juin 2026,2026-08-14,O,B,v1.2026.08
Organisations humanitaires et de développement,ONG nationale,HP,Haiti Participative,Nutrition,Grande'Anse,HT08,Chambellan,HT0815,p-code officiel de la table Admin du fichier OCHA,SRC-026,"OCHA Haïti — 3W présence opérationnelle, juin 2026 (CC BY)",juin 2026,2026-08-14,O,B,v1.2026.08
Organisations humanitaires et de développement,ONG nationale,HP,Haiti Participative,Nutrition,Grande'Anse,HT08,Corail,HT0831,p-code officiel de la table Admin du fichier OCHA,SRC-026,"OCHA Haïti — 3W présence opérationnelle, juin 2026 (CC BY)",juin 2026,2026-08-14,O,B,v1.2026.08
Organisations humanitaires et de développement,ONG nationale,HP,Haiti Participative,Nutrition,Grande'Anse,HT08,Dame Marie,HT0822,p-code officiel de la table Admin du fichier OCHA,SRC-026,"OCHA Haïti — 3W présence opérationnelle, juin 2026 (CC BY)",juin 2026,2026-08-14,O,B,v1.2026.08
Organisations humanitaires et de développement,ONG nationale,HP,Haiti Participative,Nutrition,Grande'Anse,HT08,Moron,HT0814,p-code officiel de la table Admin du fichier OCHA,SRC-026,"OCHA Haïti — 3W présence opérationnelle, juin 2026 (CC BY)",juin 2026,2026-08-14,O,B,v1.2026.08
Organisations humanitaires et de développement,ONG nationale,HP,Haiti Participative,Nutrition,Grande'Anse,HT08,Roseaux,HT0832,p-code officiel de la table Admin du fichier OCHA,SRC-026,"OCHA Haïti — 3W présence opérationnelle, juin 2026 (CC BY)",juin 2026,2026-08-14,O,B,v1.2026.08
Organisations humanitaires et de développement,ONG internationale,HAS,Hôpital Albert Schweitzer,Nutrition,Artibonite,HT05,Verrettes,HT0532,p-code officiel de la table Admin du fichier OCHA,SRC-026,"OCHA Haïti — 3W présence opérationnelle, juin 2026 (CC BY)",juin 2026,2026-08-14,O,B,v1.2026.08
Organisations humanitaires et de développement,ONG nationale,HFSC,Hopital Foyer St Camille Haiti,Nutrition,Ouest,HT01,Croix-Des-Bouquets,HT0131,p-code officiel de la table Admin du fichier OCHA,SRC-026,"OCHA Haïti — 3W présence opérationnelle, juin 2026 (CC BY)",juin 2026,2026-08-14,O,B,v1.2026.08
Organisations humanitaires et de développement,ONG internationale,ID,Initiative Développement,Nutrition,Nord-Ouest,HT09,Baie de Henne,HT0932,p-code officiel de la table Admin du fichier OCHA,SRC-026,"OCHA Haïti — 3W présence opérationnelle, juin 2026 (CC BY)",juin 2026,2026-08-14,O,B,v1.2026.08
Organisations humanitaires et de développement,ONG internationale,ID,Initiative Développement,Nutrition,Nord-Ouest,HT09,Bombardopolis,HT0933,p-code officiel de la table Admin du fichier OCHA,SRC-026,"OCHA Haïti — 3W présence opérationnelle, juin 2026 (CC BY)",juin 2026,2026-08-14,O,B,v1.2026.08
Organisations humanitaires et de développement,ONG internationale,ID,Initiative Développement,Nutrition,Nord-Ouest,HT09,Jean Rabel,HT0934,p-code officiel de la table Admin du fichier OCHA,SRC-026,"OCHA Haïti — 3W présence opérationnelle, juin 2026 (CC BY)",juin 2026,2026-08-14,O,B,v1.2026.08
Organisations humanitaires et de développement,ONG nationale,IDEJEN,Initiave Pour Le Developpement Des Jeunes,Nutrition,Ouest,HT01,Port-au-Prince,HT0111,p-code officiel de la table Admin du fichier OCHA,SRC-026,"OCHA Haïti — 3W présence opérationnelle, juin 2026 (CC BY)",juin 2026,2026-08-14,O,B,v1.2026.08
Organisations humanitaires et de développement,ONG internationale,KB,Konbit Peyizan,Nutrition,Artibonite,HT05,Verrettes,HT0532,p-code officiel de la table Admin du fichier OCHA,SRC-026,"OCHA Haïti — 3W présence opérationnelle, juin 2026 (CC BY)",juin 2026,2026-08-14,O,B,v1.2026.08
Organisations humanitaires et de développement,ONG nationale,Kore Timoun,Kore Timoun,Nutrition,Ouest,HT01,Grand-Goâve,HT0123,p-code officiel de la table Admin du fichier OCHA,SRC-026,"OCHA Haïti — 3W présence opérationnelle, juin 2026 (CC BY)",juin 2026,2026-08-14,O,B,v1.2026.08
Organisations humanitaires et de développement,ONG nationale,Kore Timoun,Kore Timoun,Nutrition,Ouest,HT01,Léogâne,HT0121,p-code officiel de la table Admin du fichier OCHA,SRC-026,"OCHA Haïti — 3W présence opérationnelle, juin 2026 (CC BY)",juin 2026,2026-08-14,O,B,v1.2026.08
Organisations humanitaires et de développement,ONG nationale,Kore Timoun,Kore Timoun,Nutrition,Ouest,HT01,Petit-Goâve,HT0122,p-code officiel de la table Admin du fichier OCHA,SRC-026,"OCHA Haïti — 3W présence opérationnelle, juin 2026 (CC BY)",juin 2026,2026-08-14,O,B,v1.2026.08
Organisations humanitaires et de développement,ONG internationale,MDM ARG,Medecins Du Monde Argentine,Nutrition,Nord-Est,HT04,Capotille,HT0422,p-code officiel de la table Admin du fichier OCHA,SRC-026,"OCHA Haïti — 3W présence opérationnelle, juin 2026 (CC BY)",juin 2026,2026-08-14,O,B,v1.2026.08
Organisations humanitaires et de développement,ONG internationale,MDM ARG,Medecins Du Monde Argentine,Nutrition,Nord-Est,HT04,Ouanaminthe,HT0421,p-code officiel de la table Admin du fichier OCHA,SRC-026,"OCHA Haïti — 3W présence opérationnelle, juin 2026 (CC BY)",juin 2026,2026-08-14,O,B,v1.2026.08
Organisations humanitaires et de développement,ONG internationale,MDM ARG,Medecins Du Monde Argentine,Nutrition,Ouest,HT01,Delmas,HT0112,p-code officiel de la table Admin du fichier OCHA,SRC-026,"OCHA Haïti — 3W présence opérationnelle, juin 2026 (CC BY)",juin 2026,2026-08-14,O,B,v1.2026.08
Organisations humanitaires et de développement,ONG internationale,MDM ARG,Medecins Du Monde Argentine,Nutrition,Ouest,HT01,Pétion-Ville,HT0114,p-code officiel de la table Admin du fichier OCHA,SRC-026,"OCHA Haïti — 3W présence opérationnelle, juin 2026 (CC BY)",juin 2026,2026-08-14,O,B,v1.2026.08
Organisations humanitaires et de développement,ONG internationale,MDM ARG,Medecins Du Monde Argentine,Nutrition,Ouest,HT01,Port-au-Prince,HT0111,p-code officiel de la table Admin du fichier OCHA,SRC-026,"OCHA Haïti — 3W présence opérationnelle, juin 2026 (CC BY)",juin 2026,2026-08-14,O,B,v1.2026.08
Organisations humanitaires et de développement,ONG internationale,MC,Mercy Corps,Nutrition,Nord-Est,HT04,Ouanaminthe,HT0421,p-code officiel de la table Admin du fichier OCHA,SRC-026,"OCHA Haïti — 3W présence opérationnelle, juin 2026 (CC BY)",juin 2026,2026-08-14,O,B,v1.2026.08
Organisations humanitaires et de développement,ONG internationale,MC,Mercy Corps,Nutrition,Sud-Est,HT02,Belle Anse,HT0231,p-code officiel de la table Admin du fichier OCHA,SRC-026,"OCHA Haïti — 3W présence opérationnelle, juin 2026 (CC BY)",juin 2026,2026-08-14,O,B,v1.2026.08
Organisations humanitaires et de développement,ONG internationale,MC,Mercy Corps,Nutrition,Sud-Est,HT02,Jacmel,HT0211,p-code officiel de la table Admin du fichier OCHA,SRC-026,"OCHA Haïti — 3W présence opérationnelle, juin 2026 (CC BY)",juin 2026,2026-08-14,O,B,v1.2026.08
Organisations humanitaires et de développement,ONG nationale,MOJDDE,Mouvement des Jeunes pour le Developpement de Dérouzé,Nutrition,Ouest,HT01,Grand-Goâve,HT0123,p-code officiel de la table Admin du fichier OCHA,SRC-026,"OCHA Haïti — 3W présence opérationnelle, juin 2026 (CC BY)",juin 2026,2026-08-14,O,B,v1.2026.08
Organisations humanitaires et de développement,ONG nationale,MOJDDE,Mouvement des Jeunes pour le Developpement de Dérouzé,Nutrition,Ouest,HT01,Léogâne,HT0121,p-code officiel de la table Admin du fichier OCHA,SRC-026,"OCHA Haïti — 3W présence opérationnelle, juin 2026 (CC BY)",juin 2026,2026-08-14,O,B,v1.2026.08
Organisations humanitaires et de développement,ONG nationale,MOJDDE,Mouvement des Jeunes pour le Developpement de Dérouzé,Nutrition,Ouest,HT01,Petit-Goâve,HT0122,p-code officiel de la table Admin du fichier OCHA,SRC-026,"OCHA Haïti — 3W présence opérationnelle, juin 2026 (CC BY)",juin 2026,2026-08-14,O,B,v1.2026.08
Organisations humanitaires et de développement,ONG nationale,OHDE,Observatoire Haïtien des Droits de l’Enfant,Nutrition,Ouest,HT01,Carrefour,HT0113,p-code officiel de la table Admin du fichier OCHA,SRC-026,"OCHA Haïti — 3W présence opérationnelle, juin 2026 (CC BY)",juin 2026,2026-08-14,O,B,v1.2026.08
Organisations humanitaires et de développement,ONG nationale,ONASPV,ONASPV,Nutrition,Ouest,HT01,Pétion-Ville,HT0114,p-code officiel de la table Admin du fichier OCHA,SRC-026,"OCHA Haïti — 3W présence opérationnelle, juin 2026 (CC BY)",juin 2026,2026-08-14,O,B,v1.2026.08
Organisations humanitaires et de développement,ONG nationale,ONASPV,ONASPV,Nutrition,Ouest,HT01,Tabarre,HT0118,p-code officiel de la table Admin du fichier OCHA,SRC-026,"OCHA Haïti — 3W présence opérationnelle, juin 2026 (CC BY)",juin 2026,2026-08-14,O,B,v1.2026.08
Organisations humanitaires et de développement,ONG nationale,OCCED'H,Organisation des Cœurs pour le Changement des Enfants Démunis d’Haïti,Nutrition,Ouest,HT01,Delmas,HT0112,p-code officiel de la table Admin du fichier OCHA,SRC-026,"OCHA Haïti — 3W présence opérationnelle, juin 2026 (CC BY)",juin 2026,2026-08-14,O,B,v1.2026.08
Organisations humanitaires et de développement,ONG nationale,OCCED'H,Organisation des Cœurs pour le Changement des Enfants Démunis d’Haïti,Nutrition,Ouest,HT01,Pétion-Ville,HT0114,p-code officiel de la table Admin du fichier OCHA,SRC-026,"OCHA Haïti — 3W présence opérationnelle, juin 2026 (CC BY)",juin 2026,2026-08-14,O,B,v1.2026.08
Organisations humanitaires et de développement,ONG internationale,SCI,Save The Children International,Nutrition,Nord-Est,HT04,Ouanaminthe,HT0421,p-code officiel de la table Admin du fichier OCHA,SRC-026,"OCHA Haïti — 3W présence opérationnelle, juin 2026 (CC BY)",juin 2026,2026-08-14,O,B,v1.2026.08
Organisations humanitaires et de développement,ONG internationale,SCI,Save The Children International,Nutrition,Sud,HT07,Les Cayes,HT0711,p-code officiel de la table Admin du fichier OCHA,SRC-026,"OCHA Haïti — 3W présence opérationnelle, juin 2026 (CC BY)",juin 2026,2026-08-14,O,B,v1.2026.08
Organisations humanitaires et de développement,ONG internationale,SCI,Save The Children International,Nutrition,Sud,HT07,Torbeck,HT0712,p-code officiel de la table Admin du fichier OCHA,SRC-026,"OCHA Haïti — 3W présence opérationnelle, juin 2026 (CC BY)",juin 2026,2026-08-14,O,B,v1.2026.08
Organisations humanitaires et de développement,ONG internationale,SI,Solidarités International,Nutrition,Ouest,HT01,Port-au-Prince,HT0111,p-code officiel de la table Admin du fichier OCHA,SRC-026,"OCHA Haïti — 3W présence opérationnelle, juin 2026 (CC BY)",juin 2026,2026-08-14,O,B,v1.2026.08
Organisations humanitaires et de développement,ONG internationale,ALIMA,The Alliance for Medical Action,Nutrition,Ouest,HT01,Cité Soleil,HT0117,p-code officiel de la table Admin du fichier OCHA,SRC-026,"OCHA Haïti — 3W présence opérationnelle, juin 2026 (CC BY)",juin 2026,2026-08-14,O,B,v1.2026.08
Organisations humanitaires et de développement,ONG internationale,ALIMA,The Alliance for Medical Action,Nutrition,Ouest,HT01,Croix-Des-Bouquets,HT0131,p-code officiel de la table Admin du fichier OCHA,SRC-026,"OCHA Haïti — 3W présence opérationnelle, juin 2026 (CC BY)",juin 2026,2026-08-14,O,B,v1.2026.08
Organisations humanitaires et de développement,ONG internationale,WTH,Way to Health,Nutrition,Ouest,HT01,Cité Soleil,HT0117,p-code officiel de la table Admin du fichier OCHA,SRC-026,"OCHA Haïti — 3W présence opérationnelle, juin 2026 (CC BY)",juin 2026,2026-08-14,O,B,v1.2026.08
Organisations humanitaires et de développement,ONG nationale,WDA,World Dynamic Action,Nutrition,Ouest,HT01,Delmas,HT0112,p-code officiel de la table Admin du fichier OCHA,SRC-026,"OCHA Haïti — 3W présence opérationnelle, juin 2026 (CC BY)",juin 2026,2026-08-14,O,B,v1.2026.08
Organisations humanitaires et de développement,ONG nationale,WDA,World Dynamic Action,Nutrition,Ouest,HT01,Pétion-Ville,HT0114,p-code officiel de la table Admin du fichier OCHA,SRC-026,"OCHA Haïti — 3W présence opérationnelle, juin 2026 (CC BY)",juin 2026,2026-08-14,O,B,v1.2026.08
Organisations humanitaires et de développement,ONG nationale,ZL,Zanmi Lasante,Nutrition,Artibonite,HT05,Saint-Marc,HT0531,p-code officiel de la table Admin du fichier OCHA,SRC-026,"OCHA Haïti — 3W présence opérationnelle, juin 2026 (CC BY)",juin 2026,2026-08-14,O,B,v1.2026.08
Organisations humanitaires et de développement,ONG nationale,ZL,Zanmi Lasante,Nutrition,Artibonite,HT05,Verrettes,HT0532,p-code officiel de la table Admin du fichier OCHA,SRC-026,"OCHA Haïti — 3W présence opérationnelle, juin 2026 (CC BY)",juin 2026,2026-08-14,O,B,v1.2026.08
Organisations humanitaires et de développement,ONG nationale,ZL,Zanmi Lasante,Nutrition,Centre,HT06,Belladère,HT0632,p-code officiel de la table Admin du fichier OCHA,SRC-026,"OCHA Haïti — 3W présence opérationnelle, juin 2026 (CC BY)",juin 2026,2026-08-14,O,B,v1.2026.08
Organisations humanitaires et de développement,ONG nationale,ZL,Zanmi Lasante,Nutrition,Centre,HT06,Boucan Carré,HT0623,p-code officiel de la table Admin du fichier OCHA,SRC-026,"OCHA Haïti — 3W présence opérationnelle, juin 2026 (CC BY)",juin 2026,2026-08-14,O,B,v1.2026.08
Organisations humanitaires et de développement,ONG nationale,ZL,Zanmi Lasante,Nutrition,Centre,HT06,Cerca La Source,HT0641,p-code officiel de la table Admin du fichier OCHA,SRC-026,"OCHA Haïti — 3W présence opérationnelle, juin 2026 (CC BY)",juin 2026,2026-08-14,O,B,v1.2026.08
Organisations humanitaires et de développement,ONG nationale,ZL,Zanmi Lasante,Nutrition,Centre,HT06,Hinche,HT0611,p-code officiel de la table Admin du fichier OCHA,SRC-026,"OCHA Haïti — 3W présence opérationnelle, juin 2026 (CC BY)",juin 2026,2026-08-14,O,B,v1.2026.08
Organisations humanitaires et de développement,ONG nationale,ZL,Zanmi Lasante,Nutrition,Centre,HT06,Lascahobas,HT0631,p-code officiel de la table Admin du fichier OCHA,SRC-026,"OCHA Haïti — 3W présence opérationnelle, juin 2026 (CC BY)",juin 2026,2026-08-14,O,B,v1.2026.08
Organisations humanitaires et de développement,ONG nationale,ZL,Zanmi Lasante,Nutrition,Centre,HT06,Thomonde,HT0613,p-code officiel de la table Admin du fichier OCHA,SRC-026,"OCHA Haïti — 3W présence opérationnelle, juin 2026 (CC BY)",juin 2026,2026-08-14,O,B,v1.2026.08
Organisations humanitaires et de développement,ONG nationale,FADHRIS,Femmes en Association pour le Développement d'Haïti et pour le Renforcement de l'Intégration Sociale,Santé,Ouest,HT01,Port-au-Prince,HT0111,p-code officiel de la table Admin du fichier OCHA,SRC-026,"OCHA Haïti — 3W présence opérationnelle, juin 2026 (CC BY)",juin 2026,2026-08-14,O,B,v1.2026.08
Organisations humanitaires et de développement,ONG nationale,FADHRIS,Femmes en Association pour le Développement d'Haïti et pour le Renforcement de l'Intégration Sociale,Santé,Ouest,HT01,Delmas,HT0112,p-code officiel de la table Admin du fichier OCHA,SRC-026,"OCHA Haïti — 3W présence opérationnelle, juin 2026 (CC BY)",juin 2026,2026-08-14,O,B,v1.2026.08
Organisations humanitaires et de développement,ONG nationale,ABV,Aide aux Bénéficiaires Vulnérables,Santé,Ouest,HT01,Carrefour,HT0113,p-code officiel de la table Admin du fichier OCHA,SRC-026,"OCHA Haïti — 3W présence opérationnelle, juin 2026 (CC BY)",juin 2026,2026-08-14,O,B,v1.2026.08
Organisations humanitaires et de développement,ONG nationale,ABV,Aide aux Bénéficiaires Vulnérables,Santé,Ouest,HT01,Delmas,HT0112,p-code officiel de la table Admin du fichier OCHA,SRC-026,"OCHA Haïti — 3W présence opérationnelle, juin 2026 (CC BY)",juin 2026,2026-08-14,O,B,v1.2026.08
Organisations humanitaires et de développement,ONG nationale,ABV,Aide aux Bénéficiaires Vulnérables,Santé,Ouest,HT01,Pétion-Ville,HT0114,p-code officiel de la table Admin du fichier OCHA,SRC-026,"OCHA Haïti — 3W présence opérationnelle, juin 2026 (CC BY)",juin 2026,2026-08-14,O,B,v1.2026.08
Organisations humanitaires et de développement,ONG internationale,ADRA,Agence Adventiste de Développement et de Secours,Santé,Ouest,HT01,Carrefour,HT0113,p-code officiel de la table Admin du fichier OCHA,SRC-026,"OCHA Haïti — 3W présence opérationnelle, juin 2026 (CC BY)",juin 2026,2026-08-14,O,B,v1.2026.08
Organisations humanitaires et de développement,ONG internationale,ADRA,Agence Adventiste de Développement et de Secours,Santé,Ouest,HT01,carrefour,HT0113,p-code officiel de la table Admin du fichier OCHA,SRC-026,"OCHA Haïti — 3W présence opérationnelle, juin 2026 (CC BY)",juin 2026,2026-08-14,O,B,v1.2026.08
Organisations humanitaires et de développement,ONG internationale,ALIMA,The Alliance for Medical Action,Santé,Ouest,HT01,Cité Soleil,HT0117,p-code officiel de la table Admin du fichier OCHA,SRC-026,"OCHA Haïti — 3W présence opérationnelle, juin 2026 (CC BY)",juin 2026,2026-08-14,O,B,v1.2026.08
Organisations humanitaires et de développement,ONG internationale,ALIMA,The Alliance for Medical Action,Santé,Ouest,HT01,Croix-Des-Bouquets,HT0131,p-code officiel de la table Admin du fichier OCHA,SRC-026,"OCHA Haïti — 3W présence opérationnelle, juin 2026 (CC BY)",juin 2026,2026-08-14,O,B,v1.2026.08
Organisations humanitaires et de développement,ONG internationale,ALIMA,The Alliance for Medical Action,Santé,Ouest,HT01,Delmas,HT0112,p-code officiel de la table Admin du fichier OCHA,SRC-026,"OCHA Haïti — 3W présence opérationnelle, juin 2026 (CC BY)",juin 2026,2026-08-14,O,B,v1.2026.08
Organisations humanitaires et de développement,ONG internationale,ALIMA,The Alliance for Medical Action,Santé,Ouest,HT01,Port-au-Prince,HT0111,p-code officiel de la table Admin du fichier OCHA,SRC-026,"OCHA Haïti — 3W présence opérationnelle, juin 2026 (CC BY)",juin 2026,2026-08-14,O,B,v1.2026.08
Organisations humanitaires et de développement,ONG nationale,FVCB,Fondation Voix des Communautes de Base,Santé,Ouest,HT01,Léogâne,HT0121,p-code officiel de la table Admin du fichier OCHA,SRC-026,"OCHA Haïti — 3W présence opérationnelle, juin 2026 (CC BY)",juin 2026,2026-08-14,O,B,v1.2026.08
Organisations humanitaires et de développement,ONG nationale,FVCB,Fondation Voix des Communautes de Base,Santé,Ouest,HT01,Grand-Goâve,HT0123,p-code officiel de la table Admin du fichier OCHA,SRC-026,"OCHA Haïti — 3W présence opérationnelle, juin 2026 (CC BY)",juin 2026,2026-08-14,O,B,v1.2026.08
Organisations humanitaires et de développement,ONG nationale,FVCB,Fondation Voix des Communautes de Base,Santé,Ouest,HT01,Petit-Goâve,HT0122,p-code officiel de la table Admin du fichier OCHA,SRC-026,"OCHA Haïti — 3W présence opérationnelle, juin 2026 (CC BY)",juin 2026,2026-08-14,O,B,v1.2026.08
Organisations humanitaires et de développement,ONG nationale,FVCB,Fondation Voix des Communautes de Base,Santé,Ouest,HT01,Cabaret,HT0142,p-code officiel de la table Admin du fichier OCHA,SRC-026,"OCHA Haïti — 3W présence opérationnelle, juin 2026 (CC BY)",juin 2026,2026-08-14,O,B,v1.2026.08
Organisations humanitaires et de développement,ONG nationale,FVCB,Fondation Voix des Communautes de Base,Santé,Ouest,HT01,Arcahaie,HT0141,p-code officiel de la table Admin du fichier OCHA,SRC-026,"OCHA Haïti — 3W présence opérationnelle, juin 2026 (CC BY)",juin 2026,2026-08-14,O,B,v1.2026.08
Organisations humanitaires et de développement,Nations unies,OIM,Organisation Internationale pour les Migrations,Santé,Ouest,HT01,Port-au-Prince,HT0111,p-code officiel de la table Admin du fichier OCHA,SRC-026,"OCHA Haïti — 3W présence opérationnelle, juin 2026 (CC BY)",juin 2026,2026-08-14,O,B,v1.2026.08
Organisations humanitaires et de développement,Nations unies,OIM,Organisation Internationale pour les Migrations,Santé,Ouest,HT01,Delmas,HT0112,p-code officiel de la table Admin du fichier OCHA,SRC-026,"OCHA Haïti — 3W présence opérationnelle, juin 2026 (CC BY)",juin 2026,2026-08-14,O,B,v1.2026.08
Organisations humanitaires et de développement,Nations unies,OIM,Organisation Internationale pour les Migrations,Santé,Ouest,HT01,Tabarre,HT0118,p-code officiel de la table Admin du fichier OCHA,SRC-026,"OCHA Haïti — 3W présence opérationnelle, juin 2026 (CC BY)",juin 2026,2026-08-14,O,B,v1.2026.08
Organisations humanitaires et de développement,Nations unies,OIM,Organisation Internationale pour les Migrations,Santé,Ouest,HT01,Pétion-Ville,HT0114,p-code officiel de la table Admin du fichier OCHA,SRC-026,"OCHA Haïti — 3W présence opérationnelle, juin 2026 (CC BY)",juin 2026,2026-08-14,O,B,v1.2026.08
Organisations humanitaires et de développement,ONG nationale,WDA,World Dynamic Action,Santé,Ouest,HT01,Delmas,HT0112,p-code officiel de la table Admin du fichier OCHA,SRC-026,"OCHA Haïti — 3W présence opérationnelle, juin 2026 (CC BY)",juin 2026,2026-08-14,O,B,v1.2026.08
Organisations humanitaires et de développement,ONG nationale,WDA,World Dynamic Action,Santé,Ouest,HT01,Pétion-Ville,HT0114,p-code officiel de la table Admin du fichier OCHA,SRC-026,"OCHA Haïti — 3W présence opérationnelle, juin 2026 (CC BY)",juin 2026,2026-08-14,O,B,v1.2026.08
Organisations humanitaires et de développement,ONG nationale,WDA,World Dynamic Action,Santé,SUD,HT07,Saint louis du sud,HT0732,p-code officiel de la table Admin du fichier OCHA,SRC-026,"OCHA Haïti — 3W présence opérationnelle, juin 2026 (CC BY)",juin 2026,2026-08-14,O,B,v1.2026.08
Organisations humanitaires et de développement,ONG nationale,WDA,World Dynamic Action,Santé,Sud-Est,HT02,Jacmel,HT0211,p-code officiel de la table Admin du fichier OCHA,SRC-026,"OCHA Haïti — 3W présence opérationnelle, juin 2026 (CC BY)",juin 2026,2026-08-14,O,B,v1.2026.08
Organisations humanitaires et de développement,ONG nationale,ZL,Zanmi Lasante,Santé,Centre,HT06,Belladère,HT0632,p-code officiel de la table Admin du fichier OCHA,SRC-026,"OCHA Haïti — 3W présence opérationnelle, juin 2026 (CC BY)",juin 2026,2026-08-14,O,B,v1.2026.08
Organisations humanitaires et de développement,ONG nationale,ZL,Zanmi Lasante,Santé,Centre,HT06,Boucan Carré,HT0623,p-code officiel de la table Admin du fichier OCHA,SRC-026,"OCHA Haïti — 3W présence opérationnelle, juin 2026 (CC BY)",juin 2026,2026-08-14,O,B,v1.2026.08
Organisations humanitaires et de développement,ONG nationale,ZL,Zanmi Lasante,Santé,Centre,HT06,Cerca Carvajal,HT0614,p-code officiel de la table Admin du fichier OCHA,SRC-026,"OCHA Haïti — 3W présence opérationnelle, juin 2026 (CC BY)",juin 2026,2026-08-14,O,B,v1.2026.08
Organisations humanitaires et de développement,ONG nationale,ZL,Zanmi Lasante,Santé,Centre,HT06,Hinche,HT0611,p-code officiel de la table Admin du fichier OCHA,SRC-026,"OCHA Haïti — 3W présence opérationnelle, juin 2026 (CC BY)",juin 2026,2026-08-14,O,B,v1.2026.08
Organisations humanitaires et de développement,ONG nationale,ZL,Zanmi Lasante,Santé,Centre,HT06,Mirebalais,HT0621,p-code officiel de la table Admin du fichier OCHA,SRC-026,"OCHA Haïti — 3W présence opérationnelle, juin 2026 (CC BY)",juin 2026,2026-08-14,O,B,v1.2026.08
Organisations humanitaires et de développement,ONG nationale,ZL,Zanmi Lasante,Santé,Centre,HT06,Lascahobas,HT0631,p-code officiel de la table Admin du fichier OCHA,SRC-026,"OCHA Haïti — 3W présence opérationnelle, juin 2026 (CC BY)",juin 2026,2026-08-14,O,B,v1.2026.08
Organisations humanitaires et de développement,ONG nationale,ZL,Zanmi Lasante,Santé,Centre,HT06,Thomonde,HT0613,p-code officiel de la table Admin du fichier OCHA,SRC-026,"OCHA Haïti — 3W présence opérationnelle, juin 2026 (CC BY)",juin 2026,2026-08-14,O,B,v1.2026.08
Organisations humanitaires et de développement,ONG nationale,ZL,Zanmi Lasante,Santé,Artibonite,HT05,Saint-Marc,HT0531,p-code officiel de la table Admin du fichier OCHA,SRC-026,"OCHA Haïti — 3W présence opérationnelle, juin 2026 (CC BY)",juin 2026,2026-08-14,O,B,v1.2026.08
Organisations humanitaires et de développement,ONG nationale,ZL,Zanmi Lasante,Santé,Artibonite,HT05,Verrettes,HT0532,p-code officiel de la table Admin du fichier OCHA,SRC-026,"OCHA Haïti — 3W présence opérationnelle, juin 2026 (CC BY)",juin 2026,2026-08-14,O,B,v1.2026.08
Organisations humanitaires et de développement,ONG nationale,ZL,Zanmi Lasante,Santé,Artibonite,HT05,Petite Rivière de l'Artibonite,HT0542,p-code officiel de la table Admin du fichier OCHA,SRC-026,"OCHA Haïti — 3W présence opérationnelle, juin 2026 (CC BY)",juin 2026,2026-08-14,O,B,v1.2026.08
Organisations humanitaires et de développement,ONG internationale,MSF-F,Médecins Sans Frontières France,Santé,Ouest,HT01,Tabarre,HT0118,p-code officiel de la table Admin du fichier OCHA,SRC-026,"OCHA Haïti — 3W présence opérationnelle, juin 2026 (CC BY)",juin 2026,2026-08-14,O,B,v1.2026.08
Organisations humanitaires et de développement,ONG internationale,MSF-F,Médecins Sans Frontières France,Santé,Ouest,HT01,Cité Soleil,HT0117,p-code officiel de la table Admin du fichier OCHA,SRC-026,"OCHA Haïti — 3W présence opérationnelle, juin 2026 (CC BY)",juin 2026,2026-08-14,O,B,v1.2026.08
Organisations humanitaires et de développement,ONG internationale,MSF-B,Médecins Sans Frontières Belgique,Santé,Ouest,HT01,Port-au-Prince,HT0111,p-code officiel de la table Admin du fichier OCHA,SRC-026,"OCHA Haïti — 3W présence opérationnelle, juin 2026 (CC BY)",juin 2026,2026-08-14,O,B,v1.2026.08
Organisations humanitaires et de développement,ONG internationale,MSF-B,Médecins Sans Frontières Belgique,Santé,Sud,HT07,Chardonnières,HT0751,p-code officiel de la table Admin du fichier OCHA,SRC-026,"OCHA Haïti — 3W présence opérationnelle, juin 2026 (CC BY)",juin 2026,2026-08-14,O,B,v1.2026.08
Organisations humanitaires et de développement,ONG internationale,MSF-B,Médecins Sans Frontières Belgique,Santé,Sud,HT07,Les Anglais,HT0752,p-code officiel de la table Admin du fichier OCHA,SRC-026,"OCHA Haïti — 3W présence opérationnelle, juin 2026 (CC BY)",juin 2026,2026-08-14,O,B,v1.2026.08
Organisations humanitaires et de développement,ONG internationale,MSF-B,Médecins Sans Frontières Belgique,Santé,Sud,HT07,Port-à-Piment,HT0742,p-code officiel de la table Admin du fichier OCHA,SRC-026,"OCHA Haïti — 3W présence opérationnelle, juin 2026 (CC BY)",juin 2026,2026-08-14,O,B,v1.2026.08
Organisations humanitaires et de développement,ONG internationale,MSF-B,Médecins Sans Frontières Belgique,Santé,Sud,HT07,Tiburon,HT0753,p-code officiel de la table Admin du fichier OCHA,SRC-026,"OCHA Haïti — 3W présence opérationnelle, juin 2026 (CC BY)",juin 2026,2026-08-14,O,B,v1.2026.08
Organisations humanitaires et de développement,ONG internationale,MSF-Ca,Médecins Sans Frontières Canada,Santé,Ouest,HT01,Cité Soleil,HT0117,p-code officiel de la table Admin du fichier OCHA,SRC-026,"OCHA Haïti — 3W présence opérationnelle, juin 2026 (CC BY)",juin 2026,2026-08-14,O,B,v1.2026.08
Organisations humanitaires et de développement,ONG nationale,PROFAMIL,Association pour la Promotion de la Famille Haitienne,Santé,Ouest,HT01,Delmas,HT0112,p-code officiel de la table Admin du fichier OCHA,SRC-026,"OCHA Haïti — 3W présence opérationnelle, juin 2026 (CC BY)",juin 2026,2026-08-14,O,B,v1.2026.08
Organisations humanitaires et de développement,ONG nationale,PROFAMIL,Association pour la Promotion de la Famille Haitienne,Santé,Ouest,HT01,Pétion-Ville,HT0114,p-code officiel de la table Admin du fichier OCHA,SRC-026,"OCHA Haïti — 3W présence opérationnelle, juin 2026 (CC BY)",juin 2026,2026-08-14,O,B,v1.2026.08
Organisations humanitaires et de développement,ONG nationale,PROFAMIL,Association pour la Promotion de la Famille Haitienne,Santé,Ouest,HT01,Port-au-Prince,HT0111,p-code officiel de la table Admin du fichier OCHA,SRC-026,"OCHA Haïti — 3W présence opérationnelle, juin 2026 (CC BY)",juin 2026,2026-08-14,O,B,v1.2026.08
Organisations humanitaires et de développement,ONG nationale,PROFAMIL,Association pour la Promotion de la Famille Haitienne,Santé,Artibonite,HT05,Anse Rouge,HT0523,p-code officiel de la table Admin du fichier OCHA,SRC-026,"OCHA Haïti — 3W présence opérationnelle, juin 2026 (CC BY)",juin 2026,2026-08-14,O,B,v1.2026.08
Organisations humanitaires et de développement,ONG internationale,EMI,Entraide Médicale Internationale,Santé,Sud,HT07,Aquin,HT0731,p-code officiel de la table Admin du fichier OCHA,SRC-026,"OCHA Haïti — 3W présence opérationnelle, juin 2026 (CC BY)",juin 2026,2026-08-14,O,B,v1.2026.08
Organisations humanitaires et de développement,ONG internationale,EMI,Entraide Médicale Internationale,Santé,Sud,HT07,Saint Louis du Sud,HT0732,p-code officiel de la table Admin du fichier OCHA,SRC-026,"OCHA Haïti — 3W présence opérationnelle, juin 2026 (CC BY)",juin 2026,2026-08-14,O,B,v1.2026.08
Organisations humanitaires et de développement,ONG internationale,EMI,Entraide Médicale Internationale,Santé,Sud,HT07,Cavaillon,HT0733,p-code officiel de la table Admin du fichier OCHA,SRC-026,"OCHA Haïti — 3W présence opérationnelle, juin 2026 (CC BY)",juin 2026,2026-08-14,O,B,v1.2026.08
Organisations humanitaires et de développement,ONG internationale,EMI,Entraide Médicale Internationale,Santé,Sud,HT07,Camp-Perrin,HT0714,p-code officiel de la table Admin du fichier OCHA,SRC-026,"OCHA Haïti — 3W présence opérationnelle, juin 2026 (CC BY)",juin 2026,2026-08-14,O,B,v1.2026.08
Organisations humanitaires et de développement,ONG internationale,EMI,Entraide Médicale Internationale,Santé,Sud,HT07,Les Cayes,HT0711,p-code officiel de la table Admin du fichier OCHA,SRC-026,"OCHA Haïti — 3W présence opérationnelle, juin 2026 (CC BY)",juin 2026,2026-08-14,O,B,v1.2026.08
Organisations humanitaires et de développement,Nations unies,OIM,Organisation Internationale pour les Migrations,Abris/BNA,Ouest,HT01,Port-au-Prince,HT0111,p-code officiel de la table Admin du fichier OCHA,SRC-026,"OCHA Haïti — 3W présence opérationnelle, juin 2026 (CC BY)",juin 2026,2026-08-14,O,B,v1.2026.08
Organisations humanitaires et de développement,ONG nationale,ASHAPE,Association Haitienne pour la Paix et l'Éducation,Abris/BNA,Ouest,HT01,Port-au-Prince,HT0111,p-code officiel de la table Admin du fichier OCHA,SRC-026,"OCHA Haïti — 3W présence opérationnelle, juin 2026 (CC BY)",juin 2026,2026-08-14,O,B,v1.2026.08
Organisations humanitaires et de développement,ONG nationale,ASHAPE,Association Haitienne pour la Paix et l'Éducation,Abris/BNA,Ouest,HT01,Cité Soleil,HT0117,p-code officiel de la table Admin du fichier OCHA,SRC-026,"OCHA Haïti — 3W présence opérationnelle, juin 2026 (CC BY)",juin 2026,2026-08-14,O,B,v1.2026.08
Organisations humanitaires et de développement,Nations unies,OIM,Organisation Internationale pour les Migrations,Abris/BNA,Centre,HT06,Hinche,HT0611,p-code officiel de la table Admin du fichier OCHA,SRC-026,"OCHA Haïti — 3W présence opérationnelle, juin 2026 (CC BY)",juin 2026,2026-08-14,O,B,v1.2026.08
Organisations humanitaires et de développement,Nations unies,OIM,Organisation Internationale pour les Migrations,Abris/BNA,Ouest,HT01,Delmas,HT0112,p-code officiel de la table Admin du fichier OCHA,SRC-026,"OCHA Haïti — 3W présence opérationnelle, juin 2026 (CC BY)",juin 2026,2026-08-14,O,B,v1.2026.08
Organisations humanitaires et de développement,Nations unies,OIM,Organisation Internationale pour les Migrations,Abris/BNA,Grande'Anse,HT08,Pestel,HT0834,p-code officiel de la table Admin du fichier OCHA,SRC-026,"OCHA Haïti — 3W présence opérationnelle, juin 2026 (CC BY)",juin 2026,2026-08-14,O,B,v1.2026.08
Organisations humanitaires et de développement,ONG nationale,APRONHA,Association des Progressistes pour une Nouvelle Haiti,Abris/BNA,Ouest,HT01,Léogâne,HT0121,p-code officiel de la table Admin du fichier OCHA,SRC-026,"OCHA Haïti — 3W présence opérationnelle, juin 2026 (CC BY)",juin 2026,2026-08-14,O,B,v1.2026.08
Organisations humanitaires et de développement,ONG internationale,HEKS/EPER,Entraide Protestante Suisse,Abris/BNA,Grande'Anse,HT08,Pestel,HT0834,p-code officiel de la table Admin du fichier OCHA,SRC-026,"OCHA Haïti — 3W présence opérationnelle, juin 2026 (CC BY)",juin 2026,2026-08-14,O,B,v1.2026.08
Organisations humanitaires et de développement,ONG internationale,HEKS/EPER,Entraide Protestante Suisse,Abris/BNA,Grande'Anse,HT08,Roseaux,HT0832,p-code officiel de la table Admin du fichier OCHA,SRC-026,"OCHA Haïti — 3W présence opérationnelle, juin 2026 (CC BY)",juin 2026,2026-08-14,O,B,v1.2026.08
Organisations humanitaires et de développement,Nations unies,OIM,Organisation Internationale pour les Migrations,Abris/BNA,Sud,HT07,Les Cayes,HT0711,p-code officiel de la table Admin du fichier OCHA,SRC-026,"OCHA Haïti — 3W présence opérationnelle, juin 2026 (CC BY)",juin 2026,2026-08-14,O,B,v1.2026.08
Organisations humanitaires et de développement,Nations unies,OIM,Organisation Internationale pour les Migrations,Abris/BNA,Ouest,HT01,Pétion-Ville,HT0114,p-code officiel de la table Admin du fichier OCHA,SRC-026,"OCHA Haïti — 3W présence opérationnelle, juin 2026 (CC BY)",juin 2026,2026-08-14,O,B,v1.2026.08
Organisations humanitaires et de développement,ONG internationale,ACTED,Agence d'Aide à la Coopération Technique et au Développement,Abris/BNA,Ouest,HT01,Port-au-Prince,HT0111,p-code officiel de la table Admin du fichier OCHA,SRC-026,"OCHA Haïti — 3W présence opérationnelle, juin 2026 (CC BY)",juin 2026,2026-08-14,O,B,v1.2026.08
Organisations humanitaires et de développement,ONG internationale,ACTED,Agence d'Aide à la Coopération Technique et au Développement,Abris/BNA,Ouest,HT01,Pétion-Ville,HT0114,p-code officiel de la table Admin du fichier OCHA,SRC-026,"OCHA Haïti — 3W présence opérationnelle, juin 2026 (CC BY)",juin 2026,2026-08-14,O,B,v1.2026.08
Organisations humanitaires et de développement,ONG internationale,ACTED,Agence d'Aide à la Coopération Technique et au Développement,Abris/BNA,Ouest,HT01,Cité Soleil,HT0117,p-code officiel de la table Admin du fichier OCHA,SRC-026,"OCHA Haïti — 3W présence opérationnelle, juin 2026 (CC BY)",juin 2026,2026-08-14,O,B,v1.2026.08
Organisations humanitaires et de développement,ONG internationale,BC,Build Change,Abris/BNA,Ouest,HT01,Port-au-Prince,HT0111,p-code officiel de la table Admin du fichier OCHA,SRC-026,"OCHA Haïti — 3W présence opérationnelle, juin 2026 (CC BY)",juin 2026,2026-08-14,O,B,v1.2026.08
Organisations humanitaires et de développement,Nations unies,OIM,Organisation Internationale pour les Migrations,Abris/BNA,Sud,HT07,Torbeck,HT0712,p-code officiel de la table Admin du fichier OCHA,SRC-026,"OCHA Haïti — 3W présence opérationnelle, juin 2026 (CC BY)",juin 2026,2026-08-14,O,B,v1.2026.08
Organisations humanitaires et de développement,Nations unies,OIM,Organisation Internationale pour les Migrations,Abris/BNA,Grande'Anse,HT08,Jérémie,HT0811,p-code officiel de la table Admin du fichier OCHA,SRC-026,"OCHA Haïti — 3W présence opérationnelle, juin 2026 (CC BY)",juin 2026,2026-08-14,O,B,v1.2026.08
Organisations humanitaires et de développement,ONG nationale,OPH,Organisations des Personnes Handicapées,Abris/BNA,Artibonite,HT05,Petite Rivière de l'Artibonite,HT0542,p-code officiel de la table Admin du fichier OCHA,SRC-026,"OCHA Haïti — 3W présence opérationnelle, juin 2026 (CC BY)",juin 2026,2026-08-14,O,B,v1.2026.08
Organisations humanitaires et de développement,ONG nationale,APRONHA,Association des Progressistes pour une Nouvelle Haiti,Abris/BNA,Nord-Ouest,HT09,Saint-Louis du Nord,HT0921,p-code officiel de la table Admin du fichier OCHA,SRC-026,"OCHA Haïti — 3W présence opérationnelle, juin 2026 (CC BY)",juin 2026,2026-08-14,O,B,v1.2026.08
Organisations humanitaires et de développement,ONG nationale,APRONHA,Association des Progressistes pour une Nouvelle Haiti,Abris/BNA,Centre,HT06,Hinche,HT0611,p-code officiel de la table Admin du fichier OCHA,SRC-026,"OCHA Haïti — 3W présence opérationnelle, juin 2026 (CC BY)",juin 2026,2026-08-14,O,B,v1.2026.08
Organisations humanitaires et de développement,ONG nationale,APRONHA,Association des Progressistes pour une Nouvelle Haiti,Abris/BNA,Centre,HT06,Thomonde,HT0613,p-code officiel de la table Admin du fichier OCHA,SRC-026,"OCHA Haïti — 3W présence opérationnelle, juin 2026 (CC BY)",juin 2026,2026-08-14,O,B,v1.2026.08
Organisations humanitaires et de développement,ONG nationale,APRONHA,Association des Progressistes pour une Nouvelle Haiti,Abris/BNA,Centre,HT06,Boucan Carré,HT0623,p-code officiel de la table Admin du fichier OCHA,SRC-026,"OCHA Haïti — 3W présence opérationnelle, juin 2026 (CC BY)",juin 2026,2026-08-14,O,B,v1.2026.08
Organisations humanitaires et de développement,ONG internationale,MSF-F,Médecins Sans Frontières France,Abris/BNA,Ouest,HT01,Cité Soleil,HT0117,p-code officiel de la table Admin du fichier OCHA,SRC-026,"OCHA Haïti — 3W présence opérationnelle, juin 2026 (CC BY)",juin 2026,2026-08-14,O,B,v1.2026.08
Organisations humanitaires et de développement,ONG nationale,APRONHA,Association des Progressistes pour une Nouvelle Haiti,Abris/BNA,Centre,HT06,Mirebalais,HT0621,p-code officiel de la table Admin du fichier OCHA,SRC-026,"OCHA Haïti — 3W présence opérationnelle, juin 2026 (CC BY)",juin 2026,2026-08-14,O,B,v1.2026.08
Organisations humanitaires et de développement,ONG nationale,ICDH,Initiative Citoyenne pour les Droits de l'Homme,Abris/BNA,Centre,HT06,Belladère,HT0632,p-code officiel de la table Admin du fichier OCHA,SRC-026,"OCHA Haïti — 3W présence opérationnelle, juin 2026 (CC BY)",juin 2026,2026-08-14,O,B,v1.2026.08
Organisations humanitaires et de développement,ONG nationale,ICDH,Initiative Citoyenne pour les Droits de l'Homme,Abris/BNA,Centre,HT06,Lascahobas,HT0631,p-code officiel de la table Admin du fichier OCHA,SRC-026,"OCHA Haïti — 3W présence opérationnelle, juin 2026 (CC BY)",juin 2026,2026-08-14,O,B,v1.2026.08
Organisations humanitaires et de développement,ONG nationale,OPH,Organisations des Personnes Handicapées,Abris/BNA,Artibonite,HT05,Saint-Marc,HT0531,p-code officiel de la table Admin du fichier OCHA,SRC-026,"OCHA Haïti — 3W présence opérationnelle, juin 2026 (CC BY)",juin 2026,2026-08-14,O,B,v1.2026.08
Organisations humanitaires et de développement,ONG nationale,OPH,Organisations des Personnes Handicapées,Abris/BNA,Artibonite,HT05,Verrettes,HT0532,p-code officiel de la table Admin du fichier OCHA,SRC-026,"OCHA Haïti — 3W présence opérationnelle, juin 2026 (CC BY)",juin 2026,2026-08-14,O,B,v1.2026.08
Organisations humanitaires et de développement,ONG internationale,ACTED,Agence d'Aide à la Coopération Technique et au Développement,Abris/BNA,Ouest,HT01,Tabarre,HT0118,p-code officiel de la table Admin du fichier OCHA,SRC-026,"OCHA Haïti — 3W présence opérationnelle, juin 2026 (CC BY)",juin 2026,2026-08-14,O,B,v1.2026.08
Organisations humanitaires et de développement,ONG internationale,ACTED,Agence d'Aide à la Coopération Technique et au Développement,Abris/BNA,Ouest,HT01,Delmas,HT0112,p-code officiel de la table Admin du fichier OCHA,SRC-026,"OCHA Haïti — 3W présence opérationnelle, juin 2026 (CC BY)",juin 2026,2026-08-14,O,B,v1.2026.08
Organisations humanitaires et de développement,Nations unies,OIM,Organisation Internationale pour les Migrations,Abris/BNA,Sud,HT07,Port-Salut,HT0721,p-code officiel de la table Admin du fichier OCHA,SRC-026,"OCHA Haïti — 3W présence opérationnelle, juin 2026 (CC BY)",juin 2026,2026-08-14,O,B,v1.2026.08
Organisations humanitaires et de développement,Nations unies,OIM,Organisation Internationale pour les Migrations,Abris/BNA,Sud,HT07,Camp-Perrin,HT0714,p-code officiel de la table Admin du fichier OCHA,SRC-026,"OCHA Haïti — 3W présence opérationnelle, juin 2026 (CC BY)",juin 2026,2026-08-14,O,B,v1.2026.08
Organisations humanitaires et de développement,Nations unies,OIM,Organisation Internationale pour les Migrations,Abris/BNA,Artibonite,HT05,Gonaïves,HT0511,p-code officiel de la table Admin du fichier OCHA,SRC-026,"OCHA Haïti — 3W présence opérationnelle, juin 2026 (CC BY)",juin 2026,2026-08-14,O,B,v1.2026.08
Organisations humanitaires et de développement,Nations unies,OIM,Organisation Internationale pour les Migrations,Abris/BNA,Artibonite,HT05,Ennery,HT0512,p-code officiel de la table Admin du fichier OCHA,SRC-026,"OCHA Haïti — 3W présence opérationnelle, juin 2026 (CC BY)",juin 2026,2026-08-14,O,B,v1.2026.08
Organisations humanitaires et de développement,Nations unies,OIM,Organisation Internationale pour les Migrations,Abris/BNA,Artibonite,HT05,Saint-Michel de l'Attalaye,HT0551,p-code officiel de la table Admin du fichier OCHA,SRC-026,"OCHA Haïti — 3W présence opérationnelle, juin 2026 (CC BY)",juin 2026,2026-08-14,O,B,v1.2026.08
Organisations humanitaires et de développement,ONG nationale,ATREPA,Atelier de travaux de recherches économiques pour mieux préparer l'avenir,Abris/BNA,Ouest,HT01,Delmas,HT0112,p-code officiel de la table Admin du fichier OCHA,SRC-026,"OCHA Haïti — 3W présence opérationnelle, juin 2026 (CC BY)",juin 2026,2026-08-14,O,B,v1.2026.08
Organisations humanitaires et de développement,ONG internationale,ACTED,Agence d'Aide à la Coopération Technique et au Développement,CCCM,Artibonite,HT05,Dessalines,HT0541,p-code officiel de la table Admin du fichier OCHA,SRC-026,"OCHA Haïti — 3W présence opérationnelle, juin 2026 (CC BY)",juin 2026,2026-08-14,O,B,v1.2026.08
Organisations humanitaires et de développement,ONG internationale,AVSI,Association des Volontaires pour le Service International,CCCM,Artibonite,HT05,Saint-Marc,HT0531,p-code officiel de la table Admin du fichier OCHA,SRC-026,"OCHA Haïti — 3W présence opérationnelle, juin 2026 (CC BY)",juin 2026,2026-08-14,O,B,v1.2026.08
Organisations humanitaires et de développement,ONG nationale,ATREPA,Atelier de travaux de recherches économiques pour mieux préparer l'avenir,CCCM,Centre,HT06,Belladère,HT0632,p-code officiel de la table Admin du fichier OCHA,SRC-026,"OCHA Haïti — 3W présence opérationnelle, juin 2026 (CC BY)",juin 2026,2026-08-14,O,B,v1.2026.08
Organisations humanitaires et de développement,ONG nationale,ICDH,Initiative Citoyenne pour les Droits de l'Homme,CCCM,Centre,HT06,Belladère,HT0632,p-code officiel de la table Admin du fichier OCHA,SRC-026,"OCHA Haïti — 3W présence opérationnelle, juin 2026 (CC BY)",juin 2026,2026-08-14,O,B,v1.2026.08
Organisations humanitaires et de développement,ONG nationale,ATREPA,Atelier de travaux de recherches économiques pour mieux préparer l'avenir,CCCM,Centre,HT06,Boucan Carré,HT0623,p-code officiel de la table Admin du fichier OCHA,SRC-026,"OCHA Haïti — 3W présence opérationnelle, juin 2026 (CC BY)",juin 2026,2026-08-14,O,B,v1.2026.08
Organisations humanitaires et de développement,ONG nationale,APRONHA,Association des Progressistes pour une Nouvelle Haiti,CCCM,Centre,HT06,Hinche,HT0611,p-code officiel de la table Admin du fichier OCHA,SRC-026,"OCHA Haïti — 3W présence opérationnelle, juin 2026 (CC BY)",juin 2026,2026-08-14,O,B,v1.2026.08
Organisations humanitaires et de développement,ONG nationale,ATREPA,Atelier de travaux de recherches économiques pour mieux préparer l'avenir,CCCM,Centre,HT06,Hinche,HT0611,p-code officiel de la table Admin du fichier OCHA,SRC-026,"OCHA Haïti — 3W présence opérationnelle, juin 2026 (CC BY)",juin 2026,2026-08-14,O,B,v1.2026.08
Organisations humanitaires et de développement,ONG nationale,APRONHA,Association des Progressistes pour une Nouvelle Haiti,CCCM,Centre,HT06,Lascahobas,HT0631,p-code officiel de la table Admin du fichier OCHA,SRC-026,"OCHA Haïti — 3W présence opérationnelle, juin 2026 (CC BY)",juin 2026,2026-08-14,O,B,v1.2026.08
Organisations humanitaires et de développement,ONG nationale,ATREPA,Atelier de travaux de recherches économiques pour mieux préparer l'avenir,CCCM,Centre,HT06,Lascahobas,HT0631,p-code officiel de la table Admin du fichier OCHA,SRC-026,"OCHA Haïti — 3W présence opérationnelle, juin 2026 (CC BY)",juin 2026,2026-08-14,O,B,v1.2026.08
Organisations humanitaires et de développement,ONG nationale,ATREPA,Atelier de travaux de recherches économiques pour mieux préparer l'avenir,CCCM,Centre,HT06,Thomonde,HT0613,p-code officiel de la table Admin du fichier OCHA,SRC-026,"OCHA Haïti — 3W présence opérationnelle, juin 2026 (CC BY)",juin 2026,2026-08-14,O,B,v1.2026.08
Organisations humanitaires et de développement,ONG internationale,ACTED,Agence d'Aide à la Coopération Technique et au Développement,CCCM,Ouest,HT01,Cité Soleil,HT0117,p-code officiel de la table Admin du fichier OCHA,SRC-026,"OCHA Haïti — 3W présence opérationnelle, juin 2026 (CC BY)",juin 2026,2026-08-14,O,B,v1.2026.08
Organisations humanitaires et de développement,ONG nationale,ASHAPE,Association Haitienne pour la Paix et l'Éducation,CCCM,Ouest,HT01,Cité Soleil,HT0117,p-code officiel de la table Admin du fichier OCHA,SRC-026,"OCHA Haïti — 3W présence opérationnelle, juin 2026 (CC BY)",juin 2026,2026-08-14,O,B,v1.2026.08
Organisations humanitaires et de développement,ONG internationale,ACTED,Agence d'Aide à la Coopération Technique et au Développement,CCCM,Ouest,HT01,Delmas,HT0112,p-code officiel de la table Admin du fichier OCHA,SRC-026,"OCHA Haïti — 3W présence opérationnelle, juin 2026 (CC BY)",juin 2026,2026-08-14,O,B,v1.2026.08
Organisations humanitaires et de développement,ONG nationale,ATREPA,Atelier de travaux de recherches économiques pour mieux préparer l'avenir,CCCM,Ouest,HT01,Delmas,HT0112,p-code officiel de la table Admin du fichier OCHA,SRC-026,"OCHA Haïti — 3W présence opérationnelle, juin 2026 (CC BY)",juin 2026,2026-08-14,O,B,v1.2026.08
Organisations humanitaires et de développement,ONG internationale,CESVI,Cooperazione e Sviluppo Onlus,CCCM,Ouest,HT01,Delmas,HT0112,p-code officiel de la table Admin du fichier OCHA,SRC-026,"OCHA Haïti — 3W présence opérationnelle, juin 2026 (CC BY)",juin 2026,2026-08-14,O,B,v1.2026.08
Organisations humanitaires et de développement,ONG nationale,ICDH,Initiative Citoyenne pour les Droits de l'Homme,CCCM,Ouest,HT01,Delmas,HT0112,p-code officiel de la table Admin du fichier OCHA,SRC-026,"OCHA Haïti — 3W présence opérationnelle, juin 2026 (CC BY)",juin 2026,2026-08-14,O,B,v1.2026.08
Organisations humanitaires et de développement,Nations unies,OIM,Organisation Internationale pour les Migrations,CCCM,Ouest,HT01,Delmas,HT0112,p-code officiel de la table Admin du fichier OCHA,SRC-026,"OCHA Haïti — 3W présence opérationnelle, juin 2026 (CC BY)",juin 2026,2026-08-14,O,B,v1.2026.08
Organisations humanitaires et de développement,ONG nationale,APRONHA,Association des Progressistes pour une Nouvelle Haiti,CCCM,Ouest,HT01,Kenscoff,HT0115,p-code officiel de la table Admin du fichier OCHA,SRC-026,"OCHA Haïti — 3W présence opérationnelle, juin 2026 (CC BY)",juin 2026,2026-08-14,O,B,v1.2026.08
Organisations humanitaires et de développement,ONG nationale,APRONHA,Association des Progressistes pour une Nouvelle Haiti,CCCM,Ouest,HT01,Léogâne,HT0121,p-code officiel de la table Admin du fichier OCHA,SRC-026,"OCHA Haïti — 3W présence opérationnelle, juin 2026 (CC BY)",juin 2026,2026-08-14,O,B,v1.2026.08
Organisations humanitaires et de développement,ONG internationale,ACTED,Agence d'Aide à la Coopération Technique et au Développement,CCCM,Ouest,HT01,Port-au-Prince,HT0111,p-code officiel de la table Admin du fichier OCHA,SRC-026,"OCHA Haïti — 3W présence opérationnelle, juin 2026 (CC BY)",juin 2026,2026-08-14,O,B,v1.2026.08
Organisations humanitaires et de développement,ONG nationale,ASHAPE,Association Haitienne pour la Paix et l'Éducation,CCCM,Ouest,HT01,Port-au-Prince,HT0111,p-code officiel de la table Admin du fichier OCHA,SRC-026,"OCHA Haïti — 3W présence opérationnelle, juin 2026 (CC BY)",juin 2026,2026-08-14,O,B,v1.2026.08
Organisations humanitaires et de développement,ONG internationale,CESVI,Cooperazione e Sviluppo Onlus,CCCM,Ouest,HT01,Port-au-Prince,HT0111,p-code officiel de la table Admin du fichier OCHA,SRC-026,"OCHA Haïti — 3W présence opérationnelle, juin 2026 (CC BY)",juin 2026,2026-08-14,O,B,v1.2026.08
Organisations humanitaires et de développement,ONG nationale,ICDH,Initiative Citoyenne pour les Droits de l'Homme,CCCM,Ouest,HT01,Port-au-Prince,HT0111,p-code officiel de la table Admin du fichier OCHA,SRC-026,"OCHA Haïti — 3W présence opérationnelle, juin 2026 (CC BY)",juin 2026,2026-08-14,O,B,v1.2026.08
Organisations humanitaires et de développement,Nations unies,OIM,Organisation Internationale pour les Migrations,CCCM,Ouest,HT01,Port-au-Prince,HT0111,p-code officiel de la table Admin du fichier OCHA,SRC-026,"OCHA Haïti — 3W présence opérationnelle, juin 2026 (CC BY)",juin 2026,2026-08-14,O,B,v1.2026.08
Organisations humanitaires et de développement,ONG internationale,ACTED,Agence d'Aide à la Coopération Technique et au Développement,CCCM,Ouest,HT01,Pétion-Ville,HT0114,p-code officiel de la table Admin du fichier OCHA,SRC-026,"OCHA Haïti — 3W présence opérationnelle, juin 2026 (CC BY)",juin 2026,2026-08-14,O,B,v1.2026.08
Organisations humanitaires et de développement,Nations unies,OIM,Organisation Internationale pour les Migrations,CCCM,Ouest,HT01,Pétion-Ville,HT0114,p-code officiel de la table Admin du fichier OCHA,SRC-026,"OCHA Haïti — 3W présence opérationnelle, juin 2026 (CC BY)",juin 2026,2026-08-14,O,B,v1.2026.08
Organisations humanitaires et de développement,ONG nationale,ICDH,Initiative Citoyenne pour les Droits de l'Homme,CCCM,Ouest,HT01,Tabarre,HT0118,p-code officiel de la table Admin du fichier OCHA,SRC-026,"OCHA Haïti — 3W présence opérationnelle, juin 2026 (CC BY)",juin 2026,2026-08-14,O,B,v1.2026.08
Organisations humanitaires et de développement,ONG nationale,ACIDDUH,Action Citoyenne pour le Développement Durable en Haïti,Protection de l'enfant,Ouest,HT01,Pétion-Ville,HT0114,p-code officiel de la table Admin du fichier OCHA,SRC-026,"OCHA Haïti — 3W présence opérationnelle, juin 2026 (CC BY)",juin 2026,2026-08-14,O,B,v1.2026.08
Organisations humanitaires et de développement,ONG nationale,APRONHA,Association des Progressistes pour une Nouvelle Haiti,Protection de l'enfant,Centre,HT06,Hinche,HT0611,p-code officiel de la table Admin du fichier OCHA,SRC-026,"OCHA Haïti — 3W présence opérationnelle, juin 2026 (CC BY)",juin 2026,2026-08-14,O,B,v1.2026.08
Organisations humanitaires et de développement,ONG nationale,PROFAMIL,Association pour la Promotion de la Famille Haitienne,Protection de l'enfant,Ouest,HT01,Delmas,HT0112,p-code officiel de la table Admin du fichier OCHA,SRC-026,"OCHA Haïti — 3W présence opérationnelle, juin 2026 (CC BY)",juin 2026,2026-08-14,O,B,v1.2026.08
Organisations humanitaires et de développement,ONG nationale,APROSSH,Association pour la Promotion du Service Social en Haïti,Protection de l'enfant,Nord,HT03,Acul du Nord,HT0321,p-code officiel de la table Admin du fichier OCHA,SRC-026,"OCHA Haïti — 3W présence opérationnelle, juin 2026 (CC BY)",juin 2026,2026-08-14,O,B,v1.2026.08
Organisations humanitaires et de développement,ONG internationale,CRS,Catholic Relief Services,Protection de l'enfant,Sud,HT07,Camp-Perrin,HT0714,p-code officiel de la table Admin du fichier OCHA,SRC-026,"OCHA Haïti — 3W présence opérationnelle, juin 2026 (CC BY)",juin 2026,2026-08-14,O,B,v1.2026.08
Organisations humanitaires et de développement,ONG internationale,CRS,Catholic Relief Services,Protection de l'enfant,Sud,HT07,Cavaillon,HT0733,p-code officiel de la table Admin du fichier OCHA,SRC-026,"OCHA Haïti — 3W présence opérationnelle, juin 2026 (CC BY)",juin 2026,2026-08-14,O,B,v1.2026.08
Organisations humanitaires et de développement,ONG internationale,CRS,Catholic Relief Services,Protection de l'enfant,Sud,HT07,Chantal,HT0713,p-code officiel de la table Admin du fichier OCHA,SRC-026,"OCHA Haïti — 3W présence opérationnelle, juin 2026 (CC BY)",juin 2026,2026-08-14,O,B,v1.2026.08
Organisations humanitaires et de développement,ONG internationale,CRS,Catholic Relief Services,Protection de l'enfant,Sud,HT07,Les Cayes,HT0711,p-code officiel de la table Admin du fichier OCHA,SRC-026,"OCHA Haïti — 3W présence opérationnelle, juin 2026 (CC BY)",juin 2026,2026-08-14,O,B,v1.2026.08
Organisations humanitaires et de développement,ONG internationale,CRS,Catholic Relief Services,Protection de l'enfant,Sud,HT07,Maniche,HT0715,p-code officiel de la table Admin du fichier OCHA,SRC-026,"OCHA Haïti — 3W présence opérationnelle, juin 2026 (CC BY)",juin 2026,2026-08-14,O,B,v1.2026.08
Organisations humanitaires et de développement,Société civile,CPD,Comité Pour la Paix et le Développement,Protection de l'enfant,Ouest,HT01,Delmas,HT0112,p-code officiel de la table Admin du fichier OCHA,SRC-026,"OCHA Haïti — 3W présence opérationnelle, juin 2026 (CC BY)",juin 2026,2026-08-14,O,B,v1.2026.08
Organisations humanitaires et de développement,ONG internationale,Concern,Concern Worldwide,Protection de l'enfant,Ouest,HT01,Delmas,HT0112,p-code officiel de la table Admin du fichier OCHA,SRC-026,"OCHA Haïti — 3W présence opérationnelle, juin 2026 (CC BY)",juin 2026,2026-08-14,O,B,v1.2026.08
Organisations humanitaires et de développement,ONG internationale,Concern,Concern Worldwide,Protection de l'enfant,Ouest,HT01,Tabarre,HT0118,p-code officiel de la table Admin du fichier OCHA,SRC-026,"OCHA Haïti — 3W présence opérationnelle, juin 2026 (CC BY)",juin 2026,2026-08-14,O,B,v1.2026.08
Organisations humanitaires et de développement,ONG nationale,FOSREF,Fondation pour la santé reproductrice et l'éducation familiale,Protection de l'enfant,Ouest,HT01,Delmas,HT0112,p-code officiel de la table Admin du fichier OCHA,SRC-026,"OCHA Haïti — 3W présence opérationnelle, juin 2026 (CC BY)",juin 2026,2026-08-14,O,B,v1.2026.08
Organisations humanitaires et de développement,ONG nationale,TOYA,Fondation Toya,Protection de l'enfant,Ouest,HT01,Delmas,HT0112,p-code officiel de la table Admin du fichier OCHA,SRC-026,"OCHA Haïti — 3W présence opérationnelle, juin 2026 (CC BY)",juin 2026,2026-08-14,O,B,v1.2026.08
Organisations humanitaires et de développement,ONG nationale,TOYA,Fondation Toya,Protection de l'enfant,Ouest,HT01,Tabarre,HT0118,p-code officiel de la table Admin du fichier OCHA,SRC-026,"OCHA Haïti — 3W présence opérationnelle, juin 2026 (CC BY)",juin 2026,2026-08-14,O,B,v1.2026.08
Organisations humanitaires et de développement,ONG nationale,FZT,Fondation Zanmi Timoun,Protection de l'enfant,Centre,HT06,Belladère,HT0632,p-code officiel de la table Admin du fichier OCHA,SRC-026,"OCHA Haïti — 3W présence opérationnelle, juin 2026 (CC BY)",juin 2026,2026-08-14,O,B,v1.2026.08
Organisations humanitaires et de développement,ONG nationale,FZT,Fondation Zanmi Timoun,Protection de l'enfant,Ouest,HT01,Delmas,HT0112,p-code officiel de la table Admin du fichier OCHA,SRC-026,"OCHA Haïti — 3W présence opérationnelle, juin 2026 (CC BY)",juin 2026,2026-08-14,O,B,v1.2026.08
Organisations humanitaires et de développement,Nations unies,UNICEF,Fonds des Nations unies pour l'enfance,Protection de l'enfant,Artibonite,HT05,Gonaïves,HT0511,p-code officiel de la table Admin du fichier OCHA,SRC-026,"OCHA Haïti — 3W présence opérationnelle, juin 2026 (CC BY)",juin 2026,2026-08-14,O,B,v1.2026.08
Organisations humanitaires et de développement,Nations unies,UNICEF,Fonds des Nations unies pour l'enfance,Protection de l'enfant,Artibonite,HT05,Gros Morne,HT0521,p-code officiel de la table Admin du fichier OCHA,SRC-026,"OCHA Haïti — 3W présence opérationnelle, juin 2026 (CC BY)",juin 2026,2026-08-14,O,B,v1.2026.08
Organisations humanitaires et de développement,Nations unies,UNICEF,Fonds des Nations unies pour l'enfance,Protection de l'enfant,Artibonite,HT05,L'Estère,HT0513,p-code officiel de la table Admin du fichier OCHA,SRC-026,"OCHA Haïti — 3W présence opérationnelle, juin 2026 (CC BY)",juin 2026,2026-08-14,O,B,v1.2026.08
Organisations humanitaires et de développement,Nations unies,UNICEF,Fonds des Nations unies pour l'enfance,Protection de l'enfant,Artibonite,HT05,Saint-Michel de l'Attalaye,HT0551,p-code officiel de la table Admin du fichier OCHA,SRC-026,"OCHA Haïti — 3W présence opérationnelle, juin 2026 (CC BY)",juin 2026,2026-08-14,O,B,v1.2026.08
Organisations humanitaires et de développement,Nations unies,UNICEF,Fonds des Nations unies pour l'enfance,Protection de l'enfant,Centre,HT06,Belladère,HT0632,p-code officiel de la table Admin du fichier OCHA,SRC-026,"OCHA Haïti — 3W présence opérationnelle, juin 2026 (CC BY)",juin 2026,2026-08-14,O,B,v1.2026.08
Organisations humanitaires et de développement,Nations unies,UNICEF,Fonds des Nations unies pour l'enfance,Protection de l'enfant,Nord-Est,HT04,Ouanaminthe,HT0421,p-code officiel de la table Admin du fichier OCHA,SRC-026,"OCHA Haïti — 3W présence opérationnelle, juin 2026 (CC BY)",juin 2026,2026-08-14,O,B,v1.2026.08
Organisations humanitaires et de développement,Nations unies,UNICEF,Fonds des Nations unies pour l'enfance,Protection de l'enfant,Ouest,HT01,Delmas,HT0112,p-code officiel de la table Admin du fichier OCHA,SRC-026,"OCHA Haïti — 3W présence opérationnelle, juin 2026 (CC BY)",juin 2026,2026-08-14,O,B,v1.2026.08
Organisations humanitaires et de développement,Nations unies,UNICEF,Fonds des Nations unies pour l'enfance,Protection de l'enfant,Ouest,HT01,Léogâne,HT0121,p-code officiel de la table Admin du fichier OCHA,SRC-026,"OCHA Haïti — 3W présence opérationnelle, juin 2026 (CC BY)",juin 2026,2026-08-14,O,B,v1.2026.08
Organisations humanitaires et de développement,Nations unies,UNICEF,Fonds des Nations unies pour l'enfance,Protection de l'enfant,Ouest,HT01,Port-au-Prince,HT0111,p-code officiel de la table Admin du fichier OCHA,SRC-026,"OCHA Haïti — 3W présence opérationnelle, juin 2026 (CC BY)",juin 2026,2026-08-14,O,B,v1.2026.08
Organisations humanitaires et de développement,Nations unies,UNICEF,Fonds des Nations unies pour l'enfance,Protection de l'enfant,Sud,HT07,Les Cayes,HT0711,p-code officiel de la table Admin du fichier OCHA,SRC-026,"OCHA Haïti — 3W présence opérationnelle, juin 2026 (CC BY)",juin 2026,2026-08-14,O,B,v1.2026.08
Organisations humanitaires et de développement,Nations unies,UNICEF,Fonds des Nations unies pour l'enfance,Protection de l'enfant,Sud,HT07,Torbeck,HT0712,p-code officiel de la table Admin du fichier OCHA,SRC-026,"OCHA Haïti — 3W présence opérationnelle, juin 2026 (CC BY)",juin 2026,2026-08-14,O,B,v1.2026.08
Organisations humanitaires et de développement,Nations unies,UNICEF,Fonds des Nations unies pour l'enfance,Protection de l'enfant,Sud-Est,HT02,Anse-à-Pître,HT0234,p-code officiel de la table Admin du fichier OCHA,SRC-026,"OCHA Haïti — 3W présence opérationnelle, juin 2026 (CC BY)",juin 2026,2026-08-14,O,B,v1.2026.08
Organisations humanitaires et de développement,ONG nationale,FAE,Foyer d'assistance aux Enfants,Protection de l'enfant,Ouest,HT01,Carrefour,HT0113,p-code officiel de la table Admin du fichier OCHA,SRC-026,"OCHA Haïti — 3W présence opérationnelle, juin 2026 (CC BY)",juin 2026,2026-08-14,O,B,v1.2026.08
Organisations humanitaires et de développement,ONG nationale,GRABEC,Groupe de Recherches et d'Actions pour le Bien-Etre Collectif,Protection de l'enfant,Nord-Est,HT04,Ouanaminthe,HT0421,p-code officiel de la table Admin du fichier OCHA,SRC-026,"OCHA Haïti — 3W présence opérationnelle, juin 2026 (CC BY)",juin 2026,2026-08-14,O,B,v1.2026.08
Organisations humanitaires et de développement,Société civile,HAGN,Haiti Adolescent Girls Network,Protection de l'enfant,Ouest,HT01,Port-au-Prince,HT0111,p-code officiel de la table Admin du fichier OCHA,SRC-026,"OCHA Haïti — 3W présence opérationnelle, juin 2026 (CC BY)",juin 2026,2026-08-14,O,B,v1.2026.08
Organisations humanitaires et de développement,ONG internationale,IRC,International Rescue Committee,Protection de l'enfant,Centre,HT06,Belladère,HT0632,p-code officiel de la table Admin du fichier OCHA,SRC-026,"OCHA Haïti — 3W présence opérationnelle, juin 2026 (CC BY)",juin 2026,2026-08-14,O,B,v1.2026.08
Organisations humanitaires et de développement,ONG internationale,IRC,International Rescue Committee,Protection de l'enfant,Ouest,HT01,Delmas,HT0112,p-code officiel de la table Admin du fichier OCHA,SRC-026,"OCHA Haïti — 3W présence opérationnelle, juin 2026 (CC BY)",juin 2026,2026-08-14,O,B,v1.2026.08
Organisations humanitaires et de développement,ONG nationale,JECO,Jeunesse Combattante,Protection de l'enfant,Ouest,HT01,Carrefour,HT0113,p-code officiel de la table Admin du fichier OCHA,SRC-026,"OCHA Haïti — 3W présence opérationnelle, juin 2026 (CC BY)",juin 2026,2026-08-14,O,B,v1.2026.08
Organisations humanitaires et de développement,ONG nationale,JECO,Jeunesse Combattante,Protection de l'enfant,Ouest,HT01,Gressier,HT0116,p-code officiel de la table Admin du fichier OCHA,SRC-026,"OCHA Haïti — 3W présence opérationnelle, juin 2026 (CC BY)",juin 2026,2026-08-14,O,B,v1.2026.08
Organisations humanitaires et de développement,Nations unies,OIM,Organisation Internationale pour les Migrations,Protection de l'enfant,Nord-Est,HT04,Ouanaminthe,HT0421,p-code officiel de la table Admin du fichier OCHA,SRC-026,"OCHA Haïti — 3W présence opérationnelle, juin 2026 (CC BY)",juin 2026,2026-08-14,O,B,v1.2026.08
Organisations humanitaires et de développement,Nations unies,OIM,Organisation Internationale pour les Migrations,Protection de l'enfant,Ouest,HT01,Delmas,HT0112,p-code officiel de la table Admin du fichier OCHA,SRC-026,"OCHA Haïti — 3W présence opérationnelle, juin 2026 (CC BY)",juin 2026,2026-08-14,O,B,v1.2026.08
Organisations humanitaires et de développement,Nations unies,OIM,Organisation Internationale pour les Migrations,Protection de l'enfant,Ouest,HT01,Port-au-Prince,HT0111,p-code officiel de la table Admin du fichier OCHA,SRC-026,"OCHA Haïti — 3W présence opérationnelle, juin 2026 (CC BY)",juin 2026,2026-08-14,O,B,v1.2026.08
Organisations humanitaires et de développement,Nations unies,OIM,Organisation Internationale pour les Migrations,Protection de l'enfant,Ouest,HT01,Tabarre,HT0118,p-code officiel de la table Admin du fichier OCHA,SRC-026,"OCHA Haïti — 3W présence opérationnelle, juin 2026 (CC BY)",juin 2026,2026-08-14,O,B,v1.2026.08
Organisations humanitaires et de développement,ONG internationale,Plan-I,Plan International,Protection de l'enfant,Artibonite,HT05,Saint-Michel de l'Attalaye,HT0551,p-code officiel de la table Admin du fichier OCHA,SRC-026,"OCHA Haïti — 3W présence opérationnelle, juin 2026 (CC BY)",juin 2026,2026-08-14,O,B,v1.2026.08
Organisations humanitaires et de développement,ONG internationale,Plan-I,Plan International,Protection de l'enfant,Artibonite,HT05,Gonaïves,HT0511,p-code officiel de la table Admin du fichier OCHA,SRC-026,"OCHA Haïti — 3W présence opérationnelle, juin 2026 (CC BY)",juin 2026,2026-08-14,O,B,v1.2026.08
Organisations humanitaires et de développement,ONG internationale,Plan-I,Plan International,Protection de l'enfant,Artibonite,HT05,Gros Morne,HT0521,p-code officiel de la table Admin du fichier OCHA,SRC-026,"OCHA Haïti — 3W présence opérationnelle, juin 2026 (CC BY)",juin 2026,2026-08-14,O,B,v1.2026.08
Organisations humanitaires et de développement,ONG internationale,Plan-I,Plan International,Protection de l'enfant,Grande'Anse,HT08,Jérémie,HT0811,p-code officiel de la table Admin du fichier OCHA,SRC-026,"OCHA Haïti — 3W présence opérationnelle, juin 2026 (CC BY)",juin 2026,2026-08-14,O,B,v1.2026.08
Organisations humanitaires et de développement,ONG internationale,Plan-I,Plan International,Protection de l'enfant,Sud-Est,HT02,Anse-à-Pître,HT0234,p-code officiel de la table Admin du fichier OCHA,SRC-026,"OCHA Haïti — 3W présence opérationnelle, juin 2026 (CC BY)",juin 2026,2026-08-14,O,B,v1.2026.08
Organisations humanitaires et de développement,ONG internationale,Plan-I,Plan International,Protection de l'enfant,Sud-Est,HT02,Bainet,HT0221,p-code officiel de la table Admin du fichier OCHA,SRC-026,"OCHA Haïti — 3W présence opérationnelle, juin 2026 (CC BY)",juin 2026,2026-08-14,O,B,v1.2026.08
Organisations humanitaires et de développement,ONG internationale,Plan-I,Plan International,Protection de l'enfant,Sud-Est,HT02,Jacmel,HT0211,p-code officiel de la table Admin du fichier OCHA,SRC-026,"OCHA Haïti — 3W présence opérationnelle, juin 2026 (CC BY)",juin 2026,2026-08-14,O,B,v1.2026.08
Organisations humanitaires et de développement,ONG nationale,REFKAD,Rezo Fanm KAPAB DAYITI,Protection de l'enfant,Ouest,HT01,Carrefour,HT0113,p-code officiel de la table Admin du fichier OCHA,SRC-026,"OCHA Haïti — 3W présence opérationnelle, juin 2026 (CC BY)",juin 2026,2026-08-14,O,B,v1.2026.08
Organisations humanitaires et de développement,ONG internationale,SCI,Save The Children International,Protection de l'enfant,Ouest,HT01,Port-au-Prince,HT0111,p-code officiel de la table Admin du fichier OCHA,SRC-026,"OCHA Haïti — 3W présence opérationnelle, juin 2026 (CC BY)",juin 2026,2026-08-14,O,B,v1.2026.08
Organisations humanitaires et de développement,ONG internationale,SCI,Save The Children International,Protection de l'enfant,Sud,HT07,Camp-Perrin,HT0714,p-code officiel de la table Admin du fichier OCHA,SRC-026,"OCHA Haïti — 3W présence opérationnelle, juin 2026 (CC BY)",juin 2026,2026-08-14,O,B,v1.2026.08
Organisations humanitaires et de développement,ONG internationale,SCI,Save The Children International,Protection de l'enfant,Sud,HT07,Les Cayes,HT0711,p-code officiel de la table Admin du fichier OCHA,SRC-026,"OCHA Haïti — 3W présence opérationnelle, juin 2026 (CC BY)",juin 2026,2026-08-14,O,B,v1.2026.08
Organisations humanitaires et de développement,ONG internationale,SCI,Save The Children International,Protection de l'enfant,Sud,HT07,Torbeck,HT0712,p-code officiel de la table Admin du fichier OCHA,SRC-026,"OCHA Haïti — 3W présence opérationnelle, juin 2026 (CC BY)",juin 2026,2026-08-14,O,B,v1.2026.08
Organisations humanitaires et de développement,ONG internationale,WVI,World Vision International,Protection de l'enfant,Centre,HT06,Boucan Carré,HT0623,p-code officiel de la table Admin du fichier OCHA,SRC-026,"OCHA Haïti — 3W présence opérationnelle, juin 2026 (CC BY)",juin 2026,2026-08-14,O,B,v1.2026.08
Organisations humanitaires et de développement,ONG internationale,WVI,World Vision International,Protection de l'enfant,Centre,HT06,Cerca La Source,HT0641,p-code officiel de la table Admin du fichier OCHA,SRC-026,"OCHA Haïti — 3W présence opérationnelle, juin 2026 (CC BY)",juin 2026,2026-08-14,O,B,v1.2026.08
Organisations humanitaires et de développement,ONG internationale,WVI,World Vision International,Protection de l'enfant,Centre,HT06,Hinche,HT0611,p-code officiel de la table Admin du fichier OCHA,SRC-026,"OCHA Haïti — 3W présence opérationnelle, juin 2026 (CC BY)",juin 2026,2026-08-14,O,B,v1.2026.08
Organisations humanitaires et de développement,ONG internationale,WVI,World Vision International,Protection de l'enfant,Nippes,HT10,Anse-à-Veau,HT1021,p-code officiel de la table Admin du fichier OCHA,SRC-026,"OCHA Haïti — 3W présence opérationnelle, juin 2026 (CC BY)",juin 2026,2026-08-14,O,B,v1.2026.08
Organisations humanitaires et de développement,ONG internationale,WVI,World Vision International,Protection de l'enfant,Nippes,HT10,Baradères,HT1031,p-code officiel de la table Admin du fichier OCHA,SRC-026,"OCHA Haïti — 3W présence opérationnelle, juin 2026 (CC BY)",juin 2026,2026-08-14,O,B,v1.2026.08
Organisations humanitaires et de développement,ONG internationale,WVI,World Vision International,Protection de l'enfant,Nippes,HT10,Petit Trou de Nippes,HT1022,p-code officiel de la table Admin du fichier OCHA,SRC-026,"OCHA Haïti — 3W présence opérationnelle, juin 2026 (CC BY)",juin 2026,2026-08-14,O,B,v1.2026.08
Organisations humanitaires et de développement,ONG internationale,WVI,World Vision International,Protection de l'enfant,Ouest,HT01,Delmas,HT0112,p-code officiel de la table Admin du fichier OCHA,SRC-026,"OCHA Haïti — 3W présence opérationnelle, juin 2026 (CC BY)",juin 2026,2026-08-14,O,B,v1.2026.08
Organisations humanitaires et de développement,ONG internationale,WVI,World Vision International,Protection de l'enfant,Ouest,HT01,Pétion-Ville,HT0114,p-code officiel de la table Admin du fichier OCHA,SRC-026,"OCHA Haïti — 3W présence opérationnelle, juin 2026 (CC BY)",juin 2026,2026-08-14,O,B,v1.2026.08
Organisations humanitaires et de développement,ONG nationale,ZL,Zanmi Lasante,Protection de l'enfant,Artibonite,HT05,Saint-Marc,HT0531,p-code officiel de la table Admin du fichier OCHA,SRC-026,"OCHA Haïti — 3W présence opérationnelle, juin 2026 (CC BY)",juin 2026,2026-08-14,O,B,v1.2026.08
Organisations humanitaires et de développement,ONG nationale,ZL,Zanmi Lasante,Protection de l'enfant,Artibonite,HT05,Verrettes,HT0532,p-code officiel de la table Admin du fichier OCHA,SRC-026,"OCHA Haïti — 3W présence opérationnelle, juin 2026 (CC BY)",juin 2026,2026-08-14,O,B,v1.2026.08
Organisations humanitaires et de développement,ONG nationale,ACIDDUH,Action Citoyenne pour le Développement Durable en Haïti,Protection de l'enfant,Artibonite,HT05,L'Estère,HT0513,p-code officiel de la table Admin du fichier OCHA,SRC-026,"OCHA Haïti — 3W présence opérationnelle, juin 2026 (CC BY)",juin 2026,2026-08-14,O,B,v1.2026.08
Organisations humanitaires et de développement,ONG nationale,APADEH,Action Pastorale pour le Developpement Humain,Protection de l'enfant,Ouest,HT01,Port-au-Prince,HT0111,p-code officiel de la table Admin du fichier OCHA,SRC-026,"OCHA Haïti — 3W présence opérationnelle, juin 2026 (CC BY)",juin 2026,2026-08-14,O,B,v1.2026.08
Organisations humanitaires et de développement,ONG internationale,AVSI,Association des Volontaires pour le Service International,Protection de l'enfant,Ouest,HT01,Delmas,HT0112,p-code officiel de la table Admin du fichier OCHA,SRC-026,"OCHA Haïti — 3W présence opérationnelle, juin 2026 (CC BY)",juin 2026,2026-08-14,O,B,v1.2026.08
Organisations humanitaires et de développement,ONG nationale,ASHAPE,Association Haitienne pour la Paix et l'Éducation,Protection de l'enfant,Ouest,HT01,Port-au-Prince,HT0111,p-code officiel de la table Admin du fichier OCHA,SRC-026,"OCHA Haïti — 3W présence opérationnelle, juin 2026 (CC BY)",juin 2026,2026-08-14,O,B,v1.2026.08
Organisations humanitaires et de développement,ONG nationale,CAPAC,Centre d'Animation Paysanne et d'Action Communautaire,Protection de l'enfant,Artibonite,HT05,Gonaïves,HT0511,p-code officiel de la table Admin du fichier OCHA,SRC-026,"OCHA Haïti — 3W présence opérationnelle, juin 2026 (CC BY)",juin 2026,2026-08-14,O,B,v1.2026.08
Organisations humanitaires et de développement,ONG nationale,CAPAC,Centre d'Animation Paysanne et d'Action Communautaire,Protection de l'enfant,Artibonite,HT05,Gros Morne,HT0521,p-code officiel de la table Admin du fichier OCHA,SRC-026,"OCHA Haïti — 3W présence opérationnelle, juin 2026 (CC BY)",juin 2026,2026-08-14,O,B,v1.2026.08
Organisations humanitaires et de développement,ONG nationale,CAPAC,Centre d'Animation Paysanne et d'Action Communautaire,Protection de l'enfant,Artibonite,HT05,Saint-Michel de l'Attalaye,HT0551,p-code officiel de la table Admin du fichier OCHA,SRC-026,"OCHA Haïti — 3W présence opérationnelle, juin 2026 (CC BY)",juin 2026,2026-08-14,O,B,v1.2026.08
Organisations humanitaires et de développement,ONG nationale,CAPAC,Centre d'Animation Paysanne et d'Action Communautaire,Protection de l'enfant,Nord-Est,HT04,Ouanaminthe,HT0421,p-code officiel de la table Admin du fichier OCHA,SRC-026,"OCHA Haïti — 3W présence opérationnelle, juin 2026 (CC BY)",juin 2026,2026-08-14,O,B,v1.2026.08
Organisations humanitaires et de développement,ONG nationale,CAPAC,Centre d'Animation Paysanne et d'Action Communautaire,Protection de l'enfant,Ouest,HT01,Léogâne,HT0121,p-code officiel de la table Admin du fichier OCHA,SRC-026,"OCHA Haïti — 3W présence opérationnelle, juin 2026 (CC BY)",juin 2026,2026-08-14,O,B,v1.2026.08
Organisations humanitaires et de développement,ONG nationale,CAPAC,Centre d'Animation Paysanne et d'Action Communautaire,Protection de l'enfant,Ouest,HT01,Port-au-Prince,HT0111,p-code officiel de la table Admin du fichier OCHA,SRC-026,"OCHA Haïti — 3W présence opérationnelle, juin 2026 (CC BY)",juin 2026,2026-08-14,O,B,v1.2026.08
Organisations humanitaires et de développement,ONG nationale,CFRAPS,Centre de Formation et de Recherches en Appui Psychosocial,Protection de l'enfant,Sud,HT07,Camp-Perrin,HT0714,p-code officiel de la table Admin du fichier OCHA,SRC-026,"OCHA Haïti — 3W présence opérationnelle, juin 2026 (CC BY)",juin 2026,2026-08-14,O,B,v1.2026.08
Organisations humanitaires et de développement,ONG nationale,CFRAPS,Centre de Formation et de Recherches en Appui Psychosocial,Protection de l'enfant,Sud,HT07,Chantal,HT0713,p-code officiel de la table Admin du fichier OCHA,SRC-026,"OCHA Haïti — 3W présence opérationnelle, juin 2026 (CC BY)",juin 2026,2026-08-14,O,B,v1.2026.08
Organisations humanitaires et de développement,ONG nationale,CFRAPS,Centre de Formation et de Recherches en Appui Psychosocial,Protection de l'enfant,Sud,HT07,Les Cayes,HT0711,p-code officiel de la table Admin du fichier OCHA,SRC-026,"OCHA Haïti — 3W présence opérationnelle, juin 2026 (CC BY)",juin 2026,2026-08-14,O,B,v1.2026.08
Organisations humanitaires et de développement,ONG nationale,CFRAPS,Centre de Formation et de Recherches en Appui Psychosocial,Protection de l'enfant,Sud,HT07,Maniche,HT0715,p-code officiel de la table Admin du fichier OCHA,SRC-026,"OCHA Haïti — 3W présence opérationnelle, juin 2026 (CC BY)",juin 2026,2026-08-14,O,B,v1.2026.08
Organisations humanitaires et de développement,ONG nationale,CFRAPS,Centre de Formation et de Recherches en Appui Psychosocial,Protection de l'enfant,Sud,HT07,Torbeck,HT0712,p-code officiel de la table Admin du fichier OCHA,SRC-026,"OCHA Haïti — 3W présence opérationnelle, juin 2026 (CC BY)",juin 2026,2026-08-14,O,B,v1.2026.08
Organisations humanitaires et de développement,ONG nationale,TOYA,Fondation Toya,Protection de l'enfant,Ouest,HT01,Port-au-Prince,HT0111,p-code officiel de la table Admin du fichier OCHA,SRC-026,"OCHA Haïti — 3W présence opérationnelle, juin 2026 (CC BY)",juin 2026,2026-08-14,O,B,v1.2026.08
Organisations humanitaires et de développement,ONG nationale,ICDH,Initiative Citoyenne pour les Droits de l'Homme,Protection de l'enfant,Ouest,HT01,Delmas,HT0112,p-code officiel de la table Admin du fichier OCHA,SRC-026,"OCHA Haïti — 3W présence opérationnelle, juin 2026 (CC BY)",juin 2026,2026-08-14,O,B,v1.2026.08
Organisations humanitaires et de développement,ONG nationale,ICDH,Initiative Citoyenne pour les Droits de l'Homme,Protection de l'enfant,Ouest,HT01,Port-au-Prince,HT0111,p-code officiel de la table Admin du fichier OCHA,SRC-026,"OCHA Haïti — 3W présence opérationnelle, juin 2026 (CC BY)",juin 2026,2026-08-14,O,B,v1.2026.08
Organisations humanitaires et de développement,Gouvernement,IBESR,Institut du Bien-Etre Social et de Recherches,Protection de l'enfant,Artibonite,HT05,Gonaïves,HT0511,p-code officiel de la table Admin du fichier OCHA,SRC-026,"OCHA Haïti — 3W présence opérationnelle, juin 2026 (CC BY)",juin 2026,2026-08-14,O,B,v1.2026.08
Organisations humanitaires et de développement,Gouvernement,IBESR,Institut du Bien-Etre Social et de Recherches,Protection de l'enfant,Artibonite,HT05,Gros Morne,HT0521,p-code officiel de la table Admin du fichier OCHA,SRC-026,"OCHA Haïti — 3W présence opérationnelle, juin 2026 (CC BY)",juin 2026,2026-08-14,O,B,v1.2026.08
Organisations humanitaires et de développement,Gouvernement,IBESR,Institut du Bien-Etre Social et de Recherches,Protection de l'enfant,Artibonite,HT05,Saint-Michel de l'Attalaye,HT0551,p-code officiel de la table Admin du fichier OCHA,SRC-026,"OCHA Haïti — 3W présence opérationnelle, juin 2026 (CC BY)",juin 2026,2026-08-14,O,B,v1.2026.08
Organisations humanitaires et de développement,Gouvernement,IBESR,Institut du Bien-Etre Social et de Recherches,Protection de l'enfant,Centre,HT06,Belladère,HT0632,p-code officiel de la table Admin du fichier OCHA,SRC-026,"OCHA Haïti — 3W présence opérationnelle, juin 2026 (CC BY)",juin 2026,2026-08-14,O,B,v1.2026.08
Organisations humanitaires et de développement,Gouvernement,IBESR,Institut du Bien-Etre Social et de Recherches,Protection de l'enfant,Sud,HT07,Camp-Perrin,HT0714,p-code officiel de la table Admin du fichier OCHA,SRC-026,"OCHA Haïti — 3W présence opérationnelle, juin 2026 (CC BY)",juin 2026,2026-08-14,O,B,v1.2026.08
Organisations humanitaires et de développement,Gouvernement,IBESR,Institut du Bien-Etre Social et de Recherches,Protection de l'enfant,Sud,HT07,Cavaillon,HT0733,p-code officiel de la table Admin du fichier OCHA,SRC-026,"OCHA Haïti — 3W présence opérationnelle, juin 2026 (CC BY)",juin 2026,2026-08-14,O,B,v1.2026.08
Organisations humanitaires et de développement,Gouvernement,IBESR,Institut du Bien-Etre Social et de Recherches,Protection de l'enfant,Sud,HT07,Les Cayes,HT0711,p-code officiel de la table Admin du fichier OCHA,SRC-026,"OCHA Haïti — 3W présence opérationnelle, juin 2026 (CC BY)",juin 2026,2026-08-14,O,B,v1.2026.08
Organisations humanitaires et de développement,Gouvernement,IBESR,Institut du Bien-Etre Social et de Recherches,Protection de l'enfant,Sud,HT07,Maniche,HT0715,p-code officiel de la table Admin du fichier OCHA,SRC-026,"OCHA Haïti — 3W présence opérationnelle, juin 2026 (CC BY)",juin 2026,2026-08-14,O,B,v1.2026.08
Organisations humanitaires et de développement,Gouvernement,IBESR,Institut du Bien-Etre Social et de Recherches,Protection de l'enfant,Sud-Est,HT02,Anse-à-Pître,HT0234,p-code officiel de la table Admin du fichier OCHA,SRC-026,"OCHA Haïti — 3W présence opérationnelle, juin 2026 (CC BY)",juin 2026,2026-08-14,O,B,v1.2026.08
Organisations humanitaires et de développement,Gouvernement,IBESR,Institut du Bien-Etre Social et de Recherches,Protection de l'enfant,Sud-Est,HT02,Bainet,HT0221,p-code officiel de la table Admin du fichier OCHA,SRC-026,"OCHA Haïti — 3W présence opérationnelle, juin 2026 (CC BY)",juin 2026,2026-08-14,O,B,v1.2026.08
Organisations humanitaires et de développement,Gouvernement,IBESR,Institut du Bien-Etre Social et de Recherches,Protection de l'enfant,Sud-Est,HT02,Jacmel,HT0211,p-code officiel de la table Admin du fichier OCHA,SRC-026,"OCHA Haïti — 3W présence opérationnelle, juin 2026 (CC BY)",juin 2026,2026-08-14,O,B,v1.2026.08
Organisations humanitaires et de développement,ONG nationale,KPTSL,Komite Pwoteksyon Timoun Site Letènèl,Protection de l'enfant,Ouest,HT01,Delmas,HT0112,p-code officiel de la table Admin du fichier OCHA,SRC-026,"OCHA Haïti — 3W présence opérationnelle, juin 2026 (CC BY)",juin 2026,2026-08-14,O,B,v1.2026.08
Organisations humanitaires et de développement,ONG nationale,OFAVA,Oganizayon Fanm Vanyan an Aksyon,Protection de l'enfant,Ouest,HT01,Port-au-Prince,HT0111,p-code officiel de la table Admin du fichier OCHA,SRC-026,"OCHA Haïti — 3W présence opérationnelle, juin 2026 (CC BY)",juin 2026,2026-08-14,O,B,v1.2026.08
Organisations humanitaires et de développement,,Rapha,Rapha,Protection de l'enfant,Ouest,HT01,Delmas,HT0112,p-code officiel de la table Admin du fichier OCHA,SRC-026,"OCHA Haïti — 3W présence opérationnelle, juin 2026 (CC BY)",juin 2026,2026-08-14,O,B,v1.2026.08
Organisations humanitaires et de développement,ONG nationale,100% Fanm,100% Fanm,Protection générale,Ouest,HT01,Port-au-Prince,HT0111,p-code officiel de la table Admin du fichier OCHA,SRC-026,"OCHA Haïti — 3W présence opérationnelle, juin 2026 (CC BY)",juin 2026,2026-08-14,O,B,v1.2026.08
Organisations humanitaires et de développement,ONG nationale,APADEH,Action Pastorale pour le Developpement Humain,Protection générale,Ouest,HT01,Cité Soleil,HT0117,p-code officiel de la table Admin du fichier OCHA,SRC-026,"OCHA Haïti — 3W présence opérationnelle, juin 2026 (CC BY)",juin 2026,2026-08-14,O,B,v1.2026.08
Organisations humanitaires et de développement,ONG nationale,APADEH,Action Pastorale pour le Developpement Humain,Protection générale,Ouest,HT01,Port-au-Prince,HT0111,p-code officiel de la table Admin du fichier OCHA,SRC-026,"OCHA Haïti — 3W présence opérationnelle, juin 2026 (CC BY)",juin 2026,2026-08-14,O,B,v1.2026.08
Organisations humanitaires et de développement,Société civile,AFAGM,Association des Femmes en Action de Gros-Morne,Protection générale,Artibonite,HT05,Gros Morne,HT0521,p-code officiel de la table Admin du fichier OCHA,SRC-026,"OCHA Haïti — 3W présence opérationnelle, juin 2026 (CC BY)",juin 2026,2026-08-14,O,B,v1.2026.08
Organisations humanitaires et de développement,ONG internationale,AVSI,Association des Volontaires pour le Service International,Protection générale,Ouest,HT01,Cité Soleil,HT0117,p-code officiel de la table Admin du fichier OCHA,SRC-026,"OCHA Haïti — 3W présence opérationnelle, juin 2026 (CC BY)",juin 2026,2026-08-14,O,B,v1.2026.08
Organisations humanitaires et de développement,ONG internationale,AVSI,Association des Volontaires pour le Service International,Protection générale,Ouest,HT01,Delmas,HT0112,p-code officiel de la table Admin du fichier OCHA,SRC-026,"OCHA Haïti — 3W présence opérationnelle, juin 2026 (CC BY)",juin 2026,2026-08-14,O,B,v1.2026.08
Organisations humanitaires et de développement,ONG nationale,ARVH,Association pour la Réduction de la Vulnérabilité en Haiti,Protection générale,Ouest,HT01,Delmas,HT0112,p-code officiel de la table Admin du fichier OCHA,SRC-026,"OCHA Haïti — 3W présence opérationnelle, juin 2026 (CC BY)",juin 2026,2026-08-14,O,B,v1.2026.08
Organisations humanitaires et de développement,ONG nationale,ARVH,Association pour la Réduction de la Vulnérabilité en Haiti,Protection générale,Ouest,HT01,Port-au-Prince,HT0111,p-code officiel de la table Admin du fichier OCHA,SRC-026,"OCHA Haïti — 3W présence opérationnelle, juin 2026 (CC BY)",juin 2026,2026-08-14,O,B,v1.2026.08
Organisations humanitaires et de développement,ONG nationale,CAPAC,Centre d'Animation Paysanne et d'Action Communautaire,Protection générale,Artibonite,HT05,Gros Morne,HT0521,p-code officiel de la table Admin du fichier OCHA,SRC-026,"OCHA Haïti — 3W présence opérationnelle, juin 2026 (CC BY)",juin 2026,2026-08-14,O,B,v1.2026.08
Organisations humanitaires et de développement,Société civile,CPD,Comité Pour la Paix et le Développement,Protection générale,Ouest,HT01,Delmas,HT0112,p-code officiel de la table Admin du fichier OCHA,SRC-026,"OCHA Haïti — 3W présence opérationnelle, juin 2026 (CC BY)",juin 2026,2026-08-14,O,B,v1.2026.08
Organisations humanitaires et de développement,ONG internationale,Concern,Concern Worldwide,Protection générale,Ouest,HT01,Cité Soleil,HT0117,p-code officiel de la table Admin du fichier OCHA,SRC-026,"OCHA Haïti — 3W présence opérationnelle, juin 2026 (CC BY)",juin 2026,2026-08-14,O,B,v1.2026.08
Organisations humanitaires et de développement,ONG internationale,Concern,Concern Worldwide,Protection générale,Ouest,HT01,Croix-Des-Bouquets,HT0131,p-code officiel de la table Admin du fichier OCHA,SRC-026,"OCHA Haïti — 3W présence opérationnelle, juin 2026 (CC BY)",juin 2026,2026-08-14,O,B,v1.2026.08
Organisations humanitaires et de développement,ONG internationale,Concern,Concern Worldwide,Protection générale,Ouest,HT01,Delmas,HT0112,p-code officiel de la table Admin du fichier OCHA,SRC-026,"OCHA Haïti — 3W présence opérationnelle, juin 2026 (CC BY)",juin 2026,2026-08-14,O,B,v1.2026.08
Organisations humanitaires et de développement,ONG nationale,DEP,Défenseurs Plus,Protection générale,Nord,HT03,Cap-Haïtien,HT0311,p-code officiel de la table Admin du fichier OCHA,SRC-026,"OCHA Haïti — 3W présence opérationnelle, juin 2026 (CC BY)",juin 2026,2026-08-14,O,B,v1.2026.08
Organisations humanitaires et de développement,ONG nationale,DEP,Défenseurs Plus,Protection générale,Ouest,HT01,Delmas,HT0112,p-code officiel de la table Admin du fichier OCHA,SRC-026,"OCHA Haïti — 3W présence opérationnelle, juin 2026 (CC BY)",juin 2026,2026-08-14,O,B,v1.2026.08
Organisations humanitaires et de développement,ONG nationale,DEP,Défenseurs Plus,Protection générale,Ouest,HT01,Pétion-Ville,HT0114,p-code officiel de la table Admin du fichier OCHA,SRC-026,"OCHA Haïti — 3W présence opérationnelle, juin 2026 (CC BY)",juin 2026,2026-08-14,O,B,v1.2026.08
Organisations humanitaires et de développement,ONG nationale,DEP,Défenseurs Plus,Protection générale,Ouest,HT01,Port-au-Prince,HT0111,p-code officiel de la table Admin du fichier OCHA,SRC-026,"OCHA Haïti — 3W présence opérationnelle, juin 2026 (CC BY)",juin 2026,2026-08-14,O,B,v1.2026.08
Organisations humanitaires et de développement,ONG nationale,DEP,Défenseurs Plus,Protection générale,Sud-Est,HT02,Jacmel,HT0211,p-code officiel de la table Admin du fichier OCHA,SRC-026,"OCHA Haïti — 3W présence opérationnelle, juin 2026 (CC BY)",juin 2026,2026-08-14,O,B,v1.2026.08
Organisations humanitaires et de développement,ONG internationale,DKH,Diakonie Katastrophenhilfe,Protection générale,Ouest,HT01,Port-au-Prince,HT0111,p-code officiel de la table Admin du fichier OCHA,SRC-026,"OCHA Haïti — 3W présence opérationnelle, juin 2026 (CC BY)",juin 2026,2026-08-14,O,B,v1.2026.08
Organisations humanitaires et de développement,ONG nationale,FADHRIS,Femmes en Association pour le Développement d'Haïti et pour le Renforcement de l'Intégration Sociale,Protection générale,Ouest,HT01,Delmas,HT0112,p-code officiel de la table Admin du fichier OCHA,SRC-026,"OCHA Haïti — 3W présence opérationnelle, juin 2026 (CC BY)",juin 2026,2026-08-14,O,B,v1.2026.08
Organisations humanitaires et de développement,Nations unies,UNICEF,Fonds des Nations unies pour l'enfance,Protection générale,Ouest,HT01,Port-au-Prince,HT0111,p-code officiel de la table Admin du fichier OCHA,SRC-026,"OCHA Haïti — 3W présence opérationnelle, juin 2026 (CC BY)",juin 2026,2026-08-14,O,B,v1.2026.08
Organisations humanitaires et de développement,,Goal,Goal,Protection générale,Ouest,HT01,Cité Soleil,HT0117,p-code officiel de la table Admin du fichier OCHA,SRC-026,"OCHA Haïti — 3W présence opérationnelle, juin 2026 (CC BY)",juin 2026,2026-08-14,O,B,v1.2026.08
Organisations humanitaires et de développement,,Goal,Goal,Protection générale,Ouest,HT01,Pétion-Ville,HT0114,p-code officiel de la table Admin du fichier OCHA,SRC-026,"OCHA Haïti — 3W présence opérationnelle, juin 2026 (CC BY)",juin 2026,2026-08-14,O,B,v1.2026.08
Organisations humanitaires et de développement,,Goal,Goal,Protection générale,Ouest,HT01,Port-au-Prince,HT0111,p-code officiel de la table Admin du fichier OCHA,SRC-026,"OCHA Haïti — 3W présence opérationnelle, juin 2026 (CC BY)",juin 2026,2026-08-14,O,B,v1.2026.08
Organisations humanitaires et de développement,ONG nationale,GDDHDI,Groupe de Défense des Droits Humains pour le Développement Intégré,Protection générale,Centre,HT06,Lascahobas,HT0631,p-code officiel de la table Admin du fichier OCHA,SRC-026,"OCHA Haïti — 3W présence opérationnelle, juin 2026 (CC BY)",juin 2026,2026-08-14,O,B,v1.2026.08
Organisations humanitaires et de développement,ONG nationale,GDDHDI,Groupe de Défense des Droits Humains pour le Développement Intégré,Protection générale,Centre,HT06,Hinche,HT0611,p-code officiel de la table Admin du fichier OCHA,SRC-026,"OCHA Haïti — 3W présence opérationnelle, juin 2026 (CC BY)",juin 2026,2026-08-14,O,B,v1.2026.08
Organisations humanitaires et de développement,ONG internationale,HI,Humanité & Inclusion,Protection générale,Ouest,HT01,Port-au-Prince,HT0111,p-code officiel de la table Admin du fichier OCHA,SRC-026,"OCHA Haïti — 3W présence opérationnelle, juin 2026 (CC BY)",juin 2026,2026-08-14,O,B,v1.2026.08
Organisations humanitaires et de développement,ONG nationale,ICDH,Initiative Citoyenne pour les Droits de l'Homme,Protection générale,Ouest,HT01,Delmas,HT0112,p-code officiel de la table Admin du fichier OCHA,SRC-026,"OCHA Haïti — 3W présence opérationnelle, juin 2026 (CC BY)",juin 2026,2026-08-14,O,B,v1.2026.08
Organisations humanitaires et de développement,ONG nationale,ICDH,Initiative Citoyenne pour les Droits de l'Homme,Protection générale,Ouest,HT01,Port-au-Prince,HT0111,p-code officiel de la table Admin du fichier OCHA,SRC-026,"OCHA Haïti — 3W présence opérationnelle, juin 2026 (CC BY)",juin 2026,2026-08-14,O,B,v1.2026.08
Organisations humanitaires et de développement,ONG internationale,IRC,International Rescue Committee,Protection générale,Ouest,HT01,Delmas,HT0112,p-code officiel de la table Admin du fichier OCHA,SRC-026,"OCHA Haïti — 3W présence opérationnelle, juin 2026 (CC BY)",juin 2026,2026-08-14,O,B,v1.2026.08
Organisations humanitaires et de développement,Nations unies,OIM,Organisation Internationale pour les Migrations,Protection générale,Nord-Est,HT04,Ouanaminthe,HT0421,p-code officiel de la table Admin du fichier OCHA,SRC-026,"OCHA Haïti — 3W présence opérationnelle, juin 2026 (CC BY)",juin 2026,2026-08-14,O,B,v1.2026.08
Organisations humanitaires et de développement,Nations unies,OIM,Organisation Internationale pour les Migrations,Protection générale,Ouest,HT01,Delmas,HT0112,p-code officiel de la table Admin du fichier OCHA,SRC-026,"OCHA Haïti — 3W présence opérationnelle, juin 2026 (CC BY)",juin 2026,2026-08-14,O,B,v1.2026.08
Organisations humanitaires et de développement,ONG internationale,TdH-IT,Terre des Hommes Italie,Protection générale,Ouest,HT01,Delmas,HT0112,p-code officiel de la table Admin du fichier OCHA,SRC-026,"OCHA Haïti — 3W présence opérationnelle, juin 2026 (CC BY)",juin 2026,2026-08-14,O,B,v1.2026.08
Organisations humanitaires et de développement,ONG internationale,TdH-IT,Terre des Hommes Italie,Protection générale,Sud,HT07,Les Cayes,HT0711,p-code officiel de la table Admin du fichier OCHA,SRC-026,"OCHA Haïti — 3W présence opérationnelle, juin 2026 (CC BY)",juin 2026,2026-08-14,O,B,v1.2026.08
Organisations humanitaires et de développement,Nations unies,FNUAP,Fonds des Nations Unies pour la population,Protection générale,Centre,HT06,Hinche,HT0611,p-code officiel de la table Admin du fichier OCHA,SRC-026,"OCHA Haïti — 3W présence opérationnelle, juin 2026 (CC BY)",juin 2026,2026-08-14,O,B,v1.2026.08
Organisations humanitaires et de développement,Nations unies,FNUAP,Fonds des Nations Unies pour la population,Protection générale,Ouest,HT01,Delmas,HT0112,p-code officiel de la table Admin du fichier OCHA,SRC-026,"OCHA Haïti — 3W présence opérationnelle, juin 2026 (CC BY)",juin 2026,2026-08-14,O,B,v1.2026.08
Organisations humanitaires et de développement,ONG nationale,PROFAMIL,Association pour la Promotion de la Famille Haitienne,Protection générale,Ouest,HT01,Port-au-Prince,HT0111,p-code officiel de la table Admin du fichier OCHA,SRC-026,"OCHA Haïti — 3W présence opérationnelle, juin 2026 (CC BY)",juin 2026,2026-08-14,O,B,v1.2026.08
Organisations humanitaires et de développement,ONG nationale,TOYA,Fondation Toya,Protection générale,Ouest,HT01,Croix-Des-Bouquets,HT0131,p-code officiel de la table Admin du fichier OCHA,SRC-026,"OCHA Haïti — 3W présence opérationnelle, juin 2026 (CC BY)",juin 2026,2026-08-14,O,B,v1.2026.08
Organisations humanitaires et de développement,Gouvernement,IBESR,Institut du Bien-Etre Social et de Recherches,Protection générale,Ouest,HT01,Delmas,HT0112,p-code officiel de la table Admin du fichier OCHA,SRC-026,"OCHA Haïti — 3W présence opérationnelle, juin 2026 (CC BY)",juin 2026,2026-08-14,O,B,v1.2026.08
Organisations humanitaires et de développement,Gouvernement,IBESR,Institut du Bien-Etre Social et de Recherches,Protection générale,Ouest,HT01,Port-au-Prince,HT0111,p-code officiel de la table Admin du fichier OCHA,SRC-026,"OCHA Haïti — 3W présence opérationnelle, juin 2026 (CC BY)",juin 2026,2026-08-14,O,B,v1.2026.08
Organisations humanitaires et de développement,Gouvernement,IBESR,Institut du Bien-Etre Social et de Recherches,Protection générale,Sud,HT07,Les Cayes,HT0711,p-code officiel de la table Admin du fichier OCHA,SRC-026,"OCHA Haïti — 3W présence opérationnelle, juin 2026 (CC BY)",juin 2026,2026-08-14,O,B,v1.2026.08
Organisations humanitaires et de développement,ONG nationale,KPTSL,Komite Pwoteksyon Timoun Site Letènèl,Protection générale,Ouest,HT01,Delmas,HT0112,p-code officiel de la table Admin du fichier OCHA,SRC-026,"OCHA Haïti — 3W présence opérationnelle, juin 2026 (CC BY)",juin 2026,2026-08-14,O,B,v1.2026.08
Organisations humanitaires et de développement,Gouvernement,ONI,Office National d'identification,Protection générale,Ouest,HT01,Delmas,HT0112,p-code officiel de la table Admin du fichier OCHA,SRC-026,"OCHA Haïti — 3W présence opérationnelle, juin 2026 (CC BY)",juin 2026,2026-08-14,O,B,v1.2026.08
Organisations humanitaires et de développement,Gouvernement,ONI,Office National d'identification,Protection générale,Ouest,HT01,Port-au-Prince,HT0111,p-code officiel de la table Admin du fichier OCHA,SRC-026,"OCHA Haïti — 3W présence opérationnelle, juin 2026 (CC BY)",juin 2026,2026-08-14,O,B,v1.2026.08
Organisations humanitaires et de développement,ONG nationale,OFAVA,Oganizayon Fanm Vanyan an Aksyon,Protection générale,Ouest,HT01,Port-au-Prince,HT0111,p-code officiel de la table Admin du fichier OCHA,SRC-026,"OCHA Haïti — 3W présence opérationnelle, juin 2026 (CC BY)",juin 2026,2026-08-14,O,B,v1.2026.08
Organisations humanitaires et de développement,ONG nationale,AHAAMES,"Association Haitienne d’Assistance Agricole, Medicale, Educative et Sociale",VBG,Sud,HT07,Camp-Perrin,HT0714,p-code officiel de la table Admin du fichier OCHA,SRC-026,"OCHA Haïti — 3W présence opérationnelle, juin 2026 (CC BY)",juin 2026,2026-08-14,O,B,v1.2026.08
Organisations humanitaires et de développement,ONG nationale,FADHRIS,Femmes en Association pour le Développement d'Haïti et pour le Renforcement de l'Intégration Sociale,VBG,Ouest,HT01,Delmas,HT0112,p-code officiel de la table Admin du fichier OCHA,SRC-026,"OCHA Haïti — 3W présence opérationnelle, juin 2026 (CC BY)",juin 2026,2026-08-14,O,B,v1.2026.08
Organisations humanitaires et de développement,ONG internationale,HI,Humanité & Inclusion,VBG,Ouest,HT01,Port-au-Prince,HT0111,p-code officiel de la table Admin du fichier OCHA,SRC-026,"OCHA Haïti — 3W présence opérationnelle, juin 2026 (CC BY)",juin 2026,2026-08-14,O,B,v1.2026.08
Organisations humanitaires et de développement,ONG internationale,MDM CH,Médecins du Monde Suisse,VBG,Ouest,HT01,Grand-Goâve,HT0123,p-code officiel de la table Admin du fichier OCHA,SRC-026,"OCHA Haïti — 3W présence opérationnelle, juin 2026 (CC BY)",juin 2026,2026-08-14,O,B,v1.2026.08
Organisations humanitaires et de développement,ONG internationale,MDM CH,Médecins du Monde Suisse,VBG,Ouest,HT01,Petit-Goâve,HT0122,p-code officiel de la table Admin du fichier OCHA,SRC-026,"OCHA Haïti — 3W présence opérationnelle, juin 2026 (CC BY)",juin 2026,2026-08-14,O,B,v1.2026.08
Organisations humanitaires et de développement,,Rapha,Rapha,VBG,Ouest,HT01,Delmas,HT0112,p-code officiel de la table Admin du fichier OCHA,SRC-026,"OCHA Haïti — 3W présence opérationnelle, juin 2026 (CC BY)",juin 2026,2026-08-14,O,B,v1.2026.08
Organisations humanitaires et de développement,ONG nationale,RODEP,Réseau des Organisations pour le Développement des Palmes,VBG,Ouest,HT01,Petit-Goâve,HT0122,p-code officiel de la table Admin du fichier OCHA,SRC-026,"OCHA Haïti — 3W présence opérationnelle, juin 2026 (CC BY)",juin 2026,2026-08-14,O,B,v1.2026.08
Organisations humanitaires et de développement,Société civile,SOFA,Solidarite Fanm Ayisyèn,VBG,Ouest,HT01,Port-au-Prince,HT0111,p-code officiel de la table Admin du fichier OCHA,SRC-026,"OCHA Haïti — 3W présence opérationnelle, juin 2026 (CC BY)",juin 2026,2026-08-14,O,B,v1.2026.08
Organisations humanitaires et de développement,ONG nationale,YMCA Haiti,Young Women's Christian Association Haiti,VBG,Ouest,HT01,Port-au-Prince,HT0111,p-code officiel de la table Admin du fichier OCHA,SRC-026,"OCHA Haïti — 3W présence opérationnelle, juin 2026 (CC BY)",juin 2026,2026-08-14,O,B,v1.2026.08
Organisations humanitaires et de développement,ONG nationale,ZL,Zanmi Lasante,VBG,Artibonite,HT05,Saint-Marc,HT0531,p-code officiel de la table Admin du fichier OCHA,SRC-026,"OCHA Haïti — 3W présence opérationnelle, juin 2026 (CC BY)",juin 2026,2026-08-14,O,B,v1.2026.08
Organisations humanitaires et de développement,ONG nationale,ZL,Zanmi Lasante,VBG,Artibonite,HT05,Verrettes,HT0532,p-code officiel de la table Admin du fichier OCHA,SRC-026,"OCHA Haïti — 3W présence opérationnelle, juin 2026 (CC BY)",juin 2026,2026-08-14,O,B,v1.2026.08
Organisations humanitaires et de développement,ONG nationale,ZL,Zanmi Lasante,VBG,Centre,HT06,Belladère,HT0632,p-code officiel de la table Admin du fichier OCHA,SRC-026,"OCHA Haïti — 3W présence opérationnelle, juin 2026 (CC BY)",juin 2026,2026-08-14,O,B,v1.2026.08
Organisations humanitaires et de développement,ONG nationale,ZL,Zanmi Lasante,VBG,Centre,HT06,Boucan Carré,HT0623,p-code officiel de la table Admin du fichier OCHA,SRC-026,"OCHA Haïti — 3W présence opérationnelle, juin 2026 (CC BY)",juin 2026,2026-08-14,O,B,v1.2026.08
Organisations humanitaires et de développement,ONG nationale,ZL,Zanmi Lasante,VBG,Centre,HT06,Cerca La Source,HT0641,p-code officiel de la table Admin du fichier OCHA,SRC-026,"OCHA Haïti — 3W présence opérationnelle, juin 2026 (CC BY)",juin 2026,2026-08-14,O,B,v1.2026.08
Organisations humanitaires et de développement,ONG nationale,ZL,Zanmi Lasante,VBG,Centre,HT06,Hinche,HT0611,p-code officiel de la table Admin du fichier OCHA,SRC-026,"OCHA Haïti — 3W présence opérationnelle, juin 2026 (CC BY)",juin 2026,2026-08-14,O,B,v1.2026.08
Organisations humanitaires et de développement,ONG nationale,ZL,Zanmi Lasante,VBG,Centre,HT06,Lascahobas,HT0631,p-code officiel de la table Admin du fichier OCHA,SRC-026,"OCHA Haïti — 3W présence opérationnelle, juin 2026 (CC BY)",juin 2026,2026-08-14,O,B,v1.2026.08
Organisations humanitaires et de développement,ONG nationale,ACEDEVR,Association des Cadres Engagés pour le Développement Rural,Sécurité alimentaire,Centre,HT06,Belladère,HT0632,p-code officiel de la table Admin du fichier OCHA,SRC-026,"OCHA Haïti — 3W présence opérationnelle, juin 2026 (CC BY)",juin 2026,2026-08-14,O,B,v1.2026.08
Organisations humanitaires et de développement,ONG nationale,ACEDEVR,Association des Cadres Engagés pour le Développement Rural,Sécurité alimentaire,Centre,HT06,Lascahobas,HT0631,p-code officiel de la table Admin du fichier OCHA,SRC-026,"OCHA Haïti — 3W présence opérationnelle, juin 2026 (CC BY)",juin 2026,2026-08-14,O,B,v1.2026.08
Organisations humanitaires et de développement,ONG internationale,ACF,Action Contre la Faim,Sécurité alimentaire,Artibonite,HT05,Verrettes,HT0532,p-code officiel de la table Admin du fichier OCHA,SRC-026,"OCHA Haïti — 3W présence opérationnelle, juin 2026 (CC BY)",juin 2026,2026-08-14,O,B,v1.2026.08
Organisations humanitaires et de développement,ONG internationale,ACF,Action Contre la Faim,Sécurité alimentaire,Artibonite,HT05,Terre Neuve,HT0522,p-code officiel de la table Admin du fichier OCHA,SRC-026,"OCHA Haïti — 3W présence opérationnelle, juin 2026 (CC BY)",juin 2026,2026-08-14,O,B,v1.2026.08
Organisations humanitaires et de développement,ONG internationale,ACF,Action Contre la Faim,Sécurité alimentaire,Artibonite,HT05,Marmelade,HT0552,p-code officiel de la table Admin du fichier OCHA,SRC-026,"OCHA Haïti — 3W présence opérationnelle, juin 2026 (CC BY)",juin 2026,2026-08-14,O,B,v1.2026.08
Organisations humanitaires et de développement,ONG internationale,ACTIONAID,ActionAid Haiti,Sécurité alimentaire,Grande'Anse,HT08,Jérémie,HT0811,p-code officiel de la table Admin du fichier OCHA,SRC-026,"OCHA Haïti — 3W présence opérationnelle, juin 2026 (CC BY)",juin 2026,2026-08-14,O,B,v1.2026.08
Organisations humanitaires et de développement,ONG internationale,ACTIONAID,ActionAid Haiti,Sécurité alimentaire,Grande'Anse,HT08,Roseaux,HT0832,p-code officiel de la table Admin du fichier OCHA,SRC-026,"OCHA Haïti — 3W présence opérationnelle, juin 2026 (CC BY)",juin 2026,2026-08-14,O,B,v1.2026.08
Organisations humanitaires et de développement,ONG internationale,ADRA,Agence Adventiste de Développement et de Secours,Sécurité alimentaire,Artibonite,HT05,Anse Rouge,HT0523,p-code officiel de la table Admin du fichier OCHA,SRC-026,"OCHA Haïti — 3W présence opérationnelle, juin 2026 (CC BY)",juin 2026,2026-08-14,O,B,v1.2026.08
Organisations humanitaires et de développement,ONG nationale,AIDES,AIDES,Sécurité alimentaire,Artibonite,HT05,Desdunes,HT0544,p-code officiel de la table Admin du fichier OCHA,SRC-026,"OCHA Haïti — 3W présence opérationnelle, juin 2026 (CC BY)",juin 2026,2026-08-14,O,B,v1.2026.08
Organisations humanitaires et de développement,ONG nationale,AIDES,AIDES,Sécurité alimentaire,Artibonite,HT05,Grande Saline,HT0543,p-code officiel de la table Admin du fichier OCHA,SRC-026,"OCHA Haïti — 3W présence opérationnelle, juin 2026 (CC BY)",juin 2026,2026-08-14,O,B,v1.2026.08
Organisations humanitaires et de développement,ONG nationale,AMURT,Ananda Marga Universal Relief Team,Sécurité alimentaire,Artibonite,HT05,Gros Morne,HT0521,p-code officiel de la table Admin du fichier OCHA,SRC-026,"OCHA Haïti — 3W présence opérationnelle, juin 2026 (CC BY)",juin 2026,2026-08-14,O,B,v1.2026.08
Organisations humanitaires et de développement,ONG internationale,AVSI,Association des Volontaires pour le Service International,Sécurité alimentaire,Nord-Ouest,HT09,Jean Rabel,HT0934,p-code officiel de la table Admin du fichier OCHA,SRC-026,"OCHA Haïti — 3W présence opérationnelle, juin 2026 (CC BY)",juin 2026,2026-08-14,O,B,v1.2026.08
Organisations humanitaires et de développement,ONG internationale,AVSI,Association des Volontaires pour le Service International,Sécurité alimentaire,Nord-Ouest,HT09,Baie de Henne,HT0932,p-code officiel de la table Admin du fichier OCHA,SRC-026,"OCHA Haïti — 3W présence opérationnelle, juin 2026 (CC BY)",juin 2026,2026-08-14,O,B,v1.2026.08
Organisations humanitaires et de développement,ONG internationale,AVSI,Association des Volontaires pour le Service International,Sécurité alimentaire,Nord-Ouest,HT09,Môle Saint Nicolas,HT0931,p-code officiel de la table Admin du fichier OCHA,SRC-026,"OCHA Haïti — 3W présence opérationnelle, juin 2026 (CC BY)",juin 2026,2026-08-14,O,B,v1.2026.08
Organisations humanitaires et de développement,ONG nationale,CAPAC,Centre d'Animation Paysanne et d'Action Communautaire,Sécurité alimentaire,Ouest,HT01,Delmas,HT0112,p-code officiel de la table Admin du fichier OCHA,SRC-026,"OCHA Haïti — 3W présence opérationnelle, juin 2026 (CC BY)",juin 2026,2026-08-14,O,B,v1.2026.08
Organisations humanitaires et de développement,ONG nationale,CAPAC,Centre d'Animation Paysanne et d'Action Communautaire,Sécurité alimentaire,Ouest,HT01,Port-au-Prince,HT0111,p-code officiel de la table Admin du fichier OCHA,SRC-026,"OCHA Haïti — 3W présence opérationnelle, juin 2026 (CC BY)",juin 2026,2026-08-14,O,B,v1.2026.08
Organisations humanitaires et de développement,ONG nationale,CARITAS Haiti,Caritas Haiti,Sécurité alimentaire,Nippes,HT10,Baradères,HT1031,p-code officiel de la table Admin du fichier OCHA,SRC-026,"OCHA Haïti — 3W présence opérationnelle, juin 2026 (CC BY)",juin 2026,2026-08-14,O,B,v1.2026.08
Organisations humanitaires et de développement,ONG nationale,CARITAS Haiti,Caritas Haiti,Sécurité alimentaire,Sud-Est,HT02,Bainet,HT0221,p-code officiel de la table Admin du fichier OCHA,SRC-026,"OCHA Haïti — 3W présence opérationnelle, juin 2026 (CC BY)",juin 2026,2026-08-14,O,B,v1.2026.08
Organisations humanitaires et de développement,ONG nationale,CARITAS Haiti,Caritas Haiti,Sécurité alimentaire,Sud-Est,HT02,Thiotte,HT0233,p-code officiel de la table Admin du fichier OCHA,SRC-026,"OCHA Haïti — 3W présence opérationnelle, juin 2026 (CC BY)",juin 2026,2026-08-14,O,B,v1.2026.08
Organisations humanitaires et de développement,,CARITAS GONAIVES,CARITAS GONAIVES,Sécurité alimentaire,Artibonite,HT05,Anse Rouge,HT0523,p-code officiel de la table Admin du fichier OCHA,SRC-026,"OCHA Haïti — 3W présence opérationnelle, juin 2026 (CC BY)",juin 2026,2026-08-14,O,B,v1.2026.08
Organisations humanitaires et de développement,,CARITAS GONAIVES,CARITAS GONAIVES,Sécurité alimentaire,Artibonite,HT05,Gonaïves,HT0511,p-code officiel de la table Admin du fichier OCHA,SRC-026,"OCHA Haïti — 3W présence opérationnelle, juin 2026 (CC BY)",juin 2026,2026-08-14,O,B,v1.2026.08
Organisations humanitaires et de développement,ONG nationale,CEA,Community Engagement and Accountability,Sécurité alimentaire,Nord,HT03,Plaine du Nord,HT0322,p-code officiel de la table Admin du fichier OCHA,SRC-026,"OCHA Haïti — 3W présence opérationnelle, juin 2026 (CC BY)",juin 2026,2026-08-14,O,B,v1.2026.08
Organisations humanitaires et de développement,ONG nationale,CEA,Community Engagement and Accountability,Sécurité alimentaire,Nord,HT03,Dondon,HT0342,p-code officiel de la table Admin du fichier OCHA,SRC-026,"OCHA Haïti — 3W présence opérationnelle, juin 2026 (CC BY)",juin 2026,2026-08-14,O,B,v1.2026.08
Organisations humanitaires et de développement,ONG internationale,CECI,Centre d'Étude et de Coopération Internationale,Sécurité alimentaire,Centre,HT06,Belladère,HT0632,p-code officiel de la table Admin du fichier OCHA,SRC-026,"OCHA Haïti — 3W présence opérationnelle, juin 2026 (CC BY)",juin 2026,2026-08-14,O,B,v1.2026.08
Organisations humanitaires et de développement,ONG internationale,CECI,Centre d'Étude et de Coopération Internationale,Sécurité alimentaire,Centre,HT06,Cerca Carvajal,HT0614,p-code officiel de la table Admin du fichier OCHA,SRC-026,"OCHA Haïti — 3W présence opérationnelle, juin 2026 (CC BY)",juin 2026,2026-08-14,O,B,v1.2026.08
Organisations humanitaires et de développement,ONG internationale,CECI,Centre d'Étude et de Coopération Internationale,Sécurité alimentaire,Centre,HT06,Maïssade,HT0612,p-code officiel de la table Admin du fichier OCHA,SRC-026,"OCHA Haïti — 3W présence opérationnelle, juin 2026 (CC BY)",juin 2026,2026-08-14,O,B,v1.2026.08
Organisations humanitaires et de développement,ONG internationale,CECI,Centre d'Étude et de Coopération Internationale,Sécurité alimentaire,Nord,HT03,Saint-Raphaël,HT0341,p-code officiel de la table Admin du fichier OCHA,SRC-026,"OCHA Haïti — 3W présence opérationnelle, juin 2026 (CC BY)",juin 2026,2026-08-14,O,B,v1.2026.08
Organisations humanitaires et de développement,ONG internationale,CECI,Centre d'Étude et de Coopération Internationale,Sécurité alimentaire,Sud,HT07,Côteaux,HT0741,p-code officiel de la table Admin du fichier OCHA,SRC-026,"OCHA Haïti — 3W présence opérationnelle, juin 2026 (CC BY)",juin 2026,2026-08-14,O,B,v1.2026.08
Organisations humanitaires et de développement,ONG internationale,CECI,Centre d'Étude et de Coopération Internationale,Sécurité alimentaire,Sud,HT07,Roche à Bâteau,HT0743,p-code officiel de la table Admin du fichier OCHA,SRC-026,"OCHA Haïti — 3W présence opérationnelle, juin 2026 (CC BY)",juin 2026,2026-08-14,O,B,v1.2026.08
Organisations humanitaires et de développement,ONG internationale,CECI,Centre d'Étude et de Coopération Internationale,Sécurité alimentaire,Sud,HT07,Île à Vache,HT0716,p-code officiel de la table Admin du fichier OCHA,SRC-026,"OCHA Haïti — 3W présence opérationnelle, juin 2026 (CC BY)",juin 2026,2026-08-14,O,B,v1.2026.08
Organisations humanitaires et de développement,ONG internationale,CECI,Centre d'Étude et de Coopération Internationale,Sécurité alimentaire,Grande'Anse,HT08,Jérémie,HT0811,p-code officiel de la table Admin du fichier OCHA,SRC-026,"OCHA Haïti — 3W présence opérationnelle, juin 2026 (CC BY)",juin 2026,2026-08-14,O,B,v1.2026.08
Organisations humanitaires et de développement,ONG internationale,CECI,Centre d'Étude et de Coopération Internationale,Sécurité alimentaire,Grande'Anse,HT08,Dame Marie,HT0822,p-code officiel de la table Admin du fichier OCHA,SRC-026,"OCHA Haïti — 3W présence opérationnelle, juin 2026 (CC BY)",juin 2026,2026-08-14,O,B,v1.2026.08
Organisations humanitaires et de développement,ONG internationale,CECI,Centre d'Étude et de Coopération Internationale,Sécurité alimentaire,Grande'Anse,HT08,Beaumont,HT0833,p-code officiel de la table Admin du fichier OCHA,SRC-026,"OCHA Haïti — 3W présence opérationnelle, juin 2026 (CC BY)",juin 2026,2026-08-14,O,B,v1.2026.08
Organisations humanitaires et de développement,ONG internationale,CECI,Centre d'Étude et de Coopération Internationale,Sécurité alimentaire,Grande'Anse,HT08,Bonbon,HT0813,p-code officiel de la table Admin du fichier OCHA,SRC-026,"OCHA Haïti — 3W présence opérationnelle, juin 2026 (CC BY)",juin 2026,2026-08-14,O,B,v1.2026.08
Organisations humanitaires et de développement,ONG internationale,CECI,Centre d'Étude et de Coopération Internationale,Sécurité alimentaire,Centre,HT06,Cerca La Source,HT0641,p-code officiel de la table Admin du fichier OCHA,SRC-026,"OCHA Haïti — 3W présence opérationnelle, juin 2026 (CC BY)",juin 2026,2026-08-14,O,B,v1.2026.08
Organisations humanitaires et de développement,ONG nationale,COCIDECHC,Coordination Citoyenne pour les Grands Chantiers de Developpement Communautaire,Sécurité alimentaire,Artibonite,HT05,Petite Rivière de l'Artibonite,HT0542,p-code officiel de la table Admin du fichier OCHA,SRC-026,"OCHA Haïti — 3W présence opérationnelle, juin 2026 (CC BY)",juin 2026,2026-08-14,O,B,v1.2026.08
Organisations humanitaires et de développement,ONG internationale,Concern,Concern Worldwide,Sécurité alimentaire,Ouest,HT01,Cité Soleil,HT0117,p-code officiel de la table Admin du fichier OCHA,SRC-026,"OCHA Haïti — 3W présence opérationnelle, juin 2026 (CC BY)",juin 2026,2026-08-14,O,B,v1.2026.08
Organisations humanitaires et de développement,ONG internationale,Concern,Concern Worldwide,Sécurité alimentaire,Ouest,HT01,Croix-Des-Bouquets,HT0131,p-code officiel de la table Admin du fichier OCHA,SRC-026,"OCHA Haïti — 3W présence opérationnelle, juin 2026 (CC BY)",juin 2026,2026-08-14,O,B,v1.2026.08
Organisations humanitaires et de développement,ONG internationale,CRS,Catholic Relief Services,Sécurité alimentaire,Nippes,HT10,Baradères,HT1031,p-code officiel de la table Admin du fichier OCHA,SRC-026,"OCHA Haïti — 3W présence opérationnelle, juin 2026 (CC BY)",juin 2026,2026-08-14,O,B,v1.2026.08
Organisations humanitaires et de développement,ONG internationale,CRS,Catholic Relief Services,Sécurité alimentaire,Sud-Est,HT02,Bainet,HT0221,p-code officiel de la table Admin du fichier OCHA,SRC-026,"OCHA Haïti — 3W présence opérationnelle, juin 2026 (CC BY)",juin 2026,2026-08-14,O,B,v1.2026.08
Organisations humanitaires et de développement,ONG internationale,CRS,Catholic Relief Services,Sécurité alimentaire,Sud-Est,HT02,Thiotte,HT0233,p-code officiel de la table Admin du fichier OCHA,SRC-026,"OCHA Haïti — 3W présence opérationnelle, juin 2026 (CC BY)",juin 2026,2026-08-14,O,B,v1.2026.08
Organisations humanitaires et de développement,Gouvernement,FAES,Fonds d'assistance économique et sociale,Sécurité alimentaire,Ouest,HT01,Delmas,HT0112,p-code officiel de la table Admin du fichier OCHA,SRC-026,"OCHA Haïti — 3W présence opérationnelle, juin 2026 (CC BY)",juin 2026,2026-08-14,O,B,v1.2026.08
Organisations humanitaires et de développement,Gouvernement,FAES,Fonds d'assistance économique et sociale,Sécurité alimentaire,Ouest,HT01,Port-au-Prince,HT0111,p-code officiel de la table Admin du fichier OCHA,SRC-026,"OCHA Haïti — 3W présence opérationnelle, juin 2026 (CC BY)",juin 2026,2026-08-14,O,B,v1.2026.08
Organisations humanitaires et de développement,Gouvernement,FAES,Fonds d'assistance économique et sociale,Sécurité alimentaire,Ouest,HT01,Tabarre,HT0118,p-code officiel de la table Admin du fichier OCHA,SRC-026,"OCHA Haïti — 3W présence opérationnelle, juin 2026 (CC BY)",juin 2026,2026-08-14,O,B,v1.2026.08
Organisations humanitaires et de développement,Gouvernement,FAES,Fonds d'assistance économique et sociale,Sécurité alimentaire,Ouest,HT01,Pétion-Ville,HT0114,p-code officiel de la table Admin du fichier OCHA,SRC-026,"OCHA Haïti — 3W présence opérationnelle, juin 2026 (CC BY)",juin 2026,2026-08-14,O,B,v1.2026.08
Organisations humanitaires et de développement,Gouvernement,FAES,Fonds d'assistance économique et sociale,Sécurité alimentaire,Centre,HT06,Hinche,HT0611,p-code officiel de la table Admin du fichier OCHA,SRC-026,"OCHA Haïti — 3W présence opérationnelle, juin 2026 (CC BY)",juin 2026,2026-08-14,O,B,v1.2026.08
Organisations humanitaires et de développement,Gouvernement,FAES,Fonds d'assistance économique et sociale,Sécurité alimentaire,Centre,HT06,Mirebalais,HT0621,p-code officiel de la table Admin du fichier OCHA,SRC-026,"OCHA Haïti — 3W présence opérationnelle, juin 2026 (CC BY)",juin 2026,2026-08-14,O,B,v1.2026.08
Organisations humanitaires et de développement,Gouvernement,FAES,Fonds d'assistance économique et sociale,Sécurité alimentaire,Artibonite,HT05,Gonaïves,HT0511,p-code officiel de la table Admin du fichier OCHA,SRC-026,"OCHA Haïti — 3W présence opérationnelle, juin 2026 (CC BY)",juin 2026,2026-08-14,O,B,v1.2026.08
Organisations humanitaires et de développement,Gouvernement,FAES,Fonds d'assistance économique et sociale,Sécurité alimentaire,Artibonite,HT05,Ennery,HT0512,p-code officiel de la table Admin du fichier OCHA,SRC-026,"OCHA Haïti — 3W présence opérationnelle, juin 2026 (CC BY)",juin 2026,2026-08-14,O,B,v1.2026.08
Organisations humanitaires et de développement,Gouvernement,FAES,Fonds d'assistance économique et sociale,Sécurité alimentaire,Artibonite,HT05,Saint-Marc,HT0531,p-code officiel de la table Admin du fichier OCHA,SRC-026,"OCHA Haïti — 3W présence opérationnelle, juin 2026 (CC BY)",juin 2026,2026-08-14,O,B,v1.2026.08
Organisations humanitaires et de développement,Gouvernement,FAES,Fonds d'assistance économique et sociale,Sécurité alimentaire,Artibonite,HT05,Saint-Michel de l'Attalaye,HT0551,p-code officiel de la table Admin du fichier OCHA,SRC-026,"OCHA Haïti — 3W présence opérationnelle, juin 2026 (CC BY)",juin 2026,2026-08-14,O,B,v1.2026.08
Organisations humanitaires et de développement,Gouvernement,FAES,Fonds d'assistance économique et sociale,Sécurité alimentaire,Artibonite,HT05,Terre Neuve,HT0522,p-code officiel de la table Admin du fichier OCHA,SRC-026,"OCHA Haïti — 3W présence opérationnelle, juin 2026 (CC BY)",juin 2026,2026-08-14,O,B,v1.2026.08
Organisations humanitaires et de développement,Gouvernement,FAES,Fonds d'assistance économique et sociale,Sécurité alimentaire,Ouest,HT01,Carrefour,HT0113,p-code officiel de la table Admin du fichier OCHA,SRC-026,"OCHA Haïti — 3W présence opérationnelle, juin 2026 (CC BY)",juin 2026,2026-08-14,O,B,v1.2026.08
Organisations humanitaires et de développement,Gouvernement,FAES,Fonds d'assistance économique et sociale,Sécurité alimentaire,Ouest,HT01,Croix-Des-Bouquets,HT0131,p-code officiel de la table Admin du fichier OCHA,SRC-026,"OCHA Haïti — 3W présence opérationnelle, juin 2026 (CC BY)",juin 2026,2026-08-14,O,B,v1.2026.08
Organisations humanitaires et de développement,Gouvernement,FAES,Fonds d'assistance économique et sociale,Sécurité alimentaire,Ouest,HT01,Kenscoff,HT0115,p-code officiel de la table Admin du fichier OCHA,SRC-026,"OCHA Haïti — 3W présence opérationnelle, juin 2026 (CC BY)",juin 2026,2026-08-14,O,B,v1.2026.08
Organisations humanitaires et de développement,Gouvernement,FAES,Fonds d'assistance économique et sociale,Sécurité alimentaire,Ouest,HT01,Cité Soleil,HT0117,p-code officiel de la table Admin du fichier OCHA,SRC-026,"OCHA Haïti — 3W présence opérationnelle, juin 2026 (CC BY)",juin 2026,2026-08-14,O,B,v1.2026.08
Organisations humanitaires et de développement,Gouvernement,FAES,Fonds d'assistance économique et sociale,Sécurité alimentaire,Centre,HT06,Belladère,HT0632,p-code officiel de la table Admin du fichier OCHA,SRC-026,"OCHA Haïti — 3W présence opérationnelle, juin 2026 (CC BY)",juin 2026,2026-08-14,O,B,v1.2026.08
Organisations humanitaires et de développement,Gouvernement,FAES,Fonds d'assistance économique et sociale,Sécurité alimentaire,Centre,HT06,Boucan Carré,HT0623,p-code officiel de la table Admin du fichier OCHA,SRC-026,"OCHA Haïti — 3W présence opérationnelle, juin 2026 (CC BY)",juin 2026,2026-08-14,O,B,v1.2026.08
Organisations humanitaires et de développement,Gouvernement,FAES,Fonds d'assistance économique et sociale,Sécurité alimentaire,Centre,HT06,Lascahobas,HT0631,p-code officiel de la table Admin du fichier OCHA,SRC-026,"OCHA Haïti — 3W présence opérationnelle, juin 2026 (CC BY)",juin 2026,2026-08-14,O,B,v1.2026.08
Organisations humanitaires et de développement,Gouvernement,FAES,Fonds d'assistance économique et sociale,Sécurité alimentaire,Centre,HT06,Thomonde,HT0613,p-code officiel de la table Admin du fichier OCHA,SRC-026,"OCHA Haïti — 3W présence opérationnelle, juin 2026 (CC BY)",juin 2026,2026-08-14,O,B,v1.2026.08
Organisations humanitaires et de développement,Gouvernement,FAES,Fonds d'assistance économique et sociale,Sécurité alimentaire,Artibonite,HT05,Desdunes,HT0544,p-code officiel de la table Admin du fichier OCHA,SRC-026,"OCHA Haïti — 3W présence opérationnelle, juin 2026 (CC BY)",juin 2026,2026-08-14,O,B,v1.2026.08
Organisations humanitaires et de développement,Gouvernement,FAES,Fonds d'assistance économique et sociale,Sécurité alimentaire,Artibonite,HT05,Grande Saline,HT0543,p-code officiel de la table Admin du fichier OCHA,SRC-026,"OCHA Haïti — 3W présence opérationnelle, juin 2026 (CC BY)",juin 2026,2026-08-14,O,B,v1.2026.08
Organisations humanitaires et de développement,Gouvernement,FAES,Fonds d'assistance économique et sociale,Sécurité alimentaire,Artibonite,HT05,Dessalines,HT0541,p-code officiel de la table Admin du fichier OCHA,SRC-026,"OCHA Haïti — 3W présence opérationnelle, juin 2026 (CC BY)",juin 2026,2026-08-14,O,B,v1.2026.08
Organisations humanitaires et de développement,Gouvernement,FAES,Fonds d'assistance économique et sociale,Sécurité alimentaire,Artibonite,HT05,Petite Rivière de l'Artibonite,HT0542,p-code officiel de la table Admin du fichier OCHA,SRC-026,"OCHA Haïti — 3W présence opérationnelle, juin 2026 (CC BY)",juin 2026,2026-08-14,O,B,v1.2026.08
Organisations humanitaires et de développement,Gouvernement,FAES,Fonds d'assistance économique et sociale,Sécurité alimentaire,Centre,HT06,Cerca Carvajal,HT0614,p-code officiel de la table Admin du fichier OCHA,SRC-026,"OCHA Haïti — 3W présence opérationnelle, juin 2026 (CC BY)",juin 2026,2026-08-14,O,B,v1.2026.08
Organisations humanitaires et de développement,Gouvernement,FAES,Fonds d'assistance économique et sociale,Sécurité alimentaire,Centre,HT06,Maïssade,HT0612,p-code officiel de la table Admin du fichier OCHA,SRC-026,"OCHA Haïti — 3W présence opérationnelle, juin 2026 (CC BY)",juin 2026,2026-08-14,O,B,v1.2026.08
Organisations humanitaires et de développement,Gouvernement,FAES,Fonds d'assistance économique et sociale,Sécurité alimentaire,Grande'Anse,HT08,Jérémie,HT0811,p-code officiel de la table Admin du fichier OCHA,SRC-026,"OCHA Haïti — 3W présence opérationnelle, juin 2026 (CC BY)",juin 2026,2026-08-14,O,B,v1.2026.08
Organisations humanitaires et de développement,Gouvernement,FAES,Fonds d'assistance économique et sociale,Sécurité alimentaire,Grande'Anse,HT08,Dame Marie,HT0822,p-code officiel de la table Admin du fichier OCHA,SRC-026,"OCHA Haïti — 3W présence opérationnelle, juin 2026 (CC BY)",juin 2026,2026-08-14,O,B,v1.2026.08
Organisations humanitaires et de développement,Gouvernement,FAES,Fonds d'assistance économique et sociale,Sécurité alimentaire,Grande'Anse,HT08,Beaumont,HT0833,p-code officiel de la table Admin du fichier OCHA,SRC-026,"OCHA Haïti — 3W présence opérationnelle, juin 2026 (CC BY)",juin 2026,2026-08-14,O,B,v1.2026.08
Organisations humanitaires et de développement,Gouvernement,FAES,Fonds d'assistance économique et sociale,Sécurité alimentaire,Grande'Anse,HT08,Bonbon,HT0813,p-code officiel de la table Admin du fichier OCHA,SRC-026,"OCHA Haïti — 3W présence opérationnelle, juin 2026 (CC BY)",juin 2026,2026-08-14,O,B,v1.2026.08
Organisations humanitaires et de développement,Nations unies,FAO,Organisation des Nations Unies pour l'Alimentation et l'Agriculture,Sécurité alimentaire,Sud-Est,HT02,Belle Anse,HT0231,p-code officiel de la table Admin du fichier OCHA,SRC-026,"OCHA Haïti — 3W présence opérationnelle, juin 2026 (CC BY)",juin 2026,2026-08-14,O,B,v1.2026.08
Organisations humanitaires et de développement,Nations unies,FAO,Organisation des Nations Unies pour l'Alimentation et l'Agriculture,Sécurité alimentaire,Sud-Est,HT02,Grand Gosier,HT0232,p-code officiel de la table Admin du fichier OCHA,SRC-026,"OCHA Haïti — 3W présence opérationnelle, juin 2026 (CC BY)",juin 2026,2026-08-14,O,B,v1.2026.08
Organisations humanitaires et de développement,Nations unies,FAO,Organisation des Nations Unies pour l'Alimentation et l'Agriculture,Sécurité alimentaire,Nippes,HT10,L'Asile,HT1023,p-code officiel de la table Admin du fichier OCHA,SRC-026,"OCHA Haïti — 3W présence opérationnelle, juin 2026 (CC BY)",juin 2026,2026-08-14,O,B,v1.2026.08
Organisations humanitaires et de développement,Nations unies,FAO,Organisation des Nations Unies pour l'Alimentation et l'Agriculture,Sécurité alimentaire,Nippes,HT10,Plaisance du Sud,HT1025,p-code officiel de la table Admin du fichier OCHA,SRC-026,"OCHA Haïti — 3W présence opérationnelle, juin 2026 (CC BY)",juin 2026,2026-08-14,O,B,v1.2026.08
Organisations humanitaires et de développement,Nations unies,FAO,Organisation des Nations Unies pour l'Alimentation et l'Agriculture,Sécurité alimentaire,Nippes,HT10,Baradères,HT1031,p-code officiel de la table Admin du fichier OCHA,SRC-026,"OCHA Haïti — 3W présence opérationnelle, juin 2026 (CC BY)",juin 2026,2026-08-14,O,B,v1.2026.08
Organisations humanitaires et de développement,Nations unies,FAO,Organisation des Nations Unies pour l'Alimentation et l'Agriculture,Sécurité alimentaire,Grande'Anse,HT08,Anse d'Hainault,HT0821,p-code officiel de la table Admin du fichier OCHA,SRC-026,"OCHA Haïti — 3W présence opérationnelle, juin 2026 (CC BY)",juin 2026,2026-08-14,O,B,v1.2026.08
Organisations humanitaires et de développement,Nations unies,FAO,Organisation des Nations Unies pour l'Alimentation et l'Agriculture,Sécurité alimentaire,Grande'Anse,HT08,Chambellan,HT0815,p-code officiel de la table Admin du fichier OCHA,SRC-026,"OCHA Haïti — 3W présence opérationnelle, juin 2026 (CC BY)",juin 2026,2026-08-14,O,B,v1.2026.08
Organisations humanitaires et de développement,Nations unies,FAO,Organisation des Nations Unies pour l'Alimentation et l'Agriculture,Sécurité alimentaire,Grande'Anse,HT08,Dame Marie,HT0822,p-code officiel de la table Admin du fichier OCHA,SRC-026,"OCHA Haïti — 3W présence opérationnelle, juin 2026 (CC BY)",juin 2026,2026-08-14,O,B,v1.2026.08
Organisations humanitaires et de développement,Nations unies,FAO,Organisation des Nations Unies pour l'Alimentation et l'Agriculture,Sécurité alimentaire,Sud-Est,HT02,Jacmel,HT0211,p-code officiel de la table Admin du fichier OCHA,SRC-026,"OCHA Haïti — 3W présence opérationnelle, juin 2026 (CC BY)",juin 2026,2026-08-14,O,B,v1.2026.08
Organisations humanitaires et de développement,Nations unies,FAO,Organisation des Nations Unies pour l'Alimentation et l'Agriculture,Sécurité alimentaire,Sud-Est,HT02,Marigot,HT0212,p-code officiel de la table Admin du fichier OCHA,SRC-026,"OCHA Haïti — 3W présence opérationnelle, juin 2026 (CC BY)",juin 2026,2026-08-14,O,B,v1.2026.08
Organisations humanitaires et de développement,Nations unies,FAO,Organisation des Nations Unies pour l'Alimentation et l'Agriculture,Sécurité alimentaire,Sud-Est,HT02,Thiotte,HT0233,p-code officiel de la table Admin du fichier OCHA,SRC-026,"OCHA Haïti — 3W présence opérationnelle, juin 2026 (CC BY)",juin 2026,2026-08-14,O,B,v1.2026.08
Organisations humanitaires et de développement,Nations unies,FAO,Organisation des Nations Unies pour l'Alimentation et l'Agriculture,Sécurité alimentaire,Centre,HT06,Belladère,HT0632,p-code officiel de la table Admin du fichier OCHA,SRC-026,"OCHA Haïti — 3W présence opérationnelle, juin 2026 (CC BY)",juin 2026,2026-08-14,O,B,v1.2026.08
Organisations humanitaires et de développement,Nations unies,FAO,Organisation des Nations Unies pour l'Alimentation et l'Agriculture,Sécurité alimentaire,Centre,HT06,Lascahobas,HT0631,p-code officiel de la table Admin du fichier OCHA,SRC-026,"OCHA Haïti — 3W présence opérationnelle, juin 2026 (CC BY)",juin 2026,2026-08-14,O,B,v1.2026.08
Organisations humanitaires et de développement,Nations unies,FAO,Organisation des Nations Unies pour l'Alimentation et l'Agriculture,Sécurité alimentaire,Nord,HT03,Plaine du Nord,HT0322,p-code officiel de la table Admin du fichier OCHA,SRC-026,"OCHA Haïti — 3W présence opérationnelle, juin 2026 (CC BY)",juin 2026,2026-08-14,O,B,v1.2026.08
Organisations humanitaires et de développement,Nations unies,FAO,Organisation des Nations Unies pour l'Alimentation et l'Agriculture,Sécurité alimentaire,Nord,HT03,Dondon,HT0342,p-code officiel de la table Admin du fichier OCHA,SRC-026,"OCHA Haïti — 3W présence opérationnelle, juin 2026 (CC BY)",juin 2026,2026-08-14,O,B,v1.2026.08
Organisations humanitaires et de développement,ONG internationale,FOME,Fondation Mission de l'Espoir,Sécurité alimentaire,Artibonite,HT05,Gonaïves,HT0511,p-code officiel de la table Admin du fichier OCHA,SRC-026,"OCHA Haïti — 3W présence opérationnelle, juin 2026 (CC BY)",juin 2026,2026-08-14,O,B,v1.2026.08
Organisations humanitaires et de développement,ONG internationale,FOME,Fondation Mission de l'Espoir,Sécurité alimentaire,Centre,HT06,Hinche,HT0611,p-code officiel de la table Admin du fichier OCHA,SRC-026,"OCHA Haïti — 3W présence opérationnelle, juin 2026 (CC BY)",juin 2026,2026-08-14,O,B,v1.2026.08
Organisations humanitaires et de développement,ONG internationale,FOME,Fondation Mission de l'Espoir,Sécurité alimentaire,Centre,HT06,Saut d'Eau,HT0622,p-code officiel de la table Admin du fichier OCHA,SRC-026,"OCHA Haïti — 3W présence opérationnelle, juin 2026 (CC BY)",juin 2026,2026-08-14,O,B,v1.2026.08
Organisations humanitaires et de développement,ONG internationale,FOME,Fondation Mission de l'Espoir,Sécurité alimentaire,Nord,HT03,Cap-Haïtien,HT0311,p-code officiel de la table Admin du fichier OCHA,SRC-026,"OCHA Haïti — 3W présence opérationnelle, juin 2026 (CC BY)",juin 2026,2026-08-14,O,B,v1.2026.08
Organisations humanitaires et de développement,ONG internationale,FOME,Fondation Mission de l'Espoir,Sécurité alimentaire,Nord,HT03,Quartier Morin,HT0312,p-code officiel de la table Admin du fichier OCHA,SRC-026,"OCHA Haïti — 3W présence opérationnelle, juin 2026 (CC BY)",juin 2026,2026-08-14,O,B,v1.2026.08
Organisations humanitaires et de développement,ONG internationale,FOME,Fondation Mission de l'Espoir,Sécurité alimentaire,Nord-Est,HT04,Fort-Liberté,HT0411,p-code officiel de la table Admin du fichier OCHA,SRC-026,"OCHA Haïti — 3W présence opérationnelle, juin 2026 (CC BY)",juin 2026,2026-08-14,O,B,v1.2026.08
Organisations humanitaires et de développement,ONG internationale,FOME,Fondation Mission de l'Espoir,Sécurité alimentaire,Nord-Est,HT04,Ouanaminthe,HT0421,p-code officiel de la table Admin du fichier OCHA,SRC-026,"OCHA Haïti — 3W présence opérationnelle, juin 2026 (CC BY)",juin 2026,2026-08-14,O,B,v1.2026.08
Organisations humanitaires et de développement,ONG internationale,FOME,Fondation Mission de l'Espoir,Sécurité alimentaire,Ouest,HT01,Delmas,HT0112,p-code officiel de la table Admin du fichier OCHA,SRC-026,"OCHA Haïti — 3W présence opérationnelle, juin 2026 (CC BY)",juin 2026,2026-08-14,O,B,v1.2026.08
Organisations humanitaires et de développement,ONG internationale,FOME,Fondation Mission de l'Espoir,Sécurité alimentaire,Ouest,HT01,Pétion-Ville,HT0114,p-code officiel de la table Admin du fichier OCHA,SRC-026,"OCHA Haïti — 3W présence opérationnelle, juin 2026 (CC BY)",juin 2026,2026-08-14,O,B,v1.2026.08
Organisations humanitaires et de développement,ONG internationale,FOME,Fondation Mission de l'Espoir,Sécurité alimentaire,Sud,HT07,Saint Jean du Sud,HT0722,p-code officiel de la table Admin du fichier OCHA,SRC-026,"OCHA Haïti — 3W présence opérationnelle, juin 2026 (CC BY)",juin 2026,2026-08-14,O,B,v1.2026.08
Organisations humanitaires et de développement,ONG internationale,FOME,Fondation Mission de l'Espoir,Sécurité alimentaire,Grande'Anse,HT08,Jérémie,HT0811,p-code officiel de la table Admin du fichier OCHA,SRC-026,"OCHA Haïti — 3W présence opérationnelle, juin 2026 (CC BY)",juin 2026,2026-08-14,O,B,v1.2026.08
Organisations humanitaires et de développement,ONG internationale,FOME,Fondation Mission de l'Espoir,Sécurité alimentaire,Nord-Ouest,HT09,Port-de-Paix,HT0911,p-code officiel de la table Admin du fichier OCHA,SRC-026,"OCHA Haïti — 3W présence opérationnelle, juin 2026 (CC BY)",juin 2026,2026-08-14,O,B,v1.2026.08
Organisations humanitaires et de développement,ONG internationale,FOME,Fondation Mission de l'Espoir,Sécurité alimentaire,Nippes,HT10,Miragoâne,HT1011,p-code officiel de la table Admin du fichier OCHA,SRC-026,"OCHA Haïti — 3W présence opérationnelle, juin 2026 (CC BY)",juin 2026,2026-08-14,O,B,v1.2026.08
Organisations humanitaires et de développement,ONG internationale,FOME,Fondation Mission de l'Espoir,Sécurité alimentaire,Nord,HT03,Limonade,HT0313,p-code officiel de la table Admin du fichier OCHA,SRC-026,"OCHA Haïti — 3W présence opérationnelle, juin 2026 (CC BY)",juin 2026,2026-08-14,O,B,v1.2026.08
Organisations humanitaires et de développement,ONG internationale,FOME,Fondation Mission de l'Espoir,Sécurité alimentaire,Nord,HT03,Milot,HT0323,p-code officiel de la table Admin du fichier OCHA,SRC-026,"OCHA Haïti — 3W présence opérationnelle, juin 2026 (CC BY)",juin 2026,2026-08-14,O,B,v1.2026.08
Organisations humanitaires et de développement,ONG internationale,FOME,Fondation Mission de l'Espoir,Sécurité alimentaire,Nord,HT03,Plaine du Nord,HT0322,p-code officiel de la table Admin du fichier OCHA,SRC-026,"OCHA Haïti — 3W présence opérationnelle, juin 2026 (CC BY)",juin 2026,2026-08-14,O,B,v1.2026.08
Organisations humanitaires et de développement,ONG internationale,FOME,Fondation Mission de l'Espoir,Sécurité alimentaire,Nord-Est,HT04,Terrier Rouge,HT0433,p-code officiel de la table Admin du fichier OCHA,SRC-026,"OCHA Haïti — 3W présence opérationnelle, juin 2026 (CC BY)",juin 2026,2026-08-14,O,B,v1.2026.08
Organisations humanitaires et de développement,ONG nationale,FONKOZE,Fondasyon Kole Zepol,Sécurité alimentaire,Nord-Ouest,HT09,Jean Rabel,HT0934,p-code officiel de la table Admin du fichier OCHA,SRC-026,"OCHA Haïti — 3W présence opérationnelle, juin 2026 (CC BY)",juin 2026,2026-08-14,O,B,v1.2026.08
Organisations humanitaires et de développement,ONG nationale,FONKOZE,Fondasyon Kole Zepol,Sécurité alimentaire,Nord-Ouest,HT09,Môle Saint Nicolas,HT0931,p-code officiel de la table Admin du fichier OCHA,SRC-026,"OCHA Haïti — 3W présence opérationnelle, juin 2026 (CC BY)",juin 2026,2026-08-14,O,B,v1.2026.08
Organisations humanitaires et de développement,Société civile,GHESKIO,Groupe d'étude haïtien sur le sarcome de Kaposi et les infections opportunistes,Sécurité alimentaire,Ouest,HT01,Carrefour,HT0113,p-code officiel de la table Admin du fichier OCHA,SRC-026,"OCHA Haïti — 3W présence opérationnelle, juin 2026 (CC BY)",juin 2026,2026-08-14,O,B,v1.2026.08
Organisations humanitaires et de développement,Société civile,GHESKIO,Groupe d'étude haïtien sur le sarcome de Kaposi et les infections opportunistes,Sécurité alimentaire,Ouest,HT01,Croix-Des-Bouquets,HT0131,p-code officiel de la table Admin du fichier OCHA,SRC-026,"OCHA Haïti — 3W présence opérationnelle, juin 2026 (CC BY)",juin 2026,2026-08-14,O,B,v1.2026.08
Organisations humanitaires et de développement,Société civile,GHESKIO,Groupe d'étude haïtien sur le sarcome de Kaposi et les infections opportunistes,Sécurité alimentaire,Ouest,HT01,Delmas,HT0112,p-code officiel de la table Admin du fichier OCHA,SRC-026,"OCHA Haïti — 3W présence opérationnelle, juin 2026 (CC BY)",juin 2026,2026-08-14,O,B,v1.2026.08
Organisations humanitaires et de développement,Société civile,GHESKIO,Groupe d'étude haïtien sur le sarcome de Kaposi et les infections opportunistes,Sécurité alimentaire,Ouest,HT01,Kenscoff,HT0115,p-code officiel de la table Admin du fichier OCHA,SRC-026,"OCHA Haïti — 3W présence opérationnelle, juin 2026 (CC BY)",juin 2026,2026-08-14,O,B,v1.2026.08
Organisations humanitaires et de développement,Société civile,GHESKIO,Groupe d'étude haïtien sur le sarcome de Kaposi et les infections opportunistes,Sécurité alimentaire,Ouest,HT01,Pétion-Ville,HT0114,p-code officiel de la table Admin du fichier OCHA,SRC-026,"OCHA Haïti — 3W présence opérationnelle, juin 2026 (CC BY)",juin 2026,2026-08-14,O,B,v1.2026.08
Organisations humanitaires et de développement,Société civile,GHESKIO,Groupe d'étude haïtien sur le sarcome de Kaposi et les infections opportunistes,Sécurité alimentaire,Ouest,HT01,Port-au-Prince,HT0111,p-code officiel de la table Admin du fichier OCHA,SRC-026,"OCHA Haïti — 3W présence opérationnelle, juin 2026 (CC BY)",juin 2026,2026-08-14,O,B,v1.2026.08
Organisations humanitaires et de développement,Société civile,GHESKIO,Groupe d'étude haïtien sur le sarcome de Kaposi et les infections opportunistes,Sécurité alimentaire,Ouest,HT01,Tabarre,HT0118,p-code officiel de la table Admin du fichier OCHA,SRC-026,"OCHA Haïti — 3W présence opérationnelle, juin 2026 (CC BY)",juin 2026,2026-08-14,O,B,v1.2026.08
Organisations humanitaires et de développement,Société civile,GHESKIO,Groupe d'étude haïtien sur le sarcome de Kaposi et les infections opportunistes,Sécurité alimentaire,Ouest,HT01,Cité Soleil,HT0117,p-code officiel de la table Admin du fichier OCHA,SRC-026,"OCHA Haïti — 3W présence opérationnelle, juin 2026 (CC BY)",juin 2026,2026-08-14,O,B,v1.2026.08
Organisations humanitaires et de développement,ONG nationale,GIRADEL,"Groupe pour l’Inclusion, la Recherche et l’Appui au Développement d’Haïti",Sécurité alimentaire,Ouest,HT01,Port-au-Prince,HT0111,p-code officiel de la table Admin du fichier OCHA,SRC-026,"OCHA Haïti — 3W présence opérationnelle, juin 2026 (CC BY)",juin 2026,2026-08-14,O,B,v1.2026.08
Organisations humanitaires et de développement,ONG internationale,GOAL,Goal,Sécurité alimentaire,Ouest,HT01,Cité Soleil,HT0117,p-code officiel de la table Admin du fichier OCHA,SRC-026,"OCHA Haïti — 3W présence opérationnelle, juin 2026 (CC BY)",juin 2026,2026-08-14,O,B,v1.2026.08
Organisations humanitaires et de développement,ONG internationale,GOAL,Goal,Sécurité alimentaire,Ouest,HT01,Port-au-Prince,HT0111,p-code officiel de la table Admin du fichier OCHA,SRC-026,"OCHA Haïti — 3W présence opérationnelle, juin 2026 (CC BY)",juin 2026,2026-08-14,O,B,v1.2026.08
Organisations humanitaires et de développement,ONG internationale,HEKS/EPER,Entraide Protestante Suisse,Sécurité alimentaire,Grande'Anse,HT08,Abricots,HT0812,p-code officiel de la table Admin du fichier OCHA,SRC-026,"OCHA Haïti — 3W présence opérationnelle, juin 2026 (CC BY)",juin 2026,2026-08-14,O,B,v1.2026.08
Organisations humanitaires et de développement,ONG internationale,HEKS/EPER,Entraide Protestante Suisse,Sécurité alimentaire,Grande'Anse,HT08,Jérémie,HT0811,p-code officiel de la table Admin du fichier OCHA,SRC-026,"OCHA Haïti — 3W présence opérationnelle, juin 2026 (CC BY)",juin 2026,2026-08-14,O,B,v1.2026.08
Organisations humanitaires et de développement,ONG internationale,HEKS/EPER,Entraide Protestante Suisse,Sécurité alimentaire,Grande'Anse,HT08,Roseaux,HT0832,p-code officiel de la table Admin du fichier OCHA,SRC-026,"OCHA Haïti — 3W présence opérationnelle, juin 2026 (CC BY)",juin 2026,2026-08-14,O,B,v1.2026.08
Organisations humanitaires et de développement,ONG internationale,HEKS/EPER,Entraide Protestante Suisse,Sécurité alimentaire,Grande'Anse,HT08,Corail,HT0831,p-code officiel de la table Admin du fichier OCHA,SRC-026,"OCHA Haïti — 3W présence opérationnelle, juin 2026 (CC BY)",juin 2026,2026-08-14,O,B,v1.2026.08
Organisations humanitaires et de développement,ONG internationale,HEKS/EPER,Entraide Protestante Suisse,Sécurité alimentaire,Grande'Anse,HT08,Dame Marie,HT0822,p-code officiel de la table Admin du fichier OCHA,SRC-026,"OCHA Haïti — 3W présence opérationnelle, juin 2026 (CC BY)",juin 2026,2026-08-14,O,B,v1.2026.08
Organisations humanitaires et de développement,ONG internationale,HRI,Hunger Relief International,Sécurité alimentaire,Sud,HT07,Cavaillon,HT0733,p-code officiel de la table Admin du fichier OCHA,SRC-026,"OCHA Haïti — 3W présence opérationnelle, juin 2026 (CC BY)",juin 2026,2026-08-14,O,B,v1.2026.08
Organisations humanitaires et de développement,ONG internationale,HRI,Hunger Relief International,Sécurité alimentaire,Sud,HT07,Aquin,HT0731,p-code officiel de la table Admin du fichier OCHA,SRC-026,"OCHA Haïti — 3W présence opérationnelle, juin 2026 (CC BY)",juin 2026,2026-08-14,O,B,v1.2026.08
Organisations humanitaires et de développement,ONG internationale,HRI,Hunger Relief International,Sécurité alimentaire,Sud,HT07,Camp-Perrin,HT0714,p-code officiel de la table Admin du fichier OCHA,SRC-026,"OCHA Haïti — 3W présence opérationnelle, juin 2026 (CC BY)",juin 2026,2026-08-14,O,B,v1.2026.08
Organisations humanitaires et de développement,ONG internationale,HRI,Hunger Relief International,Sécurité alimentaire,Sud,HT07,Chantal,HT0713,p-code officiel de la table Admin du fichier OCHA,SRC-026,"OCHA Haïti — 3W présence opérationnelle, juin 2026 (CC BY)",juin 2026,2026-08-14,O,B,v1.2026.08
Organisations humanitaires et de développement,ONG internationale,HRI,Hunger Relief International,Sécurité alimentaire,Sud,HT07,Maniche,HT0715,p-code officiel de la table Admin du fichier OCHA,SRC-026,"OCHA Haïti — 3W présence opérationnelle, juin 2026 (CC BY)",juin 2026,2026-08-14,O,B,v1.2026.08
Organisations humanitaires et de développement,ONG internationale,HRI,Hunger Relief International,Sécurité alimentaire,Sud,HT07,Tiburon,HT0753,p-code officiel de la table Admin du fichier OCHA,SRC-026,"OCHA Haïti — 3W présence opérationnelle, juin 2026 (CC BY)",juin 2026,2026-08-14,O,B,v1.2026.08
Organisations humanitaires et de développement,Gouvernement,MARNDR,"Ministère de l'Agriculture, des Ressources Naturelles et du Développement Rural",Sécurité alimentaire,Grande'Anse,HT08,Chambellan,HT0815,p-code officiel de la table Admin du fichier OCHA,SRC-026,"OCHA Haïti — 3W présence opérationnelle, juin 2026 (CC BY)",juin 2026,2026-08-14,O,B,v1.2026.08
Organisations humanitaires et de développement,Gouvernement,MARNDR,"Ministère de l'Agriculture, des Ressources Naturelles et du Développement Rural",Sécurité alimentaire,Grande'Anse,HT08,Dame Marie,HT0822,p-code officiel de la table Admin du fichier OCHA,SRC-026,"OCHA Haïti — 3W présence opérationnelle, juin 2026 (CC BY)",juin 2026,2026-08-14,O,B,v1.2026.08
Organisations humanitaires et de développement,Gouvernement,MARNDR,"Ministère de l'Agriculture, des Ressources Naturelles et du Développement Rural",Sécurité alimentaire,Grande'Anse,HT08,Anse d'Hainault,HT0821,p-code officiel de la table Admin du fichier OCHA,SRC-026,"OCHA Haïti — 3W présence opérationnelle, juin 2026 (CC BY)",juin 2026,2026-08-14,O,B,v1.2026.08
Organisations humanitaires et de développement,Gouvernement,MARNDR,"Ministère de l'Agriculture, des Ressources Naturelles et du Développement Rural",Sécurité alimentaire,Sud-Est,HT02,Belle Anse,HT0231,p-code officiel de la table Admin du fichier OCHA,SRC-026,"OCHA Haïti — 3W présence opérationnelle, juin 2026 (CC BY)",juin 2026,2026-08-14,O,B,v1.2026.08
Organisations humanitaires et de développement,Gouvernement,MARNDR,"Ministère de l'Agriculture, des Ressources Naturelles et du Développement Rural",Sécurité alimentaire,Sud-Est,HT02,Grand Gosier,HT0232,p-code officiel de la table Admin du fichier OCHA,SRC-026,"OCHA Haïti — 3W présence opérationnelle, juin 2026 (CC BY)",juin 2026,2026-08-14,O,B,v1.2026.08
Organisations humanitaires et de développement,Gouvernement,MARNDR,"Ministère de l'Agriculture, des Ressources Naturelles et du Développement Rural",Sécurité alimentaire,Nippes,HT10,L'Asile,HT1023,p-code officiel de la table Admin du fichier OCHA,SRC-026,"OCHA Haïti — 3W présence opérationnelle, juin 2026 (CC BY)",juin 2026,2026-08-14,O,B,v1.2026.08
Organisations humanitaires et de développement,Gouvernement,MARNDR,"Ministère de l'Agriculture, des Ressources Naturelles et du Développement Rural",Sécurité alimentaire,Nippes,HT10,Plaisance du Sud,HT1025,p-code officiel de la table Admin du fichier OCHA,SRC-026,"OCHA Haïti — 3W présence opérationnelle, juin 2026 (CC BY)",juin 2026,2026-08-14,O,B,v1.2026.08
Organisations humanitaires et de développement,Gouvernement,MARNDR,"Ministère de l'Agriculture, des Ressources Naturelles et du Développement Rural",Sécurité alimentaire,Nippes,HT10,Baradères,HT1031,p-code officiel de la table Admin du fichier OCHA,SRC-026,"OCHA Haïti — 3W présence opérationnelle, juin 2026 (CC BY)",juin 2026,2026-08-14,O,B,v1.2026.08
Organisations humanitaires et de développement,Gouvernement,MARNDR,"Ministère de l'Agriculture, des Ressources Naturelles et du Développement Rural",Sécurité alimentaire,Sud-Est,HT02,Jacmel,HT0211,p-code officiel de la table Admin du fichier OCHA,SRC-026,"OCHA Haïti — 3W présence opérationnelle, juin 2026 (CC BY)",juin 2026,2026-08-14,O,B,v1.2026.08
Organisations humanitaires et de développement,Gouvernement,MARNDR,"Ministère de l'Agriculture, des Ressources Naturelles et du Développement Rural",Sécurité alimentaire,Sud-Est,HT02,Marigot,HT0212,p-code officiel de la table Admin du fichier OCHA,SRC-026,"OCHA Haïti — 3W présence opérationnelle, juin 2026 (CC BY)",juin 2026,2026-08-14,O,B,v1.2026.08
Organisations humanitaires et de développement,Gouvernement,MARNDR,"Ministère de l'Agriculture, des Ressources Naturelles et du Développement Rural",Sécurité alimentaire,Sud-Est,HT02,Thiotte,HT0233,p-code officiel de la table Admin du fichier OCHA,SRC-026,"OCHA Haïti — 3W présence opérationnelle, juin 2026 (CC BY)",juin 2026,2026-08-14,O,B,v1.2026.08
Organisations humanitaires et de développement,Gouvernement,MAST,Ministère des Affaires Sociales et du Travail,Sécurité alimentaire,Grande'Anse,HT08,Moron,HT0814,p-code officiel de la table Admin du fichier OCHA,SRC-026,"OCHA Haïti — 3W présence opérationnelle, juin 2026 (CC BY)",juin 2026,2026-08-14,O,B,v1.2026.08
Organisations humanitaires et de développement,Gouvernement,MAST,Ministère des Affaires Sociales et du Travail,Sécurité alimentaire,Grande'Anse,HT08,Roseaux,HT0832,p-code officiel de la table Admin du fichier OCHA,SRC-026,"OCHA Haïti — 3W présence opérationnelle, juin 2026 (CC BY)",juin 2026,2026-08-14,O,B,v1.2026.08
Organisations humanitaires et de développement,Gouvernement,MAST,Ministère des Affaires Sociales et du Travail,Sécurité alimentaire,Grande'Anse,HT08,Abricots,HT0812,p-code officiel de la table Admin du fichier OCHA,SRC-026,"OCHA Haïti — 3W présence opérationnelle, juin 2026 (CC BY)",juin 2026,2026-08-14,O,B,v1.2026.08
Organisations humanitaires et de développement,Gouvernement,MAST,Ministère des Affaires Sociales et du Travail,Sécurité alimentaire,Grande'Anse,HT08,Beaumont,HT0833,p-code officiel de la table Admin du fichier OCHA,SRC-026,"OCHA Haïti — 3W présence opérationnelle, juin 2026 (CC BY)",juin 2026,2026-08-14,O,B,v1.2026.08
Organisations humanitaires et de développement,Gouvernement,MAST,Ministère des Affaires Sociales et du Travail,Sécurité alimentaire,Grande'Anse,HT08,Bonbon,HT0813,p-code officiel de la table Admin du fichier OCHA,SRC-026,"OCHA Haïti — 3W présence opérationnelle, juin 2026 (CC BY)",juin 2026,2026-08-14,O,B,v1.2026.08
Organisations humanitaires et de développement,Gouvernement,MAST,Ministère des Affaires Sociales et du Travail,Sécurité alimentaire,Grande'Anse,HT08,Chambellan,HT0815,p-code officiel de la table Admin du fichier OCHA,SRC-026,"OCHA Haïti — 3W présence opérationnelle, juin 2026 (CC BY)",juin 2026,2026-08-14,O,B,v1.2026.08
Organisations humanitaires et de développement,Gouvernement,MAST,Ministère des Affaires Sociales et du Travail,Sécurité alimentaire,Grande'Anse,HT08,Jérémie,HT0811,p-code officiel de la table Admin du fichier OCHA,SRC-026,"OCHA Haïti — 3W présence opérationnelle, juin 2026 (CC BY)",juin 2026,2026-08-14,O,B,v1.2026.08
Organisations humanitaires et de développement,ONG nationale,MOJDDE,Mouvement des Jeunes pour le Developpement de Dérouzé,Sécurité alimentaire,Ouest,HT01,Grand-Goâve,HT0123,p-code officiel de la table Admin du fichier OCHA,SRC-026,"OCHA Haïti — 3W présence opérationnelle, juin 2026 (CC BY)",juin 2026,2026-08-14,O,B,v1.2026.08
Organisations humanitaires et de développement,ONG nationale,MOJDDE,Mouvement des Jeunes pour le Developpement de Dérouzé,Sécurité alimentaire,Ouest,HT01,Petit-Goâve,HT0122,p-code officiel de la table Admin du fichier OCHA,SRC-026,"OCHA Haïti — 3W présence opérationnelle, juin 2026 (CC BY)",juin 2026,2026-08-14,O,B,v1.2026.08
Organisations humanitaires et de développement,ONG nationale,MOJDDE,Mouvement des Jeunes pour le Developpement de Dérouzé,Sécurité alimentaire,Ouest,HT01,Port-au-Prince,HT0111,p-code officiel de la table Admin du fichier OCHA,SRC-026,"OCHA Haïti — 3W présence opérationnelle, juin 2026 (CC BY)",juin 2026,2026-08-14,O,B,v1.2026.08
Organisations humanitaires et de développement,ONG nationale,MOJDDE,Mouvement des Jeunes pour le Developpement de Dérouzé,Sécurité alimentaire,Ouest,HT01,Pétion-Ville,HT0114,p-code officiel de la table Admin du fichier OCHA,SRC-026,"OCHA Haïti — 3W présence opérationnelle, juin 2026 (CC BY)",juin 2026,2026-08-14,O,B,v1.2026.08
Organisations humanitaires et de développement,Nations unies,ONU FEMMES,Entité des Nations Unies pour l’égalité des sexes et l’autonomisation des femmes,Sécurité alimentaire,Sud,HT07,Saint Jean du Sud,HT0722,p-code officiel de la table Admin du fichier OCHA,SRC-026,"OCHA Haïti — 3W présence opérationnelle, juin 2026 (CC BY)",juin 2026,2026-08-14,O,B,v1.2026.08
Organisations humanitaires et de développement,Nations unies,PAM,Programme Alimentaire Mondial,Sécurité alimentaire,Artibonite,HT05,Verrettes,HT0532,p-code officiel de la table Admin du fichier OCHA,SRC-026,"OCHA Haïti — 3W présence opérationnelle, juin 2026 (CC BY)",juin 2026,2026-08-14,O,B,v1.2026.08
Organisations humanitaires et de développement,Nations unies,PAM,Programme Alimentaire Mondial,Sécurité alimentaire,Ouest,HT01,Delmas,HT0112,p-code officiel de la table Admin du fichier OCHA,SRC-026,"OCHA Haïti — 3W présence opérationnelle, juin 2026 (CC BY)",juin 2026,2026-08-14,O,B,v1.2026.08
Organisations humanitaires et de développement,Nations unies,PAM,Programme Alimentaire Mondial,Sécurité alimentaire,Artibonite,HT05,Desdunes,HT0544,p-code officiel de la table Admin du fichier OCHA,SRC-026,"OCHA Haïti — 3W présence opérationnelle, juin 2026 (CC BY)",juin 2026,2026-08-14,O,B,v1.2026.08
Organisations humanitaires et de développement,Nations unies,PAM,Programme Alimentaire Mondial,Sécurité alimentaire,Artibonite,HT05,Dessalines,HT0541,p-code officiel de la table Admin du fichier OCHA,SRC-026,"OCHA Haïti — 3W présence opérationnelle, juin 2026 (CC BY)",juin 2026,2026-08-14,O,B,v1.2026.08
Organisations humanitaires et de développement,Nations unies,PAM,Programme Alimentaire Mondial,Sécurité alimentaire,Artibonite,HT05,Gonaïves,HT0511,p-code officiel de la table Admin du fichier OCHA,SRC-026,"OCHA Haïti — 3W présence opérationnelle, juin 2026 (CC BY)",juin 2026,2026-08-14,O,B,v1.2026.08
Organisations humanitaires et de développement,Nations unies,PAM,Programme Alimentaire Mondial,Sécurité alimentaire,Artibonite,HT05,Gros Morne,HT0521,p-code officiel de la table Admin du fichier OCHA,SRC-026,"OCHA Haïti — 3W présence opérationnelle, juin 2026 (CC BY)",juin 2026,2026-08-14,O,B,v1.2026.08
Organisations humanitaires et de développement,Nations unies,PAM,Programme Alimentaire Mondial,Sécurité alimentaire,Artibonite,HT05,L'Estère,HT0513,p-code officiel de la table Admin du fichier OCHA,SRC-026,"OCHA Haïti — 3W présence opérationnelle, juin 2026 (CC BY)",juin 2026,2026-08-14,O,B,v1.2026.08
Organisations humanitaires et de développement,Nations unies,PAM,Programme Alimentaire Mondial,Sécurité alimentaire,Artibonite,HT05,Saint-Marc,HT0531,p-code officiel de la table Admin du fichier OCHA,SRC-026,"OCHA Haïti — 3W présence opérationnelle, juin 2026 (CC BY)",juin 2026,2026-08-14,O,B,v1.2026.08
Organisations humanitaires et de développement,Nations unies,PAM,Programme Alimentaire Mondial,Sécurité alimentaire,Artibonite,HT05,Saint-Michel de l'Attalaye,HT0551,p-code officiel de la table Admin du fichier OCHA,SRC-026,"OCHA Haïti — 3W présence opérationnelle, juin 2026 (CC BY)",juin 2026,2026-08-14,O,B,v1.2026.08
Organisations humanitaires et de développement,Nations unies,PAM,Programme Alimentaire Mondial,Sécurité alimentaire,Grande'Anse,HT08,Moron,HT0814,p-code officiel de la table Admin du fichier OCHA,SRC-026,"OCHA Haïti — 3W présence opérationnelle, juin 2026 (CC BY)",juin 2026,2026-08-14,O,B,v1.2026.08
Organisations humanitaires et de développement,Nations unies,PAM,Programme Alimentaire Mondial,Sécurité alimentaire,Grande'Anse,HT08,Pestel,HT0834,p-code officiel de la table Admin du fichier OCHA,SRC-026,"OCHA Haïti — 3W présence opérationnelle, juin 2026 (CC BY)",juin 2026,2026-08-14,O,B,v1.2026.08
Organisations humanitaires et de développement,Nations unies,PAM,Programme Alimentaire Mondial,Sécurité alimentaire,Grande'Anse,HT08,Roseaux,HT0832,p-code officiel de la table Admin du fichier OCHA,SRC-026,"OCHA Haïti — 3W présence opérationnelle, juin 2026 (CC BY)",juin 2026,2026-08-14,O,B,v1.2026.08
Organisations humanitaires et de développement,Nations unies,PAM,Programme Alimentaire Mondial,Sécurité alimentaire,Sud,HT07,Cavaillon,HT0733,p-code officiel de la table Admin du fichier OCHA,SRC-026,"OCHA Haïti — 3W présence opérationnelle, juin 2026 (CC BY)",juin 2026,2026-08-14,O,B,v1.2026.08
Organisations humanitaires et de développement,Nations unies,PAM,Programme Alimentaire Mondial,Sécurité alimentaire,Ouest,HT01,Grand-Goâve,HT0123,p-code officiel de la table Admin du fichier OCHA,SRC-026,"OCHA Haïti — 3W présence opérationnelle, juin 2026 (CC BY)",juin 2026,2026-08-14,O,B,v1.2026.08
Organisations humanitaires et de développement,Nations unies,PAM,Programme Alimentaire Mondial,Sécurité alimentaire,Ouest,HT01,Petit-Goâve,HT0122,p-code officiel de la table Admin du fichier OCHA,SRC-026,"OCHA Haïti — 3W présence opérationnelle, juin 2026 (CC BY)",juin 2026,2026-08-14,O,B,v1.2026.08
Organisations humanitaires et de développement,Nations unies,PAM,Programme Alimentaire Mondial,Sécurité alimentaire,Ouest,HT01,Port-au-Prince,HT0111,p-code officiel de la table Admin du fichier OCHA,SRC-026,"OCHA Haïti — 3W présence opérationnelle, juin 2026 (CC BY)",juin 2026,2026-08-14,O,B,v1.2026.08
Organisations humanitaires et de développement,Nations unies,PAM,Programme Alimentaire Mondial,Sécurité alimentaire,Centre,HT06,Belladère,HT0632,p-code officiel de la table Admin du fichier OCHA,SRC-026,"OCHA Haïti — 3W présence opérationnelle, juin 2026 (CC BY)",juin 2026,2026-08-14,O,B,v1.2026.08
Organisations humanitaires et de développement,Nations unies,PAM,Programme Alimentaire Mondial,Sécurité alimentaire,Nord-Est,HT04,Ouanaminthe,HT0421,p-code officiel de la table Admin du fichier OCHA,SRC-026,"OCHA Haïti — 3W présence opérationnelle, juin 2026 (CC BY)",juin 2026,2026-08-14,O,B,v1.2026.08
Organisations humanitaires et de développement,Nations unies,PAM,Programme Alimentaire Mondial,Sécurité alimentaire,Nord-Ouest,HT09,Baie de Henne,HT0932,p-code officiel de la table Admin du fichier OCHA,SRC-026,"OCHA Haïti — 3W présence opérationnelle, juin 2026 (CC BY)",juin 2026,2026-08-14,O,B,v1.2026.08
Organisations humanitaires et de développement,Nations unies,PAM,Programme Alimentaire Mondial,Sécurité alimentaire,Artibonite,HT05,Anse Rouge,HT0523,p-code officiel de la table Admin du fichier OCHA,SRC-026,"OCHA Haïti — 3W présence opérationnelle, juin 2026 (CC BY)",juin 2026,2026-08-14,O,B,v1.2026.08
Organisations humanitaires et de développement,Nations unies,PAM,Programme Alimentaire Mondial,Sécurité alimentaire,Centre,HT06,Hinche,HT0611,p-code officiel de la table Admin du fichier OCHA,SRC-026,"OCHA Haïti — 3W présence opérationnelle, juin 2026 (CC BY)",juin 2026,2026-08-14,O,B,v1.2026.08
Organisations humanitaires et de développement,Nations unies,PAM,Programme Alimentaire Mondial,Sécurité alimentaire,Nord,HT03,Quartier Morin,HT0312,p-code officiel de la table Admin du fichier OCHA,SRC-026,"OCHA Haïti — 3W présence opérationnelle, juin 2026 (CC BY)",juin 2026,2026-08-14,O,B,v1.2026.08
Organisations humanitaires et de développement,Nations unies,PAM,Programme Alimentaire Mondial,Sécurité alimentaire,Sud-Est,HT02,Bainet,HT0221,p-code officiel de la table Admin du fichier OCHA,SRC-026,"OCHA Haïti — 3W présence opérationnelle, juin 2026 (CC BY)",juin 2026,2026-08-14,O,B,v1.2026.08
Organisations humanitaires et de développement,Nations unies,PAM,Programme Alimentaire Mondial,Sécurité alimentaire,Nord,HT03,Saint-Raphaël,HT0341,p-code officiel de la table Admin du fichier OCHA,SRC-026,"OCHA Haïti — 3W présence opérationnelle, juin 2026 (CC BY)",juin 2026,2026-08-14,O,B,v1.2026.08
Organisations humanitaires et de développement,Nations unies,PAM,Programme Alimentaire Mondial,Sécurité alimentaire,Sud,HT07,Côteaux,HT0741,p-code officiel de la table Admin du fichier OCHA,SRC-026,"OCHA Haïti — 3W présence opérationnelle, juin 2026 (CC BY)",juin 2026,2026-08-14,O,B,v1.2026.08
Organisations humanitaires et de développement,Nations unies,PAM,Programme Alimentaire Mondial,Sécurité alimentaire,Sud,HT07,Roche à Bâteau,HT0743,p-code officiel de la table Admin du fichier OCHA,SRC-026,"OCHA Haïti — 3W présence opérationnelle, juin 2026 (CC BY)",juin 2026,2026-08-14,O,B,v1.2026.08
Organisations humanitaires et de développement,Nations unies,PAM,Programme Alimentaire Mondial,Sécurité alimentaire,Sud,HT07,Île à Vache,HT0716,p-code officiel de la table Admin du fichier OCHA,SRC-026,"OCHA Haïti — 3W présence opérationnelle, juin 2026 (CC BY)",juin 2026,2026-08-14,O,B,v1.2026.08
Organisations humanitaires et de développement,Nations unies,PAM,Programme Alimentaire Mondial,Sécurité alimentaire,Artibonite,HT05,Terre Neuve,HT0522,p-code officiel de la table Admin du fichier OCHA,SRC-026,"OCHA Haïti — 3W présence opérationnelle, juin 2026 (CC BY)",juin 2026,2026-08-14,O,B,v1.2026.08
Organisations humanitaires et de développement,Nations unies,PAM,Programme Alimentaire Mondial,Sécurité alimentaire,Nord,HT03,Acul du Nord,HT0321,p-code officiel de la table Admin du fichier OCHA,SRC-026,"OCHA Haïti — 3W présence opérationnelle, juin 2026 (CC BY)",juin 2026,2026-08-14,O,B,v1.2026.08
Organisations humanitaires et de développement,Nations unies,PAM,Programme Alimentaire Mondial,Sécurité alimentaire,Nord,HT03,Grande Riviere Du Nord,HT0331,p-code officiel de la table Admin du fichier OCHA,SRC-026,"OCHA Haïti — 3W présence opérationnelle, juin 2026 (CC BY)",juin 2026,2026-08-14,O,B,v1.2026.08
Organisations humanitaires et de développement,Nations unies,PAM,Programme Alimentaire Mondial,Sécurité alimentaire,Sud,HT07,Saint Louis du Sud,HT0732,p-code officiel de la table Admin du fichier OCHA,SRC-026,"OCHA Haïti — 3W présence opérationnelle, juin 2026 (CC BY)",juin 2026,2026-08-14,O,B,v1.2026.08
Organisations humanitaires et de développement,Nations unies,PAM,Programme Alimentaire Mondial,Sécurité alimentaire,Grande'Anse,HT08,Beaumont,HT0833,p-code officiel de la table Admin du fichier OCHA,SRC-026,"OCHA Haïti — 3W présence opérationnelle, juin 2026 (CC BY)",juin 2026,2026-08-14,O,B,v1.2026.08
Organisations humanitaires et de développement,Nations unies,PAM,Programme Alimentaire Mondial,Sécurité alimentaire,Nippes,HT10,Baradères,HT1031,p-code officiel de la table Admin du fichier OCHA,SRC-026,"OCHA Haïti — 3W présence opérationnelle, juin 2026 (CC BY)",juin 2026,2026-08-14,O,B,v1.2026.08
Organisations humanitaires et de développement,Nations unies,PAM,Programme Alimentaire Mondial,Sécurité alimentaire,Grande'Anse,HT08,Abricots,HT0812,p-code officiel de la table Admin du fichier OCHA,SRC-026,"OCHA Haïti — 3W présence opérationnelle, juin 2026 (CC BY)",juin 2026,2026-08-14,O,B,v1.2026.08
Organisations humanitaires et de développement,Nations unies,PAM,Programme Alimentaire Mondial,Sécurité alimentaire,Grande'Anse,HT08,Bonbon,HT0813,p-code officiel de la table Admin du fichier OCHA,SRC-026,"OCHA Haïti — 3W présence opérationnelle, juin 2026 (CC BY)",juin 2026,2026-08-14,O,B,v1.2026.08
Organisations humanitaires et de développement,Nations unies,PAM,Programme Alimentaire Mondial,Sécurité alimentaire,Grande'Anse,HT08,Chambellan,HT0815,p-code officiel de la table Admin du fichier OCHA,SRC-026,"OCHA Haïti — 3W présence opérationnelle, juin 2026 (CC BY)",juin 2026,2026-08-14,O,B,v1.2026.08
Organisations humanitaires et de développement,Nations unies,PAM,Programme Alimentaire Mondial,Sécurité alimentaire,Grande'Anse,HT08,Jérémie,HT0811,p-code officiel de la table Admin du fichier OCHA,SRC-026,"OCHA Haïti — 3W présence opérationnelle, juin 2026 (CC BY)",juin 2026,2026-08-14,O,B,v1.2026.08
Organisations humanitaires et de développement,Nations unies,PAM,Programme Alimentaire Mondial,Sécurité alimentaire,Artibonite,HT05,Marmelade,HT0552,p-code officiel de la table Admin du fichier OCHA,SRC-026,"OCHA Haïti — 3W présence opérationnelle, juin 2026 (CC BY)",juin 2026,2026-08-14,O,B,v1.2026.08
Organisations humanitaires et de développement,Nations unies,PAM,Programme Alimentaire Mondial,Sécurité alimentaire,Centre,HT06,Boucan Carré,HT0623,p-code officiel de la table Admin du fichier OCHA,SRC-026,"OCHA Haïti — 3W présence opérationnelle, juin 2026 (CC BY)",juin 2026,2026-08-14,O,B,v1.2026.08
Organisations humanitaires et de développement,Nations unies,PAM,Programme Alimentaire Mondial,Sécurité alimentaire,Nippes,HT10,Paillant,HT1014,p-code officiel de la table Admin du fichier OCHA,SRC-026,"OCHA Haïti — 3W présence opérationnelle, juin 2026 (CC BY)",juin 2026,2026-08-14,O,B,v1.2026.08
Organisations humanitaires et de développement,Nations unies,PAM,Programme Alimentaire Mondial,Sécurité alimentaire,Sud,HT07,Aquin,HT0731,p-code officiel de la table Admin du fichier OCHA,SRC-026,"OCHA Haïti — 3W présence opérationnelle, juin 2026 (CC BY)",juin 2026,2026-08-14,O,B,v1.2026.08
Organisations humanitaires et de développement,Nations unies,PAM,Programme Alimentaire Mondial,Sécurité alimentaire,Sud,HT07,Camp-Perrin,HT0714,p-code officiel de la table Admin du fichier OCHA,SRC-026,"OCHA Haïti — 3W présence opérationnelle, juin 2026 (CC BY)",juin 2026,2026-08-14,O,B,v1.2026.08
Organisations humanitaires et de développement,Nations unies,PAM,Programme Alimentaire Mondial,Sécurité alimentaire,Sud,HT07,Chantal,HT0713,p-code officiel de la table Admin du fichier OCHA,SRC-026,"OCHA Haïti — 3W présence opérationnelle, juin 2026 (CC BY)",juin 2026,2026-08-14,O,B,v1.2026.08
Organisations humanitaires et de développement,Nations unies,PAM,Programme Alimentaire Mondial,Sécurité alimentaire,Sud,HT07,Maniche,HT0715,p-code officiel de la table Admin du fichier OCHA,SRC-026,"OCHA Haïti — 3W présence opérationnelle, juin 2026 (CC BY)",juin 2026,2026-08-14,O,B,v1.2026.08
Organisations humanitaires et de développement,Nations unies,PAM,Programme Alimentaire Mondial,Sécurité alimentaire,Sud,HT07,Tiburon,HT0753,p-code officiel de la table Admin du fichier OCHA,SRC-026,"OCHA Haïti — 3W présence opérationnelle, juin 2026 (CC BY)",juin 2026,2026-08-14,O,B,v1.2026.08
Organisations humanitaires et de développement,Nations unies,PAM,Programme Alimentaire Mondial,Sécurité alimentaire,Ouest,HT01,Anse à Galets,HT0151,p-code officiel de la table Admin du fichier OCHA,SRC-026,"OCHA Haïti — 3W présence opérationnelle, juin 2026 (CC BY)",juin 2026,2026-08-14,O,B,v1.2026.08
Organisations humanitaires et de développement,Nations unies,PAM,Programme Alimentaire Mondial,Sécurité alimentaire,Ouest,HT01,Pointe à Raquette,HT0152,p-code officiel de la table Admin du fichier OCHA,SRC-026,"OCHA Haïti — 3W présence opérationnelle, juin 2026 (CC BY)",juin 2026,2026-08-14,O,B,v1.2026.08
Organisations humanitaires et de développement,Nations unies,PAM,Programme Alimentaire Mondial,Sécurité alimentaire,Centre,HT06,Cerca La Source,HT0641,p-code officiel de la table Admin du fichier OCHA,SRC-026,"OCHA Haïti — 3W présence opérationnelle, juin 2026 (CC BY)",juin 2026,2026-08-14,O,B,v1.2026.08
Organisations humanitaires et de développement,Nations unies,PAM,Programme Alimentaire Mondial,Sécurité alimentaire,Ouest,HT01,Pétion-Ville,HT0114,p-code officiel de la table Admin du fichier OCHA,SRC-026,"OCHA Haïti — 3W présence opérationnelle, juin 2026 (CC BY)",juin 2026,2026-08-14,O,B,v1.2026.08
Organisations humanitaires et de développement,Nations unies,PAM,Programme Alimentaire Mondial,Sécurité alimentaire,Artibonite,HT05,Grande Saline,HT0543,p-code officiel de la table Admin du fichier OCHA,SRC-026,"OCHA Haïti — 3W présence opérationnelle, juin 2026 (CC BY)",juin 2026,2026-08-14,O,B,v1.2026.08
Organisations humanitaires et de développement,Nations unies,PAM,Programme Alimentaire Mondial,Sécurité alimentaire,Artibonite,HT05,Petite Rivière de l'Artibonite,HT0542,p-code officiel de la table Admin du fichier OCHA,SRC-026,"OCHA Haïti — 3W présence opérationnelle, juin 2026 (CC BY)",juin 2026,2026-08-14,O,B,v1.2026.08
Organisations humanitaires et de développement,ONG nationale,RANEPH,Rassemblement National pour l'évolution de la pêche en Haïti,Sécurité alimentaire,Artibonite,HT05,Dessalines,HT0541,p-code officiel de la table Admin du fichier OCHA,SRC-026,"OCHA Haïti — 3W présence opérationnelle, juin 2026 (CC BY)",juin 2026,2026-08-14,O,B,v1.2026.08
Organisations humanitaires et de développement,ONG internationale,SI,Solidarités International,Sécurité alimentaire,Ouest,HT01,Cité Soleil,HT0117,p-code officiel de la table Admin du fichier OCHA,SRC-026,"OCHA Haïti — 3W présence opérationnelle, juin 2026 (CC BY)",juin 2026,2026-08-14,O,B,v1.2026.08
Organisations humanitaires et de développement,ONG internationale,SI,Solidarités International,Sécurité alimentaire,Ouest,HT01,Pétion-Ville,HT0114,p-code officiel de la table Admin du fichier OCHA,SRC-026,"OCHA Haïti — 3W présence opérationnelle, juin 2026 (CC BY)",juin 2026,2026-08-14,O,B,v1.2026.08
Organisations humanitaires et de développement,ONG internationale,SI,Solidarités International,Sécurité alimentaire,Ouest,HT01,Port-au-Prince,HT0111,p-code officiel de la table Admin du fichier OCHA,SRC-026,"OCHA Haïti — 3W présence opérationnelle, juin 2026 (CC BY)",juin 2026,2026-08-14,O,B,v1.2026.08
Organisations humanitaires et de développement,ONG internationale,SI,Solidarités International,Sécurité alimentaire,Ouest,HT01,Delmas,HT0112,p-code officiel de la table Admin du fichier OCHA,SRC-026,"OCHA Haïti — 3W présence opérationnelle, juin 2026 (CC BY)",juin 2026,2026-08-14,O,B,v1.2026.08
Organisations humanitaires et de développement,ONG internationale,SI,Solidarités International,Sécurité alimentaire,Ouest,HT01,Tabarre,HT0118,p-code officiel de la table Admin du fichier OCHA,SRC-026,"OCHA Haïti — 3W présence opérationnelle, juin 2026 (CC BY)",juin 2026,2026-08-14,O,B,v1.2026.08
Organisations humanitaires et de développement,ONG nationale,SIKSE,Société d'Information en Communication Sociale et Économique,Sécurité alimentaire,Nord-Est,HT04,Ouanaminthe,HT0421,p-code officiel de la table Admin du fichier OCHA,SRC-026,"OCHA Haïti — 3W présence opérationnelle, juin 2026 (CC BY)",juin 2026,2026-08-14,O,B,v1.2026.08
Organisations humanitaires et de développement,ONG nationale,SIKSE,Société d'Information en Communication Sociale et Économique,Sécurité alimentaire,Centre,HT06,Hinche,HT0611,p-code officiel de la table Admin du fichier OCHA,SRC-026,"OCHA Haïti — 3W présence opérationnelle, juin 2026 (CC BY)",juin 2026,2026-08-14,O,B,v1.2026.08
Organisations humanitaires et de développement,ONG nationale,SIKSE,Société d'Information en Communication Sociale et Économique,Sécurité alimentaire,Nord,HT03,Quartier Morin,HT0312,p-code officiel de la table Admin du fichier OCHA,SRC-026,"OCHA Haïti — 3W présence opérationnelle, juin 2026 (CC BY)",juin 2026,2026-08-14,O,B,v1.2026.08
Organisations humanitaires et de développement,ONG nationale,SIKSE,Société d'Information en Communication Sociale et Économique,Sécurité alimentaire,Sud-Est,HT02,Bainet,HT0221,p-code officiel de la table Admin du fichier OCHA,SRC-026,"OCHA Haïti — 3W présence opérationnelle, juin 2026 (CC BY)",juin 2026,2026-08-14,O,B,v1.2026.08
Organisations humanitaires et de développement,ONG nationale,SIKSE,Société d'Information en Communication Sociale et Économique,Sécurité alimentaire,Nord,HT03,Acul du Nord,HT0321,p-code officiel de la table Admin du fichier OCHA,SRC-026,"OCHA Haïti — 3W présence opérationnelle, juin 2026 (CC BY)",juin 2026,2026-08-14,O,B,v1.2026.08
Organisations humanitaires et de développement,ONG nationale,SIKSE,Société d'Information en Communication Sociale et Économique,Sécurité alimentaire,Nord,HT03,Grande Riviere Du Nord,HT0331,p-code officiel de la table Admin du fichier OCHA,SRC-026,"OCHA Haïti — 3W présence opérationnelle, juin 2026 (CC BY)",juin 2026,2026-08-14,O,B,v1.2026.08
Organisations humanitaires et de développement,ONG nationale,SIKSE,Société d'Information en Communication Sociale et Économique,Sécurité alimentaire,Centre,HT06,Belladère,HT0632,p-code officiel de la table Admin du fichier OCHA,SRC-026,"OCHA Haïti — 3W présence opérationnelle, juin 2026 (CC BY)",juin 2026,2026-08-14,O,B,v1.2026.08
Organisations humanitaires et de développement,ONG nationale,SIKSE,Société d'Information en Communication Sociale et Économique,Sécurité alimentaire,Centre,HT06,Lascahobas,HT0631,p-code officiel de la table Admin du fichier OCHA,SRC-026,"OCHA Haïti — 3W présence opérationnelle, juin 2026 (CC BY)",juin 2026,2026-08-14,O,B,v1.2026.08
Organisations humanitaires et de développement,ONG internationale,WHH,Welthungerhilfe,Sécurité alimentaire,Nord-Ouest,HT09,Baie de Henne,HT0932,p-code officiel de la table Admin du fichier OCHA,SRC-026,"OCHA Haïti — 3W présence opérationnelle, juin 2026 (CC BY)",juin 2026,2026-08-14,O,B,v1.2026.08
Organisations humanitaires et de développement,ONG internationale,WR,World Relief,Sécurité alimentaire,Sud,HT07,Maniche,HT0715,p-code officiel de la table Admin du fichier OCHA,SRC-026,"OCHA Haïti — 3W présence opérationnelle, juin 2026 (CC BY)",juin 2026,2026-08-14,O,B,v1.2026.08
Organisations humanitaires et de développement,ONG internationale,WR,World Relief,Sécurité alimentaire,Sud,HT07,Saint Louis du Sud,HT0732,p-code officiel de la table Admin du fichier OCHA,SRC-026,"OCHA Haïti — 3W présence opérationnelle, juin 2026 (CC BY)",juin 2026,2026-08-14,O,B,v1.2026.08
Organisations humanitaires et de développement,ONG internationale,WR,World Relief,Sécurité alimentaire,Sud,HT07,Cavaillon,HT0733,p-code officiel de la table Admin du fichier OCHA,SRC-026,"OCHA Haïti — 3W présence opérationnelle, juin 2026 (CC BY)",juin 2026,2026-08-14,O,B,v1.2026.08
Organisations humanitaires et de développement,ONG internationale,WR,World Relief,Sécurité alimentaire,Sud,HT07,Saint Jean du Sud,HT0722,p-code officiel de la table Admin du fichier OCHA,SRC-026,"OCHA Haïti — 3W présence opérationnelle, juin 2026 (CC BY)",juin 2026,2026-08-14,O,B,v1.2026.08
Organisations humanitaires et de développement,ONG internationale,WVI,World Vision International,Sécurité alimentaire,Nippes,HT10,Petit Trou de Nippes,HT1022,p-code officiel de la table Admin du fichier OCHA,SRC-026,"OCHA Haïti — 3W présence opérationnelle, juin 2026 (CC BY)",juin 2026,2026-08-14,O,B,v1.2026.08
Organisations humanitaires et de développement,ONG internationale,WVI,World Vision International,Sécurité alimentaire,Nippes,HT10,Baradères,HT1031,p-code officiel de la table Admin du fichier OCHA,SRC-026,"OCHA Haïti — 3W présence opérationnelle, juin 2026 (CC BY)",juin 2026,2026-08-14,O,B,v1.2026.08
Organisations humanitaires et de développement,ONG internationale,WVI,World Vision International,Sécurité alimentaire,Nippes,HT10,Anse-à-Veau,HT1021,p-code officiel de la table Admin du fichier OCHA,SRC-026,"OCHA Haïti — 3W présence opérationnelle, juin 2026 (CC BY)",juin 2026,2026-08-14,O,B,v1.2026.08
Organisations humanitaires et de développement,ONG internationale,WVI,World Vision International,Sécurité alimentaire,Ouest,HT01,Anse à Galets,HT0151,p-code officiel de la table Admin du fichier OCHA,SRC-026,"OCHA Haïti — 3W présence opérationnelle, juin 2026 (CC BY)",juin 2026,2026-08-14,O,B,v1.2026.08
Organisations humanitaires et de développement,ONG internationale,WVI,World Vision International,Sécurité alimentaire,Ouest,HT01,Pointe à Raquette,HT0152,p-code officiel de la table Admin du fichier OCHA,SRC-026,"OCHA Haïti — 3W présence opérationnelle, juin 2026 (CC BY)",juin 2026,2026-08-14,O,B,v1.2026.08
Organisations humanitaires et de développement,ONG nationale,ZL,Zanmi Lasante,Sécurité alimentaire,Centre,HT06,Belladère,HT0632,p-code officiel de la table Admin du fichier OCHA,SRC-026,"OCHA Haïti — 3W présence opérationnelle, juin 2026 (CC BY)",juin 2026,2026-08-14,O,B,v1.2026.08
Organisations humanitaires et de développement,ONG nationale,ZL,Zanmi Lasante,Sécurité alimentaire,Centre,HT06,Boucan Carré,HT0623,p-code officiel de la table Admin du fichier OCHA,SRC-026,"OCHA Haïti — 3W présence opérationnelle, juin 2026 (CC BY)",juin 2026,2026-08-14,O,B,v1.2026.08
Organisations humanitaires et de développement,ONG nationale,ZL,Zanmi Lasante,Sécurité alimentaire,Centre,HT06,Lascahobas,HT0631,p-code officiel de la table Admin du fichier OCHA,SRC-026,"OCHA Haïti — 3W présence opérationnelle, juin 2026 (CC BY)",juin 2026,2026-08-14,O,B,v1.2026.08
Organisations humanitaires et de développement,ONG nationale,ZL,Zanmi Lasante,Sécurité alimentaire,Centre,HT06,Mirebalais,HT0621,p-code officiel de la table Admin du fichier OCHA,SRC-026,"OCHA Haïti — 3W présence opérationnelle, juin 2026 (CC BY)",juin 2026,2026-08-14,O,B,v1.2026.08
Organisations humanitaires et de développement,ONG nationale,ZL,Zanmi Lasante,Sécurité alimentaire,Centre,HT06,Thomonde,HT0613,p-code officiel de la table Admin du fichier OCHA,SRC-026,"OCHA Haïti — 3W présence opérationnelle, juin 2026 (CC BY)",juin 2026,2026-08-14,O,B,v1.2026.08
Organisations humanitaires et de développement,ONG nationale,ZL,Zanmi Lasante,Sécurité alimentaire,Artibonite,HT05,Petite Rivière de l'Artibonite,HT0542,p-code officiel de la table Admin du fichier OCHA,SRC-026,"OCHA Haïti — 3W présence opérationnelle, juin 2026 (CC BY)",juin 2026,2026-08-14,O,B,v1.2026.08
Organisations humanitaires et de développement,Nations unies,PAM,Programme Alimentaire Mondial,Coord. & Log. & services support,Ouest,HT01,Port-au-Prince,HT0111,p-code officiel de la table Admin du fichier OCHA,SRC-026,"OCHA Haïti — 3W présence opérationnelle, juin 2026 (CC BY)",juin 2026,2026-08-14,O,B,v1.2026.08
Organisations humanitaires et de développement,Nations unies,PAM,Programme Alimentaire Mondial,Coord. & Log. & services support,Ouest,HT01,Delmas,HT0112,p-code officiel de la table Admin du fichier OCHA,SRC-026,"OCHA Haïti — 3W présence opérationnelle, juin 2026 (CC BY)",juin 2026,2026-08-14,O,B,v1.2026.08
Organisations humanitaires et de développement,Nations unies,PAM,Programme Alimentaire Mondial,Coord. & Log. & services support,Ouest,HT01,Carrefour,HT0113,p-code officiel de la table Admin du fichier OCHA,SRC-026,"OCHA Haïti — 3W présence opérationnelle, juin 2026 (CC BY)",juin 2026,2026-08-14,O,B,v1.2026.08
Organisations humanitaires et de développement,Nations unies,PAM,Programme Alimentaire Mondial,Coord. & Log. & services support,Ouest,HT01,Pétion-Ville,HT0114,p-code officiel de la table Admin du fichier OCHA,SRC-026,"OCHA Haïti — 3W présence opérationnelle, juin 2026 (CC BY)",juin 2026,2026-08-14,O,B,v1.2026.08
Organisations humanitaires et de développement,Nations unies,PAM,Programme Alimentaire Mondial,Coord. & Log. & services support,Ouest,HT01,Cité Soleil,HT0117,p-code officiel de la table Admin du fichier OCHA,SRC-026,"OCHA Haïti — 3W présence opérationnelle, juin 2026 (CC BY)",juin 2026,2026-08-14,O,B,v1.2026.08
Organisations humanitaires et de développement,Nations unies,PAM,Programme Alimentaire Mondial,Coord. & Log. & services support,Ouest,HT01,Tabarre,HT0118,p-code officiel de la table Admin du fichier OCHA,SRC-026,"OCHA Haïti — 3W présence opérationnelle, juin 2026 (CC BY)",juin 2026,2026-08-14,O,B,v1.2026.08
Organisations humanitaires et de développement,Nations unies,PAM,Programme Alimentaire Mondial,Coord. & Log. & services support,Nord,HT03,Cap-Haïtien,HT0311,p-code officiel de la table Admin du fichier OCHA,SRC-026,"OCHA Haïti — 3W présence opérationnelle, juin 2026 (CC BY)",juin 2026,2026-08-14,O,B,v1.2026.08
Organisations humanitaires et de développement,Nations unies,PAM,Programme Alimentaire Mondial,Coord. & Log. & services support,Artibonite,HT05,Gonaïves,HT0511,p-code officiel de la table Admin du fichier OCHA,SRC-026,"OCHA Haïti — 3W présence opérationnelle, juin 2026 (CC BY)",juin 2026,2026-08-14,O,B,v1.2026.08
Organisations humanitaires et de développement,Nations unies,PAM,Programme Alimentaire Mondial,Coord. & Log. & services support,Nippes,HT10,Miragoâne,HT1011,p-code officiel de la table Admin du fichier OCHA,SRC-026,"OCHA Haïti — 3W présence opérationnelle, juin 2026 (CC BY)",juin 2026,2026-08-14,O,B,v1.2026.08
Organisations humanitaires et de développement,Nations unies,OCHA,Bureau des Nations unies pour la coordination des affaires humanitaires,Coord. & Log. & services support,Ouest,HT01,Port-au-Prince,HT0111,p-code officiel de la table Admin du fichier OCHA,SRC-026,"OCHA Haïti — 3W présence opérationnelle, juin 2026 (CC BY)",juin 2026,2026-08-14,O,B,v1.2026.08
Organisations humanitaires et de développement,Nations unies,OCHA,Bureau des Nations unies pour la coordination des affaires humanitaires,Coord. & Log. & services support,Ouest,HT01,Delmas,HT0112,p-code officiel de la table Admin du fichier OCHA,SRC-026,"OCHA Haïti — 3W présence opérationnelle, juin 2026 (CC BY)",juin 2026,2026-08-14,O,B,v1.2026.08
Organisations humanitaires et de développement,Nations unies,OCHA,Bureau des Nations unies pour la coordination des affaires humanitaires,Coord. & Log. & services support,Ouest,HT01,Carrefour,HT0113,p-code officiel de la table Admin du fichier OCHA,SRC-026,"OCHA Haïti — 3W présence opérationnelle, juin 2026 (CC BY)",juin 2026,2026-08-14,O,B,v1.2026.08
Organisations humanitaires et de développement,Nations unies,OCHA,Bureau des Nations unies pour la coordination des affaires humanitaires,Coord. & Log. & services support,Ouest,HT01,Pétion-Ville,HT0114,p-code officiel de la table Admin du fichier OCHA,SRC-026,"OCHA Haïti — 3W présence opérationnelle, juin 2026 (CC BY)",juin 2026,2026-08-14,O,B,v1.2026.08
Organisations humanitaires et de développement,Nations unies,OCHA,Bureau des Nations unies pour la coordination des affaires humanitaires,Coord. & Log. & services support,Ouest,HT01,Kenscoff,HT0115,p-code officiel de la table Admin du fichier OCHA,SRC-026,"OCHA Haïti — 3W présence opérationnelle, juin 2026 (CC BY)",juin 2026,2026-08-14,O,B,v1.2026.08
Organisations humanitaires et de développement,Nations unies,OCHA,Bureau des Nations unies pour la coordination des affaires humanitaires,Coord. & Log. & services support,Ouest,HT01,Gressier,HT0116,p-code officiel de la table Admin du fichier OCHA,SRC-026,"OCHA Haïti — 3W présence opérationnelle, juin 2026 (CC BY)",juin 2026,2026-08-14,O,B,v1.2026.08
Organisations humanitaires et de développement,Nations unies,OCHA,Bureau des Nations unies pour la coordination des affaires humanitaires,Coord. & Log. & services support,Ouest,HT01,Cité Soleil,HT0117,p-code officiel de la table Admin du fichier OCHA,SRC-026,"OCHA Haïti — 3W présence opérationnelle, juin 2026 (CC BY)",juin 2026,2026-08-14,O,B,v1.2026.08
Organisations humanitaires et de développement,Nations unies,OCHA,Bureau des Nations unies pour la coordination des affaires humanitaires,Coord. & Log. & services support,Ouest,HT01,Tabarre,HT0118,p-code officiel de la table Admin du fichier OCHA,SRC-026,"OCHA Haïti — 3W présence opérationnelle, juin 2026 (CC BY)",juin 2026,2026-08-14,O,B,v1.2026.08
Organisations humanitaires et de développement,Nations unies,OCHA,Bureau des Nations unies pour la coordination des affaires humanitaires,Coord. & Log. & services support,Ouest,HT01,Léogâne,HT0121,p-code officiel de la table Admin du fichier OCHA,SRC-026,"OCHA Haïti — 3W présence opérationnelle, juin 2026 (CC BY)",juin 2026,2026-08-14,O,B,v1.2026.08
Organisations humanitaires et de développement,Nations unies,OCHA,Bureau des Nations unies pour la coordination des affaires humanitaires,Coord. & Log. & services support,Ouest,HT01,Petit-Goâve,HT0122,p-code officiel de la table Admin du fichier OCHA,SRC-026,"OCHA Haïti — 3W présence opérationnelle, juin 2026 (CC BY)",juin 2026,2026-08-14,O,B,v1.2026.08
Organisations humanitaires et de développement,Nations unies,OCHA,Bureau des Nations unies pour la coordination des affaires humanitaires,Coord. & Log. & services support,Ouest,HT01,Grand-Goâve,HT0123,p-code officiel de la table Admin du fichier OCHA,SRC-026,"OCHA Haïti — 3W présence opérationnelle, juin 2026 (CC BY)",juin 2026,2026-08-14,O,B,v1.2026.08
Organisations humanitaires et de développement,Nations unies,OCHA,Bureau des Nations unies pour la coordination des affaires humanitaires,Coord. & Log. & services support,Ouest,HT01,Croix-Des-Bouquets,HT0131,p-code officiel de la table Admin du fichier OCHA,SRC-026,"OCHA Haïti — 3W présence opérationnelle, juin 2026 (CC BY)",juin 2026,2026-08-14,O,B,v1.2026.08
Organisations humanitaires et de développement,Nations unies,OCHA,Bureau des Nations unies pour la coordination des affaires humanitaires,Coord. & Log. & services support,Ouest,HT01,Thomazeau,HT0132,p-code officiel de la table Admin du fichier OCHA,SRC-026,"OCHA Haïti — 3W présence opérationnelle, juin 2026 (CC BY)",juin 2026,2026-08-14,O,B,v1.2026.08
Organisations humanitaires et de développement,Nations unies,OCHA,Bureau des Nations unies pour la coordination des affaires humanitaires,Coord. & Log. & services support,Ouest,HT01,Ganthier,HT0133,p-code officiel de la table Admin du fichier OCHA,SRC-026,"OCHA Haïti — 3W présence opérationnelle, juin 2026 (CC BY)",juin 2026,2026-08-14,O,B,v1.2026.08
Organisations humanitaires et de développement,Nations unies,OCHA,Bureau des Nations unies pour la coordination des affaires humanitaires,Coord. & Log. & services support,Ouest,HT01,Cornillon / Grand Bois,HT0134,p-code officiel de la table Admin du fichier OCHA,SRC-026,"OCHA Haïti — 3W présence opérationnelle, juin 2026 (CC BY)",juin 2026,2026-08-14,O,B,v1.2026.08
Organisations humanitaires et de développement,Nations unies,OCHA,Bureau des Nations unies pour la coordination des affaires humanitaires,Coord. & Log. & services support,Ouest,HT01,Fonds-Verrettes,HT0135,p-code officiel de la table Admin du fichier OCHA,SRC-026,"OCHA Haïti — 3W présence opérationnelle, juin 2026 (CC BY)",juin 2026,2026-08-14,O,B,v1.2026.08
Organisations humanitaires et de développement,Nations unies,OCHA,Bureau des Nations unies pour la coordination des affaires humanitaires,Coord. & Log. & services support,Ouest,HT01,Arcahaie,HT0141,p-code officiel de la table Admin du fichier OCHA,SRC-026,"OCHA Haïti — 3W présence opérationnelle, juin 2026 (CC BY)",juin 2026,2026-08-14,O,B,v1.2026.08
Organisations humanitaires et de développement,Nations unies,OCHA,Bureau des Nations unies pour la coordination des affaires humanitaires,Coord. & Log. & services support,Ouest,HT01,Cabaret,HT0142,p-code officiel de la table Admin du fichier OCHA,SRC-026,"OCHA Haïti — 3W présence opérationnelle, juin 2026 (CC BY)",juin 2026,2026-08-14,O,B,v1.2026.08
Organisations humanitaires et de développement,Nations unies,OCHA,Bureau des Nations unies pour la coordination des affaires humanitaires,Coord. & Log. & services support,Ouest,HT01,Anse à Galets,HT0151,p-code officiel de la table Admin du fichier OCHA,SRC-026,"OCHA Haïti — 3W présence opérationnelle, juin 2026 (CC BY)",juin 2026,2026-08-14,O,B,v1.2026.08
Organisations humanitaires et de développement,Nations unies,OCHA,Bureau des Nations unies pour la coordination des affaires humanitaires,Coord. & Log. & services support,Ouest,HT01,Pointe à Raquette,HT0152,p-code officiel de la table Admin du fichier OCHA,SRC-026,"OCHA Haïti — 3W présence opérationnelle, juin 2026 (CC BY)",juin 2026,2026-08-14,O,B,v1.2026.08
Organisations humanitaires et de développement,Nations unies,OCHA,Bureau des Nations unies pour la coordination des affaires humanitaires,Coord. & Log. & services support,Sud-Est,HT02,Jacmel,HT0211,p-code officiel de la table Admin du fichier OCHA,SRC-026,"OCHA Haïti — 3W présence opérationnelle, juin 2026 (CC BY)",juin 2026,2026-08-14,O,B,v1.2026.08
Organisations humanitaires et de développement,Nations unies,OCHA,Bureau des Nations unies pour la coordination des affaires humanitaires,Coord. & Log. & services support,Sud-Est,HT02,Marigot,HT0212,p-code officiel de la table Admin du fichier OCHA,SRC-026,"OCHA Haïti — 3W présence opérationnelle, juin 2026 (CC BY)",juin 2026,2026-08-14,O,B,v1.2026.08
Organisations humanitaires et de développement,Nations unies,OCHA,Bureau des Nations unies pour la coordination des affaires humanitaires,Coord. & Log. & services support,Sud-Est,HT02,Cayes-Jacmel,HT0213,p-code officiel de la table Admin du fichier OCHA,SRC-026,"OCHA Haïti — 3W présence opérationnelle, juin 2026 (CC BY)",juin 2026,2026-08-14,O,B,v1.2026.08
Organisations humanitaires et de développement,Nations unies,OCHA,Bureau des Nations unies pour la coordination des affaires humanitaires,Coord. & Log. & services support,Sud-Est,HT02,La Vallée,HT0214,p-code officiel de la table Admin du fichier OCHA,SRC-026,"OCHA Haïti — 3W présence opérationnelle, juin 2026 (CC BY)",juin 2026,2026-08-14,O,B,v1.2026.08
Organisations humanitaires et de développement,Nations unies,OCHA,Bureau des Nations unies pour la coordination des affaires humanitaires,Coord. & Log. & services support,Sud-Est,HT02,Bainet,HT0221,p-code officiel de la table Admin du fichier OCHA,SRC-026,"OCHA Haïti — 3W présence opérationnelle, juin 2026 (CC BY)",juin 2026,2026-08-14,O,B,v1.2026.08
Organisations humanitaires et de développement,Nations unies,OCHA,Bureau des Nations unies pour la coordination des affaires humanitaires,Coord. & Log. & services support,Sud-Est,HT02,Côtes de Fer,HT0222,p-code officiel de la table Admin du fichier OCHA,SRC-026,"OCHA Haïti — 3W présence opérationnelle, juin 2026 (CC BY)",juin 2026,2026-08-14,O,B,v1.2026.08
Organisations humanitaires et de développement,Nations unies,OCHA,Bureau des Nations unies pour la coordination des affaires humanitaires,Coord. & Log. & services support,Sud-Est,HT02,Belle Anse,HT0231,p-code officiel de la table Admin du fichier OCHA,SRC-026,"OCHA Haïti — 3W présence opérationnelle, juin 2026 (CC BY)",juin 2026,2026-08-14,O,B,v1.2026.08
Organisations humanitaires et de développement,Nations unies,OCHA,Bureau des Nations unies pour la coordination des affaires humanitaires,Coord. & Log. & services support,Sud-Est,HT02,Grand Gosier,HT0232,p-code officiel de la table Admin du fichier OCHA,SRC-026,"OCHA Haïti — 3W présence opérationnelle, juin 2026 (CC BY)",juin 2026,2026-08-14,O,B,v1.2026.08
Organisations humanitaires et de développement,Nations unies,OCHA,Bureau des Nations unies pour la coordination des affaires humanitaires,Coord. & Log. & services support,Sud-Est,HT02,Thiotte,HT0233,p-code officiel de la table Admin du fichier OCHA,SRC-026,"OCHA Haïti — 3W présence opérationnelle, juin 2026 (CC BY)",juin 2026,2026-08-14,O,B,v1.2026.08
Organisations humanitaires et de développement,Nations unies,OCHA,Bureau des Nations unies pour la coordination des affaires humanitaires,Coord. & Log. & services support,Sud-Est,HT02,Anse-à-Pître,HT0234,p-code officiel de la table Admin du fichier OCHA,SRC-026,"OCHA Haïti — 3W présence opérationnelle, juin 2026 (CC BY)",juin 2026,2026-08-14,O,B,v1.2026.08
Organisations humanitaires et de développement,Nations unies,OCHA,Bureau des Nations unies pour la coordination des affaires humanitaires,Coord. & Log. & services support,Nord,HT03,Cap-Haïtien,HT0311,p-code officiel de la table Admin du fichier OCHA,SRC-026,"OCHA Haïti — 3W présence opérationnelle, juin 2026 (CC BY)",juin 2026,2026-08-14,O,B,v1.2026.08
Organisations humanitaires et de développement,Nations unies,OCHA,Bureau des Nations unies pour la coordination des affaires humanitaires,Coord. & Log. & services support,Nord,HT03,Quartier Morin,HT0312,p-code officiel de la table Admin du fichier OCHA,SRC-026,"OCHA Haïti — 3W présence opérationnelle, juin 2026 (CC BY)",juin 2026,2026-08-14,O,B,v1.2026.08
Organisations humanitaires et de développement,Nations unies,OCHA,Bureau des Nations unies pour la coordination des affaires humanitaires,Coord. & Log. & services support,Nord,HT03,Limonade,HT0313,p-code officiel de la table Admin du fichier OCHA,SRC-026,"OCHA Haïti — 3W présence opérationnelle, juin 2026 (CC BY)",juin 2026,2026-08-14,O,B,v1.2026.08
Organisations humanitaires et de développement,Nations unies,OCHA,Bureau des Nations unies pour la coordination des affaires humanitaires,Coord. & Log. & services support,Nord,HT03,Acul du Nord,HT0321,p-code officiel de la table Admin du fichier OCHA,SRC-026,"OCHA Haïti — 3W présence opérationnelle, juin 2026 (CC BY)",juin 2026,2026-08-14,O,B,v1.2026.08
Organisations humanitaires et de développement,Nations unies,OCHA,Bureau des Nations unies pour la coordination des affaires humanitaires,Coord. & Log. & services support,Nord,HT03,Plaine du Nord,HT0322,p-code officiel de la table Admin du fichier OCHA,SRC-026,"OCHA Haïti — 3W présence opérationnelle, juin 2026 (CC BY)",juin 2026,2026-08-14,O,B,v1.2026.08
Organisations humanitaires et de développement,Nations unies,OCHA,Bureau des Nations unies pour la coordination des affaires humanitaires,Coord. & Log. & services support,Nord,HT03,Milot,HT0323,p-code officiel de la table Admin du fichier OCHA,SRC-026,"OCHA Haïti — 3W présence opérationnelle, juin 2026 (CC BY)",juin 2026,2026-08-14,O,B,v1.2026.08
Organisations humanitaires et de développement,Nations unies,OCHA,Bureau des Nations unies pour la coordination des affaires humanitaires,Coord. & Log. & services support,Nord,HT03,Grande Riviere Du Nord,HT0331,p-code officiel de la table Admin du fichier OCHA,SRC-026,"OCHA Haïti — 3W présence opérationnelle, juin 2026 (CC BY)",juin 2026,2026-08-14,O,B,v1.2026.08
Organisations humanitaires et de développement,Nations unies,OCHA,Bureau des Nations unies pour la coordination des affaires humanitaires,Coord. & Log. & services support,Nord,HT03,Bahon,HT0332,p-code officiel de la table Admin du fichier OCHA,SRC-026,"OCHA Haïti — 3W présence opérationnelle, juin 2026 (CC BY)",juin 2026,2026-08-14,O,B,v1.2026.08
Organisations humanitaires et de développement,Nations unies,OCHA,Bureau des Nations unies pour la coordination des affaires humanitaires,Coord. & Log. & services support,Nord,HT03,Saint-Raphaël,HT0341,p-code officiel de la table Admin du fichier OCHA,SRC-026,"OCHA Haïti — 3W présence opérationnelle, juin 2026 (CC BY)",juin 2026,2026-08-14,O,B,v1.2026.08
Organisations humanitaires et de développement,Nations unies,OCHA,Bureau des Nations unies pour la coordination des affaires humanitaires,Coord. & Log. & services support,Nord,HT03,Dondon,HT0342,p-code officiel de la table Admin du fichier OCHA,SRC-026,"OCHA Haïti — 3W présence opérationnelle, juin 2026 (CC BY)",juin 2026,2026-08-14,O,B,v1.2026.08
Organisations humanitaires et de développement,Nations unies,OCHA,Bureau des Nations unies pour la coordination des affaires humanitaires,Coord. & Log. & services support,Nord,HT03,Ranquitte,HT0343,p-code officiel de la table Admin du fichier OCHA,SRC-026,"OCHA Haïti — 3W présence opérationnelle, juin 2026 (CC BY)",juin 2026,2026-08-14,O,B,v1.2026.08
Organisations humanitaires et de développement,Nations unies,OCHA,Bureau des Nations unies pour la coordination des affaires humanitaires,Coord. & Log. & services support,Nord,HT03,Pignon,HT0344,p-code officiel de la table Admin du fichier OCHA,SRC-026,"OCHA Haïti — 3W présence opérationnelle, juin 2026 (CC BY)",juin 2026,2026-08-14,O,B,v1.2026.08
Organisations humanitaires et de développement,Nations unies,OCHA,Bureau des Nations unies pour la coordination des affaires humanitaires,Coord. & Log. & services support,Nord,HT03,La Victoire,HT0345,p-code officiel de la table Admin du fichier OCHA,SRC-026,"OCHA Haïti — 3W présence opérationnelle, juin 2026 (CC BY)",juin 2026,2026-08-14,O,B,v1.2026.08
Organisations humanitaires et de développement,Nations unies,OCHA,Bureau des Nations unies pour la coordination des affaires humanitaires,Coord. & Log. & services support,Nord,HT03,Borgne,HT0351,p-code officiel de la table Admin du fichier OCHA,SRC-026,"OCHA Haïti — 3W présence opérationnelle, juin 2026 (CC BY)",juin 2026,2026-08-14,O,B,v1.2026.08
Organisations humanitaires et de développement,Nations unies,OCHA,Bureau des Nations unies pour la coordination des affaires humanitaires,Coord. & Log. & services support,Nord,HT03,Port-Margot,HT0352,p-code officiel de la table Admin du fichier OCHA,SRC-026,"OCHA Haïti — 3W présence opérationnelle, juin 2026 (CC BY)",juin 2026,2026-08-14,O,B,v1.2026.08
Organisations humanitaires et de développement,Nations unies,OCHA,Bureau des Nations unies pour la coordination des affaires humanitaires,Coord. & Log. & services support,Nord,HT03,Limbé,HT0361,p-code officiel de la table Admin du fichier OCHA,SRC-026,"OCHA Haïti — 3W présence opérationnelle, juin 2026 (CC BY)",juin 2026,2026-08-14,O,B,v1.2026.08
Organisations humanitaires et de développement,Nations unies,OCHA,Bureau des Nations unies pour la coordination des affaires humanitaires,Coord. & Log. & services support,Nord,HT03,Bas Limbé,HT0362,p-code officiel de la table Admin du fichier OCHA,SRC-026,"OCHA Haïti — 3W présence opérationnelle, juin 2026 (CC BY)",juin 2026,2026-08-14,O,B,v1.2026.08
Organisations humanitaires et de développement,Nations unies,OCHA,Bureau des Nations unies pour la coordination des affaires humanitaires,Coord. & Log. & services support,Nord,HT03,Plaisance,HT0371,p-code officiel de la table Admin du fichier OCHA,SRC-026,"OCHA Haïti — 3W présence opérationnelle, juin 2026 (CC BY)",juin 2026,2026-08-14,O,B,v1.2026.08
Organisations humanitaires et de développement,Nations unies,OCHA,Bureau des Nations unies pour la coordination des affaires humanitaires,Coord. & Log. & services support,Nord,HT03,Pilate,HT0372,p-code officiel de la table Admin du fichier OCHA,SRC-026,"OCHA Haïti — 3W présence opérationnelle, juin 2026 (CC BY)",juin 2026,2026-08-14,O,B,v1.2026.08
Organisations humanitaires et de développement,Nations unies,OCHA,Bureau des Nations unies pour la coordination des affaires humanitaires,Coord. & Log. & services support,Nord-Est,HT04,Fort-Liberté,HT0411,p-code officiel de la table Admin du fichier OCHA,SRC-026,"OCHA Haïti — 3W présence opérationnelle, juin 2026 (CC BY)",juin 2026,2026-08-14,O,B,v1.2026.08
Organisations humanitaires et de développement,Nations unies,OCHA,Bureau des Nations unies pour la coordination des affaires humanitaires,Coord. & Log. & services support,Nord-Est,HT04,Ferrier,HT0412,p-code officiel de la table Admin du fichier OCHA,SRC-026,"OCHA Haïti — 3W présence opérationnelle, juin 2026 (CC BY)",juin 2026,2026-08-14,O,B,v1.2026.08
Organisations humanitaires et de développement,Nations unies,OCHA,Bureau des Nations unies pour la coordination des affaires humanitaires,Coord. & Log. & services support,Nord-Est,HT04,Perches,HT0413,p-code officiel de la table Admin du fichier OCHA,SRC-026,"OCHA Haïti — 3W présence opérationnelle, juin 2026 (CC BY)",juin 2026,2026-08-14,O,B,v1.2026.08
Organisations humanitaires et de développement,Nations unies,OCHA,Bureau des Nations unies pour la coordination des affaires humanitaires,Coord. & Log. & services support,Nord-Est,HT04,Ouanaminthe,HT0421,p-code officiel de la table Admin du fichier OCHA,SRC-026,"OCHA Haïti — 3W présence opérationnelle, juin 2026 (CC BY)",juin 2026,2026-08-14,O,B,v1.2026.08
Organisations humanitaires et de développement,Nations unies,OCHA,Bureau des Nations unies pour la coordination des affaires humanitaires,Coord. & Log. & services support,Nord-Est,HT04,Capotille,HT0422,p-code officiel de la table Admin du fichier OCHA,SRC-026,"OCHA Haïti — 3W présence opérationnelle, juin 2026 (CC BY)",juin 2026,2026-08-14,O,B,v1.2026.08
Organisations humanitaires et de développement,Nations unies,OCHA,Bureau des Nations unies pour la coordination des affaires humanitaires,Coord. & Log. & services support,Nord-Est,HT04,Mont-Organisé,HT0423,p-code officiel de la table Admin du fichier OCHA,SRC-026,"OCHA Haïti — 3W présence opérationnelle, juin 2026 (CC BY)",juin 2026,2026-08-14,O,B,v1.2026.08
Organisations humanitaires et de développement,Nations unies,OCHA,Bureau des Nations unies pour la coordination des affaires humanitaires,Coord. & Log. & services support,Nord-Est,HT04,Trou du Nord,HT0431,p-code officiel de la table Admin du fichier OCHA,SRC-026,"OCHA Haïti — 3W présence opérationnelle, juin 2026 (CC BY)",juin 2026,2026-08-14,O,B,v1.2026.08
Organisations humanitaires et de développement,Nations unies,OCHA,Bureau des Nations unies pour la coordination des affaires humanitaires,Coord. & Log. & services support,Nord-Est,HT04,Sainte Suzanne,HT0432,p-code officiel de la table Admin du fichier OCHA,SRC-026,"OCHA Haïti — 3W présence opérationnelle, juin 2026 (CC BY)",juin 2026,2026-08-14,O,B,v1.2026.08
Organisations humanitaires et de développement,Nations unies,OCHA,Bureau des Nations unies pour la coordination des affaires humanitaires,Coord. & Log. & services support,Nord-Est,HT04,Terrier Rouge,HT0433,p-code officiel de la table Admin du fichier OCHA,SRC-026,"OCHA Haïti — 3W présence opérationnelle, juin 2026 (CC BY)",juin 2026,2026-08-14,O,B,v1.2026.08
Organisations humanitaires et de développement,Nations unies,OCHA,Bureau des Nations unies pour la coordination des affaires humanitaires,Coord. & Log. & services support,Nord-Est,HT04,Caracol,HT0434,p-code officiel de la table Admin du fichier OCHA,SRC-026,"OCHA Haïti — 3W présence opérationnelle, juin 2026 (CC BY)",juin 2026,2026-08-14,O,B,v1.2026.08
Organisations humanitaires et de développement,Nations unies,OCHA,Bureau des Nations unies pour la coordination des affaires humanitaires,Coord. & Log. & services support,Nord-Est,HT04,Vallières,HT0441,p-code officiel de la table Admin du fichier OCHA,SRC-026,"OCHA Haïti — 3W présence opérationnelle, juin 2026 (CC BY)",juin 2026,2026-08-14,O,B,v1.2026.08
Organisations humanitaires et de développement,Nations unies,OCHA,Bureau des Nations unies pour la coordination des affaires humanitaires,Coord. & Log. & services support,Nord-Est,HT04,Carice,HT0442,p-code officiel de la table Admin du fichier OCHA,SRC-026,"OCHA Haïti — 3W présence opérationnelle, juin 2026 (CC BY)",juin 2026,2026-08-14,O,B,v1.2026.08
Organisations humanitaires et de développement,Nations unies,OCHA,Bureau des Nations unies pour la coordination des affaires humanitaires,Coord. & Log. & services support,Nord-Est,HT04,Mombin Crochu,HT0443,p-code officiel de la table Admin du fichier OCHA,SRC-026,"OCHA Haïti — 3W présence opérationnelle, juin 2026 (CC BY)",juin 2026,2026-08-14,O,B,v1.2026.08
Organisations humanitaires et de développement,Nations unies,OCHA,Bureau des Nations unies pour la coordination des affaires humanitaires,Coord. & Log. & services support,Artibonite,HT05,Gonaïves,HT0511,p-code officiel de la table Admin du fichier OCHA,SRC-026,"OCHA Haïti — 3W présence opérationnelle, juin 2026 (CC BY)",juin 2026,2026-08-14,O,B,v1.2026.08
Organisations humanitaires et de développement,Nations unies,OCHA,Bureau des Nations unies pour la coordination des affaires humanitaires,Coord. & Log. & services support,Artibonite,HT05,Ennery,HT0512,p-code officiel de la table Admin du fichier OCHA,SRC-026,"OCHA Haïti — 3W présence opérationnelle, juin 2026 (CC BY)",juin 2026,2026-08-14,O,B,v1.2026.08
Organisations humanitaires et de développement,Nations unies,OCHA,Bureau des Nations unies pour la coordination des affaires humanitaires,Coord. & Log. & services support,Artibonite,HT05,L'Estère,HT0513,p-code officiel de la table Admin du fichier OCHA,SRC-026,"OCHA Haïti — 3W présence opérationnelle, juin 2026 (CC BY)",juin 2026,2026-08-14,O,B,v1.2026.08
Organisations humanitaires et de développement,Nations unies,OCHA,Bureau des Nations unies pour la coordination des affaires humanitaires,Coord. & Log. & services support,Artibonite,HT05,Gros Morne,HT0521,p-code officiel de la table Admin du fichier OCHA,SRC-026,"OCHA Haïti — 3W présence opérationnelle, juin 2026 (CC BY)",juin 2026,2026-08-14,O,B,v1.2026.08
Organisations humanitaires et de développement,Nations unies,OCHA,Bureau des Nations unies pour la coordination des affaires humanitaires,Coord. & Log. & services support,Artibonite,HT05,Terre Neuve,HT0522,p-code officiel de la table Admin du fichier OCHA,SRC-026,"OCHA Haïti — 3W présence opérationnelle, juin 2026 (CC BY)",juin 2026,2026-08-14,O,B,v1.2026.08
Organisations humanitaires et de développement,Nations unies,OCHA,Bureau des Nations unies pour la coordination des affaires humanitaires,Coord. & Log. & services support,Artibonite,HT05,Anse Rouge,HT0523,p-code officiel de la table Admin du fichier OCHA,SRC-026,"OCHA Haïti — 3W présence opérationnelle, juin 2026 (CC BY)",juin 2026,2026-08-14,O,B,v1.2026.08
Organisations humanitaires et de développement,Nations unies,OCHA,Bureau des Nations unies pour la coordination des affaires humanitaires,Coord. & Log. & services support,Artibonite,HT05,Saint-Marc,HT0531,p-code officiel de la table Admin du fichier OCHA,SRC-026,"OCHA Haïti — 3W présence opérationnelle, juin 2026 (CC BY)",juin 2026,2026-08-14,O,B,v1.2026.08
Organisations humanitaires et de développement,Nations unies,OCHA,Bureau des Nations unies pour la coordination des affaires humanitaires,Coord. & Log. & services support,Artibonite,HT05,Verrettes,HT0532,p-code officiel de la table Admin du fichier OCHA,SRC-026,"OCHA Haïti — 3W présence opérationnelle, juin 2026 (CC BY)",juin 2026,2026-08-14,O,B,v1.2026.08
Organisations humanitaires et de développement,Nations unies,OCHA,Bureau des Nations unies pour la coordination des affaires humanitaires,Coord. & Log. & services support,Artibonite,HT05,La Chapelle,HT0533,p-code officiel de la table Admin du fichier OCHA,SRC-026,"OCHA Haïti — 3W présence opérationnelle, juin 2026 (CC BY)",juin 2026,2026-08-14,O,B,v1.2026.08
Organisations humanitaires et de développement,Nations unies,OCHA,Bureau des Nations unies pour la coordination des affaires humanitaires,Coord. & Log. & services support,Artibonite,HT05,Dessalines,HT0541,p-code officiel de la table Admin du fichier OCHA,SRC-026,"OCHA Haïti — 3W présence opérationnelle, juin 2026 (CC BY)",juin 2026,2026-08-14,O,B,v1.2026.08
Organisations humanitaires et de développement,Nations unies,OCHA,Bureau des Nations unies pour la coordination des affaires humanitaires,Coord. & Log. & services support,Artibonite,HT05,Petite Rivière de l'Artibonite,HT0542,p-code officiel de la table Admin du fichier OCHA,SRC-026,"OCHA Haïti — 3W présence opérationnelle, juin 2026 (CC BY)",juin 2026,2026-08-14,O,B,v1.2026.08
Organisations humanitaires et de développement,Nations unies,OCHA,Bureau des Nations unies pour la coordination des affaires humanitaires,Coord. & Log. & services support,Artibonite,HT05,Grande Saline,HT0543,p-code officiel de la table Admin du fichier OCHA,SRC-026,"OCHA Haïti — 3W présence opérationnelle, juin 2026 (CC BY)",juin 2026,2026-08-14,O,B,v1.2026.08
Organisations humanitaires et de développement,Nations unies,OCHA,Bureau des Nations unies pour la coordination des affaires humanitaires,Coord. & Log. & services support,Artibonite,HT05,Desdunes,HT0544,p-code officiel de la table Admin du fichier OCHA,SRC-026,"OCHA Haïti — 3W présence opérationnelle, juin 2026 (CC BY)",juin 2026,2026-08-14,O,B,v1.2026.08
Organisations humanitaires et de développement,Nations unies,OCHA,Bureau des Nations unies pour la coordination des affaires humanitaires,Coord. & Log. & services support,Artibonite,HT05,Saint-Michel de l'Attalaye,HT0551,p-code officiel de la table Admin du fichier OCHA,SRC-026,"OCHA Haïti — 3W présence opérationnelle, juin 2026 (CC BY)",juin 2026,2026-08-14,O,B,v1.2026.08
Organisations humanitaires et de développement,Nations unies,OCHA,Bureau des Nations unies pour la coordination des affaires humanitaires,Coord. & Log. & services support,Artibonite,HT05,Marmelade,HT0552,p-code officiel de la table Admin du fichier OCHA,SRC-026,"OCHA Haïti — 3W présence opérationnelle, juin 2026 (CC BY)",juin 2026,2026-08-14,O,B,v1.2026.08
Organisations humanitaires et de développement,Nations unies,OCHA,Bureau des Nations unies pour la coordination des affaires humanitaires,Coord. & Log. & services support,Centre,HT06,Hinche,HT0611,p-code officiel de la table Admin du fichier OCHA,SRC-026,"OCHA Haïti — 3W présence opérationnelle, juin 2026 (CC BY)",juin 2026,2026-08-14,O,B,v1.2026.08
Organisations humanitaires et de développement,Nations unies,OCHA,Bureau des Nations unies pour la coordination des affaires humanitaires,Coord. & Log. & services support,Centre,HT06,Maïssade,HT0612,p-code officiel de la table Admin du fichier OCHA,SRC-026,"OCHA Haïti — 3W présence opérationnelle, juin 2026 (CC BY)",juin 2026,2026-08-14,O,B,v1.2026.08
Organisations humanitaires et de développement,Nations unies,OCHA,Bureau des Nations unies pour la coordination des affaires humanitaires,Coord. & Log. & services support,Centre,HT06,Thomonde,HT0613,p-code officiel de la table Admin du fichier OCHA,SRC-026,"OCHA Haïti — 3W présence opérationnelle, juin 2026 (CC BY)",juin 2026,2026-08-14,O,B,v1.2026.08
Organisations humanitaires et de développement,Nations unies,OCHA,Bureau des Nations unies pour la coordination des affaires humanitaires,Coord. & Log. & services support,Centre,HT06,Cerca Carvajal,HT0614,p-code officiel de la table Admin du fichier OCHA,SRC-026,"OCHA Haïti — 3W présence opérationnelle, juin 2026 (CC BY)",juin 2026,2026-08-14,O,B,v1.2026.08
Organisations humanitaires et de développement,Nations unies,OCHA,Bureau des Nations unies pour la coordination des affaires humanitaires,Coord. & Log. & services support,Centre,HT06,Mirebalais,HT0621,p-code officiel de la table Admin du fichier OCHA,SRC-026,"OCHA Haïti — 3W présence opérationnelle, juin 2026 (CC BY)",juin 2026,2026-08-14,O,B,v1.2026.08
Organisations humanitaires et de développement,Nations unies,OCHA,Bureau des Nations unies pour la coordination des affaires humanitaires,Coord. & Log. & services support,Centre,HT06,Saut d'Eau,HT0622,p-code officiel de la table Admin du fichier OCHA,SRC-026,"OCHA Haïti — 3W présence opérationnelle, juin 2026 (CC BY)",juin 2026,2026-08-14,O,B,v1.2026.08
Organisations humanitaires et de développement,Nations unies,OCHA,Bureau des Nations unies pour la coordination des affaires humanitaires,Coord. & Log. & services support,Centre,HT06,Boucan Carré,HT0623,p-code officiel de la table Admin du fichier OCHA,SRC-026,"OCHA Haïti — 3W présence opérationnelle, juin 2026 (CC BY)",juin 2026,2026-08-14,O,B,v1.2026.08
Organisations humanitaires et de développement,Nations unies,OCHA,Bureau des Nations unies pour la coordination des affaires humanitaires,Coord. & Log. & services support,Centre,HT06,Lascahobas,HT0631,p-code officiel de la table Admin du fichier OCHA,SRC-026,"OCHA Haïti — 3W présence opérationnelle, juin 2026 (CC BY)",juin 2026,2026-08-14,O,B,v1.2026.08
Organisations humanitaires et de développement,Nations unies,OCHA,Bureau des Nations unies pour la coordination des affaires humanitaires,Coord. & Log. & services support,Centre,HT06,Belladère,HT0632,p-code officiel de la table Admin du fichier OCHA,SRC-026,"OCHA Haïti — 3W présence opérationnelle, juin 2026 (CC BY)",juin 2026,2026-08-14,O,B,v1.2026.08
Organisations humanitaires et de développement,Nations unies,OCHA,Bureau des Nations unies pour la coordination des affaires humanitaires,Coord. & Log. & services support,Centre,HT06,Savanette,HT0633,p-code officiel de la table Admin du fichier OCHA,SRC-026,"OCHA Haïti — 3W présence opérationnelle, juin 2026 (CC BY)",juin 2026,2026-08-14,O,B,v1.2026.08
Organisations humanitaires et de développement,Nations unies,OCHA,Bureau des Nations unies pour la coordination des affaires humanitaires,Coord. & Log. & services support,Centre,HT06,Cerca La Source,HT0641,p-code officiel de la table Admin du fichier OCHA,SRC-026,"OCHA Haïti — 3W présence opérationnelle, juin 2026 (CC BY)",juin 2026,2026-08-14,O,B,v1.2026.08
Organisations humanitaires et de développement,Nations unies,OCHA,Bureau des Nations unies pour la coordination des affaires humanitaires,Coord. & Log. & services support,Centre,HT06,Thomassique,HT0642,p-code officiel de la table Admin du fichier OCHA,SRC-026,"OCHA Haïti — 3W présence opérationnelle, juin 2026 (CC BY)",juin 2026,2026-08-14,O,B,v1.2026.08
Organisations humanitaires et de développement,Nations unies,OCHA,Bureau des Nations unies pour la coordination des affaires humanitaires,Coord. & Log. & services support,Sud,HT07,Les Cayes,HT0711,p-code officiel de la table Admin du fichier OCHA,SRC-026,"OCHA Haïti — 3W présence opérationnelle, juin 2026 (CC BY)",juin 2026,2026-08-14,O,B,v1.2026.08
Organisations humanitaires et de développement,Nations unies,OCHA,Bureau des Nations unies pour la coordination des affaires humanitaires,Coord. & Log. & services support,Sud,HT07,Torbeck,HT0712,p-code officiel de la table Admin du fichier OCHA,SRC-026,"OCHA Haïti — 3W présence opérationnelle, juin 2026 (CC BY)",juin 2026,2026-08-14,O,B,v1.2026.08
Organisations humanitaires et de développement,Nations unies,OCHA,Bureau des Nations unies pour la coordination des affaires humanitaires,Coord. & Log. & services support,Sud,HT07,Chantal,HT0713,p-code officiel de la table Admin du fichier OCHA,SRC-026,"OCHA Haïti — 3W présence opérationnelle, juin 2026 (CC BY)",juin 2026,2026-08-14,O,B,v1.2026.08
Organisations humanitaires et de développement,Nations unies,OCHA,Bureau des Nations unies pour la coordination des affaires humanitaires,Coord. & Log. & services support,Sud,HT07,Camp-Perrin,HT0714,p-code officiel de la table Admin du fichier OCHA,SRC-026,"OCHA Haïti — 3W présence opérationnelle, juin 2026 (CC BY)",juin 2026,2026-08-14,O,B,v1.2026.08
Organisations humanitaires et de développement,Nations unies,OCHA,Bureau des Nations unies pour la coordination des affaires humanitaires,Coord. & Log. & services support,Sud,HT07,Maniche,HT0715,p-code officiel de la table Admin du fichier OCHA,SRC-026,"OCHA Haïti — 3W présence opérationnelle, juin 2026 (CC BY)",juin 2026,2026-08-14,O,B,v1.2026.08
Organisations humanitaires et de développement,Nations unies,OCHA,Bureau des Nations unies pour la coordination des affaires humanitaires,Coord. & Log. & services support,Sud,HT07,Île à Vache,HT0716,p-code officiel de la table Admin du fichier OCHA,SRC-026,"OCHA Haïti — 3W présence opérationnelle, juin 2026 (CC BY)",juin 2026,2026-08-14,O,B,v1.2026.08
Organisations humanitaires et de développement,Nations unies,OCHA,Bureau des Nations unies pour la coordination des affaires humanitaires,Coord. & Log. & services support,Sud,HT07,Port-Salut,HT0721,p-code officiel de la table Admin du fichier OCHA,SRC-026,"OCHA Haïti — 3W présence opérationnelle, juin 2026 (CC BY)",juin 2026,2026-08-14,O,B,v1.2026.08
Organisations humanitaires et de développement,Nations unies,OCHA,Bureau des Nations unies pour la coordination des affaires humanitaires,Coord. & Log. & services support,Sud,HT07,Saint Jean du Sud,HT0722,p-code officiel de la table Admin du fichier OCHA,SRC-026,"OCHA Haïti — 3W présence opérationnelle, juin 2026 (CC BY)",juin 2026,2026-08-14,O,B,v1.2026.08
Organisations humanitaires et de développement,Nations unies,OCHA,Bureau des Nations unies pour la coordination des affaires humanitaires,Coord. & Log. & services support,Sud,HT07,Arniquet,HT0723,p-code officiel de la table Admin du fichier OCHA,SRC-026,"OCHA Haïti — 3W présence opérationnelle, juin 2026 (CC BY)",juin 2026,2026-08-14,O,B,v1.2026.08
Organisations humanitaires et de développement,Nations unies,OCHA,Bureau des Nations unies pour la coordination des affaires humanitaires,Coord. & Log. & services support,Sud,HT07,Aquin,HT0731,p-code officiel de la table Admin du fichier OCHA,SRC-026,"OCHA Haïti — 3W présence opérationnelle, juin 2026 (CC BY)",juin 2026,2026-08-14,O,B,v1.2026.08
Organisations humanitaires et de développement,Nations unies,OCHA,Bureau des Nations unies pour la coordination des affaires humanitaires,Coord. & Log. & services support,Sud,HT07,Saint Louis du Sud,HT0732,p-code officiel de la table Admin du fichier OCHA,SRC-026,"OCHA Haïti — 3W présence opérationnelle, juin 2026 (CC BY)",juin 2026,2026-08-14,O,B,v1.2026.08
Organisations humanitaires et de développement,Nations unies,OCHA,Bureau des Nations unies pour la coordination des affaires humanitaires,Coord. & Log. & services support,Sud,HT07,Cavaillon,HT0733,p-code officiel de la table Admin du fichier OCHA,SRC-026,"OCHA Haïti — 3W présence opérationnelle, juin 2026 (CC BY)",juin 2026,2026-08-14,O,B,v1.2026.08
Organisations humanitaires et de développement,Nations unies,OCHA,Bureau des Nations unies pour la coordination des affaires humanitaires,Coord. & Log. & services support,Sud,HT07,Côteaux,HT0741,p-code officiel de la table Admin du fichier OCHA,SRC-026,"OCHA Haïti — 3W présence opérationnelle, juin 2026 (CC BY)",juin 2026,2026-08-14,O,B,v1.2026.08
Organisations humanitaires et de développement,Nations unies,OCHA,Bureau des Nations unies pour la coordination des affaires humanitaires,Coord. & Log. & services support,Sud,HT07,Port-à-Piment,HT0742,p-code officiel de la table Admin du fichier OCHA,SRC-026,"OCHA Haïti — 3W présence opérationnelle, juin 2026 (CC BY)",juin 2026,2026-08-14,O,B,v1.2026.08
Organisations humanitaires et de développement,Nations unies,OCHA,Bureau des Nations unies pour la coordination des affaires humanitaires,Coord. & Log. & services support,Sud,HT07,Roche à Bâteau,HT0743,p-code officiel de la table Admin du fichier OCHA,SRC-026,"OCHA Haïti — 3W présence opérationnelle, juin 2026 (CC BY)",juin 2026,2026-08-14,O,B,v1.2026.08
Organisations humanitaires et de développement,Nations unies,OCHA,Bureau des Nations unies pour la coordination des affaires humanitaires,Coord. & Log. & services support,Sud,HT07,Chardonnières,HT0751,p-code officiel de la table Admin du fichier OCHA,SRC-026,"OCHA Haïti — 3W présence opérationnelle, juin 2026 (CC BY)",juin 2026,2026-08-14,O,B,v1.2026.08
Organisations humanitaires et de développement,Nations unies,OCHA,Bureau des Nations unies pour la coordination des affaires humanitaires,Coord. & Log. & services support,Sud,HT07,Les Anglais,HT0752,p-code officiel de la table Admin du fichier OCHA,SRC-026,"OCHA Haïti — 3W présence opérationnelle, juin 2026 (CC BY)",juin 2026,2026-08-14,O,B,v1.2026.08
Organisations humanitaires et de développement,Nations unies,OCHA,Bureau des Nations unies pour la coordination des affaires humanitaires,Coord. & Log. & services support,Sud,HT07,Tiburon,HT0753,p-code officiel de la table Admin du fichier OCHA,SRC-026,"OCHA Haïti — 3W présence opérationnelle, juin 2026 (CC BY)",juin 2026,2026-08-14,O,B,v1.2026.08
Organisations humanitaires et de développement,Nations unies,OCHA,Bureau des Nations unies pour la coordination des affaires humanitaires,Coord. & Log. & services support,Grande'Anse,HT08,Jérémie,HT0811,p-code officiel de la table Admin du fichier OCHA,SRC-026,"OCHA Haïti — 3W présence opérationnelle, juin 2026 (CC BY)",juin 2026,2026-08-14,O,B,v1.2026.08
Organisations humanitaires et de développement,Nations unies,OCHA,Bureau des Nations unies pour la coordination des affaires humanitaires,Coord. & Log. & services support,Grande'Anse,HT08,Abricots,HT0812,p-code officiel de la table Admin du fichier OCHA,SRC-026,"OCHA Haïti — 3W présence opérationnelle, juin 2026 (CC BY)",juin 2026,2026-08-14,O,B,v1.2026.08
Organisations humanitaires et de développement,Nations unies,OCHA,Bureau des Nations unies pour la coordination des affaires humanitaires,Coord. & Log. & services support,Grande'Anse,HT08,Bonbon,HT0813,p-code officiel de la table Admin du fichier OCHA,SRC-026,"OCHA Haïti — 3W présence opérationnelle, juin 2026 (CC BY)",juin 2026,2026-08-14,O,B,v1.2026.08
Organisations humanitaires et de développement,Nations unies,OCHA,Bureau des Nations unies pour la coordination des affaires humanitaires,Coord. & Log. & services support,Grande'Anse,HT08,Moron,HT0814,p-code officiel de la table Admin du fichier OCHA,SRC-026,"OCHA Haïti — 3W présence opérationnelle, juin 2026 (CC BY)",juin 2026,2026-08-14,O,B,v1.2026.08
Organisations humanitaires et de développement,Nations unies,OCHA,Bureau des Nations unies pour la coordination des affaires humanitaires,Coord. & Log. & services support,Grande'Anse,HT08,Chambellan,HT0815,p-code officiel de la table Admin du fichier OCHA,SRC-026,"OCHA Haïti — 3W présence opérationnelle, juin 2026 (CC BY)",juin 2026,2026-08-14,O,B,v1.2026.08
Organisations humanitaires et de développement,Nations unies,OCHA,Bureau des Nations unies pour la coordination des affaires humanitaires,Coord. & Log. & services support,Grande'Anse,HT08,Anse d'Hainault,HT0821,p-code officiel de la table Admin du fichier OCHA,SRC-026,"OCHA Haïti — 3W présence opérationnelle, juin 2026 (CC BY)",juin 2026,2026-08-14,O,B,v1.2026.08
Organisations humanitaires et de développement,Nations unies,OCHA,Bureau des Nations unies pour la coordination des affaires humanitaires,Coord. & Log. & services support,Grande'Anse,HT08,Dame Marie,HT0822,p-code officiel de la table Admin du fichier OCHA,SRC-026,"OCHA Haïti — 3W présence opérationnelle, juin 2026 (CC BY)",juin 2026,2026-08-14,O,B,v1.2026.08
Organisations humanitaires et de développement,Nations unies,OCHA,Bureau des Nations unies pour la coordination des affaires humanitaires,Coord. & Log. & services support,Grande'Anse,HT08,Les Irois,HT0823,p-code officiel de la table Admin du fichier OCHA,SRC-026,"OCHA Haïti — 3W présence opérationnelle, juin 2026 (CC BY)",juin 2026,2026-08-14,O,B,v1.2026.08
Organisations humanitaires et de développement,Nations unies,OCHA,Bureau des Nations unies pour la coordination des affaires humanitaires,Coord. & Log. & services support,Grande'Anse,HT08,Corail,HT0831,p-code officiel de la table Admin du fichier OCHA,SRC-026,"OCHA Haïti — 3W présence opérationnelle, juin 2026 (CC BY)",juin 2026,2026-08-14,O,B,v1.2026.08
Organisations humanitaires et de développement,Nations unies,OCHA,Bureau des Nations unies pour la coordination des affaires humanitaires,Coord. & Log. & services support,Grande'Anse,HT08,Roseaux,HT0832,p-code officiel de la table Admin du fichier OCHA,SRC-026,"OCHA Haïti — 3W présence opérationnelle, juin 2026 (CC BY)",juin 2026,2026-08-14,O,B,v1.2026.08
Organisations humanitaires et de développement,Nations unies,OCHA,Bureau des Nations unies pour la coordination des affaires humanitaires,Coord. & Log. & services support,Grande'Anse,HT08,Beaumont,HT0833,p-code officiel de la table Admin du fichier OCHA,SRC-026,"OCHA Haïti — 3W présence opérationnelle, juin 2026 (CC BY)",juin 2026,2026-08-14,O,B,v1.2026.08
Organisations humanitaires et de développement,Nations unies,OCHA,Bureau des Nations unies pour la coordination des affaires humanitaires,Coord. & Log. & services support,Grande'Anse,HT08,Pestel,HT0834,p-code officiel de la table Admin du fichier OCHA,SRC-026,"OCHA Haïti — 3W présence opérationnelle, juin 2026 (CC BY)",juin 2026,2026-08-14,O,B,v1.2026.08
Organisations humanitaires et de développement,Nations unies,OCHA,Bureau des Nations unies pour la coordination des affaires humanitaires,Coord. & Log. & services support,Nord-Ouest,HT09,Port-de-Paix,HT0911,p-code officiel de la table Admin du fichier OCHA,SRC-026,"OCHA Haïti — 3W présence opérationnelle, juin 2026 (CC BY)",juin 2026,2026-08-14,O,B,v1.2026.08
Organisations humanitaires et de développement,Nations unies,OCHA,Bureau des Nations unies pour la coordination des affaires humanitaires,Coord. & Log. & services support,Nord-Ouest,HT09,La Tortue,HT0912,p-code officiel de la table Admin du fichier OCHA,SRC-026,"OCHA Haïti — 3W présence opérationnelle, juin 2026 (CC BY)",juin 2026,2026-08-14,O,B,v1.2026.08
Organisations humanitaires et de développement,Nations unies,OCHA,Bureau des Nations unies pour la coordination des affaires humanitaires,Coord. & Log. & services support,Nord-Ouest,HT09,Bassin Bleu,HT0913,p-code officiel de la table Admin du fichier OCHA,SRC-026,"OCHA Haïti — 3W présence opérationnelle, juin 2026 (CC BY)",juin 2026,2026-08-14,O,B,v1.2026.08
Organisations humanitaires et de développement,Nations unies,OCHA,Bureau des Nations unies pour la coordination des affaires humanitaires,Coord. & Log. & services support,Nord-Ouest,HT09,Chamsolme,HT0914,p-code officiel de la table Admin du fichier OCHA,SRC-026,"OCHA Haïti — 3W présence opérationnelle, juin 2026 (CC BY)",juin 2026,2026-08-14,O,B,v1.2026.08
Organisations humanitaires et de développement,Nations unies,OCHA,Bureau des Nations unies pour la coordination des affaires humanitaires,Coord. & Log. & services support,Nord-Ouest,HT09,Saint-Louis du Nord,HT0921,p-code officiel de la table Admin du fichier OCHA,SRC-026,"OCHA Haïti — 3W présence opérationnelle, juin 2026 (CC BY)",juin 2026,2026-08-14,O,B,v1.2026.08
Organisations humanitaires et de développement,Nations unies,OCHA,Bureau des Nations unies pour la coordination des affaires humanitaires,Coord. & Log. & services support,Nord-Ouest,HT09,Anse-à-Foleur,HT0922,p-code officiel de la table Admin du fichier OCHA,SRC-026,"OCHA Haïti — 3W présence opérationnelle, juin 2026 (CC BY)",juin 2026,2026-08-14,O,B,v1.2026.08
Organisations humanitaires et de développement,Nations unies,OCHA,Bureau des Nations unies pour la coordination des affaires humanitaires,Coord. & Log. & services support,Nord-Ouest,HT09,Môle Saint Nicolas,HT0931,p-code officiel de la table Admin du fichier OCHA,SRC-026,"OCHA Haïti — 3W présence opérationnelle, juin 2026 (CC BY)",juin 2026,2026-08-14,O,B,v1.2026.08
Organisations humanitaires et de développement,Nations unies,OCHA,Bureau des Nations unies pour la coordination des affaires humanitaires,Coord. & Log. & services support,Nord-Ouest,HT09,Baie de Henne,HT0932,p-code officiel de la table Admin du fichier OCHA,SRC-026,"OCHA Haïti — 3W présence opérationnelle, juin 2026 (CC BY)",juin 2026,2026-08-14,O,B,v1.2026.08
Organisations humanitaires et de développement,Nations unies,OCHA,Bureau des Nations unies pour la coordination des affaires humanitaires,Coord. & Log. & services support,Nord-Ouest,HT09,Bombardopolis,HT0933,p-code officiel de la table Admin du fichier OCHA,SRC-026,"OCHA Haïti — 3W présence opérationnelle, juin 2026 (CC BY)",juin 2026,2026-08-14,O,B,v1.2026.08
Organisations humanitaires et de développement,Nations unies,OCHA,Bureau des Nations unies pour la coordination des affaires humanitaires,Coord. & Log. & services support,Nord-Ouest,HT09,Jean Rabel,HT0934,p-code officiel de la table Admin du fichier OCHA,SRC-026,"OCHA Haïti — 3W présence opérationnelle, juin 2026 (CC BY)",juin 2026,2026-08-14,O,B,v1.2026.08
Organisations humanitaires et de développement,Nations unies,OCHA,Bureau des Nations unies pour la coordination des affaires humanitaires,Coord. & Log. & services support,Nippes,HT10,Miragoâne,HT1011,p-code officiel de la table Admin du fichier OCHA,SRC-026,"OCHA Haïti — 3W présence opérationnelle, juin 2026 (CC BY)",juin 2026,2026-08-14,O,B,v1.2026.08
Organisations humanitaires et de développement,Nations unies,OCHA,Bureau des Nations unies pour la coordination des affaires humanitaires,Coord. & Log. & services support,Nippes,HT10,Petite Rivière de Nippes,HT1012,p-code officiel de la table Admin du fichier OCHA,SRC-026,"OCHA Haïti — 3W présence opérationnelle, juin 2026 (CC BY)",juin 2026,2026-08-14,O,B,v1.2026.08
Organisations humanitaires et de développement,Nations unies,OCHA,Bureau des Nations unies pour la coordination des affaires humanitaires,Coord. & Log. & services support,Nippes,HT10,Fonds des Nègres,HT1013,p-code officiel de la table Admin du fichier OCHA,SRC-026,"OCHA Haïti — 3W présence opérationnelle, juin 2026 (CC BY)",juin 2026,2026-08-14,O,B,v1.2026.08
Organisations humanitaires et de développement,Nations unies,OCHA,Bureau des Nations unies pour la coordination des affaires humanitaires,Coord. & Log. & services support,Nippes,HT10,Paillant,HT1014,p-code officiel de la table Admin du fichier OCHA,SRC-026,"OCHA Haïti — 3W présence opérationnelle, juin 2026 (CC BY)",juin 2026,2026-08-14,O,B,v1.2026.08
Organisations humanitaires et de développement,Nations unies,OCHA,Bureau des Nations unies pour la coordination des affaires humanitaires,Coord. & Log. & services support,Nippes,HT10,Anse-à-Veau,HT1021,p-code officiel de la table Admin du fichier OCHA,SRC-026,"OCHA Haïti — 3W présence opérationnelle, juin 2026 (CC BY)",juin 2026,2026-08-14,O,B,v1.2026.08
Organisations humanitaires et de développement,Nations unies,OCHA,Bureau des Nations unies pour la coordination des affaires humanitaires,Coord. & Log. & services support,Nippes,HT10,Petit Trou de Nippes,HT1022,p-code officiel de la table Admin du fichier OCHA,SRC-026,"OCHA Haïti — 3W présence opérationnelle, juin 2026 (CC BY)",juin 2026,2026-08-14,O,B,v1.2026.08
Organisations humanitaires et de développement,Nations unies,OCHA,Bureau des Nations unies pour la coordination des affaires humanitaires,Coord. & Log. & services support,Nippes,HT10,L'Asile,HT1023,p-code officiel de la table Admin du fichier OCHA,SRC-026,"OCHA Haïti — 3W présence opérationnelle, juin 2026 (CC BY)",juin 2026,2026-08-14,O,B,v1.2026.08
Organisations humanitaires et de développement,Nations unies,OCHA,Bureau des Nations unies pour la coordination des affaires humanitaires,Coord. & Log. & services support,Nippes,HT10,Arnaud,HT1024,p-code officiel de la table Admin du fichier OCHA,SRC-026,"OCHA Haïti — 3W présence opérationnelle, juin 2026 (CC BY)",juin 2026,2026-08-14,O,B,v1.2026.08
Organisations humanitaires et de développement,Nations unies,OCHA,Bureau des Nations unies pour la coordination des affaires humanitaires,Coord. & Log. & services support,Nippes,HT10,Plaisance du Sud,HT1025,p-code officiel de la table Admin du fichier OCHA,SRC-026,"OCHA Haïti — 3W présence opérationnelle, juin 2026 (CC BY)",juin 2026,2026-08-14,O,B,v1.2026.08
Organisations humanitaires et de développement,Nations unies,OCHA,Bureau des Nations unies pour la coordination des affaires humanitaires,Coord. & Log. & services support,Nippes,HT10,Baradères,HT1031,p-code officiel de la table Admin du fichier OCHA,SRC-026,"OCHA Haïti — 3W présence opérationnelle, juin 2026 (CC BY)",juin 2026,2026-08-14,O,B,v1.2026.08
Organisations humanitaires et de développement,Nations unies,OCHA,Bureau des Nations unies pour la coordination des affaires humanitaires,Coord. & Log. & services support,Nippes,HT10,Grand-Boucan,HT1032,p-code officiel de la table Admin du fichier OCHA,SRC-026,"OCHA Haïti — 3W présence opérationnelle, juin 2026 (CC BY)",juin 2026,2026-08-14,O,B,v1.2026.08
Organisations humanitaires et de développement,ONG internationale,INSO,International NGO Safety Organisation,Coord. & Log. & services support,Ouest,HT01,Port-au-Prince,HT0111,p-code officiel de la table Admin du fichier OCHA,SRC-026,"OCHA Haïti — 3W présence opérationnelle, juin 2026 (CC BY)",juin 2026,2026-08-14,O,B,v1.2026.08
Organisations humanitaires et de développement,ONG internationale,INSO,International NGO Safety Organisation,Coord. & Log. & services support,Ouest,HT01,Delmas,HT0112,p-code officiel de la table Admin du fichier OCHA,SRC-026,"OCHA Haïti — 3W présence opérationnelle, juin 2026 (CC BY)",juin 2026,2026-08-14,O,B,v1.2026.08
Organisations humanitaires et de développement,ONG internationale,INSO,International NGO Safety Organisation,Coord. & Log. & services support,Ouest,HT01,Carrefour,HT0113,p-code officiel de la table Admin du fichier OCHA,SRC-026,"OCHA Haïti — 3W présence opérationnelle, juin 2026 (CC BY)",juin 2026,2026-08-14,O,B,v1.2026.08
Organisations humanitaires et de développement,ONG internationale,INSO,International NGO Safety Organisation,Coord. & Log. & services support,Ouest,HT01,Pétion-Ville,HT0114,p-code officiel de la table Admin du fichier OCHA,SRC-026,"OCHA Haïti — 3W présence opérationnelle, juin 2026 (CC BY)",juin 2026,2026-08-14,O,B,v1.2026.08
Organisations humanitaires et de développement,ONG internationale,INSO,International NGO Safety Organisation,Coord. & Log. & services support,Ouest,HT01,Kenscoff,HT0115,p-code officiel de la table Admin du fichier OCHA,SRC-026,"OCHA Haïti — 3W présence opérationnelle, juin 2026 (CC BY)",juin 2026,2026-08-14,O,B,v1.2026.08
Organisations humanitaires et de développement,ONG internationale,INSO,International NGO Safety Organisation,Coord. & Log. & services support,Ouest,HT01,Gressier,HT0116,p-code officiel de la table Admin du fichier OCHA,SRC-026,"OCHA Haïti — 3W présence opérationnelle, juin 2026 (CC BY)",juin 2026,2026-08-14,O,B,v1.2026.08
Organisations humanitaires et de développement,ONG internationale,INSO,International NGO Safety Organisation,Coord. & Log. & services support,Ouest,HT01,Cité Soleil,HT0117,p-code officiel de la table Admin du fichier OCHA,SRC-026,"OCHA Haïti — 3W présence opérationnelle, juin 2026 (CC BY)",juin 2026,2026-08-14,O,B,v1.2026.08
Organisations humanitaires et de développement,ONG internationale,INSO,International NGO Safety Organisation,Coord. & Log. & services support,Ouest,HT01,Tabarre,HT0118,p-code officiel de la table Admin du fichier OCHA,SRC-026,"OCHA Haïti — 3W présence opérationnelle, juin 2026 (CC BY)",juin 2026,2026-08-14,O,B,v1.2026.08
Organisations humanitaires et de développement,ONG internationale,INSO,International NGO Safety Organisation,Coord. & Log. & services support,Ouest,HT01,Léogâne,HT0121,p-code officiel de la table Admin du fichier OCHA,SRC-026,"OCHA Haïti — 3W présence opérationnelle, juin 2026 (CC BY)",juin 2026,2026-08-14,O,B,v1.2026.08
Organisations humanitaires et de développement,ONG internationale,INSO,International NGO Safety Organisation,Coord. & Log. & services support,Ouest,HT01,Petit-Goâve,HT0122,p-code officiel de la table Admin du fichier OCHA,SRC-026,"OCHA Haïti — 3W présence opérationnelle, juin 2026 (CC BY)",juin 2026,2026-08-14,O,B,v1.2026.08
Organisations humanitaires et de développement,ONG internationale,INSO,International NGO Safety Organisation,Coord. & Log. & services support,Ouest,HT01,Grand-Goâve,HT0123,p-code officiel de la table Admin du fichier OCHA,SRC-026,"OCHA Haïti — 3W présence opérationnelle, juin 2026 (CC BY)",juin 2026,2026-08-14,O,B,v1.2026.08
Organisations humanitaires et de développement,ONG internationale,INSO,International NGO Safety Organisation,Coord. & Log. & services support,Ouest,HT01,Croix-Des-Bouquets,HT0131,p-code officiel de la table Admin du fichier OCHA,SRC-026,"OCHA Haïti — 3W présence opérationnelle, juin 2026 (CC BY)",juin 2026,2026-08-14,O,B,v1.2026.08
Organisations humanitaires et de développement,ONG internationale,INSO,International NGO Safety Organisation,Coord. & Log. & services support,Ouest,HT01,Thomazeau,HT0132,p-code officiel de la table Admin du fichier OCHA,SRC-026,"OCHA Haïti — 3W présence opérationnelle, juin 2026 (CC BY)",juin 2026,2026-08-14,O,B,v1.2026.08
Organisations humanitaires et de développement,ONG internationale,INSO,International NGO Safety Organisation,Coord. & Log. & services support,Ouest,HT01,Ganthier,HT0133,p-code officiel de la table Admin du fichier OCHA,SRC-026,"OCHA Haïti — 3W présence opérationnelle, juin 2026 (CC BY)",juin 2026,2026-08-14,O,B,v1.2026.08
Organisations humanitaires et de développement,ONG internationale,INSO,International NGO Safety Organisation,Coord. & Log. & services support,Ouest,HT01,Cornillon / Grand Bois,HT0134,p-code officiel de la table Admin du fichier OCHA,SRC-026,"OCHA Haïti — 3W présence opérationnelle, juin 2026 (CC BY)",juin 2026,2026-08-14,O,B,v1.2026.08
Organisations humanitaires et de développement,ONG internationale,INSO,International NGO Safety Organisation,Coord. & Log. & services support,Ouest,HT01,Fonds-Verrettes,HT0135,p-code officiel de la table Admin du fichier OCHA,SRC-026,"OCHA Haïti — 3W présence opérationnelle, juin 2026 (CC BY)",juin 2026,2026-08-14,O,B,v1.2026.08
Organisations humanitaires et de développement,ONG internationale,INSO,International NGO Safety Organisation,Coord. & Log. & services support,Ouest,HT01,Arcahaie,HT0141,p-code officiel de la table Admin du fichier OCHA,SRC-026,"OCHA Haïti — 3W présence opérationnelle, juin 2026 (CC BY)",juin 2026,2026-08-14,O,B,v1.2026.08
Organisations humanitaires et de développement,ONG internationale,INSO,International NGO Safety Organisation,Coord. & Log. & services support,Ouest,HT01,Cabaret,HT0142,p-code officiel de la table Admin du fichier OCHA,SRC-026,"OCHA Haïti — 3W présence opérationnelle, juin 2026 (CC BY)",juin 2026,2026-08-14,O,B,v1.2026.08
Organisations humanitaires et de développement,ONG internationale,INSO,International NGO Safety Organisation,Coord. & Log. & services support,Ouest,HT01,Anse à Galets,HT0151,p-code officiel de la table Admin du fichier OCHA,SRC-026,"OCHA Haïti — 3W présence opérationnelle, juin 2026 (CC BY)",juin 2026,2026-08-14,O,B,v1.2026.08
Organisations humanitaires et de développement,ONG internationale,INSO,International NGO Safety Organisation,Coord. & Log. & services support,Ouest,HT01,Pointe à Raquette,HT0152,p-code officiel de la table Admin du fichier OCHA,SRC-026,"OCHA Haïti — 3W présence opérationnelle, juin 2026 (CC BY)",juin 2026,2026-08-14,O,B,v1.2026.08
Organisations humanitaires et de développement,ONG internationale,INSO,International NGO Safety Organisation,Coord. & Log. & services support,Sud-Est,HT02,Jacmel,HT0211,p-code officiel de la table Admin du fichier OCHA,SRC-026,"OCHA Haïti — 3W présence opérationnelle, juin 2026 (CC BY)",juin 2026,2026-08-14,O,B,v1.2026.08
Organisations humanitaires et de développement,ONG internationale,INSO,International NGO Safety Organisation,Coord. & Log. & services support,Sud-Est,HT02,Marigot,HT0212,p-code officiel de la table Admin du fichier OCHA,SRC-026,"OCHA Haïti — 3W présence opérationnelle, juin 2026 (CC BY)",juin 2026,2026-08-14,O,B,v1.2026.08
Organisations humanitaires et de développement,ONG internationale,INSO,International NGO Safety Organisation,Coord. & Log. & services support,Sud-Est,HT02,Cayes-Jacmel,HT0213,p-code officiel de la table Admin du fichier OCHA,SRC-026,"OCHA Haïti — 3W présence opérationnelle, juin 2026 (CC BY)",juin 2026,2026-08-14,O,B,v1.2026.08
Organisations humanitaires et de développement,ONG internationale,INSO,International NGO Safety Organisation,Coord. & Log. & services support,Sud-Est,HT02,La Vallée,HT0214,p-code officiel de la table Admin du fichier OCHA,SRC-026,"OCHA Haïti — 3W présence opérationnelle, juin 2026 (CC BY)",juin 2026,2026-08-14,O,B,v1.2026.08
Organisations humanitaires et de développement,ONG internationale,INSO,International NGO Safety Organisation,Coord. & Log. & services support,Sud-Est,HT02,Bainet,HT0221,p-code officiel de la table Admin du fichier OCHA,SRC-026,"OCHA Haïti — 3W présence opérationnelle, juin 2026 (CC BY)",juin 2026,2026-08-14,O,B,v1.2026.08
Organisations humanitaires et de développement,ONG internationale,INSO,International NGO Safety Organisation,Coord. & Log. & services support,Sud-Est,HT02,Côtes de Fer,HT0222,p-code officiel de la table Admin du fichier OCHA,SRC-026,"OCHA Haïti — 3W présence opérationnelle, juin 2026 (CC BY)",juin 2026,2026-08-14,O,B,v1.2026.08
Organisations humanitaires et de développement,ONG internationale,INSO,International NGO Safety Organisation,Coord. & Log. & services support,Sud-Est,HT02,Belle Anse,HT0231,p-code officiel de la table Admin du fichier OCHA,SRC-026,"OCHA Haïti — 3W présence opérationnelle, juin 2026 (CC BY)",juin 2026,2026-08-14,O,B,v1.2026.08
Organisations humanitaires et de développement,ONG internationale,INSO,International NGO Safety Organisation,Coord. & Log. & services support,Sud-Est,HT02,Grand Gosier,HT0232,p-code officiel de la table Admin du fichier OCHA,SRC-026,"OCHA Haïti — 3W présence opérationnelle, juin 2026 (CC BY)",juin 2026,2026-08-14,O,B,v1.2026.08
Organisations humanitaires et de développement,ONG internationale,INSO,International NGO Safety Organisation,Coord. & Log. & services support,Sud-Est,HT02,Thiotte,HT0233,p-code officiel de la table Admin du fichier OCHA,SRC-026,"OCHA Haïti — 3W présence opérationnelle, juin 2026 (CC BY)",juin 2026,2026-08-14,O,B,v1.2026.08
Organisations humanitaires et de développement,ONG internationale,INSO,International NGO Safety Organisation,Coord. & Log. & services support,Sud-Est,HT02,Anse-à-Pître,HT0234,p-code officiel de la table Admin du fichier OCHA,SRC-026,"OCHA Haïti — 3W présence opérationnelle, juin 2026 (CC BY)",juin 2026,2026-08-14,O,B,v1.2026.08
Organisations humanitaires et de développement,ONG internationale,INSO,International NGO Safety Organisation,Coord. & Log. & services support,Nord,HT03,Cap-Haïtien,HT0311,p-code officiel de la table Admin du fichier OCHA,SRC-026,"OCHA Haïti — 3W présence opérationnelle, juin 2026 (CC BY)",juin 2026,2026-08-14,O,B,v1.2026.08
Organisations humanitaires et de développement,ONG internationale,INSO,International NGO Safety Organisation,Coord. & Log. & services support,Nord,HT03,Quartier Morin,HT0312,p-code officiel de la table Admin du fichier OCHA,SRC-026,"OCHA Haïti — 3W présence opérationnelle, juin 2026 (CC BY)",juin 2026,2026-08-14,O,B,v1.2026.08
Organisations humanitaires et de développement,ONG internationale,INSO,International NGO Safety Organisation,Coord. & Log. & services support,Nord,HT03,Limonade,HT0313,p-code officiel de la table Admin du fichier OCHA,SRC-026,"OCHA Haïti — 3W présence opérationnelle, juin 2026 (CC BY)",juin 2026,2026-08-14,O,B,v1.2026.08
Organisations humanitaires et de développement,ONG internationale,INSO,International NGO Safety Organisation,Coord. & Log. & services support,Nord,HT03,Acul du Nord,HT0321,p-code officiel de la table Admin du fichier OCHA,SRC-026,"OCHA Haïti — 3W présence opérationnelle, juin 2026 (CC BY)",juin 2026,2026-08-14,O,B,v1.2026.08
Organisations humanitaires et de développement,ONG internationale,INSO,International NGO Safety Organisation,Coord. & Log. & services support,Nord,HT03,Plaine du Nord,HT0322,p-code officiel de la table Admin du fichier OCHA,SRC-026,"OCHA Haïti — 3W présence opérationnelle, juin 2026 (CC BY)",juin 2026,2026-08-14,O,B,v1.2026.08
Organisations humanitaires et de développement,ONG internationale,INSO,International NGO Safety Organisation,Coord. & Log. & services support,Nord,HT03,Milot,HT0323,p-code officiel de la table Admin du fichier OCHA,SRC-026,"OCHA Haïti — 3W présence opérationnelle, juin 2026 (CC BY)",juin 2026,2026-08-14,O,B,v1.2026.08
Organisations humanitaires et de développement,ONG internationale,INSO,International NGO Safety Organisation,Coord. & Log. & services support,Nord,HT03,Grande Riviere Du Nord,HT0331,p-code officiel de la table Admin du fichier OCHA,SRC-026,"OCHA Haïti — 3W présence opérationnelle, juin 2026 (CC BY)",juin 2026,2026-08-14,O,B,v1.2026.08
Organisations humanitaires et de développement,ONG internationale,INSO,International NGO Safety Organisation,Coord. & Log. & services support,Nord,HT03,Bahon,HT0332,p-code officiel de la table Admin du fichier OCHA,SRC-026,"OCHA Haïti — 3W présence opérationnelle, juin 2026 (CC BY)",juin 2026,2026-08-14,O,B,v1.2026.08
Organisations humanitaires et de développement,ONG internationale,INSO,International NGO Safety Organisation,Coord. & Log. & services support,Nord,HT03,Saint-Raphaël,HT0341,p-code officiel de la table Admin du fichier OCHA,SRC-026,"OCHA Haïti — 3W présence opérationnelle, juin 2026 (CC BY)",juin 2026,2026-08-14,O,B,v1.2026.08
Organisations humanitaires et de développement,ONG internationale,INSO,International NGO Safety Organisation,Coord. & Log. & services support,Nord,HT03,Dondon,HT0342,p-code officiel de la table Admin du fichier OCHA,SRC-026,"OCHA Haïti — 3W présence opérationnelle, juin 2026 (CC BY)",juin 2026,2026-08-14,O,B,v1.2026.08
Organisations humanitaires et de développement,ONG internationale,INSO,International NGO Safety Organisation,Coord. & Log. & services support,Nord,HT03,Ranquitte,HT0343,p-code officiel de la table Admin du fichier OCHA,SRC-026,"OCHA Haïti — 3W présence opérationnelle, juin 2026 (CC BY)",juin 2026,2026-08-14,O,B,v1.2026.08
Organisations humanitaires et de développement,ONG internationale,INSO,International NGO Safety Organisation,Coord. & Log. & services support,Nord,HT03,Pignon,HT0344,p-code officiel de la table Admin du fichier OCHA,SRC-026,"OCHA Haïti — 3W présence opérationnelle, juin 2026 (CC BY)",juin 2026,2026-08-14,O,B,v1.2026.08
Organisations humanitaires et de développement,ONG internationale,INSO,International NGO Safety Organisation,Coord. & Log. & services support,Nord,HT03,La Victoire,HT0345,p-code officiel de la table Admin du fichier OCHA,SRC-026,"OCHA Haïti — 3W présence opérationnelle, juin 2026 (CC BY)",juin 2026,2026-08-14,O,B,v1.2026.08
Organisations humanitaires et de développement,ONG internationale,INSO,International NGO Safety Organisation,Coord. & Log. & services support,Nord,HT03,Borgne,HT0351,p-code officiel de la table Admin du fichier OCHA,SRC-026,"OCHA Haïti — 3W présence opérationnelle, juin 2026 (CC BY)",juin 2026,2026-08-14,O,B,v1.2026.08
Organisations humanitaires et de développement,ONG internationale,INSO,International NGO Safety Organisation,Coord. & Log. & services support,Nord,HT03,Port-Margot,HT0352,p-code officiel de la table Admin du fichier OCHA,SRC-026,"OCHA Haïti — 3W présence opérationnelle, juin 2026 (CC BY)",juin 2026,2026-08-14,O,B,v1.2026.08
Organisations humanitaires et de développement,ONG internationale,INSO,International NGO Safety Organisation,Coord. & Log. & services support,Nord,HT03,Limbé,HT0361,p-code officiel de la table Admin du fichier OCHA,SRC-026,"OCHA Haïti — 3W présence opérationnelle, juin 2026 (CC BY)",juin 2026,2026-08-14,O,B,v1.2026.08
Organisations humanitaires et de développement,ONG internationale,INSO,International NGO Safety Organisation,Coord. & Log. & services support,Nord,HT03,Bas Limbé,HT0362,p-code officiel de la table Admin du fichier OCHA,SRC-026,"OCHA Haïti — 3W présence opérationnelle, juin 2026 (CC BY)",juin 2026,2026-08-14,O,B,v1.2026.08
Organisations humanitaires et de développement,ONG internationale,INSO,International NGO Safety Organisation,Coord. & Log. & services support,Nord,HT03,Plaisance,HT0371,p-code officiel de la table Admin du fichier OCHA,SRC-026,"OCHA Haïti — 3W présence opérationnelle, juin 2026 (CC BY)",juin 2026,2026-08-14,O,B,v1.2026.08
Organisations humanitaires et de développement,ONG internationale,INSO,International NGO Safety Organisation,Coord. & Log. & services support,Nord,HT03,Pilate,HT0372,p-code officiel de la table Admin du fichier OCHA,SRC-026,"OCHA Haïti — 3W présence opérationnelle, juin 2026 (CC BY)",juin 2026,2026-08-14,O,B,v1.2026.08
Organisations humanitaires et de développement,ONG internationale,INSO,International NGO Safety Organisation,Coord. & Log. & services support,Nord-Est,HT04,Fort-Liberté,HT0411,p-code officiel de la table Admin du fichier OCHA,SRC-026,"OCHA Haïti — 3W présence opérationnelle, juin 2026 (CC BY)",juin 2026,2026-08-14,O,B,v1.2026.08
Organisations humanitaires et de développement,ONG internationale,INSO,International NGO Safety Organisation,Coord. & Log. & services support,Nord-Est,HT04,Ferrier,HT0412,p-code officiel de la table Admin du fichier OCHA,SRC-026,"OCHA Haïti — 3W présence opérationnelle, juin 2026 (CC BY)",juin 2026,2026-08-14,O,B,v1.2026.08
Organisations humanitaires et de développement,ONG internationale,INSO,International NGO Safety Organisation,Coord. & Log. & services support,Nord-Est,HT04,Perches,HT0413,p-code officiel de la table Admin du fichier OCHA,SRC-026,"OCHA Haïti — 3W présence opérationnelle, juin 2026 (CC BY)",juin 2026,2026-08-14,O,B,v1.2026.08
Organisations humanitaires et de développement,ONG internationale,INSO,International NGO Safety Organisation,Coord. & Log. & services support,Nord-Est,HT04,Ouanaminthe,HT0421,p-code officiel de la table Admin du fichier OCHA,SRC-026,"OCHA Haïti — 3W présence opérationnelle, juin 2026 (CC BY)",juin 2026,2026-08-14,O,B,v1.2026.08
Organisations humanitaires et de développement,ONG internationale,INSO,International NGO Safety Organisation,Coord. & Log. & services support,Nord-Est,HT04,Capotille,HT0422,p-code officiel de la table Admin du fichier OCHA,SRC-026,"OCHA Haïti — 3W présence opérationnelle, juin 2026 (CC BY)",juin 2026,2026-08-14,O,B,v1.2026.08
Organisations humanitaires et de développement,ONG internationale,INSO,International NGO Safety Organisation,Coord. & Log. & services support,Nord-Est,HT04,Mont-Organisé,HT0423,p-code officiel de la table Admin du fichier OCHA,SRC-026,"OCHA Haïti — 3W présence opérationnelle, juin 2026 (CC BY)",juin 2026,2026-08-14,O,B,v1.2026.08
Organisations humanitaires et de développement,ONG internationale,INSO,International NGO Safety Organisation,Coord. & Log. & services support,Nord-Est,HT04,Trou du Nord,HT0431,p-code officiel de la table Admin du fichier OCHA,SRC-026,"OCHA Haïti — 3W présence opérationnelle, juin 2026 (CC BY)",juin 2026,2026-08-14,O,B,v1.2026.08
Organisations humanitaires et de développement,ONG internationale,INSO,International NGO Safety Organisation,Coord. & Log. & services support,Nord-Est,HT04,Sainte Suzanne,HT0432,p-code officiel de la table Admin du fichier OCHA,SRC-026,"OCHA Haïti — 3W présence opérationnelle, juin 2026 (CC BY)",juin 2026,2026-08-14,O,B,v1.2026.08
Organisations humanitaires et de développement,ONG internationale,INSO,International NGO Safety Organisation,Coord. & Log. & services support,Nord-Est,HT04,Terrier Rouge,HT0433,p-code officiel de la table Admin du fichier OCHA,SRC-026,"OCHA Haïti — 3W présence opérationnelle, juin 2026 (CC BY)",juin 2026,2026-08-14,O,B,v1.2026.08
Organisations humanitaires et de développement,ONG internationale,INSO,International NGO Safety Organisation,Coord. & Log. & services support,Nord-Est,HT04,Caracol,HT0434,p-code officiel de la table Admin du fichier OCHA,SRC-026,"OCHA Haïti — 3W présence opérationnelle, juin 2026 (CC BY)",juin 2026,2026-08-14,O,B,v1.2026.08
Organisations humanitaires et de développement,ONG internationale,INSO,International NGO Safety Organisation,Coord. & Log. & services support,Nord-Est,HT04,Vallières,HT0441,p-code officiel de la table Admin du fichier OCHA,SRC-026,"OCHA Haïti — 3W présence opérationnelle, juin 2026 (CC BY)",juin 2026,2026-08-14,O,B,v1.2026.08
Organisations humanitaires et de développement,ONG internationale,INSO,International NGO Safety Organisation,Coord. & Log. & services support,Nord-Est,HT04,Carice,HT0442,p-code officiel de la table Admin du fichier OCHA,SRC-026,"OCHA Haïti — 3W présence opérationnelle, juin 2026 (CC BY)",juin 2026,2026-08-14,O,B,v1.2026.08
Organisations humanitaires et de développement,ONG internationale,INSO,International NGO Safety Organisation,Coord. & Log. & services support,Nord-Est,HT04,Mombin Crochu,HT0443,p-code officiel de la table Admin du fichier OCHA,SRC-026,"OCHA Haïti — 3W présence opérationnelle, juin 2026 (CC BY)",juin 2026,2026-08-14,O,B,v1.2026.08
Organisations humanitaires et de développement,ONG internationale,INSO,International NGO Safety Organisation,Coord. & Log. & services support,Artibonite,HT05,Gonaïves,HT0511,p-code officiel de la table Admin du fichier OCHA,SRC-026,"OCHA Haïti — 3W présence opérationnelle, juin 2026 (CC BY)",juin 2026,2026-08-14,O,B,v1.2026.08
Organisations humanitaires et de développement,ONG internationale,INSO,International NGO Safety Organisation,Coord. & Log. & services support,Artibonite,HT05,Ennery,HT0512,p-code officiel de la table Admin du fichier OCHA,SRC-026,"OCHA Haïti — 3W présence opérationnelle, juin 2026 (CC BY)",juin 2026,2026-08-14,O,B,v1.2026.08
Organisations humanitaires et de développement,ONG internationale,INSO,International NGO Safety Organisation,Coord. & Log. & services support,Artibonite,HT05,L'Estère,HT0513,p-code officiel de la table Admin du fichier OCHA,SRC-026,"OCHA Haïti — 3W présence opérationnelle, juin 2026 (CC BY)",juin 2026,2026-08-14,O,B,v1.2026.08
Organisations humanitaires et de développement,ONG internationale,INSO,International NGO Safety Organisation,Coord. & Log. & services support,Artibonite,HT05,Gros Morne,HT0521,p-code officiel de la table Admin du fichier OCHA,SRC-026,"OCHA Haïti — 3W présence opérationnelle, juin 2026 (CC BY)",juin 2026,2026-08-14,O,B,v1.2026.08
Organisations humanitaires et de développement,ONG internationale,INSO,International NGO Safety Organisation,Coord. & Log. & services support,Artibonite,HT05,Terre Neuve,HT0522,p-code officiel de la table Admin du fichier OCHA,SRC-026,"OCHA Haïti — 3W présence opérationnelle, juin 2026 (CC BY)",juin 2026,2026-08-14,O,B,v1.2026.08
Organisations humanitaires et de développement,ONG internationale,INSO,International NGO Safety Organisation,Coord. & Log. & services support,Artibonite,HT05,Anse Rouge,HT0523,p-code officiel de la table Admin du fichier OCHA,SRC-026,"OCHA Haïti — 3W présence opérationnelle, juin 2026 (CC BY)",juin 2026,2026-08-14,O,B,v1.2026.08
Organisations humanitaires et de développement,ONG internationale,INSO,International NGO Safety Organisation,Coord. & Log. & services support,Artibonite,HT05,Saint-Marc,HT0531,p-code officiel de la table Admin du fichier OCHA,SRC-026,"OCHA Haïti — 3W présence opérationnelle, juin 2026 (CC BY)",juin 2026,2026-08-14,O,B,v1.2026.08
Organisations humanitaires et de développement,ONG internationale,INSO,International NGO Safety Organisation,Coord. & Log. & services support,Artibonite,HT05,Verrettes,HT0532,p-code officiel de la table Admin du fichier OCHA,SRC-026,"OCHA Haïti — 3W présence opérationnelle, juin 2026 (CC BY)",juin 2026,2026-08-14,O,B,v1.2026.08
Organisations humanitaires et de développement,ONG internationale,INSO,International NGO Safety Organisation,Coord. & Log. & services support,Artibonite,HT05,La Chapelle,HT0533,p-code officiel de la table Admin du fichier OCHA,SRC-026,"OCHA Haïti — 3W présence opérationnelle, juin 2026 (CC BY)",juin 2026,2026-08-14,O,B,v1.2026.08
Organisations humanitaires et de développement,ONG internationale,INSO,International NGO Safety Organisation,Coord. & Log. & services support,Artibonite,HT05,Dessalines,HT0541,p-code officiel de la table Admin du fichier OCHA,SRC-026,"OCHA Haïti — 3W présence opérationnelle, juin 2026 (CC BY)",juin 2026,2026-08-14,O,B,v1.2026.08
Organisations humanitaires et de développement,ONG internationale,INSO,International NGO Safety Organisation,Coord. & Log. & services support,Artibonite,HT05,Petite Rivière de l'Artibonite,HT0542,p-code officiel de la table Admin du fichier OCHA,SRC-026,"OCHA Haïti — 3W présence opérationnelle, juin 2026 (CC BY)",juin 2026,2026-08-14,O,B,v1.2026.08
Organisations humanitaires et de développement,ONG internationale,INSO,International NGO Safety Organisation,Coord. & Log. & services support,Artibonite,HT05,Grande Saline,HT0543,p-code officiel de la table Admin du fichier OCHA,SRC-026,"OCHA Haïti — 3W présence opérationnelle, juin 2026 (CC BY)",juin 2026,2026-08-14,O,B,v1.2026.08
Organisations humanitaires et de développement,ONG internationale,INSO,International NGO Safety Organisation,Coord. & Log. & services support,Artibonite,HT05,Desdunes,HT0544,p-code officiel de la table Admin du fichier OCHA,SRC-026,"OCHA Haïti — 3W présence opérationnelle, juin 2026 (CC BY)",juin 2026,2026-08-14,O,B,v1.2026.08
Organisations humanitaires et de développement,ONG internationale,INSO,International NGO Safety Organisation,Coord. & Log. & services support,Artibonite,HT05,Saint-Michel de l'Attalaye,HT0551,p-code officiel de la table Admin du fichier OCHA,SRC-026,"OCHA Haïti — 3W présence opérationnelle, juin 2026 (CC BY)",juin 2026,2026-08-14,O,B,v1.2026.08
Organisations humanitaires et de développement,ONG internationale,INSO,International NGO Safety Organisation,Coord. & Log. & services support,Artibonite,HT05,Marmelade,HT0552,p-code officiel de la table Admin du fichier OCHA,SRC-026,"OCHA Haïti — 3W présence opérationnelle, juin 2026 (CC BY)",juin 2026,2026-08-14,O,B,v1.2026.08
Organisations humanitaires et de développement,ONG internationale,INSO,International NGO Safety Organisation,Coord. & Log. & services support,Centre,HT06,Hinche,HT0611,p-code officiel de la table Admin du fichier OCHA,SRC-026,"OCHA Haïti — 3W présence opérationnelle, juin 2026 (CC BY)",juin 2026,2026-08-14,O,B,v1.2026.08
Organisations humanitaires et de développement,ONG internationale,INSO,International NGO Safety Organisation,Coord. & Log. & services support,Centre,HT06,Maïssade,HT0612,p-code officiel de la table Admin du fichier OCHA,SRC-026,"OCHA Haïti — 3W présence opérationnelle, juin 2026 (CC BY)",juin 2026,2026-08-14,O,B,v1.2026.08
Organisations humanitaires et de développement,ONG internationale,INSO,International NGO Safety Organisation,Coord. & Log. & services support,Centre,HT06,Thomonde,HT0613,p-code officiel de la table Admin du fichier OCHA,SRC-026,"OCHA Haïti — 3W présence opérationnelle, juin 2026 (CC BY)",juin 2026,2026-08-14,O,B,v1.2026.08
Organisations humanitaires et de développement,ONG internationale,INSO,International NGO Safety Organisation,Coord. & Log. & services support,Centre,HT06,Cerca Carvajal,HT0614,p-code officiel de la table Admin du fichier OCHA,SRC-026,"OCHA Haïti — 3W présence opérationnelle, juin 2026 (CC BY)",juin 2026,2026-08-14,O,B,v1.2026.08
Organisations humanitaires et de développement,ONG internationale,INSO,International NGO Safety Organisation,Coord. & Log. & services support,Centre,HT06,Mirebalais,HT0621,p-code officiel de la table Admin du fichier OCHA,SRC-026,"OCHA Haïti — 3W présence opérationnelle, juin 2026 (CC BY)",juin 2026,2026-08-14,O,B,v1.2026.08
Organisations humanitaires et de développement,ONG internationale,INSO,International NGO Safety Organisation,Coord. & Log. & services support,Centre,HT06,Saut d'Eau,HT0622,p-code officiel de la table Admin du fichier OCHA,SRC-026,"OCHA Haïti — 3W présence opérationnelle, juin 2026 (CC BY)",juin 2026,2026-08-14,O,B,v1.2026.08
Organisations humanitaires et de développement,ONG internationale,INSO,International NGO Safety Organisation,Coord. & Log. & services support,Centre,HT06,Boucan Carré,HT0623,p-code officiel de la table Admin du fichier OCHA,SRC-026,"OCHA Haïti — 3W présence opérationnelle, juin 2026 (CC BY)",juin 2026,2026-08-14,O,B,v1.2026.08
Organisations humanitaires et de développement,ONG internationale,INSO,International NGO Safety Organisation,Coord. & Log. & services support,Centre,HT06,Lascahobas,HT0631,p-code officiel de la table Admin du fichier OCHA,SRC-026,"OCHA Haïti — 3W présence opérationnelle, juin 2026 (CC BY)",juin 2026,2026-08-14,O,B,v1.2026.08
Organisations humanitaires et de développement,ONG internationale,INSO,International NGO Safety Organisation,Coord. & Log. & services support,Centre,HT06,Belladère,HT0632,p-code officiel de la table Admin du fichier OCHA,SRC-026,"OCHA Haïti — 3W présence opérationnelle, juin 2026 (CC BY)",juin 2026,2026-08-14,O,B,v1.2026.08
Organisations humanitaires et de développement,ONG internationale,INSO,International NGO Safety Organisation,Coord. & Log. & services support,Centre,HT06,Savanette,HT0633,p-code officiel de la table Admin du fichier OCHA,SRC-026,"OCHA Haïti — 3W présence opérationnelle, juin 2026 (CC BY)",juin 2026,2026-08-14,O,B,v1.2026.08
Organisations humanitaires et de développement,ONG internationale,INSO,International NGO Safety Organisation,Coord. & Log. & services support,Centre,HT06,Cerca La Source,HT0641,p-code officiel de la table Admin du fichier OCHA,SRC-026,"OCHA Haïti — 3W présence opérationnelle, juin 2026 (CC BY)",juin 2026,2026-08-14,O,B,v1.2026.08
Organisations humanitaires et de développement,ONG internationale,INSO,International NGO Safety Organisation,Coord. & Log. & services support,Centre,HT06,Thomassique,HT0642,p-code officiel de la table Admin du fichier OCHA,SRC-026,"OCHA Haïti — 3W présence opérationnelle, juin 2026 (CC BY)",juin 2026,2026-08-14,O,B,v1.2026.08
Organisations humanitaires et de développement,ONG internationale,INSO,International NGO Safety Organisation,Coord. & Log. & services support,Sud,HT07,Les Cayes,HT0711,p-code officiel de la table Admin du fichier OCHA,SRC-026,"OCHA Haïti — 3W présence opérationnelle, juin 2026 (CC BY)",juin 2026,2026-08-14,O,B,v1.2026.08
Organisations humanitaires et de développement,ONG internationale,INSO,International NGO Safety Organisation,Coord. & Log. & services support,Sud,HT07,Torbeck,HT0712,p-code officiel de la table Admin du fichier OCHA,SRC-026,"OCHA Haïti — 3W présence opérationnelle, juin 2026 (CC BY)",juin 2026,2026-08-14,O,B,v1.2026.08
Organisations humanitaires et de développement,ONG internationale,INSO,International NGO Safety Organisation,Coord. & Log. & services support,Sud,HT07,Chantal,HT0713,p-code officiel de la table Admin du fichier OCHA,SRC-026,"OCHA Haïti — 3W présence opérationnelle, juin 2026 (CC BY)",juin 2026,2026-08-14,O,B,v1.2026.08
Organisations humanitaires et de développement,ONG internationale,INSO,International NGO Safety Organisation,Coord. & Log. & services support,Sud,HT07,Camp-Perrin,HT0714,p-code officiel de la table Admin du fichier OCHA,SRC-026,"OCHA Haïti — 3W présence opérationnelle, juin 2026 (CC BY)",juin 2026,2026-08-14,O,B,v1.2026.08
Organisations humanitaires et de développement,ONG internationale,INSO,International NGO Safety Organisation,Coord. & Log. & services support,Sud,HT07,Maniche,HT0715,p-code officiel de la table Admin du fichier OCHA,SRC-026,"OCHA Haïti — 3W présence opérationnelle, juin 2026 (CC BY)",juin 2026,2026-08-14,O,B,v1.2026.08
Organisations humanitaires et de développement,ONG internationale,INSO,International NGO Safety Organisation,Coord. & Log. & services support,Sud,HT07,Île à Vache,HT0716,p-code officiel de la table Admin du fichier OCHA,SRC-026,"OCHA Haïti — 3W présence opérationnelle, juin 2026 (CC BY)",juin 2026,2026-08-14,O,B,v1.2026.08
Organisations humanitaires et de développement,ONG internationale,INSO,International NGO Safety Organisation,Coord. & Log. & services support,Sud,HT07,Port-Salut,HT0721,p-code officiel de la table Admin du fichier OCHA,SRC-026,"OCHA Haïti — 3W présence opérationnelle, juin 2026 (CC BY)",juin 2026,2026-08-14,O,B,v1.2026.08
Organisations humanitaires et de développement,ONG internationale,INSO,International NGO Safety Organisation,Coord. & Log. & services support,Sud,HT07,Saint Jean du Sud,HT0722,p-code officiel de la table Admin du fichier OCHA,SRC-026,"OCHA Haïti — 3W présence opérationnelle, juin 2026 (CC BY)",juin 2026,2026-08-14,O,B,v1.2026.08
Organisations humanitaires et de développement,ONG internationale,INSO,International NGO Safety Organisation,Coord. & Log. & services support,Sud,HT07,Arniquet,HT0723,p-code officiel de la table Admin du fichier OCHA,SRC-026,"OCHA Haïti — 3W présence opérationnelle, juin 2026 (CC BY)",juin 2026,2026-08-14,O,B,v1.2026.08
Organisations humanitaires et de développement,ONG internationale,INSO,International NGO Safety Organisation,Coord. & Log. & services support,Sud,HT07,Aquin,HT0731,p-code officiel de la table Admin du fichier OCHA,SRC-026,"OCHA Haïti — 3W présence opérationnelle, juin 2026 (CC BY)",juin 2026,2026-08-14,O,B,v1.2026.08
Organisations humanitaires et de développement,ONG internationale,INSO,International NGO Safety Organisation,Coord. & Log. & services support,Sud,HT07,Saint Louis du Sud,HT0732,p-code officiel de la table Admin du fichier OCHA,SRC-026,"OCHA Haïti — 3W présence opérationnelle, juin 2026 (CC BY)",juin 2026,2026-08-14,O,B,v1.2026.08
Organisations humanitaires et de développement,ONG internationale,INSO,International NGO Safety Organisation,Coord. & Log. & services support,Sud,HT07,Cavaillon,HT0733,p-code officiel de la table Admin du fichier OCHA,SRC-026,"OCHA Haïti — 3W présence opérationnelle, juin 2026 (CC BY)",juin 2026,2026-08-14,O,B,v1.2026.08
Organisations humanitaires et de développement,ONG internationale,INSO,International NGO Safety Organisation,Coord. & Log. & services support,Sud,HT07,Côteaux,HT0741,p-code officiel de la table Admin du fichier OCHA,SRC-026,"OCHA Haïti — 3W présence opérationnelle, juin 2026 (CC BY)",juin 2026,2026-08-14,O,B,v1.2026.08
Organisations humanitaires et de développement,ONG internationale,INSO,International NGO Safety Organisation,Coord. & Log. & services support,Sud,HT07,Port-à-Piment,HT0742,p-code officiel de la table Admin du fichier OCHA,SRC-026,"OCHA Haïti — 3W présence opérationnelle, juin 2026 (CC BY)",juin 2026,2026-08-14,O,B,v1.2026.08
Organisations humanitaires et de développement,ONG internationale,INSO,International NGO Safety Organisation,Coord. & Log. & services support,Sud,HT07,Roche à Bâteau,HT0743,p-code officiel de la table Admin du fichier OCHA,SRC-026,"OCHA Haïti — 3W présence opérationnelle, juin 2026 (CC BY)",juin 2026,2026-08-14,O,B,v1.2026.08
Organisations humanitaires et de développement,ONG internationale,INSO,International NGO Safety Organisation,Coord. & Log. & services support,Sud,HT07,Chardonnières,HT0751,p-code officiel de la table Admin du fichier OCHA,SRC-026,"OCHA Haïti — 3W présence opérationnelle, juin 2026 (CC BY)",juin 2026,2026-08-14,O,B,v1.2026.08
Organisations humanitaires et de développement,ONG internationale,INSO,International NGO Safety Organisation,Coord. & Log. & services support,Sud,HT07,Les Anglais,HT0752,p-code officiel de la table Admin du fichier OCHA,SRC-026,"OCHA Haïti — 3W présence opérationnelle, juin 2026 (CC BY)",juin 2026,2026-08-14,O,B,v1.2026.08
Organisations humanitaires et de développement,ONG internationale,INSO,International NGO Safety Organisation,Coord. & Log. & services support,Sud,HT07,Tiburon,HT0753,p-code officiel de la table Admin du fichier OCHA,SRC-026,"OCHA Haïti — 3W présence opérationnelle, juin 2026 (CC BY)",juin 2026,2026-08-14,O,B,v1.2026.08
Organisations humanitaires et de développement,ONG internationale,INSO,International NGO Safety Organisation,Coord. & Log. & services support,Grande'Anse,HT08,Jérémie,HT0811,p-code officiel de la table Admin du fichier OCHA,SRC-026,"OCHA Haïti — 3W présence opérationnelle, juin 2026 (CC BY)",juin 2026,2026-08-14,O,B,v1.2026.08
Organisations humanitaires et de développement,ONG internationale,INSO,International NGO Safety Organisation,Coord. & Log. & services support,Grande'Anse,HT08,Abricots,HT0812,p-code officiel de la table Admin du fichier OCHA,SRC-026,"OCHA Haïti — 3W présence opérationnelle, juin 2026 (CC BY)",juin 2026,2026-08-14,O,B,v1.2026.08
Organisations humanitaires et de développement,ONG internationale,INSO,International NGO Safety Organisation,Coord. & Log. & services support,Grande'Anse,HT08,Bonbon,HT0813,p-code officiel de la table Admin du fichier OCHA,SRC-026,"OCHA Haïti — 3W présence opérationnelle, juin 2026 (CC BY)",juin 2026,2026-08-14,O,B,v1.2026.08
Organisations humanitaires et de développement,ONG internationale,INSO,International NGO Safety Organisation,Coord. & Log. & services support,Grande'Anse,HT08,Moron,HT0814,p-code officiel de la table Admin du fichier OCHA,SRC-026,"OCHA Haïti — 3W présence opérationnelle, juin 2026 (CC BY)",juin 2026,2026-08-14,O,B,v1.2026.08
Organisations humanitaires et de développement,ONG internationale,INSO,International NGO Safety Organisation,Coord. & Log. & services support,Grande'Anse,HT08,Chambellan,HT0815,p-code officiel de la table Admin du fichier OCHA,SRC-026,"OCHA Haïti — 3W présence opérationnelle, juin 2026 (CC BY)",juin 2026,2026-08-14,O,B,v1.2026.08
Organisations humanitaires et de développement,ONG internationale,INSO,International NGO Safety Organisation,Coord. & Log. & services support,Grande'Anse,HT08,Anse d'Hainault,HT0821,p-code officiel de la table Admin du fichier OCHA,SRC-026,"OCHA Haïti — 3W présence opérationnelle, juin 2026 (CC BY)",juin 2026,2026-08-14,O,B,v1.2026.08
Organisations humanitaires et de développement,ONG internationale,INSO,International NGO Safety Organisation,Coord. & Log. & services support,Grande'Anse,HT08,Dame Marie,HT0822,p-code officiel de la table Admin du fichier OCHA,SRC-026,"OCHA Haïti — 3W présence opérationnelle, juin 2026 (CC BY)",juin 2026,2026-08-14,O,B,v1.2026.08
Organisations humanitaires et de développement,ONG internationale,INSO,International NGO Safety Organisation,Coord. & Log. & services support,Grande'Anse,HT08,Les Irois,HT0823,p-code officiel de la table Admin du fichier OCHA,SRC-026,"OCHA Haïti — 3W présence opérationnelle, juin 2026 (CC BY)",juin 2026,2026-08-14,O,B,v1.2026.08
Organisations humanitaires et de développement,ONG internationale,INSO,International NGO Safety Organisation,Coord. & Log. & services support,Grande'Anse,HT08,Corail,HT0831,p-code officiel de la table Admin du fichier OCHA,SRC-026,"OCHA Haïti — 3W présence opérationnelle, juin 2026 (CC BY)",juin 2026,2026-08-14,O,B,v1.2026.08
Organisations humanitaires et de développement,ONG internationale,INSO,International NGO Safety Organisation,Coord. & Log. & services support,Grande'Anse,HT08,Roseaux,HT0832,p-code officiel de la table Admin du fichier OCHA,SRC-026,"OCHA Haïti — 3W présence opérationnelle, juin 2026 (CC BY)",juin 2026,2026-08-14,O,B,v1.2026.08
Organisations humanitaires et de développement,ONG internationale,INSO,International NGO Safety Organisation,Coord. & Log. & services support,Grande'Anse,HT08,Beaumont,HT0833,p-code officiel de la table Admin du fichier OCHA,SRC-026,"OCHA Haïti — 3W présence opérationnelle, juin 2026 (CC BY)",juin 2026,2026-08-14,O,B,v1.2026.08
Organisations humanitaires et de développement,ONG internationale,INSO,International NGO Safety Organisation,Coord. & Log. & services support,Grande'Anse,HT08,Pestel,HT0834,p-code officiel de la table Admin du fichier OCHA,SRC-026,"OCHA Haïti — 3W présence opérationnelle, juin 2026 (CC BY)",juin 2026,2026-08-14,O,B,v1.2026.08
Organisations humanitaires et de développement,ONG internationale,INSO,International NGO Safety Organisation,Coord. & Log. & services support,Nord-Ouest,HT09,Port-de-Paix,HT0911,p-code officiel de la table Admin du fichier OCHA,SRC-026,"OCHA Haïti — 3W présence opérationnelle, juin 2026 (CC BY)",juin 2026,2026-08-14,O,B,v1.2026.08
Organisations humanitaires et de développement,ONG internationale,INSO,International NGO Safety Organisation,Coord. & Log. & services support,Nord-Ouest,HT09,La Tortue,HT0912,p-code officiel de la table Admin du fichier OCHA,SRC-026,"OCHA Haïti — 3W présence opérationnelle, juin 2026 (CC BY)",juin 2026,2026-08-14,O,B,v1.2026.08
Organisations humanitaires et de développement,ONG internationale,INSO,International NGO Safety Organisation,Coord. & Log. & services support,Nord-Ouest,HT09,Bassin Bleu,HT0913,p-code officiel de la table Admin du fichier OCHA,SRC-026,"OCHA Haïti — 3W présence opérationnelle, juin 2026 (CC BY)",juin 2026,2026-08-14,O,B,v1.2026.08
Organisations humanitaires et de développement,ONG internationale,INSO,International NGO Safety Organisation,Coord. & Log. & services support,Nord-Ouest,HT09,Chamsolme,HT0914,p-code officiel de la table Admin du fichier OCHA,SRC-026,"OCHA Haïti — 3W présence opérationnelle, juin 2026 (CC BY)",juin 2026,2026-08-14,O,B,v1.2026.08
Organisations humanitaires et de développement,ONG internationale,INSO,International NGO Safety Organisation,Coord. & Log. & services support,Nord-Ouest,HT09,Saint-Louis du Nord,HT0921,p-code officiel de la table Admin du fichier OCHA,SRC-026,"OCHA Haïti — 3W présence opérationnelle, juin 2026 (CC BY)",juin 2026,2026-08-14,O,B,v1.2026.08
Organisations humanitaires et de développement,ONG internationale,INSO,International NGO Safety Organisation,Coord. & Log. & services support,Nord-Ouest,HT09,Anse-à-Foleur,HT0922,p-code officiel de la table Admin du fichier OCHA,SRC-026,"OCHA Haïti — 3W présence opérationnelle, juin 2026 (CC BY)",juin 2026,2026-08-14,O,B,v1.2026.08
Organisations humanitaires et de développement,ONG internationale,INSO,International NGO Safety Organisation,Coord. & Log. & services support,Nord-Ouest,HT09,Môle Saint Nicolas,HT0931,p-code officiel de la table Admin du fichier OCHA,SRC-026,"OCHA Haïti — 3W présence opérationnelle, juin 2026 (CC BY)",juin 2026,2026-08-14,O,B,v1.2026.08
Organisations humanitaires et de développement,ONG internationale,INSO,International NGO Safety Organisation,Coord. & Log. & services support,Nord-Ouest,HT09,Baie de Henne,HT0932,p-code officiel de la table Admin du fichier OCHA,SRC-026,"OCHA Haïti — 3W présence opérationnelle, juin 2026 (CC BY)",juin 2026,2026-08-14,O,B,v1.2026.08
Organisations humanitaires et de développement,ONG internationale,INSO,International NGO Safety Organisation,Coord. & Log. & services support,Nord-Ouest,HT09,Bombardopolis,HT0933,p-code officiel de la table Admin du fichier OCHA,SRC-026,"OCHA Haïti — 3W présence opérationnelle, juin 2026 (CC BY)",juin 2026,2026-08-14,O,B,v1.2026.08
Organisations humanitaires et de développement,ONG internationale,INSO,International NGO Safety Organisation,Coord. & Log. & services support,Nord-Ouest,HT09,Jean Rabel,HT0934,p-code officiel de la table Admin du fichier OCHA,SRC-026,"OCHA Haïti — 3W présence opérationnelle, juin 2026 (CC BY)",juin 2026,2026-08-14,O,B,v1.2026.08
Organisations humanitaires et de développement,ONG internationale,INSO,International NGO Safety Organisation,Coord. & Log. & services support,Nippes,HT10,Miragoâne,HT1011,p-code officiel de la table Admin du fichier OCHA,SRC-026,"OCHA Haïti — 3W présence opérationnelle, juin 2026 (CC BY)",juin 2026,2026-08-14,O,B,v1.2026.08
Organisations humanitaires et de développement,ONG internationale,INSO,International NGO Safety Organisation,Coord. & Log. & services support,Nippes,HT10,Petite Rivière de Nippes,HT1012,p-code officiel de la table Admin du fichier OCHA,SRC-026,"OCHA Haïti — 3W présence opérationnelle, juin 2026 (CC BY)",juin 2026,2026-08-14,O,B,v1.2026.08
Organisations humanitaires et de développement,ONG internationale,INSO,International NGO Safety Organisation,Coord. & Log. & services support,Nippes,HT10,Fonds des Nègres,HT1013,p-code officiel de la table Admin du fichier OCHA,SRC-026,"OCHA Haïti — 3W présence opérationnelle, juin 2026 (CC BY)",juin 2026,2026-08-14,O,B,v1.2026.08
Organisations humanitaires et de développement,ONG internationale,INSO,International NGO Safety Organisation,Coord. & Log. & services support,Nippes,HT10,Paillant,HT1014,p-code officiel de la table Admin du fichier OCHA,SRC-026,"OCHA Haïti — 3W présence opérationnelle, juin 2026 (CC BY)",juin 2026,2026-08-14,O,B,v1.2026.08
Organisations humanitaires et de développement,ONG internationale,INSO,International NGO Safety Organisation,Coord. & Log. & services support,Nippes,HT10,Anse-à-Veau,HT1021,p-code officiel de la table Admin du fichier OCHA,SRC-026,"OCHA Haïti — 3W présence opérationnelle, juin 2026 (CC BY)",juin 2026,2026-08-14,O,B,v1.2026.08
Organisations humanitaires et de développement,ONG internationale,INSO,International NGO Safety Organisation,Coord. & Log. & services support,Nippes,HT10,Petit Trou de Nippes,HT1022,p-code officiel de la table Admin du fichier OCHA,SRC-026,"OCHA Haïti — 3W présence opérationnelle, juin 2026 (CC BY)",juin 2026,2026-08-14,O,B,v1.2026.08
Organisations humanitaires et de développement,ONG internationale,INSO,International NGO Safety Organisation,Coord. & Log. & services support,Nippes,HT10,L'Asile,HT1023,p-code officiel de la table Admin du fichier OCHA,SRC-026,"OCHA Haïti — 3W présence opérationnelle, juin 2026 (CC BY)",juin 2026,2026-08-14,O,B,v1.2026.08
Organisations humanitaires et de développement,ONG internationale,INSO,International NGO Safety Organisation,Coord. & Log. & services support,Nippes,HT10,Arnaud,HT1024,p-code officiel de la table Admin du fichier OCHA,SRC-026,"OCHA Haïti — 3W présence opérationnelle, juin 2026 (CC BY)",juin 2026,2026-08-14,O,B,v1.2026.08
Organisations humanitaires et de développement,ONG internationale,INSO,International NGO Safety Organisation,Coord. & Log. & services support,Nippes,HT10,Plaisance du Sud,HT1025,p-code officiel de la table Admin du fichier OCHA,SRC-026,"OCHA Haïti — 3W présence opérationnelle, juin 2026 (CC BY)",juin 2026,2026-08-14,O,B,v1.2026.08
Organisations humanitaires et de développement,ONG internationale,INSO,International NGO Safety Organisation,Coord. & Log. & services support,Nippes,HT10,Baradères,HT1031,p-code officiel de la table Admin du fichier OCHA,SRC-026,"OCHA Haïti — 3W présence opérationnelle, juin 2026 (CC BY)",juin 2026,2026-08-14,O,B,v1.2026.08
Organisations humanitaires et de développement,ONG internationale,INSO,International NGO Safety Organisation,Coord. & Log. & services support,Nippes,HT10,Grand-Boucan,HT1032,p-code officiel de la table Admin du fichier OCHA,SRC-026,"OCHA Haïti — 3W présence opérationnelle, juin 2026 (CC BY)",juin 2026,2026-08-14,O,B,v1.2026.08
Organisations humanitaires et de développement,Nations unies,UNDSS,Département de la sûreté et de la sécurité,Coord. & Log. & services support,Ouest,HT01,Port-au-Prince,HT0111,p-code officiel de la table Admin du fichier OCHA,SRC-026,"OCHA Haïti — 3W présence opérationnelle, juin 2026 (CC BY)",juin 2026,2026-08-14,O,B,v1.2026.08
Organisations humanitaires et de développement,Nations unies,UNDSS,Département de la sûreté et de la sécurité,Coord. & Log. & services support,Ouest,HT01,Delmas,HT0112,p-code officiel de la table Admin du fichier OCHA,SRC-026,"OCHA Haïti — 3W présence opérationnelle, juin 2026 (CC BY)",juin 2026,2026-08-14,O,B,v1.2026.08
Organisations humanitaires et de développement,Nations unies,UNDSS,Département de la sûreté et de la sécurité,Coord. & Log. & services support,Ouest,HT01,Carrefour,HT0113,p-code officiel de la table Admin du fichier OCHA,SRC-026,"OCHA Haïti — 3W présence opérationnelle, juin 2026 (CC BY)",juin 2026,2026-08-14,O,B,v1.2026.08
Organisations humanitaires et de développement,Nations unies,UNDSS,Département de la sûreté et de la sécurité,Coord. & Log. & services support,Ouest,HT01,Pétion-Ville,HT0114,p-code officiel de la table Admin du fichier OCHA,SRC-026,"OCHA Haïti — 3W présence opérationnelle, juin 2026 (CC BY)",juin 2026,2026-08-14,O,B,v1.2026.08
Organisations humanitaires et de développement,Nations unies,UNDSS,Département de la sûreté et de la sécurité,Coord. & Log. & services support,Ouest,HT01,Kenscoff,HT0115,p-code officiel de la table Admin du fichier OCHA,SRC-026,"OCHA Haïti — 3W présence opérationnelle, juin 2026 (CC BY)",juin 2026,2026-08-14,O,B,v1.2026.08
Organisations humanitaires et de développement,Nations unies,UNDSS,Département de la sûreté et de la sécurité,Coord. & Log. & services support,Ouest,HT01,Gressier,HT0116,p-code officiel de la table Admin du fichier OCHA,SRC-026,"OCHA Haïti — 3W présence opérationnelle, juin 2026 (CC BY)",juin 2026,2026-08-14,O,B,v1.2026.08
Organisations humanitaires et de développement,Nations unies,UNDSS,Département de la sûreté et de la sécurité,Coord. & Log. & services support,Ouest,HT01,Cité Soleil,HT0117,p-code officiel de la table Admin du fichier OCHA,SRC-026,"OCHA Haïti — 3W présence opérationnelle, juin 2026 (CC BY)",juin 2026,2026-08-14,O,B,v1.2026.08
Organisations humanitaires et de développement,Nations unies,UNDSS,Département de la sûreté et de la sécurité,Coord. & Log. & services support,Ouest,HT01,Tabarre,HT0118,p-code officiel de la table Admin du fichier OCHA,SRC-026,"OCHA Haïti — 3W présence opérationnelle, juin 2026 (CC BY)",juin 2026,2026-08-14,O,B,v1.2026.08
Organisations humanitaires et de développement,Nations unies,UNDSS,Département de la sûreté et de la sécurité,Coord. & Log. & services support,Ouest,HT01,Léogâne,HT0121,p-code officiel de la table Admin du fichier OCHA,SRC-026,"OCHA Haïti — 3W présence opérationnelle, juin 2026 (CC BY)",juin 2026,2026-08-14,O,B,v1.2026.08
Organisations humanitaires et de développement,Nations unies,UNDSS,Département de la sûreté et de la sécurité,Coord. & Log. & services support,Ouest,HT01,Petit-Goâve,HT0122,p-code officiel de la table Admin du fichier OCHA,SRC-026,"OCHA Haïti — 3W présence opérationnelle, juin 2026 (CC BY)",juin 2026,2026-08-14,O,B,v1.2026.08
Organisations humanitaires et de développement,Nations unies,UNDSS,Département de la sûreté et de la sécurité,Coord. & Log. & services support,Ouest,HT01,Grand-Goâve,HT0123,p-code officiel de la table Admin du fichier OCHA,SRC-026,"OCHA Haïti — 3W présence opérationnelle, juin 2026 (CC BY)",juin 2026,2026-08-14,O,B,v1.2026.08
Organisations humanitaires et de développement,Nations unies,UNDSS,Département de la sûreté et de la sécurité,Coord. & Log. & services support,Ouest,HT01,Croix-Des-Bouquets,HT0131,p-code officiel de la table Admin du fichier OCHA,SRC-026,"OCHA Haïti — 3W présence opérationnelle, juin 2026 (CC BY)",juin 2026,2026-08-14,O,B,v1.2026.08
Organisations humanitaires et de développement,Nations unies,UNDSS,Département de la sûreté et de la sécurité,Coord. & Log. & services support,Ouest,HT01,Thomazeau,HT0132,p-code officiel de la table Admin du fichier OCHA,SRC-026,"OCHA Haïti — 3W présence opérationnelle, juin 2026 (CC BY)",juin 2026,2026-08-14,O,B,v1.2026.08
Organisations humanitaires et de développement,Nations unies,UNDSS,Département de la sûreté et de la sécurité,Coord. & Log. & services support,Ouest,HT01,Ganthier,HT0133,p-code officiel de la table Admin du fichier OCHA,SRC-026,"OCHA Haïti — 3W présence opérationnelle, juin 2026 (CC BY)",juin 2026,2026-08-14,O,B,v1.2026.08
Organisations humanitaires et de développement,Nations unies,UNDSS,Département de la sûreté et de la sécurité,Coord. & Log. & services support,Ouest,HT01,Cornillon / Grand Bois,HT0134,p-code officiel de la table Admin du fichier OCHA,SRC-026,"OCHA Haïti — 3W présence opérationnelle, juin 2026 (CC BY)",juin 2026,2026-08-14,O,B,v1.2026.08
Organisations humanitaires et de développement,Nations unies,UNDSS,Département de la sûreté et de la sécurité,Coord. & Log. & services support,Ouest,HT01,Fonds-Verrettes,HT0135,p-code officiel de la table Admin du fichier OCHA,SRC-026,"OCHA Haïti — 3W présence opérationnelle, juin 2026 (CC BY)",juin 2026,2026-08-14,O,B,v1.2026.08
Organisations humanitaires et de développement,Nations unies,UNDSS,Département de la sûreté et de la sécurité,Coord. & Log. & services support,Ouest,HT01,Arcahaie,HT0141,p-code officiel de la table Admin du fichier OCHA,SRC-026,"OCHA Haïti — 3W présence opérationnelle, juin 2026 (CC BY)",juin 2026,2026-08-14,O,B,v1.2026.08
Organisations humanitaires et de développement,Nations unies,UNDSS,Département de la sûreté et de la sécurité,Coord. & Log. & services support,Ouest,HT01,Cabaret,HT0142,p-code officiel de la table Admin du fichier OCHA,SRC-026,"OCHA Haïti — 3W présence opérationnelle, juin 2026 (CC BY)",juin 2026,2026-08-14,O,B,v1.2026.08
Organisations humanitaires et de développement,Nations unies,UNDSS,Département de la sûreté et de la sécurité,Coord. & Log. & services support,Ouest,HT01,Anse à Galets,HT0151,p-code officiel de la table Admin du fichier OCHA,SRC-026,"OCHA Haïti — 3W présence opérationnelle, juin 2026 (CC BY)",juin 2026,2026-08-14,O,B,v1.2026.08
Organisations humanitaires et de développement,Nations unies,UNDSS,Département de la sûreté et de la sécurité,Coord. & Log. & services support,Ouest,HT01,Pointe à Raquette,HT0152,p-code officiel de la table Admin du fichier OCHA,SRC-026,"OCHA Haïti — 3W présence opérationnelle, juin 2026 (CC BY)",juin 2026,2026-08-14,O,B,v1.2026.08
Organisations humanitaires et de développement,Nations unies,UNDSS,Département de la sûreté et de la sécurité,Coord. & Log. & services support,Sud-Est,HT02,Jacmel,HT0211,p-code officiel de la table Admin du fichier OCHA,SRC-026,"OCHA Haïti — 3W présence opérationnelle, juin 2026 (CC BY)",juin 2026,2026-08-14,O,B,v1.2026.08
Organisations humanitaires et de développement,Nations unies,UNDSS,Département de la sûreté et de la sécurité,Coord. & Log. & services support,Sud-Est,HT02,Marigot,HT0212,p-code officiel de la table Admin du fichier OCHA,SRC-026,"OCHA Haïti — 3W présence opérationnelle, juin 2026 (CC BY)",juin 2026,2026-08-14,O,B,v1.2026.08
Organisations humanitaires et de développement,Nations unies,UNDSS,Département de la sûreté et de la sécurité,Coord. & Log. & services support,Sud-Est,HT02,Cayes-Jacmel,HT0213,p-code officiel de la table Admin du fichier OCHA,SRC-026,"OCHA Haïti — 3W présence opérationnelle, juin 2026 (CC BY)",juin 2026,2026-08-14,O,B,v1.2026.08
Organisations humanitaires et de développement,Nations unies,UNDSS,Département de la sûreté et de la sécurité,Coord. & Log. & services support,Sud-Est,HT02,La Vallée,HT0214,p-code officiel de la table Admin du fichier OCHA,SRC-026,"OCHA Haïti — 3W présence opérationnelle, juin 2026 (CC BY)",juin 2026,2026-08-14,O,B,v1.2026.08
Organisations humanitaires et de développement,Nations unies,UNDSS,Département de la sûreté et de la sécurité,Coord. & Log. & services support,Sud-Est,HT02,Bainet,HT0221,p-code officiel de la table Admin du fichier OCHA,SRC-026,"OCHA Haïti — 3W présence opérationnelle, juin 2026 (CC BY)",juin 2026,2026-08-14,O,B,v1.2026.08
Organisations humanitaires et de développement,Nations unies,UNDSS,Département de la sûreté et de la sécurité,Coord. & Log. & services support,Sud-Est,HT02,Côtes de Fer,HT0222,p-code officiel de la table Admin du fichier OCHA,SRC-026,"OCHA Haïti — 3W présence opérationnelle, juin 2026 (CC BY)",juin 2026,2026-08-14,O,B,v1.2026.08
Organisations humanitaires et de développement,Nations unies,UNDSS,Département de la sûreté et de la sécurité,Coord. & Log. & services support,Sud-Est,HT02,Belle Anse,HT0231,p-code officiel de la table Admin du fichier OCHA,SRC-026,"OCHA Haïti — 3W présence opérationnelle, juin 2026 (CC BY)",juin 2026,2026-08-14,O,B,v1.2026.08
Organisations humanitaires et de développement,Nations unies,UNDSS,Département de la sûreté et de la sécurité,Coord. & Log. & services support,Sud-Est,HT02,Grand Gosier,HT0232,p-code officiel de la table Admin du fichier OCHA,SRC-026,"OCHA Haïti — 3W présence opérationnelle, juin 2026 (CC BY)",juin 2026,2026-08-14,O,B,v1.2026.08
Organisations humanitaires et de développement,Nations unies,UNDSS,Département de la sûreté et de la sécurité,Coord. & Log. & services support,Sud-Est,HT02,Thiotte,HT0233,p-code officiel de la table Admin du fichier OCHA,SRC-026,"OCHA Haïti — 3W présence opérationnelle, juin 2026 (CC BY)",juin 2026,2026-08-14,O,B,v1.2026.08
Organisations humanitaires et de développement,Nations unies,UNDSS,Département de la sûreté et de la sécurité,Coord. & Log. & services support,Sud-Est,HT02,Anse-à-Pître,HT0234,p-code officiel de la table Admin du fichier OCHA,SRC-026,"OCHA Haïti — 3W présence opérationnelle, juin 2026 (CC BY)",juin 2026,2026-08-14,O,B,v1.2026.08
Organisations humanitaires et de développement,Nations unies,UNDSS,Département de la sûreté et de la sécurité,Coord. & Log. & services support,Nord,HT03,Cap-Haïtien,HT0311,p-code officiel de la table Admin du fichier OCHA,SRC-026,"OCHA Haïti — 3W présence opérationnelle, juin 2026 (CC BY)",juin 2026,2026-08-14,O,B,v1.2026.08
Organisations humanitaires et de développement,Nations unies,UNDSS,Département de la sûreté et de la sécurité,Coord. & Log. & services support,Nord,HT03,Quartier Morin,HT0312,p-code officiel de la table Admin du fichier OCHA,SRC-026,"OCHA Haïti — 3W présence opérationnelle, juin 2026 (CC BY)",juin 2026,2026-08-14,O,B,v1.2026.08
Organisations humanitaires et de développement,Nations unies,UNDSS,Département de la sûreté et de la sécurité,Coord. & Log. & services support,Nord,HT03,Limonade,HT0313,p-code officiel de la table Admin du fichier OCHA,SRC-026,"OCHA Haïti — 3W présence opérationnelle, juin 2026 (CC BY)",juin 2026,2026-08-14,O,B,v1.2026.08
Organisations humanitaires et de développement,Nations unies,UNDSS,Département de la sûreté et de la sécurité,Coord. & Log. & services support,Nord,HT03,Acul du Nord,HT0321,p-code officiel de la table Admin du fichier OCHA,SRC-026,"OCHA Haïti — 3W présence opérationnelle, juin 2026 (CC BY)",juin 2026,2026-08-14,O,B,v1.2026.08
Organisations humanitaires et de développement,Nations unies,UNDSS,Département de la sûreté et de la sécurité,Coord. & Log. & services support,Nord,HT03,Plaine du Nord,HT0322,p-code officiel de la table Admin du fichier OCHA,SRC-026,"OCHA Haïti — 3W présence opérationnelle, juin 2026 (CC BY)",juin 2026,2026-08-14,O,B,v1.2026.08
Organisations humanitaires et de développement,Nations unies,UNDSS,Département de la sûreté et de la sécurité,Coord. & Log. & services support,Nord,HT03,Milot,HT0323,p-code officiel de la table Admin du fichier OCHA,SRC-026,"OCHA Haïti — 3W présence opérationnelle, juin 2026 (CC BY)",juin 2026,2026-08-14,O,B,v1.2026.08
Organisations humanitaires et de développement,Nations unies,UNDSS,Département de la sûreté et de la sécurité,Coord. & Log. & services support,Nord,HT03,Grande Riviere Du Nord,HT0331,p-code officiel de la table Admin du fichier OCHA,SRC-026,"OCHA Haïti — 3W présence opérationnelle, juin 2026 (CC BY)",juin 2026,2026-08-14,O,B,v1.2026.08
Organisations humanitaires et de développement,Nations unies,UNDSS,Département de la sûreté et de la sécurité,Coord. & Log. & services support,Nord,HT03,Bahon,HT0332,p-code officiel de la table Admin du fichier OCHA,SRC-026,"OCHA Haïti — 3W présence opérationnelle, juin 2026 (CC BY)",juin 2026,2026-08-14,O,B,v1.2026.08
Organisations humanitaires et de développement,Nations unies,UNDSS,Département de la sûreté et de la sécurité,Coord. & Log. & services support,Nord,HT03,Saint-Raphaël,HT0341,p-code officiel de la table Admin du fichier OCHA,SRC-026,"OCHA Haïti — 3W présence opérationnelle, juin 2026 (CC BY)",juin 2026,2026-08-14,O,B,v1.2026.08
Organisations humanitaires et de développement,Nations unies,UNDSS,Département de la sûreté et de la sécurité,Coord. & Log. & services support,Nord,HT03,Dondon,HT0342,p-code officiel de la table Admin du fichier OCHA,SRC-026,"OCHA Haïti — 3W présence opérationnelle, juin 2026 (CC BY)",juin 2026,2026-08-14,O,B,v1.2026.08
Organisations humanitaires et de développement,Nations unies,UNDSS,Département de la sûreté et de la sécurité,Coord. & Log. & services support,Nord,HT03,Ranquitte,HT0343,p-code officiel de la table Admin du fichier OCHA,SRC-026,"OCHA Haïti — 3W présence opérationnelle, juin 2026 (CC BY)",juin 2026,2026-08-14,O,B,v1.2026.08
Organisations humanitaires et de développement,Nations unies,UNDSS,Département de la sûreté et de la sécurité,Coord. & Log. & services support,Nord,HT03,Pignon,HT0344,p-code officiel de la table Admin du fichier OCHA,SRC-026,"OCHA Haïti — 3W présence opérationnelle, juin 2026 (CC BY)",juin 2026,2026-08-14,O,B,v1.2026.08
Organisations humanitaires et de développement,Nations unies,UNDSS,Département de la sûreté et de la sécurité,Coord. & Log. & services support,Nord,HT03,La Victoire,HT0345,p-code officiel de la table Admin du fichier OCHA,SRC-026,"OCHA Haïti — 3W présence opérationnelle, juin 2026 (CC BY)",juin 2026,2026-08-14,O,B,v1.2026.08
Organisations humanitaires et de développement,Nations unies,UNDSS,Département de la sûreté et de la sécurité,Coord. & Log. & services support,Nord,HT03,Borgne,HT0351,p-code officiel de la table Admin du fichier OCHA,SRC-026,"OCHA Haïti — 3W présence opérationnelle, juin 2026 (CC BY)",juin 2026,2026-08-14,O,B,v1.2026.08
Organisations humanitaires et de développement,Nations unies,UNDSS,Département de la sûreté et de la sécurité,Coord. & Log. & services support,Nord,HT03,Port-Margot,HT0352,p-code officiel de la table Admin du fichier OCHA,SRC-026,"OCHA Haïti — 3W présence opérationnelle, juin 2026 (CC BY)",juin 2026,2026-08-14,O,B,v1.2026.08
Organisations humanitaires et de développement,Nations unies,UNDSS,Département de la sûreté et de la sécurité,Coord. & Log. & services support,Nord,HT03,Limbé,HT0361,p-code officiel de la table Admin du fichier OCHA,SRC-026,"OCHA Haïti — 3W présence opérationnelle, juin 2026 (CC BY)",juin 2026,2026-08-14,O,B,v1.2026.08
Organisations humanitaires et de développement,Nations unies,UNDSS,Département de la sûreté et de la sécurité,Coord. & Log. & services support,Nord,HT03,Bas Limbé,HT0362,p-code officiel de la table Admin du fichier OCHA,SRC-026,"OCHA Haïti — 3W présence opérationnelle, juin 2026 (CC BY)",juin 2026,2026-08-14,O,B,v1.2026.08
Organisations humanitaires et de développement,Nations unies,UNDSS,Département de la sûreté et de la sécurité,Coord. & Log. & services support,Nord,HT03,Plaisance,HT0371,p-code officiel de la table Admin du fichier OCHA,SRC-026,"OCHA Haïti — 3W présence opérationnelle, juin 2026 (CC BY)",juin 2026,2026-08-14,O,B,v1.2026.08
Organisations humanitaires et de développement,Nations unies,UNDSS,Département de la sûreté et de la sécurité,Coord. & Log. & services support,Nord,HT03,Pilate,HT0372,p-code officiel de la table Admin du fichier OCHA,SRC-026,"OCHA Haïti — 3W présence opérationnelle, juin 2026 (CC BY)",juin 2026,2026-08-14,O,B,v1.2026.08
Organisations humanitaires et de développement,Nations unies,UNDSS,Département de la sûreté et de la sécurité,Coord. & Log. & services support,Nord-Est,HT04,Fort-Liberté,HT0411,p-code officiel de la table Admin du fichier OCHA,SRC-026,"OCHA Haïti — 3W présence opérationnelle, juin 2026 (CC BY)",juin 2026,2026-08-14,O,B,v1.2026.08
Organisations humanitaires et de développement,Nations unies,UNDSS,Département de la sûreté et de la sécurité,Coord. & Log. & services support,Nord-Est,HT04,Ferrier,HT0412,p-code officiel de la table Admin du fichier OCHA,SRC-026,"OCHA Haïti — 3W présence opérationnelle, juin 2026 (CC BY)",juin 2026,2026-08-14,O,B,v1.2026.08
Organisations humanitaires et de développement,Nations unies,UNDSS,Département de la sûreté et de la sécurité,Coord. & Log. & services support,Nord-Est,HT04,Perches,HT0413,p-code officiel de la table Admin du fichier OCHA,SRC-026,"OCHA Haïti — 3W présence opérationnelle, juin 2026 (CC BY)",juin 2026,2026-08-14,O,B,v1.2026.08
Organisations humanitaires et de développement,Nations unies,UNDSS,Département de la sûreté et de la sécurité,Coord. & Log. & services support,Nord-Est,HT04,Ouanaminthe,HT0421,p-code officiel de la table Admin du fichier OCHA,SRC-026,"OCHA Haïti — 3W présence opérationnelle, juin 2026 (CC BY)",juin 2026,2026-08-14,O,B,v1.2026.08
Organisations humanitaires et de développement,Nations unies,UNDSS,Département de la sûreté et de la sécurité,Coord. & Log. & services support,Nord-Est,HT04,Capotille,HT0422,p-code officiel de la table Admin du fichier OCHA,SRC-026,"OCHA Haïti — 3W présence opérationnelle, juin 2026 (CC BY)",juin 2026,2026-08-14,O,B,v1.2026.08
Organisations humanitaires et de développement,Nations unies,UNDSS,Département de la sûreté et de la sécurité,Coord. & Log. & services support,Nord-Est,HT04,Mont-Organisé,HT0423,p-code officiel de la table Admin du fichier OCHA,SRC-026,"OCHA Haïti — 3W présence opérationnelle, juin 2026 (CC BY)",juin 2026,2026-08-14,O,B,v1.2026.08
Organisations humanitaires et de développement,Nations unies,UNDSS,Département de la sûreté et de la sécurité,Coord. & Log. & services support,Nord-Est,HT04,Trou du Nord,HT0431,p-code officiel de la table Admin du fichier OCHA,SRC-026,"OCHA Haïti — 3W présence opérationnelle, juin 2026 (CC BY)",juin 2026,2026-08-14,O,B,v1.2026.08
Organisations humanitaires et de développement,Nations unies,UNDSS,Département de la sûreté et de la sécurité,Coord. & Log. & services support,Nord-Est,HT04,Sainte Suzanne,HT0432,p-code officiel de la table Admin du fichier OCHA,SRC-026,"OCHA Haïti — 3W présence opérationnelle, juin 2026 (CC BY)",juin 2026,2026-08-14,O,B,v1.2026.08
Organisations humanitaires et de développement,Nations unies,UNDSS,Département de la sûreté et de la sécurité,Coord. & Log. & services support,Nord-Est,HT04,Terrier Rouge,HT0433,p-code officiel de la table Admin du fichier OCHA,SRC-026,"OCHA Haïti — 3W présence opérationnelle, juin 2026 (CC BY)",juin 2026,2026-08-14,O,B,v1.2026.08
Organisations humanitaires et de développement,Nations unies,UNDSS,Département de la sûreté et de la sécurité,Coord. & Log. & services support,Nord-Est,HT04,Caracol,HT0434,p-code officiel de la table Admin du fichier OCHA,SRC-026,"OCHA Haïti — 3W présence opérationnelle, juin 2026 (CC BY)",juin 2026,2026-08-14,O,B,v1.2026.08
Organisations humanitaires et de développement,Nations unies,UNDSS,Département de la sûreté et de la sécurité,Coord. & Log. & services support,Nord-Est,HT04,Vallières,HT0441,p-code officiel de la table Admin du fichier OCHA,SRC-026,"OCHA Haïti — 3W présence opérationnelle, juin 2026 (CC BY)",juin 2026,2026-08-14,O,B,v1.2026.08
Organisations humanitaires et de développement,Nations unies,UNDSS,Département de la sûreté et de la sécurité,Coord. & Log. & services support,Nord-Est,HT04,Carice,HT0442,p-code officiel de la table Admin du fichier OCHA,SRC-026,"OCHA Haïti — 3W présence opérationnelle, juin 2026 (CC BY)",juin 2026,2026-08-14,O,B,v1.2026.08
Organisations humanitaires et de développement,Nations unies,UNDSS,Département de la sûreté et de la sécurité,Coord. & Log. & services support,Nord-Est,HT04,Mombin Crochu,HT0443,p-code officiel de la table Admin du fichier OCHA,SRC-026,"OCHA Haïti — 3W présence opérationnelle, juin 2026 (CC BY)",juin 2026,2026-08-14,O,B,v1.2026.08
Organisations humanitaires et de développement,Nations unies,UNDSS,Département de la sûreté et de la sécurité,Coord. & Log. & services support,Artibonite,HT05,Gonaïves,HT0511,p-code officiel de la table Admin du fichier OCHA,SRC-026,"OCHA Haïti — 3W présence opérationnelle, juin 2026 (CC BY)",juin 2026,2026-08-14,O,B,v1.2026.08
Organisations humanitaires et de développement,Nations unies,UNDSS,Département de la sûreté et de la sécurité,Coord. & Log. & services support,Artibonite,HT05,Ennery,HT0512,p-code officiel de la table Admin du fichier OCHA,SRC-026,"OCHA Haïti — 3W présence opérationnelle, juin 2026 (CC BY)",juin 2026,2026-08-14,O,B,v1.2026.08
Organisations humanitaires et de développement,Nations unies,UNDSS,Département de la sûreté et de la sécurité,Coord. & Log. & services support,Artibonite,HT05,L'Estère,HT0513,p-code officiel de la table Admin du fichier OCHA,SRC-026,"OCHA Haïti — 3W présence opérationnelle, juin 2026 (CC BY)",juin 2026,2026-08-14,O,B,v1.2026.08
Organisations humanitaires et de développement,Nations unies,UNDSS,Département de la sûreté et de la sécurité,Coord. & Log. & services support,Artibonite,HT05,Gros Morne,HT0521,p-code officiel de la table Admin du fichier OCHA,SRC-026,"OCHA Haïti — 3W présence opérationnelle, juin 2026 (CC BY)",juin 2026,2026-08-14,O,B,v1.2026.08
Organisations humanitaires et de développement,Nations unies,UNDSS,Département de la sûreté et de la sécurité,Coord. & Log. & services support,Artibonite,HT05,Terre Neuve,HT0522,p-code officiel de la table Admin du fichier OCHA,SRC-026,"OCHA Haïti — 3W présence opérationnelle, juin 2026 (CC BY)",juin 2026,2026-08-14,O,B,v1.2026.08
Organisations humanitaires et de développement,Nations unies,UNDSS,Département de la sûreté et de la sécurité,Coord. & Log. & services support,Artibonite,HT05,Anse Rouge,HT0523,p-code officiel de la table Admin du fichier OCHA,SRC-026,"OCHA Haïti — 3W présence opérationnelle, juin 2026 (CC BY)",juin 2026,2026-08-14,O,B,v1.2026.08
Organisations humanitaires et de développement,Nations unies,UNDSS,Département de la sûreté et de la sécurité,Coord. & Log. & services support,Artibonite,HT05,Saint-Marc,HT0531,p-code officiel de la table Admin du fichier OCHA,SRC-026,"OCHA Haïti — 3W présence opérationnelle, juin 2026 (CC BY)",juin 2026,2026-08-14,O,B,v1.2026.08
Organisations humanitaires et de développement,Nations unies,UNDSS,Département de la sûreté et de la sécurité,Coord. & Log. & services support,Artibonite,HT05,Verrettes,HT0532,p-code officiel de la table Admin du fichier OCHA,SRC-026,"OCHA Haïti — 3W présence opérationnelle, juin 2026 (CC BY)",juin 2026,2026-08-14,O,B,v1.2026.08
Organisations humanitaires et de développement,Nations unies,UNDSS,Département de la sûreté et de la sécurité,Coord. & Log. & services support,Artibonite,HT05,La Chapelle,HT0533,p-code officiel de la table Admin du fichier OCHA,SRC-026,"OCHA Haïti — 3W présence opérationnelle, juin 2026 (CC BY)",juin 2026,2026-08-14,O,B,v1.2026.08
Organisations humanitaires et de développement,Nations unies,UNDSS,Département de la sûreté et de la sécurité,Coord. & Log. & services support,Artibonite,HT05,Dessalines,HT0541,p-code officiel de la table Admin du fichier OCHA,SRC-026,"OCHA Haïti — 3W présence opérationnelle, juin 2026 (CC BY)",juin 2026,2026-08-14,O,B,v1.2026.08
Organisations humanitaires et de développement,Nations unies,UNDSS,Département de la sûreté et de la sécurité,Coord. & Log. & services support,Artibonite,HT05,Petite Rivière de l'Artibonite,HT0542,p-code officiel de la table Admin du fichier OCHA,SRC-026,"OCHA Haïti — 3W présence opérationnelle, juin 2026 (CC BY)",juin 2026,2026-08-14,O,B,v1.2026.08
Organisations humanitaires et de développement,Nations unies,UNDSS,Département de la sûreté et de la sécurité,Coord. & Log. & services support,Artibonite,HT05,Grande Saline,HT0543,p-code officiel de la table Admin du fichier OCHA,SRC-026,"OCHA Haïti — 3W présence opérationnelle, juin 2026 (CC BY)",juin 2026,2026-08-14,O,B,v1.2026.08
Organisations humanitaires et de développement,Nations unies,UNDSS,Département de la sûreté et de la sécurité,Coord. & Log. & services support,Artibonite,HT05,Desdunes,HT0544,p-code officiel de la table Admin du fichier OCHA,SRC-026,"OCHA Haïti — 3W présence opérationnelle, juin 2026 (CC BY)",juin 2026,2026-08-14,O,B,v1.2026.08
Organisations humanitaires et de développement,Nations unies,UNDSS,Département de la sûreté et de la sécurité,Coord. & Log. & services support,Artibonite,HT05,Saint-Michel de l'Attalaye,HT0551,p-code officiel de la table Admin du fichier OCHA,SRC-026,"OCHA Haïti — 3W présence opérationnelle, juin 2026 (CC BY)",juin 2026,2026-08-14,O,B,v1.2026.08
Organisations humanitaires et de développement,Nations unies,UNDSS,Département de la sûreté et de la sécurité,Coord. & Log. & services support,Artibonite,HT05,Marmelade,HT0552,p-code officiel de la table Admin du fichier OCHA,SRC-026,"OCHA Haïti — 3W présence opérationnelle, juin 2026 (CC BY)",juin 2026,2026-08-14,O,B,v1.2026.08
Organisations humanitaires et de développement,Nations unies,UNDSS,Département de la sûreté et de la sécurité,Coord. & Log. & services support,Centre,HT06,Hinche,HT0611,p-code officiel de la table Admin du fichier OCHA,SRC-026,"OCHA Haïti — 3W présence opérationnelle, juin 2026 (CC BY)",juin 2026,2026-08-14,O,B,v1.2026.08
Organisations humanitaires et de développement,Nations unies,UNDSS,Département de la sûreté et de la sécurité,Coord. & Log. & services support,Centre,HT06,Maïssade,HT0612,p-code officiel de la table Admin du fichier OCHA,SRC-026,"OCHA Haïti — 3W présence opérationnelle, juin 2026 (CC BY)",juin 2026,2026-08-14,O,B,v1.2026.08
Organisations humanitaires et de développement,Nations unies,UNDSS,Département de la sûreté et de la sécurité,Coord. & Log. & services support,Centre,HT06,Thomonde,HT0613,p-code officiel de la table Admin du fichier OCHA,SRC-026,"OCHA Haïti — 3W présence opérationnelle, juin 2026 (CC BY)",juin 2026,2026-08-14,O,B,v1.2026.08
Organisations humanitaires et de développement,Nations unies,UNDSS,Département de la sûreté et de la sécurité,Coord. & Log. & services support,Centre,HT06,Cerca Carvajal,HT0614,p-code officiel de la table Admin du fichier OCHA,SRC-026,"OCHA Haïti — 3W présence opérationnelle, juin 2026 (CC BY)",juin 2026,2026-08-14,O,B,v1.2026.08
Organisations humanitaires et de développement,Nations unies,UNDSS,Département de la sûreté et de la sécurité,Coord. & Log. & services support,Centre,HT06,Mirebalais,HT0621,p-code officiel de la table Admin du fichier OCHA,SRC-026,"OCHA Haïti — 3W présence opérationnelle, juin 2026 (CC BY)",juin 2026,2026-08-14,O,B,v1.2026.08
Organisations humanitaires et de développement,Nations unies,UNDSS,Département de la sûreté et de la sécurité,Coord. & Log. & services support,Centre,HT06,Saut d'Eau,HT0622,p-code officiel de la table Admin du fichier OCHA,SRC-026,"OCHA Haïti — 3W présence opérationnelle, juin 2026 (CC BY)",juin 2026,2026-08-14,O,B,v1.2026.08
Organisations humanitaires et de développement,Nations unies,UNDSS,Département de la sûreté et de la sécurité,Coord. & Log. & services support,Centre,HT06,Boucan Carré,HT0623,p-code officiel de la table Admin du fichier OCHA,SRC-026,"OCHA Haïti — 3W présence opérationnelle, juin 2026 (CC BY)",juin 2026,2026-08-14,O,B,v1.2026.08
Organisations humanitaires et de développement,Nations unies,UNDSS,Département de la sûreté et de la sécurité,Coord. & Log. & services support,Centre,HT06,Lascahobas,HT0631,p-code officiel de la table Admin du fichier OCHA,SRC-026,"OCHA Haïti — 3W présence opérationnelle, juin 2026 (CC BY)",juin 2026,2026-08-14,O,B,v1.2026.08
Organisations humanitaires et de développement,Nations unies,UNDSS,Département de la sûreté et de la sécurité,Coord. & Log. & services support,Centre,HT06,Belladère,HT0632,p-code officiel de la table Admin du fichier OCHA,SRC-026,"OCHA Haïti — 3W présence opérationnelle, juin 2026 (CC BY)",juin 2026,2026-08-14,O,B,v1.2026.08
Organisations humanitaires et de développement,Nations unies,UNDSS,Département de la sûreté et de la sécurité,Coord. & Log. & services support,Centre,HT06,Savanette,HT0633,p-code officiel de la table Admin du fichier OCHA,SRC-026,"OCHA Haïti — 3W présence opérationnelle, juin 2026 (CC BY)",juin 2026,2026-08-14,O,B,v1.2026.08
Organisations humanitaires et de développement,Nations unies,UNDSS,Département de la sûreté et de la sécurité,Coord. & Log. & services support,Centre,HT06,Cerca La Source,HT0641,p-code officiel de la table Admin du fichier OCHA,SRC-026,"OCHA Haïti — 3W présence opérationnelle, juin 2026 (CC BY)",juin 2026,2026-08-14,O,B,v1.2026.08
Organisations humanitaires et de développement,Nations unies,UNDSS,Département de la sûreté et de la sécurité,Coord. & Log. & services support,Centre,HT06,Thomassique,HT0642,p-code officiel de la table Admin du fichier OCHA,SRC-026,"OCHA Haïti — 3W présence opérationnelle, juin 2026 (CC BY)",juin 2026,2026-08-14,O,B,v1.2026.08
Organisations humanitaires et de développement,Nations unies,UNDSS,Département de la sûreté et de la sécurité,Coord. & Log. & services support,Sud,HT07,Les Cayes,HT0711,p-code officiel de la table Admin du fichier OCHA,SRC-026,"OCHA Haïti — 3W présence opérationnelle, juin 2026 (CC BY)",juin 2026,2026-08-14,O,B,v1.2026.08
Organisations humanitaires et de développement,Nations unies,UNDSS,Département de la sûreté et de la sécurité,Coord. & Log. & services support,Sud,HT07,Torbeck,HT0712,p-code officiel de la table Admin du fichier OCHA,SRC-026,"OCHA Haïti — 3W présence opérationnelle, juin 2026 (CC BY)",juin 2026,2026-08-14,O,B,v1.2026.08
Organisations humanitaires et de développement,Nations unies,UNDSS,Département de la sûreté et de la sécurité,Coord. & Log. & services support,Sud,HT07,Chantal,HT0713,p-code officiel de la table Admin du fichier OCHA,SRC-026,"OCHA Haïti — 3W présence opérationnelle, juin 2026 (CC BY)",juin 2026,2026-08-14,O,B,v1.2026.08
Organisations humanitaires et de développement,Nations unies,UNDSS,Département de la sûreté et de la sécurité,Coord. & Log. & services support,Sud,HT07,Camp-Perrin,HT0714,p-code officiel de la table Admin du fichier OCHA,SRC-026,"OCHA Haïti — 3W présence opérationnelle, juin 2026 (CC BY)",juin 2026,2026-08-14,O,B,v1.2026.08
Organisations humanitaires et de développement,Nations unies,UNDSS,Département de la sûreté et de la sécurité,Coord. & Log. & services support,Sud,HT07,Maniche,HT0715,p-code officiel de la table Admin du fichier OCHA,SRC-026,"OCHA Haïti — 3W présence opérationnelle, juin 2026 (CC BY)",juin 2026,2026-08-14,O,B,v1.2026.08
Organisations humanitaires et de développement,Nations unies,UNDSS,Département de la sûreté et de la sécurité,Coord. & Log. & services support,Sud,HT07,Île à Vache,HT0716,p-code officiel de la table Admin du fichier OCHA,SRC-026,"OCHA Haïti — 3W présence opérationnelle, juin 2026 (CC BY)",juin 2026,2026-08-14,O,B,v1.2026.08
Organisations humanitaires et de développement,Nations unies,UNDSS,Département de la sûreté et de la sécurité,Coord. & Log. & services support,Sud,HT07,Port-Salut,HT0721,p-code officiel de la table Admin du fichier OCHA,SRC-026,"OCHA Haïti — 3W présence opérationnelle, juin 2026 (CC BY)",juin 2026,2026-08-14,O,B,v1.2026.08
Organisations humanitaires et de développement,Nations unies,UNDSS,Département de la sûreté et de la sécurité,Coord. & Log. & services support,Sud,HT07,Saint Jean du Sud,HT0722,p-code officiel de la table Admin du fichier OCHA,SRC-026,"OCHA Haïti — 3W présence opérationnelle, juin 2026 (CC BY)",juin 2026,2026-08-14,O,B,v1.2026.08
Organisations humanitaires et de développement,Nations unies,UNDSS,Département de la sûreté et de la sécurité,Coord. & Log. & services support,Sud,HT07,Arniquet,HT0723,p-code officiel de la table Admin du fichier OCHA,SRC-026,"OCHA Haïti — 3W présence opérationnelle, juin 2026 (CC BY)",juin 2026,2026-08-14,O,B,v1.2026.08
Organisations humanitaires et de développement,Nations unies,UNDSS,Département de la sûreté et de la sécurité,Coord. & Log. & services support,Sud,HT07,Aquin,HT0731,p-code officiel de la table Admin du fichier OCHA,SRC-026,"OCHA Haïti — 3W présence opérationnelle, juin 2026 (CC BY)",juin 2026,2026-08-14,O,B,v1.2026.08
Organisations humanitaires et de développement,Nations unies,UNDSS,Département de la sûreté et de la sécurité,Coord. & Log. & services support,Sud,HT07,Saint Louis du Sud,HT0732,p-code officiel de la table Admin du fichier OCHA,SRC-026,"OCHA Haïti — 3W présence opérationnelle, juin 2026 (CC BY)",juin 2026,2026-08-14,O,B,v1.2026.08
Organisations humanitaires et de développement,Nations unies,UNDSS,Département de la sûreté et de la sécurité,Coord. & Log. & services support,Sud,HT07,Cavaillon,HT0733,p-code officiel de la table Admin du fichier OCHA,SRC-026,"OCHA Haïti — 3W présence opérationnelle, juin 2026 (CC BY)",juin 2026,2026-08-14,O,B,v1.2026.08
Organisations humanitaires et de développement,Nations unies,UNDSS,Département de la sûreté et de la sécurité,Coord. & Log. & services support,Sud,HT07,Côteaux,HT0741,p-code officiel de la table Admin du fichier OCHA,SRC-026,"OCHA Haïti — 3W présence opérationnelle, juin 2026 (CC BY)",juin 2026,2026-08-14,O,B,v1.2026.08
Organisations humanitaires et de développement,Nations unies,UNDSS,Département de la sûreté et de la sécurité,Coord. & Log. & services support,Sud,HT07,Port-à-Piment,HT0742,p-code officiel de la table Admin du fichier OCHA,SRC-026,"OCHA Haïti — 3W présence opérationnelle, juin 2026 (CC BY)",juin 2026,2026-08-14,O,B,v1.2026.08
Organisations humanitaires et de développement,Nations unies,UNDSS,Département de la sûreté et de la sécurité,Coord. & Log. & services support,Sud,HT07,Roche à Bâteau,HT0743,p-code officiel de la table Admin du fichier OCHA,SRC-026,"OCHA Haïti — 3W présence opérationnelle, juin 2026 (CC BY)",juin 2026,2026-08-14,O,B,v1.2026.08
Organisations humanitaires et de développement,Nations unies,UNDSS,Département de la sûreté et de la sécurité,Coord. & Log. & services support,Sud,HT07,Chardonnières,HT0751,p-code officiel de la table Admin du fichier OCHA,SRC-026,"OCHA Haïti — 3W présence opérationnelle, juin 2026 (CC BY)",juin 2026,2026-08-14,O,B,v1.2026.08
Organisations humanitaires et de développement,Nations unies,UNDSS,Département de la sûreté et de la sécurité,Coord. & Log. & services support,Sud,HT07,Les Anglais,HT0752,p-code officiel de la table Admin du fichier OCHA,SRC-026,"OCHA Haïti — 3W présence opérationnelle, juin 2026 (CC BY)",juin 2026,2026-08-14,O,B,v1.2026.08
Organisations humanitaires et de développement,Nations unies,UNDSS,Département de la sûreté et de la sécurité,Coord. & Log. & services support,Sud,HT07,Tiburon,HT0753,p-code officiel de la table Admin du fichier OCHA,SRC-026,"OCHA Haïti — 3W présence opérationnelle, juin 2026 (CC BY)",juin 2026,2026-08-14,O,B,v1.2026.08
Organisations humanitaires et de développement,Nations unies,UNDSS,Département de la sûreté et de la sécurité,Coord. & Log. & services support,Grande'Anse,HT08,Jérémie,HT0811,p-code officiel de la table Admin du fichier OCHA,SRC-026,"OCHA Haïti — 3W présence opérationnelle, juin 2026 (CC BY)",juin 2026,2026-08-14,O,B,v1.2026.08
Organisations humanitaires et de développement,Nations unies,UNDSS,Département de la sûreté et de la sécurité,Coord. & Log. & services support,Grande'Anse,HT08,Abricots,HT0812,p-code officiel de la table Admin du fichier OCHA,SRC-026,"OCHA Haïti — 3W présence opérationnelle, juin 2026 (CC BY)",juin 2026,2026-08-14,O,B,v1.2026.08
Organisations humanitaires et de développement,Nations unies,UNDSS,Département de la sûreté et de la sécurité,Coord. & Log. & services support,Grande'Anse,HT08,Bonbon,HT0813,p-code officiel de la table Admin du fichier OCHA,SRC-026,"OCHA Haïti — 3W présence opérationnelle, juin 2026 (CC BY)",juin 2026,2026-08-14,O,B,v1.2026.08
Organisations humanitaires et de développement,Nations unies,UNDSS,Département de la sûreté et de la sécurité,Coord. & Log. & services support,Grande'Anse,HT08,Moron,HT0814,p-code officiel de la table Admin du fichier OCHA,SRC-026,"OCHA Haïti — 3W présence opérationnelle, juin 2026 (CC BY)",juin 2026,2026-08-14,O,B,v1.2026.08
Organisations humanitaires et de développement,Nations unies,UNDSS,Département de la sûreté et de la sécurité,Coord. & Log. & services support,Grande'Anse,HT08,Chambellan,HT0815,p-code officiel de la table Admin du fichier OCHA,SRC-026,"OCHA Haïti — 3W présence opérationnelle, juin 2026 (CC BY)",juin 2026,2026-08-14,O,B,v1.2026.08
Organisations humanitaires et de développement,Nations unies,UNDSS,Département de la sûreté et de la sécurité,Coord. & Log. & services support,Grande'Anse,HT08,Anse d'Hainault,HT0821,p-code officiel de la table Admin du fichier OCHA,SRC-026,"OCHA Haïti — 3W présence opérationnelle, juin 2026 (CC BY)",juin 2026,2026-08-14,O,B,v1.2026.08
Organisations humanitaires et de développement,Nations unies,UNDSS,Département de la sûreté et de la sécurité,Coord. & Log. & services support,Grande'Anse,HT08,Dame Marie,HT0822,p-code officiel de la table Admin du fichier OCHA,SRC-026,"OCHA Haïti — 3W présence opérationnelle, juin 2026 (CC BY)",juin 2026,2026-08-14,O,B,v1.2026.08
Organisations humanitaires et de développement,Nations unies,UNDSS,Département de la sûreté et de la sécurité,Coord. & Log. & services support,Grande'Anse,HT08,Les Irois,HT0823,p-code officiel de la table Admin du fichier OCHA,SRC-026,"OCHA Haïti — 3W présence opérationnelle, juin 2026 (CC BY)",juin 2026,2026-08-14,O,B,v1.2026.08
Organisations humanitaires et de développement,Nations unies,UNDSS,Département de la sûreté et de la sécurité,Coord. & Log. & services support,Grande'Anse,HT08,Corail,HT0831,p-code officiel de la table Admin du fichier OCHA,SRC-026,"OCHA Haïti — 3W présence opérationnelle, juin 2026 (CC BY)",juin 2026,2026-08-14,O,B,v1.2026.08
Organisations humanitaires et de développement,Nations unies,UNDSS,Département de la sûreté et de la sécurité,Coord. & Log. & services support,Grande'Anse,HT08,Roseaux,HT0832,p-code officiel de la table Admin du fichier OCHA,SRC-026,"OCHA Haïti — 3W présence opérationnelle, juin 2026 (CC BY)",juin 2026,2026-08-14,O,B,v1.2026.08
Organisations humanitaires et de développement,Nations unies,UNDSS,Département de la sûreté et de la sécurité,Coord. & Log. & services support,Grande'Anse,HT08,Beaumont,HT0833,p-code officiel de la table Admin du fichier OCHA,SRC-026,"OCHA Haïti — 3W présence opérationnelle, juin 2026 (CC BY)",juin 2026,2026-08-14,O,B,v1.2026.08
Organisations humanitaires et de développement,Nations unies,UNDSS,Département de la sûreté et de la sécurité,Coord. & Log. & services support,Grande'Anse,HT08,Pestel,HT0834,p-code officiel de la table Admin du fichier OCHA,SRC-026,"OCHA Haïti — 3W présence opérationnelle, juin 2026 (CC BY)",juin 2026,2026-08-14,O,B,v1.2026.08
Organisations humanitaires et de développement,Nations unies,UNDSS,Département de la sûreté et de la sécurité,Coord. & Log. & services support,Nord-Ouest,HT09,Port-de-Paix,HT0911,p-code officiel de la table Admin du fichier OCHA,SRC-026,"OCHA Haïti — 3W présence opérationnelle, juin 2026 (CC BY)",juin 2026,2026-08-14,O,B,v1.2026.08
Organisations humanitaires et de développement,Nations unies,UNDSS,Département de la sûreté et de la sécurité,Coord. & Log. & services support,Nord-Ouest,HT09,La Tortue,HT0912,p-code officiel de la table Admin du fichier OCHA,SRC-026,"OCHA Haïti — 3W présence opérationnelle, juin 2026 (CC BY)",juin 2026,2026-08-14,O,B,v1.2026.08
Organisations humanitaires et de développement,Nations unies,UNDSS,Département de la sûreté et de la sécurité,Coord. & Log. & services support,Nord-Ouest,HT09,Bassin Bleu,HT0913,p-code officiel de la table Admin du fichier OCHA,SRC-026,"OCHA Haïti — 3W présence opérationnelle, juin 2026 (CC BY)",juin 2026,2026-08-14,O,B,v1.2026.08
Organisations humanitaires et de développement,Nations unies,UNDSS,Département de la sûreté et de la sécurité,Coord. & Log. & services support,Nord-Ouest,HT09,Chamsolme,HT0914,p-code officiel de la table Admin du fichier OCHA,SRC-026,"OCHA Haïti — 3W présence opérationnelle, juin 2026 (CC BY)",juin 2026,2026-08-14,O,B,v1.2026.08
Organisations humanitaires et de développement,Nations unies,UNDSS,Département de la sûreté et de la sécurité,Coord. & Log. & services support,Nord-Ouest,HT09,Saint-Louis du Nord,HT0921,p-code officiel de la table Admin du fichier OCHA,SRC-026,"OCHA Haïti — 3W présence opérationnelle, juin 2026 (CC BY)",juin 2026,2026-08-14,O,B,v1.2026.08
Organisations humanitaires et de développement,Nations unies,UNDSS,Département de la sûreté et de la sécurité,Coord. & Log. & services support,Nord-Ouest,HT09,Anse-à-Foleur,HT0922,p-code officiel de la table Admin du fichier OCHA,SRC-026,"OCHA Haïti — 3W présence opérationnelle, juin 2026 (CC BY)",juin 2026,2026-08-14,O,B,v1.2026.08
Organisations humanitaires et de développement,Nations unies,UNDSS,Département de la sûreté et de la sécurité,Coord. & Log. & services support,Nord-Ouest,HT09,Môle Saint Nicolas,HT0931,p-code officiel de la table Admin du fichier OCHA,SRC-026,"OCHA Haïti — 3W présence opérationnelle, juin 2026 (CC BY)",juin 2026,2026-08-14,O,B,v1.2026.08
Organisations humanitaires et de développement,Nations unies,UNDSS,Département de la sûreté et de la sécurité,Coord. & Log. & services support,Nord-Ouest,HT09,Baie de Henne,HT0932,p-code officiel de la table Admin du fichier OCHA,SRC-026,"OCHA Haïti — 3W présence opérationnelle, juin 2026 (CC BY)",juin 2026,2026-08-14,O,B,v1.2026.08
Organisations humanitaires et de développement,Nations unies,UNDSS,Département de la sûreté et de la sécurité,Coord. & Log. & services support,Nord-Ouest,HT09,Bombardopolis,HT0933,p-code officiel de la table Admin du fichier OCHA,SRC-026,"OCHA Haïti — 3W présence opérationnelle, juin 2026 (CC BY)",juin 2026,2026-08-14,O,B,v1.2026.08
Organisations humanitaires et de développement,Nations unies,UNDSS,Département de la sûreté et de la sécurité,Coord. & Log. & services support,Nord-Ouest,HT09,Jean Rabel,HT0934,p-code officiel de la table Admin du fichier OCHA,SRC-026,"OCHA Haïti — 3W présence opérationnelle, juin 2026 (CC BY)",juin 2026,2026-08-14,O,B,v1.2026.08
Organisations humanitaires et de développement,Nations unies,UNDSS,Département de la sûreté et de la sécurité,Coord. & Log. & services support,Nippes,HT10,Miragoâne,HT1011,p-code officiel de la table Admin du fichier OCHA,SRC-026,"OCHA Haïti — 3W présence opérationnelle, juin 2026 (CC BY)",juin 2026,2026-08-14,O,B,v1.2026.08
Organisations humanitaires et de développement,Nations unies,UNDSS,Département de la sûreté et de la sécurité,Coord. & Log. & services support,Nippes,HT10,Petite Rivière de Nippes,HT1012,p-code officiel de la table Admin du fichier OCHA,SRC-026,"OCHA Haïti — 3W présence opérationnelle, juin 2026 (CC BY)",juin 2026,2026-08-14,O,B,v1.2026.08
Organisations humanitaires et de développement,Nations unies,UNDSS,Département de la sûreté et de la sécurité,Coord. & Log. & services support,Nippes,HT10,Fonds des Nègres,HT1013,p-code officiel de la table Admin du fichier OCHA,SRC-026,"OCHA Haïti — 3W présence opérationnelle, juin 2026 (CC BY)",juin 2026,2026-08-14,O,B,v1.2026.08
Organisations humanitaires et de développement,Nations unies,UNDSS,Département de la sûreté et de la sécurité,Coord. & Log. & services support,Nippes,HT10,Paillant,HT1014,p-code officiel de la table Admin du fichier OCHA,SRC-026,"OCHA Haïti — 3W présence opérationnelle, juin 2026 (CC BY)",juin 2026,2026-08-14,O,B,v1.2026.08
Organisations humanitaires et de développement,Nations unies,UNDSS,Département de la sûreté et de la sécurité,Coord. & Log. & services support,Nippes,HT10,Anse-à-Veau,HT1021,p-code officiel de la table Admin du fichier OCHA,SRC-026,"OCHA Haïti — 3W présence opérationnelle, juin 2026 (CC BY)",juin 2026,2026-08-14,O,B,v1.2026.08
Organisations humanitaires et de développement,Nations unies,UNDSS,Département de la sûreté et de la sécurité,Coord. & Log. & services support,Nippes,HT10,Petit Trou de Nippes,HT1022,p-code officiel de la table Admin du fichier OCHA,SRC-026,"OCHA Haïti — 3W présence opérationnelle, juin 2026 (CC BY)",juin 2026,2026-08-14,O,B,v1.2026.08
Organisations humanitaires et de développement,Nations unies,UNDSS,Département de la sûreté et de la sécurité,Coord. & Log. & services support,Nippes,HT10,L'Asile,HT1023,p-code officiel de la table Admin du fichier OCHA,SRC-026,"OCHA Haïti — 3W présence opérationnelle, juin 2026 (CC BY)",juin 2026,2026-08-14,O,B,v1.2026.08
Organisations humanitaires et de développement,Nations unies,UNDSS,Département de la sûreté et de la sécurité,Coord. & Log. & services support,Nippes,HT10,Arnaud,HT1024,p-code officiel de la table Admin du fichier OCHA,SRC-026,"OCHA Haïti — 3W présence opérationnelle, juin 2026 (CC BY)",juin 2026,2026-08-14,O,B,v1.2026.08
Organisations humanitaires et de développement,Nations unies,UNDSS,Département de la sûreté et de la sécurité,Coord. & Log. & services support,Nippes,HT10,Plaisance du Sud,HT1025,p-code officiel de la table Admin du fichier OCHA,SRC-026,"OCHA Haïti — 3W présence opérationnelle, juin 2026 (CC BY)",juin 2026,2026-08-14,O,B,v1.2026.08
Organisations humanitaires et de développement,Nations unies,UNDSS,Département de la sûreté et de la sécurité,Coord. & Log. & services support,Nippes,HT10,Baradères,HT1031,p-code officiel de la table Admin du fichier OCHA,SRC-026,"OCHA Haïti — 3W présence opérationnelle, juin 2026 (CC BY)",juin 2026,2026-08-14,O,B,v1.2026.08
Organisations humanitaires et de développement,Nations unies,UNDSS,Département de la sûreté et de la sécurité,Coord. & Log. & services support,Nippes,HT10,Grand-Boucan,HT1032,p-code officiel de la table Admin du fichier OCHA,SRC-026,"OCHA Haïti — 3W présence opérationnelle, juin 2026 (CC BY)",juin 2026,2026-08-14,O,B,v1.2026.08
Organisations humanitaires et de développement,ONG internationale,IMPACT,Impact Initiatives,Coord. & Log. & services support,Ouest,HT01,Port-au-Prince,HT0111,p-code officiel de la table Admin du fichier OCHA,SRC-026,"OCHA Haïti — 3W présence opérationnelle, juin 2026 (CC BY)",juin 2026,2026-08-14,O,B,v1.2026.08
Organisations humanitaires et de développement,ONG internationale,IMPACT,Impact Initiatives,Coord. & Log. & services support,Ouest,HT01,Delmas,HT0112,p-code officiel de la table Admin du fichier OCHA,SRC-026,"OCHA Haïti — 3W présence opérationnelle, juin 2026 (CC BY)",juin 2026,2026-08-14,O,B,v1.2026.08
Organisations humanitaires et de développement,ONG internationale,IMPACT,Impact Initiatives,Coord. & Log. & services support,Ouest,HT01,Carrefour,HT0113,p-code officiel de la table Admin du fichier OCHA,SRC-026,"OCHA Haïti — 3W présence opérationnelle, juin 2026 (CC BY)",juin 2026,2026-08-14,O,B,v1.2026.08
Organisations humanitaires et de développement,ONG internationale,IMPACT,Impact Initiatives,Coord. & Log. & services support,Ouest,HT01,Pétion-Ville,HT0114,p-code officiel de la table Admin du fichier OCHA,SRC-026,"OCHA Haïti — 3W présence opérationnelle, juin 2026 (CC BY)",juin 2026,2026-08-14,O,B,v1.2026.08
Organisations humanitaires et de développement,ONG internationale,IMPACT,Impact Initiatives,Coord. & Log. & services support,Ouest,HT01,Kenscoff,HT0115,p-code officiel de la table Admin du fichier OCHA,SRC-026,"OCHA Haïti — 3W présence opérationnelle, juin 2026 (CC BY)",juin 2026,2026-08-14,O,B,v1.2026.08
Organisations humanitaires et de développement,ONG internationale,IMPACT,Impact Initiatives,Coord. & Log. & services support,Ouest,HT01,Gressier,HT0116,p-code officiel de la table Admin du fichier OCHA,SRC-026,"OCHA Haïti — 3W présence opérationnelle, juin 2026 (CC BY)",juin 2026,2026-08-14,O,B,v1.2026.08
Organisations humanitaires et de développement,ONG internationale,IMPACT,Impact Initiatives,Coord. & Log. & services support,Ouest,HT01,Cité Soleil,HT0117,p-code officiel de la table Admin du fichier OCHA,SRC-026,"OCHA Haïti — 3W présence opérationnelle, juin 2026 (CC BY)",juin 2026,2026-08-14,O,B,v1.2026.08
Organisations humanitaires et de développement,ONG internationale,IMPACT,Impact Initiatives,Coord. & Log. & services support,Ouest,HT01,Tabarre,HT0118,p-code officiel de la table Admin du fichier OCHA,SRC-026,"OCHA Haïti — 3W présence opérationnelle, juin 2026 (CC BY)",juin 2026,2026-08-14,O,B,v1.2026.08
Organisations humanitaires et de développement,ONG internationale,IMPACT,Impact Initiatives,Coord. & Log. & services support,Ouest,HT01,Léogâne,HT0121,p-code officiel de la table Admin du fichier OCHA,SRC-026,"OCHA Haïti — 3W présence opérationnelle, juin 2026 (CC BY)",juin 2026,2026-08-14,O,B,v1.2026.08
Organisations humanitaires et de développement,ONG internationale,IMPACT,Impact Initiatives,Coord. & Log. & services support,Ouest,HT01,Petit-Goâve,HT0122,p-code officiel de la table Admin du fichier OCHA,SRC-026,"OCHA Haïti — 3W présence opérationnelle, juin 2026 (CC BY)",juin 2026,2026-08-14,O,B,v1.2026.08
Organisations humanitaires et de développement,ONG internationale,IMPACT,Impact Initiatives,Coord. & Log. & services support,Ouest,HT01,Grand-Goâve,HT0123,p-code officiel de la table Admin du fichier OCHA,SRC-026,"OCHA Haïti — 3W présence opérationnelle, juin 2026 (CC BY)",juin 2026,2026-08-14,O,B,v1.2026.08
Organisations humanitaires et de développement,ONG internationale,IMPACT,Impact Initiatives,Coord. & Log. & services support,Ouest,HT01,Croix-Des-Bouquets,HT0131,p-code officiel de la table Admin du fichier OCHA,SRC-026,"OCHA Haïti — 3W présence opérationnelle, juin 2026 (CC BY)",juin 2026,2026-08-14,O,B,v1.2026.08
Organisations humanitaires et de développement,ONG internationale,IMPACT,Impact Initiatives,Coord. & Log. & services support,Ouest,HT01,Thomazeau,HT0132,p-code officiel de la table Admin du fichier OCHA,SRC-026,"OCHA Haïti — 3W présence opérationnelle, juin 2026 (CC BY)",juin 2026,2026-08-14,O,B,v1.2026.08
Organisations humanitaires et de développement,ONG internationale,IMPACT,Impact Initiatives,Coord. & Log. & services support,Ouest,HT01,Ganthier,HT0133,p-code officiel de la table Admin du fichier OCHA,SRC-026,"OCHA Haïti — 3W présence opérationnelle, juin 2026 (CC BY)",juin 2026,2026-08-14,O,B,v1.2026.08
Organisations humanitaires et de développement,ONG internationale,IMPACT,Impact Initiatives,Coord. & Log. & services support,Ouest,HT01,Cornillon / Grand Bois,HT0134,p-code officiel de la table Admin du fichier OCHA,SRC-026,"OCHA Haïti — 3W présence opérationnelle, juin 2026 (CC BY)",juin 2026,2026-08-14,O,B,v1.2026.08
Organisations humanitaires et de développement,ONG internationale,IMPACT,Impact Initiatives,Coord. & Log. & services support,Ouest,HT01,Fonds-Verrettes,HT0135,p-code officiel de la table Admin du fichier OCHA,SRC-026,"OCHA Haïti — 3W présence opérationnelle, juin 2026 (CC BY)",juin 2026,2026-08-14,O,B,v1.2026.08
Organisations humanitaires et de développement,ONG internationale,IMPACT,Impact Initiatives,Coord. & Log. & services support,Ouest,HT01,Arcahaie,HT0141,p-code officiel de la table Admin du fichier OCHA,SRC-026,"OCHA Haïti — 3W présence opérationnelle, juin 2026 (CC BY)",juin 2026,2026-08-14,O,B,v1.2026.08
Organisations humanitaires et de développement,ONG internationale,IMPACT,Impact Initiatives,Coord. & Log. & services support,Ouest,HT01,Cabaret,HT0142,p-code officiel de la table Admin du fichier OCHA,SRC-026,"OCHA Haïti — 3W présence opérationnelle, juin 2026 (CC BY)",juin 2026,2026-08-14,O,B,v1.2026.08
Organisations humanitaires et de développement,ONG internationale,IMPACT,Impact Initiatives,Coord. & Log. & services support,Ouest,HT01,Anse à Galets,HT0151,p-code officiel de la table Admin du fichier OCHA,SRC-026,"OCHA Haïti — 3W présence opérationnelle, juin 2026 (CC BY)",juin 2026,2026-08-14,O,B,v1.2026.08
Organisations humanitaires et de développement,ONG internationale,IMPACT,Impact Initiatives,Coord. & Log. & services support,Ouest,HT01,Pointe à Raquette,HT0152,p-code officiel de la table Admin du fichier OCHA,SRC-026,"OCHA Haïti — 3W présence opérationnelle, juin 2026 (CC BY)",juin 2026,2026-08-14,O,B,v1.2026.08
Organisations humanitaires et de développement,ONG internationale,IMPACT,Impact Initiatives,Coord. & Log. & services support,Sud-Est,HT02,Jacmel,HT0211,p-code officiel de la table Admin du fichier OCHA,SRC-026,"OCHA Haïti — 3W présence opérationnelle, juin 2026 (CC BY)",juin 2026,2026-08-14,O,B,v1.2026.08
Organisations humanitaires et de développement,ONG internationale,IMPACT,Impact Initiatives,Coord. & Log. & services support,Sud-Est,HT02,Marigot,HT0212,p-code officiel de la table Admin du fichier OCHA,SRC-026,"OCHA Haïti — 3W présence opérationnelle, juin 2026 (CC BY)",juin 2026,2026-08-14,O,B,v1.2026.08
Organisations humanitaires et de développement,ONG internationale,IMPACT,Impact Initiatives,Coord. & Log. & services support,Sud-Est,HT02,Cayes-Jacmel,HT0213,p-code officiel de la table Admin du fichier OCHA,SRC-026,"OCHA Haïti — 3W présence opérationnelle, juin 2026 (CC BY)",juin 2026,2026-08-14,O,B,v1.2026.08
Organisations humanitaires et de développement,ONG internationale,IMPACT,Impact Initiatives,Coord. & Log. & services support,Sud-Est,HT02,La Vallée,HT0214,p-code officiel de la table Admin du fichier OCHA,SRC-026,"OCHA Haïti — 3W présence opérationnelle, juin 2026 (CC BY)",juin 2026,2026-08-14,O,B,v1.2026.08
Organisations humanitaires et de développement,ONG internationale,IMPACT,Impact Initiatives,Coord. & Log. & services support,Sud-Est,HT02,Bainet,HT0221,p-code officiel de la table Admin du fichier OCHA,SRC-026,"OCHA Haïti — 3W présence opérationnelle, juin 2026 (CC BY)",juin 2026,2026-08-14,O,B,v1.2026.08
Organisations humanitaires et de développement,ONG internationale,IMPACT,Impact Initiatives,Coord. & Log. & services support,Sud-Est,HT02,Côtes de Fer,HT0222,p-code officiel de la table Admin du fichier OCHA,SRC-026,"OCHA Haïti — 3W présence opérationnelle, juin 2026 (CC BY)",juin 2026,2026-08-14,O,B,v1.2026.08
Organisations humanitaires et de développement,ONG internationale,IMPACT,Impact Initiatives,Coord. & Log. & services support,Sud-Est,HT02,Belle Anse,HT0231,p-code officiel de la table Admin du fichier OCHA,SRC-026,"OCHA Haïti — 3W présence opérationnelle, juin 2026 (CC BY)",juin 2026,2026-08-14,O,B,v1.2026.08
Organisations humanitaires et de développement,ONG internationale,IMPACT,Impact Initiatives,Coord. & Log. & services support,Sud-Est,HT02,Grand Gosier,HT0232,p-code officiel de la table Admin du fichier OCHA,SRC-026,"OCHA Haïti — 3W présence opérationnelle, juin 2026 (CC BY)",juin 2026,2026-08-14,O,B,v1.2026.08
Organisations humanitaires et de développement,ONG internationale,IMPACT,Impact Initiatives,Coord. & Log. & services support,Sud-Est,HT02,Thiotte,HT0233,p-code officiel de la table Admin du fichier OCHA,SRC-026,"OCHA Haïti — 3W présence opérationnelle, juin 2026 (CC BY)",juin 2026,2026-08-14,O,B,v1.2026.08
Organisations humanitaires et de développement,ONG internationale,IMPACT,Impact Initiatives,Coord. & Log. & services support,Sud-Est,HT02,Anse-à-Pître,HT0234,p-code officiel de la table Admin du fichier OCHA,SRC-026,"OCHA Haïti — 3W présence opérationnelle, juin 2026 (CC BY)",juin 2026,2026-08-14,O,B,v1.2026.08
Organisations humanitaires et de développement,ONG internationale,IMPACT,Impact Initiatives,Coord. & Log. & services support,Nord,HT03,Cap-Haïtien,HT0311,p-code officiel de la table Admin du fichier OCHA,SRC-026,"OCHA Haïti — 3W présence opérationnelle, juin 2026 (CC BY)",juin 2026,2026-08-14,O,B,v1.2026.08
Organisations humanitaires et de développement,ONG internationale,IMPACT,Impact Initiatives,Coord. & Log. & services support,Nord,HT03,Quartier Morin,HT0312,p-code officiel de la table Admin du fichier OCHA,SRC-026,"OCHA Haïti — 3W présence opérationnelle, juin 2026 (CC BY)",juin 2026,2026-08-14,O,B,v1.2026.08
Organisations humanitaires et de développement,ONG internationale,IMPACT,Impact Initiatives,Coord. & Log. & services support,Nord,HT03,Limonade,HT0313,p-code officiel de la table Admin du fichier OCHA,SRC-026,"OCHA Haïti — 3W présence opérationnelle, juin 2026 (CC BY)",juin 2026,2026-08-14,O,B,v1.2026.08
Organisations humanitaires et de développement,ONG internationale,IMPACT,Impact Initiatives,Coord. & Log. & services support,Nord,HT03,Acul du Nord,HT0321,p-code officiel de la table Admin du fichier OCHA,SRC-026,"OCHA Haïti — 3W présence opérationnelle, juin 2026 (CC BY)",juin 2026,2026-08-14,O,B,v1.2026.08
Organisations humanitaires et de développement,ONG internationale,IMPACT,Impact Initiatives,Coord. & Log. & services support,Nord,HT03,Plaine du Nord,HT0322,p-code officiel de la table Admin du fichier OCHA,SRC-026,"OCHA Haïti — 3W présence opérationnelle, juin 2026 (CC BY)",juin 2026,2026-08-14,O,B,v1.2026.08
Organisations humanitaires et de développement,ONG internationale,IMPACT,Impact Initiatives,Coord. & Log. & services support,Nord,HT03,Milot,HT0323,p-code officiel de la table Admin du fichier OCHA,SRC-026,"OCHA Haïti — 3W présence opérationnelle, juin 2026 (CC BY)",juin 2026,2026-08-14,O,B,v1.2026.08
Organisations humanitaires et de développement,ONG internationale,IMPACT,Impact Initiatives,Coord. & Log. & services support,Nord,HT03,Grande Riviere Du Nord,HT0331,p-code officiel de la table Admin du fichier OCHA,SRC-026,"OCHA Haïti — 3W présence opérationnelle, juin 2026 (CC BY)",juin 2026,2026-08-14,O,B,v1.2026.08
Organisations humanitaires et de développement,ONG internationale,IMPACT,Impact Initiatives,Coord. & Log. & services support,Nord,HT03,Bahon,HT0332,p-code officiel de la table Admin du fichier OCHA,SRC-026,"OCHA Haïti — 3W présence opérationnelle, juin 2026 (CC BY)",juin 2026,2026-08-14,O,B,v1.2026.08
Organisations humanitaires et de développement,ONG internationale,IMPACT,Impact Initiatives,Coord. & Log. & services support,Nord,HT03,Saint-Raphaël,HT0341,p-code officiel de la table Admin du fichier OCHA,SRC-026,"OCHA Haïti — 3W présence opérationnelle, juin 2026 (CC BY)",juin 2026,2026-08-14,O,B,v1.2026.08
Organisations humanitaires et de développement,ONG internationale,IMPACT,Impact Initiatives,Coord. & Log. & services support,Nord,HT03,Dondon,HT0342,p-code officiel de la table Admin du fichier OCHA,SRC-026,"OCHA Haïti — 3W présence opérationnelle, juin 2026 (CC BY)",juin 2026,2026-08-14,O,B,v1.2026.08
Organisations humanitaires et de développement,ONG internationale,IMPACT,Impact Initiatives,Coord. & Log. & services support,Nord,HT03,Ranquitte,HT0343,p-code officiel de la table Admin du fichier OCHA,SRC-026,"OCHA Haïti — 3W présence opérationnelle, juin 2026 (CC BY)",juin 2026,2026-08-14,O,B,v1.2026.08
Organisations humanitaires et de développement,ONG internationale,IMPACT,Impact Initiatives,Coord. & Log. & services support,Nord,HT03,Pignon,HT0344,p-code officiel de la table Admin du fichier OCHA,SRC-026,"OCHA Haïti — 3W présence opérationnelle, juin 2026 (CC BY)",juin 2026,2026-08-14,O,B,v1.2026.08
Organisations humanitaires et de développement,ONG internationale,IMPACT,Impact Initiatives,Coord. & Log. & services support,Nord,HT03,La Victoire,HT0345,p-code officiel de la table Admin du fichier OCHA,SRC-026,"OCHA Haïti — 3W présence opérationnelle, juin 2026 (CC BY)",juin 2026,2026-08-14,O,B,v1.2026.08
Organisations humanitaires et de développement,ONG internationale,IMPACT,Impact Initiatives,Coord. & Log. & services support,Nord,HT03,Borgne,HT0351,p-code officiel de la table Admin du fichier OCHA,SRC-026,"OCHA Haïti — 3W présence opérationnelle, juin 2026 (CC BY)",juin 2026,2026-08-14,O,B,v1.2026.08
Organisations humanitaires et de développement,ONG internationale,IMPACT,Impact Initiatives,Coord. & Log. & services support,Nord,HT03,Port-Margot,HT0352,p-code officiel de la table Admin du fichier OCHA,SRC-026,"OCHA Haïti — 3W présence opérationnelle, juin 2026 (CC BY)",juin 2026,2026-08-14,O,B,v1.2026.08
Organisations humanitaires et de développement,ONG internationale,IMPACT,Impact Initiatives,Coord. & Log. & services support,Nord,HT03,Limbé,HT0361,p-code officiel de la table Admin du fichier OCHA,SRC-026,"OCHA Haïti — 3W présence opérationnelle, juin 2026 (CC BY)",juin 2026,2026-08-14,O,B,v1.2026.08
Organisations humanitaires et de développement,ONG internationale,IMPACT,Impact Initiatives,Coord. & Log. & services support,Nord,HT03,Bas Limbé,HT0362,p-code officiel de la table Admin du fichier OCHA,SRC-026,"OCHA Haïti — 3W présence opérationnelle, juin 2026 (CC BY)",juin 2026,2026-08-14,O,B,v1.2026.08
Organisations humanitaires et de développement,ONG internationale,IMPACT,Impact Initiatives,Coord. & Log. & services support,Nord,HT03,Plaisance,HT0371,p-code officiel de la table Admin du fichier OCHA,SRC-026,"OCHA Haïti — 3W présence opérationnelle, juin 2026 (CC BY)",juin 2026,2026-08-14,O,B,v1.2026.08
Organisations humanitaires et de développement,ONG internationale,IMPACT,Impact Initiatives,Coord. & Log. & services support,Nord,HT03,Pilate,HT0372,p-code officiel de la table Admin du fichier OCHA,SRC-026,"OCHA Haïti — 3W présence opérationnelle, juin 2026 (CC BY)",juin 2026,2026-08-14,O,B,v1.2026.08
Organisations humanitaires et de développement,ONG internationale,IMPACT,Impact Initiatives,Coord. & Log. & services support,Nord-Est,HT04,Fort-Liberté,HT0411,p-code officiel de la table Admin du fichier OCHA,SRC-026,"OCHA Haïti — 3W présence opérationnelle, juin 2026 (CC BY)",juin 2026,2026-08-14,O,B,v1.2026.08
Organisations humanitaires et de développement,ONG internationale,IMPACT,Impact Initiatives,Coord. & Log. & services support,Nord-Est,HT04,Ferrier,HT0412,p-code officiel de la table Admin du fichier OCHA,SRC-026,"OCHA Haïti — 3W présence opérationnelle, juin 2026 (CC BY)",juin 2026,2026-08-14,O,B,v1.2026.08
Organisations humanitaires et de développement,ONG internationale,IMPACT,Impact Initiatives,Coord. & Log. & services support,Nord-Est,HT04,Perches,HT0413,p-code officiel de la table Admin du fichier OCHA,SRC-026,"OCHA Haïti — 3W présence opérationnelle, juin 2026 (CC BY)",juin 2026,2026-08-14,O,B,v1.2026.08
Organisations humanitaires et de développement,ONG internationale,IMPACT,Impact Initiatives,Coord. & Log. & services support,Nord-Est,HT04,Ouanaminthe,HT0421,p-code officiel de la table Admin du fichier OCHA,SRC-026,"OCHA Haïti — 3W présence opérationnelle, juin 2026 (CC BY)",juin 2026,2026-08-14,O,B,v1.2026.08
Organisations humanitaires et de développement,ONG internationale,IMPACT,Impact Initiatives,Coord. & Log. & services support,Nord-Est,HT04,Capotille,HT0422,p-code officiel de la table Admin du fichier OCHA,SRC-026,"OCHA Haïti — 3W présence opérationnelle, juin 2026 (CC BY)",juin 2026,2026-08-14,O,B,v1.2026.08
Organisations humanitaires et de développement,ONG internationale,IMPACT,Impact Initiatives,Coord. & Log. & services support,Nord-Est,HT04,Mont-Organisé,HT0423,p-code officiel de la table Admin du fichier OCHA,SRC-026,"OCHA Haïti — 3W présence opérationnelle, juin 2026 (CC BY)",juin 2026,2026-08-14,O,B,v1.2026.08
Organisations humanitaires et de développement,ONG internationale,IMPACT,Impact Initiatives,Coord. & Log. & services support,Nord-Est,HT04,Trou du Nord,HT0431,p-code officiel de la table Admin du fichier OCHA,SRC-026,"OCHA Haïti — 3W présence opérationnelle, juin 2026 (CC BY)",juin 2026,2026-08-14,O,B,v1.2026.08
Organisations humanitaires et de développement,ONG internationale,IMPACT,Impact Initiatives,Coord. & Log. & services support,Nord-Est,HT04,Sainte Suzanne,HT0432,p-code officiel de la table Admin du fichier OCHA,SRC-026,"OCHA Haïti — 3W présence opérationnelle, juin 2026 (CC BY)",juin 2026,2026-08-14,O,B,v1.2026.08
Organisations humanitaires et de développement,ONG internationale,IMPACT,Impact Initiatives,Coord. & Log. & services support,Nord-Est,HT04,Terrier Rouge,HT0433,p-code officiel de la table Admin du fichier OCHA,SRC-026,"OCHA Haïti — 3W présence opérationnelle, juin 2026 (CC BY)",juin 2026,2026-08-14,O,B,v1.2026.08
Organisations humanitaires et de développement,ONG internationale,IMPACT,Impact Initiatives,Coord. & Log. & services support,Nord-Est,HT04,Caracol,HT0434,p-code officiel de la table Admin du fichier OCHA,SRC-026,"OCHA Haïti — 3W présence opérationnelle, juin 2026 (CC BY)",juin 2026,2026-08-14,O,B,v1.2026.08
Organisations humanitaires et de développement,ONG internationale,IMPACT,Impact Initiatives,Coord. & Log. & services support,Nord-Est,HT04,Vallières,HT0441,p-code officiel de la table Admin du fichier OCHA,SRC-026,"OCHA Haïti — 3W présence opérationnelle, juin 2026 (CC BY)",juin 2026,2026-08-14,O,B,v1.2026.08
Organisations humanitaires et de développement,ONG internationale,IMPACT,Impact Initiatives,Coord. & Log. & services support,Nord-Est,HT04,Carice,HT0442,p-code officiel de la table Admin du fichier OCHA,SRC-026,"OCHA Haïti — 3W présence opérationnelle, juin 2026 (CC BY)",juin 2026,2026-08-14,O,B,v1.2026.08
Organisations humanitaires et de développement,ONG internationale,IMPACT,Impact Initiatives,Coord. & Log. & services support,Nord-Est,HT04,Mombin Crochu,HT0443,p-code officiel de la table Admin du fichier OCHA,SRC-026,"OCHA Haïti — 3W présence opérationnelle, juin 2026 (CC BY)",juin 2026,2026-08-14,O,B,v1.2026.08
Organisations humanitaires et de développement,ONG internationale,IMPACT,Impact Initiatives,Coord. & Log. & services support,Artibonite,HT05,Gonaïves,HT0511,p-code officiel de la table Admin du fichier OCHA,SRC-026,"OCHA Haïti — 3W présence opérationnelle, juin 2026 (CC BY)",juin 2026,2026-08-14,O,B,v1.2026.08
Organisations humanitaires et de développement,ONG internationale,IMPACT,Impact Initiatives,Coord. & Log. & services support,Artibonite,HT05,Ennery,HT0512,p-code officiel de la table Admin du fichier OCHA,SRC-026,"OCHA Haïti — 3W présence opérationnelle, juin 2026 (CC BY)",juin 2026,2026-08-14,O,B,v1.2026.08
Organisations humanitaires et de développement,ONG internationale,IMPACT,Impact Initiatives,Coord. & Log. & services support,Artibonite,HT05,L'Estère,HT0513,p-code officiel de la table Admin du fichier OCHA,SRC-026,"OCHA Haïti — 3W présence opérationnelle, juin 2026 (CC BY)",juin 2026,2026-08-14,O,B,v1.2026.08
Organisations humanitaires et de développement,ONG internationale,IMPACT,Impact Initiatives,Coord. & Log. & services support,Artibonite,HT05,Gros Morne,HT0521,p-code officiel de la table Admin du fichier OCHA,SRC-026,"OCHA Haïti — 3W présence opérationnelle, juin 2026 (CC BY)",juin 2026,2026-08-14,O,B,v1.2026.08
Organisations humanitaires et de développement,ONG internationale,IMPACT,Impact Initiatives,Coord. & Log. & services support,Artibonite,HT05,Terre Neuve,HT0522,p-code officiel de la table Admin du fichier OCHA,SRC-026,"OCHA Haïti — 3W présence opérationnelle, juin 2026 (CC BY)",juin 2026,2026-08-14,O,B,v1.2026.08
Organisations humanitaires et de développement,ONG internationale,IMPACT,Impact Initiatives,Coord. & Log. & services support,Artibonite,HT05,Anse Rouge,HT0523,p-code officiel de la table Admin du fichier OCHA,SRC-026,"OCHA Haïti — 3W présence opérationnelle, juin 2026 (CC BY)",juin 2026,2026-08-14,O,B,v1.2026.08
Organisations humanitaires et de développement,ONG internationale,IMPACT,Impact Initiatives,Coord. & Log. & services support,Artibonite,HT05,Saint-Marc,HT0531,p-code officiel de la table Admin du fichier OCHA,SRC-026,"OCHA Haïti — 3W présence opérationnelle, juin 2026 (CC BY)",juin 2026,2026-08-14,O,B,v1.2026.08
Organisations humanitaires et de développement,ONG internationale,IMPACT,Impact Initiatives,Coord. & Log. & services support,Artibonite,HT05,Verrettes,HT0532,p-code officiel de la table Admin du fichier OCHA,SRC-026,"OCHA Haïti — 3W présence opérationnelle, juin 2026 (CC BY)",juin 2026,2026-08-14,O,B,v1.2026.08
Organisations humanitaires et de développement,ONG internationale,IMPACT,Impact Initiatives,Coord. & Log. & services support,Artibonite,HT05,La Chapelle,HT0533,p-code officiel de la table Admin du fichier OCHA,SRC-026,"OCHA Haïti — 3W présence opérationnelle, juin 2026 (CC BY)",juin 2026,2026-08-14,O,B,v1.2026.08
Organisations humanitaires et de développement,ONG internationale,IMPACT,Impact Initiatives,Coord. & Log. & services support,Artibonite,HT05,Dessalines,HT0541,p-code officiel de la table Admin du fichier OCHA,SRC-026,"OCHA Haïti — 3W présence opérationnelle, juin 2026 (CC BY)",juin 2026,2026-08-14,O,B,v1.2026.08
Organisations humanitaires et de développement,ONG internationale,IMPACT,Impact Initiatives,Coord. & Log. & services support,Artibonite,HT05,Petite Rivière de l'Artibonite,HT0542,p-code officiel de la table Admin du fichier OCHA,SRC-026,"OCHA Haïti — 3W présence opérationnelle, juin 2026 (CC BY)",juin 2026,2026-08-14,O,B,v1.2026.08
Organisations humanitaires et de développement,ONG internationale,IMPACT,Impact Initiatives,Coord. & Log. & services support,Artibonite,HT05,Grande Saline,HT0543,p-code officiel de la table Admin du fichier OCHA,SRC-026,"OCHA Haïti — 3W présence opérationnelle, juin 2026 (CC BY)",juin 2026,2026-08-14,O,B,v1.2026.08
Organisations humanitaires et de développement,ONG internationale,IMPACT,Impact Initiatives,Coord. & Log. & services support,Artibonite,HT05,Desdunes,HT0544,p-code officiel de la table Admin du fichier OCHA,SRC-026,"OCHA Haïti — 3W présence opérationnelle, juin 2026 (CC BY)",juin 2026,2026-08-14,O,B,v1.2026.08
Organisations humanitaires et de développement,ONG internationale,IMPACT,Impact Initiatives,Coord. & Log. & services support,Artibonite,HT05,Saint-Michel de l'Attalaye,HT0551,p-code officiel de la table Admin du fichier OCHA,SRC-026,"OCHA Haïti — 3W présence opérationnelle, juin 2026 (CC BY)",juin 2026,2026-08-14,O,B,v1.2026.08
Organisations humanitaires et de développement,ONG internationale,IMPACT,Impact Initiatives,Coord. & Log. & services support,Artibonite,HT05,Marmelade,HT0552,p-code officiel de la table Admin du fichier OCHA,SRC-026,"OCHA Haïti — 3W présence opérationnelle, juin 2026 (CC BY)",juin 2026,2026-08-14,O,B,v1.2026.08
Organisations humanitaires et de développement,ONG internationale,IMPACT,Impact Initiatives,Coord. & Log. & services support,Centre,HT06,Hinche,HT0611,p-code officiel de la table Admin du fichier OCHA,SRC-026,"OCHA Haïti — 3W présence opérationnelle, juin 2026 (CC BY)",juin 2026,2026-08-14,O,B,v1.2026.08
Organisations humanitaires et de développement,ONG internationale,IMPACT,Impact Initiatives,Coord. & Log. & services support,Centre,HT06,Maïssade,HT0612,p-code officiel de la table Admin du fichier OCHA,SRC-026,"OCHA Haïti — 3W présence opérationnelle, juin 2026 (CC BY)",juin 2026,2026-08-14,O,B,v1.2026.08
Organisations humanitaires et de développement,ONG internationale,IMPACT,Impact Initiatives,Coord. & Log. & services support,Centre,HT06,Thomonde,HT0613,p-code officiel de la table Admin du fichier OCHA,SRC-026,"OCHA Haïti — 3W présence opérationnelle, juin 2026 (CC BY)",juin 2026,2026-08-14,O,B,v1.2026.08
Organisations humanitaires et de développement,ONG internationale,IMPACT,Impact Initiatives,Coord. & Log. & services support,Centre,HT06,Cerca Carvajal,HT0614,p-code officiel de la table Admin du fichier OCHA,SRC-026,"OCHA Haïti — 3W présence opérationnelle, juin 2026 (CC BY)",juin 2026,2026-08-14,O,B,v1.2026.08
Organisations humanitaires et de développement,ONG internationale,IMPACT,Impact Initiatives,Coord. & Log. & services support,Centre,HT06,Mirebalais,HT0621,p-code officiel de la table Admin du fichier OCHA,SRC-026,"OCHA Haïti — 3W présence opérationnelle, juin 2026 (CC BY)",juin 2026,2026-08-14,O,B,v1.2026.08
Organisations humanitaires et de développement,ONG internationale,IMPACT,Impact Initiatives,Coord. & Log. & services support,Centre,HT06,Saut d'Eau,HT0622,p-code officiel de la table Admin du fichier OCHA,SRC-026,"OCHA Haïti — 3W présence opérationnelle, juin 2026 (CC BY)",juin 2026,2026-08-14,O,B,v1.2026.08
Organisations humanitaires et de développement,ONG internationale,IMPACT,Impact Initiatives,Coord. & Log. & services support,Centre,HT06,Boucan Carré,HT0623,p-code officiel de la table Admin du fichier OCHA,SRC-026,"OCHA Haïti — 3W présence opérationnelle, juin 2026 (CC BY)",juin 2026,2026-08-14,O,B,v1.2026.08
Organisations humanitaires et de développement,ONG internationale,IMPACT,Impact Initiatives,Coord. & Log. & services support,Centre,HT06,Lascahobas,HT0631,p-code officiel de la table Admin du fichier OCHA,SRC-026,"OCHA Haïti — 3W présence opérationnelle, juin 2026 (CC BY)",juin 2026,2026-08-14,O,B,v1.2026.08
Organisations humanitaires et de développement,ONG internationale,IMPACT,Impact Initiatives,Coord. & Log. & services support,Centre,HT06,Belladère,HT0632,p-code officiel de la table Admin du fichier OCHA,SRC-026,"OCHA Haïti — 3W présence opérationnelle, juin 2026 (CC BY)",juin 2026,2026-08-14,O,B,v1.2026.08
Organisations humanitaires et de développement,ONG internationale,IMPACT,Impact Initiatives,Coord. & Log. & services support,Centre,HT06,Savanette,HT0633,p-code officiel de la table Admin du fichier OCHA,SRC-026,"OCHA Haïti — 3W présence opérationnelle, juin 2026 (CC BY)",juin 2026,2026-08-14,O,B,v1.2026.08
Organisations humanitaires et de développement,ONG internationale,IMPACT,Impact Initiatives,Coord. & Log. & services support,Centre,HT06,Cerca La Source,HT0641,p-code officiel de la table Admin du fichier OCHA,SRC-026,"OCHA Haïti — 3W présence opérationnelle, juin 2026 (CC BY)",juin 2026,2026-08-14,O,B,v1.2026.08
Organisations humanitaires et de développement,ONG internationale,IMPACT,Impact Initiatives,Coord. & Log. & services support,Centre,HT06,Thomassique,HT0642,p-code officiel de la table Admin du fichier OCHA,SRC-026,"OCHA Haïti — 3W présence opérationnelle, juin 2026 (CC BY)",juin 2026,2026-08-14,O,B,v1.2026.08
Organisations humanitaires et de développement,ONG internationale,IMPACT,Impact Initiatives,Coord. & Log. & services support,Sud,HT07,Les Cayes,HT0711,p-code officiel de la table Admin du fichier OCHA,SRC-026,"OCHA Haïti — 3W présence opérationnelle, juin 2026 (CC BY)",juin 2026,2026-08-14,O,B,v1.2026.08
Organisations humanitaires et de développement,ONG internationale,IMPACT,Impact Initiatives,Coord. & Log. & services support,Sud,HT07,Torbeck,HT0712,p-code officiel de la table Admin du fichier OCHA,SRC-026,"OCHA Haïti — 3W présence opérationnelle, juin 2026 (CC BY)",juin 2026,2026-08-14,O,B,v1.2026.08
Organisations humanitaires et de développement,ONG internationale,IMPACT,Impact Initiatives,Coord. & Log. & services support,Sud,HT07,Chantal,HT0713,p-code officiel de la table Admin du fichier OCHA,SRC-026,"OCHA Haïti — 3W présence opérationnelle, juin 2026 (CC BY)",juin 2026,2026-08-14,O,B,v1.2026.08
Organisations humanitaires et de développement,ONG internationale,IMPACT,Impact Initiatives,Coord. & Log. & services support,Sud,HT07,Camp-Perrin,HT0714,p-code officiel de la table Admin du fichier OCHA,SRC-026,"OCHA Haïti — 3W présence opérationnelle, juin 2026 (CC BY)",juin 2026,2026-08-14,O,B,v1.2026.08
Organisations humanitaires et de développement,ONG internationale,IMPACT,Impact Initiatives,Coord. & Log. & services support,Sud,HT07,Maniche,HT0715,p-code officiel de la table Admin du fichier OCHA,SRC-026,"OCHA Haïti — 3W présence opérationnelle, juin 2026 (CC BY)",juin 2026,2026-08-14,O,B,v1.2026.08
Organisations humanitaires et de développement,ONG internationale,IMPACT,Impact Initiatives,Coord. & Log. & services support,Sud,HT07,Île à Vache,HT0716,p-code officiel de la table Admin du fichier OCHA,SRC-026,"OCHA Haïti — 3W présence opérationnelle, juin 2026 (CC BY)",juin 2026,2026-08-14,O,B,v1.2026.08
Organisations humanitaires et de développement,ONG internationale,IMPACT,Impact Initiatives,Coord. & Log. & services support,Sud,HT07,Port-Salut,HT0721,p-code officiel de la table Admin du fichier OCHA,SRC-026,"OCHA Haïti — 3W présence opérationnelle, juin 2026 (CC BY)",juin 2026,2026-08-14,O,B,v1.2026.08
Organisations humanitaires et de développement,ONG internationale,IMPACT,Impact Initiatives,Coord. & Log. & services support,Sud,HT07,Saint Jean du Sud,HT0722,p-code officiel de la table Admin du fichier OCHA,SRC-026,"OCHA Haïti — 3W présence opérationnelle, juin 2026 (CC BY)",juin 2026,2026-08-14,O,B,v1.2026.08
Organisations humanitaires et de développement,ONG internationale,IMPACT,Impact Initiatives,Coord. & Log. & services support,Sud,HT07,Arniquet,HT0723,p-code officiel de la table Admin du fichier OCHA,SRC-026,"OCHA Haïti — 3W présence opérationnelle, juin 2026 (CC BY)",juin 2026,2026-08-14,O,B,v1.2026.08
Organisations humanitaires et de développement,ONG internationale,IMPACT,Impact Initiatives,Coord. & Log. & services support,Sud,HT07,Aquin,HT0731,p-code officiel de la table Admin du fichier OCHA,SRC-026,"OCHA Haïti — 3W présence opérationnelle, juin 2026 (CC BY)",juin 2026,2026-08-14,O,B,v1.2026.08
Organisations humanitaires et de développement,ONG internationale,IMPACT,Impact Initiatives,Coord. & Log. & services support,Sud,HT07,Saint Louis du Sud,HT0732,p-code officiel de la table Admin du fichier OCHA,SRC-026,"OCHA Haïti — 3W présence opérationnelle, juin 2026 (CC BY)",juin 2026,2026-08-14,O,B,v1.2026.08
Organisations humanitaires et de développement,ONG internationale,IMPACT,Impact Initiatives,Coord. & Log. & services support,Sud,HT07,Cavaillon,HT0733,p-code officiel de la table Admin du fichier OCHA,SRC-026,"OCHA Haïti — 3W présence opérationnelle, juin 2026 (CC BY)",juin 2026,2026-08-14,O,B,v1.2026.08
Organisations humanitaires et de développement,ONG internationale,IMPACT,Impact Initiatives,Coord. & Log. & services support,Sud,HT07,Côteaux,HT0741,p-code officiel de la table Admin du fichier OCHA,SRC-026,"OCHA Haïti — 3W présence opérationnelle, juin 2026 (CC BY)",juin 2026,2026-08-14,O,B,v1.2026.08
Organisations humanitaires et de développement,ONG internationale,IMPACT,Impact Initiatives,Coord. & Log. & services support,Sud,HT07,Port-à-Piment,HT0742,p-code officiel de la table Admin du fichier OCHA,SRC-026,"OCHA Haïti — 3W présence opérationnelle, juin 2026 (CC BY)",juin 2026,2026-08-14,O,B,v1.2026.08
Organisations humanitaires et de développement,ONG internationale,IMPACT,Impact Initiatives,Coord. & Log. & services support,Sud,HT07,Roche à Bâteau,HT0743,p-code officiel de la table Admin du fichier OCHA,SRC-026,"OCHA Haïti — 3W présence opérationnelle, juin 2026 (CC BY)",juin 2026,2026-08-14,O,B,v1.2026.08
Organisations humanitaires et de développement,ONG internationale,IMPACT,Impact Initiatives,Coord. & Log. & services support,Sud,HT07,Chardonnières,HT0751,p-code officiel de la table Admin du fichier OCHA,SRC-026,"OCHA Haïti — 3W présence opérationnelle, juin 2026 (CC BY)",juin 2026,2026-08-14,O,B,v1.2026.08
Organisations humanitaires et de développement,ONG internationale,IMPACT,Impact Initiatives,Coord. & Log. & services support,Sud,HT07,Les Anglais,HT0752,p-code officiel de la table Admin du fichier OCHA,SRC-026,"OCHA Haïti — 3W présence opérationnelle, juin 2026 (CC BY)",juin 2026,2026-08-14,O,B,v1.2026.08
Organisations humanitaires et de développement,ONG internationale,IMPACT,Impact Initiatives,Coord. & Log. & services support,Sud,HT07,Tiburon,HT0753,p-code officiel de la table Admin du fichier OCHA,SRC-026,"OCHA Haïti — 3W présence opérationnelle, juin 2026 (CC BY)",juin 2026,2026-08-14,O,B,v1.2026.08
Organisations humanitaires et de développement,ONG internationale,IMPACT,Impact Initiatives,Coord. & Log. & services support,Grande'Anse,HT08,Jérémie,HT0811,p-code officiel de la table Admin du fichier OCHA,SRC-026,"OCHA Haïti — 3W présence opérationnelle, juin 2026 (CC BY)",juin 2026,2026-08-14,O,B,v1.2026.08
Organisations humanitaires et de développement,ONG internationale,IMPACT,Impact Initiatives,Coord. & Log. & services support,Grande'Anse,HT08,Abricots,HT0812,p-code officiel de la table Admin du fichier OCHA,SRC-026,"OCHA Haïti — 3W présence opérationnelle, juin 2026 (CC BY)",juin 2026,2026-08-14,O,B,v1.2026.08
Organisations humanitaires et de développement,ONG internationale,IMPACT,Impact Initiatives,Coord. & Log. & services support,Grande'Anse,HT08,Bonbon,HT0813,p-code officiel de la table Admin du fichier OCHA,SRC-026,"OCHA Haïti — 3W présence opérationnelle, juin 2026 (CC BY)",juin 2026,2026-08-14,O,B,v1.2026.08
Organisations humanitaires et de développement,ONG internationale,IMPACT,Impact Initiatives,Coord. & Log. & services support,Grande'Anse,HT08,Moron,HT0814,p-code officiel de la table Admin du fichier OCHA,SRC-026,"OCHA Haïti — 3W présence opérationnelle, juin 2026 (CC BY)",juin 2026,2026-08-14,O,B,v1.2026.08
Organisations humanitaires et de développement,ONG internationale,IMPACT,Impact Initiatives,Coord. & Log. & services support,Grande'Anse,HT08,Chambellan,HT0815,p-code officiel de la table Admin du fichier OCHA,SRC-026,"OCHA Haïti — 3W présence opérationnelle, juin 2026 (CC BY)",juin 2026,2026-08-14,O,B,v1.2026.08
Organisations humanitaires et de développement,ONG internationale,IMPACT,Impact Initiatives,Coord. & Log. & services support,Grande'Anse,HT08,Anse d'Hainault,HT0821,p-code officiel de la table Admin du fichier OCHA,SRC-026,"OCHA Haïti — 3W présence opérationnelle, juin 2026 (CC BY)",juin 2026,2026-08-14,O,B,v1.2026.08
Organisations humanitaires et de développement,ONG internationale,IMPACT,Impact Initiatives,Coord. & Log. & services support,Grande'Anse,HT08,Dame Marie,HT0822,p-code officiel de la table Admin du fichier OCHA,SRC-026,"OCHA Haïti — 3W présence opérationnelle, juin 2026 (CC BY)",juin 2026,2026-08-14,O,B,v1.2026.08
Organisations humanitaires et de développement,ONG internationale,IMPACT,Impact Initiatives,Coord. & Log. & services support,Grande'Anse,HT08,Les Irois,HT0823,p-code officiel de la table Admin du fichier OCHA,SRC-026,"OCHA Haïti — 3W présence opérationnelle, juin 2026 (CC BY)",juin 2026,2026-08-14,O,B,v1.2026.08
Organisations humanitaires et de développement,ONG internationale,IMPACT,Impact Initiatives,Coord. & Log. & services support,Grande'Anse,HT08,Corail,HT0831,p-code officiel de la table Admin du fichier OCHA,SRC-026,"OCHA Haïti — 3W présence opérationnelle, juin 2026 (CC BY)",juin 2026,2026-08-14,O,B,v1.2026.08
Organisations humanitaires et de développement,ONG internationale,IMPACT,Impact Initiatives,Coord. & Log. & services support,Grande'Anse,HT08,Roseaux,HT0832,p-code officiel de la table Admin du fichier OCHA,SRC-026,"OCHA Haïti — 3W présence opérationnelle, juin 2026 (CC BY)",juin 2026,2026-08-14,O,B,v1.2026.08
Organisations humanitaires et de développement,ONG internationale,IMPACT,Impact Initiatives,Coord. & Log. & services support,Grande'Anse,HT08,Beaumont,HT0833,p-code officiel de la table Admin du fichier OCHA,SRC-026,"OCHA Haïti — 3W présence opérationnelle, juin 2026 (CC BY)",juin 2026,2026-08-14,O,B,v1.2026.08
Organisations humanitaires et de développement,ONG internationale,IMPACT,Impact Initiatives,Coord. & Log. & services support,Grande'Anse,HT08,Pestel,HT0834,p-code officiel de la table Admin du fichier OCHA,SRC-026,"OCHA Haïti — 3W présence opérationnelle, juin 2026 (CC BY)",juin 2026,2026-08-14,O,B,v1.2026.08
Organisations humanitaires et de développement,ONG internationale,IMPACT,Impact Initiatives,Coord. & Log. & services support,Nord-Ouest,HT09,Port-de-Paix,HT0911,p-code officiel de la table Admin du fichier OCHA,SRC-026,"OCHA Haïti — 3W présence opérationnelle, juin 2026 (CC BY)",juin 2026,2026-08-14,O,B,v1.2026.08
Organisations humanitaires et de développement,ONG internationale,IMPACT,Impact Initiatives,Coord. & Log. & services support,Nord-Ouest,HT09,La Tortue,HT0912,p-code officiel de la table Admin du fichier OCHA,SRC-026,"OCHA Haïti — 3W présence opérationnelle, juin 2026 (CC BY)",juin 2026,2026-08-14,O,B,v1.2026.08
Organisations humanitaires et de développement,ONG internationale,IMPACT,Impact Initiatives,Coord. & Log. & services support,Nord-Ouest,HT09,Bassin Bleu,HT0913,p-code officiel de la table Admin du fichier OCHA,SRC-026,"OCHA Haïti — 3W présence opérationnelle, juin 2026 (CC BY)",juin 2026,2026-08-14,O,B,v1.2026.08
Organisations humanitaires et de développement,ONG internationale,IMPACT,Impact Initiatives,Coord. & Log. & services support,Nord-Ouest,HT09,Chamsolme,HT0914,p-code officiel de la table Admin du fichier OCHA,SRC-026,"OCHA Haïti — 3W présence opérationnelle, juin 2026 (CC BY)",juin 2026,2026-08-14,O,B,v1.2026.08
Organisations humanitaires et de développement,ONG internationale,IMPACT,Impact Initiatives,Coord. & Log. & services support,Nord-Ouest,HT09,Saint-Louis du Nord,HT0921,p-code officiel de la table Admin du fichier OCHA,SRC-026,"OCHA Haïti — 3W présence opérationnelle, juin 2026 (CC BY)",juin 2026,2026-08-14,O,B,v1.2026.08
Organisations humanitaires et de développement,ONG internationale,IMPACT,Impact Initiatives,Coord. & Log. & services support,Nord-Ouest,HT09,Anse-à-Foleur,HT0922,p-code officiel de la table Admin du fichier OCHA,SRC-026,"OCHA Haïti — 3W présence opérationnelle, juin 2026 (CC BY)",juin 2026,2026-08-14,O,B,v1.2026.08
Organisations humanitaires et de développement,ONG internationale,IMPACT,Impact Initiatives,Coord. & Log. & services support,Nord-Ouest,HT09,Môle Saint Nicolas,HT0931,p-code officiel de la table Admin du fichier OCHA,SRC-026,"OCHA Haïti — 3W présence opérationnelle, juin 2026 (CC BY)",juin 2026,2026-08-14,O,B,v1.2026.08
Organisations humanitaires et de développement,ONG internationale,IMPACT,Impact Initiatives,Coord. & Log. & services support,Nord-Ouest,HT09,Baie de Henne,HT0932,p-code officiel de la table Admin du fichier OCHA,SRC-026,"OCHA Haïti — 3W présence opérationnelle, juin 2026 (CC BY)",juin 2026,2026-08-14,O,B,v1.2026.08
Organisations humanitaires et de développement,ONG internationale,IMPACT,Impact Initiatives,Coord. & Log. & services support,Nord-Ouest,HT09,Bombardopolis,HT0933,p-code officiel de la table Admin du fichier OCHA,SRC-026,"OCHA Haïti — 3W présence opérationnelle, juin 2026 (CC BY)",juin 2026,2026-08-14,O,B,v1.2026.08
Organisations humanitaires et de développement,ONG internationale,IMPACT,Impact Initiatives,Coord. & Log. & services support,Nord-Ouest,HT09,Jean Rabel,HT0934,p-code officiel de la table Admin du fichier OCHA,SRC-026,"OCHA Haïti — 3W présence opérationnelle, juin 2026 (CC BY)",juin 2026,2026-08-14,O,B,v1.2026.08
Organisations humanitaires et de développement,ONG internationale,IMPACT,Impact Initiatives,Coord. & Log. & services support,Nippes,HT10,Miragoâne,HT1011,p-code officiel de la table Admin du fichier OCHA,SRC-026,"OCHA Haïti — 3W présence opérationnelle, juin 2026 (CC BY)",juin 2026,2026-08-14,O,B,v1.2026.08
Organisations humanitaires et de développement,ONG internationale,IMPACT,Impact Initiatives,Coord. & Log. & services support,Nippes,HT10,Petite Rivière de Nippes,HT1012,p-code officiel de la table Admin du fichier OCHA,SRC-026,"OCHA Haïti — 3W présence opérationnelle, juin 2026 (CC BY)",juin 2026,2026-08-14,O,B,v1.2026.08
Organisations humanitaires et de développement,ONG internationale,IMPACT,Impact Initiatives,Coord. & Log. & services support,Nippes,HT10,Fonds des Nègres,HT1013,p-code officiel de la table Admin du fichier OCHA,SRC-026,"OCHA Haïti — 3W présence opérationnelle, juin 2026 (CC BY)",juin 2026,2026-08-14,O,B,v1.2026.08
Organisations humanitaires et de développement,ONG internationale,IMPACT,Impact Initiatives,Coord. & Log. & services support,Nippes,HT10,Paillant,HT1014,p-code officiel de la table Admin du fichier OCHA,SRC-026,"OCHA Haïti — 3W présence opérationnelle, juin 2026 (CC BY)",juin 2026,2026-08-14,O,B,v1.2026.08
Organisations humanitaires et de développement,ONG internationale,IMPACT,Impact Initiatives,Coord. & Log. & services support,Nippes,HT10,Anse-à-Veau,HT1021,p-code officiel de la table Admin du fichier OCHA,SRC-026,"OCHA Haïti — 3W présence opérationnelle, juin 2026 (CC BY)",juin 2026,2026-08-14,O,B,v1.2026.08
Organisations humanitaires et de développement,ONG internationale,IMPACT,Impact Initiatives,Coord. & Log. & services support,Nippes,HT10,Petit Trou de Nippes,HT1022,p-code officiel de la table Admin du fichier OCHA,SRC-026,"OCHA Haïti — 3W présence opérationnelle, juin 2026 (CC BY)",juin 2026,2026-08-14,O,B,v1.2026.08
Organisations humanitaires et de développement,ONG internationale,IMPACT,Impact Initiatives,Coord. & Log. & services support,Nippes,HT10,L'Asile,HT1023,p-code officiel de la table Admin du fichier OCHA,SRC-026,"OCHA Haïti — 3W présence opérationnelle, juin 2026 (CC BY)",juin 2026,2026-08-14,O,B,v1.2026.08
Organisations humanitaires et de développement,ONG internationale,IMPACT,Impact Initiatives,Coord. & Log. & services support,Nippes,HT10,Arnaud,HT1024,p-code officiel de la table Admin du fichier OCHA,SRC-026,"OCHA Haïti — 3W présence opérationnelle, juin 2026 (CC BY)",juin 2026,2026-08-14,O,B,v1.2026.08
Organisations humanitaires et de développement,ONG internationale,IMPACT,Impact Initiatives,Coord. & Log. & services support,Nippes,HT10,Plaisance du Sud,HT1025,p-code officiel de la table Admin du fichier OCHA,SRC-026,"OCHA Haïti — 3W présence opérationnelle, juin 2026 (CC BY)",juin 2026,2026-08-14,O,B,v1.2026.08
Organisations humanitaires et de développement,ONG internationale,IMPACT,Impact Initiatives,Coord. & Log. & services support,Nippes,HT10,Baradères,HT1031,p-code officiel de la table Admin du fichier OCHA,SRC-026,"OCHA Haïti — 3W présence opérationnelle, juin 2026 (CC BY)",juin 2026,2026-08-14,O,B,v1.2026.08
Organisations humanitaires et de développement,ONG internationale,IMPACT,Impact Initiatives,Coord. & Log. & services support,Nippes,HT10,Grand-Boucan,HT1032,p-code officiel de la table Admin du fichier OCHA,SRC-026,"OCHA Haïti — 3W présence opérationnelle, juin 2026 (CC BY)",juin 2026,2026-08-14,O,B,v1.2026.08
Organisations humanitaires et de développement,ONG internationale,CLIO,Cadre de Liaison Inter-Organisations,Coord. & Log. & services support,Ouest,HT01,Port-au-Prince,HT0111,p-code officiel de la table Admin du fichier OCHA,SRC-026,"OCHA Haïti — 3W présence opérationnelle, juin 2026 (CC BY)",juin 2026,2026-08-14,O,B,v1.2026.08
Organisations humanitaires et de développement,ONG internationale,CLIO,Cadre de Liaison Inter-Organisations,Coord. & Log. & services support,Ouest,HT01,Delmas,HT0112,p-code officiel de la table Admin du fichier OCHA,SRC-026,"OCHA Haïti — 3W présence opérationnelle, juin 2026 (CC BY)",juin 2026,2026-08-14,O,B,v1.2026.08
Organisations humanitaires et de développement,ONG internationale,CLIO,Cadre de Liaison Inter-Organisations,Coord. & Log. & services support,Ouest,HT01,Carrefour,HT0113,p-code officiel de la table Admin du fichier OCHA,SRC-026,"OCHA Haïti — 3W présence opérationnelle, juin 2026 (CC BY)",juin 2026,2026-08-14,O,B,v1.2026.08
Organisations humanitaires et de développement,ONG internationale,CLIO,Cadre de Liaison Inter-Organisations,Coord. & Log. & services support,Ouest,HT01,Pétion-Ville,HT0114,p-code officiel de la table Admin du fichier OCHA,SRC-026,"OCHA Haïti — 3W présence opérationnelle, juin 2026 (CC BY)",juin 2026,2026-08-14,O,B,v1.2026.08
Organisations humanitaires et de développement,ONG internationale,CLIO,Cadre de Liaison Inter-Organisations,Coord. & Log. & services support,Ouest,HT01,Kenscoff,HT0115,p-code officiel de la table Admin du fichier OCHA,SRC-026,"OCHA Haïti — 3W présence opérationnelle, juin 2026 (CC BY)",juin 2026,2026-08-14,O,B,v1.2026.08
Organisations humanitaires et de développement,ONG internationale,CLIO,Cadre de Liaison Inter-Organisations,Coord. & Log. & services support,Ouest,HT01,Gressier,HT0116,p-code officiel de la table Admin du fichier OCHA,SRC-026,"OCHA Haïti — 3W présence opérationnelle, juin 2026 (CC BY)",juin 2026,2026-08-14,O,B,v1.2026.08
Organisations humanitaires et de développement,ONG internationale,CLIO,Cadre de Liaison Inter-Organisations,Coord. & Log. & services support,Ouest,HT01,Cité Soleil,HT0117,p-code officiel de la table Admin du fichier OCHA,SRC-026,"OCHA Haïti — 3W présence opérationnelle, juin 2026 (CC BY)",juin 2026,2026-08-14,O,B,v1.2026.08
Organisations humanitaires et de développement,ONG internationale,CLIO,Cadre de Liaison Inter-Organisations,Coord. & Log. & services support,Ouest,HT01,Tabarre,HT0118,p-code officiel de la table Admin du fichier OCHA,SRC-026,"OCHA Haïti — 3W présence opérationnelle, juin 2026 (CC BY)",juin 2026,2026-08-14,O,B,v1.2026.08
Organisations humanitaires et de développement,ONG internationale,CLIO,Cadre de Liaison Inter-Organisations,Coord. & Log. & services support,Ouest,HT01,Léogâne,HT0121,p-code officiel de la table Admin du fichier OCHA,SRC-026,"OCHA Haïti — 3W présence opérationnelle, juin 2026 (CC BY)",juin 2026,2026-08-14,O,B,v1.2026.08
Organisations humanitaires et de développement,ONG internationale,CLIO,Cadre de Liaison Inter-Organisations,Coord. & Log. & services support,Ouest,HT01,Petit-Goâve,HT0122,p-code officiel de la table Admin du fichier OCHA,SRC-026,"OCHA Haïti — 3W présence opérationnelle, juin 2026 (CC BY)",juin 2026,2026-08-14,O,B,v1.2026.08
Organisations humanitaires et de développement,ONG internationale,CLIO,Cadre de Liaison Inter-Organisations,Coord. & Log. & services support,Ouest,HT01,Grand-Goâve,HT0123,p-code officiel de la table Admin du fichier OCHA,SRC-026,"OCHA Haïti — 3W présence opérationnelle, juin 2026 (CC BY)",juin 2026,2026-08-14,O,B,v1.2026.08
Organisations humanitaires et de développement,ONG internationale,CLIO,Cadre de Liaison Inter-Organisations,Coord. & Log. & services support,Ouest,HT01,Croix-Des-Bouquets,HT0131,p-code officiel de la table Admin du fichier OCHA,SRC-026,"OCHA Haïti — 3W présence opérationnelle, juin 2026 (CC BY)",juin 2026,2026-08-14,O,B,v1.2026.08
Organisations humanitaires et de développement,ONG internationale,CLIO,Cadre de Liaison Inter-Organisations,Coord. & Log. & services support,Ouest,HT01,Thomazeau,HT0132,p-code officiel de la table Admin du fichier OCHA,SRC-026,"OCHA Haïti — 3W présence opérationnelle, juin 2026 (CC BY)",juin 2026,2026-08-14,O,B,v1.2026.08
Organisations humanitaires et de développement,ONG internationale,CLIO,Cadre de Liaison Inter-Organisations,Coord. & Log. & services support,Ouest,HT01,Ganthier,HT0133,p-code officiel de la table Admin du fichier OCHA,SRC-026,"OCHA Haïti — 3W présence opérationnelle, juin 2026 (CC BY)",juin 2026,2026-08-14,O,B,v1.2026.08
Organisations humanitaires et de développement,ONG internationale,CLIO,Cadre de Liaison Inter-Organisations,Coord. & Log. & services support,Ouest,HT01,Cornillon / Grand Bois,HT0134,p-code officiel de la table Admin du fichier OCHA,SRC-026,"OCHA Haïti — 3W présence opérationnelle, juin 2026 (CC BY)",juin 2026,2026-08-14,O,B,v1.2026.08
Organisations humanitaires et de développement,ONG internationale,CLIO,Cadre de Liaison Inter-Organisations,Coord. & Log. & services support,Ouest,HT01,Fonds-Verrettes,HT0135,p-code officiel de la table Admin du fichier OCHA,SRC-026,"OCHA Haïti — 3W présence opérationnelle, juin 2026 (CC BY)",juin 2026,2026-08-14,O,B,v1.2026.08
Organisations humanitaires et de développement,ONG internationale,CLIO,Cadre de Liaison Inter-Organisations,Coord. & Log. & services support,Ouest,HT01,Arcahaie,HT0141,p-code officiel de la table Admin du fichier OCHA,SRC-026,"OCHA Haïti — 3W présence opérationnelle, juin 2026 (CC BY)",juin 2026,2026-08-14,O,B,v1.2026.08
Organisations humanitaires et de développement,ONG internationale,CLIO,Cadre de Liaison Inter-Organisations,Coord. & Log. & services support,Ouest,HT01,Cabaret,HT0142,p-code officiel de la table Admin du fichier OCHA,SRC-026,"OCHA Haïti — 3W présence opérationnelle, juin 2026 (CC BY)",juin 2026,2026-08-14,O,B,v1.2026.08
Organisations humanitaires et de développement,ONG internationale,CLIO,Cadre de Liaison Inter-Organisations,Coord. & Log. & services support,Ouest,HT01,Anse à Galets,HT0151,p-code officiel de la table Admin du fichier OCHA,SRC-026,"OCHA Haïti — 3W présence opérationnelle, juin 2026 (CC BY)",juin 2026,2026-08-14,O,B,v1.2026.08
Organisations humanitaires et de développement,ONG internationale,CLIO,Cadre de Liaison Inter-Organisations,Coord. & Log. & services support,Ouest,HT01,Pointe à Raquette,HT0152,p-code officiel de la table Admin du fichier OCHA,SRC-026,"OCHA Haïti — 3W présence opérationnelle, juin 2026 (CC BY)",juin 2026,2026-08-14,O,B,v1.2026.08
Organisations humanitaires et de développement,ONG internationale,CLIO,Cadre de Liaison Inter-Organisations,Coord. & Log. & services support,Sud-Est,HT02,Jacmel,HT0211,p-code officiel de la table Admin du fichier OCHA,SRC-026,"OCHA Haïti — 3W présence opérationnelle, juin 2026 (CC BY)",juin 2026,2026-08-14,O,B,v1.2026.08
Organisations humanitaires et de développement,ONG internationale,CLIO,Cadre de Liaison Inter-Organisations,Coord. & Log. & services support,Sud-Est,HT02,Marigot,HT0212,p-code officiel de la table Admin du fichier OCHA,SRC-026,"OCHA Haïti — 3W présence opérationnelle, juin 2026 (CC BY)",juin 2026,2026-08-14,O,B,v1.2026.08
Organisations humanitaires et de développement,ONG internationale,CLIO,Cadre de Liaison Inter-Organisations,Coord. & Log. & services support,Sud-Est,HT02,Cayes-Jacmel,HT0213,p-code officiel de la table Admin du fichier OCHA,SRC-026,"OCHA Haïti — 3W présence opérationnelle, juin 2026 (CC BY)",juin 2026,2026-08-14,O,B,v1.2026.08
Organisations humanitaires et de développement,ONG internationale,CLIO,Cadre de Liaison Inter-Organisations,Coord. & Log. & services support,Sud-Est,HT02,La Vallée,HT0214,p-code officiel de la table Admin du fichier OCHA,SRC-026,"OCHA Haïti — 3W présence opérationnelle, juin 2026 (CC BY)",juin 2026,2026-08-14,O,B,v1.2026.08
Organisations humanitaires et de développement,ONG internationale,CLIO,Cadre de Liaison Inter-Organisations,Coord. & Log. & services support,Sud-Est,HT02,Bainet,HT0221,p-code officiel de la table Admin du fichier OCHA,SRC-026,"OCHA Haïti — 3W présence opérationnelle, juin 2026 (CC BY)",juin 2026,2026-08-14,O,B,v1.2026.08
Organisations humanitaires et de développement,ONG internationale,CLIO,Cadre de Liaison Inter-Organisations,Coord. & Log. & services support,Sud-Est,HT02,Côtes de Fer,HT0222,p-code officiel de la table Admin du fichier OCHA,SRC-026,"OCHA Haïti — 3W présence opérationnelle, juin 2026 (CC BY)",juin 2026,2026-08-14,O,B,v1.2026.08
Organisations humanitaires et de développement,ONG internationale,CLIO,Cadre de Liaison Inter-Organisations,Coord. & Log. & services support,Sud-Est,HT02,Belle Anse,HT0231,p-code officiel de la table Admin du fichier OCHA,SRC-026,"OCHA Haïti — 3W présence opérationnelle, juin 2026 (CC BY)",juin 2026,2026-08-14,O,B,v1.2026.08
Organisations humanitaires et de développement,ONG internationale,CLIO,Cadre de Liaison Inter-Organisations,Coord. & Log. & services support,Sud-Est,HT02,Grand Gosier,HT0232,p-code officiel de la table Admin du fichier OCHA,SRC-026,"OCHA Haïti — 3W présence opérationnelle, juin 2026 (CC BY)",juin 2026,2026-08-14,O,B,v1.2026.08
Organisations humanitaires et de développement,ONG internationale,CLIO,Cadre de Liaison Inter-Organisations,Coord. & Log. & services support,Sud-Est,HT02,Thiotte,HT0233,p-code officiel de la table Admin du fichier OCHA,SRC-026,"OCHA Haïti — 3W présence opérationnelle, juin 2026 (CC BY)",juin 2026,2026-08-14,O,B,v1.2026.08
Organisations humanitaires et de développement,ONG internationale,CLIO,Cadre de Liaison Inter-Organisations,Coord. & Log. & services support,Sud-Est,HT02,Anse-à-Pître,HT0234,p-code officiel de la table Admin du fichier OCHA,SRC-026,"OCHA Haïti — 3W présence opérationnelle, juin 2026 (CC BY)",juin 2026,2026-08-14,O,B,v1.2026.08
Organisations humanitaires et de développement,ONG internationale,CLIO,Cadre de Liaison Inter-Organisations,Coord. & Log. & services support,Nord,HT03,Cap-Haïtien,HT0311,p-code officiel de la table Admin du fichier OCHA,SRC-026,"OCHA Haïti — 3W présence opérationnelle, juin 2026 (CC BY)",juin 2026,2026-08-14,O,B,v1.2026.08
Organisations humanitaires et de développement,ONG internationale,CLIO,Cadre de Liaison Inter-Organisations,Coord. & Log. & services support,Nord,HT03,Quartier Morin,HT0312,p-code officiel de la table Admin du fichier OCHA,SRC-026,"OCHA Haïti — 3W présence opérationnelle, juin 2026 (CC BY)",juin 2026,2026-08-14,O,B,v1.2026.08
Organisations humanitaires et de développement,ONG internationale,CLIO,Cadre de Liaison Inter-Organisations,Coord. & Log. & services support,Nord,HT03,Limonade,HT0313,p-code officiel de la table Admin du fichier OCHA,SRC-026,"OCHA Haïti — 3W présence opérationnelle, juin 2026 (CC BY)",juin 2026,2026-08-14,O,B,v1.2026.08
Organisations humanitaires et de développement,ONG internationale,CLIO,Cadre de Liaison Inter-Organisations,Coord. & Log. & services support,Nord,HT03,Acul du Nord,HT0321,p-code officiel de la table Admin du fichier OCHA,SRC-026,"OCHA Haïti — 3W présence opérationnelle, juin 2026 (CC BY)",juin 2026,2026-08-14,O,B,v1.2026.08
Organisations humanitaires et de développement,ONG internationale,CLIO,Cadre de Liaison Inter-Organisations,Coord. & Log. & services support,Nord,HT03,Plaine du Nord,HT0322,p-code officiel de la table Admin du fichier OCHA,SRC-026,"OCHA Haïti — 3W présence opérationnelle, juin 2026 (CC BY)",juin 2026,2026-08-14,O,B,v1.2026.08
Organisations humanitaires et de développement,ONG internationale,CLIO,Cadre de Liaison Inter-Organisations,Coord. & Log. & services support,Nord,HT03,Milot,HT0323,p-code officiel de la table Admin du fichier OCHA,SRC-026,"OCHA Haïti — 3W présence opérationnelle, juin 2026 (CC BY)",juin 2026,2026-08-14,O,B,v1.2026.08
Organisations humanitaires et de développement,ONG internationale,CLIO,Cadre de Liaison Inter-Organisations,Coord. & Log. & services support,Nord,HT03,Grande Riviere Du Nord,HT0331,p-code officiel de la table Admin du fichier OCHA,SRC-026,"OCHA Haïti — 3W présence opérationnelle, juin 2026 (CC BY)",juin 2026,2026-08-14,O,B,v1.2026.08
Organisations humanitaires et de développement,ONG internationale,CLIO,Cadre de Liaison Inter-Organisations,Coord. & Log. & services support,Nord,HT03,Bahon,HT0332,p-code officiel de la table Admin du fichier OCHA,SRC-026,"OCHA Haïti — 3W présence opérationnelle, juin 2026 (CC BY)",juin 2026,2026-08-14,O,B,v1.2026.08
Organisations humanitaires et de développement,ONG internationale,CLIO,Cadre de Liaison Inter-Organisations,Coord. & Log. & services support,Nord,HT03,Saint-Raphaël,HT0341,p-code officiel de la table Admin du fichier OCHA,SRC-026,"OCHA Haïti — 3W présence opérationnelle, juin 2026 (CC BY)",juin 2026,2026-08-14,O,B,v1.2026.08
Organisations humanitaires et de développement,ONG internationale,CLIO,Cadre de Liaison Inter-Organisations,Coord. & Log. & services support,Nord,HT03,Dondon,HT0342,p-code officiel de la table Admin du fichier OCHA,SRC-026,"OCHA Haïti — 3W présence opérationnelle, juin 2026 (CC BY)",juin 2026,2026-08-14,O,B,v1.2026.08
Organisations humanitaires et de développement,ONG internationale,CLIO,Cadre de Liaison Inter-Organisations,Coord. & Log. & services support,Nord,HT03,Ranquitte,HT0343,p-code officiel de la table Admin du fichier OCHA,SRC-026,"OCHA Haïti — 3W présence opérationnelle, juin 2026 (CC BY)",juin 2026,2026-08-14,O,B,v1.2026.08
Organisations humanitaires et de développement,ONG internationale,CLIO,Cadre de Liaison Inter-Organisations,Coord. & Log. & services support,Nord,HT03,Pignon,HT0344,p-code officiel de la table Admin du fichier OCHA,SRC-026,"OCHA Haïti — 3W présence opérationnelle, juin 2026 (CC BY)",juin 2026,2026-08-14,O,B,v1.2026.08
Organisations humanitaires et de développement,ONG internationale,CLIO,Cadre de Liaison Inter-Organisations,Coord. & Log. & services support,Nord,HT03,La Victoire,HT0345,p-code officiel de la table Admin du fichier OCHA,SRC-026,"OCHA Haïti — 3W présence opérationnelle, juin 2026 (CC BY)",juin 2026,2026-08-14,O,B,v1.2026.08
Organisations humanitaires et de développement,ONG internationale,CLIO,Cadre de Liaison Inter-Organisations,Coord. & Log. & services support,Nord,HT03,Borgne,HT0351,p-code officiel de la table Admin du fichier OCHA,SRC-026,"OCHA Haïti — 3W présence opérationnelle, juin 2026 (CC BY)",juin 2026,2026-08-14,O,B,v1.2026.08
Organisations humanitaires et de développement,ONG internationale,CLIO,Cadre de Liaison Inter-Organisations,Coord. & Log. & services support,Nord,HT03,Port-Margot,HT0352,p-code officiel de la table Admin du fichier OCHA,SRC-026,"OCHA Haïti — 3W présence opérationnelle, juin 2026 (CC BY)",juin 2026,2026-08-14,O,B,v1.2026.08
Organisations humanitaires et de développement,ONG internationale,CLIO,Cadre de Liaison Inter-Organisations,Coord. & Log. & services support,Nord,HT03,Limbé,HT0361,p-code officiel de la table Admin du fichier OCHA,SRC-026,"OCHA Haïti — 3W présence opérationnelle, juin 2026 (CC BY)",juin 2026,2026-08-14,O,B,v1.2026.08
Organisations humanitaires et de développement,ONG internationale,CLIO,Cadre de Liaison Inter-Organisations,Coord. & Log. & services support,Nord,HT03,Bas Limbé,HT0362,p-code officiel de la table Admin du fichier OCHA,SRC-026,"OCHA Haïti — 3W présence opérationnelle, juin 2026 (CC BY)",juin 2026,2026-08-14,O,B,v1.2026.08
Organisations humanitaires et de développement,ONG internationale,CLIO,Cadre de Liaison Inter-Organisations,Coord. & Log. & services support,Nord,HT03,Plaisance,HT0371,p-code officiel de la table Admin du fichier OCHA,SRC-026,"OCHA Haïti — 3W présence opérationnelle, juin 2026 (CC BY)",juin 2026,2026-08-14,O,B,v1.2026.08
Organisations humanitaires et de développement,ONG internationale,CLIO,Cadre de Liaison Inter-Organisations,Coord. & Log. & services support,Nord,HT03,Pilate,HT0372,p-code officiel de la table Admin du fichier OCHA,SRC-026,"OCHA Haïti — 3W présence opérationnelle, juin 2026 (CC BY)",juin 2026,2026-08-14,O,B,v1.2026.08
Organisations humanitaires et de développement,ONG internationale,CLIO,Cadre de Liaison Inter-Organisations,Coord. & Log. & services support,Nord-Est,HT04,Fort-Liberté,HT0411,p-code officiel de la table Admin du fichier OCHA,SRC-026,"OCHA Haïti — 3W présence opérationnelle, juin 2026 (CC BY)",juin 2026,2026-08-14,O,B,v1.2026.08
Organisations humanitaires et de développement,ONG internationale,CLIO,Cadre de Liaison Inter-Organisations,Coord. & Log. & services support,Nord-Est,HT04,Ferrier,HT0412,p-code officiel de la table Admin du fichier OCHA,SRC-026,"OCHA Haïti — 3W présence opérationnelle, juin 2026 (CC BY)",juin 2026,2026-08-14,O,B,v1.2026.08
Organisations humanitaires et de développement,ONG internationale,CLIO,Cadre de Liaison Inter-Organisations,Coord. & Log. & services support,Nord-Est,HT04,Perches,HT0413,p-code officiel de la table Admin du fichier OCHA,SRC-026,"OCHA Haïti — 3W présence opérationnelle, juin 2026 (CC BY)",juin 2026,2026-08-14,O,B,v1.2026.08
Organisations humanitaires et de développement,ONG internationale,CLIO,Cadre de Liaison Inter-Organisations,Coord. & Log. & services support,Nord-Est,HT04,Ouanaminthe,HT0421,p-code officiel de la table Admin du fichier OCHA,SRC-026,"OCHA Haïti — 3W présence opérationnelle, juin 2026 (CC BY)",juin 2026,2026-08-14,O,B,v1.2026.08
Organisations humanitaires et de développement,ONG internationale,CLIO,Cadre de Liaison Inter-Organisations,Coord. & Log. & services support,Nord-Est,HT04,Capotille,HT0422,p-code officiel de la table Admin du fichier OCHA,SRC-026,"OCHA Haïti — 3W présence opérationnelle, juin 2026 (CC BY)",juin 2026,2026-08-14,O,B,v1.2026.08
Organisations humanitaires et de développement,ONG internationale,CLIO,Cadre de Liaison Inter-Organisations,Coord. & Log. & services support,Nord-Est,HT04,Mont-Organisé,HT0423,p-code officiel de la table Admin du fichier OCHA,SRC-026,"OCHA Haïti — 3W présence opérationnelle, juin 2026 (CC BY)",juin 2026,2026-08-14,O,B,v1.2026.08
Organisations humanitaires et de développement,ONG internationale,CLIO,Cadre de Liaison Inter-Organisations,Coord. & Log. & services support,Nord-Est,HT04,Trou du Nord,HT0431,p-code officiel de la table Admin du fichier OCHA,SRC-026,"OCHA Haïti — 3W présence opérationnelle, juin 2026 (CC BY)",juin 2026,2026-08-14,O,B,v1.2026.08
Organisations humanitaires et de développement,ONG internationale,CLIO,Cadre de Liaison Inter-Organisations,Coord. & Log. & services support,Nord-Est,HT04,Sainte Suzanne,HT0432,p-code officiel de la table Admin du fichier OCHA,SRC-026,"OCHA Haïti — 3W présence opérationnelle, juin 2026 (CC BY)",juin 2026,2026-08-14,O,B,v1.2026.08
Organisations humanitaires et de développement,ONG internationale,CLIO,Cadre de Liaison Inter-Organisations,Coord. & Log. & services support,Nord-Est,HT04,Terrier Rouge,HT0433,p-code officiel de la table Admin du fichier OCHA,SRC-026,"OCHA Haïti — 3W présence opérationnelle, juin 2026 (CC BY)",juin 2026,2026-08-14,O,B,v1.2026.08
Organisations humanitaires et de développement,ONG internationale,CLIO,Cadre de Liaison Inter-Organisations,Coord. & Log. & services support,Nord-Est,HT04,Caracol,HT0434,p-code officiel de la table Admin du fichier OCHA,SRC-026,"OCHA Haïti — 3W présence opérationnelle, juin 2026 (CC BY)",juin 2026,2026-08-14,O,B,v1.2026.08
Organisations humanitaires et de développement,ONG internationale,CLIO,Cadre de Liaison Inter-Organisations,Coord. & Log. & services support,Nord-Est,HT04,Vallières,HT0441,p-code officiel de la table Admin du fichier OCHA,SRC-026,"OCHA Haïti — 3W présence opérationnelle, juin 2026 (CC BY)",juin 2026,2026-08-14,O,B,v1.2026.08
Organisations humanitaires et de développement,ONG internationale,CLIO,Cadre de Liaison Inter-Organisations,Coord. & Log. & services support,Nord-Est,HT04,Carice,HT0442,p-code officiel de la table Admin du fichier OCHA,SRC-026,"OCHA Haïti — 3W présence opérationnelle, juin 2026 (CC BY)",juin 2026,2026-08-14,O,B,v1.2026.08
Organisations humanitaires et de développement,ONG internationale,CLIO,Cadre de Liaison Inter-Organisations,Coord. & Log. & services support,Nord-Est,HT04,Mombin Crochu,HT0443,p-code officiel de la table Admin du fichier OCHA,SRC-026,"OCHA Haïti — 3W présence opérationnelle, juin 2026 (CC BY)",juin 2026,2026-08-14,O,B,v1.2026.08
Organisations humanitaires et de développement,ONG internationale,CLIO,Cadre de Liaison Inter-Organisations,Coord. & Log. & services support,Artibonite,HT05,Gonaïves,HT0511,p-code officiel de la table Admin du fichier OCHA,SRC-026,"OCHA Haïti — 3W présence opérationnelle, juin 2026 (CC BY)",juin 2026,2026-08-14,O,B,v1.2026.08
Organisations humanitaires et de développement,ONG internationale,CLIO,Cadre de Liaison Inter-Organisations,Coord. & Log. & services support,Artibonite,HT05,Ennery,HT0512,p-code officiel de la table Admin du fichier OCHA,SRC-026,"OCHA Haïti — 3W présence opérationnelle, juin 2026 (CC BY)",juin 2026,2026-08-14,O,B,v1.2026.08
Organisations humanitaires et de développement,ONG internationale,CLIO,Cadre de Liaison Inter-Organisations,Coord. & Log. & services support,Artibonite,HT05,L'Estère,HT0513,p-code officiel de la table Admin du fichier OCHA,SRC-026,"OCHA Haïti — 3W présence opérationnelle, juin 2026 (CC BY)",juin 2026,2026-08-14,O,B,v1.2026.08
Organisations humanitaires et de développement,ONG internationale,CLIO,Cadre de Liaison Inter-Organisations,Coord. & Log. & services support,Artibonite,HT05,Gros Morne,HT0521,p-code officiel de la table Admin du fichier OCHA,SRC-026,"OCHA Haïti — 3W présence opérationnelle, juin 2026 (CC BY)",juin 2026,2026-08-14,O,B,v1.2026.08
Organisations humanitaires et de développement,ONG internationale,CLIO,Cadre de Liaison Inter-Organisations,Coord. & Log. & services support,Artibonite,HT05,Terre Neuve,HT0522,p-code officiel de la table Admin du fichier OCHA,SRC-026,"OCHA Haïti — 3W présence opérationnelle, juin 2026 (CC BY)",juin 2026,2026-08-14,O,B,v1.2026.08
Organisations humanitaires et de développement,ONG internationale,CLIO,Cadre de Liaison Inter-Organisations,Coord. & Log. & services support,Artibonite,HT05,Anse Rouge,HT0523,p-code officiel de la table Admin du fichier OCHA,SRC-026,"OCHA Haïti — 3W présence opérationnelle, juin 2026 (CC BY)",juin 2026,2026-08-14,O,B,v1.2026.08
Organisations humanitaires et de développement,ONG internationale,CLIO,Cadre de Liaison Inter-Organisations,Coord. & Log. & services support,Artibonite,HT05,Saint-Marc,HT0531,p-code officiel de la table Admin du fichier OCHA,SRC-026,"OCHA Haïti — 3W présence opérationnelle, juin 2026 (CC BY)",juin 2026,2026-08-14,O,B,v1.2026.08
Organisations humanitaires et de développement,ONG internationale,CLIO,Cadre de Liaison Inter-Organisations,Coord. & Log. & services support,Artibonite,HT05,Verrettes,HT0532,p-code officiel de la table Admin du fichier OCHA,SRC-026,"OCHA Haïti — 3W présence opérationnelle, juin 2026 (CC BY)",juin 2026,2026-08-14,O,B,v1.2026.08
Organisations humanitaires et de développement,ONG internationale,CLIO,Cadre de Liaison Inter-Organisations,Coord. & Log. & services support,Artibonite,HT05,La Chapelle,HT0533,p-code officiel de la table Admin du fichier OCHA,SRC-026,"OCHA Haïti — 3W présence opérationnelle, juin 2026 (CC BY)",juin 2026,2026-08-14,O,B,v1.2026.08
Organisations humanitaires et de développement,ONG internationale,CLIO,Cadre de Liaison Inter-Organisations,Coord. & Log. & services support,Artibonite,HT05,Dessalines,HT0541,p-code officiel de la table Admin du fichier OCHA,SRC-026,"OCHA Haïti — 3W présence opérationnelle, juin 2026 (CC BY)",juin 2026,2026-08-14,O,B,v1.2026.08
Organisations humanitaires et de développement,ONG internationale,CLIO,Cadre de Liaison Inter-Organisations,Coord. & Log. & services support,Artibonite,HT05,Petite Rivière de l'Artibonite,HT0542,p-code officiel de la table Admin du fichier OCHA,SRC-026,"OCHA Haïti — 3W présence opérationnelle, juin 2026 (CC BY)",juin 2026,2026-08-14,O,B,v1.2026.08
Organisations humanitaires et de développement,ONG internationale,CLIO,Cadre de Liaison Inter-Organisations,Coord. & Log. & services support,Artibonite,HT05,Grande Saline,HT0543,p-code officiel de la table Admin du fichier OCHA,SRC-026,"OCHA Haïti — 3W présence opérationnelle, juin 2026 (CC BY)",juin 2026,2026-08-14,O,B,v1.2026.08
Organisations humanitaires et de développement,ONG internationale,CLIO,Cadre de Liaison Inter-Organisations,Coord. & Log. & services support,Artibonite,HT05,Desdunes,HT0544,p-code officiel de la table Admin du fichier OCHA,SRC-026,"OCHA Haïti — 3W présence opérationnelle, juin 2026 (CC BY)",juin 2026,2026-08-14,O,B,v1.2026.08
Organisations humanitaires et de développement,ONG internationale,CLIO,Cadre de Liaison Inter-Organisations,Coord. & Log. & services support,Artibonite,HT05,Saint-Michel de l'Attalaye,HT0551,p-code officiel de la table Admin du fichier OCHA,SRC-026,"OCHA Haïti — 3W présence opérationnelle, juin 2026 (CC BY)",juin 2026,2026-08-14,O,B,v1.2026.08
Organisations humanitaires et de développement,ONG internationale,CLIO,Cadre de Liaison Inter-Organisations,Coord. & Log. & services support,Artibonite,HT05,Marmelade,HT0552,p-code officiel de la table Admin du fichier OCHA,SRC-026,"OCHA Haïti — 3W présence opérationnelle, juin 2026 (CC BY)",juin 2026,2026-08-14,O,B,v1.2026.08
Organisations humanitaires et de développement,ONG internationale,CLIO,Cadre de Liaison Inter-Organisations,Coord. & Log. & services support,Centre,HT06,Hinche,HT0611,p-code officiel de la table Admin du fichier OCHA,SRC-026,"OCHA Haïti — 3W présence opérationnelle, juin 2026 (CC BY)",juin 2026,2026-08-14,O,B,v1.2026.08
Organisations humanitaires et de développement,ONG internationale,CLIO,Cadre de Liaison Inter-Organisations,Coord. & Log. & services support,Centre,HT06,Maïssade,HT0612,p-code officiel de la table Admin du fichier OCHA,SRC-026,"OCHA Haïti — 3W présence opérationnelle, juin 2026 (CC BY)",juin 2026,2026-08-14,O,B,v1.2026.08
Organisations humanitaires et de développement,ONG internationale,CLIO,Cadre de Liaison Inter-Organisations,Coord. & Log. & services support,Centre,HT06,Thomonde,HT0613,p-code officiel de la table Admin du fichier OCHA,SRC-026,"OCHA Haïti — 3W présence opérationnelle, juin 2026 (CC BY)",juin 2026,2026-08-14,O,B,v1.2026.08
Organisations humanitaires et de développement,ONG internationale,CLIO,Cadre de Liaison Inter-Organisations,Coord. & Log. & services support,Centre,HT06,Cerca Carvajal,HT0614,p-code officiel de la table Admin du fichier OCHA,SRC-026,"OCHA Haïti — 3W présence opérationnelle, juin 2026 (CC BY)",juin 2026,2026-08-14,O,B,v1.2026.08
Organisations humanitaires et de développement,ONG internationale,CLIO,Cadre de Liaison Inter-Organisations,Coord. & Log. & services support,Centre,HT06,Mirebalais,HT0621,p-code officiel de la table Admin du fichier OCHA,SRC-026,"OCHA Haïti — 3W présence opérationnelle, juin 2026 (CC BY)",juin 2026,2026-08-14,O,B,v1.2026.08
Organisations humanitaires et de développement,ONG internationale,CLIO,Cadre de Liaison Inter-Organisations,Coord. & Log. & services support,Centre,HT06,Saut d'Eau,HT0622,p-code officiel de la table Admin du fichier OCHA,SRC-026,"OCHA Haïti — 3W présence opérationnelle, juin 2026 (CC BY)",juin 2026,2026-08-14,O,B,v1.2026.08
Organisations humanitaires et de développement,ONG internationale,CLIO,Cadre de Liaison Inter-Organisations,Coord. & Log. & services support,Centre,HT06,Boucan Carré,HT0623,p-code officiel de la table Admin du fichier OCHA,SRC-026,"OCHA Haïti — 3W présence opérationnelle, juin 2026 (CC BY)",juin 2026,2026-08-14,O,B,v1.2026.08
Organisations humanitaires et de développement,ONG internationale,CLIO,Cadre de Liaison Inter-Organisations,Coord. & Log. & services support,Centre,HT06,Lascahobas,HT0631,p-code officiel de la table Admin du fichier OCHA,SRC-026,"OCHA Haïti — 3W présence opérationnelle, juin 2026 (CC BY)",juin 2026,2026-08-14,O,B,v1.2026.08
Organisations humanitaires et de développement,ONG internationale,CLIO,Cadre de Liaison Inter-Organisations,Coord. & Log. & services support,Centre,HT06,Belladère,HT0632,p-code officiel de la table Admin du fichier OCHA,SRC-026,"OCHA Haïti — 3W présence opérationnelle, juin 2026 (CC BY)",juin 2026,2026-08-14,O,B,v1.2026.08
Organisations humanitaires et de développement,ONG internationale,CLIO,Cadre de Liaison Inter-Organisations,Coord. & Log. & services support,Centre,HT06,Savanette,HT0633,p-code officiel de la table Admin du fichier OCHA,SRC-026,"OCHA Haïti — 3W présence opérationnelle, juin 2026 (CC BY)",juin 2026,2026-08-14,O,B,v1.2026.08
Organisations humanitaires et de développement,ONG internationale,CLIO,Cadre de Liaison Inter-Organisations,Coord. & Log. & services support,Centre,HT06,Cerca La Source,HT0641,p-code officiel de la table Admin du fichier OCHA,SRC-026,"OCHA Haïti — 3W présence opérationnelle, juin 2026 (CC BY)",juin 2026,2026-08-14,O,B,v1.2026.08
Organisations humanitaires et de développement,ONG internationale,CLIO,Cadre de Liaison Inter-Organisations,Coord. & Log. & services support,Centre,HT06,Thomassique,HT0642,p-code officiel de la table Admin du fichier OCHA,SRC-026,"OCHA Haïti — 3W présence opérationnelle, juin 2026 (CC BY)",juin 2026,2026-08-14,O,B,v1.2026.08
Organisations humanitaires et de développement,ONG internationale,CLIO,Cadre de Liaison Inter-Organisations,Coord. & Log. & services support,Sud,HT07,Les Cayes,HT0711,p-code officiel de la table Admin du fichier OCHA,SRC-026,"OCHA Haïti — 3W présence opérationnelle, juin 2026 (CC BY)",juin 2026,2026-08-14,O,B,v1.2026.08
Organisations humanitaires et de développement,ONG internationale,CLIO,Cadre de Liaison Inter-Organisations,Coord. & Log. & services support,Sud,HT07,Torbeck,HT0712,p-code officiel de la table Admin du fichier OCHA,SRC-026,"OCHA Haïti — 3W présence opérationnelle, juin 2026 (CC BY)",juin 2026,2026-08-14,O,B,v1.2026.08
Organisations humanitaires et de développement,ONG internationale,CLIO,Cadre de Liaison Inter-Organisations,Coord. & Log. & services support,Sud,HT07,Chantal,HT0713,p-code officiel de la table Admin du fichier OCHA,SRC-026,"OCHA Haïti — 3W présence opérationnelle, juin 2026 (CC BY)",juin 2026,2026-08-14,O,B,v1.2026.08
Organisations humanitaires et de développement,ONG internationale,CLIO,Cadre de Liaison Inter-Organisations,Coord. & Log. & services support,Sud,HT07,Camp-Perrin,HT0714,p-code officiel de la table Admin du fichier OCHA,SRC-026,"OCHA Haïti — 3W présence opérationnelle, juin 2026 (CC BY)",juin 2026,2026-08-14,O,B,v1.2026.08
Organisations humanitaires et de développement,ONG internationale,CLIO,Cadre de Liaison Inter-Organisations,Coord. & Log. & services support,Sud,HT07,Maniche,HT0715,p-code officiel de la table Admin du fichier OCHA,SRC-026,"OCHA Haïti — 3W présence opérationnelle, juin 2026 (CC BY)",juin 2026,2026-08-14,O,B,v1.2026.08
Organisations humanitaires et de développement,ONG internationale,CLIO,Cadre de Liaison Inter-Organisations,Coord. & Log. & services support,Sud,HT07,Île à Vache,HT0716,p-code officiel de la table Admin du fichier OCHA,SRC-026,"OCHA Haïti — 3W présence opérationnelle, juin 2026 (CC BY)",juin 2026,2026-08-14,O,B,v1.2026.08
Organisations humanitaires et de développement,ONG internationale,CLIO,Cadre de Liaison Inter-Organisations,Coord. & Log. & services support,Sud,HT07,Port-Salut,HT0721,p-code officiel de la table Admin du fichier OCHA,SRC-026,"OCHA Haïti — 3W présence opérationnelle, juin 2026 (CC BY)",juin 2026,2026-08-14,O,B,v1.2026.08
Organisations humanitaires et de développement,ONG internationale,CLIO,Cadre de Liaison Inter-Organisations,Coord. & Log. & services support,Sud,HT07,Saint Jean du Sud,HT0722,p-code officiel de la table Admin du fichier OCHA,SRC-026,"OCHA Haïti — 3W présence opérationnelle, juin 2026 (CC BY)",juin 2026,2026-08-14,O,B,v1.2026.08
Organisations humanitaires et de développement,ONG internationale,CLIO,Cadre de Liaison Inter-Organisations,Coord. & Log. & services support,Sud,HT07,Arniquet,HT0723,p-code officiel de la table Admin du fichier OCHA,SRC-026,"OCHA Haïti — 3W présence opérationnelle, juin 2026 (CC BY)",juin 2026,2026-08-14,O,B,v1.2026.08
Organisations humanitaires et de développement,ONG internationale,CLIO,Cadre de Liaison Inter-Organisations,Coord. & Log. & services support,Sud,HT07,Aquin,HT0731,p-code officiel de la table Admin du fichier OCHA,SRC-026,"OCHA Haïti — 3W présence opérationnelle, juin 2026 (CC BY)",juin 2026,2026-08-14,O,B,v1.2026.08
Organisations humanitaires et de développement,ONG internationale,CLIO,Cadre de Liaison Inter-Organisations,Coord. & Log. & services support,Sud,HT07,Saint Louis du Sud,HT0732,p-code officiel de la table Admin du fichier OCHA,SRC-026,"OCHA Haïti — 3W présence opérationnelle, juin 2026 (CC BY)",juin 2026,2026-08-14,O,B,v1.2026.08
Organisations humanitaires et de développement,ONG internationale,CLIO,Cadre de Liaison Inter-Organisations,Coord. & Log. & services support,Sud,HT07,Cavaillon,HT0733,p-code officiel de la table Admin du fichier OCHA,SRC-026,"OCHA Haïti — 3W présence opérationnelle, juin 2026 (CC BY)",juin 2026,2026-08-14,O,B,v1.2026.08
Organisations humanitaires et de développement,ONG internationale,CLIO,Cadre de Liaison Inter-Organisations,Coord. & Log. & services support,Sud,HT07,Côteaux,HT0741,p-code officiel de la table Admin du fichier OCHA,SRC-026,"OCHA Haïti — 3W présence opérationnelle, juin 2026 (CC BY)",juin 2026,2026-08-14,O,B,v1.2026.08
Organisations humanitaires et de développement,ONG internationale,CLIO,Cadre de Liaison Inter-Organisations,Coord. & Log. & services support,Sud,HT07,Port-à-Piment,HT0742,p-code officiel de la table Admin du fichier OCHA,SRC-026,"OCHA Haïti — 3W présence opérationnelle, juin 2026 (CC BY)",juin 2026,2026-08-14,O,B,v1.2026.08
Organisations humanitaires et de développement,ONG internationale,CLIO,Cadre de Liaison Inter-Organisations,Coord. & Log. & services support,Sud,HT07,Roche à Bâteau,HT0743,p-code officiel de la table Admin du fichier OCHA,SRC-026,"OCHA Haïti — 3W présence opérationnelle, juin 2026 (CC BY)",juin 2026,2026-08-14,O,B,v1.2026.08
Organisations humanitaires et de développement,ONG internationale,CLIO,Cadre de Liaison Inter-Organisations,Coord. & Log. & services support,Sud,HT07,Chardonnières,HT0751,p-code officiel de la table Admin du fichier OCHA,SRC-026,"OCHA Haïti — 3W présence opérationnelle, juin 2026 (CC BY)",juin 2026,2026-08-14,O,B,v1.2026.08
Organisations humanitaires et de développement,ONG internationale,CLIO,Cadre de Liaison Inter-Organisations,Coord. & Log. & services support,Sud,HT07,Les Anglais,HT0752,p-code officiel de la table Admin du fichier OCHA,SRC-026,"OCHA Haïti — 3W présence opérationnelle, juin 2026 (CC BY)",juin 2026,2026-08-14,O,B,v1.2026.08
Organisations humanitaires et de développement,ONG internationale,CLIO,Cadre de Liaison Inter-Organisations,Coord. & Log. & services support,Sud,HT07,Tiburon,HT0753,p-code officiel de la table Admin du fichier OCHA,SRC-026,"OCHA Haïti — 3W présence opérationnelle, juin 2026 (CC BY)",juin 2026,2026-08-14,O,B,v1.2026.08
Organisations humanitaires et de développement,ONG internationale,CLIO,Cadre de Liaison Inter-Organisations,Coord. & Log. & services support,Grande'Anse,HT08,Jérémie,HT0811,p-code officiel de la table Admin du fichier OCHA,SRC-026,"OCHA Haïti — 3W présence opérationnelle, juin 2026 (CC BY)",juin 2026,2026-08-14,O,B,v1.2026.08
Organisations humanitaires et de développement,ONG internationale,CLIO,Cadre de Liaison Inter-Organisations,Coord. & Log. & services support,Grande'Anse,HT08,Abricots,HT0812,p-code officiel de la table Admin du fichier OCHA,SRC-026,"OCHA Haïti — 3W présence opérationnelle, juin 2026 (CC BY)",juin 2026,2026-08-14,O,B,v1.2026.08
Organisations humanitaires et de développement,ONG internationale,CLIO,Cadre de Liaison Inter-Organisations,Coord. & Log. & services support,Grande'Anse,HT08,Bonbon,HT0813,p-code officiel de la table Admin du fichier OCHA,SRC-026,"OCHA Haïti — 3W présence opérationnelle, juin 2026 (CC BY)",juin 2026,2026-08-14,O,B,v1.2026.08
Organisations humanitaires et de développement,ONG internationale,CLIO,Cadre de Liaison Inter-Organisations,Coord. & Log. & services support,Grande'Anse,HT08,Moron,HT0814,p-code officiel de la table Admin du fichier OCHA,SRC-026,"OCHA Haïti — 3W présence opérationnelle, juin 2026 (CC BY)",juin 2026,2026-08-14,O,B,v1.2026.08
Organisations humanitaires et de développement,ONG internationale,CLIO,Cadre de Liaison Inter-Organisations,Coord. & Log. & services support,Grande'Anse,HT08,Chambellan,HT0815,p-code officiel de la table Admin du fichier OCHA,SRC-026,"OCHA Haïti — 3W présence opérationnelle, juin 2026 (CC BY)",juin 2026,2026-08-14,O,B,v1.2026.08
Organisations humanitaires et de développement,ONG internationale,CLIO,Cadre de Liaison Inter-Organisations,Coord. & Log. & services support,Grande'Anse,HT08,Anse d'Hainault,HT0821,p-code officiel de la table Admin du fichier OCHA,SRC-026,"OCHA Haïti — 3W présence opérationnelle, juin 2026 (CC BY)",juin 2026,2026-08-14,O,B,v1.2026.08
Organisations humanitaires et de développement,ONG internationale,CLIO,Cadre de Liaison Inter-Organisations,Coord. & Log. & services support,Grande'Anse,HT08,Dame Marie,HT0822,p-code officiel de la table Admin du fichier OCHA,SRC-026,"OCHA Haïti — 3W présence opérationnelle, juin 2026 (CC BY)",juin 2026,2026-08-14,O,B,v1.2026.08
Organisations humanitaires et de développement,ONG internationale,CLIO,Cadre de Liaison Inter-Organisations,Coord. & Log. & services support,Grande'Anse,HT08,Les Irois,HT0823,p-code officiel de la table Admin du fichier OCHA,SRC-026,"OCHA Haïti — 3W présence opérationnelle, juin 2026 (CC BY)",juin 2026,2026-08-14,O,B,v1.2026.08
Organisations humanitaires et de développement,ONG internationale,CLIO,Cadre de Liaison Inter-Organisations,Coord. & Log. & services support,Grande'Anse,HT08,Corail,HT0831,p-code officiel de la table Admin du fichier OCHA,SRC-026,"OCHA Haïti — 3W présence opérationnelle, juin 2026 (CC BY)",juin 2026,2026-08-14,O,B,v1.2026.08
Organisations humanitaires et de développement,ONG internationale,CLIO,Cadre de Liaison Inter-Organisations,Coord. & Log. & services support,Grande'Anse,HT08,Roseaux,HT0832,p-code officiel de la table Admin du fichier OCHA,SRC-026,"OCHA Haïti — 3W présence opérationnelle, juin 2026 (CC BY)",juin 2026,2026-08-14,O,B,v1.2026.08
Organisations humanitaires et de développement,ONG internationale,CLIO,Cadre de Liaison Inter-Organisations,Coord. & Log. & services support,Grande'Anse,HT08,Beaumont,HT0833,p-code officiel de la table Admin du fichier OCHA,SRC-026,"OCHA Haïti — 3W présence opérationnelle, juin 2026 (CC BY)",juin 2026,2026-08-14,O,B,v1.2026.08
Organisations humanitaires et de développement,ONG internationale,CLIO,Cadre de Liaison Inter-Organisations,Coord. & Log. & services support,Grande'Anse,HT08,Pestel,HT0834,p-code officiel de la table Admin du fichier OCHA,SRC-026,"OCHA Haïti — 3W présence opérationnelle, juin 2026 (CC BY)",juin 2026,2026-08-14,O,B,v1.2026.08
Organisations humanitaires et de développement,ONG internationale,CLIO,Cadre de Liaison Inter-Organisations,Coord. & Log. & services support,Nord-Ouest,HT09,Port-de-Paix,HT0911,p-code officiel de la table Admin du fichier OCHA,SRC-026,"OCHA Haïti — 3W présence opérationnelle, juin 2026 (CC BY)",juin 2026,2026-08-14,O,B,v1.2026.08
Organisations humanitaires et de développement,ONG internationale,CLIO,Cadre de Liaison Inter-Organisations,Coord. & Log. & services support,Nord-Ouest,HT09,La Tortue,HT0912,p-code officiel de la table Admin du fichier OCHA,SRC-026,"OCHA Haïti — 3W présence opérationnelle, juin 2026 (CC BY)",juin 2026,2026-08-14,O,B,v1.2026.08
Organisations humanitaires et de développement,ONG internationale,CLIO,Cadre de Liaison Inter-Organisations,Coord. & Log. & services support,Nord-Ouest,HT09,Bassin Bleu,HT0913,p-code officiel de la table Admin du fichier OCHA,SRC-026,"OCHA Haïti — 3W présence opérationnelle, juin 2026 (CC BY)",juin 2026,2026-08-14,O,B,v1.2026.08
Organisations humanitaires et de développement,ONG internationale,CLIO,Cadre de Liaison Inter-Organisations,Coord. & Log. & services support,Nord-Ouest,HT09,Chamsolme,HT0914,p-code officiel de la table Admin du fichier OCHA,SRC-026,"OCHA Haïti — 3W présence opérationnelle, juin 2026 (CC BY)",juin 2026,2026-08-14,O,B,v1.2026.08
Organisations humanitaires et de développement,ONG internationale,CLIO,Cadre de Liaison Inter-Organisations,Coord. & Log. & services support,Nord-Ouest,HT09,Saint-Louis du Nord,HT0921,p-code officiel de la table Admin du fichier OCHA,SRC-026,"OCHA Haïti — 3W présence opérationnelle, juin 2026 (CC BY)",juin 2026,2026-08-14,O,B,v1.2026.08
Organisations humanitaires et de développement,ONG internationale,CLIO,Cadre de Liaison Inter-Organisations,Coord. & Log. & services support,Nord-Ouest,HT09,Anse-à-Foleur,HT0922,p-code officiel de la table Admin du fichier OCHA,SRC-026,"OCHA Haïti — 3W présence opérationnelle, juin 2026 (CC BY)",juin 2026,2026-08-14,O,B,v1.2026.08
Organisations humanitaires et de développement,ONG internationale,CLIO,Cadre de Liaison Inter-Organisations,Coord. & Log. & services support,Nord-Ouest,HT09,Môle Saint Nicolas,HT0931,p-code officiel de la table Admin du fichier OCHA,SRC-026,"OCHA Haïti — 3W présence opérationnelle, juin 2026 (CC BY)",juin 2026,2026-08-14,O,B,v1.2026.08
Organisations humanitaires et de développement,ONG internationale,CLIO,Cadre de Liaison Inter-Organisations,Coord. & Log. & services support,Nord-Ouest,HT09,Baie de Henne,HT0932,p-code officiel de la table Admin du fichier OCHA,SRC-026,"OCHA Haïti — 3W présence opérationnelle, juin 2026 (CC BY)",juin 2026,2026-08-14,O,B,v1.2026.08
Organisations humanitaires et de développement,ONG internationale,CLIO,Cadre de Liaison Inter-Organisations,Coord. & Log. & services support,Nord-Ouest,HT09,Bombardopolis,HT0933,p-code officiel de la table Admin du fichier OCHA,SRC-026,"OCHA Haïti — 3W présence opérationnelle, juin 2026 (CC BY)",juin 2026,2026-08-14,O,B,v1.2026.08
Organisations humanitaires et de développement,ONG internationale,CLIO,Cadre de Liaison Inter-Organisations,Coord. & Log. & services support,Nord-Ouest,HT09,Jean Rabel,HT0934,p-code officiel de la table Admin du fichier OCHA,SRC-026,"OCHA Haïti — 3W présence opérationnelle, juin 2026 (CC BY)",juin 2026,2026-08-14,O,B,v1.2026.08
Organisations humanitaires et de développement,ONG internationale,CLIO,Cadre de Liaison Inter-Organisations,Coord. & Log. & services support,Nippes,HT10,Miragoâne,HT1011,p-code officiel de la table Admin du fichier OCHA,SRC-026,"OCHA Haïti — 3W présence opérationnelle, juin 2026 (CC BY)",juin 2026,2026-08-14,O,B,v1.2026.08
Organisations humanitaires et de développement,ONG internationale,CLIO,Cadre de Liaison Inter-Organisations,Coord. & Log. & services support,Nippes,HT10,Petite Rivière de Nippes,HT1012,p-code officiel de la table Admin du fichier OCHA,SRC-026,"OCHA Haïti — 3W présence opérationnelle, juin 2026 (CC BY)",juin 2026,2026-08-14,O,B,v1.2026.08
Organisations humanitaires et de développement,ONG internationale,CLIO,Cadre de Liaison Inter-Organisations,Coord. & Log. & services support,Nippes,HT10,Fonds des Nègres,HT1013,p-code officiel de la table Admin du fichier OCHA,SRC-026,"OCHA Haïti — 3W présence opérationnelle, juin 2026 (CC BY)",juin 2026,2026-08-14,O,B,v1.2026.08
Organisations humanitaires et de développement,ONG internationale,CLIO,Cadre de Liaison Inter-Organisations,Coord. & Log. & services support,Nippes,HT10,Paillant,HT1014,p-code officiel de la table Admin du fichier OCHA,SRC-026,"OCHA Haïti — 3W présence opérationnelle, juin 2026 (CC BY)",juin 2026,2026-08-14,O,B,v1.2026.08
Organisations humanitaires et de développement,ONG internationale,CLIO,Cadre de Liaison Inter-Organisations,Coord. & Log. & services support,Nippes,HT10,Anse-à-Veau,HT1021,p-code officiel de la table Admin du fichier OCHA,SRC-026,"OCHA Haïti — 3W présence opérationnelle, juin 2026 (CC BY)",juin 2026,2026-08-14,O,B,v1.2026.08
Organisations humanitaires et de développement,ONG internationale,CLIO,Cadre de Liaison Inter-Organisations,Coord. & Log. & services support,Nippes,HT10,Petit Trou de Nippes,HT1022,p-code officiel de la table Admin du fichier OCHA,SRC-026,"OCHA Haïti — 3W présence opérationnelle, juin 2026 (CC BY)",juin 2026,2026-08-14,O,B,v1.2026.08
Organisations humanitaires et de développement,ONG internationale,CLIO,Cadre de Liaison Inter-Organisations,Coord. & Log. & services support,Nippes,HT10,L'Asile,HT1023,p-code officiel de la table Admin du fichier OCHA,SRC-026,"OCHA Haïti — 3W présence opérationnelle, juin 2026 (CC BY)",juin 2026,2026-08-14,O,B,v1.2026.08
Organisations humanitaires et de développement,ONG internationale,CLIO,Cadre de Liaison Inter-Organisations,Coord. & Log. & services support,Nippes,HT10,Arnaud,HT1024,p-code officiel de la table Admin du fichier OCHA,SRC-026,"OCHA Haïti — 3W présence opérationnelle, juin 2026 (CC BY)",juin 2026,2026-08-14,O,B,v1.2026.08
Organisations humanitaires et de développement,ONG internationale,CLIO,Cadre de Liaison Inter-Organisations,Coord. & Log. & services support,Nippes,HT10,Plaisance du Sud,HT1025,p-code officiel de la table Admin du fichier OCHA,SRC-026,"OCHA Haïti — 3W présence opérationnelle, juin 2026 (CC BY)",juin 2026,2026-08-14,O,B,v1.2026.08
Organisations humanitaires et de développement,ONG internationale,CLIO,Cadre de Liaison Inter-Organisations,Coord. & Log. & services support,Nippes,HT10,Baradères,HT1031,p-code officiel de la table Admin du fichier OCHA,SRC-026,"OCHA Haïti — 3W présence opérationnelle, juin 2026 (CC BY)",juin 2026,2026-08-14,O,B,v1.2026.08
Organisations humanitaires et de développement,ONG internationale,CLIO,Cadre de Liaison Inter-Organisations,Coord. & Log. & services support,Nippes,HT10,Grand-Boucan,HT1032,p-code officiel de la table Admin du fichier OCHA,SRC-026,"OCHA Haïti — 3W présence opérationnelle, juin 2026 (CC BY)",juin 2026,2026-08-14,O,B,v1.2026.08
Organisations humanitaires et de développement,Nations unies,OPS/OMS,Organisation Panamericaine de la Santé / Organisation Mondiale de la Santé,Coord. & Log. & services support,Ouest,HT01,Port-au-Prince,HT0111,p-code officiel de la table Admin du fichier OCHA,SRC-026,"OCHA Haïti — 3W présence opérationnelle, juin 2026 (CC BY)",juin 2026,2026-08-14,O,B,v1.2026.08
Organisations humanitaires et de développement,Nations unies,UNICEF,Fonds des Nations unies pour l'enfance,Coord. & Log. & services support,Artibonite,HT05,Gonaïves,HT0511,p-code officiel de la table Admin du fichier OCHA,SRC-026,"OCHA Haïti — 3W présence opérationnelle, juin 2026 (CC BY)",juin 2026,2026-08-14,O,B,v1.2026.08
Organisations humanitaires et de développement,Nations unies,UNICEF,Fonds des Nations unies pour l'enfance,Coord. & Log. & services support,Centre,HT06,Hinche,HT0611,p-code officiel de la table Admin du fichier OCHA,SRC-026,"OCHA Haïti — 3W présence opérationnelle, juin 2026 (CC BY)",juin 2026,2026-08-14,O,B,v1.2026.08
Organisations humanitaires et de développement,Nations unies,UNICEF,Fonds des Nations unies pour l'enfance,Coord. & Log. & services support,Grande'Anse,HT08,Jérémie,HT0811,p-code officiel de la table Admin du fichier OCHA,SRC-026,"OCHA Haïti — 3W présence opérationnelle, juin 2026 (CC BY)",juin 2026,2026-08-14,O,B,v1.2026.08
Organisations humanitaires et de développement,Nations unies,UNICEF,Fonds des Nations unies pour l'enfance,Coord. & Log. & services support,Nippes,HT10,Miragoâne,HT1011,p-code officiel de la table Admin du fichier OCHA,SRC-026,"OCHA Haïti — 3W présence opérationnelle, juin 2026 (CC BY)",juin 2026,2026-08-14,O,B,v1.2026.08
Organisations humanitaires et de développement,Nations unies,UNICEF,Fonds des Nations unies pour l'enfance,Coord. & Log. & services support,Nord,HT03,Cap-Haïtien,HT0311,p-code officiel de la table Admin du fichier OCHA,SRC-026,"OCHA Haïti — 3W présence opérationnelle, juin 2026 (CC BY)",juin 2026,2026-08-14,O,B,v1.2026.08
Organisations humanitaires et de développement,Nations unies,UNICEF,Fonds des Nations unies pour l'enfance,Coord. & Log. & services support,Nord-Est,HT04,Ouanaminthe,HT0421,p-code officiel de la table Admin du fichier OCHA,SRC-026,"OCHA Haïti — 3W présence opérationnelle, juin 2026 (CC BY)",juin 2026,2026-08-14,O,B,v1.2026.08
Organisations humanitaires et de développement,Nations unies,UNICEF,Fonds des Nations unies pour l'enfance,Coord. & Log. & services support,Nord-Ouest,HT09,Port-de-Paix,HT0911,p-code officiel de la table Admin du fichier OCHA,SRC-026,"OCHA Haïti — 3W présence opérationnelle, juin 2026 (CC BY)",juin 2026,2026-08-14,O,B,v1.2026.08
Organisations humanitaires et de développement,Nations unies,UNICEF,Fonds des Nations unies pour l'enfance,Coord. & Log. & services support,Ouest,HT01,Port-au-Prince,HT0111,p-code officiel de la table Admin du fichier OCHA,SRC-026,"OCHA Haïti — 3W présence opérationnelle, juin 2026 (CC BY)",juin 2026,2026-08-14,O,B,v1.2026.08
Organisations humanitaires et de développement,Nations unies,UNICEF,Fonds des Nations unies pour l'enfance,Coord. & Log. & services support,Sud,HT07,Les Cayes,HT0711,p-code officiel de la table Admin du fichier OCHA,SRC-026,"OCHA Haïti — 3W présence opérationnelle, juin 2026 (CC BY)",juin 2026,2026-08-14,O,B,v1.2026.08
Organisations humanitaires et de développement,Nations unies,UNICEF,Fonds des Nations unies pour l'enfance,Coord. & Log. & services support,Sud-Est,HT02,Jacmel,HT0211,p-code officiel de la table Admin du fichier OCHA,SRC-026,"OCHA Haïti — 3W présence opérationnelle, juin 2026 (CC BY)",juin 2026,2026-08-14,O,B,v1.2026.08
Organisations humanitaires et de développement,Nations unies,OIM,Organisation Internationale pour les Migrations,Coord. & Log. & services support,Artibonite,HT05,Gonaïves,HT0511,p-code officiel de la table Admin du fichier OCHA,SRC-026,"OCHA Haïti — 3W présence opérationnelle, juin 2026 (CC BY)",juin 2026,2026-08-14,O,B,v1.2026.08
Organisations humanitaires et de développement,Nations unies,OIM,Organisation Internationale pour les Migrations,Coord. & Log. & services support,Centre,HT06,Hinche,HT0611,p-code officiel de la table Admin du fichier OCHA,SRC-026,"OCHA Haïti — 3W présence opérationnelle, juin 2026 (CC BY)",juin 2026,2026-08-14,O,B,v1.2026.08
Organisations humanitaires et de développement,Nations unies,OIM,Organisation Internationale pour les Migrations,Coord. & Log. & services support,Grande'Anse,HT08,Jérémie,HT0811,p-code officiel de la table Admin du fichier OCHA,SRC-026,"OCHA Haïti — 3W présence opérationnelle, juin 2026 (CC BY)",juin 2026,2026-08-14,O,B,v1.2026.08
Organisations humanitaires et de développement,Nations unies,OIM,Organisation Internationale pour les Migrations,Coord. & Log. & services support,Nippes,HT10,Miragoâne,HT1011,p-code officiel de la table Admin du fichier OCHA,SRC-026,"OCHA Haïti — 3W présence opérationnelle, juin 2026 (CC BY)",juin 2026,2026-08-14,O,B,v1.2026.08
Organisations humanitaires et de développement,Nations unies,OIM,Organisation Internationale pour les Migrations,Coord. & Log. & services support,Nord,HT03,Cap-Haïtien,HT0311,p-code officiel de la table Admin du fichier OCHA,SRC-026,"OCHA Haïti — 3W présence opérationnelle, juin 2026 (CC BY)",juin 2026,2026-08-14,O,B,v1.2026.08
Organisations humanitaires et de développement,Nations unies,OIM,Organisation Internationale pour les Migrations,Coord. & Log. & services support,Nord-Est,HT04,Ouanaminthe,HT0421,p-code officiel de la table Admin du fichier OCHA,SRC-026,"OCHA Haïti — 3W présence opérationnelle, juin 2026 (CC BY)",juin 2026,2026-08-14,O,B,v1.2026.08
Organisations humanitaires et de développement,Nations unies,OIM,Organisation Internationale pour les Migrations,Coord. & Log. & services support,Nord-Ouest,HT09,Port-de-Paix,HT0911,p-code officiel de la table Admin du fichier OCHA,SRC-026,"OCHA Haïti — 3W présence opérationnelle, juin 2026 (CC BY)",juin 2026,2026-08-14,O,B,v1.2026.08
Organisations humanitaires et de développement,Nations unies,OIM,Organisation Internationale pour les Migrations,Coord. & Log. & services support,Ouest,HT01,Port-au-Prince,HT0111,p-code officiel de la table Admin du fichier OCHA,SRC-026,"OCHA Haïti — 3W présence opérationnelle, juin 2026 (CC BY)",juin 2026,2026-08-14,O,B,v1.2026.08
Organisations humanitaires et de développement,Nations unies,OIM,Organisation Internationale pour les Migrations,Coord. & Log. & services support,Sud,HT07,Les Cayes,HT0711,p-code officiel de la table Admin du fichier OCHA,SRC-026,"OCHA Haïti — 3W présence opérationnelle, juin 2026 (CC BY)",juin 2026,2026-08-14,O,B,v1.2026.08
Organisations humanitaires et de développement,Nations unies,OIM,Organisation Internationale pour les Migrations,Coord. & Log. & services support,Sud-Est,HT02,Jacmel,HT0211,p-code officiel de la table Admin du fichier OCHA,SRC-026,"OCHA Haïti — 3W présence opérationnelle, juin 2026 (CC BY)",juin 2026,2026-08-14,O,B,v1.2026.08
Organisations humanitaires et de développement,ONG internationale,WR,World Relief,EPAH,Sud,HT07,Saint Louis du Sud,HT0732,p-code officiel de la table Admin du fichier OCHA,SRC-026,"OCHA Haïti — 3W présence opérationnelle, juin 2026 (CC BY)",juin 2026,2026-08-14,O,B,v1.2026.08
Organisations humanitaires et de développement,Nations unies,UNICEF,Fonds des Nations unies pour l'enfance,EPAH,Ouest,HT01,Delmas,HT0112,p-code officiel de la table Admin du fichier OCHA,SRC-026,"OCHA Haïti — 3W présence opérationnelle, juin 2026 (CC BY)",juin 2026,2026-08-14,O,B,v1.2026.08
Organisations humanitaires et de développement,Nations unies,UNICEF,Fonds des Nations unies pour l'enfance,EPAH,Ouest,HT01,Port-au-Prince,HT0111,p-code officiel de la table Admin du fichier OCHA,SRC-026,"OCHA Haïti — 3W présence opérationnelle, juin 2026 (CC BY)",juin 2026,2026-08-14,O,B,v1.2026.08
Organisations humanitaires et de développement,Nations unies,UNICEF,Fonds des Nations unies pour l'enfance,EPAH,Ouest,HT01,Pétion-Ville,HT0114,p-code officiel de la table Admin du fichier OCHA,SRC-026,"OCHA Haïti — 3W présence opérationnelle, juin 2026 (CC BY)",juin 2026,2026-08-14,O,B,v1.2026.08
Organisations humanitaires et de développement,Nations unies,UNICEF,Fonds des Nations unies pour l'enfance,EPAH,Ouest,HT01,Tabarre,HT0118,p-code officiel de la table Admin du fichier OCHA,SRC-026,"OCHA Haïti — 3W présence opérationnelle, juin 2026 (CC BY)",juin 2026,2026-08-14,O,B,v1.2026.08
Organisations humanitaires et de développement,Nations unies,UNICEF,Fonds des Nations unies pour l'enfance,EPAH,Centre,HT06,Hinche,HT0611,p-code officiel de la table Admin du fichier OCHA,SRC-026,"OCHA Haïti — 3W présence opérationnelle, juin 2026 (CC BY)",juin 2026,2026-08-14,O,B,v1.2026.08
Organisations humanitaires et de développement,Nations unies,UNICEF,Fonds des Nations unies pour l'enfance,EPAH,Centre,HT06,Thomonde,HT0613,p-code officiel de la table Admin du fichier OCHA,SRC-026,"OCHA Haïti — 3W présence opérationnelle, juin 2026 (CC BY)",juin 2026,2026-08-14,O,B,v1.2026.08
Organisations humanitaires et de développement,Nations unies,OIM,Organisation Internationale pour les Migrations,EPAH,Ouest,HT01,Delmas,HT0112,p-code officiel de la table Admin du fichier OCHA,SRC-026,"OCHA Haïti — 3W présence opérationnelle, juin 2026 (CC BY)",juin 2026,2026-08-14,O,B,v1.2026.08
Organisations humanitaires et de développement,Nations unies,OIM,Organisation Internationale pour les Migrations,EPAH,Ouest,HT01,Port-au-Prince,HT0111,p-code officiel de la table Admin du fichier OCHA,SRC-026,"OCHA Haïti — 3W présence opérationnelle, juin 2026 (CC BY)",juin 2026,2026-08-14,O,B,v1.2026.08
Organisations humanitaires et de développement,Nations unies,OIM,Organisation Internationale pour les Migrations,EPAH,Artibonite,HT05,Gonaïves,HT0511,p-code officiel de la table Admin du fichier OCHA,SRC-026,"OCHA Haïti — 3W présence opérationnelle, juin 2026 (CC BY)",juin 2026,2026-08-14,O,B,v1.2026.08
Organisations humanitaires et de développement,Nations unies,OIM,Organisation Internationale pour les Migrations,EPAH,Artibonite,HT05,Anse Rouge,HT0523,p-code officiel de la table Admin du fichier OCHA,SRC-026,"OCHA Haïti — 3W présence opérationnelle, juin 2026 (CC BY)",juin 2026,2026-08-14,O,B,v1.2026.08
Organisations humanitaires et de développement,ONG nationale,CEDUCC,CEDUCC,EPAH,Ouest,HT01,Léogâne,HT0121,p-code officiel de la table Admin du fichier OCHA,SRC-026,"OCHA Haïti — 3W présence opérationnelle, juin 2026 (CC BY)",juin 2026,2026-08-14,O,B,v1.2026.08
Organisations humanitaires et de développement,ONG nationale,CEDUCC,CEDUCC,EPAH,Ouest,HT01,Gressier,HT0116,p-code officiel de la table Admin du fichier OCHA,SRC-026,"OCHA Haïti — 3W présence opérationnelle, juin 2026 (CC BY)",juin 2026,2026-08-14,O,B,v1.2026.08
Organisations humanitaires et de développement,Nations unies,OIM,Organisation Internationale pour les Migrations,EPAH,Ouest,HT01,Pétion-Ville,HT0114,p-code officiel de la table Admin du fichier OCHA,SRC-026,"OCHA Haïti — 3W présence opérationnelle, juin 2026 (CC BY)",juin 2026,2026-08-14,O,B,v1.2026.08
Organisations humanitaires et de développement,Nations unies,OIM,Organisation Internationale pour les Migrations,EPAH,Sud-est,HT02,La Vallée,HT0214,p-code officiel de la table Admin du fichier OCHA,SRC-026,"OCHA Haïti — 3W présence opérationnelle, juin 2026 (CC BY)",juin 2026,2026-08-14,O,B,v1.2026.08
Organisations humanitaires et de développement,Nations unies,OIM,Organisation Internationale pour les Migrations,EPAH,Sud-est,HT02,Jacmel,HT0211,p-code officiel de la table Admin du fichier OCHA,SRC-026,"OCHA Haïti — 3W présence opérationnelle, juin 2026 (CC BY)",juin 2026,2026-08-14,O,B,v1.2026.08
Organisations humanitaires et de développement,ONG nationale,FONHARE,Fondation Haitienne de Réhabilitation,EPAH,Ouest,HT01,Pétion-Ville,HT0114,p-code officiel de la table Admin du fichier OCHA,SRC-026,"OCHA Haïti — 3W présence opérationnelle, juin 2026 (CC BY)",juin 2026,2026-08-14,O,B,v1.2026.08
Organisations humanitaires et de développement,ONG nationale,FONHARE,Fondation Haitienne de Réhabilitation,EPAH,Centre,HT06,Hinche,HT0611,p-code officiel de la table Admin du fichier OCHA,SRC-026,"OCHA Haïti — 3W présence opérationnelle, juin 2026 (CC BY)",juin 2026,2026-08-14,O,B,v1.2026.08
Organisations humanitaires et de développement,ONG nationale,FONHARE,Fondation Haitienne de Réhabilitation,EPAH,Ouest,HT01,Delmas,HT0112,p-code officiel de la table Admin du fichier OCHA,SRC-026,"OCHA Haïti — 3W présence opérationnelle, juin 2026 (CC BY)",juin 2026,2026-08-14,O,B,v1.2026.08
Organisations humanitaires et de développement,ONG nationale,FONHARE,Fondation Haitienne de Réhabilitation,EPAH,Centre,HT06,Thomonde,HT0613,p-code officiel de la table Admin du fichier OCHA,SRC-026,"OCHA Haïti — 3W présence opérationnelle, juin 2026 (CC BY)",juin 2026,2026-08-14,O,B,v1.2026.08
Organisations humanitaires et de développement,ONG nationale,FONHARE,Fondation Haitienne de Réhabilitation,EPAH,Ouest,HT01,Port-au-Prince,HT0111,p-code officiel de la table Admin du fichier OCHA,SRC-026,"OCHA Haïti — 3W présence opérationnelle, juin 2026 (CC BY)",juin 2026,2026-08-14,O,B,v1.2026.08
Organisations humanitaires et de développement,ONG nationale,FONHARE,Fondation Haitienne de Réhabilitation,EPAH,Ouest,HT01,Tabarre,HT0118,p-code officiel de la table Admin du fichier OCHA,SRC-026,"OCHA Haïti — 3W présence opérationnelle, juin 2026 (CC BY)",juin 2026,2026-08-14,O,B,v1.2026.08
Organisations humanitaires et de développement,ONG nationale,FONHARE,Fondation Haitienne de Réhabilitation,EPAH,Ouest,HT01,Croix-des-bouquets,HT0131,p-code officiel de la table Admin du fichier OCHA,SRC-026,"OCHA Haïti — 3W présence opérationnelle, juin 2026 (CC BY)",juin 2026,2026-08-14,O,B,v1.2026.08
Organisations humanitaires et de développement,ONG nationale,FONHARE,Fondation Haitienne de Réhabilitation,EPAH,Ouest,HT01,Cité Soleil,HT0117,p-code officiel de la table Admin du fichier OCHA,SRC-026,"OCHA Haïti — 3W présence opérationnelle, juin 2026 (CC BY)",juin 2026,2026-08-14,O,B,v1.2026.08
Organisations humanitaires et de développement,ONG internationale,Plan-I,Plan International,EPAH,Artibonite,HT05,Gonaïves,HT0511,p-code officiel de la table Admin du fichier OCHA,SRC-026,"OCHA Haïti — 3W présence opérationnelle, juin 2026 (CC BY)",juin 2026,2026-08-14,O,B,v1.2026.08
Organisations humanitaires et de développement,ONG internationale,DSI,Deep Springs International,EPAH,Artibonite,HT05,Gonaïves,HT0511,p-code officiel de la table Admin du fichier OCHA,SRC-026,"OCHA Haïti — 3W présence opérationnelle, juin 2026 (CC BY)",juin 2026,2026-08-14,O,B,v1.2026.08
Organisations humanitaires et de développement,ONG internationale,DSI,Deep Springs International,EPAH,Artibonite,HT05,Saint-Marc,HT0531,p-code officiel de la table Admin du fichier OCHA,SRC-026,"OCHA Haïti — 3W présence opérationnelle, juin 2026 (CC BY)",juin 2026,2026-08-14,O,B,v1.2026.08
Organisations humanitaires et de développement,ONG internationale,DSI,Deep Springs International,EPAH,Centre,HT06,Hinche,HT0611,p-code officiel de la table Admin du fichier OCHA,SRC-026,"OCHA Haïti — 3W présence opérationnelle, juin 2026 (CC BY)",juin 2026,2026-08-14,O,B,v1.2026.08
Organisations humanitaires et de développement,ONG internationale,DSI,Deep Springs International,EPAH,Centre,HT06,Cerca La Source,HT0641,p-code officiel de la table Admin du fichier OCHA,SRC-026,"OCHA Haïti — 3W présence opérationnelle, juin 2026 (CC BY)",juin 2026,2026-08-14,O,B,v1.2026.08
Organisations humanitaires et de développement,ONG internationale,DSI,Deep Springs International,EPAH,Centre,HT06,Belladère,HT0632,p-code officiel de la table Admin du fichier OCHA,SRC-026,"OCHA Haïti — 3W présence opérationnelle, juin 2026 (CC BY)",juin 2026,2026-08-14,O,B,v1.2026.08
Organisations humanitaires et de développement,ONG internationale,DSI,Deep Springs International,EPAH,Centre,HT06,Boucan Carré,HT0623,p-code officiel de la table Admin du fichier OCHA,SRC-026,"OCHA Haïti — 3W présence opérationnelle, juin 2026 (CC BY)",juin 2026,2026-08-14,O,B,v1.2026.08
Organisations humanitaires et de développement,ONG internationale,MC,Mercy Corps,EPAH,Ouest,HT01,Port-au-Prince,HT0111,p-code officiel de la table Admin du fichier OCHA,SRC-026,"OCHA Haïti — 3W présence opérationnelle, juin 2026 (CC BY)",juin 2026,2026-08-14,O,B,v1.2026.08
Organisations humanitaires et de développement,ONG internationale,MC,Mercy Corps,EPAH,Ouest,HT01,Cité Soleil,HT0117,p-code officiel de la table Admin du fichier OCHA,SRC-026,"OCHA Haïti — 3W présence opérationnelle, juin 2026 (CC BY)",juin 2026,2026-08-14,O,B,v1.2026.08
Organisations humanitaires et de développement,ONG internationale,SI,Solidarités International,EPAH,Ouest,HT01,Cité Soleil,HT0117,p-code officiel de la table Admin du fichier OCHA,SRC-026,"OCHA Haïti — 3W présence opérationnelle, juin 2026 (CC BY)",juin 2026,2026-08-14,O,B,v1.2026.08
Organisations humanitaires et de développement,ONG internationale,SI,Solidarités International,EPAH,Ouest,HT01,Port-au-Prince,HT0111,p-code officiel de la table Admin du fichier OCHA,SRC-026,"OCHA Haïti — 3W présence opérationnelle, juin 2026 (CC BY)",juin 2026,2026-08-14,O,B,v1.2026.08
Organisations humanitaires et de développement,ONG internationale,SI,Solidarités International,EPAH,Ouest,HT01,Delmas,HT0112,p-code officiel de la table Admin du fichier OCHA,SRC-026,"OCHA Haïti — 3W présence opérationnelle, juin 2026 (CC BY)",juin 2026,2026-08-14,O,B,v1.2026.08
Organisations humanitaires et de développement,ONG internationale,COOPI,Cooperazione Internationale,EPAH,Ouest,HT01,Port-au-Prince,HT0111,p-code officiel de la table Admin du fichier OCHA,SRC-026,"OCHA Haïti — 3W présence opérationnelle, juin 2026 (CC BY)",juin 2026,2026-08-14,O,B,v1.2026.08
Organisations humanitaires et de développement,ONG internationale,WR,World Relief,EPAH,Sud,HT07,Cavaillon,HT0733,p-code officiel de la table Admin du fichier OCHA,SRC-026,"OCHA Haïti — 3W présence opérationnelle, juin 2026 (CC BY)",juin 2026,2026-08-14,O,B,v1.2026.08
Organisations humanitaires et de développement,ONG internationale,ACTED,Agence d'Aide à la Coopération Technique et au Développement,EPAH,Artibonite,HT05,Dessalines,HT0541,p-code officiel de la table Admin du fichier OCHA,SRC-026,"OCHA Haïti — 3W présence opérationnelle, juin 2026 (CC BY)",juin 2026,2026-08-14,O,B,v1.2026.08
Organisations humanitaires et de développement,ONG internationale,ACTED,Agence d'Aide à la Coopération Technique et au Développement,EPAH,Artibonite,HT05,Verrettes,HT0532,p-code officiel de la table Admin du fichier OCHA,SRC-026,"OCHA Haïti — 3W présence opérationnelle, juin 2026 (CC BY)",juin 2026,2026-08-14,O,B,v1.2026.08
Organisations humanitaires et de développement,ONG internationale,ACTED,Agence d'Aide à la Coopération Technique et au Développement,EPAH,Artibonite,HT05,Petite Rivière de l'Artibonite,HT0542,p-code officiel de la table Admin du fichier OCHA,SRC-026,"OCHA Haïti — 3W présence opérationnelle, juin 2026 (CC BY)",juin 2026,2026-08-14,O,B,v1.2026.08
Organisations humanitaires et de développement,ONG internationale,ACTED,Agence d'Aide à la Coopération Technique et au Développement,EPAH,Artibonite,HT05,Saint-Michel de l'Attalaye,HT0551,p-code officiel de la table Admin du fichier OCHA,SRC-026,"OCHA Haïti — 3W présence opérationnelle, juin 2026 (CC BY)",juin 2026,2026-08-14,O,B,v1.2026.08
Organisations humanitaires et de développement,ONG internationale,ACTED,Agence d'Aide à la Coopération Technique et au Développement,EPAH,Artibonite,HT05,Marmelade,HT0552,p-code officiel de la table Admin du fichier OCHA,SRC-026,"OCHA Haïti — 3W présence opérationnelle, juin 2026 (CC BY)",juin 2026,2026-08-14,O,B,v1.2026.08
