categorie,nom,sigle,numero_inscription,date_reconnaissance,adresse_siege,courriel,domaine_intervention,zones_declarees,departements_reconnus,communes_reconnues,pcodes_communes,methode_rattachement,nationalite,nationalite_source,moniteur,source_id,source,date_extraction,statut_valeur,niveau_qualite,version
ONG enregistrées (registre légal),"Académie Recréative , Educationnelle pour le Futurs Leaders",AREFL,B-0651,26-Nov-18,"#50, tabarre 25",info@areflhaiti.org,commune de tabarre,commune de tabarre,,Tabarre,HT0118,noms reconnus dans le texte libre des zones déclarées,Haïtienne,Haitienne,,SRC-027,"MPCE/UCAONG — registre des ONG, mpce.gouv.ht, capturé le 14/08/2026",2026-08-14,O,B,v1.2026.08
ONG enregistrées (registre légal),ACDIVOCA,ACDIVOCA,B-0431,13-Dec-07,"Rue 3 (en face 23) Parc Industriel Shodecosa, Rte Ntle #1",,Agriculture; Santé; Nutrition,Jacmel,,Jacmel,HT0211,noms reconnus dans le texte libre des zones déclarées,Américaine,Américaine,,SRC-027,"MPCE/UCAONG — registre des ONG, mpce.gouv.ht, capturé le 14/08/2026",2026-08-14,O,B,v1.2026.08
ONG enregistrées (registre légal),Action Affirmative,AA,B-0354,26-May-04,"8, Ave Martin L. King,Nazon",,Ecologie; Santé; Education,Zones critiques menacées d’érosion et d’abandon,,,,zones déclarées non reconnues,Haïtienne,Haïtienne,,SRC-027,"MPCE/UCAONG — registre des ONG, mpce.gouv.ht, capturé le 14/08/2026",2026-08-14,O,B,v1.2026.08
ONG enregistrées (registre légal),Action Aid,A.A,B-0258/ SS-005,7-Nov-02,"8,Imp Candelon,Delmas 48",,Education,Education,,,,zones déclarées non reconnues,Britanique,Britanique,,SRC-027,"MPCE/UCAONG — registre des ONG, mpce.gouv.ht, capturé le 14/08/2026",2026-08-14,O,B,v1.2026.08
ONG enregistrées (registre légal),Action Concertée pour le Développement,ACODEV,B-0249,30-Oct-96,"199 A, Route de Delmas",,Education; Santé; Traveaux Publics; Agriculture,L\&#039;Azile Morisseau Grand\&#039;Anse,,,,zones déclarées non reconnues,Haïtienne,Haïtienne,,SRC-027,"MPCE/UCAONG — registre des ONG, mpce.gouv.ht, capturé le 14/08/2026",2026-08-14,O,B,v1.2026.08
ONG enregistrées (registre légal),Action Contre la Faim,ACF,A-0109,,"49, Rue Jean Baptiste, Canapé-Vert",adminrh_haiti@ht.missions-acf.org,. Santé; Développement Communautaire,Nord-Ouest Sud Sud-Est Centre Ouest,Ouest ; Nord ; Nord-Ouest ; Centre ; Sud ; Sud-Est,,,noms reconnus dans le texte libre des zones déclarées,Française,Française,# 33 - 18/4/88,SRC-027,"MPCE/UCAONG — registre des ONG, mpce.gouv.ht, capturé le 14/08/2026",2026-08-14,O,B,v1.2026.08
ONG enregistrées (registre légal),Action Contre la Misère/World Concern Haïti,ACLAM/ WCH,B-0213,30-Oct-96,"22, Rue Boukman, Delmas 43",info@worldconcernhaitiaclam.org,Agriculture,Nord Sud Nippes Artibonite Ouest,Ouest ; Nord ; Artibonite ; Sud ; Nippes,,,noms reconnus dans le texte libre des zones déclarées,Américaine,Américaine,,SRC-027,"MPCE/UCAONG — registre des ONG, mpce.gouv.ht, capturé le 14/08/2026",2026-08-14,O,B,v1.2026.08
ONG enregistrées (registre légal),Action de Coopération pour la Renaissance et le Développement d&#039;Haiti,ACORDEH,B-0636,29-Nov-17,rue la vilette prolongee gressier,cpaaccordeh@gmail.com,education,Gressier,,Gressier,HT0116,noms reconnus dans le texte libre des zones déclarées,Haïtienne,Haitienne,,SRC-027,"MPCE/UCAONG — registre des ONG, mpce.gouv.ht, capturé le 14/08/2026",2026-08-14,O,B,v1.2026.08
ONG enregistrées (registre légal),Action Familiale d&#039;Haïti,AFH,A-0098,17-Mar-87,"65, Rue Paul VI, BP. 531, P-au-P",,Santé; Education Familiale,Nord-Ouest Sud Sud-Est Centre Ouest Nord,Ouest ; Nord ; Nord-Ouest ; Centre ; Sud ; Sud-Est,,,noms reconnus dans le texte libre des zones déclarées,Haïtienne,Haïtienne,# 37 - 30/4/87,SRC-027,"MPCE/UCAONG — registre des ONG, mpce.gouv.ht, capturé le 14/08/2026",2026-08-14,O,B,v1.2026.08
ONG enregistrées (registre légal),Action Missionnaire Globale,AMG/HAITI,A-0030,9-Jul-84,"1ère rue Jeune, Delmas 19, B.P. 493, P-au-p",,Education; Santé; Aide Alimentaire,Artibonite Ouest,Ouest ; Artibonite,,,noms reconnus dans le texte libre des zones déclarées,Américaine,Américaine,# 64 8/9/84,SRC-027,"MPCE/UCAONG — registre des ONG, mpce.gouv.ht, capturé le 14/08/2026",2026-08-14,O,B,v1.2026.08
ONG enregistrées (registre légal),Action pour le Développement du Nord-Ouest,ADNO,B-0272,25-Sep-00,"Nan Gris Gris, Port-de-Paix, Angle Lalue &amp; Nazon # 86bis",,. Agriculture . Municipalité,Port de Paix Nord-Ouest,Ouest ; Nord ; Nord-Ouest,Port-de-Paix,HT0911,noms reconnus dans le texte libre des zones déclarées,Haïtienne,Haïtienne,# 46 - 31/5/01,SRC-027,"MPCE/UCAONG — registre des ONG, mpce.gouv.ht, capturé le 14/08/2026",2026-08-14,O,B,v1.2026.08
ONG enregistrées (registre légal),Adventist Development and Relief Agency,SAWS-ADRA,A-0070,26-Aug-85,"70, Diquini 63, Rte de la Mairie, Carrefour BP. 11196, Carrefour",,Santé; Aide Alimentaire,Haïti,,,,zones déclarées non reconnues,Américaine,Américaine,# 68 - 26/9/85,SRC-027,"MPCE/UCAONG — registre des ONG, mpce.gouv.ht, capturé le 14/08/2026",2026-08-14,O,B,v1.2026.08
ONG enregistrées (registre légal),Afe Neg Combite,ANC,A-0068,25-Jul-85,"Route de Kenscoff, BP. 1703, P-au-P",Kombite@yahoo.frafengcombitgmail.com,Education; Santé; Développement Communautaire,Ouest (Kenscoff),Ouest,Kenscoff,HT0115,noms reconnus dans le texte libre des zones déclarées,Haïtienne,Haïtienne,# 64 - 12/9/85,SRC-027,"MPCE/UCAONG — registre des ONG, mpce.gouv.ht, capturé le 14/08/2026",2026-08-14,O,B,v1.2026.08
ONG enregistrées (registre légal),African Methodist Episcopal Church Service And Development Agency,AME/SADA,A-0124,17-Nov-88,"25, Rue 7, Babiole",haiti@ame-sada.org,Santé Communautaire,Santé Communautaire,,,,zones déclarées non reconnues,Africaine,Africaine,,SRC-027,"MPCE/UCAONG — registre des ONG, mpce.gouv.ht, capturé le 14/08/2026",2026-08-14,O,B,v1.2026.08
ONG enregistrées (registre légal),Agence d\&#039;Aide à la Coopération Technique et au Développement,ACTED,B-0382,,"42, Imp. Aubry, Pétion-Ville",,Eau; Santé; Assainissement,"Villes des Gonaïves et les zones rurales environnantes (Com. Ennery, Passe-Rène, Mapou Sou)",,Ennery ; Gonaïves,HT0511 ; HT0512,noms reconnus dans le texte libre des zones déclarées,Française,Française,,SRC-027,"MPCE/UCAONG — registre des ONG, mpce.gouv.ht, capturé le 14/08/2026",2026-08-14,O,B,v1.2026.08
ONG enregistrées (registre légal),Agence Haïtienne de Développement Economique et Social,AHDES,B-0191,5-Jul-95,"92, Route de Bois Boulé, Saint Médard, Arcahaie B.P.15220, PV.",,Agriculture,Arcahaie,,Arcahaie,HT0141,noms reconnus dans le texte libre des zones déclarées,Haïtienne,Haïtienne,,SRC-027,"MPCE/UCAONG — registre des ONG, mpce.gouv.ht, capturé le 14/08/2026",2026-08-14,O,B,v1.2026.08
ONG enregistrées (registre légal),"Agence Haitienne de Développement Social , Educatif et Environnemental",AHDSEE,B-0602,3-Oct-13,"16, angles des rues bouckman et delmas 49",levymichel04@gmail.com,agriculture,"plateau central,commune saut-d&#039;eau",,,,zones déclarées non reconnues,Haïtienne,Haitienne,,SRC-027,"MPCE/UCAONG — registre des ONG, mpce.gouv.ht, capturé le 14/08/2026",2026-08-14,O,B,v1.2026.08
ONG enregistrées (registre légal),Agence Pentecostale de Service Social,ASSPEN,B-0436,3-Mar-08,"1A, Duplan, Fermathe (à côté de l&#039;Eglise Catholique)",,. Assistance Sociale,Fermathe,,,,zones déclarées non reconnues,Haïtienne,Haïtienne,,SRC-027,"MPCE/UCAONG — registre des ONG, mpce.gouv.ht, capturé le 14/08/2026",2026-08-14,O,B,v1.2026.08
ONG enregistrées (registre légal),Agrisud,AGRISUD,B-0591,16-Apr-15,"Dubout,Veterined, Limonade, route Nationale #6",,Agriculture,"Limbe, Bas-limbe, Limonade",,Bas Limbé ; Limbé ; Limonade,HT0313 ; HT0361 ; HT0362,noms reconnus dans le texte libre des zones déclarées,Française,Française,,SRC-027,"MPCE/UCAONG — registre des ONG, mpce.gouv.ht, capturé le 14/08/2026",2026-08-14,O,B,v1.2026.08
ONG enregistrées (registre légal),Agro Action Allemande,AAA,B-0211,11-Jan-96,"52, Rue Mangonès, Berthé, Pétion-Ville",hti.pap.bra@welthungerlife.de,Agriculture; Education,Nord\\\&#039;Ouest Ile de la Tortue Artibonite Sud\\\&#039;Est Ouest,Ouest ; Nord ; Artibonite ; Sud,La Tortue,HT0912,noms reconnus dans le texte libre des zones déclarées,Allemande,Allemande,22/2/95,SRC-027,"MPCE/UCAONG — registre des ONG, mpce.gouv.ht, capturé le 14/08/2026",2026-08-14,O,B,v1.2026.08
ONG enregistrées (registre légal),Aid to Artisans,ATA,B-0245,12-Sep-02,,,,,,,,aucune zone déclarée au registre,Haïtienne,Haïtienne,,SRC-027,"MPCE/UCAONG — registre des ONG, mpce.gouv.ht, capturé le 14/08/2026",2026-08-14,O,B,v1.2026.08
ONG enregistrées (registre légal),Aide de l&#039;Eglise Norvegienne / Norwegian Church Aid,NCA,B-0536,3-Aug-11,"Rue Boisrond Canal(Puits Blain)Route de Freres,Petion Ville",nca-oslo@nca.no,Eau et Assainissement,Cite Soleil,,Cité Soleil,HT0117,noms reconnus dans le texte libre des zones déclarées,Norvegienne,Norvegienne,,SRC-027,"MPCE/UCAONG — registre des ONG, mpce.gouv.ht, capturé le 14/08/2026",2026-08-14,O,B,v1.2026.08
ONG enregistrées (registre légal),Aide et Action,AeA,B-0378,16-Aug-05,"3, Imp Dumont, Rue Garnier Bourdon HT6111 B.P 19077 P-au-P www.aide-et-action.org",info@aide-et-action.org,Education,Artibonite (Marchand Dessalines) Nippes Centre,Artibonite ; Centre ; Nippes,Dessalines,HT0541,noms reconnus dans le texte libre des zones déclarées,Française,Française,5/8/2006,SRC-027,"MPCE/UCAONG — registre des ONG, mpce.gouv.ht, capturé le 14/08/2026",2026-08-14,O,B,v1.2026.08
ONG enregistrées (registre légal),Aide Médicale Internationale,AMI,B-0308,25-Nov-02,"77, Rue Tippenauer, Route de Frères",,Santé,Saint-Michel de l&#039;Attalaye,,,,zones déclarées non reconnues,Française,Française,,SRC-027,"MPCE/UCAONG — registre des ONG, mpce.gouv.ht, capturé le 14/08/2026",2026-08-14,O,B,v1.2026.08
ONG enregistrées (registre légal),Aide Suisse à l&#039;Action Communautaire en Haïti,ASACH,A-0136,26-Apr-89,"204, Constantin Mayard, BP. 15005, P-V",,Education,Education,,,,zones déclarées non reconnues,Suisse,Suisse,# 67-A - 31/8/89,SRC-027,"MPCE/UCAONG — registre des ONG, mpce.gouv.ht, capturé le 14/08/2026",2026-08-14,O,B,v1.2026.08
ONG enregistrées (registre légal),Aids Healthcare Foundation,AHF,B-0512,28-Apr-11,"14,rue Garnier ,Bourdon, P-au-Pce",,Sante,Ouest/Commune de Tabarre,Ouest,Tabarre,HT0118,noms reconnus dans le texte libre des zones déclarées,Américaine,Americaine,,SRC-027,"MPCE/UCAONG — registre des ONG, mpce.gouv.ht, capturé le 14/08/2026",2026-08-14,O,B,v1.2026.08
ONG enregistrées (registre légal),"All Hands Volunteers ,Inc /Ci-devant Hands on Disaster Response",HODR,B-0576,24-Sep-12,,,,,,,,aucune zone déclarée au registre,,,,SRC-027,"MPCE/UCAONG — registre des ONG, mpce.gouv.ht, capturé le 14/08/2026",2026-08-14,O,B,v1.2026.08
ONG enregistrées (registre légal),Alliance d&#039;Action Chrétienne,AAC,B-0409,25-Sep-06,"5, Impasse Registre, Thomassin 32",,Education; Santé; Alphabétisation,Pélerin Courlette Turin Thomassin Régions avoisinantes de Pétion-Ville,,Pétion-Ville,HT0114,noms reconnus dans le texte libre des zones déclarées,Haïtienne,Haïtienne,,SRC-027,"MPCE/UCAONG — registre des ONG, mpce.gouv.ht, capturé le 14/08/2026",2026-08-14,O,B,v1.2026.08
ONG enregistrées (registre légal),Alliance d&#039;Amour,AA,B-0217,22-Dec-95,"79, Imp. Eddy, Carrefour-Feuilles",,Assistance Sociale,Port-au-Prince Léogane,,Léogâne ; Port-au-Prince,HT0111 ; HT0121,noms reconnus dans le texte libre des zones déclarées,Haïtienne,Haïtienne,18/3/96,SRC-027,"MPCE/UCAONG — registre des ONG, mpce.gouv.ht, capturé le 14/08/2026",2026-08-14,O,B,v1.2026.08
ONG enregistrées (registre légal),Alliance for International Medical Action,ALIMA,B-0569,29-Aug-12,"13,rue Armand Holly,Debussy,Turgeau",haiti.rp@alima-ngo.orghaiti.confirh,Sante,"Croix-des-bouquets, Kenscoff,Petion-ville",,Croix-Des-Bouquets ; Kenscoff ; Pétion-Ville,HT0114 ; HT0115 ; HT0131,noms reconnus dans le texte libre des zones déclarées,,,,SRC-027,"MPCE/UCAONG — registre des ONG, mpce.gouv.ht, capturé le 14/08/2026",2026-08-14,O,B,v1.2026.08
ONG enregistrées (registre légal),Alliance Nationale des Directeurs de Programme Sida des Etats et Territoires(National Alliance of State and Territorial Aids Directors),NASTAD,B-0480,5-Jul-10,"10,Delmas 81",,Sante,Ouest,Ouest,,,noms reconnus dans le texte libre des zones déclarées,Américaine,Americaine,,SRC-027,"MPCE/UCAONG — registre des ONG, mpce.gouv.ht, capturé le 14/08/2026",2026-08-14,O,B,v1.2026.08
ONG enregistrées (registre légal),Alliance pour l&#039;Enfance et le Developpement Communautaire,AEDC,A-0027,13-Jun-84,"8, Imp. Baron, Turgeau",,Agriculture Education Devt communautaire,Agriculture Education Devt communautaire,,,,zones déclarées non reconnues,Haïtienne,Haïtienne,"# 76, 29/10/84",SRC-027,"MPCE/UCAONG — registre des ONG, mpce.gouv.ht, capturé le 14/08/2026",2026-08-14,O,B,v1.2026.08
ONG enregistrées (registre légal),American Friends Service Commite,AFSC,B-0241,10-Apr-96,"Delmas 71, rue Fougère, P-au-P",,Assistance Sociale; Agriculture; Santé; Education,Grand&#039;Anse,,,,zones déclarées non reconnues,Américaine,Américaine,,SRC-027,"MPCE/UCAONG — registre des ONG, mpce.gouv.ht, capturé le 14/08/2026",2026-08-14,O,B,v1.2026.08
ONG enregistrées (registre légal),American Refugee Committee,ARC,B-0548,21-Oct-11,"9,Delmas 75",haitihradmin@archq.org,Sante,Delmas,,Delmas,HT0112,noms reconnus dans le texte libre des zones déclarées,Américaine,Americaine,,SRC-027,"MPCE/UCAONG — registre des ONG, mpce.gouv.ht, capturé le 14/08/2026",2026-08-14,O,B,v1.2026.08
ONG enregistrées (registre légal),Amicale des Saint-Marcois Reunis,L&#039;AMICALE,B-0159,13-Aug-93,,,,,,,,aucune zone déclarée au registre,Haïtienne,Haïtienne,,SRC-027,"MPCE/UCAONG — registre des ONG, mpce.gouv.ht, capturé le 14/08/2026",2026-08-14,O,B,v1.2026.08
ONG enregistrées (registre légal),An nou Lite Pou Ayiti Miyò,ALPAM,B-0653,9-Jun-20,"Rue des fleurs, chantilly, camp perrin",Mdenis@alpamgroup.org,Sud/ Grand-Anse,education - Sante -Psycho Social,,,,zones déclarées non reconnues,Haïtienne,Haitienne,,SRC-027,"MPCE/UCAONG — registre des ONG, mpce.gouv.ht, capturé le 14/08/2026",2026-08-14,O,B,v1.2026.08
ONG enregistrées (registre légal),Ananda Marga-Universal Relief Team,AMURT,B-0424,10-Oct-07,"8, Rue Monitor, Delmas 33",haiti@amurt.net,Education; Assistance Sociale,Ouest (Bourdon),Ouest,,,noms reconnus dans le texte libre des zones déclarées,Haïtienne,Haïtienne,,SRC-027,"MPCE/UCAONG — registre des ONG, mpce.gouv.ht, capturé le 14/08/2026",2026-08-14,O,B,v1.2026.08
ONG enregistrées (registre légal),Annavan Ayiti,AA,B-0660,26-Mai-2021,"52,TABARRE 70, Torcel, Haiti",graciadesforges@hotmail.com,Sante,Sante,,,,zones déclarées non reconnues,Haïtienne,Haitienne,,SRC-027,"MPCE/UCAONG — registre des ONG, mpce.gouv.ht, capturé le 14/08/2026",2026-08-14,O,B,v1.2026.08
ONG enregistrées (registre légal),Ansanm pou yon Demen Miyó an Ayiti,ADEMA,B-0613,19-Fev-15,"#76,boulevard 15 octobre, route de tabarre",association@ademahaiti.org,education,jean rabel,,Jean Rabel,HT0934,noms reconnus dans le texte libre des zones déclarées,Haïtienne,Haitienne,,SRC-027,"MPCE/UCAONG — registre des ONG, mpce.gouv.ht, capturé le 14/08/2026",2026-08-14,O,B,v1.2026.08
ONG enregistrées (registre légal),Arbeiter-Samariter-Bund Deutschland E.V.,ASB,B-0671,,,,,,,,,aucune zone déclarée au registre,,,,SRC-027,"MPCE/UCAONG — registre des ONG, mpce.gouv.ht, capturé le 14/08/2026",2026-08-14,O,B,v1.2026.08
ONG enregistrées (registre légal),Arbo de Vivo Haiti,ADVH,B-0471,23-Mar-10,"Rue Manno Sanon, Vaudreuil, Cap Haitien",,Agriculture,La Source (localite de Fort-Liberté),,Fort-Liberté,HT0411,noms reconnus dans le texte libre des zones déclarées,Haïtienne,Haïtienne,,SRC-027,"MPCE/UCAONG — registre des ONG, mpce.gouv.ht, capturé le 14/08/2026",2026-08-14,O,B,v1.2026.08
ONG enregistrées (registre légal),Architectes Sans Frontières Espagne,ASF-E,B-0395,10-Jul-06,"2 bis, Rue Kernisant, Delmas 33",,Agriculture; Education; Environnement,Anse-à-Pitre,,Anse-à-Pître,HT0234,noms reconnus dans le texte libre des zones déclarées,Espagnole,Espagnole,,SRC-027,"MPCE/UCAONG — registre des ONG, mpce.gouv.ht, capturé le 14/08/2026",2026-08-14,O,B,v1.2026.08
ONG enregistrées (registre légal),Armée du Salut,AS,A-0063,5-Jul-85,"20, Delmas 2, BP. 301, P-AU-P",,Education; Santé; Assistance Sociale,Sud Ouest,Ouest ; Sud,,,noms reconnus dans le texte libre des zones déclarées,Américaine,Americaine,# 74 - 21/11/85,SRC-027,"MPCE/UCAONG — registre des ONG, mpce.gouv.ht, capturé le 14/08/2026",2026-08-14,O,B,v1.2026.08
ONG enregistrées (registre légal),Asamblea de Cooperacion Por la Paz,ACPP,B-0435,27-Feb-08,"Lamandon 1, à côté du Saint Sosyal Lakonbit",,Agriculture,"Belle-Anse, Marbial, Calumette, Corail Lamothe",,Belle-Anse ; Corail,HT0231 ; HT0831,noms reconnus dans le texte libre des zones déclarées,Espagnole,Espagnole,,SRC-027,"MPCE/UCAONG — registre des ONG, mpce.gouv.ht, capturé le 14/08/2026",2026-08-14,O,B,v1.2026.08
ONG enregistrées (registre légal),Asosyasyon Peyizan Fondwa,APF,B-0465,24-Aug-09,"31,Rue Cheriez(Angles Rues Bois Patate et FausTin 1er)",apf222@aol.com,Education,Sud-Est,Sud ; Sud-Est,,,noms reconnus dans le texte libre des zones déclarées,Haïtienne,Haïtienne,,SRC-027,"MPCE/UCAONG — registre des ONG, mpce.gouv.ht, capturé le 14/08/2026",2026-08-14,O,B,v1.2026.08
ONG enregistrées (registre légal),Assemblée Spirituelle Nationale des Bahai\&#039;s d\&#039;Haïti,ASN,A-0012,15-Dec-83,"22-24, Ave Ducoste BP. 1247, P-au-P",,Education; Agriculture,Ouest Artibonite,Ouest ; Artibonite,,,noms reconnus dans le texte libre des zones déclarées,Haïtienne,Haïtienne,# 18 - 5/3/84,SRC-027,"MPCE/UCAONG — registre des ONG, mpce.gouv.ht, capturé le 14/08/2026",2026-08-14,O,B,v1.2026.08
ONG enregistrées (registre légal),Assistance Medicale d&#039;Urgence Internationale / Medical Emergency Relief International,MERLIN,B-0511,31-Mar-11,"8,rue Simon, Delmas 83",hq@merlin.org.uk,Sante,Aire Metropolitaine de Port-au-Prince/Petit-Goave/Grd Goave,,Petit-Goâve ; Port-au-Prince,HT0111 ; HT0122,noms reconnus dans le texte libre des zones déclarées,Britanique,Britanique,,SRC-027,"MPCE/UCAONG — registre des ONG, mpce.gouv.ht, capturé le 14/08/2026",2026-08-14,O,B,v1.2026.08
ONG enregistrées (registre légal),Association Arche d&#039;Haïti,AAH,A-0015,4-Jan-84,"Thor 67, Rue Oran, BP. 11075, Carrefour",,Aide aux Handi-capés,Sud Ouest,Ouest ; Sud,,,noms reconnus dans le texte libre des zones déclarées,Haïtienne,Haïtienne,# 22 - 19/3/84,SRC-027,"MPCE/UCAONG — registre des ONG, mpce.gouv.ht, capturé le 14/08/2026",2026-08-14,O,B,v1.2026.08
ONG enregistrées (registre légal),Association d&#039;Aide aux Enfants Deshérités Haïtiens,AAEDH,A-0099,8-Apr-87,"13, Ruelle Berne, Bois-Verna",,Education; Santé; Développement Communautaire,Ouest,Ouest,,,noms reconnus dans le texte libre des zones déclarées,Haïtienne,Haïtienne,# 64 - 6/8/87,SRC-027,"MPCE/UCAONG — registre des ONG, mpce.gouv.ht, capturé le 14/08/2026",2026-08-14,O,B,v1.2026.08
ONG enregistrées (registre légal),Association d&#039;Assistance Medicale aux Humbles,AAMH,A-0052,28-Nov-84,"2, Imp. Rigaud, Bois Verna",,Sante Education Assistance Sociale,Sante Education Assistance Sociale,,,,zones déclarées non reconnues,Haïtienne,Haïtienne,#6 - 21/1/85,SRC-027,"MPCE/UCAONG — registre des ONG, mpce.gouv.ht, capturé le 14/08/2026",2026-08-14,O,B,v1.2026.08
ONG enregistrées (registre légal),Association d&#039;Encadrement pour le Développement de l&#039;Arrière-Pays,AEDAP,A-0018,8-Feb-84,"Delmas 29 # 16, rue des Miracles # 96",,Education; Agriculture; Développement Communautaire,Sud,Sud,,,noms reconnus dans le texte libre des zones déclarées,Haïtienne,Haïtienne,# 37 27/5/84,SRC-027,"MPCE/UCAONG — registre des ONG, mpce.gouv.ht, capturé le 14/08/2026",2026-08-14,O,B,v1.2026.08
ONG enregistrées (registre légal),Association des Eglises Missionnaires,AEM,A-0053,20-Dec-84,"Delmas 41, rue Faustin 1er # 13",,Agriculture; Santé; Education,Centre Nord-Est Sud-Est,Nord ; Nord-Est ; Centre ; Sud ; Sud-Est,,,noms reconnus dans le texte libre des zones déclarées,Américaine,Américaine,# 67 - 23/9/85,SRC-027,"MPCE/UCAONG — registre des ONG, mpce.gouv.ht, capturé le 14/08/2026",2026-08-14,O,B,v1.2026.08
ONG enregistrées (registre légal),Association des Familles et des Femmes pour le Developpement du Plateau Central,AFFDPC,B-0470,23-Nov-09,"170, Rue Toussaint Louverture, Hinche",affdechinche@yahoo.fr,Agriculture; Santé; Education,Hinche Cerca Cavajal,,Hinche,HT0611,noms reconnus dans le texte libre des zones déclarées,Haïtienne,Haïtienne,,SRC-027,"MPCE/UCAONG — registre des ONG, mpce.gouv.ht, capturé le 14/08/2026",2026-08-14,O,B,v1.2026.08
ONG enregistrées (registre légal),Association des Oeuvres Privées de Santé,AOPS,A-0001,3-Jul-83,"Rue Borno # 41, P-V, BP1389, Delmas",lealyarcher@gmail.com,Santé,Haïti,,,,zones déclarées non reconnues,Haïtienne,Haïtienne,# 71 - 4/10/84,SRC-027,"MPCE/UCAONG — registre des ONG, mpce.gouv.ht, capturé le 14/08/2026",2026-08-14,O,B,v1.2026.08
ONG enregistrées (registre légal),Association des Paysans de Value,APV,A-0137,26-Apr-89,"Vallue, 12e. Section communale de Petit-Goâve BP.11014, Carrefour",apvallue@gmail.com,Santé; Education; Agriculture,Ouest (Vallue),Ouest,,,noms reconnus dans le texte libre des zones déclarées,Haïtienne,Haïtienne,# 67-A - 31/8/89,SRC-027,"MPCE/UCAONG — registre des ONG, mpce.gouv.ht, capturé le 14/08/2026",2026-08-14,O,B,v1.2026.08
ONG enregistrées (registre légal),Association For Aid and Relief Japan,AAR-JAPAN,B-0565,,"Imp. Chacha Laguerre, route de freres,vivy Mitchel",,"Assistance sociale, Assistance technique",port-au-prine et les zones environnantes,,,,zones déclarées non reconnues,,,,SRC-027,"MPCE/UCAONG — registre des ONG, mpce.gouv.ht, capturé le 14/08/2026",2026-08-14,O,B,v1.2026.08
ONG enregistrées (registre légal),Association Haïtienne d&#039;Aide aux Enfants Nécessiteux et au Relèvement des Communes de l&#039;Artibonite,ASENACA,B-0183,26-May-95,"49, Angle Rues Chavanes-Geffrard, Pétion-Ville",,Agriculture,Artibonite (Marmelade),Artibonite,Marmelade,HT0552,noms reconnus dans le texte libre des zones déclarées,Haïtienne,Haïtienne,,SRC-027,"MPCE/UCAONG — registre des ONG, mpce.gouv.ht, capturé le 14/08/2026",2026-08-14,O,B,v1.2026.08
ONG enregistrées (registre légal),Association Haïtienne des Agences Bénévoles,HAVA,A-0064,5-Jul-85,"Rue Chochotte, Babiole, BP.2481, P-au-P",,Association d&#039;ONG,Association d&#039;ONG,,,,zones déclarées non reconnues,Haïtienne,Haïtienne,# 64 - 12/9/85,SRC-027,"MPCE/UCAONG — registre des ONG, mpce.gouv.ht, capturé le 14/08/2026",2026-08-14,O,B,v1.2026.08
ONG enregistrées (registre légal),Association Haïtienne pour la Maîtrise des Eaux et des Sols,ASSODLO,B-0150,,,,,,,,,aucune zone déclarée au registre,,,,SRC-027,"MPCE/UCAONG — registre des ONG, mpce.gouv.ht, capturé le 14/08/2026",2026-08-14,O,B,v1.2026.08
ONG enregistrées (registre légal),Association Haïtienne pour la Maitrise des Eaux et des Sols,ASSODLO,B-0150,,"3, Vallée Michel, Kenskoff 72",assodlo@yahoo.fr,,,,,,aucune zone déclarée au registre,Haïtienne,Haïtienne,,SRC-027,"MPCE/UCAONG — registre des ONG, mpce.gouv.ht, capturé le 14/08/2026",2026-08-14,O,B,v1.2026.08
ONG enregistrées (registre légal),Association Haïtienne pour la Promotion d\&#039;un Développement Autonome,PRODEVA,B-0280,5-Jun-01,"60, Tabarre 76, Blvd 15 Octobre",,. Agriculture . Santé . Hydraulogie . Education,Artibonite: Ennery,Artibonite,Ennery,HT0512,noms reconnus dans le texte libre des zones déclarées,Haïtienne,Haïtienne,,SRC-027,"MPCE/UCAONG — registre des ONG, mpce.gouv.ht, capturé le 14/08/2026",2026-08-14,O,B,v1.2026.08
ONG enregistrées (registre légal),Association Haïtienne Pour le Développement Local,AHDL,B-0401,25-Sep-06,"Eden Plaza, Apt 109, Rue Rigaud, Pétion-Ville",,Education; Santé; Développement; Formation,"Deslandes, 4e Section Communale de Savanne-à-Roche (Petite Rivière)",,,,zones déclarées non reconnues,Haïtienne,Haïtienne,,SRC-027,"MPCE/UCAONG — registre des ONG, mpce.gouv.ht, capturé le 14/08/2026",2026-08-14,O,B,v1.2026.08
ONG enregistrées (registre légal),Association Konbit Neg Lakay,KONELAK,A-0069,26-Jul-85,"509, Haut Delmas",,Agriculture; Santé; Education; Développement Communautaire,Agriculture; Santé; Education; Développement Communautaire,,,,zones déclarées non reconnues,Haïtienne,Haïtienne,# 68 - 26/9/85,SRC-027,"MPCE/UCAONG — registre des ONG, mpce.gouv.ht, capturé le 14/08/2026",2026-08-14,O,B,v1.2026.08
ONG enregistrées (registre légal),Association Les Amis d&#039;Haïti,AAH,A-0002,18-Jul-83,"BP.858, P-au-P",,Agriculture; Artisanat; Santé,Belle-Anse,,Belle-Anse,HT0231,noms reconnus dans le texte libre des zones déclarées,Française,Française,# 72 -13/11/83,SRC-027,"MPCE/UCAONG — registre des ONG, mpce.gouv.ht, capturé le 14/08/2026",2026-08-14,O,B,v1.2026.08
ONG enregistrées (registre légal),Association Main d&#039;Amour pour le Developpement,AMAD,B-0173,11-May-95,"32, Rue Piquant,3eme Etage Port-au-Prince",,Education Sante,Ganthier,,Ganthier,HT0133,noms reconnus dans le texte libre des zones déclarées,Haïtienne,Haïtienne,,SRC-027,"MPCE/UCAONG — registre des ONG, mpce.gouv.ht, capturé le 14/08/2026",2026-08-14,O,B,v1.2026.08
ONG enregistrées (registre légal),Association Nationale des Scouts d&#039;Haïti,ANSH,A-0054,20-Dec-84,"147, Dr. Aubry BP. 412, P-au-P",,Education; Santé; Développement Communautaire,Education; Santé; Développement Communautaire,,,,zones déclarées non reconnues,Haïtienne,Haïtienne,# 25 - 01/4/85,SRC-027,"MPCE/UCAONG — registre des ONG, mpce.gouv.ht, capturé le 14/08/2026",2026-08-14,O,B,v1.2026.08
ONG enregistrées (registre légal),Association Nationale des Scouts Eclaireurs d&#039;Haïti,ANSEH,A-0112,10-Sep-87,Blvd. Harry Truman Bloc Education Nle,,Education; Santé; Développement Communautaire,Ouest Artibonite,Ouest ; Artibonite,,,noms reconnus dans le texte libre des zones déclarées,Haïtienne,Haïtienne,,SRC-027,"MPCE/UCAONG — registre des ONG, mpce.gouv.ht, capturé le 14/08/2026",2026-08-14,O,B,v1.2026.08
ONG enregistrées (registre légal),Association Nationale pour l\&#039;Encadrement de la Femme Haitienne,ANEFH,B-0543,,"8,Delmas 49",,Assistance sociale,Cite Soleil,,Cité Soleil,HT0117,noms reconnus dans le texte libre des zones déclarées,Haïtienne,Haïtienne,,SRC-027,"MPCE/UCAONG — registre des ONG, mpce.gouv.ht, capturé le 14/08/2026",2026-08-14,O,B,v1.2026.08
ONG enregistrées (registre légal),"Association Para La Cooperacion Con El Sur, Las Segovias",ACSUR,B-0250,28-Jan-97,"34, Goulard Coin Rue Villate, Place Boyer, P-V",,Santé; Education,Département du Centre,Centre,,,noms reconnus dans le texte libre des zones déclarées,Espagnole,Espagnole,,SRC-027,"MPCE/UCAONG — registre des ONG, mpce.gouv.ht, capturé le 14/08/2026",2026-08-14,O,B,v1.2026.08
ONG enregistrées (registre légal),Association Paysans Réunis,APR,B-0295,19-Mar-02,"No. 9, Grand-Rue, Pte. Rivière de Nippes, Mon Repos 40, Rue Louverture, # 240, Carrefour",,Agriculture,Anse-à-Veau,,Anse-à-Veau,HT1021,noms reconnus dans le texte libre des zones déclarées,Haïtienne,Haïtienne,,SRC-027,"MPCE/UCAONG — registre des ONG, mpce.gouv.ht, capturé le 14/08/2026",2026-08-14,O,B,v1.2026.08
ONG enregistrées (registre légal),Association Por La Paz Y El Desarrollo,PAZ Y DESARROLLO,B-0319,22-May-03,"Rte. Marin 36, Barrière 49 (rte Ntle # 1), BO.992, P-au-P, Haïti",,Education; Agricole; Sanitaire,Plaine du Cul-de-Sac,,,,zones déclarées non reconnues,Espagnole,Espagnole,,SRC-027,"MPCE/UCAONG — registre des ONG, mpce.gouv.ht, capturé le 14/08/2026",2026-08-14,O,B,v1.2026.08
ONG enregistrées (registre légal),Association pour l&#039;Avancement des Jeunes de Cote Plage,ASSAVEJEC,B-0157,9-Jul-93,"27, rue Tovar Cote Plage 20, Carrefour, P-au-P",,Santé; Education; Assistance Sociale,Santé; Education; Assistance Sociale,,,,zones déclarées non reconnues,Haïtienne,Haïtienne,,SRC-027,"MPCE/UCAONG — registre des ONG, mpce.gouv.ht, capturé le 14/08/2026",2026-08-14,O,B,v1.2026.08
ONG enregistrées (registre légal),Association pour l&#039;Avancement Social et la Reconstruction des zones vulnerables,,B-0501,11-Mar-11,,,,,,,,aucune zone déclarée au registre,Haïtienne,Haïtienne,,SRC-027,"MPCE/UCAONG — registre des ONG, mpce.gouv.ht, capturé le 14/08/2026",2026-08-14,O,B,v1.2026.08
ONG enregistrées (registre légal),Association pour la Prévention de l\&#039;Alcoolisme et Autres Accoutumances Chimiques,APAAC,A-0145,19-Jun-89,"9, Delmas 60",apaac@hainet.netadminapaachaiti.org,Santé Mentale,Haïti,,,,zones déclarées non reconnues,Haïtienne,Haïtienne,# 74 - 25/9/89,SRC-027,"MPCE/UCAONG — registre des ONG, mpce.gouv.ht, capturé le 14/08/2026",2026-08-14,O,B,v1.2026.08
ONG enregistrées (registre légal),Association pour la Promotion de la Famille Haïtienne,PROFAMIL,A-0072,9-Sep-85,"86, Rue Du Champ de Mars",,Planification Familiale,Planification Familiale,,,,zones déclarées non reconnues,Haïtienne,Haïtienne,# 82 - 25/11/85,SRC-027,"MPCE/UCAONG — registre des ONG, mpce.gouv.ht, capturé le 14/08/2026",2026-08-14,O,B,v1.2026.08
ONG enregistrées (registre légal),Association pour la Promotion de la Sante Integrale de la Famille,APROSIFA,B-0524,9-Jun-11,"112, Route des Dalles,Carrefour Feuilles",,Sante,7eme Section Communale morne l&#039;Hopital,,,,zones déclarées non reconnues,Haïtienne,Haïtienne,,SRC-027,"MPCE/UCAONG — registre des ONG, mpce.gouv.ht, capturé le 14/08/2026",2026-08-14,O,B,v1.2026.08
ONG enregistrées (registre légal),Association pour la promotion Sociale et le Développement Communautaire,APROSDEC,A-0102,23-Apr-87,"135, Rue Sans-Fil, BP.15171, P-V",,Education; Santé; Agriculture,Cabaret,,Cabaret,HT0142,noms reconnus dans le texte libre des zones déclarées,Haïtienne,Haïtienne,# 64 - 6/8/87,SRC-027,"MPCE/UCAONG — registre des ONG, mpce.gouv.ht, capturé le 14/08/2026",2026-08-14,O,B,v1.2026.08
ONG enregistrées (registre légal),Association pour la Réhabilitation Socio-Economique du Nord&#039;Ouest,ARSENO,B-0365,13-Dec-04,,,Assistance Sociale,"Lapoint, St. Louis du Nord",Nord,,,noms reconnus dans le texte libre des zones déclarées,Haïtienne,Haïtienne,,SRC-027,"MPCE/UCAONG — registre des ONG, mpce.gouv.ht, capturé le 14/08/2026",2026-08-14,O,B,v1.2026.08
ONG enregistrées (registre légal),Association pour le Developpement,AND,B-0154,15-Jun-93,,,,,,,,aucune zone déclarée au registre,Haïtienne,Haïtienne,,SRC-027,"MPCE/UCAONG — registre des ONG, mpce.gouv.ht, capturé le 14/08/2026",2026-08-14,O,B,v1.2026.08
ONG enregistrées (registre légal),Association pour le Développement Intègre des Populations,ADIP,A-0120,9-Aug-88,"Angle rues Brun Ricot et Caïman, BP.870, P-au-P",,Santé; Agriculture; Education; Développement Communautaire,Santé; Agriculture; Education; Développement Communautaire,,,,zones déclarées non reconnues,Haïtienne,Haïtienne,# 50-A - 3/7/89,SRC-027,"MPCE/UCAONG — registre des ONG, mpce.gouv.ht, capturé le 14/08/2026",2026-08-14,O,B,v1.2026.08
ONG enregistrées (registre légal),Association Privée de Santé Aya Mwuana,ASPSAM,B-0363,28-Oct-04,"70, Rue Rigaud, Pétion-Ville",,Santé,"Localité de Bleck, Commune de Thiotte",,Thiotte,HT0233,noms reconnus dans le texte libre des zones déclarées,Haïtienne,Haïtienne,,SRC-027,"MPCE/UCAONG — registre des ONG, mpce.gouv.ht, capturé le 14/08/2026",2026-08-14,O,B,v1.2026.08
ONG enregistrées (registre légal),Association Services Secours,ASS,A-0125,17-Nov-88,"52, Rue Pacot, BP. 2299, P-au-P",,Education; Agriculture; Développement Communautaire,Education; Agriculture; Développement Communautaire,,,,zones déclarées non reconnues,Haïtienne,Haïtienne,#57 - 27/7/89,SRC-027,"MPCE/UCAONG — registre des ONG, mpce.gouv.ht, capturé le 14/08/2026",2026-08-14,O,B,v1.2026.08
ONG enregistrées (registre légal),Association Solidarité et Vie,ASV,B-0463,2-Jul-09,"9, Imp. Charly, Tabarre 33",,,,,,,aucune zone déclarée au registre,Française,Française,"#32, 29/4/10",SRC-027,"MPCE/UCAONG — registre des ONG, mpce.gouv.ht, capturé le 14/08/2026",2026-08-14,O,B,v1.2026.08
ONG enregistrées (registre légal),Association Suisse pour le Développement et la Coopération,HELVETAS,B-0171,28-Dec-94,"30, Impasse Larose et Rue Mercier-Laham, Delmas 60, Musseau",,Agriculture et Environnement,Les Départements (Nord - l\&#039;Ouest),Ouest ; Nord,,,noms reconnus dans le texte libre des zones déclarées,Suisse,Suisse,,SRC-027,"MPCE/UCAONG — registre des ONG, mpce.gouv.ht, capturé le 14/08/2026",2026-08-14,O,B,v1.2026.08
ONG enregistrées (registre légal),Association Zanmi Agrikòl,AZA,B-0670,28-Dec-21,"rte nle #3, corporant mirebalais, Plateau central",azainfo@migrikol.org,agriculture,"Mirebalais, boucan carre, thomonde et Maissade",,Boucan Carré ; Maïssade ; Mirebalais ; Thomonde,HT0612 ; HT0613 ; HT0621 ; HT0623,noms reconnus dans le texte libre des zones déclarées,Haïtienne,haitienne,,SRC-027,"MPCE/UCAONG — registre des ONG, mpce.gouv.ht, capturé le 14/08/2026",2026-08-14,O,B,v1.2026.08
ONG enregistrées (registre légal),Associazione Volontari Per Il Servicio Internazionale,AVSI,B-0371,5-Jul-05,"32, Rue Métellus, Pétion-Ville haiti@avsi.org",haitisad@avsi.orgflaviamairelaavsi.org,Agriculture; Sécurité Alimentaire; Assistance Sociale,Torbeck,,Torbeck,HT0712,noms reconnus dans le texte libre des zones déclarées,Italienne,Italienne,,SRC-027,"MPCE/UCAONG — registre des ONG, mpce.gouv.ht, capturé le 14/08/2026",2026-08-14,O,B,v1.2026.08
ONG enregistrées (registre légal),Atd Quart Monde-Terre et Homme de Demain,ATD QUART MONDE,B-0605,,"rue, dr douyon 315 fontamara 27,ht6119",haiti@atdquartmonde.org,assistance sociale,"bolosse, fontamara et haut matissant",,,,zones déclarées non reconnues,Française,francaise,,SRC-027,"MPCE/UCAONG — registre des ONG, mpce.gouv.ht, capturé le 14/08/2026",2026-08-14,O,B,v1.2026.08
ONG enregistrées (registre légal),Ayiti Education,A.E,B-0314,10-Apr-03,"23, Rue Pierre Monteil, Péguy-Ville",,Education,Tabarre,,Tabarre,HT0118,noms reconnus dans le texte libre des zones déclarées,Française,Française,,SRC-027,"MPCE/UCAONG — registre des ONG, mpce.gouv.ht, capturé le 14/08/2026",2026-08-14,O,B,v1.2026.08
ONG enregistrées (registre légal),Ayiti Gouvenans,AG,B-0452,,"19, Rue Godfroy, Delmas 33 www.ayitigouvenans.org",,Assistance Technique,Jean-Rabel Mole Saint-Nicolas,,Jean Rabel ; Môle Saint Nicolas,HT0931 ; HT0934,noms reconnus dans le texte libre des zones déclarées,Haïtienne,Haïtienne,,SRC-027,"MPCE/UCAONG — registre des ONG, mpce.gouv.ht, capturé le 14/08/2026",2026-08-14,O,B,v1.2026.08
ONG enregistrées (registre légal),Beraca Community Development Coorporation,BCDC,B-0644,6-Aug-18,"#87 bire, leogane",,education,Leogane,,Léogâne,HT0121,noms reconnus dans le texte libre des zones déclarées,Haïtienne,Haitienne,,SRC-027,"MPCE/UCAONG — registre des ONG, mpce.gouv.ht, capturé le 14/08/2026",2026-08-14,O,B,v1.2026.08
ONG enregistrées (registre légal),Beraka,BERAKA,B-0451,10-Nov-08,"6, Rue Antoine, Bon Repos, Croix-des-Bouquets",,Assistance Humanitaire,Plaine du Cul de Sac,,,,zones déclarées non reconnues,Haïtienne,Haïtienne,,SRC-027,"MPCE/UCAONG — registre des ONG, mpce.gouv.ht, capturé le 14/08/2026",2026-08-14,O,B,v1.2026.08
ONG enregistrées (registre légal),Bethany Christian Services Global,BCSG,B-0655,17-Jan-20,#9 LINGZ Harry Village Meisgate 8,vdemero@innfocardedu.ht,Commune Delmas et Aire Metropolitaine,Protection sociale - Assistance Sociale,,,,zones déclarées non reconnues,Américaine,Americaine,,SRC-027,"MPCE/UCAONG — registre des ONG, mpce.gouv.ht, capturé le 14/08/2026",2026-08-14,O,B,v1.2026.08
ONG enregistrées (registre légal),Bethel Mission Outreach,BMO,B-0483,,"311,rue Saint Thomas d\&#039;Aquin,Croix-des-Bouquets",,Aide au Developpement,Croix-des-Bouquets,,Croix-Des-Bouquets,HT0131,noms reconnus dans le texte libre des zones déclarées,Américaine,Americaine,,SRC-027,"MPCE/UCAONG — registre des ONG, mpce.gouv.ht, capturé le 14/08/2026",2026-08-14,O,B,v1.2026.08
ONG enregistrées (registre légal),Bethsaïda Community Center,BCC,B-0344,24-Nov-03,"68, Rue Saint-Honoré",,Assistance Sociale,Nord\\\&#039;Est: Fort-Liberté,Nord,Fort-Liberté,HT0411,noms reconnus dans le texte libre des zones déclarées,Haïtienne,Haïtienne,,SRC-027,"MPCE/UCAONG — registre des ONG, mpce.gouv.ht, capturé le 14/08/2026",2026-08-14,O,B,v1.2026.08
ONG enregistrées (registre légal),Blue Ridge Christian Homes,BRCH,A-0047,,"85, Santo 17, Croix-des-Bouquets, BP.665, P-au-P",,Eau Potable; Aide Alimentaire; Assistance Sociale,Ouest (Léogâne),Ouest,Léogâne,HT0121,noms reconnus dans le texte libre des zones déclarées,Américaine,Americaine,# 71 4/11/84,SRC-027,"MPCE/UCAONG — registre des ONG, mpce.gouv.ht, capturé le 14/08/2026",2026-08-14,O,B,v1.2026.08
ONG enregistrées (registre légal),Bon Samaritain Salem d&#039;Haïti,BSSH,B-0299,19-Mar-02,"2, Rue Libellule, Brochette 99, Carrefour",,Assistance Sociale,Ouest: Carrefour,Ouest,Carrefour,HT0113,noms reconnus dans le texte libre des zones déclarées,Haïtienne,Haïtienne,,SRC-027,"MPCE/UCAONG — registre des ONG, mpce.gouv.ht, capturé le 14/08/2026",2026-08-14,O,B,v1.2026.08
ONG enregistrées (registre légal),Bon Samaritain-MISSION d&#039;Aide aux Pauvres,BOSAMAP,A-0103,23-Apr-87,"154, Lalue",,,,,,,aucune zone déclarée au registre,Haïtienne,Haïtienne,# 62 - 30/7/87,SRC-027,"MPCE/UCAONG — registre des ONG, mpce.gouv.ht, capturé le 14/08/2026",2026-08-14,O,B,v1.2026.08
ONG enregistrées (registre légal),Build Change,BC,B-0626,1-Fev-17,"#86bis,rue panamericaine,petion ville",,"Logement, constuire,formation","ouest, commune de leogane, carrefour, Port-au-Prince",Ouest,Carrefour ; Léogâne ; Port-au-Prince,HT0111 ; HT0113 ; HT0121,noms reconnus dans le texte libre des zones déclarées,Américaine,americaine,,SRC-027,"MPCE/UCAONG — registre des ONG, mpce.gouv.ht, capturé le 14/08/2026",2026-08-14,O,B,v1.2026.08
ONG enregistrées (registre légal),Bureau d&#039;Assistance Juridique,BAJ,B-0196,23-Aug-95,"8, Rue Montalais, P-au-P, Haïti",,Assistance Juridique aux Démunis,Port-au-Prince et les autres localités,,Port-au-Prince,HT0111,noms reconnus dans le texte libre des zones déclarées,Haïtienne,Haïtienne,,SRC-027,"MPCE/UCAONG — registre des ONG, mpce.gouv.ht, capturé le 14/08/2026",2026-08-14,O,B,v1.2026.08
ONG enregistrées (registre légal),Bureau de Conseil et de Service Humanitaire,BUCOSEH,B-0297,19-Mar-02,"24, Imp. Chatelain",,Agriculture; Assistance Sociale,Ouest: Delmas Nord : Cap-Haïtien,Ouest ; Nord,Cap-Haïtien ; Delmas,HT0112 ; HT0311,noms reconnus dans le texte libre des zones déclarées,Haïtienne,Haïtienne,,SRC-027,"MPCE/UCAONG — registre des ONG, mpce.gouv.ht, capturé le 14/08/2026",2026-08-14,O,B,v1.2026.08
ONG enregistrées (registre légal),Bureau de Nutrition et Développement,BND,B-0266,,"Rte Nle No 1, Rte Soleil, en face du bâtiment No. 23, Parc Industriel Shodecosa bnd_haiti@haitelonline.com rpad@bndhaiti.org",,. Santé,A travers les neuf (9) Départements,,,,zones déclarées non reconnues,Haïtienne,Haïtienne,,SRC-027,"MPCE/UCAONG — registre des ONG, mpce.gouv.ht, capturé le 14/08/2026",2026-08-14,O,B,v1.2026.08
ONG enregistrées (registre légal),Cabinet de Consultation de Formation et d&#039;Assistance Légale,COFAL,B-0270,25-Sep-00,"No. 24, Ave. John Brown, à l&#039;étage, Lalue",,. Condition Féminine,Port-au-Prince,,Port-au-Prince,HT0111,noms reconnus dans le texte libre des zones déclarées,Haïtienne,Haïtienne,,SRC-027,"MPCE/UCAONG — registre des ONG, mpce.gouv.ht, capturé le 14/08/2026",2026-08-14,O,B,v1.2026.08
ONG enregistrées (registre légal),Canadian Feed the Children,CFTC,B-0362,13-Oct-04,"Delmas 29, rue chauveau # 10 à l&#039;étage, 23, 1ère ruelle Jérémie, Bois Verna",,Sanitation,Goyavier (13e section communale de St. Marc),,,,zones déclarées non reconnues,Canadienne,Canadienne,,SRC-027,"MPCE/UCAONG — registre des ONG, mpce.gouv.ht, capturé le 14/08/2026",2026-08-14,O,B,v1.2026.08
ONG enregistrées (registre légal),Canadian Foundation For World Development/Reach Out To Haïti,CFWD-HAITI,A-0107,11-Jun-87,"Saint-Marc, B.P 44",,Agriculture; Santé; Nutrition; Education,Saint-Marc,,Saint-Marc,HT0531,noms reconnus dans le texte libre des zones déclarées,Canadienne,Canadienne,,SRC-027,"MPCE/UCAONG — registre des ONG, mpce.gouv.ht, capturé le 14/08/2026",2026-08-14,O,B,v1.2026.08
ONG enregistrées (registre légal),"Care 2 Communities, Inc",C2C,B-0663,,,,,,,,,aucune zone déclarée au registre,,,,SRC-027,"MPCE/UCAONG — registre des ONG, mpce.gouv.ht, capturé le 14/08/2026",2026-08-14,O,B,v1.2026.08
ONG enregistrées (registre légal),Caritas Suisse,CARITAS-S,B-0567,,"27,rue Mangones,Berthe,Petion-ville",haiti@caritas.ch,Education,"Carrefour,Gressier,Petit-goâve",,Carrefour ; Gressier ; Petit-Goâve,HT0113 ; HT0116 ; HT0122,noms reconnus dans le texte libre des zones déclarées,,,,SRC-027,"MPCE/UCAONG — registre des ONG, mpce.gouv.ht, capturé le 14/08/2026",2026-08-14,O,B,v1.2026.08
ONG enregistrées (registre légal),Casas de Madera Habitantes,CAMAHA,B-0176,21-Jan-11,"30,Rue des Nimes,Rte de l&#039;Aeroport",camaha@camaha.org,Ass Technique Ass Humanitaire Aide au Devt,Ouest,Ouest,,,noms reconnus dans le texte libre des zones déclarées,Française,Française,,SRC-027,"MPCE/UCAONG — registre des ONG, mpce.gouv.ht, capturé le 14/08/2026",2026-08-14,O,B,v1.2026.08
ONG enregistrées (registre légal),Catholic Medical Mission Board,CMMB,B-0396,,"6, Delmas 50",,Santé,Gros-Morne Milot Fonds Blancs Cité Soleil,,Cité Soleil ; Gros Morne ; Milot,HT0117 ; HT0323 ; HT0521,noms reconnus dans le texte libre des zones déclarées,Américaine,Américaine,,SRC-027,"MPCE/UCAONG — registre des ONG, mpce.gouv.ht, capturé le 14/08/2026",2026-08-14,O,B,v1.2026.08
ONG enregistrées (registre légal),Catholic Relief Services,CRS,A-0028,,"1, Delmas 81, BP.1118, P-auP",,Eau Potable; Aide Alimentaire; Education,Ouest Sud,Ouest ; Sud,,,noms reconnus dans le texte libre des zones déclarées,Américaine,Américaine,# 62 30/8/84,SRC-027,"MPCE/UCAONG — registre des ONG, mpce.gouv.ht, capturé le 14/08/2026",2026-08-14,O,B,v1.2026.08
ONG enregistrées (registre légal),"Center For Community Health, Education And Research, Inc",CCHER,B-0348,10-Dec-03,"Delmas 31, Rue Nissage Saget # 15, Port-au-Prince, Haïti",,Santé,Pétion-Ville,,Pétion-Ville,HT0114,noms reconnus dans le texte libre des zones déclarées,Américaine,Américaine,# 29 - 14/4/05,SRC-027,"MPCE/UCAONG — registre des ONG, mpce.gouv.ht, capturé le 14/08/2026",2026-08-14,O,B,v1.2026.08
ONG enregistrées (registre légal),Center of Hope Haiti,COHH,B-0459,,"4eme Section, Morique Aguahidionde,Rive Gauche commune de Hinche",,Ass Humanitaire,Hinche,,Hinche,HT0611,noms reconnus dans le texte libre des zones déclarées,Haïtienne,Haïtienne,,SRC-027,"MPCE/UCAONG — registre des ONG, mpce.gouv.ht, capturé le 14/08/2026",2026-08-14,O,B,v1.2026.08
ONG enregistrées (registre légal),Centrale Autrichienne de Caritas / Osterreichische Caritas Zentrale,Caritas Autriche,B-0550,,"19,Musseau,Delmas 60(Apt 1)",office@caritas-austria.at,Assistance Sociale,Croix-des-Bouquets,,Croix-Des-Bouquets,HT0131,noms reconnus dans le texte libre des zones déclarées,Autrichienne,Autrichienne,,SRC-027,"MPCE/UCAONG — registre des ONG, mpce.gouv.ht, capturé le 14/08/2026",2026-08-14,O,B,v1.2026.08
ONG enregistrées (registre légal),Centre Canadien d\&#039;Etudes et de Coopération Interna-tionale,CECI,A-0057,25-Apr-85,"9, Rue Latortue, Musseau BP 16104, PV, Haiti",info@ceci-haiti.orgclaude.phanordceci.ca,Agriculture; Santé,Saint Michel de l\&#039;Attalaye,,,,zones déclarées non reconnues,Canadienne,Canadienne,# 42 - 17/6/85,SRC-027,"MPCE/UCAONG — registre des ONG, mpce.gouv.ht, capturé le 14/08/2026",2026-08-14,O,B,v1.2026.08
ONG enregistrées (registre légal),Centre Children International Life Line d\\\&#039;Haiti,CCILL,B-0158,,,,,,,,,aucune zone déclarée au registre,Américaine,Americaine,,SRC-027,"MPCE/UCAONG — registre des ONG, mpce.gouv.ht, capturé le 14/08/2026",2026-08-14,O,B,v1.2026.08
ONG enregistrées (registre légal),Centre Chrétien de l\&#039;Enfant Haïtien,CCEH,B-0358,8-Sep-04,"Delmas 65, Ruelle Jasmin-Henec # 21",,Agriculture,Chapotin,,,,zones déclarées non reconnues,Haïtienne,Haïtienne,,SRC-027,"MPCE/UCAONG — registre des ONG, mpce.gouv.ht, capturé le 14/08/2026",2026-08-14,O,B,v1.2026.08
ONG enregistrées (registre légal),Centre d&#039;Action de Développement d&#039;Oeuvre de Bienfaisance Internationale,CADOBI,B-0666,09-Novembre-2021,"#11, Delmas 9, Haiti",cadobiorg@yahoo.ca,Agriculture,Fond verette ouest,Ouest,,,noms reconnus dans le texte libre des zones déclarées,Haïtienne,haitienne,,SRC-027,"MPCE/UCAONG — registre des ONG, mpce.gouv.ht, capturé le 14/08/2026",2026-08-14,O,B,v1.2026.08
ONG enregistrées (registre légal),Centre d&#039;Aide aux Enfants d&#039;Haïti,CAEH,B-0186,31-May-95,Ganthier (l&#039;Ouest),,Agriculture,Ganthier,,Ganthier,HT0133,noms reconnus dans le texte libre des zones déclarées,Haïtienne,Haïtienne,,SRC-027,"MPCE/UCAONG — registre des ONG, mpce.gouv.ht, capturé le 14/08/2026",2026-08-14,O,B,v1.2026.08
ONG enregistrées (registre légal),Centre d&#039;Aide et de Développement de l&#039;Education,CADE,B-0332,21-Aug-03,"18, Rue Duncombe",,Alphabétisation,Canapé-Vert,,,,zones déclarées non reconnues,Haïtienne,Haïtienne,,SRC-027,"MPCE/UCAONG — registre des ONG, mpce.gouv.ht, capturé le 14/08/2026",2026-08-14,O,B,v1.2026.08
ONG enregistrées (registre légal),Centre d&#039;Education et de Protection de la Famille Haïtienne,CEPFAH II,B-0313,10-Feb-03,"9, Rue Clercine 4, Plaine du Cul-de-Sac",,Assistance Sociale; Santé,Port-au-Prince Léogane Croix-des-Bouquets Petit-Goave Kenscoff P; du Cul-de-Sac,,Croix-Des-Bouquets ; Kenscoff ; Léogâne ; Petit-Goâve ; Port-au-Prince,HT0111 ; HT0115 ; HT0121 ; HT0122 ; HT0131,noms reconnus dans le texte libre des zones déclarées,Haïtienne,Haïtienne,,SRC-027,"MPCE/UCAONG — registre des ONG, mpce.gouv.ht, capturé le 14/08/2026",2026-08-14,O,B,v1.2026.08
ONG enregistrées (registre légal),Centre d&#039;Etudes et de Développement Communautaire,CEDEC,A-0117,23-Nov-87,"Angle Lalue et Impasse Chatelain # 184, BP.13247",,Agriculture; Développement Communautaire,Agriculture; Développement Communautaire,,,,zones déclarées non reconnues,Haïtienne,Haïtienne,# 14 - 12/2/88,SRC-027,"MPCE/UCAONG — registre des ONG, mpce.gouv.ht, capturé le 14/08/2026",2026-08-14,O,B,v1.2026.08
ONG enregistrées (registre légal),Centre d&#039;Organisation De la Jenesse d&#039;Haiti,COJEHA,B-0668,29-Dec-21,"17, IMP NARCISSE, Tabarre 39K",,education- agriculture,"localite de Perard, section communale de Dumas, Fort-Liberte",,Fort-Liberté,HT0411,noms reconnus dans le texte libre des zones déclarées,Haïtienne,haitienne,,SRC-027,"MPCE/UCAONG — registre des ONG, mpce.gouv.ht, capturé le 14/08/2026",2026-08-14,O,B,v1.2026.08
ONG enregistrées (registre légal),Centre d\&#039;Accueil et de Récupération des Personnes du 3e Age,CARPA,B-0374,5-Jul-05,"12, Rue Lamarre,P-a-P",,Assistance Sociale,"Ouest (P-a-P, Tabarre) Nord (Limbé, Cap-Haïtien) Sud-Est (Jacmel, Cayes-Jacmel)",Ouest ; Nord ; Sud ; Sud-Est,Cap-Haïtien ; Cayes-Jacmel ; Jacmel ; Limbé ; Tabarre,HT0118 ; HT0211 ; HT0213 ; HT0311 ; HT0361,noms reconnus dans le texte libre des zones déclarées,Haïtienne,Haïtienne,,SRC-027,"MPCE/UCAONG — registre des ONG, mpce.gouv.ht, capturé le 14/08/2026",2026-08-14,O,B,v1.2026.08
ONG enregistrées (registre légal),Centre d\&#039;Action pour le Développement,CAD,B-0242,,"14, Rue Brédy, Carrefour-Feuilles",,Assistance Sociale,Port-au-Prince,,Port-au-Prince,HT0111,noms reconnus dans le texte libre des zones déclarées,Haïtienne,Haïtienne,,SRC-027,"MPCE/UCAONG — registre des ONG, mpce.gouv.ht, capturé le 14/08/2026",2026-08-14,O,B,v1.2026.08
ONG enregistrées (registre légal),Centre d\&#039;Appui pour le Développement Intégré,CADRI,B-0193,3-Jul-95,"St. Michel de l\&#039;Attalaye, BP.1118",,Santé; Education; Agriculture,St-Michel de l\&#039;Attalaye,,,,zones déclarées non reconnues,Haïtienne,Haïtienne,,SRC-027,"MPCE/UCAONG — registre des ONG, mpce.gouv.ht, capturé le 14/08/2026",2026-08-14,O,B,v1.2026.08
ONG enregistrées (registre légal),Centre d\&#039;Education Communautaire Alternative,CECA,B-0398,,"9 bis, Crist-roi, P-au-P",,Santé; Education,Bas-Fond Philomène Delmas Nazon,,Delmas,HT0112,noms reconnus dans le texte libre des zones déclarées,Haïtienne,Haïtienne,,SRC-027,"MPCE/UCAONG — registre des ONG, mpce.gouv.ht, capturé le 14/08/2026",2026-08-14,O,B,v1.2026.08
ONG enregistrées (registre légal),Centre de Coopération Internationale en Santé et en Développement,CCISD,B-0399,10-Jul-06,"7, Rte Ntle 1, Frecyneau, Saint Marc",,Santé,Département Artibonite,Artibonite,,,noms reconnus dans le texte libre des zones déclarées,Canadienne,Canadienne,,SRC-027,"MPCE/UCAONG — registre des ONG, mpce.gouv.ht, capturé le 14/08/2026",2026-08-14,O,B,v1.2026.08
ONG enregistrées (registre légal),Centre de Développement d&#039;Haïti,CDH,A-0113,29-Sep-87,"6, Delmas 40",,Agriculture; Santé; Education; Industrie et Commerce,Agriculture; Santé; Education; Industrie et Commerce,,,,zones déclarées non reconnues,Haïtienne,Haïtienne,# 33 - 18/4/88,SRC-027,"MPCE/UCAONG — registre des ONG, mpce.gouv.ht, capturé le 14/08/2026",2026-08-14,O,B,v1.2026.08
ONG enregistrées (registre légal),Centre de Développement Intégré de la Mission de l&#039;Eglise de Dieu Indépendante de la Porte Etroite,CDI de la MEDIPE,B-0425,10-Oct-07,"39, Rue Ricot Prolongée, Carrefour-Feuille",,. Assistance Sociale,Port-au-Prince (Carrefour-Feuille),,Carrefour ; Port-au-Prince,HT0111 ; HT0113,noms reconnus dans le texte libre des zones déclarées,Haïtienne,Haïtienne,,SRC-027,"MPCE/UCAONG — registre des ONG, mpce.gouv.ht, capturé le 14/08/2026",2026-08-14,O,B,v1.2026.08
ONG enregistrées (registre légal),Centre de Formation de Recherches en Appui Psychosocial,CFRAPS,B-0664,26-Mai-2021,"09, bourdet, route de l&#039;aeroport Antoine Simon, cayes, Sud, Haiti",cfrapshaiti@gmail.com,assistance sociale,Sud,Sud,,,noms reconnus dans le texte libre des zones déclarées,Haïtienne,haitienne,,SRC-027,"MPCE/UCAONG — registre des ONG, mpce.gouv.ht, capturé le 14/08/2026",2026-08-14,O,B,v1.2026.08
ONG enregistrées (registre légal),Centre de Formation Technique pour l&#039;Avancement des Jeunes du Sud&#039;Est,CEFOTAJ,B-0525,9-Jun-11,"Route Lamandou II, Jacmel",,Education Assistance Technique,Jacmel,,Jacmel,HT0211,noms reconnus dans le texte libre des zones déclarées,Américaine,Americaine,,SRC-027,"MPCE/UCAONG — registre des ONG, mpce.gouv.ht, capturé le 14/08/2026",2026-08-14,O,B,v1.2026.08
ONG enregistrées (registre légal),Centre de Promotion des Femmes Ouvrières,CPFO,B-0268,,"14, Rue Barbancourt, Rte Aéroport, B.P 1329 P-au-P // 49 B, SONAPI",info@cpfohaiti.org,. Santé . Assistance Sociale,"Delmas (Rte de l\&#039;aéroport, zone industriel)",,Delmas,HT0112,noms reconnus dans le texte libre des zones déclarées,Haïtienne,Haïtienne,,SRC-027,"MPCE/UCAONG — registre des ONG, mpce.gouv.ht, capturé le 14/08/2026",2026-08-14,O,B,v1.2026.08
ONG enregistrées (registre légal),Centre de Promotion des Techniques Informatiques,CPTI,B-0338,21-Sep-03,"17, Rue Bonnet, Saint-Marc",,Education,Saint-Marc,,Saint-Marc,HT0531,noms reconnus dans le texte libre des zones déclarées,Haïtienne,Haïtienne,,SRC-027,"MPCE/UCAONG — registre des ONG, mpce.gouv.ht, capturé le 14/08/2026",2026-08-14,O,B,v1.2026.08
ONG enregistrées (registre légal),Centre de Reboisement et d&#039;Assistance en Gestion du Sol,CRAGS,B-0356,6-Jul-04,"2, Angle rues des Nimes et Colins, Maïs Gaté",,Agriculture,Plaine du Cul-de-Sac,,,,zones déclarées non reconnues,Haïtienne,Haïtienne,,SRC-027,"MPCE/UCAONG — registre des ONG, mpce.gouv.ht, capturé le 14/08/2026",2026-08-14,O,B,v1.2026.08
ONG enregistrées (registre légal),Centre de Recherche pour le Développement,CRD,B-0304,25-Nov-02,"83, Angle des rues Lambert &amp; Rigaud P-V",,Recherche; Education,Chateau Commune d&#039;Arniquet,,Arniquet,HT0723,noms reconnus dans le texte libre des zones déclarées,Haïtienne,Haïtienne,,SRC-027,"MPCE/UCAONG — registre des ONG, mpce.gouv.ht, capturé le 14/08/2026",2026-08-14,O,B,v1.2026.08
ONG enregistrées (registre légal),Centre de Recyclage et de Valorisation des Déchets,RECYCLER,B-0665,09-Novembre2021,"#36,rue crepsac, Delmas 40-b, Haiti",recyclerhaiti@gmail.com,environnement,Departement de l&#039;Ouest,Ouest,,,noms reconnus dans le texte libre des zones déclarées,Haïtienne,haitienne,,SRC-027,"MPCE/UCAONG — registre des ONG, mpce.gouv.ht, capturé le 14/08/2026",2026-08-14,O,B,v1.2026.08
ONG enregistrées (registre légal),Centre de Refuge et de Developpement des Enfants D&#039;Haiti,CRDEH,B-0680,5 juin 2023,"15, rue de l&#039;amitie, charrier, Cap-Haitien",centrederefugesoh@gmail.com,assistance sociale,plaine du nord,Nord,Plaine du Nord,HT0322,noms reconnus dans le texte libre des zones déclarées,Haïtienne,haitienne,,SRC-027,"MPCE/UCAONG — registre des ONG, mpce.gouv.ht, capturé le 14/08/2026",2026-08-14,O,B,v1.2026.08
ONG enregistrées (registre légal),Centre de Santé et de Développement Intégré/ Bon Samaritain,CSDI,B-0414,13-Mar-07,"55, Rue de l&#039;Eglise, Cerca-Cavajal, Plateau Central",,Santé; Agriculture,Cerca-Cavajal Département du Nord et Nord-Est,Nord ; Nord-Est,,,noms reconnus dans le texte libre des zones déclarées,Haïtienne,Haïtienne,,SRC-027,"MPCE/UCAONG — registre des ONG, mpce.gouv.ht, capturé le 14/08/2026",2026-08-14,O,B,v1.2026.08
ONG enregistrées (registre légal),Centre de Techniques Agro-Energetiques,CTAE,B-0164,1-Oct-93,"Rue Rigaud, Morne Calvaire, P-V",,Agriculture; Energie Renouvelable; Formation Technique,Agriculture; Energie Renouvelable; Formation Technique,,,,zones déclarées non reconnues,Haïtienne,Haïtienne,14/2/94,SRC-027,"MPCE/UCAONG — registre des ONG, mpce.gouv.ht, capturé le 14/08/2026",2026-08-14,O,B,v1.2026.08
ONG enregistrées (registre légal),Centre Haïtien de la Planification Familiale,CHPF,B-0311,27-Feb-03,"5, Mon Repos 36, Carrefour",,Santé,Carrefour,,Carrefour,HT0113,noms reconnus dans le texte libre des zones déclarées,Haïtienne,Haïtienne,,SRC-027,"MPCE/UCAONG — registre des ONG, mpce.gouv.ht, capturé le 14/08/2026",2026-08-14,O,B,v1.2026.08
ONG enregistrées (registre légal),Centre Haïtien pour la Promotion de l&#039;Agriculture et la Protection de l&#039;Environnement,CEPAPE,B-0153,15-Jun-93,,,,,,,,aucune zone déclarée au registre,Haïtienne,Haïtienne,,SRC-027,"MPCE/UCAONG — registre des ONG, mpce.gouv.ht, capturé le 14/08/2026",2026-08-14,O,B,v1.2026.08
ONG enregistrées (registre légal),Centre Haïtien pour la Promotion de la Femme,CHREPROF,A-0025,4-Jun-84,"31, Rue Roy, BP.13247, Delmas",,Education; Assistance Sociale,Education; Assistance Sociale,,,,zones déclarées non reconnues,Haïtienne,Haïtienne,# 37 - 28/5/84,SRC-027,"MPCE/UCAONG — registre des ONG, mpce.gouv.ht, capturé le 14/08/2026",2026-08-14,O,B,v1.2026.08
ONG enregistrées (registre légal),Centre Haitien pour le Développement du Système de Santé,CHARESS,B-0646,16-Jul-18,"#14, route d jaquet toto, delmas95",igharo@yahoo.fr,sante,commune de Port-au-Prince,,Port-au-Prince,HT0111,noms reconnus dans le texte libre des zones déclarées,Haïtienne,Haitienne,,SRC-027,"MPCE/UCAONG — registre des ONG, mpce.gouv.ht, capturé le 14/08/2026",2026-08-14,O,B,v1.2026.08
ONG enregistrées (registre légal),Centre Haïtien pour le Développement Intégré,CHDI,B-0279,5-Jun-01,"75, Chemin des Dalles",,. Agriculture . Appui aux Municipalités,Nord-Est: Fort-Liberté,Nord ; Nord-Est,Fort-Liberté,HT0411,noms reconnus dans le texte libre des zones déclarées,Haïtienne,Haïtienne,,SRC-027,"MPCE/UCAONG — registre des ONG, mpce.gouv.ht, capturé le 14/08/2026",2026-08-14,O,B,v1.2026.08
ONG enregistrées (registre légal),"Centre Interantional Agape , Inc",CIA,B-0638,29-Nov-17,,,education,Port-a-Piment,,Port-à-Piment,HT0742,noms reconnus dans le texte libre des zones déclarées,Américaine,americaine,,SRC-027,"MPCE/UCAONG — registre des ONG, mpce.gouv.ht, capturé le 14/08/2026",2026-08-14,O,B,v1.2026.08
ONG enregistrées (registre légal),Centre Médico-Popu-laire de Bas Fonds Philomène,CMPBFP,A-0086,19-Jun-86,"Entrée City Bank Delmas, Rue Mombrun # 3, BP.1538, P-au-P",,Santé; Education; Nutrition,Santé; Education; Nutrition,,,,zones déclarées non reconnues,Haïtienne,Haïtienne,# 80 - 2/10/86,SRC-027,"MPCE/UCAONG — registre des ONG, mpce.gouv.ht, capturé le 14/08/2026",2026-08-14,O,B,v1.2026.08
ONG enregistrées (registre légal),Centre Medico-Social Henri Gérard Desgranges,CMSHGD,B-0284,20-Aug-01,"60, Rue Saint Paul, Petit-Goâve",,. Santé,Ouest: Petit-Goâve,Ouest,Petit-Goâve,HT0122,noms reconnus dans le texte libre des zones déclarées,Haïtienne,Haïtienne,,SRC-027,"MPCE/UCAONG — registre des ONG, mpce.gouv.ht, capturé le 14/08/2026",2026-08-14,O,B,v1.2026.08
ONG enregistrées (registre légal),Centre Medico-Social Saint-Antoine,CMSSA,B-0166,2-Feb-94,"Lamentin, 54, rue Coicou P-au-P",,,,,,,aucune zone déclarée au registre,Haïtienne,Haïtienne,#48 - 11/7/94,SRC-027,"MPCE/UCAONG — registre des ONG, mpce.gouv.ht, capturé le 14/08/2026",2026-08-14,O,B,v1.2026.08
ONG enregistrées (registre légal),Centre National de Recherche et de Developpement,CENAREF,B-0485,10-Aug-10,"Avenue N, Impasse Soray prolongee",,Ass. Technique Aide au Devt,Tous les departements,,,,zones déclarées non reconnues,Haïtienne,Haïtienne,,SRC-027,"MPCE/UCAONG — registre des ONG, mpce.gouv.ht, capturé le 14/08/2026",2026-08-14,O,B,v1.2026.08
ONG enregistrées (registre légal),Centre Pilote de Développement de la Grande Rivière de Nippes,CEPIDEGRIN,B-0182,31-May-95,"149, Route Frère Delmas 105",,Développement Communautaire,Grandes Rivière de Nippes,Nippes,,,noms reconnus dans le texte libre des zones déclarées,Haïtienne,Haïtienne,,SRC-027,"MPCE/UCAONG — registre des ONG, mpce.gouv.ht, capturé le 14/08/2026",2026-08-14,O,B,v1.2026.08
ONG enregistrées (registre légal),Centre Récréatif pour l&#039;Epanouïssement de l&#039;Enfant,CEREEF,B-0411,4-Jan-07,"32, Rue Bourjolly, Fontamara 27",,Socio-Educatif,Fontamara Pacot Zone Métropolitaine,,,,zones déclarées non reconnues,Haïtienne,Haïtienne,,SRC-027,"MPCE/UCAONG — registre des ONG, mpce.gouv.ht, capturé le 14/08/2026",2026-08-14,O,B,v1.2026.08
ONG enregistrées (registre légal),Centre Universitaire Institut Roi Henry Christophe,IRHC,A-0013,15-Dec-83,"Cap-Haïtien, Rue 8 H-I, BP.98",,Education; Formation de Cadres,Cap-Haïtien,,Cap-Haïtien,HT0311,noms reconnus dans le texte libre des zones déclarées,Haïtienne,Haïtienne,# 18 - 5/3/84,SRC-027,"MPCE/UCAONG — registre des ONG, mpce.gouv.ht, capturé le 14/08/2026",2026-08-14,O,B,v1.2026.08
ONG enregistrées (registre légal),Centres Geskio (Groupe Haïtien d\&#039;Etudes du Sarcome de Kaposi et des Infections Opportunistes),LES CENTRES GESKIO,B-0198,20-Nov-95,"33, Blvard Harry Truman",administration@geskio.org,Santé,Haïti,,,,zones déclarées non reconnues,Haïtienne,Haïtienne,#7 - 25/01/96,SRC-027,"MPCE/UCAONG — registre des ONG, mpce.gouv.ht, capturé le 14/08/2026",2026-08-14,O,B,v1.2026.08
ONG enregistrées (registre légal),Centres pour le Développement et la Santé,CDS,A-0143,24-May-89,"4, Imp. Alexis, Musseau",cds_ong@hotmail.com,Santé; Education; Assistance So-ciale,Cité Soleil,,Cité Soleil,HT0117,noms reconnus dans le texte libre des zones déclarées,Haïtienne,Haïtienne,# 58-A - 9/7/90,SRC-027,"MPCE/UCAONG — registre des ONG, mpce.gouv.ht, capturé le 14/08/2026",2026-08-14,O,B,v1.2026.08
ONG enregistrées (registre légal),Centro de Estudios y Solidaridad con America Latina,CESAL,B-0520,,"19,ruelle Mangonese,Berthe,Petion Ville",,Agriculture,Ouest et Sud\&#039;Est,Ouest ; Sud,,,noms reconnus dans le texte libre des zones déclarées,Espagnole,Espagnole,,SRC-027,"MPCE/UCAONG — registre des ONG, mpce.gouv.ht, capturé le 14/08/2026",2026-08-14,O,B,v1.2026.08
ONG enregistrées (registre légal),"Cesvi Fondazione, Onlus",CESVI,B-0587,15-Feb-13,"29,Impasse Villa Ada, route de Frere,PV",lescayes@cesvioverseas.org,Agriculture,Limonade/Limonade/Saint-Raphaël,,Limonade ; Saint-Raphaël,HT0313 ; HT0341,noms reconnus dans le texte libre des zones déclarées,Italienne,Italienne,,SRC-027,"MPCE/UCAONG — registre des ONG, mpce.gouv.ht, capturé le 14/08/2026",2026-08-14,O,B,v1.2026.08
ONG enregistrées (registre légal),Child Care Haïti,CCH,B-0199,20-Nov-95,"13, Rue Babiole",,Santé; Agriculture,"Baie de Henne, Mare-Rouge (Nord&#039;Ouest)",Ouest ; Nord,Baie de Henne,HT0932,noms reconnus dans le texte libre des zones déclarées,Haïtienne,Haïtienne,,SRC-027,"MPCE/UCAONG — registre des ONG, mpce.gouv.ht, capturé le 14/08/2026",2026-08-14,O,B,v1.2026.08
ONG enregistrées (registre légal),"Children Care Outreach, Inc",CCO,B-0369,13-Dec-04,"Marcelin 2e Section Communale de Camp-Périn, localité de Mathurin",,Assistance Sociale,Mathurin et Tibi: quartier de la 2ème Section Communale de Camp-Perin,,,,zones déclarées non reconnues,Américaine,Américaine,,SRC-027,"MPCE/UCAONG — registre des ONG, mpce.gouv.ht, capturé le 14/08/2026",2026-08-14,O,B,v1.2026.08
ONG enregistrées (registre légal),Children\\\&#039;s Nutrition Program of Hiati / Programme de Nutrition des Enfants d\\\&#039;Haiti,KORE TIMOUN,B-0609,28-Aug-14,"25, rue saint laurent chatule, leogane",kkelly@cnhaiti.org,sante,"fond de boudin, palmiste a vin, oraNGER",,,,zones déclarées non reconnues,Américaine,americaine,,SRC-027,"MPCE/UCAONG — registre des ONG, mpce.gouv.ht, capturé le 14/08/2026",2026-08-14,O,B,v1.2026.08
ONG enregistrées (registre légal),Chosen Ministry,CM,B-0244,17-Jun-02,,,,,,,,aucune zone déclarée au registre,Américaine,Americaine,,SRC-027,"MPCE/UCAONG — registre des ONG, mpce.gouv.ht, capturé le 14/08/2026",2026-08-14,O,B,v1.2026.08
ONG enregistrées (registre légal),Christian Aid,CA,B-0390,,"32, Rue Jean-Baptiste, Canapé-Vert",,Agriculture; Education; Assistance Sociale,"Port-au-Prince, La Gonâve, Petit-Goâve, Cayes",,Petit-Goâve ; Port-au-Prince,HT0111 ; HT0122,noms reconnus dans le texte libre des zones déclarées,Britanique,Britanique,,SRC-027,"MPCE/UCAONG — registre des ONG, mpce.gouv.ht, capturé le 14/08/2026",2026-08-14,O,B,v1.2026.08
ONG enregistrées (registre légal),Christian Aid Ministries,CAM,B-0293,,"Rte. Ntle #1,Titanyen BP.15184. P.V",,Assistance Sociale; Education; Agriculture,N; O: Môle St. Nicolas Bombardopolis Art:Gros-Morne N; O: Anse Rouge,,Anse Rouge ; Bombardopolis ; Gros Morne,HT0521 ; HT0523 ; HT0933,noms reconnus dans le texte libre des zones déclarées,Haïtienne,Haïtienne,,SRC-027,"MPCE/UCAONG — registre des ONG, mpce.gouv.ht, capturé le 14/08/2026",2026-08-14,O,B,v1.2026.08
ONG enregistrées (registre légal),Christian Children&#039;s Fund Inc.,CCF,A-0104,23-Apr-87,"26, Ave. Ducoste, BP.2454, P-au-P",,Santé; Education; Développement Communautaire,Santé; Education; Développement Communautaire,,,,zones déclarées non reconnues,Américaine,Américaine,# 79 - 12/10/89,SRC-027,"MPCE/UCAONG — registre des ONG, mpce.gouv.ht, capturé le 14/08/2026",2026-08-14,O,B,v1.2026.08
ONG enregistrées (registre légal),Christian Haitian Outreach Inc,CHO,A-0040,21-Aug-84,"54, Rue Audant,Delmas 105",,Santé; Education; Agriculture,Santé; Education; Agriculture,,,,zones déclarées non reconnues,Américaine,Américaine,# 79 - 12/11/84,SRC-027,"MPCE/UCAONG — registre des ONG, mpce.gouv.ht, capturé le 14/08/2026",2026-08-14,O,B,v1.2026.08
ONG enregistrées (registre légal),Christian Reformed World Relief Committee,CRWRC,A-0093,2-Feb-87,"Delmas 77, Ruelle Praslin",,Santé; Education; Agriculture,"Artibonite, Sud&#039;Est, Ouest",Ouest ; Artibonite ; Sud,,,noms reconnus dans le texte libre des zones déclarées,Américaine,Américaine,# 40 - 11/5/87,SRC-027,"MPCE/UCAONG — registre des ONG, mpce.gouv.ht, capturé le 14/08/2026",2026-08-14,O,B,v1.2026.08
ONG enregistrées (registre légal),"Christian World Outreach, Inc",CWO,A-0055,20-Dec-84,"10, Imp Vieux, Carrefour Lyson, Rte Ntle #1 Bon Repos",,Santé; Education; Nutrition,Santé; Education; Nutrition,,,,zones déclarées non reconnues,Américaine,Américaine,# 26 - 8/4/85,SRC-027,"MPCE/UCAONG — registre des ONG, mpce.gouv.ht, capturé le 14/08/2026",2026-08-14,O,B,v1.2026.08
ONG enregistrées (registre légal),Christianville Foundation Inc.,CF,A-0049,6-Nov-84,"Gressier, La Salle, BP.1693, P-au-P",,Education; Santé; Agriculture; Artisanat,Education; Santé; Agriculture; Artisanat,,,,zones déclarées non reconnues,Américaine,Américaine,# 3 - 10/01/85,SRC-027,"MPCE/UCAONG — registre des ONG, mpce.gouv.ht, capturé le 14/08/2026",2026-08-14,O,B,v1.2026.08
ONG enregistrées (registre légal),Christoffel Blindenmission/Christian Blind Mission e.V,CBM,B-0497,8-Feb-11,"157,Avenue Panamericaine,Petion-Ville",,Ass Technique Ass Humanitaire Aide au Devt,Carrefour,,Carrefour,HT0113,noms reconnus dans le texte libre des zones déclarées,Allemande,Allemande,,SRC-027,"MPCE/UCAONG — registre des ONG, mpce.gouv.ht, capturé le 14/08/2026",2026-08-14,O,B,v1.2026.08
ONG enregistrées (registre légal),Church World Service,CWS,B-0667,28-Dec-21,"11, RuePrice Mars, Carrefour Djoumbala, rte de frere, Petion ville",mdegreef@cwsglobal.org,agriculture-developpement communautaire,Jean Rabel,,Jean Rabel,HT0934,noms reconnus dans le texte libre des zones déclarées,Américaine,americaine,,SRC-027,"MPCE/UCAONG — registre des ONG, mpce.gouv.ht, capturé le 14/08/2026",2026-08-14,O,B,v1.2026.08
ONG enregistrées (registre légal),Clinton Health Access Initiative,CHAI,B-0539,23-Aug-11,"12,Juvenat 7,Petion-Ville",cconnell@clintonhealthaccess.org,Sante,Port-au-Prince Plateau Central,,Port-au-Prince,HT0111,noms reconnus dans le texte libre des zones déclarées,Américaine,Americaine,,SRC-027,"MPCE/UCAONG — registre des ONG, mpce.gouv.ht, capturé le 14/08/2026",2026-08-14,O,B,v1.2026.08
ONG enregistrées (registre légal),Club de l&#039;Age d&#039;Or,CADOR,B-0302,24-Oct-02,"9, Rue Capois, P-au-P",,Assistance Sociale; Santé,Port-au-Prince,,Port-au-Prince,HT0111,noms reconnus dans le texte libre des zones déclarées,Haïtienne,Haïtienne,,SRC-027,"MPCE/UCAONG — registre des ONG, mpce.gouv.ht, capturé le 14/08/2026",2026-08-14,O,B,v1.2026.08
ONG enregistrées (registre légal),Club des Femmes de Carrières Libérales et Commerciales d&#039;Haïti,CFCLC,A-0138,26-Apr-89,"BP.1418, P-au-P",,Santé; Education; Promotion Sociale,Ouest,Ouest,,,noms reconnus dans le texte libre des zones déclarées,Haïtienne,Haïtienne,# 96 - 14/12/89,SRC-027,"MPCE/UCAONG — registre des ONG, mpce.gouv.ht, capturé le 14/08/2026",2026-08-14,O,B,v1.2026.08
ONG enregistrées (registre légal),Club Louverture pour les Diners du Tanksgiving Day Haïtien,CLDTDH,A-0059,30-Apr-85,"Cité Soleil, Rue Croix Bleue # 80, BP.2362, P-au-P",,Santé; Education; Agriculture; Elevage,Cité Soleil,,Cité Soleil,HT0117,noms reconnus dans le texte libre des zones déclarées,Haïtienne,Haïtienne,# 44 - 27/06/85,SRC-027,"MPCE/UCAONG — registre des ONG, mpce.gouv.ht, capturé le 14/08/2026",2026-08-14,O,B,v1.2026.08
ONG enregistrées (registre légal),Collaboration Santé International,CSI,B-0322,27-May-03,"Angle Rue 7 et José Matti, Turgeau",,Santé,Brondeau Petite Rivière de Nippes,Nippes,Petite Rivière de Nippes,HT1012,noms reconnus dans le texte libre des zones déclarées,Canadienne,Canadienne,,SRC-027,"MPCE/UCAONG — registre des ONG, mpce.gouv.ht, capturé le 14/08/2026",2026-08-14,O,B,v1.2026.08
ONG enregistrées (registre légal),Collectif Action Pour le Développement,CADEV,B-0350,15-Apr-04,"2ème Ruelle Lavaud # 1, Port-au-Prince",,Agriculture Santé Education civique,Corail (grand’Anse),Grand'Anse,Corail,HT0831,noms reconnus dans le texte libre des zones déclarées,Haïtienne,Haïtienne,,SRC-027,"MPCE/UCAONG — registre des ONG, mpce.gouv.ht, capturé le 14/08/2026",2026-08-14,O,B,v1.2026.08
ONG enregistrées (registre légal),Collectif d\&#039;Actions pour le Développement du Nord\&#039;Ouest,CADNO,B-0366,,"65 bis, Avenue Lamartinière",,Assistance Sociale,"Commune du Môle St. Nicolas, Sont-Louis du Nord, Port de Paix",Nord,Port-de-Paix,HT0911,noms reconnus dans le texte libre des zones déclarées,Haïtienne,Haïtienne,,SRC-027,"MPCE/UCAONG — registre des ONG, mpce.gouv.ht, capturé le 14/08/2026",2026-08-14,O,B,v1.2026.08
ONG enregistrées (registre légal),Comitato Internazionale Per lo Sviluppo Dei Popoli / Comite International pour le Developpement des Peuples,CISP,B-0227,17-Jan-11,"25, Village les Palmes, Tabarre-Torcelle",,Ass Technique Ass Humanitaire Aide au Devt,"Delmas, Croix-des-Bouquets",,Croix-Des-Bouquets ; Delmas,HT0112 ; HT0131,noms reconnus dans le texte libre des zones déclarées,Italienne,Italienne,,SRC-027,"MPCE/UCAONG — registre des ONG, mpce.gouv.ht, capturé le 14/08/2026",2026-08-14,O,B,v1.2026.08
ONG enregistrées (registre légal),Comité Conjoint des Organisations pour la Restauration de l&#039;Environnement,CCORE,B-0639,14-Aug-18,"Dorima, route blocas, Port-de-paix",ccoreopdd@yahoo.fr,agriculture-education-assistance-environnement,Nord-ouest,Ouest ; Nord ; Nord-Ouest,,,noms reconnus dans le texte libre des zones déclarées,Haïtienne,Haitienne,,SRC-027,"MPCE/UCAONG — registre des ONG, mpce.gouv.ht, capturé le 14/08/2026",2026-08-14,O,B,v1.2026.08
ONG enregistrées (registre légal),Comité d&#039;Aide et de Développement de Dussaulier,CADD,B-0346,24-Nov-03,"Blockhauss 1, St-Marc (derrière l&#039;EDH), BP.026, St-Marc",,Agriculture; Education; Santé,St-Marc,,,,zones déclarées non reconnues,Haïtienne,Haïtienne,,SRC-027,"MPCE/UCAONG — registre des ONG, mpce.gouv.ht, capturé le 14/08/2026",2026-08-14,O,B,v1.2026.08
ONG enregistrées (registre légal),Comité d\&#039;Organisation de l\&#039;île de la Gonave,CODIG,B-0616,16-Mar-15,,,"environnement, sante, education,agriculture",ile de la gonave,,,,zones déclarées non reconnues,Haïtienne,Haitienne,,SRC-027,"MPCE/UCAONG — registre des ONG, mpce.gouv.ht, capturé le 14/08/2026",2026-08-14,O,B,v1.2026.08
ONG enregistrées (registre légal),Comité de Bienfaisance de Pignon,CBP,A-0029,14-Jun-84,"Pignon, Rue Donneur, BP.13206, Delmas",guytheo441@gmail.comnmarieadelegmail.com,Santé; Education,Pignon,,Pignon,HT0344,noms reconnus dans le texte libre des zones déclarées,Haïtienne,Haïtienne,"# 64, 6/9/85",SRC-027,"MPCE/UCAONG — registre des ONG, mpce.gouv.ht, capturé le 14/08/2026",2026-08-14,O,B,v1.2026.08
ONG enregistrées (registre légal),Comité de Relèvement et de Coopération pour l&#039;Avancement d&#039;Haïti,CORCAH,B-0372,5-Jul-05,"93, Rue de L&#039;Enterrement, P-au-P",,Agriculture,Anse d&#039;Hainault,,,,zones déclarées non reconnues,Américaine,Américaine,,SRC-027,"MPCE/UCAONG — registre des ONG, mpce.gouv.ht, capturé le 14/08/2026",2026-08-14,O,B,v1.2026.08
ONG enregistrées (registre légal),Comité de Soutien a l&#039;Epanouissement de Vieux Bourg d&#039;Aquin et du Sud d&#039;Haïti,COSEVBASH,B-0317,22-May-03,"Rte. Nle. # 2, Vieux Bourg d&#039;Aquin, 40, Hôpital Charles Pasqua 9, Impasse Jeanco, Christ-Roi, Port-au-Prince B.P 15141 P-V E-mail:cosevbashonghaiti@yahoo.fr",,Electrification; Santé,Sud Bourg d&#039;Aquin,Sud,Aquin,HT0731,noms reconnus dans le texte libre des zones déclarées,Française,Française,,SRC-027,"MPCE/UCAONG — registre des ONG, mpce.gouv.ht, capturé le 14/08/2026",2026-08-14,O,B,v1.2026.08
ONG enregistrées (registre légal),Comité Haïtien de Développement,CHADEV,A-0019,8-Feb-84,"100, Ave. Lamartinière, BP.241, P-au-P",,Education; Santé; Développement Communautaire,Croix Fer,,,,zones déclarées non reconnues,Haïtienne,Haïtienne,,SRC-027,"MPCE/UCAONG — registre des ONG, mpce.gouv.ht, capturé le 14/08/2026",2026-08-14,O,B,v1.2026.08
ONG enregistrées (registre légal),Comité Limbeen de Développement et de Planification,COLIDEP,A-0091,31-Jul-86,"Ave. Pétion, Limbé",,Développement Communautaire,Limbé,,Limbé,HT0361,noms reconnus dans le texte libre des zones déclarées,Haïtienne,Haïtienne,# 81 - 6/10/86,SRC-027,"MPCE/UCAONG — registre des ONG, mpce.gouv.ht, capturé le 14/08/2026",2026-08-14,O,B,v1.2026.08
ONG enregistrées (registre légal),Comité National de Solidarité Laïque,CNSL,B-0267,15-Nov-99,"14, Rue Abbé Huet, Jérémie",,. Education . Assistance Sociale,Grande Anse: Jérémie,,Jérémie,HT0811,noms reconnus dans le texte libre des zones déclarées,Française,Française,,SRC-027,"MPCE/UCAONG — registre des ONG, mpce.gouv.ht, capturé le 14/08/2026",2026-08-14,O,B,v1.2026.08
ONG enregistrées (registre légal),Comité Protos Haïti,CPH,B-0329,23-Jul-03,"14, Rue H. Rimpel, P-au-P",cph.paup@yahoo.fr,Eau Potable,Belladère et Localité,,Belladère,HT0632,noms reconnus dans le texte libre des zones déclarées,Haïtienne,Haïtienne,,SRC-027,"MPCE/UCAONG — registre des ONG, mpce.gouv.ht, capturé le 14/08/2026",2026-08-14,O,B,v1.2026.08
ONG enregistrées (registre légal),Compassion International,CI,A-0006,12-Nov-83,"438, Delmas, BP.2539, P-au-P",,Education,Haïti,,,,zones déclarées non reconnues,Américaine,Américaine,# 84-A - 01/12/1983,SRC-027,"MPCE/UCAONG — registre des ONG, mpce.gouv.ht, capturé le 14/08/2026",2026-08-14,O,B,v1.2026.08
ONG enregistrées (registre légal),Compassion of Christ Word Mission,CCWM,B-0370,,"Rte Ntle #2, Merger,Gressier",,Education,Merger,,,,zones déclarées non reconnues,Américaine,Américaine,,SRC-027,"MPCE/UCAONG — registre des ONG, mpce.gouv.ht, capturé le 14/08/2026",2026-08-14,O,B,v1.2026.08
ONG enregistrées (registre légal),Complexe Educatif et Evangelique L\&#039;amour du Bon Berger,CEEABB,B-0477,22-Jun-10,"Blvd 15 Octobre, Tabarre 28A",,Assistance Sociale Education,Tabarre,,Tabarre,HT0118,noms reconnus dans le texte libre des zones déclarées,Haïtienne,Haïtienne,,SRC-027,"MPCE/UCAONG — registre des ONG, mpce.gouv.ht, capturé le 14/08/2026",2026-08-14,O,B,v1.2026.08
ONG enregistrées (registre légal),Comunita Impeno Servizio Volontariato,CISV,B-0649,26-Nov-18,"Rue du Docteur V. Noel, Peguy-Ville",admcisvhaiti@yahoo.fr,Beausejour et Valle de jacmel,agriculture,,,,zones déclarées non reconnues,Italienne,italienne,,SRC-027,"MPCE/UCAONG — registre des ONG, mpce.gouv.ht, capturé le 14/08/2026",2026-08-14,O,B,v1.2026.08
ONG enregistrées (registre légal),Concern Worldwide,CW,B-0263,,"28, Rue Métellus, PV, HAITI",haiti@haitimail.org,Assistances Sociales; Santé,"St; Martin, P-au-P",,,,zones déclarées non reconnues,Irlandaise,Irlandaise,,SRC-027,"MPCE/UCAONG — registre des ONG, mpce.gouv.ht, capturé le 14/08/2026",2026-08-14,O,B,v1.2026.08
ONG enregistrées (registre légal),Concile des Eglises Evangéliques d&#039;Haïti,CEEH,A-0007,17-Nov-83,"Route Nationale # 1, Cazeau, BP. 2475, P-au-P",,Agriculture; Santé; Eau Potable,Agriculture; Santé; Eau Potable,,,,zones déclarées non reconnues,Haïtienne,Haïtienne,# 71 - 4/10/84,SRC-027,"MPCE/UCAONG — registre des ONG, mpce.gouv.ht, capturé le 14/08/2026",2026-08-14,O,B,v1.2026.08
ONG enregistrées (registre légal),Congres National Haitien,CNH,B-0478,17-Apr-11,"Complexe Trans Auto,Rte de l&#039;Aeroport",,Agriculture,Agriculture,,,,zones déclarées non reconnues,Américaine,Americaine,,SRC-027,"MPCE/UCAONG — registre des ONG, mpce.gouv.ht, capturé le 14/08/2026",2026-08-14,O,B,v1.2026.08
ONG enregistrées (registre légal),Convention Baptiste d&#039;Haïti,CBH,A-0035,3-Aug-84,"Route Nationale # 1, BP 2101, P-au-P",,Santé; Développement Communautaire,Santé; Développement Communautaire,,,,zones déclarées non reconnues,Haïtienne,Haïtienne,# 71 - 4/10/84,SRC-027,"MPCE/UCAONG — registre des ONG, mpce.gouv.ht, capturé le 14/08/2026",2026-08-14,O,B,v1.2026.08
ONG enregistrées (registre légal),Cooperation Haitiano Neerlandaise,COHAN,A-0020,,"Rue Soleil, Parc Industriel, BP.2395, P-au-P",,Santé; Education; Agriculture,Santé; Education; Agriculture,,,,zones déclarées non reconnues,Néerlandaise,Hollandaise,"# 26, 8/4/85",SRC-027,"MPCE/UCAONG — registre des ONG, mpce.gouv.ht, capturé le 14/08/2026",2026-08-14,O,B,v1.2026.08
ONG enregistrées (registre légal),Coopération pour le Développement Intégré et la Promotion Paysanne,CODIPP,A-0043,30-Aug-84,"113, Rue des Miracles, P-au-P",,Agriculture; Santé; Education,Léogane,,Léogâne,HT0121,noms reconnus dans le texte libre des zones déclarées,Haïtienne,Haïtienne,# 71 - 4/11/84,SRC-027,"MPCE/UCAONG — registre des ONG, mpce.gouv.ht, capturé le 14/08/2026",2026-08-14,O,B,v1.2026.08
ONG enregistrées (registre légal),Cooperative For American Relief EveryWhere,CARE,A-0008,17-Nov-83,"92, Rue Grégoire, BP.15546, P-au-P",carehaiti@pap.care.org,Agriculture; Santé; Education; Eau potable; Nutrition; Développement Communautaire,Ouest; Nord; Grand\&#039;Anse; Artibonite; Nord\&#039;Ouest; Nippes; Sud,Ouest ; Nord ; Artibonite ; Sud ; Nippes,,,noms reconnus dans le texte libre des zones déclarées,Américaine,Américaine,# 67 - 23/9/85,SRC-027,"MPCE/UCAONG — registre des ONG, mpce.gouv.ht, capturé le 14/08/2026",2026-08-14,O,B,v1.2026.08
ONG enregistrées (registre légal),Cooperative Housing Fondation,CHF,B-0234,8-Apr-96,"#4, Juvenat 5, Petion-Ville",boakes@haiti.chfinternational.org,Travaux Publics; Environnement,Haitï,,,,zones déclarées non reconnues,Américaine,Américaine,,SRC-027,"MPCE/UCAONG — registre des ONG, mpce.gouv.ht, capturé le 14/08/2026",2026-08-14,O,B,v1.2026.08
ONG enregistrées (registre légal),Cooperazione Internazionale,COOPI,B-0563,19-Feb-15,"2, rue maranatha, Belvil",haiti@coopi.org,Environnement,"Cite-soleil,Port-au-prince, Tabarre",,Cité Soleil ; Port-au-Prince ; Tabarre,HT0111 ; HT0117 ; HT0118,noms reconnus dans le texte libre des zones déclarées,,,,SRC-027,"MPCE/UCAONG — registre des ONG, mpce.gouv.ht, capturé le 14/08/2026",2026-08-14,O,B,v1.2026.08
ONG enregistrées (registre légal),Coordination Citoyenne pour les Grands Chantiers de Développement Communautaire,COCIDECHC,B-0571,,"162,rue Stenio Vincent,petite riviere de l\&#039;Artibonte",cocidechc@yahoo.fr,"Agriculture, Elvage",Marchand Dessalines,,Dessalines,HT0541,noms reconnus dans le texte libre des zones déclarées,Haïtienne,Haitienne,,SRC-027,"MPCE/UCAONG — registre des ONG, mpce.gouv.ht, capturé le 14/08/2026",2026-08-14,O,B,v1.2026.08
ONG enregistrées (registre légal),Coordination Emmaus d&#039;Haïti en Action,CEHA,B-0316,10-Apr-03,"Delmas 19, Imp. Sauge, rue Maranatha # 9",,Agriculture,Agriculture,,,,zones déclarées non reconnues,Haïtienne,Haïtienne,,SRC-027,"MPCE/UCAONG — registre des ONG, mpce.gouv.ht, capturé le 14/08/2026",2026-08-14,O,B,v1.2026.08
ONG enregistrées (registre légal),Coordination pour des Actions en Santé et en Développement d&#039;Haïti,COSADH,B-0377,16-Aug-05,"Rue 3, Avenue Christophe, P-au-P",,Agriculture,Lascahobas,,Lascahobas,HT0631,noms reconnus dans le texte libre des zones déclarées,Haïtienne,Haïtienne,,SRC-027,"MPCE/UCAONG — registre des ONG, mpce.gouv.ht, capturé le 14/08/2026",2026-08-14,O,B,v1.2026.08
ONG enregistrées (registre légal),Corporacion Antioquia Presente,CAP,B-0228,17-Jan-11,"Fond Mombin,Rte Nationale#1",,Ass Technique Ass Humanitaire Aide au Devt,"Cabaret, Ouest",Ouest,Cabaret,HT0142,noms reconnus dans le texte libre des zones déclarées,Colombienne,Colombienne,,SRC-027,"MPCE/UCAONG — registre des ONG, mpce.gouv.ht, capturé le 14/08/2026",2026-08-14,O,B,v1.2026.08
ONG enregistrées (registre légal),Corps de Secours de Malte / Malteser Hilfsdienst e.V,MHD,B-0521,16-May-11,"318,rue Bongars,Belvil 3,rte de Freres",,Sante,Leogane,,Léogâne,HT0121,noms reconnus dans le texte libre des zones déclarées,Allemande,Allemande,,SRC-027,"MPCE/UCAONG — registre des ONG, mpce.gouv.ht, capturé le 14/08/2026",2026-08-14,O,B,v1.2026.08
ONG enregistrées (registre légal),Coude a Coude pour le Développement Valleen,CODEVA,A-0065,5-Jul-85,La Vallée de Jacmel,,Développement Communautaire,Jacmel,,Jacmel,HT0211,noms reconnus dans le texte libre des zones déclarées,Haïtienne,Haïtienne,# 67 - 23/9/85,SRC-027,"MPCE/UCAONG — registre des ONG, mpce.gouv.ht, capturé le 14/08/2026",2026-08-14,O,B,v1.2026.08
ONG enregistrées (registre légal),Croatian Relief Services,CRES,B-0493,24-Sep-10,"3, Bon Repos,Rue Gradagel",,Ass; tchnique Ass humanitaire Aide au Devt,Ouest(Commune de Delmas),Ouest,Delmas,HT0112,noms reconnus dans le texte libre des zones déclarées,Américaine,Americaine,,SRC-027,"MPCE/UCAONG — registre des ONG, mpce.gouv.ht, capturé le 14/08/2026",2026-08-14,O,B,v1.2026.08
ONG enregistrées (registre légal),"Cross To Light, Inc",CTL,B-0612,19-Fev-15,"#16, rue reme, rue cassagnol, delmas75",brian@croretolight.com,eau et assainissement,Port-au-Prince,,Port-au-Prince,HT0111,noms reconnus dans le texte libre des zones déclarées,etat tennessee,etat tennessee,,SRC-027,"MPCE/UCAONG — registre des ONG, mpce.gouv.ht, capturé le 14/08/2026",2026-08-14,O,B,v1.2026.08
ONG enregistrées (registre légal),Deep Springs International Inc.,DSI,B-0572,19-Feb-15,"25,rue St-Laurent,Leogâne",michael.ritter2@gmail.com,"Assainissament,Eau potable,Sante",Ouest(Leogâne),Ouest,Léogâne,HT0121,noms reconnus dans le texte libre des zones déclarées,Américaine,Americaine,,SRC-027,"MPCE/UCAONG — registre des ONG, mpce.gouv.ht, capturé le 14/08/2026",2026-08-14,O,B,v1.2026.08
ONG enregistrées (registre légal),Délégation Catholique pour la Coopération,DCC,B-0235,4-Apr-96,Collège Saint-Louis de Gonzague,,Education,Haïti,,,,zones déclarées non reconnues,Française,Française,,SRC-027,"MPCE/UCAONG — registre des ONG, mpce.gouv.ht, capturé le 14/08/2026",2026-08-14,O,B,v1.2026.08
ONG enregistrées (registre légal),Development Activities And Services For Health,DASH,A-0076,,"87,Rue Oswald Durand, Delmas # 190, P-au-P",josephmardochee079@gmail.com,Santé,Saint Marc,,Saint-Marc,HT0531,noms reconnus dans le texte libre des zones déclarées,Américaine,Américaine,# 108 - 28/12/87,SRC-027,"MPCE/UCAONG — registre des ONG, mpce.gouv.ht, capturé le 14/08/2026",2026-08-14,O,B,v1.2026.08
ONG enregistrées (registre légal),Development Innovation Group-Haiti,DIG-Haiti,B-0527,9-Jun-11,"86bis, Rue Panamericaine, Petion-Ville",admin@dig-haiti.com,Assistance Technique,Port-au-Prince Delmas Petion-Ville Leogane,,Delmas ; Léogâne ; Port-au-Prince ; Pétion-Ville,HT0111 ; HT0112 ; HT0114 ; HT0121,noms reconnus dans le texte libre des zones déclarées,Haïtienne,Haïtienne,,SRC-027,"MPCE/UCAONG — registre des ONG, mpce.gouv.ht, capturé le 14/08/2026",2026-08-14,O,B,v1.2026.08
ONG enregistrées (registre légal),Developpement For Freedom International-Haiti,DFI-HAITI,B-0677,,,,,,,,,aucune zone déclarée au registre,,,,SRC-027,"MPCE/UCAONG — registre des ONG, mpce.gouv.ht, capturé le 14/08/2026",2026-08-14,O,B,v1.2026.08
ONG enregistrées (registre légal),Développement International Desjardins,DID,B-0261,15-Jul-97,"58, RUE VILATTE Petion Ville, Haiti",,Coopératif,Ouest,Ouest,,,noms reconnus dans le texte libre des zones déclarées,Canadienne,Canadienne,,SRC-027,"MPCE/UCAONG — registre des ONG, mpce.gouv.ht, capturé le 14/08/2026",2026-08-14,O,B,v1.2026.08
ONG enregistrées (registre légal),Développement-Formation-Iformation,DEFI,B-0438,10-Mar-08,"17, Rue Wilson 2, Pacot",,Environnement; Santé; Education,Port-au-prince Jacmel Jérémie Hinche Cayes,,Hinche ; Jacmel ; Jérémie ; Port-au-Prince,HT0111 ; HT0211 ; HT0611 ; HT0811,noms reconnus dans le texte libre des zones déclarées,Française,Française,,SRC-027,"MPCE/UCAONG — registre des ONG, mpce.gouv.ht, capturé le 14/08/2026",2026-08-14,O,B,v1.2026.08
ONG enregistrées (registre légal),Douleurs Sans Frontières,DSF,B-0611,19-Fev-15,"#5, rue garoute, pacot, Port-au-Prince",bsalla@douleurs.org,sante,Martissant,,,,zones déclarées non reconnues,Française,francaise,,SRC-027,"MPCE/UCAONG — registre des ONG, mpce.gouv.ht, capturé le 14/08/2026",2026-08-14,O,B,v1.2026.08
ONG enregistrées (registre légal),Ecole Technique Agricole de Dutruche,ETAD,A-0118,23-Nov-87,"13, Rue O, Turgeau, P-au-P",,Formation Agricole,Formation Agricole,,,,zones déclarées non reconnues,Haïtienne,Haïtienne,# 4 - 14/01/88,SRC-027,"MPCE/UCAONG — registre des ONG, mpce.gouv.ht, capturé le 14/08/2026",2026-08-14,O,B,v1.2026.08
ONG enregistrées (registre légal),Ecoles Sans Frontières,ESF,B-0251,30-Oct-96,"37, Route Desprez, Pacot",,Education,Cayes Jacmel,,Cayes-Jacmel,HT0213,noms reconnus dans le texte libre des zones déclarées,Française,Française,,SRC-027,"MPCE/UCAONG — registre des ONG, mpce.gouv.ht, capturé le 14/08/2026",2026-08-14,O,B,v1.2026.08
ONG enregistrées (registre légal),Eglise Chrétienne des Rachetés d&#039;Haïti,ECRH,A-0060,18-Jun-85,"4, Imp. Percier, Ruelle Moïse, Christ-roi",,Agriculture; Santé; Education,Ouest,Ouest,,,noms reconnus dans le texte libre des zones déclarées,Haïtienne,Haïtienne,# 64 - 12/10/85,SRC-027,"MPCE/UCAONG — registre des ONG, mpce.gouv.ht, capturé le 14/08/2026",2026-08-14,O,B,v1.2026.08
ONG enregistrées (registre légal),Eglise de l&#039;Alliance Chrétienne Indépendante,EACI,A-0033,24-Jul-84,"87, Ave Jean-Claude Duvaller, BP. 1712, P-au-P",,Education; Agriculture,Education; Agriculture,,,,zones déclarées non reconnues,Haïtienne,Haïtienne,"# 71, 4/10/84",SRC-027,"MPCE/UCAONG — registre des ONG, mpce.gouv.ht, capturé le 14/08/2026",2026-08-14,O,B,v1.2026.08
ONG enregistrées (registre légal),Eglise de la Compréhension de la Bible,ECB,A-0022,15-Mar-84,"Delmas 65, Rue Pierrot # 3, P-au-P",,Santé; Education; Assistance Sociale,Pétion-Ville,,Pétion-Ville,HT0114,noms reconnus dans le texte libre des zones déclarées,Haïtienne,Haïtienne,"# 71, 4/10/84",SRC-027,"MPCE/UCAONG — registre des ONG, mpce.gouv.ht, capturé le 14/08/2026",2026-08-14,O,B,v1.2026.08
ONG enregistrées (registre légal),Eglise du Nazareen,ENH,A-0009,17-Nov-83,"Route de Frères, Pétion-Ville, BP.1323, P-au-P",,Education; Santé; Développement Communautaire,Ouest; Nord; Grand&#039;Anse; Artibonite; Nord&#039;Ouest; Centre; Sud; Sud-Est,Ouest ; Nord ; Artibonite ; Centre ; Sud ; Sud-Est,,,noms reconnus dans le texte libre des zones déclarées,Américaine,Américaine,# 90 - 26/12/83,SRC-027,"MPCE/UCAONG — registre des ONG, mpce.gouv.ht, capturé le 14/08/2026",2026-08-14,O,B,v1.2026.08
ONG enregistrées (registre légal),Eglise Evangélique Eben Ezer,EEEE,A-0084,25-Apr-86,"BP.91, Gonaïves",,Education; Santé; Développement Communautaire,Gonaïves,,Gonaïves,HT0511,noms reconnus dans le texte libre des zones déclarées,Haïtienne,Haïtienne,"# 70, 28/8/86",SRC-027,"MPCE/UCAONG — registre des ONG, mpce.gouv.ht, capturé le 14/08/2026",2026-08-14,O,B,v1.2026.08
ONG enregistrées (registre légal),Eglise Evangéliques Indépendantes Unies d\&#039;Haïti,EEIUH,A-0096,4-Mar-87,"Mare Rouge, Jean-Rabel, BP. 1637, P-au-P",,Education; Agriculture; Santé,Nord-Ouest,Ouest ; Nord ; Nord-Ouest,,,noms reconnus dans le texte libre des zones déclarées,Haïtienne,Haïtienne,# 31 - 15/4/87,SRC-027,"MPCE/UCAONG — registre des ONG, mpce.gouv.ht, capturé le 14/08/2026",2026-08-14,O,B,v1.2026.08
ONG enregistrées (registre légal),Eglise Méthodiste Libre à l&#039;Intérieur d&#039;Haïti,MMLIH,A-0061,18-Jun-85,"200, Delmas 28B, BP.994, P-au-P",,Education; Santé; Eau Potable,Education; Santé; Eau Potable,,,,zones déclarées non reconnues,Américaine,Américaine,# 67 - 23/9/85,SRC-027,"MPCE/UCAONG — registre des ONG, mpce.gouv.ht, capturé le 14/08/2026",2026-08-14,O,B,v1.2026.08
ONG enregistrées (registre légal),"Enfants du Monde, Haïti","EDM, HAITI",B-0387,23-Feb-06,"Rue Marcadieu, Bourdon",,Santé,Artibonite,Artibonite,,,noms reconnus dans le texte libre des zones déclarées,Suisse,Suisse,,SRC-027,"MPCE/UCAONG — registre des ONG, mpce.gouv.ht, capturé le 14/08/2026",2026-08-14,O,B,v1.2026.08
ONG enregistrées (registre légal),Enfants du Monde/Droits de l&#039;Homme,EM/DH,B-0209,20-Nov-95,"51, Epis. D&#039;or rue Rigaud, P-V",,Assistance Sociale; Santé; Nutrition,Quatier-Morin Cap-Haïtien Carrefour,,Cap-Haïtien ; Carrefour,HT0113 ; HT0311,noms reconnus dans le texte libre des zones déclarées,Française,Française,,SRC-027,"MPCE/UCAONG — registre des ONG, mpce.gouv.ht, capturé le 14/08/2026",2026-08-14,O,B,v1.2026.08
ONG enregistrées (registre légal),Entraide Medicale Internationale,EMI,B-0643,6-Aug-18,"#70, allee jacques Prevert 14790,verson france",contact@emi.ong.org,Sante,"Grand -Anse, sud, nord-ouest",Ouest ; Nord ; Nord-Ouest ; Sud ; Grand'Anse,,,noms reconnus dans le texte libre des zones déclarées,Française,Francaise,,SRC-027,"MPCE/UCAONG — registre des ONG, mpce.gouv.ht, capturé le 14/08/2026",2026-08-14,O,B,v1.2026.08
ONG enregistrées (registre légal),Entrepreneurs du Monde,EDM,B-0541,,"5,Imp Emmanuel Pierre-Louis,Bourdon",contact@entrepreneursdumonde.org,Assistance sociale,Bel-Air Delmas Port-au-Prince Croix-des-Bouquets,,Croix-Des-Bouquets ; Delmas ; Port-au-Prince,HT0111 ; HT0112 ; HT0131,noms reconnus dans le texte libre des zones déclarées,Française,Française,,SRC-027,"MPCE/UCAONG — registre des ONG, mpce.gouv.ht, capturé le 14/08/2026",2026-08-14,O,B,v1.2026.08
ONG enregistrées (registre légal),Esperance et Vie,Esperance et Vie,B-0461,8-May-09,Terrier-Rouge esperancevie@gmail.com,,Agriculture; Santé; Nutrition,Terrier-Rouge (Nord-Est),Nord ; Nord-Est,Terrier Rouge,HT0433,noms reconnus dans le texte libre des zones déclarées,Haïtienne,Haïtienne,,SRC-027,"MPCE/UCAONG — registre des ONG, mpce.gouv.ht, capturé le 14/08/2026",2026-08-14,O,B,v1.2026.08
ONG enregistrées (registre légal),Espoir Anaïse,EA,B-0202,20-Nov-95,"167, Ave Jn. Paul II, Turgeau, BP.322, P-au-P",,Santé; Assistance Sociale,Haïti,,,,zones déclarées non reconnues,Haïtienne,Haïtienne,,SRC-027,"MPCE/UCAONG — registre des ONG, mpce.gouv.ht, capturé le 14/08/2026",2026-08-14,O,B,v1.2026.08
ONG enregistrées (registre légal),Espoir pour tous,EPT,B-0290,,Delmas 19 # 18 à l\&#039;étage BP 13216,josephmardochee079@gmail.com,Assistance Sociale; Agriculture,Nord-Ouest: Jean Rabel,Ouest ; Nord ; Nord-Ouest,Jean Rabel,HT0934,noms reconnus dans le texte libre des zones déclarées,Haïtienne,Haïtienne,,SRC-027,"MPCE/UCAONG — registre des ONG, mpce.gouv.ht, capturé le 14/08/2026",2026-08-14,O,B,v1.2026.08
ONG enregistrées (registre légal),Espoir Sans Frontieres Haiti,ESFH,B-0412,4-Jan-07,"28, Rue Gabart, Petion-Ville, B.P. 555",,Santé; Education . Renforcement des Capacites,Kenscoff et ses environs,,Kenscoff,HT0115,noms reconnus dans le texte libre des zones déclarées,Africaine,Africaine,,SRC-027,"MPCE/UCAONG — registre des ONG, mpce.gouv.ht, capturé le 14/08/2026",2026-08-14,O,B,v1.2026.08
ONG enregistrées (registre légal),Evangelishes Werk FÜr Diakonie Und Entwicklung E.V.,EWDE_DIAKONIE KATASTROHENHILFE,B-0669,28-Dec-21,"125, juvenat5, canape-vert",,aide humanitaire,premiere section bas cap rouge de Jacmel,,Jacmel,HT0211,noms reconnus dans le texte libre des zones déclarées,Allemande,allemande,,SRC-027,"MPCE/UCAONG — registre des ONG, mpce.gouv.ht, capturé le 14/08/2026",2026-08-14,O,B,v1.2026.08
ONG enregistrées (registre légal),Extravius Jean-Gilles Assistance Légale,EJGAL,B-0323,27-May-03,"17, Rue des Miracles",,Justice,Port-au-Prince,,Port-au-Prince,HT0111,noms reconnus dans le texte libre des zones déclarées,Haïtienne,Haïtienne,,SRC-027,"MPCE/UCAONG — registre des ONG, mpce.gouv.ht, capturé le 14/08/2026",2026-08-14,O,B,v1.2026.08
ONG enregistrées (registre légal),Eye Care Haïti,ECH,A-0139,26-Apr-89,"Rue Paul VI, Ecole St. Vincent, BP.1319, P-au-P, BP.13304, Delmas",,Santé,Ouest; Nord&#039;Ouest; Sud-Est,Ouest ; Nord ; Sud ; Sud-Est,,,noms reconnus dans le texte libre des zones déclarées,Haïtienne,Haïtienne,# 66 - 28/8/89,SRC-027,"MPCE/UCAONG — registre des ONG, mpce.gouv.ht, capturé le 14/08/2026",2026-08-14,O,B,v1.2026.08
ONG enregistrées (registre légal),Family Health International,FHI,B-0428,5-Dec-07,"37, Rue Fernand, Canapé-Vert",,Santé,"Couverture Nationale Campêche, dispensaire de Jean XIII, de Laborde et HUEH",,,,zones déclarées non reconnues,Américaine,Américaine,,SRC-027,"MPCE/UCAONG — registre des ONG, mpce.gouv.ht, capturé le 14/08/2026",2026-08-14,O,B,v1.2026.08
ONG enregistrées (registre légal),Fédération Haïtienne des Associations et Institutions des Personnes Handicapées d&#039;Haïti,FHAIPH,B-0418,24-May-07,"406, Route de Delmas",,,Département de l&#039;Ouest,Ouest,,,noms reconnus dans le texte libre des zones déclarées,Haïtienne,Haïtienne,,SRC-027,"MPCE/UCAONG — registre des ONG, mpce.gouv.ht, capturé le 14/08/2026",2026-08-14,O,B,v1.2026.08
ONG enregistrées (registre légal),Fédération Luthérienne Mondiale,FLM,B-0221,18-Jan-96,"15, Rue Mangonès, Berthé, P-V",,Agricole,Sud\\\&#039;Est (Thiotte),Sud,Thiotte,HT0233,noms reconnus dans le texte libre des zones déclarées,Norvegienne,Norvegienne,,SRC-027,"MPCE/UCAONG — registre des ONG, mpce.gouv.ht, capturé le 14/08/2026",2026-08-14,O,B,v1.2026.08
ONG enregistrées (registre légal),Feed The Children Europe / Children&#039;s Aid Direct,FTC,B-0230,4-Apr-96,"Rue Sapotille, Imp. Ducarmel # 47, P-au-P",,Agriculture,Arrondissement de Port-Salut,,Port-Salut,HT0721,noms reconnus dans le texte libre des zones déclarées,Britanique,Britanique,,SRC-027,"MPCE/UCAONG — registre des ONG, mpce.gouv.ht, capturé le 14/08/2026",2026-08-14,O,B,v1.2026.08
ONG enregistrées (registre légal),Finn Church Aid/Aide des Eglises Finlandaises,FcA,B-0206,21-Dec-10,"15, Route Ibolele,Montagne noire",,Education,Gressier,,Gressier,HT0116,noms reconnus dans le texte libre des zones déclarées,Finlandaise,Finlandaise,,SRC-027,"MPCE/UCAONG — registre des ONG, mpce.gouv.ht, capturé le 14/08/2026",2026-08-14,O,B,v1.2026.08
ONG enregistrées (registre légal),Floresta Ayiti Pou Pwoteksyon Anvironman,FLORESTA,B-0353,26-May-04,"Grand Goâve, 5ème Section Grande Colline, Chérident",,Agriculture,Grand-Goâve,,Grand-Goâve,HT0123,noms reconnus dans le texte libre des zones déclarées,Haïtienne,Haïtienne,,SRC-027,"MPCE/UCAONG — registre des ONG, mpce.gouv.ht, capturé le 14/08/2026",2026-08-14,O,B,v1.2026.08
ONG enregistrées (registre légal),Fòk Haïti Viv,FHAV,B-0381,16-Nov-05,"24, Rue Rigaud, Pétion-Ville",,Ecologie; Logements Sociaux; Education; Agriculture,"Port-au-Prince, Vallée de Jacmel",,Jacmel ; Port-au-Prince,HT0111 ; HT0211,noms reconnus dans le texte libre des zones déclarées,Américaine,Américaine,,SRC-027,"MPCE/UCAONG — registre des ONG, mpce.gouv.ht, capturé le 14/08/2026",2026-08-14,O,B,v1.2026.08
ONG enregistrées (registre légal),"Fondation Americares, Inc / Americares Foundation, Inc",AMERICARES,B-0546,21-Oct-11,"1,Imp Du Jonc,Pelerin,Petion-Ville",,Sante,Cite Soleil Cazeau,,Cité Soleil,HT0117,noms reconnus dans le texte libre des zones déclarées,Américaine,Americaine,,SRC-027,"MPCE/UCAONG — registre des ONG, mpce.gouv.ht, capturé le 14/08/2026",2026-08-14,O,B,v1.2026.08
ONG enregistrées (registre légal),Fondation Amour de Dieu en Action,FADA,B-0185,29-May-95,"141 bis, Fort Mercredi Prolongé Gressier (Christianville) BP 937, P-au-P",,Santé; Education,l&#039;Ouest (Gressier),Ouest,Gressier,HT0116,noms reconnus dans le texte libre des zones déclarées,Haïtienne,Haïtienne,# 91 - 17/11/94,SRC-027,"MPCE/UCAONG — registre des ONG, mpce.gouv.ht, capturé le 14/08/2026",2026-08-14,O,B,v1.2026.08
ONG enregistrées (registre légal),Fondation Béthel d\&#039;Haïti,FBH,B-0262,15-Jul-97,"6, Rue Acul Espagnol, Croix-des-Bouquets, BP.277",,Assistances Sociales,Croix-des-Bouquets,,Croix-Des-Bouquets,HT0131,noms reconnus dans le texte libre des zones déclarées,Haïtienne,Haïtienne,,SRC-027,"MPCE/UCAONG — registre des ONG, mpce.gouv.ht, capturé le 14/08/2026",2026-08-14,O,B,v1.2026.08
ONG enregistrées (registre légal),Fondation Bienfaisance,FB,B-0423,13-Jul-07,"105, Ave N prolongée, Port-au-prince",,Santé; Education,Campêche et ses environs,,,,zones déclarées non reconnues,Haïtienne,Haïtienne,,SRC-027,"MPCE/UCAONG — registre des ONG, mpce.gouv.ht, capturé le 14/08/2026",2026-08-14,O,B,v1.2026.08
ONG enregistrées (registre légal),Fondation Biomedicale Haïtienne,FBH,A-0133,9-Jan-89,,,Santé,Santé,,,,zones déclarées non reconnues,Haïtienne,Haïtienne,# 18 - 2/3/89,SRC-027,"MPCE/UCAONG — registre des ONG, mpce.gouv.ht, capturé le 14/08/2026",2026-08-14,O,B,v1.2026.08
ONG enregistrées (registre légal),Fondation Bon Samaritain de Vieilot,FOBSAVI,B-0406,25-Sep-06,"15bis, Rue Boukman, Delmas 43",,Education; Santé; Agriculture,"Viellot, 5e Section Communale Verettes",,,,zones déclarées non reconnues,Haïtienne,Haïtienne,,SRC-027,"MPCE/UCAONG — registre des ONG, mpce.gouv.ht, capturé le 14/08/2026",2026-08-14,O,B,v1.2026.08
ONG enregistrées (registre légal),Fondation Chrétienne d&#039;Education de Santé et de Développement,FOCESD,B-0177,10-Apr-95,"13, rue Codada, Route Nazon",,Education; Santé,Grand&#039;Anse l&#039;Ouest Jacmel,Ouest,Jacmel,HT0211,noms reconnus dans le texte libre des zones déclarées,Haïtienne,Haïtienne,,SRC-027,"MPCE/UCAONG — registre des ONG, mpce.gouv.ht, capturé le 14/08/2026",2026-08-14,O,B,v1.2026.08
ONG enregistrées (registre légal),Fondation Chrétienne pour le Développement d&#039;Haïti,FCDH,B-0326,23-Jul-03,"6, Rue Cameau",,Education (formation professionnelle); Assistance Sociale,Ouest Nord Artibonite,Ouest ; Nord ; Artibonite,,,noms reconnus dans le texte libre des zones déclarées,Haïtienne,Haïtienne,,SRC-027,"MPCE/UCAONG — registre des ONG, mpce.gouv.ht, capturé le 14/08/2026",2026-08-14,O,B,v1.2026.08
ONG enregistrées (registre légal),Fondation Coeur Pour Haïti,FCPH,A-0003,19-Jul-83,"Route Lilavois, Bon Repos, BP.2402, P-au-P",josephmardochee079@gmail.com,Education; Assistance Sociale,Ouest,Ouest,,,noms reconnus dans le texte libre des zones déclarées,Néerlandaise,Hollandaise,# 72 - 13/10/83,SRC-027,"MPCE/UCAONG — registre des ONG, mpce.gouv.ht, capturé le 14/08/2026",2026-08-14,O,B,v1.2026.08
ONG enregistrées (registre légal),Fondation Cordaid / Stichting Cordaid,FC,B-0585,,,,,,,,,aucune zone déclarée au registre,,,,SRC-027,"MPCE/UCAONG — registre des ONG, mpce.gouv.ht, capturé le 14/08/2026",2026-08-14,O,B,v1.2026.08
ONG enregistrées (registre légal),Fondation Croisade pour Christ Haiti,FOCCH,B-0484,,"16,Rue Moineau,Delmas 19",josephmardochee079@gmail.com,Aide au Devt Ass. Humanitaire,Cottard(Croix-des-Bouquets),,Croix-Des-Bouquets,HT0131,noms reconnus dans le texte libre des zones déclarées,Haïtienne,Haïtienne,,SRC-027,"MPCE/UCAONG — registre des ONG, mpce.gouv.ht, capturé le 14/08/2026",2026-08-14,O,B,v1.2026.08
ONG enregistrées (registre légal),Fondation d&#039;Aide aux Défavorisés,FAD,B-0282,5-Jun-01,"11 Rue Raphael, Bloc Ste Thérèse, Pétion-Ville",,. Education,Ouest: Léogane,Ouest,Léogâne,HT0121,noms reconnus dans le texte libre des zones déclarées,Haïtienne,Haïtienne,,SRC-027,"MPCE/UCAONG — registre des ONG, mpce.gouv.ht, capturé le 14/08/2026",2026-08-14,O,B,v1.2026.08
ONG enregistrées (registre légal),Fondation de l&#039;Amitié Haïtiano Américaine (Haitian American Friendship Foundation),HAFF,A-0031,9-Jul-84,"BP.15281, Pétion-Ville",,. Education,Pignon,,Pignon,HT0344,noms reconnus dans le texte libre des zones déclarées,Américaine,Américaine,#3 - 10/01/85,SRC-027,"MPCE/UCAONG — registre des ONG, mpce.gouv.ht, capturé le 14/08/2026",2026-08-14,O,B,v1.2026.08
ONG enregistrées (registre légal),Fondation de l&#039;Espoir pour Haïti,FONEH,B-0222,18-Jan-96,"Delmas 19, rue Mackandal # 8 bis",,Assistances Sociales,St. Michel de l&#039;Attalaye et Environs,,,,zones déclarées non reconnues,Haïtienne,Haïtienne,,SRC-027,"MPCE/UCAONG — registre des ONG, mpce.gouv.ht, capturé le 14/08/2026",2026-08-14,O,B,v1.2026.08
ONG enregistrées (registre légal),Fondation de l&#039;Oeuvre des Artisans de Paix d&#039;Haïti/Zèv Atizan Lapè,ZAL,B-0359,8-Sep-04,"6, Ruelle Icart (Lalue)",,Santé; Assistance Sociale,Mariani (Commune de Gressier),,Gressier,HT0116,noms reconnus dans le texte libre des zones déclarées,Canadienne,Canadienne,,SRC-027,"MPCE/UCAONG — registre des ONG, mpce.gouv.ht, capturé le 14/08/2026",2026-08-14,O,B,v1.2026.08
ONG enregistrées (registre légal),Fondation des Architectes de l&#039;Urgence,FAU,B-0479,24-Jun-10,"167,Ave Jean Paul II,Turgeau",,Ass; Technique Aide au Devt Ass Humanitaire,Gressier,,Gressier,HT0116,noms reconnus dans le texte libre des zones déclarées,Française,Française,,SRC-027,"MPCE/UCAONG — registre des ONG, mpce.gouv.ht, capturé le 14/08/2026",2026-08-14,O,B,v1.2026.08
ONG enregistrées (registre légal),Fondation des Associés pour le Développement Intégral de la Population de Pilate,FADIPP,A-0050,6-Nov-84,"BP.2521, P-au-P",,Santé; Education,Pilate,,Pilate,HT0372,noms reconnus dans le texte libre des zones déclarées,Haïtienne,Haïtienne,"# 3, 10/01/85",SRC-027,"MPCE/UCAONG — registre des ONG, mpce.gouv.ht, capturé le 14/08/2026",2026-08-14,O,B,v1.2026.08
ONG enregistrées (registre légal),Fondation des Pèlerins Indépendants pour le Développement Durable d&#039;Haïti,FONPIDEH,B-0405,25-Sep-06,"Petite Rivière Bayonnais, 3e Section Communale des Gonaïves",,Education; Santé; Environnement,"Petite Rivière Bayonnais, 3e Section Communale des Gonaïves",,Gonaïves,HT0511,noms reconnus dans le texte libre des zones déclarées,Haïtienne,Haïtienne,,SRC-027,"MPCE/UCAONG — registre des ONG, mpce.gouv.ht, capturé le 14/08/2026",2026-08-14,O,B,v1.2026.08
ONG enregistrées (registre légal),Fondation Eben-Ezer,FEBE,B-0394,17-Jul-06,"105, Source Dommage, Jérémie",,Agriculture; Reboisement; Pêche; Elevage,Grand&#039;Anse ( Dame Marie Irois Anse d&#039;Hainault Abricot Bonbon Jérémie Moron Chambellan),,Bonbon ; Chambellan ; Dame Marie ; Jérémie ; Moron,HT0811 ; HT0813 ; HT0814 ; HT0815 ; HT0822,noms reconnus dans le texte libre des zones déclarées,Haïtienne,Haïtienne,,SRC-027,"MPCE/UCAONG — registre des ONG, mpce.gouv.ht, capturé le 14/08/2026",2026-08-14,O,B,v1.2026.08
ONG enregistrées (registre légal),Fondation Enfant Jesus,FEJ,B-0441,,"9 bis, Rue Fernand de Beaudiere, Delmas 41 cejglg@yahoo.fr",josephmardochee079@gmail.com,Agriculture; Santé; Education; Elevage; Reboisement,Lamardelle,,,,zones déclarées non reconnues,Haïtienne,Haïtienne,,SRC-027,"MPCE/UCAONG — registre des ONG, mpce.gouv.ht, capturé le 14/08/2026",2026-08-14,O,B,v1.2026.08
ONG enregistrées (registre légal),Fondation Entraide Protestante Suisse,EPER /HEKS,B-0659,3-Fev-20,"#17, boulevard de Corancy 1001",mariejeannechacetbois@heks-eper.org,Grand-Anse comme des Roseaux,education-assainissement,,,,zones déclarées non reconnues,"Suisse, Zouch","Suisse, Zouch",,SRC-027,"MPCE/UCAONG — registre des ONG, mpce.gouv.ht, capturé le 14/08/2026",2026-08-14,O,B,v1.2026.08
ONG enregistrées (registre légal),Fondation Ermite D Geffrard,FEDG,B-0503,15-Mar-11,,,,,,,,aucune zone déclarée au registre,Haïtienne,Haitienne,,SRC-027,"MPCE/UCAONG — registre des ONG, mpce.gouv.ht, capturé le 14/08/2026",2026-08-14,O,B,v1.2026.08
ONG enregistrées (registre légal),Fondation Espoir,FONDESPOIR,B-0190,4-Jul-95,"13, Rue Sapotille, Desprez",,Appui aux petits commerçants,Ouest,Ouest,,,noms reconnus dans le texte libre des zones déclarées,Haïtienne,Haïtienne,# 68 - 28/8/95,SRC-027,"MPCE/UCAONG — registre des ONG, mpce.gouv.ht, capturé le 14/08/2026",2026-08-14,O,B,v1.2026.08
ONG enregistrées (registre légal),"Fondation Faith And Love, Inc Action Ministries",FAITH AND LOVE,B-0341,,"20, Imp. Valescot, Carrefour, Saint-Marc, Bon-Repos",josephmardochee079@gmail.com,Assistance Sociale; Santé; Education,Coix-des-Bouquets (Beaubain),,,,zones déclarées non reconnues,Haïtienne,Haïtienne,,SRC-027,"MPCE/UCAONG — registre des ONG, mpce.gouv.ht, capturé le 14/08/2026",2026-08-14,O,B,v1.2026.08
ONG enregistrées (registre légal),Fondation Gaudium et Spes,FGS,B-0257,5-May-97,"Musseau, rue François # 8, P-au-P",,Assistances Sociales,l&#039;Ouest,Ouest,,,noms reconnus dans le texte libre des zones déclarées,Canadienne,Canadienne,,SRC-027,"MPCE/UCAONG — registre des ONG, mpce.gouv.ht, capturé le 14/08/2026",2026-08-14,O,B,v1.2026.08
ONG enregistrées (registre légal),Fondation Grann Lison,FGL,B-0331,21-Aug-03,"4, Rue Baussan , Local Père Monfortains",,Santé; Assistance Sociale,Jean-Rabel,,Jean Rabel,HT0934,noms reconnus dans le texte libre des zones déclarées,Haïtienne,Haïtienne,,SRC-027,"MPCE/UCAONG — registre des ONG, mpce.gouv.ht, capturé le 14/08/2026",2026-08-14,O,B,v1.2026.08
ONG enregistrées (registre légal),Fondation Haiti en Action,FOHA,B-0275,25-Sep-00,"No. 227, Blvd Jn. Jacques Dessalines",,. Santé . Education Professionnelle,Port-au-Prince,,Port-au-Prince,HT0111,noms reconnus dans le texte libre des zones déclarées,Haïtienne,Haïtienne,,SRC-027,"MPCE/UCAONG — registre des ONG, mpce.gouv.ht, capturé le 14/08/2026",2026-08-14,O,B,v1.2026.08
ONG enregistrées (registre légal),Fondation Haïtienne d&#039;Appui au Développement Local,FONHADEL,B-0440,17-Jun-08,Tabarre 44 ou 42,,Education,L&#039;Estère,,,,zones déclarées non reconnues,Haïtienne,Haïtienne,,SRC-027,"MPCE/UCAONG — registre des ONG, mpce.gouv.ht, capturé le 14/08/2026",2026-08-14,O,B,v1.2026.08
ONG enregistrées (registre légal),Fondation Haïtienne de Développement,FHD,A-0036,3-Aug-84,"106, Ave. Christophe, P-au-P, BP.15326, Pétion-Ville",,Prêts aux Petits Entreprises,Ouest,Ouest,,,noms reconnus dans le texte libre des zones déclarées,Haïtienne,Haïtienne,# 71 - 4/10/84,SRC-027,"MPCE/UCAONG — registre des ONG, mpce.gouv.ht, capturé le 14/08/2026",2026-08-14,O,B,v1.2026.08
ONG enregistrées (registre légal),Fondation Haïtienne de Développement Intégré,FHADI,B-0165,13-Aug-93,"Diquini 63, No. 11",,Education; Santé; Développement Communautaire,Education; Santé; Développement Communautaire,,,,zones déclarées non reconnues,Haïtienne,Haïtienne,# 69 - 30/8/93,SRC-027,"MPCE/UCAONG — registre des ONG, mpce.gouv.ht, capturé le 14/08/2026",2026-08-14,O,B,v1.2026.08
ONG enregistrées (registre légal),Fondation Haïtienne de la Santé,FHS,A-0039,9-Aug-84,"10, Rue Rochasse, Jérémie, Haiti",maryann@haitianhealthfoundation.org,Santé,Grand\&#039;Anse,,,,zones déclarées non reconnues,Haïtienne,Haïtienne,# 103 - 12/12/88,SRC-027,"MPCE/UCAONG — registre des ONG, mpce.gouv.ht, capturé le 14/08/2026",2026-08-14,O,B,v1.2026.08
ONG enregistrées (registre légal),Fondation Haïtienne de la Santé et de l\&#039;Education,FHSE,A-0044,30-Aug-84,"Rue Audant, Route de Frères, B.P 1471",,Santé; Education,Ouest,Ouest,,,noms reconnus dans le texte libre des zones déclarées,Haïtienne,Haïtienne,# 3 - 10/01/85,SRC-027,"MPCE/UCAONG — registre des ONG, mpce.gouv.ht, capturé le 14/08/2026",2026-08-14,O,B,v1.2026.08
ONG enregistrées (registre légal),Fondation Haitienne de Réhabilitation,FONHARE,B-0610,,"#280, rue espagnol prol.RC rte nle #6",Fonhare.org@gmail.com,assistance sociale,ouanaminthe,,Ouanaminthe,HT0421,noms reconnus dans le texte libre des zones déclarées,Haïtienne,Haitienne,,SRC-027,"MPCE/UCAONG — registre des ONG, mpce.gouv.ht, capturé le 14/08/2026",2026-08-14,O,B,v1.2026.08
ONG enregistrées (registre légal),Fondation Haïtienne de Réhabilitation Sociale,FOHRS,B-0402,25-Sep-06,"9, Rue Biassou, Delmas 31",,Alphabétisation; Santé Scolaire; Cantine Scolaire; Formation Académique,Pétion-Ville(Rte Frères) Delmas(Puits Blains),,Delmas ; Pétion-Ville,HT0112 ; HT0114,noms reconnus dans le texte libre des zones déclarées,Haïtienne,Haïtienne,,SRC-027,"MPCE/UCAONG — registre des ONG, mpce.gouv.ht, capturé le 14/08/2026",2026-08-14,O,B,v1.2026.08
ONG enregistrées (registre légal),Fondation Haïtienne de Secours Mutuel,FHSM,B-0226,17-Jan-96,"Blvd. Harry Truman, Imp. Laperfection # 1",,Agricole,Les neuf (9) Départements,,,,zones déclarées non reconnues,Haïtienne,Haïtienne,# 55 - 11/7/94,SRC-027,"MPCE/UCAONG — registre des ONG, mpce.gouv.ht, capturé le 14/08/2026",2026-08-14,O,B,v1.2026.08
ONG enregistrées (registre légal),Fondation Haïtienne pour et l\&#039;Intégration des Sans-Abri,FONDHABISA,B-0283,5-Jun-01,"30, Delmas 19",,. Urbanisation,Ouest,Ouest,,,noms reconnus dans le texte libre des zones déclarées,Haïtienne,Haïtienne,,SRC-027,"MPCE/UCAONG — registre des ONG, mpce.gouv.ht, capturé le 14/08/2026",2026-08-14,O,B,v1.2026.08
ONG enregistrées (registre légal),Fondation Hands Of Love,FHOL,A-0092,31-Jul-86,"Fontamara 47, Ave. Roosevelt, BP.11243, Carrefour",,Education; Santé; Développement Communautaire,Carrefour,,Carrefour,HT0113,noms reconnus dans le texte libre des zones déclarées,Américaine,Américaine,# 86 - 23/10/86,SRC-027,"MPCE/UCAONG — registre des ONG, mpce.gouv.ht, capturé le 14/08/2026",2026-08-14,O,B,v1.2026.08
ONG enregistrées (registre légal),Fondation Humanitaire pour l\&#039;Education et le Developpement,FHED,B-0599,16-Apr-15,"#19,1ere ruelle jeremie bois vernir",fhedcharites@hotmail.com,sante,"ouest, nord-est",Ouest ; Nord ; Nord-Est,,,noms reconnus dans le texte libre des zones déclarées,Américaine,Americaine,,SRC-027,"MPCE/UCAONG — registre des ONG, mpce.gouv.ht, capturé le 14/08/2026",2026-08-14,O,B,v1.2026.08
ONG enregistrées (registre légal),Fondation Internationale Lifeline Haïti,FILH,A-0032,9-Jul-84,"Blvd. Harry Truman Immeuble Assocation des Chauffeurs Guides d&#039;Haïti, BP11320, Carrefour",,Santé; Education; Agriculture,Pétion-Ville Carrefour Jérémie,,Carrefour ; Jérémie ; Pétion-Ville,HT0113 ; HT0114 ; HT0811,noms reconnus dans le texte libre des zones déclarées,Américaine,Américaine,# 70 - 01/10/84,SRC-027,"MPCE/UCAONG — registre des ONG, mpce.gouv.ht, capturé le 14/08/2026",2026-08-14,O,B,v1.2026.08
ONG enregistrées (registre légal),"Fondation Internationale Terranou pour un Développement Intégré Durable, la Sauvegarde et la Protection de l\&#039;Environnement/ ci-devant Fondation Internationale",FIT,B-0604,20-Jun-14,"7, rue phillipe Biondy, colofe II",de@terranou-international.org,"Environnement, sante, agriculture",Haiti,,,,zones déclarées non reconnues,Canadienne,Canadienne,,SRC-027,"MPCE/UCAONG — registre des ONG, mpce.gouv.ht, capturé le 14/08/2026",2026-08-14,O,B,v1.2026.08
ONG enregistrées (registre légal),"Fondation Jardin de Foi, d&#039;Assurance dans l&#039;Inspiration des Rêves et d&#039;Exploits",FAIRE GARDEN,B-0634,29-Nov-17,"#3,rue abraham licoln prolonge, croix des bouquets",fairegarden12@gmail.com,agriculture,3eme section plaine d&#039;orange bonbardopolis,,,,zones déclarées non reconnues,Haïtienne,Haitienne,,SRC-027,"MPCE/UCAONG — registre des ONG, mpce.gouv.ht, capturé le 14/08/2026",2026-08-14,O,B,v1.2026.08
ONG enregistrées (registre légal),Fondation la Providence,FP,B-0163,31-May-95,"5, Rue Alphée, Delmas 71",,Santé; Education; Agriculture,"Plaine du Cul de Sac (Croix-des-Bouquets), Limonade",,Croix-Des-Bouquets ; Limonade,HT0131 ; HT0313,noms reconnus dans le texte libre des zones déclarées,Haïtienne,Haïtienne,28/8/95,SRC-027,"MPCE/UCAONG — registre des ONG, mpce.gouv.ht, capturé le 14/08/2026",2026-08-14,O,B,v1.2026.08
ONG enregistrées (registre légal),Fondation la Vue pour la Vie,FVV,B-0661,26-Mai-2021,"Hopital du canape-vert, ruelle du Canape,vert,83 Port-au-Price, Haiti6115",info@lavuepourlavue.ch,Sante,Port-au-Prince,,Port-au-Prince,HT0111,noms reconnus dans le texte libre des zones déclarées,Suisse,Suisse,,SRC-027,"MPCE/UCAONG — registre des ONG, mpce.gouv.ht, capturé le 14/08/2026",2026-08-14,O,B,v1.2026.08
ONG enregistrées (registre légal),Fondation Marie Michelle R. Fournier,FMMRF,B-0342,27-Oct-03,"Saint-Marc, Bois Neuf, 84km",,Alphabétisation,Commune de St-Marc,,,,zones déclarées non reconnues,Canadienne,Canadienne,,SRC-027,"MPCE/UCAONG — registre des ONG, mpce.gouv.ht, capturé le 14/08/2026",2026-08-14,O,B,v1.2026.08
ONG enregistrées (registre légal),Fondation Martin Luther King,FOMALUK,B-0352,15-Apr-04,"23, Rue Sambourg, Delmas 27",,,Gros-Morne,,Gros Morne,HT0521,noms reconnus dans le texte libre des zones déclarées,Haïtienne,Haïtienne,# 86 - 16/12/04,SRC-027,"MPCE/UCAONG — registre des ONG, mpce.gouv.ht, capturé le 14/08/2026",2026-08-14,O,B,v1.2026.08
ONG enregistrées (registre légal),Fondation Max Cadet,FMC,B-0408,25-Sep-06,"Communauté Ste Marie, Rte du Canapé-Vert",,,Port-au-Prince Pétion-Ville Delmas Canapé-Vert Artibonite,Artibonite,Delmas ; Port-au-Prince ; Pétion-Ville,HT0111 ; HT0112 ; HT0114,noms reconnus dans le texte libre des zones déclarées,Haïtienne,Haïtienne,"#13,5/02/07",SRC-027,"MPCE/UCAONG — registre des ONG, mpce.gouv.ht, capturé le 14/08/2026",2026-08-14,O,B,v1.2026.08
ONG enregistrées (registre légal),Fondation Mission de l\&#039;Espoir,FOME,B-0384,17-Jan-06,"777, Rte Ntle #1, Titanyen, Source Matelas",,Education; Santé,"Titanyen, Cabaret",,Cabaret,HT0142,noms reconnus dans le texte libre des zones déclarées,Américaine,Américaine,,SRC-027,"MPCE/UCAONG — registre des ONG, mpce.gouv.ht, capturé le 14/08/2026",2026-08-14,O,B,v1.2026.08
ONG enregistrées (registre légal),Fondation Monique,F.M,B-0301,24-Oct-02,"BP.1004, P-au-P, HT6110",fanelise7@yahoo.com,Santé; Education; Assistance Sociale,Port-au-Prince,,Port-au-Prince,HT0111,noms reconnus dans le texte libre des zones déclarées,Haïtienne,Haïtienne,,SRC-027,"MPCE/UCAONG — registre des ONG, mpce.gouv.ht, capturé le 14/08/2026",2026-08-14,O,B,v1.2026.08
ONG enregistrées (registre légal),Fondation Notre Dame d&#039;Altagrace et du Perpetuel Secours,FONDAPS,B-0540,23-Aug-11,"83,Lasserre,Croix-des-Bouquets,rue Grande Plaine Prolongee",,Assistance Sociale,Croix-des-Bouquets,,Croix-Des-Bouquets,HT0131,noms reconnus dans le texte libre des zones déclarées,Haïtienne,Haïtienne,,SRC-027,"MPCE/UCAONG — registre des ONG, mpce.gouv.ht, capturé le 14/08/2026",2026-08-14,O,B,v1.2026.08
ONG enregistrées (registre légal),Fondation Paul Gérin-Lajoie pour la Coopéra-tion Internationale,FPGL,B-0281,5-Jun-01,"75, Angle Rues Pinchinat &amp; Surpris Laurent, St Marc. B.P 34. St Marc",,. Education,Artibonite: Saint-Marc Gonaïves Dessalines,Artibonite,Dessalines ; Gonaïves ; Saint-Marc,HT0511 ; HT0531 ; HT0541,noms reconnus dans le texte libre des zones déclarées,Canadienne,Canadienne,,SRC-027,"MPCE/UCAONG — registre des ONG, mpce.gouv.ht, capturé le 14/08/2026",2026-08-14,O,B,v1.2026.08
ONG enregistrées (registre légal),Fondation Pédodontique d&#039;Haïti,FPH,A-0034,24-Jul-84,"Cité de l&#039;exposition, bloc Martissant, BP.2553, P-au-P",,Santé; Hygiène Dentaire,Ouest,Ouest,,,noms reconnus dans le texte libre des zones déclarées,Haïtienne,Haïtienne,"# 71, 4/10/84",SRC-027,"MPCE/UCAONG — registre des ONG, mpce.gouv.ht, capturé le 14/08/2026",2026-08-14,O,B,v1.2026.08
ONG enregistrées (registre légal),Fondation Peter Hesse,FPH,A-0126,17-Nov-88,"Angle Rues Lamarre et Moïse, Pétion-Ville",,Education; Nutrition,Education; Nutrition,,,,zones déclarées non reconnues,Haïtienne,Haïtienne,# 79 - 12/10/89,SRC-027,"MPCE/UCAONG — registre des ONG, mpce.gouv.ht, capturé le 14/08/2026",2026-08-14,O,B,v1.2026.08
ONG enregistrées (registre légal),Fondation Philanthropique pour le Développement de la Commune de Ganthier,FOPDECG,B-0247,9-Oct-96,"32, rue Gabart, P-V",,Assistances Sociales,Ganthier,,Ganthier,HT0133,noms reconnus dans le texte libre des zones déclarées,Haïtienne,Haïtienne,,SRC-027,"MPCE/UCAONG — registre des ONG, mpce.gouv.ht, capturé le 14/08/2026",2026-08-14,O,B,v1.2026.08
ONG enregistrées (registre légal),Fondation pour l&#039;Avancement des Collectivités Haïtiennes,FONACHA,B-0207,20-Nov-95,"102, Turgeau, P-au-P",,Santé; Travaux Publics; Assistance Sociale,Grand&#039;Anse Anse d&#039;Hainault,,,,zones déclarées non reconnues,Haïtienne,Haïtienne,# 31 - 17/4/95,SRC-027,"MPCE/UCAONG — registre des ONG, mpce.gouv.ht, capturé le 14/08/2026",2026-08-14,O,B,v1.2026.08
ONG enregistrées (registre légal),Fondation Pour la Santé Reproductrice et de l\&#039;Education Familiale,FOSREF,A-0148,,"30, Rue Debussy, Port-au-Prince",frirzmoise@yahho.comfritzmoiseforesf.org,Santé; Assistance Sociale,Ouest,Ouest,,,noms reconnus dans le texte libre des zones déclarées,Haïtienne,Haïtienne,,SRC-027,"MPCE/UCAONG — registre des ONG, mpce.gouv.ht, capturé le 14/08/2026",2026-08-14,O,B,v1.2026.08
ONG enregistrées (registre légal),Fondation pour la Survie de l&#039;Enfant Haïtien,FSEH,B-0233,12-Jun-95,"C/o Valentine outreach (VOC) # 10, Rue Pierre-Louis, Poste Cazeau, B.P.13235, Delmas",,Santé; Education,Nord Sud&#039;Est Ouest Grand&#039;Anse,Ouest ; Nord ; Sud,,,noms reconnus dans le texte libre des zones déclarées,Haïtienne,Haïtienne,,SRC-027,"MPCE/UCAONG — registre des ONG, mpce.gouv.ht, capturé le 14/08/2026",2026-08-14,O,B,v1.2026.08
ONG enregistrées (registre légal),Fondation pour le Développement Economique et Social,FODES-5,B-0622,,"#20, rue roux, delmas31",,agriculture,miragoave,,,,zones déclarées non reconnues,Haïtienne,Haitienne,,SRC-027,"MPCE/UCAONG — registre des ONG, mpce.gouv.ht, capturé le 14/08/2026",2026-08-14,O,B,v1.2026.08
ONG enregistrées (registre légal),Fondation pour le Développement et l&#039;Encadrement des Familles Haitiennes,FONDEFH,B-0593,16-Apr-15,"17, Debrosse, route de Canape-vert, PV",fondefhsecretariat@yahoo.fr,Assistance Sociale,"Carrefour,Delmas,Port-au-prince",,Carrefour ; Delmas ; Port-au-Prince,HT0111 ; HT0112 ; HT0113,noms reconnus dans le texte libre des zones déclarées,Haïtienne,Haitienne,,SRC-027,"MPCE/UCAONG — registre des ONG, mpce.gouv.ht, capturé le 14/08/2026",2026-08-14,O,B,v1.2026.08
ONG enregistrées (registre légal),Fondation pour les Enfants d\&#039;Haïti,FEH,B-0156,,"Delmas 75,Route Fragneauville",thmgladys@yahoo.com,,,,,,aucune zone déclarée au registre,Haïtienne,Haïtienne,,SRC-027,"MPCE/UCAONG — registre des ONG, mpce.gouv.ht, capturé le 14/08/2026",2026-08-14,O,B,v1.2026.08
ONG enregistrées (registre légal),Fondation Proderno,PRODERNO,B-0343,8-Oct-03,"68, Rue des Miracles",,Assistance Sociale,Port-de-Paix,,Port-de-Paix,HT0911,noms reconnus dans le texte libre des zones déclarées,Haïtienne,Haïtienne,,SRC-027,"MPCE/UCAONG — registre des ONG, mpce.gouv.ht, capturé le 14/08/2026",2026-08-14,O,B,v1.2026.08
ONG enregistrées (registre légal),Fondation Rayon d\&#039;Espoir,FR,B-0447,9-Sep-08,"12, Angle Rues M. Simon et Sylvio Cator, Delmas 24",fondationrayondespoir@yahoo.fr,Assistance Sociale,"Ouest (La Soure, Fonds Parisien, Ganthier)",Ouest,Ganthier,HT0133,noms reconnus dans le texte libre des zones déclarées,Haïtienne,Haïtienne,,SRC-027,"MPCE/UCAONG — registre des ONG, mpce.gouv.ht, capturé le 14/08/2026",2026-08-14,O,B,v1.2026.08
ONG enregistrées (registre légal),Fondation Repheka Haiti,FRH,B-0654,1-Jun-20,"19 a, Premier 19, Petion Ville, Haiti",info@repheka.org,"Pernier, Petion Ville",Sante,,,,zones déclarées non reconnues,Haïtienne,Haitienne,,SRC-027,"MPCE/UCAONG — registre des ONG, mpce.gouv.ht, capturé le 14/08/2026",2026-08-14,O,B,v1.2026.08
ONG enregistrées (registre légal),Fondation Seguin,FS,B-0389,23-Feb-06,"100, Rue Lambert, Pétion-Ville",,Environnement,"Ouest, Sud-Est",Ouest ; Sud ; Sud-Est,,,noms reconnus dans le texte libre des zones déclarées,Haïtienne,Haïtienne,,SRC-027,"MPCE/UCAONG — registre des ONG, mpce.gouv.ht, capturé le 14/08/2026",2026-08-14,O,B,v1.2026.08
ONG enregistrées (registre légal),Fondation Sévère d\&#039;Haïti,FSH,B-0285,,"36, Rue Macaya, Delmas 8",josephmardochee079@gmail.com,AssistanceSociale Education,Croix-des-Bouquets,,Croix-Des-Bouquets,HT0131,noms reconnus dans le texte libre des zones déclarées,Haïtienne,Haïtienne,,SRC-027,"MPCE/UCAONG — registre des ONG, mpce.gouv.ht, capturé le 14/08/2026",2026-08-14,O,B,v1.2026.08
ONG enregistrées (registre légal),Fondation Soleil Levé,FSL,B-0318,22-May-03,"8, Imp. Batichon, Rue Lamartine Prol., Christ-Roi",,Agriculture; Alphabétisation; Santé; Infrastructure Routière,Pte. Rivière Artibonite,Artibonite,,,noms reconnus dans le texte libre des zones déclarées,Haïtienne,Haïtienne,,SRC-027,"MPCE/UCAONG — registre des ONG, mpce.gouv.ht, capturé le 14/08/2026",2026-08-14,O,B,v1.2026.08
ONG enregistrées (registre légal),Fondation Terre des Hommes,FTH,B-0339,8-Oct-03,"Rue Toussaint Louverture, les Cayes",tdhcayes@hotmail.com,Santé,"Dépt. Du Sud, Cayes et zone rurales",Sud,,,noms reconnus dans le texte libre des zones déclarées,Suisse,Suisse,,SRC-027,"MPCE/UCAONG — registre des ONG, mpce.gouv.ht, capturé le 14/08/2026",2026-08-14,O,B,v1.2026.08
ONG enregistrées (registre légal),Fondation Terre des Hommes Italia,TDH-I,B-0592,16-Apr-15,"8,Impasse Toga, Laboule 12, PV.",,"Assainissement,Eau,Hygiene,Sante",Croix-des-bouquets,,Croix-Des-Bouquets,HT0131,noms reconnus dans le texte libre des zones déclarées,Italienne,Italienne,,SRC-027,"MPCE/UCAONG — registre des ONG, mpce.gouv.ht, capturé le 14/08/2026",2026-08-14,O,B,v1.2026.08
ONG enregistrées (registre légal),Fondation Yélé Haïti,FYH,B-0391,3-Mar-06,"52, Rue Geffrard, Pétion-Ville",info@yele.org,Education; Santé; Protection de l&#039;Environnement,"Tabarre, Carrefour, Croix-des-Bouquets, Delmas, Port-au-Prince, Pétion-Ville",,Carrefour ; Croix-Des-Bouquets ; Delmas ; Port-au-Prince ; Pétion-Ville ; Tabarre,HT0111 ; HT0112 ; HT0113 ; HT0114 ; HT0118 ; HT0131,noms reconnus dans le texte libre des zones déclarées,Haïtienne,Haïtienne,,SRC-027,"MPCE/UCAONG — registre des ONG, mpce.gouv.ht, capturé le 14/08/2026",2026-08-14,O,B,v1.2026.08
ONG enregistrées (registre légal),Fondation Yvan Guignard,FYG,B-0292,19-Mar-02,"Rte Nle # 1, km80, Lanzac, rue Roy # 49",,,Artibonite: St. Marc (Lanzac),Artibonite,,,noms reconnus dans le texte libre des zones déclarées,Haïtienne,Haïtienne,,SRC-027,"MPCE/UCAONG — registre des ONG, mpce.gouv.ht, capturé le 14/08/2026",2026-08-14,O,B,v1.2026.08
ONG enregistrées (registre légal),Fonds Chrétien d&#039;Investissement pour le Développement Economique et Social,FOCIDES,B-0357,8-Sep-04,"95, Rue Borgella, Port-au-Prince",,Santé; Assistance Sociale,Port-au-Prince Cazale (4e sect. com. De Cabaret) Angibeau (commune de carrefour),,Cabaret ; Carrefour ; Port-au-Prince,HT0111 ; HT0113 ; HT0142,noms reconnus dans le texte libre des zones déclarées,Haïtienne,Haïtienne,,SRC-027,"MPCE/UCAONG — registre des ONG, mpce.gouv.ht, capturé le 14/08/2026",2026-08-14,O,B,v1.2026.08
ONG enregistrées (registre légal),Fonds d&#039;Entraide et de Soutien,FONES,B-0309,25-Nov-02,"2, Imp. Péricles, Rue Borno, Bois Moquette, P-V",,Assistance Sociale,Sud: Camp-Pérrin Levy-Mersan,Sud,Camp-Perrin,HT0714,noms reconnus dans le texte libre des zones déclarées,Haïtienne,Haïtienne,,SRC-027,"MPCE/UCAONG — registre des ONG, mpce.gouv.ht, capturé le 14/08/2026",2026-08-14,O,B,v1.2026.08
ONG enregistrées (registre légal),Fonds d&#039;Exploitation des Ressources Maternelles et Humaines du Pays,FEREP,A-0147,30-Jun-89,Limonade,,Développement Communautaire,Limonade,,Limonade,HT0313,noms reconnus dans le texte libre des zones déclarées,Haïtienne,Haïtienne,# 74 - 14/12/89,SRC-027,"MPCE/UCAONG — registre des ONG, mpce.gouv.ht, capturé le 14/08/2026",2026-08-14,O,B,v1.2026.08
ONG enregistrées (registre légal),Fonds Global pour le Developpement des Enfants et des Familles,FGDEF,B-0555,24-Oct-11,"12,Tabarre 21,Blvd 15 Octobre",info@cfgdfund.org,Assistance sociale,Tabarre Cite Soleil,,Cité Soleil ; Tabarre,HT0117 ; HT0118,noms reconnus dans le texte libre des zones déclarées,Haïtienne,Haïtienne,,SRC-027,"MPCE/UCAONG — registre des ONG, mpce.gouv.ht, capturé le 14/08/2026",2026-08-14,O,B,v1.2026.08
ONG enregistrées (registre légal),Fonds Haïtien d\&#039;Aide à la Femme,FHAF,B-0347,,"14, Rue des Miracles (Immeubles Sogebank)",josephmardochee079@gmail.com,Micro-Crédit,Ouest,Ouest,,,noms reconnus dans le texte libre des zones déclarées,Haïtienne,Haïtienne,,SRC-027,"MPCE/UCAONG — registre des ONG, mpce.gouv.ht, capturé le 14/08/2026",2026-08-14,O,B,v1.2026.08
ONG enregistrées (registre légal),Fonds Haïtien de Développement Economique et Social,FONHADES,B-0179,21-Mar-95,"7, Impasse St. Juste, Christ-Roi",,Assistance Sociale; Education; Agriculture,Port-au-Prince (Ouest),Ouest,Port-au-Prince,HT0111,noms reconnus dans le texte libre des zones déclarées,Haïtienne,Haïtienne,,SRC-027,"MPCE/UCAONG — registre des ONG, mpce.gouv.ht, capturé le 14/08/2026",2026-08-14,O,B,v1.2026.08
ONG enregistrées (registre légal),Fonds pour le Développement Rural,FONDEV,A-0024,4-May-84,"7, Rue Babiole, P-au-P",,Agriculture; Formation Agricole,Agriculture; Formation Agricole,,,,zones déclarées non reconnues,Haïtienne,Haïtienne,"# 71, 4/10/84",SRC-027,"MPCE/UCAONG — registre des ONG, mpce.gouv.ht, capturé le 14/08/2026",2026-08-14,O,B,v1.2026.08
ONG enregistrées (registre légal),Food For The Hungry International,FHI,A-0078,19-Mar-86,"Thomassin # 40, Pétion-Ville",,Agriculture; Assistance Sociale,Ouest,Ouest,,,noms reconnus dans le texte libre des zones déclarées,Américaine,Américaine,# 84 - 27/05/19,SRC-027,"MPCE/UCAONG — registre des ONG, mpce.gouv.ht, capturé le 14/08/2026",2026-08-14,O,B,v1.2026.08
ONG enregistrées (registre légal),Food For The Poor,FFP,A-0085,25-Apr-86,Route de l\&#039;Aéroport,,Agriculture; Education; Nutrition,Ouest; Nord; Grand\&#039;Anse; Artibonite; Nord\&#039;Ouest; Sud; Centre,Ouest ; Nord ; Artibonite ; Centre ; Sud,,,noms reconnus dans le texte libre des zones déclarées,Haïtienne,Haïtienne,# 48 - 16/6/86,SRC-027,"MPCE/UCAONG — registre des ONG, mpce.gouv.ht, capturé le 14/08/2026",2026-08-14,O,B,v1.2026.08
ONG enregistrées (registre légal),For Haiti With Love,FHWL,A-0087,19-Jun-86,"Cap-Haïtien, Hôtel Beck, BP.48, Cap-Haïtien",,Education; Santé; Développement Communautaire,Nord,Nord,,,noms reconnus dans le texte libre des zones déclarées,Américaine,Américaine,,SRC-027,"MPCE/UCAONG — registre des ONG, mpce.gouv.ht, capturé le 14/08/2026",2026-08-14,O,B,v1.2026.08
ONG enregistrées (registre légal),Foundation For Haiti Forgotten Children,FFHFC,B-0271,25-Sep-00,"2, Angle Rues Augustin &amp; Cinéas, Morne Lazarre, Pétion-Ville",,. Assistance Sociale,Côte de Fer,,,,zones déclarées non reconnues,Haïtienne,Haïtienne,,SRC-027,"MPCE/UCAONG — registre des ONG, mpce.gouv.ht, capturé le 14/08/2026",2026-08-14,O,B,v1.2026.08
ONG enregistrées (registre légal),Foundation For International Community Assistance,FINCA,B-0310,27-Mar-03,"94, Ave. Cartagena, Cayes",,Micro-Crédit,Cayes,,,,zones déclarées non reconnues,Haïtienne,Haïtienne,,SRC-027,"MPCE/UCAONG — registre des ONG, mpce.gouv.ht, capturé le 14/08/2026",2026-08-14,O,B,v1.2026.08
ONG enregistrées (registre légal),Foundation for Peace / Fondation pour la Paix,FFP / FPP,B-0641,,"#8 JANED Dive,Mendham, New jersey",haiti@fondationfoepeace.org,education-eau et assainissement,Ganthier,,Ganthier,HT0133,noms reconnus dans le texte libre des zones déclarées,Américaine,americaine,,SRC-027,"MPCE/UCAONG — registre des ONG, mpce.gouv.ht, capturé le 14/08/2026",2026-08-14,O,B,v1.2026.08
ONG enregistrées (registre légal),Foundation For Wordwide Mercy And Sharing,FFWMS,B-0385,23-Feb-06,"2, Rue Pierre-Louis, Tabarre 16",,Santé,Port-au-Prince,,Port-au-Prince,HT0111,noms reconnus dans le texte libre des zones déclarées,Américaine,Américaine,,SRC-027,"MPCE/UCAONG — registre des ONG, mpce.gouv.ht, capturé le 14/08/2026",2026-08-14,O,B,v1.2026.08
ONG enregistrées (registre légal),Foundation of Compassionate American Samaritans,FOCAS,B-0327,23-Jul-03,"41, Rue Borno, P-V",,Santé,"3ème, 4ème, 6ème et 7ème sections communales de Pétion-Ville",,Pétion-Ville,HT0114,noms reconnus dans le texte libre des zones déclarées,Américaine,Américaine,,SRC-027,"MPCE/UCAONG — registre des ONG, mpce.gouv.ht, capturé le 14/08/2026",2026-08-14,O,B,v1.2026.08
ONG enregistrées (registre légal),Foyer de Consultations et d&#039;Urgences Médicales,FOCUMED,B-0248,21-Oct-96,"270, route de Delmas",,Education; Santé,Sud (Maniche),Sud,Maniche,HT0715,noms reconnus dans le texte libre des zones déclarées,Haïtienne,Haïtienne,# 46 - 16/6/97,SRC-027,"MPCE/UCAONG — registre des ONG, mpce.gouv.ht, capturé le 14/08/2026",2026-08-14,O,B,v1.2026.08
ONG enregistrées (registre légal),Foyer Maurice Sixto,FMS,B-0240,20-Jun-96,"Brochette 99, rue Laurore &amp; St.Louis # 90 (Carrefour), BP.11095, P-au-P",,Assistances Sociales,Port-au-Prince,,Port-au-Prince,HT0111,noms reconnus dans le texte libre des zones déclarées,Haïtienne,Haïtienne,,SRC-027,"MPCE/UCAONG — registre des ONG, mpce.gouv.ht, capturé le 14/08/2026",2026-08-14,O,B,v1.2026.08
ONG enregistrées (registre légal),Foyer pour le Renforcement de la Communauté,FORECHA,B-0596,19-Apr-15,"13, ruelle Sejous, Centre-ville, Anse-a-veau",,Developpement Communautaire,Grande Saline,,Grande Saline,HT0543,noms reconnus dans le texte libre des zones déclarées,Haïtienne,Haitienne,,SRC-027,"MPCE/UCAONG — registre des ONG, mpce.gouv.ht, capturé le 14/08/2026",2026-08-14,O,B,v1.2026.08
ONG enregistrées (registre légal),France-Haïti Partage,FHP,B-0420,26-Jun-07,"17, Rue Babiole, Port-au-Prince",,Assistance Sociale,Champ de Mars Martissant Fort National Poste Marchand Carrefour-Feuilles,,Carrefour,HT0113,noms reconnus dans le texte libre des zones déclarées,Française,Française,,SRC-027,"MPCE/UCAONG — registre des ONG, mpce.gouv.ht, capturé le 14/08/2026",2026-08-14,O,B,v1.2026.08
ONG enregistrées (registre légal),Fraternité Notre Dame,FND,B-0223,18-Jan-96,"Dumay, Croix-des-Bouquets/B.P1505, P-au-P",,"Education sociale des Enfants, Santé",Haïti,,,,zones déclarées non reconnues,Américaine,Américaine,,SRC-027,"MPCE/UCAONG — registre des ONG, mpce.gouv.ht, capturé le 14/08/2026",2026-08-14,O,B,v1.2026.08
ONG enregistrées (registre légal),Friends of The Children of Lascahobas,FCLH,A-0135,13-Apr-89,"Hôpital de Lascahobas, Rue S. Vincent, B.P 538, P-au-P",,Agriculture,Lascahobas,,Lascahobas,HT0631,noms reconnus dans le texte libre des zones déclarées,Américaine,Américaine,# 44 - 31/4/89,SRC-027,"MPCE/UCAONG — registre des ONG, mpce.gouv.ht, capturé le 14/08/2026",2026-08-14,O,B,v1.2026.08
ONG enregistrées (registre légal),Fundha Société de Développement Communautaire / Fundha Community Development Coorporation,FUNDHA,B-0583,24-Sep-12,,,,,,,,aucune zone déclarée au registre,,,,SRC-027,"MPCE/UCAONG — registre des ONG, mpce.gouv.ht, capturé le 14/08/2026",2026-08-14,O,B,v1.2026.08
ONG enregistrées (registre légal),Future Générations,FG,B-0580,29-Aug-12,,,,,,,,aucune zone déclarée au registre,,,,SRC-027,"MPCE/UCAONG — registre des ONG, mpce.gouv.ht, capturé le 14/08/2026",2026-08-14,O,B,v1.2026.08
ONG enregistrées (registre légal),Global Vision Citadelle Ministries,GVCM,B-0514,28-Apr-11,"Rte Vision Global, Imp Five Oaks,Ledier,Mirebalais",,Agriculture,Mirebalais,,Mirebalais,HT0621,noms reconnus dans le texte libre des zones déclarées,Haïtienne,Haïtienne,,SRC-027,"MPCE/UCAONG — registre des ONG, mpce.gouv.ht, capturé le 14/08/2026",2026-08-14,O,B,v1.2026.08
ONG enregistrées (registre légal),Goal,Goal,B-0507,31-Mar-11,"21,rte de Freres, Petion Ville",info@goal.ie,,Ouest,Ouest,,,noms reconnus dans le texte libre des zones déclarées,Irlandaise,Irlandaise,"#117,18/8/11",SRC-027,"MPCE/UCAONG — registre des ONG, mpce.gouv.ht, capturé le 14/08/2026",2026-08-14,O,B,v1.2026.08
ONG enregistrées (registre légal),Good Neighbors International,GNI,B-0544,,"3,Imp Henry,Clercine 24(Entrée CAMEP)",gnusa@gnusa.org,Aide au Developpement,Cite Soleil,,Cité Soleil,HT0117,noms reconnus dans le texte libre des zones déclarées,Coreenne,Coreenne,,SRC-027,"MPCE/UCAONG — registre des ONG, mpce.gouv.ht, capturé le 14/08/2026",2026-08-14,O,B,v1.2026.08
ONG enregistrées (registre légal),"Grace International, Inc",GI,B-0547,21-Oct-11,"52B,Lamentin 54,Carrefour",grace@graceintl.org,Ass humanitaire Ass Sociale,Ouest,Ouest,,,noms reconnus dans le texte libre des zones déclarées,Américaine,Americaine,,SRC-027,"MPCE/UCAONG — registre des ONG, mpce.gouv.ht, capturé le 14/08/2026",2026-08-14,O,B,v1.2026.08
ONG enregistrées (registre légal),Grand&#039;Anse projet santé et Action Communautaire,GAPSAC,B-0291,19-Mar-02,"132, rue Frère Portier, Dame Marie # 37, rue Audan Pétion-Ville, BP.15218",,Santé,"Grand&#039;Anse: Dame-Marie Anse-d&#039;hainault, les Irois",,Dame Marie ; Les Irois,HT0822 ; HT0823,noms reconnus dans le texte libre des zones déclarées,Haïtienne,Haïtienne,,SRC-027,"MPCE/UCAONG — registre des ONG, mpce.gouv.ht, capturé le 14/08/2026",2026-08-14,O,B,v1.2026.08
ONG enregistrées (registre légal),Grande Alliance de la Commission Internationale / Great Commission Alliance International,GACI/GCAI,B-0513,28-Apr-11,"98,route Chatulee Boyer,Mirebalais",,Assistance sociale,Mirebalais,,Mirebalais,HT0621,noms reconnus dans le texte libre des zones déclarées,Haïtienne,Haïtienne,,SRC-027,"MPCE/UCAONG — registre des ONG, mpce.gouv.ht, capturé le 14/08/2026",2026-08-14,O,B,v1.2026.08
ONG enregistrées (registre légal),Grope d&#039;Appui a la Decentralisation en Haiti,GADE-Haiti,B-0530,22-Jun-11,"6,Imp Eckman, Delmas 49",,Ass Technique,Haiti,,,,zones déclarées non reconnues,Haïtienne,Haïtienne,,SRC-027,"MPCE/UCAONG — registre des ONG, mpce.gouv.ht, capturé le 14/08/2026",2026-08-14,O,B,v1.2026.08
ONG enregistrées (registre légal),Groupe d&#039;Action pour l&#039;Habilitation Economique et Sociale de la Famille Haïtienne,GRAFHES,B-0376,5-Jul-05,"28, 2e Ruelle Jérémie",,Agriculture,Port Salut,,Port-Salut,HT0721,noms reconnus dans le texte libre des zones déclarées,Haïtienne,Haïtienne,,SRC-027,"MPCE/UCAONG — registre des ONG, mpce.gouv.ht, capturé le 14/08/2026",2026-08-14,O,B,v1.2026.08
ONG enregistrées (registre légal),Groupe d&#039;Appui aux Parents d&#039;Elèves,GAPEL,B-0287,19-Mar-02,"3, Impasse Epinard, Delmas 31",,Education,Nord-Ouest,Ouest ; Nord ; Nord-Ouest,,,noms reconnus dans le texte libre des zones déclarées,Haïtienne,Haïtienne,,SRC-027,"MPCE/UCAONG — registre des ONG, mpce.gouv.ht, capturé le 14/08/2026",2026-08-14,O,B,v1.2026.08
ONG enregistrées (registre légal),Groupe d&#039;Experts Conseil en Aménagements Hydro Agricoles,GECAMH,B-0273,25-Sep-00,"23, Santo 11, Croix-des-Bouquets",,. Hydrologie . Agriculture,"Arcahaie, Ouest",Ouest,Arcahaie,HT0141,noms reconnus dans le texte libre des zones déclarées,Haïtienne,Haïtienne,,SRC-027,"MPCE/UCAONG — registre des ONG, mpce.gouv.ht, capturé le 14/08/2026",2026-08-14,O,B,v1.2026.08
ONG enregistrées (registre légal),Groupe d\&#039;Action Francophone pour l\&#039;Environnement,GAFE,B-0320,22-May-03,"4bis, Rue Jean-Charles, Delmas 33",,Environnement,"Parc National la Visite, Fond Parisien",,,,zones déclarées non reconnues,Haïtienne,Haïtienne,,SRC-027,"MPCE/UCAONG — registre des ONG, mpce.gouv.ht, capturé le 14/08/2026",2026-08-14,O,B,v1.2026.08
ONG enregistrées (registre légal),Groupe d\&#039;Action pour le Développement humanitaire,GADH,B-0561,19-Feb-15,"#66,rue louverture, st marc, Haiti",,assistance sociale,saint marc,,Saint-Marc,HT0531,noms reconnus dans le texte libre des zones déclarées,,,,SRC-027,"MPCE/UCAONG — registre des ONG, mpce.gouv.ht, capturé le 14/08/2026",2026-08-14,O,B,v1.2026.08
ONG enregistrées (registre légal),Groupe d\&#039;Initiatives Pour un Developpement Durable,GID,B-0444,9-Sep-08,"12, Rue Villemenay, Bois Verna, P-au-P",gidurable@yahoo.fr,Agriculture; Santé; Education; Environnement,Marche Canard (Mirebalais),,Mirebalais,HT0621,noms reconnus dans le texte libre des zones déclarées,Haïtienne,Haïtienne,,SRC-027,"MPCE/UCAONG — registre des ONG, mpce.gouv.ht, capturé le 14/08/2026",2026-08-14,O,B,v1.2026.08
ONG enregistrées (registre légal),Groupe de Projets pour Collaboration Technique de Développement,PROTOS,B-0312,10-Feb-03,"64, Pacot, BP.15101, P-V",car.haiti@protos.be,Agriculture; Eau Potable,"Centre: Hinche, Lascahobas, Papaye Nord-Ouest: Baie des Moustiques Sud: Bainet",Ouest ; Nord ; Nord-Ouest ; Centre ; Sud,Bainet ; Hinche ; Lascahobas,HT0221 ; HT0611 ; HT0631,noms reconnus dans le texte libre des zones déclarées,Belge,Belge,,SRC-027,"MPCE/UCAONG — registre des ONG, mpce.gouv.ht, capturé le 14/08/2026",2026-08-14,O,B,v1.2026.08
ONG enregistrées (registre légal),Groupe de Recherche d&#039;Initiatives pour un Développement Alternatif et Participatif,GRIDAP,B-0419,26-Jun-07,"10, Impasse Nane, Rue Armand Holly, Débussy",,Santé,Kenscoff,,Kenscoff,HT0115,noms reconnus dans le texte libre des zones déclarées,Haïtienne,Haïtienne,,SRC-027,"MPCE/UCAONG — registre des ONG, mpce.gouv.ht, capturé le 14/08/2026",2026-08-14,O,B,v1.2026.08
ONG enregistrées (registre légal),Groupe de Recherche et d&#039;Appui en Milieu Rural,GRAMIR,B-0260,6-Jun-97,"28, Rue Pacot, BP.13476, Delmas",,Agriculture,Grand&#039;Anse Sud,Sud,,,noms reconnus dans le texte libre des zones déclarées,Haïtienne,Haïtienne,,SRC-027,"MPCE/UCAONG — registre des ONG, mpce.gouv.ht, capturé le 14/08/2026",2026-08-14,O,B,v1.2026.08
ONG enregistrées (registre légal),Groupe de Recherche et d&#039;Echanges Technologiques,GRET,B-0601,7-Aug-13,"16, imp ambroise, rue faustin 1er delmas 75",grethaiti@yahoo.fr,eau et assainissement,zone metropolitaine de port-au-Prince,,Port-au-Prince,HT0111,noms reconnus dans le texte libre des zones déclarées,Française,francaise,,SRC-027,"MPCE/UCAONG — registre des ONG, mpce.gouv.ht, capturé le 14/08/2026",2026-08-14,O,B,v1.2026.08
ONG enregistrées (registre légal),Groupe de Recherches et d&#039;Actions pour le Développement du Far-West,GRAF,B-0340,8-Oct-03,"18, Rue 6, Pacot",,Agriculture (élevage Capins),Môle St. Nicolas,,,,zones déclarées non reconnues,Haïtienne,Haïtienne,,SRC-027,"MPCE/UCAONG — registre des ONG, mpce.gouv.ht, capturé le 14/08/2026",2026-08-14,O,B,v1.2026.08
ONG enregistrées (registre légal),Groupe de Recherches Pour le Développement,GRD,A-0058,25-Apr-85,"9, Rue Capois, Champs de Mars, P-au-P",,Agriculture,Agriculture,,,,zones déclarées non reconnues,Haïtienne,Haïtienne,# 44 - 27/6/85,SRC-027,"MPCE/UCAONG — registre des ONG, mpce.gouv.ht, capturé le 14/08/2026",2026-08-14,O,B,v1.2026.08
ONG enregistrées (registre légal),Groupe de Reflexion et d&#039;Action pour la Promotion Economique et Sociale,GRAPES,B-0535,3-Aug-11,"Figuiers(Anse Rouge), en face de l&#039;eglise Baptiste Bethanie Gonaives,Haiti",grapes_org@yahoo.fr,Agriculture,"Bonal,2eme section de Sources Chaudes",,,,zones déclarées non reconnues,Haïtienne,Haïtienne,,SRC-027,"MPCE/UCAONG — registre des ONG, mpce.gouv.ht, capturé le 14/08/2026",2026-08-14,O,B,v1.2026.08
ONG enregistrées (registre légal),Groupe de Support Contre le Cancer,GSCC,B-0594,14-May-13,"Rue la Grottr, Clos racket Tennis Club, Turgeau",gscchati@yahoo.fr,Sante,Couverture nationale,,,,zones déclarées non reconnues,Haïtienne,Haitienne,,SRC-027,"MPCE/UCAONG — registre des ONG, mpce.gouv.ht, capturé le 14/08/2026",2026-08-14,O,B,v1.2026.08
ONG enregistrées (registre légal),Groupe Multidiciplinaire pour un Développement Integré,MUDI,B-0305,25-Nov-02,"44, Rue Chavanne, Pétion-Ville",,Santé,Chansolme,,,,zones déclarées non reconnues,Haïtienne,Haïtienne,,SRC-027,"MPCE/UCAONG — registre des ONG, mpce.gouv.ht, capturé le 14/08/2026",2026-08-14,O,B,v1.2026.08
ONG enregistrées (registre légal),Groupe Technologie Intermédiaire d&#039;Haïti,GTIH,A-0100,8-Apr-87,"89, Ave Jean Paul II, Turgeau",,Assistance Technique,Ouest,Ouest,,,noms reconnus dans le texte libre des zones déclarées,Haïtienne,Haïtienne,# 55 - 6/7/87,SRC-027,"MPCE/UCAONG — registre des ONG, mpce.gouv.ht, capturé le 14/08/2026",2026-08-14,O,B,v1.2026.08
ONG enregistrées (registre légal),Gruppo di Volontario Civile/ Groupe de Volontariat Civil,GVC-ONLUS,B-0500,14-Mar-11,"267,Rue Massac,Peguy-Ville,Petion-Ville",,Ass Technique Ass Humanitaire Aide au Devt,Grand Goave Petit Goave,,Grand-Goâve ; Petit-Goâve,HT0122 ; HT0123,noms reconnus dans le texte libre des zones déclarées,Italienne,Italienne,,SRC-027,"MPCE/UCAONG — registre des ONG, mpce.gouv.ht, capturé le 14/08/2026",2026-08-14,O,B,v1.2026.08
ONG enregistrées (registre légal),Guerison Mission Art,HAM,B-0590,5-Sep-15,"Dumay, Croix-des-Bouquets.",,Sante,Sante,,,,zones déclarées non reconnues,Américaine,Americaine,"#142, 5/08/16",SRC-027,"MPCE/UCAONG — registre des ONG, mpce.gouv.ht, capturé le 14/08/2026",2026-08-14,O,B,v1.2026.08
ONG enregistrées (registre légal),"Habitat Pour l\\\&#039;Humanité, Inc",HFU,A-0048,26-Sep-84,"BP.277, P-au-P",cjeudy@habitat.org,Logements Sociaux,Croix-des-Bouquets,,Croix-Des-Bouquets,HT0131,noms reconnus dans le texte libre des zones déclarées,Américaine,Américaine,"# 3, 10/01/85",SRC-027,"MPCE/UCAONG — registre des ONG, mpce.gouv.ht, capturé le 14/08/2026",2026-08-14,O,B,v1.2026.08
ONG enregistrées (registre légal),Haiti 1,H1,B-0673,21-Nov-22,"77, rte nle 31, Titanyen, Haiti",info@haitione.org,environnement,cabaret,,Cabaret,HT0142,noms reconnus dans le texte libre des zones déclarées,Haïtienne,haitienne,,SRC-027,"MPCE/UCAONG — registre des ONG, mpce.gouv.ht, capturé le 14/08/2026",2026-08-14,O,B,v1.2026.08
ONG enregistrées (registre légal),Haiti Apparel Center,HAC,B-0564,17-Feb-12,"48,Sonapi-Parc industriel",emystal@haiti.chfinternational.org,Education,Cite-soleil,,Cité Soleil,HT0117,noms reconnus dans le texte libre des zones déclarées,,,,SRC-027,"MPCE/UCAONG — registre des ONG, mpce.gouv.ht, capturé le 14/08/2026",2026-08-14,O,B,v1.2026.08
ONG enregistrées (registre légal),"Haiti First, Inc.",HF,B-0516,10-May-11,"58, RUE VILATTE Petion Ville, Haiti",,Assistance sociale,Port-au-Prince,,Port-au-Prince,HT0111,noms reconnus dans le texte libre des zones déclarées,Américaine,Americaine,,SRC-027,"MPCE/UCAONG — registre des ONG, mpce.gouv.ht, capturé le 14/08/2026",2026-08-14,O,B,v1.2026.08
ONG enregistrées (registre légal),"Haiti Health Ministries , Inc",HHM,B-0603,20-Jun-14,"7,route tiboukan,blvd mareschal gressier",,sante,"gressier, carefour,leogane",,Gressier ; Léogâne,HT0116 ; HT0121,noms reconnus dans le texte libre des zones déclarées,Américaine,Americaine,,SRC-027,"MPCE/UCAONG — registre des ONG, mpce.gouv.ht, capturé le 14/08/2026",2026-08-14,O,B,v1.2026.08
ONG enregistrées (registre légal),Haiti Healthcare Aide,HHCA,B-0672,,,,,,,,,aucune zone déclarée au registre,,,,SRC-027,"MPCE/UCAONG — registre des ONG, mpce.gouv.ht, capturé le 14/08/2026",2026-08-14,O,B,v1.2026.08
ONG enregistrées (registre légal),Haïti Info Bank,HIB,B-0195,11-Aug-95,"15, Rue de l&#039;Enterrement(building lad trading)",,Agriculture,Croix-des-Bouquets Arcahaie,,Arcahaie ; Croix-Des-Bouquets,HT0131 ; HT0141,noms reconnus dans le texte libre des zones déclarées,Haïtienne,Haïtienne,,SRC-027,"MPCE/UCAONG — registre des ONG, mpce.gouv.ht, capturé le 14/08/2026",2026-08-14,O,B,v1.2026.08
ONG enregistrées (registre légal),Haïti Med e.v.,H-MED,B-0296,19-Mar-02,"7, impasse St Juste, Christ-Roi",,Santé,"Ouest: Cabaret, Titanyin",Ouest,Cabaret,HT0142,noms reconnus dans le texte libre des zones déclarées,Allemande,Allemande,,SRC-027,"MPCE/UCAONG — registre des ONG, mpce.gouv.ht, capturé le 14/08/2026",2026-08-14,O,B,v1.2026.08
ONG enregistrées (registre légal),Haiti Outreach / Collaboration avec Haiti,HO/CH,B-0278,,"Pignon, Rte Nationale #3",info@haitrioutreach.org,. Eau Potable,"Nord : Pignon Centre: Hinche, Gran Latanye",Nord ; Centre,Hinche ; Pignon,HT0344 ; HT0611,noms reconnus dans le texte libre des zones déclarées,Américaine,Américaine,,SRC-027,"MPCE/UCAONG — registre des ONG, mpce.gouv.ht, capturé le 14/08/2026",2026-08-14,O,B,v1.2026.08
ONG enregistrées (registre légal),"Haiti Solidarite,Inc",HS,B-0554,24-Oct-11,"94,Mahotiere 75,Carrefour",haiti.solidarite@yahoo.com,Agriculture,Bainet,,Bainet,HT0221,noms reconnus dans le texte libre des zones déclarées,Américaine,Americaine,,SRC-027,"MPCE/UCAONG — registre des ONG, mpce.gouv.ht, capturé le 14/08/2026",2026-08-14,O,B,v1.2026.08
ONG enregistrées (registre légal),Haiti Union,HU,B-0460,8-May-09,"426, Cote-Plage 22-24, Carrefour www.haitiUnion.org",,Santé; Education,Ouest (Carrefour et ses environs),Ouest,Carrefour,HT0113,noms reconnus dans le texte libre des zones déclarées,Américaine,Américaine,,SRC-027,"MPCE/UCAONG — registre des ONG, mpce.gouv.ht, capturé le 14/08/2026",2026-08-14,O,B,v1.2026.08
ONG enregistrées (registre légal),"Haiti Vision , Inc.",HV,B-0264,15-Jul-97,"II 48 Ave. La HATTE, Petit-Gôave",,Assistances Sociales,Petit-Goâve,,Petit-Goâve,HT0122,noms reconnus dans le texte libre des zones déclarées,Américaine,Américaine,,SRC-027,"MPCE/UCAONG — registre des ONG, mpce.gouv.ht, capturé le 14/08/2026",2026-08-14,O,B,v1.2026.08
ONG enregistrées (registre légal),Haitian Education and Leadership Program,HELPR,B-0475,11-May-10,"18, Rue Casseus, Pacot P.O Box 19033 info@haitianeducation.org",,Education,National,,,,zones déclarées non reconnues,Américaine,Américaine,,SRC-027,"MPCE/UCAONG — registre des ONG, mpce.gouv.ht, capturé le 14/08/2026",2026-08-14,O,B,v1.2026.08
ONG enregistrées (registre légal),Haitian Educational Development Organization,HEDO-HAITI,B-0469,23-Nov-09,"P.O. Box 30121-HT 6120 Delmas, Haiti hedohaiti@yahoo.com",,Education,Saut-d\\\&#039;Eau Ouest,Ouest,,,noms reconnus dans le texte libre des zones déclarées,Américaine,Américaine,,SRC-027,"MPCE/UCAONG — registre des ONG, mpce.gouv.ht, capturé le 14/08/2026",2026-08-14,O,B,v1.2026.08
ONG enregistrées (registre légal),Haitian Resource Development Foundation,HRDF,B-0167,14-Apr-94,"17, 2e Ruelle Wilson, Pacot",aldyc@att.net,Santé; Education,Santé; Education,,,,zones déclarées non reconnues,Haïtienne,Haïtienne,#48 - 16/6/94,SRC-027,"MPCE/UCAONG — registre des ONG, mpce.gouv.ht, capturé le 14/08/2026",2026-08-14,O,B,v1.2026.08
ONG enregistrées (registre légal),Haitian Sports Foundation,HSF,B-0581,,"123, rue de l\\\&#039;hopital, Anse a Veau",hadem2010@yahoo.com,education sportive,anse a veau,,Anse-à-Veau,HT1021,noms reconnus dans le texte libre des zones déclarées,Américaine,americaine,"87, 12/05/16",SRC-027,"MPCE/UCAONG — registre des ONG, mpce.gouv.ht, capturé le 14/08/2026",2026-08-14,O,B,v1.2026.08
ONG enregistrées (registre légal),Handicap International,HI,B-0458,4-Mar-09,"25, Rue Chochote, Pacot, P-au-P hial.cdmhaiti@yahoo.fr hrobin@handicap-international-2tlas.org",,Assistance Humanitaire,Artibonite (Gonaives),Artibonite,Gonaïves,HT0511,noms reconnus dans le texte libre des zones déclarées,Française,Française,,SRC-027,"MPCE/UCAONG — registre des ONG, mpce.gouv.ht, capturé le 14/08/2026",2026-08-14,O,B,v1.2026.08
ONG enregistrées (registre légal),Handicap International Belgique,HIB,B-0487,23-Aug-10,"40, Villa Issa, Rue Jean Price Mars,Puits Blains,Rte de Freres",,Ass; Technique Ass; Humanitaire Aide au Devt,Ouest,Ouest,,,noms reconnus dans le texte libre des zones déclarées,Belge,Belge,,SRC-027,"MPCE/UCAONG — registre des ONG, mpce.gouv.ht, capturé le 14/08/2026",2026-08-14,O,B,v1.2026.08
ONG enregistrées (registre légal),"Harvest International, Inc",HI,B-0345,24-Nov-03,"12, Cité Lumière, Cayes",,Education,Cayes,,,,zones déclarées non reconnues,Américaine,Américaine,,SRC-027,"MPCE/UCAONG — registre des ONG, mpce.gouv.ht, capturé le 14/08/2026",2026-08-14,O,B,v1.2026.08
ONG enregistrées (registre légal),Healing Hands For Haïti,HHH,B-0337,22-Sep-03,"370, Ave John Brown, Bourdon // 9, Rue Dalencourt Ave John Brown",infohandsforhaiti@gmail.com,Santé,Port-au-Prince Cayes,,Port-au-Prince,HT0111,noms reconnus dans le texte libre des zones déclarées,Haïtienne,Haïtienne,,SRC-027,"MPCE/UCAONG — registre des ONG, mpce.gouv.ht, capturé le 14/08/2026",2026-08-14,O,B,v1.2026.08
ONG enregistrées (registre légal),Health Education Learning Ressources Project Inc,HELP,B-0169,28-Dec-94,"Vaudreuil, Route Malpasse entrée Latremblay # 5",,Agriculture,Aquin,,Aquin,HT0731,noms reconnus dans le texte libre des zones déclarées,Américaine,Américaine,,SRC-027,"MPCE/UCAONG — registre des ONG, mpce.gouv.ht, capturé le 14/08/2026",2026-08-14,O,B,v1.2026.08
ONG enregistrées (registre légal),"Health Through Walls, Inc",HTW,SS-0627,14-Aug-17,"#13,rue choucoute, babiole",info@healthoughwalls.org,sante,territoire nationale,,,,zones déclarées non reconnues,Américaine,americaine,,SRC-027,"MPCE/UCAONG — registre des ONG, mpce.gouv.ht, capturé le 14/08/2026",2026-08-14,O,B,v1.2026.08
ONG enregistrées (registre légal),Heart to Heart International,HHI,B-0533,3-Aug-11,"15, Imp Saint Marc,Delmas 105 Rte de Freres,Petion Ville",steve.weber@hearttoheart.org,Sante,Port-au-prince Leogane Thiotte Pichon La Chapelle,,La Chapelle ; Léogâne ; Port-au-Prince ; Thiotte,HT0111 ; HT0121 ; HT0233 ; HT0533,noms reconnus dans le texte libre des zones déclarées,Américaine,Americaine,,SRC-027,"MPCE/UCAONG — registre des ONG, mpce.gouv.ht, capturé le 14/08/2026",2026-08-14,O,B,v1.2026.08
ONG enregistrées (registre légal),Heifer Project International Haïti,HPI-HAITI,B-0400,,"226, Rte de Delmas (entre 17 et 19)",,Agriculture; Elevage,Limbé La Victoire Cayes Léogane Jacmel Anglais,,Jacmel ; La Victoire ; Limbé ; Léogâne,HT0121 ; HT0211 ; HT0345 ; HT0361,noms reconnus dans le texte libre des zones déclarées,Américaine,Américaine,,SRC-027,"MPCE/UCAONG — registre des ONG, mpce.gouv.ht, capturé le 14/08/2026",2026-08-14,O,B,v1.2026.08
ONG enregistrées (registre légal),"Help for Haiti, Inc",HFH,B-0552,24-Oct-11,"22, Santos 12",helpforhaiti.inc@gmail.com,Sante,Riviere Froide,,,,zones déclarées non reconnues,Américaine,Americaine,,SRC-027,"MPCE/UCAONG — registre des ONG, mpce.gouv.ht, capturé le 14/08/2026",2026-08-14,O,B,v1.2026.08
ONG enregistrées (registre légal),Help Hospital Hand School Haiti Org,HHSH ORG,B-0608,20-Oct-16,"#18 carrefour darbonne, fond sable",helphospitaleong@yahoo.fr,"assistance sociale, sante,education",leogane,,Léogâne,HT0121,noms reconnus dans le texte libre des zones déclarées,Haïtienne,Haitienne,,SRC-027,"MPCE/UCAONG — registre des ONG, mpce.gouv.ht, capturé le 14/08/2026",2026-08-14,O,B,v1.2026.08
ONG enregistrées (registre légal),Help-Hilfe Zur Selbsthilfe e.V,Help-Allemagne,B-0545,,"6,rue Borno,Petit-Goave",info@help-ev.de,Ass Humanitaire Construction,Leogane,,Léogâne,HT0121,noms reconnus dans le texte libre des zones déclarées,Allemande,Allemande,,SRC-027,"MPCE/UCAONG — registre des ONG, mpce.gouv.ht, capturé le 14/08/2026",2026-08-14,O,B,v1.2026.08
ONG enregistrées (registre légal),Helpage International,HAI,B-0570,29-Aug-12,"18,rue des Platons,Belvil,Petion-ville",gduhamel@helpagehaiti.orgcountrydirectorhelpagehaiti.org,"Assistance sociale, Aide au developpement",12 communes des departements de l&#039;ouest et du Sud-est,Ouest ; Sud ; Sud-Est,,,noms reconnus dans le texte libre des zones déclarées,,,,SRC-027,"MPCE/UCAONG — registre des ONG, mpce.gouv.ht, capturé le 14/08/2026",2026-08-14,O,B,v1.2026.08
ONG enregistrées (registre légal),Hollywood Unites for Haiti,HUFH,B-0486,12-Aug-10,"10,Imp Laurenceau,Tabarre 72,Torcelle",,Aide au Devt Ass. Humanitaire,Corail Ceslesse(Ouest),Ouest,Corail,HT0831,noms reconnus dans le texte libre des zones déclarées,Américaine,Americaine,,SRC-027,"MPCE/UCAONG — registre des ONG, mpce.gouv.ht, capturé le 14/08/2026",2026-08-14,O,B,v1.2026.08
ONG enregistrées (registre légal),Honor for Haiti Foundation/ Fondation Honneur pour Haiti,FONHOH,B-0637,29-Nov-17,"6, rue murat, bon repos",mjeanpie@tulane.edu,education,"lagoun, section communale Belladere",,Belladère,HT0632,noms reconnus dans le texte libre des zones déclarées,Américaine,americaine,,SRC-027,"MPCE/UCAONG — registre des ONG, mpce.gouv.ht, capturé le 14/08/2026",2026-08-14,O,B,v1.2026.08
ONG enregistrées (registre légal),"Hope for Haiti Children&#039;s Center, Inc / Danita&#039;s Children",DANITA&#039;S CHILDREN,B-0633,14-Aug-17,"#225,rue espagnol, ouanaminte, nord-est",,education -sante - agriculture,Nordd-est,Nord,,,noms reconnus dans le texte libre des zones déclarées,Américaine,americaine,,SRC-027,"MPCE/UCAONG — registre des ONG, mpce.gouv.ht, capturé le 14/08/2026",2026-08-14,O,B,v1.2026.08
ONG enregistrées (registre légal),Hope For Haïti\&#039;s Children/ Espoir pour les Enfants d\&#039;Haïti,HHC/EEH,B-0407,25-Sep-06,"182, Delmas 28B",,Evangélisation; Assistance Sociale,Petite Place Caseau,,,,zones déclarées non reconnues,Haïtienne,Haïtienne,,SRC-027,"MPCE/UCAONG — registre des ONG, mpce.gouv.ht, capturé le 14/08/2026",2026-08-14,O,B,v1.2026.08
ONG enregistrées (registre légal),Hope Worldwide -Haiti,HWH,B-0615,,,stansar3x27@gmail.com,"sante, education ,assistance sociale","bodarie , departement du sud",Sud,,,noms reconnus dans le texte libre des zones déclarées,Haïtienne,Haitienne,,SRC-027,"MPCE/UCAONG — registre des ONG, mpce.gouv.ht, capturé le 14/08/2026",2026-08-14,O,B,v1.2026.08
ONG enregistrées (registre légal),Horizon Chrétien pour Haiti,HCH,B-0566,19-Feb-15,"1, rue 3 village Theodat, Clercine",elsa.hilaire@yahoo.fr,Assistance sociale,"Croix-des-bouquets,Delmas,Tabarre",,Croix-Des-Bouquets ; Delmas ; Tabarre,HT0112 ; HT0118 ; HT0131,noms reconnus dans le texte libre des zones déclarées,,,,SRC-027,"MPCE/UCAONG — registre des ONG, mpce.gouv.ht, capturé le 14/08/2026",2026-08-14,O,B,v1.2026.08
ONG enregistrées (registre légal),Hosean International Ministries,HIM,B-0403,25-Sep-06,"159, Rue 7H, Cap-Haïtien",,Education; Développement Communautaire,Pignon Passe Cayimite Lapila La Victoire Cap-haïtien,,Cap-Haïtien ; La Victoire ; Pignon,HT0311 ; HT0344 ; HT0345,noms reconnus dans le texte libre des zones déclarées,Américaine,Américaine,,SRC-027,"MPCE/UCAONG — registre des ONG, mpce.gouv.ht, capturé le 14/08/2026",2026-08-14,O,B,v1.2026.08
ONG enregistrées (registre légal),Inclusion,,SS-0573,13-Feb-15,,,,,,,,aucune zone déclarée au registre,,,,SRC-027,"MPCE/UCAONG — registre des ONG, mpce.gouv.ht, capturé le 14/08/2026",2026-08-14,O,B,v1.2026.08
ONG enregistrées (registre légal),Initiative d&#039;Appui aux Personnes en Danger,IAPED,B-0373,5-Jul-05,"90, Rue Estimé, Ave Pouplard",,Assistance Sociale,Petit Marché (Ganthier),,Ganthier,HT0133,noms reconnus dans le texte libre des zones déclarées,Haïtienne,Haïtienne,,SRC-027,"MPCE/UCAONG — registre des ONG, mpce.gouv.ht, capturé le 14/08/2026",2026-08-14,O,B,v1.2026.08
ONG enregistrées (registre légal),Initiative d\&#039;Aide de Développement et d\&#039;Encadrement d\&#039;Enfant,IDADÉE,B-0578,19-Fév-15,,,,,,,,aucune zone déclarée au registre,,,,SRC-027,"MPCE/UCAONG — registre des ONG, mpce.gouv.ht, capturé le 14/08/2026",2026-08-14,O,B,v1.2026.08
ONG enregistrées (registre légal),Initiative Développement,ID,B-0203,20-Dec-95,Belvil 7,,Santé; Agriculture,Artibonite Nord\&#039;Ouest,Ouest ; Nord ; Artibonite,,,noms reconnus dans le texte libre des zones déclarées,Française,Française,,SRC-027,"MPCE/UCAONG — registre des ONG, mpce.gouv.ht, capturé le 14/08/2026",2026-08-14,O,B,v1.2026.08
ONG enregistrées (registre légal),Initiative en faveur des personnes en Detresse e.V.,ARCHE NOVA,B-0509,31-Mar-11,"17, rue Lamothe , Peguy-Ville",,,Ouest-Petit-Goave,Ouest,Petit-Goâve,HT0122,noms reconnus dans le texte libre des zones déclarées,Allemande,Allemande,,SRC-027,"MPCE/UCAONG — registre des ONG, mpce.gouv.ht, capturé le 14/08/2026",2026-08-14,O,B,v1.2026.08
ONG enregistrées (registre légal),Initiative pour la Protection de l&#039;Environnement et de l&#039;Encadrement des Jeunes,IPEEJ,B-0650,26-Nov-18,"#128 rue capois et cadet jeremie, carrefour-feuille",info@ipeej.org,"Morne l&#039;hopital, carrefour-feuillle",environnement - education,,,,zones déclarées non reconnues,Haïtienne,Haitienne,,SRC-027,"MPCE/UCAONG — registre des ONG, mpce.gouv.ht, capturé le 14/08/2026",2026-08-14,O,B,v1.2026.08
ONG enregistrées (registre légal),Initiative Pour le Developpement des Jeunes,IDEJEN,B-0474,,"98, Rue Grégoire, Pétion-Ville",,Education,Tabarre Cité Soleil Carrefour Martissant Petion-Ville,,Carrefour ; Cité Soleil ; Pétion-Ville ; Tabarre,HT0113 ; HT0114 ; HT0117 ; HT0118,noms reconnus dans le texte libre des zones déclarées,Haïtienne,Haïtienne,,SRC-027,"MPCE/UCAONG — registre des ONG, mpce.gouv.ht, capturé le 14/08/2026",2026-08-14,O,B,v1.2026.08
ONG enregistrées (registre légal),Institut Catholique Haïtienne d&#039;Aide aux Nécessiteux,ICHAN,B-0236,4-Apr-96,"Route Duplan 2, zone Dikao, BP.17042",,Assistances Sociales,Fermathe,,,,zones déclarées non reconnues,Haïtienne,Haïtienne,,SRC-027,"MPCE/UCAONG — registre des ONG, mpce.gouv.ht, capturé le 14/08/2026",2026-08-14,O,B,v1.2026.08
ONG enregistrées (registre légal),Institut de Développement Municipal,IDM,B-0294,19-Mar-02,"67, Rue Waag",,Municipalité,Ouest Nord Nord&#039;Ouest,Ouest ; Nord,,,noms reconnus dans le texte libre des zones déclarées,Haïtienne,Haïtienne,,SRC-027,"MPCE/UCAONG — registre des ONG, mpce.gouv.ht, capturé le 14/08/2026",2026-08-14,O,B,v1.2026.08
ONG enregistrées (registre légal),Institut de Technologie et d\&#039;Animation,ITECA,B-0519,11-May-11,"3bis, 3eme ruellle Riviere,Bourdon",,Agriculture Ass Technique,Petit Boucan(Gressier),,Gressier,HT0116,noms reconnus dans le texte libre des zones déclarées,Haïtienne,Haïtienne,,SRC-027,"MPCE/UCAONG — registre des ONG, mpce.gouv.ht, capturé le 14/08/2026",2026-08-14,O,B,v1.2026.08
ONG enregistrées (registre légal),Institut Fame Pereo et le Cardinal Léger et ses Oeuvres,IFP/CLO,A-0046,6-Sep-84,"160, Ave. Poupelard , BP.1336, P-au-P",,Santé; Education; Eau Potable,Ouest,Ouest,,,noms reconnus dans le texte libre des zones déclarées,Haïtienne,Haïtienne,"# 3, 10/01/85",SRC-027,"MPCE/UCAONG — registre des ONG, mpce.gouv.ht, capturé le 14/08/2026",2026-08-14,O,B,v1.2026.08
ONG enregistrées (registre légal),Institut Haïti de Développement Intégral,IHDI,B-0432,27-Feb-08,"26,Imp Boule de Gomme,Rte de Freres",,Agriculture,"Arcahaie (1ere Section Communale Boucassin, 2eme Fonds Baptiste, Courjolle, Torcelle)",,Arcahaie,HT0141,noms reconnus dans le texte libre des zones déclarées,Haïtienne,Haïtienne,,SRC-027,"MPCE/UCAONG — registre des ONG, mpce.gouv.ht, capturé le 14/08/2026",2026-08-14,O,B,v1.2026.08
ONG enregistrées (registre légal),Institut Haïtien de l&#039;Enfance,IHE,A-0110,10-Sep-87,"41, Rue Borno, P-V",,Documentation et Recherche,Documentation et Recherche,,,,zones déclarées non reconnues,Haïtienne,Haïtienne,# 5A - 18/01/88,SRC-027,"MPCE/UCAONG — registre des ONG, mpce.gouv.ht, capturé le 14/08/2026",2026-08-14,O,B,v1.2026.08
ONG enregistrées (registre légal),Institut Haïtien de Santé Communautaire,INHSAC,A-0097,,"Angle Rues Rigaud et Lambert, Pétion-ville B.P13408",,Santé Communautaire,Santé Communautaire,,,,zones déclarées non reconnues,Haïtienne,Haïtienne,# 71-A - 31/8/87,SRC-027,"MPCE/UCAONG — registre des ONG, mpce.gouv.ht, capturé le 14/08/2026",2026-08-14,O,B,v1.2026.08
ONG enregistrées (registre légal),Institut National pour le Développement et la Promotion de la Couture,INDEPCO,B-0151,,"67, Rue de l\&#039;Enterrement, Etage Cabinet TABUTEAU",indepco@yahoo.com,Artisanat,Ouest,Ouest,,,noms reconnus dans le texte libre des zones déclarées,Haïtienne,Haïtienne,,SRC-027,"MPCE/UCAONG — registre des ONG, mpce.gouv.ht, capturé le 14/08/2026",2026-08-14,O,B,v1.2026.08
ONG enregistrées (registre légal),Institut Of Grace,IOG,B-0656,9-Jun-20,"1er entrée St Antoine, montagne de miracia kane, mercier, Haiti",iograce2001@gmail.com,"Merger, commune de Gresier",Sante,,,,zones déclarées non reconnues,Américaine,Americaine,,SRC-027,"MPCE/UCAONG — registre des ONG, mpce.gouv.ht, capturé le 14/08/2026",2026-08-14,O,B,v1.2026.08
ONG enregistrées (registre légal),Institut Panos,IP,B-0679,15 MAI 2023,"14, rue borno Petion-ville",haiti@panoscaribeen.org,Santé,"ouest, artibonite, Nord et nord-est",Ouest ; Nord ; Nord-Est ; Artibonite,,,noms reconnus dans le texte libre des zones déclarées,Haïtienne,haitienne,,SRC-027,"MPCE/UCAONG — registre des ONG, mpce.gouv.ht, capturé le 14/08/2026",2026-08-14,O,B,v1.2026.08
ONG enregistrées (registre légal),"Institut pour la Santé, la Population et le Développement",ISPD,B-0658,9-Jun-20,"Angle des rues clerveaux et darguin, immeuble",ispdhaiti@gmail.com,Dix departements,Sante,,,,zones déclarées non reconnues,Haïtienne,Haitienne,,SRC-027,"MPCE/UCAONG — registre des ONG, mpce.gouv.ht, capturé le 14/08/2026",2026-08-14,O,B,v1.2026.08
ONG enregistrées (registre légal),Institut Supérieur de Formation Politique et Sociale,ISPOS,B-0324,29-May-03,"56, Rue Darguin, Place Boyer, P-V",,Education,Pétion-Ville,,Pétion-Ville,HT0114,noms reconnus dans le texte libre des zones déclarées,Haïtienne,Haïtienne,,SRC-027,"MPCE/UCAONG — registre des ONG, mpce.gouv.ht, capturé le 14/08/2026",2026-08-14,O,B,v1.2026.08
ONG enregistrées (registre légal),Institut Toussaint,IT,A-0114,29-Sep-87,Rue Magloire Ambroise Jacmel,,Education; Assistance Sociale,Jacmel,,Jacmel,HT0211,noms reconnus dans le texte libre des zones déclarées,Haïtienne,Haïtienne,,SRC-027,"MPCE/UCAONG — registre des ONG, mpce.gouv.ht, capturé le 14/08/2026",2026-08-14,O,B,v1.2026.08
ONG enregistrées (registre légal),Integrated Foundation Toward Cooperation in Haiti,IFOCOH,B-0335,22-Sep-03,"50, Rue Villemenay",,Assistance Sociale,Artibonite,Artibonite,,,noms reconnus dans le texte libre des zones déclarées,Haïtienne,Haïtienne,,SRC-027,"MPCE/UCAONG — registre des ONG, mpce.gouv.ht, capturé le 14/08/2026",2026-08-14,O,B,v1.2026.08
ONG enregistrées (registre légal),Inter Aide,IA,A-0127,17-Nov-88,"2bis, ruelle Lechaud (en face du #11), Bourdon",interaidehaiti@interaide.org,Education; Santé; Eau Potable,Education; Santé; Eau Potable,,,,zones déclarées non reconnues,Française,Française,# 74 - 25/9/89,SRC-027,"MPCE/UCAONG — registre des ONG, mpce.gouv.ht, capturé le 14/08/2026",2026-08-14,O,B,v1.2026.08
ONG enregistrées (registre légal),Interchurch Medical Assistance,IMA,B-0434,,"14, Impasse Hérard, Delmas 75",,Santé,"Cap-Haïtien, Plaisance, Limbé. Port-Margot, Acul-du-Nord",Nord,Acul du Nord ; Cap-Haïtien ; Limbé ; Plaisance ; Port-Margot,HT0311 ; HT0321 ; HT0352 ; HT0361 ; HT0371,noms reconnus dans le texte libre des zones déclarées,Américaine,Américaine,,SRC-027,"MPCE/UCAONG — registre des ONG, mpce.gouv.ht, capturé le 14/08/2026",2026-08-14,O,B,v1.2026.08
ONG enregistrées (registre légal),Intermon Oxfam,IO,B-0439,10-Mar-08,"4, Rue Marcadieu, Bourdon",,Aide au Developpement; Assistance Humanitaire,Vallée de l\&#039;Artibonite,Artibonite,,,noms reconnus dans le texte libre des zones déclarées,Espagnole,Espagnole,,SRC-027,"MPCE/UCAONG — registre des ONG, mpce.gouv.ht, capturé le 14/08/2026",2026-08-14,O,B,v1.2026.08
ONG enregistrées (registre légal),"International Alliance For Health And Social Development, Inc",IAHSD,B-0246,3-Jul-95,"6, Rue Salomon, Christ-Roi, P-au-P",,Santé,Port-au-Prince et ses Environs,,Port-au-Prince,HT0111,noms reconnus dans le texte libre des zones déclarées,Haïtienne,Haïtienne,,SRC-027,"MPCE/UCAONG — registre des ONG, mpce.gouv.ht, capturé le 14/08/2026",2026-08-14,O,B,v1.2026.08
ONG enregistrées (registre légal),International Child Care,ICC,A-0051,6-Nov-84,"38, Delmas 31, BP.1767, P-au-P",,Santé; Nutrition,Ouest Centre,Ouest ; Centre,,,noms reconnus dans le texte libre des zones déclarées,Américaine,Américaine,"# 2, 7/01/85",SRC-027,"MPCE/UCAONG — registre des ONG, mpce.gouv.ht, capturé le 14/08/2026",2026-08-14,O,B,v1.2026.08
ONG enregistrées (registre légal),International Crisis Group,Crisis Group,B-0448,9-Sep-08,"27, Ruelle Pie, Delmas 83",,Assistance Technique; Aide au Developpement,Port-au-Prince et les principales villes,,Port-au-Prince,HT0111,noms reconnus dans le texte libre des zones déclarées,Américaine,Américaine,,SRC-027,"MPCE/UCAONG — registre des ONG, mpce.gouv.ht, capturé le 14/08/2026",2026-08-14,O,B,v1.2026.08
ONG enregistrées (registre légal),"International Emergency and Development Aid, Inc",IEDA Relief,B-0559,,"4,rue Bonamy via Charbonnieres,Delmas 33",iedareliefhaitiops@gmail.com,"Eau, Assainissement et Hygiene",Leogane,,Léogâne,HT0121,noms reconnus dans le texte libre des zones déclarées,,,,SRC-027,"MPCE/UCAONG — registre des ONG, mpce.gouv.ht, capturé le 14/08/2026",2026-08-14,O,B,v1.2026.08
ONG enregistrées (registre légal),International Exécutive Service Corps,IESC,A-0077,28-Feb-86,"Cité de l&#039;exposition, BP.13486 Delmas, P-au-P",,Assistance Technique,Assistance Technique,,,,zones déclarées non reconnues,Américaine,Américaine,,SRC-027,"MPCE/UCAONG — registre des ONG, mpce.gouv.ht, capturé le 14/08/2026",2026-08-14,O,B,v1.2026.08
ONG enregistrées (registre légal),International Fellowship Haven Inc,IFH,A-0101,9-Apr-87,"Delmas 58-60, rue Raynaud # 6bis",,Agriculture; Education,Agriculture; Education,,,,zones déclarées non reconnues,Américaine,Americaine,# 45 - 4/6/87,SRC-027,"MPCE/UCAONG — registre des ONG, mpce.gouv.ht, capturé le 14/08/2026",2026-08-14,O,B,v1.2026.08
ONG enregistrées (registre légal),International Missionary Fellowship,IMF,A-0071,26-Aug-85,"Hôpital Evangélique de Bombardopolis, BP.13480 Delmas, P-au-P",,Santé,Bombardopolis,,Bombardopolis,HT0933,noms reconnus dans le texte libre des zones déclarées,Américaine,Américaine,# 70 - 3/10/85,SRC-027,"MPCE/UCAONG — registre des ONG, mpce.gouv.ht, capturé le 14/08/2026",2026-08-14,O,B,v1.2026.08
ONG enregistrées (registre légal),International Missions Outreach,IMO,A-0066,5-Jul-85,"Delmas 75, Angle Rues Dalia&amp;Faustin 1er",,Santé; Education,Santé; Education,,,,zones déclarées non reconnues,Américaine,Américaine,# 66 - 19/9/85,SRC-027,"MPCE/UCAONG — registre des ONG, mpce.gouv.ht, capturé le 14/08/2026",2026-08-14,O,B,v1.2026.08
ONG enregistrées (registre légal),International Office of Ecumenacal Relief of Evangelistic Family Ministries,EREFMIO,A-0123,7-Nov-88,"267, Blvd. J.J. Dessalines, P-au-P",,Santé; Assistance Sociale,Santé; Assistance Sociale,,,,zones déclarées non reconnues,Américaine,Américaine,,SRC-027,"MPCE/UCAONG — registre des ONG, mpce.gouv.ht, capturé le 14/08/2026",2026-08-14,O,B,v1.2026.08
ONG enregistrées (registre légal),"International Relief and Development US, Inc",IRD,B-0551,,"3,Pelerin 9B, Petion-Ville",mbaumann@ird-de.org,Sante,Leogane,,Léogâne,HT0121,noms reconnus dans le texte libre des zones déclarées,Américaine,Americaine,,SRC-027,"MPCE/UCAONG — registre des ONG, mpce.gouv.ht, capturé le 14/08/2026",2026-08-14,O,B,v1.2026.08
ONG enregistrées (registre légal),International Rescue Committee,IRC,B-0488,31-Aug-10,"9,Rue Descollines,Vivy Mitchel,Rte de Freres,Petion-Ville",,Ass; Technique Ass; Humanitaire Aide au Devt,P-au-Pce Delmas Tabarre Leogane Petit-Goave,,Delmas ; Léogâne ; Petit-Goâve ; Tabarre,HT0112 ; HT0118 ; HT0121 ; HT0122,noms reconnus dans le texte libre des zones déclarées,Américaine,Americaine,,SRC-027,"MPCE/UCAONG — registre des ONG, mpce.gouv.ht, capturé le 14/08/2026",2026-08-14,O,B,v1.2026.08
ONG enregistrées (registre légal),International Training and Education Center For Health,I-TECH HAITI,B-0562,14-May-13,"14, route de jacquet, delmas 95",,Sante,Sante,,,,zones déclarées non reconnues,,,,SRC-027,"MPCE/UCAONG — registre des ONG, mpce.gouv.ht, capturé le 14/08/2026",2026-08-14,O,B,v1.2026.08
ONG enregistrées (registre légal),Internatonal Medical Corps,IMC,B-0208,21-Dec-10,"Blvd 15 Octobre,Belvil 7,Complexe JBE&#039;s Plaza",,Assistance Technique Assistance Humanitaire Aide au Devt,Ouest / Sud&#039;Est /Artibonite,Ouest ; Artibonite ; Sud,,,noms reconnus dans le texte libre des zones déclarées,Américaine,Américaine,,SRC-027,"MPCE/UCAONG — registre des ONG, mpce.gouv.ht, capturé le 14/08/2026",2026-08-14,O,B,v1.2026.08
ONG enregistrées (registre légal),Intersos Organisation Humanitaire Onlus,Intersos,B-0494,24-Sep-10,"Las Palmas 22,Tabarre, Port-au-Prince",,Ass. Humanitaire,Leogane Gressier Village de Milton Village de Saint Antoine,,Gressier ; Léogâne,HT0116 ; HT0121,noms reconnus dans le texte libre des zones déclarées,Italienne,Italienne,,SRC-027,"MPCE/UCAONG — registre des ONG, mpce.gouv.ht, capturé le 14/08/2026",2026-08-14,O,B,v1.2026.08
ONG enregistrées (registre légal),Intervention en Milieu Rural et Urbain,IMRU,B-0254,4-Apr-97,"10 bis, Rue 3, P-au-P",,Agriculture,Thomazeau,,Thomazeau,HT0132,noms reconnus dans le texte libre des zones déclarées,Haïtienne,Haïtienne,,SRC-027,"MPCE/UCAONG — registre des ONG, mpce.gouv.ht, capturé le 14/08/2026",2026-08-14,O,B,v1.2026.08
ONG enregistrées (registre légal),J/P HRO Haitian Relief Organization,J/P HRO,B-0473,,"1, Rue Metreaux, Petion-ville Club, Rte de Bourdon",alastair@jphro.org,Education; Santé; Reconstruction,Petion-Ville Club-Bourdon Delmas 32,,Delmas ; Pétion-Ville,HT0112 ; HT0114,noms reconnus dans le texte libre des zones déclarées,Britannique,Anglaise,,SRC-027,"MPCE/UCAONG — registre des ONG, mpce.gouv.ht, capturé le 14/08/2026",2026-08-14,O,B,v1.2026.08
ONG enregistrées (registre légal),Jaminor Haiti,JAHA,B-0606,20-Jun-14,"3, RUE Laham mercier, delmas 60",Jaminor.haiti@gmail.com,Sante,Ganthier,,Ganthier,HT0133,noms reconnus dans le texte libre des zones déclarées,Haïtienne,Haitienne,,SRC-027,"MPCE/UCAONG — registre des ONG, mpce.gouv.ht, capturé le 14/08/2026",2026-08-14,O,B,v1.2026.08
ONG enregistrées (registre légal),Japanese Emergency NGO,JEN,B-0589,19-Feb-15,"2, rue Kernizan, delmas 33",afohaiti@jen-npo.org,"Eau,Santé",Léogâne,,Léogâne,HT0121,noms reconnus dans le texte libre des zones déclarées,Japonaise,Japonaise,,SRC-027,"MPCE/UCAONG — registre des ONG, mpce.gouv.ht, capturé le 14/08/2026",2026-08-14,O,B,v1.2026.08
ONG enregistrées (registre légal),Jeunesse Merveilleuse pour Haiti de Demain / Haiti Youth of Legacy,JMHD / HYL,B-0557,14-Nov-11,Saint-Louis du Nord,jeunessemerveilleuse@yahoo.fr,Assistance Sociale,Saint-Louis du Nord,Nord,Saint-Louis du Nord,HT0921,noms reconnus dans le texte libre des zones déclarées,Haïtienne,Haitienne,,SRC-027,"MPCE/UCAONG — registre des ONG, mpce.gouv.ht, capturé le 14/08/2026",2026-08-14,O,B,v1.2026.08
ONG enregistrées (registre légal),Jeunesse Unie pour la Protection de l&#039;Environnement et le Développement d&#039;Haiti,JUPED-Haiti,B-0657,9-Jun-20,"#10, en face impasse vatican, mais gate, petite place cazeau",juped.haiti@yahoo.org,Petite Place Cazeau,environnement,,,,zones déclarées non reconnues,Haïtienne,Haitienne,,SRC-027,"MPCE/UCAONG — registre des ONG, mpce.gouv.ht, capturé le 14/08/2026",2026-08-14,O,B,v1.2026.08
ONG enregistrées (registre légal),Jeunesse Volontaire Haïtienne,JVH,A-0004,19-Jul-83,,,Assistance Sociale; Eau Potable,Assistance Sociale; Eau Potable,,,,zones déclarées non reconnues,Haïtienne,Haïtienne,# 72 - 13/10/83,SRC-027,"MPCE/UCAONG — registre des ONG, mpce.gouv.ht, capturé le 14/08/2026",2026-08-14,O,B,v1.2026.08
ONG enregistrées (registre légal),Johanniter-Unfall-Hilfe e.V,JUH,B-0496,8-Feb-11,"Rte Nationale#2, Sigueneau, Leogane,Haiti",,Sante,Leogane,,Léogâne,HT0121,noms reconnus dans le texte libre des zones déclarées,Allemande,Allemande,,SRC-027,"MPCE/UCAONG — registre des ONG, mpce.gouv.ht, capturé le 14/08/2026",2026-08-14,O,B,v1.2026.08
ONG enregistrées (registre légal),Kalfou Aksyon Pou Devlopman Ak Dwa Moun,KADD,B-0349,15-Apr-04,"Ave. MArtin Luther King, Imp. Alouette # 12",,Santé,Miragoâne,,Miragoâne,HT1011,noms reconnus dans le texte libre des zones déclarées,Haïtienne,Haïtienne,,SRC-027,"MPCE/UCAONG — registre des ONG, mpce.gouv.ht, capturé le 14/08/2026",2026-08-14,O,B,v1.2026.08
ONG enregistrées (registre légal),Kindernothilfe-Haiti,KNH-H,B-0442,,"10, Rue Fontenay, Delmas 75 knhhaiti@yahoo.de",,Education; Formation Professionnelle,Delmas 2,,Delmas,HT0112,noms reconnus dans le texte libre des zones déclarées,Allemande,Allemande,,SRC-027,"MPCE/UCAONG — registre des ONG, mpce.gouv.ht, capturé le 14/08/2026",2026-08-14,O,B,v1.2026.08
ONG enregistrées (registre légal),King&#039;s Organisation,KOR,B-0529,22-Jun-11,"42,Mais Gate,Petite Place Cazeau via Gerald Bataille,Tabarre",kingsorganisation@gmail.com,Ass Sociale Sante,Port-au-Prince Petite Place Cazeau,,Port-au-Prince,HT0111,noms reconnus dans le texte libre des zones déclarées,Haïtienne,Haïtienne,,SRC-027,"MPCE/UCAONG — registre des ONG, mpce.gouv.ht, capturé le 14/08/2026",2026-08-14,O,B,v1.2026.08
ONG enregistrées (registre légal),Kombite Bienfaiteurs du Sud,KBS,B-0181,20-Apr-95,"59, Rue des Césars, Port-au-Prince, Haïti",,Agriculture,Département du Sud (Cayes),Sud,,,noms reconnus dans le texte libre des zones déclarées,Haïtienne,Haïtienne,,SRC-027,"MPCE/UCAONG — registre des ONG, mpce.gouv.ht, capturé le 14/08/2026",2026-08-14,O,B,v1.2026.08
ONG enregistrées (registre légal),Konbit Sante,KS,B-0455,,"Hopital Universitaire Justinien, Rue 17Q, Cap-Haitien www.konbitsante.org",info@konbitsante.org,Santé,"Nord (Petite-Anse, Fort Saint-Michel)",Nord,,,noms reconnus dans le texte libre des zones déclarées,Américaine,Américaine,,SRC-027,"MPCE/UCAONG — registre des ONG, mpce.gouv.ht, capturé le 14/08/2026",2026-08-14,O,B,v1.2026.08
ONG enregistrées (registre légal),La Sainte Eglise du Pelerin,SEP,A-0108,9-Jul-87,"Drouillard, Rte Nle #1 à coté Antenne Radio Haïti Inter, BP. 1744, P-au-P",,Education; Agriculture; Santé,Ouest Artibonite Nord,Ouest ; Nord ; Artibonite,,,noms reconnus dans le texte libre des zones déclarées,Haïtienne,Haïtienne,# 34 - 21/4/88,SRC-027,"MPCE/UCAONG — registre des ONG, mpce.gouv.ht, capturé le 14/08/2026",2026-08-14,O,B,v1.2026.08
ONG enregistrées (registre légal),La Societe d&#039;agence de Secours et de Bienfaisance aux Enfants Defavorises,ASEBED,B-0446,9-Sep-08,"12, Village Planete, Mombin Lataille, Cap-Haitien",asebed@hotmail.com,Education,Borgne Port Margot Plaisance Pilate,,Borgne ; Pilate ; Plaisance ; Port-Margot,HT0351 ; HT0352 ; HT0371 ; HT0372,noms reconnus dans le texte libre des zones déclarées,Canadienne,Canadienne,,SRC-027,"MPCE/UCAONG — registre des ONG, mpce.gouv.ht, capturé le 14/08/2026",2026-08-14,O,B,v1.2026.08
ONG enregistrées (registre légal),Lafanmi Selavi,LS,B-0229,27-Feb-96,"27, Rue Camille Leon, Port-au-Prince",,Assistance Sociale Agriculture Education,Plaine du Cul de Sac Port-au-Prince,,Port-au-Prince,HT0111,noms reconnus dans le texte libre des zones déclarées,Haïtienne,Haïtienne,,SRC-027,"MPCE/UCAONG — registre des ONG, mpce.gouv.ht, capturé le 14/08/2026",2026-08-14,O,B,v1.2026.08
ONG enregistrées (registre légal),Latter-Day Saint Charities/Oeuvres Caritatives des Saints du Dernier Jour,LDSC,B-0328,18-Jul-03,"6, Delmas 54",,Assistance Sociale,Arcahaie,,Arcahaie,HT0141,noms reconnus dans le texte libre des zones déclarées,Américaine,Américaine,,SRC-027,"MPCE/UCAONG — registre des ONG, mpce.gouv.ht, capturé le 14/08/2026",2026-08-14,O,B,v1.2026.08
ONG enregistrées (registre légal),Les Artisans de Paix International,API,B-0437,10-Mar-08,"9, Delmas 38",,Eau Potable,Saint Jean du Sud (Cayes),Sud,Saint Jean du Sud,HT0722,noms reconnus dans le texte libre des zones déclarées,Canadienne,Canadienne,,SRC-027,"MPCE/UCAONG — registre des ONG, mpce.gouv.ht, capturé le 14/08/2026",2026-08-14,O,B,v1.2026.08
ONG enregistrées (registre légal),Les Ateliers Ecoles de Camp Perrin,AECP,B-0303,10-Jun-02,,,,,,,,aucune zone déclarée au registre,Haïtienne,Haïtienne,,SRC-027,"MPCE/UCAONG — registre des ONG, mpce.gouv.ht, capturé le 14/08/2026",2026-08-14,O,B,v1.2026.08
ONG enregistrées (registre légal),Les Brebis de Lumiere,LBL,B-0445,9-Sep-08,"30, Rue Rebecca, Petion-Ville lesbrebis02@yahoo.fr",Lumierelbl@yahoo.fr,Santé; Assistance Sociale,Ouest (Petion-Ville) Centre,Ouest ; Centre,Pétion-Ville,HT0114,noms reconnus dans le texte libre des zones déclarées,Haïtienne,Haïtienne,,SRC-027,"MPCE/UCAONG — registre des ONG, mpce.gouv.ht, capturé le 14/08/2026",2026-08-14,O,B,v1.2026.08
ONG enregistrées (registre légal),Lifeline Christian Mission,LCM,B-0170,,"Grand-Goâve, P.O.Box13004, rue de l\&#039;Enterrement # 51",,Santé; Eau Potable,Grand-Goâve,,Grand-Goâve,HT0123,noms reconnus dans le texte libre des zones déclarées,Haïtienne,Haïtienne,# 48-A - 22/6/94,SRC-027,"MPCE/UCAONG — registre des ONG, mpce.gouv.ht, capturé le 14/08/2026",2026-08-14,O,B,v1.2026.08
ONG enregistrées (registre légal),Light Ministries Inc,LMI,A-0128,17-Nov-88,"71, Thor 67, Carrefour, P-au-P",,Santé; Nutrition,Santé; Nutrition,,,,zones déclarées non reconnues,Américaine,Americaine,# 27-A - 3/4/89,SRC-027,"MPCE/UCAONG — registre des ONG, mpce.gouv.ht, capturé le 14/08/2026",2026-08-14,O,B,v1.2026.08
ONG enregistrées (registre légal),Ligne d\\\&#039;Aide Internationale pour les Orphelins / Orphan\\\&#039;s International Helping,OIH,B-0577,19-Fév-16,,,,Nord’Ouest,Ouest ; Nord ; Nord-Ouest,,,noms reconnus dans le texte libre des zones déclarées,,,,SRC-027,"MPCE/UCAONG — registre des ONG, mpce.gouv.ht, capturé le 14/08/2026",2026-08-14,O,B,v1.2026.08
ONG enregistrées (registre légal),Ligue Anti Anénie Falciforme,LAAF,A-0134,21-Jan-89,"181, Rue capois, P-au-P",,Santé,Port-au-Prince,,Port-au-Prince,HT0111,noms reconnus dans le texte libre des zones déclarées,Haïtienne,Haïtienne,# 72 - 18/9/89,SRC-027,"MPCE/UCAONG — registre des ONG, mpce.gouv.ht, capturé le 14/08/2026",2026-08-14,O,B,v1.2026.08
ONG enregistrées (registre légal),Ligue Haïtienne des Combattants de la Misère,LIHACOM,A-0140,26-Apr-89,,,Santé; Education,Ouest,Ouest,,,noms reconnus dans le texte libre des zones déclarées,Haïtienne,Haïtienne,# 60 - 7/8/89,SRC-027,"MPCE/UCAONG — registre des ONG, mpce.gouv.ht, capturé le 14/08/2026",2026-08-14,O,B,v1.2026.08
ONG enregistrées (registre légal),Living Water Ministries Palm Beach,LWM,B-0617,21-Sep-15,,jacklinetinne@yahoo.fr,assistance sociale,nord-ouest,Ouest ; Nord ; Nord-Ouest,,,noms reconnus dans le texte libre des zones déclarées,Américaine,americaine,,SRC-027,"MPCE/UCAONG — registre des ONG, mpce.gouv.ht, capturé le 14/08/2026",2026-08-14,O,B,v1.2026.08
ONG enregistrées (registre légal),Love A Child Inc,LAC,A-0105,23-Apr-87,"1000, Route de la Montagne Noire, BP.15600, P-V",,Logement; Education; Santé; Assistance Sociale,Ouest: Port-au-Prince Fond-Parisien,Ouest,Port-au-Prince,HT0111,noms reconnus dans le texte libre des zones déclarées,Américaine,Américaine,# 64 - 6/8/87,SRC-027,"MPCE/UCAONG — registre des ONG, mpce.gouv.ht, capturé le 14/08/2026",2026-08-14,O,B,v1.2026.08
ONG enregistrées (registre légal),Lumos Foundation,LF,B-0647,24-Jul-18,"#18 rue emric, imp lajoie, morne lazarre",eugeneguillaume@wearelumos.org,assistance-sociale,Departements de l&#039;ouest,Ouest,,,noms reconnus dans le texte libre des zones déclarées,Britannique,anglaise,,SRC-027,"MPCE/UCAONG — registre des ONG, mpce.gouv.ht, capturé le 14/08/2026",2026-08-14,O,B,v1.2026.08
ONG enregistrées (registre légal),Mackandal - Villages sans Frontières,MVSH,B-0289,19-Mar-02,"11, rue des Miracles",,Agriculture,Croix-des-Bouquets,,Croix-Des-Bouquets,HT0131,noms reconnus dans le texte libre des zones déclarées,Haïtienne,Haïtienne,,SRC-027,"MPCE/UCAONG — registre des ONG, mpce.gouv.ht, capturé le 14/08/2026",2026-08-14,O,B,v1.2026.08
ONG enregistrées (registre légal),Mains Secourables/Christian Helping Hands,MS/CHH,B-0334,21-Aug-03,"20, Rue Baussa, Delmas",,Assistance Sociale,Delmas,,Delmas,HT0112,noms reconnus dans le texte libre des zones déclarées,Haïtienne,Haïtienne,,SRC-027,"MPCE/UCAONG — registre des ONG, mpce.gouv.ht, capturé le 14/08/2026",2026-08-14,O,B,v1.2026.08
ONG enregistrées (registre légal),Mains Unies/ Men Ansanm,MU,B-0393,,"1, Rlle W. Moss, Route ODPG, Gonaïves, Haïti / HT4110",,Education; Santé; Agriculture,Artibonite: Gonaïves,Artibonite,Gonaïves,HT0511,noms reconnus dans le texte libre des zones déclarées,Haïtienne,Haïtienne,,SRC-027,"MPCE/UCAONG — registre des ONG, mpce.gouv.ht, capturé le 14/08/2026",2026-08-14,O,B,v1.2026.08
ONG enregistrées (registre légal),Maison des Enfants Handicapes,MEH,B-0542,23-Aug-11,"9,Delmas 31",,Assistance sociale,Delmas,,Delmas,HT0112,noms reconnus dans le texte libre des zones déclarées,Haïtienne,Haïtienne,,SRC-027,"MPCE/UCAONG — registre des ONG, mpce.gouv.ht, capturé le 14/08/2026",2026-08-14,O,B,v1.2026.08
ONG enregistrées (registre légal),Maison l&#039;Arc-En-Ciel,MAEC,B-0192,31-Jul-95,"12, Rue Coicou, Delmas 33 B.P. 16190, P.V.",arcenciel@hughes.net,Assistances Sociales,Port-au-Prince,,Port-au-Prince,HT0111,noms reconnus dans le texte libre des zones déclarées,Haïtienne,Haïtienne,,SRC-027,"MPCE/UCAONG — registre des ONG, mpce.gouv.ht, capturé le 14/08/2026",2026-08-14,O,B,v1.2026.08
ONG enregistrées (registre légal),Management Sciences For Health,MSH,B-0433,,"5, Impasse Prosper, Bourdon",,Santé,Haïti,,,,zones déclarées non reconnues,Américaine,Américaine,,SRC-027,"MPCE/UCAONG — registre des ONG, mpce.gouv.ht, capturé le 14/08/2026",2026-08-14,O,B,v1.2026.08
ONG enregistrées (registre légal),Manusodany Association pour Haiti,MANUSODANY,B-0528,,"12A, Cap-Haitien",manusodany@gmail.com,Ass technique Ass sociale,Vaudreuil(Cap-Haitien),,Cap-Haïtien,HT0311,noms reconnus dans le texte libre des zones déclarées,Française,Française,,SRC-027,"MPCE/UCAONG — registre des ONG, mpce.gouv.ht, capturé le 14/08/2026",2026-08-14,O,B,v1.2026.08
ONG enregistrées (registre légal),Maryland Global Initiatives Coorporation,MGIC,B-0628,24-Aug-17,"#17A, delmas 52, Haiti",,sante - education,ouest - sud - nord,Ouest ; Nord ; Sud,,,noms reconnus dans le texte libre des zones déclarées,Américaine,americaine,,SRC-027,"MPCE/UCAONG — registre des ONG, mpce.gouv.ht, capturé le 14/08/2026",2026-08-14,O,B,v1.2026.08
ONG enregistrées (registre légal),Medair,MEDAIR,B-0629,24-Aug-17,"le village club hotel, rue des marechaux jacmel",cd.haiti@mediar.org,assistance sociale,sud-est,Sud ; Sud-Est,,,noms reconnus dans le texte libre des zones déclarées,Suisse,suisse,,SRC-027,"MPCE/UCAONG — registre des ONG, mpce.gouv.ht, capturé le 14/08/2026",2026-08-14,O,B,v1.2026.08
ONG enregistrées (registre légal),Medecins du Monde-Espagne / Medicos del Mundo-Espana,MDM-Espagne,B-0502,,"47,Rue de la Liberte Petit-Goave",,Aide au Devt Ass Humanitaire,Petit-Goave,,Petit-Goâve,HT0122,noms reconnus dans le texte libre des zones déclarées,Espagnole,Espagnole,,SRC-027,"MPCE/UCAONG — registre des ONG, mpce.gouv.ht, capturé le 14/08/2026",2026-08-14,O,B,v1.2026.08
ONG enregistrées (registre légal),"Médecins du Monde, Canada",MDM-C,B-0388,23-Feb-06,"49, Rue Pacot Prolongé",,Santé,Cité Soleil,,Cité Soleil,HT0117,noms reconnus dans le texte libre des zones déclarées,Canadienne,Canadienne,,SRC-027,"MPCE/UCAONG — registre des ONG, mpce.gouv.ht, capturé le 14/08/2026",2026-08-14,O,B,v1.2026.08
ONG enregistrées (registre légal),"Médecins du Monde, France","MDM,F",B-0274,25-Sep-00,"4, Rue M, Turgeau, P-au-P",,. Santé,Grande Anse,,,,zones déclarées non reconnues,Française,Française,,SRC-027,"MPCE/UCAONG — registre des ONG, mpce.gouv.ht, capturé le 14/08/2026",2026-08-14,O,B,v1.2026.08
ONG enregistrées (registre légal),"Medecins du Monde, Suisse",MDM-S,B-0429,5-Dec-07,"11, Rue Camille Léon, Bois Verna",,Santé,Grand-Goâve,,Grand-Goâve,HT0123,noms reconnus dans le texte libre des zones déclarées,Suisse,Suisse,,SRC-027,"MPCE/UCAONG — registre des ONG, mpce.gouv.ht, capturé le 14/08/2026",2026-08-14,O,B,v1.2026.08
ONG enregistrées (registre légal),"Medecins du Monde,Argentine / Medicos del Mundo Argentina",MDM-Argentine,B-0522,,"2,Imp Orchidee,rue la Pepiniere,Rte de Frere,Petion Ville",,Sante,Leogane(Localite Kapity),,Léogâne,HT0121,noms reconnus dans le texte libre des zones déclarées,Argentine,Argentine,,SRC-027,"MPCE/UCAONG — registre des ONG, mpce.gouv.ht, capturé le 14/08/2026",2026-08-14,O,B,v1.2026.08
ONG enregistrées (registre légal),"Medecins du Monde,Belgique",MDM-Belgique,B-0534,,"47,Rue de la Liberte Petit-Goave",mdmbh.genco@gmail.com,Sante,Petit-Goave,,Petit-Goâve,HT0122,noms reconnus dans le texte libre des zones déclarées,Belge,Belge,,SRC-027,"MPCE/UCAONG — registre des ONG, mpce.gouv.ht, capturé le 14/08/2026",2026-08-14,O,B,v1.2026.08
ONG enregistrées (registre légal),Médecins Sans Fontières France,MSF,B-0255,26-Mar-97,"2, Angle Pacot et Ave N, P-au-P, BP.15330, P-V",,Santé,Cap-Haïtien,,Cap-Haïtien,HT0311,noms reconnus dans le texte libre des zones déclarées,Française,Française,#91 - 20/11/97,SRC-027,"MPCE/UCAONG — registre des ONG, mpce.gouv.ht, capturé le 14/08/2026",2026-08-14,O,B,v1.2026.08
ONG enregistrées (registre légal),Médecins Sans Frontières Belgique,MSF-B,B-0231,,"7, Rue Borno, Pétion-Ville, B.P 15330",,Santé,Saint-Marc,,Saint-Marc,HT0531,noms reconnus dans le texte libre des zones déclarées,Belge,Belge,,SRC-027,"MPCE/UCAONG — registre des ONG, mpce.gouv.ht, capturé le 14/08/2026",2026-08-14,O,B,v1.2026.08
ONG enregistrées (registre légal),Médecins Sans Frontières Hollande,MSFH,B-0201,,"18, Angle des Rues Amiral Killick et Marckandal",,Santé,"Ile de la Gonâve, Hinche",,Hinche,HT0611,noms reconnus dans le texte libre des zones déclarées,Néerlandaise,Hollandaise,,SRC-027,"MPCE/UCAONG — registre des ONG, mpce.gouv.ht, capturé le 14/08/2026",2026-08-14,O,B,v1.2026.08
ONG enregistrées (registre légal),Medecins Sans Frontieres-Espagne / Medicos Sin Fronteras-Espana,MSF-Espagne,B-0506,,"3,rue Marcel Toureau,Berthe,Petion V.",,Ass Humanitaire,Ouest Sud-Est,Ouest ; Sud ; Sud-Est,,,noms reconnus dans le texte libre des zones déclarées,Espagnole,Espagnole,,SRC-027,"MPCE/UCAONG — registre des ONG, mpce.gouv.ht, capturé le 14/08/2026",2026-08-14,O,B,v1.2026.08
ONG enregistrées (registre légal),Medecins Sans Frontieres-Suisse,MSF-Suisse,B-0482,12-Jul-10,"1,Rue Marcel Toureau,Petion-Ville",,Ass. Technique Ass. Humanitaire,Léogane,,Léogâne,HT0121,noms reconnus dans le texte libre des zones déclarées,Suisse,Suisse,,SRC-027,"MPCE/UCAONG — registre des ONG, mpce.gouv.ht, capturé le 14/08/2026",2026-08-14,O,B,v1.2026.08
ONG enregistrées (registre légal),"Medical Mobile Disaster Relief Haiti, Inc",MMDR,B-0632,24-Aug-17,"#21, dalma,thomazeau, Haiti",drvanderpool@livebeyond.org,sante,Thomazeau,,Thomazeau,HT0132,noms reconnus dans le texte libre des zones déclarées,Américaine,americaine,,SRC-027,"MPCE/UCAONG — registre des ONG, mpce.gouv.ht, capturé le 14/08/2026",2026-08-14,O,B,v1.2026.08
ONG enregistrées (registre légal),Medico International e.V,MI,B-0168,23-Nov-10,"9, Angles Rues Roux et Jacques 1er,Delmas 31",info@medico.de,Santé,Petit-Goave,,Petit-Goâve,HT0122,noms reconnus dans le texte libre des zones déclarées,Allemande,Allemande,,SRC-027,"MPCE/UCAONG — registre des ONG, mpce.gouv.ht, capturé le 14/08/2026",2026-08-14,O,B,v1.2026.08
ONG enregistrées (registre légal),Meds And Food for Kids,MFK,B-0453,10-Nov-08,"5, Imp. Riviere, Mombin Lataille, Cap-Haitien BP 314",,Assistance Humanitaire,Nord,Nord,,,noms reconnus dans le texte libre des zones déclarées,Américaine,Americaine,,SRC-027,"MPCE/UCAONG — registre des ONG, mpce.gouv.ht, capturé le 14/08/2026",2026-08-14,O,B,v1.2026.08
ONG enregistrées (registre légal),Mennonite Central Committee,MCC,A-0038,4-Aug-84,"14, Impasse Hérard, Delmas 75, BP.2160, P-au-P",,Santé; Agriculture; Développement Communautaire,Nord Artibonite,Nord ; Artibonite,,,noms reconnus dans le texte libre des zones déclarées,Américaine,Américaine,# 68 - 20/9/84,SRC-027,"MPCE/UCAONG — registre des ONG, mpce.gouv.ht, capturé le 14/08/2026",2026-08-14,O,B,v1.2026.08
ONG enregistrées (registre légal),Mennonite Economic Development Associates,MEDA,A-0088,19-Jun-86,"226, Delmas, BP.2160, P-au-P",,Agriculture,Agriculture,,,,zones déclarées non reconnues,Américaine,Américaine,# 81 - 6/10/86,SRC-027,"MPCE/UCAONG — registre des ONG, mpce.gouv.ht, capturé le 14/08/2026",2026-08-14,O,B,v1.2026.08
ONG enregistrées (registre légal),Mennonite Gospel Mission to Haiti,MGMH,A-0119,11-Feb-88,"Rte Ntle # 2, zone Berguin, Baraka, Miragoane, BP2171, P-au-P",,Agriculture; Education; Santé,Nippes,Nippes,,,noms reconnus dans le texte libre des zones déclarées,Américaine,Américaine,# 13-A - 11/2/88,SRC-027,"MPCE/UCAONG — registre des ONG, mpce.gouv.ht, capturé le 14/08/2026",2026-08-14,O,B,v1.2026.08
ONG enregistrées (registre légal),Mercy Corps,Mercy Corps,B-0492,24-Sep-10,"34, rue Goulard Place Boyer PV,Haiti",,Ass. Technique Ass. Humanitaire Aide au Devt,"Plateau Central(Hinche, Mirebalais)",,Hinche ; Mirebalais,HT0611 ; HT0621,noms reconnus dans le texte libre des zones déclarées,Américaine,Americaine,,SRC-027,"MPCE/UCAONG — registre des ONG, mpce.gouv.ht, capturé le 14/08/2026",2026-08-14,O,B,v1.2026.08
ONG enregistrées (registre légal),Ministere Anglican Episcopal De Developpement d&#039;Haiti,MAEDEH,B-0674,,,,,,,,,aucune zone déclarée au registre,,,,SRC-027,"MPCE/UCAONG — registre des ONG, mpce.gouv.ht, capturé le 14/08/2026",2026-08-14,O,B,v1.2026.08
ONG enregistrées (registre légal),Ministère Chrétien Haitien,MCH,B-0597,16-Apr-15,"10, GM Village,Haut du Cap",emmalog@hotmail.com,Assiatance Sociale,Acul du Nord; Departement du Nord,Nord,Acul du Nord,HT0321,noms reconnus dans le texte libre des zones déclarées,Haïtienne,Haitienne,,SRC-027,"MPCE/UCAONG — registre des ONG, mpce.gouv.ht, capturé le 14/08/2026",2026-08-14,O,B,v1.2026.08
ONG enregistrées (registre légal),Ministère des Bons Samaritains,MIBOSAM,B-0325,23-Jul-03,"11, Rue Barthélémy, Delmas 18",,Education; Santé; Assistance Sociale,Delmas,,Delmas,HT0112,noms reconnus dans le texte libre des zones déclarées,Haïtienne,Haïtienne,,SRC-027,"MPCE/UCAONG — registre des ONG, mpce.gouv.ht, capturé le 14/08/2026",2026-08-14,O,B,v1.2026.08
ONG enregistrées (registre légal),Ministere Evangelique de Developpement d\&#039;Haiti,MEDH,B-0468,16-Sep-09,,,,,,,,aucune zone déclarée au registre,Haïtienne,Haïtienne,"#58, 9/7/2010",SRC-027,"MPCE/UCAONG — registre des ONG, mpce.gouv.ht, capturé le 14/08/2026",2026-08-14,O,B,v1.2026.08
ONG enregistrées (registre légal),Ministere Pecheurs d\&#039;Hommes,MPH,B-0553,,"4Bis, 2e Ruelle Lechaud,Delmas 31",,Education,Ile de la Gonave,,,,zones déclarées non reconnues,Haïtienne,Haïtienne,,SRC-027,"MPCE/UCAONG — registre des ONG, mpce.gouv.ht, capturé le 14/08/2026",2026-08-14,O,B,v1.2026.08
ONG enregistrées (registre légal),Ministere Shabach International,MSI,B-0219,17-Jan-11,"77,Rue Cayemite,Waney 93,Carrefour",,Ass Technique Ass Humanitaire Aide au Devt,"Carrefour, Ouest",Ouest,Carrefour,HT0113,noms reconnus dans le texte libre des zones déclarées,Haïtienne,Haïtienne,,SRC-027,"MPCE/UCAONG — registre des ONG, mpce.gouv.ht, capturé le 14/08/2026",2026-08-14,O,B,v1.2026.08
ONG enregistrées (registre légal),Mission Baptiste Conservatrice d\&#039;Haïti,MBCH,A-0090,30-Jun-86,"Fermathe, BP.673, P-au-P",,Agriculture; Education; Santé; Artisanat,Haïti,,,,zones déclarées non reconnues,Américaine,Américaine,# 81 - 6/10/86,SRC-027,"MPCE/UCAONG — registre des ONG, mpce.gouv.ht, capturé le 14/08/2026",2026-08-14,O,B,v1.2026.08
ONG enregistrées (registre légal),Mission Baptiste d&#039;Haïti,MBH,A-0079,19-Mar-86,"Gonaïves, BP.117",,Education; Santé,Gonaïves,,Gonaïves,HT0511,noms reconnus dans le texte libre des zones déclarées,Haïtienne,Haïtienne,# 70 - 28/8/86,SRC-027,"MPCE/UCAONG — registre des ONG, mpce.gouv.ht, capturé le 14/08/2026",2026-08-14,O,B,v1.2026.08
ONG enregistrées (registre légal),Mission Bon Berger,MBB,A-0129,17-Nov-88,"Milot, Cap-Haïtien",,Education; Santé; Assistance Sociale,Nord,Nord,,,noms reconnus dans le texte libre des zones déclarées,Haïtienne,Haïtienne,,SRC-027,"MPCE/UCAONG — registre des ONG, mpce.gouv.ht, capturé le 14/08/2026",2026-08-14,O,B,v1.2026.08
ONG enregistrées (registre légal),Mission Chrétienne Sans Frontières,MCSF,B-0630,24-Aug-17,Limbe carrefour gros chaudiere,vgersan@hotmail.com,Assistance sociale,Limbe - carrefour gros chaudiere,,Carrefour ; Limbé,HT0113 ; HT0361,noms reconnus dans le texte libre des zones déclarées,Haïtienne,Haitienne,,SRC-027,"MPCE/UCAONG — registre des ONG, mpce.gouv.ht, capturé le 14/08/2026",2026-08-14,O,B,v1.2026.08
ONG enregistrées (registre légal),Mission de l\&#039;Espoir,MDE,B-0614,,,lesc@mohintl.org,education,grand-goave,,Grand-Goâve,HT0123,noms reconnus dans le texte libre des zones déclarées,Haïtienne,Haitienne,,SRC-027,"MPCE/UCAONG — registre des ONG, mpce.gouv.ht, capturé le 14/08/2026",2026-08-14,O,B,v1.2026.08
ONG enregistrées (registre légal),Mission de Vie,MV,A-0037,3-Aug-84,"8, Rue Christophe, Casoleil, Gonaïves, BP 104",,Education; Artisanat; Assistance Sociale,Artibonite,Artibonite,,,noms reconnus dans le texte libre des zones déclarées,Haïtienne,Haïtienne,"# 68, 20/9/84",SRC-027,"MPCE/UCAONG — registre des ONG, mpce.gouv.ht, capturé le 14/08/2026",2026-08-14,O,B,v1.2026.08
ONG enregistrées (registre légal),Mission des Eglises Baptistes Indépendantes,MEBI,A-0045,,"BP.13338, Delmas",,Education; Santé,Education; Santé,,,,zones déclarées non reconnues,Haïtienne,Haïtienne,"# 68, 26/9/85",SRC-027,"MPCE/UCAONG — registre des ONG, mpce.gouv.ht, capturé le 14/08/2026",2026-08-14,O,B,v1.2026.08
ONG enregistrées (registre légal),Mission des Eglises Evangéliques Baptistes Associées,MEEBA,A-0080,2-Apr-86,"28, 2ème Rue Jeune , Delmas 19, BP.2177, P-au-P",,Education; Santé; Assistance Sociale,Education; Santé; Assistance Sociale,,,,zones déclarées non reconnues,Haïtienne,Haïtienne,# 49 - 19/6/86,SRC-027,"MPCE/UCAONG — registre des ONG, mpce.gouv.ht, capturé le 14/08/2026",2026-08-14,O,B,v1.2026.08
ONG enregistrées (registre légal),"Mission Eglise Baptiste de la Grace Internationale d&#039;Haiti / Grace Mission Baptist International,Inc",GMBCI,B-0531,30-Jun-11,"50,Imp Norgues,Christ Roi",gmbciinternational@yahoo.com,Agriculture / Elevage,"Cabral-Savanette, 1ere Section",,Savanette,HT0633,noms reconnus dans le texte libre des zones déclarées,Dominique,Dominique,,SRC-027,"MPCE/UCAONG — registre des ONG, mpce.gouv.ht, capturé le 14/08/2026",2026-08-14,O,B,v1.2026.08
ONG enregistrées (registre légal),Mission Eglise Chretienne De La Nouvelle Vie d&#039;Haiti,MECNOUVIH,B-0678,,,,,,,,,aucune zone déclarée au registre,,,,SRC-027,"MPCE/UCAONG — registre des ONG, mpce.gouv.ht, capturé le 14/08/2026",2026-08-14,O,B,v1.2026.08
ONG enregistrées (registre légal),Mission Evangélique Baptiste du Sud d\&#039;Haïti,MEBSH,A-0115,29-Sep-87,"71,Cayes, BP.1050, P-au-P",,Education; Santé; Assistance Sociale,Sud,Sud,,,noms reconnus dans le texte libre des zones déclarées,Haïtienne,Haïtienne,# 10 - 01/2/88,SRC-027,"MPCE/UCAONG — registre des ONG, mpce.gouv.ht, capturé le 14/08/2026",2026-08-14,O,B,v1.2026.08
ONG enregistrées (registre légal),Mission Evangélique de la Trinité et de la Nouvelle Vie,METNV,A-0062,18-Jun-85,"Cité Drouillard, rue Vulgain # 85, BP.93, P-au-Pèè",,Education; Santé; Assistance Sociale,Artibonite,Artibonite,,,noms reconnus dans le texte libre des zones déclarées,Haïtienne,Haïtienne,# 64 - 12/9/85,SRC-027,"MPCE/UCAONG — registre des ONG, mpce.gouv.ht, capturé le 14/08/2026",2026-08-14,O,B,v1.2026.08
ONG enregistrées (registre légal),Mission Evangélique du Nord d\&#039;Haïti,MENH,B-0178,,"Plaine du Nord, Cap-Haïtien",,Education; Agriculture,Nord,Nord,,,noms reconnus dans le texte libre des zones déclarées,Haïtienne,Haïtienne,,SRC-027,"MPCE/UCAONG — registre des ONG, mpce.gouv.ht, capturé le 14/08/2026",2026-08-14,O,B,v1.2026.08
ONG enregistrées (registre légal),Mission Evangélique Melchissedeck,MEM,B-0187,,Liancourt (Artibonite),,Agriculture,Artibonite (Liancourt),Artibonite,,,noms reconnus dans le texte libre des zones déclarées,Haïtienne,Haïtienne,,SRC-027,"MPCE/UCAONG — registre des ONG, mpce.gouv.ht, capturé le 14/08/2026",2026-08-14,O,B,v1.2026.08
ONG enregistrées (registre légal),Mission Frères Unis Non Chrismatiques,MFUNC,A-0095,20-Feb-87,"Ave. Roosvelt # 199, BP. 2371, P-au-P",,Education; Santé; Développement Communautaire,Education; Santé; Développement Communautaire,,,,zones déclarées non reconnues,Haïtienne,Haïtienne,# 43 - 25/5/87,SRC-027,"MPCE/UCAONG — registre des ONG, mpce.gouv.ht, capturé le 14/08/2026",2026-08-14,O,B,v1.2026.08
ONG enregistrées (registre légal),"Mission Lazarus, Inc",ML,B-0625,1-Feb-17,"#14bis,rue lavenge, delmas19",,"sante, education,assitance sociale",Commune cite soleil,,Cité Soleil,HT0117,noms reconnus dans le texte libre des zones déclarées,Américaine,americaine,,SRC-027,"MPCE/UCAONG — registre des ONG, mpce.gouv.ht, capturé le 14/08/2026",2026-08-14,O,B,v1.2026.08
ONG enregistrées (registre légal),Mission Mennonite en Haïti,MMH,A-0041,21-Aug-84,"Rue Milforte, Carrefour Marin",,Education; Santé; Agriculture,Education; Santé; Agriculture,,,,zones déclarées non reconnues,Américaine,Américaine,#26 - 8/4/85,SRC-027,"MPCE/UCAONG — registre des ONG, mpce.gouv.ht, capturé le 14/08/2026",2026-08-14,O,B,v1.2026.08
ONG enregistrées (registre légal),Mission Par La Foi,MPLF,B-0259,6-Jun-97,"9, Rue Verly, Delmas 31",,Agriculture; Santé; Education; Assistance Sociale,Grand&#039;Anse,,,,zones déclarées non reconnues,Haïtienne,Haïtienne,,SRC-027,"MPCE/UCAONG — registre des ONG, mpce.gouv.ht, capturé le 14/08/2026",2026-08-14,O,B,v1.2026.08
ONG enregistrées (registre légal),Mission Possible,MP,A-0056,21-Jan-85,"62, Ave. Christophe, Apt 1, BP.1203, P-au-P",,Education; Santé,Education; Santé,,,,zones déclarées non reconnues,Américaine,Américaine,# 6 - 21/01/85,SRC-027,"MPCE/UCAONG — registre des ONG, mpce.gouv.ht, capturé le 14/08/2026",2026-08-14,O,B,v1.2026.08
ONG enregistrées (registre légal),Mission Pour Christ Inc.,"MPC,INC",A-0021,8-Feb-84,BP.1541,,Education; Santé; Assistance Sociale,Education; Santé; Assistance Sociale,,,,zones déclarées non reconnues,Haïtienne,Haïtienne,"# 37, 28/5/84",SRC-027,"MPCE/UCAONG — registre des ONG, mpce.gouv.ht, capturé le 14/08/2026",2026-08-14,O,B,v1.2026.08
ONG enregistrées (registre légal),Mission Vie et Paix,MVP,B-0380,16-Nov-05,"10, Rue Cassagnol, La Source, Jérémie",,Education; Santé; Agriculture,"Commune Roseaux, Grand&#039;Anse",,Roseaux,HT0832,noms reconnus dans le texte libre des zones déclarées,Haïtienne,Haïtienne,,SRC-027,"MPCE/UCAONG — registre des ONG, mpce.gouv.ht, capturé le 14/08/2026",2026-08-14,O,B,v1.2026.08
ONG enregistrées (registre légal),Missions d\&#039;Eau Haiti / Water Missions Haiti,MEH / WMH,B-0549,,"3,Blvd Martin 17,La Plaine",haiti@watermissions.org,Eau Potable Assainissement,Nord\&#039;Est Nord\&#039;Ouest Artibonite Centre Sud,Ouest ; Nord ; Artibonite ; Centre ; Sud,,,noms reconnus dans le texte libre des zones déclarées,Haïtienne,Haïtienne,,SRC-027,"MPCE/UCAONG — registre des ONG, mpce.gouv.ht, capturé le 14/08/2026",2026-08-14,O,B,v1.2026.08
ONG enregistrées (registre légal),Mobilisation Fraternelle pour le Développement,MFD-HAITI,B-0582,,"50, rue saint-Louis Jeanty, RF",mfdhaiti@hotmail.com,eau-assainissement,Petion ville,,Pétion-Ville,HT0114,noms reconnus dans le texte libre des zones déclarées,Haïtienne,HAITIENNE,,SRC-027,"MPCE/UCAONG — registre des ONG, mpce.gouv.ht, capturé le 14/08/2026",2026-08-14,O,B,v1.2026.08
ONG enregistrées (registre légal),Mouvement d&#039;appui au Développement de l&#039;homme,MADELH,B-0288,19-Mar-02,"St. Louis du Nord BP. 11200, Carrefour",,Assistance Sociale,St. Louis du Nord,Nord,,,noms reconnus dans le texte libre des zones déclarées,Haïtienne,Haïtienne,,SRC-027,"MPCE/UCAONG — registre des ONG, mpce.gouv.ht, capturé le 14/08/2026",2026-08-14,O,B,v1.2026.08
ONG enregistrées (registre légal),Mouvement Integration pour la Promotion Sociale,MIPROS,B-0498,8-Feb-11,"7,Santo 14 A4,Croix-des-Bouquets",,Aide au Devt Ass. Humanitaire,Croix-des-Bouquets,,Croix-Des-Bouquets,HT0131,noms reconnus dans le texte libre des zones déclarées,Haïtienne,Haïtienne,,SRC-027,"MPCE/UCAONG — registre des ONG, mpce.gouv.ht, capturé le 14/08/2026",2026-08-14,O,B,v1.2026.08
ONG enregistrées (registre légal),Mouvement pour la Lutte contre la Faim dans le Monde / Movimiento Per la Lotta contro la Fame del Mundo,MLFM,B-0508,31-Mar-11,"46,rue Toussaint Louverture,Les Cayes",info@mlfm.it,Eau et Assainissement,Cayes-Torbeck,,Torbeck,HT0712,noms reconnus dans le texte libre des zones déclarées,Italienne,Italienne,,SRC-027,"MPCE/UCAONG — registre des ONG, mpce.gouv.ht, capturé le 14/08/2026",2026-08-14,O,B,v1.2026.08
ONG enregistrées (registre légal),Mouvement Social des Jeunes d&#039;Haïti,MSJH,B-0200,20-Nov-95,"Rue des Miracles # 53, 3ème. étage, P-au-P, Haïti",,Education,Bas Morne l&#039;Hôpital,,,,zones déclarées non reconnues,Haïtienne,Haïtienne,,SRC-027,"MPCE/UCAONG — registre des ONG, mpce.gouv.ht, capturé le 14/08/2026",2026-08-14,O,B,v1.2026.08
ONG enregistrées (registre légal),Mouvman Organizasyon Zanmy Lakay,MOZAL,B-0351,15-Apr-04,"82, La Fleur du Chêne (à l&#039;étage)",,Santé,Jérémie,,Jérémie,HT0811,noms reconnus dans le texte libre des zones déclarées,Haïtienne,Haïtienne,,SRC-027,"MPCE/UCAONG — registre des ONG, mpce.gouv.ht, capturé le 14/08/2026",2026-08-14,O,B,v1.2026.08
ONG enregistrées (registre légal),Movimiento Por La Paz El Desarme Y La Libertad,MPDL,B-0218,22-Jan-96,"22, Rue Jean Baptiste, Canapé-Vert",,Education,Les Cayes,,Les Cayes,HT0711,noms reconnus dans le texte libre des zones déclarées,Espagnole,Espagnole,,SRC-027,"MPCE/UCAONG — registre des ONG, mpce.gouv.ht, capturé le 14/08/2026",2026-08-14,O,B,v1.2026.08
ONG enregistrées (registre légal),Movimondo,MOVIMONDO,B-0364,17-Nov-04,"34, Rue Debussy, Turgeau",,Agriculture,Commune de Carrefour (l&#039;Ouest),Ouest,Carrefour,HT0113,noms reconnus dans le texte libre des zones déclarées,Italienne,Italienne,,SRC-027,"MPCE/UCAONG — registre des ONG, mpce.gouv.ht, capturé le 14/08/2026",2026-08-14,O,B,v1.2026.08
ONG enregistrées (registre légal),National Democratic Institute for International Affairs,NDI,B-0421,13-Jul-07,"1, Rue Sérin, Delmas 71, Complexe Lafayette, 2 eme étage #5",,Assistance Technique,Ouest Nippes Nord-Ouest Artibonite Centre,Ouest ; Nord ; Nord-Ouest ; Artibonite ; Centre ; Nippes,,,noms reconnus dans le texte libre des zones déclarées,Américaine,Américaine,,SRC-027,"MPCE/UCAONG — registre des ONG, mpce.gouv.ht, capturé le 14/08/2026",2026-08-14,O,B,v1.2026.08
ONG enregistrées (registre légal),New England And World Missions,NEW MISSIONS,A-0121,,"Léogane, Blrey Bord de Mer, BP.11107",,Education; Nutrition; Formation Prof.,Ouest,Ouest,,,noms reconnus dans le texte libre des zones déclarées,Britannique,Anglaise,# 20 - 9/3/89,SRC-027,"MPCE/UCAONG — registre des ONG, mpce.gouv.ht, capturé le 14/08/2026",2026-08-14,O,B,v1.2026.08
ONG enregistrées (registre légal),"New Jerusalem Orphanage Center, Inc",NJOC,B-0517,10-May-11,"52,rue Guerrier, Saint Michel de l&#039;Attalaye",,Education,Saint-Michel de l&#039;Attalaye,,,,zones déclarées non reconnues,Américaine,Americaine,,SRC-027,"MPCE/UCAONG — registre des ONG, mpce.gouv.ht, capturé le 14/08/2026",2026-08-14,O,B,v1.2026.08
ONG enregistrées (registre légal),North West Center for Community Development,NWCD,B-0426,10-Oct-07,"13, Grand-Rue, Lapointe des Palmistes, Port-de-paix",,. Assistance Sociale,"Nord-Ouest et Lapointe des Palmistes, La Tortue",Ouest ; Nord ; Nord-Ouest,La Tortue,HT0912,noms reconnus dans le texte libre des zones déclarées,Américaine,Américaine,,SRC-027,"MPCE/UCAONG — registre des ONG, mpce.gouv.ht, capturé le 14/08/2026",2026-08-14,O,B,v1.2026.08
ONG enregistrées (registre légal),North West Haïti Christian Mission,NWHCM,B-0333,21-Aug-03,"7, Hôpital St-Louis du Nord",,Education; Nutrition,Nord-Ouest,Ouest ; Nord ; Nord-Ouest,,,noms reconnus dans le texte libre des zones déclarées,Américaine,Américaine,,SRC-027,"MPCE/UCAONG — registre des ONG, mpce.gouv.ht, capturé le 14/08/2026",2026-08-14,O,B,v1.2026.08
ONG enregistrées (registre légal),Nouvelle Aurore,NAU,B-0276,5-Jun-01,"79, Rue Rebecca Pétion-Ville",,. Assistance Sociale,Ouest: Delmas Gressier Croix-des-Bouquets,Ouest,Croix-Des-Bouquets ; Delmas ; Gressier,HT0112 ; HT0116 ; HT0131,noms reconnus dans le texte libre des zones déclarées,Haïtienne,Haïtienne,,SRC-027,"MPCE/UCAONG — registre des ONG, mpce.gouv.ht, capturé le 14/08/2026",2026-08-14,O,B,v1.2026.08
ONG enregistrées (registre légal),Nouvelle Vision des Soins de Sante,NOVISSA,B-0510,31-Mar-11,"35,rue Cadet Jeremie, P-au-Pce",,Sante Aide au Devt,Port-au-Prince,,Port-au-Prince,HT0111,noms reconnus dans le texte libre des zones déclarées,Haïtienne,Haïtienne,,SRC-027,"MPCE/UCAONG — registre des ONG, mpce.gouv.ht, capturé le 14/08/2026",2026-08-14,O,B,v1.2026.08
ONG enregistrées (registre légal),Nova Hope For Haïti,NHH,B-0410,4-Jan-07,"310, Bourdon, Port-au-Prince",,Santé,Cavaillon,,Cavaillon,HT0733,noms reconnus dans le texte libre des zones déclarées,Américaine,Américaine,,SRC-027,"MPCE/UCAONG — registre des ONG, mpce.gouv.ht, capturé le 14/08/2026",2026-08-14,O,B,v1.2026.08
ONG enregistrées (registre légal),Oeuvre Baptiste et Agence de Developpement,OBADEV,A-0130,17-Nov-88,"Rue 13 M et N, Cap-Haïtien",,Agriculture; Education; Assistance Sociale,Nord,Nord,,,noms reconnus dans le texte libre des zones déclarées,Haïtienne,Haïtienne,,SRC-027,"MPCE/UCAONG — registre des ONG, mpce.gouv.ht, capturé le 14/08/2026",2026-08-14,O,B,v1.2026.08
ONG enregistrées (registre légal),Oeuvre de Bienfaisance de Carrefour et de Gressier,OBCG,B-0155,1-Jul-93,"16, route de Rivière Froide, Carrefour",,Santé,Ouest,Ouest,,,noms reconnus dans le texte libre des zones déclarées,Haïtienne,Haïtienne,,SRC-027,"MPCE/UCAONG — registre des ONG, mpce.gouv.ht, capturé le 14/08/2026",2026-08-14,O,B,v1.2026.08
ONG enregistrées (registre légal),Oeuvres Evangéliques C. Celeste,OECC,A-0106,27-Apr-87,"23ème section Morne à Chandèle, habitation ka Louissaint",,Agriculture; Education; Santé,Agriculture; Education; Santé,,,,zones déclarées non reconnues,Haïtienne,Haïtienne,# 35 - 27/4/87,SRC-027,"MPCE/UCAONG — registre des ONG, mpce.gouv.ht, capturé le 14/08/2026",2026-08-14,O,B,v1.2026.08
ONG enregistrées (registre légal),Office de Concertation pour le Développement,OCODE,B-0205,20-Nov-95,"# 82 Imp. Providence, Rue Laurier, Delmas 48.",,Information des Masses,Ouest,Ouest,,,noms reconnus dans le texte libre des zones déclarées,Haïtienne,Haïtienne,,SRC-027,"MPCE/UCAONG — registre des ONG, mpce.gouv.ht, capturé le 14/08/2026",2026-08-14,O,B,v1.2026.08
ONG enregistrées (registre légal),One Vision International,OVI,B-0467,7-Sep-09,"1,Entrée Kaliko Beach,Rte Ntle#1,Km 61",infohaiti@onevisionintl.org,Ass Humanitaire,Ouest,Ouest,,,noms reconnus dans le texte libre des zones déclarées,Haïtienne,Haïtienne,"#6,21/1/2010",SRC-027,"MPCE/UCAONG — registre des ONG, mpce.gouv.ht, capturé le 14/08/2026",2026-08-14,O,B,v1.2026.08
ONG enregistrées (registre légal),"Open Door International Ministries,Inc",ODIM,B-0518,,"2,rue Vaval,Martissant 7,Manigat",myodim@yahoo.com,Assistance Sociale Sante,Ouest,Ouest,,,noms reconnus dans le texte libre des zones déclarées,Américaine,Americaine,,SRC-027,"MPCE/UCAONG — registre des ONG, mpce.gouv.ht, capturé le 14/08/2026",2026-08-14,O,B,v1.2026.08
ONG enregistrées (registre légal),Operation Blessing Haiti,OBH,B-0595,3-Feb-16,"6, RUELLE Tamarin, Tabarre 43",,Agriculture Sante,"Lac Azuei, Peligre, Miragôane",,Miragoâne,HT1011,noms reconnus dans le texte libre des zones déclarées,,,,SRC-027,"MPCE/UCAONG — registre des ONG, mpce.gouv.ht, capturé le 14/08/2026",2026-08-14,O,B,v1.2026.08
ONG enregistrées (registre légal),Operation Double Harvest,ODH,A-0010,17-Nov-83,"Route Nationale # 1 Cazeau, BP.1268, P-au-P",,Agriculture,Ouest,Ouest,,,noms reconnus dans le texte libre des zones déclarées,Américaine,Américaine,# 91 - 29/12/83,SRC-027,"MPCE/UCAONG — registre des ONG, mpce.gouv.ht, capturé le 14/08/2026",2026-08-14,O,B,v1.2026.08
ONG enregistrées (registre légal),Opération Hope for Children of Haïti,OHCH,B-0404,25-Sep-06,"110, Rte Ntle 2, Morne à Bateau, Gressier",,Alphabétisation; Santé; Planing Familial; Hébergement; Environnement,Morne à Bateau Carrefour Grandes Salines,,Carrefour ; Dessalines,HT0113 ; HT0541,noms reconnus dans le texte libre des zones déclarées,Américaine,Américaine,,SRC-027,"MPCE/UCAONG — registre des ONG, mpce.gouv.ht, capturé le 14/08/2026",2026-08-14,O,B,v1.2026.08
ONG enregistrées (registre légal),Operations Sodec,OS,A-0082,9-Apr-86,"140, Ave. Martin Luther King, BP.1545, P-au-P sodechopital@hotmail.com www.sodecinternational.com",,Santé; Education; Assistance Sociale,Ouest Sud-Est,Ouest ; Sud ; Sud-Est,,,noms reconnus dans le texte libre des zones déclarées,Haïtienne,Haïtienne,# 48 - 16/6/86,SRC-027,"MPCE/UCAONG — registre des ONG, mpce.gouv.ht, capturé le 14/08/2026",2026-08-14,O,B,v1.2026.08
ONG enregistrées (registre légal),Organisation Agricole de Développement pour la Production des Paysans Haïtiens,OADEPROPAH,B-0210,29-Nov-95,"Delmas 19, 1ère rue Jeune # 65 bis",,Agriculture,Gros-Morne,,Gros Morne,HT0521,noms reconnus dans le texte libre des zones déclarées,Haïtienne,Haïtienne,,SRC-027,"MPCE/UCAONG — registre des ONG, mpce.gouv.ht, capturé le 14/08/2026",2026-08-14,O,B,v1.2026.08
ONG enregistrées (registre légal),Organisation Canadienne pour le Developpement et la Paix / Canadian Organization for Developpement and Peace,OCCDP,B-0556,14-Nov-11,"31, Rue Rebecca Petion-Ville",info@devp.org,Agriculture,Duval/Lespinasse/Donte/Grande Savane,,,,zones déclarées non reconnues,Canadienne,Canadienne,,SRC-027,"MPCE/UCAONG — registre des ONG, mpce.gouv.ht, capturé le 14/08/2026",2026-08-14,O,B,v1.2026.08
ONG enregistrées (registre légal),Organisation Chrétienne Le Bon Sauveur,OCBS,B-0237,10-Apr-96,"168, Rue Monseigneur Guilloux",,Assistances Sociales,Artibonite (Commune de Dessalines),Artibonite,Dessalines,HT0541,noms reconnus dans le texte libre des zones déclarées,Haïtienne,Haïtienne,,SRC-027,"MPCE/UCAONG — registre des ONG, mpce.gouv.ht, capturé le 14/08/2026",2026-08-14,O,B,v1.2026.08
ONG enregistrées (registre légal),Organisation Chrétienne pour le Développement Social,OCDS,B-0194,18-Aug-95,"1, Rue St. Lot, Imp. Puceron, Delmas 18",,Santé; Agriculture; Education,Haïti,,,,zones déclarées non reconnues,Haïtienne,Haïtienne,,SRC-027,"MPCE/UCAONG — registre des ONG, mpce.gouv.ht, capturé le 14/08/2026",2026-08-14,O,B,v1.2026.08
ONG enregistrées (registre légal),Organisation de Développement de Meyer,ODM,B-0160,8-Aug-93,"Meyer, Grand-Goave ou 17 Ave. Magny, P-au-P",,Education; Santé; Développement Communautaire; Agriculture,Meyer,,,,zones déclarées non reconnues,Haïtienne,Haïtienne,,SRC-027,"MPCE/UCAONG — registre des ONG, mpce.gouv.ht, capturé le 14/08/2026",2026-08-14,O,B,v1.2026.08
ONG enregistrées (registre légal),Organisation de Développement et d&#039;Education Evangélique,ODEE,B-0161,13-Aug-93,,,,,,,,aucune zone déclarée au registre,Haïtienne,Haïtienne,,SRC-027,"MPCE/UCAONG — registre des ONG, mpce.gouv.ht, capturé le 14/08/2026",2026-08-14,O,B,v1.2026.08
ONG enregistrées (registre légal),Organisation de Développement et de Lutte contre la Pauvreté,ODELPA,B-0598,,"77, blv 15 octobre, tabarre 51",odelpa2007@yahoo.fr,assistance sociale,tabarre,,Tabarre,HT0118,noms reconnus dans le texte libre des zones déclarées,Haïtienne,Haitienne,,SRC-027,"MPCE/UCAONG — registre des ONG, mpce.gouv.ht, capturé le 14/08/2026",2026-08-14,O,B,v1.2026.08
ONG enregistrées (registre légal),Organisation de l\&#039;Union Haïtienne,OUH,B-0464,13-Nov-02,,,,,,,,aucune zone déclarée au registre,Haïtienne,Haïtienne,,SRC-027,"MPCE/UCAONG — registre des ONG, mpce.gouv.ht, capturé le 14/08/2026",2026-08-14,O,B,v1.2026.08
ONG enregistrées (registre légal),Organisation de la Mission Evanagélique Salem,OMES,B-0172,10-Apr-95,"58, Thor 65, Carrefour",,Santé; Agriculture; Education,Léogane,,Léogâne,HT0121,noms reconnus dans le texte libre des zones déclarées,Haïtienne,Haïtienne,,SRC-027,"MPCE/UCAONG — registre des ONG, mpce.gouv.ht, capturé le 14/08/2026",2026-08-14,O,B,v1.2026.08
ONG enregistrées (registre légal),Organisation de Projets Humanitaires pour Haïti,OPHH,B-0152,15-Jun-93,"23, rue Marcelin, P-au-P",,Education; Santé; Développement Communautaire,Education; Santé; Développement Communautaire,,,,zones déclarées non reconnues,Haïtienne,Haïtienne,,SRC-027,"MPCE/UCAONG — registre des ONG, mpce.gouv.ht, capturé le 14/08/2026",2026-08-14,O,B,v1.2026.08
ONG enregistrées (registre légal),Organisation Des Visionnaires Devoues Pour Un Developpement De Haute Modernisation,OVDDHMO,B-0675,,,,,,,,,aucune zone déclarée au registre,,,,SRC-027,"MPCE/UCAONG — registre des ONG, mpce.gouv.ht, capturé le 14/08/2026",2026-08-14,O,B,v1.2026.08
ONG enregistrées (registre légal),Organisation Espoir Continu pour Haiti,OECH,B-0538,3-Aug-11,"6, Bigot 8eme Section des orangers,Bainet",,Education Sante Environnement,Bainet Arniquet Miragoane,,Arniquet ; Bainet ; Miragoâne,HT0221 ; HT0723 ; HT1011,noms reconnus dans le texte libre des zones déclarées,Haïtienne,Haïtienne,,SRC-027,"MPCE/UCAONG — registre des ONG, mpce.gouv.ht, capturé le 14/08/2026",2026-08-14,O,B,v1.2026.08
ONG enregistrées (registre légal),Organisation Haïtienne pour la Réhabilitation des Handicapés,OHRHA,B-0265,17-May-99,"1, Santo 9, Croix-des-Bouquets, Rte Ntle 3",,Assistance Sociale,Ouest Croix-des-Bouquets,Ouest,Croix-Des-Bouquets,HT0131,noms reconnus dans le texte libre des zones déclarées,Haïtienne,Haïtienne,,SRC-027,"MPCE/UCAONG — registre des ONG, mpce.gouv.ht, capturé le 14/08/2026",2026-08-14,O,B,v1.2026.08
ONG enregistrées (registre légal),Organisation Holiness pour le Développement Spirituel et Social,OHPODES,B-0375,5-Jul-05,"42, Rue Rémy, Delmas 32",,Assistance Sociale,"Ouest (P-a-P, Tabarre, Delmas) Centre(Hinche, Caracole) Sud-Est (Jacmel, Vallée de Jacmel)",Ouest ; Centre ; Sud ; Sud-Est,Caracol ; Delmas ; Hinche ; Jacmel ; Tabarre,HT0112 ; HT0118 ; HT0211 ; HT0434 ; HT0611,noms reconnus dans le texte libre des zones déclarées,Haïtienne,Haïtienne,,SRC-027,"MPCE/UCAONG — registre des ONG, mpce.gouv.ht, capturé le 14/08/2026",2026-08-14,O,B,v1.2026.08
ONG enregistrées (registre légal),Organisation Le Bon Samaritain,OBS,B-0456,17-Jan-11,"14,Charrier ruelle La Fonda,Rte Nationale#1,Cap-Haitien,Haiti",,Ass Humanitaire,Limbe,,Limbé,HT0361,noms reconnus dans le texte libre des zones déclarées,Haïtienne,Haïtienne,,SRC-027,"MPCE/UCAONG — registre des ONG, mpce.gouv.ht, capturé le 14/08/2026",2026-08-14,O,B,v1.2026.08
ONG enregistrées (registre légal),Organisation Nationale de Développement Economique et Social,ONDES,A-0142,9-May-89,"9, Rue Légitime (Edifice SONAPI), P-au-P",,Santé; Education; Assistance Sociale,Santé; Education; Assistance Sociale,,,,zones déclarées non reconnues,Haïtienne,Haïtienne,# 36 - 11/5/89,SRC-027,"MPCE/UCAONG — registre des ONG, mpce.gouv.ht, capturé le 14/08/2026",2026-08-14,O,B,v1.2026.08
ONG enregistrées (registre légal),Organisation Nationale pour l&#039;Alphabétisation et la Formation Professionnelle des Adultes,ONAFPA,B-0180,7-Jun-95,"10, Ruelle Dérival, Carrefour Marin",,,,,,,aucune zone déclarée au registre,Haïtienne,Haïtienne,,SRC-027,"MPCE/UCAONG — registre des ONG, mpce.gouv.ht, capturé le 14/08/2026",2026-08-14,O,B,v1.2026.08
ONG enregistrées (registre légal),"Organisation Nationale pour la Promotion des Haitiens / National Organization for the Advancement of Haitian,Inc.",NOAH,B-0515,28-Apr-11,"19, Santos 14,Croix-des-Bouquets",,Eau et Assainissement,Kenscoff,,Kenscoff,HT0115,noms reconnus dans le texte libre des zones déclarées,Américaine,Americaine,,SRC-027,"MPCE/UCAONG — registre des ONG, mpce.gouv.ht, capturé le 14/08/2026",2026-08-14,O,B,v1.2026.08
ONG enregistrées (registre légal),Organisation Phare de West Indies,OPWI,B-0427,16-Oct-07,"6, Impasse L&#039;Espérance, Pèlerin 5",,Assistance Sociale,Delmas 12 à Delmas 48,,Delmas,HT0112,noms reconnus dans le texte libre des zones déclarées,Haïtienne,Haïtienne,,SRC-027,"MPCE/UCAONG — registre des ONG, mpce.gouv.ht, capturé le 14/08/2026",2026-08-14,O,B,v1.2026.08
ONG enregistrées (registre légal),Organisation Pour la Réhabilitation de l&#039;Environnement,ORE,A-0144,16-Jun-89,"BP.2314, P-au-P",,Agriculture,Agriculture,,,,zones déclarées non reconnues,Haïtienne,Haïtienne,,SRC-027,"MPCE/UCAONG — registre des ONG, mpce.gouv.ht, capturé le 14/08/2026",2026-08-14,O,B,v1.2026.08
ONG enregistrées (registre légal),Organisation pour le Développement de la Commune de Mirebalais,ODECOM,B-0416,7-May-07,"Mirebalais, Local Cantavilla, Haut du Bourg",,Education(Médico-Social); Santé,Mirebalais Saut d\&#039;Eau Boucan Carré Grand Boucan Crête Brulée Gascogne Sarazin,,Boucan Carré ; Grand-Boucan ; Mirebalais,HT0621 ; HT0623 ; HT1032,noms reconnus dans le texte libre des zones déclarées,Haïtienne,Haïtienne,,SRC-027,"MPCE/UCAONG — registre des ONG, mpce.gouv.ht, capturé le 14/08/2026",2026-08-14,O,B,v1.2026.08
ONG enregistrées (registre légal),Organisation pour le Développement des Paysans Haïtiens,ODEPAH,B-0330,23-Jul-03,"8, Rue Durandis, Faustin 1er, Delmas 75",,Santé Primaire; Education au Développement Rural,Ouest Artibonite Grand&#039;Anse,Ouest ; Artibonite,,,noms reconnus dans le texte libre des zones déclarées,Haïtienne,Haïtienne,,SRC-027,"MPCE/UCAONG — registre des ONG, mpce.gouv.ht, capturé le 14/08/2026",2026-08-14,O,B,v1.2026.08
ONG enregistrées (registre légal),Organisation pour le Développement National et l&#039;Evangélisation,ODNE,B-0175,10-Apr-96,"Carrefour, Ruelle Sapotille",,Santé; Agriculture; Education,Nord,Nord,,,noms reconnus dans le texte libre des zones déclarées,Haïtienne,Haïtienne,,SRC-027,"MPCE/UCAONG — registre des ONG, mpce.gouv.ht, capturé le 14/08/2026",2026-08-14,O,B,v1.2026.08
ONG enregistrées (registre légal),Organisation pour le Developpement Social Integre,ODSI,B-0526,9-Jun-11,"524, Delmas 66 A&amp;B",,Assitance sociale,Delmas,,Delmas,HT0112,noms reconnus dans le texte libre des zones déclarées,Haïtienne,Haïtienne,,SRC-027,"MPCE/UCAONG — registre des ONG, mpce.gouv.ht, capturé le 14/08/2026",2026-08-14,O,B,v1.2026.08
ONG enregistrées (registre légal),Organisation pour le Développement Socio-Economique d&#039;Haïti,ODESEH,B-0367,13-Dec-04,,,Assistance Sociale,"Delmas, Pétion-Ville, Carrefour, Croix des Bouquets, Port-au-Prince",,Carrefour ; Croix-Des-Bouquets ; Delmas ; Port-au-Prince ; Pétion-Ville,HT0111 ; HT0112 ; HT0113 ; HT0114 ; HT0131,noms reconnus dans le texte libre des zones déclarées,Haïtienne,Haïtienne,,SRC-027,"MPCE/UCAONG — registre des ONG, mpce.gouv.ht, capturé le 14/08/2026",2026-08-14,O,B,v1.2026.08
ONG enregistrées (registre légal),Organisation pour le Renforcement de l&#039;Education et de l&#039;Instruction,OREI,B-0392,3-Mar-06,"1, Delmas 71, Complexe Lafayette B.P 15094, Delmas, Haïti www.orei.org / admin@orei.org",,Education,"Région Métropolitaine, Kenskoff, Croix-des-Bouquets, Pétion-Ville, Tabarre",,Croix-Des-Bouquets ; Pétion-Ville ; Tabarre,HT0114 ; HT0118 ; HT0131,noms reconnus dans le texte libre des zones déclarées,Haïtienne,Haïtienne,,SRC-027,"MPCE/UCAONG — registre des ONG, mpce.gouv.ht, capturé le 14/08/2026",2026-08-14,O,B,v1.2026.08
ONG enregistrées (registre légal),Organisation Rome Haïti,ORH,B-0300,29-Jul-02,"56, Blvd. 15 Octobre, Tabarre",,Santé,Delmas,,Delmas,HT0112,noms reconnus dans le texte libre des zones déclarées,Haïtienne,Haïtienne,,SRC-027,"MPCE/UCAONG — registre des ONG, mpce.gouv.ht, capturé le 14/08/2026",2026-08-14,O,B,v1.2026.08
ONG enregistrées (registre légal),Organisation Sové Lavi,OSL,B-0361,13-Oct-04,"94, Rte Nle # 1, Pond Sondé",,Santé,Pond Sondé (St. Marc),,,,zones déclarées non reconnues,Haïtienne,Haïtienne,,SRC-027,"MPCE/UCAONG — registre des ONG, mpce.gouv.ht, capturé le 14/08/2026",2026-08-14,O,B,v1.2026.08
ONG enregistrées (registre légal),Organisation Technique de la Sagesse / Wistech Organisation,OTS / WTO,B-0532,30-Jun-11,"74,Rue Lambert,Petion-Ville",wb@wistechinc.com,Education / Formation professionnelle,Petion-Ville,,Pétion-Ville,HT0114,noms reconnus dans le texte libre des zones déclarées,Haïtienne,Haïtienne,,SRC-027,"MPCE/UCAONG — registre des ONG, mpce.gouv.ht, capturé le 14/08/2026",2026-08-14,O,B,v1.2026.08
ONG enregistrées (registre légal),Organizasyon Men Kontre,OMEK,B-0232,8-Apr-96,"Rue gardienne , Petit Trou de Nippes",,Assistances Sociales,Petit Trou de Nippes,Nippes,Petit Trou de Nippes,HT1022,noms reconnus dans le texte libre des zones déclarées,Haïtienne,Haïtienne,,SRC-027,"MPCE/UCAONG — registre des ONG, mpce.gouv.ht, capturé le 14/08/2026",2026-08-14,O,B,v1.2026.08
ONG enregistrées (registre légal),Overseas Education Fund International,OEFI,A-0089,19-Jun-86,"Edifice Sonapi, P-au-P",,Education; Santé; Nutrition; Crédit,Education; Santé; Nutrition; Crédit,,,,zones déclarées non reconnues,Américaine,Américaine,# 82-A - 9/10/86,SRC-027,"MPCE/UCAONG — registre des ONG, mpce.gouv.ht, capturé le 14/08/2026",2026-08-14,O,B,v1.2026.08
ONG enregistrées (registre légal),Oxfam America,OA,B-0574,7-Sep-12,,,,,,,,aucune zone déclarée au registre,,,,SRC-027,"MPCE/UCAONG — registre des ONG, mpce.gouv.ht, capturé le 14/08/2026",2026-08-14,O,B,v1.2026.08
ONG enregistrées (registre légal),Oxfam Grande Bretagne,OXFAM GB,B-0253,,,,,,,,,aucune zone déclarée au registre,Britanique,Britanique,,SRC-027,"MPCE/UCAONG — registre des ONG, mpce.gouv.ht, capturé le 14/08/2026",2026-08-14,O,B,v1.2026.08
ONG enregistrées (registre légal),Oxfam Italia,OI,B-0560,12-Dec-11,"Rue Brefet, Les Cayes",sabali.meschi@oxfamitalia.org,Agriculture,Sud Sud\&#039;Est,Sud,,,noms reconnus dans le texte libre des zones déclarées,,,,SRC-027,"MPCE/UCAONG — registre des ONG, mpce.gouv.ht, capturé le 14/08/2026",2026-08-14,O,B,v1.2026.08
ONG enregistrées (registre légal),Oxfam Québec,OQ,B-0189,,"44, Champlois Bananier, Camp Perrin, Haiti",mathieup@oxfam.qc.ca,Assistance Technique et Humanitaire,Haïti,,,,zones déclarées non reconnues,Québéquoise,Québéquoise,,SRC-027,"MPCE/UCAONG — registre des ONG, mpce.gouv.ht, capturé le 14/08/2026",2026-08-14,O,B,v1.2026.08
ONG enregistrées (registre légal),Pan American Development Foundation,PADF,A-0146,,"JBE Plaza, Boulevard du 15 Octobre, Belvil",,Agriculture; Agro Floresterie; Infrastructures Hydrauliques,Agriculture; Agro Floresterie; Infrastructures Hydrauliques,,,,zones déclarées non reconnues,Américaine,Américaine,,SRC-027,"MPCE/UCAONG — registre des ONG, mpce.gouv.ht, capturé le 14/08/2026",2026-08-14,O,B,v1.2026.08
ONG enregistrées (registre légal),Parish Twinning Program of the Americas,PTPA,B-0386,23-Feb-06,"6, Rue A. Martial, Delmas 33, Ouest parishprogram@aol.com / domondesir@yahoo.com +509 4272-9166/ 3726-4472",,Santé,Petite Rivière de Nippes,Nippes,Petite Rivière de Nippes,HT1012,noms reconnus dans le texte libre des zones déclarées,Américaine,Américaine,,SRC-027,"MPCE/UCAONG — registre des ONG, mpce.gouv.ht, capturé le 14/08/2026",2026-08-14,O,B,v1.2026.08
ONG enregistrées (registre légal),Parole et Action,P&amp;A,A-0122,9-Aug-88,"10, Rue Acacia, Ave des Tourterelles, Rte Fragneauville, Delmas 75, Ouest, BP.13164 Delmas parolaction@yahoo.fr; admin@parolaction.org +509 2942-7683",info@paroleetaction.org,Agriculture; Assistance Sociale,Ouest Artibonite,Ouest ; Artibonite,,,noms reconnus dans le texte libre des zones déclarées,Haïtienne,Haïtienne,# 82 - 19/9/88,SRC-027,"MPCE/UCAONG — registre des ONG, mpce.gouv.ht, capturé le 14/08/2026",2026-08-14,O,B,v1.2026.08
ONG enregistrées (registre légal),Partnership For Productivity,PFP,A-0011,21-Nov-83,"B.P 15059, P.V",,,,,,,aucune zone déclarée au registre,Américaine,Américaine,# 84-A - 01/12/83,SRC-027,"MPCE/UCAONG — registre des ONG, mpce.gouv.ht, capturé le 14/08/2026",2026-08-14,O,B,v1.2026.08
ONG enregistrées (registre légal),Patners of the Americas,PA,B-0619,20-Aug-16,"143, Route de Frères, Pétion-Ville +509 3728-3714 / 3868-0947/ 3401-0649",,sante,"ouest, nord-est, artibonite",Ouest ; Nord ; Nord-Est ; Artibonite,,,noms reconnus dans le texte libre des zones déclarées,Haïtienne,Haitienne,,SRC-027,"MPCE/UCAONG — registre des ONG, mpce.gouv.ht, capturé le 14/08/2026",2026-08-14,O,B,v1.2026.08
ONG enregistrées (registre légal),Peace Dividend Trust,PDT,B-0481,5-Jul-10,"JBE&#039;s Plaza,Blvd 15 Octobre,Tabarre",,Assistance technique Aide au devt,Port-au-Prince,,Port-au-Prince,HT0111,noms reconnus dans le texte libre des zones déclarées,Canadienne,Canadienne,,SRC-027,"MPCE/UCAONG — registre des ONG, mpce.gouv.ht, capturé le 14/08/2026",2026-08-14,O,B,v1.2026.08
ONG enregistrées (registre légal),"People to People Health Foundation, Inc",PROJECT HOPE,B-0224,18-Jan-96,"Centre Médical Crudem, Milot, Haïti",,Santé,Nord (Milot),Nord,Milot,HT0323,noms reconnus dans le texte libre des zones déclarées,Américaine,Américaine,,SRC-027,"MPCE/UCAONG — registre des ONG, mpce.gouv.ht, capturé le 14/08/2026",2026-08-14,O,B,v1.2026.08
ONG enregistrées (registre légal),Perspective pour la Santé et le Développement,PESADEV,B-0600,7-Aug-13,"7b, imp Orchidee, rue fleur de corail peoiniere, route de frere, petion ville",info@pesadev.org,sante,perches,,Perches,HT0413,noms reconnus dans le texte libre des zones déclarées,Haïtienne,Haitienne,,SRC-027,"MPCE/UCAONG — registre des ONG, mpce.gouv.ht, capturé le 14/08/2026",2026-08-14,O,B,v1.2026.08
ONG enregistrées (registre légal),Phare National,PHARNA,B-0306,25-Nov-02,"261, route de Delmas (coin delmas 49)",,Santé; Développement,Département de l&#039;Ouest,Ouest,,,noms reconnus dans le texte libre des zones déclarées,Haïtienne,Haïtienne,,SRC-027,"MPCE/UCAONG — registre des ONG, mpce.gouv.ht, capturé le 14/08/2026",2026-08-14,O,B,v1.2026.08
ONG enregistrées (registre légal),Pharmaciens Sans Frontières-Comité International,PSF-CI,B-0417,7-May-07,"10, Impasse Terminus, Delmas 81",,Santé,Département de l&#039;Artibonite,Artibonite,,,noms reconnus dans le texte libre des zones déclarées,Française,Française,,SRC-027,"MPCE/UCAONG — registre des ONG, mpce.gouv.ht, capturé le 14/08/2026",2026-08-14,O,B,v1.2026.08
ONG enregistrées (registre légal),Plan de Développement Intégré,PDI,B-0355,6-Jul-04,"5, Rue Morely, Christ-Roi",,Agricole,Artibonite Ouest Nord’Est Sud Sud’Est,Ouest ; Nord ; Nord-Est ; Artibonite ; Sud ; Sud-Est,,,noms reconnus dans le texte libre des zones déclarées,Haïtienne,Haïtienne,,SRC-027,"MPCE/UCAONG — registre des ONG, mpce.gouv.ht, capturé le 14/08/2026",2026-08-14,O,B,v1.2026.08
ONG enregistrées (registre légal),Plan International,PI,A-0023,28-Mar-84,"7, Impasse Borno, Rue Catalpa, Delmas 75, Delmas, Ouest info.haiti@plan-international.org +509 2813-1141/ 2811-0556",marie-denise.dortilus@plan-international.org,Parrainage d\&#039;Enfants,Ouest,Ouest,,,noms reconnus dans le texte libre des zones déclarées,Américaine,Américaine,"# 20, 14/3/85",SRC-027,"MPCE/UCAONG — registre des ONG, mpce.gouv.ht, capturé le 14/08/2026",2026-08-14,O,B,v1.2026.08
ONG enregistrées (registre légal),Planete Urgence,PU,B-0174,23-Nov-10,"26, Rue Dupré Turnier, Jacmel, Sud-Est www.planete-urgence.org +509 3608-4225",,Aide au Developpement,"La Montagne,Commune de Jacmel",,Jacmel,HT0211,noms reconnus dans le texte libre des zones déclarées,Française,Française,,SRC-027,"MPCE/UCAONG — registre des ONG, mpce.gouv.ht, capturé le 14/08/2026",2026-08-14,O,B,v1.2026.08
ONG enregistrées (registre légal),Planing Assistance,PA,B-0184,26-May-95,"1, Rue Théodule, Bourdon",,Assistance Technique,Haïti,,,,zones déclarées non reconnues,Américaine,Américaine,,SRC-027,"MPCE/UCAONG — registre des ONG, mpce.gouv.ht, capturé le 14/08/2026",2026-08-14,O,B,v1.2026.08
ONG enregistrées (registre légal),Plastimoun,Plastimoun,B-0466,4-Feb-11,,,,,,,,aucune zone déclarée au registre,Haïtienne,Haitienne,,SRC-027,"MPCE/UCAONG — registre des ONG, mpce.gouv.ht, capturé le 14/08/2026",2026-08-14,O,B,v1.2026.08
ONG enregistrées (registre légal),Port-de-Paix Mennonite Mission,PMM,B-0239,10-Apr-96,"2, Rue W. Parisse Port-de-Paix, Nord\&#039;Ouest +509 4847-1902",,Agriculture,Nord-Est,Nord ; Nord-Est,,,noms reconnus dans le texte libre des zones déclarées,Américaine,Américaine,,SRC-027,"MPCE/UCAONG — registre des ONG, mpce.gouv.ht, capturé le 14/08/2026",2026-08-14,O,B,v1.2026.08
ONG enregistrées (registre légal),Première Urgence Internationale,PUR,B-0491,21-Sep-10,"179, Rue Faubert, Pétion-Ville cdervault@pu-ami.org / Haiti.cdm@pu-ami.org +509 4728-4424",,Ass; Technique Ass; Humanitaire Aide au Devt,Martissant(Cite de la joie) Fontamare,,,,zones déclarées non reconnues,Française,Française,,SRC-027,"MPCE/UCAONG — registre des ONG, mpce.gouv.ht, capturé le 14/08/2026",2026-08-14,O,B,v1.2026.08
ONG enregistrées (registre légal),Private Agencies Collaborating Together,PACT,B-0214,26-Dec-95,"6, Rue Marcadieu, Bourdon",,Renforcement Institutionnel,Cap-Haïtien Gonaïves Hinche Jacmel Les Cayes,,Cap-Haïtien ; Gonaïves ; Hinche ; Jacmel ; Les Cayes,HT0211 ; HT0311 ; HT0511 ; HT0611 ; HT0711,noms reconnus dans le texte libre des zones déclarées,Américaine,Américaine,# 24,SRC-027,"MPCE/UCAONG — registre des ONG, mpce.gouv.ht, capturé le 14/08/2026",2026-08-14,O,B,v1.2026.08
ONG enregistrées (registre légal),Productive Coopératives Haïti,PCH,B-0307,25-Nov-02,"6, Delmas 81, P-au-P // 8, Rue Macandal, Delams 19",pch@fida-pch.orgbetsy.wallfida.orgtroy.sanonfida-pch.org,Assistance Sociale,Artibonite: Haut Saint-Marc,Artibonite,Saint-Marc,HT0531,noms reconnus dans le texte libre des zones déclarées,Canadienne,Canadienne,,SRC-027,"MPCE/UCAONG — registre des ONG, mpce.gouv.ht, capturé le 14/08/2026",2026-08-14,O,B,v1.2026.08
ONG enregistrées (registre légal),ProgettoMondo Movimento LaiciAmerica Latina,PROGETTOMONDO MLAL,B-0620,20-Aug-16,"17, Rue Wilson 2, Pacot, Port-au-Prince, Ouest progetti@mlal.org / haiti@mlal.org +509 3635-8542 / 4414-4229",progetti@mlal.org,education,leogane,,Léogâne,HT0121,noms reconnus dans le texte libre des zones déclarées,Italienne,italienne,,SRC-027,"MPCE/UCAONG — registre des ONG, mpce.gouv.ht, capturé le 14/08/2026",2026-08-14,O,B,v1.2026.08
ONG enregistrées (registre légal),Programme de Santé et Information,PSI/HAITI,B-0216,14-Dec-95,"20, Rue Chanlatte, Péguy-Ville, Pétion-Ville, Ouest info@psihaiti.org / rpaul@ohmasshaiti.org +509 3701-9040",rpaul@ohmasshaiti.org,Santé,Haïti,,,,zones déclarées non reconnues,Haïtienne,Haïtienne,#12 - 8/2/01,SRC-027,"MPCE/UCAONG — registre des ONG, mpce.gouv.ht, capturé le 14/08/2026",2026-08-14,O,B,v1.2026.08
ONG enregistrées (registre légal),Programme Nutritionnel Educatif Espoir de l\\\&#039;Enfant,LESPWA TIMOUN,B-0621,20-Oct-16,"15, Rue La ferme, Michaud, Croix-des-Bouquets, Ouest carmelvaldema@gmail.com +509 3844-8026 / 3726-4933",pierrehenryfritzvaldema@gmail.com,"assistance sociale , education, sante","assistance sociale , education, sante",,,,zones déclarées non reconnues,Haïtienne,Haitienne,,SRC-027,"MPCE/UCAONG — registre des ONG, mpce.gouv.ht, capturé le 14/08/2026",2026-08-14,O,B,v1.2026.08
ONG enregistrées (registre légal),Project Concern International,PCI,B-0575,19-fév-15,"5, Route de Frères, Belvil, Pétion-Ville, Ouest jullio.lindor@pci-haiti.org +509 3701-7166 / 3435-7827",,,,,,,aucune zone déclarée au registre,,,,SRC-027,"MPCE/UCAONG — registre des ONG, mpce.gouv.ht, capturé le 14/08/2026",2026-08-14,O,B,v1.2026.08
ONG enregistrées (registre légal),Project Medishare For Haïti,MEDISHARE,B-0415,,"9, Rue Tamarin, Thomonde, Centre +509 3709-5442/ 3682-8875",,Santé,Thomonde,,Thomonde,HT0613,noms reconnus dans le texte libre des zones déclarées,Américaine,Américaine,,SRC-027,"MPCE/UCAONG — registre des ONG, mpce.gouv.ht, capturé le 14/08/2026",2026-08-14,O,B,v1.2026.08
ONG enregistrées (registre légal),Promoteurs de l&#039;Objectif Zéro-Sida,POZ,B-0243,23-May-96,,,Santé,Nationale,,,,zones déclarées non reconnues,Haïtienne,Haïtienne,,SRC-027,"MPCE/UCAONG — registre des ONG, mpce.gouv.ht, capturé le 14/08/2026",2026-08-14,O,B,v1.2026.08
ONG enregistrées (registre légal),"Pure Water for the World,Inc",PWW,B-0504,22-Mar-11,"3, Impasse Pierrot, Delmas 65, Delmas, Ouest +509 3770-0870",,Aide au Devt,Cite Soley Croix-des-Bouquets,,Croix-Des-Bouquets,HT0131,noms reconnus dans le texte libre des zones déclarées,Américaine,Americaine,,SRC-027,"MPCE/UCAONG — registre des ONG, mpce.gouv.ht, capturé le 14/08/2026",2026-08-14,O,B,v1.2026.08
ONG enregistrées (registre légal),Pwoje Espwa Sud,PES,B-0443,1-Sep-08,"254, Rue Capital, Village Caster-Pere, Cayes",dberthony@hotmail.com,Agriculture,Plaine des Cayes,,,,zones déclarées non reconnues,Haïtienne,Haïtienne,,SRC-027,"MPCE/UCAONG — registre des ONG, mpce.gouv.ht, capturé le 14/08/2026",2026-08-14,O,B,v1.2026.08
ONG enregistrées (registre légal),Pwoje Men Kontre Haiti-Deutschland e.V.,PMK,B-0495,24-Sep-10,"Nan Ginen, Beaumont, Grand&#039;Anse",,Sante Education Agriculture,"Beaumont,Pestel(Grand&#039;Anse)",,Beaumont ; Pestel,HT0833 ; HT0834,noms reconnus dans le texte libre des zones déclarées,Allemande,Allemande,,SRC-027,"MPCE/UCAONG — registre des ONG, mpce.gouv.ht, capturé le 14/08/2026",2026-08-14,O,B,v1.2026.08
ONG enregistrées (registre légal),"Rapha House International , Inc",RHI,B-0648,6-Aug-18,"#3 thomassin 37, route de kenscoff",haitiraphahouse@gmail.com,Departement de l&#039;ouest,assistance- sociale,,,,zones déclarées non reconnues,Américaine,Americaine,,SRC-027,"MPCE/UCAONG — registre des ONG, mpce.gouv.ht, capturé le 14/08/2026",2026-08-14,O,B,v1.2026.08
ONG enregistrées (registre légal),Reboisement Total,RETO,A-0081,2-Apr-86,"BP.13409, Delmas",,Agriculture,Agriculture,,,,zones déclarées non reconnues,Haïtienne,Haïtienne,# 44 - 2/6/86,SRC-027,"MPCE/UCAONG — registre des ONG, mpce.gouv.ht, capturé le 14/08/2026",2026-08-14,O,B,v1.2026.08
ONG enregistrées (registre légal),Regroupement Oeuvrant à Travers des Actions Humanitaires en Haiti,ROTAH,B-0472,23-Mar-10,"Rue d&#039;Honneur, Pignon",,Education; Agriculture; Assistance Humanitaire; Aide au Developpement,Pignon St-Raphael Dondon Ranquite Lavictoire,,Dondon ; La Victoire ; Pignon,HT0342 ; HT0344 ; HT0345,noms reconnus dans le texte libre des zones déclarées,Haïtienne,Haïtienne,,SRC-027,"MPCE/UCAONG — registre des ONG, mpce.gouv.ht, capturé le 14/08/2026",2026-08-14,O,B,v1.2026.08
ONG enregistrées (registre légal),Relief International,RI,B-0568,,"16,impasse Beauvais,Catalpa",emily.hibbets@ri.orghqri.org,Assistance Sociale,"Centre,Ouest",Ouest ; Centre,,,noms reconnus dans le texte libre des zones déclarées,,,,SRC-027,"MPCE/UCAONG — registre des ONG, mpce.gouv.ht, capturé le 14/08/2026",2026-08-14,O,B,v1.2026.08
ONG enregistrées (registre légal),Remember the Children/Sonte Timoun yo,Sotiyo,B-0489,21-Sep-10,"37, Ruelle Waag,Port-au-Prince,Haiti",,Ass. Humanitaire,Ouest Sud Sud&#039;Est,Ouest ; Sud,,,noms reconnus dans le texte libre des zones déclarées,Américaine,Americaine,,SRC-027,"MPCE/UCAONG — registre des ONG, mpce.gouv.ht, capturé le 14/08/2026",2026-08-14,O,B,v1.2026.08
ONG enregistrées (registre légal),Réseau d&#039;Initiatives de Développement Local,RIDEL,B-0336,22-Sep-03,"Immeuble Radio Ibo, Canape-Vert",,Assistance Sociale,Ganthier,,Ganthier,HT0133,noms reconnus dans le texte libre des zones déclarées,Haïtienne,Haïtienne,,SRC-027,"MPCE/UCAONG — registre des ONG, mpce.gouv.ht, capturé le 14/08/2026",2026-08-14,O,B,v1.2026.08
ONG enregistrées (registre légal),Réseau du Coeur,RC,SS-0623,4-Jan-17,"#70, ave jean paul II, turgeau, port-au-Prince",,education,petit-goave et ses environs,,Petit-Goâve,HT0122,noms reconnus dans le texte libre des zones déclarées,Haïtienne,Haitienne,,SRC-027,"MPCE/UCAONG — registre des ONG, mpce.gouv.ht, capturé le 14/08/2026",2026-08-14,O,B,v1.2026.08
ONG enregistrées (registre légal),Révolution Verte d&#039;Haiti,REVH,B-0618,13-Aug-15,"#32, rue saint louis, petion ville",,"environnenment, reboisemnet, restauration","ticorail, cotes de fer",,Corail ; Côtes de Fer,HT0222 ; HT0831,noms reconnus dans le texte libre des zones déclarées,Haïtienne,Haitienne,,SRC-027,"MPCE/UCAONG — registre des ONG, mpce.gouv.ht, capturé le 14/08/2026",2026-08-14,O,B,v1.2026.08
ONG enregistrées (registre légal),Rhema International,RI,A-0014,15-Dec-83,"BP.15009, P-V",,Education; Santé,Education; Santé,,,,zones déclarées non reconnues,Américaine,Americaine,"# 22, 19/3/84",SRC-027,"MPCE/UCAONG — registre des ONG, mpce.gouv.ht, capturé le 14/08/2026",2026-08-14,O,B,v1.2026.08
ONG enregistrées (registre légal),Saint Boniface Haiti Foundation,SBHF,B-0454,8-Jan-09,"28, Rue O, (Rue Y. Rimpel), Turgeau, P-au-P",,Santé,Fonds des Blancs,,,,zones déclarées non reconnues,Américaine,Americaine,,SRC-027,"MPCE/UCAONG — registre des ONG, mpce.gouv.ht, capturé le 14/08/2026",2026-08-14,O,B,v1.2026.08
ONG enregistrées (registre légal),Saint Rock Haiti Foundation,SRHF,B-0640,,"#4,rue Saint Rock, carrefour",jbresnahan@saintrockhitifoundation.org,sante- education-assistance sociale,carrefour,,Carrefour,HT0113,noms reconnus dans le texte libre des zones déclarées,Haïtienne,Haitienne,,SRC-027,"MPCE/UCAONG — registre des ONG, mpce.gouv.ht, capturé le 14/08/2026",2026-08-14,O,B,v1.2026.08
ONG enregistrées (registre légal),Salomé,SALOME,B-0215,4-Jun-96,"13, Delmas 51",,Développement Intégré,Jacmel (Sud),Sud,Jacmel,HT0211,noms reconnus dans le texte libre des zones déclarées,Haïtienne,Haïtienne,# 16 - 27/2/97,SRC-027,"MPCE/UCAONG — registre des ONG, mpce.gouv.ht, capturé le 14/08/2026",2026-08-14,O,B,v1.2026.08
ONG enregistrées (registre légal),Samaritan&#039;s Purse,SP,B-0476,,"#6, Puits Blain 4 // KM 25, Route Nationale #1, Titanyen",ctoussaint@samaritan.org,Ass Technique; Humainitaire; Aide au Devt,Cabaret Titanyen,,Cabaret,HT0142,noms reconnus dans le texte libre des zones déclarées,Américaine,Américaine,,SRC-027,"MPCE/UCAONG — registre des ONG, mpce.gouv.ht, capturé le 14/08/2026",2026-08-14,O,B,v1.2026.08
ONG enregistrées (registre légal),Sant Kal Levek (Centre Karl Lévèque),SKL,B-0197,18-Aug-95,"14, Rue Pomeyrac, Delmas 95, P-V",,Assistances Sociales à tous les Niveaux,Nationale,,,,zones déclarées non reconnues,Haïtienne,Haïtienne,,SRC-027,"MPCE/UCAONG — registre des ONG, mpce.gouv.ht, capturé le 14/08/2026",2026-08-14,O,B,v1.2026.08
ONG enregistrées (registre légal),Save The Children Canada,SCC,A-0026,13-Jun-84,"18, Rue Emeric, Montana, P-V www.savethechildren.ca",aecanada@savethechildrencanada-haiti.org,Education; Agriculture; Dévt Communautaire,Haïti,,,,zones déclarées non reconnues,Canadienne,Canadienne,"# 76, 29/10/84",SRC-027,"MPCE/UCAONG — registre des ONG, mpce.gouv.ht, capturé le 14/08/2026",2026-08-14,O,B,v1.2026.08
ONG enregistrées (registre légal),Save The Children Federation,SCF,A-0116,29-Sep-87,"18, Rue Emerick, Montana, P-V B.P. 1390, P-a-P",,Aide à l&#039;Enfance; Développement Communautaire,Centre Artibonite,Artibonite ; Centre,,,noms reconnus dans le texte libre des zones déclarées,Américaine,Américaine,# 11-A - 4/2/88,SRC-027,"MPCE/UCAONG — registre des ONG, mpce.gouv.ht, capturé le 14/08/2026",2026-08-14,O,B,v1.2026.08
ONG enregistrées (registre légal),Save The Children International,SCI,B-0586,29-Oct-12,"18,rue Emeric,impasse La joie,Bourdon,PV",mbailey@savethechildren.orginfosavethechildren.org,Assistance Sociale/ Protection des enfants,Carrefour,,Carrefour,HT0113,noms reconnus dans le texte libre des zones déclarées,Golloise(Royaume-uni),Golloise(Royaume-uni),"#23,4/02/14",SRC-027,"MPCE/UCAONG — registre des ONG, mpce.gouv.ht, capturé le 14/08/2026",2026-08-14,O,B,v1.2026.08
ONG enregistrées (registre légal),"Secours aux Aveugles, Autres Handicapes demunis du Departement du Centre",SAHDEC,B-0204,,"2,Pelerin Timoulin 1ere maison a gauche, rue T. Louverture",,Education Sante,Plateau central(cerca cavajal),,,,zones déclarées non reconnues,Haïtienne,Haïtienne,#22 - 18/3/96,SRC-027,"MPCE/UCAONG — registre des ONG, mpce.gouv.ht, capturé le 14/08/2026",2026-08-14,O,B,v1.2026.08
ONG enregistrées (registre légal),Secours Islamique France,SIF,B-0558,2011-12-12,"26,rue Borno Bois Moquette,Petion-Ville",info@secours-islamique.org,Assistance sociale,Tabarre,,Tabarre,HT0118,noms reconnus dans le texte libre des zones déclarées,Française,Française,,SRC-027,"MPCE/UCAONG — registre des ONG, mpce.gouv.ht, capturé le 14/08/2026",2026-08-14,O,B,v1.2026.08
ONG enregistrées (registre légal),Secours Islamique France,SI-F,B-0588,,"26, rue Borno,bois moquette,P.V.",info@secours-islamique.org,Assistance Sociale,Tabarre,,Tabarre,HT0118,noms reconnus dans le texte libre des zones déclarées,Française,Française,,SRC-027,"MPCE/UCAONG — registre des ONG, mpce.gouv.ht, capturé le 14/08/2026",2026-08-14,O,B,v1.2026.08
ONG enregistrées (registre légal),Securiser avec Rechercher / Economic Search Rescue,SAR/ESAR,B-0681,18 juillet 2023,"27, Tabarre 70, haiti",prudnico@yahoo.fr,assistance sociale,"artibonite, centre",Artibonite ; Centre,,,noms reconnus dans le texte libre des zones déclarées,Haïtienne,haitienne,,SRC-027,"MPCE/UCAONG — registre des ONG, mpce.gouv.ht, capturé le 14/08/2026",2026-08-14,O,B,v1.2026.08
ONG enregistrées (registre légal),Service Chrétien d&#039;Haïti,SCH,A-0016,4-Jan-84,"26, Ave.Ducoste, BP.285, P-auP",,Santé; Education; Développement Communautaire,Centre Nord Ouest Sud-Est,Ouest ; Nord ; Nord-Ouest ; Centre ; Sud ; Sud-Est,,,noms reconnus dans le texte libre des zones déclarées,Haïtienne,Haïtienne,# 22 - 19/3/84,SRC-027,"MPCE/UCAONG — registre des ONG, mpce.gouv.ht, capturé le 14/08/2026",2026-08-14,O,B,v1.2026.08
ONG enregistrées (registre légal),Service de Consultation et de l\&#039;Assistance Technique Agricole,SCAGITECH,B-0537,3-Aug-11,"115,rue Dauphine,Trou-du-Nord",richelieuwilfene@hotmail.com,Agriculture,Nord Nord\&#039;Est,Nord,,,noms reconnus dans le texte libre des zones déclarées,Haïtienne,Haïtienne,,SRC-027,"MPCE/UCAONG — registre des ONG, mpce.gouv.ht, capturé le 14/08/2026",2026-08-14,O,B,v1.2026.08
ONG enregistrées (registre légal),Service de Prochains Haïtiens,SPH,A-0111,10-Sep-87,"Ave. Freicineau Saint-Marc, BP. 9",,Assistance Sociale,Saint-Marc,,Saint-Marc,HT0531,noms reconnus dans le texte libre des zones déclarées,Haïtienne,Haïtienne,# 23 - 14/3/88,SRC-027,"MPCE/UCAONG — registre des ONG, mpce.gouv.ht, capturé le 14/08/2026",2026-08-14,O,B,v1.2026.08
ONG enregistrées (registre légal),Service International Foundation,SIF,A-0042,21-Aug-84,"5, Impasse Mesmin, Delmas 62, P-au-P",,Assistance Sociale,Ouest Croix-des-Bouquets Bon Repos,Ouest,Croix-Des-Bouquets,HT0131,noms reconnus dans le texte libre des zones déclarées,Américaine,Américaine,# 79 - 12/11/84,SRC-027,"MPCE/UCAONG — registre des ONG, mpce.gouv.ht, capturé le 14/08/2026",2026-08-14,O,B,v1.2026.08
ONG enregistrées (registre légal),Service Oeucuménique d&#039;Entraide,SOE,B-0149,4-Aug-90,,,,,,,,aucune zone déclarée au registre,Haïtienne,Haïtienne,,SRC-027,"MPCE/UCAONG — registre des ONG, mpce.gouv.ht, capturé le 14/08/2026",2026-08-14,O,B,v1.2026.08
ONG enregistrées (registre légal),"Service Protestant, de Mission, Département Evangélique Français d&#039;Action Apostolique",DEFAP,B-0286,19-Mar-02,"7, Rue Fernand, Pont- Morin, Canapé-Vert",,Education,Cap-Haïtien Gonaïves,,Cap-Haïtien ; Gonaïves,HT0311 ; HT0511,noms reconnus dans le texte libre des zones déclarées,Française,Française,,SRC-027,"MPCE/UCAONG — registre des ONG, mpce.gouv.ht, capturé le 14/08/2026",2026-08-14,O,B,v1.2026.08
ONG enregistrées (registre légal),Siloam International en Haïti,SIH,A-0083,10-Apr-86,"81, Rue Vanneau, Route de l&#039;Aéroport",,Santé; Education; Formation Professionnelle,Ouest Artibonite Nord&#039;Ouest,Ouest ; Nord ; Artibonite,,,noms reconnus dans le texte libre des zones déclarées,Haïtienne,Haïtienne,# 71 - 01/9/86,SRC-027,"MPCE/UCAONG — registre des ONG, mpce.gouv.ht, capturé le 14/08/2026",2026-08-14,O,B,v1.2026.08
ONG enregistrées (registre légal),Smile Of A Child,SOAC,B-0449,29-Sep-08,"34, Rue Carlstroem, P-au-P",,Santé,Carrefour Delmas Port-au-Prince,,Carrefour ; Delmas ; Port-au-Prince,HT0111 ; HT0112 ; HT0113,noms reconnus dans le texte libre des zones déclarées,Américaine,Américaine,,SRC-027,"MPCE/UCAONG — registre des ONG, mpce.gouv.ht, capturé le 14/08/2026",2026-08-14,O,B,v1.2026.08
ONG enregistrées (registre légal),Société Chrétienne d&#039;Haiti / Chistian Society,SCH/ CSH,B-0635,29-Nov-17,"51, terre blanche desarmes, verretes",schaitiinfo@gmail.com,"education - assistance sociale, sante","Desarmes, Verettes",,,,zones déclarées non reconnues,Haïtienne,Haitienne,,SRC-027,"MPCE/UCAONG — registre des ONG, mpce.gouv.ht, capturé le 14/08/2026",2026-08-14,O,B,v1.2026.08
ONG enregistrées (registre légal),Société de Coopération pour le Développement International,SOCODEVI,B-0252,13-Jan-97,"31, rue Ogé, P-V",,Mouvement coopératif,Ouest Nord Nord-Est Artibonite Sud-Est,Ouest ; Nord ; Nord-Est ; Artibonite ; Sud ; Sud-Est,,,noms reconnus dans le texte libre des zones déclarées,Canadienne,Canadienne,,SRC-027,"MPCE/UCAONG — registre des ONG, mpce.gouv.ht, capturé le 14/08/2026",2026-08-14,O,B,v1.2026.08
ONG enregistrées (registre légal),Société Haïtienne d&#039;Aide aux Aveugles,SHAA,A-0131,,"1, 2ème Rue Jérémie, BP.555, P-au-P",,Prévention de la Cécité Réhabilitation du Non Voyant,Haïti,,,,zones déclarées non reconnues,Haïtienne,Haïtienne,# 59 - 3/8/89,SRC-027,"MPCE/UCAONG — registre des ONG, mpce.gouv.ht, capturé le 14/08/2026",2026-08-14,O,B,v1.2026.08
ONG enregistrées (registre légal),Société Haïtienne de Réhabilitation et de Développement,SOHARED,B-0422,13-Jul-07,"54, Rue Lamartinière, Bois Verna (3ème Etage)",,Aide au Développement,"Nippes , Paillant",Nippes,Paillant,HT1014,noms reconnus dans le texte libre des zones déclarées,Haïtienne,Haïtienne,,SRC-027,"MPCE/UCAONG — registre des ONG, mpce.gouv.ht, capturé le 14/08/2026",2026-08-14,O,B,v1.2026.08
ONG enregistrées (registre légal),Solidaridad Internacional,SI,B-0462,2-Jul-09,"52, Rue Lamandou 1, Jacmel",haiti.dominicana@solidaridad.org,Agriculture,"Zones Frrontalieres, Belle-Anse",,Belle-Anse,HT0231,noms reconnus dans le texte libre des zones déclarées,Espagnole,Espagnole,,SRC-027,"MPCE/UCAONG — registre des ONG, mpce.gouv.ht, capturé le 14/08/2026",2026-08-14,O,B,v1.2026.08
ONG enregistrées (registre légal),Solidarité des Paysans de Boucan Carre,SOPABO,B-0162,13-Aug-93,"Hale Leta PO.1703, P-au-P",,Education; Santé; Développement Communautaire; Agriculture,Boucan Carré,,Boucan Carré,HT0623,noms reconnus dans le texte libre des zones déclarées,Haïtienne,Haïtienne,# 69 - 30/8/93,SRC-027,"MPCE/UCAONG — registre des ONG, mpce.gouv.ht, capturé le 14/08/2026",2026-08-14,O,B,v1.2026.08
ONG enregistrées (registre légal),Solidarité et Fraternité,S&amp;F,A-0075,8-Jan-86,"39, Rue Solidarité, Tabarre 48",,Santé; Education; Assistance Sociale,Ouest,Ouest,,,noms reconnus dans le texte libre des zones déclarées,Française,Française,# 84 - 14/10/87,SRC-027,"MPCE/UCAONG — registre des ONG, mpce.gouv.ht, capturé le 14/08/2026",2026-08-14,O,B,v1.2026.08
ONG enregistrées (registre légal),Solidarité Union Coopération,SUCO,B-0315,10-Apr-03,"9, Imp. Demesvar, P-V",,Agriculture,Pétion-Ville,,Pétion-Ville,HT0114,noms reconnus dans le texte libre des zones déclarées,Canadienne,Canadienne,,SRC-027,"MPCE/UCAONG — registre des ONG, mpce.gouv.ht, capturé le 14/08/2026",2026-08-14,O,B,v1.2026.08
ONG enregistrées (registre légal),Solidarité-Santé-Canada-Haïti,SOSAKA,A-0141,26-Apr-89,"26, Rrue Mackandal, Delmas 19",,Santé,Centre Artibonite,Artibonite ; Centre,,,noms reconnus dans le texte libre des zones déclarées,Canado-haïtienne,Canado-haïtienne,# 60 - 7/8/89,SRC-027,"MPCE/UCAONG — registre des ONG, mpce.gouv.ht, capturé le 14/08/2026",2026-08-14,O,B,v1.2026.08
ONG enregistrées (registre légal),Solidarités,SOLIDARITES,B-0383,,"6, Imp. Avallon, Rue Latortue, Delmas 60, Musseau",,Eau Potable,"Petit-Goâve, Aquin, Côte de Fer, Miragoâne",,Aquin ; Miragoâne ; Petit-Goâve,HT0122 ; HT0731 ; HT1011,noms reconnus dans le texte libre des zones déclarées,Française,Française,,SRC-027,"MPCE/UCAONG — registre des ONG, mpce.gouv.ht, capturé le 14/08/2026",2026-08-14,O,B,v1.2026.08
ONG enregistrées (registre légal),Son Light Missions,SLM,A-0074,26-Sep-85,"55, Rue Clerveau, P-V",,Education; Santé; Développement Communautaire,Education; Santé; Développement Communautaire,,,,zones déclarées non reconnues,Américaine,Americaine,# 82 - 25/11/85,SRC-027,"MPCE/UCAONG — registre des ONG, mpce.gouv.ht, capturé le 14/08/2026",2026-08-14,O,B,v1.2026.08
ONG enregistrées (registre légal),Sonje Ayiti Organization,SAO,B-0450,29-Sep-08,"37, Imp. Des Jeunes (Ave Daiblan), Babiole, Cap-Haitien",info@sojehaiti.com,Agriculture,"Jean-Rabel Port-au-Prince Limonade (1ere, 2eme, 3eme Section Communale)",,Jean Rabel ; Limonade ; Port-au-Prince,HT0111 ; HT0313 ; HT0934,noms reconnus dans le texte libre des zones déclarées,Américaine,Americaine,,SRC-027,"MPCE/UCAONG — registre des ONG, mpce.gouv.ht, capturé le 14/08/2026",2026-08-14,O,B,v1.2026.08
ONG enregistrées (registre légal),STARFYSH,STARFYSH,B-0642,16-Jul-18,"#5, rue l&#039;hopital, la gonave,anse a gale",steve@starfyh.org,agriculture,"l&#039;ile de la gonave, anse a galet",,,,zones déclarées non reconnues,Américaine,americaine,,SRC-027,"MPCE/UCAONG — registre des ONG, mpce.gouv.ht, capturé le 14/08/2026",2026-08-14,O,B,v1.2026.08
ONG enregistrées (registre légal),Stichting Jarikin,SJ,B-0662,26-Mai-2021,"22, Delmas 43",info@jarikin.nl,education,Croix des Bouquets,,Croix-Des-Bouquets,HT0131,noms reconnus dans le texte libre des zones déclarées,Néerlandaise,Hollandaise,,SRC-027,"MPCE/UCAONG — registre des ONG, mpce.gouv.ht, capturé le 14/08/2026",2026-08-14,O,B,v1.2026.08
ONG enregistrées (registre légal),Survie et Solidarité pour Haïti,SURSO,B-0188,7-Jun-95,"63, rue Walker, Morne Hercule",,Assistances Sociales,Port-au-Prince (Pétion-Ville),,Port-au-Prince ; Pétion-Ville,HT0111 ; HT0114,noms reconnus dans le texte libre des zones déclarées,Haïtienne,Haïtienne,,SRC-027,"MPCE/UCAONG — registre des ONG, mpce.gouv.ht, capturé le 14/08/2026",2026-08-14,O,B,v1.2026.08
ONG enregistrées (registre légal),Sustenaible Organic Intergrated Livelihoods,SOIL,B-0607,20-Jun-14,carrefour rue A.Marhal et rue Baptiste delmas 33,,"Environnement , Agriculture","cap haitian, Port-au-Prince",,Port-au-Prince,HT0111,noms reconnus dans le texte libre des zones déclarées,Américaine,americaine,,SRC-027,"MPCE/UCAONG — registre des ONG, mpce.gouv.ht, capturé le 14/08/2026",2026-08-14,O,B,v1.2026.08
ONG enregistrées (registre légal),Tearfund ci-devant Tear Fund Limited,TEARFUND,B-0579,19-Feb-15,,,,,,,,aucune zone déclarée au registre,,,,SRC-027,"MPCE/UCAONG — registre des ONG, mpce.gouv.ht, capturé le 14/08/2026",2026-08-14,O,B,v1.2026.08
ONG enregistrées (registre légal),"Technoserve,Inc",TECHNOSERVE,B-0523,19-May-11,"5,rue Moise,Petion-Ville",,Agriculture,Mirebalais/Gros-Morne/Leogane,,Gros Morne ; Léogâne ; Mirebalais,HT0121 ; HT0521 ; HT0621,noms reconnus dans le texte libre des zones déclarées,Américaine,Americaine,,SRC-027,"MPCE/UCAONG — registre des ONG, mpce.gouv.ht, capturé le 14/08/2026",2026-08-14,O,B,v1.2026.08
ONG enregistrées (registre légal),Terre Sans Frontières,TSF,B-0645,,"#16 rue louis e. pouget, morne calvaire",tsf@terresansfontieres.ca,sante,Petit Goave,,Petit-Goâve,HT0122,noms reconnus dans le texte libre des zones déclarées,Canadienne,canadienne,,SRC-027,"MPCE/UCAONG — registre des ONG, mpce.gouv.ht, capturé le 14/08/2026",2026-08-14,O,B,v1.2026.08
ONG enregistrées (registre légal),Timoun Kap Teke Chans,TIMKATEC,B-0238,4-Apr-96,"59, Rue Derenoncourt, P-V",,Assistances Sociales,Pétion-Ville,,Pétion-Ville,HT0114,noms reconnus dans le texte libre des zones déclarées,Haïtienne,Haïtienne,# 66-A - 9/9/96,SRC-027,"MPCE/UCAONG — registre des ONG, mpce.gouv.ht, capturé le 14/08/2026",2026-08-14,O,B,v1.2026.08
ONG enregistrées (registre légal),Travelers and Immigrants AID&#039;s Heartland Alliance for Human Needs and Human Rights,Heartland Alliance,B-0505,22-Mar-11,"29-C, Pelerin 6",,Ass Humanitaire,Zones Frontalieres d&#039;Haiti,,,,zones déclarées non reconnues,Américaine,Americaine,,SRC-027,"MPCE/UCAONG — registre des ONG, mpce.gouv.ht, capturé le 14/08/2026",2026-08-14,O,B,v1.2026.08
ONG enregistrées (registre légal),Union d&#039;Entraide Humanitaire,UEH,A-0073,9-Sep-85,"37C, Rue Alix Roy, P-au-P",,Santé; Education; Assistance Sociale,Arcahaie,,Arcahaie,HT0141,noms reconnus dans le texte libre des zones déclarées,Haïtienne,Haïtienne,# 82 - 25/10/85,SRC-027,"MPCE/UCAONG — registre des ONG, mpce.gouv.ht, capturé le 14/08/2026",2026-08-14,O,B,v1.2026.08
ONG enregistrées (registre légal),Union des Chrétiens pour la propagation de l&#039;Evangile et le développement Communautaire,UCPEDEC,B-0298,19-Mar-02,"B.P 19056, Bas Peu de Chose, P-au-P",,Assistance Sociale,Nord-Oest: Môle St Nicolas,Nord,,,noms reconnus dans le texte libre des zones déclarées,Haïtienne,Haïtienne,,SRC-027,"MPCE/UCAONG — registre des ONG, mpce.gouv.ht, capturé le 14/08/2026",2026-08-14,O,B,v1.2026.08
ONG enregistrées (registre légal),Union Evangélique Baptiste d&#039;Haïti,UEBH,A-0094,2-Feb-87,"4ème Ave. Route des Dalles # 261, BP.458, P-au-P",,Education; Santé; Développement Communautaire,Ouest,Ouest,,,noms reconnus dans le texte libre des zones déclarées,Haïtienne,Haïtienne,# 27 - 2/4/87,SRC-027,"MPCE/UCAONG — registre des ONG, mpce.gouv.ht, capturé le 14/08/2026",2026-08-14,O,B,v1.2026.08
ONG enregistrées (registre légal),Union Nationale pour le Développement Humain,UNDH,B-0368,13-Dec-04,"381, Ave John Brown",,Assistance Sociale,"Port-au-Prince; (Carrefour, Delmas, Croix des Bouquets)",,Carrefour ; Croix-Des-Bouquets ; Delmas ; Port-au-Prince,HT0111 ; HT0112 ; HT0113 ; HT0131,noms reconnus dans le texte libre des zones déclarées,Haïtienne,Haïtienne,,SRC-027,"MPCE/UCAONG — registre des ONG, mpce.gouv.ht, capturé le 14/08/2026",2026-08-14,O,B,v1.2026.08
ONG enregistrées (registre légal),United Methodist Committee On Relief,UMCOR,B-0397,10-Jul-06,"31, Rue Rébecca, Pétion-Ville",,Agriculture,Artibonite Dondon Ennery Plaine du Nord Plaisance Baron,Nord ; Artibonite,Dondon ; Ennery ; Plaine du Nord ; Plaisance,HT0322 ; HT0342 ; HT0371 ; HT0512,noms reconnus dans le texte libre des zones déclarées,Américaine,Américaine,,SRC-027,"MPCE/UCAONG — registre des ONG, mpce.gouv.ht, capturé le 14/08/2026",2026-08-14,O,B,v1.2026.08
ONG enregistrées (registre légal),Urbanisation et Aide Technique Expérimentale,URBATEX,B-0360,13-Oct-04,"3, Rue Kawas, Delmas 33",,Logement Sociaux; Assistance Sociale,Arrondissement de la Croix-des-Bouquets,,Croix-Des-Bouquets,HT0131,noms reconnus dans le texte libre des zones déclarées,Haïtienne,Haïtienne,,SRC-027,"MPCE/UCAONG — registre des ONG, mpce.gouv.ht, capturé le 14/08/2026",2026-08-14,O,B,v1.2026.08
ONG enregistrées (registre légal),Vapor Sports Ministries / Ministère des Sports de Vapor,VAPOR,SS-0624,4-Jan-17,"ouanaminte, nord-est, haiti",rdiomaitie@vaporsport.org,"sport, assistance sociale",Nord-est,Nord ; Nord-Est,,,noms reconnus dans le texte libre des zones déclarées,Américaine,americaine,,SRC-027,"MPCE/UCAONG — registre des ONG, mpce.gouv.ht, capturé le 14/08/2026",2026-08-14,O,B,v1.2026.08
ONG enregistrées (registre légal),VETERIMED,VETERIMED,B-0220,14-Dec-95,"196, Rue Pavée, Port-au-Prince, HAïTI",,Agriculture,Haïti,,,,zones déclarées non reconnues,Haïtienne,Haïtienne,,SRC-027,"MPCE/UCAONG — registre des ONG, mpce.gouv.ht, capturé le 14/08/2026",2026-08-14,O,B,v1.2026.08
ONG enregistrées (registre légal),Vétérinaires Sans Frontières,VSF,B-0321,22-May-03,"14, Rue Wilson 2",,Agriculture; Développement Rural,"Port-au-Prince, Plateau Central",,Port-au-Prince,HT0111,noms reconnus dans le texte libre des zones déclarées,Française,Française,,SRC-027,"MPCE/UCAONG — registre des ONG, mpce.gouv.ht, capturé le 14/08/2026",2026-08-14,O,B,v1.2026.08
ONG enregistrées (registre légal),Veterinarios Sin Fronteras-Vetermon,VSF-VETERMON,B-0584,24-Sep-12,,,,,,,,aucune zone déclarée au registre,,,,SRC-027,"MPCE/UCAONG — registre des ONG, mpce.gouv.ht, capturé le 14/08/2026",2026-08-14,O,B,v1.2026.08
ONG enregistrées (registre légal),Village d&#039;Enfants SOS d&#039;Haïti,VESH,A-0017,,"Petite Place Cazeau, Santo 19, BP.966, P-au- P, BP.310, Cap-Haïtien",,Santé; Education; Assistance Sociale,Nord Ouest,Ouest ; Nord ; Nord-Ouest,,,noms reconnus dans le texte libre des zones déclarées,Haïtienne,Haïtienne,"# 22, 19/3/84",SRC-027,"MPCE/UCAONG — registre des ONG, mpce.gouv.ht, capturé le 14/08/2026",2026-08-14,O,B,v1.2026.08
ONG enregistrées (registre légal),Village Planète,VP,B-0379,16-Nov-05,"36, Rue du Fort, Fort Saint Michel, Cap-Haïtien",,Agriculture,Baie de l&#039;Acul du Nord,Nord,Acul du Nord,HT0321,noms reconnus dans le texte libre des zones déclarées,Haïtienne,Haïtienne,,SRC-027,"MPCE/UCAONG — registre des ONG, mpce.gouv.ht, capturé le 14/08/2026",2026-08-14,O,B,v1.2026.08
ONG enregistrées (registre légal),Visa Loisirs,VL,B-0256,26-Mar-97,"Delmas 56, Shopping Center",,Culture,Port-au-Prince (l&#039;Ouest),Ouest,Port-au-Prince,HT0111,noms reconnus dans le texte libre des zones déclarées,Haïtienne,Haïtienne,,SRC-027,"MPCE/UCAONG — registre des ONG, mpce.gouv.ht, capturé le 14/08/2026",2026-08-14,O,B,v1.2026.08
ONG enregistrées (registre légal),Viva Rio,Viva Rio,B-0457,9-Feb-09,"67, Boulevard Jean Jacques Dessalines",vivario@vivario.org.br,Aide au Développement,Bel-Air et ses environs,,,,zones déclarées non reconnues,Bresilienne,Bresilienne,,SRC-027,"MPCE/UCAONG — registre des ONG, mpce.gouv.ht, capturé le 14/08/2026",2026-08-14,O,B,v1.2026.08
ONG enregistrées (registre légal),Voice of the Children of Haiti / Voix des Enfants d&#039;Haiti,VEH,B-0499,14-Mar-11,"10,Rue Mercedes, Rte de Frere,Pernier",,Aide au Devt Ass. Humanitaire,Tabarre,,Tabarre,HT0118,noms reconnus dans le texte libre des zones déclarées,Américaine,Americaine,,SRC-027,"MPCE/UCAONG — registre des ONG, mpce.gouv.ht, capturé le 14/08/2026",2026-08-14,O,B,v1.2026.08
ONG enregistrées (registre légal),Volontaires Initiatives de Développement Economique et Social,VISES,B-0225,18-Jan-96,"Rue Rival, Cap-Haïtien",,Education,Nord (Cap),Nord,,,noms reconnus dans le texte libre des zones déclarées,Italienne,Italienne,,SRC-027,"MPCE/UCAONG — registre des ONG, mpce.gouv.ht, capturé le 14/08/2026",2026-08-14,O,B,v1.2026.08
ONG enregistrées (registre légal),Volontariat pour le Développement d&#039;Haïti,VDH,B-0277,5-Jun-01,"4, Rue Garoute, Pacot",,. Assistance Sociale,Ouest : Delmas Grande Anse: Dame Marie,Ouest,Dame Marie ; Delmas,HT0112 ; HT0822,noms reconnus dans le texte libre des zones déclarées,Haïtienne,Haïtienne,,SRC-027,"MPCE/UCAONG — registre des ONG, mpce.gouv.ht, capturé le 14/08/2026",2026-08-14,O,B,v1.2026.08
ONG enregistrées (registre légal),War Child Canada,WCC,B-0631,24-Aug-17,,,education - assitance social - protection de l&#039;enfance,Jacmel - cayes - Marigot - Coq chante,,Jacmel ; Marigot,HT0211 ; HT0212,noms reconnus dans le texte libre des zones déclarées,Canadienne,canadienne,,SRC-027,"MPCE/UCAONG — registre des ONG, mpce.gouv.ht, capturé le 14/08/2026",2026-08-14,O,B,v1.2026.08
ONG enregistrées (registre légal),Water for Life/Eau pour la vie,WLF-EV,B-0490,21-Sep-10,"Passe bois d&#039;Orme, 4eme Section Aquin",,Aide au Devt Ass. Humanitaire,Sud(Aquin),Sud,Aquin,HT0731,noms reconnus dans le texte libre des zones déclarées,Américaine,Americaine,,SRC-027,"MPCE/UCAONG — registre des ONG, mpce.gouv.ht, capturé le 14/08/2026",2026-08-14,O,B,v1.2026.08
ONG enregistrées (registre légal),World Harvest For Christ,WHFC,A-0132,17-Nov-88,"156, Poste Cazeau, BP.13101",,Education; Santé; Dévt Communautaire,Ouest,Ouest,,,noms reconnus dans le texte libre des zones déclarées,Américaine,Américaine,# 20 - 9/3/88,SRC-027,"MPCE/UCAONG — registre des ONG, mpce.gouv.ht, capturé le 14/08/2026",2026-08-14,O,B,v1.2026.08
ONG enregistrées (registre légal),World Hunger Relief Inc,WHRI,A-0005,19-Jul-83,B.P 224 P-au-P,,Agriculture; Formation Professionnelle,Agriculture; Formation Professionnelle,,,,zones déclarées non reconnues,Américaine,Américaine,# 72 - 13/10/83,SRC-027,"MPCE/UCAONG — registre des ONG, mpce.gouv.ht, capturé le 14/08/2026",2026-08-14,O,B,v1.2026.08
ONG enregistrées (registre légal),World Neighbors/Vwazen Mondial Ayiti,WN/VMA,B-0269,24-Nov-99,"31, Rue Casseus Pacot, B.P 13170 Delmas",,. Agriculture . Santé/Nutrition; Alphabétisation,. Nord . Nord-Est . Artibonite . Ouest,Ouest ; Nord ; Nord-Est ; Artibonite,,,noms reconnus dans le texte libre des zones déclarées,Américaine,Américaine,,SRC-027,"MPCE/UCAONG — registre des ONG, mpce.gouv.ht, capturé le 14/08/2026",2026-08-14,O,B,v1.2026.08
ONG enregistrées (registre légal),World Relief Corporation,WRC,B-0430,,"61, Ave Martin Luther King, P-au-P",,Santé; Développement,Delmas Christ-Roi Nazon Bas-Fonds Philomène,,Delmas,HT0112,noms reconnus dans le texte libre des zones déclarées,Américaine,Américaine,,SRC-027,"MPCE/UCAONG — registre des ONG, mpce.gouv.ht, capturé le 14/08/2026",2026-08-14,O,B,v1.2026.08
ONG enregistrées (registre légal),World Vision International,WVI,A-0067,5-Jul-85,"9, Imp. Hardy, Juvenat, Canapé-vert",info@wvi.org,Santé; Education; Ass Sociale,Ouest Centre,Ouest ; Centre,,,noms reconnus dans le texte libre des zones déclarées,Américaine,Américaine,# 64 - 12/9/85,SRC-027,"MPCE/UCAONG — registre des ONG, mpce.gouv.ht, capturé le 14/08/2026",2026-08-14,O,B,v1.2026.08
ONG enregistrées (registre légal),Youth Pionner of Haïti/ Jeunesse Pionnière d&#039;Haïti,YPH,B-0413,13-Mar-07,"Complexe 384, Route de Delmas",,Education,Port-au-Prince Fond Parisien,,Port-au-Prince,HT0111,noms reconnus dans le texte libre des zones déclarées,Américaine,Américaine,,SRC-027,"MPCE/UCAONG — registre des ONG, mpce.gouv.ht, capturé le 14/08/2026",2026-08-14,O,B,v1.2026.08
ONG enregistrées (registre légal),Zanmi Lasanté,ZL,B-0212,29-Dec-95,"18A, Route de Santis, CDB // 6, Ruelle Mayard, Christ-Roi, Bourdon, P-au-P, Haïti",wlambert@phi.orgcexpih.org,Santé,Plateau Central (cange),,,,zones déclarées non reconnues,Haïtienne,Haïtienne,# 20 - 11/3/96,SRC-027,"MPCE/UCAONG — registre des ONG, mpce.gouv.ht, capturé le 14/08/2026",2026-08-14,O,B,v1.2026.08
