{"type": "FeatureCollection", "meta": {"source_id": "SRC-057", "licence": "ODbL 1.0 — © contributeurs OpenStreetMap", "attribution": "© contributeurs OpenStreetMap, extrait via Overpass API", "passeport": "PSP-068"}, "features": [{"type": "Feature", "geometry": {"type": "Point", "coordinates": [-72.33096, 18.54332]}, "properties": {"nom": "Pensionnat Sainte Rose de Lima", "famille": "chretien", "religion_osm": "christian", "denomination_osm": "", "pcode_commune": "HT0111", "commune": ""}}, {"type": "Feature", "geometry": {"type": "Point", "coordinates": [-72.69528, 19.44541]}, "properties": {"nom": "Église Protestante", "famille": "chretien", "religion_osm": "christian", "denomination_osm": "protestant", "pcode_commune": "HT0511", "commune": ""}}, {"type": "Feature", "geometry": {"type": "Point", "coordinates": [-72.68959, 19.44239]}, "properties": {"nom": "Église Saint Francois", "famille": "chretien", "religion_osm": "christian", "denomination_osm": "catholic", "pcode_commune": "HT0511", "commune": ""}}, {"type": "Feature", "geometry": {"type": "Point", "coordinates": [-72.203, 19.75999]}, "properties": {"nom": "Premiere Eglise Baptiste de la Rue 14 K", "famille": "chretien", "religion_osm": "christian", "denomination_osm": "protestant", "pcode_commune": "HT0311", "commune": ""}}, {"type": "Feature", "geometry": {"type": "Point", "coordinates": [-73.75726, 18.19936]}, "properties": {"nom": "Temple Protestant", "famille": "chretien", "religion_osm": "christian", "denomination_osm": "", "pcode_commune": "HT0711", "commune": ""}}, {"type": "Feature", "geometry": {"type": "Point", "coordinates": [-72.62924, 18.50918]}, "properties": {"nom": "American Church", "famille": "chretien", "religion_osm": "christian", "denomination_osm": "", "pcode_commune": "HT0121", "commune": ""}}, {"type": "Feature", "geometry": {"type": "Point", "coordinates": [-72.62672, 18.50599]}, "properties": {"nom": "Steve Chapel Ebenezer", "famille": "chretien", "religion_osm": "christian", "denomination_osm": "", "pcode_commune": "HT0121", "commune": ""}}, {"type": "Feature", "geometry": {"type": "Point", "coordinates": [-72.62183, 18.50659]}, "properties": {"nom": "Eglise Du Nazareen", "famille": "chretien", "religion_osm": "christian", "denomination_osm": "", "pcode_commune": "HT0121", "commune": ""}}, {"type": "Feature", "geometry": {"type": "Point", "coordinates": [-72.6329, 18.5101]}, "properties": {"nom": "Morgue Paradise", "famille": "chretien", "religion_osm": "christian", "denomination_osm": "", "pcode_commune": "HT0121", "commune": ""}}, {"type": "Feature", "geometry": {"type": "Point", "coordinates": [-72.86619, 18.4297]}, "properties": {"nom": "Eglise Catholique", "famille": "chretien", "religion_osm": "christian", "denomination_osm": "catholic", "pcode_commune": "HT0122", "commune": ""}}, {"type": "Feature", "geometry": {"type": "Point", "coordinates": [-72.12612, 19.66884]}, "properties": {"nom": "Église Sainte Anne de Limonade", "famille": "chretien", "religion_osm": "christian", "denomination_osm": "", "pcode_commune": "HT0313", "commune": ""}}, {"type": "Feature", "geometry": {"type": "Point", "coordinates": [-72.45481, 18.44612]}, "properties": {"nom": "St Francois Xavier", "famille": "non_renseigne", "religion_osm": "", "denomination_osm": "", "pcode_commune": "HT0113", "commune": ""}}, {"type": "Feature", "geometry": {"type": "Point", "coordinates": [-71.72234, 19.55009]}, "properties": {"nom": "Église Baptiste", "famille": "chretien", "religion_osm": "christian", "denomination_osm": "baptist", "pcode_commune": "HT0421", "commune": ""}}, {"type": "Feature", "geometry": {"type": "Point", "coordinates": [-71.72377, 19.55103]}, "properties": {"nom": "Église Notre-Dame de Ouanaminthe", "famille": "chretien", "religion_osm": "christian", "denomination_osm": "catholic", "pcode_commune": "HT0421", "commune": ""}}, {"type": "Feature", "geometry": {"type": "Point", "coordinates": [-71.72595, 19.55063]}, "properties": {"nom": "Église Adventiste", "famille": "chretien", "religion_osm": "christian", "denomination_osm": "adventist", "pcode_commune": "HT0421", "commune": ""}}, {"type": "Feature", "geometry": {"type": "Point", "coordinates": [-72.50946, 18.4442]}, "properties": {"nom": "Chapelle Notre Dame de Lourdes", "famille": "non_renseigne", "religion_osm": "", "denomination_osm": "", "pcode_commune": "HT0121", "commune": ""}}, {"type": "Feature", "geometry": {"type": "Point", "coordinates": [-72.48607, 18.43601]}, "properties": {"nom": "St. Barthelemy", "famille": "non_renseigne", "religion_osm": "", "denomination_osm": "", "pcode_commune": "HT0121", "commune": ""}}, {"type": "Feature", "geometry": {"type": "Point", "coordinates": [-72.48561, 18.45926]}, "properties": {"nom": "Eglise St. Thomas", "famille": "chretien", "religion_osm": "christian", "denomination_osm": "", "pcode_commune": "HT0121", "commune": ""}}, {"type": "Feature", "geometry": {"type": "Point", "coordinates": [-72.42181, 18.42402]}, "properties": {"nom": "Eglise Ste. Marie", "famille": "chretien", "religion_osm": "christian", "denomination_osm": "", "pcode_commune": "HT0113", "commune": ""}}, {"type": "Feature", "geometry": {"type": "Point", "coordinates": [-72.30853, 18.59288]}, "properties": {"nom": "Eglise de Dieu de Jesus Christ", "famille": "chretien", "religion_osm": "christian", "denomination_osm": "protestant", "pcode_commune": "HT0117", "commune": ""}}, {"type": "Feature", "geometry": {"type": "Point", "coordinates": [-72.28598, 18.56406]}, "properties": {"nom": "egise baptiste de salem", "famille": "chretien", "religion_osm": "christian", "denomination_osm": "evangelical", "pcode_commune": "HT0112", "commune": ""}}, {"type": "Feature", "geometry": {"type": "Point", "coordinates": [-72.20481, 19.7625]}, "properties": {"nom": "Saint Joseph Church", "famille": "chretien", "religion_osm": "christian", "denomination_osm": "", "pcode_commune": "HT0311", "commune": ""}}, {"type": "Feature", "geometry": {"type": "Point", "coordinates": [-72.86207, 18.42882]}, "properties": {"nom": "Church Apostolique", "famille": "chretien", "religion_osm": "christian", "denomination_osm": "", "pcode_commune": "HT0122", "commune": ""}}, {"type": "Feature", "geometry": {"type": "Point", "coordinates": [-72.86671, 18.4304]}, "properties": {"nom": "temple Adventiste Maranatha", "famille": "chretien", "religion_osm": "christian", "denomination_osm": "seventh_day_adventist", "pcode_commune": "HT0122", "commune": ""}}, {"type": "Feature", "geometry": {"type": "Point", "coordinates": [-72.86739, 18.43203]}, "properties": {"nom": "Eglise Methodiste d'Haiti", "famille": "chretien", "religion_osm": "christian", "denomination_osm": "methodist", "pcode_commune": "HT0122", "commune": ""}}, {"type": "Feature", "geometry": {"type": "Point", "coordinates": [-72.86774, 18.42993]}, "properties": {"nom": "Eglise Notre- Dame", "famille": "chretien", "religion_osm": "christian", "denomination_osm": "catholic", "pcode_commune": "HT0122", "commune": ""}}, {"type": "Feature", "geometry": {"type": "Point", "coordinates": [-72.16948, 19.57727]}, "properties": {"nom": "oui", "famille": "chretien", "religion_osm": "christian", "denomination_osm": "", "pcode_commune": "HT0331", "commune": ""}}, {"type": "Feature", "geometry": {"type": "Point", "coordinates": [-73.76339, 18.21255]}, "properties": {"nom": "Eglise Evan Baptise", "famille": "chretien", "religion_osm": "christian", "denomination_osm": "", "pcode_commune": "HT0711", "commune": ""}}, {"type": "Feature", "geometry": {"type": "Point", "coordinates": [-72.24209, 19.52631]}, "properties": {"nom": "Saint-Martin de Tours", "famille": "chretien", "religion_osm": "christian", "denomination_osm": "catholic", "pcode_commune": "HT0342", "commune": ""}}, {"type": "Feature", "geometry": {"type": "Point", "coordinates": [-72.29775, 18.54045]}, "properties": {"nom": "Eglise Altagracia", "famille": "chretien", "religion_osm": "christian", "denomination_osm": "catholic", "pcode_commune": "HT0112", "commune": ""}}, {"type": "Feature", "geometry": {"type": "Point", "coordinates": [-72.33578, 18.57631]}, "properties": {"nom": "Eglise St Anne de soleil 19", "famille": "chretien", "religion_osm": "christian", "denomination_osm": "catholic", "pcode_commune": "HT0117", "commune": ""}}, {"type": "Feature", "geometry": {"type": "Point", "coordinates": [-72.51935, 18.24108]}, "properties": {"nom": "Buddha Statue", "famille": "non_renseigne", "religion_osm": "", "denomination_osm": "", "pcode_commune": "HT0211", "commune": ""}}, {"type": "Feature", "geometry": {"type": "Point", "coordinates": [-72.62114, 18.90248]}, "properties": {"nom": "Saint Benois monastry", "famille": "chretien", "religion_osm": "christian", "denomination_osm": "catholic", "pcode_commune": "HT0141", "commune": ""}}, {"type": "Feature", "geometry": {"type": "Point", "coordinates": [-72.34892, 18.53434]}, "properties": {"nom": "Centre d' ebergement source de la grace", "famille": "chretien", "religion_osm": "christian", "denomination_osm": "", "pcode_commune": "HT0111", "commune": ""}}, {"type": "Feature", "geometry": {"type": "Point", "coordinates": [-72.35006, 18.53418]}, "properties": {"nom": "Église de Dieu La Prophétie", "famille": "chretien", "religion_osm": "christian", "denomination_osm": "", "pcode_commune": "HT0111", "commune": ""}}, {"type": "Feature", "geometry": {"type": "Point", "coordinates": [-72.58412, 18.5061]}, "properties": {"nom": "L'Eglise de St. Matthew", "famille": "chretien", "religion_osm": "christian", "denomination_osm": "evangelical", "pcode_commune": "HT0121", "commune": ""}}, {"type": "Feature", "geometry": {"type": "Point", "coordinates": [-72.30925, 18.59034]}, "properties": {"nom": "Mission Eglise de Dieu du Dernier Temps d'Haiti", "famille": "chretien", "religion_osm": "christian", "denomination_osm": "protestant", "pcode_commune": "HT0117", "commune": ""}}, {"type": "Feature", "geometry": {"type": "Point", "coordinates": [-72.29694, 18.55463]}, "properties": {"nom": "Centre Activites Eglise ASBF", "famille": "non_renseigne", "religion_osm": "", "denomination_osm": "", "pcode_commune": "HT0112", "commune": ""}}, {"type": "Feature", "geometry": {"type": "Point", "coordinates": [-72.26557, 18.55489]}, "properties": {"nom": "Eglise soldat de la croix du christ", "famille": "chretien", "religion_osm": "christian", "denomination_osm": "protestant", "pcode_commune": "HT0112", "commune": ""}}, {"type": "Feature", "geometry": {"type": "Point", "coordinates": [-72.31468, 18.58033]}, "properties": {"nom": "Eglise Bethel Assemblée chretienne", "famille": "chretien", "religion_osm": "christian", "denomination_osm": "protestant", "pcode_commune": "HT0117", "commune": ""}}, {"type": "Feature", "geometry": {"type": "Point", "coordinates": [-72.29266, 18.59031]}, "properties": {"nom": "Assemblée de Dieu de damien", "famille": "chretien", "religion_osm": "christian", "denomination_osm": "protestant", "pcode_commune": "HT0117", "commune": ""}}, {"type": "Feature", "geometry": {"type": "Point", "coordinates": [-72.32371, 18.573]}, "properties": {"nom": "Eglise croisade nationale des églises évangéliques", "famille": "chretien", "religion_osm": "christian", "denomination_osm": "protestant", "pcode_commune": "HT0112", "commune": ""}}, {"type": "Feature", "geometry": {"type": "Point", "coordinates": [-72.32826, 18.57787]}, "properties": {"nom": "Eglise Rachetés de Jésus christ", "famille": "chretien", "religion_osm": "christian", "denomination_osm": "baptist", "pcode_commune": "HT0117", "commune": ""}}, {"type": "Feature", "geometry": {"type": "Point", "coordinates": [-71.85776, 18.38776]}, "properties": {"nom": "EGLISE DE DIEU DE FONDS-VERRETTES", "famille": "chretien", "religion_osm": "christian", "denomination_osm": "protestant", "pcode_commune": "HT0135", "commune": ""}}, {"type": "Feature", "geometry": {"type": "Point", "coordinates": [-72.31012, 18.59231]}, "properties": {"nom": "Eglise Evangelique Baptiste de Sarthe", "famille": "chretien", "religion_osm": "christian", "denomination_osm": "protestant", "pcode_commune": "HT0117", "commune": ""}}, {"type": "Feature", "geometry": {"type": "Point", "coordinates": [-72.32868, 18.5749]}, "properties": {"nom": "Eglise de Dieu Union des frères", "famille": "chretien", "religion_osm": "christian", "denomination_osm": "pentecostal", "pcode_commune": "HT0117", "commune": ""}}, {"type": "Feature", "geometry": {"type": "Point", "coordinates": [-72.32734, 18.57487]}, "properties": {"nom": "Église de Dieu par la Foi", "famille": "chretien", "religion_osm": "christian", "denomination_osm": "protestant", "pcode_commune": "HT0117", "commune": ""}}, {"type": "Feature", "geometry": {"type": "Point", "coordinates": [-72.30556, 18.59056]}, "properties": {"nom": "Eglise Baptiste de Lime", "famille": "chretien", "religion_osm": "christian", "denomination_osm": "", "pcode_commune": "HT0117", "commune": ""}}, {"type": "Feature", "geometry": {"type": "Point", "coordinates": [-72.30869, 18.58207]}, "properties": {"nom": "Eglise Methodiste libre de P-au-P filiale", "famille": "chretien", "religion_osm": "christian", "denomination_osm": "", "pcode_commune": "HT0117", "commune": ""}}, {"type": "Feature", "geometry": {"type": "Point", "coordinates": [-72.30865, 18.59069]}, "properties": {"nom": "Eglise de Dieu maranatha", "famille": "chretien", "religion_osm": "christian", "denomination_osm": "", "pcode_commune": "HT0117", "commune": ""}}, {"type": "Feature", "geometry": {"type": "Point", "coordinates": [-72.70051, 18.95231]}, "properties": {"nom": "Pastor Precol's Church", "famille": "chretien", "religion_osm": "christian", "denomination_osm": "", "pcode_commune": "HT0141", "commune": ""}}, {"type": "Feature", "geometry": {"type": "Point", "coordinates": [-72.70041, 18.94772]}, "properties": {"nom": "Andre's Church", "famille": "chretien", "religion_osm": "christian", "denomination_osm": "", "pcode_commune": "HT0141", "commune": ""}}, {"type": "Feature", "geometry": {"type": "Point", "coordinates": [-72.70685, 18.95564]}, "properties": {"nom": "Pastor McGeul's Church", "famille": "chretien", "religion_osm": "christian", "denomination_osm": "", "pcode_commune": "HT0531", "commune": ""}}, {"type": "Feature", "geometry": {"type": "Point", "coordinates": [-72.69712, 18.94753]}, "properties": {"nom": "Prayer Church", "famille": "chretien", "religion_osm": "christian", "denomination_osm": "", "pcode_commune": "HT0141", "commune": ""}}, {"type": "Feature", "geometry": {"type": "Point", "coordinates": [-72.68921, 18.98549]}, "properties": {"nom": "Mountain Church", "famille": "chretien", "religion_osm": "christian", "denomination_osm": "", "pcode_commune": "HT0531", "commune": ""}}, {"type": "Feature", "geometry": {"type": "Point", "coordinates": [-73.19156, 19.85209]}, "properties": {"nom": "Église Catholique Saint Jean Baptiste", "famille": "chretien", "religion_osm": "christian", "denomination_osm": "catholic", "pcode_commune": "HT0934", "commune": ""}}, {"type": "Feature", "geometry": {"type": "Point", "coordinates": [-72.33471, 18.57775]}, "properties": {"nom": "eglise mpe(ministere pasteur enock)", "famille": "chretien", "religion_osm": "christian", "denomination_osm": "protestant", "pcode_commune": "HT0117", "commune": ""}}, {"type": "Feature", "geometry": {"type": "Point", "coordinates": [-72.53317, 18.2343]}, "properties": {"nom": "Salle du Royaume des Temoins de Jehova", "famille": "non_renseigne", "religion_osm": "", "denomination_osm": "", "pcode_commune": "HT0211", "commune": ""}}, {"type": "Feature", "geometry": {"type": "Point", "coordinates": [-72.69597, 19.46712]}, "properties": {"nom": "Eglise Methodiste", "famille": "chretien", "religion_osm": "christian", "denomination_osm": "protestant", "pcode_commune": "HT0511", "commune": ""}}, {"type": "Feature", "geometry": {"type": "Point", "coordinates": [-72.69463, 19.46583]}, "properties": {"nom": "Assemblee Apostolique", "famille": "chretien", "religion_osm": "christian", "denomination_osm": "protestant", "pcode_commune": "HT0511", "commune": ""}}, {"type": "Feature", "geometry": {"type": "Point", "coordinates": [-72.69364, 19.46477]}, "properties": {"nom": "Eglise du corps de Christ", "famille": "chretien", "religion_osm": "christian", "denomination_osm": "protestant", "pcode_commune": "HT0511", "commune": ""}}, {"type": "Feature", "geometry": {"type": "Point", "coordinates": [-72.69548, 19.46667]}, "properties": {"nom": "Eglise chretienne", "famille": "chretien", "religion_osm": "christian", "denomination_osm": "protestant", "pcode_commune": "HT0511", "commune": ""}}, {"type": "Feature", "geometry": {"type": "Point", "coordinates": [-72.69372, 19.46334]}, "properties": {"nom": "Eglise Evengelique du salut", "famille": "chretien", "religion_osm": "christian", "denomination_osm": "protestant", "pcode_commune": "HT0511", "commune": ""}}, {"type": "Feature", "geometry": {"type": "Point", "coordinates": [-72.7002, 19.47023]}, "properties": {"nom": "Mosquée ALMUNAWAR", "famille": "musulman", "religion_osm": "muslim", "denomination_osm": "", "pcode_commune": "HT0511", "commune": ""}}, {"type": "Feature", "geometry": {"type": "Point", "coordinates": [-72.69837, 19.47298]}, "properties": {"nom": "Eglise Corps de Christ", "famille": "chretien", "religion_osm": "christian", "denomination_osm": "protestant", "pcode_commune": "HT0511", "commune": ""}}, {"type": "Feature", "geometry": {"type": "Point", "coordinates": [-72.70202, 19.47419]}, "properties": {"nom": "Eglise Nazareen", "famille": "chretien", "religion_osm": "christian", "denomination_osm": "protestant", "pcode_commune": "HT0511", "commune": ""}}, {"type": "Feature", "geometry": {"type": "Point", "coordinates": [-72.53568, 18.23668]}, "properties": {"nom": "Temple Adventiste du7eme Jour Schekinah", "famille": "chretien", "religion_osm": "christian", "denomination_osm": "evangelical", "pcode_commune": "HT0211", "commune": ""}}, {"type": "Feature", "geometry": {"type": "Point", "coordinates": [-72.30817, 18.55022]}, "properties": {"nom": "Centre Jésus", "famille": "chretien", "religion_osm": "christian", "denomination_osm": "evangelical", "pcode_commune": "HT0112", "commune": ""}}, {"type": "Feature", "geometry": {"type": "Point", "coordinates": [-72.06631, 18.23616]}, "properties": {"nom": "vierge baurette", "famille": "chretien", "religion_osm": "christian", "denomination_osm": "catholic", "pcode_commune": "HT0231", "commune": ""}}, {"type": "Feature", "geometry": {"type": "Point", "coordinates": [-71.90434, 18.23972]}, "properties": {"nom": "eglise de dieu de la prophetie", "famille": "chretien", "religion_osm": "christian", "denomination_osm": "evangelical", "pcode_commune": "HT0232", "commune": ""}}, {"type": "Feature", "geometry": {"type": "Point", "coordinates": [-72.00136, 18.26227]}, "properties": {"nom": "ecole notre dame de mont carmelle de pichon", "famille": "chretien", "religion_osm": "christian", "denomination_osm": "catholic", "pcode_commune": "HT0231", "commune": ""}}, {"type": "Feature", "geometry": {"type": "Point", "coordinates": [-72.05223, 18.27227]}, "properties": {"nom": "Eglise Baptiste de Bel-air", "famille": "chretien", "religion_osm": "christian", "denomination_osm": "baptist", "pcode_commune": "HT0231", "commune": ""}}, {"type": "Feature", "geometry": {"type": "Point", "coordinates": [-72.51627, 19.258]}, "properties": {"nom": "Église de Dieu", "famille": "chretien", "religion_osm": "christian", "denomination_osm": "evangelical", "pcode_commune": "HT0541", "commune": ""}}, {"type": "Feature", "geometry": {"type": "Point", "coordinates": [-72.48896, 19.17682]}, "properties": {"nom": "Eglise Baptiste Armee du Christ de Boission", "famille": "chretien", "religion_osm": "christian", "denomination_osm": "", "pcode_commune": "HT0541", "commune": ""}}, {"type": "Feature", "geometry": {"type": "Point", "coordinates": [-72.686, 19.43989]}, "properties": {"nom": "Eglise", "famille": "chretien", "religion_osm": "christian", "denomination_osm": "", "pcode_commune": "HT0511", "commune": ""}}, {"type": "Feature", "geometry": {"type": "Point", "coordinates": [-72.68894, 19.43896]}, "properties": {"nom": "Peristil Ti Boukan", "famille": "vodou", "religion_osm": "voodoo", "denomination_osm": "", "pcode_commune": "HT0511", "commune": ""}}, {"type": "Feature", "geometry": {"type": "Point", "coordinates": [-72.3087, 18.55385]}, "properties": {"nom": "Église Évangélique Béthel Delmas 29", "famille": "chretien", "religion_osm": "christian", "denomination_osm": "evangelical", "pcode_commune": "HT0112", "commune": ""}}, {"type": "Feature", "geometry": {"type": "Point", "coordinates": [-72.54003, 18.24035]}, "properties": {"nom": "eglese tabernacle de jacmel", "famille": "chretien", "religion_osm": "christian", "denomination_osm": "evangelical", "pcode_commune": "HT0211", "commune": ""}}, {"type": "Feature", "geometry": {"type": "Point", "coordinates": [-72.53797, 18.23856]}, "properties": {"nom": "Eglise sur le Rocher", "famille": "chretien", "religion_osm": "christian", "denomination_osm": "baptist", "pcode_commune": "HT0211", "commune": ""}}, {"type": "Feature", "geometry": {"type": "Point", "coordinates": [-71.95411, 18.67492]}, "properties": {"nom": "Eglise Pentecote 2eme section Plaine Celeste", "famille": "chretien", "religion_osm": "christian", "denomination_osm": "pentecostal", "pcode_commune": "HT0134", "commune": ""}}, {"type": "Feature", "geometry": {"type": "Point", "coordinates": [-72.00971, 18.67445]}, "properties": {"nom": "eglise catholique de zorange", "famille": "chretien", "religion_osm": "christian", "denomination_osm": "catholic", "pcode_commune": "HT0134", "commune": ""}}, {"type": "Feature", "geometry": {"type": "Point", "coordinates": [-72.04728, 18.66834]}, "properties": {"nom": "eglise de dieu de marre pintade", "famille": "chretien", "religion_osm": "christian", "denomination_osm": "pentecostal", "pcode_commune": "HT0134", "commune": ""}}, {"type": "Feature", "geometry": {"type": "Point", "coordinates": [-71.87796, 18.66386]}, "properties": {"nom": "eglise chretienne des rachetes de la toison", "famille": "chretien", "religion_osm": "christian", "denomination_osm": "pentecostal", "pcode_commune": "HT0134", "commune": ""}}, {"type": "Feature", "geometry": {"type": "Point", "coordinates": [-71.95264, 18.6753]}, "properties": {"nom": "Eglise Catholique de Cornillon", "famille": "chretien", "religion_osm": "christian", "denomination_osm": "catholic", "pcode_commune": "HT0134", "commune": ""}}, {"type": "Feature", "geometry": {"type": "Point", "coordinates": [-72.01605, 18.67479]}, "properties": {"nom": "eglise baptiste conservative de boben", "famille": "chretien", "religion_osm": "christian", "denomination_osm": "baptist", "pcode_commune": "HT0134", "commune": ""}}, {"type": "Feature", "geometry": {"type": "Point", "coordinates": [-72.28291, 18.56069]}, "properties": {"nom": "Assemblee Chretienne Unie d'Haiti", "famille": "chretien", "religion_osm": "christian", "denomination_osm": "evangelical", "pcode_commune": "HT0112", "commune": ""}}, {"type": "Feature", "geometry": {"type": "Point", "coordinates": [-72.28891, 18.55724]}, "properties": {"nom": "Eglise Baptiste Missionnaire", "famille": "chretien", "religion_osm": "christian", "denomination_osm": "protestant", "pcode_commune": "HT0112", "commune": ""}}, {"type": "Feature", "geometry": {"type": "Point", "coordinates": [-72.28158, 18.55665]}, "properties": {"nom": "Eglise Evangelique de Fraternité", "famille": "chretien", "religion_osm": "christian", "denomination_osm": "evangelical", "pcode_commune": "HT0112", "commune": ""}}, {"type": "Feature", "geometry": {"type": "Point", "coordinates": [-72.31156, 18.5619]}, "properties": {"nom": "Mission Batiste de la Bible d'haiti", "famille": "chretien", "religion_osm": "christian", "denomination_osm": "evangelical", "pcode_commune": "HT0112", "commune": ""}}, {"type": "Feature", "geometry": {"type": "Point", "coordinates": [-72.31546, 18.56174]}, "properties": {"nom": "l'eglise chretienne independante", "famille": "chretien", "religion_osm": "christian", "denomination_osm": "protestant", "pcode_commune": "HT0112", "commune": ""}}, {"type": "Feature", "geometry": {"type": "Point", "coordinates": [-72.30843, 18.56513]}, "properties": {"nom": "pont cite au cayes", "famille": "non_renseigne", "religion_osm": "", "denomination_osm": "", "pcode_commune": "HT0112", "commune": ""}}, {"type": "Feature", "geometry": {"type": "Point", "coordinates": [-72.2953, 18.56594]}, "properties": {"nom": "eglise baptiste de l'habitation", "famille": "chretien", "religion_osm": "christian", "denomination_osm": "evangelical", "pcode_commune": "HT0112", "commune": ""}}, {"type": "Feature", "geometry": {"type": "Point", "coordinates": [-72.54122, 18.23779]}, "properties": {"nom": "eglise saint -michel archange", "famille": "chretien", "religion_osm": "christian", "denomination_osm": "presbyterian", "pcode_commune": "HT0211", "commune": ""}}, {"type": "Feature", "geometry": {"type": "Point", "coordinates": [-72.53195, 18.23655]}, "properties": {"nom": "eglise nazareen de jacmel", "famille": "chretien", "religion_osm": "christian", "denomination_osm": "protestant", "pcode_commune": "HT0211", "commune": ""}}, {"type": "Feature", "geometry": {"type": "Point", "coordinates": [-72.63828, 19.4899]}, "properties": {"nom": "Eglise Nazareen des deux fontaines", "famille": "chretien", "religion_osm": "christian", "denomination_osm": "", "pcode_commune": "HT0511", "commune": ""}}, {"type": "Feature", "geometry": {"type": "Point", "coordinates": [-72.63199, 19.50253]}, "properties": {"nom": "100% vodou", "famille": "vodou", "religion_osm": "voodoo", "denomination_osm": "", "pcode_commune": "HT0511", "commune": ""}}, {"type": "Feature", "geometry": {"type": "Point", "coordinates": [-72.64452, 19.49353]}, "properties": {"nom": "Temple Saint Jacques", "famille": "vodou", "religion_osm": "voodoo", "denomination_osm": "", "pcode_commune": "HT0511", "commune": ""}}, {"type": "Feature", "geometry": {"type": "Point", "coordinates": [-72.6761, 19.4807]}, "properties": {"nom": "Eglise Chretienne de Jesus Christ Independante", "famille": "chretien", "religion_osm": "christian", "denomination_osm": "protestant", "pcode_commune": "HT0511", "commune": ""}}, {"type": "Feature", "geometry": {"type": "Point", "coordinates": [-72.6746, 19.48077]}, "properties": {"nom": "NEIB (Nouvelle Eglise independante de Bretagne 6)", "famille": "chretien", "religion_osm": "christian", "denomination_osm": "protestant", "pcode_commune": "HT0511", "commune": ""}}, {"type": "Feature", "geometry": {"type": "Point", "coordinates": [-72.61642, 19.6096]}, "properties": {"nom": "eglise catholique dolette", "famille": "chretien", "religion_osm": "christian", "denomination_osm": "evangelical", "pcode_commune": "HT0511", "commune": ""}}, {"type": "Feature", "geometry": {"type": "Point", "coordinates": [-72.61661, 19.60886]}, "properties": {"nom": "eglise adventiste labranle de dolette", "famille": "chretien", "religion_osm": "christian", "denomination_osm": "evangelical", "pcode_commune": "HT0511", "commune": ""}}, {"type": "Feature", "geometry": {"type": "Point", "coordinates": [-72.62646, 19.5233]}, "properties": {"nom": "eglisebaptiste desbarrieres", "famille": "chretien", "religion_osm": "christian", "denomination_osm": "evangelical", "pcode_commune": "HT0511", "commune": ""}}, {"type": "Feature", "geometry": {"type": "Point", "coordinates": [-72.61899, 19.5239]}, "properties": {"nom": "eglise", "famille": "chretien", "religion_osm": "christian", "denomination_osm": "evangelical", "pcode_commune": "HT0511", "commune": ""}}, {"type": "Feature", "geometry": {"type": "Point", "coordinates": [-72.61601, 19.61157]}, "properties": {"nom": "eglise baptiste du calvaire", "famille": "chretien", "religion_osm": "christian", "denomination_osm": "evangelical", "pcode_commune": "HT0511", "commune": ""}}, {"type": "Feature", "geometry": {"type": "Point", "coordinates": [-72.61795, 19.60916]}, "properties": {"nom": "eglise et ecole nazareen la foi", "famille": "chretien", "religion_osm": "christian", "denomination_osm": "evangelical", "pcode_commune": "HT0511", "commune": ""}}, {"type": "Feature", "geometry": {"type": "Point", "coordinates": [-72.63761, 19.5221]}, "properties": {"nom": "eglise methodiste libre", "famille": "chretien", "religion_osm": "christian", "denomination_osm": "methodist", "pcode_commune": "HT0511", "commune": ""}}, {"type": "Feature", "geometry": {"type": "Point", "coordinates": [-72.62633, 19.52304]}, "properties": {"nom": "eglise chretienne de desbarrieres", "famille": "chretien", "religion_osm": "christian", "denomination_osm": "evangelical", "pcode_commune": "HT0511", "commune": ""}}, {"type": "Feature", "geometry": {"type": "Point", "coordinates": [-72.63499, 19.52248]}, "properties": {"nom": "eglise chretienne desbarrieres", "famille": "chretien", "religion_osm": "christian", "denomination_osm": "protestant", "pcode_commune": "HT0511", "commune": ""}}, {"type": "Feature", "geometry": {"type": "Point", "coordinates": [-72.61794, 19.60916]}, "properties": {"nom": "eglise et ecole nazareen la foi", "famille": "chretien", "religion_osm": "christian", "denomination_osm": "evangelical", "pcode_commune": "HT0511", "commune": ""}}, {"type": "Feature", "geometry": {"type": "Point", "coordinates": [-72.63035, 19.57133]}, "properties": {"nom": "Methodiste Libre Dubedou", "famille": "chretien", "religion_osm": "christian", "denomination_osm": "evangelical", "pcode_commune": "HT0511", "commune": ""}}, {"type": "Feature", "geometry": {"type": "Point", "coordinates": [-72.69934, 19.5457]}, "properties": {"nom": "eglise de bassin", "famille": "chretien", "religion_osm": "christian", "denomination_osm": "catholic", "pcode_commune": "HT0511", "commune": ""}}, {"type": "Feature", "geometry": {"type": "Point", "coordinates": [-72.68168, 19.44161]}, "properties": {"nom": "Eglise de Dieu de l'unite", "famille": "chretien", "religion_osm": "christian", "denomination_osm": "evangelical", "pcode_commune": "HT0511", "commune": ""}}, {"type": "Feature", "geometry": {"type": "Point", "coordinates": [-72.68285, 19.44184]}, "properties": {"nom": "Eglise Amour de Dieu", "famille": "chretien", "religion_osm": "christian", "denomination_osm": "evangelical", "pcode_commune": "HT0511", "commune": ""}}, {"type": "Feature", "geometry": {"type": "Point", "coordinates": [-72.67484, 19.46454]}, "properties": {"nom": "Eglise Baptiste eben-ezer", "famille": "chretien", "religion_osm": "christian", "denomination_osm": "evangelical", "pcode_commune": "HT0511", "commune": ""}}, {"type": "Feature", "geometry": {"type": "Point", "coordinates": [-72.64482, 19.4776]}, "properties": {"nom": "eglise evangelique chretienne de k-yon", "famille": "chretien", "religion_osm": "christian", "denomination_osm": "baptist", "pcode_commune": "HT0511", "commune": ""}}, {"type": "Feature", "geometry": {"type": "Point", "coordinates": [-72.65136, 19.47302]}, "properties": {"nom": "Eglise catholique de K-yon", "famille": "chretien", "religion_osm": "christian", "denomination_osm": "catholic", "pcode_commune": "HT0511", "commune": ""}}, {"type": "Feature", "geometry": {"type": "Point", "coordinates": [-72.65469, 19.48519]}, "properties": {"nom": "Église Chrétienne K-fou Joffre", "famille": "chretien", "religion_osm": "christian", "denomination_osm": "baptist", "pcode_commune": "HT0511", "commune": ""}}, {"type": "Feature", "geometry": {"type": "Point", "coordinates": [-72.53385, 18.2331]}, "properties": {"nom": "eglise maranatha de la pencote", "famille": "chretien", "religion_osm": "christian", "denomination_osm": "protestant", "pcode_commune": "HT0211", "commune": ""}}, {"type": "Feature", "geometry": {"type": "Point", "coordinates": [-72.53335, 18.23728]}, "properties": {"nom": "egllise du calvaire", "famille": "non_renseigne", "religion_osm": "", "denomination_osm": "", "pcode_commune": "HT0211", "commune": ""}}, {"type": "Feature", "geometry": {"type": "Point", "coordinates": [-72.33551, 18.55267]}, "properties": {"nom": "Eglise Chretienne de la redemption", "famille": "chretien", "religion_osm": "christian", "denomination_osm": "evangelical", "pcode_commune": "HT0111", "commune": ""}}, {"type": "Feature", "geometry": {"type": "Point", "coordinates": [-72.33633, 18.55581]}, "properties": {"nom": "Église de Dieu Eben-Ezer", "famille": "chretien", "religion_osm": "christian", "denomination_osm": "evangelical", "pcode_commune": "HT0112", "commune": ""}}, {"type": "Feature", "geometry": {"type": "Point", "coordinates": [-72.33682, 18.55393]}, "properties": {"nom": "2e Eglise Baptiste", "famille": "chretien", "religion_osm": "christian", "denomination_osm": "evangelical", "pcode_commune": "HT0111", "commune": ""}}, {"type": "Feature", "geometry": {"type": "Point", "coordinates": [-72.33697, 18.55407]}, "properties": {"nom": "Eglise source de vie rue st martin #97", "famille": "chretien", "religion_osm": "christian", "denomination_osm": "evangelical", "pcode_commune": "HT0111", "commune": ""}}, {"type": "Feature", "geometry": {"type": "Point", "coordinates": [-72.3364, 18.55299]}, "properties": {"nom": "Eglise la foi Apostolique", "famille": "chretien", "religion_osm": "christian", "denomination_osm": "evangelical", "pcode_commune": "HT0111", "commune": ""}}, {"type": "Feature", "geometry": {"type": "Point", "coordinates": [-72.34052, 18.55606]}, "properties": {"nom": "Eglise remberry methodiste libre d'Haiti rue st martin # 25", "famille": "chretien", "religion_osm": "christian", "denomination_osm": "evangelical", "pcode_commune": "HT0111", "commune": ""}}, {"type": "Feature", "geometry": {"type": "Point", "coordinates": [-72.33903, 18.55394]}, "properties": {"nom": "Église Évangélique Nazaréen Libre", "famille": "chretien", "religion_osm": "christian", "denomination_osm": "evangelical", "pcode_commune": "HT0111", "commune": ""}}, {"type": "Feature", "geometry": {"type": "Point", "coordinates": [-72.33502, 18.55565]}, "properties": {"nom": "Église Évangélique de la Bonne Marche", "famille": "chretien", "religion_osm": "christian", "denomination_osm": "evangelical", "pcode_commune": "HT0112", "commune": ""}}, {"type": "Feature", "geometry": {"type": "Point", "coordinates": [-72.3295, 18.55304]}, "properties": {"nom": "Mission Eglise Evangelique de Rachetes", "famille": "chretien", "religion_osm": "christian", "denomination_osm": "evangelical", "pcode_commune": "HT0112", "commune": ""}}, {"type": "Feature", "geometry": {"type": "Point", "coordinates": [-72.3308, 18.55658]}, "properties": {"nom": "Eglise Evangelique Christ Redempteur d'Haiti", "famille": "chretien", "religion_osm": "christian", "denomination_osm": "evangelical", "pcode_commune": "HT0112", "commune": ""}}, {"type": "Feature", "geometry": {"type": "Point", "coordinates": [-72.33017, 18.55759]}, "properties": {"nom": "Eglise de Dieu saintete de delmas 6", "famille": "chretien", "religion_osm": "christian", "denomination_osm": "evangelical", "pcode_commune": "HT0112", "commune": ""}}, {"type": "Feature", "geometry": {"type": "Point", "coordinates": [-72.32813, 18.55372]}, "properties": {"nom": "temple adventiste du 7eme jour sinai", "famille": "chretien", "religion_osm": "christian", "denomination_osm": "evangelical", "pcode_commune": "HT0112", "commune": ""}}, {"type": "Feature", "geometry": {"type": "Point", "coordinates": [-72.32854, 18.55262]}, "properties": {"nom": "Salle du Royaume des Témoins de Jéhovah", "famille": "chretien", "religion_osm": "christian", "denomination_osm": "evangelical", "pcode_commune": "HT0112", "commune": ""}}, {"type": "Feature", "geometry": {"type": "Point", "coordinates": [-72.27734, 18.60789]}, "properties": {"nom": "salle du royaume des temoins de jehova", "famille": "chretien", "religion_osm": "christian", "denomination_osm": "jehovahs_witness", "pcode_commune": "HT0131", "commune": ""}}, {"type": "Feature", "geometry": {"type": "Point", "coordinates": [-72.28151, 18.60292]}, "properties": {"nom": "Église Adventiste du 7 Jour", "famille": "chretien", "religion_osm": "christian", "denomination_osm": "", "pcode_commune": "HT0131", "commune": ""}}, {"type": "Feature", "geometry": {"type": "Point", "coordinates": [-72.26712, 18.60804]}, "properties": {"nom": "eglise evangelique shama d'haiti santo 9 prolongee", "famille": "chretien", "religion_osm": "christian", "denomination_osm": "evangelical", "pcode_commune": "HT0131", "commune": ""}}, {"type": "Feature", "geometry": {"type": "Point", "coordinates": [-72.2626, 18.60863]}, "properties": {"nom": "eglise evangelique communautaire", "famille": "chretien", "religion_osm": "christian", "denomination_osm": "evangelical", "pcode_commune": "HT0131", "commune": ""}}, {"type": "Feature", "geometry": {"type": "Point", "coordinates": [-72.26738, 18.60583]}, "properties": {"nom": "eglise la voix de la priere", "famille": "chretien", "religion_osm": "christian", "denomination_osm": "evangelical", "pcode_commune": "HT0131", "commune": ""}}, {"type": "Feature", "geometry": {"type": "Point", "coordinates": [-72.31559, 18.53972]}, "properties": {"nom": "Église de Dieu de Mayard", "famille": "chretien", "religion_osm": "christian", "denomination_osm": "", "pcode_commune": "HT0111", "commune": ""}}, {"type": "Feature", "geometry": {"type": "Point", "coordinates": [-72.52394, 18.24036]}, "properties": {"nom": "Eglise de dieu devouee pour christ", "famille": "chretien", "religion_osm": "christian", "denomination_osm": "protestant", "pcode_commune": "HT0211", "commune": ""}}, {"type": "Feature", "geometry": {"type": "Point", "coordinates": [-72.52288, 18.24633]}, "properties": {"nom": "Mission église de dieu victoire en Christ de Jacmél", "famille": "chretien", "religion_osm": "christian", "denomination_osm": "protestant", "pcode_commune": "HT0211", "commune": ""}}, {"type": "Feature", "geometry": {"type": "Point", "coordinates": [-72.52988, 18.24134]}, "properties": {"nom": "eglise evangelique des rachetes de jacmel", "famille": "chretien", "religion_osm": "christian", "denomination_osm": "protestant", "pcode_commune": "HT0211", "commune": ""}}, {"type": "Feature", "geometry": {"type": "Point", "coordinates": [-72.52767, 18.24983]}, "properties": {"nom": "eglise armee du salut de matador", "famille": "chretien", "religion_osm": "christian", "denomination_osm": "", "pcode_commune": "HT0211", "commune": ""}}, {"type": "Feature", "geometry": {"type": "Point", "coordinates": [-72.52917, 18.22965]}, "properties": {"nom": "eglise de dieu du dernier temps", "famille": "chretien", "religion_osm": "christian", "denomination_osm": "protestant", "pcode_commune": "HT0211", "commune": ""}}, {"type": "Feature", "geometry": {"type": "Point", "coordinates": [-72.52216, 18.2371]}, "properties": {"nom": "eglise de dieu", "famille": "chretien", "religion_osm": "christian", "denomination_osm": "protestant", "pcode_commune": "HT0211", "commune": ""}}, {"type": "Feature", "geometry": {"type": "Point", "coordinates": [-72.52075, 18.23242]}, "properties": {"nom": "eglise asemblee des juste du corps du christ", "famille": "chretien", "religion_osm": "christian", "denomination_osm": "evangelical", "pcode_commune": "HT0211", "commune": ""}}, {"type": "Feature", "geometry": {"type": "Point", "coordinates": [-72.53341, 18.24517]}, "properties": {"nom": "Dieu est amour", "famille": "chretien", "religion_osm": "christian", "denomination_osm": "protestant", "pcode_commune": "HT0211", "commune": ""}}, {"type": "Feature", "geometry": {"type": "Point", "coordinates": [-72.26442, 18.60193]}, "properties": {"nom": "Eglise de Dieu de Santo", "famille": "chretien", "religion_osm": "christian", "denomination_osm": "evangelical", "pcode_commune": "HT0131", "commune": ""}}, {"type": "Feature", "geometry": {"type": "Point", "coordinates": [-72.26313, 18.60334]}, "properties": {"nom": "eglise chretienne d'haiti", "famille": "chretien", "religion_osm": "christian", "denomination_osm": "evangelical", "pcode_commune": "HT0131", "commune": ""}}, {"type": "Feature", "geometry": {"type": "Point", "coordinates": [-72.26092, 18.59937]}, "properties": {"nom": "Temple Adventiste du 7eme Jour", "famille": "chretien", "religion_osm": "christian", "denomination_osm": "evangelical", "pcode_commune": "HT0131", "commune": ""}}, {"type": "Feature", "geometry": {"type": "Point", "coordinates": [-72.26313, 18.6009]}, "properties": {"nom": "Centre de Priere et de Guerison Paroisse Eglise St. Paul", "famille": "chretien", "religion_osm": "christian", "denomination_osm": "presbyterian", "pcode_commune": "HT0131", "commune": ""}}, {"type": "Feature", "geometry": {"type": "Point", "coordinates": [-72.23715, 18.59301]}, "properties": {"nom": "Eglise Baptiste Du 7eme Jour", "famille": "chretien", "religion_osm": "christian", "denomination_osm": "evangelical", "pcode_commune": "HT0131", "commune": ""}}, {"type": "Feature", "geometry": {"type": "Point", "coordinates": [-72.24115, 18.5923]}, "properties": {"nom": "Eglise la vie Abondante", "famille": "chretien", "religion_osm": "christian", "denomination_osm": "evangelical", "pcode_commune": "HT0131", "commune": ""}}, {"type": "Feature", "geometry": {"type": "Point", "coordinates": [-72.24137, 18.59233]}, "properties": {"nom": "eglise chretienne par la foi", "famille": "chretien", "religion_osm": "christian", "denomination_osm": "evangelical", "pcode_commune": "HT0131", "commune": ""}}, {"type": "Feature", "geometry": {"type": "Point", "coordinates": [-72.24154, 18.59002]}, "properties": {"nom": "eglise adventiste bethel", "famille": "chretien", "religion_osm": "christian", "denomination_osm": "evangelical", "pcode_commune": "HT0131", "commune": ""}}, {"type": "Feature", "geometry": {"type": "Point", "coordinates": [-72.23734, 18.59129]}, "properties": {"nom": "Eglise Baptiste De L'unite de santo", "famille": "chretien", "religion_osm": "christian", "denomination_osm": "evangelical", "pcode_commune": "HT0131", "commune": ""}}, {"type": "Feature", "geometry": {"type": "Point", "coordinates": [-72.52839, 18.23401]}, "properties": {"nom": "Eglise Pentecostale Unie en Christ", "famille": "chretien", "religion_osm": "christian", "denomination_osm": "pentecostal", "pcode_commune": "HT0211", "commune": ""}}, {"type": "Feature", "geometry": {"type": "Point", "coordinates": [-72.28122, 18.60207]}, "properties": {"nom": "Première Église de Dieu", "famille": "chretien", "religion_osm": "christian", "denomination_osm": "evangelical", "pcode_commune": "HT0131", "commune": ""}}, {"type": "Feature", "geometry": {"type": "Point", "coordinates": [-72.51591, 18.25378]}, "properties": {"nom": "eglise adventiste du betheleme", "famille": "chretien", "religion_osm": "christian", "denomination_osm": "evangelical", "pcode_commune": "HT0211", "commune": ""}}, {"type": "Feature", "geometry": {"type": "Point", "coordinates": [-72.51752, 18.25404]}, "properties": {"nom": "Eglise Evangelique Baptiste des Orangers", "famille": "chretien", "religion_osm": "christian", "denomination_osm": "protestant", "pcode_commune": "HT0211", "commune": ""}}, {"type": "Feature", "geometry": {"type": "Point", "coordinates": [-72.25313, 18.59144]}, "properties": {"nom": "Salle temoin de jehova", "famille": "chretien", "religion_osm": "christian", "denomination_osm": "", "pcode_commune": "HT0131", "commune": ""}}, {"type": "Feature", "geometry": {"type": "Point", "coordinates": [-72.26088, 18.59886]}, "properties": {"nom": "Eglise Nazareen du Nouvelle Jerusalem", "famille": "chretien", "religion_osm": "christian", "denomination_osm": "evangelical", "pcode_commune": "HT0131", "commune": ""}}, {"type": "Feature", "geometry": {"type": "Point", "coordinates": [-72.257, 18.60235]}, "properties": {"nom": "chapelle du calvaire", "famille": "chretien", "religion_osm": "christian", "denomination_osm": "protestant", "pcode_commune": "HT0131", "commune": ""}}, {"type": "Feature", "geometry": {"type": "Point", "coordinates": [-72.60196, 18.49576]}, "properties": {"nom": "elshaday", "famille": "chretien", "religion_osm": "christian", "denomination_osm": "evangelical", "pcode_commune": "HT0121", "commune": ""}}, {"type": "Feature", "geometry": {"type": "Point", "coordinates": [-72.61929, 18.51461]}, "properties": {"nom": "eglise evangelique de la nouvelle alliance", "famille": "chretien", "religion_osm": "christian", "denomination_osm": "evangelical", "pcode_commune": "HT0121", "commune": ""}}, {"type": "Feature", "geometry": {"type": "Point", "coordinates": [-72.61408, 18.5136]}, "properties": {"nom": "eglise chretienne de la grace", "famille": "chretien", "religion_osm": "christian", "denomination_osm": "evangelical", "pcode_commune": "HT0121", "commune": ""}}, {"type": "Feature", "geometry": {"type": "Point", "coordinates": [-72.61657, 18.51509]}, "properties": {"nom": "Église de Dieu Primitive", "famille": "chretien", "religion_osm": "christian", "denomination_osm": "evangelical", "pcode_commune": "HT0121", "commune": ""}}, {"type": "Feature", "geometry": {"type": "Point", "coordinates": [-72.62264, 18.48284]}, "properties": {"nom": "union baptiste de lompre", "famille": "chretien", "religion_osm": "christian", "denomination_osm": "evangelical", "pcode_commune": "HT0121", "commune": ""}}, {"type": "Feature", "geometry": {"type": "Point", "coordinates": [-72.61458, 18.47199]}, "properties": {"nom": "eglise etoile brillante du matin", "famille": "chretien", "religion_osm": "christian", "denomination_osm": "evangelical", "pcode_commune": "HT0121", "commune": ""}}, {"type": "Feature", "geometry": {"type": "Point", "coordinates": [-72.60194, 18.49949]}, "properties": {"nom": "l'eglise de dieu pentecostale de santo", "famille": "chretien", "religion_osm": "christian", "denomination_osm": "protestant", "pcode_commune": "HT0121", "commune": ""}}, {"type": "Feature", "geometry": {"type": "Point", "coordinates": [-72.61022, 18.47598]}, "properties": {"nom": "eglise pentecostale de lompre", "famille": "chretien", "religion_osm": "christian", "denomination_osm": "evangelical", "pcode_commune": "HT0121", "commune": ""}}, {"type": "Feature", "geometry": {"type": "Point", "coordinates": [-72.61697, 18.4767]}, "properties": {"nom": "eglise assemblee chretienne de lompre", "famille": "chretien", "religion_osm": "christian", "denomination_osm": "evangelical", "pcode_commune": "HT0121", "commune": ""}}, {"type": "Feature", "geometry": {"type": "Point", "coordinates": [-72.59837, 18.4975]}, "properties": {"nom": "l'eglise alpha", "famille": "chretien", "religion_osm": "christian", "denomination_osm": "protestant", "pcode_commune": "HT0121", "commune": ""}}, {"type": "Feature", "geometry": {"type": "Point", "coordinates": [-72.59739, 18.5037]}, "properties": {"nom": "eglise de Dieu montagne de leogane m p l", "famille": "chretien", "religion_osm": "christian", "denomination_osm": "evangelical", "pcode_commune": "HT0121", "commune": ""}}, {"type": "Feature", "geometry": {"type": "Point", "coordinates": [-72.61647, 18.49403]}, "properties": {"nom": "eglise chretienne de dampis", "famille": "chretien", "religion_osm": "christian", "denomination_osm": "evangelical", "pcode_commune": "HT0121", "commune": ""}}, {"type": "Feature", "geometry": {"type": "Point", "coordinates": [-72.61603, 18.48918]}, "properties": {"nom": "tabernacle du christ", "famille": "chretien", "religion_osm": "christian", "denomination_osm": "evangelical", "pcode_commune": "HT0121", "commune": ""}}, {"type": "Feature", "geometry": {"type": "Point", "coordinates": [-72.63645, 18.51461]}, "properties": {"nom": "eglise evangelique du grand roi", "famille": "chretien", "religion_osm": "christian", "denomination_osm": "evangelical", "pcode_commune": "HT0121", "commune": ""}}, {"type": "Feature", "geometry": {"type": "Point", "coordinates": [-72.59445, 18.48853]}, "properties": {"nom": "eglise baptiste rue lambert", "famille": "chretien", "religion_osm": "christian", "denomination_osm": "evangelical", "pcode_commune": "HT0121", "commune": ""}}, {"type": "Feature", "geometry": {"type": "Point", "coordinates": [-72.59261, 18.48521]}, "properties": {"nom": "salut pour tous de deboch", "famille": "chretien", "religion_osm": "christian", "denomination_osm": "protestant", "pcode_commune": "HT0121", "commune": ""}}, {"type": "Feature", "geometry": {"type": "Point", "coordinates": [-72.59389, 18.48584]}, "properties": {"nom": "eglise chretienne deboch", "famille": "chretien", "religion_osm": "christian", "denomination_osm": "protestant", "pcode_commune": "HT0121", "commune": ""}}, {"type": "Feature", "geometry": {"type": "Point", "coordinates": [-72.61064, 18.50195]}, "properties": {"nom": "eglise baptiste de daborne", "famille": "chretien", "religion_osm": "christian", "denomination_osm": "protestant", "pcode_commune": "HT0121", "commune": ""}}, {"type": "Feature", "geometry": {"type": "Point", "coordinates": [-72.61061, 18.50253]}, "properties": {"nom": "temple d'adoration", "famille": "chretien", "religion_osm": "christian", "denomination_osm": "protestant", "pcode_commune": "HT0121", "commune": ""}}, {"type": "Feature", "geometry": {"type": "Point", "coordinates": [-72.27566, 18.55579]}, "properties": {"nom": "eglise assemblee des 1er croyants", "famille": "chretien", "religion_osm": "christian", "denomination_osm": "evangelical", "pcode_commune": "HT0112", "commune": ""}}, {"type": "Feature", "geometry": {"type": "Point", "coordinates": [-72.27329, 18.5535]}, "properties": {"nom": "Eglise de Dieu Bethel", "famille": "chretien", "religion_osm": "christian", "denomination_osm": "evangelical", "pcode_commune": "HT0112", "commune": ""}}, {"type": "Feature", "geometry": {"type": "Point", "coordinates": [-72.27837, 18.55688]}, "properties": {"nom": "Eglise Tabernacle du Siegneur", "famille": "chretien", "religion_osm": "christian", "denomination_osm": "evangelical", "pcode_commune": "HT0112", "commune": ""}}, {"type": "Feature", "geometry": {"type": "Point", "coordinates": [-72.63212, 18.45207]}, "properties": {"nom": "eglise la foie apostolique", "famille": "chretien", "religion_osm": "christian", "denomination_osm": "evangelical", "pcode_commune": "HT0121", "commune": ""}}, {"type": "Feature", "geometry": {"type": "Point", "coordinates": [-72.75814, 18.18437]}, "properties": {"nom": "eglise methodiste", "famille": "chretien", "religion_osm": "christian", "denomination_osm": "protestant", "pcode_commune": "HT0221", "commune": ""}}, {"type": "Feature", "geometry": {"type": "Point", "coordinates": [-72.25396, 18.6008]}, "properties": {"nom": "Blue Ridge International for Christ", "famille": "chretien", "religion_osm": "christian", "denomination_osm": "evangelical", "pcode_commune": "HT0131", "commune": ""}}, {"type": "Feature", "geometry": {"type": "Point", "coordinates": [-72.24853, 18.59616]}, "properties": {"nom": "eglise evangelique des affranchis", "famille": "chretien", "religion_osm": "christian", "denomination_osm": "evangelical", "pcode_commune": "HT0131", "commune": ""}}, {"type": "Feature", "geometry": {"type": "Point", "coordinates": [-72.24577, 18.60446]}, "properties": {"nom": "eglise de Dieu centre predication", "famille": "chretien", "religion_osm": "christian", "denomination_osm": "evangelical", "pcode_commune": "HT0131", "commune": ""}}, {"type": "Feature", "geometry": {"type": "Point", "coordinates": [-72.24861, 18.60799]}, "properties": {"nom": "eglise adventiste bethleem", "famille": "chretien", "religion_osm": "christian", "denomination_osm": "evangelical", "pcode_commune": "HT0131", "commune": ""}}, {"type": "Feature", "geometry": {"type": "Point", "coordinates": [-72.57603, 18.54847]}, "properties": {"nom": "ummaculee de conception", "famille": "chretien", "religion_osm": "christian", "denomination_osm": "evangelical", "pcode_commune": "HT0121", "commune": ""}}, {"type": "Feature", "geometry": {"type": "Point", "coordinates": [-72.57698, 18.54712]}, "properties": {"nom": "neo apostolique communaute de lassale", "famille": "chretien", "religion_osm": "christian", "denomination_osm": "evangelical", "pcode_commune": "HT0121", "commune": ""}}, {"type": "Feature", "geometry": {"type": "Point", "coordinates": [-72.58322, 18.55183]}, "properties": {"nom": "eglise mission amour d'haiti", "famille": "chretien", "religion_osm": "christian", "denomination_osm": "evangelical", "pcode_commune": "HT0121", "commune": ""}}, {"type": "Feature", "geometry": {"type": "Point", "coordinates": [-72.23182, 18.57924]}, "properties": {"nom": "Eglise tabernacle de la foi chretienne d'haiti", "famille": "chretien", "religion_osm": "christian", "denomination_osm": "evangelical", "pcode_commune": "HT0131", "commune": ""}}, {"type": "Feature", "geometry": {"type": "Point", "coordinates": [-72.23282, 18.57966]}, "properties": {"nom": "Société Mystique après Dieu et Celina", "famille": "vodou", "religion_osm": "voodoo", "denomination_osm": "", "pcode_commune": "HT0131", "commune": ""}}, {"type": "Feature", "geometry": {"type": "Point", "coordinates": [-72.23179, 18.58042]}, "properties": {"nom": "Canova Temple Vodou Baton Feray", "famille": "vodou", "religion_osm": "voodoo", "denomination_osm": "", "pcode_commune": "HT0131", "commune": ""}}, {"type": "Feature", "geometry": {"type": "Point", "coordinates": [-72.53336, 18.2452]}, "properties": {"nom": "dieu est amour", "famille": "chretien", "religion_osm": "christian", "denomination_osm": "protestant", "pcode_commune": "HT0211", "commune": ""}}, {"type": "Feature", "geometry": {"type": "Point", "coordinates": [-72.50857, 18.25954]}, "properties": {"nom": "ararat", "famille": "non_renseigne", "religion_osm": "", "denomination_osm": "", "pcode_commune": "HT0211", "commune": ""}}, {"type": "Feature", "geometry": {"type": "Point", "coordinates": [-72.23789, 18.60174]}, "properties": {"nom": "eglise de Dieu de santo25", "famille": "chretien", "religion_osm": "christian", "denomination_osm": "evangelical", "pcode_commune": "HT0131", "commune": ""}}, {"type": "Feature", "geometry": {"type": "Point", "coordinates": [-72.23706, 18.58107]}, "properties": {"nom": "Eglise du Christ d\"Haiti", "famille": "chretien", "religion_osm": "christian", "denomination_osm": "evangelical", "pcode_commune": "HT0131", "commune": ""}}, {"type": "Feature", "geometry": {"type": "Point", "coordinates": [-72.23978, 18.57481]}, "properties": {"nom": "eglise de dieu agape international", "famille": "chretien", "religion_osm": "christian", "denomination_osm": "evangelical", "pcode_commune": "HT0131", "commune": ""}}, {"type": "Feature", "geometry": {"type": "Point", "coordinates": [-72.23991, 18.57572]}, "properties": {"nom": "eglise chretienne de la nouvelle alliance", "famille": "chretien", "religion_osm": "christian", "denomination_osm": "evangelical", "pcode_commune": "HT0131", "commune": ""}}, {"type": "Feature", "geometry": {"type": "Point", "coordinates": [-72.58652, 18.52415]}, "properties": {"nom": "Eglise Salaime de Brache", "famille": "chretien", "religion_osm": "christian", "denomination_osm": "evangelical", "pcode_commune": "HT0121", "commune": ""}}, {"type": "Feature", "geometry": {"type": "Point", "coordinates": [-72.5846, 18.50481]}, "properties": {"nom": "Eglise de Dieu", "famille": "chretien", "religion_osm": "christian", "denomination_osm": "evangelical", "pcode_commune": "HT0121", "commune": ""}}, {"type": "Feature", "geometry": {"type": "Point", "coordinates": [-72.58875, 18.52151]}, "properties": {"nom": "Eglise Grosse Peine de Brache", "famille": "chretien", "religion_osm": "christian", "denomination_osm": "evangelical", "pcode_commune": "HT0121", "commune": ""}}, {"type": "Feature", "geometry": {"type": "Point", "coordinates": [-72.58866, 18.52122]}, "properties": {"nom": "Eglise de Dieu Missionnaire de Brache", "famille": "chretien", "religion_osm": "christian", "denomination_osm": "evangelical", "pcode_commune": "HT0121", "commune": ""}}, {"type": "Feature", "geometry": {"type": "Point", "coordinates": [-72.58863, 18.54697]}, "properties": {"nom": "st michel", "famille": "chretien", "religion_osm": "christian", "denomination_osm": "presbyterian", "pcode_commune": "HT0121", "commune": ""}}, {"type": "Feature", "geometry": {"type": "Point", "coordinates": [-72.5988, 18.55006]}, "properties": {"nom": "st dominique", "famille": "chretien", "religion_osm": "christian", "denomination_osm": "presbyterian", "pcode_commune": "HT0121", "commune": ""}}, {"type": "Feature", "geometry": {"type": "Point", "coordinates": [-72.5975, 18.55289]}, "properties": {"nom": "l' Eglise Maranatha", "famille": "chretien", "religion_osm": "christian", "denomination_osm": "protestant", "pcode_commune": "HT0121", "commune": ""}}, {"type": "Feature", "geometry": {"type": "Point", "coordinates": [-72.50094, 18.22925]}, "properties": {"nom": "eglise de Dieu", "famille": "chretien", "religion_osm": "christian", "denomination_osm": "", "pcode_commune": "HT0211", "commune": ""}}, {"type": "Feature", "geometry": {"type": "Point", "coordinates": [-72.49948, 18.22801]}, "properties": {"nom": "eglise advantiste du 7em jour salem", "famille": "chretien", "religion_osm": "christian", "denomination_osm": "", "pcode_commune": "HT0211", "commune": ""}}, {"type": "Feature", "geometry": {"type": "Point", "coordinates": [-72.31914, 18.63351]}, "properties": {"nom": "Eglise de Dieu de la Renessance", "famille": "chretien", "religion_osm": "christian", "denomination_osm": "evangelical", "pcode_commune": "HT0131", "commune": ""}}, {"type": "Feature", "geometry": {"type": "Point", "coordinates": [-72.56536, 18.53488]}, "properties": {"nom": "centre comminautaire de flon", "famille": "chretien", "religion_osm": "christian", "denomination_osm": "evangelical", "pcode_commune": "HT0121", "commune": ""}}, {"type": "Feature", "geometry": {"type": "Point", "coordinates": [-72.56668, 18.54148]}, "properties": {"nom": "centre comminautaire de flon", "famille": "chretien", "religion_osm": "christian", "denomination_osm": "evangelical", "pcode_commune": "HT0121", "commune": ""}}, {"type": "Feature", "geometry": {"type": "Point", "coordinates": [-72.4912, 18.23252]}, "properties": {"nom": "Église Sacré Coeur de Meyer", "famille": "chretien", "religion_osm": "christian", "denomination_osm": "catholic", "pcode_commune": "HT0211", "commune": ""}}, {"type": "Feature", "geometry": {"type": "Point", "coordinates": [-72.50275, 18.23371]}, "properties": {"nom": "gabaron", "famille": "chretien", "religion_osm": "christian", "denomination_osm": "evangelical", "pcode_commune": "HT0211", "commune": ""}}, {"type": "Feature", "geometry": {"type": "Point", "coordinates": [-72.25238, 18.5929]}, "properties": {"nom": "Mission Evangelique Baptiste a la gloire de l'eternel", "famille": "chretien", "religion_osm": "christian", "denomination_osm": "evangelical", "pcode_commune": "HT0131", "commune": ""}}, {"type": "Feature", "geometry": {"type": "Point", "coordinates": [-72.24405, 18.58111]}, "properties": {"nom": "eglise evangelique de marassa E,E,M", "famille": "chretien", "religion_osm": "christian", "denomination_osm": "evangelical", "pcode_commune": "HT0131", "commune": ""}}, {"type": "Feature", "geometry": {"type": "Point", "coordinates": [-72.24043, 18.58162]}, "properties": {"nom": "Eglise Baptiste Evangelique Nouvelle", "famille": "chretien", "religion_osm": "christian", "denomination_osm": "", "pcode_commune": "HT0131", "commune": ""}}, {"type": "Feature", "geometry": {"type": "Point", "coordinates": [-72.27412, 18.64016]}, "properties": {"nom": "Eglise Bellevue Salem", "famille": "chretien", "religion_osm": "christian", "denomination_osm": "", "pcode_commune": "HT0131", "commune": ""}}, {"type": "Feature", "geometry": {"type": "Point", "coordinates": [-72.2675, 18.63234]}, "properties": {"nom": "Eglise Adventiste du 7 jour", "famille": "chretien", "religion_osm": "christian", "denomination_osm": "", "pcode_commune": "HT0131", "commune": ""}}, {"type": "Feature", "geometry": {"type": "Point", "coordinates": [-72.63227, 18.53083]}, "properties": {"nom": "eglise la nouvelle jerusalem", "famille": "chretien", "religion_osm": "christian", "denomination_osm": "protestant", "pcode_commune": "HT0121", "commune": ""}}, {"type": "Feature", "geometry": {"type": "Point", "coordinates": [-72.62905, 18.53009]}, "properties": {"nom": "Eglise Episcopale d'Haiti Mission St luc", "famille": "chretien", "religion_osm": "christian", "denomination_osm": "evangelical", "pcode_commune": "HT0121", "commune": ""}}, {"type": "Feature", "geometry": {"type": "Point", "coordinates": [-72.47252, 18.22875]}, "properties": {"nom": "chapelle sainte  therese de cyvadier", "famille": "chretien", "religion_osm": "christian", "denomination_osm": "catholic", "pcode_commune": "HT0211", "commune": ""}}, {"type": "Feature", "geometry": {"type": "Point", "coordinates": [-72.46583, 18.22712]}, "properties": {"nom": "eglise apostolique de jesus christ", "famille": "chretien", "religion_osm": "christian", "denomination_osm": "protestant", "pcode_commune": "HT0211", "commune": ""}}, {"type": "Feature", "geometry": {"type": "Point", "coordinates": [-72.46346, 18.22688]}, "properties": {"nom": "eglise de dieu de la prophetie de cyvadier", "famille": "chretien", "religion_osm": "christian", "denomination_osm": "protestant", "pcode_commune": "HT0211", "commune": ""}}, {"type": "Feature", "geometry": {"type": "Point", "coordinates": [-72.48121, 18.23038]}, "properties": {"nom": "eglise eben ezer de fond donde", "famille": "chretien", "religion_osm": "christian", "denomination_osm": "protestant", "pcode_commune": "HT0211", "commune": ""}}, {"type": "Feature", "geometry": {"type": "Point", "coordinates": [-72.68738, 19.45661]}, "properties": {"nom": "Église Évangélique des Témoins de Jésus Christ", "famille": "chretien", "religion_osm": "christian", "denomination_osm": "evangelical", "pcode_commune": "HT0511", "commune": ""}}, {"type": "Feature", "geometry": {"type": "Point", "coordinates": [-72.6865, 19.45665]}, "properties": {"nom": "Chapelle Sainte Thérèse", "famille": "chretien", "religion_osm": "christian", "denomination_osm": "presbyterian", "pcode_commune": "HT0511", "commune": ""}}, {"type": "Feature", "geometry": {"type": "Point", "coordinates": [-72.68485, 19.45509]}, "properties": {"nom": "eglise baptiste emmanuelle des gonaives", "famille": "chretien", "religion_osm": "christian", "denomination_osm": "baptist", "pcode_commune": "HT0511", "commune": ""}}, {"type": "Feature", "geometry": {"type": "Point", "coordinates": [-72.68778, 19.45305]}, "properties": {"nom": "Église Évangélique Maranhata", "famille": "chretien", "religion_osm": "christian", "denomination_osm": "evangelical", "pcode_commune": "HT0511", "commune": ""}}, {"type": "Feature", "geometry": {"type": "Point", "coordinates": [-72.68402, 19.43585]}, "properties": {"nom": "eglise annexe galilee", "famille": "chretien", "religion_osm": "christian", "denomination_osm": "protestant", "pcode_commune": "HT0511", "commune": ""}}, {"type": "Feature", "geometry": {"type": "Point", "coordinates": [-72.68482, 19.43882]}, "properties": {"nom": "Eglise", "famille": "chretien", "religion_osm": "christian", "denomination_osm": "protestant", "pcode_commune": "HT0511", "commune": ""}}, {"type": "Feature", "geometry": {"type": "Point", "coordinates": [-72.68425, 19.43968]}, "properties": {"nom": "Église Pasteur Sauveur", "famille": "chretien", "religion_osm": "christian", "denomination_osm": "protestant", "pcode_commune": "HT0511", "commune": ""}}, {"type": "Feature", "geometry": {"type": "Point", "coordinates": [-72.68265, 19.44105]}, "properties": {"nom": "eglise chretienne", "famille": "chretien", "religion_osm": "christian", "denomination_osm": "protestant", "pcode_commune": "HT0511", "commune": ""}}, {"type": "Feature", "geometry": {"type": "Point", "coordinates": [-72.68436, 19.4413]}, "properties": {"nom": "Deuxième Église Nazaréen", "famille": "chretien", "religion_osm": "christian", "denomination_osm": "protestant", "pcode_commune": "HT0511", "commune": ""}}, {"type": "Feature", "geometry": {"type": "Point", "coordinates": [-72.68078, 19.43931]}, "properties": {"nom": "eglise emaus", "famille": "chretien", "religion_osm": "christian", "denomination_osm": "protestant", "pcode_commune": "HT0511", "commune": ""}}, {"type": "Feature", "geometry": {"type": "Point", "coordinates": [-72.68095, 19.4377]}, "properties": {"nom": "eglise apostolique maranatha", "famille": "chretien", "religion_osm": "christian", "denomination_osm": "protestant", "pcode_commune": "HT0511", "commune": ""}}, {"type": "Feature", "geometry": {"type": "Point", "coordinates": [-72.68348, 19.44103]}, "properties": {"nom": "Église El Shadai Ministries", "famille": "chretien", "religion_osm": "christian", "denomination_osm": "protestant", "pcode_commune": "HT0511", "commune": ""}}, {"type": "Feature", "geometry": {"type": "Point", "coordinates": [-72.68052, 19.44117]}, "properties": {"nom": "Chapelle Saint Joseph", "famille": "chretien", "religion_osm": "christian", "denomination_osm": "catholic", "pcode_commune": "HT0511", "commune": ""}}, {"type": "Feature", "geometry": {"type": "Point", "coordinates": [-72.27741, 18.61551]}, "properties": {"nom": "Eglise les Adoeateurs", "famille": "chretien", "religion_osm": "christian", "denomination_osm": "", "pcode_commune": "HT0131", "commune": ""}}, {"type": "Feature", "geometry": {"type": "Point", "coordinates": [-72.27051, 18.62672]}, "properties": {"nom": "Eglise Lumiere et Paix", "famille": "chretien", "religion_osm": "christian", "denomination_osm": "evangelical", "pcode_commune": "HT0131", "commune": ""}}, {"type": "Feature", "geometry": {"type": "Point", "coordinates": [-72.27188, 18.62915]}, "properties": {"nom": "Eglise Evangelique de Bonrepos", "famille": "chretien", "religion_osm": "christian", "denomination_osm": "evangelical", "pcode_commune": "HT0131", "commune": ""}}, {"type": "Feature", "geometry": {"type": "Point", "coordinates": [-72.27156, 18.63026]}, "properties": {"nom": "Eglise Pentecostale Unie Int.de Bonrepos", "famille": "chretien", "religion_osm": "christian", "denomination_osm": "evangelical", "pcode_commune": "HT0131", "commune": ""}}, {"type": "Feature", "geometry": {"type": "Point", "coordinates": [-72.27559, 18.63051]}, "properties": {"nom": "Eglise Baptiste de la Foi en Christ", "famille": "chretien", "religion_osm": "christian", "denomination_osm": "evangelical", "pcode_commune": "HT0131", "commune": ""}}, {"type": "Feature", "geometry": {"type": "Point", "coordinates": [-72.55313, 18.54632]}, "properties": {"nom": "agnau de Dieu", "famille": "chretien", "religion_osm": "christian", "denomination_osm": "protestant", "pcode_commune": "HT0121", "commune": ""}}, {"type": "Feature", "geometry": {"type": "Point", "coordinates": [-72.56007, 18.53673]}, "properties": {"nom": "temple de la bible", "famille": "chretien", "religion_osm": "christian", "denomination_osm": "evangelical", "pcode_commune": "HT0121", "commune": ""}}, {"type": "Feature", "geometry": {"type": "Point", "coordinates": [-72.56026, 18.5404]}, "properties": {"nom": "eglise de Dieu par la foie", "famille": "chretien", "religion_osm": "christian", "denomination_osm": "protestant", "pcode_commune": "HT0121", "commune": ""}}, {"type": "Feature", "geometry": {"type": "Point", "coordinates": [-72.5488, 18.54242]}, "properties": {"nom": "new mission", "famille": "chretien", "religion_osm": "christian", "denomination_osm": "protestant", "pcode_commune": "HT0116", "commune": ""}}, {"type": "Feature", "geometry": {"type": "Point", "coordinates": [-72.55869, 18.53924]}, "properties": {"nom": "chapelle st nicolas", "famille": "chretien", "religion_osm": "christian", "denomination_osm": "evangelical", "pcode_commune": "HT0121", "commune": ""}}, {"type": "Feature", "geometry": {"type": "Point", "coordinates": [-72.56609, 18.48251]}, "properties": {"nom": "eglise montagne des oliviers", "famille": "chretien", "religion_osm": "christian", "denomination_osm": "evangelical", "pcode_commune": "HT0121", "commune": ""}}, {"type": "Feature", "geometry": {"type": "Point", "coordinates": [-72.57325, 18.48602]}, "properties": {"nom": "eglise jesus regne", "famille": "chretien", "religion_osm": "christian", "denomination_osm": "evangelical", "pcode_commune": "HT0121", "commune": ""}}, {"type": "Feature", "geometry": {"type": "Point", "coordinates": [-72.57579, 18.48736]}, "properties": {"nom": "eglise alliance chretinne de basin", "famille": "chretien", "religion_osm": "christian", "denomination_osm": "evangelical", "pcode_commune": "HT0121", "commune": ""}}, {"type": "Feature", "geometry": {"type": "Point", "coordinates": [-72.56958, 18.48235]}, "properties": {"nom": "eglise communaute du christ", "famille": "chretien", "religion_osm": "christian", "denomination_osm": "evangelical", "pcode_commune": "HT0121", "commune": ""}}, {"type": "Feature", "geometry": {"type": "Point", "coordinates": [-72.58023, 18.47622]}, "properties": {"nom": "eglise de dieu reconciliee centre du reveil", "famille": "chretien", "religion_osm": "christian", "denomination_osm": "evangelical", "pcode_commune": "HT0121", "commune": ""}}, {"type": "Feature", "geometry": {"type": "Point", "coordinates": [-72.57233, 18.48579]}, "properties": {"nom": "1ere eglise de jesus christ", "famille": "chretien", "religion_osm": "christian", "denomination_osm": "evangelical", "pcode_commune": "HT0121", "commune": ""}}, {"type": "Feature", "geometry": {"type": "Point", "coordinates": [-72.58181, 18.48926]}, "properties": {"nom": "eglise chretienne de chateau", "famille": "chretien", "religion_osm": "christian", "denomination_osm": "evangelical", "pcode_commune": "HT0121", "commune": ""}}, {"type": "Feature", "geometry": {"type": "Point", "coordinates": [-72.57889, 18.46956]}, "properties": {"nom": "eglise baptiste philadelphie", "famille": "chretien", "religion_osm": "christian", "denomination_osm": "evangelical", "pcode_commune": "HT0121", "commune": ""}}, {"type": "Feature", "geometry": {"type": "Point", "coordinates": [-72.49039, 18.23179]}, "properties": {"nom": "eglise", "famille": "chretien", "religion_osm": "christian", "denomination_osm": "evangelical", "pcode_commune": "HT0211", "commune": ""}}, {"type": "Feature", "geometry": {"type": "Point", "coordinates": [-72.28345, 18.61046]}, "properties": {"nom": "Eglise evangelique de lumiere", "famille": "chretien", "religion_osm": "christian", "denomination_osm": "evangelical", "pcode_commune": "HT0131", "commune": ""}}, {"type": "Feature", "geometry": {"type": "Point", "coordinates": [-72.28655, 18.60997]}, "properties": {"nom": "Eglise corp de christ", "famille": "chretien", "religion_osm": "christian", "denomination_osm": "evangelical", "pcode_commune": "HT0131", "commune": ""}}, {"type": "Feature", "geometry": {"type": "Point", "coordinates": [-72.2847, 18.61309]}, "properties": {"nom": "Eglise de Dieu de M.B.C", "famille": "chretien", "religion_osm": "christian", "denomination_osm": "evangelical", "pcode_commune": "HT0131", "commune": ""}}, {"type": "Feature", "geometry": {"type": "Point", "coordinates": [-72.39512, 18.23114]}, "properties": {"nom": "vierge miracle", "famille": "chretien", "religion_osm": "christian", "denomination_osm": "catholic", "pcode_commune": "HT0213", "commune": ""}}, {"type": "Feature", "geometry": {"type": "Point", "coordinates": [-72.39254, 18.2322]}, "properties": {"nom": "salle royaume des temoins de jehovah", "famille": "chretien", "religion_osm": "christian", "denomination_osm": "jehovahs_witness", "pcode_commune": "HT0213", "commune": ""}}, {"type": "Feature", "geometry": {"type": "Point", "coordinates": [-72.29421, 18.60524]}, "properties": {"nom": "Eglise de Dieu de la bonne semence", "famille": "chretien", "religion_osm": "christian", "denomination_osm": "evangelical", "pcode_commune": "HT0131", "commune": ""}}, {"type": "Feature", "geometry": {"type": "Point", "coordinates": [-72.28435, 18.60564]}, "properties": {"nom": "Eglise Baptiste union des Freres Chretiens", "famille": "chretien", "religion_osm": "christian", "denomination_osm": "evangelical", "pcode_commune": "HT0131", "commune": ""}}, {"type": "Feature", "geometry": {"type": "Point", "coordinates": [-72.59, 18.20071]}, "properties": {"nom": "eglise evangelique pentecotiste", "famille": "chretien", "religion_osm": "christian", "denomination_osm": "protestant", "pcode_commune": "HT0211", "commune": ""}}, {"type": "Feature", "geometry": {"type": "Point", "coordinates": [-72.62129, 18.21704]}, "properties": {"nom": "eglise maranatha de la pentecote", "famille": "chretien", "religion_osm": "christian", "denomination_osm": "pentecostal", "pcode_commune": "HT0211", "commune": ""}}, {"type": "Feature", "geometry": {"type": "Point", "coordinates": [-72.56995, 18.1962]}, "properties": {"nom": "eglise de dieu de la pentecote", "famille": "chretien", "religion_osm": "christian", "denomination_osm": "pentecostal", "pcode_commune": "HT0211", "commune": ""}}, {"type": "Feature", "geometry": {"type": "Point", "coordinates": [-72.57448, 18.22126]}, "properties": {"nom": "Église Tabernacle du Dieu de la Grâce", "famille": "chretien", "religion_osm": "christian", "denomination_osm": "protestant", "pcode_commune": "HT0211", "commune": ""}}, {"type": "Feature", "geometry": {"type": "Point", "coordinates": [-72.56335, 18.18855]}, "properties": {"nom": "eglise st jean", "famille": "chretien", "religion_osm": "christian", "denomination_osm": "catholic", "pcode_commune": "HT0211", "commune": ""}}, {"type": "Feature", "geometry": {"type": "Point", "coordinates": [-72.55358, 18.22934]}, "properties": {"nom": "eglise chretiene d'haiti", "famille": "chretien", "religion_osm": "christian", "denomination_osm": "", "pcode_commune": "HT0211", "commune": ""}}, {"type": "Feature", "geometry": {"type": "Point", "coordinates": [-72.58943, 18.20069]}, "properties": {"nom": "eglise notre dame de fatima", "famille": "chretien", "religion_osm": "christian", "denomination_osm": "protestant", "pcode_commune": "HT0211", "commune": ""}}, {"type": "Feature", "geometry": {"type": "Point", "coordinates": [-72.56391, 18.18883]}, "properties": {"nom": "eglise foyer de la grace", "famille": "chretien", "religion_osm": "christian", "denomination_osm": "catholic", "pcode_commune": "HT0211", "commune": ""}}, {"type": "Feature", "geometry": {"type": "Point", "coordinates": [-72.57116, 18.19345]}, "properties": {"nom": "eglise de dieu de la pentecote", "famille": "chretien", "religion_osm": "christian", "denomination_osm": "pentecostal", "pcode_commune": "HT0211", "commune": ""}}, {"type": "Feature", "geometry": {"type": "Point", "coordinates": [-72.62223, 18.21632]}, "properties": {"nom": "eglise la coroix", "famille": "chretien", "religion_osm": "christian", "denomination_osm": "catholic", "pcode_commune": "HT0211", "commune": ""}}, {"type": "Feature", "geometry": {"type": "Point", "coordinates": [-72.59998, 18.21095]}, "properties": {"nom": "eglise samaritain en action", "famille": "chretien", "religion_osm": "christian", "denomination_osm": "protestant", "pcode_commune": "HT0211", "commune": ""}}, {"type": "Feature", "geometry": {"type": "Point", "coordinates": [-72.61966, 18.53485]}, "properties": {"nom": "l' Eglise de dieu", "famille": "chretien", "religion_osm": "christian", "denomination_osm": "protestant", "pcode_commune": "HT0121", "commune": ""}}, {"type": "Feature", "geometry": {"type": "Point", "coordinates": [-72.39793, 18.23316]}, "properties": {"nom": "Église Adventiste", "famille": "chretien", "religion_osm": "christian", "denomination_osm": "evangelical", "pcode_commune": "HT0213", "commune": ""}}, {"type": "Feature", "geometry": {"type": "Point", "coordinates": [-72.39708, 18.23207]}, "properties": {"nom": "Église du Nazaréen", "famille": "chretien", "religion_osm": "christian", "denomination_osm": "evangelical", "pcode_commune": "HT0213", "commune": ""}}, {"type": "Feature", "geometry": {"type": "Point", "coordinates": [-72.61286, 18.5202]}, "properties": {"nom": "eglise baptiste missionnaire du grand roi", "famille": "chretien", "religion_osm": "christian", "denomination_osm": "evangelical", "pcode_commune": "HT0121", "commune": ""}}, {"type": "Feature", "geometry": {"type": "Point", "coordinates": [-72.59945, 18.53176]}, "properties": {"nom": "eglise baptiste missionnaire du grand roi", "famille": "chretien", "religion_osm": "christian", "denomination_osm": "evangelical", "pcode_commune": "HT0121", "commune": ""}}, {"type": "Feature", "geometry": {"type": "Point", "coordinates": [-72.40685, 18.2483]}, "properties": {"nom": "eglise kris capab", "famille": "chretien", "religion_osm": "christian", "denomination_osm": "protestant", "pcode_commune": "HT0213", "commune": ""}}, {"type": "Feature", "geometry": {"type": "Point", "coordinates": [-72.39881, 18.24166]}, "properties": {"nom": "eglise baptiste bhétanie", "famille": "chretien", "religion_osm": "christian", "denomination_osm": "protestant", "pcode_commune": "HT0213", "commune": ""}}, {"type": "Feature", "geometry": {"type": "Point", "coordinates": [-72.60416, 18.52555]}, "properties": {"nom": "eglise de dieu du dernier temps", "famille": "chretien", "religion_osm": "christian", "denomination_osm": "evangelical", "pcode_commune": "HT0121", "commune": ""}}, {"type": "Feature", "geometry": {"type": "Point", "coordinates": [-72.69586, 19.46195]}, "properties": {"nom": "eglise primitive", "famille": "chretien", "religion_osm": "christian", "denomination_osm": "baptist", "pcode_commune": "HT0511", "commune": ""}}, {"type": "Feature", "geometry": {"type": "Point", "coordinates": [-72.69635, 19.46222]}, "properties": {"nom": "eglise de dieu apostholique", "famille": "chretien", "religion_osm": "christian", "denomination_osm": "protestant", "pcode_commune": "HT0511", "commune": ""}}, {"type": "Feature", "geometry": {"type": "Point", "coordinates": [-72.67171, 19.43724]}, "properties": {"nom": "eglise", "famille": "chretien", "religion_osm": "christian", "denomination_osm": "evangelical", "pcode_commune": "HT0511", "commune": ""}}, {"type": "Feature", "geometry": {"type": "Point", "coordinates": [-72.67387, 19.43998]}, "properties": {"nom": "eglise corps de christ", "famille": "chretien", "religion_osm": "christian", "denomination_osm": "evangelical", "pcode_commune": "HT0511", "commune": ""}}, {"type": "Feature", "geometry": {"type": "Point", "coordinates": [-72.67314, 19.4389]}, "properties": {"nom": "Église Baptiste Bérée de k-Georges", "famille": "chretien", "religion_osm": "christian", "denomination_osm": "evangelical", "pcode_commune": "HT0511", "commune": ""}}, {"type": "Feature", "geometry": {"type": "Point", "coordinates": [-72.67463, 19.44142]}, "properties": {"nom": "eglise evangelique lumiere", "famille": "chretien", "religion_osm": "christian", "denomination_osm": "evangelical", "pcode_commune": "HT0511", "commune": ""}}, {"type": "Feature", "geometry": {"type": "Point", "coordinates": [-72.67586, 19.43826]}, "properties": {"nom": "eglise", "famille": "chretien", "religion_osm": "christian", "denomination_osm": "evangelical", "pcode_commune": "HT0511", "commune": ""}}, {"type": "Feature", "geometry": {"type": "Point", "coordinates": [-72.67232, 19.43712]}, "properties": {"nom": "eglise assemblee de dieu de k-georges", "famille": "chretien", "religion_osm": "christian", "denomination_osm": "evangelical", "pcode_commune": "HT0511", "commune": ""}}, {"type": "Feature", "geometry": {"type": "Point", "coordinates": [-72.67065, 19.43866]}, "properties": {"nom": "eglise", "famille": "chretien", "religion_osm": "christian", "denomination_osm": "evangelical", "pcode_commune": "HT0511", "commune": ""}}, {"type": "Feature", "geometry": {"type": "Point", "coordinates": [-72.67599, 19.43666]}, "properties": {"nom": "eglise", "famille": "chretien", "religion_osm": "christian", "denomination_osm": "evangelical", "pcode_commune": "HT0511", "commune": ""}}, {"type": "Feature", "geometry": {"type": "Point", "coordinates": [-72.67339, 19.43687]}, "properties": {"nom": "eglise methodiste libre de villard guerin", "famille": "chretien", "religion_osm": "christian", "denomination_osm": "evangelical", "pcode_commune": "HT0511", "commune": ""}}, {"type": "Feature", "geometry": {"type": "Point", "coordinates": [-72.6785, 19.43708]}, "properties": {"nom": "eglise", "famille": "chretien", "religion_osm": "christian", "denomination_osm": "evangelical", "pcode_commune": "HT0511", "commune": ""}}, {"type": "Feature", "geometry": {"type": "Point", "coordinates": [-72.66913, 19.43726]}, "properties": {"nom": "Eglise Adventiste de K-Geoges", "famille": "chretien", "religion_osm": "christian", "denomination_osm": "evangelical", "pcode_commune": "HT0511", "commune": ""}}, {"type": "Feature", "geometry": {"type": "Point", "coordinates": [-72.67775, 19.43683]}, "properties": {"nom": "eglise", "famille": "chretien", "religion_osm": "christian", "denomination_osm": "evangelical", "pcode_commune": "HT0511", "commune": ""}}, {"type": "Feature", "geometry": {"type": "Point", "coordinates": [-72.53246, 19.38128]}, "properties": {"nom": "Eglise de Dieu", "famille": "chretien", "religion_osm": "christian", "denomination_osm": "protestant", "pcode_commune": "HT0511", "commune": ""}}, {"type": "Feature", "geometry": {"type": "Point", "coordinates": [-72.70162, 19.46929]}, "properties": {"nom": "Église Baptiste Shekinah", "famille": "chretien", "religion_osm": "christian", "denomination_osm": "evangelical", "pcode_commune": "HT0511", "commune": ""}}, {"type": "Feature", "geometry": {"type": "Point", "coordinates": [-72.70254, 19.4697]}, "properties": {"nom": "Eglise Baptiste", "famille": "chretien", "religion_osm": "christian", "denomination_osm": "evangelical", "pcode_commune": "HT0511", "commune": ""}}, {"type": "Feature", "geometry": {"type": "Point", "coordinates": [-72.65116, 18.5245]}, "properties": {"nom": "eglise de Dieu de la prophetie", "famille": "chretien", "religion_osm": "christian", "denomination_osm": "evangelical", "pcode_commune": "HT0121", "commune": ""}}, {"type": "Feature", "geometry": {"type": "Point", "coordinates": [-72.59809, 18.52002]}, "properties": {"nom": "Eglise Methodiste Libre de Guerin", "famille": "chretien", "religion_osm": "christian", "denomination_osm": "protestant", "pcode_commune": "HT0121", "commune": ""}}, {"type": "Feature", "geometry": {"type": "Point", "coordinates": [-72.62852, 18.5205]}, "properties": {"nom": "eglise de dieu", "famille": "chretien", "religion_osm": "christian", "denomination_osm": "protestant", "pcode_commune": "HT0121", "commune": ""}}, {"type": "Feature", "geometry": {"type": "Point", "coordinates": [-72.62256, 18.53051]}, "properties": {"nom": "l'eglise st gerard", "famille": "chretien", "religion_osm": "christian", "denomination_osm": "presbyterian", "pcode_commune": "HT0121", "commune": ""}}, {"type": "Feature", "geometry": {"type": "Point", "coordinates": [-72.25233, 18.63309]}, "properties": {"nom": "Eglise evangelique du Christ", "famille": "chretien", "religion_osm": "christian", "denomination_osm": "evangelical", "pcode_commune": "HT0131", "commune": ""}}, {"type": "Feature", "geometry": {"type": "Point", "coordinates": [-72.32338, 18.61584]}, "properties": {"nom": "Église Baptiste Union des Frères de Jamau", "famille": "chretien", "religion_osm": "christian", "denomination_osm": "evangelical", "pcode_commune": "HT0131", "commune": ""}}, {"type": "Feature", "geometry": {"type": "Point", "coordinates": [-72.32019, 18.61509]}, "properties": {"nom": "Église Baptiste de Fourgy", "famille": "chretien", "religion_osm": "christian", "denomination_osm": "baptist", "pcode_commune": "HT0131", "commune": ""}}, {"type": "Feature", "geometry": {"type": "Point", "coordinates": [-72.31909, 18.61764]}, "properties": {"nom": "eglise baptiste Dieu se pouvoira", "famille": "chretien", "religion_osm": "christian", "denomination_osm": "baptist", "pcode_commune": "HT0131", "commune": ""}}, {"type": "Feature", "geometry": {"type": "Point", "coordinates": [-72.31877, 18.61194]}, "properties": {"nom": "eglise corp de christ", "famille": "chretien", "religion_osm": "christian", "denomination_osm": "evangelical", "pcode_commune": "HT0131", "commune": ""}}, {"type": "Feature", "geometry": {"type": "Point", "coordinates": [-72.32101, 18.61535]}, "properties": {"nom": "Église de Dieu de Jamau", "famille": "chretien", "religion_osm": "christian", "denomination_osm": "evangelical", "pcode_commune": "HT0131", "commune": ""}}, {"type": "Feature", "geometry": {"type": "Point", "coordinates": [-72.26463, 18.62892]}, "properties": {"nom": "l'eglise du christ des rachetes", "famille": "chretien", "religion_osm": "christian", "denomination_osm": "", "pcode_commune": "HT0131", "commune": ""}}, {"type": "Feature", "geometry": {"type": "Point", "coordinates": [-72.2602, 18.63162]}, "properties": {"nom": "Eglise Shekina", "famille": "chretien", "religion_osm": "christian", "denomination_osm": "", "pcode_commune": "HT0131", "commune": ""}}, {"type": "Feature", "geometry": {"type": "Point", "coordinates": [-72.32516, 18.23266]}, "properties": {"nom": "egise st dominique de marigot", "famille": "chretien", "religion_osm": "christian", "denomination_osm": "catholic", "pcode_commune": "HT0212", "commune": ""}}, {"type": "Feature", "geometry": {"type": "Point", "coordinates": [-72.34301, 18.23363]}, "properties": {"nom": "eglise nouvelle alliance apostolique de coterelle", "famille": "chretien", "religion_osm": "christian", "denomination_osm": "protestant", "pcode_commune": "HT0212", "commune": ""}}, {"type": "Feature", "geometry": {"type": "Point", "coordinates": [-72.32101, 18.23263]}, "properties": {"nom": "l'Eglise Tabernacle de Marigot", "famille": "chretien", "religion_osm": "christian", "denomination_osm": "protestant", "pcode_commune": "HT0212", "commune": ""}}, {"type": "Feature", "geometry": {"type": "Point", "coordinates": [-72.3204, 18.23295]}, "properties": {"nom": "Eglise Eben-Ezer de Marigot", "famille": "chretien", "religion_osm": "christian", "denomination_osm": "protestant", "pcode_commune": "HT0212", "commune": ""}}, {"type": "Feature", "geometry": {"type": "Point", "coordinates": [-72.30511, 18.24899]}, "properties": {"nom": "eglise marie madeleine", "famille": "chretien", "religion_osm": "christian", "denomination_osm": "catholic", "pcode_commune": "HT0212", "commune": ""}}, {"type": "Feature", "geometry": {"type": "Point", "coordinates": [-72.30584, 18.25301]}, "properties": {"nom": "eglise chretienne grace et depart", "famille": "chretien", "religion_osm": "christian", "denomination_osm": "protestant", "pcode_commune": "HT0212", "commune": ""}}, {"type": "Feature", "geometry": {"type": "Point", "coordinates": [-72.3009, 18.27082]}, "properties": {"nom": "l'eglise de dieu brebis du segneur", "famille": "chretien", "religion_osm": "christian", "denomination_osm": "protestant", "pcode_commune": "HT0212", "commune": ""}}, {"type": "Feature", "geometry": {"type": "Point", "coordinates": [-72.24343, 18.6233]}, "properties": {"nom": "eglise evengelique", "famille": "chretien", "religion_osm": "christian", "denomination_osm": "evangelical", "pcode_commune": "HT0131", "commune": ""}}, {"type": "Feature", "geometry": {"type": "Point", "coordinates": [-72.29674, 18.60948]}, "properties": {"nom": "Eglise de Dieu de Sion", "famille": "chretien", "religion_osm": "christian", "denomination_osm": "evangelical", "pcode_commune": "HT0131", "commune": ""}}, {"type": "Feature", "geometry": {"type": "Point", "coordinates": [-72.29042, 18.62416]}, "properties": {"nom": "Eglise Emmaus d'Haiti", "famille": "chretien", "religion_osm": "christian", "denomination_osm": "protestant", "pcode_commune": "HT0131", "commune": ""}}, {"type": "Feature", "geometry": {"type": "Point", "coordinates": [-72.29358, 18.62137]}, "properties": {"nom": "Eglise de Dieu des Fleurs d'Eau Vivre", "famille": "chretien", "religion_osm": "christian", "denomination_osm": "protestant", "pcode_commune": "HT0131", "commune": ""}}, {"type": "Feature", "geometry": {"type": "Point", "coordinates": [-72.2573, 18.61894]}, "properties": {"nom": "Eglise evangelique baptiste bon sauveur", "famille": "chretien", "religion_osm": "christian", "denomination_osm": "evangelical", "pcode_commune": "HT0131", "commune": ""}}, {"type": "Feature", "geometry": {"type": "Point", "coordinates": [-72.25569, 18.62231]}, "properties": {"nom": "Eglise de Dieu en christ", "famille": "chretien", "religion_osm": "christian", "denomination_osm": "evangelical", "pcode_commune": "HT0131", "commune": ""}}, {"type": "Feature", "geometry": {"type": "Point", "coordinates": [-72.25825, 18.62322]}, "properties": {"nom": "Église du Christ", "famille": "chretien", "religion_osm": "christian", "denomination_osm": "evangelical", "pcode_commune": "HT0131", "commune": ""}}, {"type": "Feature", "geometry": {"type": "Point", "coordinates": [-72.24648, 18.62335]}, "properties": {"nom": "Eglise evangelique Peniel de la grace", "famille": "chretien", "religion_osm": "christian", "denomination_osm": "evangelical", "pcode_commune": "HT0131", "commune": ""}}, {"type": "Feature", "geometry": {"type": "Point", "coordinates": [-72.24876, 18.61929]}, "properties": {"nom": "Eglise Alliance de la grace", "famille": "chretien", "religion_osm": "christian", "denomination_osm": "evangelical", "pcode_commune": "HT0131", "commune": ""}}, {"type": "Feature", "geometry": {"type": "Point", "coordinates": [-72.2495, 18.62314]}, "properties": {"nom": "Eglise de Dieu Rocher de Jacob", "famille": "chretien", "religion_osm": "christian", "denomination_osm": "evangelical", "pcode_commune": "HT0131", "commune": ""}}, {"type": "Feature", "geometry": {"type": "Point", "coordinates": [-72.25132, 18.62487]}, "properties": {"nom": "Eglise du Christ (Antioch church of Christ)", "famille": "chretien", "religion_osm": "christian", "denomination_osm": "evangelical", "pcode_commune": "HT0131", "commune": ""}}, {"type": "Feature", "geometry": {"type": "Point", "coordinates": [-72.24493, 18.59233]}, "properties": {"nom": "foyer divin", "famille": "non_renseigne", "religion_osm": "", "denomination_osm": "", "pcode_commune": "HT0131", "commune": ""}}, {"type": "Feature", "geometry": {"type": "Point", "coordinates": [-72.28682, 18.26443]}, "properties": {"nom": "Union des Saints de l'art Tigre", "famille": "chretien", "religion_osm": "christian", "denomination_osm": "protestant", "pcode_commune": "HT0212", "commune": ""}}, {"type": "Feature", "geometry": {"type": "Point", "coordinates": [-73.05779, 19.63259]}, "properties": {"nom": "eglise catholic bon samaritain", "famille": "chretien", "religion_osm": "christian", "denomination_osm": "catholic", "pcode_commune": "HT0523", "commune": ""}}, {"type": "Feature", "geometry": {"type": "Point", "coordinates": [-72.68478, 19.44211]}, "properties": {"nom": "Eglise assemblee apostolique", "famille": "chretien", "religion_osm": "christian", "denomination_osm": "evangelical", "pcode_commune": "HT0511", "commune": ""}}, {"type": "Feature", "geometry": {"type": "Point", "coordinates": [-72.67841, 19.4431]}, "properties": {"nom": "Eglise evangelique missionnaire d'Haiti, EEMH", "famille": "chretien", "religion_osm": "christian", "denomination_osm": "evangelical", "pcode_commune": "HT0511", "commune": ""}}, {"type": "Feature", "geometry": {"type": "Point", "coordinates": [-72.68604, 19.45054]}, "properties": {"nom": "Évêché", "famille": "chretien", "religion_osm": "christian", "denomination_osm": "catholic", "pcode_commune": "HT0511", "commune": ""}}, {"type": "Feature", "geometry": {"type": "Point", "coordinates": [-72.68103, 19.4538]}, "properties": {"nom": "Tabernacle Baptiste Bethel", "famille": "chretien", "religion_osm": "christian", "denomination_osm": "evangelical", "pcode_commune": "HT0511", "commune": ""}}, {"type": "Feature", "geometry": {"type": "Point", "coordinates": [-72.68034, 19.44372]}, "properties": {"nom": "Église Évangelique de Nouvelle Jerusalem", "famille": "chretien", "religion_osm": "christian", "denomination_osm": "evangelical", "pcode_commune": "HT0511", "commune": ""}}, {"type": "Feature", "geometry": {"type": "Point", "coordinates": [-72.68314, 19.44191]}, "properties": {"nom": "Eglise Amour de Dieu", "famille": "chretien", "religion_osm": "christian", "denomination_osm": "evangelical", "pcode_commune": "HT0511", "commune": ""}}, {"type": "Feature", "geometry": {"type": "Point", "coordinates": [-72.67782, 19.4429]}, "properties": {"nom": "Eglise Lutherien", "famille": "chretien", "religion_osm": "christian", "denomination_osm": "evangelical", "pcode_commune": "HT0511", "commune": ""}}, {"type": "Feature", "geometry": {"type": "Point", "coordinates": [-72.67498, 19.44206]}, "properties": {"nom": "Auditorium Eglise assemblee de Dieu de bigo", "famille": "chretien", "religion_osm": "christian", "denomination_osm": "evangelical", "pcode_commune": "HT0511", "commune": ""}}, {"type": "Feature", "geometry": {"type": "Point", "coordinates": [-72.68153, 19.44423]}, "properties": {"nom": "Église Baptiste Béthanie", "famille": "chretien", "religion_osm": "christian", "denomination_osm": "evangelical", "pcode_commune": "HT0511", "commune": ""}}, {"type": "Feature", "geometry": {"type": "Point", "coordinates": [-72.67112, 19.44136]}, "properties": {"nom": "Église Chrétienne des Gonaives", "famille": "chretien", "religion_osm": "christian", "denomination_osm": "evangelical", "pcode_commune": "HT0511", "commune": ""}}, {"type": "Feature", "geometry": {"type": "Point", "coordinates": [-72.68218, 19.44419]}, "properties": {"nom": "Dieu est amour Église Pentecostale", "famille": "chretien", "religion_osm": "christian", "denomination_osm": "evangelical", "pcode_commune": "HT0511", "commune": ""}}, {"type": "Feature", "geometry": {"type": "Point", "coordinates": [-72.67821, 19.44289]}, "properties": {"nom": "Eglise Baptiste", "famille": "chretien", "religion_osm": "christian", "denomination_osm": "evangelical", "pcode_commune": "HT0511", "commune": ""}}, {"type": "Feature", "geometry": {"type": "Point", "coordinates": [-72.67893, 19.44139]}, "properties": {"nom": "eglise de Dieu independante", "famille": "chretien", "religion_osm": "christian", "denomination_osm": "evangelical", "pcode_commune": "HT0511", "commune": ""}}, {"type": "Feature", "geometry": {"type": "Point", "coordinates": [-72.6608, 19.43978]}, "properties": {"nom": "Eglise de Dieu pentecostale", "famille": "chretien", "religion_osm": "christian", "denomination_osm": "evangelical", "pcode_commune": "HT0511", "commune": ""}}, {"type": "Feature", "geometry": {"type": "Point", "coordinates": [-72.24023, 18.62263]}, "properties": {"nom": "Eglise Baptiste Libre", "famille": "chretien", "religion_osm": "christian", "denomination_osm": "evangelical", "pcode_commune": "HT0131", "commune": ""}}, {"type": "Feature", "geometry": {"type": "Point", "coordinates": [-72.5389, 18.24625]}, "properties": {"nom": "eglise episcopale d'haiti", "famille": "chretien", "religion_osm": "christian", "denomination_osm": "protestant", "pcode_commune": "HT0211", "commune": ""}}, {"type": "Feature", "geometry": {"type": "Point", "coordinates": [-72.55869, 18.53922]}, "properties": {"nom": "eglise st nicolas", "famille": "chretien", "religion_osm": "christian", "denomination_osm": "", "pcode_commune": "HT0121", "commune": ""}}, {"type": "Feature", "geometry": {"type": "Point", "coordinates": [-72.51375, 18.32661]}, "properties": {"nom": "eglise baptiste de la voute", "famille": "chretien", "religion_osm": "christian", "denomination_osm": "protestant", "pcode_commune": "HT0211", "commune": ""}}, {"type": "Feature", "geometry": {"type": "Point", "coordinates": [-72.83421, 18.43756]}, "properties": {"nom": "eglise evangelique mahanaime", "famille": "chretien", "religion_osm": "christian", "denomination_osm": "", "pcode_commune": "HT0122", "commune": ""}}, {"type": "Feature", "geometry": {"type": "Point", "coordinates": [-72.89021, 18.41646]}, "properties": {"nom": "eglise de dieu", "famille": "chretien", "religion_osm": "christian", "denomination_osm": "", "pcode_commune": "HT0122", "commune": ""}}, {"type": "Feature", "geometry": {"type": "Point", "coordinates": [-72.88927, 18.40911]}, "properties": {"nom": "eglise wesleenne", "famille": "chretien", "religion_osm": "christian", "denomination_osm": "", "pcode_commune": "HT0122", "commune": ""}}, {"type": "Feature", "geometry": {"type": "Point", "coordinates": [-72.51348, 18.32772]}, "properties": {"nom": "eglise samarie", "famille": "chretien", "religion_osm": "christian", "denomination_osm": "protestant", "pcode_commune": "HT0211", "commune": ""}}, {"type": "Feature", "geometry": {"type": "Point", "coordinates": [-72.53658, 18.28133]}, "properties": {"nom": "eglise communaute du christ", "famille": "chretien", "religion_osm": "christian", "denomination_osm": "protestant", "pcode_commune": "HT0211", "commune": ""}}, {"type": "Feature", "geometry": {"type": "Point", "coordinates": [-72.57386, 18.24005]}, "properties": {"nom": "eglise nazareen", "famille": "chretien", "religion_osm": "christian", "denomination_osm": "protestant", "pcode_commune": "HT0211", "commune": ""}}, {"type": "Feature", "geometry": {"type": "Point", "coordinates": [-72.57481, 18.24935]}, "properties": {"nom": "saint anne", "famille": "chretien", "religion_osm": "christian", "denomination_osm": "catholic", "pcode_commune": "HT0211", "commune": ""}}, {"type": "Feature", "geometry": {"type": "Point", "coordinates": [-72.58298, 18.22249]}, "properties": {"nom": "Église Saint Pierre et Saint Paul", "famille": "chretien", "religion_osm": "christian", "denomination_osm": "catholic", "pcode_commune": "HT0211", "commune": ""}}, {"type": "Feature", "geometry": {"type": "Point", "coordinates": [-72.23278, 18.57878]}, "properties": {"nom": "Fondation Pain de Fatima", "famille": "non_renseigne", "religion_osm": "", "denomination_osm": "", "pcode_commune": "HT0131", "commune": ""}}, {"type": "Feature", "geometry": {"type": "Point", "coordinates": [-72.5141, 18.86461]}, "properties": {"nom": "Eglise evangelique d'haiti de petit bois", "famille": "chretien", "religion_osm": "christian", "denomination_osm": "", "pcode_commune": "HT0141", "commune": ""}}, {"type": "Feature", "geometry": {"type": "Point", "coordinates": [-72.51307, 18.86343]}, "properties": {"nom": "Notre-dame de la messie", "famille": "non_renseigne", "religion_osm": "", "denomination_osm": "", "pcode_commune": "HT0141", "commune": ""}}, {"type": "Feature", "geometry": {"type": "Point", "coordinates": [-72.51359, 18.86384]}, "properties": {"nom": "Egilise nazareen de petit bois", "famille": "non_renseigne", "religion_osm": "", "denomination_osm": "", "pcode_commune": "HT0141", "commune": ""}}, {"type": "Feature", "geometry": {"type": "Point", "coordinates": [-72.57481, 18.24935]}, "properties": {"nom": "eglise sainte anne", "famille": "chretien", "religion_osm": "christian", "denomination_osm": "catholic", "pcode_commune": "HT0211", "commune": ""}}, {"type": "Feature", "geometry": {"type": "Point", "coordinates": [-72.60356, 18.22306]}, "properties": {"nom": "Église Chrétienne Évangélique Colin", "famille": "chretien", "religion_osm": "christian", "denomination_osm": "protestant", "pcode_commune": "HT0211", "commune": ""}}, {"type": "Feature", "geometry": {"type": "Point", "coordinates": [-72.22904, 18.57931]}, "properties": {"nom": "Eglise du Royaume des témoins de Jéhovah", "famille": "chretien", "religion_osm": "christian", "denomination_osm": "jehovahs_witness", "pcode_commune": "HT0131", "commune": ""}}, {"type": "Feature", "geometry": {"type": "Point", "coordinates": [-72.22761, 18.57544]}, "properties": {"nom": "Eglise neo apostolique", "famille": "chretien", "religion_osm": "christian", "denomination_osm": "protestant", "pcode_commune": "HT0131", "commune": ""}}, {"type": "Feature", "geometry": {"type": "Point", "coordinates": [-72.22303, 18.57554]}, "properties": {"nom": "eglise", "famille": "chretien", "religion_osm": "christian", "denomination_osm": "", "pcode_commune": "HT0131", "commune": ""}}, {"type": "Feature", "geometry": {"type": "Point", "coordinates": [-72.22257, 18.5749]}, "properties": {"nom": "mission evangelique du bon berger", "famille": "chretien", "religion_osm": "christian", "denomination_osm": "evangelical", "pcode_commune": "HT0131", "commune": ""}}, {"type": "Feature", "geometry": {"type": "Point", "coordinates": [-72.43945, 18.34586]}, "properties": {"nom": "eglise de dieu sainte cite", "famille": "chretien", "religion_osm": "christian", "denomination_osm": "", "pcode_commune": "HT0211", "commune": ""}}, {"type": "Feature", "geometry": {"type": "Point", "coordinates": [-72.43333, 18.343]}, "properties": {"nom": "eglise de dieu arme du christ", "famille": "chretien", "religion_osm": "christian", "denomination_osm": "", "pcode_commune": "HT0211", "commune": ""}}, {"type": "Feature", "geometry": {"type": "Point", "coordinates": [-72.43625, 18.34246]}, "properties": {"nom": "eglise catholique la mercie", "famille": "chretien", "religion_osm": "christian", "denomination_osm": "", "pcode_commune": "HT0211", "commune": ""}}, {"type": "Feature", "geometry": {"type": "Point", "coordinates": [-72.62932, 18.50951]}, "properties": {"nom": "eglise mormont", "famille": "chretien", "religion_osm": "christian", "denomination_osm": "", "pcode_commune": "HT0121", "commune": ""}}, {"type": "Feature", "geometry": {"type": "Point", "coordinates": [-72.68592, 19.44004]}, "properties": {"nom": "eglise adventiste philadelphie", "famille": "chretien", "religion_osm": "christian", "denomination_osm": "protestant", "pcode_commune": "HT0511", "commune": ""}}, {"type": "Feature", "geometry": {"type": "Point", "coordinates": [-72.68948, 19.44029]}, "properties": {"nom": "eglise de dieu de jubilee", "famille": "chretien", "religion_osm": "christian", "denomination_osm": "protestant", "pcode_commune": "HT0511", "commune": ""}}, {"type": "Feature", "geometry": {"type": "Point", "coordinates": [-72.41334, 18.51883]}, "properties": {"nom": "eglise baptiste de la grace de riviere froide", "famille": "chretien", "religion_osm": "christian", "denomination_osm": "", "pcode_commune": "HT0113", "commune": ""}}, {"type": "Feature", "geometry": {"type": "Point", "coordinates": [-71.9212, 18.44311]}, "properties": {"nom": "Eglise de Dieu de Thoman", "famille": "chretien", "religion_osm": "christian", "denomination_osm": "evangelical", "pcode_commune": "HT0133", "commune": ""}}, {"type": "Feature", "geometry": {"type": "Point", "coordinates": [-72.12388, 18.57047]}, "properties": {"nom": "Croisade evangelique mission internationale", "famille": "chretien", "religion_osm": "christian", "denomination_osm": "", "pcode_commune": "HT0133", "commune": ""}}, {"type": "Feature", "geometry": {"type": "Point", "coordinates": [-72.67857, 19.4459]}, "properties": {"nom": "eglise baptiste", "famille": "chretien", "religion_osm": "christian", "denomination_osm": "baptist", "pcode_commune": "HT0511", "commune": ""}}, {"type": "Feature", "geometry": {"type": "Point", "coordinates": [-72.67942, 19.44988]}, "properties": {"nom": "eglise primitive la foie en christ", "famille": "chretien", "religion_osm": "christian", "denomination_osm": "", "pcode_commune": "HT0511", "commune": ""}}, {"type": "Feature", "geometry": {"type": "Point", "coordinates": [-72.67652, 19.45014]}, "properties": {"nom": "eglise dieu du salut", "famille": "chretien", "religion_osm": "christian", "denomination_osm": "protestant", "pcode_commune": "HT0511", "commune": ""}}, {"type": "Feature", "geometry": {"type": "Point", "coordinates": [-72.67874, 19.44749]}, "properties": {"nom": "eglise de dieu", "famille": "chretien", "religion_osm": "christian", "denomination_osm": "baptist", "pcode_commune": "HT0511", "commune": ""}}, {"type": "Feature", "geometry": {"type": "Point", "coordinates": [-72.6738, 19.45119]}, "properties": {"nom": "eglise evangelique le monde pour christ", "famille": "chretien", "religion_osm": "christian", "denomination_osm": "baptist", "pcode_commune": "HT0511", "commune": ""}}, {"type": "Feature", "geometry": {"type": "Point", "coordinates": [-72.67681, 19.44367]}, "properties": {"nom": "eglise du nazareen", "famille": "chretien", "religion_osm": "christian", "denomination_osm": "protestant", "pcode_commune": "HT0511", "commune": ""}}, {"type": "Feature", "geometry": {"type": "Point", "coordinates": [-72.67533, 19.44637]}, "properties": {"nom": "eglise baptiste la grandeur de l'eternel", "famille": "chretien", "religion_osm": "christian", "denomination_osm": "baptist", "pcode_commune": "HT0511", "commune": ""}}, {"type": "Feature", "geometry": {"type": "Point", "coordinates": [-72.66963, 19.45104]}, "properties": {"nom": "Eglise Maranatha par la foi", "famille": "chretien", "religion_osm": "christian", "denomination_osm": "protestant", "pcode_commune": "HT0511", "commune": ""}}, {"type": "Feature", "geometry": {"type": "Point", "coordinates": [-72.67084, 19.44597]}, "properties": {"nom": "eglise annexe galilee", "famille": "chretien", "religion_osm": "christian", "denomination_osm": "", "pcode_commune": "HT0511", "commune": ""}}, {"type": "Feature", "geometry": {"type": "Point", "coordinates": [-72.67413, 19.44389]}, "properties": {"nom": "eglise de dieu independante", "famille": "chretien", "religion_osm": "christian", "denomination_osm": "baptist", "pcode_commune": "HT0511", "commune": ""}}, {"type": "Feature", "geometry": {"type": "Point", "coordinates": [-72.67075, 19.44949]}, "properties": {"nom": "eglise el shadai", "famille": "chretien", "religion_osm": "christian", "denomination_osm": "protestant", "pcode_commune": "HT0511", "commune": ""}}, {"type": "Feature", "geometry": {"type": "Point", "coordinates": [-72.69181, 19.44295]}, "properties": {"nom": "eglise philadelphie", "famille": "chretien", "religion_osm": "christian", "denomination_osm": "evangelical", "pcode_commune": "HT0511", "commune": ""}}, {"type": "Feature", "geometry": {"type": "Point", "coordinates": [-72.6899, 19.44185]}, "properties": {"nom": "eglise du christ", "famille": "chretien", "religion_osm": "christian", "denomination_osm": "evangelical", "pcode_commune": "HT0511", "commune": ""}}, {"type": "Feature", "geometry": {"type": "Point", "coordinates": [-72.69263, 19.44496]}, "properties": {"nom": "eglise du christ des gonaives", "famille": "chretien", "religion_osm": "christian", "denomination_osm": "evangelical", "pcode_commune": "HT0511", "commune": ""}}, {"type": "Feature", "geometry": {"type": "Point", "coordinates": [-72.6921, 19.44175]}, "properties": {"nom": "eglise chretienne", "famille": "chretien", "religion_osm": "christian", "denomination_osm": "evangelical", "pcode_commune": "HT0511", "commune": ""}}, {"type": "Feature", "geometry": {"type": "Point", "coordinates": [-72.69194, 19.4421]}, "properties": {"nom": "eglise el shadai", "famille": "chretien", "religion_osm": "christian", "denomination_osm": "evangelical", "pcode_commune": "HT0511", "commune": ""}}, {"type": "Feature", "geometry": {"type": "Point", "coordinates": [-72.69326, 19.44043]}, "properties": {"nom": "eglise evangelique baptiste du calvaire", "famille": "chretien", "religion_osm": "christian", "denomination_osm": "evangelical", "pcode_commune": "HT0511", "commune": ""}}, {"type": "Feature", "geometry": {"type": "Point", "coordinates": [-72.69149, 19.44847]}, "properties": {"nom": "Premiere eglise baptiste des Gonaives", "famille": "chretien", "religion_osm": "christian", "denomination_osm": "evangelical", "pcode_commune": "HT0511", "commune": ""}}, {"type": "Feature", "geometry": {"type": "Point", "coordinates": [-72.69216, 19.44018]}, "properties": {"nom": "eglise", "famille": "chretien", "religion_osm": "christian", "denomination_osm": "evangelical", "pcode_commune": "HT0511", "commune": ""}}, {"type": "Feature", "geometry": {"type": "Point", "coordinates": [-72.68985, 19.44234]}, "properties": {"nom": "Église catholique st-francois d'assise", "famille": "chretien", "religion_osm": "christian", "denomination_osm": "presbyterian", "pcode_commune": "HT0511", "commune": ""}}, {"type": "Feature", "geometry": {"type": "Point", "coordinates": [-72.69317, 19.44123]}, "properties": {"nom": "eglise", "famille": "chretien", "religion_osm": "christian", "denomination_osm": "evangelical", "pcode_commune": "HT0511", "commune": ""}}, {"type": "Feature", "geometry": {"type": "Point", "coordinates": [-72.69052, 19.44691]}, "properties": {"nom": "Église Paroisse Saint-Basile", "famille": "chretien", "religion_osm": "christian", "denomination_osm": "evangelical", "pcode_commune": "HT0511", "commune": ""}}, {"type": "Feature", "geometry": {"type": "Point", "coordinates": [-72.54417, 19.39713]}, "properties": {"nom": "Eglise Christ la reuni de Lahatte", "famille": "chretien", "religion_osm": "christian", "denomination_osm": "pentecostal", "pcode_commune": "HT0511", "commune": ""}}, {"type": "Feature", "geometry": {"type": "Point", "coordinates": [-72.5367, 19.38527]}, "properties": {"nom": "eglise baptiste confraternite", "famille": "chretien", "religion_osm": "christian", "denomination_osm": "evangelical", "pcode_commune": "HT0511", "commune": ""}}, {"type": "Feature", "geometry": {"type": "Point", "coordinates": [-72.22708, 18.58042]}, "properties": {"nom": "eglise st simeon", "famille": "chretien", "religion_osm": "christian", "denomination_osm": "catholic", "pcode_commune": "HT0131", "commune": ""}}, {"type": "Feature", "geometry": {"type": "Point", "coordinates": [-72.22698, 18.58376]}, "properties": {"nom": "Eglise Pentecostal Grace du Ciel", "famille": "chretien", "religion_osm": "christian", "denomination_osm": "pentecostal", "pcode_commune": "HT0131", "commune": ""}}, {"type": "Feature", "geometry": {"type": "Point", "coordinates": [-73.05463, 19.64065]}, "properties": {"nom": "Eglise Baptiste de Platon forcelis", "famille": "chretien", "religion_osm": "christian", "denomination_osm": "protestant", "pcode_commune": "HT0523", "commune": ""}}, {"type": "Feature", "geometry": {"type": "Point", "coordinates": [-73.05478, 19.63355]}, "properties": {"nom": "premiere eglise baptiste evangelique d'anse-rouge", "famille": "chretien", "religion_osm": "christian", "denomination_osm": "protestant", "pcode_commune": "HT0523", "commune": ""}}, {"type": "Feature", "geometry": {"type": "Point", "coordinates": [-73.05777, 19.6384]}, "properties": {"nom": "eglise baptiste independante d'anse rouge", "famille": "chretien", "religion_osm": "christian", "denomination_osm": "protestant", "pcode_commune": "HT0523", "commune": ""}}, {"type": "Feature", "geometry": {"type": "Point", "coordinates": [-73.0579, 19.63278]}, "properties": {"nom": "eglise et ecole pradel pompilus", "famille": "chretien", "religion_osm": "christian", "denomination_osm": "protestant", "pcode_commune": "HT0523", "commune": ""}}, {"type": "Feature", "geometry": {"type": "Point", "coordinates": [-73.02439, 19.67327]}, "properties": {"nom": "Eglise Baptiste Conservatrice de l'Arbre", "famille": "non_renseigne", "religion_osm": "", "denomination_osm": "baptist", "pcode_commune": "HT0523", "commune": ""}}, {"type": "Feature", "geometry": {"type": "Point", "coordinates": [-73.02359, 19.67041]}, "properties": {"nom": "Eglise Baptiste de l'Arbre", "famille": "non_renseigne", "religion_osm": "", "denomination_osm": "baptist", "pcode_commune": "HT0523", "commune": ""}}, {"type": "Feature", "geometry": {"type": "Point", "coordinates": [-73.02236, 19.65986]}, "properties": {"nom": "eglise catholique de l'arbre", "famille": "non_renseigne", "religion_osm": "", "denomination_osm": "catholic", "pcode_commune": "HT0523", "commune": ""}}, {"type": "Feature", "geometry": {"type": "Point", "coordinates": [-73.02313, 19.6683]}, "properties": {"nom": "Temple Adventiste du 7eme Jour de l'Arbre", "famille": "non_renseigne", "religion_osm": "", "denomination_osm": "", "pcode_commune": "HT0523", "commune": ""}}, {"type": "Feature", "geometry": {"type": "Point", "coordinates": [-72.93719, 19.72234]}, "properties": {"nom": "Eglise Baptiste Conservatrice de Tenter", "famille": "non_renseigne", "religion_osm": "", "denomination_osm": "baptist", "pcode_commune": "HT0523", "commune": ""}}, {"type": "Feature", "geometry": {"type": "Point", "coordinates": [-72.09459, 18.6041]}, "properties": {"nom": "eglise par la foi de joaneau", "famille": "chretien", "religion_osm": "christian", "denomination_osm": "", "pcode_commune": "HT0132", "commune": ""}}, {"type": "Feature", "geometry": {"type": "Point", "coordinates": [-72.12028, 18.58481]}, "properties": {"nom": "eglise baptiste holliness", "famille": "chretien", "religion_osm": "christian", "denomination_osm": "", "pcode_commune": "HT0132", "commune": ""}}, {"type": "Feature", "geometry": {"type": "Point", "coordinates": [-72.13574, 18.58622]}, "properties": {"nom": "eglise episcopale de gorman", "famille": "chretien", "religion_osm": "christian", "denomination_osm": "", "pcode_commune": "HT0133", "commune": ""}}, {"type": "Feature", "geometry": {"type": "Point", "coordinates": [-71.95389, 18.67498]}, "properties": {"nom": "Eglise Pentecote 2eme section Plaine Celeste", "famille": "chretien", "religion_osm": "christian", "denomination_osm": "", "pcode_commune": "HT0134", "commune": ""}}, {"type": "Feature", "geometry": {"type": "Point", "coordinates": [-72.28891, 18.54527]}, "properties": {"nom": "Église de Delmas", "famille": "chretien", "religion_osm": "christian", "denomination_osm": "", "pcode_commune": "HT0112", "commune": ""}}, {"type": "Feature", "geometry": {"type": "Point", "coordinates": [-72.75655, 18.36857]}, "properties": {"nom": "eglise maranatha", "famille": "chretien", "religion_osm": "christian", "denomination_osm": "", "pcode_commune": "HT0123", "commune": ""}}, {"type": "Feature", "geometry": {"type": "Point", "coordinates": [-72.35295, 18.45588]}, "properties": {"nom": "Oratoire de la Trinité", "famille": "chretien", "religion_osm": "christian", "denomination_osm": "", "pcode_commune": "HT0113", "commune": ""}}, {"type": "Feature", "geometry": {"type": "Point", "coordinates": [-72.63936, 19.20801]}, "properties": {"nom": "eglise catholique de bocozelle", "famille": "chretien", "religion_osm": "christian", "denomination_osm": "", "pcode_commune": "HT0531", "commune": ""}}, {"type": "Feature", "geometry": {"type": "Point", "coordinates": [-72.93828, 19.59048]}, "properties": {"nom": "eglise nazareen petit carenage", "famille": "chretien", "religion_osm": "christian", "denomination_osm": "", "pcode_commune": "HT0523", "commune": ""}}, {"type": "Feature", "geometry": {"type": "Point", "coordinates": [-72.68686, 19.44924]}, "properties": {"nom": "eglise et Institution Mixte Nazareen", "famille": "chretien", "religion_osm": "christian", "denomination_osm": "", "pcode_commune": "HT0511", "commune": ""}}, {"type": "Feature", "geometry": {"type": "Point", "coordinates": [-72.68389, 19.4512]}, "properties": {"nom": "Eglise de Dieu pasteur Coulange", "famille": "chretien", "religion_osm": "christian", "denomination_osm": "", "pcode_commune": "HT0511", "commune": ""}}, {"type": "Feature", "geometry": {"type": "Point", "coordinates": [-72.687, 19.45033]}, "properties": {"nom": "Eglise de Dieu Union Chretienne", "famille": "chretien", "religion_osm": "christian", "denomination_osm": "", "pcode_commune": "HT0511", "commune": ""}}, {"type": "Feature", "geometry": {"type": "Point", "coordinates": [-72.67821, 19.44863]}, "properties": {"nom": "eglise adventiste de 7eme jour", "famille": "chretien", "religion_osm": "christian", "denomination_osm": "", "pcode_commune": "HT0511", "commune": ""}}, {"type": "Feature", "geometry": {"type": "Point", "coordinates": [-72.67806, 19.44827]}, "properties": {"nom": "Eglise et ecole Methodiste", "famille": "chretien", "religion_osm": "christian", "denomination_osm": "", "pcode_commune": "HT0511", "commune": ""}}, {"type": "Feature", "geometry": {"type": "Point", "coordinates": [-72.32516, 18.23284]}, "properties": {"nom": "salle paroissiale", "famille": "chretien", "religion_osm": "christian", "denomination_osm": "", "pcode_commune": "HT0212", "commune": ""}}, {"type": "Feature", "geometry": {"type": "Point", "coordinates": [-72.35668, 18.26232]}, "properties": {"nom": "eglise saint pierre", "famille": "chretien", "religion_osm": "christian", "denomination_osm": "", "pcode_commune": "HT0212", "commune": ""}}, {"type": "Feature", "geometry": {"type": "Point", "coordinates": [-72.3943, 18.24775]}, "properties": {"nom": "eglise saintete de gaillard", "famille": "chretien", "religion_osm": "christian", "denomination_osm": "", "pcode_commune": "HT0213", "commune": ""}}, {"type": "Feature", "geometry": {"type": "Point", "coordinates": [-72.53258, 18.22991]}, "properties": {"nom": "eglise notre dame du perpetuel secours", "famille": "chretien", "religion_osm": "christian", "denomination_osm": "", "pcode_commune": "HT0211", "commune": ""}}, {"type": "Feature", "geometry": {"type": "Point", "coordinates": [-72.42851, 18.27059]}, "properties": {"nom": "eglise baptiste", "famille": "chretien", "religion_osm": "christian", "denomination_osm": "", "pcode_commune": "HT0213", "commune": ""}}, {"type": "Feature", "geometry": {"type": "Point", "coordinates": [-72.39669, 18.30407]}, "properties": {"nom": "eglise milot", "famille": "chretien", "religion_osm": "christian", "denomination_osm": "", "pcode_commune": "HT0213", "commune": ""}}, {"type": "Feature", "geometry": {"type": "Point", "coordinates": [-72.3094, 18.27914]}, "properties": {"nom": "eglise catholique decira", "famille": "chretien", "religion_osm": "christian", "denomination_osm": "catholic", "pcode_commune": "HT0212", "commune": ""}}, {"type": "Feature", "geometry": {"type": "Point", "coordinates": [-72.90305, 18.38455]}, "properties": {"nom": "eglise st gerard", "famille": "chretien", "religion_osm": "christian", "denomination_osm": "", "pcode_commune": "HT0122", "commune": ""}}, {"type": "Feature", "geometry": {"type": "Point", "coordinates": [-72.99266, 18.30242]}, "properties": {"nom": "eglise st joseph lozier", "famille": "chretien", "religion_osm": "christian", "denomination_osm": "", "pcode_commune": "HT0222", "commune": ""}}, {"type": "Feature", "geometry": {"type": "Point", "coordinates": [-73.0109, 18.36415]}, "properties": {"nom": "eglise methodiste yacinthe", "famille": "chretien", "religion_osm": "christian", "denomination_osm": "", "pcode_commune": "HT0122", "commune": ""}}, {"type": "Feature", "geometry": {"type": "Point", "coordinates": [-72.34792, 18.52699]}, "properties": {"nom": "Paroisse de Caridad", "famille": "chretien", "religion_osm": "christian", "denomination_osm": "", "pcode_commune": "HT0111", "commune": ""}}, {"type": "Feature", "geometry": {"type": "Point", "coordinates": [-72.35494, 18.53269]}, "properties": {"nom": "Paroisse Sainte Bernadette", "famille": "chretien", "religion_osm": "christian", "denomination_osm": "", "pcode_commune": "HT0111", "commune": ""}}, {"type": "Feature", "geometry": {"type": "Point", "coordinates": [-72.66584, 18.26931]}, "properties": {"nom": "salle paroissiale", "famille": "non_renseigne", "religion_osm": "", "denomination_osm": "", "pcode_commune": "HT0214", "commune": ""}}, {"type": "Feature", "geometry": {"type": "Point", "coordinates": [-72.61512, 18.26033]}, "properties": {"nom": "eglise catholique de musac", "famille": "chretien", "religion_osm": "christian", "denomination_osm": "", "pcode_commune": "HT0214", "commune": ""}}, {"type": "Feature", "geometry": {"type": "Point", "coordinates": [-72.51483, 18.36678]}, "properties": {"nom": "eglise mont carmel", "famille": "chretien", "religion_osm": "christian", "denomination_osm": "", "pcode_commune": "HT0211", "commune": ""}}, {"type": "Feature", "geometry": {"type": "Point", "coordinates": [-72.62867, 19.49243]}, "properties": {"nom": "Eglise Baptiste independante de Bassin", "famille": "chretien", "religion_osm": "christian", "denomination_osm": "baptist", "pcode_commune": "HT0511", "commune": ""}}, {"type": "Feature", "geometry": {"type": "Point", "coordinates": [-72.6253, 19.50198]}, "properties": {"nom": "eglise baptiste conseervatrice de chanflo/route soukri", "famille": "chretien", "religion_osm": "christian", "denomination_osm": "protestant", "pcode_commune": "HT0511", "commune": ""}}, {"type": "Feature", "geometry": {"type": "Point", "coordinates": [-72.68915, 18.34501]}, "properties": {"nom": "eglise st mathias", "famille": "chretien", "religion_osm": "christian", "denomination_osm": "", "pcode_commune": "HT0123", "commune": ""}}, {"type": "Feature", "geometry": {"type": "Point", "coordinates": [-72.11436, 19.33676]}, "properties": {"nom": "presbitaire de l'eglise saint joseph", "famille": "chretien", "religion_osm": "christian", "denomination_osm": "", "pcode_commune": "HT0344", "commune": ""}}, {"type": "Feature", "geometry": {"type": "Point", "coordinates": [-72.20209, 19.44222]}, "properties": {"nom": "Église Baptiste Sareptha", "famille": "chretien", "religion_osm": "christian", "denomination_osm": "catholic", "pcode_commune": "HT0341", "commune": ""}}, {"type": "Feature", "geometry": {"type": "Point", "coordinates": [-72.07066, 19.34307]}, "properties": {"nom": "Eglise presbiterale Saint Joseph de Fontaine", "famille": "chretien", "religion_osm": "christian", "denomination_osm": "catholic", "pcode_commune": "HT0344", "commune": ""}}, {"type": "Feature", "geometry": {"type": "Point", "coordinates": [-72.29464, 18.59326]}, "properties": {"nom": "Eglise de Dieu evangelique Mont des Oliviers de Damien", "famille": "chretien", "religion_osm": "christian", "denomination_osm": "evangelical", "pcode_commune": "HT0117", "commune": ""}}, {"type": "Feature", "geometry": {"type": "Point", "coordinates": [-72.01558, 19.14211]}, "properties": {"nom": "Église Sacré Cœur de Hinche", "famille": "chretien", "religion_osm": "christian", "denomination_osm": "catholic", "pcode_commune": "HT0611", "commune": ""}}, {"type": "Feature", "geometry": {"type": "Point", "coordinates": [-72.29105, 18.58743]}, "properties": {"nom": "eglise de dieu de la cour cazeau", "famille": "chretien", "religion_osm": "christian", "denomination_osm": "evangelical", "pcode_commune": "HT0118", "commune": ""}}, {"type": "Feature", "geometry": {"type": "Point", "coordinates": [-72.28684, 18.587]}, "properties": {"nom": "eglise de dieu du ministere de la delivrance", "famille": "chretien", "religion_osm": "christian", "denomination_osm": "evangelical", "pcode_commune": "HT0118", "commune": ""}}, {"type": "Feature", "geometry": {"type": "Point", "coordinates": [-71.91575, 18.66301]}, "properties": {"nom": "Eglise Saint-Marc 2eme section Plaine Celeste", "famille": "chretien", "religion_osm": "christian", "denomination_osm": "", "pcode_commune": "HT0134", "commune": ""}}, {"type": "Feature", "geometry": {"type": "Point", "coordinates": [-72.04981, 18.67382]}, "properties": {"nom": "Eglise Catholique Marie Madeleine", "famille": "non_renseigne", "religion_osm": "", "denomination_osm": "", "pcode_commune": "HT0134", "commune": ""}}, {"type": "Feature", "geometry": {"type": "Point", "coordinates": [-71.88405, 18.6806]}, "properties": {"nom": "Eglise Saint Pierre 2eme Boucan", "famille": "chretien", "religion_osm": "christian", "denomination_osm": "", "pcode_commune": "HT0134", "commune": ""}}, {"type": "Feature", "geometry": {"type": "Point", "coordinates": [-72.51934, 19.26252]}, "properties": {"nom": "Église Nazaréenne de Dessalines", "famille": "chretien", "religion_osm": "christian", "denomination_osm": "evangelical", "pcode_commune": "HT0541", "commune": ""}}, {"type": "Feature", "geometry": {"type": "Point", "coordinates": [-72.80048, 18.36212]}, "properties": {"nom": "Eglise Saint Joseph", "famille": "chretien", "religion_osm": "christian", "denomination_osm": "", "pcode_commune": "HT0123", "commune": ""}}, {"type": "Feature", "geometry": {"type": "Point", "coordinates": [-72.71591, 18.42552]}, "properties": {"nom": "ecole et eglise wesleyenne", "famille": "chretien", "religion_osm": "christian", "denomination_osm": "", "pcode_commune": "HT0123", "commune": ""}}, {"type": "Feature", "geometry": {"type": "Point", "coordinates": [-72.68998, 19.44928]}, "properties": {"nom": "Eglise Bereca", "famille": "chretien", "religion_osm": "christian", "denomination_osm": "", "pcode_commune": "HT0511", "commune": ""}}, {"type": "Feature", "geometry": {"type": "Point", "coordinates": [-72.69918, 19.11267]}, "properties": {"nom": "Eben-Ezer Church", "famille": "chretien", "religion_osm": "christian", "denomination_osm": "baptist", "pcode_commune": "HT0531", "commune": ""}}, {"type": "Feature", "geometry": {"type": "Point", "coordinates": [-73.82829, 18.15463]}, "properties": {"nom": "Église Luthérienne", "famille": "chretien", "religion_osm": "christian", "denomination_osm": "lutheran", "pcode_commune": "HT0712", "commune": ""}}, {"type": "Feature", "geometry": {"type": "Point", "coordinates": [-73.82837, 18.15371]}, "properties": {"nom": "Eglise la Prophétie", "famille": "chretien", "religion_osm": "christian", "denomination_osm": "", "pcode_commune": "HT0712", "commune": ""}}, {"type": "Feature", "geometry": {"type": "Point", "coordinates": [-73.29699, 18.48162]}, "properties": {"nom": "Église Saint Monfort d'Orouck", "famille": "chretien", "religion_osm": "christian", "denomination_osm": "", "pcode_commune": "HT1021", "commune": ""}}, {"type": "Feature", "geometry": {"type": "Point", "coordinates": [-73.25092, 18.42991]}, "properties": {"nom": "Paroisse Pojjy", "famille": "chretien", "religion_osm": "christian", "denomination_osm": "", "pcode_commune": "HT1012", "commune": ""}}, {"type": "Feature", "geometry": {"type": "Point", "coordinates": [-73.24823, 18.42357]}, "properties": {"nom": "eglise baptiste de monneron", "famille": "chretien", "religion_osm": "christian", "denomination_osm": "", "pcode_commune": "HT1014", "commune": ""}}, {"type": "Feature", "geometry": {"type": "Point", "coordinates": [-73.26109, 18.43185]}, "properties": {"nom": "eglise baptiste plateau jovin", "famille": "chretien", "religion_osm": "christian", "denomination_osm": "", "pcode_commune": "HT1021", "commune": ""}}, {"type": "Feature", "geometry": {"type": "Point", "coordinates": [-73.65887, 18.30806]}, "properties": {"nom": "Notre-Dame de Rosaire", "famille": "chretien", "religion_osm": "christian", "denomination_osm": "catholic", "pcode_commune": "HT0733", "commune": ""}}, {"type": "Feature", "geometry": {"type": "Point", "coordinates": [-73.86823, 18.325]}, "properties": {"nom": "Église Saint Anne", "famille": "chretien", "religion_osm": "christian", "denomination_osm": "catholic", "pcode_commune": "HT0714", "commune": ""}}, {"type": "Feature", "geometry": {"type": "Point", "coordinates": [-73.32408, 18.32673]}, "properties": {"nom": "Église Baptiste", "famille": "chretien", "religion_osm": "christian", "denomination_osm": "baptist", "pcode_commune": "HT0731", "commune": ""}}, {"type": "Feature", "geometry": {"type": "Point", "coordinates": [-73.18878, 18.36293]}, "properties": {"nom": "Salle Paroissiale de Pemerle", "famille": "non_renseigne", "religion_osm": "", "denomination_osm": "", "pcode_commune": "HT0731", "commune": ""}}, {"type": "Feature", "geometry": {"type": "Point", "coordinates": [-73.43282, 18.41778]}, "properties": {"nom": "eglise baptiste de sanai", "famille": "chretien", "religion_osm": "christian", "denomination_osm": "", "pcode_commune": "HT1023", "commune": ""}}, {"type": "Feature", "geometry": {"type": "Point", "coordinates": [-73.31109, 18.37317]}, "properties": {"nom": "Église Baptiste de Pascal", "famille": "chretien", "religion_osm": "christian", "denomination_osm": "baptist", "pcode_commune": "HT1013", "commune": ""}}, {"type": "Feature", "geometry": {"type": "Point", "coordinates": [-73.46868, 18.43798]}, "properties": {"nom": "eglise golgotha de moinson", "famille": "chretien", "religion_osm": "christian", "denomination_osm": "", "pcode_commune": "HT1022", "commune": ""}}, {"type": "Feature", "geometry": {"type": "Point", "coordinates": [-73.31906, 18.3836]}, "properties": {"nom": "Église Catholique de Pochette", "famille": "chretien", "religion_osm": "christian", "denomination_osm": "catholic", "pcode_commune": "HT1013", "commune": ""}}, {"type": "Feature", "geometry": {"type": "Point", "coordinates": [-73.34949, 18.45108]}, "properties": {"nom": "eglise de dieu et ecole de moinsard", "famille": "chretien", "religion_osm": "christian", "denomination_osm": "", "pcode_commune": "HT1021", "commune": ""}}, {"type": "Feature", "geometry": {"type": "Point", "coordinates": [-74.24557, 18.66576]}, "properties": {"nom": "Église Catholique Saint-Louis Gonzague", "famille": "chretien", "religion_osm": "christian", "denomination_osm": "", "pcode_commune": "HT0813", "commune": ""}}, {"type": "Feature", "geometry": {"type": "Point", "coordinates": [-74.1185, 18.6374]}, "properties": {"nom": "Église Gospel", "famille": "chretien", "religion_osm": "christian", "denomination_osm": "", "pcode_commune": "HT0811", "commune": ""}}, {"type": "Feature", "geometry": {"type": "Point", "coordinates": [-74.24416, 18.66482]}, "properties": {"nom": "Église Crois en Seigneur Jésus", "famille": "chretien", "religion_osm": "christian", "denomination_osm": "", "pcode_commune": "HT0813", "commune": ""}}, {"type": "Feature", "geometry": {"type": "Point", "coordinates": [-74.11217, 18.63849]}, "properties": {"nom": "Église Sainte Hélène", "famille": "chretien", "religion_osm": "christian", "denomination_osm": "", "pcode_commune": "HT0811", "commune": ""}}, {"type": "Feature", "geometry": {"type": "Point", "coordinates": [-74.11359, 18.64582]}, "properties": {"nom": "Église Baptiste", "famille": "chretien", "religion_osm": "christian", "denomination_osm": "", "pcode_commune": "HT0811", "commune": ""}}, {"type": "Feature", "geometry": {"type": "Point", "coordinates": [-74.11453, 18.64849]}, "properties": {"nom": "Église Dieu de la Prophétie", "famille": "chretien", "religion_osm": "christian", "denomination_osm": "", "pcode_commune": "HT0811", "commune": ""}}, {"type": "Feature", "geometry": {"type": "Point", "coordinates": [-74.11355, 18.64211]}, "properties": {"nom": "Église Methodiste d'Haiti", "famille": "chretien", "religion_osm": "christian", "denomination_osm": "", "pcode_commune": "HT0811", "commune": ""}}, {"type": "Feature", "geometry": {"type": "Point", "coordinates": [-74.18648, 18.63505]}, "properties": {"nom": "Église Saint François carrefour sanon", "famille": "chretien", "religion_osm": "christian", "denomination_osm": "", "pcode_commune": "HT0811", "commune": ""}}, {"type": "Feature", "geometry": {"type": "Point", "coordinates": [-73.39679, 18.27876]}, "properties": {"nom": "eglise + ecole mebsh", "famille": "chretien", "religion_osm": "christian", "denomination_osm": "", "pcode_commune": "HT0731", "commune": ""}}, {"type": "Feature", "geometry": {"type": "Point", "coordinates": [-73.8939, 18.33652]}, "properties": {"nom": "Église Catholique", "famille": "chretien", "religion_osm": "christian", "denomination_osm": "", "pcode_commune": "HT0714", "commune": ""}}, {"type": "Feature", "geometry": {"type": "Point", "coordinates": [-73.86785, 18.325]}, "properties": {"nom": "Salle Paroissiale Sainte-Anne", "famille": "chretien", "religion_osm": "christian", "denomination_osm": "", "pcode_commune": "HT0714", "commune": ""}}, {"type": "Feature", "geometry": {"type": "Point", "coordinates": [-73.8842, 18.33234]}, "properties": {"nom": "Eglise de Dieu de Délinois", "famille": "chretien", "religion_osm": "christian", "denomination_osm": "", "pcode_commune": "HT0714", "commune": ""}}, {"type": "Feature", "geometry": {"type": "Point", "coordinates": [-73.88185, 18.34657]}, "properties": {"nom": "Eglise Catholique de Jonc Tibi", "famille": "chretien", "religion_osm": "christian", "denomination_osm": "", "pcode_commune": "HT0714", "commune": ""}}, {"type": "Feature", "geometry": {"type": "Point", "coordinates": [-73.82546, 18.35815]}, "properties": {"nom": "Eglise Baptiste de Garrathe", "famille": "chretien", "religion_osm": "christian", "denomination_osm": "", "pcode_commune": "HT0714", "commune": ""}}, {"type": "Feature", "geometry": {"type": "Point", "coordinates": [-73.65658, 18.31217]}, "properties": {"nom": "Église du Corps de Christ", "famille": "chretien", "religion_osm": "christian", "denomination_osm": "", "pcode_commune": "HT0733", "commune": ""}}, {"type": "Feature", "geometry": {"type": "Point", "coordinates": [-73.75659, 18.35473]}, "properties": {"nom": "Eglise Évangélique Béthanie de Robert", "famille": "chretien", "religion_osm": "christian", "denomination_osm": "", "pcode_commune": "HT0715", "commune": ""}}, {"type": "Feature", "geometry": {"type": "Point", "coordinates": [-73.80786, 18.16218]}, "properties": {"nom": "Église Épiscopale de Torbeck", "famille": "chretien", "religion_osm": "christian", "denomination_osm": "episcopal", "pcode_commune": "HT0712", "commune": ""}}, {"type": "Feature", "geometry": {"type": "Point", "coordinates": [-73.84935, 18.36689]}, "properties": {"nom": "Eglise MEBSH de Mahotière", "famille": "chretien", "religion_osm": "christian", "denomination_osm": "", "pcode_commune": "HT0714", "commune": ""}}, {"type": "Feature", "geometry": {"type": "Point", "coordinates": [-73.91072, 18.30657]}, "properties": {"nom": "Eglise Catholique", "famille": "chretien", "religion_osm": "christian", "denomination_osm": "catholic", "pcode_commune": "HT0712", "commune": ""}}, {"type": "Feature", "geometry": {"type": "Point", "coordinates": [-74.2139, 18.31233]}, "properties": {"nom": "Église de Dieu de Digue", "famille": "chretien", "religion_osm": "christian", "denomination_osm": "", "pcode_commune": "HT0752", "commune": ""}}, {"type": "Feature", "geometry": {"type": "Point", "coordinates": [-74.21821, 18.3079]}, "properties": {"nom": "Église Baptiste MEBSH", "famille": "chretien", "religion_osm": "christian", "denomination_osm": "", "pcode_commune": "HT0752", "commune": ""}}, {"type": "Feature", "geometry": {"type": "Point", "coordinates": [-72.86315, 18.83095]}, "properties": {"nom": "Eglise/Ecole wesleenne", "famille": "chretien", "religion_osm": "christian", "denomination_osm": "", "pcode_commune": "HT0151", "commune": ""}}, {"type": "Feature", "geometry": {"type": "Point", "coordinates": [-72.86409, 18.83392]}, "properties": {"nom": "Ecole adventiste du 7eme jour", "famille": "non_renseigne", "religion_osm": "", "denomination_osm": "", "pcode_commune": "HT0151", "commune": ""}}, {"type": "Feature", "geometry": {"type": "Point", "coordinates": [-73.03494, 18.83495]}, "properties": {"nom": "Eglise du reste des chretiens d'haiti", "famille": "chretien", "religion_osm": "christian", "denomination_osm": "", "pcode_commune": "HT0151", "commune": ""}}, {"type": "Feature", "geometry": {"type": "Point", "coordinates": [-73.09187, 18.85749]}, "properties": {"nom": "Eglise Presbyterienne", "famille": "chretien", "religion_osm": "christian", "denomination_osm": "", "pcode_commune": "HT0151", "commune": ""}}, {"type": "Feature", "geometry": {"type": "Point", "coordinates": [-74.25599, 18.31293]}, "properties": {"nom": "Église Baptiste de Tiburon", "famille": "chretien", "religion_osm": "christian", "denomination_osm": "", "pcode_commune": "HT0753", "commune": ""}}, {"type": "Feature", "geometry": {"type": "Point", "coordinates": [-74.25777, 18.3132]}, "properties": {"nom": "Marie Reine Immaculée", "famille": "chretien", "religion_osm": "christian", "denomination_osm": "", "pcode_commune": "HT0753", "commune": ""}}, {"type": "Feature", "geometry": {"type": "Point", "coordinates": [-74.31275, 18.55134]}, "properties": {"nom": "Église Catholique", "famille": "chretien", "religion_osm": "christian", "denomination_osm": "", "pcode_commune": "HT0815", "commune": ""}}, {"type": "Feature", "geometry": {"type": "Point", "coordinates": [-74.31306, 18.55088]}, "properties": {"nom": "Église Adventiste", "famille": "chretien", "religion_osm": "christian", "denomination_osm": "", "pcode_commune": "HT0815", "commune": ""}}, {"type": "Feature", "geometry": {"type": "Point", "coordinates": [-74.4229, 18.42601]}, "properties": {"nom": "Église catholique", "famille": "chretien", "religion_osm": "christian", "denomination_osm": "", "pcode_commune": "HT0823", "commune": ""}}, {"type": "Feature", "geometry": {"type": "Point", "coordinates": [-74.43897, 18.34941]}, "properties": {"nom": "Église Catholique", "famille": "chretien", "religion_osm": "christian", "denomination_osm": "", "pcode_commune": "HT0753", "commune": ""}}, {"type": "Feature", "geometry": {"type": "Point", "coordinates": [-74.45279, 18.40379]}, "properties": {"nom": "Église Catholique", "famille": "chretien", "religion_osm": "christian", "denomination_osm": "", "pcode_commune": "HT0823", "commune": ""}}, {"type": "Feature", "geometry": {"type": "Point", "coordinates": [-72.97207, 18.86599]}, "properties": {"nom": "Eglise Nazareen de cherissable", "famille": "chretien", "religion_osm": "christian", "denomination_osm": "", "pcode_commune": "HT0151", "commune": ""}}, {"type": "Feature", "geometry": {"type": "Point", "coordinates": [-73.04275, 18.90552]}, "properties": {"nom": "Eglise du Nazareen de trou Louis-jeune", "famille": "chretien", "religion_osm": "christian", "denomination_osm": "", "pcode_commune": "HT0151", "commune": ""}}, {"type": "Feature", "geometry": {"type": "Point", "coordinates": [-73.04458, 18.90675]}, "properties": {"nom": "Eglise wesleenne de trou louis-jeune", "famille": "chretien", "religion_osm": "christian", "denomination_osm": "", "pcode_commune": "HT0151", "commune": ""}}, {"type": "Feature", "geometry": {"type": "Point", "coordinates": [-72.52325, 19.84372]}, "properties": {"nom": "Eglise Eben Ezer de borgne", "famille": "chretien", "religion_osm": "christian", "denomination_osm": "", "pcode_commune": "HT0351", "commune": ""}}, {"type": "Feature", "geometry": {"type": "Point", "coordinates": [-73.17189, 19.8694]}, "properties": {"nom": "eglise baptiste collecte", "famille": "chretien", "religion_osm": "christian", "denomination_osm": "", "pcode_commune": "HT0934", "commune": ""}}, {"type": "Feature", "geometry": {"type": "Point", "coordinates": [-73.19279, 19.85245]}, "properties": {"nom": "Eglise de Dieu independante", "famille": "chretien", "religion_osm": "christian", "denomination_osm": "", "pcode_commune": "HT0934", "commune": ""}}, {"type": "Feature", "geometry": {"type": "Point", "coordinates": [-72.8323, 19.91236]}, "properties": {"nom": "Église Catholique Saint Jean Bosco", "famille": "chretien", "religion_osm": "christian", "denomination_osm": "", "pcode_commune": "HT0911", "commune": ""}}, {"type": "Feature", "geometry": {"type": "Point", "coordinates": [-72.08374, 18.44765]}, "properties": {"nom": "L'Eglise Olivier", "famille": "chretien", "religion_osm": "christian", "denomination_osm": "baptist", "pcode_commune": "HT0133", "commune": ""}}, {"type": "Feature", "geometry": {"type": "Point", "coordinates": [-72.29276, 18.46594]}, "properties": {"nom": "Église Saint Jacques", "famille": "chretien", "religion_osm": "christian", "denomination_osm": "", "pcode_commune": "HT0115", "commune": ""}}, {"type": "Feature", "geometry": {"type": "Point", "coordinates": [-72.63661, 19.44368]}, "properties": {"nom": "Eglise Corps de Christ", "famille": "chretien", "religion_osm": "christian", "denomination_osm": "baptist", "pcode_commune": "HT0511", "commune": ""}}, {"type": "Feature", "geometry": {"type": "Point", "coordinates": [-72.63768, 19.44227]}, "properties": {"nom": "Mission Eglise Evangelique de la nouvelle revelation", "famille": "chretien", "religion_osm": "christian", "denomination_osm": "baptist", "pcode_commune": "HT0511", "commune": ""}}, {"type": "Feature", "geometry": {"type": "Point", "coordinates": [-72.23422, 18.31087]}, "properties": {"nom": "Eglise Ebenezer", "famille": "chretien", "religion_osm": "christian", "denomination_osm": "protestant", "pcode_commune": "HT0212", "commune": ""}}, {"type": "Feature", "geometry": {"type": "Point", "coordinates": [-72.22755, 18.3142]}, "properties": {"nom": "Emanuel Christian", "famille": "chretien", "religion_osm": "christian", "denomination_osm": "", "pcode_commune": "HT0231", "commune": ""}}, {"type": "Feature", "geometry": {"type": "Point", "coordinates": [-72.28551, 18.42064]}, "properties": {"nom": "L'Église de Dieu", "famille": "chretien", "religion_osm": "christian", "denomination_osm": "", "pcode_commune": "HT0115", "commune": ""}}, {"type": "Feature", "geometry": {"type": "Point", "coordinates": [-72.26309, 18.59356]}, "properties": {"nom": "Eglise Mission Evangelique D'Haiti", "famille": "chretien", "religion_osm": "christian", "denomination_osm": "", "pcode_commune": "HT0118", "commune": ""}}, {"type": "Feature", "geometry": {"type": "Point", "coordinates": [-72.27768, 18.57508]}, "properties": {"nom": "Eglise Methodiste", "famille": "chretien", "religion_osm": "christian", "denomination_osm": "", "pcode_commune": "HT0118", "commune": ""}}, {"type": "Feature", "geometry": {"type": "Point", "coordinates": [-72.27508, 18.57477]}, "properties": {"nom": "Perystil Zeb Ate", "famille": "vodou", "religion_osm": "voodoo", "denomination_osm": "", "pcode_commune": "HT0118", "commune": ""}}, {"type": "Feature", "geometry": {"type": "Point", "coordinates": [-72.2635, 18.59343]}, "properties": {"nom": "Eglise Serviteur du Dieu Vivant", "famille": "chretien", "religion_osm": "christian", "denomination_osm": "", "pcode_commune": "HT0118", "commune": ""}}, {"type": "Feature", "geometry": {"type": "Point", "coordinates": [-72.28506, 18.59022]}, "properties": {"nom": "Salle des Temoins de Jehova", "famille": "chretien", "religion_osm": "christian", "denomination_osm": "", "pcode_commune": "HT0118", "commune": ""}}, {"type": "Feature", "geometry": {"type": "Point", "coordinates": [-72.283, 18.58757]}, "properties": {"nom": "Centre de Miracle et de Restauration", "famille": "non_renseigne", "religion_osm": "", "denomination_osm": "", "pcode_commune": "HT0118", "commune": ""}}, {"type": "Feature", "geometry": {"type": "Point", "coordinates": [-72.28148, 18.59466]}, "properties": {"nom": "Co-Heritier de Jesus Christ", "famille": "chretien", "religion_osm": "christian", "denomination_osm": "", "pcode_commune": "HT0118", "commune": ""}}, {"type": "Feature", "geometry": {"type": "Point", "coordinates": [-72.27805, 18.5967]}, "properties": {"nom": "Eglise du christ", "famille": "chretien", "religion_osm": "christian", "denomination_osm": "", "pcode_commune": "HT0118", "commune": ""}}, {"type": "Feature", "geometry": {"type": "Point", "coordinates": [-72.28209, 18.59442]}, "properties": {"nom": "Eglise de Jesus Christ des Saints des derniers jours", "famille": "chretien", "religion_osm": "christian", "denomination_osm": "", "pcode_commune": "HT0118", "commune": ""}}, {"type": "Feature", "geometry": {"type": "Point", "coordinates": [-72.28567, 18.59044]}, "properties": {"nom": "Eglise de Dieu tabernacle de priere", "famille": "chretien", "religion_osm": "christian", "denomination_osm": "", "pcode_commune": "HT0118", "commune": ""}}, {"type": "Feature", "geometry": {"type": "Point", "coordinates": [-72.28892, 18.5884]}, "properties": {"nom": "Eglise Adventiste du 7eme jour", "famille": "chretien", "religion_osm": "christian", "denomination_osm": "", "pcode_commune": "HT0118", "commune": ""}}, {"type": "Feature", "geometry": {"type": "Point", "coordinates": [-72.28412, 18.59472]}, "properties": {"nom": "Eglise Tabernacle de l'Adoration", "famille": "chretien", "religion_osm": "christian", "denomination_osm": "", "pcode_commune": "HT0118", "commune": ""}}, {"type": "Feature", "geometry": {"type": "Point", "coordinates": [-72.28221, 18.57138]}, "properties": {"nom": "Eglise Evangelique Baptiste Christ Revient", "famille": "chretien", "religion_osm": "christian", "denomination_osm": "baptist", "pcode_commune": "HT0118", "commune": ""}}, {"type": "Feature", "geometry": {"type": "Point", "coordinates": [-72.28262, 18.59799]}, "properties": {"nom": "Kafou", "famille": "non_renseigne", "religion_osm": "", "denomination_osm": "", "pcode_commune": "HT0118", "commune": ""}}, {"type": "Feature", "geometry": {"type": "Point", "coordinates": [-72.28161, 18.59641]}, "properties": {"nom": "Lavi Dwol", "famille": "non_renseigne", "religion_osm": "", "denomination_osm": "", "pcode_commune": "HT0118", "commune": ""}}, {"type": "Feature", "geometry": {"type": "Point", "coordinates": [-72.26338, 18.58253]}, "properties": {"nom": "Gospel Way", "famille": "chretien", "religion_osm": "christian", "denomination_osm": "", "pcode_commune": "HT0118", "commune": ""}}, {"type": "Feature", "geometry": {"type": "Point", "coordinates": [-72.27726, 18.57155]}, "properties": {"nom": "Eglise Chretienne de Tabarre", "famille": "chretien", "religion_osm": "christian", "denomination_osm": "", "pcode_commune": "HT0118", "commune": ""}}, {"type": "Feature", "geometry": {"type": "Point", "coordinates": [-72.25652, 18.58037]}, "properties": {"nom": "Eglise Adventiste du 7 jour", "famille": "non_renseigne", "religion_osm": "", "denomination_osm": "", "pcode_commune": "HT0118", "commune": ""}}, {"type": "Feature", "geometry": {"type": "Point", "coordinates": [-72.25756, 18.582]}, "properties": {"nom": "Eglise Picine Evangelique du Saint Esprit", "famille": "non_renseigne", "religion_osm": "", "denomination_osm": "", "pcode_commune": "HT0118", "commune": ""}}, {"type": "Feature", "geometry": {"type": "Point", "coordinates": [-72.3543, 18.53656]}, "properties": {"nom": "Eglise de Dieu Sanctifie par la Grace", "famille": "chretien", "religion_osm": "christian", "denomination_osm": "", "pcode_commune": "HT0111", "commune": ""}}, {"type": "Feature", "geometry": {"type": "Point", "coordinates": [-72.29107, 18.58756]}, "properties": {"nom": "Eglise de Dieu de cazeau", "famille": "chretien", "religion_osm": "christian", "denomination_osm": "", "pcode_commune": "HT0118", "commune": ""}}, {"type": "Feature", "geometry": {"type": "Point", "coordinates": [-72.26326, 18.49547]}, "properties": {"nom": "notre damme du mon carmel", "famille": "non_renseigne", "religion_osm": "", "denomination_osm": "", "pcode_commune": "HT0114", "commune": ""}}, {"type": "Feature", "geometry": {"type": "Point", "coordinates": [-72.33577, 18.57281]}, "properties": {"nom": "premiere eglise de Dieu de la mission roc", "famille": "chretien", "religion_osm": "christian", "denomination_osm": "evangelical", "pcode_commune": "HT0117", "commune": ""}}, {"type": "Feature", "geometry": {"type": "Point", "coordinates": [-72.33669, 18.57317]}, "properties": {"nom": "Eglise Ebenere", "famille": "chretien", "religion_osm": "christian", "denomination_osm": "baptist", "pcode_commune": "HT0117", "commune": ""}}, {"type": "Feature", "geometry": {"type": "Point", "coordinates": [-72.2717, 18.65068]}, "properties": {"nom": "Eglise Catholique de Canaan", "famille": "chretien", "religion_osm": "christian", "denomination_osm": "catholic", "pcode_commune": "HT0131", "commune": ""}}, {"type": "Feature", "geometry": {"type": "Point", "coordinates": [-72.30671, 18.58867]}, "properties": {"nom": "Salle du royaume des Temoins de Jehovah", "famille": "chretien", "religion_osm": "christian", "denomination_osm": "jehovahs_witness", "pcode_commune": "HT0117", "commune": ""}}, {"type": "Feature", "geometry": {"type": "Point", "coordinates": [-72.30726, 18.59014]}, "properties": {"nom": "eglise baptiste evangelique de sarthe", "famille": "chretien", "religion_osm": "christian", "denomination_osm": "baptist", "pcode_commune": "HT0117", "commune": ""}}, {"type": "Feature", "geometry": {"type": "Point", "coordinates": [-72.35377, 18.53925]}, "properties": {"nom": "Eglise la Foi en Dieu D'haiti", "famille": "chretien", "religion_osm": "christian", "denomination_osm": "evangelical", "pcode_commune": "HT0111", "commune": ""}}, {"type": "Feature", "geometry": {"type": "Point", "coordinates": [-72.35217, 18.53837]}, "properties": {"nom": "Eglise Bethel de village", "famille": "chretien", "religion_osm": "christian", "denomination_osm": "evangelical", "pcode_commune": "HT0111", "commune": ""}}, {"type": "Feature", "geometry": {"type": "Point", "coordinates": [-72.35532, 18.54108]}, "properties": {"nom": "Eglise de Dieu", "famille": "chretien", "religion_osm": "christian", "denomination_osm": "evangelical", "pcode_commune": "HT0111", "commune": ""}}, {"type": "Feature", "geometry": {"type": "Point", "coordinates": [-72.32688, 18.57618]}, "properties": {"nom": "Église Chrétienne de Guigal", "famille": "chretien", "religion_osm": "christian", "denomination_osm": "evangelical", "pcode_commune": "HT0117", "commune": ""}}, {"type": "Feature", "geometry": {"type": "Point", "coordinates": [-72.35284, 18.53972]}, "properties": {"nom": "Eglise de Dieu Agape Internationale", "famille": "chretien", "religion_osm": "christian", "denomination_osm": "evangelical", "pcode_commune": "HT0111", "commune": ""}}, {"type": "Feature", "geometry": {"type": "Point", "coordinates": [-72.35118, 18.53978]}, "properties": {"nom": "Eglise de Dieu Primitive", "famille": "chretien", "religion_osm": "christian", "denomination_osm": "evangelical", "pcode_commune": "HT0111", "commune": ""}}, {"type": "Feature", "geometry": {"type": "Point", "coordinates": [-72.35103, 18.53918]}, "properties": {"nom": "Eglise de Dieu libre", "famille": "chretien", "religion_osm": "christian", "denomination_osm": "evangelical", "pcode_commune": "HT0111", "commune": ""}}, {"type": "Feature", "geometry": {"type": "Point", "coordinates": [-72.33721, 18.53585]}, "properties": {"nom": "Salle du Royaume des Témoins de Jéhovah", "famille": "chretien", "religion_osm": "christian", "denomination_osm": "jehovahs_witness", "pcode_commune": "HT0111", "commune": ""}}, {"type": "Feature", "geometry": {"type": "Point", "coordinates": [-72.79659, 19.94589]}, "properties": {"nom": "NDDS", "famille": "non_renseigne", "religion_osm": "", "denomination_osm": "", "pcode_commune": "HT0911", "commune": ""}}, {"type": "Feature", "geometry": {"type": "Point", "coordinates": [-72.20327, 18.55552]}, "properties": {"nom": "Christ Church", "famille": "chretien", "religion_osm": "christian", "denomination_osm": "", "pcode_commune": "HT0131", "commune": ""}}, {"type": "Feature", "geometry": {"type": "Point", "coordinates": [-72.2025, 18.55471]}, "properties": {"nom": "Church (damaged)", "famille": "chretien", "religion_osm": "christian", "denomination_osm": "", "pcode_commune": "HT0131", "commune": ""}}, {"type": "Feature", "geometry": {"type": "Point", "coordinates": [-72.20262, 18.55371]}, "properties": {"nom": "Prophecy Church", "famille": "chretien", "religion_osm": "christian", "denomination_osm": "adventist", "pcode_commune": "HT0131", "commune": ""}}, {"type": "Feature", "geometry": {"type": "Point", "coordinates": [-72.25477, 18.50301]}, "properties": {"nom": "Église de Dieu de Madioro", "famille": "chretien", "religion_osm": "christian", "denomination_osm": "evangelical", "pcode_commune": "HT0114", "commune": ""}}, {"type": "Feature", "geometry": {"type": "Point", "coordinates": [-72.25743, 18.50438]}, "properties": {"nom": "Église Évangélique Smyrne de Madioro", "famille": "chretien", "religion_osm": "christian", "denomination_osm": "evangelical", "pcode_commune": "HT0114", "commune": ""}}, {"type": "Feature", "geometry": {"type": "Point", "coordinates": [-72.01353, 19.17169]}, "properties": {"nom": "Notre- dame sainte Trinité", "famille": "chretien", "religion_osm": "christian", "denomination_osm": "catholic", "pcode_commune": "HT0611", "commune": ""}}, {"type": "Feature", "geometry": {"type": "Point", "coordinates": [-72.2864, 18.45451]}, "properties": {"nom": "Eglise apostolique de Jesus-Christ de Kenscoff Platon Cafe", "famille": "chretien", "religion_osm": "christian", "denomination_osm": "", "pcode_commune": "HT0115", "commune": ""}}, {"type": "Feature", "geometry": {"type": "Point", "coordinates": [-72.29521, 18.52283]}, "properties": {"nom": "Chapelle Notre Dame des Perpetuelles Secours", "famille": "chretien", "religion_osm": "christian", "denomination_osm": "catholic", "pcode_commune": "HT0114", "commune": ""}}, {"type": "Feature", "geometry": {"type": "Point", "coordinates": [-72.33739, 18.53815]}, "properties": {"nom": "Église de Dieu de la dernière heure", "famille": "chretien", "religion_osm": "christian", "denomination_osm": "", "pcode_commune": "HT0111", "commune": ""}}, {"type": "Feature", "geometry": {"type": "Point", "coordinates": [-72.20205, 18.50853]}, "properties": {"nom": "Eglise de Dieu de Dumay", "famille": "chretien", "religion_osm": "christian", "denomination_osm": "", "pcode_commune": "HT0131", "commune": ""}}, {"type": "Feature", "geometry": {"type": "Point", "coordinates": [-72.33265, 18.57882]}, "properties": {"nom": "Eglise", "famille": "chretien", "religion_osm": "christian", "denomination_osm": "evangelical", "pcode_commune": "HT0117", "commune": ""}}, {"type": "Feature", "geometry": {"type": "Point", "coordinates": [-72.28003, 18.56928]}, "properties": {"nom": "Eglise de Dieu Tabernacle de Gloire", "famille": "chretien", "religion_osm": "christian", "denomination_osm": "protestant", "pcode_commune": "HT0118", "commune": ""}}, {"type": "Feature", "geometry": {"type": "Point", "coordinates": [-72.27607, 18.56274]}, "properties": {"nom": "Eglise Roseta-Lee", "famille": "chretien", "religion_osm": "christian", "denomination_osm": "", "pcode_commune": "HT0112", "commune": ""}}, {"type": "Feature", "geometry": {"type": "Point", "coordinates": [-72.33487, 18.57838]}, "properties": {"nom": "eglise de Dieu pentecostale des coheritiers de christe", "famille": "chretien", "religion_osm": "christian", "denomination_osm": "pentecostal", "pcode_commune": "HT0117", "commune": ""}}, {"type": "Feature", "geometry": {"type": "Point", "coordinates": [-72.33622, 18.5794]}, "properties": {"nom": "Église de Dieu", "famille": "chretien", "religion_osm": "christian", "denomination_osm": "pentecostal", "pcode_commune": "HT0117", "commune": ""}}, {"type": "Feature", "geometry": {"type": "Point", "coordinates": [-72.33777, 18.57896]}, "properties": {"nom": "Temple du Vaudou", "famille": "chretien", "religion_osm": "christian", "denomination_osm": "quaker", "pcode_commune": "HT0117", "commune": ""}}, {"type": "Feature", "geometry": {"type": "Point", "coordinates": [-72.33846, 18.58091]}, "properties": {"nom": "L'eglise de Dieu de manuel", "famille": "chretien", "religion_osm": "christian", "denomination_osm": "", "pcode_commune": "HT0117", "commune": ""}}, {"type": "Feature", "geometry": {"type": "Point", "coordinates": [-72.33846, 18.58093]}, "properties": {"nom": "L'eglise de Dieu de manuel", "famille": "chretien", "religion_osm": "christian", "denomination_osm": "", "pcode_commune": "HT0117", "commune": ""}}, {"type": "Feature", "geometry": {"type": "Point", "coordinates": [-72.32709, 18.57116]}, "properties": {"nom": "Église Évangélique des Rachetés de Jésus Christ", "famille": "chretien", "religion_osm": "christian", "denomination_osm": "protestant", "pcode_commune": "HT0117", "commune": ""}}, {"type": "Feature", "geometry": {"type": "Point", "coordinates": [-72.33098, 18.57331]}, "properties": {"nom": "Eglise de Dieu par la foie", "famille": "chretien", "religion_osm": "christian", "denomination_osm": "pentecostal", "pcode_commune": "HT0117", "commune": ""}}, {"type": "Feature", "geometry": {"type": "Point", "coordinates": [-72.33944, 18.57851]}, "properties": {"nom": "Assemblée du Saint-Esprit", "famille": "chretien", "religion_osm": "christian", "denomination_osm": "", "pcode_commune": "HT0117", "commune": ""}}, {"type": "Feature", "geometry": {"type": "Point", "coordinates": [-72.33891, 18.5786]}, "properties": {"nom": "Eglise Baptiste de Jesus Christ", "famille": "chretien", "religion_osm": "christian", "denomination_osm": "baptist", "pcode_commune": "HT0117", "commune": ""}}, {"type": "Feature", "geometry": {"type": "Point", "coordinates": [-72.33744, 18.57741]}, "properties": {"nom": "Eglise de Dieu en Christ", "famille": "chretien", "religion_osm": "christian", "denomination_osm": "pentecostal", "pcode_commune": "HT0117", "commune": ""}}, {"type": "Feature", "geometry": {"type": "Point", "coordinates": [-72.33859, 18.57915]}, "properties": {"nom": "Eglise de Dieu en Christ", "famille": "chretien", "religion_osm": "christian", "denomination_osm": "", "pcode_commune": "HT0117", "commune": ""}}, {"type": "Feature", "geometry": {"type": "Point", "coordinates": [-72.33241, 18.57553]}, "properties": {"nom": "Église de Dieu Galile de la Terre Promise", "famille": "chretien", "religion_osm": "christian", "denomination_osm": "pentecostal", "pcode_commune": "HT0117", "commune": ""}}, {"type": "Feature", "geometry": {"type": "Point", "coordinates": [-72.33205, 18.57624]}, "properties": {"nom": "eglise de dieu revelation d en haut", "famille": "chretien", "religion_osm": "christian", "denomination_osm": "", "pcode_commune": "HT0117", "commune": ""}}, {"type": "Feature", "geometry": {"type": "Point", "coordinates": [-72.33494, 18.5747]}, "properties": {"nom": "temple vaudou", "famille": "vodou", "religion_osm": "voodoo", "denomination_osm": "", "pcode_commune": "HT0117", "commune": ""}}, {"type": "Feature", "geometry": {"type": "Point", "coordinates": [-72.33407, 18.57582]}, "properties": {"nom": "temple vaudou", "famille": "vodou", "religion_osm": "voodoo", "denomination_osm": "", "pcode_commune": "HT0117", "commune": ""}}, {"type": "Feature", "geometry": {"type": "Point", "coordinates": [-73.86763, 18.32746]}, "properties": {"nom": "Église de Dieu", "famille": "non_renseigne", "religion_osm": "", "denomination_osm": "", "pcode_commune": "HT0714", "commune": ""}}, {"type": "Feature", "geometry": {"type": "Point", "coordinates": [-73.85751, 18.32718]}, "properties": {"nom": "Église Actes des Apotres du Dernier Temps", "famille": "chretien", "religion_osm": "christian", "denomination_osm": "", "pcode_commune": "HT0714", "commune": ""}}, {"type": "Feature", "geometry": {"type": "Point", "coordinates": [-72.32806, 18.57592]}, "properties": {"nom": "Centre d'Adoration des Ambassadeurs", "famille": "chretien", "religion_osm": "christian", "denomination_osm": "protestant", "pcode_commune": "HT0117", "commune": ""}}, {"type": "Feature", "geometry": {"type": "Point", "coordinates": [-72.32905, 18.58083]}, "properties": {"nom": "Eglise Chretienne des cite", "famille": "chretien", "religion_osm": "christian", "denomination_osm": "protestant", "pcode_commune": "HT0117", "commune": ""}}, {"type": "Feature", "geometry": {"type": "Point", "coordinates": [-72.32646, 18.57453]}, "properties": {"nom": "Eglise Wesleyenne D'haiti", "famille": "chretien", "religion_osm": "christian", "denomination_osm": "protestant", "pcode_commune": "HT0117", "commune": ""}}, {"type": "Feature", "geometry": {"type": "Point", "coordinates": [-72.3294, 18.58007]}, "properties": {"nom": "Eglise Wesleyenne D'haiti", "famille": "chretien", "religion_osm": "christian", "denomination_osm": "protestant", "pcode_commune": "HT0117", "commune": ""}}, {"type": "Feature", "geometry": {"type": "Point", "coordinates": [-72.32885, 18.57906]}, "properties": {"nom": "Salle du Royaume des temoins de Jehovah", "famille": "chretien", "religion_osm": "christian", "denomination_osm": "jehovahs_witness", "pcode_commune": "HT0117", "commune": ""}}, {"type": "Feature", "geometry": {"type": "Point", "coordinates": [-72.32676, 18.57307]}, "properties": {"nom": "Assemblée Chrétienne de Jésus-Christ", "famille": "chretien", "religion_osm": "christian", "denomination_osm": "protestant", "pcode_commune": "HT0117", "commune": ""}}, {"type": "Feature", "geometry": {"type": "Point", "coordinates": [-72.32862, 18.5734]}, "properties": {"nom": "Eglise Paroissial de cite soleil( Immaculee conception)", "famille": "chretien", "religion_osm": "christian", "denomination_osm": "catholic", "pcode_commune": "HT0117", "commune": ""}}, {"type": "Feature", "geometry": {"type": "Point", "coordinates": [-72.32646, 18.57247]}, "properties": {"nom": "Église Sinai d'Haiti", "famille": "chretien", "religion_osm": "christian", "denomination_osm": "protestant", "pcode_commune": "HT0117", "commune": ""}}, {"type": "Feature", "geometry": {"type": "Point", "coordinates": [-72.32865, 18.5718]}, "properties": {"nom": "Église de Dieu Jésus-Christ", "famille": "chretien", "religion_osm": "christian", "denomination_osm": "protestant", "pcode_commune": "HT0117", "commune": ""}}, {"type": "Feature", "geometry": {"type": "Point", "coordinates": [-72.33125, 18.57206]}, "properties": {"nom": "Église des Rachetés de Jésus-Christ", "famille": "chretien", "religion_osm": "christian", "denomination_osm": "protestant", "pcode_commune": "HT0117", "commune": ""}}, {"type": "Feature", "geometry": {"type": "Point", "coordinates": [-72.32668, 18.57352]}, "properties": {"nom": "Église Chrétienne des Cités", "famille": "chretien", "religion_osm": "christian", "denomination_osm": "pentecostal", "pcode_commune": "HT0117", "commune": ""}}, {"type": "Feature", "geometry": {"type": "Point", "coordinates": [-72.32868, 18.57731]}, "properties": {"nom": "Eglise Adventiste Maranatha", "famille": "chretien", "religion_osm": "christian", "denomination_osm": "seventh_day_adventist", "pcode_commune": "HT0117", "commune": ""}}, {"type": "Feature", "geometry": {"type": "Point", "coordinates": [-72.32815, 18.57626]}, "properties": {"nom": "Full Gospel Tabernacle du plein Evangile", "famille": "chretien", "religion_osm": "christian", "denomination_osm": "protestant", "pcode_commune": "HT0117", "commune": ""}}, {"type": "Feature", "geometry": {"type": "Point", "coordinates": [-72.33225, 18.57825]}, "properties": {"nom": "Eglise de Dieu Eben-Ezert", "famille": "chretien", "religion_osm": "christian", "denomination_osm": "pentecostal", "pcode_commune": "HT0117", "commune": ""}}, {"type": "Feature", "geometry": {"type": "Point", "coordinates": [-72.32812, 18.57252]}, "properties": {"nom": "Eglise pancotiste", "famille": "chretien", "religion_osm": "christian", "denomination_osm": "pentecostal", "pcode_commune": "HT0117", "commune": ""}}, {"type": "Feature", "geometry": {"type": "Point", "coordinates": [-72.33068, 18.57524]}, "properties": {"nom": "egloise dieu love and hope", "famille": "chretien", "religion_osm": "christian", "denomination_osm": "baptist", "pcode_commune": "HT0117", "commune": ""}}, {"type": "Feature", "geometry": {"type": "Point", "coordinates": [-72.33019, 18.57518]}, "properties": {"nom": "Eglise Baptiste par la Foie", "famille": "chretien", "religion_osm": "christian", "denomination_osm": "baptist", "pcode_commune": "HT0117", "commune": ""}}, {"type": "Feature", "geometry": {"type": "Point", "coordinates": [-72.3325, 18.60388]}, "properties": {"nom": "Eglise Saint ete de L'eternel", "famille": "chretien", "religion_osm": "christian", "denomination_osm": "protestant", "pcode_commune": "HT0117", "commune": ""}}, {"type": "Feature", "geometry": {"type": "Point", "coordinates": [-72.31913, 18.60848]}, "properties": {"nom": "Eglise Apostolique de la Foi", "famille": "chretien", "religion_osm": "christian", "denomination_osm": "protestant", "pcode_commune": "HT0117", "commune": ""}}, {"type": "Feature", "geometry": {"type": "Point", "coordinates": [-72.33712, 18.60022]}, "properties": {"nom": "Eglise Chrienne de Menelasse", "famille": "chretien", "religion_osm": "christian", "denomination_osm": "", "pcode_commune": "HT0117", "commune": ""}}, {"type": "Feature", "geometry": {"type": "Point", "coordinates": [-72.33531, 18.60008]}, "properties": {"nom": "Eglise de De Gamaliel", "famille": "chretien", "religion_osm": "christian", "denomination_osm": "protestant", "pcode_commune": "HT0117", "commune": ""}}, {"type": "Feature", "geometry": {"type": "Point", "coordinates": [-72.33615, 18.60076]}, "properties": {"nom": "Eglise de Dieu de la Renaissance Chretienne", "famille": "chretien", "religion_osm": "christian", "denomination_osm": "protestant", "pcode_commune": "HT0117", "commune": ""}}, {"type": "Feature", "geometry": {"type": "Point", "coordinates": [-72.33677, 18.60346]}, "properties": {"nom": "La bonne semense de Jesus Chrits", "famille": "chretien", "religion_osm": "christian", "denomination_osm": "protestant", "pcode_commune": "HT0117", "commune": ""}}, {"type": "Feature", "geometry": {"type": "Point", "coordinates": [-72.33339, 18.57848]}, "properties": {"nom": "Église Adventiste du 7ème jour", "famille": "chretien", "religion_osm": "christian", "denomination_osm": "seventh_day_adventist", "pcode_commune": "HT0117", "commune": ""}}, {"type": "Feature", "geometry": {"type": "Point", "coordinates": [-72.33255, 18.57768]}, "properties": {"nom": "Eglise DE Die de La Paix", "famille": "chretien", "religion_osm": "christian", "denomination_osm": "pentecostal", "pcode_commune": "HT0117", "commune": ""}}, {"type": "Feature", "geometry": {"type": "Point", "coordinates": [-72.33106, 18.57947]}, "properties": {"nom": "Eglise de Dieu de Siloe", "famille": "chretien", "religion_osm": "christian", "denomination_osm": "", "pcode_commune": "HT0117", "commune": ""}}, {"type": "Feature", "geometry": {"type": "Point", "coordinates": [-72.33331, 18.57789]}, "properties": {"nom": "Eglise", "famille": "chretien", "religion_osm": "christian", "denomination_osm": "", "pcode_commune": "HT0117", "commune": ""}}, {"type": "Feature", "geometry": {"type": "Point", "coordinates": [-72.33146, 18.59851]}, "properties": {"nom": "Eglise Chrienne de Duvivier", "famille": "chretien", "religion_osm": "christian", "denomination_osm": "pentecostal", "pcode_commune": "HT0117", "commune": ""}}, {"type": "Feature", "geometry": {"type": "Point", "coordinates": [-72.33255, 18.59644]}, "properties": {"nom": "Eglise corps de Christ", "famille": "chretien", "religion_osm": "christian", "denomination_osm": "pentecostal", "pcode_commune": "HT0117", "commune": ""}}, {"type": "Feature", "geometry": {"type": "Point", "coordinates": [-72.33242, 18.59911]}, "properties": {"nom": "Eglise missionaire de la montagne de Sion", "famille": "chretien", "religion_osm": "christian", "denomination_osm": "pentecostal", "pcode_commune": "HT0117", "commune": ""}}, {"type": "Feature", "geometry": {"type": "Point", "coordinates": [-72.34132, 18.6054]}, "properties": {"nom": "Temple Vodou", "famille": "vodou", "religion_osm": "voodoo", "denomination_osm": "", "pcode_commune": "HT0117", "commune": ""}}, {"type": "Feature", "geometry": {"type": "Point", "coordinates": [-72.33946, 18.60248]}, "properties": {"nom": "Eglise Emmanuel de Duvivier", "famille": "chretien", "religion_osm": "christian", "denomination_osm": "protestant", "pcode_commune": "HT0117", "commune": ""}}, {"type": "Feature", "geometry": {"type": "Point", "coordinates": [-72.33398, 18.60646]}, "properties": {"nom": "Eglise Pentecostal Unis de L'amerique Latine D'haiti", "famille": "chretien", "religion_osm": "christian", "denomination_osm": "protestant", "pcode_commune": "HT0117", "commune": ""}}, {"type": "Feature", "geometry": {"type": "Point", "coordinates": [-72.33463, 18.60546]}, "properties": {"nom": "Eglise Saintete Conservatrice", "famille": "chretien", "religion_osm": "christian", "denomination_osm": "protestant", "pcode_commune": "HT0117", "commune": ""}}, {"type": "Feature", "geometry": {"type": "Point", "coordinates": [-72.33366, 18.6041]}, "properties": {"nom": "Eglise du christ du village rapatrier", "famille": "chretien", "religion_osm": "christian", "denomination_osm": "protestant", "pcode_commune": "HT0117", "commune": ""}}, {"type": "Feature", "geometry": {"type": "Point", "coordinates": [-72.33648, 18.59868]}, "properties": {"nom": "Eglise de Dieu roché délivrance", "famille": "chretien", "religion_osm": "christian", "denomination_osm": "", "pcode_commune": "HT0117", "commune": ""}}, {"type": "Feature", "geometry": {"type": "Point", "coordinates": [-72.33494, 18.599]}, "properties": {"nom": "Eglise de Dieu", "famille": "chretien", "religion_osm": "christian", "denomination_osm": "", "pcode_commune": "HT0117", "commune": ""}}, {"type": "Feature", "geometry": {"type": "Point", "coordinates": [-72.33836, 18.59998]}, "properties": {"nom": "Eglise maison universelle de prière", "famille": "chretien", "religion_osm": "christian", "denomination_osm": "", "pcode_commune": "HT0117", "commune": ""}}, {"type": "Feature", "geometry": {"type": "Point", "coordinates": [-72.33765, 18.60624]}, "properties": {"nom": "Eglise baptiste de rapatrier", "famille": "chretien", "religion_osm": "christian", "denomination_osm": "protestant", "pcode_commune": "HT0117", "commune": ""}}, {"type": "Feature", "geometry": {"type": "Point", "coordinates": [-72.33988, 18.60535]}, "properties": {"nom": "Eglise de Dieu de Rapatrier", "famille": "chretien", "religion_osm": "christian", "denomination_osm": "protestant", "pcode_commune": "HT0117", "commune": ""}}, {"type": "Feature", "geometry": {"type": "Point", "coordinates": [-72.30903, 18.60352]}, "properties": {"nom": "temple de vodou", "famille": "vodou", "religion_osm": "voodoo", "denomination_osm": "", "pcode_commune": "HT0117", "commune": ""}}, {"type": "Feature", "geometry": {"type": "Point", "coordinates": [-72.30986, 18.60258]}, "properties": {"nom": "Eglise Batiste de Siloe", "famille": "chretien", "religion_osm": "christian", "denomination_osm": "protestant", "pcode_commune": "HT0117", "commune": ""}}, {"type": "Feature", "geometry": {"type": "Point", "coordinates": [-72.31203, 18.60098]}, "properties": {"nom": "Eglise Batiste de la nouvelle doctrine", "famille": "chretien", "religion_osm": "christian", "denomination_osm": "baptist", "pcode_commune": "HT0117", "commune": ""}}, {"type": "Feature", "geometry": {"type": "Point", "coordinates": [-72.31717, 18.60649]}, "properties": {"nom": "Eglise de Dieu de Bon Combat", "famille": "chretien", "religion_osm": "christian", "denomination_osm": "", "pcode_commune": "HT0117", "commune": ""}}, {"type": "Feature", "geometry": {"type": "Point", "coordinates": [-72.31371, 18.60061]}, "properties": {"nom": "Eglise Notre Dame de Grace", "famille": "chretien", "religion_osm": "christian", "denomination_osm": "catholic", "pcode_commune": "HT0117", "commune": ""}}, {"type": "Feature", "geometry": {"type": "Point", "coordinates": [-72.30787, 18.59973]}, "properties": {"nom": "eglise corp de christ de blanchard", "famille": "chretien", "religion_osm": "christian", "denomination_osm": "protestant", "pcode_commune": "HT0117", "commune": ""}}, {"type": "Feature", "geometry": {"type": "Point", "coordinates": [-72.33069, 18.61615]}, "properties": {"nom": "Eglise Assemblee de Dieu", "famille": "chretien", "religion_osm": "christian", "denomination_osm": "protestant", "pcode_commune": "HT0117", "commune": ""}}, {"type": "Feature", "geometry": {"type": "Point", "coordinates": [-72.3193, 18.60807]}, "properties": {"nom": "Eglise Baptiste", "famille": "chretien", "religion_osm": "christian", "denomination_osm": "protestant", "pcode_commune": "HT0117", "commune": ""}}, {"type": "Feature", "geometry": {"type": "Point", "coordinates": [-72.32335, 18.60539]}, "properties": {"nom": "Temple de Vaudou", "famille": "vodou", "religion_osm": "voodoo", "denomination_osm": "", "pcode_commune": "HT0117", "commune": ""}}, {"type": "Feature", "geometry": {"type": "Point", "coordinates": [-72.32362, 18.60631]}, "properties": {"nom": "Temple de Vaudou", "famille": "vodou", "religion_osm": "voodoo", "denomination_osm": "", "pcode_commune": "HT0117", "commune": ""}}, {"type": "Feature", "geometry": {"type": "Point", "coordinates": [-72.30609, 18.59889]}, "properties": {"nom": "l'eglise baptiste de blanchard", "famille": "chretien", "religion_osm": "christian", "denomination_osm": "baptist", "pcode_commune": "HT0117", "commune": ""}}, {"type": "Feature", "geometry": {"type": "Point", "coordinates": [-72.32634, 18.60874]}, "properties": {"nom": "Temple de Vaudou", "famille": "vodou", "religion_osm": "voodoo", "denomination_osm": "", "pcode_commune": "HT0117", "commune": ""}}, {"type": "Feature", "geometry": {"type": "Point", "coordinates": [-72.32841, 18.61474]}, "properties": {"nom": "Temple de Vaudou", "famille": "vodou", "religion_osm": "voodoo", "denomination_osm": "", "pcode_commune": "HT0117", "commune": ""}}, {"type": "Feature", "geometry": {"type": "Point", "coordinates": [-72.30773, 18.59383]}, "properties": {"nom": "Eglise de Dieu", "famille": "chretien", "religion_osm": "christian", "denomination_osm": "protestant", "pcode_commune": "HT0117", "commune": ""}}, {"type": "Feature", "geometry": {"type": "Point", "coordinates": [-72.30898, 18.59237]}, "properties": {"nom": "Eglise Temple Ministere du Calvaire", "famille": "chretien", "religion_osm": "christian", "denomination_osm": "protestant", "pcode_commune": "HT0117", "commune": ""}}, {"type": "Feature", "geometry": {"type": "Point", "coordinates": [-72.31363, 18.59606]}, "properties": {"nom": "l'eglise baptiste de la fraternite de blanchard", "famille": "chretien", "religion_osm": "christian", "denomination_osm": "baptist", "pcode_commune": "HT0117", "commune": ""}}, {"type": "Feature", "geometry": {"type": "Point", "coordinates": [-73.27068, 18.3156]}, "properties": {"nom": "Eglise de Dieu Ebenezer", "famille": "non_renseigne", "religion_osm": "", "denomination_osm": "", "pcode_commune": "HT0731", "commune": ""}}, {"type": "Feature", "geometry": {"type": "Point", "coordinates": [-73.26123, 18.31111]}, "properties": {"nom": "Eglise Sainte Cite de Lumiere d\"Haiti", "famille": "non_renseigne", "religion_osm": "", "denomination_osm": "", "pcode_commune": "HT0731", "commune": ""}}, {"type": "Feature", "geometry": {"type": "Point", "coordinates": [-73.24793, 18.31216]}, "properties": {"nom": "Eglise Armee du Salut", "famille": "non_renseigne", "religion_osm": "", "denomination_osm": "", "pcode_commune": "HT0731", "commune": ""}}, {"type": "Feature", "geometry": {"type": "Point", "coordinates": [-73.23022, 18.31186]}, "properties": {"nom": "Centre de la Reuinion de la Mission Evangelistique du Chretianisme", "famille": "non_renseigne", "religion_osm": "", "denomination_osm": "", "pcode_commune": "HT0731", "commune": ""}}, {"type": "Feature", "geometry": {"type": "Point", "coordinates": [-73.20324, 18.31132]}, "properties": {"nom": "Ecole Bethel Adenac, Eglise Bethel Labady", "famille": "non_renseigne", "religion_osm": "", "denomination_osm": "", "pcode_commune": "HT0731", "commune": ""}}, {"type": "Feature", "geometry": {"type": "Point", "coordinates": [-72.30224, 18.58859]}, "properties": {"nom": "Chapelle Evangelique lumiere", "famille": "chretien", "religion_osm": "christian", "denomination_osm": "protestant", "pcode_commune": "HT0117", "commune": ""}}, {"type": "Feature", "geometry": {"type": "Point", "coordinates": [-72.30916, 18.58679]}, "properties": {"nom": "Eglise Baptiste philadelphie de sarthe", "famille": "chretien", "religion_osm": "christian", "denomination_osm": "baptist", "pcode_commune": "HT0117", "commune": ""}}, {"type": "Feature", "geometry": {"type": "Point", "coordinates": [-72.3107, 18.58586]}, "properties": {"nom": "Temple Adventiste du 7e jour Philadelphie de Sarthe", "famille": "chretien", "religion_osm": "christian", "denomination_osm": "seventh_day_adventist", "pcode_commune": "HT0117", "commune": ""}}, {"type": "Feature", "geometry": {"type": "Point", "coordinates": [-72.31086, 18.58667]}, "properties": {"nom": "Eglise de Dieu de la Nouvelle Jerusalem de Sarthe", "famille": "chretien", "religion_osm": "christian", "denomination_osm": "protestant", "pcode_commune": "HT0117", "commune": ""}}, {"type": "Feature", "geometry": {"type": "Point", "coordinates": [-72.31914, 18.59564]}, "properties": {"nom": "Eglise batiste centifier de bariere fer", "famille": "chretien", "religion_osm": "christian", "denomination_osm": "baptist", "pcode_commune": "HT0117", "commune": ""}}, {"type": "Feature", "geometry": {"type": "Point", "coordinates": [-72.32014, 18.6001]}, "properties": {"nom": "Eglise batiste de duvivier", "famille": "chretien", "religion_osm": "christian", "denomination_osm": "protestant", "pcode_commune": "HT0117", "commune": ""}}, {"type": "Feature", "geometry": {"type": "Point", "coordinates": [-72.32226, 18.59387]}, "properties": {"nom": "Eglise corps de Christ de bariere fer", "famille": "chretien", "religion_osm": "christian", "denomination_osm": "protestant", "pcode_commune": "HT0117", "commune": ""}}, {"type": "Feature", "geometry": {"type": "Point", "coordinates": [-72.31977, 18.59723]}, "properties": {"nom": "Eglise reformee de bariere fer", "famille": "chretien", "religion_osm": "christian", "denomination_osm": "protestant", "pcode_commune": "HT0117", "commune": ""}}, {"type": "Feature", "geometry": {"type": "Point", "coordinates": [-72.27968, 18.57615]}, "properties": {"nom": "Eglise de Dieu de Delmas 17", "famille": "chretien", "religion_osm": "christian", "denomination_osm": "protestant", "pcode_commune": "HT0118", "commune": ""}}, {"type": "Feature", "geometry": {"type": "Point", "coordinates": [-72.31919, 18.61799]}, "properties": {"nom": "Eglise Adventiste du 7em jour", "famille": "chretien", "religion_osm": "christian", "denomination_osm": "seventh_day_adventist", "pcode_commune": "HT0131", "commune": ""}}, {"type": "Feature", "geometry": {"type": "Point", "coordinates": [-72.32097, 18.6198]}, "properties": {"nom": "Eglise de Dieu Eben-Ezer", "famille": "chretien", "religion_osm": "christian", "denomination_osm": "protestant", "pcode_commune": "HT0131", "commune": ""}}, {"type": "Feature", "geometry": {"type": "Point", "coordinates": [-72.28679, 18.56182]}, "properties": {"nom": "Shalom Tabernacle de Gloire", "famille": "chretien", "religion_osm": "christian", "denomination_osm": "protestant", "pcode_commune": "HT0112", "commune": ""}}, {"type": "Feature", "geometry": {"type": "Point", "coordinates": [-72.2984, 18.563]}, "properties": {"nom": "Eglise Sur le Roche", "famille": "chretien", "religion_osm": "christian", "denomination_osm": "protestant", "pcode_commune": "HT0112", "commune": ""}}, {"type": "Feature", "geometry": {"type": "Point", "coordinates": [-72.27674, 18.56182]}, "properties": {"nom": "Eglise Chrétienne de Petite Place Cazeau", "famille": "chretien", "religion_osm": "christian", "denomination_osm": "protestant", "pcode_commune": "HT0112", "commune": ""}}, {"type": "Feature", "geometry": {"type": "Point", "coordinates": [-72.27987, 18.56437]}, "properties": {"nom": "Eglise Evangelique Baptiste de Petite Place Cazeau", "famille": "chretien", "religion_osm": "christian", "denomination_osm": "baptist", "pcode_commune": "HT0118", "commune": ""}}, {"type": "Feature", "geometry": {"type": "Point", "coordinates": [-72.31318, 18.58039]}, "properties": {"nom": "temple de vodou de droullard", "famille": "vodou", "religion_osm": "voodoo", "denomination_osm": "", "pcode_commune": "HT0117", "commune": ""}}, {"type": "Feature", "geometry": {"type": "Point", "coordinates": [-72.29558, 18.60252]}, "properties": {"nom": "Eglise Evangelique rocher d'horeb de Bigarade", "famille": "chretien", "religion_osm": "christian", "denomination_osm": "protestant", "pcode_commune": "HT0118", "commune": ""}}, {"type": "Feature", "geometry": {"type": "Point", "coordinates": [-72.29699, 18.60308]}, "properties": {"nom": "Eglise de Dieu Philadelphie de Jeruzalem", "famille": "chretien", "religion_osm": "christian", "denomination_osm": "protestant", "pcode_commune": "HT0118", "commune": ""}}, {"type": "Feature", "geometry": {"type": "Point", "coordinates": [-72.29415, 18.59892]}, "properties": {"nom": "Temple Vaudou", "famille": "vodou", "religion_osm": "voodoo", "denomination_osm": "", "pcode_commune": "HT0118", "commune": ""}}, {"type": "Feature", "geometry": {"type": "Point", "coordinates": [-72.31481, 18.57905]}, "properties": {"nom": "Eglise fraternite de drouillard", "famille": "chretien", "religion_osm": "christian", "denomination_osm": "baptist", "pcode_commune": "HT0117", "commune": ""}}, {"type": "Feature", "geometry": {"type": "Point", "coordinates": [-72.32655, 18.60958]}, "properties": {"nom": "Temple de Vaudou", "famille": "vodou", "religion_osm": "voodoo", "denomination_osm": "", "pcode_commune": "HT0117", "commune": ""}}, {"type": "Feature", "geometry": {"type": "Point", "coordinates": [-72.32603, 18.61087]}, "properties": {"nom": "Temple de Vaudou", "famille": "vodou", "religion_osm": "voodoo", "denomination_osm": "", "pcode_commune": "HT0117", "commune": ""}}, {"type": "Feature", "geometry": {"type": "Point", "coordinates": [-72.31478, 18.57898]}, "properties": {"nom": "Eglise baptiste", "famille": "chretien", "religion_osm": "christian", "denomination_osm": "baptist", "pcode_commune": "HT0112", "commune": ""}}, {"type": "Feature", "geometry": {"type": "Point", "coordinates": [-72.31515, 18.58009]}, "properties": {"nom": "Eglise betiste de la communaute drouillard", "famille": "chretien", "religion_osm": "christian", "denomination_osm": "baptist", "pcode_commune": "HT0117", "commune": ""}}, {"type": "Feature", "geometry": {"type": "Point", "coordinates": [-72.31561, 18.58007]}, "properties": {"nom": "Se Reunit Eglise du Christ de vareux", "famille": "chretien", "religion_osm": "christian", "denomination_osm": "protestant", "pcode_commune": "HT0117", "commune": ""}}, {"type": "Feature", "geometry": {"type": "Point", "coordinates": [-72.31449, 18.57951]}, "properties": {"nom": "temple de vaudou", "famille": "vodou", "religion_osm": "voodoo", "denomination_osm": "", "pcode_commune": "HT0117", "commune": ""}}, {"type": "Feature", "geometry": {"type": "Point", "coordinates": [-73.57054, 18.29064]}, "properties": {"nom": "St.Anne", "famille": "chretien", "religion_osm": "christian", "denomination_osm": "catholic", "pcode_commune": "HT0732", "commune": ""}}, {"type": "Feature", "geometry": {"type": "Point", "coordinates": [-73.65628, 18.30063]}, "properties": {"nom": "Salwagon Temoun Jehova", "famille": "chretien", "religion_osm": "christian", "denomination_osm": "jehovahs_witness", "pcode_commune": "HT0733", "commune": ""}}, {"type": "Feature", "geometry": {"type": "Point", "coordinates": [-72.32205, 18.60029]}, "properties": {"nom": "Eglise Tabernac de la foi", "famille": "chretien", "religion_osm": "christian", "denomination_osm": "protestant", "pcode_commune": "HT0117", "commune": ""}}, {"type": "Feature", "geometry": {"type": "Point", "coordinates": [-73.80637, 18.36133]}, "properties": {"nom": "Eglise De Saint", "famille": "chretien", "religion_osm": "christian", "denomination_osm": "catholic", "pcode_commune": "HT0715", "commune": ""}}, {"type": "Feature", "geometry": {"type": "Point", "coordinates": [-73.79035, 18.36033]}, "properties": {"nom": "Eglise Lutherine", "famille": "chretien", "religion_osm": "christian", "denomination_osm": "lutheran", "pcode_commune": "HT0715", "commune": ""}}, {"type": "Feature", "geometry": {"type": "Point", "coordinates": [-73.78067, 18.34233]}, "properties": {"nom": "Eglise Lutherine De Maniche", "famille": "chretien", "religion_osm": "christian", "denomination_osm": "lutheran", "pcode_commune": "HT0715", "commune": ""}}, {"type": "Feature", "geometry": {"type": "Point", "coordinates": [-72.31996, 18.60927]}, "properties": {"nom": "Temple de Vaudou", "famille": "vodou", "religion_osm": "voodoo", "denomination_osm": "", "pcode_commune": "HT0117", "commune": ""}}, {"type": "Feature", "geometry": {"type": "Point", "coordinates": [-73.67085, 18.28228]}, "properties": {"nom": "Eglise Evangelique", "famille": "chretien", "religion_osm": "christian", "denomination_osm": "evangelical", "pcode_commune": "HT0733", "commune": ""}}, {"type": "Feature", "geometry": {"type": "Point", "coordinates": [-73.63448, 18.32551]}, "properties": {"nom": "Eglise Baptiste De Suzon", "famille": "chretien", "religion_osm": "christian", "denomination_osm": "baptist", "pcode_commune": "HT0733", "commune": ""}}, {"type": "Feature", "geometry": {"type": "Point", "coordinates": [-73.6546, 18.34363]}, "properties": {"nom": "Eglise Bon Samaritan", "famille": "chretien", "religion_osm": "christian", "denomination_osm": "", "pcode_commune": "HT0733", "commune": ""}}, {"type": "Feature", "geometry": {"type": "Point", "coordinates": [-73.65376, 18.33881]}, "properties": {"nom": "Eglise Epistle Paul", "famille": "chretien", "religion_osm": "christian", "denomination_osm": "", "pcode_commune": "HT0733", "commune": ""}}, {"type": "Feature", "geometry": {"type": "Point", "coordinates": [-73.58065, 18.28267]}, "properties": {"nom": "Eglise de Casa Major", "famille": "chretien", "religion_osm": "christian", "denomination_osm": "protestant", "pcode_commune": "HT0732", "commune": ""}}, {"type": "Feature", "geometry": {"type": "Point", "coordinates": [-73.59523, 18.26761]}, "properties": {"nom": "Eglise Notre-Dame De Lourdes", "famille": "chretien", "religion_osm": "christian", "denomination_osm": "catholic", "pcode_commune": "HT0732", "commune": ""}}, {"type": "Feature", "geometry": {"type": "Point", "coordinates": [-72.693, 19.10902]}, "properties": {"nom": "Eglise Protestante", "famille": "chretien", "religion_osm": "christian", "denomination_osm": "protestant", "pcode_commune": "HT0531", "commune": ""}}, {"type": "Feature", "geometry": {"type": "Point", "coordinates": [-72.69513, 19.1064]}, "properties": {"nom": "Eglise Metodiste Libre", "famille": "chretien", "religion_osm": "christian", "denomination_osm": "methodist", "pcode_commune": "HT0531", "commune": ""}}, {"type": "Feature", "geometry": {"type": "Point", "coordinates": [-72.69963, 19.10937]}, "properties": {"nom": "Petite Oratoire", "famille": "chretien", "religion_osm": "christian", "denomination_osm": "catholic", "pcode_commune": "HT0531", "commune": ""}}, {"type": "Feature", "geometry": {"type": "Point", "coordinates": [-72.69908, 19.11394]}, "properties": {"nom": "Chapelle Saint-Nicolas de Saint Marc", "famille": "chretien", "religion_osm": "christian", "denomination_osm": "catholic", "pcode_commune": "HT0531", "commune": ""}}, {"type": "Feature", "geometry": {"type": "Point", "coordinates": [-72.69713, 19.10448]}, "properties": {"nom": "Assemble pencotiste", "famille": "chretien", "religion_osm": "christian", "denomination_osm": "", "pcode_commune": "HT0531", "commune": ""}}, {"type": "Feature", "geometry": {"type": "Point", "coordinates": [-72.69531, 19.10356]}, "properties": {"nom": "Eglise Assemble chretienne de la nouvelle jerusalem", "famille": "chretien", "religion_osm": "christian", "denomination_osm": "", "pcode_commune": "HT0531", "commune": ""}}, {"type": "Feature", "geometry": {"type": "Point", "coordinates": [-72.6961, 19.11918]}, "properties": {"nom": "Eglise Batitste", "famille": "chretien", "religion_osm": "christian", "denomination_osm": "baptist", "pcode_commune": "HT0531", "commune": ""}}, {"type": "Feature", "geometry": {"type": "Point", "coordinates": [-72.69499, 19.11712]}, "properties": {"nom": "La Main du Christ", "famille": "chretien", "religion_osm": "christian", "denomination_osm": "others", "pcode_commune": "HT0531", "commune": ""}}, {"type": "Feature", "geometry": {"type": "Point", "coordinates": [-72.69255, 19.10569]}, "properties": {"nom": "Eglise de Dieu", "famille": "chretien", "religion_osm": "christian", "denomination_osm": "protestant", "pcode_commune": "HT0531", "commune": ""}}, {"type": "Feature", "geometry": {"type": "Point", "coordinates": [-72.65826, 19.09186]}, "properties": {"nom": "Eglise Baptiste White Rock", "famille": "chretien", "religion_osm": "christian", "denomination_osm": "baptist", "pcode_commune": "HT0531", "commune": ""}}, {"type": "Feature", "geometry": {"type": "Point", "coordinates": [-72.69801, 19.10497]}, "properties": {"nom": "Eglise Haiti Mission", "famille": "chretien", "religion_osm": "christian", "denomination_osm": "baptist", "pcode_commune": "HT0531", "commune": ""}}, {"type": "Feature", "geometry": {"type": "Point", "coordinates": [-72.67866, 19.10179]}, "properties": {"nom": "Eglise Adventiste du 7eme jour Shekinnah de Venotte", "famille": "chretien", "religion_osm": "christian", "denomination_osm": "seventh_day_adventist", "pcode_commune": "HT0531", "commune": ""}}, {"type": "Feature", "geometry": {"type": "Point", "coordinates": [-72.00929, 19.14604]}, "properties": {"nom": "Grotte Notre- Dame de Fatima", "famille": "chretien", "religion_osm": "christian", "denomination_osm": "catholic", "pcode_commune": "HT0611", "commune": ""}}, {"type": "Feature", "geometry": {"type": "Point", "coordinates": [-72.70117, 19.10549]}, "properties": {"nom": "Église Baptiste", "famille": "chretien", "religion_osm": "christian", "denomination_osm": "baptist", "pcode_commune": "HT0531", "commune": ""}}, {"type": "Feature", "geometry": {"type": "Point", "coordinates": [-72.69977, 19.1057]}, "properties": {"nom": "Église Adventiste", "famille": "chretien", "religion_osm": "christian", "denomination_osm": "catholic", "pcode_commune": "HT0531", "commune": ""}}, {"type": "Feature", "geometry": {"type": "Point", "coordinates": [-72.70146, 19.10277]}, "properties": {"nom": "Eglise de Dieu Mont des Oliviers", "famille": "chretien", "religion_osm": "christian", "denomination_osm": "protestant", "pcode_commune": "HT0531", "commune": ""}}, {"type": "Feature", "geometry": {"type": "Point", "coordinates": [-72.69281, 19.10113]}, "properties": {"nom": "Eglise de Dieu Pentecostale", "famille": "chretien", "religion_osm": "christian", "denomination_osm": "pentecostal", "pcode_commune": "HT0531", "commune": ""}}, {"type": "Feature", "geometry": {"type": "Point", "coordinates": [-72.69717, 19.10388]}, "properties": {"nom": "Seminaire Theologie Evangelique MOSHEH", "famille": "chretien", "religion_osm": "christian", "denomination_osm": "baptist", "pcode_commune": "HT0531", "commune": ""}}, {"type": "Feature", "geometry": {"type": "Point", "coordinates": [-72.69535, 19.10062]}, "properties": {"nom": "Eglise de Dieu le Bon Berger", "famille": "chretien", "religion_osm": "christian", "denomination_osm": "protestant", "pcode_commune": "HT0531", "commune": ""}}, {"type": "Feature", "geometry": {"type": "Point", "coordinates": [-72.33041, 18.58528]}, "properties": {"nom": "Eglise Baptiste", "famille": "chretien", "religion_osm": "christian", "denomination_osm": "baptist", "pcode_commune": "HT0117", "commune": ""}}, {"type": "Feature", "geometry": {"type": "Point", "coordinates": [-72.69342, 19.10153]}, "properties": {"nom": "Eglise de Dieu de la Saint-tete d'en haut", "famille": "chretien", "religion_osm": "christian", "denomination_osm": "protestant", "pcode_commune": "HT0531", "commune": ""}}, {"type": "Feature", "geometry": {"type": "Point", "coordinates": [-72.69157, 19.10053]}, "properties": {"nom": "Eglise Presbiterrienne", "famille": "chretien", "religion_osm": "christian", "denomination_osm": "", "pcode_commune": "HT0531", "commune": ""}}, {"type": "Feature", "geometry": {"type": "Point", "coordinates": [-72.69473, 19.10223]}, "properties": {"nom": "Eglise de Dieu", "famille": "chretien", "religion_osm": "christian", "denomination_osm": "protestant", "pcode_commune": "HT0531", "commune": ""}}, {"type": "Feature", "geometry": {"type": "Point", "coordinates": [-72.69035, 19.10292]}, "properties": {"nom": "Eglise", "famille": "chretien", "religion_osm": "christian", "denomination_osm": "protestant", "pcode_commune": "HT0531", "commune": ""}}, {"type": "Feature", "geometry": {"type": "Point", "coordinates": [-72.68492, 19.10282]}, "properties": {"nom": "Eglise de Dieu de Sion", "famille": "chretien", "religion_osm": "christian", "denomination_osm": "pentecostal", "pcode_commune": "HT0531", "commune": ""}}, {"type": "Feature", "geometry": {"type": "Point", "coordinates": [-72.67401, 19.10168]}, "properties": {"nom": "Eglise de Dieu bethesda de venotte", "famille": "chretien", "religion_osm": "christian", "denomination_osm": "pentecostal", "pcode_commune": "HT0531", "commune": ""}}, {"type": "Feature", "geometry": {"type": "Point", "coordinates": [-72.69333, 19.10141]}, "properties": {"nom": "Eglise de Dieu Saint tete d'en haut", "famille": "chretien", "religion_osm": "christian", "denomination_osm": "protestant", "pcode_commune": "HT0531", "commune": ""}}, {"type": "Feature", "geometry": {"type": "Point", "coordinates": [-72.67552, 19.10141]}, "properties": {"nom": "Temple  Vaudou", "famille": "vodou", "religion_osm": "voodoo", "denomination_osm": "others", "pcode_commune": "HT0531", "commune": ""}}, {"type": "Feature", "geometry": {"type": "Point", "coordinates": [-72.69508, 19.09961]}, "properties": {"nom": "Eglise Methodiste d'Haiti de la cour Roche", "famille": "chretien", "religion_osm": "christian", "denomination_osm": "pentecostal", "pcode_commune": "HT0531", "commune": ""}}, {"type": "Feature", "geometry": {"type": "Point", "coordinates": [-72.70863, 19.09932]}, "properties": {"nom": "Eglise de Dieu en Christ", "famille": "chretien", "religion_osm": "christian", "denomination_osm": "baptist", "pcode_commune": "HT0531", "commune": ""}}, {"type": "Feature", "geometry": {"type": "Point", "coordinates": [-72.70066, 19.09806]}, "properties": {"nom": "Eglise Bethesda", "famille": "chretien", "religion_osm": "christian", "denomination_osm": "protestant", "pcode_commune": "HT0531", "commune": ""}}, {"type": "Feature", "geometry": {"type": "Point", "coordinates": [-72.70003, 19.09791]}, "properties": {"nom": "Eglise Gloire a L'eternel", "famille": "chretien", "religion_osm": "christian", "denomination_osm": "protestant", "pcode_commune": "HT0531", "commune": ""}}, {"type": "Feature", "geometry": {"type": "Point", "coordinates": [-72.68209, 19.10396]}, "properties": {"nom": "Eglise de Dieu Apostholique", "famille": "chretien", "religion_osm": "christian", "denomination_osm": "pentecostal", "pcode_commune": "HT0531", "commune": ""}}, {"type": "Feature", "geometry": {"type": "Point", "coordinates": [-72.70687, 19.09685]}, "properties": {"nom": "salle du royaune", "famille": "chretien", "religion_osm": "christian", "denomination_osm": "jehovahs_witness", "pcode_commune": "HT0531", "commune": ""}}, {"type": "Feature", "geometry": {"type": "Point", "coordinates": [-72.68487, 19.10271]}, "properties": {"nom": "Eglise evangelique du 50eme jour", "famille": "chretien", "religion_osm": "christian", "denomination_osm": "baptist", "pcode_commune": "HT0531", "commune": ""}}, {"type": "Feature", "geometry": {"type": "Point", "coordinates": [-72.70949, 19.09802]}, "properties": {"nom": "Arme Celeste", "famille": "chretien", "religion_osm": "christian", "denomination_osm": "protestant", "pcode_commune": "HT0531", "commune": ""}}, {"type": "Feature", "geometry": {"type": "Point", "coordinates": [-73.75267, 18.1968]}, "properties": {"nom": "Eglise De Dieu", "famille": "chretien", "religion_osm": "christian", "denomination_osm": "", "pcode_commune": "HT0711", "commune": ""}}, {"type": "Feature", "geometry": {"type": "Point", "coordinates": [-72.698, 19.09419]}, "properties": {"nom": "Assamblée des Elus de Dieu", "famille": "chretien", "religion_osm": "christian", "denomination_osm": "protestant", "pcode_commune": "HT0531", "commune": ""}}, {"type": "Feature", "geometry": {"type": "Point", "coordinates": [-73.75108, 18.19589]}, "properties": {"nom": "1ere Église de Cayes", "famille": "chretien", "religion_osm": "christian", "denomination_osm": "baptist", "pcode_commune": "HT0711", "commune": ""}}, {"type": "Feature", "geometry": {"type": "Point", "coordinates": [-72.22779, 18.5725]}, "properties": {"nom": "Église de Jésus-Christ des saints des derniers jours", "famille": "chretien", "religion_osm": "christian", "denomination_osm": "mormon", "pcode_commune": "HT0131", "commune": ""}}, {"type": "Feature", "geometry": {"type": "Point", "coordinates": [-72.53447, 18.23231]}, "properties": {"nom": "Église de Jésus-Christ des saints des derniers jours", "famille": "chretien", "religion_osm": "christian", "denomination_osm": "mormon", "pcode_commune": "HT0211", "commune": ""}}, {"type": "Feature", "geometry": {"type": "Point", "coordinates": [-73.74561, 18.19598]}, "properties": {"nom": "Eglise Evangélique Béthanie Des Cayes", "famille": "chretien", "religion_osm": "christian", "denomination_osm": "evangelical", "pcode_commune": "HT0711", "commune": ""}}, {"type": "Feature", "geometry": {"type": "Point", "coordinates": [-73.74756, 18.19585]}, "properties": {"nom": "Eglise Adventiste Des Cayes", "famille": "chretien", "religion_osm": "christian", "denomination_osm": "adventist", "pcode_commune": "HT0711", "commune": ""}}, {"type": "Feature", "geometry": {"type": "Point", "coordinates": [-72.32314, 18.603]}, "properties": {"nom": "Eglise Adventiste du 7em jour", "famille": "chretien", "religion_osm": "christian", "denomination_osm": "seventh_day_adventist", "pcode_commune": "HT0117", "commune": ""}}, {"type": "Feature", "geometry": {"type": "Point", "coordinates": [-72.70237, 19.09994]}, "properties": {"nom": "Celebration chretienne", "famille": "chretien", "religion_osm": "christian", "denomination_osm": "protestant", "pcode_commune": "HT0531", "commune": ""}}, {"type": "Feature", "geometry": {"type": "Point", "coordinates": [-72.70175, 19.09917]}, "properties": {"nom": "Le Jourdain", "famille": "chretien", "religion_osm": "christian", "denomination_osm": "protestant", "pcode_commune": "HT0531", "commune": ""}}, {"type": "Feature", "geometry": {"type": "Point", "coordinates": [-72.69226, 19.08819]}, "properties": {"nom": "Pasteur Accene", "famille": "chretien", "religion_osm": "christian", "denomination_osm": "protestant", "pcode_commune": "HT0531", "commune": ""}}, {"type": "Feature", "geometry": {"type": "Point", "coordinates": [-72.70003, 19.09957]}, "properties": {"nom": "Eglise L'union Strategique", "famille": "chretien", "religion_osm": "christian", "denomination_osm": "protestant", "pcode_commune": "HT0531", "commune": ""}}, {"type": "Feature", "geometry": {"type": "Point", "coordinates": [-73.76197, 18.20253]}, "properties": {"nom": "Première Église de Dieu de Mapou", "famille": "chretien", "religion_osm": "christian", "denomination_osm": "protestant", "pcode_commune": "HT0711", "commune": ""}}, {"type": "Feature", "geometry": {"type": "Point", "coordinates": [-73.74709, 18.19355]}, "properties": {"nom": "Clemente Amitié", "famille": "chretien", "religion_osm": "christian", "denomination_osm": "quaker", "pcode_commune": "HT0711", "commune": ""}}, {"type": "Feature", "geometry": {"type": "Point", "coordinates": [-73.75107, 18.19429]}, "properties": {"nom": "Église Jehova", "famille": "chretien", "religion_osm": "christian", "denomination_osm": "jehovahs_witness", "pcode_commune": "HT0711", "commune": ""}}, {"type": "Feature", "geometry": {"type": "Point", "coordinates": [-73.75236, 18.19332]}, "properties": {"nom": "2e Eglise De Dieu des Cayes", "famille": "chretien", "religion_osm": "christian", "denomination_osm": "protestant", "pcode_commune": "HT0711", "commune": ""}}, {"type": "Feature", "geometry": {"type": "Point", "coordinates": [-73.74109, 18.19382]}, "properties": {"nom": "Eglise Mon Berger De La Savane", "famille": "chretien", "religion_osm": "christian", "denomination_osm": "protestant", "pcode_commune": "HT0711", "commune": ""}}, {"type": "Feature", "geometry": {"type": "Point", "coordinates": [-73.75048, 18.1931]}, "properties": {"nom": "Chapelle Immaculée Conception", "famille": "chretien", "religion_osm": "christian", "denomination_osm": "catholic", "pcode_commune": "HT0711", "commune": ""}}, {"type": "Feature", "geometry": {"type": "Point", "coordinates": [-73.74764, 18.19455]}, "properties": {"nom": "Eglise Methodiste D'Haiti", "famille": "chretien", "religion_osm": "christian", "denomination_osm": "methodist", "pcode_commune": "HT0711", "commune": ""}}, {"type": "Feature", "geometry": {"type": "Point", "coordinates": [-73.74454, 18.19206]}, "properties": {"nom": "Eglise Saint-Joseph", "famille": "chretien", "religion_osm": "christian", "denomination_osm": "catholic", "pcode_commune": "HT0711", "commune": ""}}, {"type": "Feature", "geometry": {"type": "Point", "coordinates": [-73.7445, 18.19247]}, "properties": {"nom": "Soeur de la charire saint louis", "famille": "non_renseigne", "religion_osm": "", "denomination_osm": "", "pcode_commune": "HT0711", "commune": ""}}, {"type": "Feature", "geometry": {"type": "Point", "coordinates": [-73.75896, 18.19694]}, "properties": {"nom": "Eglise Communautaire De Sion", "famille": "chretien", "religion_osm": "christian", "denomination_osm": "protestant", "pcode_commune": "HT0711", "commune": ""}}, {"type": "Feature", "geometry": {"type": "Point", "coordinates": [-73.76024, 18.19723]}, "properties": {"nom": "Eglise de Dieu l'union des Freres", "famille": "chretien", "religion_osm": "christian", "denomination_osm": "protestant", "pcode_commune": "HT0711", "commune": ""}}, {"type": "Feature", "geometry": {"type": "Point", "coordinates": [-73.7498, 18.19724]}, "properties": {"nom": "Eglise Sacre Des Cayes", "famille": "chretien", "religion_osm": "christian", "denomination_osm": "", "pcode_commune": "HT0711", "commune": ""}}, {"type": "Feature", "geometry": {"type": "Point", "coordinates": [-72.3294, 18.58558]}, "properties": {"nom": "Eglise chrétienne évangelique de la Samarie", "famille": "chretien", "religion_osm": "christian", "denomination_osm": "protestant", "pcode_commune": "HT0117", "commune": ""}}, {"type": "Feature", "geometry": {"type": "Point", "coordinates": [-72.6584, 19.09363]}, "properties": {"nom": "Eglise Sion de Barbe", "famille": "chretien", "religion_osm": "christian", "denomination_osm": "protestant", "pcode_commune": "HT0531", "commune": ""}}, {"type": "Feature", "geometry": {"type": "Point", "coordinates": [-72.70106, 19.1026]}, "properties": {"nom": "Asseemble primitive", "famille": "chretien", "religion_osm": "christian", "denomination_osm": "protestant", "pcode_commune": "HT0531", "commune": ""}}, {"type": "Feature", "geometry": {"type": "Point", "coordinates": [-72.70032, 19.10298]}, "properties": {"nom": "Eglise sur le roche", "famille": "chretien", "religion_osm": "christian", "denomination_osm": "protestant", "pcode_commune": "HT0531", "commune": ""}}, {"type": "Feature", "geometry": {"type": "Point", "coordinates": [-73.74721, 18.19421]}, "properties": {"nom": "2ième église baptiste", "famille": "chretien", "religion_osm": "christian", "denomination_osm": "baptist", "pcode_commune": "HT0711", "commune": ""}}, {"type": "Feature", "geometry": {"type": "Point", "coordinates": [-72.69537, 19.09878]}, "properties": {"nom": "Assemblée des Rachetés", "famille": "chretien", "religion_osm": "christian", "denomination_osm": "pentecostal", "pcode_commune": "HT0531", "commune": ""}}, {"type": "Feature", "geometry": {"type": "Point", "coordinates": [-73.74648, 18.19326]}, "properties": {"nom": "Eglise St.Sauer Des Cayes", "famille": "chretien", "religion_osm": "christian", "denomination_osm": "", "pcode_commune": "HT0711", "commune": ""}}, {"type": "Feature", "geometry": {"type": "Point", "coordinates": [-72.69946, 19.10078]}, "properties": {"nom": "Eglise gospel tabernacle", "famille": "chretien", "religion_osm": "christian", "denomination_osm": "", "pcode_commune": "HT0531", "commune": ""}}, {"type": "Feature", "geometry": {"type": "Point", "coordinates": [-73.74457, 18.19527]}, "properties": {"nom": "3 Eglise De Dieu", "famille": "chretien", "religion_osm": "christian", "denomination_osm": "baptist", "pcode_commune": "HT0711", "commune": ""}}, {"type": "Feature", "geometry": {"type": "Point", "coordinates": [-72.65868, 19.09263]}, "properties": {"nom": "Temple Vaudou", "famille": "vodou", "religion_osm": "voodoo", "denomination_osm": "others", "pcode_commune": "HT0531", "commune": ""}}, {"type": "Feature", "geometry": {"type": "Point", "coordinates": [-72.70209, 19.09372]}, "properties": {"nom": "Eglise Baptiste Betach", "famille": "chretien", "religion_osm": "christian", "denomination_osm": "baptist", "pcode_commune": "HT0531", "commune": ""}}, {"type": "Feature", "geometry": {"type": "Point", "coordinates": [-73.74624, 18.1963]}, "properties": {"nom": "Le Baptist Church", "famille": "chretien", "religion_osm": "christian", "denomination_osm": "baptist", "pcode_commune": "HT0711", "commune": ""}}, {"type": "Feature", "geometry": {"type": "Point", "coordinates": [-72.69682, 19.10169]}, "properties": {"nom": "Braname", "famille": "chretien", "religion_osm": "christian", "denomination_osm": "", "pcode_commune": "HT0531", "commune": ""}}, {"type": "Feature", "geometry": {"type": "Point", "coordinates": [-72.70204, 19.09457]}, "properties": {"nom": "Eglise Presbyterienne De Morne Fort", "famille": "chretien", "religion_osm": "christian", "denomination_osm": "protestant", "pcode_commune": "HT0531", "commune": ""}}, {"type": "Feature", "geometry": {"type": "Point", "coordinates": [-72.64496, 19.08604]}, "properties": {"nom": "Eglise Pencotiste de Guichamps", "famille": "chretien", "religion_osm": "christian", "denomination_osm": "pentecostal", "pcode_commune": "HT0531", "commune": ""}}, {"type": "Feature", "geometry": {"type": "Point", "coordinates": [-72.64773, 19.08609]}, "properties": {"nom": "Eglise Methodiste Libre", "famille": "chretien", "religion_osm": "christian", "denomination_osm": "methodist", "pcode_commune": "HT0531", "commune": ""}}, {"type": "Feature", "geometry": {"type": "Point", "coordinates": [-72.69924, 19.10026]}, "properties": {"nom": "Eglise de Dieu Chist Revient de Saint-Marc", "famille": "chretien", "religion_osm": "christian", "denomination_osm": "", "pcode_commune": "HT0531", "commune": ""}}, {"type": "Feature", "geometry": {"type": "Point", "coordinates": [-72.29068, 18.51694]}, "properties": {"nom": "Salle du Royaume des Témoins de Jehovah", "famille": "chretien", "religion_osm": "christian", "denomination_osm": "jehovahs_witness", "pcode_commune": "HT0114", "commune": ""}}, {"type": "Feature", "geometry": {"type": "Point", "coordinates": [-72.10658, 18.83018]}, "properties": {"nom": "Eglise Baptiste", "famille": "chretien", "religion_osm": "christian", "denomination_osm": "baptist", "pcode_commune": "HT0621", "commune": ""}}, {"type": "Feature", "geometry": {"type": "Point", "coordinates": [-72.10529, 18.83496]}, "properties": {"nom": "Presbyterain De Eglise", "famille": "chretien", "religion_osm": "christian", "denomination_osm": "presbyterian", "pcode_commune": "HT0621", "commune": ""}}, {"type": "Feature", "geometry": {"type": "Point", "coordinates": [-72.10471, 18.83628]}, "properties": {"nom": "Articles De Voodoo", "famille": "vodou", "religion_osm": "voodoo", "denomination_osm": "", "pcode_commune": "HT0621", "commune": ""}}, {"type": "Feature", "geometry": {"type": "Point", "coordinates": [-73.78965, 18.34287]}, "properties": {"nom": "Eglise Baptist De Maniche", "famille": "chretien", "religion_osm": "christian", "denomination_osm": "baptist", "pcode_commune": "HT0715", "commune": ""}}, {"type": "Feature", "geometry": {"type": "Point", "coordinates": [-73.79477, 18.35464]}, "properties": {"nom": "Eglise De Christ De Prestige", "famille": "chretien", "religion_osm": "christian", "denomination_osm": "protestant", "pcode_commune": "HT0715", "commune": ""}}, {"type": "Feature", "geometry": {"type": "Point", "coordinates": [-73.77606, 18.34304]}, "properties": {"nom": "Eglise Baptiste De Maniche", "famille": "chretien", "religion_osm": "christian", "denomination_osm": "baptist", "pcode_commune": "HT0715", "commune": ""}}, {"type": "Feature", "geometry": {"type": "Point", "coordinates": [-73.65492, 18.29982]}, "properties": {"nom": "Eglise Perpétuel De Cavaillon", "famille": "chretien", "religion_osm": "christian", "denomination_osm": "catholic", "pcode_commune": "HT0733", "commune": ""}}, {"type": "Feature", "geometry": {"type": "Point", "coordinates": [-73.6536, 18.29956]}, "properties": {"nom": "Eglise Evangelique Bethanie", "famille": "chretien", "religion_osm": "christian", "denomination_osm": "", "pcode_commune": "HT0733", "commune": ""}}, {"type": "Feature", "geometry": {"type": "Point", "coordinates": [-72.1012, 18.83523]}, "properties": {"nom": "Eglise du Nazareen", "famille": "chretien", "religion_osm": "christian", "denomination_osm": "protestant", "pcode_commune": "HT0621", "commune": ""}}, {"type": "Feature", "geometry": {"type": "Point", "coordinates": [-73.77645, 18.34478]}, "properties": {"nom": "Eglise Adventiste", "famille": "chretien", "religion_osm": "christian", "denomination_osm": "", "pcode_commune": "HT0715", "commune": ""}}, {"type": "Feature", "geometry": {"type": "Point", "coordinates": [-73.77666, 18.34619]}, "properties": {"nom": "Eglise Bethanie De Maniche", "famille": "chretien", "religion_osm": "christian", "denomination_osm": "baptist", "pcode_commune": "HT0715", "commune": ""}}, {"type": "Feature", "geometry": {"type": "Point", "coordinates": [-73.77861, 18.34488]}, "properties": {"nom": "St.Rose De Lina", "famille": "chretien", "religion_osm": "christian", "denomination_osm": "catholic", "pcode_commune": "HT0715", "commune": ""}}, {"type": "Feature", "geometry": {"type": "Point", "coordinates": [-73.79852, 18.35533]}, "properties": {"nom": "Eglise Sang Articic de Estaye", "famille": "chretien", "religion_osm": "christian", "denomination_osm": "baptist", "pcode_commune": "HT0715", "commune": ""}}, {"type": "Feature", "geometry": {"type": "Point", "coordinates": [-73.80038, 18.35852]}, "properties": {"nom": "Mission Evangelique Baptist", "famille": "chretien", "religion_osm": "christian", "denomination_osm": "baptist", "pcode_commune": "HT0715", "commune": ""}}, {"type": "Feature", "geometry": {"type": "Point", "coordinates": [-73.65638, 18.31189]}, "properties": {"nom": "Eglise Du Christ De Martineau", "famille": "chretien", "religion_osm": "christian", "denomination_osm": "", "pcode_commune": "HT0733", "commune": ""}}, {"type": "Feature", "geometry": {"type": "Point", "coordinates": [-72.10242, 18.83519]}, "properties": {"nom": "Salle du Royaume des Témoins de Jehovah", "famille": "chretien", "religion_osm": "christian", "denomination_osm": "jehovahs_witness", "pcode_commune": "HT0621", "commune": ""}}, {"type": "Feature", "geometry": {"type": "Point", "coordinates": [-72.10457, 18.83529]}, "properties": {"nom": "Saint Louis Roi de France", "famille": "chretien", "religion_osm": "christian", "denomination_osm": "catholic", "pcode_commune": "HT0621", "commune": ""}}, {"type": "Feature", "geometry": {"type": "Point", "coordinates": [-73.74204, 18.19798]}, "properties": {"nom": "Revelation Un Dieu", "famille": "chretien", "religion_osm": "christian", "denomination_osm": "catholic", "pcode_commune": "HT0711", "commune": ""}}, {"type": "Feature", "geometry": {"type": "Point", "coordinates": [-72.09993, 18.83386]}, "properties": {"nom": "Eglise de Dieu la prophetie de Mirebalais", "famille": "chretien", "religion_osm": "christian", "denomination_osm": "protestant", "pcode_commune": "HT0621", "commune": ""}}, {"type": "Feature", "geometry": {"type": "Point", "coordinates": [-72.68941, 19.10456]}, "properties": {"nom": "Eglise Peniel", "famille": "chretien", "religion_osm": "christian", "denomination_osm": "", "pcode_commune": "HT0531", "commune": ""}}, {"type": "Feature", "geometry": {"type": "Point", "coordinates": [-72.68876, 19.10431]}, "properties": {"nom": "Eglise de Dieu Elim", "famille": "chretien", "religion_osm": "christian", "denomination_osm": "", "pcode_commune": "HT0531", "commune": ""}}, {"type": "Feature", "geometry": {"type": "Point", "coordinates": [-72.10506, 18.83019]}, "properties": {"nom": "St Pierre", "famille": "chretien", "religion_osm": "christian", "denomination_osm": "episcopal", "pcode_commune": "HT0621", "commune": ""}}, {"type": "Feature", "geometry": {"type": "Point", "coordinates": [-72.1115, 18.83093]}, "properties": {"nom": "Église Évangélique de Mirebalais", "famille": "chretien", "religion_osm": "christian", "denomination_osm": "evangelical", "pcode_commune": "HT0621", "commune": ""}}, {"type": "Feature", "geometry": {"type": "Point", "coordinates": [-72.11356, 18.8402]}, "properties": {"nom": "Eglise Du Christ", "famille": "chretien", "religion_osm": "christian", "denomination_osm": "evangelical", "pcode_commune": "HT0621", "commune": ""}}, {"type": "Feature", "geometry": {"type": "Point", "coordinates": [-72.12261, 18.83965]}, "properties": {"nom": "Gran Bwa Zile", "famille": "vodou", "religion_osm": "voodoo", "denomination_osm": "", "pcode_commune": "HT0621", "commune": ""}}, {"type": "Feature", "geometry": {"type": "Point", "coordinates": [-72.12482, 18.83924]}, "properties": {"nom": "Loupi", "famille": "vodou", "religion_osm": "voodoo", "denomination_osm": "", "pcode_commune": "HT0621", "commune": ""}}, {"type": "Feature", "geometry": {"type": "Point", "coordinates": [-72.12818, 18.83808]}, "properties": {"nom": "Lakou Brize", "famille": "vodou", "religion_osm": "voodoo", "denomination_osm": "", "pcode_commune": "HT0621", "commune": ""}}, {"type": "Feature", "geometry": {"type": "Point", "coordinates": [-72.12831, 18.83796]}, "properties": {"nom": "Lakou Brize", "famille": "vodou", "religion_osm": "voodoo", "denomination_osm": "", "pcode_commune": "HT0621", "commune": ""}}, {"type": "Feature", "geometry": {"type": "Point", "coordinates": [-72.6998, 19.09692]}, "properties": {"nom": "Eglise confraterniné", "famille": "chretien", "religion_osm": "christian", "denomination_osm": "", "pcode_commune": "HT0531", "commune": ""}}, {"type": "Feature", "geometry": {"type": "Point", "coordinates": [-73.74451, 18.19381]}, "properties": {"nom": "Populaire Tirailizer", "famille": "chretien", "religion_osm": "christian", "denomination_osm": "", "pcode_commune": "HT0711", "commune": ""}}, {"type": "Feature", "geometry": {"type": "Point", "coordinates": [-73.74353, 18.19462]}, "properties": {"nom": "House Of Worship", "famille": "chretien", "religion_osm": "christian", "denomination_osm": "", "pcode_commune": "HT0711", "commune": ""}}, {"type": "Feature", "geometry": {"type": "Point", "coordinates": [-72.70379, 19.09519]}, "properties": {"nom": "Eglise Evangelique Interdenomination de Saint-Marc", "famille": "chretien", "religion_osm": "christian", "denomination_osm": "baptist", "pcode_commune": "HT0531", "commune": ""}}, {"type": "Feature", "geometry": {"type": "Point", "coordinates": [-73.74401, 18.19424]}, "properties": {"nom": "St. Etenne Church", "famille": "chretien", "religion_osm": "christian", "denomination_osm": "", "pcode_commune": "HT0711", "commune": ""}}, {"type": "Feature", "geometry": {"type": "Point", "coordinates": [-73.68946, 18.34624]}, "properties": {"nom": "Protestentist", "famille": "chretien", "religion_osm": "christian", "denomination_osm": "protestant", "pcode_commune": "HT0733", "commune": ""}}, {"type": "Feature", "geometry": {"type": "Point", "coordinates": [-72.11138, 18.83331]}, "properties": {"nom": "Eglise Chretienne De La Fraternite", "famille": "chretien", "religion_osm": "christian", "denomination_osm": "protestant", "pcode_commune": "HT0621", "commune": ""}}, {"type": "Feature", "geometry": {"type": "Point", "coordinates": [-72.12555, 18.83871]}, "properties": {"nom": "vodoo temple", "famille": "chretien", "religion_osm": "christian", "denomination_osm": "quaker", "pcode_commune": "HT0621", "commune": ""}}, {"type": "Feature", "geometry": {"type": "Point", "coordinates": [-73.75903, 18.21429]}, "properties": {"nom": "Eglise Disciple", "famille": "chretien", "religion_osm": "christian", "denomination_osm": "protestant", "pcode_commune": "HT0711", "commune": ""}}, {"type": "Feature", "geometry": {"type": "Point", "coordinates": [-73.75796, 18.2151]}, "properties": {"nom": "Eglise Evangelique De Bethanie", "famille": "chretien", "religion_osm": "christian", "denomination_osm": "evangelical", "pcode_commune": "HT0711", "commune": ""}}, {"type": "Feature", "geometry": {"type": "Point", "coordinates": [-72.69985, 19.10697]}, "properties": {"nom": "Eglise Adventiste Temple 1", "famille": "chretien", "religion_osm": "christian", "denomination_osm": "seventh_day_adventist", "pcode_commune": "HT0531", "commune": ""}}, {"type": "Feature", "geometry": {"type": "Point", "coordinates": [-73.77391, 18.17885]}, "properties": {"nom": "Eglise Catholic Native", "famille": "chretien", "religion_osm": "christian", "denomination_osm": "catholic", "pcode_commune": "HT0711", "commune": ""}}, {"type": "Feature", "geometry": {"type": "Point", "coordinates": [-73.77012, 18.18022]}, "properties": {"nom": "Eglise Baptiste De Gellee", "famille": "chretien", "religion_osm": "christian", "denomination_osm": "baptist", "pcode_commune": "HT0711", "commune": ""}}, {"type": "Feature", "geometry": {"type": "Point", "coordinates": [-72.69903, 19.09447]}, "properties": {"nom": "Temple de Vodou", "famille": "vodou", "religion_osm": "voodoo", "denomination_osm": "", "pcode_commune": "HT0531", "commune": ""}}, {"type": "Feature", "geometry": {"type": "Point", "coordinates": [-73.76999, 18.20867]}, "properties": {"nom": "Eglise La Foi Aspostolique", "famille": "chretien", "religion_osm": "christian", "denomination_osm": "evangelical", "pcode_commune": "HT0711", "commune": ""}}, {"type": "Feature", "geometry": {"type": "Point", "coordinates": [-73.7647, 18.20381]}, "properties": {"nom": "Eglise Elohim des Cayes", "famille": "chretien", "religion_osm": "christian", "denomination_osm": "protestant", "pcode_commune": "HT0711", "commune": ""}}, {"type": "Feature", "geometry": {"type": "Point", "coordinates": [-72.69928, 19.09438]}, "properties": {"nom": "Ligue pour la lecture de la bible", "famille": "chretien", "religion_osm": "christian", "denomination_osm": "", "pcode_commune": "HT0531", "commune": ""}}, {"type": "Feature", "geometry": {"type": "Point", "coordinates": [-73.77826, 18.21211]}, "properties": {"nom": "Eglise Du pelerin", "famille": "chretien", "religion_osm": "christian", "denomination_osm": "protestant", "pcode_commune": "HT0711", "commune": ""}}, {"type": "Feature", "geometry": {"type": "Point", "coordinates": [-73.7665, 18.20252]}, "properties": {"nom": "Eglise de Dieu de la Delivrance par la Foi", "famille": "chretien", "religion_osm": "christian", "denomination_osm": "protestant", "pcode_commune": "HT0711", "commune": ""}}, {"type": "Feature", "geometry": {"type": "Point", "coordinates": [-73.76861, 18.2053]}, "properties": {"nom": "4eme Eglise Evangelique Bethanie Du Village Antoine Simon", "famille": "chretien", "religion_osm": "christian", "denomination_osm": "protestant", "pcode_commune": "HT0711", "commune": ""}}, {"type": "Feature", "geometry": {"type": "Point", "coordinates": [-73.78554, 18.2077]}, "properties": {"nom": "Eglise Methodiste De Pélérin", "famille": "chretien", "religion_osm": "christian", "denomination_osm": "methodist", "pcode_commune": "HT0711", "commune": ""}}, {"type": "Feature", "geometry": {"type": "Point", "coordinates": [-73.77606, 18.21125]}, "properties": {"nom": "Eglise du christ pelerin", "famille": "chretien", "religion_osm": "christian", "denomination_osm": "protestant", "pcode_commune": "HT0711", "commune": ""}}, {"type": "Feature", "geometry": {"type": "Point", "coordinates": [-73.79475, 18.22202]}, "properties": {"nom": "St Louis de Gonzague", "famille": "chretien", "religion_osm": "christian", "denomination_osm": "catholic", "pcode_commune": "HT0711", "commune": ""}}, {"type": "Feature", "geometry": {"type": "Point", "coordinates": [-73.78083, 18.21121]}, "properties": {"nom": "Notre Dame Du Mont Carmelle", "famille": "chretien", "religion_osm": "christian", "denomination_osm": "catholic", "pcode_commune": "HT0711", "commune": ""}}, {"type": "Feature", "geometry": {"type": "Point", "coordinates": [-73.81653, 18.21888]}, "properties": {"nom": "Eglise Evangelique Bethanie Citadelle", "famille": "chretien", "religion_osm": "christian", "denomination_osm": "evangelical", "pcode_commune": "HT0711", "commune": ""}}, {"type": "Feature", "geometry": {"type": "Point", "coordinates": [-73.79834, 18.21862]}, "properties": {"nom": "Eglise Bon Berger", "famille": "chretien", "religion_osm": "christian", "denomination_osm": "protestant", "pcode_commune": "HT0711", "commune": ""}}, {"type": "Feature", "geometry": {"type": "Point", "coordinates": [-72.62607, 19.08141]}, "properties": {"nom": "Eglise Ministere Maranatha De Lagarenne", "famille": "chretien", "religion_osm": "christian", "denomination_osm": "protestant", "pcode_commune": "HT0531", "commune": ""}}, {"type": "Feature", "geometry": {"type": "Point", "coordinates": [-72.6232, 19.07749]}, "properties": {"nom": "La foi Apostolique", "famille": "chretien", "religion_osm": "christian", "denomination_osm": "protestant", "pcode_commune": "HT0531", "commune": ""}}, {"type": "Feature", "geometry": {"type": "Point", "coordinates": [-73.80059, 18.21688]}, "properties": {"nom": "Vodoo Temple", "famille": "non_renseigne", "religion_osm": "", "denomination_osm": "", "pcode_commune": "HT0711", "commune": ""}}, {"type": "Feature", "geometry": {"type": "Point", "coordinates": [-73.7342, 18.2619]}, "properties": {"nom": "Eglise De Dieu Laraunt", "famille": "chretien", "religion_osm": "christian", "denomination_osm": "baptist", "pcode_commune": "HT0711", "commune": ""}}, {"type": "Feature", "geometry": {"type": "Point", "coordinates": [-73.66029, 18.30122]}, "properties": {"nom": "Eglise Baptiste de Cavaillon", "famille": "chretien", "religion_osm": "christian", "denomination_osm": "baptist", "pcode_commune": "HT0733", "commune": ""}}, {"type": "Feature", "geometry": {"type": "Point", "coordinates": [-72.64545, 19.08297]}, "properties": {"nom": "Eglise de DIEU Beracca", "famille": "chretien", "religion_osm": "christian", "denomination_osm": "baptist", "pcode_commune": "HT0531", "commune": ""}}, {"type": "Feature", "geometry": {"type": "Point", "coordinates": [-73.7146, 18.27126]}, "properties": {"nom": "Eglise Chrétienne Réformée D'Haiti", "famille": "chretien", "religion_osm": "christian", "denomination_osm": "evangelical", "pcode_commune": "HT0711", "commune": ""}}, {"type": "Feature", "geometry": {"type": "Point", "coordinates": [-73.65156, 18.29703]}, "properties": {"nom": "Eglise de Dieu de Cavaillon", "famille": "chretien", "religion_osm": "christian", "denomination_osm": "", "pcode_commune": "HT0733", "commune": ""}}, {"type": "Feature", "geometry": {"type": "Point", "coordinates": [-73.65234, 18.29811]}, "properties": {"nom": "Temple Adventiste de 7 jour", "famille": "non_renseigne", "religion_osm": "", "denomination_osm": "", "pcode_commune": "HT0733", "commune": ""}}, {"type": "Feature", "geometry": {"type": "Point", "coordinates": [-73.82656, 18.22969]}, "properties": {"nom": "Eglise Du Christ De Savanette", "famille": "chretien", "religion_osm": "christian", "denomination_osm": "protestant", "pcode_commune": "HT0712", "commune": ""}}, {"type": "Feature", "geometry": {"type": "Point", "coordinates": [-73.63281, 18.29004]}, "properties": {"nom": "Parouse St.Theriese batem", "famille": "chretien", "religion_osm": "christian", "denomination_osm": "catholic", "pcode_commune": "HT0733", "commune": ""}}, {"type": "Feature", "geometry": {"type": "Point", "coordinates": [-72.62638, 19.08161]}, "properties": {"nom": "Eglise Bethesda", "famille": "chretien", "religion_osm": "christian", "denomination_osm": "protestant", "pcode_commune": "HT0531", "commune": ""}}, {"type": "Feature", "geometry": {"type": "Point", "coordinates": [-73.62866, 18.29603]}, "properties": {"nom": "Eglise Béthanie de Solon", "famille": "chretien", "religion_osm": "christian", "denomination_osm": "evangelical", "pcode_commune": "HT0733", "commune": ""}}, {"type": "Feature", "geometry": {"type": "Point", "coordinates": [-73.72241, 18.24726]}, "properties": {"nom": "Eglise De Dieu Evangelique De Fourrien", "famille": "chretien", "religion_osm": "christian", "denomination_osm": "evangelical", "pcode_commune": "HT0711", "commune": ""}}, {"type": "Feature", "geometry": {"type": "Point", "coordinates": [-73.67115, 18.28733]}, "properties": {"nom": "Christ Vivant", "famille": "chretien", "religion_osm": "christian", "denomination_osm": "", "pcode_commune": "HT0733", "commune": ""}}, {"type": "Feature", "geometry": {"type": "Point", "coordinates": [-73.67067, 18.28328]}, "properties": {"nom": "Eglise Notre Dame Des Douleurs", "famille": "chretien", "religion_osm": "christian", "denomination_osm": "catholic", "pcode_commune": "HT0733", "commune": ""}}, {"type": "Feature", "geometry": {"type": "Point", "coordinates": [-73.66933, 18.28968]}, "properties": {"nom": "Eglise Pentecostal Christ Victoir", "famille": "chretien", "religion_osm": "christian", "denomination_osm": "", "pcode_commune": "HT0733", "commune": ""}}, {"type": "Feature", "geometry": {"type": "Point", "coordinates": [-73.65118, 18.31534]}, "properties": {"nom": "Eglise Croisade Evangelique Indigene de Martineau", "famille": "chretien", "religion_osm": "christian", "denomination_osm": "", "pcode_commune": "HT0733", "commune": ""}}, {"type": "Feature", "geometry": {"type": "Point", "coordinates": [-73.64643, 18.32255]}, "properties": {"nom": "Eglise St-Jude", "famille": "chretien", "religion_osm": "christian", "denomination_osm": "catholic", "pcode_commune": "HT0733", "commune": ""}}, {"type": "Feature", "geometry": {"type": "Point", "coordinates": [-73.64228, 18.32258]}, "properties": {"nom": "Vodoo Temple", "famille": "vodou", "religion_osm": "voodoo", "denomination_osm": "", "pcode_commune": "HT0733", "commune": ""}}, {"type": "Feature", "geometry": {"type": "Point", "coordinates": [-73.72275, 18.26475]}, "properties": {"nom": "Eglise Baptiste De Laurent", "famille": "chretien", "religion_osm": "christian", "denomination_osm": "baptist", "pcode_commune": "HT0711", "commune": ""}}, {"type": "Feature", "geometry": {"type": "Point", "coordinates": [-73.67246, 18.346]}, "properties": {"nom": "Eglise Catholique De Benie", "famille": "chretien", "religion_osm": "christian", "denomination_osm": "catholic", "pcode_commune": "HT0733", "commune": ""}}, {"type": "Feature", "geometry": {"type": "Point", "coordinates": [-73.69871, 18.34496]}, "properties": {"nom": "Eglise De Dieu De Clanard", "famille": "chretien", "religion_osm": "christian", "denomination_osm": "", "pcode_commune": "HT0715", "commune": ""}}, {"type": "Feature", "geometry": {"type": "Point", "coordinates": [-73.73674, 18.25717]}, "properties": {"nom": "Eglise Independante De Viljoint", "famille": "chretien", "religion_osm": "christian", "denomination_osm": "evangelical", "pcode_commune": "HT0711", "commune": ""}}, {"type": "Feature", "geometry": {"type": "Point", "coordinates": [-73.64532, 18.34975]}, "properties": {"nom": "Eglise Confraternité Missionaire Baptiste D'Haiti", "famille": "chretien", "religion_osm": "christian", "denomination_osm": "baptist", "pcode_commune": "HT0733", "commune": ""}}, {"type": "Feature", "geometry": {"type": "Point", "coordinates": [-73.63489, 18.35813]}, "properties": {"nom": "Eglise MEBSH de Labiche", "famille": "chretien", "religion_osm": "christian", "denomination_osm": "protestant", "pcode_commune": "HT0733", "commune": ""}}, {"type": "Feature", "geometry": {"type": "Point", "coordinates": [-73.62619, 18.3625]}, "properties": {"nom": "Paroisse Notre Dame De La  Nativité", "famille": "chretien", "religion_osm": "christian", "denomination_osm": "catholic", "pcode_commune": "HT0733", "commune": ""}}, {"type": "Feature", "geometry": {"type": "Point", "coordinates": [-72.64383, 19.0794]}, "properties": {"nom": "Gospel Tabernacle de Pacou", "famille": "chretien", "religion_osm": "christian", "denomination_osm": "", "pcode_commune": "HT0531", "commune": ""}}, {"type": "Feature", "geometry": {"type": "Point", "coordinates": [-73.83329, 18.21484]}, "properties": {"nom": "St Cornetie", "famille": "chretien", "religion_osm": "christian", "denomination_osm": "catholic", "pcode_commune": "HT0712", "commune": ""}}, {"type": "Feature", "geometry": {"type": "Point", "coordinates": [-73.84671, 18.21515]}, "properties": {"nom": "Tabernacle Eben ezer De Guilloux", "famille": "chretien", "religion_osm": "christian", "denomination_osm": "protestant", "pcode_commune": "HT0712", "commune": ""}}, {"type": "Feature", "geometry": {"type": "Point", "coordinates": [-73.75315, 18.18776]}, "properties": {"nom": "Bont La bont De Sante", "famille": "chretien", "religion_osm": "christian", "denomination_osm": "", "pcode_commune": "HT0711", "commune": ""}}, {"type": "Feature", "geometry": {"type": "Point", "coordinates": [-72.69796, 19.11553]}, "properties": {"nom": "Eglise de Dieu Maison de Refuge", "famille": "chretien", "religion_osm": "christian", "denomination_osm": "pentecostal", "pcode_commune": "HT0531", "commune": ""}}, {"type": "Feature", "geometry": {"type": "Point", "coordinates": [-72.69667, 19.11796]}, "properties": {"nom": "Troupe 22", "famille": "vodou", "religion_osm": "voodoo", "denomination_osm": "", "pcode_commune": "HT0531", "commune": ""}}, {"type": "Feature", "geometry": {"type": "Point", "coordinates": [-72.34443, 18.52064]}, "properties": {"nom": "Corps de Christ", "famille": "chretien", "religion_osm": "christian", "denomination_osm": "protestant", "pcode_commune": "HT0111", "commune": ""}}, {"type": "Feature", "geometry": {"type": "Point", "coordinates": [-72.70222, 19.10544]}, "properties": {"nom": "Eglise de Nazareen", "famille": "chretien", "religion_osm": "christian", "denomination_osm": "protestant", "pcode_commune": "HT0531", "commune": ""}}, {"type": "Feature", "geometry": {"type": "Point", "coordinates": [-72.70797, 19.09638]}, "properties": {"nom": "Eglise Baptiste de La Cite", "famille": "chretien", "religion_osm": "christian", "denomination_osm": "baptist", "pcode_commune": "HT0531", "commune": ""}}, {"type": "Feature", "geometry": {"type": "Point", "coordinates": [-72.70957, 19.09663]}, "properties": {"nom": "Eglise Grand Commissin Chapelle Evangelique du Christ", "famille": "chretien", "religion_osm": "christian", "denomination_osm": "protestant", "pcode_commune": "HT0531", "commune": ""}}, {"type": "Feature", "geometry": {"type": "Point", "coordinates": [-72.70408, 19.10421]}, "properties": {"nom": "Eglise de Dieu de la prophetie", "famille": "chretien", "religion_osm": "christian", "denomination_osm": "protestant", "pcode_commune": "HT0531", "commune": ""}}, {"type": "Feature", "geometry": {"type": "Point", "coordinates": [-72.7069, 19.0971]}, "properties": {"nom": "Eglise Temoins de Jehovah", "famille": "chretien", "religion_osm": "christian", "denomination_osm": "jehovahs_witness", "pcode_commune": "HT0531", "commune": ""}}, {"type": "Feature", "geometry": {"type": "Point", "coordinates": [-72.70871, 19.09802]}, "properties": {"nom": "Eglise de Dieu Independante", "famille": "chretien", "religion_osm": "christian", "denomination_osm": "protestant", "pcode_commune": "HT0531", "commune": ""}}, {"type": "Feature", "geometry": {"type": "Point", "coordinates": [-72.70756, 19.09855]}, "properties": {"nom": "Jen Ginen", "famille": "vodou", "religion_osm": "voodoo", "denomination_osm": "", "pcode_commune": "HT0531", "commune": ""}}, {"type": "Feature", "geometry": {"type": "Point", "coordinates": [-72.69809, 19.11989]}, "properties": {"nom": "Eglise de Dieu Révélation", "famille": "chretien", "religion_osm": "christian", "denomination_osm": "protestant", "pcode_commune": "HT0531", "commune": ""}}, {"type": "Feature", "geometry": {"type": "Point", "coordinates": [-72.71232, 18.9555]}, "properties": {"nom": "Temple de la Foi", "famille": "chretien", "religion_osm": "christian", "denomination_osm": "baptist", "pcode_commune": "HT0531", "commune": ""}}, {"type": "Feature", "geometry": {"type": "Point", "coordinates": [-72.64809, 19.10178]}, "properties": {"nom": "Eglise corps de Christ", "famille": "chretien", "religion_osm": "christian", "denomination_osm": "protestant", "pcode_commune": "HT0531", "commune": ""}}, {"type": "Feature", "geometry": {"type": "Point", "coordinates": [-72.69716, 19.10384]}, "properties": {"nom": "Mission Evangelique Baptiste MOSHEH", "famille": "chretien", "religion_osm": "christian", "denomination_osm": "", "pcode_commune": "HT0531", "commune": ""}}, {"type": "Feature", "geometry": {"type": "Point", "coordinates": [-72.70958, 18.95374]}, "properties": {"nom": "Eglise Independante Baptiste", "famille": "chretien", "religion_osm": "christian", "denomination_osm": "baptist", "pcode_commune": "HT0531", "commune": ""}}, {"type": "Feature", "geometry": {"type": "Point", "coordinates": [-72.71031, 18.95403]}, "properties": {"nom": "Eglise Assemblee de Dieu", "famille": "chretien", "religion_osm": "christian", "denomination_osm": "pentecostal", "pcode_commune": "HT0531", "commune": ""}}, {"type": "Feature", "geometry": {"type": "Point", "coordinates": [-72.69755, 19.1182]}, "properties": {"nom": "Eglise chretienne du calvaire", "famille": "chretien", "religion_osm": "christian", "denomination_osm": "baptist", "pcode_commune": "HT0531", "commune": ""}}, {"type": "Feature", "geometry": {"type": "Point", "coordinates": [-72.70797, 18.95245]}, "properties": {"nom": "MEglise Haiti Mission de Mont-Rouis", "famille": "chretien", "religion_osm": "christian", "denomination_osm": "baptist", "pcode_commune": "HT0531", "commune": ""}}, {"type": "Feature", "geometry": {"type": "Point", "coordinates": [-72.70616, 18.95166]}, "properties": {"nom": "Eglise Saint Jean de Montrouis", "famille": "chretien", "religion_osm": "christian", "denomination_osm": "catholic", "pcode_commune": "HT0531", "commune": ""}}, {"type": "Feature", "geometry": {"type": "Point", "coordinates": [-72.73057, 18.97812]}, "properties": {"nom": "Eglise du Nazareen", "famille": "chretien", "religion_osm": "christian", "denomination_osm": "protestant", "pcode_commune": "HT0531", "commune": ""}}, {"type": "Feature", "geometry": {"type": "Point", "coordinates": [-72.73353, 18.98449]}, "properties": {"nom": "Eglise Baptiste de Lanzac", "famille": "chretien", "religion_osm": "christian", "denomination_osm": "baptist", "pcode_commune": "HT0531", "commune": ""}}, {"type": "Feature", "geometry": {"type": "Point", "coordinates": [-72.70653, 19.10067]}, "properties": {"nom": "Eglise Baptiste", "famille": "chretien", "religion_osm": "christian", "denomination_osm": "baptist", "pcode_commune": "HT0531", "commune": ""}}, {"type": "Feature", "geometry": {"type": "Point", "coordinates": [-72.67919, 19.08557]}, "properties": {"nom": "Chapelle Saint-Paul", "famille": "chretien", "religion_osm": "christian", "denomination_osm": "", "pcode_commune": "HT0531", "commune": ""}}, {"type": "Feature", "geometry": {"type": "Point", "coordinates": [-72.68068, 19.08719]}, "properties": {"nom": "Eglise Adventiste de Sion", "famille": "chretien", "religion_osm": "christian", "denomination_osm": "", "pcode_commune": "HT0531", "commune": ""}}, {"type": "Feature", "geometry": {"type": "Point", "coordinates": [-72.70214, 19.10195]}, "properties": {"nom": "E.C.A.D", "famille": "chretien", "religion_osm": "christian", "denomination_osm": "protestant", "pcode_commune": "HT0531", "commune": ""}}, {"type": "Feature", "geometry": {"type": "Point", "coordinates": [-72.7356, 18.98847]}, "properties": {"nom": "L'Eglise Philadelphie de Lanzac", "famille": "chretien", "religion_osm": "christian", "denomination_osm": "seventh_day_adventist", "pcode_commune": "HT0531", "commune": ""}}, {"type": "Feature", "geometry": {"type": "Point", "coordinates": [-72.73941, 18.99642]}, "properties": {"nom": "Eglise de Dieu de Pierre Payen", "famille": "chretien", "religion_osm": "christian", "denomination_osm": "protestant", "pcode_commune": "HT0531", "commune": ""}}, {"type": "Feature", "geometry": {"type": "Point", "coordinates": [-72.61598, 19.07086]}, "properties": {"nom": "Eglise Baptiste Conservatrice", "famille": "chretien", "religion_osm": "christian", "denomination_osm": "baptist", "pcode_commune": "HT0531", "commune": ""}}, {"type": "Feature", "geometry": {"type": "Point", "coordinates": [-72.61546, 19.06683]}, "properties": {"nom": "Eglise Saint Michel de Gilbert", "famille": "chretien", "religion_osm": "christian", "denomination_osm": "catholic", "pcode_commune": "HT0531", "commune": ""}}, {"type": "Feature", "geometry": {"type": "Point", "coordinates": [-72.69837, 19.12275]}, "properties": {"nom": "Eglise Methodiste Libre D'\"haiti", "famille": "chretien", "religion_osm": "christian", "denomination_osm": "methodist", "pcode_commune": "HT0531", "commune": ""}}, {"type": "Feature", "geometry": {"type": "Point", "coordinates": [-72.20306, 18.81637]}, "properties": {"nom": "District Eglis Baptist", "famille": "chretien", "religion_osm": "christian", "denomination_osm": "baptist", "pcode_commune": "HT0622", "commune": ""}}, {"type": "Feature", "geometry": {"type": "Point", "coordinates": [-72.20299, 18.82173]}, "properties": {"nom": "Eglise Des Freres", "famille": "chretien", "religion_osm": "christian", "denomination_osm": "catholic", "pcode_commune": "HT0622", "commune": ""}}, {"type": "Feature", "geometry": {"type": "Point", "coordinates": [-72.20117, 18.81489]}, "properties": {"nom": "Eglise temoun Jehova", "famille": "chretien", "religion_osm": "christian", "denomination_osm": "jehovahs_witness", "pcode_commune": "HT0622", "commune": ""}}, {"type": "Feature", "geometry": {"type": "Point", "coordinates": [-72.20031, 18.81583]}, "properties": {"nom": "Eglise Mont Caramel", "famille": "chretien", "religion_osm": "christian", "denomination_osm": "catholic", "pcode_commune": "HT0622", "commune": ""}}, {"type": "Feature", "geometry": {"type": "Point", "coordinates": [-72.20615, 18.81726]}, "properties": {"nom": "Eglise De Christ", "famille": "chretien", "religion_osm": "christian", "denomination_osm": "baptist", "pcode_commune": "HT0622", "commune": ""}}, {"type": "Feature", "geometry": {"type": "Point", "coordinates": [-72.19475, 18.81241]}, "properties": {"nom": "Eglise Cruasaude Evangelique", "famille": "chretien", "religion_osm": "christian", "denomination_osm": "evangelical", "pcode_commune": "HT0622", "commune": ""}}, {"type": "Feature", "geometry": {"type": "Point", "coordinates": [-72.1974, 18.81526]}, "properties": {"nom": "Eglise De Dieu", "famille": "chretien", "religion_osm": "christian", "denomination_osm": "", "pcode_commune": "HT0622", "commune": ""}}, {"type": "Feature", "geometry": {"type": "Point", "coordinates": [-72.19493, 18.81566]}, "properties": {"nom": "Eglise Core De Christ", "famille": "chretien", "religion_osm": "christian", "denomination_osm": "baptist", "pcode_commune": "HT0622", "commune": ""}}, {"type": "Feature", "geometry": {"type": "Point", "coordinates": [-72.20009, 18.81618]}, "properties": {"nom": "Eglise De Mont Caramel", "famille": "chretien", "religion_osm": "christian", "denomination_osm": "", "pcode_commune": "HT0622", "commune": ""}}, {"type": "Feature", "geometry": {"type": "Point", "coordinates": [-72.2045, 18.817]}, "properties": {"nom": "Eglise De Dieu", "famille": "chretien", "religion_osm": "christian", "denomination_osm": "", "pcode_commune": "HT0622", "commune": ""}}, {"type": "Feature", "geometry": {"type": "Point", "coordinates": [-72.70346, 19.09806]}, "properties": {"nom": "Eglise de Dieu Temple de la Foi de saint-Marc", "famille": "chretien", "religion_osm": "christian", "denomination_osm": "protestant", "pcode_commune": "HT0531", "commune": ""}}, {"type": "Feature", "geometry": {"type": "Point", "coordinates": [-72.71149, 19.09552]}, "properties": {"nom": "Eglise de Dieu de la Sainte Bible", "famille": "chretien", "religion_osm": "christian", "denomination_osm": "protestant", "pcode_commune": "HT0531", "commune": ""}}, {"type": "Feature", "geometry": {"type": "Point", "coordinates": [-72.31677, 18.90768]}, "properties": {"nom": "Eglise Evangelique Elie Jeune De Lachapelle", "famille": "chretien", "religion_osm": "christian", "denomination_osm": "protestant", "pcode_commune": "HT0533", "commune": ""}}, {"type": "Feature", "geometry": {"type": "Point", "coordinates": [-72.20701, 18.81543]}, "properties": {"nom": "Eglise Adventist 7 Jour", "famille": "chretien", "religion_osm": "christian", "denomination_osm": "", "pcode_commune": "HT0622", "commune": ""}}, {"type": "Feature", "geometry": {"type": "Point", "coordinates": [-72.31188, 18.90946]}, "properties": {"nom": "Ministère de la prophétie", "famille": "chretien", "religion_osm": "christian", "denomination_osm": "protestant", "pcode_commune": "HT0533", "commune": ""}}, {"type": "Feature", "geometry": {"type": "Point", "coordinates": [-72.29935, 18.90132]}, "properties": {"nom": "Eglise de Dieu", "famille": "chretien", "religion_osm": "christian", "denomination_osm": "evangelical", "pcode_commune": "HT0533", "commune": ""}}, {"type": "Feature", "geometry": {"type": "Point", "coordinates": [-72.30078, 18.8972]}, "properties": {"nom": "Selami", "famille": "vodou", "religion_osm": "voodoo", "denomination_osm": "", "pcode_commune": "HT0533", "commune": ""}}, {"type": "Feature", "geometry": {"type": "Point", "coordinates": [-72.29885, 18.90347]}, "properties": {"nom": "Malouk", "famille": "vodou", "religion_osm": "voodoo", "denomination_osm": "", "pcode_commune": "HT0533", "commune": ""}}, {"type": "Feature", "geometry": {"type": "Point", "coordinates": [-72.30368, 18.90772]}, "properties": {"nom": "Belotes", "famille": "vodou", "religion_osm": "voodoo", "denomination_osm": "", "pcode_commune": "HT0533", "commune": ""}}, {"type": "Feature", "geometry": {"type": "Point", "coordinates": [-72.31351, 18.91124]}, "properties": {"nom": "Eglise Baptiste Peniel", "famille": "chretien", "religion_osm": "christian", "denomination_osm": "protestant", "pcode_commune": "HT0533", "commune": ""}}, {"type": "Feature", "geometry": {"type": "Point", "coordinates": [-72.30853, 18.9134]}, "properties": {"nom": "Caye Etienne", "famille": "vodou", "religion_osm": "voodoo", "denomination_osm": "", "pcode_commune": "HT0533", "commune": ""}}, {"type": "Feature", "geometry": {"type": "Point", "coordinates": [-72.31019, 18.91273]}, "properties": {"nom": "Eglise Foi Chritenne", "famille": "chretien", "religion_osm": "christian", "denomination_osm": "", "pcode_commune": "HT0533", "commune": ""}}, {"type": "Feature", "geometry": {"type": "Point", "coordinates": [-72.31699, 18.91557]}, "properties": {"nom": "Vodoo Temple", "famille": "chretien", "religion_osm": "christian", "denomination_osm": "quaker", "pcode_commune": "HT0533", "commune": ""}}, {"type": "Feature", "geometry": {"type": "Point", "coordinates": [-72.71014, 19.09691]}, "properties": {"nom": "Assemblee Evangelique Pentecotiste de Saint-Marc", "famille": "chretien", "religion_osm": "christian", "denomination_osm": "pentecostal", "pcode_commune": "HT0531", "commune": ""}}, {"type": "Feature", "geometry": {"type": "Point", "coordinates": [-72.29914, 18.9036]}, "properties": {"nom": "Vodoo Temple", "famille": "chretien", "religion_osm": "christian", "denomination_osm": "quaker", "pcode_commune": "HT0533", "commune": ""}}, {"type": "Feature", "geometry": {"type": "Point", "coordinates": [-72.21827, 18.80904]}, "properties": {"nom": "Madan Pit", "famille": "vodou", "religion_osm": "voodoo", "denomination_osm": "", "pcode_commune": "HT0622", "commune": ""}}, {"type": "Feature", "geometry": {"type": "Point", "coordinates": [-72.21821, 18.81236]}, "properties": {"nom": "Dieudino", "famille": "vodou", "religion_osm": "voodoo", "denomination_osm": "", "pcode_commune": "HT0622", "commune": ""}}, {"type": "Feature", "geometry": {"type": "Point", "coordinates": [-72.22656, 18.80838]}, "properties": {"nom": "Kay Joel", "famille": "vodou", "religion_osm": "voodoo", "denomination_osm": "", "pcode_commune": "HT0622", "commune": ""}}, {"type": "Feature", "geometry": {"type": "Point", "coordinates": [-72.2166, 18.82278]}, "properties": {"nom": "Eglise Bethel Assemblée Chretienne", "famille": "chretien", "religion_osm": "christian", "denomination_osm": "protestant", "pcode_commune": "HT0622", "commune": ""}}, {"type": "Feature", "geometry": {"type": "Point", "coordinates": [-72.18234, 18.80808]}, "properties": {"nom": "Eglise Baptiste", "famille": "chretien", "religion_osm": "christian", "denomination_osm": "baptist", "pcode_commune": "HT0622", "commune": ""}}, {"type": "Feature", "geometry": {"type": "Point", "coordinates": [-72.21043, 18.82106]}, "properties": {"nom": "Eglise Chretienne Par La Foi", "famille": "chretien", "religion_osm": "christian", "denomination_osm": "protestant", "pcode_commune": "HT0622", "commune": ""}}, {"type": "Feature", "geometry": {"type": "Point", "coordinates": [-72.17853, 18.80668]}, "properties": {"nom": "Kay raynold", "famille": "vodou", "religion_osm": "voodoo", "denomination_osm": "", "pcode_commune": "HT0622", "commune": ""}}, {"type": "Feature", "geometry": {"type": "Point", "coordinates": [-72.20993, 18.82033]}, "properties": {"nom": "Mission Evangélique Par La Foi", "famille": "chretien", "religion_osm": "christian", "denomination_osm": "protestant", "pcode_commune": "HT0622", "commune": ""}}, {"type": "Feature", "geometry": {"type": "Point", "coordinates": [-72.20953, 18.82031]}, "properties": {"nom": "Mission Evangélique Par La Foi", "famille": "chretien", "religion_osm": "christian", "denomination_osm": "protestant", "pcode_commune": "HT0622", "commune": ""}}, {"type": "Feature", "geometry": {"type": "Point", "coordinates": [-72.3115, 18.91073]}, "properties": {"nom": "Eglise Catholioc de La Chapelle", "famille": "chretien", "religion_osm": "christian", "denomination_osm": "catholic", "pcode_commune": "HT0533", "commune": ""}}, {"type": "Feature", "geometry": {"type": "Point", "coordinates": [-72.3125, 18.9114]}, "properties": {"nom": "Église Confiance de La Chapelle", "famille": "chretien", "religion_osm": "christian", "denomination_osm": "", "pcode_commune": "HT0533", "commune": ""}}, {"type": "Feature", "geometry": {"type": "Point", "coordinates": [-72.71278, 19.09443]}, "properties": {"nom": "Eglise Centre Chretien Christ-Roi", "famille": "chretien", "religion_osm": "christian", "denomination_osm": "protestant", "pcode_commune": "HT0531", "commune": ""}}, {"type": "Feature", "geometry": {"type": "Point", "coordinates": [-72.71165, 19.09049]}, "properties": {"nom": "Eglise Of the Open Bible", "famille": "chretien", "religion_osm": "christian", "denomination_osm": "protestant", "pcode_commune": "HT0531", "commune": ""}}, {"type": "Feature", "geometry": {"type": "Point", "coordinates": [-72.69926, 19.10414]}, "properties": {"nom": "Eglise Evangelique du Christ", "famille": "chretien", "religion_osm": "christian", "denomination_osm": "protestant", "pcode_commune": "HT0531", "commune": ""}}, {"type": "Feature", "geometry": {"type": "Point", "coordinates": [-72.60422, 19.0645]}, "properties": {"nom": "Eglise Bethel de Gilbert(4e section Saint-Marc)", "famille": "chretien", "religion_osm": "christian", "denomination_osm": "protestant", "pcode_commune": "HT0531", "commune": ""}}, {"type": "Feature", "geometry": {"type": "Point", "coordinates": [-73.54721, 18.2618]}, "properties": {"nom": "Eglise Adventist", "famille": "chretien", "religion_osm": "christian", "denomination_osm": "evangelical", "pcode_commune": "HT0732", "commune": ""}}, {"type": "Feature", "geometry": {"type": "Point", "coordinates": [-73.54567, 18.2614]}, "properties": {"nom": "Église de Dieu de la Pentecôte", "famille": "chretien", "religion_osm": "christian", "denomination_osm": "", "pcode_commune": "HT0732", "commune": ""}}, {"type": "Feature", "geometry": {"type": "Point", "coordinates": [-73.54539, 18.26309]}, "properties": {"nom": "Cathédrale de Saint Louis du Sud", "famille": "chretien", "religion_osm": "christian", "denomination_osm": "catholic", "pcode_commune": "HT0732", "commune": ""}}, {"type": "Feature", "geometry": {"type": "Point", "coordinates": [-72.69968, 19.11715]}, "properties": {"nom": "M & D Shop Soudure", "famille": "non_renseigne", "religion_osm": "", "denomination_osm": "", "pcode_commune": "HT0531", "commune": ""}}, {"type": "Feature", "geometry": {"type": "Point", "coordinates": [-72.69945, 19.11891]}, "properties": {"nom": "Eglise Assemblée du Flambeau", "famille": "chretien", "religion_osm": "christian", "denomination_osm": "pentecostal", "pcode_commune": "HT0531", "commune": ""}}, {"type": "Feature", "geometry": {"type": "Point", "coordinates": [-72.70777, 18.94965]}, "properties": {"nom": "Eglise Pentecostale", "famille": "chretien", "religion_osm": "christian", "denomination_osm": "protestant", "pcode_commune": "HT0531", "commune": ""}}, {"type": "Feature", "geometry": {"type": "Point", "coordinates": [-72.71893, 18.96106]}, "properties": {"nom": "Eglise de la Grande Commussion", "famille": "chretien", "religion_osm": "christian", "denomination_osm": "protestant", "pcode_commune": "HT0531", "commune": ""}}, {"type": "Feature", "geometry": {"type": "Point", "coordinates": [-72.73357, 18.98161]}, "properties": {"nom": "Eglise Mission Possible de Lanzac", "famille": "chretien", "religion_osm": "christian", "denomination_osm": "protestant", "pcode_commune": "HT0531", "commune": ""}}, {"type": "Feature", "geometry": {"type": "Point", "coordinates": [-72.73087, 18.97874]}, "properties": {"nom": "Eglise Nazaréen de Lanzac", "famille": "chretien", "religion_osm": "christian", "denomination_osm": "protestant", "pcode_commune": "HT0531", "commune": ""}}, {"type": "Feature", "geometry": {"type": "Point", "coordinates": [-72.7291, 18.97621]}, "properties": {"nom": "Eglise Mon Ebo de Délugé", "famille": "chretien", "religion_osm": "christian", "denomination_osm": "protestant", "pcode_commune": "HT0531", "commune": ""}}, {"type": "Feature", "geometry": {"type": "Point", "coordinates": [-72.69296, 19.11645]}, "properties": {"nom": "Chapelle Catholique", "famille": "chretien", "religion_osm": "christian", "denomination_osm": "catholic", "pcode_commune": "HT0531", "commune": ""}}, {"type": "Feature", "geometry": {"type": "Point", "coordinates": [-72.71055, 19.098]}, "properties": {"nom": "Chapelle la Mer Cassee", "famille": "chretien", "religion_osm": "christian", "denomination_osm": "catholic", "pcode_commune": "HT0531", "commune": ""}}, {"type": "Feature", "geometry": {"type": "Point", "coordinates": [-72.69598, 19.1144]}, "properties": {"nom": "Eglise Pentecostale Unie", "famille": "chretien", "religion_osm": "christian", "denomination_osm": "pentecostal", "pcode_commune": "HT0531", "commune": ""}}, {"type": "Feature", "geometry": {"type": "Point", "coordinates": [-72.71631, 19.09291]}, "properties": {"nom": "Eglise de Dieu Assemblee des Saints", "famille": "chretien", "religion_osm": "christian", "denomination_osm": "protestant", "pcode_commune": "HT0531", "commune": ""}}, {"type": "Feature", "geometry": {"type": "Point", "coordinates": [-72.10061, 18.83292]}, "properties": {"nom": "Eglise Evangelique Indigene de Marebalais", "famille": "chretien", "religion_osm": "christian", "denomination_osm": "evangelical", "pcode_commune": "HT0621", "commune": ""}}, {"type": "Feature", "geometry": {"type": "Point", "coordinates": [-72.69605, 19.11461]}, "properties": {"nom": "Eglise Aventiste du 7e jur Morija", "famille": "chretien", "religion_osm": "christian", "denomination_osm": "seventh_day_adventist", "pcode_commune": "HT0531", "commune": ""}}, {"type": "Feature", "geometry": {"type": "Point", "coordinates": [-72.09959, 18.83266]}, "properties": {"nom": "Eglise de dieu Freres", "famille": "chretien", "religion_osm": "christian", "denomination_osm": "", "pcode_commune": "HT0621", "commune": ""}}, {"type": "Feature", "geometry": {"type": "Point", "coordinates": [-72.71044, 19.095]}, "properties": {"nom": "Eglise Assemblee de Dieu", "famille": "chretien", "religion_osm": "christian", "denomination_osm": "protestant", "pcode_commune": "HT0531", "commune": ""}}, {"type": "Feature", "geometry": {"type": "Point", "coordinates": [-72.10386, 18.83079]}, "properties": {"nom": "Bethleham Advantist", "famille": "chretien", "religion_osm": "christian", "denomination_osm": "", "pcode_commune": "HT0621", "commune": ""}}, {"type": "Feature", "geometry": {"type": "Point", "coordinates": [-72.1047, 18.83159]}, "properties": {"nom": "Eglise de Dieu Bethel D'Haiti", "famille": "chretien", "religion_osm": "christian", "denomination_osm": "", "pcode_commune": "HT0621", "commune": ""}}, {"type": "Feature", "geometry": {"type": "Point", "coordinates": [-72.10507, 18.82771]}, "properties": {"nom": "Inofwa Posholi", "famille": "chretien", "religion_osm": "christian", "denomination_osm": "", "pcode_commune": "HT0621", "commune": ""}}, {"type": "Feature", "geometry": {"type": "Point", "coordinates": [-72.6951, 19.11641]}, "properties": {"nom": "Eglise Armee Du Salut", "famille": "chretien", "religion_osm": "christian", "denomination_osm": "protestant", "pcode_commune": "HT0531", "commune": ""}}, {"type": "Feature", "geometry": {"type": "Point", "coordinates": [-72.7001, 19.11653]}, "properties": {"nom": "Eglise", "famille": "chretien", "religion_osm": "christian", "denomination_osm": "pentecostal", "pcode_commune": "HT0531", "commune": ""}}, {"type": "Feature", "geometry": {"type": "Point", "coordinates": [-72.48033, 19.12115]}, "properties": {"nom": "Egise de Dieu de la Prophetie", "famille": "chretien", "religion_osm": "christian", "denomination_osm": "baptist", "pcode_commune": "HT0542", "commune": ""}}, {"type": "Feature", "geometry": {"type": "Point", "coordinates": [-72.68955, 18.99175]}, "properties": {"nom": "Catholique", "famille": "chretien", "religion_osm": "christian", "denomination_osm": "catholic", "pcode_commune": "HT0531", "commune": ""}}, {"type": "Feature", "geometry": {"type": "Point", "coordinates": [-72.69027, 18.99217]}, "properties": {"nom": "Eglise de Dieu de Piatre", "famille": "chretien", "religion_osm": "christian", "denomination_osm": "protestant", "pcode_commune": "HT0531", "commune": ""}}, {"type": "Feature", "geometry": {"type": "Point", "coordinates": [-72.69408, 19.11272]}, "properties": {"nom": "Eglise de Dieu Horreb", "famille": "chretien", "religion_osm": "christian", "denomination_osm": "protestant", "pcode_commune": "HT0531", "commune": ""}}, {"type": "Feature", "geometry": {"type": "Point", "coordinates": [-72.16636, 18.93936]}, "properties": {"nom": "Eglise De Dieu De Shimaru", "famille": "chretien", "religion_osm": "christian", "denomination_osm": "", "pcode_commune": "HT0623", "commune": ""}}, {"type": "Feature", "geometry": {"type": "Point", "coordinates": [-72.17172, 18.93982]}, "properties": {"nom": "Bosu Demin", "famille": "vodou", "religion_osm": "voodoo", "denomination_osm": "", "pcode_commune": "HT0623", "commune": ""}}, {"type": "Feature", "geometry": {"type": "Point", "coordinates": [-72.17213, 18.94057]}, "properties": {"nom": "Eglise Paster Tine", "famille": "chretien", "religion_osm": "christian", "denomination_osm": "", "pcode_commune": "HT0623", "commune": ""}}, {"type": "Feature", "geometry": {"type": "Point", "coordinates": [-72.71688, 18.95838]}, "properties": {"nom": "Le Corps de Christ", "famille": "chretien", "religion_osm": "christian", "denomination_osm": "protestant", "pcode_commune": "HT0531", "commune": ""}}, {"type": "Feature", "geometry": {"type": "Point", "coordinates": [-72.69263, 18.99397]}, "properties": {"nom": "Eglise Fontain du Salut de Piatre", "famille": "chretien", "religion_osm": "christian", "denomination_osm": "baptist", "pcode_commune": "HT0531", "commune": ""}}, {"type": "Feature", "geometry": {"type": "Point", "coordinates": [-72.1814, 18.95107]}, "properties": {"nom": "Eglis Nazarene", "famille": "chretien", "religion_osm": "christian", "denomination_osm": "", "pcode_commune": "HT0623", "commune": ""}}, {"type": "Feature", "geometry": {"type": "Point", "coordinates": [-72.17439, 18.94674]}, "properties": {"nom": "Eglise De Dieu De Jean Jac", "famille": "chretien", "religion_osm": "christian", "denomination_osm": "", "pcode_commune": "HT0623", "commune": ""}}, {"type": "Feature", "geometry": {"type": "Point", "coordinates": [-72.69414, 18.9943]}, "properties": {"nom": "Gaspard", "famille": "vodou", "religion_osm": "voodoo", "denomination_osm": "others", "pcode_commune": "HT0531", "commune": ""}}, {"type": "Feature", "geometry": {"type": "Point", "coordinates": [-72.72253, 19.09076]}, "properties": {"nom": "Eglise Conservatrice", "famille": "chretien", "religion_osm": "christian", "denomination_osm": "protestant", "pcode_commune": "HT0531", "commune": ""}}, {"type": "Feature", "geometry": {"type": "Point", "coordinates": [-72.69493, 18.99562]}, "properties": {"nom": "Eglise du Christ de Piatre", "famille": "chretien", "religion_osm": "christian", "denomination_osm": "protestant", "pcode_commune": "HT0531", "commune": ""}}, {"type": "Feature", "geometry": {"type": "Point", "coordinates": [-72.51374, 18.76935]}, "properties": {"nom": "Living Word Ministeries", "famille": "chretien", "religion_osm": "christian", "denomination_osm": "protestant", "pcode_commune": "HT0141", "commune": ""}}, {"type": "Feature", "geometry": {"type": "Point", "coordinates": [-72.69315, 19.10996]}, "properties": {"nom": "Eglise en Attente de la Sainteté", "famille": "chretien", "religion_osm": "christian", "denomination_osm": "protestant", "pcode_commune": "HT0531", "commune": ""}}, {"type": "Feature", "geometry": {"type": "Point", "coordinates": [-72.71857, 18.95849]}, "properties": {"nom": "L'Eglise Mission Possible", "famille": "chretien", "religion_osm": "christian", "denomination_osm": "protestant", "pcode_commune": "HT0531", "commune": ""}}, {"type": "Feature", "geometry": {"type": "Point", "coordinates": [-72.51364, 18.77044]}, "properties": {"nom": "Eglise Armée Du Salut", "famille": "chretien", "religion_osm": "christian", "denomination_osm": "protestant", "pcode_commune": "HT0141", "commune": ""}}, {"type": "Feature", "geometry": {"type": "Point", "coordinates": [-72.51365, 18.77209]}, "properties": {"nom": "Eglise Evangelique De Haiti", "famille": "chretien", "religion_osm": "christian", "denomination_osm": "evangelical", "pcode_commune": "HT0141", "commune": ""}}, {"type": "Feature", "geometry": {"type": "Point", "coordinates": [-72.51413, 18.77189]}, "properties": {"nom": "Salle De Rouyeone Jehova", "famille": "chretien", "religion_osm": "christian", "denomination_osm": "jehovahs_witness", "pcode_commune": "HT0141", "commune": ""}}, {"type": "Feature", "geometry": {"type": "Point", "coordinates": [-72.51285, 18.77155]}, "properties": {"nom": "Assembly Jesus Chrit Bon Berger", "famille": "chretien", "religion_osm": "christian", "denomination_osm": "", "pcode_commune": "HT0141", "commune": ""}}, {"type": "Feature", "geometry": {"type": "Point", "coordinates": [-72.51249, 18.77094]}, "properties": {"nom": "Cathédrtale de l'arcahaie", "famille": "chretien", "religion_osm": "christian", "denomination_osm": "catholic", "pcode_commune": "HT0141", "commune": ""}}, {"type": "Feature", "geometry": {"type": "Point", "coordinates": [-72.51095, 18.76897]}, "properties": {"nom": "Eglise Du Nazareen", "famille": "chretien", "religion_osm": "christian", "denomination_osm": "evangelical", "pcode_commune": "HT0141", "commune": ""}}, {"type": "Feature", "geometry": {"type": "Point", "coordinates": [-72.50581, 18.77009]}, "properties": {"nom": "Dantor", "famille": "vodou", "religion_osm": "voodoo", "denomination_osm": "", "pcode_commune": "HT0141", "commune": ""}}, {"type": "Feature", "geometry": {"type": "Point", "coordinates": [-72.51656, 18.78327]}, "properties": {"nom": "Eglise De Dieu", "famille": "chretien", "religion_osm": "christian", "denomination_osm": "protestant", "pcode_commune": "HT0141", "commune": ""}}, {"type": "Feature", "geometry": {"type": "Point", "coordinates": [-72.72168, 19.09034]}, "properties": {"nom": "Eglise Adventiste du 7eme jour", "famille": "chretien", "religion_osm": "christian", "denomination_osm": "seventh_day_adventist", "pcode_commune": "HT0531", "commune": ""}}, {"type": "Feature", "geometry": {"type": "Point", "coordinates": [-72.50304, 18.77223]}, "properties": {"nom": "Eglise Baptiste De Courjolles", "famille": "chretien", "religion_osm": "christian", "denomination_osm": "baptist", "pcode_commune": "HT0141", "commune": ""}}, {"type": "Feature", "geometry": {"type": "Point", "coordinates": [-72.50377, 18.7719]}, "properties": {"nom": "Lakou Limba", "famille": "vodou", "religion_osm": "voodoo", "denomination_osm": "", "pcode_commune": "HT0141", "commune": ""}}, {"type": "Feature", "geometry": {"type": "Point", "coordinates": [-72.51754, 18.77509]}, "properties": {"nom": "Temple Adventiste Salem", "famille": "chretien", "religion_osm": "christian", "denomination_osm": "protestant", "pcode_commune": "HT0141", "commune": ""}}, {"type": "Feature", "geometry": {"type": "Point", "coordinates": [-72.51732, 18.77732]}, "properties": {"nom": "Eglise Eben Ezer", "famille": "chretien", "religion_osm": "christian", "denomination_osm": "evangelical", "pcode_commune": "HT0141", "commune": ""}}, {"type": "Feature", "geometry": {"type": "Point", "coordinates": [-72.50678, 18.77413]}, "properties": {"nom": "Eglise Eve Foi Des Apotles", "famille": "chretien", "religion_osm": "christian", "denomination_osm": "", "pcode_commune": "HT0141", "commune": ""}}, {"type": "Feature", "geometry": {"type": "Point", "coordinates": [-72.51749, 18.7955]}, "properties": {"nom": "11 Laco # 78", "famille": "vodou", "religion_osm": "voodoo", "denomination_osm": "", "pcode_commune": "HT0141", "commune": ""}}, {"type": "Feature", "geometry": {"type": "Point", "coordinates": [-72.51605, 18.77391]}, "properties": {"nom": "Eglise Primitive de L'Arcahaie", "famille": "chretien", "religion_osm": "christian", "denomination_osm": "evangelical", "pcode_commune": "HT0141", "commune": ""}}, {"type": "Feature", "geometry": {"type": "Point", "coordinates": [-72.51605, 18.79746]}, "properties": {"nom": "Climaitive", "famille": "chretien", "religion_osm": "christian", "denomination_osm": "", "pcode_commune": "HT0141", "commune": ""}}, {"type": "Feature", "geometry": {"type": "Point", "coordinates": [-72.51561, 18.77281]}, "properties": {"nom": "Eglise de Dieu De La Prophetie", "famille": "chretien", "religion_osm": "christian", "denomination_osm": "evangelical", "pcode_commune": "HT0141", "commune": ""}}, {"type": "Feature", "geometry": {"type": "Point", "coordinates": [-72.52331, 18.83112]}, "properties": {"nom": "Eglise De Jesus Crhist", "famille": "chretien", "religion_osm": "christian", "denomination_osm": "protestant", "pcode_commune": "HT0141", "commune": ""}}, {"type": "Feature", "geometry": {"type": "Point", "coordinates": [-72.51448, 18.77222]}, "properties": {"nom": "Eglise Evangelique Baptiste Bethsaida", "famille": "chretien", "religion_osm": "christian", "denomination_osm": "baptist", "pcode_commune": "HT0141", "commune": ""}}, {"type": "Feature", "geometry": {"type": "Point", "coordinates": [-72.52054, 18.83984]}, "properties": {"nom": "Eglise Mission Evangélique Lifeline", "famille": "chretien", "religion_osm": "christian", "denomination_osm": "catholic", "pcode_commune": "HT0141", "commune": ""}}, {"type": "Feature", "geometry": {"type": "Point", "coordinates": [-72.52166, 18.84162]}, "properties": {"nom": "Vodoo Temple", "famille": "chretien", "religion_osm": "christian", "denomination_osm": "quaker", "pcode_commune": "HT0141", "commune": ""}}, {"type": "Feature", "geometry": {"type": "Point", "coordinates": [-72.52124, 18.84184]}, "properties": {"nom": "Eglise Tabernacle", "famille": "chretien", "religion_osm": "christian", "denomination_osm": "protestant", "pcode_commune": "HT0141", "commune": ""}}, {"type": "Feature", "geometry": {"type": "Point", "coordinates": [-72.51555, 18.79179]}, "properties": {"nom": "Egise De Jesus Christ", "famille": "chretien", "religion_osm": "christian", "denomination_osm": "", "pcode_commune": "HT0141", "commune": ""}}, {"type": "Feature", "geometry": {"type": "Point", "coordinates": [-72.54017, 18.79563]}, "properties": {"nom": "Eglise Baptiste Eben Ezer", "famille": "chretien", "religion_osm": "christian", "denomination_osm": "protestant", "pcode_commune": "HT0141", "commune": ""}}, {"type": "Feature", "geometry": {"type": "Point", "coordinates": [-72.51342, 18.79234]}, "properties": {"nom": "PM Habtz Deroiseres", "famille": "vodou", "religion_osm": "voodoo", "denomination_osm": "", "pcode_commune": "HT0141", "commune": ""}}, {"type": "Feature", "geometry": {"type": "Point", "coordinates": [-72.53449, 18.78837]}, "properties": {"nom": "Christ the king evangelical lutherian church", "famille": "chretien", "religion_osm": "christian", "denomination_osm": "protestant", "pcode_commune": "HT0141", "commune": ""}}, {"type": "Feature", "geometry": {"type": "Point", "coordinates": [-72.51485, 18.79452]}, "properties": {"nom": "Eglise Evangelique", "famille": "chretien", "religion_osm": "christian", "denomination_osm": "evangelical", "pcode_commune": "HT0141", "commune": ""}}, {"type": "Feature", "geometry": {"type": "Point", "coordinates": [-72.51481, 18.79245]}, "properties": {"nom": "Labelle Lily Piestill", "famille": "vodou", "religion_osm": "voodoo", "denomination_osm": "", "pcode_commune": "HT0141", "commune": ""}}, {"type": "Feature", "geometry": {"type": "Point", "coordinates": [-72.50922, 18.80698]}, "properties": {"nom": "lakou Louizema", "famille": "vodou", "religion_osm": "voodoo", "denomination_osm": "", "pcode_commune": "HT0141", "commune": ""}}, {"type": "Feature", "geometry": {"type": "Point", "coordinates": [-72.50782, 18.80825]}, "properties": {"nom": "Eglise Evangelique de La Saintete", "famille": "chretien", "religion_osm": "christian", "denomination_osm": "catholic", "pcode_commune": "HT0141", "commune": ""}}, {"type": "Feature", "geometry": {"type": "Point", "coordinates": [-72.527, 18.78174]}, "properties": {"nom": "Eglise Centre Chretien De L'arcahaie", "famille": "chretien", "religion_osm": "christian", "denomination_osm": "protestant", "pcode_commune": "HT0141", "commune": ""}}, {"type": "Feature", "geometry": {"type": "Point", "coordinates": [-72.50261, 18.8097]}, "properties": {"nom": "Ehlise Nazareen Saintete A L'Eternel", "famille": "chretien", "religion_osm": "christian", "denomination_osm": "evangelical", "pcode_commune": "HT0141", "commune": ""}}, {"type": "Feature", "geometry": {"type": "Point", "coordinates": [-72.50106, 18.81035]}, "properties": {"nom": "Felisite", "famille": "vodou", "religion_osm": "voodoo", "denomination_osm": "", "pcode_commune": "HT0141", "commune": ""}}, {"type": "Feature", "geometry": {"type": "Point", "coordinates": [-72.50092, 18.81076]}, "properties": {"nom": "Eglise adventiste", "famille": "chretien", "religion_osm": "christian", "denomination_osm": "seventh_day_adventist", "pcode_commune": "HT0141", "commune": ""}}, {"type": "Feature", "geometry": {"type": "Point", "coordinates": [-72.68599, 19.09688]}, "properties": {"nom": "Eglise de Dieu de Shalom", "famille": "chretien", "religion_osm": "christian", "denomination_osm": "protestant", "pcode_commune": "HT0531", "commune": ""}}, {"type": "Feature", "geometry": {"type": "Point", "coordinates": [-72.57032, 18.83443]}, "properties": {"nom": "Eglise De Dieu La Prophétie", "famille": "chretien", "religion_osm": "christian", "denomination_osm": "protestant", "pcode_commune": "HT0141", "commune": ""}}, {"type": "Feature", "geometry": {"type": "Point", "coordinates": [-72.49507, 18.81875]}, "properties": {"nom": "Eglise Evangelique Baptiste De La Manne", "famille": "chretien", "religion_osm": "christian", "denomination_osm": "baptist", "pcode_commune": "HT0141", "commune": ""}}, {"type": "Feature", "geometry": {"type": "Point", "coordinates": [-72.49545, 18.81919]}, "properties": {"nom": "Eglise De Dieu La Prophetie", "famille": "chretien", "religion_osm": "christian", "denomination_osm": "evangelical", "pcode_commune": "HT0141", "commune": ""}}, {"type": "Feature", "geometry": {"type": "Point", "coordinates": [-72.69943, 19.11172]}, "properties": {"nom": "Dieu est Amour Eglise Pentecostale", "famille": "chretien", "religion_osm": "christian", "denomination_osm": "pentecostal", "pcode_commune": "HT0531", "commune": ""}}, {"type": "Feature", "geometry": {"type": "Point", "coordinates": [-72.53855, 18.81658]}, "properties": {"nom": "Eglise De Dieu Reformee", "famille": "chretien", "religion_osm": "christian", "denomination_osm": "evangelical", "pcode_commune": "HT0141", "commune": ""}}, {"type": "Feature", "geometry": {"type": "Point", "coordinates": [-72.54075, 18.79499]}, "properties": {"nom": "Eglise Adventiste de Corail", "famille": "chretien", "religion_osm": "christian", "denomination_osm": "seventh_day_adventist", "pcode_commune": "HT0141", "commune": ""}}, {"type": "Feature", "geometry": {"type": "Point", "coordinates": [-72.54045, 18.79323]}, "properties": {"nom": "Eglise de Dieu", "famille": "chretien", "religion_osm": "christian", "denomination_osm": "evangelical", "pcode_commune": "HT0141", "commune": ""}}, {"type": "Feature", "geometry": {"type": "Point", "coordinates": [-72.53893, 18.7907]}, "properties": {"nom": "4VEH De Mitan", "famille": "chretien", "religion_osm": "christian", "denomination_osm": "baptist", "pcode_commune": "HT0141", "commune": ""}}, {"type": "Feature", "geometry": {"type": "Point", "coordinates": [-72.53261, 18.7855]}, "properties": {"nom": "Rock Ministrie's", "famille": "chretien", "religion_osm": "christian", "denomination_osm": "evangelical", "pcode_commune": "HT0141", "commune": ""}}, {"type": "Feature", "geometry": {"type": "Point", "coordinates": [-72.52748, 18.7812]}, "properties": {"nom": "Lakou Atendez", "famille": "vodou", "religion_osm": "voodoo", "denomination_osm": "", "pcode_commune": "HT0141", "commune": ""}}, {"type": "Feature", "geometry": {"type": "Point", "coordinates": [-72.57237, 18.83536]}, "properties": {"nom": "Eglise Chretienne du calvaire", "famille": "chretien", "religion_osm": "christian", "denomination_osm": "evangelical", "pcode_commune": "HT0141", "commune": ""}}, {"type": "Feature", "geometry": {"type": "Point", "coordinates": [-72.57625, 18.8361]}, "properties": {"nom": "Eglise armee du salut", "famille": "chretien", "religion_osm": "christian", "denomination_osm": "evangelical", "pcode_commune": "HT0141", "commune": ""}}, {"type": "Feature", "geometry": {"type": "Point", "coordinates": [-72.57741, 18.8359]}, "properties": {"nom": "St Jacques Majeur", "famille": "vodou", "religion_osm": "voodoo", "denomination_osm": "", "pcode_commune": "HT0141", "commune": ""}}, {"type": "Feature", "geometry": {"type": "Point", "coordinates": [-73.74296, 18.19631]}, "properties": {"nom": "Eglise de Nazareth Des Cayes", "famille": "chretien", "religion_osm": "christian", "denomination_osm": "baptist", "pcode_commune": "HT0711", "commune": ""}}, {"type": "Feature", "geometry": {"type": "Point", "coordinates": [-73.74855, 18.1974]}, "properties": {"nom": "Eglise du sacré coeur", "famille": "chretien", "religion_osm": "christian", "denomination_osm": "catholic", "pcode_commune": "HT0711", "commune": ""}}, {"type": "Feature", "geometry": {"type": "Point", "coordinates": [-73.58477, 18.27998]}, "properties": {"nom": "Eglise Baptist cara prayer", "famille": "chretien", "religion_osm": "christian", "denomination_osm": "baptist", "pcode_commune": "HT0732", "commune": ""}}, {"type": "Feature", "geometry": {"type": "Point", "coordinates": [-73.5964, 18.2659]}, "properties": {"nom": "Eglise Bethanie de Solon", "famille": "chretien", "religion_osm": "christian", "denomination_osm": "evangelical", "pcode_commune": "HT0732", "commune": ""}}, {"type": "Feature", "geometry": {"type": "Point", "coordinates": [-72.62567, 19.11055]}, "properties": {"nom": "Eglise Baptiste de Grand-Fond", "famille": "chretien", "religion_osm": "christian", "denomination_osm": "baptist", "pcode_commune": "HT0531", "commune": ""}}, {"type": "Feature", "geometry": {"type": "Point", "coordinates": [-72.62477, 19.11155]}, "properties": {"nom": "Deravine", "famille": "vodou", "religion_osm": "voodoo", "denomination_osm": "", "pcode_commune": "HT0531", "commune": ""}}, {"type": "Feature", "geometry": {"type": "Point", "coordinates": [-72.6248, 19.11157]}, "properties": {"nom": "Deravine", "famille": "vodou", "religion_osm": "voodoo", "denomination_osm": "", "pcode_commune": "HT0531", "commune": ""}}, {"type": "Feature", "geometry": {"type": "Point", "coordinates": [-72.70844, 19.07796]}, "properties": {"nom": "Eglise Pentecostale saintete", "famille": "chretien", "religion_osm": "christian", "denomination_osm": "protestant", "pcode_commune": "HT0531", "commune": ""}}, {"type": "Feature", "geometry": {"type": "Point", "coordinates": [-73.7504, 18.19939]}, "properties": {"nom": "3eme Eglise Baptiste Cayes", "famille": "chretien", "religion_osm": "christian", "denomination_osm": "protestant", "pcode_commune": "HT0711", "commune": ""}}, {"type": "Feature", "geometry": {"type": "Point", "coordinates": [-72.72254, 19.07488]}, "properties": {"nom": "Eglise de Dieu de la Pentecote de Jeanton 2", "famille": "chretien", "religion_osm": "christian", "denomination_osm": "protestant", "pcode_commune": "HT0531", "commune": ""}}, {"type": "Feature", "geometry": {"type": "Point", "coordinates": [-72.71874, 19.07334]}, "properties": {"nom": "Ginen", "famille": "vodou", "religion_osm": "voodoo", "denomination_osm": "", "pcode_commune": "HT0531", "commune": ""}}, {"type": "Feature", "geometry": {"type": "Point", "coordinates": [-73.5935, 18.26671]}, "properties": {"nom": "Ki Ougan", "famille": "vodou", "religion_osm": "voodoo", "denomination_osm": "", "pcode_commune": "HT0732", "commune": ""}}, {"type": "Feature", "geometry": {"type": "Point", "coordinates": [-72.70523, 19.06563]}, "properties": {"nom": "Eglise Catholique", "famille": "chretien", "religion_osm": "christian", "denomination_osm": "catholic", "pcode_commune": "HT0531", "commune": ""}}, {"type": "Feature", "geometry": {"type": "Point", "coordinates": [-72.70703, 19.06697]}, "properties": {"nom": "Eglise Pentecostale", "famille": "chretien", "religion_osm": "christian", "denomination_osm": "protestant", "pcode_commune": "HT0531", "commune": ""}}, {"type": "Feature", "geometry": {"type": "Point", "coordinates": [-72.70778, 19.06696]}, "properties": {"nom": "Temple Vaudou", "famille": "vodou", "religion_osm": "voodoo", "denomination_osm": "", "pcode_commune": "HT0531", "commune": ""}}, {"type": "Feature", "geometry": {"type": "Point", "coordinates": [-72.7244, 19.07257]}, "properties": {"nom": "Tann sa vye", "famille": "vodou", "religion_osm": "voodoo", "denomination_osm": "", "pcode_commune": "HT0531", "commune": ""}}, {"type": "Feature", "geometry": {"type": "Point", "coordinates": [-72.69205, 19.08378]}, "properties": {"nom": "Eglise Methodiste de Banique", "famille": "chretien", "religion_osm": "christian", "denomination_osm": "protestant", "pcode_commune": "HT0531", "commune": ""}}, {"type": "Feature", "geometry": {"type": "Point", "coordinates": [-72.72032, 19.0481]}, "properties": {"nom": "Eglise de Dieu Mission Possible", "famille": "chretien", "religion_osm": "christian", "denomination_osm": "protestant", "pcode_commune": "HT0531", "commune": ""}}, {"type": "Feature", "geometry": {"type": "Point", "coordinates": [-72.71891, 19.04811]}, "properties": {"nom": "Eglise Baptiste Independante", "famille": "chretien", "religion_osm": "christian", "denomination_osm": "baptist", "pcode_commune": "HT0531", "commune": ""}}, {"type": "Feature", "geometry": {"type": "Point", "coordinates": [-72.71598, 19.04771]}, "properties": {"nom": "Eglise Evengelique des Amis", "famille": "chretien", "religion_osm": "christian", "denomination_osm": "protestant", "pcode_commune": "HT0531", "commune": ""}}, {"type": "Feature", "geometry": {"type": "Point", "coordinates": [-72.70748, 19.04313]}, "properties": {"nom": "Eglise vision pour Christ", "famille": "chretien", "religion_osm": "christian", "denomination_osm": "protestant", "pcode_commune": "HT0531", "commune": ""}}, {"type": "Feature", "geometry": {"type": "Point", "coordinates": [-72.69599, 19.09361]}, "properties": {"nom": "Eglise Zèl Dwat", "famille": "chretien", "religion_osm": "christian", "denomination_osm": "protestant", "pcode_commune": "HT0531", "commune": ""}}, {"type": "Feature", "geometry": {"type": "Point", "coordinates": [-72.69603, 19.09473]}, "properties": {"nom": "Eglise Fondement de Dieu", "famille": "chretien", "religion_osm": "christian", "denomination_osm": "protestant", "pcode_commune": "HT0531", "commune": ""}}, {"type": "Feature", "geometry": {"type": "Point", "coordinates": [-72.70164, 19.11039]}, "properties": {"nom": "Eglise Adventiste du 7eme jour", "famille": "chretien", "religion_osm": "christian", "denomination_osm": "seventh_day_adventist", "pcode_commune": "HT0531", "commune": ""}}, {"type": "Feature", "geometry": {"type": "Point", "coordinates": [-72.73471, 19.03977]}, "properties": {"nom": "Eglise Adventiste du 7eme Jour de Camp-Mary", "famille": "chretien", "religion_osm": "christian", "denomination_osm": "seventh_day_adventist", "pcode_commune": "HT0531", "commune": ""}}, {"type": "Feature", "geometry": {"type": "Point", "coordinates": [-72.73398, 19.04011]}, "properties": {"nom": "Eglise de Dieu Beraca", "famille": "chretien", "religion_osm": "christian", "denomination_osm": "protestant", "pcode_commune": "HT0531", "commune": ""}}, {"type": "Feature", "geometry": {"type": "Point", "coordinates": [-72.73406, 19.0472]}, "properties": {"nom": "Temple Vaudou", "famille": "vodou", "religion_osm": "voodoo", "denomination_osm": "", "pcode_commune": "HT0531", "commune": ""}}, {"type": "Feature", "geometry": {"type": "Point", "coordinates": [-72.73559, 19.049]}, "properties": {"nom": "Eglise Pentecotiste Maranatha de Perisse", "famille": "chretien", "religion_osm": "christian", "denomination_osm": "pentecostal", "pcode_commune": "HT0531", "commune": ""}}, {"type": "Feature", "geometry": {"type": "Point", "coordinates": [-72.73801, 19.03883]}, "properties": {"nom": "Martin Dorllus", "famille": "vodou", "religion_osm": "voodoo", "denomination_osm": "", "pcode_commune": "HT0531", "commune": ""}}, {"type": "Feature", "geometry": {"type": "Point", "coordinates": [-72.73589, 19.0527]}, "properties": {"nom": "Eglise Mission outreach Chretienne de Perisse", "famille": "chretien", "religion_osm": "christian", "denomination_osm": "protestant", "pcode_commune": "HT0531", "commune": ""}}, {"type": "Feature", "geometry": {"type": "Point", "coordinates": [-72.74547, 19.02078]}, "properties": {"nom": "Eglise Chretienne de Bois Neuf", "famille": "chretien", "religion_osm": "christian", "denomination_osm": "protestant", "pcode_commune": "HT0531", "commune": ""}}, {"type": "Feature", "geometry": {"type": "Point", "coordinates": [-72.73455, 19.05602]}, "properties": {"nom": "Eglise de Dieu Bethel de perisse", "famille": "chretien", "religion_osm": "christian", "denomination_osm": "protestant", "pcode_commune": "HT0531", "commune": ""}}, {"type": "Feature", "geometry": {"type": "Point", "coordinates": [-72.73915, 19.0283]}, "properties": {"nom": "Eglise de Dieu Temple de la Foi de Bois-neuf", "famille": "chretien", "religion_osm": "christian", "denomination_osm": "", "pcode_commune": "HT0531", "commune": ""}}, {"type": "Feature", "geometry": {"type": "Point", "coordinates": [-72.75512, 19.01302]}, "properties": {"nom": "Hotel de fatima", "famille": "chretien", "religion_osm": "christian", "denomination_osm": "catholic", "pcode_commune": "HT0531", "commune": ""}}, {"type": "Feature", "geometry": {"type": "Point", "coordinates": [-72.74441, 19.01558]}, "properties": {"nom": "Eglise Evangelique des Amis", "famille": "chretien", "religion_osm": "christian", "denomination_osm": "protestant", "pcode_commune": "HT0531", "commune": ""}}, {"type": "Feature", "geometry": {"type": "Point", "coordinates": [-72.73704, 19.03836]}, "properties": {"nom": "Eglise Chretienne de Camp-Mary", "famille": "chretien", "religion_osm": "christian", "denomination_osm": "protestant", "pcode_commune": "HT0531", "commune": ""}}, {"type": "Feature", "geometry": {"type": "Point", "coordinates": [-72.74006, 19.02656]}, "properties": {"nom": "Eglise Evangelique D'haiti de Bois Neuf", "famille": "chretien", "religion_osm": "christian", "denomination_osm": "protestant", "pcode_commune": "HT0531", "commune": ""}}, {"type": "Feature", "geometry": {"type": "Point", "coordinates": [-72.70174, 19.10795]}, "properties": {"nom": "Salle du Royaume des Temoins Jéhovah", "famille": "chretien", "religion_osm": "christian", "denomination_osm": "jehovahs_witness", "pcode_commune": "HT0531", "commune": ""}}, {"type": "Feature", "geometry": {"type": "Point", "coordinates": [-72.72104, 19.0155]}, "properties": {"nom": "Parousse", "famille": "chretien", "religion_osm": "christian", "denomination_osm": "catholic", "pcode_commune": "HT0531", "commune": ""}}, {"type": "Feature", "geometry": {"type": "Point", "coordinates": [-72.72091, 19.01552]}, "properties": {"nom": "Salles Paroissialles", "famille": "chretien", "religion_osm": "christian", "denomination_osm": "catholic", "pcode_commune": "HT0531", "commune": ""}}, {"type": "Feature", "geometry": {"type": "Point", "coordinates": [-73.2843, 18.32053]}, "properties": {"nom": "Eglise source de l'eau de vie de la sainteté", "famille": "chretien", "religion_osm": "christian", "denomination_osm": "protestant", "pcode_commune": "HT0731", "commune": ""}}, {"type": "Feature", "geometry": {"type": "Point", "coordinates": [-73.29612, 18.27824]}, "properties": {"nom": "Eglise Baptiste ( MEBSH)", "famille": "chretien", "religion_osm": "christian", "denomination_osm": "protestant", "pcode_commune": "HT0731", "commune": ""}}, {"type": "Feature", "geometry": {"type": "Point", "coordinates": [-72.70652, 18.95009]}, "properties": {"nom": "Eglise Baptiste Independante", "famille": "chretien", "religion_osm": "christian", "denomination_osm": "baptist", "pcode_commune": "HT0531", "commune": ""}}, {"type": "Feature", "geometry": {"type": "Point", "coordinates": [-73.28533, 18.31992]}, "properties": {"nom": "Temple De L'Eglise baptiste", "famille": "chretien", "religion_osm": "christian", "denomination_osm": "baptist", "pcode_commune": "HT0731", "commune": ""}}, {"type": "Feature", "geometry": {"type": "Point", "coordinates": [-73.32994, 18.26736]}, "properties": {"nom": "Eglise Adventiste", "famille": "chretien", "religion_osm": "christian", "denomination_osm": "protestant", "pcode_commune": "HT0731", "commune": ""}}, {"type": "Feature", "geometry": {"type": "Point", "coordinates": [-72.70778, 18.9494]}, "properties": {"nom": "Pente DE Costale", "famille": "chretien", "religion_osm": "christian", "denomination_osm": "pentecostal", "pcode_commune": "HT0531", "commune": ""}}, {"type": "Feature", "geometry": {"type": "Point", "coordinates": [-73.28276, 18.27838]}, "properties": {"nom": "Eglise Sainte Maguerite", "famille": "chretien", "religion_osm": "christian", "denomination_osm": "catholic", "pcode_commune": "HT0731", "commune": ""}}, {"type": "Feature", "geometry": {"type": "Point", "coordinates": [-73.37792, 18.31736]}, "properties": {"nom": "Eglise Sainte Hélène", "famille": "chretien", "religion_osm": "christian", "denomination_osm": "catholic", "pcode_commune": "HT0731", "commune": ""}}, {"type": "Feature", "geometry": {"type": "Point", "coordinates": [-73.27767, 18.23891]}, "properties": {"nom": "Eglise Evangelique Chretienne de la Pencote", "famille": "chretien", "religion_osm": "christian", "denomination_osm": "evangelical", "pcode_commune": "HT0731", "commune": ""}}, {"type": "Feature", "geometry": {"type": "Point", "coordinates": [-72.7075, 18.94962]}, "properties": {"nom": "Eglise", "famille": "chretien", "religion_osm": "christian", "denomination_osm": "protestant", "pcode_commune": "HT0531", "commune": ""}}, {"type": "Feature", "geometry": {"type": "Point", "coordinates": [-73.27625, 18.23196]}, "properties": {"nom": "Eglise De Dieu De Losandieu", "famille": "chretien", "religion_osm": "christian", "denomination_osm": "evangelical", "pcode_commune": "HT0731", "commune": ""}}, {"type": "Feature", "geometry": {"type": "Point", "coordinates": [-72.71129, 19.00948]}, "properties": {"nom": "Cimetière de Ducasso", "famille": "non_renseigne", "religion_osm": "", "denomination_osm": "", "pcode_commune": "HT0531", "commune": ""}}, {"type": "Feature", "geometry": {"type": "Point", "coordinates": [-72.71895, 19.01362]}, "properties": {"nom": "Cimetière de Dorzer", "famille": "non_renseigne", "religion_osm": "", "denomination_osm": "", "pcode_commune": "HT0531", "commune": ""}}, {"type": "Feature", "geometry": {"type": "Point", "coordinates": [-73.33121, 18.27375]}, "properties": {"nom": "Eglise Baptiste De Duverger", "famille": "chretien", "religion_osm": "christian", "denomination_osm": "baptist", "pcode_commune": "HT0731", "commune": ""}}, {"type": "Feature", "geometry": {"type": "Point", "coordinates": [-73.63674, 18.06995]}, "properties": {"nom": "Chapel Eglise St. Atwan", "famille": "chretien", "religion_osm": "christian", "denomination_osm": "", "pcode_commune": "HT0716", "commune": ""}}, {"type": "Feature", "geometry": {"type": "Point", "coordinates": [-73.64122, 18.06691]}, "properties": {"nom": "Eglise Caye Synal", "famille": "chretien", "religion_osm": "christian", "denomination_osm": "", "pcode_commune": "HT0716", "commune": ""}}, {"type": "Feature", "geometry": {"type": "Point", "coordinates": [-73.35939, 18.30252]}, "properties": {"nom": "Eglise De Dieu De La Prophetie", "famille": "chretien", "religion_osm": "christian", "denomination_osm": "evangelical", "pcode_commune": "HT0731", "commune": ""}}, {"type": "Feature", "geometry": {"type": "Point", "coordinates": [-73.18889, 18.36304]}, "properties": {"nom": "Église Saint Joseph", "famille": "chretien", "religion_osm": "christian", "denomination_osm": "catholic", "pcode_commune": "HT0731", "commune": ""}}, {"type": "Feature", "geometry": {"type": "Point", "coordinates": [-73.36292, 18.31653]}, "properties": {"nom": "Mission eglise Baptiste de Debas", "famille": "chretien", "religion_osm": "christian", "denomination_osm": "baptist", "pcode_commune": "HT0731", "commune": ""}}, {"type": "Feature", "geometry": {"type": "Point", "coordinates": [-72.7265, 19.01605]}, "properties": {"nom": "Dieuquiseul", "famille": "vodou", "religion_osm": "voodoo", "denomination_osm": "", "pcode_commune": "HT0531", "commune": ""}}, {"type": "Feature", "geometry": {"type": "Point", "coordinates": [-72.72637, 19.01716]}, "properties": {"nom": "Ginen", "famille": "vodou", "religion_osm": "voodoo", "denomination_osm": "others", "pcode_commune": "HT0531", "commune": ""}}, {"type": "Feature", "geometry": {"type": "Point", "coordinates": [-73.3775, 18.32022]}, "properties": {"nom": "Eglise Baptiste", "famille": "chretien", "religion_osm": "christian", "denomination_osm": "baptist", "pcode_commune": "HT0731", "commune": ""}}, {"type": "Feature", "geometry": {"type": "Point", "coordinates": [-73.37782, 18.3165]}, "properties": {"nom": "Eglise De Dieu De La saintete", "famille": "chretien", "religion_osm": "christian", "denomination_osm": "evangelical", "pcode_commune": "HT0731", "commune": ""}}, {"type": "Feature", "geometry": {"type": "Point", "coordinates": [-73.37676, 18.31429]}, "properties": {"nom": "Eglise Ministere Christ Ambassadeur", "famille": "chretien", "religion_osm": "christian", "denomination_osm": "evangelical", "pcode_commune": "HT0731", "commune": ""}}, {"type": "Feature", "geometry": {"type": "Point", "coordinates": [-72.72758, 19.01357]}, "properties": {"nom": "Chamoumoune", "famille": "vodou", "religion_osm": "voodoo", "denomination_osm": "", "pcode_commune": "HT0531", "commune": ""}}, {"type": "Feature", "geometry": {"type": "Point", "coordinates": [-72.72738, 19.0139]}, "properties": {"nom": "Eglise Baptiste de Mayard", "famille": "chretien", "religion_osm": "christian", "denomination_osm": "baptist", "pcode_commune": "HT0531", "commune": ""}}, {"type": "Feature", "geometry": {"type": "Point", "coordinates": [-73.1773, 18.34805]}, "properties": {"nom": "Eglise De Dieu  De La Prophétie De Gurand", "famille": "chretien", "religion_osm": "christian", "denomination_osm": "protestant", "pcode_commune": "HT0731", "commune": ""}}, {"type": "Feature", "geometry": {"type": "Point", "coordinates": [-73.62534, 18.06697]}, "properties": {"nom": "Eglise Bethanie De La Fortune", "famille": "chretien", "religion_osm": "christian", "denomination_osm": "evangelical", "pcode_commune": "HT0716", "commune": ""}}, {"type": "Feature", "geometry": {"type": "Point", "coordinates": [-73.66278, 18.06123]}, "properties": {"nom": "Vodoo Temple", "famille": "non_renseigne", "religion_osm": "", "denomination_osm": "", "pcode_commune": "HT0716", "commune": ""}}, {"type": "Feature", "geometry": {"type": "Point", "coordinates": [-73.60628, 18.07013]}, "properties": {"nom": "Eglise Bebsh De Bois Bouton", "famille": "chretien", "religion_osm": "christian", "denomination_osm": "", "pcode_commune": "HT0716", "commune": ""}}, {"type": "Feature", "geometry": {"type": "Point", "coordinates": [-73.67077, 18.06901]}, "properties": {"nom": "Eglise Lutherienne De Grand Plaine", "famille": "chretien", "religion_osm": "christian", "denomination_osm": "protestant", "pcode_commune": "HT0716", "commune": ""}}, {"type": "Feature", "geometry": {"type": "Point", "coordinates": [-72.71291, 18.98093]}, "properties": {"nom": "Eglise Nazareen Libre", "famille": "chretien", "religion_osm": "christian", "denomination_osm": "baptist", "pcode_commune": "HT0531", "commune": ""}}, {"type": "Feature", "geometry": {"type": "Point", "coordinates": [-73.61276, 18.07279]}, "properties": {"nom": "Eglise De Dieu Independant", "famille": "chretien", "religion_osm": "christian", "denomination_osm": "protestant", "pcode_commune": "HT0716", "commune": ""}}, {"type": "Feature", "geometry": {"type": "Point", "coordinates": [-72.70784, 18.97913]}, "properties": {"nom": "Joseph Dort", "famille": "vodou", "religion_osm": "voodoo", "denomination_osm": "", "pcode_commune": "HT0531", "commune": ""}}, {"type": "Feature", "geometry": {"type": "Point", "coordinates": [-73.65813, 18.08685]}, "properties": {"nom": "Eglise De Dieu Independant", "famille": "chretien", "religion_osm": "christian", "denomination_osm": "protestant", "pcode_commune": "HT0716", "commune": ""}}, {"type": "Feature", "geometry": {"type": "Point", "coordinates": [-72.70202, 19.10836]}, "properties": {"nom": "Eglise Famille Bethel Jehovah Shalom", "famille": "chretien", "religion_osm": "christian", "denomination_osm": "protestant", "pcode_commune": "HT0531", "commune": ""}}, {"type": "Feature", "geometry": {"type": "Point", "coordinates": [-73.7483, 18.19778]}, "properties": {"nom": "Eglise sacré coeur des Cayes", "famille": "chretien", "religion_osm": "christian", "denomination_osm": "catholic", "pcode_commune": "HT0711", "commune": ""}}, {"type": "Feature", "geometry": {"type": "Point", "coordinates": [-72.61321, 19.14725]}, "properties": {"nom": "Eglise Evangelique Maranatha", "famille": "chretien", "religion_osm": "christian", "denomination_osm": "protestant", "pcode_commune": "HT0531", "commune": ""}}, {"type": "Feature", "geometry": {"type": "Point", "coordinates": [-72.6139, 19.15308]}, "properties": {"nom": "Salle du Royaume des Temoins de Jehovah", "famille": "chretien", "religion_osm": "christian", "denomination_osm": "jehovahs_witness", "pcode_commune": "HT0531", "commune": ""}}, {"type": "Feature", "geometry": {"type": "Point", "coordinates": [-72.61765, 19.14675]}, "properties": {"nom": "Tabernacle de louange", "famille": "chretien", "religion_osm": "christian", "denomination_osm": "protestant", "pcode_commune": "HT0531", "commune": ""}}, {"type": "Feature", "geometry": {"type": "Point", "coordinates": [-72.61535, 19.14856]}, "properties": {"nom": "Eglise Baptiste Conservatrice", "famille": "chretien", "religion_osm": "christian", "denomination_osm": "baptist", "pcode_commune": "HT0531", "commune": ""}}, {"type": "Feature", "geometry": {"type": "Point", "coordinates": [-72.61621, 19.1489]}, "properties": {"nom": "Peristil", "famille": "vodou", "religion_osm": "voodoo", "denomination_osm": "", "pcode_commune": "HT0531", "commune": ""}}, {"type": "Feature", "geometry": {"type": "Point", "coordinates": [-72.62698, 19.17212]}, "properties": {"nom": "Eglise de Dieu de Bertrand", "famille": "chretien", "religion_osm": "christian", "denomination_osm": "protestant", "pcode_commune": "HT0531", "commune": ""}}, {"type": "Feature", "geometry": {"type": "Point", "coordinates": [-72.55105, 19.12599]}, "properties": {"nom": "Eglise Evangélique de Liancourt", "famille": "chretien", "religion_osm": "christian", "denomination_osm": "protestant", "pcode_commune": "HT0532", "commune": ""}}, {"type": "Feature", "geometry": {"type": "Point", "coordinates": [-72.62556, 19.18073]}, "properties": {"nom": "Eglise de Dieu le dernier message", "famille": "chretien", "religion_osm": "christian", "denomination_osm": "", "pcode_commune": "HT0531", "commune": ""}}, {"type": "Feature", "geometry": {"type": "Point", "coordinates": [-73.79294, 18.05463]}, "properties": {"nom": "Paroisse Saint-Antoine", "famille": "chretien", "religion_osm": "christian", "denomination_osm": "catholic", "pcode_commune": "HT0722", "commune": ""}}, {"type": "Feature", "geometry": {"type": "Point", "coordinates": [-73.85375, 18.1753]}, "properties": {"nom": "Fraternité de Beraud", "famille": "chretien", "religion_osm": "christian", "denomination_osm": "catholic", "pcode_commune": "HT0712", "commune": ""}}, {"type": "Feature", "geometry": {"type": "Point", "coordinates": [-73.88798, 18.56725]}, "properties": {"nom": "Fraternité Mont Alverne", "famille": "chretien", "religion_osm": "christian", "denomination_osm": "catholic", "pcode_commune": "HT0831", "commune": ""}}, {"type": "Feature", "geometry": {"type": "Point", "coordinates": [-72.62477, 19.18744]}, "properties": {"nom": "Eglise Evangelique des amis", "famille": "chretien", "religion_osm": "christian", "denomination_osm": "", "pcode_commune": "HT0531", "commune": ""}}, {"type": "Feature", "geometry": {"type": "Point", "coordinates": [-72.62479, 19.1938]}, "properties": {"nom": "Eglise de Dieu la Semence", "famille": "chretien", "religion_osm": "christian", "denomination_osm": "protestant", "pcode_commune": "HT0531", "commune": ""}}, {"type": "Feature", "geometry": {"type": "Point", "coordinates": [-73.34367, 18.29863]}, "properties": {"nom": "Eglise Saint Antoine", "famille": "chretien", "religion_osm": "christian", "denomination_osm": "catholic", "pcode_commune": "HT0731", "commune": ""}}, {"type": "Feature", "geometry": {"type": "Point", "coordinates": [-72.60586, 19.19348]}, "properties": {"nom": "Petit-Frere", "famille": "vodou", "religion_osm": "voodoo", "denomination_osm": "", "pcode_commune": "HT0531", "commune": ""}}, {"type": "Feature", "geometry": {"type": "Point", "coordinates": [-72.73432, 19.25309]}, "properties": {"nom": "Eglise Siloé", "famille": "chretien", "religion_osm": "christian", "denomination_osm": "pentecostal", "pcode_commune": "HT0531", "commune": ""}}, {"type": "Feature", "geometry": {"type": "Point", "coordinates": [-72.60908, 19.20288]}, "properties": {"nom": "Monnier", "famille": "vodou", "religion_osm": "voodoo", "denomination_osm": "others", "pcode_commune": "HT0531", "commune": ""}}, {"type": "Feature", "geometry": {"type": "Point", "coordinates": [-72.60921, 19.20308]}, "properties": {"nom": "Lubin Normil", "famille": "vodou", "religion_osm": "voodoo", "denomination_osm": "others", "pcode_commune": "HT0531", "commune": ""}}, {"type": "Feature", "geometry": {"type": "Point", "coordinates": [-72.60883, 19.20331]}, "properties": {"nom": "Eglise Baptiste Betanie", "famille": "chretien", "religion_osm": "christian", "denomination_osm": "baptist", "pcode_commune": "HT0531", "commune": ""}}, {"type": "Feature", "geometry": {"type": "Point", "coordinates": [-72.72915, 19.25027]}, "properties": {"nom": "Eglise de Dieu Desfourneaux", "famille": "chretien", "religion_osm": "christian", "denomination_osm": "protestant", "pcode_commune": "HT0531", "commune": ""}}, {"type": "Feature", "geometry": {"type": "Point", "coordinates": [-72.60683, 19.20253]}, "properties": {"nom": "Normil", "famille": "vodou", "religion_osm": "voodoo", "denomination_osm": "others", "pcode_commune": "HT0531", "commune": ""}}, {"type": "Feature", "geometry": {"type": "Point", "coordinates": [-72.69387, 19.24264]}, "properties": {"nom": "Ecole Baptiste Conservatrice de Lubin", "famille": "chretien", "religion_osm": "christian", "denomination_osm": "baptist", "pcode_commune": "HT0531", "commune": ""}}, {"type": "Feature", "geometry": {"type": "Point", "coordinates": [-72.67744, 19.24072]}, "properties": {"nom": "Eglise Catholique de Poirier", "famille": "chretien", "religion_osm": "christian", "denomination_osm": "catholic", "pcode_commune": "HT0531", "commune": ""}}, {"type": "Feature", "geometry": {"type": "Point", "coordinates": [-72.67364, 19.23847]}, "properties": {"nom": "Ecole Baptiste de Poirier", "famille": "chretien", "religion_osm": "christian", "denomination_osm": "baptist", "pcode_commune": "HT0531", "commune": ""}}, {"type": "Feature", "geometry": {"type": "Point", "coordinates": [-72.67197, 19.22751]}, "properties": {"nom": "Église Lutherienne de Ballagué", "famille": "chretien", "religion_osm": "christian", "denomination_osm": "pentecostal", "pcode_commune": "HT0531", "commune": ""}}, {"type": "Feature", "geometry": {"type": "Point", "coordinates": [-72.67205, 19.22347]}, "properties": {"nom": "Eglise", "famille": "chretien", "religion_osm": "christian", "denomination_osm": "pentecostal", "pcode_commune": "HT0531", "commune": ""}}, {"type": "Feature", "geometry": {"type": "Point", "coordinates": [-72.66472, 19.22089]}, "properties": {"nom": "Eglise Evangelique Baptiste Bon Berger", "famille": "chretien", "religion_osm": "christian", "denomination_osm": "baptist", "pcode_commune": "HT0531", "commune": ""}}, {"type": "Feature", "geometry": {"type": "Point", "coordinates": [-72.60995, 19.20481]}, "properties": {"nom": "Illes Joseph", "famille": "vodou", "religion_osm": "voodoo", "denomination_osm": "others", "pcode_commune": "HT0531", "commune": ""}}, {"type": "Feature", "geometry": {"type": "Point", "coordinates": [-72.61145, 19.20492]}, "properties": {"nom": "Illes Joseph", "famille": "vodou", "religion_osm": "voodoo", "denomination_osm": "others", "pcode_commune": "HT0531", "commune": ""}}, {"type": "Feature", "geometry": {"type": "Point", "coordinates": [-73.39445, 18.2776]}, "properties": {"nom": "Sal Wayom Temwen Jewova", "famille": "non_renseigne", "religion_osm": "", "denomination_osm": "", "pcode_commune": "HT0731", "commune": ""}}, {"type": "Feature", "geometry": {"type": "Point", "coordinates": [-72.61166, 19.2055]}, "properties": {"nom": "Eglise Pentecostale", "famille": "chretien", "religion_osm": "christian", "denomination_osm": "baptist", "pcode_commune": "HT0531", "commune": ""}}, {"type": "Feature", "geometry": {"type": "Point", "coordinates": [-72.6124, 19.20506]}, "properties": {"nom": "Olondieu Jules", "famille": "vodou", "religion_osm": "voodoo", "denomination_osm": "others", "pcode_commune": "HT0531", "commune": ""}}, {"type": "Feature", "geometry": {"type": "Point", "coordinates": [-72.61187, 19.20532]}, "properties": {"nom": "Cetine Pigeon", "famille": "vodou", "religion_osm": "voodoo", "denomination_osm": "others", "pcode_commune": "HT0531", "commune": ""}}, {"type": "Feature", "geometry": {"type": "Point", "coordinates": [-72.61117, 19.2048]}, "properties": {"nom": "Bernard", "famille": "vodou", "religion_osm": "voodoo", "denomination_osm": "others", "pcode_commune": "HT0531", "commune": ""}}, {"type": "Feature", "geometry": {"type": "Point", "coordinates": [-73.38876, 18.28465]}, "properties": {"nom": "Centre de Reunion de la mission Euang du Christmas D'Aquin", "famille": "non_renseigne", "religion_osm": "", "denomination_osm": "", "pcode_commune": "HT0731", "commune": ""}}, {"type": "Feature", "geometry": {"type": "Point", "coordinates": [-72.60989, 19.20461]}, "properties": {"nom": "Mme Edner Ulisse", "famille": "vodou", "religion_osm": "voodoo", "denomination_osm": "others", "pcode_commune": "HT0531", "commune": ""}}, {"type": "Feature", "geometry": {"type": "Point", "coordinates": [-72.60944, 19.20417]}, "properties": {"nom": "Geffrard Theodor", "famille": "vodou", "religion_osm": "voodoo", "denomination_osm": "others", "pcode_commune": "HT0531", "commune": ""}}, {"type": "Feature", "geometry": {"type": "Point", "coordinates": [-72.6094, 19.20393]}, "properties": {"nom": "Treuil Moise", "famille": "vodou", "religion_osm": "voodoo", "denomination_osm": "others", "pcode_commune": "HT0531", "commune": ""}}, {"type": "Feature", "geometry": {"type": "Point", "coordinates": [-73.67178, 18.09849]}, "properties": {"nom": "Eglise Methodiste de Soulette", "famille": "chretien", "religion_osm": "christian", "denomination_osm": "methodist", "pcode_commune": "HT0716", "commune": ""}}, {"type": "Feature", "geometry": {"type": "Point", "coordinates": [-72.67181, 19.14015]}, "properties": {"nom": "Eglise Méthodiste Libre", "famille": "chretien", "religion_osm": "christian", "denomination_osm": "protestant", "pcode_commune": "HT0531", "commune": ""}}, {"type": "Feature", "geometry": {"type": "Point", "coordinates": [-72.68607, 19.12788]}, "properties": {"nom": "Eglise Assemblee Evangelique Pentecotiste", "famille": "chretien", "religion_osm": "christian", "denomination_osm": "protestant", "pcode_commune": "HT0531", "commune": ""}}, {"type": "Feature", "geometry": {"type": "Point", "coordinates": [-72.67238, 19.13625]}, "properties": {"nom": "Eglise de Dieu Maranatha", "famille": "chretien", "religion_osm": "christian", "denomination_osm": "protestant", "pcode_commune": "HT0531", "commune": ""}}, {"type": "Feature", "geometry": {"type": "Point", "coordinates": [-72.67115, 19.13765]}, "properties": {"nom": "Temple du vaudou", "famille": "vodou", "religion_osm": "voodoo", "denomination_osm": "", "pcode_commune": "HT0531", "commune": ""}}, {"type": "Feature", "geometry": {"type": "Point", "coordinates": [-72.67977, 19.13219]}, "properties": {"nom": "Péristile", "famille": "vodou", "religion_osm": "voodoo", "denomination_osm": "others", "pcode_commune": "HT0531", "commune": ""}}, {"type": "Feature", "geometry": {"type": "Point", "coordinates": [-72.63246, 19.16648]}, "properties": {"nom": "Flober Sharles", "famille": "vodou", "religion_osm": "voodoo", "denomination_osm": "others", "pcode_commune": "HT0531", "commune": ""}}, {"type": "Feature", "geometry": {"type": "Point", "coordinates": [-72.6343, 19.16616]}, "properties": {"nom": "Eglise du christ de Bertran", "famille": "chretien", "religion_osm": "christian", "denomination_osm": "protestant", "pcode_commune": "HT0531", "commune": ""}}, {"type": "Feature", "geometry": {"type": "Point", "coordinates": [-72.67546, 19.46988]}, "properties": {"nom": "Eglise de Dieu Maranatha", "famille": "chretien", "religion_osm": "christian", "denomination_osm": "baptist", "pcode_commune": "HT0511", "commune": ""}}, {"type": "Feature", "geometry": {"type": "Point", "coordinates": [-72.60797, 19.02108]}, "properties": {"nom": "St Mathieu Fortune", "famille": "vodou", "religion_osm": "voodoo", "denomination_osm": "", "pcode_commune": "HT0531", "commune": ""}}, {"type": "Feature", "geometry": {"type": "Point", "coordinates": [-72.67422, 19.46959]}, "properties": {"nom": "Eglise Evangelique du Christ", "famille": "chretien", "religion_osm": "christian", "denomination_osm": "pentecostal", "pcode_commune": "HT0511", "commune": ""}}, {"type": "Feature", "geometry": {"type": "Point", "coordinates": [-72.61364, 19.01923]}, "properties": {"nom": "Xavier Jean", "famille": "vodou", "religion_osm": "voodoo", "denomination_osm": "", "pcode_commune": "HT0531", "commune": ""}}, {"type": "Feature", "geometry": {"type": "Point", "coordinates": [-72.67213, 19.47073]}, "properties": {"nom": "Eglise Evangelique Maahnaime", "famille": "chretien", "religion_osm": "christian", "denomination_osm": "baptist", "pcode_commune": "HT0511", "commune": ""}}, {"type": "Feature", "geometry": {"type": "Point", "coordinates": [-72.73296, 19.25973]}, "properties": {"nom": "Eglise catholique de Saint joseph", "famille": "chretien", "religion_osm": "christian", "denomination_osm": "catholic", "pcode_commune": "HT0543", "commune": ""}}, {"type": "Feature", "geometry": {"type": "Point", "coordinates": [-72.73411, 19.25794]}, "properties": {"nom": "Méthodiste Libre de Dauphiné", "famille": "chretien", "religion_osm": "christian", "denomination_osm": "protestant", "pcode_commune": "HT0543", "commune": ""}}, {"type": "Feature", "geometry": {"type": "Point", "coordinates": [-72.71838, 19.2423]}, "properties": {"nom": "Eglise Baptiste de Gervet", "famille": "chretien", "religion_osm": "christian", "denomination_osm": "baptist", "pcode_commune": "HT0531", "commune": ""}}, {"type": "Feature", "geometry": {"type": "Point", "coordinates": [-72.71877, 19.2373]}, "properties": {"nom": "Eglise de Dieu de Gervet", "famille": "chretien", "religion_osm": "christian", "denomination_osm": "", "pcode_commune": "HT0531", "commune": ""}}, {"type": "Feature", "geometry": {"type": "Point", "coordinates": [-72.70292, 19.25046]}, "properties": {"nom": "Kay tidiab", "famille": "vodou", "religion_osm": "voodoo", "denomination_osm": "", "pcode_commune": "HT0531", "commune": ""}}, {"type": "Feature", "geometry": {"type": "Point", "coordinates": [-72.70258, 19.24983]}, "properties": {"nom": "Mission Evangelique de la Trinite", "famille": "chretien", "religion_osm": "christian", "denomination_osm": "protestant", "pcode_commune": "HT0531", "commune": ""}}, {"type": "Feature", "geometry": {"type": "Point", "coordinates": [-72.72493, 19.01522]}, "properties": {"nom": "Lafrik Ginen", "famille": "vodou", "religion_osm": "voodoo", "denomination_osm": "others", "pcode_commune": "HT0531", "commune": ""}}, {"type": "Feature", "geometry": {"type": "Point", "coordinates": [-73.69549, 18.10038]}, "properties": {"nom": "Eglise Methodiste de Caille-Coq", "famille": "chretien", "religion_osm": "christian", "denomination_osm": "methodist", "pcode_commune": "HT0716", "commune": ""}}, {"type": "Feature", "geometry": {"type": "Point", "coordinates": [-73.13433, 18.36471]}, "properties": {"nom": "Racine Dantour", "famille": "vodou", "religion_osm": "voodoo", "denomination_osm": "", "pcode_commune": "HT1011", "commune": ""}}, {"type": "Feature", "geometry": {"type": "Point", "coordinates": [-73.12006, 18.35321]}, "properties": {"nom": "Armee Du Salute Church", "famille": "chretien", "religion_osm": "christian", "denomination_osm": "", "pcode_commune": "HT0731", "commune": ""}}, {"type": "Feature", "geometry": {"type": "Point", "coordinates": [-72.70468, 18.9485]}, "properties": {"nom": "Salle du Royaume des Témoins de Jéovah", "famille": "chretien", "religion_osm": "christian", "denomination_osm": "jehovahs_witness", "pcode_commune": "HT0141", "commune": ""}}, {"type": "Feature", "geometry": {"type": "Point", "coordinates": [-72.70493, 18.94741]}, "properties": {"nom": "New Life in Christ", "famille": "chretien", "religion_osm": "christian", "denomination_osm": "baptist", "pcode_commune": "HT0141", "commune": ""}}, {"type": "Feature", "geometry": {"type": "Point", "coordinates": [-73.1065, 18.2856]}, "properties": {"nom": "Eglise Core De Christ", "famille": "chretien", "religion_osm": "christian", "denomination_osm": "", "pcode_commune": "HT0731", "commune": ""}}, {"type": "Feature", "geometry": {"type": "Point", "coordinates": [-73.12404, 18.2774]}, "properties": {"nom": "Eglise De Dieu", "famille": "chretien", "religion_osm": "christian", "denomination_osm": "baptist", "pcode_commune": "HT0731", "commune": ""}}, {"type": "Feature", "geometry": {"type": "Point", "coordinates": [-73.12771, 18.27699]}, "properties": {"nom": "Eglise Saint Francoise Exzavier", "famille": "chretien", "religion_osm": "christian", "denomination_osm": "baptist", "pcode_commune": "HT0731", "commune": ""}}, {"type": "Feature", "geometry": {"type": "Point", "coordinates": [-72.70748, 18.9451]}, "properties": {"nom": "Eglise de Dieu Evangelique de Mont-Rouis", "famille": "chretien", "religion_osm": "christian", "denomination_osm": "protestant", "pcode_commune": "HT0141", "commune": ""}}, {"type": "Feature", "geometry": {"type": "Point", "coordinates": [-72.72564, 18.97155]}, "properties": {"nom": "Eglise de Dieu de Sion", "famille": "chretien", "religion_osm": "christian", "denomination_osm": "protestant", "pcode_commune": "HT0531", "commune": ""}}, {"type": "Feature", "geometry": {"type": "Point", "coordinates": [-73.12107, 18.35539]}, "properties": {"nom": "Racine Dontour", "famille": "vodou", "religion_osm": "voodoo", "denomination_osm": "", "pcode_commune": "HT0731", "commune": ""}}, {"type": "Feature", "geometry": {"type": "Point", "coordinates": [-72.72447, 18.9709]}, "properties": {"nom": "Eglise Assemblee de deluge", "famille": "chretien", "religion_osm": "christian", "denomination_osm": "protestant", "pcode_commune": "HT0531", "commune": ""}}, {"type": "Feature", "geometry": {"type": "Point", "coordinates": [-72.72435, 18.9739]}, "properties": {"nom": "Sanctuaire de Sion", "famille": "chretien", "religion_osm": "christian", "denomination_osm": "protestant", "pcode_commune": "HT0531", "commune": ""}}, {"type": "Feature", "geometry": {"type": "Point", "coordinates": [-73.11846, 18.35229]}, "properties": {"nom": "Eglise Saint Francoise", "famille": "chretien", "religion_osm": "christian", "denomination_osm": "", "pcode_commune": "HT0731", "commune": ""}}, {"type": "Feature", "geometry": {"type": "Point", "coordinates": [-73.1205, 18.34744]}, "properties": {"nom": "Eglise Ebenezer Crael", "famille": "chretien", "religion_osm": "christian", "denomination_osm": "", "pcode_commune": "HT0731", "commune": ""}}, {"type": "Feature", "geometry": {"type": "Point", "coordinates": [-73.11786, 18.33094]}, "properties": {"nom": "Eglise Extension D'Oranger", "famille": "chretien", "religion_osm": "christian", "denomination_osm": "", "pcode_commune": "HT0731", "commune": ""}}, {"type": "Feature", "geometry": {"type": "Point", "coordinates": [-73.11864, 18.32932]}, "properties": {"nom": "Eglise De Dieu De La Prophetie", "famille": "chretien", "religion_osm": "christian", "denomination_osm": "", "pcode_commune": "HT0731", "commune": ""}}, {"type": "Feature", "geometry": {"type": "Point", "coordinates": [-73.11852, 18.32803]}, "properties": {"nom": "Eglise Notre Dame Du Mont Caramel", "famille": "chretien", "religion_osm": "christian", "denomination_osm": "catholic", "pcode_commune": "HT0731", "commune": ""}}, {"type": "Feature", "geometry": {"type": "Point", "coordinates": [-72.72649, 18.97256]}, "properties": {"nom": "Nouvelle Eglise Evangelique Baptiste Co-Fraternite", "famille": "chretien", "religion_osm": "christian", "denomination_osm": "protestant", "pcode_commune": "HT0531", "commune": ""}}, {"type": "Feature", "geometry": {"type": "Point", "coordinates": [-73.10582, 18.30876]}, "properties": {"nom": "Dieu Un Christ", "famille": "chretien", "religion_osm": "christian", "denomination_osm": "", "pcode_commune": "HT0731", "commune": ""}}, {"type": "Feature", "geometry": {"type": "Point", "coordinates": [-73.1044, 18.30914]}, "properties": {"nom": "Eglise Baptiste", "famille": "chretien", "religion_osm": "christian", "denomination_osm": "", "pcode_commune": "HT0731", "commune": ""}}, {"type": "Feature", "geometry": {"type": "Point", "coordinates": [-73.09645, 18.29957]}, "properties": {"nom": "Eglise Caye Ti L'Homme", "famille": "chretien", "religion_osm": "christian", "denomination_osm": "", "pcode_commune": "HT0731", "commune": ""}}, {"type": "Feature", "geometry": {"type": "Point", "coordinates": [-73.09429, 18.29955]}, "properties": {"nom": "Contendor De La Pharisee De Fond De Blanc", "famille": "chretien", "religion_osm": "christian", "denomination_osm": "", "pcode_commune": "HT0731", "commune": ""}}, {"type": "Feature", "geometry": {"type": "Point", "coordinates": [-73.0971, 18.29849]}, "properties": {"nom": "Union Christian", "famille": "chretien", "religion_osm": "christian", "denomination_osm": "", "pcode_commune": "HT0731", "commune": ""}}, {"type": "Feature", "geometry": {"type": "Point", "coordinates": [-72.72768, 18.97178]}, "properties": {"nom": "Chapelle De Deluge", "famille": "chretien", "religion_osm": "christian", "denomination_osm": "catholic", "pcode_commune": "HT0531", "commune": ""}}, {"type": "Feature", "geometry": {"type": "Point", "coordinates": [-72.70533, 18.94593]}, "properties": {"nom": "Eglise Evangelique Baptiste de Jésus Christ", "famille": "chretien", "religion_osm": "christian", "denomination_osm": "baptist", "pcode_commune": "HT0141", "commune": ""}}, {"type": "Feature", "geometry": {"type": "Point", "coordinates": [-73.12849, 18.27899]}, "properties": {"nom": "Eglise Adventist De 7 em jou", "famille": "chretien", "religion_osm": "christian", "denomination_osm": "", "pcode_commune": "HT0731", "commune": ""}}, {"type": "Feature", "geometry": {"type": "Point", "coordinates": [-72.70398, 18.94913]}, "properties": {"nom": "Église de Dieu la Prophétie de Mont-Rouis", "famille": "chretien", "religion_osm": "christian", "denomination_osm": "protestant", "pcode_commune": "HT0141", "commune": ""}}, {"type": "Feature", "geometry": {"type": "Point", "coordinates": [-72.70445, 18.95083]}, "properties": {"nom": "Amee Du Salut", "famille": "chretien", "religion_osm": "christian", "denomination_osm": "protestant", "pcode_commune": "HT0141", "commune": ""}}, {"type": "Feature", "geometry": {"type": "Point", "coordinates": [-72.70383, 18.95022]}, "properties": {"nom": "Eglise Baptiste", "famille": "chretien", "religion_osm": "christian", "denomination_osm": "protestant", "pcode_commune": "HT0141", "commune": ""}}, {"type": "Feature", "geometry": {"type": "Point", "coordinates": [-72.70488, 18.94939]}, "properties": {"nom": "Eglise Baptiste de Mont-Rouis", "famille": "chretien", "religion_osm": "christian", "denomination_osm": "baptist", "pcode_commune": "HT0141", "commune": ""}}, {"type": "Feature", "geometry": {"type": "Point", "coordinates": [-73.75708, 18.20676]}, "properties": {"nom": "Eglise Bon Berger", "famille": "chretien", "religion_osm": "christian", "denomination_osm": "", "pcode_commune": "HT0711", "commune": ""}}, {"type": "Feature", "geometry": {"type": "Point", "coordinates": [-73.73751, 18.19616]}, "properties": {"nom": "Eglise Mor Mon", "famille": "chretien", "religion_osm": "christian", "denomination_osm": "mormon", "pcode_commune": "HT0711", "commune": ""}}, {"type": "Feature", "geometry": {"type": "Point", "coordinates": [-73.65685, 18.08249]}, "properties": {"nom": "MEBSH Mme Bernard", "famille": "chretien", "religion_osm": "christian", "denomination_osm": "", "pcode_commune": "HT0716", "commune": ""}}, {"type": "Feature", "geometry": {"type": "Point", "coordinates": [-72.15833, 18.93209]}, "properties": {"nom": "Eglise Béthel", "famille": "chretien", "religion_osm": "christian", "denomination_osm": "protestant", "pcode_commune": "HT0623", "commune": ""}}, {"type": "Feature", "geometry": {"type": "Point", "coordinates": [-72.64085, 19.10913]}, "properties": {"nom": "Eglise de Dieu", "famille": "chretien", "religion_osm": "christian", "denomination_osm": "protestant", "pcode_commune": "HT0531", "commune": ""}}, {"type": "Feature", "geometry": {"type": "Point", "coordinates": [-72.63767, 19.11025]}, "properties": {"nom": "Eglise Apostolique", "famille": "chretien", "religion_osm": "christian", "denomination_osm": "evangelical", "pcode_commune": "HT0531", "commune": ""}}, {"type": "Feature", "geometry": {"type": "Point", "coordinates": [-72.41121, 18.73824]}, "properties": {"nom": "Eglise La foi en Christ", "famille": "chretien", "religion_osm": "christian", "denomination_osm": "protestant", "pcode_commune": "HT0142", "commune": ""}}, {"type": "Feature", "geometry": {"type": "Point", "coordinates": [-72.15349, 18.93142]}, "properties": {"nom": "Eglise Baptiste du Calvaire d'Haïti", "famille": "chretien", "religion_osm": "christian", "denomination_osm": "baptist", "pcode_commune": "HT0623", "commune": ""}}, {"type": "Feature", "geometry": {"type": "Point", "coordinates": [-72.1685, 18.93477]}, "properties": {"nom": "Eglise Baptiste de Lise de Pépin", "famille": "chretien", "religion_osm": "christian", "denomination_osm": "baptist", "pcode_commune": "HT0623", "commune": ""}}, {"type": "Feature", "geometry": {"type": "Point", "coordinates": [-72.15406, 18.93656]}, "properties": {"nom": "Eglisie Baptiste", "famille": "chretien", "religion_osm": "christian", "denomination_osm": "baptist", "pcode_commune": "HT0623", "commune": ""}}, {"type": "Feature", "geometry": {"type": "Point", "coordinates": [-72.16274, 18.93375]}, "properties": {"nom": "Assemblé de Christ par la Foi", "famille": "chretien", "religion_osm": "christian", "denomination_osm": "protestant", "pcode_commune": "HT0623", "commune": ""}}, {"type": "Feature", "geometry": {"type": "Point", "coordinates": [-72.41666, 18.73647]}, "properties": {"nom": "MITSPA", "famille": "chretien", "religion_osm": "christian", "denomination_osm": "adventist", "pcode_commune": "HT0142", "commune": ""}}, {"type": "Feature", "geometry": {"type": "Point", "coordinates": [-72.7227, 19.00071]}, "properties": {"nom": "Eglise Gospel Tabernacle de Pierre Payen", "famille": "chretien", "religion_osm": "christian", "denomination_osm": "protestant", "pcode_commune": "HT0531", "commune": ""}}, {"type": "Feature", "geometry": {"type": "Point", "coordinates": [-72.71844, 19.00455]}, "properties": {"nom": "Eglise Pentecostale de Grand Fond", "famille": "chretien", "religion_osm": "christian", "denomination_osm": "pentecostal", "pcode_commune": "HT0531", "commune": ""}}, {"type": "Feature", "geometry": {"type": "Point", "coordinates": [-72.7324, 19.00033]}, "properties": {"nom": "La Cour Negre l'Afrique", "famille": "vodou", "religion_osm": "voodoo", "denomination_osm": "", "pcode_commune": "HT0531", "commune": ""}}, {"type": "Feature", "geometry": {"type": "Point", "coordinates": [-72.7319, 19.00049]}, "properties": {"nom": "Les Combattants du Christ", "famille": "chretien", "religion_osm": "christian", "denomination_osm": "pentecostal", "pcode_commune": "HT0531", "commune": ""}}, {"type": "Feature", "geometry": {"type": "Point", "coordinates": [-72.73456, 19.0007]}, "properties": {"nom": "Eglise Catholique Saint Martin de Porres de Pierre Payen", "famille": "chretien", "religion_osm": "christian", "denomination_osm": "catholic", "pcode_commune": "HT0531", "commune": ""}}, {"type": "Feature", "geometry": {"type": "Point", "coordinates": [-72.57771, 19.33439]}, "properties": {"nom": "Péristyle", "famille": "vodou", "religion_osm": "voodoo", "denomination_osm": "unspecified", "pcode_commune": "HT0513", "commune": ""}}, {"type": "Feature", "geometry": {"type": "Point", "coordinates": [-72.57772, 19.3346]}, "properties": {"nom": "Péristyle", "famille": "vodou", "religion_osm": "voodoo", "denomination_osm": "unspecified", "pcode_commune": "HT0513", "commune": ""}}, {"type": "Feature", "geometry": {"type": "Point", "coordinates": [-72.70889, 19.09893]}, "properties": {"nom": "Eglise de Dieu en Christ indépendant", "famille": "chretien", "religion_osm": "christian", "denomination_osm": "protestant", "pcode_commune": "HT0531", "commune": ""}}, {"type": "Feature", "geometry": {"type": "Point", "coordinates": [-72.1716, 18.95731]}, "properties": {"nom": "Eglise Pentecostale Uni", "famille": "chretien", "religion_osm": "christian", "denomination_osm": "pentecostal", "pcode_commune": "HT0623", "commune": ""}}, {"type": "Feature", "geometry": {"type": "Point", "coordinates": [-72.17404, 18.94231]}, "properties": {"nom": "Eglis Saint Temple des Oliviers", "famille": "chretien", "religion_osm": "christian", "denomination_osm": "protestant", "pcode_commune": "HT0623", "commune": ""}}, {"type": "Feature", "geometry": {"type": "Point", "coordinates": [-72.17212, 18.94061]}, "properties": {"nom": "Eglise Pentecostale Uni", "famille": "chretien", "religion_osm": "christian", "denomination_osm": "protestant", "pcode_commune": "HT0623", "commune": ""}}, {"type": "Feature", "geometry": {"type": "Point", "coordinates": [-72.6418, 19.08534]}, "properties": {"nom": "Eglise Baptiste Missionaire de Guichamps", "famille": "chretien", "religion_osm": "christian", "denomination_osm": "baptist", "pcode_commune": "HT0531", "commune": ""}}, {"type": "Feature", "geometry": {"type": "Point", "coordinates": [-72.64255, 19.08453]}, "properties": {"nom": "temple vaudou", "famille": "vodou", "religion_osm": "voodoo", "denomination_osm": "", "pcode_commune": "HT0531", "commune": ""}}, {"type": "Feature", "geometry": {"type": "Point", "coordinates": [-72.53908, 19.21822]}, "properties": {"nom": "Eglise de Dieu en Christ", "famille": "chretien", "religion_osm": "christian", "denomination_osm": "protestant", "pcode_commune": "HT0542", "commune": ""}}, {"type": "Feature", "geometry": {"type": "Point", "coordinates": [-72.53921, 19.21756]}, "properties": {"nom": "Eglise Baptiste de Grand-Rac", "famille": "chretien", "religion_osm": "christian", "denomination_osm": "baptist", "pcode_commune": "HT0542", "commune": ""}}, {"type": "Feature", "geometry": {"type": "Point", "coordinates": [-72.5406, 19.2134]}, "properties": {"nom": "Eglise de Dieu en Christ", "famille": "chretien", "religion_osm": "christian", "denomination_osm": "protestant", "pcode_commune": "HT0542", "commune": ""}}, {"type": "Feature", "geometry": {"type": "Point", "coordinates": [-72.04738, 18.7967]}, "properties": {"nom": "Eglise Chrétienne de la Bible", "famille": "chretien", "religion_osm": "christian", "denomination_osm": "protestant", "pcode_commune": "HT0621", "commune": ""}}, {"type": "Feature", "geometry": {"type": "Point", "coordinates": [-72.49389, 19.07514]}, "properties": {"nom": "Eglise Baptiste Horme", "famille": "chretien", "religion_osm": "christian", "denomination_osm": "baptist", "pcode_commune": "HT0532", "commune": ""}}, {"type": "Feature", "geometry": {"type": "Point", "coordinates": [-71.83376, 18.89541]}, "properties": {"nom": "Eglise Sainte Apostolique", "famille": "chretien", "religion_osm": "christian", "denomination_osm": "", "pcode_commune": "HT0632", "commune": ""}}, {"type": "Feature", "geometry": {"type": "Point", "coordinates": [-71.83706, 18.89267]}, "properties": {"nom": "Eglise Catholique de Roy Sec", "famille": "chretien", "religion_osm": "christian", "denomination_osm": "catholic", "pcode_commune": "HT0632", "commune": ""}}, {"type": "Feature", "geometry": {"type": "Point", "coordinates": [-71.83669, 18.89322]}, "properties": {"nom": "Eglise Penthecote", "famille": "chretien", "religion_osm": "christian", "denomination_osm": "pentecostal", "pcode_commune": "HT0632", "commune": ""}}, {"type": "Feature", "geometry": {"type": "Point", "coordinates": [-71.83656, 18.89352]}, "properties": {"nom": "Eglise Béthel de Roy Sec", "famille": "chretien", "religion_osm": "christian", "denomination_osm": "", "pcode_commune": "HT0632", "commune": ""}}, {"type": "Feature", "geometry": {"type": "Point", "coordinates": [-71.83786, 18.89339]}, "properties": {"nom": "Eglise ASEC (Assemblée Evangelique de Christ en Constraction)", "famille": "chretien", "religion_osm": "christian", "denomination_osm": "protestant", "pcode_commune": "HT0632", "commune": ""}}, {"type": "Feature", "geometry": {"type": "Point", "coordinates": [-72.40748, 19.06623]}, "properties": {"nom": "Kay Danthor", "famille": "vodou", "religion_osm": "voodoo", "denomination_osm": "", "pcode_commune": "HT0542", "commune": ""}}, {"type": "Feature", "geometry": {"type": "Point", "coordinates": [-72.03448, 18.79636]}, "properties": {"nom": "Eglise Obede Deuval", "famille": "chretien", "religion_osm": "christian", "denomination_osm": "protestant", "pcode_commune": "HT0621", "commune": ""}}, {"type": "Feature", "geometry": {"type": "Point", "coordinates": [-72.04388, 18.79736]}, "properties": {"nom": "Eglise Catholique", "famille": "chretien", "religion_osm": "christian", "denomination_osm": "catholic", "pcode_commune": "HT0621", "commune": ""}}, {"type": "Feature", "geometry": {"type": "Point", "coordinates": [-72.48682, 19.19594]}, "properties": {"nom": "Eglise de Dellemeche", "famille": "chretien", "religion_osm": "christian", "denomination_osm": "baptist", "pcode_commune": "HT0541", "commune": ""}}, {"type": "Feature", "geometry": {"type": "Point", "coordinates": [-72.47801, 19.19079]}, "properties": {"nom": "Caristin Bossou", "famille": "vodou", "religion_osm": "voodoo", "denomination_osm": "unspecified", "pcode_commune": "HT0541", "commune": ""}}, {"type": "Feature", "geometry": {"type": "Point", "coordinates": [-72.28495, 18.54253]}, "properties": {"nom": "Église Notre Dame", "famille": "chretien", "religion_osm": "christian", "denomination_osm": "", "pcode_commune": "HT0112", "commune": ""}}, {"type": "Feature", "geometry": {"type": "Point", "coordinates": [-73.79417, 18.54043]}, "properties": {"nom": "MEBSH Church", "famille": "chretien", "religion_osm": "christian", "denomination_osm": "", "pcode_commune": "HT0834", "commune": ""}}, {"type": "Feature", "geometry": {"type": "Point", "coordinates": [-72.511, 19.25962]}, "properties": {"nom": "Tabernacle des Activités de Dieu", "famille": "chretien", "religion_osm": "christian", "denomination_osm": "pentecostal", "pcode_commune": "HT0541", "commune": ""}}, {"type": "Feature", "geometry": {"type": "Point", "coordinates": [-72.12322, 19.55348]}, "properties": {"nom": "L'eglise Karakol", "famille": "chretien", "religion_osm": "christian", "denomination_osm": "catholic", "pcode_commune": "HT0331", "commune": ""}}, {"type": "Feature", "geometry": {"type": "Point", "coordinates": [-72.00578, 19.14376]}, "properties": {"nom": "Paroisse Saint André Église Épiscopale", "famille": "chretien", "religion_osm": "christian", "denomination_osm": "catholic", "pcode_commune": "HT0611", "commune": ""}}, {"type": "Feature", "geometry": {"type": "Point", "coordinates": [-72.29194, 18.51597]}, "properties": {"nom": "Eglise Sainte Thérèse", "famille": "chretien", "religion_osm": "christian", "denomination_osm": "catholic", "pcode_commune": "HT0114", "commune": ""}}, {"type": "Feature", "geometry": {"type": "Point", "coordinates": [-72.51524, 19.26145]}, "properties": {"nom": "Cathédrale Sainte-Claire", "famille": "chretien", "religion_osm": "christian", "denomination_osm": "", "pcode_commune": "HT0541", "commune": ""}}, {"type": "Feature", "geometry": {"type": "Point", "coordinates": [-71.76337, 18.86805]}, "properties": {"nom": "Église Catholique", "famille": "chretien", "religion_osm": "christian", "denomination_osm": "catholic", "pcode_commune": "HT0632", "commune": ""}}, {"type": "Feature", "geometry": {"type": "Point", "coordinates": [-72.35578, 18.53354]}, "properties": {"nom": "Eglise Corps De Christ De Martissant", "famille": "chretien", "religion_osm": "christian", "denomination_osm": "pentecostal", "pcode_commune": "HT0111", "commune": ""}}, {"type": "Feature", "geometry": {"type": "Point", "coordinates": [-72.35141, 18.53187]}, "properties": {"nom": "Chapelle de Sainte-Philomène", "famille": "chretien", "religion_osm": "christian", "denomination_osm": "catholic", "pcode_commune": "HT0111", "commune": ""}}, {"type": "Feature", "geometry": {"type": "Point", "coordinates": [-72.42714, 19.62687]}, "properties": {"nom": "Eglise evengelique banc a la selle", "famille": "chretien", "religion_osm": "christian", "denomination_osm": "", "pcode_commune": "HT0361", "commune": ""}}, {"type": "Feature", "geometry": {"type": "Point", "coordinates": [-72.53681, 18.23357]}, "properties": {"nom": "Jacmel Bahà'i Center", "famille": "autre", "religion_osm": "bahai", "denomination_osm": "", "pcode_commune": "HT0211", "commune": ""}}, {"type": "Feature", "geometry": {"type": "Point", "coordinates": [-72.32126, 18.53477]}, "properties": {"nom": "Église Adventiste du Canapé-Vert", "famille": "chretien", "religion_osm": "christian", "denomination_osm": "adventist", "pcode_commune": "HT0111", "commune": ""}}, {"type": "Feature", "geometry": {"type": "Point", "coordinates": [-72.36629, 19.7026]}, "properties": {"nom": "Capelle Carholique de Lon Bas", "famille": "chretien", "religion_osm": "christian", "denomination_osm": "catholic", "pcode_commune": "HT0361", "commune": ""}}, {"type": "Feature", "geometry": {"type": "Point", "coordinates": [-72.13939, 19.52444]}, "properties": {"nom": "L'eglise Cartholique Bonami", "famille": "chretien", "religion_osm": "christian", "denomination_osm": "", "pcode_commune": "HT0331", "commune": ""}}, {"type": "Feature", "geometry": {"type": "Point", "coordinates": [-72.13587, 19.50656]}, "properties": {"nom": "L'Eglise Chretienne de Cadino", "famille": "chretien", "religion_osm": "christian", "denomination_osm": "", "pcode_commune": "HT0331", "commune": ""}}, {"type": "Feature", "geometry": {"type": "Point", "coordinates": [-72.13632, 19.50528]}, "properties": {"nom": "L'Eglise Baptiste Pasteur Samson Joseph de Cadino", "famille": "chretien", "religion_osm": "christian", "denomination_osm": "", "pcode_commune": "HT0332", "commune": ""}}, {"type": "Feature", "geometry": {"type": "Point", "coordinates": [-72.30739, 18.54526]}, "properties": {"nom": "Eglise Baptiste de Delmas", "famille": "chretien", "religion_osm": "christian", "denomination_osm": "", "pcode_commune": "HT0112", "commune": ""}}, {"type": "Feature", "geometry": {"type": "Point", "coordinates": [-71.8523, 18.39396]}, "properties": {"nom": "Saint Croix", "famille": "non_renseigne", "religion_osm": "", "denomination_osm": "protestant", "pcode_commune": "HT0135", "commune": ""}}, {"type": "Feature", "geometry": {"type": "Point", "coordinates": [-71.93607, 18.83021]}, "properties": {"nom": "Saint Gabriel", "famille": "chretien", "religion_osm": "christian", "denomination_osm": "catholic", "pcode_commune": "HT0631", "commune": ""}}, {"type": "Feature", "geometry": {"type": "Point", "coordinates": [-71.76453, 18.86733]}, "properties": {"nom": "Eglise Evangelique Baptiste de Belladère", "famille": "chretien", "religion_osm": "christian", "denomination_osm": "", "pcode_commune": "HT0632", "commune": ""}}, {"type": "Feature", "geometry": {"type": "Point", "coordinates": [-72.37806, 19.66095]}, "properties": {"nom": "L'Eglise Cartholique de Souffriere", "famille": "chretien", "religion_osm": "christian", "denomination_osm": "", "pcode_commune": "HT0361", "commune": ""}}, {"type": "Feature", "geometry": {"type": "Point", "coordinates": [-72.38499, 19.66449]}, "properties": {"nom": "L'eglise Baptiste", "famille": "chretien", "religion_osm": "christian", "denomination_osm": "", "pcode_commune": "HT0361", "commune": ""}}, {"type": "Feature", "geometry": {"type": "Point", "coordinates": [-72.22166, 19.73277]}, "properties": {"nom": "Tabernacle de la Louange", "famille": "non_renseigne", "religion_osm": "", "denomination_osm": "", "pcode_commune": "HT0311", "commune": ""}}, {"type": "Feature", "geometry": {"type": "Point", "coordinates": [-72.16654, 19.43636]}, "properties": {"nom": "L'Eglise Mathurin", "famille": "chretien", "religion_osm": "christian", "denomination_osm": "protestant", "pcode_commune": "HT0341", "commune": ""}}, {"type": "Feature", "geometry": {"type": "Point", "coordinates": [-72.18711, 19.43249]}, "properties": {"nom": "Eglise Baptiste de Savane Bouque", "famille": "chretien", "religion_osm": "christian", "denomination_osm": "baptist", "pcode_commune": "HT0341", "commune": ""}}, {"type": "Feature", "geometry": {"type": "Point", "coordinates": [-72.20046, 19.43461]}, "properties": {"nom": "Temple Témoins de Jéhovah de Saint Raphaël", "famille": "non_renseigne", "religion_osm": "", "denomination_osm": "", "pcode_commune": "HT0341", "commune": ""}}, {"type": "Feature", "geometry": {"type": "Point", "coordinates": [-72.17481, 19.37447]}, "properties": {"nom": "Eglise Batiste Guacimal", "famille": "chretien", "religion_osm": "christian", "denomination_osm": "", "pcode_commune": "HT0341", "commune": ""}}, {"type": "Feature", "geometry": {"type": "Point", "coordinates": [-72.17302, 19.37242]}, "properties": {"nom": "Eglise Cartholique Guacimal", "famille": "chretien", "religion_osm": "christian", "denomination_osm": "", "pcode_commune": "HT0341", "commune": ""}}, {"type": "Feature", "geometry": {"type": "Point", "coordinates": [-72.47877, 19.12079]}, "properties": {"nom": "Église Baptiste Jésus Revient Bientôt", "famille": "chretien", "religion_osm": "christian", "denomination_osm": "baptist", "pcode_commune": "HT0542", "commune": ""}}, {"type": "Feature", "geometry": {"type": "Point", "coordinates": [-71.84038, 19.66657]}, "properties": {"nom": "Cathédrale Saint-Joseph de Fort-Liberté", "famille": "chretien", "religion_osm": "christian", "denomination_osm": "catholic", "pcode_commune": "HT0411", "commune": ""}}, {"type": "Feature", "geometry": {"type": "Point", "coordinates": [-72.27828, 18.56254]}, "properties": {"nom": "Salle du Royaume des Temoins de Jehovah", "famille": "chretien", "religion_osm": "christian", "denomination_osm": "jehovahs_witness", "pcode_commune": "HT0112", "commune": ""}}, {"type": "Feature", "geometry": {"type": "Point", "coordinates": [-72.27685, 18.56469]}, "properties": {"nom": "Eglise du Christ de Petite Place Cazeau", "famille": "chretien", "religion_osm": "christian", "denomination_osm": "", "pcode_commune": "HT0118", "commune": ""}}, {"type": "Feature", "geometry": {"type": "Point", "coordinates": [-72.1825, 19.73571]}, "properties": {"nom": "Eglise chrétienne", "famille": "chretien", "religion_osm": "christian", "denomination_osm": "baptist", "pcode_commune": "HT0311", "commune": ""}}, {"type": "Feature", "geometry": {"type": "Point", "coordinates": [-72.93268, 19.60423]}, "properties": {"nom": "Eglise Baptiste de Parc- Melon", "famille": "chretien", "religion_osm": "christian", "denomination_osm": "protestant", "pcode_commune": "HT0523", "commune": ""}}, {"type": "Feature", "geometry": {"type": "Point", "coordinates": [-72.21779, 19.60539]}, "properties": {"nom": "Église de Milot", "famille": "chretien", "religion_osm": "christian", "denomination_osm": "catholic", "pcode_commune": "HT0323", "commune": ""}}, {"type": "Feature", "geometry": {"type": "Point", "coordinates": [-73.86627, 18.3577]}, "properties": {"nom": "Sainte Agnes", "famille": "non_renseigne", "religion_osm": "", "denomination_osm": "", "pcode_commune": "HT0714", "commune": ""}}, {"type": "Feature", "geometry": {"type": "Point", "coordinates": [-73.85861, 18.35017]}, "properties": {"nom": "Eglise MEBSH de Picot", "famille": "non_renseigne", "religion_osm": "", "denomination_osm": "", "pcode_commune": "HT0714", "commune": ""}}, {"type": "Feature", "geometry": {"type": "Point", "coordinates": [-72.12821, 19.66825]}, "properties": {"nom": "Église Évangélique La Foi en Christ", "famille": "chretien", "religion_osm": "christian", "denomination_osm": "", "pcode_commune": "HT0313", "commune": ""}}, {"type": "Feature", "geometry": {"type": "Point", "coordinates": [-72.12218, 19.66812]}, "properties": {"nom": "Saint-Juste", "famille": "vodou", "religion_osm": "voodoo", "denomination_osm": "others", "pcode_commune": "HT0313", "commune": ""}}, {"type": "Feature", "geometry": {"type": "Point", "coordinates": [-72.12304, 19.6742]}, "properties": {"nom": "Église Evangélique Nouvelle Espérance de Limonade", "famille": "chretien", "religion_osm": "christian", "denomination_osm": "", "pcode_commune": "HT0313", "commune": ""}}, {"type": "Feature", "geometry": {"type": "Point", "coordinates": [-72.12532, 19.67315]}, "properties": {"nom": "Église Saint-Étienne de Limonade", "famille": "chretien", "religion_osm": "christian", "denomination_osm": "", "pcode_commune": "HT0313", "commune": ""}}, {"type": "Feature", "geometry": {"type": "Point", "coordinates": [-72.12595, 19.67]}, "properties": {"nom": "Église Baptiste Unie", "famille": "chretien", "religion_osm": "christian", "denomination_osm": "", "pcode_commune": "HT0313", "commune": ""}}, {"type": "Feature", "geometry": {"type": "Point", "coordinates": [-72.12422, 19.67154]}, "properties": {"nom": "Église de Dieu Portail du Ciel", "famille": "chretien", "religion_osm": "christian", "denomination_osm": "protestant", "pcode_commune": "HT0313", "commune": ""}}, {"type": "Feature", "geometry": {"type": "Point", "coordinates": [-72.12663, 19.67052]}, "properties": {"nom": "Eglise Adventiste Sion", "famille": "chretien", "religion_osm": "christian", "denomination_osm": "evangelical", "pcode_commune": "HT0313", "commune": ""}}, {"type": "Feature", "geometry": {"type": "Point", "coordinates": [-72.12394, 19.66775]}, "properties": {"nom": "Église de Dieu de Limonade", "famille": "chretien", "religion_osm": "christian", "denomination_osm": "", "pcode_commune": "HT0313", "commune": ""}}, {"type": "Feature", "geometry": {"type": "Point", "coordinates": [-72.12371, 19.66828]}, "properties": {"nom": "L'Aïeul du Rédempteur", "famille": "chretien", "religion_osm": "christian", "denomination_osm": "", "pcode_commune": "HT0313", "commune": ""}}, {"type": "Feature", "geometry": {"type": "Point", "coordinates": [-72.12716, 19.66822]}, "properties": {"nom": "Première Eglise Chrétienne Alliance de Limonade", "famille": "chretien", "religion_osm": "christian", "denomination_osm": "", "pcode_commune": "HT0313", "commune": ""}}, {"type": "Feature", "geometry": {"type": "Point", "coordinates": [-72.21453, 19.74012]}, "properties": {"nom": "Église Adventiste Bethanie", "famille": "chretien", "religion_osm": "christian", "denomination_osm": "evangelical", "pcode_commune": "HT0311", "commune": ""}}, {"type": "Feature", "geometry": {"type": "Point", "coordinates": [-72.21634, 19.73966]}, "properties": {"nom": "1re Église de Dieu Maranatha", "famille": "chretien", "religion_osm": "christian", "denomination_osm": "", "pcode_commune": "HT0311", "commune": ""}}, {"type": "Feature", "geometry": {"type": "Point", "coordinates": [-72.21578, 19.73949]}, "properties": {"nom": "Église Wesleyenne", "famille": "chretien", "religion_osm": "christian", "denomination_osm": "baptist", "pcode_commune": "HT0311", "commune": ""}}, {"type": "Feature", "geometry": {"type": "Point", "coordinates": [-72.21803, 19.731]}, "properties": {"nom": "Eglise Philadelphi", "famille": "chretien", "religion_osm": "christian", "denomination_osm": "", "pcode_commune": "HT0311", "commune": ""}}, {"type": "Feature", "geometry": {"type": "Point", "coordinates": [-73.84936, 18.37153]}, "properties": {"nom": "Eglise Catholique de Mahotière", "famille": "chretien", "religion_osm": "christian", "denomination_osm": "catholic", "pcode_commune": "HT0714", "commune": ""}}, {"type": "Feature", "geometry": {"type": "Point", "coordinates": [-73.82831, 18.37199]}, "properties": {"nom": "Eglise Catholique de Marc", "famille": "chretien", "religion_osm": "christian", "denomination_osm": "", "pcode_commune": "HT0714", "commune": ""}}, {"type": "Feature", "geometry": {"type": "Point", "coordinates": [-73.83375, 18.37041]}, "properties": {"nom": "Eglise de Dieu de Marc", "famille": "chretien", "religion_osm": "christian", "denomination_osm": "", "pcode_commune": "HT0714", "commune": ""}}, {"type": "Feature", "geometry": {"type": "Point", "coordinates": [-72.12029, 19.66539]}, "properties": {"nom": "Eglise Chrétienne de Limonade", "famille": "chretien", "religion_osm": "christian", "denomination_osm": "", "pcode_commune": "HT0313", "commune": ""}}, {"type": "Feature", "geometry": {"type": "Point", "coordinates": [-72.11958, 19.66716]}, "properties": {"nom": "Eglise du Christ", "famille": "chretien", "religion_osm": "christian", "denomination_osm": "", "pcode_commune": "HT0313", "commune": ""}}, {"type": "Feature", "geometry": {"type": "Point", "coordinates": [-72.11805, 19.66293]}, "properties": {"nom": "Église ⛪️ Chrétienne", "famille": "chretien", "religion_osm": "christian", "denomination_osm": "", "pcode_commune": "HT0313", "commune": ""}}, {"type": "Feature", "geometry": {"type": "Point", "coordinates": [-72.12602, 19.6619]}, "properties": {"nom": "Kay Danthor", "famille": "vodou", "religion_osm": "voodoo", "denomination_osm": "others", "pcode_commune": "HT0313", "commune": ""}}, {"type": "Feature", "geometry": {"type": "Point", "coordinates": [-72.11883, 19.7279]}, "properties": {"nom": "Eglise Notre-Dame de la Medaille Miraculeuse de Bord de Mer", "famille": "chretien", "religion_osm": "christian", "denomination_osm": "catholic", "pcode_commune": "HT0313", "commune": ""}}, {"type": "Feature", "geometry": {"type": "Point", "coordinates": [-72.13224, 19.695]}, "properties": {"nom": "L'Eglise Adventiste", "famille": "chretien", "religion_osm": "christian", "denomination_osm": "adventist", "pcode_commune": "HT0313", "commune": ""}}, {"type": "Feature", "geometry": {"type": "Point", "coordinates": [-72.13104, 19.70424]}, "properties": {"nom": "Eglise Evangélique Bethanie", "famille": "chretien", "religion_osm": "christian", "denomination_osm": "", "pcode_commune": "HT0313", "commune": ""}}, {"type": "Feature", "geometry": {"type": "Point", "coordinates": [-72.13014, 19.70501]}, "properties": {"nom": "Eglise Bethleem", "famille": "chretien", "religion_osm": "christian", "denomination_osm": "protestant", "pcode_commune": "HT0313", "commune": ""}}, {"type": "Feature", "geometry": {"type": "Point", "coordinates": [-72.12202, 19.72893]}, "properties": {"nom": "Bas canal", "famille": "chretien", "religion_osm": "christian", "denomination_osm": "", "pcode_commune": "HT0313", "commune": ""}}, {"type": "Feature", "geometry": {"type": "Point", "coordinates": [-72.15704, 19.69592]}, "properties": {"nom": "Temple Adventiste la Galilée", "famille": "chretien", "religion_osm": "christian", "denomination_osm": "adventist", "pcode_commune": "HT0312", "commune": ""}}, {"type": "Feature", "geometry": {"type": "Point", "coordinates": [-72.15626, 19.69575]}, "properties": {"nom": "Église Baptiste Bethléem de Quartier-morin", "famille": "chretien", "religion_osm": "christian", "denomination_osm": "baptist", "pcode_commune": "HT0312", "commune": ""}}, {"type": "Feature", "geometry": {"type": "Point", "coordinates": [-72.15583, 19.69574]}, "properties": {"nom": "Place Calvaire", "famille": "chretien", "religion_osm": "christian", "denomination_osm": "catholic", "pcode_commune": "HT0312", "commune": ""}}, {"type": "Feature", "geometry": {"type": "Point", "coordinates": [-71.95229, 19.63567]}, "properties": {"nom": "Eglise Baptiste de Terrier-Rouge", "famille": "chretien", "religion_osm": "christian", "denomination_osm": "baptist", "pcode_commune": "HT0433", "commune": ""}}, {"type": "Feature", "geometry": {"type": "Point", "coordinates": [-72.15759, 19.69733]}, "properties": {"nom": "Eglise Saint-Louis de Quartier Morin", "famille": "chretien", "religion_osm": "christian", "denomination_osm": "catholic", "pcode_commune": "HT0312", "commune": ""}}, {"type": "Feature", "geometry": {"type": "Point", "coordinates": [-72.15789, 19.69297]}, "properties": {"nom": "inconnu", "famille": "vodou", "religion_osm": "voodoo", "denomination_osm": "others", "pcode_commune": "HT0312", "commune": ""}}, {"type": "Feature", "geometry": {"type": "Point", "coordinates": [-72.1585, 19.69738]}, "properties": {"nom": "Eglise Méthodiste de Quartier-Morin", "famille": "chretien", "religion_osm": "christian", "denomination_osm": "methodist", "pcode_commune": "HT0312", "commune": ""}}, {"type": "Feature", "geometry": {"type": "Point", "coordinates": [-72.01785, 19.69238]}, "properties": {"nom": "Eglise Sainte-Elisabeth de Caracol", "famille": "chretien", "religion_osm": "christian", "denomination_osm": "catholic", "pcode_commune": "HT0434", "commune": ""}}, {"type": "Feature", "geometry": {"type": "Point", "coordinates": [-72.01629, 19.69138]}, "properties": {"nom": "Église Baptiste des Rachetés", "famille": "chretien", "religion_osm": "christian", "denomination_osm": "protestant", "pcode_commune": "HT0434", "commune": ""}}, {"type": "Feature", "geometry": {"type": "Point", "coordinates": [-72.02173, 19.66001]}, "properties": {"nom": "Église Baptiste de Garde-Mombin", "famille": "chretien", "religion_osm": "christian", "denomination_osm": "baptist", "pcode_commune": "HT0434", "commune": ""}}, {"type": "Feature", "geometry": {"type": "Point", "coordinates": [-72.01813, 19.69072]}, "properties": {"nom": "Église Baptiste de Caracol", "famille": "chretien", "religion_osm": "christian", "denomination_osm": "baptist", "pcode_commune": "HT0434", "commune": ""}}, {"type": "Feature", "geometry": {"type": "Point", "coordinates": [-71.99233, 19.68414]}, "properties": {"nom": "Église Catholique Notre-Dame de la Merciel", "famille": "chretien", "religion_osm": "christian", "denomination_osm": "catholic", "pcode_commune": "HT0434", "commune": ""}}, {"type": "Feature", "geometry": {"type": "Point", "coordinates": [-71.95291, 19.63651]}, "properties": {"nom": "Eglise Saint-Pierre", "famille": "chretien", "religion_osm": "christian", "denomination_osm": "catholic", "pcode_commune": "HT0433", "commune": ""}}, {"type": "Feature", "geometry": {"type": "Point", "coordinates": [-71.99245, 19.68162]}, "properties": {"nom": "Église Baptiste de Jacquesyl", "famille": "chretien", "religion_osm": "christian", "denomination_osm": "baptist", "pcode_commune": "HT0434", "commune": ""}}, {"type": "Feature", "geometry": {"type": "Point", "coordinates": [-71.95425, 19.63557]}, "properties": {"nom": "Temple Adventiste de Terrier-Rouge", "famille": "chretien", "religion_osm": "christian", "denomination_osm": "adventist", "pcode_commune": "HT0433", "commune": ""}}, {"type": "Feature", "geometry": {"type": "Point", "coordinates": [-71.83293, 19.66325]}, "properties": {"nom": "Eglise Bethel", "famille": "chretien", "religion_osm": "christian", "denomination_osm": "baptist", "pcode_commune": "HT0411", "commune": ""}}, {"type": "Feature", "geometry": {"type": "Point", "coordinates": [-71.83537, 19.66505]}, "properties": {"nom": "Église Chrétienne", "famille": "chretien", "religion_osm": "christian", "denomination_osm": "baptist", "pcode_commune": "HT0411", "commune": ""}}, {"type": "Feature", "geometry": {"type": "Point", "coordinates": [-71.83156, 19.66255]}, "properties": {"nom": "Eglise du Christ", "famille": "chretien", "religion_osm": "christian", "denomination_osm": "baptist", "pcode_commune": "HT0411", "commune": ""}}, {"type": "Feature", "geometry": {"type": "Point", "coordinates": [-72.18351, 19.73275]}, "properties": {"nom": "Eglise chretienne Nouvelle Jerusalem", "famille": "chretien", "religion_osm": "christian", "denomination_osm": "", "pcode_commune": "HT0311", "commune": ""}}, {"type": "Feature", "geometry": {"type": "Point", "coordinates": [-72.18423, 19.73347]}, "properties": {"nom": "Eglise de Christ grace Divine de Petit Anse", "famille": "chretien", "religion_osm": "christian", "denomination_osm": "protestant", "pcode_commune": "HT0311", "commune": ""}}, {"type": "Feature", "geometry": {"type": "Point", "coordinates": [-72.18787, 19.73306]}, "properties": {"nom": "Eglise Baptiste Philadelphie", "famille": "chretien", "religion_osm": "christian", "denomination_osm": "baptist", "pcode_commune": "HT0311", "commune": ""}}, {"type": "Feature", "geometry": {"type": "Point", "coordinates": [-72.1879, 19.73499]}, "properties": {"nom": "1ere Eglise la Foi Apostolique", "famille": "chretien", "religion_osm": "christian", "denomination_osm": "pentecostal", "pcode_commune": "HT0311", "commune": ""}}, {"type": "Feature", "geometry": {"type": "Point", "coordinates": [-72.18736, 19.73723]}, "properties": {"nom": "Eglise Evangelique le Lutherien", "famille": "chretien", "religion_osm": "christian", "denomination_osm": "protestant", "pcode_commune": "HT0311", "commune": ""}}, {"type": "Feature", "geometry": {"type": "Point", "coordinates": [-72.18233, 19.7353]}, "properties": {"nom": "Calvaire de Petite Anse", "famille": "chretien", "religion_osm": "christian", "denomination_osm": "catholic", "pcode_commune": "HT0311", "commune": ""}}, {"type": "Feature", "geometry": {"type": "Point", "coordinates": [-72.18807, 19.7275]}, "properties": {"nom": "église du xt du souverrain", "famille": "chretien", "religion_osm": "christian", "denomination_osm": "", "pcode_commune": "HT0311", "commune": ""}}, {"type": "Feature", "geometry": {"type": "Point", "coordinates": [-72.18708, 19.73837]}, "properties": {"nom": "Eglise Evengelique Pelerin par la Foi", "famille": "chretien", "religion_osm": "christian", "denomination_osm": "protestant", "pcode_commune": "HT0311", "commune": ""}}, {"type": "Feature", "geometry": {"type": "Point", "coordinates": [-72.18921, 19.72973]}, "properties": {"nom": "Salle du Royaume des Temoins de Jehovah", "famille": "chretien", "religion_osm": "christian", "denomination_osm": "", "pcode_commune": "HT0311", "commune": ""}}, {"type": "Feature", "geometry": {"type": "Point", "coordinates": [-72.17672, 19.72985]}, "properties": {"nom": "Eglise de Dieu", "famille": "chretien", "religion_osm": "christian", "denomination_osm": "", "pcode_commune": "HT0311", "commune": ""}}, {"type": "Feature", "geometry": {"type": "Point", "coordinates": [-72.18834, 19.72813]}, "properties": {"nom": "Eglise Gethsemanie du Christ", "famille": "chretien", "religion_osm": "christian", "denomination_osm": "", "pcode_commune": "HT0311", "commune": ""}}, {"type": "Feature", "geometry": {"type": "Point", "coordinates": [-72.18933, 19.73722]}, "properties": {"nom": "Eglise Evangelique du Dieu Vivant", "famille": "chretien", "religion_osm": "christian", "denomination_osm": "baptist", "pcode_commune": "HT0311", "commune": ""}}, {"type": "Feature", "geometry": {"type": "Point", "coordinates": [-72.18737, 19.74044]}, "properties": {"nom": "Eglise de Dieu Maison de prière", "famille": "chretien", "religion_osm": "christian", "denomination_osm": "protestant", "pcode_commune": "HT0311", "commune": ""}}, {"type": "Feature", "geometry": {"type": "Point", "coordinates": [-71.95776, 19.63446]}, "properties": {"nom": "Eglise Evangélique Maranatha", "famille": "chretien", "religion_osm": "christian", "denomination_osm": "", "pcode_commune": "HT0433", "commune": ""}}, {"type": "Feature", "geometry": {"type": "Point", "coordinates": [-71.95934, 19.64034]}, "properties": {"nom": "Eglise de Jésus-Christ de Terrier-Rouge", "famille": "chretien", "religion_osm": "christian", "denomination_osm": "baptist", "pcode_commune": "HT0433", "commune": ""}}, {"type": "Feature", "geometry": {"type": "Point", "coordinates": [-72.02882, 19.61232]}, "properties": {"nom": "Église Episcopale d'Haiti", "famille": "chretien", "religion_osm": "christian", "denomination_osm": "catholic", "pcode_commune": "HT0431", "commune": ""}}, {"type": "Feature", "geometry": {"type": "Point", "coordinates": [-72.18815, 19.73978]}, "properties": {"nom": "Eglise Baptiste", "famille": "chretien", "religion_osm": "christian", "denomination_osm": "baptist", "pcode_commune": "HT0311", "commune": ""}}, {"type": "Feature", "geometry": {"type": "Point", "coordinates": [-72.02926, 19.61278]}, "properties": {"nom": "Mission Tabernacle Evangélique", "famille": "chretien", "religion_osm": "christian", "denomination_osm": "protestant", "pcode_commune": "HT0431", "commune": ""}}, {"type": "Feature", "geometry": {"type": "Point", "coordinates": [-72.02867, 19.6135]}, "properties": {"nom": "Église de Dieu de Trou-du-Nord", "famille": "chretien", "religion_osm": "christian", "denomination_osm": "baptist", "pcode_commune": "HT0431", "commune": ""}}, {"type": "Feature", "geometry": {"type": "Point", "coordinates": [-72.1822, 19.73551]}, "properties": {"nom": "Eglise Baptiste Maranatha de Petite Anse", "famille": "chretien", "religion_osm": "christian", "denomination_osm": "baptist", "pcode_commune": "HT0311", "commune": ""}}, {"type": "Feature", "geometry": {"type": "Point", "coordinates": [-71.96189, 19.62793]}, "properties": {"nom": "Calvaire Saint-Pierre", "famille": "chretien", "religion_osm": "christian", "denomination_osm": "catholic", "pcode_commune": "HT0433", "commune": ""}}, {"type": "Feature", "geometry": {"type": "Point", "coordinates": [-72.18658, 19.7342]}, "properties": {"nom": "Eglise Baptiste Clarte Celeste", "famille": "chretien", "religion_osm": "christian", "denomination_osm": "baptist", "pcode_commune": "HT0311", "commune": ""}}, {"type": "Feature", "geometry": {"type": "Point", "coordinates": [-72.02734, 19.61427]}, "properties": {"nom": "Calvaire", "famille": "chretien", "religion_osm": "christian", "denomination_osm": "catholic", "pcode_commune": "HT0431", "commune": ""}}, {"type": "Feature", "geometry": {"type": "Point", "coordinates": [-72.18911, 19.73915]}, "properties": {"nom": "Eglise Baptiste Solidarité", "famille": "chretien", "religion_osm": "christian", "denomination_osm": "baptist", "pcode_commune": "HT0311", "commune": ""}}, {"type": "Feature", "geometry": {"type": "Point", "coordinates": [-72.18398, 19.74118]}, "properties": {"nom": "Eglise Shalom de Jesus de nazareth", "famille": "chretien", "religion_osm": "christian", "denomination_osm": "protestant", "pcode_commune": "HT0311", "commune": ""}}, {"type": "Feature", "geometry": {"type": "Point", "coordinates": [-71.95842, 19.63707]}, "properties": {"nom": "Eglise Baptiste Emmanuelle", "famille": "chretien", "religion_osm": "christian", "denomination_osm": "baptist", "pcode_commune": "HT0433", "commune": ""}}, {"type": "Feature", "geometry": {"type": "Point", "coordinates": [-71.95609, 19.6352]}, "properties": {"nom": "Assemblée de L'Église du Christ", "famille": "chretien", "religion_osm": "christian", "denomination_osm": "protestant", "pcode_commune": "HT0433", "commune": ""}}, {"type": "Feature", "geometry": {"type": "Point", "coordinates": [-72.02694, 19.61614]}, "properties": {"nom": "Église Assemblée de Dieu", "famille": "chretien", "religion_osm": "christian", "denomination_osm": "baptist", "pcode_commune": "HT0431", "commune": ""}}, {"type": "Feature", "geometry": {"type": "Point", "coordinates": [-72.18543, 19.73944]}, "properties": {"nom": "Egli Batiste Shalom", "famille": "chretien", "religion_osm": "christian", "denomination_osm": "baptist", "pcode_commune": "HT0311", "commune": ""}}, {"type": "Feature", "geometry": {"type": "Point", "coordinates": [-72.18759, 19.73152]}, "properties": {"nom": "Eglise Smyrne", "famille": "chretien", "religion_osm": "christian", "denomination_osm": "baptist", "pcode_commune": "HT0311", "commune": ""}}, {"type": "Feature", "geometry": {"type": "Point", "coordinates": [-72.18615, 19.73901]}, "properties": {"nom": "Eglise Pentecostale Unie Int", "famille": "chretien", "religion_osm": "christian", "denomination_osm": "protestant", "pcode_commune": "HT0311", "commune": ""}}, {"type": "Feature", "geometry": {"type": "Point", "coordinates": [-71.95887, 19.63949]}, "properties": {"nom": "Eglise Assemblée de Dieu de Terrier-Rouge", "famille": "chretien", "religion_osm": "christian", "denomination_osm": "pentecostal", "pcode_commune": "HT0433", "commune": ""}}, {"type": "Feature", "geometry": {"type": "Point", "coordinates": [-72.02234, 19.61877]}, "properties": {"nom": "Église Saint-Jean Baptiste de Trou-du-Nord", "famille": "chretien", "religion_osm": "christian", "denomination_osm": "catholic", "pcode_commune": "HT0431", "commune": ""}}, {"type": "Feature", "geometry": {"type": "Point", "coordinates": [-72.2088, 19.74231]}, "properties": {"nom": "Église Chretienne du Cap-Haititen", "famille": "chretien", "religion_osm": "christian", "denomination_osm": "baptist", "pcode_commune": "HT0311", "commune": ""}}, {"type": "Feature", "geometry": {"type": "Point", "coordinates": [-72.02544, 19.61878]}, "properties": {"nom": "Église Evangélique d'Haiti", "famille": "chretien", "religion_osm": "christian", "denomination_osm": "baptist", "pcode_commune": "HT0431", "commune": ""}}, {"type": "Feature", "geometry": {"type": "Point", "coordinates": [-72.01819, 19.69142]}, "properties": {"nom": "Temple Adventiste", "famille": "chretien", "religion_osm": "christian", "denomination_osm": "adventist", "pcode_commune": "HT0434", "commune": ""}}, {"type": "Feature", "geometry": {"type": "Point", "coordinates": [-72.20915, 19.74544]}, "properties": {"nom": "Église Philadelphie", "famille": "chretien", "religion_osm": "christian", "denomination_osm": "adventist", "pcode_commune": "HT0311", "commune": ""}}, {"type": "Feature", "geometry": {"type": "Point", "coordinates": [-71.83816, 19.66298]}, "properties": {"nom": "Église Adventiste Béthel", "famille": "chretien", "religion_osm": "christian", "denomination_osm": "adventist", "pcode_commune": "HT0411", "commune": ""}}, {"type": "Feature", "geometry": {"type": "Point", "coordinates": [-71.83684, 19.66063]}, "properties": {"nom": "Salle du Royaume des Témoins de Jéhovah", "famille": "chretien", "religion_osm": "christian", "denomination_osm": "jehovahs_witness", "pcode_commune": "HT0411", "commune": ""}}, {"type": "Feature", "geometry": {"type": "Point", "coordinates": [-72.20338, 19.74296]}, "properties": {"nom": "Église Assemblée Chrétienne de Fougeolle", "famille": "chretien", "religion_osm": "christian", "denomination_osm": "baptist", "pcode_commune": "HT0311", "commune": ""}}, {"type": "Feature", "geometry": {"type": "Point", "coordinates": [-71.83694, 19.65999]}, "properties": {"nom": "Paroisse Notre-Dame de Délivrance", "famille": "chretien", "religion_osm": "christian", "denomination_osm": "catholic", "pcode_commune": "HT0411", "commune": ""}}, {"type": "Feature", "geometry": {"type": "Point", "coordinates": [-72.20989, 19.74309]}, "properties": {"nom": "Église Methodiste Libre", "famille": "chretien", "religion_osm": "christian", "denomination_osm": "methodist", "pcode_commune": "HT0311", "commune": ""}}, {"type": "Feature", "geometry": {"type": "Point", "coordinates": [-72.20973, 19.74317]}, "properties": {"nom": "Église Missionaire Morija", "famille": "chretien", "religion_osm": "christian", "denomination_osm": "", "pcode_commune": "HT0311", "commune": ""}}, {"type": "Feature", "geometry": {"type": "Point", "coordinates": [-72.20983, 19.74252]}, "properties": {"nom": "Église Evangelique du Christ", "famille": "chretien", "religion_osm": "christian", "denomination_osm": "protestant", "pcode_commune": "HT0311", "commune": ""}}, {"type": "Feature", "geometry": {"type": "Point", "coordinates": [-72.20865, 19.74441]}, "properties": {"nom": "Église Évangélique Philadelphie", "famille": "chretien", "religion_osm": "christian", "denomination_osm": "protestant", "pcode_commune": "HT0311", "commune": ""}}, {"type": "Feature", "geometry": {"type": "Point", "coordinates": [-72.21381, 19.73682]}, "properties": {"nom": "Eglise Nazareen", "famille": "chretien", "religion_osm": "christian", "denomination_osm": "baptist", "pcode_commune": "HT0311", "commune": ""}}, {"type": "Feature", "geometry": {"type": "Point", "coordinates": [-72.21071, 19.74495]}, "properties": {"nom": "Église Catholique Notre-Dame du Perpétuel Secours", "famille": "chretien", "religion_osm": "christian", "denomination_osm": "catholic", "pcode_commune": "HT0311", "commune": ""}}, {"type": "Feature", "geometry": {"type": "Point", "coordinates": [-72.21032, 19.74541]}, "properties": {"nom": "Église Baptiste Pelerin", "famille": "chretien", "religion_osm": "christian", "denomination_osm": "baptist", "pcode_commune": "HT0311", "commune": ""}}, {"type": "Feature", "geometry": {"type": "Point", "coordinates": [-72.2524, 19.71928]}, "properties": {"nom": "Eglise Evangelique de Vaudreuil", "famille": "chretien", "religion_osm": "christian", "denomination_osm": "baptist", "pcode_commune": "HT0322", "commune": ""}}, {"type": "Feature", "geometry": {"type": "Point", "coordinates": [-72.21205, 19.74763]}, "properties": {"nom": "Église Évangélique Baptiste Beree", "famille": "chretien", "religion_osm": "christian", "denomination_osm": "baptist", "pcode_commune": "HT0311", "commune": ""}}, {"type": "Feature", "geometry": {"type": "Point", "coordinates": [-72.21198, 19.7513]}, "properties": {"nom": "Eglise Aventiste du 7eme Jours", "famille": "chretien", "religion_osm": "christian", "denomination_osm": "adventist", "pcode_commune": "HT0311", "commune": ""}}, {"type": "Feature", "geometry": {"type": "Point", "coordinates": [-72.25576, 19.71638]}, "properties": {"nom": "Eglise Maranatha de Vaudreil", "famille": "chretien", "religion_osm": "christian", "denomination_osm": "baptist", "pcode_commune": "HT0322", "commune": ""}}, {"type": "Feature", "geometry": {"type": "Point", "coordinates": [-72.21245, 19.75523]}, "properties": {"nom": "Eglise Baptiste du Calvair", "famille": "chretien", "religion_osm": "christian", "denomination_osm": "baptist", "pcode_commune": "HT0311", "commune": ""}}, {"type": "Feature", "geometry": {"type": "Point", "coordinates": [-72.26007, 19.7132]}, "properties": {"nom": "EBAC Eglise baptiste Armee du Christ de Morne Rouge", "famille": "chretien", "religion_osm": "christian", "denomination_osm": "baptist", "pcode_commune": "HT0322", "commune": ""}}, {"type": "Feature", "geometry": {"type": "Point", "coordinates": [-72.20919, 19.75077]}, "properties": {"nom": "Eglise Baptiste la Grace", "famille": "chretien", "religion_osm": "christian", "denomination_osm": "baptist", "pcode_commune": "HT0311", "commune": ""}}, {"type": "Feature", "geometry": {"type": "Point", "coordinates": [-72.21218, 19.74686]}, "properties": {"nom": "Église Évangélique d'Haïti de Sainte-Philomène", "famille": "chretien", "religion_osm": "christian", "denomination_osm": "protestant", "pcode_commune": "HT0311", "commune": ""}}, {"type": "Feature", "geometry": {"type": "Point", "coordinates": [-72.20781, 19.75007]}, "properties": {"nom": "Eglise Baptiste Apostolique", "famille": "chretien", "religion_osm": "christian", "denomination_osm": "baptist", "pcode_commune": "HT0311", "commune": ""}}, {"type": "Feature", "geometry": {"type": "Point", "coordinates": [-72.2157, 19.74955]}, "properties": {"nom": "Eglise Evangelique Philadelphie", "famille": "chretien", "religion_osm": "christian", "denomination_osm": "baptist", "pcode_commune": "HT0311", "commune": ""}}, {"type": "Feature", "geometry": {"type": "Point", "coordinates": [-72.20784, 19.74892]}, "properties": {"nom": "Eglise Baptiste porte-ouverte", "famille": "chretien", "religion_osm": "christian", "denomination_osm": "pentecostal", "pcode_commune": "HT0311", "commune": ""}}, {"type": "Feature", "geometry": {"type": "Point", "coordinates": [-72.21357, 19.74843]}, "properties": {"nom": "Eglise Chretienne du Cap-Haitien", "famille": "chretien", "religion_osm": "christian", "denomination_osm": "baptist", "pcode_commune": "HT0311", "commune": ""}}, {"type": "Feature", "geometry": {"type": "Point", "coordinates": [-72.20948, 19.74727]}, "properties": {"nom": "Église Baptiste Redford", "famille": "chretien", "religion_osm": "christian", "denomination_osm": "baptist", "pcode_commune": "HT0311", "commune": ""}}, {"type": "Feature", "geometry": {"type": "Point", "coordinates": [-72.18353, 19.72417]}, "properties": {"nom": "église chretienne du tabernacle de la grace", "famille": "chretien", "religion_osm": "christian", "denomination_osm": "protestant", "pcode_commune": "HT0311", "commune": ""}}, {"type": "Feature", "geometry": {"type": "Point", "coordinates": [-72.19855, 19.7355]}, "properties": {"nom": "Egise m issionnaire et Pelerin", "famille": "chretien", "religion_osm": "christian", "denomination_osm": "protestant", "pcode_commune": "HT0311", "commune": ""}}, {"type": "Feature", "geometry": {"type": "Point", "coordinates": [-72.19898, 19.73774]}, "properties": {"nom": "Eglise Notre Damme dáltagrace", "famille": "chretien", "religion_osm": "christian", "denomination_osm": "catholic", "pcode_commune": "HT0311", "commune": ""}}, {"type": "Feature", "geometry": {"type": "Point", "coordinates": [-72.19625, 19.73928]}, "properties": {"nom": "Eglise Evangelique Baptiste- Maranatha", "famille": "chretien", "religion_osm": "christian", "denomination_osm": "baptist", "pcode_commune": "HT0311", "commune": ""}}, {"type": "Feature", "geometry": {"type": "Point", "coordinates": [-72.213, 19.74342]}, "properties": {"nom": "Salle du Royaume des temoins de Jehovah", "famille": "chretien", "religion_osm": "christian", "denomination_osm": "jehovahs_witness", "pcode_commune": "HT0311", "commune": ""}}, {"type": "Feature", "geometry": {"type": "Point", "coordinates": [-72.21657, 19.73768]}, "properties": {"nom": "Église Baptiste El Shaddaï de Champin", "famille": "chretien", "religion_osm": "christian", "denomination_osm": "baptist", "pcode_commune": "HT0311", "commune": ""}}, {"type": "Feature", "geometry": {"type": "Point", "coordinates": [-72.21711, 19.73734]}, "properties": {"nom": "Église Adventiste Shekinah", "famille": "non_renseigne", "religion_osm": "", "denomination_osm": "", "pcode_commune": "HT0311", "commune": ""}}, {"type": "Feature", "geometry": {"type": "Point", "coordinates": [-72.21716, 19.7364]}, "properties": {"nom": "Eglise Evangélique Bon Samaritain", "famille": "chretien", "religion_osm": "christian", "denomination_osm": "baptist", "pcode_commune": "HT0311", "commune": ""}}, {"type": "Feature", "geometry": {"type": "Point", "coordinates": [-72.21203, 19.74056]}, "properties": {"nom": "Église Grace en Sion", "famille": "chretien", "religion_osm": "christian", "denomination_osm": "protestant", "pcode_commune": "HT0311", "commune": ""}}, {"type": "Feature", "geometry": {"type": "Point", "coordinates": [-72.19671, 19.74054]}, "properties": {"nom": "Eglise Corp de Christ", "famille": "chretien", "religion_osm": "christian", "denomination_osm": "protestant", "pcode_commune": "HT0311", "commune": ""}}, {"type": "Feature", "geometry": {"type": "Point", "coordinates": [-72.23475, 19.73242]}, "properties": {"nom": "Solution par la Foi", "famille": "chretien", "religion_osm": "christian", "denomination_osm": "baptist", "pcode_commune": "HT0311", "commune": ""}}, {"type": "Feature", "geometry": {"type": "Point", "coordinates": [-72.18758, 19.72437]}, "properties": {"nom": "Eglise du Christ du Souverain", "famille": "chretien", "religion_osm": "christian", "denomination_osm": "protestant", "pcode_commune": "HT0311", "commune": ""}}, {"type": "Feature", "geometry": {"type": "Point", "coordinates": [-72.08752, 19.66304]}, "properties": {"nom": "Eglise Nouvelle Vie", "famille": "chretien", "religion_osm": "christian", "denomination_osm": "", "pcode_commune": "HT0313", "commune": ""}}, {"type": "Feature", "geometry": {"type": "Point", "coordinates": [-71.95521, 19.63665]}, "properties": {"nom": "inconnu", "famille": "autre", "religion_osm": "other", "denomination_osm": "others", "pcode_commune": "HT0433", "commune": ""}}, {"type": "Feature", "geometry": {"type": "Point", "coordinates": [-72.1786, 19.72475]}, "properties": {"nom": "Eglise Evangelique le Lutherien", "famille": "chretien", "religion_osm": "christian", "denomination_osm": "baptist", "pcode_commune": "HT0311", "commune": ""}}, {"type": "Feature", "geometry": {"type": "Point", "coordinates": [-72.18413, 19.72728]}, "properties": {"nom": "Sanctuary of prayer", "famille": "chretien", "religion_osm": "christian", "denomination_osm": "baptist", "pcode_commune": "HT0311", "commune": ""}}, {"type": "Feature", "geometry": {"type": "Point", "coordinates": [-72.25337, 19.71877]}, "properties": {"nom": "Eglise Bethesda", "famille": "chretien", "religion_osm": "christian", "denomination_osm": "protestant", "pcode_commune": "HT0322", "commune": ""}}, {"type": "Feature", "geometry": {"type": "Point", "coordinates": [-72.09603, 19.66577]}, "properties": {"nom": "Eglise Baptiste de la Trinité de Dubout", "famille": "chretien", "religion_osm": "christian", "denomination_osm": "baptist", "pcode_commune": "HT0313", "commune": ""}}, {"type": "Feature", "geometry": {"type": "Point", "coordinates": [-71.93763, 19.57351]}, "properties": {"nom": "Eglise Notre-Dame de Lourdes de Grand-Bassin", "famille": "non_renseigne", "religion_osm": "", "denomination_osm": "", "pcode_commune": "HT0433", "commune": ""}}, {"type": "Feature", "geometry": {"type": "Point", "coordinates": [-72.18998, 19.72523]}, "properties": {"nom": "Eglise Evangelique de Madeline", "famille": "chretien", "religion_osm": "christian", "denomination_osm": "protestant", "pcode_commune": "HT0311", "commune": ""}}, {"type": "Feature", "geometry": {"type": "Point", "coordinates": [-72.1801, 19.72753]}, "properties": {"nom": "église cross road", "famille": "chretien", "religion_osm": "christian", "denomination_osm": "protestant", "pcode_commune": "HT0311", "commune": ""}}, {"type": "Feature", "geometry": {"type": "Point", "coordinates": [-72.17946, 19.72533]}, "properties": {"nom": "Église Evangelique New Jerusalem", "famille": "chretien", "religion_osm": "christian", "denomination_osm": "protestant", "pcode_commune": "HT0311", "commune": ""}}, {"type": "Feature", "geometry": {"type": "Point", "coordinates": [-72.18072, 19.72814]}, "properties": {"nom": "église évangelique piscine de bethesda", "famille": "chretien", "religion_osm": "christian", "denomination_osm": "baptist", "pcode_commune": "HT0311", "commune": ""}}, {"type": "Feature", "geometry": {"type": "Point", "coordinates": [-72.1809, 19.7267]}, "properties": {"nom": "Eglise Pencotiste", "famille": "chretien", "religion_osm": "christian", "denomination_osm": "pentecostal", "pcode_commune": "HT0311", "commune": ""}}, {"type": "Feature", "geometry": {"type": "Point", "coordinates": [-72.1903, 19.73005]}, "properties": {"nom": "Church Adventiste Canaan", "famille": "chretien", "religion_osm": "christian", "denomination_osm": "adventist", "pcode_commune": "HT0311", "commune": ""}}, {"type": "Feature", "geometry": {"type": "Point", "coordinates": [-72.24327, 19.72256]}, "properties": {"nom": "Eglise Evangelique D'Haiti de Mapou", "famille": "chretien", "religion_osm": "christian", "denomination_osm": "protestant", "pcode_commune": "HT0311", "commune": ""}}, {"type": "Feature", "geometry": {"type": "Point", "coordinates": [-72.18223, 19.72743]}, "properties": {"nom": "église évangelique baptiste de jésus-christ", "famille": "chretien", "religion_osm": "christian", "denomination_osm": "baptist", "pcode_commune": "HT0311", "commune": ""}}, {"type": "Feature", "geometry": {"type": "Point", "coordinates": [-72.18689, 19.73062]}, "properties": {"nom": "Nouvel Eglise Baptiste Salem", "famille": "chretien", "religion_osm": "christian", "denomination_osm": "baptist", "pcode_commune": "HT0311", "commune": ""}}, {"type": "Feature", "geometry": {"type": "Point", "coordinates": [-72.18919, 19.72831]}, "properties": {"nom": "Eglise Missionnaire de Sion", "famille": "chretien", "religion_osm": "christian", "denomination_osm": "baptist", "pcode_commune": "HT0311", "commune": ""}}, {"type": "Feature", "geometry": {"type": "Point", "coordinates": [-72.1855, 19.73598]}, "properties": {"nom": "Eglise Adventiste du Septieme Jours", "famille": "chretien", "religion_osm": "christian", "denomination_osm": "adventist", "pcode_commune": "HT0311", "commune": ""}}, {"type": "Feature", "geometry": {"type": "Point", "coordinates": [-72.18001, 19.73139]}, "properties": {"nom": "Eglise Jerusalem", "famille": "chretien", "religion_osm": "christian", "denomination_osm": "baptist", "pcode_commune": "HT0311", "commune": ""}}, {"type": "Feature", "geometry": {"type": "Point", "coordinates": [-71.72644, 19.55094]}, "properties": {"nom": "Église de la Trinité de Jérusalem", "famille": "chretien", "religion_osm": "christian", "denomination_osm": "protestant", "pcode_commune": "HT0421", "commune": ""}}, {"type": "Feature", "geometry": {"type": "Point", "coordinates": [-72.45821, 18.22666]}, "properties": {"nom": "Eglise Bethanie de oban", "famille": "chretien", "religion_osm": "christian", "denomination_osm": "evangelical", "pcode_commune": "HT0211", "commune": ""}}, {"type": "Feature", "geometry": {"type": "Point", "coordinates": [-72.45332, 18.22953]}, "properties": {"nom": "Eglise de Dieu de la Sainte tabernacle , Union Gospel", "famille": "chretien", "religion_osm": "christian", "denomination_osm": "protestant", "pcode_commune": "HT0211", "commune": ""}}, {"type": "Feature", "geometry": {"type": "Point", "coordinates": [-72.45283, 18.22926]}, "properties": {"nom": "Temple vaudou", "famille": "non_renseigne", "religion_osm": "", "denomination_osm": "", "pcode_commune": "HT0211", "commune": ""}}, {"type": "Feature", "geometry": {"type": "Point", "coordinates": [-72.45153, 18.2292]}, "properties": {"nom": "Eglise de Dieu la foi appostolique", "famille": "chretien", "religion_osm": "christian", "denomination_osm": "protestant", "pcode_commune": "HT0211", "commune": ""}}, {"type": "Feature", "geometry": {"type": "Point", "coordinates": [-72.45357, 18.22666]}, "properties": {"nom": "Eglise cite fidel de Oban", "famille": "chretien", "religion_osm": "christian", "denomination_osm": "pentecostal", "pcode_commune": "HT0211", "commune": ""}}, {"type": "Feature", "geometry": {"type": "Point", "coordinates": [-72.22674, 19.73164]}, "properties": {"nom": "Eglise Centre Chretien du Cap-Haitien", "famille": "chretien", "religion_osm": "christian", "denomination_osm": "baptist", "pcode_commune": "HT0311", "commune": ""}}, {"type": "Feature", "geometry": {"type": "Point", "coordinates": [-72.02455, 19.61608]}, "properties": {"nom": "Temple Adventiste", "famille": "chretien", "religion_osm": "christian", "denomination_osm": "adventist", "pcode_commune": "HT0431", "commune": ""}}, {"type": "Feature", "geometry": {"type": "Point", "coordinates": [-72.02404, 19.61765]}, "properties": {"nom": "Église Wesleyenne de Trou-du-Nord", "famille": "chretien", "religion_osm": "christian", "denomination_osm": "protestant", "pcode_commune": "HT0431", "commune": ""}}, {"type": "Feature", "geometry": {"type": "Point", "coordinates": [-72.21919, 19.7395]}, "properties": {"nom": "Église Evangelique de Vertiere", "famille": "chretien", "religion_osm": "christian", "denomination_osm": "baptist", "pcode_commune": "HT0311", "commune": ""}}, {"type": "Feature", "geometry": {"type": "Point", "coordinates": [-72.22085, 19.73802]}, "properties": {"nom": "Paroisse Saint-Jean Bosco", "famille": "chretien", "religion_osm": "christian", "denomination_osm": "catholic", "pcode_commune": "HT0311", "commune": ""}}, {"type": "Feature", "geometry": {"type": "Point", "coordinates": [-72.22744, 19.7282]}, "properties": {"nom": "Eglise Evangelique Béthanie du Cap-Haitien", "famille": "chretien", "religion_osm": "christian", "denomination_osm": "baptist", "pcode_commune": "HT0311", "commune": ""}}, {"type": "Feature", "geometry": {"type": "Point", "coordinates": [-72.22002, 19.73416]}, "properties": {"nom": "Institution Baptiste de l'Espoir du Cap-Haitien", "famille": "chretien", "religion_osm": "christian", "denomination_osm": "baptist", "pcode_commune": "HT0311", "commune": ""}}, {"type": "Feature", "geometry": {"type": "Point", "coordinates": [-71.93784, 19.5732]}, "properties": {"nom": "Ancienne Eglise Notre-Dame de Lourdes de Grand-Bassin", "famille": "non_renseigne", "religion_osm": "", "denomination_osm": "", "pcode_commune": "HT0433", "commune": ""}}, {"type": "Feature", "geometry": {"type": "Point", "coordinates": [-71.72153, 19.54693]}, "properties": {"nom": "Église de Dieu", "famille": "chretien", "religion_osm": "christian", "denomination_osm": "protestant", "pcode_commune": "HT0421", "commune": ""}}, {"type": "Feature", "geometry": {"type": "Point", "coordinates": [-71.72793, 19.55364]}, "properties": {"nom": "Eglise Nazareen", "famille": "chretien", "religion_osm": "christian", "denomination_osm": "protestant", "pcode_commune": "HT0421", "commune": ""}}, {"type": "Feature", "geometry": {"type": "Point", "coordinates": [-71.72948, 19.55366]}, "properties": {"nom": "Eglise du Christ De Ouanaminth", "famille": "chretien", "religion_osm": "christian", "denomination_osm": "protestant", "pcode_commune": "HT0421", "commune": ""}}, {"type": "Feature", "geometry": {"type": "Point", "coordinates": [-71.72689, 19.55546]}, "properties": {"nom": "Eglise Adventiste du 7eme Jour", "famille": "non_renseigne", "religion_osm": "", "denomination_osm": "adventist", "pcode_commune": "HT0421", "commune": ""}}, {"type": "Feature", "geometry": {"type": "Point", "coordinates": [-71.72614, 19.5555]}, "properties": {"nom": "Eglise Bloc et Etoile", "famille": "non_renseigne", "religion_osm": "", "denomination_osm": "baptist", "pcode_commune": "HT0421", "commune": ""}}, {"type": "Feature", "geometry": {"type": "Point", "coordinates": [-71.72941, 19.55668]}, "properties": {"nom": "Eglise Chretienne De Ouanaminth", "famille": "chretien", "religion_osm": "christian", "denomination_osm": "protestant", "pcode_commune": "HT0421", "commune": ""}}, {"type": "Feature", "geometry": {"type": "Point", "coordinates": [-71.7283, 19.5492]}, "properties": {"nom": "Eglise Baptiste Conservatrice", "famille": "chretien", "religion_osm": "christian", "denomination_osm": "baptist", "pcode_commune": "HT0421", "commune": ""}}, {"type": "Feature", "geometry": {"type": "Point", "coordinates": [-71.7178, 19.54809]}, "properties": {"nom": "Église du Christ Internationale", "famille": "chretien", "religion_osm": "christian", "denomination_osm": "", "pcode_commune": "HT0421", "commune": ""}}, {"type": "Feature", "geometry": {"type": "Point", "coordinates": [-72.12901, 19.61956]}, "properties": {"nom": "Saint Isidore", "famille": "chretien", "religion_osm": "christian", "denomination_osm": "", "pcode_commune": "HT0313", "commune": ""}}, {"type": "Feature", "geometry": {"type": "Point", "coordinates": [-71.73128, 19.55361]}, "properties": {"nom": "Église Méthodiste Libre", "famille": "chretien", "religion_osm": "christian", "denomination_osm": "methodist", "pcode_commune": "HT0421", "commune": ""}}, {"type": "Feature", "geometry": {"type": "Point", "coordinates": [-72.18389, 19.73672]}, "properties": {"nom": "Maison D'Adoration De L'eglise Du Christ", "famille": "chretien", "religion_osm": "christian", "denomination_osm": "baptist", "pcode_commune": "HT0311", "commune": ""}}, {"type": "Feature", "geometry": {"type": "Point", "coordinates": [-72.18306, 19.73682]}, "properties": {"nom": "1ere Eglise Baptiste De Petit-Anse", "famille": "chretien", "religion_osm": "christian", "denomination_osm": "baptist", "pcode_commune": "HT0311", "commune": ""}}, {"type": "Feature", "geometry": {"type": "Point", "coordinates": [-71.73142, 19.55097]}, "properties": {"nom": "Église Chrétienne du Bon Samaritain", "famille": "chretien", "religion_osm": "christian", "denomination_osm": "protestant", "pcode_commune": "HT0421", "commune": ""}}, {"type": "Feature", "geometry": {"type": "Point", "coordinates": [-71.84093, 19.67092]}, "properties": {"nom": "Eglise Evangélique de Philadelphie", "famille": "chretien", "religion_osm": "christian", "denomination_osm": "baptist", "pcode_commune": "HT0411", "commune": ""}}, {"type": "Feature", "geometry": {"type": "Point", "coordinates": [-72.18303, 19.73932]}, "properties": {"nom": "Eglise Immaculee de Petit-Anse", "famille": "chretien", "religion_osm": "christian", "denomination_osm": "catholic", "pcode_commune": "HT0311", "commune": ""}}, {"type": "Feature", "geometry": {"type": "Point", "coordinates": [-71.72965, 19.5476]}, "properties": {"nom": "Église", "famille": "chretien", "religion_osm": "christian", "denomination_osm": "", "pcode_commune": "HT0421", "commune": ""}}, {"type": "Feature", "geometry": {"type": "Point", "coordinates": [-71.73252, 19.55335]}, "properties": {"nom": "Eglise Chretienne CROSSWOOD Cite de Dieu pour les nations", "famille": "chretien", "religion_osm": "christian", "denomination_osm": "protestant", "pcode_commune": "HT0421", "commune": ""}}, {"type": "Feature", "geometry": {"type": "Point", "coordinates": [-71.73106, 19.54332]}, "properties": {"nom": "Eglse Bethel", "famille": "chretien", "religion_osm": "christian", "denomination_osm": "baptist", "pcode_commune": "HT0421", "commune": ""}}, {"type": "Feature", "geometry": {"type": "Point", "coordinates": [-71.72713, 19.54416]}, "properties": {"nom": "Eglise Bethesda", "famille": "chretien", "religion_osm": "christian", "denomination_osm": "baptist", "pcode_commune": "HT0421", "commune": ""}}, {"type": "Feature", "geometry": {"type": "Point", "coordinates": [-71.72655, 19.55276]}, "properties": {"nom": "Eglise Chretienne Mission D' Amour", "famille": "autre", "religion_osm": "other", "denomination_osm": "protestant", "pcode_commune": "HT0421", "commune": ""}}, {"type": "Feature", "geometry": {"type": "Point", "coordinates": [-72.22907, 19.72561]}, "properties": {"nom": "Eglise Baptiste les disciples du dernier temps", "famille": "chretien", "religion_osm": "christian", "denomination_osm": "baptist", "pcode_commune": "HT0311", "commune": ""}}, {"type": "Feature", "geometry": {"type": "Point", "coordinates": [-71.72171, 19.55091]}, "properties": {"nom": "Salle du Royaume des Témoins de Jéhovah", "famille": "chretien", "religion_osm": "christian", "denomination_osm": "", "pcode_commune": "HT0421", "commune": ""}}, {"type": "Feature", "geometry": {"type": "Point", "coordinates": [-71.72176, 19.55061]}, "properties": {"nom": "Salle du Royaume des Témoins de Jéhovah", "famille": "chretien", "religion_osm": "christian", "denomination_osm": "jehovahs_witness", "pcode_commune": "HT0421", "commune": ""}}, {"type": "Feature", "geometry": {"type": "Point", "coordinates": [-71.72657, 19.557]}, "properties": {"nom": "Eglise Assemblee de Dieu", "famille": "chretien", "religion_osm": "christian", "denomination_osm": "baptist", "pcode_commune": "HT0421", "commune": ""}}, {"type": "Feature", "geometry": {"type": "Point", "coordinates": [-72.22013, 19.73766]}, "properties": {"nom": "Paroisse St Jean Bosco", "famille": "chretien", "religion_osm": "christian", "denomination_osm": "catholic", "pcode_commune": "HT0311", "commune": ""}}, {"type": "Feature", "geometry": {"type": "Point", "coordinates": [-72.19749, 19.76656]}, "properties": {"nom": "Kay Rollin", "famille": "vodou", "religion_osm": "voodoo", "denomination_osm": "others", "pcode_commune": "HT0311", "commune": ""}}, {"type": "Feature", "geometry": {"type": "Point", "coordinates": [-72.1451, 19.62657]}, "properties": {"nom": "Eglise de Dieu Reformee", "famille": "chretien", "religion_osm": "christian", "denomination_osm": "baptist", "pcode_commune": "HT0313", "commune": ""}}, {"type": "Feature", "geometry": {"type": "Point", "coordinates": [-72.12324, 19.66945]}, "properties": {"nom": "Église Baptiste de la Grâce", "famille": "chretien", "religion_osm": "christian", "denomination_osm": "baptist", "pcode_commune": "HT0313", "commune": ""}}, {"type": "Feature", "geometry": {"type": "Point", "coordinates": [-72.14211, 19.63664]}, "properties": {"nom": "Eglise de Dieu", "famille": "chretien", "religion_osm": "christian", "denomination_osm": "", "pcode_commune": "HT0313", "commune": ""}}, {"type": "Feature", "geometry": {"type": "Point", "coordinates": [-72.12725, 19.66321]}, "properties": {"nom": "Eglise macédoine de Diminy", "famille": "chretien", "religion_osm": "christian", "denomination_osm": "pentecostal", "pcode_commune": "HT0313", "commune": ""}}, {"type": "Feature", "geometry": {"type": "Point", "coordinates": [-72.14609, 19.63409]}, "properties": {"nom": "Eglise de Dieu Porte Ouverte", "famille": "chretien", "religion_osm": "christian", "denomination_osm": "baptist", "pcode_commune": "HT0313", "commune": ""}}, {"type": "Feature", "geometry": {"type": "Point", "coordinates": [-72.12894, 19.62017]}, "properties": {"nom": "Station Eglise Evangelique Portail", "famille": "chretien", "religion_osm": "christian", "denomination_osm": "baptist", "pcode_commune": "HT0313", "commune": ""}}, {"type": "Feature", "geometry": {"type": "Point", "coordinates": [-72.12809, 19.67645]}, "properties": {"nom": "Eglise Annexe Maranatha De Bohama", "famille": "chretien", "religion_osm": "christian", "denomination_osm": "baptist", "pcode_commune": "HT0313", "commune": ""}}, {"type": "Feature", "geometry": {"type": "Point", "coordinates": [-72.14547, 19.64472]}, "properties": {"nom": "StationGalilee", "famille": "chretien", "religion_osm": "christian", "denomination_osm": "pentecostal", "pcode_commune": "HT0313", "commune": ""}}, {"type": "Feature", "geometry": {"type": "Point", "coordinates": [-72.1253, 19.67034]}, "properties": {"nom": "Salle du Royaume des Témoins de Jéhovah", "famille": "chretien", "religion_osm": "christian", "denomination_osm": "jehovahs_witness", "pcode_commune": "HT0313", "commune": ""}}, {"type": "Feature", "geometry": {"type": "Point", "coordinates": [-72.1443, 19.64071]}, "properties": {"nom": "Eglise Baptiste Sion d'Espoir", "famille": "chretien", "religion_osm": "christian", "denomination_osm": "baptist", "pcode_commune": "HT0313", "commune": ""}}, {"type": "Feature", "geometry": {"type": "Point", "coordinates": [-72.20071, 19.74255]}, "properties": {"nom": "Eglise Chretienne Tabernacle de la Foi", "famille": "chretien", "religion_osm": "christian", "denomination_osm": "", "pcode_commune": "HT0311", "commune": ""}}, {"type": "Feature", "geometry": {"type": "Point", "coordinates": [-72.1989, 19.4411]}, "properties": {"nom": "Eglise Emmanuel", "famille": "non_renseigne", "religion_osm": "", "denomination_osm": "", "pcode_commune": "HT0341", "commune": ""}}, {"type": "Feature", "geometry": {"type": "Point", "coordinates": [-72.19983, 19.44136]}, "properties": {"nom": "Eglise de Nazareen", "famille": "non_renseigne", "religion_osm": "", "denomination_osm": "", "pcode_commune": "HT0341", "commune": ""}}, {"type": "Feature", "geometry": {"type": "Point", "coordinates": [-72.20099, 19.43993]}, "properties": {"nom": "Temple Adventiste Shekinah de Saint-Raphaël", "famille": "chretien", "religion_osm": "christian", "denomination_osm": "adventist", "pcode_commune": "HT0341", "commune": ""}}, {"type": "Feature", "geometry": {"type": "Point", "coordinates": [-72.27367, 19.67666]}, "properties": {"nom": "Eglise Evangelique Nouvelle Jerusalem", "famille": "chretien", "religion_osm": "christian", "denomination_osm": "baptist", "pcode_commune": "HT0322", "commune": ""}}, {"type": "Feature", "geometry": {"type": "Point", "coordinates": [-72.26945, 19.67997]}, "properties": {"nom": "Eglise Christ vivant", "famille": "chretien", "religion_osm": "christian", "denomination_osm": "protestant", "pcode_commune": "HT0322", "commune": ""}}, {"type": "Feature", "geometry": {"type": "Point", "coordinates": [-72.26937, 19.67855]}, "properties": {"nom": "Eglise Adventiste", "famille": "chretien", "religion_osm": "christian", "denomination_osm": "adventist", "pcode_commune": "HT0322", "commune": ""}}, {"type": "Feature", "geometry": {"type": "Point", "coordinates": [-72.2683, 19.67869]}, "properties": {"nom": "Salle du royaume des temoins de jehava", "famille": "non_renseigne", "religion_osm": "", "denomination_osm": "", "pcode_commune": "HT0322", "commune": ""}}, {"type": "Feature", "geometry": {"type": "Point", "coordinates": [-72.27503, 19.72392]}, "properties": {"nom": "Eglise baptiste centre du reveil", "famille": "chretien", "religion_osm": "christian", "denomination_osm": "baptist", "pcode_commune": "HT0322", "commune": ""}}, {"type": "Feature", "geometry": {"type": "Point", "coordinates": [-72.2679, 19.67594]}, "properties": {"nom": "Premiere Eglise Baptiste Eben-Ezer de plaine du Nord", "famille": "chretien", "religion_osm": "christian", "denomination_osm": "", "pcode_commune": "HT0322", "commune": ""}}, {"type": "Feature", "geometry": {"type": "Point", "coordinates": [-72.27461, 19.70822]}, "properties": {"nom": "Paroisse Christ-Roi", "famille": "chretien", "religion_osm": "christian", "denomination_osm": "catholic", "pcode_commune": "HT0322", "commune": ""}}, {"type": "Feature", "geometry": {"type": "Point", "coordinates": [-72.26854, 19.67834]}, "properties": {"nom": "Eglise Saint-Pierre", "famille": "chretien", "religion_osm": "christian", "denomination_osm": "", "pcode_commune": "HT0322", "commune": ""}}, {"type": "Feature", "geometry": {"type": "Point", "coordinates": [-72.27293, 19.70892]}, "properties": {"nom": "Eglise Adventiste Elim", "famille": "chretien", "religion_osm": "christian", "denomination_osm": "adventist", "pcode_commune": "HT0322", "commune": ""}}, {"type": "Feature", "geometry": {"type": "Point", "coordinates": [-72.26844, 19.70993]}, "properties": {"nom": "Eglise Evangelique shalom", "famille": "chretien", "religion_osm": "christian", "denomination_osm": "baptist", "pcode_commune": "HT0322", "commune": ""}}, {"type": "Feature", "geometry": {"type": "Point", "coordinates": [-71.95085, 18.67556]}, "properties": {"nom": "Eglise Baptiste Conservative de Cornillon", "famille": "non_renseigne", "religion_osm": "", "denomination_osm": "", "pcode_commune": "HT0134", "commune": ""}}, {"type": "Feature", "geometry": {"type": "Point", "coordinates": [-72.22759, 19.50247]}, "properties": {"nom": "Eglise Baptiste de Bassin Caiman", "famille": "non_renseigne", "religion_osm": "", "denomination_osm": "", "pcode_commune": "HT0342", "commune": ""}}, {"type": "Feature", "geometry": {"type": "Point", "coordinates": [-72.19887, 19.43782]}, "properties": {"nom": "Eglise de Dieu Liberée par Le Sang de Jésus", "famille": "chretien", "religion_osm": "christian", "denomination_osm": "", "pcode_commune": "HT0341", "commune": ""}}, {"type": "Feature", "geometry": {"type": "Point", "coordinates": [-72.39416, 18.53671]}, "properties": {"nom": "Eglise Lumiere", "famille": "non_renseigne", "religion_osm": "", "denomination_osm": "", "pcode_commune": "HT0113", "commune": ""}}, {"type": "Feature", "geometry": {"type": "Point", "coordinates": [-72.04357, 19.60012]}, "properties": {"nom": "Eglise Adventiste de Dubuisson", "famille": "chretien", "religion_osm": "christian", "denomination_osm": "adventist", "pcode_commune": "HT0431", "commune": ""}}, {"type": "Feature", "geometry": {"type": "Point", "coordinates": [-72.02585, 19.61449]}, "properties": {"nom": "Salle du Royaume des Témoins de Jéhovah", "famille": "chretien", "religion_osm": "christian", "denomination_osm": "jehovahs_witness", "pcode_commune": "HT0431", "commune": ""}}, {"type": "Feature", "geometry": {"type": "Point", "coordinates": [-72.01789, 19.60723]}, "properties": {"nom": "Église Corps de Christ", "famille": "chretien", "religion_osm": "christian", "denomination_osm": "pentecostal", "pcode_commune": "HT0431", "commune": ""}}, {"type": "Feature", "geometry": {"type": "Point", "coordinates": [-72.02338, 19.61597]}, "properties": {"nom": "Première Eglise Baptiste de Trou-du-Nord", "famille": "chretien", "religion_osm": "christian", "denomination_osm": "baptist", "pcode_commune": "HT0431", "commune": ""}}, {"type": "Feature", "geometry": {"type": "Point", "coordinates": [-71.83219, 19.65797]}, "properties": {"nom": "Eglise IMO de Fort-Liberté", "famille": "chretien", "religion_osm": "christian", "denomination_osm": "protestant", "pcode_commune": "HT0411", "commune": ""}}, {"type": "Feature", "geometry": {"type": "Point", "coordinates": [-71.72713, 19.5563]}, "properties": {"nom": "Temple Eben_Ezer", "famille": "autre", "religion_osm": "other", "denomination_osm": "baptist", "pcode_commune": "HT0421", "commune": ""}}, {"type": "Feature", "geometry": {"type": "Point", "coordinates": [-71.85212, 19.63943]}, "properties": {"nom": "Eglise Baptiste de Romeo", "famille": "chretien", "religion_osm": "christian", "denomination_osm": "baptist", "pcode_commune": "HT0411", "commune": ""}}, {"type": "Feature", "geometry": {"type": "Point", "coordinates": [-72.21363, 19.60802]}, "properties": {"nom": "Église Baptiste Philippienne de Milot", "famille": "chretien", "religion_osm": "christian", "denomination_osm": "baptist", "pcode_commune": "HT0323", "commune": ""}}, {"type": "Feature", "geometry": {"type": "Point", "coordinates": [-72.20353, 19.45822]}, "properties": {"nom": "Station Nouveau Testament", "famille": "chretien", "religion_osm": "christian", "denomination_osm": "baptist", "pcode_commune": "HT0341", "commune": ""}}, {"type": "Feature", "geometry": {"type": "Point", "coordinates": [-73.84726, 18.33194]}, "properties": {"nom": "Église sur le Rocher de Brouette", "famille": "chretien", "religion_osm": "christian", "denomination_osm": "", "pcode_commune": "HT0714", "commune": ""}}, {"type": "Feature", "geometry": {"type": "Point", "coordinates": [-73.8387, 18.35668]}, "properties": {"nom": "Eglise MEBSH de La Roche au Pont", "famille": "non_renseigne", "religion_osm": "", "denomination_osm": "", "pcode_commune": "HT0714", "commune": ""}}, {"type": "Feature", "geometry": {"type": "Point", "coordinates": [-73.80028, 18.34394]}, "properties": {"nom": "Eglise Notre-Dame du Perpétuelle Secours", "famille": "non_renseigne", "religion_osm": "", "denomination_osm": "", "pcode_commune": "HT0711", "commune": ""}}, {"type": "Feature", "geometry": {"type": "Point", "coordinates": [-73.8032, 18.28142]}, "properties": {"nom": "Eglise Notre-Dame De Lourdes", "famille": "non_renseigne", "religion_osm": "", "denomination_osm": "", "pcode_commune": "HT0711", "commune": ""}}, {"type": "Feature", "geometry": {"type": "Point", "coordinates": [-72.20499, 19.75142]}, "properties": {"nom": "Eglise Evangelique Baptiste de Samarie", "famille": "chretien", "religion_osm": "christian", "denomination_osm": "", "pcode_commune": "HT0311", "commune": ""}}, {"type": "Feature", "geometry": {"type": "Point", "coordinates": [-72.19953, 19.76537]}, "properties": {"nom": "Eglise Evangelique Libre du Cap-Haitien", "famille": "chretien", "religion_osm": "christian", "denomination_osm": "", "pcode_commune": "HT0311", "commune": ""}}, {"type": "Feature", "geometry": {"type": "Point", "coordinates": [-72.2001, 19.43865]}, "properties": {"nom": "Premiere Eglise Baptiste Independante", "famille": "non_renseigne", "religion_osm": "", "denomination_osm": "", "pcode_commune": "HT0341", "commune": ""}}, {"type": "Feature", "geometry": {"type": "Point", "coordinates": [-72.02228, 19.6156]}, "properties": {"nom": "Loge Le Réservoir du Sinoé", "famille": "autre", "religion_osm": "other", "denomination_osm": "others", "pcode_commune": "HT0431", "commune": ""}}, {"type": "Feature", "geometry": {"type": "Point", "coordinates": [-72.20469, 19.74646]}, "properties": {"nom": "Sanctuaire de Prière", "famille": "chretien", "religion_osm": "christian", "denomination_osm": "baptist", "pcode_commune": "HT0311", "commune": ""}}, {"type": "Feature", "geometry": {"type": "Point", "coordinates": [-72.20083, 19.75859]}, "properties": {"nom": "Eglise Evangelique de la Rue 12 E", "famille": "chretien", "religion_osm": "christian", "denomination_osm": "baptist", "pcode_commune": "HT0311", "commune": ""}}, {"type": "Feature", "geometry": {"type": "Point", "coordinates": [-71.83744, 19.66509]}, "properties": {"nom": "Eglise Baptiste Jérusalem de Fort-Liberté", "famille": "chretien", "religion_osm": "christian", "denomination_osm": "baptist", "pcode_commune": "HT0411", "commune": ""}}, {"type": "Feature", "geometry": {"type": "Point", "coordinates": [-71.83209, 19.65316]}, "properties": {"nom": "Eglise de Dieu de la Prophétie de Fort-Liberté", "famille": "chretien", "religion_osm": "christian", "denomination_osm": "baptist", "pcode_commune": "HT0411", "commune": ""}}, {"type": "Feature", "geometry": {"type": "Point", "coordinates": [-72.70639, 19.46321]}, "properties": {"nom": "eglise de dieu", "famille": "chretien", "religion_osm": "christian", "denomination_osm": "protestant", "pcode_commune": "HT0511", "commune": ""}}, {"type": "Feature", "geometry": {"type": "Point", "coordinates": [-72.02128, 19.61871]}, "properties": {"nom": "Premier Bassin de Saint-Jean-Baptiste", "famille": "vodou", "religion_osm": "voodoo", "denomination_osm": "", "pcode_commune": "HT0431", "commune": ""}}, {"type": "Feature", "geometry": {"type": "Point", "coordinates": [-72.0212, 19.61833]}, "properties": {"nom": "Deuxième Bassin de Saint-Jean-Baptiste", "famille": "vodou", "religion_osm": "voodoo", "denomination_osm": "", "pcode_commune": "HT0431", "commune": ""}}, {"type": "Feature", "geometry": {"type": "Point", "coordinates": [-71.93955, 19.57692]}, "properties": {"nom": "Eglise Adventiste de Grand Bassin", "famille": "chretien", "religion_osm": "christian", "denomination_osm": "adventist", "pcode_commune": "HT0433", "commune": ""}}, {"type": "Feature", "geometry": {"type": "Point", "coordinates": [-72.20439, 19.75161]}, "properties": {"nom": "Eglise Baptiste Nationale", "famille": "chretien", "religion_osm": "christian", "denomination_osm": "protestant", "pcode_commune": "HT0311", "commune": ""}}, {"type": "Feature", "geometry": {"type": "Point", "coordinates": [-72.2182, 19.73895]}, "properties": {"nom": "Eglise Methodiste de Champin", "famille": "chretien", "religion_osm": "christian", "denomination_osm": "methodist", "pcode_commune": "HT0311", "commune": ""}}, {"type": "Feature", "geometry": {"type": "Point", "coordinates": [-71.83894, 19.66491]}, "properties": {"nom": "Académie Royale d´Haiti", "famille": "autre", "religion_osm": "other", "denomination_osm": "others", "pcode_commune": "HT0411", "commune": ""}}, {"type": "Feature", "geometry": {"type": "Point", "coordinates": [-72.14473, 19.64828]}, "properties": {"nom": "Église Evangelique Bon Berger de Biclair", "famille": "chretien", "religion_osm": "christian", "denomination_osm": "baptist", "pcode_commune": "HT0313", "commune": ""}}, {"type": "Feature", "geometry": {"type": "Point", "coordinates": [-72.14376, 19.65356]}, "properties": {"nom": "Église de Dieu de l´ache alliance", "famille": "chretien", "religion_osm": "christian", "denomination_osm": "pentecostal", "pcode_commune": "HT0313", "commune": ""}}, {"type": "Feature", "geometry": {"type": "Point", "coordinates": [-72.14523, 19.63749]}, "properties": {"nom": "Eglise Advetiste Du 7eme Jour", "famille": "chretien", "religion_osm": "christian", "denomination_osm": "adventist", "pcode_commune": "HT0313", "commune": ""}}, {"type": "Feature", "geometry": {"type": "Point", "coordinates": [-72.14493, 19.6453]}, "properties": {"nom": "Galile Badji", "famille": "vodou", "religion_osm": "voodoo", "denomination_osm": "others", "pcode_commune": "HT0313", "commune": ""}}, {"type": "Feature", "geometry": {"type": "Point", "coordinates": [-72.14251, 19.65494]}, "properties": {"nom": "Eglise Baptiste Philadelphie", "famille": "chretien", "religion_osm": "christian", "denomination_osm": "baptist", "pcode_commune": "HT0313", "commune": ""}}, {"type": "Feature", "geometry": {"type": "Point", "coordinates": [-72.12096, 19.65037]}, "properties": {"nom": "Salle Deréale", "famille": "vodou", "religion_osm": "voodoo", "denomination_osm": "", "pcode_commune": "HT0313", "commune": ""}}, {"type": "Feature", "geometry": {"type": "Point", "coordinates": [-71.83394, 19.65722]}, "properties": {"nom": "Eglise", "famille": "non_renseigne", "religion_osm": "", "denomination_osm": "", "pcode_commune": "HT0411", "commune": ""}}, {"type": "Feature", "geometry": {"type": "Point", "coordinates": [-72.11215, 19.72903]}, "properties": {"nom": "église chrétienne", "famille": "vodou", "religion_osm": "voodoo", "denomination_osm": "others", "pcode_commune": "HT0313", "commune": ""}}, {"type": "Feature", "geometry": {"type": "Point", "coordinates": [-72.11354, 19.72752]}, "properties": {"nom": "Église Baptiste de Morija", "famille": "chretien", "religion_osm": "christian", "denomination_osm": "baptist", "pcode_commune": "HT0313", "commune": ""}}, {"type": "Feature", "geometry": {"type": "Point", "coordinates": [-72.15849, 19.69446]}, "properties": {"nom": "Loge les Enfants de la Patrie", "famille": "autre", "religion_osm": "jewish", "denomination_osm": "", "pcode_commune": "HT0312", "commune": ""}}, {"type": "Feature", "geometry": {"type": "Point", "coordinates": [-72.12017, 19.72845]}, "properties": {"nom": "Assemblee de l´Eglise du Christ de Bord de Mer de Limonade", "famille": "chretien", "religion_osm": "christian", "denomination_osm": "baptist", "pcode_commune": "HT0313", "commune": ""}}, {"type": "Feature", "geometry": {"type": "Point", "coordinates": [-72.12182, 19.72733]}, "properties": {"nom": "Eglise Adventiste de Bord de Mer de Limonade", "famille": "chretien", "religion_osm": "christian", "denomination_osm": "adventist", "pcode_commune": "HT0313", "commune": ""}}, {"type": "Feature", "geometry": {"type": "Point", "coordinates": [-72.0886, 19.58362]}, "properties": {"nom": "Eglise Catholique de Sainte Suzanne", "famille": "chretien", "religion_osm": "christian", "denomination_osm": "catholic", "pcode_commune": "HT0432", "commune": ""}}, {"type": "Feature", "geometry": {"type": "Point", "coordinates": [-71.81221, 19.65558]}, "properties": {"nom": "Eglise Sainte-Croix de Derac", "famille": "chretien", "religion_osm": "christian", "denomination_osm": "catholic", "pcode_commune": "HT0411", "commune": ""}}, {"type": "Feature", "geometry": {"type": "Point", "coordinates": [-71.8133, 19.65535]}, "properties": {"nom": "Eglise Adventiste de Derac", "famille": "chretien", "religion_osm": "christian", "denomination_osm": "adventist", "pcode_commune": "HT0411", "commune": ""}}, {"type": "Feature", "geometry": {"type": "Point", "coordinates": [-71.84903, 19.6391]}, "properties": {"nom": "Eglise Notre Dame de la Nativité", "famille": "chretien", "religion_osm": "christian", "denomination_osm": "catholic", "pcode_commune": "HT0411", "commune": ""}}, {"type": "Feature", "geometry": {"type": "Point", "coordinates": [-71.81514, 19.65455]}, "properties": {"nom": "Eglise Baptiste Philadelphie de Dérac", "famille": "chretien", "religion_osm": "christian", "denomination_osm": "baptist", "pcode_commune": "HT0411", "commune": ""}}, {"type": "Feature", "geometry": {"type": "Point", "coordinates": [-71.97588, 19.65417]}, "properties": {"nom": "The Georgette Martine Sewing Corp. FFP", "famille": "chretien", "religion_osm": "christian", "denomination_osm": "baptist", "pcode_commune": "HT0433", "commune": ""}}, {"type": "Feature", "geometry": {"type": "Point", "coordinates": [-72.08941, 19.58371]}, "properties": {"nom": "Eglise Baptiste be Sainte suzanne", "famille": "non_renseigne", "religion_osm": "", "denomination_osm": "", "pcode_commune": "HT0432", "commune": ""}}, {"type": "Feature", "geometry": {"type": "Point", "coordinates": [-72.08932, 19.58295]}, "properties": {"nom": "Eglise Evangelique Nouvelle vie", "famille": "non_renseigne", "religion_osm": "", "denomination_osm": "", "pcode_commune": "HT0432", "commune": ""}}, {"type": "Feature", "geometry": {"type": "Point", "coordinates": [-72.08888, 19.58556]}, "properties": {"nom": "Eglise Adventiste du Septieme Jour de Sainte Suzanne", "famille": "chretien", "religion_osm": "christian", "denomination_osm": "adventist", "pcode_commune": "HT0432", "commune": ""}}, {"type": "Feature", "geometry": {"type": "Point", "coordinates": [-72.08933, 19.58499]}, "properties": {"nom": "Eglise Nazareen de Sainte Suzanne", "famille": "chretien", "religion_osm": "christian", "denomination_osm": "protestant", "pcode_commune": "HT0432", "commune": ""}}, {"type": "Feature", "geometry": {"type": "Point", "coordinates": [-72.0887, 19.58391]}, "properties": {"nom": "Presbitaire de Sainte SUzanne", "famille": "non_renseigne", "religion_osm": "", "denomination_osm": "catholic", "pcode_commune": "HT0432", "commune": ""}}, {"type": "Feature", "geometry": {"type": "Point", "coordinates": [-72.09351, 19.64067]}, "properties": {"nom": "Sacré Coeur", "famille": "chretien", "religion_osm": "christian", "denomination_osm": "catholic", "pcode_commune": "HT0313", "commune": ""}}, {"type": "Feature", "geometry": {"type": "Point", "coordinates": [-72.1716, 19.72203]}, "properties": {"nom": "Eglise Baptiste Eben-Ezer", "famille": "chretien", "religion_osm": "christian", "denomination_osm": "baptist", "pcode_commune": "HT0312", "commune": ""}}, {"type": "Feature", "geometry": {"type": "Point", "coordinates": [-72.17558, 19.72505]}, "properties": {"nom": "Lovana ville", "famille": "vodou", "religion_osm": "voodoo", "denomination_osm": "others", "pcode_commune": "HT0311", "commune": ""}}, {"type": "Feature", "geometry": {"type": "Point", "coordinates": [-72.15698, 19.7116]}, "properties": {"nom": "eglise baptiste mont des olivier", "famille": "chretien", "religion_osm": "christian", "denomination_osm": "baptist", "pcode_commune": "HT0312", "commune": ""}}, {"type": "Feature", "geometry": {"type": "Point", "coordinates": [-71.83798, 19.662]}, "properties": {"nom": "Eglise Braham", "famille": "chretien", "religion_osm": "christian", "denomination_osm": "protestant", "pcode_commune": "HT0411", "commune": ""}}, {"type": "Feature", "geometry": {"type": "Point", "coordinates": [-71.96033, 19.63621]}, "properties": {"nom": "Beracca", "famille": "chretien", "religion_osm": "christian", "denomination_osm": "baptist", "pcode_commune": "HT0433", "commune": ""}}, {"type": "Feature", "geometry": {"type": "Point", "coordinates": [-71.83219, 19.65649]}, "properties": {"nom": "Station de l'Eglise Baptiste Jérusalem de Fort-Liberté", "famille": "chretien", "religion_osm": "christian", "denomination_osm": "baptist", "pcode_commune": "HT0411", "commune": ""}}, {"type": "Feature", "geometry": {"type": "Point", "coordinates": [-71.838, 19.6626]}, "properties": {"nom": "Dieu est ici", "famille": "chretien", "religion_osm": "christian", "denomination_osm": "baptist", "pcode_commune": "HT0411", "commune": ""}}, {"type": "Feature", "geometry": {"type": "Point", "coordinates": [-72.15233, 19.71823]}, "properties": {"nom": "Lovana", "famille": "vodou", "religion_osm": "voodoo", "denomination_osm": "", "pcode_commune": "HT0312", "commune": ""}}, {"type": "Feature", "geometry": {"type": "Point", "coordinates": [-72.02788, 19.62462]}, "properties": {"nom": "Église de Dieu de Trou-du-Nord", "famille": "chretien", "religion_osm": "christian", "denomination_osm": "baptist", "pcode_commune": "HT0431", "commune": ""}}, {"type": "Feature", "geometry": {"type": "Point", "coordinates": [-72.03839, 19.63648]}, "properties": {"nom": "Eglise Baptiste de Siloe", "famille": "chretien", "religion_osm": "christian", "denomination_osm": "baptist", "pcode_commune": "HT0431", "commune": ""}}, {"type": "Feature", "geometry": {"type": "Point", "coordinates": [-72.1125, 19.72847]}, "properties": {"nom": "Sainte Philomise", "famille": "vodou", "religion_osm": "voodoo", "denomination_osm": "", "pcode_commune": "HT0313", "commune": ""}}, {"type": "Feature", "geometry": {"type": "Point", "coordinates": [-72.17122, 19.72438]}, "properties": {"nom": "Eglise De Dieu de la delivrance", "famille": "chretien", "religion_osm": "christian", "denomination_osm": "baptist", "pcode_commune": "HT0312", "commune": ""}}, {"type": "Feature", "geometry": {"type": "Point", "coordinates": [-72.15612, 19.72103]}, "properties": {"nom": "Église du Christ de Galman Duplaa", "famille": "chretien", "religion_osm": "christian", "denomination_osm": "protestant", "pcode_commune": "HT0312", "commune": ""}}, {"type": "Feature", "geometry": {"type": "Point", "coordinates": [-72.15594, 19.72667]}, "properties": {"nom": "Eglise Baptiste de Sion", "famille": "chretien", "religion_osm": "christian", "denomination_osm": "baptist", "pcode_commune": "HT0312", "commune": ""}}, {"type": "Feature", "geometry": {"type": "Point", "coordinates": [-72.11306, 19.68635]}, "properties": {"nom": "Église Centre de Vie de Fossé Capois", "famille": "chretien", "religion_osm": "christian", "denomination_osm": "", "pcode_commune": "HT0313", "commune": ""}}, {"type": "Feature", "geometry": {"type": "Point", "coordinates": [-72.15569, 19.7327]}, "properties": {"nom": "Eglise Evangelique Philadelphie", "famille": "chretien", "religion_osm": "christian", "denomination_osm": "baptist", "pcode_commune": "HT0312", "commune": ""}}, {"type": "Feature", "geometry": {"type": "Point", "coordinates": [-72.11077, 19.686]}, "properties": {"nom": "Église Baptiste Kiousga", "famille": "chretien", "religion_osm": "christian", "denomination_osm": "baptist", "pcode_commune": "HT0313", "commune": ""}}, {"type": "Feature", "geometry": {"type": "Point", "coordinates": [-72.1208, 19.72781]}, "properties": {"nom": "La famille", "famille": "vodou", "religion_osm": "voodoo", "denomination_osm": "others", "pcode_commune": "HT0313", "commune": ""}}, {"type": "Feature", "geometry": {"type": "Point", "coordinates": [-72.0992, 19.70925]}, "properties": {"nom": "Georges Jaquelin Peristile", "famille": "vodou", "religion_osm": "voodoo", "denomination_osm": "others", "pcode_commune": "HT0313", "commune": ""}}, {"type": "Feature", "geometry": {"type": "Point", "coordinates": [-72.09927, 19.70927]}, "properties": {"nom": "Luisana Alexandre Peristile", "famille": "vodou", "religion_osm": "voodoo", "denomination_osm": "others", "pcode_commune": "HT0313", "commune": ""}}, {"type": "Feature", "geometry": {"type": "Point", "coordinates": [-72.10707, 19.70082]}, "properties": {"nom": "Lumiere et Vie", "famille": "chretien", "religion_osm": "christian", "denomination_osm": "baptist", "pcode_commune": "HT0313", "commune": ""}}, {"type": "Feature", "geometry": {"type": "Point", "coordinates": [-72.06526, 19.61704]}, "properties": {"nom": "Eglise Catholique de Cacheman", "famille": "non_renseigne", "religion_osm": "", "denomination_osm": "", "pcode_commune": "HT0431", "commune": ""}}, {"type": "Feature", "geometry": {"type": "Point", "coordinates": [-71.82926, 19.66148]}, "properties": {"nom": "Eglise Baptiste de Pasteur Frenel", "famille": "chretien", "religion_osm": "christian", "denomination_osm": "baptist", "pcode_commune": "HT0411", "commune": ""}}, {"type": "Feature", "geometry": {"type": "Point", "coordinates": [-71.83575, 19.65688]}, "properties": {"nom": "Eglise Armée du Christ", "famille": "chretien", "religion_osm": "christian", "denomination_osm": "pentecostal", "pcode_commune": "HT0411", "commune": ""}}, {"type": "Feature", "geometry": {"type": "Point", "coordinates": [-71.83673, 19.66224]}, "properties": {"nom": "Mission d´Adoration de l´Eglise du Christ de Fort-Liberté", "famille": "chretien", "religion_osm": "christian", "denomination_osm": "protestant", "pcode_commune": "HT0411", "commune": ""}}, {"type": "Feature", "geometry": {"type": "Point", "coordinates": [-72.03624, 19.60375]}, "properties": {"nom": "Kay Ougan Gilbert", "famille": "vodou", "religion_osm": "voodoo", "denomination_osm": "", "pcode_commune": "HT0431", "commune": ""}}, {"type": "Feature", "geometry": {"type": "Point", "coordinates": [-72.03827, 19.58918]}, "properties": {"nom": "Eglise Catholique de Dibuson", "famille": "non_renseigne", "religion_osm": "", "denomination_osm": "catholic", "pcode_commune": "HT0431", "commune": ""}}, {"type": "Feature", "geometry": {"type": "Point", "coordinates": [-71.88202, 19.52018]}, "properties": {"nom": "Eglise Adventiste du 7e jour", "famille": "chretien", "religion_osm": "christian", "denomination_osm": "adventist", "pcode_commune": "HT0411", "commune": ""}}, {"type": "Feature", "geometry": {"type": "Point", "coordinates": [-71.88229, 19.51643]}, "properties": {"nom": "Eglise La Croix", "famille": "chretien", "religion_osm": "christian", "denomination_osm": "baptist", "pcode_commune": "HT0411", "commune": ""}}, {"type": "Feature", "geometry": {"type": "Point", "coordinates": [-72.61963, 19.89218]}, "properties": {"nom": "Eglise Baptiste Bethanie", "famille": "chretien", "religion_osm": "christian", "denomination_osm": "baptist", "pcode_commune": "HT0922", "commune": ""}}, {"type": "Feature", "geometry": {"type": "Point", "coordinates": [-72.62015, 19.89276]}, "properties": {"nom": "Eglise Baptiste Chretienne", "famille": "chretien", "religion_osm": "christian", "denomination_osm": "baptist", "pcode_commune": "HT0922", "commune": ""}}, {"type": "Feature", "geometry": {"type": "Point", "coordinates": [-72.62167, 19.89259]}, "properties": {"nom": "Eglise Catholique Sainte Anne", "famille": "chretien", "religion_osm": "christian", "denomination_osm": "catholic", "pcode_commune": "HT0922", "commune": ""}}, {"type": "Feature", "geometry": {"type": "Point", "coordinates": [-72.61677, 19.89133]}, "properties": {"nom": "Eglise De Dieu la terre Promise", "famille": "chretien", "religion_osm": "christian", "denomination_osm": "baptist", "pcode_commune": "HT0922", "commune": ""}}, {"type": "Feature", "geometry": {"type": "Point", "coordinates": [-72.62036, 19.89226]}, "properties": {"nom": "Eglise du Nazaren", "famille": "chretien", "religion_osm": "christian", "denomination_osm": "baptist", "pcode_commune": "HT0922", "commune": ""}}, {"type": "Feature", "geometry": {"type": "Point", "coordinates": [-72.61829, 19.89048]}, "properties": {"nom": "Peristile", "famille": "vodou", "religion_osm": "voodoo", "denomination_osm": "", "pcode_commune": "HT0922", "commune": ""}}, {"type": "Feature", "geometry": {"type": "Point", "coordinates": [-72.61939, 19.89097]}, "properties": {"nom": "Peristile", "famille": "vodou", "religion_osm": "voodoo", "denomination_osm": "", "pcode_commune": "HT0922", "commune": ""}}, {"type": "Feature", "geometry": {"type": "Point", "coordinates": [-72.62016, 19.89099]}, "properties": {"nom": "Peristile", "famille": "vodou", "religion_osm": "voodoo", "denomination_osm": "", "pcode_commune": "HT0922", "commune": ""}}, {"type": "Feature", "geometry": {"type": "Point", "coordinates": [-72.61876, 19.89129]}, "properties": {"nom": "Peristile", "famille": "vodou", "religion_osm": "voodoo", "denomination_osm": "", "pcode_commune": "HT0922", "commune": ""}}, {"type": "Feature", "geometry": {"type": "Point", "coordinates": [-72.6183, 19.89167]}, "properties": {"nom": "Peristile", "famille": "vodou", "religion_osm": "voodoo", "denomination_osm": "", "pcode_commune": "HT0922", "commune": ""}}, {"type": "Feature", "geometry": {"type": "Point", "coordinates": [-72.61756, 19.89168]}, "properties": {"nom": "Peristile", "famille": "vodou", "religion_osm": "voodoo", "denomination_osm": "", "pcode_commune": "HT0922", "commune": ""}}, {"type": "Feature", "geometry": {"type": "Point", "coordinates": [-72.61908, 19.89169]}, "properties": {"nom": "Peristile", "famille": "vodou", "religion_osm": "voodoo", "denomination_osm": "", "pcode_commune": "HT0922", "commune": ""}}, {"type": "Feature", "geometry": {"type": "Point", "coordinates": [-72.6186, 19.89164]}, "properties": {"nom": "Temple Adventiste", "famille": "chretien", "religion_osm": "christian", "denomination_osm": "adventist", "pcode_commune": "HT0922", "commune": ""}}, {"type": "Feature", "geometry": {"type": "Point", "coordinates": [-72.84149, 19.94106]}, "properties": {"nom": "Eglise De Dieu Amour du Christ", "famille": "chretien", "religion_osm": "christian", "denomination_osm": "baptist", "pcode_commune": "HT0911", "commune": ""}}, {"type": "Feature", "geometry": {"type": "Point", "coordinates": [-72.84065, 19.94116]}, "properties": {"nom": "Les Saints Anges", "famille": "vodou", "religion_osm": "voodoo", "denomination_osm": "others", "pcode_commune": "HT0911", "commune": ""}}, {"type": "Feature", "geometry": {"type": "Point", "coordinates": [-72.53563, 18.24846]}, "properties": {"nom": "Saint Yves de Monchil", "famille": "chretien", "religion_osm": "christian", "denomination_osm": "catholic", "pcode_commune": "HT0211", "commune": ""}}, {"type": "Feature", "geometry": {"type": "Point", "coordinates": [-72.5585, 18.26067]}, "properties": {"nom": "Saint Joseph la Chapelle", "famille": "chretien", "religion_osm": "christian", "denomination_osm": "catholic", "pcode_commune": "HT0211", "commune": ""}}, {"type": "Feature", "geometry": {"type": "Point", "coordinates": [-72.53553, 18.28541]}, "properties": {"nom": "Fraternite Bizoton", "famille": "chretien", "religion_osm": "christian", "denomination_osm": "catholic", "pcode_commune": "HT0211", "commune": ""}}, {"type": "Feature", "geometry": {"type": "Point", "coordinates": [-72.49813, 18.30088]}, "properties": {"nom": "Notre Dame du progrès", "famille": "chretien", "religion_osm": "christian", "denomination_osm": "catholic", "pcode_commune": "HT0211", "commune": ""}}, {"type": "Feature", "geometry": {"type": "Point", "coordinates": [-72.51926, 18.28045]}, "properties": {"nom": "Notre Dame du Perpétuel Secours", "famille": "chretien", "religion_osm": "christian", "denomination_osm": "catholic", "pcode_commune": "HT0211", "commune": ""}}, {"type": "Feature", "geometry": {"type": "Point", "coordinates": [-72.22925, 19.63437]}, "properties": {"nom": "Eglise Catholique", "famille": "chretien", "religion_osm": "christian", "denomination_osm": "catholic", "pcode_commune": "HT0323", "commune": ""}}, {"type": "Feature", "geometry": {"type": "Point", "coordinates": [-72.24066, 19.6287]}, "properties": {"nom": "Eglise Evangelique Baptiste de Borde", "famille": "chretien", "religion_osm": "christian", "denomination_osm": "baptist", "pcode_commune": "HT0323", "commune": ""}}, {"type": "Feature", "geometry": {"type": "Point", "coordinates": [-72.26082, 19.61177]}, "properties": {"nom": "Premiere Eglise Baptiste de Robillard", "famille": "non_renseigne", "religion_osm": "", "denomination_osm": "", "pcode_commune": "HT0322", "commune": ""}}, {"type": "Feature", "geometry": {"type": "Point", "coordinates": [-72.25862, 19.61438]}, "properties": {"nom": "Eglise Catholique de Robillard", "famille": "chretien", "religion_osm": "christian", "denomination_osm": "catholic", "pcode_commune": "HT0322", "commune": ""}}, {"type": "Feature", "geometry": {"type": "Point", "coordinates": [-72.23723, 19.63834]}, "properties": {"nom": "Eglise de Dieu de Beraca de Borde", "famille": "chretien", "religion_osm": "christian", "denomination_osm": "pentecostal", "pcode_commune": "HT0323", "commune": ""}}, {"type": "Feature", "geometry": {"type": "Point", "coordinates": [-72.23376, 19.64458]}, "properties": {"nom": "Eglise  Baptiste New Bethel", "famille": "chretien", "religion_osm": "christian", "denomination_osm": "pentecostal", "pcode_commune": "HT0323", "commune": ""}}, {"type": "Feature", "geometry": {"type": "Point", "coordinates": [-72.22407, 19.64198]}, "properties": {"nom": "Eglise Evangelique  Baptiste de Lambert", "famille": "chretien", "religion_osm": "christian", "denomination_osm": "baptist", "pcode_commune": "HT0323", "commune": ""}}, {"type": "Feature", "geometry": {"type": "Point", "coordinates": [-72.24574, 19.7706]}, "properties": {"nom": "Paroisse Mont Carmel", "famille": "chretien", "religion_osm": "christian", "denomination_osm": "catholic", "pcode_commune": "HT0311", "commune": ""}}, {"type": "Feature", "geometry": {"type": "Point", "coordinates": [-71.83203, 19.59798]}, "properties": {"nom": "Eglise Baptiste de Dumas", "famille": "chretien", "religion_osm": "christian", "denomination_osm": "baptist", "pcode_commune": "HT0411", "commune": ""}}, {"type": "Feature", "geometry": {"type": "Point", "coordinates": [-71.83368, 19.59599]}, "properties": {"nom": "Eglise Catholique de Dumas", "famille": "chretien", "religion_osm": "christian", "denomination_osm": "catholic", "pcode_commune": "HT0411", "commune": ""}}, {"type": "Feature", "geometry": {"type": "Point", "coordinates": [-72.24654, 19.77169]}, "properties": {"nom": "Église Baptiste", "famille": "chretien", "religion_osm": "christian", "denomination_osm": "baptist", "pcode_commune": "HT0311", "commune": ""}}, {"type": "Feature", "geometry": {"type": "Point", "coordinates": [-71.84945, 19.61286]}, "properties": {"nom": "Eglise Catholique de Garrate", "famille": "chretien", "religion_osm": "christian", "denomination_osm": "catholic", "pcode_commune": "HT0411", "commune": ""}}, {"type": "Feature", "geometry": {"type": "Point", "coordinates": [-71.99223, 19.68433]}, "properties": {"nom": "Prebystere", "famille": "chretien", "religion_osm": "christian", "denomination_osm": "catholic", "pcode_commune": "HT0434", "commune": ""}}, {"type": "Feature", "geometry": {"type": "Point", "coordinates": [-71.87043, 19.65472]}, "properties": {"nom": "Eglise Baptiste de Garde Saline", "famille": "chretien", "religion_osm": "christian", "denomination_osm": "baptist", "pcode_commune": "HT0411", "commune": ""}}, {"type": "Feature", "geometry": {"type": "Point", "coordinates": [-71.86969, 19.65495]}, "properties": {"nom": "Saint-Georges", "famille": "chretien", "religion_osm": "christian", "denomination_osm": "catholic", "pcode_commune": "HT0411", "commune": ""}}, {"type": "Feature", "geometry": {"type": "Point", "coordinates": [-72.215, 19.74693]}, "properties": {"nom": "Eglise Adventiste Orebe", "famille": "chretien", "religion_osm": "christian", "denomination_osm": "", "pcode_commune": "HT0311", "commune": ""}}, {"type": "Feature", "geometry": {"type": "Point", "coordinates": [-72.52383, 19.84544]}, "properties": {"nom": "Eglise Baptiste Wesliyenne du Borgne", "famille": "chretien", "religion_osm": "christian", "denomination_osm": "", "pcode_commune": "HT0351", "commune": ""}}, {"type": "Feature", "geometry": {"type": "Point", "coordinates": [-72.24873, 19.77413]}, "properties": {"nom": "Eglise  Evangelique vie nouvel", "famille": "chretien", "religion_osm": "christian", "denomination_osm": "baptist", "pcode_commune": "HT0311", "commune": ""}}, {"type": "Feature", "geometry": {"type": "Point", "coordinates": [-72.60828, 19.20493]}, "properties": {"nom": "Eglise de Dieu Jerusalem", "famille": "non_renseigne", "religion_osm": "", "denomination_osm": "", "pcode_commune": "HT0541", "commune": ""}}, {"type": "Feature", "geometry": {"type": "Point", "coordinates": [-72.21614, 19.73557]}, "properties": {"nom": "Eglise Universelle de Jesus", "famille": "chretien", "religion_osm": "christian", "denomination_osm": "", "pcode_commune": "HT0311", "commune": ""}}, {"type": "Feature", "geometry": {"type": "Point", "coordinates": [-72.31972, 19.68028]}, "properties": {"nom": "Notre-dame del la Nativite", "famille": "chretien", "religion_osm": "christian", "denomination_osm": "", "pcode_commune": "HT0321", "commune": ""}}, {"type": "Feature", "geometry": {"type": "Point", "coordinates": [-72.21573, 19.72743]}, "properties": {"nom": "Église Evangelique Baptiste Mont Olivier", "famille": "chretien", "religion_osm": "christian", "denomination_osm": "", "pcode_commune": "HT0311", "commune": ""}}, {"type": "Feature", "geometry": {"type": "Point", "coordinates": [-72.31674, 19.68067]}, "properties": {"nom": "1ere Eglise Baptiste de lÁcul du Nord", "famille": "chretien", "religion_osm": "christian", "denomination_osm": "baptist", "pcode_commune": "HT0321", "commune": ""}}, {"type": "Feature", "geometry": {"type": "Point", "coordinates": [-71.89489, 19.67657]}, "properties": {"nom": "Eglise Catholique de l'Enfant Jésus de Phaeton", "famille": "chretien", "religion_osm": "christian", "denomination_osm": "catholic", "pcode_commune": "HT0433", "commune": ""}}, {"type": "Feature", "geometry": {"type": "Point", "coordinates": [-71.89808, 19.67376]}, "properties": {"nom": "Eglise Baptiste Bethel de Phaeton", "famille": "chretien", "religion_osm": "christian", "denomination_osm": "", "pcode_commune": "HT0433", "commune": ""}}, {"type": "Feature", "geometry": {"type": "Point", "coordinates": [-72.24873, 19.77413]}, "properties": {"nom": "Eglise  Evangelique Vie Nouvelle", "famille": "chretien", "religion_osm": "christian", "denomination_osm": "baptist", "pcode_commune": "HT0311", "commune": ""}}, {"type": "Feature", "geometry": {"type": "Point", "coordinates": [-72.36356, 18.52893]}, "properties": {"nom": "Église Saint-Michel", "famille": "chretien", "religion_osm": "christian", "denomination_osm": "catholic", "pcode_commune": "HT0111", "commune": ""}}, {"type": "Feature", "geometry": {"type": "Point", "coordinates": [-72.20019, 19.763]}, "properties": {"nom": "Eglise Wesleyenne du Cap-Haitien", "famille": "chretien", "religion_osm": "christian", "denomination_osm": "", "pcode_commune": "HT0311", "commune": ""}}, {"type": "Feature", "geometry": {"type": "Point", "coordinates": [-72.21003, 19.74172]}, "properties": {"nom": "Eglise de dieu le rocher de la victoire", "famille": "non_renseigne", "religion_osm": "", "denomination_osm": "", "pcode_commune": "HT0311", "commune": ""}}, {"type": "Feature", "geometry": {"type": "Point", "coordinates": [-72.57153, 19.52593]}, "properties": {"nom": "Église Nazaretheen", "famille": "chretien", "religion_osm": "christian", "denomination_osm": "", "pcode_commune": "HT0512", "commune": ""}}, {"type": "Feature", "geometry": {"type": "Point", "coordinates": [-72.24291, 19.67749]}, "properties": {"nom": "Eglise Catholique de lassuis", "famille": "chretien", "religion_osm": "christian", "denomination_osm": "catholic", "pcode_commune": "HT0322", "commune": ""}}, {"type": "Feature", "geometry": {"type": "Point", "coordinates": [-72.24212, 19.67851]}, "properties": {"nom": "Eglise Evangelique de Lassuis", "famille": "chretien", "religion_osm": "christian", "denomination_osm": "baptist", "pcode_commune": "HT0322", "commune": ""}}, {"type": "Feature", "geometry": {"type": "Point", "coordinates": [-72.24202, 19.68371]}, "properties": {"nom": "Eglise Vie et Lumiere de lassuis", "famille": "chretien", "religion_osm": "christian", "denomination_osm": "baptist", "pcode_commune": "HT0322", "commune": ""}}, {"type": "Feature", "geometry": {"type": "Point", "coordinates": [-72.24317, 19.67387]}, "properties": {"nom": "Eglise Maranatha de Lassuis", "famille": "chretien", "religion_osm": "christian", "denomination_osm": "baptist", "pcode_commune": "HT0322", "commune": ""}}, {"type": "Feature", "geometry": {"type": "Point", "coordinates": [-72.2691, 19.67662]}, "properties": {"nom": "Eglise Catholique de la Plaine du nord", "famille": "chretien", "religion_osm": "christian", "denomination_osm": "catholic", "pcode_commune": "HT0322", "commune": ""}}, {"type": "Feature", "geometry": {"type": "Point", "coordinates": [-72.23592, 18.67491]}, "properties": {"nom": "eglise de Dieu de portetroite", "famille": "chretien", "religion_osm": "christian", "denomination_osm": "pentecostal", "pcode_commune": "HT0132", "commune": ""}}, {"type": "Feature", "geometry": {"type": "Point", "coordinates": [-72.23916, 18.67413]}, "properties": {"nom": "M.E.D.T.L", "famille": "chretien", "religion_osm": "christian", "denomination_osm": "", "pcode_commune": "HT0132", "commune": ""}}, {"type": "Feature", "geometry": {"type": "Point", "coordinates": [-72.23939, 18.67628]}, "properties": {"nom": "Eglise Fraternité", "famille": "chretien", "religion_osm": "christian", "denomination_osm": "", "pcode_commune": "HT0132", "commune": ""}}, {"type": "Feature", "geometry": {"type": "Point", "coordinates": [-73.21406, 19.66938]}, "properties": {"nom": "Eglise Baptiste", "famille": "chretien", "religion_osm": "christian", "denomination_osm": "baptist", "pcode_commune": "HT0932", "commune": ""}}, {"type": "Feature", "geometry": {"type": "Point", "coordinates": [-73.20964, 19.66437]}, "properties": {"nom": "Saint Michel Archange", "famille": "chretien", "religion_osm": "christian", "denomination_osm": "catholic", "pcode_commune": "HT0932", "commune": ""}}, {"type": "Feature", "geometry": {"type": "Point", "coordinates": [-72.236, 18.66689]}, "properties": {"nom": "Eglise Baptiste Tabernacle de Louange", "famille": "chretien", "religion_osm": "christian", "denomination_osm": "baptist", "pcode_commune": "HT0132", "commune": ""}}, {"type": "Feature", "geometry": {"type": "Point", "coordinates": [-72.22719, 18.66414]}, "properties": {"nom": "Mission Assemblée Independance (Église d'Onaville)", "famille": "chretien", "religion_osm": "christian", "denomination_osm": "pentecostal", "pcode_commune": "HT0132", "commune": ""}}, {"type": "Feature", "geometry": {"type": "Point", "coordinates": [-72.22645, 18.66981]}, "properties": {"nom": "Eglise de Dieu Mont des Oliviers", "famille": "chretien", "religion_osm": "christian", "denomination_osm": "protestant", "pcode_commune": "HT0132", "commune": ""}}, {"type": "Feature", "geometry": {"type": "Point", "coordinates": [-73.23692, 19.7745]}, "properties": {"nom": "Église de Saint Thomas", "famille": "chretien", "religion_osm": "christian", "denomination_osm": "catholic", "pcode_commune": "HT0934", "commune": ""}}, {"type": "Feature", "geometry": {"type": "Point", "coordinates": [-72.23288, 18.66407]}, "properties": {"nom": "Eglise de Dieu Sanctifier", "famille": "chretien", "religion_osm": "christian", "denomination_osm": "pentecostal", "pcode_commune": "HT0132", "commune": ""}}, {"type": "Feature", "geometry": {"type": "Point", "coordinates": [-72.24132, 18.67724]}, "properties": {"nom": "Eglise Evangelique Société Missionnaire Flanbeau de L'eternel", "famille": "chretien", "religion_osm": "christian", "denomination_osm": "", "pcode_commune": "HT0132", "commune": ""}}, {"type": "Feature", "geometry": {"type": "Point", "coordinates": [-72.30041, 18.53913]}, "properties": {"nom": "Eglise St Sire", "famille": "chretien", "religion_osm": "christian", "denomination_osm": "evangelical", "pcode_commune": "HT0111", "commune": ""}}, {"type": "Feature", "geometry": {"type": "Point", "coordinates": [-73.379, 19.80654]}, "properties": {"nom": "Presbytary", "famille": "chretien", "religion_osm": "christian", "denomination_osm": "catholic", "pcode_commune": "HT0931", "commune": ""}}, {"type": "Feature", "geometry": {"type": "Point", "coordinates": [-72.34896, 18.53027]}, "properties": {"nom": "Fan Fan' s", "famille": "non_renseigne", "religion_osm": "", "denomination_osm": "", "pcode_commune": "HT0111", "commune": ""}}, {"type": "Feature", "geometry": {"type": "Point", "coordinates": [-72.33686, 19.3687]}, "properties": {"nom": "E. Methodiste", "famille": "chretien", "religion_osm": "christian", "denomination_osm": "baptist", "pcode_commune": "HT0551", "commune": ""}}, {"type": "Feature", "geometry": {"type": "Point", "coordinates": [-72.33205, 19.37181]}, "properties": {"nom": "Eglise De Dieu", "famille": "chretien", "religion_osm": "christian", "denomination_osm": "", "pcode_commune": "HT0551", "commune": ""}}, {"type": "Feature", "geometry": {"type": "Point", "coordinates": [-72.3347, 19.36722]}, "properties": {"nom": "Dieu Vivant", "famille": "chretien", "religion_osm": "christian", "denomination_osm": "", "pcode_commune": "HT0551", "commune": ""}}, {"type": "Feature", "geometry": {"type": "Point", "coordinates": [-72.22746, 19.72785]}, "properties": {"nom": "Chapelle Sainte Catherine", "famille": "chretien", "religion_osm": "christian", "denomination_osm": "catholic", "pcode_commune": "HT0311", "commune": ""}}, {"type": "Feature", "geometry": {"type": "Point", "coordinates": [-72.295, 18.6627]}, "properties": {"nom": "Église Pentecostale de Canaan", "famille": "chretien", "religion_osm": "christian", "denomination_osm": "", "pcode_commune": "HT0131", "commune": ""}}, {"type": "Feature", "geometry": {"type": "Point", "coordinates": [-72.64234, 19.28888]}, "properties": {"nom": "Baptiste de la Nouvelle Jerusalem", "famille": "chretien", "religion_osm": "christian", "denomination_osm": "baptist", "pcode_commune": "HT0544", "commune": ""}}, {"type": "Feature", "geometry": {"type": "Point", "coordinates": [-72.77385, 19.24515]}, "properties": {"nom": "Paroisse Saint-André de Grande-Saline", "famille": "chretien", "religion_osm": "christian", "denomination_osm": "", "pcode_commune": "HT0543", "commune": ""}}, {"type": "Feature", "geometry": {"type": "Point", "coordinates": [-72.77465, 19.24386]}, "properties": {"nom": "Eglise Batiste", "famille": "chretien", "religion_osm": "christian", "denomination_osm": "baptist", "pcode_commune": "HT0543", "commune": ""}}, {"type": "Feature", "geometry": {"type": "Point", "coordinates": [-72.77344, 19.24612]}, "properties": {"nom": "Eglise Evangelique de la renaissance", "famille": "chretien", "religion_osm": "christian", "denomination_osm": "protestant", "pcode_commune": "HT0543", "commune": ""}}, {"type": "Feature", "geometry": {"type": "Point", "coordinates": [-72.05396, 19.38376]}, "properties": {"nom": "New Jerusalem", "famille": "chretien", "religion_osm": "christian", "denomination_osm": "", "pcode_commune": "HT0343", "commune": ""}}, {"type": "Feature", "geometry": {"type": "Point", "coordinates": [-72.05555, 19.38291]}, "properties": {"nom": "Eglise le Phare", "famille": "chretien", "religion_osm": "christian", "denomination_osm": "", "pcode_commune": "HT0343", "commune": ""}}, {"type": "Feature", "geometry": {"type": "Point", "coordinates": [-72.05594, 19.36351]}, "properties": {"nom": "Manes", "famille": "vodou", "religion_osm": "voodoo", "denomination_osm": "Vaudou", "pcode_commune": "HT0345", "commune": ""}}, {"type": "Feature", "geometry": {"type": "Point", "coordinates": [-72.32424, 18.53456]}, "properties": {"nom": "Paroisse Saint-Louis", "famille": "chretien", "religion_osm": "christian", "denomination_osm": "catholic", "pcode_commune": "HT0111", "commune": ""}}, {"type": "Feature", "geometry": {"type": "Point", "coordinates": [-72.02306, 19.33803]}, "properties": {"nom": "Eglise du christ", "famille": "chretien", "religion_osm": "christian", "denomination_osm": "baptist", "pcode_commune": "HT0345", "commune": ""}}, {"type": "Feature", "geometry": {"type": "Point", "coordinates": [-72.01886, 19.33725]}, "properties": {"nom": "Eglise du christ de la Victoire", "famille": "chretien", "religion_osm": "christian", "denomination_osm": "baptist", "pcode_commune": "HT0345", "commune": ""}}, {"type": "Feature", "geometry": {"type": "Point", "coordinates": [-72.04397, 19.35514]}, "properties": {"nom": "Eglise du Christ", "famille": "chretien", "religion_osm": "christian", "denomination_osm": "baptist", "pcode_commune": "HT0345", "commune": ""}}, {"type": "Feature", "geometry": {"type": "Point", "coordinates": [-72.0242, 19.33748]}, "properties": {"nom": "Eglise Baptiste Mont-Sion", "famille": "chretien", "religion_osm": "christian", "denomination_osm": "baptist", "pcode_commune": "HT0345", "commune": ""}}, {"type": "Feature", "geometry": {"type": "Point", "coordinates": [-72.03886, 19.35885]}, "properties": {"nom": "Eglise Immaculee", "famille": "chretien", "religion_osm": "christian", "denomination_osm": "catholic", "pcode_commune": "HT0343", "commune": ""}}, {"type": "Feature", "geometry": {"type": "Point", "coordinates": [-72.04398, 19.35718]}, "properties": {"nom": "Eglise Jerusalem", "famille": "chretien", "religion_osm": "christian", "denomination_osm": "baptist", "pcode_commune": "HT0345", "commune": ""}}, {"type": "Feature", "geometry": {"type": "Point", "coordinates": [-72.02165, 19.33897]}, "properties": {"nom": "Eglise de Dieu de Lavictoire", "famille": "chretien", "religion_osm": "christian", "denomination_osm": "baptist", "pcode_commune": "HT0345", "commune": ""}}, {"type": "Feature", "geometry": {"type": "Point", "coordinates": [-72.02155, 19.33836]}, "properties": {"nom": "Eglise Baptiste Unasseau", "famille": "chretien", "religion_osm": "christian", "denomination_osm": "baptist", "pcode_commune": "HT0345", "commune": ""}}, {"type": "Feature", "geometry": {"type": "Point", "coordinates": [-72.01163, 19.36128]}, "properties": {"nom": "Eglise de Dieu", "famille": "chretien", "religion_osm": "christian", "denomination_osm": "pentecostal", "pcode_commune": "HT0345", "commune": ""}}, {"type": "Feature", "geometry": {"type": "Point", "coordinates": [-72.01376, 19.36002]}, "properties": {"nom": "Chapelle Catholique de Gaspard", "famille": "chretien", "religion_osm": "christian", "denomination_osm": "", "pcode_commune": "HT0345", "commune": ""}}, {"type": "Feature", "geometry": {"type": "Point", "coordinates": [-72.04606, 19.37368]}, "properties": {"nom": "Eglise", "famille": "chretien", "religion_osm": "christian", "denomination_osm": "", "pcode_commune": "HT0343", "commune": ""}}, {"type": "Feature", "geometry": {"type": "Point", "coordinates": [-72.02857, 19.40716]}, "properties": {"nom": "Eblise du C", "famille": "chretien", "religion_osm": "christian", "denomination_osm": "baptist", "pcode_commune": "HT0343", "commune": ""}}, {"type": "Feature", "geometry": {"type": "Point", "coordinates": [-72.03022, 19.40885]}, "properties": {"nom": "Eglise Portail du Ciel", "famille": "chretien", "religion_osm": "christian", "denomination_osm": "baptist", "pcode_commune": "HT0343", "commune": ""}}, {"type": "Feature", "geometry": {"type": "Point", "coordinates": [-72.07161, 19.34314]}, "properties": {"nom": "Église Baptiste Philadephie", "famille": "chretien", "religion_osm": "christian", "denomination_osm": "baptist", "pcode_commune": "HT0344", "commune": ""}}, {"type": "Feature", "geometry": {"type": "Point", "coordinates": [-72.39657, 18.53805]}, "properties": {"nom": "Église du Perpétuel Secours", "famille": "chretien", "religion_osm": "christian", "denomination_osm": "", "pcode_commune": "HT0113", "commune": ""}}, {"type": "Feature", "geometry": {"type": "Point", "coordinates": [-72.32415, 18.53414]}, "properties": {"nom": "Salle du Royaume des Temoins de Jehovah", "famille": "non_renseigne", "religion_osm": "", "denomination_osm": "", "pcode_commune": "HT0111", "commune": ""}}, {"type": "Feature", "geometry": {"type": "Point", "coordinates": [-72.02443, 19.33847]}, "properties": {"nom": "Eglise baptiste jerusalem", "famille": "chretien", "religion_osm": "christian", "denomination_osm": "baptist", "pcode_commune": "HT0345", "commune": ""}}, {"type": "Feature", "geometry": {"type": "Point", "coordinates": [-72.02689, 19.33864]}, "properties": {"nom": "Temple Vodou", "famille": "vodou", "religion_osm": "voodoo", "denomination_osm": "others", "pcode_commune": "HT0345", "commune": ""}}, {"type": "Feature", "geometry": {"type": "Point", "coordinates": [-72.02109, 19.33766]}, "properties": {"nom": "Temple Adventiste Shekinha", "famille": "chretien", "religion_osm": "christian", "denomination_osm": "adventist", "pcode_commune": "HT0345", "commune": ""}}, {"type": "Feature", "geometry": {"type": "Point", "coordinates": [-72.08108, 19.41295]}, "properties": {"nom": "Eglise Adventiste du 7e Jour", "famille": "chretien", "religion_osm": "christian", "denomination_osm": "adventist", "pcode_commune": "HT0343", "commune": ""}}, {"type": "Feature", "geometry": {"type": "Point", "coordinates": [-72.08153, 19.41234]}, "properties": {"nom": "Eglise du Christ la Providence", "famille": "chretien", "religion_osm": "christian", "denomination_osm": "pentecostal", "pcode_commune": "HT0343", "commune": ""}}, {"type": "Feature", "geometry": {"type": "Point", "coordinates": [-72.07938, 19.41333]}, "properties": {"nom": "Eglise Catholique Saint Francois d'Assise de Ranquitte", "famille": "chretien", "religion_osm": "christian", "denomination_osm": "catholic", "pcode_commune": "HT0343", "commune": ""}}, {"type": "Feature", "geometry": {"type": "Point", "coordinates": [-72.08003, 19.41373]}, "properties": {"nom": "Eglise Jehovah Jiré de Ranquitte", "famille": "chretien", "religion_osm": "christian", "denomination_osm": "catholic", "pcode_commune": "HT0343", "commune": ""}}, {"type": "Feature", "geometry": {"type": "Point", "coordinates": [-72.08344, 19.41335]}, "properties": {"nom": "1re Église Baptiste de Gyes", "famille": "chretien", "religion_osm": "christian", "denomination_osm": "baptist", "pcode_commune": "HT0343", "commune": ""}}, {"type": "Feature", "geometry": {"type": "Point", "coordinates": [-72.08329, 19.41664]}, "properties": {"nom": "Eglise", "famille": "chretien", "religion_osm": "christian", "denomination_osm": "", "pcode_commune": "HT0343", "commune": ""}}, {"type": "Feature", "geometry": {"type": "Point", "coordinates": [-72.08288, 19.41279]}, "properties": {"nom": "Eglise Méthodiste de Ranquitte", "famille": "chretien", "religion_osm": "christian", "denomination_osm": "methodist", "pcode_commune": "HT0343", "commune": ""}}, {"type": "Feature", "geometry": {"type": "Point", "coordinates": [-72.08258, 19.41234]}, "properties": {"nom": "Eglise", "famille": "non_renseigne", "religion_osm": "", "denomination_osm": "", "pcode_commune": "HT0343", "commune": ""}}, {"type": "Feature", "geometry": {"type": "Point", "coordinates": [-72.08207, 19.41328]}, "properties": {"nom": "Eglise", "famille": "non_renseigne", "religion_osm": "", "denomination_osm": "", "pcode_commune": "HT0343", "commune": ""}}, {"type": "Feature", "geometry": {"type": "Point", "coordinates": [-72.08124, 19.41109]}, "properties": {"nom": "Eglise Sainteté", "famille": "chretien", "religion_osm": "christian", "denomination_osm": "baptist", "pcode_commune": "HT0343", "commune": ""}}, {"type": "Feature", "geometry": {"type": "Point", "coordinates": [-72.08191, 19.41103]}, "properties": {"nom": "Eglise nero apostolique", "famille": "chretien", "religion_osm": "christian", "denomination_osm": "", "pcode_commune": "HT0343", "commune": ""}}, {"type": "Feature", "geometry": {"type": "Point", "coordinates": [-72.43147, 18.54075]}, "properties": {"nom": "Église de l’Assemblée Générale des Nouveaux Nés", "famille": "chretien", "religion_osm": "christian", "denomination_osm": "", "pcode_commune": "HT0113", "commune": ""}}, {"type": "Feature", "geometry": {"type": "Point", "coordinates": [-72.33095, 18.54487]}, "properties": {"nom": "Église Saint Antoine", "famille": "chretien", "religion_osm": "christian", "denomination_osm": "catholic", "pcode_commune": "HT0111", "commune": ""}}, {"type": "Feature", "geometry": {"type": "Point", "coordinates": [-72.38985, 18.99192]}, "properties": {"nom": "Eglise Saint Francois de Xavier", "famille": "chretien", "religion_osm": "christian", "denomination_osm": "catholic", "pcode_commune": "HT0532", "commune": ""}}, {"type": "Feature", "geometry": {"type": "Point", "coordinates": [-72.30673, 18.50052]}, "properties": {"nom": "English Baptiste conservatrice", "famille": "chretien", "religion_osm": "christian", "denomination_osm": "", "pcode_commune": "HT0114", "commune": ""}}, {"type": "Feature", "geometry": {"type": "Point", "coordinates": [-72.59639, 19.19587]}, "properties": {"nom": "Église Baptiste Bethel de Villard", "famille": "chretien", "religion_osm": "christian", "denomination_osm": "baptist", "pcode_commune": "HT0541", "commune": ""}}, {"type": "Feature", "geometry": {"type": "Point", "coordinates": [-72.28453, 18.52351]}, "properties": {"nom": "Église Baptiste Évangélique de Pétionville", "famille": "chretien", "religion_osm": "christian", "denomination_osm": "baptist", "pcode_commune": "HT0112", "commune": ""}}, {"type": "Feature", "geometry": {"type": "Point", "coordinates": [-73.7567, 18.20921]}, "properties": {"nom": "Église Évangélique des Cayes", "famille": "chretien", "religion_osm": "christian", "denomination_osm": "", "pcode_commune": "HT0711", "commune": ""}}, {"type": "Feature", "geometry": {"type": "Point", "coordinates": [-72.93298, 19.74891]}, "properties": {"nom": "Eglise Catholique de Caluc", "famille": "chretien", "religion_osm": "christian", "denomination_osm": "catholic", "pcode_commune": "HT0911", "commune": ""}}, {"type": "Feature", "geometry": {"type": "Point", "coordinates": [-72.95445, 19.74887]}, "properties": {"nom": "Eglise Bon Berger de Cavase", "famille": "chretien", "religion_osm": "christian", "denomination_osm": "protestant", "pcode_commune": "HT0911", "commune": ""}}, {"type": "Feature", "geometry": {"type": "Point", "coordinates": [-72.98364, 19.77985]}, "properties": {"nom": "Eglise conservatrice Carre", "famille": "chretien", "religion_osm": "christian", "denomination_osm": "protestant", "pcode_commune": "HT0911", "commune": ""}}, {"type": "Feature", "geometry": {"type": "Point", "coordinates": [-72.97678, 19.79118]}, "properties": {"nom": "Eglise Baptiste Bethesda de Moulin", "famille": "chretien", "religion_osm": "christian", "denomination_osm": "protestant", "pcode_commune": "HT0911", "commune": ""}}, {"type": "Feature", "geometry": {"type": "Point", "coordinates": [-73.01083, 19.75733]}, "properties": {"nom": "Eglise Baptiste Independante Ravine Generale", "famille": "chretien", "religion_osm": "christian", "denomination_osm": "baptist", "pcode_commune": "HT0911", "commune": ""}}, {"type": "Feature", "geometry": {"type": "Point", "coordinates": [-72.79222, 18.42421]}, "properties": {"nom": "Eglise Evangelique Baptiste", "famille": "chretien", "religion_osm": "christian", "denomination_osm": "baptist", "pcode_commune": "HT0123", "commune": ""}}, {"type": "Feature", "geometry": {"type": "Point", "coordinates": [-72.78406, 18.42075]}, "properties": {"nom": "Perystil", "famille": "vodou", "religion_osm": "voodoo", "denomination_osm": "unspecified", "pcode_commune": "HT0123", "commune": ""}}, {"type": "Feature", "geometry": {"type": "Point", "coordinates": [-72.77336, 18.42798]}, "properties": {"nom": "Eglise Adventiste du 7eme jour(grand-Goave)", "famille": "chretien", "religion_osm": "christian", "denomination_osm": "adventist", "pcode_commune": "HT0123", "commune": ""}}, {"type": "Feature", "geometry": {"type": "Point", "coordinates": [-72.77674, 18.42738]}, "properties": {"nom": "Eglise Primitive de Grand-Goave", "famille": "chretien", "religion_osm": "christian", "denomination_osm": "protestant", "pcode_commune": "HT0123", "commune": ""}}, {"type": "Feature", "geometry": {"type": "Point", "coordinates": [-72.77302, 18.42664]}, "properties": {"nom": "Eglise Tabernacle de la grace", "famille": "chretien", "religion_osm": "christian", "denomination_osm": "protestant", "pcode_commune": "HT0123", "commune": ""}}, {"type": "Feature", "geometry": {"type": "Point", "coordinates": [-72.78637, 18.41389]}, "properties": {"nom": "Eglise deJesus-Christ de Deschamps", "famille": "chretien", "religion_osm": "christian", "denomination_osm": "protestant", "pcode_commune": "HT0123", "commune": ""}}, {"type": "Feature", "geometry": {"type": "Point", "coordinates": [-72.78537, 18.41472]}, "properties": {"nom": "Racine Mapou Ginen", "famille": "vodou", "religion_osm": "voodoo", "denomination_osm": "", "pcode_commune": "HT0123", "commune": ""}}, {"type": "Feature", "geometry": {"type": "Point", "coordinates": [-72.77444, 18.41881]}, "properties": {"nom": "Eglise Apostolique Pencotiste d'Haiti", "famille": "chretien", "religion_osm": "christian", "denomination_osm": "pentecostal", "pcode_commune": "HT0123", "commune": ""}}, {"type": "Feature", "geometry": {"type": "Point", "coordinates": [-72.77338, 18.41971]}, "properties": {"nom": "Eglise de Dieu en Christ de Grand-Goave", "famille": "chretien", "religion_osm": "christian", "denomination_osm": "protestant", "pcode_commune": "HT0123", "commune": ""}}, {"type": "Feature", "geometry": {"type": "Point", "coordinates": [-72.72975, 18.42259]}, "properties": {"nom": "Eglise der l'Alliance Chretienne Independante de Fauche", "famille": "chretien", "religion_osm": "christian", "denomination_osm": "protestant", "pcode_commune": "HT0123", "commune": ""}}, {"type": "Feature", "geometry": {"type": "Point", "coordinates": [-72.73651, 18.42499]}, "properties": {"nom": "Eglise Pencotiste des Chretiens Unis", "famille": "chretien", "religion_osm": "christian", "denomination_osm": "protestant", "pcode_commune": "HT0123", "commune": ""}}, {"type": "Feature", "geometry": {"type": "Point", "coordinates": [-72.73006, 18.41652]}, "properties": {"nom": "Eglise Saint Antoine de Padoue (Fauche)", "famille": "chretien", "religion_osm": "christian", "denomination_osm": "catholic", "pcode_commune": "HT0123", "commune": ""}}, {"type": "Feature", "geometry": {"type": "Point", "coordinates": [-72.73659, 18.41969]}, "properties": {"nom": "Eglise de Dieu vocationnelle", "famille": "chretien", "religion_osm": "christian", "denomination_osm": "protestant", "pcode_commune": "HT0123", "commune": ""}}, {"type": "Feature", "geometry": {"type": "Point", "coordinates": [-72.73768, 18.41588]}, "properties": {"nom": "Eglise Chretienne d'Unite de Buteau", "famille": "chretien", "religion_osm": "christian", "denomination_osm": "protestant", "pcode_commune": "HT0123", "commune": ""}}, {"type": "Feature", "geometry": {"type": "Point", "coordinates": [-72.7357, 18.4223]}, "properties": {"nom": "Perystil", "famille": "vodou", "religion_osm": "voodoo", "denomination_osm": "others", "pcode_commune": "HT0123", "commune": ""}}, {"type": "Feature", "geometry": {"type": "Point", "coordinates": [-72.73323, 18.4231]}, "properties": {"nom": "Premiere Eglise Baptiste de Fauche", "famille": "chretien", "religion_osm": "christian", "denomination_osm": "baptist", "pcode_commune": "HT0123", "commune": ""}}, {"type": "Feature", "geometry": {"type": "Point", "coordinates": [-72.27731, 18.55888]}, "properties": {"nom": "Eglise Mahalaleel", "famille": "chretien", "religion_osm": "christian", "denomination_osm": "", "pcode_commune": "HT0112", "commune": ""}}, {"type": "Feature", "geometry": {"type": "Point", "coordinates": [-73.21663, 19.67041]}, "properties": {"nom": "Eglise La Communaute du Christ", "famille": "chretien", "religion_osm": "christian", "denomination_osm": "protestant", "pcode_commune": "HT0932", "commune": ""}}, {"type": "Feature", "geometry": {"type": "Point", "coordinates": [-73.21908, 19.67258]}, "properties": {"nom": "Eglise Conservatrice De Hatte-Delice", "famille": "chretien", "religion_osm": "christian", "denomination_osm": "protestant", "pcode_commune": "HT0932", "commune": ""}}, {"type": "Feature", "geometry": {"type": "Point", "coordinates": [-73.237, 19.68628]}, "properties": {"nom": "Eglise Baptiste Conservatrice", "famille": "chretien", "religion_osm": "christian", "denomination_osm": "baptist", "pcode_commune": "HT0932", "commune": ""}}, {"type": "Feature", "geometry": {"type": "Point", "coordinates": [-73.23678, 19.68553]}, "properties": {"nom": "Eglise Sainte Bernadette", "famille": "chretien", "religion_osm": "christian", "denomination_osm": "catholic", "pcode_commune": "HT0932", "commune": ""}}, {"type": "Feature", "geometry": {"type": "Point", "coordinates": [-72.98361, 19.81001]}, "properties": {"nom": "Eglise Adventiste de Beauchamps", "famille": "chretien", "religion_osm": "christian", "denomination_osm": "adventist", "pcode_commune": "HT0911", "commune": ""}}, {"type": "Feature", "geometry": {"type": "Point", "coordinates": [-72.98209, 19.81101]}, "properties": {"nom": "Eglise Saint Henry", "famille": "chretien", "religion_osm": "christian", "denomination_osm": "catholic", "pcode_commune": "HT0911", "commune": ""}}, {"type": "Feature", "geometry": {"type": "Point", "coordinates": [-72.98164, 19.81176]}, "properties": {"nom": "Eglise Baptiste Emmanuel", "famille": "chretien", "religion_osm": "christian", "denomination_osm": "baptist", "pcode_commune": "HT0911", "commune": ""}}, {"type": "Feature", "geometry": {"type": "Point", "coordinates": [-73.25859, 19.71332]}, "properties": {"nom": "Chapelle Saint Michel", "famille": "chretien", "religion_osm": "christian", "denomination_osm": "catholic", "pcode_commune": "HT0932", "commune": ""}}, {"type": "Feature", "geometry": {"type": "Point", "coordinates": [-73.2374, 19.68597]}, "properties": {"nom": "Peristil Mondesir", "famille": "vodou", "religion_osm": "voodoo", "denomination_osm": "others", "pcode_commune": "HT0932", "commune": ""}}, {"type": "Feature", "geometry": {"type": "Point", "coordinates": [-72.96489, 19.82082]}, "properties": {"nom": "Eglise Adventiste de Dupin", "famille": "chretien", "religion_osm": "christian", "denomination_osm": "adventist", "pcode_commune": "HT0911", "commune": ""}}, {"type": "Feature", "geometry": {"type": "Point", "coordinates": [-72.98271, 19.79577]}, "properties": {"nom": "Eglise Baptiste Assemblee de la Grace", "famille": "chretien", "religion_osm": "christian", "denomination_osm": "baptist", "pcode_commune": "HT0911", "commune": ""}}, {"type": "Feature", "geometry": {"type": "Point", "coordinates": [-72.97984, 19.81266]}, "properties": {"nom": "Eglise Apostolique de Beauchamps", "famille": "chretien", "religion_osm": "christian", "denomination_osm": "baptist", "pcode_commune": "HT0911", "commune": ""}}, {"type": "Feature", "geometry": {"type": "Point", "coordinates": [-72.97918, 19.81026]}, "properties": {"nom": "Eglise Mission Chretienne de Beauchamps", "famille": "chretien", "religion_osm": "christian", "denomination_osm": "baptist", "pcode_commune": "HT0911", "commune": ""}}, {"type": "Feature", "geometry": {"type": "Point", "coordinates": [-72.97948, 19.81032]}, "properties": {"nom": "Eglise Mission Chretienne de Beauchamps", "famille": "chretien", "religion_osm": "christian", "denomination_osm": "baptist", "pcode_commune": "HT0911", "commune": ""}}, {"type": "Feature", "geometry": {"type": "Point", "coordinates": [-72.77461, 18.42166]}, "properties": {"nom": "Assemblee des Rachetes de Dieu en Jesus-Christ de la nouvelle Jerusalem", "famille": "chretien", "religion_osm": "christian", "denomination_osm": "protestant", "pcode_commune": "HT0123", "commune": ""}}, {"type": "Feature", "geometry": {"type": "Point", "coordinates": [-72.77469, 18.42235]}, "properties": {"nom": "Eglise Bethleem d'Haiti", "famille": "chretien", "religion_osm": "christian", "denomination_osm": "protestant", "pcode_commune": "HT0123", "commune": ""}}, {"type": "Feature", "geometry": {"type": "Point", "coordinates": [-72.77637, 18.4206]}, "properties": {"nom": "Eglise Chretienne d'Haiti", "famille": "chretien", "religion_osm": "christian", "denomination_osm": "protestant", "pcode_commune": "HT0123", "commune": ""}}, {"type": "Feature", "geometry": {"type": "Point", "coordinates": [-72.78165, 18.42633]}, "properties": {"nom": "Eglise Chretienne de KABYAL", "famille": "chretien", "religion_osm": "christian", "denomination_osm": "protestant", "pcode_commune": "HT0123", "commune": ""}}, {"type": "Feature", "geometry": {"type": "Point", "coordinates": [-72.78233, 18.4206]}, "properties": {"nom": "Eglise Echelle de Bethel", "famille": "chretien", "religion_osm": "christian", "denomination_osm": "protestant", "pcode_commune": "HT0123", "commune": ""}}, {"type": "Feature", "geometry": {"type": "Point", "coordinates": [-72.77886, 18.42144]}, "properties": {"nom": "Eglise Reobhoth", "famille": "chretien", "religion_osm": "christian", "denomination_osm": "protestant", "pcode_commune": "HT0123", "commune": ""}}, {"type": "Feature", "geometry": {"type": "Point", "coordinates": [-72.77849, 18.42034]}, "properties": {"nom": "Eglise de l'Assemblee Chretienne de Grand-Goave", "famille": "chretien", "religion_osm": "christian", "denomination_osm": "protestant", "pcode_commune": "HT0123", "commune": ""}}, {"type": "Feature", "geometry": {"type": "Point", "coordinates": [-72.93772, 19.74513]}, "properties": {"nom": "Eglise Gericho de Caluc", "famille": "chretien", "religion_osm": "christian", "denomination_osm": "baptist", "pcode_commune": "HT0911", "commune": ""}}, {"type": "Feature", "geometry": {"type": "Point", "coordinates": [-72.81781, 19.94798]}, "properties": {"nom": "Assemblee de Gri-gri", "famille": "chretien", "religion_osm": "christian", "denomination_osm": "", "pcode_commune": "HT0911", "commune": ""}}, {"type": "Feature", "geometry": {"type": "Point", "coordinates": [-72.91633, 19.7358]}, "properties": {"nom": "Eglise Adventiste de Colombier", "famille": "chretien", "religion_osm": "christian", "denomination_osm": "adventist", "pcode_commune": "HT0913", "commune": ""}}, {"type": "Feature", "geometry": {"type": "Point", "coordinates": [-72.92718, 19.73162]}, "properties": {"nom": "Eglise Baptiste Nazareth de Colombier", "famille": "chretien", "religion_osm": "christian", "denomination_osm": "baptist", "pcode_commune": "HT0911", "commune": ""}}, {"type": "Feature", "geometry": {"type": "Point", "coordinates": [-72.93162, 19.7448]}, "properties": {"nom": "Eglise Branham", "famille": "non_renseigne", "religion_osm": "", "denomination_osm": "", "pcode_commune": "HT0911", "commune": ""}}, {"type": "Feature", "geometry": {"type": "Point", "coordinates": [-72.93189, 19.74273]}, "properties": {"nom": "Eglise Eben Ezer de Bois de Sud", "famille": "chretien", "religion_osm": "christian", "denomination_osm": "baptist", "pcode_commune": "HT0911", "commune": ""}}, {"type": "Feature", "geometry": {"type": "Point", "coordinates": [-72.98125, 19.7678]}, "properties": {"nom": "Eglise Corps de Christ", "famille": "chretien", "religion_osm": "christian", "denomination_osm": "", "pcode_commune": "HT0911", "commune": ""}}, {"type": "Feature", "geometry": {"type": "Point", "coordinates": [-73.26183, 19.66758]}, "properties": {"nom": "Eglise Conservatrice", "famille": "chretien", "religion_osm": "christian", "denomination_osm": "baptist", "pcode_commune": "HT0932", "commune": ""}}, {"type": "Feature", "geometry": {"type": "Point", "coordinates": [-73.26531, 19.66631]}, "properties": {"nom": "Eglise Saint Bernadin", "famille": "chretien", "religion_osm": "christian", "denomination_osm": "catholic", "pcode_commune": "HT0932", "commune": ""}}, {"type": "Feature", "geometry": {"type": "Point", "coordinates": [-73.27028, 19.66726]}, "properties": {"nom": "Pierryl Sylvain", "famille": "vodou", "religion_osm": "voodoo", "denomination_osm": "others", "pcode_commune": "HT0932", "commune": ""}}, {"type": "Feature", "geometry": {"type": "Point", "coordinates": [-73.28661, 19.67781]}, "properties": {"nom": "Eglise Saint Thomas", "famille": "chretien", "religion_osm": "christian", "denomination_osm": "catholic", "pcode_commune": "HT0933", "commune": ""}}, {"type": "Feature", "geometry": {"type": "Point", "coordinates": [-72.31891, 19.68342]}, "properties": {"nom": "Deuxieme Eglise Baptiste de l'Acul du Nord", "famille": "chretien", "religion_osm": "christian", "denomination_osm": "baptist", "pcode_commune": "HT0321", "commune": ""}}, {"type": "Feature", "geometry": {"type": "Point", "coordinates": [-73.28871, 19.6789]}, "properties": {"nom": "Eglise Baptiste Christ Seul Espoir", "famille": "chretien", "religion_osm": "christian", "denomination_osm": "baptist", "pcode_commune": "HT0933", "commune": ""}}, {"type": "Feature", "geometry": {"type": "Point", "coordinates": [-72.57145, 19.81124]}, "properties": {"nom": "Ancienne Eglise Baptiste Béthanie", "famille": "chretien", "religion_osm": "christian", "denomination_osm": "baptist", "pcode_commune": "HT0351", "commune": ""}}, {"type": "Feature", "geometry": {"type": "Point", "coordinates": [-72.57305, 19.81176]}, "properties": {"nom": "Paroisse Saint Jules", "famille": "chretien", "religion_osm": "christian", "denomination_osm": "catholic", "pcode_commune": "HT0351", "commune": ""}}, {"type": "Feature", "geometry": {"type": "Point", "coordinates": [-72.57167, 19.81209]}, "properties": {"nom": "Eglise Wesleyenne Béthel", "famille": "chretien", "religion_osm": "christian", "denomination_osm": "protestant", "pcode_commune": "HT0351", "commune": ""}}, {"type": "Feature", "geometry": {"type": "Point", "coordinates": [-72.57077, 19.81127]}, "properties": {"nom": "Eglise Adventiste du 7ème Jour", "famille": "chretien", "religion_osm": "christian", "denomination_osm": "protestant", "pcode_commune": "HT0351", "commune": ""}}, {"type": "Feature", "geometry": {"type": "Point", "coordinates": [-72.57071, 19.81375]}, "properties": {"nom": "Eglise Baptiste Philadelphie", "famille": "chretien", "religion_osm": "christian", "denomination_osm": "baptist", "pcode_commune": "HT0351", "commune": ""}}, {"type": "Feature", "geometry": {"type": "Point", "coordinates": [-72.57016, 19.81541]}, "properties": {"nom": "Eglise Corps de Christ", "famille": "chretien", "religion_osm": "christian", "denomination_osm": "", "pcode_commune": "HT0351", "commune": ""}}, {"type": "Feature", "geometry": {"type": "Point", "coordinates": [-72.5681, 19.81295]}, "properties": {"nom": "Eglise Baptiste Bon Berger", "famille": "chretien", "religion_osm": "christian", "denomination_osm": "baptist", "pcode_commune": "HT0351", "commune": ""}}, {"type": "Feature", "geometry": {"type": "Point", "coordinates": [-72.57023, 19.81329]}, "properties": {"nom": "Eglise Baptiste Béthanie", "famille": "chretien", "religion_osm": "christian", "denomination_osm": "baptist", "pcode_commune": "HT0351", "commune": ""}}, {"type": "Feature", "geometry": {"type": "Point", "coordinates": [-72.56893, 19.81376]}, "properties": {"nom": "Eglise Baptiste Béthesda", "famille": "chretien", "religion_osm": "christian", "denomination_osm": "baptist", "pcode_commune": "HT0351", "commune": ""}}, {"type": "Feature", "geometry": {"type": "Point", "coordinates": [-72.12911, 19.45576]}, "properties": {"nom": "Eglise Conservatrice", "famille": "chretien", "religion_osm": "christian", "denomination_osm": "baptist", "pcode_commune": "HT0332", "commune": ""}}, {"type": "Feature", "geometry": {"type": "Point", "coordinates": [-72.13119, 19.44702]}, "properties": {"nom": "Eglise Jéhovah Giré de Bailly", "famille": "chretien", "religion_osm": "christian", "denomination_osm": "", "pcode_commune": "HT0332", "commune": ""}}, {"type": "Feature", "geometry": {"type": "Point", "coordinates": [-72.13259, 19.44839]}, "properties": {"nom": "Temple Adventiste du 7ème Jour", "famille": "chretien", "religion_osm": "christian", "denomination_osm": "adventist", "pcode_commune": "HT0332", "commune": ""}}, {"type": "Feature", "geometry": {"type": "Point", "coordinates": [-72.13089, 19.44613]}, "properties": {"nom": "Eglise Nouvelle Vision", "famille": "chretien", "religion_osm": "christian", "denomination_osm": "", "pcode_commune": "HT0332", "commune": ""}}, {"type": "Feature", "geometry": {"type": "Point", "coordinates": [-72.11937, 19.42816]}, "properties": {"nom": "Eglise Nouvelle Vision", "famille": "chretien", "religion_osm": "christian", "denomination_osm": "", "pcode_commune": "HT0332", "commune": ""}}, {"type": "Feature", "geometry": {"type": "Point", "coordinates": [-72.13014, 19.44639]}, "properties": {"nom": "Eglise AEM de Baille", "famille": "chretien", "religion_osm": "christian", "denomination_osm": "", "pcode_commune": "HT0332", "commune": ""}}, {"type": "Feature", "geometry": {"type": "Point", "coordinates": [-72.12845, 19.4457]}, "properties": {"nom": "Eglise Baptiste Haïtienne", "famille": "chretien", "religion_osm": "christian", "denomination_osm": "baptist", "pcode_commune": "HT0332", "commune": ""}}, {"type": "Feature", "geometry": {"type": "Point", "coordinates": [-72.12482, 19.43127]}, "properties": {"nom": "Eglise Catholique", "famille": "chretien", "religion_osm": "christian", "denomination_osm": "catholic", "pcode_commune": "HT0332", "commune": ""}}, {"type": "Feature", "geometry": {"type": "Point", "coordinates": [-72.12435, 19.4326]}, "properties": {"nom": "Eglise Conservatrice de Bailly", "famille": "chretien", "religion_osm": "christian", "denomination_osm": "others", "pcode_commune": "HT0332", "commune": ""}}, {"type": "Feature", "geometry": {"type": "Point", "coordinates": [-73.29724, 19.68626]}, "properties": {"nom": "Ecole Baptiste Conservatrice", "famille": "chretien", "religion_osm": "christian", "denomination_osm": "baptist", "pcode_commune": "HT0933", "commune": ""}}, {"type": "Feature", "geometry": {"type": "Point", "coordinates": [-73.29382, 19.68504]}, "properties": {"nom": "Eglise de Dieu Nazareth", "famille": "chretien", "religion_osm": "christian", "denomination_osm": "baptist", "pcode_commune": "HT0933", "commune": ""}}, {"type": "Feature", "geometry": {"type": "Point", "coordinates": [-72.5796, 19.78947]}, "properties": {"nom": "Eglise Assemblée de Dieu l'Arche de Noe", "famille": "chretien", "religion_osm": "christian", "denomination_osm": "", "pcode_commune": "HT0351", "commune": ""}}, {"type": "Feature", "geometry": {"type": "Point", "coordinates": [-72.56699, 19.78172]}, "properties": {"nom": "Eglise du Christ", "famille": "chretien", "religion_osm": "christian", "denomination_osm": "", "pcode_commune": "HT0351", "commune": ""}}, {"type": "Feature", "geometry": {"type": "Point", "coordinates": [-72.57826, 19.80814]}, "properties": {"nom": "Eglise Ambassadeur de Jésus Christ", "famille": "chretien", "religion_osm": "christian", "denomination_osm": "", "pcode_commune": "HT0351", "commune": ""}}, {"type": "Feature", "geometry": {"type": "Point", "coordinates": [-72.10966, 19.4368]}, "properties": {"nom": "Eglise Baptiste Jérusaalem", "famille": "chretien", "religion_osm": "christian", "denomination_osm": "baptist", "pcode_commune": "HT0332", "commune": ""}}, {"type": "Feature", "geometry": {"type": "Point", "coordinates": [-72.11411, 19.46878]}, "properties": {"nom": "Eglise Baptiste Conservatrice de Bahon", "famille": "chretien", "religion_osm": "christian", "denomination_osm": "baptist", "pcode_commune": "HT0332", "commune": ""}}, {"type": "Feature", "geometry": {"type": "Point", "coordinates": [-72.11566, 19.47044]}, "properties": {"nom": "Eglise Catholique de Bahon", "famille": "chretien", "religion_osm": "christian", "denomination_osm": "catholic", "pcode_commune": "HT0332", "commune": ""}}, {"type": "Feature", "geometry": {"type": "Point", "coordinates": [-71.93908, 18.837]}, "properties": {"nom": "Eglise Evangelique Marantha", "famille": "chretien", "religion_osm": "christian", "denomination_osm": "evangelical", "pcode_commune": "HT0631", "commune": ""}}, {"type": "Feature", "geometry": {"type": "Point", "coordinates": [-71.88603, 18.83015]}, "properties": {"nom": "Eglise Assemblee de Dieu de Poulie", "famille": "chretien", "religion_osm": "christian", "denomination_osm": "", "pcode_commune": "HT0632", "commune": ""}}, {"type": "Feature", "geometry": {"type": "Point", "coordinates": [-71.8836, 18.83029]}, "properties": {"nom": "Notre Dame Des Douler", "famille": "chretien", "religion_osm": "christian", "denomination_osm": "", "pcode_commune": "HT0632", "commune": ""}}, {"type": "Feature", "geometry": {"type": "Point", "coordinates": [-71.99816, 19.66701]}, "properties": {"nom": "église musulmane", "famille": "vodou", "religion_osm": "voodoo", "denomination_osm": "others", "pcode_commune": "HT0434", "commune": ""}}, {"type": "Feature", "geometry": {"type": "Point", "coordinates": [-71.99532, 19.65153]}, "properties": {"nom": "Chapelle Transfiguration de Jésus", "famille": "chretien", "religion_osm": "christian", "denomination_osm": "catholic", "pcode_commune": "HT0434", "commune": ""}}, {"type": "Feature", "geometry": {"type": "Point", "coordinates": [-71.99925, 19.64708]}, "properties": {"nom": "Église Baptiste de Trinité ahd", "famille": "chretien", "religion_osm": "christian", "denomination_osm": "baptist", "pcode_commune": "HT0434", "commune": ""}}, {"type": "Feature", "geometry": {"type": "Point", "coordinates": [-71.99016, 19.68245]}, "properties": {"nom": "Église chrétienne", "famille": "vodou", "religion_osm": "voodoo", "denomination_osm": "others", "pcode_commune": "HT0434", "commune": ""}}, {"type": "Feature", "geometry": {"type": "Point", "coordinates": [-71.99171, 19.6846]}, "properties": {"nom": "Eglise Baptiste de Jacquesyl", "famille": "chretien", "religion_osm": "christian", "denomination_osm": "baptist", "pcode_commune": "HT0434", "commune": ""}}, {"type": "Feature", "geometry": {"type": "Point", "coordinates": [-71.99219, 19.68049]}, "properties": {"nom": "Eglise Adventiste de Jacquesyl", "famille": "chretien", "religion_osm": "christian", "denomination_osm": "adventist", "pcode_commune": "HT0434", "commune": ""}}, {"type": "Feature", "geometry": {"type": "Point", "coordinates": [-72.02262, 19.67526]}, "properties": {"nom": "Eglise Baptiste des Rachetés", "famille": "chretien", "religion_osm": "christian", "denomination_osm": "baptist", "pcode_commune": "HT0434", "commune": ""}}, {"type": "Feature", "geometry": {"type": "Point", "coordinates": [-72.02162, 19.69134]}, "properties": {"nom": "Eglise du Christ", "famille": "chretien", "religion_osm": "christian", "denomination_osm": "baptist", "pcode_commune": "HT0434", "commune": ""}}, {"type": "Feature", "geometry": {"type": "Point", "coordinates": [-72.01903, 19.64822]}, "properties": {"nom": "Eglise Eben-Ezer", "famille": "chretien", "religion_osm": "christian", "denomination_osm": "baptist", "pcode_commune": "HT0434", "commune": ""}}, {"type": "Feature", "geometry": {"type": "Point", "coordinates": [-72.02087, 19.64076]}, "properties": {"nom": "Église La Source de Morency", "famille": "non_renseigne", "religion_osm": "", "denomination_osm": "", "pcode_commune": "HT0431", "commune": ""}}, {"type": "Feature", "geometry": {"type": "Point", "coordinates": [-72.11463, 19.4671]}, "properties": {"nom": "Agneau de Dieu", "famille": "chretien", "religion_osm": "christian", "denomination_osm": "protestant", "pcode_commune": "HT0332", "commune": ""}}, {"type": "Feature", "geometry": {"type": "Point", "coordinates": [-72.11673, 19.47273]}, "properties": {"nom": "Eglise Baptiste Haitienne", "famille": "chretien", "religion_osm": "christian", "denomination_osm": "baptist", "pcode_commune": "HT0332", "commune": ""}}, {"type": "Feature", "geometry": {"type": "Point", "coordinates": [-72.11736, 19.47319]}, "properties": {"nom": "Eglise Adventiste de Bahon", "famille": "chretien", "religion_osm": "christian", "denomination_osm": "others", "pcode_commune": "HT0332", "commune": ""}}, {"type": "Feature", "geometry": {"type": "Point", "coordinates": [-72.11755, 19.47281]}, "properties": {"nom": "Eglise La Foi Apostolique", "famille": "chretien", "religion_osm": "christian", "denomination_osm": "others", "pcode_commune": "HT0332", "commune": ""}}, {"type": "Feature", "geometry": {"type": "Point", "coordinates": [-71.78197, 19.61064]}, "properties": {"nom": "Eglise La Foi Apostolique", "famille": "chretien", "religion_osm": "christian", "denomination_osm": "protestant", "pcode_commune": "HT0412", "commune": ""}}, {"type": "Feature", "geometry": {"type": "Point", "coordinates": [-71.78072, 19.61265]}, "properties": {"nom": "International Mission Outreach", "famille": "chretien", "religion_osm": "christian", "denomination_osm": "protestant", "pcode_commune": "HT0412", "commune": ""}}, {"type": "Feature", "geometry": {"type": "Point", "coordinates": [-71.75016, 19.6016]}, "properties": {"nom": "Eglise de Dieu Unie de Ponigo", "famille": "non_renseigne", "religion_osm": "", "denomination_osm": "", "pcode_commune": "HT0412", "commune": ""}}, {"type": "Feature", "geometry": {"type": "Point", "coordinates": [-71.7575, 19.66636]}, "properties": {"nom": "Eglise Assemblée de Dieu", "famille": "chretien", "religion_osm": "christian", "denomination_osm": "protestant", "pcode_commune": "HT0412", "commune": ""}}, {"type": "Feature", "geometry": {"type": "Point", "coordinates": [-71.75722, 19.66595]}, "properties": {"nom": "Eglise Baptiste Sarepta", "famille": "chretien", "religion_osm": "christian", "denomination_osm": "baptist", "pcode_commune": "HT0412", "commune": ""}}, {"type": "Feature", "geometry": {"type": "Point", "coordinates": [-71.76091, 19.66383]}, "properties": {"nom": "Eglise Catholique Saint Eugène de Mazenod", "famille": "chretien", "religion_osm": "christian", "denomination_osm": "catholic", "pcode_commune": "HT0412", "commune": ""}}, {"type": "Feature", "geometry": {"type": "Point", "coordinates": [-71.76252, 19.66334]}, "properties": {"nom": "Eglise Adventiste", "famille": "chretien", "religion_osm": "christian", "denomination_osm": "adventist", "pcode_commune": "HT0412", "commune": ""}}, {"type": "Feature", "geometry": {"type": "Point", "coordinates": [-71.77596, 19.65406]}, "properties": {"nom": "Eglise Baptiste de Philibert", "famille": "chretien", "religion_osm": "christian", "denomination_osm": "baptist", "pcode_commune": "HT0412", "commune": ""}}, {"type": "Feature", "geometry": {"type": "Point", "coordinates": [-71.78249, 19.64396]}, "properties": {"nom": "Eglise International Mission Outreach", "famille": "chretien", "religion_osm": "christian", "denomination_osm": "protestant", "pcode_commune": "HT0412", "commune": ""}}, {"type": "Feature", "geometry": {"type": "Point", "coordinates": [-71.78459, 19.64092]}, "properties": {"nom": "Eglise Baptiste Eben-Ezer", "famille": "chretien", "religion_osm": "christian", "denomination_osm": "baptist", "pcode_commune": "HT0412", "commune": ""}}, {"type": "Feature", "geometry": {"type": "Point", "coordinates": [-71.7251, 19.55359]}, "properties": {"nom": "Eglise Missionnaire Bethléem", "famille": "chretien", "religion_osm": "christian", "denomination_osm": "protestant", "pcode_commune": "HT0421", "commune": ""}}, {"type": "Feature", "geometry": {"type": "Point", "coordinates": [-71.72616, 19.55514]}, "properties": {"nom": "Eglise Apostolique Temple II", "famille": "chretien", "religion_osm": "christian", "denomination_osm": "protestant", "pcode_commune": "HT0421", "commune": ""}}, {"type": "Feature", "geometry": {"type": "Point", "coordinates": [-71.75433, 19.65123]}, "properties": {"nom": "Eglise Baptiste Beraca", "famille": "chretien", "religion_osm": "christian", "denomination_osm": "baptist", "pcode_commune": "HT0412", "commune": ""}}, {"type": "Feature", "geometry": {"type": "Point", "coordinates": [-71.75693, 19.63794]}, "properties": {"nom": "Eglise Baptiste Emmanuel", "famille": "chretien", "religion_osm": "christian", "denomination_osm": "baptist", "pcode_commune": "HT0412", "commune": ""}}, {"type": "Feature", "geometry": {"type": "Point", "coordinates": [-71.75684, 19.64046]}, "properties": {"nom": "Eglise Pentecotiste", "famille": "chretien", "religion_osm": "christian", "denomination_osm": "pentecostal", "pcode_commune": "HT0412", "commune": ""}}, {"type": "Feature", "geometry": {"type": "Point", "coordinates": [-71.76663, 19.6161]}, "properties": {"nom": "Eglise Baptiste Beraca", "famille": "chretien", "religion_osm": "christian", "denomination_osm": "baptist", "pcode_commune": "HT0412", "commune": ""}}, {"type": "Feature", "geometry": {"type": "Point", "coordinates": [-71.78113, 19.5801]}, "properties": {"nom": "Eglise Baptiste de Dieu", "famille": "chretien", "religion_osm": "christian", "denomination_osm": "baptist", "pcode_commune": "HT0421", "commune": ""}}, {"type": "Feature", "geometry": {"type": "Point", "coordinates": [-71.77866, 19.57566]}, "properties": {"nom": "Péristil", "famille": "vodou", "religion_osm": "voodoo", "denomination_osm": "others", "pcode_commune": "HT0421", "commune": ""}}, {"type": "Feature", "geometry": {"type": "Point", "coordinates": [-71.77624, 19.57752]}, "properties": {"nom": "Péristil", "famille": "vodou", "religion_osm": "voodoo", "denomination_osm": "others", "pcode_commune": "HT0421", "commune": ""}}, {"type": "Feature", "geometry": {"type": "Point", "coordinates": [-71.80158, 19.58211]}, "properties": {"nom": "Péristil", "famille": "vodou", "religion_osm": "voodoo", "denomination_osm": "others", "pcode_commune": "HT0421", "commune": ""}}, {"type": "Feature", "geometry": {"type": "Point", "coordinates": [-71.72812, 19.55169]}, "properties": {"nom": "Temple Adventiste 5", "famille": "chretien", "religion_osm": "christian", "denomination_osm": "adventist", "pcode_commune": "HT0421", "commune": ""}}, {"type": "Feature", "geometry": {"type": "Point", "coordinates": [-71.73156, 19.5566]}, "properties": {"nom": "La Foi Apostolique", "famille": "chretien", "religion_osm": "christian", "denomination_osm": "protestant", "pcode_commune": "HT0421", "commune": ""}}, {"type": "Feature", "geometry": {"type": "Point", "coordinates": [-71.73191, 19.55419]}, "properties": {"nom": "Église de Sacerdorce", "famille": "chretien", "religion_osm": "christian", "denomination_osm": "protestant", "pcode_commune": "HT0421", "commune": ""}}, {"type": "Feature", "geometry": {"type": "Point", "coordinates": [-71.73415, 19.55245]}, "properties": {"nom": "Eglise Baptiste Nouvelle vie", "famille": "chretien", "religion_osm": "christian", "denomination_osm": "baptist", "pcode_commune": "HT0421", "commune": ""}}, {"type": "Feature", "geometry": {"type": "Point", "coordinates": [-71.73571, 19.54926]}, "properties": {"nom": "Église de Dieu Centre Évangélique Sauveur", "famille": "chretien", "religion_osm": "christian", "denomination_osm": "pentecostal", "pcode_commune": "HT0421", "commune": ""}}, {"type": "Feature", "geometry": {"type": "Point", "coordinates": [-71.73497, 19.54775]}, "properties": {"nom": "Église Maranatha", "famille": "chretien", "religion_osm": "christian", "denomination_osm": "protestant", "pcode_commune": "HT0421", "commune": ""}}, {"type": "Feature", "geometry": {"type": "Point", "coordinates": [-71.7327, 19.55024]}, "properties": {"nom": "Armée du Christ", "famille": "chretien", "religion_osm": "christian", "denomination_osm": "protestant", "pcode_commune": "HT0421", "commune": ""}}, {"type": "Feature", "geometry": {"type": "Point", "coordinates": [-71.73229, 19.55122]}, "properties": {"nom": "Eglise Adventiste du 7eme Jour de Ouanaminthe / Temple II", "famille": "chretien", "religion_osm": "christian", "denomination_osm": "adventist", "pcode_commune": "HT0421", "commune": ""}}, {"type": "Feature", "geometry": {"type": "Point", "coordinates": [-71.73218, 19.55851]}, "properties": {"nom": "Eglise Tabernacle du Christ", "famille": "chretien", "religion_osm": "christian", "denomination_osm": "protestant", "pcode_commune": "HT0421", "commune": ""}}, {"type": "Feature", "geometry": {"type": "Point", "coordinates": [-71.72969, 19.55853]}, "properties": {"nom": "Eglise de Dieu Liberté par la parole", "famille": "chretien", "religion_osm": "christian", "denomination_osm": "protestant", "pcode_commune": "HT0421", "commune": ""}}, {"type": "Feature", "geometry": {"type": "Point", "coordinates": [-71.72852, 19.55745]}, "properties": {"nom": "Péristil", "famille": "vodou", "religion_osm": "voodoo", "denomination_osm": "", "pcode_commune": "HT0421", "commune": ""}}, {"type": "Feature", "geometry": {"type": "Point", "coordinates": [-71.83681, 19.25209]}, "properties": {"nom": "Eglise AEM", "famille": "chretien", "religion_osm": "christian", "denomination_osm": "protestant", "pcode_commune": "HT0641", "commune": ""}}, {"type": "Feature", "geometry": {"type": "Point", "coordinates": [-71.78023, 19.22946]}, "properties": {"nom": "Eglise Adventiste", "famille": "non_renseigne", "religion_osm": "", "denomination_osm": "", "pcode_commune": "HT0641", "commune": ""}}, {"type": "Feature", "geometry": {"type": "Point", "coordinates": [-71.65307, 19.20148]}, "properties": {"nom": "Eglise Apostolique chrétienne", "famille": "non_renseigne", "religion_osm": "", "denomination_osm": "", "pcode_commune": "HT0641", "commune": ""}}, {"type": "Feature", "geometry": {"type": "Point", "coordinates": [-71.83743, 19.18909]}, "properties": {"nom": "Eglise Baptiste AEM", "famille": "chretien", "religion_osm": "christian", "denomination_osm": "protestant", "pcode_commune": "HT0641", "commune": ""}}, {"type": "Feature", "geometry": {"type": "Point", "coordinates": [-71.92516, 19.22204]}, "properties": {"nom": "Eglise Baptiste Conservatrice", "famille": "chretien", "religion_osm": "christian", "denomination_osm": "protestant", "pcode_commune": "HT0614", "commune": ""}}, {"type": "Feature", "geometry": {"type": "Point", "coordinates": [-71.81251, 19.22921]}, "properties": {"nom": "Eglise Baptiste Conservatrice", "famille": "chretien", "religion_osm": "christian", "denomination_osm": "protestant", "pcode_commune": "HT0641", "commune": ""}}, {"type": "Feature", "geometry": {"type": "Point", "coordinates": [-71.9571, 19.29128]}, "properties": {"nom": "Eglise Baptiste de Jérusalem", "famille": "chretien", "religion_osm": "christian", "denomination_osm": "protestant", "pcode_commune": "HT0614", "commune": ""}}, {"type": "Feature", "geometry": {"type": "Point", "coordinates": [-71.95879, 19.24196]}, "properties": {"nom": "Eglise Baptiste", "famille": "chretien", "religion_osm": "christian", "denomination_osm": "protestant", "pcode_commune": "HT0614", "commune": ""}}, {"type": "Feature", "geometry": {"type": "Point", "coordinates": [-71.83738, 19.18789]}, "properties": {"nom": "Eglise Bon Berger", "famille": "non_renseigne", "religion_osm": "", "denomination_osm": "", "pcode_commune": "HT0641", "commune": ""}}, {"type": "Feature", "geometry": {"type": "Point", "coordinates": [-71.9431, 19.26829]}, "properties": {"nom": "Eglise Béthel", "famille": "non_renseigne", "religion_osm": "", "denomination_osm": "", "pcode_commune": "HT0614", "commune": ""}}, {"type": "Feature", "geometry": {"type": "Point", "coordinates": [-71.8372, 19.25201]}, "properties": {"nom": "Eglise Catholique", "famille": "chretien", "religion_osm": "christian", "denomination_osm": "", "pcode_commune": "HT0641", "commune": ""}}, {"type": "Feature", "geometry": {"type": "Point", "coordinates": [-71.95022, 19.28364]}, "properties": {"nom": "Eglise Communauté du Christ", "famille": "chretien", "religion_osm": "christian", "denomination_osm": "protestant", "pcode_commune": "HT0614", "commune": ""}}, {"type": "Feature", "geometry": {"type": "Point", "coordinates": [-71.86779, 19.22717]}, "properties": {"nom": "Eglise Conservatrice St-Hilaire", "famille": "non_renseigne", "religion_osm": "", "denomination_osm": "", "pcode_commune": "HT0641", "commune": ""}}, {"type": "Feature", "geometry": {"type": "Point", "coordinates": [-71.74774, 19.11034]}, "properties": {"nom": "Eglise Episcopale", "famille": "non_renseigne", "religion_osm": "", "denomination_osm": "", "pcode_commune": "HT0641", "commune": ""}}, {"type": "Feature", "geometry": {"type": "Point", "coordinates": [-71.84512, 19.23594]}, "properties": {"nom": "Eglise Maranatha", "famille": "non_renseigne", "religion_osm": "", "denomination_osm": "", "pcode_commune": "HT0641", "commune": ""}}, {"type": "Feature", "geometry": {"type": "Point", "coordinates": [-72.04419, 19.30419]}, "properties": {"nom": "Eglise Maranatha", "famille": "non_renseigne", "religion_osm": "", "denomination_osm": "", "pcode_commune": "HT0344", "commune": ""}}, {"type": "Feature", "geometry": {"type": "Point", "coordinates": [-71.95855, 19.24042]}, "properties": {"nom": "Eglise Mission St-Chrétienne d'Haïti", "famille": "chretien", "religion_osm": "christian", "denomination_osm": "protestant", "pcode_commune": "HT0614", "commune": ""}}, {"type": "Feature", "geometry": {"type": "Point", "coordinates": [-71.68435, 19.23516]}, "properties": {"nom": "Eglise Pasteur", "famille": "non_renseigne", "religion_osm": "", "denomination_osm": "", "pcode_commune": "HT0641", "commune": ""}}, {"type": "Feature", "geometry": {"type": "Point", "coordinates": [-71.74698, 19.11032]}, "properties": {"nom": "Eglise Protestante", "famille": "chretien", "religion_osm": "christian", "denomination_osm": "protestant", "pcode_commune": "HT0641", "commune": ""}}, {"type": "Feature", "geometry": {"type": "Point", "coordinates": [-71.97065, 19.29695]}, "properties": {"nom": "Eglise Protestante", "famille": "chretien", "religion_osm": "christian", "denomination_osm": "protestant", "pcode_commune": "HT0614", "commune": ""}}, {"type": "Feature", "geometry": {"type": "Point", "coordinates": [-72.03945, 19.30828]}, "properties": {"nom": "Eglise Protestante", "famille": "chretien", "religion_osm": "christian", "denomination_osm": "protestant", "pcode_commune": "HT0344", "commune": ""}}, {"type": "Feature", "geometry": {"type": "Point", "coordinates": [-71.65717, 19.22867]}, "properties": {"nom": "Eglise de Dieu", "famille": "chretien", "religion_osm": "christian", "denomination_osm": "protestant", "pcode_commune": "HT0641", "commune": ""}}, {"type": "Feature", "geometry": {"type": "Point", "coordinates": [-71.73023, 19.24245]}, "properties": {"nom": "Eglise de Dieu", "famille": "chretien", "religion_osm": "christian", "denomination_osm": "protestant", "pcode_commune": "HT0641", "commune": ""}}, {"type": "Feature", "geometry": {"type": "Point", "coordinates": [-71.91013, 19.29122]}, "properties": {"nom": "Eglise de Dieu", "famille": "chretien", "religion_osm": "christian", "denomination_osm": "protestant", "pcode_commune": "HT0614", "commune": ""}}, {"type": "Feature", "geometry": {"type": "Point", "coordinates": [-71.67908, 19.12553]}, "properties": {"nom": "Eglise de l'Evangile", "famille": "chretien", "religion_osm": "christian", "denomination_osm": "protestant", "pcode_commune": "HT0641", "commune": ""}}, {"type": "Feature", "geometry": {"type": "Point", "coordinates": [-72.95221, 19.80265]}, "properties": {"nom": "Péristil", "famille": "vodou", "religion_osm": "voodoo", "denomination_osm": "others", "pcode_commune": "HT0911", "commune": ""}}, {"type": "Feature", "geometry": {"type": "Point", "coordinates": [-72.95242, 19.79913]}, "properties": {"nom": "Péristil", "famille": "vodou", "religion_osm": "voodoo", "denomination_osm": "others", "pcode_commune": "HT0911", "commune": ""}}, {"type": "Feature", "geometry": {"type": "Point", "coordinates": [-72.95334, 19.79531]}, "properties": {"nom": "Eglise Adventiste de Bwa Wouye", "famille": "chretien", "religion_osm": "christian", "denomination_osm": "adventist", "pcode_commune": "HT0911", "commune": ""}}, {"type": "Feature", "geometry": {"type": "Point", "coordinates": [-72.96546, 19.81588]}, "properties": {"nom": "Péristil", "famille": "vodou", "religion_osm": "voodoo", "denomination_osm": "others", "pcode_commune": "HT0911", "commune": ""}}, {"type": "Feature", "geometry": {"type": "Point", "coordinates": [-72.96479, 19.82147]}, "properties": {"nom": "Ecole Baptiste de Dupin", "famille": "chretien", "religion_osm": "christian", "denomination_osm": "protestant", "pcode_commune": "HT0911", "commune": ""}}, {"type": "Feature", "geometry": {"type": "Point", "coordinates": [-72.99262, 19.79916]}, "properties": {"nom": "Péristil", "famille": "vodou", "religion_osm": "voodoo", "denomination_osm": "", "pcode_commune": "HT0911", "commune": ""}}, {"type": "Feature", "geometry": {"type": "Point", "coordinates": [-72.98668, 19.8095]}, "properties": {"nom": "Eglise Adventiste du reste de sa prospérité", "famille": "chretien", "religion_osm": "christian", "denomination_osm": "adventist", "pcode_commune": "HT0911", "commune": ""}}, {"type": "Feature", "geometry": {"type": "Point", "coordinates": [-72.98288, 19.82695]}, "properties": {"nom": "Eglise Evangelique UEBH", "famille": "chretien", "religion_osm": "christian", "denomination_osm": "baptist", "pcode_commune": "HT0911", "commune": ""}}, {"type": "Feature", "geometry": {"type": "Point", "coordinates": [-72.98385, 19.82456]}, "properties": {"nom": "Eglise Adventiste de Vion", "famille": "chretien", "religion_osm": "christian", "denomination_osm": "adventist", "pcode_commune": "HT0911", "commune": ""}}, {"type": "Feature", "geometry": {"type": "Point", "coordinates": [-72.98327, 19.8239]}, "properties": {"nom": "Péristil", "famille": "vodou", "religion_osm": "voodoo", "denomination_osm": "others", "pcode_commune": "HT0911", "commune": ""}}, {"type": "Feature", "geometry": {"type": "Point", "coordinates": [-73.00547, 19.78491]}, "properties": {"nom": "Eglise Chrétienne de Saline Mayette", "famille": "chretien", "religion_osm": "christian", "denomination_osm": "baptist", "pcode_commune": "HT0911", "commune": ""}}, {"type": "Feature", "geometry": {"type": "Point", "coordinates": [-72.98345, 19.77885]}, "properties": {"nom": "Eglise Adventiste de Carre", "famille": "chretien", "religion_osm": "christian", "denomination_osm": "adventist", "pcode_commune": "HT0911", "commune": ""}}, {"type": "Feature", "geometry": {"type": "Point", "coordinates": [-72.98288, 19.77551]}, "properties": {"nom": "Eglise Nazareen de Mayete", "famille": "chretien", "religion_osm": "christian", "denomination_osm": "protestant", "pcode_commune": "HT0911", "commune": ""}}, {"type": "Feature", "geometry": {"type": "Point", "coordinates": [-72.98281, 19.78174]}, "properties": {"nom": "Temple de Vaudou de Carre", "famille": "vodou", "religion_osm": "voodoo", "denomination_osm": "", "pcode_commune": "HT0911", "commune": ""}}, {"type": "Feature", "geometry": {"type": "Point", "coordinates": [-72.99374, 19.78164]}, "properties": {"nom": "Ecole Adventiste de Bwa Goudou", "famille": "chretien", "religion_osm": "christian", "denomination_osm": "adventist", "pcode_commune": "HT0911", "commune": ""}}, {"type": "Feature", "geometry": {"type": "Point", "coordinates": [-72.97833, 19.78469]}, "properties": {"nom": "Temple de Vaudou de Carre", "famille": "vodou", "religion_osm": "voodoo", "denomination_osm": "", "pcode_commune": "HT0911", "commune": ""}}, {"type": "Feature", "geometry": {"type": "Point", "coordinates": [-73.01181, 19.77825]}, "properties": {"nom": "Eglise Adventiste Grand-Marre", "famille": "chretien", "religion_osm": "christian", "denomination_osm": "adventist", "pcode_commune": "HT0911", "commune": ""}}, {"type": "Feature", "geometry": {"type": "Point", "coordinates": [-72.99874, 19.77172]}, "properties": {"nom": "Ecole Baptiste de Boulage I", "famille": "chretien", "religion_osm": "christian", "denomination_osm": "baptist", "pcode_commune": "HT0911", "commune": ""}}, {"type": "Feature", "geometry": {"type": "Point", "coordinates": [-72.99358, 19.76894]}, "properties": {"nom": "Eglise & Ecole Baptiste de Grand Fond", "famille": "non_renseigne", "religion_osm": "", "denomination_osm": "", "pcode_commune": "HT0911", "commune": ""}}, {"type": "Feature", "geometry": {"type": "Point", "coordinates": [-72.99963, 19.76727]}, "properties": {"nom": "Eglise Adventiste de Boulange", "famille": "chretien", "religion_osm": "christian", "denomination_osm": "seventh_day_adventist", "pcode_commune": "HT0911", "commune": ""}}, {"type": "Feature", "geometry": {"type": "Point", "coordinates": [-72.98447, 19.77256]}, "properties": {"nom": "Eglise & Ecole Baptiste (UEBH) de Mayette", "famille": "chretien", "religion_osm": "christian", "denomination_osm": "baptist", "pcode_commune": "HT0911", "commune": ""}}, {"type": "Feature", "geometry": {"type": "Point", "coordinates": [-73.00094, 19.80162]}, "properties": {"nom": "Eglise Baptiste de Boulanger", "famille": "chretien", "religion_osm": "christian", "denomination_osm": "baptist", "pcode_commune": "HT0911", "commune": ""}}, {"type": "Feature", "geometry": {"type": "Point", "coordinates": [-72.992, 19.80579]}, "properties": {"nom": "Temple de Vaudou de Caneau", "famille": "vodou", "religion_osm": "voodoo", "denomination_osm": "others", "pcode_commune": "HT0911", "commune": ""}}, {"type": "Feature", "geometry": {"type": "Point", "coordinates": [-72.99374, 19.80601]}, "properties": {"nom": "Temple de Vaudou de Caneau", "famille": "vodou", "religion_osm": "voodoo", "denomination_osm": "others", "pcode_commune": "HT0911", "commune": ""}}, {"type": "Feature", "geometry": {"type": "Point", "coordinates": [-72.99017, 19.80902]}, "properties": {"nom": "Temple de Vaudou de Caneau", "famille": "vodou", "religion_osm": "voodoo", "denomination_osm": "others", "pcode_commune": "HT0911", "commune": ""}}, {"type": "Feature", "geometry": {"type": "Point", "coordinates": [-73.01305, 19.77018]}, "properties": {"nom": "Eglise Conservatrice de Gouane", "famille": "chretien", "religion_osm": "christian", "denomination_osm": "baptist", "pcode_commune": "HT0911", "commune": ""}}, {"type": "Feature", "geometry": {"type": "Point", "coordinates": [-73.01286, 19.75117]}, "properties": {"nom": "Péristil", "famille": "vodou", "religion_osm": "voodoo", "denomination_osm": "others", "pcode_commune": "HT0911", "commune": ""}}, {"type": "Feature", "geometry": {"type": "Point", "coordinates": [-72.96904, 19.75231]}, "properties": {"nom": "Eglise Baptiste Emmanuel", "famille": "chretien", "religion_osm": "christian", "denomination_osm": "baptist", "pcode_commune": "HT0911", "commune": ""}}, {"type": "Feature", "geometry": {"type": "Point", "coordinates": [-72.975, 19.81273]}, "properties": {"nom": "Péristil", "famille": "vodou", "religion_osm": "voodoo", "denomination_osm": "others", "pcode_commune": "HT0911", "commune": ""}}, {"type": "Feature", "geometry": {"type": "Point", "coordinates": [-72.96599, 19.80677]}, "properties": {"nom": "Péristil", "famille": "vodou", "religion_osm": "voodoo", "denomination_osm": "others", "pcode_commune": "HT0911", "commune": ""}}, {"type": "Feature", "geometry": {"type": "Point", "coordinates": [-72.95621, 19.76652]}, "properties": {"nom": "Eglise de Dieu De Nan Francois", "famille": "chretien", "religion_osm": "christian", "denomination_osm": "baptist", "pcode_commune": "HT0911", "commune": ""}}, {"type": "Feature", "geometry": {"type": "Point", "coordinates": [-72.95634, 19.76402]}, "properties": {"nom": "Péristil", "famille": "vodou", "religion_osm": "voodoo", "denomination_osm": "others", "pcode_commune": "HT0911", "commune": ""}}, {"type": "Feature", "geometry": {"type": "Point", "coordinates": [-72.99242, 19.77478]}, "properties": {"nom": "Temple de Vaudou de Grand Rald", "famille": "vodou", "religion_osm": "voodoo", "denomination_osm": "others", "pcode_commune": "HT0911", "commune": ""}}, {"type": "Feature", "geometry": {"type": "Point", "coordinates": [-72.96239, 19.81992]}, "properties": {"nom": "Temple de Vaudou de Morne Fouceau", "famille": "vodou", "religion_osm": "voodoo", "denomination_osm": "others", "pcode_commune": "HT0911", "commune": ""}}, {"type": "Feature", "geometry": {"type": "Point", "coordinates": [-72.95466, 19.75023]}, "properties": {"nom": "Eglise Baptiste Rock Solide", "famille": "chretien", "religion_osm": "christian", "denomination_osm": "baptist", "pcode_commune": "HT0911", "commune": ""}}, {"type": "Feature", "geometry": {"type": "Point", "coordinates": [-72.95656, 19.76036]}, "properties": {"nom": "Eglise Trois Graces", "famille": "chretien", "religion_osm": "christian", "denomination_osm": "protestant", "pcode_commune": "HT0911", "commune": ""}}, {"type": "Feature", "geometry": {"type": "Point", "coordinates": [-72.95695, 19.74822]}, "properties": {"nom": "Péristil", "famille": "vodou", "religion_osm": "voodoo", "denomination_osm": "others", "pcode_commune": "HT0911", "commune": ""}}, {"type": "Feature", "geometry": {"type": "Point", "coordinates": [-72.95699, 19.74833]}, "properties": {"nom": "Péristil", "famille": "vodou", "religion_osm": "voodoo", "denomination_osm": "others", "pcode_commune": "HT0911", "commune": ""}}, {"type": "Feature", "geometry": {"type": "Point", "coordinates": [-72.95369, 19.76079]}, "properties": {"nom": "Péristil", "famille": "vodou", "religion_osm": "voodoo", "denomination_osm": "others", "pcode_commune": "HT0911", "commune": ""}}, {"type": "Feature", "geometry": {"type": "Point", "coordinates": [-72.95428, 19.76137]}, "properties": {"nom": "Péristil", "famille": "vodou", "religion_osm": "voodoo", "denomination_osm": "others", "pcode_commune": "HT0911", "commune": ""}}, {"type": "Feature", "geometry": {"type": "Point", "coordinates": [-72.96291, 19.78367]}, "properties": {"nom": "Eglise Baptiste de Flanette", "famille": "chretien", "religion_osm": "christian", "denomination_osm": "baptist", "pcode_commune": "HT0911", "commune": ""}}, {"type": "Feature", "geometry": {"type": "Point", "coordinates": [-72.95947, 19.7818]}, "properties": {"nom": "Péristil", "famille": "vodou", "religion_osm": "voodoo", "denomination_osm": "others", "pcode_commune": "HT0911", "commune": ""}}, {"type": "Feature", "geometry": {"type": "Point", "coordinates": [-72.96036, 19.78297]}, "properties": {"nom": "Péristil", "famille": "vodou", "religion_osm": "voodoo", "denomination_osm": "others", "pcode_commune": "HT0911", "commune": ""}}, {"type": "Feature", "geometry": {"type": "Point", "coordinates": [-72.96583, 19.77905]}, "properties": {"nom": "Eglise Nazareen de Bagui", "famille": "chretien", "religion_osm": "christian", "denomination_osm": "protestant", "pcode_commune": "HT0911", "commune": ""}}, {"type": "Feature", "geometry": {"type": "Point", "coordinates": [-72.95725, 19.77334]}, "properties": {"nom": "Eglise Adventiste de Pilette", "famille": "chretien", "religion_osm": "christian", "denomination_osm": "adventist", "pcode_commune": "HT0911", "commune": ""}}, {"type": "Feature", "geometry": {"type": "Point", "coordinates": [-72.95781, 19.77166]}, "properties": {"nom": "Eglise Catholique de Pilette", "famille": "chretien", "religion_osm": "christian", "denomination_osm": "catholic", "pcode_commune": "HT0911", "commune": ""}}, {"type": "Feature", "geometry": {"type": "Point", "coordinates": [-72.95651, 19.76892]}, "properties": {"nom": "Eglise Chretienne de Pilette", "famille": "chretien", "religion_osm": "christian", "denomination_osm": "baptist", "pcode_commune": "HT0911", "commune": ""}}, {"type": "Feature", "geometry": {"type": "Point", "coordinates": [-72.95734, 19.77224]}, "properties": {"nom": "Eglise Chretienne de Pilette", "famille": "chretien", "religion_osm": "christian", "denomination_osm": "pentecostal", "pcode_commune": "HT0911", "commune": ""}}, {"type": "Feature", "geometry": {"type": "Point", "coordinates": [-72.96708, 19.7723]}, "properties": {"nom": "Eglise de Savanette", "famille": "chretien", "religion_osm": "christian", "denomination_osm": "baptist", "pcode_commune": "HT0911", "commune": ""}}, {"type": "Feature", "geometry": {"type": "Point", "coordinates": [-72.97131, 19.77703]}, "properties": {"nom": "Eglise Adventiste de T- Fond", "famille": "chretien", "religion_osm": "christian", "denomination_osm": "adventist", "pcode_commune": "HT0911", "commune": ""}}, {"type": "Feature", "geometry": {"type": "Point", "coordinates": [-72.97061, 19.7753]}, "properties": {"nom": "Temple de Vaudou de Ti-Fond", "famille": "chretien", "religion_osm": "christian", "denomination_osm": "Vaudou", "pcode_commune": "HT0911", "commune": ""}}, {"type": "Feature", "geometry": {"type": "Point", "coordinates": [-72.91796, 19.71613]}, "properties": {"nom": "Eglise Baptiste Conservatrice de YaYa", "famille": "chretien", "religion_osm": "christian", "denomination_osm": "baptist", "pcode_commune": "HT0523", "commune": ""}}, {"type": "Feature", "geometry": {"type": "Point", "coordinates": [-72.93773, 19.73169]}, "properties": {"nom": "Eglise de Dieu de la Prophetie", "famille": "chretien", "religion_osm": "christian", "denomination_osm": "evangelical", "pcode_commune": "HT0911", "commune": ""}}, {"type": "Feature", "geometry": {"type": "Point", "coordinates": [-72.94976, 19.74132]}, "properties": {"nom": "Église Baptistede Nan_Charles (Charles)", "famille": "chretien", "religion_osm": "christian", "denomination_osm": "baptist", "pcode_commune": "HT0911", "commune": ""}}, {"type": "Feature", "geometry": {"type": "Point", "coordinates": [-72.9515, 19.74466]}, "properties": {"nom": "Temple de Vaudou de Magot", "famille": "chretien", "religion_osm": "christian", "denomination_osm": "others", "pcode_commune": "HT0911", "commune": ""}}, {"type": "Feature", "geometry": {"type": "Point", "coordinates": [-72.93439, 19.75094]}, "properties": {"nom": "Eglise de Dieu de Gothier", "famille": "chretien", "religion_osm": "christian", "denomination_osm": "baptist", "pcode_commune": "HT0911", "commune": ""}}, {"type": "Feature", "geometry": {"type": "Point", "coordinates": [-72.91534, 19.75654]}, "properties": {"nom": "Péristil", "famille": "vodou", "religion_osm": "voodoo", "denomination_osm": "others", "pcode_commune": "HT0913", "commune": ""}}, {"type": "Feature", "geometry": {"type": "Point", "coordinates": [-72.92252, 19.7478]}, "properties": {"nom": "Eglise Adventiste de Vincent", "famille": "chretien", "religion_osm": "christian", "denomination_osm": "adventist", "pcode_commune": "HT0913", "commune": ""}}, {"type": "Feature", "geometry": {"type": "Point", "coordinates": [-72.92319, 19.73778]}, "properties": {"nom": "Eglise Baptiste conservatrice", "famille": "chretien", "religion_osm": "christian", "denomination_osm": "others", "pcode_commune": "HT0913", "commune": ""}}, {"type": "Feature", "geometry": {"type": "Point", "coordinates": [-72.94672, 19.76447]}, "properties": {"nom": "Eglise Morne Bethel de Palmis", "famille": "chretien", "religion_osm": "christian", "denomination_osm": "baptist", "pcode_commune": "HT0911", "commune": ""}}, {"type": "Feature", "geometry": {"type": "Point", "coordinates": [-72.92272, 19.77191]}, "properties": {"nom": "Péristil (Mambo)", "famille": "vodou", "religion_osm": "voodoo", "denomination_osm": "others", "pcode_commune": "HT0911", "commune": ""}}, {"type": "Feature", "geometry": {"type": "Point", "coordinates": [-72.9409, 19.77469]}, "properties": {"nom": "Eglise Adventiste de Koukou", "famille": "chretien", "religion_osm": "christian", "denomination_osm": "adventist", "pcode_commune": "HT0911", "commune": ""}}, {"type": "Feature", "geometry": {"type": "Point", "coordinates": [-72.92655, 19.77024]}, "properties": {"nom": "Temple de Vaudou de Vye-Te", "famille": "vodou", "religion_osm": "voodoo", "denomination_osm": "others", "pcode_commune": "HT0911", "commune": ""}}, {"type": "Feature", "geometry": {"type": "Point", "coordinates": [-72.96204, 19.76949]}, "properties": {"nom": "Péristil", "famille": "vodou", "religion_osm": "voodoo", "denomination_osm": "others", "pcode_commune": "HT0911", "commune": ""}}, {"type": "Feature", "geometry": {"type": "Point", "coordinates": [-72.94279, 19.75873]}, "properties": {"nom": "Eglise Baptiste de Vye_Joupas", "famille": "chretien", "religion_osm": "christian", "denomination_osm": "baptist", "pcode_commune": "HT0911", "commune": ""}}, {"type": "Feature", "geometry": {"type": "Point", "coordinates": [-72.9599, 19.73588]}, "properties": {"nom": "Eglise Baptiste de Cadupain", "famille": "chretien", "religion_osm": "christian", "denomination_osm": "baptist", "pcode_commune": "HT0911", "commune": ""}}, {"type": "Feature", "geometry": {"type": "Point", "coordinates": [-72.96013, 19.7384]}, "properties": {"nom": "Eglise Pentecostale de Cadupain", "famille": "chretien", "religion_osm": "christian", "denomination_osm": "pentecostal", "pcode_commune": "HT0911", "commune": ""}}, {"type": "Feature", "geometry": {"type": "Point", "coordinates": [-72.96352, 19.74728]}, "properties": {"nom": "Eglise Branham de Maslin", "famille": "chretien", "religion_osm": "christian", "denomination_osm": "", "pcode_commune": "HT0911", "commune": ""}}, {"type": "Feature", "geometry": {"type": "Point", "coordinates": [-72.96493, 19.77439]}, "properties": {"nom": "Eglise Baptiste de Fond Dante", "famille": "chretien", "religion_osm": "christian", "denomination_osm": "baptist", "pcode_commune": "HT0911", "commune": ""}}, {"type": "Feature", "geometry": {"type": "Point", "coordinates": [-72.96593, 19.76073]}, "properties": {"nom": "Eglise Catholique de Brunel", "famille": "chretien", "religion_osm": "christian", "denomination_osm": "catholic", "pcode_commune": "HT0911", "commune": ""}}, {"type": "Feature", "geometry": {"type": "Point", "coordinates": [-72.0275, 19.03111]}, "properties": {"nom": "Église Sainte Thérèse", "famille": "non_renseigne", "religion_osm": "", "denomination_osm": "", "pcode_commune": "HT0613", "commune": ""}}, {"type": "Feature", "geometry": {"type": "Point", "coordinates": [-72.59356, 19.82406]}, "properties": {"nom": "Peristile Morne souris", "famille": "non_renseigne", "religion_osm": "", "denomination_osm": "", "pcode_commune": "HT0351", "commune": ""}}, {"type": "Feature", "geometry": {"type": "Point", "coordinates": [-72.59635, 19.82795]}, "properties": {"nom": "Peristile nan Glaci", "famille": "non_renseigne", "religion_osm": "", "denomination_osm": "", "pcode_commune": "HT0351", "commune": ""}}, {"type": "Feature", "geometry": {"type": "Point", "coordinates": [-72.59395, 19.82425]}, "properties": {"nom": "peristile", "famille": "non_renseigne", "religion_osm": "", "denomination_osm": "", "pcode_commune": "HT0351", "commune": ""}}, {"type": "Feature", "geometry": {"type": "Point", "coordinates": [-72.60822, 19.81133]}, "properties": {"nom": "Peristile Cabelle", "famille": "non_renseigne", "religion_osm": "", "denomination_osm": "", "pcode_commune": "HT0351", "commune": ""}}, {"type": "Feature", "geometry": {"type": "Point", "coordinates": [-72.60844, 19.81172]}, "properties": {"nom": "Peristile Cabelle", "famille": "non_renseigne", "religion_osm": "", "denomination_osm": "", "pcode_commune": "HT0351", "commune": ""}}, {"type": "Feature", "geometry": {"type": "Point", "coordinates": [-72.80345, 19.82992]}, "properties": {"nom": "Église de Dieu", "famille": "chretien", "religion_osm": "christian", "denomination_osm": "", "pcode_commune": "HT0914", "commune": ""}}, {"type": "Feature", "geometry": {"type": "Point", "coordinates": [-72.80084, 19.80675]}, "properties": {"nom": "Église Béthanie", "famille": "chretien", "religion_osm": "christian", "denomination_osm": "", "pcode_commune": "HT0913", "commune": ""}}, {"type": "Feature", "geometry": {"type": "Point", "coordinates": [-72.70607, 19.72291]}, "properties": {"nom": "Église Maranatha", "famille": "chretien", "religion_osm": "christian", "denomination_osm": "", "pcode_commune": "HT0521", "commune": ""}}, {"type": "Feature", "geometry": {"type": "Point", "coordinates": [-71.78625, 19.56497]}, "properties": {"nom": "Eglise Baptiste De Dilaire", "famille": "chretien", "religion_osm": "christian", "denomination_osm": "protestant", "pcode_commune": "HT0421", "commune": ""}}, {"type": "Feature", "geometry": {"type": "Point", "coordinates": [-71.738, 19.54651]}, "properties": {"nom": "Junior Peristile", "famille": "vodou", "religion_osm": "voodoo", "denomination_osm": "others", "pcode_commune": "HT0421", "commune": ""}}, {"type": "Feature", "geometry": {"type": "Point", "coordinates": [-72.40747, 18.53245]}, "properties": {"nom": "Eglise Baptiste de la Grace", "famille": "chretien", "religion_osm": "christian", "denomination_osm": "baptist", "pcode_commune": "HT0113", "commune": ""}}, {"type": "Feature", "geometry": {"type": "Point", "coordinates": [-72.26793, 18.52836]}, "properties": {"nom": "Église de Jésus-Christ des saints des derniers jours", "famille": "chretien", "religion_osm": "christian", "denomination_osm": "mormon", "pcode_commune": "HT0114", "commune": ""}}, {"type": "Feature", "geometry": {"type": "Point", "coordinates": [-72.31248, 18.54753]}, "properties": {"nom": "Église Chrétienne de Bas Fond", "famille": "chretien", "religion_osm": "christian", "denomination_osm": "", "pcode_commune": "HT0112", "commune": ""}}, {"type": "Feature", "geometry": {"type": "Point", "coordinates": [-71.78623, 19.56496]}, "properties": {"nom": "Eglise Baptiste de Dilaire", "famille": "chretien", "religion_osm": "christian", "denomination_osm": "baptist", "pcode_commune": "HT0421", "commune": ""}}, {"type": "Feature", "geometry": {"type": "Point", "coordinates": [-71.73426, 19.54964]}, "properties": {"nom": "Église Baptiste de la Nouvelle Naissance", "famille": "chretien", "religion_osm": "christian", "denomination_osm": "baptist", "pcode_commune": "HT0421", "commune": ""}}, {"type": "Feature", "geometry": {"type": "Point", "coordinates": [-71.73559, 19.55178]}, "properties": {"nom": "Église Missionnaire du Troupeau du Seigneur", "famille": "chretien", "religion_osm": "christian", "denomination_osm": "protestant", "pcode_commune": "HT0421", "commune": ""}}, {"type": "Feature", "geometry": {"type": "Point", "coordinates": [-71.7366, 19.55126]}, "properties": {"nom": "Église d'Eben-Ezer Pour le Christ", "famille": "chretien", "religion_osm": "christian", "denomination_osm": "baptist", "pcode_commune": "HT0421", "commune": ""}}, {"type": "Feature", "geometry": {"type": "Point", "coordinates": [-72.15646, 19.69704]}, "properties": {"nom": "Eglise Apostolique de Quartier Morin", "famille": "chretien", "religion_osm": "christian", "denomination_osm": "", "pcode_commune": "HT0312", "commune": ""}}, {"type": "Feature", "geometry": {"type": "Point", "coordinates": [-72.22508, 18.57804]}, "properties": {"nom": "Eglise Rosaire Croix des Bouquets", "famille": "non_renseigne", "religion_osm": "", "denomination_osm": "", "pcode_commune": "HT0131", "commune": ""}}, {"type": "Feature", "geometry": {"type": "Point", "coordinates": [-72.25754, 18.59226]}, "properties": {"nom": "Eglise de Dieu de la Renaissance", "famille": "non_renseigne", "religion_osm": "", "denomination_osm": "", "pcode_commune": "HT0118", "commune": ""}}, {"type": "Feature", "geometry": {"type": "Point", "coordinates": [-72.25355, 18.6483]}, "properties": {"nom": "Eglise de Dieu de Corail Cessless", "famille": "chretien", "religion_osm": "christian", "denomination_osm": "baptist", "pcode_commune": "HT0131", "commune": ""}}, {"type": "Feature", "geometry": {"type": "Point", "coordinates": [-72.27772, 18.6639]}, "properties": {"nom": "Eglise De Dieu Promesse De Vie", "famille": "chretien", "religion_osm": "christian", "denomination_osm": "", "pcode_commune": "HT0131", "commune": ""}}, {"type": "Feature", "geometry": {"type": "Point", "coordinates": [-72.27696, 18.66253]}, "properties": {"nom": "Eglise De la Nouvelle Alliance De Jésus-Christ", "famille": "chretien", "religion_osm": "christian", "denomination_osm": "", "pcode_commune": "HT0131", "commune": ""}}, {"type": "Feature", "geometry": {"type": "Point", "coordinates": [-72.28043, 18.66815]}, "properties": {"nom": "Eglise chrétienne de la promesse armée du christ", "famille": "chretien", "religion_osm": "christian", "denomination_osm": "pentecostal", "pcode_commune": "HT0131", "commune": ""}}, {"type": "Feature", "geometry": {"type": "Point", "coordinates": [-72.27517, 18.66339]}, "properties": {"nom": "Eglise de Dieu Promesse de Vie", "famille": "chretien", "religion_osm": "christian", "denomination_osm": "protestant", "pcode_commune": "HT0131", "commune": ""}}, {"type": "Feature", "geometry": {"type": "Point", "coordinates": [-72.28853, 18.66197]}, "properties": {"nom": "Eglise de Dieu Elim", "famille": "chretien", "religion_osm": "christian", "denomination_osm": "pentecostal", "pcode_commune": "HT0131", "commune": ""}}, {"type": "Feature", "geometry": {"type": "Point", "coordinates": [-72.28905, 18.66228]}, "properties": {"nom": "1ere Eglise Baptiste de la Rédemption", "famille": "chretien", "religion_osm": "christian", "denomination_osm": "baptist", "pcode_commune": "HT0131", "commune": ""}}, {"type": "Feature", "geometry": {"type": "Point", "coordinates": [-72.28272, 18.66253]}, "properties": {"nom": "Assemblee de Jesus-Christ Vision du Reforme", "famille": "chretien", "religion_osm": "christian", "denomination_osm": "", "pcode_commune": "HT0131", "commune": ""}}, {"type": "Feature", "geometry": {"type": "Point", "coordinates": [-72.28198, 18.66811]}, "properties": {"nom": "Eglise Baptiste de la Rédemption", "famille": "chretien", "religion_osm": "christian", "denomination_osm": "baptist", "pcode_commune": "HT0131", "commune": ""}}, {"type": "Feature", "geometry": {"type": "Point", "coordinates": [-72.27776, 18.66606]}, "properties": {"nom": "Eglise de Dieu de la Vérité", "famille": "chretien", "religion_osm": "christian", "denomination_osm": "protestant", "pcode_commune": "HT0131", "commune": ""}}, {"type": "Feature", "geometry": {"type": "Point", "coordinates": [-72.28857, 18.66104]}, "properties": {"nom": "Eglise Chrétienne de L'armée du Christ", "famille": "chretien", "religion_osm": "christian", "denomination_osm": "pentecostal", "pcode_commune": "HT0131", "commune": ""}}, {"type": "Feature", "geometry": {"type": "Point", "coordinates": [-72.29057, 18.66163]}, "properties": {"nom": "Eglise de Dieu Pentecostale", "famille": "chretien", "religion_osm": "christian", "denomination_osm": "", "pcode_commune": "HT0131", "commune": ""}}, {"type": "Feature", "geometry": {"type": "Point", "coordinates": [-72.28319, 18.67153]}, "properties": {"nom": "Eglise de Dieu Berakah", "famille": "chretien", "religion_osm": "christian", "denomination_osm": "protestant", "pcode_commune": "HT0131", "commune": ""}}, {"type": "Feature", "geometry": {"type": "Point", "coordinates": [-72.2836, 18.6736]}, "properties": {"nom": "Eglise la Foi Chretienne", "famille": "chretien", "religion_osm": "christian", "denomination_osm": "protestant", "pcode_commune": "HT0131", "commune": ""}}, {"type": "Feature", "geometry": {"type": "Point", "coordinates": [-72.28409, 18.65556]}, "properties": {"nom": "Eglise Adventiste", "famille": "chretien", "religion_osm": "christian", "denomination_osm": "adventist", "pcode_commune": "HT0131", "commune": ""}}, {"type": "Feature", "geometry": {"type": "Point", "coordinates": [-72.28842, 18.65863]}, "properties": {"nom": "Eglise de Dieu Fardeau de Armes pour Christ", "famille": "chretien", "religion_osm": "christian", "denomination_osm": "", "pcode_commune": "HT0131", "commune": ""}}, {"type": "Feature", "geometry": {"type": "Point", "coordinates": [-72.28824, 18.66145]}, "properties": {"nom": "Eglise Serum Spirituel", "famille": "chretien", "religion_osm": "christian", "denomination_osm": "", "pcode_commune": "HT0131", "commune": ""}}, {"type": "Feature", "geometry": {"type": "Point", "coordinates": [-72.2889, 18.66018]}, "properties": {"nom": "1ere Eglise Haitienne Du Nazaréen Libre De Canaan", "famille": "chretien", "religion_osm": "christian", "denomination_osm": "Nazaréen", "pcode_commune": "HT0131", "commune": ""}}, {"type": "Feature", "geometry": {"type": "Point", "coordinates": [-72.29363, 18.66379]}, "properties": {"nom": "Eglise Communautaire Evangelique", "famille": "chretien", "religion_osm": "christian", "denomination_osm": "protestant", "pcode_commune": "HT0131", "commune": ""}}, {"type": "Feature", "geometry": {"type": "Point", "coordinates": [-72.28275, 18.6561]}, "properties": {"nom": "Gaby Boko", "famille": "vodou", "religion_osm": "voodoo", "denomination_osm": "others", "pcode_commune": "HT0131", "commune": ""}}, {"type": "Feature", "geometry": {"type": "Point", "coordinates": [-72.28119, 18.65359]}, "properties": {"nom": "Destiny sur le Rocher", "famille": "chretien", "religion_osm": "christian", "denomination_osm": "protestant", "pcode_commune": "HT0131", "commune": ""}}, {"type": "Feature", "geometry": {"type": "Point", "coordinates": [-72.28485, 18.66036]}, "properties": {"nom": "Eglise Evangelique de la Gloire de Shilo", "famille": "chretien", "religion_osm": "christian", "denomination_osm": "protestant", "pcode_commune": "HT0131", "commune": ""}}, {"type": "Feature", "geometry": {"type": "Point", "coordinates": [-72.27797, 18.66118]}, "properties": {"nom": "EgliseChretienne Heritier du Grand Roi", "famille": "chretien", "religion_osm": "christian", "denomination_osm": "", "pcode_commune": "HT0131", "commune": ""}}, {"type": "Feature", "geometry": {"type": "Point", "coordinates": [-72.2743, 18.64557]}, "properties": {"nom": "Eglise ChretienneTabernacle Foi de la Délivrance de Canaan", "famille": "chretien", "religion_osm": "christian", "denomination_osm": "", "pcode_commune": "HT0131", "commune": ""}}, {"type": "Feature", "geometry": {"type": "Point", "coordinates": [-72.27412, 18.64599]}, "properties": {"nom": "Eglise Du Dieu Vivant En Jesus-Christ", "famille": "chretien", "religion_osm": "christian", "denomination_osm": "", "pcode_commune": "HT0131", "commune": ""}}, {"type": "Feature", "geometry": {"type": "Point", "coordinates": [-72.27528, 18.64816]}, "properties": {"nom": "Perystile", "famille": "vodou", "religion_osm": "voodoo", "denomination_osm": "others", "pcode_commune": "HT0131", "commune": ""}}, {"type": "Feature", "geometry": {"type": "Point", "coordinates": [-72.27535, 18.64569]}, "properties": {"nom": "Assemblée Evangélique de La Redemption de Canaan", "famille": "chretien", "religion_osm": "christian", "denomination_osm": "methodist", "pcode_commune": "HT0131", "commune": ""}}, {"type": "Feature", "geometry": {"type": "Point", "coordinates": [-72.27546, 18.64646]}, "properties": {"nom": "Eglise de Dieu Piscine Par La Foi de Canaan", "famille": "chretien", "religion_osm": "christian", "denomination_osm": "protestant", "pcode_commune": "HT0131", "commune": ""}}, {"type": "Feature", "geometry": {"type": "Point", "coordinates": [-72.27825, 18.65357]}, "properties": {"nom": "Eglise Baptiste Imitateur Des Apotres", "famille": "chretien", "religion_osm": "christian", "denomination_osm": "baptist", "pcode_commune": "HT0131", "commune": ""}}, {"type": "Feature", "geometry": {"type": "Point", "coordinates": [-72.27693, 18.65596]}, "properties": {"nom": "Eglise du Salut Inter Denominationnelle", "famille": "chretien", "religion_osm": "christian", "denomination_osm": "pentecostal", "pcode_commune": "HT0131", "commune": ""}}, {"type": "Feature", "geometry": {"type": "Point", "coordinates": [-72.28026, 18.65618]}, "properties": {"nom": "Victoire par la Foi", "famille": "chretien", "religion_osm": "christian", "denomination_osm": "protestant", "pcode_commune": "HT0131", "commune": ""}}, {"type": "Feature", "geometry": {"type": "Point", "coordinates": [-72.27464, 18.65858]}, "properties": {"nom": "M.Eglise de Dieu Evangelique", "famille": "chretien", "religion_osm": "christian", "denomination_osm": "", "pcode_commune": "HT0131", "commune": ""}}, {"type": "Feature", "geometry": {"type": "Point", "coordinates": [-71.75374, 19.54527]}, "properties": {"nom": "Eglise Adventiste de Du Haut", "famille": "chretien", "religion_osm": "christian", "denomination_osm": "adventist", "pcode_commune": "HT0421", "commune": ""}}, {"type": "Feature", "geometry": {"type": "Point", "coordinates": [-71.75473, 19.54531]}, "properties": {"nom": "Eglise Apostolique de Du Haut", "famille": "chretien", "religion_osm": "christian", "denomination_osm": "others", "pcode_commune": "HT0421", "commune": ""}}, {"type": "Feature", "geometry": {"type": "Point", "coordinates": [-71.7751, 19.55753]}, "properties": {"nom": "Eglise Catholique de Dilaire", "famille": "chretien", "religion_osm": "christian", "denomination_osm": "catholic", "pcode_commune": "HT0421", "commune": ""}}, {"type": "Feature", "geometry": {"type": "Point", "coordinates": [-72.27264, 18.66101]}, "properties": {"nom": "Eglise de Dieu source de vie", "famille": "chretien", "religion_osm": "christian", "denomination_osm": "", "pcode_commune": "HT0131", "commune": ""}}, {"type": "Feature", "geometry": {"type": "Point", "coordinates": [-72.27262, 18.66384]}, "properties": {"nom": "Congrégation baptiste Elus de la découverte", "famille": "chretien", "religion_osm": "christian", "denomination_osm": "baptist", "pcode_commune": "HT0131", "commune": ""}}, {"type": "Feature", "geometry": {"type": "Point", "coordinates": [-72.27108, 18.64725]}, "properties": {"nom": "Eglise Chretienne de la Reforme", "famille": "non_renseigne", "religion_osm": "", "denomination_osm": "", "pcode_commune": "HT0131", "commune": ""}}, {"type": "Feature", "geometry": {"type": "Point", "coordinates": [-72.23551, 18.67661]}, "properties": {"nom": "Mission Eglise de Dieu Pentecotiste Sanctifiee", "famille": "chretien", "religion_osm": "christian", "denomination_osm": "pentecostal", "pcode_commune": "HT0132", "commune": ""}}, {"type": "Feature", "geometry": {"type": "Point", "coordinates": [-72.27004, 18.6581]}, "properties": {"nom": "Eglise Baptiste plein d'espoir", "famille": "chretien", "religion_osm": "christian", "denomination_osm": "baptist", "pcode_commune": "HT0131", "commune": ""}}, {"type": "Feature", "geometry": {"type": "Point", "coordinates": [-72.26928, 18.65947]}, "properties": {"nom": "Eglise du Dieu Vivant appui de la vérité", "famille": "chretien", "religion_osm": "christian", "denomination_osm": "", "pcode_commune": "HT0131", "commune": ""}}, {"type": "Feature", "geometry": {"type": "Point", "coordinates": [-72.27914, 18.64852]}, "properties": {"nom": "Eglise Evangelique Baptisste D'haïti", "famille": "chretien", "religion_osm": "christian", "denomination_osm": "protestant", "pcode_commune": "HT0131", "commune": ""}}, {"type": "Feature", "geometry": {"type": "Point", "coordinates": [-72.27871, 18.64994]}, "properties": {"nom": "Première Eglise de Dieu de Canaan 3", "famille": "chretien", "religion_osm": "christian", "denomination_osm": "methodist", "pcode_commune": "HT0131", "commune": ""}}, {"type": "Feature", "geometry": {"type": "Point", "coordinates": [-72.27414, 18.66041]}, "properties": {"nom": "Eglise de Dieu Rocher Salut", "famille": "chretien", "religion_osm": "christian", "denomination_osm": "", "pcode_commune": "HT0131", "commune": ""}}, {"type": "Feature", "geometry": {"type": "Point", "coordinates": [-72.23209, 18.66866]}, "properties": {"nom": "Eglise Evangélique Du Salut", "famille": "chretien", "religion_osm": "christian", "denomination_osm": "others", "pcode_commune": "HT0132", "commune": ""}}, {"type": "Feature", "geometry": {"type": "Point", "coordinates": [-72.22726, 18.66674]}, "properties": {"nom": "Eglise Maison de prière Green Church1", "famille": "chretien", "religion_osm": "christian", "denomination_osm": "", "pcode_commune": "HT0132", "commune": ""}}, {"type": "Feature", "geometry": {"type": "Point", "coordinates": [-72.24435, 18.67462]}, "properties": {"nom": "Eglise Evangelique Chrétienne", "famille": "chretien", "religion_osm": "christian", "denomination_osm": "", "pcode_commune": "HT0131", "commune": ""}}, {"type": "Feature", "geometry": {"type": "Point", "coordinates": [-72.22398, 18.66534]}, "properties": {"nom": "Eglise Pencotiste de la Dernière Heure", "famille": "chretien", "religion_osm": "christian", "denomination_osm": "pentecostal", "pcode_commune": "HT0132", "commune": ""}}, {"type": "Feature", "geometry": {"type": "Point", "coordinates": [-72.24782, 18.67424]}, "properties": {"nom": "Eglise Hwentchake", "famille": "chretien", "religion_osm": "christian", "denomination_osm": "", "pcode_commune": "HT0131", "commune": ""}}, {"type": "Feature", "geometry": {"type": "Point", "coordinates": [-72.24057, 18.66907]}, "properties": {"nom": "Eglise Nazaréen D'Onaville", "famille": "chretien", "religion_osm": "christian", "denomination_osm": "", "pcode_commune": "HT0132", "commune": ""}}, {"type": "Feature", "geometry": {"type": "Point", "coordinates": [-72.23926, 18.67038]}, "properties": {"nom": "Pentecôte", "famille": "chretien", "religion_osm": "christian", "denomination_osm": "", "pcode_commune": "HT0132", "commune": ""}}, {"type": "Feature", "geometry": {"type": "Point", "coordinates": [-72.2263, 18.66528]}, "properties": {"nom": "Eglise Evangelique Le rocher des siècles", "famille": "chretien", "religion_osm": "christian", "denomination_osm": "protestant", "pcode_commune": "HT0132", "commune": ""}}, {"type": "Feature", "geometry": {"type": "Point", "coordinates": [-72.23633, 18.67256]}, "properties": {"nom": "Eglise Adventiste du 7eme Jour", "famille": "chretien", "religion_osm": "christian", "denomination_osm": "", "pcode_commune": "HT0132", "commune": ""}}, {"type": "Feature", "geometry": {"type": "Point", "coordinates": [-72.23611, 18.66711]}, "properties": {"nom": "Eglise Baptiste Tabernacle de Louange", "famille": "chretien", "religion_osm": "christian", "denomination_osm": "baptist", "pcode_commune": "HT0132", "commune": ""}}, {"type": "Feature", "geometry": {"type": "Point", "coordinates": [-72.24072, 18.66357]}, "properties": {"nom": "Maison De Prières pour le peuple", "famille": "chretien", "religion_osm": "christian", "denomination_osm": "", "pcode_commune": "HT0131", "commune": ""}}, {"type": "Feature", "geometry": {"type": "Point", "coordinates": [-72.23942, 18.66241]}, "properties": {"nom": "Eglise de Dieu tabernacle Eben-Ezer", "famille": "chretien", "religion_osm": "christian", "denomination_osm": "", "pcode_commune": "HT0131", "commune": ""}}, {"type": "Feature", "geometry": {"type": "Point", "coordinates": [-72.27292, 18.65115]}, "properties": {"nom": "Eglise Baptiste Philadelphie", "famille": "chretien", "religion_osm": "christian", "denomination_osm": "baptist", "pcode_commune": "HT0131", "commune": ""}}, {"type": "Feature", "geometry": {"type": "Point", "coordinates": [-72.27572, 18.65274]}, "properties": {"nom": "Tanp Grann Sentàn et St Pontalliers", "famille": "vodou", "religion_osm": "voodoo", "denomination_osm": "", "pcode_commune": "HT0131", "commune": ""}}, {"type": "Feature", "geometry": {"type": "Point", "coordinates": [-72.2752, 18.65684]}, "properties": {"nom": "Eglise Christianisme du Dernier Temps", "famille": "chretien", "religion_osm": "christian", "denomination_osm": "protestant", "pcode_commune": "HT0131", "commune": ""}}, {"type": "Feature", "geometry": {"type": "Point", "coordinates": [-72.27595, 18.6572]}, "properties": {"nom": "Eglise de Dieu de Canaan 3C", "famille": "chretien", "religion_osm": "christian", "denomination_osm": "pentecostal", "pcode_commune": "HT0131", "commune": ""}}, {"type": "Feature", "geometry": {"type": "Point", "coordinates": [-72.28025, 18.65758]}, "properties": {"nom": "Première de Jesus Christ", "famille": "chretien", "religion_osm": "christian", "denomination_osm": "", "pcode_commune": "HT0131", "commune": ""}}, {"type": "Feature", "geometry": {"type": "Point", "coordinates": [-72.2357, 18.6643]}, "properties": {"nom": "Piscine Consolation", "famille": "chretien", "religion_osm": "christian", "denomination_osm": "", "pcode_commune": "HT0132", "commune": ""}}, {"type": "Feature", "geometry": {"type": "Point", "coordinates": [-72.22896, 18.66783]}, "properties": {"nom": "9eme Eglise de Dieu Vallée de Bénédiction d'Onaville", "famille": "chretien", "religion_osm": "christian", "denomination_osm": "pentecostal", "pcode_commune": "HT0132", "commune": ""}}, {"type": "Feature", "geometry": {"type": "Point", "coordinates": [-72.23331, 18.66644]}, "properties": {"nom": "Eglise de Dieu des Rachetes du Jour de la Pentecote", "famille": "chretien", "religion_osm": "christian", "denomination_osm": "pentecostal", "pcode_commune": "HT0132", "commune": ""}}, {"type": "Feature", "geometry": {"type": "Point", "coordinates": [-72.27242, 18.6452]}, "properties": {"nom": "Eglise Baptiste Ambassadeur", "famille": "chretien", "religion_osm": "christian", "denomination_osm": "protestant", "pcode_commune": "HT0131", "commune": ""}}, {"type": "Feature", "geometry": {"type": "Point", "coordinates": [-72.27162, 18.64572]}, "properties": {"nom": "Église Évangélique El Shaddaï", "famille": "chretien", "religion_osm": "christian", "denomination_osm": "protestant", "pcode_commune": "HT0131", "commune": ""}}, {"type": "Feature", "geometry": {"type": "Point", "coordinates": [-72.27061, 18.64589]}, "properties": {"nom": "Eglise Evangelique Bethel de Canaan", "famille": "chretien", "religion_osm": "christian", "denomination_osm": "protestant", "pcode_commune": "HT0131", "commune": ""}}, {"type": "Feature", "geometry": {"type": "Point", "coordinates": [-72.2724, 18.64755]}, "properties": {"nom": "Salle Témoin de Jeovahh", "famille": "chretien", "religion_osm": "christian", "denomination_osm": "jehovahs_witness", "pcode_commune": "HT0131", "commune": ""}}, {"type": "Feature", "geometry": {"type": "Point", "coordinates": [-72.23027, 18.66687]}, "properties": {"nom": "Eglise Chrétienne de Sion", "famille": "chretien", "religion_osm": "christian", "denomination_osm": "", "pcode_commune": "HT0132", "commune": ""}}, {"type": "Feature", "geometry": {"type": "Point", "coordinates": [-72.2427, 18.65833]}, "properties": {"nom": "Eglise de Dieud'Onaville", "famille": "chretien", "religion_osm": "christian", "denomination_osm": "protestant", "pcode_commune": "HT0131", "commune": ""}}, {"type": "Feature", "geometry": {"type": "Point", "coordinates": [-72.23904, 18.65669]}, "properties": {"nom": "Sal Wayom Temwen", "famille": "chretien", "religion_osm": "christian", "denomination_osm": "jehovahs_witness", "pcode_commune": "HT0131", "commune": ""}}, {"type": "Feature", "geometry": {"type": "Point", "coordinates": [-72.24101, 18.66631]}, "properties": {"nom": "Quartier General de la Mission Chretienne de L'Eglise Evangelique Union des Freres d'Haiti", "famille": "chretien", "religion_osm": "christian", "denomination_osm": "", "pcode_commune": "HT0131", "commune": ""}}, {"type": "Feature", "geometry": {"type": "Point", "coordinates": [-72.24525, 18.66091]}, "properties": {"nom": "Eglise Evangélique Berée", "famille": "chretien", "religion_osm": "christian", "denomination_osm": "protestant", "pcode_commune": "HT0131", "commune": ""}}, {"type": "Feature", "geometry": {"type": "Point", "coordinates": [-72.24469, 18.6612]}, "properties": {"nom": "Eglise de Dieu tabernacle Etoile De La Vie", "famille": "chretien", "religion_osm": "christian", "denomination_osm": "pentecostal", "pcode_commune": "HT0131", "commune": ""}}, {"type": "Feature", "geometry": {"type": "Point", "coordinates": [-72.24677, 18.6597]}, "properties": {"nom": "Eglise Sinaï", "famille": "chretien", "religion_osm": "christian", "denomination_osm": "protestant", "pcode_commune": "HT0131", "commune": ""}}, {"type": "Feature", "geometry": {"type": "Point", "coordinates": [-72.24639, 18.65927]}, "properties": {"nom": "Eglise Evangélique Fraternité", "famille": "chretien", "religion_osm": "christian", "denomination_osm": "protestant", "pcode_commune": "HT0131", "commune": ""}}, {"type": "Feature", "geometry": {"type": "Point", "coordinates": [-72.24553, 18.6583]}, "properties": {"nom": "Eglise Presbiterienne", "famille": "chretien", "religion_osm": "christian", "denomination_osm": "", "pcode_commune": "HT0131", "commune": ""}}, {"type": "Feature", "geometry": {"type": "Point", "coordinates": [-72.235, 18.65727]}, "properties": {"nom": "Fondation Eglise Baptiste New Convenant", "famille": "chretien", "religion_osm": "christian", "denomination_osm": "baptist", "pcode_commune": "HT0132", "commune": ""}}, {"type": "Feature", "geometry": {"type": "Point", "coordinates": [-72.23078, 18.65551]}, "properties": {"nom": "Eglise Miracle Par La Foi", "famille": "chretien", "religion_osm": "christian", "denomination_osm": "others", "pcode_commune": "HT0131", "commune": ""}}, {"type": "Feature", "geometry": {"type": "Point", "coordinates": [-72.22009, 18.66447]}, "properties": {"nom": "Eglise Baptiste Chercheurs d'Ames", "famille": "chretien", "religion_osm": "christian", "denomination_osm": "", "pcode_commune": "HT0132", "commune": ""}}, {"type": "Feature", "geometry": {"type": "Point", "coordinates": [-72.24946, 18.6541]}, "properties": {"nom": "Eglise de Dieu Philadelphie", "famille": "chretien", "religion_osm": "christian", "denomination_osm": "protestant", "pcode_commune": "HT0131", "commune": ""}}, {"type": "Feature", "geometry": {"type": "Point", "coordinates": [-72.23513, 18.65956]}, "properties": {"nom": "Eglise Gosen", "famille": "autre", "religion_osm": "other", "denomination_osm": "others", "pcode_commune": "HT0132", "commune": ""}}, {"type": "Feature", "geometry": {"type": "Point", "coordinates": [-72.24573, 18.65115]}, "properties": {"nom": "Eglise Baptiste Chemin du Salut", "famille": "chretien", "religion_osm": "christian", "denomination_osm": "baptist", "pcode_commune": "HT0131", "commune": ""}}, {"type": "Feature", "geometry": {"type": "Point", "coordinates": [-72.24314, 18.65091]}, "properties": {"nom": "Eglise Evangelique Baptiste Sanctifiee", "famille": "chretien", "religion_osm": "christian", "denomination_osm": "baptist", "pcode_commune": "HT0131", "commune": ""}}, {"type": "Feature", "geometry": {"type": "Point", "coordinates": [-72.2344, 18.65795]}, "properties": {"nom": "Assemblee Divine de La Grace", "famille": "chretien", "religion_osm": "christian", "denomination_osm": "others", "pcode_commune": "HT0132", "commune": ""}}, {"type": "Feature", "geometry": {"type": "Point", "coordinates": [-72.24076, 18.64942]}, "properties": {"nom": "Paroisse notre dame de la Victoire", "famille": "chretien", "religion_osm": "christian", "denomination_osm": "catholic", "pcode_commune": "HT0131", "commune": ""}}, {"type": "Feature", "geometry": {"type": "Point", "coordinates": [-72.25556, 18.65171]}, "properties": {"nom": "Eglise de Dieu de la nouvelle Jérusalem", "famille": "chretien", "religion_osm": "christian", "denomination_osm": "", "pcode_commune": "HT0131", "commune": ""}}, {"type": "Feature", "geometry": {"type": "Point", "coordinates": [-72.22705, 18.66217]}, "properties": {"nom": "Eglise Baptiste", "famille": "chretien", "religion_osm": "christian", "denomination_osm": "protestant", "pcode_commune": "HT0132", "commune": ""}}, {"type": "Feature", "geometry": {"type": "Point", "coordinates": [-72.2304, 18.66027]}, "properties": {"nom": "Eglise Evangélique Fleuve de la Grace", "famille": "chretien", "religion_osm": "christian", "denomination_osm": "protestant", "pcode_commune": "HT0132", "commune": ""}}, {"type": "Feature", "geometry": {"type": "Point", "coordinates": [-72.25508, 18.65385]}, "properties": {"nom": "Eglise de Dieu parole en action", "famille": "chretien", "religion_osm": "christian", "denomination_osm": "", "pcode_commune": "HT0131", "commune": ""}}, {"type": "Feature", "geometry": {"type": "Point", "coordinates": [-72.23105, 18.66143]}, "properties": {"nom": "Eglise de Dieu Sanctifié par la Grace D'onaville", "famille": "chretien", "religion_osm": "christian", "denomination_osm": "pentecostal", "pcode_commune": "HT0132", "commune": ""}}, {"type": "Feature", "geometry": {"type": "Point", "coordinates": [-72.25534, 18.65481]}, "properties": {"nom": "Eglise Baptiste Yhawe Shama", "famille": "chretien", "religion_osm": "christian", "denomination_osm": "", "pcode_commune": "HT0131", "commune": ""}}, {"type": "Feature", "geometry": {"type": "Point", "coordinates": [-72.25164, 18.66017]}, "properties": {"nom": "Eglise Volonté Libre De Jérusalem", "famille": "chretien", "religion_osm": "christian", "denomination_osm": "protestant", "pcode_commune": "HT0131", "commune": ""}}, {"type": "Feature", "geometry": {"type": "Point", "coordinates": [-72.25543, 18.66811]}, "properties": {"nom": "Eglise Evangelique Baptiste sur le Rocher", "famille": "chretien", "religion_osm": "christian", "denomination_osm": "protestant", "pcode_commune": "HT0131", "commune": ""}}, {"type": "Feature", "geometry": {"type": "Point", "coordinates": [-72.25482, 18.67014]}, "properties": {"nom": "Eglse de Salem de Jerusalem", "famille": "chretien", "religion_osm": "christian", "denomination_osm": "protestant", "pcode_commune": "HT0131", "commune": ""}}, {"type": "Feature", "geometry": {"type": "Point", "coordinates": [-72.25352, 18.67017]}, "properties": {"nom": "Eglise Rassemblée des fidèles de Jerusalem", "famille": "chretien", "religion_osm": "christian", "denomination_osm": "protestant", "pcode_commune": "HT0131", "commune": ""}}, {"type": "Feature", "geometry": {"type": "Point", "coordinates": [-72.2556, 18.66534]}, "properties": {"nom": "Eglise Elshadai 3", "famille": "chretien", "religion_osm": "christian", "denomination_osm": "others", "pcode_commune": "HT0131", "commune": ""}}, {"type": "Feature", "geometry": {"type": "Point", "coordinates": [-72.25197, 18.65818]}, "properties": {"nom": "Eglise de Dieu Porte de la Delivrance", "famille": "chretien", "religion_osm": "christian", "denomination_osm": "pentecostal", "pcode_commune": "HT0131", "commune": ""}}, {"type": "Feature", "geometry": {"type": "Point", "coordinates": [-72.25393, 18.66821]}, "properties": {"nom": "Peristyle la Réference c'est l'Encouragement", "famille": "vodou", "religion_osm": "voodoo", "denomination_osm": "", "pcode_commune": "HT0131", "commune": ""}}, {"type": "Feature", "geometry": {"type": "Point", "coordinates": [-72.25493, 18.65861]}, "properties": {"nom": "Eglise Arriere saison", "famille": "chretien", "religion_osm": "christian", "denomination_osm": "", "pcode_commune": "HT0131", "commune": ""}}, {"type": "Feature", "geometry": {"type": "Point", "coordinates": [-72.25159, 18.66874]}, "properties": {"nom": "Eglise De Dieu Sabahoth", "famille": "chretien", "religion_osm": "christian", "denomination_osm": "pentecostal", "pcode_commune": "HT0131", "commune": ""}}, {"type": "Feature", "geometry": {"type": "Point", "coordinates": [-72.25197, 18.66888]}, "properties": {"nom": "Franche Eglise de Jesus Christ a Jerusalem", "famille": "chretien", "religion_osm": "christian", "denomination_osm": "", "pcode_commune": "HT0131", "commune": ""}}, {"type": "Feature", "geometry": {"type": "Point", "coordinates": [-72.25215, 18.66638]}, "properties": {"nom": "Eglise Chretienne Montagne de Sion", "famille": "chretien", "religion_osm": "christian", "denomination_osm": "protestant", "pcode_commune": "HT0131", "commune": ""}}, {"type": "Feature", "geometry": {"type": "Point", "coordinates": [-72.25576, 18.66194]}, "properties": {"nom": "Eglise pencotiste Heure plenitude de Jerusalem", "famille": "chretien", "religion_osm": "christian", "denomination_osm": "pentecostal", "pcode_commune": "HT0131", "commune": ""}}, {"type": "Feature", "geometry": {"type": "Point", "coordinates": [-72.25713, 18.6637]}, "properties": {"nom": "Eglise Apostolique du chrit d'haiti", "famille": "chretien", "religion_osm": "christian", "denomination_osm": "catholic", "pcode_commune": "HT0131", "commune": ""}}, {"type": "Feature", "geometry": {"type": "Point", "coordinates": [-72.26118, 18.66771]}, "properties": {"nom": "Eglise de Dieu la porte etroite", "famille": "chretien", "religion_osm": "christian", "denomination_osm": "pentecostal", "pcode_commune": "HT0131", "commune": ""}}, {"type": "Feature", "geometry": {"type": "Point", "coordinates": [-72.26006, 18.66698]}, "properties": {"nom": "Eglise de Dieu de jerusalem7", "famille": "chretien", "religion_osm": "christian", "denomination_osm": "pentecostal", "pcode_commune": "HT0131", "commune": ""}}, {"type": "Feature", "geometry": {"type": "Point", "coordinates": [-72.25677, 18.66418]}, "properties": {"nom": "Eglise Adventiste", "famille": "chretien", "religion_osm": "christian", "denomination_osm": "adventist", "pcode_commune": "HT0131", "commune": ""}}, {"type": "Feature", "geometry": {"type": "Point", "coordinates": [-72.25634, 18.664]}, "properties": {"nom": "Eglise Assemblee de christ de bonrepos", "famille": "chretien", "religion_osm": "christian", "denomination_osm": "protestant", "pcode_commune": "HT0131", "commune": ""}}, {"type": "Feature", "geometry": {"type": "Point", "coordinates": [-72.25075, 18.67273]}, "properties": {"nom": "Eglise de Dieu Combattant de la Foi", "famille": "chretien", "religion_osm": "christian", "denomination_osm": "pentecostal", "pcode_commune": "HT0131", "commune": ""}}, {"type": "Feature", "geometry": {"type": "Point", "coordinates": [-72.24615, 18.67124]}, "properties": {"nom": "Eglise Tabernacle du Réveil", "famille": "chretien", "religion_osm": "christian", "denomination_osm": "", "pcode_commune": "HT0131", "commune": ""}}, {"type": "Feature", "geometry": {"type": "Point", "coordinates": [-72.25076, 18.65986]}, "properties": {"nom": "Eglise de Dieu au son de la Trompette", "famille": "chretien", "religion_osm": "christian", "denomination_osm": "pentecostal", "pcode_commune": "HT0131", "commune": ""}}, {"type": "Feature", "geometry": {"type": "Point", "coordinates": [-72.25355, 18.65962]}, "properties": {"nom": "Peristyle", "famille": "vodou", "religion_osm": "voodoo", "denomination_osm": "others", "pcode_commune": "HT0131", "commune": ""}}, {"type": "Feature", "geometry": {"type": "Point", "coordinates": [-72.24964, 18.66063]}, "properties": {"nom": "Eglise Pentecotiste d'Haiti", "famille": "chretien", "religion_osm": "christian", "denomination_osm": "pentecostal", "pcode_commune": "HT0131", "commune": ""}}, {"type": "Feature", "geometry": {"type": "Point", "coordinates": [-72.24922, 18.67199]}, "properties": {"nom": "Eglise Baptiste Montagne la Paix", "famille": "chretien", "religion_osm": "christian", "denomination_osm": "baptist", "pcode_commune": "HT0131", "commune": ""}}, {"type": "Feature", "geometry": {"type": "Point", "coordinates": [-72.24655, 18.67037]}, "properties": {"nom": "Eglise Baptiste de Maranatha", "famille": "chretien", "religion_osm": "christian", "denomination_osm": "baptist", "pcode_commune": "HT0131", "commune": ""}}, {"type": "Feature", "geometry": {"type": "Point", "coordinates": [-72.24609, 18.66456]}, "properties": {"nom": "Eglise Adventiste Kadès", "famille": "chretien", "religion_osm": "christian", "denomination_osm": "adventist", "pcode_commune": "HT0131", "commune": ""}}, {"type": "Feature", "geometry": {"type": "Point", "coordinates": [-72.24488, 18.66793]}, "properties": {"nom": "Chapelle D'adoration Néhemie", "famille": "chretien", "religion_osm": "christian", "denomination_osm": "", "pcode_commune": "HT0131", "commune": ""}}, {"type": "Feature", "geometry": {"type": "Point", "coordinates": [-72.24806, 18.66388]}, "properties": {"nom": "Eglise Chretienne De La Grace", "famille": "chretien", "religion_osm": "christian", "denomination_osm": "others", "pcode_commune": "HT0131", "commune": ""}}, {"type": "Feature", "geometry": {"type": "Point", "coordinates": [-72.24689, 18.66459]}, "properties": {"nom": "Eglise de Dieu Source du Salut", "famille": "chretien", "religion_osm": "christian", "denomination_osm": "pentecostal", "pcode_commune": "HT0131", "commune": ""}}, {"type": "Feature", "geometry": {"type": "Point", "coordinates": [-72.24786, 18.66788]}, "properties": {"nom": "Eglise Baptiste De Jérusalem", "famille": "chretien", "religion_osm": "christian", "denomination_osm": "protestant", "pcode_commune": "HT0131", "commune": ""}}, {"type": "Feature", "geometry": {"type": "Point", "coordinates": [-72.25033, 18.66365]}, "properties": {"nom": "Eglise Wesleyan Mahanaim", "famille": "chretien", "religion_osm": "christian", "denomination_osm": "", "pcode_commune": "HT0131", "commune": ""}}, {"type": "Feature", "geometry": {"type": "Point", "coordinates": [-72.25619, 18.66607]}, "properties": {"nom": "Eglise Baptiste jardin de Dieu", "famille": "chretien", "religion_osm": "christian", "denomination_osm": "baptist", "pcode_commune": "HT0131", "commune": ""}}, {"type": "Feature", "geometry": {"type": "Point", "coordinates": [-72.25098, 18.66733]}, "properties": {"nom": "L'Unité du Corps de Christ", "famille": "chretien", "religion_osm": "christian", "denomination_osm": "others", "pcode_commune": "HT0131", "commune": ""}}, {"type": "Feature", "geometry": {"type": "Point", "coordinates": [-72.25768, 18.66106]}, "properties": {"nom": "Eglise Evangelique antenne Pour Christ", "famille": "chretien", "religion_osm": "christian", "denomination_osm": "protestant", "pcode_commune": "HT0131", "commune": ""}}, {"type": "Feature", "geometry": {"type": "Point", "coordinates": [-72.25985, 18.66217]}, "properties": {"nom": "Eglise de Dieu de Morija", "famille": "chretien", "religion_osm": "christian", "denomination_osm": "protestant", "pcode_commune": "HT0131", "commune": ""}}, {"type": "Feature", "geometry": {"type": "Point", "coordinates": [-72.24879, 18.66053]}, "properties": {"nom": "Eglise De Dieu Jesus revient", "famille": "chretien", "religion_osm": "christian", "denomination_osm": "others", "pcode_commune": "HT0131", "commune": ""}}, {"type": "Feature", "geometry": {"type": "Point", "coordinates": [-72.24917, 18.66011]}, "properties": {"nom": "Eglise De Dieu Nouvelle Jerusalem", "famille": "chretien", "religion_osm": "christian", "denomination_osm": "pentecostal", "pcode_commune": "HT0131", "commune": ""}}, {"type": "Feature", "geometry": {"type": "Point", "coordinates": [-72.26117, 18.65969]}, "properties": {"nom": "Eglise Méthodiste Libre de Port-au Prince", "famille": "chretien", "religion_osm": "christian", "denomination_osm": "methodist", "pcode_commune": "HT0131", "commune": ""}}, {"type": "Feature", "geometry": {"type": "Point", "coordinates": [-72.26145, 18.66111]}, "properties": {"nom": "Eglise Baptiste Gosen", "famille": "chretien", "religion_osm": "christian", "denomination_osm": "baptist", "pcode_commune": "HT0131", "commune": ""}}, {"type": "Feature", "geometry": {"type": "Point", "coordinates": [-72.25708, 18.65798]}, "properties": {"nom": "Eglise de Dieu de la Vérité", "famille": "chretien", "religion_osm": "christian", "denomination_osm": "pentecostal", "pcode_commune": "HT0131", "commune": ""}}, {"type": "Feature", "geometry": {"type": "Point", "coordinates": [-72.25934, 18.65725]}, "properties": {"nom": "Tabernacle Assemblée de Dieu", "famille": "chretien", "religion_osm": "christian", "denomination_osm": "pentecostal", "pcode_commune": "HT0131", "commune": ""}}, {"type": "Feature", "geometry": {"type": "Point", "coordinates": [-72.26232, 18.65846]}, "properties": {"nom": "Eglise Baptiste Betsaleel", "famille": "chretien", "religion_osm": "christian", "denomination_osm": "baptist", "pcode_commune": "HT0131", "commune": ""}}, {"type": "Feature", "geometry": {"type": "Point", "coordinates": [-72.26533, 18.66225]}, "properties": {"nom": "Eglise Methodiste Freres-Unis de Jerusalem", "famille": "chretien", "religion_osm": "christian", "denomination_osm": "methodist", "pcode_commune": "HT0131", "commune": ""}}, {"type": "Feature", "geometry": {"type": "Point", "coordinates": [-72.26527, 18.66062]}, "properties": {"nom": "Croisade des ambassadeurs evangeliques", "famille": "chretien", "religion_osm": "christian", "denomination_osm": "", "pcode_commune": "HT0131", "commune": ""}}, {"type": "Feature", "geometry": {"type": "Point", "coordinates": [-72.26469, 18.65641]}, "properties": {"nom": "Eglise de Dieu source de Lumière de Jerusalem", "famille": "chretien", "religion_osm": "christian", "denomination_osm": "", "pcode_commune": "HT0131", "commune": ""}}, {"type": "Feature", "geometry": {"type": "Point", "coordinates": [-72.26382, 18.65736]}, "properties": {"nom": "Eglise Chretienne fondements des Apotres", "famille": "chretien", "religion_osm": "christian", "denomination_osm": "pentecostal", "pcode_commune": "HT0131", "commune": ""}}, {"type": "Feature", "geometry": {"type": "Point", "coordinates": [-72.26316, 18.65698]}, "properties": {"nom": "Eglise de Dieu de Jerusalem", "famille": "chretien", "religion_osm": "christian", "denomination_osm": "", "pcode_commune": "HT0131", "commune": ""}}, {"type": "Feature", "geometry": {"type": "Point", "coordinates": [-72.26301, 18.65789]}, "properties": {"nom": "Eglise de Dieu Agape International", "famille": "chretien", "religion_osm": "christian", "denomination_osm": "pentecostal", "pcode_commune": "HT0131", "commune": ""}}, {"type": "Feature", "geometry": {"type": "Point", "coordinates": [-72.26334, 18.65341]}, "properties": {"nom": "Eglise de Dieu Compagnon pour Christ", "famille": "chretien", "religion_osm": "christian", "denomination_osm": "pentecostal", "pcode_commune": "HT0131", "commune": ""}}, {"type": "Feature", "geometry": {"type": "Point", "coordinates": [-72.26144, 18.65513]}, "properties": {"nom": "Eglise Philadelphia de Jerusalem", "famille": "chretien", "religion_osm": "christian", "denomination_osm": "", "pcode_commune": "HT0131", "commune": ""}}, {"type": "Feature", "geometry": {"type": "Point", "coordinates": [-72.26075, 18.65278]}, "properties": {"nom": "Eglise Eau De Vie", "famille": "chretien", "religion_osm": "christian", "denomination_osm": "", "pcode_commune": "HT0131", "commune": ""}}, {"type": "Feature", "geometry": {"type": "Point", "coordinates": [-73.91669, 18.07503]}, "properties": {"nom": "Église de Dieu", "famille": "chretien", "religion_osm": "christian", "denomination_osm": "", "pcode_commune": "HT0721", "commune": ""}}, {"type": "Feature", "geometry": {"type": "Point", "coordinates": [-72.3, 18.67279]}, "properties": {"nom": "Eglise de Dieu en Christ de Canaan", "famille": "chretien", "religion_osm": "christian", "denomination_osm": "protestant", "pcode_commune": "HT0131", "commune": ""}}, {"type": "Feature", "geometry": {"type": "Point", "coordinates": [-72.28111, 18.65443]}, "properties": {"nom": "Eglise Lumiere Du Nazareen", "famille": "chretien", "religion_osm": "christian", "denomination_osm": "protestant", "pcode_commune": "HT0131", "commune": ""}}, {"type": "Feature", "geometry": {"type": "Point", "coordinates": [-72.29281, 18.66709]}, "properties": {"nom": "Eglise de Dieu De La Nouvelle Jerusalem Purifiée", "famille": "chretien", "religion_osm": "christian", "denomination_osm": "protestant", "pcode_commune": "HT0131", "commune": ""}}, {"type": "Feature", "geometry": {"type": "Point", "coordinates": [-72.29596, 18.66696]}, "properties": {"nom": "Eglise de Dieu de canaan 2", "famille": "chretien", "religion_osm": "christian", "denomination_osm": "pentecostal", "pcode_commune": "HT0131", "commune": ""}}, {"type": "Feature", "geometry": {"type": "Point", "coordinates": [-72.31348, 18.68323]}, "properties": {"nom": "Rocher d'Eau Horeb", "famille": "non_renseigne", "religion_osm": "", "denomination_osm": "", "pcode_commune": "HT0131", "commune": ""}}, {"type": "Feature", "geometry": {"type": "Point", "coordinates": [-72.3116, 18.68488]}, "properties": {"nom": "Eglise de Dieu Assemblée Chrétienne", "famille": "chretien", "religion_osm": "christian", "denomination_osm": "pentecostal", "pcode_commune": "HT0131", "commune": ""}}, {"type": "Feature", "geometry": {"type": "Point", "coordinates": [-72.31385, 18.67869]}, "properties": {"nom": "Eglise de Dieu de Philadelphie", "famille": "chretien", "religion_osm": "christian", "denomination_osm": "", "pcode_commune": "HT0131", "commune": ""}}, {"type": "Feature", "geometry": {"type": "Point", "coordinates": [-72.30892, 18.67805]}, "properties": {"nom": "Eglise de Dieu en Christ", "famille": "chretien", "religion_osm": "christian", "denomination_osm": "protestant", "pcode_commune": "HT0131", "commune": ""}}, {"type": "Feature", "geometry": {"type": "Point", "coordinates": [-72.29286, 18.66132]}, "properties": {"nom": "Chapelle Ivany De Canaan II", "famille": "chretien", "religion_osm": "christian", "denomination_osm": "protestant", "pcode_commune": "HT0131", "commune": ""}}, {"type": "Feature", "geometry": {"type": "Point", "coordinates": [-72.30007, 18.67641]}, "properties": {"nom": "Eglise Rocher des Siècles", "famille": "chretien", "religion_osm": "christian", "denomination_osm": "", "pcode_commune": "HT0131", "commune": ""}}, {"type": "Feature", "geometry": {"type": "Point", "coordinates": [-72.29702, 18.67942]}, "properties": {"nom": "Eglise Baptiste Frères unis", "famille": "chretien", "religion_osm": "christian", "denomination_osm": "baptist", "pcode_commune": "HT0131", "commune": ""}}, {"type": "Feature", "geometry": {"type": "Point", "coordinates": [-72.29828, 18.68027]}, "properties": {"nom": "Eglise Evangelique Tabernace de la grâce", "famille": "chretien", "religion_osm": "christian", "denomination_osm": "", "pcode_commune": "HT0131", "commune": ""}}, {"type": "Feature", "geometry": {"type": "Point", "coordinates": [-72.31791, 18.68842]}, "properties": {"nom": "Temple de la Bible", "famille": "chretien", "religion_osm": "christian", "denomination_osm": "", "pcode_commune": "HT0131", "commune": ""}}, {"type": "Feature", "geometry": {"type": "Point", "coordinates": [-72.31616, 18.69286]}, "properties": {"nom": "Eglise Pencote Lumière du Monde", "famille": "chretien", "religion_osm": "christian", "denomination_osm": "pentecostal", "pcode_commune": "HT0131", "commune": ""}}, {"type": "Feature", "geometry": {"type": "Point", "coordinates": [-72.31375, 18.68878]}, "properties": {"nom": "Eglise Evangélique Lutherienne du Bon Berger", "famille": "chretien", "religion_osm": "christian", "denomination_osm": "protestant", "pcode_commune": "HT0131", "commune": ""}}, {"type": "Feature", "geometry": {"type": "Point", "coordinates": [-72.31677, 18.69065]}, "properties": {"nom": "Eglise des brebis de Jesus Christ", "famille": "chretien", "religion_osm": "christian", "denomination_osm": "", "pcode_commune": "HT0131", "commune": ""}}, {"type": "Feature", "geometry": {"type": "Point", "coordinates": [-72.31744, 18.69225]}, "properties": {"nom": "Eglise Evangelique Source Divine", "famille": "chretien", "religion_osm": "christian", "denomination_osm": "protestant", "pcode_commune": "HT0131", "commune": ""}}, {"type": "Feature", "geometry": {"type": "Point", "coordinates": [-72.30962, 18.69098]}, "properties": {"nom": "Eglise De Dieu Vision Pour Christ par La Foi", "famille": "chretien", "religion_osm": "christian", "denomination_osm": "pentecostal", "pcode_commune": "HT0131", "commune": ""}}, {"type": "Feature", "geometry": {"type": "Point", "coordinates": [-72.31592, 18.68712]}, "properties": {"nom": "1ère Eglise Baptiste Dieu se Pouvoira", "famille": "chretien", "religion_osm": "christian", "denomination_osm": "", "pcode_commune": "HT0131", "commune": ""}}, {"type": "Feature", "geometry": {"type": "Point", "coordinates": [-72.30955, 18.68804]}, "properties": {"nom": "Eglise Independante La Porte Etroite", "famille": "chretien", "religion_osm": "christian", "denomination_osm": "", "pcode_commune": "HT0131", "commune": ""}}, {"type": "Feature", "geometry": {"type": "Point", "coordinates": [-72.31373, 18.68565]}, "properties": {"nom": "Eglise Evangelique de la Paix", "famille": "chretien", "religion_osm": "christian", "denomination_osm": "", "pcode_commune": "HT0131", "commune": ""}}, {"type": "Feature", "geometry": {"type": "Point", "coordinates": [-72.3158, 18.67655]}, "properties": {"nom": "Eglise de Dieu de la Bonne Nouvelle", "famille": "chretien", "religion_osm": "christian", "denomination_osm": "pentecostal", "pcode_commune": "HT0131", "commune": ""}}, {"type": "Feature", "geometry": {"type": "Point", "coordinates": [-73.84641, 18.2973]}, "properties": {"nom": "Nouvelle Église Eben-Ezer Lamartinière", "famille": "chretien", "religion_osm": "christian", "denomination_osm": "", "pcode_commune": "HT0714", "commune": ""}}, {"type": "Feature", "geometry": {"type": "Point", "coordinates": [-73.90068, 18.43509]}, "properties": {"nom": "Mebh Église Évangélique Béthanie de Duchity", "famille": "chretien", "religion_osm": "christian", "denomination_osm": "", "pcode_commune": "HT0834", "commune": ""}}, {"type": "Feature", "geometry": {"type": "Point", "coordinates": [-72.29989, 18.73495]}, "properties": {"nom": "Église Nazaréen", "famille": "chretien", "religion_osm": "christian", "denomination_osm": "", "pcode_commune": "HT0131", "commune": ""}}, {"type": "Feature", "geometry": {"type": "Point", "coordinates": [-72.69424, 19.1058]}, "properties": {"nom": "Église sur le Rocher", "famille": "chretien", "religion_osm": "christian", "denomination_osm": "", "pcode_commune": "HT0531", "commune": ""}}, {"type": "Feature", "geometry": {"type": "Point", "coordinates": [-72.31363, 18.7862]}, "properties": {"nom": "Catholic Church", "famille": "chretien", "religion_osm": "christian", "denomination_osm": "catholic", "pcode_commune": "HT0131", "commune": ""}}, {"type": "Feature", "geometry": {"type": "Point", "coordinates": [-72.28147, 18.75152]}, "properties": {"nom": "Church - Assembly of God", "famille": "chretien", "religion_osm": "christian", "denomination_osm": "", "pcode_commune": "HT0131", "commune": ""}}, {"type": "Feature", "geometry": {"type": "Point", "coordinates": [-71.77272, 19.57893]}, "properties": {"nom": "Péristil", "famille": "non_renseigne", "religion_osm": "", "denomination_osm": "", "pcode_commune": "HT0421", "commune": ""}}, {"type": "Feature", "geometry": {"type": "Point", "coordinates": [-71.78091, 19.56897]}, "properties": {"nom": "Péristil", "famille": "vodou", "religion_osm": "voodoo", "denomination_osm": "", "pcode_commune": "HT0421", "commune": ""}}, {"type": "Feature", "geometry": {"type": "Point", "coordinates": [-71.80175, 19.58106]}, "properties": {"nom": "Eglise Armée du Christ", "famille": "chretien", "religion_osm": "christian", "denomination_osm": "baptist", "pcode_commune": "HT0421", "commune": ""}}, {"type": "Feature", "geometry": {"type": "Point", "coordinates": [-71.79649, 19.57324]}, "properties": {"nom": "Eglise Tabernacle de Jésus-Christ", "famille": "chretien", "religion_osm": "christian", "denomination_osm": "baptist", "pcode_commune": "HT0421", "commune": ""}}, {"type": "Feature", "geometry": {"type": "Point", "coordinates": [-71.77115, 19.55223]}, "properties": {"nom": "Eglise Foi Apostolique", "famille": "chretien", "religion_osm": "christian", "denomination_osm": "baptist", "pcode_commune": "HT0421", "commune": ""}}, {"type": "Feature", "geometry": {"type": "Point", "coordinates": [-72.77099, 18.42429]}, "properties": {"nom": "Église de Dieu FAC", "famille": "chretien", "religion_osm": "christian", "denomination_osm": "", "pcode_commune": "HT0123", "commune": ""}}, {"type": "Feature", "geometry": {"type": "Point", "coordinates": [-72.31508, 18.6884]}, "properties": {"nom": "Eglise Evangélique Baptiste Bethesda", "famille": "chretien", "religion_osm": "christian", "denomination_osm": "baptist", "pcode_commune": "HT0131", "commune": ""}}, {"type": "Feature", "geometry": {"type": "Point", "coordinates": [-72.32339, 18.68796]}, "properties": {"nom": "Eglise Christ Pour Tous", "famille": "chretien", "religion_osm": "christian", "denomination_osm": "", "pcode_commune": "HT0131", "commune": ""}}, {"type": "Feature", "geometry": {"type": "Point", "coordinates": [-72.28815, 18.67382]}, "properties": {"nom": "Eglise Evangélique De La Semence", "famille": "chretien", "religion_osm": "christian", "denomination_osm": "baptist", "pcode_commune": "HT0131", "commune": ""}}, {"type": "Feature", "geometry": {"type": "Point", "coordinates": [-72.28551, 18.6702]}, "properties": {"nom": "Eglise Baptiste De La Semence", "famille": "chretien", "religion_osm": "christian", "denomination_osm": "baptist", "pcode_commune": "HT0131", "commune": ""}}, {"type": "Feature", "geometry": {"type": "Point", "coordinates": [-72.28591, 18.67759]}, "properties": {"nom": "Eglise Chemin de la Foi", "famille": "chretien", "religion_osm": "christian", "denomination_osm": "", "pcode_commune": "HT0131", "commune": ""}}, {"type": "Feature", "geometry": {"type": "Point", "coordinates": [-72.28565, 18.6721]}, "properties": {"nom": "Eglise Evangelique Baptiste", "famille": "chretien", "religion_osm": "christian", "denomination_osm": "baptist", "pcode_commune": "HT0131", "commune": ""}}, {"type": "Feature", "geometry": {"type": "Point", "coordinates": [-72.27798, 18.67414]}, "properties": {"nom": "Eglise Tabernacle El Shilo", "famille": "chretien", "religion_osm": "christian", "denomination_osm": "baptist", "pcode_commune": "HT0131", "commune": ""}}, {"type": "Feature", "geometry": {"type": "Point", "coordinates": [-72.27067, 18.67217]}, "properties": {"nom": "Eglise de Jesus-Christ", "famille": "chretien", "religion_osm": "christian", "denomination_osm": "", "pcode_commune": "HT0131", "commune": ""}}, {"type": "Feature", "geometry": {"type": "Point", "coordinates": [-72.26977, 18.66824]}, "properties": {"nom": "L'église Montagne Sanctifée", "famille": "chretien", "religion_osm": "christian", "denomination_osm": "", "pcode_commune": "HT0131", "commune": ""}}, {"type": "Feature", "geometry": {"type": "Point", "coordinates": [-72.26811, 18.67258]}, "properties": {"nom": "Tabernacle De Louange De Bellevue", "famille": "chretien", "religion_osm": "christian", "denomination_osm": "protestant", "pcode_commune": "HT0131", "commune": ""}}, {"type": "Feature", "geometry": {"type": "Point", "coordinates": [-72.2664, 18.67223]}, "properties": {"nom": "1ère Eglise Baptiste Centre Chrétienne D'Haiti", "famille": "chretien", "religion_osm": "christian", "denomination_osm": "baptist", "pcode_commune": "HT0131", "commune": ""}}, {"type": "Feature", "geometry": {"type": "Point", "coordinates": [-72.26686, 18.67456]}, "properties": {"nom": "Eglise Triomphante De Jésus", "famille": "chretien", "religion_osm": "christian", "denomination_osm": "protestant", "pcode_commune": "HT0131", "commune": ""}}, {"type": "Feature", "geometry": {"type": "Point", "coordinates": [-72.2654, 18.67463]}, "properties": {"nom": "Eglise Du Dernier Temps", "famille": "chretien", "religion_osm": "christian", "denomination_osm": "protestant", "pcode_commune": "HT0131", "commune": ""}}, {"type": "Feature", "geometry": {"type": "Point", "coordinates": [-72.24905, 18.67037]}, "properties": {"nom": "Eglise Tabernacle du Salut", "famille": "chretien", "religion_osm": "christian", "denomination_osm": "", "pcode_commune": "HT0131", "commune": ""}}, {"type": "Feature", "geometry": {"type": "Point", "coordinates": [-72.26504, 18.65289]}, "properties": {"nom": "Eglise de Dieu Dernier Temps", "famille": "chretien", "religion_osm": "christian", "denomination_osm": "pentecostal", "pcode_commune": "HT0131", "commune": ""}}, {"type": "Feature", "geometry": {"type": "Point", "coordinates": [-72.26741, 18.65281]}, "properties": {"nom": "Eglise Assemblée de Dieu Royaume du St Esprit de Canaan", "famille": "chretien", "religion_osm": "christian", "denomination_osm": "", "pcode_commune": "HT0131", "commune": ""}}, {"type": "Feature", "geometry": {"type": "Point", "coordinates": [-72.26565, 18.65251]}, "properties": {"nom": "Peristile Granmoun Pa Jwe", "famille": "vodou", "religion_osm": "voodoo", "denomination_osm": "", "pcode_commune": "HT0131", "commune": ""}}, {"type": "Feature", "geometry": {"type": "Point", "coordinates": [-72.26525, 18.65349]}, "properties": {"nom": "Eglise Adventiste du 7eme Jour Enon", "famille": "chretien", "religion_osm": "christian", "denomination_osm": "adventist", "pcode_commune": "HT0131", "commune": ""}}, {"type": "Feature", "geometry": {"type": "Point", "coordinates": [-72.26414, 18.65441]}, "properties": {"nom": "Eglise De Dieu Christ Vivant", "famille": "chretien", "religion_osm": "christian", "denomination_osm": "pentecostal", "pcode_commune": "HT0131", "commune": ""}}, {"type": "Feature", "geometry": {"type": "Point", "coordinates": [-72.26702, 18.65699]}, "properties": {"nom": "Eglise de Jesus-Christ Temple de la Bible", "famille": "chretien", "religion_osm": "christian", "denomination_osm": "", "pcode_commune": "HT0131", "commune": ""}}, {"type": "Feature", "geometry": {"type": "Point", "coordinates": [-72.26696, 18.6567]}, "properties": {"nom": "Eglise de Dieu Bon Samaritain", "famille": "chretien", "religion_osm": "christian", "denomination_osm": "", "pcode_commune": "HT0131", "commune": ""}}, {"type": "Feature", "geometry": {"type": "Point", "coordinates": [-72.26637, 18.65355]}, "properties": {"nom": "Eglise Baptiste Assemblée Chrétienne", "famille": "chretien", "religion_osm": "christian", "denomination_osm": "baptist", "pcode_commune": "HT0131", "commune": ""}}, {"type": "Feature", "geometry": {"type": "Point", "coordinates": [-72.26583, 18.65422]}, "properties": {"nom": "Eglise Baptiste Indépendante Maranatha", "famille": "chretien", "religion_osm": "christian", "denomination_osm": "baptist", "pcode_commune": "HT0131", "commune": ""}}, {"type": "Feature", "geometry": {"type": "Point", "coordinates": [-72.2667, 18.65199]}, "properties": {"nom": "Eglise Mémoriale De Golgotha", "famille": "chretien", "religion_osm": "christian", "denomination_osm": "protestant", "pcode_commune": "HT0131", "commune": ""}}, {"type": "Feature", "geometry": {"type": "Point", "coordinates": [-72.26865, 18.6549]}, "properties": {"nom": "Eglise Mission Assemblée de Jésus/ Temple de la Bible", "famille": "chretien", "religion_osm": "christian", "denomination_osm": "", "pcode_commune": "HT0131", "commune": ""}}, {"type": "Feature", "geometry": {"type": "Point", "coordinates": [-72.26935, 18.65521]}, "properties": {"nom": "Eglise de Source de Vie", "famille": "chretien", "religion_osm": "christian", "denomination_osm": "", "pcode_commune": "HT0131", "commune": ""}}, {"type": "Feature", "geometry": {"type": "Point", "coordinates": [-72.26804, 18.65566]}, "properties": {"nom": "Elshadai", "famille": "chretien", "religion_osm": "christian", "denomination_osm": "", "pcode_commune": "HT0131", "commune": ""}}, {"type": "Feature", "geometry": {"type": "Point", "coordinates": [-72.24763, 18.66941]}, "properties": {"nom": "Eglise de Dieu", "famille": "chretien", "religion_osm": "christian", "denomination_osm": "", "pcode_commune": "HT0131", "commune": ""}}, {"type": "Feature", "geometry": {"type": "Point", "coordinates": [-72.30206, 18.67939]}, "properties": {"nom": "Mission Eglise De Dieu Pour Evangeliser Le Monde", "famille": "chretien", "religion_osm": "christian", "denomination_osm": "pentecostal", "pcode_commune": "HT0131", "commune": ""}}, {"type": "Feature", "geometry": {"type": "Point", "coordinates": [-72.30441, 18.67971]}, "properties": {"nom": "Eglise Pencotiste Evangélique Chrétienne D'Haiti", "famille": "autre", "religion_osm": "hindu", "denomination_osm": "pentecostal", "pcode_commune": "HT0131", "commune": ""}}, {"type": "Feature", "geometry": {"type": "Point", "coordinates": [-72.24779, 18.66366]}, "properties": {"nom": "Eglise Baptiste En Route Pour le Ciel", "famille": "chretien", "religion_osm": "christian", "denomination_osm": "baptist", "pcode_commune": "HT0131", "commune": ""}}, {"type": "Feature", "geometry": {"type": "Point", "coordinates": [-72.25099, 18.6624]}, "properties": {"nom": "Eglise Chrétienne Philadelphie", "famille": "chretien", "religion_osm": "christian", "denomination_osm": "", "pcode_commune": "HT0131", "commune": ""}}, {"type": "Feature", "geometry": {"type": "Point", "coordinates": [-72.27027, 18.66458]}, "properties": {"nom": "Corps De Christ", "famille": "chretien", "religion_osm": "christian", "denomination_osm": "protestant", "pcode_commune": "HT0131", "commune": ""}}, {"type": "Feature", "geometry": {"type": "Point", "coordinates": [-72.26914, 18.66018]}, "properties": {"nom": "Eglise Baptiste De Jérusalem", "famille": "chretien", "religion_osm": "christian", "denomination_osm": "baptist", "pcode_commune": "HT0131", "commune": ""}}, {"type": "Feature", "geometry": {"type": "Point", "coordinates": [-72.27027, 18.66175]}, "properties": {"nom": "Eglise De Dieu Voie Du Salut", "famille": "chretien", "religion_osm": "christian", "denomination_osm": "pentecostal", "pcode_commune": "HT0131", "commune": ""}}, {"type": "Feature", "geometry": {"type": "Point", "coordinates": [-72.26985, 18.66338]}, "properties": {"nom": "Evangélique de la Grace Abondante", "famille": "chretien", "religion_osm": "christian", "denomination_osm": "", "pcode_commune": "HT0131", "commune": ""}}, {"type": "Feature", "geometry": {"type": "Point", "coordinates": [-72.26296, 18.66047]}, "properties": {"nom": "Mission de l'Eglise Dieu Est Là", "famille": "chretien", "religion_osm": "christian", "denomination_osm": "", "pcode_commune": "HT0131", "commune": ""}}, {"type": "Feature", "geometry": {"type": "Point", "coordinates": [-72.25984, 18.65119]}, "properties": {"nom": "Eglise Sainteté â L'Eternel", "famille": "chretien", "religion_osm": "christian", "denomination_osm": "protestant", "pcode_commune": "HT0131", "commune": ""}}, {"type": "Feature", "geometry": {"type": "Point", "coordinates": [-72.25999, 18.65792]}, "properties": {"nom": "Eglise sur le Rocher de Jerusalem", "famille": "chretien", "religion_osm": "christian", "denomination_osm": "", "pcode_commune": "HT0131", "commune": ""}}, {"type": "Feature", "geometry": {"type": "Point", "coordinates": [-72.25525, 18.65625]}, "properties": {"nom": "Eglise de Dieu du Dernier Temps", "famille": "chretien", "religion_osm": "christian", "denomination_osm": "", "pcode_commune": "HT0131", "commune": ""}}, {"type": "Feature", "geometry": {"type": "Point", "coordinates": [-72.25577, 18.65624]}, "properties": {"nom": "M.EGEBACH", "famille": "chretien", "religion_osm": "christian", "denomination_osm": "", "pcode_commune": "HT0131", "commune": ""}}, {"type": "Feature", "geometry": {"type": "Point", "coordinates": [-72.25638, 18.65584]}, "properties": {"nom": "Eglise De Dieu Des Premiers Chrétiens", "famille": "chretien", "religion_osm": "christian", "denomination_osm": "pentecostal", "pcode_commune": "HT0131", "commune": ""}}, {"type": "Feature", "geometry": {"type": "Point", "coordinates": [-72.25643, 18.65281]}, "properties": {"nom": "Eglise Evangelique les Frères d'Haiti", "famille": "chretien", "religion_osm": "christian", "denomination_osm": "", "pcode_commune": "HT0131", "commune": ""}}, {"type": "Feature", "geometry": {"type": "Point", "coordinates": [-72.26774, 18.65963]}, "properties": {"nom": "Eglise Baptiste Salem", "famille": "chretien", "religion_osm": "christian", "denomination_osm": "baptist", "pcode_commune": "HT0131", "commune": ""}}, {"type": "Feature", "geometry": {"type": "Point", "coordinates": [-72.25564, 18.65379]}, "properties": {"nom": "Eglise Bethel De La Nouvelle Alliance", "famille": "chretien", "religion_osm": "christian", "denomination_osm": "baptist", "pcode_commune": "HT0131", "commune": ""}}, {"type": "Feature", "geometry": {"type": "Point", "coordinates": [-72.25534, 18.66082]}, "properties": {"nom": "Universel", "famille": "chretien", "religion_osm": "christian", "denomination_osm": "", "pcode_commune": "HT0131", "commune": ""}}, {"type": "Feature", "geometry": {"type": "Point", "coordinates": [-72.25634, 18.65145]}, "properties": {"nom": "Eglise Chrétiennne de le Bible", "famille": "chretien", "religion_osm": "christian", "denomination_osm": "", "pcode_commune": "HT0131", "commune": ""}}, {"type": "Feature", "geometry": {"type": "Point", "coordinates": [-72.25789, 18.64946]}, "properties": {"nom": "Peristyle", "famille": "vodou", "religion_osm": "voodoo", "denomination_osm": "", "pcode_commune": "HT0131", "commune": ""}}, {"type": "Feature", "geometry": {"type": "Point", "coordinates": [-72.25804, 18.65854]}, "properties": {"nom": "Eglise De Dieu Apostoliques", "famille": "chretien", "religion_osm": "christian", "denomination_osm": "pentecostal", "pcode_commune": "HT0131", "commune": ""}}, {"type": "Feature", "geometry": {"type": "Point", "coordinates": [-72.26774, 18.66732]}, "properties": {"nom": "Première Eglise De Dieu Gethsémané", "famille": "chretien", "religion_osm": "christian", "denomination_osm": "pentecostal", "pcode_commune": "HT0131", "commune": ""}}, {"type": "Feature", "geometry": {"type": "Point", "coordinates": [-72.26569, 18.66796]}, "properties": {"nom": "Eglise Evangélique Source De La Grace", "famille": "chretien", "religion_osm": "christian", "denomination_osm": "protestant", "pcode_commune": "HT0131", "commune": ""}}, {"type": "Feature", "geometry": {"type": "Point", "coordinates": [-72.26024, 18.6682]}, "properties": {"nom": "Eglise Salafes", "famille": "chretien", "religion_osm": "christian", "denomination_osm": "protestant", "pcode_commune": "HT0131", "commune": ""}}, {"type": "Feature", "geometry": {"type": "Point", "coordinates": [-72.25254, 18.65301]}, "properties": {"nom": "Eglise De Dieu Des Séraphins", "famille": "chretien", "religion_osm": "christian", "denomination_osm": "pentecostal", "pcode_commune": "HT0131", "commune": ""}}, {"type": "Feature", "geometry": {"type": "Point", "coordinates": [-72.24944, 18.65871]}, "properties": {"nom": "Eglise Source De Vie Les Elus", "famille": "chretien", "religion_osm": "christian", "denomination_osm": "protestant", "pcode_commune": "HT0131", "commune": ""}}, {"type": "Feature", "geometry": {"type": "Point", "coordinates": [-72.24552, 18.65851]}, "properties": {"nom": "Eglise Presyterienne de L'Espoir", "famille": "chretien", "religion_osm": "christian", "denomination_osm": "", "pcode_commune": "HT0131", "commune": ""}}, {"type": "Feature", "geometry": {"type": "Point", "coordinates": [-72.25315, 18.65581]}, "properties": {"nom": "Eglise Brebis De Jésus Christ", "famille": "chretien", "religion_osm": "christian", "denomination_osm": "baptist", "pcode_commune": "HT0131", "commune": ""}}, {"type": "Feature", "geometry": {"type": "Point", "coordinates": [-72.24612, 18.65993]}, "properties": {"nom": "Eglise piscine Bethesda", "famille": "chretien", "religion_osm": "christian", "denomination_osm": "baptist", "pcode_commune": "HT0131", "commune": ""}}, {"type": "Feature", "geometry": {"type": "Point", "coordinates": [-72.25446, 18.65404]}, "properties": {"nom": "Eglise de Dieu des Bereens de Jerusalem", "famille": "chretien", "religion_osm": "christian", "denomination_osm": "protestant", "pcode_commune": "HT0131", "commune": ""}}, {"type": "Feature", "geometry": {"type": "Point", "coordinates": [-72.25513, 18.65236]}, "properties": {"nom": "Eglise Tabernacle De Dieu", "famille": "chretien", "religion_osm": "christian", "denomination_osm": "pentecostal", "pcode_commune": "HT0131", "commune": ""}}, {"type": "Feature", "geometry": {"type": "Point", "coordinates": [-72.25225, 18.65675]}, "properties": {"nom": "Eglise de Dieu", "famille": "chretien", "religion_osm": "christian", "denomination_osm": "protestant", "pcode_commune": "HT0131", "commune": ""}}, {"type": "Feature", "geometry": {"type": "Point", "coordinates": [-72.2419, 18.66473]}, "properties": {"nom": "Eglise Adventiste Galilée", "famille": "chretien", "religion_osm": "christian", "denomination_osm": "adventist", "pcode_commune": "HT0131", "commune": ""}}, {"type": "Feature", "geometry": {"type": "Point", "coordinates": [-72.24838, 18.64967]}, "properties": {"nom": "Eglise Source De Vie Les Elus", "famille": "chretien", "religion_osm": "christian", "denomination_osm": "baptist", "pcode_commune": "HT0131", "commune": ""}}, {"type": "Feature", "geometry": {"type": "Point", "coordinates": [-72.27617, 18.66127]}, "properties": {"nom": "Eglise Evangélique Baptiste De Canaan 5", "famille": "chretien", "religion_osm": "christian", "denomination_osm": "baptist", "pcode_commune": "HT0131", "commune": ""}}, {"type": "Feature", "geometry": {"type": "Point", "coordinates": [-72.27106, 18.65568]}, "properties": {"nom": "Eglise Adventiste Bethser", "famille": "chretien", "religion_osm": "christian", "denomination_osm": "adventist", "pcode_commune": "HT0131", "commune": ""}}, {"type": "Feature", "geometry": {"type": "Point", "coordinates": [-72.27211, 18.65522]}, "properties": {"nom": "Montagne Assez", "famille": "chretien", "religion_osm": "christian", "denomination_osm": "protestant", "pcode_commune": "HT0131", "commune": ""}}, {"type": "Feature", "geometry": {"type": "Point", "coordinates": [-72.27026, 18.65463]}, "properties": {"nom": "Eglise de Dieu l'Amour de la Foi", "famille": "chretien", "religion_osm": "christian", "denomination_osm": "", "pcode_commune": "HT0131", "commune": ""}}, {"type": "Feature", "geometry": {"type": "Point", "coordinates": [-72.27275, 18.65317]}, "properties": {"nom": "Fè Byen Se Frèt", "famille": "vodou", "religion_osm": "voodoo", "denomination_osm": "", "pcode_commune": "HT0131", "commune": ""}}, {"type": "Feature", "geometry": {"type": "Point", "coordinates": [-72.26931, 18.65071]}, "properties": {"nom": "Temple Union Des Saints", "famille": "chretien", "religion_osm": "christian", "denomination_osm": "protestant", "pcode_commune": "HT0131", "commune": ""}}, {"type": "Feature", "geometry": {"type": "Point", "coordinates": [-72.26346, 18.64966]}, "properties": {"nom": "Eglise Eben- Ezer", "famille": "chretien", "religion_osm": "christian", "denomination_osm": "", "pcode_commune": "HT0131", "commune": ""}}, {"type": "Feature", "geometry": {"type": "Point", "coordinates": [-72.26652, 18.65087]}, "properties": {"nom": "Eglise Evangélique Bethesda", "famille": "chretien", "religion_osm": "christian", "denomination_osm": "baptist", "pcode_commune": "HT0131", "commune": ""}}, {"type": "Feature", "geometry": {"type": "Point", "coordinates": [-72.26828, 18.65094]}, "properties": {"nom": "Eglise Communale Evangélique Baptiste Eben-Ezer D'Haiti", "famille": "chretien", "religion_osm": "christian", "denomination_osm": "baptist", "pcode_commune": "HT0131", "commune": ""}}, {"type": "Feature", "geometry": {"type": "Point", "coordinates": [-72.26928, 18.65418]}, "properties": {"nom": "Eglise De Dieu de Sinai", "famille": "chretien", "religion_osm": "christian", "denomination_osm": "pentecostal", "pcode_commune": "HT0131", "commune": ""}}, {"type": "Feature", "geometry": {"type": "Point", "coordinates": [-72.27171, 18.65302]}, "properties": {"nom": "Eglise Siloé", "famille": "chretien", "religion_osm": "christian", "denomination_osm": "", "pcode_commune": "HT0131", "commune": ""}}, {"type": "Feature", "geometry": {"type": "Point", "coordinates": [-72.26918, 18.65226]}, "properties": {"nom": "Eglise Baptiste Indépandante", "famille": "chretien", "religion_osm": "christian", "denomination_osm": "baptist", "pcode_commune": "HT0131", "commune": ""}}, {"type": "Feature", "geometry": {"type": "Point", "coordinates": [-72.27043, 18.65063]}, "properties": {"nom": "Peristile", "famille": "vodou", "religion_osm": "voodoo", "denomination_osm": "others", "pcode_commune": "HT0131", "commune": ""}}, {"type": "Feature", "geometry": {"type": "Point", "coordinates": [-72.26285, 18.64702]}, "properties": {"nom": "Mission Eglise De Dieu Gethsemané", "famille": "chretien", "religion_osm": "christian", "denomination_osm": "pentecostal", "pcode_commune": "HT0131", "commune": ""}}, {"type": "Feature", "geometry": {"type": "Point", "coordinates": [-72.27211, 18.65183]}, "properties": {"nom": "Eglise Catholique La Sainte Famille", "famille": "chretien", "religion_osm": "christian", "denomination_osm": "catholic", "pcode_commune": "HT0131", "commune": ""}}, {"type": "Feature", "geometry": {"type": "Point", "coordinates": [-72.26533, 18.64869]}, "properties": {"nom": "Eglise Evangelique Missionnaire De la grace", "famille": "chretien", "religion_osm": "christian", "denomination_osm": "baptist", "pcode_commune": "HT0131", "commune": ""}}, {"type": "Feature", "geometry": {"type": "Point", "coordinates": [-72.26641, 18.6495]}, "properties": {"nom": "Eglise De Jesus Christ", "famille": "chretien", "religion_osm": "christian", "denomination_osm": "protestant", "pcode_commune": "HT0131", "commune": ""}}, {"type": "Feature", "geometry": {"type": "Point", "coordinates": [-72.26835, 18.64928]}, "properties": {"nom": "Eglise De Dieu De La miséricorde Eben Ezer", "famille": "chretien", "religion_osm": "christian", "denomination_osm": "pentecostal", "pcode_commune": "HT0131", "commune": ""}}, {"type": "Feature", "geometry": {"type": "Point", "coordinates": [-72.26406, 18.64727]}, "properties": {"nom": "Eglise De Jesus Christ Source De Vie", "famille": "chretien", "religion_osm": "christian", "denomination_osm": "protestant", "pcode_commune": "HT0131", "commune": ""}}, {"type": "Feature", "geometry": {"type": "Point", "coordinates": [-72.26896, 18.64872]}, "properties": {"nom": "Eglise Frères Unis En Christ", "famille": "chretien", "religion_osm": "christian", "denomination_osm": "protestant", "pcode_commune": "HT0131", "commune": ""}}, {"type": "Feature", "geometry": {"type": "Point", "coordinates": [-72.27822, 18.65054]}, "properties": {"nom": "Eglise Chrétienne Indépendante de Canaan", "famille": "chretien", "religion_osm": "christian", "denomination_osm": "", "pcode_commune": "HT0131", "commune": ""}}, {"type": "Feature", "geometry": {"type": "Point", "coordinates": [-72.26637, 18.6467]}, "properties": {"nom": "Eglise De Dieu Lumière De Canaan", "famille": "chretien", "religion_osm": "christian", "denomination_osm": "pentecostal", "pcode_commune": "HT0131", "commune": ""}}, {"type": "Feature", "geometry": {"type": "Point", "coordinates": [-72.28199, 18.65346]}, "properties": {"nom": "Eglise Chrétienne d'Ami-Foi", "famille": "chretien", "religion_osm": "christian", "denomination_osm": "", "pcode_commune": "HT0131", "commune": ""}}, {"type": "Feature", "geometry": {"type": "Point", "coordinates": [-72.26905, 18.64771]}, "properties": {"nom": "Eglise", "famille": "chretien", "religion_osm": "christian", "denomination_osm": "protestant", "pcode_commune": "HT0131", "commune": ""}}, {"type": "Feature", "geometry": {"type": "Point", "coordinates": [-72.26848, 18.64699]}, "properties": {"nom": "Eglise De Dieu Salem Indépendante", "famille": "chretien", "religion_osm": "christian", "denomination_osm": "pentecostal", "pcode_commune": "HT0131", "commune": ""}}, {"type": "Feature", "geometry": {"type": "Point", "coordinates": [-72.27445, 18.65364]}, "properties": {"nom": "Minitère Jehovah Jireh", "famille": "chretien", "religion_osm": "christian", "denomination_osm": "protestant", "pcode_commune": "HT0131", "commune": ""}}, {"type": "Feature", "geometry": {"type": "Point", "coordinates": [-72.27354, 18.64513]}, "properties": {"nom": "Eglise Du Christ De La Delivrance", "famille": "chretien", "religion_osm": "christian", "denomination_osm": "protestant", "pcode_commune": "HT0131", "commune": ""}}, {"type": "Feature", "geometry": {"type": "Point", "coordinates": [-72.27529, 18.65557]}, "properties": {"nom": "Eglise De Dieu Primitive Haitienne De canaan", "famille": "chretien", "religion_osm": "christian", "denomination_osm": "pentecostal", "pcode_commune": "HT0131", "commune": ""}}, {"type": "Feature", "geometry": {"type": "Point", "coordinates": [-72.273, 18.64613]}, "properties": {"nom": "Eglise de St Mtaen", "famille": "chretien", "religion_osm": "christian", "denomination_osm": "", "pcode_commune": "HT0131", "commune": ""}}, {"type": "Feature", "geometry": {"type": "Point", "coordinates": [-72.27854, 18.6523]}, "properties": {"nom": "Église Baptiste du Calvaire", "famille": "chretien", "religion_osm": "christian", "denomination_osm": "baptist", "pcode_commune": "HT0131", "commune": ""}}, {"type": "Feature", "geometry": {"type": "Point", "coordinates": [-72.27717, 18.65157]}, "properties": {"nom": "Mission D'Eglise Evangélique de Nazareth", "famille": "chretien", "religion_osm": "christian", "denomination_osm": "protestant", "pcode_commune": "HT0131", "commune": ""}}, {"type": "Feature", "geometry": {"type": "Point", "coordinates": [-72.28011, 18.65105]}, "properties": {"nom": "Eglise Evangelique De la Grace", "famille": "chretien", "religion_osm": "christian", "denomination_osm": "baptist", "pcode_commune": "HT0131", "commune": ""}}, {"type": "Feature", "geometry": {"type": "Point", "coordinates": [-72.27692, 18.64751]}, "properties": {"nom": "Eglise De Dieu Justifiée Par La Foi", "famille": "chretien", "religion_osm": "christian", "denomination_osm": "pentecostal", "pcode_commune": "HT0131", "commune": ""}}, {"type": "Feature", "geometry": {"type": "Point", "coordinates": [-72.23347, 18.67062]}, "properties": {"nom": "Eglise de Dieu du Dernier Jour", "famille": "chretien", "religion_osm": "christian", "denomination_osm": "", "pcode_commune": "HT0132", "commune": ""}}, {"type": "Feature", "geometry": {"type": "Point", "coordinates": [-72.22741, 18.66474]}, "properties": {"nom": "Église Adventiste du 7ème Jour", "famille": "chretien", "religion_osm": "christian", "denomination_osm": "adventist", "pcode_commune": "HT0132", "commune": ""}}, {"type": "Feature", "geometry": {"type": "Point", "coordinates": [-72.22724, 18.66204]}, "properties": {"nom": "Eglise Baptiste d'Onaville", "famille": "chretien", "religion_osm": "christian", "denomination_osm": "baptist", "pcode_commune": "HT0132", "commune": ""}}, {"type": "Feature", "geometry": {"type": "Point", "coordinates": [-72.29103, 18.66492]}, "properties": {"nom": "Eglise de Dieu", "famille": "chretien", "religion_osm": "christian", "denomination_osm": "", "pcode_commune": "HT0131", "commune": ""}}, {"type": "Feature", "geometry": {"type": "Point", "coordinates": [-72.28473, 18.66489]}, "properties": {"nom": "Eglise Assemblée De Jesus Christ", "famille": "chretien", "religion_osm": "christian", "denomination_osm": "protestant", "pcode_commune": "HT0131", "commune": ""}}, {"type": "Feature", "geometry": {"type": "Point", "coordinates": [-72.28178, 18.66543]}, "properties": {"nom": "Chapelle Ange Gabriel Archange", "famille": "chretien", "religion_osm": "christian", "denomination_osm": "catholic", "pcode_commune": "HT0131", "commune": ""}}, {"type": "Feature", "geometry": {"type": "Point", "coordinates": [-72.28697, 18.66861]}, "properties": {"nom": "Eglise Baptiste", "famille": "chretien", "religion_osm": "christian", "denomination_osm": "baptist", "pcode_commune": "HT0131", "commune": ""}}, {"type": "Feature", "geometry": {"type": "Point", "coordinates": [-72.29485, 18.66439]}, "properties": {"nom": "Peristyle", "famille": "vodou", "religion_osm": "voodoo", "denomination_osm": "others", "pcode_commune": "HT0131", "commune": ""}}, {"type": "Feature", "geometry": {"type": "Point", "coordinates": [-72.29584, 18.6639]}, "properties": {"nom": "Eglise Pentecostale Unie De Canaan", "famille": "chretien", "religion_osm": "christian", "denomination_osm": "pentecostal", "pcode_commune": "HT0131", "commune": ""}}, {"type": "Feature", "geometry": {"type": "Point", "coordinates": [-72.29679, 18.66829]}, "properties": {"nom": "Saint Jacques Majeur", "famille": "vodou", "religion_osm": "voodoo", "denomination_osm": "others", "pcode_commune": "HT0131", "commune": ""}}, {"type": "Feature", "geometry": {"type": "Point", "coordinates": [-72.22033, 18.66731]}, "properties": {"nom": "Péristyle", "famille": "vodou", "religion_osm": "voodoo", "denomination_osm": "", "pcode_commune": "HT0132", "commune": ""}}, {"type": "Feature", "geometry": {"type": "Point", "coordinates": [-72.22064, 18.66818]}, "properties": {"nom": "Peristyle", "famille": "vodou", "religion_osm": "voodoo", "denomination_osm": "others", "pcode_commune": "HT0132", "commune": ""}}, {"type": "Feature", "geometry": {"type": "Point", "coordinates": [-72.22546, 18.66928]}, "properties": {"nom": "Eglise de Dieu", "famille": "chretien", "religion_osm": "christian", "denomination_osm": "", "pcode_commune": "HT0132", "commune": ""}}, {"type": "Feature", "geometry": {"type": "Point", "coordinates": [-72.22164, 18.66528]}, "properties": {"nom": "Eglise De la Pentecote", "famille": "chretien", "religion_osm": "christian", "denomination_osm": "pentecostal", "pcode_commune": "HT0132", "commune": ""}}, {"type": "Feature", "geometry": {"type": "Point", "coordinates": [-72.22027, 18.66515]}, "properties": {"nom": "Peristyle", "famille": "vodou", "religion_osm": "voodoo", "denomination_osm": "others", "pcode_commune": "HT0132", "commune": ""}}, {"type": "Feature", "geometry": {"type": "Point", "coordinates": [-72.77907, 18.42783]}, "properties": {"nom": "Église Mahanaïm", "famille": "non_renseigne", "religion_osm": "", "denomination_osm": "", "pcode_commune": "HT0123", "commune": ""}}, {"type": "Feature", "geometry": {"type": "Point", "coordinates": [-73.3099, 18.47509]}, "properties": {"nom": "eglise mebsh", "famille": "chretien", "religion_osm": "christian", "denomination_osm": "", "pcode_commune": "HT1021", "commune": ""}}, {"type": "Feature", "geometry": {"type": "Point", "coordinates": [-72.48451, 19.24431]}, "properties": {"nom": "Band Of Brothers", "famille": "non_renseigne", "religion_osm": "", "denomination_osm": "", "pcode_commune": "HT0541", "commune": ""}}, {"type": "Feature", "geometry": {"type": "Point", "coordinates": [-74.15657, 18.5361]}, "properties": {"nom": "Eglise Saint-Pierre", "famille": "chretien", "religion_osm": "christian", "denomination_osm": "catholic", "pcode_commune": "HT0811", "commune": ""}}, {"type": "Feature", "geometry": {"type": "Point", "coordinates": [-73.95575, 18.5326]}, "properties": {"nom": "Eglise Baptiste de font hicaque", "famille": "chretien", "religion_osm": "christian", "denomination_osm": "evangelical", "pcode_commune": "HT0832", "commune": ""}}, {"type": "Feature", "geometry": {"type": "Point", "coordinates": [-73.95022, 18.53188]}, "properties": {"nom": "Eglise Methodiste D'haiti", "famille": "chretien", "religion_osm": "christian", "denomination_osm": "methodist", "pcode_commune": "HT0832", "commune": ""}}, {"type": "Feature", "geometry": {"type": "Point", "coordinates": [-73.94567, 18.53223]}, "properties": {"nom": "Eglise de Dieu de Font hicaque", "famille": "chretien", "religion_osm": "christian", "denomination_osm": "evangelical", "pcode_commune": "HT0831", "commune": ""}}, {"type": "Feature", "geometry": {"type": "Point", "coordinates": [-72.17119, 19.72505]}, "properties": {"nom": "Mission Eglise Chretienne Chemin De L'Amour", "famille": "chretien", "religion_osm": "christian", "denomination_osm": "", "pcode_commune": "HT0311", "commune": ""}}, {"type": "Feature", "geometry": {"type": "Point", "coordinates": [-71.77818, 19.61566]}, "properties": {"nom": "L'eglise Baptiste Ferrier", "famille": "chretien", "religion_osm": "christian", "denomination_osm": "baptist", "pcode_commune": "HT0412", "commune": ""}}, {"type": "Feature", "geometry": {"type": "Point", "coordinates": [-74.11717, 18.45112]}, "properties": {"nom": "Église Dieu vivant de Latigo", "famille": "non_renseigne", "religion_osm": "", "denomination_osm": "", "pcode_commune": "HT0811", "commune": ""}}, {"type": "Feature", "geometry": {"type": "Point", "coordinates": [-74.11602, 18.48288]}, "properties": {"nom": "Église méthodiste", "famille": "non_renseigne", "religion_osm": "", "denomination_osm": "", "pcode_commune": "HT0811", "commune": ""}}, {"type": "Feature", "geometry": {"type": "Point", "coordinates": [-73.95569, 18.47855]}, "properties": {"nom": "Eglise Baptiste", "famille": "chretien", "religion_osm": "christian", "denomination_osm": "", "pcode_commune": "HT0833", "commune": ""}}, {"type": "Feature", "geometry": {"type": "Point", "coordinates": [-73.95391, 18.47667]}, "properties": {"nom": "Mission par la foi (En construction)", "famille": "chretien", "religion_osm": "christian", "denomination_osm": "baptist", "pcode_commune": "HT0833", "commune": ""}}, {"type": "Feature", "geometry": {"type": "Point", "coordinates": [-73.95745, 18.47737]}, "properties": {"nom": "Presbytère de de la paroisse Ste Agnès", "famille": "chretien", "religion_osm": "christian", "denomination_osm": "", "pcode_commune": "HT0833", "commune": ""}}, {"type": "Feature", "geometry": {"type": "Point", "coordinates": [-73.95368, 18.47064]}, "properties": {"nom": "Eglise chrétienne", "famille": "chretien", "religion_osm": "christian", "denomination_osm": "", "pcode_commune": "HT0833", "commune": ""}}, {"type": "Feature", "geometry": {"type": "Point", "coordinates": [-73.95704, 18.4772]}, "properties": {"nom": "Eglise Catholique Sainte Agnès", "famille": "chretien", "religion_osm": "christian", "denomination_osm": "", "pcode_commune": "HT0833", "commune": ""}}, {"type": "Feature", "geometry": {"type": "Point", "coordinates": [-73.95842, 18.47828]}, "properties": {"nom": "Eglise Adventiste de Beaumont", "famille": "non_renseigne", "religion_osm": "", "denomination_osm": "", "pcode_commune": "HT0833", "commune": ""}}, {"type": "Feature", "geometry": {"type": "Point", "coordinates": [-73.9562, 18.47584]}, "properties": {"nom": "Eglise Béthanie", "famille": "chretien", "religion_osm": "christian", "denomination_osm": "", "pcode_commune": "HT0833", "commune": ""}}, {"type": "Feature", "geometry": {"type": "Point", "coordinates": [-71.93907, 18.82673]}, "properties": {"nom": "Église de Jésus-Christ des Derniers Jours", "famille": "chretien", "religion_osm": "christian", "denomination_osm": "", "pcode_commune": "HT0631", "commune": ""}}, {"type": "Feature", "geometry": {"type": "Point", "coordinates": [-72.32488, 18.5568]}, "properties": {"nom": "Eglise Baptiste des Cités", "famille": "non_renseigne", "religion_osm": "", "denomination_osm": "", "pcode_commune": "HT0112", "commune": ""}}, {"type": "Feature", "geometry": {"type": "Point", "coordinates": [-72.30762, 18.54313]}, "properties": {"nom": "Eglise de Dieu en Christ de la Nouvelle Alliance", "famille": "non_renseigne", "religion_osm": "", "denomination_osm": "", "pcode_commune": "HT0112", "commune": ""}}, {"type": "Feature", "geometry": {"type": "Point", "coordinates": [-72.32472, 18.55172]}, "properties": {"nom": "Eglise Baptiste Bellevue Salem", "famille": "non_renseigne", "religion_osm": "", "denomination_osm": "", "pcode_commune": "HT0112", "commune": ""}}, {"type": "Feature", "geometry": {"type": "Point", "coordinates": [-72.32371, 18.55584]}, "properties": {"nom": "Eglise Nouvelle Jérusalem", "famille": "non_renseigne", "religion_osm": "", "denomination_osm": "", "pcode_commune": "HT0112", "commune": ""}}, {"type": "Feature", "geometry": {"type": "Point", "coordinates": [-72.34294, 18.524]}, "properties": {"nom": "Eglise", "famille": "non_renseigne", "religion_osm": "", "denomination_osm": "", "pcode_commune": "HT0111", "commune": ""}}, {"type": "Feature", "geometry": {"type": "Point", "coordinates": [-72.34344, 18.52149]}, "properties": {"nom": "Eglise", "famille": "non_renseigne", "religion_osm": "", "denomination_osm": "", "pcode_commune": "HT0111", "commune": ""}}, {"type": "Feature", "geometry": {"type": "Point", "coordinates": [-72.34151, 18.5233]}, "properties": {"nom": "Eglise de Dieu", "famille": "non_renseigne", "religion_osm": "", "denomination_osm": "", "pcode_commune": "HT0111", "commune": ""}}, {"type": "Feature", "geometry": {"type": "Point", "coordinates": [-72.64434, 19.29129]}, "properties": {"nom": "Église de Dieu de la Fraternité", "famille": "chretien", "religion_osm": "christian", "denomination_osm": "", "pcode_commune": "HT0544", "commune": ""}}, {"type": "Feature", "geometry": {"type": "Point", "coordinates": [-72.31566, 18.6154]}, "properties": {"nom": "Mission Évangélique de la Sainteté", "famille": "chretien", "religion_osm": "christian", "denomination_osm": "", "pcode_commune": "HT0131", "commune": ""}}, {"type": "Feature", "geometry": {"type": "Point", "coordinates": [-72.31563, 18.53311]}, "properties": {"nom": "Presbitaire", "famille": "spiritualiste", "religion_osm": "spiritualist", "denomination_osm": "", "pcode_commune": "HT0111", "commune": ""}}, {"type": "Feature", "geometry": {"type": "Point", "coordinates": [-72.32322, 18.55153]}, "properties": {"nom": "Eglise Baptiste de Delmas", "famille": "chretien", "religion_osm": "christian", "denomination_osm": "protestant", "pcode_commune": "HT0112", "commune": ""}}, {"type": "Feature", "geometry": {"type": "Point", "coordinates": [-72.20132, 19.76299]}, "properties": {"nom": "Temple Adventiste", "famille": "chretien", "religion_osm": "christian", "denomination_osm": "seventh_day_adventist", "pcode_commune": "HT0311", "commune": ""}}, {"type": "Feature", "geometry": {"type": "Point", "coordinates": [-72.55234, 19.66666]}, "properties": {"nom": "Eglise Sainte-Roase Delima", "famille": "chretien", "religion_osm": "christian", "denomination_osm": "", "pcode_commune": "HT0372", "commune": ""}}, {"type": "Feature", "geometry": {"type": "Point", "coordinates": [-72.1957, 19.76675]}, "properties": {"nom": "Église Echo du calvaire", "famille": "chretien", "religion_osm": "christian", "denomination_osm": "baptist", "pcode_commune": "HT0311", "commune": ""}}, {"type": "Feature", "geometry": {"type": "Point", "coordinates": [-72.57376, 19.68005]}, "properties": {"nom": "Eglise de Dieu de Ravine-Trompette", "famille": "chretien", "religion_osm": "christian", "denomination_osm": "", "pcode_commune": "HT0372", "commune": ""}}, {"type": "Feature", "geometry": {"type": "Point", "coordinates": [-72.20042, 19.76424]}, "properties": {"nom": "Loge Jerusalem", "famille": "autre", "religion_osm": "loge", "denomination_osm": "", "pcode_commune": "HT0311", "commune": ""}}, {"type": "Feature", "geometry": {"type": "Point", "coordinates": [-72.38779, 18.9896]}, "properties": {"nom": "Ecole Evangelique d'Haïti de Desarmes (EEHD)", "famille": "non_renseigne", "religion_osm": "", "denomination_osm": "", "pcode_commune": "HT0532", "commune": ""}}, {"type": "Feature", "geometry": {"type": "Point", "coordinates": [-72.38934, 18.99163]}, "properties": {"nom": "Eglise Apostolique de J.C. des armes", "famille": "non_renseigne", "religion_osm": "", "denomination_osm": "", "pcode_commune": "HT0532", "commune": ""}}, {"type": "Feature", "geometry": {"type": "Point", "coordinates": [-72.38712, 18.98877]}, "properties": {"nom": "Eglise la Foi Apostolique", "famille": "non_renseigne", "religion_osm": "", "denomination_osm": "", "pcode_commune": "HT0532", "commune": ""}}, {"type": "Feature", "geometry": {"type": "Point", "coordinates": [-72.392, 18.99565]}, "properties": {"nom": "Eglise Evangélique Baptiste", "famille": "non_renseigne", "religion_osm": "", "denomination_osm": "", "pcode_commune": "HT0532", "commune": ""}}, {"type": "Feature", "geometry": {"type": "Point", "coordinates": [-72.31587, 18.59634]}, "properties": {"nom": "Lakou Maturin congo", "famille": "non_renseigne", "religion_osm": "", "denomination_osm": "", "pcode_commune": "HT0117", "commune": ""}}, {"type": "Feature", "geometry": {"type": "Point", "coordinates": [-72.31587, 18.59648]}, "properties": {"nom": "Temple 777 solution", "famille": "autre", "religion_osm": "Vaudou", "denomination_osm": "", "pcode_commune": "HT0117", "commune": ""}}, {"type": "Feature", "geometry": {"type": "Point", "coordinates": [-72.3231, 18.59557]}, "properties": {"nom": "Eglise de Dieu de la Prophetie de fontaine drouillard", "famille": "chretien", "religion_osm": "christian", "denomination_osm": "protestant", "pcode_commune": "HT0117", "commune": ""}}, {"type": "Feature", "geometry": {"type": "Point", "coordinates": [-72.3178, 18.60081]}, "properties": {"nom": "Eglise baptiste communautaire de duvivier", "famille": "chretien", "religion_osm": "christian", "denomination_osm": "baptist", "pcode_commune": "HT0117", "commune": ""}}, {"type": "Feature", "geometry": {"type": "Point", "coordinates": [-72.31879, 18.60612]}, "properties": {"nom": "Eglise evangelique devouee pour christ", "famille": "chretien", "religion_osm": "christian", "denomination_osm": "", "pcode_commune": "HT0117", "commune": ""}}, {"type": "Feature", "geometry": {"type": "Point", "coordinates": [-72.3163, 18.59822]}, "properties": {"nom": "Eglise Anbassadaire de Jesus Christ", "famille": "chretien", "religion_osm": "christian", "denomination_osm": "", "pcode_commune": "HT0117", "commune": ""}}, {"type": "Feature", "geometry": {"type": "Point", "coordinates": [-72.31676, 18.59991]}, "properties": {"nom": "Eglise de Dieu par la foi bas Blanchard", "famille": "chretien", "religion_osm": "christian", "denomination_osm": "", "pcode_commune": "HT0117", "commune": ""}}, {"type": "Feature", "geometry": {"type": "Point", "coordinates": [-72.3228, 18.5378]}, "properties": {"nom": "Eglise Adventiste Shekinah", "famille": "non_renseigne", "religion_osm": "", "denomination_osm": "", "pcode_commune": "HT0111", "commune": ""}}, {"type": "Feature", "geometry": {"type": "Point", "coordinates": [-72.27437, 18.51317]}, "properties": {"nom": "Eglise de Dieu de la Montagne", "famille": "chretien", "religion_osm": "christian", "denomination_osm": "", "pcode_commune": "HT0114", "commune": ""}}, {"type": "Feature", "geometry": {"type": "Point", "coordinates": [-72.27407, 18.51176]}, "properties": {"nom": "Eglise Betsaleel de Girardeau", "famille": "chretien", "religion_osm": "christian", "denomination_osm": "", "pcode_commune": "HT0114", "commune": ""}}, {"type": "Feature", "geometry": {"type": "Point", "coordinates": [-73.24461, 18.47704]}, "properties": {"nom": "L'Eglise Catholique", "famille": "chretien", "religion_osm": "christian", "denomination_osm": "catholic", "pcode_commune": "HT1012", "commune": ""}}, {"type": "Feature", "geometry": {"type": "Point", "coordinates": [-72.59683, 19.20425]}, "properties": {"nom": "assemblee,du,christ,de,villard", "famille": "chretien", "religion_osm": "christian", "denomination_osm": "", "pcode_commune": "HT0541", "commune": ""}}, {"type": "Feature", "geometry": {"type": "Point", "coordinates": [-72.59679, 19.20589]}, "properties": {"nom": "eglise,adventiste,de,villard", "famille": "chretien", "religion_osm": "christian", "denomination_osm": "", "pcode_commune": "HT0541", "commune": ""}}, {"type": "Feature", "geometry": {"type": "Point", "coordinates": [-72.5958, 19.20435]}, "properties": {"nom": "paroisse,immaculee,conception,villard", "famille": "chretien", "religion_osm": "christian", "denomination_osm": "catholic", "pcode_commune": "HT0541", "commune": ""}}, {"type": "Feature", "geometry": {"type": "Point", "coordinates": [-72.30922, 18.56197]}, "properties": {"nom": "Eglise Baptiste du Bon Berger", "famille": "chretien", "religion_osm": "christian", "denomination_osm": "", "pcode_commune": "HT0112", "commune": ""}}, {"type": "Feature", "geometry": {"type": "Point", "coordinates": [-72.52958, 18.53965]}, "properties": {"nom": "Église le Nazaréen", "famille": "chretien", "religion_osm": "christian", "denomination_osm": "", "pcode_commune": "HT0116", "commune": ""}}, {"type": "Feature", "geometry": {"type": "Point", "coordinates": [-72.53792, 18.53566]}, "properties": {"nom": "Congrégation de la 1re Église Baptiste", "famille": "chretien", "religion_osm": "christian", "denomination_osm": "baptist", "pcode_commune": "HT0116", "commune": ""}}, {"type": "Feature", "geometry": {"type": "Point", "coordinates": [-72.20728, 19.749]}, "properties": {"nom": "inconnu", "famille": "chretien", "religion_osm": "christian", "denomination_osm": "", "pcode_commune": "HT0311", "commune": ""}}, {"type": "Feature", "geometry": {"type": "Point", "coordinates": [-72.48667, 18.54448]}, "properties": {"nom": "Église du Nazaréen", "famille": "chretien", "religion_osm": "christian", "denomination_osm": "", "pcode_commune": "HT0116", "commune": ""}}, {"type": "Feature", "geometry": {"type": "Point", "coordinates": [-72.27429, 18.53696]}, "properties": {"nom": "Église Baptiste Angélique de la Trinité", "famille": "chretien", "religion_osm": "christian", "denomination_osm": "", "pcode_commune": "HT0112", "commune": ""}}, {"type": "Feature", "geometry": {"type": "Point", "coordinates": [-72.27063, 18.5343]}, "properties": {"nom": "Calvary Chapel", "famille": "chretien", "religion_osm": "christian", "denomination_osm": "", "pcode_commune": "HT0114", "commune": ""}}, {"type": "Feature", "geometry": {"type": "Point", "coordinates": [-72.89773, 18.42869]}, "properties": {"nom": "Calvaire Jésus", "famille": "chretien", "religion_osm": "christian", "denomination_osm": "", "pcode_commune": "HT0122", "commune": ""}}, {"type": "Feature", "geometry": {"type": "Point", "coordinates": [-72.9003, 18.42693]}, "properties": {"nom": "Église Saint Jean Baptiste", "famille": "chretien", "religion_osm": "christian", "denomination_osm": "", "pcode_commune": "HT0122", "commune": ""}}, {"type": "Feature", "geometry": {"type": "Point", "coordinates": [-72.89773, 18.42869]}, "properties": {"nom": "Calvaire Jésus", "famille": "chretien", "religion_osm": "christian", "denomination_osm": "", "pcode_commune": "HT0122", "commune": ""}}, {"type": "Feature", "geometry": {"type": "Point", "coordinates": [-72.9003, 18.42693]}, "properties": {"nom": "Église Saint Jean Baptiste", "famille": "chretien", "religion_osm": "christian", "denomination_osm": "", "pcode_commune": "HT0122", "commune": ""}}, {"type": "Feature", "geometry": {"type": "Point", "coordinates": [-72.13941, 19.17626]}, "properties": {"nom": "Église de Dieu Philadelphie", "famille": "chretien", "religion_osm": "christian", "denomination_osm": "", "pcode_commune": "HT0612", "commune": ""}}, {"type": "Feature", "geometry": {"type": "Point", "coordinates": [-72.05775, 19.65362]}, "properties": {"nom": "oui", "famille": "chretien", "religion_osm": "christian", "denomination_osm": "", "pcode_commune": "HT0434", "commune": ""}}, {"type": "Feature", "geometry": {"type": "Point", "coordinates": [-72.27273, 19.63581]}, "properties": {"nom": "Église Évangélique", "famille": "chretien", "religion_osm": "christian", "denomination_osm": "evangelical", "pcode_commune": "HT0322", "commune": ""}}, {"type": "Feature", "geometry": {"type": "Point", "coordinates": [-72.12579, 19.34787]}, "properties": {"nom": "Église Baptiste Jérusalem de Terre Blanche", "famille": "chretien", "religion_osm": "christian", "denomination_osm": "", "pcode_commune": "HT0344", "commune": ""}}, {"type": "Feature", "geometry": {"type": "Point", "coordinates": [-72.09249, 19.30706]}, "properties": {"nom": "In his love church", "famille": "non_renseigne", "religion_osm": "", "denomination_osm": "", "pcode_commune": "HT0344", "commune": ""}}, {"type": "Feature", "geometry": {"type": "Point", "coordinates": [-72.12685, 19.3511]}, "properties": {"nom": "Église Baptiste Jérusalem de Terre Blanche", "famille": "chretien", "religion_osm": "christian", "denomination_osm": "baptist", "pcode_commune": "HT0344", "commune": ""}}, {"type": "Feature", "geometry": {"type": "Point", "coordinates": [-72.12935, 19.38639]}, "properties": {"nom": "Temple Adventiste du 7e Jour", "famille": "chretien", "religion_osm": "christian", "denomination_osm": "seventh_day_adventist", "pcode_commune": "HT0341", "commune": ""}}, {"type": "Feature", "geometry": {"type": "Point", "coordinates": [-72.05572, 19.38308]}, "properties": {"nom": "Église Baptiste Jéhovah", "famille": "chretien", "religion_osm": "christian", "denomination_osm": "baptist", "pcode_commune": "HT0343", "commune": ""}}, {"type": "Feature", "geometry": {"type": "Point", "coordinates": [-72.06568, 19.34304]}, "properties": {"nom": "Église de Dieu Porte Ouverte", "famille": "chretien", "religion_osm": "christian", "denomination_osm": "", "pcode_commune": "HT0344", "commune": ""}}, {"type": "Feature", "geometry": {"type": "Point", "coordinates": [-72.10735, 19.34182]}, "properties": {"nom": "Église Porte Ouverte de Pignon", "famille": "chretien", "religion_osm": "christian", "denomination_osm": "", "pcode_commune": "HT0344", "commune": ""}}, {"type": "Feature", "geometry": {"type": "Point", "coordinates": [-71.98669, 19.06398]}, "properties": {"nom": "Paroisse Saint Paulet Saint Pierre de Marmont", "famille": "chretien", "religion_osm": "christian", "denomination_osm": "roman_catholic", "pcode_commune": "HT0611", "commune": ""}}, {"type": "Feature", "geometry": {"type": "Point", "coordinates": [-72.02565, 19.19389]}, "properties": {"nom": "Église Baptiste Jérusalem", "famille": "chretien", "religion_osm": "christian", "denomination_osm": "baptist", "pcode_commune": "HT0611", "commune": ""}}, {"type": "Feature", "geometry": {"type": "Point", "coordinates": [-72.39134, 18.53997]}, "properties": {"nom": "Église Évangélique du Rail", "famille": "chretien", "religion_osm": "christian", "denomination_osm": "evangelical", "pcode_commune": "HT0113", "commune": ""}}, {"type": "Feature", "geometry": {"type": "Point", "coordinates": [-72.5339, 18.53663]}, "properties": {"nom": "Église Méthodiste de Gressier", "famille": "chretien", "religion_osm": "christian", "denomination_osm": "methodist", "pcode_commune": "HT0116", "commune": ""}}, {"type": "Feature", "geometry": {"type": "Point", "coordinates": [-72.29451, 18.5305]}, "properties": {"nom": "Assemblée de Dieu", "famille": "chretien", "religion_osm": "christian", "denomination_osm": "", "pcode_commune": "HT0112", "commune": ""}}, {"type": "Feature", "geometry": {"type": "Point", "coordinates": [-72.86809, 18.83864]}, "properties": {"nom": "Église Nazareen de l'Anse-à-Galets", "famille": "non_renseigne", "religion_osm": "", "denomination_osm": "", "pcode_commune": "HT0151", "commune": ""}}, {"type": "Feature", "geometry": {"type": "Point", "coordinates": [-72.16013, 18.564]}, "properties": {"nom": "Mission de Dieu", "famille": "non_renseigne", "religion_osm": "", "denomination_osm": "", "pcode_commune": "HT0131", "commune": ""}}, {"type": "Feature", "geometry": {"type": "Point", "coordinates": [-72.20759, 18.56941]}, "properties": {"nom": "Eglise du nazareen", "famille": "non_renseigne", "religion_osm": "", "denomination_osm": "", "pcode_commune": "HT0131", "commune": ""}}, {"type": "Feature", "geometry": {"type": "Point", "coordinates": [-72.05251, 18.80198]}, "properties": {"nom": "Eglise Adventiste du 7e Jour Mouvement de Réforme", "famille": "non_renseigne", "religion_osm": "", "denomination_osm": "", "pcode_commune": "HT0621", "commune": ""}}, {"type": "Feature", "geometry": {"type": "Point", "coordinates": [-72.32879, 18.55436]}, "properties": {"nom": "Eglise Adventiste du 7e Jour Mouvement de Réforme - Delmas", "famille": "non_renseigne", "religion_osm": "", "denomination_osm": "", "pcode_commune": "HT0112", "commune": ""}}, {"type": "Feature", "geometry": {"type": "Point", "coordinates": [-72.2884, 18.53166]}, "properties": {"nom": "Bellle vue Salem", "famille": "chretien", "religion_osm": "christian", "denomination_osm": "baptist", "pcode_commune": "HT0112", "commune": ""}}, {"type": "Feature", "geometry": {"type": "Point", "coordinates": [-72.97426, 18.424]}, "properties": {"nom": "Église Centre d’Amour Chrétien", "famille": "chretien", "religion_osm": "christian", "denomination_osm": "", "pcode_commune": "HT0122", "commune": ""}}, {"type": "Feature", "geometry": {"type": "Point", "coordinates": [-72.86165, 18.77932]}, "properties": {"nom": "Eglise Adventiste du 7e Jour Palma", "famille": "non_renseigne", "religion_osm": "", "denomination_osm": "", "pcode_commune": "HT0151", "commune": ""}}, {"type": "Feature", "geometry": {"type": "Point", "coordinates": [-73.28832, 18.28815]}, "properties": {"nom": "Eglise Nouvelle Jérusalem", "famille": "non_renseigne", "religion_osm": "", "denomination_osm": "", "pcode_commune": "HT0731", "commune": ""}}, {"type": "Feature", "geometry": {"type": "Point", "coordinates": [-73.28906, 18.29623]}, "properties": {"nom": "Eglise Chistianiste de Baptiste -MEC", "famille": "chretien", "religion_osm": "christian", "denomination_osm": "", "pcode_commune": "HT0731", "commune": ""}}, {"type": "Feature", "geometry": {"type": "Point", "coordinates": [-73.28903, 18.29777]}, "properties": {"nom": "Eglise Bethanie", "famille": "chretien", "religion_osm": "christian", "denomination_osm": "", "pcode_commune": "HT0731", "commune": ""}}, {"type": "Feature", "geometry": {"type": "Point", "coordinates": [-73.28867, 18.29947]}, "properties": {"nom": "Mission Evangélique de Jésus Christe", "famille": "chretien", "religion_osm": "christian", "denomination_osm": "", "pcode_commune": "HT0731", "commune": ""}}, {"type": "Feature", "geometry": {"type": "Point", "coordinates": [-73.25507, 18.35394]}, "properties": {"nom": "Eglise Christianste de Virgile - MEC", "famille": "non_renseigne", "religion_osm": "", "denomination_osm": "", "pcode_commune": "HT1013", "commune": ""}}, {"type": "Feature", "geometry": {"type": "Point", "coordinates": [-73.3414, 18.33236]}, "properties": {"nom": "Mission Evangélique du Christianisme", "famille": "chretien", "religion_osm": "christian", "denomination_osm": "", "pcode_commune": "HT0731", "commune": ""}}, {"type": "Feature", "geometry": {"type": "Point", "coordinates": [-73.34138, 18.30039]}, "properties": {"nom": "Eglise Christiniste de Vieux Bourgs - MEC", "famille": "non_renseigne", "religion_osm": "", "denomination_osm": "", "pcode_commune": "HT0731", "commune": ""}}, {"type": "Feature", "geometry": {"type": "Point", "coordinates": [-73.2769, 18.23707]}, "properties": {"nom": "Eglise Christiniste de Losandieu - MEC", "famille": "non_renseigne", "religion_osm": "", "denomination_osm": "", "pcode_commune": "HT0731", "commune": ""}}, {"type": "Feature", "geometry": {"type": "Point", "coordinates": [-73.30141, 18.31064]}, "properties": {"nom": "Eglise Christiniste de Masseillan - MEC", "famille": "non_renseigne", "religion_osm": "", "denomination_osm": "", "pcode_commune": "HT0731", "commune": ""}}, {"type": "Feature", "geometry": {"type": "Point", "coordinates": [-73.29237, 18.37409]}, "properties": {"nom": "Eglise Christiniste de Bouzi - MEC", "famille": "non_renseigne", "religion_osm": "", "denomination_osm": "", "pcode_commune": "HT1013", "commune": ""}}, {"type": "Feature", "geometry": {"type": "Point", "coordinates": [-73.34265, 18.36508]}, "properties": {"nom": "Eglise Christiniste de Bidouze - MEC", "famille": "non_renseigne", "religion_osm": "", "denomination_osm": "", "pcode_commune": "HT1023", "commune": ""}}, {"type": "Feature", "geometry": {"type": "Point", "coordinates": [-72.31768, 18.52434]}, "properties": {"nom": "Eglise Evangelique Chretienne de Canada", "famille": "non_renseigne", "religion_osm": "", "denomination_osm": "", "pcode_commune": "HT0111", "commune": ""}}, {"type": "Feature", "geometry": {"type": "Point", "coordinates": [-72.48315, 19.12516]}, "properties": {"nom": "Église St. Jerome", "famille": "non_renseigne", "religion_osm": "", "denomination_osm": "", "pcode_commune": "HT0542", "commune": ""}}, {"type": "Feature", "geometry": {"type": "Point", "coordinates": [-72.2212, 18.59241]}, "properties": {"nom": "Église Mission Pour Christ CDB", "famille": "chretien", "religion_osm": "christian", "denomination_osm": "", "pcode_commune": "HT0131", "commune": ""}}, {"type": "Feature", "geometry": {"type": "Point", "coordinates": [-73.41186, 18.38224]}, "properties": {"nom": "Eglise de dieu L'Asile", "famille": "non_renseigne", "religion_osm": "", "denomination_osm": "", "pcode_commune": "HT1023", "commune": ""}}, {"type": "Feature", "geometry": {"type": "Point", "coordinates": [-72.52527, 18.80843]}, "properties": {"nom": "Eglise Évangélique D'Haïti de HOSTIN", "famille": "non_renseigne", "religion_osm": "", "denomination_osm": "", "pcode_commune": "HT0141", "commune": ""}}, {"type": "Feature", "geometry": {"type": "Point", "coordinates": [-72.70012, 19.11678]}, "properties": {"nom": "Greater Grace Saint Marc", "famille": "non_renseigne", "religion_osm": "", "denomination_osm": "", "pcode_commune": "HT0531", "commune": ""}}, {"type": "Feature", "geometry": {"type": "Point", "coordinates": [-72.01796, 19.6933]}, "properties": {"nom": "Eglise Anglicane de cracol", "famille": "chretien", "religion_osm": "christian", "denomination_osm": "united", "pcode_commune": "HT0434", "commune": ""}}, {"type": "Feature", "geometry": {"type": "Point", "coordinates": [-72.94602, 18.85966]}, "properties": {"nom": "Eglise Mario", "famille": "chretien", "religion_osm": "christian", "denomination_osm": "", "pcode_commune": "HT0151", "commune": ""}}, {"type": "Feature", "geometry": {"type": "Point", "coordinates": [-72.65958, 19.08552]}, "properties": {"nom": "Eglise Baptiste Dieudor", "famille": "chretien", "religion_osm": "christian", "denomination_osm": "baptist", "pcode_commune": "HT0531", "commune": ""}}, {"type": "Feature", "geometry": {"type": "Point", "coordinates": [-72.65681, 19.09093]}, "properties": {"nom": "Eglise Baptiste de barbe", "famille": "chretien", "religion_osm": "christian", "denomination_osm": "baptist", "pcode_commune": "HT0531", "commune": ""}}, {"type": "Feature", "geometry": {"type": "Point", "coordinates": [-72.65682, 19.09173]}, "properties": {"nom": "Eglise Catholique de barbe", "famille": "chretien", "religion_osm": "christian", "denomination_osm": "catholic", "pcode_commune": "HT0531", "commune": ""}}, {"type": "Feature", "geometry": {"type": "Point", "coordinates": [-71.99952, 19.14107]}, "properties": {"nom": "Calendy", "famille": "non_renseigne", "religion_osm": "", "denomination_osm": "", "pcode_commune": "HT0611", "commune": ""}}, {"type": "Feature", "geometry": {"type": "Point", "coordinates": [-72.86485, 18.43162]}, "properties": {"nom": "Eglise Baptiste", "famille": "chretien", "religion_osm": "christian", "denomination_osm": "baptist", "pcode_commune": "HT0122", "commune": ""}}, {"type": "Feature", "geometry": {"type": "Point", "coordinates": [-72.05225, 19.65681]}, "properties": {"nom": "MISSION KERNEL HAITI", "famille": "chretien", "religion_osm": "christian", "denomination_osm": "baptist", "pcode_commune": "HT0434", "commune": ""}}, {"type": "Feature", "geometry": {"type": "Point", "coordinates": [-72.59882, 18.26771]}, "properties": {"nom": "Sal Wayòm Temwen Jewova La Vallée de Jacmel", "famille": "chretien", "religion_osm": "christian", "denomination_osm": "jehovahs_witness", "pcode_commune": "HT0211", "commune": ""}}, {"type": "Feature", "geometry": {"type": "Point", "coordinates": [-73.75274, 18.21226]}, "properties": {"nom": "Saint Michel", "famille": "chretien", "religion_osm": "christian", "denomination_osm": "roman_catholic", "pcode_commune": "HT0711", "commune": ""}}, {"type": "Feature", "geometry": {"type": "Point", "coordinates": [-72.33868, 18.54902]}, "properties": {"nom": "Cathédrale Notre-Dame de L'Assomption", "famille": "chretien", "religion_osm": "christian", "denomination_osm": "catholic", "pcode_commune": "HT0111", "commune": ""}}, {"type": "Feature", "geometry": {"type": "Point", "coordinates": [-72.28098, 18.56136]}, "properties": {"nom": "Eglise Sainte Claire", "famille": "chretien", "religion_osm": "christian", "denomination_osm": "", "pcode_commune": "HT0112", "commune": ""}}, {"type": "Feature", "geometry": {"type": "Point", "coordinates": [-72.33956, 18.52919]}, "properties": {"nom": "Église Saint-Gérard", "famille": "non_renseigne", "religion_osm": "", "denomination_osm": "", "pcode_commune": "HT0111", "commune": ""}}, {"type": "Feature", "geometry": {"type": "Point", "coordinates": [-72.34147, 18.54276]}, "properties": {"nom": "Première Église Baptiste de Port-au-Prince", "famille": "chretien", "religion_osm": "christian", "denomination_osm": "baptist", "pcode_commune": "HT0111", "commune": ""}}, {"type": "Feature", "geometry": {"type": "Point", "coordinates": [-72.3439, 18.54053]}, "properties": {"nom": "Église Sainte-Anne", "famille": "chretien", "religion_osm": "christian", "denomination_osm": "catholic", "pcode_commune": "HT0111", "commune": ""}}, {"type": "Feature", "geometry": {"type": "Point", "coordinates": [-72.3386, 18.54673]}, "properties": {"nom": "Cathédrale de la Sainte-Trinité", "famille": "chretien", "religion_osm": "christian", "denomination_osm": "catholic", "pcode_commune": "HT0111", "commune": ""}}, {"type": "Feature", "geometry": {"type": "Point", "coordinates": [-72.28612, 18.51072]}, "properties": {"nom": "Église Saint-Pierre", "famille": "chretien", "religion_osm": "christian", "denomination_osm": "catholic", "pcode_commune": "HT0114", "commune": ""}}, {"type": "Feature", "geometry": {"type": "Point", "coordinates": [-72.28538, 18.51614]}, "properties": {"nom": "Eglise Saint Jean Bosco", "famille": "chretien", "religion_osm": "christian", "denomination_osm": "catholic", "pcode_commune": "HT0114", "commune": ""}}, {"type": "Feature", "geometry": {"type": "Point", "coordinates": [-72.34455, 18.53744]}, "properties": {"nom": "Église de Dieu", "famille": "chretien", "religion_osm": "christian", "denomination_osm": "pentecostal", "pcode_commune": "HT0111", "commune": ""}}, {"type": "Feature", "geometry": {"type": "Point", "coordinates": [-72.34065, 18.53474]}, "properties": {"nom": "Chapelle de Saint-Alexandre", "famille": "chretien", "religion_osm": "christian", "denomination_osm": "", "pcode_commune": "HT0111", "commune": ""}}, {"type": "Feature", "geometry": {"type": "Point", "coordinates": [-72.37103, 18.53257]}, "properties": {"nom": "Église de Dieu", "famille": "chretien", "religion_osm": "christian", "denomination_osm": "", "pcode_commune": "HT0113", "commune": ""}}, {"type": "Feature", "geometry": {"type": "Point", "coordinates": [-72.69186, 19.44586]}, "properties": {"nom": "Cathédrale du Souvenir", "famille": "chretien", "religion_osm": "christian", "denomination_osm": "catholic", "pcode_commune": "HT0511", "commune": ""}}, {"type": "Feature", "geometry": {"type": "Point", "coordinates": [-72.00922, 19.14571]}, "properties": {"nom": "Cathédrale de Hinche", "famille": "chretien", "religion_osm": "christian", "denomination_osm": "catholic", "pcode_commune": "HT0611", "commune": ""}}, {"type": "Feature", "geometry": {"type": "Point", "coordinates": [-72.31999, 18.55582]}, "properties": {"nom": "Église Paroissiale de Saint-Martin", "famille": "chretien", "religion_osm": "christian", "denomination_osm": "", "pcode_commune": "HT0112", "commune": ""}}, {"type": "Feature", "geometry": {"type": "Point", "coordinates": [-72.33877, 18.60371]}, "properties": {"nom": "Eglise Baptiste Chrétienne", "famille": "chretien", "religion_osm": "christian", "denomination_osm": "protestant", "pcode_commune": "HT0117", "commune": ""}}, {"type": "Feature", "geometry": {"type": "Point", "coordinates": [-72.33815, 18.56013]}, "properties": {"nom": "Église Jean Bosco", "famille": "chretien", "religion_osm": "christian", "denomination_osm": "", "pcode_commune": "HT0111", "commune": ""}}, {"type": "Feature", "geometry": {"type": "Point", "coordinates": [-72.34311, 18.55563]}, "properties": {"nom": "Église Paroissiale Saint-Joseph", "famille": "chretien", "religion_osm": "christian", "denomination_osm": "", "pcode_commune": "HT0111", "commune": ""}}, {"type": "Feature", "geometry": {"type": "Point", "coordinates": [-74.11449, 18.64469]}, "properties": {"nom": "Cathédrale Saint-Louis-Roi-de-France", "famille": "chretien", "religion_osm": "christian", "denomination_osm": "catholic", "pcode_commune": "HT0811", "commune": ""}}, {"type": "Feature", "geometry": {"type": "Point", "coordinates": [-72.34683, 18.5496]}, "properties": {"nom": "Église de Fatima", "famille": "chretien", "religion_osm": "christian", "denomination_osm": "", "pcode_commune": "HT0111", "commune": ""}}, {"type": "Feature", "geometry": {"type": "Point", "coordinates": [-72.33732, 18.54984]}, "properties": {"nom": "Première Église de Dieu en Christ", "famille": "chretien", "religion_osm": "christian", "denomination_osm": "", "pcode_commune": "HT0111", "commune": ""}}, {"type": "Feature", "geometry": {"type": "Point", "coordinates": [-72.31838, 18.53971]}, "properties": {"nom": "Église du Christ-Roi", "famille": "chretien", "religion_osm": "christian", "denomination_osm": "catholic", "pcode_commune": "HT0111", "commune": ""}}, {"type": "Feature", "geometry": {"type": "Point", "coordinates": [-72.2009, 19.76089]}, "properties": {"nom": "Cathedrale Notre Dame", "famille": "chretien", "religion_osm": "christian", "denomination_osm": "catholic", "pcode_commune": "HT0311", "commune": ""}}, {"type": "Feature", "geometry": {"type": "Point", "coordinates": [-72.53915, 18.23597]}, "properties": {"nom": "eglise wesleyenne de jacmel", "famille": "chretien", "religion_osm": "christian", "denomination_osm": "protestant", "pcode_commune": "HT0211", "commune": ""}}, {"type": "Feature", "geometry": {"type": "Point", "coordinates": [-72.33462, 18.53255]}, "properties": {"nom": "Eglise Eben Ezer", "famille": "chretien", "religion_osm": "christian", "denomination_osm": "pentecostal", "pcode_commune": "HT0111", "commune": ""}}, {"type": "Feature", "geometry": {"type": "Point", "coordinates": [-73.3944, 18.28059]}, "properties": {"nom": "Saint Thomas", "famille": "chretien", "religion_osm": "christian", "denomination_osm": "roman_catholic", "pcode_commune": "HT0731", "commune": ""}}, {"type": "Feature", "geometry": {"type": "Point", "coordinates": [-73.74796, 18.193]}, "properties": {"nom": "Cathédrale des Cayes", "famille": "chretien", "religion_osm": "christian", "denomination_osm": "catholic", "pcode_commune": "HT0711", "commune": ""}}, {"type": "Feature", "geometry": {"type": "Point", "coordinates": [-72.00719, 19.1436]}, "properties": {"nom": "Première Église Évangélique", "famille": "chretien", "religion_osm": "christian", "denomination_osm": "evangelical", "pcode_commune": "HT0611", "commune": ""}}, {"type": "Feature", "geometry": {"type": "Point", "coordinates": [-72.00601, 19.14518]}, "properties": {"nom": "Eglise Immaculee", "famille": "chretien", "religion_osm": "christian", "denomination_osm": "catholic", "pcode_commune": "HT0611", "commune": ""}}, {"type": "Feature", "geometry": {"type": "Point", "coordinates": [-72.00676, 19.14508]}, "properties": {"nom": "Presbytère", "famille": "non_renseigne", "religion_osm": "", "denomination_osm": "", "pcode_commune": "HT0611", "commune": ""}}, {"type": "Feature", "geometry": {"type": "Point", "coordinates": [-72.65375, 18.47622]}, "properties": {"nom": "Eglise", "famille": "chretien", "religion_osm": "christian", "denomination_osm": "catholic", "pcode_commune": "HT0121", "commune": ""}}, {"type": "Feature", "geometry": {"type": "Point", "coordinates": [-74.21971, 18.30531]}, "properties": {"nom": "Salle paroissiale", "famille": "chretien", "religion_osm": "christian", "denomination_osm": "", "pcode_commune": "HT0752", "commune": ""}}, {"type": "Feature", "geometry": {"type": "Point", "coordinates": [-72.69912, 19.10913]}, "properties": {"nom": "Eglise Catholique de Saint-Marc", "famille": "chretien", "religion_osm": "christian", "denomination_osm": "catholic", "pcode_commune": "HT0531", "commune": ""}}, {"type": "Feature", "geometry": {"type": "Point", "coordinates": [-72.35576, 18.71378]}, "properties": {"nom": "Church of Hope", "famille": "chretien", "religion_osm": "christian", "denomination_osm": "", "pcode_commune": "HT0142", "commune": ""}}, {"type": "Feature", "geometry": {"type": "Point", "coordinates": [-72.33182, 18.54059]}, "properties": {"nom": "Église de Jésus-Christ des saints des derniers jours", "famille": "chretien", "religion_osm": "christian", "denomination_osm": "mormon", "pcode_commune": "HT0111", "commune": ""}}, {"type": "Feature", "geometry": {"type": "Point", "coordinates": [-72.86718, 18.43265]}, "properties": {"nom": "Eglise Methodiste", "famille": "chretien", "religion_osm": "christian", "denomination_osm": "methodist", "pcode_commune": "HT0122", "commune": ""}}, {"type": "Feature", "geometry": {"type": "Point", "coordinates": [-72.28563, 18.50963]}, "properties": {"nom": "Église de Jésus-Christ des saints des derniers jours", "famille": "chretien", "religion_osm": "christian", "denomination_osm": "mormon", "pcode_commune": "HT0114", "commune": ""}}, {"type": "Feature", "geometry": {"type": "Point", "coordinates": [-72.29654, 18.51936]}, "properties": {"nom": "Chapelle de Juvenat", "famille": "chretien", "religion_osm": "christian", "denomination_osm": "roman_catholic", "pcode_commune": "HT0114", "commune": ""}}, {"type": "Feature", "geometry": {"type": "Point", "coordinates": [-73.08931, 18.44522]}, "properties": {"nom": "Co Cathédrale de Saint Jean-Baptiste", "famille": "chretien", "religion_osm": "christian", "denomination_osm": "catholic", "pcode_commune": "HT1011", "commune": ""}}, {"type": "Feature", "geometry": {"type": "Point", "coordinates": [-72.19934, 19.43909]}, "properties": {"nom": "Paroisse de Saint-Raphaël", "famille": "chretien", "religion_osm": "christian", "denomination_osm": "", "pcode_commune": "HT0341", "commune": ""}}, {"type": "Feature", "geometry": {"type": "Point", "coordinates": [-72.25303, 18.57026]}, "properties": {"nom": "Chapelle Sainte-Philomène", "famille": "chretien", "religion_osm": "christian", "denomination_osm": "", "pcode_commune": "HT0118", "commune": ""}}, {"type": "Feature", "geometry": {"type": "Point", "coordinates": [-72.28549, 18.59544]}, "properties": {"nom": "Église de l'Exaltation de la Saint Croix", "famille": "chretien", "religion_osm": "christian", "denomination_osm": "", "pcode_commune": "HT0118", "commune": ""}}, {"type": "Feature", "geometry": {"type": "Point", "coordinates": [-72.11454, 19.33674]}, "properties": {"nom": "Eglise Saint Joseph de Pignon", "famille": "chretien", "religion_osm": "christian", "denomination_osm": "", "pcode_commune": "HT0344", "commune": ""}}, {"type": "Feature", "geometry": {"type": "Point", "coordinates": [-72.25395, 18.59211]}, "properties": {"nom": "Jehovah's Witnesses Branch Office", "famille": "chretien", "religion_osm": "christian", "denomination_osm": "jehovahs_witness", "pcode_commune": "HT0131", "commune": ""}}, {"type": "Feature", "geometry": {"type": "Point", "coordinates": [-72.52288, 19.84669]}, "properties": {"nom": "Paroisse Saint-Charles", "famille": "chretien", "religion_osm": "christian", "denomination_osm": "catholic", "pcode_commune": "HT0351", "commune": ""}}, {"type": "Feature", "geometry": {"type": "Point", "coordinates": [-72.2689, 18.5401]}, "properties": {"nom": "Église Notre-Dame du Rosaires", "famille": "chretien", "religion_osm": "christian", "denomination_osm": "", "pcode_commune": "HT0114", "commune": ""}}, {"type": "Feature", "geometry": {"type": "Point", "coordinates": [-72.22649, 18.57894]}, "properties": {"nom": "centre paroissiale Adventeniat", "famille": "chretien", "religion_osm": "christian", "denomination_osm": "presbyterian", "pcode_commune": "HT0131", "commune": ""}}, {"type": "Feature", "geometry": {"type": "Point", "coordinates": [-72.34793, 18.52679]}, "properties": {"nom": "Croix de Deprez", "famille": "chretien", "religion_osm": "christian", "denomination_osm": "catholic", "pcode_commune": "HT0111", "commune": ""}}, {"type": "Feature", "geometry": {"type": "Point", "coordinates": [-72.282, 18.59464]}, "properties": {"nom": "Eglise de Jesus Christ des Saints des derniers jours", "famille": "chretien", "religion_osm": "christian", "denomination_osm": "", "pcode_commune": "HT0118", "commune": ""}}, {"type": "Feature", "geometry": {"type": "Point", "coordinates": [-73.91732, 18.07789]}, "properties": {"nom": "Eglise St Dominique", "famille": "chretien", "religion_osm": "christian", "denomination_osm": "", "pcode_commune": "HT0721", "commune": ""}}, {"type": "Feature", "geometry": {"type": "Point", "coordinates": [-72.35203, 18.52728]}, "properties": {"nom": "Eglise Baptiste de Bolosse", "famille": "chretien", "religion_osm": "christian", "denomination_osm": "", "pcode_commune": "HT0111", "commune": ""}}, {"type": "Feature", "geometry": {"type": "Point", "coordinates": [-72.33851, 18.57651]}, "properties": {"nom": "Eglise spirituelle pour le developpement", "famille": "chretien", "religion_osm": "christian", "denomination_osm": "evangelical", "pcode_commune": "HT0117", "commune": ""}}, {"type": "Feature", "geometry": {"type": "Point", "coordinates": [-72.33453, 18.5961]}, "properties": {"nom": "Eglise Armée celeste", "famille": "chretien", "religion_osm": "christian", "denomination_osm": "", "pcode_commune": "HT0117", "commune": ""}}, {"type": "Feature", "geometry": {"type": "Point", "coordinates": [-72.31337, 18.55025]}, "properties": {"nom": "Église de Jésus-Christ des saints des derniers jours", "famille": "chretien", "religion_osm": "christian", "denomination_osm": "mormon", "pcode_commune": "HT0112", "commune": ""}}, {"type": "Feature", "geometry": {"type": "Point", "coordinates": [-72.19817, 19.76531]}, "properties": {"nom": "Seminaire", "famille": "chretien", "religion_osm": "christian", "denomination_osm": "catholic", "pcode_commune": "HT0311", "commune": ""}}, {"type": "Feature", "geometry": {"type": "Point", "coordinates": [-72.86337, 18.43329]}, "properties": {"nom": "Wesleyen de Eglise", "famille": "chretien", "religion_osm": "christian", "denomination_osm": "methodist", "pcode_commune": "HT0122", "commune": ""}}, {"type": "Feature", "geometry": {"type": "Point", "coordinates": [-73.64297, 18.07384]}, "properties": {"nom": "Eglise De Dieu", "famille": "chretien", "religion_osm": "christian", "denomination_osm": "catholic", "pcode_commune": "HT0716", "commune": ""}}, {"type": "Feature", "geometry": {"type": "Point", "coordinates": [-73.95692, 18.47728]}, "properties": {"nom": "Eglise Catholique Sainte Agnès", "famille": "chretien", "religion_osm": "christian", "denomination_osm": "catholic", "pcode_commune": "HT0833", "commune": ""}}, {"type": "Feature", "geometry": {"type": "Point", "coordinates": [-73.13748, 18.46519]}, "properties": {"nom": "St. Marie Madeine's Guest House", "famille": "non_renseigne", "religion_osm": "", "denomination_osm": "", "pcode_commune": "HT1012", "commune": ""}}, {"type": "Feature", "geometry": {"type": "Point", "coordinates": [-73.63903, 18.48274]}, "properties": {"nom": "Église Saint Pierre des Baradères", "famille": "chretien", "religion_osm": "christian", "denomination_osm": "", "pcode_commune": "HT1031", "commune": ""}}, {"type": "Feature", "geometry": {"type": "Point", "coordinates": [-73.34506, 18.50252]}, "properties": {"nom": "Cathédrale Sainte-Anne", "famille": "chretien", "religion_osm": "christian", "denomination_osm": "", "pcode_commune": "HT1021", "commune": ""}}, {"type": "Feature", "geometry": {"type": "Point", "coordinates": [-72.82635, 18.37985]}, "properties": {"nom": "Church", "famille": "non_renseigne", "religion_osm": "", "denomination_osm": "", "pcode_commune": "HT0122", "commune": ""}}, {"type": "Feature", "geometry": {"type": "Point", "coordinates": [-73.76113, 18.22919]}, "properties": {"nom": "Eglise Baptiste De Simon", "famille": "chretien", "religion_osm": "christian", "denomination_osm": "", "pcode_commune": "HT0711", "commune": ""}}, {"type": "Feature", "geometry": {"type": "Point", "coordinates": [-72.70163, 19.47265]}, "properties": {"nom": "Église Tabernacle Ephrata", "famille": "chretien", "religion_osm": "christian", "denomination_osm": "evangelical", "pcode_commune": "HT0511", "commune": ""}}, {"type": "Feature", "geometry": {"type": "Point", "coordinates": [-72.463, 18.32727]}, "properties": {"nom": "Sainte Thérèse de Marbial", "famille": "chretien", "religion_osm": "christian", "denomination_osm": "", "pcode_commune": "HT0211", "commune": ""}}, {"type": "Feature", "geometry": {"type": "Point", "coordinates": [-72.64798, 19.58507]}, "properties": {"nom": "Eglise Adventiste", "famille": "chretien", "religion_osm": "christian", "denomination_osm": "", "pcode_commune": "HT0511", "commune": ""}}, {"type": "Feature", "geometry": {"type": "Point", "coordinates": [-72.47247, 18.22885]}, "properties": {"nom": "eglise st therese de cyvadier", "famille": "chretien", "religion_osm": "christian", "denomination_osm": "protestant", "pcode_commune": "HT0211", "commune": ""}}, {"type": "Feature", "geometry": {"type": "Point", "coordinates": [-72.68528, 19.43795]}, "properties": {"nom": "eglise el shadai", "famille": "chretien", "religion_osm": "christian", "denomination_osm": "protestant", "pcode_commune": "HT0511", "commune": ""}}, {"type": "Feature", "geometry": {"type": "Point", "coordinates": [-72.41347, 18.23614]}, "properties": {"nom": "st yves", "famille": "chretien", "religion_osm": "christian", "denomination_osm": "catholic", "pcode_commune": "HT0213", "commune": ""}}, {"type": "Feature", "geometry": {"type": "Point", "coordinates": [-72.39518, 18.23111]}, "properties": {"nom": "eglise vierge miracle des cayes jacmel", "famille": "chretien", "religion_osm": "christian", "denomination_osm": "catholic", "pcode_commune": "HT0213", "commune": ""}}, {"type": "Feature", "geometry": {"type": "Point", "coordinates": [-72.68285, 19.44184]}, "properties": {"nom": "eglise amour e dieu", "famille": "chretien", "religion_osm": "christian", "denomination_osm": "protestant", "pcode_commune": "HT0511", "commune": ""}}, {"type": "Feature", "geometry": {"type": "Point", "coordinates": [-72.70402, 19.46424]}, "properties": {"nom": "eglise du christ", "famille": "chretien", "religion_osm": "christian", "denomination_osm": "protestant", "pcode_commune": "HT0511", "commune": ""}}, {"type": "Feature", "geometry": {"type": "Point", "coordinates": [-72.51991, 19.37295]}, "properties": {"nom": "Eglise de Dieu", "famille": "chretien", "religion_osm": "christian", "denomination_osm": "protestant", "pcode_commune": "HT0511", "commune": ""}}, {"type": "Feature", "geometry": {"type": "Point", "coordinates": [-72.52536, 19.44883]}, "properties": {"nom": "eglise emais de la hatte", "famille": "chretien", "religion_osm": "christian", "denomination_osm": "protestant", "pcode_commune": "HT0511", "commune": ""}}, {"type": "Feature", "geometry": {"type": "Point", "coordinates": [-72.51799, 19.37066]}, "properties": {"nom": "Eglise de Dieu de la Delivrance", "famille": "chretien", "religion_osm": "christian", "denomination_osm": "protestant", "pcode_commune": "HT0511", "commune": ""}}, {"type": "Feature", "geometry": {"type": "Point", "coordinates": [-72.51938, 19.37165]}, "properties": {"nom": "eglise la parole de capiti", "famille": "chretien", "religion_osm": "christian", "denomination_osm": "evangelical", "pcode_commune": "HT0511", "commune": ""}}, {"type": "Feature", "geometry": {"type": "Point", "coordinates": [-72.51823, 19.37078]}, "properties": {"nom": "eglise catholique saint Jean Baptiste", "famille": "chretien", "religion_osm": "christian", "denomination_osm": "catholic", "pcode_commune": "HT0511", "commune": ""}}, {"type": "Feature", "geometry": {"type": "Point", "coordinates": [-72.30496, 18.2479]}, "properties": {"nom": "marie madeleine", "famille": "non_renseigne", "religion_osm": "", "denomination_osm": "", "pcode_commune": "HT0212", "commune": ""}}, {"type": "Feature", "geometry": {"type": "Point", "coordinates": [-72.30606, 18.25419]}, "properties": {"nom": "eglise de dieu", "famille": "chretien", "religion_osm": "christian", "denomination_osm": "protestant", "pcode_commune": "HT0212", "commune": ""}}, {"type": "Feature", "geometry": {"type": "Point", "coordinates": [-72.67529, 19.45873]}, "properties": {"nom": "Mission adventiste du 7eme jour", "famille": "chretien", "religion_osm": "christian", "denomination_osm": "evangelical", "pcode_commune": "HT0511", "commune": ""}}, {"type": "Feature", "geometry": {"type": "Point", "coordinates": [-72.66076, 19.43982]}, "properties": {"nom": "Eglise de Dieu pentecostale", "famille": "chretien", "religion_osm": "christian", "denomination_osm": "evangelical", "pcode_commune": "HT0511", "commune": ""}}, {"type": "Feature", "geometry": {"type": "Point", "coordinates": [-72.51142, 18.32892]}, "properties": {"nom": "Église Notre Dame de Lourdes", "famille": "chretien", "religion_osm": "christian", "denomination_osm": "catholic", "pcode_commune": "HT0211", "commune": ""}}, {"type": "Feature", "geometry": {"type": "Point", "coordinates": [-72.51938, 18.32514]}, "properties": {"nom": "eglise dieu est amour", "famille": "chretien", "religion_osm": "christian", "denomination_osm": "pentecostal", "pcode_commune": "HT0211", "commune": ""}}, {"type": "Feature", "geometry": {"type": "Point", "coordinates": [-72.57415, 18.26412]}, "properties": {"nom": "eglise saintete de la vanneau", "famille": "chretien", "religion_osm": "christian", "denomination_osm": "protestant", "pcode_commune": "HT0211", "commune": ""}}, {"type": "Feature", "geometry": {"type": "Point", "coordinates": [-72.68841, 19.43946]}, "properties": {"nom": "eglise el shaddai", "famille": "chretien", "religion_osm": "christian", "denomination_osm": "", "pcode_commune": "HT0511", "commune": ""}}, {"type": "Feature", "geometry": {"type": "Point", "coordinates": [-72.68656, 19.43986]}, "properties": {"nom": "Eglise bethel", "famille": "chretien", "religion_osm": "christian", "denomination_osm": "protestant", "pcode_commune": "HT0511", "commune": ""}}, {"type": "Feature", "geometry": {"type": "Point", "coordinates": [-72.68897, 19.44029]}, "properties": {"nom": "eglise du christ", "famille": "chretien", "religion_osm": "christian", "denomination_osm": "protestant", "pcode_commune": "HT0511", "commune": ""}}, {"type": "Feature", "geometry": {"type": "Point", "coordinates": [-72.6863, 19.43703]}, "properties": {"nom": "eglise devouee pour christ", "famille": "chretien", "religion_osm": "christian", "denomination_osm": "protestant", "pcode_commune": "HT0511", "commune": ""}}, {"type": "Feature", "geometry": {"type": "Point", "coordinates": [-72.6852, 19.43854]}, "properties": {"nom": "first free will baptist chuch", "famille": "chretien", "religion_osm": "christian", "denomination_osm": "protestant", "pcode_commune": "HT0511", "commune": ""}}, {"type": "Feature", "geometry": {"type": "Point", "coordinates": [-72.67335, 19.44693]}, "properties": {"nom": "eglise de dieu maison de refuge", "famille": "chretien", "religion_osm": "christian", "denomination_osm": "protestant", "pcode_commune": "HT0511", "commune": ""}}, {"type": "Feature", "geometry": {"type": "Point", "coordinates": [-73.05534, 19.6385]}, "properties": {"nom": "eglise methodiste libre d'anse rouuge", "famille": "chretien", "religion_osm": "christian", "denomination_osm": "methodist", "pcode_commune": "HT0523", "commune": ""}}, {"type": "Feature", "geometry": {"type": "Point", "coordinates": [-73.05458, 19.63298]}, "properties": {"nom": "Eglise Adventiste du 7eme Jour d'Anse-Rouge", "famille": "chretien", "religion_osm": "christian", "denomination_osm": "protestant", "pcode_commune": "HT0523", "commune": ""}}, {"type": "Feature", "geometry": {"type": "Point", "coordinates": [-73.05315, 19.63588]}, "properties": {"nom": "eglise alliance chretienne d'anse-rouge", "famille": "chretien", "religion_osm": "christian", "denomination_osm": "protestant", "pcode_commune": "HT0523", "commune": ""}}, {"type": "Feature", "geometry": {"type": "Point", "coordinates": [-73.05478, 19.63354]}, "properties": {"nom": "premiere eglise baptiste evangelique d'anse-rouge", "famille": "chretien", "religion_osm": "christian", "denomination_osm": "protestant", "pcode_commune": "HT0523", "commune": ""}}, {"type": "Feature", "geometry": {"type": "Point", "coordinates": [-72.93718, 19.72234]}, "properties": {"nom": "eglise baptiste conservatrice de tenter", "famille": "non_renseigne", "religion_osm": "", "denomination_osm": "baptist", "pcode_commune": "HT0523", "commune": ""}}, {"type": "Feature", "geometry": {"type": "Point", "coordinates": [-72.62052, 19.49861]}, "properties": {"nom": "Kay Met", "famille": "spiritualiste", "religion_osm": "spiritualist", "denomination_osm": "voodoo", "pcode_commune": "HT0511", "commune": ""}}, {"type": "Feature", "geometry": {"type": "Point", "coordinates": [-72.62052, 19.49842]}, "properties": {"nom": "kay nok", "famille": "spiritualiste", "religion_osm": "spiritualist", "denomination_osm": "voodoo", "pcode_commune": "HT0511", "commune": ""}}, {"type": "Feature", "geometry": {"type": "Point", "coordinates": [-72.6253, 19.50198]}, "properties": {"nom": "Église Baptiste Conseervatrice de Chanflo_route soukri", "famille": "chretien", "religion_osm": "christian", "denomination_osm": "protestant", "pcode_commune": "HT0511", "commune": ""}}, {"type": "Feature", "geometry": {"type": "Point", "coordinates": [-72.6206, 19.49867]}, "properties": {"nom": "kay jatibwa", "famille": "spiritualiste", "religion_osm": "spiritualist", "denomination_osm": "voodoo", "pcode_commune": "HT0511", "commune": ""}}, {"type": "Feature", "geometry": {"type": "Point", "coordinates": [-72.62041, 19.49881]}, "properties": {"nom": "kay gangabila", "famille": "spiritualiste", "religion_osm": "spiritualist", "denomination_osm": "voodoo", "pcode_commune": "HT0511", "commune": ""}}, {"type": "Feature", "geometry": {"type": "Point", "coordinates": [-72.62071, 19.49848]}, "properties": {"nom": "kay grann", "famille": "spiritualiste", "religion_osm": "spiritualist", "denomination_osm": "voodoo", "pcode_commune": "HT0511", "commune": ""}}, {"type": "Feature", "geometry": {"type": "Point", "coordinates": [-72.62066, 19.49872]}, "properties": {"nom": "kay dans", "famille": "spiritualiste", "religion_osm": "spiritualist", "denomination_osm": "voodoo", "pcode_commune": "HT0511", "commune": ""}}, {"type": "Feature", "geometry": {"type": "Point", "coordinates": [-72.62073, 19.49864]}, "properties": {"nom": "kay lawoka", "famille": "spiritualiste", "religion_osm": "spiritualist", "denomination_osm": "voodoo", "pcode_commune": "HT0511", "commune": ""}}, {"type": "Feature", "geometry": {"type": "Point", "coordinates": [-72.62528, 19.50215]}, "properties": {"nom": "campus de l'eglise baptiste conservatrice de chanflo", "famille": "non_renseigne", "religion_osm": "", "denomination_osm": "", "pcode_commune": "HT0511", "commune": ""}}, {"type": "Feature", "geometry": {"type": "Point", "coordinates": [-72.62021, 19.49816]}, "properties": {"nom": "kay bazou", "famille": "spiritualiste", "religion_osm": "spiritualist", "denomination_osm": "voodoo", "pcode_commune": "HT0511", "commune": ""}}, {"type": "Feature", "geometry": {"type": "Point", "coordinates": [-72.62075, 19.49867]}, "properties": {"nom": "kay zinga", "famille": "spiritualiste", "religion_osm": "spiritualist", "denomination_osm": "voodoo", "pcode_commune": "HT0511", "commune": ""}}, {"type": "Feature", "geometry": {"type": "Point", "coordinates": [-72.62058, 19.49851]}, "properties": {"nom": "kay madan lawe", "famille": "spiritualiste", "religion_osm": "spiritualist", "denomination_osm": "voodoo", "pcode_commune": "HT0511", "commune": ""}}, {"type": "Feature", "geometry": {"type": "Point", "coordinates": [-72.69744, 18.32219]}, "properties": {"nom": "eglise et ecole methodiste de bellevue", "famille": "chretien", "religion_osm": "christian", "denomination_osm": "", "pcode_commune": "HT0123", "commune": ""}}, {"type": "Feature", "geometry": {"type": "Point", "coordinates": [-72.58597, 19.53482]}, "properties": {"nom": "Eglise Reformee de piket", "famille": "chretien", "religion_osm": "christian", "denomination_osm": "baptist", "pcode_commune": "HT0511", "commune": ""}}, {"type": "Feature", "geometry": {"type": "Point", "coordinates": [-72.60609, 19.30838]}, "properties": {"nom": "salle du royaume des temoins de Jehovah", "famille": "chretien", "religion_osm": "christian", "denomination_osm": "jehovahs_witness", "pcode_commune": "HT0513", "commune": ""}}, {"type": "Feature", "geometry": {"type": "Point", "coordinates": [-72.60891, 19.30393]}, "properties": {"nom": "eglise evangelique chretienne de l'estere", "famille": "chretien", "religion_osm": "christian", "denomination_osm": "protestant", "pcode_commune": "HT0513", "commune": ""}}, {"type": "Feature", "geometry": {"type": "Point", "coordinates": [-72.01543, 19.13632]}, "properties": {"nom": "Eveché de Hinche", "famille": "chretien", "religion_osm": "christian", "denomination_osm": "catholic", "pcode_commune": "HT0611", "commune": ""}}, {"type": "Feature", "geometry": {"type": "Point", "coordinates": [-72.63932, 19.20796]}, "properties": {"nom": "Eglise catholique de bocozelle", "famille": "chretien", "religion_osm": "christian", "denomination_osm": "", "pcode_commune": "HT0531", "commune": ""}}, {"type": "Feature", "geometry": {"type": "Point", "coordinates": [-73.80558, 18.15953]}, "properties": {"nom": "Eglise catholique St Joseph de Torbeck", "famille": "chretien", "religion_osm": "christian", "denomination_osm": "catholic", "pcode_commune": "HT0712", "commune": ""}}, {"type": "Feature", "geometry": {"type": "Point", "coordinates": [-72.8686, 18.83495]}, "properties": {"nom": "Eglise de Dieu", "famille": "chretien", "religion_osm": "christian", "denomination_osm": "", "pcode_commune": "HT0151", "commune": ""}}, {"type": "Feature", "geometry": {"type": "Point", "coordinates": [-74.39587, 18.32722]}, "properties": {"nom": "Église Baptiste de Tiburon MEBLH", "famille": "chretien", "religion_osm": "christian", "denomination_osm": "", "pcode_commune": "HT0753", "commune": ""}}, {"type": "Feature", "geometry": {"type": "Point", "coordinates": [-72.28464, 18.5923]}, "properties": {"nom": "Perystil Jeannette Celamy", "famille": "non_renseigne", "religion_osm": "", "denomination_osm": "", "pcode_commune": "HT0118", "commune": ""}}, {"type": "Feature", "geometry": {"type": "Point", "coordinates": [-72.28424, 18.59215]}, "properties": {"nom": "NON Denominationelle", "famille": "non_renseigne", "religion_osm": "", "denomination_osm": "", "pcode_commune": "HT0118", "commune": ""}}, {"type": "Feature", "geometry": {"type": "Point", "coordinates": [-72.27465, 18.57648]}, "properties": {"nom": "Eglise Chretienne Philadelphie", "famille": "chretien", "religion_osm": "christian", "denomination_osm": "", "pcode_commune": "HT0118", "commune": ""}}, {"type": "Feature", "geometry": {"type": "Point", "coordinates": [-72.28475, 18.59647]}, "properties": {"nom": "Eglise Chretienne de Bethanie", "famille": "chretien", "religion_osm": "christian", "denomination_osm": "", "pcode_commune": "HT0118", "commune": ""}}, {"type": "Feature", "geometry": {"type": "Point", "coordinates": [-72.27286, 18.58747]}, "properties": {"nom": "Eben-Ezer", "famille": "non_renseigne", "religion_osm": "", "denomination_osm": "", "pcode_commune": "HT0118", "commune": ""}}, {"type": "Feature", "geometry": {"type": "Point", "coordinates": [-72.28275, 18.5957]}, "properties": {"nom": "Eglise Baptiste Bethanie", "famille": "chretien", "religion_osm": "christian", "denomination_osm": "", "pcode_commune": "HT0118", "commune": ""}}, {"type": "Feature", "geometry": {"type": "Point", "coordinates": [-72.28149, 18.59801]}, "properties": {"nom": "Jean Danto", "famille": "non_renseigne", "religion_osm": "", "denomination_osm": "", "pcode_commune": "HT0118", "commune": ""}}, {"type": "Feature", "geometry": {"type": "Point", "coordinates": [-72.28617, 18.59368]}, "properties": {"nom": "Perystil Lakou Kokoye", "famille": "vodou", "religion_osm": "voodoo", "denomination_osm": "", "pcode_commune": "HT0118", "commune": ""}}, {"type": "Feature", "geometry": {"type": "Point", "coordinates": [-72.28234, 18.59579]}, "properties": {"nom": "Perystil Saint Pierre Agarou", "famille": "vodou", "religion_osm": "voodoo", "denomination_osm": "", "pcode_commune": "HT0118", "commune": ""}}, {"type": "Feature", "geometry": {"type": "Point", "coordinates": [-72.27325, 18.58747]}, "properties": {"nom": "Eglise Baptiste de clercine", "famille": "chretien", "religion_osm": "christian", "denomination_osm": "", "pcode_commune": "HT0118", "commune": ""}}, {"type": "Feature", "geometry": {"type": "Point", "coordinates": [-72.28028, 18.59626]}, "properties": {"nom": "Eglise de Dieu de la pentecote;Eglise de Dieu de la Pentecote", "famille": "chretien", "religion_osm": "christian", "denomination_osm": "", "pcode_commune": "HT0118", "commune": ""}}, {"type": "Feature", "geometry": {"type": "Point", "coordinates": [-72.27645, 18.59679]}, "properties": {"nom": "Eglise de Dieu de la Nouvelle Jerusalem/Mettelus Ismond", "famille": "chretien", "religion_osm": "christian", "denomination_osm": "", "pcode_commune": "HT0118", "commune": ""}}, {"type": "Feature", "geometry": {"type": "Point", "coordinates": [-72.27594, 18.59615]}, "properties": {"nom": "Met Kafou", "famille": "non_renseigne", "religion_osm": "", "denomination_osm": "", "pcode_commune": "HT0118", "commune": ""}}, {"type": "Feature", "geometry": {"type": "Point", "coordinates": [-72.27305, 18.59519]}, "properties": {"nom": "Zenglen boutey Neg lage anpil", "famille": "non_renseigne", "religion_osm": "", "denomination_osm": "", "pcode_commune": "HT0118", "commune": ""}}, {"type": "Feature", "geometry": {"type": "Point", "coordinates": [-72.28027, 18.59731]}, "properties": {"nom": "Eglise de Dieu des 12 Disciples", "famille": "chretien", "religion_osm": "christian", "denomination_osm": "", "pcode_commune": "HT0118", "commune": ""}}, {"type": "Feature", "geometry": {"type": "Point", "coordinates": [-72.27269, 18.59867]}, "properties": {"nom": "Eglise Baptiste Bon Berger", "famille": "chretien", "religion_osm": "christian", "denomination_osm": "", "pcode_commune": "HT0118", "commune": ""}}, {"type": "Feature", "geometry": {"type": "Point", "coordinates": [-72.26464, 18.58417]}, "properties": {"nom": "Kapten", "famille": "non_renseigne", "religion_osm": "", "denomination_osm": "", "pcode_commune": "HT0118", "commune": ""}}, {"type": "Feature", "geometry": {"type": "Point", "coordinates": [-72.28476, 18.59055]}, "properties": {"nom": "Eglise de jesus-christ de cazeau", "famille": "chretien", "religion_osm": "christian", "denomination_osm": "", "pcode_commune": "HT0118", "commune": ""}}, {"type": "Feature", "geometry": {"type": "Point", "coordinates": [-72.26985, 18.59384]}, "properties": {"nom": "Mission Eglise Evangelique des Pelerins", "famille": "chretien", "religion_osm": "christian", "denomination_osm": "", "pcode_commune": "HT0118", "commune": ""}}, {"type": "Feature", "geometry": {"type": "Point", "coordinates": [-72.27051, 18.59413]}, "properties": {"nom": "Eglise Baptiste du pelerin", "famille": "chretien", "religion_osm": "christian", "denomination_osm": "", "pcode_commune": "HT0118", "commune": ""}}, {"type": "Feature", "geometry": {"type": "Point", "coordinates": [-72.26857, 18.59536]}, "properties": {"nom": "Eglise Fontaine du Salut Missionnaire", "famille": "chretien", "religion_osm": "christian", "denomination_osm": "", "pcode_commune": "HT0118", "commune": ""}}, {"type": "Feature", "geometry": {"type": "Point", "coordinates": [-72.26744, 18.59491]}, "properties": {"nom": "Eglise Baptiste Sanctifier", "famille": "chretien", "religion_osm": "christian", "denomination_osm": "", "pcode_commune": "HT0118", "commune": ""}}, {"type": "Feature", "geometry": {"type": "Point", "coordinates": [-72.27002, 18.59179]}, "properties": {"nom": "Eglise de Dieu Eben-Ezer", "famille": "chretien", "religion_osm": "christian", "denomination_osm": "", "pcode_commune": "HT0118", "commune": ""}}, {"type": "Feature", "geometry": {"type": "Point", "coordinates": [-72.25719, 18.59067]}, "properties": {"nom": "Eglise de Dieu Maison de Refuge", "famille": "chretien", "religion_osm": "christian", "denomination_osm": "", "pcode_commune": "HT0118", "commune": ""}}, {"type": "Feature", "geometry": {"type": "Point", "coordinates": [-72.25628, 18.5892]}, "properties": {"nom": "Eglise de Dieu de Tabarre", "famille": "chretien", "religion_osm": "christian", "denomination_osm": "", "pcode_commune": "HT0118", "commune": ""}}, {"type": "Feature", "geometry": {"type": "Point", "coordinates": [-72.25947, 18.58972]}, "properties": {"nom": "Perystil", "famille": "non_renseigne", "religion_osm": "", "denomination_osm": "", "pcode_commune": "HT0118", "commune": ""}}, {"type": "Feature", "geometry": {"type": "Point", "coordinates": [-72.26106, 18.59395]}, "properties": {"nom": "Eglise Jerusalem", "famille": "chretien", "religion_osm": "christian", "denomination_osm": "", "pcode_commune": "HT0118", "commune": ""}}, {"type": "Feature", "geometry": {"type": "Point", "coordinates": [-72.25503, 18.58858]}, "properties": {"nom": "Kwe nan li", "famille": "non_renseigne", "religion_osm": "", "denomination_osm": "", "pcode_commune": "HT0118", "commune": ""}}, {"type": "Feature", "geometry": {"type": "Point", "coordinates": [-72.28848, 18.59005]}, "properties": {"nom": "Eglise Méthodiste d'Haiti de la Croix des Missions", "famille": "chretien", "religion_osm": "christian", "denomination_osm": "methodist", "pcode_commune": "HT0118", "commune": ""}}, {"type": "Feature", "geometry": {"type": "Point", "coordinates": [-72.28051, 18.59338]}, "properties": {"nom": "Eglise Nouvelle Vie d'Haiti", "famille": "chretien", "religion_osm": "christian", "denomination_osm": "", "pcode_commune": "HT0118", "commune": ""}}, {"type": "Feature", "geometry": {"type": "Point", "coordinates": [-72.28134, 18.5947]}, "properties": {"nom": "Co-Heritier de Jesus Christ", "famille": "non_renseigne", "religion_osm": "", "denomination_osm": "", "pcode_commune": "HT0118", "commune": ""}}, {"type": "Feature", "geometry": {"type": "Point", "coordinates": [-72.28043, 18.59177]}, "properties": {"nom": "City of Delivrance", "famille": "non_renseigne", "religion_osm": "", "denomination_osm": "", "pcode_commune": "HT0118", "commune": ""}}, {"type": "Feature", "geometry": {"type": "Point", "coordinates": [-72.28415, 18.59469]}, "properties": {"nom": "Eglise Tabernacle de l'adoration", "famille": "chretien", "religion_osm": "christian", "denomination_osm": "", "pcode_commune": "HT0118", "commune": ""}}, {"type": "Feature", "geometry": {"type": "Point", "coordinates": [-72.27974, 18.59502]}, "properties": {"nom": "Mission Orthodoxe d`Haiti", "famille": "non_renseigne", "religion_osm": "", "denomination_osm": "", "pcode_commune": "HT0118", "commune": ""}}, {"type": "Feature", "geometry": {"type": "Point", "coordinates": [-72.32677, 18.57601]}, "properties": {"nom": "Église Chrétienne de Guigal", "famille": "chretien", "religion_osm": "christian", "denomination_osm": "evangelical", "pcode_commune": "HT0117", "commune": ""}}, {"type": "Feature", "geometry": {"type": "Point", "coordinates": [-72.14424, 18.92168]}, "properties": {"nom": "Eglise Adventiste", "famille": "chretien", "religion_osm": "christian", "denomination_osm": "evangelical", "pcode_commune": "HT0623", "commune": ""}}, {"type": "Feature", "geometry": {"type": "Point", "coordinates": [-72.30211, 18.54897]}, "properties": {"nom": "Ministères du Bon Pasteur", "famille": "chretien", "religion_osm": "christian", "denomination_osm": "", "pcode_commune": "HT0112", "commune": ""}}, {"type": "Feature", "geometry": {"type": "Point", "coordinates": [-72.34049, 18.60572]}, "properties": {"nom": "Eglise Baptiste Santifier par la foi", "famille": "chretien", "religion_osm": "christian", "denomination_osm": "protestant", "pcode_commune": "HT0117", "commune": ""}}, {"type": "Feature", "geometry": {"type": "Point", "coordinates": [-72.1477, 18.92493]}, "properties": {"nom": "Eglise St Michel De Boucan Carré", "famille": "chretien", "religion_osm": "christian", "denomination_osm": "catholic", "pcode_commune": "HT0623", "commune": ""}}, {"type": "Feature", "geometry": {"type": "Point", "coordinates": [-72.14816, 18.92401]}, "properties": {"nom": "Eglise Baptiste de Boucan Carre", "famille": "chretien", "religion_osm": "christian", "denomination_osm": "baptist", "pcode_commune": "HT0623", "commune": ""}}, {"type": "Feature", "geometry": {"type": "Point", "coordinates": [-73.5935, 18.26672]}, "properties": {"nom": "Ki Hougan", "famille": "vodou", "religion_osm": "voodoo", "denomination_osm": "", "pcode_commune": "HT0732", "commune": ""}}, {"type": "Feature", "geometry": {"type": "Point", "coordinates": [-73.65812, 18.32461]}, "properties": {"nom": "Église Saint-Benoît", "famille": "chretien", "religion_osm": "christian", "denomination_osm": "catholic", "pcode_commune": "HT0733", "commune": ""}}, {"type": "Feature", "geometry": {"type": "Point", "coordinates": [-72.70095, 19.10693]}, "properties": {"nom": "Église Baptiste White Rock", "famille": "chretien", "religion_osm": "christian", "denomination_osm": "baptist", "pcode_commune": "HT0531", "commune": ""}}, {"type": "Feature", "geometry": {"type": "Point", "coordinates": [-73.74128, 18.19723]}, "properties": {"nom": "Eglise Por La foir Christ", "famille": "chretien", "religion_osm": "christian", "denomination_osm": "pentecostal", "pcode_commune": "HT0711", "commune": ""}}, {"type": "Feature", "geometry": {"type": "Point", "coordinates": [-73.74788, 18.19111]}, "properties": {"nom": "Eglise Orthodoxe Russe", "famille": "chretien", "religion_osm": "christian", "denomination_osm": "orthodox", "pcode_commune": "HT0711", "commune": ""}}, {"type": "Feature", "geometry": {"type": "Point", "coordinates": [-72.52523, 18.82442]}, "properties": {"nom": "Église Assemblée de Dieu", "famille": "chretien", "religion_osm": "christian", "denomination_osm": "protestant", "pcode_commune": "HT0141", "commune": ""}}, {"type": "Feature", "geometry": {"type": "Point", "coordinates": [-73.65393, 18.08525]}, "properties": {"nom": "Eglise Notre Dame De La Mère", "famille": "chretien", "religion_osm": "christian", "denomination_osm": "roman_catholic", "pcode_commune": "HT0716", "commune": ""}}, {"type": "Feature", "geometry": {"type": "Point", "coordinates": [-72.61035, 19.20445]}, "properties": {"nom": "Charles Rony", "famille": "vodou", "religion_osm": "voodoo", "denomination_osm": "others", "pcode_commune": "HT0531", "commune": ""}}, {"type": "Feature", "geometry": {"type": "Point", "coordinates": [-72.61025, 19.20431]}, "properties": {"nom": "Lubin Andre", "famille": "vodou", "religion_osm": "voodoo", "denomination_osm": "others", "pcode_commune": "HT0531", "commune": ""}}, {"type": "Feature", "geometry": {"type": "Point", "coordinates": [-73.75267, 18.19964]}, "properties": {"nom": "Eglise de Dieu Bethel Indigene De Les Cayes", "famille": "chretien", "religion_osm": "christian", "denomination_osm": "baptist", "pcode_commune": "HT0711", "commune": ""}}, {"type": "Feature", "geometry": {"type": "Point", "coordinates": [-72.28064, 18.52365]}, "properties": {"nom": "Église Méthodiste d'Haïti", "famille": "chretien", "religion_osm": "christian", "denomination_osm": "methodist", "pcode_commune": "HT0114", "commune": ""}}, {"type": "Feature", "geometry": {"type": "Point", "coordinates": [-72.83519, 19.87816]}, "properties": {"nom": "Notre-Dame de Lourdes", "famille": "chretien", "religion_osm": "christian", "denomination_osm": "roman_catholic", "pcode_commune": "HT0914", "commune": ""}}, {"type": "Feature", "geometry": {"type": "Point", "coordinates": [-72.28923, 18.56436]}, "properties": {"nom": "Eglise Bato", "famille": "chretien", "religion_osm": "christian", "denomination_osm": "", "pcode_commune": "HT0112", "commune": ""}}, {"type": "Feature", "geometry": {"type": "Point", "coordinates": [-72.26528, 18.51257]}, "properties": {"nom": "Legliz St Jude", "famille": "chretien", "religion_osm": "christian", "denomination_osm": "", "pcode_commune": "HT0114", "commune": ""}}, {"type": "Feature", "geometry": {"type": "Point", "coordinates": [-73.2562, 18.31294]}, "properties": {"nom": "Eglise Source de la Joie", "famille": "chretien", "religion_osm": "christian", "denomination_osm": "", "pcode_commune": "HT0731", "commune": ""}}, {"type": "Feature", "geometry": {"type": "Point", "coordinates": [-72.42627, 19.63077]}, "properties": {"nom": "Eglise Notre Dame de la Mediatrice", "famille": "chretien", "religion_osm": "christian", "denomination_osm": "catholic", "pcode_commune": "HT0361", "commune": ""}}, {"type": "Feature", "geometry": {"type": "Point", "coordinates": [-72.30663, 18.54936]}, "properties": {"nom": "Salle du Royaume des Temoins de Jehovah", "famille": "chretien", "religion_osm": "christian", "denomination_osm": "", "pcode_commune": "HT0112", "commune": ""}}, {"type": "Feature", "geometry": {"type": "Point", "coordinates": [-72.30646, 18.54928]}, "properties": {"nom": "MM", "famille": "chretien", "religion_osm": "christian", "denomination_osm": "", "pcode_commune": "HT0112", "commune": ""}}, {"type": "Feature", "geometry": {"type": "Point", "coordinates": [-72.20051, 19.58622]}, "properties": {"nom": "Eglise Baptist de Grand Gilles", "famille": "chretien", "religion_osm": "christian", "denomination_osm": "", "pcode_commune": "HT0331", "commune": ""}}, {"type": "Feature", "geometry": {"type": "Point", "coordinates": [-72.43212, 19.6982]}, "properties": {"nom": "L'Eglise Cartholique Ravine Des Roches", "famille": "chretien", "religion_osm": "christian", "denomination_osm": "", "pcode_commune": "HT0361", "commune": ""}}, {"type": "Feature", "geometry": {"type": "Point", "coordinates": [-72.26845, 18.59084]}, "properties": {"nom": "eglise st paul", "famille": "chretien", "religion_osm": "christian", "denomination_osm": "catholic", "pcode_commune": "HT0118", "commune": ""}}, {"type": "Feature", "geometry": {"type": "Point", "coordinates": [-72.63252, 18.51083]}, "properties": {"nom": "Montrial Chapel", "famille": "chretien", "religion_osm": "christian", "denomination_osm": "", "pcode_commune": "HT0121", "commune": ""}}, {"type": "Feature", "geometry": {"type": "Point", "coordinates": [-72.20613, 19.75598]}, "properties": {"nom": "Eglise Sacré Coeur", "famille": "chretien", "religion_osm": "christian", "denomination_osm": "", "pcode_commune": "HT0311", "commune": ""}}, {"type": "Feature", "geometry": {"type": "Point", "coordinates": [-72.72242, 19.93371]}, "properties": {"nom": "Église Saint-Louis Roi de France", "famille": "chretien", "religion_osm": "christian", "denomination_osm": "catholic", "pcode_commune": "HT0921", "commune": ""}}, {"type": "Feature", "geometry": {"type": "Point", "coordinates": [-72.71754, 19.93081]}, "properties": {"nom": "Eglise de Dieu de Saint Louis du nord", "famille": "chretien", "religion_osm": "christian", "denomination_osm": "evangelical", "pcode_commune": "HT0921", "commune": ""}}, {"type": "Feature", "geometry": {"type": "Point", "coordinates": [-72.28209, 18.6067]}, "properties": {"nom": "Eglise Baptiste Unie de Marin", "famille": "chretien", "religion_osm": "christian", "denomination_osm": "baptist", "pcode_commune": "HT0131", "commune": ""}}, {"type": "Feature", "geometry": {"type": "Point", "coordinates": [-72.28272, 18.49797]}, "properties": {"nom": "Church construction site", "famille": "chretien", "religion_osm": "christian", "denomination_osm": "", "pcode_commune": "HT0114", "commune": ""}}, {"type": "Feature", "geometry": {"type": "Point", "coordinates": [-72.32258, 18.55631]}, "properties": {"nom": "Église Épiscopale de Saint-Martin", "famille": "chretien", "religion_osm": "christian", "denomination_osm": "", "pcode_commune": "HT0112", "commune": ""}}, {"type": "Feature", "geometry": {"type": "Point", "coordinates": [-71.83827, 19.08324]}, "properties": {"nom": "Paroisse de Thomassique", "famille": "chretien", "religion_osm": "christian", "denomination_osm": "catholic", "pcode_commune": "HT0642", "commune": ""}}, {"type": "Feature", "geometry": {"type": "Point", "coordinates": [-72.25386, 18.62188]}, "properties": {"nom": "Eglise Plein Evangile", "famille": "chretien", "religion_osm": "christian", "denomination_osm": "", "pcode_commune": "HT0131", "commune": ""}}, {"type": "Feature", "geometry": {"type": "Point", "coordinates": [-73.85221, 18.33072]}, "properties": {"nom": "Chapelle Saint-Eugene de Mazenod", "famille": "non_renseigne", "religion_osm": "", "denomination_osm": "", "pcode_commune": "HT0714", "commune": ""}}, {"type": "Feature", "geometry": {"type": "Point", "coordinates": [-72.12393, 19.66831]}, "properties": {"nom": "Eglise Baptiste Maranatha", "famille": "chretien", "religion_osm": "christian", "denomination_osm": "baptist", "pcode_commune": "HT0313", "commune": ""}}, {"type": "Feature", "geometry": {"type": "Point", "coordinates": [-72.12202, 19.72893]}, "properties": {"nom": "Bas canal", "famille": "chretien", "religion_osm": "christian", "denomination_osm": "", "pcode_commune": "HT0313", "commune": ""}}, {"type": "Feature", "geometry": {"type": "Point", "coordinates": [-72.0179, 19.69321]}, "properties": {"nom": "Eglise Episcopale de caracol", "famille": "chretien", "religion_osm": "christian", "denomination_osm": "", "pcode_commune": "HT0434", "commune": ""}}, {"type": "Feature", "geometry": {"type": "Point", "coordinates": [-72.15723, 19.69896]}, "properties": {"nom": "Loge Parfaite Harmonie de Quartier Morrin", "famille": "spiritualiste", "religion_osm": "spiritualist", "denomination_osm": "", "pcode_commune": "HT0312", "commune": ""}}, {"type": "Feature", "geometry": {"type": "Point", "coordinates": [-71.84135, 19.67543]}, "properties": {"nom": "Chapelle du Fort-Dauphin", "famille": "non_renseigne", "religion_osm": "", "denomination_osm": "", "pcode_commune": "HT0411", "commune": ""}}, {"type": "Feature", "geometry": {"type": "Point", "coordinates": [-72.2056, 19.46102]}, "properties": {"nom": "Église Chrétienne de Bois Neuf", "famille": "chretien", "religion_osm": "christian", "denomination_osm": "baptist", "pcode_commune": "HT0341", "commune": ""}}, {"type": "Feature", "geometry": {"type": "Point", "coordinates": [-71.8823, 19.51867]}, "properties": {"nom": "Église Saint-François-Xavier", "famille": "chretien", "religion_osm": "christian", "denomination_osm": "", "pcode_commune": "HT0411", "commune": ""}}, {"type": "Feature", "geometry": {"type": "Point", "coordinates": [-72.33356, 19.36811]}, "properties": {"nom": "E01", "famille": "chretien", "religion_osm": "christian", "denomination_osm": "baptist", "pcode_commune": "HT0551", "commune": ""}}, {"type": "Feature", "geometry": {"type": "Point", "coordinates": [-72.20565, 19.75176]}, "properties": {"nom": "Église ⛪️", "famille": "chretien", "religion_osm": "christian", "denomination_osm": "", "pcode_commune": "HT0311", "commune": ""}}, {"type": "Feature", "geometry": {"type": "Point", "coordinates": [-72.82894, 19.93863]}, "properties": {"nom": "Cathédrale Notre-Dame", "famille": "chretien", "religion_osm": "christian", "denomination_osm": "roman_catholic", "pcode_commune": "HT0911", "commune": ""}}, {"type": "Feature", "geometry": {"type": "Point", "coordinates": [-72.67681, 19.67152]}, "properties": {"nom": "Eglise Bethel", "famille": "chretien", "religion_osm": "christian", "denomination_osm": "", "pcode_commune": "HT0521", "commune": ""}}, {"type": "Feature", "geometry": {"type": "Point", "coordinates": [-72.67573, 19.67088]}, "properties": {"nom": "Église Adventiste du 7ème Jour", "famille": "chretien", "religion_osm": "christian", "denomination_osm": "", "pcode_commune": "HT0521", "commune": ""}}, {"type": "Feature", "geometry": {"type": "Point", "coordinates": [-72.33092, 19.37248]}, "properties": {"nom": "LOGE", "famille": "non_renseigne", "religion_osm": "", "denomination_osm": "", "pcode_commune": "HT0551", "commune": ""}}, {"type": "Feature", "geometry": {"type": "Point", "coordinates": [-72.83828, 19.93981]}, "properties": {"nom": "Eglise Saint Monfort", "famille": "chretien", "religion_osm": "christian", "denomination_osm": "catholic", "pcode_commune": "HT0911", "commune": ""}}, {"type": "Feature", "geometry": {"type": "Point", "coordinates": [-72.33524, 19.37378]}, "properties": {"nom": "Eglise Baptiste Sion", "famille": "chretien", "religion_osm": "christian", "denomination_osm": "baptist", "pcode_commune": "HT0551", "commune": ""}}, {"type": "Feature", "geometry": {"type": "Point", "coordinates": [-72.29682, 18.55485]}, "properties": {"nom": "Eglise GOLGOTA", "famille": "chretien", "religion_osm": "christian", "denomination_osm": "", "pcode_commune": "HT0112", "commune": ""}}, {"type": "Feature", "geometry": {"type": "Point", "coordinates": [-72.29717, 18.55432]}, "properties": {"nom": "Eglise ASBF", "famille": "chretien", "religion_osm": "christian", "denomination_osm": "", "pcode_commune": "HT0112", "commune": ""}}, {"type": "Feature", "geometry": {"type": "Point", "coordinates": [-72.32939, 19.37156]}, "properties": {"nom": "Eglise", "famille": "chretien", "religion_osm": "christian", "denomination_osm": "", "pcode_commune": "HT0551", "commune": ""}}, {"type": "Feature", "geometry": {"type": "Point", "coordinates": [-72.03828, 19.68841]}, "properties": {"nom": "Église Baptiste de Sidon", "famille": "chretien", "religion_osm": "christian", "denomination_osm": "baptist", "pcode_commune": "HT0434", "commune": ""}}, {"type": "Feature", "geometry": {"type": "Point", "coordinates": [-72.02106, 18.79823]}, "properties": {"nom": "Église Baptiste Évangélique", "famille": "chretien", "religion_osm": "christian", "denomination_osm": "baptist", "pcode_commune": "HT0621", "commune": ""}}, {"type": "Feature", "geometry": {"type": "Point", "coordinates": [-72.6794, 19.67157]}, "properties": {"nom": "Eglise Catholique de Gros-Morne", "famille": "chretien", "religion_osm": "christian", "denomination_osm": "catholic", "pcode_commune": "HT0521", "commune": ""}}, {"type": "Feature", "geometry": {"type": "Point", "coordinates": [-72.2873, 18.57152]}, "properties": {"nom": "Sal Wayòm Temwen Jewova yo", "famille": "non_renseigne", "religion_osm": "", "denomination_osm": "", "pcode_commune": "HT0118", "commune": ""}}, {"type": "Feature", "geometry": {"type": "Point", "coordinates": [-72.33397, 19.37076]}, "properties": {"nom": "Église Catholique", "famille": "chretien", "religion_osm": "christian", "denomination_osm": "catholic", "pcode_commune": "HT0551", "commune": ""}}, {"type": "Feature", "geometry": {"type": "Point", "coordinates": [-72.33529, 19.37102]}, "properties": {"nom": "Eglise Adventiste SMA", "famille": "chretien", "religion_osm": "christian", "denomination_osm": "adventist", "pcode_commune": "HT0551", "commune": ""}}, {"type": "Feature", "geometry": {"type": "Point", "coordinates": [-72.32951, 19.37379]}, "properties": {"nom": "Eglise Siloe", "famille": "chretien", "religion_osm": "christian", "denomination_osm": "", "pcode_commune": "HT0551", "commune": ""}}, {"type": "Feature", "geometry": {"type": "Point", "coordinates": [-71.78972, 18.33392]}, "properties": {"nom": "Paroisse Notre-Dame du Perpétuel Secours de Fôret des Pins", "famille": "chretien", "religion_osm": "christian", "denomination_osm": "catholic", "pcode_commune": "HT0135", "commune": ""}}, {"type": "Feature", "geometry": {"type": "Point", "coordinates": [-72.00393, 19.3282]}, "properties": {"nom": "Eglise Baptist Vieux David Roy", "famille": "chretien", "religion_osm": "christian", "denomination_osm": "baptist", "pcode_commune": "HT0345", "commune": ""}}, {"type": "Feature", "geometry": {"type": "Point", "coordinates": [-71.99652, 19.32254]}, "properties": {"nom": "Eglise de l'Evangile", "famille": "chretien", "religion_osm": "christian", "denomination_osm": "", "pcode_commune": "HT0614", "commune": ""}}, {"type": "Feature", "geometry": {"type": "Point", "coordinates": [-71.9992, 19.32481]}, "properties": {"nom": "Eglise Amour Fraternel", "famille": "chretien", "religion_osm": "christian", "denomination_osm": "protestant", "pcode_commune": "HT0614", "commune": ""}}, {"type": "Feature", "geometry": {"type": "Point", "coordinates": [-73.74815, 18.1909]}, "properties": {"nom": "Eglise Orthodoxe Russe", "famille": "chretien", "religion_osm": "christian", "denomination_osm": "orthodox", "pcode_commune": "HT0711", "commune": ""}}, {"type": "Feature", "geometry": {"type": "Point", "coordinates": [-72.24852, 18.65955]}, "properties": {"nom": "St. Thomas", "famille": "chretien", "religion_osm": "christian", "denomination_osm": "catholic", "pcode_commune": "HT0131", "commune": ""}}, {"type": "Feature", "geometry": {"type": "Point", "coordinates": [-72.80525, 19.83193]}, "properties": {"nom": "Notre Dame", "famille": "chretien", "religion_osm": "christian", "denomination_osm": "roman_catholic", "pcode_commune": "HT0914", "commune": ""}}, {"type": "Feature", "geometry": {"type": "Point", "coordinates": [-72.69413, 19.70287]}, "properties": {"nom": "Église Presbytérale Jean Marie Vianney", "famille": "chretien", "religion_osm": "christian", "denomination_osm": "catholic", "pcode_commune": "HT0521", "commune": ""}}, {"type": "Feature", "geometry": {"type": "Point", "coordinates": [-72.6813, 19.67334]}, "properties": {"nom": "Église Assemblée de Jésus-Christ de Gros-Morne", "famille": "chretien", "religion_osm": "christian", "denomination_osm": "", "pcode_commune": "HT0521", "commune": ""}}, {"type": "Feature", "geometry": {"type": "Point", "coordinates": [-72.27626, 18.65143]}, "properties": {"nom": "Eglise Adventiste de Sunem", "famille": "chretien", "religion_osm": "christian", "denomination_osm": "adventist", "pcode_commune": "HT0131", "commune": ""}}, {"type": "Feature", "geometry": {"type": "Point", "coordinates": [-72.30383, 18.62949]}, "properties": {"nom": "Église de Jésus-Christ Full Gospel", "famille": "non_renseigne", "religion_osm": "", "denomination_osm": "christian", "pcode_commune": "HT0131", "commune": ""}}, {"type": "Feature", "geometry": {"type": "Point", "coordinates": [-71.88135, 18.83012]}, "properties": {"nom": "Mission Ascension Eglise Episcopale Pouly", "famille": "chretien", "religion_osm": "christian", "denomination_osm": "anglican", "pcode_commune": "HT0632", "commune": ""}}, {"type": "Feature", "geometry": {"type": "Point", "coordinates": [-72.01208, 19.1414]}, "properties": {"nom": "Eglise Maranatha", "famille": "chretien", "religion_osm": "christian", "denomination_osm": "", "pcode_commune": "HT0611", "commune": ""}}, {"type": "Feature", "geometry": {"type": "Point", "coordinates": [-72.22392, 18.66527]}, "properties": {"nom": "eglise pentecotiste de la derniere heure", "famille": "chretien", "religion_osm": "christian", "denomination_osm": "pentecostal", "pcode_commune": "HT0132", "commune": ""}}, {"type": "Feature", "geometry": {"type": "Point", "coordinates": [-72.27895, 18.66908]}, "properties": {"nom": "Eglise de Dieu de Semeur", "famille": "chretien", "religion_osm": "christian", "denomination_osm": "protestant", "pcode_commune": "HT0131", "commune": ""}}, {"type": "Feature", "geometry": {"type": "Point", "coordinates": [-71.73335, 19.13355]}, "properties": {"nom": "Eglise AEM", "famille": "chretien", "religion_osm": "christian", "denomination_osm": "protestant", "pcode_commune": "HT0641", "commune": ""}}, {"type": "Feature", "geometry": {"type": "Point", "coordinates": [-71.68124, 19.12597]}, "properties": {"nom": "Eglise Baptiste", "famille": "chretien", "religion_osm": "christian", "denomination_osm": "protestant", "pcode_commune": "HT0641", "commune": ""}}, {"type": "Feature", "geometry": {"type": "Point", "coordinates": [-71.68098, 19.12466]}, "properties": {"nom": "Eglise Catholique", "famille": "chretien", "religion_osm": "christian", "denomination_osm": "", "pcode_commune": "HT0641", "commune": ""}}, {"type": "Feature", "geometry": {"type": "Point", "coordinates": [-71.73301, 19.13486]}, "properties": {"nom": "Eglise Protestante Luthérienne Baptiste", "famille": "chretien", "religion_osm": "christian", "denomination_osm": "protestant", "pcode_commune": "HT0641", "commune": ""}}, {"type": "Feature", "geometry": {"type": "Point", "coordinates": [-71.72884, 19.24255]}, "properties": {"nom": "Eglise Adventiste", "famille": "non_renseigne", "religion_osm": "", "denomination_osm": "", "pcode_commune": "HT0641", "commune": ""}}, {"type": "Feature", "geometry": {"type": "Point", "coordinates": [-71.73233, 19.13416]}, "properties": {"nom": "Eglise Catholique", "famille": "chretien", "religion_osm": "christian", "denomination_osm": "", "pcode_commune": "HT0641", "commune": ""}}, {"type": "Feature", "geometry": {"type": "Point", "coordinates": [-71.72769, 19.24312]}, "properties": {"nom": "Eglise Catholique", "famille": "chretien", "religion_osm": "christian", "denomination_osm": "", "pcode_commune": "HT0641", "commune": ""}}, {"type": "Feature", "geometry": {"type": "Point", "coordinates": [-71.72817, 19.24273]}, "properties": {"nom": "Eglise Catholique", "famille": "chretien", "religion_osm": "christian", "denomination_osm": "", "pcode_commune": "HT0641", "commune": ""}}, {"type": "Feature", "geometry": {"type": "Point", "coordinates": [-71.92317, 19.22294]}, "properties": {"nom": "Eglise Catholique", "famille": "chretien", "religion_osm": "christian", "denomination_osm": "", "pcode_commune": "HT0614", "commune": ""}}, {"type": "Feature", "geometry": {"type": "Point", "coordinates": [-71.98111, 19.2652]}, "properties": {"nom": "Eglise Porte ouverte de Dieu", "famille": "non_renseigne", "religion_osm": "", "denomination_osm": "", "pcode_commune": "HT0614", "commune": ""}}, {"type": "Feature", "geometry": {"type": "Point", "coordinates": [-71.72679, 19.10085]}, "properties": {"nom": "Eglise de Dieu", "famille": "chretien", "religion_osm": "christian", "denomination_osm": "protestant", "pcode_commune": "HT0641", "commune": ""}}, {"type": "Feature", "geometry": {"type": "Point", "coordinates": [-71.72894, 19.24533]}, "properties": {"nom": "Eglise de la Foi Apostolique", "famille": "non_renseigne", "religion_osm": "", "denomination_osm": "", "pcode_commune": "HT0641", "commune": ""}}, {"type": "Feature", "geometry": {"type": "Point", "coordinates": [-71.9586, 19.23887]}, "properties": {"nom": "Eglise", "famille": "non_renseigne", "religion_osm": "", "denomination_osm": "", "pcode_commune": "HT0614", "commune": ""}}, {"type": "Feature", "geometry": {"type": "Point", "coordinates": [-71.68154, 19.14866]}, "properties": {"nom": "Eglise Chrétienne de la Philadelphie", "famille": "chretien", "religion_osm": "christian", "denomination_osm": "protestant", "pcode_commune": "HT0641", "commune": ""}}, {"type": "Feature", "geometry": {"type": "Point", "coordinates": [-71.73145, 19.13279]}, "properties": {"nom": "Eglise Protestante AEM", "famille": "chretien", "religion_osm": "christian", "denomination_osm": "protestant", "pcode_commune": "HT0641", "commune": ""}}, {"type": "Feature", "geometry": {"type": "Point", "coordinates": [-71.77094, 19.20387]}, "properties": {"nom": "Eglise Protestante", "famille": "chretien", "religion_osm": "christian", "denomination_osm": "protestant", "pcode_commune": "HT0641", "commune": ""}}, {"type": "Feature", "geometry": {"type": "Point", "coordinates": [-71.78961, 19.16322]}, "properties": {"nom": "Eglise St Francois d'Assise", "famille": "non_renseigne", "religion_osm": "", "denomination_osm": "", "pcode_commune": "HT0641", "commune": ""}}, {"type": "Feature", "geometry": {"type": "Point", "coordinates": [-71.90009, 19.25011]}, "properties": {"nom": "Chapelle Catholique", "famille": "non_renseigne", "religion_osm": "", "denomination_osm": "", "pcode_commune": "HT0614", "commune": ""}}, {"type": "Feature", "geometry": {"type": "Point", "coordinates": [-71.6547, 19.20298]}, "properties": {"nom": "Eglise Adventiste", "famille": "non_renseigne", "religion_osm": "", "denomination_osm": "", "pcode_commune": "HT0641", "commune": ""}}, {"type": "Feature", "geometry": {"type": "Point", "coordinates": [-71.93839, 19.27011]}, "properties": {"nom": "Eglise Adventiste", "famille": "non_renseigne", "religion_osm": "", "denomination_osm": "", "pcode_commune": "HT0614", "commune": ""}}, {"type": "Feature", "geometry": {"type": "Point", "coordinates": [-71.79193, 19.16612]}, "properties": {"nom": "Eglise Adventiste", "famille": "non_renseigne", "religion_osm": "", "denomination_osm": "", "pcode_commune": "HT0641", "commune": ""}}, {"type": "Feature", "geometry": {"type": "Point", "coordinates": [-71.81015, 19.17622]}, "properties": {"nom": "Eglise Adventiste", "famille": "non_renseigne", "religion_osm": "", "denomination_osm": "", "pcode_commune": "HT0641", "commune": ""}}, {"type": "Feature", "geometry": {"type": "Point", "coordinates": [-71.834, 19.18867]}, "properties": {"nom": "Eglise Baptiste", "famille": "chretien", "religion_osm": "christian", "denomination_osm": "protestant", "pcode_commune": "HT0641", "commune": ""}}, {"type": "Feature", "geometry": {"type": "Point", "coordinates": [-71.84358, 19.20191]}, "properties": {"nom": "Eglise Baptiste", "famille": "chretien", "religion_osm": "christian", "denomination_osm": "protestant", "pcode_commune": "HT0641", "commune": ""}}, {"type": "Feature", "geometry": {"type": "Point", "coordinates": [-71.98768, 19.27116]}, "properties": {"nom": "Eglise Catholique Armée du Christ", "famille": "chretien", "religion_osm": "christian", "denomination_osm": "", "pcode_commune": "HT0614", "commune": ""}}, {"type": "Feature", "geometry": {"type": "Point", "coordinates": [-71.98693, 19.3136]}, "properties": {"nom": "Eglise Catholique", "famille": "chretien", "religion_osm": "christian", "denomination_osm": "", "pcode_commune": "HT0614", "commune": ""}}, {"type": "Feature", "geometry": {"type": "Point", "coordinates": [-71.85728, 19.21875]}, "properties": {"nom": "Eglise Catholique", "famille": "chretien", "religion_osm": "christian", "denomination_osm": "", "pcode_commune": "HT0641", "commune": ""}}, {"type": "Feature", "geometry": {"type": "Point", "coordinates": [-71.98556, 19.31159]}, "properties": {"nom": "Eglise Catholique", "famille": "chretien", "religion_osm": "christian", "denomination_osm": "", "pcode_commune": "HT0614", "commune": ""}}, {"type": "Feature", "geometry": {"type": "Point", "coordinates": [-71.96149, 19.23688]}, "properties": {"nom": "Eglise Catholique", "famille": "chretien", "religion_osm": "christian", "denomination_osm": "", "pcode_commune": "HT0614", "commune": ""}}, {"type": "Feature", "geometry": {"type": "Point", "coordinates": [-71.93737, 19.27032]}, "properties": {"nom": "Eglise Evangélique Baptiste", "famille": "chretien", "religion_osm": "christian", "denomination_osm": "protestant", "pcode_commune": "HT0614", "commune": ""}}, {"type": "Feature", "geometry": {"type": "Point", "coordinates": [-71.91154, 19.25767]}, "properties": {"nom": "Eglise Go Ministries", "famille": "chretien", "religion_osm": "christian", "denomination_osm": "", "pcode_commune": "HT0614", "commune": ""}}, {"type": "Feature", "geometry": {"type": "Point", "coordinates": [-72.00699, 19.26871]}, "properties": {"nom": "Eglise Maranatha", "famille": "non_renseigne", "religion_osm": "", "denomination_osm": "", "pcode_commune": "HT0611", "commune": ""}}, {"type": "Feature", "geometry": {"type": "Point", "coordinates": [-71.97042, 19.25626]}, "properties": {"nom": "Eglise Protestante", "famille": "chretien", "religion_osm": "christian", "denomination_osm": "protestant", "pcode_commune": "HT0614", "commune": ""}}, {"type": "Feature", "geometry": {"type": "Point", "coordinates": [-71.98717, 19.27142]}, "properties": {"nom": "Eglise Protestante", "famille": "chretien", "religion_osm": "christian", "denomination_osm": "protestant", "pcode_commune": "HT0614", "commune": ""}}, {"type": "Feature", "geometry": {"type": "Point", "coordinates": [-71.79538, 19.16998]}, "properties": {"nom": "Eglise Protestante", "famille": "chretien", "religion_osm": "christian", "denomination_osm": "protestant", "pcode_commune": "HT0641", "commune": ""}}, {"type": "Feature", "geometry": {"type": "Point", "coordinates": [-71.82676, 19.18417]}, "properties": {"nom": "Eglise de Dieu de Saint", "famille": "chretien", "religion_osm": "christian", "denomination_osm": "protestant", "pcode_commune": "HT0641", "commune": ""}}, {"type": "Feature", "geometry": {"type": "Point", "coordinates": [-71.90147, 19.25141]}, "properties": {"nom": "Eglise de Dieu la Parole Ekilibé", "famille": "chretien", "religion_osm": "christian", "denomination_osm": "protestant", "pcode_commune": "HT0614", "commune": ""}}, {"type": "Feature", "geometry": {"type": "Point", "coordinates": [-71.975, 19.29826]}, "properties": {"nom": "Eglise de Dieu", "famille": "chretien", "religion_osm": "christian", "denomination_osm": "protestant", "pcode_commune": "HT0614", "commune": ""}}, {"type": "Feature", "geometry": {"type": "Point", "coordinates": [-72.0022, 19.27069]}, "properties": {"nom": "Eglise de Dieu", "famille": "chretien", "religion_osm": "christian", "denomination_osm": "protestant", "pcode_commune": "HT0614", "commune": ""}}, {"type": "Feature", "geometry": {"type": "Point", "coordinates": [-71.84426, 19.20224]}, "properties": {"nom": "Eglise de l'Armée Céleste", "famille": "chretien", "religion_osm": "christian", "denomination_osm": "protestant", "pcode_commune": "HT0641", "commune": ""}}, {"type": "Feature", "geometry": {"type": "Point", "coordinates": [-71.63272, 19.20694]}, "properties": {"nom": "Eglise de la Foi Apostolique", "famille": "non_renseigne", "religion_osm": "", "denomination_osm": "", "pcode_commune": "HT0641", "commune": ""}}, {"type": "Feature", "geometry": {"type": "Point", "coordinates": [-71.79085, 19.16698]}, "properties": {"nom": "Première Eglise Baptiste", "famille": "chretien", "religion_osm": "christian", "denomination_osm": "protestant", "pcode_commune": "HT0641", "commune": ""}}, {"type": "Feature", "geometry": {"type": "Point", "coordinates": [-71.94067, 19.26971]}, "properties": {"nom": "Eglise Protestante AEM", "famille": "chretien", "religion_osm": "christian", "denomination_osm": "protestant", "pcode_commune": "HT0614", "commune": ""}}, {"type": "Feature", "geometry": {"type": "Point", "coordinates": [-71.7894, 19.16456]}, "properties": {"nom": "Eglise Protestante", "famille": "chretien", "religion_osm": "christian", "denomination_osm": "protestant", "pcode_commune": "HT0641", "commune": ""}}, {"type": "Feature", "geometry": {"type": "Point", "coordinates": [-71.94016, 19.26847]}, "properties": {"nom": "Église Sainte Famille", "famille": "chretien", "religion_osm": "christian", "denomination_osm": "", "pcode_commune": "HT0614", "commune": ""}}, {"type": "Feature", "geometry": {"type": "Point", "coordinates": [-72.21323, 18.51982]}, "properties": {"nom": "Église du Fatima", "famille": "chretien", "religion_osm": "christian", "denomination_osm": "", "pcode_commune": "HT0114", "commune": ""}}, {"type": "Feature", "geometry": {"type": "Point", "coordinates": [-72.0397, 19.30793]}, "properties": {"nom": "Eglise Catholique Ste-Cécile", "famille": "chretien", "religion_osm": "christian", "denomination_osm": "", "pcode_commune": "HT0344", "commune": ""}}, {"type": "Feature", "geometry": {"type": "Point", "coordinates": [-72.25325, 18.64832]}, "properties": {"nom": "Eglise", "famille": "chretien", "religion_osm": "christian", "denomination_osm": "", "pcode_commune": "HT0131", "commune": ""}}, {"type": "Feature", "geometry": {"type": "Point", "coordinates": [-72.98297, 19.76486]}, "properties": {"nom": "Eglise Catholique de Grand Fond", "famille": "chretien", "religion_osm": "christian", "denomination_osm": "roman_catholic", "pcode_commune": "HT0911", "commune": ""}}, {"type": "Feature", "geometry": {"type": "Point", "coordinates": [-72.27884, 18.66951]}, "properties": {"nom": "Eglise Adventiste du Septieme Jour", "famille": "chretien", "religion_osm": "christian", "denomination_osm": "adventist", "pcode_commune": "HT0131", "commune": ""}}, {"type": "Feature", "geometry": {"type": "Point", "coordinates": [-72.3002, 18.55482]}, "properties": {"nom": "Eglise Mahalaleel", "famille": "chretien", "religion_osm": "christian", "denomination_osm": "baptist", "pcode_commune": "HT0112", "commune": ""}}, {"type": "Feature", "geometry": {"type": "Point", "coordinates": [-72.34035, 18.52748]}, "properties": {"nom": "Eglise Wesleyenne Carrefour-Feuilles", "famille": "chretien", "religion_osm": "christian", "denomination_osm": "", "pcode_commune": "HT0111", "commune": ""}}, {"type": "Feature", "geometry": {"type": "Point", "coordinates": [-72.33769, 18.52793]}, "properties": {"nom": "Station Baptiste de Carrefour-Feuilles", "famille": "chretien", "religion_osm": "christian", "denomination_osm": "baptist", "pcode_commune": "HT0111", "commune": ""}}, {"type": "Feature", "geometry": {"type": "Point", "coordinates": [-72.33967, 18.53358]}, "properties": {"nom": "Temple Adventiste Eben Ezer", "famille": "chretien", "religion_osm": "christian", "denomination_osm": "adventist", "pcode_commune": "HT0111", "commune": ""}}, {"type": "Feature", "geometry": {"type": "Point", "coordinates": [-72.34033, 18.52571]}, "properties": {"nom": "Temple Adventiste Salem", "famille": "chretien", "religion_osm": "christian", "denomination_osm": "", "pcode_commune": "HT0111", "commune": ""}}, {"type": "Feature", "geometry": {"type": "Point", "coordinates": [-72.34103, 18.54455]}, "properties": {"nom": "Temple Adventiste Temple 1", "famille": "chretien", "religion_osm": "christian", "denomination_osm": "adventist", "pcode_commune": "HT0111", "commune": ""}}, {"type": "Feature", "geometry": {"type": "Point", "coordinates": [-72.23755, 18.64985]}, "properties": {"nom": "Église Union Baptiste", "famille": "chretien", "religion_osm": "christian", "denomination_osm": "baptist", "pcode_commune": "HT0131", "commune": ""}}, {"type": "Feature", "geometry": {"type": "Point", "coordinates": [-74.04036, 18.20713]}, "properties": {"nom": "Église Saint-Pierre", "famille": "chretien", "religion_osm": "christian", "denomination_osm": "", "pcode_commune": "HT0741", "commune": ""}}, {"type": "Feature", "geometry": {"type": "Point", "coordinates": [-73.91714, 18.0773]}, "properties": {"nom": "Eglise St Domininique", "famille": "chretien", "religion_osm": "christian", "denomination_osm": "", "pcode_commune": "HT0721", "commune": ""}}, {"type": "Feature", "geometry": {"type": "Point", "coordinates": [-72.23007, 18.59087]}, "properties": {"nom": "Peristille", "famille": "chretien", "religion_osm": "christian", "denomination_osm": "catholic", "pcode_commune": "HT0131", "commune": ""}}, {"type": "Feature", "geometry": {"type": "Point", "coordinates": [-72.33305, 19.3739]}, "properties": {"nom": "E", "famille": "chretien", "religion_osm": "christian", "denomination_osm": "", "pcode_commune": "HT0551", "commune": ""}}, {"type": "Feature", "geometry": {"type": "Point", "coordinates": [-72.70042, 19.10023]}, "properties": {"nom": "Eglise de Dieu par la fol", "famille": "chretien", "religion_osm": "christian", "denomination_osm": "", "pcode_commune": "HT0531", "commune": ""}}, {"type": "Feature", "geometry": {"type": "Point", "coordinates": [-71.99997, 18.79821]}, "properties": {"nom": "Paroisse Saint Jacques de Sarazins", "famille": "chretien", "religion_osm": "christian", "denomination_osm": "roman_catholic", "pcode_commune": "HT0621", "commune": ""}}, {"type": "Feature", "geometry": {"type": "Point", "coordinates": [-73.93828, 18.10108]}, "properties": {"nom": "Église de Dieu du Seigneur", "famille": "chretien", "religion_osm": "christian", "denomination_osm": "", "pcode_commune": "HT0721", "commune": ""}}, {"type": "Feature", "geometry": {"type": "Point", "coordinates": [-73.84442, 18.14165]}, "properties": {"nom": "Paroise Sainte Veronique", "famille": "chretien", "religion_osm": "christian", "denomination_osm": "roman_catholic", "pcode_commune": "HT0712", "commune": ""}}, {"type": "Feature", "geometry": {"type": "Point", "coordinates": [-73.28913, 18.29777]}, "properties": {"nom": "Eglise Bethanie", "famille": "non_renseigne", "religion_osm": "", "denomination_osm": "protestant", "pcode_commune": "HT0731", "commune": ""}}, {"type": "Feature", "geometry": {"type": "Point", "coordinates": [-73.34961, 18.26159]}, "properties": {"nom": "Sanctuaire de Croix Calvaire", "famille": "non_renseigne", "religion_osm": "", "denomination_osm": "", "pcode_commune": "HT0731", "commune": ""}}, {"type": "Feature", "geometry": {"type": "Point", "coordinates": [-73.28874, 18.28852]}, "properties": {"nom": "Eglise Par la Foi de Canal", "famille": "non_renseigne", "religion_osm": "", "denomination_osm": "", "pcode_commune": "HT0731", "commune": ""}}, {"type": "Feature", "geometry": {"type": "Point", "coordinates": [-72.6318, 18.51324]}, "properties": {"nom": "Eglise Lumière de Léogane", "famille": "chretien", "religion_osm": "christian", "denomination_osm": "protestant", "pcode_commune": "HT0121", "commune": ""}}, {"type": "Feature", "geometry": {"type": "Point", "coordinates": [-71.82186, 18.26731]}, "properties": {"nom": "Église de Dieu la Sainte Cité", "famille": "chretien", "religion_osm": "christian", "denomination_osm": "", "pcode_commune": "HT0233", "commune": ""}}, {"type": "Feature", "geometry": {"type": "Point", "coordinates": [-71.80382, 18.28381]}, "properties": {"nom": "Église", "famille": "chretien", "religion_osm": "christian", "denomination_osm": "", "pcode_commune": "HT0233", "commune": ""}}, {"type": "Feature", "geometry": {"type": "Point", "coordinates": [-72.34713, 18.53308]}, "properties": {"nom": "Église Universelle", "famille": "chretien", "religion_osm": "christian", "denomination_osm": "", "pcode_commune": "HT0111", "commune": ""}}, {"type": "Feature", "geometry": {"type": "Point", "coordinates": [-73.9575, 18.47742]}, "properties": {"nom": "Presbytère de de la paroisse Ste Agnès", "famille": "chretien", "religion_osm": "christian", "denomination_osm": "", "pcode_commune": "HT0833", "commune": ""}}, {"type": "Feature", "geometry": {"type": "Point", "coordinates": [-72.3682, 18.5294]}, "properties": {"nom": "Eglise de dieu Sunem", "famille": "chretien", "religion_osm": "christian", "denomination_osm": "", "pcode_commune": "HT0111", "commune": ""}}, {"type": "Feature", "geometry": {"type": "Point", "coordinates": [-72.06634, 18.23632]}, "properties": {"nom": "Église Vierge Baurette", "famille": "chretien", "religion_osm": "christian", "denomination_osm": "", "pcode_commune": "HT0231", "commune": ""}}, {"type": "Feature", "geometry": {"type": "Point", "coordinates": [-73.95565, 18.47862]}, "properties": {"nom": "Eglise Baptiste", "famille": "non_renseigne", "religion_osm": "", "denomination_osm": "", "pcode_commune": "HT0833", "commune": ""}}, {"type": "Feature", "geometry": {"type": "Point", "coordinates": [-72.6446, 19.29077]}, "properties": {"nom": "Église Méthodiste Libre de Desdunes", "famille": "chretien", "religion_osm": "christian", "denomination_osm": "methodist", "pcode_commune": "HT0544", "commune": ""}}, {"type": "Feature", "geometry": {"type": "Point", "coordinates": [-72.31877, 18.61201]}, "properties": {"nom": "eglise corp de christ", "famille": "chretien", "religion_osm": "christian", "denomination_osm": "", "pcode_commune": "HT0131", "commune": ""}}, {"type": "Feature", "geometry": {"type": "Point", "coordinates": [-72.32052, 18.60451]}, "properties": {"nom": "Église Évangélique", "famille": "chretien", "religion_osm": "christian", "denomination_osm": "evangelical", "pcode_commune": "HT0117", "commune": ""}}, {"type": "Feature", "geometry": {"type": "Point", "coordinates": [-72.32323, 18.55153]}, "properties": {"nom": "Eglise Baptiste de Delmas", "famille": "chretien", "religion_osm": "christian", "denomination_osm": "protestant", "pcode_commune": "HT0112", "commune": ""}}, {"type": "Feature", "geometry": {"type": "Point", "coordinates": [-73.25103, 18.42989]}, "properties": {"nom": "LA PAROISSE DE POJJY", "famille": "chretien", "religion_osm": "christian", "denomination_osm": "catholic", "pcode_commune": "HT1012", "commune": ""}}, {"type": "Feature", "geometry": {"type": "Point", "coordinates": [-73.2175, 18.44027]}, "properties": {"nom": "L'eglise de Saint -Louis Roi de France de Cholètte", "famille": "chretien", "religion_osm": "christian", "denomination_osm": "", "pcode_commune": "HT1012", "commune": ""}}, {"type": "Feature", "geometry": {"type": "Point", "coordinates": [-72.31374, 18.68874]}, "properties": {"nom": "Eglise Evangelique Lutherienne du bon berget", "famille": "chretien", "religion_osm": "christian", "denomination_osm": "", "pcode_commune": "HT0131", "commune": ""}}, {"type": "Feature", "geometry": {"type": "Point", "coordinates": [-72.56829, 18.3724]}, "properties": {"nom": "L'Eglise Baptist Viciere", "famille": "chretien", "religion_osm": "christian", "denomination_osm": "", "pcode_commune": "HT0121", "commune": ""}}, {"type": "Feature", "geometry": {"type": "Point", "coordinates": [-72.51486, 18.54594]}, "properties": {"nom": "Première Église de Jésus de Gressier", "famille": "chretien", "religion_osm": "christian", "denomination_osm": "", "pcode_commune": "HT0116", "commune": ""}}, {"type": "Feature", "geometry": {"type": "Point", "coordinates": [-72.3422, 18.54478]}, "properties": {"nom": "Église Méthodiste d'Haïti", "famille": "chretien", "religion_osm": "christian", "denomination_osm": "methodist", "pcode_commune": "HT0111", "commune": ""}}, {"type": "Feature", "geometry": {"type": "Point", "coordinates": [-72.34305, 18.54672]}, "properties": {"nom": "Église Saint-Louis de Gonzague", "famille": "chretien", "religion_osm": "christian", "denomination_osm": "catholic", "pcode_commune": "HT0111", "commune": ""}}, {"type": "Feature", "geometry": {"type": "Point", "coordinates": [-72.34164, 18.54604]}, "properties": {"nom": "La Respectable Loges Le Mont Liban", "famille": "autre", "religion_osm": "none", "denomination_osm": "none", "pcode_commune": "HT0111", "commune": ""}}, {"type": "Feature", "geometry": {"type": "Point", "coordinates": [-72.48374, 18.53972]}, "properties": {"nom": "Eglise de Dieu de Merger", "famille": "chretien", "religion_osm": "christian", "denomination_osm": "protestant", "pcode_commune": "HT0116", "commune": ""}}, {"type": "Feature", "geometry": {"type": "Point", "coordinates": [-72.3429, 18.54213]}, "properties": {"nom": "Église Saint-Paul", "famille": "chretien", "religion_osm": "christian", "denomination_osm": "catholic", "pcode_commune": "HT0111", "commune": ""}}, {"type": "Feature", "geometry": {"type": "Point", "coordinates": [-71.83074, 19.37788]}, "properties": {"nom": "Eglise", "famille": "chretien", "religion_osm": "christian", "denomination_osm": "", "pcode_commune": "HT0442", "commune": ""}}, {"type": "Feature", "geometry": {"type": "Point", "coordinates": [-72.51896, 19.37097]}, "properties": {"nom": "eglise corps de christ", "famille": "chretien", "religion_osm": "christian", "denomination_osm": "evangelical", "pcode_commune": "HT0511", "commune": ""}}, {"type": "Feature", "geometry": {"type": "Point", "coordinates": [-72.34017, 18.53912]}, "properties": {"nom": "Chapelle de l'Immaculée Conception", "famille": "chretien", "religion_osm": "christian", "denomination_osm": "catholic", "pcode_commune": "HT0111", "commune": ""}}, {"type": "Feature", "geometry": {"type": "Point", "coordinates": [-73.20435, 18.3108]}, "properties": {"nom": "Eglise Temple Labady", "famille": "non_renseigne", "religion_osm": "", "denomination_osm": "", "pcode_commune": "HT0731", "commune": ""}}, {"type": "Feature", "geometry": {"type": "Point", "coordinates": [-73.20884, 18.31042]}, "properties": {"nom": "Eglise Mission Union Chretienne de La Colline d'Aquin", "famille": "non_renseigne", "religion_osm": "", "denomination_osm": "", "pcode_commune": "HT0731", "commune": ""}}, {"type": "Feature", "geometry": {"type": "Point", "coordinates": [-72.29419, 18.586]}, "properties": {"nom": "Eglise de Dieu Assembée Chrétienne de Cazeau", "famille": "chretien", "religion_osm": "christian", "denomination_osm": "protestant", "pcode_commune": "HT0118", "commune": ""}}, {"type": "Feature", "geometry": {"type": "Point", "coordinates": [-72.07305, 19.29758]}, "properties": {"nom": "Centre de Culte de l'U.C.I.", "famille": "non_renseigne", "religion_osm": "", "denomination_osm": "", "pcode_commune": "HT0344", "commune": ""}}, {"type": "Feature", "geometry": {"type": "Point", "coordinates": [-72.31768, 18.52434]}, "properties": {"nom": "Eglise Evangelique Chretienne de Canada", "famille": "non_renseigne", "religion_osm": "", "denomination_osm": "", "pcode_commune": "HT0111", "commune": ""}}, {"type": "Feature", "geometry": {"type": "Point", "coordinates": [-73.32905, 18.3651]}, "properties": {"nom": "Église MEBSH de Source Baptiste", "famille": "chretien", "religion_osm": "christian", "denomination_osm": "", "pcode_commune": "HT0731", "commune": ""}}, {"type": "Feature", "geometry": {"type": "Point", "coordinates": [-73.28924, 18.36679]}, "properties": {"nom": "Eglise MBSH de Montoban", "famille": "chretien", "religion_osm": "christian", "denomination_osm": "", "pcode_commune": "HT0731", "commune": ""}}, {"type": "Feature", "geometry": {"type": "Point", "coordinates": [-72.28918, 18.6663]}, "properties": {"nom": "Eglise Communauté Chrétienne de Canaan", "famille": "chretien", "religion_osm": "christian", "denomination_osm": "", "pcode_commune": "HT0131", "commune": ""}}, {"type": "Feature", "geometry": {"type": "Point", "coordinates": [-72.47267, 18.33336]}, "properties": {"nom": "Église Ebenez-Air", "famille": "chretien", "religion_osm": "christian", "denomination_osm": "protestant", "pcode_commune": "HT0211", "commune": ""}}, {"type": "Feature", "geometry": {"type": "Point", "coordinates": [-72.42453, 18.27111]}, "properties": {"nom": "Église de Verjon", "famille": "chretien", "religion_osm": "christian", "denomination_osm": "", "pcode_commune": "HT0213", "commune": ""}}, {"type": "Feature", "geometry": {"type": "Point", "coordinates": [-73.25361, 18.31619]}, "properties": {"nom": "Eglise de Dieu", "famille": "chretien", "religion_osm": "christian", "denomination_osm": "", "pcode_commune": "HT0731", "commune": ""}}, {"type": "Feature", "geometry": {"type": "Point", "coordinates": [-72.52529, 18.8084]}, "properties": {"nom": "Eglise Évangélique D'Haïti de HOSTIN", "famille": "chretien", "religion_osm": "christian", "denomination_osm": "evangelical", "pcode_commune": "HT0141", "commune": ""}}, {"type": "Feature", "geometry": {"type": "Point", "coordinates": [-72.33927, 18.5498]}, "properties": {"nom": "Cathédrale de transition Notre-Dame de l'Assomption", "famille": "chretien", "religion_osm": "christian", "denomination_osm": "roman_catholic", "pcode_commune": "HT0111", "commune": ""}}, {"type": "Feature", "geometry": {"type": "Point", "coordinates": [-72.2682, 18.529]}, "properties": {"nom": "Temple de Port-au-Prince", "famille": "chretien", "religion_osm": "christian", "denomination_osm": "latter_day_saints", "pcode_commune": "HT0114", "commune": ""}}, {"type": "Feature", "geometry": {"type": "Point", "coordinates": [-72.29343, 18.5913]}, "properties": {"nom": "Eglise evangelique de Cazeau", "famille": "chretien", "religion_osm": "christian", "denomination_osm": "baptist", "pcode_commune": "HT0117", "commune": ""}}, {"type": "Feature", "geometry": {"type": "Point", "coordinates": [-71.84173, 19.08095]}, "properties": {"nom": "Eglise de Dieu de Thomassique", "famille": "chretien", "religion_osm": "christian", "denomination_osm": "protestant", "pcode_commune": "HT0642", "commune": ""}}, {"type": "Feature", "geometry": {"type": "Point", "coordinates": [-72.28574, 18.55626]}, "properties": {"nom": "Eglise de Dieu de Nazon", "famille": "chretien", "religion_osm": "christian", "denomination_osm": "evangelical", "pcode_commune": "HT0112", "commune": ""}}, {"type": "Feature", "geometry": {"type": "Point", "coordinates": [-72.53514, 18.23506]}, "properties": {"nom": "Cathedrale st Jacques et  St. Philippe", "famille": "chretien", "religion_osm": "christian", "denomination_osm": "catholic", "pcode_commune": "HT0211", "commune": ""}}]}