banque,est_un_agregat,date_reference,trimestre,grandeur,valeur,unite,source_id,source,licence,attribution,date_extraction
Banque Nationale de Crédit,non,2022-09-30,2022-T3,Actif total,120274655.0,milliers de gourdes,SRC-063,BRH — sommaire financier détaillé (CAMEL),"Données publiques haïtiennes — décret du 12/10/2005, art. 5 (textes officiels des autorités publiques et simples données)","BRH — Banque de la République d'Haïti, sommaire financier détaillé (indicateurs CAMEL) du système bancaire",2026-08-25
Banque Populaire Haïtienne,non,2022-09-30,2022-T3,Actif total,5654908.9,milliers de gourdes,SRC-063,BRH — sommaire financier détaillé (CAMEL),"Données publiques haïtiennes — décret du 12/10/2005, art. 5 (textes officiels des autorités publiques et simples données)","BRH — Banque de la République d'Haïti, sommaire financier détaillé (indicateurs CAMEL) du système bancaire",2026-08-25
Banque de l'Union Haïtienne,non,2022-09-30,2022-T3,Actif total,45411624.7,milliers de gourdes,SRC-063,BRH — sommaire financier détaillé (CAMEL),"Données publiques haïtiennes — décret du 12/10/2005, art. 5 (textes officiels des autorités publiques et simples données)","BRH — Banque de la République d'Haïti, sommaire financier détaillé (indicateurs CAMEL) du système bancaire",2026-08-25
Capital Bank,non,2022-09-30,2022-T3,Actif total,45776286.0,milliers de gourdes,SRC-063,BRH — sommaire financier détaillé (CAMEL),"Données publiques haïtiennes — décret du 12/10/2005, art. 5 (textes officiels des autorités publiques et simples données)","BRH — Banque de la République d'Haïti, sommaire financier détaillé (indicateurs CAMEL) du système bancaire",2026-08-25
Citibank N.A. (succursale d'Haïti),non,2022-09-30,2022-T3,Actif total,5654172.0,milliers de gourdes,SRC-063,BRH — sommaire financier détaillé (CAMEL),"Données publiques haïtiennes — décret du 12/10/2005, art. 5 (textes officiels des autorités publiques et simples données)","BRH — Banque de la République d'Haïti, sommaire financier détaillé (indicateurs CAMEL) du système bancaire",2026-08-25
Ensemble du système,oui,2022-09-30,2022-T3,Actif total,610202247.9,milliers de gourdes,SRC-063,BRH — sommaire financier détaillé (CAMEL),"Données publiques haïtiennes — décret du 12/10/2005, art. 5 (textes officiels des autorités publiques et simples données)","BRH — Banque de la République d'Haïti, sommaire financier détaillé (indicateurs CAMEL) du système bancaire",2026-08-25
Sogebank,non,2022-09-30,2022-T3,Actif total,156974593.9,milliers de gourdes,SRC-063,BRH — sommaire financier détaillé (CAMEL),"Données publiques haïtiennes — décret du 12/10/2005, art. 5 (textes officiels des autorités publiques et simples données)","BRH — Banque de la République d'Haïti, sommaire financier détaillé (indicateurs CAMEL) du système bancaire",2026-08-25
Sogebel,non,2022-09-30,2022-T3,Actif total,11749300.2,milliers de gourdes,SRC-063,BRH — sommaire financier détaillé (CAMEL),"Données publiques haïtiennes — décret du 12/10/2005, art. 5 (textes officiels des autorités publiques et simples données)","BRH — Banque de la République d'Haïti, sommaire financier détaillé (indicateurs CAMEL) du système bancaire",2026-08-25
Unibank,non,2022-09-30,2022-T3,Actif total,218706707.2,milliers de gourdes,SRC-063,BRH — sommaire financier détaillé (CAMEL),"Données publiques haïtiennes — décret du 12/10/2005, art. 5 (textes officiels des autorités publiques et simples données)","BRH — Banque de la République d'Haïti, sommaire financier détaillé (indicateurs CAMEL) du système bancaire",2026-08-25
Banque Nationale de Crédit,non,2022-09-30,2022-T3,Comptes de dépôt,555099.0,unités,SRC-063,BRH — sommaire financier détaillé (CAMEL),"Données publiques haïtiennes — décret du 12/10/2005, art. 5 (textes officiels des autorités publiques et simples données)","BRH — Banque de la République d'Haïti, sommaire financier détaillé (indicateurs CAMEL) du système bancaire",2026-08-25
Banque Populaire Haïtienne,non,2022-09-30,2022-T3,Comptes de dépôt,16609.0,unités,SRC-063,BRH — sommaire financier détaillé (CAMEL),"Données publiques haïtiennes — décret du 12/10/2005, art. 5 (textes officiels des autorités publiques et simples données)","BRH — Banque de la République d'Haïti, sommaire financier détaillé (indicateurs CAMEL) du système bancaire",2026-08-25
Banque de l'Union Haïtienne,non,2022-09-30,2022-T3,Comptes de dépôt,104316.0,unités,SRC-063,BRH — sommaire financier détaillé (CAMEL),"Données publiques haïtiennes — décret du 12/10/2005, art. 5 (textes officiels des autorités publiques et simples données)","BRH — Banque de la République d'Haïti, sommaire financier détaillé (indicateurs CAMEL) du système bancaire",2026-08-25
Capital Bank,non,2022-09-30,2022-T3,Comptes de dépôt,116417.0,unités,SRC-063,BRH — sommaire financier détaillé (CAMEL),"Données publiques haïtiennes — décret du 12/10/2005, art. 5 (textes officiels des autorités publiques et simples données)","BRH — Banque de la République d'Haïti, sommaire financier détaillé (indicateurs CAMEL) du système bancaire",2026-08-25
Citibank N.A. (succursale d'Haïti),non,2022-09-30,2022-T3,Comptes de dépôt,1182.0,unités,SRC-063,BRH — sommaire financier détaillé (CAMEL),"Données publiques haïtiennes — décret du 12/10/2005, art. 5 (textes officiels des autorités publiques et simples données)","BRH — Banque de la République d'Haïti, sommaire financier détaillé (indicateurs CAMEL) du système bancaire",2026-08-25
Ensemble du système,oui,2022-09-30,2022-T3,Comptes de dépôt,2754779.0,unités,SRC-063,BRH — sommaire financier détaillé (CAMEL),"Données publiques haïtiennes — décret du 12/10/2005, art. 5 (textes officiels des autorités publiques et simples données)","BRH — Banque de la République d'Haïti, sommaire financier détaillé (indicateurs CAMEL) du système bancaire",2026-08-25
Sogebank,non,2022-09-30,2022-T3,Comptes de dépôt,653112.0,unités,SRC-063,BRH — sommaire financier détaillé (CAMEL),"Données publiques haïtiennes — décret du 12/10/2005, art. 5 (textes officiels des autorités publiques et simples données)","BRH — Banque de la République d'Haïti, sommaire financier détaillé (indicateurs CAMEL) du système bancaire",2026-08-25
Sogebel,non,2022-09-30,2022-T3,Comptes de dépôt,8222.0,unités,SRC-063,BRH — sommaire financier détaillé (CAMEL),"Données publiques haïtiennes — décret du 12/10/2005, art. 5 (textes officiels des autorités publiques et simples données)","BRH — Banque de la République d'Haïti, sommaire financier détaillé (indicateurs CAMEL) du système bancaire",2026-08-25
Unibank,non,2022-09-30,2022-T3,Comptes de dépôt,1299822.0,unités,SRC-063,BRH — sommaire financier détaillé (CAMEL),"Données publiques haïtiennes — décret du 12/10/2005, art. 5 (textes officiels des autorités publiques et simples données)","BRH — Banque de la République d'Haïti, sommaire financier détaillé (indicateurs CAMEL) du système bancaire",2026-08-25
Banque Nationale de Crédit,non,2022-09-30,2022-T3,Comptes de prêt,28662.0,unités,SRC-063,BRH — sommaire financier détaillé (CAMEL),"Données publiques haïtiennes — décret du 12/10/2005, art. 5 (textes officiels des autorités publiques et simples données)","BRH — Banque de la République d'Haïti, sommaire financier détaillé (indicateurs CAMEL) du système bancaire",2026-08-25
Banque Populaire Haïtienne,non,2022-09-30,2022-T3,Comptes de prêt,198.0,unités,SRC-063,BRH — sommaire financier détaillé (CAMEL),"Données publiques haïtiennes — décret du 12/10/2005, art. 5 (textes officiels des autorités publiques et simples données)","BRH — Banque de la République d'Haïti, sommaire financier détaillé (indicateurs CAMEL) du système bancaire",2026-08-25
Banque de l'Union Haïtienne,non,2022-09-30,2022-T3,Comptes de prêt,702.0,unités,SRC-063,BRH — sommaire financier détaillé (CAMEL),"Données publiques haïtiennes — décret du 12/10/2005, art. 5 (textes officiels des autorités publiques et simples données)","BRH — Banque de la République d'Haïti, sommaire financier détaillé (indicateurs CAMEL) du système bancaire",2026-08-25
Capital Bank,non,2022-09-30,2022-T3,Comptes de prêt,4944.0,unités,SRC-063,BRH — sommaire financier détaillé (CAMEL),"Données publiques haïtiennes — décret du 12/10/2005, art. 5 (textes officiels des autorités publiques et simples données)","BRH — Banque de la République d'Haïti, sommaire financier détaillé (indicateurs CAMEL) du système bancaire",2026-08-25
Citibank N.A. (succursale d'Haïti),non,2022-09-30,2022-T3,Comptes de prêt,1.0,unités,SRC-063,BRH — sommaire financier détaillé (CAMEL),"Données publiques haïtiennes — décret du 12/10/2005, art. 5 (textes officiels des autorités publiques et simples données)","BRH — Banque de la République d'Haïti, sommaire financier détaillé (indicateurs CAMEL) du système bancaire",2026-08-25
Ensemble du système,oui,2022-09-30,2022-T3,Comptes de prêt,79508.0,unités,SRC-063,BRH — sommaire financier détaillé (CAMEL),"Données publiques haïtiennes — décret du 12/10/2005, art. 5 (textes officiels des autorités publiques et simples données)","BRH — Banque de la République d'Haïti, sommaire financier détaillé (indicateurs CAMEL) du système bancaire",2026-08-25
Sogebank,non,2022-09-30,2022-T3,Comptes de prêt,30929.0,unités,SRC-063,BRH — sommaire financier détaillé (CAMEL),"Données publiques haïtiennes — décret du 12/10/2005, art. 5 (textes officiels des autorités publiques et simples données)","BRH — Banque de la République d'Haïti, sommaire financier détaillé (indicateurs CAMEL) du système bancaire",2026-08-25
Sogebel,non,2022-09-30,2022-T3,Comptes de prêt,443.0,unités,SRC-063,BRH — sommaire financier détaillé (CAMEL),"Données publiques haïtiennes — décret du 12/10/2005, art. 5 (textes officiels des autorités publiques et simples données)","BRH — Banque de la République d'Haïti, sommaire financier détaillé (indicateurs CAMEL) du système bancaire",2026-08-25
Unibank,non,2022-09-30,2022-T3,Comptes de prêt,13629.0,unités,SRC-063,BRH — sommaire financier détaillé (CAMEL),"Données publiques haïtiennes — décret du 12/10/2005, art. 5 (textes officiels des autorités publiques et simples données)","BRH — Banque de la République d'Haïti, sommaire financier détaillé (indicateurs CAMEL) du système bancaire",2026-08-25
Banque Nationale de Crédit,non,2022-09-30,2022-T3,Dépôts totaux,92094057.0,milliers de gourdes,SRC-063,BRH — sommaire financier détaillé (CAMEL),"Données publiques haïtiennes — décret du 12/10/2005, art. 5 (textes officiels des autorités publiques et simples données)","BRH — Banque de la République d'Haïti, sommaire financier détaillé (indicateurs CAMEL) du système bancaire",2026-08-25
Banque Populaire Haïtienne,non,2022-09-30,2022-T3,Dépôts totaux,4690683.7,milliers de gourdes,SRC-063,BRH — sommaire financier détaillé (CAMEL),"Données publiques haïtiennes — décret du 12/10/2005, art. 5 (textes officiels des autorités publiques et simples données)","BRH — Banque de la République d'Haïti, sommaire financier détaillé (indicateurs CAMEL) du système bancaire",2026-08-25
Banque de l'Union Haïtienne,non,2022-09-30,2022-T3,Dépôts totaux,37778219.0,milliers de gourdes,SRC-063,BRH — sommaire financier détaillé (CAMEL),"Données publiques haïtiennes — décret du 12/10/2005, art. 5 (textes officiels des autorités publiques et simples données)","BRH — Banque de la République d'Haïti, sommaire financier détaillé (indicateurs CAMEL) du système bancaire",2026-08-25
Capital Bank,non,2022-09-30,2022-T3,Dépôts totaux,37028252.0,milliers de gourdes,SRC-063,BRH — sommaire financier détaillé (CAMEL),"Données publiques haïtiennes — décret du 12/10/2005, art. 5 (textes officiels des autorités publiques et simples données)","BRH — Banque de la République d'Haïti, sommaire financier détaillé (indicateurs CAMEL) du système bancaire",2026-08-25
Citibank N.A. (succursale d'Haïti),non,2022-09-30,2022-T3,Dépôts totaux,4088046.0,milliers de gourdes,SRC-063,BRH — sommaire financier détaillé (CAMEL),"Données publiques haïtiennes — décret du 12/10/2005, art. 5 (textes officiels des autorités publiques et simples données)","BRH — Banque de la République d'Haïti, sommaire financier détaillé (indicateurs CAMEL) du système bancaire",2026-08-25
Ensemble du système,oui,2022-09-30,2022-T3,Dépôts totaux,500181298.5,milliers de gourdes,SRC-063,BRH — sommaire financier détaillé (CAMEL),"Données publiques haïtiennes — décret du 12/10/2005, art. 5 (textes officiels des autorités publiques et simples données)","BRH — Banque de la République d'Haïti, sommaire financier détaillé (indicateurs CAMEL) du système bancaire",2026-08-25
Sogebank,non,2022-09-30,2022-T3,Dépôts totaux,129332295.4,milliers de gourdes,SRC-063,BRH — sommaire financier détaillé (CAMEL),"Données publiques haïtiennes — décret du 12/10/2005, art. 5 (textes officiels des autorités publiques et simples données)","BRH — Banque de la République d'Haïti, sommaire financier détaillé (indicateurs CAMEL) du système bancaire",2026-08-25
Sogebel,non,2022-09-30,2022-T3,Dépôts totaux,8021818.7,milliers de gourdes,SRC-063,BRH — sommaire financier détaillé (CAMEL),"Données publiques haïtiennes — décret du 12/10/2005, art. 5 (textes officiels des autorités publiques et simples données)","BRH — Banque de la République d'Haïti, sommaire financier détaillé (indicateurs CAMEL) du système bancaire",2026-08-25
Unibank,non,2022-09-30,2022-T3,Dépôts totaux,187147926.7,milliers de gourdes,SRC-063,BRH — sommaire financier détaillé (CAMEL),"Données publiques haïtiennes — décret du 12/10/2005, art. 5 (textes officiels des autorités publiques et simples données)","BRH — Banque de la République d'Haïti, sommaire financier détaillé (indicateurs CAMEL) du système bancaire",2026-08-25
Banque Nationale de Crédit,non,2022-09-30,2022-T3,Employés,854.0,unités,SRC-063,BRH — sommaire financier détaillé (CAMEL),"Données publiques haïtiennes — décret du 12/10/2005, art. 5 (textes officiels des autorités publiques et simples données)","BRH — Banque de la République d'Haïti, sommaire financier détaillé (indicateurs CAMEL) du système bancaire",2026-08-25
Banque Populaire Haïtienne,non,2022-09-30,2022-T3,Employés,123.0,unités,SRC-063,BRH — sommaire financier détaillé (CAMEL),"Données publiques haïtiennes — décret du 12/10/2005, art. 5 (textes officiels des autorités publiques et simples données)","BRH — Banque de la République d'Haïti, sommaire financier détaillé (indicateurs CAMEL) du système bancaire",2026-08-25
Banque de l'Union Haïtienne,non,2022-09-30,2022-T3,Employés,487.0,unités,SRC-063,BRH — sommaire financier détaillé (CAMEL),"Données publiques haïtiennes — décret du 12/10/2005, art. 5 (textes officiels des autorités publiques et simples données)","BRH — Banque de la République d'Haïti, sommaire financier détaillé (indicateurs CAMEL) du système bancaire",2026-08-25
Capital Bank,non,2022-09-30,2022-T3,Employés,1351.0,unités,SRC-063,BRH — sommaire financier détaillé (CAMEL),"Données publiques haïtiennes — décret du 12/10/2005, art. 5 (textes officiels des autorités publiques et simples données)","BRH — Banque de la République d'Haïti, sommaire financier détaillé (indicateurs CAMEL) du système bancaire",2026-08-25
Citibank N.A. (succursale d'Haïti),non,2022-09-30,2022-T3,Employés,22.0,unités,SRC-063,BRH — sommaire financier détaillé (CAMEL),"Données publiques haïtiennes — décret du 12/10/2005, art. 5 (textes officiels des autorités publiques et simples données)","BRH — Banque de la République d'Haïti, sommaire financier détaillé (indicateurs CAMEL) du système bancaire",2026-08-25
Ensemble du système,oui,2022-09-30,2022-T3,Employés,5446.0,unités,SRC-063,BRH — sommaire financier détaillé (CAMEL),"Données publiques haïtiennes — décret du 12/10/2005, art. 5 (textes officiels des autorités publiques et simples données)","BRH — Banque de la République d'Haïti, sommaire financier détaillé (indicateurs CAMEL) du système bancaire",2026-08-25
Sogebank,non,2022-09-30,2022-T3,Employés,1181.0,unités,SRC-063,BRH — sommaire financier détaillé (CAMEL),"Données publiques haïtiennes — décret du 12/10/2005, art. 5 (textes officiels des autorités publiques et simples données)","BRH — Banque de la République d'Haïti, sommaire financier détaillé (indicateurs CAMEL) du système bancaire",2026-08-25
Sogebel,non,2022-09-30,2022-T3,Employés,77.0,unités,SRC-063,BRH — sommaire financier détaillé (CAMEL),"Données publiques haïtiennes — décret du 12/10/2005, art. 5 (textes officiels des autorités publiques et simples données)","BRH — Banque de la République d'Haïti, sommaire financier détaillé (indicateurs CAMEL) du système bancaire",2026-08-25
Unibank,non,2022-09-30,2022-T3,Employés,1351.0,unités,SRC-063,BRH — sommaire financier détaillé (CAMEL),"Données publiques haïtiennes — décret du 12/10/2005, art. 5 (textes officiels des autorités publiques et simples données)","BRH — Banque de la République d'Haïti, sommaire financier détaillé (indicateurs CAMEL) du système bancaire",2026-08-25
Banque Nationale de Crédit,non,2022-09-30,2022-T3,Liquidité en % de l'actif,63.56,%,SRC-063,BRH — sommaire financier détaillé (CAMEL),"Données publiques haïtiennes — décret du 12/10/2005, art. 5 (textes officiels des autorités publiques et simples données)","BRH — Banque de la République d'Haïti, sommaire financier détaillé (indicateurs CAMEL) du système bancaire",2026-08-25
Banque Populaire Haïtienne,non,2022-09-30,2022-T3,Liquidité en % de l'actif,70.48,%,SRC-063,BRH — sommaire financier détaillé (CAMEL),"Données publiques haïtiennes — décret du 12/10/2005, art. 5 (textes officiels des autorités publiques et simples données)","BRH — Banque de la République d'Haïti, sommaire financier détaillé (indicateurs CAMEL) du système bancaire",2026-08-25
Banque de l'Union Haïtienne,non,2022-09-30,2022-T3,Liquidité en % de l'actif,46.37,%,SRC-063,BRH — sommaire financier détaillé (CAMEL),"Données publiques haïtiennes — décret du 12/10/2005, art. 5 (textes officiels des autorités publiques et simples données)","BRH — Banque de la République d'Haïti, sommaire financier détaillé (indicateurs CAMEL) du système bancaire",2026-08-25
Capital Bank,non,2022-09-30,2022-T3,Liquidité en % de l'actif,52.71,%,SRC-063,BRH — sommaire financier détaillé (CAMEL),"Données publiques haïtiennes — décret du 12/10/2005, art. 5 (textes officiels des autorités publiques et simples données)","BRH — Banque de la République d'Haïti, sommaire financier détaillé (indicateurs CAMEL) du système bancaire",2026-08-25
Citibank N.A. (succursale d'Haïti),non,2022-09-30,2022-T3,Liquidité en % de l'actif,93.11,%,SRC-063,BRH — sommaire financier détaillé (CAMEL),"Données publiques haïtiennes — décret du 12/10/2005, art. 5 (textes officiels des autorités publiques et simples données)","BRH — Banque de la République d'Haïti, sommaire financier détaillé (indicateurs CAMEL) du système bancaire",2026-08-25
Ensemble du système,oui,2022-09-30,2022-T3,Liquidité en % de l'actif,54.02,%,SRC-063,BRH — sommaire financier détaillé (CAMEL),"Données publiques haïtiennes — décret du 12/10/2005, art. 5 (textes officiels des autorités publiques et simples données)","BRH — Banque de la République d'Haïti, sommaire financier détaillé (indicateurs CAMEL) du système bancaire",2026-08-25
Sogebank,non,2022-09-30,2022-T3,Liquidité en % de l'actif,48.58,%,SRC-063,BRH — sommaire financier détaillé (CAMEL),"Données publiques haïtiennes — décret du 12/10/2005, art. 5 (textes officiels des autorités publiques et simples données)","BRH — Banque de la République d'Haïti, sommaire financier détaillé (indicateurs CAMEL) du système bancaire",2026-08-25
Sogebel,non,2022-09-30,2022-T3,Liquidité en % de l'actif,20.06,%,SRC-063,BRH — sommaire financier détaillé (CAMEL),"Données publiques haïtiennes — décret du 12/10/2005, art. 5 (textes officiels des autorités publiques et simples données)","BRH — Banque de la République d'Haïti, sommaire financier détaillé (indicateurs CAMEL) du système bancaire",2026-08-25
Unibank,non,2022-09-30,2022-T3,Liquidité en % de l'actif,54.94,%,SRC-063,BRH — sommaire financier détaillé (CAMEL),"Données publiques haïtiennes — décret du 12/10/2005, art. 5 (textes officiels des autorités publiques et simples données)","BRH — Banque de la République d'Haïti, sommaire financier détaillé (indicateurs CAMEL) du système bancaire",2026-08-25
Banque Nationale de Crédit,non,2022-09-30,2022-T3,Part du portefeuille net en devises,21.0,%,SRC-063,BRH — sommaire financier détaillé (CAMEL),"Données publiques haïtiennes — décret du 12/10/2005, art. 5 (textes officiels des autorités publiques et simples données)","BRH — Banque de la République d'Haïti, sommaire financier détaillé (indicateurs CAMEL) du système bancaire",2026-08-25
Banque Populaire Haïtienne,non,2022-09-30,2022-T3,Part du portefeuille net en devises,197.5,%,SRC-063,BRH — sommaire financier détaillé (CAMEL),"Données publiques haïtiennes — décret du 12/10/2005, art. 5 (textes officiels des autorités publiques et simples données)","BRH — Banque de la République d'Haïti, sommaire financier détaillé (indicateurs CAMEL) du système bancaire",2026-08-25
Banque de l'Union Haïtienne,non,2022-09-30,2022-T3,Part du portefeuille net en devises,42.5,%,SRC-063,BRH — sommaire financier détaillé (CAMEL),"Données publiques haïtiennes — décret du 12/10/2005, art. 5 (textes officiels des autorités publiques et simples données)","BRH — Banque de la République d'Haïti, sommaire financier détaillé (indicateurs CAMEL) du système bancaire",2026-08-25
Capital Bank,non,2022-09-30,2022-T3,Part du portefeuille net en devises,58.1,%,SRC-063,BRH — sommaire financier détaillé (CAMEL),"Données publiques haïtiennes — décret du 12/10/2005, art. 5 (textes officiels des autorités publiques et simples données)","BRH — Banque de la République d'Haïti, sommaire financier détaillé (indicateurs CAMEL) du système bancaire",2026-08-25
Citibank N.A. (succursale d'Haïti),non,2022-09-30,2022-T3,Part du portefeuille net en devises,0.0,%,SRC-063,BRH — sommaire financier détaillé (CAMEL),"Données publiques haïtiennes — décret du 12/10/2005, art. 5 (textes officiels des autorités publiques et simples données)","BRH — Banque de la République d'Haïti, sommaire financier détaillé (indicateurs CAMEL) du système bancaire",2026-08-25
Ensemble du système,oui,2022-09-30,2022-T3,Part du portefeuille net en devises,50.5,%,SRC-063,BRH — sommaire financier détaillé (CAMEL),"Données publiques haïtiennes — décret du 12/10/2005, art. 5 (textes officiels des autorités publiques et simples données)","BRH — Banque de la République d'Haïti, sommaire financier détaillé (indicateurs CAMEL) du système bancaire",2026-08-25
Sogebank,non,2022-09-30,2022-T3,Part du portefeuille net en devises,50.7,%,SRC-063,BRH — sommaire financier détaillé (CAMEL),"Données publiques haïtiennes — décret du 12/10/2005, art. 5 (textes officiels des autorités publiques et simples données)","BRH — Banque de la République d'Haïti, sommaire financier détaillé (indicateurs CAMEL) du système bancaire",2026-08-25
Sogebel,non,2022-09-30,2022-T3,Part du portefeuille net en devises,50.3,%,SRC-063,BRH — sommaire financier détaillé (CAMEL),"Données publiques haïtiennes — décret du 12/10/2005, art. 5 (textes officiels des autorités publiques et simples données)","BRH — Banque de la République d'Haïti, sommaire financier détaillé (indicateurs CAMEL) du système bancaire",2026-08-25
Unibank,non,2022-09-30,2022-T3,Part du portefeuille net en devises,62.4,%,SRC-063,BRH — sommaire financier détaillé (CAMEL),"Données publiques haïtiennes — décret du 12/10/2005, art. 5 (textes officiels des autorités publiques et simples données)","BRH — Banque de la République d'Haïti, sommaire financier détaillé (indicateurs CAMEL) du système bancaire",2026-08-25
Banque Nationale de Crédit,non,2022-09-30,2022-T3,Portefeuille de prêts brut,25652901.0,milliers de gourdes,SRC-063,BRH — sommaire financier détaillé (CAMEL),"Données publiques haïtiennes — décret du 12/10/2005, art. 5 (textes officiels des autorités publiques et simples données)","BRH — Banque de la République d'Haïti, sommaire financier détaillé (indicateurs CAMEL) du système bancaire",2026-08-25
Banque Populaire Haïtienne,non,2022-09-30,2022-T3,Portefeuille de prêts brut,1348228.1,milliers de gourdes,SRC-063,BRH — sommaire financier détaillé (CAMEL),"Données publiques haïtiennes — décret du 12/10/2005, art. 5 (textes officiels des autorités publiques et simples données)","BRH — Banque de la République d'Haïti, sommaire financier détaillé (indicateurs CAMEL) du système bancaire",2026-08-25
Banque de l'Union Haïtienne,non,2022-09-30,2022-T3,Portefeuille de prêts brut,16045910.8,milliers de gourdes,SRC-063,BRH — sommaire financier détaillé (CAMEL),"Données publiques haïtiennes — décret du 12/10/2005, art. 5 (textes officiels des autorités publiques et simples données)","BRH — Banque de la République d'Haïti, sommaire financier détaillé (indicateurs CAMEL) du système bancaire",2026-08-25
Capital Bank,non,2022-09-30,2022-T3,Portefeuille de prêts brut,14839783.0,milliers de gourdes,SRC-063,BRH — sommaire financier détaillé (CAMEL),"Données publiques haïtiennes — décret du 12/10/2005, art. 5 (textes officiels des autorités publiques et simples données)","BRH — Banque de la République d'Haïti, sommaire financier détaillé (indicateurs CAMEL) du système bancaire",2026-08-25
Citibank N.A. (succursale d'Haïti),non,2022-09-30,2022-T3,Portefeuille de prêts brut,96667.0,milliers de gourdes,SRC-063,BRH — sommaire financier détaillé (CAMEL),"Données publiques haïtiennes — décret du 12/10/2005, art. 5 (textes officiels des autorités publiques et simples données)","BRH — Banque de la République d'Haïti, sommaire financier détaillé (indicateurs CAMEL) du système bancaire",2026-08-25
Ensemble du système,oui,2022-09-30,2022-T3,Portefeuille de prêts brut,159014657.6,milliers de gourdes,SRC-063,BRH — sommaire financier détaillé (CAMEL),"Données publiques haïtiennes — décret du 12/10/2005, art. 5 (textes officiels des autorités publiques et simples données)","BRH — Banque de la République d'Haïti, sommaire financier détaillé (indicateurs CAMEL) du système bancaire",2026-08-25
Sogebank,non,2022-09-30,2022-T3,Portefeuille de prêts brut,42803425.9,milliers de gourdes,SRC-063,BRH — sommaire financier détaillé (CAMEL),"Données publiques haïtiennes — décret du 12/10/2005, art. 5 (textes officiels des autorités publiques et simples données)","BRH — Banque de la République d'Haïti, sommaire financier détaillé (indicateurs CAMEL) du système bancaire",2026-08-25
Sogebel,non,2022-09-30,2022-T3,Portefeuille de prêts brut,5279058.5,milliers de gourdes,SRC-063,BRH — sommaire financier détaillé (CAMEL),"Données publiques haïtiennes — décret du 12/10/2005, art. 5 (textes officiels des autorités publiques et simples données)","BRH — Banque de la République d'Haïti, sommaire financier détaillé (indicateurs CAMEL) du système bancaire",2026-08-25
Unibank,non,2022-09-30,2022-T3,Portefeuille de prêts brut,52948683.2,milliers de gourdes,SRC-063,BRH — sommaire financier détaillé (CAMEL),"Données publiques haïtiennes — décret du 12/10/2005, art. 5 (textes officiels des autorités publiques et simples données)","BRH — Banque de la République d'Haïti, sommaire financier détaillé (indicateurs CAMEL) du système bancaire",2026-08-25
Banque Nationale de Crédit,non,2022-09-30,2022-T3,Succursales et points de service actifs,39.0,unités,SRC-063,BRH — sommaire financier détaillé (CAMEL),"Données publiques haïtiennes — décret du 12/10/2005, art. 5 (textes officiels des autorités publiques et simples données)","BRH — Banque de la République d'Haïti, sommaire financier détaillé (indicateurs CAMEL) du système bancaire",2026-08-25
Banque Populaire Haïtienne,non,2022-09-30,2022-T3,Succursales et points de service actifs,4.0,unités,SRC-063,BRH — sommaire financier détaillé (CAMEL),"Données publiques haïtiennes — décret du 12/10/2005, art. 5 (textes officiels des autorités publiques et simples données)","BRH — Banque de la République d'Haïti, sommaire financier détaillé (indicateurs CAMEL) du système bancaire",2026-08-25
Banque de l'Union Haïtienne,non,2022-09-30,2022-T3,Succursales et points de service actifs,24.0,unités,SRC-063,BRH — sommaire financier détaillé (CAMEL),"Données publiques haïtiennes — décret du 12/10/2005, art. 5 (textes officiels des autorités publiques et simples données)","BRH — Banque de la République d'Haïti, sommaire financier détaillé (indicateurs CAMEL) du système bancaire",2026-08-25
Capital Bank,non,2022-09-30,2022-T3,Succursales et points de service actifs,25.0,unités,SRC-063,BRH — sommaire financier détaillé (CAMEL),"Données publiques haïtiennes — décret du 12/10/2005, art. 5 (textes officiels des autorités publiques et simples données)","BRH — Banque de la République d'Haïti, sommaire financier détaillé (indicateurs CAMEL) du système bancaire",2026-08-25
Citibank N.A. (succursale d'Haïti),non,2022-09-30,2022-T3,Succursales et points de service actifs,1.0,unités,SRC-063,BRH — sommaire financier détaillé (CAMEL),"Données publiques haïtiennes — décret du 12/10/2005, art. 5 (textes officiels des autorités publiques et simples données)","BRH — Banque de la République d'Haïti, sommaire financier détaillé (indicateurs CAMEL) du système bancaire",2026-08-25
Ensemble du système,oui,2022-09-30,2022-T3,Succursales et points de service actifs,195.0,unités,SRC-063,BRH — sommaire financier détaillé (CAMEL),"Données publiques haïtiennes — décret du 12/10/2005, art. 5 (textes officiels des autorités publiques et simples données)","BRH — Banque de la République d'Haïti, sommaire financier détaillé (indicateurs CAMEL) du système bancaire",2026-08-25
Sogebank,non,2022-09-30,2022-T3,Succursales et points de service actifs,45.0,unités,SRC-063,BRH — sommaire financier détaillé (CAMEL),"Données publiques haïtiennes — décret du 12/10/2005, art. 5 (textes officiels des autorités publiques et simples données)","BRH — Banque de la République d'Haïti, sommaire financier détaillé (indicateurs CAMEL) du système bancaire",2026-08-25
Sogebel,non,2022-09-30,2022-T3,Succursales et points de service actifs,4.0,unités,SRC-063,BRH — sommaire financier détaillé (CAMEL),"Données publiques haïtiennes — décret du 12/10/2005, art. 5 (textes officiels des autorités publiques et simples données)","BRH — Banque de la République d'Haïti, sommaire financier détaillé (indicateurs CAMEL) du système bancaire",2026-08-25
Unibank,non,2022-09-30,2022-T3,Succursales et points de service actifs,53.0,unités,SRC-063,BRH — sommaire financier détaillé (CAMEL),"Données publiques haïtiennes — décret du 12/10/2005, art. 5 (textes officiels des autorités publiques et simples données)","BRH — Banque de la République d'Haïti, sommaire financier détaillé (indicateurs CAMEL) du système bancaire",2026-08-25
Banque Nationale de Crédit,non,2022-12-31,2022-T4,Actif total,127711242.0,milliers de gourdes,SRC-063,BRH — sommaire financier détaillé (CAMEL),"Données publiques haïtiennes — décret du 12/10/2005, art. 5 (textes officiels des autorités publiques et simples données)","BRH — Banque de la République d'Haïti, sommaire financier détaillé (indicateurs CAMEL) du système bancaire",2026-08-25
Banque Populaire Haïtienne,non,2022-12-31,2022-T4,Actif total,6133163.7,milliers de gourdes,SRC-063,BRH — sommaire financier détaillé (CAMEL),"Données publiques haïtiennes — décret du 12/10/2005, art. 5 (textes officiels des autorités publiques et simples données)","BRH — Banque de la République d'Haïti, sommaire financier détaillé (indicateurs CAMEL) du système bancaire",2026-08-25
Banque de l'Union Haïtienne,non,2022-12-31,2022-T4,Actif total,49631766.6,milliers de gourdes,SRC-063,BRH — sommaire financier détaillé (CAMEL),"Données publiques haïtiennes — décret du 12/10/2005, art. 5 (textes officiels des autorités publiques et simples données)","BRH — Banque de la République d'Haïti, sommaire financier détaillé (indicateurs CAMEL) du système bancaire",2026-08-25
Capital Bank,non,2022-12-31,2022-T4,Actif total,52805947.0,milliers de gourdes,SRC-063,BRH — sommaire financier détaillé (CAMEL),"Données publiques haïtiennes — décret du 12/10/2005, art. 5 (textes officiels des autorités publiques et simples données)","BRH — Banque de la République d'Haïti, sommaire financier détaillé (indicateurs CAMEL) du système bancaire",2026-08-25
Citibank N.A. (succursale d'Haïti),non,2022-12-31,2022-T4,Actif total,6293856.0,milliers de gourdes,SRC-063,BRH — sommaire financier détaillé (CAMEL),"Données publiques haïtiennes — décret du 12/10/2005, art. 5 (textes officiels des autorités publiques et simples données)","BRH — Banque de la République d'Haïti, sommaire financier détaillé (indicateurs CAMEL) du système bancaire",2026-08-25
Ensemble du système,oui,2022-12-31,2022-T4,Actif total,682745845.4,milliers de gourdes,SRC-063,BRH — sommaire financier détaillé (CAMEL),"Données publiques haïtiennes — décret du 12/10/2005, art. 5 (textes officiels des autorités publiques et simples données)","BRH — Banque de la République d'Haïti, sommaire financier détaillé (indicateurs CAMEL) du système bancaire",2026-08-25
Sogebank,non,2022-12-31,2022-T4,Actif total,178646567.3,milliers de gourdes,SRC-063,BRH — sommaire financier détaillé (CAMEL),"Données publiques haïtiennes — décret du 12/10/2005, art. 5 (textes officiels des autorités publiques et simples données)","BRH — Banque de la République d'Haïti, sommaire financier détaillé (indicateurs CAMEL) du système bancaire",2026-08-25
Sogebel,non,2022-12-31,2022-T4,Actif total,13000997.8,milliers de gourdes,SRC-063,BRH — sommaire financier détaillé (CAMEL),"Données publiques haïtiennes — décret du 12/10/2005, art. 5 (textes officiels des autorités publiques et simples données)","BRH — Banque de la République d'Haïti, sommaire financier détaillé (indicateurs CAMEL) du système bancaire",2026-08-25
Unibank,non,2022-12-31,2022-T4,Actif total,248522305.0,milliers de gourdes,SRC-063,BRH — sommaire financier détaillé (CAMEL),"Données publiques haïtiennes — décret du 12/10/2005, art. 5 (textes officiels des autorités publiques et simples données)","BRH — Banque de la République d'Haïti, sommaire financier détaillé (indicateurs CAMEL) du système bancaire",2026-08-25
Banque Nationale de Crédit,non,2022-12-31,2022-T4,Comptes de dépôt,555046.0,unités,SRC-063,BRH — sommaire financier détaillé (CAMEL),"Données publiques haïtiennes — décret du 12/10/2005, art. 5 (textes officiels des autorités publiques et simples données)","BRH — Banque de la République d'Haïti, sommaire financier détaillé (indicateurs CAMEL) du système bancaire",2026-08-25
Banque Populaire Haïtienne,non,2022-12-31,2022-T4,Comptes de dépôt,16799.0,unités,SRC-063,BRH — sommaire financier détaillé (CAMEL),"Données publiques haïtiennes — décret du 12/10/2005, art. 5 (textes officiels des autorités publiques et simples données)","BRH — Banque de la République d'Haïti, sommaire financier détaillé (indicateurs CAMEL) du système bancaire",2026-08-25
Banque de l'Union Haïtienne,non,2022-12-31,2022-T4,Comptes de dépôt,107041.0,unités,SRC-063,BRH — sommaire financier détaillé (CAMEL),"Données publiques haïtiennes — décret du 12/10/2005, art. 5 (textes officiels des autorités publiques et simples données)","BRH — Banque de la République d'Haïti, sommaire financier détaillé (indicateurs CAMEL) du système bancaire",2026-08-25
Capital Bank,non,2022-12-31,2022-T4,Comptes de dépôt,120871.0,unités,SRC-063,BRH — sommaire financier détaillé (CAMEL),"Données publiques haïtiennes — décret du 12/10/2005, art. 5 (textes officiels des autorités publiques et simples données)","BRH — Banque de la République d'Haïti, sommaire financier détaillé (indicateurs CAMEL) du système bancaire",2026-08-25
Citibank N.A. (succursale d'Haïti),non,2022-12-31,2022-T4,Comptes de dépôt,1166.0,unités,SRC-063,BRH — sommaire financier détaillé (CAMEL),"Données publiques haïtiennes — décret du 12/10/2005, art. 5 (textes officiels des autorités publiques et simples données)","BRH — Banque de la République d'Haïti, sommaire financier détaillé (indicateurs CAMEL) du système bancaire",2026-08-25
Ensemble du système,oui,2022-12-31,2022-T4,Comptes de dépôt,2772087.0,unités,SRC-063,BRH — sommaire financier détaillé (CAMEL),"Données publiques haïtiennes — décret du 12/10/2005, art. 5 (textes officiels des autorités publiques et simples données)","BRH — Banque de la République d'Haïti, sommaire financier détaillé (indicateurs CAMEL) du système bancaire",2026-08-25
Sogebank,non,2022-12-31,2022-T4,Comptes de dépôt,662137.0,unités,SRC-063,BRH — sommaire financier détaillé (CAMEL),"Données publiques haïtiennes — décret du 12/10/2005, art. 5 (textes officiels des autorités publiques et simples données)","BRH — Banque de la République d'Haïti, sommaire financier détaillé (indicateurs CAMEL) du système bancaire",2026-08-25
Sogebel,non,2022-12-31,2022-T4,Comptes de dépôt,8390.0,unités,SRC-063,BRH — sommaire financier détaillé (CAMEL),"Données publiques haïtiennes — décret du 12/10/2005, art. 5 (textes officiels des autorités publiques et simples données)","BRH — Banque de la République d'Haïti, sommaire financier détaillé (indicateurs CAMEL) du système bancaire",2026-08-25
Unibank,non,2022-12-31,2022-T4,Comptes de dépôt,1300637.0,unités,SRC-063,BRH — sommaire financier détaillé (CAMEL),"Données publiques haïtiennes — décret du 12/10/2005, art. 5 (textes officiels des autorités publiques et simples données)","BRH — Banque de la République d'Haïti, sommaire financier détaillé (indicateurs CAMEL) du système bancaire",2026-08-25
Banque Nationale de Crédit,non,2022-12-31,2022-T4,Comptes de prêt,29357.0,unités,SRC-063,BRH — sommaire financier détaillé (CAMEL),"Données publiques haïtiennes — décret du 12/10/2005, art. 5 (textes officiels des autorités publiques et simples données)","BRH — Banque de la République d'Haïti, sommaire financier détaillé (indicateurs CAMEL) du système bancaire",2026-08-25
Banque Populaire Haïtienne,non,2022-12-31,2022-T4,Comptes de prêt,195.0,unités,SRC-063,BRH — sommaire financier détaillé (CAMEL),"Données publiques haïtiennes — décret du 12/10/2005, art. 5 (textes officiels des autorités publiques et simples données)","BRH — Banque de la République d'Haïti, sommaire financier détaillé (indicateurs CAMEL) du système bancaire",2026-08-25
Banque de l'Union Haïtienne,non,2022-12-31,2022-T4,Comptes de prêt,646.0,unités,SRC-063,BRH — sommaire financier détaillé (CAMEL),"Données publiques haïtiennes — décret du 12/10/2005, art. 5 (textes officiels des autorités publiques et simples données)","BRH — Banque de la République d'Haïti, sommaire financier détaillé (indicateurs CAMEL) du système bancaire",2026-08-25
Capital Bank,non,2022-12-31,2022-T4,Comptes de prêt,4518.0,unités,SRC-063,BRH — sommaire financier détaillé (CAMEL),"Données publiques haïtiennes — décret du 12/10/2005, art. 5 (textes officiels des autorités publiques et simples données)","BRH — Banque de la République d'Haïti, sommaire financier détaillé (indicateurs CAMEL) du système bancaire",2026-08-25
Citibank N.A. (succursale d'Haïti),non,2022-12-31,2022-T4,Comptes de prêt,1.0,unités,SRC-063,BRH — sommaire financier détaillé (CAMEL),"Données publiques haïtiennes — décret du 12/10/2005, art. 5 (textes officiels des autorités publiques et simples données)","BRH — Banque de la République d'Haïti, sommaire financier détaillé (indicateurs CAMEL) du système bancaire",2026-08-25
Ensemble du système,oui,2022-12-31,2022-T4,Comptes de prêt,74964.0,unités,SRC-063,BRH — sommaire financier détaillé (CAMEL),"Données publiques haïtiennes — décret du 12/10/2005, art. 5 (textes officiels des autorités publiques et simples données)","BRH — Banque de la République d'Haïti, sommaire financier détaillé (indicateurs CAMEL) du système bancaire",2026-08-25
Sogebank,non,2022-12-31,2022-T4,Comptes de prêt,27991.0,unités,SRC-063,BRH — sommaire financier détaillé (CAMEL),"Données publiques haïtiennes — décret du 12/10/2005, art. 5 (textes officiels des autorités publiques et simples données)","BRH — Banque de la République d'Haïti, sommaire financier détaillé (indicateurs CAMEL) du système bancaire",2026-08-25
Sogebel,non,2022-12-31,2022-T4,Comptes de prêt,436.0,unités,SRC-063,BRH — sommaire financier détaillé (CAMEL),"Données publiques haïtiennes — décret du 12/10/2005, art. 5 (textes officiels des autorités publiques et simples données)","BRH — Banque de la République d'Haïti, sommaire financier détaillé (indicateurs CAMEL) du système bancaire",2026-08-25
Unibank,non,2022-12-31,2022-T4,Comptes de prêt,11820.0,unités,SRC-063,BRH — sommaire financier détaillé (CAMEL),"Données publiques haïtiennes — décret du 12/10/2005, art. 5 (textes officiels des autorités publiques et simples données)","BRH — Banque de la République d'Haïti, sommaire financier détaillé (indicateurs CAMEL) du système bancaire",2026-08-25
Banque Nationale de Crédit,non,2022-12-31,2022-T4,Dépôts totaux,99573837.0,milliers de gourdes,SRC-063,BRH — sommaire financier détaillé (CAMEL),"Données publiques haïtiennes — décret du 12/10/2005, art. 5 (textes officiels des autorités publiques et simples données)","BRH — Banque de la République d'Haïti, sommaire financier détaillé (indicateurs CAMEL) du système bancaire",2026-08-25
Banque Populaire Haïtienne,non,2022-12-31,2022-T4,Dépôts totaux,5188976.5,milliers de gourdes,SRC-063,BRH — sommaire financier détaillé (CAMEL),"Données publiques haïtiennes — décret du 12/10/2005, art. 5 (textes officiels des autorités publiques et simples données)","BRH — Banque de la République d'Haïti, sommaire financier détaillé (indicateurs CAMEL) du système bancaire",2026-08-25
Banque de l'Union Haïtienne,non,2022-12-31,2022-T4,Dépôts totaux,42316571.2,milliers de gourdes,SRC-063,BRH — sommaire financier détaillé (CAMEL),"Données publiques haïtiennes — décret du 12/10/2005, art. 5 (textes officiels des autorités publiques et simples données)","BRH — Banque de la République d'Haïti, sommaire financier détaillé (indicateurs CAMEL) du système bancaire",2026-08-25
Capital Bank,non,2022-12-31,2022-T4,Dépôts totaux,42655914.0,milliers de gourdes,SRC-063,BRH — sommaire financier détaillé (CAMEL),"Données publiques haïtiennes — décret du 12/10/2005, art. 5 (textes officiels des autorités publiques et simples données)","BRH — Banque de la République d'Haïti, sommaire financier détaillé (indicateurs CAMEL) du système bancaire",2026-08-25
Citibank N.A. (succursale d'Haïti),non,2022-12-31,2022-T4,Dépôts totaux,4806684.0,milliers de gourdes,SRC-063,BRH — sommaire financier détaillé (CAMEL),"Données publiques haïtiennes — décret du 12/10/2005, art. 5 (textes officiels des autorités publiques et simples données)","BRH — Banque de la République d'Haïti, sommaire financier détaillé (indicateurs CAMEL) du système bancaire",2026-08-25
Ensemble du système,oui,2022-12-31,2022-T4,Dépôts totaux,564139666.7,milliers de gourdes,SRC-063,BRH — sommaire financier détaillé (CAMEL),"Données publiques haïtiennes — décret du 12/10/2005, art. 5 (textes officiels des autorités publiques et simples données)","BRH — Banque de la République d'Haïti, sommaire financier détaillé (indicateurs CAMEL) du système bancaire",2026-08-25
Sogebank,non,2022-12-31,2022-T4,Dépôts totaux,148227669.3,milliers de gourdes,SRC-063,BRH — sommaire financier détaillé (CAMEL),"Données publiques haïtiennes — décret du 12/10/2005, art. 5 (textes officiels des autorités publiques et simples données)","BRH — Banque de la République d'Haïti, sommaire financier détaillé (indicateurs CAMEL) du système bancaire",2026-08-25
Sogebel,non,2022-12-31,2022-T4,Dépôts totaux,9310027.6,milliers de gourdes,SRC-063,BRH — sommaire financier détaillé (CAMEL),"Données publiques haïtiennes — décret du 12/10/2005, art. 5 (textes officiels des autorités publiques et simples données)","BRH — Banque de la République d'Haïti, sommaire financier détaillé (indicateurs CAMEL) du système bancaire",2026-08-25
Unibank,non,2022-12-31,2022-T4,Dépôts totaux,212059987.1,milliers de gourdes,SRC-063,BRH — sommaire financier détaillé (CAMEL),"Données publiques haïtiennes — décret du 12/10/2005, art. 5 (textes officiels des autorités publiques et simples données)","BRH — Banque de la République d'Haïti, sommaire financier détaillé (indicateurs CAMEL) du système bancaire",2026-08-25
Banque Nationale de Crédit,non,2022-12-31,2022-T4,Employés,855.0,unités,SRC-063,BRH — sommaire financier détaillé (CAMEL),"Données publiques haïtiennes — décret du 12/10/2005, art. 5 (textes officiels des autorités publiques et simples données)","BRH — Banque de la République d'Haïti, sommaire financier détaillé (indicateurs CAMEL) du système bancaire",2026-08-25
Banque Populaire Haïtienne,non,2022-12-31,2022-T4,Employés,127.0,unités,SRC-063,BRH — sommaire financier détaillé (CAMEL),"Données publiques haïtiennes — décret du 12/10/2005, art. 5 (textes officiels des autorités publiques et simples données)","BRH — Banque de la République d'Haïti, sommaire financier détaillé (indicateurs CAMEL) du système bancaire",2026-08-25
Banque de l'Union Haïtienne,non,2022-12-31,2022-T4,Employés,479.0,unités,SRC-063,BRH — sommaire financier détaillé (CAMEL),"Données publiques haïtiennes — décret du 12/10/2005, art. 5 (textes officiels des autorités publiques et simples données)","BRH — Banque de la République d'Haïti, sommaire financier détaillé (indicateurs CAMEL) du système bancaire",2026-08-25
Capital Bank,non,2022-12-31,2022-T4,Employés,820.0,unités,SRC-063,BRH — sommaire financier détaillé (CAMEL),"Données publiques haïtiennes — décret du 12/10/2005, art. 5 (textes officiels des autorités publiques et simples données)","BRH — Banque de la République d'Haïti, sommaire financier détaillé (indicateurs CAMEL) du système bancaire",2026-08-25
Citibank N.A. (succursale d'Haïti),non,2022-12-31,2022-T4,Employés,20.0,unités,SRC-063,BRH — sommaire financier détaillé (CAMEL),"Données publiques haïtiennes — décret du 12/10/2005, art. 5 (textes officiels des autorités publiques et simples données)","BRH — Banque de la République d'Haïti, sommaire financier détaillé (indicateurs CAMEL) du système bancaire",2026-08-25
Ensemble du système,oui,2022-12-31,2022-T4,Employés,4890.0,unités,SRC-063,BRH — sommaire financier détaillé (CAMEL),"Données publiques haïtiennes — décret du 12/10/2005, art. 5 (textes officiels des autorités publiques et simples données)","BRH — Banque de la République d'Haïti, sommaire financier détaillé (indicateurs CAMEL) du système bancaire",2026-08-25
Sogebank,non,2022-12-31,2022-T4,Employés,1163.0,unités,SRC-063,BRH — sommaire financier détaillé (CAMEL),"Données publiques haïtiennes — décret du 12/10/2005, art. 5 (textes officiels des autorités publiques et simples données)","BRH — Banque de la République d'Haïti, sommaire financier détaillé (indicateurs CAMEL) du système bancaire",2026-08-25
Sogebel,non,2022-12-31,2022-T4,Employés,76.0,unités,SRC-063,BRH — sommaire financier détaillé (CAMEL),"Données publiques haïtiennes — décret du 12/10/2005, art. 5 (textes officiels des autorités publiques et simples données)","BRH — Banque de la République d'Haïti, sommaire financier détaillé (indicateurs CAMEL) du système bancaire",2026-08-25
Unibank,non,2022-12-31,2022-T4,Employés,1350.0,unités,SRC-063,BRH — sommaire financier détaillé (CAMEL),"Données publiques haïtiennes — décret du 12/10/2005, art. 5 (textes officiels des autorités publiques et simples données)","BRH — Banque de la République d'Haïti, sommaire financier détaillé (indicateurs CAMEL) du système bancaire",2026-08-25
Banque Nationale de Crédit,non,2022-12-31,2022-T4,Liquidité en % de l'actif,63.32,%,SRC-063,BRH — sommaire financier détaillé (CAMEL),"Données publiques haïtiennes — décret du 12/10/2005, art. 5 (textes officiels des autorités publiques et simples données)","BRH — Banque de la République d'Haïti, sommaire financier détaillé (indicateurs CAMEL) du système bancaire",2026-08-25
Banque Populaire Haïtienne,non,2022-12-31,2022-T4,Liquidité en % de l'actif,65.19,%,SRC-063,BRH — sommaire financier détaillé (CAMEL),"Données publiques haïtiennes — décret du 12/10/2005, art. 5 (textes officiels des autorités publiques et simples données)","BRH — Banque de la République d'Haïti, sommaire financier détaillé (indicateurs CAMEL) du système bancaire",2026-08-25
Banque de l'Union Haïtienne,non,2022-12-31,2022-T4,Liquidité en % de l'actif,46.06,%,SRC-063,BRH — sommaire financier détaillé (CAMEL),"Données publiques haïtiennes — décret du 12/10/2005, art. 5 (textes officiels des autorités publiques et simples données)","BRH — Banque de la République d'Haïti, sommaire financier détaillé (indicateurs CAMEL) du système bancaire",2026-08-25
Capital Bank,non,2022-12-31,2022-T4,Liquidité en % de l'actif,53.27,%,SRC-063,BRH — sommaire financier détaillé (CAMEL),"Données publiques haïtiennes — décret du 12/10/2005, art. 5 (textes officiels des autorités publiques et simples données)","BRH — Banque de la République d'Haïti, sommaire financier détaillé (indicateurs CAMEL) du système bancaire",2026-08-25
Citibank N.A. (succursale d'Haïti),non,2022-12-31,2022-T4,Liquidité en % de l'actif,93.66,%,SRC-063,BRH — sommaire financier détaillé (CAMEL),"Données publiques haïtiennes — décret du 12/10/2005, art. 5 (textes officiels des autorités publiques et simples données)","BRH — Banque de la République d'Haïti, sommaire financier détaillé (indicateurs CAMEL) du système bancaire",2026-08-25
Ensemble du système,oui,2022-12-31,2022-T4,Liquidité en % de l'actif,51.82,%,SRC-063,BRH — sommaire financier détaillé (CAMEL),"Données publiques haïtiennes — décret du 12/10/2005, art. 5 (textes officiels des autorités publiques et simples données)","BRH — Banque de la République d'Haïti, sommaire financier détaillé (indicateurs CAMEL) du système bancaire",2026-08-25
Sogebank,non,2022-12-31,2022-T4,Liquidité en % de l'actif,44.67,%,SRC-063,BRH — sommaire financier détaillé (CAMEL),"Données publiques haïtiennes — décret du 12/10/2005, art. 5 (textes officiels des autorités publiques et simples données)","BRH — Banque de la République d'Haïti, sommaire financier détaillé (indicateurs CAMEL) du système bancaire",2026-08-25
Sogebel,non,2022-12-31,2022-T4,Liquidité en % de l'actif,19.3,%,SRC-063,BRH — sommaire financier détaillé (CAMEL),"Données publiques haïtiennes — décret du 12/10/2005, art. 5 (textes officiels des autorités publiques et simples données)","BRH — Banque de la République d'Haïti, sommaire financier détaillé (indicateurs CAMEL) du système bancaire",2026-08-25
Unibank,non,2022-12-31,2022-T4,Liquidité en % de l'actif,52.2,%,SRC-063,BRH — sommaire financier détaillé (CAMEL),"Données publiques haïtiennes — décret du 12/10/2005, art. 5 (textes officiels des autorités publiques et simples données)","BRH — Banque de la République d'Haïti, sommaire financier détaillé (indicateurs CAMEL) du système bancaire",2026-08-25
Banque Nationale de Crédit,non,2022-12-31,2022-T4,Part des dépôts en devises,50.8,%,SRC-063,BRH — sommaire financier détaillé (CAMEL),"Données publiques haïtiennes — décret du 12/10/2005, art. 5 (textes officiels des autorités publiques et simples données)","BRH — Banque de la République d'Haïti, sommaire financier détaillé (indicateurs CAMEL) du système bancaire",2026-08-25
Banque Populaire Haïtienne,non,2022-12-31,2022-T4,Part des dépôts en devises,65.3,%,SRC-063,BRH — sommaire financier détaillé (CAMEL),"Données publiques haïtiennes — décret du 12/10/2005, art. 5 (textes officiels des autorités publiques et simples données)","BRH — Banque de la République d'Haïti, sommaire financier détaillé (indicateurs CAMEL) du système bancaire",2026-08-25
Banque de l'Union Haïtienne,non,2022-12-31,2022-T4,Part des dépôts en devises,76.9,%,SRC-063,BRH — sommaire financier détaillé (CAMEL),"Données publiques haïtiennes — décret du 12/10/2005, art. 5 (textes officiels des autorités publiques et simples données)","BRH — Banque de la République d'Haïti, sommaire financier détaillé (indicateurs CAMEL) du système bancaire",2026-08-25
Capital Bank,non,2022-12-31,2022-T4,Part des dépôts en devises,73.7,%,SRC-063,BRH — sommaire financier détaillé (CAMEL),"Données publiques haïtiennes — décret du 12/10/2005, art. 5 (textes officiels des autorités publiques et simples données)","BRH — Banque de la République d'Haïti, sommaire financier détaillé (indicateurs CAMEL) du système bancaire",2026-08-25
Citibank N.A. (succursale d'Haïti),non,2022-12-31,2022-T4,Part des dépôts en devises,69.1,%,SRC-063,BRH — sommaire financier détaillé (CAMEL),"Données publiques haïtiennes — décret du 12/10/2005, art. 5 (textes officiels des autorités publiques et simples données)","BRH — Banque de la République d'Haïti, sommaire financier détaillé (indicateurs CAMEL) du système bancaire",2026-08-25
Ensemble du système,oui,2022-12-31,2022-T4,Part des dépôts en devises,71.7,%,SRC-063,BRH — sommaire financier détaillé (CAMEL),"Données publiques haïtiennes — décret du 12/10/2005, art. 5 (textes officiels des autorités publiques et simples données)","BRH — Banque de la République d'Haïti, sommaire financier détaillé (indicateurs CAMEL) du système bancaire",2026-08-25
Sogebank,non,2022-12-31,2022-T4,Part des dépôts en devises,73.2,%,SRC-063,BRH — sommaire financier détaillé (CAMEL),"Données publiques haïtiennes — décret du 12/10/2005, art. 5 (textes officiels des autorités publiques et simples données)","BRH — Banque de la République d'Haïti, sommaire financier détaillé (indicateurs CAMEL) du système bancaire",2026-08-25
Sogebel,non,2022-12-31,2022-T4,Part des dépôts en devises,82.0,%,SRC-063,BRH — sommaire financier détaillé (CAMEL),"Données publiques haïtiennes — décret du 12/10/2005, art. 5 (textes officiels des autorités publiques et simples données)","BRH — Banque de la République d'Haïti, sommaire financier détaillé (indicateurs CAMEL) du système bancaire",2026-08-25
Unibank,non,2022-12-31,2022-T4,Part des dépôts en devises,78.7,%,SRC-063,BRH — sommaire financier détaillé (CAMEL),"Données publiques haïtiennes — décret du 12/10/2005, art. 5 (textes officiels des autorités publiques et simples données)","BRH — Banque de la République d'Haïti, sommaire financier détaillé (indicateurs CAMEL) du système bancaire",2026-08-25
Banque Nationale de Crédit,non,2022-12-31,2022-T4,Part du portefeuille net en devises,26.0,%,SRC-063,BRH — sommaire financier détaillé (CAMEL),"Données publiques haïtiennes — décret du 12/10/2005, art. 5 (textes officiels des autorités publiques et simples données)","BRH — Banque de la République d'Haïti, sommaire financier détaillé (indicateurs CAMEL) du système bancaire",2026-08-25
Banque Populaire Haïtienne,non,2022-12-31,2022-T4,Part du portefeuille net en devises,171.1,%,SRC-063,BRH — sommaire financier détaillé (CAMEL),"Données publiques haïtiennes — décret du 12/10/2005, art. 5 (textes officiels des autorités publiques et simples données)","BRH — Banque de la République d'Haïti, sommaire financier détaillé (indicateurs CAMEL) du système bancaire",2026-08-25
Banque de l'Union Haïtienne,non,2022-12-31,2022-T4,Part du portefeuille net en devises,50.2,%,SRC-063,BRH — sommaire financier détaillé (CAMEL),"Données publiques haïtiennes — décret du 12/10/2005, art. 5 (textes officiels des autorités publiques et simples données)","BRH — Banque de la République d'Haïti, sommaire financier détaillé (indicateurs CAMEL) du système bancaire",2026-08-25
Capital Bank,non,2022-12-31,2022-T4,Part du portefeuille net en devises,65.3,%,SRC-063,BRH — sommaire financier détaillé (CAMEL),"Données publiques haïtiennes — décret du 12/10/2005, art. 5 (textes officiels des autorités publiques et simples données)","BRH — Banque de la République d'Haïti, sommaire financier détaillé (indicateurs CAMEL) du système bancaire",2026-08-25
Citibank N.A. (succursale d'Haïti),non,2022-12-31,2022-T4,Part du portefeuille net en devises,0.0,%,SRC-063,BRH — sommaire financier détaillé (CAMEL),"Données publiques haïtiennes — décret du 12/10/2005, art. 5 (textes officiels des autorités publiques et simples données)","BRH — Banque de la République d'Haïti, sommaire financier détaillé (indicateurs CAMEL) du système bancaire",2026-08-25
Ensemble du système,oui,2022-12-31,2022-T4,Part du portefeuille net en devises,55.9,%,SRC-063,BRH — sommaire financier détaillé (CAMEL),"Données publiques haïtiennes — décret du 12/10/2005, art. 5 (textes officiels des autorités publiques et simples données)","BRH — Banque de la République d'Haïti, sommaire financier détaillé (indicateurs CAMEL) du système bancaire",2026-08-25
Sogebank,non,2022-12-31,2022-T4,Part du portefeuille net en devises,56.6,%,SRC-063,BRH — sommaire financier détaillé (CAMEL),"Données publiques haïtiennes — décret du 12/10/2005, art. 5 (textes officiels des autorités publiques et simples données)","BRH — Banque de la République d'Haïti, sommaire financier détaillé (indicateurs CAMEL) du système bancaire",2026-08-25
Sogebel,non,2022-12-31,2022-T4,Part du portefeuille net en devises,55.3,%,SRC-063,BRH — sommaire financier détaillé (CAMEL),"Données publiques haïtiennes — décret du 12/10/2005, art. 5 (textes officiels des autorités publiques et simples données)","BRH — Banque de la République d'Haïti, sommaire financier détaillé (indicateurs CAMEL) du système bancaire",2026-08-25
Unibank,non,2022-12-31,2022-T4,Part du portefeuille net en devises,65.0,%,SRC-063,BRH — sommaire financier détaillé (CAMEL),"Données publiques haïtiennes — décret du 12/10/2005, art. 5 (textes officiels des autorités publiques et simples données)","BRH — Banque de la République d'Haïti, sommaire financier détaillé (indicateurs CAMEL) du système bancaire",2026-08-25
Banque Nationale de Crédit,non,2022-12-31,2022-T4,Portefeuille de prêts brut,25618437.0,milliers de gourdes,SRC-063,BRH — sommaire financier détaillé (CAMEL),"Données publiques haïtiennes — décret du 12/10/2005, art. 5 (textes officiels des autorités publiques et simples données)","BRH — Banque de la République d'Haïti, sommaire financier détaillé (indicateurs CAMEL) du système bancaire",2026-08-25
Banque Populaire Haïtienne,non,2022-12-31,2022-T4,Portefeuille de prêts brut,1528286.6,milliers de gourdes,SRC-063,BRH — sommaire financier détaillé (CAMEL),"Données publiques haïtiennes — décret du 12/10/2005, art. 5 (textes officiels des autorités publiques et simples données)","BRH — Banque de la République d'Haïti, sommaire financier détaillé (indicateurs CAMEL) du système bancaire",2026-08-25
Banque de l'Union Haïtienne,non,2022-12-31,2022-T4,Portefeuille de prêts brut,18005276.5,milliers de gourdes,SRC-063,BRH — sommaire financier détaillé (CAMEL),"Données publiques haïtiennes — décret du 12/10/2005, art. 5 (textes officiels des autorités publiques et simples données)","BRH — Banque de la République d'Haïti, sommaire financier détaillé (indicateurs CAMEL) du système bancaire",2026-08-25
Capital Bank,non,2022-12-31,2022-T4,Portefeuille de prêts brut,16526732.0,milliers de gourdes,SRC-063,BRH — sommaire financier détaillé (CAMEL),"Données publiques haïtiennes — décret du 12/10/2005, art. 5 (textes officiels des autorités publiques et simples données)","BRH — Banque de la République d'Haïti, sommaire financier détaillé (indicateurs CAMEL) du système bancaire",2026-08-25
Citibank N.A. (succursale d'Haïti),non,2022-12-31,2022-T4,Portefeuille de prêts brut,96667.0,milliers de gourdes,SRC-063,BRH — sommaire financier détaillé (CAMEL),"Données publiques haïtiennes — décret du 12/10/2005, art. 5 (textes officiels des autorités publiques et simples données)","BRH — Banque de la République d'Haïti, sommaire financier détaillé (indicateurs CAMEL) du système bancaire",2026-08-25
Ensemble du système,oui,2022-12-31,2022-T4,Portefeuille de prêts brut,173595956.1,milliers de gourdes,SRC-063,BRH — sommaire financier détaillé (CAMEL),"Données publiques haïtiennes — décret du 12/10/2005, art. 5 (textes officiels des autorités publiques et simples données)","BRH — Banque de la République d'Haïti, sommaire financier détaillé (indicateurs CAMEL) du système bancaire",2026-08-25
Sogebank,non,2022-12-31,2022-T4,Portefeuille de prêts brut,47851007.5,milliers de gourdes,SRC-063,BRH — sommaire financier détaillé (CAMEL),"Données publiques haïtiennes — décret du 12/10/2005, art. 5 (textes officiels des autorités publiques et simples données)","BRH — Banque de la République d'Haïti, sommaire financier détaillé (indicateurs CAMEL) du système bancaire",2026-08-25
Sogebel,non,2022-12-31,2022-T4,Portefeuille de prêts brut,5808284.7,milliers de gourdes,SRC-063,BRH — sommaire financier détaillé (CAMEL),"Données publiques haïtiennes — décret du 12/10/2005, art. 5 (textes officiels des autorités publiques et simples données)","BRH — Banque de la République d'Haïti, sommaire financier détaillé (indicateurs CAMEL) du système bancaire",2026-08-25
Unibank,non,2022-12-31,2022-T4,Portefeuille de prêts brut,58161264.9,milliers de gourdes,SRC-063,BRH — sommaire financier détaillé (CAMEL),"Données publiques haïtiennes — décret du 12/10/2005, art. 5 (textes officiels des autorités publiques et simples données)","BRH — Banque de la République d'Haïti, sommaire financier détaillé (indicateurs CAMEL) du système bancaire",2026-08-25
Banque Nationale de Crédit,non,2022-12-31,2022-T4,Succursales et points de service actifs,39.0,unités,SRC-063,BRH — sommaire financier détaillé (CAMEL),"Données publiques haïtiennes — décret du 12/10/2005, art. 5 (textes officiels des autorités publiques et simples données)","BRH — Banque de la République d'Haïti, sommaire financier détaillé (indicateurs CAMEL) du système bancaire",2026-08-25
Banque Populaire Haïtienne,non,2022-12-31,2022-T4,Succursales et points de service actifs,4.0,unités,SRC-063,BRH — sommaire financier détaillé (CAMEL),"Données publiques haïtiennes — décret du 12/10/2005, art. 5 (textes officiels des autorités publiques et simples données)","BRH — Banque de la République d'Haïti, sommaire financier détaillé (indicateurs CAMEL) du système bancaire",2026-08-25
Banque de l'Union Haïtienne,non,2022-12-31,2022-T4,Succursales et points de service actifs,24.0,unités,SRC-063,BRH — sommaire financier détaillé (CAMEL),"Données publiques haïtiennes — décret du 12/10/2005, art. 5 (textes officiels des autorités publiques et simples données)","BRH — Banque de la République d'Haïti, sommaire financier détaillé (indicateurs CAMEL) du système bancaire",2026-08-25
Capital Bank,non,2022-12-31,2022-T4,Succursales et points de service actifs,25.0,unités,SRC-063,BRH — sommaire financier détaillé (CAMEL),"Données publiques haïtiennes — décret du 12/10/2005, art. 5 (textes officiels des autorités publiques et simples données)","BRH — Banque de la République d'Haïti, sommaire financier détaillé (indicateurs CAMEL) du système bancaire",2026-08-25
Citibank N.A. (succursale d'Haïti),non,2022-12-31,2022-T4,Succursales et points de service actifs,1.0,unités,SRC-063,BRH — sommaire financier détaillé (CAMEL),"Données publiques haïtiennes — décret du 12/10/2005, art. 5 (textes officiels des autorités publiques et simples données)","BRH — Banque de la République d'Haïti, sommaire financier détaillé (indicateurs CAMEL) du système bancaire",2026-08-25
Ensemble du système,oui,2022-12-31,2022-T4,Succursales et points de service actifs,195.0,unités,SRC-063,BRH — sommaire financier détaillé (CAMEL),"Données publiques haïtiennes — décret du 12/10/2005, art. 5 (textes officiels des autorités publiques et simples données)","BRH — Banque de la République d'Haïti, sommaire financier détaillé (indicateurs CAMEL) du système bancaire",2026-08-25
Sogebank,non,2022-12-31,2022-T4,Succursales et points de service actifs,45.0,unités,SRC-063,BRH — sommaire financier détaillé (CAMEL),"Données publiques haïtiennes — décret du 12/10/2005, art. 5 (textes officiels des autorités publiques et simples données)","BRH — Banque de la République d'Haïti, sommaire financier détaillé (indicateurs CAMEL) du système bancaire",2026-08-25
Sogebel,non,2022-12-31,2022-T4,Succursales et points de service actifs,4.0,unités,SRC-063,BRH — sommaire financier détaillé (CAMEL),"Données publiques haïtiennes — décret du 12/10/2005, art. 5 (textes officiels des autorités publiques et simples données)","BRH — Banque de la République d'Haïti, sommaire financier détaillé (indicateurs CAMEL) du système bancaire",2026-08-25
Unibank,non,2022-12-31,2022-T4,Succursales et points de service actifs,53.0,unités,SRC-063,BRH — sommaire financier détaillé (CAMEL),"Données publiques haïtiennes — décret du 12/10/2005, art. 5 (textes officiels des autorités publiques et simples données)","BRH — Banque de la République d'Haïti, sommaire financier détaillé (indicateurs CAMEL) du système bancaire",2026-08-25
Banque Nationale de Crédit,non,2023-12-31,2023-T4,Actif total,118424759.0,milliers de gourdes,SRC-063,BRH — sommaire financier détaillé (CAMEL),"Données publiques haïtiennes — décret du 12/10/2005, art. 5 (textes officiels des autorités publiques et simples données)","BRH — Banque de la République d'Haïti, sommaire financier détaillé (indicateurs CAMEL) du système bancaire",2026-08-25
Banque Populaire Haïtienne,non,2023-12-31,2023-T4,Actif total,5387250.2,milliers de gourdes,SRC-063,BRH — sommaire financier détaillé (CAMEL),"Données publiques haïtiennes — décret du 12/10/2005, art. 5 (textes officiels des autorités publiques et simples données)","BRH — Banque de la République d'Haïti, sommaire financier détaillé (indicateurs CAMEL) du système bancaire",2026-08-25
Banque de l'Union Haïtienne,non,2023-12-31,2023-T4,Actif total,47065982.15,milliers de gourdes,SRC-063,BRH — sommaire financier détaillé (CAMEL),"Données publiques haïtiennes — décret du 12/10/2005, art. 5 (textes officiels des autorités publiques et simples données)","BRH — Banque de la République d'Haïti, sommaire financier détaillé (indicateurs CAMEL) du système bancaire",2026-08-25
Capital Bank,non,2023-12-31,2023-T4,Actif total,50501770.0,milliers de gourdes,SRC-063,BRH — sommaire financier détaillé (CAMEL),"Données publiques haïtiennes — décret du 12/10/2005, art. 5 (textes officiels des autorités publiques et simples données)","BRH — Banque de la République d'Haïti, sommaire financier détaillé (indicateurs CAMEL) du système bancaire",2026-08-25
Citibank N.A. (succursale d'Haïti),non,2023-12-31,2023-T4,Actif total,5782896.0,milliers de gourdes,SRC-063,BRH — sommaire financier détaillé (CAMEL),"Données publiques haïtiennes — décret du 12/10/2005, art. 5 (textes officiels des autorités publiques et simples données)","BRH — Banque de la République d'Haïti, sommaire financier détaillé (indicateurs CAMEL) du système bancaire",2026-08-25
Ensemble du système,oui,2023-12-31,2023-T4,Actif total,630950222.47,milliers de gourdes,SRC-063,BRH — sommaire financier détaillé (CAMEL),"Données publiques haïtiennes — décret du 12/10/2005, art. 5 (textes officiels des autorités publiques et simples données)","BRH — Banque de la République d'Haïti, sommaire financier détaillé (indicateurs CAMEL) du système bancaire",2026-08-25
Sogebank,non,2023-12-31,2023-T4,Actif total,160375251.95,milliers de gourdes,SRC-063,BRH — sommaire financier détaillé (CAMEL),"Données publiques haïtiennes — décret du 12/10/2005, art. 5 (textes officiels des autorités publiques et simples données)","BRH — Banque de la République d'Haïti, sommaire financier détaillé (indicateurs CAMEL) du système bancaire",2026-08-25
Sogebel,non,2023-12-31,2023-T4,Actif total,11768408.93,milliers de gourdes,SRC-063,BRH — sommaire financier détaillé (CAMEL),"Données publiques haïtiennes — décret du 12/10/2005, art. 5 (textes officiels des autorités publiques et simples données)","BRH — Banque de la République d'Haïti, sommaire financier détaillé (indicateurs CAMEL) du système bancaire",2026-08-25
Unibank,non,2023-12-31,2023-T4,Actif total,231643904.25,milliers de gourdes,SRC-063,BRH — sommaire financier détaillé (CAMEL),"Données publiques haïtiennes — décret du 12/10/2005, art. 5 (textes officiels des autorités publiques et simples données)","BRH — Banque de la République d'Haïti, sommaire financier détaillé (indicateurs CAMEL) du système bancaire",2026-08-25
Banque Nationale de Crédit,non,2023-12-31,2023-T4,Comptes de dépôt,557057.0,unités,SRC-063,BRH — sommaire financier détaillé (CAMEL),"Données publiques haïtiennes — décret du 12/10/2005, art. 5 (textes officiels des autorités publiques et simples données)","BRH — Banque de la République d'Haïti, sommaire financier détaillé (indicateurs CAMEL) du système bancaire",2026-08-25
Banque Populaire Haïtienne,non,2023-12-31,2023-T4,Comptes de dépôt,13960.0,unités,SRC-063,BRH — sommaire financier détaillé (CAMEL),"Données publiques haïtiennes — décret du 12/10/2005, art. 5 (textes officiels des autorités publiques et simples données)","BRH — Banque de la République d'Haïti, sommaire financier détaillé (indicateurs CAMEL) du système bancaire",2026-08-25
Banque de l'Union Haïtienne,non,2023-12-31,2023-T4,Comptes de dépôt,105471.0,unités,SRC-063,BRH — sommaire financier détaillé (CAMEL),"Données publiques haïtiennes — décret du 12/10/2005, art. 5 (textes officiels des autorités publiques et simples données)","BRH — Banque de la République d'Haïti, sommaire financier détaillé (indicateurs CAMEL) du système bancaire",2026-08-25
Capital Bank,non,2023-12-31,2023-T4,Comptes de dépôt,143142.0,unités,SRC-063,BRH — sommaire financier détaillé (CAMEL),"Données publiques haïtiennes — décret du 12/10/2005, art. 5 (textes officiels des autorités publiques et simples données)","BRH — Banque de la République d'Haïti, sommaire financier détaillé (indicateurs CAMEL) du système bancaire",2026-08-25
Citibank N.A. (succursale d'Haïti),non,2023-12-31,2023-T4,Comptes de dépôt,998.0,unités,SRC-063,BRH — sommaire financier détaillé (CAMEL),"Données publiques haïtiennes — décret du 12/10/2005, art. 5 (textes officiels des autorités publiques et simples données)","BRH — Banque de la République d'Haïti, sommaire financier détaillé (indicateurs CAMEL) du système bancaire",2026-08-25
Ensemble du système,oui,2023-12-31,2023-T4,Comptes de dépôt,2847427.0,unités,SRC-063,BRH — sommaire financier détaillé (CAMEL),"Données publiques haïtiennes — décret du 12/10/2005, art. 5 (textes officiels des autorités publiques et simples données)","BRH — Banque de la République d'Haïti, sommaire financier détaillé (indicateurs CAMEL) du système bancaire",2026-08-25
Sogebank,non,2023-12-31,2023-T4,Comptes de dépôt,699002.0,unités,SRC-063,BRH — sommaire financier détaillé (CAMEL),"Données publiques haïtiennes — décret du 12/10/2005, art. 5 (textes officiels des autorités publiques et simples données)","BRH — Banque de la République d'Haïti, sommaire financier détaillé (indicateurs CAMEL) du système bancaire",2026-08-25
Sogebel,non,2023-12-31,2023-T4,Comptes de dépôt,8100.0,unités,SRC-063,BRH — sommaire financier détaillé (CAMEL),"Données publiques haïtiennes — décret du 12/10/2005, art. 5 (textes officiels des autorités publiques et simples données)","BRH — Banque de la République d'Haïti, sommaire financier détaillé (indicateurs CAMEL) du système bancaire",2026-08-25
Unibank,non,2023-12-31,2023-T4,Comptes de dépôt,1319697.0,unités,SRC-063,BRH — sommaire financier détaillé (CAMEL),"Données publiques haïtiennes — décret du 12/10/2005, art. 5 (textes officiels des autorités publiques et simples données)","BRH — Banque de la République d'Haïti, sommaire financier détaillé (indicateurs CAMEL) du système bancaire",2026-08-25
Banque Nationale de Crédit,non,2023-12-31,2023-T4,Comptes de prêt,32088.0,unités,SRC-063,BRH — sommaire financier détaillé (CAMEL),"Données publiques haïtiennes — décret du 12/10/2005, art. 5 (textes officiels des autorités publiques et simples données)","BRH — Banque de la République d'Haïti, sommaire financier détaillé (indicateurs CAMEL) du système bancaire",2026-08-25
Banque Populaire Haïtienne,non,2023-12-31,2023-T4,Comptes de prêt,183.0,unités,SRC-063,BRH — sommaire financier détaillé (CAMEL),"Données publiques haïtiennes — décret du 12/10/2005, art. 5 (textes officiels des autorités publiques et simples données)","BRH — Banque de la République d'Haïti, sommaire financier détaillé (indicateurs CAMEL) du système bancaire",2026-08-25
Banque de l'Union Haïtienne,non,2023-12-31,2023-T4,Comptes de prêt,522.0,unités,SRC-063,BRH — sommaire financier détaillé (CAMEL),"Données publiques haïtiennes — décret du 12/10/2005, art. 5 (textes officiels des autorités publiques et simples données)","BRH — Banque de la République d'Haïti, sommaire financier détaillé (indicateurs CAMEL) du système bancaire",2026-08-25
Capital Bank,non,2023-12-31,2023-T4,Comptes de prêt,3400.0,unités,SRC-063,BRH — sommaire financier détaillé (CAMEL),"Données publiques haïtiennes — décret du 12/10/2005, art. 5 (textes officiels des autorités publiques et simples données)","BRH — Banque de la République d'Haïti, sommaire financier détaillé (indicateurs CAMEL) du système bancaire",2026-08-25
Citibank N.A. (succursale d'Haïti),non,2023-12-31,2023-T4,Comptes de prêt,1.0,unités,SRC-063,BRH — sommaire financier détaillé (CAMEL),"Données publiques haïtiennes — décret du 12/10/2005, art. 5 (textes officiels des autorités publiques et simples données)","BRH — Banque de la République d'Haïti, sommaire financier détaillé (indicateurs CAMEL) du système bancaire",2026-08-25
Ensemble du système,oui,2023-12-31,2023-T4,Comptes de prêt,66612.0,unités,SRC-063,BRH — sommaire financier détaillé (CAMEL),"Données publiques haïtiennes — décret du 12/10/2005, art. 5 (textes officiels des autorités publiques et simples données)","BRH — Banque de la République d'Haïti, sommaire financier détaillé (indicateurs CAMEL) du système bancaire",2026-08-25
Sogebank,non,2023-12-31,2023-T4,Comptes de prêt,19189.0,unités,SRC-063,BRH — sommaire financier détaillé (CAMEL),"Données publiques haïtiennes — décret du 12/10/2005, art. 5 (textes officiels des autorités publiques et simples données)","BRH — Banque de la République d'Haïti, sommaire financier détaillé (indicateurs CAMEL) du système bancaire",2026-08-25
Sogebel,non,2023-12-31,2023-T4,Comptes de prêt,403.0,unités,SRC-063,BRH — sommaire financier détaillé (CAMEL),"Données publiques haïtiennes — décret du 12/10/2005, art. 5 (textes officiels des autorités publiques et simples données)","BRH — Banque de la République d'Haïti, sommaire financier détaillé (indicateurs CAMEL) du système bancaire",2026-08-25
Unibank,non,2023-12-31,2023-T4,Comptes de prêt,10826.0,unités,SRC-063,BRH — sommaire financier détaillé (CAMEL),"Données publiques haïtiennes — décret du 12/10/2005, art. 5 (textes officiels des autorités publiques et simples données)","BRH — Banque de la République d'Haïti, sommaire financier détaillé (indicateurs CAMEL) du système bancaire",2026-08-25
Banque Nationale de Crédit,non,2023-12-31,2023-T4,Dépôts totaux,91442473.0,milliers de gourdes,SRC-063,BRH — sommaire financier détaillé (CAMEL),"Données publiques haïtiennes — décret du 12/10/2005, art. 5 (textes officiels des autorités publiques et simples données)","BRH — Banque de la République d'Haïti, sommaire financier détaillé (indicateurs CAMEL) du système bancaire",2026-08-25
Banque Populaire Haïtienne,non,2023-12-31,2023-T4,Dépôts totaux,4620513.0,milliers de gourdes,SRC-063,BRH — sommaire financier détaillé (CAMEL),"Données publiques haïtiennes — décret du 12/10/2005, art. 5 (textes officiels des autorités publiques et simples données)","BRH — Banque de la République d'Haïti, sommaire financier détaillé (indicateurs CAMEL) du système bancaire",2026-08-25
Banque de l'Union Haïtienne,non,2023-12-31,2023-T4,Dépôts totaux,38142174.74,milliers de gourdes,SRC-063,BRH — sommaire financier détaillé (CAMEL),"Données publiques haïtiennes — décret du 12/10/2005, art. 5 (textes officiels des autorités publiques et simples données)","BRH — Banque de la République d'Haïti, sommaire financier détaillé (indicateurs CAMEL) du système bancaire",2026-08-25
Capital Bank,non,2023-12-31,2023-T4,Dépôts totaux,39370639.0,milliers de gourdes,SRC-063,BRH — sommaire financier détaillé (CAMEL),"Données publiques haïtiennes — décret du 12/10/2005, art. 5 (textes officiels des autorités publiques et simples données)","BRH — Banque de la République d'Haïti, sommaire financier détaillé (indicateurs CAMEL) du système bancaire",2026-08-25
Citibank N.A. (succursale d'Haïti),non,2023-12-31,2023-T4,Dépôts totaux,4204759.0,milliers de gourdes,SRC-063,BRH — sommaire financier détaillé (CAMEL),"Données publiques haïtiennes — décret du 12/10/2005, art. 5 (textes officiels des autorités publiques et simples données)","BRH — Banque de la République d'Haïti, sommaire financier détaillé (indicateurs CAMEL) du système bancaire",2026-08-25
Ensemble du système,oui,2023-12-31,2023-T4,Dépôts totaux,510595093.83,milliers de gourdes,SRC-063,BRH — sommaire financier détaillé (CAMEL),"Données publiques haïtiennes — décret du 12/10/2005, art. 5 (textes officiels des autorités publiques et simples données)","BRH — Banque de la République d'Haïti, sommaire financier détaillé (indicateurs CAMEL) du système bancaire",2026-08-25
Sogebank,non,2023-12-31,2023-T4,Dépôts totaux,133406702.81,milliers de gourdes,SRC-063,BRH — sommaire financier détaillé (CAMEL),"Données publiques haïtiennes — décret du 12/10/2005, art. 5 (textes officiels des autorités publiques et simples données)","BRH — Banque de la République d'Haïti, sommaire financier détaillé (indicateurs CAMEL) du système bancaire",2026-08-25
Sogebel,non,2023-12-31,2023-T4,Dépôts totaux,8031286.62,milliers de gourdes,SRC-063,BRH — sommaire financier détaillé (CAMEL),"Données publiques haïtiennes — décret du 12/10/2005, art. 5 (textes officiels des autorités publiques et simples données)","BRH — Banque de la République d'Haïti, sommaire financier détaillé (indicateurs CAMEL) du système bancaire",2026-08-25
Unibank,non,2023-12-31,2023-T4,Dépôts totaux,191376545.66,milliers de gourdes,SRC-063,BRH — sommaire financier détaillé (CAMEL),"Données publiques haïtiennes — décret du 12/10/2005, art. 5 (textes officiels des autorités publiques et simples données)","BRH — Banque de la République d'Haïti, sommaire financier détaillé (indicateurs CAMEL) du système bancaire",2026-08-25
Banque Nationale de Crédit,non,2023-12-31,2023-T4,Employés,852.0,unités,SRC-063,BRH — sommaire financier détaillé (CAMEL),"Données publiques haïtiennes — décret du 12/10/2005, art. 5 (textes officiels des autorités publiques et simples données)","BRH — Banque de la République d'Haïti, sommaire financier détaillé (indicateurs CAMEL) du système bancaire",2026-08-25
Banque Populaire Haïtienne,non,2023-12-31,2023-T4,Employés,125.0,unités,SRC-063,BRH — sommaire financier détaillé (CAMEL),"Données publiques haïtiennes — décret du 12/10/2005, art. 5 (textes officiels des autorités publiques et simples données)","BRH — Banque de la République d'Haïti, sommaire financier détaillé (indicateurs CAMEL) du système bancaire",2026-08-25
Banque de l'Union Haïtienne,non,2023-12-31,2023-T4,Employés,463.0,unités,SRC-063,BRH — sommaire financier détaillé (CAMEL),"Données publiques haïtiennes — décret du 12/10/2005, art. 5 (textes officiels des autorités publiques et simples données)","BRH — Banque de la République d'Haïti, sommaire financier détaillé (indicateurs CAMEL) du système bancaire",2026-08-25
Capital Bank,non,2023-12-31,2023-T4,Employés,734.0,unités,SRC-063,BRH — sommaire financier détaillé (CAMEL),"Données publiques haïtiennes — décret du 12/10/2005, art. 5 (textes officiels des autorités publiques et simples données)","BRH — Banque de la République d'Haïti, sommaire financier détaillé (indicateurs CAMEL) du système bancaire",2026-08-25
Citibank N.A. (succursale d'Haïti),non,2023-12-31,2023-T4,Employés,16.0,unités,SRC-063,BRH — sommaire financier détaillé (CAMEL),"Données publiques haïtiennes — décret du 12/10/2005, art. 5 (textes officiels des autorités publiques et simples données)","BRH — Banque de la République d'Haïti, sommaire financier détaillé (indicateurs CAMEL) du système bancaire",2026-08-25
Ensemble du système,oui,2023-12-31,2023-T4,Employés,4931.0,unités,SRC-063,BRH — sommaire financier détaillé (CAMEL),"Données publiques haïtiennes — décret du 12/10/2005, art. 5 (textes officiels des autorités publiques et simples données)","BRH — Banque de la République d'Haïti, sommaire financier détaillé (indicateurs CAMEL) du système bancaire",2026-08-25
Sogebank,non,2023-12-31,2023-T4,Employés,1091.0,unités,SRC-063,BRH — sommaire financier détaillé (CAMEL),"Données publiques haïtiennes — décret du 12/10/2005, art. 5 (textes officiels des autorités publiques et simples données)","BRH — Banque de la République d'Haïti, sommaire financier détaillé (indicateurs CAMEL) du système bancaire",2026-08-25
Sogebel,non,2023-12-31,2023-T4,Employés,73.0,unités,SRC-063,BRH — sommaire financier détaillé (CAMEL),"Données publiques haïtiennes — décret du 12/10/2005, art. 5 (textes officiels des autorités publiques et simples données)","BRH — Banque de la République d'Haïti, sommaire financier détaillé (indicateurs CAMEL) du système bancaire",2026-08-25
Unibank,non,2023-12-31,2023-T4,Employés,1577.0,unités,SRC-063,BRH — sommaire financier détaillé (CAMEL),"Données publiques haïtiennes — décret du 12/10/2005, art. 5 (textes officiels des autorités publiques et simples données)","BRH — Banque de la République d'Haïti, sommaire financier détaillé (indicateurs CAMEL) du système bancaire",2026-08-25
Banque Nationale de Crédit,non,2023-12-31,2023-T4,Liquidité en % de l'actif,63.74,%,SRC-063,BRH — sommaire financier détaillé (CAMEL),"Données publiques haïtiennes — décret du 12/10/2005, art. 5 (textes officiels des autorités publiques et simples données)","BRH — Banque de la République d'Haïti, sommaire financier détaillé (indicateurs CAMEL) du système bancaire",2026-08-25
Banque Populaire Haïtienne,non,2023-12-31,2023-T4,Liquidité en % de l'actif,63.41,%,SRC-063,BRH — sommaire financier détaillé (CAMEL),"Données publiques haïtiennes — décret du 12/10/2005, art. 5 (textes officiels des autorités publiques et simples données)","BRH — Banque de la République d'Haïti, sommaire financier détaillé (indicateurs CAMEL) du système bancaire",2026-08-25
Banque de l'Union Haïtienne,non,2023-12-31,2023-T4,Liquidité en % de l'actif,45.73,%,SRC-063,BRH — sommaire financier détaillé (CAMEL),"Données publiques haïtiennes — décret du 12/10/2005, art. 5 (textes officiels des autorités publiques et simples données)","BRH — Banque de la République d'Haïti, sommaire financier détaillé (indicateurs CAMEL) du système bancaire",2026-08-25
Capital Bank,non,2023-12-31,2023-T4,Liquidité en % de l'actif,57.18,%,SRC-063,BRH — sommaire financier détaillé (CAMEL),"Données publiques haïtiennes — décret du 12/10/2005, art. 5 (textes officiels des autorités publiques et simples données)","BRH — Banque de la République d'Haïti, sommaire financier détaillé (indicateurs CAMEL) du système bancaire",2026-08-25
Citibank N.A. (succursale d'Haïti),non,2023-12-31,2023-T4,Liquidité en % de l'actif,93.08,%,SRC-063,BRH — sommaire financier détaillé (CAMEL),"Données publiques haïtiennes — décret du 12/10/2005, art. 5 (textes officiels des autorités publiques et simples données)","BRH — Banque de la République d'Haïti, sommaire financier détaillé (indicateurs CAMEL) du système bancaire",2026-08-25
Ensemble du système,oui,2023-12-31,2023-T4,Liquidité en % de l'actif,53.73,%,SRC-063,BRH — sommaire financier détaillé (CAMEL),"Données publiques haïtiennes — décret du 12/10/2005, art. 5 (textes officiels des autorités publiques et simples données)","BRH — Banque de la République d'Haïti, sommaire financier détaillé (indicateurs CAMEL) du système bancaire",2026-08-25
Sogebank,non,2023-12-31,2023-T4,Liquidité en % de l'actif,47.64,%,SRC-063,BRH — sommaire financier détaillé (CAMEL),"Données publiques haïtiennes — décret du 12/10/2005, art. 5 (textes officiels des autorités publiques et simples données)","BRH — Banque de la République d'Haïti, sommaire financier détaillé (indicateurs CAMEL) du système bancaire",2026-08-25
Sogebel,non,2023-12-31,2023-T4,Liquidité en % de l'actif,17.74,%,SRC-063,BRH — sommaire financier détaillé (CAMEL),"Données publiques haïtiennes — décret du 12/10/2005, art. 5 (textes officiels des autorités publiques et simples données)","BRH — Banque de la République d'Haïti, sommaire financier détaillé (indicateurs CAMEL) du système bancaire",2026-08-25
Unibank,non,2023-12-31,2023-T4,Liquidité en % de l'actif,54.33,%,SRC-063,BRH — sommaire financier détaillé (CAMEL),"Données publiques haïtiennes — décret du 12/10/2005, art. 5 (textes officiels des autorités publiques et simples données)","BRH — Banque de la République d'Haïti, sommaire financier détaillé (indicateurs CAMEL) du système bancaire",2026-08-25
Banque Nationale de Crédit,non,2023-12-31,2023-T4,Part des dépôts en devises,44.44,%,SRC-063,BRH — sommaire financier détaillé (CAMEL),"Données publiques haïtiennes — décret du 12/10/2005, art. 5 (textes officiels des autorités publiques et simples données)","BRH — Banque de la République d'Haïti, sommaire financier détaillé (indicateurs CAMEL) du système bancaire",2026-08-25
Banque Populaire Haïtienne,non,2023-12-31,2023-T4,Part des dépôts en devises,57.63,%,SRC-063,BRH — sommaire financier détaillé (CAMEL),"Données publiques haïtiennes — décret du 12/10/2005, art. 5 (textes officiels des autorités publiques et simples données)","BRH — Banque de la République d'Haïti, sommaire financier détaillé (indicateurs CAMEL) du système bancaire",2026-08-25
Banque de l'Union Haïtienne,non,2023-12-31,2023-T4,Part des dépôts en devises,69.29,%,SRC-063,BRH — sommaire financier détaillé (CAMEL),"Données publiques haïtiennes — décret du 12/10/2005, art. 5 (textes officiels des autorités publiques et simples données)","BRH — Banque de la République d'Haïti, sommaire financier détaillé (indicateurs CAMEL) du système bancaire",2026-08-25
Capital Bank,non,2023-12-31,2023-T4,Part des dépôts en devises,75.89,%,SRC-063,BRH — sommaire financier détaillé (CAMEL),"Données publiques haïtiennes — décret du 12/10/2005, art. 5 (textes officiels des autorités publiques et simples données)","BRH — Banque de la République d'Haïti, sommaire financier détaillé (indicateurs CAMEL) du système bancaire",2026-08-25
Citibank N.A. (succursale d'Haïti),non,2023-12-31,2023-T4,Part des dépôts en devises,77.22,%,SRC-063,BRH — sommaire financier détaillé (CAMEL),"Données publiques haïtiennes — décret du 12/10/2005, art. 5 (textes officiels des autorités publiques et simples données)","BRH — Banque de la République d'Haïti, sommaire financier détaillé (indicateurs CAMEL) du système bancaire",2026-08-25
Ensemble du système,oui,2023-12-31,2023-T4,Part des dépôts en devises,67.74,%,SRC-063,BRH — sommaire financier détaillé (CAMEL),"Données publiques haïtiennes — décret du 12/10/2005, art. 5 (textes officiels des autorités publiques et simples données)","BRH — Banque de la République d'Haïti, sommaire financier détaillé (indicateurs CAMEL) du système bancaire",2026-08-25
Sogebank,non,2023-12-31,2023-T4,Part des dépôts en devises,69.64,%,SRC-063,BRH — sommaire financier détaillé (CAMEL),"Données publiques haïtiennes — décret du 12/10/2005, art. 5 (textes officiels des autorités publiques et simples données)","BRH — Banque de la République d'Haïti, sommaire financier détaillé (indicateurs CAMEL) du système bancaire",2026-08-25
Sogebel,non,2023-12-31,2023-T4,Part des dépôts en devises,75.94,%,SRC-063,BRH — sommaire financier détaillé (CAMEL),"Données publiques haïtiennes — décret du 12/10/2005, art. 5 (textes officiels des autorités publiques et simples données)","BRH — Banque de la République d'Haïti, sommaire financier détaillé (indicateurs CAMEL) du système bancaire",2026-08-25
Unibank,non,2023-12-31,2023-T4,Part des dépôts en devises,75.25,%,SRC-063,BRH — sommaire financier détaillé (CAMEL),"Données publiques haïtiennes — décret du 12/10/2005, art. 5 (textes officiels des autorités publiques et simples données)","BRH — Banque de la République d'Haïti, sommaire financier détaillé (indicateurs CAMEL) du système bancaire",2026-08-25
Banque Nationale de Crédit,non,2023-12-31,2023-T4,Part du portefeuille net en devises,24.98,%,SRC-063,BRH — sommaire financier détaillé (CAMEL),"Données publiques haïtiennes — décret du 12/10/2005, art. 5 (textes officiels des autorités publiques et simples données)","BRH — Banque de la République d'Haïti, sommaire financier détaillé (indicateurs CAMEL) du système bancaire",2026-08-25
Banque Populaire Haïtienne,non,2023-12-31,2023-T4,Part du portefeuille net en devises,281.4,%,SRC-063,BRH — sommaire financier détaillé (CAMEL),"Données publiques haïtiennes — décret du 12/10/2005, art. 5 (textes officiels des autorités publiques et simples données)","BRH — Banque de la République d'Haïti, sommaire financier détaillé (indicateurs CAMEL) du système bancaire",2026-08-25
Banque de l'Union Haïtienne,non,2023-12-31,2023-T4,Part du portefeuille net en devises,56.02,%,SRC-063,BRH — sommaire financier détaillé (CAMEL),"Données publiques haïtiennes — décret du 12/10/2005, art. 5 (textes officiels des autorités publiques et simples données)","BRH — Banque de la République d'Haïti, sommaire financier détaillé (indicateurs CAMEL) du système bancaire",2026-08-25
Capital Bank,non,2023-12-31,2023-T4,Part du portefeuille net en devises,54.45,%,SRC-063,BRH — sommaire financier détaillé (CAMEL),"Données publiques haïtiennes — décret du 12/10/2005, art. 5 (textes officiels des autorités publiques et simples données)","BRH — Banque de la République d'Haïti, sommaire financier détaillé (indicateurs CAMEL) du système bancaire",2026-08-25
Citibank N.A. (succursale d'Haïti),non,2023-12-31,2023-T4,Part du portefeuille net en devises,0.0,%,SRC-063,BRH — sommaire financier détaillé (CAMEL),"Données publiques haïtiennes — décret du 12/10/2005, art. 5 (textes officiels des autorités publiques et simples données)","BRH — Banque de la République d'Haïti, sommaire financier détaillé (indicateurs CAMEL) du système bancaire",2026-08-25
Ensemble du système,oui,2023-12-31,2023-T4,Part du portefeuille net en devises,53.32,%,SRC-063,BRH — sommaire financier détaillé (CAMEL),"Données publiques haïtiennes — décret du 12/10/2005, art. 5 (textes officiels des autorités publiques et simples données)","BRH — Banque de la République d'Haïti, sommaire financier détaillé (indicateurs CAMEL) du système bancaire",2026-08-25
Sogebank,non,2023-12-31,2023-T4,Part du portefeuille net en devises,53.93,%,SRC-063,BRH — sommaire financier détaillé (CAMEL),"Données publiques haïtiennes — décret du 12/10/2005, art. 5 (textes officiels des autorités publiques et simples données)","BRH — Banque de la République d'Haïti, sommaire financier détaillé (indicateurs CAMEL) du système bancaire",2026-08-25
Sogebel,non,2023-12-31,2023-T4,Part du portefeuille net en devises,52.82,%,SRC-063,BRH — sommaire financier détaillé (CAMEL),"Données publiques haïtiennes — décret du 12/10/2005, art. 5 (textes officiels des autorités publiques et simples données)","BRH — Banque de la République d'Haïti, sommaire financier détaillé (indicateurs CAMEL) du système bancaire",2026-08-25
Unibank,non,2023-12-31,2023-T4,Part du portefeuille net en devises,62.61,%,SRC-063,BRH — sommaire financier détaillé (CAMEL),"Données publiques haïtiennes — décret du 12/10/2005, art. 5 (textes officiels des autorités publiques et simples données)","BRH — Banque de la République d'Haïti, sommaire financier détaillé (indicateurs CAMEL) du système bancaire",2026-08-25
Banque Nationale de Crédit,non,2023-12-31,2023-T4,Portefeuille de prêts brut,22829171.0,milliers de gourdes,SRC-063,BRH — sommaire financier détaillé (CAMEL),"Données publiques haïtiennes — décret du 12/10/2005, art. 5 (textes officiels des autorités publiques et simples données)","BRH — Banque de la République d'Haïti, sommaire financier détaillé (indicateurs CAMEL) du système bancaire",2026-08-25
Banque Populaire Haïtienne,non,2023-12-31,2023-T4,Portefeuille de prêts brut,1375364.49,milliers de gourdes,SRC-063,BRH — sommaire financier détaillé (CAMEL),"Données publiques haïtiennes — décret du 12/10/2005, art. 5 (textes officiels des autorités publiques et simples données)","BRH — Banque de la République d'Haïti, sommaire financier détaillé (indicateurs CAMEL) du système bancaire",2026-08-25
Banque de l'Union Haïtienne,non,2023-12-31,2023-T4,Portefeuille de prêts brut,12734010.84,milliers de gourdes,SRC-063,BRH — sommaire financier détaillé (CAMEL),"Données publiques haïtiennes — décret du 12/10/2005, art. 5 (textes officiels des autorités publiques et simples données)","BRH — Banque de la République d'Haïti, sommaire financier détaillé (indicateurs CAMEL) du système bancaire",2026-08-25
Capital Bank,non,2023-12-31,2023-T4,Portefeuille de prêts brut,12686590.0,milliers de gourdes,SRC-063,BRH — sommaire financier détaillé (CAMEL),"Données publiques haïtiennes — décret du 12/10/2005, art. 5 (textes officiels des autorités publiques et simples données)","BRH — Banque de la République d'Haïti, sommaire financier détaillé (indicateurs CAMEL) du système bancaire",2026-08-25
Citibank N.A. (succursale d'Haïti),non,2023-12-31,2023-T4,Portefeuille de prêts brut,96667.0,milliers de gourdes,SRC-063,BRH — sommaire financier détaillé (CAMEL),"Données publiques haïtiennes — décret du 12/10/2005, art. 5 (textes officiels des autorités publiques et simples données)","BRH — Banque de la République d'Haïti, sommaire financier détaillé (indicateurs CAMEL) du système bancaire",2026-08-25
Ensemble du système,oui,2023-12-31,2023-T4,Portefeuille de prêts brut,136501410.65,milliers de gourdes,SRC-063,BRH — sommaire financier détaillé (CAMEL),"Données publiques haïtiennes — décret du 12/10/2005, art. 5 (textes officiels des autorités publiques et simples données)","BRH — Banque de la République d'Haïti, sommaire financier détaillé (indicateurs CAMEL) du système bancaire",2026-08-25
Sogebank,non,2023-12-31,2023-T4,Portefeuille de prêts brut,34128853.8,milliers de gourdes,SRC-063,BRH — sommaire financier détaillé (CAMEL),"Données publiques haïtiennes — décret du 12/10/2005, art. 5 (textes officiels des autorités publiques et simples données)","BRH — Banque de la République d'Haïti, sommaire financier détaillé (indicateurs CAMEL) du système bancaire",2026-08-25
Sogebel,non,2023-12-31,2023-T4,Portefeuille de prêts brut,5129677.95,milliers de gourdes,SRC-063,BRH — sommaire financier détaillé (CAMEL),"Données publiques haïtiennes — décret du 12/10/2005, art. 5 (textes officiels des autorités publiques et simples données)","BRH — Banque de la République d'Haïti, sommaire financier détaillé (indicateurs CAMEL) du système bancaire",2026-08-25
Unibank,non,2023-12-31,2023-T4,Portefeuille de prêts brut,47521075.58,milliers de gourdes,SRC-063,BRH — sommaire financier détaillé (CAMEL),"Données publiques haïtiennes — décret du 12/10/2005, art. 5 (textes officiels des autorités publiques et simples données)","BRH — Banque de la République d'Haïti, sommaire financier détaillé (indicateurs CAMEL) du système bancaire",2026-08-25
Banque Nationale de Crédit,non,2023-12-31,2023-T4,Succursales et points de service actifs,44.0,unités,SRC-063,BRH — sommaire financier détaillé (CAMEL),"Données publiques haïtiennes — décret du 12/10/2005, art. 5 (textes officiels des autorités publiques et simples données)","BRH — Banque de la République d'Haïti, sommaire financier détaillé (indicateurs CAMEL) du système bancaire",2026-08-25
Banque Populaire Haïtienne,non,2023-12-31,2023-T4,Succursales et points de service actifs,6.0,unités,SRC-063,BRH — sommaire financier détaillé (CAMEL),"Données publiques haïtiennes — décret du 12/10/2005, art. 5 (textes officiels des autorités publiques et simples données)","BRH — Banque de la République d'Haïti, sommaire financier détaillé (indicateurs CAMEL) du système bancaire",2026-08-25
Banque de l'Union Haïtienne,non,2023-12-31,2023-T4,Succursales et points de service actifs,25.0,unités,SRC-063,BRH — sommaire financier détaillé (CAMEL),"Données publiques haïtiennes — décret du 12/10/2005, art. 5 (textes officiels des autorités publiques et simples données)","BRH — Banque de la République d'Haïti, sommaire financier détaillé (indicateurs CAMEL) du système bancaire",2026-08-25
Capital Bank,non,2023-12-31,2023-T4,Succursales et points de service actifs,25.0,unités,SRC-063,BRH — sommaire financier détaillé (CAMEL),"Données publiques haïtiennes — décret du 12/10/2005, art. 5 (textes officiels des autorités publiques et simples données)","BRH — Banque de la République d'Haïti, sommaire financier détaillé (indicateurs CAMEL) du système bancaire",2026-08-25
Citibank N.A. (succursale d'Haïti),non,2023-12-31,2023-T4,Succursales et points de service actifs,1.0,unités,SRC-063,BRH — sommaire financier détaillé (CAMEL),"Données publiques haïtiennes — décret du 12/10/2005, art. 5 (textes officiels des autorités publiques et simples données)","BRH — Banque de la République d'Haïti, sommaire financier détaillé (indicateurs CAMEL) du système bancaire",2026-08-25
Ensemble du système,oui,2023-12-31,2023-T4,Succursales et points de service actifs,206.0,unités,SRC-063,BRH — sommaire financier détaillé (CAMEL),"Données publiques haïtiennes — décret du 12/10/2005, art. 5 (textes officiels des autorités publiques et simples données)","BRH — Banque de la République d'Haïti, sommaire financier détaillé (indicateurs CAMEL) du système bancaire",2026-08-25
Sogebank,non,2023-12-31,2023-T4,Succursales et points de service actifs,40.0,unités,SRC-063,BRH — sommaire financier détaillé (CAMEL),"Données publiques haïtiennes — décret du 12/10/2005, art. 5 (textes officiels des autorités publiques et simples données)","BRH — Banque de la République d'Haïti, sommaire financier détaillé (indicateurs CAMEL) du système bancaire",2026-08-25
Sogebel,non,2023-12-31,2023-T4,Succursales et points de service actifs,3.0,unités,SRC-063,BRH — sommaire financier détaillé (CAMEL),"Données publiques haïtiennes — décret du 12/10/2005, art. 5 (textes officiels des autorités publiques et simples données)","BRH — Banque de la République d'Haïti, sommaire financier détaillé (indicateurs CAMEL) du système bancaire",2026-08-25
Unibank,non,2023-12-31,2023-T4,Succursales et points de service actifs,62.0,unités,SRC-063,BRH — sommaire financier détaillé (CAMEL),"Données publiques haïtiennes — décret du 12/10/2005, art. 5 (textes officiels des autorités publiques et simples données)","BRH — Banque de la République d'Haïti, sommaire financier détaillé (indicateurs CAMEL) du système bancaire",2026-08-25
Banque Nationale de Crédit,non,2024-03-31,2024-T1,Actif total,120683203.0,milliers de gourdes,SRC-063,BRH — sommaire financier détaillé (CAMEL),"Données publiques haïtiennes — décret du 12/10/2005, art. 5 (textes officiels des autorités publiques et simples données)","BRH — Banque de la République d'Haïti, sommaire financier détaillé (indicateurs CAMEL) du système bancaire",2026-08-25
Banque Populaire Haïtienne,non,2024-03-31,2024-T1,Actif total,5533814.8,milliers de gourdes,SRC-063,BRH — sommaire financier détaillé (CAMEL),"Données publiques haïtiennes — décret du 12/10/2005, art. 5 (textes officiels des autorités publiques et simples données)","BRH — Banque de la République d'Haïti, sommaire financier détaillé (indicateurs CAMEL) du système bancaire",2026-08-25
Banque de l'Union Haïtienne,non,2024-03-31,2024-T1,Actif total,46946883.44,milliers de gourdes,SRC-063,BRH — sommaire financier détaillé (CAMEL),"Données publiques haïtiennes — décret du 12/10/2005, art. 5 (textes officiels des autorités publiques et simples données)","BRH — Banque de la République d'Haïti, sommaire financier détaillé (indicateurs CAMEL) du système bancaire",2026-08-25
Capital Bank,non,2024-03-31,2024-T1,Actif total,52439874.0,milliers de gourdes,SRC-063,BRH — sommaire financier détaillé (CAMEL),"Données publiques haïtiennes — décret du 12/10/2005, art. 5 (textes officiels des autorités publiques et simples données)","BRH — Banque de la République d'Haïti, sommaire financier détaillé (indicateurs CAMEL) du système bancaire",2026-08-25
Citibank N.A. (succursale d'Haïti),non,2024-03-31,2024-T1,Actif total,7712578.0,milliers de gourdes,SRC-063,BRH — sommaire financier détaillé (CAMEL),"Données publiques haïtiennes — décret du 12/10/2005, art. 5 (textes officiels des autorités publiques et simples données)","BRH — Banque de la République d'Haïti, sommaire financier détaillé (indicateurs CAMEL) du système bancaire",2026-08-25
Ensemble du système,oui,2024-03-31,2024-T1,Actif total,647856340.97,milliers de gourdes,SRC-063,BRH — sommaire financier détaillé (CAMEL),"Données publiques haïtiennes — décret du 12/10/2005, art. 5 (textes officiels des autorités publiques et simples données)","BRH — Banque de la République d'Haïti, sommaire financier détaillé (indicateurs CAMEL) du système bancaire",2026-08-25
Sogebank,non,2024-03-31,2024-T1,Actif total,165569844.8,milliers de gourdes,SRC-063,BRH — sommaire financier détaillé (CAMEL),"Données publiques haïtiennes — décret du 12/10/2005, art. 5 (textes officiels des autorités publiques et simples données)","BRH — Banque de la République d'Haïti, sommaire financier détaillé (indicateurs CAMEL) du système bancaire",2026-08-25
Sogebel,non,2024-03-31,2024-T1,Actif total,11483316.21,milliers de gourdes,SRC-063,BRH — sommaire financier détaillé (CAMEL),"Données publiques haïtiennes — décret du 12/10/2005, art. 5 (textes officiels des autorités publiques et simples données)","BRH — Banque de la République d'Haïti, sommaire financier détaillé (indicateurs CAMEL) du système bancaire",2026-08-25
Unibank,non,2024-03-31,2024-T1,Actif total,237486826.71,milliers de gourdes,SRC-063,BRH — sommaire financier détaillé (CAMEL),"Données publiques haïtiennes — décret du 12/10/2005, art. 5 (textes officiels des autorités publiques et simples données)","BRH — Banque de la République d'Haïti, sommaire financier détaillé (indicateurs CAMEL) du système bancaire",2026-08-25
Banque Nationale de Crédit,non,2024-03-31,2024-T1,Comptes de dépôt,553232.0,unités,SRC-063,BRH — sommaire financier détaillé (CAMEL),"Données publiques haïtiennes — décret du 12/10/2005, art. 5 (textes officiels des autorités publiques et simples données)","BRH — Banque de la République d'Haïti, sommaire financier détaillé (indicateurs CAMEL) du système bancaire",2026-08-25
Banque Populaire Haïtienne,non,2024-03-31,2024-T1,Comptes de dépôt,13160.0,unités,SRC-063,BRH — sommaire financier détaillé (CAMEL),"Données publiques haïtiennes — décret du 12/10/2005, art. 5 (textes officiels des autorités publiques et simples données)","BRH — Banque de la République d'Haïti, sommaire financier détaillé (indicateurs CAMEL) du système bancaire",2026-08-25
Banque de l'Union Haïtienne,non,2024-03-31,2024-T1,Comptes de dépôt,105086.0,unités,SRC-063,BRH — sommaire financier détaillé (CAMEL),"Données publiques haïtiennes — décret du 12/10/2005, art. 5 (textes officiels des autorités publiques et simples données)","BRH — Banque de la République d'Haïti, sommaire financier détaillé (indicateurs CAMEL) du système bancaire",2026-08-25
Capital Bank,non,2024-03-31,2024-T1,Comptes de dépôt,145537.0,unités,SRC-063,BRH — sommaire financier détaillé (CAMEL),"Données publiques haïtiennes — décret du 12/10/2005, art. 5 (textes officiels des autorités publiques et simples données)","BRH — Banque de la République d'Haïti, sommaire financier détaillé (indicateurs CAMEL) du système bancaire",2026-08-25
Citibank N.A. (succursale d'Haïti),non,2024-03-31,2024-T1,Comptes de dépôt,997.0,unités,SRC-063,BRH — sommaire financier détaillé (CAMEL),"Données publiques haïtiennes — décret du 12/10/2005, art. 5 (textes officiels des autorités publiques et simples données)","BRH — Banque de la République d'Haïti, sommaire financier détaillé (indicateurs CAMEL) du système bancaire",2026-08-25
Ensemble du système,oui,2024-03-31,2024-T1,Comptes de dépôt,2858315.0,unités,SRC-063,BRH — sommaire financier détaillé (CAMEL),"Données publiques haïtiennes — décret du 12/10/2005, art. 5 (textes officiels des autorités publiques et simples données)","BRH — Banque de la République d'Haïti, sommaire financier détaillé (indicateurs CAMEL) du système bancaire",2026-08-25
Sogebank,non,2024-03-31,2024-T1,Comptes de dépôt,710164.0,unités,SRC-063,BRH — sommaire financier détaillé (CAMEL),"Données publiques haïtiennes — décret du 12/10/2005, art. 5 (textes officiels des autorités publiques et simples données)","BRH — Banque de la République d'Haïti, sommaire financier détaillé (indicateurs CAMEL) du système bancaire",2026-08-25
Sogebel,non,2024-03-31,2024-T1,Comptes de dépôt,8071.0,unités,SRC-063,BRH — sommaire financier détaillé (CAMEL),"Données publiques haïtiennes — décret du 12/10/2005, art. 5 (textes officiels des autorités publiques et simples données)","BRH — Banque de la République d'Haïti, sommaire financier détaillé (indicateurs CAMEL) du système bancaire",2026-08-25
Unibank,non,2024-03-31,2024-T1,Comptes de dépôt,1322068.0,unités,SRC-063,BRH — sommaire financier détaillé (CAMEL),"Données publiques haïtiennes — décret du 12/10/2005, art. 5 (textes officiels des autorités publiques et simples données)","BRH — Banque de la République d'Haïti, sommaire financier détaillé (indicateurs CAMEL) du système bancaire",2026-08-25
Banque Nationale de Crédit,non,2024-03-31,2024-T1,Comptes de prêt,30940.0,unités,SRC-063,BRH — sommaire financier détaillé (CAMEL),"Données publiques haïtiennes — décret du 12/10/2005, art. 5 (textes officiels des autorités publiques et simples données)","BRH — Banque de la République d'Haïti, sommaire financier détaillé (indicateurs CAMEL) du système bancaire",2026-08-25
Banque Populaire Haïtienne,non,2024-03-31,2024-T1,Comptes de prêt,182.0,unités,SRC-063,BRH — sommaire financier détaillé (CAMEL),"Données publiques haïtiennes — décret du 12/10/2005, art. 5 (textes officiels des autorités publiques et simples données)","BRH — Banque de la République d'Haïti, sommaire financier détaillé (indicateurs CAMEL) du système bancaire",2026-08-25
Banque de l'Union Haïtienne,non,2024-03-31,2024-T1,Comptes de prêt,494.0,unités,SRC-063,BRH — sommaire financier détaillé (CAMEL),"Données publiques haïtiennes — décret du 12/10/2005, art. 5 (textes officiels des autorités publiques et simples données)","BRH — Banque de la République d'Haïti, sommaire financier détaillé (indicateurs CAMEL) du système bancaire",2026-08-25
Capital Bank,non,2024-03-31,2024-T1,Comptes de prêt,2824.0,unités,SRC-063,BRH — sommaire financier détaillé (CAMEL),"Données publiques haïtiennes — décret du 12/10/2005, art. 5 (textes officiels des autorités publiques et simples données)","BRH — Banque de la République d'Haïti, sommaire financier détaillé (indicateurs CAMEL) du système bancaire",2026-08-25
Citibank N.A. (succursale d'Haïti),non,2024-03-31,2024-T1,Comptes de prêt,1.0,unités,SRC-063,BRH — sommaire financier détaillé (CAMEL),"Données publiques haïtiennes — décret du 12/10/2005, art. 5 (textes officiels des autorités publiques et simples données)","BRH — Banque de la République d'Haïti, sommaire financier détaillé (indicateurs CAMEL) du système bancaire",2026-08-25
Ensemble du système,oui,2024-03-31,2024-T1,Comptes de prêt,63596.0,unités,SRC-063,BRH — sommaire financier détaillé (CAMEL),"Données publiques haïtiennes — décret du 12/10/2005, art. 5 (textes officiels des autorités publiques et simples données)","BRH — Banque de la République d'Haïti, sommaire financier détaillé (indicateurs CAMEL) du système bancaire",2026-08-25
Sogebank,non,2024-03-31,2024-T1,Comptes de prêt,18828.0,unités,SRC-063,BRH — sommaire financier détaillé (CAMEL),"Données publiques haïtiennes — décret du 12/10/2005, art. 5 (textes officiels des autorités publiques et simples données)","BRH — Banque de la République d'Haïti, sommaire financier détaillé (indicateurs CAMEL) du système bancaire",2026-08-25
Sogebel,non,2024-03-31,2024-T1,Comptes de prêt,396.0,unités,SRC-063,BRH — sommaire financier détaillé (CAMEL),"Données publiques haïtiennes — décret du 12/10/2005, art. 5 (textes officiels des autorités publiques et simples données)","BRH — Banque de la République d'Haïti, sommaire financier détaillé (indicateurs CAMEL) du système bancaire",2026-08-25
Unibank,non,2024-03-31,2024-T1,Comptes de prêt,9931.0,unités,SRC-063,BRH — sommaire financier détaillé (CAMEL),"Données publiques haïtiennes — décret du 12/10/2005, art. 5 (textes officiels des autorités publiques et simples données)","BRH — Banque de la République d'Haïti, sommaire financier détaillé (indicateurs CAMEL) du système bancaire",2026-08-25
Banque Nationale de Crédit,non,2024-03-31,2024-T1,Dépôts totaux,92899565.0,milliers de gourdes,SRC-063,BRH — sommaire financier détaillé (CAMEL),"Données publiques haïtiennes — décret du 12/10/2005, art. 5 (textes officiels des autorités publiques et simples données)","BRH — Banque de la République d'Haïti, sommaire financier détaillé (indicateurs CAMEL) du système bancaire",2026-08-25
Banque Populaire Haïtienne,non,2024-03-31,2024-T1,Dépôts totaux,4751418.75,milliers de gourdes,SRC-063,BRH — sommaire financier détaillé (CAMEL),"Données publiques haïtiennes — décret du 12/10/2005, art. 5 (textes officiels des autorités publiques et simples données)","BRH — Banque de la République d'Haïti, sommaire financier détaillé (indicateurs CAMEL) du système bancaire",2026-08-25
Banque de l'Union Haïtienne,non,2024-03-31,2024-T1,Dépôts totaux,37612879.7,milliers de gourdes,SRC-063,BRH — sommaire financier détaillé (CAMEL),"Données publiques haïtiennes — décret du 12/10/2005, art. 5 (textes officiels des autorités publiques et simples données)","BRH — Banque de la République d'Haïti, sommaire financier détaillé (indicateurs CAMEL) du système bancaire",2026-08-25
Capital Bank,non,2024-03-31,2024-T1,Dépôts totaux,39275994.0,milliers de gourdes,SRC-063,BRH — sommaire financier détaillé (CAMEL),"Données publiques haïtiennes — décret du 12/10/2005, art. 5 (textes officiels des autorités publiques et simples données)","BRH — Banque de la République d'Haïti, sommaire financier détaillé (indicateurs CAMEL) du système bancaire",2026-08-25
Citibank N.A. (succursale d'Haïti),non,2024-03-31,2024-T1,Dépôts totaux,5989253.0,milliers de gourdes,SRC-063,BRH — sommaire financier détaillé (CAMEL),"Données publiques haïtiennes — décret du 12/10/2005, art. 5 (textes officiels des autorités publiques et simples données)","BRH — Banque de la République d'Haïti, sommaire financier détaillé (indicateurs CAMEL) du système bancaire",2026-08-25
Ensemble du système,oui,2024-03-31,2024-T1,Dépôts totaux,523014351.25,milliers de gourdes,SRC-063,BRH — sommaire financier détaillé (CAMEL),"Données publiques haïtiennes — décret du 12/10/2005, art. 5 (textes officiels des autorités publiques et simples données)","BRH — Banque de la République d'Haïti, sommaire financier détaillé (indicateurs CAMEL) du système bancaire",2026-08-25
Sogebank,non,2024-03-31,2024-T1,Dépôts totaux,136936662.43,milliers de gourdes,SRC-063,BRH — sommaire financier détaillé (CAMEL),"Données publiques haïtiennes — décret du 12/10/2005, art. 5 (textes officiels des autorités publiques et simples données)","BRH — Banque de la République d'Haïti, sommaire financier détaillé (indicateurs CAMEL) du système bancaire",2026-08-25
Sogebel,non,2024-03-31,2024-T1,Dépôts totaux,7844100.65,milliers de gourdes,SRC-063,BRH — sommaire financier détaillé (CAMEL),"Données publiques haïtiennes — décret du 12/10/2005, art. 5 (textes officiels des autorités publiques et simples données)","BRH — Banque de la République d'Haïti, sommaire financier détaillé (indicateurs CAMEL) du système bancaire",2026-08-25
Unibank,non,2024-03-31,2024-T1,Dépôts totaux,197704477.71,milliers de gourdes,SRC-063,BRH — sommaire financier détaillé (CAMEL),"Données publiques haïtiennes — décret du 12/10/2005, art. 5 (textes officiels des autorités publiques et simples données)","BRH — Banque de la République d'Haïti, sommaire financier détaillé (indicateurs CAMEL) du système bancaire",2026-08-25
Banque Nationale de Crédit,non,2024-03-31,2024-T1,Employés,818.0,unités,SRC-063,BRH — sommaire financier détaillé (CAMEL),"Données publiques haïtiennes — décret du 12/10/2005, art. 5 (textes officiels des autorités publiques et simples données)","BRH — Banque de la République d'Haïti, sommaire financier détaillé (indicateurs CAMEL) du système bancaire",2026-08-25
Banque Populaire Haïtienne,non,2024-03-31,2024-T1,Employés,125.0,unités,SRC-063,BRH — sommaire financier détaillé (CAMEL),"Données publiques haïtiennes — décret du 12/10/2005, art. 5 (textes officiels des autorités publiques et simples données)","BRH — Banque de la République d'Haïti, sommaire financier détaillé (indicateurs CAMEL) du système bancaire",2026-08-25
Banque de l'Union Haïtienne,non,2024-03-31,2024-T1,Employés,464.0,unités,SRC-063,BRH — sommaire financier détaillé (CAMEL),"Données publiques haïtiennes — décret du 12/10/2005, art. 5 (textes officiels des autorités publiques et simples données)","BRH — Banque de la République d'Haïti, sommaire financier détaillé (indicateurs CAMEL) du système bancaire",2026-08-25
Capital Bank,non,2024-03-31,2024-T1,Employés,736.0,unités,SRC-063,BRH — sommaire financier détaillé (CAMEL),"Données publiques haïtiennes — décret du 12/10/2005, art. 5 (textes officiels des autorités publiques et simples données)","BRH — Banque de la République d'Haïti, sommaire financier détaillé (indicateurs CAMEL) du système bancaire",2026-08-25
Citibank N.A. (succursale d'Haïti),non,2024-03-31,2024-T1,Employés,13.0,unités,SRC-063,BRH — sommaire financier détaillé (CAMEL),"Données publiques haïtiennes — décret du 12/10/2005, art. 5 (textes officiels des autorités publiques et simples données)","BRH — Banque de la République d'Haïti, sommaire financier détaillé (indicateurs CAMEL) du système bancaire",2026-08-25
Ensemble du système,oui,2024-03-31,2024-T1,Employés,4979.0,unités,SRC-063,BRH — sommaire financier détaillé (CAMEL),"Données publiques haïtiennes — décret du 12/10/2005, art. 5 (textes officiels des autorités publiques et simples données)","BRH — Banque de la République d'Haïti, sommaire financier détaillé (indicateurs CAMEL) du système bancaire",2026-08-25
Sogebank,non,2024-03-31,2024-T1,Employés,1168.0,unités,SRC-063,BRH — sommaire financier détaillé (CAMEL),"Données publiques haïtiennes — décret du 12/10/2005, art. 5 (textes officiels des autorités publiques et simples données)","BRH — Banque de la République d'Haïti, sommaire financier détaillé (indicateurs CAMEL) du système bancaire",2026-08-25
Sogebel,non,2024-03-31,2024-T1,Employés,69.0,unités,SRC-063,BRH — sommaire financier détaillé (CAMEL),"Données publiques haïtiennes — décret du 12/10/2005, art. 5 (textes officiels des autorités publiques et simples données)","BRH — Banque de la République d'Haïti, sommaire financier détaillé (indicateurs CAMEL) du système bancaire",2026-08-25
Unibank,non,2024-03-31,2024-T1,Employés,1586.0,unités,SRC-063,BRH — sommaire financier détaillé (CAMEL),"Données publiques haïtiennes — décret du 12/10/2005, art. 5 (textes officiels des autorités publiques et simples données)","BRH — Banque de la République d'Haïti, sommaire financier détaillé (indicateurs CAMEL) du système bancaire",2026-08-25
Banque Nationale de Crédit,non,2024-03-31,2024-T1,Liquidité en % de l'actif,65.2,%,SRC-063,BRH — sommaire financier détaillé (CAMEL),"Données publiques haïtiennes — décret du 12/10/2005, art. 5 (textes officiels des autorités publiques et simples données)","BRH — Banque de la République d'Haïti, sommaire financier détaillé (indicateurs CAMEL) du système bancaire",2026-08-25
Banque Populaire Haïtienne,non,2024-03-31,2024-T1,Liquidité en % de l'actif,64.63,%,SRC-063,BRH — sommaire financier détaillé (CAMEL),"Données publiques haïtiennes — décret du 12/10/2005, art. 5 (textes officiels des autorités publiques et simples données)","BRH — Banque de la République d'Haïti, sommaire financier détaillé (indicateurs CAMEL) du système bancaire",2026-08-25
Banque de l'Union Haïtienne,non,2024-03-31,2024-T1,Liquidité en % de l'actif,45.13,%,SRC-063,BRH — sommaire financier détaillé (CAMEL),"Données publiques haïtiennes — décret du 12/10/2005, art. 5 (textes officiels des autorités publiques et simples données)","BRH — Banque de la République d'Haïti, sommaire financier détaillé (indicateurs CAMEL) du système bancaire",2026-08-25
Capital Bank,non,2024-03-31,2024-T1,Liquidité en % de l'actif,58.88,%,SRC-063,BRH — sommaire financier détaillé (CAMEL),"Données publiques haïtiennes — décret du 12/10/2005, art. 5 (textes officiels des autorités publiques et simples données)","BRH — Banque de la République d'Haïti, sommaire financier détaillé (indicateurs CAMEL) du système bancaire",2026-08-25
Citibank N.A. (succursale d'Haïti),non,2024-03-31,2024-T1,Liquidité en % de l'actif,95.28,%,SRC-063,BRH — sommaire financier détaillé (CAMEL),"Données publiques haïtiennes — décret du 12/10/2005, art. 5 (textes officiels des autorités publiques et simples données)","BRH — Banque de la République d'Haïti, sommaire financier détaillé (indicateurs CAMEL) du système bancaire",2026-08-25
Ensemble du système,oui,2024-03-31,2024-T1,Liquidité en % de l'actif,54.67,%,SRC-063,BRH — sommaire financier détaillé (CAMEL),"Données publiques haïtiennes — décret du 12/10/2005, art. 5 (textes officiels des autorités publiques et simples données)","BRH — Banque de la République d'Haïti, sommaire financier détaillé (indicateurs CAMEL) du système bancaire",2026-08-25
Sogebank,non,2024-03-31,2024-T1,Liquidité en % de l'actif,46.86,%,SRC-063,BRH — sommaire financier détaillé (CAMEL),"Données publiques haïtiennes — décret du 12/10/2005, art. 5 (textes officiels des autorités publiques et simples données)","BRH — Banque de la République d'Haïti, sommaire financier détaillé (indicateurs CAMEL) du système bancaire",2026-08-25
Sogebel,non,2024-03-31,2024-T1,Liquidité en % de l'actif,16.64,%,SRC-063,BRH — sommaire financier détaillé (CAMEL),"Données publiques haïtiennes — décret du 12/10/2005, art. 5 (textes officiels des autorités publiques et simples données)","BRH — Banque de la République d'Haïti, sommaire financier détaillé (indicateurs CAMEL) du système bancaire",2026-08-25
Unibank,non,2024-03-31,2024-T1,Liquidité en % de l'actif,56.0,%,SRC-063,BRH — sommaire financier détaillé (CAMEL),"Données publiques haïtiennes — décret du 12/10/2005, art. 5 (textes officiels des autorités publiques et simples données)","BRH — Banque de la République d'Haïti, sommaire financier détaillé (indicateurs CAMEL) du système bancaire",2026-08-25
Banque Nationale de Crédit,non,2024-03-31,2024-T1,Part des dépôts en devises,43.59,%,SRC-063,BRH — sommaire financier détaillé (CAMEL),"Données publiques haïtiennes — décret du 12/10/2005, art. 5 (textes officiels des autorités publiques et simples données)","BRH — Banque de la République d'Haïti, sommaire financier détaillé (indicateurs CAMEL) du système bancaire",2026-08-25
Banque Populaire Haïtienne,non,2024-03-31,2024-T1,Part des dépôts en devises,57.47,%,SRC-063,BRH — sommaire financier détaillé (CAMEL),"Données publiques haïtiennes — décret du 12/10/2005, art. 5 (textes officiels des autorités publiques et simples données)","BRH — Banque de la République d'Haïti, sommaire financier détaillé (indicateurs CAMEL) du système bancaire",2026-08-25
Banque de l'Union Haïtienne,non,2024-03-31,2024-T1,Part des dépôts en devises,72.79,%,SRC-063,BRH — sommaire financier détaillé (CAMEL),"Données publiques haïtiennes — décret du 12/10/2005, art. 5 (textes officiels des autorités publiques et simples données)","BRH — Banque de la République d'Haïti, sommaire financier détaillé (indicateurs CAMEL) du système bancaire",2026-08-25
Capital Bank,non,2024-03-31,2024-T1,Part des dépôts en devises,76.27,%,SRC-063,BRH — sommaire financier détaillé (CAMEL),"Données publiques haïtiennes — décret du 12/10/2005, art. 5 (textes officiels des autorités publiques et simples données)","BRH — Banque de la République d'Haïti, sommaire financier détaillé (indicateurs CAMEL) du système bancaire",2026-08-25
Citibank N.A. (succursale d'Haïti),non,2024-03-31,2024-T1,Part des dépôts en devises,73.26,%,SRC-063,BRH — sommaire financier détaillé (CAMEL),"Données publiques haïtiennes — décret du 12/10/2005, art. 5 (textes officiels des autorités publiques et simples données)","BRH — Banque de la République d'Haïti, sommaire financier détaillé (indicateurs CAMEL) du système bancaire",2026-08-25
Ensemble du système,oui,2024-03-31,2024-T1,Part des dépôts en devises,68.5,%,SRC-063,BRH — sommaire financier détaillé (CAMEL),"Données publiques haïtiennes — décret du 12/10/2005, art. 5 (textes officiels des autorités publiques et simples données)","BRH — Banque de la République d'Haïti, sommaire financier détaillé (indicateurs CAMEL) du système bancaire",2026-08-25
Sogebank,non,2024-03-31,2024-T1,Part des dépôts en devises,70.58,%,SRC-063,BRH — sommaire financier détaillé (CAMEL),"Données publiques haïtiennes — décret du 12/10/2005, art. 5 (textes officiels des autorités publiques et simples données)","BRH — Banque de la République d'Haïti, sommaire financier détaillé (indicateurs CAMEL) du système bancaire",2026-08-25
Sogebel,non,2024-03-31,2024-T1,Part des dépôts en devises,74.26,%,SRC-063,BRH — sommaire financier détaillé (CAMEL),"Données publiques haïtiennes — décret du 12/10/2005, art. 5 (textes officiels des autorités publiques et simples données)","BRH — Banque de la République d'Haïti, sommaire financier détaillé (indicateurs CAMEL) du système bancaire",2026-08-25
Unibank,non,2024-03-31,2024-T1,Part des dépôts en devises,76.31,%,SRC-063,BRH — sommaire financier détaillé (CAMEL),"Données publiques haïtiennes — décret du 12/10/2005, art. 5 (textes officiels des autorités publiques et simples données)","BRH — Banque de la République d'Haïti, sommaire financier détaillé (indicateurs CAMEL) du système bancaire",2026-08-25
Banque Nationale de Crédit,non,2024-03-31,2024-T1,Part du portefeuille net en devises,26.59,%,SRC-063,BRH — sommaire financier détaillé (CAMEL),"Données publiques haïtiennes — décret du 12/10/2005, art. 5 (textes officiels des autorités publiques et simples données)","BRH — Banque de la République d'Haïti, sommaire financier détaillé (indicateurs CAMEL) du système bancaire",2026-08-25
Banque Populaire Haïtienne,non,2024-03-31,2024-T1,Part du portefeuille net en devises,297.93,%,SRC-063,BRH — sommaire financier détaillé (CAMEL),"Données publiques haïtiennes — décret du 12/10/2005, art. 5 (textes officiels des autorités publiques et simples données)","BRH — Banque de la République d'Haïti, sommaire financier détaillé (indicateurs CAMEL) du système bancaire",2026-08-25
Banque de l'Union Haïtienne,non,2024-03-31,2024-T1,Part du portefeuille net en devises,62.99,%,SRC-063,BRH — sommaire financier détaillé (CAMEL),"Données publiques haïtiennes — décret du 12/10/2005, art. 5 (textes officiels des autorités publiques et simples données)","BRH — Banque de la République d'Haïti, sommaire financier détaillé (indicateurs CAMEL) du système bancaire",2026-08-25
Capital Bank,non,2024-03-31,2024-T1,Part du portefeuille net en devises,56.45,%,SRC-063,BRH — sommaire financier détaillé (CAMEL),"Données publiques haïtiennes — décret du 12/10/2005, art. 5 (textes officiels des autorités publiques et simples données)","BRH — Banque de la République d'Haïti, sommaire financier détaillé (indicateurs CAMEL) du système bancaire",2026-08-25
Citibank N.A. (succursale d'Haïti),non,2024-03-31,2024-T1,Part du portefeuille net en devises,0.0,%,SRC-063,BRH — sommaire financier détaillé (CAMEL),"Données publiques haïtiennes — décret du 12/10/2005, art. 5 (textes officiels des autorités publiques et simples données)","BRH — Banque de la République d'Haïti, sommaire financier détaillé (indicateurs CAMEL) du système bancaire",2026-08-25
Ensemble du système,oui,2024-03-31,2024-T1,Part du portefeuille net en devises,56.54,%,SRC-063,BRH — sommaire financier détaillé (CAMEL),"Données publiques haïtiennes — décret du 12/10/2005, art. 5 (textes officiels des autorités publiques et simples données)","BRH — Banque de la République d'Haïti, sommaire financier détaillé (indicateurs CAMEL) du système bancaire",2026-08-25
Sogebank,non,2024-03-31,2024-T1,Part du portefeuille net en devises,59.49,%,SRC-063,BRH — sommaire financier détaillé (CAMEL),"Données publiques haïtiennes — décret du 12/10/2005, art. 5 (textes officiels des autorités publiques et simples données)","BRH — Banque de la République d'Haïti, sommaire financier détaillé (indicateurs CAMEL) du système bancaire",2026-08-25
Sogebel,non,2024-03-31,2024-T1,Part du portefeuille net en devises,53.81,%,SRC-063,BRH — sommaire financier détaillé (CAMEL),"Données publiques haïtiennes — décret du 12/10/2005, art. 5 (textes officiels des autorités publiques et simples données)","BRH — Banque de la République d'Haïti, sommaire financier détaillé (indicateurs CAMEL) du système bancaire",2026-08-25
Unibank,non,2024-03-31,2024-T1,Part du portefeuille net en devises,64.49,%,SRC-063,BRH — sommaire financier détaillé (CAMEL),"Données publiques haïtiennes — décret du 12/10/2005, art. 5 (textes officiels des autorités publiques et simples données)","BRH — Banque de la République d'Haïti, sommaire financier détaillé (indicateurs CAMEL) du système bancaire",2026-08-25
Banque Nationale de Crédit,non,2024-03-31,2024-T1,Portefeuille de prêts brut,22434449.0,milliers de gourdes,SRC-063,BRH — sommaire financier détaillé (CAMEL),"Données publiques haïtiennes — décret du 12/10/2005, art. 5 (textes officiels des autorités publiques et simples données)","BRH — Banque de la République d'Haïti, sommaire financier détaillé (indicateurs CAMEL) du système bancaire",2026-08-25
Banque Populaire Haïtienne,non,2024-03-31,2024-T1,Portefeuille de prêts brut,1369409.42,milliers de gourdes,SRC-063,BRH — sommaire financier détaillé (CAMEL),"Données publiques haïtiennes — décret du 12/10/2005, art. 5 (textes officiels des autorités publiques et simples données)","BRH — Banque de la République d'Haïti, sommaire financier détaillé (indicateurs CAMEL) du système bancaire",2026-08-25
Banque de l'Union Haïtienne,non,2024-03-31,2024-T1,Portefeuille de prêts brut,13123124.94,milliers de gourdes,SRC-063,BRH — sommaire financier détaillé (CAMEL),"Données publiques haïtiennes — décret du 12/10/2005, art. 5 (textes officiels des autorités publiques et simples données)","BRH — Banque de la République d'Haïti, sommaire financier détaillé (indicateurs CAMEL) du système bancaire",2026-08-25
Capital Bank,non,2024-03-31,2024-T1,Portefeuille de prêts brut,12485770.0,milliers de gourdes,SRC-063,BRH — sommaire financier détaillé (CAMEL),"Données publiques haïtiennes — décret du 12/10/2005, art. 5 (textes officiels des autorités publiques et simples données)","BRH — Banque de la République d'Haïti, sommaire financier détaillé (indicateurs CAMEL) du système bancaire",2026-08-25
Citibank N.A. (succursale d'Haïti),non,2024-03-31,2024-T1,Portefeuille de prêts brut,96667.0,milliers de gourdes,SRC-063,BRH — sommaire financier détaillé (CAMEL),"Données publiques haïtiennes — décret du 12/10/2005, art. 5 (textes officiels des autorités publiques et simples données)","BRH — Banque de la République d'Haïti, sommaire financier détaillé (indicateurs CAMEL) du système bancaire",2026-08-25
Ensemble du système,oui,2024-03-31,2024-T1,Portefeuille de prêts brut,133898208.2,milliers de gourdes,SRC-063,BRH — sommaire financier détaillé (CAMEL),"Données publiques haïtiennes — décret du 12/10/2005, art. 5 (textes officiels des autorités publiques et simples données)","BRH — Banque de la République d'Haïti, sommaire financier détaillé (indicateurs CAMEL) du système bancaire",2026-08-25
Sogebank,non,2024-03-31,2024-T1,Portefeuille de prêts brut,34941744.9,milliers de gourdes,SRC-063,BRH — sommaire financier détaillé (CAMEL),"Données publiques haïtiennes — décret du 12/10/2005, art. 5 (textes officiels des autorités publiques et simples données)","BRH — Banque de la République d'Haïti, sommaire financier détaillé (indicateurs CAMEL) du système bancaire",2026-08-25
Sogebel,non,2024-03-31,2024-T1,Portefeuille de prêts brut,5111149.47,milliers de gourdes,SRC-063,BRH — sommaire financier détaillé (CAMEL),"Données publiques haïtiennes — décret du 12/10/2005, art. 5 (textes officiels des autorités publiques et simples données)","BRH — Banque de la République d'Haïti, sommaire financier détaillé (indicateurs CAMEL) du système bancaire",2026-08-25
Unibank,non,2024-03-31,2024-T1,Portefeuille de prêts brut,44335893.47,milliers de gourdes,SRC-063,BRH — sommaire financier détaillé (CAMEL),"Données publiques haïtiennes — décret du 12/10/2005, art. 5 (textes officiels des autorités publiques et simples données)","BRH — Banque de la République d'Haïti, sommaire financier détaillé (indicateurs CAMEL) du système bancaire",2026-08-25
Banque Nationale de Crédit,non,2024-03-31,2024-T1,Succursales et points de service actifs,40.0,unités,SRC-063,BRH — sommaire financier détaillé (CAMEL),"Données publiques haïtiennes — décret du 12/10/2005, art. 5 (textes officiels des autorités publiques et simples données)","BRH — Banque de la République d'Haïti, sommaire financier détaillé (indicateurs CAMEL) du système bancaire",2026-08-25
Banque Populaire Haïtienne,non,2024-03-31,2024-T1,Succursales et points de service actifs,6.0,unités,SRC-063,BRH — sommaire financier détaillé (CAMEL),"Données publiques haïtiennes — décret du 12/10/2005, art. 5 (textes officiels des autorités publiques et simples données)","BRH — Banque de la République d'Haïti, sommaire financier détaillé (indicateurs CAMEL) du système bancaire",2026-08-25
Banque de l'Union Haïtienne,non,2024-03-31,2024-T1,Succursales et points de service actifs,24.0,unités,SRC-063,BRH — sommaire financier détaillé (CAMEL),"Données publiques haïtiennes — décret du 12/10/2005, art. 5 (textes officiels des autorités publiques et simples données)","BRH — Banque de la République d'Haïti, sommaire financier détaillé (indicateurs CAMEL) du système bancaire",2026-08-25
Capital Bank,non,2024-03-31,2024-T1,Succursales et points de service actifs,25.0,unités,SRC-063,BRH — sommaire financier détaillé (CAMEL),"Données publiques haïtiennes — décret du 12/10/2005, art. 5 (textes officiels des autorités publiques et simples données)","BRH — Banque de la République d'Haïti, sommaire financier détaillé (indicateurs CAMEL) du système bancaire",2026-08-25
Citibank N.A. (succursale d'Haïti),non,2024-03-31,2024-T1,Succursales et points de service actifs,1.0,unités,SRC-063,BRH — sommaire financier détaillé (CAMEL),"Données publiques haïtiennes — décret du 12/10/2005, art. 5 (textes officiels des autorités publiques et simples données)","BRH — Banque de la République d'Haïti, sommaire financier détaillé (indicateurs CAMEL) du système bancaire",2026-08-25
Ensemble du système,oui,2024-03-31,2024-T1,Succursales et points de service actifs,203.0,unités,SRC-063,BRH — sommaire financier détaillé (CAMEL),"Données publiques haïtiennes — décret du 12/10/2005, art. 5 (textes officiels des autorités publiques et simples données)","BRH — Banque de la République d'Haïti, sommaire financier détaillé (indicateurs CAMEL) du système bancaire",2026-08-25
Sogebank,non,2024-03-31,2024-T1,Succursales et points de service actifs,40.0,unités,SRC-063,BRH — sommaire financier détaillé (CAMEL),"Données publiques haïtiennes — décret du 12/10/2005, art. 5 (textes officiels des autorités publiques et simples données)","BRH — Banque de la République d'Haïti, sommaire financier détaillé (indicateurs CAMEL) du système bancaire",2026-08-25
Sogebel,non,2024-03-31,2024-T1,Succursales et points de service actifs,3.0,unités,SRC-063,BRH — sommaire financier détaillé (CAMEL),"Données publiques haïtiennes — décret du 12/10/2005, art. 5 (textes officiels des autorités publiques et simples données)","BRH — Banque de la République d'Haïti, sommaire financier détaillé (indicateurs CAMEL) du système bancaire",2026-08-25
Unibank,non,2024-03-31,2024-T1,Succursales et points de service actifs,64.0,unités,SRC-063,BRH — sommaire financier détaillé (CAMEL),"Données publiques haïtiennes — décret du 12/10/2005, art. 5 (textes officiels des autorités publiques et simples données)","BRH — Banque de la République d'Haïti, sommaire financier détaillé (indicateurs CAMEL) du système bancaire",2026-08-25
Banque Nationale de Crédit,non,2024-06-30,2024-T2,Actif total,119827549.0,milliers de gourdes,SRC-063,BRH — sommaire financier détaillé (CAMEL),"Données publiques haïtiennes — décret du 12/10/2005, art. 5 (textes officiels des autorités publiques et simples données)","BRH — Banque de la République d'Haïti, sommaire financier détaillé (indicateurs CAMEL) du système bancaire",2026-08-25
Banque Populaire Haïtienne,non,2024-06-30,2024-T2,Actif total,5517104.99,milliers de gourdes,SRC-063,BRH — sommaire financier détaillé (CAMEL),"Données publiques haïtiennes — décret du 12/10/2005, art. 5 (textes officiels des autorités publiques et simples données)","BRH — Banque de la République d'Haïti, sommaire financier détaillé (indicateurs CAMEL) du système bancaire",2026-08-25
Banque de l'Union Haïtienne,non,2024-06-30,2024-T2,Actif total,47508589.05,milliers de gourdes,SRC-063,BRH — sommaire financier détaillé (CAMEL),"Données publiques haïtiennes — décret du 12/10/2005, art. 5 (textes officiels des autorités publiques et simples données)","BRH — Banque de la République d'Haïti, sommaire financier détaillé (indicateurs CAMEL) du système bancaire",2026-08-25
Capital Bank,non,2024-06-30,2024-T2,Actif total,51961654.0,milliers de gourdes,SRC-063,BRH — sommaire financier détaillé (CAMEL),"Données publiques haïtiennes — décret du 12/10/2005, art. 5 (textes officiels des autorités publiques et simples données)","BRH — Banque de la République d'Haïti, sommaire financier détaillé (indicateurs CAMEL) du système bancaire",2026-08-25
Citibank N.A. (succursale d'Haïti),non,2024-06-30,2024-T2,Actif total,5010518.0,milliers de gourdes,SRC-063,BRH — sommaire financier détaillé (CAMEL),"Données publiques haïtiennes — décret du 12/10/2005, art. 5 (textes officiels des autorités publiques et simples données)","BRH — Banque de la République d'Haïti, sommaire financier détaillé (indicateurs CAMEL) du système bancaire",2026-08-25
Ensemble du système,oui,2024-06-30,2024-T2,Actif total,645470672.7,milliers de gourdes,SRC-063,BRH — sommaire financier détaillé (CAMEL),"Données publiques haïtiennes — décret du 12/10/2005, art. 5 (textes officiels des autorités publiques et simples données)","BRH — Banque de la République d'Haïti, sommaire financier détaillé (indicateurs CAMEL) du système bancaire",2026-08-25
Sogebank,non,2024-06-30,2024-T2,Actif total,166286128.95,milliers de gourdes,SRC-063,BRH — sommaire financier détaillé (CAMEL),"Données publiques haïtiennes — décret du 12/10/2005, art. 5 (textes officiels des autorités publiques et simples données)","BRH — Banque de la République d'Haïti, sommaire financier détaillé (indicateurs CAMEL) du système bancaire",2026-08-25
Sogebel,non,2024-06-30,2024-T2,Actif total,11740495.14,milliers de gourdes,SRC-063,BRH — sommaire financier détaillé (CAMEL),"Données publiques haïtiennes — décret du 12/10/2005, art. 5 (textes officiels des autorités publiques et simples données)","BRH — Banque de la République d'Haïti, sommaire financier détaillé (indicateurs CAMEL) du système bancaire",2026-08-25
Unibank,non,2024-06-30,2024-T2,Actif total,237618633.57,milliers de gourdes,SRC-063,BRH — sommaire financier détaillé (CAMEL),"Données publiques haïtiennes — décret du 12/10/2005, art. 5 (textes officiels des autorités publiques et simples données)","BRH — Banque de la République d'Haïti, sommaire financier détaillé (indicateurs CAMEL) du système bancaire",2026-08-25
Banque Nationale de Crédit,non,2024-06-30,2024-T2,Comptes de dépôt,549636.0,unités,SRC-063,BRH — sommaire financier détaillé (CAMEL),"Données publiques haïtiennes — décret du 12/10/2005, art. 5 (textes officiels des autorités publiques et simples données)","BRH — Banque de la République d'Haïti, sommaire financier détaillé (indicateurs CAMEL) du système bancaire",2026-08-25
Banque Populaire Haïtienne,non,2024-06-30,2024-T2,Comptes de dépôt,13121.0,unités,SRC-063,BRH — sommaire financier détaillé (CAMEL),"Données publiques haïtiennes — décret du 12/10/2005, art. 5 (textes officiels des autorités publiques et simples données)","BRH — Banque de la République d'Haïti, sommaire financier détaillé (indicateurs CAMEL) du système bancaire",2026-08-25
Banque de l'Union Haïtienne,non,2024-06-30,2024-T2,Comptes de dépôt,104523.0,unités,SRC-063,BRH — sommaire financier détaillé (CAMEL),"Données publiques haïtiennes — décret du 12/10/2005, art. 5 (textes officiels des autorités publiques et simples données)","BRH — Banque de la République d'Haïti, sommaire financier détaillé (indicateurs CAMEL) du système bancaire",2026-08-25
Capital Bank,non,2024-06-30,2024-T2,Comptes de dépôt,148196.0,unités,SRC-063,BRH — sommaire financier détaillé (CAMEL),"Données publiques haïtiennes — décret du 12/10/2005, art. 5 (textes officiels des autorités publiques et simples données)","BRH — Banque de la République d'Haïti, sommaire financier détaillé (indicateurs CAMEL) du système bancaire",2026-08-25
Citibank N.A. (succursale d'Haïti),non,2024-06-30,2024-T2,Comptes de dépôt,161.0,unités,SRC-063,BRH — sommaire financier détaillé (CAMEL),"Données publiques haïtiennes — décret du 12/10/2005, art. 5 (textes officiels des autorités publiques et simples données)","BRH — Banque de la République d'Haïti, sommaire financier détaillé (indicateurs CAMEL) du système bancaire",2026-08-25
Ensemble du système,oui,2024-06-30,2024-T2,Comptes de dépôt,2863708.0,unités,SRC-063,BRH — sommaire financier détaillé (CAMEL),"Données publiques haïtiennes — décret du 12/10/2005, art. 5 (textes officiels des autorités publiques et simples données)","BRH — Banque de la République d'Haïti, sommaire financier détaillé (indicateurs CAMEL) du système bancaire",2026-08-25
Sogebank,non,2024-06-30,2024-T2,Comptes de dépôt,723262.0,unités,SRC-063,BRH — sommaire financier détaillé (CAMEL),"Données publiques haïtiennes — décret du 12/10/2005, art. 5 (textes officiels des autorités publiques et simples données)","BRH — Banque de la République d'Haïti, sommaire financier détaillé (indicateurs CAMEL) du système bancaire",2026-08-25
Sogebel,non,2024-06-30,2024-T2,Comptes de dépôt,8052.0,unités,SRC-063,BRH — sommaire financier détaillé (CAMEL),"Données publiques haïtiennes — décret du 12/10/2005, art. 5 (textes officiels des autorités publiques et simples données)","BRH — Banque de la République d'Haïti, sommaire financier détaillé (indicateurs CAMEL) du système bancaire",2026-08-25
Unibank,non,2024-06-30,2024-T2,Comptes de dépôt,1316757.0,unités,SRC-063,BRH — sommaire financier détaillé (CAMEL),"Données publiques haïtiennes — décret du 12/10/2005, art. 5 (textes officiels des autorités publiques et simples données)","BRH — Banque de la République d'Haïti, sommaire financier détaillé (indicateurs CAMEL) du système bancaire",2026-08-25
Banque Nationale de Crédit,non,2024-06-30,2024-T2,Comptes de prêt,28301.0,unités,SRC-063,BRH — sommaire financier détaillé (CAMEL),"Données publiques haïtiennes — décret du 12/10/2005, art. 5 (textes officiels des autorités publiques et simples données)","BRH — Banque de la République d'Haïti, sommaire financier détaillé (indicateurs CAMEL) du système bancaire",2026-08-25
Banque Populaire Haïtienne,non,2024-06-30,2024-T2,Comptes de prêt,180.0,unités,SRC-063,BRH — sommaire financier détaillé (CAMEL),"Données publiques haïtiennes — décret du 12/10/2005, art. 5 (textes officiels des autorités publiques et simples données)","BRH — Banque de la République d'Haïti, sommaire financier détaillé (indicateurs CAMEL) du système bancaire",2026-08-25
Banque de l'Union Haïtienne,non,2024-06-30,2024-T2,Comptes de prêt,470.0,unités,SRC-063,BRH — sommaire financier détaillé (CAMEL),"Données publiques haïtiennes — décret du 12/10/2005, art. 5 (textes officiels des autorités publiques et simples données)","BRH — Banque de la République d'Haïti, sommaire financier détaillé (indicateurs CAMEL) du système bancaire",2026-08-25
Capital Bank,non,2024-06-30,2024-T2,Comptes de prêt,2264.0,unités,SRC-063,BRH — sommaire financier détaillé (CAMEL),"Données publiques haïtiennes — décret du 12/10/2005, art. 5 (textes officiels des autorités publiques et simples données)","BRH — Banque de la République d'Haïti, sommaire financier détaillé (indicateurs CAMEL) du système bancaire",2026-08-25
Citibank N.A. (succursale d'Haïti),non,2024-06-30,2024-T2,Comptes de prêt,1.0,unités,SRC-063,BRH — sommaire financier détaillé (CAMEL),"Données publiques haïtiennes — décret du 12/10/2005, art. 5 (textes officiels des autorités publiques et simples données)","BRH — Banque de la République d'Haïti, sommaire financier détaillé (indicateurs CAMEL) du système bancaire",2026-08-25
Ensemble du système,oui,2024-06-30,2024-T2,Comptes de prêt,57902.0,unités,SRC-063,BRH — sommaire financier détaillé (CAMEL),"Données publiques haïtiennes — décret du 12/10/2005, art. 5 (textes officiels des autorités publiques et simples données)","BRH — Banque de la République d'Haïti, sommaire financier détaillé (indicateurs CAMEL) du système bancaire",2026-08-25
Sogebank,non,2024-06-30,2024-T2,Comptes de prêt,17275.0,unités,SRC-063,BRH — sommaire financier détaillé (CAMEL),"Données publiques haïtiennes — décret du 12/10/2005, art. 5 (textes officiels des autorités publiques et simples données)","BRH — Banque de la République d'Haïti, sommaire financier détaillé (indicateurs CAMEL) du système bancaire",2026-08-25
Sogebel,non,2024-06-30,2024-T2,Comptes de prêt,397.0,unités,SRC-063,BRH — sommaire financier détaillé (CAMEL),"Données publiques haïtiennes — décret du 12/10/2005, art. 5 (textes officiels des autorités publiques et simples données)","BRH — Banque de la République d'Haïti, sommaire financier détaillé (indicateurs CAMEL) du système bancaire",2026-08-25
Unibank,non,2024-06-30,2024-T2,Comptes de prêt,9014.0,unités,SRC-063,BRH — sommaire financier détaillé (CAMEL),"Données publiques haïtiennes — décret du 12/10/2005, art. 5 (textes officiels des autorités publiques et simples données)","BRH — Banque de la République d'Haïti, sommaire financier détaillé (indicateurs CAMEL) du système bancaire",2026-08-25
Banque Nationale de Crédit,non,2024-06-30,2024-T2,Dépôts totaux,92496155.0,milliers de gourdes,SRC-063,BRH — sommaire financier détaillé (CAMEL),"Données publiques haïtiennes — décret du 12/10/2005, art. 5 (textes officiels des autorités publiques et simples données)","BRH — Banque de la République d'Haïti, sommaire financier détaillé (indicateurs CAMEL) du système bancaire",2026-08-25
Banque Populaire Haïtienne,non,2024-06-30,2024-T2,Dépôts totaux,4648269.08,milliers de gourdes,SRC-063,BRH — sommaire financier détaillé (CAMEL),"Données publiques haïtiennes — décret du 12/10/2005, art. 5 (textes officiels des autorités publiques et simples données)","BRH — Banque de la République d'Haïti, sommaire financier détaillé (indicateurs CAMEL) du système bancaire",2026-08-25
Banque de l'Union Haïtienne,non,2024-06-30,2024-T2,Dépôts totaux,37359218.97,milliers de gourdes,SRC-063,BRH — sommaire financier détaillé (CAMEL),"Données publiques haïtiennes — décret du 12/10/2005, art. 5 (textes officiels des autorités publiques et simples données)","BRH — Banque de la République d'Haïti, sommaire financier détaillé (indicateurs CAMEL) du système bancaire",2026-08-25
Capital Bank,non,2024-06-30,2024-T2,Dépôts totaux,40284250.0,milliers de gourdes,SRC-063,BRH — sommaire financier détaillé (CAMEL),"Données publiques haïtiennes — décret du 12/10/2005, art. 5 (textes officiels des autorités publiques et simples données)","BRH — Banque de la République d'Haïti, sommaire financier détaillé (indicateurs CAMEL) du système bancaire",2026-08-25
Citibank N.A. (succursale d'Haïti),non,2024-06-30,2024-T2,Dépôts totaux,3792748.0,milliers de gourdes,SRC-063,BRH — sommaire financier détaillé (CAMEL),"Données publiques haïtiennes — décret du 12/10/2005, art. 5 (textes officiels des autorités publiques et simples données)","BRH — Banque de la République d'Haïti, sommaire financier détaillé (indicateurs CAMEL) du système bancaire",2026-08-25
Ensemble du système,oui,2024-06-30,2024-T2,Dépôts totaux,527165970.01,milliers de gourdes,SRC-063,BRH — sommaire financier détaillé (CAMEL),"Données publiques haïtiennes — décret du 12/10/2005, art. 5 (textes officiels des autorités publiques et simples données)","BRH — Banque de la République d'Haïti, sommaire financier détaillé (indicateurs CAMEL) du système bancaire",2026-08-25
Sogebank,non,2024-06-30,2024-T2,Dépôts totaux,139269094.28,milliers de gourdes,SRC-063,BRH — sommaire financier détaillé (CAMEL),"Données publiques haïtiennes — décret du 12/10/2005, art. 5 (textes officiels des autorités publiques et simples données)","BRH — Banque de la République d'Haïti, sommaire financier détaillé (indicateurs CAMEL) du système bancaire",2026-08-25
Sogebel,non,2024-06-30,2024-T2,Dépôts totaux,7911321.37,milliers de gourdes,SRC-063,BRH — sommaire financier détaillé (CAMEL),"Données publiques haïtiennes — décret du 12/10/2005, art. 5 (textes officiels des autorités publiques et simples données)","BRH — Banque de la République d'Haïti, sommaire financier détaillé (indicateurs CAMEL) du système bancaire",2026-08-25
Unibank,non,2024-06-30,2024-T2,Dépôts totaux,201404913.31,milliers de gourdes,SRC-063,BRH — sommaire financier détaillé (CAMEL),"Données publiques haïtiennes — décret du 12/10/2005, art. 5 (textes officiels des autorités publiques et simples données)","BRH — Banque de la République d'Haïti, sommaire financier détaillé (indicateurs CAMEL) du système bancaire",2026-08-25
Banque Nationale de Crédit,non,2024-06-30,2024-T2,Employés,802.0,unités,SRC-063,BRH — sommaire financier détaillé (CAMEL),"Données publiques haïtiennes — décret du 12/10/2005, art. 5 (textes officiels des autorités publiques et simples données)","BRH — Banque de la République d'Haïti, sommaire financier détaillé (indicateurs CAMEL) du système bancaire",2026-08-25
Banque Populaire Haïtienne,non,2024-06-30,2024-T2,Employés,125.0,unités,SRC-063,BRH — sommaire financier détaillé (CAMEL),"Données publiques haïtiennes — décret du 12/10/2005, art. 5 (textes officiels des autorités publiques et simples données)","BRH — Banque de la République d'Haïti, sommaire financier détaillé (indicateurs CAMEL) du système bancaire",2026-08-25
Banque de l'Union Haïtienne,non,2024-06-30,2024-T2,Employés,468.0,unités,SRC-063,BRH — sommaire financier détaillé (CAMEL),"Données publiques haïtiennes — décret du 12/10/2005, art. 5 (textes officiels des autorités publiques et simples données)","BRH — Banque de la République d'Haïti, sommaire financier détaillé (indicateurs CAMEL) du système bancaire",2026-08-25
Capital Bank,non,2024-06-30,2024-T2,Employés,739.0,unités,SRC-063,BRH — sommaire financier détaillé (CAMEL),"Données publiques haïtiennes — décret du 12/10/2005, art. 5 (textes officiels des autorités publiques et simples données)","BRH — Banque de la République d'Haïti, sommaire financier détaillé (indicateurs CAMEL) du système bancaire",2026-08-25
Citibank N.A. (succursale d'Haïti),non,2024-06-30,2024-T2,Employés,13.0,unités,SRC-063,BRH — sommaire financier détaillé (CAMEL),"Données publiques haïtiennes — décret du 12/10/2005, art. 5 (textes officiels des autorités publiques et simples données)","BRH — Banque de la République d'Haïti, sommaire financier détaillé (indicateurs CAMEL) du système bancaire",2026-08-25
Ensemble du système,oui,2024-06-30,2024-T2,Employés,4870.0,unités,SRC-063,BRH — sommaire financier détaillé (CAMEL),"Données publiques haïtiennes — décret du 12/10/2005, art. 5 (textes officiels des autorités publiques et simples données)","BRH — Banque de la République d'Haïti, sommaire financier détaillé (indicateurs CAMEL) du système bancaire",2026-08-25
Sogebank,non,2024-06-30,2024-T2,Employés,1113.0,unités,SRC-063,BRH — sommaire financier détaillé (CAMEL),"Données publiques haïtiennes — décret du 12/10/2005, art. 5 (textes officiels des autorités publiques et simples données)","BRH — Banque de la République d'Haïti, sommaire financier détaillé (indicateurs CAMEL) du système bancaire",2026-08-25
Sogebel,non,2024-06-30,2024-T2,Employés,71.0,unités,SRC-063,BRH — sommaire financier détaillé (CAMEL),"Données publiques haïtiennes — décret du 12/10/2005, art. 5 (textes officiels des autorités publiques et simples données)","BRH — Banque de la République d'Haïti, sommaire financier détaillé (indicateurs CAMEL) du système bancaire",2026-08-25
Unibank,non,2024-06-30,2024-T2,Employés,1539.0,unités,SRC-063,BRH — sommaire financier détaillé (CAMEL),"Données publiques haïtiennes — décret du 12/10/2005, art. 5 (textes officiels des autorités publiques et simples données)","BRH — Banque de la République d'Haïti, sommaire financier détaillé (indicateurs CAMEL) du système bancaire",2026-08-25
Banque Nationale de Crédit,non,2024-06-30,2024-T2,Liquidité en % de l'actif,64.62,%,SRC-063,BRH — sommaire financier détaillé (CAMEL),"Données publiques haïtiennes — décret du 12/10/2005, art. 5 (textes officiels des autorités publiques et simples données)","BRH — Banque de la République d'Haïti, sommaire financier détaillé (indicateurs CAMEL) du système bancaire",2026-08-25
Banque Populaire Haïtienne,non,2024-06-30,2024-T2,Liquidité en % de l'actif,64.03,%,SRC-063,BRH — sommaire financier détaillé (CAMEL),"Données publiques haïtiennes — décret du 12/10/2005, art. 5 (textes officiels des autorités publiques et simples données)","BRH — Banque de la République d'Haïti, sommaire financier détaillé (indicateurs CAMEL) du système bancaire",2026-08-25
Banque de l'Union Haïtienne,non,2024-06-30,2024-T2,Liquidité en % de l'actif,46.41,%,SRC-063,BRH — sommaire financier détaillé (CAMEL),"Données publiques haïtiennes — décret du 12/10/2005, art. 5 (textes officiels des autorités publiques et simples données)","BRH — Banque de la République d'Haïti, sommaire financier détaillé (indicateurs CAMEL) du système bancaire",2026-08-25
Capital Bank,non,2024-06-30,2024-T2,Liquidité en % de l'actif,60.14,%,SRC-063,BRH — sommaire financier détaillé (CAMEL),"Données publiques haïtiennes — décret du 12/10/2005, art. 5 (textes officiels des autorités publiques et simples données)","BRH — Banque de la République d'Haïti, sommaire financier détaillé (indicateurs CAMEL) du système bancaire",2026-08-25
Citibank N.A. (succursale d'Haïti),non,2024-06-30,2024-T2,Liquidité en % de l'actif,93.81,%,SRC-063,BRH — sommaire financier détaillé (CAMEL),"Données publiques haïtiennes — décret du 12/10/2005, art. 5 (textes officiels des autorités publiques et simples données)","BRH — Banque de la République d'Haïti, sommaire financier détaillé (indicateurs CAMEL) du système bancaire",2026-08-25
Ensemble du système,oui,2024-06-30,2024-T2,Liquidité en % de l'actif,54.66,%,SRC-063,BRH — sommaire financier détaillé (CAMEL),"Données publiques haïtiennes — décret du 12/10/2005, art. 5 (textes officiels des autorités publiques et simples données)","BRH — Banque de la République d'Haïti, sommaire financier détaillé (indicateurs CAMEL) du système bancaire",2026-08-25
Sogebank,non,2024-06-30,2024-T2,Liquidité en % de l'actif,47.31,%,SRC-063,BRH — sommaire financier détaillé (CAMEL),"Données publiques haïtiennes — décret du 12/10/2005, art. 5 (textes officiels des autorités publiques et simples données)","BRH — Banque de la République d'Haïti, sommaire financier détaillé (indicateurs CAMEL) du système bancaire",2026-08-25
Sogebel,non,2024-06-30,2024-T2,Liquidité en % de l'actif,18.11,%,SRC-063,BRH — sommaire financier détaillé (CAMEL),"Données publiques haïtiennes — décret du 12/10/2005, art. 5 (textes officiels des autorités publiques et simples données)","BRH — Banque de la République d'Haïti, sommaire financier détaillé (indicateurs CAMEL) du système bancaire",2026-08-25
Unibank,non,2024-06-30,2024-T2,Liquidité en % de l'actif,55.98,%,SRC-063,BRH — sommaire financier détaillé (CAMEL),"Données publiques haïtiennes — décret du 12/10/2005, art. 5 (textes officiels des autorités publiques et simples données)","BRH — Banque de la République d'Haïti, sommaire financier détaillé (indicateurs CAMEL) du système bancaire",2026-08-25
Banque Nationale de Crédit,non,2024-06-30,2024-T2,Part des dépôts en devises,43.3,%,SRC-063,BRH — sommaire financier détaillé (CAMEL),"Données publiques haïtiennes — décret du 12/10/2005, art. 5 (textes officiels des autorités publiques et simples données)","BRH — Banque de la République d'Haïti, sommaire financier détaillé (indicateurs CAMEL) du système bancaire",2026-08-25
Banque Populaire Haïtienne,non,2024-06-30,2024-T2,Part des dépôts en devises,57.19,%,SRC-063,BRH — sommaire financier détaillé (CAMEL),"Données publiques haïtiennes — décret du 12/10/2005, art. 5 (textes officiels des autorités publiques et simples données)","BRH — Banque de la République d'Haïti, sommaire financier détaillé (indicateurs CAMEL) du système bancaire",2026-08-25
Banque de l'Union Haïtienne,non,2024-06-30,2024-T2,Part des dépôts en devises,73.53,%,SRC-063,BRH — sommaire financier détaillé (CAMEL),"Données publiques haïtiennes — décret du 12/10/2005, art. 5 (textes officiels des autorités publiques et simples données)","BRH — Banque de la République d'Haïti, sommaire financier détaillé (indicateurs CAMEL) du système bancaire",2026-08-25
Capital Bank,non,2024-06-30,2024-T2,Part des dépôts en devises,76.14,%,SRC-063,BRH — sommaire financier détaillé (CAMEL),"Données publiques haïtiennes — décret du 12/10/2005, art. 5 (textes officiels des autorités publiques et simples données)","BRH — Banque de la République d'Haïti, sommaire financier détaillé (indicateurs CAMEL) du système bancaire",2026-08-25
Citibank N.A. (succursale d'Haïti),non,2024-06-30,2024-T2,Part des dépôts en devises,78.99,%,SRC-063,BRH — sommaire financier détaillé (CAMEL),"Données publiques haïtiennes — décret du 12/10/2005, art. 5 (textes officiels des autorités publiques et simples données)","BRH — Banque de la République d'Haïti, sommaire financier détaillé (indicateurs CAMEL) du système bancaire",2026-08-25
Ensemble du système,oui,2024-06-30,2024-T2,Part des dépôts en devises,68.76,%,SRC-063,BRH — sommaire financier détaillé (CAMEL),"Données publiques haïtiennes — décret du 12/10/2005, art. 5 (textes officiels des autorités publiques et simples données)","BRH — Banque de la République d'Haïti, sommaire financier détaillé (indicateurs CAMEL) du système bancaire",2026-08-25
Sogebank,non,2024-06-30,2024-T2,Part des dépôts en devises,71.2,%,SRC-063,BRH — sommaire financier détaillé (CAMEL),"Données publiques haïtiennes — décret du 12/10/2005, art. 5 (textes officiels des autorités publiques et simples données)","BRH — Banque de la République d'Haïti, sommaire financier détaillé (indicateurs CAMEL) du système bancaire",2026-08-25
Sogebel,non,2024-06-30,2024-T2,Part des dépôts en devises,78.22,%,SRC-063,BRH — sommaire financier détaillé (CAMEL),"Données publiques haïtiennes — décret du 12/10/2005, art. 5 (textes officiels des autorités publiques et simples données)","BRH — Banque de la République d'Haïti, sommaire financier détaillé (indicateurs CAMEL) du système bancaire",2026-08-25
Unibank,non,2024-06-30,2024-T2,Part des dépôts en devises,76.1,%,SRC-063,BRH — sommaire financier détaillé (CAMEL),"Données publiques haïtiennes — décret du 12/10/2005, art. 5 (textes officiels des autorités publiques et simples données)","BRH — Banque de la République d'Haïti, sommaire financier détaillé (indicateurs CAMEL) du système bancaire",2026-08-25
Banque Nationale de Crédit,non,2024-06-30,2024-T2,Part du portefeuille net en devises,28.94,%,SRC-063,BRH — sommaire financier détaillé (CAMEL),"Données publiques haïtiennes — décret du 12/10/2005, art. 5 (textes officiels des autorités publiques et simples données)","BRH — Banque de la République d'Haïti, sommaire financier détaillé (indicateurs CAMEL) du système bancaire",2026-08-25
Banque Populaire Haïtienne,non,2024-06-30,2024-T2,Part du portefeuille net en devises,333.89,%,SRC-063,BRH — sommaire financier détaillé (CAMEL),"Données publiques haïtiennes — décret du 12/10/2005, art. 5 (textes officiels des autorités publiques et simples données)","BRH — Banque de la République d'Haïti, sommaire financier détaillé (indicateurs CAMEL) du système bancaire",2026-08-25
Banque de l'Union Haïtienne,non,2024-06-30,2024-T2,Part du portefeuille net en devises,65.76,%,SRC-063,BRH — sommaire financier détaillé (CAMEL),"Données publiques haïtiennes — décret du 12/10/2005, art. 5 (textes officiels des autorités publiques et simples données)","BRH — Banque de la République d'Haïti, sommaire financier détaillé (indicateurs CAMEL) du système bancaire",2026-08-25
Capital Bank,non,2024-06-30,2024-T2,Part du portefeuille net en devises,57.94,%,SRC-063,BRH — sommaire financier détaillé (CAMEL),"Données publiques haïtiennes — décret du 12/10/2005, art. 5 (textes officiels des autorités publiques et simples données)","BRH — Banque de la République d'Haïti, sommaire financier détaillé (indicateurs CAMEL) du système bancaire",2026-08-25
Citibank N.A. (succursale d'Haïti),non,2024-06-30,2024-T2,Part du portefeuille net en devises,0.0,%,SRC-063,BRH — sommaire financier détaillé (CAMEL),"Données publiques haïtiennes — décret du 12/10/2005, art. 5 (textes officiels des autorités publiques et simples données)","BRH — Banque de la République d'Haïti, sommaire financier détaillé (indicateurs CAMEL) du système bancaire",2026-08-25
Ensemble du système,oui,2024-06-30,2024-T2,Part du portefeuille net en devises,58.09,%,SRC-063,BRH — sommaire financier détaillé (CAMEL),"Données publiques haïtiennes — décret du 12/10/2005, art. 5 (textes officiels des autorités publiques et simples données)","BRH — Banque de la République d'Haïti, sommaire financier détaillé (indicateurs CAMEL) du système bancaire",2026-08-25
Sogebank,non,2024-06-30,2024-T2,Part du portefeuille net en devises,59.61,%,SRC-063,BRH — sommaire financier détaillé (CAMEL),"Données publiques haïtiennes — décret du 12/10/2005, art. 5 (textes officiels des autorités publiques et simples données)","BRH — Banque de la République d'Haïti, sommaire financier détaillé (indicateurs CAMEL) du système bancaire",2026-08-25
Sogebel,non,2024-06-30,2024-T2,Part du portefeuille net en devises,54.15,%,SRC-063,BRH — sommaire financier détaillé (CAMEL),"Données publiques haïtiennes — décret du 12/10/2005, art. 5 (textes officiels des autorités publiques et simples données)","BRH — Banque de la République d'Haïti, sommaire financier détaillé (indicateurs CAMEL) du système bancaire",2026-08-25
Unibank,non,2024-06-30,2024-T2,Part du portefeuille net en devises,66.92,%,SRC-063,BRH — sommaire financier détaillé (CAMEL),"Données publiques haïtiennes — décret du 12/10/2005, art. 5 (textes officiels des autorités publiques et simples données)","BRH — Banque de la République d'Haïti, sommaire financier détaillé (indicateurs CAMEL) du système bancaire",2026-08-25
Banque Nationale de Crédit,non,2024-06-30,2024-T2,Portefeuille de prêts brut,22103390.0,milliers de gourdes,SRC-063,BRH — sommaire financier détaillé (CAMEL),"Données publiques haïtiennes — décret du 12/10/2005, art. 5 (textes officiels des autorités publiques et simples données)","BRH — Banque de la République d'Haïti, sommaire financier détaillé (indicateurs CAMEL) du système bancaire",2026-08-25
Banque Populaire Haïtienne,non,2024-06-30,2024-T2,Portefeuille de prêts brut,1329384.79,milliers de gourdes,SRC-063,BRH — sommaire financier détaillé (CAMEL),"Données publiques haïtiennes — décret du 12/10/2005, art. 5 (textes officiels des autorités publiques et simples données)","BRH — Banque de la République d'Haïti, sommaire financier détaillé (indicateurs CAMEL) du système bancaire",2026-08-25
Banque de l'Union Haïtienne,non,2024-06-30,2024-T2,Portefeuille de prêts brut,12508778.86,milliers de gourdes,SRC-063,BRH — sommaire financier détaillé (CAMEL),"Données publiques haïtiennes — décret du 12/10/2005, art. 5 (textes officiels des autorités publiques et simples données)","BRH — Banque de la République d'Haïti, sommaire financier détaillé (indicateurs CAMEL) du système bancaire",2026-08-25
Capital Bank,non,2024-06-30,2024-T2,Portefeuille de prêts brut,12072901.0,milliers de gourdes,SRC-063,BRH — sommaire financier détaillé (CAMEL),"Données publiques haïtiennes — décret du 12/10/2005, art. 5 (textes officiels des autorités publiques et simples données)","BRH — Banque de la République d'Haïti, sommaire financier détaillé (indicateurs CAMEL) du système bancaire",2026-08-25
Citibank N.A. (succursale d'Haïti),non,2024-06-30,2024-T2,Portefeuille de prêts brut,55444.0,milliers de gourdes,SRC-063,BRH — sommaire financier détaillé (CAMEL),"Données publiques haïtiennes — décret du 12/10/2005, art. 5 (textes officiels des autorités publiques et simples données)","BRH — Banque de la République d'Haïti, sommaire financier détaillé (indicateurs CAMEL) du système bancaire",2026-08-25
Ensemble du système,oui,2024-06-30,2024-T2,Portefeuille de prêts brut,128603752.65,milliers de gourdes,SRC-063,BRH — sommaire financier détaillé (CAMEL),"Données publiques haïtiennes — décret du 12/10/2005, art. 5 (textes officiels des autorités publiques et simples données)","BRH — Banque de la République d'Haïti, sommaire financier détaillé (indicateurs CAMEL) du système bancaire",2026-08-25
Sogebank,non,2024-06-30,2024-T2,Portefeuille de prêts brut,33053676.26,milliers de gourdes,SRC-063,BRH — sommaire financier détaillé (CAMEL),"Données publiques haïtiennes — décret du 12/10/2005, art. 5 (textes officiels des autorités publiques et simples données)","BRH — Banque de la République d'Haïti, sommaire financier détaillé (indicateurs CAMEL) du système bancaire",2026-08-25
Sogebel,non,2024-06-30,2024-T2,Portefeuille de prêts brut,5154628.88,milliers de gourdes,SRC-063,BRH — sommaire financier détaillé (CAMEL),"Données publiques haïtiennes — décret du 12/10/2005, art. 5 (textes officiels des autorités publiques et simples données)","BRH — Banque de la République d'Haïti, sommaire financier détaillé (indicateurs CAMEL) du système bancaire",2026-08-25
Unibank,non,2024-06-30,2024-T2,Portefeuille de prêts brut,42325548.86,milliers de gourdes,SRC-063,BRH — sommaire financier détaillé (CAMEL),"Données publiques haïtiennes — décret du 12/10/2005, art. 5 (textes officiels des autorités publiques et simples données)","BRH — Banque de la République d'Haïti, sommaire financier détaillé (indicateurs CAMEL) du système bancaire",2026-08-25
Banque Nationale de Crédit,non,2024-06-30,2024-T2,Succursales et points de service actifs,40.0,unités,SRC-063,BRH — sommaire financier détaillé (CAMEL),"Données publiques haïtiennes — décret du 12/10/2005, art. 5 (textes officiels des autorités publiques et simples données)","BRH — Banque de la République d'Haïti, sommaire financier détaillé (indicateurs CAMEL) du système bancaire",2026-08-25
Banque Populaire Haïtienne,non,2024-06-30,2024-T2,Succursales et points de service actifs,6.0,unités,SRC-063,BRH — sommaire financier détaillé (CAMEL),"Données publiques haïtiennes — décret du 12/10/2005, art. 5 (textes officiels des autorités publiques et simples données)","BRH — Banque de la République d'Haïti, sommaire financier détaillé (indicateurs CAMEL) du système bancaire",2026-08-25
Banque de l'Union Haïtienne,non,2024-06-30,2024-T2,Succursales et points de service actifs,24.0,unités,SRC-063,BRH — sommaire financier détaillé (CAMEL),"Données publiques haïtiennes — décret du 12/10/2005, art. 5 (textes officiels des autorités publiques et simples données)","BRH — Banque de la République d'Haïti, sommaire financier détaillé (indicateurs CAMEL) du système bancaire",2026-08-25
Capital Bank,non,2024-06-30,2024-T2,Succursales et points de service actifs,25.0,unités,SRC-063,BRH — sommaire financier détaillé (CAMEL),"Données publiques haïtiennes — décret du 12/10/2005, art. 5 (textes officiels des autorités publiques et simples données)","BRH — Banque de la République d'Haïti, sommaire financier détaillé (indicateurs CAMEL) du système bancaire",2026-08-25
Citibank N.A. (succursale d'Haïti),non,2024-06-30,2024-T2,Succursales et points de service actifs,1.0,unités,SRC-063,BRH — sommaire financier détaillé (CAMEL),"Données publiques haïtiennes — décret du 12/10/2005, art. 5 (textes officiels des autorités publiques et simples données)","BRH — Banque de la République d'Haïti, sommaire financier détaillé (indicateurs CAMEL) du système bancaire",2026-08-25
Ensemble du système,oui,2024-06-30,2024-T2,Succursales et points de service actifs,203.0,unités,SRC-063,BRH — sommaire financier détaillé (CAMEL),"Données publiques haïtiennes — décret du 12/10/2005, art. 5 (textes officiels des autorités publiques et simples données)","BRH — Banque de la République d'Haïti, sommaire financier détaillé (indicateurs CAMEL) du système bancaire",2026-08-25
Sogebank,non,2024-06-30,2024-T2,Succursales et points de service actifs,40.0,unités,SRC-063,BRH — sommaire financier détaillé (CAMEL),"Données publiques haïtiennes — décret du 12/10/2005, art. 5 (textes officiels des autorités publiques et simples données)","BRH — Banque de la République d'Haïti, sommaire financier détaillé (indicateurs CAMEL) du système bancaire",2026-08-25
Sogebel,non,2024-06-30,2024-T2,Succursales et points de service actifs,3.0,unités,SRC-063,BRH — sommaire financier détaillé (CAMEL),"Données publiques haïtiennes — décret du 12/10/2005, art. 5 (textes officiels des autorités publiques et simples données)","BRH — Banque de la République d'Haïti, sommaire financier détaillé (indicateurs CAMEL) du système bancaire",2026-08-25
Unibank,non,2024-06-30,2024-T2,Succursales et points de service actifs,64.0,unités,SRC-063,BRH — sommaire financier détaillé (CAMEL),"Données publiques haïtiennes — décret du 12/10/2005, art. 5 (textes officiels des autorités publiques et simples données)","BRH — Banque de la République d'Haïti, sommaire financier détaillé (indicateurs CAMEL) du système bancaire",2026-08-25
Banque Nationale de Crédit,non,2024-09-30,2024-T3,Actif total,118380007.0,milliers de gourdes,SRC-063,BRH — sommaire financier détaillé (CAMEL),"Données publiques haïtiennes — décret du 12/10/2005, art. 5 (textes officiels des autorités publiques et simples données)","BRH — Banque de la République d'Haïti, sommaire financier détaillé (indicateurs CAMEL) du système bancaire",2026-08-25
Banque Populaire Haïtienne,non,2024-09-30,2024-T3,Actif total,5454045.17,milliers de gourdes,SRC-063,BRH — sommaire financier détaillé (CAMEL),"Données publiques haïtiennes — décret du 12/10/2005, art. 5 (textes officiels des autorités publiques et simples données)","BRH — Banque de la République d'Haïti, sommaire financier détaillé (indicateurs CAMEL) du système bancaire",2026-08-25
Banque de l'Union Haïtienne,non,2024-09-30,2024-T3,Actif total,46339942.65,milliers de gourdes,SRC-063,BRH — sommaire financier détaillé (CAMEL),"Données publiques haïtiennes — décret du 12/10/2005, art. 5 (textes officiels des autorités publiques et simples données)","BRH — Banque de la République d'Haïti, sommaire financier détaillé (indicateurs CAMEL) du système bancaire",2026-08-25
Capital Bank,non,2024-09-30,2024-T3,Actif total,52269740.0,milliers de gourdes,SRC-063,BRH — sommaire financier détaillé (CAMEL),"Données publiques haïtiennes — décret du 12/10/2005, art. 5 (textes officiels des autorités publiques et simples données)","BRH — Banque de la République d'Haïti, sommaire financier détaillé (indicateurs CAMEL) du système bancaire",2026-08-25
Ensemble du système,oui,2024-09-30,2024-T3,Actif total,643937842.84,milliers de gourdes,SRC-063,BRH — sommaire financier détaillé (CAMEL),"Données publiques haïtiennes — décret du 12/10/2005, art. 5 (textes officiels des autorités publiques et simples données)","BRH — Banque de la République d'Haïti, sommaire financier détaillé (indicateurs CAMEL) du système bancaire",2026-08-25
Sogebank,non,2024-09-30,2024-T3,Actif total,168891239.56,milliers de gourdes,SRC-063,BRH — sommaire financier détaillé (CAMEL),"Données publiques haïtiennes — décret du 12/10/2005, art. 5 (textes officiels des autorités publiques et simples données)","BRH — Banque de la République d'Haïti, sommaire financier détaillé (indicateurs CAMEL) du système bancaire",2026-08-25
Sogebel,non,2024-09-30,2024-T3,Actif total,12061886.32,milliers de gourdes,SRC-063,BRH — sommaire financier détaillé (CAMEL),"Données publiques haïtiennes — décret du 12/10/2005, art. 5 (textes officiels des autorités publiques et simples données)","BRH — Banque de la République d'Haïti, sommaire financier détaillé (indicateurs CAMEL) du système bancaire",2026-08-25
Unibank,non,2024-09-30,2024-T3,Actif total,240540982.14,milliers de gourdes,SRC-063,BRH — sommaire financier détaillé (CAMEL),"Données publiques haïtiennes — décret du 12/10/2005, art. 5 (textes officiels des autorités publiques et simples données)","BRH — Banque de la République d'Haïti, sommaire financier détaillé (indicateurs CAMEL) du système bancaire",2026-08-25
Banque Nationale de Crédit,non,2024-09-30,2024-T3,Comptes de dépôt,547446.0,unités,SRC-063,BRH — sommaire financier détaillé (CAMEL),"Données publiques haïtiennes — décret du 12/10/2005, art. 5 (textes officiels des autorités publiques et simples données)","BRH — Banque de la République d'Haïti, sommaire financier détaillé (indicateurs CAMEL) du système bancaire",2026-08-25
Banque Populaire Haïtienne,non,2024-09-30,2024-T3,Comptes de dépôt,12974.0,unités,SRC-063,BRH — sommaire financier détaillé (CAMEL),"Données publiques haïtiennes — décret du 12/10/2005, art. 5 (textes officiels des autorités publiques et simples données)","BRH — Banque de la République d'Haïti, sommaire financier détaillé (indicateurs CAMEL) du système bancaire",2026-08-25
Banque de l'Union Haïtienne,non,2024-09-30,2024-T3,Comptes de dépôt,105039.0,unités,SRC-063,BRH — sommaire financier détaillé (CAMEL),"Données publiques haïtiennes — décret du 12/10/2005, art. 5 (textes officiels des autorités publiques et simples données)","BRH — Banque de la République d'Haïti, sommaire financier détaillé (indicateurs CAMEL) du système bancaire",2026-08-25
Capital Bank,non,2024-09-30,2024-T3,Comptes de dépôt,151964.0,unités,SRC-063,BRH — sommaire financier détaillé (CAMEL),"Données publiques haïtiennes — décret du 12/10/2005, art. 5 (textes officiels des autorités publiques et simples données)","BRH — Banque de la République d'Haïti, sommaire financier détaillé (indicateurs CAMEL) du système bancaire",2026-08-25
Ensemble du système,oui,2024-09-30,2024-T3,Comptes de dépôt,2895912.0,unités,SRC-063,BRH — sommaire financier détaillé (CAMEL),"Données publiques haïtiennes — décret du 12/10/2005, art. 5 (textes officiels des autorités publiques et simples données)","BRH — Banque de la République d'Haïti, sommaire financier détaillé (indicateurs CAMEL) du système bancaire",2026-08-25
Sogebank,non,2024-09-30,2024-T3,Comptes de dépôt,745063.0,unités,SRC-063,BRH — sommaire financier détaillé (CAMEL),"Données publiques haïtiennes — décret du 12/10/2005, art. 5 (textes officiels des autorités publiques et simples données)","BRH — Banque de la République d'Haïti, sommaire financier détaillé (indicateurs CAMEL) du système bancaire",2026-08-25
Sogebel,non,2024-09-30,2024-T3,Comptes de dépôt,8065.0,unités,SRC-063,BRH — sommaire financier détaillé (CAMEL),"Données publiques haïtiennes — décret du 12/10/2005, art. 5 (textes officiels des autorités publiques et simples données)","BRH — Banque de la République d'Haïti, sommaire financier détaillé (indicateurs CAMEL) du système bancaire",2026-08-25
Unibank,non,2024-09-30,2024-T3,Comptes de dépôt,1325361.0,unités,SRC-063,BRH — sommaire financier détaillé (CAMEL),"Données publiques haïtiennes — décret du 12/10/2005, art. 5 (textes officiels des autorités publiques et simples données)","BRH — Banque de la République d'Haïti, sommaire financier détaillé (indicateurs CAMEL) du système bancaire",2026-08-25
Banque Nationale de Crédit,non,2024-09-30,2024-T3,Comptes de prêt,27237.0,unités,SRC-063,BRH — sommaire financier détaillé (CAMEL),"Données publiques haïtiennes — décret du 12/10/2005, art. 5 (textes officiels des autorités publiques et simples données)","BRH — Banque de la République d'Haïti, sommaire financier détaillé (indicateurs CAMEL) du système bancaire",2026-08-25
Banque Populaire Haïtienne,non,2024-09-30,2024-T3,Comptes de prêt,178.0,unités,SRC-063,BRH — sommaire financier détaillé (CAMEL),"Données publiques haïtiennes — décret du 12/10/2005, art. 5 (textes officiels des autorités publiques et simples données)","BRH — Banque de la République d'Haïti, sommaire financier détaillé (indicateurs CAMEL) du système bancaire",2026-08-25
Banque de l'Union Haïtienne,non,2024-09-30,2024-T3,Comptes de prêt,444.0,unités,SRC-063,BRH — sommaire financier détaillé (CAMEL),"Données publiques haïtiennes — décret du 12/10/2005, art. 5 (textes officiels des autorités publiques et simples données)","BRH — Banque de la République d'Haïti, sommaire financier détaillé (indicateurs CAMEL) du système bancaire",2026-08-25
Capital Bank,non,2024-09-30,2024-T3,Comptes de prêt,2028.0,unités,SRC-063,BRH — sommaire financier détaillé (CAMEL),"Données publiques haïtiennes — décret du 12/10/2005, art. 5 (textes officiels des autorités publiques et simples données)","BRH — Banque de la République d'Haïti, sommaire financier détaillé (indicateurs CAMEL) du système bancaire",2026-08-25
Ensemble du système,oui,2024-09-30,2024-T3,Comptes de prêt,54688.0,unités,SRC-063,BRH — sommaire financier détaillé (CAMEL),"Données publiques haïtiennes — décret du 12/10/2005, art. 5 (textes officiels des autorités publiques et simples données)","BRH — Banque de la République d'Haïti, sommaire financier détaillé (indicateurs CAMEL) du système bancaire",2026-08-25
Sogebank,non,2024-09-30,2024-T3,Comptes de prêt,15977.0,unités,SRC-063,BRH — sommaire financier détaillé (CAMEL),"Données publiques haïtiennes — décret du 12/10/2005, art. 5 (textes officiels des autorités publiques et simples données)","BRH — Banque de la République d'Haïti, sommaire financier détaillé (indicateurs CAMEL) du système bancaire",2026-08-25
Sogebel,non,2024-09-30,2024-T3,Comptes de prêt,400.0,unités,SRC-063,BRH — sommaire financier détaillé (CAMEL),"Données publiques haïtiennes — décret du 12/10/2005, art. 5 (textes officiels des autorités publiques et simples données)","BRH — Banque de la République d'Haïti, sommaire financier détaillé (indicateurs CAMEL) du système bancaire",2026-08-25
Unibank,non,2024-09-30,2024-T3,Comptes de prêt,8424.0,unités,SRC-063,BRH — sommaire financier détaillé (CAMEL),"Données publiques haïtiennes — décret du 12/10/2005, art. 5 (textes officiels des autorités publiques et simples données)","BRH — Banque de la République d'Haïti, sommaire financier détaillé (indicateurs CAMEL) du système bancaire",2026-08-25
Banque Nationale de Crédit,non,2024-09-30,2024-T3,Dépôts totaux,93143324.0,milliers de gourdes,SRC-063,BRH — sommaire financier détaillé (CAMEL),"Données publiques haïtiennes — décret du 12/10/2005, art. 5 (textes officiels des autorités publiques et simples données)","BRH — Banque de la République d'Haïti, sommaire financier détaillé (indicateurs CAMEL) du système bancaire",2026-08-25
Banque Populaire Haïtienne,non,2024-09-30,2024-T3,Dépôts totaux,4589224.61,milliers de gourdes,SRC-063,BRH — sommaire financier détaillé (CAMEL),"Données publiques haïtiennes — décret du 12/10/2005, art. 5 (textes officiels des autorités publiques et simples données)","BRH — Banque de la République d'Haïti, sommaire financier détaillé (indicateurs CAMEL) du système bancaire",2026-08-25
Banque de l'Union Haïtienne,non,2024-09-30,2024-T3,Dépôts totaux,38131561.76,milliers de gourdes,SRC-063,BRH — sommaire financier détaillé (CAMEL),"Données publiques haïtiennes — décret du 12/10/2005, art. 5 (textes officiels des autorités publiques et simples données)","BRH — Banque de la République d'Haïti, sommaire financier détaillé (indicateurs CAMEL) du système bancaire",2026-08-25
Capital Bank,non,2024-09-30,2024-T3,Dépôts totaux,40437869.0,milliers de gourdes,SRC-063,BRH — sommaire financier détaillé (CAMEL),"Données publiques haïtiennes — décret du 12/10/2005, art. 5 (textes officiels des autorités publiques et simples données)","BRH — Banque de la République d'Haïti, sommaire financier détaillé (indicateurs CAMEL) du système bancaire",2026-08-25
Ensemble du système,oui,2024-09-30,2024-T3,Dépôts totaux,527456331.46,milliers de gourdes,SRC-063,BRH — sommaire financier détaillé (CAMEL),"Données publiques haïtiennes — décret du 12/10/2005, art. 5 (textes officiels des autorités publiques et simples données)","BRH — Banque de la République d'Haïti, sommaire financier détaillé (indicateurs CAMEL) du système bancaire",2026-08-25
Sogebank,non,2024-09-30,2024-T3,Dépôts totaux,140784544.52,milliers de gourdes,SRC-063,BRH — sommaire financier détaillé (CAMEL),"Données publiques haïtiennes — décret du 12/10/2005, art. 5 (textes officiels des autorités publiques et simples données)","BRH — Banque de la République d'Haïti, sommaire financier détaillé (indicateurs CAMEL) du système bancaire",2026-08-25
Sogebel,non,2024-09-30,2024-T3,Dépôts totaux,8185798.48,milliers de gourdes,SRC-063,BRH — sommaire financier détaillé (CAMEL),"Données publiques haïtiennes — décret du 12/10/2005, art. 5 (textes officiels des autorités publiques et simples données)","BRH — Banque de la République d'Haïti, sommaire financier détaillé (indicateurs CAMEL) du système bancaire",2026-08-25
Unibank,non,2024-09-30,2024-T3,Dépôts totaux,202184009.09,milliers de gourdes,SRC-063,BRH — sommaire financier détaillé (CAMEL),"Données publiques haïtiennes — décret du 12/10/2005, art. 5 (textes officiels des autorités publiques et simples données)","BRH — Banque de la République d'Haïti, sommaire financier détaillé (indicateurs CAMEL) du système bancaire",2026-08-25
Banque Nationale de Crédit,non,2024-09-30,2024-T3,Employés,768.0,unités,SRC-063,BRH — sommaire financier détaillé (CAMEL),"Données publiques haïtiennes — décret du 12/10/2005, art. 5 (textes officiels des autorités publiques et simples données)","BRH — Banque de la République d'Haïti, sommaire financier détaillé (indicateurs CAMEL) du système bancaire",2026-08-25
Banque Populaire Haïtienne,non,2024-09-30,2024-T3,Employés,140.0,unités,SRC-063,BRH — sommaire financier détaillé (CAMEL),"Données publiques haïtiennes — décret du 12/10/2005, art. 5 (textes officiels des autorités publiques et simples données)","BRH — Banque de la République d'Haïti, sommaire financier détaillé (indicateurs CAMEL) du système bancaire",2026-08-25
Banque de l'Union Haïtienne,non,2024-09-30,2024-T3,Employés,465.0,unités,SRC-063,BRH — sommaire financier détaillé (CAMEL),"Données publiques haïtiennes — décret du 12/10/2005, art. 5 (textes officiels des autorités publiques et simples données)","BRH — Banque de la République d'Haïti, sommaire financier détaillé (indicateurs CAMEL) du système bancaire",2026-08-25
Capital Bank,non,2024-09-30,2024-T3,Employés,731.0,unités,SRC-063,BRH — sommaire financier détaillé (CAMEL),"Données publiques haïtiennes — décret du 12/10/2005, art. 5 (textes officiels des autorités publiques et simples données)","BRH — Banque de la République d'Haïti, sommaire financier détaillé (indicateurs CAMEL) du système bancaire",2026-08-25
Ensemble du système,oui,2024-09-30,2024-T3,Employés,4801.0,unités,SRC-063,BRH — sommaire financier détaillé (CAMEL),"Données publiques haïtiennes — décret du 12/10/2005, art. 5 (textes officiels des autorités publiques et simples données)","BRH — Banque de la République d'Haïti, sommaire financier détaillé (indicateurs CAMEL) du système bancaire",2026-08-25
Sogebank,non,2024-09-30,2024-T3,Employés,1084.0,unités,SRC-063,BRH — sommaire financier détaillé (CAMEL),"Données publiques haïtiennes — décret du 12/10/2005, art. 5 (textes officiels des autorités publiques et simples données)","BRH — Banque de la République d'Haïti, sommaire financier détaillé (indicateurs CAMEL) du système bancaire",2026-08-25
Sogebel,non,2024-09-30,2024-T3,Employés,73.0,unités,SRC-063,BRH — sommaire financier détaillé (CAMEL),"Données publiques haïtiennes — décret du 12/10/2005, art. 5 (textes officiels des autorités publiques et simples données)","BRH — Banque de la République d'Haïti, sommaire financier détaillé (indicateurs CAMEL) du système bancaire",2026-08-25
Unibank,non,2024-09-30,2024-T3,Employés,1540.0,unités,SRC-063,BRH — sommaire financier détaillé (CAMEL),"Données publiques haïtiennes — décret du 12/10/2005, art. 5 (textes officiels des autorités publiques et simples données)","BRH — Banque de la République d'Haïti, sommaire financier détaillé (indicateurs CAMEL) du système bancaire",2026-08-25
Banque Nationale de Crédit,non,2024-09-30,2024-T3,Liquidité en % de l'actif,66.94,%,SRC-063,BRH — sommaire financier détaillé (CAMEL),"Données publiques haïtiennes — décret du 12/10/2005, art. 5 (textes officiels des autorités publiques et simples données)","BRH — Banque de la République d'Haïti, sommaire financier détaillé (indicateurs CAMEL) du système bancaire",2026-08-25
Banque Populaire Haïtienne,non,2024-09-30,2024-T3,Liquidité en % de l'actif,67.58,%,SRC-063,BRH — sommaire financier détaillé (CAMEL),"Données publiques haïtiennes — décret du 12/10/2005, art. 5 (textes officiels des autorités publiques et simples données)","BRH — Banque de la République d'Haïti, sommaire financier détaillé (indicateurs CAMEL) du système bancaire",2026-08-25
Banque de l'Union Haïtienne,non,2024-09-30,2024-T3,Liquidité en % de l'actif,46.34,%,SRC-063,BRH — sommaire financier détaillé (CAMEL),"Données publiques haïtiennes — décret du 12/10/2005, art. 5 (textes officiels des autorités publiques et simples données)","BRH — Banque de la République d'Haïti, sommaire financier détaillé (indicateurs CAMEL) du système bancaire",2026-08-25
Capital Bank,non,2024-09-30,2024-T3,Liquidité en % de l'actif,60.77,%,SRC-063,BRH — sommaire financier détaillé (CAMEL),"Données publiques haïtiennes — décret du 12/10/2005, art. 5 (textes officiels des autorités publiques et simples données)","BRH — Banque de la République d'Haïti, sommaire financier détaillé (indicateurs CAMEL) du système bancaire",2026-08-25
Ensemble du système,oui,2024-09-30,2024-T3,Liquidité en % de l'actif,55.34,%,SRC-063,BRH — sommaire financier détaillé (CAMEL),"Données publiques haïtiennes — décret du 12/10/2005, art. 5 (textes officiels des autorités publiques et simples données)","BRH — Banque de la République d'Haïti, sommaire financier détaillé (indicateurs CAMEL) du système bancaire",2026-08-25
Sogebank,non,2024-09-30,2024-T3,Liquidité en % de l'actif,48.29,%,SRC-063,BRH — sommaire financier détaillé (CAMEL),"Données publiques haïtiennes — décret du 12/10/2005, art. 5 (textes officiels des autorités publiques et simples données)","BRH — Banque de la République d'Haïti, sommaire financier détaillé (indicateurs CAMEL) du système bancaire",2026-08-25
Unibank,non,2024-09-30,2024-T3,Liquidité en % de l'actif,56.66,%,SRC-063,BRH — sommaire financier détaillé (CAMEL),"Données publiques haïtiennes — décret du 12/10/2005, art. 5 (textes officiels des autorités publiques et simples données)","BRH — Banque de la République d'Haïti, sommaire financier détaillé (indicateurs CAMEL) du système bancaire",2026-08-25
Banque Nationale de Crédit,non,2024-09-30,2024-T3,Part des dépôts en devises,42.34,%,SRC-063,BRH — sommaire financier détaillé (CAMEL),"Données publiques haïtiennes — décret du 12/10/2005, art. 5 (textes officiels des autorités publiques et simples données)","BRH — Banque de la République d'Haïti, sommaire financier détaillé (indicateurs CAMEL) du système bancaire",2026-08-25
Banque Populaire Haïtienne,non,2024-09-30,2024-T3,Part des dépôts en devises,59.2,%,SRC-063,BRH — sommaire financier détaillé (CAMEL),"Données publiques haïtiennes — décret du 12/10/2005, art. 5 (textes officiels des autorités publiques et simples données)","BRH — Banque de la République d'Haïti, sommaire financier détaillé (indicateurs CAMEL) du système bancaire",2026-08-25
Banque de l'Union Haïtienne,non,2024-09-30,2024-T3,Part des dépôts en devises,70.99,%,SRC-063,BRH — sommaire financier détaillé (CAMEL),"Données publiques haïtiennes — décret du 12/10/2005, art. 5 (textes officiels des autorités publiques et simples données)","BRH — Banque de la République d'Haïti, sommaire financier détaillé (indicateurs CAMEL) du système bancaire",2026-08-25
Capital Bank,non,2024-09-30,2024-T3,Part des dépôts en devises,74.07,%,SRC-063,BRH — sommaire financier détaillé (CAMEL),"Données publiques haïtiennes — décret du 12/10/2005, art. 5 (textes officiels des autorités publiques et simples données)","BRH — Banque de la République d'Haïti, sommaire financier détaillé (indicateurs CAMEL) du système bancaire",2026-08-25
Ensemble du système,oui,2024-09-30,2024-T3,Part des dépôts en devises,67.06,%,SRC-063,BRH — sommaire financier détaillé (CAMEL),"Données publiques haïtiennes — décret du 12/10/2005, art. 5 (textes officiels des autorités publiques et simples données)","BRH — Banque de la République d'Haïti, sommaire financier détaillé (indicateurs CAMEL) du système bancaire",2026-08-25
Sogebank,non,2024-09-30,2024-T3,Part des dépôts en devises,69.82,%,SRC-063,BRH — sommaire financier détaillé (CAMEL),"Données publiques haïtiennes — décret du 12/10/2005, art. 5 (textes officiels des autorités publiques et simples données)","BRH — Banque de la République d'Haïti, sommaire financier détaillé (indicateurs CAMEL) du système bancaire",2026-08-25
Sogebel,non,2024-09-30,2024-T3,Part des dépôts en devises,79.21,%,SRC-063,BRH — sommaire financier détaillé (CAMEL),"Données publiques haïtiennes — décret du 12/10/2005, art. 5 (textes officiels des autorités publiques et simples données)","BRH — Banque de la République d'Haïti, sommaire financier détaillé (indicateurs CAMEL) du système bancaire",2026-08-25
Unibank,non,2024-09-30,2024-T3,Part des dépôts en devises,74.08,%,SRC-063,BRH — sommaire financier détaillé (CAMEL),"Données publiques haïtiennes — décret du 12/10/2005, art. 5 (textes officiels des autorités publiques et simples données)","BRH — Banque de la République d'Haïti, sommaire financier détaillé (indicateurs CAMEL) du système bancaire",2026-08-25
Banque Nationale de Crédit,non,2024-09-30,2024-T3,Part du portefeuille net en devises,30.81,%,SRC-063,BRH — sommaire financier détaillé (CAMEL),"Données publiques haïtiennes — décret du 12/10/2005, art. 5 (textes officiels des autorités publiques et simples données)","BRH — Banque de la République d'Haïti, sommaire financier détaillé (indicateurs CAMEL) du système bancaire",2026-08-25
Banque Populaire Haïtienne,non,2024-09-30,2024-T3,Part du portefeuille net en devises,361.75,%,SRC-063,BRH — sommaire financier détaillé (CAMEL),"Données publiques haïtiennes — décret du 12/10/2005, art. 5 (textes officiels des autorités publiques et simples données)","BRH — Banque de la République d'Haïti, sommaire financier détaillé (indicateurs CAMEL) du système bancaire",2026-08-25
Banque de l'Union Haïtienne,non,2024-09-30,2024-T3,Part du portefeuille net en devises,68.22,%,SRC-063,BRH — sommaire financier détaillé (CAMEL),"Données publiques haïtiennes — décret du 12/10/2005, art. 5 (textes officiels des autorités publiques et simples données)","BRH — Banque de la République d'Haïti, sommaire financier détaillé (indicateurs CAMEL) du système bancaire",2026-08-25
Capital Bank,non,2024-09-30,2024-T3,Part du portefeuille net en devises,60.1,%,SRC-063,BRH — sommaire financier détaillé (CAMEL),"Données publiques haïtiennes — décret du 12/10/2005, art. 5 (textes officiels des autorités publiques et simples données)","BRH — Banque de la République d'Haïti, sommaire financier détaillé (indicateurs CAMEL) du système bancaire",2026-08-25
Ensemble du système,oui,2024-09-30,2024-T3,Part du portefeuille net en devises,60.25,%,SRC-063,BRH — sommaire financier détaillé (CAMEL),"Données publiques haïtiennes — décret du 12/10/2005, art. 5 (textes officiels des autorités publiques et simples données)","BRH — Banque de la République d'Haïti, sommaire financier détaillé (indicateurs CAMEL) du système bancaire",2026-08-25
Sogebank,non,2024-09-30,2024-T3,Part du portefeuille net en devises,59.96,%,SRC-063,BRH — sommaire financier détaillé (CAMEL),"Données publiques haïtiennes — décret du 12/10/2005, art. 5 (textes officiels des autorités publiques et simples données)","BRH — Banque de la République d'Haïti, sommaire financier détaillé (indicateurs CAMEL) du système bancaire",2026-08-25
Unibank,non,2024-09-30,2024-T3,Part du portefeuille net en devises,68.6,%,SRC-063,BRH — sommaire financier détaillé (CAMEL),"Données publiques haïtiennes — décret du 12/10/2005, art. 5 (textes officiels des autorités publiques et simples données)","BRH — Banque de la République d'Haïti, sommaire financier détaillé (indicateurs CAMEL) du système bancaire",2026-08-25
Banque Nationale de Crédit,non,2024-09-30,2024-T3,Portefeuille de prêts brut,20973010.0,milliers de gourdes,SRC-063,BRH — sommaire financier détaillé (CAMEL),"Données publiques haïtiennes — décret du 12/10/2005, art. 5 (textes officiels des autorités publiques et simples données)","BRH — Banque de la République d'Haïti, sommaire financier détaillé (indicateurs CAMEL) du système bancaire",2026-08-25
Banque Populaire Haïtienne,non,2024-09-30,2024-T3,Portefeuille de prêts brut,1311166.83,milliers de gourdes,SRC-063,BRH — sommaire financier détaillé (CAMEL),"Données publiques haïtiennes — décret du 12/10/2005, art. 5 (textes officiels des autorités publiques et simples données)","BRH — Banque de la République d'Haïti, sommaire financier détaillé (indicateurs CAMEL) du système bancaire",2026-08-25
Banque de l'Union Haïtienne,non,2024-09-30,2024-T3,Portefeuille de prêts brut,12642981.98,milliers de gourdes,SRC-063,BRH — sommaire financier détaillé (CAMEL),"Données publiques haïtiennes — décret du 12/10/2005, art. 5 (textes officiels des autorités publiques et simples données)","BRH — Banque de la République d'Haïti, sommaire financier détaillé (indicateurs CAMEL) du système bancaire",2026-08-25
Capital Bank,non,2024-09-30,2024-T3,Portefeuille de prêts brut,11926443.0,milliers de gourdes,SRC-063,BRH — sommaire financier détaillé (CAMEL),"Données publiques haïtiennes — décret du 12/10/2005, art. 5 (textes officiels des autorités publiques et simples données)","BRH — Banque de la République d'Haïti, sommaire financier détaillé (indicateurs CAMEL) du système bancaire",2026-08-25
Ensemble du système,oui,2024-09-30,2024-T3,Portefeuille de prêts brut,125297818.97,milliers de gourdes,SRC-063,BRH — sommaire financier détaillé (CAMEL),"Données publiques haïtiennes — décret du 12/10/2005, art. 5 (textes officiels des autorités publiques et simples données)","BRH — Banque de la République d'Haïti, sommaire financier détaillé (indicateurs CAMEL) du système bancaire",2026-08-25
Sogebank,non,2024-09-30,2024-T3,Portefeuille de prêts brut,30788915.75,milliers de gourdes,SRC-063,BRH — sommaire financier détaillé (CAMEL),"Données publiques haïtiennes — décret du 12/10/2005, art. 5 (textes officiels des autorités publiques et simples données)","BRH — Banque de la République d'Haïti, sommaire financier détaillé (indicateurs CAMEL) du système bancaire",2026-08-25
Sogebel,non,2024-09-30,2024-T3,Portefeuille de prêts brut,5248734.04,milliers de gourdes,SRC-063,BRH — sommaire financier détaillé (CAMEL),"Données publiques haïtiennes — décret du 12/10/2005, art. 5 (textes officiels des autorités publiques et simples données)","BRH — Banque de la République d'Haïti, sommaire financier détaillé (indicateurs CAMEL) du système bancaire",2026-08-25
Unibank,non,2024-09-30,2024-T3,Portefeuille de prêts brut,42406567.37,milliers de gourdes,SRC-063,BRH — sommaire financier détaillé (CAMEL),"Données publiques haïtiennes — décret du 12/10/2005, art. 5 (textes officiels des autorités publiques et simples données)","BRH — Banque de la République d'Haïti, sommaire financier détaillé (indicateurs CAMEL) du système bancaire",2026-08-25
Banque Nationale de Crédit,non,2024-09-30,2024-T3,Succursales et points de service actifs,40.0,unités,SRC-063,BRH — sommaire financier détaillé (CAMEL),"Données publiques haïtiennes — décret du 12/10/2005, art. 5 (textes officiels des autorités publiques et simples données)","BRH — Banque de la République d'Haïti, sommaire financier détaillé (indicateurs CAMEL) du système bancaire",2026-08-25
Banque Populaire Haïtienne,non,2024-09-30,2024-T3,Succursales et points de service actifs,6.0,unités,SRC-063,BRH — sommaire financier détaillé (CAMEL),"Données publiques haïtiennes — décret du 12/10/2005, art. 5 (textes officiels des autorités publiques et simples données)","BRH — Banque de la République d'Haïti, sommaire financier détaillé (indicateurs CAMEL) du système bancaire",2026-08-25
Banque de l'Union Haïtienne,non,2024-09-30,2024-T3,Succursales et points de service actifs,24.0,unités,SRC-063,BRH — sommaire financier détaillé (CAMEL),"Données publiques haïtiennes — décret du 12/10/2005, art. 5 (textes officiels des autorités publiques et simples données)","BRH — Banque de la République d'Haïti, sommaire financier détaillé (indicateurs CAMEL) du système bancaire",2026-08-25
Capital Bank,non,2024-09-30,2024-T3,Succursales et points de service actifs,25.0,unités,SRC-063,BRH — sommaire financier détaillé (CAMEL),"Données publiques haïtiennes — décret du 12/10/2005, art. 5 (textes officiels des autorités publiques et simples données)","BRH — Banque de la République d'Haïti, sommaire financier détaillé (indicateurs CAMEL) du système bancaire",2026-08-25
Ensemble du système,oui,2024-09-30,2024-T3,Succursales et points de service actifs,202.0,unités,SRC-063,BRH — sommaire financier détaillé (CAMEL),"Données publiques haïtiennes — décret du 12/10/2005, art. 5 (textes officiels des autorités publiques et simples données)","BRH — Banque de la République d'Haïti, sommaire financier détaillé (indicateurs CAMEL) du système bancaire",2026-08-25
Sogebank,non,2024-09-30,2024-T3,Succursales et points de service actifs,40.0,unités,SRC-063,BRH — sommaire financier détaillé (CAMEL),"Données publiques haïtiennes — décret du 12/10/2005, art. 5 (textes officiels des autorités publiques et simples données)","BRH — Banque de la République d'Haïti, sommaire financier détaillé (indicateurs CAMEL) du système bancaire",2026-08-25
Sogebel,non,2024-09-30,2024-T3,Succursales et points de service actifs,3.0,unités,SRC-063,BRH — sommaire financier détaillé (CAMEL),"Données publiques haïtiennes — décret du 12/10/2005, art. 5 (textes officiels des autorités publiques et simples données)","BRH — Banque de la République d'Haïti, sommaire financier détaillé (indicateurs CAMEL) du système bancaire",2026-08-25
Unibank,non,2024-09-30,2024-T3,Succursales et points de service actifs,64.0,unités,SRC-063,BRH — sommaire financier détaillé (CAMEL),"Données publiques haïtiennes — décret du 12/10/2005, art. 5 (textes officiels des autorités publiques et simples données)","BRH — Banque de la République d'Haïti, sommaire financier détaillé (indicateurs CAMEL) du système bancaire",2026-08-25
Banque Nationale de Crédit,non,2024-12-31,2024-T4,Actif total,125039463.0,milliers de gourdes,SRC-063,BRH — sommaire financier détaillé (CAMEL),"Données publiques haïtiennes — décret du 12/10/2005, art. 5 (textes officiels des autorités publiques et simples données)","BRH — Banque de la République d'Haïti, sommaire financier détaillé (indicateurs CAMEL) du système bancaire",2026-08-25
Banque Populaire Haïtienne,non,2024-12-31,2024-T4,Actif total,7560246.98,milliers de gourdes,SRC-063,BRH — sommaire financier détaillé (CAMEL),"Données publiques haïtiennes — décret du 12/10/2005, art. 5 (textes officiels des autorités publiques et simples données)","BRH — Banque de la République d'Haïti, sommaire financier détaillé (indicateurs CAMEL) du système bancaire",2026-08-25
Banque de l'Union Haïtienne,non,2024-12-31,2024-T4,Actif total,47006480.62,milliers de gourdes,SRC-063,BRH — sommaire financier détaillé (CAMEL),"Données publiques haïtiennes — décret du 12/10/2005, art. 5 (textes officiels des autorités publiques et simples données)","BRH — Banque de la République d'Haïti, sommaire financier détaillé (indicateurs CAMEL) du système bancaire",2026-08-25
Capital Bank,non,2024-12-31,2024-T4,Actif total,52769880.0,milliers de gourdes,SRC-063,BRH — sommaire financier détaillé (CAMEL),"Données publiques haïtiennes — décret du 12/10/2005, art. 5 (textes officiels des autorités publiques et simples données)","BRH — Banque de la République d'Haïti, sommaire financier détaillé (indicateurs CAMEL) du système bancaire",2026-08-25
Citibank N.A. (succursale d'Haïti),non,2024-12-31,2024-T4,Actif total,1162892.0,milliers de gourdes,SRC-063,BRH — sommaire financier détaillé (CAMEL),"Données publiques haïtiennes — décret du 12/10/2005, art. 5 (textes officiels des autorités publiques et simples données)","BRH — Banque de la République d'Haïti, sommaire financier détaillé (indicateurs CAMEL) du système bancaire",2026-08-25
Ensemble du système,oui,2024-12-31,2024-T4,Actif total,666579368.0,milliers de gourdes,SRC-063,BRH — sommaire financier détaillé (CAMEL),"Données publiques haïtiennes — décret du 12/10/2005, art. 5 (textes officiels des autorités publiques et simples données)","BRH — Banque de la République d'Haïti, sommaire financier détaillé (indicateurs CAMEL) du système bancaire",2026-08-25
Sogebank,non,2024-12-31,2024-T4,Actif total,175590326.48,milliers de gourdes,SRC-063,BRH — sommaire financier détaillé (CAMEL),"Données publiques haïtiennes — décret du 12/10/2005, art. 5 (textes officiels des autorités publiques et simples données)","BRH — Banque de la République d'Haïti, sommaire financier détaillé (indicateurs CAMEL) du système bancaire",2026-08-25
Sogebel,non,2024-12-31,2024-T4,Actif total,11837238.14,milliers de gourdes,SRC-063,BRH — sommaire financier détaillé (CAMEL),"Données publiques haïtiennes — décret du 12/10/2005, art. 5 (textes officiels des autorités publiques et simples données)","BRH — Banque de la République d'Haïti, sommaire financier détaillé (indicateurs CAMEL) du système bancaire",2026-08-25
Unibank,non,2024-12-31,2024-T4,Actif total,245612840.78,milliers de gourdes,SRC-063,BRH — sommaire financier détaillé (CAMEL),"Données publiques haïtiennes — décret du 12/10/2005, art. 5 (textes officiels des autorités publiques et simples données)","BRH — Banque de la République d'Haïti, sommaire financier détaillé (indicateurs CAMEL) du système bancaire",2026-08-25
Banque Nationale de Crédit,non,2024-12-31,2024-T4,Comptes de dépôt,543583.0,unités,SRC-063,BRH — sommaire financier détaillé (CAMEL),"Données publiques haïtiennes — décret du 12/10/2005, art. 5 (textes officiels des autorités publiques et simples données)","BRH — Banque de la République d'Haïti, sommaire financier détaillé (indicateurs CAMEL) du système bancaire",2026-08-25
Banque Populaire Haïtienne,non,2024-12-31,2024-T4,Comptes de dépôt,12930.0,unités,SRC-063,BRH — sommaire financier détaillé (CAMEL),"Données publiques haïtiennes — décret du 12/10/2005, art. 5 (textes officiels des autorités publiques et simples données)","BRH — Banque de la République d'Haïti, sommaire financier détaillé (indicateurs CAMEL) du système bancaire",2026-08-25
Banque de l'Union Haïtienne,non,2024-12-31,2024-T4,Comptes de dépôt,106176.0,unités,SRC-063,BRH — sommaire financier détaillé (CAMEL),"Données publiques haïtiennes — décret du 12/10/2005, art. 5 (textes officiels des autorités publiques et simples données)","BRH — Banque de la République d'Haïti, sommaire financier détaillé (indicateurs CAMEL) du système bancaire",2026-08-25
Capital Bank,non,2024-12-31,2024-T4,Comptes de dépôt,156160.0,unités,SRC-063,BRH — sommaire financier détaillé (CAMEL),"Données publiques haïtiennes — décret du 12/10/2005, art. 5 (textes officiels des autorités publiques et simples données)","BRH — Banque de la République d'Haïti, sommaire financier détaillé (indicateurs CAMEL) du système bancaire",2026-08-25
Ensemble du système,oui,2024-12-31,2024-T4,Comptes de dépôt,2908916.0,unités,SRC-063,BRH — sommaire financier détaillé (CAMEL),"Données publiques haïtiennes — décret du 12/10/2005, art. 5 (textes officiels des autorités publiques et simples données)","BRH — Banque de la République d'Haïti, sommaire financier détaillé (indicateurs CAMEL) du système bancaire",2026-08-25
Sogebank,non,2024-12-31,2024-T4,Comptes de dépôt,757293.0,unités,SRC-063,BRH — sommaire financier détaillé (CAMEL),"Données publiques haïtiennes — décret du 12/10/2005, art. 5 (textes officiels des autorités publiques et simples données)","BRH — Banque de la République d'Haïti, sommaire financier détaillé (indicateurs CAMEL) du système bancaire",2026-08-25
Sogebel,non,2024-12-31,2024-T4,Comptes de dépôt,8073.0,unités,SRC-063,BRH — sommaire financier détaillé (CAMEL),"Données publiques haïtiennes — décret du 12/10/2005, art. 5 (textes officiels des autorités publiques et simples données)","BRH — Banque de la République d'Haïti, sommaire financier détaillé (indicateurs CAMEL) du système bancaire",2026-08-25
Unibank,non,2024-12-31,2024-T4,Comptes de dépôt,1324701.0,unités,SRC-063,BRH — sommaire financier détaillé (CAMEL),"Données publiques haïtiennes — décret du 12/10/2005, art. 5 (textes officiels des autorités publiques et simples données)","BRH — Banque de la République d'Haïti, sommaire financier détaillé (indicateurs CAMEL) du système bancaire",2026-08-25
Banque Nationale de Crédit,non,2024-12-31,2024-T4,Comptes de prêt,25924.0,unités,SRC-063,BRH — sommaire financier détaillé (CAMEL),"Données publiques haïtiennes — décret du 12/10/2005, art. 5 (textes officiels des autorités publiques et simples données)","BRH — Banque de la République d'Haïti, sommaire financier détaillé (indicateurs CAMEL) du système bancaire",2026-08-25
Banque Populaire Haïtienne,non,2024-12-31,2024-T4,Comptes de prêt,176.0,unités,SRC-063,BRH — sommaire financier détaillé (CAMEL),"Données publiques haïtiennes — décret du 12/10/2005, art. 5 (textes officiels des autorités publiques et simples données)","BRH — Banque de la République d'Haïti, sommaire financier détaillé (indicateurs CAMEL) du système bancaire",2026-08-25
Banque de l'Union Haïtienne,non,2024-12-31,2024-T4,Comptes de prêt,442.0,unités,SRC-063,BRH — sommaire financier détaillé (CAMEL),"Données publiques haïtiennes — décret du 12/10/2005, art. 5 (textes officiels des autorités publiques et simples données)","BRH — Banque de la République d'Haïti, sommaire financier détaillé (indicateurs CAMEL) du système bancaire",2026-08-25
Ensemble du système,oui,2024-12-31,2024-T4,Comptes de prêt,49388.0,unités,SRC-063,BRH — sommaire financier détaillé (CAMEL),"Données publiques haïtiennes — décret du 12/10/2005, art. 5 (textes officiels des autorités publiques et simples données)","BRH — Banque de la République d'Haïti, sommaire financier détaillé (indicateurs CAMEL) du système bancaire",2026-08-25
Sogebank,non,2024-12-31,2024-T4,Comptes de prêt,14433.0,unités,SRC-063,BRH — sommaire financier détaillé (CAMEL),"Données publiques haïtiennes — décret du 12/10/2005, art. 5 (textes officiels des autorités publiques et simples données)","BRH — Banque de la République d'Haïti, sommaire financier détaillé (indicateurs CAMEL) du système bancaire",2026-08-25
Sogebel,non,2024-12-31,2024-T4,Comptes de prêt,400.0,unités,SRC-063,BRH — sommaire financier détaillé (CAMEL),"Données publiques haïtiennes — décret du 12/10/2005, art. 5 (textes officiels des autorités publiques et simples données)","BRH — Banque de la République d'Haïti, sommaire financier détaillé (indicateurs CAMEL) du système bancaire",2026-08-25
Unibank,non,2024-12-31,2024-T4,Comptes de prêt,8013.0,unités,SRC-063,BRH — sommaire financier détaillé (CAMEL),"Données publiques haïtiennes — décret du 12/10/2005, art. 5 (textes officiels des autorités publiques et simples données)","BRH — Banque de la République d'Haïti, sommaire financier détaillé (indicateurs CAMEL) du système bancaire",2026-08-25
Banque Nationale de Crédit,non,2024-12-31,2024-T4,Dépôts totaux,98246412.0,milliers de gourdes,SRC-063,BRH — sommaire financier détaillé (CAMEL),"Données publiques haïtiennes — décret du 12/10/2005, art. 5 (textes officiels des autorités publiques et simples données)","BRH — Banque de la République d'Haïti, sommaire financier détaillé (indicateurs CAMEL) du système bancaire",2026-08-25
Banque Populaire Haïtienne,non,2024-12-31,2024-T4,Dépôts totaux,4781307.22,milliers de gourdes,SRC-063,BRH — sommaire financier détaillé (CAMEL),"Données publiques haïtiennes — décret du 12/10/2005, art. 5 (textes officiels des autorités publiques et simples données)","BRH — Banque de la République d'Haïti, sommaire financier détaillé (indicateurs CAMEL) du système bancaire",2026-08-25
Banque de l'Union Haïtienne,non,2024-12-31,2024-T4,Dépôts totaux,37716220.15,milliers de gourdes,SRC-063,BRH — sommaire financier détaillé (CAMEL),"Données publiques haïtiennes — décret du 12/10/2005, art. 5 (textes officiels des autorités publiques et simples données)","BRH — Banque de la République d'Haïti, sommaire financier détaillé (indicateurs CAMEL) du système bancaire",2026-08-25
Capital Bank,non,2024-12-31,2024-T4,Dépôts totaux,41021530.0,milliers de gourdes,SRC-063,BRH — sommaire financier détaillé (CAMEL),"Données publiques haïtiennes — décret du 12/10/2005, art. 5 (textes officiels des autorités publiques et simples données)","BRH — Banque de la République d'Haïti, sommaire financier détaillé (indicateurs CAMEL) du système bancaire",2026-08-25
Citibank N.A. (succursale d'Haïti),non,2024-12-31,2024-T4,Dépôts totaux,3.0,milliers de gourdes,SRC-063,BRH — sommaire financier détaillé (CAMEL),"Données publiques haïtiennes — décret du 12/10/2005, art. 5 (textes officiels des autorités publiques et simples données)","BRH — Banque de la République d'Haïti, sommaire financier détaillé (indicateurs CAMEL) du système bancaire",2026-08-25
Ensemble du système,oui,2024-12-31,2024-T4,Dépôts totaux,542053058.24,milliers de gourdes,SRC-063,BRH — sommaire financier détaillé (CAMEL),"Données publiques haïtiennes — décret du 12/10/2005, art. 5 (textes officiels des autorités publiques et simples données)","BRH — Banque de la République d'Haïti, sommaire financier détaillé (indicateurs CAMEL) du système bancaire",2026-08-25
Sogebank,non,2024-12-31,2024-T4,Dépôts totaux,146795354.5,milliers de gourdes,SRC-063,BRH — sommaire financier détaillé (CAMEL),"Données publiques haïtiennes — décret du 12/10/2005, art. 5 (textes officiels des autorités publiques et simples données)","BRH — Banque de la République d'Haïti, sommaire financier détaillé (indicateurs CAMEL) du système bancaire",2026-08-25
Sogebel,non,2024-12-31,2024-T4,Dépôts totaux,7972246.8,milliers de gourdes,SRC-063,BRH — sommaire financier détaillé (CAMEL),"Données publiques haïtiennes — décret du 12/10/2005, art. 5 (textes officiels des autorités publiques et simples données)","BRH — Banque de la République d'Haïti, sommaire financier détaillé (indicateurs CAMEL) du système bancaire",2026-08-25
Unibank,non,2024-12-31,2024-T4,Dépôts totaux,205519984.57,milliers de gourdes,SRC-063,BRH — sommaire financier détaillé (CAMEL),"Données publiques haïtiennes — décret du 12/10/2005, art. 5 (textes officiels des autorités publiques et simples données)","BRH — Banque de la République d'Haïti, sommaire financier détaillé (indicateurs CAMEL) du système bancaire",2026-08-25
Banque Nationale de Crédit,non,2024-12-31,2024-T4,Employés,772.0,unités,SRC-063,BRH — sommaire financier détaillé (CAMEL),"Données publiques haïtiennes — décret du 12/10/2005, art. 5 (textes officiels des autorités publiques et simples données)","BRH — Banque de la République d'Haïti, sommaire financier détaillé (indicateurs CAMEL) du système bancaire",2026-08-25
Banque Populaire Haïtienne,non,2024-12-31,2024-T4,Employés,139.0,unités,SRC-063,BRH — sommaire financier détaillé (CAMEL),"Données publiques haïtiennes — décret du 12/10/2005, art. 5 (textes officiels des autorités publiques et simples données)","BRH — Banque de la République d'Haïti, sommaire financier détaillé (indicateurs CAMEL) du système bancaire",2026-08-25
Banque de l'Union Haïtienne,non,2024-12-31,2024-T4,Employés,467.0,unités,SRC-063,BRH — sommaire financier détaillé (CAMEL),"Données publiques haïtiennes — décret du 12/10/2005, art. 5 (textes officiels des autorités publiques et simples données)","BRH — Banque de la République d'Haïti, sommaire financier détaillé (indicateurs CAMEL) du système bancaire",2026-08-25
Capital Bank,non,2024-12-31,2024-T4,Employés,781.0,unités,SRC-063,BRH — sommaire financier détaillé (CAMEL),"Données publiques haïtiennes — décret du 12/10/2005, art. 5 (textes officiels des autorités publiques et simples données)","BRH — Banque de la République d'Haïti, sommaire financier détaillé (indicateurs CAMEL) du système bancaire",2026-08-25
Citibank N.A. (succursale d'Haïti),non,2024-12-31,2024-T4,Employés,9.0,unités,SRC-063,BRH — sommaire financier détaillé (CAMEL),"Données publiques haïtiennes — décret du 12/10/2005, art. 5 (textes officiels des autorités publiques et simples données)","BRH — Banque de la République d'Haïti, sommaire financier détaillé (indicateurs CAMEL) du système bancaire",2026-08-25
Ensemble du système,oui,2024-12-31,2024-T4,Employés,4860.0,unités,SRC-063,BRH — sommaire financier détaillé (CAMEL),"Données publiques haïtiennes — décret du 12/10/2005, art. 5 (textes officiels des autorités publiques et simples données)","BRH — Banque de la République d'Haïti, sommaire financier détaillé (indicateurs CAMEL) du système bancaire",2026-08-25
Sogebank,non,2024-12-31,2024-T4,Employés,1090.0,unités,SRC-063,BRH — sommaire financier détaillé (CAMEL),"Données publiques haïtiennes — décret du 12/10/2005, art. 5 (textes officiels des autorités publiques et simples données)","BRH — Banque de la République d'Haïti, sommaire financier détaillé (indicateurs CAMEL) du système bancaire",2026-08-25
Sogebel,non,2024-12-31,2024-T4,Employés,75.0,unités,SRC-063,BRH — sommaire financier détaillé (CAMEL),"Données publiques haïtiennes — décret du 12/10/2005, art. 5 (textes officiels des autorités publiques et simples données)","BRH — Banque de la République d'Haïti, sommaire financier détaillé (indicateurs CAMEL) du système bancaire",2026-08-25
Unibank,non,2024-12-31,2024-T4,Employés,1527.0,unités,SRC-063,BRH — sommaire financier détaillé (CAMEL),"Données publiques haïtiennes — décret du 12/10/2005, art. 5 (textes officiels des autorités publiques et simples données)","BRH — Banque de la République d'Haïti, sommaire financier détaillé (indicateurs CAMEL) du système bancaire",2026-08-25
Banque Nationale de Crédit,non,2024-12-31,2024-T4,Liquidité en % de l'actif,69.3,%,SRC-063,BRH — sommaire financier détaillé (CAMEL),"Données publiques haïtiennes — décret du 12/10/2005, art. 5 (textes officiels des autorités publiques et simples données)","BRH — Banque de la République d'Haïti, sommaire financier détaillé (indicateurs CAMEL) du système bancaire",2026-08-25
Banque Populaire Haïtienne,non,2024-12-31,2024-T4,Liquidité en % de l'actif,76.71,%,SRC-063,BRH — sommaire financier détaillé (CAMEL),"Données publiques haïtiennes — décret du 12/10/2005, art. 5 (textes officiels des autorités publiques et simples données)","BRH — Banque de la République d'Haïti, sommaire financier détaillé (indicateurs CAMEL) du système bancaire",2026-08-25
Banque de l'Union Haïtienne,non,2024-12-31,2024-T4,Liquidité en % de l'actif,43.57,%,SRC-063,BRH — sommaire financier détaillé (CAMEL),"Données publiques haïtiennes — décret du 12/10/2005, art. 5 (textes officiels des autorités publiques et simples données)","BRH — Banque de la République d'Haïti, sommaire financier détaillé (indicateurs CAMEL) du système bancaire",2026-08-25
Capital Bank,non,2024-12-31,2024-T4,Liquidité en % de l'actif,59.75,%,SRC-063,BRH — sommaire financier détaillé (CAMEL),"Données publiques haïtiennes — décret du 12/10/2005, art. 5 (textes officiels des autorités publiques et simples données)","BRH — Banque de la République d'Haïti, sommaire financier détaillé (indicateurs CAMEL) du système bancaire",2026-08-25
Citibank N.A. (succursale d'Haïti),non,2024-12-31,2024-T4,Liquidité en % de l'actif,81.75,%,SRC-063,BRH — sommaire financier détaillé (CAMEL),"Données publiques haïtiennes — décret du 12/10/2005, art. 5 (textes officiels des autorités publiques et simples données)","BRH — Banque de la République d'Haïti, sommaire financier détaillé (indicateurs CAMEL) du système bancaire",2026-08-25
Ensemble du système,oui,2024-12-31,2024-T4,Liquidité en % de l'actif,55.43,%,SRC-063,BRH — sommaire financier détaillé (CAMEL),"Données publiques haïtiennes — décret du 12/10/2005, art. 5 (textes officiels des autorités publiques et simples données)","BRH — Banque de la République d'Haïti, sommaire financier détaillé (indicateurs CAMEL) du système bancaire",2026-08-25
Sogebank,non,2024-12-31,2024-T4,Liquidité en % de l'actif,46.93,%,SRC-063,BRH — sommaire financier détaillé (CAMEL),"Données publiques haïtiennes — décret du 12/10/2005, art. 5 (textes officiels des autorités publiques et simples données)","BRH — Banque de la République d'Haïti, sommaire financier détaillé (indicateurs CAMEL) du système bancaire",2026-08-25
Sogebel,non,2024-12-31,2024-T4,Liquidité en % de l'actif,18.0,%,SRC-063,BRH — sommaire financier détaillé (CAMEL),"Données publiques haïtiennes — décret du 12/10/2005, art. 5 (textes officiels des autorités publiques et simples données)","BRH — Banque de la République d'Haïti, sommaire financier détaillé (indicateurs CAMEL) du système bancaire",2026-08-25
Unibank,non,2024-12-31,2024-T4,Liquidité en % de l'actif,56.81,%,SRC-063,BRH — sommaire financier détaillé (CAMEL),"Données publiques haïtiennes — décret du 12/10/2005, art. 5 (textes officiels des autorités publiques et simples données)","BRH — Banque de la République d'Haïti, sommaire financier détaillé (indicateurs CAMEL) du système bancaire",2026-08-25
Banque Nationale de Crédit,non,2024-12-31,2024-T4,Part des dépôts en devises,41.24,%,SRC-063,BRH — sommaire financier détaillé (CAMEL),"Données publiques haïtiennes — décret du 12/10/2005, art. 5 (textes officiels des autorités publiques et simples données)","BRH — Banque de la République d'Haïti, sommaire financier détaillé (indicateurs CAMEL) du système bancaire",2026-08-25
Banque Populaire Haïtienne,non,2024-12-31,2024-T4,Part des dépôts en devises,54.06,%,SRC-063,BRH — sommaire financier détaillé (CAMEL),"Données publiques haïtiennes — décret du 12/10/2005, art. 5 (textes officiels des autorités publiques et simples données)","BRH — Banque de la République d'Haïti, sommaire financier détaillé (indicateurs CAMEL) du système bancaire",2026-08-25
Banque de l'Union Haïtienne,non,2024-12-31,2024-T4,Part des dépôts en devises,69.53,%,SRC-063,BRH — sommaire financier détaillé (CAMEL),"Données publiques haïtiennes — décret du 12/10/2005, art. 5 (textes officiels des autorités publiques et simples données)","BRH — Banque de la République d'Haïti, sommaire financier détaillé (indicateurs CAMEL) du système bancaire",2026-08-25
Capital Bank,non,2024-12-31,2024-T4,Part des dépôts en devises,72.5,%,SRC-063,BRH — sommaire financier détaillé (CAMEL),"Données publiques haïtiennes — décret du 12/10/2005, art. 5 (textes officiels des autorités publiques et simples données)","BRH — Banque de la République d'Haïti, sommaire financier détaillé (indicateurs CAMEL) du système bancaire",2026-08-25
Citibank N.A. (succursale d'Haïti),non,2024-12-31,2024-T4,Part des dépôts en devises,0.0,%,SRC-063,BRH — sommaire financier détaillé (CAMEL),"Données publiques haïtiennes — décret du 12/10/2005, art. 5 (textes officiels des autorités publiques et simples données)","BRH — Banque de la République d'Haïti, sommaire financier détaillé (indicateurs CAMEL) du système bancaire",2026-08-25
Ensemble du système,oui,2024-12-31,2024-T4,Part des dépôts en devises,65.08,%,SRC-063,BRH — sommaire financier détaillé (CAMEL),"Données publiques haïtiennes — décret du 12/10/2005, art. 5 (textes officiels des autorités publiques et simples données)","BRH — Banque de la République d'Haïti, sommaire financier détaillé (indicateurs CAMEL) du système bancaire",2026-08-25
Sogebank,non,2024-12-31,2024-T4,Part des dépôts en devises,66.94,%,SRC-063,BRH — sommaire financier détaillé (CAMEL),"Données publiques haïtiennes — décret du 12/10/2005, art. 5 (textes officiels des autorités publiques et simples données)","BRH — Banque de la République d'Haïti, sommaire financier détaillé (indicateurs CAMEL) du système bancaire",2026-08-25
Sogebel,non,2024-12-31,2024-T4,Part des dépôts en devises,77.71,%,SRC-063,BRH — sommaire financier détaillé (CAMEL),"Données publiques haïtiennes — décret du 12/10/2005, art. 5 (textes officiels des autorités publiques et simples données)","BRH — Banque de la République d'Haïti, sommaire financier détaillé (indicateurs CAMEL) du système bancaire",2026-08-25
Unibank,non,2024-12-31,2024-T4,Part des dépôts en devises,72.63,%,SRC-063,BRH — sommaire financier détaillé (CAMEL),"Données publiques haïtiennes — décret du 12/10/2005, art. 5 (textes officiels des autorités publiques et simples données)","BRH — Banque de la République d'Haïti, sommaire financier détaillé (indicateurs CAMEL) du système bancaire",2026-08-25
Banque Nationale de Crédit,non,2024-12-31,2024-T4,Part du portefeuille net en devises,31.91,%,SRC-063,BRH — sommaire financier détaillé (CAMEL),"Données publiques haïtiennes — décret du 12/10/2005, art. 5 (textes officiels des autorités publiques et simples données)","BRH — Banque de la République d'Haïti, sommaire financier détaillé (indicateurs CAMEL) du système bancaire",2026-08-25
Banque Populaire Haïtienne,non,2024-12-31,2024-T4,Part du portefeuille net en devises,365.43,%,SRC-063,BRH — sommaire financier détaillé (CAMEL),"Données publiques haïtiennes — décret du 12/10/2005, art. 5 (textes officiels des autorités publiques et simples données)","BRH — Banque de la République d'Haïti, sommaire financier détaillé (indicateurs CAMEL) du système bancaire",2026-08-25
Banque de l'Union Haïtienne,non,2024-12-31,2024-T4,Part du portefeuille net en devises,72.36,%,SRC-063,BRH — sommaire financier détaillé (CAMEL),"Données publiques haïtiennes — décret du 12/10/2005, art. 5 (textes officiels des autorités publiques et simples données)","BRH — Banque de la République d'Haïti, sommaire financier détaillé (indicateurs CAMEL) du système bancaire",2026-08-25
Capital Bank,non,2024-12-31,2024-T4,Part du portefeuille net en devises,60.59,%,SRC-063,BRH — sommaire financier détaillé (CAMEL),"Données publiques haïtiennes — décret du 12/10/2005, art. 5 (textes officiels des autorités publiques et simples données)","BRH — Banque de la République d'Haïti, sommaire financier détaillé (indicateurs CAMEL) du système bancaire",2026-08-25
Ensemble du système,oui,2024-12-31,2024-T4,Part du portefeuille net en devises,61.04,%,SRC-063,BRH — sommaire financier détaillé (CAMEL),"Données publiques haïtiennes — décret du 12/10/2005, art. 5 (textes officiels des autorités publiques et simples données)","BRH — Banque de la République d'Haïti, sommaire financier détaillé (indicateurs CAMEL) du système bancaire",2026-08-25
Sogebank,non,2024-12-31,2024-T4,Part du portefeuille net en devises,58.69,%,SRC-063,BRH — sommaire financier détaillé (CAMEL),"Données publiques haïtiennes — décret du 12/10/2005, art. 5 (textes officiels des autorités publiques et simples données)","BRH — Banque de la République d'Haïti, sommaire financier détaillé (indicateurs CAMEL) du système bancaire",2026-08-25
Sogebel,non,2024-12-31,2024-T4,Part du portefeuille net en devises,54.78,%,SRC-063,BRH — sommaire financier détaillé (CAMEL),"Données publiques haïtiennes — décret du 12/10/2005, art. 5 (textes officiels des autorités publiques et simples données)","BRH — Banque de la République d'Haïti, sommaire financier détaillé (indicateurs CAMEL) du système bancaire",2026-08-25
Unibank,non,2024-12-31,2024-T4,Part du portefeuille net en devises,69.3,%,SRC-063,BRH — sommaire financier détaillé (CAMEL),"Données publiques haïtiennes — décret du 12/10/2005, art. 5 (textes officiels des autorités publiques et simples données)","BRH — Banque de la République d'Haïti, sommaire financier détaillé (indicateurs CAMEL) du système bancaire",2026-08-25
Banque Nationale de Crédit,non,2024-12-31,2024-T4,Portefeuille de prêts brut,20945038.0,milliers de gourdes,SRC-063,BRH — sommaire financier détaillé (CAMEL),"Données publiques haïtiennes — décret du 12/10/2005, art. 5 (textes officiels des autorités publiques et simples données)","BRH — Banque de la République d'Haïti, sommaire financier détaillé (indicateurs CAMEL) du système bancaire",2026-08-25
Banque Populaire Haïtienne,non,2024-12-31,2024-T4,Portefeuille de prêts brut,1305398.88,milliers de gourdes,SRC-063,BRH — sommaire financier détaillé (CAMEL),"Données publiques haïtiennes — décret du 12/10/2005, art. 5 (textes officiels des autorités publiques et simples données)","BRH — Banque de la République d'Haïti, sommaire financier détaillé (indicateurs CAMEL) du système bancaire",2026-08-25
Banque de l'Union Haïtienne,non,2024-12-31,2024-T4,Portefeuille de prêts brut,14575993.68,milliers de gourdes,SRC-063,BRH — sommaire financier détaillé (CAMEL),"Données publiques haïtiennes — décret du 12/10/2005, art. 5 (textes officiels des autorités publiques et simples données)","BRH — Banque de la République d'Haïti, sommaire financier détaillé (indicateurs CAMEL) du système bancaire",2026-08-25
Capital Bank,non,2024-12-31,2024-T4,Portefeuille de prêts brut,11882913.0,milliers de gourdes,SRC-063,BRH — sommaire financier détaillé (CAMEL),"Données publiques haïtiennes — décret du 12/10/2005, art. 5 (textes officiels des autorités publiques et simples données)","BRH — Banque de la République d'Haïti, sommaire financier détaillé (indicateurs CAMEL) du système bancaire",2026-08-25
Ensemble du système,oui,2024-12-31,2024-T4,Portefeuille de prêts brut,128375461.04,milliers de gourdes,SRC-063,BRH — sommaire financier détaillé (CAMEL),"Données publiques haïtiennes — décret du 12/10/2005, art. 5 (textes officiels des autorités publiques et simples données)","BRH — Banque de la République d'Haïti, sommaire financier détaillé (indicateurs CAMEL) du système bancaire",2026-08-25
Sogebank,non,2024-12-31,2024-T4,Portefeuille de prêts brut,31067325.05,milliers de gourdes,SRC-063,BRH — sommaire financier détaillé (CAMEL),"Données publiques haïtiennes — décret du 12/10/2005, art. 5 (textes officiels des autorités publiques et simples données)","BRH — Banque de la République d'Haïti, sommaire financier détaillé (indicateurs CAMEL) du système bancaire",2026-08-25
Sogebel,non,2024-12-31,2024-T4,Portefeuille de prêts brut,5136748.53,milliers de gourdes,SRC-063,BRH — sommaire financier détaillé (CAMEL),"Données publiques haïtiennes — décret du 12/10/2005, art. 5 (textes officiels des autorités publiques et simples données)","BRH — Banque de la République d'Haïti, sommaire financier détaillé (indicateurs CAMEL) du système bancaire",2026-08-25
Unibank,non,2024-12-31,2024-T4,Portefeuille de prêts brut,43462043.9,milliers de gourdes,SRC-063,BRH — sommaire financier détaillé (CAMEL),"Données publiques haïtiennes — décret du 12/10/2005, art. 5 (textes officiels des autorités publiques et simples données)","BRH — Banque de la République d'Haïti, sommaire financier détaillé (indicateurs CAMEL) du système bancaire",2026-08-25
Banque Nationale de Crédit,non,2024-12-31,2024-T4,Succursales et points de service actifs,40.0,unités,SRC-063,BRH — sommaire financier détaillé (CAMEL),"Données publiques haïtiennes — décret du 12/10/2005, art. 5 (textes officiels des autorités publiques et simples données)","BRH — Banque de la République d'Haïti, sommaire financier détaillé (indicateurs CAMEL) du système bancaire",2026-08-25
Banque Populaire Haïtienne,non,2024-12-31,2024-T4,Succursales et points de service actifs,6.0,unités,SRC-063,BRH — sommaire financier détaillé (CAMEL),"Données publiques haïtiennes — décret du 12/10/2005, art. 5 (textes officiels des autorités publiques et simples données)","BRH — Banque de la République d'Haïti, sommaire financier détaillé (indicateurs CAMEL) du système bancaire",2026-08-25
Banque de l'Union Haïtienne,non,2024-12-31,2024-T4,Succursales et points de service actifs,24.0,unités,SRC-063,BRH — sommaire financier détaillé (CAMEL),"Données publiques haïtiennes — décret du 12/10/2005, art. 5 (textes officiels des autorités publiques et simples données)","BRH — Banque de la République d'Haïti, sommaire financier détaillé (indicateurs CAMEL) du système bancaire",2026-08-25
Capital Bank,non,2024-12-31,2024-T4,Succursales et points de service actifs,25.0,unités,SRC-063,BRH — sommaire financier détaillé (CAMEL),"Données publiques haïtiennes — décret du 12/10/2005, art. 5 (textes officiels des autorités publiques et simples données)","BRH — Banque de la République d'Haïti, sommaire financier détaillé (indicateurs CAMEL) du système bancaire",2026-08-25
Citibank N.A. (succursale d'Haïti),non,2024-12-31,2024-T4,Succursales et points de service actifs,1.0,unités,SRC-063,BRH — sommaire financier détaillé (CAMEL),"Données publiques haïtiennes — décret du 12/10/2005, art. 5 (textes officiels des autorités publiques et simples données)","BRH — Banque de la République d'Haïti, sommaire financier détaillé (indicateurs CAMEL) du système bancaire",2026-08-25
Ensemble du système,oui,2024-12-31,2024-T4,Succursales et points de service actifs,203.0,unités,SRC-063,BRH — sommaire financier détaillé (CAMEL),"Données publiques haïtiennes — décret du 12/10/2005, art. 5 (textes officiels des autorités publiques et simples données)","BRH — Banque de la République d'Haïti, sommaire financier détaillé (indicateurs CAMEL) du système bancaire",2026-08-25
Sogebank,non,2024-12-31,2024-T4,Succursales et points de service actifs,40.0,unités,SRC-063,BRH — sommaire financier détaillé (CAMEL),"Données publiques haïtiennes — décret du 12/10/2005, art. 5 (textes officiels des autorités publiques et simples données)","BRH — Banque de la République d'Haïti, sommaire financier détaillé (indicateurs CAMEL) du système bancaire",2026-08-25
Sogebel,non,2024-12-31,2024-T4,Succursales et points de service actifs,3.0,unités,SRC-063,BRH — sommaire financier détaillé (CAMEL),"Données publiques haïtiennes — décret du 12/10/2005, art. 5 (textes officiels des autorités publiques et simples données)","BRH — Banque de la République d'Haïti, sommaire financier détaillé (indicateurs CAMEL) du système bancaire",2026-08-25
Unibank,non,2024-12-31,2024-T4,Succursales et points de service actifs,64.0,unités,SRC-063,BRH — sommaire financier détaillé (CAMEL),"Données publiques haïtiennes — décret du 12/10/2005, art. 5 (textes officiels des autorités publiques et simples données)","BRH — Banque de la République d'Haïti, sommaire financier détaillé (indicateurs CAMEL) du système bancaire",2026-08-25
Banque Nationale de Crédit,non,2025-03-31,2025-T1,Actif total,125070124.0,milliers de gourdes,SRC-063,BRH — sommaire financier détaillé (CAMEL),"Données publiques haïtiennes — décret du 12/10/2005, art. 5 (textes officiels des autorités publiques et simples données)","BRH — Banque de la République d'Haïti, sommaire financier détaillé (indicateurs CAMEL) du système bancaire",2026-08-25
Banque Populaire Haïtienne,non,2025-03-31,2025-T1,Actif total,7384864.62,milliers de gourdes,SRC-063,BRH — sommaire financier détaillé (CAMEL),"Données publiques haïtiennes — décret du 12/10/2005, art. 5 (textes officiels des autorités publiques et simples données)","BRH — Banque de la République d'Haïti, sommaire financier détaillé (indicateurs CAMEL) du système bancaire",2026-08-25
Banque de l'Union Haïtienne,non,2025-03-31,2025-T1,Actif total,47137563.58,milliers de gourdes,SRC-063,BRH — sommaire financier détaillé (CAMEL),"Données publiques haïtiennes — décret du 12/10/2005, art. 5 (textes officiels des autorités publiques et simples données)","BRH — Banque de la République d'Haïti, sommaire financier détaillé (indicateurs CAMEL) du système bancaire",2026-08-25
Capital Bank,non,2025-03-31,2025-T1,Actif total,54041995.0,milliers de gourdes,SRC-063,BRH — sommaire financier détaillé (CAMEL),"Données publiques haïtiennes — décret du 12/10/2005, art. 5 (textes officiels des autorités publiques et simples données)","BRH — Banque de la République d'Haïti, sommaire financier détaillé (indicateurs CAMEL) du système bancaire",2026-08-25
Ensemble du système,oui,2025-03-31,2025-T1,Actif total,678130013.97,milliers de gourdes,SRC-063,BRH — sommaire financier détaillé (CAMEL),"Données publiques haïtiennes — décret du 12/10/2005, art. 5 (textes officiels des autorités publiques et simples données)","BRH — Banque de la République d'Haïti, sommaire financier détaillé (indicateurs CAMEL) du système bancaire",2026-08-25
Sogebank,non,2025-03-31,2025-T1,Actif total,177120259.57,milliers de gourdes,SRC-063,BRH — sommaire financier détaillé (CAMEL),"Données publiques haïtiennes — décret du 12/10/2005, art. 5 (textes officiels des autorités publiques et simples données)","BRH — Banque de la République d'Haïti, sommaire financier détaillé (indicateurs CAMEL) du système bancaire",2026-08-25
Sogebel,non,2025-03-31,2025-T1,Actif total,12085460.7,milliers de gourdes,SRC-063,BRH — sommaire financier détaillé (CAMEL),"Données publiques haïtiennes — décret du 12/10/2005, art. 5 (textes officiels des autorités publiques et simples données)","BRH — Banque de la République d'Haïti, sommaire financier détaillé (indicateurs CAMEL) du système bancaire",2026-08-25
Unibank,non,2025-03-31,2025-T1,Actif total,255289746.49,milliers de gourdes,SRC-063,BRH — sommaire financier détaillé (CAMEL),"Données publiques haïtiennes — décret du 12/10/2005, art. 5 (textes officiels des autorités publiques et simples données)","BRH — Banque de la République d'Haïti, sommaire financier détaillé (indicateurs CAMEL) du système bancaire",2026-08-25
Banque Nationale de Crédit,non,2025-03-31,2025-T1,Comptes de dépôt,541373.0,unités,SRC-063,BRH — sommaire financier détaillé (CAMEL),"Données publiques haïtiennes — décret du 12/10/2005, art. 5 (textes officiels des autorités publiques et simples données)","BRH — Banque de la République d'Haïti, sommaire financier détaillé (indicateurs CAMEL) du système bancaire",2026-08-25
Banque Populaire Haïtienne,non,2025-03-31,2025-T1,Comptes de dépôt,12034.0,unités,SRC-063,BRH — sommaire financier détaillé (CAMEL),"Données publiques haïtiennes — décret du 12/10/2005, art. 5 (textes officiels des autorités publiques et simples données)","BRH — Banque de la République d'Haïti, sommaire financier détaillé (indicateurs CAMEL) du système bancaire",2026-08-25
Banque de l'Union Haïtienne,non,2025-03-31,2025-T1,Comptes de dépôt,107164.0,unités,SRC-063,BRH — sommaire financier détaillé (CAMEL),"Données publiques haïtiennes — décret du 12/10/2005, art. 5 (textes officiels des autorités publiques et simples données)","BRH — Banque de la République d'Haïti, sommaire financier détaillé (indicateurs CAMEL) du système bancaire",2026-08-25
Capital Bank,non,2025-03-31,2025-T1,Comptes de dépôt,161481.0,unités,SRC-063,BRH — sommaire financier détaillé (CAMEL),"Données publiques haïtiennes — décret du 12/10/2005, art. 5 (textes officiels des autorités publiques et simples données)","BRH — Banque de la République d'Haïti, sommaire financier détaillé (indicateurs CAMEL) du système bancaire",2026-08-25
Ensemble du système,oui,2025-03-31,2025-T1,Comptes de dépôt,2933067.0,unités,SRC-063,BRH — sommaire financier détaillé (CAMEL),"Données publiques haïtiennes — décret du 12/10/2005, art. 5 (textes officiels des autorités publiques et simples données)","BRH — Banque de la République d'Haïti, sommaire financier détaillé (indicateurs CAMEL) du système bancaire",2026-08-25
Sogebank,non,2025-03-31,2025-T1,Comptes de dépôt,767780.0,unités,SRC-063,BRH — sommaire financier détaillé (CAMEL),"Données publiques haïtiennes — décret du 12/10/2005, art. 5 (textes officiels des autorités publiques et simples données)","BRH — Banque de la République d'Haïti, sommaire financier détaillé (indicateurs CAMEL) du système bancaire",2026-08-25
Sogebel,non,2025-03-31,2025-T1,Comptes de dépôt,7702.0,unités,SRC-063,BRH — sommaire financier détaillé (CAMEL),"Données publiques haïtiennes — décret du 12/10/2005, art. 5 (textes officiels des autorités publiques et simples données)","BRH — Banque de la République d'Haïti, sommaire financier détaillé (indicateurs CAMEL) du système bancaire",2026-08-25
Unibank,non,2025-03-31,2025-T1,Comptes de dépôt,1335533.0,unités,SRC-063,BRH — sommaire financier détaillé (CAMEL),"Données publiques haïtiennes — décret du 12/10/2005, art. 5 (textes officiels des autorités publiques et simples données)","BRH — Banque de la République d'Haïti, sommaire financier détaillé (indicateurs CAMEL) du système bancaire",2026-08-25
Banque Nationale de Crédit,non,2025-03-31,2025-T1,Comptes de prêt,22137.0,unités,SRC-063,BRH — sommaire financier détaillé (CAMEL),"Données publiques haïtiennes — décret du 12/10/2005, art. 5 (textes officiels des autorités publiques et simples données)","BRH — Banque de la République d'Haïti, sommaire financier détaillé (indicateurs CAMEL) du système bancaire",2026-08-25
Banque Populaire Haïtienne,non,2025-03-31,2025-T1,Comptes de prêt,239.0,unités,SRC-063,BRH — sommaire financier détaillé (CAMEL),"Données publiques haïtiennes — décret du 12/10/2005, art. 5 (textes officiels des autorités publiques et simples données)","BRH — Banque de la République d'Haïti, sommaire financier détaillé (indicateurs CAMEL) du système bancaire",2026-08-25
Banque de l'Union Haïtienne,non,2025-03-31,2025-T1,Comptes de prêt,440.0,unités,SRC-063,BRH — sommaire financier détaillé (CAMEL),"Données publiques haïtiennes — décret du 12/10/2005, art. 5 (textes officiels des autorités publiques et simples données)","BRH — Banque de la République d'Haïti, sommaire financier détaillé (indicateurs CAMEL) du système bancaire",2026-08-25
Capital Bank,non,2025-03-31,2025-T1,Comptes de prêt,1939.0,unités,SRC-063,BRH — sommaire financier détaillé (CAMEL),"Données publiques haïtiennes — décret du 12/10/2005, art. 5 (textes officiels des autorités publiques et simples données)","BRH — Banque de la République d'Haïti, sommaire financier détaillé (indicateurs CAMEL) du système bancaire",2026-08-25
Ensemble du système,oui,2025-03-31,2025-T1,Comptes de prêt,46755.0,unités,SRC-063,BRH — sommaire financier détaillé (CAMEL),"Données publiques haïtiennes — décret du 12/10/2005, art. 5 (textes officiels des autorités publiques et simples données)","BRH — Banque de la République d'Haïti, sommaire financier détaillé (indicateurs CAMEL) du système bancaire",2026-08-25
Sogebank,non,2025-03-31,2025-T1,Comptes de prêt,13637.0,unités,SRC-063,BRH — sommaire financier détaillé (CAMEL),"Données publiques haïtiennes — décret du 12/10/2005, art. 5 (textes officiels des autorités publiques et simples données)","BRH — Banque de la République d'Haïti, sommaire financier détaillé (indicateurs CAMEL) du système bancaire",2026-08-25
Sogebel,non,2025-03-31,2025-T1,Comptes de prêt,383.0,unités,SRC-063,BRH — sommaire financier détaillé (CAMEL),"Données publiques haïtiennes — décret du 12/10/2005, art. 5 (textes officiels des autorités publiques et simples données)","BRH — Banque de la République d'Haïti, sommaire financier détaillé (indicateurs CAMEL) du système bancaire",2026-08-25
Unibank,non,2025-03-31,2025-T1,Comptes de prêt,7980.0,unités,SRC-063,BRH — sommaire financier détaillé (CAMEL),"Données publiques haïtiennes — décret du 12/10/2005, art. 5 (textes officiels des autorités publiques et simples données)","BRH — Banque de la République d'Haïti, sommaire financier détaillé (indicateurs CAMEL) du système bancaire",2026-08-25
Banque Nationale de Crédit,non,2025-03-31,2025-T1,Dépôts totaux,97343765.0,milliers de gourdes,SRC-063,BRH — sommaire financier détaillé (CAMEL),"Données publiques haïtiennes — décret du 12/10/2005, art. 5 (textes officiels des autorités publiques et simples données)","BRH — Banque de la République d'Haïti, sommaire financier détaillé (indicateurs CAMEL) du système bancaire",2026-08-25
Banque Populaire Haïtienne,non,2025-03-31,2025-T1,Dépôts totaux,4497953.56,milliers de gourdes,SRC-063,BRH — sommaire financier détaillé (CAMEL),"Données publiques haïtiennes — décret du 12/10/2005, art. 5 (textes officiels des autorités publiques et simples données)","BRH — Banque de la République d'Haïti, sommaire financier détaillé (indicateurs CAMEL) du système bancaire",2026-08-25
Banque de l'Union Haïtienne,non,2025-03-31,2025-T1,Dépôts totaux,38734440.58,milliers de gourdes,SRC-063,BRH — sommaire financier détaillé (CAMEL),"Données publiques haïtiennes — décret du 12/10/2005, art. 5 (textes officiels des autorités publiques et simples données)","BRH — Banque de la République d'Haïti, sommaire financier détaillé (indicateurs CAMEL) du système bancaire",2026-08-25
Capital Bank,non,2025-03-31,2025-T1,Dépôts totaux,42374213.0,milliers de gourdes,SRC-063,BRH — sommaire financier détaillé (CAMEL),"Données publiques haïtiennes — décret du 12/10/2005, art. 5 (textes officiels des autorités publiques et simples données)","BRH — Banque de la République d'Haïti, sommaire financier détaillé (indicateurs CAMEL) du système bancaire",2026-08-25
Ensemble du système,oui,2025-03-31,2025-T1,Dépôts totaux,554786677.65,milliers de gourdes,SRC-063,BRH — sommaire financier détaillé (CAMEL),"Données publiques haïtiennes — décret du 12/10/2005, art. 5 (textes officiels des autorités publiques et simples données)","BRH — Banque de la République d'Haïti, sommaire financier détaillé (indicateurs CAMEL) du système bancaire",2026-08-25
Sogebank,non,2025-03-31,2025-T1,Dépôts totaux,147639941.46,milliers de gourdes,SRC-063,BRH — sommaire financier détaillé (CAMEL),"Données publiques haïtiennes — décret du 12/10/2005, art. 5 (textes officiels des autorités publiques et simples données)","BRH — Banque de la République d'Haïti, sommaire financier détaillé (indicateurs CAMEL) du système bancaire",2026-08-25
Sogebel,non,2025-03-31,2025-T1,Dépôts totaux,8076801.45,milliers de gourdes,SRC-063,BRH — sommaire financier détaillé (CAMEL),"Données publiques haïtiennes — décret du 12/10/2005, art. 5 (textes officiels des autorités publiques et simples données)","BRH — Banque de la République d'Haïti, sommaire financier détaillé (indicateurs CAMEL) du système bancaire",2026-08-25
Unibank,non,2025-03-31,2025-T1,Dépôts totaux,216119562.6,milliers de gourdes,SRC-063,BRH — sommaire financier détaillé (CAMEL),"Données publiques haïtiennes — décret du 12/10/2005, art. 5 (textes officiels des autorités publiques et simples données)","BRH — Banque de la République d'Haïti, sommaire financier détaillé (indicateurs CAMEL) du système bancaire",2026-08-25
Banque Nationale de Crédit,non,2025-03-31,2025-T1,Employés,769.0,unités,SRC-063,BRH — sommaire financier détaillé (CAMEL),"Données publiques haïtiennes — décret du 12/10/2005, art. 5 (textes officiels des autorités publiques et simples données)","BRH — Banque de la République d'Haïti, sommaire financier détaillé (indicateurs CAMEL) du système bancaire",2026-08-25
Banque Populaire Haïtienne,non,2025-03-31,2025-T1,Employés,147.0,unités,SRC-063,BRH — sommaire financier détaillé (CAMEL),"Données publiques haïtiennes — décret du 12/10/2005, art. 5 (textes officiels des autorités publiques et simples données)","BRH — Banque de la République d'Haïti, sommaire financier détaillé (indicateurs CAMEL) du système bancaire",2026-08-25
Banque de l'Union Haïtienne,non,2025-03-31,2025-T1,Employés,469.0,unités,SRC-063,BRH — sommaire financier détaillé (CAMEL),"Données publiques haïtiennes — décret du 12/10/2005, art. 5 (textes officiels des autorités publiques et simples données)","BRH — Banque de la République d'Haïti, sommaire financier détaillé (indicateurs CAMEL) du système bancaire",2026-08-25
Capital Bank,non,2025-03-31,2025-T1,Employés,783.0,unités,SRC-063,BRH — sommaire financier détaillé (CAMEL),"Données publiques haïtiennes — décret du 12/10/2005, art. 5 (textes officiels des autorités publiques et simples données)","BRH — Banque de la République d'Haïti, sommaire financier détaillé (indicateurs CAMEL) du système bancaire",2026-08-25
Ensemble du système,oui,2025-03-31,2025-T1,Employés,4828.0,unités,SRC-063,BRH — sommaire financier détaillé (CAMEL),"Données publiques haïtiennes — décret du 12/10/2005, art. 5 (textes officiels des autorités publiques et simples données)","BRH — Banque de la République d'Haïti, sommaire financier détaillé (indicateurs CAMEL) du système bancaire",2026-08-25
Sogebank,non,2025-03-31,2025-T1,Employés,1049.0,unités,SRC-063,BRH — sommaire financier détaillé (CAMEL),"Données publiques haïtiennes — décret du 12/10/2005, art. 5 (textes officiels des autorités publiques et simples données)","BRH — Banque de la République d'Haïti, sommaire financier détaillé (indicateurs CAMEL) du système bancaire",2026-08-25
Sogebel,non,2025-03-31,2025-T1,Employés,75.0,unités,SRC-063,BRH — sommaire financier détaillé (CAMEL),"Données publiques haïtiennes — décret du 12/10/2005, art. 5 (textes officiels des autorités publiques et simples données)","BRH — Banque de la République d'Haïti, sommaire financier détaillé (indicateurs CAMEL) du système bancaire",2026-08-25
Unibank,non,2025-03-31,2025-T1,Employés,1536.0,unités,SRC-063,BRH — sommaire financier détaillé (CAMEL),"Données publiques haïtiennes — décret du 12/10/2005, art. 5 (textes officiels des autorités publiques et simples données)","BRH — Banque de la République d'Haïti, sommaire financier détaillé (indicateurs CAMEL) du système bancaire",2026-08-25
Banque Nationale de Crédit,non,2025-03-31,2025-T1,Liquidité en % de l'actif,69.62,%,SRC-063,BRH — sommaire financier détaillé (CAMEL),"Données publiques haïtiennes — décret du 12/10/2005, art. 5 (textes officiels des autorités publiques et simples données)","BRH — Banque de la République d'Haïti, sommaire financier détaillé (indicateurs CAMEL) du système bancaire",2026-08-25
Banque Populaire Haïtienne,non,2025-03-31,2025-T1,Liquidité en % de l'actif,76.25,%,SRC-063,BRH — sommaire financier détaillé (CAMEL),"Données publiques haïtiennes — décret du 12/10/2005, art. 5 (textes officiels des autorités publiques et simples données)","BRH — Banque de la République d'Haïti, sommaire financier détaillé (indicateurs CAMEL) du système bancaire",2026-08-25
Banque de l'Union Haïtienne,non,2025-03-31,2025-T1,Liquidité en % de l'actif,45.81,%,SRC-063,BRH — sommaire financier détaillé (CAMEL),"Données publiques haïtiennes — décret du 12/10/2005, art. 5 (textes officiels des autorités publiques et simples données)","BRH — Banque de la République d'Haïti, sommaire financier détaillé (indicateurs CAMEL) du système bancaire",2026-08-25
Capital Bank,non,2025-03-31,2025-T1,Liquidité en % de l'actif,60.85,%,SRC-063,BRH — sommaire financier détaillé (CAMEL),"Données publiques haïtiennes — décret du 12/10/2005, art. 5 (textes officiels des autorités publiques et simples données)","BRH — Banque de la République d'Haïti, sommaire financier détaillé (indicateurs CAMEL) du système bancaire",2026-08-25
Ensemble du système,oui,2025-03-31,2025-T1,Liquidité en % de l'actif,57.12,%,SRC-063,BRH — sommaire financier détaillé (CAMEL),"Données publiques haïtiennes — décret du 12/10/2005, art. 5 (textes officiels des autorités publiques et simples données)","BRH — Banque de la République d'Haïti, sommaire financier détaillé (indicateurs CAMEL) du système bancaire",2026-08-25
Sogebank,non,2025-03-31,2025-T1,Liquidité en % de l'actif,49.78,%,SRC-063,BRH — sommaire financier détaillé (CAMEL),"Données publiques haïtiennes — décret du 12/10/2005, art. 5 (textes officiels des autorités publiques et simples données)","BRH — Banque de la République d'Haïti, sommaire financier détaillé (indicateurs CAMEL) du système bancaire",2026-08-25
Unibank,non,2025-03-31,2025-T1,Liquidité en % de l'actif,58.67,%,SRC-063,BRH — sommaire financier détaillé (CAMEL),"Données publiques haïtiennes — décret du 12/10/2005, art. 5 (textes officiels des autorités publiques et simples données)","BRH — Banque de la République d'Haïti, sommaire financier détaillé (indicateurs CAMEL) du système bancaire",2026-08-25
Banque Nationale de Crédit,non,2025-03-31,2025-T1,Part des dépôts en devises,40.91,%,SRC-063,BRH — sommaire financier détaillé (CAMEL),"Données publiques haïtiennes — décret du 12/10/2005, art. 5 (textes officiels des autorités publiques et simples données)","BRH — Banque de la République d'Haïti, sommaire financier détaillé (indicateurs CAMEL) du système bancaire",2026-08-25
Banque Populaire Haïtienne,non,2025-03-31,2025-T1,Part des dépôts en devises,55.99,%,SRC-063,BRH — sommaire financier détaillé (CAMEL),"Données publiques haïtiennes — décret du 12/10/2005, art. 5 (textes officiels des autorités publiques et simples données)","BRH — Banque de la République d'Haïti, sommaire financier détaillé (indicateurs CAMEL) du système bancaire",2026-08-25
Banque de l'Union Haïtienne,non,2025-03-31,2025-T1,Part des dépôts en devises,71.07,%,SRC-063,BRH — sommaire financier détaillé (CAMEL),"Données publiques haïtiennes — décret du 12/10/2005, art. 5 (textes officiels des autorités publiques et simples données)","BRH — Banque de la République d'Haïti, sommaire financier détaillé (indicateurs CAMEL) du système bancaire",2026-08-25
Capital Bank,non,2025-03-31,2025-T1,Part des dépôts en devises,74.86,%,SRC-063,BRH — sommaire financier détaillé (CAMEL),"Données publiques haïtiennes — décret du 12/10/2005, art. 5 (textes officiels des autorités publiques et simples données)","BRH — Banque de la République d'Haïti, sommaire financier détaillé (indicateurs CAMEL) du système bancaire",2026-08-25
Ensemble du système,oui,2025-03-31,2025-T1,Part des dépôts en devises,66.22,%,SRC-063,BRH — sommaire financier détaillé (CAMEL),"Données publiques haïtiennes — décret du 12/10/2005, art. 5 (textes officiels des autorités publiques et simples données)","BRH — Banque de la République d'Haïti, sommaire financier détaillé (indicateurs CAMEL) du système bancaire",2026-08-25
Sogebank,non,2025-03-31,2025-T1,Part des dépôts en devises,68.35,%,SRC-063,BRH — sommaire financier détaillé (CAMEL),"Données publiques haïtiennes — décret du 12/10/2005, art. 5 (textes officiels des autorités publiques et simples données)","BRH — Banque de la République d'Haïti, sommaire financier détaillé (indicateurs CAMEL) du système bancaire",2026-08-25
Sogebel,non,2025-03-31,2025-T1,Part des dépôts en devises,76.86,%,SRC-063,BRH — sommaire financier détaillé (CAMEL),"Données publiques haïtiennes — décret du 12/10/2005, art. 5 (textes officiels des autorités publiques et simples données)","BRH — Banque de la République d'Haïti, sommaire financier détaillé (indicateurs CAMEL) du système bancaire",2026-08-25
Unibank,non,2025-03-31,2025-T1,Part des dépôts en devises,73.41,%,SRC-063,BRH — sommaire financier détaillé (CAMEL),"Données publiques haïtiennes — décret du 12/10/2005, art. 5 (textes officiels des autorités publiques et simples données)","BRH — Banque de la République d'Haïti, sommaire financier détaillé (indicateurs CAMEL) du système bancaire",2026-08-25
Banque Nationale de Crédit,non,2025-03-31,2025-T1,Part du portefeuille net en devises,33.39,%,SRC-063,BRH — sommaire financier détaillé (CAMEL),"Données publiques haïtiennes — décret du 12/10/2005, art. 5 (textes officiels des autorités publiques et simples données)","BRH — Banque de la République d'Haïti, sommaire financier détaillé (indicateurs CAMEL) du système bancaire",2026-08-25
Banque Populaire Haïtienne,non,2025-03-31,2025-T1,Part du portefeuille net en devises,377.33,%,SRC-063,BRH — sommaire financier détaillé (CAMEL),"Données publiques haïtiennes — décret du 12/10/2005, art. 5 (textes officiels des autorités publiques et simples données)","BRH — Banque de la République d'Haïti, sommaire financier détaillé (indicateurs CAMEL) du système bancaire",2026-08-25
Banque de l'Union Haïtienne,non,2025-03-31,2025-T1,Part du portefeuille net en devises,71.36,%,SRC-063,BRH — sommaire financier détaillé (CAMEL),"Données publiques haïtiennes — décret du 12/10/2005, art. 5 (textes officiels des autorités publiques et simples données)","BRH — Banque de la République d'Haïti, sommaire financier détaillé (indicateurs CAMEL) du système bancaire",2026-08-25
Capital Bank,non,2025-03-31,2025-T1,Part du portefeuille net en devises,60.8,%,SRC-063,BRH — sommaire financier détaillé (CAMEL),"Données publiques haïtiennes — décret du 12/10/2005, art. 5 (textes officiels des autorités publiques et simples données)","BRH — Banque de la République d'Haïti, sommaire financier détaillé (indicateurs CAMEL) du système bancaire",2026-08-25
Ensemble du système,oui,2025-03-31,2025-T1,Part du portefeuille net en devises,61.18,%,SRC-063,BRH — sommaire financier détaillé (CAMEL),"Données publiques haïtiennes — décret du 12/10/2005, art. 5 (textes officiels des autorités publiques et simples données)","BRH — Banque de la République d'Haïti, sommaire financier détaillé (indicateurs CAMEL) du système bancaire",2026-08-25
Sogebank,non,2025-03-31,2025-T1,Part du portefeuille net en devises,59.98,%,SRC-063,BRH — sommaire financier détaillé (CAMEL),"Données publiques haïtiennes — décret du 12/10/2005, art. 5 (textes officiels des autorités publiques et simples données)","BRH — Banque de la République d'Haïti, sommaire financier détaillé (indicateurs CAMEL) du système bancaire",2026-08-25
Unibank,non,2025-03-31,2025-T1,Part du portefeuille net en devises,68.46,%,SRC-063,BRH — sommaire financier détaillé (CAMEL),"Données publiques haïtiennes — décret du 12/10/2005, art. 5 (textes officiels des autorités publiques et simples données)","BRH — Banque de la République d'Haïti, sommaire financier détaillé (indicateurs CAMEL) du système bancaire",2026-08-25
Banque Nationale de Crédit,non,2025-03-31,2025-T1,Portefeuille de prêts brut,20307593.0,milliers de gourdes,SRC-063,BRH — sommaire financier détaillé (CAMEL),"Données publiques haïtiennes — décret du 12/10/2005, art. 5 (textes officiels des autorités publiques et simples données)","BRH — Banque de la République d'Haïti, sommaire financier détaillé (indicateurs CAMEL) du système bancaire",2026-08-25
Banque Populaire Haïtienne,non,2025-03-31,2025-T1,Portefeuille de prêts brut,1300196.51,milliers de gourdes,SRC-063,BRH — sommaire financier détaillé (CAMEL),"Données publiques haïtiennes — décret du 12/10/2005, art. 5 (textes officiels des autorités publiques et simples données)","BRH — Banque de la République d'Haïti, sommaire financier détaillé (indicateurs CAMEL) du système bancaire",2026-08-25
Banque de l'Union Haïtienne,non,2025-03-31,2025-T1,Portefeuille de prêts brut,13495290.9,milliers de gourdes,SRC-063,BRH — sommaire financier détaillé (CAMEL),"Données publiques haïtiennes — décret du 12/10/2005, art. 5 (textes officiels des autorités publiques et simples données)","BRH — Banque de la République d'Haïti, sommaire financier détaillé (indicateurs CAMEL) du système bancaire",2026-08-25
Capital Bank,non,2025-03-31,2025-T1,Portefeuille de prêts brut,12198966.0,milliers de gourdes,SRC-063,BRH — sommaire financier détaillé (CAMEL),"Données publiques haïtiennes — décret du 12/10/2005, art. 5 (textes officiels des autorités publiques et simples données)","BRH — Banque de la République d'Haïti, sommaire financier détaillé (indicateurs CAMEL) du système bancaire",2026-08-25
Ensemble du système,oui,2025-03-31,2025-T1,Portefeuille de prêts brut,124861455.23,milliers de gourdes,SRC-063,BRH — sommaire financier détaillé (CAMEL),"Données publiques haïtiennes — décret du 12/10/2005, art. 5 (textes officiels des autorités publiques et simples données)","BRH — Banque de la République d'Haïti, sommaire financier détaillé (indicateurs CAMEL) du système bancaire",2026-08-25
Sogebank,non,2025-03-31,2025-T1,Portefeuille de prêts brut,29611055.54,milliers de gourdes,SRC-063,BRH — sommaire financier détaillé (CAMEL),"Données publiques haïtiennes — décret du 12/10/2005, art. 5 (textes officiels des autorités publiques et simples données)","BRH — Banque de la République d'Haïti, sommaire financier détaillé (indicateurs CAMEL) du système bancaire",2026-08-25
Sogebel,non,2025-03-31,2025-T1,Portefeuille de prêts brut,5190585.13,milliers de gourdes,SRC-063,BRH — sommaire financier détaillé (CAMEL),"Données publiques haïtiennes — décret du 12/10/2005, art. 5 (textes officiels des autorités publiques et simples données)","BRH — Banque de la République d'Haïti, sommaire financier détaillé (indicateurs CAMEL) du système bancaire",2026-08-25
Unibank,non,2025-03-31,2025-T1,Portefeuille de prêts brut,42757768.15,milliers de gourdes,SRC-063,BRH — sommaire financier détaillé (CAMEL),"Données publiques haïtiennes — décret du 12/10/2005, art. 5 (textes officiels des autorités publiques et simples données)","BRH — Banque de la République d'Haïti, sommaire financier détaillé (indicateurs CAMEL) du système bancaire",2026-08-25
Banque Nationale de Crédit,non,2025-03-31,2025-T1,Succursales et points de service actifs,40.0,unités,SRC-063,BRH — sommaire financier détaillé (CAMEL),"Données publiques haïtiennes — décret du 12/10/2005, art. 5 (textes officiels des autorités publiques et simples données)","BRH — Banque de la République d'Haïti, sommaire financier détaillé (indicateurs CAMEL) du système bancaire",2026-08-25
Banque Populaire Haïtienne,non,2025-03-31,2025-T1,Succursales et points de service actifs,6.0,unités,SRC-063,BRH — sommaire financier détaillé (CAMEL),"Données publiques haïtiennes — décret du 12/10/2005, art. 5 (textes officiels des autorités publiques et simples données)","BRH — Banque de la République d'Haïti, sommaire financier détaillé (indicateurs CAMEL) du système bancaire",2026-08-25
Banque de l'Union Haïtienne,non,2025-03-31,2025-T1,Succursales et points de service actifs,24.0,unités,SRC-063,BRH — sommaire financier détaillé (CAMEL),"Données publiques haïtiennes — décret du 12/10/2005, art. 5 (textes officiels des autorités publiques et simples données)","BRH — Banque de la République d'Haïti, sommaire financier détaillé (indicateurs CAMEL) du système bancaire",2026-08-25
Capital Bank,non,2025-03-31,2025-T1,Succursales et points de service actifs,25.0,unités,SRC-063,BRH — sommaire financier détaillé (CAMEL),"Données publiques haïtiennes — décret du 12/10/2005, art. 5 (textes officiels des autorités publiques et simples données)","BRH — Banque de la République d'Haïti, sommaire financier détaillé (indicateurs CAMEL) du système bancaire",2026-08-25
Ensemble du système,oui,2025-03-31,2025-T1,Succursales et points de service actifs,202.0,unités,SRC-063,BRH — sommaire financier détaillé (CAMEL),"Données publiques haïtiennes — décret du 12/10/2005, art. 5 (textes officiels des autorités publiques et simples données)","BRH — Banque de la République d'Haïti, sommaire financier détaillé (indicateurs CAMEL) du système bancaire",2026-08-25
Sogebank,non,2025-03-31,2025-T1,Succursales et points de service actifs,40.0,unités,SRC-063,BRH — sommaire financier détaillé (CAMEL),"Données publiques haïtiennes — décret du 12/10/2005, art. 5 (textes officiels des autorités publiques et simples données)","BRH — Banque de la République d'Haïti, sommaire financier détaillé (indicateurs CAMEL) du système bancaire",2026-08-25
Sogebel,non,2025-03-31,2025-T1,Succursales et points de service actifs,3.0,unités,SRC-063,BRH — sommaire financier détaillé (CAMEL),"Données publiques haïtiennes — décret du 12/10/2005, art. 5 (textes officiels des autorités publiques et simples données)","BRH — Banque de la République d'Haïti, sommaire financier détaillé (indicateurs CAMEL) du système bancaire",2026-08-25
Unibank,non,2025-03-31,2025-T1,Succursales et points de service actifs,64.0,unités,SRC-063,BRH — sommaire financier détaillé (CAMEL),"Données publiques haïtiennes — décret du 12/10/2005, art. 5 (textes officiels des autorités publiques et simples données)","BRH — Banque de la République d'Haïti, sommaire financier détaillé (indicateurs CAMEL) du système bancaire",2026-08-25
Banque Nationale de Crédit,non,2025-06-30,2025-T2,Actif total,130581298.0,milliers de gourdes,SRC-063,BRH — sommaire financier détaillé (CAMEL),"Données publiques haïtiennes — décret du 12/10/2005, art. 5 (textes officiels des autorités publiques et simples données)","BRH — Banque de la République d'Haïti, sommaire financier détaillé (indicateurs CAMEL) du système bancaire",2026-08-25
Banque Populaire Haïtienne,non,2025-06-30,2025-T2,Actif total,7357734.72,milliers de gourdes,SRC-063,BRH — sommaire financier détaillé (CAMEL),"Données publiques haïtiennes — décret du 12/10/2005, art. 5 (textes officiels des autorités publiques et simples données)","BRH — Banque de la République d'Haïti, sommaire financier détaillé (indicateurs CAMEL) du système bancaire",2026-08-25
Banque de l'Union Haïtienne,non,2025-06-30,2025-T2,Actif total,49805168.98,milliers de gourdes,SRC-063,BRH — sommaire financier détaillé (CAMEL),"Données publiques haïtiennes — décret du 12/10/2005, art. 5 (textes officiels des autorités publiques et simples données)","BRH — Banque de la République d'Haïti, sommaire financier détaillé (indicateurs CAMEL) du système bancaire",2026-08-25
Capital Bank,non,2025-06-30,2025-T2,Actif total,54527609.0,milliers de gourdes,SRC-063,BRH — sommaire financier détaillé (CAMEL),"Données publiques haïtiennes — décret du 12/10/2005, art. 5 (textes officiels des autorités publiques et simples données)","BRH — Banque de la République d'Haïti, sommaire financier détaillé (indicateurs CAMEL) du système bancaire",2026-08-25
Ensemble du système,oui,2025-06-30,2025-T2,Actif total,692516044.18,milliers de gourdes,SRC-063,BRH — sommaire financier détaillé (CAMEL),"Données publiques haïtiennes — décret du 12/10/2005, art. 5 (textes officiels des autorités publiques et simples données)","BRH — Banque de la République d'Haïti, sommaire financier détaillé (indicateurs CAMEL) du système bancaire",2026-08-25
Sogebank,non,2025-06-30,2025-T2,Actif total,180249732.07,milliers de gourdes,SRC-063,BRH — sommaire financier détaillé (CAMEL),"Données publiques haïtiennes — décret du 12/10/2005, art. 5 (textes officiels des autorités publiques et simples données)","BRH — Banque de la République d'Haïti, sommaire financier détaillé (indicateurs CAMEL) du système bancaire",2026-08-25
Sogebel,non,2025-06-30,2025-T2,Actif total,12131784.07,milliers de gourdes,SRC-063,BRH — sommaire financier détaillé (CAMEL),"Données publiques haïtiennes — décret du 12/10/2005, art. 5 (textes officiels des autorités publiques et simples données)","BRH — Banque de la République d'Haïti, sommaire financier détaillé (indicateurs CAMEL) du système bancaire",2026-08-25
Unibank,non,2025-06-30,2025-T2,Actif total,257862717.35,milliers de gourdes,SRC-063,BRH — sommaire financier détaillé (CAMEL),"Données publiques haïtiennes — décret du 12/10/2005, art. 5 (textes officiels des autorités publiques et simples données)","BRH — Banque de la République d'Haïti, sommaire financier détaillé (indicateurs CAMEL) du système bancaire",2026-08-25
Banque Nationale de Crédit,non,2025-06-30,2025-T2,Comptes de dépôt,538469.0,unités,SRC-063,BRH — sommaire financier détaillé (CAMEL),"Données publiques haïtiennes — décret du 12/10/2005, art. 5 (textes officiels des autorités publiques et simples données)","BRH — Banque de la République d'Haïti, sommaire financier détaillé (indicateurs CAMEL) du système bancaire",2026-08-25
Banque Populaire Haïtienne,non,2025-06-30,2025-T2,Comptes de dépôt,11988.0,unités,SRC-063,BRH — sommaire financier détaillé (CAMEL),"Données publiques haïtiennes — décret du 12/10/2005, art. 5 (textes officiels des autorités publiques et simples données)","BRH — Banque de la République d'Haïti, sommaire financier détaillé (indicateurs CAMEL) du système bancaire",2026-08-25
Banque de l'Union Haïtienne,non,2025-06-30,2025-T2,Comptes de dépôt,108046.0,unités,SRC-063,BRH — sommaire financier détaillé (CAMEL),"Données publiques haïtiennes — décret du 12/10/2005, art. 5 (textes officiels des autorités publiques et simples données)","BRH — Banque de la République d'Haïti, sommaire financier détaillé (indicateurs CAMEL) du système bancaire",2026-08-25
Capital Bank,non,2025-06-30,2025-T2,Comptes de dépôt,165924.0,unités,SRC-063,BRH — sommaire financier détaillé (CAMEL),"Données publiques haïtiennes — décret du 12/10/2005, art. 5 (textes officiels des autorités publiques et simples données)","BRH — Banque de la République d'Haïti, sommaire financier détaillé (indicateurs CAMEL) du système bancaire",2026-08-25
Ensemble du système,oui,2025-06-30,2025-T2,Comptes de dépôt,2941692.0,unités,SRC-063,BRH — sommaire financier détaillé (CAMEL),"Données publiques haïtiennes — décret du 12/10/2005, art. 5 (textes officiels des autorités publiques et simples données)","BRH — Banque de la République d'Haïti, sommaire financier détaillé (indicateurs CAMEL) du système bancaire",2026-08-25
Sogebank,non,2025-06-30,2025-T2,Comptes de dépôt,773161.0,unités,SRC-063,BRH — sommaire financier détaillé (CAMEL),"Données publiques haïtiennes — décret du 12/10/2005, art. 5 (textes officiels des autorités publiques et simples données)","BRH — Banque de la République d'Haïti, sommaire financier détaillé (indicateurs CAMEL) du système bancaire",2026-08-25
Sogebel,non,2025-06-30,2025-T2,Comptes de dépôt,7649.0,unités,SRC-063,BRH — sommaire financier détaillé (CAMEL),"Données publiques haïtiennes — décret du 12/10/2005, art. 5 (textes officiels des autorités publiques et simples données)","BRH — Banque de la République d'Haïti, sommaire financier détaillé (indicateurs CAMEL) du système bancaire",2026-08-25
Unibank,non,2025-06-30,2025-T2,Comptes de dépôt,1336455.0,unités,SRC-063,BRH — sommaire financier détaillé (CAMEL),"Données publiques haïtiennes — décret du 12/10/2005, art. 5 (textes officiels des autorités publiques et simples données)","BRH — Banque de la République d'Haïti, sommaire financier détaillé (indicateurs CAMEL) du système bancaire",2026-08-25
Banque Nationale de Crédit,non,2025-06-30,2025-T2,Comptes de prêt,20164.0,unités,SRC-063,BRH — sommaire financier détaillé (CAMEL),"Données publiques haïtiennes — décret du 12/10/2005, art. 5 (textes officiels des autorités publiques et simples données)","BRH — Banque de la République d'Haïti, sommaire financier détaillé (indicateurs CAMEL) du système bancaire",2026-08-25
Banque Populaire Haïtienne,non,2025-06-30,2025-T2,Comptes de prêt,261.0,unités,SRC-063,BRH — sommaire financier détaillé (CAMEL),"Données publiques haïtiennes — décret du 12/10/2005, art. 5 (textes officiels des autorités publiques et simples données)","BRH — Banque de la République d'Haïti, sommaire financier détaillé (indicateurs CAMEL) du système bancaire",2026-08-25
Banque de l'Union Haïtienne,non,2025-06-30,2025-T2,Comptes de prêt,446.0,unités,SRC-063,BRH — sommaire financier détaillé (CAMEL),"Données publiques haïtiennes — décret du 12/10/2005, art. 5 (textes officiels des autorités publiques et simples données)","BRH — Banque de la République d'Haïti, sommaire financier détaillé (indicateurs CAMEL) du système bancaire",2026-08-25
Capital Bank,non,2025-06-30,2025-T2,Comptes de prêt,1957.0,unités,SRC-063,BRH — sommaire financier détaillé (CAMEL),"Données publiques haïtiennes — décret du 12/10/2005, art. 5 (textes officiels des autorités publiques et simples données)","BRH — Banque de la République d'Haïti, sommaire financier détaillé (indicateurs CAMEL) du système bancaire",2026-08-25
Ensemble du système,oui,2025-06-30,2025-T2,Comptes de prêt,44148.0,unités,SRC-063,BRH — sommaire financier détaillé (CAMEL),"Données publiques haïtiennes — décret du 12/10/2005, art. 5 (textes officiels des autorités publiques et simples données)","BRH — Banque de la République d'Haïti, sommaire financier détaillé (indicateurs CAMEL) du système bancaire",2026-08-25
Sogebank,non,2025-06-30,2025-T2,Comptes de prêt,13263.0,unités,SRC-063,BRH — sommaire financier détaillé (CAMEL),"Données publiques haïtiennes — décret du 12/10/2005, art. 5 (textes officiels des autorités publiques et simples données)","BRH — Banque de la République d'Haïti, sommaire financier détaillé (indicateurs CAMEL) du système bancaire",2026-08-25
Sogebel,non,2025-06-30,2025-T2,Comptes de prêt,375.0,unités,SRC-063,BRH — sommaire financier détaillé (CAMEL),"Données publiques haïtiennes — décret du 12/10/2005, art. 5 (textes officiels des autorités publiques et simples données)","BRH — Banque de la République d'Haïti, sommaire financier détaillé (indicateurs CAMEL) du système bancaire",2026-08-25
Unibank,non,2025-06-30,2025-T2,Comptes de prêt,7682.0,unités,SRC-063,BRH — sommaire financier détaillé (CAMEL),"Données publiques haïtiennes — décret du 12/10/2005, art. 5 (textes officiels des autorités publiques et simples données)","BRH — Banque de la République d'Haïti, sommaire financier détaillé (indicateurs CAMEL) du système bancaire",2026-08-25
Banque Nationale de Crédit,non,2025-06-30,2025-T2,Dépôts totaux,101117197.0,milliers de gourdes,SRC-063,BRH — sommaire financier détaillé (CAMEL),"Données publiques haïtiennes — décret du 12/10/2005, art. 5 (textes officiels des autorités publiques et simples données)","BRH — Banque de la République d'Haïti, sommaire financier détaillé (indicateurs CAMEL) du système bancaire",2026-08-25
Banque Populaire Haïtienne,non,2025-06-30,2025-T2,Dépôts totaux,4448643.72,milliers de gourdes,SRC-063,BRH — sommaire financier détaillé (CAMEL),"Données publiques haïtiennes — décret du 12/10/2005, art. 5 (textes officiels des autorités publiques et simples données)","BRH — Banque de la République d'Haïti, sommaire financier détaillé (indicateurs CAMEL) du système bancaire",2026-08-25
Banque de l'Union Haïtienne,non,2025-06-30,2025-T2,Dépôts totaux,41003780.97,milliers de gourdes,SRC-063,BRH — sommaire financier détaillé (CAMEL),"Données publiques haïtiennes — décret du 12/10/2005, art. 5 (textes officiels des autorités publiques et simples données)","BRH — Banque de la République d'Haïti, sommaire financier détaillé (indicateurs CAMEL) du système bancaire",2026-08-25
Capital Bank,non,2025-06-30,2025-T2,Dépôts totaux,42572493.0,milliers de gourdes,SRC-063,BRH — sommaire financier détaillé (CAMEL),"Données publiques haïtiennes — décret du 12/10/2005, art. 5 (textes officiels des autorités publiques et simples données)","BRH — Banque de la République d'Haïti, sommaire financier détaillé (indicateurs CAMEL) du système bancaire",2026-08-25
Ensemble du système,oui,2025-06-30,2025-T2,Dépôts totaux,564242053.15,milliers de gourdes,SRC-063,BRH — sommaire financier détaillé (CAMEL),"Données publiques haïtiennes — décret du 12/10/2005, art. 5 (textes officiels des autorités publiques et simples données)","BRH — Banque de la République d'Haïti, sommaire financier détaillé (indicateurs CAMEL) du système bancaire",2026-08-25
Sogebank,non,2025-06-30,2025-T2,Dépôts totaux,149806268.92,milliers de gourdes,SRC-063,BRH — sommaire financier détaillé (CAMEL),"Données publiques haïtiennes — décret du 12/10/2005, art. 5 (textes officiels des autorités publiques et simples données)","BRH — Banque de la République d'Haïti, sommaire financier détaillé (indicateurs CAMEL) du système bancaire",2026-08-25
Sogebel,non,2025-06-30,2025-T2,Dépôts totaux,8056562.87,milliers de gourdes,SRC-063,BRH — sommaire financier détaillé (CAMEL),"Données publiques haïtiennes — décret du 12/10/2005, art. 5 (textes officiels des autorités publiques et simples données)","BRH — Banque de la République d'Haïti, sommaire financier détaillé (indicateurs CAMEL) du système bancaire",2026-08-25
Unibank,non,2025-06-30,2025-T2,Dépôts totaux,217237106.66,milliers de gourdes,SRC-063,BRH — sommaire financier détaillé (CAMEL),"Données publiques haïtiennes — décret du 12/10/2005, art. 5 (textes officiels des autorités publiques et simples données)","BRH — Banque de la République d'Haïti, sommaire financier détaillé (indicateurs CAMEL) du système bancaire",2026-08-25
Banque Nationale de Crédit,non,2025-06-30,2025-T2,Employés,819.0,unités,SRC-063,BRH — sommaire financier détaillé (CAMEL),"Données publiques haïtiennes — décret du 12/10/2005, art. 5 (textes officiels des autorités publiques et simples données)","BRH — Banque de la République d'Haïti, sommaire financier détaillé (indicateurs CAMEL) du système bancaire",2026-08-25
Banque Populaire Haïtienne,non,2025-06-30,2025-T2,Employés,147.0,unités,SRC-063,BRH — sommaire financier détaillé (CAMEL),"Données publiques haïtiennes — décret du 12/10/2005, art. 5 (textes officiels des autorités publiques et simples données)","BRH — Banque de la République d'Haïti, sommaire financier détaillé (indicateurs CAMEL) du système bancaire",2026-08-25
Banque de l'Union Haïtienne,non,2025-06-30,2025-T2,Employés,470.0,unités,SRC-063,BRH — sommaire financier détaillé (CAMEL),"Données publiques haïtiennes — décret du 12/10/2005, art. 5 (textes officiels des autorités publiques et simples données)","BRH — Banque de la République d'Haïti, sommaire financier détaillé (indicateurs CAMEL) du système bancaire",2026-08-25
Capital Bank,non,2025-06-30,2025-T2,Employés,782.0,unités,SRC-063,BRH — sommaire financier détaillé (CAMEL),"Données publiques haïtiennes — décret du 12/10/2005, art. 5 (textes officiels des autorités publiques et simples données)","BRH — Banque de la République d'Haïti, sommaire financier détaillé (indicateurs CAMEL) du système bancaire",2026-08-25
Ensemble du système,oui,2025-06-30,2025-T2,Employés,4879.0,unités,SRC-063,BRH — sommaire financier détaillé (CAMEL),"Données publiques haïtiennes — décret du 12/10/2005, art. 5 (textes officiels des autorités publiques et simples données)","BRH — Banque de la République d'Haïti, sommaire financier détaillé (indicateurs CAMEL) du système bancaire",2026-08-25
Sogebank,non,2025-06-30,2025-T2,Employés,1057.0,unités,SRC-063,BRH — sommaire financier détaillé (CAMEL),"Données publiques haïtiennes — décret du 12/10/2005, art. 5 (textes officiels des autorités publiques et simples données)","BRH — Banque de la République d'Haïti, sommaire financier détaillé (indicateurs CAMEL) du système bancaire",2026-08-25
Sogebel,non,2025-06-30,2025-T2,Employés,75.0,unités,SRC-063,BRH — sommaire financier détaillé (CAMEL),"Données publiques haïtiennes — décret du 12/10/2005, art. 5 (textes officiels des autorités publiques et simples données)","BRH — Banque de la République d'Haïti, sommaire financier détaillé (indicateurs CAMEL) du système bancaire",2026-08-25
Unibank,non,2025-06-30,2025-T2,Employés,1529.0,unités,SRC-063,BRH — sommaire financier détaillé (CAMEL),"Données publiques haïtiennes — décret du 12/10/2005, art. 5 (textes officiels des autorités publiques et simples données)","BRH — Banque de la République d'Haïti, sommaire financier détaillé (indicateurs CAMEL) du système bancaire",2026-08-25
Banque Nationale de Crédit,non,2025-06-30,2025-T2,Liquidité en % de l'actif,71.6,%,SRC-063,BRH — sommaire financier détaillé (CAMEL),"Données publiques haïtiennes — décret du 12/10/2005, art. 5 (textes officiels des autorités publiques et simples données)","BRH — Banque de la République d'Haïti, sommaire financier détaillé (indicateurs CAMEL) du système bancaire",2026-08-25
Banque Populaire Haïtienne,non,2025-06-30,2025-T2,Liquidité en % de l'actif,75.72,%,SRC-063,BRH — sommaire financier détaillé (CAMEL),"Données publiques haïtiennes — décret du 12/10/2005, art. 5 (textes officiels des autorités publiques et simples données)","BRH — Banque de la République d'Haïti, sommaire financier détaillé (indicateurs CAMEL) du système bancaire",2026-08-25
Banque de l'Union Haïtienne,non,2025-06-30,2025-T2,Liquidité en % de l'actif,48.29,%,SRC-063,BRH — sommaire financier détaillé (CAMEL),"Données publiques haïtiennes — décret du 12/10/2005, art. 5 (textes officiels des autorités publiques et simples données)","BRH — Banque de la République d'Haïti, sommaire financier détaillé (indicateurs CAMEL) du système bancaire",2026-08-25
Capital Bank,non,2025-06-30,2025-T2,Liquidité en % de l'actif,59.87,%,SRC-063,BRH — sommaire financier détaillé (CAMEL),"Données publiques haïtiennes — décret du 12/10/2005, art. 5 (textes officiels des autorités publiques et simples données)","BRH — Banque de la République d'Haïti, sommaire financier détaillé (indicateurs CAMEL) du système bancaire",2026-08-25
Ensemble du système,oui,2025-06-30,2025-T2,Liquidité en % de l'actif,57.27,%,SRC-063,BRH — sommaire financier détaillé (CAMEL),"Données publiques haïtiennes — décret du 12/10/2005, art. 5 (textes officiels des autorités publiques et simples données)","BRH — Banque de la République d'Haïti, sommaire financier détaillé (indicateurs CAMEL) du système bancaire",2026-08-25
Sogebank,non,2025-06-30,2025-T2,Liquidité en % de l'actif,48.46,%,SRC-063,BRH — sommaire financier détaillé (CAMEL),"Données publiques haïtiennes — décret du 12/10/2005, art. 5 (textes officiels des autorités publiques et simples données)","BRH — Banque de la République d'Haïti, sommaire financier détaillé (indicateurs CAMEL) du système bancaire",2026-08-25
Unibank,non,2025-06-30,2025-T2,Liquidité en % de l'actif,58.64,%,SRC-063,BRH — sommaire financier détaillé (CAMEL),"Données publiques haïtiennes — décret du 12/10/2005, art. 5 (textes officiels des autorités publiques et simples données)","BRH — Banque de la République d'Haïti, sommaire financier détaillé (indicateurs CAMEL) du système bancaire",2026-08-25
Banque Nationale de Crédit,non,2025-06-30,2025-T2,Part des dépôts en devises,39.86,%,SRC-063,BRH — sommaire financier détaillé (CAMEL),"Données publiques haïtiennes — décret du 12/10/2005, art. 5 (textes officiels des autorités publiques et simples données)","BRH — Banque de la République d'Haïti, sommaire financier détaillé (indicateurs CAMEL) du système bancaire",2026-08-25
Banque Populaire Haïtienne,non,2025-06-30,2025-T2,Part des dépôts en devises,57.4,%,SRC-063,BRH — sommaire financier détaillé (CAMEL),"Données publiques haïtiennes — décret du 12/10/2005, art. 5 (textes officiels des autorités publiques et simples données)","BRH — Banque de la République d'Haïti, sommaire financier détaillé (indicateurs CAMEL) du système bancaire",2026-08-25
Banque de l'Union Haïtienne,non,2025-06-30,2025-T2,Part des dépôts en devises,70.57,%,SRC-063,BRH — sommaire financier détaillé (CAMEL),"Données publiques haïtiennes — décret du 12/10/2005, art. 5 (textes officiels des autorités publiques et simples données)","BRH — Banque de la République d'Haïti, sommaire financier détaillé (indicateurs CAMEL) du système bancaire",2026-08-25
Capital Bank,non,2025-06-30,2025-T2,Part des dépôts en devises,74.26,%,SRC-063,BRH — sommaire financier détaillé (CAMEL),"Données publiques haïtiennes — décret du 12/10/2005, art. 5 (textes officiels des autorités publiques et simples données)","BRH — Banque de la République d'Haïti, sommaire financier détaillé (indicateurs CAMEL) du système bancaire",2026-08-25
Ensemble du système,oui,2025-06-30,2025-T2,Part des dépôts en devises,65.58,%,SRC-063,BRH — sommaire financier détaillé (CAMEL),"Données publiques haïtiennes — décret du 12/10/2005, art. 5 (textes officiels des autorités publiques et simples données)","BRH — Banque de la République d'Haïti, sommaire financier détaillé (indicateurs CAMEL) du système bancaire",2026-08-25
Sogebank,non,2025-06-30,2025-T2,Part des dépôts en devises,68.41,%,SRC-063,BRH — sommaire financier détaillé (CAMEL),"Données publiques haïtiennes — décret du 12/10/2005, art. 5 (textes officiels des autorités publiques et simples données)","BRH — Banque de la République d'Haïti, sommaire financier détaillé (indicateurs CAMEL) du système bancaire",2026-08-25
Sogebel,non,2025-06-30,2025-T2,Part des dépôts en devises,76.71,%,SRC-063,BRH — sommaire financier détaillé (CAMEL),"Données publiques haïtiennes — décret du 12/10/2005, art. 5 (textes officiels des autorités publiques et simples données)","BRH — Banque de la République d'Haïti, sommaire financier détaillé (indicateurs CAMEL) du système bancaire",2026-08-25
Unibank,non,2025-06-30,2025-T2,Part des dépôts en devises,72.7,%,SRC-063,BRH — sommaire financier détaillé (CAMEL),"Données publiques haïtiennes — décret du 12/10/2005, art. 5 (textes officiels des autorités publiques et simples données)","BRH — Banque de la République d'Haïti, sommaire financier détaillé (indicateurs CAMEL) du système bancaire",2026-08-25
Banque Nationale de Crédit,non,2025-06-30,2025-T2,Part du portefeuille net en devises,34.39,%,SRC-063,BRH — sommaire financier détaillé (CAMEL),"Données publiques haïtiennes — décret du 12/10/2005, art. 5 (textes officiels des autorités publiques et simples données)","BRH — Banque de la République d'Haïti, sommaire financier détaillé (indicateurs CAMEL) du système bancaire",2026-08-25
Banque Populaire Haïtienne,non,2025-06-30,2025-T2,Part du portefeuille net en devises,372.88,%,SRC-063,BRH — sommaire financier détaillé (CAMEL),"Données publiques haïtiennes — décret du 12/10/2005, art. 5 (textes officiels des autorités publiques et simples données)","BRH — Banque de la République d'Haïti, sommaire financier détaillé (indicateurs CAMEL) du système bancaire",2026-08-25
Banque de l'Union Haïtienne,non,2025-06-30,2025-T2,Part du portefeuille net en devises,72.09,%,SRC-063,BRH — sommaire financier détaillé (CAMEL),"Données publiques haïtiennes — décret du 12/10/2005, art. 5 (textes officiels des autorités publiques et simples données)","BRH — Banque de la République d'Haïti, sommaire financier détaillé (indicateurs CAMEL) du système bancaire",2026-08-25
Capital Bank,non,2025-06-30,2025-T2,Part du portefeuille net en devises,62.59,%,SRC-063,BRH — sommaire financier détaillé (CAMEL),"Données publiques haïtiennes — décret du 12/10/2005, art. 5 (textes officiels des autorités publiques et simples données)","BRH — Banque de la République d'Haïti, sommaire financier détaillé (indicateurs CAMEL) du système bancaire",2026-08-25
Ensemble du système,oui,2025-06-30,2025-T2,Part du portefeuille net en devises,61.13,%,SRC-063,BRH — sommaire financier détaillé (CAMEL),"Données publiques haïtiennes — décret du 12/10/2005, art. 5 (textes officiels des autorités publiques et simples données)","BRH — Banque de la République d'Haïti, sommaire financier détaillé (indicateurs CAMEL) du système bancaire",2026-08-25
Sogebank,non,2025-06-30,2025-T2,Part du portefeuille net en devises,61.81,%,SRC-063,BRH — sommaire financier détaillé (CAMEL),"Données publiques haïtiennes — décret du 12/10/2005, art. 5 (textes officiels des autorités publiques et simples données)","BRH — Banque de la République d'Haïti, sommaire financier détaillé (indicateurs CAMEL) du système bancaire",2026-08-25
Unibank,non,2025-06-30,2025-T2,Part du portefeuille net en devises,66.04,%,SRC-063,BRH — sommaire financier détaillé (CAMEL),"Données publiques haïtiennes — décret du 12/10/2005, art. 5 (textes officiels des autorités publiques et simples données)","BRH — Banque de la République d'Haïti, sommaire financier détaillé (indicateurs CAMEL) du système bancaire",2026-08-25
Banque Nationale de Crédit,non,2025-06-30,2025-T2,Portefeuille de prêts brut,20108500.0,milliers de gourdes,SRC-063,BRH — sommaire financier détaillé (CAMEL),"Données publiques haïtiennes — décret du 12/10/2005, art. 5 (textes officiels des autorités publiques et simples données)","BRH — Banque de la République d'Haïti, sommaire financier détaillé (indicateurs CAMEL) du système bancaire",2026-08-25
Banque Populaire Haïtienne,non,2025-06-30,2025-T2,Portefeuille de prêts brut,1303003.26,milliers de gourdes,SRC-063,BRH — sommaire financier détaillé (CAMEL),"Données publiques haïtiennes — décret du 12/10/2005, art. 5 (textes officiels des autorités publiques et simples données)","BRH — Banque de la République d'Haïti, sommaire financier détaillé (indicateurs CAMEL) du système bancaire",2026-08-25
Banque de l'Union Haïtienne,non,2025-06-30,2025-T2,Portefeuille de prêts brut,13285658.79,milliers de gourdes,SRC-063,BRH — sommaire financier détaillé (CAMEL),"Données publiques haïtiennes — décret du 12/10/2005, art. 5 (textes officiels des autorités publiques et simples données)","BRH — Banque de la République d'Haïti, sommaire financier détaillé (indicateurs CAMEL) du système bancaire",2026-08-25
Capital Bank,non,2025-06-30,2025-T2,Portefeuille de prêts brut,12657178.0,milliers de gourdes,SRC-063,BRH — sommaire financier détaillé (CAMEL),"Données publiques haïtiennes — décret du 12/10/2005, art. 5 (textes officiels des autorités publiques et simples données)","BRH — Banque de la République d'Haïti, sommaire financier détaillé (indicateurs CAMEL) du système bancaire",2026-08-25
Ensemble du système,oui,2025-06-30,2025-T2,Portefeuille de prêts brut,121954417.74,milliers de gourdes,SRC-063,BRH — sommaire financier détaillé (CAMEL),"Données publiques haïtiennes — décret du 12/10/2005, art. 5 (textes officiels des autorités publiques et simples données)","BRH — Banque de la République d'Haïti, sommaire financier détaillé (indicateurs CAMEL) du système bancaire",2026-08-25
Sogebank,non,2025-06-30,2025-T2,Portefeuille de prêts brut,28114359.35,milliers de gourdes,SRC-063,BRH — sommaire financier détaillé (CAMEL),"Données publiques haïtiennes — décret du 12/10/2005, art. 5 (textes officiels des autorités publiques et simples données)","BRH — Banque de la République d'Haïti, sommaire financier détaillé (indicateurs CAMEL) du système bancaire",2026-08-25
Sogebel,non,2025-06-30,2025-T2,Portefeuille de prêts brut,5280203.26,milliers de gourdes,SRC-063,BRH — sommaire financier détaillé (CAMEL),"Données publiques haïtiennes — décret du 12/10/2005, art. 5 (textes officiels des autorités publiques et simples données)","BRH — Banque de la République d'Haïti, sommaire financier détaillé (indicateurs CAMEL) du système bancaire",2026-08-25
Unibank,non,2025-06-30,2025-T2,Portefeuille de prêts brut,41205515.08,milliers de gourdes,SRC-063,BRH — sommaire financier détaillé (CAMEL),"Données publiques haïtiennes — décret du 12/10/2005, art. 5 (textes officiels des autorités publiques et simples données)","BRH — Banque de la République d'Haïti, sommaire financier détaillé (indicateurs CAMEL) du système bancaire",2026-08-25
Banque Nationale de Crédit,non,2025-06-30,2025-T2,Succursales et points de service actifs,40.0,unités,SRC-063,BRH — sommaire financier détaillé (CAMEL),"Données publiques haïtiennes — décret du 12/10/2005, art. 5 (textes officiels des autorités publiques et simples données)","BRH — Banque de la République d'Haïti, sommaire financier détaillé (indicateurs CAMEL) du système bancaire",2026-08-25
Banque Populaire Haïtienne,non,2025-06-30,2025-T2,Succursales et points de service actifs,6.0,unités,SRC-063,BRH — sommaire financier détaillé (CAMEL),"Données publiques haïtiennes — décret du 12/10/2005, art. 5 (textes officiels des autorités publiques et simples données)","BRH — Banque de la République d'Haïti, sommaire financier détaillé (indicateurs CAMEL) du système bancaire",2026-08-25
Banque de l'Union Haïtienne,non,2025-06-30,2025-T2,Succursales et points de service actifs,24.0,unités,SRC-063,BRH — sommaire financier détaillé (CAMEL),"Données publiques haïtiennes — décret du 12/10/2005, art. 5 (textes officiels des autorités publiques et simples données)","BRH — Banque de la République d'Haïti, sommaire financier détaillé (indicateurs CAMEL) du système bancaire",2026-08-25
Capital Bank,non,2025-06-30,2025-T2,Succursales et points de service actifs,25.0,unités,SRC-063,BRH — sommaire financier détaillé (CAMEL),"Données publiques haïtiennes — décret du 12/10/2005, art. 5 (textes officiels des autorités publiques et simples données)","BRH — Banque de la République d'Haïti, sommaire financier détaillé (indicateurs CAMEL) du système bancaire",2026-08-25
Ensemble du système,oui,2025-06-30,2025-T2,Succursales et points de service actifs,202.0,unités,SRC-063,BRH — sommaire financier détaillé (CAMEL),"Données publiques haïtiennes — décret du 12/10/2005, art. 5 (textes officiels des autorités publiques et simples données)","BRH — Banque de la République d'Haïti, sommaire financier détaillé (indicateurs CAMEL) du système bancaire",2026-08-25
Sogebank,non,2025-06-30,2025-T2,Succursales et points de service actifs,40.0,unités,SRC-063,BRH — sommaire financier détaillé (CAMEL),"Données publiques haïtiennes — décret du 12/10/2005, art. 5 (textes officiels des autorités publiques et simples données)","BRH — Banque de la République d'Haïti, sommaire financier détaillé (indicateurs CAMEL) du système bancaire",2026-08-25
Sogebel,non,2025-06-30,2025-T2,Succursales et points de service actifs,3.0,unités,SRC-063,BRH — sommaire financier détaillé (CAMEL),"Données publiques haïtiennes — décret du 12/10/2005, art. 5 (textes officiels des autorités publiques et simples données)","BRH — Banque de la République d'Haïti, sommaire financier détaillé (indicateurs CAMEL) du système bancaire",2026-08-25
Unibank,non,2025-06-30,2025-T2,Succursales et points de service actifs,64.0,unités,SRC-063,BRH — sommaire financier détaillé (CAMEL),"Données publiques haïtiennes — décret du 12/10/2005, art. 5 (textes officiels des autorités publiques et simples données)","BRH — Banque de la République d'Haïti, sommaire financier détaillé (indicateurs CAMEL) du système bancaire",2026-08-25
Banque Nationale de Crédit,non,2025-09-30,2025-T3,Actif total,131958310.0,milliers de gourdes,SRC-063,BRH — sommaire financier détaillé (CAMEL),"Données publiques haïtiennes — décret du 12/10/2005, art. 5 (textes officiels des autorités publiques et simples données)","BRH — Banque de la République d'Haïti, sommaire financier détaillé (indicateurs CAMEL) du système bancaire",2026-08-25
Banque Populaire Haïtienne,non,2025-09-30,2025-T3,Actif total,7337053.77,milliers de gourdes,SRC-063,BRH — sommaire financier détaillé (CAMEL),"Données publiques haïtiennes — décret du 12/10/2005, art. 5 (textes officiels des autorités publiques et simples données)","BRH — Banque de la République d'Haïti, sommaire financier détaillé (indicateurs CAMEL) du système bancaire",2026-08-25
Banque de l'Union Haïtienne,non,2025-09-30,2025-T3,Actif total,51201603.07,milliers de gourdes,SRC-063,BRH — sommaire financier détaillé (CAMEL),"Données publiques haïtiennes — décret du 12/10/2005, art. 5 (textes officiels des autorités publiques et simples données)","BRH — Banque de la République d'Haïti, sommaire financier détaillé (indicateurs CAMEL) du système bancaire",2026-08-25
Capital Bank,non,2025-09-30,2025-T3,Actif total,53164958.0,milliers de gourdes,SRC-063,BRH — sommaire financier détaillé (CAMEL),"Données publiques haïtiennes — décret du 12/10/2005, art. 5 (textes officiels des autorités publiques et simples données)","BRH — Banque de la République d'Haïti, sommaire financier détaillé (indicateurs CAMEL) du système bancaire",2026-08-25
Ensemble du système,oui,2025-09-30,2025-T3,Actif total,706149589.75,milliers de gourdes,SRC-063,BRH — sommaire financier détaillé (CAMEL),"Données publiques haïtiennes — décret du 12/10/2005, art. 5 (textes officiels des autorités publiques et simples données)","BRH — Banque de la République d'Haïti, sommaire financier détaillé (indicateurs CAMEL) du système bancaire",2026-08-25
Sogebank,non,2025-09-30,2025-T3,Actif total,186323654.74,milliers de gourdes,SRC-063,BRH — sommaire financier détaillé (CAMEL),"Données publiques haïtiennes — décret du 12/10/2005, art. 5 (textes officiels des autorités publiques et simples données)","BRH — Banque de la République d'Haïti, sommaire financier détaillé (indicateurs CAMEL) du système bancaire",2026-08-25
Sogebel,non,2025-09-30,2025-T3,Actif total,12281525.83,milliers de gourdes,SRC-063,BRH — sommaire financier détaillé (CAMEL),"Données publiques haïtiennes — décret du 12/10/2005, art. 5 (textes officiels des autorités publiques et simples données)","BRH — Banque de la République d'Haïti, sommaire financier détaillé (indicateurs CAMEL) du système bancaire",2026-08-25
Unibank,non,2025-09-30,2025-T3,Actif total,263882484.34,milliers de gourdes,SRC-063,BRH — sommaire financier détaillé (CAMEL),"Données publiques haïtiennes — décret du 12/10/2005, art. 5 (textes officiels des autorités publiques et simples données)","BRH — Banque de la République d'Haïti, sommaire financier détaillé (indicateurs CAMEL) du système bancaire",2026-08-25
Banque Nationale de Crédit,non,2025-09-30,2025-T3,Comptes de dépôt,533871.0,unités,SRC-063,BRH — sommaire financier détaillé (CAMEL),"Données publiques haïtiennes — décret du 12/10/2005, art. 5 (textes officiels des autorités publiques et simples données)","BRH — Banque de la République d'Haïti, sommaire financier détaillé (indicateurs CAMEL) du système bancaire",2026-08-25
Banque Populaire Haïtienne,non,2025-09-30,2025-T3,Comptes de dépôt,12124.0,unités,SRC-063,BRH — sommaire financier détaillé (CAMEL),"Données publiques haïtiennes — décret du 12/10/2005, art. 5 (textes officiels des autorités publiques et simples données)","BRH — Banque de la République d'Haïti, sommaire financier détaillé (indicateurs CAMEL) du système bancaire",2026-08-25
Banque de l'Union Haïtienne,non,2025-09-30,2025-T3,Comptes de dépôt,108432.0,unités,SRC-063,BRH — sommaire financier détaillé (CAMEL),"Données publiques haïtiennes — décret du 12/10/2005, art. 5 (textes officiels des autorités publiques et simples données)","BRH — Banque de la République d'Haïti, sommaire financier détaillé (indicateurs CAMEL) du système bancaire",2026-08-25
Capital Bank,non,2025-09-30,2025-T3,Comptes de dépôt,169913.0,unités,SRC-063,BRH — sommaire financier détaillé (CAMEL),"Données publiques haïtiennes — décret du 12/10/2005, art. 5 (textes officiels des autorités publiques et simples données)","BRH — Banque de la République d'Haïti, sommaire financier détaillé (indicateurs CAMEL) du système bancaire",2026-08-25
Ensemble du système,oui,2025-09-30,2025-T3,Comptes de dépôt,2960608.0,unités,SRC-063,BRH — sommaire financier détaillé (CAMEL),"Données publiques haïtiennes — décret du 12/10/2005, art. 5 (textes officiels des autorités publiques et simples données)","BRH — Banque de la République d'Haïti, sommaire financier détaillé (indicateurs CAMEL) du système bancaire",2026-08-25
Sogebank,non,2025-09-30,2025-T3,Comptes de dépôt,783835.0,unités,SRC-063,BRH — sommaire financier détaillé (CAMEL),"Données publiques haïtiennes — décret du 12/10/2005, art. 5 (textes officiels des autorités publiques et simples données)","BRH — Banque de la République d'Haïti, sommaire financier détaillé (indicateurs CAMEL) du système bancaire",2026-08-25
Sogebel,non,2025-09-30,2025-T3,Comptes de dépôt,7522.0,unités,SRC-063,BRH — sommaire financier détaillé (CAMEL),"Données publiques haïtiennes — décret du 12/10/2005, art. 5 (textes officiels des autorités publiques et simples données)","BRH — Banque de la République d'Haïti, sommaire financier détaillé (indicateurs CAMEL) du système bancaire",2026-08-25
Unibank,non,2025-09-30,2025-T3,Comptes de dépôt,1344911.0,unités,SRC-063,BRH — sommaire financier détaillé (CAMEL),"Données publiques haïtiennes — décret du 12/10/2005, art. 5 (textes officiels des autorités publiques et simples données)","BRH — Banque de la République d'Haïti, sommaire financier détaillé (indicateurs CAMEL) du système bancaire",2026-08-25
Banque Nationale de Crédit,non,2025-09-30,2025-T3,Comptes de prêt,20057.0,unités,SRC-063,BRH — sommaire financier détaillé (CAMEL),"Données publiques haïtiennes — décret du 12/10/2005, art. 5 (textes officiels des autorités publiques et simples données)","BRH — Banque de la République d'Haïti, sommaire financier détaillé (indicateurs CAMEL) du système bancaire",2026-08-25
Banque Populaire Haïtienne,non,2025-09-30,2025-T3,Comptes de prêt,286.0,unités,SRC-063,BRH — sommaire financier détaillé (CAMEL),"Données publiques haïtiennes — décret du 12/10/2005, art. 5 (textes officiels des autorités publiques et simples données)","BRH — Banque de la République d'Haïti, sommaire financier détaillé (indicateurs CAMEL) du système bancaire",2026-08-25
Banque de l'Union Haïtienne,non,2025-09-30,2025-T3,Comptes de prêt,431.0,unités,SRC-063,BRH — sommaire financier détaillé (CAMEL),"Données publiques haïtiennes — décret du 12/10/2005, art. 5 (textes officiels des autorités publiques et simples données)","BRH — Banque de la République d'Haïti, sommaire financier détaillé (indicateurs CAMEL) du système bancaire",2026-08-25
Capital Bank,non,2025-09-30,2025-T3,Comptes de prêt,2043.0,unités,SRC-063,BRH — sommaire financier détaillé (CAMEL),"Données publiques haïtiennes — décret du 12/10/2005, art. 5 (textes officiels des autorités publiques et simples données)","BRH — Banque de la République d'Haïti, sommaire financier détaillé (indicateurs CAMEL) du système bancaire",2026-08-25
Ensemble du système,oui,2025-09-30,2025-T3,Comptes de prêt,44621.0,unités,SRC-063,BRH — sommaire financier détaillé (CAMEL),"Données publiques haïtiennes — décret du 12/10/2005, art. 5 (textes officiels des autorités publiques et simples données)","BRH — Banque de la République d'Haïti, sommaire financier détaillé (indicateurs CAMEL) du système bancaire",2026-08-25
Sogebank,non,2025-09-30,2025-T3,Comptes de prêt,13354.0,unités,SRC-063,BRH — sommaire financier détaillé (CAMEL),"Données publiques haïtiennes — décret du 12/10/2005, art. 5 (textes officiels des autorités publiques et simples données)","BRH — Banque de la République d'Haïti, sommaire financier détaillé (indicateurs CAMEL) du système bancaire",2026-08-25
Sogebel,non,2025-09-30,2025-T3,Comptes de prêt,371.0,unités,SRC-063,BRH — sommaire financier détaillé (CAMEL),"Données publiques haïtiennes — décret du 12/10/2005, art. 5 (textes officiels des autorités publiques et simples données)","BRH — Banque de la République d'Haïti, sommaire financier détaillé (indicateurs CAMEL) du système bancaire",2026-08-25
Unibank,non,2025-09-30,2025-T3,Comptes de prêt,8079.0,unités,SRC-063,BRH — sommaire financier détaillé (CAMEL),"Données publiques haïtiennes — décret du 12/10/2005, art. 5 (textes officiels des autorités publiques et simples données)","BRH — Banque de la République d'Haïti, sommaire financier détaillé (indicateurs CAMEL) du système bancaire",2026-08-25
Banque Nationale de Crédit,non,2025-09-30,2025-T3,Dépôts totaux,103662456.0,milliers de gourdes,SRC-063,BRH — sommaire financier détaillé (CAMEL),"Données publiques haïtiennes — décret du 12/10/2005, art. 5 (textes officiels des autorités publiques et simples données)","BRH — Banque de la République d'Haïti, sommaire financier détaillé (indicateurs CAMEL) du système bancaire",2026-08-25
Banque Populaire Haïtienne,non,2025-09-30,2025-T3,Dépôts totaux,4458596.83,milliers de gourdes,SRC-063,BRH — sommaire financier détaillé (CAMEL),"Données publiques haïtiennes — décret du 12/10/2005, art. 5 (textes officiels des autorités publiques et simples données)","BRH — Banque de la République d'Haïti, sommaire financier détaillé (indicateurs CAMEL) du système bancaire",2026-08-25
Banque de l'Union Haïtienne,non,2025-09-30,2025-T3,Dépôts totaux,43272578.07,milliers de gourdes,SRC-063,BRH — sommaire financier détaillé (CAMEL),"Données publiques haïtiennes — décret du 12/10/2005, art. 5 (textes officiels des autorités publiques et simples données)","BRH — Banque de la République d'Haïti, sommaire financier détaillé (indicateurs CAMEL) du système bancaire",2026-08-25
Capital Bank,non,2025-09-30,2025-T3,Dépôts totaux,42277677.0,milliers de gourdes,SRC-063,BRH — sommaire financier détaillé (CAMEL),"Données publiques haïtiennes — décret du 12/10/2005, art. 5 (textes officiels des autorités publiques et simples données)","BRH — Banque de la République d'Haïti, sommaire financier détaillé (indicateurs CAMEL) du système bancaire",2026-08-25
Ensemble du système,oui,2025-09-30,2025-T3,Dépôts totaux,580157540.54,milliers de gourdes,SRC-063,BRH — sommaire financier détaillé (CAMEL),"Données publiques haïtiennes — décret du 12/10/2005, art. 5 (textes officiels des autorités publiques et simples données)","BRH — Banque de la République d'Haïti, sommaire financier détaillé (indicateurs CAMEL) du système bancaire",2026-08-25
Sogebank,non,2025-09-30,2025-T3,Dépôts totaux,155250472.08,milliers de gourdes,SRC-063,BRH — sommaire financier détaillé (CAMEL),"Données publiques haïtiennes — décret du 12/10/2005, art. 5 (textes officiels des autorités publiques et simples données)","BRH — Banque de la République d'Haïti, sommaire financier détaillé (indicateurs CAMEL) du système bancaire",2026-08-25
Sogebel,non,2025-09-30,2025-T3,Dépôts totaux,8168385.26,milliers de gourdes,SRC-063,BRH — sommaire financier détaillé (CAMEL),"Données publiques haïtiennes — décret du 12/10/2005, art. 5 (textes officiels des autorités publiques et simples données)","BRH — Banque de la République d'Haïti, sommaire financier détaillé (indicateurs CAMEL) du système bancaire",2026-08-25
Unibank,non,2025-09-30,2025-T3,Dépôts totaux,223067375.31,milliers de gourdes,SRC-063,BRH — sommaire financier détaillé (CAMEL),"Données publiques haïtiennes — décret du 12/10/2005, art. 5 (textes officiels des autorités publiques et simples données)","BRH — Banque de la République d'Haïti, sommaire financier détaillé (indicateurs CAMEL) du système bancaire",2026-08-25
Banque Nationale de Crédit,non,2025-09-30,2025-T3,Employés,904.0,unités,SRC-063,BRH — sommaire financier détaillé (CAMEL),"Données publiques haïtiennes — décret du 12/10/2005, art. 5 (textes officiels des autorités publiques et simples données)","BRH — Banque de la République d'Haïti, sommaire financier détaillé (indicateurs CAMEL) du système bancaire",2026-08-25
Banque Populaire Haïtienne,non,2025-09-30,2025-T3,Employés,147.0,unités,SRC-063,BRH — sommaire financier détaillé (CAMEL),"Données publiques haïtiennes — décret du 12/10/2005, art. 5 (textes officiels des autorités publiques et simples données)","BRH — Banque de la République d'Haïti, sommaire financier détaillé (indicateurs CAMEL) du système bancaire",2026-08-25
Banque de l'Union Haïtienne,non,2025-09-30,2025-T3,Employés,465.0,unités,SRC-063,BRH — sommaire financier détaillé (CAMEL),"Données publiques haïtiennes — décret du 12/10/2005, art. 5 (textes officiels des autorités publiques et simples données)","BRH — Banque de la République d'Haïti, sommaire financier détaillé (indicateurs CAMEL) du système bancaire",2026-08-25
Capital Bank,non,2025-09-30,2025-T3,Employés,772.0,unités,SRC-063,BRH — sommaire financier détaillé (CAMEL),"Données publiques haïtiennes — décret du 12/10/2005, art. 5 (textes officiels des autorités publiques et simples données)","BRH — Banque de la République d'Haïti, sommaire financier détaillé (indicateurs CAMEL) du système bancaire",2026-08-25
Ensemble du système,oui,2025-09-30,2025-T3,Employés,4929.0,unités,SRC-063,BRH — sommaire financier détaillé (CAMEL),"Données publiques haïtiennes — décret du 12/10/2005, art. 5 (textes officiels des autorités publiques et simples données)","BRH — Banque de la République d'Haïti, sommaire financier détaillé (indicateurs CAMEL) du système bancaire",2026-08-25
Sogebank,non,2025-09-30,2025-T3,Employés,1036.0,unités,SRC-063,BRH — sommaire financier détaillé (CAMEL),"Données publiques haïtiennes — décret du 12/10/2005, art. 5 (textes officiels des autorités publiques et simples données)","BRH — Banque de la République d'Haïti, sommaire financier détaillé (indicateurs CAMEL) du système bancaire",2026-08-25
Sogebel,non,2025-09-30,2025-T3,Employés,76.0,unités,SRC-063,BRH — sommaire financier détaillé (CAMEL),"Données publiques haïtiennes — décret du 12/10/2005, art. 5 (textes officiels des autorités publiques et simples données)","BRH — Banque de la République d'Haïti, sommaire financier détaillé (indicateurs CAMEL) du système bancaire",2026-08-25
Unibank,non,2025-09-30,2025-T3,Employés,1529.0,unités,SRC-063,BRH — sommaire financier détaillé (CAMEL),"Données publiques haïtiennes — décret du 12/10/2005, art. 5 (textes officiels des autorités publiques et simples données)","BRH — Banque de la République d'Haïti, sommaire financier détaillé (indicateurs CAMEL) du système bancaire",2026-08-25
Banque Nationale de Crédit,non,2025-09-30,2025-T3,Liquidité en % de l'actif,72.48,%,SRC-063,BRH — sommaire financier détaillé (CAMEL),"Données publiques haïtiennes — décret du 12/10/2005, art. 5 (textes officiels des autorités publiques et simples données)","BRH — Banque de la République d'Haïti, sommaire financier détaillé (indicateurs CAMEL) du système bancaire",2026-08-25
Banque Populaire Haïtienne,non,2025-09-30,2025-T3,Liquidité en % de l'actif,75.41,%,SRC-063,BRH — sommaire financier détaillé (CAMEL),"Données publiques haïtiennes — décret du 12/10/2005, art. 5 (textes officiels des autorités publiques et simples données)","BRH — Banque de la République d'Haïti, sommaire financier détaillé (indicateurs CAMEL) du système bancaire",2026-08-25
Banque de l'Union Haïtienne,non,2025-09-30,2025-T3,Liquidité en % de l'actif,46.4,%,SRC-063,BRH — sommaire financier détaillé (CAMEL),"Données publiques haïtiennes — décret du 12/10/2005, art. 5 (textes officiels des autorités publiques et simples données)","BRH — Banque de la République d'Haïti, sommaire financier détaillé (indicateurs CAMEL) du système bancaire",2026-08-25
Capital Bank,non,2025-09-30,2025-T3,Liquidité en % de l'actif,58.8,%,SRC-063,BRH — sommaire financier détaillé (CAMEL),"Données publiques haïtiennes — décret du 12/10/2005, art. 5 (textes officiels des autorités publiques et simples données)","BRH — Banque de la République d'Haïti, sommaire financier détaillé (indicateurs CAMEL) du système bancaire",2026-08-25
Ensemble du système,oui,2025-09-30,2025-T3,Liquidité en % de l'actif,56.24,%,SRC-063,BRH — sommaire financier détaillé (CAMEL),"Données publiques haïtiennes — décret du 12/10/2005, art. 5 (textes officiels des autorités publiques et simples données)","BRH — Banque de la République d'Haïti, sommaire financier détaillé (indicateurs CAMEL) du système bancaire",2026-08-25
Sogebank,non,2025-09-30,2025-T3,Liquidité en % de l'actif,47.18,%,SRC-063,BRH — sommaire financier détaillé (CAMEL),"Données publiques haïtiennes — décret du 12/10/2005, art. 5 (textes officiels des autorités publiques et simples données)","BRH — Banque de la République d'Haïti, sommaire financier détaillé (indicateurs CAMEL) du système bancaire",2026-08-25
Unibank,non,2025-09-30,2025-T3,Liquidité en % de l'actif,57.18,%,SRC-063,BRH — sommaire financier détaillé (CAMEL),"Données publiques haïtiennes — décret du 12/10/2005, art. 5 (textes officiels des autorités publiques et simples données)","BRH — Banque de la République d'Haïti, sommaire financier détaillé (indicateurs CAMEL) du système bancaire",2026-08-25
Banque Nationale de Crédit,non,2025-09-30,2025-T3,Part des dépôts en devises,39.0,%,SRC-063,BRH — sommaire financier détaillé (CAMEL),"Données publiques haïtiennes — décret du 12/10/2005, art. 5 (textes officiels des autorités publiques et simples données)","BRH — Banque de la République d'Haïti, sommaire financier détaillé (indicateurs CAMEL) du système bancaire",2026-08-25
Banque Populaire Haïtienne,non,2025-09-30,2025-T3,Part des dépôts en devises,57.21,%,SRC-063,BRH — sommaire financier détaillé (CAMEL),"Données publiques haïtiennes — décret du 12/10/2005, art. 5 (textes officiels des autorités publiques et simples données)","BRH — Banque de la République d'Haïti, sommaire financier détaillé (indicateurs CAMEL) du système bancaire",2026-08-25
Banque de l'Union Haïtienne,non,2025-09-30,2025-T3,Part des dépôts en devises,68.87,%,SRC-063,BRH — sommaire financier détaillé (CAMEL),"Données publiques haïtiennes — décret du 12/10/2005, art. 5 (textes officiels des autorités publiques et simples données)","BRH — Banque de la République d'Haïti, sommaire financier détaillé (indicateurs CAMEL) du système bancaire",2026-08-25
Capital Bank,non,2025-09-30,2025-T3,Part des dépôts en devises,70.47,%,SRC-063,BRH — sommaire financier détaillé (CAMEL),"Données publiques haïtiennes — décret du 12/10/2005, art. 5 (textes officiels des autorités publiques et simples données)","BRH — Banque de la République d'Haïti, sommaire financier détaillé (indicateurs CAMEL) du système bancaire",2026-08-25
Ensemble du système,oui,2025-09-30,2025-T3,Part des dépôts en devises,64.32,%,SRC-063,BRH — sommaire financier détaillé (CAMEL),"Données publiques haïtiennes — décret du 12/10/2005, art. 5 (textes officiels des autorités publiques et simples données)","BRH — Banque de la République d'Haïti, sommaire financier détaillé (indicateurs CAMEL) du système bancaire",2026-08-25
Sogebank,non,2025-09-30,2025-T3,Part des dépôts en devises,67.7,%,SRC-063,BRH — sommaire financier détaillé (CAMEL),"Données publiques haïtiennes — décret du 12/10/2005, art. 5 (textes officiels des autorités publiques et simples données)","BRH — Banque de la République d'Haïti, sommaire financier détaillé (indicateurs CAMEL) du système bancaire",2026-08-25
Sogebel,non,2025-09-30,2025-T3,Part des dépôts en devises,76.41,%,SRC-063,BRH — sommaire financier détaillé (CAMEL),"Données publiques haïtiennes — décret du 12/10/2005, art. 5 (textes officiels des autorités publiques et simples données)","BRH — Banque de la République d'Haïti, sommaire financier détaillé (indicateurs CAMEL) du système bancaire",2026-08-25
Unibank,non,2025-09-30,2025-T3,Part des dépôts en devises,71.39,%,SRC-063,BRH — sommaire financier détaillé (CAMEL),"Données publiques haïtiennes — décret du 12/10/2005, art. 5 (textes officiels des autorités publiques et simples données)","BRH — Banque de la République d'Haïti, sommaire financier détaillé (indicateurs CAMEL) du système bancaire",2026-08-25
Banque Nationale de Crédit,non,2025-09-30,2025-T3,Part du portefeuille net en devises,30.86,%,SRC-063,BRH — sommaire financier détaillé (CAMEL),"Données publiques haïtiennes — décret du 12/10/2005, art. 5 (textes officiels des autorités publiques et simples données)","BRH — Banque de la République d'Haïti, sommaire financier détaillé (indicateurs CAMEL) du système bancaire",2026-08-25
Banque Populaire Haïtienne,non,2025-09-30,2025-T3,Part du portefeuille net en devises,347.73,%,SRC-063,BRH — sommaire financier détaillé (CAMEL),"Données publiques haïtiennes — décret du 12/10/2005, art. 5 (textes officiels des autorités publiques et simples données)","BRH — Banque de la République d'Haïti, sommaire financier détaillé (indicateurs CAMEL) du système bancaire",2026-08-25
Banque de l'Union Haïtienne,non,2025-09-30,2025-T3,Part du portefeuille net en devises,71.59,%,SRC-063,BRH — sommaire financier détaillé (CAMEL),"Données publiques haïtiennes — décret du 12/10/2005, art. 5 (textes officiels des autorités publiques et simples données)","BRH — Banque de la République d'Haïti, sommaire financier détaillé (indicateurs CAMEL) du système bancaire",2026-08-25
Capital Bank,non,2025-09-30,2025-T3,Part du portefeuille net en devises,59.45,%,SRC-063,BRH — sommaire financier détaillé (CAMEL),"Données publiques haïtiennes — décret du 12/10/2005, art. 5 (textes officiels des autorités publiques et simples données)","BRH — Banque de la République d'Haïti, sommaire financier détaillé (indicateurs CAMEL) du système bancaire",2026-08-25
Ensemble du système,oui,2025-09-30,2025-T3,Part du portefeuille net en devises,61.24,%,SRC-063,BRH — sommaire financier détaillé (CAMEL),"Données publiques haïtiennes — décret du 12/10/2005, art. 5 (textes officiels des autorités publiques et simples données)","BRH — Banque de la République d'Haïti, sommaire financier détaillé (indicateurs CAMEL) du système bancaire",2026-08-25
Sogebank,non,2025-09-30,2025-T3,Part du portefeuille net en devises,62.36,%,SRC-063,BRH — sommaire financier détaillé (CAMEL),"Données publiques haïtiennes — décret du 12/10/2005, art. 5 (textes officiels des autorités publiques et simples données)","BRH — Banque de la République d'Haïti, sommaire financier détaillé (indicateurs CAMEL) du système bancaire",2026-08-25
Unibank,non,2025-09-30,2025-T3,Part du portefeuille net en devises,66.35,%,SRC-063,BRH — sommaire financier détaillé (CAMEL),"Données publiques haïtiennes — décret du 12/10/2005, art. 5 (textes officiels des autorités publiques et simples données)","BRH — Banque de la République d'Haïti, sommaire financier détaillé (indicateurs CAMEL) du système bancaire",2026-08-25
Banque Nationale de Crédit,non,2025-09-30,2025-T3,Portefeuille de prêts brut,19060282.0,milliers de gourdes,SRC-063,BRH — sommaire financier détaillé (CAMEL),"Données publiques haïtiennes — décret du 12/10/2005, art. 5 (textes officiels des autorités publiques et simples données)","BRH — Banque de la République d'Haïti, sommaire financier détaillé (indicateurs CAMEL) du système bancaire",2026-08-25
Banque Populaire Haïtienne,non,2025-09-30,2025-T3,Portefeuille de prêts brut,1311706.57,milliers de gourdes,SRC-063,BRH — sommaire financier détaillé (CAMEL),"Données publiques haïtiennes — décret du 12/10/2005, art. 5 (textes officiels des autorités publiques et simples données)","BRH — Banque de la République d'Haïti, sommaire financier détaillé (indicateurs CAMEL) du système bancaire",2026-08-25
Banque de l'Union Haïtienne,non,2025-09-30,2025-T3,Portefeuille de prêts brut,13620859.74,milliers de gourdes,SRC-063,BRH — sommaire financier détaillé (CAMEL),"Données publiques haïtiennes — décret du 12/10/2005, art. 5 (textes officiels des autorités publiques et simples données)","BRH — Banque de la République d'Haïti, sommaire financier détaillé (indicateurs CAMEL) du système bancaire",2026-08-25
Capital Bank,non,2025-09-30,2025-T3,Portefeuille de prêts brut,12486836.0,milliers de gourdes,SRC-063,BRH — sommaire financier détaillé (CAMEL),"Données publiques haïtiennes — décret du 12/10/2005, art. 5 (textes officiels des autorités publiques et simples données)","BRH — Banque de la République d'Haïti, sommaire financier détaillé (indicateurs CAMEL) du système bancaire",2026-08-25
Ensemble du système,oui,2025-09-30,2025-T3,Portefeuille de prêts brut,126536560.59,milliers de gourdes,SRC-063,BRH — sommaire financier détaillé (CAMEL),"Données publiques haïtiennes — décret du 12/10/2005, art. 5 (textes officiels des autorités publiques et simples données)","BRH — Banque de la République d'Haïti, sommaire financier détaillé (indicateurs CAMEL) du système bancaire",2026-08-25
Sogebank,non,2025-09-30,2025-T3,Portefeuille de prêts brut,28696855.59,milliers de gourdes,SRC-063,BRH — sommaire financier détaillé (CAMEL),"Données publiques haïtiennes — décret du 12/10/2005, art. 5 (textes officiels des autorités publiques et simples données)","BRH — Banque de la République d'Haïti, sommaire financier détaillé (indicateurs CAMEL) du système bancaire",2026-08-25
Sogebel,non,2025-09-30,2025-T3,Portefeuille de prêts brut,5104983.86,milliers de gourdes,SRC-063,BRH — sommaire financier détaillé (CAMEL),"Données publiques haïtiennes — décret du 12/10/2005, art. 5 (textes officiels des autorités publiques et simples données)","BRH — Banque de la République d'Haïti, sommaire financier détaillé (indicateurs CAMEL) du système bancaire",2026-08-25
Unibank,non,2025-09-30,2025-T3,Portefeuille de prêts brut,46255036.84,milliers de gourdes,SRC-063,BRH — sommaire financier détaillé (CAMEL),"Données publiques haïtiennes — décret du 12/10/2005, art. 5 (textes officiels des autorités publiques et simples données)","BRH — Banque de la République d'Haïti, sommaire financier détaillé (indicateurs CAMEL) du système bancaire",2026-08-25
Banque Nationale de Crédit,non,2025-09-30,2025-T3,Succursales et points de service actifs,40.0,unités,SRC-063,BRH — sommaire financier détaillé (CAMEL),"Données publiques haïtiennes — décret du 12/10/2005, art. 5 (textes officiels des autorités publiques et simples données)","BRH — Banque de la République d'Haïti, sommaire financier détaillé (indicateurs CAMEL) du système bancaire",2026-08-25
Banque Populaire Haïtienne,non,2025-09-30,2025-T3,Succursales et points de service actifs,6.0,unités,SRC-063,BRH — sommaire financier détaillé (CAMEL),"Données publiques haïtiennes — décret du 12/10/2005, art. 5 (textes officiels des autorités publiques et simples données)","BRH — Banque de la République d'Haïti, sommaire financier détaillé (indicateurs CAMEL) du système bancaire",2026-08-25
Banque de l'Union Haïtienne,non,2025-09-30,2025-T3,Succursales et points de service actifs,24.0,unités,SRC-063,BRH — sommaire financier détaillé (CAMEL),"Données publiques haïtiennes — décret du 12/10/2005, art. 5 (textes officiels des autorités publiques et simples données)","BRH — Banque de la République d'Haïti, sommaire financier détaillé (indicateurs CAMEL) du système bancaire",2026-08-25
Capital Bank,non,2025-09-30,2025-T3,Succursales et points de service actifs,25.0,unités,SRC-063,BRH — sommaire financier détaillé (CAMEL),"Données publiques haïtiennes — décret du 12/10/2005, art. 5 (textes officiels des autorités publiques et simples données)","BRH — Banque de la République d'Haïti, sommaire financier détaillé (indicateurs CAMEL) du système bancaire",2026-08-25
Ensemble du système,oui,2025-09-30,2025-T3,Succursales et points de service actifs,202.0,unités,SRC-063,BRH — sommaire financier détaillé (CAMEL),"Données publiques haïtiennes — décret du 12/10/2005, art. 5 (textes officiels des autorités publiques et simples données)","BRH — Banque de la République d'Haïti, sommaire financier détaillé (indicateurs CAMEL) du système bancaire",2026-08-25
Sogebank,non,2025-09-30,2025-T3,Succursales et points de service actifs,40.0,unités,SRC-063,BRH — sommaire financier détaillé (CAMEL),"Données publiques haïtiennes — décret du 12/10/2005, art. 5 (textes officiels des autorités publiques et simples données)","BRH — Banque de la République d'Haïti, sommaire financier détaillé (indicateurs CAMEL) du système bancaire",2026-08-25
Sogebel,non,2025-09-30,2025-T3,Succursales et points de service actifs,3.0,unités,SRC-063,BRH — sommaire financier détaillé (CAMEL),"Données publiques haïtiennes — décret du 12/10/2005, art. 5 (textes officiels des autorités publiques et simples données)","BRH — Banque de la République d'Haïti, sommaire financier détaillé (indicateurs CAMEL) du système bancaire",2026-08-25
Unibank,non,2025-09-30,2025-T3,Succursales et points de service actifs,64.0,unités,SRC-063,BRH — sommaire financier détaillé (CAMEL),"Données publiques haïtiennes — décret du 12/10/2005, art. 5 (textes officiels des autorités publiques et simples données)","BRH — Banque de la République d'Haïti, sommaire financier détaillé (indicateurs CAMEL) du système bancaire",2026-08-25
