pcode_commune,famille,sous_type,unite,valeur,source_id,millesime,licence
HT0111,carburant,station-service,nombre,25,SRC-028,"OSM via HOT, extrait le 06/08/2026",ODbL (© contributeurs OpenStreetMap)
HT0111,eau_osm,point d'eau potable,nombre,76,SRC-028,"OSM via HOT, extrait le 06/08/2026",ODbL (© contributeurs OpenStreetMap)
HT0111,electricite,générateur,nombre,1,SRC-030,"OSM via Overpass, requête du 14/08/2026",ODbL (© contributeurs OpenStreetMap)
HT0111,electricite,sous-station,nombre,4,SRC-030,"OSM via Overpass, requête du 14/08/2026",ODbL (© contributeurs OpenStreetMap)
HT0111,finance,agence de transfert,nombre,12,SRC-028,"OSM via HOT, extrait le 06/08/2026",ODbL (© contributeurs OpenStreetMap)
HT0111,finance,banque,nombre,23,SRC-028,"OSM via HOT, extrait le 06/08/2026",ODbL (© contributeurs OpenStreetMap)
HT0111,finance,bureau de change,nombre,8,SRC-028,"OSM via HOT, extrait le 06/08/2026",ODbL (© contributeurs OpenStreetMap)
HT0111,finance,bureau de poste,nombre,3,SRC-028,"OSM via HOT, extrait le 06/08/2026",ODbL (© contributeurs OpenStreetMap)
HT0111,finance,guichet automatique,nombre,14,SRC-028,"OSM via HOT, extrait le 06/08/2026",ODbL (© contributeurs OpenStreetMap)
HT0111,lieux_habites,hameau,nombre,4,SRC-028,"OSM via HOT, extrait le 06/08/2026",ODbL (© contributeurs OpenStreetMap)
HT0111,lieux_habites,ville,nombre,1,SRC-028,"OSM via HOT, extrait le 06/08/2026",ODbL (© contributeurs OpenStreetMap)
HT0112,carburant,station-service,nombre,30,SRC-028,"OSM via HOT, extrait le 06/08/2026",ODbL (© contributeurs OpenStreetMap)
HT0112,eau_osm,point d'eau potable,nombre,154,SRC-028,"OSM via HOT, extrait le 06/08/2026",ODbL (© contributeurs OpenStreetMap)
HT0112,eau_wpdx,fonctionnel,nombre,1,SRC-029,"WPdx, publié le 26/07/2026",CC BY-SA (Water Point Data Exchange)
HT0112,electricite,sous-station,nombre,3,SRC-030,"OSM via Overpass, requête du 14/08/2026",ODbL (© contributeurs OpenStreetMap)
HT0112,finance,agence de transfert,nombre,2,SRC-028,"OSM via HOT, extrait le 06/08/2026",ODbL (© contributeurs OpenStreetMap)
HT0112,finance,banque,nombre,22,SRC-028,"OSM via HOT, extrait le 06/08/2026",ODbL (© contributeurs OpenStreetMap)
HT0112,finance,bureau de change,nombre,2,SRC-028,"OSM via HOT, extrait le 06/08/2026",ODbL (© contributeurs OpenStreetMap)
HT0112,finance,bureau de poste,nombre,7,SRC-028,"OSM via HOT, extrait le 06/08/2026",ODbL (© contributeurs OpenStreetMap)
HT0112,finance,guichet automatique,nombre,7,SRC-028,"OSM via HOT, extrait le 06/08/2026",ODbL (© contributeurs OpenStreetMap)
HT0112,lieux_habites,hameau,nombre,2,SRC-028,"OSM via HOT, extrait le 06/08/2026",ODbL (© contributeurs OpenStreetMap)
HT0112,lieux_habites,village,nombre,3,SRC-028,"OSM via HOT, extrait le 06/08/2026",ODbL (© contributeurs OpenStreetMap)
HT0112,lieux_habites,ville,nombre,1,SRC-028,"OSM via HOT, extrait le 06/08/2026",ODbL (© contributeurs OpenStreetMap)
HT0113,carburant,station-service,nombre,15,SRC-028,"OSM via HOT, extrait le 06/08/2026",ODbL (© contributeurs OpenStreetMap)
HT0113,eau_osm,point d'eau potable,nombre,8,SRC-028,"OSM via HOT, extrait le 06/08/2026",ODbL (© contributeurs OpenStreetMap)
HT0113,electricite,générateur,nombre,1,SRC-030,"OSM via Overpass, requête du 14/08/2026",ODbL (© contributeurs OpenStreetMap)
HT0113,electricite,sous-station,nombre,2,SRC-030,"OSM via Overpass, requête du 14/08/2026",ODbL (© contributeurs OpenStreetMap)
HT0113,finance,agence de transfert,nombre,2,SRC-028,"OSM via HOT, extrait le 06/08/2026",ODbL (© contributeurs OpenStreetMap)
HT0113,finance,banque,nombre,2,SRC-028,"OSM via HOT, extrait le 06/08/2026",ODbL (© contributeurs OpenStreetMap)
HT0113,finance,guichet automatique,nombre,2,SRC-028,"OSM via HOT, extrait le 06/08/2026",ODbL (© contributeurs OpenStreetMap)
HT0113,lieux_habites,hameau,nombre,9,SRC-028,"OSM via HOT, extrait le 06/08/2026",ODbL (© contributeurs OpenStreetMap)
HT0113,lieux_habites,village,nombre,34,SRC-028,"OSM via HOT, extrait le 06/08/2026",ODbL (© contributeurs OpenStreetMap)
HT0113,lieux_habites,ville,nombre,1,SRC-028,"OSM via HOT, extrait le 06/08/2026",ODbL (© contributeurs OpenStreetMap)
HT0114,carburant,station-service,nombre,19,SRC-028,"OSM via HOT, extrait le 06/08/2026",ODbL (© contributeurs OpenStreetMap)
HT0114,eau_osm,point d'eau potable,nombre,22,SRC-028,"OSM via HOT, extrait le 06/08/2026",ODbL (© contributeurs OpenStreetMap)
HT0114,eau_wpdx,fonctionnel,nombre,2,SRC-029,"WPdx, publié le 26/07/2026",CC BY-SA (Water Point Data Exchange)
HT0114,electricite,sous-station,nombre,1,SRC-030,"OSM via Overpass, requête du 14/08/2026",ODbL (© contributeurs OpenStreetMap)
HT0114,finance,agence de transfert,nombre,6,SRC-028,"OSM via HOT, extrait le 06/08/2026",ODbL (© contributeurs OpenStreetMap)
HT0114,finance,banque,nombre,21,SRC-028,"OSM via HOT, extrait le 06/08/2026",ODbL (© contributeurs OpenStreetMap)
HT0114,finance,bureau de change,nombre,1,SRC-028,"OSM via HOT, extrait le 06/08/2026",ODbL (© contributeurs OpenStreetMap)
HT0114,finance,bureau de poste,nombre,2,SRC-028,"OSM via HOT, extrait le 06/08/2026",ODbL (© contributeurs OpenStreetMap)
HT0114,finance,guichet automatique,nombre,8,SRC-028,"OSM via HOT, extrait le 06/08/2026",ODbL (© contributeurs OpenStreetMap)
HT0114,lieux_habites,hameau,nombre,6,SRC-028,"OSM via HOT, extrait le 06/08/2026",ODbL (© contributeurs OpenStreetMap)
HT0114,lieux_habites,village,nombre,32,SRC-028,"OSM via HOT, extrait le 06/08/2026",ODbL (© contributeurs OpenStreetMap)
HT0114,lieux_habites,ville,nombre,1,SRC-028,"OSM via HOT, extrait le 06/08/2026",ODbL (© contributeurs OpenStreetMap)
HT0115,carburant,station-service,nombre,1,SRC-028,"OSM via HOT, extrait le 06/08/2026",ODbL (© contributeurs OpenStreetMap)
HT0115,eau_osm,point d'eau potable,nombre,1,SRC-028,"OSM via HOT, extrait le 06/08/2026",ODbL (© contributeurs OpenStreetMap)
HT0115,lieux_habites,hameau,nombre,16,SRC-028,"OSM via HOT, extrait le 06/08/2026",ODbL (© contributeurs OpenStreetMap)
HT0115,lieux_habites,village,nombre,27,SRC-028,"OSM via HOT, extrait le 06/08/2026",ODbL (© contributeurs OpenStreetMap)
HT0116,carburant,station-service,nombre,5,SRC-028,"OSM via HOT, extrait le 06/08/2026",ODbL (© contributeurs OpenStreetMap)
HT0116,eau_wpdx,fonctionnel,nombre,3,SRC-029,"WPdx, publié le 26/07/2026",CC BY-SA (Water Point Data Exchange)
HT0116,finance,banque,nombre,1,SRC-028,"OSM via HOT, extrait le 06/08/2026",ODbL (© contributeurs OpenStreetMap)
HT0116,lieux_habites,hameau,nombre,3,SRC-028,"OSM via HOT, extrait le 06/08/2026",ODbL (© contributeurs OpenStreetMap)
HT0116,lieux_habites,village,nombre,10,SRC-028,"OSM via HOT, extrait le 06/08/2026",ODbL (© contributeurs OpenStreetMap)
HT0117,carburant,station-service,nombre,5,SRC-028,"OSM via HOT, extrait le 06/08/2026",ODbL (© contributeurs OpenStreetMap)
HT0117,eau_osm,point d'eau potable,nombre,226,SRC-028,"OSM via HOT, extrait le 06/08/2026",ODbL (© contributeurs OpenStreetMap)
HT0117,eau_wpdx,fonctionnel,nombre,2,SRC-029,"WPdx, publié le 26/07/2026",CC BY-SA (Water Point Data Exchange)
HT0117,electricite,générateur,nombre,1,SRC-030,"OSM via Overpass, requête du 14/08/2026",ODbL (© contributeurs OpenStreetMap)
HT0117,electricite,sous-station,nombre,1,SRC-030,"OSM via Overpass, requête du 14/08/2026",ODbL (© contributeurs OpenStreetMap)
HT0117,finance,banque,nombre,1,SRC-028,"OSM via HOT, extrait le 06/08/2026",ODbL (© contributeurs OpenStreetMap)
HT0117,lieux_habites,bourg,nombre,1,SRC-028,"OSM via HOT, extrait le 06/08/2026",ODbL (© contributeurs OpenStreetMap)
HT0117,lieux_habites,hameau,nombre,17,SRC-028,"OSM via HOT, extrait le 06/08/2026",ODbL (© contributeurs OpenStreetMap)
HT0117,lieux_habites,village,nombre,4,SRC-028,"OSM via HOT, extrait le 06/08/2026",ODbL (© contributeurs OpenStreetMap)
HT0118,carburant,station-service,nombre,16,SRC-028,"OSM via HOT, extrait le 06/08/2026",ODbL (© contributeurs OpenStreetMap)
HT0118,eau_osm,point d'eau potable,nombre,32,SRC-028,"OSM via HOT, extrait le 06/08/2026",ODbL (© contributeurs OpenStreetMap)
HT0118,eau_wpdx,fonctionnel,nombre,2,SRC-029,"WPdx, publié le 26/07/2026",CC BY-SA (Water Point Data Exchange)
HT0118,electricite,générateur,nombre,2,SRC-030,"OSM via Overpass, requête du 14/08/2026",ODbL (© contributeurs OpenStreetMap)
HT0118,electricite,sous-station,nombre,1,SRC-030,"OSM via Overpass, requête du 14/08/2026",ODbL (© contributeurs OpenStreetMap)
HT0118,finance,agence de transfert,nombre,1,SRC-028,"OSM via HOT, extrait le 06/08/2026",ODbL (© contributeurs OpenStreetMap)
HT0118,finance,banque,nombre,11,SRC-028,"OSM via HOT, extrait le 06/08/2026",ODbL (© contributeurs OpenStreetMap)
HT0118,finance,bureau de change,nombre,2,SRC-028,"OSM via HOT, extrait le 06/08/2026",ODbL (© contributeurs OpenStreetMap)
HT0118,finance,bureau de poste,nombre,1,SRC-028,"OSM via HOT, extrait le 06/08/2026",ODbL (© contributeurs OpenStreetMap)
HT0118,finance,guichet automatique,nombre,5,SRC-028,"OSM via HOT, extrait le 06/08/2026",ODbL (© contributeurs OpenStreetMap)
HT0118,lieux_habites,hameau,nombre,4,SRC-028,"OSM via HOT, extrait le 06/08/2026",ODbL (© contributeurs OpenStreetMap)
HT0118,lieux_habites,village,nombre,3,SRC-028,"OSM via HOT, extrait le 06/08/2026",ODbL (© contributeurs OpenStreetMap)
HT0118,lieux_habites,ville,nombre,1,SRC-028,"OSM via HOT, extrait le 06/08/2026",ODbL (© contributeurs OpenStreetMap)
HT0121,carburant,station-service,nombre,9,SRC-028,"OSM via HOT, extrait le 06/08/2026",ODbL (© contributeurs OpenStreetMap)
HT0121,eau_osm,point d'eau potable,nombre,38,SRC-028,"OSM via HOT, extrait le 06/08/2026",ODbL (© contributeurs OpenStreetMap)
HT0121,eau_wpdx,fonctionnel,nombre,24,SRC-029,"WPdx, publié le 26/07/2026",CC BY-SA (Water Point Data Exchange)
HT0121,finance,agence de transfert,nombre,2,SRC-028,"OSM via HOT, extrait le 06/08/2026",ODbL (© contributeurs OpenStreetMap)
HT0121,finance,banque,nombre,3,SRC-028,"OSM via HOT, extrait le 06/08/2026",ODbL (© contributeurs OpenStreetMap)
HT0121,finance,bureau de change,nombre,1,SRC-028,"OSM via HOT, extrait le 06/08/2026",ODbL (© contributeurs OpenStreetMap)
HT0121,finance,bureau de poste,nombre,1,SRC-028,"OSM via HOT, extrait le 06/08/2026",ODbL (© contributeurs OpenStreetMap)
HT0121,finance,guichet automatique,nombre,1,SRC-028,"OSM via HOT, extrait le 06/08/2026",ODbL (© contributeurs OpenStreetMap)
HT0121,lieux_habites,hameau,nombre,65,SRC-028,"OSM via HOT, extrait le 06/08/2026",ODbL (© contributeurs OpenStreetMap)
HT0121,lieux_habites,village,nombre,58,SRC-028,"OSM via HOT, extrait le 06/08/2026",ODbL (© contributeurs OpenStreetMap)
HT0121,lieux_habites,ville,nombre,1,SRC-028,"OSM via HOT, extrait le 06/08/2026",ODbL (© contributeurs OpenStreetMap)
HT0122,carburant,station-service,nombre,3,SRC-028,"OSM via HOT, extrait le 06/08/2026",ODbL (© contributeurs OpenStreetMap)
HT0122,finance,banque,nombre,6,SRC-028,"OSM via HOT, extrait le 06/08/2026",ODbL (© contributeurs OpenStreetMap)
HT0122,finance,bureau de poste,nombre,1,SRC-028,"OSM via HOT, extrait le 06/08/2026",ODbL (© contributeurs OpenStreetMap)
HT0122,finance,guichet automatique,nombre,2,SRC-028,"OSM via HOT, extrait le 06/08/2026",ODbL (© contributeurs OpenStreetMap)
HT0122,lieux_habites,bourg,nombre,1,SRC-028,"OSM via HOT, extrait le 06/08/2026",ODbL (© contributeurs OpenStreetMap)
HT0122,lieux_habites,hameau,nombre,34,SRC-028,"OSM via HOT, extrait le 06/08/2026",ODbL (© contributeurs OpenStreetMap)
HT0122,lieux_habites,village,nombre,45,SRC-028,"OSM via HOT, extrait le 06/08/2026",ODbL (© contributeurs OpenStreetMap)
HT0123,carburant,station-service,nombre,2,SRC-028,"OSM via HOT, extrait le 06/08/2026",ODbL (© contributeurs OpenStreetMap)
HT0123,eau_osm,point d'eau potable,nombre,69,SRC-028,"OSM via HOT, extrait le 06/08/2026",ODbL (© contributeurs OpenStreetMap)
HT0123,lieux_habites,bourg,nombre,1,SRC-028,"OSM via HOT, extrait le 06/08/2026",ODbL (© contributeurs OpenStreetMap)
HT0123,lieux_habites,hameau,nombre,17,SRC-028,"OSM via HOT, extrait le 06/08/2026",ODbL (© contributeurs OpenStreetMap)
HT0123,lieux_habites,village,nombre,29,SRC-028,"OSM via HOT, extrait le 06/08/2026",ODbL (© contributeurs OpenStreetMap)
HT0131,carburant,station-service,nombre,24,SRC-028,"OSM via HOT, extrait le 06/08/2026",ODbL (© contributeurs OpenStreetMap)
HT0131,eau_osm,point d'eau potable,nombre,432,SRC-028,"OSM via HOT, extrait le 06/08/2026",ODbL (© contributeurs OpenStreetMap)
HT0131,eau_wpdx,fonctionnel,nombre,85,SRC-029,"WPdx, publié le 26/07/2026",CC BY-SA (Water Point Data Exchange)
HT0131,eau_wpdx,non fonctionnel,nombre,10,SRC-029,"WPdx, publié le 26/07/2026",CC BY-SA (Water Point Data Exchange)
HT0131,electricite,sous-station,nombre,3,SRC-030,"OSM via Overpass, requête du 14/08/2026",ODbL (© contributeurs OpenStreetMap)
HT0131,finance,agence de transfert,nombre,1,SRC-028,"OSM via HOT, extrait le 06/08/2026",ODbL (© contributeurs OpenStreetMap)
HT0131,finance,banque,nombre,8,SRC-028,"OSM via HOT, extrait le 06/08/2026",ODbL (© contributeurs OpenStreetMap)
HT0131,finance,bureau de change,nombre,6,SRC-028,"OSM via HOT, extrait le 06/08/2026",ODbL (© contributeurs OpenStreetMap)
HT0131,finance,bureau de poste,nombre,2,SRC-028,"OSM via HOT, extrait le 06/08/2026",ODbL (© contributeurs OpenStreetMap)
HT0131,lieux_habites,hameau,nombre,14,SRC-028,"OSM via HOT, extrait le 06/08/2026",ODbL (© contributeurs OpenStreetMap)
HT0131,lieux_habites,village,nombre,81,SRC-028,"OSM via HOT, extrait le 06/08/2026",ODbL (© contributeurs OpenStreetMap)
HT0131,lieux_habites,ville,nombre,1,SRC-028,"OSM via HOT, extrait le 06/08/2026",ODbL (© contributeurs OpenStreetMap)
HT0132,eau_osm,point d'eau potable,nombre,83,SRC-028,"OSM via HOT, extrait le 06/08/2026",ODbL (© contributeurs OpenStreetMap)
HT0132,eau_wpdx,fonctionnel,nombre,8,SRC-029,"WPdx, publié le 26/07/2026",CC BY-SA (Water Point Data Exchange)
HT0132,lieux_habites,bourg,nombre,1,SRC-028,"OSM via HOT, extrait le 06/08/2026",ODbL (© contributeurs OpenStreetMap)
HT0132,lieux_habites,habitat isolé,nombre,1,SRC-028,"OSM via HOT, extrait le 06/08/2026",ODbL (© contributeurs OpenStreetMap)
HT0132,lieux_habites,hameau,nombre,10,SRC-028,"OSM via HOT, extrait le 06/08/2026",ODbL (© contributeurs OpenStreetMap)
HT0132,lieux_habites,village,nombre,14,SRC-028,"OSM via HOT, extrait le 06/08/2026",ODbL (© contributeurs OpenStreetMap)
HT0133,carburant,station-service,nombre,2,SRC-028,"OSM via HOT, extrait le 06/08/2026",ODbL (© contributeurs OpenStreetMap)
HT0133,eau_osm,point d'eau potable,nombre,1,SRC-028,"OSM via HOT, extrait le 06/08/2026",ODbL (© contributeurs OpenStreetMap)
HT0133,eau_wpdx,fonctionnel,nombre,7,SRC-029,"WPdx, publié le 26/07/2026",CC BY-SA (Water Point Data Exchange)
HT0133,lieux_habites,bourg,nombre,2,SRC-028,"OSM via HOT, extrait le 06/08/2026",ODbL (© contributeurs OpenStreetMap)
HT0133,lieux_habites,hameau,nombre,28,SRC-028,"OSM via HOT, extrait le 06/08/2026",ODbL (© contributeurs OpenStreetMap)
HT0133,lieux_habites,village,nombre,26,SRC-028,"OSM via HOT, extrait le 06/08/2026",ODbL (© contributeurs OpenStreetMap)
HT0134,eau_osm,point d'eau potable,nombre,1,SRC-028,"OSM via HOT, extrait le 06/08/2026",ODbL (© contributeurs OpenStreetMap)
HT0134,eau_wpdx,fonctionnel,nombre,1,SRC-029,"WPdx, publié le 26/07/2026",CC BY-SA (Water Point Data Exchange)
HT0134,finance,bureau de change,nombre,1,SRC-028,"OSM via HOT, extrait le 06/08/2026",ODbL (© contributeurs OpenStreetMap)
HT0134,lieux_habites,village,nombre,3,SRC-028,"OSM via HOT, extrait le 06/08/2026",ODbL (© contributeurs OpenStreetMap)
HT0135,lieux_habites,bourg,nombre,1,SRC-028,"OSM via HOT, extrait le 06/08/2026",ODbL (© contributeurs OpenStreetMap)
HT0135,lieux_habites,village,nombre,6,SRC-028,"OSM via HOT, extrait le 06/08/2026",ODbL (© contributeurs OpenStreetMap)
HT0141,carburant,station-service,nombre,8,SRC-028,"OSM via HOT, extrait le 06/08/2026",ODbL (© contributeurs OpenStreetMap)
HT0141,eau_osm,point d'eau potable,nombre,9,SRC-028,"OSM via HOT, extrait le 06/08/2026",ODbL (© contributeurs OpenStreetMap)
HT0141,eau_wpdx,fonctionnel,nombre,4,SRC-029,"WPdx, publié le 26/07/2026",CC BY-SA (Water Point Data Exchange)
HT0141,electricite,sous-station,nombre,1,SRC-030,"OSM via Overpass, requête du 14/08/2026",ODbL (© contributeurs OpenStreetMap)
HT0141,finance,banque,nombre,1,SRC-028,"OSM via HOT, extrait le 06/08/2026",ODbL (© contributeurs OpenStreetMap)
HT0141,finance,bureau de change,nombre,2,SRC-028,"OSM via HOT, extrait le 06/08/2026",ODbL (© contributeurs OpenStreetMap)
HT0141,finance,bureau de poste,nombre,1,SRC-028,"OSM via HOT, extrait le 06/08/2026",ODbL (© contributeurs OpenStreetMap)
HT0141,finance,guichet automatique,nombre,3,SRC-028,"OSM via HOT, extrait le 06/08/2026",ODbL (© contributeurs OpenStreetMap)
HT0141,lieux_habites,bourg,nombre,1,SRC-028,"OSM via HOT, extrait le 06/08/2026",ODbL (© contributeurs OpenStreetMap)
HT0141,lieux_habites,hameau,nombre,90,SRC-028,"OSM via HOT, extrait le 06/08/2026",ODbL (© contributeurs OpenStreetMap)
HT0141,lieux_habites,village,nombre,27,SRC-028,"OSM via HOT, extrait le 06/08/2026",ODbL (© contributeurs OpenStreetMap)
HT0142,carburant,station-service,nombre,6,SRC-028,"OSM via HOT, extrait le 06/08/2026",ODbL (© contributeurs OpenStreetMap)
HT0142,eau_osm,point d'eau potable,nombre,3,SRC-028,"OSM via HOT, extrait le 06/08/2026",ODbL (© contributeurs OpenStreetMap)
HT0142,eau_wpdx,fonctionnel,nombre,110,SRC-029,"WPdx, publié le 26/07/2026",CC BY-SA (Water Point Data Exchange)
HT0142,eau_wpdx,non fonctionnel,nombre,24,SRC-029,"WPdx, publié le 26/07/2026",CC BY-SA (Water Point Data Exchange)
HT0142,electricite,centrale électrique,nombre,1,SRC-030,"OSM via Overpass, requête du 14/08/2026",ODbL (© contributeurs OpenStreetMap)
HT0142,finance,banque,nombre,1,SRC-028,"OSM via HOT, extrait le 06/08/2026",ODbL (© contributeurs OpenStreetMap)
HT0142,lieux_habites,bourg,nombre,2,SRC-028,"OSM via HOT, extrait le 06/08/2026",ODbL (© contributeurs OpenStreetMap)
HT0142,lieux_habites,hameau,nombre,1,SRC-028,"OSM via HOT, extrait le 06/08/2026",ODbL (© contributeurs OpenStreetMap)
HT0142,lieux_habites,village,nombre,16,SRC-028,"OSM via HOT, extrait le 06/08/2026",ODbL (© contributeurs OpenStreetMap)
HT0151,eau_wpdx,fonctionnel,nombre,111,SRC-029,"WPdx, publié le 26/07/2026",CC BY-SA (Water Point Data Exchange)
HT0151,eau_wpdx,non fonctionnel,nombre,43,SRC-029,"WPdx, publié le 26/07/2026",CC BY-SA (Water Point Data Exchange)
HT0151,finance,banque,nombre,3,SRC-028,"OSM via HOT, extrait le 06/08/2026",ODbL (© contributeurs OpenStreetMap)
HT0151,lieux_habites,hameau,nombre,55,SRC-028,"OSM via HOT, extrait le 06/08/2026",ODbL (© contributeurs OpenStreetMap)
HT0151,lieux_habites,village,nombre,14,SRC-028,"OSM via HOT, extrait le 06/08/2026",ODbL (© contributeurs OpenStreetMap)
HT0151,lieux_habites,ville,nombre,1,SRC-028,"OSM via HOT, extrait le 06/08/2026",ODbL (© contributeurs OpenStreetMap)
HT0152,eau_wpdx,fonctionnel,nombre,37,SRC-029,"WPdx, publié le 26/07/2026",CC BY-SA (Water Point Data Exchange)
HT0152,eau_wpdx,non fonctionnel,nombre,20,SRC-029,"WPdx, publié le 26/07/2026",CC BY-SA (Water Point Data Exchange)
HT0152,lieux_habites,bourg,nombre,1,SRC-028,"OSM via HOT, extrait le 06/08/2026",ODbL (© contributeurs OpenStreetMap)
HT0152,lieux_habites,hameau,nombre,23,SRC-028,"OSM via HOT, extrait le 06/08/2026",ODbL (© contributeurs OpenStreetMap)
HT0152,lieux_habites,village,nombre,12,SRC-028,"OSM via HOT, extrait le 06/08/2026",ODbL (© contributeurs OpenStreetMap)
HT0211,carburant,station-service,nombre,9,SRC-028,"OSM via HOT, extrait le 06/08/2026",ODbL (© contributeurs OpenStreetMap)
HT0211,eau_osm,point d'eau potable,nombre,47,SRC-028,"OSM via HOT, extrait le 06/08/2026",ODbL (© contributeurs OpenStreetMap)
HT0211,finance,agence de transfert,nombre,1,SRC-028,"OSM via HOT, extrait le 06/08/2026",ODbL (© contributeurs OpenStreetMap)
HT0211,finance,banque,nombre,10,SRC-028,"OSM via HOT, extrait le 06/08/2026",ODbL (© contributeurs OpenStreetMap)
HT0211,finance,bureau de change,nombre,3,SRC-028,"OSM via HOT, extrait le 06/08/2026",ODbL (© contributeurs OpenStreetMap)
HT0211,finance,bureau de poste,nombre,3,SRC-028,"OSM via HOT, extrait le 06/08/2026",ODbL (© contributeurs OpenStreetMap)
HT0211,finance,guichet automatique,nombre,1,SRC-028,"OSM via HOT, extrait le 06/08/2026",ODbL (© contributeurs OpenStreetMap)
HT0211,lieux_habites,hameau,nombre,98,SRC-028,"OSM via HOT, extrait le 06/08/2026",ODbL (© contributeurs OpenStreetMap)
HT0211,lieux_habites,village,nombre,25,SRC-028,"OSM via HOT, extrait le 06/08/2026",ODbL (© contributeurs OpenStreetMap)
HT0211,lieux_habites,ville,nombre,1,SRC-028,"OSM via HOT, extrait le 06/08/2026",ODbL (© contributeurs OpenStreetMap)
HT0212,carburant,station-service,nombre,2,SRC-028,"OSM via HOT, extrait le 06/08/2026",ODbL (© contributeurs OpenStreetMap)
HT0212,eau_osm,point d'eau potable,nombre,12,SRC-028,"OSM via HOT, extrait le 06/08/2026",ODbL (© contributeurs OpenStreetMap)
HT0212,finance,banque,nombre,1,SRC-028,"OSM via HOT, extrait le 06/08/2026",ODbL (© contributeurs OpenStreetMap)
HT0212,finance,bureau de change,nombre,1,SRC-028,"OSM via HOT, extrait le 06/08/2026",ODbL (© contributeurs OpenStreetMap)
HT0212,lieux_habites,bourg,nombre,1,SRC-028,"OSM via HOT, extrait le 06/08/2026",ODbL (© contributeurs OpenStreetMap)
HT0212,lieux_habites,hameau,nombre,16,SRC-028,"OSM via HOT, extrait le 06/08/2026",ODbL (© contributeurs OpenStreetMap)
HT0212,lieux_habites,village,nombre,31,SRC-028,"OSM via HOT, extrait le 06/08/2026",ODbL (© contributeurs OpenStreetMap)
HT0213,carburant,station-service,nombre,3,SRC-028,"OSM via HOT, extrait le 06/08/2026",ODbL (© contributeurs OpenStreetMap)
HT0213,eau_osm,point d'eau potable,nombre,11,SRC-028,"OSM via HOT, extrait le 06/08/2026",ODbL (© contributeurs OpenStreetMap)
HT0213,finance,bureau de change,nombre,1,SRC-028,"OSM via HOT, extrait le 06/08/2026",ODbL (© contributeurs OpenStreetMap)
HT0213,lieux_habites,bourg,nombre,1,SRC-028,"OSM via HOT, extrait le 06/08/2026",ODbL (© contributeurs OpenStreetMap)
HT0213,lieux_habites,hameau,nombre,20,SRC-028,"OSM via HOT, extrait le 06/08/2026",ODbL (© contributeurs OpenStreetMap)
HT0213,lieux_habites,village,nombre,8,SRC-028,"OSM via HOT, extrait le 06/08/2026",ODbL (© contributeurs OpenStreetMap)
HT0214,eau_osm,point d'eau potable,nombre,6,SRC-028,"OSM via HOT, extrait le 06/08/2026",ODbL (© contributeurs OpenStreetMap)
HT0214,finance,banque,nombre,2,SRC-028,"OSM via HOT, extrait le 06/08/2026",ODbL (© contributeurs OpenStreetMap)
HT0214,lieux_habites,hameau,nombre,15,SRC-028,"OSM via HOT, extrait le 06/08/2026",ODbL (© contributeurs OpenStreetMap)
HT0214,lieux_habites,village,nombre,15,SRC-028,"OSM via HOT, extrait le 06/08/2026",ODbL (© contributeurs OpenStreetMap)
HT0221,eau_osm,point d'eau potable,nombre,5,SRC-028,"OSM via HOT, extrait le 06/08/2026",ODbL (© contributeurs OpenStreetMap)
HT0221,finance,banque,nombre,2,SRC-028,"OSM via HOT, extrait le 06/08/2026",ODbL (© contributeurs OpenStreetMap)
HT0221,lieux_habites,bourg,nombre,1,SRC-028,"OSM via HOT, extrait le 06/08/2026",ODbL (© contributeurs OpenStreetMap)
HT0221,lieux_habites,hameau,nombre,39,SRC-028,"OSM via HOT, extrait le 06/08/2026",ODbL (© contributeurs OpenStreetMap)
HT0221,lieux_habites,village,nombre,21,SRC-028,"OSM via HOT, extrait le 06/08/2026",ODbL (© contributeurs OpenStreetMap)
HT0222,lieux_habites,hameau,nombre,21,SRC-028,"OSM via HOT, extrait le 06/08/2026",ODbL (© contributeurs OpenStreetMap)
HT0222,lieux_habites,village,nombre,9,SRC-028,"OSM via HOT, extrait le 06/08/2026",ODbL (© contributeurs OpenStreetMap)
HT0231,eau_osm,point d'eau potable,nombre,1,SRC-028,"OSM via HOT, extrait le 06/08/2026",ODbL (© contributeurs OpenStreetMap)
HT0231,eau_wpdx,fonctionnel,nombre,1,SRC-029,"WPdx, publié le 26/07/2026",CC BY-SA (Water Point Data Exchange)
HT0231,lieux_habites,bourg,nombre,3,SRC-028,"OSM via HOT, extrait le 06/08/2026",ODbL (© contributeurs OpenStreetMap)
HT0231,lieux_habites,hameau,nombre,27,SRC-028,"OSM via HOT, extrait le 06/08/2026",ODbL (© contributeurs OpenStreetMap)
HT0231,lieux_habites,village,nombre,29,SRC-028,"OSM via HOT, extrait le 06/08/2026",ODbL (© contributeurs OpenStreetMap)
HT0232,lieux_habites,bourg,nombre,2,SRC-028,"OSM via HOT, extrait le 06/08/2026",ODbL (© contributeurs OpenStreetMap)
HT0232,lieux_habites,hameau,nombre,6,SRC-028,"OSM via HOT, extrait le 06/08/2026",ODbL (© contributeurs OpenStreetMap)
HT0232,lieux_habites,village,nombre,11,SRC-028,"OSM via HOT, extrait le 06/08/2026",ODbL (© contributeurs OpenStreetMap)
HT0233,carburant,station-service,nombre,1,SRC-028,"OSM via HOT, extrait le 06/08/2026",ODbL (© contributeurs OpenStreetMap)
HT0233,lieux_habites,bourg,nombre,2,SRC-028,"OSM via HOT, extrait le 06/08/2026",ODbL (© contributeurs OpenStreetMap)
HT0233,lieux_habites,hameau,nombre,16,SRC-028,"OSM via HOT, extrait le 06/08/2026",ODbL (© contributeurs OpenStreetMap)
HT0233,lieux_habites,village,nombre,15,SRC-028,"OSM via HOT, extrait le 06/08/2026",ODbL (© contributeurs OpenStreetMap)
HT0234,eau_osm,point d'eau potable,nombre,1,SRC-028,"OSM via HOT, extrait le 06/08/2026",ODbL (© contributeurs OpenStreetMap)
HT0234,lieux_habites,bourg,nombre,4,SRC-028,"OSM via HOT, extrait le 06/08/2026",ODbL (© contributeurs OpenStreetMap)
HT0234,lieux_habites,hameau,nombre,1,SRC-028,"OSM via HOT, extrait le 06/08/2026",ODbL (© contributeurs OpenStreetMap)
HT0234,lieux_habites,village,nombre,19,SRC-028,"OSM via HOT, extrait le 06/08/2026",ODbL (© contributeurs OpenStreetMap)
HT0311,carburant,station-service,nombre,14,SRC-028,"OSM via HOT, extrait le 06/08/2026",ODbL (© contributeurs OpenStreetMap)
HT0311,eau_osm,point d'eau potable,nombre,67,SRC-028,"OSM via HOT, extrait le 06/08/2026",ODbL (© contributeurs OpenStreetMap)
HT0311,eau_wpdx,fonctionnel,nombre,151,SRC-029,"WPdx, publié le 26/07/2026",CC BY-SA (Water Point Data Exchange)
HT0311,eau_wpdx,non fonctionnel,nombre,55,SRC-029,"WPdx, publié le 26/07/2026",CC BY-SA (Water Point Data Exchange)
HT0311,electricite,générateur,nombre,1,SRC-030,"OSM via Overpass, requête du 14/08/2026",ODbL (© contributeurs OpenStreetMap)
HT0311,electricite,sous-station,nombre,1,SRC-030,"OSM via Overpass, requête du 14/08/2026",ODbL (© contributeurs OpenStreetMap)
HT0311,finance,agence de transfert,nombre,10,SRC-028,"OSM via HOT, extrait le 06/08/2026",ODbL (© contributeurs OpenStreetMap)
HT0311,finance,banque,nombre,25,SRC-028,"OSM via HOT, extrait le 06/08/2026",ODbL (© contributeurs OpenStreetMap)
HT0311,finance,bureau de change,nombre,1,SRC-028,"OSM via HOT, extrait le 06/08/2026",ODbL (© contributeurs OpenStreetMap)
HT0311,finance,bureau de poste,nombre,2,SRC-028,"OSM via HOT, extrait le 06/08/2026",ODbL (© contributeurs OpenStreetMap)
HT0311,lieux_habites,village,nombre,5,SRC-028,"OSM via HOT, extrait le 06/08/2026",ODbL (© contributeurs OpenStreetMap)
HT0311,lieux_habites,ville,nombre,1,SRC-028,"OSM via HOT, extrait le 06/08/2026",ODbL (© contributeurs OpenStreetMap)
HT0312,carburant,station-service,nombre,6,SRC-028,"OSM via HOT, extrait le 06/08/2026",ODbL (© contributeurs OpenStreetMap)
HT0312,eau_osm,point d'eau potable,nombre,17,SRC-028,"OSM via HOT, extrait le 06/08/2026",ODbL (© contributeurs OpenStreetMap)
HT0312,eau_wpdx,fonctionnel,nombre,87,SRC-029,"WPdx, publié le 26/07/2026",CC BY-SA (Water Point Data Exchange)
HT0312,eau_wpdx,non fonctionnel,nombre,31,SRC-029,"WPdx, publié le 26/07/2026",CC BY-SA (Water Point Data Exchange)
HT0312,finance,agence de transfert,nombre,1,SRC-028,"OSM via HOT, extrait le 06/08/2026",ODbL (© contributeurs OpenStreetMap)
HT0312,finance,banque,nombre,5,SRC-028,"OSM via HOT, extrait le 06/08/2026",ODbL (© contributeurs OpenStreetMap)
HT0312,lieux_habites,bourg,nombre,1,SRC-028,"OSM via HOT, extrait le 06/08/2026",ODbL (© contributeurs OpenStreetMap)
HT0312,lieux_habites,hameau,nombre,18,SRC-028,"OSM via HOT, extrait le 06/08/2026",ODbL (© contributeurs OpenStreetMap)
HT0312,lieux_habites,village,nombre,11,SRC-028,"OSM via HOT, extrait le 06/08/2026",ODbL (© contributeurs OpenStreetMap)
HT0313,eau_osm,point d'eau potable,nombre,33,SRC-028,"OSM via HOT, extrait le 06/08/2026",ODbL (© contributeurs OpenStreetMap)
HT0313,eau_wpdx,fonctionnel,nombre,129,SRC-029,"WPdx, publié le 26/07/2026",CC BY-SA (Water Point Data Exchange)
HT0313,eau_wpdx,non fonctionnel,nombre,36,SRC-029,"WPdx, publié le 26/07/2026",CC BY-SA (Water Point Data Exchange)
HT0313,electricite,générateur,nombre,4,SRC-030,"OSM via Overpass, requête du 14/08/2026",ODbL (© contributeurs OpenStreetMap)
HT0313,electricite,sous-station,nombre,2,SRC-030,"OSM via Overpass, requête du 14/08/2026",ODbL (© contributeurs OpenStreetMap)
HT0313,finance,agence de transfert,nombre,6,SRC-028,"OSM via HOT, extrait le 06/08/2026",ODbL (© contributeurs OpenStreetMap)
HT0313,finance,banque,nombre,8,SRC-028,"OSM via HOT, extrait le 06/08/2026",ODbL (© contributeurs OpenStreetMap)
HT0313,finance,bureau de change,nombre,1,SRC-028,"OSM via HOT, extrait le 06/08/2026",ODbL (© contributeurs OpenStreetMap)
HT0313,lieux_habites,bourg,nombre,1,SRC-028,"OSM via HOT, extrait le 06/08/2026",ODbL (© contributeurs OpenStreetMap)
HT0313,lieux_habites,habitat isolé,nombre,6,SRC-028,"OSM via HOT, extrait le 06/08/2026",ODbL (© contributeurs OpenStreetMap)
HT0313,lieux_habites,hameau,nombre,43,SRC-028,"OSM via HOT, extrait le 06/08/2026",ODbL (© contributeurs OpenStreetMap)
HT0313,lieux_habites,village,nombre,8,SRC-028,"OSM via HOT, extrait le 06/08/2026",ODbL (© contributeurs OpenStreetMap)
HT0321,eau_osm,point d'eau potable,nombre,7,SRC-028,"OSM via HOT, extrait le 06/08/2026",ODbL (© contributeurs OpenStreetMap)
HT0321,eau_wpdx,fonctionnel,nombre,193,SRC-029,"WPdx, publié le 26/07/2026",CC BY-SA (Water Point Data Exchange)
HT0321,eau_wpdx,non fonctionnel,nombre,54,SRC-029,"WPdx, publié le 26/07/2026",CC BY-SA (Water Point Data Exchange)
HT0321,electricite,sous-station,nombre,1,SRC-030,"OSM via Overpass, requête du 14/08/2026",ODbL (© contributeurs OpenStreetMap)
HT0321,lieux_habites,bourg,nombre,1,SRC-028,"OSM via HOT, extrait le 06/08/2026",ODbL (© contributeurs OpenStreetMap)
HT0321,lieux_habites,village,nombre,5,SRC-028,"OSM via HOT, extrait le 06/08/2026",ODbL (© contributeurs OpenStreetMap)
HT0322,carburant,station-service,nombre,1,SRC-028,"OSM via HOT, extrait le 06/08/2026",ODbL (© contributeurs OpenStreetMap)
HT0322,eau_osm,point d'eau potable,nombre,25,SRC-028,"OSM via HOT, extrait le 06/08/2026",ODbL (© contributeurs OpenStreetMap)
HT0322,eau_wpdx,fonctionnel,nombre,235,SRC-029,"WPdx, publié le 26/07/2026",CC BY-SA (Water Point Data Exchange)
HT0322,eau_wpdx,non fonctionnel,nombre,45,SRC-029,"WPdx, publié le 26/07/2026",CC BY-SA (Water Point Data Exchange)
HT0322,finance,banque,nombre,1,SRC-028,"OSM via HOT, extrait le 06/08/2026",ODbL (© contributeurs OpenStreetMap)
HT0322,lieux_habites,hameau,nombre,5,SRC-028,"OSM via HOT, extrait le 06/08/2026",ODbL (© contributeurs OpenStreetMap)
HT0322,lieux_habites,village,nombre,10,SRC-028,"OSM via HOT, extrait le 06/08/2026",ODbL (© contributeurs OpenStreetMap)
HT0323,eau_osm,point d'eau potable,nombre,2,SRC-028,"OSM via HOT, extrait le 06/08/2026",ODbL (© contributeurs OpenStreetMap)
HT0323,eau_wpdx,fonctionnel,nombre,109,SRC-029,"WPdx, publié le 26/07/2026",CC BY-SA (Water Point Data Exchange)
HT0323,eau_wpdx,non fonctionnel,nombre,27,SRC-029,"WPdx, publié le 26/07/2026",CC BY-SA (Water Point Data Exchange)
HT0323,lieux_habites,bourg,nombre,1,SRC-028,"OSM via HOT, extrait le 06/08/2026",ODbL (© contributeurs OpenStreetMap)
HT0323,lieux_habites,hameau,nombre,1,SRC-028,"OSM via HOT, extrait le 06/08/2026",ODbL (© contributeurs OpenStreetMap)
HT0323,lieux_habites,village,nombre,4,SRC-028,"OSM via HOT, extrait le 06/08/2026",ODbL (© contributeurs OpenStreetMap)
HT0331,eau_wpdx,fonctionnel,nombre,50,SRC-029,"WPdx, publié le 26/07/2026",CC BY-SA (Water Point Data Exchange)
HT0331,eau_wpdx,non fonctionnel,nombre,51,SRC-029,"WPdx, publié le 26/07/2026",CC BY-SA (Water Point Data Exchange)
HT0331,electricite,centrale électrique,nombre,1,SRC-030,"OSM via Overpass, requête du 14/08/2026",ODbL (© contributeurs OpenStreetMap)
HT0331,electricite,générateur,nombre,1,SRC-030,"OSM via Overpass, requête du 14/08/2026",ODbL (© contributeurs OpenStreetMap)
HT0331,lieux_habites,bourg,nombre,1,SRC-028,"OSM via HOT, extrait le 06/08/2026",ODbL (© contributeurs OpenStreetMap)
HT0332,eau_osm,point d'eau potable,nombre,1,SRC-028,"OSM via HOT, extrait le 06/08/2026",ODbL (© contributeurs OpenStreetMap)
HT0332,eau_wpdx,fonctionnel,nombre,23,SRC-029,"WPdx, publié le 26/07/2026",CC BY-SA (Water Point Data Exchange)
HT0332,eau_wpdx,non fonctionnel,nombre,28,SRC-029,"WPdx, publié le 26/07/2026",CC BY-SA (Water Point Data Exchange)
HT0332,finance,agence de transfert,nombre,1,SRC-028,"OSM via HOT, extrait le 06/08/2026",ODbL (© contributeurs OpenStreetMap)
HT0332,lieux_habites,bourg,nombre,1,SRC-028,"OSM via HOT, extrait le 06/08/2026",ODbL (© contributeurs OpenStreetMap)
HT0341,eau_osm,point d'eau potable,nombre,10,SRC-028,"OSM via HOT, extrait le 06/08/2026",ODbL (© contributeurs OpenStreetMap)
HT0341,eau_wpdx,fonctionnel,nombre,31,SRC-029,"WPdx, publié le 26/07/2026",CC BY-SA (Water Point Data Exchange)
HT0341,eau_wpdx,non fonctionnel,nombre,17,SRC-029,"WPdx, publié le 26/07/2026",CC BY-SA (Water Point Data Exchange)
HT0341,electricite,générateur,nombre,1,SRC-030,"OSM via Overpass, requête du 14/08/2026",ODbL (© contributeurs OpenStreetMap)
HT0341,finance,agence de transfert,nombre,1,SRC-028,"OSM via HOT, extrait le 06/08/2026",ODbL (© contributeurs OpenStreetMap)
HT0341,lieux_habites,bourg,nombre,1,SRC-028,"OSM via HOT, extrait le 06/08/2026",ODbL (© contributeurs OpenStreetMap)
HT0341,lieux_habites,hameau,nombre,6,SRC-028,"OSM via HOT, extrait le 06/08/2026",ODbL (© contributeurs OpenStreetMap)
HT0341,lieux_habites,village,nombre,2,SRC-028,"OSM via HOT, extrait le 06/08/2026",ODbL (© contributeurs OpenStreetMap)
HT0342,eau_wpdx,fonctionnel,nombre,76,SRC-029,"WPdx, publié le 26/07/2026",CC BY-SA (Water Point Data Exchange)
HT0342,eau_wpdx,non fonctionnel,nombre,17,SRC-029,"WPdx, publié le 26/07/2026",CC BY-SA (Water Point Data Exchange)
HT0342,lieux_habites,bourg,nombre,1,SRC-028,"OSM via HOT, extrait le 06/08/2026",ODbL (© contributeurs OpenStreetMap)
HT0342,lieux_habites,village,nombre,1,SRC-028,"OSM via HOT, extrait le 06/08/2026",ODbL (© contributeurs OpenStreetMap)
HT0343,eau_osm,point d'eau potable,nombre,3,SRC-028,"OSM via HOT, extrait le 06/08/2026",ODbL (© contributeurs OpenStreetMap)
HT0343,eau_wpdx,fonctionnel,nombre,40,SRC-029,"WPdx, publié le 26/07/2026",CC BY-SA (Water Point Data Exchange)
HT0343,eau_wpdx,non fonctionnel,nombre,24,SRC-029,"WPdx, publié le 26/07/2026",CC BY-SA (Water Point Data Exchange)
HT0343,finance,agence de transfert,nombre,2,SRC-028,"OSM via HOT, extrait le 06/08/2026",ODbL (© contributeurs OpenStreetMap)
HT0343,lieux_habites,bourg,nombre,1,SRC-028,"OSM via HOT, extrait le 06/08/2026",ODbL (© contributeurs OpenStreetMap)
HT0343,lieux_habites,habitat isolé,nombre,9,SRC-028,"OSM via HOT, extrait le 06/08/2026",ODbL (© contributeurs OpenStreetMap)
HT0344,carburant,station-service,nombre,1,SRC-028,"OSM via HOT, extrait le 06/08/2026",ODbL (© contributeurs OpenStreetMap)
HT0344,eau_osm,point d'eau potable,nombre,1,SRC-028,"OSM via HOT, extrait le 06/08/2026",ODbL (© contributeurs OpenStreetMap)
HT0344,eau_wpdx,fonctionnel,nombre,123,SRC-029,"WPdx, publié le 26/07/2026",CC BY-SA (Water Point Data Exchange)
HT0344,eau_wpdx,non fonctionnel,nombre,81,SRC-029,"WPdx, publié le 26/07/2026",CC BY-SA (Water Point Data Exchange)
HT0344,eau_wpdx,statut inconnu,nombre,1,SRC-029,"WPdx, publié le 26/07/2026",CC BY-SA (Water Point Data Exchange)
HT0344,finance,agence de transfert,nombre,1,SRC-028,"OSM via HOT, extrait le 06/08/2026",ODbL (© contributeurs OpenStreetMap)
HT0344,lieux_habites,bourg,nombre,1,SRC-028,"OSM via HOT, extrait le 06/08/2026",ODbL (© contributeurs OpenStreetMap)
HT0344,lieux_habites,village,nombre,1,SRC-028,"OSM via HOT, extrait le 06/08/2026",ODbL (© contributeurs OpenStreetMap)
HT0345,eau_osm,point d'eau potable,nombre,9,SRC-028,"OSM via HOT, extrait le 06/08/2026",ODbL (© contributeurs OpenStreetMap)
HT0345,eau_wpdx,fonctionnel,nombre,14,SRC-029,"WPdx, publié le 26/07/2026",CC BY-SA (Water Point Data Exchange)
HT0345,eau_wpdx,non fonctionnel,nombre,14,SRC-029,"WPdx, publié le 26/07/2026",CC BY-SA (Water Point Data Exchange)
HT0345,lieux_habites,habitat isolé,nombre,2,SRC-028,"OSM via HOT, extrait le 06/08/2026",ODbL (© contributeurs OpenStreetMap)
HT0345,lieux_habites,village,nombre,1,SRC-028,"OSM via HOT, extrait le 06/08/2026",ODbL (© contributeurs OpenStreetMap)
HT0351,eau_osm,point d'eau potable,nombre,13,SRC-028,"OSM via HOT, extrait le 06/08/2026",ODbL (© contributeurs OpenStreetMap)
HT0351,eau_wpdx,fonctionnel,nombre,40,SRC-029,"WPdx, publié le 26/07/2026",CC BY-SA (Water Point Data Exchange)
HT0351,eau_wpdx,non fonctionnel,nombre,17,SRC-029,"WPdx, publié le 26/07/2026",CC BY-SA (Water Point Data Exchange)
HT0351,lieux_habites,bourg,nombre,1,SRC-028,"OSM via HOT, extrait le 06/08/2026",ODbL (© contributeurs OpenStreetMap)
HT0351,lieux_habites,village,nombre,6,SRC-028,"OSM via HOT, extrait le 06/08/2026",ODbL (© contributeurs OpenStreetMap)
HT0352,eau_osm,point d'eau potable,nombre,1,SRC-028,"OSM via HOT, extrait le 06/08/2026",ODbL (© contributeurs OpenStreetMap)
HT0352,eau_wpdx,fonctionnel,nombre,39,SRC-029,"WPdx, publié le 26/07/2026",CC BY-SA (Water Point Data Exchange)
HT0352,eau_wpdx,non fonctionnel,nombre,13,SRC-029,"WPdx, publié le 26/07/2026",CC BY-SA (Water Point Data Exchange)
HT0352,lieux_habites,habitat isolé,nombre,1,SRC-028,"OSM via HOT, extrait le 06/08/2026",ODbL (© contributeurs OpenStreetMap)
HT0352,lieux_habites,village,nombre,1,SRC-028,"OSM via HOT, extrait le 06/08/2026",ODbL (© contributeurs OpenStreetMap)
HT0361,carburant,station-service,nombre,2,SRC-028,"OSM via HOT, extrait le 06/08/2026",ODbL (© contributeurs OpenStreetMap)
HT0361,eau_osm,point d'eau potable,nombre,1,SRC-028,"OSM via HOT, extrait le 06/08/2026",ODbL (© contributeurs OpenStreetMap)
HT0361,eau_wpdx,fonctionnel,nombre,72,SRC-029,"WPdx, publié le 26/07/2026",CC BY-SA (Water Point Data Exchange)
HT0361,eau_wpdx,non fonctionnel,nombre,41,SRC-029,"WPdx, publié le 26/07/2026",CC BY-SA (Water Point Data Exchange)
HT0361,finance,banque,nombre,1,SRC-028,"OSM via HOT, extrait le 06/08/2026",ODbL (© contributeurs OpenStreetMap)
HT0361,lieux_habites,bourg,nombre,1,SRC-028,"OSM via HOT, extrait le 06/08/2026",ODbL (© contributeurs OpenStreetMap)
HT0361,lieux_habites,village,nombre,1,SRC-028,"OSM via HOT, extrait le 06/08/2026",ODbL (© contributeurs OpenStreetMap)
HT0362,eau_wpdx,fonctionnel,nombre,20,SRC-029,"WPdx, publié le 26/07/2026",CC BY-SA (Water Point Data Exchange)
HT0362,eau_wpdx,non fonctionnel,nombre,37,SRC-029,"WPdx, publié le 26/07/2026",CC BY-SA (Water Point Data Exchange)
HT0362,lieux_habites,bourg,nombre,1,SRC-028,"OSM via HOT, extrait le 06/08/2026",ODbL (© contributeurs OpenStreetMap)
HT0371,eau_wpdx,fonctionnel,nombre,109,SRC-029,"WPdx, publié le 26/07/2026",CC BY-SA (Water Point Data Exchange)
HT0371,eau_wpdx,non fonctionnel,nombre,164,SRC-029,"WPdx, publié le 26/07/2026",CC BY-SA (Water Point Data Exchange)
HT0371,lieux_habites,bourg,nombre,1,SRC-028,"OSM via HOT, extrait le 06/08/2026",ODbL (© contributeurs OpenStreetMap)
HT0371,lieux_habites,hameau,nombre,10,SRC-028,"OSM via HOT, extrait le 06/08/2026",ODbL (© contributeurs OpenStreetMap)
HT0372,eau_wpdx,fonctionnel,nombre,47,SRC-029,"WPdx, publié le 26/07/2026",CC BY-SA (Water Point Data Exchange)
HT0372,eau_wpdx,non fonctionnel,nombre,88,SRC-029,"WPdx, publié le 26/07/2026",CC BY-SA (Water Point Data Exchange)
HT0372,lieux_habites,village,nombre,1,SRC-028,"OSM via HOT, extrait le 06/08/2026",ODbL (© contributeurs OpenStreetMap)
HT0411,carburant,station-service,nombre,1,SRC-028,"OSM via HOT, extrait le 06/08/2026",ODbL (© contributeurs OpenStreetMap)
HT0411,eau_osm,point d'eau potable,nombre,15,SRC-028,"OSM via HOT, extrait le 06/08/2026",ODbL (© contributeurs OpenStreetMap)
HT0411,eau_wpdx,fonctionnel,nombre,48,SRC-029,"WPdx, publié le 26/07/2026",CC BY-SA (Water Point Data Exchange)
HT0411,eau_wpdx,non fonctionnel,nombre,46,SRC-029,"WPdx, publié le 26/07/2026",CC BY-SA (Water Point Data Exchange)
HT0411,electricite,générateur,nombre,1,SRC-030,"OSM via Overpass, requête du 14/08/2026",ODbL (© contributeurs OpenStreetMap)
HT0411,electricite,sous-station,nombre,3,SRC-030,"OSM via Overpass, requête du 14/08/2026",ODbL (© contributeurs OpenStreetMap)
HT0411,finance,banque,nombre,3,SRC-028,"OSM via HOT, extrait le 06/08/2026",ODbL (© contributeurs OpenStreetMap)
HT0411,finance,bureau de poste,nombre,1,SRC-028,"OSM via HOT, extrait le 06/08/2026",ODbL (© contributeurs OpenStreetMap)
HT0411,lieux_habites,bourg,nombre,1,SRC-028,"OSM via HOT, extrait le 06/08/2026",ODbL (© contributeurs OpenStreetMap)
HT0411,lieux_habites,habitat isolé,nombre,5,SRC-028,"OSM via HOT, extrait le 06/08/2026",ODbL (© contributeurs OpenStreetMap)
HT0411,lieux_habites,hameau,nombre,28,SRC-028,"OSM via HOT, extrait le 06/08/2026",ODbL (© contributeurs OpenStreetMap)
HT0411,lieux_habites,village,nombre,5,SRC-028,"OSM via HOT, extrait le 06/08/2026",ODbL (© contributeurs OpenStreetMap)
HT0411,lieux_habites,ville,nombre,1,SRC-028,"OSM via HOT, extrait le 06/08/2026",ODbL (© contributeurs OpenStreetMap)
HT0412,eau_osm,point d'eau potable,nombre,1,SRC-028,"OSM via HOT, extrait le 06/08/2026",ODbL (© contributeurs OpenStreetMap)
HT0412,eau_wpdx,fonctionnel,nombre,50,SRC-029,"WPdx, publié le 26/07/2026",CC BY-SA (Water Point Data Exchange)
HT0412,eau_wpdx,non fonctionnel,nombre,18,SRC-029,"WPdx, publié le 26/07/2026",CC BY-SA (Water Point Data Exchange)
HT0412,lieux_habites,habitat isolé,nombre,1,SRC-028,"OSM via HOT, extrait le 06/08/2026",ODbL (© contributeurs OpenStreetMap)
HT0412,lieux_habites,hameau,nombre,12,SRC-028,"OSM via HOT, extrait le 06/08/2026",ODbL (© contributeurs OpenStreetMap)
HT0412,lieux_habites,village,nombre,3,SRC-028,"OSM via HOT, extrait le 06/08/2026",ODbL (© contributeurs OpenStreetMap)
HT0413,eau_wpdx,fonctionnel,nombre,21,SRC-029,"WPdx, publié le 26/07/2026",CC BY-SA (Water Point Data Exchange)
HT0413,eau_wpdx,non fonctionnel,nombre,14,SRC-029,"WPdx, publié le 26/07/2026",CC BY-SA (Water Point Data Exchange)
HT0413,lieux_habites,bourg,nombre,1,SRC-028,"OSM via HOT, extrait le 06/08/2026",ODbL (© contributeurs OpenStreetMap)
HT0421,carburant,station-service,nombre,2,SRC-028,"OSM via HOT, extrait le 06/08/2026",ODbL (© contributeurs OpenStreetMap)
HT0421,eau_osm,point d'eau potable,nombre,34,SRC-028,"OSM via HOT, extrait le 06/08/2026",ODbL (© contributeurs OpenStreetMap)
HT0421,eau_wpdx,fonctionnel,nombre,129,SRC-029,"WPdx, publié le 26/07/2026",CC BY-SA (Water Point Data Exchange)
HT0421,eau_wpdx,non fonctionnel,nombre,71,SRC-029,"WPdx, publié le 26/07/2026",CC BY-SA (Water Point Data Exchange)
HT0421,electricite,générateur,nombre,1,SRC-030,"OSM via Overpass, requête du 14/08/2026",ODbL (© contributeurs OpenStreetMap)
HT0421,electricite,sous-station,nombre,1,SRC-030,"OSM via Overpass, requête du 14/08/2026",ODbL (© contributeurs OpenStreetMap)
HT0421,finance,agence de transfert,nombre,5,SRC-028,"OSM via HOT, extrait le 06/08/2026",ODbL (© contributeurs OpenStreetMap)
HT0421,finance,banque,nombre,4,SRC-028,"OSM via HOT, extrait le 06/08/2026",ODbL (© contributeurs OpenStreetMap)
HT0421,finance,guichet automatique,nombre,2,SRC-028,"OSM via HOT, extrait le 06/08/2026",ODbL (© contributeurs OpenStreetMap)
HT0421,lieux_habites,habitat isolé,nombre,1,SRC-028,"OSM via HOT, extrait le 06/08/2026",ODbL (© contributeurs OpenStreetMap)
HT0421,lieux_habites,hameau,nombre,25,SRC-028,"OSM via HOT, extrait le 06/08/2026",ODbL (© contributeurs OpenStreetMap)
HT0421,lieux_habites,village,nombre,2,SRC-028,"OSM via HOT, extrait le 06/08/2026",ODbL (© contributeurs OpenStreetMap)
HT0421,lieux_habites,ville,nombre,1,SRC-028,"OSM via HOT, extrait le 06/08/2026",ODbL (© contributeurs OpenStreetMap)
HT0422,eau_wpdx,fonctionnel,nombre,47,SRC-029,"WPdx, publié le 26/07/2026",CC BY-SA (Water Point Data Exchange)
HT0422,eau_wpdx,non fonctionnel,nombre,32,SRC-029,"WPdx, publié le 26/07/2026",CC BY-SA (Water Point Data Exchange)
HT0422,lieux_habites,bourg,nombre,1,SRC-028,"OSM via HOT, extrait le 06/08/2026",ODbL (© contributeurs OpenStreetMap)
HT0423,eau_wpdx,fonctionnel,nombre,68,SRC-029,"WPdx, publié le 26/07/2026",CC BY-SA (Water Point Data Exchange)
HT0423,eau_wpdx,non fonctionnel,nombre,40,SRC-029,"WPdx, publié le 26/07/2026",CC BY-SA (Water Point Data Exchange)
HT0423,lieux_habites,bourg,nombre,1,SRC-028,"OSM via HOT, extrait le 06/08/2026",ODbL (© contributeurs OpenStreetMap)
HT0431,eau_osm,point d'eau potable,nombre,19,SRC-028,"OSM via HOT, extrait le 06/08/2026",ODbL (© contributeurs OpenStreetMap)
HT0431,eau_wpdx,fonctionnel,nombre,63,SRC-029,"WPdx, publié le 26/07/2026",CC BY-SA (Water Point Data Exchange)
HT0431,eau_wpdx,non fonctionnel,nombre,36,SRC-029,"WPdx, publié le 26/07/2026",CC BY-SA (Water Point Data Exchange)
HT0431,electricite,générateur,nombre,1,SRC-030,"OSM via Overpass, requête du 14/08/2026",ODbL (© contributeurs OpenStreetMap)
HT0431,finance,agence de transfert,nombre,7,SRC-028,"OSM via HOT, extrait le 06/08/2026",ODbL (© contributeurs OpenStreetMap)
HT0431,finance,bureau de poste,nombre,1,SRC-028,"OSM via HOT, extrait le 06/08/2026",ODbL (© contributeurs OpenStreetMap)
HT0431,lieux_habites,bourg,nombre,1,SRC-028,"OSM via HOT, extrait le 06/08/2026",ODbL (© contributeurs OpenStreetMap)
HT0431,lieux_habites,hameau,nombre,4,SRC-028,"OSM via HOT, extrait le 06/08/2026",ODbL (© contributeurs OpenStreetMap)
HT0431,lieux_habites,village,nombre,5,SRC-028,"OSM via HOT, extrait le 06/08/2026",ODbL (© contributeurs OpenStreetMap)
HT0432,eau_osm,point d'eau potable,nombre,4,SRC-028,"OSM via HOT, extrait le 06/08/2026",ODbL (© contributeurs OpenStreetMap)
HT0432,eau_wpdx,fonctionnel,nombre,76,SRC-029,"WPdx, publié le 26/07/2026",CC BY-SA (Water Point Data Exchange)
HT0432,eau_wpdx,non fonctionnel,nombre,21,SRC-029,"WPdx, publié le 26/07/2026",CC BY-SA (Water Point Data Exchange)
HT0432,lieux_habites,hameau,nombre,1,SRC-028,"OSM via HOT, extrait le 06/08/2026",ODbL (© contributeurs OpenStreetMap)
HT0432,lieux_habites,village,nombre,3,SRC-028,"OSM via HOT, extrait le 06/08/2026",ODbL (© contributeurs OpenStreetMap)
HT0433,eau_osm,point d'eau potable,nombre,32,SRC-028,"OSM via HOT, extrait le 06/08/2026",ODbL (© contributeurs OpenStreetMap)
HT0433,eau_wpdx,fonctionnel,nombre,52,SRC-029,"WPdx, publié le 26/07/2026",CC BY-SA (Water Point Data Exchange)
HT0433,eau_wpdx,non fonctionnel,nombre,65,SRC-029,"WPdx, publié le 26/07/2026",CC BY-SA (Water Point Data Exchange)
HT0433,finance,agence de transfert,nombre,2,SRC-028,"OSM via HOT, extrait le 06/08/2026",ODbL (© contributeurs OpenStreetMap)
HT0433,finance,bureau de change,nombre,2,SRC-028,"OSM via HOT, extrait le 06/08/2026",ODbL (© contributeurs OpenStreetMap)
HT0433,finance,guichet automatique,nombre,1,SRC-028,"OSM via HOT, extrait le 06/08/2026",ODbL (© contributeurs OpenStreetMap)
HT0433,lieux_habites,bourg,nombre,2,SRC-028,"OSM via HOT, extrait le 06/08/2026",ODbL (© contributeurs OpenStreetMap)
HT0433,lieux_habites,hameau,nombre,3,SRC-028,"OSM via HOT, extrait le 06/08/2026",ODbL (© contributeurs OpenStreetMap)
HT0433,lieux_habites,village,nombre,1,SRC-028,"OSM via HOT, extrait le 06/08/2026",ODbL (© contributeurs OpenStreetMap)
HT0434,eau_osm,point d'eau potable,nombre,13,SRC-028,"OSM via HOT, extrait le 06/08/2026",ODbL (© contributeurs OpenStreetMap)
HT0434,eau_wpdx,fonctionnel,nombre,11,SRC-029,"WPdx, publié le 26/07/2026",CC BY-SA (Water Point Data Exchange)
HT0434,eau_wpdx,non fonctionnel,nombre,9,SRC-029,"WPdx, publié le 26/07/2026",CC BY-SA (Water Point Data Exchange)
HT0434,electricite,centrale électrique,nombre,1,SRC-030,"OSM via Overpass, requête du 14/08/2026",ODbL (© contributeurs OpenStreetMap)
HT0434,electricite,générateur,nombre,1,SRC-030,"OSM via Overpass, requête du 14/08/2026",ODbL (© contributeurs OpenStreetMap)
HT0434,finance,agence de transfert,nombre,1,SRC-028,"OSM via HOT, extrait le 06/08/2026",ODbL (© contributeurs OpenStreetMap)
HT0434,lieux_habites,bourg,nombre,1,SRC-028,"OSM via HOT, extrait le 06/08/2026",ODbL (© contributeurs OpenStreetMap)
HT0434,lieux_habites,habitat isolé,nombre,5,SRC-028,"OSM via HOT, extrait le 06/08/2026",ODbL (© contributeurs OpenStreetMap)
HT0434,lieux_habites,hameau,nombre,5,SRC-028,"OSM via HOT, extrait le 06/08/2026",ODbL (© contributeurs OpenStreetMap)
HT0434,lieux_habites,quartier,nombre,1,SRC-028,"OSM via HOT, extrait le 06/08/2026",ODbL (© contributeurs OpenStreetMap)
HT0434,lieux_habites,village,nombre,10,SRC-028,"OSM via HOT, extrait le 06/08/2026",ODbL (© contributeurs OpenStreetMap)
HT0441,eau_wpdx,fonctionnel,nombre,21,SRC-029,"WPdx, publié le 26/07/2026",CC BY-SA (Water Point Data Exchange)
HT0441,eau_wpdx,non fonctionnel,nombre,3,SRC-029,"WPdx, publié le 26/07/2026",CC BY-SA (Water Point Data Exchange)
HT0441,lieux_habites,bourg,nombre,1,SRC-028,"OSM via HOT, extrait le 06/08/2026",ODbL (© contributeurs OpenStreetMap)
HT0442,eau_wpdx,fonctionnel,nombre,24,SRC-029,"WPdx, publié le 26/07/2026",CC BY-SA (Water Point Data Exchange)
HT0442,eau_wpdx,non fonctionnel,nombre,19,SRC-029,"WPdx, publié le 26/07/2026",CC BY-SA (Water Point Data Exchange)
HT0442,lieux_habites,bourg,nombre,1,SRC-028,"OSM via HOT, extrait le 06/08/2026",ODbL (© contributeurs OpenStreetMap)
HT0443,eau_wpdx,fonctionnel,nombre,91,SRC-029,"WPdx, publié le 26/07/2026",CC BY-SA (Water Point Data Exchange)
HT0443,eau_wpdx,non fonctionnel,nombre,26,SRC-029,"WPdx, publié le 26/07/2026",CC BY-SA (Water Point Data Exchange)
HT0443,lieux_habites,bourg,nombre,1,SRC-028,"OSM via HOT, extrait le 06/08/2026",ODbL (© contributeurs OpenStreetMap)
HT0443,lieux_habites,hameau,nombre,3,SRC-028,"OSM via HOT, extrait le 06/08/2026",ODbL (© contributeurs OpenStreetMap)
HT0443,lieux_habites,village,nombre,2,SRC-028,"OSM via HOT, extrait le 06/08/2026",ODbL (© contributeurs OpenStreetMap)
HT0511,carburant,station-service,nombre,10,SRC-028,"OSM via HOT, extrait le 06/08/2026",ODbL (© contributeurs OpenStreetMap)
HT0511,eau_osm,point d'eau potable,nombre,166,SRC-028,"OSM via HOT, extrait le 06/08/2026",ODbL (© contributeurs OpenStreetMap)
HT0511,eau_wpdx,fonctionnel,nombre,1,SRC-029,"WPdx, publié le 26/07/2026",CC BY-SA (Water Point Data Exchange)
HT0511,eau_wpdx,non fonctionnel,nombre,1,SRC-029,"WPdx, publié le 26/07/2026",CC BY-SA (Water Point Data Exchange)
HT0511,electricite,centrale électrique,nombre,1,SRC-030,"OSM via Overpass, requête du 14/08/2026",ODbL (© contributeurs OpenStreetMap)
HT0511,electricite,générateur,nombre,1,SRC-030,"OSM via Overpass, requête du 14/08/2026",ODbL (© contributeurs OpenStreetMap)
HT0511,electricite,sous-station,nombre,1,SRC-030,"OSM via Overpass, requête du 14/08/2026",ODbL (© contributeurs OpenStreetMap)
HT0511,finance,agence de transfert,nombre,3,SRC-028,"OSM via HOT, extrait le 06/08/2026",ODbL (© contributeurs OpenStreetMap)
HT0511,finance,banque,nombre,6,SRC-028,"OSM via HOT, extrait le 06/08/2026",ODbL (© contributeurs OpenStreetMap)
HT0511,finance,bureau de change,nombre,5,SRC-028,"OSM via HOT, extrait le 06/08/2026",ODbL (© contributeurs OpenStreetMap)
HT0511,finance,bureau de poste,nombre,2,SRC-028,"OSM via HOT, extrait le 06/08/2026",ODbL (© contributeurs OpenStreetMap)
HT0511,lieux_habites,hameau,nombre,13,SRC-028,"OSM via HOT, extrait le 06/08/2026",ODbL (© contributeurs OpenStreetMap)
HT0511,lieux_habites,village,nombre,10,SRC-028,"OSM via HOT, extrait le 06/08/2026",ODbL (© contributeurs OpenStreetMap)
HT0511,lieux_habites,ville,nombre,2,SRC-028,"OSM via HOT, extrait le 06/08/2026",ODbL (© contributeurs OpenStreetMap)
HT0512,carburant,station-service,nombre,1,SRC-028,"OSM via HOT, extrait le 06/08/2026",ODbL (© contributeurs OpenStreetMap)
HT0512,eau_wpdx,non fonctionnel,nombre,2,SRC-029,"WPdx, publié le 26/07/2026",CC BY-SA (Water Point Data Exchange)
HT0512,lieux_habites,bourg,nombre,1,SRC-028,"OSM via HOT, extrait le 06/08/2026",ODbL (© contributeurs OpenStreetMap)
HT0512,lieux_habites,hameau,nombre,17,SRC-028,"OSM via HOT, extrait le 06/08/2026",ODbL (© contributeurs OpenStreetMap)
HT0512,lieux_habites,village,nombre,1,SRC-028,"OSM via HOT, extrait le 06/08/2026",ODbL (© contributeurs OpenStreetMap)
HT0513,carburant,station-service,nombre,1,SRC-028,"OSM via HOT, extrait le 06/08/2026",ODbL (© contributeurs OpenStreetMap)
HT0513,eau_osm,point d'eau potable,nombre,4,SRC-028,"OSM via HOT, extrait le 06/08/2026",ODbL (© contributeurs OpenStreetMap)
HT0513,finance,bureau de change,nombre,1,SRC-028,"OSM via HOT, extrait le 06/08/2026",ODbL (© contributeurs OpenStreetMap)
HT0513,lieux_habites,bourg,nombre,1,SRC-028,"OSM via HOT, extrait le 06/08/2026",ODbL (© contributeurs OpenStreetMap)
HT0513,lieux_habites,habitat isolé,nombre,1,SRC-028,"OSM via HOT, extrait le 06/08/2026",ODbL (© contributeurs OpenStreetMap)
HT0513,lieux_habites,hameau,nombre,1,SRC-028,"OSM via HOT, extrait le 06/08/2026",ODbL (© contributeurs OpenStreetMap)
HT0513,lieux_habites,village,nombre,3,SRC-028,"OSM via HOT, extrait le 06/08/2026",ODbL (© contributeurs OpenStreetMap)
HT0521,carburant,station-service,nombre,3,SRC-028,"OSM via HOT, extrait le 06/08/2026",ODbL (© contributeurs OpenStreetMap)
HT0521,eau_osm,point d'eau potable,nombre,6,SRC-028,"OSM via HOT, extrait le 06/08/2026",ODbL (© contributeurs OpenStreetMap)
HT0521,eau_wpdx,fonctionnel,nombre,1,SRC-029,"WPdx, publié le 26/07/2026",CC BY-SA (Water Point Data Exchange)
HT0521,eau_wpdx,non fonctionnel,nombre,1,SRC-029,"WPdx, publié le 26/07/2026",CC BY-SA (Water Point Data Exchange)
HT0521,finance,agence de transfert,nombre,2,SRC-028,"OSM via HOT, extrait le 06/08/2026",ODbL (© contributeurs OpenStreetMap)
HT0521,finance,banque,nombre,2,SRC-028,"OSM via HOT, extrait le 06/08/2026",ODbL (© contributeurs OpenStreetMap)
HT0521,finance,bureau de change,nombre,1,SRC-028,"OSM via HOT, extrait le 06/08/2026",ODbL (© contributeurs OpenStreetMap)
HT0521,lieux_habites,bourg,nombre,1,SRC-028,"OSM via HOT, extrait le 06/08/2026",ODbL (© contributeurs OpenStreetMap)
HT0521,lieux_habites,village,nombre,9,SRC-028,"OSM via HOT, extrait le 06/08/2026",ODbL (© contributeurs OpenStreetMap)
HT0522,lieux_habites,bourg,nombre,1,SRC-028,"OSM via HOT, extrait le 06/08/2026",ODbL (© contributeurs OpenStreetMap)
HT0522,lieux_habites,hameau,nombre,1,SRC-028,"OSM via HOT, extrait le 06/08/2026",ODbL (© contributeurs OpenStreetMap)
HT0522,lieux_habites,village,nombre,7,SRC-028,"OSM via HOT, extrait le 06/08/2026",ODbL (© contributeurs OpenStreetMap)
HT0523,eau_osm,point d'eau potable,nombre,7,SRC-028,"OSM via HOT, extrait le 06/08/2026",ODbL (© contributeurs OpenStreetMap)
HT0523,lieux_habites,bourg,nombre,1,SRC-028,"OSM via HOT, extrait le 06/08/2026",ODbL (© contributeurs OpenStreetMap)
HT0523,lieux_habites,hameau,nombre,4,SRC-028,"OSM via HOT, extrait le 06/08/2026",ODbL (© contributeurs OpenStreetMap)
HT0523,lieux_habites,village,nombre,6,SRC-028,"OSM via HOT, extrait le 06/08/2026",ODbL (© contributeurs OpenStreetMap)
HT0531,carburant,station-service,nombre,13,SRC-028,"OSM via HOT, extrait le 06/08/2026",ODbL (© contributeurs OpenStreetMap)
HT0531,eau_osm,point d'eau potable,nombre,166,SRC-028,"OSM via HOT, extrait le 06/08/2026",ODbL (© contributeurs OpenStreetMap)
HT0531,electricite,générateur,nombre,4,SRC-030,"OSM via Overpass, requête du 14/08/2026",ODbL (© contributeurs OpenStreetMap)
HT0531,electricite,sous-station,nombre,2,SRC-030,"OSM via Overpass, requête du 14/08/2026",ODbL (© contributeurs OpenStreetMap)
HT0531,finance,banque,nombre,15,SRC-028,"OSM via HOT, extrait le 06/08/2026",ODbL (© contributeurs OpenStreetMap)
HT0531,finance,bureau de change,nombre,14,SRC-028,"OSM via HOT, extrait le 06/08/2026",ODbL (© contributeurs OpenStreetMap)
HT0531,finance,bureau de poste,nombre,1,SRC-028,"OSM via HOT, extrait le 06/08/2026",ODbL (© contributeurs OpenStreetMap)
HT0531,finance,guichet automatique,nombre,3,SRC-028,"OSM via HOT, extrait le 06/08/2026",ODbL (© contributeurs OpenStreetMap)
HT0531,lieux_habites,bourg,nombre,6,SRC-028,"OSM via HOT, extrait le 06/08/2026",ODbL (© contributeurs OpenStreetMap)
HT0531,lieux_habites,habitat isolé,nombre,1,SRC-028,"OSM via HOT, extrait le 06/08/2026",ODbL (© contributeurs OpenStreetMap)
HT0531,lieux_habites,hameau,nombre,2,SRC-028,"OSM via HOT, extrait le 06/08/2026",ODbL (© contributeurs OpenStreetMap)
HT0531,lieux_habites,village,nombre,64,SRC-028,"OSM via HOT, extrait le 06/08/2026",ODbL (© contributeurs OpenStreetMap)
HT0531,lieux_habites,ville,nombre,1,SRC-028,"OSM via HOT, extrait le 06/08/2026",ODbL (© contributeurs OpenStreetMap)
HT0532,carburant,station-service,nombre,2,SRC-028,"OSM via HOT, extrait le 06/08/2026",ODbL (© contributeurs OpenStreetMap)
HT0532,eau_osm,point d'eau potable,nombre,8,SRC-028,"OSM via HOT, extrait le 06/08/2026",ODbL (© contributeurs OpenStreetMap)
HT0532,eau_wpdx,fonctionnel,nombre,3,SRC-029,"WPdx, publié le 26/07/2026",CC BY-SA (Water Point Data Exchange)
HT0532,electricite,centrale électrique,nombre,1,SRC-030,"OSM via Overpass, requête du 14/08/2026",ODbL (© contributeurs OpenStreetMap)
HT0532,electricite,générateur,nombre,1,SRC-030,"OSM via Overpass, requête du 14/08/2026",ODbL (© contributeurs OpenStreetMap)
HT0532,finance,banque,nombre,1,SRC-028,"OSM via HOT, extrait le 06/08/2026",ODbL (© contributeurs OpenStreetMap)
HT0532,lieux_habites,bourg,nombre,3,SRC-028,"OSM via HOT, extrait le 06/08/2026",ODbL (© contributeurs OpenStreetMap)
HT0532,lieux_habites,hameau,nombre,30,SRC-028,"OSM via HOT, extrait le 06/08/2026",ODbL (© contributeurs OpenStreetMap)
HT0532,lieux_habites,village,nombre,9,SRC-028,"OSM via HOT, extrait le 06/08/2026",ODbL (© contributeurs OpenStreetMap)
HT0533,eau_wpdx,fonctionnel,nombre,4,SRC-029,"WPdx, publié le 26/07/2026",CC BY-SA (Water Point Data Exchange)
HT0533,finance,banque,nombre,1,SRC-028,"OSM via HOT, extrait le 06/08/2026",ODbL (© contributeurs OpenStreetMap)
HT0533,lieux_habites,bourg,nombre,1,SRC-028,"OSM via HOT, extrait le 06/08/2026",ODbL (© contributeurs OpenStreetMap)
HT0533,lieux_habites,hameau,nombre,7,SRC-028,"OSM via HOT, extrait le 06/08/2026",ODbL (© contributeurs OpenStreetMap)
HT0533,lieux_habites,village,nombre,6,SRC-028,"OSM via HOT, extrait le 06/08/2026",ODbL (© contributeurs OpenStreetMap)
HT0541,carburant,station-service,nombre,2,SRC-028,"OSM via HOT, extrait le 06/08/2026",ODbL (© contributeurs OpenStreetMap)
HT0541,eau_osm,point d'eau potable,nombre,4,SRC-028,"OSM via HOT, extrait le 06/08/2026",ODbL (© contributeurs OpenStreetMap)
HT0541,eau_wpdx,fonctionnel,nombre,56,SRC-029,"WPdx, publié le 26/07/2026",CC BY-SA (Water Point Data Exchange)
HT0541,eau_wpdx,non fonctionnel,nombre,53,SRC-029,"WPdx, publié le 26/07/2026",CC BY-SA (Water Point Data Exchange)
HT0541,finance,banque,nombre,2,SRC-028,"OSM via HOT, extrait le 06/08/2026",ODbL (© contributeurs OpenStreetMap)
HT0541,finance,bureau de change,nombre,1,SRC-028,"OSM via HOT, extrait le 06/08/2026",ODbL (© contributeurs OpenStreetMap)
HT0541,lieux_habites,bourg,nombre,3,SRC-028,"OSM via HOT, extrait le 06/08/2026",ODbL (© contributeurs OpenStreetMap)
HT0541,lieux_habites,habitat isolé,nombre,1,SRC-028,"OSM via HOT, extrait le 06/08/2026",ODbL (© contributeurs OpenStreetMap)
HT0541,lieux_habites,hameau,nombre,32,SRC-028,"OSM via HOT, extrait le 06/08/2026",ODbL (© contributeurs OpenStreetMap)
HT0541,lieux_habites,village,nombre,26,SRC-028,"OSM via HOT, extrait le 06/08/2026",ODbL (© contributeurs OpenStreetMap)
HT0542,carburant,station-service,nombre,1,SRC-028,"OSM via HOT, extrait le 06/08/2026",ODbL (© contributeurs OpenStreetMap)
HT0542,eau_osm,point d'eau potable,nombre,1,SRC-028,"OSM via HOT, extrait le 06/08/2026",ODbL (© contributeurs OpenStreetMap)
HT0542,eau_wpdx,fonctionnel,nombre,4,SRC-029,"WPdx, publié le 26/07/2026",CC BY-SA (Water Point Data Exchange)
HT0542,finance,banque,nombre,1,SRC-028,"OSM via HOT, extrait le 06/08/2026",ODbL (© contributeurs OpenStreetMap)
HT0542,lieux_habites,bourg,nombre,1,SRC-028,"OSM via HOT, extrait le 06/08/2026",ODbL (© contributeurs OpenStreetMap)
HT0542,lieux_habites,hameau,nombre,49,SRC-028,"OSM via HOT, extrait le 06/08/2026",ODbL (© contributeurs OpenStreetMap)
HT0542,lieux_habites,village,nombre,33,SRC-028,"OSM via HOT, extrait le 06/08/2026",ODbL (© contributeurs OpenStreetMap)
HT0543,lieux_habites,bourg,nombre,1,SRC-028,"OSM via HOT, extrait le 06/08/2026",ODbL (© contributeurs OpenStreetMap)
HT0543,lieux_habites,village,nombre,5,SRC-028,"OSM via HOT, extrait le 06/08/2026",ODbL (© contributeurs OpenStreetMap)
HT0544,lieux_habites,bourg,nombre,1,SRC-028,"OSM via HOT, extrait le 06/08/2026",ODbL (© contributeurs OpenStreetMap)
HT0544,lieux_habites,habitat isolé,nombre,1,SRC-028,"OSM via HOT, extrait le 06/08/2026",ODbL (© contributeurs OpenStreetMap)
HT0544,lieux_habites,hameau,nombre,2,SRC-028,"OSM via HOT, extrait le 06/08/2026",ODbL (© contributeurs OpenStreetMap)
HT0544,lieux_habites,village,nombre,2,SRC-028,"OSM via HOT, extrait le 06/08/2026",ODbL (© contributeurs OpenStreetMap)
HT0551,carburant,station-service,nombre,4,SRC-028,"OSM via HOT, extrait le 06/08/2026",ODbL (© contributeurs OpenStreetMap)
HT0551,eau_osm,point d'eau potable,nombre,1,SRC-028,"OSM via HOT, extrait le 06/08/2026",ODbL (© contributeurs OpenStreetMap)
HT0551,eau_wpdx,fonctionnel,nombre,1,SRC-029,"WPdx, publié le 26/07/2026",CC BY-SA (Water Point Data Exchange)
HT0551,electricite,générateur,nombre,1,SRC-030,"OSM via Overpass, requête du 14/08/2026",ODbL (© contributeurs OpenStreetMap)
HT0551,electricite,sous-station,nombre,1,SRC-030,"OSM via Overpass, requête du 14/08/2026",ODbL (© contributeurs OpenStreetMap)
HT0551,finance,banque,nombre,3,SRC-028,"OSM via HOT, extrait le 06/08/2026",ODbL (© contributeurs OpenStreetMap)
HT0551,lieux_habites,habitat isolé,nombre,1,SRC-028,"OSM via HOT, extrait le 06/08/2026",ODbL (© contributeurs OpenStreetMap)
HT0551,lieux_habites,hameau,nombre,1,SRC-028,"OSM via HOT, extrait le 06/08/2026",ODbL (© contributeurs OpenStreetMap)
HT0551,lieux_habites,village,nombre,4,SRC-028,"OSM via HOT, extrait le 06/08/2026",ODbL (© contributeurs OpenStreetMap)
HT0551,lieux_habites,ville,nombre,1,SRC-028,"OSM via HOT, extrait le 06/08/2026",ODbL (© contributeurs OpenStreetMap)
HT0552,eau_osm,point d'eau potable,nombre,1,SRC-028,"OSM via HOT, extrait le 06/08/2026",ODbL (© contributeurs OpenStreetMap)
HT0552,lieux_habites,bourg,nombre,1,SRC-028,"OSM via HOT, extrait le 06/08/2026",ODbL (© contributeurs OpenStreetMap)
HT0552,lieux_habites,village,nombre,1,SRC-028,"OSM via HOT, extrait le 06/08/2026",ODbL (© contributeurs OpenStreetMap)
HT0611,carburant,station-service,nombre,6,SRC-028,"OSM via HOT, extrait le 06/08/2026",ODbL (© contributeurs OpenStreetMap)
HT0611,eau_osm,point d'eau potable,nombre,1,SRC-028,"OSM via HOT, extrait le 06/08/2026",ODbL (© contributeurs OpenStreetMap)
HT0611,eau_wpdx,fonctionnel,nombre,236,SRC-029,"WPdx, publié le 26/07/2026",CC BY-SA (Water Point Data Exchange)
HT0611,eau_wpdx,non fonctionnel,nombre,144,SRC-029,"WPdx, publié le 26/07/2026",CC BY-SA (Water Point Data Exchange)
HT0611,finance,banque,nombre,2,SRC-028,"OSM via HOT, extrait le 06/08/2026",ODbL (© contributeurs OpenStreetMap)
HT0611,lieux_habites,hameau,nombre,29,SRC-028,"OSM via HOT, extrait le 06/08/2026",ODbL (© contributeurs OpenStreetMap)
HT0611,lieux_habites,village,nombre,7,SRC-028,"OSM via HOT, extrait le 06/08/2026",ODbL (© contributeurs OpenStreetMap)
HT0611,lieux_habites,ville,nombre,1,SRC-028,"OSM via HOT, extrait le 06/08/2026",ODbL (© contributeurs OpenStreetMap)
HT0612,eau_wpdx,fonctionnel,nombre,54,SRC-029,"WPdx, publié le 26/07/2026",CC BY-SA (Water Point Data Exchange)
HT0612,eau_wpdx,non fonctionnel,nombre,50,SRC-029,"WPdx, publié le 26/07/2026",CC BY-SA (Water Point Data Exchange)
HT0612,lieux_habites,bourg,nombre,1,SRC-028,"OSM via HOT, extrait le 06/08/2026",ODbL (© contributeurs OpenStreetMap)
HT0612,lieux_habites,hameau,nombre,2,SRC-028,"OSM via HOT, extrait le 06/08/2026",ODbL (© contributeurs OpenStreetMap)
HT0613,eau_wpdx,fonctionnel,nombre,128,SRC-029,"WPdx, publié le 26/07/2026",CC BY-SA (Water Point Data Exchange)
HT0613,eau_wpdx,non fonctionnel,nombre,55,SRC-029,"WPdx, publié le 26/07/2026",CC BY-SA (Water Point Data Exchange)
HT0613,lieux_habites,bourg,nombre,2,SRC-028,"OSM via HOT, extrait le 06/08/2026",ODbL (© contributeurs OpenStreetMap)
HT0613,lieux_habites,hameau,nombre,5,SRC-028,"OSM via HOT, extrait le 06/08/2026",ODbL (© contributeurs OpenStreetMap)
HT0613,lieux_habites,village,nombre,1,SRC-028,"OSM via HOT, extrait le 06/08/2026",ODbL (© contributeurs OpenStreetMap)
HT0614,eau_wpdx,fonctionnel,nombre,48,SRC-029,"WPdx, publié le 26/07/2026",CC BY-SA (Water Point Data Exchange)
HT0614,eau_wpdx,non fonctionnel,nombre,15,SRC-029,"WPdx, publié le 26/07/2026",CC BY-SA (Water Point Data Exchange)
HT0614,finance,banque,nombre,1,SRC-028,"OSM via HOT, extrait le 06/08/2026",ODbL (© contributeurs OpenStreetMap)
HT0614,lieux_habites,hameau,nombre,75,SRC-028,"OSM via HOT, extrait le 06/08/2026",ODbL (© contributeurs OpenStreetMap)
HT0614,lieux_habites,village,nombre,6,SRC-028,"OSM via HOT, extrait le 06/08/2026",ODbL (© contributeurs OpenStreetMap)
HT0621,carburant,station-service,nombre,6,SRC-028,"OSM via HOT, extrait le 06/08/2026",ODbL (© contributeurs OpenStreetMap)
HT0621,eau_osm,point d'eau potable,nombre,7,SRC-028,"OSM via HOT, extrait le 06/08/2026",ODbL (© contributeurs OpenStreetMap)
HT0621,eau_wpdx,fonctionnel,nombre,155,SRC-029,"WPdx, publié le 26/07/2026",CC BY-SA (Water Point Data Exchange)
HT0621,eau_wpdx,non fonctionnel,nombre,48,SRC-029,"WPdx, publié le 26/07/2026",CC BY-SA (Water Point Data Exchange)
HT0621,finance,banque,nombre,4,SRC-028,"OSM via HOT, extrait le 06/08/2026",ODbL (© contributeurs OpenStreetMap)
HT0621,finance,bureau de change,nombre,3,SRC-028,"OSM via HOT, extrait le 06/08/2026",ODbL (© contributeurs OpenStreetMap)
HT0621,lieux_habites,bourg,nombre,1,SRC-028,"OSM via HOT, extrait le 06/08/2026",ODbL (© contributeurs OpenStreetMap)
HT0621,lieux_habites,hameau,nombre,24,SRC-028,"OSM via HOT, extrait le 06/08/2026",ODbL (© contributeurs OpenStreetMap)
HT0621,lieux_habites,village,nombre,19,SRC-028,"OSM via HOT, extrait le 06/08/2026",ODbL (© contributeurs OpenStreetMap)
HT0622,carburant,station-service,nombre,1,SRC-028,"OSM via HOT, extrait le 06/08/2026",ODbL (© contributeurs OpenStreetMap)
HT0622,eau_osm,point d'eau potable,nombre,4,SRC-028,"OSM via HOT, extrait le 06/08/2026",ODbL (© contributeurs OpenStreetMap)
HT0622,eau_wpdx,fonctionnel,nombre,97,SRC-029,"WPdx, publié le 26/07/2026",CC BY-SA (Water Point Data Exchange)
HT0622,eau_wpdx,non fonctionnel,nombre,51,SRC-029,"WPdx, publié le 26/07/2026",CC BY-SA (Water Point Data Exchange)
HT0622,finance,banque,nombre,1,SRC-028,"OSM via HOT, extrait le 06/08/2026",ODbL (© contributeurs OpenStreetMap)
HT0622,finance,bureau de change,nombre,1,SRC-028,"OSM via HOT, extrait le 06/08/2026",ODbL (© contributeurs OpenStreetMap)
HT0622,lieux_habites,hameau,nombre,11,SRC-028,"OSM via HOT, extrait le 06/08/2026",ODbL (© contributeurs OpenStreetMap)
HT0622,lieux_habites,village,nombre,8,SRC-028,"OSM via HOT, extrait le 06/08/2026",ODbL (© contributeurs OpenStreetMap)
HT0623,eau_wpdx,fonctionnel,nombre,90,SRC-029,"WPdx, publié le 26/07/2026",CC BY-SA (Water Point Data Exchange)
HT0623,eau_wpdx,non fonctionnel,nombre,34,SRC-029,"WPdx, publié le 26/07/2026",CC BY-SA (Water Point Data Exchange)
HT0623,electricite,centrale électrique,nombre,1,SRC-030,"OSM via Overpass, requête du 14/08/2026",ODbL (© contributeurs OpenStreetMap)
HT0623,electricite,générateur,nombre,1,SRC-030,"OSM via Overpass, requête du 14/08/2026",ODbL (© contributeurs OpenStreetMap)
HT0623,electricite,sous-station,nombre,1,SRC-030,"OSM via Overpass, requête du 14/08/2026",ODbL (© contributeurs OpenStreetMap)
HT0623,finance,banque,nombre,1,SRC-028,"OSM via HOT, extrait le 06/08/2026",ODbL (© contributeurs OpenStreetMap)
HT0623,lieux_habites,hameau,nombre,33,SRC-028,"OSM via HOT, extrait le 06/08/2026",ODbL (© contributeurs OpenStreetMap)
HT0623,lieux_habites,village,nombre,5,SRC-028,"OSM via HOT, extrait le 06/08/2026",ODbL (© contributeurs OpenStreetMap)
HT0631,carburant,station-service,nombre,3,SRC-028,"OSM via HOT, extrait le 06/08/2026",ODbL (© contributeurs OpenStreetMap)
HT0631,eau_wpdx,fonctionnel,nombre,154,SRC-029,"WPdx, publié le 26/07/2026",CC BY-SA (Water Point Data Exchange)
HT0631,eau_wpdx,non fonctionnel,nombre,48,SRC-029,"WPdx, publié le 26/07/2026",CC BY-SA (Water Point Data Exchange)
HT0631,lieux_habites,bourg,nombre,1,SRC-028,"OSM via HOT, extrait le 06/08/2026",ODbL (© contributeurs OpenStreetMap)
HT0631,lieux_habites,hameau,nombre,21,SRC-028,"OSM via HOT, extrait le 06/08/2026",ODbL (© contributeurs OpenStreetMap)
HT0631,lieux_habites,village,nombre,8,SRC-028,"OSM via HOT, extrait le 06/08/2026",ODbL (© contributeurs OpenStreetMap)
HT0632,carburant,station-service,nombre,1,SRC-028,"OSM via HOT, extrait le 06/08/2026",ODbL (© contributeurs OpenStreetMap)
HT0632,eau_osm,point d'eau potable,nombre,1,SRC-028,"OSM via HOT, extrait le 06/08/2026",ODbL (© contributeurs OpenStreetMap)
HT0632,eau_wpdx,fonctionnel,nombre,127,SRC-029,"WPdx, publié le 26/07/2026",CC BY-SA (Water Point Data Exchange)
HT0632,eau_wpdx,non fonctionnel,nombre,74,SRC-029,"WPdx, publié le 26/07/2026",CC BY-SA (Water Point Data Exchange)
HT0632,lieux_habites,bourg,nombre,1,SRC-028,"OSM via HOT, extrait le 06/08/2026",ODbL (© contributeurs OpenStreetMap)
HT0632,lieux_habites,hameau,nombre,15,SRC-028,"OSM via HOT, extrait le 06/08/2026",ODbL (© contributeurs OpenStreetMap)
HT0632,lieux_habites,village,nombre,4,SRC-028,"OSM via HOT, extrait le 06/08/2026",ODbL (© contributeurs OpenStreetMap)
HT0633,eau_wpdx,fonctionnel,nombre,82,SRC-029,"WPdx, publié le 26/07/2026",CC BY-SA (Water Point Data Exchange)
HT0633,eau_wpdx,non fonctionnel,nombre,8,SRC-029,"WPdx, publié le 26/07/2026",CC BY-SA (Water Point Data Exchange)
HT0633,lieux_habites,hameau,nombre,7,SRC-028,"OSM via HOT, extrait le 06/08/2026",ODbL (© contributeurs OpenStreetMap)
HT0633,lieux_habites,village,nombre,1,SRC-028,"OSM via HOT, extrait le 06/08/2026",ODbL (© contributeurs OpenStreetMap)
HT0641,eau_wpdx,fonctionnel,nombre,132,SRC-029,"WPdx, publié le 26/07/2026",CC BY-SA (Water Point Data Exchange)
HT0641,eau_wpdx,non fonctionnel,nombre,61,SRC-029,"WPdx, publié le 26/07/2026",CC BY-SA (Water Point Data Exchange)
HT0641,lieux_habites,bourg,nombre,2,SRC-028,"OSM via HOT, extrait le 06/08/2026",ODbL (© contributeurs OpenStreetMap)
HT0641,lieux_habites,hameau,nombre,92,SRC-028,"OSM via HOT, extrait le 06/08/2026",ODbL (© contributeurs OpenStreetMap)
HT0641,lieux_habites,village,nombre,6,SRC-028,"OSM via HOT, extrait le 06/08/2026",ODbL (© contributeurs OpenStreetMap)
HT0642,eau_wpdx,fonctionnel,nombre,55,SRC-029,"WPdx, publié le 26/07/2026",CC BY-SA (Water Point Data Exchange)
HT0642,eau_wpdx,non fonctionnel,nombre,31,SRC-029,"WPdx, publié le 26/07/2026",CC BY-SA (Water Point Data Exchange)
HT0642,lieux_habites,bourg,nombre,1,SRC-028,"OSM via HOT, extrait le 06/08/2026",ODbL (© contributeurs OpenStreetMap)
HT0642,lieux_habites,hameau,nombre,18,SRC-028,"OSM via HOT, extrait le 06/08/2026",ODbL (© contributeurs OpenStreetMap)
HT0642,lieux_habites,village,nombre,2,SRC-028,"OSM via HOT, extrait le 06/08/2026",ODbL (© contributeurs OpenStreetMap)
HT0711,carburant,station-service,nombre,15,SRC-028,"OSM via HOT, extrait le 06/08/2026",ODbL (© contributeurs OpenStreetMap)
HT0711,eau_osm,point d'eau potable,nombre,1,SRC-028,"OSM via HOT, extrait le 06/08/2026",ODbL (© contributeurs OpenStreetMap)
HT0711,electricite,générateur,nombre,2,SRC-030,"OSM via Overpass, requête du 14/08/2026",ODbL (© contributeurs OpenStreetMap)
HT0711,finance,agence de transfert,nombre,4,SRC-028,"OSM via HOT, extrait le 06/08/2026",ODbL (© contributeurs OpenStreetMap)
HT0711,finance,banque,nombre,15,SRC-028,"OSM via HOT, extrait le 06/08/2026",ODbL (© contributeurs OpenStreetMap)
HT0711,finance,bureau de change,nombre,11,SRC-028,"OSM via HOT, extrait le 06/08/2026",ODbL (© contributeurs OpenStreetMap)
HT0711,finance,bureau de poste,nombre,1,SRC-028,"OSM via HOT, extrait le 06/08/2026",ODbL (© contributeurs OpenStreetMap)
HT0711,lieux_habites,hameau,nombre,55,SRC-028,"OSM via HOT, extrait le 06/08/2026",ODbL (© contributeurs OpenStreetMap)
HT0711,lieux_habites,village,nombre,4,SRC-028,"OSM via HOT, extrait le 06/08/2026",ODbL (© contributeurs OpenStreetMap)
HT0711,lieux_habites,ville,nombre,1,SRC-028,"OSM via HOT, extrait le 06/08/2026",ODbL (© contributeurs OpenStreetMap)
HT0712,carburant,station-service,nombre,1,SRC-028,"OSM via HOT, extrait le 06/08/2026",ODbL (© contributeurs OpenStreetMap)
HT0712,eau_osm,point d'eau potable,nombre,4,SRC-028,"OSM via HOT, extrait le 06/08/2026",ODbL (© contributeurs OpenStreetMap)
HT0712,eau_wpdx,fonctionnel,nombre,12,SRC-029,"WPdx, publié le 26/07/2026",CC BY-SA (Water Point Data Exchange)
HT0712,eau_wpdx,non fonctionnel,nombre,11,SRC-029,"WPdx, publié le 26/07/2026",CC BY-SA (Water Point Data Exchange)
HT0712,lieux_habites,hameau,nombre,70,SRC-028,"OSM via HOT, extrait le 06/08/2026",ODbL (© contributeurs OpenStreetMap)
HT0712,lieux_habites,village,nombre,3,SRC-028,"OSM via HOT, extrait le 06/08/2026",ODbL (© contributeurs OpenStreetMap)
HT0713,eau_osm,point d'eau potable,nombre,2,SRC-028,"OSM via HOT, extrait le 06/08/2026",ODbL (© contributeurs OpenStreetMap)
HT0713,lieux_habites,hameau,nombre,29,SRC-028,"OSM via HOT, extrait le 06/08/2026",ODbL (© contributeurs OpenStreetMap)
HT0713,lieux_habites,village,nombre,3,SRC-028,"OSM via HOT, extrait le 06/08/2026",ODbL (© contributeurs OpenStreetMap)
HT0714,carburant,station-service,nombre,1,SRC-028,"OSM via HOT, extrait le 06/08/2026",ODbL (© contributeurs OpenStreetMap)
HT0714,eau_osm,point d'eau potable,nombre,3,SRC-028,"OSM via HOT, extrait le 06/08/2026",ODbL (© contributeurs OpenStreetMap)
HT0714,electricite,générateur,nombre,1,SRC-030,"OSM via Overpass, requête du 14/08/2026",ODbL (© contributeurs OpenStreetMap)
HT0714,lieux_habites,hameau,nombre,35,SRC-028,"OSM via HOT, extrait le 06/08/2026",ODbL (© contributeurs OpenStreetMap)
HT0714,lieux_habites,village,nombre,2,SRC-028,"OSM via HOT, extrait le 06/08/2026",ODbL (© contributeurs OpenStreetMap)
HT0715,eau_wpdx,non fonctionnel,nombre,20,SRC-029,"WPdx, publié le 26/07/2026",CC BY-SA (Water Point Data Exchange)
HT0715,finance,banque,nombre,4,SRC-028,"OSM via HOT, extrait le 06/08/2026",ODbL (© contributeurs OpenStreetMap)
HT0715,finance,bureau de change,nombre,1,SRC-028,"OSM via HOT, extrait le 06/08/2026",ODbL (© contributeurs OpenStreetMap)
HT0715,finance,bureau de poste,nombre,1,SRC-028,"OSM via HOT, extrait le 06/08/2026",ODbL (© contributeurs OpenStreetMap)
HT0715,lieux_habites,habitat isolé,nombre,1,SRC-028,"OSM via HOT, extrait le 06/08/2026",ODbL (© contributeurs OpenStreetMap)
HT0715,lieux_habites,hameau,nombre,22,SRC-028,"OSM via HOT, extrait le 06/08/2026",ODbL (© contributeurs OpenStreetMap)
HT0715,lieux_habites,village,nombre,4,SRC-028,"OSM via HOT, extrait le 06/08/2026",ODbL (© contributeurs OpenStreetMap)
HT0716,eau_osm,point d'eau potable,nombre,10,SRC-028,"OSM via HOT, extrait le 06/08/2026",ODbL (© contributeurs OpenStreetMap)
HT0716,electricite,générateur,nombre,5,SRC-030,"OSM via Overpass, requête du 14/08/2026",ODbL (© contributeurs OpenStreetMap)
HT0716,finance,banque,nombre,2,SRC-028,"OSM via HOT, extrait le 06/08/2026",ODbL (© contributeurs OpenStreetMap)
HT0716,lieux_habites,village,nombre,7,SRC-028,"OSM via HOT, extrait le 06/08/2026",ODbL (© contributeurs OpenStreetMap)
HT0721,lieux_habites,bourg,nombre,1,SRC-028,"OSM via HOT, extrait le 06/08/2026",ODbL (© contributeurs OpenStreetMap)
HT0721,lieux_habites,hameau,nombre,36,SRC-028,"OSM via HOT, extrait le 06/08/2026",ODbL (© contributeurs OpenStreetMap)
HT0721,lieux_habites,village,nombre,4,SRC-028,"OSM via HOT, extrait le 06/08/2026",ODbL (© contributeurs OpenStreetMap)
HT0722,eau_osm,point d'eau potable,nombre,4,SRC-028,"OSM via HOT, extrait le 06/08/2026",ODbL (© contributeurs OpenStreetMap)
HT0722,lieux_habites,hameau,nombre,37,SRC-028,"OSM via HOT, extrait le 06/08/2026",ODbL (© contributeurs OpenStreetMap)
HT0722,lieux_habites,village,nombre,1,SRC-028,"OSM via HOT, extrait le 06/08/2026",ODbL (© contributeurs OpenStreetMap)
HT0723,lieux_habites,hameau,nombre,37,SRC-028,"OSM via HOT, extrait le 06/08/2026",ODbL (© contributeurs OpenStreetMap)
HT0723,lieux_habites,village,nombre,1,SRC-028,"OSM via HOT, extrait le 06/08/2026",ODbL (© contributeurs OpenStreetMap)
HT0731,carburant,station-service,nombre,3,SRC-028,"OSM via HOT, extrait le 06/08/2026",ODbL (© contributeurs OpenStreetMap)
HT0731,eau_osm,point d'eau potable,nombre,6,SRC-028,"OSM via HOT, extrait le 06/08/2026",ODbL (© contributeurs OpenStreetMap)
HT0731,eau_wpdx,fonctionnel,nombre,47,SRC-029,"WPdx, publié le 26/07/2026",CC BY-SA (Water Point Data Exchange)
HT0731,eau_wpdx,non fonctionnel,nombre,11,SRC-029,"WPdx, publié le 26/07/2026",CC BY-SA (Water Point Data Exchange)
HT0731,finance,banque,nombre,5,SRC-028,"OSM via HOT, extrait le 06/08/2026",ODbL (© contributeurs OpenStreetMap)
HT0731,finance,bureau de change,nombre,1,SRC-028,"OSM via HOT, extrait le 06/08/2026",ODbL (© contributeurs OpenStreetMap)
HT0731,lieux_habites,bourg,nombre,3,SRC-028,"OSM via HOT, extrait le 06/08/2026",ODbL (© contributeurs OpenStreetMap)
HT0731,lieux_habites,hameau,nombre,64,SRC-028,"OSM via HOT, extrait le 06/08/2026",ODbL (© contributeurs OpenStreetMap)
HT0731,lieux_habites,village,nombre,5,SRC-028,"OSM via HOT, extrait le 06/08/2026",ODbL (© contributeurs OpenStreetMap)
HT0732,eau_osm,point d'eau potable,nombre,2,SRC-028,"OSM via HOT, extrait le 06/08/2026",ODbL (© contributeurs OpenStreetMap)
HT0732,finance,bureau de change,nombre,2,SRC-028,"OSM via HOT, extrait le 06/08/2026",ODbL (© contributeurs OpenStreetMap)
HT0732,lieux_habites,bourg,nombre,1,SRC-028,"OSM via HOT, extrait le 06/08/2026",ODbL (© contributeurs OpenStreetMap)
HT0732,lieux_habites,hameau,nombre,1,SRC-028,"OSM via HOT, extrait le 06/08/2026",ODbL (© contributeurs OpenStreetMap)
HT0732,lieux_habites,village,nombre,1,SRC-028,"OSM via HOT, extrait le 06/08/2026",ODbL (© contributeurs OpenStreetMap)
HT0733,carburant,station-service,nombre,2,SRC-028,"OSM via HOT, extrait le 06/08/2026",ODbL (© contributeurs OpenStreetMap)
HT0733,eau_osm,point d'eau potable,nombre,6,SRC-028,"OSM via HOT, extrait le 06/08/2026",ODbL (© contributeurs OpenStreetMap)
HT0733,eau_wpdx,non fonctionnel,nombre,4,SRC-029,"WPdx, publié le 26/07/2026",CC BY-SA (Water Point Data Exchange)
HT0733,finance,agence de transfert,nombre,1,SRC-028,"OSM via HOT, extrait le 06/08/2026",ODbL (© contributeurs OpenStreetMap)
HT0733,lieux_habites,bourg,nombre,1,SRC-028,"OSM via HOT, extrait le 06/08/2026",ODbL (© contributeurs OpenStreetMap)
HT0733,lieux_habites,hameau,nombre,30,SRC-028,"OSM via HOT, extrait le 06/08/2026",ODbL (© contributeurs OpenStreetMap)
HT0733,lieux_habites,village,nombre,11,SRC-028,"OSM via HOT, extrait le 06/08/2026",ODbL (© contributeurs OpenStreetMap)
HT0741,carburant,station-service,nombre,1,SRC-028,"OSM via HOT, extrait le 06/08/2026",ODbL (© contributeurs OpenStreetMap)
HT0741,eau_osm,point d'eau potable,nombre,5,SRC-028,"OSM via HOT, extrait le 06/08/2026",ODbL (© contributeurs OpenStreetMap)
HT0741,lieux_habites,bourg,nombre,1,SRC-028,"OSM via HOT, extrait le 06/08/2026",ODbL (© contributeurs OpenStreetMap)
HT0741,lieux_habites,hameau,nombre,10,SRC-028,"OSM via HOT, extrait le 06/08/2026",ODbL (© contributeurs OpenStreetMap)
HT0741,lieux_habites,village,nombre,3,SRC-028,"OSM via HOT, extrait le 06/08/2026",ODbL (© contributeurs OpenStreetMap)
HT0742,lieux_habites,bourg,nombre,1,SRC-028,"OSM via HOT, extrait le 06/08/2026",ODbL (© contributeurs OpenStreetMap)
HT0742,lieux_habites,hameau,nombre,23,SRC-028,"OSM via HOT, extrait le 06/08/2026",ODbL (© contributeurs OpenStreetMap)
HT0742,lieux_habites,village,nombre,4,SRC-028,"OSM via HOT, extrait le 06/08/2026",ODbL (© contributeurs OpenStreetMap)
HT0743,lieux_habites,hameau,nombre,21,SRC-028,"OSM via HOT, extrait le 06/08/2026",ODbL (© contributeurs OpenStreetMap)
HT0743,lieux_habites,village,nombre,2,SRC-028,"OSM via HOT, extrait le 06/08/2026",ODbL (© contributeurs OpenStreetMap)
HT0751,lieux_habites,bourg,nombre,1,SRC-028,"OSM via HOT, extrait le 06/08/2026",ODbL (© contributeurs OpenStreetMap)
HT0751,lieux_habites,hameau,nombre,23,SRC-028,"OSM via HOT, extrait le 06/08/2026",ODbL (© contributeurs OpenStreetMap)
HT0751,lieux_habites,village,nombre,16,SRC-028,"OSM via HOT, extrait le 06/08/2026",ODbL (© contributeurs OpenStreetMap)
HT0752,lieux_habites,bourg,nombre,1,SRC-028,"OSM via HOT, extrait le 06/08/2026",ODbL (© contributeurs OpenStreetMap)
HT0752,lieux_habites,hameau,nombre,31,SRC-028,"OSM via HOT, extrait le 06/08/2026",ODbL (© contributeurs OpenStreetMap)
HT0752,lieux_habites,village,nombre,3,SRC-028,"OSM via HOT, extrait le 06/08/2026",ODbL (© contributeurs OpenStreetMap)
HT0753,lieux_habites,hameau,nombre,22,SRC-028,"OSM via HOT, extrait le 06/08/2026",ODbL (© contributeurs OpenStreetMap)
HT0753,lieux_habites,village,nombre,16,SRC-028,"OSM via HOT, extrait le 06/08/2026",ODbL (© contributeurs OpenStreetMap)
HT0811,carburant,station-service,nombre,5,SRC-028,"OSM via HOT, extrait le 06/08/2026",ODbL (© contributeurs OpenStreetMap)
HT0811,eau_osm,point d'eau potable,nombre,6,SRC-028,"OSM via HOT, extrait le 06/08/2026",ODbL (© contributeurs OpenStreetMap)
HT0811,eau_wpdx,fonctionnel,nombre,27,SRC-029,"WPdx, publié le 26/07/2026",CC BY-SA (Water Point Data Exchange)
HT0811,electricite,générateur,nombre,2,SRC-030,"OSM via Overpass, requête du 14/08/2026",ODbL (© contributeurs OpenStreetMap)
HT0811,finance,banque,nombre,2,SRC-028,"OSM via HOT, extrait le 06/08/2026",ODbL (© contributeurs OpenStreetMap)
HT0811,finance,bureau de change,nombre,1,SRC-028,"OSM via HOT, extrait le 06/08/2026",ODbL (© contributeurs OpenStreetMap)
HT0811,finance,bureau de poste,nombre,1,SRC-028,"OSM via HOT, extrait le 06/08/2026",ODbL (© contributeurs OpenStreetMap)
HT0811,lieux_habites,habitat isolé,nombre,1,SRC-028,"OSM via HOT, extrait le 06/08/2026",ODbL (© contributeurs OpenStreetMap)
HT0811,lieux_habites,hameau,nombre,128,SRC-028,"OSM via HOT, extrait le 06/08/2026",ODbL (© contributeurs OpenStreetMap)
HT0811,lieux_habites,village,nombre,11,SRC-028,"OSM via HOT, extrait le 06/08/2026",ODbL (© contributeurs OpenStreetMap)
HT0811,lieux_habites,ville,nombre,1,SRC-028,"OSM via HOT, extrait le 06/08/2026",ODbL (© contributeurs OpenStreetMap)
HT0812,eau_wpdx,fonctionnel,nombre,1,SRC-029,"WPdx, publié le 26/07/2026",CC BY-SA (Water Point Data Exchange)
HT0812,lieux_habites,hameau,nombre,29,SRC-028,"OSM via HOT, extrait le 06/08/2026",ODbL (© contributeurs OpenStreetMap)
HT0812,lieux_habites,village,nombre,6,SRC-028,"OSM via HOT, extrait le 06/08/2026",ODbL (© contributeurs OpenStreetMap)
HT0813,lieux_habites,hameau,nombre,6,SRC-028,"OSM via HOT, extrait le 06/08/2026",ODbL (© contributeurs OpenStreetMap)
HT0813,lieux_habites,village,nombre,1,SRC-028,"OSM via HOT, extrait le 06/08/2026",ODbL (© contributeurs OpenStreetMap)
HT0814,eau_wpdx,fonctionnel,nombre,1,SRC-029,"WPdx, publié le 26/07/2026",CC BY-SA (Water Point Data Exchange)
HT0814,lieux_habites,bourg,nombre,1,SRC-028,"OSM via HOT, extrait le 06/08/2026",ODbL (© contributeurs OpenStreetMap)
HT0814,lieux_habites,hameau,nombre,32,SRC-028,"OSM via HOT, extrait le 06/08/2026",ODbL (© contributeurs OpenStreetMap)
HT0814,lieux_habites,village,nombre,1,SRC-028,"OSM via HOT, extrait le 06/08/2026",ODbL (© contributeurs OpenStreetMap)
HT0815,lieux_habites,hameau,nombre,27,SRC-028,"OSM via HOT, extrait le 06/08/2026",ODbL (© contributeurs OpenStreetMap)
HT0815,lieux_habites,village,nombre,1,SRC-028,"OSM via HOT, extrait le 06/08/2026",ODbL (© contributeurs OpenStreetMap)
HT0821,lieux_habites,bourg,nombre,1,SRC-028,"OSM via HOT, extrait le 06/08/2026",ODbL (© contributeurs OpenStreetMap)
HT0821,lieux_habites,hameau,nombre,25,SRC-028,"OSM via HOT, extrait le 06/08/2026",ODbL (© contributeurs OpenStreetMap)
HT0821,lieux_habites,village,nombre,2,SRC-028,"OSM via HOT, extrait le 06/08/2026",ODbL (© contributeurs OpenStreetMap)
HT0822,lieux_habites,bourg,nombre,1,SRC-028,"OSM via HOT, extrait le 06/08/2026",ODbL (© contributeurs OpenStreetMap)
HT0822,lieux_habites,hameau,nombre,43,SRC-028,"OSM via HOT, extrait le 06/08/2026",ODbL (© contributeurs OpenStreetMap)
HT0822,lieux_habites,village,nombre,3,SRC-028,"OSM via HOT, extrait le 06/08/2026",ODbL (© contributeurs OpenStreetMap)
HT0823,lieux_habites,hameau,nombre,8,SRC-028,"OSM via HOT, extrait le 06/08/2026",ODbL (© contributeurs OpenStreetMap)
HT0823,lieux_habites,village,nombre,3,SRC-028,"OSM via HOT, extrait le 06/08/2026",ODbL (© contributeurs OpenStreetMap)
HT0831,lieux_habites,bourg,nombre,1,SRC-028,"OSM via HOT, extrait le 06/08/2026",ODbL (© contributeurs OpenStreetMap)
HT0831,lieux_habites,hameau,nombre,16,SRC-028,"OSM via HOT, extrait le 06/08/2026",ODbL (© contributeurs OpenStreetMap)
HT0831,lieux_habites,village,nombre,2,SRC-028,"OSM via HOT, extrait le 06/08/2026",ODbL (© contributeurs OpenStreetMap)
HT0832,lieux_habites,hameau,nombre,32,SRC-028,"OSM via HOT, extrait le 06/08/2026",ODbL (© contributeurs OpenStreetMap)
HT0832,lieux_habites,village,nombre,2,SRC-028,"OSM via HOT, extrait le 06/08/2026",ODbL (© contributeurs OpenStreetMap)
HT0833,carburant,station-service,nombre,1,SRC-028,"OSM via HOT, extrait le 06/08/2026",ODbL (© contributeurs OpenStreetMap)
HT0833,electricite,centrale électrique,nombre,1,SRC-030,"OSM via Overpass, requête du 14/08/2026",ODbL (© contributeurs OpenStreetMap)
HT0833,electricite,générateur,nombre,1,SRC-030,"OSM via Overpass, requête du 14/08/2026",ODbL (© contributeurs OpenStreetMap)
HT0833,finance,banque,nombre,1,SRC-028,"OSM via HOT, extrait le 06/08/2026",ODbL (© contributeurs OpenStreetMap)
HT0833,lieux_habites,hameau,nombre,18,SRC-028,"OSM via HOT, extrait le 06/08/2026",ODbL (© contributeurs OpenStreetMap)
HT0833,lieux_habites,village,nombre,7,SRC-028,"OSM via HOT, extrait le 06/08/2026",ODbL (© contributeurs OpenStreetMap)
HT0834,lieux_habites,bourg,nombre,1,SRC-028,"OSM via HOT, extrait le 06/08/2026",ODbL (© contributeurs OpenStreetMap)
HT0834,lieux_habites,habitat isolé,nombre,1,SRC-028,"OSM via HOT, extrait le 06/08/2026",ODbL (© contributeurs OpenStreetMap)
HT0834,lieux_habites,hameau,nombre,52,SRC-028,"OSM via HOT, extrait le 06/08/2026",ODbL (© contributeurs OpenStreetMap)
HT0834,lieux_habites,village,nombre,12,SRC-028,"OSM via HOT, extrait le 06/08/2026",ODbL (© contributeurs OpenStreetMap)
HT0911,carburant,station-service,nombre,5,SRC-028,"OSM via HOT, extrait le 06/08/2026",ODbL (© contributeurs OpenStreetMap)
HT0911,eau_osm,point d'eau potable,nombre,12,SRC-028,"OSM via HOT, extrait le 06/08/2026",ODbL (© contributeurs OpenStreetMap)
HT0911,electricite,centrale électrique,nombre,1,SRC-030,"OSM via Overpass, requête du 14/08/2026",ODbL (© contributeurs OpenStreetMap)
HT0911,electricite,générateur,nombre,1,SRC-030,"OSM via Overpass, requête du 14/08/2026",ODbL (© contributeurs OpenStreetMap)
HT0911,finance,banque,nombre,2,SRC-028,"OSM via HOT, extrait le 06/08/2026",ODbL (© contributeurs OpenStreetMap)
HT0911,finance,bureau de poste,nombre,1,SRC-028,"OSM via HOT, extrait le 06/08/2026",ODbL (© contributeurs OpenStreetMap)
HT0911,lieux_habites,bourg,nombre,1,SRC-028,"OSM via HOT, extrait le 06/08/2026",ODbL (© contributeurs OpenStreetMap)
HT0911,lieux_habites,village,nombre,9,SRC-028,"OSM via HOT, extrait le 06/08/2026",ODbL (© contributeurs OpenStreetMap)
HT0911,lieux_habites,ville,nombre,1,SRC-028,"OSM via HOT, extrait le 06/08/2026",ODbL (© contributeurs OpenStreetMap)
HT0912,lieux_habites,habitat isolé,nombre,1,SRC-028,"OSM via HOT, extrait le 06/08/2026",ODbL (© contributeurs OpenStreetMap)
HT0912,lieux_habites,hameau,nombre,25,SRC-028,"OSM via HOT, extrait le 06/08/2026",ODbL (© contributeurs OpenStreetMap)
HT0912,lieux_habites,village,nombre,21,SRC-028,"OSM via HOT, extrait le 06/08/2026",ODbL (© contributeurs OpenStreetMap)
HT0913,carburant,station-service,nombre,1,SRC-028,"OSM via HOT, extrait le 06/08/2026",ODbL (© contributeurs OpenStreetMap)
HT0913,eau_osm,point d'eau potable,nombre,1,SRC-028,"OSM via HOT, extrait le 06/08/2026",ODbL (© contributeurs OpenStreetMap)
HT0913,lieux_habites,bourg,nombre,1,SRC-028,"OSM via HOT, extrait le 06/08/2026",ODbL (© contributeurs OpenStreetMap)
HT0913,lieux_habites,hameau,nombre,2,SRC-028,"OSM via HOT, extrait le 06/08/2026",ODbL (© contributeurs OpenStreetMap)
HT0913,lieux_habites,village,nombre,4,SRC-028,"OSM via HOT, extrait le 06/08/2026",ODbL (© contributeurs OpenStreetMap)
HT0914,lieux_habites,bourg,nombre,1,SRC-028,"OSM via HOT, extrait le 06/08/2026",ODbL (© contributeurs OpenStreetMap)
HT0914,lieux_habites,habitat isolé,nombre,1,SRC-028,"OSM via HOT, extrait le 06/08/2026",ODbL (© contributeurs OpenStreetMap)
HT0921,lieux_habites,bourg,nombre,1,SRC-028,"OSM via HOT, extrait le 06/08/2026",ODbL (© contributeurs OpenStreetMap)
HT0921,lieux_habites,village,nombre,1,SRC-028,"OSM via HOT, extrait le 06/08/2026",ODbL (© contributeurs OpenStreetMap)
HT0922,eau_osm,point d'eau potable,nombre,10,SRC-028,"OSM via HOT, extrait le 06/08/2026",ODbL (© contributeurs OpenStreetMap)
HT0922,lieux_habites,village,nombre,1,SRC-028,"OSM via HOT, extrait le 06/08/2026",ODbL (© contributeurs OpenStreetMap)
HT0931,lieux_habites,bourg,nombre,1,SRC-028,"OSM via HOT, extrait le 06/08/2026",ODbL (© contributeurs OpenStreetMap)
HT0931,lieux_habites,hameau,nombre,2,SRC-028,"OSM via HOT, extrait le 06/08/2026",ODbL (© contributeurs OpenStreetMap)
HT0931,lieux_habites,village,nombre,5,SRC-028,"OSM via HOT, extrait le 06/08/2026",ODbL (© contributeurs OpenStreetMap)
HT0932,finance,banque,nombre,1,SRC-028,"OSM via HOT, extrait le 06/08/2026",ODbL (© contributeurs OpenStreetMap)
HT0932,lieux_habites,bourg,nombre,1,SRC-028,"OSM via HOT, extrait le 06/08/2026",ODbL (© contributeurs OpenStreetMap)
HT0932,lieux_habites,hameau,nombre,17,SRC-028,"OSM via HOT, extrait le 06/08/2026",ODbL (© contributeurs OpenStreetMap)
HT0932,lieux_habites,village,nombre,7,SRC-028,"OSM via HOT, extrait le 06/08/2026",ODbL (© contributeurs OpenStreetMap)
HT0933,lieux_habites,bourg,nombre,1,SRC-028,"OSM via HOT, extrait le 06/08/2026",ODbL (© contributeurs OpenStreetMap)
HT0933,lieux_habites,hameau,nombre,14,SRC-028,"OSM via HOT, extrait le 06/08/2026",ODbL (© contributeurs OpenStreetMap)
HT0933,lieux_habites,village,nombre,7,SRC-028,"OSM via HOT, extrait le 06/08/2026",ODbL (© contributeurs OpenStreetMap)
HT0934,carburant,station-service,nombre,1,SRC-028,"OSM via HOT, extrait le 06/08/2026",ODbL (© contributeurs OpenStreetMap)
HT0934,eau_osm,point d'eau potable,nombre,3,SRC-028,"OSM via HOT, extrait le 06/08/2026",ODbL (© contributeurs OpenStreetMap)
HT0934,finance,agence de transfert,nombre,2,SRC-028,"OSM via HOT, extrait le 06/08/2026",ODbL (© contributeurs OpenStreetMap)
HT0934,finance,banque,nombre,1,SRC-028,"OSM via HOT, extrait le 06/08/2026",ODbL (© contributeurs OpenStreetMap)
HT0934,lieux_habites,bourg,nombre,2,SRC-028,"OSM via HOT, extrait le 06/08/2026",ODbL (© contributeurs OpenStreetMap)
HT0934,lieux_habites,hameau,nombre,55,SRC-028,"OSM via HOT, extrait le 06/08/2026",ODbL (© contributeurs OpenStreetMap)
HT0934,lieux_habites,village,nombre,23,SRC-028,"OSM via HOT, extrait le 06/08/2026",ODbL (© contributeurs OpenStreetMap)
HT1011,carburant,station-service,nombre,3,SRC-028,"OSM via HOT, extrait le 06/08/2026",ODbL (© contributeurs OpenStreetMap)
HT1011,finance,banque,nombre,1,SRC-028,"OSM via HOT, extrait le 06/08/2026",ODbL (© contributeurs OpenStreetMap)
HT1011,lieux_habites,bourg,nombre,2,SRC-028,"OSM via HOT, extrait le 06/08/2026",ODbL (© contributeurs OpenStreetMap)
HT1011,lieux_habites,hameau,nombre,13,SRC-028,"OSM via HOT, extrait le 06/08/2026",ODbL (© contributeurs OpenStreetMap)
HT1011,lieux_habites,village,nombre,15,SRC-028,"OSM via HOT, extrait le 06/08/2026",ODbL (© contributeurs OpenStreetMap)
HT1011,lieux_habites,ville,nombre,1,SRC-028,"OSM via HOT, extrait le 06/08/2026",ODbL (© contributeurs OpenStreetMap)
HT1012,carburant,station-service,nombre,1,SRC-028,"OSM via HOT, extrait le 06/08/2026",ODbL (© contributeurs OpenStreetMap)
HT1012,electricite,sous-station,nombre,1,SRC-030,"OSM via Overpass, requête du 14/08/2026",ODbL (© contributeurs OpenStreetMap)
HT1012,lieux_habites,habitat isolé,nombre,2,SRC-028,"OSM via HOT, extrait le 06/08/2026",ODbL (© contributeurs OpenStreetMap)
HT1012,lieux_habites,hameau,nombre,11,SRC-028,"OSM via HOT, extrait le 06/08/2026",ODbL (© contributeurs OpenStreetMap)
HT1012,lieux_habites,village,nombre,6,SRC-028,"OSM via HOT, extrait le 06/08/2026",ODbL (© contributeurs OpenStreetMap)
HT1013,carburant,station-service,nombre,3,SRC-028,"OSM via HOT, extrait le 06/08/2026",ODbL (© contributeurs OpenStreetMap)
HT1013,lieux_habites,bourg,nombre,1,SRC-028,"OSM via HOT, extrait le 06/08/2026",ODbL (© contributeurs OpenStreetMap)
HT1013,lieux_habites,habitat isolé,nombre,50,SRC-028,"OSM via HOT, extrait le 06/08/2026",ODbL (© contributeurs OpenStreetMap)
HT1013,lieux_habites,hameau,nombre,28,SRC-028,"OSM via HOT, extrait le 06/08/2026",ODbL (© contributeurs OpenStreetMap)
HT1014,lieux_habites,hameau,nombre,14,SRC-028,"OSM via HOT, extrait le 06/08/2026",ODbL (© contributeurs OpenStreetMap)
HT1014,lieux_habites,village,nombre,3,SRC-028,"OSM via HOT, extrait le 06/08/2026",ODbL (© contributeurs OpenStreetMap)
HT1021,lieux_habites,bourg,nombre,1,SRC-028,"OSM via HOT, extrait le 06/08/2026",ODbL (© contributeurs OpenStreetMap)
HT1021,lieux_habites,habitat isolé,nombre,157,SRC-028,"OSM via HOT, extrait le 06/08/2026",ODbL (© contributeurs OpenStreetMap)
HT1021,lieux_habites,hameau,nombre,49,SRC-028,"OSM via HOT, extrait le 06/08/2026",ODbL (© contributeurs OpenStreetMap)
HT1021,lieux_habites,village,nombre,5,SRC-028,"OSM via HOT, extrait le 06/08/2026",ODbL (© contributeurs OpenStreetMap)
HT1022,lieux_habites,bourg,nombre,1,SRC-028,"OSM via HOT, extrait le 06/08/2026",ODbL (© contributeurs OpenStreetMap)
HT1022,lieux_habites,habitat isolé,nombre,17,SRC-028,"OSM via HOT, extrait le 06/08/2026",ODbL (© contributeurs OpenStreetMap)
HT1022,lieux_habites,hameau,nombre,23,SRC-028,"OSM via HOT, extrait le 06/08/2026",ODbL (© contributeurs OpenStreetMap)
HT1022,lieux_habites,village,nombre,1,SRC-028,"OSM via HOT, extrait le 06/08/2026",ODbL (© contributeurs OpenStreetMap)
HT1023,finance,agence de transfert,nombre,4,SRC-028,"OSM via HOT, extrait le 06/08/2026",ODbL (© contributeurs OpenStreetMap)
HT1023,lieux_habites,bourg,nombre,1,SRC-028,"OSM via HOT, extrait le 06/08/2026",ODbL (© contributeurs OpenStreetMap)
HT1023,lieux_habites,habitat isolé,nombre,4,SRC-028,"OSM via HOT, extrait le 06/08/2026",ODbL (© contributeurs OpenStreetMap)
HT1023,lieux_habites,hameau,nombre,40,SRC-028,"OSM via HOT, extrait le 06/08/2026",ODbL (© contributeurs OpenStreetMap)
HT1023,lieux_habites,village,nombre,10,SRC-028,"OSM via HOT, extrait le 06/08/2026",ODbL (© contributeurs OpenStreetMap)
HT1024,lieux_habites,habitat isolé,nombre,26,SRC-028,"OSM via HOT, extrait le 06/08/2026",ODbL (© contributeurs OpenStreetMap)
HT1024,lieux_habites,hameau,nombre,24,SRC-028,"OSM via HOT, extrait le 06/08/2026",ODbL (© contributeurs OpenStreetMap)
HT1024,lieux_habites,village,nombre,4,SRC-028,"OSM via HOT, extrait le 06/08/2026",ODbL (© contributeurs OpenStreetMap)
HT1025,lieux_habites,habitat isolé,nombre,1,SRC-028,"OSM via HOT, extrait le 06/08/2026",ODbL (© contributeurs OpenStreetMap)
HT1025,lieux_habites,hameau,nombre,16,SRC-028,"OSM via HOT, extrait le 06/08/2026",ODbL (© contributeurs OpenStreetMap)
HT1025,lieux_habites,village,nombre,11,SRC-028,"OSM via HOT, extrait le 06/08/2026",ODbL (© contributeurs OpenStreetMap)
HT1031,lieux_habites,bourg,nombre,1,SRC-028,"OSM via HOT, extrait le 06/08/2026",ODbL (© contributeurs OpenStreetMap)
HT1031,lieux_habites,hameau,nombre,37,SRC-028,"OSM via HOT, extrait le 06/08/2026",ODbL (© contributeurs OpenStreetMap)
HT1031,lieux_habites,village,nombre,1,SRC-028,"OSM via HOT, extrait le 06/08/2026",ODbL (© contributeurs OpenStreetMap)
HT1032,lieux_habites,habitat isolé,nombre,2,SRC-028,"OSM via HOT, extrait le 06/08/2026",ODbL (© contributeurs OpenStreetMap)
HT1032,lieux_habites,hameau,nombre,3,SRC-028,"OSM via HOT, extrait le 06/08/2026",ODbL (© contributeurs OpenStreetMap)
HT1032,lieux_habites,village,nombre,2,SRC-028,"OSM via HOT, extrait le 06/08/2026",ODbL (© contributeurs OpenStreetMap)
HT0111,routes,piste,km,21.0,SRC-028,"OSM via HOT, extrait le 06/08/2026",ODbL (© contributeurs OpenStreetMap)
HT0111,routes,route non classée,km,45.9,SRC-028,"OSM via HOT, extrait le 06/08/2026",ODbL (© contributeurs OpenStreetMap)
HT0111,routes,route primaire,km,5.5,SRC-028,"OSM via HOT, extrait le 06/08/2026",ODbL (© contributeurs OpenStreetMap)
HT0111,routes,route secondaire,km,16.6,SRC-028,"OSM via HOT, extrait le 06/08/2026",ODbL (© contributeurs OpenStreetMap)
HT0111,routes,route tertiaire,km,33.1,SRC-028,"OSM via HOT, extrait le 06/08/2026",ODbL (© contributeurs OpenStreetMap)
HT0111,routes,rue partagée,km,3.3,SRC-028,"OSM via HOT, extrait le 06/08/2026",ODbL (© contributeurs OpenStreetMap)
HT0111,routes,rue résidentielle,km,205.9,SRC-028,"OSM via HOT, extrait le 06/08/2026",ODbL (© contributeurs OpenStreetMap)
HT0111,routes,sentier,km,63.8,SRC-028,"OSM via HOT, extrait le 06/08/2026",ODbL (© contributeurs OpenStreetMap)
HT0111,routes,voie de service,km,60.6,SRC-028,"OSM via HOT, extrait le 06/08/2026",ODbL (© contributeurs OpenStreetMap)
HT0111,routes,voie piétonne,km,24.4,SRC-028,"OSM via HOT, extrait le 06/08/2026",ODbL (© contributeurs OpenStreetMap)
HT0112,routes,piste,km,10.8,SRC-028,"OSM via HOT, extrait le 06/08/2026",ODbL (© contributeurs OpenStreetMap)
HT0112,routes,route non classée,km,58.5,SRC-028,"OSM via HOT, extrait le 06/08/2026",ODbL (© contributeurs OpenStreetMap)
HT0112,routes,route primaire,km,12.2,SRC-028,"OSM via HOT, extrait le 06/08/2026",ODbL (© contributeurs OpenStreetMap)
HT0112,routes,route secondaire,km,15.5,SRC-028,"OSM via HOT, extrait le 06/08/2026",ODbL (© contributeurs OpenStreetMap)
HT0112,routes,route tertiaire,km,33.7,SRC-028,"OSM via HOT, extrait le 06/08/2026",ODbL (© contributeurs OpenStreetMap)
HT0112,routes,rue partagée,km,1.6,SRC-028,"OSM via HOT, extrait le 06/08/2026",ODbL (© contributeurs OpenStreetMap)
HT0112,routes,rue résidentielle,km,278.1,SRC-028,"OSM via HOT, extrait le 06/08/2026",ODbL (© contributeurs OpenStreetMap)
HT0112,routes,sentier,km,9.4,SRC-028,"OSM via HOT, extrait le 06/08/2026",ODbL (© contributeurs OpenStreetMap)
HT0112,routes,voie de service,km,69.8,SRC-028,"OSM via HOT, extrait le 06/08/2026",ODbL (© contributeurs OpenStreetMap)
HT0112,routes,voie piétonne,km,11.8,SRC-028,"OSM via HOT, extrait le 06/08/2026",ODbL (© contributeurs OpenStreetMap)
HT0113,routes,piste,km,132.5,SRC-028,"OSM via HOT, extrait le 06/08/2026",ODbL (© contributeurs OpenStreetMap)
HT0113,routes,route non classée,km,82.3,SRC-028,"OSM via HOT, extrait le 06/08/2026",ODbL (© contributeurs OpenStreetMap)
HT0113,routes,route primaire,km,20.1,SRC-028,"OSM via HOT, extrait le 06/08/2026",ODbL (© contributeurs OpenStreetMap)
HT0113,routes,route tertiaire,km,18.6,SRC-028,"OSM via HOT, extrait le 06/08/2026",ODbL (© contributeurs OpenStreetMap)
HT0113,routes,rue partagée,km,0.3,SRC-028,"OSM via HOT, extrait le 06/08/2026",ODbL (© contributeurs OpenStreetMap)
HT0113,routes,rue résidentielle,km,280.1,SRC-028,"OSM via HOT, extrait le 06/08/2026",ODbL (© contributeurs OpenStreetMap)
HT0113,routes,sentier,km,230.8,SRC-028,"OSM via HOT, extrait le 06/08/2026",ODbL (© contributeurs OpenStreetMap)
HT0113,routes,voie de service,km,51.7,SRC-028,"OSM via HOT, extrait le 06/08/2026",ODbL (© contributeurs OpenStreetMap)
HT0113,routes,voie piétonne,km,16.4,SRC-028,"OSM via HOT, extrait le 06/08/2026",ODbL (© contributeurs OpenStreetMap)
HT0114,routes,piste,km,164.6,SRC-028,"OSM via HOT, extrait le 06/08/2026",ODbL (© contributeurs OpenStreetMap)
HT0114,routes,route non classée,km,165.8,SRC-028,"OSM via HOT, extrait le 06/08/2026",ODbL (© contributeurs OpenStreetMap)
HT0114,routes,route primaire,km,3.9,SRC-028,"OSM via HOT, extrait le 06/08/2026",ODbL (© contributeurs OpenStreetMap)
HT0114,routes,route secondaire,km,20.9,SRC-028,"OSM via HOT, extrait le 06/08/2026",ODbL (© contributeurs OpenStreetMap)
HT0114,routes,route tertiaire,km,46.9,SRC-028,"OSM via HOT, extrait le 06/08/2026",ODbL (© contributeurs OpenStreetMap)
HT0114,routes,rue partagée,km,3.1,SRC-028,"OSM via HOT, extrait le 06/08/2026",ODbL (© contributeurs OpenStreetMap)
HT0114,routes,rue résidentielle,km,403.0,SRC-028,"OSM via HOT, extrait le 06/08/2026",ODbL (© contributeurs OpenStreetMap)
HT0114,routes,sentier,km,70.8,SRC-028,"OSM via HOT, extrait le 06/08/2026",ODbL (© contributeurs OpenStreetMap)
HT0114,routes,voie de service,km,83.2,SRC-028,"OSM via HOT, extrait le 06/08/2026",ODbL (© contributeurs OpenStreetMap)
HT0114,routes,voie piétonne,km,16.2,SRC-028,"OSM via HOT, extrait le 06/08/2026",ODbL (© contributeurs OpenStreetMap)
HT0115,routes,piste,km,40.4,SRC-028,"OSM via HOT, extrait le 06/08/2026",ODbL (© contributeurs OpenStreetMap)
HT0115,routes,route non classée,km,46.3,SRC-028,"OSM via HOT, extrait le 06/08/2026",ODbL (© contributeurs OpenStreetMap)
HT0115,routes,route secondaire,km,24.0,SRC-028,"OSM via HOT, extrait le 06/08/2026",ODbL (© contributeurs OpenStreetMap)
HT0115,routes,route tertiaire,km,14.7,SRC-028,"OSM via HOT, extrait le 06/08/2026",ODbL (© contributeurs OpenStreetMap)
HT0115,routes,rue résidentielle,km,52.1,SRC-028,"OSM via HOT, extrait le 06/08/2026",ODbL (© contributeurs OpenStreetMap)
HT0115,routes,sentier,km,61.9,SRC-028,"OSM via HOT, extrait le 06/08/2026",ODbL (© contributeurs OpenStreetMap)
HT0115,routes,voie de service,km,6.7,SRC-028,"OSM via HOT, extrait le 06/08/2026",ODbL (© contributeurs OpenStreetMap)
HT0115,routes,voie piétonne,km,10.1,SRC-028,"OSM via HOT, extrait le 06/08/2026",ODbL (© contributeurs OpenStreetMap)
HT0116,routes,piste,km,195.3,SRC-028,"OSM via HOT, extrait le 06/08/2026",ODbL (© contributeurs OpenStreetMap)
HT0116,routes,route non classée,km,49.8,SRC-028,"OSM via HOT, extrait le 06/08/2026",ODbL (© contributeurs OpenStreetMap)
HT0116,routes,route primaire,km,13.6,SRC-028,"OSM via HOT, extrait le 06/08/2026",ODbL (© contributeurs OpenStreetMap)
HT0116,routes,route tertiaire,km,0.9,SRC-028,"OSM via HOT, extrait le 06/08/2026",ODbL (© contributeurs OpenStreetMap)
HT0116,routes,rue résidentielle,km,110.6,SRC-028,"OSM via HOT, extrait le 06/08/2026",ODbL (© contributeurs OpenStreetMap)
HT0116,routes,sentier,km,159.3,SRC-028,"OSM via HOT, extrait le 06/08/2026",ODbL (© contributeurs OpenStreetMap)
HT0116,routes,voie de service,km,9.4,SRC-028,"OSM via HOT, extrait le 06/08/2026",ODbL (© contributeurs OpenStreetMap)
HT0116,routes,voie piétonne,km,9.4,SRC-028,"OSM via HOT, extrait le 06/08/2026",ODbL (© contributeurs OpenStreetMap)
HT0117,routes,piste,km,19.5,SRC-028,"OSM via HOT, extrait le 06/08/2026",ODbL (© contributeurs OpenStreetMap)
HT0117,routes,route non classée,km,19.8,SRC-028,"OSM via HOT, extrait le 06/08/2026",ODbL (© contributeurs OpenStreetMap)
HT0117,routes,route primaire,km,1.4,SRC-028,"OSM via HOT, extrait le 06/08/2026",ODbL (© contributeurs OpenStreetMap)
HT0117,routes,route secondaire,km,10.7,SRC-028,"OSM via HOT, extrait le 06/08/2026",ODbL (© contributeurs OpenStreetMap)
HT0117,routes,route tertiaire,km,14.2,SRC-028,"OSM via HOT, extrait le 06/08/2026",ODbL (© contributeurs OpenStreetMap)
HT0117,routes,rue partagée,km,0.0,SRC-028,"OSM via HOT, extrait le 06/08/2026",ODbL (© contributeurs OpenStreetMap)
HT0117,routes,rue résidentielle,km,147.4,SRC-028,"OSM via HOT, extrait le 06/08/2026",ODbL (© contributeurs OpenStreetMap)
HT0117,routes,sentier,km,41.7,SRC-028,"OSM via HOT, extrait le 06/08/2026",ODbL (© contributeurs OpenStreetMap)
HT0117,routes,voie de service,km,31.3,SRC-028,"OSM via HOT, extrait le 06/08/2026",ODbL (© contributeurs OpenStreetMap)
HT0117,routes,voie piétonne,km,24.7,SRC-028,"OSM via HOT, extrait le 06/08/2026",ODbL (© contributeurs OpenStreetMap)
HT0118,routes,piste,km,25.9,SRC-028,"OSM via HOT, extrait le 06/08/2026",ODbL (© contributeurs OpenStreetMap)
HT0118,routes,route non classée,km,36.9,SRC-028,"OSM via HOT, extrait le 06/08/2026",ODbL (© contributeurs OpenStreetMap)
HT0118,routes,route primaire,km,3.6,SRC-028,"OSM via HOT, extrait le 06/08/2026",ODbL (© contributeurs OpenStreetMap)
HT0118,routes,route secondaire,km,21.9,SRC-028,"OSM via HOT, extrait le 06/08/2026",ODbL (© contributeurs OpenStreetMap)
HT0118,routes,route tertiaire,km,14.7,SRC-028,"OSM via HOT, extrait le 06/08/2026",ODbL (© contributeurs OpenStreetMap)
HT0118,routes,rue partagée,km,0.7,SRC-028,"OSM via HOT, extrait le 06/08/2026",ODbL (© contributeurs OpenStreetMap)
HT0118,routes,rue résidentielle,km,191.1,SRC-028,"OSM via HOT, extrait le 06/08/2026",ODbL (© contributeurs OpenStreetMap)
HT0118,routes,sentier,km,19.6,SRC-028,"OSM via HOT, extrait le 06/08/2026",ODbL (© contributeurs OpenStreetMap)
HT0118,routes,voie de service,km,109.3,SRC-028,"OSM via HOT, extrait le 06/08/2026",ODbL (© contributeurs OpenStreetMap)
HT0118,routes,voie piétonne,km,5.3,SRC-028,"OSM via HOT, extrait le 06/08/2026",ODbL (© contributeurs OpenStreetMap)
HT0121,routes,piste,km,591.1,SRC-028,"OSM via HOT, extrait le 06/08/2026",ODbL (© contributeurs OpenStreetMap)
HT0121,routes,route non classée,km,250.4,SRC-028,"OSM via HOT, extrait le 06/08/2026",ODbL (© contributeurs OpenStreetMap)
HT0121,routes,route primaire,km,40.0,SRC-028,"OSM via HOT, extrait le 06/08/2026",ODbL (© contributeurs OpenStreetMap)
HT0121,routes,route secondaire,km,3.7,SRC-028,"OSM via HOT, extrait le 06/08/2026",ODbL (© contributeurs OpenStreetMap)
HT0121,routes,route tertiaire,km,21.5,SRC-028,"OSM via HOT, extrait le 06/08/2026",ODbL (© contributeurs OpenStreetMap)
HT0121,routes,rue résidentielle,km,271.7,SRC-028,"OSM via HOT, extrait le 06/08/2026",ODbL (© contributeurs OpenStreetMap)
HT0121,routes,sentier,km,374.4,SRC-028,"OSM via HOT, extrait le 06/08/2026",ODbL (© contributeurs OpenStreetMap)
HT0121,routes,voie de service,km,18.2,SRC-028,"OSM via HOT, extrait le 06/08/2026",ODbL (© contributeurs OpenStreetMap)
HT0121,routes,voie piétonne,km,26.1,SRC-028,"OSM via HOT, extrait le 06/08/2026",ODbL (© contributeurs OpenStreetMap)
HT0122,routes,piste,km,126.7,SRC-028,"OSM via HOT, extrait le 06/08/2026",ODbL (© contributeurs OpenStreetMap)
HT0122,routes,route non classée,km,149.3,SRC-028,"OSM via HOT, extrait le 06/08/2026",ODbL (© contributeurs OpenStreetMap)
HT0122,routes,route primaire,km,23.9,SRC-028,"OSM via HOT, extrait le 06/08/2026",ODbL (© contributeurs OpenStreetMap)
HT0122,routes,route tertiaire,km,26.6,SRC-028,"OSM via HOT, extrait le 06/08/2026",ODbL (© contributeurs OpenStreetMap)
HT0122,routes,rue résidentielle,km,80.9,SRC-028,"OSM via HOT, extrait le 06/08/2026",ODbL (© contributeurs OpenStreetMap)
HT0122,routes,sentier,km,52.1,SRC-028,"OSM via HOT, extrait le 06/08/2026",ODbL (© contributeurs OpenStreetMap)
HT0122,routes,voie de service,km,11.5,SRC-028,"OSM via HOT, extrait le 06/08/2026",ODbL (© contributeurs OpenStreetMap)
HT0122,routes,voie piétonne,km,93.2,SRC-028,"OSM via HOT, extrait le 06/08/2026",ODbL (© contributeurs OpenStreetMap)
HT0123,routes,piste,km,80.0,SRC-028,"OSM via HOT, extrait le 06/08/2026",ODbL (© contributeurs OpenStreetMap)
HT0123,routes,route non classée,km,98.5,SRC-028,"OSM via HOT, extrait le 06/08/2026",ODbL (© contributeurs OpenStreetMap)
HT0123,routes,route primaire,km,17.5,SRC-028,"OSM via HOT, extrait le 06/08/2026",ODbL (© contributeurs OpenStreetMap)
HT0123,routes,route tertiaire,km,26.0,SRC-028,"OSM via HOT, extrait le 06/08/2026",ODbL (© contributeurs OpenStreetMap)
HT0123,routes,rue partagée,km,1.0,SRC-028,"OSM via HOT, extrait le 06/08/2026",ODbL (© contributeurs OpenStreetMap)
HT0123,routes,rue résidentielle,km,11.1,SRC-028,"OSM via HOT, extrait le 06/08/2026",ODbL (© contributeurs OpenStreetMap)
HT0123,routes,sentier,km,32.8,SRC-028,"OSM via HOT, extrait le 06/08/2026",ODbL (© contributeurs OpenStreetMap)
HT0123,routes,voie de service,km,10.6,SRC-028,"OSM via HOT, extrait le 06/08/2026",ODbL (© contributeurs OpenStreetMap)
HT0123,routes,voie piétonne,km,21.6,SRC-028,"OSM via HOT, extrait le 06/08/2026",ODbL (© contributeurs OpenStreetMap)
HT0131,routes,piste,km,617.2,SRC-028,"OSM via HOT, extrait le 06/08/2026",ODbL (© contributeurs OpenStreetMap)
HT0131,routes,route non classée,km,291.2,SRC-028,"OSM via HOT, extrait le 06/08/2026",ODbL (© contributeurs OpenStreetMap)
HT0131,routes,route primaire,km,45.3,SRC-028,"OSM via HOT, extrait le 06/08/2026",ODbL (© contributeurs OpenStreetMap)
HT0131,routes,route secondaire,km,37.2,SRC-028,"OSM via HOT, extrait le 06/08/2026",ODbL (© contributeurs OpenStreetMap)
HT0131,routes,route tertiaire,km,62.1,SRC-028,"OSM via HOT, extrait le 06/08/2026",ODbL (© contributeurs OpenStreetMap)
HT0131,routes,rue partagée,km,1.7,SRC-028,"OSM via HOT, extrait le 06/08/2026",ODbL (© contributeurs OpenStreetMap)
HT0131,routes,rue résidentielle,km,1101.4,SRC-028,"OSM via HOT, extrait le 06/08/2026",ODbL (© contributeurs OpenStreetMap)
HT0131,routes,sentier,km,188.0,SRC-028,"OSM via HOT, extrait le 06/08/2026",ODbL (© contributeurs OpenStreetMap)
HT0131,routes,voie de service,km,99.8,SRC-028,"OSM via HOT, extrait le 06/08/2026",ODbL (© contributeurs OpenStreetMap)
HT0131,routes,voie piétonne,km,52.2,SRC-028,"OSM via HOT, extrait le 06/08/2026",ODbL (© contributeurs OpenStreetMap)
HT0132,routes,piste,km,223.3,SRC-028,"OSM via HOT, extrait le 06/08/2026",ODbL (© contributeurs OpenStreetMap)
HT0132,routes,route non classée,km,47.4,SRC-028,"OSM via HOT, extrait le 06/08/2026",ODbL (© contributeurs OpenStreetMap)
HT0132,routes,route primaire,km,14.3,SRC-028,"OSM via HOT, extrait le 06/08/2026",ODbL (© contributeurs OpenStreetMap)
HT0132,routes,route secondaire,km,14.0,SRC-028,"OSM via HOT, extrait le 06/08/2026",ODbL (© contributeurs OpenStreetMap)
HT0132,routes,route tertiaire,km,27.3,SRC-028,"OSM via HOT, extrait le 06/08/2026",ODbL (© contributeurs OpenStreetMap)
HT0132,routes,rue résidentielle,km,128.3,SRC-028,"OSM via HOT, extrait le 06/08/2026",ODbL (© contributeurs OpenStreetMap)
HT0132,routes,sentier,km,42.2,SRC-028,"OSM via HOT, extrait le 06/08/2026",ODbL (© contributeurs OpenStreetMap)
HT0132,routes,voie de service,km,22.0,SRC-028,"OSM via HOT, extrait le 06/08/2026",ODbL (© contributeurs OpenStreetMap)
HT0132,routes,voie piétonne,km,60.0,SRC-028,"OSM via HOT, extrait le 06/08/2026",ODbL (© contributeurs OpenStreetMap)
HT0133,routes,piste,km,323.3,SRC-028,"OSM via HOT, extrait le 06/08/2026",ODbL (© contributeurs OpenStreetMap)
HT0133,routes,route non classée,km,89.3,SRC-028,"OSM via HOT, extrait le 06/08/2026",ODbL (© contributeurs OpenStreetMap)
HT0133,routes,route primaire,km,32.3,SRC-028,"OSM via HOT, extrait le 06/08/2026",ODbL (© contributeurs OpenStreetMap)
HT0133,routes,route secondaire,km,15.7,SRC-028,"OSM via HOT, extrait le 06/08/2026",ODbL (© contributeurs OpenStreetMap)
HT0133,routes,route tertiaire,km,17.4,SRC-028,"OSM via HOT, extrait le 06/08/2026",ODbL (© contributeurs OpenStreetMap)
HT0133,routes,rue résidentielle,km,72.9,SRC-028,"OSM via HOT, extrait le 06/08/2026",ODbL (© contributeurs OpenStreetMap)
HT0133,routes,sentier,km,71.5,SRC-028,"OSM via HOT, extrait le 06/08/2026",ODbL (© contributeurs OpenStreetMap)
HT0133,routes,voie de service,km,7.6,SRC-028,"OSM via HOT, extrait le 06/08/2026",ODbL (© contributeurs OpenStreetMap)
HT0133,routes,voie piétonne,km,39.0,SRC-028,"OSM via HOT, extrait le 06/08/2026",ODbL (© contributeurs OpenStreetMap)
HT0134,routes,piste,km,23.1,SRC-028,"OSM via HOT, extrait le 06/08/2026",ODbL (© contributeurs OpenStreetMap)
HT0134,routes,route non classée,km,8.9,SRC-028,"OSM via HOT, extrait le 06/08/2026",ODbL (© contributeurs OpenStreetMap)
HT0134,routes,route secondaire,km,36.3,SRC-028,"OSM via HOT, extrait le 06/08/2026",ODbL (© contributeurs OpenStreetMap)
HT0134,routes,route tertiaire,km,16.6,SRC-028,"OSM via HOT, extrait le 06/08/2026",ODbL (© contributeurs OpenStreetMap)
HT0134,routes,rue résidentielle,km,8.8,SRC-028,"OSM via HOT, extrait le 06/08/2026",ODbL (© contributeurs OpenStreetMap)
HT0134,routes,sentier,km,5.0,SRC-028,"OSM via HOT, extrait le 06/08/2026",ODbL (© contributeurs OpenStreetMap)
HT0134,routes,voie de service,km,1.7,SRC-028,"OSM via HOT, extrait le 06/08/2026",ODbL (© contributeurs OpenStreetMap)
HT0134,routes,voie piétonne,km,28.5,SRC-028,"OSM via HOT, extrait le 06/08/2026",ODbL (© contributeurs OpenStreetMap)
HT0135,routes,piste,km,81.0,SRC-028,"OSM via HOT, extrait le 06/08/2026",ODbL (© contributeurs OpenStreetMap)
HT0135,routes,route non classée,km,111.4,SRC-028,"OSM via HOT, extrait le 06/08/2026",ODbL (© contributeurs OpenStreetMap)
HT0135,routes,route secondaire,km,33.1,SRC-028,"OSM via HOT, extrait le 06/08/2026",ODbL (© contributeurs OpenStreetMap)
HT0135,routes,route tertiaire,km,3.9,SRC-028,"OSM via HOT, extrait le 06/08/2026",ODbL (© contributeurs OpenStreetMap)
HT0135,routes,rue partagée,km,0.1,SRC-028,"OSM via HOT, extrait le 06/08/2026",ODbL (© contributeurs OpenStreetMap)
HT0135,routes,rue résidentielle,km,50.4,SRC-028,"OSM via HOT, extrait le 06/08/2026",ODbL (© contributeurs OpenStreetMap)
HT0135,routes,sentier,km,17.0,SRC-028,"OSM via HOT, extrait le 06/08/2026",ODbL (© contributeurs OpenStreetMap)
HT0135,routes,voie piétonne,km,1.8,SRC-028,"OSM via HOT, extrait le 06/08/2026",ODbL (© contributeurs OpenStreetMap)
HT0141,routes,piste,km,99.4,SRC-028,"OSM via HOT, extrait le 06/08/2026",ODbL (© contributeurs OpenStreetMap)
HT0141,routes,route non classée,km,154.7,SRC-028,"OSM via HOT, extrait le 06/08/2026",ODbL (© contributeurs OpenStreetMap)
HT0141,routes,route primaire,km,31.5,SRC-028,"OSM via HOT, extrait le 06/08/2026",ODbL (© contributeurs OpenStreetMap)
HT0141,routes,route secondaire,km,3.9,SRC-028,"OSM via HOT, extrait le 06/08/2026",ODbL (© contributeurs OpenStreetMap)
HT0141,routes,route tertiaire,km,6.5,SRC-028,"OSM via HOT, extrait le 06/08/2026",ODbL (© contributeurs OpenStreetMap)
HT0141,routes,rue partagée,km,2.0,SRC-028,"OSM via HOT, extrait le 06/08/2026",ODbL (© contributeurs OpenStreetMap)
HT0141,routes,rue résidentielle,km,71.2,SRC-028,"OSM via HOT, extrait le 06/08/2026",ODbL (© contributeurs OpenStreetMap)
HT0141,routes,sentier,km,30.4,SRC-028,"OSM via HOT, extrait le 06/08/2026",ODbL (© contributeurs OpenStreetMap)
HT0141,routes,voie de service,km,15.2,SRC-028,"OSM via HOT, extrait le 06/08/2026",ODbL (© contributeurs OpenStreetMap)
HT0141,routes,voie piétonne,km,1.1,SRC-028,"OSM via HOT, extrait le 06/08/2026",ODbL (© contributeurs OpenStreetMap)
HT0142,routes,piste,km,79.5,SRC-028,"OSM via HOT, extrait le 06/08/2026",ODbL (© contributeurs OpenStreetMap)
HT0142,routes,route non classée,km,68.0,SRC-028,"OSM via HOT, extrait le 06/08/2026",ODbL (© contributeurs OpenStreetMap)
HT0142,routes,route primaire,km,18.6,SRC-028,"OSM via HOT, extrait le 06/08/2026",ODbL (© contributeurs OpenStreetMap)
HT0142,routes,route secondaire,km,21.3,SRC-028,"OSM via HOT, extrait le 06/08/2026",ODbL (© contributeurs OpenStreetMap)
HT0142,routes,route tertiaire,km,8.5,SRC-028,"OSM via HOT, extrait le 06/08/2026",ODbL (© contributeurs OpenStreetMap)
HT0142,routes,rue partagée,km,39.3,SRC-028,"OSM via HOT, extrait le 06/08/2026",ODbL (© contributeurs OpenStreetMap)
HT0142,routes,rue résidentielle,km,101.7,SRC-028,"OSM via HOT, extrait le 06/08/2026",ODbL (© contributeurs OpenStreetMap)
HT0142,routes,sentier,km,15.3,SRC-028,"OSM via HOT, extrait le 06/08/2026",ODbL (© contributeurs OpenStreetMap)
HT0142,routes,voie de service,km,23.6,SRC-028,"OSM via HOT, extrait le 06/08/2026",ODbL (© contributeurs OpenStreetMap)
HT0142,routes,voie piétonne,km,8.1,SRC-028,"OSM via HOT, extrait le 06/08/2026",ODbL (© contributeurs OpenStreetMap)
HT0151,routes,piste,km,235.8,SRC-028,"OSM via HOT, extrait le 06/08/2026",ODbL (© contributeurs OpenStreetMap)
HT0151,routes,route non classée,km,126.2,SRC-028,"OSM via HOT, extrait le 06/08/2026",ODbL (© contributeurs OpenStreetMap)
HT0151,routes,route primaire,km,9.7,SRC-028,"OSM via HOT, extrait le 06/08/2026",ODbL (© contributeurs OpenStreetMap)
HT0151,routes,route secondaire,km,29.9,SRC-028,"OSM via HOT, extrait le 06/08/2026",ODbL (© contributeurs OpenStreetMap)
HT0151,routes,route tertiaire,km,55.7,SRC-028,"OSM via HOT, extrait le 06/08/2026",ODbL (© contributeurs OpenStreetMap)
HT0151,routes,rue résidentielle,km,62.7,SRC-028,"OSM via HOT, extrait le 06/08/2026",ODbL (© contributeurs OpenStreetMap)
HT0151,routes,sentier,km,134.2,SRC-028,"OSM via HOT, extrait le 06/08/2026",ODbL (© contributeurs OpenStreetMap)
HT0151,routes,voie de service,km,2.0,SRC-028,"OSM via HOT, extrait le 06/08/2026",ODbL (© contributeurs OpenStreetMap)
HT0151,routes,voie piétonne,km,6.0,SRC-028,"OSM via HOT, extrait le 06/08/2026",ODbL (© contributeurs OpenStreetMap)
HT0152,routes,piste,km,374.6,SRC-028,"OSM via HOT, extrait le 06/08/2026",ODbL (© contributeurs OpenStreetMap)
HT0152,routes,route non classée,km,193.3,SRC-028,"OSM via HOT, extrait le 06/08/2026",ODbL (© contributeurs OpenStreetMap)
HT0152,routes,route secondaire,km,9.9,SRC-028,"OSM via HOT, extrait le 06/08/2026",ODbL (© contributeurs OpenStreetMap)
HT0152,routes,route tertiaire,km,3.8,SRC-028,"OSM via HOT, extrait le 06/08/2026",ODbL (© contributeurs OpenStreetMap)
HT0152,routes,rue résidentielle,km,16.9,SRC-028,"OSM via HOT, extrait le 06/08/2026",ODbL (© contributeurs OpenStreetMap)
HT0152,routes,sentier,km,69.9,SRC-028,"OSM via HOT, extrait le 06/08/2026",ODbL (© contributeurs OpenStreetMap)
HT0152,routes,voie de service,km,0.5,SRC-028,"OSM via HOT, extrait le 06/08/2026",ODbL (© contributeurs OpenStreetMap)
HT0211,routes,piste,km,182.8,SRC-028,"OSM via HOT, extrait le 06/08/2026",ODbL (© contributeurs OpenStreetMap)
HT0211,routes,route non classée,km,224.6,SRC-028,"OSM via HOT, extrait le 06/08/2026",ODbL (© contributeurs OpenStreetMap)
HT0211,routes,route primaire,km,24.5,SRC-028,"OSM via HOT, extrait le 06/08/2026",ODbL (© contributeurs OpenStreetMap)
HT0211,routes,route secondaire,km,20.3,SRC-028,"OSM via HOT, extrait le 06/08/2026",ODbL (© contributeurs OpenStreetMap)
HT0211,routes,route tertiaire,km,24.5,SRC-028,"OSM via HOT, extrait le 06/08/2026",ODbL (© contributeurs OpenStreetMap)
HT0211,routes,rue partagée,km,0.1,SRC-028,"OSM via HOT, extrait le 06/08/2026",ODbL (© contributeurs OpenStreetMap)
HT0211,routes,rue résidentielle,km,144.1,SRC-028,"OSM via HOT, extrait le 06/08/2026",ODbL (© contributeurs OpenStreetMap)
HT0211,routes,sentier,km,69.5,SRC-028,"OSM via HOT, extrait le 06/08/2026",ODbL (© contributeurs OpenStreetMap)
HT0211,routes,voie de service,km,12.1,SRC-028,"OSM via HOT, extrait le 06/08/2026",ODbL (© contributeurs OpenStreetMap)
HT0211,routes,voie piétonne,km,18.8,SRC-028,"OSM via HOT, extrait le 06/08/2026",ODbL (© contributeurs OpenStreetMap)
HT0212,routes,piste,km,75.9,SRC-028,"OSM via HOT, extrait le 06/08/2026",ODbL (© contributeurs OpenStreetMap)
HT0212,routes,route non classée,km,57.5,SRC-028,"OSM via HOT, extrait le 06/08/2026",ODbL (© contributeurs OpenStreetMap)
HT0212,routes,route secondaire,km,39.4,SRC-028,"OSM via HOT, extrait le 06/08/2026",ODbL (© contributeurs OpenStreetMap)
HT0212,routes,rue résidentielle,km,11.3,SRC-028,"OSM via HOT, extrait le 06/08/2026",ODbL (© contributeurs OpenStreetMap)
HT0212,routes,sentier,km,18.6,SRC-028,"OSM via HOT, extrait le 06/08/2026",ODbL (© contributeurs OpenStreetMap)
HT0212,routes,voie de service,km,1.7,SRC-028,"OSM via HOT, extrait le 06/08/2026",ODbL (© contributeurs OpenStreetMap)
HT0212,routes,voie piétonne,km,0.3,SRC-028,"OSM via HOT, extrait le 06/08/2026",ODbL (© contributeurs OpenStreetMap)
HT0213,routes,piste,km,38.6,SRC-028,"OSM via HOT, extrait le 06/08/2026",ODbL (© contributeurs OpenStreetMap)
HT0213,routes,route non classée,km,31.8,SRC-028,"OSM via HOT, extrait le 06/08/2026",ODbL (© contributeurs OpenStreetMap)
HT0213,routes,route secondaire,km,8.6,SRC-028,"OSM via HOT, extrait le 06/08/2026",ODbL (© contributeurs OpenStreetMap)
HT0213,routes,rue résidentielle,km,8.0,SRC-028,"OSM via HOT, extrait le 06/08/2026",ODbL (© contributeurs OpenStreetMap)
HT0213,routes,sentier,km,3.5,SRC-028,"OSM via HOT, extrait le 06/08/2026",ODbL (© contributeurs OpenStreetMap)
HT0213,routes,voie de service,km,1.2,SRC-028,"OSM via HOT, extrait le 06/08/2026",ODbL (© contributeurs OpenStreetMap)
HT0214,routes,piste,km,92.4,SRC-028,"OSM via HOT, extrait le 06/08/2026",ODbL (© contributeurs OpenStreetMap)
HT0214,routes,route non classée,km,36.0,SRC-028,"OSM via HOT, extrait le 06/08/2026",ODbL (© contributeurs OpenStreetMap)
HT0214,routes,route secondaire,km,6.2,SRC-028,"OSM via HOT, extrait le 06/08/2026",ODbL (© contributeurs OpenStreetMap)
HT0214,routes,rue résidentielle,km,9.5,SRC-028,"OSM via HOT, extrait le 06/08/2026",ODbL (© contributeurs OpenStreetMap)
HT0214,routes,sentier,km,40.3,SRC-028,"OSM via HOT, extrait le 06/08/2026",ODbL (© contributeurs OpenStreetMap)
HT0214,routes,voie piétonne,km,3.6,SRC-028,"OSM via HOT, extrait le 06/08/2026",ODbL (© contributeurs OpenStreetMap)
HT0221,routes,piste,km,168.4,SRC-028,"OSM via HOT, extrait le 06/08/2026",ODbL (© contributeurs OpenStreetMap)
HT0221,routes,route non classée,km,177.4,SRC-028,"OSM via HOT, extrait le 06/08/2026",ODbL (© contributeurs OpenStreetMap)
HT0221,routes,route secondaire,km,42.5,SRC-028,"OSM via HOT, extrait le 06/08/2026",ODbL (© contributeurs OpenStreetMap)
HT0221,routes,route tertiaire,km,13.7,SRC-028,"OSM via HOT, extrait le 06/08/2026",ODbL (© contributeurs OpenStreetMap)
HT0221,routes,rue résidentielle,km,37.8,SRC-028,"OSM via HOT, extrait le 06/08/2026",ODbL (© contributeurs OpenStreetMap)
HT0221,routes,sentier,km,267.5,SRC-028,"OSM via HOT, extrait le 06/08/2026",ODbL (© contributeurs OpenStreetMap)
HT0221,routes,voie de service,km,0.3,SRC-028,"OSM via HOT, extrait le 06/08/2026",ODbL (© contributeurs OpenStreetMap)
HT0221,routes,voie piétonne,km,0.6,SRC-028,"OSM via HOT, extrait le 06/08/2026",ODbL (© contributeurs OpenStreetMap)
HT0222,routes,piste,km,120.9,SRC-028,"OSM via HOT, extrait le 06/08/2026",ODbL (© contributeurs OpenStreetMap)
HT0222,routes,route non classée,km,212.6,SRC-028,"OSM via HOT, extrait le 06/08/2026",ODbL (© contributeurs OpenStreetMap)
HT0222,routes,route secondaire,km,13.6,SRC-028,"OSM via HOT, extrait le 06/08/2026",ODbL (© contributeurs OpenStreetMap)
HT0222,routes,route tertiaire,km,10.1,SRC-028,"OSM via HOT, extrait le 06/08/2026",ODbL (© contributeurs OpenStreetMap)
HT0222,routes,rue résidentielle,km,44.4,SRC-028,"OSM via HOT, extrait le 06/08/2026",ODbL (© contributeurs OpenStreetMap)
HT0222,routes,sentier,km,237.5,SRC-028,"OSM via HOT, extrait le 06/08/2026",ODbL (© contributeurs OpenStreetMap)
HT0222,routes,voie de service,km,0.7,SRC-028,"OSM via HOT, extrait le 06/08/2026",ODbL (© contributeurs OpenStreetMap)
HT0222,routes,voie piétonne,km,2.8,SRC-028,"OSM via HOT, extrait le 06/08/2026",ODbL (© contributeurs OpenStreetMap)
HT0231,routes,piste,km,104.7,SRC-028,"OSM via HOT, extrait le 06/08/2026",ODbL (© contributeurs OpenStreetMap)
HT0231,routes,route non classée,km,143.0,SRC-028,"OSM via HOT, extrait le 06/08/2026",ODbL (© contributeurs OpenStreetMap)
HT0231,routes,route secondaire,km,51.9,SRC-028,"OSM via HOT, extrait le 06/08/2026",ODbL (© contributeurs OpenStreetMap)
HT0231,routes,rue résidentielle,km,8.9,SRC-028,"OSM via HOT, extrait le 06/08/2026",ODbL (© contributeurs OpenStreetMap)
HT0231,routes,sentier,km,3.4,SRC-028,"OSM via HOT, extrait le 06/08/2026",ODbL (© contributeurs OpenStreetMap)
HT0231,routes,voie de service,km,0.2,SRC-028,"OSM via HOT, extrait le 06/08/2026",ODbL (© contributeurs OpenStreetMap)
HT0231,routes,voie piétonne,km,10.4,SRC-028,"OSM via HOT, extrait le 06/08/2026",ODbL (© contributeurs OpenStreetMap)
HT0232,routes,piste,km,16.1,SRC-028,"OSM via HOT, extrait le 06/08/2026",ODbL (© contributeurs OpenStreetMap)
HT0232,routes,route non classée,km,24.3,SRC-028,"OSM via HOT, extrait le 06/08/2026",ODbL (© contributeurs OpenStreetMap)
HT0232,routes,route secondaire,km,4.3,SRC-028,"OSM via HOT, extrait le 06/08/2026",ODbL (© contributeurs OpenStreetMap)
HT0232,routes,route tertiaire,km,3.1,SRC-028,"OSM via HOT, extrait le 06/08/2026",ODbL (© contributeurs OpenStreetMap)
HT0232,routes,rue résidentielle,km,19.4,SRC-028,"OSM via HOT, extrait le 06/08/2026",ODbL (© contributeurs OpenStreetMap)
HT0232,routes,sentier,km,36.1,SRC-028,"OSM via HOT, extrait le 06/08/2026",ODbL (© contributeurs OpenStreetMap)
HT0232,routes,voie de service,km,0.3,SRC-028,"OSM via HOT, extrait le 06/08/2026",ODbL (© contributeurs OpenStreetMap)
HT0232,routes,voie piétonne,km,0.6,SRC-028,"OSM via HOT, extrait le 06/08/2026",ODbL (© contributeurs OpenStreetMap)
HT0233,routes,piste,km,41.4,SRC-028,"OSM via HOT, extrait le 06/08/2026",ODbL (© contributeurs OpenStreetMap)
HT0233,routes,route non classée,km,48.9,SRC-028,"OSM via HOT, extrait le 06/08/2026",ODbL (© contributeurs OpenStreetMap)
HT0233,routes,route secondaire,km,25.3,SRC-028,"OSM via HOT, extrait le 06/08/2026",ODbL (© contributeurs OpenStreetMap)
HT0233,routes,rue résidentielle,km,39.8,SRC-028,"OSM via HOT, extrait le 06/08/2026",ODbL (© contributeurs OpenStreetMap)
HT0233,routes,sentier,km,15.1,SRC-028,"OSM via HOT, extrait le 06/08/2026",ODbL (© contributeurs OpenStreetMap)
HT0233,routes,voie de service,km,0.3,SRC-028,"OSM via HOT, extrait le 06/08/2026",ODbL (© contributeurs OpenStreetMap)
HT0234,routes,piste,km,32.3,SRC-028,"OSM via HOT, extrait le 06/08/2026",ODbL (© contributeurs OpenStreetMap)
HT0234,routes,route non classée,km,50.3,SRC-028,"OSM via HOT, extrait le 06/08/2026",ODbL (© contributeurs OpenStreetMap)
HT0234,routes,route secondaire,km,37.6,SRC-028,"OSM via HOT, extrait le 06/08/2026",ODbL (© contributeurs OpenStreetMap)
HT0234,routes,route tertiaire,km,43.4,SRC-028,"OSM via HOT, extrait le 06/08/2026",ODbL (© contributeurs OpenStreetMap)
HT0234,routes,rue résidentielle,km,35.8,SRC-028,"OSM via HOT, extrait le 06/08/2026",ODbL (© contributeurs OpenStreetMap)
HT0234,routes,sentier,km,43.3,SRC-028,"OSM via HOT, extrait le 06/08/2026",ODbL (© contributeurs OpenStreetMap)
HT0234,routes,voie de service,km,1.3,SRC-028,"OSM via HOT, extrait le 06/08/2026",ODbL (© contributeurs OpenStreetMap)
HT0234,routes,voie piétonne,km,8.3,SRC-028,"OSM via HOT, extrait le 06/08/2026",ODbL (© contributeurs OpenStreetMap)
HT0311,routes,piste,km,22.3,SRC-028,"OSM via HOT, extrait le 06/08/2026",ODbL (© contributeurs OpenStreetMap)
HT0311,routes,route non classée,km,26.2,SRC-028,"OSM via HOT, extrait le 06/08/2026",ODbL (© contributeurs OpenStreetMap)
HT0311,routes,route primaire,km,12.6,SRC-028,"OSM via HOT, extrait le 06/08/2026",ODbL (© contributeurs OpenStreetMap)
HT0311,routes,route secondaire,km,1.8,SRC-028,"OSM via HOT, extrait le 06/08/2026",ODbL (© contributeurs OpenStreetMap)
HT0311,routes,route tertiaire,km,20.8,SRC-028,"OSM via HOT, extrait le 06/08/2026",ODbL (© contributeurs OpenStreetMap)
HT0311,routes,rue partagée,km,1.1,SRC-028,"OSM via HOT, extrait le 06/08/2026",ODbL (© contributeurs OpenStreetMap)
HT0311,routes,rue résidentielle,km,289.8,SRC-028,"OSM via HOT, extrait le 06/08/2026",ODbL (© contributeurs OpenStreetMap)
HT0311,routes,sentier,km,19.0,SRC-028,"OSM via HOT, extrait le 06/08/2026",ODbL (© contributeurs OpenStreetMap)
HT0311,routes,voie de service,km,51.4,SRC-028,"OSM via HOT, extrait le 06/08/2026",ODbL (© contributeurs OpenStreetMap)
HT0311,routes,voie piétonne,km,6.2,SRC-028,"OSM via HOT, extrait le 06/08/2026",ODbL (© contributeurs OpenStreetMap)
HT0312,routes,piste,km,43.7,SRC-028,"OSM via HOT, extrait le 06/08/2026",ODbL (© contributeurs OpenStreetMap)
HT0312,routes,route non classée,km,65.3,SRC-028,"OSM via HOT, extrait le 06/08/2026",ODbL (© contributeurs OpenStreetMap)
HT0312,routes,route primaire,km,19.2,SRC-028,"OSM via HOT, extrait le 06/08/2026",ODbL (© contributeurs OpenStreetMap)
HT0312,routes,route secondaire,km,1.4,SRC-028,"OSM via HOT, extrait le 06/08/2026",ODbL (© contributeurs OpenStreetMap)
HT0312,routes,route tertiaire,km,3.1,SRC-028,"OSM via HOT, extrait le 06/08/2026",ODbL (© contributeurs OpenStreetMap)
HT0312,routes,rue résidentielle,km,103.4,SRC-028,"OSM via HOT, extrait le 06/08/2026",ODbL (© contributeurs OpenStreetMap)
HT0312,routes,sentier,km,40.0,SRC-028,"OSM via HOT, extrait le 06/08/2026",ODbL (© contributeurs OpenStreetMap)
HT0312,routes,voie de service,km,11.3,SRC-028,"OSM via HOT, extrait le 06/08/2026",ODbL (© contributeurs OpenStreetMap)
HT0312,routes,voie piétonne,km,3.5,SRC-028,"OSM via HOT, extrait le 06/08/2026",ODbL (© contributeurs OpenStreetMap)
HT0313,routes,piste,km,58.3,SRC-028,"OSM via HOT, extrait le 06/08/2026",ODbL (© contributeurs OpenStreetMap)
HT0313,routes,route non classée,km,55.1,SRC-028,"OSM via HOT, extrait le 06/08/2026",ODbL (© contributeurs OpenStreetMap)
HT0313,routes,route primaire,km,9.3,SRC-028,"OSM via HOT, extrait le 06/08/2026",ODbL (© contributeurs OpenStreetMap)
HT0313,routes,route tertiaire,km,23.2,SRC-028,"OSM via HOT, extrait le 06/08/2026",ODbL (© contributeurs OpenStreetMap)
HT0313,routes,rue partagée,km,0.4,SRC-028,"OSM via HOT, extrait le 06/08/2026",ODbL (© contributeurs OpenStreetMap)
HT0313,routes,rue résidentielle,km,67.8,SRC-028,"OSM via HOT, extrait le 06/08/2026",ODbL (© contributeurs OpenStreetMap)
HT0313,routes,sentier,km,96.3,SRC-028,"OSM via HOT, extrait le 06/08/2026",ODbL (© contributeurs OpenStreetMap)
HT0313,routes,voie de service,km,6.0,SRC-028,"OSM via HOT, extrait le 06/08/2026",ODbL (© contributeurs OpenStreetMap)
HT0313,routes,voie piétonne,km,5.6,SRC-028,"OSM via HOT, extrait le 06/08/2026",ODbL (© contributeurs OpenStreetMap)
HT0321,routes,piste,km,27.7,SRC-028,"OSM via HOT, extrait le 06/08/2026",ODbL (© contributeurs OpenStreetMap)
HT0321,routes,route non classée,km,29.5,SRC-028,"OSM via HOT, extrait le 06/08/2026",ODbL (© contributeurs OpenStreetMap)
HT0321,routes,route primaire,km,6.8,SRC-028,"OSM via HOT, extrait le 06/08/2026",ODbL (© contributeurs OpenStreetMap)
HT0321,routes,route tertiaire,km,21.7,SRC-028,"OSM via HOT, extrait le 06/08/2026",ODbL (© contributeurs OpenStreetMap)
HT0321,routes,rue résidentielle,km,7.9,SRC-028,"OSM via HOT, extrait le 06/08/2026",ODbL (© contributeurs OpenStreetMap)
HT0321,routes,sentier,km,1.4,SRC-028,"OSM via HOT, extrait le 06/08/2026",ODbL (© contributeurs OpenStreetMap)
HT0321,routes,voie de service,km,0.7,SRC-028,"OSM via HOT, extrait le 06/08/2026",ODbL (© contributeurs OpenStreetMap)
HT0321,routes,voie piétonne,km,0.1,SRC-028,"OSM via HOT, extrait le 06/08/2026",ODbL (© contributeurs OpenStreetMap)
HT0322,routes,piste,km,26.9,SRC-028,"OSM via HOT, extrait le 06/08/2026",ODbL (© contributeurs OpenStreetMap)
HT0322,routes,route non classée,km,49.9,SRC-028,"OSM via HOT, extrait le 06/08/2026",ODbL (© contributeurs OpenStreetMap)
HT0322,routes,route primaire,km,5.1,SRC-028,"OSM via HOT, extrait le 06/08/2026",ODbL (© contributeurs OpenStreetMap)
HT0322,routes,route tertiaire,km,3.8,SRC-028,"OSM via HOT, extrait le 06/08/2026",ODbL (© contributeurs OpenStreetMap)
HT0322,routes,rue partagée,km,3.7,SRC-028,"OSM via HOT, extrait le 06/08/2026",ODbL (© contributeurs OpenStreetMap)
HT0322,routes,rue résidentielle,km,126.3,SRC-028,"OSM via HOT, extrait le 06/08/2026",ODbL (© contributeurs OpenStreetMap)
HT0322,routes,sentier,km,6.0,SRC-028,"OSM via HOT, extrait le 06/08/2026",ODbL (© contributeurs OpenStreetMap)
HT0322,routes,voie de service,km,9.3,SRC-028,"OSM via HOT, extrait le 06/08/2026",ODbL (© contributeurs OpenStreetMap)
HT0323,routes,piste,km,27.0,SRC-028,"OSM via HOT, extrait le 06/08/2026",ODbL (© contributeurs OpenStreetMap)
HT0323,routes,route non classée,km,72.1,SRC-028,"OSM via HOT, extrait le 06/08/2026",ODbL (© contributeurs OpenStreetMap)
HT0323,routes,route primaire,km,0.0,SRC-028,"OSM via HOT, extrait le 06/08/2026",ODbL (© contributeurs OpenStreetMap)
HT0323,routes,route secondaire,km,3.0,SRC-028,"OSM via HOT, extrait le 06/08/2026",ODbL (© contributeurs OpenStreetMap)
HT0323,routes,route tertiaire,km,7.2,SRC-028,"OSM via HOT, extrait le 06/08/2026",ODbL (© contributeurs OpenStreetMap)
HT0323,routes,rue partagée,km,0.3,SRC-028,"OSM via HOT, extrait le 06/08/2026",ODbL (© contributeurs OpenStreetMap)
HT0323,routes,rue résidentielle,km,60.2,SRC-028,"OSM via HOT, extrait le 06/08/2026",ODbL (© contributeurs OpenStreetMap)
HT0323,routes,sentier,km,12.8,SRC-028,"OSM via HOT, extrait le 06/08/2026",ODbL (© contributeurs OpenStreetMap)
HT0323,routes,voie de service,km,6.9,SRC-028,"OSM via HOT, extrait le 06/08/2026",ODbL (© contributeurs OpenStreetMap)
HT0323,routes,voie piétonne,km,1.8,SRC-028,"OSM via HOT, extrait le 06/08/2026",ODbL (© contributeurs OpenStreetMap)
HT0331,routes,piste,km,6.0,SRC-028,"OSM via HOT, extrait le 06/08/2026",ODbL (© contributeurs OpenStreetMap)
HT0331,routes,route non classée,km,4.6,SRC-028,"OSM via HOT, extrait le 06/08/2026",ODbL (© contributeurs OpenStreetMap)
HT0331,routes,route primaire,km,11.2,SRC-028,"OSM via HOT, extrait le 06/08/2026",ODbL (© contributeurs OpenStreetMap)
HT0331,routes,route tertiaire,km,14.7,SRC-028,"OSM via HOT, extrait le 06/08/2026",ODbL (© contributeurs OpenStreetMap)
HT0331,routes,rue résidentielle,km,8.5,SRC-028,"OSM via HOT, extrait le 06/08/2026",ODbL (© contributeurs OpenStreetMap)
HT0331,routes,sentier,km,2.8,SRC-028,"OSM via HOT, extrait le 06/08/2026",ODbL (© contributeurs OpenStreetMap)
HT0332,routes,piste,km,8.4,SRC-028,"OSM via HOT, extrait le 06/08/2026",ODbL (© contributeurs OpenStreetMap)
HT0332,routes,route non classée,km,2.6,SRC-028,"OSM via HOT, extrait le 06/08/2026",ODbL (© contributeurs OpenStreetMap)
HT0332,routes,route tertiaire,km,20.4,SRC-028,"OSM via HOT, extrait le 06/08/2026",ODbL (© contributeurs OpenStreetMap)
HT0332,routes,rue résidentielle,km,16.1,SRC-028,"OSM via HOT, extrait le 06/08/2026",ODbL (© contributeurs OpenStreetMap)
HT0332,routes,sentier,km,38.5,SRC-028,"OSM via HOT, extrait le 06/08/2026",ODbL (© contributeurs OpenStreetMap)
HT0332,routes,voie de service,km,1.7,SRC-028,"OSM via HOT, extrait le 06/08/2026",ODbL (© contributeurs OpenStreetMap)
HT0332,routes,voie piétonne,km,3.3,SRC-028,"OSM via HOT, extrait le 06/08/2026",ODbL (© contributeurs OpenStreetMap)
HT0341,routes,piste,km,42.9,SRC-028,"OSM via HOT, extrait le 06/08/2026",ODbL (© contributeurs OpenStreetMap)
HT0341,routes,route non classée,km,83.1,SRC-028,"OSM via HOT, extrait le 06/08/2026",ODbL (© contributeurs OpenStreetMap)
HT0341,routes,route primaire,km,11.4,SRC-028,"OSM via HOT, extrait le 06/08/2026",ODbL (© contributeurs OpenStreetMap)
HT0341,routes,route secondaire,km,11.9,SRC-028,"OSM via HOT, extrait le 06/08/2026",ODbL (© contributeurs OpenStreetMap)
HT0341,routes,route tertiaire,km,3.2,SRC-028,"OSM via HOT, extrait le 06/08/2026",ODbL (© contributeurs OpenStreetMap)
HT0341,routes,rue résidentielle,km,20.5,SRC-028,"OSM via HOT, extrait le 06/08/2026",ODbL (© contributeurs OpenStreetMap)
HT0341,routes,sentier,km,16.0,SRC-028,"OSM via HOT, extrait le 06/08/2026",ODbL (© contributeurs OpenStreetMap)
HT0341,routes,voie de service,km,3.5,SRC-028,"OSM via HOT, extrait le 06/08/2026",ODbL (© contributeurs OpenStreetMap)
HT0341,routes,voie piétonne,km,9.8,SRC-028,"OSM via HOT, extrait le 06/08/2026",ODbL (© contributeurs OpenStreetMap)
HT0342,routes,piste,km,11.4,SRC-028,"OSM via HOT, extrait le 06/08/2026",ODbL (© contributeurs OpenStreetMap)
HT0342,routes,route non classée,km,5.6,SRC-028,"OSM via HOT, extrait le 06/08/2026",ODbL (© contributeurs OpenStreetMap)
HT0342,routes,route primaire,km,9.8,SRC-028,"OSM via HOT, extrait le 06/08/2026",ODbL (© contributeurs OpenStreetMap)
HT0342,routes,route secondaire,km,17.4,SRC-028,"OSM via HOT, extrait le 06/08/2026",ODbL (© contributeurs OpenStreetMap)
HT0342,routes,rue résidentielle,km,5.7,SRC-028,"OSM via HOT, extrait le 06/08/2026",ODbL (© contributeurs OpenStreetMap)
HT0342,routes,sentier,km,10.9,SRC-028,"OSM via HOT, extrait le 06/08/2026",ODbL (© contributeurs OpenStreetMap)
HT0342,routes,voie de service,km,0.5,SRC-028,"OSM via HOT, extrait le 06/08/2026",ODbL (© contributeurs OpenStreetMap)
HT0342,routes,voie piétonne,km,1.3,SRC-028,"OSM via HOT, extrait le 06/08/2026",ODbL (© contributeurs OpenStreetMap)
HT0343,routes,piste,km,45.9,SRC-028,"OSM via HOT, extrait le 06/08/2026",ODbL (© contributeurs OpenStreetMap)
HT0343,routes,route non classée,km,21.9,SRC-028,"OSM via HOT, extrait le 06/08/2026",ODbL (© contributeurs OpenStreetMap)
HT0343,routes,route tertiaire,km,14.3,SRC-028,"OSM via HOT, extrait le 06/08/2026",ODbL (© contributeurs OpenStreetMap)
HT0343,routes,rue résidentielle,km,8.4,SRC-028,"OSM via HOT, extrait le 06/08/2026",ODbL (© contributeurs OpenStreetMap)
HT0343,routes,sentier,km,70.1,SRC-028,"OSM via HOT, extrait le 06/08/2026",ODbL (© contributeurs OpenStreetMap)
HT0343,routes,voie de service,km,0.7,SRC-028,"OSM via HOT, extrait le 06/08/2026",ODbL (© contributeurs OpenStreetMap)
HT0343,routes,voie piétonne,km,4.9,SRC-028,"OSM via HOT, extrait le 06/08/2026",ODbL (© contributeurs OpenStreetMap)
HT0344,routes,piste,km,74.1,SRC-028,"OSM via HOT, extrait le 06/08/2026",ODbL (© contributeurs OpenStreetMap)
HT0344,routes,route non classée,km,132.0,SRC-028,"OSM via HOT, extrait le 06/08/2026",ODbL (© contributeurs OpenStreetMap)
HT0344,routes,route primaire,km,22.2,SRC-028,"OSM via HOT, extrait le 06/08/2026",ODbL (© contributeurs OpenStreetMap)
HT0344,routes,route tertiaire,km,13.0,SRC-028,"OSM via HOT, extrait le 06/08/2026",ODbL (© contributeurs OpenStreetMap)
HT0344,routes,rue partagée,km,0.5,SRC-028,"OSM via HOT, extrait le 06/08/2026",ODbL (© contributeurs OpenStreetMap)
HT0344,routes,rue résidentielle,km,12.9,SRC-028,"OSM via HOT, extrait le 06/08/2026",ODbL (© contributeurs OpenStreetMap)
HT0344,routes,sentier,km,31.7,SRC-028,"OSM via HOT, extrait le 06/08/2026",ODbL (© contributeurs OpenStreetMap)
HT0344,routes,voie de service,km,0.8,SRC-028,"OSM via HOT, extrait le 06/08/2026",ODbL (© contributeurs OpenStreetMap)
HT0344,routes,voie piétonne,km,2.2,SRC-028,"OSM via HOT, extrait le 06/08/2026",ODbL (© contributeurs OpenStreetMap)
HT0345,routes,piste,km,23.7,SRC-028,"OSM via HOT, extrait le 06/08/2026",ODbL (© contributeurs OpenStreetMap)
HT0345,routes,route non classée,km,14.2,SRC-028,"OSM via HOT, extrait le 06/08/2026",ODbL (© contributeurs OpenStreetMap)
HT0345,routes,route tertiaire,km,15.9,SRC-028,"OSM via HOT, extrait le 06/08/2026",ODbL (© contributeurs OpenStreetMap)
HT0345,routes,rue résidentielle,km,7.1,SRC-028,"OSM via HOT, extrait le 06/08/2026",ODbL (© contributeurs OpenStreetMap)
HT0345,routes,sentier,km,17.5,SRC-028,"OSM via HOT, extrait le 06/08/2026",ODbL (© contributeurs OpenStreetMap)
HT0345,routes,voie de service,km,1.0,SRC-028,"OSM via HOT, extrait le 06/08/2026",ODbL (© contributeurs OpenStreetMap)
HT0345,routes,voie piétonne,km,0.6,SRC-028,"OSM via HOT, extrait le 06/08/2026",ODbL (© contributeurs OpenStreetMap)
HT0351,routes,piste,km,5.3,SRC-028,"OSM via HOT, extrait le 06/08/2026",ODbL (© contributeurs OpenStreetMap)
HT0351,routes,route non classée,km,3.4,SRC-028,"OSM via HOT, extrait le 06/08/2026",ODbL (© contributeurs OpenStreetMap)
HT0351,routes,route secondaire,km,17.4,SRC-028,"OSM via HOT, extrait le 06/08/2026",ODbL (© contributeurs OpenStreetMap)
HT0351,routes,rue résidentielle,km,7.8,SRC-028,"OSM via HOT, extrait le 06/08/2026",ODbL (© contributeurs OpenStreetMap)
HT0351,routes,sentier,km,35.9,SRC-028,"OSM via HOT, extrait le 06/08/2026",ODbL (© contributeurs OpenStreetMap)
HT0351,routes,voie de service,km,0.0,SRC-028,"OSM via HOT, extrait le 06/08/2026",ODbL (© contributeurs OpenStreetMap)
HT0351,routes,voie piétonne,km,1.6,SRC-028,"OSM via HOT, extrait le 06/08/2026",ODbL (© contributeurs OpenStreetMap)
HT0352,routes,route non classée,km,14.4,SRC-028,"OSM via HOT, extrait le 06/08/2026",ODbL (© contributeurs OpenStreetMap)
HT0352,routes,route secondaire,km,23.3,SRC-028,"OSM via HOT, extrait le 06/08/2026",ODbL (© contributeurs OpenStreetMap)
HT0352,routes,rue résidentielle,km,12.6,SRC-028,"OSM via HOT, extrait le 06/08/2026",ODbL (© contributeurs OpenStreetMap)
HT0352,routes,sentier,km,4.9,SRC-028,"OSM via HOT, extrait le 06/08/2026",ODbL (© contributeurs OpenStreetMap)
HT0352,routes,voie de service,km,0.1,SRC-028,"OSM via HOT, extrait le 06/08/2026",ODbL (© contributeurs OpenStreetMap)
HT0352,routes,voie piétonne,km,0.7,SRC-028,"OSM via HOT, extrait le 06/08/2026",ODbL (© contributeurs OpenStreetMap)
HT0361,routes,piste,km,1.8,SRC-028,"OSM via HOT, extrait le 06/08/2026",ODbL (© contributeurs OpenStreetMap)
HT0361,routes,route non classée,km,16.2,SRC-028,"OSM via HOT, extrait le 06/08/2026",ODbL (© contributeurs OpenStreetMap)
HT0361,routes,route primaire,km,23.0,SRC-028,"OSM via HOT, extrait le 06/08/2026",ODbL (© contributeurs OpenStreetMap)
HT0361,routes,rue partagée,km,0.2,SRC-028,"OSM via HOT, extrait le 06/08/2026",ODbL (© contributeurs OpenStreetMap)
HT0361,routes,rue résidentielle,km,28.3,SRC-028,"OSM via HOT, extrait le 06/08/2026",ODbL (© contributeurs OpenStreetMap)
HT0361,routes,sentier,km,1.1,SRC-028,"OSM via HOT, extrait le 06/08/2026",ODbL (© contributeurs OpenStreetMap)
HT0361,routes,voie de service,km,0.4,SRC-028,"OSM via HOT, extrait le 06/08/2026",ODbL (© contributeurs OpenStreetMap)
HT0361,routes,voie piétonne,km,2.2,SRC-028,"OSM via HOT, extrait le 06/08/2026",ODbL (© contributeurs OpenStreetMap)
HT0362,routes,piste,km,2.9,SRC-028,"OSM via HOT, extrait le 06/08/2026",ODbL (© contributeurs OpenStreetMap)
HT0362,routes,route non classée,km,9.9,SRC-028,"OSM via HOT, extrait le 06/08/2026",ODbL (© contributeurs OpenStreetMap)
HT0362,routes,route primaire,km,0.7,SRC-028,"OSM via HOT, extrait le 06/08/2026",ODbL (© contributeurs OpenStreetMap)
HT0362,routes,route tertiaire,km,13.5,SRC-028,"OSM via HOT, extrait le 06/08/2026",ODbL (© contributeurs OpenStreetMap)
HT0362,routes,rue résidentielle,km,19.5,SRC-028,"OSM via HOT, extrait le 06/08/2026",ODbL (© contributeurs OpenStreetMap)
HT0362,routes,sentier,km,3.8,SRC-028,"OSM via HOT, extrait le 06/08/2026",ODbL (© contributeurs OpenStreetMap)
HT0362,routes,voie de service,km,0.2,SRC-028,"OSM via HOT, extrait le 06/08/2026",ODbL (© contributeurs OpenStreetMap)
HT0371,routes,piste,km,3.6,SRC-028,"OSM via HOT, extrait le 06/08/2026",ODbL (© contributeurs OpenStreetMap)
HT0371,routes,route non classée,km,13.1,SRC-028,"OSM via HOT, extrait le 06/08/2026",ODbL (© contributeurs OpenStreetMap)
HT0371,routes,route primaire,km,18.4,SRC-028,"OSM via HOT, extrait le 06/08/2026",ODbL (© contributeurs OpenStreetMap)
HT0371,routes,rue partagée,km,0.0,SRC-028,"OSM via HOT, extrait le 06/08/2026",ODbL (© contributeurs OpenStreetMap)
HT0371,routes,rue résidentielle,km,12.5,SRC-028,"OSM via HOT, extrait le 06/08/2026",ODbL (© contributeurs OpenStreetMap)
HT0371,routes,sentier,km,9.2,SRC-028,"OSM via HOT, extrait le 06/08/2026",ODbL (© contributeurs OpenStreetMap)
HT0371,routes,voie de service,km,0.1,SRC-028,"OSM via HOT, extrait le 06/08/2026",ODbL (© contributeurs OpenStreetMap)
HT0371,routes,voie piétonne,km,0.3,SRC-028,"OSM via HOT, extrait le 06/08/2026",ODbL (© contributeurs OpenStreetMap)
HT0372,routes,piste,km,2.4,SRC-028,"OSM via HOT, extrait le 06/08/2026",ODbL (© contributeurs OpenStreetMap)
HT0372,routes,route non classée,km,14.7,SRC-028,"OSM via HOT, extrait le 06/08/2026",ODbL (© contributeurs OpenStreetMap)
HT0372,routes,rue résidentielle,km,20.5,SRC-028,"OSM via HOT, extrait le 06/08/2026",ODbL (© contributeurs OpenStreetMap)
HT0372,routes,sentier,km,3.5,SRC-028,"OSM via HOT, extrait le 06/08/2026",ODbL (© contributeurs OpenStreetMap)
HT0372,routes,voie piétonne,km,4.7,SRC-028,"OSM via HOT, extrait le 06/08/2026",ODbL (© contributeurs OpenStreetMap)
HT0411,routes,piste,km,59.6,SRC-028,"OSM via HOT, extrait le 06/08/2026",ODbL (© contributeurs OpenStreetMap)
HT0411,routes,route non classée,km,63.4,SRC-028,"OSM via HOT, extrait le 06/08/2026",ODbL (© contributeurs OpenStreetMap)
HT0411,routes,route primaire,km,12.5,SRC-028,"OSM via HOT, extrait le 06/08/2026",ODbL (© contributeurs OpenStreetMap)
HT0411,routes,route secondaire,km,3.8,SRC-028,"OSM via HOT, extrait le 06/08/2026",ODbL (© contributeurs OpenStreetMap)
HT0411,routes,route tertiaire,km,52.6,SRC-028,"OSM via HOT, extrait le 06/08/2026",ODbL (© contributeurs OpenStreetMap)
HT0411,routes,rue partagée,km,1.9,SRC-028,"OSM via HOT, extrait le 06/08/2026",ODbL (© contributeurs OpenStreetMap)
HT0411,routes,rue résidentielle,km,39.8,SRC-028,"OSM via HOT, extrait le 06/08/2026",ODbL (© contributeurs OpenStreetMap)
HT0411,routes,sentier,km,103.1,SRC-028,"OSM via HOT, extrait le 06/08/2026",ODbL (© contributeurs OpenStreetMap)
HT0411,routes,voie de service,km,7.1,SRC-028,"OSM via HOT, extrait le 06/08/2026",ODbL (© contributeurs OpenStreetMap)
HT0411,routes,voie piétonne,km,4.0,SRC-028,"OSM via HOT, extrait le 06/08/2026",ODbL (© contributeurs OpenStreetMap)
HT0412,routes,piste,km,38.9,SRC-028,"OSM via HOT, extrait le 06/08/2026",ODbL (© contributeurs OpenStreetMap)
HT0412,routes,route non classée,km,29.3,SRC-028,"OSM via HOT, extrait le 06/08/2026",ODbL (© contributeurs OpenStreetMap)
HT0412,routes,route tertiaire,km,7.2,SRC-028,"OSM via HOT, extrait le 06/08/2026",ODbL (© contributeurs OpenStreetMap)
HT0412,routes,rue résidentielle,km,17.0,SRC-028,"OSM via HOT, extrait le 06/08/2026",ODbL (© contributeurs OpenStreetMap)
HT0412,routes,sentier,km,94.1,SRC-028,"OSM via HOT, extrait le 06/08/2026",ODbL (© contributeurs OpenStreetMap)
HT0412,routes,voie de service,km,1.2,SRC-028,"OSM via HOT, extrait le 06/08/2026",ODbL (© contributeurs OpenStreetMap)
HT0413,routes,piste,km,0.7,SRC-028,"OSM via HOT, extrait le 06/08/2026",ODbL (© contributeurs OpenStreetMap)
HT0413,routes,route non classée,km,6.3,SRC-028,"OSM via HOT, extrait le 06/08/2026",ODbL (© contributeurs OpenStreetMap)
HT0413,routes,route tertiaire,km,5.9,SRC-028,"OSM via HOT, extrait le 06/08/2026",ODbL (© contributeurs OpenStreetMap)
HT0413,routes,rue résidentielle,km,5.0,SRC-028,"OSM via HOT, extrait le 06/08/2026",ODbL (© contributeurs OpenStreetMap)
HT0413,routes,sentier,km,4.9,SRC-028,"OSM via HOT, extrait le 06/08/2026",ODbL (© contributeurs OpenStreetMap)
HT0421,routes,piste,km,49.2,SRC-028,"OSM via HOT, extrait le 06/08/2026",ODbL (© contributeurs OpenStreetMap)
HT0421,routes,route non classée,km,103.5,SRC-028,"OSM via HOT, extrait le 06/08/2026",ODbL (© contributeurs OpenStreetMap)
HT0421,routes,route primaire,km,12.3,SRC-028,"OSM via HOT, extrait le 06/08/2026",ODbL (© contributeurs OpenStreetMap)
HT0421,routes,route secondaire,km,22.5,SRC-028,"OSM via HOT, extrait le 06/08/2026",ODbL (© contributeurs OpenStreetMap)
HT0421,routes,route tertiaire,km,19.0,SRC-028,"OSM via HOT, extrait le 06/08/2026",ODbL (© contributeurs OpenStreetMap)
HT0421,routes,rue résidentielle,km,156.1,SRC-028,"OSM via HOT, extrait le 06/08/2026",ODbL (© contributeurs OpenStreetMap)
HT0421,routes,sentier,km,95.4,SRC-028,"OSM via HOT, extrait le 06/08/2026",ODbL (© contributeurs OpenStreetMap)
HT0421,routes,voie de service,km,20.9,SRC-028,"OSM via HOT, extrait le 06/08/2026",ODbL (© contributeurs OpenStreetMap)
HT0421,routes,voie piétonne,km,0.7,SRC-028,"OSM via HOT, extrait le 06/08/2026",ODbL (© contributeurs OpenStreetMap)
HT0422,routes,piste,km,5.2,SRC-028,"OSM via HOT, extrait le 06/08/2026",ODbL (© contributeurs OpenStreetMap)
HT0422,routes,route non classée,km,30.4,SRC-028,"OSM via HOT, extrait le 06/08/2026",ODbL (© contributeurs OpenStreetMap)
HT0422,routes,route tertiaire,km,18.2,SRC-028,"OSM via HOT, extrait le 06/08/2026",ODbL (© contributeurs OpenStreetMap)
HT0422,routes,rue résidentielle,km,16.8,SRC-028,"OSM via HOT, extrait le 06/08/2026",ODbL (© contributeurs OpenStreetMap)
HT0422,routes,sentier,km,0.1,SRC-028,"OSM via HOT, extrait le 06/08/2026",ODbL (© contributeurs OpenStreetMap)
HT0422,routes,voie de service,km,0.1,SRC-028,"OSM via HOT, extrait le 06/08/2026",ODbL (© contributeurs OpenStreetMap)
HT0423,routes,piste,km,4.2,SRC-028,"OSM via HOT, extrait le 06/08/2026",ODbL (© contributeurs OpenStreetMap)
HT0423,routes,route non classée,km,34.6,SRC-028,"OSM via HOT, extrait le 06/08/2026",ODbL (© contributeurs OpenStreetMap)
HT0423,routes,route secondaire,km,7.4,SRC-028,"OSM via HOT, extrait le 06/08/2026",ODbL (© contributeurs OpenStreetMap)
HT0423,routes,rue résidentielle,km,1.4,SRC-028,"OSM via HOT, extrait le 06/08/2026",ODbL (© contributeurs OpenStreetMap)
HT0423,routes,voie de service,km,0.1,SRC-028,"OSM via HOT, extrait le 06/08/2026",ODbL (© contributeurs OpenStreetMap)
HT0431,routes,piste,km,18.0,SRC-028,"OSM via HOT, extrait le 06/08/2026",ODbL (© contributeurs OpenStreetMap)
HT0431,routes,route non classée,km,39.1,SRC-028,"OSM via HOT, extrait le 06/08/2026",ODbL (© contributeurs OpenStreetMap)
HT0431,routes,route primaire,km,0.4,SRC-028,"OSM via HOT, extrait le 06/08/2026",ODbL (© contributeurs OpenStreetMap)
HT0431,routes,route secondaire,km,9.9,SRC-028,"OSM via HOT, extrait le 06/08/2026",ODbL (© contributeurs OpenStreetMap)
HT0431,routes,route tertiaire,km,16.3,SRC-028,"OSM via HOT, extrait le 06/08/2026",ODbL (© contributeurs OpenStreetMap)
HT0431,routes,rue partagée,km,0.9,SRC-028,"OSM via HOT, extrait le 06/08/2026",ODbL (© contributeurs OpenStreetMap)
HT0431,routes,rue résidentielle,km,42.2,SRC-028,"OSM via HOT, extrait le 06/08/2026",ODbL (© contributeurs OpenStreetMap)
HT0431,routes,sentier,km,54.2,SRC-028,"OSM via HOT, extrait le 06/08/2026",ODbL (© contributeurs OpenStreetMap)
HT0431,routes,voie de service,km,2.1,SRC-028,"OSM via HOT, extrait le 06/08/2026",ODbL (© contributeurs OpenStreetMap)
HT0431,routes,voie piétonne,km,3.6,SRC-028,"OSM via HOT, extrait le 06/08/2026",ODbL (© contributeurs OpenStreetMap)
HT0432,routes,piste,km,19.7,SRC-028,"OSM via HOT, extrait le 06/08/2026",ODbL (© contributeurs OpenStreetMap)
HT0432,routes,route non classée,km,13.5,SRC-028,"OSM via HOT, extrait le 06/08/2026",ODbL (© contributeurs OpenStreetMap)
HT0432,routes,route tertiaire,km,11.8,SRC-028,"OSM via HOT, extrait le 06/08/2026",ODbL (© contributeurs OpenStreetMap)
HT0432,routes,rue résidentielle,km,1.0,SRC-028,"OSM via HOT, extrait le 06/08/2026",ODbL (© contributeurs OpenStreetMap)
HT0432,routes,sentier,km,12.3,SRC-028,"OSM via HOT, extrait le 06/08/2026",ODbL (© contributeurs OpenStreetMap)
HT0432,routes,voie piétonne,km,1.4,SRC-028,"OSM via HOT, extrait le 06/08/2026",ODbL (© contributeurs OpenStreetMap)
HT0433,routes,piste,km,86.2,SRC-028,"OSM via HOT, extrait le 06/08/2026",ODbL (© contributeurs OpenStreetMap)
HT0433,routes,route non classée,km,66.8,SRC-028,"OSM via HOT, extrait le 06/08/2026",ODbL (© contributeurs OpenStreetMap)
HT0433,routes,route primaire,km,12.1,SRC-028,"OSM via HOT, extrait le 06/08/2026",ODbL (© contributeurs OpenStreetMap)
HT0433,routes,route tertiaire,km,24.5,SRC-028,"OSM via HOT, extrait le 06/08/2026",ODbL (© contributeurs OpenStreetMap)
HT0433,routes,rue partagée,km,0.5,SRC-028,"OSM via HOT, extrait le 06/08/2026",ODbL (© contributeurs OpenStreetMap)
HT0433,routes,rue résidentielle,km,30.6,SRC-028,"OSM via HOT, extrait le 06/08/2026",ODbL (© contributeurs OpenStreetMap)
HT0433,routes,sentier,km,43.1,SRC-028,"OSM via HOT, extrait le 06/08/2026",ODbL (© contributeurs OpenStreetMap)
HT0433,routes,voie de service,km,2.9,SRC-028,"OSM via HOT, extrait le 06/08/2026",ODbL (© contributeurs OpenStreetMap)
HT0433,routes,voie piétonne,km,2.6,SRC-028,"OSM via HOT, extrait le 06/08/2026",ODbL (© contributeurs OpenStreetMap)
HT0434,routes,piste,km,31.7,SRC-028,"OSM via HOT, extrait le 06/08/2026",ODbL (© contributeurs OpenStreetMap)
HT0434,routes,route non classée,km,17.0,SRC-028,"OSM via HOT, extrait le 06/08/2026",ODbL (© contributeurs OpenStreetMap)
HT0434,routes,route primaire,km,7.6,SRC-028,"OSM via HOT, extrait le 06/08/2026",ODbL (© contributeurs OpenStreetMap)
HT0434,routes,route secondaire,km,0.8,SRC-028,"OSM via HOT, extrait le 06/08/2026",ODbL (© contributeurs OpenStreetMap)
HT0434,routes,route tertiaire,km,9.1,SRC-028,"OSM via HOT, extrait le 06/08/2026",ODbL (© contributeurs OpenStreetMap)
HT0434,routes,rue résidentielle,km,19.0,SRC-028,"OSM via HOT, extrait le 06/08/2026",ODbL (© contributeurs OpenStreetMap)
HT0434,routes,sentier,km,52.0,SRC-028,"OSM via HOT, extrait le 06/08/2026",ODbL (© contributeurs OpenStreetMap)
HT0434,routes,voie de service,km,13.3,SRC-028,"OSM via HOT, extrait le 06/08/2026",ODbL (© contributeurs OpenStreetMap)
HT0434,routes,voie piétonne,km,4.4,SRC-028,"OSM via HOT, extrait le 06/08/2026",ODbL (© contributeurs OpenStreetMap)
HT0441,routes,piste,km,5.8,SRC-028,"OSM via HOT, extrait le 06/08/2026",ODbL (© contributeurs OpenStreetMap)
HT0441,routes,route non classée,km,1.3,SRC-028,"OSM via HOT, extrait le 06/08/2026",ODbL (© contributeurs OpenStreetMap)
HT0441,routes,rue résidentielle,km,6.0,SRC-028,"OSM via HOT, extrait le 06/08/2026",ODbL (© contributeurs OpenStreetMap)
HT0441,routes,sentier,km,4.9,SRC-028,"OSM via HOT, extrait le 06/08/2026",ODbL (© contributeurs OpenStreetMap)
HT0441,routes,voie piétonne,km,0.7,SRC-028,"OSM via HOT, extrait le 06/08/2026",ODbL (© contributeurs OpenStreetMap)
HT0442,routes,piste,km,1.9,SRC-028,"OSM via HOT, extrait le 06/08/2026",ODbL (© contributeurs OpenStreetMap)
HT0442,routes,route non classée,km,11.4,SRC-028,"OSM via HOT, extrait le 06/08/2026",ODbL (© contributeurs OpenStreetMap)
HT0442,routes,route secondaire,km,1.3,SRC-028,"OSM via HOT, extrait le 06/08/2026",ODbL (© contributeurs OpenStreetMap)
HT0442,routes,route tertiaire,km,23.5,SRC-028,"OSM via HOT, extrait le 06/08/2026",ODbL (© contributeurs OpenStreetMap)
HT0442,routes,rue résidentielle,km,4.9,SRC-028,"OSM via HOT, extrait le 06/08/2026",ODbL (© contributeurs OpenStreetMap)
HT0442,routes,voie de service,km,0.3,SRC-028,"OSM via HOT, extrait le 06/08/2026",ODbL (© contributeurs OpenStreetMap)
HT0443,routes,piste,km,32.6,SRC-028,"OSM via HOT, extrait le 06/08/2026",ODbL (© contributeurs OpenStreetMap)
HT0443,routes,route non classée,km,38.6,SRC-028,"OSM via HOT, extrait le 06/08/2026",ODbL (© contributeurs OpenStreetMap)
HT0443,routes,route secondaire,km,22.1,SRC-028,"OSM via HOT, extrait le 06/08/2026",ODbL (© contributeurs OpenStreetMap)
HT0443,routes,route tertiaire,km,13.3,SRC-028,"OSM via HOT, extrait le 06/08/2026",ODbL (© contributeurs OpenStreetMap)
HT0443,routes,rue résidentielle,km,9.3,SRC-028,"OSM via HOT, extrait le 06/08/2026",ODbL (© contributeurs OpenStreetMap)
HT0443,routes,sentier,km,11.0,SRC-028,"OSM via HOT, extrait le 06/08/2026",ODbL (© contributeurs OpenStreetMap)
HT0443,routes,voie de service,km,0.3,SRC-028,"OSM via HOT, extrait le 06/08/2026",ODbL (© contributeurs OpenStreetMap)
HT0511,routes,piste,km,120.0,SRC-028,"OSM via HOT, extrait le 06/08/2026",ODbL (© contributeurs OpenStreetMap)
HT0511,routes,route non classée,km,320.7,SRC-028,"OSM via HOT, extrait le 06/08/2026",ODbL (© contributeurs OpenStreetMap)
HT0511,routes,route primaire,km,41.0,SRC-028,"OSM via HOT, extrait le 06/08/2026",ODbL (© contributeurs OpenStreetMap)
HT0511,routes,route secondaire,km,17.4,SRC-028,"OSM via HOT, extrait le 06/08/2026",ODbL (© contributeurs OpenStreetMap)
HT0511,routes,route tertiaire,km,21.2,SRC-028,"OSM via HOT, extrait le 06/08/2026",ODbL (© contributeurs OpenStreetMap)
HT0511,routes,rue partagée,km,0.1,SRC-028,"OSM via HOT, extrait le 06/08/2026",ODbL (© contributeurs OpenStreetMap)
HT0511,routes,rue résidentielle,km,379.7,SRC-028,"OSM via HOT, extrait le 06/08/2026",ODbL (© contributeurs OpenStreetMap)
HT0511,routes,sentier,km,12.5,SRC-028,"OSM via HOT, extrait le 06/08/2026",ODbL (© contributeurs OpenStreetMap)
HT0511,routes,voie de service,km,48.3,SRC-028,"OSM via HOT, extrait le 06/08/2026",ODbL (© contributeurs OpenStreetMap)
HT0511,routes,voie piétonne,km,3.5,SRC-028,"OSM via HOT, extrait le 06/08/2026",ODbL (© contributeurs OpenStreetMap)
HT0512,routes,piste,km,27.3,SRC-028,"OSM via HOT, extrait le 06/08/2026",ODbL (© contributeurs OpenStreetMap)
HT0512,routes,route non classée,km,48.3,SRC-028,"OSM via HOT, extrait le 06/08/2026",ODbL (© contributeurs OpenStreetMap)
HT0512,routes,route primaire,km,21.9,SRC-028,"OSM via HOT, extrait le 06/08/2026",ODbL (© contributeurs OpenStreetMap)
HT0512,routes,route secondaire,km,14.7,SRC-028,"OSM via HOT, extrait le 06/08/2026",ODbL (© contributeurs OpenStreetMap)
HT0512,routes,rue résidentielle,km,24.2,SRC-028,"OSM via HOT, extrait le 06/08/2026",ODbL (© contributeurs OpenStreetMap)
HT0512,routes,sentier,km,22.6,SRC-028,"OSM via HOT, extrait le 06/08/2026",ODbL (© contributeurs OpenStreetMap)
HT0512,routes,voie de service,km,0.5,SRC-028,"OSM via HOT, extrait le 06/08/2026",ODbL (© contributeurs OpenStreetMap)
HT0513,routes,piste,km,33.7,SRC-028,"OSM via HOT, extrait le 06/08/2026",ODbL (© contributeurs OpenStreetMap)
HT0513,routes,route non classée,km,54.5,SRC-028,"OSM via HOT, extrait le 06/08/2026",ODbL (© contributeurs OpenStreetMap)
HT0513,routes,route primaire,km,15.5,SRC-028,"OSM via HOT, extrait le 06/08/2026",ODbL (© contributeurs OpenStreetMap)
HT0513,routes,route secondaire,km,4.2,SRC-028,"OSM via HOT, extrait le 06/08/2026",ODbL (© contributeurs OpenStreetMap)
HT0513,routes,rue résidentielle,km,38.7,SRC-028,"OSM via HOT, extrait le 06/08/2026",ODbL (© contributeurs OpenStreetMap)
HT0513,routes,sentier,km,0.1,SRC-028,"OSM via HOT, extrait le 06/08/2026",ODbL (© contributeurs OpenStreetMap)
HT0513,routes,voie de service,km,1.8,SRC-028,"OSM via HOT, extrait le 06/08/2026",ODbL (© contributeurs OpenStreetMap)
HT0513,routes,voie piétonne,km,1.8,SRC-028,"OSM via HOT, extrait le 06/08/2026",ODbL (© contributeurs OpenStreetMap)
HT0521,routes,piste,km,352.0,SRC-028,"OSM via HOT, extrait le 06/08/2026",ODbL (© contributeurs OpenStreetMap)
HT0521,routes,route non classée,km,348.3,SRC-028,"OSM via HOT, extrait le 06/08/2026",ODbL (© contributeurs OpenStreetMap)
HT0521,routes,route primaire,km,28.7,SRC-028,"OSM via HOT, extrait le 06/08/2026",ODbL (© contributeurs OpenStreetMap)
HT0521,routes,route tertiaire,km,14.0,SRC-028,"OSM via HOT, extrait le 06/08/2026",ODbL (© contributeurs OpenStreetMap)
HT0521,routes,rue résidentielle,km,124.5,SRC-028,"OSM via HOT, extrait le 06/08/2026",ODbL (© contributeurs OpenStreetMap)
HT0521,routes,sentier,km,209.1,SRC-028,"OSM via HOT, extrait le 06/08/2026",ODbL (© contributeurs OpenStreetMap)
HT0521,routes,voie de service,km,1.5,SRC-028,"OSM via HOT, extrait le 06/08/2026",ODbL (© contributeurs OpenStreetMap)
HT0522,routes,piste,km,12.0,SRC-028,"OSM via HOT, extrait le 06/08/2026",ODbL (© contributeurs OpenStreetMap)
HT0522,routes,route non classée,km,61.1,SRC-028,"OSM via HOT, extrait le 06/08/2026",ODbL (© contributeurs OpenStreetMap)
HT0522,routes,route tertiaire,km,26.0,SRC-028,"OSM via HOT, extrait le 06/08/2026",ODbL (© contributeurs OpenStreetMap)
HT0522,routes,rue résidentielle,km,7.0,SRC-028,"OSM via HOT, extrait le 06/08/2026",ODbL (© contributeurs OpenStreetMap)
HT0522,routes,sentier,km,7.3,SRC-028,"OSM via HOT, extrait le 06/08/2026",ODbL (© contributeurs OpenStreetMap)
HT0523,routes,piste,km,70.0,SRC-028,"OSM via HOT, extrait le 06/08/2026",ODbL (© contributeurs OpenStreetMap)
HT0523,routes,route non classée,km,163.8,SRC-028,"OSM via HOT, extrait le 06/08/2026",ODbL (© contributeurs OpenStreetMap)
HT0523,routes,route secondaire,km,34.4,SRC-028,"OSM via HOT, extrait le 06/08/2026",ODbL (© contributeurs OpenStreetMap)
HT0523,routes,route tertiaire,km,59.6,SRC-028,"OSM via HOT, extrait le 06/08/2026",ODbL (© contributeurs OpenStreetMap)
HT0523,routes,rue résidentielle,km,31.2,SRC-028,"OSM via HOT, extrait le 06/08/2026",ODbL (© contributeurs OpenStreetMap)
HT0523,routes,sentier,km,33.4,SRC-028,"OSM via HOT, extrait le 06/08/2026",ODbL (© contributeurs OpenStreetMap)
HT0523,routes,voie de service,km,0.4,SRC-028,"OSM via HOT, extrait le 06/08/2026",ODbL (© contributeurs OpenStreetMap)
HT0523,routes,voie piétonne,km,8.9,SRC-028,"OSM via HOT, extrait le 06/08/2026",ODbL (© contributeurs OpenStreetMap)
HT0531,routes,piste,km,276.5,SRC-028,"OSM via HOT, extrait le 06/08/2026",ODbL (© contributeurs OpenStreetMap)
HT0531,routes,route non classée,km,323.4,SRC-028,"OSM via HOT, extrait le 06/08/2026",ODbL (© contributeurs OpenStreetMap)
HT0531,routes,route primaire,km,34.4,SRC-028,"OSM via HOT, extrait le 06/08/2026",ODbL (© contributeurs OpenStreetMap)
HT0531,routes,route secondaire,km,0.6,SRC-028,"OSM via HOT, extrait le 06/08/2026",ODbL (© contributeurs OpenStreetMap)
HT0531,routes,route tertiaire,km,7.2,SRC-028,"OSM via HOT, extrait le 06/08/2026",ODbL (© contributeurs OpenStreetMap)
HT0531,routes,rue partagée,km,1.2,SRC-028,"OSM via HOT, extrait le 06/08/2026",ODbL (© contributeurs OpenStreetMap)
HT0531,routes,rue résidentielle,km,282.2,SRC-028,"OSM via HOT, extrait le 06/08/2026",ODbL (© contributeurs OpenStreetMap)
HT0531,routes,sentier,km,223.0,SRC-028,"OSM via HOT, extrait le 06/08/2026",ODbL (© contributeurs OpenStreetMap)
HT0531,routes,voie de service,km,48.3,SRC-028,"OSM via HOT, extrait le 06/08/2026",ODbL (© contributeurs OpenStreetMap)
HT0531,routes,voie piétonne,km,21.8,SRC-028,"OSM via HOT, extrait le 06/08/2026",ODbL (© contributeurs OpenStreetMap)
HT0532,routes,piste,km,218.5,SRC-028,"OSM via HOT, extrait le 06/08/2026",ODbL (© contributeurs OpenStreetMap)
HT0532,routes,route non classée,km,232.5,SRC-028,"OSM via HOT, extrait le 06/08/2026",ODbL (© contributeurs OpenStreetMap)
HT0532,routes,route secondaire,km,34.6,SRC-028,"OSM via HOT, extrait le 06/08/2026",ODbL (© contributeurs OpenStreetMap)
HT0532,routes,rue partagée,km,3.4,SRC-028,"OSM via HOT, extrait le 06/08/2026",ODbL (© contributeurs OpenStreetMap)
HT0532,routes,rue résidentielle,km,173.9,SRC-028,"OSM via HOT, extrait le 06/08/2026",ODbL (© contributeurs OpenStreetMap)
HT0532,routes,sentier,km,88.2,SRC-028,"OSM via HOT, extrait le 06/08/2026",ODbL (© contributeurs OpenStreetMap)
HT0532,routes,voie de service,km,10.7,SRC-028,"OSM via HOT, extrait le 06/08/2026",ODbL (© contributeurs OpenStreetMap)
HT0532,routes,voie piétonne,km,5.8,SRC-028,"OSM via HOT, extrait le 06/08/2026",ODbL (© contributeurs OpenStreetMap)
HT0533,routes,piste,km,23.8,SRC-028,"OSM via HOT, extrait le 06/08/2026",ODbL (© contributeurs OpenStreetMap)
HT0533,routes,route non classée,km,29.8,SRC-028,"OSM via HOT, extrait le 06/08/2026",ODbL (© contributeurs OpenStreetMap)
HT0533,routes,route secondaire,km,42.1,SRC-028,"OSM via HOT, extrait le 06/08/2026",ODbL (© contributeurs OpenStreetMap)
HT0533,routes,rue résidentielle,km,10.4,SRC-028,"OSM via HOT, extrait le 06/08/2026",ODbL (© contributeurs OpenStreetMap)
HT0533,routes,sentier,km,2.2,SRC-028,"OSM via HOT, extrait le 06/08/2026",ODbL (© contributeurs OpenStreetMap)
HT0533,routes,voie de service,km,0.8,SRC-028,"OSM via HOT, extrait le 06/08/2026",ODbL (© contributeurs OpenStreetMap)
HT0533,routes,voie piétonne,km,0.3,SRC-028,"OSM via HOT, extrait le 06/08/2026",ODbL (© contributeurs OpenStreetMap)
HT0541,routes,piste,km,196.3,SRC-028,"OSM via HOT, extrait le 06/08/2026",ODbL (© contributeurs OpenStreetMap)
HT0541,routes,route non classée,km,248.8,SRC-028,"OSM via HOT, extrait le 06/08/2026",ODbL (© contributeurs OpenStreetMap)
HT0541,routes,route primaire,km,17.4,SRC-028,"OSM via HOT, extrait le 06/08/2026",ODbL (© contributeurs OpenStreetMap)
HT0541,routes,route secondaire,km,20.3,SRC-028,"OSM via HOT, extrait le 06/08/2026",ODbL (© contributeurs OpenStreetMap)
HT0541,routes,route tertiaire,km,56.3,SRC-028,"OSM via HOT, extrait le 06/08/2026",ODbL (© contributeurs OpenStreetMap)
HT0541,routes,rue partagée,km,0.3,SRC-028,"OSM via HOT, extrait le 06/08/2026",ODbL (© contributeurs OpenStreetMap)
HT0541,routes,rue résidentielle,km,147.9,SRC-028,"OSM via HOT, extrait le 06/08/2026",ODbL (© contributeurs OpenStreetMap)
HT0541,routes,sentier,km,834.4,SRC-028,"OSM via HOT, extrait le 06/08/2026",ODbL (© contributeurs OpenStreetMap)
HT0541,routes,voie de service,km,19.8,SRC-028,"OSM via HOT, extrait le 06/08/2026",ODbL (© contributeurs OpenStreetMap)
HT0541,routes,voie piétonne,km,2.9,SRC-028,"OSM via HOT, extrait le 06/08/2026",ODbL (© contributeurs OpenStreetMap)
HT0542,routes,piste,km,155.7,SRC-028,"OSM via HOT, extrait le 06/08/2026",ODbL (© contributeurs OpenStreetMap)
HT0542,routes,route non classée,km,251.0,SRC-028,"OSM via HOT, extrait le 06/08/2026",ODbL (© contributeurs OpenStreetMap)
HT0542,routes,route secondaire,km,19.1,SRC-028,"OSM via HOT, extrait le 06/08/2026",ODbL (© contributeurs OpenStreetMap)
HT0542,routes,route tertiaire,km,6.4,SRC-028,"OSM via HOT, extrait le 06/08/2026",ODbL (© contributeurs OpenStreetMap)
HT0542,routes,rue partagée,km,0.4,SRC-028,"OSM via HOT, extrait le 06/08/2026",ODbL (© contributeurs OpenStreetMap)
HT0542,routes,rue résidentielle,km,91.7,SRC-028,"OSM via HOT, extrait le 06/08/2026",ODbL (© contributeurs OpenStreetMap)
HT0542,routes,sentier,km,68.0,SRC-028,"OSM via HOT, extrait le 06/08/2026",ODbL (© contributeurs OpenStreetMap)
HT0542,routes,voie de service,km,17.2,SRC-028,"OSM via HOT, extrait le 06/08/2026",ODbL (© contributeurs OpenStreetMap)
HT0542,routes,voie piétonne,km,11.0,SRC-028,"OSM via HOT, extrait le 06/08/2026",ODbL (© contributeurs OpenStreetMap)
HT0543,routes,piste,km,25.3,SRC-028,"OSM via HOT, extrait le 06/08/2026",ODbL (© contributeurs OpenStreetMap)
HT0543,routes,route non classée,km,32.6,SRC-028,"OSM via HOT, extrait le 06/08/2026",ODbL (© contributeurs OpenStreetMap)
HT0543,routes,route tertiaire,km,15.0,SRC-028,"OSM via HOT, extrait le 06/08/2026",ODbL (© contributeurs OpenStreetMap)
HT0543,routes,rue résidentielle,km,7.0,SRC-028,"OSM via HOT, extrait le 06/08/2026",ODbL (© contributeurs OpenStreetMap)
HT0543,routes,sentier,km,24.7,SRC-028,"OSM via HOT, extrait le 06/08/2026",ODbL (© contributeurs OpenStreetMap)
HT0543,routes,voie de service,km,0.8,SRC-028,"OSM via HOT, extrait le 06/08/2026",ODbL (© contributeurs OpenStreetMap)
HT0543,routes,voie piétonne,km,0.9,SRC-028,"OSM via HOT, extrait le 06/08/2026",ODbL (© contributeurs OpenStreetMap)
HT0544,routes,piste,km,10.9,SRC-028,"OSM via HOT, extrait le 06/08/2026",ODbL (© contributeurs OpenStreetMap)
HT0544,routes,route non classée,km,51.2,SRC-028,"OSM via HOT, extrait le 06/08/2026",ODbL (© contributeurs OpenStreetMap)
HT0544,routes,route tertiaire,km,10.0,SRC-028,"OSM via HOT, extrait le 06/08/2026",ODbL (© contributeurs OpenStreetMap)
HT0544,routes,rue résidentielle,km,18.5,SRC-028,"OSM via HOT, extrait le 06/08/2026",ODbL (© contributeurs OpenStreetMap)
HT0544,routes,sentier,km,10.2,SRC-028,"OSM via HOT, extrait le 06/08/2026",ODbL (© contributeurs OpenStreetMap)
HT0544,routes,voie de service,km,7.8,SRC-028,"OSM via HOT, extrait le 06/08/2026",ODbL (© contributeurs OpenStreetMap)
HT0551,routes,piste,km,312.4,SRC-028,"OSM via HOT, extrait le 06/08/2026",ODbL (© contributeurs OpenStreetMap)
HT0551,routes,route non classée,km,210.4,SRC-028,"OSM via HOT, extrait le 06/08/2026",ODbL (© contributeurs OpenStreetMap)
HT0551,routes,route secondaire,km,39.3,SRC-028,"OSM via HOT, extrait le 06/08/2026",ODbL (© contributeurs OpenStreetMap)
HT0551,routes,route tertiaire,km,37.5,SRC-028,"OSM via HOT, extrait le 06/08/2026",ODbL (© contributeurs OpenStreetMap)
HT0551,routes,rue partagée,km,0.3,SRC-028,"OSM via HOT, extrait le 06/08/2026",ODbL (© contributeurs OpenStreetMap)
HT0551,routes,rue résidentielle,km,76.4,SRC-028,"OSM via HOT, extrait le 06/08/2026",ODbL (© contributeurs OpenStreetMap)
HT0551,routes,sentier,km,150.0,SRC-028,"OSM via HOT, extrait le 06/08/2026",ODbL (© contributeurs OpenStreetMap)
HT0551,routes,voie de service,km,13.3,SRC-028,"OSM via HOT, extrait le 06/08/2026",ODbL (© contributeurs OpenStreetMap)
HT0551,routes,voie piétonne,km,2.3,SRC-028,"OSM via HOT, extrait le 06/08/2026",ODbL (© contributeurs OpenStreetMap)
HT0552,routes,piste,km,6.9,SRC-028,"OSM via HOT, extrait le 06/08/2026",ODbL (© contributeurs OpenStreetMap)
HT0552,routes,route non classée,km,22.0,SRC-028,"OSM via HOT, extrait le 06/08/2026",ODbL (© contributeurs OpenStreetMap)
HT0552,routes,route secondaire,km,15.0,SRC-028,"OSM via HOT, extrait le 06/08/2026",ODbL (© contributeurs OpenStreetMap)
HT0552,routes,route tertiaire,km,6.9,SRC-028,"OSM via HOT, extrait le 06/08/2026",ODbL (© contributeurs OpenStreetMap)
HT0552,routes,rue résidentielle,km,4.1,SRC-028,"OSM via HOT, extrait le 06/08/2026",ODbL (© contributeurs OpenStreetMap)
HT0552,routes,sentier,km,8.9,SRC-028,"OSM via HOT, extrait le 06/08/2026",ODbL (© contributeurs OpenStreetMap)
HT0552,routes,voie de service,km,0.2,SRC-028,"OSM via HOT, extrait le 06/08/2026",ODbL (© contributeurs OpenStreetMap)
HT0552,routes,voie piétonne,km,0.0,SRC-028,"OSM via HOT, extrait le 06/08/2026",ODbL (© contributeurs OpenStreetMap)
HT0611,routes,piste,km,109.4,SRC-028,"OSM via HOT, extrait le 06/08/2026",ODbL (© contributeurs OpenStreetMap)
HT0611,routes,route non classée,km,241.1,SRC-028,"OSM via HOT, extrait le 06/08/2026",ODbL (© contributeurs OpenStreetMap)
HT0611,routes,route primaire,km,31.8,SRC-028,"OSM via HOT, extrait le 06/08/2026",ODbL (© contributeurs OpenStreetMap)
HT0611,routes,route secondaire,km,33.4,SRC-028,"OSM via HOT, extrait le 06/08/2026",ODbL (© contributeurs OpenStreetMap)
HT0611,routes,route tertiaire,km,3.6,SRC-028,"OSM via HOT, extrait le 06/08/2026",ODbL (© contributeurs OpenStreetMap)
HT0611,routes,rue résidentielle,km,72.1,SRC-028,"OSM via HOT, extrait le 06/08/2026",ODbL (© contributeurs OpenStreetMap)
HT0611,routes,sentier,km,52.6,SRC-028,"OSM via HOT, extrait le 06/08/2026",ODbL (© contributeurs OpenStreetMap)
HT0611,routes,voie de service,km,11.1,SRC-028,"OSM via HOT, extrait le 06/08/2026",ODbL (© contributeurs OpenStreetMap)
HT0611,routes,voie piétonne,km,8.2,SRC-028,"OSM via HOT, extrait le 06/08/2026",ODbL (© contributeurs OpenStreetMap)
HT0612,routes,piste,km,141.3,SRC-028,"OSM via HOT, extrait le 06/08/2026",ODbL (© contributeurs OpenStreetMap)
HT0612,routes,route non classée,km,92.2,SRC-028,"OSM via HOT, extrait le 06/08/2026",ODbL (© contributeurs OpenStreetMap)
HT0612,routes,route secondaire,km,20.3,SRC-028,"OSM via HOT, extrait le 06/08/2026",ODbL (© contributeurs OpenStreetMap)
HT0612,routes,rue résidentielle,km,39.3,SRC-028,"OSM via HOT, extrait le 06/08/2026",ODbL (© contributeurs OpenStreetMap)
HT0612,routes,sentier,km,10.9,SRC-028,"OSM via HOT, extrait le 06/08/2026",ODbL (© contributeurs OpenStreetMap)
HT0612,routes,voie de service,km,0.5,SRC-028,"OSM via HOT, extrait le 06/08/2026",ODbL (© contributeurs OpenStreetMap)
HT0612,routes,voie piétonne,km,2.3,SRC-028,"OSM via HOT, extrait le 06/08/2026",ODbL (© contributeurs OpenStreetMap)
HT0613,routes,piste,km,11.1,SRC-028,"OSM via HOT, extrait le 06/08/2026",ODbL (© contributeurs OpenStreetMap)
HT0613,routes,route non classée,km,106.7,SRC-028,"OSM via HOT, extrait le 06/08/2026",ODbL (© contributeurs OpenStreetMap)
HT0613,routes,route primaire,km,22.0,SRC-028,"OSM via HOT, extrait le 06/08/2026",ODbL (© contributeurs OpenStreetMap)
HT0613,routes,route tertiaire,km,10.1,SRC-028,"OSM via HOT, extrait le 06/08/2026",ODbL (© contributeurs OpenStreetMap)
HT0613,routes,rue résidentielle,km,22.7,SRC-028,"OSM via HOT, extrait le 06/08/2026",ODbL (© contributeurs OpenStreetMap)
HT0613,routes,sentier,km,1.1,SRC-028,"OSM via HOT, extrait le 06/08/2026",ODbL (© contributeurs OpenStreetMap)
HT0613,routes,voie de service,km,1.9,SRC-028,"OSM via HOT, extrait le 06/08/2026",ODbL (© contributeurs OpenStreetMap)
HT0613,routes,voie piétonne,km,6.8,SRC-028,"OSM via HOT, extrait le 06/08/2026",ODbL (© contributeurs OpenStreetMap)
HT0614,routes,piste,km,18.4,SRC-028,"OSM via HOT, extrait le 06/08/2026",ODbL (© contributeurs OpenStreetMap)
HT0614,routes,route non classée,km,18.8,SRC-028,"OSM via HOT, extrait le 06/08/2026",ODbL (© contributeurs OpenStreetMap)
HT0614,routes,route secondaire,km,9.4,SRC-028,"OSM via HOT, extrait le 06/08/2026",ODbL (© contributeurs OpenStreetMap)
HT0614,routes,route tertiaire,km,27.3,SRC-028,"OSM via HOT, extrait le 06/08/2026",ODbL (© contributeurs OpenStreetMap)
HT0614,routes,rue résidentielle,km,16.0,SRC-028,"OSM via HOT, extrait le 06/08/2026",ODbL (© contributeurs OpenStreetMap)
HT0614,routes,sentier,km,30.5,SRC-028,"OSM via HOT, extrait le 06/08/2026",ODbL (© contributeurs OpenStreetMap)
HT0614,routes,voie de service,km,0.1,SRC-028,"OSM via HOT, extrait le 06/08/2026",ODbL (© contributeurs OpenStreetMap)
HT0614,routes,voie piétonne,km,0.0,SRC-028,"OSM via HOT, extrait le 06/08/2026",ODbL (© contributeurs OpenStreetMap)
HT0621,routes,piste,km,58.7,SRC-028,"OSM via HOT, extrait le 06/08/2026",ODbL (© contributeurs OpenStreetMap)
HT0621,routes,route non classée,km,126.8,SRC-028,"OSM via HOT, extrait le 06/08/2026",ODbL (© contributeurs OpenStreetMap)
HT0621,routes,route primaire,km,48.9,SRC-028,"OSM via HOT, extrait le 06/08/2026",ODbL (© contributeurs OpenStreetMap)
HT0621,routes,route secondaire,km,8.7,SRC-028,"OSM via HOT, extrait le 06/08/2026",ODbL (© contributeurs OpenStreetMap)
HT0621,routes,route tertiaire,km,10.8,SRC-028,"OSM via HOT, extrait le 06/08/2026",ODbL (© contributeurs OpenStreetMap)
HT0621,routes,rue résidentielle,km,29.7,SRC-028,"OSM via HOT, extrait le 06/08/2026",ODbL (© contributeurs OpenStreetMap)
HT0621,routes,sentier,km,28.2,SRC-028,"OSM via HOT, extrait le 06/08/2026",ODbL (© contributeurs OpenStreetMap)
HT0621,routes,voie de service,km,9.6,SRC-028,"OSM via HOT, extrait le 06/08/2026",ODbL (© contributeurs OpenStreetMap)
HT0621,routes,voie piétonne,km,10.8,SRC-028,"OSM via HOT, extrait le 06/08/2026",ODbL (© contributeurs OpenStreetMap)
HT0622,routes,piste,km,39.0,SRC-028,"OSM via HOT, extrait le 06/08/2026",ODbL (© contributeurs OpenStreetMap)
HT0622,routes,route non classée,km,33.2,SRC-028,"OSM via HOT, extrait le 06/08/2026",ODbL (© contributeurs OpenStreetMap)
HT0622,routes,route secondaire,km,20.6,SRC-028,"OSM via HOT, extrait le 06/08/2026",ODbL (© contributeurs OpenStreetMap)
HT0622,routes,rue résidentielle,km,9.9,SRC-028,"OSM via HOT, extrait le 06/08/2026",ODbL (© contributeurs OpenStreetMap)
HT0622,routes,sentier,km,10.8,SRC-028,"OSM via HOT, extrait le 06/08/2026",ODbL (© contributeurs OpenStreetMap)
HT0622,routes,voie de service,km,0.1,SRC-028,"OSM via HOT, extrait le 06/08/2026",ODbL (© contributeurs OpenStreetMap)
HT0622,routes,voie piétonne,km,0.8,SRC-028,"OSM via HOT, extrait le 06/08/2026",ODbL (© contributeurs OpenStreetMap)
HT0623,routes,piste,km,73.9,SRC-028,"OSM via HOT, extrait le 06/08/2026",ODbL (© contributeurs OpenStreetMap)
HT0623,routes,route non classée,km,41.3,SRC-028,"OSM via HOT, extrait le 06/08/2026",ODbL (© contributeurs OpenStreetMap)
HT0623,routes,route primaire,km,9.3,SRC-028,"OSM via HOT, extrait le 06/08/2026",ODbL (© contributeurs OpenStreetMap)
HT0623,routes,route secondaire,km,9.4,SRC-028,"OSM via HOT, extrait le 06/08/2026",ODbL (© contributeurs OpenStreetMap)
HT0623,routes,route tertiaire,km,31.2,SRC-028,"OSM via HOT, extrait le 06/08/2026",ODbL (© contributeurs OpenStreetMap)
HT0623,routes,rue partagée,km,0.7,SRC-028,"OSM via HOT, extrait le 06/08/2026",ODbL (© contributeurs OpenStreetMap)
HT0623,routes,rue résidentielle,km,2.4,SRC-028,"OSM via HOT, extrait le 06/08/2026",ODbL (© contributeurs OpenStreetMap)
HT0623,routes,sentier,km,131.3,SRC-028,"OSM via HOT, extrait le 06/08/2026",ODbL (© contributeurs OpenStreetMap)
HT0623,routes,voie de service,km,0.9,SRC-028,"OSM via HOT, extrait le 06/08/2026",ODbL (© contributeurs OpenStreetMap)
HT0623,routes,voie piétonne,km,4.3,SRC-028,"OSM via HOT, extrait le 06/08/2026",ODbL (© contributeurs OpenStreetMap)
HT0631,routes,piste,km,6.3,SRC-028,"OSM via HOT, extrait le 06/08/2026",ODbL (© contributeurs OpenStreetMap)
HT0631,routes,route non classée,km,19.8,SRC-028,"OSM via HOT, extrait le 06/08/2026",ODbL (© contributeurs OpenStreetMap)
HT0631,routes,route primaire,km,13.4,SRC-028,"OSM via HOT, extrait le 06/08/2026",ODbL (© contributeurs OpenStreetMap)
HT0631,routes,route tertiaire,km,15.7,SRC-028,"OSM via HOT, extrait le 06/08/2026",ODbL (© contributeurs OpenStreetMap)
HT0631,routes,rue résidentielle,km,12.7,SRC-028,"OSM via HOT, extrait le 06/08/2026",ODbL (© contributeurs OpenStreetMap)
HT0631,routes,sentier,km,3.0,SRC-028,"OSM via HOT, extrait le 06/08/2026",ODbL (© contributeurs OpenStreetMap)
HT0631,routes,voie de service,km,1.5,SRC-028,"OSM via HOT, extrait le 06/08/2026",ODbL (© contributeurs OpenStreetMap)
HT0631,routes,voie piétonne,km,0.9,SRC-028,"OSM via HOT, extrait le 06/08/2026",ODbL (© contributeurs OpenStreetMap)
HT0632,routes,piste,km,50.5,SRC-028,"OSM via HOT, extrait le 06/08/2026",ODbL (© contributeurs OpenStreetMap)
HT0632,routes,route non classée,km,101.1,SRC-028,"OSM via HOT, extrait le 06/08/2026",ODbL (© contributeurs OpenStreetMap)
HT0632,routes,route primaire,km,22.7,SRC-028,"OSM via HOT, extrait le 06/08/2026",ODbL (© contributeurs OpenStreetMap)
HT0632,routes,route tertiaire,km,26.1,SRC-028,"OSM via HOT, extrait le 06/08/2026",ODbL (© contributeurs OpenStreetMap)
HT0632,routes,rue résidentielle,km,31.1,SRC-028,"OSM via HOT, extrait le 06/08/2026",ODbL (© contributeurs OpenStreetMap)
HT0632,routes,sentier,km,9.7,SRC-028,"OSM via HOT, extrait le 06/08/2026",ODbL (© contributeurs OpenStreetMap)
HT0632,routes,voie de service,km,3.8,SRC-028,"OSM via HOT, extrait le 06/08/2026",ODbL (© contributeurs OpenStreetMap)
HT0632,routes,voie piétonne,km,23.9,SRC-028,"OSM via HOT, extrait le 06/08/2026",ODbL (© contributeurs OpenStreetMap)
HT0633,routes,piste,km,6.9,SRC-028,"OSM via HOT, extrait le 06/08/2026",ODbL (© contributeurs OpenStreetMap)
HT0633,routes,route tertiaire,km,30.3,SRC-028,"OSM via HOT, extrait le 06/08/2026",ODbL (© contributeurs OpenStreetMap)
HT0633,routes,rue résidentielle,km,3.5,SRC-028,"OSM via HOT, extrait le 06/08/2026",ODbL (© contributeurs OpenStreetMap)
HT0633,routes,voie de service,km,0.7,SRC-028,"OSM via HOT, extrait le 06/08/2026",ODbL (© contributeurs OpenStreetMap)
HT0641,routes,piste,km,12.9,SRC-028,"OSM via HOT, extrait le 06/08/2026",ODbL (© contributeurs OpenStreetMap)
HT0641,routes,route non classée,km,57.6,SRC-028,"OSM via HOT, extrait le 06/08/2026",ODbL (© contributeurs OpenStreetMap)
HT0641,routes,route primaire,km,1.7,SRC-028,"OSM via HOT, extrait le 06/08/2026",ODbL (© contributeurs OpenStreetMap)
HT0641,routes,route secondaire,km,41.3,SRC-028,"OSM via HOT, extrait le 06/08/2026",ODbL (© contributeurs OpenStreetMap)
HT0641,routes,route tertiaire,km,22.0,SRC-028,"OSM via HOT, extrait le 06/08/2026",ODbL (© contributeurs OpenStreetMap)
HT0641,routes,rue résidentielle,km,31.6,SRC-028,"OSM via HOT, extrait le 06/08/2026",ODbL (© contributeurs OpenStreetMap)
HT0641,routes,sentier,km,57.8,SRC-028,"OSM via HOT, extrait le 06/08/2026",ODbL (© contributeurs OpenStreetMap)
HT0641,routes,voie de service,km,1.0,SRC-028,"OSM via HOT, extrait le 06/08/2026",ODbL (© contributeurs OpenStreetMap)
HT0642,routes,piste,km,12.1,SRC-028,"OSM via HOT, extrait le 06/08/2026",ODbL (© contributeurs OpenStreetMap)
HT0642,routes,route non classée,km,117.8,SRC-028,"OSM via HOT, extrait le 06/08/2026",ODbL (© contributeurs OpenStreetMap)
HT0642,routes,route secondaire,km,19.2,SRC-028,"OSM via HOT, extrait le 06/08/2026",ODbL (© contributeurs OpenStreetMap)
HT0642,routes,route tertiaire,km,21.0,SRC-028,"OSM via HOT, extrait le 06/08/2026",ODbL (© contributeurs OpenStreetMap)
HT0642,routes,rue résidentielle,km,49.0,SRC-028,"OSM via HOT, extrait le 06/08/2026",ODbL (© contributeurs OpenStreetMap)
HT0642,routes,sentier,km,0.5,SRC-028,"OSM via HOT, extrait le 06/08/2026",ODbL (© contributeurs OpenStreetMap)
HT0642,routes,voie de service,km,1.1,SRC-028,"OSM via HOT, extrait le 06/08/2026",ODbL (© contributeurs OpenStreetMap)
HT0642,routes,voie piétonne,km,4.7,SRC-028,"OSM via HOT, extrait le 06/08/2026",ODbL (© contributeurs OpenStreetMap)
HT0711,routes,piste,km,148.4,SRC-028,"OSM via HOT, extrait le 06/08/2026",ODbL (© contributeurs OpenStreetMap)
HT0711,routes,route non classée,km,334.3,SRC-028,"OSM via HOT, extrait le 06/08/2026",ODbL (© contributeurs OpenStreetMap)
HT0711,routes,route primaire,km,33.4,SRC-028,"OSM via HOT, extrait le 06/08/2026",ODbL (© contributeurs OpenStreetMap)
HT0711,routes,route secondaire,km,6.3,SRC-028,"OSM via HOT, extrait le 06/08/2026",ODbL (© contributeurs OpenStreetMap)
HT0711,routes,route tertiaire,km,20.5,SRC-028,"OSM via HOT, extrait le 06/08/2026",ODbL (© contributeurs OpenStreetMap)
HT0711,routes,rue partagée,km,0.3,SRC-028,"OSM via HOT, extrait le 06/08/2026",ODbL (© contributeurs OpenStreetMap)
HT0711,routes,rue résidentielle,km,168.2,SRC-028,"OSM via HOT, extrait le 06/08/2026",ODbL (© contributeurs OpenStreetMap)
HT0711,routes,sentier,km,34.5,SRC-028,"OSM via HOT, extrait le 06/08/2026",ODbL (© contributeurs OpenStreetMap)
HT0711,routes,voie de service,km,10.8,SRC-028,"OSM via HOT, extrait le 06/08/2026",ODbL (© contributeurs OpenStreetMap)
HT0711,routes,voie piétonne,km,2.0,SRC-028,"OSM via HOT, extrait le 06/08/2026",ODbL (© contributeurs OpenStreetMap)
HT0712,routes,piste,km,59.6,SRC-028,"OSM via HOT, extrait le 06/08/2026",ODbL (© contributeurs OpenStreetMap)
HT0712,routes,route non classée,km,209.0,SRC-028,"OSM via HOT, extrait le 06/08/2026",ODbL (© contributeurs OpenStreetMap)
HT0712,routes,route secondaire,km,9.9,SRC-028,"OSM via HOT, extrait le 06/08/2026",ODbL (© contributeurs OpenStreetMap)
HT0712,routes,route tertiaire,km,20.4,SRC-028,"OSM via HOT, extrait le 06/08/2026",ODbL (© contributeurs OpenStreetMap)
HT0712,routes,rue résidentielle,km,52.2,SRC-028,"OSM via HOT, extrait le 06/08/2026",ODbL (© contributeurs OpenStreetMap)
HT0712,routes,sentier,km,8.6,SRC-028,"OSM via HOT, extrait le 06/08/2026",ODbL (© contributeurs OpenStreetMap)
HT0712,routes,voie de service,km,3.9,SRC-028,"OSM via HOT, extrait le 06/08/2026",ODbL (© contributeurs OpenStreetMap)
HT0713,routes,piste,km,21.7,SRC-028,"OSM via HOT, extrait le 06/08/2026",ODbL (© contributeurs OpenStreetMap)
HT0713,routes,route non classée,km,38.9,SRC-028,"OSM via HOT, extrait le 06/08/2026",ODbL (© contributeurs OpenStreetMap)
HT0713,routes,route tertiaire,km,12.5,SRC-028,"OSM via HOT, extrait le 06/08/2026",ODbL (© contributeurs OpenStreetMap)
HT0713,routes,rue résidentielle,km,70.1,SRC-028,"OSM via HOT, extrait le 06/08/2026",ODbL (© contributeurs OpenStreetMap)
HT0713,routes,sentier,km,26.2,SRC-028,"OSM via HOT, extrait le 06/08/2026",ODbL (© contributeurs OpenStreetMap)
HT0713,routes,voie de service,km,2.9,SRC-028,"OSM via HOT, extrait le 06/08/2026",ODbL (© contributeurs OpenStreetMap)
HT0713,routes,voie piétonne,km,0.5,SRC-028,"OSM via HOT, extrait le 06/08/2026",ODbL (© contributeurs OpenStreetMap)
HT0714,routes,piste,km,39.8,SRC-028,"OSM via HOT, extrait le 06/08/2026",ODbL (© contributeurs OpenStreetMap)
HT0714,routes,route non classée,km,64.8,SRC-028,"OSM via HOT, extrait le 06/08/2026",ODbL (© contributeurs OpenStreetMap)
HT0714,routes,route primaire,km,21.8,SRC-028,"OSM via HOT, extrait le 06/08/2026",ODbL (© contributeurs OpenStreetMap)
HT0714,routes,route tertiaire,km,13.3,SRC-028,"OSM via HOT, extrait le 06/08/2026",ODbL (© contributeurs OpenStreetMap)
HT0714,routes,rue résidentielle,km,15.9,SRC-028,"OSM via HOT, extrait le 06/08/2026",ODbL (© contributeurs OpenStreetMap)
HT0714,routes,sentier,km,25.1,SRC-028,"OSM via HOT, extrait le 06/08/2026",ODbL (© contributeurs OpenStreetMap)
HT0714,routes,voie de service,km,1.2,SRC-028,"OSM via HOT, extrait le 06/08/2026",ODbL (© contributeurs OpenStreetMap)
HT0714,routes,voie piétonne,km,1.1,SRC-028,"OSM via HOT, extrait le 06/08/2026",ODbL (© contributeurs OpenStreetMap)
HT0715,routes,piste,km,61.3,SRC-028,"OSM via HOT, extrait le 06/08/2026",ODbL (© contributeurs OpenStreetMap)
HT0715,routes,route non classée,km,58.8,SRC-028,"OSM via HOT, extrait le 06/08/2026",ODbL (© contributeurs OpenStreetMap)
HT0715,routes,route tertiaire,km,16.2,SRC-028,"OSM via HOT, extrait le 06/08/2026",ODbL (© contributeurs OpenStreetMap)
HT0715,routes,rue résidentielle,km,18.8,SRC-028,"OSM via HOT, extrait le 06/08/2026",ODbL (© contributeurs OpenStreetMap)
HT0715,routes,sentier,km,23.6,SRC-028,"OSM via HOT, extrait le 06/08/2026",ODbL (© contributeurs OpenStreetMap)
HT0715,routes,voie piétonne,km,0.5,SRC-028,"OSM via HOT, extrait le 06/08/2026",ODbL (© contributeurs OpenStreetMap)
HT0716,routes,piste,km,3.8,SRC-028,"OSM via HOT, extrait le 06/08/2026",ODbL (© contributeurs OpenStreetMap)
HT0716,routes,route non classée,km,13.2,SRC-028,"OSM via HOT, extrait le 06/08/2026",ODbL (© contributeurs OpenStreetMap)
HT0716,routes,route tertiaire,km,17.1,SRC-028,"OSM via HOT, extrait le 06/08/2026",ODbL (© contributeurs OpenStreetMap)
HT0716,routes,rue résidentielle,km,52.0,SRC-028,"OSM via HOT, extrait le 06/08/2026",ODbL (© contributeurs OpenStreetMap)
HT0716,routes,sentier,km,39.1,SRC-028,"OSM via HOT, extrait le 06/08/2026",ODbL (© contributeurs OpenStreetMap)
HT0716,routes,voie de service,km,1.6,SRC-028,"OSM via HOT, extrait le 06/08/2026",ODbL (© contributeurs OpenStreetMap)
HT0716,routes,voie piétonne,km,15.5,SRC-028,"OSM via HOT, extrait le 06/08/2026",ODbL (© contributeurs OpenStreetMap)
HT0721,routes,piste,km,29.8,SRC-028,"OSM via HOT, extrait le 06/08/2026",ODbL (© contributeurs OpenStreetMap)
HT0721,routes,route non classée,km,68.0,SRC-028,"OSM via HOT, extrait le 06/08/2026",ODbL (© contributeurs OpenStreetMap)
HT0721,routes,route secondaire,km,6.9,SRC-028,"OSM via HOT, extrait le 06/08/2026",ODbL (© contributeurs OpenStreetMap)
HT0721,routes,route tertiaire,km,18.7,SRC-028,"OSM via HOT, extrait le 06/08/2026",ODbL (© contributeurs OpenStreetMap)
HT0721,routes,rue résidentielle,km,35.7,SRC-028,"OSM via HOT, extrait le 06/08/2026",ODbL (© contributeurs OpenStreetMap)
HT0721,routes,sentier,km,22.9,SRC-028,"OSM via HOT, extrait le 06/08/2026",ODbL (© contributeurs OpenStreetMap)
HT0721,routes,voie de service,km,1.9,SRC-028,"OSM via HOT, extrait le 06/08/2026",ODbL (© contributeurs OpenStreetMap)
HT0721,routes,voie piétonne,km,1.2,SRC-028,"OSM via HOT, extrait le 06/08/2026",ODbL (© contributeurs OpenStreetMap)
HT0722,routes,piste,km,25.4,SRC-028,"OSM via HOT, extrait le 06/08/2026",ODbL (© contributeurs OpenStreetMap)
HT0722,routes,route non classée,km,84.0,SRC-028,"OSM via HOT, extrait le 06/08/2026",ODbL (© contributeurs OpenStreetMap)
HT0722,routes,route secondaire,km,9.6,SRC-028,"OSM via HOT, extrait le 06/08/2026",ODbL (© contributeurs OpenStreetMap)
HT0722,routes,route tertiaire,km,13.3,SRC-028,"OSM via HOT, extrait le 06/08/2026",ODbL (© contributeurs OpenStreetMap)
HT0722,routes,rue résidentielle,km,21.9,SRC-028,"OSM via HOT, extrait le 06/08/2026",ODbL (© contributeurs OpenStreetMap)
HT0722,routes,sentier,km,44.3,SRC-028,"OSM via HOT, extrait le 06/08/2026",ODbL (© contributeurs OpenStreetMap)
HT0722,routes,voie de service,km,0.9,SRC-028,"OSM via HOT, extrait le 06/08/2026",ODbL (© contributeurs OpenStreetMap)
HT0723,routes,piste,km,34.5,SRC-028,"OSM via HOT, extrait le 06/08/2026",ODbL (© contributeurs OpenStreetMap)
HT0723,routes,route non classée,km,42.3,SRC-028,"OSM via HOT, extrait le 06/08/2026",ODbL (© contributeurs OpenStreetMap)
HT0723,routes,route secondaire,km,4.1,SRC-028,"OSM via HOT, extrait le 06/08/2026",ODbL (© contributeurs OpenStreetMap)
HT0723,routes,route tertiaire,km,12.5,SRC-028,"OSM via HOT, extrait le 06/08/2026",ODbL (© contributeurs OpenStreetMap)
HT0723,routes,rue résidentielle,km,42.7,SRC-028,"OSM via HOT, extrait le 06/08/2026",ODbL (© contributeurs OpenStreetMap)
HT0723,routes,sentier,km,48.1,SRC-028,"OSM via HOT, extrait le 06/08/2026",ODbL (© contributeurs OpenStreetMap)
HT0723,routes,voie de service,km,1.0,SRC-028,"OSM via HOT, extrait le 06/08/2026",ODbL (© contributeurs OpenStreetMap)
HT0723,routes,voie piétonne,km,0.3,SRC-028,"OSM via HOT, extrait le 06/08/2026",ODbL (© contributeurs OpenStreetMap)
HT0731,routes,piste,km,308.2,SRC-028,"OSM via HOT, extrait le 06/08/2026",ODbL (© contributeurs OpenStreetMap)
HT0731,routes,route non classée,km,538.5,SRC-028,"OSM via HOT, extrait le 06/08/2026",ODbL (© contributeurs OpenStreetMap)
HT0731,routes,route primaire,km,30.5,SRC-028,"OSM via HOT, extrait le 06/08/2026",ODbL (© contributeurs OpenStreetMap)
HT0731,routes,route secondaire,km,64.9,SRC-028,"OSM via HOT, extrait le 06/08/2026",ODbL (© contributeurs OpenStreetMap)
HT0731,routes,route tertiaire,km,55.9,SRC-028,"OSM via HOT, extrait le 06/08/2026",ODbL (© contributeurs OpenStreetMap)
HT0731,routes,rue partagée,km,0.1,SRC-028,"OSM via HOT, extrait le 06/08/2026",ODbL (© contributeurs OpenStreetMap)
HT0731,routes,rue résidentielle,km,186.0,SRC-028,"OSM via HOT, extrait le 06/08/2026",ODbL (© contributeurs OpenStreetMap)
HT0731,routes,sentier,km,71.5,SRC-028,"OSM via HOT, extrait le 06/08/2026",ODbL (© contributeurs OpenStreetMap)
HT0731,routes,voie de service,km,17.7,SRC-028,"OSM via HOT, extrait le 06/08/2026",ODbL (© contributeurs OpenStreetMap)
HT0731,routes,voie piétonne,km,16.5,SRC-028,"OSM via HOT, extrait le 06/08/2026",ODbL (© contributeurs OpenStreetMap)
HT0732,routes,piste,km,36.5,SRC-028,"OSM via HOT, extrait le 06/08/2026",ODbL (© contributeurs OpenStreetMap)
HT0732,routes,route non classée,km,70.6,SRC-028,"OSM via HOT, extrait le 06/08/2026",ODbL (© contributeurs OpenStreetMap)
HT0732,routes,route primaire,km,28.4,SRC-028,"OSM via HOT, extrait le 06/08/2026",ODbL (© contributeurs OpenStreetMap)
HT0732,routes,route tertiaire,km,5.7,SRC-028,"OSM via HOT, extrait le 06/08/2026",ODbL (© contributeurs OpenStreetMap)
HT0732,routes,rue résidentielle,km,62.5,SRC-028,"OSM via HOT, extrait le 06/08/2026",ODbL (© contributeurs OpenStreetMap)
HT0732,routes,sentier,km,20.5,SRC-028,"OSM via HOT, extrait le 06/08/2026",ODbL (© contributeurs OpenStreetMap)
HT0732,routes,voie de service,km,2.6,SRC-028,"OSM via HOT, extrait le 06/08/2026",ODbL (© contributeurs OpenStreetMap)
HT0732,routes,voie piétonne,km,4.0,SRC-028,"OSM via HOT, extrait le 06/08/2026",ODbL (© contributeurs OpenStreetMap)
HT0733,routes,piste,km,78.5,SRC-028,"OSM via HOT, extrait le 06/08/2026",ODbL (© contributeurs OpenStreetMap)
HT0733,routes,route non classée,km,121.0,SRC-028,"OSM via HOT, extrait le 06/08/2026",ODbL (© contributeurs OpenStreetMap)
HT0733,routes,route primaire,km,3.2,SRC-028,"OSM via HOT, extrait le 06/08/2026",ODbL (© contributeurs OpenStreetMap)
HT0733,routes,route secondaire,km,23.2,SRC-028,"OSM via HOT, extrait le 06/08/2026",ODbL (© contributeurs OpenStreetMap)
HT0733,routes,route tertiaire,km,21.9,SRC-028,"OSM via HOT, extrait le 06/08/2026",ODbL (© contributeurs OpenStreetMap)
HT0733,routes,rue résidentielle,km,39.3,SRC-028,"OSM via HOT, extrait le 06/08/2026",ODbL (© contributeurs OpenStreetMap)
HT0733,routes,sentier,km,45.4,SRC-028,"OSM via HOT, extrait le 06/08/2026",ODbL (© contributeurs OpenStreetMap)
HT0733,routes,voie de service,km,2.1,SRC-028,"OSM via HOT, extrait le 06/08/2026",ODbL (© contributeurs OpenStreetMap)
HT0733,routes,voie piétonne,km,12.0,SRC-028,"OSM via HOT, extrait le 06/08/2026",ODbL (© contributeurs OpenStreetMap)
HT0741,routes,piste,km,8.9,SRC-028,"OSM via HOT, extrait le 06/08/2026",ODbL (© contributeurs OpenStreetMap)
HT0741,routes,route non classée,km,9.8,SRC-028,"OSM via HOT, extrait le 06/08/2026",ODbL (© contributeurs OpenStreetMap)
HT0741,routes,route secondaire,km,11.4,SRC-028,"OSM via HOT, extrait le 06/08/2026",ODbL (© contributeurs OpenStreetMap)
HT0741,routes,rue résidentielle,km,8.6,SRC-028,"OSM via HOT, extrait le 06/08/2026",ODbL (© contributeurs OpenStreetMap)
HT0741,routes,sentier,km,47.8,SRC-028,"OSM via HOT, extrait le 06/08/2026",ODbL (© contributeurs OpenStreetMap)
HT0741,routes,voie de service,km,0.8,SRC-028,"OSM via HOT, extrait le 06/08/2026",ODbL (© contributeurs OpenStreetMap)
HT0741,routes,voie piétonne,km,0.1,SRC-028,"OSM via HOT, extrait le 06/08/2026",ODbL (© contributeurs OpenStreetMap)
HT0742,routes,piste,km,15.8,SRC-028,"OSM via HOT, extrait le 06/08/2026",ODbL (© contributeurs OpenStreetMap)
HT0742,routes,route non classée,km,2.4,SRC-028,"OSM via HOT, extrait le 06/08/2026",ODbL (© contributeurs OpenStreetMap)
HT0742,routes,route secondaire,km,3.9,SRC-028,"OSM via HOT, extrait le 06/08/2026",ODbL (© contributeurs OpenStreetMap)
HT0742,routes,rue partagée,km,0.4,SRC-028,"OSM via HOT, extrait le 06/08/2026",ODbL (© contributeurs OpenStreetMap)
HT0742,routes,rue résidentielle,km,9.2,SRC-028,"OSM via HOT, extrait le 06/08/2026",ODbL (© contributeurs OpenStreetMap)
HT0742,routes,sentier,km,27.1,SRC-028,"OSM via HOT, extrait le 06/08/2026",ODbL (© contributeurs OpenStreetMap)
HT0742,routes,voie de service,km,0.3,SRC-028,"OSM via HOT, extrait le 06/08/2026",ODbL (© contributeurs OpenStreetMap)
HT0742,routes,voie piétonne,km,0.1,SRC-028,"OSM via HOT, extrait le 06/08/2026",ODbL (© contributeurs OpenStreetMap)
HT0743,routes,piste,km,21.6,SRC-028,"OSM via HOT, extrait le 06/08/2026",ODbL (© contributeurs OpenStreetMap)
HT0743,routes,route non classée,km,27.3,SRC-028,"OSM via HOT, extrait le 06/08/2026",ODbL (© contributeurs OpenStreetMap)
HT0743,routes,route secondaire,km,9.9,SRC-028,"OSM via HOT, extrait le 06/08/2026",ODbL (© contributeurs OpenStreetMap)
HT0743,routes,rue résidentielle,km,25.7,SRC-028,"OSM via HOT, extrait le 06/08/2026",ODbL (© contributeurs OpenStreetMap)
HT0743,routes,sentier,km,57.3,SRC-028,"OSM via HOT, extrait le 06/08/2026",ODbL (© contributeurs OpenStreetMap)
HT0743,routes,voie de service,km,0.9,SRC-028,"OSM via HOT, extrait le 06/08/2026",ODbL (© contributeurs OpenStreetMap)
HT0743,routes,voie piétonne,km,0.2,SRC-028,"OSM via HOT, extrait le 06/08/2026",ODbL (© contributeurs OpenStreetMap)
HT0751,routes,piste,km,61.9,SRC-028,"OSM via HOT, extrait le 06/08/2026",ODbL (© contributeurs OpenStreetMap)
HT0751,routes,route non classée,km,20.6,SRC-028,"OSM via HOT, extrait le 06/08/2026",ODbL (© contributeurs OpenStreetMap)
HT0751,routes,route secondaire,km,10.3,SRC-028,"OSM via HOT, extrait le 06/08/2026",ODbL (© contributeurs OpenStreetMap)
HT0751,routes,route tertiaire,km,2.2,SRC-028,"OSM via HOT, extrait le 06/08/2026",ODbL (© contributeurs OpenStreetMap)
HT0751,routes,rue résidentielle,km,8.3,SRC-028,"OSM via HOT, extrait le 06/08/2026",ODbL (© contributeurs OpenStreetMap)
HT0751,routes,sentier,km,34.5,SRC-028,"OSM via HOT, extrait le 06/08/2026",ODbL (© contributeurs OpenStreetMap)
HT0751,routes,voie de service,km,0.1,SRC-028,"OSM via HOT, extrait le 06/08/2026",ODbL (© contributeurs OpenStreetMap)
HT0751,routes,voie piétonne,km,3.0,SRC-028,"OSM via HOT, extrait le 06/08/2026",ODbL (© contributeurs OpenStreetMap)
HT0752,routes,piste,km,54.2,SRC-028,"OSM via HOT, extrait le 06/08/2026",ODbL (© contributeurs OpenStreetMap)
HT0752,routes,route non classée,km,18.5,SRC-028,"OSM via HOT, extrait le 06/08/2026",ODbL (© contributeurs OpenStreetMap)
HT0752,routes,route secondaire,km,8.6,SRC-028,"OSM via HOT, extrait le 06/08/2026",ODbL (© contributeurs OpenStreetMap)
HT0752,routes,route tertiaire,km,0.6,SRC-028,"OSM via HOT, extrait le 06/08/2026",ODbL (© contributeurs OpenStreetMap)
HT0752,routes,rue résidentielle,km,16.3,SRC-028,"OSM via HOT, extrait le 06/08/2026",ODbL (© contributeurs OpenStreetMap)
HT0752,routes,sentier,km,24.5,SRC-028,"OSM via HOT, extrait le 06/08/2026",ODbL (© contributeurs OpenStreetMap)
HT0752,routes,voie de service,km,2.5,SRC-028,"OSM via HOT, extrait le 06/08/2026",ODbL (© contributeurs OpenStreetMap)
HT0752,routes,voie piétonne,km,0.6,SRC-028,"OSM via HOT, extrait le 06/08/2026",ODbL (© contributeurs OpenStreetMap)
HT0753,routes,piste,km,42.5,SRC-028,"OSM via HOT, extrait le 06/08/2026",ODbL (© contributeurs OpenStreetMap)
HT0753,routes,route non classée,km,23.5,SRC-028,"OSM via HOT, extrait le 06/08/2026",ODbL (© contributeurs OpenStreetMap)
HT0753,routes,route secondaire,km,29.0,SRC-028,"OSM via HOT, extrait le 06/08/2026",ODbL (© contributeurs OpenStreetMap)
HT0753,routes,rue résidentielle,km,14.1,SRC-028,"OSM via HOT, extrait le 06/08/2026",ODbL (© contributeurs OpenStreetMap)
HT0753,routes,sentier,km,28.2,SRC-028,"OSM via HOT, extrait le 06/08/2026",ODbL (© contributeurs OpenStreetMap)
HT0753,routes,voie de service,km,1.1,SRC-028,"OSM via HOT, extrait le 06/08/2026",ODbL (© contributeurs OpenStreetMap)
HT0753,routes,voie piétonne,km,1.2,SRC-028,"OSM via HOT, extrait le 06/08/2026",ODbL (© contributeurs OpenStreetMap)
HT0811,routes,piste,km,245.5,SRC-028,"OSM via HOT, extrait le 06/08/2026",ODbL (© contributeurs OpenStreetMap)
HT0811,routes,route non classée,km,144.3,SRC-028,"OSM via HOT, extrait le 06/08/2026",ODbL (© contributeurs OpenStreetMap)
HT0811,routes,route primaire,km,7.4,SRC-028,"OSM via HOT, extrait le 06/08/2026",ODbL (© contributeurs OpenStreetMap)
HT0811,routes,route secondaire,km,31.4,SRC-028,"OSM via HOT, extrait le 06/08/2026",ODbL (© contributeurs OpenStreetMap)
HT0811,routes,route tertiaire,km,16.7,SRC-028,"OSM via HOT, extrait le 06/08/2026",ODbL (© contributeurs OpenStreetMap)
HT0811,routes,rue résidentielle,km,72.9,SRC-028,"OSM via HOT, extrait le 06/08/2026",ODbL (© contributeurs OpenStreetMap)
HT0811,routes,sentier,km,293.8,SRC-028,"OSM via HOT, extrait le 06/08/2026",ODbL (© contributeurs OpenStreetMap)
HT0811,routes,voie de service,km,12.1,SRC-028,"OSM via HOT, extrait le 06/08/2026",ODbL (© contributeurs OpenStreetMap)
HT0811,routes,voie piétonne,km,32.5,SRC-028,"OSM via HOT, extrait le 06/08/2026",ODbL (© contributeurs OpenStreetMap)
HT0812,routes,piste,km,54.7,SRC-028,"OSM via HOT, extrait le 06/08/2026",ODbL (© contributeurs OpenStreetMap)
HT0812,routes,route non classée,km,56.2,SRC-028,"OSM via HOT, extrait le 06/08/2026",ODbL (© contributeurs OpenStreetMap)
HT0812,routes,route secondaire,km,9.1,SRC-028,"OSM via HOT, extrait le 06/08/2026",ODbL (© contributeurs OpenStreetMap)
HT0812,routes,route tertiaire,km,10.8,SRC-028,"OSM via HOT, extrait le 06/08/2026",ODbL (© contributeurs OpenStreetMap)
HT0812,routes,rue résidentielle,km,7.9,SRC-028,"OSM via HOT, extrait le 06/08/2026",ODbL (© contributeurs OpenStreetMap)
HT0812,routes,sentier,km,38.7,SRC-028,"OSM via HOT, extrait le 06/08/2026",ODbL (© contributeurs OpenStreetMap)
HT0812,routes,voie piétonne,km,4.0,SRC-028,"OSM via HOT, extrait le 06/08/2026",ODbL (© contributeurs OpenStreetMap)
HT0813,routes,piste,km,11.5,SRC-028,"OSM via HOT, extrait le 06/08/2026",ODbL (© contributeurs OpenStreetMap)
HT0813,routes,route non classée,km,13.0,SRC-028,"OSM via HOT, extrait le 06/08/2026",ODbL (© contributeurs OpenStreetMap)
HT0813,routes,route secondaire,km,4.9,SRC-028,"OSM via HOT, extrait le 06/08/2026",ODbL (© contributeurs OpenStreetMap)
HT0813,routes,route tertiaire,km,0.2,SRC-028,"OSM via HOT, extrait le 06/08/2026",ODbL (© contributeurs OpenStreetMap)
HT0813,routes,rue résidentielle,km,2.8,SRC-028,"OSM via HOT, extrait le 06/08/2026",ODbL (© contributeurs OpenStreetMap)
HT0813,routes,sentier,km,7.9,SRC-028,"OSM via HOT, extrait le 06/08/2026",ODbL (© contributeurs OpenStreetMap)
HT0813,routes,voie de service,km,0.2,SRC-028,"OSM via HOT, extrait le 06/08/2026",ODbL (© contributeurs OpenStreetMap)
HT0813,routes,voie piétonne,km,0.2,SRC-028,"OSM via HOT, extrait le 06/08/2026",ODbL (© contributeurs OpenStreetMap)
HT0814,routes,piste,km,82.5,SRC-028,"OSM via HOT, extrait le 06/08/2026",ODbL (© contributeurs OpenStreetMap)
HT0814,routes,route non classée,km,13.7,SRC-028,"OSM via HOT, extrait le 06/08/2026",ODbL (© contributeurs OpenStreetMap)
HT0814,routes,route secondaire,km,7.0,SRC-028,"OSM via HOT, extrait le 06/08/2026",ODbL (© contributeurs OpenStreetMap)
HT0814,routes,rue résidentielle,km,4.8,SRC-028,"OSM via HOT, extrait le 06/08/2026",ODbL (© contributeurs OpenStreetMap)
HT0814,routes,sentier,km,60.5,SRC-028,"OSM via HOT, extrait le 06/08/2026",ODbL (© contributeurs OpenStreetMap)
HT0814,routes,voie de service,km,0.5,SRC-028,"OSM via HOT, extrait le 06/08/2026",ODbL (© contributeurs OpenStreetMap)
HT0814,routes,voie piétonne,km,6.6,SRC-028,"OSM via HOT, extrait le 06/08/2026",ODbL (© contributeurs OpenStreetMap)
HT0815,routes,piste,km,24.3,SRC-028,"OSM via HOT, extrait le 06/08/2026",ODbL (© contributeurs OpenStreetMap)
HT0815,routes,route non classée,km,22.0,SRC-028,"OSM via HOT, extrait le 06/08/2026",ODbL (© contributeurs OpenStreetMap)
HT0815,routes,route secondaire,km,6.9,SRC-028,"OSM via HOT, extrait le 06/08/2026",ODbL (© contributeurs OpenStreetMap)
HT0815,routes,route tertiaire,km,2.0,SRC-028,"OSM via HOT, extrait le 06/08/2026",ODbL (© contributeurs OpenStreetMap)
HT0815,routes,rue résidentielle,km,0.9,SRC-028,"OSM via HOT, extrait le 06/08/2026",ODbL (© contributeurs OpenStreetMap)
HT0815,routes,sentier,km,39.1,SRC-028,"OSM via HOT, extrait le 06/08/2026",ODbL (© contributeurs OpenStreetMap)
HT0815,routes,voie de service,km,0.2,SRC-028,"OSM via HOT, extrait le 06/08/2026",ODbL (© contributeurs OpenStreetMap)
HT0815,routes,voie piétonne,km,1.2,SRC-028,"OSM via HOT, extrait le 06/08/2026",ODbL (© contributeurs OpenStreetMap)
HT0821,routes,piste,km,53.0,SRC-028,"OSM via HOT, extrait le 06/08/2026",ODbL (© contributeurs OpenStreetMap)
HT0821,routes,route non classée,km,10.8,SRC-028,"OSM via HOT, extrait le 06/08/2026",ODbL (© contributeurs OpenStreetMap)
HT0821,routes,route secondaire,km,11.2,SRC-028,"OSM via HOT, extrait le 06/08/2026",ODbL (© contributeurs OpenStreetMap)
HT0821,routes,route tertiaire,km,17.4,SRC-028,"OSM via HOT, extrait le 06/08/2026",ODbL (© contributeurs OpenStreetMap)
HT0821,routes,rue résidentielle,km,5.8,SRC-028,"OSM via HOT, extrait le 06/08/2026",ODbL (© contributeurs OpenStreetMap)
HT0821,routes,sentier,km,58.9,SRC-028,"OSM via HOT, extrait le 06/08/2026",ODbL (© contributeurs OpenStreetMap)
HT0821,routes,voie de service,km,0.6,SRC-028,"OSM via HOT, extrait le 06/08/2026",ODbL (© contributeurs OpenStreetMap)
HT0822,routes,piste,km,86.3,SRC-028,"OSM via HOT, extrait le 06/08/2026",ODbL (© contributeurs OpenStreetMap)
HT0822,routes,route non classée,km,17.0,SRC-028,"OSM via HOT, extrait le 06/08/2026",ODbL (© contributeurs OpenStreetMap)
HT0822,routes,route secondaire,km,28.5,SRC-028,"OSM via HOT, extrait le 06/08/2026",ODbL (© contributeurs OpenStreetMap)
HT0822,routes,route tertiaire,km,24.2,SRC-028,"OSM via HOT, extrait le 06/08/2026",ODbL (© contributeurs OpenStreetMap)
HT0822,routes,rue résidentielle,km,18.1,SRC-028,"OSM via HOT, extrait le 06/08/2026",ODbL (© contributeurs OpenStreetMap)
HT0822,routes,sentier,km,53.3,SRC-028,"OSM via HOT, extrait le 06/08/2026",ODbL (© contributeurs OpenStreetMap)
HT0822,routes,voie de service,km,0.1,SRC-028,"OSM via HOT, extrait le 06/08/2026",ODbL (© contributeurs OpenStreetMap)
HT0822,routes,voie piétonne,km,1.0,SRC-028,"OSM via HOT, extrait le 06/08/2026",ODbL (© contributeurs OpenStreetMap)
HT0823,routes,piste,km,18.8,SRC-028,"OSM via HOT, extrait le 06/08/2026",ODbL (© contributeurs OpenStreetMap)
HT0823,routes,route non classée,km,3.4,SRC-028,"OSM via HOT, extrait le 06/08/2026",ODbL (© contributeurs OpenStreetMap)
HT0823,routes,route secondaire,km,10.0,SRC-028,"OSM via HOT, extrait le 06/08/2026",ODbL (© contributeurs OpenStreetMap)
HT0823,routes,rue résidentielle,km,3.8,SRC-028,"OSM via HOT, extrait le 06/08/2026",ODbL (© contributeurs OpenStreetMap)
HT0823,routes,sentier,km,29.5,SRC-028,"OSM via HOT, extrait le 06/08/2026",ODbL (© contributeurs OpenStreetMap)
HT0823,routes,voie de service,km,0.3,SRC-028,"OSM via HOT, extrait le 06/08/2026",ODbL (© contributeurs OpenStreetMap)
HT0823,routes,voie piétonne,km,2.9,SRC-028,"OSM via HOT, extrait le 06/08/2026",ODbL (© contributeurs OpenStreetMap)
HT0831,routes,piste,km,40.2,SRC-028,"OSM via HOT, extrait le 06/08/2026",ODbL (© contributeurs OpenStreetMap)
HT0831,routes,route non classée,km,35.7,SRC-028,"OSM via HOT, extrait le 06/08/2026",ODbL (© contributeurs OpenStreetMap)
HT0831,routes,route tertiaire,km,22.4,SRC-028,"OSM via HOT, extrait le 06/08/2026",ODbL (© contributeurs OpenStreetMap)
HT0831,routes,rue résidentielle,km,9.5,SRC-028,"OSM via HOT, extrait le 06/08/2026",ODbL (© contributeurs OpenStreetMap)
HT0831,routes,sentier,km,30.8,SRC-028,"OSM via HOT, extrait le 06/08/2026",ODbL (© contributeurs OpenStreetMap)
HT0831,routes,voie de service,km,0.1,SRC-028,"OSM via HOT, extrait le 06/08/2026",ODbL (© contributeurs OpenStreetMap)
HT0831,routes,voie piétonne,km,3.9,SRC-028,"OSM via HOT, extrait le 06/08/2026",ODbL (© contributeurs OpenStreetMap)
HT0832,routes,piste,km,73.7,SRC-028,"OSM via HOT, extrait le 06/08/2026",ODbL (© contributeurs OpenStreetMap)
HT0832,routes,route non classée,km,56.4,SRC-028,"OSM via HOT, extrait le 06/08/2026",ODbL (© contributeurs OpenStreetMap)
HT0832,routes,route primaire,km,19.5,SRC-028,"OSM via HOT, extrait le 06/08/2026",ODbL (© contributeurs OpenStreetMap)
HT0832,routes,route tertiaire,km,2.8,SRC-028,"OSM via HOT, extrait le 06/08/2026",ODbL (© contributeurs OpenStreetMap)
HT0832,routes,rue résidentielle,km,18.9,SRC-028,"OSM via HOT, extrait le 06/08/2026",ODbL (© contributeurs OpenStreetMap)
HT0832,routes,sentier,km,73.9,SRC-028,"OSM via HOT, extrait le 06/08/2026",ODbL (© contributeurs OpenStreetMap)
HT0832,routes,voie de service,km,0.4,SRC-028,"OSM via HOT, extrait le 06/08/2026",ODbL (© contributeurs OpenStreetMap)
HT0832,routes,voie piétonne,km,8.7,SRC-028,"OSM via HOT, extrait le 06/08/2026",ODbL (© contributeurs OpenStreetMap)
HT0833,routes,piste,km,25.5,SRC-028,"OSM via HOT, extrait le 06/08/2026",ODbL (© contributeurs OpenStreetMap)
HT0833,routes,route non classée,km,46.9,SRC-028,"OSM via HOT, extrait le 06/08/2026",ODbL (© contributeurs OpenStreetMap)
HT0833,routes,route primaire,km,16.6,SRC-028,"OSM via HOT, extrait le 06/08/2026",ODbL (© contributeurs OpenStreetMap)
HT0833,routes,route tertiaire,km,8.6,SRC-028,"OSM via HOT, extrait le 06/08/2026",ODbL (© contributeurs OpenStreetMap)
HT0833,routes,rue résidentielle,km,14.4,SRC-028,"OSM via HOT, extrait le 06/08/2026",ODbL (© contributeurs OpenStreetMap)
HT0833,routes,sentier,km,8.2,SRC-028,"OSM via HOT, extrait le 06/08/2026",ODbL (© contributeurs OpenStreetMap)
HT0833,routes,voie de service,km,0.9,SRC-028,"OSM via HOT, extrait le 06/08/2026",ODbL (© contributeurs OpenStreetMap)
HT0833,routes,voie piétonne,km,13.8,SRC-028,"OSM via HOT, extrait le 06/08/2026",ODbL (© contributeurs OpenStreetMap)
HT0834,routes,piste,km,39.6,SRC-028,"OSM via HOT, extrait le 06/08/2026",ODbL (© contributeurs OpenStreetMap)
HT0834,routes,route non classée,km,87.7,SRC-028,"OSM via HOT, extrait le 06/08/2026",ODbL (© contributeurs OpenStreetMap)
HT0834,routes,route primaire,km,11.6,SRC-028,"OSM via HOT, extrait le 06/08/2026",ODbL (© contributeurs OpenStreetMap)
HT0834,routes,route tertiaire,km,37.8,SRC-028,"OSM via HOT, extrait le 06/08/2026",ODbL (© contributeurs OpenStreetMap)
HT0834,routes,rue résidentielle,km,25.4,SRC-028,"OSM via HOT, extrait le 06/08/2026",ODbL (© contributeurs OpenStreetMap)
HT0834,routes,sentier,km,37.0,SRC-028,"OSM via HOT, extrait le 06/08/2026",ODbL (© contributeurs OpenStreetMap)
HT0834,routes,voie de service,km,0.8,SRC-028,"OSM via HOT, extrait le 06/08/2026",ODbL (© contributeurs OpenStreetMap)
HT0911,routes,piste,km,109.3,SRC-028,"OSM via HOT, extrait le 06/08/2026",ODbL (© contributeurs OpenStreetMap)
HT0911,routes,route non classée,km,256.3,SRC-028,"OSM via HOT, extrait le 06/08/2026",ODbL (© contributeurs OpenStreetMap)
HT0911,routes,route primaire,km,9.6,SRC-028,"OSM via HOT, extrait le 06/08/2026",ODbL (© contributeurs OpenStreetMap)
HT0911,routes,route secondaire,km,28.6,SRC-028,"OSM via HOT, extrait le 06/08/2026",ODbL (© contributeurs OpenStreetMap)
HT0911,routes,route tertiaire,km,7.1,SRC-028,"OSM via HOT, extrait le 06/08/2026",ODbL (© contributeurs OpenStreetMap)
HT0911,routes,rue partagée,km,30.8,SRC-028,"OSM via HOT, extrait le 06/08/2026",ODbL (© contributeurs OpenStreetMap)
HT0911,routes,rue résidentielle,km,132.2,SRC-028,"OSM via HOT, extrait le 06/08/2026",ODbL (© contributeurs OpenStreetMap)
HT0911,routes,sentier,km,64.3,SRC-028,"OSM via HOT, extrait le 06/08/2026",ODbL (© contributeurs OpenStreetMap)
HT0911,routes,voie de service,km,13.1,SRC-028,"OSM via HOT, extrait le 06/08/2026",ODbL (© contributeurs OpenStreetMap)
HT0911,routes,voie piétonne,km,3.4,SRC-028,"OSM via HOT, extrait le 06/08/2026",ODbL (© contributeurs OpenStreetMap)
HT0912,routes,piste,km,129.8,SRC-028,"OSM via HOT, extrait le 06/08/2026",ODbL (© contributeurs OpenStreetMap)
HT0912,routes,route non classée,km,61.5,SRC-028,"OSM via HOT, extrait le 06/08/2026",ODbL (© contributeurs OpenStreetMap)
HT0912,routes,route tertiaire,km,27.9,SRC-028,"OSM via HOT, extrait le 06/08/2026",ODbL (© contributeurs OpenStreetMap)
HT0912,routes,rue résidentielle,km,21.2,SRC-028,"OSM via HOT, extrait le 06/08/2026",ODbL (© contributeurs OpenStreetMap)
HT0912,routes,sentier,km,78.1,SRC-028,"OSM via HOT, extrait le 06/08/2026",ODbL (© contributeurs OpenStreetMap)
HT0912,routes,voie de service,km,1.1,SRC-028,"OSM via HOT, extrait le 06/08/2026",ODbL (© contributeurs OpenStreetMap)
HT0912,routes,voie piétonne,km,2.0,SRC-028,"OSM via HOT, extrait le 06/08/2026",ODbL (© contributeurs OpenStreetMap)
HT0913,routes,piste,km,24.2,SRC-028,"OSM via HOT, extrait le 06/08/2026",ODbL (© contributeurs OpenStreetMap)
HT0913,routes,route non classée,km,138.8,SRC-028,"OSM via HOT, extrait le 06/08/2026",ODbL (© contributeurs OpenStreetMap)
HT0913,routes,route primaire,km,8.4,SRC-028,"OSM via HOT, extrait le 06/08/2026",ODbL (© contributeurs OpenStreetMap)
HT0913,routes,rue partagée,km,4.0,SRC-028,"OSM via HOT, extrait le 06/08/2026",ODbL (© contributeurs OpenStreetMap)
HT0913,routes,rue résidentielle,km,15.3,SRC-028,"OSM via HOT, extrait le 06/08/2026",ODbL (© contributeurs OpenStreetMap)
HT0913,routes,sentier,km,12.4,SRC-028,"OSM via HOT, extrait le 06/08/2026",ODbL (© contributeurs OpenStreetMap)
HT0913,routes,voie de service,km,0.2,SRC-028,"OSM via HOT, extrait le 06/08/2026",ODbL (© contributeurs OpenStreetMap)
HT0913,routes,voie piétonne,km,0.2,SRC-028,"OSM via HOT, extrait le 06/08/2026",ODbL (© contributeurs OpenStreetMap)
HT0914,routes,piste,km,1.1,SRC-028,"OSM via HOT, extrait le 06/08/2026",ODbL (© contributeurs OpenStreetMap)
HT0914,routes,route non classée,km,39.6,SRC-028,"OSM via HOT, extrait le 06/08/2026",ODbL (© contributeurs OpenStreetMap)
HT0914,routes,route primaire,km,12.6,SRC-028,"OSM via HOT, extrait le 06/08/2026",ODbL (© contributeurs OpenStreetMap)
HT0914,routes,rue résidentielle,km,3.4,SRC-028,"OSM via HOT, extrait le 06/08/2026",ODbL (© contributeurs OpenStreetMap)
HT0914,routes,sentier,km,1.6,SRC-028,"OSM via HOT, extrait le 06/08/2026",ODbL (© contributeurs OpenStreetMap)
HT0914,routes,voie de service,km,0.2,SRC-028,"OSM via HOT, extrait le 06/08/2026",ODbL (© contributeurs OpenStreetMap)
HT0921,routes,piste,km,15.4,SRC-028,"OSM via HOT, extrait le 06/08/2026",ODbL (© contributeurs OpenStreetMap)
HT0921,routes,route non classée,km,29.0,SRC-028,"OSM via HOT, extrait le 06/08/2026",ODbL (© contributeurs OpenStreetMap)
HT0921,routes,route secondaire,km,16.3,SRC-028,"OSM via HOT, extrait le 06/08/2026",ODbL (© contributeurs OpenStreetMap)
HT0921,routes,rue résidentielle,km,32.6,SRC-028,"OSM via HOT, extrait le 06/08/2026",ODbL (© contributeurs OpenStreetMap)
HT0921,routes,sentier,km,0.5,SRC-028,"OSM via HOT, extrait le 06/08/2026",ODbL (© contributeurs OpenStreetMap)
HT0921,routes,voie piétonne,km,0.1,SRC-028,"OSM via HOT, extrait le 06/08/2026",ODbL (© contributeurs OpenStreetMap)
HT0922,routes,piste,km,3.3,SRC-028,"OSM via HOT, extrait le 06/08/2026",ODbL (© contributeurs OpenStreetMap)
HT0922,routes,route secondaire,km,12.5,SRC-028,"OSM via HOT, extrait le 06/08/2026",ODbL (© contributeurs OpenStreetMap)
HT0922,routes,rue résidentielle,km,5.3,SRC-028,"OSM via HOT, extrait le 06/08/2026",ODbL (© contributeurs OpenStreetMap)
HT0922,routes,sentier,km,11.9,SRC-028,"OSM via HOT, extrait le 06/08/2026",ODbL (© contributeurs OpenStreetMap)
HT0922,routes,voie piétonne,km,5.1,SRC-028,"OSM via HOT, extrait le 06/08/2026",ODbL (© contributeurs OpenStreetMap)
HT0931,routes,piste,km,42.5,SRC-028,"OSM via HOT, extrait le 06/08/2026",ODbL (© contributeurs OpenStreetMap)
HT0931,routes,route non classée,km,18.2,SRC-028,"OSM via HOT, extrait le 06/08/2026",ODbL (© contributeurs OpenStreetMap)
HT0931,routes,route secondaire,km,10.8,SRC-028,"OSM via HOT, extrait le 06/08/2026",ODbL (© contributeurs OpenStreetMap)
HT0931,routes,route tertiaire,km,24.5,SRC-028,"OSM via HOT, extrait le 06/08/2026",ODbL (© contributeurs OpenStreetMap)
HT0931,routes,rue partagée,km,0.9,SRC-028,"OSM via HOT, extrait le 06/08/2026",ODbL (© contributeurs OpenStreetMap)
HT0931,routes,rue résidentielle,km,45.1,SRC-028,"OSM via HOT, extrait le 06/08/2026",ODbL (© contributeurs OpenStreetMap)
HT0931,routes,sentier,km,47.4,SRC-028,"OSM via HOT, extrait le 06/08/2026",ODbL (© contributeurs OpenStreetMap)
HT0931,routes,voie de service,km,2.4,SRC-028,"OSM via HOT, extrait le 06/08/2026",ODbL (© contributeurs OpenStreetMap)
HT0931,routes,voie piétonne,km,0.1,SRC-028,"OSM via HOT, extrait le 06/08/2026",ODbL (© contributeurs OpenStreetMap)
HT0932,routes,piste,km,21.8,SRC-028,"OSM via HOT, extrait le 06/08/2026",ODbL (© contributeurs OpenStreetMap)
HT0932,routes,route non classée,km,44.0,SRC-028,"OSM via HOT, extrait le 06/08/2026",ODbL (© contributeurs OpenStreetMap)
HT0932,routes,route secondaire,km,45.9,SRC-028,"OSM via HOT, extrait le 06/08/2026",ODbL (© contributeurs OpenStreetMap)
HT0932,routes,rue résidentielle,km,0.4,SRC-028,"OSM via HOT, extrait le 06/08/2026",ODbL (© contributeurs OpenStreetMap)
HT0932,routes,sentier,km,74.5,SRC-028,"OSM via HOT, extrait le 06/08/2026",ODbL (© contributeurs OpenStreetMap)
HT0933,routes,piste,km,75.9,SRC-028,"OSM via HOT, extrait le 06/08/2026",ODbL (© contributeurs OpenStreetMap)
HT0933,routes,route non classée,km,12.5,SRC-028,"OSM via HOT, extrait le 06/08/2026",ODbL (© contributeurs OpenStreetMap)
HT0933,routes,route secondaire,km,9.0,SRC-028,"OSM via HOT, extrait le 06/08/2026",ODbL (© contributeurs OpenStreetMap)
HT0933,routes,route tertiaire,km,23.0,SRC-028,"OSM via HOT, extrait le 06/08/2026",ODbL (© contributeurs OpenStreetMap)
HT0933,routes,rue résidentielle,km,25.6,SRC-028,"OSM via HOT, extrait le 06/08/2026",ODbL (© contributeurs OpenStreetMap)
HT0933,routes,sentier,km,102.8,SRC-028,"OSM via HOT, extrait le 06/08/2026",ODbL (© contributeurs OpenStreetMap)
HT0933,routes,voie de service,km,0.3,SRC-028,"OSM via HOT, extrait le 06/08/2026",ODbL (© contributeurs OpenStreetMap)
HT0934,routes,piste,km,94.8,SRC-028,"OSM via HOT, extrait le 06/08/2026",ODbL (© contributeurs OpenStreetMap)
HT0934,routes,route non classée,km,358.0,SRC-028,"OSM via HOT, extrait le 06/08/2026",ODbL (© contributeurs OpenStreetMap)
HT0934,routes,route secondaire,km,35.0,SRC-028,"OSM via HOT, extrait le 06/08/2026",ODbL (© contributeurs OpenStreetMap)
HT0934,routes,route tertiaire,km,55.9,SRC-028,"OSM via HOT, extrait le 06/08/2026",ODbL (© contributeurs OpenStreetMap)
HT0934,routes,rue résidentielle,km,95.9,SRC-028,"OSM via HOT, extrait le 06/08/2026",ODbL (© contributeurs OpenStreetMap)
HT0934,routes,sentier,km,78.2,SRC-028,"OSM via HOT, extrait le 06/08/2026",ODbL (© contributeurs OpenStreetMap)
HT0934,routes,voie de service,km,1.6,SRC-028,"OSM via HOT, extrait le 06/08/2026",ODbL (© contributeurs OpenStreetMap)
HT0934,routes,voie piétonne,km,6.3,SRC-028,"OSM via HOT, extrait le 06/08/2026",ODbL (© contributeurs OpenStreetMap)
HT1011,routes,piste,km,62.7,SRC-028,"OSM via HOT, extrait le 06/08/2026",ODbL (© contributeurs OpenStreetMap)
HT1011,routes,route non classée,km,184.3,SRC-028,"OSM via HOT, extrait le 06/08/2026",ODbL (© contributeurs OpenStreetMap)
HT1011,routes,route primaire,km,13.5,SRC-028,"OSM via HOT, extrait le 06/08/2026",ODbL (© contributeurs OpenStreetMap)
HT1011,routes,route secondaire,km,11.7,SRC-028,"OSM via HOT, extrait le 06/08/2026",ODbL (© contributeurs OpenStreetMap)
HT1011,routes,route tertiaire,km,8.6,SRC-028,"OSM via HOT, extrait le 06/08/2026",ODbL (© contributeurs OpenStreetMap)
HT1011,routes,rue résidentielle,km,101.6,SRC-028,"OSM via HOT, extrait le 06/08/2026",ODbL (© contributeurs OpenStreetMap)
HT1011,routes,sentier,km,63.3,SRC-028,"OSM via HOT, extrait le 06/08/2026",ODbL (© contributeurs OpenStreetMap)
HT1011,routes,voie de service,km,9.5,SRC-028,"OSM via HOT, extrait le 06/08/2026",ODbL (© contributeurs OpenStreetMap)
HT1011,routes,voie piétonne,km,12.9,SRC-028,"OSM via HOT, extrait le 06/08/2026",ODbL (© contributeurs OpenStreetMap)
HT1012,routes,piste,km,14.5,SRC-028,"OSM via HOT, extrait le 06/08/2026",ODbL (© contributeurs OpenStreetMap)
HT1012,routes,route non classée,km,73.9,SRC-028,"OSM via HOT, extrait le 06/08/2026",ODbL (© contributeurs OpenStreetMap)
HT1012,routes,route secondaire,km,22.2,SRC-028,"OSM via HOT, extrait le 06/08/2026",ODbL (© contributeurs OpenStreetMap)
HT1012,routes,rue résidentielle,km,16.5,SRC-028,"OSM via HOT, extrait le 06/08/2026",ODbL (© contributeurs OpenStreetMap)
HT1012,routes,sentier,km,13.1,SRC-028,"OSM via HOT, extrait le 06/08/2026",ODbL (© contributeurs OpenStreetMap)
HT1012,routes,voie de service,km,1.8,SRC-028,"OSM via HOT, extrait le 06/08/2026",ODbL (© contributeurs OpenStreetMap)
HT1012,routes,voie piétonne,km,0.2,SRC-028,"OSM via HOT, extrait le 06/08/2026",ODbL (© contributeurs OpenStreetMap)
HT1013,routes,piste,km,27.1,SRC-028,"OSM via HOT, extrait le 06/08/2026",ODbL (© contributeurs OpenStreetMap)
HT1013,routes,route non classée,km,142.4,SRC-028,"OSM via HOT, extrait le 06/08/2026",ODbL (© contributeurs OpenStreetMap)
HT1013,routes,route primaire,km,7.4,SRC-028,"OSM via HOT, extrait le 06/08/2026",ODbL (© contributeurs OpenStreetMap)
HT1013,routes,route tertiaire,km,5.1,SRC-028,"OSM via HOT, extrait le 06/08/2026",ODbL (© contributeurs OpenStreetMap)
HT1013,routes,rue résidentielle,km,85.2,SRC-028,"OSM via HOT, extrait le 06/08/2026",ODbL (© contributeurs OpenStreetMap)
HT1013,routes,sentier,km,8.2,SRC-028,"OSM via HOT, extrait le 06/08/2026",ODbL (© contributeurs OpenStreetMap)
HT1013,routes,voie de service,km,3.8,SRC-028,"OSM via HOT, extrait le 06/08/2026",ODbL (© contributeurs OpenStreetMap)
HT1013,routes,voie piétonne,km,0.6,SRC-028,"OSM via HOT, extrait le 06/08/2026",ODbL (© contributeurs OpenStreetMap)
HT1014,routes,piste,km,25.6,SRC-028,"OSM via HOT, extrait le 06/08/2026",ODbL (© contributeurs OpenStreetMap)
HT1014,routes,route non classée,km,64.9,SRC-028,"OSM via HOT, extrait le 06/08/2026",ODbL (© contributeurs OpenStreetMap)
HT1014,routes,route secondaire,km,0.3,SRC-028,"OSM via HOT, extrait le 06/08/2026",ODbL (© contributeurs OpenStreetMap)
HT1014,routes,route tertiaire,km,32.8,SRC-028,"OSM via HOT, extrait le 06/08/2026",ODbL (© contributeurs OpenStreetMap)
HT1014,routes,rue résidentielle,km,39.2,SRC-028,"OSM via HOT, extrait le 06/08/2026",ODbL (© contributeurs OpenStreetMap)
HT1014,routes,sentier,km,20.3,SRC-028,"OSM via HOT, extrait le 06/08/2026",ODbL (© contributeurs OpenStreetMap)
HT1014,routes,voie de service,km,2.1,SRC-028,"OSM via HOT, extrait le 06/08/2026",ODbL (© contributeurs OpenStreetMap)
HT1014,routes,voie piétonne,km,0.1,SRC-028,"OSM via HOT, extrait le 06/08/2026",ODbL (© contributeurs OpenStreetMap)
HT1021,routes,piste,km,18.9,SRC-028,"OSM via HOT, extrait le 06/08/2026",ODbL (© contributeurs OpenStreetMap)
HT1021,routes,route non classée,km,98.3,SRC-028,"OSM via HOT, extrait le 06/08/2026",ODbL (© contributeurs OpenStreetMap)
HT1021,routes,route secondaire,km,17.3,SRC-028,"OSM via HOT, extrait le 06/08/2026",ODbL (© contributeurs OpenStreetMap)
HT1021,routes,route tertiaire,km,8.3,SRC-028,"OSM via HOT, extrait le 06/08/2026",ODbL (© contributeurs OpenStreetMap)
HT1021,routes,rue résidentielle,km,25.2,SRC-028,"OSM via HOT, extrait le 06/08/2026",ODbL (© contributeurs OpenStreetMap)
HT1021,routes,sentier,km,13.0,SRC-028,"OSM via HOT, extrait le 06/08/2026",ODbL (© contributeurs OpenStreetMap)
HT1021,routes,voie de service,km,0.5,SRC-028,"OSM via HOT, extrait le 06/08/2026",ODbL (© contributeurs OpenStreetMap)
HT1021,routes,voie piétonne,km,2.7,SRC-028,"OSM via HOT, extrait le 06/08/2026",ODbL (© contributeurs OpenStreetMap)
HT1022,routes,piste,km,29.9,SRC-028,"OSM via HOT, extrait le 06/08/2026",ODbL (© contributeurs OpenStreetMap)
HT1022,routes,route non classée,km,132.0,SRC-028,"OSM via HOT, extrait le 06/08/2026",ODbL (© contributeurs OpenStreetMap)
HT1022,routes,route secondaire,km,5.9,SRC-028,"OSM via HOT, extrait le 06/08/2026",ODbL (© contributeurs OpenStreetMap)
HT1022,routes,route tertiaire,km,1.3,SRC-028,"OSM via HOT, extrait le 06/08/2026",ODbL (© contributeurs OpenStreetMap)
HT1022,routes,rue résidentielle,km,26.2,SRC-028,"OSM via HOT, extrait le 06/08/2026",ODbL (© contributeurs OpenStreetMap)
HT1022,routes,sentier,km,48.2,SRC-028,"OSM via HOT, extrait le 06/08/2026",ODbL (© contributeurs OpenStreetMap)
HT1022,routes,voie de service,km,3.8,SRC-028,"OSM via HOT, extrait le 06/08/2026",ODbL (© contributeurs OpenStreetMap)
HT1022,routes,voie piétonne,km,0.3,SRC-028,"OSM via HOT, extrait le 06/08/2026",ODbL (© contributeurs OpenStreetMap)
HT1023,routes,piste,km,77.5,SRC-028,"OSM via HOT, extrait le 06/08/2026",ODbL (© contributeurs OpenStreetMap)
HT1023,routes,route non classée,km,76.4,SRC-028,"OSM via HOT, extrait le 06/08/2026",ODbL (© contributeurs OpenStreetMap)
HT1023,routes,route tertiaire,km,55.7,SRC-028,"OSM via HOT, extrait le 06/08/2026",ODbL (© contributeurs OpenStreetMap)
HT1023,routes,rue résidentielle,km,85.2,SRC-028,"OSM via HOT, extrait le 06/08/2026",ODbL (© contributeurs OpenStreetMap)
HT1023,routes,sentier,km,35.8,SRC-028,"OSM via HOT, extrait le 06/08/2026",ODbL (© contributeurs OpenStreetMap)
HT1023,routes,voie de service,km,2.5,SRC-028,"OSM via HOT, extrait le 06/08/2026",ODbL (© contributeurs OpenStreetMap)
HT1023,routes,voie piétonne,km,1.9,SRC-028,"OSM via HOT, extrait le 06/08/2026",ODbL (© contributeurs OpenStreetMap)
HT1024,routes,piste,km,22.2,SRC-028,"OSM via HOT, extrait le 06/08/2026",ODbL (© contributeurs OpenStreetMap)
HT1024,routes,route non classée,km,73.3,SRC-028,"OSM via HOT, extrait le 06/08/2026",ODbL (© contributeurs OpenStreetMap)
HT1024,routes,route tertiaire,km,5.7,SRC-028,"OSM via HOT, extrait le 06/08/2026",ODbL (© contributeurs OpenStreetMap)
HT1024,routes,rue résidentielle,km,9.1,SRC-028,"OSM via HOT, extrait le 06/08/2026",ODbL (© contributeurs OpenStreetMap)
HT1024,routes,sentier,km,36.1,SRC-028,"OSM via HOT, extrait le 06/08/2026",ODbL (© contributeurs OpenStreetMap)
HT1024,routes,voie de service,km,0.1,SRC-028,"OSM via HOT, extrait le 06/08/2026",ODbL (© contributeurs OpenStreetMap)
HT1025,routes,piste,km,25.1,SRC-028,"OSM via HOT, extrait le 06/08/2026",ODbL (© contributeurs OpenStreetMap)
HT1025,routes,route non classée,km,99.6,SRC-028,"OSM via HOT, extrait le 06/08/2026",ODbL (© contributeurs OpenStreetMap)
HT1025,routes,route tertiaire,km,4.7,SRC-028,"OSM via HOT, extrait le 06/08/2026",ODbL (© contributeurs OpenStreetMap)
HT1025,routes,rue résidentielle,km,11.5,SRC-028,"OSM via HOT, extrait le 06/08/2026",ODbL (© contributeurs OpenStreetMap)
HT1025,routes,sentier,km,28.8,SRC-028,"OSM via HOT, extrait le 06/08/2026",ODbL (© contributeurs OpenStreetMap)
HT1025,routes,voie de service,km,0.9,SRC-028,"OSM via HOT, extrait le 06/08/2026",ODbL (© contributeurs OpenStreetMap)
HT1025,routes,voie piétonne,km,0.3,SRC-028,"OSM via HOT, extrait le 06/08/2026",ODbL (© contributeurs OpenStreetMap)
HT1031,routes,piste,km,40.5,SRC-028,"OSM via HOT, extrait le 06/08/2026",ODbL (© contributeurs OpenStreetMap)
HT1031,routes,route non classée,km,92.5,SRC-028,"OSM via HOT, extrait le 06/08/2026",ODbL (© contributeurs OpenStreetMap)
HT1031,routes,route secondaire,km,12.1,SRC-028,"OSM via HOT, extrait le 06/08/2026",ODbL (© contributeurs OpenStreetMap)
HT1031,routes,rue résidentielle,km,13.6,SRC-028,"OSM via HOT, extrait le 06/08/2026",ODbL (© contributeurs OpenStreetMap)
HT1031,routes,sentier,km,48.2,SRC-028,"OSM via HOT, extrait le 06/08/2026",ODbL (© contributeurs OpenStreetMap)
HT1031,routes,voie de service,km,0.2,SRC-028,"OSM via HOT, extrait le 06/08/2026",ODbL (© contributeurs OpenStreetMap)
HT1031,routes,voie piétonne,km,0.6,SRC-028,"OSM via HOT, extrait le 06/08/2026",ODbL (© contributeurs OpenStreetMap)
HT1032,routes,piste,km,0.9,SRC-028,"OSM via HOT, extrait le 06/08/2026",ODbL (© contributeurs OpenStreetMap)
HT1032,routes,route non classée,km,3.7,SRC-028,"OSM via HOT, extrait le 06/08/2026",ODbL (© contributeurs OpenStreetMap)
HT1032,routes,route tertiaire,km,2.2,SRC-028,"OSM via HOT, extrait le 06/08/2026",ODbL (© contributeurs OpenStreetMap)
HT1032,routes,rue résidentielle,km,2.7,SRC-028,"OSM via HOT, extrait le 06/08/2026",ODbL (© contributeurs OpenStreetMap)
HT1032,routes,sentier,km,12.2,SRC-028,"OSM via HOT, extrait le 06/08/2026",ODbL (© contributeurs OpenStreetMap)
