{"type":"FeatureCollection","titre":"Offre touristique cartographiée (OSM)","source_id":"SRC-028","source":"OpenStreetMap via HOT — © contributeurs OSM","licence":"ODbL","millesime":"extrait le 14/08/2026","legende":{"f":{"hebergement":"Hébergement","sites":"Sites et attractions","plein_air":"Plein air","information":"Information touristique","restauration":"Restauration et sorties","patrimoine":"Patrimoine bâti","culture":"Lieux de culture"}},"limite":"Cartographie contributive : elle suit les contributeurs, donc les villes. Aucun établissement ne déclare sa capacité — zéro lit déclaré sur 643 hébergements. Un point n'est ni un classement, ni un agrément, ni une garantie d'ouverture.","features":[{"type":"Feature","geometry":{"type":"Point","coordinates":[-71.838334,18.234127]},"properties":{"f":"hebergement","t":"guest_house","n":"Esperanta Guest House"}},{"type":"Feature","geometry":{"type":"Point","coordinates":[-71.841221,18.244011]},"properties":{"f":"restauration","t":"nightclub","n":"la cafeire disco bar resto"}},{"type":"Feature","geometry":{"type":"Point","coordinates":[-71.841504,18.243159]},"properties":{"f":"restauration","t":"restaurant","n":""}},{"type":"Feature","geometry":{"type":"Point","coordinates":[-71.760239,18.034067]},"properties":{"f":"hebergement","t":"hotel","n":"Reserve 2015"}},{"type":"Feature","geometry":{"type":"Point","coordinates":[-71.760239,18.034067]},"properties":{"f":"hebergement","t":"hotel","n":"Reserve 2015"}},{"type":"Feature","geometry":{"type":"Point","coordinates":[-72.692054,19.098768]},"properties":{"f":"hebergement","t":"hotel","n":"Marabout Hotel"}},{"type":"Feature","geometry":{"type":"Point","coordinates":[-72.693277,19.102997]},"properties":{"f":"restauration","t":"cafe","n":"Pale Pale'w Net Multi-Services"}},{"type":"Feature","geometry":{"type":"Point","coordinates":[-72.691516,19.104988]},"properties":{"f":"restauration","t":"cafe","n":"Mon decor et paper center"}},{"type":"Feature","geometry":{"type":"Point","coordinates":[-72.688226,19.104089]},"properties":{"f":"hebergement","t":"hotel","n":"Guess House Hotel"}},{"type":"Feature","geometry":{"type":"Point","coordinates":[-72.693126,19.105657]},"properties":{"f":"restauration","t":"restaurant","n":"Le Manguier"}},{"type":"Feature","geometry":{"type":"Point","coordinates":[-72.693279,19.105709]},"properties":{"f":"restauration","t":"bar","n":"La Detente"}},{"type":"Feature","geometry":{"type":"Point","coordinates":[-72.693489,19.108654]},"properties":{"f":"restauration","t":"restaurant","n":"SISSY Resto"}},{"type":"Feature","geometry":{"type":"Point","coordinates":[-72.693022,19.108756]},"properties":{"f":"restauration","t":"bar","n":""}},{"type":"Feature","geometry":{"type":"Point","coordinates":[-72.617277,19.14967]},"properties":{"f":"hebergement","t":"hotel","n":"Clotaire Hotel Restaurant"}},{"type":"Feature","geometry":{"type":"Point","coordinates":[-72.615935,19.149805]},"properties":{"f":"restauration","t":"restaurant","n":""}},{"type":"Feature","geometry":{"type":"Point","coordinates":[-72.615803,19.149738]},"properties":{"f":"hebergement","t":"motel","n":""}},{"type":"Feature","geometry":{"type":"Point","coordinates":[-72.551141,19.126153]},"properties":{"f":"restauration","t":"nightclub","n":"Viner Night Club"}},{"type":"Feature","geometry":{"type":"Point","coordinates":[-72.552158,19.126052]},"properties":{"f":"sites","t":"artwork","n":"Mathieu Hoby"}},{"type":"Feature","geometry":{"type":"Point","coordinates":[-72.492479,19.078034]},"properties":{"f":"hebergement","t":"hotel","n":"Kay Haiti"}},{"type":"Feature","geometry":{"type":"Point","coordinates":[-72.479686,19.12111]},"properties":{"f":"culture","t":"cinema","n":"Ideal night Club"}},{"type":"Feature","geometry":{"type":"Point","coordinates":[-72.48073,19.121185]},"properties":{"f":"restauration","t":"bar","n":""}},{"type":"Feature","geometry":{"type":"Point","coordinates":[-72.48117,19.122047]},"properties":{"f":"restauration","t":"bar","n":""}},{"type":"Feature","geometry":{"type":"Point","coordinates":[-72.514226,19.261892]},"properties":{"f":"hebergement","t":"guest_house","n":"Impact Guest House"}},{"type":"Feature","geometry":{"type":"Point","coordinates":[-72.514654,19.263454]},"properties":{"f":"hebergement","t":"hotel","n":"Auberge Impériale"}},{"type":"Feature","geometry":{"type":"Point","coordinates":[-72.514299,19.263224]},"properties":{"f":"hebergement","t":"guest_house","n":""}},{"type":"Feature","geometry":{"type":"Point","coordinates":[-72.529863,19.265213]},"properties":{"f":"hebergement","t":"hotel","n":""}},{"type":"Feature","geometry":{"type":"Point","coordinates":[-72.526149,19.264496]},"properties":{"f":"restauration","t":"restaurant","n":"Max Idéal"}},{"type":"Feature","geometry":{"type":"Point","coordinates":[-72.522125,19.264722]},"properties":{"f":"hebergement","t":"hotel","n":"La Solace"}},{"type":"Feature","geometry":{"type":"Point","coordinates":[-72.517302,19.263037]},"properties":{"f":"restauration","t":"nightclub","n":"Vilbon Platini"}},{"type":"Feature","geometry":{"type":"Point","coordinates":[-72.516397,19.264063]},"properties":{"f":"hebergement","t":"hotel","n":"Moon Era"}},{"type":"Feature","geometry":{"type":"Point","coordinates":[-72.519319,19.26438]},"properties":{"f":"restauration","t":"restaurant","n":"Lauviah Resto"}},{"type":"Feature","geometry":{"type":"Point","coordinates":[-72.516295,19.260908]},"properties":{"f":"restauration","t":"restaurant","n":"Chez Goule"}},{"type":"Feature","geometry":{"type":"Point","coordinates":[-72.51725,19.261726]},"properties":{"f":"restauration","t":"restaurant","n":"Delicatesse"}},{"type":"Feature","geometry":{"type":"Point","coordinates":[-72.516789,19.261644]},"properties":{"f":"sites","t":"artwork","n":"Sculpture à l'Effigie de Dessalines"}},{"type":"Feature","geometry":{"type":"Point","coordinates":[-72.516859,19.261551]},"properties":{"f":"information","t":"information","n":"OTD (Office du tourisme de Dessalines)"}},{"type":"Feature","geometry":{"type":"Point","coordinates":[-72.515087,19.262145]},"properties":{"f":"hebergement","t":"hotel","n":"Hotel Rayon de lumière"}},{"type":"Feature","geometry":{"type":"Point","coordinates":[-72.521228,19.261548]},"properties":{"f":"restauration","t":"bar","n":"Creole Bar"}},{"type":"Feature","geometry":{"type":"Point","coordinates":[-72.526363,19.262692]},"properties":{"f":"hebergement","t":"hotel","n":"Linto Santana"}},{"type":"Feature","geometry":{"type":"Point","coordinates":[-73.393516,18.279106]},"properties":{"f":"restauration","t":"restaurant","n":"Restaurant De La Place"}},{"type":"Feature","geometry":{"type":"Point","coordinates":[-73.392415,18.27793]},"properties":{"f":"restauration","t":"restaurant","n":"Gladys Bar Restaurant"}},{"type":"Feature","geometry":{"type":"Point","coordinates":[-73.392212,18.277053]},"properties":{"f":"restauration","t":"restaurant","n":"Tina Bar Restaurant"}},{"type":"Feature","geometry":{"type":"Point","coordinates":[-73.394577,18.278228]},"properties":{"f":"restauration","t":"restaurant","n":"Rainbow club"}},{"type":"Feature","geometry":{"type":"Point","coordinates":[-73.394919,18.27894]},"properties":{"f":"restauration","t":"restaurant","n":"Lolo Bar"}},{"type":"Feature","geometry":{"type":"Point","coordinates":[-73.394935,18.279247]},"properties":{"f":"restauration","t":"restaurant","n":""}},{"type":"Feature","geometry":{"type":"Point","coordinates":[-73.394357,18.279658]},"properties":{"f":"sites","t":"attraction","n":""}},{"type":"Feature","geometry":{"type":"Point","coordinates":[-73.396134,18.279838]},"properties":{"f":"restauration","t":"restaurant","n":"Garry Bar Restaurant"}},{"type":"Feature","geometry":{"type":"Point","coordinates":[-73.400605,18.27872]},"properties":{"f":"hebergement","t":"guest_house","n":""}},{"type":"Feature","geometry":{"type":"Point","coordinates":[-73.400819,18.277862]},"properties":{"f":"restauration","t":"bar","n":"Le Tamarin Bar"}},{"type":"Feature","geometry":{"type":"Point","coordinates":[-73.397425,18.286163]},"properties":{"f":"hebergement","t":"hotel","n":"Hotel Aldy"}},{"type":"Feature","geometry":{"type":"Point","coordinates":[-73.397073,18.282588]},"properties":{"f":"restauration","t":"bar","n":"Jadoute Bel Manman Bar"}},{"type":"Feature","geometry":{"type":"Point","coordinates":[-73.394375,18.281663]},"properties":{"f":"restauration","t":"cafe","n":"Deenet Cyber Cafe"}},{"type":"Feature","geometry":{"type":"Point","coordinates":[-73.395519,18.282531]},"properties":{"f":"hebergement","t":"hotel","n":"Le Canadien Hôtel"}},{"type":"Feature","geometry":{"type":"Point","coordinates":[-73.392982,18.282934]},"properties":{"f":"restauration","t":"restaurant","n":"Complex Nenette Market - Bar-Rato-Cybercafe"}},{"type":"Feature","geometry":{"type":"Point","coordinates":[-73.39327,18.281832]},"properties":{"f":"restauration","t":"restaurant","n":"Melimelo Boutique"}},{"type":"Feature","geometry":{"type":"Point","coordinates":[-73.392233,18.280652]},"properties":{"f":"restauration","t":"restaurant","n":"Paulo Glace & Poule"}},{"type":"Feature","geometry":{"type":"Point","coordinates":[-73.327187,18.304782]},"properties":{"f":"restauration","t":"restaurant","n":"cacoune bar boutique"}},{"type":"Feature","geometry":{"type":"Point","coordinates":[-73.362878,18.316234]},"properties":{"f":"restauration","t":"bar","n":"Badeau Bar"}},{"type":"Feature","geometry":{"type":"Point","coordinates":[-73.367324,18.316633]},"properties":{"f":"restauration","t":"bar","n":"Inazi Bar"}},{"type":"Feature","geometry":{"type":"Point","coordinates":[-73.23637,18.36017]},"properties":{"f":"restauration","t":"restaurant","n":"el shadaï"}},{"type":"Feature","geometry":{"type":"Point","coordinates":[-73.276823,18.317074]},"properties":{"f":"restauration","t":"restaurant","n":"Ti Mole"}},{"type":"Feature","geometry":{"type":"Point","coordinates":[-73.296795,18.312431]},"properties":{"f":"restauration","t":"bar","n":"First Class"}},{"type":"Feature","geometry":{"type":"Point","coordinates":[-73.13025,18.280878]},"properties":{"f":"hebergement","t":"hotel","n":""}},{"type":"Feature","geometry":{"type":"Point","coordinates":[-73.118524,18.328183]},"properties":{"f":"restauration","t":"nightclub","n":"Full Feeling Night Club"}},{"type":"Feature","geometry":{"type":"Point","coordinates":[-73.119857,18.352811]},"properties":{"f":"plein_air","t":"picnic_site","n":""}},{"type":"Feature","geometry":{"type":"Point","coordinates":[-73.116365,18.373248]},"properties":{"f":"restauration","t":"restaurant","n":"Bon appétit bar restaurant"}},{"type":"Feature","geometry":{"type":"Point","coordinates":[-73.179099,18.346936]},"properties":{"f":"restauration","t":"bar","n":"Hoschama Hello Bar"}},{"type":"Feature","geometry":{"type":"Point","coordinates":[-73.192316,18.374796]},"properties":{"f":"sites","t":"attraction","n":""}},{"type":"Feature","geometry":{"type":"Point","coordinates":[-73.079874,18.428673]},"properties":{"f":"restauration","t":"restaurant","n":""}},{"type":"Feature","geometry":{"type":"Point","coordinates":[-73.079532,18.431511]},"properties":{"f":"hebergement","t":"hotel","n":"Chez Dem"}},{"type":"Feature","geometry":{"type":"Point","coordinates":[-73.087197,18.444515]},"properties":{"f":"hebergement","t":"apartment","n":"Chez Tilus Ernso"}},{"type":"Feature","geometry":{"type":"Point","coordinates":[-73.218898,18.47972]},"properties":{"f":"hebergement","t":"hotel","n":"Casablanca Hotel"}},{"type":"Feature","geometry":{"type":"Point","coordinates":[-73.252312,18.477713]},"properties":{"f":"hebergement","t":"hotel","n":"Égalité Hotel"}},{"type":"Feature","geometry":{"type":"Point","coordinates":[-73.253723,18.479423]},"properties":{"f":"hebergement","t":"hostel","n":"Hebergement des professeurs/ plage"}},{"type":"Feature","geometry":{"type":"Point","coordinates":[-73.253763,18.479387]},"properties":{"f":"hebergement","t":"motel","n":"Hebergement des professeurs/ plage"}},{"type":"Feature","geometry":{"type":"Point","coordinates":[-73.775874,18.193226]},"properties":{"f":"hebergement","t":"hotel","n":"paradise"}},{"type":"Feature","geometry":{"type":"Point","coordinates":[-73.771856,18.194929]},"properties":{"f":"hebergement","t":"hotel","n":"Mandarine Hôtel"}},{"type":"Feature","geometry":{"type":"Point","coordinates":[-73.771086,18.196579]},"properties":{"f":"hebergement","t":"hotel","n":"Urgence Hotel"}},{"type":"Feature","geometry":{"type":"Point","coordinates":[-73.768084,18.180962]},"properties":{"f":"restauration","t":"restaurant","n":"Mariella"}},{"type":"Feature","geometry":{"type":"Point","coordinates":[-73.768427,18.180797]},"properties":{"f":"restauration","t":"restaurant","n":"Roro"}},{"type":"Feature","geometry":{"type":"Point","coordinates":[-73.76951,18.180342]},"properties":{"f":"restauration","t":"restaurant","n":"Chez Gina"}},{"type":"Feature","geometry":{"type":"Point","coordinates":[-73.769595,18.180502]},"properties":{"f":"restauration","t":"restaurant","n":"Fidei Bar Resto"}},{"type":"Feature","geometry":{"type":"Point","coordinates":[-73.770099,18.180039]},"properties":{"f":"restauration","t":"restaurant","n":"Fanfan"}},{"type":"Feature","geometry":{"type":"Point","coordinates":[-73.77016,18.18002]},"properties":{"f":"restauration","t":"restaurant","n":"Katho"}},{"type":"Feature","geometry":{"type":"Point","coordinates":[-73.770431,18.179873]},"properties":{"f":"restauration","t":"restaurant","n":"Marie France"}},{"type":"Feature","geometry":{"type":"Point","coordinates":[-73.769888,18.180188]},"properties":{"f":"restauration","t":"restaurant","n":""}},{"type":"Feature","geometry":{"type":"Point","coordinates":[-73.767978,18.181064]},"properties":{"f":"restauration","t":"restaurant","n":"Ketya"}},{"type":"Feature","geometry":{"type":"Point","coordinates":[-73.767255,18.181313]},"properties":{"f":"restauration","t":"restaurant","n":"Lamercie"}},{"type":"Feature","geometry":{"type":"Point","coordinates":[-73.766333,18.181388]},"properties":{"f":"restauration","t":"bar","n":"Yvonne Gonnele Bar"}},{"type":"Feature","geometry":{"type":"Point","coordinates":[-73.766435,18.181414]},"properties":{"f":"restauration","t":"bar","n":"Liberty Bar"}},{"type":"Feature","geometry":{"type":"Point","coordinates":[-73.766271,18.181691]},"properties":{"f":"restauration","t":"bar","n":"Paradise Bar"}},{"type":"Feature","geometry":{"type":"Point","coordinates":[-73.766114,18.181501]},"properties":{"f":"hebergement","t":"hotel","n":"Lizine Hotel Bar Resto"}},{"type":"Feature","geometry":{"type":"Point","coordinates":[-73.770923,18.179589]},"properties":{"f":"restauration","t":"restaurant","n":"La Roulette Bar Resto"}},{"type":"Feature","geometry":{"type":"Point","coordinates":[-73.771445,18.17955]},"properties":{"f":"restauration","t":"fast_food","n":"Chez Mae Tinese Bar Resto"}},{"type":"Feature","geometry":{"type":"Point","coordinates":[-73.771256,18.179495]},"properties":{"f":"hebergement","t":"hotel","n":"Preseverance Hotel"}},{"type":"Feature","geometry":{"type":"Point","coordinates":[-73.771905,18.179287]},"properties":{"f":"hebergement","t":"hotel","n":"Bon Bach Hotel"}},{"type":"Feature","geometry":{"type":"Point","coordinates":[-73.771497,18.179394]},"properties":{"f":"restauration","t":"bar","n":"Yes  A Loudy Bar"}},{"type":"Feature","geometry":{"type":"Point","coordinates":[-73.771478,18.179532]},"properties":{"f":"restauration","t":"fast_food","n":"Chez Ki Kit Tom Tom"}},{"type":"Feature","geometry":{"type":"Point","coordinates":[-73.772623,18.178895]},"properties":{"f":"restauration","t":"fast_food","n":"Gabi Fast Food"}},{"type":"Feature","geometry":{"type":"Point","coordinates":[-73.773564,18.178297]},"properties":{"f":"restauration","t":"restaurant","n":"Chez Gag"}},{"type":"Feature","geometry":{"type":"Point","coordinates":[-73.775478,18.177404]},"properties":{"f":"hebergement","t":"hotel","n":"Hotel Gellee"}},{"type":"Feature","geometry":{"type":"Point","coordinates":[-73.771043,18.1798]},"properties":{"f":"hebergement","t":"hotel","n":"Lecasa Delamor Hotel"}},{"type":"Feature","geometry":{"type":"Point","coordinates":[-73.832334,18.213946]},"properties":{"f":"restauration","t":"nightclub","n":"Dj Major"}},{"type":"Feature","geometry":{"type":"Point","coordinates":[-73.884875,18.210922]},"properties":{"f":"hebergement","t":"apartment","n":"Kay Pòpò"}},{"type":"Feature","geometry":{"type":"Point","coordinates":[-73.889481,18.201353]},"properties":{"f":"restauration","t":"bar","n":""}},{"type":"Feature","geometry":{"type":"Point","coordinates":[-74.096887,18.251478]},"properties":{"f":"information","t":"information","n":"Centre d’Accueil Grotte Marie Jeanne"}},{"type":"Feature","geometry":{"type":"Point","coordinates":[-74.096439,18.254634]},"properties":{"f":"sites","t":"viewpoint","n":""}},{"type":"Feature","geometry":{"type":"Point","coordinates":[-74.095127,18.253579]},"properties":{"f":"information","t":"information","n":"La Grotte Marie-Jeanne"}},{"type":"Feature","geometry":{"type":"Point","coordinates":[-74.036276,18.206391]},"properties":{"f":"sites","t":"viewpoint","n":""}},{"type":"Feature","geometry":{"type":"Point","coordinates":[-73.979688,18.161855]},"properties":{"f":"hebergement","t":"hotel","n":"La Source"}},{"type":"Feature","geometry":{"type":"Point","coordinates":[-73.944121,18.11187]},"properties":{"f":"sites","t":"viewpoint","n":""}},{"type":"Feature","geometry":{"type":"Point","coordinates":[-73.938549,18.102722]},"properties":{"f":"hebergement","t":"guest_house","n":""}},{"type":"Feature","geometry":{"type":"Point","coordinates":[-73.938348,18.101724]},"properties":{"f":"hebergement","t":"hotel","n":"Kay Bò Lanmè"}},{"type":"Feature","geometry":{"type":"Point","coordinates":[-73.938761,18.100455]},"properties":{"f":"restauration","t":"restaurant","n":"Chez Denise"}},{"type":"Feature","geometry":{"type":"Point","coordinates":[-73.939292,18.099507]},"properties":{"f":"restauration","t":"restaurant","n":"Chez Pauline"}},{"type":"Feature","geometry":{"type":"Point","coordinates":[-73.938589,18.10002]},"properties":{"f":"restauration","t":"restaurant","n":""}},{"type":"Feature","geometry":{"type":"Point","coordinates":[-73.934542,18.097801]},"properties":{"f":"hebergement","t":"hotel","n":"Hôtel Mont-Chéry"}},{"type":"Feature","geometry":{"type":"Point","coordinates":[-73.934522,18.097854]},"properties":{"f":"hebergement","t":"hotel","n":"Hôtel Mont-Chéry"}},{"type":"Feature","geometry":{"type":"Point","coordinates":[-73.935034,18.097379]},"properties":{"f":"hebergement","t":"hostel","n":"Fortress Inn"}},{"type":"Feature","geometry":{"type":"Point","coordinates":[-73.934975,18.097351]},"properties":{"f":"hebergement","t":"hotel","n":"Fortress Inn"}},{"type":"Feature","geometry":{"type":"Point","coordinates":[-73.937941,18.09827]},"properties":{"f":"restauration","t":"restaurant","n":""}},{"type":"Feature","geometry":{"type":"Point","coordinates":[-73.937507,18.097597]},"properties":{"f":"restauration","t":"restaurant","n":"Bélizor Bay Beach"}},{"type":"Feature","geometry":{"type":"Point","coordinates":[-73.932211,18.095766]},"properties":{"f":"restauration","t":"restaurant","n":"Auberge Gourmande"}},{"type":"Feature","geometry":{"type":"Point","coordinates":[-73.932056,18.096145]},"properties":{"f":"hebergement","t":"hotel","n":"Hôtel du Rayon Vert"}},{"type":"Feature","geometry":{"type":"Point","coordinates":[-73.931226,18.095107]},"properties":{"f":"hebergement","t":"motel","n":"Hôtel Reposoir Du Village"}},{"type":"Feature","geometry":{"type":"Point","coordinates":[-73.92474,18.087208]},"properties":{"f":"hebergement","t":"motel","n":"Hotel Lambi"}},{"type":"Feature","geometry":{"type":"Point","coordinates":[-73.924605,18.087311]},"properties":{"f":"hebergement","t":"hotel","n":"Hotel Lambi"}},{"type":"Feature","geometry":{"type":"Point","coordinates":[-73.926634,18.091011]},"properties":{"f":"hebergement","t":"hostel","n":"Hotel Naz Inn"}},{"type":"Feature","geometry":{"type":"Point","coordinates":[-73.942768,18.108782]},"properties":{"f":"hebergement","t":"hotel","n":"Dan's Creek Hotel"}},{"type":"Feature","geometry":{"type":"Point","coordinates":[-73.942863,18.108611]},"properties":{"f":"restauration","t":"restaurant","n":"Dan's Creek Hotel"}},{"type":"Feature","geometry":{"type":"Point","coordinates":[-73.619303,18.064968]},"properties":{"f":"restauration","t":"nightclub","n":"Dj Fanfan"}},{"type":"Feature","geometry":{"type":"Point","coordinates":[-73.653216,18.085045]},"properties":{"f":"restauration","t":"restaurant","n":"Kris Kapab Bar Restaurant"}},{"type":"Feature","geometry":{"type":"Point","coordinates":[-73.65126,18.08444]},"properties":{"f":"restauration","t":"restaurant","n":""}},{"type":"Feature","geometry":{"type":"Point","coordinates":[-73.657407,18.082801]},"properties":{"f":"restauration","t":"restaurant","n":"Ilmo"}},{"type":"Feature","geometry":{"type":"Point","coordinates":[-73.669182,18.097355]},"properties":{"f":"sites","t":"viewpoint","n":""}},{"type":"Feature","geometry":{"type":"Point","coordinates":[-73.67079,18.098315]},"properties":{"f":"hebergement","t":"hotel","n":""}},{"type":"Feature","geometry":{"type":"Point","coordinates":[-73.673602,18.096768]},"properties":{"f":"plein_air","t":"picnic_site","n":""}},{"type":"Feature","geometry":{"type":"Point","coordinates":[-73.692732,18.106153]},"properties":{"f":"hebergement","t":"hotel","n":"Port Morgan"}},{"type":"Feature","geometry":{"type":"Point","coordinates":[-73.692906,18.10506]},"properties":{"f":"restauration","t":"restaurant","n":""}},{"type":"Feature","geometry":{"type":"Point","coordinates":[-73.692588,18.105034]},"properties":{"f":"hebergement","t":"hotel","n":"Port Morgan"}},{"type":"Feature","geometry":{"type":"Point","coordinates":[-73.680624,18.094562]},"properties":{"f":"hebergement","t":"hotel","n":""}},{"type":"Feature","geometry":{"type":"Point","coordinates":[-73.694381,18.10089]},"properties":{"f":"hebergement","t":"hotel","n":""}},{"type":"Feature","geometry":{"type":"Point","coordinates":[-73.698976,18.101568]},"properties":{"f":"restauration","t":"nightclub","n":""}},{"type":"Feature","geometry":{"type":"Point","coordinates":[-73.701286,18.099353]},"properties":{"f":"sites","t":"viewpoint","n":""}},{"type":"Feature","geometry":{"type":"Point","coordinates":[-73.702545,18.097028]},"properties":{"f":"hebergement","t":"hotel","n":"Bungalows La Plage"}},{"type":"Feature","geometry":{"type":"Point","coordinates":[-73.702629,18.096978]},"properties":{"f":"hebergement","t":"hotel","n":"Bungalows La Plage"}},{"type":"Feature","geometry":{"type":"Point","coordinates":[-73.702722,18.097059]},"properties":{"f":"hebergement","t":"hotel","n":"Bungalows La Plage"}},{"type":"Feature","geometry":{"type":"Point","coordinates":[-73.699501,18.097797]},"properties":{"f":"hebergement","t":"hotel","n":"Suite des Coline"}},{"type":"Feature","geometry":{"type":"Point","coordinates":[-73.702107,18.094344]},"properties":{"f":"hebergement","t":"hotel","n":"Abaka Bay"}},{"type":"Feature","geometry":{"type":"Point","coordinates":[-73.702,18.094004]},"properties":{"f":"restauration","t":"restaurant","n":""}},{"type":"Feature","geometry":{"type":"Point","coordinates":[-73.699296,18.104826]},"properties":{"f":"restauration","t":"bar","n":"Kaliko Bar"}},{"type":"Feature","geometry":{"type":"Point","coordinates":[-73.705948,18.108688]},"properties":{"f":"hebergement","t":"hotel","n":"Hotel Anse a l'eau "}},{"type":"Feature","geometry":{"type":"Point","coordinates":[-73.76129,18.18178]},"properties":{"f":"hebergement","t":"hotel","n":"Roche Beach Missionary Retreat"}},{"type":"Feature","geometry":{"type":"Point","coordinates":[-73.761302,18.181335]},"properties":{"f":"hebergement","t":"hotel","n":"Destiny One Hote"}},{"type":"Feature","geometry":{"type":"Point","coordinates":[-73.761298,18.181337]},"properties":{"f":"restauration","t":"restaurant","n":"Destiny"}},{"type":"Feature","geometry":{"type":"Point","coordinates":[-73.742581,18.193686]},"properties":{"f":"restauration","t":"restaurant","n":"Andou Bar Restaurant"}},{"type":"Feature","geometry":{"type":"Point","coordinates":[-73.736719,18.195478]},"properties":{"f":"restauration","t":"nightclub","n":"Charlie Disco Night"}},{"type":"Feature","geometry":{"type":"Point","coordinates":[-73.746018,18.196843]},"properties":{"f":"restauration","t":"cafe","n":"DCS Cyber"}},{"type":"Feature","geometry":{"type":"Point","coordinates":[-73.745757,18.19598]},"properties":{"f":"restauration","t":"restaurant","n":"Maranatha Bar Restaurant"}},{"type":"Feature","geometry":{"type":"Point","coordinates":[-73.746652,18.196071]},"properties":{"f":"restauration","t":"restaurant","n":"Chez Ginou Bar Restaurant"}},{"type":"Feature","geometry":{"type":"Point","coordinates":[-73.746995,18.196253]},"properties":{"f":"restauration","t":"restaurant","n":"Poul Pam Resto"}},{"type":"Feature","geometry":{"type":"Point","coordinates":[-73.746974,18.196547]},"properties":{"f":"restauration","t":"cafe","n":"Universe Multi Services"}},{"type":"Feature","geometry":{"type":"Point","coordinates":[-73.747357,18.195957]},"properties":{"f":"restauration","t":"restaurant","n":"Korew La"}},{"type":"Feature","geometry":{"type":"Point","coordinates":[-73.748197,18.195934]},"properties":{"f":"restauration","t":"bar","n":""}},{"type":"Feature","geometry":{"type":"Point","coordinates":[-73.750245,18.198066]},"properties":{"f":"restauration","t":"restaurant","n":"Christ"}},{"type":"Feature","geometry":{"type":"Point","coordinates":[-73.750764,18.198311]},"properties":{"f":"restauration","t":"cafe","n":"Aetc Multi-services"}},{"type":"Feature","geometry":{"type":"Point","coordinates":[-73.751126,18.198276]},"properties":{"f":"restauration","t":"cafe","n":"Centre Multi-services Coella"}},{"type":"Feature","geometry":{"type":"Point","coordinates":[-73.750601,18.198498]},"properties":{"f":"restauration","t":"bar","n":""}},{"type":"Feature","geometry":{"type":"Point","coordinates":[-73.751435,18.199409]},"properties":{"f":"restauration","t":"restaurant","n":"10 dwet"}},{"type":"Feature","geometry":{"type":"Point","coordinates":[-73.75232,18.199237]},"properties":{"f":"restauration","t":"nightclub","n":"Zeutic Night Club"}},{"type":"Feature","geometry":{"type":"Point","coordinates":[-73.753007,18.198332]},"properties":{"f":"restauration","t":"restaurant","n":""}},{"type":"Feature","geometry":{"type":"Point","coordinates":[-73.752392,18.198492]},"properties":{"f":"restauration","t":"cafe","n":""}},{"type":"Feature","geometry":{"type":"Point","coordinates":[-73.751955,18.198455]},"properties":{"f":"restauration","t":"cafe","n":"Excelsior Multi Service"}},{"type":"Feature","geometry":{"type":"Point","coordinates":[-73.751587,18.198141]},"properties":{"f":"restauration","t":"restaurant","n":""}},{"type":"Feature","geometry":{"type":"Point","coordinates":[-73.751645,18.197602]},"properties":{"f":"restauration","t":"cafe","n":""}},{"type":"Feature","geometry":{"type":"Point","coordinates":[-73.752396,18.197803]},"properties":{"f":"restauration","t":"restaurant","n":"Gisline Resto"}},{"type":"Feature","geometry":{"type":"Point","coordinates":[-73.752422,18.197743]},"properties":{"f":"hebergement","t":"hotel","n":""}},{"type":"Feature","geometry":{"type":"Point","coordinates":[-73.753003,18.197909]},"properties":{"f":"hebergement","t":"hotel","n":"Hotel du progès"}},{"type":"Feature","geometry":{"type":"Point","coordinates":[-73.753159,18.197425]},"properties":{"f":"hebergement","t":"hotel","n":"Hotel Bar Resto"}},{"type":"Feature","geometry":{"type":"Point","coordinates":[-73.753191,18.197681]},"properties":{"f":"hebergement","t":"hotel","n":""}},{"type":"Feature","geometry":{"type":"Point","coordinates":[-73.753167,18.196952]},"properties":{"f":"restauration","t":"restaurant","n":"Tapis rouge bar restaurant"}},{"type":"Feature","geometry":{"type":"Point","coordinates":[-73.749909,18.19645]},"properties":{"f":"hebergement","t":"hotel","n":""}},{"type":"Feature","geometry":{"type":"Point","coordinates":[-73.750717,18.197355]},"properties":{"f":"restauration","t":"cafe","n":""}},{"type":"Feature","geometry":{"type":"Point","coordinates":[-73.75042,18.197368]},"properties":{"f":"restauration","t":"restaurant","n":"Tapis Vert"}},{"type":"Feature","geometry":{"type":"Point","coordinates":[-73.75001,18.197122]},"properties":{"f":"restauration","t":"cafe","n":""}},{"type":"Feature","geometry":{"type":"Point","coordinates":[-73.749819,18.197349]},"properties":{"f":"restauration","t":"bar","n":""}},{"type":"Feature","geometry":{"type":"Point","coordinates":[-73.748594,18.197785]},"properties":{"f":"information","t":"information","n":"Centre Croix Rouge"}},{"type":"Feature","geometry":{"type":"Point","coordinates":[-73.749163,18.195909]},"properties":{"f":"restauration","t":"cafe","n":"Corona Services"}},{"type":"Feature","geometry":{"type":"Point","coordinates":[-73.7488,18.195913]},"properties":{"f":"restauration","t":"restaurant","n":"Bon Gout Resto"}},{"type":"Feature","geometry":{"type":"Point","coordinates":[-73.749178,18.19575]},"properties":{"f":"restauration","t":"cafe","n":"Multi Service center"}},{"type":"Feature","geometry":{"type":"Point","coordinates":[-73.749828,18.195673]},"properties":{"f":"restauration","t":"restaurant","n":"Chez Claire Resto"}},{"type":"Feature","geometry":{"type":"Point","coordinates":[-73.749218,18.194902]},"properties":{"f":"restauration","t":"restaurant","n":"Cafe d'Val"}},{"type":"Feature","geometry":{"type":"Point","coordinates":[-73.749016,18.194964]},"properties":{"f":"restauration","t":"cafe","n":""}},{"type":"Feature","geometry":{"type":"Point","coordinates":[-73.749144,18.1953]},"properties":{"f":"hebergement","t":"hotel","n":"Hotel L'Echantillon"}},{"type":"Feature","geometry":{"type":"Point","coordinates":[-73.748455,18.195372]},"properties":{"f":"restauration","t":"restaurant","n":"Tyr Tam"}},{"type":"Feature","geometry":{"type":"Point","coordinates":[-73.749094,18.193885]},"properties":{"f":"restauration","t":"cafe","n":"Freinds Multi Services"}},{"type":"Feature","geometry":{"type":"Point","coordinates":[-73.749382,18.194471]},"properties":{"f":"culture","t":"arts_centre","n":"C P S art"}},{"type":"Feature","geometry":{"type":"Point","coordinates":[-73.749351,18.194636]},"properties":{"f":"hebergement","t":"hotel","n":""}},{"type":"Feature","geometry":{"type":"Point","coordinates":[-73.749261,18.194674]},"properties":{"f":"restauration","t":"restaurant","n":"La Famie Deistle Restauraunt"}},{"type":"Feature","geometry":{"type":"Point","coordinates":[-73.751682,18.195061]},"properties":{"f":"restauration","t":"fast_food","n":"Amitierre Ice Cream"}},{"type":"Feature","geometry":{"type":"Point","coordinates":[-73.753141,18.195765]},"properties":{"f":"restauration","t":"fast_food","n":"Djo Barbecue/Fast food"}},{"type":"Feature","geometry":{"type":"Point","coordinates":[-73.753353,18.195141]},"properties":{"f":"culture","t":"arts_centre","n":"Kokiyaj"}},{"type":"Feature","geometry":{"type":"Point","coordinates":[-73.753582,18.194617]},"properties":{"f":"restauration","t":"restaurant","n":"Chez Mangos Mini Bar"}},{"type":"Feature","geometry":{"type":"Point","coordinates":[-73.752684,18.194169]},"properties":{"f":"restauration","t":"bar","n":""}},{"type":"Feature","geometry":{"type":"Point","coordinates":[-73.751995,18.194651]},"properties":{"f":"hebergement","t":"hotel","n":"Tourism Hotel"}},{"type":"Feature","geometry":{"type":"Point","coordinates":[-73.751644,18.194468]},"properties":{"f":"restauration","t":"cafe","n":"Centre multi-services graphiques"}},{"type":"Feature","geometry":{"type":"Point","coordinates":[-73.751913,18.193062]},"properties":{"f":"restauration","t":"cafe","n":"Soleil Multi Services"}},{"type":"Feature","geometry":{"type":"Point","coordinates":[-73.753347,18.192669]},"properties":{"f":"culture","t":"cinema","n":"Cine Theatre St. Louis"}},{"type":"Feature","geometry":{"type":"Point","coordinates":[-73.753869,18.192655]},"properties":{"f":"restauration","t":"restaurant","n":"Anbyans Lakay"}},{"type":"Feature","geometry":{"type":"Point","coordinates":[-73.753879,18.192382]},"properties":{"f":"restauration","t":"bar","n":"Manmie bar dansant and grill"}},{"type":"Feature","geometry":{"type":"Point","coordinates":[-73.752262,18.192107]},"properties":{"f":"restauration","t":"cafe","n":""}},{"type":"Feature","geometry":{"type":"Point","coordinates":[-73.752328,18.192185]},"properties":{"f":"restauration","t":"cafe","n":"Roze net"}},{"type":"Feature","geometry":{"type":"Point","coordinates":[-73.751932,18.192405]},"properties":{"f":"sites","t":"attraction","n":"Inter-American Cooperative Food Production Service"}},{"type":"Feature","geometry":{"type":"Point","coordinates":[-73.751594,18.192338]},"properties":{"f":"sites","t":"artwork","n":"Bienvenue Aux Coins D'Art"}},{"type":"Feature","geometry":{"type":"Point","coordinates":[-73.750255,18.191962]},"properties":{"f":"restauration","t":"restaurant","n":"Bambou's Bar Restaurant"}},{"type":"Feature","geometry":{"type":"Point","coordinates":[-73.749435,18.192988]},"properties":{"f":"culture","t":"arts_centre","n":"Kay Arts"}},{"type":"Feature","geometry":{"type":"Point","coordinates":[-73.749167,18.193325]},"properties":{"f":"restauration","t":"cafe","n":"Bistro Gourmand"}},{"type":"Feature","geometry":{"type":"Point","coordinates":[-73.748482,18.193212]},"properties":{"f":"restauration","t":"restaurant","n":""}},{"type":"Feature","geometry":{"type":"Point","coordinates":[-73.749044,18.19313]},"properties":{"f":"restauration","t":"cafe","n":""}},{"type":"Feature","geometry":{"type":"Point","coordinates":[-73.748836,18.1929]},"properties":{"f":"restauration","t":"restaurant","n":"Fast and Tasty"}},{"type":"Feature","geometry":{"type":"Point","coordinates":[-73.748621,18.192964]},"properties":{"f":"restauration","t":"fast_food","n":"Pen Dore Fast Food"}},{"type":"Feature","geometry":{"type":"Point","coordinates":[-73.748636,18.192622]},"properties":{"f":"restauration","t":"restaurant","n":""}},{"type":"Feature","geometry":{"type":"Point","coordinates":[-73.749456,18.19238]},"properties":{"f":"hebergement","t":"hotel","n":"Nami"}},{"type":"Feature","geometry":{"type":"Point","coordinates":[-73.749457,18.192439]},"properties":{"f":"restauration","t":"restaurant","n":"La Cayenne"}},{"type":"Feature","geometry":{"type":"Point","coordinates":[-73.749192,18.192376]},"properties":{"f":"restauration","t":"fast_food","n":"Pen Dore Fast Food"}},{"type":"Feature","geometry":{"type":"Point","coordinates":[-73.749284,18.192295]},"properties":{"f":"restauration","t":"restaurant","n":"International Resto"}},{"type":"Feature","geometry":{"type":"Point","coordinates":[-73.7495,18.192223]},"properties":{"f":"restauration","t":"fast_food","n":"Mushi Ice Cream"}},{"type":"Feature","geometry":{"type":"Point","coordinates":[-73.748648,18.192004]},"properties":{"f":"restauration","t":"restaurant","n":"Hang Out"}},{"type":"Feature","geometry":{"type":"Point","coordinates":[-73.746107,18.192338]},"properties":{"f":"restauration","t":"cafe","n":"Supernet Centre d'appel"}},{"type":"Feature","geometry":{"type":"Point","coordinates":[-73.746629,18.193213]},"properties":{"f":"restauration","t":"cafe","n":""}},{"type":"Feature","geometry":{"type":"Point","coordinates":[-73.747401,18.192988]},"properties":{"f":"restauration","t":"restaurant","n":"Chez Marc"}},{"type":"Feature","geometry":{"type":"Point","coordinates":[-73.74845,18.19341]},"properties":{"f":"restauration","t":"restaurant","n":"La Coquetterie"}},{"type":"Feature","geometry":{"type":"Point","coordinates":[-73.748151,18.194311]},"properties":{"f":"hebergement","t":"hotel","n":"Hotel Imperial"}},{"type":"Feature","geometry":{"type":"Point","coordinates":[-73.747518,18.19446]},"properties":{"f":"restauration","t":"cafe","n":"C-Gabelnet"}},{"type":"Feature","geometry":{"type":"Point","coordinates":[-73.748176,18.194514]},"properties":{"f":"restauration","t":"restaurant","n":"S Carvin Resto"}},{"type":"Feature","geometry":{"type":"Point","coordinates":[-73.747905,18.195327]},"properties":{"f":"restauration","t":"restaurant","n":"Kreyol"}},{"type":"Feature","geometry":{"type":"Point","coordinates":[-73.748432,18.195158]},"properties":{"f":"culture","t":"arts_centre","n":"Bureau de danse Bresil"}},{"type":"Feature","geometry":{"type":"Point","coordinates":[-73.748039,18.195784]},"properties":{"f":"restauration","t":"restaurant","n":"Au Non De Jesus Bar Resto"}},{"type":"Feature","geometry":{"type":"Point","coordinates":[-73.747651,18.195351]},"properties":{"f":"hebergement","t":"guest_house","n":"Boulay Guest House"}},{"type":"Feature","geometry":{"type":"Point","coordinates":[-73.746603,18.195177]},"properties":{"f":"restauration","t":"restaurant","n":"Star"}},{"type":"Feature","geometry":{"type":"Point","coordinates":[-73.746719,18.195214]},"properties":{"f":"sites","t":"artwork","n":"Patrick Arts And Technic"}},{"type":"Feature","geometry":{"type":"Point","coordinates":[-73.747008,18.194371]},"properties":{"f":"restauration","t":"restaurant","n":"Au Nom de Jesus"}},{"type":"Feature","geometry":{"type":"Point","coordinates":[-73.746282,18.194088]},"properties":{"f":"restauration","t":"restaurant","n":"Edogeni Restaurant"}},{"type":"Feature","geometry":{"type":"Point","coordinates":[-73.745407,18.194583]},"properties":{"f":"restauration","t":"cafe","n":"Cabel Net"}},{"type":"Feature","geometry":{"type":"Point","coordinates":[-73.745336,18.19505]},"properties":{"f":"restauration","t":"cafe","n":"Grace Of God Cyber Cafe"}},{"type":"Feature","geometry":{"type":"Point","coordinates":[-73.746745,18.191383]},"properties":{"f":"hebergement","t":"hotel","n":""}},{"type":"Feature","geometry":{"type":"Point","coordinates":[-73.746725,18.191324]},"properties":{"f":"hebergement","t":"hotel","n":""}},{"type":"Feature","geometry":{"type":"Point","coordinates":[-73.747013,18.191582]},"properties":{"f":"restauration","t":"restaurant","n":"Past time restaurant"}},{"type":"Feature","geometry":{"type":"Point","coordinates":[-73.752352,18.187186]},"properties":{"f":"hebergement","t":"hotel","n":"Hotel L jordin"}},{"type":"Feature","geometry":{"type":"Point","coordinates":[-73.751705,18.18777]},"properties":{"f":"restauration","t":"nightclub","n":""}},{"type":"Feature","geometry":{"type":"Point","coordinates":[-73.753712,18.187881]},"properties":{"f":"hebergement","t":"hotel","n":"Hotel Cliff"}},{"type":"Feature","geometry":{"type":"Point","coordinates":[-73.748987,18.190196]},"properties":{"f":"sites","t":"attraction","n":"Bureau du Port"}},{"type":"Feature","geometry":{"type":"Point","coordinates":[-73.748553,18.190354]},"properties":{"f":"sites","t":"attraction","n":"Place du Wharf"}},{"type":"Feature","geometry":{"type":"Point","coordinates":[-73.748647,18.191106]},"properties":{"f":"sites","t":"attraction","n":"Parquet (Bureau des procureurs)"}},{"type":"Feature","geometry":{"type":"Point","coordinates":[-73.749068,18.191761]},"properties":{"f":"sites","t":"attraction","n":"Tribunal de Paix"}},{"type":"Feature","geometry":{"type":"Point","coordinates":[-73.749599,18.191836]},"properties":{"f":"hebergement","t":"hotel","n":"Metro Pol Hotel"}},{"type":"Feature","geometry":{"type":"Point","coordinates":[-73.753217,18.191851]},"properties":{"f":"restauration","t":"restaurant","n":"Le Pause Resto"}},{"type":"Feature","geometry":{"type":"Point","coordinates":[-73.753976,18.191407]},"properties":{"f":"restauration","t":"restaurant","n":"Chou Chou Bar Resto"}},{"type":"Feature","geometry":{"type":"Point","coordinates":[-73.754152,18.190759]},"properties":{"f":"restauration","t":"cafe","n":"Ginou Galazie Multi Services"}},{"type":"Feature","geometry":{"type":"Point","coordinates":[-73.754157,18.192347]},"properties":{"f":"restauration","t":"restaurant","n":""}},{"type":"Feature","geometry":{"type":"Point","coordinates":[-73.754679,18.192484]},"properties":{"f":"hebergement","t":"guest_house","n":"Ideal guest house"}},{"type":"Feature","geometry":{"type":"Point","coordinates":[-73.754348,18.192449]},"properties":{"f":"restauration","t":"cafe","n":"Village appel international"}},{"type":"Feature","geometry":{"type":"Point","coordinates":[-73.755237,18.1926]},"properties":{"f":"restauration","t":"nightclub","n":"Marabou Night Club"}},{"type":"Feature","geometry":{"type":"Point","coordinates":[-73.754856,18.193901]},"properties":{"f":"hebergement","t":"hotel","n":"Hotel Concordial"}},{"type":"Feature","geometry":{"type":"Point","coordinates":[-73.754122,18.194318]},"properties":{"f":"restauration","t":"restaurant","n":""}},{"type":"Feature","geometry":{"type":"Point","coordinates":[-73.759303,18.19763]},"properties":{"f":"restauration","t":"restaurant","n":"Amical bar resto"}},{"type":"Feature","geometry":{"type":"Point","coordinates":[-73.75785,18.19753]},"properties":{"f":"sites","t":"attraction","n":"Procure de Pères Oblats"}},{"type":"Feature","geometry":{"type":"Point","coordinates":[-73.758109,18.196521]},"properties":{"f":"restauration","t":"restaurant","n":"Kiki Resto"}},{"type":"Feature","geometry":{"type":"Point","coordinates":[-73.757769,18.196365]},"properties":{"f":"restauration","t":"nightclub","n":"Bailando Latino"}},{"type":"Feature","geometry":{"type":"Point","coordinates":[-73.756761,18.197548]},"properties":{"f":"restauration","t":"restaurant","n":"Freche Lakay"}},{"type":"Feature","geometry":{"type":"Point","coordinates":[-73.754233,18.199019]},"properties":{"f":"culture","t":"arts_centre","n":"Art Centre De Les Caye"}},{"type":"Feature","geometry":{"type":"Point","coordinates":[-73.756206,18.1997]},"properties":{"f":"restauration","t":"cafe","n":"Utsag Net"}},{"type":"Feature","geometry":{"type":"Point","coordinates":[-73.756688,18.19989]},"properties":{"f":"restauration","t":"cafe","n":"Gracia Multi Services"}},{"type":"Feature","geometry":{"type":"Point","coordinates":[-73.758848,18.197975]},"properties":{"f":"restauration","t":"cafe","n":"El Rapido Cybernet"}},{"type":"Feature","geometry":{"type":"Point","coordinates":[-73.758733,18.199405]},"properties":{"f":"hebergement","t":"guest_house","n":""}},{"type":"Feature","geometry":{"type":"Point","coordinates":[-73.758528,18.199539]},"properties":{"f":"hebergement","t":"guest_house","n":""}},{"type":"Feature","geometry":{"type":"Point","coordinates":[-73.758356,18.199606]},"properties":{"f":"hebergement","t":"guest_house","n":""}},{"type":"Feature","geometry":{"type":"Point","coordinates":[-73.759079,18.199763]},"properties":{"f":"restauration","t":"cafe","n":"Lazynet"}},{"type":"Feature","geometry":{"type":"Point","coordinates":[-73.764969,18.201536]},"properties":{"f":"sites","t":"attraction","n":"Marché Terre Croix 6 décembre 1929"}},{"type":"Feature","geometry":{"type":"Point","coordinates":[-73.763075,18.203866]},"properties":{"f":"hebergement","t":"hotel","n":"Hotel Nova Stella"}},{"type":"Feature","geometry":{"type":"Point","coordinates":[-73.763203,18.203574]},"properties":{"f":"restauration","t":"nightclub","n":"Kay Papy Djo Mack"}},{"type":"Feature","geometry":{"type":"Point","coordinates":[-73.764403,18.204794]},"properties":{"f":"restauration","t":"cafe","n":"C E N  P I T E C H"}},{"type":"Feature","geometry":{"type":"Point","coordinates":[-73.764346,18.205016]},"properties":{"f":"restauration","t":"cafe","n":"Roro Cybercafé"}},{"type":"Feature","geometry":{"type":"Point","coordinates":[-73.76174,18.204161]},"properties":{"f":"hebergement","t":"hotel","n":"Patience Hotel"}},{"type":"Feature","geometry":{"type":"Point","coordinates":[-73.757228,18.200108]},"properties":{"f":"restauration","t":"cafe","n":""}},{"type":"Feature","geometry":{"type":"Point","coordinates":[-73.755637,18.21031]},"properties":{"f":"hebergement","t":"hotel","n":""}},{"type":"Feature","geometry":{"type":"Point","coordinates":[-73.75559,18.210181]},"properties":{"f":"hebergement","t":"hotel","n":"Le Meridien"}},{"type":"Feature","geometry":{"type":"Point","coordinates":[-73.758108,18.208565]},"properties":{"f":"hebergement","t":"hotel","n":""}},{"type":"Feature","geometry":{"type":"Point","coordinates":[-73.762624,18.211461]},"properties":{"f":"restauration","t":"restaurant","n":"le restaurant bar"}},{"type":"Feature","geometry":{"type":"Point","coordinates":[-73.763069,18.212269]},"properties":{"f":"hebergement","t":"hotel","n":"Manguier Hotel"}},{"type":"Feature","geometry":{"type":"Point","coordinates":[-73.564625,18.259125]},"properties":{"f":"hebergement","t":"hotel","n":""}},{"type":"Feature","geometry":{"type":"Point","coordinates":[-73.545859,18.263232]},"properties":{"f":"restauration","t":"restaurant","n":"Chez Ti Paul"}},{"type":"Feature","geometry":{"type":"Point","coordinates":[-73.455946,18.261577]},"properties":{"f":"hebergement","t":"hotel","n":"Jardins Sur Mer"}},{"type":"Feature","geometry":{"type":"Point","coordinates":[-73.463525,18.260897]},"properties":{"f":"sites","t":"attraction","n":""}},{"type":"Feature","geometry":{"type":"Point","coordinates":[-73.434202,18.265384]},"properties":{"f":"sites","t":"attraction","n":""}},{"type":"Feature","geometry":{"type":"Point","coordinates":[-73.128697,18.279421]},"properties":{"f":"culture","t":"cinema","n":""}},{"type":"Feature","geometry":{"type":"Point","coordinates":[-72.351283,18.455751]},"properties":{"f":"sites","t":"viewpoint","n":""}},{"type":"Feature","geometry":{"type":"Point","coordinates":[-72.351275,18.455728]},"properties":{"f":"plein_air","t":"picnic_site","n":""}},{"type":"Feature","geometry":{"type":"Point","coordinates":[-72.352058,18.4559]},"properties":{"f":"plein_air","t":"picnic_site","n":""}},{"type":"Feature","geometry":{"type":"Point","coordinates":[-72.352033,18.456547]},"properties":{"f":"restauration","t":"restaurant","n":"Le Montcel"}},{"type":"Feature","geometry":{"type":"Point","coordinates":[-72.352014,18.45644]},"properties":{"f":"hebergement","t":"hotel","n":"Ranch Le Montcel"}},{"type":"Feature","geometry":{"type":"Point","coordinates":[-72.351921,18.457001]},"properties":{"f":"restauration","t":"restaurant","n":"Le Geranium"}},{"type":"Feature","geometry":{"type":"Point","coordinates":[-72.590474,18.386204]},"properties":{"f":"restauration","t":"restaurant","n":"Anba Tonel"}},{"type":"Feature","geometry":{"type":"Point","coordinates":[-72.633929,18.457022]},"properties":{"f":"restauration","t":"nightclub","n":""}},{"type":"Feature","geometry":{"type":"Point","coordinates":[-72.633889,18.457241]},"properties":{"f":"restauration","t":"nightclub","n":"Salamix Club"}},{"type":"Feature","geometry":{"type":"Point","coordinates":[-72.63395,18.456267]},"properties":{"f":"restauration","t":"fast_food","n":"Marie-Therese Restaurant"}},{"type":"Feature","geometry":{"type":"Point","coordinates":[-72.526932,18.425548]},"properties":{"f":"plein_air","t":"camp_site","n":"La Tournelle"}},{"type":"Feature","geometry":{"type":"Point","coordinates":[-72.602181,18.494595]},"properties":{"f":"plein_air","t":"camp_site","n":"refugee camp"}},{"type":"Feature","geometry":{"type":"Point","coordinates":[-72.603309,18.496475]},"properties":{"f":"plein_air","t":"camp_site","n":"refugee camp"}},{"type":"Feature","geometry":{"type":"Point","coordinates":[-72.584725,18.495574]},"properties":{"f":"plein_air","t":"camp_site","n":"refugee camp"}},{"type":"Feature","geometry":{"type":"Point","coordinates":[-72.592284,18.497461]},"properties":{"f":"plein_air","t":"camp_site","n":"refugee camp"}},{"type":"Feature","geometry":{"type":"Point","coordinates":[-72.592943,18.491977]},"properties":{"f":"plein_air","t":"camp_site","n":"refugee camp"}},{"type":"Feature","geometry":{"type":"Point","coordinates":[-72.616932,18.531483]},"properties":{"f":"culture","t":"theatre","n":"l'eglise de dieu de la petite riviera"}},{"type":"Feature","geometry":{"type":"Point","coordinates":[-72.647726,18.525254]},"properties":{"f":"hebergement","t":"hotel","n":"V.O Beach"}},{"type":"Feature","geometry":{"type":"Point","coordinates":[-72.633953,18.518959]},"properties":{"f":"restauration","t":"bar","n":"lovers boutique"}},{"type":"Feature","geometry":{"type":"Point","coordinates":[-72.640418,18.51457]},"properties":{"f":"hebergement","t":"hotel","n":"triomphe"}},{"type":"Feature","geometry":{"type":"Point","coordinates":[-72.633232,18.510346]},"properties":{"f":"restauration","t":"bar","n":"Madona"}},{"type":"Feature","geometry":{"type":"Point","coordinates":[-72.633657,18.513323]},"properties":{"f":"restauration","t":"restaurant","n":"Nay's Corner"}},{"type":"Feature","geometry":{"type":"Point","coordinates":[-72.633546,18.513577]},"properties":{"f":"restauration","t":"restaurant","n":"Nay’s Corner"}},{"type":"Feature","geometry":{"type":"Point","coordinates":[-72.633072,18.511663]},"properties":{"f":"restauration","t":"bar","n":"Fanm Total"}},{"type":"Feature","geometry":{"type":"Point","coordinates":[-72.633598,18.512265]},"properties":{"f":"restauration","t":"bar","n":"Antique"}},{"type":"Feature","geometry":{"type":"Point","coordinates":[-72.633762,18.511865]},"properties":{"f":"restauration","t":"restaurant","n":"Hotel de la place"}},{"type":"Feature","geometry":{"type":"Point","coordinates":[-72.632642,18.511272]},"properties":{"f":"restauration","t":"bar","n":"Coin des amis"}},{"type":"Feature","geometry":{"type":"Point","coordinates":[-72.628605,18.512236]},"properties":{"f":"plein_air","t":"camp_site","n":"Marché Chartuley"}},{"type":"Feature","geometry":{"type":"Point","coordinates":[-72.626503,18.512585]},"properties":{"f":"hebergement","t":"guest_house","n":""}},{"type":"Feature","geometry":{"type":"Point","coordinates":[-72.629339,18.508598]},"properties":{"f":"restauration","t":"nightclub","n":"Juventud Night Club"}},{"type":"Feature","geometry":{"type":"Point","coordinates":[-72.631838,18.507158]},"properties":{"f":"restauration","t":"bar","n":"MASAJE"}},{"type":"Feature","geometry":{"type":"Point","coordinates":[-72.615946,18.506525]},"properties":{"f":"hebergement","t":"hotel","n":"La Perfection Hotel"}},{"type":"Feature","geometry":{"type":"Point","coordinates":[-72.619631,18.509091]},"properties":{"f":"plein_air","t":"camp_site","n":"meeting tent"}},{"type":"Feature","geometry":{"type":"Point","coordinates":[-72.619523,18.509109]},"properties":{"f":"plein_air","t":"camp_site","n":"meeting tent"}},{"type":"Feature","geometry":{"type":"Point","coordinates":[-72.619076,18.514156]},"properties":{"f":"hebergement","t":"hotel","n":"taciana hotel"}},{"type":"Feature","geometry":{"type":"Point","coordinates":[-72.626426,18.51281]},"properties":{"f":"hebergement","t":"guest_house","n":"Nick Guess House"}},{"type":"Feature","geometry":{"type":"Point","coordinates":[-72.621169,18.514992]},"properties":{"f":"restauration","t":"restaurant","n":"Belle Negresse Restaurant"}},{"type":"Feature","geometry":{"type":"Point","coordinates":[-72.613168,18.51209]},"properties":{"f":"restauration","t":"restaurant","n":""}},{"type":"Feature","geometry":{"type":"Point","coordinates":[-72.61399,18.510439]},"properties":{"f":"hebergement","t":"hotel","n":"Gardere Hotel"}},{"type":"Feature","geometry":{"type":"Point","coordinates":[-72.617881,18.504348]},"properties":{"f":"restauration","t":"restaurant","n":"Leogane Carrefour Sigueneau"}},{"type":"Feature","geometry":{"type":"Point","coordinates":[-72.620216,18.504514]},"properties":{"f":"restauration","t":"restaurant","n":"Previlion Bakery"}},{"type":"Feature","geometry":{"type":"Point","coordinates":[-72.623098,18.501695]},"properties":{"f":"restauration","t":"bar","n":"BPN Nightclub"}},{"type":"Feature","geometry":{"type":"Point","coordinates":[-72.6385,18.480128]},"properties":{"f":"plein_air","t":"camp_site","n":"refugee camp"}},{"type":"Feature","geometry":{"type":"Point","coordinates":[-72.627995,18.497253]},"properties":{"f":"plein_air","t":"camp_site","n":"Camp Trésor"}},{"type":"Feature","geometry":{"type":"Point","coordinates":[-72.652414,18.522128]},"properties":{"f":"restauration","t":"bar","n":"Kay Vetriyòl"}},{"type":"Feature","geometry":{"type":"Point","coordinates":[-72.650832,18.52268]},"properties":{"f":"hebergement","t":"hotel","n":"perfection hotel"}},{"type":"Feature","geometry":{"type":"Point","coordinates":[-72.650772,18.523685]},"properties":{"f":"hebergement","t":"hotel","n":"ca-ira hotel"}},{"type":"Feature","geometry":{"type":"Point","coordinates":[-72.75635,18.428329]},"properties":{"f":"hebergement","t":"hotel","n":"Hotel New Palm’s Beach"}},{"type":"Feature","geometry":{"type":"Point","coordinates":[-72.747002,18.427138]},"properties":{"f":"restauration","t":"bar","n":"Blue Marlin"}},{"type":"Feature","geometry":{"type":"Point","coordinates":[-72.774711,18.416825]},"properties":{"f":"hebergement","t":"hotel","n":"Hotel Village D'or"}},{"type":"Feature","geometry":{"type":"Point","coordinates":[-72.782539,18.423732]},"properties":{"f":"sites","t":"attraction","n":"Place Jeanty"}},{"type":"Feature","geometry":{"type":"Point","coordinates":[-72.773106,18.426907]},"properties":{"f":"restauration","t":"restaurant","n":"Restaurant Communautaire"}},{"type":"Feature","geometry":{"type":"Point","coordinates":[-72.795204,18.431439]},"properties":{"f":"hebergement","t":"hotel","n":"Villa Taïna"}},{"type":"Feature","geometry":{"type":"Point","coordinates":[-72.792452,18.428316]},"properties":{"f":"hebergement","t":"hotel","n":"Hôtel Taïna"}},{"type":"Feature","geometry":{"type":"Point","coordinates":[-72.790735,18.429782]},"properties":{"f":"hebergement","t":"hotel","n":""}},{"type":"Feature","geometry":{"type":"Point","coordinates":[-72.868401,18.430416]},"properties":{"f":"hebergement","t":"hotel","n":"La Imperiatrice"}},{"type":"Feature","geometry":{"type":"Point","coordinates":[-72.866154,18.430487]},"properties":{"f":"hebergement","t":"hotel","n":"Hotel Deville"}},{"type":"Feature","geometry":{"type":"Point","coordinates":[-72.864587,18.432811]},"properties":{"f":"restauration","t":"restaurant","n":"En Plein Air Resto-Bar & Grill"}},{"type":"Feature","geometry":{"type":"Point","coordinates":[-72.862972,18.433643]},"properties":{"f":"restauration","t":"bar","n":"Mila Resto"}},{"type":"Feature","geometry":{"type":"Point","coordinates":[-72.859024,18.432353]},"properties":{"f":"restauration","t":"restaurant","n":"Petit Goave Restaurant"}},{"type":"Feature","geometry":{"type":"Point","coordinates":[-72.851216,18.435291]},"properties":{"f":"restauration","t":"fast_food","n":"Sans-frontieres"}},{"type":"Feature","geometry":{"type":"Point","coordinates":[-72.85067,18.436218]},"properties":{"f":"restauration","t":"bar","n":"La Dotente"}},{"type":"Feature","geometry":{"type":"Point","coordinates":[-72.850386,18.437106]},"properties":{"f":"restauration","t":"restaurant","n":""}},{"type":"Feature","geometry":{"type":"Point","coordinates":[-72.852208,18.438693]},"properties":{"f":"hebergement","t":"hostel","n":"Hotel Fort Royal"}},{"type":"Feature","geometry":{"type":"Point","coordinates":[-72.849851,18.439755]},"properties":{"f":"hebergement","t":"hotel","n":"Dovic Hotel"}},{"type":"Feature","geometry":{"type":"Point","coordinates":[-72.850908,18.440691]},"properties":{"f":"restauration","t":"nightclub","n":"Louco Night Club"}},{"type":"Feature","geometry":{"type":"Point","coordinates":[-72.854758,18.440843]},"properties":{"f":"hebergement","t":"hotel","n":"Hotel Fort Royal"}},{"type":"Feature","geometry":{"type":"Point","coordinates":[-72.851652,18.442744]},"properties":{"f":"hebergement","t":"hotel","n":"By the Sea"}},{"type":"Feature","geometry":{"type":"Point","coordinates":[-72.901669,18.446198]},"properties":{"f":"sites","t":"viewpoint","n":""}},{"type":"Feature","geometry":{"type":"Point","coordinates":[-72.816019,18.394791]},"properties":{"f":"hebergement","t":"hotel","n":"Villa Ban-Yen"}},{"type":"Feature","geometry":{"type":"Point","coordinates":[-72.703033,18.268712]},"properties":{"f":"hebergement","t":"guest_house","n":"Leriche mansion"}},{"type":"Feature","geometry":{"type":"Point","coordinates":[-72.756749,18.187272]},"properties":{"f":"hebergement","t":"hotel","n":"Auberge de Carmagnol"}},{"type":"Feature","geometry":{"type":"Point","coordinates":[-72.808962,18.169481]},"properties":{"f":"hebergement","t":"guest_house","n":"Quest House"}},{"type":"Feature","geometry":{"type":"Point","coordinates":[-72.936928,18.229612]},"properties":{"f":"hebergement","t":"guest_house","n":"APTEC-FAC Guest House"}},{"type":"Feature","geometry":{"type":"Point","coordinates":[-72.897228,18.209009]},"properties":{"f":"sites","t":"artwork","n":"Labiche"}},{"type":"Feature","geometry":{"type":"Point","coordinates":[-72.291795,18.660386]},"properties":{"f":"restauration","t":"bar","n":"Jolie Boutique Bar-Resto"}},{"type":"Feature","geometry":{"type":"Point","coordinates":[-72.316001,18.677342]},"properties":{"f":"information","t":"information","n":"Kanaan pi Djanm"}},{"type":"Feature","geometry":{"type":"Point","coordinates":[-72.315891,18.6775]},"properties":{"f":"restauration","t":"restaurant","n":""}},{"type":"Feature","geometry":{"type":"Point","coordinates":[-72.310581,18.673883]},"properties":{"f":"restauration","t":"restaurant","n":""}},{"type":"Feature","geometry":{"type":"Point","coordinates":[-72.29256,18.675905]},"properties":{"f":"restauration","t":"restaurant","n":"Restaurant Communautaire"}},{"type":"Feature","geometry":{"type":"Point","coordinates":[-72.309871,18.67873]},"properties":{"f":"restauration","t":"restaurant","n":""}},{"type":"Feature","geometry":{"type":"Point","coordinates":[-72.311068,18.678491]},"properties":{"f":"restauration","t":"restaurant","n":""}},{"type":"Feature","geometry":{"type":"Point","coordinates":[-72.309615,18.676716]},"properties":{"f":"restauration","t":"restaurant","n":""}},{"type":"Feature","geometry":{"type":"Point","coordinates":[-72.310099,18.68602]},"properties":{"f":"restauration","t":"restaurant","n":""}},{"type":"Feature","geometry":{"type":"Point","coordinates":[-72.313922,18.689882]},"properties":{"f":"restauration","t":"nightclub","n":""}},{"type":"Feature","geometry":{"type":"Point","coordinates":[-72.328166,18.705754]},"properties":{"f":"plein_air","t":"camp_site","n":"Estande de Tiro"}},{"type":"Feature","geometry":{"type":"Point","coordinates":[-72.282667,18.67154]},"properties":{"f":"restauration","t":"nightclub","n":"El Mayimbe"}},{"type":"Feature","geometry":{"type":"Point","coordinates":[-72.266322,18.668844]},"properties":{"f":"restauration","t":"restaurant","n":""}},{"type":"Feature","geometry":{"type":"Point","coordinates":[-72.264767,18.668284]},"properties":{"f":"information","t":"information","n":"Organisation_ OCB"}},{"type":"Feature","geometry":{"type":"Point","coordinates":[-72.250607,18.671284]},"properties":{"f":"culture","t":"cinema","n":"Patcheke"}},{"type":"Feature","geometry":{"type":"Point","coordinates":[-72.249449,18.667974]},"properties":{"f":"restauration","t":"restaurant","n":""}},{"type":"Feature","geometry":{"type":"Point","coordinates":[-72.243086,18.66943]},"properties":{"f":"culture","t":"cinema","n":"cinéma"}},{"type":"Feature","geometry":{"type":"Point","coordinates":[-72.239957,18.670584]},"properties":{"f":"restauration","t":"restaurant","n":""}},{"type":"Feature","geometry":{"type":"Point","coordinates":[-72.23839,18.668476]},"properties":{"f":"restauration","t":"restaurant","n":"Sono Bar"}},{"type":"Feature","geometry":{"type":"Point","coordinates":[-72.236429,18.668878]},"properties":{"f":"restauration","t":"restaurant","n":""}},{"type":"Feature","geometry":{"type":"Point","coordinates":[-72.22986,18.672375]},"properties":{"f":"sites","t":"viewpoint","n":""}},{"type":"Feature","geometry":{"type":"Point","coordinates":[-72.274004,18.759568]},"properties":{"f":"hebergement","t":"apartment","n":""}},{"type":"Feature","geometry":{"type":"Point","coordinates":[-72.313793,18.910295]},"properties":{"f":"restauration","t":"nightclub","n":"Fifi Night Culb"}},{"type":"Feature","geometry":{"type":"Point","coordinates":[-72.311711,18.911434]},"properties":{"f":"restauration","t":"fast_food","n":"Tiz Resto"}},{"type":"Feature","geometry":{"type":"Point","coordinates":[-72.311375,18.911724]},"properties":{"f":"restauration","t":"fast_food","n":"Cabinet Resto"}},{"type":"Feature","geometry":{"type":"Point","coordinates":[-72.311359,18.911685]},"properties":{"f":"restauration","t":"cafe","n":"Fidel Navigation"}},{"type":"Feature","geometry":{"type":"Point","coordinates":[-72.310174,18.912375]},"properties":{"f":"restauration","t":"nightclub","n":"Krab Yen Night Club"}},{"type":"Feature","geometry":{"type":"Point","coordinates":[-72.310391,18.912188]},"properties":{"f":"restauration","t":"nightclub","n":"Auland Mix"}},{"type":"Feature","geometry":{"type":"Point","coordinates":[-72.312226,18.909537]},"properties":{"f":"restauration","t":"cafe","n":"C N L multiservice"}},{"type":"Feature","geometry":{"type":"Point","coordinates":[-72.206275,18.817249]},"properties":{"f":"hebergement","t":"hotel","n":"Pelemn Hotel"}},{"type":"Feature","geometry":{"type":"Point","coordinates":[-72.203605,18.817505]},"properties":{"f":"sites","t":"attraction","n":""}},{"type":"Feature","geometry":{"type":"Point","coordinates":[-72.204546,18.816361]},"properties":{"f":"hebergement","t":"hotel","n":"Hotel Villa"}},{"type":"Feature","geometry":{"type":"Point","coordinates":[-72.204753,18.81613]},"properties":{"f":"restauration","t":"nightclub","n":""}},{"type":"Feature","geometry":{"type":"Point","coordinates":[-72.204895,18.815903]},"properties":{"f":"restauration","t":"cafe","n":"Saut D'eau Multi Service Center"}},{"type":"Feature","geometry":{"type":"Point","coordinates":[-72.203767,18.815593]},"properties":{"f":"restauration","t":"nightclub","n":"DJ Henry Mix Club"}},{"type":"Feature","geometry":{"type":"Point","coordinates":[-72.203625,18.815371]},"properties":{"f":"restauration","t":"nightclub","n":"Feeling Night Club"}},{"type":"Feature","geometry":{"type":"Point","coordinates":[-72.20282,18.815417]},"properties":{"f":"restauration","t":"restaurant","n":"Laurotie Bar Resto"}},{"type":"Feature","geometry":{"type":"Point","coordinates":[-72.208033,18.819149]},"properties":{"f":"restauration","t":"nightclub","n":"Olympia Night Club"}},{"type":"Feature","geometry":{"type":"Point","coordinates":[-72.223173,18.823359]},"properties":{"f":"plein_air","t":"picnic_site","n":""}},{"type":"Feature","geometry":{"type":"Point","coordinates":[-72.219232,18.824066]},"properties":{"f":"restauration","t":"restaurant","n":"Le Toit Blanc Restaurant"}},{"type":"Feature","geometry":{"type":"Point","coordinates":[-72.21732,18.823056]},"properties":{"f":"restauration","t":"nightclub","n":""}},{"type":"Feature","geometry":{"type":"Point","coordinates":[-72.200857,18.816417]},"properties":{"f":"restauration","t":"cafe","n":"Louis Ann Cyber Cafe"}},{"type":"Feature","geometry":{"type":"Point","coordinates":[-72.200756,18.816366]},"properties":{"f":"restauration","t":"restaurant","n":"Louis Ann Resto"}},{"type":"Feature","geometry":{"type":"Point","coordinates":[-72.201425,18.817097]},"properties":{"f":"restauration","t":"nightclub","n":"Night Club N.D.M.C"}},{"type":"Feature","geometry":{"type":"Point","coordinates":[-72.115195,18.840492]},"properties":{"f":"restauration","t":"cafe","n":"Le Mirebalesien Multiservice"}},{"type":"Feature","geometry":{"type":"Point","coordinates":[-72.116631,18.837695]},"properties":{"f":"restauration","t":"restaurant","n":""}},{"type":"Feature","geometry":{"type":"Point","coordinates":[-72.121318,18.841305]},"properties":{"f":"hebergement","t":"apartment","n":"Claudy’s Home"}},{"type":"Feature","geometry":{"type":"Point","coordinates":[-72.10555,18.833399]},"properties":{"f":"restauration","t":"restaurant","n":"Tet Asam Resto"}},{"type":"Feature","geometry":{"type":"Point","coordinates":[-72.105387,18.833451]},"properties":{"f":"restauration","t":"restaurant","n":""}},{"type":"Feature","geometry":{"type":"Point","coordinates":[-72.105269,18.833432]},"properties":{"f":"restauration","t":"cafe","n":"Grand Vizyon Net"}},{"type":"Feature","geometry":{"type":"Point","coordinates":[-72.104606,18.83345]},"properties":{"f":"restauration","t":"restaurant","n":"Bueno Bar Resto"}},{"type":"Feature","geometry":{"type":"Point","coordinates":[-72.105119,18.83363]},"properties":{"f":"restauration","t":"restaurant","n":"Le Goûter"}},{"type":"Feature","geometry":{"type":"Point","coordinates":[-72.105039,18.833735]},"properties":{"f":"restauration","t":"restaurant","n":"Le Gale Restaurant"}},{"type":"Feature","geometry":{"type":"Point","coordinates":[-72.105154,18.833833]},"properties":{"f":"restauration","t":"bar","n":"Las Vegas Bar Resto"}},{"type":"Feature","geometry":{"type":"Point","coordinates":[-72.104904,18.834079]},"properties":{"f":"restauration","t":"fast_food","n":"Zette Bar Resto"}},{"type":"Feature","geometry":{"type":"Point","coordinates":[-72.105448,18.83457]},"properties":{"f":"hebergement","t":"hotel","n":"Le Mirage"}},{"type":"Feature","geometry":{"type":"Point","coordinates":[-72.105968,18.834966]},"properties":{"f":"restauration","t":"restaurant","n":"Novelty bar restaurant"}},{"type":"Feature","geometry":{"type":"Point","coordinates":[-72.106133,18.834978]},"properties":{"f":"restauration","t":"restaurant","n":"Fifine bar restaurant"}},{"type":"Feature","geometry":{"type":"Point","coordinates":[-72.104249,18.835072]},"properties":{"f":"restauration","t":"bar","n":"One Love"}},{"type":"Feature","geometry":{"type":"Point","coordinates":[-72.102231,18.836096]},"properties":{"f":"restauration","t":"restaurant","n":"La Réference"}},{"type":"Feature","geometry":{"type":"Point","coordinates":[-72.103093,18.834134]},"properties":{"f":"hebergement","t":"hotel","n":"Mamousse Hotel"}},{"type":"Feature","geometry":{"type":"Point","coordinates":[-72.104203,18.834798]},"properties":{"f":"restauration","t":"bar","n":"Moto Bar Resto"}},{"type":"Feature","geometry":{"type":"Point","coordinates":[-72.104249,18.834309]},"properties":{"f":"restauration","t":"restaurant","n":"Fierté Bar Restaurant"}},{"type":"Feature","geometry":{"type":"Point","coordinates":[-72.10422,18.834201]},"properties":{"f":"restauration","t":"restaurant","n":"Fierté Bar Restaurant"}},{"type":"Feature","geometry":{"type":"Point","coordinates":[-72.10399,18.834118]},"properties":{"f":"restauration","t":"restaurant","n":"Jakotte"}},{"type":"Feature","geometry":{"type":"Point","coordinates":[-72.103393,18.83411]},"properties":{"f":"restauration","t":"restaurant","n":"Dieu est grand Restaurant"}},{"type":"Feature","geometry":{"type":"Point","coordinates":[-72.104519,18.833704]},"properties":{"f":"restauration","t":"restaurant","n":"Zinn Zin Resto"}},{"type":"Feature","geometry":{"type":"Point","coordinates":[-72.102101,18.833571]},"properties":{"f":"restauration","t":"bar","n":"Distinction bar restaurant"}},{"type":"Feature","geometry":{"type":"Point","coordinates":[-72.101943,18.833156]},"properties":{"f":"hebergement","t":"hotel","n":"Bellegarde Hotel"}},{"type":"Feature","geometry":{"type":"Point","coordinates":[-72.102148,18.832529]},"properties":{"f":"restauration","t":"bar","n":"Chez Meme Charite Bar Restaurant"}},{"type":"Feature","geometry":{"type":"Point","coordinates":[-72.102337,18.832107]},"properties":{"f":"hebergement","t":"motel","n":"St Nicolas Papa"}},{"type":"Feature","geometry":{"type":"Point","coordinates":[-72.1018,18.832497]},"properties":{"f":"restauration","t":"bar","n":"Speciall"}},{"type":"Feature","geometry":{"type":"Point","coordinates":[-72.104555,18.832914]},"properties":{"f":"restauration","t":"nightclub","n":"Sagesse night club"}},{"type":"Feature","geometry":{"type":"Point","coordinates":[-72.105775,18.832017]},"properties":{"f":"restauration","t":"cafe","n":"Gace A dieu Multi Service Center"}},{"type":"Feature","geometry":{"type":"Point","coordinates":[-72.105978,18.832887]},"properties":{"f":"restauration","t":"cafe","n":"Global Tech Services"}},{"type":"Feature","geometry":{"type":"Point","coordinates":[-72.106033,18.832308]},"properties":{"f":"restauration","t":"fast_food","n":"Chez Guerline"}},{"type":"Feature","geometry":{"type":"Point","coordinates":[-72.101685,18.831935]},"properties":{"f":"culture","t":"arts_centre","n":"Auditorium EFACAP"}},{"type":"Feature","geometry":{"type":"Point","coordinates":[-72.101485,18.832093]},"properties":{"f":"restauration","t":"cafe","n":"Cafeteria EFACAP"}},{"type":"Feature","geometry":{"type":"Point","coordinates":[-72.100882,18.832953]},"properties":{"f":"restauration","t":"cafe","n":"EZ Hosting Cyber Cafe"}},{"type":"Feature","geometry":{"type":"Point","coordinates":[-72.099372,18.832905]},"properties":{"f":"restauration","t":"cafe","n":"DJ Cyber Cafe"}},{"type":"Feature","geometry":{"type":"Point","coordinates":[-72.092079,18.833662]},"properties":{"f":"restauration","t":"bar","n":"Dernier coin"}},{"type":"Feature","geometry":{"type":"Point","coordinates":[-72.099792,18.833851]},"properties":{"f":"restauration","t":"restaurant","n":"Erone bar restaurant"}},{"type":"Feature","geometry":{"type":"Point","coordinates":[-72.1015,18.834286]},"properties":{"f":"restauration","t":"restaurant","n":""}},{"type":"Feature","geometry":{"type":"Point","coordinates":[-72.111709,18.837415]},"properties":{"f":"hebergement","t":"hotel","n":"Auberge de Gerard"}},{"type":"Feature","geometry":{"type":"Point","coordinates":[-72.112105,18.83719]},"properties":{"f":"restauration","t":"restaurant","n":"Choucoune"}},{"type":"Feature","geometry":{"type":"Point","coordinates":[-72.111943,18.837493]},"properties":{"f":"hebergement","t":"hotel","n":"Auberge de Gerard"}},{"type":"Feature","geometry":{"type":"Point","coordinates":[-72.081281,18.847174]},"properties":{"f":"hebergement","t":"hotel","n":"Wozo Plaza"}},{"type":"Feature","geometry":{"type":"Point","coordinates":[-72.039164,18.901961]},"properties":{"f":"sites","t":"attraction","n":"Barrage hydro-électrique de Peligre"}},{"type":"Feature","geometry":{"type":"Point","coordinates":[-72.139972,18.91967]},"properties":{"f":"restauration","t":"restaurant","n":""}},{"type":"Feature","geometry":{"type":"Point","coordinates":[-72.139497,18.918769]},"properties":{"f":"restauration","t":"restaurant","n":"Tipa Tipa"}},{"type":"Feature","geometry":{"type":"Point","coordinates":[-71.99664,18.940782]},"properties":{"f":"hebergement","t":"guest_house","n":"Maison d'Amitié"}},{"type":"Feature","geometry":{"type":"Point","coordinates":[-72.369019,18.996361]},"properties":{"f":"information","t":"information","n":""}},{"type":"Feature","geometry":{"type":"Point","coordinates":[-72.392167,18.995239]},"properties":{"f":"restauration","t":"restaurant","n":"Coron Bar Resto"}},{"type":"Feature","geometry":{"type":"Point","coordinates":[-72.396111,18.990534]},"properties":{"f":"hebergement","t":"guest_house","n":"EPD Guest House"}},{"type":"Feature","geometry":{"type":"Point","coordinates":[-72.467938,19.038496]},"properties":{"f":"hebergement","t":"guest_house","n":""}},{"type":"Feature","geometry":{"type":"Point","coordinates":[-72.496227,18.817732]},"properties":{"f":"restauration","t":"bar","n":"Fafo"}},{"type":"Feature","geometry":{"type":"Point","coordinates":[-72.543389,18.809027]},"properties":{"f":"culture","t":"cinema","n":"Suite Impériale"}},{"type":"Feature","geometry":{"type":"Point","coordinates":[-72.586543,18.84136]},"properties":{"f":"hebergement","t":"hotel","n":""}},{"type":"Feature","geometry":{"type":"Point","coordinates":[-72.577792,18.835852]},"properties":{"f":"restauration","t":"cafe","n":"Pic De luly"}},{"type":"Feature","geometry":{"type":"Point","coordinates":[-72.57656,18.835666]},"properties":{"f":"restauration","t":"fast_food","n":"Rebecca Bazar"}},{"type":"Feature","geometry":{"type":"Point","coordinates":[-72.575957,18.835572]},"properties":{"f":"restauration","t":"restaurant","n":"Cuisine Luloise"}},{"type":"Feature","geometry":{"type":"Point","coordinates":[-72.572147,18.835431]},"properties":{"f":"restauration","t":"cafe","n":"JNSP Cybercafe"}},{"type":"Feature","geometry":{"type":"Point","coordinates":[-72.570646,18.834111]},"properties":{"f":"restauration","t":"cafe","n":"Chwa pam Cybercafe"}},{"type":"Feature","geometry":{"type":"Point","coordinates":[-72.570489,18.839875]},"properties":{"f":"restauration","t":"restaurant","n":"La Belle femme"}},{"type":"Feature","geometry":{"type":"Point","coordinates":[-72.57381,18.842779]},"properties":{"f":"restauration","t":"bar","n":"Dalsa"}},{"type":"Feature","geometry":{"type":"Point","coordinates":[-72.615151,18.870421]},"properties":{"f":"restauration","t":"restaurant","n":"Kaliko Beach Club"}},{"type":"Feature","geometry":{"type":"Point","coordinates":[-72.614995,18.868899]},"properties":{"f":"hebergement","t":"hotel","n":"Kaliko Beach Club"}},{"type":"Feature","geometry":{"type":"Point","coordinates":[-72.615549,18.876615]},"properties":{"f":"hebergement","t":"hotel","n":"Wahoo Bay Beach"}},{"type":"Feature","geometry":{"type":"Point","coordinates":[-72.618775,18.885283]},"properties":{"f":"hebergement","t":"hotel","n":"Plage Ocean View"}},{"type":"Feature","geometry":{"type":"Point","coordinates":[-72.619914,18.887581]},"properties":{"f":"hebergement","t":"hotel","n":"Ouanga"}},{"type":"Feature","geometry":{"type":"Point","coordinates":[-72.649627,19.029853]},"properties":{"f":"restauration","t":"fast_food","n":""}},{"type":"Feature","geometry":{"type":"Point","coordinates":[-72.736704,19.039026]},"properties":{"f":"restauration","t":"restaurant","n":"Men Nou"}},{"type":"Feature","geometry":{"type":"Point","coordinates":[-72.734884,19.049919]},"properties":{"f":"restauration","t":"restaurant","n":"Easy"}},{"type":"Feature","geometry":{"type":"Point","coordinates":[-72.742837,19.02422]},"properties":{"f":"restauration","t":"restaurant","n":"Le Bon Berger"}},{"type":"Feature","geometry":{"type":"Point","coordinates":[-72.764703,19.015368]},"properties":{"f":"sites","t":"museum","n":"Mussee Fracketienne"}},{"type":"Feature","geometry":{"type":"Point","coordinates":[-72.764815,19.015856]},"properties":{"f":"sites","t":"museum","n":"Espace probable Musee Taino"}},{"type":"Feature","geometry":{"type":"Point","coordinates":[-72.734967,19.000499]},"properties":{"f":"restauration","t":"restaurant","n":"Gertrude Resto Base"}},{"type":"Feature","geometry":{"type":"Point","coordinates":[-72.732949,18.982865]},"properties":{"f":"culture","t":"cinema","n":"Beau Rivage"}},{"type":"Feature","geometry":{"type":"Point","coordinates":[-72.726378,18.970585]},"properties":{"f":"restauration","t":"restaurant","n":"Chwa Pam"}},{"type":"Feature","geometry":{"type":"Point","coordinates":[-72.728694,18.973083]},"properties":{"f":"hebergement","t":"hotel","n":""}},{"type":"Feature","geometry":{"type":"Point","coordinates":[-72.727548,18.973137]},"properties":{"f":"restauration","t":"bar","n":"Focus First Place"}},{"type":"Feature","geometry":{"type":"Point","coordinates":[-72.728903,18.960909]},"properties":{"f":"hebergement","t":"hotel","n":"DECAMERON 旁"}},{"type":"Feature","geometry":{"type":"Point","coordinates":[-72.71805,18.958609]},"properties":{"f":"restauration","t":"restaurant","n":"Fernand Resto"}},{"type":"Feature","geometry":{"type":"Point","coordinates":[-72.70312,18.950339]},"properties":{"f":"restauration","t":"restaurant","n":""}},{"type":"Feature","geometry":{"type":"Point","coordinates":[-72.715712,18.957276]},"properties":{"f":"hebergement","t":"motel","n":"BEN HOTEL COMPLEX"}},{"type":"Feature","geometry":{"type":"Point","coordinates":[-72.714883,18.957095]},"properties":{"f":"restauration","t":"restaurant","n":"Choix Black Bar"}},{"type":"Feature","geometry":{"type":"Point","coordinates":[-72.714888,18.956379]},"properties":{"f":"restauration","t":"bar","n":"Choix Black Bar"}},{"type":"Feature","geometry":{"type":"Point","coordinates":[-72.713868,18.956279]},"properties":{"f":"restauration","t":"bar","n":"Yvan Bar Restaurant"}},{"type":"Feature","geometry":{"type":"Point","coordinates":[-72.710743,18.953869]},"properties":{"f":"restauration","t":"restaurant","n":""}},{"type":"Feature","geometry":{"type":"Point","coordinates":[-72.705054,18.949478]},"properties":{"f":"restauration","t":"cafe","n":"Blessing Net"}},{"type":"Feature","geometry":{"type":"Point","coordinates":[-72.705069,18.949436]},"properties":{"f":"restauration","t":"restaurant","n":"Bon Acceuil"}},{"type":"Feature","geometry":{"type":"Point","coordinates":[-72.706082,18.949753]},"properties":{"f":"sites","t":"artwork","n":"Dalzon's Création"}},{"type":"Feature","geometry":{"type":"Point","coordinates":[-72.707358,18.949934]},"properties":{"f":"restauration","t":"cafe","n":"Manno Cyber Cafe"}},{"type":"Feature","geometry":{"type":"Point","coordinates":[-72.710738,18.947848]},"properties":{"f":"restauration","t":"bar","n":"Trois Papa"}},{"type":"Feature","geometry":{"type":"Point","coordinates":[-72.704119,18.949246]},"properties":{"f":"restauration","t":"restaurant","n":"Bébé Resto Routier"}},{"type":"Feature","geometry":{"type":"Point","coordinates":[-72.704271,18.949296]},"properties":{"f":"restauration","t":"restaurant","n":"Restaurant aux Adventistes"}},{"type":"Feature","geometry":{"type":"Point","coordinates":[-72.726788,18.953738]},"properties":{"f":"sites","t":"museum","n":"Club Indigo"}},{"type":"Feature","geometry":{"type":"Point","coordinates":[-72.719242,18.950916]},"properties":{"f":"hebergement","t":"hotel","n":"Moulin Sur Mer"}},{"type":"Feature","geometry":{"type":"Point","coordinates":[-72.718148,18.954953]},"properties":{"f":"sites","t":"attraction","n":""}},{"type":"Feature","geometry":{"type":"Point","coordinates":[-72.716953,18.95418]},"properties":{"f":"sites","t":"artwork","n":"La Marche Funèbre"}},{"type":"Feature","geometry":{"type":"Point","coordinates":[-72.716575,18.954903]},"properties":{"f":"sites","t":"attraction","n":""}},{"type":"Feature","geometry":{"type":"Point","coordinates":[-72.716959,18.954903]},"properties":{"f":"sites","t":"artwork","n":"Presse"}},{"type":"Feature","geometry":{"type":"Point","coordinates":[-72.716857,18.954988]},"properties":{"f":"sites","t":"museum","n":"Musée Ogier-Fombrun"}},{"type":"Feature","geometry":{"type":"Point","coordinates":[-72.716376,18.955251]},"properties":{"f":"sites","t":"attraction","n":""}},{"type":"Feature","geometry":{"type":"Point","coordinates":[-72.715896,18.957863]},"properties":{"f":"restauration","t":"nightclub","n":"Stop Over Night Club"}},{"type":"Feature","geometry":{"type":"Point","coordinates":[-72.726948,18.957832]},"properties":{"f":"hebergement","t":"hotel","n":"Club Indigo"}},{"type":"Feature","geometry":{"type":"Point","coordinates":[-72.948764,18.864265]},"properties":{"f":"restauration","t":"nightclub","n":"K 22 Night club"}},{"type":"Feature","geometry":{"type":"Point","coordinates":[-72.948878,18.86435]},"properties":{"f":"restauration","t":"nightclub","n":"K 22 Night club"}},{"type":"Feature","geometry":{"type":"Point","coordinates":[-72.925286,18.820401]},"properties":{"f":"hebergement","t":"alpine_hut","n":"Lakou Dieuseul Augaus"}},{"type":"Feature","geometry":{"type":"Point","coordinates":[-72.924562,18.821486]},"properties":{"f":"hebergement","t":"guest_house","n":"Lakou Dieuseul"}},{"type":"Feature","geometry":{"type":"Point","coordinates":[-72.862026,18.826684]},"properties":{"f":"hebergement","t":"hotel","n":"Hôtel de l'Union"}},{"type":"Feature","geometry":{"type":"Point","coordinates":[-72.860875,18.836821]},"properties":{"f":"hebergement","t":"hotel","n":"Destiny Beach La Gonâve"}},{"type":"Feature","geometry":{"type":"Point","coordinates":[-72.861911,18.834638]},"properties":{"f":"restauration","t":"bar","n":"Pyramide Pool Bar"}},{"type":"Feature","geometry":{"type":"Point","coordinates":[-72.863872,18.829923]},"properties":{"f":"restauration","t":"restaurant","n":"MAG AND DJOU BAR RESTO"}},{"type":"Feature","geometry":{"type":"Point","coordinates":[-72.864001,18.829992]},"properties":{"f":"hebergement","t":"hotel","n":"La belle Etoile"}},{"type":"Feature","geometry":{"type":"Point","coordinates":[-72.540546,18.795121]},"properties":{"f":"restauration","t":"restaurant","n":"Fraternité bar restaurant"}},{"type":"Feature","geometry":{"type":"Point","coordinates":[-72.534672,18.787177]},"properties":{"f":"restauration","t":"nightclub","n":"Derosiers Night Club"}},{"type":"Feature","geometry":{"type":"Point","coordinates":[-72.515215,18.794856]},"properties":{"f":"restauration","t":"restaurant","n":"Mande Bar Resto"}},{"type":"Feature","geometry":{"type":"Point","coordinates":[-72.515254,18.794466]},"properties":{"f":"restauration","t":"restaurant","n":"Move Van Bar Resto"}},{"type":"Feature","geometry":{"type":"Point","coordinates":[-72.515178,18.793016]},"properties":{"f":"restauration","t":"nightclub","n":"Mirage Club"}},{"type":"Feature","geometry":{"type":"Point","coordinates":[-72.516637,18.78743]},"properties":{"f":"restauration","t":"restaurant","n":"Complexe Bar Restaurant"}},{"type":"Feature","geometry":{"type":"Point","coordinates":[-72.517156,18.775641]},"properties":{"f":"restauration","t":"cafe","n":"darly net Cyber cafe"}},{"type":"Feature","geometry":{"type":"Point","coordinates":[-72.515041,18.772552]},"properties":{"f":"restauration","t":"nightclub","n":"Bougalou"}},{"type":"Feature","geometry":{"type":"Point","coordinates":[-72.517571,18.77418]},"properties":{"f":"restauration","t":"cafe","n":""}},{"type":"Feature","geometry":{"type":"Point","coordinates":[-72.525381,18.779789]},"properties":{"f":"restauration","t":"cafe","n":"Cybercafe De Boulard"}},{"type":"Feature","geometry":{"type":"Point","coordinates":[-72.515306,18.772453]},"properties":{"f":"restauration","t":"cafe","n":"Dave Multi setvices"}},{"type":"Feature","geometry":{"type":"Point","coordinates":[-72.515446,18.767406]},"properties":{"f":"restauration","t":"restaurant","n":"La Ballade"}},{"type":"Feature","geometry":{"type":"Point","coordinates":[-72.51295,18.767822]},"properties":{"f":"restauration","t":"bar","n":"Pap Travay"}},{"type":"Feature","geometry":{"type":"Point","coordinates":[-72.512988,18.769006]},"properties":{"f":"restauration","t":"restaurant","n":"Cool"}},{"type":"Feature","geometry":{"type":"Point","coordinates":[-72.513222,18.770086]},"properties":{"f":"restauration","t":"restaurant","n":"LA Fraicheur Restaurant"}},{"type":"Feature","geometry":{"type":"Point","coordinates":[-72.513436,18.769939]},"properties":{"f":"restauration","t":"restaurant","n":"Baby Love Bar Restaurant"}},{"type":"Feature","geometry":{"type":"Point","coordinates":[-72.513464,18.770932]},"properties":{"f":"restauration","t":"restaurant","n":"Gigi Bar Restauraunt"}},{"type":"Feature","geometry":{"type":"Point","coordinates":[-72.512897,18.772202]},"properties":{"f":"restauration","t":"bar","n":"A Coin Deams Bar"}},{"type":"Feature","geometry":{"type":"Point","coordinates":[-72.511466,18.770972]},"properties":{"f":"restauration","t":"restaurant","n":"Chez Toty Resto"}},{"type":"Feature","geometry":{"type":"Point","coordinates":[-72.511464,18.771032]},"properties":{"f":"restauration","t":"nightclub","n":"Chez Tatie Night Club"}},{"type":"Feature","geometry":{"type":"Point","coordinates":[-72.511589,18.771712]},"properties":{"f":"restauration","t":"bar","n":"La Delente Bar"}},{"type":"Feature","geometry":{"type":"Point","coordinates":[-72.51081,18.769514]},"properties":{"f":"hebergement","t":"apartment","n":"Chez bouboul arcahaie"}},{"type":"Feature","geometry":{"type":"Point","coordinates":[-72.511242,18.769098]},"properties":{"f":"restauration","t":"restaurant","n":"La Colombe bar restaurant dansant"}},{"type":"Feature","geometry":{"type":"Point","coordinates":[-72.511602,18.769077]},"properties":{"f":"restauration","t":"restaurant","n":"Berline restoraurant"}},{"type":"Feature","geometry":{"type":"Point","coordinates":[-72.505723,18.770082]},"properties":{"f":"restauration","t":"nightclub","n":"Dantor"}},{"type":"Feature","geometry":{"type":"Point","coordinates":[-72.510346,18.772942]},"properties":{"f":"restauration","t":"cafe","n":"La Perfection Cyber Cafe"}},{"type":"Feature","geometry":{"type":"Point","coordinates":[-72.416935,18.73579]},"properties":{"f":"hebergement","t":"hotel","n":"INN-Ovation Hotel"}},{"type":"Feature","geometry":{"type":"Point","coordinates":[-72.417135,18.736067]},"properties":{"f":"restauration","t":"restaurant","n":"Yoltis"}},{"type":"Feature","geometry":{"type":"Point","coordinates":[-72.417094,18.736044]},"properties":{"f":"restauration","t":"restaurant","n":"Yoltis"}},{"type":"Feature","geometry":{"type":"Point","coordinates":[-72.417166,18.735983]},"properties":{"f":"restauration","t":"restaurant","n":"tilting"}},{"type":"Feature","geometry":{"type":"Point","coordinates":[-72.415019,18.73707]},"properties":{"f":"restauration","t":"bar","n":"Tanboula night club"}},{"type":"Feature","geometry":{"type":"Point","coordinates":[-72.40774,18.737194]},"properties":{"f":"restauration","t":"restaurant","n":""}},{"type":"Feature","geometry":{"type":"Point","coordinates":[-72.408711,18.737434]},"properties":{"f":"restauration","t":"cafe","n":""}},{"type":"Feature","geometry":{"type":"Point","coordinates":[-72.41292,18.737939]},"properties":{"f":"restauration","t":"restaurant","n":""}},{"type":"Feature","geometry":{"type":"Point","coordinates":[-72.353967,18.717973]},"properties":{"f":"hebergement","t":"guest_house","n":""}},{"type":"Feature","geometry":{"type":"Point","coordinates":[-73.410695,18.377324]},"properties":{"f":"restauration","t":"restaurant","n":"Louloune Bar"}},{"type":"Feature","geometry":{"type":"Point","coordinates":[-73.645878,18.348613]},"properties":{"f":"restauration","t":"nightclub","n":"Modestie Club"}},{"type":"Feature","geometry":{"type":"Point","coordinates":[-73.645097,18.349203]},"properties":{"f":"restauration","t":"nightclub","n":"Relax club"}},{"type":"Feature","geometry":{"type":"Point","coordinates":[-73.671201,18.281909]},"properties":{"f":"culture","t":"arts_centre","n":""}},{"type":"Feature","geometry":{"type":"Point","coordinates":[-73.655838,18.299581]},"properties":{"f":"hebergement","t":"hotel","n":"KAY DAGUY HOTEL"}},{"type":"Feature","geometry":{"type":"Point","coordinates":[-73.655429,18.299681]},"properties":{"f":"hebergement","t":"hotel","n":"KAY MADAN ALFRED HOTEL RESTAURANT"}},{"type":"Feature","geometry":{"type":"Point","coordinates":[-73.654646,18.298875]},"properties":{"f":"restauration","t":"cafe","n":""}},{"type":"Feature","geometry":{"type":"Point","coordinates":[-73.648264,18.342442]},"properties":{"f":"culture","t":"arts_centre","n":""}},{"type":"Feature","geometry":{"type":"Point","coordinates":[-73.690293,18.345822]},"properties":{"f":"restauration","t":"nightclub","n":"Elite Disco"}},{"type":"Feature","geometry":{"type":"Point","coordinates":[-73.656949,18.472167]},"properties":{"f":"hebergement","t":"guest_house","n":"Convent with guest house"}},{"type":"Feature","geometry":{"type":"Point","coordinates":[-73.790753,18.542341]},"properties":{"f":"restauration","t":"restaurant","n":""}},{"type":"Feature","geometry":{"type":"Point","coordinates":[-73.792232,18.542756]},"properties":{"f":"hebergement","t":"hotel","n":""}},{"type":"Feature","geometry":{"type":"Point","coordinates":[-73.998418,18.583822]},"properties":{"f":"sites","t":"viewpoint","n":""}},{"type":"Feature","geometry":{"type":"Point","coordinates":[-74.115143,18.616271]},"properties":{"f":"restauration","t":"restaurant","n":"Kay Gina ak Nansky"}},{"type":"Feature","geometry":{"type":"Point","coordinates":[-74.117891,18.633069]},"properties":{"f":"hebergement","t":"apartment","n":""}},{"type":"Feature","geometry":{"type":"Point","coordinates":[-74.116829,18.635367]},"properties":{"f":"hebergement","t":"hotel","n":""}},{"type":"Feature","geometry":{"type":"Point","coordinates":[-74.113997,18.630898]},"properties":{"f":"restauration","t":"nightclub","n":"cascade"}},{"type":"Feature","geometry":{"type":"Point","coordinates":[-74.113362,18.642024]},"properties":{"f":"restauration","t":"restaurant","n":"Pas a Pas Resto"}},{"type":"Feature","geometry":{"type":"Point","coordinates":[-74.113508,18.643033]},"properties":{"f":"restauration","t":"restaurant","n":"L'OASIS bar/resto"}},{"type":"Feature","geometry":{"type":"Point","coordinates":[-74.119336,18.645666]},"properties":{"f":"hebergement","t":"hotel","n":"Le Bon Temps"}},{"type":"Feature","geometry":{"type":"Point","coordinates":[-74.119194,18.646245]},"properties":{"f":"restauration","t":"restaurant","n":"Resto Mini Shop"}},{"type":"Feature","geometry":{"type":"Point","coordinates":[-74.113223,18.645223]},"properties":{"f":"restauration","t":"ice_cream","n":"Chez Patou"}},{"type":"Feature","geometry":{"type":"Point","coordinates":[-74.113709,18.644995]},"properties":{"f":"restauration","t":"restaurant","n":"Le Gourment Bar /Resto"}},{"type":"Feature","geometry":{"type":"Point","coordinates":[-74.113851,18.645]},"properties":{"f":"restauration","t":"nightclub","n":"Castillio Disco"}},{"type":"Feature","geometry":{"type":"Point","coordinates":[-74.114064,18.6463]},"properties":{"f":"restauration","t":"restaurant","n":"Zénith Complexe"}},{"type":"Feature","geometry":{"type":"Point","coordinates":[-74.113601,18.647316]},"properties":{"f":"hebergement","t":"hotel","n":"Delivrance Hotel"}},{"type":"Feature","geometry":{"type":"Point","coordinates":[-74.114625,18.647405]},"properties":{"f":"restauration","t":"restaurant","n":"Bar Resto Casino"}},{"type":"Feature","geometry":{"type":"Point","coordinates":[-74.114473,18.647657]},"properties":{"f":"restauration","t":"restaurant","n":""}},{"type":"Feature","geometry":{"type":"Point","coordinates":[-74.112225,18.647578]},"properties":{"f":"restauration","t":"restaurant","n":""}},{"type":"Feature","geometry":{"type":"Point","coordinates":[-74.117407,18.650783]},"properties":{"f":"restauration","t":"nightclub","n":"Bolide Night Club"}},{"type":"Feature","geometry":{"type":"Point","coordinates":[-74.116955,18.648012]},"properties":{"f":"restauration","t":"bar","n":"Le Sarah"}},{"type":"Feature","geometry":{"type":"Point","coordinates":[-74.125308,18.652683]},"properties":{"f":"restauration","t":"restaurant","n":"Ilan Ilan"}},{"type":"Feature","geometry":{"type":"Point","coordinates":[-74.12386,18.65252]},"properties":{"f":"restauration","t":"restaurant","n":"Romelo's sur Cap Sud"}},{"type":"Feature","geometry":{"type":"Point","coordinates":[-74.122646,18.64648]},"properties":{"f":"hebergement","t":"hotel","n":"Hotel La Cabane"}},{"type":"Feature","geometry":{"type":"Point","coordinates":[-74.126351,18.643023]},"properties":{"f":"hebergement","t":"hotel","n":"Hotel Place Charmant"}},{"type":"Feature","geometry":{"type":"Point","coordinates":[-74.171866,18.662825]},"properties":{"f":"hebergement","t":"alpine_hut","n":""}},{"type":"Feature","geometry":{"type":"Point","coordinates":[-71.717237,19.544781]},"properties":{"f":"restauration","t":"bar","n":"Wally Bar"}},{"type":"Feature","geometry":{"type":"Point","coordinates":[-71.726948,19.54369]},"properties":{"f":"restauration","t":"cafe","n":"CATAD"}},{"type":"Feature","geometry":{"type":"Point","coordinates":[-71.73227,19.542178]},"properties":{"f":"restauration","t":"nightclub","n":"La Patience Disco"}},{"type":"Feature","geometry":{"type":"Point","coordinates":[-71.731691,19.543312]},"properties":{"f":"hebergement","t":"hotel","n":"Hotel Souvenir d´Abeille"}},{"type":"Feature","geometry":{"type":"Point","coordinates":[-71.728342,19.545061]},"properties":{"f":"restauration","t":"restaurant","n":"Chez-Vous Bar Restaurant"}},{"type":"Feature","geometry":{"type":"Point","coordinates":[-71.729345,19.54627]},"properties":{"f":"culture","t":"cinema","n":"Cinéma de Football d'Anderson"}},{"type":"Feature","geometry":{"type":"Point","coordinates":[-71.732689,19.550012]},"properties":{"f":"restauration","t":"restaurant","n":"Mme Jean Bar-Resto"}},{"type":"Feature","geometry":{"type":"Point","coordinates":[-71.73284,19.550464]},"properties":{"f":"hebergement","t":"hotel","n":"Pas à pas Hotel"}},{"type":"Feature","geometry":{"type":"Point","coordinates":[-71.73202,19.550735]},"properties":{"f":"hebergement","t":"hotel","n":"Le voyageur Hotel"}},{"type":"Feature","geometry":{"type":"Point","coordinates":[-71.731937,19.550663]},"properties":{"f":"restauration","t":"restaurant","n":"TKymit Kreyol Bar Resto Multu Services"}},{"type":"Feature","geometry":{"type":"Point","coordinates":[-71.730375,19.550679]},"properties":{"f":"culture","t":"theatre","n":"Le Roseau"}},{"type":"Feature","geometry":{"type":"Point","coordinates":[-71.729341,19.550613]},"properties":{"f":"restauration","t":"restaurant","n":"Jardin Mix Bar Restauant"}},{"type":"Feature","geometry":{"type":"Point","coordinates":[-71.729917,19.547065]},"properties":{"f":"restauration","t":"nightclub","n":"Le Color Discoclub"}},{"type":"Feature","geometry":{"type":"Point","coordinates":[-71.726115,19.547648]},"properties":{"f":"restauration","t":"bar","n":"Fly Bird Commercial Mini Bazar"}},{"type":"Feature","geometry":{"type":"Point","coordinates":[-71.723524,19.549633]},"properties":{"f":"restauration","t":"bar","n":"Lakou New York"}},{"type":"Feature","geometry":{"type":"Point","coordinates":[-71.723983,19.550407]},"properties":{"f":"restauration","t":"bar","n":"Pika Polio"}},{"type":"Feature","geometry":{"type":"Point","coordinates":[-71.726638,19.550625]},"properties":{"f":"restauration","t":"cafe","n":"Complexe Multiservices à Débordement"}},{"type":"Feature","geometry":{"type":"Point","coordinates":[-71.727544,19.55046]},"properties":{"f":"restauration","t":"bar","n":"Panorama bar restorant"}},{"type":"Feature","geometry":{"type":"Point","coordinates":[-71.727702,19.550468]},"properties":{"f":"restauration","t":"cafe","n":"Neansy communication"}},{"type":"Feature","geometry":{"type":"Point","coordinates":[-71.727188,19.550989]},"properties":{"f":"restauration","t":"restaurant","n":"Assiette Créole"}},{"type":"Feature","geometry":{"type":"Point","coordinates":[-71.727633,19.551632]},"properties":{"f":"restauration","t":"cafe","n":"Cyberespace Saint-François"}},{"type":"Feature","geometry":{"type":"Point","coordinates":[-71.725624,19.552108]},"properties":{"f":"culture","t":"cinema","n":"Fidèle Ciné"}},{"type":"Feature","geometry":{"type":"Point","coordinates":[-71.725895,19.551255]},"properties":{"f":"restauration","t":"restaurant","n":"Bar et Restaurant Christiane"}},{"type":"Feature","geometry":{"type":"Point","coordinates":[-71.72617,19.551141]},"properties":{"f":"restauration","t":"restaurant","n":"Sesar Bar Restaurant"}},{"type":"Feature","geometry":{"type":"Point","coordinates":[-71.725035,19.550797]},"properties":{"f":"restauration","t":"restaurant","n":"Millennium Restaurant"}},{"type":"Feature","geometry":{"type":"Point","coordinates":[-71.727069,19.554091]},"properties":{"f":"culture","t":"cinema","n":"Nacheline Ciné"}},{"type":"Feature","geometry":{"type":"Point","coordinates":[-71.727907,19.554424]},"properties":{"f":"restauration","t":"nightclub","n":"Tinorval Disco"}},{"type":"Feature","geometry":{"type":"Point","coordinates":[-71.728645,19.553741]},"properties":{"f":"hebergement","t":"hotel","n":"Canossa Hotel"}},{"type":"Feature","geometry":{"type":"Point","coordinates":[-71.727795,19.553597]},"properties":{"f":"restauration","t":"restaurant","n":"Djoulica Bar resto"}},{"type":"Feature","geometry":{"type":"Point","coordinates":[-71.727773,19.553477]},"properties":{"f":"culture","t":"cinema","n":"Kicha Cinéma Vidéo"}},{"type":"Feature","geometry":{"type":"Point","coordinates":[-71.727762,19.553309]},"properties":{"f":"restauration","t":"bar","n":"Quotidien Bar"}},{"type":"Feature","geometry":{"type":"Point","coordinates":[-71.728213,19.55281]},"properties":{"f":"hebergement","t":"hotel","n":"Fraternite Hotel"}},{"type":"Feature","geometry":{"type":"Point","coordinates":[-71.728315,19.551346]},"properties":{"f":"restauration","t":"restaurant","n":"Shoun Bar & Grill"}},{"type":"Feature","geometry":{"type":"Point","coordinates":[-71.728368,19.55133]},"properties":{"f":"restauration","t":"restaurant","n":"Shoun Bar & Grill"}},{"type":"Feature","geometry":{"type":"Point","coordinates":[-71.72885,19.551169]},"properties":{"f":"restauration","t":"cafe","n":"Melodie Multi-services"}},{"type":"Feature","geometry":{"type":"Point","coordinates":[-71.72984,19.551399]},"properties":{"f":"hebergement","t":"hotel","n":"Super Hotel"}},{"type":"Feature","geometry":{"type":"Point","coordinates":[-71.730498,19.552032]},"properties":{"f":"hebergement","t":"hotel","n":"La Creole Hotel"}},{"type":"Feature","geometry":{"type":"Point","coordinates":[-71.730994,19.551652]},"properties":{"f":"hebergement","t":"hotel","n":"Se konsa lavi Hotel"}},{"type":"Feature","geometry":{"type":"Point","coordinates":[-71.732003,19.550845]},"properties":{"f":"restauration","t":"nightclub","n":"Rinconcito Borra Disco"}},{"type":"Feature","geometry":{"type":"Point","coordinates":[-71.731573,19.55297]},"properties":{"f":"hebergement","t":"hotel","n":"La voix de Dieu Hotel"}},{"type":"Feature","geometry":{"type":"Point","coordinates":[-71.734479,19.552622]},"properties":{"f":"hebergement","t":"guest_house","n":"Guest House"}},{"type":"Feature","geometry":{"type":"Point","coordinates":[-71.734565,19.552068]},"properties":{"f":"hebergement","t":"hotel","n":"Reconcito Hotel, Disco"}},{"type":"Feature","geometry":{"type":"Point","coordinates":[-71.735995,19.546979]},"properties":{"f":"restauration","t":"bar","n":"La Détente Bar"}},{"type":"Feature","geometry":{"type":"Point","coordinates":[-71.733411,19.557768]},"properties":{"f":"hebergement","t":"hotel","n":"La foi de Job Hotel"}},{"type":"Feature","geometry":{"type":"Point","coordinates":[-71.733733,19.557952]},"properties":{"f":"hebergement","t":"hotel","n":"Philomise la Division Hotel"}},{"type":"Feature","geometry":{"type":"Point","coordinates":[-71.733743,19.557867]},"properties":{"f":"restauration","t":"nightclub","n":"Philomise la Division Disco"}},{"type":"Feature","geometry":{"type":"Point","coordinates":[-71.785233,19.565912]},"properties":{"f":"culture","t":"arts_centre","n":"Salle de rencontre"}},{"type":"Feature","geometry":{"type":"Point","coordinates":[-71.77122,19.552855]},"properties":{"f":"restauration","t":"restaurant","n":"Valencia Bar Restaurant"}},{"type":"Feature","geometry":{"type":"Point","coordinates":[-71.763448,19.540234]},"properties":{"f":"hebergement","t":"hotel","n":"Union des Anges"}},{"type":"Feature","geometry":{"type":"Point","coordinates":[-72.114798,19.469537]},"properties":{"f":"restauration","t":"bar","n":"L'Amandier Snack Bar"}},{"type":"Feature","geometry":{"type":"Point","coordinates":[-72.114563,19.469368]},"properties":{"f":"restauration","t":"restaurant","n":"Saint Rock Petit Restaurant"}},{"type":"Feature","geometry":{"type":"Point","coordinates":[-72.136897,19.529756]},"properties":{"f":"hebergement","t":"guest_house","n":"Fondation Sony Bonami"}},{"type":"Feature","geometry":{"type":"Point","coordinates":[-72.207492,19.475944]},"properties":{"f":"restauration","t":"restaurant","n":""}},{"type":"Feature","geometry":{"type":"Point","coordinates":[-72.200187,19.438059]},"properties":{"f":"restauration","t":"restaurant","n":"Bar Resto Colibri"}},{"type":"Feature","geometry":{"type":"Point","coordinates":[-72.31214,19.363027]},"properties":{"f":"plein_air","t":"picnic_site","n":""}},{"type":"Feature","geometry":{"type":"Point","coordinates":[-72.316115,19.37035]},"properties":{"f":"hebergement","t":"guest_house","n":"Unissons-Nous"}},{"type":"Feature","geometry":{"type":"Point","coordinates":[-72.319414,19.369644]},"properties":{"f":"plein_air","t":"picnic_site","n":"Parc Latanier"}},{"type":"Feature","geometry":{"type":"Point","coordinates":[-72.318964,19.37061]},"properties":{"f":"information","t":"information","n":"Parc Magnum SMA"}},{"type":"Feature","geometry":{"type":"Point","coordinates":[-72.334988,19.373119]},"properties":{"f":"restauration","t":"restaurant","n":"Restaurant"}},{"type":"Feature","geometry":{"type":"Point","coordinates":[-72.335142,19.373338]},"properties":{"f":"culture","t":"cinema","n":""}},{"type":"Feature","geometry":{"type":"Point","coordinates":[-72.335657,19.369562]},"properties":{"f":"culture","t":"cinema","n":""}},{"type":"Feature","geometry":{"type":"Point","coordinates":[-72.33164,19.368173]},"properties":{"f":"restauration","t":"nightclub","n":"Magnum Club"}},{"type":"Feature","geometry":{"type":"Point","coordinates":[-72.334156,19.369018]},"properties":{"f":"restauration","t":"fast_food","n":"Cisine"}},{"type":"Feature","geometry":{"type":"Point","coordinates":[-72.325284,19.362954]},"properties":{"f":"plein_air","t":"camp_site","n":"Orphelinat"}},{"type":"Feature","geometry":{"type":"Point","coordinates":[-72.318464,19.3636]},"properties":{"f":"hebergement","t":"hotel","n":"Village de Atlethes SMA"}},{"type":"Feature","geometry":{"type":"Point","coordinates":[-72.281284,19.315084]},"properties":{"f":"restauration","t":"cafe","n":"Cafeteria"}},{"type":"Feature","geometry":{"type":"Point","coordinates":[-72.121858,19.341495]},"properties":{"f":"restauration","t":"restaurant","n":"Chalydath"}},{"type":"Feature","geometry":{"type":"Point","coordinates":[-72.115908,19.337813]},"properties":{"f":"hebergement","t":"hotel","n":"Hôtel Montana"}},{"type":"Feature","geometry":{"type":"Point","coordinates":[-72.115408,19.326322]},"properties":{"f":"hebergement","t":"hotel","n":"Kay Vizite"}},{"type":"Feature","geometry":{"type":"Point","coordinates":[-72.071611,19.340023]},"properties":{"f":"restauration","t":"bar","n":"Rabiloo Garden"}},{"type":"Feature","geometry":{"type":"Point","coordinates":[-72.124609,19.43033]},"properties":{"f":"information","t":"information","n":"ARC GNPD notice board"}},{"type":"Feature","geometry":{"type":"Point","coordinates":[-72.125044,19.418131]},"properties":{"f":"information","t":"information","n":"ARC GNPD notice board"}},{"type":"Feature","geometry":{"type":"Point","coordinates":[-72.082555,19.410647]},"properties":{"f":"restauration","t":"nightclub","n":"Disco"}},{"type":"Feature","geometry":{"type":"Point","coordinates":[-72.082602,19.412913]},"properties":{"f":"restauration","t":"restaurant","n":"Restaurant"}},{"type":"Feature","geometry":{"type":"Point","coordinates":[-72.082291,19.412455]},"properties":{"f":"restauration","t":"restaurant","n":""}},{"type":"Feature","geometry":{"type":"Point","coordinates":[-72.081878,19.412447]},"properties":{"f":"hebergement","t":"hotel","n":"Hotel"}},{"type":"Feature","geometry":{"type":"Point","coordinates":[-72.013693,19.356871]},"properties":{"f":"information","t":"information","n":"ARC GNPD notice board point"}},{"type":"Feature","geometry":{"type":"Point","coordinates":[-72.021954,19.3381]},"properties":{"f":"restauration","t":"restaurant","n":"Dieu qui Donne Bar Restaurant"}},{"type":"Feature","geometry":{"type":"Point","coordinates":[-72.021795,19.338032]},"properties":{"f":"hebergement","t":"hotel","n":"James Plaza Hotel"}},{"type":"Feature","geometry":{"type":"Point","coordinates":[-71.980537,19.220838]},"properties":{"f":"sites","t":"attraction","n":""}},{"type":"Feature","geometry":{"type":"Point","coordinates":[-71.982862,19.220787]},"properties":{"f":"sites","t":"attraction","n":"Bassin Zim"}},{"type":"Feature","geometry":{"type":"Point","coordinates":[-72.08279,19.294898]},"properties":{"f":"restauration","t":"restaurant","n":"Roro bar"}},{"type":"Feature","geometry":{"type":"Point","coordinates":[-72.072882,19.29848]},"properties":{"f":"restauration","t":"cafe","n":"Cafétéria"}},{"type":"Feature","geometry":{"type":"Point","coordinates":[-72.072574,19.298657]},"properties":{"f":"restauration","t":"cafe","n":"Snack-bar"}},{"type":"Feature","geometry":{"type":"Point","coordinates":[-72.071796,19.297401]},"properties":{"f":"restauration","t":"cafe","n":"Cafétéria"}},{"type":"Feature","geometry":{"type":"Point","coordinates":[-72.272926,19.281671]},"properties":{"f":"sites","t":"theme_park","n":"Lac Ti Joe"}},{"type":"Feature","geometry":{"type":"Point","coordinates":[-72.03006,19.139221]},"properties":{"f":"sites","t":"viewpoint","n":""}},{"type":"Feature","geometry":{"type":"Point","coordinates":[-72.046511,19.137518]},"properties":{"f":"hebergement","t":"hotel","n":"Hotel l'Ermitage de Pandiassou"}},{"type":"Feature","geometry":{"type":"Point","coordinates":[-71.999691,19.141054]},"properties":{"f":"hebergement","t":"hotel","n":"Le Voici"}},{"type":"Feature","geometry":{"type":"Point","coordinates":[-72.006051,19.144767]},"properties":{"f":"sites","t":"artwork","n":"Charlemagne Péralte"}},{"type":"Feature","geometry":{"type":"Point","coordinates":[-72.008579,19.14621]},"properties":{"f":"restauration","t":"restaurant","n":"Chez Claudette"}},{"type":"Feature","geometry":{"type":"Point","coordinates":[-72.008046,19.145775]},"properties":{"f":"restauration","t":"nightclub","n":"Zénith"}},{"type":"Feature","geometry":{"type":"Point","coordinates":[-72.009372,19.141958]},"properties":{"f":"restauration","t":"restaurant","n":"Manje Pam"}},{"type":"Feature","geometry":{"type":"Point","coordinates":[-72.008915,19.142492]},"properties":{"f":"restauration","t":"restaurant","n":"Eben-Ezer Bar"}},{"type":"Feature","geometry":{"type":"Point","coordinates":[-72.00879,19.143393]},"properties":{"f":"restauration","t":"bar","n":"Smart Bar"}},{"type":"Feature","geometry":{"type":"Point","coordinates":[-72.006857,19.142651]},"properties":{"f":"restauration","t":"restaurant","n":""}},{"type":"Feature","geometry":{"type":"Point","coordinates":[-72.001947,19.143176]},"properties":{"f":"hebergement","t":"hotel","n":"Maguana Hôtel"}},{"type":"Feature","geometry":{"type":"Point","coordinates":[-72.062028,19.084476]},"properties":{"f":"sites","t":"attraction","n":"Cascade Saltader"}},{"type":"Feature","geometry":{"type":"Point","coordinates":[-71.917164,19.220702]},"properties":{"f":"sites","t":"attraction","n":"Grotte Charlemagne Péralte"}},{"type":"Feature","geometry":{"type":"Point","coordinates":[-71.935593,19.270869]},"properties":{"f":"restauration","t":"restaurant","n":"Restaurant communautaire"}},{"type":"Feature","geometry":{"type":"Point","coordinates":[-71.978054,19.30972]},"properties":{"f":"sites","t":"attraction","n":"Grotte Benoît Battraville"}},{"type":"Feature","geometry":{"type":"Point","coordinates":[-71.936184,18.837386]},"properties":{"f":"sites","t":"viewpoint","n":""}},{"type":"Feature","geometry":{"type":"Point","coordinates":[-71.937828,18.830557]},"properties":{"f":"restauration","t":"restaurant","n":"Courtoisie"}},{"type":"Feature","geometry":{"type":"Point","coordinates":[-71.934633,18.832614]},"properties":{"f":"hebergement","t":"hotel","n":"Belsouci Hotel"}},{"type":"Feature","geometry":{"type":"Point","coordinates":[-71.936279,18.829334]},"properties":{"f":"restauration","t":"restaurant","n":"Fourchette d'or"}},{"type":"Feature","geometry":{"type":"Point","coordinates":[-71.941782,18.827587]},"properties":{"f":"hebergement","t":"hotel","n":"OASIS"}},{"type":"Feature","geometry":{"type":"Point","coordinates":[-71.944213,18.822621]},"properties":{"f":"hebergement","t":"hotel","n":"Maille Hôtel"}},{"type":"Feature","geometry":{"type":"Point","coordinates":[-71.808808,18.853919]},"properties":{"f":"hebergement","t":"hotel","n":"Bébé Hôtel"}},{"type":"Feature","geometry":{"type":"Point","coordinates":[-71.772046,18.86159]},"properties":{"f":"hebergement","t":"hotel","n":"Portofino"}},{"type":"Feature","geometry":{"type":"Point","coordinates":[-71.762789,18.868834]},"properties":{"f":"hebergement","t":"hotel","n":"Familly Hotel"}},{"type":"Feature","geometry":{"type":"Point","coordinates":[-71.766833,18.867732]},"properties":{"f":"hebergement","t":"hotel","n":"Ideal Hotel"}},{"type":"Feature","geometry":{"type":"Point","coordinates":[-71.764883,18.867626]},"properties":{"f":"restauration","t":"bar","n":"Tati Bar"}},{"type":"Feature","geometry":{"type":"Point","coordinates":[-71.951292,18.67615]},"properties":{"f":"restauration","t":"bar","n":"All For You"}},{"type":"Feature","geometry":{"type":"Point","coordinates":[-71.951196,18.676103]},"properties":{"f":"restauration","t":"restaurant","n":""}},{"type":"Feature","geometry":{"type":"Point","coordinates":[-72.117184,18.791358]},"properties":{"f":"hebergement","t":"guest_house","n":""}},{"type":"Feature","geometry":{"type":"Point","coordinates":[-72.095107,18.652163]},"properties":{"f":"restauration","t":"nightclub","n":"Feeling Night Club"}},{"type":"Feature","geometry":{"type":"Point","coordinates":[-72.115475,18.647978]},"properties":{"f":"plein_air","t":"camp_site","n":""}},{"type":"Feature","geometry":{"type":"Point","coordinates":[-72.220438,18.667125]},"properties":{"f":"culture","t":"cinema","n":"Cinema"}},{"type":"Feature","geometry":{"type":"Point","coordinates":[-72.222822,18.666821]},"properties":{"f":"restauration","t":"restaurant","n":""}},{"type":"Feature","geometry":{"type":"Point","coordinates":[-72.2347,18.66597]},"properties":{"f":"restauration","t":"restaurant","n":"Chez Nicole Bar Restaurant"}},{"type":"Feature","geometry":{"type":"Point","coordinates":[-72.24106,18.666383]},"properties":{"f":"culture","t":"arts_centre","n":"Fondation Pasteur Soy- Kind Buffet Educatif de Soy"}},{"type":"Feature","geometry":{"type":"Point","coordinates":[-72.240565,18.666923]},"properties":{"f":"restauration","t":"restaurant","n":""}},{"type":"Feature","geometry":{"type":"Point","coordinates":[-72.240679,18.666882]},"properties":{"f":"restauration","t":"restaurant","n":""}},{"type":"Feature","geometry":{"type":"Point","coordinates":[-72.243438,18.665927]},"properties":{"f":"restauration","t":"nightclub","n":"Valable détente"}},{"type":"Feature","geometry":{"type":"Point","coordinates":[-72.244191,18.663788]},"properties":{"f":"culture","t":"cinema","n":"Kay Junior"}},{"type":"Feature","geometry":{"type":"Point","coordinates":[-72.24193,18.662242]},"properties":{"f":"plein_air","t":"camp_site","n":"Camp Corail-Ceslesse"}},{"type":"Feature","geometry":{"type":"Point","coordinates":[-72.242466,18.66241]},"properties":{"f":"restauration","t":"restaurant","n":"Feline Bar Restaurant"}},{"type":"Feature","geometry":{"type":"Point","coordinates":[-72.243104,18.662373]},"properties":{"f":"restauration","t":"restaurant","n":"Cafétéria"}},{"type":"Feature","geometry":{"type":"Point","coordinates":[-72.243801,18.662704]},"properties":{"f":"restauration","t":"restaurant","n":""}},{"type":"Feature","geometry":{"type":"Point","coordinates":[-72.24617,18.660564]},"properties":{"f":"culture","t":"cinema","n":"Bafana Ciné"}},{"type":"Feature","geometry":{"type":"Point","coordinates":[-72.239381,18.655171]},"properties":{"f":"restauration","t":"bar","n":"Enjoy Bar"}},{"type":"Feature","geometry":{"type":"Point","coordinates":[-72.235923,18.653586]},"properties":{"f":"restauration","t":"restaurant","n":"Bon Gu"}},{"type":"Feature","geometry":{"type":"Point","coordinates":[-72.235025,18.65184]},"properties":{"f":"hebergement","t":"hotel","n":"Saint André"}},{"type":"Feature","geometry":{"type":"Point","coordinates":[-72.230283,18.6557]},"properties":{"f":"restauration","t":"nightclub","n":""}},{"type":"Feature","geometry":{"type":"Point","coordinates":[-72.236354,18.648699]},"properties":{"f":"restauration","t":"bar","n":"Snack bar"}},{"type":"Feature","geometry":{"type":"Point","coordinates":[-72.244451,18.649107]},"properties":{"f":"restauration","t":"restaurant","n":"Raly Gerald espace detente"}},{"type":"Feature","geometry":{"type":"Point","coordinates":[-72.241651,18.620838]},"properties":{"f":"plein_air","t":"camp_site","n":""}},{"type":"Feature","geometry":{"type":"Point","coordinates":[-72.183552,18.56558]},"properties":{"f":"hebergement","t":"guest_house","n":"Jumecourt Inn"}},{"type":"Feature","geometry":{"type":"Point","coordinates":[-72.203014,18.539121]},"properties":{"f":"sites","t":"attraction","n":"Roche Blanche"}},{"type":"Feature","geometry":{"type":"Point","coordinates":[-72.244683,18.549717]},"properties":{"f":"hebergement","t":"hotel","n":"Kamael Hotel"}},{"type":"Feature","geometry":{"type":"Point","coordinates":[-72.243905,18.550612]},"properties":{"f":"sites","t":"theme_park","n":"Beaux Jeux"}},{"type":"Feature","geometry":{"type":"Point","coordinates":[-72.24298,18.554663]},"properties":{"f":"restauration","t":"restaurant","n":"voucher"}},{"type":"Feature","geometry":{"type":"Point","coordinates":[-72.245895,18.557376]},"properties":{"f":"plein_air","t":"camp_site","n":""}},{"type":"Feature","geometry":{"type":"Point","coordinates":[-72.245848,18.557232]},"properties":{"f":"plein_air","t":"camp_site","n":"Main Gate"}},{"type":"Feature","geometry":{"type":"Point","coordinates":[-72.241848,18.581731]},"properties":{"f":"restauration","t":"restaurant","n":""}},{"type":"Feature","geometry":{"type":"Point","coordinates":[-72.24152,18.584974]},"properties":{"f":"hebergement","t":"hotel","n":"Palm Beach Hotel"}},{"type":"Feature","geometry":{"type":"Point","coordinates":[-72.239229,18.583446]},"properties":{"f":"restauration","t":"restaurant","n":"Esperance Bar Restaurant"}},{"type":"Feature","geometry":{"type":"Point","coordinates":[-72.239813,18.579472]},"properties":{"f":"hebergement","t":"hotel","n":"la jungle hotel"}},{"type":"Feature","geometry":{"type":"Point","coordinates":[-72.225596,18.579178]},"properties":{"f":"information","t":"information","n":"ACME"}},{"type":"Feature","geometry":{"type":"Point","coordinates":[-72.226521,18.578002]},"properties":{"f":"restauration","t":"restaurant","n":""}},{"type":"Feature","geometry":{"type":"Point","coordinates":[-72.228184,18.575729]},"properties":{"f":"restauration","t":"restaurant","n":""}},{"type":"Feature","geometry":{"type":"Point","coordinates":[-72.227821,18.578126]},"properties":{"f":"restauration","t":"nightclub","n":"le kili night club"}},{"type":"Feature","geometry":{"type":"Point","coordinates":[-72.229802,18.572889]},"properties":{"f":"sites","t":"museum","n":"Musée Liautaud"}},{"type":"Feature","geometry":{"type":"Point","coordinates":[-72.227359,18.573896]},"properties":{"f":"restauration","t":"bar","n":"caribean bar restaurant"}},{"type":"Feature","geometry":{"type":"Point","coordinates":[-72.22264,18.575622]},"properties":{"f":"restauration","t":"restaurant","n":""}},{"type":"Feature","geometry":{"type":"Point","coordinates":[-72.227602,18.590569]},"properties":{"f":"restauration","t":"bar","n":"Bar du Ranch"}},{"type":"Feature","geometry":{"type":"Point","coordinates":[-72.25763,18.598119]},"properties":{"f":"information","t":"information","n":""}},{"type":"Feature","geometry":{"type":"Point","coordinates":[-72.261405,18.598647]},"properties":{"f":"hebergement","t":"hotel","n":"Club Continental"}},{"type":"Feature","geometry":{"type":"Point","coordinates":[-72.258214,18.600792]},"properties":{"f":"plein_air","t":"camp_site","n":""}},{"type":"Feature","geometry":{"type":"Point","coordinates":[-72.275424,18.601156]},"properties":{"f":"hebergement","t":"guest_house","n":"Sivananda hotel"}},{"type":"Feature","geometry":{"type":"Point","coordinates":[-72.287909,18.589131]},"properties":{"f":"sites","t":"attraction","n":""}},{"type":"Feature","geometry":{"type":"Point","coordinates":[-72.28237,18.587518]},"properties":{"f":"sites","t":"viewpoint","n":"Mc-Intosh"}},{"type":"Feature","geometry":{"type":"Point","coordinates":[-72.273276,18.594744]},"properties":{"f":"hebergement","t":"guest_house","n":"Bins Guest House"}},{"type":"Feature","geometry":{"type":"Point","coordinates":[-72.274182,18.581056]},"properties":{"f":"restauration","t":"cafe","n":"caffe Vol"}},{"type":"Feature","geometry":{"type":"Point","coordinates":[-72.277608,18.585785]},"properties":{"f":"restauration","t":"bar","n":""}},{"type":"Feature","geometry":{"type":"Point","coordinates":[-72.279213,18.586767]},"properties":{"f":"hebergement","t":"hotel","n":"Hotel La Colombe"}},{"type":"Feature","geometry":{"type":"Point","coordinates":[-72.280381,18.575533]},"properties":{"f":"hebergement","t":"hotel","n":"Island"}},{"type":"Feature","geometry":{"type":"Point","coordinates":[-72.285201,18.575827]},"properties":{"f":"restauration","t":"restaurant","n":"La maison Bar/resto/hostel"}},{"type":"Feature","geometry":{"type":"Point","coordinates":[-72.285995,18.576003]},"properties":{"f":"hebergement","t":"hostel","n":"La maison Bar/resto/hostel"}},{"type":"Feature","geometry":{"type":"Point","coordinates":[-72.288555,18.575743]},"properties":{"f":"restauration","t":"restaurant","n":"Anba Mango"}},{"type":"Feature","geometry":{"type":"Point","coordinates":[-72.287005,18.57559]},"properties":{"f":"restauration","t":"fast_food","n":""}},{"type":"Feature","geometry":{"type":"Point","coordinates":[-72.288959,18.572515]},"properties":{"f":"hebergement","t":"guest_house","n":"Casa ALBERTO"}},{"type":"Feature","geometry":{"type":"Point","coordinates":[-72.290539,18.571317]},"properties":{"f":"restauration","t":"bar","n":"Lunch Time"}},{"type":"Feature","geometry":{"type":"Point","coordinates":[-72.285641,18.574842]},"properties":{"f":"hebergement","t":"hotel","n":"Servotel"}},{"type":"Feature","geometry":{"type":"Point","coordinates":[-72.282479,18.574803]},"properties":{"f":"restauration","t":"pub","n":"Sila's streets beer"}},{"type":"Feature","geometry":{"type":"Point","coordinates":[-72.282004,18.574074]},"properties":{"f":"restauration","t":"pub","n":"HC Bar"}},{"type":"Feature","geometry":{"type":"Point","coordinates":[-72.281303,18.574358]},"properties":{"f":"restauration","t":"pub","n":"Hole in the Wall"}},{"type":"Feature","geometry":{"type":"Point","coordinates":[-72.281491,18.574388]},"properties":{"f":"plein_air","t":"picnic_site","n":""}},{"type":"Feature","geometry":{"type":"Point","coordinates":[-72.281532,18.574457]},"properties":{"f":"plein_air","t":"camp_site","n":""}},{"type":"Feature","geometry":{"type":"Point","coordinates":[-72.280858,18.572728]},"properties":{"f":"restauration","t":"nightclub","n":"Grenadia"}},{"type":"Feature","geometry":{"type":"Point","coordinates":[-72.27762,18.57573]},"properties":{"f":"hebergement","t":"hostel","n":"Lakey poze"}},{"type":"Feature","geometry":{"type":"Point","coordinates":[-72.278685,18.577982]},"properties":{"f":"restauration","t":"cafe","n":"Cafétéria"}},{"type":"Feature","geometry":{"type":"Point","coordinates":[-72.278728,18.577794]},"properties":{"f":"restauration","t":"restaurant","n":"The Deck Bar & Grill"}},{"type":"Feature","geometry":{"type":"Point","coordinates":[-72.274854,18.576342]},"properties":{"f":"restauration","t":"restaurant","n":"Rita"}},{"type":"Feature","geometry":{"type":"Point","coordinates":[-72.273946,18.578906]},"properties":{"f":"hebergement","t":"hotel","n":"Snobisme Hotel"}},{"type":"Feature","geometry":{"type":"Point","coordinates":[-72.270864,18.576512]},"properties":{"f":"restauration","t":"restaurant","n":"Doigts d'Or"}},{"type":"Feature","geometry":{"type":"Point","coordinates":[-72.273962,18.574873]},"properties":{"f":"hebergement","t":"hotel","n":"Hôtel Rosalinda"}},{"type":"Feature","geometry":{"type":"Point","coordinates":[-72.266537,18.571541]},"properties":{"f":"restauration","t":"restaurant","n":"Kingdom Hotel"}},{"type":"Feature","geometry":{"type":"Point","coordinates":[-72.267835,18.574975]},"properties":{"f":"hebergement","t":"hotel","n":""}},{"type":"Feature","geometry":{"type":"Point","coordinates":[-72.266785,18.574524]},"properties":{"f":"hebergement","t":"hotel","n":"Hotel Caribbean Lodge"}},{"type":"Feature","geometry":{"type":"Point","coordinates":[-72.266202,18.573235]},"properties":{"f":"hebergement","t":"hotel","n":""}},{"type":"Feature","geometry":{"type":"Point","coordinates":[-72.265413,18.570941]},"properties":{"f":"hebergement","t":"hotel","n":"Stercha Hotel"}},{"type":"Feature","geometry":{"type":"Point","coordinates":[-72.26036,18.571107]},"properties":{"f":"hebergement","t":"hostel","n":""}},{"type":"Feature","geometry":{"type":"Point","coordinates":[-72.263672,18.575919]},"properties":{"f":"restauration","t":"fast_food","n":"5 Coins"}},{"type":"Feature","geometry":{"type":"Point","coordinates":[-72.264015,18.575796]},"properties":{"f":"restauration","t":"fast_food","n":""}},{"type":"Feature","geometry":{"type":"Point","coordinates":[-72.267303,18.578111]},"properties":{"f":"hebergement","t":"hotel","n":""}},{"type":"Feature","geometry":{"type":"Point","coordinates":[-72.264425,18.582874]},"properties":{"f":"hebergement","t":"apartment","n":"Tabarre 23, rue O. Lucien, impasse Benoit # 17"}},{"type":"Feature","geometry":{"type":"Point","coordinates":[-72.248228,18.581664]},"properties":{"f":"restauration","t":"restaurant","n":""}},{"type":"Feature","geometry":{"type":"Point","coordinates":[-72.249303,18.564872]},"properties":{"f":"restauration","t":"restaurant","n":"Le Daily Gourmet Café"}},{"type":"Feature","geometry":{"type":"Point","coordinates":[-72.251736,18.564473]},"properties":{"f":"restauration","t":"restaurant","n":""}},{"type":"Feature","geometry":{"type":"Point","coordinates":[-72.251553,18.564474]},"properties":{"f":"restauration","t":"bar","n":""}},{"type":"Feature","geometry":{"type":"Point","coordinates":[-72.252783,18.565022]},"properties":{"f":"sites","t":"attraction","n":"Parc Historique de la Canne à Sucre"}},{"type":"Feature","geometry":{"type":"Point","coordinates":[-72.26345,18.568658]},"properties":{"f":"hebergement","t":"hotel","n":"Hôtel Bellevue"}},{"type":"Feature","geometry":{"type":"Point","coordinates":[-72.264277,18.569704]},"properties":{"f":"hebergement","t":"hotel","n":"Hotel Le Green"}},{"type":"Feature","geometry":{"type":"Point","coordinates":[-72.258991,18.565887]},"properties":{"f":"hebergement","t":"hostel","n":""}},{"type":"Feature","geometry":{"type":"Point","coordinates":[-72.258558,18.564334]},"properties":{"f":"restauration","t":"restaurant","n":"Pizza Amour"}},{"type":"Feature","geometry":{"type":"Point","coordinates":[-72.262891,18.555117]},"properties":{"f":"restauration","t":"restaurant","n":""}},{"type":"Feature","geometry":{"type":"Point","coordinates":[-72.262861,18.555093]},"properties":{"f":"restauration","t":"restaurant","n":""}},{"type":"Feature","geometry":{"type":"Point","coordinates":[-72.257183,18.558752]},"properties":{"f":"hebergement","t":"hotel","n":""}},{"type":"Feature","geometry":{"type":"Point","coordinates":[-72.251158,18.555309]},"properties":{"f":"plein_air","t":"camp_site","n":""}},{"type":"Feature","geometry":{"type":"Point","coordinates":[-72.250893,18.555264]},"properties":{"f":"plein_air","t":"camp_site","n":""}},{"type":"Feature","geometry":{"type":"Point","coordinates":[-72.250026,18.554145]},"properties":{"f":"plein_air","t":"camp_site","n":""}},{"type":"Feature","geometry":{"type":"Point","coordinates":[-72.262112,18.548398]},"properties":{"f":"hebergement","t":"hotel","n":"Cortage Hotel"}},{"type":"Feature","geometry":{"type":"Point","coordinates":[-72.258397,18.548857]},"properties":{"f":"hebergement","t":"motel","n":"Discretion Hotel"}},{"type":"Feature","geometry":{"type":"Point","coordinates":[-72.261049,18.551408]},"properties":{"f":"hebergement","t":"hotel","n":"Renaissance"}},{"type":"Feature","geometry":{"type":"Point","coordinates":[-72.260623,18.552453]},"properties":{"f":"hebergement","t":"motel","n":"Aventure Motel"}},{"type":"Feature","geometry":{"type":"Point","coordinates":[-72.278701,18.554486]},"properties":{"f":"hebergement","t":"hotel","n":"Villa Hotel d'Haiti"}},{"type":"Feature","geometry":{"type":"Point","coordinates":[-72.274963,18.545266]},"properties":{"f":"hebergement","t":"hotel","n":""}},{"type":"Feature","geometry":{"type":"Point","coordinates":[-72.291003,18.538975]},"properties":{"f":"hebergement","t":"guest_house","n":""}},{"type":"Feature","geometry":{"type":"Point","coordinates":[-72.288282,18.547706]},"properties":{"f":"hebergement","t":"guest_house","n":"Guesthouse WNH"}},{"type":"Feature","geometry":{"type":"Point","coordinates":[-72.284594,18.549817]},"properties":{"f":"restauration","t":"cafe","n":"Papillon Enterprise Cafe"}},{"type":"Feature","geometry":{"type":"Point","coordinates":[-72.285751,18.550989]},"properties":{"f":"hebergement","t":"guest_house","n":""}},{"type":"Feature","geometry":{"type":"Point","coordinates":[-72.291509,18.554935]},"properties":{"f":"restauration","t":"restaurant","n":""}},{"type":"Feature","geometry":{"type":"Point","coordinates":[-72.289197,18.558316]},"properties":{"f":"hebergement","t":"hotel","n":"The Princess Inn"}},{"type":"Feature","geometry":{"type":"Point","coordinates":[-72.27891,18.558586]},"properties":{"f":"hebergement","t":"hotel","n":"Hotel Oberge"}},{"type":"Feature","geometry":{"type":"Point","coordinates":[-72.278398,18.565764]},"properties":{"f":"hebergement","t":"guest_house","n":""}},{"type":"Feature","geometry":{"type":"Point","coordinates":[-72.271863,18.570678]},"properties":{"f":"sites","t":"artwork","n":"CK HARDWARE"}},{"type":"Feature","geometry":{"type":"Point","coordinates":[-72.293875,18.566734]},"properties":{"f":"hebergement","t":"apartment","n":""}},{"type":"Feature","geometry":{"type":"Point","coordinates":[-72.293824,18.56684]},"properties":{"f":"hebergement","t":"apartment","n":""}},{"type":"Feature","geometry":{"type":"Point","coordinates":[-72.296043,18.565213]},"properties":{"f":"restauration","t":"bar","n":"Dave's mart bar & grill"}},{"type":"Feature","geometry":{"type":"Point","coordinates":[-72.295657,18.566103]},"properties":{"f":"hebergement","t":"guest_house","n":"Sherley Pierre"}},{"type":"Feature","geometry":{"type":"Point","coordinates":[-72.295842,18.566309]},"properties":{"f":"hebergement","t":"apartment","n":""}},{"type":"Feature","geometry":{"type":"Point","coordinates":[-72.298235,18.565969]},"properties":{"f":"sites","t":"viewpoint","n":""}},{"type":"Feature","geometry":{"type":"Point","coordinates":[-72.302568,18.568751]},"properties":{"f":"hebergement","t":"hotel","n":"Visa Lodge Cabana Lodge"}},{"type":"Feature","geometry":{"type":"Point","coordinates":[-72.302671,18.568842]},"properties":{"f":"hebergement","t":"hotel","n":"Visa Lodge Cabana Lodge"}},{"type":"Feature","geometry":{"type":"Point","coordinates":[-72.302689,18.568914]},"properties":{"f":"hebergement","t":"hotel","n":"Visa Lodge Cabana Lodge"}},{"type":"Feature","geometry":{"type":"Point","coordinates":[-72.302408,18.568895]},"properties":{"f":"hebergement","t":"hotel","n":"Visa Lodge Cabana Lodge"}},{"type":"Feature","geometry":{"type":"Point","coordinates":[-72.302491,18.568734]},"properties":{"f":"hebergement","t":"hotel","n":"Visa Lodge Cabana Lodge"}},{"type":"Feature","geometry":{"type":"Point","coordinates":[-72.302382,18.568824]},"properties":{"f":"hebergement","t":"hotel","n":"Visa Lodge Cabana Lodge"}},{"type":"Feature","geometry":{"type":"Point","coordinates":[-72.302176,18.56859]},"properties":{"f":"hebergement","t":"hotel","n":"Visa Lodge"}},{"type":"Feature","geometry":{"type":"Point","coordinates":[-72.297461,18.56694]},"properties":{"f":"hebergement","t":"hotel","n":"Habitation Hatt"}},{"type":"Feature","geometry":{"type":"Point","coordinates":[-72.298349,18.567735]},"properties":{"f":"hebergement","t":"hotel","n":"Palm Inn"}},{"type":"Feature","geometry":{"type":"Point","coordinates":[-72.302336,18.568963]},"properties":{"f":"hebergement","t":"hotel","n":"Visa Lodge Cabana Lodge"}},{"type":"Feature","geometry":{"type":"Point","coordinates":[-72.302338,18.569065]},"properties":{"f":"hebergement","t":"hotel","n":"Visa Lodge Cabana Lodge"}},{"type":"Feature","geometry":{"type":"Point","coordinates":[-72.302369,18.569099]},"properties":{"f":"hebergement","t":"hotel","n":"Visa Lodge Cabana Lodge"}},{"type":"Feature","geometry":{"type":"Point","coordinates":[-72.302393,18.569125]},"properties":{"f":"hebergement","t":"hotel","n":"Visa Lodge Cabana Lodge"}},{"type":"Feature","geometry":{"type":"Point","coordinates":[-72.302418,18.569154]},"properties":{"f":"hebergement","t":"hotel","n":"Visa Lodge Cabana Lodge"}},{"type":"Feature","geometry":{"type":"Point","coordinates":[-72.302508,18.569068]},"properties":{"f":"hebergement","t":"hotel","n":"Visa Lodge Cabana Lodge"}},{"type":"Feature","geometry":{"type":"Point","coordinates":[-72.302434,18.56905]},"properties":{"f":"hebergement","t":"hotel","n":"Visa Lodge Cabana Lodge"}},{"type":"Feature","geometry":{"type":"Point","coordinates":[-72.302411,18.568981]},"properties":{"f":"hebergement","t":"hotel","n":"Visa Lodge Cabana Lodge"}},{"type":"Feature","geometry":{"type":"Point","coordinates":[-72.302507,18.568985]},"properties":{"f":"hebergement","t":"hotel","n":"Visa Lodge Cabana Lodge"}},{"type":"Feature","geometry":{"type":"Point","coordinates":[-72.30258,18.569001]},"properties":{"f":"hebergement","t":"hotel","n":"Visa Lodge Cabana Lodge"}},{"type":"Feature","geometry":{"type":"Point","coordinates":[-72.302608,18.569072]},"properties":{"f":"hebergement","t":"hotel","n":"Visa Lodge Cabana Lodge"}},{"type":"Feature","geometry":{"type":"Point","coordinates":[-72.302609,18.569159]},"properties":{"f":"hebergement","t":"hotel","n":"Visa Lodge Cabana Lodge"}},{"type":"Feature","geometry":{"type":"Point","coordinates":[-72.302631,18.569225]},"properties":{"f":"hebergement","t":"hotel","n":"Visa Lodge Cabana Lodge"}},{"type":"Feature","geometry":{"type":"Point","coordinates":[-72.302474,18.56921]},"properties":{"f":"hebergement","t":"hotel","n":"Visa Lodge Cabana Lodge"}},{"type":"Feature","geometry":{"type":"Point","coordinates":[-72.302446,18.569184]},"properties":{"f":"hebergement","t":"hotel","n":"Visa Lodge Cabana Lodge"}},{"type":"Feature","geometry":{"type":"Point","coordinates":[-72.302503,18.569236]},"properties":{"f":"hebergement","t":"hotel","n":"Visa Lodge Cabana Lodge"}},{"type":"Feature","geometry":{"type":"Point","coordinates":[-72.30253,18.569263]},"properties":{"f":"hebergement","t":"hotel","n":"Visa Lodge Cabana Lodge"}},{"type":"Feature","geometry":{"type":"Point","coordinates":[-72.302594,18.569405]},"properties":{"f":"hebergement","t":"hotel","n":"Visa Lodge"}},{"type":"Feature","geometry":{"type":"Point","coordinates":[-72.312319,18.56871]},"properties":{"f":"restauration","t":"cafe","n":"REBO Expresso"}},{"type":"Feature","geometry":{"type":"Point","coordinates":[-72.312626,18.566059]},"properties":{"f":"restauration","t":"fast_food","n":"Muncheez"}},{"type":"Feature","geometry":{"type":"Point","coordinates":[-72.308963,18.559806]},"properties":{"f":"restauration","t":"bar","n":""}},{"type":"Feature","geometry":{"type":"Point","coordinates":[-72.307714,18.554858]},"properties":{"f":"hebergement","t":"hotel","n":"Victoria"}},{"type":"Feature","geometry":{"type":"Point","coordinates":[-72.30553,18.556386]},"properties":{"f":"hebergement","t":"guest_house","n":"World Orphans Guest House"}},{"type":"Feature","geometry":{"type":"Point","coordinates":[-72.305051,18.558]},"properties":{"f":"hebergement","t":"guest_house","n":"MSI Guest House"}},{"type":"Feature","geometry":{"type":"Point","coordinates":[-72.299647,18.555957]},"properties":{"f":"hebergement","t":"hotel","n":"Seven Stars Hotel"}},{"type":"Feature","geometry":{"type":"Point","coordinates":[-72.299694,18.556114]},"properties":{"f":"hebergement","t":"hotel","n":"Five Strars Hotel"}},{"type":"Feature","geometry":{"type":"Point","coordinates":[-72.297398,18.558137]},"properties":{"f":"restauration","t":"nightclub","n":"Rendez Vous 33"}},{"type":"Feature","geometry":{"type":"Point","coordinates":[-72.302127,18.558936]},"properties":{"f":"sites","t":"viewpoint","n":""}},{"type":"Feature","geometry":{"type":"Point","coordinates":[-72.30055,18.560513]},"properties":{"f":"plein_air","t":"camp_site","n":""}},{"type":"Feature","geometry":{"type":"Point","coordinates":[-72.300288,18.562841]},"properties":{"f":"sites","t":"viewpoint","n":""}},{"type":"Feature","geometry":{"type":"Point","coordinates":[-72.299513,18.56137]},"properties":{"f":"information","t":"information","n":""}},{"type":"Feature","geometry":{"type":"Point","coordinates":[-72.295464,18.559584]},"properties":{"f":"restauration","t":"pub","n":"Kolonel Bar Resto"}},{"type":"Feature","geometry":{"type":"Point","coordinates":[-72.292968,18.556103]},"properties":{"f":"restauration","t":"bar","n":"X-QUIS BAR"}},{"type":"Feature","geometry":{"type":"Point","coordinates":[-72.29268,18.556113]},"properties":{"f":"restauration","t":"cafe","n":"BOLAVAGE CARWASH"}},{"type":"Feature","geometry":{"type":"Point","coordinates":[-72.295302,18.552962]},"properties":{"f":"hebergement","t":"hotel","n":""}},{"type":"Feature","geometry":{"type":"Point","coordinates":[-72.302685,18.552752]},"properties":{"f":"restauration","t":"fast_food","n":"Eco Café"}},{"type":"Feature","geometry":{"type":"Point","coordinates":[-72.300893,18.548119]},"properties":{"f":"restauration","t":"restaurant","n":"Joyces Corner"}},{"type":"Feature","geometry":{"type":"Point","coordinates":[-72.302118,18.548732]},"properties":{"f":"restauration","t":"nightclub","n":"Fraicheur 41"}},{"type":"Feature","geometry":{"type":"Point","coordinates":[-72.294555,18.549224]},"properties":{"f":"culture","t":"arts_centre","n":"Centre Anne Marie Morisette"}},{"type":"Feature","geometry":{"type":"Point","coordinates":[-72.296237,18.539428]},"properties":{"f":"restauration","t":"nightclub","n":"Karamel"}},{"type":"Feature","geometry":{"type":"Point","coordinates":[-72.298445,18.54043]},"properties":{"f":"hebergement","t":"hotel","n":"Villa Imperial"}},{"type":"Feature","geometry":{"type":"Point","coordinates":[-72.302003,18.539191]},"properties":{"f":"restauration","t":"restaurant","n":""}},{"type":"Feature","geometry":{"type":"Point","coordinates":[-72.302183,18.538918]},"properties":{"f":"restauration","t":"restaurant","n":""}},{"type":"Feature","geometry":{"type":"Point","coordinates":[-72.298768,18.544046]},"properties":{"f":"hebergement","t":"hotel","n":"Hotel Ideal Villa"}},{"type":"Feature","geometry":{"type":"Point","coordinates":[-72.303105,18.546339]},"properties":{"f":"restauration","t":"fast_food","n":"Cari"}},{"type":"Feature","geometry":{"type":"Point","coordinates":[-72.310866,18.541039]},"properties":{"f":"restauration","t":"restaurant","n":"Restaurant Communautaire EDE PEP"}},{"type":"Feature","geometry":{"type":"Point","coordinates":[-72.30585,18.547542]},"properties":{"f":"restauration","t":"fast_food","n":"Épi d'Or"}},{"type":"Feature","geometry":{"type":"Point","coordinates":[-72.304834,18.547725]},"properties":{"f":"hebergement","t":"hotel","n":"Revelation Hôtel"}},{"type":"Feature","geometry":{"type":"Point","coordinates":[-72.303011,18.548516]},"properties":{"f":"hebergement","t":"motel","n":"Hôtel/Club Tropex"}},{"type":"Feature","geometry":{"type":"Point","coordinates":[-72.303183,18.548624]},"properties":{"f":"restauration","t":"bar","n":"Freche' 41"}},{"type":"Feature","geometry":{"type":"Point","coordinates":[-72.303776,18.54846]},"properties":{"f":"restauration","t":"nightclub","n":"Claranamar"}},{"type":"Feature","geometry":{"type":"Point","coordinates":[-72.304358,18.547863]},"properties":{"f":"restauration","t":"bar","n":"N.D Bar Resto"}},{"type":"Feature","geometry":{"type":"Point","coordinates":[-72.305425,18.548019]},"properties":{"f":"restauration","t":"restaurant","n":"Assiette Creol"}},{"type":"Feature","geometry":{"type":"Point","coordinates":[-72.303677,18.548811]},"properties":{"f":"restauration","t":"cafe","n":"Granny's Multi Service Center"}},{"type":"Feature","geometry":{"type":"Point","coordinates":[-72.304015,18.550087]},"properties":{"f":"restauration","t":"restaurant","n":"Le Doreslliene bar resto"}},{"type":"Feature","geometry":{"type":"Point","coordinates":[-72.304512,18.550382]},"properties":{"f":"restauration","t":"nightclub","n":"Mi Do Re"}},{"type":"Feature","geometry":{"type":"Point","coordinates":[-72.304555,18.550368]},"properties":{"f":"restauration","t":"restaurant","n":""}},{"type":"Feature","geometry":{"type":"Point","coordinates":[-72.305985,18.548825]},"properties":{"f":"restauration","t":"restaurant","n":"Auberge de la RTNH"}},{"type":"Feature","geometry":{"type":"Point","coordinates":[-72.307303,18.549482]},"properties":{"f":"restauration","t":"restaurant","n":"Kokoye Bar Grill,Restaurant"}},{"type":"Feature","geometry":{"type":"Point","coordinates":[-72.311915,18.552177]},"properties":{"f":"restauration","t":"restaurant","n":""}},{"type":"Feature","geometry":{"type":"Point","coordinates":[-72.312038,18.552179]},"properties":{"f":"hebergement","t":"hotel","n":"Coconut Villa"}},{"type":"Feature","geometry":{"type":"Point","coordinates":[-72.31158,18.550739]},"properties":{"f":"restauration","t":"fast_food","n":"Épi d’Or"}},{"type":"Feature","geometry":{"type":"Point","coordinates":[-72.311285,18.552925]},"properties":{"f":"restauration","t":"nightclub","n":""}},{"type":"Feature","geometry":{"type":"Point","coordinates":[-72.317016,18.550933]},"properties":{"f":"hebergement","t":"guest_house","n":""}},{"type":"Feature","geometry":{"type":"Point","coordinates":[-72.317124,18.55091]},"properties":{"f":"hebergement","t":"guest_house","n":""}},{"type":"Feature","geometry":{"type":"Point","coordinates":[-72.316274,18.545287]},"properties":{"f":"hebergement","t":"guest_house","n":"Festi Club"}},{"type":"Feature","geometry":{"type":"Point","coordinates":[-72.314182,18.539833]},"properties":{"f":"restauration","t":"bar","n":""}},{"type":"Feature","geometry":{"type":"Point","coordinates":[-72.317552,18.541165]},"properties":{"f":"restauration","t":"nightclub","n":"Le Feu Rouge Batagri"}},{"type":"Feature","geometry":{"type":"Point","coordinates":[-72.327126,18.541101]},"properties":{"f":"restauration","t":"nightclub","n":"Skal"}},{"type":"Feature","geometry":{"type":"Point","coordinates":[-72.327036,18.539379]},"properties":{"f":"restauration","t":"bar","n":"Ambiance"}},{"type":"Feature","geometry":{"type":"Point","coordinates":[-72.328067,18.541489]},"properties":{"f":"hebergement","t":"hotel","n":"Hôtel C. Jean"}},{"type":"Feature","geometry":{"type":"Point","coordinates":[-72.328223,18.541739]},"properties":{"f":"hebergement","t":"hotel","n":"Hôtel C. Jean"}},{"type":"Feature","geometry":{"type":"Point","coordinates":[-72.33171,18.539661]},"properties":{"f":"restauration","t":"fast_food","n":"Muncheez Pizza & Subs"}},{"type":"Feature","geometry":{"type":"Point","coordinates":[-72.336172,18.539313]},"properties":{"f":"sites","t":"museum","n":"Musée National d'Art d'Haïti"}},{"type":"Feature","geometry":{"type":"Point","coordinates":[-72.335331,18.540053]},"properties":{"f":"culture","t":"theatre","n":"Rex Théatre"}},{"type":"Feature","geometry":{"type":"Point","coordinates":[-72.334327,18.541656]},"properties":{"f":"hebergement","t":"hotel","n":"Park Hotel Haiti"}},{"type":"Feature","geometry":{"type":"Point","coordinates":[-72.334519,18.541375]},"properties":{"f":"hebergement","t":"hotel","n":"Park Hotel"}},{"type":"Feature","geometry":{"type":"Point","coordinates":[-72.333866,18.542015]},"properties":{"f":"restauration","t":"bar","n":"Plaza Hotel Bar"}},{"type":"Feature","geometry":{"type":"Point","coordinates":[-72.33333,18.541585]},"properties":{"f":"hebergement","t":"hotel","n":"Le Plaza Hotel"}},{"type":"Feature","geometry":{"type":"Point","coordinates":[-72.334531,18.542634]},"properties":{"f":"restauration","t":"restaurant","n":"Café Terrasse"}},{"type":"Feature","geometry":{"type":"Point","coordinates":[-72.335437,18.54275]},"properties":{"f":"sites","t":"attraction","n":"Kiosque Occide Jeanty"}},{"type":"Feature","geometry":{"type":"Point","coordinates":[-72.333544,18.544605]},"properties":{"f":"restauration","t":"fast_food","n":"Épi d’Or"}},{"type":"Feature","geometry":{"type":"Point","coordinates":[-72.334122,18.543145]},"properties":{"f":"culture","t":"theatre","n":"Cine' Theatre' Triomphe'"}},{"type":"Feature","geometry":{"type":"Point","coordinates":[-72.331095,18.544225]},"properties":{"f":"plein_air","t":"camp_site","n":"Camp Icare"}},{"type":"Feature","geometry":{"type":"Point","coordinates":[-72.328118,18.55861]},"properties":{"f":"restauration","t":"cafe","n":"Café selecto 工廠"}},{"type":"Feature","geometry":{"type":"Point","coordinates":[-72.321399,18.556686]},"properties":{"f":"restauration","t":"restaurant","n":"L'Oiseau Bleu"}},{"type":"Feature","geometry":{"type":"Point","coordinates":[-72.318489,18.56034]},"properties":{"f":"restauration","t":"fast_food","n":"Métro Subs"}},{"type":"Feature","geometry":{"type":"Point","coordinates":[-72.318667,18.560077]},"properties":{"f":"restauration","t":"restaurant","n":"La Passerelle"}},{"type":"Feature","geometry":{"type":"Point","coordinates":[-72.316798,18.559804]},"properties":{"f":"hebergement","t":"apartment","n":"Rue Brenord Prophète"}},{"type":"Feature","geometry":{"type":"Point","coordinates":[-72.315502,18.559434]},"properties":{"f":"restauration","t":"nightclub","n":"Privilege Disco"}},{"type":"Feature","geometry":{"type":"Point","coordinates":[-72.315111,18.55892]},"properties":{"f":"hebergement","t":"apartment","n":""}},{"type":"Feature","geometry":{"type":"Point","coordinates":[-72.320579,18.565213]},"properties":{"f":"restauration","t":"restaurant","n":""}},{"type":"Feature","geometry":{"type":"Point","coordinates":[-72.318392,18.570221]},"properties":{"f":"restauration","t":"restaurant","n":"Batimat"}},{"type":"Feature","geometry":{"type":"Point","coordinates":[-72.335148,18.574692]},"properties":{"f":"restauration","t":"bar","n":""}},{"type":"Feature","geometry":{"type":"Point","coordinates":[-72.327503,18.57126]},"properties":{"f":"restauration","t":"restaurant","n":""}},{"type":"Feature","geometry":{"type":"Point","coordinates":[-72.327764,18.571709]},"properties":{"f":"restauration","t":"bar","n":""}},{"type":"Feature","geometry":{"type":"Point","coordinates":[-72.335116,18.574975]},"properties":{"f":"restauration","t":"bar","n":""}},{"type":"Feature","geometry":{"type":"Point","coordinates":[-72.335249,18.57792]},"properties":{"f":"hebergement","t":"hotel","n":"Decision"}},{"type":"Feature","geometry":{"type":"Point","coordinates":[-72.333139,18.582217]},"properties":{"f":"restauration","t":"pub","n":"Kay Jeff"}},{"type":"Feature","geometry":{"type":"Point","coordinates":[-72.294821,18.575685]},"properties":{"f":"restauration","t":"fast_food","n":"Bon Voyage"}},{"type":"Feature","geometry":{"type":"Point","coordinates":[-72.294983,18.575671]},"properties":{"f":"restauration","t":"cafe","n":"Rebo Expresso"}},{"type":"Feature","geometry":{"type":"Point","coordinates":[-72.295202,18.575671]},"properties":{"f":"restauration","t":"bar","n":""}},{"type":"Feature","geometry":{"type":"Point","coordinates":[-72.307087,18.584887]},"properties":{"f":"culture","t":"arts_centre","n":""}},{"type":"Feature","geometry":{"type":"Point","coordinates":[-72.30717,18.584808]},"properties":{"f":"culture","t":"arts_centre","n":""}},{"type":"Feature","geometry":{"type":"Point","coordinates":[-72.307184,18.584514]},"properties":{"f":"culture","t":"arts_centre","n":""}},{"type":"Feature","geometry":{"type":"Point","coordinates":[-72.304076,18.584035]},"properties":{"f":"hebergement","t":"hotel","n":"Bamboo Hotel"}},{"type":"Feature","geometry":{"type":"Point","coordinates":[-72.308231,18.587907]},"properties":{"f":"sites","t":"artwork","n":"Salle du Royaume des Temoins de Jehovah de Sarthe"}},{"type":"Feature","geometry":{"type":"Point","coordinates":[-72.295019,18.603005]},"properties":{"f":"plein_air","t":"camp_site","n":""}},{"type":"Feature","geometry":{"type":"Point","coordinates":[-72.295022,18.602337]},"properties":{"f":"sites","t":"theme_park","n":"espace de loisir"}},{"type":"Feature","geometry":{"type":"Point","coordinates":[-72.320559,18.602364]},"properties":{"f":"restauration","t":"restaurant","n":"Bar restaurant"}},{"type":"Feature","geometry":{"type":"Point","coordinates":[-72.320308,18.601568]},"properties":{"f":"restauration","t":"bar","n":"La diversite bar restaurant"}},{"type":"Feature","geometry":{"type":"Point","coordinates":[-72.319537,18.599181]},"properties":{"f":"restauration","t":"bar","n":"Michou car washet bar"}},{"type":"Feature","geometry":{"type":"Point","coordinates":[-72.315491,18.616481]},"properties":{"f":"restauration","t":"nightclub","n":""}},{"type":"Feature","geometry":{"type":"Point","coordinates":[-72.315152,18.61647]},"properties":{"f":"restauration","t":"nightclub","n":"Chou-Blak Night Club"}},{"type":"Feature","geometry":{"type":"Point","coordinates":[-72.32105,18.629822]},"properties":{"f":"restauration","t":"bar","n":""}},{"type":"Feature","geometry":{"type":"Point","coordinates":[-72.321013,18.629775]},"properties":{"f":"restauration","t":"bar","n":""}},{"type":"Feature","geometry":{"type":"Point","coordinates":[-72.31976,18.631731]},"properties":{"f":"culture","t":"arts_centre","n":"centre communautaire"}},{"type":"Feature","geometry":{"type":"Point","coordinates":[-72.28114,18.603714]},"properties":{"f":"hebergement","t":"hotel","n":"samy's Hotel"}},{"type":"Feature","geometry":{"type":"Point","coordinates":[-72.278581,18.611483]},"properties":{"f":"hebergement","t":"hotel","n":"Adam and Eve Hotel"}},{"type":"Feature","geometry":{"type":"Point","coordinates":[-72.27696,18.612807]},"properties":{"f":"hebergement","t":"motel","n":"La Renconte"}},{"type":"Feature","geometry":{"type":"Point","coordinates":[-72.275109,18.617686]},"properties":{"f":"restauration","t":"restaurant","n":""}},{"type":"Feature","geometry":{"type":"Point","coordinates":[-72.272837,18.617664]},"properties":{"f":"restauration","t":"restaurant","n":""}},{"type":"Feature","geometry":{"type":"Point","coordinates":[-72.279127,18.608752]},"properties":{"f":"restauration","t":"cafe","n":"Cyber World"}},{"type":"Feature","geometry":{"type":"Point","coordinates":[-72.279166,18.608802]},"properties":{"f":"restauration","t":"bar","n":"Cyber World Bar"}},{"type":"Feature","geometry":{"type":"Point","coordinates":[-72.279469,18.608894]},"properties":{"f":"restauration","t":"nightclub","n":"Will Complex"}},{"type":"Feature","geometry":{"type":"Point","coordinates":[-72.27946,18.608837]},"properties":{"f":"restauration","t":"fast_food","n":"Pain Plus"}},{"type":"Feature","geometry":{"type":"Point","coordinates":[-72.278398,18.604298]},"properties":{"f":"restauration","t":"restaurant","n":""}},{"type":"Feature","geometry":{"type":"Point","coordinates":[-72.261554,18.606291]},"properties":{"f":"plein_air","t":"camp_site","n":""}},{"type":"Feature","geometry":{"type":"Point","coordinates":[-72.259714,18.60472]},"properties":{"f":"plein_air","t":"camp_site","n":""}},{"type":"Feature","geometry":{"type":"Point","coordinates":[-72.25704,18.6128]},"properties":{"f":"hebergement","t":"hotel","n":""}},{"type":"Feature","geometry":{"type":"Point","coordinates":[-72.251102,18.617648]},"properties":{"f":"plein_air","t":"camp_site","n":"Camp d'ebergement Lilavois 38"}},{"type":"Feature","geometry":{"type":"Point","coordinates":[-72.258509,18.62027]},"properties":{"f":"hebergement","t":"hotel","n":"Roland Inn (Night Club)"}},{"type":"Feature","geometry":{"type":"Point","coordinates":[-72.25526,18.622214]},"properties":{"f":"culture","t":"cinema","n":"Asic cine"}},{"type":"Feature","geometry":{"type":"Point","coordinates":[-72.26737,18.632168]},"properties":{"f":"restauration","t":"restaurant","n":"jehova resto"}},{"type":"Feature","geometry":{"type":"Point","coordinates":[-72.267081,18.63445]},"properties":{"f":"restauration","t":"restaurant","n":""}},{"type":"Feature","geometry":{"type":"Point","coordinates":[-72.277544,18.630414]},"properties":{"f":"hebergement","t":"hotel","n":"la rose hotel bar restaurant"}},{"type":"Feature","geometry":{"type":"Point","coordinates":[-72.270358,18.625388]},"properties":{"f":"restauration","t":"nightclub","n":"Olympia Night Club and More"}},{"type":"Feature","geometry":{"type":"Point","coordinates":[-72.270327,18.619805]},"properties":{"f":"hebergement","t":"apartment","n":""}},{"type":"Feature","geometry":{"type":"Point","coordinates":[-72.272462,18.623099]},"properties":{"f":"restauration","t":"fast_food","n":"Muncheez"}},{"type":"Feature","geometry":{"type":"Point","coordinates":[-72.281837,18.64963]},"properties":{"f":"hebergement","t":"hotel","n":"Full Love Hôtel"}},{"type":"Feature","geometry":{"type":"Point","coordinates":[-72.275178,18.647133]},"properties":{"f":"restauration","t":"restaurant","n":"Special Princesse Bar-Resto"}},{"type":"Feature","geometry":{"type":"Point","coordinates":[-72.275613,18.647035]},"properties":{"f":"restauration","t":"bar","n":"Fabie's Mini Bar"}},{"type":"Feature","geometry":{"type":"Point","coordinates":[-72.271458,18.650236]},"properties":{"f":"information","t":"information","n":"Panneau d'affichage"}},{"type":"Feature","geometry":{"type":"Point","coordinates":[-72.270737,18.650879]},"properties":{"f":"restauration","t":"nightclub","n":"ZAmor Club"}},{"type":"Feature","geometry":{"type":"Point","coordinates":[-72.270795,18.650769]},"properties":{"f":"restauration","t":"restaurant","n":"Rendez-vous Bar Restaurant dansant"}},{"type":"Feature","geometry":{"type":"Point","coordinates":[-72.270313,18.648139]},"properties":{"f":"restauration","t":"restaurant","n":"Zonyon Snack Bar"}},{"type":"Feature","geometry":{"type":"Point","coordinates":[-72.270833,18.645922]},"properties":{"f":"restauration","t":"restaurant","n":"Piyay Restaurant"}},{"type":"Feature","geometry":{"type":"Point","coordinates":[-72.272932,18.646439]},"properties":{"f":"restauration","t":"restaurant","n":""}},{"type":"Feature","geometry":{"type":"Point","coordinates":[-72.274793,18.644762]},"properties":{"f":"restauration","t":"restaurant","n":"Bon Accueil"}},{"type":"Feature","geometry":{"type":"Point","coordinates":[-72.271411,18.640387]},"properties":{"f":"hebergement","t":"hotel","n":"family hotel bar restaurant"}},{"type":"Feature","geometry":{"type":"Point","coordinates":[-72.271233,18.638741]},"properties":{"f":"hebergement","t":"hotel","n":"symbole international hotel"}},{"type":"Feature","geometry":{"type":"Point","coordinates":[-72.262883,18.640213]},"properties":{"f":"hebergement","t":"hotel","n":"El Lasso Hotel & Bar"}},{"type":"Feature","geometry":{"type":"Point","coordinates":[-72.259174,18.637002]},"properties":{"f":"information","t":"information","n":"Kiosk d'information du camp du Park Rony Colin"}},{"type":"Feature","geometry":{"type":"Point","coordinates":[-72.249536,18.648504]},"properties":{"f":"information","t":"information","n":"Panneau de Bienvenue à ONA-Ville"}},{"type":"Feature","geometry":{"type":"Point","coordinates":[-72.253659,18.648303]},"properties":{"f":"restauration","t":"restaurant","n":"Affection de Dieu"}},{"type":"Feature","geometry":{"type":"Point","coordinates":[-72.254037,18.648392]},"properties":{"f":"restauration","t":"nightclub","n":"Ayizan Night Club"}},{"type":"Feature","geometry":{"type":"Point","coordinates":[-72.259248,18.648161]},"properties":{"f":"restauration","t":"restaurant","n":""}},{"type":"Feature","geometry":{"type":"Point","coordinates":[-72.261457,18.647198]},"properties":{"f":"restauration","t":"restaurant","n":""}},{"type":"Feature","geometry":{"type":"Point","coordinates":[-72.268147,18.645933]},"properties":{"f":"restauration","t":"bar","n":""}},{"type":"Feature","geometry":{"type":"Point","coordinates":[-72.26563,18.651345]},"properties":{"f":"restauration","t":"restaurant","n":"Baro Restaurant"}},{"type":"Feature","geometry":{"type":"Point","coordinates":[-72.266935,18.652604]},"properties":{"f":"restauration","t":"restaurant","n":"Mon Carmel"}},{"type":"Feature","geometry":{"type":"Point","coordinates":[-72.267167,18.652353]},"properties":{"f":"restauration","t":"restaurant","n":"Dieu Vivant"}},{"type":"Feature","geometry":{"type":"Point","coordinates":[-72.267458,18.652456]},"properties":{"f":"restauration","t":"restaurant","n":""}},{"type":"Feature","geometry":{"type":"Point","coordinates":[-72.265628,18.65247]},"properties":{"f":"restauration","t":"restaurant","n":"Bel Plaisir Chez Ti Soeur"}},{"type":"Feature","geometry":{"type":"Point","coordinates":[-72.264599,18.655046]},"properties":{"f":"information","t":"information","n":"FOSSHAP"}},{"type":"Feature","geometry":{"type":"Point","coordinates":[-72.264021,18.654861]},"properties":{"f":"culture","t":"cinema","n":"DS Men Nou Ciné"}},{"type":"Feature","geometry":{"type":"Point","coordinates":[-72.264513,18.655365]},"properties":{"f":"restauration","t":"restaurant","n":""}},{"type":"Feature","geometry":{"type":"Point","coordinates":[-72.265216,18.658436]},"properties":{"f":"restauration","t":"restaurant","n":"Mèsi St-Anne"}},{"type":"Feature","geometry":{"type":"Point","coordinates":[-72.265076,18.658751]},"properties":{"f":"restauration","t":"restaurant","n":"Christ Capable"}},{"type":"Feature","geometry":{"type":"Point","coordinates":[-72.264255,18.658814]},"properties":{"f":"restauration","t":"restaurant","n":"Bon T.Green"}},{"type":"Feature","geometry":{"type":"Point","coordinates":[-72.261093,18.657355]},"properties":{"f":"restauration","t":"bar","n":"zone de prdilection"}},{"type":"Feature","geometry":{"type":"Point","coordinates":[-72.262442,18.657545]},"properties":{"f":"restauration","t":"restaurant","n":"Volonté de Dieu"}},{"type":"Feature","geometry":{"type":"Point","coordinates":[-72.262862,18.65774]},"properties":{"f":"restauration","t":"restaurant","n":"Eva Resto"}},{"type":"Feature","geometry":{"type":"Point","coordinates":[-72.261321,18.658301]},"properties":{"f":"restauration","t":"restaurant","n":"Ideal Bar Resto"}},{"type":"Feature","geometry":{"type":"Point","coordinates":[-72.260091,18.65368]},"properties":{"f":"restauration","t":"restaurant","n":""}},{"type":"Feature","geometry":{"type":"Point","coordinates":[-72.259689,18.651926]},"properties":{"f":"culture","t":"arts_centre","n":"Oeuvre d'Art"}},{"type":"Feature","geometry":{"type":"Point","coordinates":[-72.252558,18.654163]},"properties":{"f":"restauration","t":"restaurant","n":"Zèklè"}},{"type":"Feature","geometry":{"type":"Point","coordinates":[-72.252779,18.653713]},"properties":{"f":"sites","t":"artwork","n":"Galerie D'Art"}},{"type":"Feature","geometry":{"type":"Point","coordinates":[-72.252362,18.652678]},"properties":{"f":"restauration","t":"restaurant","n":"Miracle De La Foi"}},{"type":"Feature","geometry":{"type":"Point","coordinates":[-72.251957,18.652924]},"properties":{"f":"restauration","t":"restaurant","n":"Jacob Bar Resto"}},{"type":"Feature","geometry":{"type":"Point","coordinates":[-72.252101,18.653205]},"properties":{"f":"restauration","t":"restaurant","n":""}},{"type":"Feature","geometry":{"type":"Point","coordinates":[-72.251468,18.652954]},"properties":{"f":"restauration","t":"restaurant","n":"Juna Bar Resto"}},{"type":"Feature","geometry":{"type":"Point","coordinates":[-72.252036,18.653863]},"properties":{"f":"culture","t":"cinema","n":""}},{"type":"Feature","geometry":{"type":"Point","coordinates":[-72.252008,18.653748]},"properties":{"f":"restauration","t":"restaurant","n":"Beracka Snack Bar"}},{"type":"Feature","geometry":{"type":"Point","coordinates":[-72.251827,18.654232]},"properties":{"f":"culture","t":"arts_centre","n":"Waiting For God"}},{"type":"Feature","geometry":{"type":"Point","coordinates":[-72.251539,18.655329]},"properties":{"f":"restauration","t":"restaurant","n":""}},{"type":"Feature","geometry":{"type":"Point","coordinates":[-72.252171,18.65522]},"properties":{"f":"restauration","t":"restaurant","n":"Dios Te Bendigas La Casa Dios"}},{"type":"Feature","geometry":{"type":"Point","coordinates":[-72.251674,18.65674]},"properties":{"f":"plein_air","t":"camp_site","n":"Corail camp d'hebergement planifié"}},{"type":"Feature","geometry":{"type":"Point","coordinates":[-72.250703,18.656793]},"properties":{"f":"restauration","t":"restaurant","n":""}},{"type":"Feature","geometry":{"type":"Point","coordinates":[-72.251069,18.656966]},"properties":{"f":"restauration","t":"restaurant","n":"Dieu Avant Tout"}},{"type":"Feature","geometry":{"type":"Point","coordinates":[-72.249318,18.657685]},"properties":{"f":"culture","t":"arts_centre","n":"Dieu Pourvoira"}},{"type":"Feature","geometry":{"type":"Point","coordinates":[-72.249319,18.659485]},"properties":{"f":"restauration","t":"restaurant","n":"Ideal Bar Resto Dansant"}},{"type":"Feature","geometry":{"type":"Point","coordinates":[-72.250046,18.658467]},"properties":{"f":"restauration","t":"restaurant","n":""}},{"type":"Feature","geometry":{"type":"Point","coordinates":[-72.250091,18.658172]},"properties":{"f":"culture","t":"arts_centre","n":"Magigridji Acteur d'Art"}},{"type":"Feature","geometry":{"type":"Point","coordinates":[-72.254344,18.658044]},"properties":{"f":"restauration","t":"restaurant","n":"Kay Madan Jupon"}},{"type":"Feature","geometry":{"type":"Point","coordinates":[-72.255643,18.657602]},"properties":{"f":"restauration","t":"restaurant","n":""}},{"type":"Feature","geometry":{"type":"Point","coordinates":[-72.255461,18.656492]},"properties":{"f":"restauration","t":"restaurant","n":"Feeling Of Jeruzaleme"}},{"type":"Feature","geometry":{"type":"Point","coordinates":[-72.254318,18.662297]},"properties":{"f":"restauration","t":"bar","n":"Back up Bazar"}},{"type":"Feature","geometry":{"type":"Point","coordinates":[-72.254715,18.662316]},"properties":{"f":"culture","t":"arts_centre","n":"Centre D'Art"}},{"type":"Feature","geometry":{"type":"Point","coordinates":[-72.25443,18.663378]},"properties":{"f":"restauration","t":"restaurant","n":""}},{"type":"Feature","geometry":{"type":"Point","coordinates":[-72.25418,18.661006]},"properties":{"f":"restauration","t":"restaurant","n":""}},{"type":"Feature","geometry":{"type":"Point","coordinates":[-72.251631,18.660981]},"properties":{"f":"restauration","t":"bar","n":""}},{"type":"Feature","geometry":{"type":"Point","coordinates":[-72.251638,18.660954]},"properties":{"f":"culture","t":"cinema","n":"Komik Cine"}},{"type":"Feature","geometry":{"type":"Point","coordinates":[-72.248992,18.659907]},"properties":{"f":"restauration","t":"restaurant","n":"KPS Bar Resto"}},{"type":"Feature","geometry":{"type":"Point","coordinates":[-72.251696,18.663884]},"properties":{"f":"restauration","t":"restaurant","n":"Cely Plezi Plat"}},{"type":"Feature","geometry":{"type":"Point","coordinates":[-72.249633,18.664591]},"properties":{"f":"hebergement","t":"hotel","n":"Global Hôtel"}},{"type":"Feature","geometry":{"type":"Point","coordinates":[-72.249073,18.665969]},"properties":{"f":"restauration","t":"restaurant","n":"Dede Bar_Restaurant"}},{"type":"Feature","geometry":{"type":"Point","coordinates":[-72.248017,18.665691]},"properties":{"f":"information","t":"information","n":"Panneau d'Affichage"}},{"type":"Feature","geometry":{"type":"Point","coordinates":[-72.250909,18.666949]},"properties":{"f":"hebergement","t":"hotel","n":"Volume Hôtel"}},{"type":"Feature","geometry":{"type":"Point","coordinates":[-72.250883,18.666995]},"properties":{"f":"restauration","t":"restaurant","n":"Volume Bar Réstaurant"}},{"type":"Feature","geometry":{"type":"Point","coordinates":[-72.25269,18.665172]},"properties":{"f":"restauration","t":"restaurant","n":"Resto Ambulant"}},{"type":"Feature","geometry":{"type":"Point","coordinates":[-72.255244,18.664426]},"properties":{"f":"restauration","t":"restaurant","n":"Manntchita Restaurant"}},{"type":"Feature","geometry":{"type":"Point","coordinates":[-72.256965,18.663696]},"properties":{"f":"restauration","t":"cafe","n":""}},{"type":"Feature","geometry":{"type":"Point","coordinates":[-72.259216,18.66756]},"properties":{"f":"restauration","t":"restaurant","n":"Bon Accueil"}},{"type":"Feature","geometry":{"type":"Point","coordinates":[-72.25995,18.666528]},"properties":{"f":"restauration","t":"restaurant","n":"Kite Bondye Aji"}},{"type":"Feature","geometry":{"type":"Point","coordinates":[-72.259854,18.66671]},"properties":{"f":"restauration","t":"restaurant","n":"Shalom"}},{"type":"Feature","geometry":{"type":"Point","coordinates":[-72.259423,18.660222]},"properties":{"f":"restauration","t":"restaurant","n":""}},{"type":"Feature","geometry":{"type":"Point","coordinates":[-72.264712,18.660636]},"properties":{"f":"restauration","t":"restaurant","n":"Roseda"}},{"type":"Feature","geometry":{"type":"Point","coordinates":[-72.267303,18.662341]},"properties":{"f":"restauration","t":"restaurant","n":"T.T."}},{"type":"Feature","geometry":{"type":"Point","coordinates":[-72.278666,18.66469]},"properties":{"f":"restauration","t":"restaurant","n":"Ballade Antillaise"}},{"type":"Feature","geometry":{"type":"Point","coordinates":[-72.278302,18.664345]},"properties":{"f":"restauration","t":"restaurant","n":"Tètè Bar Resto"}},{"type":"Feature","geometry":{"type":"Point","coordinates":[-72.275694,18.659759]},"properties":{"f":"restauration","t":"nightclub","n":"Sunshine Kids Club"}},{"type":"Feature","geometry":{"type":"Point","coordinates":[-72.274108,18.659929]},"properties":{"f":"restauration","t":"restaurant","n":"Acoupan'm Chanjan'm"}},{"type":"Feature","geometry":{"type":"Point","coordinates":[-72.269818,18.658661]},"properties":{"f":"restauration","t":"restaurant","n":""}},{"type":"Feature","geometry":{"type":"Point","coordinates":[-72.274416,18.652026]},"properties":{"f":"restauration","t":"restaurant","n":"Plezi Lakay"}},{"type":"Feature","geometry":{"type":"Point","coordinates":[-72.277055,18.652702]},"properties":{"f":"restauration","t":"nightclub","n":"La Family Disco"}},{"type":"Feature","geometry":{"type":"Point","coordinates":[-72.276337,18.652875]},"properties":{"f":"restauration","t":"nightclub","n":"Disco Manmina"}},{"type":"Feature","geometry":{"type":"Point","coordinates":[-72.280343,18.653614]},"properties":{"f":"hebergement","t":"hotel","n":"Best Weekend Hotel"}},{"type":"Feature","geometry":{"type":"Point","coordinates":[-72.287242,18.657206]},"properties":{"f":"hebergement","t":"hotel","n":""}},{"type":"Feature","geometry":{"type":"Point","coordinates":[-72.287248,18.657492]},"properties":{"f":"restauration","t":"restaurant","n":""}},{"type":"Feature","geometry":{"type":"Point","coordinates":[-72.288802,18.658427]},"properties":{"f":"restauration","t":"restaurant","n":"La Difference Resto Kreyol"}},{"type":"Feature","geometry":{"type":"Point","coordinates":[-72.290303,18.659527]},"properties":{"f":"restauration","t":"restaurant","n":"OSNAC"}},{"type":"Feature","geometry":{"type":"Point","coordinates":[-72.291456,18.660215]},"properties":{"f":"restauration","t":"restaurant","n":"Saint-Telor Detente Bar Resto"}},{"type":"Feature","geometry":{"type":"Point","coordinates":[-72.288872,18.659778]},"properties":{"f":"culture","t":"cinema","n":""}},{"type":"Feature","geometry":{"type":"Point","coordinates":[-72.289498,18.660344]},"properties":{"f":"restauration","t":"restaurant","n":""}},{"type":"Feature","geometry":{"type":"Point","coordinates":[-72.284932,18.665051]},"properties":{"f":"culture","t":"cinema","n":"Lucky Cine"}},{"type":"Feature","geometry":{"type":"Point","coordinates":[-72.284807,18.66656]},"properties":{"f":"culture","t":"cinema","n":"Lucky Cine"}},{"type":"Feature","geometry":{"type":"Point","coordinates":[-72.635718,19.231594]},"properties":{"f":"hebergement","t":"apartment","n":"kay Jacques"}},{"type":"Feature","geometry":{"type":"Point","coordinates":[-72.636729,19.212557]},"properties":{"f":"restauration","t":"nightclub","n":"Familly Disco"}},{"type":"Feature","geometry":{"type":"Point","coordinates":[-72.644669,19.292663]},"properties":{"f":"hebergement","t":"hotel","n":"Chatana Hôtel"}},{"type":"Feature","geometry":{"type":"Point","coordinates":[-72.642697,19.289822]},"properties":{"f":"restauration","t":"restaurant","n":"Le Rendez-Vous"}},{"type":"Feature","geometry":{"type":"Point","coordinates":[-72.642722,19.28992]},"properties":{"f":"restauration","t":"restaurant","n":"Cascade Palace"}},{"type":"Feature","geometry":{"type":"Point","coordinates":[-72.609552,19.302665]},"properties":{"f":"restauration","t":"nightclub","n":"la familia sound disco"}},{"type":"Feature","geometry":{"type":"Point","coordinates":[-72.609488,19.302872]},"properties":{"f":"restauration","t":"restaurant","n":""}},{"type":"Feature","geometry":{"type":"Point","coordinates":[-72.60615,19.306302]},"properties":{"f":"restauration","t":"restaurant","n":"Cafétéria de l'établissement"}},{"type":"Feature","geometry":{"type":"Point","coordinates":[-72.69088,19.43774]},"properties":{"f":"restauration","t":"bar","n":""}},{"type":"Feature","geometry":{"type":"Point","coordinates":[-72.683363,19.441907]},"properties":{"f":"restauration","t":"bar","n":"HARVHE de grace"}},{"type":"Feature","geometry":{"type":"Point","coordinates":[-72.685017,19.438137]},"properties":{"f":"culture","t":"cinema","n":"polo cine"}},{"type":"Feature","geometry":{"type":"Point","coordinates":[-72.681838,19.437001]},"properties":{"f":"restauration","t":"bar","n":"charles bar resto"}},{"type":"Feature","geometry":{"type":"Point","coordinates":[-72.681309,19.441686]},"properties":{"f":"restauration","t":"nightclub","n":"La santé Disco"}},{"type":"Feature","geometry":{"type":"Point","coordinates":[-72.68098,19.44151]},"properties":{"f":"restauration","t":"bar","n":""}},{"type":"Feature","geometry":{"type":"Point","coordinates":[-72.680139,19.441483]},"properties":{"f":"restauration","t":"bar","n":"F & J bar"}},{"type":"Feature","geometry":{"type":"Point","coordinates":[-72.674634,19.441823]},"properties":{"f":"restauration","t":"bar","n":"la benedicta bar"}},{"type":"Feature","geometry":{"type":"Point","coordinates":[-72.674278,19.441737]},"properties":{"f":"restauration","t":"bar","n":""}},{"type":"Feature","geometry":{"type":"Point","coordinates":[-72.674259,19.441726]},"properties":{"f":"restauration","t":"bar","n":""}},{"type":"Feature","geometry":{"type":"Point","coordinates":[-72.673948,19.441626]},"properties":{"f":"restauration","t":"bar","n":"Merci Jesus bar"}},{"type":"Feature","geometry":{"type":"Point","coordinates":[-72.674073,19.441235]},"properties":{"f":"restauration","t":"bar","n":""}},{"type":"Feature","geometry":{"type":"Point","coordinates":[-72.674076,19.441135]},"properties":{"f":"restauration","t":"bar","n":""}},{"type":"Feature","geometry":{"type":"Point","coordinates":[-72.672849,19.441322]},"properties":{"f":"restauration","t":"restaurant","n":""}},{"type":"Feature","geometry":{"type":"Point","coordinates":[-72.672885,19.441328]},"properties":{"f":"restauration","t":"restaurant","n":""}},{"type":"Feature","geometry":{"type":"Point","coordinates":[-72.673102,19.441402]},"properties":{"f":"restauration","t":"restaurant","n":""}},{"type":"Feature","geometry":{"type":"Point","coordinates":[-72.673051,19.441351]},"properties":{"f":"restauration","t":"bar","n":"Yon lot vision"}},{"type":"Feature","geometry":{"type":"Point","coordinates":[-72.671932,19.442205]},"properties":{"f":"hebergement","t":"hotel","n":"Kale Ouest Club International-Hotel-Disco"}},{"type":"Feature","geometry":{"type":"Point","coordinates":[-72.668377,19.441736]},"properties":{"f":"restauration","t":"nightclub","n":"Polo"}},{"type":"Feature","geometry":{"type":"Point","coordinates":[-72.668359,19.441509]},"properties":{"f":"hebergement","t":"hotel","n":"Polo Hotel"}},{"type":"Feature","geometry":{"type":"Point","coordinates":[-72.668455,19.441358]},"properties":{"f":"restauration","t":"restaurant","n":""}},{"type":"Feature","geometry":{"type":"Point","coordinates":[-72.668965,19.440853]},"properties":{"f":"restauration","t":"bar","n":""}},{"type":"Feature","geometry":{"type":"Point","coordinates":[-72.668258,19.4414]},"properties":{"f":"restauration","t":"restaurant","n":""}},{"type":"Feature","geometry":{"type":"Point","coordinates":[-72.666139,19.440479]},"properties":{"f":"restauration","t":"bar","n":"Jesus vivant"}},{"type":"Feature","geometry":{"type":"Point","coordinates":[-72.664302,19.440221]},"properties":{"f":"restauration","t":"bar","n":"faveur de Dieu"}},{"type":"Feature","geometry":{"type":"Point","coordinates":[-72.660638,19.439404]},"properties":{"f":"restauration","t":"bar","n":"Pont Gaudin Bar"}},{"type":"Feature","geometry":{"type":"Point","coordinates":[-72.650009,19.438474]},"properties":{"f":"hebergement","t":"hotel","n":"Pa prese hotel"}},{"type":"Feature","geometry":{"type":"Point","coordinates":[-72.649918,19.437764]},"properties":{"f":"hebergement","t":"hotel","n":"Pa prese hotel"}},{"type":"Feature","geometry":{"type":"Point","coordinates":[-72.650012,19.437846]},"properties":{"f":"hebergement","t":"hotel","n":"Pa prese hotel"}},{"type":"Feature","geometry":{"type":"Point","coordinates":[-72.649967,19.437946]},"properties":{"f":"hebergement","t":"hotel","n":"Pa prese hotel"}},{"type":"Feature","geometry":{"type":"Point","coordinates":[-72.337036,19.377214]},"properties":{"f":"restauration","t":"bar","n":""}},{"type":"Feature","geometry":{"type":"Point","coordinates":[-72.338824,19.379714]},"properties":{"f":"hebergement","t":"hotel","n":"Hotel"}},{"type":"Feature","geometry":{"type":"Point","coordinates":[-72.340287,19.381992]},"properties":{"f":"hebergement","t":"hotel","n":"TI GEORGES Hotel SMA"}},{"type":"Feature","geometry":{"type":"Point","coordinates":[-72.340784,19.382792]},"properties":{"f":"restauration","t":"bar","n":"Apocalipse Bar"}},{"type":"Feature","geometry":{"type":"Point","coordinates":[-72.339429,19.382745]},"properties":{"f":"hebergement","t":"hotel","n":""}},{"type":"Feature","geometry":{"type":"Point","coordinates":[-72.341912,19.38372]},"properties":{"f":"sites","t":"attraction","n":"Mairie de Saint-Michel-de-l'Attalaye"}},{"type":"Feature","geometry":{"type":"Point","coordinates":[-72.346665,19.387405]},"properties":{"f":"hebergement","t":"hotel","n":"Guess House"}},{"type":"Feature","geometry":{"type":"Point","coordinates":[-72.488402,19.49429]},"properties":{"f":"hebergement","t":"hotel","n":"Le Villa Hotel d'Hennery"}},{"type":"Feature","geometry":{"type":"Point","coordinates":[-72.488244,19.492952]},"properties":{"f":"hebergement","t":"hotel","n":""}},{"type":"Feature","geometry":{"type":"Point","coordinates":[-72.488956,19.492226]},"properties":{"f":"restauration","t":"bar","n":"Le Villa Bar"}},{"type":"Feature","geometry":{"type":"Point","coordinates":[-72.488447,19.490538]},"properties":{"f":"restauration","t":"restaurant","n":""}},{"type":"Feature","geometry":{"type":"Point","coordinates":[-72.376386,19.513602]},"properties":{"f":"hebergement","t":"guest_house","n":"Casa Bambou"}},{"type":"Feature","geometry":{"type":"Point","coordinates":[-72.3766,19.513514]},"properties":{"f":"restauration","t":"restaurant","n":""}},{"type":"Feature","geometry":{"type":"Point","coordinates":[-72.600092,19.528505]},"properties":{"f":"sites","t":"viewpoint","n":""}},{"type":"Feature","geometry":{"type":"Point","coordinates":[-72.553687,19.518889]},"properties":{"f":"hebergement","t":"hotel","n":"Bacart Hôtel"}},{"type":"Feature","geometry":{"type":"Point","coordinates":[-72.637191,19.500676]},"properties":{"f":"restauration","t":"bar","n":"Bar Dieu est Grand"}},{"type":"Feature","geometry":{"type":"Point","coordinates":[-72.637827,19.500079]},"properties":{"f":"restauration","t":"restaurant","n":""}},{"type":"Feature","geometry":{"type":"Point","coordinates":[-72.63817,19.499736]},"properties":{"f":"restauration","t":"restaurant","n":""}},{"type":"Feature","geometry":{"type":"Point","coordinates":[-72.638141,19.499802]},"properties":{"f":"restauration","t":"restaurant","n":""}},{"type":"Feature","geometry":{"type":"Point","coordinates":[-72.638043,19.499877]},"properties":{"f":"restauration","t":"restaurant","n":""}},{"type":"Feature","geometry":{"type":"Point","coordinates":[-72.638854,19.49918]},"properties":{"f":"restauration","t":"bar","n":"le retour de jacques"}},{"type":"Feature","geometry":{"type":"Point","coordinates":[-72.638438,19.497985]},"properties":{"f":"restauration","t":"bar","n":""}},{"type":"Feature","geometry":{"type":"Point","coordinates":[-72.642823,19.495424]},"properties":{"f":"sites","t":"attraction","n":"Dolan"}},{"type":"Feature","geometry":{"type":"Point","coordinates":[-72.668187,19.473524]},"properties":{"f":"restauration","t":"bar","n":"union des freres bar"}},{"type":"Feature","geometry":{"type":"Point","coordinates":[-72.667276,19.474021]},"properties":{"f":"restauration","t":"bar","n":"Nanoune Bar"}},{"type":"Feature","geometry":{"type":"Point","coordinates":[-72.667368,19.473964]},"properties":{"f":"restauration","t":"restaurant","n":"Psaumes 23 Restaurant"}},{"type":"Feature","geometry":{"type":"Point","coordinates":[-72.668395,19.473651]},"properties":{"f":"hebergement","t":"hotel","n":"Hotel Union des Freres"}},{"type":"Feature","geometry":{"type":"Point","coordinates":[-72.668448,19.472885]},"properties":{"f":"hebergement","t":"hotel","n":"Union des frères Hotel"}},{"type":"Feature","geometry":{"type":"Point","coordinates":[-72.668222,19.470716]},"properties":{"f":"restauration","t":"bar","n":"Eben-ezer épicerie Bar"}},{"type":"Feature","geometry":{"type":"Point","coordinates":[-72.669528,19.466146]},"properties":{"f":"hebergement","t":"hotel","n":"Charleston"}},{"type":"Feature","geometry":{"type":"Point","coordinates":[-72.676797,19.457407]},"properties":{"f":"restauration","t":"bar","n":"Tololo Bar"}},{"type":"Feature","geometry":{"type":"Point","coordinates":[-72.678271,19.456292]},"properties":{"f":"restauration","t":"bar","n":"Dignite bar"}},{"type":"Feature","geometry":{"type":"Point","coordinates":[-72.681149,19.454072]},"properties":{"f":"restauration","t":"bar","n":"Bouline bar"}},{"type":"Feature","geometry":{"type":"Point","coordinates":[-72.678894,19.455845]},"properties":{"f":"restauration","t":"bar","n":"Vanite bar"}},{"type":"Feature","geometry":{"type":"Point","coordinates":[-72.677992,19.456336]},"properties":{"f":"restauration","t":"nightclub","n":"complexe le domaine bar resto club"}},{"type":"Feature","geometry":{"type":"Point","coordinates":[-72.680069,19.453665]},"properties":{"f":"hebergement","t":"hotel","n":"New Star Hôtel Bar Restaurant"}},{"type":"Feature","geometry":{"type":"Point","coordinates":[-72.675896,19.449106]},"properties":{"f":"restauration","t":"restaurant","n":""}},{"type":"Feature","geometry":{"type":"Point","coordinates":[-72.675548,19.448421]},"properties":{"f":"restauration","t":"bar","n":"ti jan bar resto"}},{"type":"Feature","geometry":{"type":"Point","coordinates":[-72.675634,19.448061]},"properties":{"f":"restauration","t":"bar","n":"mini bar meme amour"}},{"type":"Feature","geometry":{"type":"Point","coordinates":[-72.674203,19.448895]},"properties":{"f":"restauration","t":"biergarten","n":"boulangerie"}},{"type":"Feature","geometry":{"type":"Point","coordinates":[-72.676383,19.447706]},"properties":{"f":"restauration","t":"bar","n":"bon berger bar resto"}},{"type":"Feature","geometry":{"type":"Point","coordinates":[-72.674923,19.443204]},"properties":{"f":"restauration","t":"restaurant","n":""}},{"type":"Feature","geometry":{"type":"Point","coordinates":[-72.67642,19.442343]},"properties":{"f":"restauration","t":"restaurant","n":"commercial bar restaurant"}},{"type":"Feature","geometry":{"type":"Point","coordinates":[-72.676109,19.442436]},"properties":{"f":"restauration","t":"bar","n":"mache lakay bar"}},{"type":"Feature","geometry":{"type":"Point","coordinates":[-72.673986,19.445087]},"properties":{"f":"hebergement","t":"hotel","n":"Deluxe hotel bar resto"}},{"type":"Feature","geometry":{"type":"Point","coordinates":[-72.678064,19.442944]},"properties":{"f":"restauration","t":"restaurant","n":"Dscipline bar resto"}},{"type":"Feature","geometry":{"type":"Point","coordinates":[-72.677314,19.442756]},"properties":{"f":"restauration","t":"restaurant","n":"le roseau resto"}},{"type":"Feature","geometry":{"type":"Point","coordinates":[-72.676981,19.442463]},"properties":{"f":"restauration","t":"bar","n":""}},{"type":"Feature","geometry":{"type":"Point","coordinates":[-72.677888,19.442925]},"properties":{"f":"restauration","t":"bar","n":"merci jesus bar"}},{"type":"Feature","geometry":{"type":"Point","coordinates":[-72.677837,19.442877]},"properties":{"f":"culture","t":"cinema","n":"Radio Tele Star"}},{"type":"Feature","geometry":{"type":"Point","coordinates":[-72.678034,19.442822]},"properties":{"f":"restauration","t":"restaurant","n":"Reataurant"}},{"type":"Feature","geometry":{"type":"Point","coordinates":[-72.67922,19.443362]},"properties":{"f":"restauration","t":"restaurant","n":"D & D bar resto"}},{"type":"Feature","geometry":{"type":"Point","coordinates":[-72.679085,19.443347]},"properties":{"f":"restauration","t":"restaurant","n":""}},{"type":"Feature","geometry":{"type":"Point","coordinates":[-72.679139,19.4436]},"properties":{"f":"restauration","t":"bar","n":"matanatha bar"}},{"type":"Feature","geometry":{"type":"Point","coordinates":[-72.679821,19.443289]},"properties":{"f":"restauration","t":"bar","n":""}},{"type":"Feature","geometry":{"type":"Point","coordinates":[-72.679546,19.443433]},"properties":{"f":"restauration","t":"bar","n":"La sueur de mon front bar"}},{"type":"Feature","geometry":{"type":"Point","coordinates":[-72.682245,19.444077]},"properties":{"f":"restauration","t":"restaurant","n":"k-fou 4 bar resto"}},{"type":"Feature","geometry":{"type":"Point","coordinates":[-72.68207,19.444051]},"properties":{"f":"restauration","t":"bar","n":"Ideal bar resto"}},{"type":"Feature","geometry":{"type":"Point","coordinates":[-72.680737,19.445445]},"properties":{"f":"restauration","t":"bar","n":"dol's bar resto"}},{"type":"Feature","geometry":{"type":"Point","coordinates":[-72.681046,19.445355]},"properties":{"f":"restauration","t":"bar","n":"omar's bar"}},{"type":"Feature","geometry":{"type":"Point","coordinates":[-72.679901,19.446423]},"properties":{"f":"restauration","t":"bar","n":"in god we trust"}},{"type":"Feature","geometry":{"type":"Point","coordinates":[-72.677674,19.447147]},"properties":{"f":"hebergement","t":"hotel","n":"immaculee hotel"}},{"type":"Feature","geometry":{"type":"Point","coordinates":[-72.678105,19.446993]},"properties":{"f":"restauration","t":"bar","n":"christ vivant bar resto"}},{"type":"Feature","geometry":{"type":"Point","coordinates":[-72.679502,19.449052]},"properties":{"f":"restauration","t":"bar","n":"no limit bar resto"}},{"type":"Feature","geometry":{"type":"Point","coordinates":[-72.680045,19.448757]},"properties":{"f":"restauration","t":"restaurant","n":"mama"}},{"type":"Feature","geometry":{"type":"Point","coordinates":[-72.686578,19.44965]},"properties":{"f":"restauration","t":"restaurant","n":"plaza lissa restautant"}},{"type":"Feature","geometry":{"type":"Point","coordinates":[-72.687309,19.449105]},"properties":{"f":"restauration","t":"bar","n":"bereca bar"}},{"type":"Feature","geometry":{"type":"Point","coordinates":[-72.687206,19.449029]},"properties":{"f":"restauration","t":"bar","n":"Parvis bar"}},{"type":"Feature","geometry":{"type":"Point","coordinates":[-72.683086,19.44408]},"properties":{"f":"information","t":"information","n":""}},{"type":"Feature","geometry":{"type":"Point","coordinates":[-72.687558,19.442531]},"properties":{"f":"restauration","t":"bar","n":""}},{"type":"Feature","geometry":{"type":"Point","coordinates":[-72.686338,19.445411]},"properties":{"f":"restauration","t":"bar","n":"Christ capable bar"}},{"type":"Feature","geometry":{"type":"Point","coordinates":[-72.688437,19.445529]},"properties":{"f":"restauration","t":"bar","n":""}},{"type":"Feature","geometry":{"type":"Point","coordinates":[-72.689425,19.445918]},"properties":{"f":"sites","t":"viewpoint","n":"Rond point"}},{"type":"Feature","geometry":{"type":"Point","coordinates":[-72.690254,19.446105]},"properties":{"f":"sites","t":"museum","n":""}},{"type":"Feature","geometry":{"type":"Point","coordinates":[-72.690307,19.445575]},"properties":{"f":"sites","t":"museum","n":""}},{"type":"Feature","geometry":{"type":"Point","coordinates":[-72.690182,19.445095]},"properties":{"f":"restauration","t":"restaurant","n":"joli le snack de la place"}},{"type":"Feature","geometry":{"type":"Point","coordinates":[-72.689071,19.44275]},"properties":{"f":"restauration","t":"bar","n":"Miracle de Dieu"}},{"type":"Feature","geometry":{"type":"Point","coordinates":[-72.69034,19.443745]},"properties":{"f":"restauration","t":"restaurant","n":"tchek-tchek bar resto"}},{"type":"Feature","geometry":{"type":"Point","coordinates":[-72.691232,19.443917]},"properties":{"f":"restauration","t":"bar","n":"milot bar"}},{"type":"Feature","geometry":{"type":"Point","coordinates":[-72.691728,19.443923]},"properties":{"f":"restauration","t":"bar","n":"coins des amis bar"}},{"type":"Feature","geometry":{"type":"Point","coordinates":[-72.692304,19.442613]},"properties":{"f":"restauration","t":"bar","n":"papline bar"}},{"type":"Feature","geometry":{"type":"Point","coordinates":[-72.693435,19.442598]},"properties":{"f":"restauration","t":"bar","n":"disip and gadjymix bar"}},{"type":"Feature","geometry":{"type":"Point","coordinates":[-72.693316,19.442718]},"properties":{"f":"restauration","t":"bar","n":"l'eternel est grand bar resto"}},{"type":"Feature","geometry":{"type":"Point","coordinates":[-72.69123,19.445162]},"properties":{"f":"restauration","t":"bar","n":"toi let moi bar resto"}},{"type":"Feature","geometry":{"type":"Point","coordinates":[-72.691258,19.445166]},"properties":{"f":"restauration","t":"bar","n":"perfect bar resto"}},{"type":"Feature","geometry":{"type":"Point","coordinates":[-72.692405,19.446977]},"properties":{"f":"restauration","t":"bar","n":"Petit Rendez-Vous Snack Bar"}},{"type":"Feature","geometry":{"type":"Point","coordinates":[-72.691133,19.447614]},"properties":{"f":"restauration","t":"restaurant","n":"La Pause bar resto"}},{"type":"Feature","geometry":{"type":"Point","coordinates":[-72.689227,19.446291]},"properties":{"f":"restauration","t":"bar","n":"Bar de l'air"}},{"type":"Feature","geometry":{"type":"Point","coordinates":[-72.689588,19.447414]},"properties":{"f":"restauration","t":"bar","n":"voici turene bar"}},{"type":"Feature","geometry":{"type":"Point","coordinates":[-72.689722,19.447441]},"properties":{"f":"restauration","t":"restaurant","n":"Chez Laura Resto"}},{"type":"Feature","geometry":{"type":"Point","coordinates":[-72.690456,19.447069]},"properties":{"f":"restauration","t":"restaurant","n":"Référence 2000"}},{"type":"Feature","geometry":{"type":"Point","coordinates":[-72.690224,19.447731]},"properties":{"f":"restauration","t":"restaurant","n":"Madame Madsen resto"}},{"type":"Feature","geometry":{"type":"Point","coordinates":[-72.689817,19.452908]},"properties":{"f":"restauration","t":"restaurant","n":"Lucienne Bar"}},{"type":"Feature","geometry":{"type":"Point","coordinates":[-72.6893,19.453788]},"properties":{"f":"restauration","t":"restaurant","n":""}},{"type":"Feature","geometry":{"type":"Point","coordinates":[-72.689603,19.453407]},"properties":{"f":"restauration","t":"restaurant","n":"Omega Resto"}},{"type":"Feature","geometry":{"type":"Point","coordinates":[-72.689162,19.453696]},"properties":{"f":"restauration","t":"bar","n":"ti jardin bar"}},{"type":"Feature","geometry":{"type":"Point","coordinates":[-72.688813,19.453845]},"properties":{"f":"restauration","t":"bar","n":""}},{"type":"Feature","geometry":{"type":"Point","coordinates":[-72.689207,19.452608]},"properties":{"f":"restauration","t":"restaurant","n":""}},{"type":"Feature","geometry":{"type":"Point","coordinates":[-72.689981,19.451464]},"properties":{"f":"restauration","t":"restaurant","n":"Restaurant le lambi"}},{"type":"Feature","geometry":{"type":"Point","coordinates":[-72.69,19.45103]},"properties":{"f":"restauration","t":"bar","n":"Bar esperancia"}},{"type":"Feature","geometry":{"type":"Point","coordinates":[-72.685133,19.450001]},"properties":{"f":"hebergement","t":"hotel","n":"amiral kilik"}},{"type":"Feature","geometry":{"type":"Point","coordinates":[-72.684711,19.45085]},"properties":{"f":"restauration","t":"bar","n":"La sainte famille depot et snack bar"}},{"type":"Feature","geometry":{"type":"Point","coordinates":[-72.683943,19.451771]},"properties":{"f":"restauration","t":"bar","n":"Nelo bar"}},{"type":"Feature","geometry":{"type":"Point","coordinates":[-72.684138,19.451439]},"properties":{"f":"restauration","t":"restaurant","n":"renouveau matou restaurant"}},{"type":"Feature","geometry":{"type":"Point","coordinates":[-72.684053,19.452612]},"properties":{"f":"information","t":"information","n":"Carte de la Ville des Gonaïves"}},{"type":"Feature","geometry":{"type":"Point","coordinates":[-72.683156,19.452261]},"properties":{"f":"restauration","t":"restaurant","n":""}},{"type":"Feature","geometry":{"type":"Point","coordinates":[-72.683128,19.452227]},"properties":{"f":"restauration","t":"restaurant","n":"Djeko positif bar resto"}},{"type":"Feature","geometry":{"type":"Point","coordinates":[-72.682637,19.452663]},"properties":{"f":"restauration","t":"restaurant","n":"my jea"}},{"type":"Feature","geometry":{"type":"Point","coordinates":[-72.682434,19.45295]},"properties":{"f":"restauration","t":"bar","n":"Amisio bar resto"}},{"type":"Feature","geometry":{"type":"Point","coordinates":[-72.682513,19.452888]},"properties":{"f":"restauration","t":"bar","n":"La difference bar"}},{"type":"Feature","geometry":{"type":"Point","coordinates":[-72.687339,19.45433]},"properties":{"f":"restauration","t":"restaurant","n":""}},{"type":"Feature","geometry":{"type":"Point","coordinates":[-72.689992,19.45737]},"properties":{"f":"restauration","t":"restaurant","n":""}},{"type":"Feature","geometry":{"type":"Point","coordinates":[-72.689482,19.454705]},"properties":{"f":"restauration","t":"bar","n":""}},{"type":"Feature","geometry":{"type":"Point","coordinates":[-72.689669,19.454433]},"properties":{"f":"restauration","t":"restaurant","n":"J and C Bar"}},{"type":"Feature","geometry":{"type":"Point","coordinates":[-72.68973,19.455059]},"properties":{"f":"restauration","t":"bar","n":""}},{"type":"Feature","geometry":{"type":"Point","coordinates":[-72.690228,19.459667]},"properties":{"f":"hebergement","t":"hotel","n":"Hotel de Ksoley"}},{"type":"Feature","geometry":{"type":"Point","coordinates":[-72.690729,19.461658]},"properties":{"f":"restauration","t":"restaurant","n":""}},{"type":"Feature","geometry":{"type":"Point","coordinates":[-72.691842,19.461144]},"properties":{"f":"restauration","t":"restaurant","n":"madame joel resto"}},{"type":"Feature","geometry":{"type":"Point","coordinates":[-72.692825,19.461321]},"properties":{"f":"restauration","t":"bar","n":"yahve sabaoth"}},{"type":"Feature","geometry":{"type":"Point","coordinates":[-72.692458,19.461391]},"properties":{"f":"restauration","t":"restaurant","n":"lilliane resto"}},{"type":"Feature","geometry":{"type":"Point","coordinates":[-72.693201,19.464372]},"properties":{"f":"restauration","t":"bar","n":""}},{"type":"Feature","geometry":{"type":"Point","coordinates":[-72.693188,19.46433]},"properties":{"f":"restauration","t":"bar","n":"Polotina Bazar"}},{"type":"Feature","geometry":{"type":"Point","coordinates":[-72.675609,19.459579]},"properties":{"f":"restauration","t":"bar","n":"le palace bar resto"}},{"type":"Feature","geometry":{"type":"Point","coordinates":[-72.675262,19.460781]},"properties":{"f":"hebergement","t":"hotel","n":"Romy family hotel bar resto"}},{"type":"Feature","geometry":{"type":"Point","coordinates":[-72.676196,19.462184]},"properties":{"f":"hebergement","t":"hotel","n":"Family Hotel"}},{"type":"Feature","geometry":{"type":"Point","coordinates":[-72.675709,19.462964]},"properties":{"f":"restauration","t":"bar","n":"base normale bar"}},{"type":"Feature","geometry":{"type":"Point","coordinates":[-72.675278,19.463928]},"properties":{"f":"hebergement","t":"hotel","n":"Heberson paradis hotel"}},{"type":"Feature","geometry":{"type":"Point","coordinates":[-72.675147,19.463974]},"properties":{"f":"hebergement","t":"hotel","n":"Heberson paradis hotel"}},{"type":"Feature","geometry":{"type":"Point","coordinates":[-72.675041,19.464249]},"properties":{"f":"hebergement","t":"hotel","n":"Heberson paradis hotel"}},{"type":"Feature","geometry":{"type":"Point","coordinates":[-72.675114,19.464136]},"properties":{"f":"hebergement","t":"hotel","n":"Heberson paradis hotel"}},{"type":"Feature","geometry":{"type":"Point","coordinates":[-72.675033,19.464108]},"properties":{"f":"hebergement","t":"hotel","n":"Heberson paradis hotel"}},{"type":"Feature","geometry":{"type":"Point","coordinates":[-72.675547,19.464232]},"properties":{"f":"hebergement","t":"hotel","n":"Heberson paradis hotel"}},{"type":"Feature","geometry":{"type":"Point","coordinates":[-72.675179,19.464173]},"properties":{"f":"hebergement","t":"hotel","n":"Heberson paradis hotel"}},{"type":"Feature","geometry":{"type":"Point","coordinates":[-72.675283,19.464146]},"properties":{"f":"hebergement","t":"hotel","n":"Heberson paradis hotel"}},{"type":"Feature","geometry":{"type":"Point","coordinates":[-72.675145,19.464287]},"properties":{"f":"hebergement","t":"hotel","n":"Heberson paradis hotel"}},{"type":"Feature","geometry":{"type":"Point","coordinates":[-72.675344,19.464283]},"properties":{"f":"hebergement","t":"hotel","n":"Heberson paradis hotel"}},{"type":"Feature","geometry":{"type":"Point","coordinates":[-72.675178,19.46434]},"properties":{"f":"hebergement","t":"hotel","n":"Heberson paradis hotel"}},{"type":"Feature","geometry":{"type":"Point","coordinates":[-72.677372,19.46554]},"properties":{"f":"restauration","t":"nightclub","n":"Flash Disco"}},{"type":"Feature","geometry":{"type":"Point","coordinates":[-72.674734,19.467693]},"properties":{"f":"restauration","t":"bar","n":"complexe original bar"}},{"type":"Feature","geometry":{"type":"Point","coordinates":[-72.674235,19.468117]},"properties":{"f":"restauration","t":"bar","n":"coin des amis bar"}},{"type":"Feature","geometry":{"type":"Point","coordinates":[-72.671193,19.467417]},"properties":{"f":"restauration","t":"bar","n":"Tatou Bazar"}},{"type":"Feature","geometry":{"type":"Point","coordinates":[-72.671602,19.468217]},"properties":{"f":"hebergement","t":"hotel","n":"Hotel"}},{"type":"Feature","geometry":{"type":"Point","coordinates":[-72.672007,19.469933]},"properties":{"f":"restauration","t":"bar","n":"Distraction Bar"}},{"type":"Feature","geometry":{"type":"Point","coordinates":[-72.672762,19.469476]},"properties":{"f":"restauration","t":"bar","n":"Bebette bar"}},{"type":"Feature","geometry":{"type":"Point","coordinates":[-72.673179,19.469279]},"properties":{"f":"restauration","t":"restaurant","n":"Celeste bar resto"}},{"type":"Feature","geometry":{"type":"Point","coordinates":[-72.668695,19.480737]},"properties":{"f":"restauration","t":"bar","n":""}},{"type":"Feature","geometry":{"type":"Point","coordinates":[-72.661163,19.478882]},"properties":{"f":"hebergement","t":"hotel","n":"Yaweh Village Hotel"}},{"type":"Feature","geometry":{"type":"Point","coordinates":[-72.655097,19.484907]},"properties":{"f":"restauration","t":"restaurant","n":""}},{"type":"Feature","geometry":{"type":"Point","coordinates":[-72.655079,19.484812]},"properties":{"f":"hebergement","t":"hotel","n":"hotel mon joli"}},{"type":"Feature","geometry":{"type":"Point","coordinates":[-72.655671,19.484252]},"properties":{"f":"restauration","t":"restaurant","n":""}},{"type":"Feature","geometry":{"type":"Point","coordinates":[-72.656631,19.483166]},"properties":{"f":"hebergement","t":"hotel","n":"L'Eternel est mon Secours Hotel"}},{"type":"Feature","geometry":{"type":"Point","coordinates":[-72.654141,19.485495]},"properties":{"f":"restauration","t":"bar","n":""}},{"type":"Feature","geometry":{"type":"Point","coordinates":[-72.653619,19.485881]},"properties":{"f":"restauration","t":"bar","n":""}},{"type":"Feature","geometry":{"type":"Point","coordinates":[-72.650785,19.488166]},"properties":{"f":"restauration","t":"bar","n":""}},{"type":"Feature","geometry":{"type":"Point","coordinates":[-72.617396,19.51991]},"properties":{"f":"restauration","t":"restaurant","n":"chez Marie Claude resto"}},{"type":"Feature","geometry":{"type":"Point","coordinates":[-72.702941,19.468924]},"properties":{"f":"restauration","t":"bar","n":""}},{"type":"Feature","geometry":{"type":"Point","coordinates":[-72.697247,19.468452]},"properties":{"f":"restauration","t":"restaurant","n":"Chez la difference"}},{"type":"Feature","geometry":{"type":"Point","coordinates":[-72.693955,19.461689]},"properties":{"f":"restauration","t":"bar","n":"trois genis bar resto"}},{"type":"Feature","geometry":{"type":"Point","coordinates":[-72.693698,19.461572]},"properties":{"f":"restauration","t":"restaurant","n":""}},{"type":"Feature","geometry":{"type":"Point","coordinates":[-72.693722,19.461517]},"properties":{"f":"restauration","t":"restaurant","n":""}},{"type":"Feature","geometry":{"type":"Point","coordinates":[-72.694282,19.461588]},"properties":{"f":"restauration","t":"restaurant","n":"chez suzette resto"}},{"type":"Feature","geometry":{"type":"Point","coordinates":[-72.695053,19.448116]},"properties":{"f":"restauration","t":"bar","n":"trinite bar resto"}},{"type":"Feature","geometry":{"type":"Point","coordinates":[-72.694549,19.448454]},"properties":{"f":"hebergement","t":"hotel","n":"Royal hotel"}},{"type":"Feature","geometry":{"type":"Point","coordinates":[-72.69476,19.448322]},"properties":{"f":"hebergement","t":"hotel","n":"Royal hotel"}},{"type":"Feature","geometry":{"type":"Point","coordinates":[-72.694734,19.448318]},"properties":{"f":"hebergement","t":"hotel","n":"Royal hotel"}},{"type":"Feature","geometry":{"type":"Point","coordinates":[-72.694712,19.448621]},"properties":{"f":"hebergement","t":"hotel","n":"Royal hotel"}},{"type":"Feature","geometry":{"type":"Point","coordinates":[-72.694377,19.44895]},"properties":{"f":"restauration","t":"bar","n":"dominicana bar resto"}},{"type":"Feature","geometry":{"type":"Point","coordinates":[-72.694594,19.448629]},"properties":{"f":"hebergement","t":"hotel","n":"Royal hotel"}},{"type":"Feature","geometry":{"type":"Point","coordinates":[-72.693843,19.446501]},"properties":{"f":"restauration","t":"bar","n":"snak bar"}},{"type":"Feature","geometry":{"type":"Point","coordinates":[-72.696298,19.448392]},"properties":{"f":"restauration","t":"bar","n":"rodny bar resto"}},{"type":"Feature","geometry":{"type":"Point","coordinates":[-72.694322,19.44425]},"properties":{"f":"restauration","t":"bar","n":"yayou bar"}},{"type":"Feature","geometry":{"type":"Point","coordinates":[-72.693474,19.444143]},"properties":{"f":"restauration","t":"bar","n":""}},{"type":"Feature","geometry":{"type":"Point","coordinates":[-72.916263,19.637245]},"properties":{"f":"sites","t":"attraction","n":"ancien cours de paul eugene magloire"}},{"type":"Feature","geometry":{"type":"Point","coordinates":[-72.916187,19.637263]},"properties":{"f":"sites","t":"attraction","n":"stage"}},{"type":"Feature","geometry":{"type":"Point","coordinates":[-72.916497,19.73586]},"properties":{"f":"information","t":"information","n":"ARC GNPD Notice board"}},{"type":"Feature","geometry":{"type":"Point","coordinates":[-72.93139,19.75032]},"properties":{"f":"information","t":"information","n":"ARC GNPD Notice board"}},{"type":"Feature","geometry":{"type":"Point","coordinates":[-72.933016,19.748876]},"properties":{"f":"hebergement","t":"alpine_hut","n":"Eglise Catholique de Caluc"}},{"type":"Feature","geometry":{"type":"Point","coordinates":[-73.010811,19.757354]},"properties":{"f":"hebergement","t":"alpine_hut","n":"EgliseBaptiste Independante"}},{"type":"Feature","geometry":{"type":"Point","coordinates":[-72.983433,19.792007]},"properties":{"f":"information","t":"information","n":"ARC GNPD Notice board"}},{"type":"Feature","geometry":{"type":"Point","coordinates":[-72.983665,19.792436]},"properties":{"f":"information","t":"information","n":"ARC GNPD Notice board"}},{"type":"Feature","geometry":{"type":"Point","coordinates":[-73.004817,19.785542]},"properties":{"f":"sites","t":"theme_park","n":"Parc de Saline Mayette"}},{"type":"Feature","geometry":{"type":"Point","coordinates":[-72.984595,19.809885]},"properties":{"f":"restauration","t":"restaurant","n":"Le combat Bar resto"}},{"type":"Feature","geometry":{"type":"Point","coordinates":[-72.98314,19.800317]},"properties":{"f":"restauration","t":"fast_food","n":"Boulangerie"}},{"type":"Feature","geometry":{"type":"Point","coordinates":[-72.983021,19.810146]},"properties":{"f":"restauration","t":"nightclub","n":"Eva Night Club"}},{"type":"Feature","geometry":{"type":"Point","coordinates":[-72.982925,19.810121]},"properties":{"f":"hebergement","t":"hotel","n":"Eva Hotel"}},{"type":"Feature","geometry":{"type":"Point","coordinates":[-72.941436,19.832311]},"properties":{"f":"restauration","t":"restaurant","n":"Evens Bar& Resto"}},{"type":"Feature","geometry":{"type":"Point","coordinates":[-72.917931,19.918816]},"properties":{"f":"sites","t":"museum","n":""}},{"type":"Feature","geometry":{"type":"Point","coordinates":[-72.799084,19.948064]},"properties":{"f":"hebergement","t":"hotel","n":"Lorina Hotel"}},{"type":"Feature","geometry":{"type":"Point","coordinates":[-72.798293,19.948412]},"properties":{"f":"restauration","t":"restaurant","n":"Breeze Marina Star Hotel Bar et Restaurant"}},{"type":"Feature","geometry":{"type":"Point","coordinates":[-72.798531,19.948772]},"properties":{"f":"hebergement","t":"hotel","n":""}},{"type":"Feature","geometry":{"type":"Point","coordinates":[-72.823814,19.939248]},"properties":{"f":"sites","t":"attraction","n":""}},{"type":"Feature","geometry":{"type":"Point","coordinates":[-72.826634,19.945498]},"properties":{"f":"hebergement","t":"hotel","n":"Rendez-Vous Hotel"}},{"type":"Feature","geometry":{"type":"Point","coordinates":[-72.82249,19.948745]},"properties":{"f":"hebergement","t":"hotel","n":"Hotel Holiday"}},{"type":"Feature","geometry":{"type":"Point","coordinates":[-72.818863,19.948523]},"properties":{"f":"restauration","t":"restaurant","n":"Veloxy Bar Restorant"}},{"type":"Feature","geometry":{"type":"Point","coordinates":[-72.832853,19.938861]},"properties":{"f":"hebergement","t":"hotel","n":"Hôtel KAF"}},{"type":"Feature","geometry":{"type":"Point","coordinates":[-72.828622,19.94152]},"properties":{"f":"hebergement","t":"hotel","n":"Hôtel Bernadette"}},{"type":"Feature","geometry":{"type":"Point","coordinates":[-74.395486,18.325999]},"properties":{"f":"hebergement","t":"hotel","n":"Auberge Navasska"}},{"type":"Feature","geometry":{"type":"Point","coordinates":[-74.452235,18.485317]},"properties":{"f":"restauration","t":"restaurant","n":"Lizares Bar Resto"}},{"type":"Feature","geometry":{"type":"Point","coordinates":[-73.957836,18.475749]},"properties":{"f":"plein_air","t":"camp_site","n":""}},{"type":"Feature","geometry":{"type":"Point","coordinates":[-73.955089,18.477356]},"properties":{"f":"hebergement","t":"hotel","n":"Hotel Makaya"}},{"type":"Feature","geometry":{"type":"Point","coordinates":[-73.957977,18.476224]},"properties":{"f":"hebergement","t":"hotel","n":"Hotel Good Night"}},{"type":"Feature","geometry":{"type":"Point","coordinates":[-73.958089,18.478821]},"properties":{"f":"hebergement","t":"hotel","n":"Hotel Sweet Love"}},{"type":"Feature","geometry":{"type":"Point","coordinates":[-73.956363,18.479038]},"properties":{"f":"hebergement","t":"hotel","n":"Hotel Mme Wilière"}},{"type":"Feature","geometry":{"type":"Point","coordinates":[-73.958075,18.480429]},"properties":{"f":"sites","t":"museum","n":"(Projet) Maison du Café"}},{"type":"Feature","geometry":{"type":"Point","coordinates":[-73.96248,18.486051]},"properties":{"f":"hebergement","t":"hotel","n":"Hotel Gerard Dorestant"}},{"type":"Feature","geometry":{"type":"Point","coordinates":[-73.923121,18.467685]},"properties":{"f":"hebergement","t":"hotel","n":"Hotel Sainte Agnès"}},{"type":"Feature","geometry":{"type":"Point","coordinates":[-73.778279,18.345176]},"properties":{"f":"restauration","t":"cafe","n":"Yacky Rood Multi Services"}},{"type":"Feature","geometry":{"type":"Point","coordinates":[-73.849335,18.369389]},"properties":{"f":"sites","t":"attraction","n":"Saut-Mathurine"}},{"type":"Feature","geometry":{"type":"Point","coordinates":[-73.848706,18.369128]},"properties":{"f":"hebergement","t":"hotel","n":"Mathurine"}},{"type":"Feature","geometry":{"type":"Point","coordinates":[-73.847823,18.368887]},"properties":{"f":"information","t":"information","n":"Bienvenue au Site Touristique de Saut-Mathurine"}},{"type":"Feature","geometry":{"type":"Point","coordinates":[-73.86648,18.358279]},"properties":{"f":"culture","t":"arts_centre","n":"Centre Culturel de Marceline"}},{"type":"Feature","geometry":{"type":"Point","coordinates":[-73.858889,18.327577]},"properties":{"f":"restauration","t":"restaurant","n":"Kanp'Inn Hotel Bar Resto"}},{"type":"Feature","geometry":{"type":"Point","coordinates":[-73.866519,18.326282]},"properties":{"f":"restauration","t":"nightclub","n":""}},{"type":"Feature","geometry":{"type":"Point","coordinates":[-73.866515,18.326209]},"properties":{"f":"sites","t":"artwork","n":""}},{"type":"Feature","geometry":{"type":"Point","coordinates":[-73.864487,18.302514]},"properties":{"f":"sites","t":"gallery","n":"Galerie Art Nègre"}},{"type":"Feature","geometry":{"type":"Point","coordinates":[-73.864461,18.302645]},"properties":{"f":"sites","t":"gallery","n":""}},{"type":"Feature","geometry":{"type":"Point","coordinates":[-73.849309,18.292844]},"properties":{"f":"hebergement","t":"hotel","n":"Le Recul"}},{"type":"Feature","geometry":{"type":"Point","coordinates":[-73.852043,18.328245]},"properties":{"f":"hebergement","t":"hotel","n":"Family Villa"}},{"type":"Feature","geometry":{"type":"Point","coordinates":[-73.776527,18.344815]},"properties":{"f":"restauration","t":"cafe","n":"La Unique Super Net"}},{"type":"Feature","geometry":{"type":"Point","coordinates":[-73.776058,18.343761]},"properties":{"f":"restauration","t":"restaurant","n":"Ginoc Bar Resto"}},{"type":"Feature","geometry":{"type":"Point","coordinates":[-73.775996,18.344289]},"properties":{"f":"restauration","t":"restaurant","n":""}},{"type":"Feature","geometry":{"type":"Point","coordinates":[-73.775863,18.344962]},"properties":{"f":"hebergement","t":"guest_house","n":"Christ Avan Guest House"}},{"type":"Feature","geometry":{"type":"Point","coordinates":[-73.791915,18.221118]},"properties":{"f":"restauration","t":"restaurant","n":"Fatima"}},{"type":"Feature","geometry":{"type":"Point","coordinates":[-73.773109,18.240363]},"properties":{"f":"hebergement","t":"hotel","n":"la cretonne"}},{"type":"Feature","geometry":{"type":"Point","coordinates":[-73.765346,18.202362]},"properties":{"f":"restauration","t":"cafe","n":"Point D'Appel Cybercafé"}},{"type":"Feature","geometry":{"type":"Point","coordinates":[-73.765445,18.202322]},"properties":{"f":"restauration","t":"restaurant","n":"Vierge Caridad"}},{"type":"Feature","geometry":{"type":"Point","coordinates":[-72.510447,18.547179]},"properties":{"f":"hebergement","t":"hotel","n":"Venissia Bellissimo"}},{"type":"Feature","geometry":{"type":"Point","coordinates":[-72.514608,18.546456]},"properties":{"f":"restauration","t":"restaurant","n":"Pikliz"}},{"type":"Feature","geometry":{"type":"Point","coordinates":[-72.497875,18.544705]},"properties":{"f":"restauration","t":"restaurant","n":"Soleil Antillais"}},{"type":"Feature","geometry":{"type":"Point","coordinates":[-72.482748,18.539909]},"properties":{"f":"hebergement","t":"hotel","n":"Hotel Chateau Bellevue"}},{"type":"Feature","geometry":{"type":"Point","coordinates":[-72.450451,18.544486]},"properties":{"f":"hebergement","t":"hotel","n":"gwo mama"}},{"type":"Feature","geometry":{"type":"Point","coordinates":[-72.454567,18.544386]},"properties":{"f":"hebergement","t":"hotel","n":""}},{"type":"Feature","geometry":{"type":"Point","coordinates":[-72.46497,18.546742]},"properties":{"f":"restauration","t":"restaurant","n":"Ajoupas Beach Club"}},{"type":"Feature","geometry":{"type":"Point","coordinates":[-72.436955,18.541979]},"properties":{"f":"restauration","t":"fast_food","n":"Wif"}},{"type":"Feature","geometry":{"type":"Point","coordinates":[-72.414554,18.548906]},"properties":{"f":"hebergement","t":"hotel","n":"La belle junette hotel"}},{"type":"Feature","geometry":{"type":"Point","coordinates":[-72.409687,18.551768]},"properties":{"f":"sites","t":"attraction","n":"Parc de Lamentin"}},{"type":"Feature","geometry":{"type":"Point","coordinates":[-72.405559,18.55108]},"properties":{"f":"hebergement","t":"hotel","n":"Veve Hotel"}},{"type":"Feature","geometry":{"type":"Point","coordinates":[-72.396229,18.54468]},"properties":{"f":"hebergement","t":"motel","n":"La Familia"}},{"type":"Feature","geometry":{"type":"Point","coordinates":[-72.394135,18.538982]},"properties":{"f":"restauration","t":"bar","n":""}},{"type":"Feature","geometry":{"type":"Point","coordinates":[-72.394062,18.539121]},"properties":{"f":"sites","t":"attraction","n":"kay yèyène"}},{"type":"Feature","geometry":{"type":"Point","coordinates":[-72.393984,18.539436]},"properties":{"f":"restauration","t":"bar","n":"Grace"}},{"type":"Feature","geometry":{"type":"Point","coordinates":[-72.336295,18.572221]},"properties":{"f":"restauration","t":"restaurant","n":""}},{"type":"Feature","geometry":{"type":"Point","coordinates":[-72.337324,18.561068]},"properties":{"f":"restauration","t":"restaurant","n":""}},{"type":"Feature","geometry":{"type":"Point","coordinates":[-72.337317,18.561057]},"properties":{"f":"restauration","t":"restaurant","n":""}},{"type":"Feature","geometry":{"type":"Point","coordinates":[-72.354254,18.539046]},"properties":{"f":"restauration","t":"bar","n":"Baz 5 second"}},{"type":"Feature","geometry":{"type":"Point","coordinates":[-72.352548,18.539027]},"properties":{"f":"restauration","t":"restaurant","n":""}},{"type":"Feature","geometry":{"type":"Point","coordinates":[-72.3497,18.538932]},"properties":{"f":"restauration","t":"restaurant","n":""}},{"type":"Feature","geometry":{"type":"Point","coordinates":[-72.343615,18.547698]},"properties":{"f":"hebergement","t":"hotel","n":"Nova Scotia"}},{"type":"Feature","geometry":{"type":"Point","coordinates":[-72.344446,18.548134]},"properties":{"f":"restauration","t":"restaurant","n":"Jackies Bar Resto"}},{"type":"Feature","geometry":{"type":"Point","coordinates":[-72.344784,18.549966]},"properties":{"f":"restauration","t":"pub","n":"Rhum Barbancourt"}},{"type":"Feature","geometry":{"type":"Point","coordinates":[-72.343261,18.552056]},"properties":{"f":"sites","t":"attraction","n":"Marché en Fer"}},{"type":"Feature","geometry":{"type":"Point","coordinates":[-72.340838,18.551442]},"properties":{"f":"hebergement","t":"hotel","n":"M.B.D Dorcely Hotel"}},{"type":"Feature","geometry":{"type":"Point","coordinates":[-72.340604,18.551174]},"properties":{"f":"hebergement","t":"hotel","n":"Mike hotel"}},{"type":"Feature","geometry":{"type":"Point","coordinates":[-72.340773,18.550552]},"properties":{"f":"hebergement","t":"hotel","n":"Ron 2000 Hotel"}},{"type":"Feature","geometry":{"type":"Point","coordinates":[-72.337012,18.546025]},"properties":{"f":"sites","t":"artwork","n":""}},{"type":"Feature","geometry":{"type":"Point","coordinates":[-72.337209,18.543223]},"properties":{"f":"sites","t":"museum","n":"Musée du Panteón National"}},{"type":"Feature","geometry":{"type":"Point","coordinates":[-72.346678,18.541555]},"properties":{"f":"restauration","t":"bar","n":"Jean jean"}},{"type":"Feature","geometry":{"type":"Point","coordinates":[-72.345202,18.541263]},"properties":{"f":"hebergement","t":"motel","n":"Classic motel"}},{"type":"Feature","geometry":{"type":"Point","coordinates":[-72.345064,18.541623]},"properties":{"f":"hebergement","t":"motel","n":"Lelimage Motel"}},{"type":"Feature","geometry":{"type":"Point","coordinates":[-72.344866,18.539853]},"properties":{"f":"sites","t":"museum","n":"Atelier Atis Rezistans"}},{"type":"Feature","geometry":{"type":"Point","coordinates":[-72.342083,18.538922]},"properties":{"f":"restauration","t":"restaurant","n":"rocher du Sion"}},{"type":"Feature","geometry":{"type":"Point","coordinates":[-72.34106,18.541201]},"properties":{"f":"restauration","t":"nightclub","n":"move move , tunel"}},{"type":"Feature","geometry":{"type":"Point","coordinates":[-72.340437,18.54146]},"properties":{"f":"restauration","t":"bar","n":"kay Oswald"}},{"type":"Feature","geometry":{"type":"Point","coordinates":[-72.337854,18.54093]},"properties":{"f":"sites","t":"museum","n":"Musée d’Ethnologie"}},{"type":"Feature","geometry":{"type":"Point","coordinates":[-72.336399,18.537295]},"properties":{"f":"restauration","t":"nightclub","n":"Koze Kreyol"}},{"type":"Feature","geometry":{"type":"Point","coordinates":[-72.336428,18.537125]},"properties":{"f":"restauration","t":"restaurant","n":"Arkansyel"}},{"type":"Feature","geometry":{"type":"Point","coordinates":[-72.336551,18.536445]},"properties":{"f":"restauration","t":"restaurant","n":"Mondesir Inn"}},{"type":"Feature","geometry":{"type":"Point","coordinates":[-72.337271,18.536215]},"properties":{"f":"restauration","t":"restaurant","n":"Salsa Bar-Restaurant"}},{"type":"Feature","geometry":{"type":"Point","coordinates":[-72.337094,18.534699]},"properties":{"f":"restauration","t":"nightclub","n":"Bar de l’Ère"}},{"type":"Feature","geometry":{"type":"Point","coordinates":[-72.340586,18.537401]},"properties":{"f":"restauration","t":"cafe","n":"Andy’s Net Internet"}},{"type":"Feature","geometry":{"type":"Point","coordinates":[-72.341288,18.531248]},"properties":{"f":"restauration","t":"restaurant","n":"Carole Restaurant"}},{"type":"Feature","geometry":{"type":"Point","coordinates":[-72.340456,18.531768]},"properties":{"f":"restauration","t":"fast_food","n":"Épi d'Or"}},{"type":"Feature","geometry":{"type":"Point","coordinates":[-72.340122,18.533761]},"properties":{"f":"restauration","t":"restaurant","n":"Cinq Coins"}},{"type":"Feature","geometry":{"type":"Point","coordinates":[-72.339871,18.533796]},"properties":{"f":"restauration","t":"restaurant","n":"5 Coins"}},{"type":"Feature","geometry":{"type":"Point","coordinates":[-72.339895,18.53377]},"properties":{"f":"restauration","t":"restaurant","n":""}},{"type":"Feature","geometry":{"type":"Point","coordinates":[-72.339066,18.534412]},"properties":{"f":"restauration","t":"restaurant","n":"La manne restaurant"}},{"type":"Feature","geometry":{"type":"Point","coordinates":[-72.337167,18.534437]},"properties":{"f":"restauration","t":"restaurant","n":"Floye Resto"}},{"type":"Feature","geometry":{"type":"Point","coordinates":[-72.33624,18.532743]},"properties":{"f":"sites","t":"artwork","n":"Centre d'Art"}},{"type":"Feature","geometry":{"type":"Point","coordinates":[-72.338963,18.531609]},"properties":{"f":"restauration","t":"pub","n":""}},{"type":"Feature","geometry":{"type":"Point","coordinates":[-72.336909,18.529252]},"properties":{"f":"information","t":"information","n":"Noctice Boards"}},{"type":"Feature","geometry":{"type":"Point","coordinates":[-72.340605,18.527296]},"properties":{"f":"restauration","t":"restaurant","n":"Chez Matant"}},{"type":"Feature","geometry":{"type":"Point","coordinates":[-72.339615,18.527025]},"properties":{"f":"restauration","t":"restaurant","n":"Keysha"}},{"type":"Feature","geometry":{"type":"Point","coordinates":[-72.339646,18.527303]},"properties":{"f":"information","t":"information","n":"Noctice Boards"}},{"type":"Feature","geometry":{"type":"Point","coordinates":[-72.337537,18.527441]},"properties":{"f":"information","t":"information","n":"Noctice Boards"}},{"type":"Feature","geometry":{"type":"Point","coordinates":[-72.338925,18.5259]},"properties":{"f":"information","t":"information","n":"Noctice Boards"}},{"type":"Feature","geometry":{"type":"Point","coordinates":[-72.33783,18.525213]},"properties":{"f":"information","t":"information","n":"Noctice Boards"}},{"type":"Feature","geometry":{"type":"Point","coordinates":[-72.33675,18.523033]},"properties":{"f":"restauration","t":"cafe","n":""}},{"type":"Feature","geometry":{"type":"Point","coordinates":[-72.340317,18.525889]},"properties":{"f":"restauration","t":"bar","n":""}},{"type":"Feature","geometry":{"type":"Point","coordinates":[-72.339015,18.526038]},"properties":{"f":"restauration","t":"restaurant","n":"Black Jesus Bar Restaurant"}},{"type":"Feature","geometry":{"type":"Point","coordinates":[-72.343198,18.523642]},"properties":{"f":"hebergement","t":"motel","n":"Entre nous"}},{"type":"Feature","geometry":{"type":"Point","coordinates":[-72.352416,18.522653]},"properties":{"f":"plein_air","t":"picnic_site","n":"Public Place"}},{"type":"Feature","geometry":{"type":"Point","coordinates":[-72.354607,18.525646]},"properties":{"f":"plein_air","t":"picnic_site","n":"G.R.E.T. Funded Public Place"}},{"type":"Feature","geometry":{"type":"Point","coordinates":[-72.353917,18.525098]},"properties":{"f":"plein_air","t":"picnic_site","n":"Public Place"}},{"type":"Feature","geometry":{"type":"Point","coordinates":[-72.355678,18.524341]},"properties":{"f":"plein_air","t":"picnic_site","n":""}},{"type":"Feature","geometry":{"type":"Point","coordinates":[-72.349389,18.535972]},"properties":{"f":"culture","t":"theatre","n":"Théatre National"}},{"type":"Feature","geometry":{"type":"Point","coordinates":[-72.361303,18.530932]},"properties":{"f":"plein_air","t":"camp_site","n":"PCT"}},{"type":"Feature","geometry":{"type":"Point","coordinates":[-72.372867,18.531507]},"properties":{"f":"hebergement","t":"hotel","n":"Hôtel Royale Haitien"}},{"type":"Feature","geometry":{"type":"Point","coordinates":[-72.373284,18.532058]},"properties":{"f":"restauration","t":"restaurant","n":"Shooters Bar and grill"}},{"type":"Feature","geometry":{"type":"Point","coordinates":[-72.372598,18.53297]},"properties":{"f":"plein_air","t":"camp_site","n":"Provável PCT"}},{"type":"Feature","geometry":{"type":"Point","coordinates":[-72.371876,18.530152]},"properties":{"f":"restauration","t":"restaurant","n":"nelg sergys=aty="}},{"type":"Feature","geometry":{"type":"Point","coordinates":[-72.376034,18.525162]},"properties":{"f":"hebergement","t":"guest_house","n":"The Family Inn Guesthouse"}},{"type":"Feature","geometry":{"type":"Point","coordinates":[-72.36189,18.526011]},"properties":{"f":"sites","t":"artwork","n":""}},{"type":"Feature","geometry":{"type":"Point","coordinates":[-72.362456,18.525767]},"properties":{"f":"sites","t":"viewpoint","n":""}},{"type":"Feature","geometry":{"type":"Point","coordinates":[-72.36237,18.525813]},"properties":{"f":"sites","t":"viewpoint","n":""}},{"type":"Feature","geometry":{"type":"Point","coordinates":[-72.374864,18.515961]},"properties":{"f":"sites","t":"attraction","n":""}},{"type":"Feature","geometry":{"type":"Point","coordinates":[-72.352346,18.521554]},"properties":{"f":"plein_air","t":"picnic_site","n":"Place Public Grand Ravine"}},{"type":"Feature","geometry":{"type":"Point","coordinates":[-72.351888,18.521635]},"properties":{"f":"plein_air","t":"picnic_site","n":"Place Public Grand Ravine"}},{"type":"Feature","geometry":{"type":"Point","coordinates":[-72.349847,18.519899]},"properties":{"f":"plein_air","t":"picnic_site","n":"Place Public Grand Ravine"}},{"type":"Feature","geometry":{"type":"Point","coordinates":[-72.343557,18.521271]},"properties":{"f":"restauration","t":"bar","n":"Sage Bar"}},{"type":"Feature","geometry":{"type":"Point","coordinates":[-72.337031,18.522484]},"properties":{"f":"restauration","t":"cafe","n":""}},{"type":"Feature","geometry":{"type":"Point","coordinates":[-72.390556,18.532144]},"properties":{"f":"hebergement","t":"hotel","n":"Auberge Du Quebec"}},{"type":"Feature","geometry":{"type":"Point","coordinates":[-72.390691,18.534101]},"properties":{"f":"restauration","t":"nightclub","n":"MOVING"}},{"type":"Feature","geometry":{"type":"Point","coordinates":[-72.38485,18.534783]},"properties":{"f":"hebergement","t":"hotel","n":"Le Respect Hôtel"}},{"type":"Feature","geometry":{"type":"Point","coordinates":[-72.38933,18.536699]},"properties":{"f":"hebergement","t":"apartment","n":"Shekinah"}},{"type":"Feature","geometry":{"type":"Point","coordinates":[-72.389577,18.538474]},"properties":{"f":"hebergement","t":"hotel","n":"Mirtha"}},{"type":"Feature","geometry":{"type":"Point","coordinates":[-72.393021,18.538239]},"properties":{"f":"restauration","t":"bar","n":"kay Nathalie"}},{"type":"Feature","geometry":{"type":"Point","coordinates":[-72.393205,18.537944]},"properties":{"f":"restauration","t":"bar","n":"la belle Erina"}},{"type":"Feature","geometry":{"type":"Point","coordinates":[-72.394407,18.538362]},"properties":{"f":"restauration","t":"bar","n":"la prudence"}},{"type":"Feature","geometry":{"type":"Point","coordinates":[-72.396457,18.537941]},"properties":{"f":"restauration","t":"cafe","n":"Eglise"}},{"type":"Feature","geometry":{"type":"Point","coordinates":[-72.395137,18.536982]},"properties":{"f":"restauration","t":"bar","n":"block 18"}},{"type":"Feature","geometry":{"type":"Point","coordinates":[-72.395422,18.536683]},"properties":{"f":"restauration","t":"nightclub","n":"Le Jardin"}},{"type":"Feature","geometry":{"type":"Point","coordinates":[-72.39741,18.534872]},"properties":{"f":"restauration","t":"bar","n":"Edonaï"}},{"type":"Feature","geometry":{"type":"Point","coordinates":[-72.396254,18.534866]},"properties":{"f":"sites","t":"attraction","n":"jwi la vi"}},{"type":"Feature","geometry":{"type":"Point","coordinates":[-72.396538,18.534768]},"properties":{"f":"restauration","t":"restaurant","n":"en plein air"}},{"type":"Feature","geometry":{"type":"Point","coordinates":[-72.396123,18.535578]},"properties":{"f":"restauration","t":"nightclub","n":"jwi la vi"}},{"type":"Feature","geometry":{"type":"Point","coordinates":[-72.395645,18.530853]},"properties":{"f":"restauration","t":"nightclub","n":"Simalo Club"}},{"type":"Feature","geometry":{"type":"Point","coordinates":[-72.397139,18.534201]},"properties":{"f":"restauration","t":"bar","n":""}},{"type":"Feature","geometry":{"type":"Point","coordinates":[-72.401121,18.535365]},"properties":{"f":"restauration","t":"bar","n":"chez Ansy"}},{"type":"Feature","geometry":{"type":"Point","coordinates":[-72.398061,18.534951]},"properties":{"f":"hebergement","t":"hotel","n":"hotel 79 👍🏿"}},{"type":"Feature","geometry":{"type":"Point","coordinates":[-72.405718,18.536163]},"properties":{"f":"culture","t":"cinema","n":""}},{"type":"Feature","geometry":{"type":"Point","coordinates":[-72.409923,18.533099]},"properties":{"f":"hebergement","t":"hotel","n":"Simplicité Hôtel"}},{"type":"Feature","geometry":{"type":"Point","coordinates":[-72.672902,18.269211]},"properties":{"f":"restauration","t":"restaurant","n":"Auberge du Mont Saint Jean"}},{"type":"Feature","geometry":{"type":"Point","coordinates":[-72.581427,18.236124]},"properties":{"f":"restauration","t":"restaurant","n":"Lady didi"}},{"type":"Feature","geometry":{"type":"Point","coordinates":[-72.580117,18.236426]},"properties":{"f":"hebergement","t":"hotel","n":"Paradise"}},{"type":"Feature","geometry":{"type":"Point","coordinates":[-72.583749,18.238022]},"properties":{"f":"information","t":"information","n":"Bassin Bleu"}},{"type":"Feature","geometry":{"type":"Point","coordinates":[-72.517351,18.254755]},"properties":{"f":"restauration","t":"nightclub","n":"africa night club"}},{"type":"Feature","geometry":{"type":"Point","coordinates":[-72.519652,18.23799]},"properties":{"f":"hebergement","t":"motel","n":"Hotel Fantastic"}},{"type":"Feature","geometry":{"type":"Point","coordinates":[-72.522789,18.235809]},"properties":{"f":"restauration","t":"bar","n":"la qualite resto bar dansant"}},{"type":"Feature","geometry":{"type":"Point","coordinates":[-72.523704,18.232205]},"properties":{"f":"hebergement","t":"hotel","n":"ozanna hotel"}},{"type":"Feature","geometry":{"type":"Point","coordinates":[-72.524228,18.237434]},"properties":{"f":"restauration","t":"bar","n":""}},{"type":"Feature","geometry":{"type":"Point","coordinates":[-72.5305,18.237461]},"properties":{"f":"hebergement","t":"hotel","n":"paradis hotel"}},{"type":"Feature","geometry":{"type":"Point","coordinates":[-72.526445,18.233136]},"properties":{"f":"hebergement","t":"hotel","n":"Saint Christophe"}},{"type":"Feature","geometry":{"type":"Point","coordinates":[-72.531287,18.235328]},"properties":{"f":"restauration","t":"restaurant","n":"Belle cuisine"}},{"type":"Feature","geometry":{"type":"Point","coordinates":[-72.532381,18.235417]},"properties":{"f":"hebergement","t":"hotel","n":"marabou"}},{"type":"Feature","geometry":{"type":"Point","coordinates":[-72.533846,18.236022]},"properties":{"f":"restauration","t":"cafe","n":""}},{"type":"Feature","geometry":{"type":"Point","coordinates":[-72.533925,18.236176]},"properties":{"f":"restauration","t":"restaurant","n":""}},{"type":"Feature","geometry":{"type":"Point","coordinates":[-72.533772,18.235496]},"properties":{"f":"hebergement","t":"guest_house","n":"Pawòl Tafya"}},{"type":"Feature","geometry":{"type":"Point","coordinates":[-72.534947,18.234101]},"properties":{"f":"hebergement","t":"hotel","n":"Hotel L'Amenitie"}},{"type":"Feature","geometry":{"type":"Point","coordinates":[-72.536263,18.233125]},"properties":{"f":"culture","t":"arts_centre","n":"FOSAJ"}},{"type":"Feature","geometry":{"type":"Point","coordinates":[-72.536501,18.232965]},"properties":{"f":"hebergement","t":"hotel","n":"Colin's hotel"}},{"type":"Feature","geometry":{"type":"Point","coordinates":[-72.536855,18.233493]},"properties":{"f":"hebergement","t":"hotel","n":"Hotel Florita"}},{"type":"Feature","geometry":{"type":"Point","coordinates":[-72.537035,18.233629]},"properties":{"f":"culture","t":"arts_centre","n":""}},{"type":"Feature","geometry":{"type":"Point","coordinates":[-72.536481,18.23337]},"properties":{"f":"restauration","t":"cafe","n":""}},{"type":"Feature","geometry":{"type":"Point","coordinates":[-72.536403,18.233205]},"properties":{"f":"culture","t":"arts_centre","n":"FOSAJ"}},{"type":"Feature","geometry":{"type":"Point","coordinates":[-72.536994,18.234811]},"properties":{"f":"hebergement","t":"hotel","n":"Hotel Alexandire"}},{"type":"Feature","geometry":{"type":"Point","coordinates":[-72.534938,18.234637]},"properties":{"f":"restauration","t":"cafe","n":"DOM Snack bar"}},{"type":"Feature","geometry":{"type":"Point","coordinates":[-72.535701,18.23527]},"properties":{"f":"culture","t":"cinema","n":"Cine Pigaille"}},{"type":"Feature","geometry":{"type":"Point","coordinates":[-72.536228,18.236068]},"properties":{"f":"restauration","t":"restaurant","n":"Kathia's one love restaurant"}},{"type":"Feature","geometry":{"type":"Point","coordinates":[-72.536578,18.235637]},"properties":{"f":"hebergement","t":"hotel","n":"Hotel de La Place"}},{"type":"Feature","geometry":{"type":"Point","coordinates":[-72.537174,18.236309]},"properties":{"f":"restauration","t":"restaurant","n":"Jacmel pizzeria"}},{"type":"Feature","geometry":{"type":"Point","coordinates":[-72.53656,18.236443]},"properties":{"f":"restauration","t":"restaurant","n":"Belle Époque"}},{"type":"Feature","geometry":{"type":"Point","coordinates":[-72.535139,18.236257]},"properties":{"f":"culture","t":"arts_centre","n":"Atelier Artisanat"}},{"type":"Feature","geometry":{"type":"Point","coordinates":[-72.534735,18.236659]},"properties":{"f":"hebergement","t":"hotel","n":"La cascade Auberge\\Agence Immobilier"}},{"type":"Feature","geometry":{"type":"Point","coordinates":[-72.534337,18.236327]},"properties":{"f":"restauration","t":"restaurant","n":""}},{"type":"Feature","geometry":{"type":"Point","coordinates":[-72.534176,18.236259]},"properties":{"f":"restauration","t":"restaurant","n":""}},{"type":"Feature","geometry":{"type":"Point","coordinates":[-72.53385,18.236337]},"properties":{"f":"restauration","t":"cafe","n":""}},{"type":"Feature","geometry":{"type":"Point","coordinates":[-72.53383,18.236388]},"properties":{"f":"restauration","t":"cafe","n":""}},{"type":"Feature","geometry":{"type":"Point","coordinates":[-72.533774,18.236431]},"properties":{"f":"restauration","t":"cafe","n":""}},{"type":"Feature","geometry":{"type":"Point","coordinates":[-72.53401,18.236386]},"properties":{"f":"restauration","t":"restaurant","n":""}},{"type":"Feature","geometry":{"type":"Point","coordinates":[-72.533583,18.236307]},"properties":{"f":"restauration","t":"restaurant","n":""}},{"type":"Feature","geometry":{"type":"Point","coordinates":[-72.532956,18.236227]},"properties":{"f":"restauration","t":"restaurant","n":"Cantine Scolaire"}},{"type":"Feature","geometry":{"type":"Point","coordinates":[-72.531625,18.239477]},"properties":{"f":"hebergement","t":"hotel","n":"la detente mayard"}},{"type":"Feature","geometry":{"type":"Point","coordinates":[-72.537252,18.242686]},"properties":{"f":"hebergement","t":"hotel","n":"leviya"}},{"type":"Feature","geometry":{"type":"Point","coordinates":[-72.539959,18.240379]},"properties":{"f":"hebergement","t":"hotel","n":"auberge du portail"}},{"type":"Feature","geometry":{"type":"Point","coordinates":[-72.540076,18.240333]},"properties":{"f":"hebergement","t":"guest_house","n":"guy's guest house"}},{"type":"Feature","geometry":{"type":"Point","coordinates":[-72.539147,18.239394]},"properties":{"f":"hebergement","t":"hotel","n":""}},{"type":"Feature","geometry":{"type":"Point","coordinates":[-72.53875,18.239377]},"properties":{"f":"sites","t":"museum","n":"maison de tourisme"}},{"type":"Feature","geometry":{"type":"Point","coordinates":[-72.537896,18.238733]},"properties":{"f":"restauration","t":"restaurant","n":"Fine Bouche Bar Restaurant"}},{"type":"Feature","geometry":{"type":"Point","coordinates":[-72.537492,18.238214]},"properties":{"f":"culture","t":"arts_centre","n":"God's Power"}},{"type":"Feature","geometry":{"type":"Point","coordinates":[-72.537625,18.236666]},"properties":{"f":"restauration","t":"restaurant","n":"esther - restaurant"}},{"type":"Feature","geometry":{"type":"Point","coordinates":[-72.537507,18.236477]},"properties":{"f":"restauration","t":"restaurant","n":"ceci bon barbecue"}},{"type":"Feature","geometry":{"type":"Point","coordinates":[-72.538166,18.234575]},"properties":{"f":"hebergement","t":"hotel","n":"Auberge du Choubouloute"}},{"type":"Feature","geometry":{"type":"Point","coordinates":[-72.537992,18.234794]},"properties":{"f":"culture","t":"arts_centre","n":"Maison Du Tourisme Association du Sud-Est d'Haiti"}},{"type":"Feature","geometry":{"type":"Point","coordinates":[-72.539036,18.234809]},"properties":{"f":"restauration","t":"nightclub","n":"Suave"}},{"type":"Feature","geometry":{"type":"Point","coordinates":[-72.539668,18.235572]},"properties":{"f":"restauration","t":"restaurant","n":""}},{"type":"Feature","geometry":{"type":"Point","coordinates":[-72.539988,18.233427]},"properties":{"f":"culture","t":"arts_centre","n":"shop des artisans"}},{"type":"Feature","geometry":{"type":"Point","coordinates":[-72.540049,18.232784]},"properties":{"f":"culture","t":"arts_centre","n":"galerie d'art imagination work shop"}},{"type":"Feature","geometry":{"type":"Point","coordinates":[-72.540208,18.232516]},"properties":{"f":"restauration","t":"restaurant","n":"Chez Chantal"}},{"type":"Feature","geometry":{"type":"Point","coordinates":[-72.538805,18.232677]},"properties":{"f":"hebergement","t":"hotel","n":"Hotel de Jacamelienne"}},{"type":"Feature","geometry":{"type":"Point","coordinates":[-72.539866,18.233503]},"properties":{"f":"culture","t":"arts_centre","n":"galerie d'art fanm atizan jacmel"}},{"type":"Feature","geometry":{"type":"Point","coordinates":[-72.538777,18.233266]},"properties":{"f":"culture","t":"arts_centre","n":"shop artisanat"}},{"type":"Feature","geometry":{"type":"Point","coordinates":[-72.526789,18.223785]},"properties":{"f":"information","t":"information","n":"port de peche"}},{"type":"Feature","geometry":{"type":"Point","coordinates":[-72.527819,18.231999]},"properties":{"f":"culture","t":"arts_centre","n":"Art Creation Fondation For Children (ACFFC)"}},{"type":"Feature","geometry":{"type":"Point","coordinates":[-72.526303,18.224936]},"properties":{"f":"hebergement","t":"hotel","n":"Cap Lamandou Hotel"}},{"type":"Feature","geometry":{"type":"Point","coordinates":[-72.523717,18.23206]},"properties":{"f":"hebergement","t":"hotel","n":""}},{"type":"Feature","geometry":{"type":"Point","coordinates":[-72.519424,18.220625]},"properties":{"f":"hebergement","t":"hotel","n":"Le Village Club Hôtel"}},{"type":"Feature","geometry":{"type":"Point","coordinates":[-72.507148,18.229454]},"properties":{"f":"information","t":"information","n":""}},{"type":"Feature","geometry":{"type":"Point","coordinates":[-72.508618,18.231673]},"properties":{"f":"culture","t":"arts_centre","n":"ecole de danse folchlorique"}},{"type":"Feature","geometry":{"type":"Point","coordinates":[-72.496053,18.228248]},"properties":{"f":"restauration","t":"nightclub","n":"papiti"}},{"type":"Feature","geometry":{"type":"Point","coordinates":[-72.494709,18.231529]},"properties":{"f":"restauration","t":"restaurant","n":"le jardin restaurant"}},{"type":"Feature","geometry":{"type":"Point","coordinates":[-72.480211,18.222205]},"properties":{"f":"culture","t":"cinema","n":"Cine Services / Graduate Division"}},{"type":"Feature","geometry":{"type":"Point","coordinates":[-72.475539,18.229207]},"properties":{"f":"restauration","t":"bar","n":"freedom bar"}},{"type":"Feature","geometry":{"type":"Point","coordinates":[-72.473003,18.228785]},"properties":{"f":"restauration","t":"bar","n":"indigo bar"}},{"type":"Feature","geometry":{"type":"Point","coordinates":[-72.471424,18.228279]},"properties":{"f":"restauration","t":"nightclub","n":"bee club bar resto"}},{"type":"Feature","geometry":{"type":"Point","coordinates":[-72.471519,18.228609]},"properties":{"f":"restauration","t":"bar","n":"barbancourt bar"}},{"type":"Feature","geometry":{"type":"Point","coordinates":[-72.480976,18.230466]},"properties":{"f":"restauration","t":"bar","n":"monique bar"}},{"type":"Feature","geometry":{"type":"Point","coordinates":[-72.48459,18.231274]},"properties":{"f":"restauration","t":"nightclub","n":"paradis night club"}},{"type":"Feature","geometry":{"type":"Point","coordinates":[-72.495962,18.233267]},"properties":{"f":"restauration","t":"bar","n":"le pascal bar"}},{"type":"Feature","geometry":{"type":"Point","coordinates":[-72.497902,18.233465]},"properties":{"f":"restauration","t":"bar","n":"la peche bar"}},{"type":"Feature","geometry":{"type":"Point","coordinates":[-72.499213,18.23362]},"properties":{"f":"restauration","t":"restaurant","n":"balade bar restaurant"}},{"type":"Feature","geometry":{"type":"Point","coordinates":[-72.499206,18.233382]},"properties":{"f":"restauration","t":"restaurant","n":"ballade"}},{"type":"Feature","geometry":{"type":"Point","coordinates":[-72.500672,18.233753]},"properties":{"f":"restauration","t":"restaurant","n":"se sa net"}},{"type":"Feature","geometry":{"type":"Point","coordinates":[-72.500568,18.236349]},"properties":{"f":"hebergement","t":"hotel","n":"guevelt"}},{"type":"Feature","geometry":{"type":"Point","coordinates":[-72.500724,18.236224]},"properties":{"f":"hebergement","t":"hotel","n":"guevelt"}},{"type":"Feature","geometry":{"type":"Point","coordinates":[-72.503966,18.233879]},"properties":{"f":"hebergement","t":"hotel","n":"l'union hotel"}},{"type":"Feature","geometry":{"type":"Point","coordinates":[-72.51438,18.253411]},"properties":{"f":"restauration","t":"bar","n":""}},{"type":"Feature","geometry":{"type":"Point","coordinates":[-72.450762,18.226867]},"properties":{"f":"hebergement","t":"hotel","n":"Diodo shop and plaisir plaisir"}},{"type":"Feature","geometry":{"type":"Point","coordinates":[-72.451831,18.226828]},"properties":{"f":"restauration","t":"bar","n":"Hollywood bar"}},{"type":"Feature","geometry":{"type":"Point","coordinates":[-72.457111,18.226656]},"properties":{"f":"restauration","t":"bar","n":"Professionnel bar"}},{"type":"Feature","geometry":{"type":"Point","coordinates":[-72.468578,18.227715]},"properties":{"f":"restauration","t":"bar","n":"terrasse du jours"}},{"type":"Feature","geometry":{"type":"Point","coordinates":[-72.468887,18.228048]},"properties":{"f":"restauration","t":"bar","n":"Tecla"}},{"type":"Feature","geometry":{"type":"Point","coordinates":[-72.468961,18.22777]},"properties":{"f":"hebergement","t":"hotel","n":"Jaclef Plaza Hotel"}},{"type":"Feature","geometry":{"type":"Point","coordinates":[-72.467034,18.225082]},"properties":{"f":"hebergement","t":"hotel","n":"Hotel Cyvadier Plage"}},{"type":"Feature","geometry":{"type":"Point","coordinates":[-72.464467,18.227099]},"properties":{"f":"restauration","t":"restaurant","n":"delonix regia resto bar"}},{"type":"Feature","geometry":{"type":"Point","coordinates":[-72.461215,18.225407]},"properties":{"f":"hebergement","t":"hotel","n":"Piani Piano Hotel"}},{"type":"Feature","geometry":{"type":"Point","coordinates":[-72.462822,18.22365]},"properties":{"f":"hebergement","t":"guest_house","n":"Habitat by the Sea"}},{"type":"Feature","geometry":{"type":"Point","coordinates":[-72.462769,18.223686]},"properties":{"f":"hebergement","t":"guest_house","n":"Habitat by the Sea"}},{"type":"Feature","geometry":{"type":"Point","coordinates":[-72.454305,18.222933]},"properties":{"f":"restauration","t":"restaurant","n":"Coquillage beach"}},{"type":"Feature","geometry":{"type":"Point","coordinates":[-72.443236,18.228992]},"properties":{"f":"hebergement","t":"motel","n":""}},{"type":"Feature","geometry":{"type":"Point","coordinates":[-72.395188,18.23129]},"properties":{"f":"restauration","t":"restaurant","n":"coins des amies"}},{"type":"Feature","geometry":{"type":"Point","coordinates":[-72.401134,18.229835]},"properties":{"f":"restauration","t":"restaurant","n":"Rendez-Vous Restaurant"}},{"type":"Feature","geometry":{"type":"Point","coordinates":[-72.399404,18.229842]},"properties":{"f":"restauration","t":"bar","n":"rendez vous bar"}},{"type":"Feature","geometry":{"type":"Point","coordinates":[-72.385193,18.232858]},"properties":{"f":"culture","t":"arts_centre","n":"progressif timouyaj (atelier artisanat)"}},{"type":"Feature","geometry":{"type":"Point","coordinates":[-72.385276,18.233055]},"properties":{"f":"restauration","t":"bar","n":""}},{"type":"Feature","geometry":{"type":"Point","coordinates":[-72.381683,18.233648]},"properties":{"f":"restauration","t":"nightclub","n":"melodie club disco"}},{"type":"Feature","geometry":{"type":"Point","coordinates":[-72.353845,18.234922]},"properties":{"f":"hebergement","t":"hotel","n":""}},{"type":"Feature","geometry":{"type":"Point","coordinates":[-72.370738,18.240197]},"properties":{"f":"hebergement","t":"chalet","n":"O'kayimit"}},{"type":"Feature","geometry":{"type":"Point","coordinates":[-72.375506,18.234257]},"properties":{"f":"hebergement","t":"hotel","n":"Hotel Kabic Beach Club"}},{"type":"Feature","geometry":{"type":"Point","coordinates":[-72.380365,18.234309]},"properties":{"f":"hebergement","t":"hotel","n":"Amitié"}},{"type":"Feature","geometry":{"type":"Point","coordinates":[-72.380146,18.234452]},"properties":{"f":"hebergement","t":"hotel","n":"Hôtel L'Amitié"}},{"type":"Feature","geometry":{"type":"Point","coordinates":[-72.374487,18.234049]},"properties":{"f":"restauration","t":"bar","n":"Le Cam's"}},{"type":"Feature","geometry":{"type":"Point","coordinates":[-72.372581,18.235207]},"properties":{"f":"hebergement","t":"hotel","n":"Relax Beach"}},{"type":"Feature","geometry":{"type":"Point","coordinates":[-72.373347,18.234979]},"properties":{"f":"restauration","t":"restaurant","n":"Lolo's"}},{"type":"Feature","geometry":{"type":"Point","coordinates":[-72.369913,18.234205]},"properties":{"f":"hebergement","t":"hotel","n":"Polybriz"}},{"type":"Feature","geometry":{"type":"Point","coordinates":[-72.368019,18.233013]},"properties":{"f":"hebergement","t":"guest_house","n":"Coin perdu"}},{"type":"Feature","geometry":{"type":"Point","coordinates":[-72.364116,18.233475]},"properties":{"f":"restauration","t":"restaurant","n":"Vue sur mer"}},{"type":"Feature","geometry":{"type":"Point","coordinates":[-72.064171,18.237]},"properties":{"f":"hebergement","t":"hotel","n":"Hotel Jel"}},{"type":"Feature","geometry":{"type":"Point","coordinates":[-72.065838,18.236446]},"properties":{"f":"hebergement","t":"hotel","n":"Hotel Cocky"}},{"type":"Feature","geometry":{"type":"Point","coordinates":[-72.067798,18.236343]},"properties":{"f":"restauration","t":"bar","n":"Sport Bar"}},{"type":"Feature","geometry":{"type":"Point","coordinates":[-72.321881,18.232163]},"properties":{"f":"restauration","t":"bar","n":"gouligou bar de marigot"}},{"type":"Feature","geometry":{"type":"Point","coordinates":[-72.320965,18.23047]},"properties":{"f":"restauration","t":"nightclub","n":"ma folie night club"}},{"type":"Feature","geometry":{"type":"Point","coordinates":[-72.32636,18.23114]},"properties":{"f":"restauration","t":"nightclub","n":"caribbean palace"}},{"type":"Feature","geometry":{"type":"Point","coordinates":[-72.333805,18.23618]},"properties":{"f":"hebergement","t":"hotel","n":"La Colline Enchantée"}},{"type":"Feature","geometry":{"type":"Point","coordinates":[-72.326246,18.232496]},"properties":{"f":"restauration","t":"bar","n":"team fresh bar"}},{"type":"Feature","geometry":{"type":"Point","coordinates":[-72.324521,18.232512]},"properties":{"f":"restauration","t":"restaurant","n":"l'etoile de l'aurore adriana resto"}},{"type":"Feature","geometry":{"type":"Point","coordinates":[-72.321512,18.232329]},"properties":{"f":"restauration","t":"nightclub","n":"victorama nigth club"}},{"type":"Feature","geometry":{"type":"Point","coordinates":[-72.320257,18.23259]},"properties":{"f":"restauration","t":"bar","n":"le soleil bar-resto"}},{"type":"Feature","geometry":{"type":"Point","coordinates":[-72.315361,18.233894]},"properties":{"f":"restauration","t":"bar","n":"michou bar resto"}},{"type":"Feature","geometry":{"type":"Point","coordinates":[-72.30933,18.23245]},"properties":{"f":"restauration","t":"bar","n":"chez ti tonton"}},{"type":"Feature","geometry":{"type":"Point","coordinates":[-72.305754,18.232235]},"properties":{"f":"restauration","t":"restaurant","n":"Le Goute"}},{"type":"Feature","geometry":{"type":"Point","coordinates":[-72.304864,18.232152]},"properties":{"f":"restauration","t":"bar","n":""}},{"type":"Feature","geometry":{"type":"Point","coordinates":[-72.262219,18.322923]},"properties":{"f":"hebergement","t":"hostel","n":"Auberge La Visite"}},{"type":"Feature","geometry":{"type":"Point","coordinates":[-72.295169,18.39657]},"properties":{"f":"hebergement","t":"guest_house","n":"Kay Madan Pepe"}},{"type":"Feature","geometry":{"type":"Point","coordinates":[-72.294507,18.425168]},"properties":{"f":"restauration","t":"restaurant","n":"Resto La Kay Krist Kapab"}},{"type":"Feature","geometry":{"type":"Point","coordinates":[-72.297792,18.420539]},"properties":{"f":"hebergement","t":"hotel","n":"The Lodge"}},{"type":"Feature","geometry":{"type":"Point","coordinates":[-72.305223,18.417624]},"properties":{"f":"hebergement","t":"motel","n":"Rustik"}},{"type":"Feature","geometry":{"type":"Point","coordinates":[-72.27741,18.435085]},"properties":{"f":"restauration","t":"bar","n":""}},{"type":"Feature","geometry":{"type":"Point","coordinates":[-72.287197,18.432838]},"properties":{"f":"restauration","t":"restaurant","n":"Sesanet"}},{"type":"Feature","geometry":{"type":"Point","coordinates":[-72.281495,18.439432]},"properties":{"f":"sites","t":"viewpoint","n":""}},{"type":"Feature","geometry":{"type":"Point","coordinates":[-72.290261,18.450857]},"properties":{"f":"hebergement","t":"hotel","n":"Auberge Bellecour"}},{"type":"Feature","geometry":{"type":"Point","coordinates":[-72.288989,18.45155]},"properties":{"f":"restauration","t":"restaurant","n":"Le Florville"}},{"type":"Feature","geometry":{"type":"Point","coordinates":[-72.286832,18.450282]},"properties":{"f":"restauration","t":"restaurant","n":"Le Florville"}},{"type":"Feature","geometry":{"type":"Point","coordinates":[-72.285989,18.452895]},"properties":{"f":"restauration","t":"restaurant","n":"Le Vert d'Or"}},{"type":"Feature","geometry":{"type":"Point","coordinates":[-72.267676,18.471944]},"properties":{"f":"sites","t":"attraction","n":"Fort Alexandre"}},{"type":"Feature","geometry":{"type":"Point","coordinates":[-72.290508,18.463383]},"properties":{"f":"restauration","t":"restaurant","n":"Oberj"}},{"type":"Feature","geometry":{"type":"Point","coordinates":[-72.286518,18.46673]},"properties":{"f":"hebergement","t":"guest_house","n":""}},{"type":"Feature","geometry":{"type":"Point","coordinates":[-72.29671,18.471172]},"properties":{"f":"restauration","t":"restaurant","n":"Le 3 Decks"}},{"type":"Feature","geometry":{"type":"Point","coordinates":[-72.294532,18.467186]},"properties":{"f":"sites","t":"museum","n":""}},{"type":"Feature","geometry":{"type":"Point","coordinates":[-72.294383,18.467102]},"properties":{"f":"restauration","t":"fast_food","n":"Cafe Grill de Mission Baptiste"}},{"type":"Feature","geometry":{"type":"Point","coordinates":[-72.296517,18.468263]},"properties":{"f":"sites","t":"zoo","n":""}},{"type":"Feature","geometry":{"type":"Point","coordinates":[-72.294118,18.442984]},"properties":{"f":"restauration","t":"cafe","n":"Wynne Farm Snack Bar"}},{"type":"Feature","geometry":{"type":"Point","coordinates":[-72.293948,18.442911]},"properties":{"f":"sites","t":"attraction","n":"Winne Farm"}},{"type":"Feature","geometry":{"type":"Point","coordinates":[-72.318461,18.443036]},"properties":{"f":"hebergement","t":"guest_house","n":"Bois d'Avril Guesthouse"}},{"type":"Feature","geometry":{"type":"Point","coordinates":[-72.334386,18.449588]},"properties":{"f":"plein_air","t":"picnic_site","n":"Tom & Monica's Picnic spot"}},{"type":"Feature","geometry":{"type":"Point","coordinates":[-72.315914,18.489022]},"properties":{"f":"sites","t":"artwork","n":"Maison du peintre Savoy Exil"}},{"type":"Feature","geometry":{"type":"Point","coordinates":[-72.312355,18.494626]},"properties":{"f":"sites","t":"artwork","n":"Galerie Monnin"}},{"type":"Feature","geometry":{"type":"Point","coordinates":[-72.303232,18.498815]},"properties":{"f":"hebergement","t":"guest_house","n":""}},{"type":"Feature","geometry":{"type":"Point","coordinates":[-72.319036,18.498504]},"properties":{"f":"restauration","t":"restaurant","n":"Le Paris Saint Trophez"}},{"type":"Feature","geometry":{"type":"Point","coordinates":[-72.316247,18.492242]},"properties":{"f":"hebergement","t":"guest_house","n":"Bethel Guesthouse"}},{"type":"Feature","geometry":{"type":"Point","coordinates":[-72.319754,18.497748]},"properties":{"f":"restauration","t":"restaurant","n":"La Fontaine"}},{"type":"Feature","geometry":{"type":"Point","coordinates":[-72.316454,18.507227]},"properties":{"f":"restauration","t":"restaurant","n":""}},{"type":"Feature","geometry":{"type":"Point","coordinates":[-72.316295,18.507795]},"properties":{"f":"sites","t":"viewpoint","n":""}},{"type":"Feature","geometry":{"type":"Point","coordinates":[-72.31659,18.507709]},"properties":{"f":"restauration","t":"restaurant","n":"L'Observatoire"}},{"type":"Feature","geometry":{"type":"Point","coordinates":[-72.316435,18.507768]},"properties":{"f":"sites","t":"viewpoint","n":"PO Bouttilliers"}},{"type":"Feature","geometry":{"type":"Point","coordinates":[-72.316425,18.50775]},"properties":{"f":"restauration","t":"restaurant","n":""}},{"type":"Feature","geometry":{"type":"Point","coordinates":[-72.333743,18.525891]},"properties":{"f":"plein_air","t":"camp_site","n":"Camp Kedo"}},{"type":"Feature","geometry":{"type":"Point","coordinates":[-72.332777,18.523947]},"properties":{"f":"sites","t":"attraction","n":""}},{"type":"Feature","geometry":{"type":"Point","coordinates":[-72.327979,18.527297]},"properties":{"f":"hebergement","t":"hotel","n":"Inn At Villa Bambou"}},{"type":"Feature","geometry":{"type":"Point","coordinates":[-72.328335,18.528578]},"properties":{"f":"hebergement","t":"hotel","n":""}},{"type":"Feature","geometry":{"type":"Point","coordinates":[-72.328099,18.528769]},"properties":{"f":"hebergement","t":"hotel","n":"Hôtel Pacot Breeze"}},{"type":"Feature","geometry":{"type":"Point","coordinates":[-72.329776,18.530379]},"properties":{"f":"sites","t":"attraction","n":""}},{"type":"Feature","geometry":{"type":"Point","coordinates":[-72.330181,18.530508]},"properties":{"f":"sites","t":"attraction","n":""}},{"type":"Feature","geometry":{"type":"Point","coordinates":[-72.332102,18.529567]},"properties":{"f":"hebergement","t":"hotel","n":"Pension Esther"}},{"type":"Feature","geometry":{"type":"Point","coordinates":[-72.333361,18.529253]},"properties":{"f":"restauration","t":"restaurant","n":"Resto du Coeur"}},{"type":"Feature","geometry":{"type":"Point","coordinates":[-72.335239,18.526771]},"properties":{"f":"hebergement","t":"hotel","n":"Rollanda Hotel"}},{"type":"Feature","geometry":{"type":"Point","coordinates":[-72.333893,18.528613]},"properties":{"f":"sites","t":"attraction","n":""}},{"type":"Feature","geometry":{"type":"Point","coordinates":[-72.33405,18.529123]},"properties":{"f":"hebergement","t":"hotel","n":"Prince Hotel"}},{"type":"Feature","geometry":{"type":"Point","coordinates":[-72.334042,18.52915]},"properties":{"f":"hebergement","t":"hotel","n":"Prince Hotel"}},{"type":"Feature","geometry":{"type":"Point","coordinates":[-72.334603,18.529579]},"properties":{"f":"restauration","t":"restaurant","n":"Gingerbread Restaurant"}},{"type":"Feature","geometry":{"type":"Point","coordinates":[-72.33485,18.529623]},"properties":{"f":"sites","t":"attraction","n":"Gingerbread restaurant"}},{"type":"Feature","geometry":{"type":"Point","coordinates":[-72.335022,18.530693]},"properties":{"f":"hebergement","t":"guest_house","n":"Quartorze Bar Resto"}},{"type":"Feature","geometry":{"type":"Point","coordinates":[-72.334963,18.530869]},"properties":{"f":"hebergement","t":"guest_house","n":"Quatorze Bar Restaurant, Bed and Breakfast"}},{"type":"Feature","geometry":{"type":"Point","coordinates":[-72.335395,18.53205]},"properties":{"f":"culture","t":"arts_centre","n":"Fondasyon Konesans ak Libète (FOKAL)"}},{"type":"Feature","geometry":{"type":"Point","coordinates":[-72.333476,18.531916]},"properties":{"f":"sites","t":"attraction","n":""}},{"type":"Feature","geometry":{"type":"Point","coordinates":[-72.333502,18.530612]},"properties":{"f":"restauration","t":"bar","n":"Yanvalou"}},{"type":"Feature","geometry":{"type":"Point","coordinates":[-72.331018,18.531686]},"properties":{"f":"sites","t":"attraction","n":""}},{"type":"Feature","geometry":{"type":"Point","coordinates":[-72.333011,18.532021]},"properties":{"f":"sites","t":"attraction","n":""}},{"type":"Feature","geometry":{"type":"Point","coordinates":[-72.333137,18.53259]},"properties":{"f":"restauration","t":"restaurant","n":"Yanvalou"}},{"type":"Feature","geometry":{"type":"Point","coordinates":[-72.33289,18.53461]},"properties":{"f":"sites","t":"attraction","n":"Compagnie et École de Danse Viviane Gauthier"}},{"type":"Feature","geometry":{"type":"Point","coordinates":[-72.334586,18.533849]},"properties":{"f":"culture","t":"arts_centre","n":"Le Centre d’Art"}},{"type":"Feature","geometry":{"type":"Point","coordinates":[-72.333735,18.53273]},"properties":{"f":"sites","t":"attraction","n":""}},{"type":"Feature","geometry":{"type":"Point","coordinates":[-72.333499,18.534897]},"properties":{"f":"sites","t":"attraction","n":""}},{"type":"Feature","geometry":{"type":"Point","coordinates":[-72.334447,18.53575]},"properties":{"f":"hebergement","t":"hotel","n":"Le Marcelin Inn"}},{"type":"Feature","geometry":{"type":"Point","coordinates":[-72.333711,18.536174]},"properties":{"f":"restauration","t":"restaurant","n":"Rose Restaurant"}},{"type":"Feature","geometry":{"type":"Point","coordinates":[-72.334518,18.536301]},"properties":{"f":"restauration","t":"nightclub","n":"Alvarez"}},{"type":"Feature","geometry":{"type":"Point","coordinates":[-72.335961,18.536839]},"properties":{"f":"restauration","t":"restaurant","n":""}},{"type":"Feature","geometry":{"type":"Point","coordinates":[-72.336006,18.537093]},"properties":{"f":"sites","t":"attraction","n":""}},{"type":"Feature","geometry":{"type":"Point","coordinates":[-72.332923,18.536369]},"properties":{"f":"restauration","t":"restaurant","n":"Ré-Kréation"}},{"type":"Feature","geometry":{"type":"Point","coordinates":[-72.330154,18.535384]},"properties":{"f":"sites","t":"artwork","n":""}},{"type":"Feature","geometry":{"type":"Point","coordinates":[-72.330155,18.538357]},"properties":{"f":"restauration","t":"restaurant","n":"My Spot Bar"}},{"type":"Feature","geometry":{"type":"Point","coordinates":[-72.329162,18.536954]},"properties":{"f":"sites","t":"attraction","n":"Maison Dufort"}},{"type":"Feature","geometry":{"type":"Point","coordinates":[-72.327054,18.537182]},"properties":{"f":"restauration","t":"restaurant","n":"Poppyz"}},{"type":"Feature","geometry":{"type":"Point","coordinates":[-72.32694,18.537841]},"properties":{"f":"restauration","t":"restaurant","n":"Baya"}},{"type":"Feature","geometry":{"type":"Point","coordinates":[-72.326344,18.537439]},"properties":{"f":"restauration","t":"restaurant","n":"Tropical Bar"}},{"type":"Feature","geometry":{"type":"Point","coordinates":[-72.327179,18.53454]},"properties":{"f":"restauration","t":"bar","n":"Toast"}},{"type":"Feature","geometry":{"type":"Point","coordinates":[-72.328702,18.534458]},"properties":{"f":"restauration","t":"restaurant","n":"Piment Rouge"}},{"type":"Feature","geometry":{"type":"Point","coordinates":[-72.323338,18.532038]},"properties":{"f":"restauration","t":"restaurant","n":"Oli’s"}},{"type":"Feature","geometry":{"type":"Point","coordinates":[-72.322454,18.531571]},"properties":{"f":"restauration","t":"restaurant","n":"Tchaka"}},{"type":"Feature","geometry":{"type":"Point","coordinates":[-72.324082,18.532955]},"properties":{"f":"hebergement","t":"hotel","n":"Marriott"}},{"type":"Feature","geometry":{"type":"Point","coordinates":[-72.323939,18.533869]},"properties":{"f":"restauration","t":"restaurant","n":"Alpha Rendez-vous"}},{"type":"Feature","geometry":{"type":"Point","coordinates":[-72.325025,18.536446]},"properties":{"f":"hebergement","t":"hotel","n":"Hôtel Charly"}},{"type":"Feature","geometry":{"type":"Point","coordinates":[-72.324368,18.536752]},"properties":{"f":"culture","t":"theatre","n":"Institut Français d'Haïti (IFH)"}},{"type":"Feature","geometry":{"type":"Point","coordinates":[-72.324022,18.538643]},"properties":{"f":"restauration","t":"restaurant","n":"Rapid Car Wash"}},{"type":"Feature","geometry":{"type":"Point","coordinates":[-72.323541,18.536747]},"properties":{"f":"sites","t":"artwork","n":"Hypollite"}},{"type":"Feature","geometry":{"type":"Point","coordinates":[-72.321835,18.536727]},"properties":{"f":"restauration","t":"restaurant","n":"Lover’s Garden Inn"}},{"type":"Feature","geometry":{"type":"Point","coordinates":[-72.322213,18.538628]},"properties":{"f":"restauration","t":"pub","n":"Cool corner"}},{"type":"Feature","geometry":{"type":"Point","coordinates":[-72.321855,18.536031]},"properties":{"f":"restauration","t":"bar","n":"Le Latanier Bar"}},{"type":"Feature","geometry":{"type":"Point","coordinates":[-72.320935,18.535042]},"properties":{"f":"restauration","t":"fast_food","n":"Hamburger Local"}},{"type":"Feature","geometry":{"type":"Point","coordinates":[-72.316363,18.536883]},"properties":{"f":"hebergement","t":"hotel","n":"Villa Saint Louis"}},{"type":"Feature","geometry":{"type":"Point","coordinates":[-72.314637,18.531988]},"properties":{"f":"restauration","t":"cafe","n":""}},{"type":"Feature","geometry":{"type":"Point","coordinates":[-72.322494,18.530052]},"properties":{"f":"sites","t":"attraction","n":""}},{"type":"Feature","geometry":{"type":"Point","coordinates":[-72.32392,18.530543]},"properties":{"f":"restauration","t":"fast_food","n":"dominos Pizza"}},{"type":"Feature","geometry":{"type":"Point","coordinates":[-72.324623,18.529301]},"properties":{"f":"restauration","t":"restaurant","n":"TapTap Café"}},{"type":"Feature","geometry":{"type":"Point","coordinates":[-72.322179,18.526646]},"properties":{"f":"sites","t":"artwork","n":""}},{"type":"Feature","geometry":{"type":"Point","coordinates":[-72.322165,18.526646]},"properties":{"f":"sites","t":"artwork","n":""}},{"type":"Feature","geometry":{"type":"Point","coordinates":[-72.321957,18.526629]},"properties":{"f":"restauration","t":"restaurant","n":"Piment Rouge"}},{"type":"Feature","geometry":{"type":"Point","coordinates":[-72.321563,18.525239]},"properties":{"f":"restauration","t":"fast_food","n":"Bèl Fouchèt"}},{"type":"Feature","geometry":{"type":"Point","coordinates":[-72.307695,18.526214]},"properties":{"f":"restauration","t":"bar","n":"Iguana Café"}},{"type":"Feature","geometry":{"type":"Point","coordinates":[-72.303982,18.532864]},"properties":{"f":"hebergement","t":"apartment","n":"entrance OSCAR1"}},{"type":"Feature","geometry":{"type":"Point","coordinates":[-72.301183,18.53789]},"properties":{"f":"restauration","t":"bar","n":""}},{"type":"Feature","geometry":{"type":"Point","coordinates":[-72.293139,18.538152]},"properties":{"f":"culture","t":"arts_centre","n":"Centre kreyolololo de Communication et deConsultation musica"}},{"type":"Feature","geometry":{"type":"Point","coordinates":[-72.292425,18.529879]},"properties":{"f":"hebergement","t":"apartment","n":""}},{"type":"Feature","geometry":{"type":"Point","coordinates":[-72.294567,18.53029]},"properties":{"f":"restauration","t":"restaurant","n":"Maripose Resto"}},{"type":"Feature","geometry":{"type":"Point","coordinates":[-72.297485,18.527579]},"properties":{"f":"sites","t":"viewpoint","n":""}},{"type":"Feature","geometry":{"type":"Point","coordinates":[-72.297459,18.527465]},"properties":{"f":"restauration","t":"restaurant","n":"Acajou"}},{"type":"Feature","geometry":{"type":"Point","coordinates":[-72.2976,18.527374]},"properties":{"f":"hebergement","t":"hotel","n":"Hôtel Montana"}},{"type":"Feature","geometry":{"type":"Point","coordinates":[-72.292069,18.52228]},"properties":{"f":"hebergement","t":"hotel","n":"Hôtel Villa Créole"}},{"type":"Feature","geometry":{"type":"Point","coordinates":[-72.29294,18.519515]},"properties":{"f":"restauration","t":"restaurant","n":"Chicken Fiesta"}},{"type":"Feature","geometry":{"type":"Point","coordinates":[-72.292062,18.519266]},"properties":{"f":"hebergement","t":"hotel","n":"Ritz Kinam 2"}},{"type":"Feature","geometry":{"type":"Point","coordinates":[-72.292673,18.519259]},"properties":{"f":"restauration","t":"fast_food","n":"Potiwa Pizzeria"}},{"type":"Feature","geometry":{"type":"Point","coordinates":[-72.295385,18.518361]},"properties":{"f":"restauration","t":"bar","n":"Kafe du Soir"}},{"type":"Feature","geometry":{"type":"Point","coordinates":[-72.297761,18.516877]},"properties":{"f":"restauration","t":"nightclub","n":"Festin Club"}},{"type":"Feature","geometry":{"type":"Point","coordinates":[-72.297682,18.516845]},"properties":{"f":"restauration","t":"nightclub","n":"Cachette Disco"}},{"type":"Feature","geometry":{"type":"Point","coordinates":[-72.299945,18.517619]},"properties":{"f":"restauration","t":"nightclub","n":"Only Moza Tirandevou"}},{"type":"Feature","geometry":{"type":"Point","coordinates":[-72.300199,18.520719]},"properties":{"f":"restauration","t":"bar","n":""}},{"type":"Feature","geometry":{"type":"Point","coordinates":[-72.300774,18.520921]},"properties":{"f":"hebergement","t":"hotel","n":"Hotel Karibe"}},{"type":"Feature","geometry":{"type":"Point","coordinates":[-72.301173,18.521246]},"properties":{"f":"restauration","t":"bar","n":""}},{"type":"Feature","geometry":{"type":"Point","coordinates":[-72.3053,18.520139]},"properties":{"f":"restauration","t":"restaurant","n":"La Saveur Restaurant"}},{"type":"Feature","geometry":{"type":"Point","coordinates":[-72.293522,18.507072]},"properties":{"f":"hebergement","t":"apartment","n":""}},{"type":"Feature","geometry":{"type":"Point","coordinates":[-72.286307,18.50743]},"properties":{"f":"hebergement","t":"guest_house","n":"Splendid Guesthouse"}},{"type":"Feature","geometry":{"type":"Point","coordinates":[-72.286069,18.507915]},"properties":{"f":"restauration","t":"restaurant","n":"Mozaik"}},{"type":"Feature","geometry":{"type":"Point","coordinates":[-72.286155,18.508492]},"properties":{"f":"restauration","t":"bar","n":"Jet 7"}},{"type":"Feature","geometry":{"type":"Point","coordinates":[-72.286304,18.508851]},"properties":{"f":"restauration","t":"restaurant","n":"Cafe Terasse"}},{"type":"Feature","geometry":{"type":"Point","coordinates":[-72.286013,18.509267]},"properties":{"f":"restauration","t":"restaurant","n":"Café Com' Ca"}},{"type":"Feature","geometry":{"type":"Point","coordinates":[-72.287817,18.510086]},"properties":{"f":"restauration","t":"restaurant","n":"Le Rond Point"}},{"type":"Feature","geometry":{"type":"Point","coordinates":[-72.287922,18.510133]},"properties":{"f":"restauration","t":"restaurant","n":"La Maison du Café"}},{"type":"Feature","geometry":{"type":"Point","coordinates":[-72.288032,18.510041]},"properties":{"f":"restauration","t":"bar","n":"Tipsy Bar"}},{"type":"Feature","geometry":{"type":"Point","coordinates":[-72.287694,18.510191]},"properties":{"f":"hebergement","t":"hotel","n":"Kinam Hotel"}},{"type":"Feature","geometry":{"type":"Point","coordinates":[-72.288571,18.51014]},"properties":{"f":"restauration","t":"restaurant","n":"Habitation Turpin"}},{"type":"Feature","geometry":{"type":"Point","coordinates":[-72.288083,18.510039]},"properties":{"f":"restauration","t":"restaurant","n":"La Carafe"}},{"type":"Feature","geometry":{"type":"Point","coordinates":[-72.289463,18.509955]},"properties":{"f":"restauration","t":"restaurant","n":"Smooch"}},{"type":"Feature","geometry":{"type":"Point","coordinates":[-72.289091,18.509834]},"properties":{"f":"culture","t":"cinema","n":"Rev Cinéma"}},{"type":"Feature","geometry":{"type":"Point","coordinates":[-72.288951,18.509651]},"properties":{"f":"hebergement","t":"guest_house","n":"Tropical Apart-Hotel B&B"}},{"type":"Feature","geometry":{"type":"Point","coordinates":[-72.28983,18.511192]},"properties":{"f":"restauration","t":"restaurant","n":""}},{"type":"Feature","geometry":{"type":"Point","coordinates":[-72.289591,18.511921]},"properties":{"f":"restauration","t":"bar","n":"Cue Bar"}},{"type":"Feature","geometry":{"type":"Point","coordinates":[-72.289581,18.511889]},"properties":{"f":"restauration","t":"restaurant","n":"The View"}},{"type":"Feature","geometry":{"type":"Point","coordinates":[-72.288759,18.512241]},"properties":{"f":"restauration","t":"bar","n":"Shakerz Bar"}},{"type":"Feature","geometry":{"type":"Point","coordinates":[-72.289638,18.512284]},"properties":{"f":"hebergement","t":"hotel","n":"La Lorraine Hotel"}},{"type":"Feature","geometry":{"type":"Point","coordinates":[-72.28968,18.512284]},"properties":{"f":"restauration","t":"cafe","n":"Café 36"}},{"type":"Feature","geometry":{"type":"Point","coordinates":[-72.289624,18.512123]},"properties":{"f":"restauration","t":"bar","n":"Point Bar"}},{"type":"Feature","geometry":{"type":"Point","coordinates":[-72.289708,18.511952]},"properties":{"f":"sites","t":"viewpoint","n":""}},{"type":"Feature","geometry":{"type":"Point","coordinates":[-72.290635,18.513256]},"properties":{"f":"restauration","t":"cafe","n":"Rebo espresso"}},{"type":"Feature","geometry":{"type":"Point","coordinates":[-72.290689,18.513972]},"properties":{"f":"restauration","t":"bar","n":"FUBAR"}},{"type":"Feature","geometry":{"type":"Point","coordinates":[-72.290104,18.514024]},"properties":{"f":"restauration","t":"restaurant","n":"Lunch Box Cafe"}},{"type":"Feature","geometry":{"type":"Point","coordinates":[-72.289753,18.5144]},"properties":{"f":"restauration","t":"bar","n":"Anba tonel bar"}},{"type":"Feature","geometry":{"type":"Point","coordinates":[-72.289036,18.513859]},"properties":{"f":"restauration","t":"restaurant","n":"Le Daguin"}},{"type":"Feature","geometry":{"type":"Point","coordinates":[-72.287904,18.512768]},"properties":{"f":"restauration","t":"restaurant","n":"Haiku"}},{"type":"Feature","geometry":{"type":"Point","coordinates":[-72.287564,18.513316]},"properties":{"f":"restauration","t":"restaurant","n":"Smokey's Bar & Grill"}},{"type":"Feature","geometry":{"type":"Point","coordinates":[-72.287491,18.514205]},"properties":{"f":"hebergement","t":"guest_house","n":"Le Perroquet"}},{"type":"Feature","geometry":{"type":"Point","coordinates":[-72.287116,18.512577]},"properties":{"f":"restauration","t":"cafe","n":"Cafe Trio Centre Culturel"}},{"type":"Feature","geometry":{"type":"Point","coordinates":[-72.286494,18.51251]},"properties":{"f":"restauration","t":"restaurant","n":"Bèlfwi Fruits Mixes"}},{"type":"Feature","geometry":{"type":"Point","coordinates":[-72.287629,18.512006]},"properties":{"f":"restauration","t":"bar","n":""}},{"type":"Feature","geometry":{"type":"Point","coordinates":[-72.288204,18.512059]},"properties":{"f":"restauration","t":"pub","n":"Le cremier"}},{"type":"Feature","geometry":{"type":"Point","coordinates":[-72.288019,18.511705]},"properties":{"f":"restauration","t":"restaurant","n":"Fior Di Latte"}},{"type":"Feature","geometry":{"type":"Point","coordinates":[-72.287783,18.511248]},"properties":{"f":"sites","t":"attraction","n":"Cabane Choucoune"}},{"type":"Feature","geometry":{"type":"Point","coordinates":[-72.288106,18.511216]},"properties":{"f":"restauration","t":"restaurant","n":"Fourchettes Tropicales"}},{"type":"Feature","geometry":{"type":"Point","coordinates":[-72.287663,18.510626]},"properties":{"f":"sites","t":"artwork","n":"Artisans de Place Saint-Pierre"}},{"type":"Feature","geometry":{"type":"Point","coordinates":[-72.285772,18.510729]},"properties":{"f":"restauration","t":"restaurant","n":"Tico Taco"}},{"type":"Feature","geometry":{"type":"Point","coordinates":[-72.285542,18.511043]},"properties":{"f":"restauration","t":"restaurant","n":"Kung Fu"}},{"type":"Feature","geometry":{"type":"Point","coordinates":[-72.283304,18.510451]},"properties":{"f":"hebergement","t":"hotel","n":"Allamanda bed & breakfast"}},{"type":"Feature","geometry":{"type":"Point","coordinates":[-72.283608,18.510877]},"properties":{"f":"restauration","t":"bar","n":"Tiki Bar"}},{"type":"Feature","geometry":{"type":"Point","coordinates":[-72.283963,18.511353]},"properties":{"f":"hebergement","t":"hotel","n":"Doux Séjour"}},{"type":"Feature","geometry":{"type":"Point","coordinates":[-72.283184,18.512171]},"properties":{"f":"restauration","t":"cafe","n":"Rebo Expresso"}},{"type":"Feature","geometry":{"type":"Point","coordinates":[-72.284543,18.51201]},"properties":{"f":"restauration","t":"restaurant","n":"Pizza Garden"}},{"type":"Feature","geometry":{"type":"Point","coordinates":[-72.285191,18.512223]},"properties":{"f":"restauration","t":"bar","n":"The Zen Lounge"}},{"type":"Feature","geometry":{"type":"Point","coordinates":[-72.285,18.512152]},"properties":{"f":"restauration","t":"restaurant","n":"Mikaz"}},{"type":"Feature","geometry":{"type":"Point","coordinates":[-72.285886,18.512314]},"properties":{"f":"restauration","t":"restaurant","n":""}},{"type":"Feature","geometry":{"type":"Point","coordinates":[-72.2859,18.512696]},"properties":{"f":"restauration","t":"nightclub","n":"Chicago Night Club"}},{"type":"Feature","geometry":{"type":"Point","coordinates":[-72.284827,18.512869]},"properties":{"f":"restauration","t":"restaurant","n":"Le Michel"}},{"type":"Feature","geometry":{"type":"Point","coordinates":[-72.285634,18.513626]},"properties":{"f":"restauration","t":"nightclub","n":"Platinum"}},{"type":"Feature","geometry":{"type":"Point","coordinates":[-72.284309,18.513545]},"properties":{"f":"restauration","t":"restaurant","n":"Break Time Restaurant"}},{"type":"Feature","geometry":{"type":"Point","coordinates":[-72.282228,18.514093]},"properties":{"f":"restauration","t":"bar","n":""}},{"type":"Feature","geometry":{"type":"Point","coordinates":[-72.280746,18.513489]},"properties":{"f":"restauration","t":"restaurant","n":"Portofino"}},{"type":"Feature","geometry":{"type":"Point","coordinates":[-72.281374,18.513355]},"properties":{"f":"culture","t":"arts_centre","n":"Centre Culturel Brésilien Celso Ortega Terra"}},{"type":"Feature","geometry":{"type":"Point","coordinates":[-72.281324,18.512444]},"properties":{"f":"restauration","t":"restaurant","n":"Brasserie Quartier Latin"}},{"type":"Feature","geometry":{"type":"Point","coordinates":[-72.282264,18.510983]},"properties":{"f":"restauration","t":"restaurant","n":"Restaurante Magdoos"}},{"type":"Feature","geometry":{"type":"Point","coordinates":[-72.282479,18.510905]},"properties":{"f":"restauration","t":"restaurant","n":"Magdoos"}},{"type":"Feature","geometry":{"type":"Point","coordinates":[-72.284258,18.508599]},"properties":{"f":"restauration","t":"bar","n":"Kay Atizan bar"}},{"type":"Feature","geometry":{"type":"Point","coordinates":[-72.283252,18.508456]},"properties":{"f":"restauration","t":"restaurant","n":"Papaye"}},{"type":"Feature","geometry":{"type":"Point","coordinates":[-72.285791,18.506946]},"properties":{"f":"sites","t":"gallery","n":"Villa Kalewes"}},{"type":"Feature","geometry":{"type":"Point","coordinates":[-72.285919,18.50685]},"properties":{"f":"restauration","t":"bar","n":"Garden Studio"}},{"type":"Feature","geometry":{"type":"Point","coordinates":[-72.281919,18.506778]},"properties":{"f":"restauration","t":"restaurant","n":"La Plantation"}},{"type":"Feature","geometry":{"type":"Point","coordinates":[-72.282605,18.507924]},"properties":{"f":"hebergement","t":"hotel","n":"La Reserve"}},{"type":"Feature","geometry":{"type":"Point","coordinates":[-72.272817,18.509464]},"properties":{"f":"restauration","t":"bar","n":""}},{"type":"Feature","geometry":{"type":"Point","coordinates":[-72.27289,18.509117]},"properties":{"f":"restauration","t":"restaurant","n":""}},{"type":"Feature","geometry":{"type":"Point","coordinates":[-72.273478,18.509313]},"properties":{"f":"restauration","t":"bar","n":""}},{"type":"Feature","geometry":{"type":"Point","coordinates":[-72.273409,18.511401]},"properties":{"f":"restauration","t":"fast_food","n":""}},{"type":"Feature","geometry":{"type":"Point","coordinates":[-72.273491,18.511428]},"properties":{"f":"restauration","t":"bar","n":""}},{"type":"Feature","geometry":{"type":"Point","coordinates":[-72.27351,18.511487]},"properties":{"f":"restauration","t":"fast_food","n":""}},{"type":"Feature","geometry":{"type":"Point","coordinates":[-72.273162,18.51409]},"properties":{"f":"restauration","t":"nightclub","n":"La Mansion"}},{"type":"Feature","geometry":{"type":"Point","coordinates":[-72.273952,18.512751]},"properties":{"f":"restauration","t":"restaurant","n":"s"}},{"type":"Feature","geometry":{"type":"Point","coordinates":[-72.274423,18.513231]},"properties":{"f":"restauration","t":"fast_food","n":"Sagou Nan Bouch Jenny Vils"}},{"type":"Feature","geometry":{"type":"Point","coordinates":[-72.275073,18.5122]},"properties":{"f":"restauration","t":"restaurant","n":"Papita's Restaurant"}},{"type":"Feature","geometry":{"type":"Point","coordinates":[-72.279704,18.511889]},"properties":{"f":"hebergement","t":"guest_house","n":"NDI RESIDENCE"}},{"type":"Feature","geometry":{"type":"Point","coordinates":[-72.275976,18.516969]},"properties":{"f":"hebergement","t":"motel","n":"maison T"}},{"type":"Feature","geometry":{"type":"Point","coordinates":[-72.277554,18.514487]},"properties":{"f":"hebergement","t":"hotel","n":"Hotel"}},{"type":"Feature","geometry":{"type":"Point","coordinates":[-72.27358,18.519171]},"properties":{"f":"hebergement","t":"apartment","n":"Solom menos 13"}},{"type":"Feature","geometry":{"type":"Point","coordinates":[-72.280972,18.520974]},"properties":{"f":"restauration","t":"nightclub","n":"Esquina Latina Club"}},{"type":"Feature","geometry":{"type":"Point","coordinates":[-72.283549,18.521846]},"properties":{"f":"restauration","t":"restaurant","n":"Coin 95"}},{"type":"Feature","geometry":{"type":"Point","coordinates":[-72.282227,18.517913]},"properties":{"f":"restauration","t":"bar","n":"Anba Kenep"}},{"type":"Feature","geometry":{"type":"Point","coordinates":[-72.284486,18.516251]},"properties":{"f":"hebergement","t":"hotel","n":"New Quality Hotel"}},{"type":"Feature","geometry":{"type":"Point","coordinates":[-72.284411,18.515935]},"properties":{"f":"culture","t":"cinema","n":"Rev Cinéma"}},{"type":"Feature","geometry":{"type":"Point","coordinates":[-72.287625,18.518069]},"properties":{"f":"hebergement","t":"hotel","n":"Villa Therèse"}},{"type":"Feature","geometry":{"type":"Point","coordinates":[-72.28755,18.515112]},"properties":{"f":"sites","t":"artwork","n":"Galerie Marassa"}},{"type":"Feature","geometry":{"type":"Point","coordinates":[-72.287499,18.514874]},"properties":{"f":"restauration","t":"bar","n":"Café des Arts"}},{"type":"Feature","geometry":{"type":"Point","coordinates":[-72.28765,18.514872]},"properties":{"f":"restauration","t":"restaurant","n":"Casa Nova"}},{"type":"Feature","geometry":{"type":"Point","coordinates":[-72.288343,18.514641]},"properties":{"f":"restauration","t":"fast_food","n":"Mac Epi"}},{"type":"Feature","geometry":{"type":"Point","coordinates":[-72.288281,18.515334]},"properties":{"f":"restauration","t":"restaurant","n":"Assiette Créole"}},{"type":"Feature","geometry":{"type":"Point","coordinates":[-72.288742,18.515462]},"properties":{"f":"restauration","t":"restaurant","n":"Presse Café"}},{"type":"Feature","geometry":{"type":"Point","coordinates":[-72.288962,18.515047]},"properties":{"f":"hebergement","t":"hotel","n":"Mr. Grill Guesthouse"}},{"type":"Feature","geometry":{"type":"Point","coordinates":[-72.288945,18.515197]},"properties":{"f":"restauration","t":"restaurant","n":"Booster Bar & Grill"}},{"type":"Feature","geometry":{"type":"Point","coordinates":[-72.289538,18.514889]},"properties":{"f":"restauration","t":"fast_food","n":"5 coins"}},{"type":"Feature","geometry":{"type":"Point","coordinates":[-72.289456,18.515223]},"properties":{"f":"restauration","t":"restaurant","n":"Hang Bar"}},{"type":"Feature","geometry":{"type":"Point","coordinates":[-72.290253,18.515266]},"properties":{"f":"restauration","t":"nightclub","n":"Chez Nous"}},{"type":"Feature","geometry":{"type":"Point","coordinates":[-72.290404,18.515272]},"properties":{"f":"restauration","t":"nightclub","n":"Rotnad Club"}},{"type":"Feature","geometry":{"type":"Point","coordinates":[-72.290688,18.515331]},"properties":{"f":"restauration","t":"restaurant","n":"Mexican Fusion"}},{"type":"Feature","geometry":{"type":"Point","coordinates":[-72.290741,18.515268]},"properties":{"f":"restauration","t":"restaurant","n":"Aztec"}},{"type":"Feature","geometry":{"type":"Point","coordinates":[-72.290665,18.51522]},"properties":{"f":"restauration","t":"restaurant","n":"L'Atmosphere Restaurant"}},{"type":"Feature","geometry":{"type":"Point","coordinates":[-72.290214,18.514573]},"properties":{"f":"restauration","t":"restaurant","n":"Le Villate"}},{"type":"Feature","geometry":{"type":"Point","coordinates":[-72.290904,18.514891]},"properties":{"f":"restauration","t":"restaurant","n":"Le Petit Creux"}},{"type":"Feature","geometry":{"type":"Point","coordinates":[-72.29065,18.517325]},"properties":{"f":"restauration","t":"restaurant","n":"Jouly's"}},{"type":"Feature","geometry":{"type":"Point","coordinates":[-72.290345,18.516817]},"properties":{"f":"restauration","t":"restaurant","n":"La Coquille"}},{"type":"Feature","geometry":{"type":"Point","coordinates":[-72.29047,18.516562]},"properties":{"f":"restauration","t":"bar","n":"Bar a Vins"}},{"type":"Feature","geometry":{"type":"Point","coordinates":[-72.289375,18.517685]},"properties":{"f":"restauration","t":"restaurant","n":"Vivano Le Coin des Artistes"}},{"type":"Feature","geometry":{"type":"Point","coordinates":[-72.290297,18.518058]},"properties":{"f":"restauration","t":"restaurant","n":"Le Cosmopolitain - restaurant, sushi, bar & lounge"}},{"type":"Feature","geometry":{"type":"Point","coordinates":[-72.29032,18.517639]},"properties":{"f":"restauration","t":"fast_food","n":"Muncheez Pizza & Subs"}},{"type":"Feature","geometry":{"type":"Point","coordinates":[-72.290903,18.518442]},"properties":{"f":"restauration","t":"fast_food","n":"Domino's (pizza)"}},{"type":"Feature","geometry":{"type":"Point","coordinates":[-72.291576,18.518969]},"properties":{"f":"hebergement","t":"hotel","n":"Complexe Oasis"}},{"type":"Feature","geometry":{"type":"Point","coordinates":[-72.291191,18.51913]},"properties":{"f":"restauration","t":"restaurant","n":"La Villa"}},{"type":"Feature","geometry":{"type":"Point","coordinates":[-72.290998,18.52136]},"properties":{"f":"hebergement","t":"hotel","n":"Hôtel El Rancho"}},{"type":"Feature","geometry":{"type":"Point","coordinates":[-72.28752,18.524655]},"properties":{"f":"hebergement","t":"hotel","n":""}},{"type":"Feature","geometry":{"type":"Point","coordinates":[-72.284629,18.523715]},"properties":{"f":"restauration","t":"nightclub","n":"Sensation Sport Bar"}},{"type":"Feature","geometry":{"type":"Point","coordinates":[-72.284901,18.525876]},"properties":{"f":"hebergement","t":"guest_house","n":"Three Angels Children's Relief"}},{"type":"Feature","geometry":{"type":"Point","coordinates":[-72.287562,18.528365]},"properties":{"f":"restauration","t":"fast_food","n":"5 Coins"}},{"type":"Feature","geometry":{"type":"Point","coordinates":[-72.290686,18.532244]},"properties":{"f":"restauration","t":"fast_food","n":""}},{"type":"Feature","geometry":{"type":"Point","coordinates":[-72.290321,18.532124]},"properties":{"f":"restauration","t":"fast_food","n":"Epi D'Or"}},{"type":"Feature","geometry":{"type":"Point","coordinates":[-72.289276,18.531391]},"properties":{"f":"restauration","t":"restaurant","n":"L'Appetit"}},{"type":"Feature","geometry":{"type":"Point","coordinates":[-72.285818,18.538341]},"properties":{"f":"plein_air","t":"camp_site","n":"Terrain Kiki"}},{"type":"Feature","geometry":{"type":"Point","coordinates":[-72.284728,18.532684]},"properties":{"f":"hebergement","t":"hotel","n":"Panorama Hotel"}},{"type":"Feature","geometry":{"type":"Point","coordinates":[-72.278262,18.535198]},"properties":{"f":"hebergement","t":"guest_house","n":"Richard maison"}},{"type":"Feature","geometry":{"type":"Point","coordinates":[-72.2768,18.536925]},"properties":{"f":"hebergement","t":"motel","n":"Classic Hotel & Suites"}},{"type":"Feature","geometry":{"type":"Point","coordinates":[-72.26967,18.535726]},"properties":{"f":"hebergement","t":"motel","n":"Buen pasado #motel"}},{"type":"Feature","geometry":{"type":"Point","coordinates":[-72.270387,18.533889]},"properties":{"f":"restauration","t":"bar","n":"apielo church and hotel"}},{"type":"Feature","geometry":{"type":"Point","coordinates":[-72.274579,18.527724]},"properties":{"f":"restauration","t":"restaurant","n":"Point Chaud"}},{"type":"Feature","geometry":{"type":"Point","coordinates":[-72.273501,18.527909]},"properties":{"f":"restauration","t":"fast_food","n":"Hot 'n Fresh"}},{"type":"Feature","geometry":{"type":"Point","coordinates":[-72.273221,18.528969]},"properties":{"f":"restauration","t":"bar","n":"MaliBOO Kafe & Loundge"}},{"type":"Feature","geometry":{"type":"Point","coordinates":[-72.272721,18.528645]},"properties":{"f":"restauration","t":"nightclub","n":"Djoumbala"}},{"type":"Feature","geometry":{"type":"Point","coordinates":[-72.275428,18.527344]},"properties":{"f":"restauration","t":"nightclub","n":"Le Roc"}},{"type":"Feature","geometry":{"type":"Point","coordinates":[-72.275734,18.526522]},"properties":{"f":"hebergement","t":"hotel","n":"Marie Altenise Inn"}},{"type":"Feature","geometry":{"type":"Point","coordinates":[-72.280057,18.523102]},"properties":{"f":"hebergement","t":"guest_house","n":"Methodist Guest House"}},{"type":"Feature","geometry":{"type":"Point","coordinates":[-72.264158,18.52617]},"properties":{"f":"hebergement","t":"hotel","n":"Basilic Bed aand Breakfast"}},{"type":"Feature","geometry":{"type":"Point","coordinates":[-72.264638,18.525549]},"properties":{"f":"restauration","t":"restaurant","n":"Kadens Pizza"}},{"type":"Feature","geometry":{"type":"Point","coordinates":[-72.259619,18.525043]},"properties":{"f":"restauration","t":"restaurant","n":"5 Coins"}},{"type":"Feature","geometry":{"type":"Point","coordinates":[-72.258225,18.525158]},"properties":{"f":"hebergement","t":"guest_house","n":"Directrice orphelinat"}},{"type":"Feature","geometry":{"type":"Point","coordinates":[-72.263839,18.52936]},"properties":{"f":"hebergement","t":"hotel","n":""}},{"type":"Feature","geometry":{"type":"Point","coordinates":[-72.263314,18.531604]},"properties":{"f":"hebergement","t":"hotel","n":"Millano Complexe Hotel"}},{"type":"Feature","geometry":{"type":"Point","coordinates":[-72.254289,18.536432]},"properties":{"f":"hebergement","t":"guest_house","n":"Heartland Alliance Guest House"}},{"type":"Feature","geometry":{"type":"Point","coordinates":[-72.256781,18.522819]},"properties":{"f":"restauration","t":"pub","n":"Feeling Bar"}},{"type":"Feature","geometry":{"type":"Point","coordinates":[-72.266462,18.521938]},"properties":{"f":"hebergement","t":"chalet","n":""}},{"type":"Feature","geometry":{"type":"Point","coordinates":[-72.265665,18.518796]},"properties":{"f":"hebergement","t":"hotel","n":"Cassa Granda"}},{"type":"Feature","geometry":{"type":"Point","coordinates":[-72.265438,18.519014]},"properties":{"f":"restauration","t":"bar","n":""}},{"type":"Feature","geometry":{"type":"Point","coordinates":[-72.26766,18.498031]},"properties":{"f":"hebergement","t":"hotel","n":"La Canovienne Hôtel"}},{"type":"Feature","geometry":{"type":"Point","coordinates":[-72.258096,18.505994]},"properties":{"f":"culture","t":"arts_centre","n":"base horison et young blood"}},{"type":"Feature","geometry":{"type":"Point","coordinates":[-72.280085,18.50577]},"properties":{"f":"hebergement","t":"hotel","n":"Maxim Hôtel"}},{"type":"Feature","geometry":{"type":"Point","coordinates":[-72.283,18.506092]},"properties":{"f":"hebergement","t":"hotel","n":"Palm Residence"}},{"type":"Feature","geometry":{"type":"Point","coordinates":[-72.283061,18.504448]},"properties":{"f":"restauration","t":"pub","n":""}},{"type":"Feature","geometry":{"type":"Point","coordinates":[-72.280764,18.505381]},"properties":{"f":"hebergement","t":"hotel","n":"Hôtel Maxime"}},{"type":"Feature","geometry":{"type":"Point","coordinates":[-72.283023,18.504324]},"properties":{"f":"hebergement","t":"hotel","n":"Ibo Lélé"}},{"type":"Feature","geometry":{"type":"Point","coordinates":[-72.284963,18.505032]},"properties":{"f":"hebergement","t":"guest_house","n":"L'Olivier"}},{"type":"Feature","geometry":{"type":"Point","coordinates":[-72.283188,18.504658]},"properties":{"f":"sites","t":"viewpoint","n":""}},{"type":"Feature","geometry":{"type":"Point","coordinates":[-72.287268,18.506036]},"properties":{"f":"hebergement","t":"apartment","n":""}},{"type":"Feature","geometry":{"type":"Point","coordinates":[-72.290181,18.500567]},"properties":{"f":"hebergement","t":"hotel","n":"Etang Du Jong"}},{"type":"Feature","geometry":{"type":"Point","coordinates":[-72.282531,18.500583]},"properties":{"f":"hebergement","t":"hotel","n":""}},{"type":"Feature","geometry":{"type":"Point","coordinates":[-72.282438,18.500496]},"properties":{"f":"hebergement","t":"hotel","n":""}},{"type":"Feature","geometry":{"type":"Point","coordinates":[-72.282076,18.500315]},"properties":{"f":"hebergement","t":"hotel","n":""}},{"type":"Feature","geometry":{"type":"Point","coordinates":[-72.282105,18.500082]},"properties":{"f":"hebergement","t":"hotel","n":""}},{"type":"Feature","geometry":{"type":"Point","coordinates":[-72.282013,18.499789]},"properties":{"f":"hebergement","t":"apartment","n":""}},{"type":"Feature","geometry":{"type":"Point","coordinates":[-72.286392,18.491927]},"properties":{"f":"hebergement","t":"alpine_hut","n":"Estacao tratamento"}},{"type":"Feature","geometry":{"type":"Point","coordinates":[-72.270711,18.474426]},"properties":{"f":"sites","t":"attraction","n":"Fort Jacques"}},{"type":"Feature","geometry":{"type":"Point","coordinates":[-72.17665,18.523864]},"properties":{"f":"hebergement","t":"apartment","n":"La Tremblais"}},{"type":"Feature","geometry":{"type":"Point","coordinates":[-71.823116,18.350506]},"properties":{"f":"sites","t":"viewpoint","n":""}},{"type":"Feature","geometry":{"type":"Point","coordinates":[-71.976664,18.360318]},"properties":{"f":"sites","t":"viewpoint","n":"Pic la Selle"}},{"type":"Feature","geometry":{"type":"Point","coordinates":[-71.791873,18.333668]},"properties":{"f":"hebergement","t":"chalet","n":""}},{"type":"Feature","geometry":{"type":"Point","coordinates":[-71.791593,18.334741]},"properties":{"f":"hebergement","t":"chalet","n":""}},{"type":"Feature","geometry":{"type":"Point","coordinates":[-71.792208,18.33457]},"properties":{"f":"hebergement","t":"chalet","n":""}},{"type":"Feature","geometry":{"type":"Point","coordinates":[-71.792319,18.334586]},"properties":{"f":"hebergement","t":"chalet","n":""}},{"type":"Feature","geometry":{"type":"Point","coordinates":[-71.792367,18.334232]},"properties":{"f":"hebergement","t":"chalet","n":""}},{"type":"Feature","geometry":{"type":"Point","coordinates":[-71.793593,18.334842]},"properties":{"f":"hebergement","t":"chalet","n":""}},{"type":"Feature","geometry":{"type":"Point","coordinates":[-71.794221,18.334938]},"properties":{"f":"hebergement","t":"chalet","n":""}},{"type":"Feature","geometry":{"type":"Point","coordinates":[-71.794141,18.334656]},"properties":{"f":"hebergement","t":"chalet","n":""}},{"type":"Feature","geometry":{"type":"Point","coordinates":[-71.794661,18.335168]},"properties":{"f":"hebergement","t":"chalet","n":""}},{"type":"Feature","geometry":{"type":"Point","coordinates":[-71.794337,18.335314]},"properties":{"f":"hebergement","t":"chalet","n":""}},{"type":"Feature","geometry":{"type":"Point","coordinates":[-71.794016,18.335085]},"properties":{"f":"hebergement","t":"chalet","n":""}},{"type":"Feature","geometry":{"type":"Point","coordinates":[-71.794881,18.335485]},"properties":{"f":"hebergement","t":"chalet","n":""}},{"type":"Feature","geometry":{"type":"Point","coordinates":[-71.795859,18.335478]},"properties":{"f":"hebergement","t":"chalet","n":""}},{"type":"Feature","geometry":{"type":"Point","coordinates":[-71.795905,18.335837]},"properties":{"f":"hebergement","t":"chalet","n":""}},{"type":"Feature","geometry":{"type":"Point","coordinates":[-71.796055,18.335887]},"properties":{"f":"hebergement","t":"chalet","n":""}},{"type":"Feature","geometry":{"type":"Point","coordinates":[-71.791924,18.33294]},"properties":{"f":"hebergement","t":"chalet","n":"Guest"}},{"type":"Feature","geometry":{"type":"Point","coordinates":[-74.130456,18.578448]},"properties":{"f":"hebergement","t":"alpine_hut","n":""}},{"type":"Feature","geometry":{"type":"Point","coordinates":[-74.13137,18.577272]},"properties":{"f":"hebergement","t":"alpine_hut","n":""}},{"type":"Feature","geometry":{"type":"Point","coordinates":[-74.126915,18.573828]},"properties":{"f":"hebergement","t":"alpine_hut","n":""}},{"type":"Feature","geometry":{"type":"Point","coordinates":[-74.126995,18.573691]},"properties":{"f":"hebergement","t":"alpine_hut","n":""}},{"type":"Feature","geometry":{"type":"Point","coordinates":[-74.227929,18.574433]},"properties":{"f":"sites","t":"viewpoint","n":""}},{"type":"Feature","geometry":{"type":"Point","coordinates":[-74.306822,18.651011]},"properties":{"f":"restauration","t":"restaurant","n":"Mi Jean"}},{"type":"Feature","geometry":{"type":"Point","coordinates":[-74.434375,18.54897]},"properties":{"f":"hebergement","t":"hotel","n":"Lambi"}},{"type":"Feature","geometry":{"type":"Point","coordinates":[-74.425309,18.557646]},"properties":{"f":"restauration","t":"restaurant","n":"Bon Gabay"}},{"type":"Feature","geometry":{"type":"Point","coordinates":[-73.071012,19.9168]},"properties":{"f":"hebergement","t":"guest_house","n":"Auberge Nouveau Kinskeya"}},{"type":"Feature","geometry":{"type":"Point","coordinates":[-73.192549,19.851786]},"properties":{"f":"culture","t":"cinema","n":"sal cine kay pè yo"}},{"type":"Feature","geometry":{"type":"Point","coordinates":[-73.192612,19.852473]},"properties":{"f":"restauration","t":"fast_food","n":""}},{"type":"Feature","geometry":{"type":"Point","coordinates":[-73.258341,19.802517]},"properties":{"f":"restauration","t":"fast_food","n":""}},{"type":"Feature","geometry":{"type":"Point","coordinates":[-73.256887,19.802322]},"properties":{"f":"restauration","t":"bar","n":"La Référence"}},{"type":"Feature","geometry":{"type":"Point","coordinates":[-73.25502,19.803756]},"properties":{"f":"hebergement","t":"hotel","n":"Family Guess House"}},{"type":"Feature","geometry":{"type":"Point","coordinates":[-73.384732,19.799399]},"properties":{"f":"hebergement","t":"hotel","n":"Boukan Guinguette"}},{"type":"Feature","geometry":{"type":"Point","coordinates":[-73.380434,19.804149]},"properties":{"f":"hebergement","t":"hotel","n":"Hotel le Rivage"}},{"type":"Feature","geometry":{"type":"Point","coordinates":[-73.236863,19.686298]},"properties":{"f":"information","t":"information","n":"Notice Board point (GNPD)"}},{"type":"Feature","geometry":{"type":"Point","coordinates":[-73.259943,19.667812]},"properties":{"f":"sites","t":"artwork","n":"Hosanna Shop Atelier des Artistes"}},{"type":"Feature","geometry":{"type":"Point","coordinates":[-73.229839,19.683626]},"properties":{"f":"restauration","t":"restaurant","n":"Guerline Bar Resto"}},{"type":"Feature","geometry":{"type":"Point","coordinates":[-73.229929,19.682422]},"properties":{"f":"culture","t":"cinema","n":""}},{"type":"Feature","geometry":{"type":"Point","coordinates":[-73.229807,19.682172]},"properties":{"f":"information","t":"information","n":"Notice Board point (GNPD)"}},{"type":"Feature","geometry":{"type":"Point","coordinates":[-73.287834,19.678077]},"properties":{"f":"information","t":"information","n":"Notice Board point (GNPD)"}},{"type":"Feature","geometry":{"type":"Point","coordinates":[-73.289755,19.678982]},"properties":{"f":"restauration","t":"nightclub","n":"Zenith Night Club"}},{"type":"Feature","geometry":{"type":"Point","coordinates":[-73.343355,19.690499]},"properties":{"f":"hebergement","t":"hotel","n":"Paradise Hotel"}},{"type":"Feature","geometry":{"type":"Point","coordinates":[-73.21094,19.665143]},"properties":{"f":"restauration","t":"restaurant","n":"Le soleil bar"}},{"type":"Feature","geometry":{"type":"Point","coordinates":[-73.210074,19.663719]},"properties":{"f":"restauration","t":"bar","n":"Regina et Rista"}},{"type":"Feature","geometry":{"type":"Point","coordinates":[-73.217644,19.671066]},"properties":{"f":"information","t":"information","n":"Notice Board point (GNPD)"}},{"type":"Feature","geometry":{"type":"Point","coordinates":[-73.215757,19.670637]},"properties":{"f":"information","t":"information","n":"Notice Board point (GNPD)"}},{"type":"Feature","geometry":{"type":"Point","coordinates":[-73.212642,19.668101]},"properties":{"f":"restauration","t":"cafe","n":"Digicel"}},{"type":"Feature","geometry":{"type":"Point","coordinates":[-73.055659,19.634846]},"properties":{"f":"restauration","t":"bar","n":"feuille bar resto"}},{"type":"Feature","geometry":{"type":"Point","coordinates":[-73.055408,19.634645]},"properties":{"f":"restauration","t":"bar","n":""}},{"type":"Feature","geometry":{"type":"Point","coordinates":[-73.054782,19.632923]},"properties":{"f":"restauration","t":"bar","n":"bon samaritain bar"}},{"type":"Feature","geometry":{"type":"Point","coordinates":[-73.0549,19.633423]},"properties":{"f":"restauration","t":"restaurant","n":""}},{"type":"Feature","geometry":{"type":"Point","coordinates":[-72.732566,19.258626]},"properties":{"f":"restauration","t":"restaurant","n":""}},{"type":"Feature","geometry":{"type":"Point","coordinates":[-72.733435,19.258823]},"properties":{"f":"restauration","t":"restaurant","n":""}},{"type":"Feature","geometry":{"type":"Point","coordinates":[-72.733518,19.258534]},"properties":{"f":"restauration","t":"restaurant","n":""}},{"type":"Feature","geometry":{"type":"Point","coordinates":[-72.733736,19.257776]},"properties":{"f":"restauration","t":"restaurant","n":""}},{"type":"Feature","geometry":{"type":"Point","coordinates":[-72.733796,19.258213]},"properties":{"f":"restauration","t":"nightclub","n":"Briganday Club Disco"}},{"type":"Feature","geometry":{"type":"Point","coordinates":[-72.733079,19.258109]},"properties":{"f":"restauration","t":"restaurant","n":""}},{"type":"Feature","geometry":{"type":"Point","coordinates":[-72.774699,19.245349]},"properties":{"f":"restauration","t":"nightclub","n":"Disco"}},{"type":"Feature","geometry":{"type":"Point","coordinates":[-72.698608,19.124451]},"properties":{"f":"restauration","t":"restaurant","n":""}},{"type":"Feature","geometry":{"type":"Point","coordinates":[-72.698581,19.124497]},"properties":{"f":"restauration","t":"cafe","n":"Milou Multi-Service"}},{"type":"Feature","geometry":{"type":"Point","coordinates":[-72.698861,19.120022]},"properties":{"f":"restauration","t":"bar","n":"Enjoy Bar Resto"}},{"type":"Feature","geometry":{"type":"Point","coordinates":[-72.6986,19.120659]},"properties":{"f":"restauration","t":"fast_food","n":"J J Pizza"}},{"type":"Feature","geometry":{"type":"Point","coordinates":[-72.698617,19.120368]},"properties":{"f":"restauration","t":"nightclub","n":"Club 2000"}},{"type":"Feature","geometry":{"type":"Point","coordinates":[-72.69853,19.121619]},"properties":{"f":"restauration","t":"bar","n":""}},{"type":"Feature","geometry":{"type":"Point","coordinates":[-72.698684,19.12193]},"properties":{"f":"restauration","t":"nightclub","n":"La Brise Swing Club"}},{"type":"Feature","geometry":{"type":"Point","coordinates":[-72.697043,19.122238]},"properties":{"f":"hebergement","t":"hotel","n":"lasouce men bon sous"}},{"type":"Feature","geometry":{"type":"Point","coordinates":[-72.697427,19.122906]},"properties":{"f":"hebergement","t":"hotel","n":"Kiss Inn"}},{"type":"Feature","geometry":{"type":"Point","coordinates":[-72.697521,19.12291]},"properties":{"f":"hebergement","t":"hotel","n":""}},{"type":"Feature","geometry":{"type":"Point","coordinates":[-72.698462,19.122979]},"properties":{"f":"restauration","t":"restaurant","n":"Le Gou - T Hotel"}},{"type":"Feature","geometry":{"type":"Point","coordinates":[-72.72192,19.090599]},"properties":{"f":"restauration","t":"cafe","n":"D.K Net"}},{"type":"Feature","geometry":{"type":"Point","coordinates":[-72.720529,19.090419]},"properties":{"f":"hebergement","t":"hotel","n":"Belle Négresse"}},{"type":"Feature","geometry":{"type":"Point","coordinates":[-72.718782,19.091821]},"properties":{"f":"hebergement","t":"hotel","n":"Marie Ange"}},{"type":"Feature","geometry":{"type":"Point","coordinates":[-72.718536,19.091213]},"properties":{"f":"hebergement","t":"hotel","n":"Maguana"}},{"type":"Feature","geometry":{"type":"Point","coordinates":[-72.700846,19.112034]},"properties":{"f":"restauration","t":"cafe","n":"Clair Net"}},{"type":"Feature","geometry":{"type":"Point","coordinates":[-72.699716,19.111356]},"properties":{"f":"restauration","t":"fast_food","n":"Excel Bar"}},{"type":"Feature","geometry":{"type":"Point","coordinates":[-72.699894,19.112306]},"properties":{"f":"restauration","t":"nightclub","n":"Hang Out"}},{"type":"Feature","geometry":{"type":"Point","coordinates":[-72.699382,19.112283]},"properties":{"f":"restauration","t":"cafe","n":"Info Net Multi-Service"}},{"type":"Feature","geometry":{"type":"Point","coordinates":[-72.699374,19.112395]},"properties":{"f":"restauration","t":"cafe","n":"Amy Compu Multi-Service"}},{"type":"Feature","geometry":{"type":"Point","coordinates":[-72.700422,19.113166]},"properties":{"f":"restauration","t":"restaurant","n":"Palenet Restaurant"}},{"type":"Feature","geometry":{"type":"Point","coordinates":[-72.700558,19.11304]},"properties":{"f":"sites","t":"artwork","n":""}},{"type":"Feature","geometry":{"type":"Point","coordinates":[-72.701035,19.113241]},"properties":{"f":"restauration","t":"restaurant","n":"Vierge Restaurant Nouvelle Dimenssion"}},{"type":"Feature","geometry":{"type":"Point","coordinates":[-72.699362,19.113875]},"properties":{"f":"restauration","t":"restaurant","n":"Chez Yolta"}},{"type":"Feature","geometry":{"type":"Point","coordinates":[-72.700048,19.114298]},"properties":{"f":"restauration","t":"bar","n":"La Detente Rose"}},{"type":"Feature","geometry":{"type":"Point","coordinates":[-72.699644,19.117264]},"properties":{"f":"restauration","t":"cafe","n":"Bravo"}},{"type":"Feature","geometry":{"type":"Point","coordinates":[-72.698413,19.116064]},"properties":{"f":"restauration","t":"cafe","n":"Filens Sound"}},{"type":"Feature","geometry":{"type":"Point","coordinates":[-72.698966,19.118713]},"properties":{"f":"restauration","t":"restaurant","n":"Haitien"}},{"type":"Feature","geometry":{"type":"Point","coordinates":[-72.698411,19.111944]},"properties":{"f":"restauration","t":"restaurant","n":"Restaurant Haitien"}},{"type":"Feature","geometry":{"type":"Point","coordinates":[-72.69884,19.111269]},"properties":{"f":"restauration","t":"restaurant","n":"La Casa de San Antonio"}},{"type":"Feature","geometry":{"type":"Point","coordinates":[-72.698491,19.111288]},"properties":{"f":"restauration","t":"fast_food","n":"Lascirie Onling Bar et Service traiteur"}},{"type":"Feature","geometry":{"type":"Point","coordinates":[-72.696881,19.111487]},"properties":{"f":"restauration","t":"cafe","n":"Ace Of Base"}},{"type":"Feature","geometry":{"type":"Point","coordinates":[-72.694138,19.111494]},"properties":{"f":"restauration","t":"bar","n":"LYNSA"}},{"type":"Feature","geometry":{"type":"Point","coordinates":[-72.698115,19.107812]},"properties":{"f":"restauration","t":"restaurant","n":"Restaurant.Manithe"}},{"type":"Feature","geometry":{"type":"Point","coordinates":[-72.698103,19.107437]},"properties":{"f":"restauration","t":"restaurant","n":"Zoban Take out"}},{"type":"Feature","geometry":{"type":"Point","coordinates":[-72.69852,19.110107]},"properties":{"f":"restauration","t":"bar","n":"Bar Resto"}},{"type":"Feature","geometry":{"type":"Point","coordinates":[-72.697431,19.110993]},"properties":{"f":"restauration","t":"fast_food","n":"Ti doune Bar restaurent"}},{"type":"Feature","geometry":{"type":"Point","coordinates":[-72.698493,19.110571]},"properties":{"f":"restauration","t":"cafe","n":"La Réserve cyber café"}},{"type":"Feature","geometry":{"type":"Point","coordinates":[-72.699682,19.110773]},"properties":{"f":"restauration","t":"bar","n":"7-Eleven"}},{"type":"Feature","geometry":{"type":"Point","coordinates":[-72.699649,19.111074]},"properties":{"f":"restauration","t":"cafe","n":"Freedom Net"}},{"type":"Feature","geometry":{"type":"Point","coordinates":[-72.700144,19.111215]},"properties":{"f":"restauration","t":"cafe","n":"Mat House"}},{"type":"Feature","geometry":{"type":"Point","coordinates":[-72.699834,19.109412]},"properties":{"f":"restauration","t":"restaurant","n":"Pikliz pikliz Restaurant"}},{"type":"Feature","geometry":{"type":"Point","coordinates":[-72.700979,19.110216]},"properties":{"f":"restauration","t":"restaurant","n":"Lakay Bar Resto"}},{"type":"Feature","geometry":{"type":"Point","coordinates":[-72.701816,19.110527]},"properties":{"f":"culture","t":"cinema","n":"Sony's Ciné Théatre"}},{"type":"Feature","geometry":{"type":"Point","coordinates":[-72.702048,19.110443]},"properties":{"f":"restauration","t":"bar","n":"Corsaire Night Club"}},{"type":"Feature","geometry":{"type":"Point","coordinates":[-72.702143,19.110063]},"properties":{"f":"restauration","t":"bar","n":"Vénus Bar"}},{"type":"Feature","geometry":{"type":"Point","coordinates":[-72.702121,19.110222]},"properties":{"f":"restauration","t":"restaurant","n":"Bar Restaurant"}},{"type":"Feature","geometry":{"type":"Point","coordinates":[-72.702004,19.108313]},"properties":{"f":"restauration","t":"restaurant","n":""}},{"type":"Feature","geometry":{"type":"Point","coordinates":[-72.70229,19.108159]},"properties":{"f":"restauration","t":"restaurant","n":"L'oeil du Maitre Bar Resto"}},{"type":"Feature","geometry":{"type":"Point","coordinates":[-72.702058,19.107971]},"properties":{"f":"restauration","t":"cafe","n":"Bethel Net"}},{"type":"Feature","geometry":{"type":"Point","coordinates":[-72.7013,19.107431]},"properties":{"f":"restauration","t":"fast_food","n":"Ginou fast-food"}},{"type":"Feature","geometry":{"type":"Point","coordinates":[-72.700621,19.109184]},"properties":{"f":"restauration","t":"restaurant","n":"Le Rendez-Vous Bar Resto"}},{"type":"Feature","geometry":{"type":"Point","coordinates":[-72.700613,19.108813]},"properties":{"f":"restauration","t":"restaurant","n":"Référence Bar Resto"}},{"type":"Feature","geometry":{"type":"Point","coordinates":[-72.699904,19.108297]},"properties":{"f":"restauration","t":"cafe","n":"WED Cafe net"}},{"type":"Feature","geometry":{"type":"Point","coordinates":[-72.700191,19.109155]},"properties":{"f":"restauration","t":"cafe","n":"Mado Cyber Café"}},{"type":"Feature","geometry":{"type":"Point","coordinates":[-72.699165,19.108521]},"properties":{"f":"restauration","t":"cafe","n":"Baby Net and Shop sound studio"}},{"type":"Feature","geometry":{"type":"Point","coordinates":[-72.701279,19.107083]},"properties":{"f":"hebergement","t":"hotel","n":"Oriental Hotêl"}},{"type":"Feature","geometry":{"type":"Point","coordinates":[-72.701482,19.106773]},"properties":{"f":"restauration","t":"restaurant","n":"Notre-Dame_Bar_ Resto"}},{"type":"Feature","geometry":{"type":"Point","coordinates":[-72.702211,19.106498]},"properties":{"f":"restauration","t":"bar","n":"Douna Snack Bar"}},{"type":"Feature","geometry":{"type":"Point","coordinates":[-72.703049,19.106591]},"properties":{"f":"restauration","t":"bar","n":"Man Nini bar"}},{"type":"Feature","geometry":{"type":"Point","coordinates":[-72.702439,19.10593]},"properties":{"f":"restauration","t":"cafe","n":"FUEMI"}},{"type":"Feature","geometry":{"type":"Point","coordinates":[-72.703937,19.105]},"properties":{"f":"restauration","t":"restaurant","n":"Kay Annette Restaurant"}},{"type":"Feature","geometry":{"type":"Point","coordinates":[-72.703871,19.104064]},"properties":{"f":"restauration","t":"cafe","n":"New live"}},{"type":"Feature","geometry":{"type":"Point","coordinates":[-72.70381,19.104167]},"properties":{"f":"restauration","t":"cafe","n":"Herline net"}},{"type":"Feature","geometry":{"type":"Point","coordinates":[-72.704273,19.103615]},"properties":{"f":"restauration","t":"nightclub","n":"Neïbou"}},{"type":"Feature","geometry":{"type":"Point","coordinates":[-72.699833,19.104775]},"properties":{"f":"restauration","t":"restaurant","n":"Casanou"}},{"type":"Feature","geometry":{"type":"Point","coordinates":[-72.699762,19.104773]},"properties":{"f":"restauration","t":"cafe","n":"Ciber cafe"}},{"type":"Feature","geometry":{"type":"Point","coordinates":[-72.697595,19.103296]},"properties":{"f":"restauration","t":"restaurant","n":"Shama"}},{"type":"Feature","geometry":{"type":"Point","coordinates":[-72.697601,19.104751]},"properties":{"f":"restauration","t":"cafe","n":"Vosky net"}},{"type":"Feature","geometry":{"type":"Point","coordinates":[-72.697777,19.106938]},"properties":{"f":"restauration","t":"restaurant","n":"Kay Foun"}},{"type":"Feature","geometry":{"type":"Point","coordinates":[-72.697208,19.107213]},"properties":{"f":"restauration","t":"restaurant","n":"Villane-Marie"}},{"type":"Feature","geometry":{"type":"Point","coordinates":[-72.697059,19.106997]},"properties":{"f":"sites","t":"artwork","n":"Saint-Marc expo galerie oeuvre artisanat"}},{"type":"Feature","geometry":{"type":"Point","coordinates":[-72.69646,19.105218]},"properties":{"f":"culture","t":"arts_centre","n":"service d'art"}},{"type":"Feature","geometry":{"type":"Point","coordinates":[-72.695616,19.106281]},"properties":{"f":"restauration","t":"restaurant","n":"Sunset Bar Resto"}},{"type":"Feature","geometry":{"type":"Point","coordinates":[-72.69455,19.106297]},"properties":{"f":"restauration","t":"restaurant","n":"Le Troquet Café-théâtre"}},{"type":"Feature","geometry":{"type":"Point","coordinates":[-72.694159,19.103641]},"properties":{"f":"restauration","t":"cafe","n":"Metem Alez multi Service Cyber cafe"}},{"type":"Feature","geometry":{"type":"Point","coordinates":[-72.693565,19.102837]},"properties":{"f":"restauration","t":"cafe","n":"pale pale net"}},{"type":"Feature","geometry":{"type":"Point","coordinates":[-72.694428,19.102765]},"properties":{"f":"restauration","t":"cafe","n":"Pa Jambe net"}},{"type":"Feature","geometry":{"type":"Point","coordinates":[-72.694468,19.102643]},"properties":{"f":"restauration","t":"cafe","n":"Balil Net"}},{"type":"Feature","geometry":{"type":"Point","coordinates":[-72.696889,19.102238]},"properties":{"f":"restauration","t":"restaurant","n":"Le Palmier Bar-Restaurant"}},{"type":"Feature","geometry":{"type":"Point","coordinates":[-72.698038,19.102911]},"properties":{"f":"restauration","t":"restaurant","n":"nicolas resto"}},{"type":"Feature","geometry":{"type":"Point","coordinates":[-72.698686,19.102798]},"properties":{"f":"restauration","t":"nightclub","n":"Good Love"}},{"type":"Feature","geometry":{"type":"Point","coordinates":[-72.697242,19.101116]},"properties":{"f":"hebergement","t":"hotel","n":"Toine"}},{"type":"Feature","geometry":{"type":"Point","coordinates":[-72.697959,19.100832]},"properties":{"f":"restauration","t":"cafe","n":"4j Net Multi-Services"}},{"type":"Feature","geometry":{"type":"Point","coordinates":[-72.696308,19.099697]},"properties":{"f":"restauration","t":"restaurant","n":"4 Coins bar resto"}},{"type":"Feature","geometry":{"type":"Point","coordinates":[-72.69382,19.098761]},"properties":{"f":"restauration","t":"cafe","n":"GPS Net Updated by Media Pam Haiti"}},{"type":"Feature","geometry":{"type":"Point","coordinates":[-72.695175,19.097198]},"properties":{"f":"restauration","t":"restaurant","n":"Christ Vivant Bar restaurant"}},{"type":"Feature","geometry":{"type":"Point","coordinates":[-72.700664,19.098504]},"properties":{"f":"restauration","t":"cafe","n":"REI-TECH CYBER CENTRE"}},{"type":"Feature","geometry":{"type":"Point","coordinates":[-72.700695,19.098306]},"properties":{"f":"restauration","t":"cafe","n":"Roberval Cyber Cafe"}},{"type":"Feature","geometry":{"type":"Point","coordinates":[-72.700577,19.096943]},"properties":{"f":"restauration","t":"cafe","n":"Gwo manman net"}},{"type":"Feature","geometry":{"type":"Point","coordinates":[-72.702974,19.096778]},"properties":{"f":"restauration","t":"fast_food","n":"Fritamania"}},{"type":"Feature","geometry":{"type":"Point","coordinates":[-72.704609,19.097413]},"properties":{"f":"restauration","t":"cafe","n":"Samy Net"}},{"type":"Feature","geometry":{"type":"Point","coordinates":[-72.703105,19.098086]},"properties":{"f":"restauration","t":"cafe","n":"Cyber Wadson"}},{"type":"Feature","geometry":{"type":"Point","coordinates":[-72.700669,19.0995]},"properties":{"f":"restauration","t":"cafe","n":"Arti-net"}},{"type":"Feature","geometry":{"type":"Point","coordinates":[-72.701015,19.099561]},"properties":{"f":"hebergement","t":"hotel","n":"Rosa"}},{"type":"Feature","geometry":{"type":"Point","coordinates":[-72.700214,19.100913]},"properties":{"f":"restauration","t":"bar","n":"Bazar Jesus Seul est Grand"}},{"type":"Feature","geometry":{"type":"Point","coordinates":[-72.701722,19.102667]},"properties":{"f":"restauration","t":"restaurant","n":"St Anne , St jacque"}},{"type":"Feature","geometry":{"type":"Point","coordinates":[-72.715188,19.095233]},"properties":{"f":"hebergement","t":"hotel","n":"Juvensky"}},{"type":"Feature","geometry":{"type":"Point","coordinates":[-72.706165,19.096819]},"properties":{"f":"restauration","t":"cafe","n":"Complexe Pam"}},{"type":"Feature","geometry":{"type":"Point","coordinates":[-72.706407,19.096095]},"properties":{"f":"restauration","t":"cafe","n":"Dallens Net"}},{"type":"Feature","geometry":{"type":"Point","coordinates":[-72.712638,19.093964]},"properties":{"f":"hebergement","t":"hotel","n":"La Colline Hotel"}},{"type":"Feature","geometry":{"type":"Point","coordinates":[-72.713079,19.094434]},"properties":{"f":"restauration","t":"restaurant","n":"Cocotiez"}},{"type":"Feature","geometry":{"type":"Point","coordinates":[-72.71453,19.093984]},"properties":{"f":"hebergement","t":"hotel","n":"Le Relais"}},{"type":"Feature","geometry":{"type":"Point","coordinates":[-72.704188,19.095084]},"properties":{"f":"restauration","t":"restaurant","n":"Rendez-vous Bar Restaurant"}},{"type":"Feature","geometry":{"type":"Point","coordinates":[-72.701169,19.093252]},"properties":{"f":"restauration","t":"bar","n":"Sisou Bar Resto"}},{"type":"Feature","geometry":{"type":"Point","coordinates":[-72.701241,19.094769]},"properties":{"f":"restauration","t":"cafe","n":"Maos Cyber Cafe"}},{"type":"Feature","geometry":{"type":"Point","coordinates":[-72.700487,19.094607]},"properties":{"f":"restauration","t":"bar","n":"J etJ Bar"}},{"type":"Feature","geometry":{"type":"Point","coordinates":[-72.699871,19.094517]},"properties":{"f":"restauration","t":"restaurant","n":"restaurant PAM"}},{"type":"Feature","geometry":{"type":"Point","coordinates":[-72.69987,19.094588]},"properties":{"f":"restauration","t":"cafe","n":"pacifique service 22 Fleuranceau"}},{"type":"Feature","geometry":{"type":"Point","coordinates":[-72.720491,19.079828]},"properties":{"f":"hebergement","t":"hotel","n":"B-Zou Hotel"}},{"type":"Feature","geometry":{"type":"Point","coordinates":[-72.720159,19.081274]},"properties":{"f":"hebergement","t":"hotel","n":"Jeffel Hotel Bar Resto"}},{"type":"Feature","geometry":{"type":"Point","coordinates":[-72.722395,19.074586]},"properties":{"f":"sites","t":"artwork","n":"Flame Atelier"}},{"type":"Feature","geometry":{"type":"Point","coordinates":[-72.721509,19.07827]},"properties":{"f":"restauration","t":"restaurant","n":"Loussi Restauarnt"}},{"type":"Feature","geometry":{"type":"Point","coordinates":[-72.731517,19.06272]},"properties":{"f":"restauration","t":"nightclub","n":"Saira Lieu de Detente"}},{"type":"Feature","geometry":{"type":"Point","coordinates":[-72.641719,19.084881]},"properties":{"f":"restauration","t":"restaurant","n":"Sove vi restoran"}},{"type":"Feature","geometry":{"type":"Point","coordinates":[-72.650123,19.08735]},"properties":{"f":"restauration","t":"nightclub","n":"FC Complexe"}},{"type":"Feature","geometry":{"type":"Point","coordinates":[-72.657242,19.090942]},"properties":{"f":"restauration","t":"cafe","n":"Mika Net"}},{"type":"Feature","geometry":{"type":"Point","coordinates":[-72.654789,19.094729]},"properties":{"f":"hebergement","t":"alpine_hut","n":"Chez Moi"}},{"type":"Feature","geometry":{"type":"Point","coordinates":[-72.654776,19.094927]},"properties":{"f":"hebergement","t":"alpine_hut","n":""}},{"type":"Feature","geometry":{"type":"Point","coordinates":[-72.674778,19.101447]},"properties":{"f":"restauration","t":"nightclub","n":"K-mitho disco"}},{"type":"Feature","geometry":{"type":"Point","coordinates":[-72.66174,19.916906]},"properties":{"f":"sites","t":"viewpoint","n":"Morne Vent"}},{"type":"Feature","geometry":{"type":"Point","coordinates":[-72.347678,19.776765]},"properties":{"f":"restauration","t":"bar","n":""}},{"type":"Feature","geometry":{"type":"Point","coordinates":[-72.3474,19.776808]},"properties":{"f":"restauration","t":"restaurant","n":"Restaurant de la plage"}},{"type":"Feature","geometry":{"type":"Point","coordinates":[-72.34767,19.77685]},"properties":{"f":"restauration","t":"bar","n":"Bar"}},{"type":"Feature","geometry":{"type":"Point","coordinates":[-72.404843,19.703243]},"properties":{"f":"sites","t":"museum","n":"Musée de Guahaba"}},{"type":"Feature","geometry":{"type":"Point","coordinates":[-72.570401,19.812226]},"properties":{"f":"information","t":"information","n":"ARC GNPD notice board"}},{"type":"Feature","geometry":{"type":"Point","coordinates":[-72.571339,19.811325]},"properties":{"f":"information","t":"information","n":"ARC GNPD notice board"}},{"type":"Feature","geometry":{"type":"Point","coordinates":[-72.571624,19.811663]},"properties":{"f":"restauration","t":"restaurant","n":"Restaurant la foi en Dieu/Ti Manie Bar Resto"}},{"type":"Feature","geometry":{"type":"Point","coordinates":[-72.5725,19.811651]},"properties":{"f":"information","t":"information","n":"ARC GNPD notice board"}},{"type":"Feature","geometry":{"type":"Point","coordinates":[-72.572671,19.811307]},"properties":{"f":"restauration","t":"restaurant","n":"Mersou Bar Resto"}},{"type":"Feature","geometry":{"type":"Point","coordinates":[-72.57234,19.808086]},"properties":{"f":"information","t":"information","n":"ARC GNPD notice board"}},{"type":"Feature","geometry":{"type":"Point","coordinates":[-72.571657,19.814523]},"properties":{"f":"information","t":"information","n":"ARC GNPD notice board"}},{"type":"Feature","geometry":{"type":"Point","coordinates":[-72.571045,19.814092]},"properties":{"f":"information","t":"information","n":"ARC GNPD notice board"}},{"type":"Feature","geometry":{"type":"Point","coordinates":[-72.684615,19.672419]},"properties":{"f":"restauration","t":"bar","n":"Le Refuge"}},{"type":"Feature","geometry":{"type":"Point","coordinates":[-72.685004,19.672556]},"properties":{"f":"restauration","t":"restaurant","n":"Idéal Bar Resto"}},{"type":"Feature","geometry":{"type":"Point","coordinates":[-72.682783,19.668561]},"properties":{"f":"hebergement","t":"guest_house","n":"Centre Denise Lecuyer"}},{"type":"Feature","geometry":{"type":"Point","coordinates":[-72.677417,19.67023]},"properties":{"f":"restauration","t":"restaurant","n":""}},{"type":"Feature","geometry":{"type":"Point","coordinates":[-72.677442,19.67094]},"properties":{"f":"restauration","t":"bar","n":""}},{"type":"Feature","geometry":{"type":"Point","coordinates":[-72.676432,19.672764]},"properties":{"f":"restauration","t":"restaurant","n":"Frecheur d'Or"}},{"type":"Feature","geometry":{"type":"Point","coordinates":[-72.676523,19.669868]},"properties":{"f":"restauration","t":"bar","n":""}},{"type":"Feature","geometry":{"type":"Point","coordinates":[-72.659592,19.65676]},"properties":{"f":"restauration","t":"bar","n":"Panik Beach"}},{"type":"Feature","geometry":{"type":"Point","coordinates":[-72.674549,19.667168]},"properties":{"f":"hebergement","t":"hotel","n":""}},{"type":"Feature","geometry":{"type":"Point","coordinates":[-72.674611,19.667078]},"properties":{"f":"restauration","t":"cafe","n":""}},{"type":"Feature","geometry":{"type":"Point","coordinates":[-72.67442,19.66668]},"properties":{"f":"restauration","t":"bar","n":""}},{"type":"Feature","geometry":{"type":"Point","coordinates":[-72.616165,19.609431]},"properties":{"f":"culture","t":"cinema","n":"cinema"}},{"type":"Feature","geometry":{"type":"Point","coordinates":[-72.677121,19.634937]},"properties":{"f":"hebergement","t":"hotel","n":"Mairie de Jean Rabel."}},{"type":"Feature","geometry":{"type":"Point","coordinates":[-72.677103,19.634888]},"properties":{"f":"plein_air","t":"camp_site","n":"Campérin"}},{"type":"Feature","geometry":{"type":"Point","coordinates":[-72.415879,19.681043]},"properties":{"f":"restauration","t":"cafe","n":"Haiti Universal cyber & cellular tec.inc"}},{"type":"Feature","geometry":{"type":"Point","coordinates":[-72.317755,19.680819]},"properties":{"f":"restauration","t":"restaurant","n":"La reference resto dansant"}},{"type":"Feature","geometry":{"type":"Point","coordinates":[-72.319425,19.682539]},"properties":{"f":"restauration","t":"restaurant","n":"Madame Prinodel Bar Resto"}},{"type":"Feature","geometry":{"type":"Point","coordinates":[-72.269494,19.679336]},"properties":{"f":"sites","t":"museum","n":"Chateau des pelerins Night Club"}},{"type":"Feature","geometry":{"type":"Point","coordinates":[-72.268448,19.67714]},"properties":{"f":"hebergement","t":"hotel","n":"Merci Patron Hotel"}},{"type":"Feature","geometry":{"type":"Point","coordinates":[-72.172945,19.69666]},"properties":{"f":"restauration","t":"restaurant","n":"VIV O MAX Bar-Resto-Club"}},{"type":"Feature","geometry":{"type":"Point","coordinates":[-72.161052,19.699394]},"properties":{"f":"restauration","t":"restaurant","n":"JB Bar Restaurant"}},{"type":"Feature","geometry":{"type":"Point","coordinates":[-72.158456,19.697757]},"properties":{"f":"restauration","t":"restaurant","n":"Wes bar restaurant dansant, Puel'O"}},{"type":"Feature","geometry":{"type":"Point","coordinates":[-72.158228,19.693244]},"properties":{"f":"restauration","t":"restaurant","n":"manger rapidement"}},{"type":"Feature","geometry":{"type":"Point","coordinates":[-72.218942,19.604944]},"properties":{"f":"information","t":"information","n":"Le Site de Sans-Souci"}},{"type":"Feature","geometry":{"type":"Point","coordinates":[-72.217556,19.606178]},"properties":{"f":"information","t":"information","n":""}},{"type":"Feature","geometry":{"type":"Point","coordinates":[-72.218027,19.605406]},"properties":{"f":"information","t":"information","n":"Le Palais de Sans-Souci"}},{"type":"Feature","geometry":{"type":"Point","coordinates":[-72.208997,19.610986]},"properties":{"f":"hebergement","t":"guest_house","n":"Crudem-Milot"}},{"type":"Feature","geometry":{"type":"Point","coordinates":[-72.236002,19.578888]},"properties":{"f":"information","t":"information","n":""}},{"type":"Feature","geometry":{"type":"Point","coordinates":[-72.23624,19.578473]},"properties":{"f":"information","t":"information","n":""}},{"type":"Feature","geometry":{"type":"Point","coordinates":[-72.240374,19.576883]},"properties":{"f":"sites","t":"viewpoint","n":""}},{"type":"Feature","geometry":{"type":"Point","coordinates":[-72.243353,19.573955]},"properties":{"f":"information","t":"information","n":"Les Canons Anglais"}},{"type":"Feature","geometry":{"type":"Point","coordinates":[-72.243358,19.573662]},"properties":{"f":"information","t":"information","n":"La Poudrière"}},{"type":"Feature","geometry":{"type":"Point","coordinates":[-72.243106,19.57319]},"properties":{"f":"information","t":"information","n":"La Citadelle Henry"}},{"type":"Feature","geometry":{"type":"Point","coordinates":[-72.243109,19.572981]},"properties":{"f":"information","t":"information","n":"Le Système de la Défense"}},{"type":"Feature","geometry":{"type":"Point","coordinates":[-72.243314,19.573273]},"properties":{"f":"information","t":"information","n":"La Citadelle Henry"}},{"type":"Feature","geometry":{"type":"Point","coordinates":[-72.243248,19.572938]},"properties":{"f":"information","t":"information","n":"Le Site Fortifié des Ramiers"}},{"type":"Feature","geometry":{"type":"Point","coordinates":[-72.023295,19.614437]},"properties":{"f":"restauration","t":"fast_food","n":""}},{"type":"Feature","geometry":{"type":"Point","coordinates":[-72.022374,19.615294]},"properties":{"f":"restauration","t":"nightclub","n":"Le Waff"}},{"type":"Feature","geometry":{"type":"Point","coordinates":[-72.022744,19.615311]},"properties":{"f":"restauration","t":"cafe","n":"CEFRESH Multi-Services"}},{"type":"Feature","geometry":{"type":"Point","coordinates":[-72.02208,19.6161]},"properties":{"f":"culture","t":"cinema","n":"Metro Cine"}},{"type":"Feature","geometry":{"type":"Point","coordinates":[-72.02207,19.618415]},"properties":{"f":"information","t":"information","n":"Kios d'information"}},{"type":"Feature","geometry":{"type":"Point","coordinates":[-72.022029,19.617784]},"properties":{"f":"culture","t":"theatre","n":"Salle Paroissiale"}},{"type":"Feature","geometry":{"type":"Point","coordinates":[-72.032486,19.62969]},"properties":{"f":"hebergement","t":"hotel","n":"Cinelia Hotel"}},{"type":"Feature","geometry":{"type":"Point","coordinates":[-72.025189,19.617732]},"properties":{"f":"hebergement","t":"hotel","n":"Hôtel Tifranc de Trou du nord"}},{"type":"Feature","geometry":{"type":"Point","coordinates":[-72.024101,19.617342]},"properties":{"f":"restauration","t":"bar","n":"Snak Bar"}},{"type":"Feature","geometry":{"type":"Point","coordinates":[-72.024698,19.616926]},"properties":{"f":"restauration","t":"bar","n":"La Reserve Snack bar"}},{"type":"Feature","geometry":{"type":"Point","coordinates":[-72.023972,19.61555]},"properties":{"f":"restauration","t":"restaurant","n":"Larry's Bar Restaurant"}},{"type":"Feature","geometry":{"type":"Point","coordinates":[-72.024908,19.615879]},"properties":{"f":"restauration","t":"cafe","n":"JJ Computer Centre dÍmpression"}},{"type":"Feature","geometry":{"type":"Point","coordinates":[-72.024923,19.616136]},"properties":{"f":"restauration","t":"cafe","n":"La Reference multi-Services"}},{"type":"Feature","geometry":{"type":"Point","coordinates":[-72.02697,19.617195]},"properties":{"f":"hebergement","t":"hotel","n":"Hôtel Patience de Trou du nord"}},{"type":"Feature","geometry":{"type":"Point","coordinates":[-72.026664,19.617477]},"properties":{"f":"restauration","t":"bar","n":"VIP Mini Bar Restaurant Dansant"}},{"type":"Feature","geometry":{"type":"Point","coordinates":[-72.029275,19.613111]},"properties":{"f":"hebergement","t":"hotel","n":"Hôtel La Vie Sourit"}},{"type":"Feature","geometry":{"type":"Point","coordinates":[-72.025283,19.613302]},"properties":{"f":"restauration","t":"cafe","n":"Pale la Centre d'Appel"}},{"type":"Feature","geometry":{"type":"Point","coordinates":[-72.025199,19.613369]},"properties":{"f":"restauration","t":"cafe","n":""}},{"type":"Feature","geometry":{"type":"Point","coordinates":[-72.026146,19.614112]},"properties":{"f":"restauration","t":"cafe","n":"Plus Vite Cente d'appel"}},{"type":"Feature","geometry":{"type":"Point","coordinates":[-72.025854,19.615256]},"properties":{"f":"restauration","t":"restaurant","n":"Dixie Plaza"}},{"type":"Feature","geometry":{"type":"Point","coordinates":[-72.024565,19.615286]},"properties":{"f":"restauration","t":"restaurant","n":"tito bar"}},{"type":"Feature","geometry":{"type":"Point","coordinates":[-72.024477,19.615283]},"properties":{"f":"restauration","t":"restaurant","n":"Tito Baton Moise Resto"}},{"type":"Feature","geometry":{"type":"Point","coordinates":[-72.030018,19.611185]},"properties":{"f":"culture","t":"cinema","n":"Illusion Cine"}},{"type":"Feature","geometry":{"type":"Point","coordinates":[-72.028819,19.662727]},"properties":{"f":"hebergement","t":"hostel","n":"Orphélinat/Berré"}},{"type":"Feature","geometry":{"type":"Point","coordinates":[-72.020921,19.641961]},"properties":{"f":"restauration","t":"cafe","n":"Joe Multi Service"}},{"type":"Feature","geometry":{"type":"Point","coordinates":[-71.995362,19.651152]},"properties":{"f":"information","t":"information","n":"GNPD Notice Board"}},{"type":"Feature","geometry":{"type":"Point","coordinates":[-72.020254,19.667598]},"properties":{"f":"restauration","t":"bar","n":"Le Grenadier"}},{"type":"Feature","geometry":{"type":"Point","coordinates":[-72.020205,19.671105]},"properties":{"f":"restauration","t":"restaurant","n":"Restaurant"}},{"type":"Feature","geometry":{"type":"Point","coordinates":[-72.019792,19.669534]},"properties":{"f":"restauration","t":"restaurant","n":"Bon gout Shalom"}},{"type":"Feature","geometry":{"type":"Point","coordinates":[-72.020124,19.668714]},"properties":{"f":"restauration","t":"restaurant","n":"restaurent"}},{"type":"Feature","geometry":{"type":"Point","coordinates":[-72.020165,19.667953]},"properties":{"f":"restauration","t":"bar","n":"Expérience Bar"}},{"type":"Feature","geometry":{"type":"Point","coordinates":[-72.020225,19.667781]},"properties":{"f":"restauration","t":"bar","n":"La Promesse Marc 16:16"}},{"type":"Feature","geometry":{"type":"Point","coordinates":[-72.020006,19.667867]},"properties":{"f":"information","t":"information","n":"ARC GNPD Notice board point"}},{"type":"Feature","geometry":{"type":"Point","coordinates":[-71.992106,19.684979]},"properties":{"f":"information","t":"information","n":"Tableau d'Information GNPD"}},{"type":"Feature","geometry":{"type":"Point","coordinates":[-72.017953,19.691913]},"properties":{"f":"restauration","t":"restaurant","n":"Bada Fish Restaurant"}},{"type":"Feature","geometry":{"type":"Point","coordinates":[-72.01833,19.691879]},"properties":{"f":"restauration","t":"restaurant","n":"Liline Bar Restaurant"}},{"type":"Feature","geometry":{"type":"Point","coordinates":[-72.021617,19.692065]},"properties":{"f":"information","t":"information","n":"ARC GNPD Notice board point"}},{"type":"Feature","geometry":{"type":"Point","coordinates":[-72.019102,19.692009]},"properties":{"f":"restauration","t":"restaurant","n":"Chilo Pica Pollo"}},{"type":"Feature","geometry":{"type":"Point","coordinates":[-72.019038,19.692065]},"properties":{"f":"restauration","t":"nightclub","n":"Only One Disco"}},{"type":"Feature","geometry":{"type":"Point","coordinates":[-72.018239,19.692059]},"properties":{"f":"restauration","t":"bar","n":""}},{"type":"Feature","geometry":{"type":"Point","coordinates":[-72.018299,19.692095]},"properties":{"f":"restauration","t":"restaurant","n":"La familia bar"}},{"type":"Feature","geometry":{"type":"Point","coordinates":[-72.015198,19.69277]},"properties":{"f":"information","t":"information","n":"ARC GNPD Notice board point"}},{"type":"Feature","geometry":{"type":"Point","coordinates":[-72.08779,19.663063]},"properties":{"f":"restauration","t":"restaurant","n":""}},{"type":"Feature","geometry":{"type":"Point","coordinates":[-72.071145,19.65575]},"properties":{"f":"culture","t":"theatre","n":""}},{"type":"Feature","geometry":{"type":"Point","coordinates":[-72.06996,19.65691]},"properties":{"f":"restauration","t":"restaurant","n":"Konplex Anba Tonel"}},{"type":"Feature","geometry":{"type":"Point","coordinates":[-72.070973,19.656591]},"properties":{"f":"restauration","t":"restaurant","n":""}},{"type":"Feature","geometry":{"type":"Point","coordinates":[-72.096608,19.665975]},"properties":{"f":"restauration","t":"bar","n":"Bar Dieu Plus Fort"}},{"type":"Feature","geometry":{"type":"Point","coordinates":[-72.126276,19.667221]},"properties":{"f":"culture","t":"cinema","n":"La Différence"}},{"type":"Feature","geometry":{"type":"Point","coordinates":[-72.126946,19.675312]},"properties":{"f":"hebergement","t":"hotel","n":"Puissance Divine Hotel"}},{"type":"Feature","geometry":{"type":"Point","coordinates":[-72.12491,19.672138]},"properties":{"f":"restauration","t":"restaurant","n":"T-LED"}},{"type":"Feature","geometry":{"type":"Point","coordinates":[-72.124597,19.672426]},"properties":{"f":"restauration","t":"restaurant","n":"Restaurant"}},{"type":"Feature","geometry":{"type":"Point","coordinates":[-72.125041,19.671549]},"properties":{"f":"culture","t":"cinema","n":"Calolo Cine"}},{"type":"Feature","geometry":{"type":"Point","coordinates":[-72.129048,19.671245]},"properties":{"f":"hebergement","t":"hotel","n":"Colisée"}},{"type":"Feature","geometry":{"type":"Point","coordinates":[-72.128497,19.670812]},"properties":{"f":"hebergement","t":"hotel","n":"Le Colisée"}},{"type":"Feature","geometry":{"type":"Point","coordinates":[-72.128506,19.670749]},"properties":{"f":"restauration","t":"restaurant","n":"La Fée Créole Bar Restaurant"}},{"type":"Feature","geometry":{"type":"Point","coordinates":[-72.128583,19.67068]},"properties":{"f":"plein_air","t":"camp_site","n":"Citadelle"}},{"type":"Feature","geometry":{"type":"Point","coordinates":[-72.127884,19.670522]},"properties":{"f":"culture","t":"cinema","n":"Liquidation ciné"}},{"type":"Feature","geometry":{"type":"Point","coordinates":[-72.127871,19.670579]},"properties":{"f":"culture","t":"cinema","n":"Amize Ciné"}},{"type":"Feature","geometry":{"type":"Point","coordinates":[-72.127238,19.669104]},"properties":{"f":"restauration","t":"bar","n":"Ti Bambou Bar Restaurant"}},{"type":"Feature","geometry":{"type":"Point","coordinates":[-72.125881,19.667776]},"properties":{"f":"restauration","t":"bar","n":"Dane Bar"}},{"type":"Feature","geometry":{"type":"Point","coordinates":[-72.125407,19.669642]},"properties":{"f":"culture","t":"cinema","n":"Lakou Lakay Club Cine"}},{"type":"Feature","geometry":{"type":"Point","coordinates":[-72.125081,19.668678]},"properties":{"f":"restauration","t":"cafe","n":"Rapid Net Multi Services"}},{"type":"Feature","geometry":{"type":"Point","coordinates":[-72.12175,19.671922]},"properties":{"f":"culture","t":"cinema","n":"Caimite Cine Bar"}},{"type":"Feature","geometry":{"type":"Point","coordinates":[-72.122487,19.671935]},"properties":{"f":"restauration","t":"nightclub","n":"Le Roseau Disco"}},{"type":"Feature","geometry":{"type":"Point","coordinates":[-72.123423,19.671823]},"properties":{"f":"culture","t":"cinema","n":"Reference Cine"}},{"type":"Feature","geometry":{"type":"Point","coordinates":[-72.12361,19.67193]},"properties":{"f":"restauration","t":"restaurant","n":"G et F Take Out Bar Resto"}},{"type":"Feature","geometry":{"type":"Point","coordinates":[-72.156824,19.695691]},"properties":{"f":"restauration","t":"pub","n":"Jomotel"}},{"type":"Feature","geometry":{"type":"Point","coordinates":[-72.156891,19.696103]},"properties":{"f":"restauration","t":"cafe","n":"Divine Plénitude"}},{"type":"Feature","geometry":{"type":"Point","coordinates":[-72.15739,19.705928]},"properties":{"f":"restauration","t":"nightclub","n":""}},{"type":"Feature","geometry":{"type":"Point","coordinates":[-72.157147,19.706558]},"properties":{"f":"restauration","t":"nightclub","n":"ti willy disco"}},{"type":"Feature","geometry":{"type":"Point","coordinates":[-72.128406,19.706588]},"properties":{"f":"culture","t":"cinema","n":"Olympia cine"}},{"type":"Feature","geometry":{"type":"Point","coordinates":[-72.12826,19.706727]},"properties":{"f":"restauration","t":"bar","n":"Union Bar"}},{"type":"Feature","geometry":{"type":"Point","coordinates":[-72.123378,19.728048]},"properties":{"f":"restauration","t":"bar","n":"Maloulou Bazar"}},{"type":"Feature","geometry":{"type":"Point","coordinates":[-72.116576,19.727821]},"properties":{"f":"restauration","t":"bar","n":"le zaragua Bar resto"}},{"type":"Feature","geometry":{"type":"Point","coordinates":[-72.113664,19.728407]},"properties":{"f":"restauration","t":"bar","n":"Ana Bar dansant"}},{"type":"Feature","geometry":{"type":"Point","coordinates":[-72.11302,19.728323]},"properties":{"f":"culture","t":"cinema","n":"Etoile cine"}},{"type":"Feature","geometry":{"type":"Point","coordinates":[-72.117219,19.731627]},"properties":{"f":"hebergement","t":"hostel","n":"Hotel Kay Philo"}},{"type":"Feature","geometry":{"type":"Point","coordinates":[-72.124534,19.72658]},"properties":{"f":"restauration","t":"nightclub","n":"Michaudi's Night Club"}},{"type":"Feature","geometry":{"type":"Point","coordinates":[-72.112628,19.729574]},"properties":{"f":"restauration","t":"restaurant","n":"Santa"}},{"type":"Feature","geometry":{"type":"Point","coordinates":[-72.239047,19.787041]},"properties":{"f":"sites","t":"attraction","n":"inconnu"}},{"type":"Feature","geometry":{"type":"Point","coordinates":[-72.239073,19.787297]},"properties":{"f":"sites","t":"attraction","n":"Cormier"}},{"type":"Feature","geometry":{"type":"Point","coordinates":[-72.228287,19.782664]},"properties":{"f":"restauration","t":"bar","n":"Bar restaurant Hôtel Cormier plage"}},{"type":"Feature","geometry":{"type":"Point","coordinates":[-72.227624,19.782289]},"properties":{"f":"hebergement","t":"hotel","n":"Cormier Plage"}},{"type":"Feature","geometry":{"type":"Point","coordinates":[-72.228641,19.782995]},"properties":{"f":"hebergement","t":"hotel","n":"réception"}},{"type":"Feature","geometry":{"type":"Point","coordinates":[-72.228105,19.782446]},"properties":{"f":"restauration","t":"restaurant","n":"Cormier Restaurant"}},{"type":"Feature","geometry":{"type":"Point","coordinates":[-72.244762,19.779258]},"properties":{"f":"hebergement","t":"hotel","n":"Belly Beach"}},{"type":"Feature","geometry":{"type":"Point","coordinates":[-72.243096,19.777182]},"properties":{"f":"restauration","t":"restaurant","n":"Dhaloo Beach"}},{"type":"Feature","geometry":{"type":"Point","coordinates":[-72.242729,19.772873]},"properties":{"f":"hebergement","t":"hotel","n":"La Cote Mer Hotel Bar Restaurant"}},{"type":"Feature","geometry":{"type":"Point","coordinates":[-72.243183,19.7735]},"properties":{"f":"hebergement","t":"guest_house","n":"Norm's Place"}},{"type":"Feature","geometry":{"type":"Point","coordinates":[-72.244259,19.771971]},"properties":{"f":"restauration","t":"nightclub","n":"Night club"}},{"type":"Feature","geometry":{"type":"Point","coordinates":[-72.246595,19.772514]},"properties":{"f":"restauration","t":"restaurant","n":"Restaurant Labadie"}},{"type":"Feature","geometry":{"type":"Point","coordinates":[-72.246778,19.772379]},"properties":{"f":"plein_air","t":"picnic_site","n":""}},{"type":"Feature","geometry":{"type":"Point","coordinates":[-72.196858,19.765864]},"properties":{"f":"restauration","t":"restaurant","n":"Restaurant le volcan"}},{"type":"Feature","geometry":{"type":"Point","coordinates":[-72.198413,19.766205]},"properties":{"f":"restauration","t":"restaurant","n":"je ne sais pas"}},{"type":"Feature","geometry":{"type":"Point","coordinates":[-72.198135,19.765865]},"properties":{"f":"restauration","t":"restaurant","n":""}},{"type":"Feature","geometry":{"type":"Point","coordinates":[-72.198226,19.769791]},"properties":{"f":"hebergement","t":"hotel","n":"Satama Hotel"}},{"type":"Feature","geometry":{"type":"Point","coordinates":[-72.198068,19.770309]},"properties":{"f":"hebergement","t":"hotel","n":"Satama"}},{"type":"Feature","geometry":{"type":"Point","coordinates":[-72.196226,19.769444]},"properties":{"f":"hebergement","t":"hotel","n":"Hôtel Residence Royal"}},{"type":"Feature","geometry":{"type":"Point","coordinates":[-72.194317,19.769077]},"properties":{"f":"restauration","t":"restaurant","n":"Brise de Mer"}},{"type":"Feature","geometry":{"type":"Point","coordinates":[-72.193903,19.769759]},"properties":{"f":"restauration","t":"restaurant","n":"Deco Bar Restaurant"}},{"type":"Feature","geometry":{"type":"Point","coordinates":[-72.193944,19.769869]},"properties":{"f":"restauration","t":"restaurant","n":"Déco Plage Bar Restaurant"}},{"type":"Feature","geometry":{"type":"Point","coordinates":[-72.194329,19.769983]},"properties":{"f":"hebergement","t":"hotel","n":"Les Jardins de l'Océan"}},{"type":"Feature","geometry":{"type":"Point","coordinates":[-72.193838,19.769637]},"properties":{"f":"information","t":"information","n":"Début du Baptisme en Haïti"}},{"type":"Feature","geometry":{"type":"Point","coordinates":[-72.194208,19.768459]},"properties":{"f":"hebergement","t":"hotel","n":"Auberge du Picolet"}},{"type":"Feature","geometry":{"type":"Point","coordinates":[-72.194413,19.767625]},"properties":{"f":"restauration","t":"restaurant","n":"Lakay Bar Restaurant"}},{"type":"Feature","geometry":{"type":"Point","coordinates":[-72.195829,19.768246]},"properties":{"f":"restauration","t":"restaurant","n":"Colibri le basilic"}},{"type":"Feature","geometry":{"type":"Point","coordinates":[-72.195834,19.768297]},"properties":{"f":"hebergement","t":"hotel","n":"Habitation Jouissant"}},{"type":"Feature","geometry":{"type":"Point","coordinates":[-72.196031,19.767377]},"properties":{"f":"hebergement","t":"hotel","n":"Hôtel Mont Joly"}},{"type":"Feature","geometry":{"type":"Point","coordinates":[-72.194994,19.766743]},"properties":{"f":"restauration","t":"restaurant","n":"Rendez-Vous Bar Resto"}},{"type":"Feature","geometry":{"type":"Point","coordinates":[-72.194767,19.766562]},"properties":{"f":"hebergement","t":"hotel","n":"Universal Hotel et Boutique"}},{"type":"Feature","geometry":{"type":"Point","coordinates":[-72.194678,19.766711]},"properties":{"f":"restauration","t":"restaurant","n":"Barik"}},{"type":"Feature","geometry":{"type":"Point","coordinates":[-72.19489,19.767357]},"properties":{"f":"restauration","t":"nightclub","n":"Cafétrio"}},{"type":"Feature","geometry":{"type":"Point","coordinates":[-72.194901,19.766441]},"properties":{"f":"restauration","t":"restaurant","n":"Universal"}},{"type":"Feature","geometry":{"type":"Point","coordinates":[-72.196239,19.766253]},"properties":{"f":"restauration","t":"restaurant","n":"Cap Deli"}},{"type":"Feature","geometry":{"type":"Point","coordinates":[-72.191522,19.777227]},"properties":{"f":"hebergement","t":"hotel","n":"Rival Hotel"}},{"type":"Feature","geometry":{"type":"Point","coordinates":[-72.196478,19.762456]},"properties":{"f":"restauration","t":"restaurant","n":"Cap Deli"}},{"type":"Feature","geometry":{"type":"Point","coordinates":[-72.196548,19.762438]},"properties":{"f":"hebergement","t":"hotel","n":"PRINCE HOTEL"}},{"type":"Feature","geometry":{"type":"Point","coordinates":[-72.19566,19.763488]},"properties":{"f":"restauration","t":"cafe","n":"Boukanye"}},{"type":"Feature","geometry":{"type":"Point","coordinates":[-72.195784,19.764384]},"properties":{"f":"restauration","t":"restaurant","n":"Kokiyaj Market - Bar and Restaurant"}},{"type":"Feature","geometry":{"type":"Point","coordinates":[-72.195935,19.764046]},"properties":{"f":"hebergement","t":"hotel","n":"Hôtel Beau Rivage"}},{"type":"Feature","geometry":{"type":"Point","coordinates":[-72.197922,19.76357]},"properties":{"f":"restauration","t":"bar","n":"Bar"}},{"type":"Feature","geometry":{"type":"Point","coordinates":[-72.196827,19.763298]},"properties":{"f":"restauration","t":"restaurant","n":"Rose-fils bar restaurant"}},{"type":"Feature","geometry":{"type":"Point","coordinates":[-72.197162,19.763139]},"properties":{"f":"restauration","t":"bar","n":"Cap Plaza"}},{"type":"Feature","geometry":{"type":"Point","coordinates":[-72.198388,19.76322]},"properties":{"f":"hebergement","t":"hotel","n":"Hostellerie du Roi Christophe"}},{"type":"Feature","geometry":{"type":"Point","coordinates":[-72.198281,19.763273]},"properties":{"f":"restauration","t":"restaurant","n":"STH Bar Resto"}},{"type":"Feature","geometry":{"type":"Point","coordinates":[-72.198463,19.763353]},"properties":{"f":"restauration","t":"bar","n":"Riarmanita"}},{"type":"Feature","geometry":{"type":"Point","coordinates":[-72.198585,19.763706]},"properties":{"f":"restauration","t":"nightclub","n":"Versailles"}},{"type":"Feature","geometry":{"type":"Point","coordinates":[-72.198585,19.763791]},"properties":{"f":"culture","t":"cinema","n":"Versailles Cine"}},{"type":"Feature","geometry":{"type":"Point","coordinates":[-72.200432,19.762402]},"properties":{"f":"hebergement","t":"hotel","n":"Hotel Villa Creole"}},{"type":"Feature","geometry":{"type":"Point","coordinates":[-72.201157,19.762342]},"properties":{"f":"hebergement","t":"hotel","n":"Family Guest House"}},{"type":"Feature","geometry":{"type":"Point","coordinates":[-72.200369,19.760993]},"properties":{"f":"restauration","t":"restaurant","n":"A & J"}},{"type":"Feature","geometry":{"type":"Point","coordinates":[-72.199742,19.761333]},"properties":{"f":"hebergement","t":"hotel","n":"Bienvenue"}},{"type":"Feature","geometry":{"type":"Point","coordinates":[-72.198883,19.762315]},"properties":{"f":"sites","t":"artwork","n":"Kay Sam Art"}},{"type":"Feature","geometry":{"type":"Point","coordinates":[-72.198235,19.762146]},"properties":{"f":"restauration","t":"fast_food","n":"Mak Gregor"}},{"type":"Feature","geometry":{"type":"Point","coordinates":[-72.198333,19.762059]},"properties":{"f":"restauration","t":"fast_food","n":"Toi et Moi bar"}},{"type":"Feature","geometry":{"type":"Point","coordinates":[-72.196994,19.762265]},"properties":{"f":"restauration","t":"restaurant","n":"All System BBQ"}},{"type":"Feature","geometry":{"type":"Point","coordinates":[-72.19727,19.761896]},"properties":{"f":"restauration","t":"restaurant","n":"La Source Bar Resto"}},{"type":"Feature","geometry":{"type":"Point","coordinates":[-72.199434,19.760113]},"properties":{"f":"hebergement","t":"hotel","n":"Universel"}},{"type":"Feature","geometry":{"type":"Point","coordinates":[-72.200641,19.759179]},"properties":{"f":"restauration","t":"restaurant","n":"Plaza Francois"}},{"type":"Feature","geometry":{"type":"Point","coordinates":[-72.20004,19.759029]},"properties":{"f":"restauration","t":"nightclub","n":"Akensa Bar Restaurant Dansant"}},{"type":"Feature","geometry":{"type":"Point","coordinates":[-72.20007,19.758956]},"properties":{"f":"hebergement","t":"hotel","n":"je ne sais pas"}},{"type":"Feature","geometry":{"type":"Point","coordinates":[-72.200837,19.756904]},"properties":{"f":"hebergement","t":"hotel","n":"Le Sagesse Hotel"}},{"type":"Feature","geometry":{"type":"Point","coordinates":[-72.200301,19.756649]},"properties":{"f":"restauration","t":"bar","n":"Bagay la Bar & night Club"}},{"type":"Feature","geometry":{"type":"Point","coordinates":[-72.201717,19.756327]},"properties":{"f":"restauration","t":"bar","n":"King bar & dansant"}},{"type":"Feature","geometry":{"type":"Point","coordinates":[-72.201665,19.755523]},"properties":{"f":"restauration","t":"restaurant","n":"Oh Meli! Bar Restaurant"}},{"type":"Feature","geometry":{"type":"Point","coordinates":[-72.192227,19.739766]},"properties":{"f":"plein_air","t":"camp_site","n":""}},{"type":"Feature","geometry":{"type":"Point","coordinates":[-72.193624,19.73866]},"properties":{"f":"restauration","t":"restaurant","n":"Christ Capable Restaurant"}},{"type":"Feature","geometry":{"type":"Point","coordinates":[-72.194885,19.737269]},"properties":{"f":"restauration","t":"restaurant","n":"in"}},{"type":"Feature","geometry":{"type":"Point","coordinates":[-72.196866,19.738989]},"properties":{"f":"restauration","t":"bar","n":"Paradiy Snack Bazar"}},{"type":"Feature","geometry":{"type":"Point","coordinates":[-72.19677,19.738947]},"properties":{"f":"culture","t":"cinema","n":"Snack Bazar et Cine"}},{"type":"Feature","geometry":{"type":"Point","coordinates":[-72.19936,19.737653]},"properties":{"f":"restauration","t":"bar","n":"Trinite Bazar"}},{"type":"Feature","geometry":{"type":"Point","coordinates":[-72.187014,19.732384]},"properties":{"f":"culture","t":"cinema","n":"Rose Ciné"}},{"type":"Feature","geometry":{"type":"Point","coordinates":[-72.186728,19.732311]},"properties":{"f":"restauration","t":"bar","n":"Robentz Snack Bar"}},{"type":"Feature","geometry":{"type":"Point","coordinates":[-72.185741,19.736113]},"properties":{"f":"restauration","t":"cafe","n":"Franchise Cyber Cafe"}},{"type":"Feature","geometry":{"type":"Point","coordinates":[-72.188511,19.735349]},"properties":{"f":"culture","t":"cinema","n":"Bon Zenzen ciné"}},{"type":"Feature","geometry":{"type":"Point","coordinates":[-72.186245,19.738962]},"properties":{"f":"restauration","t":"cafe","n":"Eben-Ezer Net Production"}},{"type":"Feature","geometry":{"type":"Point","coordinates":[-72.18759,19.736739]},"properties":{"f":"restauration","t":"restaurant","n":"Suprise Bar Resto"}},{"type":"Feature","geometry":{"type":"Point","coordinates":[-72.183308,19.733622]},"properties":{"f":"hebergement","t":"hotel","n":"Hotel Dieu qui Donne"}},{"type":"Feature","geometry":{"type":"Point","coordinates":[-72.183788,19.733767]},"properties":{"f":"hebergement","t":"hotel","n":"Hotel Dieu Qui donne #17"}},{"type":"Feature","geometry":{"type":"Point","coordinates":[-72.181234,19.732869]},"properties":{"f":"hebergement","t":"hotel","n":"Eugene and Son's Hotel"}},{"type":"Feature","geometry":{"type":"Point","coordinates":[-72.178725,19.73302]},"properties":{"f":"restauration","t":"bar","n":"Cartocarth Bar Resto Take out"}},{"type":"Feature","geometry":{"type":"Point","coordinates":[-72.166969,19.729123]},"properties":{"f":"hebergement","t":"guest_house","n":"Deep River Mission"}},{"type":"Feature","geometry":{"type":"Point","coordinates":[-72.17877,19.729346]},"properties":{"f":"culture","t":"cinema","n":"Detente Cine"}},{"type":"Feature","geometry":{"type":"Point","coordinates":[-72.16489,19.717052]},"properties":{"f":"restauration","t":"restaurant","n":""}},{"type":"Feature","geometry":{"type":"Point","coordinates":[-72.164764,19.717071]},"properties":{"f":"restauration","t":"bar","n":"Mimi Bar"}},{"type":"Feature","geometry":{"type":"Point","coordinates":[-72.164638,19.719036]},"properties":{"f":"restauration","t":"bar","n":""}},{"type":"Feature","geometry":{"type":"Point","coordinates":[-72.163519,19.720031]},"properties":{"f":"restauration","t":"bar","n":"Espoir en Dieu"}},{"type":"Feature","geometry":{"type":"Point","coordinates":[-72.166152,19.71569]},"properties":{"f":"restauration","t":"bar","n":"M et S bar"}},{"type":"Feature","geometry":{"type":"Point","coordinates":[-72.162799,19.704187]},"properties":{"f":"culture","t":"cinema","n":"Mèt Veve ciné"}},{"type":"Feature","geometry":{"type":"Point","coordinates":[-72.158619,19.700923]},"properties":{"f":"hebergement","t":"guest_house","n":"je ne sais pas"}},{"type":"Feature","geometry":{"type":"Point","coordinates":[-72.185546,19.709833]},"properties":{"f":"hebergement","t":"hotel","n":"BS Hotel"}},{"type":"Feature","geometry":{"type":"Point","coordinates":[-72.185817,19.709649]},"properties":{"f":"hebergement","t":"hotel","n":"Beau Sourire Hotel"}},{"type":"Feature","geometry":{"type":"Point","coordinates":[-72.189794,19.726865]},"properties":{"f":"sites","t":"artwork","n":"Patmos Ecole de musique"}},{"type":"Feature","geometry":{"type":"Point","coordinates":[-72.188816,19.728143]},"properties":{"f":"restauration","t":"cafe","n":"Maranatha Appel local Internet"}},{"type":"Feature","geometry":{"type":"Point","coordinates":[-72.188607,19.727545]},"properties":{"f":"restauration","t":"restaurant","n":"La Providence Bar Restaurant"}},{"type":"Feature","geometry":{"type":"Point","coordinates":[-72.189655,19.727053]},"properties":{"f":"hebergement","t":"hotel","n":"Recréation Hotel"}},{"type":"Feature","geometry":{"type":"Point","coordinates":[-72.186532,19.724761]},"properties":{"f":"restauration","t":"restaurant","n":"La providence Bar Restaurant Dansant"}},{"type":"Feature","geometry":{"type":"Point","coordinates":[-72.18498,19.724346]},"properties":{"f":"culture","t":"cinema","n":"Jeff cine"}},{"type":"Feature","geometry":{"type":"Point","coordinates":[-72.181586,19.724952]},"properties":{"f":"restauration","t":"restaurant","n":"C&N bar Resto"}},{"type":"Feature","geometry":{"type":"Point","coordinates":[-72.181326,19.725134]},"properties":{"f":"hebergement","t":"hotel","n":"hôtel christ seul éspoir"}},{"type":"Feature","geometry":{"type":"Point","coordinates":[-72.181921,19.728123]},"properties":{"f":"culture","t":"arts_centre","n":"L´oiseau Art Gallerie"}},{"type":"Feature","geometry":{"type":"Point","coordinates":[-72.18233,19.728135]},"properties":{"f":"culture","t":"cinema","n":"Cine Lex"}},{"type":"Feature","geometry":{"type":"Point","coordinates":[-72.183685,19.726747]},"properties":{"f":"hebergement","t":"hotel","n":"La Trinite Hotel, Bar Resto"}},{"type":"Feature","geometry":{"type":"Point","coordinates":[-72.18528,19.726857]},"properties":{"f":"restauration","t":"restaurant","n":"La source Bar Restaurant"}},{"type":"Feature","geometry":{"type":"Point","coordinates":[-72.1842,19.729782]},"properties":{"f":"hebergement","t":"hotel","n":"Hotel Dye Ki Bay"}},{"type":"Feature","geometry":{"type":"Point","coordinates":[-72.184003,19.730198]},"properties":{"f":"restauration","t":"cafe","n":"Pierrot Cyber Cafe"}},{"type":"Feature","geometry":{"type":"Point","coordinates":[-72.183384,19.729874]},"properties":{"f":"restauration","t":"restaurant","n":"TOTO Bar Resto"}},{"type":"Feature","geometry":{"type":"Point","coordinates":[-72.187159,19.731942]},"properties":{"f":"culture","t":"cinema","n":"Vision Ciné Bar Restaurant"}},{"type":"Feature","geometry":{"type":"Point","coordinates":[-72.187703,19.729244]},"properties":{"f":"restauration","t":"restaurant","n":"La Source Bar resto"}},{"type":"Feature","geometry":{"type":"Point","coordinates":[-72.18783,19.729783]},"properties":{"f":"restauration","t":"cafe","n":"Café"}},{"type":"Feature","geometry":{"type":"Point","coordinates":[-72.19267,19.728772]},"properties":{"f":"restauration","t":"restaurant","n":"DAYE bar restaurant"}},{"type":"Feature","geometry":{"type":"Point","coordinates":[-72.216184,19.727707]},"properties":{"f":"culture","t":"cinema","n":"Ronald Cine"}},{"type":"Feature","geometry":{"type":"Point","coordinates":[-72.228807,19.723374]},"properties":{"f":"restauration","t":"restaurant","n":"Lucky love bar resto"}},{"type":"Feature","geometry":{"type":"Point","coordinates":[-72.22812,19.725689]},"properties":{"f":"restauration","t":"restaurant","n":"Satisfaction Bar Resto"}},{"type":"Feature","geometry":{"type":"Point","coordinates":[-72.226377,19.727677]},"properties":{"f":"hebergement","t":"hotel","n":"Pierrot"}},{"type":"Feature","geometry":{"type":"Point","coordinates":[-72.22773,19.72749]},"properties":{"f":"restauration","t":"restaurant","n":"Satisfaction Bar Resto"}},{"type":"Feature","geometry":{"type":"Point","coordinates":[-72.224911,19.729085]},"properties":{"f":"restauration","t":"restaurant","n":"Hangout Bar"}},{"type":"Feature","geometry":{"type":"Point","coordinates":[-72.225289,19.729517]},"properties":{"f":"restauration","t":"cafe","n":"Cybercafe Net Bob Bagay"}},{"type":"Feature","geometry":{"type":"Point","coordinates":[-72.226504,19.730137]},"properties":{"f":"restauration","t":"restaurant","n":"Vox Dei bar resto"}},{"type":"Feature","geometry":{"type":"Point","coordinates":[-72.226249,19.731191]},"properties":{"f":"restauration","t":"bar","n":"Sky Bar @ Metro Residence Hotel"}},{"type":"Feature","geometry":{"type":"Point","coordinates":[-72.226191,19.731231]},"properties":{"f":"hebergement","t":"hotel","n":"Metro Residence"}},{"type":"Feature","geometry":{"type":"Point","coordinates":[-72.225634,19.73055]},"properties":{"f":"restauration","t":"restaurant","n":"Ayayay Restaurant"}},{"type":"Feature","geometry":{"type":"Point","coordinates":[-72.224638,19.7331]},"properties":{"f":"restauration","t":"restaurant","n":"Ti Boukan"}},{"type":"Feature","geometry":{"type":"Point","coordinates":[-72.22486,19.732551]},"properties":{"f":"restauration","t":"cafe","n":"Good Communication"}},{"type":"Feature","geometry":{"type":"Point","coordinates":[-72.224548,19.732595]},"properties":{"f":"restauration","t":"restaurant","n":"Boucan Restaurant"}},{"type":"Feature","geometry":{"type":"Point","coordinates":[-72.223226,19.733294]},"properties":{"f":"hebergement","t":"hotel","n":"Prince of peace"}},{"type":"Feature","geometry":{"type":"Point","coordinates":[-72.223099,19.733856]},"properties":{"f":"hebergement","t":"hotel","n":"La Fonda"}},{"type":"Feature","geometry":{"type":"Point","coordinates":[-72.220208,19.735344]},"properties":{"f":"restauration","t":"cafe","n":""}},{"type":"Feature","geometry":{"type":"Point","coordinates":[-72.220486,19.739334]},"properties":{"f":"hebergement","t":"hotel","n":""}},{"type":"Feature","geometry":{"type":"Point","coordinates":[-72.219269,19.739259]},"properties":{"f":"hebergement","t":"hotel","n":"Sainte-Philomène Hotel"}},{"type":"Feature","geometry":{"type":"Point","coordinates":[-72.219684,19.738894]},"properties":{"f":"restauration","t":"nightclub","n":"Tropicana Nightclub"}},{"type":"Feature","geometry":{"type":"Point","coordinates":[-72.219289,19.738519]},"properties":{"f":"restauration","t":"bar","n":"Angel Liqueur mart"}},{"type":"Feature","geometry":{"type":"Point","coordinates":[-72.219176,19.737438]},"properties":{"f":"restauration","t":"cafe","n":"Dynamique Cyber"}},{"type":"Feature","geometry":{"type":"Point","coordinates":[-72.219671,19.737724]},"properties":{"f":"restauration","t":"restaurant","n":"Nazareth Plaza"}},{"type":"Feature","geometry":{"type":"Point","coordinates":[-72.220593,19.737573]},"properties":{"f":"hebergement","t":"hotel","n":"Le Sage Hotel"}},{"type":"Feature","geometry":{"type":"Point","coordinates":[-72.216313,19.738138]},"properties":{"f":"restauration","t":"bar","n":"Distraksyon Ideyal Bar Restaurant Dansant"}},{"type":"Feature","geometry":{"type":"Point","coordinates":[-72.216274,19.738211]},"properties":{"f":"restauration","t":"bar","n":"La Gloire de Dieu Produits Comestiques et  Bar Restaurants"}},{"type":"Feature","geometry":{"type":"Point","coordinates":[-72.216249,19.738267]},"properties":{"f":"restauration","t":"bar","n":"Se Gras a ou Seye Bazar"}},{"type":"Feature","geometry":{"type":"Point","coordinates":[-72.216672,19.738079]},"properties":{"f":"culture","t":"cinema","n":"Ciné Etoile"}},{"type":"Feature","geometry":{"type":"Point","coordinates":[-72.218379,19.738978]},"properties":{"f":"restauration","t":"cafe","n":"Declick Cyber Café"}},{"type":"Feature","geometry":{"type":"Point","coordinates":[-72.216911,19.739794]},"properties":{"f":"restauration","t":"restaurant","n":"Mosie Bar Restaurant"}},{"type":"Feature","geometry":{"type":"Point","coordinates":[-72.216867,19.739969]},"properties":{"f":"restauration","t":"cafe","n":"Joe Cyber Net"}},{"type":"Feature","geometry":{"type":"Point","coordinates":[-72.216257,19.7396]},"properties":{"f":"restauration","t":"restaurant","n":"Tamara Bar Restaurant"}},{"type":"Feature","geometry":{"type":"Point","coordinates":[-72.216247,19.738768]},"properties":{"f":"restauration","t":"nightclub","n":"Anbyans Kreyol Bar Restaurant Dansant"}},{"type":"Feature","geometry":{"type":"Point","coordinates":[-72.216211,19.738319]},"properties":{"f":"restauration","t":"bar","n":"Stop And chop Bazar"}},{"type":"Feature","geometry":{"type":"Point","coordinates":[-72.21612,19.738431]},"properties":{"f":"restauration","t":"bar","n":"Canaan bar"}},{"type":"Feature","geometry":{"type":"Point","coordinates":[-72.215963,19.738415]},"properties":{"f":"restauration","t":"cafe","n":"Begez Cyber Cafe"}},{"type":"Feature","geometry":{"type":"Point","coordinates":[-72.216097,19.738676]},"properties":{"f":"restauration","t":"restaurant","n":"Bon Gout Bar Resto"}},{"type":"Feature","geometry":{"type":"Point","coordinates":[-72.215936,19.739387]},"properties":{"f":"restauration","t":"cafe","n":"gsc (Good sheperd Charitable , inc) Cyber Cafe , appel"}},{"type":"Feature","geometry":{"type":"Point","coordinates":[-72.214722,19.73949]},"properties":{"f":"restauration","t":"cafe","n":"Centre d´appel"}},{"type":"Feature","geometry":{"type":"Point","coordinates":[-72.214894,19.737314]},"properties":{"f":"restauration","t":"bar","n":"Osias Bar"}},{"type":"Feature","geometry":{"type":"Point","coordinates":[-72.215008,19.7372]},"properties":{"f":"restauration","t":"cafe","n":"Distraction Multi-Services"}},{"type":"Feature","geometry":{"type":"Point","coordinates":[-72.215189,19.736736]},"properties":{"f":"restauration","t":"cafe","n":"Pale Palew net"}},{"type":"Feature","geometry":{"type":"Point","coordinates":[-72.214647,19.737171]},"properties":{"f":"restauration","t":"cafe","n":"Herick Cyber Cafe/Servives d'internet"}},{"type":"Feature","geometry":{"type":"Point","coordinates":[-72.213433,19.737278]},"properties":{"f":"restauration","t":"restaurant","n":"Klasik Bar Restaurant Dansant"}},{"type":"Feature","geometry":{"type":"Point","coordinates":[-72.215074,19.736127]},"properties":{"f":"restauration","t":"restaurant","n":"Le petit Cordonbleur (Bar Resto)"}},{"type":"Feature","geometry":{"type":"Point","coordinates":[-72.216458,19.735994]},"properties":{"f":"restauration","t":"cafe","n":"UCTECH Cyber Café"}},{"type":"Feature","geometry":{"type":"Point","coordinates":[-72.212638,19.738215]},"properties":{"f":"restauration","t":"bar","n":"Cinq Etoiles"}},{"type":"Feature","geometry":{"type":"Point","coordinates":[-72.211709,19.739947]},"properties":{"f":"restauration","t":"cafe","n":"Digitouche multi-service"}},{"type":"Feature","geometry":{"type":"Point","coordinates":[-72.212626,19.739595]},"properties":{"f":"restauration","t":"cafe","n":"Belo Net"}},{"type":"Feature","geometry":{"type":"Point","coordinates":[-72.211174,19.741793]},"properties":{"f":"restauration","t":"restaurant","n":"La gloire Dieu"}},{"type":"Feature","geometry":{"type":"Point","coordinates":[-72.210928,19.742149]},"properties":{"f":"restauration","t":"restaurant","n":"Caribou Bar restaurant"}},{"type":"Feature","geometry":{"type":"Point","coordinates":[-72.21218,19.742557]},"properties":{"f":"restauration","t":"bar","n":"Tani"}},{"type":"Feature","geometry":{"type":"Point","coordinates":[-72.210845,19.743255]},"properties":{"f":"restauration","t":"restaurant","n":""}},{"type":"Feature","geometry":{"type":"Point","coordinates":[-72.210086,19.742854]},"properties":{"f":"hebergement","t":"hotel","n":"Cherie Love"}},{"type":"Feature","geometry":{"type":"Point","coordinates":[-72.208713,19.742959]},"properties":{"f":"restauration","t":"cafe","n":"Cyber Cafe Sony Multi-Service"}},{"type":"Feature","geometry":{"type":"Point","coordinates":[-72.207682,19.74762]},"properties":{"f":"restauration","t":"cafe","n":"je ne sais pas"}},{"type":"Feature","geometry":{"type":"Point","coordinates":[-72.2076,19.748243]},"properties":{"f":"restauration","t":"restaurant","n":"Mini Bar Bon Fre Bon Zanmi"}},{"type":"Feature","geometry":{"type":"Point","coordinates":[-72.209735,19.74677]},"properties":{"f":"restauration","t":"cafe","n":"Wiwis Production Cyber Cafe"}},{"type":"Feature","geometry":{"type":"Point","coordinates":[-72.208545,19.744471]},"properties":{"f":"restauration","t":"cafe","n":"P.C.J Cyber-cafe"}},{"type":"Feature","geometry":{"type":"Point","coordinates":[-72.210421,19.744761]},"properties":{"f":"restauration","t":"cafe","n":"Inter Cell Cuber"}},{"type":"Feature","geometry":{"type":"Point","coordinates":[-72.20999,19.74489]},"properties":{"f":"restauration","t":"cafe","n":"La Foi Door Services Windows"}},{"type":"Feature","geometry":{"type":"Point","coordinates":[-72.210586,19.745795]},"properties":{"f":"restauration","t":"bar","n":"Byen vag bar"}},{"type":"Feature","geometry":{"type":"Point","coordinates":[-72.209245,19.745687]},"properties":{"f":"hebergement","t":"hotel","n":"Hôtel Gongo"}},{"type":"Feature","geometry":{"type":"Point","coordinates":[-72.209846,19.746243]},"properties":{"f":"restauration","t":"cafe","n":"Sylla Production Cyber Cafe"}},{"type":"Feature","geometry":{"type":"Point","coordinates":[-72.210422,19.745901]},"properties":{"f":"restauration","t":"cafe","n":"Info net Multi-Services"}},{"type":"Feature","geometry":{"type":"Point","coordinates":[-72.210689,19.745742]},"properties":{"f":"restauration","t":"bar","n":"One Love"}},{"type":"Feature","geometry":{"type":"Point","coordinates":[-72.21206,19.746364]},"properties":{"f":"restauration","t":"bar","n":"Rose and The Best Bar Merci Jesus"}},{"type":"Feature","geometry":{"type":"Point","coordinates":[-72.212176,19.748155]},"properties":{"f":"restauration","t":"cafe","n":"Les Entreprises Delta Cyber Cafe"}},{"type":"Feature","geometry":{"type":"Point","coordinates":[-72.212275,19.747997]},"properties":{"f":"restauration","t":"bar","n":"Patcheke Snack Bar"}},{"type":"Feature","geometry":{"type":"Point","coordinates":[-72.214241,19.743791]},"properties":{"f":"hebergement","t":"hotel","n":"Imperial Hotel"}},{"type":"Feature","geometry":{"type":"Point","coordinates":[-72.218064,19.740375]},"properties":{"f":"restauration","t":"cafe","n":"God Be Able Multi services"}},{"type":"Feature","geometry":{"type":"Point","coordinates":[-72.218253,19.740527]},"properties":{"f":"restauration","t":"cafe","n":"Leroy International"}},{"type":"Feature","geometry":{"type":"Point","coordinates":[-72.211158,19.751268]},"properties":{"f":"restauration","t":"cafe","n":"El Elion Cyber cafe"}},{"type":"Feature","geometry":{"type":"Point","coordinates":[-72.209527,19.750527]},"properties":{"f":"restauration","t":"bar","n":"Faro Love Bar"}},{"type":"Feature","geometry":{"type":"Point","coordinates":[-72.207658,19.74841]},"properties":{"f":"restauration","t":"bar","n":"Bar les Voyageurs"}},{"type":"Feature","geometry":{"type":"Point","coordinates":[-72.207788,19.748544]},"properties":{"f":"restauration","t":"bar","n":""}},{"type":"Feature","geometry":{"type":"Point","coordinates":[-72.207396,19.749256]},"properties":{"f":"hebergement","t":"hotel","n":"inconnu"}},{"type":"Feature","geometry":{"type":"Point","coordinates":[-72.207662,19.749963]},"properties":{"f":"restauration","t":"cafe","n":"New Vision Cyber Cafe"}},{"type":"Feature","geometry":{"type":"Point","coordinates":[-72.202558,19.74983]},"properties":{"f":"sites","t":"artwork","n":"Buste de Henri Christophe"}},{"type":"Feature","geometry":{"type":"Point","coordinates":[-72.203142,19.755577]},"properties":{"f":"restauration","t":"restaurant","n":"Lendz bazar resto"}},{"type":"Feature","geometry":{"type":"Point","coordinates":[-72.204393,19.756319]},"properties":{"f":"hebergement","t":"hotel","n":"Colombia Hotel"}},{"type":"Feature","geometry":{"type":"Point","coordinates":[-72.212134,19.75609]},"properties":{"f":"hebergement","t":"hotel","n":""}},{"type":"Feature","geometry":{"type":"Point","coordinates":[-72.204778,19.757238]},"properties":{"f":"hebergement","t":"hotel","n":"Hotel Master"}},{"type":"Feature","geometry":{"type":"Point","coordinates":[-72.204407,19.757459]},"properties":{"f":"hebergement","t":"hotel","n":"Hispaniola Hotel"}},{"type":"Feature","geometry":{"type":"Point","coordinates":[-72.20311,19.757439]},"properties":{"f":"restauration","t":"bar","n":"L´Eternel est Grand bazar"}},{"type":"Feature","geometry":{"type":"Point","coordinates":[-72.204085,19.759722]},"properties":{"f":"hebergement","t":"hotel","n":"Gro Bebe Hotel"}},{"type":"Feature","geometry":{"type":"Point","coordinates":[-72.204115,19.759677]},"properties":{"f":"restauration","t":"restaurant","n":"Gro Bebe Bar Restaurant"}},{"type":"Feature","geometry":{"type":"Point","coordinates":[-72.206814,19.760104]},"properties":{"f":"hebergement","t":"guest_house","n":"Les Lauriers"}},{"type":"Feature","geometry":{"type":"Point","coordinates":[-72.206697,19.760315]},"properties":{"f":"sites","t":"viewpoint","n":"Habitation des Lauriers"}},{"type":"Feature","geometry":{"type":"Point","coordinates":[-72.206556,19.760644]},"properties":{"f":"hebergement","t":"hotel","n":"Habitation des Lauriers"}},{"type":"Feature","geometry":{"type":"Point","coordinates":[-72.203363,19.760549]},"properties":{"f":"restauration","t":"bar","n":"Soberma Bazar"}},{"type":"Feature","geometry":{"type":"Point","coordinates":[-72.203021,19.761551]},"properties":{"f":"sites","t":"attraction","n":"Park Montache"}},{"type":"Feature","geometry":{"type":"Point","coordinates":[-72.202242,19.762012]},"properties":{"f":"hebergement","t":"hotel","n":"paradis"}},{"type":"Feature","geometry":{"type":"Point","coordinates":[-72.205079,19.763624]},"properties":{"f":"culture","t":"arts_centre","n":"Gymnasium de Champ de Mars"}},{"type":"Feature","geometry":{"type":"Point","coordinates":[-72.251653,19.725673]},"properties":{"f":"hebergement","t":"guest_house","n":"Interfaith-Quest Guest House and Youth Hostel"}},{"type":"Feature","geometry":{"type":"Point","coordinates":[-72.258745,19.722493]},"properties":{"f":"hebergement","t":"hotel","n":"Hotel Zabitan"}},{"type":"Feature","geometry":{"type":"Point","coordinates":[-72.254294,19.716427]},"properties":{"f":"restauration","t":"restaurant","n":"Rosevelt Bar restaurant"}},{"type":"Feature","geometry":{"type":"Point","coordinates":[-72.255538,19.719618]},"properties":{"f":"restauration","t":"restaurant","n":""}},{"type":"Feature","geometry":{"type":"Point","coordinates":[-72.255537,19.718733]},"properties":{"f":"hebergement","t":"hotel","n":"Villa Cana"}},{"type":"Feature","geometry":{"type":"Point","coordinates":[-72.24983,19.721854]},"properties":{"f":"restauration","t":"cafe","n":"M et J Multi Services"}},{"type":"Feature","geometry":{"type":"Point","coordinates":[-72.265521,19.711053]},"properties":{"f":"restauration","t":"cafe","n":"EUREKA multi-services_cyber café"}},{"type":"Feature","geometry":{"type":"Point","coordinates":[-72.26488,19.711001]},"properties":{"f":"restauration","t":"restaurant","n":"Grande Ste Anne Bar restorant"}},{"type":"Feature","geometry":{"type":"Point","coordinates":[-72.259698,19.7152]},"properties":{"f":"hebergement","t":"hotel","n":"MAMA Hotel"}},{"type":"Feature","geometry":{"type":"Point","coordinates":[-72.273666,19.709052]},"properties":{"f":"hebergement","t":"hotel","n":"Culture Hotel et Night Club"}},{"type":"Feature","geometry":{"type":"Point","coordinates":[-72.271983,19.711836]},"properties":{"f":"hebergement","t":"hotel","n":"Kaina hotel bar-resto"}},{"type":"Feature","geometry":{"type":"Point","coordinates":[-72.250113,19.774735]},"properties":{"f":"hebergement","t":"motel","n":"Maison d'Amitié"}},{"type":"Feature","geometry":{"type":"Point","coordinates":[-72.250113,19.774735]},"properties":{"f":"hebergement","t":"motel","n":"Maison D'Amitie"}},{"type":"Feature","geometry":{"type":"Point","coordinates":[-72.258981,19.775523]},"properties":{"f":"hebergement","t":"hotel","n":""}},{"type":"Feature","geometry":{"type":"Point","coordinates":[-71.815266,19.655064]},"properties":{"f":"restauration","t":"nightclub","n":"Apolo Disco"}},{"type":"Feature","geometry":{"type":"Point","coordinates":[-71.81442,19.654784]},"properties":{"f":"restauration","t":"restaurant","n":"Libery Bar Restaurant"}},{"type":"Feature","geometry":{"type":"Point","coordinates":[-71.835413,19.659554]},"properties":{"f":"restauration","t":"restaurant","n":"Caimite Bar Restaurant"}},{"type":"Feature","geometry":{"type":"Point","coordinates":[-71.835454,19.659412]},"properties":{"f":"culture","t":"cinema","n":"Caimite Cine"}},{"type":"Feature","geometry":{"type":"Point","coordinates":[-71.835459,19.657463]},"properties":{"f":"restauration","t":"restaurant","n":"Genie Bar Resto"}},{"type":"Feature","geometry":{"type":"Point","coordinates":[-71.833962,19.655558]},"properties":{"f":"restauration","t":"nightclub","n":"Romarin Night Club Disco Bar Resto"}},{"type":"Feature","geometry":{"type":"Point","coordinates":[-71.831531,19.652366]},"properties":{"f":"restauration","t":"bar","n":"Bar de DBTEC"}},{"type":"Feature","geometry":{"type":"Point","coordinates":[-71.832375,19.65308]},"properties":{"f":"hebergement","t":"hotel","n":"Philo Hotel"}},{"type":"Feature","geometry":{"type":"Point","coordinates":[-71.832499,19.652707]},"properties":{"f":"restauration","t":"restaurant","n":""}},{"type":"Feature","geometry":{"type":"Point","coordinates":[-71.826435,19.655745]},"properties":{"f":"hebergement","t":"hotel","n":"Le Relais Hotel"}},{"type":"Feature","geometry":{"type":"Point","coordinates":[-71.83239,19.663648]},"properties":{"f":"culture","t":"cinema","n":""}},{"type":"Feature","geometry":{"type":"Point","coordinates":[-71.831312,19.663008]},"properties":{"f":"hebergement","t":"hotel","n":"Le Gîte Hôtel"}},{"type":"Feature","geometry":{"type":"Point","coordinates":[-71.83351,19.663897]},"properties":{"f":"restauration","t":"restaurant","n":"T-Sheles"}},{"type":"Feature","geometry":{"type":"Point","coordinates":[-71.832629,19.66566]},"properties":{"f":"hebergement","t":"hotel","n":"Trinity Brother's"}},{"type":"Feature","geometry":{"type":"Point","coordinates":[-71.836211,19.667121]},"properties":{"f":"hebergement","t":"hotel","n":"BayahaHotel"}},{"type":"Feature","geometry":{"type":"Point","coordinates":[-71.836477,19.667384]},"properties":{"f":"restauration","t":"bar","n":""}},{"type":"Feature","geometry":{"type":"Point","coordinates":[-71.838167,19.667459]},"properties":{"f":"restauration","t":"nightclub","n":"Dolphin's"}},{"type":"Feature","geometry":{"type":"Point","coordinates":[-71.837163,19.666334]},"properties":{"f":"restauration","t":"restaurant","n":"Jomela Restaurant"}},{"type":"Feature","geometry":{"type":"Point","coordinates":[-71.838657,19.665476]},"properties":{"f":"culture","t":"arts_centre","n":"VDH Fort-Liberté"}},{"type":"Feature","geometry":{"type":"Point","coordinates":[-71.837575,19.663898]},"properties":{"f":"restauration","t":"restaurant","n":"He Bien"}},{"type":"Feature","geometry":{"type":"Point","coordinates":[-71.837912,19.663982]},"properties":{"f":"restauration","t":"bar","n":"Malissa"}},{"type":"Feature","geometry":{"type":"Point","coordinates":[-71.8366,19.663957]},"properties":{"f":"restauration","t":"restaurant","n":"Sentinelle"}},{"type":"Feature","geometry":{"type":"Point","coordinates":[-71.835135,19.663337]},"properties":{"f":"restauration","t":"restaurant","n":"Le Plat du Jour"}},{"type":"Feature","geometry":{"type":"Point","coordinates":[-71.836119,19.662945]},"properties":{"f":"restauration","t":"bar","n":"Boucanier"}},{"type":"Feature","geometry":{"type":"Point","coordinates":[-71.836527,19.660985]},"properties":{"f":"culture","t":"arts_centre","n":"Clac de Fort-Liberté"}},{"type":"Feature","geometry":{"type":"Point","coordinates":[-71.837673,19.662033]},"properties":{"f":"hebergement","t":"hotel","n":"Quisqueya Hotel"}},{"type":"Feature","geometry":{"type":"Point","coordinates":[-71.837358,19.662467]},"properties":{"f":"restauration","t":"cafe","n":"Orion Computer System"}},{"type":"Feature","geometry":{"type":"Point","coordinates":[-71.837447,19.663651]},"properties":{"f":"restauration","t":"cafe","n":"Centre de Recherche"}},{"type":"Feature","geometry":{"type":"Point","coordinates":[-71.839693,19.665597]},"properties":{"f":"sites","t":"museum","n":"Salle Paroissiale Saint Joseph"}},{"type":"Feature","geometry":{"type":"Point","coordinates":[-71.839713,19.6674]},"properties":{"f":"restauration","t":"restaurant","n":"Kay Manmie Bar Restaurant"}},{"type":"Feature","geometry":{"type":"Point","coordinates":[-71.839669,19.667639]},"properties":{"f":"restauration","t":"restaurant","n":"Froude and Dji Bar Restaurant"}},{"type":"Feature","geometry":{"type":"Point","coordinates":[-71.89696,19.675817]},"properties":{"f":"restauration","t":"nightclub","n":"Margalita Night Club"}},{"type":"Feature","geometry":{"type":"Point","coordinates":[-71.960043,19.64045]},"properties":{"f":"culture","t":"cinema","n":"Olympia Ciné"}},{"type":"Feature","geometry":{"type":"Point","coordinates":[-71.957431,19.640398]},"properties":{"f":"culture","t":"cinema","n":"Belle Image Ciné"}},{"type":"Feature","geometry":{"type":"Point","coordinates":[-71.956921,19.639482]},"properties":{"f":"hebergement","t":"hotel","n":"La perfection"}},{"type":"Feature","geometry":{"type":"Point","coordinates":[-71.958881,19.638705]},"properties":{"f":"culture","t":"cinema","n":"De Gand Ciné"}},{"type":"Feature","geometry":{"type":"Point","coordinates":[-71.955283,19.637813]},"properties":{"f":"restauration","t":"cafe","n":"Techno Net"}},{"type":"Feature","geometry":{"type":"Point","coordinates":[-71.953824,19.636926]},"properties":{"f":"restauration","t":"restaurant","n":"Manie Bar Disco"}},{"type":"Feature","geometry":{"type":"Point","coordinates":[-71.952841,19.636822]},"properties":{"f":"restauration","t":"fast_food","n":"inconnu"}},{"type":"Feature","geometry":{"type":"Point","coordinates":[-71.950438,19.6362]},"properties":{"f":"restauration","t":"restaurant","n":"La Sorpresa Bar Restaurant"}},{"type":"Feature","geometry":{"type":"Point","coordinates":[-71.956092,19.631159]},"properties":{"f":"restauration","t":"nightclub","n":"Sans Rival Disco"}},{"type":"Feature","geometry":{"type":"Point","coordinates":[-71.956108,19.633948]},"properties":{"f":"restauration","t":"bar","n":"Le Roseau Bar"}},{"type":"Feature","geometry":{"type":"Point","coordinates":[-71.954441,19.634292]},"properties":{"f":"restauration","t":"bar","n":"La Detente Bar"}},{"type":"Feature","geometry":{"type":"Point","coordinates":[-71.954483,19.634247]},"properties":{"f":"restauration","t":"bar","n":"La Detente Bar"}},{"type":"Feature","geometry":{"type":"Point","coordinates":[-71.958523,19.635087]},"properties":{"f":"restauration","t":"nightclub","n":"Kay Lucien"}},{"type":"Feature","geometry":{"type":"Point","coordinates":[-71.960699,19.63251]},"properties":{"f":"hebergement","t":"hostel","n":"Pasteur Appolon Noel"}},{"type":"Feature","geometry":{"type":"Point","coordinates":[-71.803808,19.590737]},"properties":{"f":"restauration","t":"nightclub","n":"Golgotha Disco"}},{"type":"Feature","geometry":{"type":"Point","coordinates":[-71.770842,19.590703]},"properties":{"f":"information","t":"information","n":"ARC GNPD notice board"}},{"type":"Feature","geometry":{"type":"Point","coordinates":[-71.75878,19.598798]},"properties":{"f":"culture","t":"cinema","n":"Ciné La Tasse"}},{"type":"Feature","geometry":{"type":"Point","coordinates":[-71.752026,19.604016]},"properties":{"f":"culture","t":"cinema","n":"Baz 4 Sipèsta Sine"}},{"type":"Feature","geometry":{"type":"Point","coordinates":[-71.762603,19.63103]},"properties":{"f":"information","t":"information","n":"ARC GNPD notice board"}},{"type":"Feature","geometry":{"type":"Point","coordinates":[-71.766256,19.61424]},"properties":{"f":"restauration","t":"cafe","n":"T JaJa Multi Services"}},{"type":"Feature","geometry":{"type":"Point","coordinates":[-71.766216,19.613975]},"properties":{"f":"restauration","t":"nightclub","n":"Caramel Bar Disco"}},{"type":"Feature","geometry":{"type":"Point","coordinates":[-71.765452,19.608697]},"properties":{"f":"culture","t":"cinema","n":"Lalou Ciné"}},{"type":"Feature","geometry":{"type":"Point","coordinates":[-71.76512,19.60814]},"properties":{"f":"information","t":"information","n":"ARC GNPD notice board"}},{"type":"Feature","geometry":{"type":"Point","coordinates":[-71.767133,19.615609]},"properties":{"f":"hebergement","t":"hostel","n":""}},{"type":"Feature","geometry":{"type":"Point","coordinates":[-71.766868,19.61596]},"properties":{"f":"information","t":"information","n":"ARC GNPD notice board"}},{"type":"Feature","geometry":{"type":"Point","coordinates":[-71.781635,19.610918]},"properties":{"f":"hebergement","t":"hostel","n":"TED Orphelinat"}},{"type":"Feature","geometry":{"type":"Point","coordinates":[-71.784231,19.609163]},"properties":{"f":"information","t":"information","n":"ARC GNPD notice board"}},{"type":"Feature","geometry":{"type":"Point","coordinates":[-71.782224,19.644588]},"properties":{"f":"restauration","t":"cafe","n":"PKD Multi Services"}},{"type":"Feature","geometry":{"type":"Point","coordinates":[-71.784546,19.641249]},"properties":{"f":"information","t":"information","n":"ARC GNPD notice board"}},{"type":"Feature","geometry":{"type":"Point","coordinates":[-71.756887,19.640255]},"properties":{"f":"restauration","t":"bar","n":"Dana Bar Restaurant"}},{"type":"Feature","geometry":{"type":"Point","coordinates":[-71.774118,19.657232]},"properties":{"f":"culture","t":"cinema","n":"Claude Ciné"}},{"type":"Feature","geometry":{"type":"Point","coordinates":[-71.757111,19.666057]},"properties":{"f":"restauration","t":"cafe","n":"Sarepta Multi Services"}},{"type":"Feature","geometry":{"type":"Point","coordinates":[-71.756809,19.668492]},"properties":{"f":"restauration","t":"nightclub","n":""}},{"type":"Feature","geometry":{"type":"Point","coordinates":[-71.755223,19.651148]},"properties":{"f":"culture","t":"cinema","n":"Jackson Ciné"}},{"type":"Feature","geometry":{"type":"Point","coordinates":[-71.730488,19.559435]},"properties":{"f":"culture","t":"cinema","n":"Ciné bool , Diminik , Cinéma"}},{"type":"Feature","geometry":{"type":"Point","coordinates":[-71.729548,19.556852]},"properties":{"f":"restauration","t":"restaurant","n":"Restaurant Communautaire de Gaillard"}},{"type":"Feature","geometry":{"type":"Point","coordinates":[-71.729752,19.558703]},"properties":{"f":"restauration","t":"nightclub","n":"Soulaje malere , Ste philomise Disco"}},{"type":"Feature","geometry":{"type":"Point","coordinates":[-71.731915,19.556113]},"properties":{"f":"hebergement","t":"hotel","n":"Dieu devant Idéal Hotel"}},{"type":"Feature","geometry":{"type":"Point","coordinates":[-71.730497,19.555556]},"properties":{"f":"culture","t":"cinema","n":"Wliner Ciné"}},{"type":"Feature","geometry":{"type":"Point","coordinates":[-71.729985,19.556687]},"properties":{"f":"hebergement","t":"hostel","n":"Canaan Tssiba"}},{"type":"Feature","geometry":{"type":"Point","coordinates":[-71.728931,19.556732]},"properties":{"f":"culture","t":"cinema","n":"Sonson Ciné Bool , Cinéma"}},{"type":"Feature","geometry":{"type":"Point","coordinates":[-71.728932,19.556704]},"properties":{"f":"restauration","t":"bar","n":"Sonson Bar"}},{"type":"Feature","geometry":{"type":"Point","coordinates":[-71.728042,19.555132]},"properties":{"f":"restauration","t":"bar","n":"Ronaldo Bar"}},{"type":"Feature","geometry":{"type":"Point","coordinates":[-71.726043,19.555981]},"properties":{"f":"hebergement","t":"hotel","n":"Zwazo Hotel"}},{"type":"Feature","geometry":{"type":"Point","coordinates":[-71.724427,19.55503]},"properties":{"f":"restauration","t":"restaurant","n":"Casa blanca"}},{"type":"Feature","geometry":{"type":"Point","coordinates":[-71.721391,19.553183]},"properties":{"f":"restauration","t":"nightclub","n":"Onic Night Club"}},{"type":"Feature","geometry":{"type":"Point","coordinates":[-71.72065,19.553046]},"properties":{"f":"hebergement","t":"hotel","n":"Orix Hotel"}},{"type":"Feature","geometry":{"type":"Point","coordinates":[-71.720942,19.552471]},"properties":{"f":"restauration","t":"nightclub","n":"ONIC Night Club"}},{"type":"Feature","geometry":{"type":"Point","coordinates":[-71.717147,19.54962]},"properties":{"f":"hebergement","t":"hotel","n":"Ideal"}},{"type":"Feature","geometry":{"type":"Point","coordinates":[-71.71756,19.549625]},"properties":{"f":"hebergement","t":"hotel","n":""}},{"type":"Feature","geometry":{"type":"Point","coordinates":[-71.722118,19.548655]},"properties":{"f":"restauration","t":"restaurant","n":"Plaisir Gourmand"}},{"type":"Feature","geometry":{"type":"Point","coordinates":[-71.718825,19.548254]},"properties":{"f":"restauration","t":"nightclub","n":"Paradis Night Club"}},{"type":"Feature","geometry":{"type":"Point","coordinates":[-71.719343,19.548061]},"properties":{"f":"hebergement","t":"hotel","n":"Paradis Hotel"}},{"type":"Feature","geometry":{"type":"Point","coordinates":[-71.715912,19.549495]},"properties":{"f":"information","t":"information","n":"Centre d'Information Touristique"}},{"type":"Feature","geometry":{"type":"Point","coordinates":[-72.910874,18.346936]},"properties":{"f":"patrimoine","t":"ruins","n":"Fort Gari"}},{"type":"Feature","geometry":{"type":"Point","coordinates":[-72.823769,18.385997]},"properties":{"f":"patrimoine","t":"monument","n":"Monument aux Morts"}},{"type":"Feature","geometry":{"type":"Point","coordinates":[-72.990614,18.242141]},"properties":{"f":"patrimoine","t":"ruins","n":""}},{"type":"Feature","geometry":{"type":"Point","coordinates":[-73.415834,18.382963]},"properties":{"f":"patrimoine","t":"memorial","n":""}},{"type":"Feature","geometry":{"type":"Point","coordinates":[-73.654685,18.300906]},"properties":{"f":"patrimoine","t":"ruins","n":""}},{"type":"Feature","geometry":{"type":"Point","coordinates":[-74.109988,18.645968]},"properties":{"f":"patrimoine","t":"memorial","n":"Monument de jeremie"}},{"type":"Feature","geometry":{"type":"Point","coordinates":[-72.671617,19.139015]},"properties":{"f":"patrimoine","t":"castle","n":"Zone des Canons"}},{"type":"Feature","geometry":{"type":"Point","coordinates":[-72.67135,19.139114]},"properties":{"f":"patrimoine","t":"castle","n":""}},{"type":"Feature","geometry":{"type":"Point","coordinates":[-72.656787,19.15377]},"properties":{"f":"patrimoine","t":"castle","n":""}},{"type":"Feature","geometry":{"type":"Point","coordinates":[-72.656804,19.153836]},"properties":{"f":"patrimoine","t":"castle","n":""}},{"type":"Feature","geometry":{"type":"Point","coordinates":[-72.652931,19.153504]},"properties":{"f":"patrimoine","t":"castle","n":""}},{"type":"Feature","geometry":{"type":"Point","coordinates":[-72.652821,19.153454]},"properties":{"f":"patrimoine","t":"castle","n":""}},{"type":"Feature","geometry":{"type":"Point","coordinates":[-72.629006,19.166993]},"properties":{"f":"patrimoine","t":"monument","n":"Pompe sue la colonie"}},{"type":"Feature","geometry":{"type":"Point","coordinates":[-72.558211,19.18384]},"properties":{"f":"patrimoine","t":"ruins","n":""}},{"type":"Feature","geometry":{"type":"Point","coordinates":[-72.474428,19.117953]},"properties":{"f":"patrimoine","t":"castle","n":"Fort de la Crête à Pierrot"}},{"type":"Feature","geometry":{"type":"Point","coordinates":[-72.465704,19.113681]},"properties":{"f":"patrimoine","t":"ruins","n":""}},{"type":"Feature","geometry":{"type":"Point","coordinates":[-72.391554,19.134168]},"properties":{"f":"patrimoine","t":"ruins","n":"gebouw"}},{"type":"Feature","geometry":{"type":"Point","coordinates":[-72.392706,19.134461]},"properties":{"f":"patrimoine","t":"ruins","n":""}},{"type":"Feature","geometry":{"type":"Point","coordinates":[-72.479957,19.121451]},"properties":{"f":"patrimoine","t":"castle","n":"Palais de la Belle-Rivière"}},{"type":"Feature","geometry":{"type":"Point","coordinates":[-72.480001,19.121416]},"properties":{"f":"patrimoine","t":"monument","n":"Monument Historique"}},{"type":"Feature","geometry":{"type":"Point","coordinates":[-72.479983,19.121457]},"properties":{"f":"patrimoine","t":"monument","n":""}},{"type":"Feature","geometry":{"type":"Point","coordinates":[-72.508906,19.258512]},"properties":{"f":"patrimoine","t":"cannon","n":""}},{"type":"Feature","geometry":{"type":"Point","coordinates":[-72.509304,19.259209]},"properties":{"f":"patrimoine","t":"castle","n":""}},{"type":"Feature","geometry":{"type":"Point","coordinates":[-72.509069,19.258912]},"properties":{"f":"patrimoine","t":"monument","n":"Fort Culbuté"}},{"type":"Feature","geometry":{"type":"Point","coordinates":[-72.511026,19.262725]},"properties":{"f":"patrimoine","t":"castle","n":""}},{"type":"Feature","geometry":{"type":"Point","coordinates":[-72.512141,19.267589]},"properties":{"f":"patrimoine","t":"castle","n":""}},{"type":"Feature","geometry":{"type":"Point","coordinates":[-72.517058,19.278407]},"properties":{"f":"patrimoine","t":"castle","n":""}},{"type":"Feature","geometry":{"type":"Point","coordinates":[-72.523128,19.268229]},"properties":{"f":"patrimoine","t":"ruins","n":"Fort"}},{"type":"Feature","geometry":{"type":"Point","coordinates":[-72.521856,19.266325]},"properties":{"f":"patrimoine","t":"ruins","n":"Fort"}},{"type":"Feature","geometry":{"type":"Point","coordinates":[-72.516804,19.261604]},"properties":{"f":"patrimoine","t":"memorial","n":"Statue de Dessalines"}},{"type":"Feature","geometry":{"type":"Point","coordinates":[-74.346864,18.293014]},"properties":{"f":"patrimoine","t":"memorial","n":""}},{"type":"Feature","geometry":{"type":"Point","coordinates":[-74.10103,18.309335]},"properties":{"f":"patrimoine","t":"ruins","n":""}},{"type":"Feature","geometry":{"type":"Point","coordinates":[-74.101382,18.308825]},"properties":{"f":"patrimoine","t":"ruins","n":""}},{"type":"Feature","geometry":{"type":"Point","coordinates":[-74.101946,18.309332]},"properties":{"f":"patrimoine","t":"ruins","n":""}},{"type":"Feature","geometry":{"type":"Point","coordinates":[-74.106063,18.307128]},"properties":{"f":"patrimoine","t":"ruins","n":""}},{"type":"Feature","geometry":{"type":"Point","coordinates":[-74.104919,18.306091]},"properties":{"f":"patrimoine","t":"ruins","n":""}},{"type":"Feature","geometry":{"type":"Point","coordinates":[-73.782514,18.484771]},"properties":{"f":"patrimoine","t":"ruins","n":""}},{"type":"Feature","geometry":{"type":"Point","coordinates":[-72.62831,18.507064]},"properties":{"f":"patrimoine","t":"cannon","n":""}},{"type":"Feature","geometry":{"type":"Point","coordinates":[-72.338104,18.561283]},"properties":{"f":"patrimoine","t":"monument","n":""}},{"type":"Feature","geometry":{"type":"Point","coordinates":[-72.345478,18.551035]},"properties":{"f":"patrimoine","t":"ruins","n":"Hôtel de Ville de Port-au-Prince"}},{"type":"Feature","geometry":{"type":"Point","coordinates":[-72.337716,18.549621]},"properties":{"f":"patrimoine","t":"ruins","n":""}},{"type":"Feature","geometry":{"type":"Point","coordinates":[-72.338014,18.549674]},"properties":{"f":"patrimoine","t":"ruins","n":""}},{"type":"Feature","geometry":{"type":"Point","coordinates":[-72.338875,18.549714]},"properties":{"f":"patrimoine","t":"ruins","n":""}},{"type":"Feature","geometry":{"type":"Point","coordinates":[-72.338161,18.545136]},"properties":{"f":"patrimoine","t":"monument","n":"Le Marron Inconnu"}},{"type":"Feature","geometry":{"type":"Point","coordinates":[-72.336494,18.543252]},"properties":{"f":"patrimoine","t":"monument","n":"Monument à Henri Christophe"}},{"type":"Feature","geometry":{"type":"Point","coordinates":[-72.338805,18.542895]},"properties":{"f":"patrimoine","t":"ruins","n":"Palais National d'Haïti"}},{"type":"Feature","geometry":{"type":"Point","coordinates":[-72.338906,18.543791]},"properties":{"f":"patrimoine","t":"monument","n":""}},{"type":"Feature","geometry":{"type":"Point","coordinates":[-72.337744,18.544675]},"properties":{"f":"patrimoine","t":"monument","n":"Les Martyrs"}},{"type":"Feature","geometry":{"type":"Point","coordinates":[-72.338465,18.544584]},"properties":{"f":"patrimoine","t":"monument","n":"Monument à Toussaint Louverture"}},{"type":"Feature","geometry":{"type":"Point","coordinates":[-72.34059,18.542923]},"properties":{"f":"patrimoine","t":"memorial","n":"Mausolée National"}},{"type":"Feature","geometry":{"type":"Point","coordinates":[-72.336442,18.540674]},"properties":{"f":"patrimoine","t":"monument","n":"Monument à Jean-Jacques Dessalines"}},{"type":"Feature","geometry":{"type":"Point","coordinates":[-72.342527,18.533625]},"properties":{"f":"patrimoine","t":"memorial","n":"Mémorial du 10 janvier 2010"}},{"type":"Feature","geometry":{"type":"Point","coordinates":[-72.339652,18.52848]},"properties":{"f":"patrimoine","t":"memorial","n":"Mémorial du Renouveau"}},{"type":"Feature","geometry":{"type":"Point","coordinates":[-72.337314,18.525244]},"properties":{"f":"patrimoine","t":"ruins","n":""}},{"type":"Feature","geometry":{"type":"Point","coordinates":[-72.34781,18.52283]},"properties":{"f":"patrimoine","t":"ruins","n":""}},{"type":"Feature","geometry":{"type":"Point","coordinates":[-72.485135,18.434987]},"properties":{"f":"patrimoine","t":"ruins","n":""}},{"type":"Feature","geometry":{"type":"Point","coordinates":[-73.771882,18.196873]},"properties":{"f":"patrimoine","t":"ruins","n":""}},{"type":"Feature","geometry":{"type":"Point","coordinates":[-73.971446,18.269836]},"properties":{"f":"patrimoine","t":"castle","n":"Citadelle des Platons"}},{"type":"Feature","geometry":{"type":"Point","coordinates":[-73.86627,18.061465]},"properties":{"f":"patrimoine","t":"ruins","n":""}},{"type":"Feature","geometry":{"type":"Point","coordinates":[-73.750255,18.198176]},"properties":{"f":"patrimoine","t":"monument","n":""}},{"type":"Feature","geometry":{"type":"Point","coordinates":[-73.752556,18.196556]},"properties":{"f":"patrimoine","t":"monument","n":"Reconnaissance Au Rev.Pere Pierre Rolland Luser"}},{"type":"Feature","geometry":{"type":"Point","coordinates":[-73.748228,18.192021]},"properties":{"f":"patrimoine","t":"monument","n":"Hommage à Nicolas Geffrard"}},{"type":"Feature","geometry":{"type":"Point","coordinates":[-73.748047,18.192065]},"properties":{"f":"patrimoine","t":"monument","n":"12 Janvier 2010"}},{"type":"Feature","geometry":{"type":"Point","coordinates":[-73.748286,18.192251]},"properties":{"f":"patrimoine","t":"memorial","n":""}},{"type":"Feature","geometry":{"type":"Point","coordinates":[-73.748251,18.19284]},"properties":{"f":"patrimoine","t":"monument","n":"hommage solenel a Jesus Christ"}},{"type":"Feature","geometry":{"type":"Point","coordinates":[-73.747833,18.192515]},"properties":{"f":"patrimoine","t":"monument","n":"Hommage à Boisrond Tonnerre"}},{"type":"Feature","geometry":{"type":"Point","coordinates":[-73.748233,18.192945]},"properties":{"f":"patrimoine","t":"monument","n":""}},{"type":"Feature","geometry":{"type":"Point","coordinates":[-73.746784,18.191205]},"properties":{"f":"patrimoine","t":"cannon","n":""}},{"type":"Feature","geometry":{"type":"Point","coordinates":[-73.747426,18.191816]},"properties":{"f":"patrimoine","t":"monument","n":""}},{"type":"Feature","geometry":{"type":"Point","coordinates":[-73.757202,18.197582]},"properties":{"f":"patrimoine","t":"monument","n":"Assortor"}},{"type":"Feature","geometry":{"type":"Point","coordinates":[-73.764486,18.20261]},"properties":{"f":"patrimoine","t":"ruins","n":""}},{"type":"Feature","geometry":{"type":"Point","coordinates":[-73.763105,18.207963]},"properties":{"f":"patrimoine","t":"monument","n":""}},{"type":"Feature","geometry":{"type":"Point","coordinates":[-73.758567,18.207155]},"properties":{"f":"patrimoine","t":"monument","n":"Jesús Cristo"}},{"type":"Feature","geometry":{"type":"Point","coordinates":[-73.762882,18.208044]},"properties":{"f":"patrimoine","t":"ruins","n":""}},{"type":"Feature","geometry":{"type":"Point","coordinates":[-73.546125,18.262644]},"properties":{"f":"patrimoine","t":"cannon","n":""}},{"type":"Feature","geometry":{"type":"Point","coordinates":[-73.545985,18.262518]},"properties":{"f":"patrimoine","t":"cannon","n":""}},{"type":"Feature","geometry":{"type":"Point","coordinates":[-73.545552,18.262676]},"properties":{"f":"patrimoine","t":"cannon","n":""}},{"type":"Feature","geometry":{"type":"Point","coordinates":[-73.545679,18.262799]},"properties":{"f":"patrimoine","t":"cannon","n":""}},{"type":"Feature","geometry":{"type":"Point","coordinates":[-73.545827,18.262943]},"properties":{"f":"patrimoine","t":"cannon","n":""}},{"type":"Feature","geometry":{"type":"Point","coordinates":[-73.545855,18.262426]},"properties":{"f":"patrimoine","t":"cannon","n":""}},{"type":"Feature","geometry":{"type":"Point","coordinates":[-73.546877,18.261837]},"properties":{"f":"patrimoine","t":"ruins","n":""}},{"type":"Feature","geometry":{"type":"Point","coordinates":[-73.558409,18.257066]},"properties":{"f":"patrimoine","t":"ruins","n":"Fort Olivier"}},{"type":"Feature","geometry":{"type":"Point","coordinates":[-72.33862,19.368384]},"properties":{"f":"patrimoine","t":"castle","n":"Nan Citern"}},{"type":"Feature","geometry":{"type":"Point","coordinates":[-72.682751,19.44445]},"properties":{"f":"patrimoine","t":"monument","n":"Petion"}},{"type":"Feature","geometry":{"type":"Point","coordinates":[-72.689348,19.445799]},"properties":{"f":"patrimoine","t":"memorial","n":""}},{"type":"Feature","geometry":{"type":"Point","coordinates":[-72.69097,19.442238]},"properties":{"f":"patrimoine","t":"monument","n":"Croix Jubilée"}},{"type":"Feature","geometry":{"type":"Point","coordinates":[-72.690955,19.445897]},"properties":{"f":"patrimoine","t":"monument","n":""}},{"type":"Feature","geometry":{"type":"Point","coordinates":[-72.692471,19.447681]},"properties":{"f":"patrimoine","t":"memorial","n":"memorial de l'independance"}},{"type":"Feature","geometry":{"type":"Point","coordinates":[-72.689277,19.446154]},"properties":{"f":"patrimoine","t":"memorial","n":"Madan kolo"}},{"type":"Feature","geometry":{"type":"Point","coordinates":[-72.689239,19.446116]},"properties":{"f":"patrimoine","t":"memorial","n":"Madan kolo"}},{"type":"Feature","geometry":{"type":"Point","coordinates":[-72.689227,19.446091]},"properties":{"f":"patrimoine","t":"monument","n":"Statut madan kolo"}},{"type":"Feature","geometry":{"type":"Point","coordinates":[-72.685723,19.450163]},"properties":{"f":"patrimoine","t":"monument","n":"Pere Marcel sainte marie, clerc de saint viateur, 1928-1986"}},{"type":"Feature","geometry":{"type":"Point","coordinates":[-72.675444,19.458261]},"properties":{"f":"patrimoine","t":"monument","n":"monument"}},{"type":"Feature","geometry":{"type":"Point","coordinates":[-72.695278,19.44264]},"properties":{"f":"patrimoine","t":"monument","n":""}},{"type":"Feature","geometry":{"type":"Point","coordinates":[-73.022072,19.661707]},"properties":{"f":"patrimoine","t":"monument","n":"place teneus de l'arbre"}},{"type":"Feature","geometry":{"type":"Point","coordinates":[-72.710969,20.008934]},"properties":{"f":"patrimoine","t":"archaeological_site","n":"Fort de Rocher"}},{"type":"Feature","geometry":{"type":"Point","coordinates":[-72.711236,20.004413]},"properties":{"f":"patrimoine","t":"ruins","n":""}},{"type":"Feature","geometry":{"type":"Point","coordinates":[-72.829767,19.939347]},"properties":{"f":"patrimoine","t":"monument","n":"Caserne des Pompiers"}},{"type":"Feature","geometry":{"type":"Point","coordinates":[-72.792863,19.905645]},"properties":{"f":"patrimoine","t":"castle","n":"Fort des Trois Pavillons"}},{"type":"Feature","geometry":{"type":"Point","coordinates":[-72.219716,19.605477]},"properties":{"f":"patrimoine","t":"ruins","n":""}},{"type":"Feature","geometry":{"type":"Point","coordinates":[-72.219084,19.604919]},"properties":{"f":"patrimoine","t":"memorial","n":"Marie-Louise"}},{"type":"Feature","geometry":{"type":"Point","coordinates":[-72.219237,19.604013]},"properties":{"f":"patrimoine","t":"ruins","n":"former barracks"}},{"type":"Feature","geometry":{"type":"Point","coordinates":[-72.218874,19.604979]},"properties":{"f":"patrimoine","t":"castle","n":"Palais de Sans-Souci"}},{"type":"Feature","geometry":{"type":"Point","coordinates":[-72.21815,19.605719]},"properties":{"f":"patrimoine","t":"memorial","n":"Henri Christophe"}},{"type":"Feature","geometry":{"type":"Point","coordinates":[-72.243334,19.573514]},"properties":{"f":"patrimoine","t":"memorial","n":"Henry Christophe"}},{"type":"Feature","geometry":{"type":"Point","coordinates":[-72.243063,19.573176]},"properties":{"f":"patrimoine","t":"fort","n":"Citadelle Laferrière"}},{"type":"Feature","geometry":{"type":"Point","coordinates":[-72.243186,19.573296]},"properties":{"f":"patrimoine","t":"castle","n":"Citadelle La Ferrière"}},{"type":"Feature","geometry":{"type":"Point","coordinates":[-72.243704,19.57193]},"properties":{"f":"patrimoine","t":"cannon","n":""}},{"type":"Feature","geometry":{"type":"Point","coordinates":[-72.243625,19.572599]},"properties":{"f":"patrimoine","t":"cannon","n":""}},{"type":"Feature","geometry":{"type":"Point","coordinates":[-72.243602,19.572595]},"properties":{"f":"patrimoine","t":"cannon","n":""}},{"type":"Feature","geometry":{"type":"Point","coordinates":[-72.243709,19.572474]},"properties":{"f":"patrimoine","t":"cannon","n":""}},{"type":"Feature","geometry":{"type":"Point","coordinates":[-72.243566,19.572588]},"properties":{"f":"patrimoine","t":"cannon","n":""}},{"type":"Feature","geometry":{"type":"Point","coordinates":[-72.243504,19.572582]},"properties":{"f":"patrimoine","t":"cannon","n":""}},{"type":"Feature","geometry":{"type":"Point","coordinates":[-72.090802,19.606622]},"properties":{"f":"patrimoine","t":"archaeological_site","n":""}},{"type":"Feature","geometry":{"type":"Point","coordinates":[-72.015907,19.690246]},"properties":{"f":"patrimoine","t":"fort","n":"Fort La Navidad"}},{"type":"Feature","geometry":{"type":"Point","coordinates":[-72.126525,19.669574]},"properties":{"f":"patrimoine","t":"monument","n":"jet d'eau"}},{"type":"Feature","geometry":{"type":"Point","coordinates":[-72.114716,19.686066]},"properties":{"f":"patrimoine","t":"memorial","n":"Mémorial Capois-La-Mort"}},{"type":"Feature","geometry":{"type":"Point","coordinates":[-72.152318,19.718429]},"properties":{"f":"patrimoine","t":"memorial","n":"Lovana ville"}},{"type":"Feature","geometry":{"type":"Point","coordinates":[-72.243177,19.773764]},"properties":{"f":"patrimoine","t":"cannon","n":""}},{"type":"Feature","geometry":{"type":"Point","coordinates":[-72.242914,19.773726]},"properties":{"f":"patrimoine","t":"fort","n":"Fort Belly"}},{"type":"Feature","geometry":{"type":"Point","coordinates":[-72.245618,19.770187]},"properties":{"f":"patrimoine","t":"fort","n":"Fort la Chaud"}},{"type":"Feature","geometry":{"type":"Point","coordinates":[-72.193081,19.771505]},"properties":{"f":"patrimoine","t":"fort","n":"Fort Etienne-Magny"}},{"type":"Feature","geometry":{"type":"Point","coordinates":[-72.191198,19.775003]},"properties":{"f":"patrimoine","t":"fort","n":"Fort St. Joseph"}},{"type":"Feature","geometry":{"type":"Point","coordinates":[-72.189438,19.783112]},"properties":{"f":"patrimoine","t":"fort","n":"Fort du Picolet"}},{"type":"Feature","geometry":{"type":"Point","coordinates":[-72.200668,19.761552]},"properties":{"f":"patrimoine","t":"memorial","n":"Jean-Jacques Dessalines"}},{"type":"Feature","geometry":{"type":"Point","coordinates":[-72.201214,19.761579]},"properties":{"f":"patrimoine","t":"memorial","n":"Henry Christophe"}},{"type":"Feature","geometry":{"type":"Point","coordinates":[-72.167731,19.729012]},"properties":{"f":"patrimoine","t":"ruins","n":""}},{"type":"Feature","geometry":{"type":"Point","coordinates":[-72.223976,19.727708]},"properties":{"f":"patrimoine","t":"castle","n":"Village Historique de Charrier"}},{"type":"Feature","geometry":{"type":"Point","coordinates":[-72.220906,19.736124]},"properties":{"f":"patrimoine","t":"monument","n":"Les Héros de l'Indépendance d'Haïti"}},{"type":"Feature","geometry":{"type":"Point","coordinates":[-72.207561,19.747813]},"properties":{"f":"patrimoine","t":"monument","n":"Barrière Bouteille"}},{"type":"Feature","geometry":{"type":"Point","coordinates":[-72.207555,19.749043]},"properties":{"f":"patrimoine","t":"monument","n":"Barrière Bouteille"}},{"type":"Feature","geometry":{"type":"Point","coordinates":[-72.248815,19.716044]},"properties":{"f":"patrimoine","t":"castle","n":"Fort de Vaudreuil"}},{"type":"Feature","geometry":{"type":"Point","coordinates":[-71.965332,19.73016]},"properties":{"f":"patrimoine","t":"archaeological_site","n":""}},{"type":"Feature","geometry":{"type":"Point","coordinates":[-71.844248,19.711889]},"properties":{"f":"patrimoine","t":"fort","n":"Fort Labouque"}},{"type":"Feature","geometry":{"type":"Point","coordinates":[-71.842535,19.705026]},"properties":{"f":"patrimoine","t":"fort","n":"Fort Saint-Frederic and Saint-Charles"}},{"type":"Feature","geometry":{"type":"Point","coordinates":[-71.841565,19.675549]},"properties":{"f":"patrimoine","t":"fort","n":"Fort Saint-Joseph"}},{"type":"Feature","geometry":{"type":"Point","coordinates":[-71.842216,19.675509]},"properties":{"f":"patrimoine","t":"cannon","n":""}},{"type":"Feature","geometry":{"type":"Point","coordinates":[-71.818931,19.661461]},"properties":{"f":"patrimoine","t":"ruins","n":"old factory"}},{"type":"Feature","geometry":{"type":"Point","coordinates":[-71.819429,19.66104]},"properties":{"f":"patrimoine","t":"ruins","n":""}},{"type":"Feature","geometry":{"type":"Point","coordinates":[-71.818604,19.661326]},"properties":{"f":"patrimoine","t":"ruins","n":""}},{"type":"Feature","geometry":{"type":"Point","coordinates":[-71.839571,19.666683]},"properties":{"f":"patrimoine","t":"cannon","n":""}},{"type":"Feature","geometry":{"type":"Point","coordinates":[-71.839623,19.666922]},"properties":{"f":"patrimoine","t":"cannon","n":""}},{"type":"Feature","geometry":{"type":"Point","coordinates":[-71.83962,19.666878]},"properties":{"f":"patrimoine","t":"cannon","n":""}},{"type":"Feature","geometry":{"type":"Point","coordinates":[-71.839682,19.666867]},"properties":{"f":"patrimoine","t":"cannon","n":""}},{"type":"Feature","geometry":{"type":"Point","coordinates":[-71.839714,19.666914]},"properties":{"f":"patrimoine","t":"cannon","n":""}},{"type":"Feature","geometry":{"type":"Point","coordinates":[-71.752163,19.64929]},"properties":{"f":"patrimoine","t":"castle","n":""}},{"type":"Feature","geometry":{"type":"Point","coordinates":[-73.392312,18.275672]},"properties":{"f":"patrimoine","t":"ruins","n":""}},{"type":"Feature","geometry":{"type":"Point","coordinates":[-73.392139,18.276076]},"properties":{"f":"patrimoine","t":"ruins","n":""}},{"type":"Feature","geometry":{"type":"Point","coordinates":[-73.39222,18.276255]},"properties":{"f":"patrimoine","t":"ruins","n":""}},{"type":"Feature","geometry":{"type":"Point","coordinates":[-74.277981,18.647655]},"properties":{"f":"patrimoine","t":"cannon","n":""}},{"type":"Feature","geometry":{"type":"Point","coordinates":[-74.304867,18.650925]},"properties":{"f":"patrimoine","t":"ruins","n":""}},{"type":"Feature","geometry":{"type":"Point","coordinates":[-73.382623,19.800349]},"properties":{"f":"patrimoine","t":"castle","n":"Fort Vallière"}},{"type":"Feature","geometry":{"type":"Point","coordinates":[-73.371824,19.809944]},"properties":{"f":"patrimoine","t":"castle","n":""}},{"type":"Feature","geometry":{"type":"Point","coordinates":[-72.698907,19.129647]},"properties":{"f":"patrimoine","t":"castle","n":""}},{"type":"Feature","geometry":{"type":"Point","coordinates":[-72.693772,19.122715]},"properties":{"f":"patrimoine","t":"ruins","n":"forteresse"}},{"type":"Feature","geometry":{"type":"Point","coordinates":[-72.701345,19.109325]},"properties":{"f":"patrimoine","t":"memorial","n":"Philippe Guerrier"}},{"type":"Feature","geometry":{"type":"Point","coordinates":[-72.701384,19.109003]},"properties":{"f":"patrimoine","t":"monument","n":"Les Dix Commandement"}},{"type":"Feature","geometry":{"type":"Point","coordinates":[-72.696465,19.090567]},"properties":{"f":"patrimoine","t":"ruins","n":""}},{"type":"Feature","geometry":{"type":"Point","coordinates":[-72.519419,18.218822]},"properties":{"f":"patrimoine","t":"ruins","n":""}},{"type":"Feature","geometry":{"type":"Point","coordinates":[-72.520399,18.218909]},"properties":{"f":"patrimoine","t":"ruins","n":""}},{"type":"Feature","geometry":{"type":"Point","coordinates":[-72.515375,18.218504]},"properties":{"f":"patrimoine","t":"ruins","n":""}},{"type":"Feature","geometry":{"type":"Point","coordinates":[-72.552848,18.18103]},"properties":{"f":"patrimoine","t":"ruins","n":""}},{"type":"Feature","geometry":{"type":"Point","coordinates":[-72.512279,18.21548]},"properties":{"f":"patrimoine","t":"ruins","n":""}},{"type":"Feature","geometry":{"type":"Point","coordinates":[-72.512139,18.214616]},"properties":{"f":"patrimoine","t":"ruins","n":""}},{"type":"Feature","geometry":{"type":"Point","coordinates":[-72.513294,18.217072]},"properties":{"f":"patrimoine","t":"ruins","n":""}},{"type":"Feature","geometry":{"type":"Point","coordinates":[-72.510409,18.218111]},"properties":{"f":"patrimoine","t":"ruins","n":""}},{"type":"Feature","geometry":{"type":"Point","coordinates":[-72.510365,18.21807]},"properties":{"f":"patrimoine","t":"ruins","n":""}},{"type":"Feature","geometry":{"type":"Point","coordinates":[-72.512008,18.216863]},"properties":{"f":"patrimoine","t":"ruins","n":""}},{"type":"Feature","geometry":{"type":"Point","coordinates":[-72.511796,18.216947]},"properties":{"f":"patrimoine","t":"ruins","n":""}},{"type":"Feature","geometry":{"type":"Point","coordinates":[-72.512022,18.216545]},"properties":{"f":"patrimoine","t":"ruins","n":""}},{"type":"Feature","geometry":{"type":"Point","coordinates":[-72.507607,18.217668]},"properties":{"f":"patrimoine","t":"ruins","n":""}},{"type":"Feature","geometry":{"type":"Point","coordinates":[-72.508014,18.216937]},"properties":{"f":"patrimoine","t":"ruins","n":""}},{"type":"Feature","geometry":{"type":"Point","coordinates":[-72.50798,18.216355]},"properties":{"f":"patrimoine","t":"ruins","n":""}},{"type":"Feature","geometry":{"type":"Point","coordinates":[-72.48056,18.274838]},"properties":{"f":"patrimoine","t":"ruins","n":"Fort Ogé"}},{"type":"Feature","geometry":{"type":"Point","coordinates":[-72.322377,18.497498]},"properties":{"f":"patrimoine","t":"castle","n":"Jeanne Barbancourt"}},{"type":"Feature","geometry":{"type":"Point","coordinates":[-71.790646,18.333413]},"properties":{"f":"patrimoine","t":"ruins","n":""}},{"type":"Feature","geometry":{"type":"Point","coordinates":[-72.30761,18.674729]},"properties":{"f":"patrimoine","t":"memorial","n":"Mémorial du 12 Janvier 2010"}},{"type":"Feature","geometry":{"type":"Point","coordinates":[-72.284916,18.676012]},"properties":{"f":"patrimoine","t":"citywalls","n":""}},{"type":"Feature","geometry":{"type":"Point","coordinates":[-72.285023,18.676088]},"properties":{"f":"patrimoine","t":"citywalls","n":""}},{"type":"Feature","geometry":{"type":"Point","coordinates":[-72.285023,18.676064]},"properties":{"f":"patrimoine","t":"citywalls","n":""}},{"type":"Feature","geometry":{"type":"Point","coordinates":[-72.284856,18.676025]},"properties":{"f":"patrimoine","t":"citywalls","n":""}},{"type":"Feature","geometry":{"type":"Point","coordinates":[-72.284871,18.675992]},"properties":{"f":"patrimoine","t":"citywalls","n":""}},{"type":"Feature","geometry":{"type":"Point","coordinates":[-72.284818,18.676008]},"properties":{"f":"patrimoine","t":"citywalls","n":""}},{"type":"Feature","geometry":{"type":"Point","coordinates":[-72.284063,18.675073]},"properties":{"f":"patrimoine","t":"citywalls","n":""}},{"type":"Feature","geometry":{"type":"Point","coordinates":[-72.204366,18.816779]},"properties":{"f":"patrimoine","t":"memorial","n":"Azor's House"}},{"type":"Feature","geometry":{"type":"Point","coordinates":[-72.222394,18.823733]},"properties":{"f":"patrimoine","t":"monument","n":"Seau D'eau"}},{"type":"Feature","geometry":{"type":"Point","coordinates":[-72.222337,18.823269]},"properties":{"f":"patrimoine","t":"monument","n":"Seau D'eau"}},{"type":"Feature","geometry":{"type":"Point","coordinates":[-72.201796,18.817657]},"properties":{"f":"patrimoine","t":"archaeological_site","n":""}},{"type":"Feature","geometry":{"type":"Point","coordinates":[-72.097804,18.830392]},"properties":{"f":"patrimoine","t":"ruins","n":""}},{"type":"Feature","geometry":{"type":"Point","coordinates":[-72.482651,18.962349]},"properties":{"f":"patrimoine","t":"ruins","n":""}},{"type":"Feature","geometry":{"type":"Point","coordinates":[-72.476996,18.955182]},"properties":{"f":"patrimoine","t":"ruins","n":""}},{"type":"Feature","geometry":{"type":"Point","coordinates":[-72.47591,18.950384]},"properties":{"f":"patrimoine","t":"ruins","n":""}},{"type":"Feature","geometry":{"type":"Point","coordinates":[-72.463803,18.947537]},"properties":{"f":"patrimoine","t":"ruins","n":""}},{"type":"Feature","geometry":{"type":"Point","coordinates":[-72.415303,18.938764]},"properties":{"f":"patrimoine","t":"ruins","n":""}},{"type":"Feature","geometry":{"type":"Point","coordinates":[-72.416446,18.911863]},"properties":{"f":"patrimoine","t":"ruins","n":""}},{"type":"Feature","geometry":{"type":"Point","coordinates":[-72.4216,18.906402]},"properties":{"f":"patrimoine","t":"ruins","n":""}},{"type":"Feature","geometry":{"type":"Point","coordinates":[-72.408228,18.897598]},"properties":{"f":"patrimoine","t":"ruins","n":""}},{"type":"Feature","geometry":{"type":"Point","coordinates":[-72.371225,18.870751]},"properties":{"f":"patrimoine","t":"ruins","n":""}},{"type":"Feature","geometry":{"type":"Point","coordinates":[-72.432431,18.917769]},"properties":{"f":"patrimoine","t":"ruins","n":""}},{"type":"Feature","geometry":{"type":"Point","coordinates":[-72.533666,18.908839]},"properties":{"f":"patrimoine","t":"ruins","n":""}},{"type":"Feature","geometry":{"type":"Point","coordinates":[-72.547058,18.806034]},"properties":{"f":"patrimoine","t":"monument","n":""}},{"type":"Feature","geometry":{"type":"Point","coordinates":[-72.547726,18.805704]},"properties":{"f":"patrimoine","t":"monument","n":""}},{"type":"Feature","geometry":{"type":"Point","coordinates":[-72.547901,18.805657]},"properties":{"f":"patrimoine","t":"monument","n":""}},{"type":"Feature","geometry":{"type":"Point","coordinates":[-72.559878,18.940044]},"properties":{"f":"patrimoine","t":"ruins","n":""}},{"type":"Feature","geometry":{"type":"Point","coordinates":[-72.55533,18.933565]},"properties":{"f":"patrimoine","t":"ruins","n":""}},{"type":"Feature","geometry":{"type":"Point","coordinates":[-72.925355,18.819851]},"properties":{"f":"patrimoine","t":"monument","n":"Petite Source anba Kalbas"}},{"type":"Feature","geometry":{"type":"Point","coordinates":[-72.52804,18.540934]},"properties":{"f":"patrimoine","t":"ruins","n":""}},{"type":"Feature","geometry":{"type":"Point","coordinates":[-72.529796,18.78373]},"properties":{"f":"patrimoine","t":"castle","n":"Lakou Grann Guitonn"}},{"type":"Feature","geometry":{"type":"Point","coordinates":[-72.511083,18.769013]},"properties":{"f":"patrimoine","t":"monument","n":"Place Catherine Flon"}},{"type":"Feature","geometry":{"type":"Point","coordinates":[-72.511074,18.768976]},"properties":{"f":"patrimoine","t":"monument","n":"Catherine Flon"}},{"type":"Feature","geometry":{"type":"Point","coordinates":[-72.335077,18.541684]},"properties":{"f":"patrimoine","t":"memorial","n":""}},{"type":"Feature","geometry":{"type":"Point","coordinates":[-72.320755,18.564755]},"properties":{"f":"patrimoine","t":"ruins","n":""}},{"type":"Feature","geometry":{"type":"Point","coordinates":[-72.333269,18.579126]},"properties":{"f":"patrimoine","t":"ruins","n":""}},{"type":"Feature","geometry":{"type":"Point","coordinates":[-72.332836,18.579398]},"properties":{"f":"patrimoine","t":"ruins","n":""}},{"type":"Feature","geometry":{"type":"Point","coordinates":[-72.33273,18.579375]},"properties":{"f":"patrimoine","t":"ruins","n":""}},{"type":"Feature","geometry":{"type":"Point","coordinates":[-72.304881,18.574905]},"properties":{"f":"patrimoine","t":"monument","n":""}},{"type":"Feature","geometry":{"type":"Point","coordinates":[-72.272425,18.645797]},"properties":{"f":"patrimoine","t":"memorial","n":"Ancien Moulu de Sable"}},{"type":"Feature","geometry":{"type":"Point","coordinates":[-72.244942,19.56326]},"properties":{"f":"patrimoine","t":"fort","n":"Fort"}},{"type":"Feature","geometry":{"type":"Point","coordinates":[-72.244431,19.563132]},"properties":{"f":"patrimoine","t":"fort","n":"Fort"}},{"type":"Feature","geometry":{"type":"Point","coordinates":[-72.244724,19.563551]},"properties":{"f":"patrimoine","t":"fort","n":"Palais de la Reine"}},{"type":"Feature","geometry":{"type":"Point","coordinates":[-72.243889,19.565115]},"properties":{"f":"patrimoine","t":"fort","n":"Fort"}},{"type":"Feature","geometry":{"type":"Point","coordinates":[-72.243804,19.570915]},"properties":{"f":"patrimoine","t":"ruins","n":""}},{"type":"Feature","geometry":{"type":"Point","coordinates":[-72.243694,19.567214]},"properties":{"f":"patrimoine","t":"fort","n":"Fort"}},{"type":"Feature","geometry":{"type":"Point","coordinates":[-72.243974,19.568105]},"properties":{"f":"patrimoine","t":"ruins","n":""}},{"type":"Feature","geometry":{"type":"Point","coordinates":[-72.289372,19.080486]},"properties":{"f":"patrimoine","t":"ruins","n":""}},{"type":"Feature","geometry":{"type":"Point","coordinates":[-72.009725,19.141398]},"properties":{"f":"patrimoine","t":"ruins","n":"A"}},{"type":"Feature","geometry":{"type":"Point","coordinates":[-72.011154,19.140921]},"properties":{"f":"patrimoine","t":"ruins","n":"Eglise AEM Hinche"}},{"type":"Feature","geometry":{"type":"Point","coordinates":[-71.9369,18.838321]},"properties":{"f":"patrimoine","t":"cannon","n":""}},{"type":"Feature","geometry":{"type":"Point","coordinates":[-71.936946,18.838318]},"properties":{"f":"patrimoine","t":"ruins","n":"Fort"}},{"type":"Feature","geometry":{"type":"Point","coordinates":[-72.283073,18.568136]},"properties":{"f":"patrimoine","t":"monument","n":"PNCS"}}]}