{"type": "FeatureCollection", "name": "Haïti — communes, contours d'affichage", "crs": {"type": "name", "properties": {"name": "urn:ogc:def:crs:OGC:1.3:CRS84"}}, "traitement": "Simplification Douglas-Peucker, tolérance 0.0018 degré ; îlots de moins de 0.0004 degré carré écartés. Contours d'AFFICHAGE : la géométrie complète, au mètre et avec ses attributs, reste dans le Pack Géo.", "source": "CNIGS / UN OCHA COD-AB Haïti", "licence": "CC BY 3.0 IGO", "features": [{"type": "Feature", "geometry": {"type": "Polygon", "coordinates": [[[-74.25823, 18.65056], [-74.25751, 18.66184], [-74.26289, 18.6671], [-74.27031, 18.65553], [-74.27486, 18.65441], [-74.27946, 18.64785], [-74.28793, 18.65247], [-74.29106, 18.65988], [-74.29682, 18.66192], [-74.3075, 18.65944], [-74.30545, 18.65287], [-74.30935, 18.64963], [-74.31515, 18.65432], [-74.33001, 18.65536], [-74.3372, 18.64797], [-74.34372, 18.65134], [-74.34429, 18.64753], [-74.34915, 18.64842], [-74.35286, 18.64301], [-74.36362, 18.64045], [-74.36755, 18.63594], [-74.37637, 18.63587], [-74.38573, 18.64402], [-74.38942, 18.63884], [-74.3824, 18.62809], [-74.36921, 18.62015], [-74.37093, 18.61657], [-74.37697, 18.61572], [-74.38089, 18.60148], [-74.37393, 18.59098], [-74.36312, 18.58892], [-74.35221, 18.58263], [-74.34668, 18.57275], [-74.33581, 18.57211], [-74.34046, 18.56416], [-74.33809, 18.56192], [-74.33296, 18.56197], [-74.33174, 18.56956], [-74.32367, 18.56319], [-74.3211, 18.56721], [-74.31614, 18.5664], [-74.31368, 18.57445], [-74.29786, 18.57877], [-74.28842, 18.56645], [-74.27383, 18.59016], [-74.26564, 18.59463], [-74.25925, 18.59365], [-74.25652, 18.60729], [-74.2609, 18.61328], [-74.25521, 18.63703], [-74.25842, 18.64209], [-74.25823, 18.65056]]]}, "properties": {"atmart_geo_id": "HTC-0812", "pcode": "HT0812", "nom_fr": "Abricots", "nom_ht": "Abriko", "niveau_admin": "3"}}, {"type": "Feature", "geometry": {"type": "Polygon", "coordinates": [[[-72.35332, 19.7822], [-72.35936, 19.7808], [-72.3594, 19.77478], [-72.36377, 19.77571], [-72.37684, 19.7531], [-72.37309, 19.74532], [-72.37397, 19.74082], [-72.37061, 19.73737], [-72.37091, 19.72355], [-72.36363, 19.71796], [-72.3616, 19.71248], [-72.35426, 19.70912], [-72.35295, 19.70366], [-72.34146, 19.69112], [-72.3422, 19.68565], [-72.36098, 19.66599], [-72.35893, 19.65784], [-72.36528, 19.65462], [-72.37073, 19.6553], [-72.37213, 19.65167], [-72.37741, 19.6507], [-72.39662, 19.63095], [-72.3958, 19.61093], [-72.40437, 19.60959], [-72.40265, 19.60374], [-72.40629, 19.59859], [-72.40318, 19.59439], [-72.40629, 19.58333], [-72.4034, 19.57725], [-72.41183, 19.57135], [-72.3932, 19.56217], [-72.39019, 19.56612], [-72.39056, 19.573], [-72.38119, 19.58553], [-72.37455, 19.59024], [-72.36524, 19.59192], [-72.3591, 19.5856], [-72.35922, 19.58179], [-72.36636, 19.57654], [-72.3666, 19.5661], [-72.36217, 19.56734], [-72.35907, 19.57265], [-72.32779, 19.5721], [-72.31912, 19.55874], [-72.28796, 19.55861], [-72.2849, 19.56474], [-72.27026, 19.56539], [-72.27278, 19.58269], [-72.27912, 19.58759], [-72.27446, 19.59244], [-72.27191, 19.61312], [-72.27812, 19.63782], [-72.27333, 19.64205], [-72.2731, 19.64698], [-72.27656, 19.64799], [-72.27557, 19.64975], [-72.28485, 19.65044], [-72.28913, 19.64659], [-72.29758, 19.64546], [-72.29507, 19.6486], [-72.29664, 19.65065], [-72.28886, 19.6553], [-72.28546, 19.67379], [-72.27864, 19.68989], [-72.28557, 19.69914], [-72.29401, 19.6964], [-72.30126, 19.70732], [-72.30365, 19.70693], [-72.30361, 19.71134], [-72.3103, 19.71665], [-72.31008, 19.71964], [-72.31236, 19.71706], [-72.31022, 19.71053], [-72.31675, 19.70673], [-72.33246, 19.7142], [-72.33748, 19.72319], [-72.33683, 19.73181], [-72.34264, 19.74768], [-72.3382, 19.75234], [-72.33007, 19.74257], [-72.33278, 19.74745], [-72.32838, 19.7493], [-72.32674, 19.74438], [-72.3269, 19.74862], [-72.33349, 19.75419], [-72.33879, 19.77141], [-72.35332, 19.7822]]]}, "properties": {"atmart_geo_id": "HTC-0321", "pcode": "HT0321", "nom_fr": "Acul du Nord", "nom_ht": "Akil dinò", "niveau_admin": "3"}}, {"type": "Feature", "geometry": {"type": "Polygon", "coordinates": [[[-72.63559, 19.90707], [-72.6408, 19.90883], [-72.64661, 19.90626], [-72.65307, 19.88995], [-72.66654, 19.87706], [-72.66171, 19.87062], [-72.66936, 19.85957], [-72.67543, 19.85571], [-72.67914, 19.84031], [-72.67726, 19.83278], [-72.66092, 19.8287], [-72.63896, 19.82935], [-72.63913, 19.81854], [-72.6318, 19.81689], [-72.63007, 19.8117], [-72.61501, 19.81799], [-72.61502, 19.83129], [-72.60709, 19.83799], [-72.59811, 19.83741], [-72.5944, 19.83029], [-72.59089, 19.83148], [-72.59552, 19.83994], [-72.59019, 19.84984], [-72.58385, 19.85181], [-72.58006, 19.84981], [-72.58332, 19.86616], [-72.567, 19.87762], [-72.56157, 19.87754], [-72.56007, 19.88155], [-72.57385, 19.88705], [-72.57349, 19.89215], [-72.58009, 19.89727], [-72.58342, 19.89487], [-72.5844, 19.89757], [-72.59212, 19.89865], [-72.59351, 19.8952], [-72.61785, 19.89276], [-72.63164, 19.89729], [-72.63597, 19.90276], [-72.63559, 19.90707]]]}, "properties": {"atmart_geo_id": "HTC-0922", "pcode": "HT0922", "nom_fr": "Anse-à-Foleur", "nom_ht": "Ansafolè", "niveau_admin": "3"}}, {"type": "Feature", "geometry": {"type": "Polygon", "coordinates": [[[-71.7468, 18.2927], [-71.78031, 18.28302], [-71.79154, 18.25168], [-71.80014, 18.24302], [-71.80585, 18.22996], [-71.81851, 18.22486], [-71.81494, 18.21858], [-71.82677, 18.22004], [-71.8276, 18.21515], [-71.81857, 18.19748], [-71.82476, 18.18955], [-71.82768, 18.17976], [-71.84142, 18.17637], [-71.84252, 18.15369], [-71.84578, 18.14385], [-71.85443, 18.13349], [-71.85447, 18.12781], [-71.8497, 18.12146], [-71.84237, 18.1186], [-71.81793, 18.09646], [-71.81461, 18.08606], [-71.81781, 18.07947], [-71.81314, 18.07414], [-71.7845, 18.05107], [-71.76768, 18.04221], [-71.75942, 18.0317], [-71.75617, 18.04211], [-71.74514, 18.0523], [-71.74427, 18.06496], [-71.7382, 18.0694], [-71.73931, 18.07732], [-71.73573, 18.08118], [-71.74056, 18.09068], [-71.73629, 18.09589], [-71.73922, 18.10046], [-71.7467, 18.10039], [-71.75031, 18.11139], [-71.74596, 18.12236], [-71.74842, 18.12579], [-71.74539, 18.12675], [-71.74796, 18.12977], [-71.74384, 18.1317], [-71.74569, 18.13729], [-71.75198, 18.13878], [-71.74885, 18.14198], [-71.74665, 18.14084], [-71.74731, 18.14773], [-71.74986, 18.14867], [-71.75467, 18.14195], [-71.7541, 18.1463], [-71.75914, 18.14645], [-71.75871, 18.153], [-71.76134, 18.15213], [-71.76883, 18.1617], [-71.76632, 18.16798], [-71.77773, 18.16602], [-71.78329, 18.16882], [-71.7875, 18.18061], [-71.78143, 18.19313], [-71.77227, 18.19791], [-71.77441, 18.20407], [-71.76909, 18.21985], [-71.75767, 18.22692], [-71.75741, 18.23987], [-71.72496, 18.29228], [-71.73949, 18.29045], [-71.7468, 18.2927]]]}, "properties": {"atmart_geo_id": "HTC-0234", "pcode": "HT0234", "nom_fr": "Anse-à-Pître", "nom_ht": "Ansapit", "niveau_admin": "3"}}, {"type": "Feature", "geometry": {"type": "Polygon", "coordinates": [[[-73.44109, 18.52472], [-73.44637, 18.52202], [-73.44286, 18.51219], [-73.44976, 18.49691], [-73.44378, 18.48879], [-73.42234, 18.50118], [-73.41674, 18.49226], [-73.41595, 18.49528], [-73.41207, 18.49552], [-73.38215, 18.48669], [-73.3691, 18.48543], [-73.36464, 18.48941], [-73.35421, 18.48762], [-73.35595, 18.47611], [-73.36056, 18.4739], [-73.36316, 18.45363], [-73.35261, 18.44782], [-73.34902, 18.44856], [-73.34244, 18.44136], [-73.34089, 18.43745], [-73.34824, 18.43403], [-73.33435, 18.42505], [-73.32068, 18.42233], [-73.32061, 18.42001], [-73.31371, 18.41905], [-73.31089, 18.41433], [-73.29645, 18.41], [-73.26805, 18.40424], [-73.26379, 18.40115], [-73.2586, 18.40817], [-73.26249, 18.41448], [-73.25792, 18.44158], [-73.26302, 18.44715], [-73.27613, 18.44952], [-73.27837, 18.45284], [-73.27354, 18.45933], [-73.27387, 18.4832], [-73.294, 18.48315], [-73.33087, 18.50335], [-73.34488, 18.50564], [-73.34739, 18.50328], [-73.34974, 18.50707], [-73.36444, 18.51095], [-73.39326, 18.51442], [-73.40681, 18.52052], [-73.4158, 18.51934], [-73.44109, 18.52472]]]}, "properties": {"atmart_geo_id": "HTC-1021", "pcode": "HT1021", "nom_fr": "Anse-à-Veau", "nom_ht": "Ansavo", "niveau_admin": "3"}}, {"type": "Feature", "geometry": {"type": "Polygon", "coordinates": [[[-73.06945, 18.92403], [-73.08036, 18.92953], [-73.0905, 18.93053], [-73.09003, 18.92154], [-73.09833, 18.91326], [-73.11875, 18.91251], [-73.12198, 18.90902], [-73.1215, 18.86307], [-73.11766, 18.85351], [-73.09932, 18.84272], [-73.08699, 18.85077], [-73.08023, 18.84166], [-73.06815, 18.83478], [-73.06236, 18.84084], [-73.05198, 18.83886], [-73.04653, 18.83088], [-73.04195, 18.83153], [-73.03978, 18.82554], [-73.03207, 18.81944], [-73.02586, 18.82215], [-73.00552, 18.81793], [-72.99481, 18.79826], [-72.99728, 18.79356], [-72.99714, 18.75879], [-72.99431, 18.75085], [-72.99626, 18.74364], [-72.92178, 18.73981], [-72.90204, 18.73084], [-72.8852, 18.72559], [-72.86745, 18.72497], [-72.85001, 18.71732], [-72.83889, 18.72114], [-72.83593, 18.71867], [-72.83868, 18.71289], [-72.83658, 18.70358], [-72.83403, 18.70079], [-72.83074, 18.7017], [-72.82361, 18.69272], [-72.81761, 18.6935], [-72.81659, 18.70137], [-72.81328, 18.69809], [-72.80807, 18.70259], [-72.8061, 18.70507], [-72.81842, 18.71758], [-72.81874, 18.72164], [-72.81309, 18.72806], [-72.79385, 18.73282], [-72.79304, 18.73545], [-72.8043, 18.75278], [-72.80827, 18.76745], [-72.8061, 18.77747], [-72.80965, 18.78538], [-72.81905, 18.79502], [-72.8224, 18.80419], [-72.84559, 18.82637], [-72.85206, 18.82891], [-72.85305, 18.83057], [-72.8462, 18.83366], [-72.86298, 18.83541], [-72.86797, 18.84037], [-72.88202, 18.84051], [-72.89285, 18.84794], [-72.90358, 18.8504], [-72.92064, 18.85111], [-72.9344, 18.85622], [-72.9372, 18.85452], [-72.94466, 18.8616], [-72.95661, 18.86293], [-72.96765, 18.8717], [-72.99176, 18.88254], [-72.99989, 18.89456], [-73.00926, 18.89716], [-73.02292, 18.90613], [-73.04196, 18.91118], [-73.04611, 18.91812], [-73.05871, 18.9255], [-73.06945, 18.92403]]]}, "properties": {"atmart_geo_id": "HTC-0151", "pcode": "HT0151", "nom_fr": "Anse à Galets", "nom_ht": "Ansa galè ", "niveau_admin": "3"}}, {"type": "Feature", "geometry": {"type": "Polygon", "coordinates": [[[-74.37215, 18.49439], [-74.37351, 18.50088], [-74.36819, 18.50584], [-74.3748, 18.51104], [-74.3946, 18.49944], [-74.39429, 18.49364], [-74.41459, 18.50154], [-74.43513, 18.49703], [-74.45582, 18.49912], [-74.46286, 18.49079], [-74.45294, 18.48634], [-74.45313, 18.47116], [-74.46167, 18.4651], [-74.45929, 18.46169], [-74.46514, 18.45879], [-74.46526, 18.45261], [-74.47088, 18.44964], [-74.46956, 18.44379], [-74.47375, 18.44022], [-74.47259, 18.43392], [-74.47973, 18.42752], [-74.47482, 18.42738], [-74.4727, 18.42006], [-74.45068, 18.4201], [-74.44674, 18.42501], [-74.44111, 18.42435], [-74.44278, 18.42985], [-74.43529, 18.43854], [-74.42869, 18.43643], [-74.411, 18.44191], [-74.39734, 18.42705], [-74.39505, 18.43171], [-74.39765, 18.43877], [-74.38108, 18.45215], [-74.36591, 18.44415], [-74.36193, 18.43603], [-74.35103, 18.42976], [-74.3442, 18.41962], [-74.33429, 18.41867], [-74.32753, 18.42777], [-74.31402, 18.42875], [-74.31511, 18.43895], [-74.30801, 18.446], [-74.30519, 18.45976], [-74.32416, 18.46004], [-74.32704, 18.4626], [-74.33434, 18.45939], [-74.34274, 18.46554], [-74.35857, 18.46351], [-74.35624, 18.47828], [-74.37021, 18.48645], [-74.37222, 18.48882], [-74.36898, 18.49077], [-74.37215, 18.49439]]]}, "properties": {"atmart_geo_id": "HTC-0821", "pcode": "HT0821", "nom_fr": "Anse d'Hainault", "nom_ht": "Ansdeno", "niveau_admin": "3"}}, {"type": "Feature", "geometry": {"type": "Polygon", "coordinates": [[[-73.01573, 19.73183], [-73.02673, 19.73291], [-73.0328, 19.738], [-73.04694, 19.74187], [-73.05719, 19.74069], [-73.07004, 19.73128], [-73.08006, 19.73123], [-73.08707, 19.71445], [-73.10563, 19.70256], [-73.10173, 19.69954], [-73.10377, 19.69637], [-73.11598, 19.70306], [-73.1206, 19.70207], [-73.12223, 19.69241], [-73.11771, 19.68734], [-73.11838, 19.67636], [-73.13625, 19.64045], [-73.12819, 19.63344], [-73.12205, 19.63194], [-73.11741, 19.63787], [-73.10271, 19.64216], [-73.06253, 19.63344], [-73.05338, 19.63032], [-73.02315, 19.60954], [-73.01407, 19.60922], [-73.01581, 19.60637], [-73.01333, 19.6057], [-73.00292, 19.60468], [-72.99961, 19.61094], [-72.99396, 19.61376], [-72.99142, 19.61172], [-72.99823, 19.60203], [-72.98174, 19.59018], [-72.97911, 19.59594], [-72.97721, 19.59476], [-72.97838, 19.58723], [-72.96368, 19.57976], [-72.96045, 19.57464], [-72.9209, 19.56214], [-72.89005, 19.54452], [-72.88671, 19.54561], [-72.88702, 19.54161], [-72.87161, 19.54083], [-72.84846, 19.53112], [-72.83307, 19.51614], [-72.82185, 19.51427], [-72.80509, 19.50114], [-72.79321, 19.511], [-72.79075, 19.51869], [-72.78545, 19.52149], [-72.7829, 19.52816], [-72.78728, 19.53735], [-72.7987, 19.54199], [-72.80418, 19.54083], [-72.81109, 19.54491], [-72.81877, 19.54467], [-72.83633, 19.57361], [-72.84524, 19.57633], [-72.83312, 19.58115], [-72.83243, 19.58512], [-72.82587, 19.5873], [-72.82048, 19.59391], [-72.83836, 19.6007], [-72.85691, 19.61921], [-72.87628, 19.63144], [-72.87802, 19.63573], [-72.88198, 19.63409], [-72.88025, 19.63826], [-72.89075, 19.64474], [-72.87443, 19.64671], [-72.86779, 19.65821], [-72.85454, 19.66315], [-72.85764, 19.67142], [-72.87874, 19.67618], [-72.8762, 19.68262], [-72.87124, 19.68199], [-72.85534, 19.69006], [-72.85148, 19.6963], [-72.85043, 19.70164], [-72.85815, 19.7129], [-72.87739, 19.70909], [-72.89489, 19.71037], [-72.89715, 19.714], [-72.92492, 19.71765], [-72.92442, 19.72595], [-72.92744, 19.72927], [-72.95302, 19.72481], [-72.9672, 19.7284], [-72.97852, 19.72246], [-72.99219, 19.72238], [-73.01573, 19.73183]]]}, "properties": {"atmart_geo_id": "HTC-0523", "pcode": "HT0523", "nom_fr": "Anse Rouge", "nom_ht": "Ans Rouj", "niveau_admin": "3"}}, {"type": "Feature", "geometry": {"type": "Polygon", "coordinates": [[[-73.32923, 18.36945], [-73.33643, 18.3694], [-73.34837, 18.34861], [-73.35522, 18.34251], [-73.36299, 18.34525], [-73.40453, 18.34755], [-73.41227, 18.34202], [-73.43657, 18.34312], [-73.45378, 18.32888], [-73.45435, 18.31482], [-73.46386, 18.31091], [-73.4592, 18.3077], [-73.46241, 18.30143], [-73.45819, 18.29308], [-73.44802, 18.29212], [-73.43144, 18.29541], [-73.4275, 18.29331], [-73.41738, 18.2744], [-73.42102, 18.25968], [-73.41961, 18.25495], [-73.40918, 18.25263], [-73.40816, 18.2489], [-73.40393, 18.25658], [-73.40904, 18.25615], [-73.41, 18.26118], [-73.40317, 18.26069], [-73.4047, 18.26586], [-73.39963, 18.26399], [-73.399, 18.26773], [-73.39772, 18.26385], [-73.39668, 18.26699], [-73.39311, 18.26719], [-73.39636, 18.2688], [-73.39239, 18.27013], [-73.39319, 18.25952], [-73.39072, 18.26105], [-73.39244, 18.27902], [-73.39007, 18.28043], [-73.38345, 18.26828], [-73.38303, 18.27311], [-73.37805, 18.26784], [-73.36964, 18.26552], [-73.37054, 18.26254], [-73.3667, 18.25877], [-73.35561, 18.25672], [-73.35228, 18.25452], [-73.35332, 18.25174], [-73.35077, 18.2531], [-73.35656, 18.24821], [-73.35739, 18.24185], [-73.36579, 18.23829], [-73.37001, 18.21752], [-73.3583, 18.21681], [-73.35474, 18.22431], [-73.34871, 18.22412], [-73.34787, 18.22015], [-73.34333, 18.21933], [-73.34121, 18.22162], [-73.32168, 18.22361], [-73.30852, 18.23029], [-73.28421, 18.23264], [-73.27186, 18.22836], [-73.27048, 18.21747], [-73.26662, 18.21522], [-73.24145, 18.21652], [-73.23607, 18.21187], [-73.21143, 18.2133], [-73.20712, 18.21013], [-73.18575, 18.21128], [-73.17816, 18.20914], [-73.17192, 18.21137], [-73.14065, 18.19696], [-73.08363, 18.18567], [-73.06676, 18.18716], [-73.0556, 18.18254], [-73.04128, 18.18161], [-73.0231, 18.18168], [-73.01182, 18.18675], [-73.00354, 18.18577], [-73.0102, 18.19333], [-73.00388, 18.19936], [-73.00897, 18.20687], [-73.00116, 18.2075], [-73.01047, 18.2088], [-73.0072, 18.21848], [-73.00992, 18.21996], [-73.00938, 18.22369], [-73.01585, 18.22146], [-73.01478, 18.22778], [-73.02282, 18.22519], [-73.01669, 18.23665], [-73.03069, 18.24056], [-73.02992, 18.25114], [-73.03781, 18.25652], [-73.03591, 18.25943], [-73.04165, 18.25968], [-73.03866, 18.26268], [-73.03798, 18.2702], [-73.04299, 18.27067], [-73.0408, 18.2717], [-73.04235, 18.27717], [-73.04839, 18.28007], [-73.05236, 18.28699], [-73.04381, 18.29437], [-73.0468, 18.29675], [-73.04222, 18.30035], [-73.04693, 18.30246], [-73.04993, 18.29966], [-73.0523, 18.30286], [-73.05588, 18.3006], [-73.05937, 18.30303], [-73.06831, 18.32292], [-73.07201, 18.3228], [-73.07068, 18.33102], [-73.07346, 18.32986], [-73.07236, 18.32727], [-73.08001, 18.3294], [-73.08054, 18.33471], [-73.09679, 18.34498], [-73.10045, 18.35305], [-73.11046, 18.36185], [-73.11466, 18.36052], [-73.11859, 18.36297], [-73.12519, 18.35886], [-73.14163, 18.36474], [-73.15658, 18.3502], [-73.1645, 18.35056], [-73.17322, 18.35613], [-73.17941, 18.35655], [-73.18682, 18.36286], [-73.19513, 18.36406], [-73.21767, 18.36253], [-73.22817, 18.3523], [-73.25918, 18.35284], [-73.26683, 18.35985], [-73.27706, 18.36117], [-73.28687, 18.36771], [-73.29508, 18.36775], [-73.29403, 18.3658], [-73.29631, 18.36553], [-73.29944, 18.36864], [-73.31871, 18.36273], [-73.32923, 18.36945]]]}, "properties": {"atmart_geo_id": "HTC-0731", "pcode": "HT0731", "nom_fr": "Aquin", "nom_ht": "Aken", "niveau_admin": "3"}}, {"type": "Feature", "geometry": {"type": "Polygon", "coordinates": [[[-72.62698, 18.97347], [-72.62826, 18.97717], [-72.63182, 18.97296], [-72.63442, 18.97629], [-72.63803, 18.97088], [-72.64999, 18.97228], [-72.65761, 18.96738], [-72.66437, 18.97217], [-72.67064, 18.96858], [-72.67861, 18.96859], [-72.67715, 18.9725], [-72.68158, 18.97306], [-72.68456, 18.96747], [-72.69931, 18.95854], [-72.70999, 18.94234], [-72.69035, 18.94115], [-72.64806, 18.91844], [-72.64326, 18.91013], [-72.6351, 18.90642], [-72.62934, 18.89541], [-72.61925, 18.88727], [-72.61625, 18.88109], [-72.61668, 18.87208], [-72.61091, 18.85939], [-72.60256, 18.86067], [-72.59823, 18.85773], [-72.59302, 18.84709], [-72.57617, 18.83398], [-72.56071, 18.7963], [-72.54871, 18.78984], [-72.54268, 18.77702], [-72.53635, 18.77304], [-72.52243, 18.76785], [-72.50282, 18.76742], [-72.49647, 18.76462], [-72.49273, 18.7683], [-72.48688, 18.76776], [-72.48187, 18.77233], [-72.48071, 18.7852], [-72.46985, 18.79488], [-72.4667, 18.81894], [-72.46232, 18.8195], [-72.45672, 18.8156], [-72.44286, 18.82058], [-72.435, 18.82866], [-72.42256, 18.83482], [-72.42302, 18.84084], [-72.41111, 18.83524], [-72.40752, 18.83976], [-72.40874, 18.84321], [-72.40067, 18.84212], [-72.39876, 18.84483], [-72.38933, 18.83933], [-72.38507, 18.84733], [-72.38075, 18.8412], [-72.37576, 18.84192], [-72.38071, 18.85091], [-72.37829, 18.85336], [-72.36033, 18.85595], [-72.36328, 18.85903], [-72.36184, 18.86423], [-72.38154, 18.87931], [-72.39222, 18.89323], [-72.39685, 18.89432], [-72.40394, 18.90187], [-72.41482, 18.90363], [-72.42038, 18.91268], [-72.42343, 18.91173], [-72.4285, 18.91732], [-72.43713, 18.92034], [-72.43564, 18.92346], [-72.44298, 18.92404], [-72.45496, 18.91983], [-72.45949, 18.92725], [-72.46702, 18.92582], [-72.49575, 18.95895], [-72.50907, 18.95957], [-72.51454, 18.95544], [-72.53085, 18.95957], [-72.53652, 18.95734], [-72.54137, 18.96167], [-72.55463, 18.96151], [-72.5585, 18.96501], [-72.58603, 18.96984], [-72.59107, 18.97331], [-72.59815, 18.97156], [-72.60344, 18.97533], [-72.61638, 18.97642], [-72.6202, 18.97091], [-72.62698, 18.97347]]]}, "properties": {"atmart_geo_id": "HTC-0141", "pcode": "HT0141", "nom_fr": "Arcahaie", "nom_ht": "Akayè", "niveau_admin": "3"}}, {"type": "Feature", "geometry": {"type": "Polygon", "coordinates": [[[-73.42234, 18.50118], [-73.44378, 18.48879], [-73.43397, 18.4798], [-73.43495, 18.46755], [-73.42953, 18.45661], [-73.4302, 18.4524], [-73.42298, 18.45078], [-73.41715, 18.44531], [-73.40244, 18.44679], [-73.39942, 18.44469], [-73.4004, 18.43987], [-73.40891, 18.43596], [-73.41316, 18.42931], [-73.41214, 18.42457], [-73.40383, 18.41906], [-73.40918, 18.41416], [-73.40881, 18.41184], [-73.40395, 18.41121], [-73.40885, 18.40828], [-73.40301, 18.40636], [-73.40125, 18.40891], [-73.39473, 18.40401], [-73.39309, 18.40573], [-73.39215, 18.40232], [-73.38783, 18.40214], [-73.38521, 18.39461], [-73.38372, 18.39843], [-73.37671, 18.39535], [-73.37606, 18.40228], [-73.37023, 18.39643], [-73.37062, 18.40123], [-73.35852, 18.4073], [-73.36099, 18.41264], [-73.35938, 18.41453], [-73.35, 18.40874], [-73.3436, 18.41026], [-73.34241, 18.41425], [-73.33857, 18.4111], [-73.32606, 18.41114], [-73.32068, 18.42233], [-73.33435, 18.42505], [-73.34824, 18.43403], [-73.34089, 18.43745], [-73.34244, 18.44136], [-73.34902, 18.44856], [-73.35261, 18.44782], [-73.36316, 18.45363], [-73.36056, 18.4739], [-73.35595, 18.47611], [-73.35421, 18.48762], [-73.36464, 18.48941], [-73.3691, 18.48543], [-73.38215, 18.48669], [-73.41207, 18.49552], [-73.41595, 18.49528], [-73.41674, 18.49226], [-73.42234, 18.50118]]]}, "properties": {"atmart_geo_id": "HTC-1024", "pcode": "HT1024", "nom_fr": "Arnaud", "nom_ht": "Ano", "niveau_admin": "3"}}, {"type": "Feature", "geometry": {"type": "Polygon", "coordinates": [[[-73.89473, 18.12825], [-73.88399, 18.13454], [-73.87293, 18.15255], [-73.87456, 18.15531], [-73.88366, 18.16635], [-73.89447, 18.16825], [-73.92021, 18.18799], [-73.94055, 18.1954], [-73.94586, 18.18868], [-73.94857, 18.17558], [-73.94695, 18.13309], [-73.95, 18.13179], [-73.94283, 18.11872], [-73.94296, 18.10867], [-73.93404, 18.11335], [-73.92114, 18.10825], [-73.90466, 18.12488], [-73.89762, 18.12043], [-73.89352, 18.12395], [-73.89473, 18.12825]]]}, "properties": {"atmart_geo_id": "HTC-0723", "pcode": "HT0723", "nom_fr": "Arniquet", "nom_ht": "Anikè", "niveau_admin": "3"}}, {"type": "Feature", "geometry": {"type": "Polygon", "coordinates": [[[-72.09469, 19.5124], [-72.09535, 19.5162], [-72.09751, 19.51155], [-72.12708, 19.50223], [-72.13175, 19.50195], [-72.13259, 19.50723], [-72.14522, 19.50231], [-72.15398, 19.50609], [-72.18105, 19.4922], [-72.16738, 19.47689], [-72.14303, 19.43162], [-72.13881, 19.42973], [-72.13419, 19.42159], [-72.13161, 19.41038], [-72.13385, 19.39754], [-72.12744, 19.38929], [-72.12737, 19.38468], [-72.11482, 19.39408], [-72.11116, 19.40491], [-72.11483, 19.40881], [-72.11044, 19.41185], [-72.11086, 19.41671], [-72.10796, 19.41949], [-72.11045, 19.42175], [-72.10538, 19.4245], [-72.10909, 19.4309], [-72.10559, 19.44215], [-72.10238, 19.44151], [-72.09795, 19.44969], [-72.08965, 19.44724], [-72.08011, 19.45856], [-72.06993, 19.45547], [-72.07078, 19.46086], [-72.0664, 19.46701], [-72.06712, 19.4705], [-72.06254, 19.47284], [-72.06298, 19.48021], [-72.09113, 19.49752], [-72.09469, 19.5124]]]}, "properties": {"atmart_geo_id": "HTC-0332", "pcode": "HT0332", "nom_fr": "Bahon", "nom_ht": "Baron", "niveau_admin": "3"}}, {"type": "Feature", "geometry": {"type": "Polygon", "coordinates": [[[-73.17091, 19.77341], [-73.17275, 19.78575], [-73.18332, 19.79922], [-73.18771, 19.79572], [-73.1864, 19.78694], [-73.19541, 19.77929], [-73.19597, 19.77176], [-73.2034, 19.77215], [-73.21452, 19.7681], [-73.21597, 19.76157], [-73.21393, 19.75738], [-73.22412, 19.75485], [-73.21465, 19.74031], [-73.2177, 19.73535], [-73.23416, 19.72744], [-73.2425, 19.7182], [-73.25499, 19.71236], [-73.26324, 19.7189], [-73.26999, 19.72957], [-73.27186, 19.71937], [-73.27921, 19.70653], [-73.28461, 19.6808], [-73.29337, 19.66967], [-73.29163, 19.65597], [-73.29562, 19.62897], [-73.28703, 19.63237], [-73.28052, 19.6303], [-73.26296, 19.63388], [-73.25937, 19.62971], [-73.23081, 19.63042], [-73.21957, 19.6466], [-73.21962, 19.6561], [-73.20697, 19.66193], [-73.19281, 19.64748], [-73.17917, 19.63889], [-73.1446, 19.62561], [-73.13107, 19.62255], [-73.12576, 19.62434], [-73.12205, 19.63194], [-73.12819, 19.63344], [-73.13625, 19.64045], [-73.13631, 19.64367], [-73.11838, 19.67636], [-73.11771, 19.68734], [-73.12223, 19.69241], [-73.1206, 19.70207], [-73.12445, 19.70255], [-73.12935, 19.71215], [-73.13039, 19.72552], [-73.14065, 19.73807], [-73.13976, 19.74427], [-73.14889, 19.74303], [-73.16117, 19.75445], [-73.15653, 19.75761], [-73.15756, 19.76179], [-73.16798, 19.76218], [-73.17091, 19.77341]]]}, "properties": {"atmart_geo_id": "HTC-0932", "pcode": "HT0932", "nom_fr": "Baie de Henne", "nom_ht": "Bèdeyèn", "niveau_admin": "3"}}, {"type": "Feature", "geometry": {"type": "Polygon", "coordinates": [[[-72.82307, 18.28743], [-72.82753, 18.28935], [-72.83144, 18.28226], [-72.85627, 18.2812], [-72.85607, 18.2736], [-72.85065, 18.26344], [-72.85339, 18.2583], [-72.86076, 18.25983], [-72.88387, 18.27651], [-72.90236, 18.25949], [-72.89872, 18.24275], [-72.89108, 18.23543], [-72.88508, 18.2333], [-72.87697, 18.23515], [-72.85931, 18.22318], [-72.87522, 18.22166], [-72.8825, 18.21375], [-72.8932, 18.21082], [-72.88974, 18.2052], [-72.88532, 18.20608], [-72.88404, 18.20243], [-72.90015, 18.1693], [-72.90121, 18.15439], [-72.88619, 18.15119], [-72.88553, 18.14894], [-72.8735, 18.14979], [-72.85938, 18.14389], [-72.85254, 18.14415], [-72.84587, 18.15101], [-72.83607, 18.14961], [-72.8218, 18.14199], [-72.81577, 18.14189], [-72.80589, 18.14667], [-72.7929, 18.14496], [-72.78254, 18.15037], [-72.78304, 18.1589], [-72.77961, 18.16027], [-72.75743, 18.15453], [-72.74757, 18.15547], [-72.74843, 18.16043], [-72.76091, 18.1706], [-72.75735, 18.17852], [-72.75025, 18.18391], [-72.7384, 18.17811], [-72.73272, 18.17963], [-72.71305, 18.17497], [-72.70225, 18.18198], [-72.69567, 18.1793], [-72.67338, 18.18705], [-72.66155, 18.18391], [-72.65503, 18.18749], [-72.64793, 18.18671], [-72.64045, 18.19131], [-72.63627, 18.19047], [-72.64158, 18.21591], [-72.6409, 18.22545], [-72.64477, 18.22594], [-72.64756, 18.23118], [-72.65087, 18.23077], [-72.65318, 18.23616], [-72.68128, 18.24423], [-72.68495, 18.25715], [-72.69378, 18.26234], [-72.70402, 18.26309], [-72.70443, 18.26894], [-72.71512, 18.26841], [-72.71586, 18.26536], [-72.72199, 18.26852], [-72.72538, 18.27699], [-72.73012, 18.27825], [-72.7359, 18.26575], [-72.74178, 18.26061], [-72.75172, 18.26419], [-72.75969, 18.25964], [-72.76258, 18.26298], [-72.76054, 18.26468], [-72.76188, 18.26849], [-72.76726, 18.26673], [-72.79474, 18.27548], [-72.80864, 18.28678], [-72.82307, 18.28743]]]}, "properties": {"atmart_geo_id": "HTC-0221", "pcode": "HT0221", "nom_fr": "Bainet", "nom_ht": "Benè", "niveau_admin": "3"}}, {"type": "Feature", "geometry": {"type": "Polygon", "coordinates": [[[-73.72443, 18.54431], [-73.73161, 18.54971], [-73.73553, 18.54585], [-73.73152, 18.54072], [-73.73739, 18.5361], [-73.74328, 18.52324], [-73.75394, 18.51712], [-73.76829, 18.50191], [-73.76733, 18.49649], [-73.74237, 18.48929], [-73.73799, 18.48408], [-73.74252, 18.47776], [-73.76546, 18.46545], [-73.76629, 18.45947], [-73.77487, 18.45417], [-73.7758, 18.44222], [-73.7789, 18.4413], [-73.78002, 18.42395], [-73.77378, 18.41843], [-73.75916, 18.4235], [-73.74349, 18.42059], [-73.73779, 18.41599], [-73.72146, 18.41473], [-73.70695, 18.42111], [-73.70234, 18.42007], [-73.68197, 18.40009], [-73.67669, 18.39799], [-73.67156, 18.40291], [-73.67203, 18.43074], [-73.66816, 18.43334], [-73.66557, 18.44521], [-73.67139, 18.46185], [-73.66605, 18.46211], [-73.6491, 18.44887], [-73.64178, 18.43889], [-73.61889, 18.45414], [-73.6, 18.45455], [-73.58675, 18.45871], [-73.58739, 18.46594], [-73.5954, 18.47293], [-73.59476, 18.47882], [-73.57981, 18.48888], [-73.57109, 18.50603], [-73.5757, 18.50549], [-73.57779, 18.5099], [-73.57844, 18.50445], [-73.58338, 18.50547], [-73.58772, 18.50148], [-73.59262, 18.50409], [-73.59772, 18.50087], [-73.59888, 18.50367], [-73.608, 18.5012], [-73.60794, 18.50361], [-73.61118, 18.50053], [-73.61142, 18.50322], [-73.61465, 18.50087], [-73.61815, 18.5026], [-73.62237, 18.49948], [-73.62315, 18.50409], [-73.62732, 18.50471], [-73.6258, 18.5016], [-73.63633, 18.50643], [-73.64703, 18.50106], [-73.66176, 18.49912], [-73.66455, 18.50251], [-73.66364, 18.50613], [-73.67298, 18.5093], [-73.67195, 18.51701], [-73.66681, 18.52525], [-73.66431, 18.5245], [-73.66613, 18.52833], [-73.66004, 18.53287], [-73.66312, 18.53519], [-73.66351, 18.54119], [-73.67447, 18.54031], [-73.67773, 18.54492], [-73.6807, 18.54485], [-73.68169, 18.53808], [-73.68455, 18.53644], [-73.68432, 18.54502], [-73.68948, 18.54501], [-73.68911, 18.54213], [-73.69287, 18.53939], [-73.69382, 18.54553], [-73.69959, 18.54126], [-73.70024, 18.54349], [-73.71232, 18.54294], [-73.71069, 18.54064], [-73.71585, 18.54399], [-73.71788, 18.54198], [-73.72067, 18.54619], [-73.72316, 18.54214], [-73.72443, 18.54431]]]}, "properties": {"atmart_geo_id": "HTC-1031", "pcode": "HT1031", "nom_fr": "Baradères", "nom_ht": "Baradè", "niveau_admin": "3"}}, {"type": "Feature", "geometry": {"type": "Polygon", "coordinates": [[[-72.38073, 19.81632], [-72.38831, 19.81718], [-72.38622, 19.80961], [-72.39506, 19.8043], [-72.40807, 19.80458], [-72.41849, 19.80843], [-72.41665, 19.80073], [-72.42214, 19.7951], [-72.41435, 19.77833], [-72.40642, 19.77436], [-72.40372, 19.76949], [-72.4179, 19.76649], [-72.41866, 19.75735], [-72.42428, 19.74849], [-72.42352, 19.74463], [-72.41642, 19.74371], [-72.41626, 19.7416], [-72.42353, 19.74009], [-72.42302, 19.73365], [-72.42932, 19.72972], [-72.43006, 19.72411], [-72.4176, 19.7146], [-72.4109, 19.71328], [-72.40922, 19.70786], [-72.39263, 19.70719], [-72.39825, 19.71285], [-72.39731, 19.71564], [-72.3925, 19.7181], [-72.38925, 19.71666], [-72.38361, 19.7255], [-72.37091, 19.72355], [-72.37061, 19.73737], [-72.37397, 19.74082], [-72.37309, 19.74532], [-72.37684, 19.7531], [-72.36377, 19.77571], [-72.3594, 19.77478], [-72.35936, 19.7808], [-72.35401, 19.78278], [-72.37927, 19.80213], [-72.38217, 19.80754], [-72.38073, 19.81632]]]}, "properties": {"atmart_geo_id": "HTC-0362", "pcode": "HT0362", "nom_fr": "Bas Limbé", "nom_ht": "Ba Lenbe", "niveau_admin": "3"}}, {"type": "Feature", "geometry": {"type": "Polygon", "coordinates": [[[-72.74727, 19.86602], [-72.75428, 19.86567], [-72.75496, 19.86354], [-72.77173, 19.86502], [-72.78005, 19.83343], [-72.81752, 19.81763], [-72.83685, 19.82133], [-72.8439, 19.81999], [-72.84852, 19.82969], [-72.83437, 19.83762], [-72.83428, 19.84229], [-72.88506, 19.84763], [-72.88606, 19.83767], [-72.92886, 19.8108], [-72.92335, 19.79712], [-72.92403, 19.79266], [-72.93205, 19.78725], [-72.94077, 19.79013], [-72.93893, 19.78517], [-72.9276, 19.78155], [-72.92323, 19.77643], [-72.92214, 19.77047], [-72.9262, 19.76666], [-72.92711, 19.74987], [-72.92376, 19.7362], [-72.92492, 19.71765], [-72.89715, 19.714], [-72.89489, 19.71037], [-72.88998, 19.70947], [-72.84665, 19.71333], [-72.84026, 19.71632], [-72.83775, 19.721], [-72.83838, 19.72989], [-72.81222, 19.73799], [-72.8104, 19.75199], [-72.80697, 19.75696], [-72.78402, 19.77149], [-72.76527, 19.78842], [-72.7592, 19.78858], [-72.74856, 19.78305], [-72.74026, 19.7851], [-72.73933, 19.79075], [-72.72896, 19.79949], [-72.72459, 19.8096], [-72.73019, 19.8124], [-72.73402, 19.82816], [-72.73855, 19.8326], [-72.73492, 19.84055], [-72.73633, 19.84348], [-72.73238, 19.84619], [-72.73553, 19.85129], [-72.74531, 19.854], [-72.74727, 19.86602]]]}, "properties": {"atmart_geo_id": "HTC-0913", "pcode": "HT0913", "nom_fr": "Bassin Bleu", "nom_ht": "Basenble", "niveau_admin": "3"}}, {"type": "Feature", "geometry": {"type": "Polygon", "coordinates": [[[-73.99603, 18.52294], [-74.00184, 18.52606], [-74.00483, 18.52236], [-74.01701, 18.51787], [-74.02449, 18.50907], [-74.03863, 18.5055], [-74.0415, 18.50107], [-74.03514, 18.48973], [-74.03117, 18.49157], [-74.02961, 18.48199], [-74.03816, 18.47884], [-74.04171, 18.47049], [-74.04228, 18.45665], [-74.03388, 18.453], [-74.03284, 18.4491], [-74.03713, 18.43266], [-74.02961, 18.43414], [-74.02772, 18.42833], [-74.03155, 18.41008], [-74.04128, 18.3876], [-74.02287, 18.38234], [-74.00276, 18.38373], [-73.97771, 18.37131], [-73.97607, 18.37289], [-73.96431, 18.3688], [-73.93993, 18.37017], [-73.93918, 18.37664], [-73.92737, 18.39136], [-73.9293, 18.39594], [-73.93977, 18.39882], [-73.94044, 18.40502], [-73.9384, 18.41628], [-73.93275, 18.42286], [-73.93515, 18.42798], [-73.93077, 18.4417], [-73.92999, 18.45579], [-73.92215, 18.46659], [-73.91703, 18.4676], [-73.90741, 18.47638], [-73.89628, 18.47848], [-73.8923, 18.48964], [-73.89701, 18.48663], [-73.89993, 18.49197], [-73.91998, 18.48508], [-73.93033, 18.48702], [-73.93924, 18.4928], [-73.94139, 18.49778], [-73.94808, 18.49153], [-73.95219, 18.49536], [-73.95591, 18.49425], [-73.96712, 18.50941], [-73.97734, 18.51145], [-73.97591, 18.51473], [-73.98539, 18.51997], [-73.98647, 18.52334], [-73.99603, 18.52294]]]}, "properties": {"atmart_geo_id": "HTC-0833", "pcode": "HT0833", "nom_fr": "Beaumont", "nom_ht": "Bomon", "niveau_admin": "3"}}, {"type": "Feature", "geometry": {"type": "Polygon", "coordinates": [[[-71.83484, 18.96595], [-71.83547, 18.97001], [-71.83956, 18.96933], [-71.84419, 18.96331], [-71.83988, 18.95842], [-71.84548, 18.95759], [-71.84852, 18.96354], [-71.85436, 18.95457], [-71.861, 18.96369], [-71.86108, 18.94772], [-71.86869, 18.94621], [-71.87508, 18.949], [-71.87973, 18.94184], [-71.88309, 18.94267], [-71.89097, 18.9172], [-71.88704, 18.91078], [-71.88322, 18.9132], [-71.88543, 18.90558], [-71.90579, 18.8916], [-71.90581, 18.88789], [-71.9144, 18.88632], [-71.91548, 18.88265], [-71.9155, 18.87987], [-71.91146, 18.88053], [-71.90188, 18.87375], [-71.89063, 18.87952], [-71.89276, 18.87564], [-71.8886, 18.87388], [-71.90284, 18.86395], [-71.9034, 18.85353], [-71.89208, 18.83341], [-71.87556, 18.82393], [-71.8673, 18.81437], [-71.86879, 18.80174], [-71.85719, 18.78501], [-71.84849, 18.79195], [-71.8427, 18.79323], [-71.83776, 18.78856], [-71.8176, 18.79663], [-71.81904, 18.7852], [-71.8113, 18.78002], [-71.80043, 18.78461], [-71.79469, 18.78181], [-71.7824, 18.76362], [-71.76769, 18.76775], [-71.75993, 18.76512], [-71.75738, 18.77253], [-71.72878, 18.77233], [-71.72204, 18.80434], [-71.72083, 18.83284], [-71.72555, 18.83941], [-71.72659, 18.85494], [-71.72303, 18.88082], [-71.72662, 18.87696], [-71.73751, 18.87797], [-71.73916, 18.89145], [-71.76034, 18.90592], [-71.76818, 18.90697], [-71.78291, 18.94835], [-71.78116, 18.95442], [-71.79084, 18.95803], [-71.79484, 18.95269], [-71.79693, 18.95698], [-71.80229, 18.95442], [-71.80476, 18.95909], [-71.81195, 18.95971], [-71.81436, 18.96481], [-71.82612, 18.96398], [-71.82291, 18.96941], [-71.83316, 18.96286], [-71.83484, 18.96595]]]}, "properties": {"atmart_geo_id": "HTC-0632", "pcode": "HT0632", "nom_fr": "Belladère", "nom_ht": "Beladè", "niveau_admin": "3"}}, {"type": "Feature", "geometry": {"type": "Polygon", "coordinates": [[[-72.22155, 18.34983], [-72.25423, 18.35737], [-72.25342, 18.35218], [-72.23573, 18.33651], [-72.24049, 18.32751], [-72.22933, 18.30438], [-72.23231, 18.29656], [-72.22694, 18.27963], [-72.23061, 18.26817], [-72.221, 18.25137], [-72.22407, 18.22224], [-72.19809, 18.22168], [-72.15948, 18.23173], [-72.14599, 18.23013], [-72.13312, 18.23246], [-72.12577, 18.22908], [-72.09869, 18.23598], [-72.08851, 18.23416], [-72.08378, 18.23893], [-72.0665, 18.23483], [-72.05176, 18.23732], [-72.04002, 18.23164], [-72.0341, 18.2172], [-72.00978, 18.20554], [-72.00024, 18.21401], [-71.99343, 18.21103], [-71.98693, 18.20263], [-71.95739, 18.19516], [-71.94697, 18.20407], [-71.94557, 18.21278], [-71.93849, 18.21724], [-71.9367, 18.22274], [-71.93983, 18.22501], [-71.93319, 18.23223], [-71.93905, 18.23207], [-71.93906, 18.23455], [-71.93093, 18.24109], [-71.93415, 18.25516], [-71.9276, 18.2646], [-71.93157, 18.27319], [-71.91672, 18.29529], [-71.95267, 18.31739], [-71.97427, 18.31294], [-71.98584, 18.31491], [-72.00226, 18.31165], [-72.00396, 18.31795], [-72.0327, 18.31966], [-72.03926, 18.3276], [-72.04181, 18.32065], [-72.05582, 18.32647], [-72.06742, 18.32033], [-72.09027, 18.33765], [-72.12764, 18.33645], [-72.15188, 18.34701], [-72.15982, 18.34869], [-72.17927, 18.34647], [-72.18991, 18.35333], [-72.22155, 18.34983]]]}, "properties": {"atmart_geo_id": "HTC-0231", "pcode": "HT0231", "nom_fr": "Belle-Anse", "nom_ht": "Bèlans", "niveau_admin": "3"}}, {"type": "Feature", "geometry": {"type": "Polygon", "coordinates": [[[-73.28877, 19.75073], [-73.30877, 19.77228], [-73.3164, 19.76856], [-73.31941, 19.76107], [-73.34756, 19.74951], [-73.3587, 19.75191], [-73.37667, 19.74547], [-73.37915, 19.73764], [-73.37776, 19.72837], [-73.38383, 19.72963], [-73.39817, 19.73992], [-73.40774, 19.72682], [-73.41346, 19.69678], [-73.42462, 19.69301], [-73.43666, 19.67938], [-73.44303, 19.67755], [-73.43715, 19.66763], [-73.41597, 19.64901], [-73.41016, 19.64806], [-73.39091, 19.6343], [-73.37701, 19.6301], [-73.37387, 19.6317], [-73.3639, 19.62316], [-73.35635, 19.62626], [-73.34156, 19.62427], [-73.33524, 19.62705], [-73.32126, 19.62426], [-73.30545, 19.62904], [-73.29562, 19.62897], [-73.29163, 19.65597], [-73.29337, 19.66967], [-73.28461, 19.6808], [-73.27921, 19.70653], [-73.27186, 19.71937], [-73.26999, 19.72957], [-73.28228, 19.73889], [-73.28133, 19.74474], [-73.28877, 19.75073]]]}, "properties": {"atmart_geo_id": "HTC-0933", "pcode": "HT0933", "nom_fr": "Bombardopolis", "nom_ht": "Bonbadopolis", "niveau_admin": "3"}}, {"type": "Feature", "geometry": {"type": "Polygon", "coordinates": [[[-74.21449, 18.6739], [-74.24313, 18.67002], [-74.24703, 18.66517], [-74.25388, 18.67089], [-74.26305, 18.66864], [-74.25751, 18.66184], [-74.25842, 18.64209], [-74.25521, 18.63703], [-74.2609, 18.61328], [-74.25652, 18.60729], [-74.25801, 18.59264], [-74.24126, 18.58891], [-74.22598, 18.60069], [-74.22164, 18.60746], [-74.19084, 18.61837], [-74.19239, 18.62408], [-74.20741, 18.61935], [-74.22746, 18.62624], [-74.22037, 18.63191], [-74.2319, 18.64581], [-74.23352, 18.65456], [-74.23153, 18.65759], [-74.21426, 18.66339], [-74.21449, 18.6739]]]}, "properties": {"atmart_geo_id": "HTC-0813", "pcode": "HT0813", "nom_fr": "Bonbon", "nom_ht": "Trou Bonbon", "niveau_admin": "3"}}, {"type": "Feature", "geometry": {"type": "Polygon", "coordinates": [[[-72.55529, 19.87769], [-72.56128, 19.87981], [-72.56157, 19.87754], [-72.567, 19.87762], [-72.58303, 19.86646], [-72.58006, 19.84981], [-72.58385, 19.85181], [-72.59019, 19.84984], [-72.59552, 19.83994], [-72.59089, 19.83148], [-72.5944, 19.83029], [-72.59811, 19.83741], [-72.60156, 19.83825], [-72.61069, 19.83615], [-72.61588, 19.82794], [-72.61501, 19.81799], [-72.61935, 19.81486], [-72.63007, 19.8117], [-72.6318, 19.81689], [-72.63913, 19.81854], [-72.63896, 19.82935], [-72.65175, 19.828], [-72.66998, 19.83217], [-72.6846, 19.83163], [-72.67723, 19.81388], [-72.68147, 19.80376], [-72.67362, 19.77871], [-72.66832, 19.77632], [-72.6533, 19.77675], [-72.65631, 19.78565], [-72.64319, 19.78548], [-72.63853, 19.77801], [-72.6374, 19.77376], [-72.63962, 19.7723], [-72.63139, 19.77132], [-72.63099, 19.76602], [-72.62435, 19.7636], [-72.61885, 19.76459], [-72.597, 19.75879], [-72.58833, 19.76397], [-72.58333, 19.7639], [-72.58137, 19.76726], [-72.57565, 19.76654], [-72.57861, 19.75418], [-72.57151, 19.74682], [-72.57393, 19.74294], [-72.5717, 19.73943], [-72.56548, 19.73906], [-72.55885, 19.73471], [-72.55555, 19.73685], [-72.5494, 19.73299], [-72.53336, 19.73324], [-72.52897, 19.73882], [-72.51747, 19.7392], [-72.51286, 19.75149], [-72.51418, 19.75913], [-72.50996, 19.76433], [-72.5018, 19.76404], [-72.50896, 19.76809], [-72.5072, 19.77663], [-72.51077, 19.78584], [-72.50844, 19.79063], [-72.51276, 19.79743], [-72.49939, 19.79424], [-72.48794, 19.79545], [-72.48549, 19.79134], [-72.47699, 19.79142], [-72.47761, 19.79611], [-72.46402, 19.80807], [-72.4753, 19.81537], [-72.48664, 19.81498], [-72.48948, 19.82098], [-72.49385, 19.81965], [-72.50024, 19.82451], [-72.49833, 19.83535], [-72.50435, 19.83604], [-72.50738, 19.84669], [-72.51171, 19.84804], [-72.51314, 19.84055], [-72.51829, 19.83978], [-72.52244, 19.85006], [-72.52954, 19.84777], [-72.54063, 19.85774], [-72.54038, 19.86165], [-72.55461, 19.86986], [-72.55579, 19.87206], [-72.55238, 19.87434], [-72.55529, 19.87769]]]}, "properties": {"atmart_geo_id": "HTC-0351", "pcode": "HT0351", "nom_fr": "Borgne", "nom_ht": "Bòn", "niveau_admin": "3"}}, {"type": "Feature", "geometry": {"type": "Polygon", "coordinates": [[[-72.22176, 19.08344], [-72.2297, 19.06084], [-72.2401, 19.04981], [-72.24138, 19.0435], [-72.23852, 19.03682], [-72.24837, 19.02921], [-72.2445, 19.01048], [-72.23784, 19.00205], [-72.23699, 18.99311], [-72.24098, 18.98514], [-72.23822, 18.97035], [-72.22496, 18.95641], [-72.22685, 18.94833], [-72.23774, 18.93803], [-72.23755, 18.93246], [-72.24393, 18.91821], [-72.24086, 18.91663], [-72.24967, 18.90901], [-72.24848, 18.90628], [-72.2408, 18.90494], [-72.23266, 18.89845], [-72.2244, 18.89773], [-72.22357, 18.88959], [-72.21813, 18.89155], [-72.21306, 18.88834], [-72.19834, 18.88804], [-72.20044, 18.8796], [-72.1857, 18.8767], [-72.18435, 18.86923], [-72.17898, 18.8635], [-72.16438, 18.86327], [-72.16301, 18.85233], [-72.1571, 18.85139], [-72.15506, 18.84478], [-72.14241, 18.84914], [-72.14094, 18.85952], [-72.13658, 18.86187], [-72.12831, 18.85628], [-72.12694, 18.84306], [-72.1172, 18.84672], [-72.10108, 18.83809], [-72.09604, 18.84671], [-72.08637, 18.85204], [-72.0837, 18.85907], [-72.09562, 18.86112], [-72.09584, 18.87345], [-72.10114, 18.87593], [-72.10046, 18.87805], [-72.09186, 18.88344], [-72.08854, 18.88118], [-72.08699, 18.89295], [-72.0749, 18.90683], [-72.06225, 18.89898], [-72.05697, 18.90261], [-72.0424, 18.898], [-72.03113, 18.90559], [-72.01965, 18.90666], [-71.99678, 18.92463], [-71.99838, 18.93651], [-72.00398, 18.93563], [-72.0082, 18.94223], [-72.01191, 18.94324], [-72.02119, 18.94085], [-72.03162, 18.94341], [-72.04172, 18.93736], [-72.04356, 18.93224], [-72.04806, 18.93309], [-72.06035, 18.94367], [-72.06422, 18.95691], [-72.07501, 18.96064], [-72.08021, 18.97314], [-72.09655, 18.98079], [-72.09768, 18.99201], [-72.10546, 19.00922], [-72.10975, 19.00874], [-72.10903, 19.01205], [-72.11496, 19.01594], [-72.11821, 19.01501], [-72.11835, 19.02661], [-72.12317, 19.02781], [-72.13156, 19.02367], [-72.13704, 19.01599], [-72.16226, 19.03965], [-72.16649, 19.04727], [-72.19053, 19.0721], [-72.18884, 19.07769], [-72.19142, 19.08067], [-72.20093, 19.07823], [-72.22176, 19.08344]]]}, "properties": {"atmart_geo_id": "HTC-0623", "pcode": "HT0623", "nom_fr": "Boucan Carré", "nom_ht": "Boukan Kare", "niveau_admin": "3"}}, {"type": "Feature", "geometry": {"type": "Polygon", "coordinates": [[[-72.36941, 18.85616], [-72.38071, 18.85091], [-72.37576, 18.84192], [-72.38075, 18.8412], [-72.38507, 18.84733], [-72.38933, 18.83933], [-72.39876, 18.84483], [-72.40067, 18.84212], [-72.40874, 18.84321], [-72.40752, 18.83976], [-72.41111, 18.83524], [-72.42302, 18.84084], [-72.42256, 18.83482], [-72.435, 18.82866], [-72.44286, 18.82058], [-72.45672, 18.8156], [-72.46232, 18.8195], [-72.4667, 18.81894], [-72.46985, 18.79488], [-72.48071, 18.7852], [-72.48187, 18.77233], [-72.48688, 18.76776], [-72.47724, 18.7603], [-72.4714, 18.76031], [-72.46301, 18.75499], [-72.46094, 18.74804], [-72.45779, 18.74735], [-72.45885, 18.73361], [-72.45289, 18.73141], [-72.45015, 18.71966], [-72.42673, 18.71357], [-72.40057, 18.71173], [-72.39479, 18.71458], [-72.37912, 18.70381], [-72.37925, 18.70113], [-72.36847, 18.69825], [-72.35183, 18.68719], [-72.35168, 18.68958], [-72.33325, 18.68236], [-72.321, 18.69259], [-72.3167, 18.69312], [-72.31189, 18.70381], [-72.32265, 18.70365], [-72.32576, 18.70741], [-72.33629, 18.71097], [-72.33398, 18.71491], [-72.33807, 18.72246], [-72.32857, 18.73004], [-72.32851, 18.73387], [-72.35207, 18.73582], [-72.35169, 18.73982], [-72.3582, 18.74733], [-72.35233, 18.75256], [-72.35188, 18.75691], [-72.35756, 18.76459], [-72.35239, 18.76944], [-72.34396, 18.77076], [-72.33265, 18.78067], [-72.33626, 18.78291], [-72.32635, 18.78939], [-72.33226, 18.79629], [-72.32757, 18.79693], [-72.3194, 18.81166], [-72.33575, 18.83835], [-72.35563, 18.85451], [-72.36941, 18.85616]]]}, "properties": {"atmart_geo_id": "HTC-0142", "pcode": "HT0142", "nom_fr": "Cabaret", "nom_ht": "Kabarè", "niveau_admin": "3"}}, {"type": "Feature", "geometry": {"type": "Polygon", "coordinates": [[[-73.8213, 18.4129], [-73.84288, 18.40677], [-73.87864, 18.40739], [-73.90343, 18.40062], [-73.90569, 18.39902], [-73.9062, 18.38924], [-73.89789, 18.37706], [-73.89294, 18.37537], [-73.8947, 18.36374], [-73.90658, 18.3622], [-73.92609, 18.36651], [-73.929, 18.36155], [-73.92689, 18.35311], [-73.9299, 18.34895], [-73.92568, 18.34666], [-73.9278, 18.34255], [-73.92286, 18.33942], [-73.92646, 18.3369], [-73.91144, 18.32526], [-73.91001, 18.31785], [-73.89962, 18.30876], [-73.87957, 18.30283], [-73.87178, 18.31047], [-73.86803, 18.31072], [-73.86652, 18.29225], [-73.84248, 18.26549], [-73.81759, 18.27357], [-73.81701, 18.27779], [-73.81213, 18.27938], [-73.81156, 18.28237], [-73.81569, 18.28829], [-73.82299, 18.2895], [-73.82784, 18.29709], [-73.83282, 18.32467], [-73.82212, 18.33553], [-73.80343, 18.33579], [-73.80963, 18.34605], [-73.80294, 18.34965], [-73.81831, 18.35327], [-73.81983, 18.357], [-73.81053, 18.36393], [-73.81021, 18.36902], [-73.81809, 18.38362], [-73.81542, 18.39405], [-73.82101, 18.39808], [-73.81427, 18.40653], [-73.8213, 18.4129]]]}, "properties": {"atmart_geo_id": "HTC-0714", "pcode": "HT0714", "nom_fr": "Camp-Perrin", "nom_ht": "Kanperen", "niveau_admin": "3"}}, {"type": "Feature", "geometry": {"type": "Polygon", "coordinates": [[[-72.24642, 19.78744], [-72.24844, 19.78663], [-72.24242, 19.78428], [-72.2459, 19.78044], [-72.24349, 19.77332], [-72.25305, 19.77652], [-72.25947, 19.77531], [-72.25669, 19.74745], [-72.26724, 19.74506], [-72.26877, 19.74116], [-72.25103, 19.74004], [-72.24804, 19.72966], [-72.24509, 19.72893], [-72.24777, 19.72209], [-72.25214, 19.71917], [-72.2443, 19.70821], [-72.22541, 19.72275], [-72.2076, 19.71615], [-72.18138, 19.72463], [-72.16456, 19.72463], [-72.16431, 19.73796], [-72.1586, 19.74676], [-72.17254, 19.74775], [-72.17538, 19.74606], [-72.17245, 19.74297], [-72.17402, 19.74138], [-72.18935, 19.74053], [-72.20157, 19.74776], [-72.20188, 19.75521], [-72.19438, 19.75957], [-72.19605, 19.76179], [-72.19025, 19.78478], [-72.19774, 19.78838], [-72.20366, 19.78453], [-72.22012, 19.78557], [-72.22765, 19.78295], [-72.23949, 19.78877], [-72.24642, 19.78744]]]}, "properties": {"atmart_geo_id": "HTC-0311", "pcode": "HT0311", "nom_fr": "Cap-Haïtien", "nom_ht": "Kap Ayisyen", "niveau_admin": "3"}}, {"type": "Feature", "geometry": {"type": "Polygon", "coordinates": [[[-71.71093, 19.53181], [-71.71257, 19.54204], [-71.71811, 19.53452], [-71.71712, 19.52938], [-71.70707, 19.51697], [-71.70428, 19.49789], [-71.70532, 19.49243], [-71.71492, 19.47986], [-71.71035, 19.47108], [-71.71126, 19.46656], [-71.72686, 19.46375], [-71.72528, 19.44946], [-71.73441, 19.45045], [-71.73572, 19.44646], [-71.73165, 19.44609], [-71.73144, 19.44273], [-71.7412, 19.43756], [-71.7508, 19.42418], [-71.75202, 19.40348], [-71.7411, 19.39901], [-71.72621, 19.38697], [-71.71959, 19.38832], [-71.71044, 19.38402], [-71.6946, 19.3824], [-71.69816, 19.3961], [-71.68999, 19.40754], [-71.68943, 19.42225], [-71.6867, 19.4228], [-71.68368, 19.43312], [-71.67973, 19.43434], [-71.67848, 19.44505], [-71.67993, 19.45158], [-71.68705, 19.45936], [-71.68701, 19.46773], [-71.69066, 19.46834], [-71.68855, 19.47196], [-71.69424, 19.47722], [-71.69203, 19.48194], [-71.69417, 19.48956], [-71.6908, 19.49244], [-71.68792, 19.50286], [-71.68803, 19.51182], [-71.68922, 19.51403], [-71.69274, 19.51065], [-71.69929, 19.51243], [-71.69967, 19.51984], [-71.70357, 19.52228], [-71.7029, 19.53366], [-71.71093, 19.53181]]]}, "properties": {"atmart_geo_id": "HTC-0422", "pcode": "HT0422", "nom_fr": "Capotille", "nom_ht": "Kapotiy", "niveau_admin": "3"}}, {"type": "Feature", "geometry": {"type": "Polygon", "coordinates": [[[-71.96148, 19.73427], [-71.98862, 19.73207], [-71.98456, 19.72857], [-71.99189, 19.72622], [-71.98919, 19.70466], [-71.99323, 19.69796], [-72.00667, 19.7061], [-72.00788, 19.70034], [-72.0189, 19.6969], [-72.0337, 19.70101], [-72.04133, 19.70009], [-72.03814, 19.69877], [-72.039, 19.69236], [-72.04279, 19.69379], [-72.05242, 19.68975], [-72.05444, 19.69424], [-72.05908, 19.69328], [-72.06286, 19.68544], [-72.05894, 19.67163], [-72.0665, 19.65566], [-72.04813, 19.6486], [-72.04456, 19.6442], [-72.01144, 19.6422], [-72.00708, 19.63619], [-71.99576, 19.65071], [-71.98339, 19.64795], [-71.97883, 19.66809], [-71.97602, 19.66767], [-71.97265, 19.6718], [-71.9614, 19.67048], [-71.9581, 19.68786], [-71.96902, 19.70215], [-71.92478, 19.71538], [-71.92486, 19.72242], [-71.92049, 19.72658], [-71.93981, 19.73032], [-71.94779, 19.72695], [-71.95656, 19.72953], [-71.96148, 19.73427]]]}, "properties": {"atmart_geo_id": "HTC-0434", "pcode": "HT0434", "nom_fr": "Caracol", "nom_ht": "Karakòl", "niveau_admin": "3"}}, {"type": "Feature", "geometry": {"type": "Polygon", "coordinates": [[[-71.86936, 19.42702], [-71.87755, 19.43591], [-71.88116, 19.42799], [-71.87732, 19.41765], [-71.88505, 19.4052], [-71.87028, 19.38997], [-71.87472, 19.3853], [-71.86271, 19.38409], [-71.8545, 19.36423], [-71.84925, 19.36162], [-71.84862, 19.3581], [-71.83749, 19.35673], [-71.83188, 19.34624], [-71.83561, 19.34374], [-71.81407, 19.32754], [-71.80682, 19.31662], [-71.80811, 19.31225], [-71.80548, 19.30932], [-71.8022, 19.31159], [-71.79686, 19.30949], [-71.7865, 19.2902], [-71.78115, 19.28814], [-71.78248, 19.28441], [-71.76605, 19.27595], [-71.75927, 19.27547], [-71.75306, 19.27968], [-71.75521, 19.28143], [-71.75326, 19.28834], [-71.76109, 19.29157], [-71.75609, 19.29908], [-71.75953, 19.30366], [-71.76427, 19.30369], [-71.76272, 19.30753], [-71.76971, 19.31767], [-71.76869, 19.32004], [-71.77376, 19.3205], [-71.77915, 19.32913], [-71.79849, 19.33491], [-71.80588, 19.3464], [-71.80829, 19.35612], [-71.81332, 19.35787], [-71.81472, 19.3652], [-71.81897, 19.36632], [-71.82535, 19.3739], [-71.8268, 19.38389], [-71.8318, 19.38531], [-71.83161, 19.38941], [-71.84032, 19.40021], [-71.84493, 19.40042], [-71.85122, 19.4073], [-71.85473, 19.40611], [-71.85921, 19.41149], [-71.85823, 19.41936], [-71.85343, 19.42122], [-71.85319, 19.42413], [-71.86936, 19.42702]]]}, "properties": {"atmart_geo_id": "HTC-0442", "pcode": "HT0442", "nom_fr": "Carice", "nom_ht": "karis", "niveau_admin": "3"}}, {"type": "Feature", "geometry": {"type": "Polygon", "coordinates": [[[-72.41562, 18.55411], [-72.41982, 18.55497], [-72.43038, 18.54181], [-72.45661, 18.54683], [-72.45872, 18.51712], [-72.46496, 18.51892], [-72.46126, 18.50722], [-72.46399, 18.50507], [-72.46141, 18.50154], [-72.4647, 18.50001], [-72.45459, 18.49388], [-72.44494, 18.47835], [-72.44939, 18.47391], [-72.46907, 18.47628], [-72.46587, 18.46432], [-72.45565, 18.45673], [-72.45879, 18.44447], [-72.45224, 18.43327], [-72.45416, 18.42878], [-72.45019, 18.42116], [-72.45332, 18.41626], [-72.44928, 18.40622], [-72.45137, 18.39706], [-72.42352, 18.40113], [-72.42214, 18.39758], [-72.42775, 18.39495], [-72.43631, 18.37961], [-72.43501, 18.37332], [-72.4305, 18.37642], [-72.42711, 18.37397], [-72.40985, 18.37879], [-72.4044, 18.38401], [-72.39636, 18.38618], [-72.39404, 18.39177], [-72.38383, 18.38777], [-72.38346, 18.38014], [-72.37069, 18.38138], [-72.3671, 18.37806], [-72.35628, 18.37972], [-72.35089, 18.39104], [-72.3463, 18.3936], [-72.34622, 18.39859], [-72.34976, 18.40046], [-72.35993, 18.39803], [-72.36823, 18.40096], [-72.3714, 18.40862], [-72.38334, 18.41237], [-72.38782, 18.41621], [-72.38606, 18.41965], [-72.39023, 18.41932], [-72.38726, 18.42825], [-72.39048, 18.42957], [-72.39042, 18.43522], [-72.38634, 18.43902], [-72.37375, 18.43876], [-72.36412, 18.44214], [-72.35782, 18.44635], [-72.35566, 18.45242], [-72.34953, 18.45375], [-72.35577, 18.45994], [-72.36208, 18.45715], [-72.37215, 18.46187], [-72.37483, 18.4668], [-72.37124, 18.46624], [-72.36516, 18.47104], [-72.36735, 18.47807], [-72.36414, 18.48101], [-72.36499, 18.48846], [-72.35087, 18.49316], [-72.35302, 18.4977], [-72.36457, 18.49703], [-72.36829, 18.50002], [-72.36714, 18.51013], [-72.37116, 18.52025], [-72.37064, 18.53357], [-72.38159, 18.53446], [-72.39314, 18.54378], [-72.39464, 18.54879], [-72.41562, 18.55411]]]}, "properties": {"atmart_geo_id": "HTC-0113", "pcode": "HT0113", "nom_fr": "Carrefour", "nom_ht": "Kafou", "niveau_admin": "3"}}, {"type": "Feature", "geometry": {"type": "Polygon", "coordinates": [[[-73.66357, 18.43067], [-73.66816, 18.43334], [-73.67203, 18.43074], [-73.67102, 18.40575], [-73.67392, 18.4001], [-73.67975, 18.39888], [-73.69104, 18.40906], [-73.69657, 18.40416], [-73.69724, 18.39919], [-73.69135, 18.38964], [-73.69776, 18.3787], [-73.69727, 18.37278], [-73.6933, 18.36688], [-73.68674, 18.36541], [-73.68648, 18.35225], [-73.69452, 18.34865], [-73.69983, 18.3376], [-73.69527, 18.32493], [-73.68847, 18.31947], [-73.68914, 18.31383], [-73.68371, 18.31206], [-73.68286, 18.3084], [-73.68522, 18.30314], [-73.68212, 18.29028], [-73.68881, 18.28195], [-73.68072, 18.26034], [-73.68435, 18.25728], [-73.68392, 18.254], [-73.68887, 18.25579], [-73.69262, 18.25312], [-73.68926, 18.25153], [-73.68495, 18.23856], [-73.67449, 18.23616], [-73.67743, 18.22735], [-73.67311, 18.22349], [-73.66749, 18.23327], [-73.65446, 18.23913], [-73.64996, 18.25248], [-73.64654, 18.25369], [-73.64115, 18.24542], [-73.64803, 18.23912], [-73.65046, 18.22755], [-73.65844, 18.22806], [-73.65708, 18.22421], [-73.66092, 18.22796], [-73.65934, 18.22202], [-73.66191, 18.22261], [-73.66059, 18.21818], [-73.66413, 18.21568], [-73.66144, 18.20994], [-73.65148, 18.21588], [-73.6454, 18.21429], [-73.6332, 18.2235], [-73.63377, 18.22831], [-73.64432, 18.22798], [-73.6367, 18.24042], [-73.63301, 18.25726], [-73.62237, 18.26535], [-73.62573, 18.27549], [-73.63549, 18.27846], [-73.62702, 18.28972], [-73.6299, 18.29311], [-73.62447, 18.29574], [-73.61309, 18.29523], [-73.6104, 18.29099], [-73.58818, 18.30762], [-73.58478, 18.31583], [-73.58185, 18.31595], [-73.58274, 18.32062], [-73.57101, 18.32041], [-73.56528, 18.32684], [-73.56399, 18.32181], [-73.56062, 18.32222], [-73.55443, 18.33065], [-73.55459, 18.33613], [-73.56148, 18.34733], [-73.56436, 18.34447], [-73.56435, 18.34655], [-73.5563, 18.34982], [-73.55493, 18.36997], [-73.5462, 18.37542], [-73.54178, 18.37365], [-73.53863, 18.38462], [-73.54634, 18.3893], [-73.54865, 18.38751], [-73.55897, 18.39124], [-73.55945, 18.39943], [-73.56224, 18.40142], [-73.57388, 18.40119], [-73.5789, 18.4072], [-73.57799, 18.42053], [-73.60166, 18.42044], [-73.60965, 18.42713], [-73.6261, 18.42567], [-73.63154, 18.42201], [-73.64357, 18.43021], [-73.6534, 18.42584], [-73.66357, 18.43067]]]}, "properties": {"atmart_geo_id": "HTC-0733", "pcode": "HT0733", "nom_fr": "Cavaillon", "nom_ht": "Kavayon", "niveau_admin": "3"}}, {"type": "Feature", "geometry": {"type": "Polygon", "coordinates": [[[-72.37383, 18.32389], [-72.37246, 18.33153], [-72.37925, 18.33268], [-72.38406, 18.32378], [-72.39929, 18.3196], [-72.40856, 18.3223], [-72.41288, 18.31833], [-72.42308, 18.31765], [-72.42669, 18.32183], [-72.42818, 18.31758], [-72.4342, 18.31475], [-72.43703, 18.30792], [-72.42687, 18.28935], [-72.42636, 18.28497], [-72.42962, 18.28365], [-72.45229, 18.28543], [-72.45563, 18.28307], [-72.47244, 18.28999], [-72.4696, 18.28373], [-72.46079, 18.27744], [-72.4445, 18.27551], [-72.44124, 18.26672], [-72.44268, 18.25953], [-72.43661, 18.25631], [-72.44125, 18.25422], [-72.44358, 18.24266], [-72.43594, 18.24406], [-72.4339, 18.22729], [-72.42312, 18.22487], [-72.37155, 18.23492], [-72.36771, 18.23273], [-72.36015, 18.23436], [-72.35731, 18.23174], [-72.35997, 18.26202], [-72.36883, 18.27441], [-72.36621, 18.28833], [-72.36855, 18.29926], [-72.37281, 18.30346], [-72.36787, 18.31509], [-72.37383, 18.32389]]]}, "properties": {"atmart_geo_id": "HTC-0213", "pcode": "HT0213", "nom_fr": "Cayes-Jacmel", "nom_ht": "Kay Jakmèl", "niveau_admin": "3"}}, {"type": "Feature", "geometry": {"type": "Polygon", "coordinates": [[[-71.98404, 19.33367], [-71.99195, 19.33289], [-72.00381, 19.32392], [-72.00867, 19.32742], [-72.02217, 19.3245], [-72.02271, 19.31504], [-72.03096, 19.30741], [-72.02462, 19.29854], [-72.01724, 19.29863], [-72.01572, 19.29117], [-71.9998, 19.27407], [-72.00275, 19.27013], [-71.97942, 19.25505], [-71.97312, 19.24666], [-71.97633, 19.22559], [-71.97153, 19.22455], [-71.97283, 19.21956], [-71.96194, 19.20568], [-71.95751, 19.20658], [-71.95695, 19.20135], [-71.95312, 19.19788], [-71.94788, 19.19824], [-71.93846, 19.18866], [-71.92847, 19.18547], [-71.91821, 19.18615], [-71.90017, 19.19873], [-71.88987, 19.19987], [-71.88345, 19.20763], [-71.87786, 19.20833], [-71.88472, 19.22205], [-71.86072, 19.24495], [-71.85392, 19.2699], [-71.86561, 19.27991], [-71.87946, 19.27467], [-71.90076, 19.27545], [-71.9028, 19.28429], [-71.90927, 19.28873], [-71.90696, 19.29412], [-71.91389, 19.30082], [-71.91406, 19.30557], [-71.9602, 19.31278], [-71.98404, 19.33367]]]}, "properties": {"atmart_geo_id": "HTC-0614", "pcode": "HT0614", "nom_fr": "Cerca Carvajal", "nom_ht": "Sèka Kavajal", "niveau_admin": "3"}}, {"type": "Feature", "geometry": {"type": "Polygon", "coordinates": [[[-71.74865, 19.27806], [-71.75306, 19.27968], [-71.75927, 19.27547], [-71.76486, 19.27637], [-71.77226, 19.26747], [-71.77611, 19.26723], [-71.77474, 19.25943], [-71.7843, 19.26189], [-71.79867, 19.26064], [-71.80918, 19.26484], [-71.84631, 19.26654], [-71.85392, 19.2699], [-71.86072, 19.24495], [-71.88472, 19.22205], [-71.87759, 19.2103], [-71.88345, 19.20763], [-71.8865, 19.20228], [-71.87493, 19.18788], [-71.85324, 19.18873], [-71.82765, 19.15888], [-71.80802, 19.15171], [-71.80182, 19.14485], [-71.81146, 19.13248], [-71.78905, 19.13093], [-71.78013, 19.12362], [-71.76856, 19.12312], [-71.76387, 19.11186], [-71.75306, 19.10781], [-71.74875, 19.10055], [-71.74171, 19.09696], [-71.73847, 19.07766], [-71.728, 19.06815], [-71.72853, 19.05902], [-71.72336, 19.0537], [-71.72069, 19.05989], [-71.71668, 19.06013], [-71.71647, 19.06318], [-71.72094, 19.0644], [-71.71908, 19.06885], [-71.71123, 19.07073], [-71.71015, 19.06732], [-71.70186, 19.07325], [-71.70364, 19.07624], [-71.71227, 19.07834], [-71.71288, 19.08224], [-71.70972, 19.0856], [-71.69731, 19.08718], [-71.6994, 19.09574], [-71.70717, 19.10016], [-71.70262, 19.10669], [-71.69699, 19.10872], [-71.68493, 19.10305], [-71.68315, 19.10852], [-71.67927, 19.10954], [-71.68259, 19.1172], [-71.67707, 19.1169], [-71.67299, 19.1129], [-71.67059, 19.1175], [-71.66314, 19.11305], [-71.65575, 19.11742], [-71.65432, 19.1156], [-71.64608, 19.13567], [-71.6569, 19.14367], [-71.64993, 19.14307], [-71.64045, 19.14694], [-71.6468, 19.15268], [-71.64352, 19.15423], [-71.64585, 19.1571], [-71.6424, 19.15703], [-71.64513, 19.16367], [-71.64769, 19.16405], [-71.64493, 19.16586], [-71.64637, 19.16872], [-71.6374, 19.1664], [-71.63375, 19.16896], [-71.64003, 19.17497], [-71.64731, 19.17672], [-71.64387, 19.17755], [-71.64447, 19.18019], [-71.63798, 19.17852], [-71.63542, 19.18334], [-71.62765, 19.18188], [-71.62692, 19.18635], [-71.63059, 19.18955], [-71.6371, 19.18948], [-71.63964, 19.19302], [-71.63741, 19.19437], [-71.63836, 19.2012], [-71.63143, 19.20602], [-71.62486, 19.20297], [-71.62215, 19.20615], [-71.62686, 19.20929], [-71.6337, 19.20795], [-71.6286, 19.21122], [-71.63385, 19.21673], [-71.63584, 19.22524], [-71.64072, 19.22479], [-71.63976, 19.22957], [-71.66517, 19.22931], [-71.66662, 19.23403], [-71.67638, 19.23585], [-71.67915, 19.23246], [-71.68079, 19.23677], [-71.68484, 19.23662], [-71.68567, 19.23908], [-71.69008, 19.23871], [-71.69256, 19.24203], [-71.69701, 19.24083], [-71.7081, 19.25118], [-71.70869, 19.25971], [-71.71675, 19.26727], [-71.7238, 19.26773], [-71.72193, 19.27082], [-71.72556, 19.27841], [-71.73222, 19.26657], [-71.7317, 19.2623], [-71.73843, 19.26907], [-71.73891, 19.27881], [-71.7472, 19.27418], [-71.74865, 19.27806]]]}, "properties": {"atmart_geo_id": "HTC-0641", "pcode": "HT0641", "nom_fr": "Cerca La Source", "nom_ht": "Sèka Lasous", "niveau_admin": "3"}}, {"type": "Feature", "geometry": {"type": "Polygon", "coordinates": [[[-74.2938, 18.57608], [-74.29786, 18.57877], [-74.31217, 18.57521], [-74.31614, 18.5664], [-74.3211, 18.56721], [-74.32367, 18.56319], [-74.33174, 18.56956], [-74.33511, 18.55951], [-74.32918, 18.54836], [-74.3361, 18.54815], [-74.33998, 18.5445], [-74.3383, 18.54942], [-74.34606, 18.54548], [-74.35224, 18.54642], [-74.35375, 18.54368], [-74.36388, 18.54582], [-74.37192, 18.53639], [-74.36972, 18.53413], [-74.37333, 18.52949], [-74.36729, 18.52154], [-74.3748, 18.51104], [-74.36819, 18.50584], [-74.37351, 18.50088], [-74.36898, 18.49077], [-74.37222, 18.48882], [-74.35624, 18.47828], [-74.35857, 18.46351], [-74.34274, 18.46554], [-74.33434, 18.45939], [-74.32704, 18.4626], [-74.32416, 18.46004], [-74.31093, 18.46162], [-74.31146, 18.47298], [-74.31525, 18.47881], [-74.31157, 18.48629], [-74.31263, 18.4936], [-74.30721, 18.50087], [-74.30388, 18.5156], [-74.29512, 18.53211], [-74.29533, 18.53877], [-74.29982, 18.54178], [-74.28689, 18.54959], [-74.28842, 18.56645], [-74.2938, 18.57608]]]}, "properties": {"atmart_geo_id": "HTC-0815", "pcode": "HT0815", "nom_fr": "Chambellan", "nom_ht": "Chanbelan", "niveau_admin": "3"}}, {"type": "Feature", "geometry": {"type": "Polygon", "coordinates": [[[-72.82235, 19.90052], [-72.82882, 19.89697], [-72.82793, 19.88863], [-72.83536, 19.88763], [-72.84, 19.88211], [-72.83571, 19.87326], [-72.8415, 19.86124], [-72.85248, 19.85853], [-72.85672, 19.85269], [-72.8473, 19.84338], [-72.83428, 19.84229], [-72.83437, 19.83762], [-72.84852, 19.82969], [-72.8439, 19.81999], [-72.83685, 19.82133], [-72.81752, 19.81763], [-72.79269, 19.82944], [-72.78354, 19.83082], [-72.77648, 19.84294], [-72.77184, 19.86927], [-72.78766, 19.88876], [-72.78839, 19.89614], [-72.81307, 19.89739], [-72.82235, 19.90052]]]}, "properties": {"atmart_geo_id": "HTC-0914", "pcode": "HT0914", "nom_fr": "Chamsolme", "nom_ht": "Chansòlm", "niveau_admin": "3"}}, {"type": "Feature", "geometry": {"type": "Polygon", "coordinates": [[[-74.02287, 18.38234], [-74.03554, 18.38748], [-74.04072, 18.37911], [-74.04107, 18.37519], [-74.032, 18.36468], [-74.04853, 18.36064], [-74.0486, 18.35587], [-74.04348, 18.3487], [-74.04649, 18.33867], [-74.0355, 18.32444], [-74.01736, 18.30869], [-74.00238, 18.28504], [-73.99378, 18.2785], [-73.99165, 18.26317], [-73.98369, 18.24625], [-73.96082, 18.22677], [-73.96742, 18.22445], [-73.96253, 18.21152], [-73.94055, 18.1954], [-73.92819, 18.19254], [-73.90147, 18.17524], [-73.89309, 18.17508], [-73.87775, 18.1893], [-73.87822, 18.20068], [-73.88146, 18.20458], [-73.87538, 18.21188], [-73.8751, 18.21673], [-73.88605, 18.22339], [-73.89292, 18.23852], [-73.90619, 18.24747], [-73.91827, 18.2492], [-73.93981, 18.25974], [-73.95041, 18.27476], [-73.95591, 18.29182], [-73.94805, 18.30168], [-73.94416, 18.3026], [-73.94239, 18.31015], [-73.94637, 18.31893], [-73.95167, 18.32316], [-73.97265, 18.32342], [-73.97929, 18.34008], [-73.98342, 18.34081], [-73.98822, 18.3471], [-73.98061, 18.35463], [-73.9767, 18.36456], [-73.96754, 18.36992], [-73.97771, 18.37131], [-74.00276, 18.38373], [-74.02287, 18.38234]]]}, "properties": {"atmart_geo_id": "HTC-0713", "pcode": "HT0713", "nom_fr": "Chantal", "nom_ht": "Chantal", "niveau_admin": "3"}}, {"type": "Feature", "geometry": {"type": "Polygon", "coordinates": [[[-74.0769, 18.40557], [-74.08186, 18.40764], [-74.10655, 18.4035], [-74.10704, 18.37553], [-74.11472, 18.35274], [-74.12468, 18.35111], [-74.14348, 18.34195], [-74.14769, 18.33126], [-74.13204, 18.32708], [-74.12487, 18.31632], [-74.13467, 18.30985], [-74.1355, 18.30278], [-74.17168, 18.30418], [-74.17385, 18.30728], [-74.19323, 18.2999], [-74.16794, 18.28025], [-74.16675, 18.27303], [-74.14292, 18.26745], [-74.13904, 18.26413], [-74.1296, 18.26384], [-74.12416, 18.25844], [-74.11539, 18.25828], [-74.10623, 18.25133], [-74.10247, 18.26091], [-74.09397, 18.26509], [-74.09653, 18.28143], [-74.10215, 18.29021], [-74.10067, 18.29632], [-74.1056, 18.30348], [-74.09114, 18.31643], [-74.08445, 18.32696], [-74.07708, 18.32341], [-74.06832, 18.3267], [-74.06222, 18.32255], [-74.05153, 18.32867], [-74.04135, 18.33058], [-74.04649, 18.33867], [-74.04348, 18.3487], [-74.0486, 18.35587], [-74.04853, 18.36064], [-74.032, 18.36468], [-74.04107, 18.37519], [-74.03554, 18.38748], [-74.04707, 18.38947], [-74.06098, 18.40341], [-74.0769, 18.40557]]]}, "properties": {"atmart_geo_id": "HTC-0751", "pcode": "HT0751", "nom_fr": "Chardonnières", "nom_ht": "Chadonyè", "niveau_admin": "3"}}, {"type": "Feature", "geometry": {"type": "Polygon", "coordinates": [[[-72.34139, 18.62221], [-72.35514, 18.62654], [-72.35862, 18.63022], [-72.35902, 18.62812], [-72.35086, 18.62306], [-72.3521, 18.61622], [-72.34477, 18.60783], [-72.34591, 18.59744], [-72.3387, 18.593], [-72.34189, 18.58058], [-72.33887, 18.57465], [-72.34269, 18.57185], [-72.34524, 18.57497], [-72.35288, 18.56609], [-72.3386, 18.56078], [-72.32575, 18.57203], [-72.29775, 18.58625], [-72.28985, 18.59302], [-72.29764, 18.59914], [-72.30593, 18.59966], [-72.30533, 18.60606], [-72.31294, 18.60435], [-72.31612, 18.60662], [-72.31526, 18.61018], [-72.32077, 18.61008], [-72.32482, 18.61373], [-72.32745, 18.61183], [-72.32675, 18.61602], [-72.33516, 18.61761], [-72.33586, 18.62113], [-72.34139, 18.62221]]]}, "properties": {"atmart_geo_id": "HTC-0117", "pcode": "HT0117", "nom_fr": "Cité Soleil", "nom_ht": "Site Solèy", "niveau_admin": "3"}}, {"type": "Feature", "geometry": {"type": "Polygon", "coordinates": [[[-73.96015, 18.60094], [-73.95763, 18.58828], [-73.96237, 18.58201], [-73.96208, 18.56983], [-73.95621, 18.56216], [-73.94642, 18.55603], [-73.94573, 18.55326], [-73.95252, 18.54473], [-73.94608, 18.53232], [-73.96175, 18.52458], [-73.96803, 18.52611], [-73.97721, 18.5214], [-73.98575, 18.52182], [-73.98539, 18.51997], [-73.97591, 18.51473], [-73.97734, 18.51145], [-73.96712, 18.50941], [-73.95591, 18.49425], [-73.95219, 18.49536], [-73.94808, 18.49153], [-73.94139, 18.49778], [-73.93924, 18.4928], [-73.93033, 18.48702], [-73.91407, 18.48586], [-73.89993, 18.49197], [-73.89701, 18.48663], [-73.88919, 18.49084], [-73.88337, 18.487], [-73.87199, 18.4929], [-73.8697, 18.50786], [-73.85505, 18.52667], [-73.85101, 18.55021], [-73.8451, 18.55877], [-73.83879, 18.56248], [-73.83615, 18.56912], [-73.83975, 18.56713], [-73.84177, 18.57208], [-73.84654, 18.56988], [-73.84645, 18.57262], [-73.85012, 18.56617], [-73.85299, 18.56692], [-73.8525, 18.57262], [-73.85601, 18.57251], [-73.85746, 18.56899], [-73.86533, 18.57191], [-73.86981, 18.56952], [-73.87304, 18.57235], [-73.88758, 18.56797], [-73.90113, 18.56915], [-73.90317, 18.56641], [-73.90434, 18.57691], [-73.90827, 18.57268], [-73.91286, 18.57466], [-73.91213, 18.57879], [-73.91695, 18.5782], [-73.91874, 18.581], [-73.91486, 18.58147], [-73.91476, 18.58577], [-73.90913, 18.58786], [-73.91499, 18.58611], [-73.91633, 18.59016], [-73.9242, 18.58999], [-73.92501, 18.59312], [-73.93123, 18.59453], [-73.93999, 18.58822], [-73.96015, 18.60094]]]}, "properties": {"atmart_geo_id": "HTC-0831", "pcode": "HT0831", "nom_fr": "Corail", "nom_ht": "Koray", "niveau_admin": "3"}}, {"type": "Feature", "geometry": {"type": "Polygon", "coordinates": [[[-71.94701, 18.73955], [-71.96091, 18.74093], [-71.9711, 18.74684], [-71.97786, 18.73411], [-71.98854, 18.73772], [-72.00531, 18.73007], [-72.00804, 18.7277], [-72.00389, 18.7189], [-71.99906, 18.71667], [-72.00144, 18.70873], [-71.99874, 18.70552], [-72.00112, 18.70296], [-72.00763, 18.70597], [-72.00901, 18.71418], [-72.01917, 18.70972], [-72.04065, 18.69178], [-72.05475, 18.68679], [-72.05733, 18.66958], [-72.04515, 18.66236], [-72.03944, 18.66404], [-72.03482, 18.65916], [-72.02865, 18.65812], [-72.01803, 18.64611], [-72.01394, 18.64655], [-72.01142, 18.64095], [-72.00022, 18.63526], [-72.0026, 18.63202], [-72.00086, 18.62766], [-71.99783, 18.6312], [-71.98239, 18.63633], [-71.96639, 18.65676], [-71.9446, 18.64804], [-71.92572, 18.63489], [-71.91336, 18.64867], [-71.90218, 18.64763], [-71.88427, 18.63662], [-71.88056, 18.62721], [-71.8734, 18.62801], [-71.86857, 18.63766], [-71.85232, 18.63586], [-71.84436, 18.62946], [-71.82759, 18.63335], [-71.81538, 18.63071], [-71.80715, 18.63545], [-71.80957, 18.66143], [-71.80301, 18.66993], [-71.80164, 18.68082], [-71.82902, 18.70462], [-71.84178, 18.70996], [-71.8533, 18.71882], [-71.89351, 18.71955], [-71.91105, 18.72966], [-71.92095, 18.73139], [-71.92597, 18.73896], [-71.94701, 18.73955]]]}, "properties": {"atmart_geo_id": "HTC-0134", "pcode": "HT0134", "nom_fr": "Cornillon / Grand Bois", "nom_ht": "Kòniyon / Gran Bwa", "niveau_admin": "3"}}, {"type": "Feature", "geometry": {"type": "Polygon", "coordinates": [[[-74.00562, 18.29018], [-74.00716, 18.29533], [-74.01624, 18.3037], [-74.01875, 18.29119], [-74.04069, 18.28083], [-74.04602, 18.28261], [-74.05396, 18.27259], [-74.05575, 18.26565], [-74.06197, 18.26055], [-74.06237, 18.25359], [-74.07661, 18.23294], [-74.06401, 18.22837], [-74.06019, 18.22103], [-74.05349, 18.21826], [-74.05221, 18.21023], [-74.04304, 18.20682], [-74.03332, 18.19649], [-74.0233, 18.19492], [-74.01844, 18.18725], [-74.00761, 18.18292], [-73.99716, 18.18834], [-73.99407, 18.20538], [-73.99154, 18.20293], [-73.98656, 18.20975], [-73.99628, 18.2375], [-73.99085, 18.24488], [-74.00475, 18.26194], [-73.99165, 18.26317], [-73.99378, 18.2785], [-74.00562, 18.29018]]]}, "properties": {"atmart_geo_id": "HTC-0741", "pcode": "HT0741", "nom_fr": "Côteaux", "nom_ht": "Okoto", "niveau_admin": "3"}}, {"type": "Feature", "geometry": {"type": "Polygon", "coordinates": [[[-72.96465, 18.27737], [-72.97517, 18.28777], [-72.97742, 18.29863], [-72.98412, 18.30461], [-72.98682, 18.32085], [-72.99566, 18.32612], [-72.99492, 18.30592], [-72.99806, 18.29873], [-73.01017, 18.28798], [-73.01562, 18.2611], [-73.00903, 18.25237], [-73.01202, 18.24782], [-73.00883, 18.24056], [-73.00998, 18.23106], [-73.01311, 18.22683], [-73.0072, 18.21848], [-73.01047, 18.2088], [-73.00116, 18.2075], [-73.00897, 18.20687], [-73.00388, 18.19936], [-73.0102, 18.19333], [-73.0009, 18.18023], [-72.99463, 18.17646], [-72.96596, 18.17048], [-72.96055, 18.16711], [-72.94717, 18.16781], [-72.93289, 18.16482], [-72.93156, 18.1677], [-72.90492, 18.15618], [-72.88404, 18.20243], [-72.88532, 18.20608], [-72.88974, 18.2052], [-72.8932, 18.21082], [-72.8825, 18.21375], [-72.87522, 18.22166], [-72.85931, 18.22318], [-72.87697, 18.23515], [-72.88508, 18.2333], [-72.89108, 18.23543], [-72.89872, 18.24275], [-72.90236, 18.25949], [-72.88387, 18.27651], [-72.88311, 18.28139], [-72.89109, 18.28251], [-72.89621, 18.28775], [-72.8897, 18.29512], [-72.8996, 18.29155], [-72.92312, 18.28987], [-72.92948, 18.28668], [-72.93482, 18.29285], [-72.94064, 18.29049], [-72.94287, 18.29436], [-72.95291, 18.29347], [-72.95824, 18.27839], [-72.96465, 18.27737]]]}, "properties": {"atmart_geo_id": "HTC-0222", "pcode": "HT0222", "nom_fr": "Côtes de Fer", "nom_ht": "Kòtdefè", "niveau_admin": "3"}}, {"type": "Feature", "geometry": {"type": "Polygon", "coordinates": [[[-72.30311, 18.81821], [-72.3194, 18.81166], [-72.32757, 18.79693], [-72.33226, 18.79629], [-72.32635, 18.78939], [-72.33626, 18.78291], [-72.33265, 18.78067], [-72.34396, 18.77076], [-72.35239, 18.76944], [-72.35756, 18.76459], [-72.35188, 18.75691], [-72.35233, 18.75256], [-72.3582, 18.74733], [-72.35169, 18.73982], [-72.35207, 18.73582], [-72.32851, 18.73387], [-72.32857, 18.73004], [-72.33807, 18.72246], [-72.33398, 18.71491], [-72.33629, 18.71097], [-72.32576, 18.70741], [-72.32265, 18.70365], [-72.31189, 18.70381], [-72.3167, 18.69312], [-72.321, 18.69259], [-72.33129, 18.68297], [-72.32154, 18.67916], [-72.31699, 18.66514], [-72.31904, 18.65876], [-72.33123, 18.65314], [-72.33882, 18.64436], [-72.34715, 18.62748], [-72.35828, 18.62988], [-72.35514, 18.62654], [-72.33586, 18.62113], [-72.33516, 18.61761], [-72.32675, 18.61602], [-72.32745, 18.61183], [-72.32482, 18.61373], [-72.32077, 18.61008], [-72.31526, 18.61018], [-72.31612, 18.60662], [-72.31294, 18.60435], [-72.30681, 18.60683], [-72.30298, 18.6048], [-72.30036, 18.60963], [-72.2959, 18.60738], [-72.29504, 18.60348], [-72.28892, 18.60131], [-72.28926, 18.59774], [-72.2737, 18.59991], [-72.25647, 18.59357], [-72.25358, 18.58736], [-72.24864, 18.58695], [-72.24844, 18.58068], [-72.24339, 18.57793], [-72.22772, 18.54344], [-72.2104, 18.52172], [-72.20739, 18.51042], [-72.19079, 18.49261], [-72.18763, 18.48326], [-72.18376, 18.48341], [-72.1827, 18.47994], [-72.17805, 18.48499], [-72.17562, 18.48335], [-72.17761, 18.48044], [-72.17351, 18.48231], [-72.1687, 18.47684], [-72.17112, 18.47461], [-72.16607, 18.47364], [-72.16823, 18.4687], [-72.15936, 18.4688], [-72.15958, 18.45225], [-72.17547, 18.44625], [-72.17376, 18.43897], [-72.17951, 18.43474], [-72.17862, 18.4301], [-72.17384, 18.4352], [-72.17092, 18.43206], [-72.16677, 18.43373], [-72.16493, 18.42976], [-72.1727, 18.42951], [-72.17246, 18.42406], [-72.17827, 18.41765], [-72.19489, 18.42091], [-72.21035, 18.40448], [-72.20291, 18.3903], [-72.20451, 18.38366], [-72.20164, 18.3787], [-72.20452, 18.3651], [-72.19945, 18.35227], [-72.18991, 18.35333], [-72.17595, 18.34602], [-72.1563, 18.34807], [-72.12764, 18.33645], [-72.09027, 18.33765], [-72.06742, 18.32033], [-72.05582, 18.32647], [-72.04181, 18.32065], [-72.03926, 18.3276], [-72.0327, 18.31966], [-72.00396, 18.31795], [-72.00226, 18.31165], [-71.98584, 18.31491], [-71.97427, 18.31294], [-71.95267, 18.31739], [-71.96921, 18.33057], [-71.96531, 18.35249], [-71.96626, 18.3708], [-71.97319, 18.37683], [-71.97483, 18.38619], [-71.98773, 18.38615], [-71.99314, 18.3926], [-72.01453, 18.39734], [-72.01816, 18.39404], [-72.03442, 18.39817], [-72.04188, 18.3921], [-72.05002, 18.40192], [-72.05121, 18.41069], [-72.06527, 18.42259], [-72.06403, 18.43008], [-72.07288, 18.43313], [-72.07719, 18.43884], [-72.08389, 18.43944], [-72.09292, 18.43459], [-72.09539, 18.44062], [-72.10177, 18.44233], [-72.10315, 18.44629], [-72.11201, 18.45073], [-72.1121, 18.45656], [-72.12107, 18.47403], [-72.12076, 18.48725], [-72.1163, 18.49624], [-72.12058, 18.50508], [-72.13095, 18.51358], [-72.13058, 18.51941], [-72.14204, 18.52491], [-72.14365, 18.5326], [-72.14104, 18.54061], [-72.1531, 18.54154], [-72.15534, 18.55235], [-72.14886, 18.56002], [-72.15179, 18.57984], [-72.15649, 18.58676], [-72.15362, 18.58813], [-72.15184, 18.60354], [-72.15454, 18.60774], [-72.17188, 18.61054], [-72.17302, 18.61273], [-72.18597, 18.60907], [-72.19364, 18.63518], [-72.20432, 18.64041], [-72.20037, 18.64518], [-72.21228, 18.65639], [-72.2137, 18.66138], [-72.22858, 18.6576], [-72.23775, 18.65153], [-72.24429, 18.69287], [-72.24074, 18.69716], [-72.24182, 18.70329], [-72.23814, 18.707], [-72.23538, 18.71844], [-72.23971, 18.72617], [-72.23909, 18.7303], [-72.2306, 18.73814], [-72.23099, 18.75275], [-72.22159, 18.75694], [-72.2265, 18.76696], [-72.22583, 18.77626], [-72.24556, 18.78064], [-72.25729, 18.78914], [-72.27902, 18.79754], [-72.2724, 18.80405], [-72.27894, 18.80883], [-72.28171, 18.81663], [-72.30311, 18.81821]]]}, "properties": {"atmart_geo_id": "HTC-0131", "pcode": "HT0131", "nom_fr": "Croix-Des-Bouquets", "nom_ht": "Kwadèboukè", "niveau_admin": "3"}}, {"type": "Feature", "geometry": {"type": "Polygon", "coordinates": [[[-74.38475, 18.63385], [-74.38821, 18.63728], [-74.39505, 18.63222], [-74.39617, 18.62669], [-74.39939, 18.63014], [-74.40717, 18.62994], [-74.40974, 18.62371], [-74.4248, 18.61619], [-74.4247, 18.60796], [-74.42893, 18.60518], [-74.42213, 18.59591], [-74.41634, 18.59439], [-74.41497, 18.58207], [-74.42576, 18.55779], [-74.43188, 18.54949], [-74.43625, 18.54886], [-74.43423, 18.54507], [-74.43564, 18.53787], [-74.44047, 18.53723], [-74.44483, 18.53235], [-74.44216, 18.51571], [-74.45948, 18.49904], [-74.45837, 18.49551], [-74.45192, 18.50031], [-74.43513, 18.49703], [-74.42809, 18.49995], [-74.42454, 18.49847], [-74.4202, 18.50186], [-74.39429, 18.49364], [-74.3946, 18.49944], [-74.36939, 18.51598], [-74.36829, 18.5253], [-74.37333, 18.52949], [-74.36972, 18.53413], [-74.37192, 18.53639], [-74.36798, 18.53854], [-74.36553, 18.54501], [-74.35375, 18.54368], [-74.35224, 18.54642], [-74.34606, 18.54548], [-74.3383, 18.54942], [-74.33998, 18.5445], [-74.3361, 18.54815], [-74.3288, 18.54872], [-74.33495, 18.56107], [-74.34046, 18.56416], [-74.33581, 18.57211], [-74.34668, 18.57275], [-74.35221, 18.58263], [-74.36312, 18.58892], [-74.37225, 18.58994], [-74.37861, 18.59768], [-74.3815, 18.60489], [-74.37697, 18.61572], [-74.37093, 18.61657], [-74.36921, 18.62015], [-74.38202, 18.62764], [-74.38475, 18.63385]]]}, "properties": {"atmart_geo_id": "HTC-0822", "pcode": "HT0822", "nom_fr": "Dame Marie", "nom_ht": "Dam Mari", "niveau_admin": "3"}}, {"type": "Feature", "geometry": {"type": "Polygon", "coordinates": [[[-72.29046, 18.57089], [-72.30477, 18.57492], [-72.31213, 18.58066], [-72.33789, 18.56194], [-72.33362, 18.55869], [-72.33749, 18.55436], [-72.32772, 18.55092], [-72.31786, 18.55174], [-72.31656, 18.54385], [-72.30837, 18.53948], [-72.29761, 18.53882], [-72.29737, 18.53009], [-72.28759, 18.52833], [-72.28283, 18.52245], [-72.27901, 18.53325], [-72.26701, 18.54152], [-72.2656, 18.54587], [-72.26286, 18.54474], [-72.26166, 18.54891], [-72.25731, 18.54977], [-72.25662, 18.55451], [-72.29046, 18.57089]]]}, "properties": {"atmart_geo_id": "HTC-0112", "pcode": "HT0112", "nom_fr": "Delmas", "nom_ht": "Dèlma", "niveau_admin": "3"}}, {"type": "Feature", "geometry": {"type": "Polygon", "coordinates": [[[-72.73959, 19.36593], [-72.74811, 19.37535], [-72.75814, 19.37563], [-72.76511, 19.37187], [-72.76964, 19.36415], [-72.77363, 19.3458], [-72.76968, 19.34019], [-72.76908, 19.34296], [-72.76415, 19.341], [-72.75995, 19.34414], [-72.76106, 19.32964], [-72.75569, 19.32983], [-72.75826, 19.32786], [-72.75483, 19.32512], [-72.74795, 19.32516], [-72.75008, 19.32359], [-72.74765, 19.32131], [-72.74483, 19.32458], [-72.72842, 19.32572], [-72.72498, 19.32121], [-72.73238, 19.31099], [-72.7194, 19.30524], [-72.73376, 19.3072], [-72.73086, 19.30367], [-72.73213, 19.297], [-72.72659, 19.30153], [-72.72765, 19.30352], [-72.72198, 19.30291], [-72.71518, 19.29683], [-72.71831, 19.2883], [-72.70329, 19.27847], [-72.69136, 19.27694], [-72.67657, 19.26581], [-72.66094, 19.25862], [-72.6354, 19.25698], [-72.63228, 19.25978], [-72.624, 19.25143], [-72.61801, 19.27612], [-72.60545, 19.26394], [-72.60123, 19.26408], [-72.61153, 19.30067], [-72.61674, 19.29873], [-72.62347, 19.30417], [-72.62732, 19.30206], [-72.64475, 19.30282], [-72.6514, 19.31646], [-72.65686, 19.31642], [-72.66387, 19.32535], [-72.68031, 19.33496], [-72.69632, 19.33942], [-72.7015, 19.34475], [-72.70222, 19.3509], [-72.71034, 19.35564], [-72.71187, 19.36039], [-72.71871, 19.3602], [-72.7238, 19.3684], [-72.7332, 19.36293], [-72.73959, 19.36593]]]}, "properties": {"atmart_geo_id": "HTC-0544", "pcode": "HT0544", "nom_fr": "Desdunes", "nom_ht": "Dedin", "niveau_admin": "3"}}, {"type": "Feature", "geometry": {"type": "Polygon", "coordinates": [[[-72.49478, 19.33162], [-72.49779, 19.33717], [-72.51053, 19.33672], [-72.5106, 19.33244], [-72.52354, 19.33084], [-72.53008, 19.32592], [-72.53389, 19.31523], [-72.53805, 19.31244], [-72.54081, 19.31187], [-72.54645, 19.31766], [-72.56005, 19.31316], [-72.56485, 19.30242], [-72.58274, 19.30404], [-72.59366, 19.31149], [-72.59742, 19.30716], [-72.60864, 19.30343], [-72.61057, 19.29904], [-72.60123, 19.26408], [-72.60545, 19.26394], [-72.61928, 19.27508], [-72.61828, 19.27096], [-72.63155, 19.22786], [-72.62949, 19.22118], [-72.63569, 19.21389], [-72.63367, 19.2124], [-72.62827, 19.2157], [-72.6211, 19.21289], [-72.62027, 19.22111], [-72.61661, 19.2185], [-72.61282, 19.22003], [-72.6033, 19.21095], [-72.61034, 19.20976], [-72.61172, 19.21446], [-72.61554, 19.21642], [-72.61744, 19.2132], [-72.61445, 19.21043], [-72.61488, 19.20583], [-72.61059, 19.20674], [-72.6067, 19.20306], [-72.60049, 19.20247], [-72.60738, 19.19913], [-72.60456, 19.19163], [-72.60972, 19.18504], [-72.6155, 19.19254], [-72.61999, 19.19205], [-72.62078, 19.19633], [-72.62332, 19.19578], [-72.62417, 19.18865], [-72.61705, 19.18834], [-72.61473, 19.18573], [-72.61958, 19.18056], [-72.62451, 19.1823], [-72.62636, 19.17544], [-72.62534, 19.17146], [-72.6195, 19.17132], [-72.61699, 19.16561], [-72.62615, 19.17007], [-72.62908, 19.16587], [-72.62098, 19.15757], [-72.60551, 19.14981], [-72.60465, 19.15267], [-72.60823, 19.15634], [-72.59999, 19.15863], [-72.60018, 19.16712], [-72.55253, 19.18714], [-72.54897, 19.21845], [-72.53906, 19.2249], [-72.53629, 19.22216], [-72.54032, 19.21497], [-72.53942, 19.21048], [-72.52459, 19.19884], [-72.5227, 19.19361], [-72.5181, 19.19319], [-72.51424, 19.19651], [-72.50703, 19.18797], [-72.50066, 19.18921], [-72.49081, 19.17591], [-72.47157, 19.1763], [-72.45695, 19.17288], [-72.45229, 19.16899], [-72.44588, 19.15466], [-72.45139, 19.14101], [-72.44262, 19.13148], [-72.4278, 19.13374], [-72.4218, 19.1303], [-72.41368, 19.13128], [-72.40418, 19.13477], [-72.3968, 19.14305], [-72.3754, 19.13199], [-72.37049, 19.13257], [-72.35472, 19.11987], [-72.3419, 19.1174], [-72.33584, 19.11011], [-72.32143, 19.11418], [-72.32287, 19.12104], [-72.3181, 19.11893], [-72.31265, 19.12276], [-72.30671, 19.14289], [-72.29824, 19.15296], [-72.28371, 19.15904], [-72.27488, 19.15676], [-72.27363, 19.1622], [-72.25707, 19.17028], [-72.26089, 19.18769], [-72.26432, 19.19166], [-72.25752, 19.20673], [-72.26576, 19.21608], [-72.2813, 19.20707], [-72.28675, 19.20908], [-72.29862, 19.20536], [-72.31156, 19.21389], [-72.32735, 19.2158], [-72.3487, 19.2256], [-72.35435, 19.23135], [-72.36476, 19.22971], [-72.37811, 19.24204], [-72.38415, 19.24411], [-72.38988, 19.24128], [-72.40458, 19.24961], [-72.4093, 19.24482], [-72.41238, 19.24602], [-72.42617, 19.25677], [-72.45511, 19.2884], [-72.45977, 19.29692], [-72.48267, 19.3135], [-72.48705, 19.32518], [-72.49478, 19.33162]]]}, "properties": {"atmart_geo_id": "HTC-0541", "pcode": "HT0541", "nom_fr": "Dessalines", "nom_ht": "Desalin", "niveau_admin": "3"}}, {"type": "Feature", "geometry": {"type": "Polygon", "coordinates": [[[-72.2192, 19.57098], [-72.22106, 19.57884], [-72.22514, 19.58163], [-72.24405, 19.57051], [-72.26361, 19.57421], [-72.26676, 19.57858], [-72.27149, 19.57799], [-72.27026, 19.56539], [-72.2849, 19.56474], [-72.28796, 19.55861], [-72.31912, 19.55874], [-72.32304, 19.55431], [-72.32502, 19.53949], [-72.33119, 19.53251], [-72.32545, 19.52662], [-72.32208, 19.51101], [-72.32709, 19.51049], [-72.33161, 19.50548], [-72.32602, 19.50052], [-72.32539, 19.48975], [-72.31868, 19.48726], [-72.32879, 19.46296], [-72.32045, 19.45975], [-72.3068, 19.46546], [-72.28819, 19.46785], [-72.27564, 19.46396], [-72.27321, 19.46983], [-72.2654, 19.47067], [-72.26073, 19.47585], [-72.24955, 19.477], [-72.24095, 19.489], [-72.23148, 19.48887], [-72.22324, 19.48509], [-72.21836, 19.48722], [-72.21084, 19.51111], [-72.21432, 19.52042], [-72.21995, 19.52523], [-72.21376, 19.55724], [-72.21385, 19.56615], [-72.2192, 19.57098]]]}, "properties": {"atmart_geo_id": "HTC-0342", "pcode": "HT0342", "nom_fr": "Dondon", "nom_ht": "Dondon", "niveau_admin": "3"}}, {"type": "Feature", "geometry": {"type": "Polygon", "coordinates": [[[-72.52682, 19.57927], [-72.53588, 19.58257], [-72.54746, 19.56941], [-72.55625, 19.57337], [-72.5678, 19.5643], [-72.58276, 19.54066], [-72.58376, 19.52957], [-72.59412, 19.5287], [-72.59107, 19.51792], [-72.58215, 19.51123], [-72.57591, 19.4985], [-72.56791, 19.49209], [-72.55922, 19.49115], [-72.55776, 19.4942], [-72.5408, 19.49263], [-72.53512, 19.48619], [-72.52639, 19.48394], [-72.52043, 19.46625], [-72.50974, 19.46036], [-72.50139, 19.46035], [-72.49716, 19.44154], [-72.48159, 19.42875], [-72.47034, 19.42415], [-72.45954, 19.40714], [-72.44718, 19.40467], [-72.43687, 19.39724], [-72.42516, 19.39858], [-72.42688, 19.40517], [-72.41083, 19.40879], [-72.41392, 19.41582], [-72.41231, 19.41852], [-72.38979, 19.42631], [-72.38766, 19.44462], [-72.37917, 19.44075], [-72.38197, 19.45313], [-72.37809, 19.45746], [-72.36613, 19.46042], [-72.35753, 19.477], [-72.36347, 19.47707], [-72.3731, 19.46361], [-72.3798, 19.47022], [-72.38713, 19.46658], [-72.39299, 19.46711], [-72.40216, 19.46164], [-72.41649, 19.46332], [-72.41274, 19.46985], [-72.40729, 19.4697], [-72.40252, 19.47527], [-72.40405, 19.48059], [-72.41402, 19.4915], [-72.41666, 19.50049], [-72.43182, 19.50839], [-72.43539, 19.51505], [-72.43942, 19.51281], [-72.4472, 19.52139], [-72.46241, 19.52636], [-72.4881, 19.54694], [-72.49343, 19.55573], [-72.52114, 19.57124], [-72.52307, 19.57415], [-72.51527, 19.58192], [-72.52682, 19.57927]]]}, "properties": {"atmart_geo_id": "HTC-0512", "pcode": "HT0512", "nom_fr": "Ennery", "nom_ht": "Ènri", "niveau_admin": "3"}}, {"type": "Feature", "geometry": {"type": "Polygon", "coordinates": [[[-71.7768, 19.70683], [-71.79086, 19.70893], [-71.79762, 19.65948], [-71.78836, 19.65837], [-71.78391, 19.65236], [-71.78531, 19.64752], [-71.79027, 19.64656], [-71.79632, 19.63659], [-71.78928, 19.62013], [-71.80618, 19.60035], [-71.80456, 19.59252], [-71.80019, 19.59006], [-71.79586, 19.58161], [-71.7861, 19.58365], [-71.78518, 19.58149], [-71.78192, 19.58609], [-71.77077, 19.58395], [-71.76848, 19.58751], [-71.74347, 19.58859], [-71.74577, 19.63388], [-71.73246, 19.6464], [-71.73534, 19.66176], [-71.74348, 19.66488], [-71.75626, 19.67609], [-71.75616, 19.68508], [-71.75413, 19.68584], [-71.75959, 19.68848], [-71.75509, 19.6922], [-71.7619, 19.6948], [-71.75864, 19.70202], [-71.76103, 19.70471], [-71.7768, 19.70683]]]}, "properties": {"atmart_geo_id": "HTC-0412", "pcode": "HT0412", "nom_fr": "Ferrier", "nom_ht": "Ferye", "niveau_admin": "3"}}, {"type": "Feature", "geometry": {"type": "Polygon", "coordinates": [[[-71.79535, 18.37891], [-71.80566, 18.38966], [-71.80336, 18.39252], [-71.81733, 18.39795], [-71.82984, 18.39896], [-71.84405, 18.42934], [-71.8807, 18.44743], [-71.88251, 18.44445], [-71.90328, 18.44058], [-71.91783, 18.42475], [-71.93197, 18.41643], [-71.9329, 18.40934], [-71.92896, 18.39859], [-71.93834, 18.3886], [-71.93915, 18.38419], [-71.93293, 18.37977], [-71.93241, 18.37107], [-71.92698, 18.35841], [-71.93542, 18.34905], [-71.95992, 18.34989], [-71.96531, 18.35249], [-71.96921, 18.33057], [-71.96309, 18.32364], [-71.93359, 18.30702], [-71.92697, 18.31146], [-71.90111, 18.31871], [-71.89384, 18.3173], [-71.87164, 18.32424], [-71.86284, 18.3204], [-71.86341, 18.31152], [-71.86699, 18.30562], [-71.86461, 18.29363], [-71.87023, 18.28557], [-71.86787, 18.28209], [-71.8701, 18.27329], [-71.86072, 18.27749], [-71.85538, 18.27498], [-71.8461, 18.27562], [-71.83798, 18.2828], [-71.82841, 18.2788], [-71.81991, 18.27898], [-71.80624, 18.28652], [-71.78869, 18.28668], [-71.78031, 18.28302], [-71.75045, 18.2925], [-71.73949, 18.29045], [-71.72496, 18.29228], [-71.69526, 18.34072], [-71.79535, 18.37891]]]}, "properties": {"atmart_geo_id": "HTC-0135", "pcode": "HT0135", "nom_fr": "Fonds-Verrettes", "nom_ht": "Fonvèrèt", "niveau_admin": "3"}}, {"type": "Feature", "geometry": {"type": "Polygon", "coordinates": [[[-73.3199, 18.41986], [-73.32612, 18.41329], [-73.32571, 18.39873], [-73.33939, 18.3866], [-73.33147, 18.37779], [-73.3306, 18.37078], [-73.31987, 18.36289], [-73.29944, 18.36864], [-73.29631, 18.36553], [-73.29403, 18.3658], [-73.29508, 18.36775], [-73.28687, 18.36771], [-73.27706, 18.36117], [-73.26683, 18.35985], [-73.2608, 18.35296], [-73.22817, 18.3523], [-73.21767, 18.36253], [-73.18938, 18.36358], [-73.17544, 18.35608], [-73.16832, 18.36242], [-73.16306, 18.35545], [-73.15889, 18.35445], [-73.15114, 18.36282], [-73.15328, 18.36685], [-73.15136, 18.37521], [-73.15905, 18.39136], [-73.17077, 18.38728], [-73.18555, 18.39009], [-73.18923, 18.38795], [-73.20076, 18.39661], [-73.21245, 18.39506], [-73.21534, 18.39842], [-73.2223, 18.39761], [-73.2269, 18.40357], [-73.25351, 18.40428], [-73.25991, 18.40707], [-73.26379, 18.40115], [-73.26805, 18.40424], [-73.31089, 18.41433], [-73.31371, 18.41905], [-73.3199, 18.41986]]]}, "properties": {"atmart_geo_id": "HTC-1013", "pcode": "HT1013", "nom_fr": "Fonds des Nègres", "nom_ht": "Fon dènèg", "niveau_admin": "3"}}, {"type": "Feature", "geometry": {"type": "Polygon", "coordinates": [[[-71.79269, 19.69493], [-71.79086, 19.70893], [-71.83583, 19.71447], [-71.84419, 19.71211], [-71.83992, 19.70191], [-71.84237, 19.69838], [-71.84095, 19.68759], [-71.83176, 19.68809], [-71.82307, 19.68088], [-71.81878, 19.6844], [-71.81006, 19.67553], [-71.81088, 19.67125], [-71.81848, 19.67269], [-71.81046, 19.66891], [-71.82028, 19.66779], [-71.8178, 19.66378], [-71.81588, 19.66477], [-71.81969, 19.66111], [-71.8191, 19.65884], [-71.81554, 19.65928], [-71.81893, 19.65561], [-71.81618, 19.65184], [-71.82202, 19.64786], [-71.82474, 19.64856], [-71.82257, 19.65237], [-71.82773, 19.65892], [-71.82588, 19.66232], [-71.83825, 19.6687], [-71.84087, 19.67569], [-71.8467, 19.66943], [-71.86505, 19.66961], [-71.86578, 19.66635], [-71.87696, 19.66064], [-71.88478, 19.66449], [-71.88876, 19.67199], [-71.89265, 19.67078], [-71.89227, 19.64744], [-71.90118, 19.62546], [-71.89415, 19.61361], [-71.90384, 19.60748], [-71.90656, 19.60226], [-71.89551, 19.58617], [-71.89514, 19.58109], [-71.8997, 19.57526], [-71.88386, 19.56066], [-71.88289, 19.55102], [-71.88627, 19.54763], [-71.88267, 19.54655], [-71.89421, 19.54354], [-71.8951, 19.54037], [-71.8945, 19.52627], [-71.89094, 19.52274], [-71.89485, 19.51255], [-71.89515, 19.50037], [-71.90805, 19.49682], [-71.91105, 19.49969], [-71.91869, 19.49866], [-71.93787, 19.47963], [-71.91012, 19.45868], [-71.89384, 19.46226], [-71.89077, 19.46045], [-71.87471, 19.44405], [-71.8732, 19.43636], [-71.86683, 19.42683], [-71.85319, 19.42413], [-71.84169, 19.42678], [-71.84381, 19.43546], [-71.83942, 19.43958], [-71.84569, 19.44555], [-71.84659, 19.45041], [-71.82811, 19.47565], [-71.83818, 19.48536], [-71.83604, 19.48976], [-71.83856, 19.5056], [-71.83664, 19.51698], [-71.83338, 19.52515], [-71.82256, 19.53344], [-71.82072, 19.54031], [-71.82461, 19.54276], [-71.8226, 19.54998], [-71.81972, 19.55098], [-71.82067, 19.55512], [-71.81576, 19.55445], [-71.81352, 19.55939], [-71.80982, 19.55698], [-71.80535, 19.56388], [-71.80938, 19.56406], [-71.8094, 19.56957], [-71.81682, 19.57368], [-71.81836, 19.58489], [-71.80456, 19.59252], [-71.80587, 19.60234], [-71.78928, 19.62013], [-71.79632, 19.63659], [-71.79027, 19.64656], [-71.78531, 19.64752], [-71.78391, 19.65236], [-71.78836, 19.65837], [-71.79762, 19.65948], [-71.79269, 19.69493]]]}, "properties": {"atmart_geo_id": "HTC-0411", "pcode": "HT0411", "nom_fr": "Fort-Liberté", "nom_ht": "Fòlibète", "niveau_admin": "3"}}, {"type": "Feature", "geometry": {"type": "Polygon", "coordinates": [[[-72.07112, 18.62004], [-72.08756, 18.61887], [-72.09334, 18.6153], [-72.09351, 18.61088], [-72.0833, 18.61252], [-72.08183, 18.60495], [-72.08955, 18.59698], [-72.08582, 18.59067], [-72.09077, 18.58165], [-72.08943, 18.57598], [-72.09314, 18.56292], [-72.10298, 18.56862], [-72.10773, 18.56673], [-72.12735, 18.5733], [-72.1294, 18.58553], [-72.1381, 18.58652], [-72.14041, 18.58585], [-72.14337, 18.56739], [-72.15069, 18.56689], [-72.14886, 18.56002], [-72.15534, 18.55235], [-72.1531, 18.54154], [-72.14104, 18.54061], [-72.14365, 18.5326], [-72.14204, 18.52491], [-72.13058, 18.51941], [-72.13095, 18.51358], [-72.12058, 18.50508], [-72.1163, 18.49624], [-72.12076, 18.48725], [-72.12107, 18.47403], [-72.1121, 18.45656], [-72.11201, 18.45073], [-72.10315, 18.44629], [-72.10177, 18.44233], [-72.09539, 18.44062], [-72.09292, 18.43459], [-72.08389, 18.43944], [-72.07719, 18.43884], [-72.07288, 18.43313], [-72.06403, 18.43008], [-72.06527, 18.42259], [-72.05121, 18.41069], [-72.05002, 18.40192], [-72.04188, 18.3921], [-72.03442, 18.39817], [-72.01816, 18.39404], [-72.01453, 18.39734], [-71.99314, 18.3926], [-71.98773, 18.38615], [-71.97483, 18.38619], [-71.97319, 18.37683], [-71.96626, 18.3708], [-71.96531, 18.35249], [-71.95992, 18.34989], [-71.93542, 18.34905], [-71.92698, 18.35841], [-71.93241, 18.37107], [-71.93293, 18.37977], [-71.93915, 18.38419], [-71.93834, 18.3886], [-71.92896, 18.39859], [-71.9329, 18.40934], [-71.93197, 18.41643], [-71.91783, 18.42475], [-71.90328, 18.44058], [-71.88251, 18.44445], [-71.8807, 18.44743], [-71.90457, 18.45728], [-71.91374, 18.48536], [-71.88076, 18.49033], [-71.88083, 18.50382], [-71.95515, 18.57918], [-71.96515, 18.60352], [-71.97558, 18.60546], [-71.98634, 18.619], [-71.99591, 18.61728], [-72.03847, 18.58915], [-72.04796, 18.59437], [-72.04744, 18.60418], [-72.06065, 18.61232], [-72.06997, 18.61217], [-72.07112, 18.62004]]]}, "properties": {"atmart_geo_id": "HTC-0133", "pcode": "HT0133", "nom_fr": "Ganthier", "nom_ht": "Gantye", "niveau_admin": "3"}}, {"type": "Feature", "geometry": {"type": "Polygon", "coordinates": [[[-72.56588, 19.62822], [-72.57084, 19.64418], [-72.60577, 19.64957], [-72.62023, 19.63366], [-72.6176, 19.62937], [-72.65421, 19.61204], [-72.65756, 19.60626], [-72.65635, 19.60155], [-72.67218, 19.60054], [-72.68226, 19.59667], [-72.6872, 19.60601], [-72.7026, 19.60373], [-72.71494, 19.61048], [-72.71618, 19.60505], [-72.72689, 19.60235], [-72.72918, 19.59653], [-72.72001, 19.58966], [-72.71864, 19.58555], [-72.7346, 19.57244], [-72.74434, 19.5753], [-72.73942, 19.56113], [-72.74805, 19.55899], [-72.74582, 19.551], [-72.73839, 19.54207], [-72.73062, 19.54331], [-72.72817, 19.53643], [-72.72994, 19.53153], [-72.74088, 19.52177], [-72.75063, 19.52308], [-72.76586, 19.51333], [-72.7781, 19.52005], [-72.7829, 19.52816], [-72.78545, 19.52149], [-72.79075, 19.51869], [-72.79321, 19.511], [-72.80509, 19.50114], [-72.78284, 19.47646], [-72.7704, 19.45358], [-72.76187, 19.45243], [-72.75397, 19.44641], [-72.74466, 19.44485], [-72.73184, 19.44738], [-72.7323, 19.45226], [-72.72401, 19.45783], [-72.71835, 19.45532], [-72.72155, 19.45305], [-72.72191, 19.45577], [-72.72234, 19.45232], [-72.71749, 19.45249], [-72.71435, 19.4494], [-72.70921, 19.4541], [-72.71387, 19.45473], [-72.69706, 19.4589], [-72.69629, 19.45555], [-72.70331, 19.45513], [-72.69701, 19.4519], [-72.69726, 19.44335], [-72.70047, 19.44158], [-72.70041, 19.42786], [-72.69449, 19.42553], [-72.68933, 19.4167], [-72.68214, 19.41203], [-72.68524, 19.40316], [-72.67775, 19.39395], [-72.67116, 19.39238], [-72.65277, 19.40357], [-72.64413, 19.39661], [-72.63938, 19.39713], [-72.63534, 19.39311], [-72.62877, 19.39214], [-72.61998, 19.40474], [-72.61541, 19.40203], [-72.60629, 19.40481], [-72.58192, 19.3915], [-72.56424, 19.3949], [-72.55786, 19.38873], [-72.54904, 19.38932], [-72.5392, 19.35722], [-72.51053, 19.33672], [-72.49656, 19.33714], [-72.49331, 19.35343], [-72.49605, 19.35988], [-72.4953, 19.36974], [-72.48601, 19.36848], [-72.47735, 19.37765], [-72.47746, 19.38326], [-72.46761, 19.38386], [-72.46276, 19.3921], [-72.45225, 19.39543], [-72.46825, 19.4221], [-72.48159, 19.42875], [-72.49716, 19.44154], [-72.50139, 19.46035], [-72.50974, 19.46036], [-72.52043, 19.46625], [-72.52639, 19.48394], [-72.53512, 19.48619], [-72.5408, 19.49263], [-72.55776, 19.4942], [-72.55922, 19.49115], [-72.56791, 19.49209], [-72.57591, 19.4985], [-72.58215, 19.51123], [-72.59107, 19.51792], [-72.59412, 19.5287], [-72.58376, 19.52957], [-72.58276, 19.54066], [-72.57091, 19.56116], [-72.55625, 19.57337], [-72.54746, 19.56941], [-72.53588, 19.58257], [-72.54305, 19.59039], [-72.54148, 19.59876], [-72.56588, 19.62822]]]}, "properties": {"atmart_geo_id": "HTC-0511", "pcode": "HT0511", "nom_fr": "Gonaïves", "nom_ht": "Gonayiv", "niveau_admin": "3"}}, {"type": "Feature", "geometry": {"type": "Polygon", "coordinates": [[[-73.56737, 18.58722], [-73.57776, 18.58931], [-73.61719, 18.58544], [-73.6349, 18.58188], [-73.65618, 18.57244], [-73.68713, 18.57804], [-73.70269, 18.57705], [-73.71857, 18.57156], [-73.71947, 18.56481], [-73.72699, 18.56655], [-73.72654, 18.56352], [-73.72785, 18.5653], [-73.72773, 18.56234], [-73.73106, 18.56339], [-73.73004, 18.56089], [-73.73429, 18.55835], [-73.71941, 18.5586], [-73.72112, 18.55178], [-73.73161, 18.54971], [-73.7249, 18.54557], [-73.71664, 18.55128], [-73.7172, 18.54868], [-73.71046, 18.54402], [-73.69992, 18.54965], [-73.69865, 18.55356], [-73.69626, 18.55049], [-73.69232, 18.55131], [-73.69252, 18.55372], [-73.68253, 18.5538], [-73.68027, 18.56021], [-73.69005, 18.56224], [-73.69123, 18.56473], [-73.68815, 18.5657], [-73.67498, 18.56468], [-73.66621, 18.55715], [-73.66171, 18.55987], [-73.66612, 18.55312], [-73.64436, 18.55437], [-73.64356, 18.56043], [-73.64167, 18.55753], [-73.63069, 18.55919], [-73.61707, 18.55402], [-73.61314, 18.55588], [-73.60695, 18.55269], [-73.59311, 18.55247], [-73.57747, 18.56137], [-73.56367, 18.58132], [-73.56737, 18.58722]]]}, "properties": {"atmart_geo_id": "HTC-1032", "pcode": "HT1032", "nom_fr": "Grand-Boucan", "nom_ht": "Gran Boukan", "niveau_admin": "3"}}, {"type": "Feature", "geometry": {"type": "Polygon", "coordinates": [[[-72.83122, 18.4433], [-72.83374, 18.44328], [-72.83353, 18.43952], [-72.82553, 18.42548], [-72.81679, 18.42067], [-72.81438, 18.41249], [-72.8163, 18.39282], [-72.8142, 18.38916], [-72.8215, 18.37588], [-72.81456, 18.36978], [-72.8081, 18.3699], [-72.8058, 18.36433], [-72.80875, 18.35913], [-72.81587, 18.35989], [-72.82086, 18.36925], [-72.82451, 18.36847], [-72.83137, 18.3648], [-72.82537, 18.3531], [-72.84356, 18.34774], [-72.84295, 18.33894], [-72.84892, 18.32717], [-72.83215, 18.319], [-72.82917, 18.31423], [-72.83633, 18.31141], [-72.8365, 18.3083], [-72.83915, 18.30898], [-72.84535, 18.29997], [-72.83353, 18.29788], [-72.83058, 18.29169], [-72.82435, 18.28745], [-72.80864, 18.28678], [-72.79474, 18.27548], [-72.76498, 18.26698], [-72.76375, 18.27137], [-72.76633, 18.27391], [-72.75692, 18.28668], [-72.74842, 18.29059], [-72.74575, 18.28772], [-72.74123, 18.2887], [-72.74119, 18.30747], [-72.73842, 18.31455], [-72.74176, 18.32229], [-72.73071, 18.31765], [-72.72804, 18.31283], [-72.72156, 18.31148], [-72.71835, 18.30361], [-72.71044, 18.296], [-72.70711, 18.29655], [-72.70672, 18.30024], [-72.71127, 18.30896], [-72.70297, 18.30804], [-72.69585, 18.31716], [-72.68858, 18.31853], [-72.6874, 18.32264], [-72.68274, 18.32154], [-72.68159, 18.32464], [-72.67476, 18.3249], [-72.67065, 18.33033], [-72.65902, 18.32429], [-72.64859, 18.32607], [-72.65265, 18.3365], [-72.65288, 18.35218], [-72.67086, 18.35134], [-72.68459, 18.35832], [-72.67385, 18.36348], [-72.67193, 18.37151], [-72.66337, 18.37385], [-72.65585, 18.38465], [-72.67261, 18.37899], [-72.68143, 18.38071], [-72.67927, 18.39015], [-72.68669, 18.38902], [-72.69716, 18.39778], [-72.69432, 18.39945], [-72.69921, 18.40572], [-72.6913, 18.41185], [-72.69276, 18.41815], [-72.68702, 18.41911], [-72.68669, 18.4214], [-72.69245, 18.42788], [-72.6991, 18.42914], [-72.70264, 18.43803], [-72.72179, 18.42806], [-72.74, 18.42593], [-72.74916, 18.43], [-72.75455, 18.42836], [-72.76158, 18.43346], [-72.79272, 18.43039], [-72.81418, 18.44233], [-72.83122, 18.4433]]]}, "properties": {"atmart_geo_id": "HTC-0123", "pcode": "HT0123", "nom_fr": "Grand-Goâve", "nom_ht": "Gran Gwav", "niveau_admin": "3"}}, {"type": "Feature", "geometry": {"type": "Polygon", "coordinates": [[[-71.86224, 18.31774], [-71.86284, 18.3204], [-71.87164, 18.32424], [-71.89384, 18.3173], [-71.90401, 18.31796], [-71.92697, 18.31146], [-71.93359, 18.30702], [-71.91672, 18.29529], [-71.93157, 18.27319], [-71.9276, 18.2646], [-71.93415, 18.25516], [-71.93093, 18.24109], [-71.93906, 18.23455], [-71.93905, 18.23207], [-71.93319, 18.23223], [-71.93983, 18.22501], [-71.9367, 18.22274], [-71.93849, 18.21724], [-71.94557, 18.21278], [-71.94697, 18.20407], [-71.95739, 18.19516], [-71.92714, 18.18955], [-71.91946, 18.18448], [-71.91574, 18.19642], [-71.919, 18.20615], [-71.89403, 18.23219], [-71.89129, 18.22829], [-71.88021, 18.22502], [-71.87009, 18.22693], [-71.87283, 18.23555], [-71.88773, 18.23717], [-71.85709, 18.26283], [-71.85354, 18.26863], [-71.85383, 18.2758], [-71.8586, 18.27714], [-71.8701, 18.27329], [-71.86787, 18.28209], [-71.87023, 18.28557], [-71.86461, 18.29363], [-71.86699, 18.30562], [-71.86224, 18.31774]]]}, "properties": {"atmart_geo_id": "HTC-0232", "pcode": "HT0232", "nom_fr": "Grand Gosier", "nom_ht": "Gran Gozye", "niveau_admin": "3"}}, {"type": "Feature", "geometry": {"type": "Polygon", "coordinates": [[[-72.15129, 19.59876], [-72.1633, 19.62212], [-72.16707, 19.62396], [-72.17368, 19.62064], [-72.1826, 19.60984], [-72.21707, 19.58921], [-72.22514, 19.58163], [-72.22106, 19.57884], [-72.21817, 19.56872], [-72.21385, 19.56615], [-72.21974, 19.52422], [-72.19392, 19.49508], [-72.1838, 19.49566], [-72.18105, 19.4922], [-72.15398, 19.50609], [-72.14522, 19.50231], [-72.13259, 19.50723], [-72.13175, 19.50195], [-72.12708, 19.50223], [-72.11277, 19.50524], [-72.09599, 19.51364], [-72.09576, 19.51697], [-72.10364, 19.52392], [-72.10259, 19.5289], [-72.09787, 19.53164], [-72.09803, 19.54139], [-72.10106, 19.54278], [-72.10132, 19.54853], [-72.10434, 19.54941], [-72.10282, 19.55191], [-72.10808, 19.55942], [-72.11407, 19.5588], [-72.111, 19.5674], [-72.11529, 19.57525], [-72.12003, 19.57494], [-72.11839, 19.57981], [-72.12214, 19.58557], [-72.12117, 19.58882], [-72.13276, 19.5895], [-72.13837, 19.59713], [-72.14529, 19.59534], [-72.14718, 19.5987], [-72.15129, 19.59876]]]}, "properties": {"atmart_geo_id": "HTC-0331", "pcode": "HT0331", "nom_fr": "Grande Rivière Du Nord", "nom_ht": "Grann Rivyè dinò", "niveau_admin": "3"}}, {"type": "Feature", "geometry": {"type": "Polygon", "coordinates": [[[-72.72869, 19.28373], [-72.73267, 19.28875], [-72.73153, 19.29293], [-72.73486, 19.29397], [-72.73933, 19.29036], [-72.7408, 19.28236], [-72.74719, 19.27796], [-72.7735, 19.28432], [-72.77338, 19.27642], [-72.7705, 19.27988], [-72.76668, 19.27291], [-72.76991, 19.26685], [-72.77405, 19.26895], [-72.77491, 19.24612], [-72.77952, 19.23769], [-72.77545, 19.2398], [-72.77076, 19.24839], [-72.76099, 19.25061], [-72.75622, 19.24796], [-72.75968, 19.25679], [-72.75464, 19.25567], [-72.75257, 19.24894], [-72.75036, 19.25376], [-72.74789, 19.25148], [-72.74909, 19.25772], [-72.74636, 19.26142], [-72.74594, 19.25667], [-72.73993, 19.25758], [-72.73659, 19.25399], [-72.73063, 19.259], [-72.72636, 19.24777], [-72.72096, 19.25006], [-72.72065, 19.24416], [-72.71651, 19.24809], [-72.709, 19.24157], [-72.70688, 19.24422], [-72.7123, 19.24562], [-72.7129, 19.24825], [-72.7064, 19.24875], [-72.70382, 19.25514], [-72.69759, 19.25812], [-72.69318, 19.25505], [-72.6965, 19.24853], [-72.69066, 19.24332], [-72.68921, 19.25441], [-72.68587, 19.2578], [-72.68393, 19.24975], [-72.67095, 19.24677], [-72.66838, 19.24191], [-72.66305, 19.24064], [-72.6681, 19.23954], [-72.6714, 19.2265], [-72.66667, 19.22192], [-72.66025, 19.22434], [-72.65941, 19.22087], [-72.65388, 19.22812], [-72.64684, 19.22885], [-72.64255, 19.22521], [-72.64244, 19.22038], [-72.63865, 19.22897], [-72.6348, 19.23064], [-72.63545, 19.22468], [-72.63111, 19.22363], [-72.624, 19.25143], [-72.63228, 19.25978], [-72.6354, 19.25698], [-72.66094, 19.25862], [-72.67657, 19.26581], [-72.69136, 19.27694], [-72.70329, 19.27847], [-72.71831, 19.2883], [-72.7249, 19.28304], [-72.72869, 19.28373]]]}, "properties": {"atmart_geo_id": "HTC-0543", "pcode": "HT0543", "nom_fr": "Grande Saline", "nom_ht": "Grand Salin", "niveau_admin": "3"}}, {"type": "Feature", "geometry": {"type": "Polygon", "coordinates": [[[-72.54092, 18.54431], [-72.54607, 18.54998], [-72.56141, 18.52221], [-72.55777, 18.51458], [-72.56478, 18.51441], [-72.56922, 18.50927], [-72.5683, 18.48842], [-72.55967, 18.47818], [-72.54562, 18.47165], [-72.53854, 18.47468], [-72.53106, 18.47172], [-72.48938, 18.47214], [-72.46907, 18.47628], [-72.44939, 18.47391], [-72.44494, 18.47835], [-72.45459, 18.49388], [-72.4647, 18.50001], [-72.46141, 18.50154], [-72.46399, 18.50507], [-72.46126, 18.50722], [-72.46496, 18.51892], [-72.45872, 18.51712], [-72.45661, 18.54683], [-72.47313, 18.54864], [-72.48057, 18.54501], [-72.49626, 18.54691], [-72.50017, 18.54476], [-72.51317, 18.54898], [-72.51765, 18.54543], [-72.52517, 18.54731], [-72.54092, 18.54431]]]}, "properties": {"atmart_geo_id": "HTC-0116", "pcode": "HT0116", "nom_fr": "Gressier", "nom_ht": "Gresye", "niveau_admin": "3"}}, {"type": "Feature", "geometry": {"type": "Polygon", "coordinates": [[[-72.69573, 19.81251], [-72.70089, 19.8156], [-72.72298, 19.8107], [-72.74261, 19.7836], [-72.76527, 19.78842], [-72.78402, 19.77149], [-72.80697, 19.75696], [-72.8104, 19.75199], [-72.81129, 19.73886], [-72.82911, 19.73159], [-72.83283, 19.72309], [-72.82153, 19.71365], [-72.83041, 19.69674], [-72.80825, 19.68328], [-72.80119, 19.68142], [-72.79823, 19.68509], [-72.78478, 19.67776], [-72.80009, 19.65658], [-72.80212, 19.64929], [-72.80196, 19.64174], [-72.79428, 19.62747], [-72.75417, 19.62961], [-72.74948, 19.62315], [-72.72057, 19.62022], [-72.71316, 19.61565], [-72.71333, 19.6111], [-72.70873, 19.60631], [-72.7026, 19.60373], [-72.6872, 19.60601], [-72.68226, 19.59667], [-72.67218, 19.60054], [-72.65635, 19.60155], [-72.65756, 19.60626], [-72.65421, 19.61204], [-72.6176, 19.62937], [-72.62023, 19.63366], [-72.60577, 19.64957], [-72.57084, 19.64418], [-72.57183, 19.65238], [-72.57615, 19.65734], [-72.57381, 19.67338], [-72.59857, 19.68166], [-72.61557, 19.69601], [-72.59768, 19.71435], [-72.59809, 19.72419], [-72.60879, 19.75165], [-72.61434, 19.75675], [-72.62338, 19.75695], [-72.62466, 19.7482], [-72.62887, 19.74239], [-72.6466, 19.74534], [-72.64825, 19.76155], [-72.6374, 19.77376], [-72.64319, 19.78548], [-72.65631, 19.78565], [-72.6533, 19.77675], [-72.66832, 19.77632], [-72.67362, 19.77871], [-72.68147, 19.80376], [-72.67802, 19.80893], [-72.68819, 19.80822], [-72.69573, 19.81251]]]}, "properties": {"atmart_geo_id": "HTC-0521", "pcode": "HT0521", "nom_fr": "Gros Morne", "nom_ht": "Gro Mòn", "niveau_admin": "3"}}, {"type": "Feature", "geometry": {"type": "Polygon", "coordinates": [[[-72.03096, 19.30741], [-72.05636, 19.29772], [-72.07089, 19.2853], [-72.08059, 19.28131], [-72.08138, 19.27764], [-72.09464, 19.26667], [-72.11874, 19.26527], [-72.13498, 19.25497], [-72.12245, 19.2476], [-72.1159, 19.23522], [-72.10883, 19.23373], [-72.10288, 19.22557], [-72.09486, 19.22578], [-72.09134, 19.2223], [-72.08196, 19.19931], [-72.08569, 19.19529], [-72.08381, 19.18953], [-72.08583, 19.17503], [-72.0953, 19.16067], [-72.10635, 19.15257], [-72.10684, 19.14458], [-72.12227, 19.13294], [-72.1252, 19.11876], [-72.13539, 19.10366], [-72.13892, 19.10246], [-72.15089, 19.11025], [-72.16863, 19.10321], [-72.17585, 19.08807], [-72.179, 19.08559], [-72.18519, 19.08861], [-72.18794, 19.0869], [-72.19053, 19.0721], [-72.16649, 19.04727], [-72.16226, 19.03965], [-72.13704, 19.01599], [-72.13156, 19.02367], [-72.11309, 19.03341], [-72.1048, 19.0328], [-72.09503, 19.0454], [-72.08904, 19.06032], [-72.0836, 19.06143], [-72.08105, 19.05314], [-72.06743, 19.05774], [-72.06388, 19.05471], [-72.05878, 19.05546], [-72.0435, 19.06107], [-72.03536, 19.06021], [-72.03073, 19.05472], [-72.02526, 19.05412], [-72.01496, 19.05901], [-72.01113, 19.06529], [-71.95379, 19.03431], [-71.93136, 19.01707], [-71.91803, 19.02384], [-71.9109, 19.02062], [-71.89859, 19.03618], [-71.90565, 19.04694], [-71.89816, 19.04991], [-71.90068, 19.055], [-71.91094, 19.05515], [-71.90477, 19.06427], [-71.90829, 19.06898], [-71.9137, 19.0702], [-71.90973, 19.08012], [-71.91566, 19.08361], [-71.91516, 19.08695], [-71.91882, 19.08746], [-71.91902, 19.09478], [-71.88841, 19.10631], [-71.88266, 19.11371], [-71.87395, 19.1364], [-71.86704, 19.14028], [-71.85461, 19.15753], [-71.8615, 19.16944], [-71.86042, 19.17859], [-71.86558, 19.18672], [-71.87493, 19.18788], [-71.8865, 19.20228], [-71.90017, 19.19873], [-71.91821, 19.18615], [-71.92847, 19.18547], [-71.93846, 19.18866], [-71.94788, 19.19824], [-71.95312, 19.19788], [-71.95695, 19.20135], [-71.95751, 19.20658], [-71.96194, 19.20568], [-71.97283, 19.21956], [-71.97153, 19.22455], [-71.97633, 19.22559], [-71.97312, 19.24666], [-71.97942, 19.25505], [-72.00275, 19.27013], [-71.9998, 19.27407], [-72.01572, 19.29117], [-72.01724, 19.29863], [-72.02462, 19.29854], [-72.03096, 19.30741]]]}, "properties": {"atmart_geo_id": "HTC-0611", "pcode": "HT0611", "nom_fr": "Hinche", "nom_ht": "Ench", "niveau_admin": "3"}}, {"type": "Feature", "geometry": {"type": "Polygon", "coordinates": [[[-73.70372, 18.1093], [-73.70821, 18.10535], [-73.70781, 18.1007], [-73.70188, 18.0952], [-73.70545, 18.09273], [-73.6873, 18.0831], [-73.68759, 18.07765], [-73.67621, 18.06585], [-73.67471, 18.0597], [-73.6584, 18.05801], [-73.65081, 18.0609], [-73.58554, 18.05624], [-73.57613, 18.06108], [-73.57144, 18.06804], [-73.58264, 18.08728], [-73.60003, 18.09958], [-73.61067, 18.09899], [-73.62242, 18.08939], [-73.63996, 18.08296], [-73.66164, 18.08898], [-73.6716, 18.09959], [-73.67649, 18.09627], [-73.68037, 18.10365], [-73.68255, 18.1009], [-73.68086, 18.09948], [-73.68382, 18.09831], [-73.68735, 18.10313], [-73.6854, 18.10561], [-73.6919, 18.1075], [-73.694, 18.10432], [-73.69156, 18.10307], [-73.69742, 18.10261], [-73.69964, 18.10916], [-73.70372, 18.1093]]]}, "properties": {"atmart_geo_id": "HTC-0716", "pcode": "HT0716", "nom_fr": "Île à Vache", "nom_ht": "Ilavach", "niveau_admin": "3"}}, {"type": "Feature", "geometry": {"type": "Polygon", "coordinates": [[[-72.45137, 18.39706], [-72.48252, 18.40014], [-72.50291, 18.40569], [-72.50733, 18.3989], [-72.52003, 18.39504], [-72.52237, 18.38852], [-72.53121, 18.38252], [-72.53463, 18.37078], [-72.55096, 18.36516], [-72.55275, 18.35194], [-72.5636, 18.3547], [-72.56433, 18.34703], [-72.57989, 18.35268], [-72.587, 18.35206], [-72.59619, 18.34167], [-72.60139, 18.3242], [-72.60826, 18.32287], [-72.6223, 18.34444], [-72.64195, 18.34559], [-72.64195, 18.33064], [-72.64851, 18.32557], [-72.63675, 18.31928], [-72.6279, 18.30192], [-72.63549, 18.28501], [-72.64143, 18.28343], [-72.64016, 18.27263], [-72.63165, 18.26858], [-72.6266, 18.27049], [-72.62157, 18.26389], [-72.60935, 18.26797], [-72.60628, 18.26111], [-72.60827, 18.2592], [-72.62866, 18.26231], [-72.63761, 18.26031], [-72.64222, 18.2467], [-72.64769, 18.24606], [-72.65318, 18.23616], [-72.65087, 18.23077], [-72.64756, 18.23118], [-72.64477, 18.22594], [-72.6409, 18.22545], [-72.64158, 18.21591], [-72.63627, 18.19047], [-72.62322, 18.18841], [-72.619, 18.18346], [-72.60328, 18.1834], [-72.59417, 18.17801], [-72.58904, 18.18091], [-72.58319, 18.18003], [-72.57866, 18.17449], [-72.57119, 18.17575], [-72.56811, 18.17152], [-72.5543, 18.17191], [-72.54374, 18.17636], [-72.54134, 18.18526], [-72.54226, 18.19122], [-72.55388, 18.1994], [-72.55205, 18.20778], [-72.5581, 18.22227], [-72.54946, 18.23102], [-72.53635, 18.23242], [-72.52358, 18.22182], [-72.51952, 18.21473], [-72.51418, 18.21437], [-72.49434, 18.22018], [-72.48929, 18.22452], [-72.47836, 18.21944], [-72.46822, 18.22495], [-72.45844, 18.22156], [-72.4339, 18.22729], [-72.43594, 18.24406], [-72.44358, 18.24266], [-72.44125, 18.25422], [-72.43661, 18.25631], [-72.44268, 18.25953], [-72.44124, 18.26672], [-72.4445, 18.27551], [-72.46079, 18.27744], [-72.4696, 18.28373], [-72.47244, 18.28999], [-72.45563, 18.28307], [-72.45229, 18.28543], [-72.42636, 18.28497], [-72.43703, 18.30792], [-72.42719, 18.32143], [-72.42308, 18.31765], [-72.41742, 18.31779], [-72.40856, 18.3223], [-72.39929, 18.3196], [-72.38406, 18.32378], [-72.37925, 18.33268], [-72.37246, 18.33153], [-72.37286, 18.336], [-72.3621, 18.34297], [-72.36388, 18.35521], [-72.3697, 18.36645], [-72.3671, 18.37806], [-72.37069, 18.38138], [-72.38346, 18.38014], [-72.38383, 18.38777], [-72.39404, 18.39177], [-72.39636, 18.38618], [-72.4044, 18.38401], [-72.40985, 18.37879], [-72.42711, 18.37397], [-72.4305, 18.37642], [-72.43501, 18.37332], [-72.43631, 18.37961], [-72.42775, 18.39495], [-72.42214, 18.39758], [-72.42352, 18.40113], [-72.45137, 18.39706]]]}, "properties": {"atmart_geo_id": "HTC-0211", "pcode": "HT0211", "nom_fr": "Jacmel", "nom_ht": "Jakmèl", "niveau_admin": "3"}}, {"type": "Feature", "geometry": {"type": "Polygon", "coordinates": [[[-73.15876, 19.93039], [-73.16737, 19.9296], [-73.18393, 19.92092], [-73.20014, 19.90459], [-73.20598, 19.90379], [-73.22928, 19.88922], [-73.24064, 19.87895], [-73.23983, 19.87536], [-73.24633, 19.87769], [-73.27595, 19.86424], [-73.27172, 19.84998], [-73.2654, 19.84161], [-73.26876, 19.83903], [-73.26774, 19.833], [-73.2704, 19.82679], [-73.26015, 19.82058], [-73.25942, 19.80368], [-73.26325, 19.80175], [-73.26363, 19.79618], [-73.25493, 19.7726], [-73.24965, 19.77097], [-73.24028, 19.75104], [-73.21393, 19.75738], [-73.21597, 19.76157], [-73.21452, 19.7681], [-73.2034, 19.77215], [-73.19597, 19.77176], [-73.19541, 19.77929], [-73.1864, 19.78694], [-73.18771, 19.79572], [-73.18332, 19.79922], [-73.17275, 19.78575], [-73.16798, 19.76218], [-73.15756, 19.76179], [-73.15653, 19.75761], [-73.16117, 19.75445], [-73.14889, 19.74303], [-73.13976, 19.74427], [-73.14065, 19.73807], [-73.13039, 19.72552], [-73.12935, 19.71215], [-73.12445, 19.70255], [-73.11598, 19.70306], [-73.10377, 19.69637], [-73.10173, 19.69954], [-73.10563, 19.70256], [-73.08707, 19.71445], [-73.08006, 19.73123], [-73.07004, 19.73128], [-73.06156, 19.73883], [-73.05288, 19.74187], [-73.0328, 19.738], [-73.02673, 19.73291], [-73.01089, 19.7309], [-73.02171, 19.74893], [-73.02256, 19.75573], [-73.03208, 19.76195], [-73.03364, 19.77418], [-73.02353, 19.78369], [-73.02062, 19.79178], [-73.02029, 19.81361], [-73.02484, 19.82963], [-73.01989, 19.83764], [-73.01406, 19.83705], [-73.01268, 19.84828], [-73.00468, 19.85444], [-73.00351, 19.867], [-73.00702, 19.87285], [-72.99978, 19.88071], [-73.00248, 19.90086], [-72.99955, 19.90617], [-73.00045, 19.91722], [-73.01548, 19.9217], [-73.02973, 19.92205], [-73.03184, 19.91923], [-73.02647, 19.91563], [-73.02783, 19.91005], [-73.03397, 19.9095], [-73.0343, 19.91221], [-73.04519, 19.91908], [-73.07804, 19.91912], [-73.12737, 19.92616], [-73.14721, 19.92494], [-73.15876, 19.93039]]]}, "properties": {"atmart_geo_id": "HTC-0934", "pcode": "HT0934", "nom_fr": "Jean Rabel", "nom_ht": "Jan Rabèl", "niveau_admin": "3"}}, {"type": "Feature", "geometry": {"type": "Polygon", "coordinates": [[[-74.19441, 18.6743], [-74.21486, 18.67483], [-74.21426, 18.66339], [-74.23153, 18.65759], [-74.23352, 18.65456], [-74.2319, 18.64581], [-74.22037, 18.63191], [-74.22746, 18.62624], [-74.20741, 18.61935], [-74.19239, 18.62408], [-74.18998, 18.62172], [-74.19084, 18.61837], [-74.19808, 18.61429], [-74.22164, 18.60746], [-74.22598, 18.60069], [-74.24126, 18.58891], [-74.22821, 18.57816], [-74.22384, 18.55591], [-74.22565, 18.54386], [-74.22325, 18.54169], [-74.23073, 18.52544], [-74.22999, 18.51718], [-74.23327, 18.51049], [-74.22779, 18.50235], [-74.24145, 18.49408], [-74.25334, 18.47767], [-74.24586, 18.46803], [-74.24476, 18.45864], [-74.24193, 18.45729], [-74.23567, 18.45751], [-74.22044, 18.4652], [-74.21715, 18.46333], [-74.22302, 18.45076], [-74.22541, 18.43594], [-74.21696, 18.41914], [-74.2189, 18.40652], [-74.20645, 18.39812], [-74.19639, 18.39779], [-74.18109, 18.39202], [-74.13177, 18.40105], [-74.12408, 18.39636], [-74.11823, 18.39684], [-74.10655, 18.4035], [-74.1079, 18.41613], [-74.11969, 18.43462], [-74.11294, 18.43796], [-74.09761, 18.45686], [-74.09708, 18.46403], [-74.10216, 18.48007], [-74.09489, 18.49179], [-74.09614, 18.49825], [-74.08747, 18.49931], [-74.07543, 18.52319], [-74.07708, 18.52545], [-74.08645, 18.52193], [-74.09018, 18.52822], [-74.08434, 18.53652], [-74.08882, 18.54492], [-74.08728, 18.55159], [-74.09034, 18.55658], [-74.07037, 18.57678], [-74.07319, 18.58664], [-74.07278, 18.60134], [-74.07828, 18.61641], [-74.08949, 18.62592], [-74.10845, 18.63604], [-74.11232, 18.64216], [-74.11167, 18.64564], [-74.10883, 18.64575], [-74.11927, 18.65104], [-74.11983, 18.65431], [-74.12676, 18.65357], [-74.13015, 18.65893], [-74.14039, 18.66371], [-74.14623, 18.65978], [-74.15579, 18.66646], [-74.19441, 18.6743]]]}, "properties": {"atmart_geo_id": "HTC-0811", "pcode": "HT0811", "nom_fr": "Jérémie", "nom_ht": "Jeremi", "niveau_admin": "3"}}, {"type": "Feature", "geometry": {"type": "Polygon", "coordinates": [[[-72.29185, 18.4768], [-72.29245, 18.4851], [-72.30321, 18.48034], [-72.29644, 18.47566], [-72.31022, 18.44609], [-72.32081, 18.44487], [-72.34635, 18.45867], [-72.34953, 18.45375], [-72.35566, 18.45242], [-72.36091, 18.44379], [-72.37375, 18.43876], [-72.38634, 18.43902], [-72.39042, 18.43522], [-72.39048, 18.42957], [-72.38726, 18.42825], [-72.39023, 18.41932], [-72.38606, 18.41965], [-72.38782, 18.41621], [-72.38334, 18.41237], [-72.3714, 18.40862], [-72.36823, 18.40096], [-72.35993, 18.39803], [-72.34976, 18.40046], [-72.34622, 18.39859], [-72.3463, 18.3936], [-72.35089, 18.39104], [-72.35628, 18.37972], [-72.3671, 18.37806], [-72.3697, 18.36645], [-72.36477, 18.35298], [-72.33956, 18.34812], [-72.32682, 18.34105], [-72.31476, 18.34], [-72.2893, 18.34201], [-72.28064, 18.35438], [-72.26371, 18.35769], [-72.25728, 18.35829], [-72.21815, 18.34853], [-72.19945, 18.35227], [-72.20452, 18.3651], [-72.20164, 18.3787], [-72.20451, 18.38366], [-72.20291, 18.3903], [-72.21035, 18.40448], [-72.19489, 18.42091], [-72.20663, 18.42513], [-72.21186, 18.42025], [-72.21296, 18.42826], [-72.21884, 18.42983], [-72.2268, 18.44235], [-72.23066, 18.4425], [-72.2305, 18.44903], [-72.22633, 18.44803], [-72.22465, 18.45062], [-72.23025, 18.45821], [-72.23614, 18.46093], [-72.23648, 18.46799], [-72.24749, 18.46005], [-72.26679, 18.45808], [-72.28265, 18.46066], [-72.28782, 18.47347], [-72.29185, 18.4768]]]}, "properties": {"atmart_geo_id": "HTC-0115", "pcode": "HT0115", "nom_fr": "Kenscoff", "nom_ht": "Kenskòf", "niveau_admin": "3"}}, {"type": "Feature", "geometry": {"type": "Polygon", "coordinates": [[[-73.42598, 18.45059], [-73.4302, 18.4524], [-73.45072, 18.44627], [-73.44209, 18.43466], [-73.44548, 18.43169], [-73.44916, 18.41475], [-73.44437, 18.39703], [-73.4508, 18.39154], [-73.45227, 18.38577], [-73.46311, 18.37947], [-73.4723, 18.38922], [-73.47847, 18.38768], [-73.48872, 18.37842], [-73.49062, 18.38147], [-73.50146, 18.38424], [-73.51337, 18.38378], [-73.51812, 18.38793], [-73.52523, 18.38581], [-73.53574, 18.38721], [-73.54178, 18.37365], [-73.5462, 18.37542], [-73.55493, 18.36997], [-73.5563, 18.34982], [-73.56121, 18.34876], [-73.56436, 18.34447], [-73.56148, 18.34733], [-73.55459, 18.33613], [-73.51542, 18.33575], [-73.49322, 18.3381], [-73.48216, 18.34228], [-73.47183, 18.34067], [-73.47041, 18.33762], [-73.45458, 18.33823], [-73.42923, 18.34451], [-73.41227, 18.34202], [-73.40453, 18.34755], [-73.36299, 18.34525], [-73.35717, 18.34241], [-73.35065, 18.34536], [-73.33643, 18.3694], [-73.3307, 18.36934], [-73.33147, 18.37779], [-73.33939, 18.3866], [-73.32571, 18.39873], [-73.32606, 18.41114], [-73.33857, 18.4111], [-73.34241, 18.41425], [-73.3436, 18.41026], [-73.35, 18.40874], [-73.35938, 18.41453], [-73.36099, 18.41264], [-73.35852, 18.4073], [-73.37062, 18.40123], [-73.37023, 18.39643], [-73.37606, 18.40228], [-73.37671, 18.39535], [-73.38372, 18.39843], [-73.38521, 18.39461], [-73.38783, 18.40214], [-73.39215, 18.40232], [-73.39309, 18.40573], [-73.39473, 18.40401], [-73.40125, 18.40891], [-73.40301, 18.40636], [-73.40885, 18.40828], [-73.40395, 18.41121], [-73.40881, 18.41184], [-73.40918, 18.41416], [-73.40383, 18.41906], [-73.41214, 18.42457], [-73.41316, 18.42931], [-73.40891, 18.43596], [-73.4004, 18.43987], [-73.39942, 18.44469], [-73.40244, 18.44679], [-73.41715, 18.44531], [-73.42598, 18.45059]]]}, "properties": {"atmart_geo_id": "HTC-1023", "pcode": "HT1023", "nom_fr": "L'Asile", "nom_ht": "Lazil", "niveau_admin": "3"}}, {"type": "Feature", "geometry": {"type": "Polygon", "coordinates": [[[-72.71744, 19.41519], [-72.71371, 19.42263], [-72.71768, 19.43138], [-72.7236, 19.42705], [-72.72689, 19.42008], [-72.72967, 19.40311], [-72.71559, 19.39694], [-72.71244, 19.393], [-72.71112, 19.38659], [-72.72357, 19.37131], [-72.71871, 19.3602], [-72.71187, 19.36039], [-72.71034, 19.35564], [-72.70222, 19.3509], [-72.7015, 19.34475], [-72.69632, 19.33942], [-72.68031, 19.33496], [-72.66387, 19.32535], [-72.65686, 19.31642], [-72.6514, 19.31646], [-72.64475, 19.30282], [-72.62732, 19.30206], [-72.62347, 19.30417], [-72.61674, 19.29873], [-72.61057, 19.29904], [-72.60691, 19.30513], [-72.59959, 19.30609], [-72.59366, 19.31149], [-72.58274, 19.30404], [-72.56485, 19.30242], [-72.56005, 19.31316], [-72.54645, 19.31766], [-72.54081, 19.31187], [-72.53805, 19.31244], [-72.53389, 19.31523], [-72.5268, 19.32861], [-72.5106, 19.33244], [-72.51053, 19.33672], [-72.53997, 19.35831], [-72.54904, 19.38932], [-72.55786, 19.38873], [-72.56424, 19.3949], [-72.58192, 19.3915], [-72.60629, 19.40481], [-72.61541, 19.40203], [-72.61998, 19.40474], [-72.62877, 19.39214], [-72.63534, 19.39311], [-72.63938, 19.39713], [-72.64413, 19.39661], [-72.65277, 19.40357], [-72.67116, 19.39238], [-72.67775, 19.39395], [-72.68524, 19.40316], [-72.702, 19.39337], [-72.7104, 19.40167], [-72.70446, 19.40984], [-72.71744, 19.41519]]]}, "properties": {"atmart_geo_id": "HTC-0513", "pcode": "HT0513", "nom_fr": "L'Estère", "nom_ht": "Lestè", "niveau_admin": "3"}}, {"type": "Feature", "geometry": {"type": "Polygon", "coordinates": [[[-72.35839, 18.97014], [-72.36595, 18.97795], [-72.36615, 18.98468], [-72.37354, 18.98229], [-72.38018, 18.96824], [-72.38919, 18.95943], [-72.3939, 18.94736], [-72.41576, 18.93766], [-72.41754, 18.92356], [-72.42809, 18.91482], [-72.42038, 18.91268], [-72.41482, 18.90363], [-72.40394, 18.90187], [-72.39685, 18.89432], [-72.39222, 18.89323], [-72.38154, 18.87931], [-72.36469, 18.86587], [-72.35627, 18.87023], [-72.32503, 18.86284], [-72.31545, 18.85807], [-72.30089, 18.86382], [-72.28925, 18.86376], [-72.27884, 18.86014], [-72.2646, 18.86202], [-72.25683, 18.85725], [-72.25334, 18.85805], [-72.24684, 18.87176], [-72.24808, 18.8808], [-72.24363, 18.89972], [-72.24967, 18.90901], [-72.24086, 18.91663], [-72.246, 18.91997], [-72.25994, 18.91691], [-72.26679, 18.92159], [-72.27167, 18.91434], [-72.28406, 18.92353], [-72.28867, 18.91996], [-72.30949, 18.93166], [-72.31772, 18.93976], [-72.32565, 18.94237], [-72.33958, 18.95591], [-72.33833, 18.97012], [-72.34292, 18.97309], [-72.34127, 18.97559], [-72.34372, 18.97623], [-72.34942, 18.96797], [-72.35139, 18.9749], [-72.35418, 18.97574], [-72.35839, 18.97014]]]}, "properties": {"atmart_geo_id": "HTC-0533", "pcode": "HT0533", "nom_fr": "La Chapelle", "nom_ht": "Lachapèl", "niveau_admin": "3"}}, {"type": "Feature", "geometry": {"type": "Polygon", "coordinates": [[[-72.79594, 20.08583], [-72.80662, 20.0892], [-72.84444, 20.08568], [-72.86346, 20.08689], [-72.9266, 20.07642], [-72.96772, 20.06493], [-72.96685, 20.06021], [-72.95954, 20.0553], [-72.93868, 20.0522], [-72.90565, 20.04102], [-72.89043, 20.03945], [-72.87526, 20.03279], [-72.81024, 20.02852], [-72.77246, 20.01861], [-72.75753, 20.01169], [-72.71024, 20.00325], [-72.69511, 19.99775], [-72.65918, 19.99693], [-72.64529, 19.99235], [-72.62012, 19.99683], [-72.64063, 20.02223], [-72.66615, 20.03896], [-72.75623, 20.06761], [-72.79594, 20.08583]]]}, "properties": {"atmart_geo_id": "HTC-0912", "pcode": "HT0912", "nom_fr": "La Tortue", "nom_ht": "Latòti", "niveau_admin": "3"}}, {"type": "Feature", "geometry": {"type": "Polygon", "coordinates": [[[-72.76129, 18.28151], [-72.76633, 18.27344], [-72.76375, 18.27137], [-72.76481, 18.26802], [-72.76188, 18.26849], [-72.76054, 18.26468], [-72.76258, 18.26298], [-72.75969, 18.25964], [-72.75172, 18.26419], [-72.74178, 18.26061], [-72.7359, 18.26575], [-72.73012, 18.27825], [-72.72538, 18.27699], [-72.72199, 18.26852], [-72.71657, 18.26565], [-72.7145, 18.26858], [-72.70443, 18.26894], [-72.70402, 18.26309], [-72.69378, 18.26234], [-72.68495, 18.25715], [-72.68128, 18.24423], [-72.66386, 18.24032], [-72.65605, 18.23554], [-72.65104, 18.23674], [-72.64712, 18.24657], [-72.64222, 18.2467], [-72.63761, 18.26031], [-72.6303, 18.26231], [-72.61829, 18.25953], [-72.60628, 18.26039], [-72.60935, 18.26797], [-72.62157, 18.26389], [-72.6266, 18.27049], [-72.63165, 18.26858], [-72.64016, 18.27263], [-72.64143, 18.28343], [-72.63549, 18.28501], [-72.62873, 18.29684], [-72.63064, 18.29967], [-72.62794, 18.3012], [-72.63724, 18.31983], [-72.64859, 18.32607], [-72.65902, 18.32429], [-72.67065, 18.33033], [-72.67476, 18.3249], [-72.68159, 18.32464], [-72.68274, 18.32154], [-72.6874, 18.32264], [-72.68943, 18.31781], [-72.69585, 18.31716], [-72.70297, 18.30804], [-72.71127, 18.30896], [-72.70672, 18.30024], [-72.70711, 18.29655], [-72.71044, 18.296], [-72.71835, 18.30361], [-72.72156, 18.31148], [-72.72804, 18.31283], [-72.73071, 18.31765], [-72.74176, 18.32229], [-72.73842, 18.31455], [-72.74119, 18.30747], [-72.74123, 18.2887], [-72.74575, 18.28772], [-72.74842, 18.29059], [-72.76129, 18.28151]]]}, "properties": {"atmart_geo_id": "HTC-0214", "pcode": "HT0214", "nom_fr": "La Vallée", "nom_ht": "Lavale", "niveau_admin": "3"}}, {"type": "Feature", "geometry": {"type": "Polygon", "coordinates": [[[-72.05222, 19.36982], [-72.05486, 19.37771], [-72.05859, 19.37987], [-72.07045, 19.37009], [-72.07931, 19.36881], [-72.07936, 19.35854], [-72.07507, 19.35917], [-72.06472, 19.35409], [-72.05328, 19.3426], [-72.03639, 19.34098], [-72.03464, 19.33592], [-72.01777, 19.33623], [-72.01037, 19.33228], [-72.00733, 19.32541], [-72.00381, 19.32392], [-71.99195, 19.33289], [-71.97752, 19.3352], [-71.97855, 19.34048], [-71.97072, 19.3399], [-71.97453, 19.35084], [-71.98591, 19.36117], [-71.9857, 19.36603], [-72.0047, 19.35924], [-72.00749, 19.36326], [-72.01363, 19.36069], [-72.01443, 19.36313], [-72.01652, 19.35999], [-72.02934, 19.36357], [-72.0355, 19.35825], [-72.04258, 19.35723], [-72.04895, 19.36112], [-72.05222, 19.36982]]]}, "properties": {"atmart_geo_id": "HTC-0345", "pcode": "HT0345", "nom_fr": "La Victoire", "nom_ht": "La viktwa", "niveau_admin": "3"}}, {"type": "Feature", "geometry": {"type": "Polygon", "coordinates": [[[-71.99203, 18.9061], [-71.99896, 18.90123], [-72.00762, 18.90332], [-72.00819, 18.89913], [-72.01461, 18.89759], [-72.01689, 18.89158], [-72.02124, 18.88991], [-72.02243, 18.88065], [-72.02927, 18.88962], [-72.02841, 18.89372], [-72.03392, 18.89248], [-72.04009, 18.89955], [-72.04555, 18.89733], [-72.05697, 18.90261], [-72.06225, 18.89898], [-72.06499, 18.90134], [-72.06543, 18.89768], [-72.06472, 18.89308], [-72.05944, 18.89163], [-72.04058, 18.87307], [-72.03642, 18.86071], [-72.02482, 18.84269], [-72.00265, 18.82791], [-71.99557, 18.82605], [-71.98192, 18.81275], [-71.97651, 18.81296], [-71.96877, 18.7959], [-71.96973, 18.7922], [-71.96072, 18.77799], [-71.95219, 18.77615], [-71.95002, 18.77301], [-71.94391, 18.77506], [-71.93899, 18.7725], [-71.93617, 18.77401], [-71.93639, 18.77956], [-71.92375, 18.78037], [-71.91888, 18.7838], [-71.89837, 18.78055], [-71.89901, 18.7762], [-71.88213, 18.76706], [-71.86715, 18.76613], [-71.85719, 18.78501], [-71.86879, 18.80174], [-71.8673, 18.81437], [-71.87556, 18.82393], [-71.89208, 18.83341], [-71.9034, 18.85353], [-71.9037, 18.86123], [-71.91351, 18.85855], [-71.91006, 18.85476], [-71.92375, 18.85597], [-71.92312, 18.85257], [-71.92562, 18.85268], [-71.92835, 18.85872], [-71.93198, 18.85416], [-71.9289, 18.85108], [-71.93655, 18.85578], [-71.93897, 18.85118], [-71.94006, 18.85973], [-71.94456, 18.85794], [-71.96098, 18.87294], [-71.9653, 18.87017], [-71.97422, 18.87712], [-71.97914, 18.87745], [-71.98076, 18.87967], [-71.97697, 18.88284], [-71.97913, 18.90051], [-71.99203, 18.9061]]]}, "properties": {"atmart_geo_id": "HTC-0631", "pcode": "HT0631", "nom_fr": "Lascahobas", "nom_ht": "Laskawobas", "niveau_admin": "3"}}, {"type": "Feature", "geometry": {"type": "Polygon", "coordinates": [[[-72.57551, 18.56437], [-72.60483, 18.55976], [-72.62738, 18.55019], [-72.6451, 18.52919], [-72.65238, 18.52451], [-72.65321, 18.51404], [-72.67791, 18.45407], [-72.69387, 18.4394], [-72.70264, 18.43803], [-72.6991, 18.42914], [-72.69245, 18.42788], [-72.68669, 18.4214], [-72.68702, 18.41911], [-72.69276, 18.41815], [-72.6913, 18.41185], [-72.69921, 18.40572], [-72.69432, 18.39945], [-72.69716, 18.39778], [-72.68669, 18.38902], [-72.67927, 18.39015], [-72.68143, 18.38071], [-72.67261, 18.37899], [-72.65585, 18.38465], [-72.66337, 18.37385], [-72.67193, 18.37151], [-72.67385, 18.36348], [-72.68459, 18.35832], [-72.67086, 18.35134], [-72.65288, 18.35218], [-72.65265, 18.3365], [-72.64859, 18.32607], [-72.64195, 18.33064], [-72.64195, 18.34559], [-72.6223, 18.34444], [-72.60826, 18.32287], [-72.60139, 18.3242], [-72.59619, 18.34167], [-72.587, 18.35206], [-72.57989, 18.35268], [-72.56433, 18.34703], [-72.5636, 18.3547], [-72.55275, 18.35194], [-72.55096, 18.36516], [-72.53463, 18.37078], [-72.53121, 18.38252], [-72.52237, 18.38852], [-72.52003, 18.39504], [-72.50733, 18.3989], [-72.50291, 18.40569], [-72.48252, 18.40014], [-72.45545, 18.39738], [-72.45137, 18.39706], [-72.44977, 18.40139], [-72.45332, 18.41626], [-72.45019, 18.42116], [-72.45416, 18.42878], [-72.45224, 18.43327], [-72.45879, 18.44447], [-72.45565, 18.45673], [-72.46587, 18.46432], [-72.46907, 18.47628], [-72.48938, 18.47214], [-72.53106, 18.47172], [-72.53854, 18.47468], [-72.54562, 18.47165], [-72.55188, 18.47289], [-72.56713, 18.48564], [-72.56979, 18.49333], [-72.56922, 18.50927], [-72.56478, 18.51441], [-72.55777, 18.51458], [-72.56141, 18.52221], [-72.54607, 18.54998], [-72.55247, 18.55295], [-72.55339, 18.56087], [-72.57551, 18.56437]]]}, "properties": {"atmart_geo_id": "HTC-0121", "pcode": "HT0121", "nom_fr": "Léogâne", "nom_ht": "Leyogàn", "niveau_admin": "3"}}, {"type": "Feature", "geometry": {"type": "Polygon", "coordinates": [[[-74.21084, 18.40229], [-74.21708, 18.40211], [-74.21746, 18.39202], [-74.22323, 18.38828], [-74.22081, 18.38348], [-74.22289, 18.38005], [-74.24404, 18.37523], [-74.22797, 18.3621], [-74.22971, 18.35547], [-74.22174, 18.33676], [-74.23386, 18.33111], [-74.25159, 18.31021], [-74.22599, 18.31006], [-74.21836, 18.30086], [-74.20909, 18.29724], [-74.19169, 18.29784], [-74.19323, 18.2999], [-74.17385, 18.30728], [-74.17168, 18.30418], [-74.1355, 18.30278], [-74.13467, 18.30985], [-74.12487, 18.31632], [-74.13204, 18.32708], [-74.14769, 18.33126], [-74.14348, 18.34195], [-74.12468, 18.35111], [-74.11472, 18.35274], [-74.10704, 18.37553], [-74.10655, 18.4035], [-74.11823, 18.39684], [-74.12408, 18.39636], [-74.13177, 18.40105], [-74.18109, 18.39202], [-74.19639, 18.39779], [-74.20645, 18.39812], [-74.21084, 18.40229]]]}, "properties": {"atmart_geo_id": "HTC-0752", "pcode": "HT0752", "nom_fr": "Les Anglais", "nom_ht": "Anglè yo", "niveau_admin": "3"}}, {"type": "Feature", "geometry": {"type": "Polygon", "coordinates": [[[-73.7911, 18.33671], [-73.7937, 18.33955], [-73.79146, 18.3468], [-73.80432, 18.35071], [-73.80388, 18.34741], [-73.80963, 18.34605], [-73.80343, 18.33579], [-73.82212, 18.33553], [-73.83282, 18.32467], [-73.82784, 18.29709], [-73.82299, 18.2895], [-73.81569, 18.28829], [-73.81156, 18.28237], [-73.81213, 18.27938], [-73.81701, 18.27779], [-73.81759, 18.27357], [-73.84248, 18.26549], [-73.85762, 18.28399], [-73.8625, 18.28611], [-73.86855, 18.30285], [-73.86959, 18.29966], [-73.87577, 18.29937], [-73.86243, 18.27386], [-73.80623, 18.20609], [-73.80945, 18.20391], [-73.79497, 18.18582], [-73.78892, 18.16963], [-73.76867, 18.18059], [-73.75862, 18.18121], [-73.74794, 18.19079], [-73.73809, 18.19278], [-73.73445, 18.19811], [-73.73001, 18.19906], [-73.73109, 18.20177], [-73.72284, 18.20236], [-73.71827, 18.2104], [-73.70169, 18.21259], [-73.69963, 18.21555], [-73.70276, 18.2207], [-73.69649, 18.23256], [-73.69753, 18.23554], [-73.68495, 18.23856], [-73.68565, 18.24455], [-73.69255, 18.25503], [-73.68392, 18.254], [-73.68066, 18.26413], [-73.68408, 18.26638], [-73.68881, 18.28195], [-73.68212, 18.29028], [-73.68522, 18.30314], [-73.68371, 18.31206], [-73.69888, 18.31822], [-73.70809, 18.31522], [-73.71252, 18.32009], [-73.72272, 18.316], [-73.73251, 18.32435], [-73.73412, 18.33167], [-73.73641, 18.33177], [-73.73963, 18.33022], [-73.73896, 18.3236], [-73.74709, 18.33078], [-73.75109, 18.33059], [-73.76309, 18.325], [-73.77401, 18.31476], [-73.79002, 18.32757], [-73.78862, 18.33503], [-73.7911, 18.33671]]]}, "properties": {"atmart_geo_id": "HTC-0711", "pcode": "HT0711", "nom_fr": "Les Cayes", "nom_ht": "Okay", "niveau_admin": "3"}}, {"type": "Feature", "geometry": {"type": "Polygon", "coordinates": [[[-74.34948, 18.42769], [-74.36193, 18.43603], [-74.36591, 18.44415], [-74.38108, 18.45215], [-74.39765, 18.43877], [-74.39505, 18.43171], [-74.39734, 18.42705], [-74.40816, 18.43649], [-74.40929, 18.44171], [-74.42869, 18.43643], [-74.43529, 18.43854], [-74.44278, 18.42985], [-74.44189, 18.42371], [-74.44674, 18.42501], [-74.45068, 18.4201], [-74.4727, 18.42006], [-74.4804, 18.41553], [-74.46433, 18.41317], [-74.44892, 18.39704], [-74.45214, 18.37998], [-74.44663, 18.36997], [-74.44956, 18.36078], [-74.4462, 18.3577], [-74.4411, 18.35702], [-74.43573, 18.36094], [-74.43675, 18.36627], [-74.43241, 18.3634], [-74.43235, 18.35891], [-74.42309, 18.35716], [-74.41023, 18.36068], [-74.39971, 18.35757], [-74.38787, 18.36286], [-74.35577, 18.36019], [-74.34313, 18.3643], [-74.32992, 18.36087], [-74.32453, 18.36447], [-74.30861, 18.36703], [-74.29609, 18.37901], [-74.29474, 18.38549], [-74.29615, 18.39181], [-74.29392, 18.39474], [-74.30185, 18.40775], [-74.30246, 18.41592], [-74.32126, 18.41828], [-74.33249, 18.41599], [-74.33429, 18.41867], [-74.3442, 18.41962], [-74.34948, 18.42769]]]}, "properties": {"atmart_geo_id": "HTC-0823", "pcode": "HT0823", "nom_fr": "Les Irois", "nom_ht": "Lèziwa", "niveau_admin": "3"}}, {"type": "Feature", "geometry": {"type": "Polygon", "coordinates": [[[-72.36363, 19.71796], [-72.37091, 19.72355], [-72.38361, 19.7255], [-72.38925, 19.71666], [-72.3925, 19.7181], [-72.39837, 19.71448], [-72.39263, 19.70719], [-72.40922, 19.70786], [-72.4109, 19.71328], [-72.4176, 19.7146], [-72.42896, 19.72329], [-72.42881, 19.71972], [-72.43452, 19.71366], [-72.43419, 19.70908], [-72.4464, 19.7004], [-72.44419, 19.69413], [-72.44621, 19.68562], [-72.4605, 19.67713], [-72.45798, 19.67081], [-72.4614, 19.66288], [-72.45122, 19.64293], [-72.4537, 19.62402], [-72.44826, 19.61678], [-72.45192, 19.61081], [-72.44489, 19.60249], [-72.44581, 19.58991], [-72.4438, 19.58555], [-72.42729, 19.57323], [-72.42313, 19.56529], [-72.4034, 19.57725], [-72.40629, 19.58333], [-72.40318, 19.59439], [-72.40629, 19.59859], [-72.40265, 19.60374], [-72.40437, 19.60959], [-72.3958, 19.61093], [-72.39662, 19.63095], [-72.37741, 19.6507], [-72.37213, 19.65167], [-72.37073, 19.6553], [-72.36528, 19.65462], [-72.35893, 19.65784], [-72.36098, 19.66599], [-72.3422, 19.68565], [-72.34146, 19.69112], [-72.35295, 19.70366], [-72.35426, 19.70912], [-72.3616, 19.71248], [-72.36363, 19.71796]]]}, "properties": {"atmart_geo_id": "HTC-0361", "pcode": "HT0361", "nom_fr": "Limbé", "nom_ht": "Lenbe", "niveau_admin": "3"}}, {"type": "Feature", "geometry": {"type": "Polygon", "coordinates": [[[-72.1283, 19.75086], [-72.13282, 19.7524], [-72.13139, 19.74668], [-72.13858, 19.74141], [-72.13491, 19.7203], [-72.14228, 19.70119], [-72.14149, 19.67889], [-72.15583, 19.66354], [-72.15772, 19.65709], [-72.16807, 19.64978], [-72.16635, 19.64653], [-72.17682, 19.63267], [-72.16868, 19.62913], [-72.16707, 19.62396], [-72.1633, 19.62212], [-72.15129, 19.59876], [-72.14718, 19.5987], [-72.14529, 19.59534], [-72.13837, 19.59713], [-72.13276, 19.5895], [-72.12117, 19.58882], [-72.11383, 19.59164], [-72.10575, 19.60299], [-72.11247, 19.61069], [-72.11347, 19.61873], [-72.10835, 19.62278], [-72.11016, 19.63447], [-72.1061, 19.63468], [-72.09349, 19.6262], [-72.0789, 19.63161], [-72.07163, 19.63091], [-72.06565, 19.63542], [-72.06411, 19.64478], [-72.06724, 19.64883], [-72.06453, 19.65162], [-72.0665, 19.65566], [-72.06121, 19.66277], [-72.05869, 19.67316], [-72.06286, 19.68544], [-72.05652, 19.6961], [-72.06468, 19.69659], [-72.06462, 19.69884], [-72.05478, 19.70445], [-72.04679, 19.70166], [-72.03771, 19.70532], [-72.03681, 19.71665], [-72.04026, 19.72074], [-72.03628, 19.72651], [-72.04084, 19.73389], [-72.04743, 19.73767], [-72.04864, 19.7337], [-72.04462, 19.73026], [-72.04763, 19.73128], [-72.05156, 19.72812], [-72.05293, 19.72087], [-72.05676, 19.71732], [-72.06177, 19.71799], [-72.06127, 19.70703], [-72.0674, 19.70669], [-72.06684, 19.70242], [-72.07808, 19.70317], [-72.07619, 19.70882], [-72.0813, 19.70964], [-72.07833, 19.7147], [-72.06437, 19.71346], [-72.06511, 19.71869], [-72.05764, 19.72207], [-72.05556, 19.73166], [-72.07296, 19.73233], [-72.09343, 19.72618], [-72.11475, 19.7301], [-72.12701, 19.74296], [-72.1283, 19.75086]]]}, "properties": {"atmart_geo_id": "HTC-0313", "pcode": "HT0313", "nom_fr": "Limonade", "nom_ht": "Limonad", "niveau_admin": "3"}}, {"type": "Feature", "geometry": {"type": "Polygon", "coordinates": [[[-72.16582, 19.28196], [-72.18301, 19.29386], [-72.20333, 19.30055], [-72.22659, 19.27493], [-72.23116, 19.27512], [-72.23829, 19.2702], [-72.24233, 19.26179], [-72.2391, 19.25193], [-72.24168, 19.2322], [-72.25618, 19.22746], [-72.26576, 19.21608], [-72.25752, 19.20673], [-72.26432, 19.19166], [-72.26089, 19.18769], [-72.2603, 19.17672], [-72.25441, 19.16696], [-72.25507, 19.16112], [-72.2425, 19.15615], [-72.2196, 19.13095], [-72.22078, 19.12724], [-72.24016, 19.11724], [-72.23929, 19.10154], [-72.22508, 19.0862], [-72.21437, 19.08015], [-72.20493, 19.08104], [-72.20093, 19.07823], [-72.19142, 19.08067], [-72.18884, 19.07769], [-72.18794, 19.0869], [-72.18519, 19.08861], [-72.179, 19.08559], [-72.16863, 19.10321], [-72.15089, 19.11025], [-72.13892, 19.10246], [-72.13539, 19.10366], [-72.1252, 19.11876], [-72.12227, 19.13294], [-72.10684, 19.14458], [-72.10635, 19.15257], [-72.0953, 19.16067], [-72.08583, 19.17503], [-72.08381, 19.18953], [-72.08569, 19.19529], [-72.08196, 19.19931], [-72.09315, 19.22516], [-72.10288, 19.22557], [-72.10883, 19.23373], [-72.11991, 19.23919], [-72.12429, 19.24932], [-72.13648, 19.25636], [-72.15482, 19.2589], [-72.15278, 19.26871], [-72.15913, 19.28282], [-72.16582, 19.28196]]]}, "properties": {"atmart_geo_id": "HTC-0612", "pcode": "HT0612", "nom_fr": "Maïssade", "nom_ht": "Mayisad", "niveau_admin": "3"}}, {"type": "Feature", "geometry": {"type": "Polygon", "coordinates": [[[-73.78562, 18.42407], [-73.8213, 18.4129], [-73.81427, 18.40653], [-73.82101, 18.39808], [-73.81542, 18.39405], [-73.81809, 18.38362], [-73.81021, 18.36902], [-73.81053, 18.36393], [-73.81983, 18.357], [-73.81831, 18.35327], [-73.79146, 18.3468], [-73.7937, 18.33955], [-73.78862, 18.33503], [-73.79002, 18.32757], [-73.77401, 18.31476], [-73.76309, 18.325], [-73.75109, 18.33059], [-73.74709, 18.33078], [-73.73896, 18.3236], [-73.73963, 18.33022], [-73.73641, 18.33177], [-73.73412, 18.33167], [-73.73251, 18.32435], [-73.72272, 18.316], [-73.71252, 18.32009], [-73.70809, 18.31522], [-73.69888, 18.31822], [-73.68914, 18.31383], [-73.68847, 18.31947], [-73.69527, 18.32493], [-73.69983, 18.3376], [-73.69452, 18.34865], [-73.68648, 18.35225], [-73.68674, 18.36541], [-73.6933, 18.36688], [-73.69776, 18.3787], [-73.69135, 18.38964], [-73.69724, 18.39919], [-73.69657, 18.40416], [-73.69104, 18.40906], [-73.70234, 18.42007], [-73.70695, 18.42111], [-73.72146, 18.41473], [-73.73779, 18.41599], [-73.74349, 18.42059], [-73.75916, 18.4235], [-73.771, 18.41768], [-73.78002, 18.42395], [-73.78562, 18.42407]]]}, "properties": {"atmart_geo_id": "HTC-0715", "pcode": "HT0715", "nom_fr": "Maniche", "nom_ht": "Manich", "niveau_admin": "3"}}, {"type": "Feature", "geometry": {"type": "Polygon", "coordinates": [[[-72.25475, 18.35766], [-72.28064, 18.35438], [-72.2893, 18.34201], [-72.31005, 18.34006], [-72.32682, 18.34105], [-72.33956, 18.34812], [-72.36477, 18.35298], [-72.3621, 18.34297], [-72.37286, 18.336], [-72.37383, 18.32389], [-72.36787, 18.31509], [-72.37281, 18.30346], [-72.36855, 18.29926], [-72.36621, 18.28833], [-72.36883, 18.27441], [-72.35997, 18.26202], [-72.35731, 18.23174], [-72.35023, 18.23437], [-72.34546, 18.23119], [-72.33773, 18.2344], [-72.32682, 18.23026], [-72.31643, 18.2312], [-72.30621, 18.22372], [-72.29907, 18.22219], [-72.27486, 18.22848], [-72.24571, 18.22768], [-72.24112, 18.22322], [-72.22407, 18.22224], [-72.221, 18.25137], [-72.23061, 18.26817], [-72.22694, 18.27963], [-72.23231, 18.29656], [-72.22933, 18.30438], [-72.24049, 18.32751], [-72.23573, 18.33651], [-72.25342, 18.35218], [-72.25475, 18.35766]]]}, "properties": {"atmart_geo_id": "HTC-0212", "pcode": "HT0212", "nom_fr": "Marigot", "nom_ht": "Marigo", "niveau_admin": "3"}}, {"type": "Feature", "geometry": {"type": "Polygon", "coordinates": [[[-72.3643, 19.59074], [-72.37455, 19.59024], [-72.38119, 19.58553], [-72.39056, 19.573], [-72.39019, 19.56612], [-72.3932, 19.56217], [-72.41183, 19.57135], [-72.42313, 19.56529], [-72.4248, 19.55888], [-72.41507, 19.54508], [-72.41764, 19.53946], [-72.42476, 19.52978], [-72.43321, 19.52531], [-72.44002, 19.52812], [-72.44193, 19.52282], [-72.4472, 19.52139], [-72.44392, 19.51556], [-72.43942, 19.51281], [-72.43539, 19.51505], [-72.43182, 19.50839], [-72.41666, 19.50049], [-72.40968, 19.48436], [-72.40405, 19.48059], [-72.40349, 19.47224], [-72.41274, 19.46985], [-72.41649, 19.46332], [-72.40216, 19.46164], [-72.39299, 19.46711], [-72.38713, 19.46658], [-72.3798, 19.47022], [-72.3731, 19.46361], [-72.36347, 19.47707], [-72.35753, 19.477], [-72.35796, 19.48318], [-72.35462, 19.48346], [-72.35338, 19.4898], [-72.34746, 19.48648], [-72.33378, 19.48859], [-72.33007, 19.48376], [-72.32071, 19.48456], [-72.31868, 19.48726], [-72.32539, 19.48975], [-72.32602, 19.50052], [-72.33161, 19.50548], [-72.32709, 19.51049], [-72.32208, 19.51101], [-72.32545, 19.52662], [-72.33119, 19.53251], [-72.32502, 19.53949], [-72.32304, 19.55431], [-72.31912, 19.55874], [-72.32779, 19.5721], [-72.35907, 19.57265], [-72.36217, 19.56734], [-72.3666, 19.5661], [-72.36636, 19.57654], [-72.35922, 19.58179], [-72.3591, 19.5856], [-72.3643, 19.59074]]]}, "properties": {"atmart_geo_id": "HTC-0552", "pcode": "HT0552", "nom_fr": "Marmelade", "nom_ht": "Mamelad", "niveau_admin": "3"}}, {"type": "Feature", "geometry": {"type": "Polygon", "coordinates": [[[-72.21806, 19.72084], [-72.22351, 19.72309], [-72.23381, 19.71836], [-72.24263, 19.69696], [-72.24044, 19.69097], [-72.23267, 19.68497], [-72.23191, 19.67986], [-72.23341, 19.66876], [-72.24537, 19.65077], [-72.24494, 19.64254], [-72.24987, 19.63942], [-72.25032, 19.63272], [-72.24565, 19.62157], [-72.24623, 19.61469], [-72.23725, 19.6071], [-72.23315, 19.60707], [-72.23095, 19.60258], [-72.23599, 19.58388], [-72.24734, 19.5721], [-72.24405, 19.57051], [-72.20443, 19.59624], [-72.20704, 19.60391], [-72.19937, 19.60701], [-72.20032, 19.61272], [-72.18901, 19.62106], [-72.19779, 19.62389], [-72.19515, 19.64657], [-72.18869, 19.64773], [-72.18717, 19.6545], [-72.19287, 19.65778], [-72.19327, 19.66338], [-72.18745, 19.67717], [-72.18617, 19.69911], [-72.19858, 19.70352], [-72.19891, 19.70997], [-72.21806, 19.72084]]]}, "properties": {"atmart_geo_id": "HTC-0323", "pcode": "HT0323", "nom_fr": "Milot", "nom_ht": "Milo", "niveau_admin": "3"}}, {"type": "Feature", "geometry": {"type": "Polygon", "coordinates": [[[-73.05668, 18.46125], [-73.06336, 18.45711], [-73.06978, 18.45806], [-73.07445, 18.44653], [-73.0848, 18.44949], [-73.09026, 18.44696], [-73.09148, 18.44289], [-73.10515, 18.44662], [-73.10713, 18.44979], [-73.11038, 18.44865], [-73.10836, 18.43965], [-73.10302, 18.43609], [-73.11386, 18.42773], [-73.11026, 18.42313], [-73.11495, 18.41903], [-73.11173, 18.41083], [-73.12171, 18.38848], [-73.12938, 18.3859], [-73.13779, 18.38807], [-73.14927, 18.38459], [-73.15583, 18.3878], [-73.15534, 18.37971], [-73.15136, 18.37521], [-73.15328, 18.36685], [-73.15114, 18.36282], [-73.15889, 18.35445], [-73.16306, 18.35545], [-73.16832, 18.36242], [-73.17452, 18.35755], [-73.1645, 18.35056], [-73.15658, 18.3502], [-73.14163, 18.36474], [-73.12519, 18.35886], [-73.11859, 18.36297], [-73.11466, 18.36052], [-73.11046, 18.36185], [-73.10045, 18.35305], [-73.09679, 18.34498], [-73.08054, 18.33471], [-73.08001, 18.3294], [-73.07236, 18.32727], [-73.07346, 18.32986], [-73.07103, 18.33138], [-73.06959, 18.32715], [-73.07201, 18.3228], [-73.06831, 18.32292], [-73.05937, 18.30303], [-73.05588, 18.3006], [-73.0523, 18.30286], [-73.04993, 18.29966], [-73.04693, 18.30246], [-73.04222, 18.30035], [-73.0468, 18.29675], [-73.04381, 18.29437], [-73.05236, 18.28699], [-73.04839, 18.28007], [-73.04235, 18.27717], [-73.0408, 18.2717], [-73.04299, 18.27067], [-73.03798, 18.2702], [-73.03866, 18.26268], [-73.04165, 18.25968], [-73.03591, 18.25943], [-73.03781, 18.25652], [-73.02992, 18.25114], [-73.03069, 18.24056], [-73.01669, 18.23665], [-73.02282, 18.22519], [-73.01427, 18.22761], [-73.01678, 18.22328], [-73.01289, 18.22184], [-73.00883, 18.24056], [-73.01202, 18.24782], [-73.00903, 18.25237], [-73.01562, 18.2611], [-73.01289, 18.27926], [-73.01017, 18.28798], [-72.99806, 18.29873], [-72.99492, 18.30592], [-72.99532, 18.31971], [-73.0006, 18.32905], [-73.00929, 18.33313], [-73.01726, 18.34165], [-73.02015, 18.34851], [-73.01372, 18.3525], [-73.01089, 18.36065], [-73.01469, 18.3669], [-73.02557, 18.37467], [-73.01901, 18.38311], [-73.0297, 18.38901], [-73.0396, 18.40707], [-73.03743, 18.40918], [-73.0463, 18.41778], [-73.05374, 18.43221], [-73.0519, 18.43554], [-73.04457, 18.4375], [-73.05477, 18.45237], [-73.05068, 18.46108], [-73.05668, 18.46125]]]}, "properties": {"atmart_geo_id": "HTC-1011", "pcode": "HT1011", "nom_fr": "Miragoâne", "nom_ht": "Miragwàn", "niveau_admin": "3"}}, {"type": "Feature", "geometry": {"type": "Polygon", "coordinates": [[[-72.05072, 18.88283], [-72.05944, 18.89163], [-72.06472, 18.89308], [-72.06499, 18.90134], [-72.0749, 18.90683], [-72.08699, 18.89295], [-72.08854, 18.88118], [-72.09186, 18.88344], [-72.10046, 18.87805], [-72.10114, 18.87593], [-72.09584, 18.87345], [-72.09562, 18.86112], [-72.0837, 18.85907], [-72.08637, 18.85204], [-72.09604, 18.84671], [-72.09921, 18.83882], [-72.10608, 18.83944], [-72.10856, 18.84377], [-72.1172, 18.84672], [-72.12694, 18.84306], [-72.12831, 18.85628], [-72.13658, 18.86187], [-72.14094, 18.85952], [-72.14241, 18.84914], [-72.1564, 18.84431], [-72.16232, 18.83877], [-72.15537, 18.82857], [-72.15851, 18.80655], [-72.16547, 18.79828], [-72.17555, 18.7971], [-72.17729, 18.78469], [-72.18198, 18.77828], [-72.17514, 18.77202], [-72.17694, 18.76754], [-72.17447, 18.76221], [-72.17658, 18.76029], [-72.18696, 18.76524], [-72.18997, 18.75646], [-72.20117, 18.74184], [-72.1973, 18.73218], [-72.16658, 18.70265], [-72.14722, 18.69468], [-72.12721, 18.7064], [-72.11552, 18.70361], [-72.10984, 18.70831], [-72.09172, 18.71056], [-72.0869, 18.71374], [-72.08398, 18.72705], [-72.07355, 18.73669], [-72.06814, 18.72076], [-72.05675, 18.71878], [-72.03754, 18.72096], [-72.02759, 18.72692], [-72.01708, 18.72417], [-72.00944, 18.73699], [-72.00593, 18.73514], [-72.00531, 18.73007], [-71.98854, 18.73772], [-71.97786, 18.73411], [-71.9711, 18.74684], [-71.97625, 18.74683], [-71.97469, 18.75553], [-71.99525, 18.76889], [-71.99496, 18.78013], [-71.98801, 18.77912], [-71.96126, 18.76357], [-71.95353, 18.7619], [-71.94488, 18.75319], [-71.9386, 18.75287], [-71.94381, 18.76603], [-71.95219, 18.77615], [-71.96318, 18.78009], [-71.97651, 18.81296], [-71.98192, 18.81275], [-71.99557, 18.82605], [-72.00265, 18.82791], [-72.02482, 18.84269], [-72.03642, 18.86071], [-72.04058, 18.87307], [-72.05072, 18.88283]]]}, "properties": {"atmart_geo_id": "HTC-0621", "pcode": "HT0621", "nom_fr": "Mirebalais", "nom_ht": "Mibalè", "niveau_admin": "3"}}, {"type": "Feature", "geometry": {"type": "Polygon", "coordinates": [[[-73.27595, 19.86424], [-73.30355, 19.85772], [-73.3442, 19.83708], [-73.36708, 19.84597], [-73.38327, 19.84149], [-73.40417, 19.84371], [-73.4104, 19.84095], [-73.42146, 19.82898], [-73.42006, 19.82377], [-73.41316, 19.82044], [-73.40767, 19.82364], [-73.38329, 19.81819], [-73.37403, 19.82016], [-73.36411, 19.83537], [-73.3599, 19.83355], [-73.36827, 19.82096], [-73.36972, 19.81178], [-73.37344, 19.80839], [-73.37894, 19.80906], [-73.38524, 19.79936], [-73.40162, 19.79676], [-73.41025, 19.79102], [-73.41797, 19.79154], [-73.42142, 19.79664], [-73.42492, 19.79676], [-73.44348, 19.76796], [-73.45262, 19.75974], [-73.45576, 19.73917], [-73.45518, 19.69736], [-73.45299, 19.68739], [-73.44685, 19.68001], [-73.44303, 19.67755], [-73.43666, 19.67938], [-73.42462, 19.69301], [-73.41346, 19.69678], [-73.40774, 19.72682], [-73.40058, 19.73842], [-73.39547, 19.73994], [-73.38724, 19.73176], [-73.37776, 19.72837], [-73.37915, 19.73764], [-73.37667, 19.74547], [-73.3587, 19.75191], [-73.34756, 19.74951], [-73.31941, 19.76107], [-73.3164, 19.76856], [-73.30877, 19.77228], [-73.28133, 19.74474], [-73.28228, 19.73889], [-73.26853, 19.72846], [-73.26324, 19.7189], [-73.25499, 19.71236], [-73.2425, 19.7182], [-73.23416, 19.72744], [-73.22805, 19.72859], [-73.21483, 19.73829], [-73.22412, 19.75485], [-73.24028, 19.75104], [-73.24965, 19.77097], [-73.25493, 19.7726], [-73.26363, 19.79618], [-73.26325, 19.80175], [-73.25942, 19.80368], [-73.26015, 19.82058], [-73.2704, 19.82679], [-73.26774, 19.833], [-73.26876, 19.83903], [-73.2654, 19.84161], [-73.27172, 19.84998], [-73.27595, 19.86424]]]}, "properties": {"atmart_geo_id": "HTC-0931", "pcode": "HT0931", "nom_fr": "Môle Saint Nicolas", "nom_ht": "Mòl Sen Nikola", "niveau_admin": "3"}}, {"type": "Feature", "geometry": {"type": "Polygon", "coordinates": [[[-72.00201, 19.41383], [-72.01068, 19.41781], [-72.02284, 19.41177], [-72.00762, 19.39972], [-71.99476, 19.38032], [-71.98894, 19.3686], [-71.99014, 19.36616], [-71.9857, 19.36603], [-71.98591, 19.36117], [-71.97453, 19.35084], [-71.97072, 19.3399], [-71.97855, 19.34048], [-71.97752, 19.3352], [-71.98225, 19.33326], [-71.96159, 19.31372], [-71.94184, 19.30824], [-71.91406, 19.30557], [-71.91389, 19.30082], [-71.90696, 19.29412], [-71.90927, 19.28873], [-71.9028, 19.28429], [-71.90076, 19.27545], [-71.87946, 19.27467], [-71.86561, 19.27991], [-71.84631, 19.26654], [-71.77386, 19.26015], [-71.77611, 19.26723], [-71.77226, 19.26747], [-71.76535, 19.27591], [-71.78301, 19.28497], [-71.78115, 19.28814], [-71.7865, 19.2902], [-71.79686, 19.30949], [-71.8022, 19.31159], [-71.80548, 19.30932], [-71.80811, 19.31225], [-71.80682, 19.31662], [-71.81407, 19.32754], [-71.83561, 19.34374], [-71.83188, 19.34624], [-71.83749, 19.35673], [-71.84862, 19.3581], [-71.84925, 19.36162], [-71.8545, 19.36423], [-71.86271, 19.38409], [-71.87472, 19.3853], [-71.86964, 19.38824], [-71.87432, 19.39451], [-71.88888, 19.38822], [-71.8962, 19.3887], [-71.90315, 19.38003], [-71.91333, 19.37438], [-71.91662, 19.36712], [-71.92154, 19.36429], [-71.92022, 19.36019], [-71.92304, 19.35657], [-71.92865, 19.37415], [-71.92864, 19.38807], [-71.93464, 19.39257], [-71.95147, 19.38766], [-71.95587, 19.39004], [-71.96172, 19.40022], [-71.97484, 19.40872], [-71.98347, 19.40869], [-71.98816, 19.40415], [-71.99213, 19.4098], [-72.00201, 19.41383]]]}, "properties": {"atmart_geo_id": "HTC-0443", "pcode": "HT0443", "nom_fr": "Mombin Crochu", "nom_ht": "Monben Krochi", "niveau_admin": "3"}}, {"type": "Feature", "geometry": {"type": "Polygon", "coordinates": [[[-71.82265, 19.43909], [-71.83229, 19.44275], [-71.83765, 19.44123], [-71.84381, 19.43546], [-71.84169, 19.42678], [-71.85319, 19.42413], [-71.85343, 19.42122], [-71.85823, 19.41936], [-71.85964, 19.41241], [-71.85473, 19.40611], [-71.85122, 19.4073], [-71.84493, 19.40042], [-71.84032, 19.40021], [-71.83161, 19.38941], [-71.8318, 19.38531], [-71.8268, 19.38389], [-71.82535, 19.3739], [-71.81897, 19.36632], [-71.81472, 19.3652], [-71.81332, 19.35787], [-71.80829, 19.35612], [-71.80588, 19.3464], [-71.79849, 19.33491], [-71.78583, 19.3318], [-71.77225, 19.33862], [-71.75266, 19.33975], [-71.74826, 19.35364], [-71.72446, 19.36666], [-71.71819, 19.36292], [-71.7141, 19.37174], [-71.70333, 19.36488], [-71.7013, 19.35964], [-71.69373, 19.36042], [-71.69399, 19.36873], [-71.69103, 19.37188], [-71.6946, 19.3824], [-71.71044, 19.38402], [-71.71959, 19.38832], [-71.72621, 19.38697], [-71.74187, 19.39949], [-71.75836, 19.40332], [-71.77958, 19.41753], [-71.79853, 19.44023], [-71.80657, 19.44187], [-71.82265, 19.43909]]]}, "properties": {"atmart_geo_id": "HTC-0423", "pcode": "HT0423", "nom_fr": "Mont-Organisé", "nom_ht": "Montòganize", "niveau_admin": "3"}}, {"type": "Feature", "geometry": {"type": "Polygon", "coordinates": [[[-74.25925, 18.59365], [-74.26564, 18.59463], [-74.27566, 18.58824], [-74.27922, 18.5786], [-74.28842, 18.56645], [-74.28689, 18.54959], [-74.29982, 18.54178], [-74.29533, 18.53877], [-74.29512, 18.53211], [-74.30388, 18.5156], [-74.30721, 18.50087], [-74.31263, 18.4936], [-74.31157, 18.48629], [-74.31525, 18.47881], [-74.31146, 18.47298], [-74.31093, 18.46162], [-74.30442, 18.45864], [-74.30801, 18.446], [-74.31511, 18.43895], [-74.31402, 18.42875], [-74.32753, 18.42777], [-74.33429, 18.41867], [-74.33249, 18.41599], [-74.32126, 18.41828], [-74.30246, 18.41592], [-74.30334, 18.41153], [-74.29633, 18.39595], [-74.27701, 18.38136], [-74.26507, 18.38137], [-74.26034, 18.37649], [-74.25025, 18.3748], [-74.22289, 18.38005], [-74.22081, 18.38348], [-74.22323, 18.38828], [-74.21746, 18.39202], [-74.21499, 18.40396], [-74.2189, 18.40652], [-74.21696, 18.41914], [-74.2253, 18.43901], [-74.22173, 18.45434], [-74.21648, 18.46053], [-74.22044, 18.4652], [-74.23567, 18.45751], [-74.24193, 18.45729], [-74.24476, 18.45864], [-74.24586, 18.46803], [-74.25334, 18.47767], [-74.24145, 18.49408], [-74.22779, 18.50235], [-74.23327, 18.51049], [-74.22999, 18.51718], [-74.23073, 18.52544], [-74.22466, 18.53485], [-74.22358, 18.55195], [-74.22891, 18.57985], [-74.24126, 18.58891], [-74.25925, 18.59365]]]}, "properties": {"atmart_geo_id": "HTC-0814", "pcode": "HT0814", "nom_fr": "Moron", "nom_ht": "Mowon", "niveau_admin": "3"}}, {"type": "Feature", "geometry": {"type": "Polygon", "coordinates": [[[-71.7963, 19.58378], [-71.80389, 19.59279], [-71.81836, 19.58489], [-71.81682, 19.57368], [-71.8094, 19.56957], [-71.80938, 19.56406], [-71.80535, 19.56388], [-71.80982, 19.55698], [-71.81352, 19.55939], [-71.81576, 19.55445], [-71.82067, 19.55512], [-71.81972, 19.55098], [-71.8226, 19.54998], [-71.82461, 19.54276], [-71.82072, 19.54031], [-71.82256, 19.53344], [-71.83338, 19.52515], [-71.83664, 19.51698], [-71.83856, 19.5056], [-71.83604, 19.48976], [-71.83818, 19.48536], [-71.82811, 19.47565], [-71.83143, 19.46888], [-71.83909, 19.46277], [-71.84704, 19.4478], [-71.83942, 19.43958], [-71.83229, 19.44275], [-71.8217, 19.43844], [-71.80657, 19.44187], [-71.79853, 19.44023], [-71.77958, 19.41753], [-71.75836, 19.40332], [-71.75202, 19.40348], [-71.7508, 19.42418], [-71.7412, 19.43756], [-71.73144, 19.44273], [-71.73165, 19.44609], [-71.73572, 19.44646], [-71.73441, 19.45045], [-71.72528, 19.44946], [-71.72686, 19.46375], [-71.71126, 19.46656], [-71.71029, 19.46973], [-71.71492, 19.47986], [-71.70532, 19.49243], [-71.70438, 19.49954], [-71.70707, 19.51697], [-71.71712, 19.52938], [-71.71852, 19.53685], [-71.71257, 19.54204], [-71.71196, 19.54906], [-71.71976, 19.56212], [-71.74316, 19.58478], [-71.74347, 19.58859], [-71.76848, 19.58751], [-71.77077, 19.58395], [-71.78192, 19.58609], [-71.78518, 19.58149], [-71.7861, 19.58365], [-71.79586, 19.58161], [-71.7963, 19.58378]]]}, "properties": {"atmart_geo_id": "HTC-0421", "pcode": "HT0421", "nom_fr": "Ouanaminthe", "nom_ht": "Wanament", "niveau_admin": "3"}}, {"type": "Feature", "geometry": {"type": "Polygon", "coordinates": [[[-73.11048, 18.4479], [-73.13248, 18.44754], [-73.13615, 18.44362], [-73.13284, 18.44058], [-73.14312, 18.43161], [-73.15151, 18.43693], [-73.18276, 18.43672], [-73.19378, 18.44297], [-73.19665, 18.43154], [-73.18717, 18.42601], [-73.19215, 18.41875], [-73.19658, 18.4242], [-73.20579, 18.42586], [-73.21912, 18.42526], [-73.22118, 18.42342], [-73.21822, 18.42037], [-73.22067, 18.4188], [-73.22821, 18.42357], [-73.23862, 18.42017], [-73.24808, 18.42874], [-73.25178, 18.41661], [-73.25465, 18.41654], [-73.25991, 18.40707], [-73.25351, 18.40428], [-73.2269, 18.40357], [-73.2223, 18.39761], [-73.21534, 18.39842], [-73.21245, 18.39506], [-73.20076, 18.39661], [-73.18923, 18.38795], [-73.18555, 18.39009], [-73.17077, 18.38728], [-73.15905, 18.39136], [-73.14927, 18.38459], [-73.13779, 18.38807], [-73.12938, 18.3859], [-73.12171, 18.38848], [-73.11173, 18.41083], [-73.11495, 18.41903], [-73.11026, 18.42313], [-73.11386, 18.42773], [-73.10302, 18.43609], [-73.10836, 18.43965], [-73.11048, 18.4479]]]}, "properties": {"atmart_geo_id": "HTC-1014", "pcode": "HT1014", "nom_fr": "Paillant", "nom_ht": "Payan", "niveau_admin": "3"}}, {"type": "Feature", "geometry": {"type": "Polygon", "coordinates": [[[-71.94507, 19.55078], [-71.95195, 19.54814], [-71.95635, 19.54025], [-71.97304, 19.54107], [-71.97753, 19.53732], [-71.96391, 19.52294], [-71.97004, 19.51164], [-71.96625, 19.50071], [-71.95083, 19.49481], [-71.93787, 19.47963], [-71.91869, 19.49866], [-71.91105, 19.49969], [-71.90805, 19.49682], [-71.89515, 19.50037], [-71.89485, 19.51255], [-71.89094, 19.52274], [-71.8945, 19.52627], [-71.89478, 19.53412], [-71.89681, 19.53093], [-71.90784, 19.52847], [-71.93535, 19.54999], [-71.94507, 19.55078]]]}, "properties": {"atmart_geo_id": "HTC-0413", "pcode": "HT0413", "nom_fr": "Perches", "nom_ht": "Pèch", "niveau_admin": "3"}}, {"type": "Feature", "geometry": {"type": "MultiPolygon", "coordinates": [[[[-73.83367, 18.56632], [-73.83724, 18.56697], [-73.83879, 18.56248], [-73.84837, 18.55546], [-73.85531, 18.53452], [-73.85505, 18.52667], [-73.8697, 18.50786], [-73.87199, 18.4929], [-73.88337, 18.487], [-73.89128, 18.49061], [-73.89628, 18.47848], [-73.90741, 18.47638], [-73.91703, 18.4676], [-73.92215, 18.46659], [-73.92999, 18.45579], [-73.93077, 18.4417], [-73.93515, 18.42798], [-73.93275, 18.42286], [-73.94031, 18.40915], [-73.93977, 18.39882], [-73.9273, 18.39431], [-73.93214, 18.38273], [-73.93994, 18.37528], [-73.93993, 18.37017], [-73.93533, 18.36732], [-73.90658, 18.3622], [-73.8947, 18.36374], [-73.89294, 18.37537], [-73.89789, 18.37706], [-73.9062, 18.38924], [-73.90569, 18.39902], [-73.90343, 18.40062], [-73.87864, 18.40739], [-73.84288, 18.40677], [-73.78002, 18.42395], [-73.7789, 18.4413], [-73.7758, 18.44222], [-73.77487, 18.45417], [-73.76629, 18.45947], [-73.76546, 18.46545], [-73.73906, 18.48149], [-73.73851, 18.48627], [-73.74237, 18.48929], [-73.76169, 18.49421], [-73.76881, 18.49898], [-73.76533, 18.50611], [-73.75394, 18.51712], [-73.74328, 18.52324], [-73.73739, 18.5361], [-73.73152, 18.54072], [-73.73553, 18.54585], [-73.73161, 18.54971], [-73.75185, 18.54548], [-73.75303, 18.54246], [-73.75804, 18.54488], [-73.76262, 18.5399], [-73.76499, 18.54411], [-73.77191, 18.54174], [-73.77308, 18.53848], [-73.77368, 18.54049], [-73.77608, 18.53921], [-73.77517, 18.54226], [-73.77808, 18.53929], [-73.77676, 18.5359], [-73.78309, 18.53999], [-73.78842, 18.53855], [-73.78989, 18.535], [-73.78873, 18.54008], [-73.79271, 18.54486], [-73.79088, 18.54575], [-73.79588, 18.54565], [-73.79355, 18.54836], [-73.79741, 18.54605], [-73.79669, 18.54953], [-73.80184, 18.55228], [-73.80374, 18.54951], [-73.80329, 18.55345], [-73.80639, 18.55588], [-73.81199, 18.55819], [-73.81484, 18.55651], [-73.81411, 18.56108], [-73.81724, 18.55724], [-73.82201, 18.5628], [-73.82558, 18.5606], [-73.83223, 18.56537], [-73.83456, 18.56347], [-73.83367, 18.56632]]], [[[-73.75492, 18.64331], [-73.76653, 18.64314], [-73.79375, 18.62624], [-73.7966, 18.62084], [-73.79676, 18.60324], [-73.79198, 18.59785], [-73.77563, 18.59504], [-73.77319, 18.5913], [-73.77054, 18.5942], [-73.7612, 18.59302], [-73.76141, 18.59017], [-73.75497, 18.5845], [-73.74758, 18.58504], [-73.74395, 18.58174], [-73.73271, 18.58427], [-73.71858, 18.59209], [-73.70124, 18.60803], [-73.69868, 18.6187], [-73.70311, 18.62715], [-73.73275, 18.63559], [-73.74479, 18.64271], [-73.75492, 18.64331]]]]}, "properties": {"atmart_geo_id": "HTC-0834", "pcode": "HT0834", "nom_fr": "Pestel", "nom_ht": "Pestèl", "niveau_admin": "3"}}, {"type": "Feature", "geometry": {"type": "Polygon", "coordinates": [[[-72.25708, 18.54946], [-72.26166, 18.54891], [-72.26286, 18.54474], [-72.2656, 18.54587], [-72.26701, 18.54152], [-72.27901, 18.53325], [-72.28166, 18.52287], [-72.2838, 18.52213], [-72.28759, 18.52833], [-72.30195, 18.53024], [-72.3014, 18.52748], [-72.30715, 18.52508], [-72.30622, 18.52118], [-72.31045, 18.51156], [-72.31527, 18.5076], [-72.32907, 18.50258], [-72.35185, 18.49937], [-72.35124, 18.49161], [-72.36499, 18.48846], [-72.36414, 18.48101], [-72.36735, 18.47807], [-72.36516, 18.47104], [-72.37124, 18.46624], [-72.37483, 18.4668], [-72.3744, 18.46423], [-72.36208, 18.45715], [-72.35577, 18.45994], [-72.34951, 18.45625], [-72.34237, 18.45855], [-72.32081, 18.44487], [-72.31022, 18.44609], [-72.29644, 18.47566], [-72.30321, 18.48034], [-72.29245, 18.4851], [-72.29185, 18.4768], [-72.28782, 18.47347], [-72.28265, 18.46066], [-72.26679, 18.45808], [-72.26219, 18.46014], [-72.25833, 18.45721], [-72.24749, 18.46005], [-72.23648, 18.46799], [-72.23614, 18.46093], [-72.23025, 18.45821], [-72.22465, 18.45062], [-72.22633, 18.44803], [-72.2305, 18.44903], [-72.23066, 18.4425], [-72.2268, 18.44235], [-72.21884, 18.42983], [-72.21296, 18.42826], [-72.21186, 18.42025], [-72.2045, 18.42501], [-72.20196, 18.42167], [-72.17827, 18.41765], [-72.17246, 18.42406], [-72.1727, 18.42951], [-72.16493, 18.42976], [-72.16677, 18.43373], [-72.17092, 18.43206], [-72.17384, 18.4352], [-72.17862, 18.4301], [-72.17951, 18.43474], [-72.17376, 18.43897], [-72.17547, 18.44625], [-72.15958, 18.45225], [-72.15936, 18.4688], [-72.16823, 18.4687], [-72.16607, 18.47364], [-72.17112, 18.47461], [-72.1687, 18.47684], [-72.17351, 18.48231], [-72.17761, 18.48044], [-72.17562, 18.48335], [-72.17805, 18.48499], [-72.1827, 18.47994], [-72.18376, 18.48341], [-72.18763, 18.48326], [-72.18896, 18.48976], [-72.20739, 18.51042], [-72.2104, 18.52172], [-72.22338, 18.53945], [-72.22796, 18.53646], [-72.2374, 18.54639], [-72.23943, 18.5451], [-72.23835, 18.54046], [-72.24468, 18.53654], [-72.24782, 18.54252], [-72.25708, 18.54946]]]}, "properties": {"atmart_geo_id": "HTC-0114", "pcode": "HT0114", "nom_fr": "Pétion-Ville", "nom_ht": "Petyonvil", "niveau_admin": "3"}}, {"type": "Feature", "geometry": {"type": "Polygon", "coordinates": [[[-72.98708, 18.46796], [-73.00179, 18.46389], [-73.02703, 18.46524], [-73.03295, 18.46266], [-73.04231, 18.4648], [-73.0441, 18.46128], [-73.05068, 18.46108], [-73.05446, 18.45414], [-73.04457, 18.4375], [-73.0519, 18.43554], [-73.05374, 18.43221], [-73.0463, 18.41778], [-73.03743, 18.40918], [-73.0396, 18.40707], [-73.0297, 18.38901], [-73.01901, 18.38311], [-73.02557, 18.37467], [-73.01469, 18.3669], [-73.01089, 18.36065], [-73.01372, 18.3525], [-73.02015, 18.34851], [-73.01726, 18.34165], [-72.99668, 18.32401], [-72.99369, 18.32703], [-72.98682, 18.32085], [-72.98412, 18.30461], [-72.97742, 18.29863], [-72.97517, 18.28777], [-72.96465, 18.27737], [-72.95824, 18.27839], [-72.95291, 18.29347], [-72.94287, 18.29436], [-72.94064, 18.29049], [-72.93482, 18.29285], [-72.92948, 18.28668], [-72.92312, 18.28987], [-72.8996, 18.29155], [-72.8897, 18.29512], [-72.89621, 18.28775], [-72.89493, 18.28633], [-72.89109, 18.28251], [-72.88311, 18.28139], [-72.88387, 18.27651], [-72.86658, 18.2637], [-72.85339, 18.2583], [-72.85065, 18.26344], [-72.85607, 18.2736], [-72.85627, 18.2812], [-72.83144, 18.28226], [-72.82753, 18.28935], [-72.83353, 18.29788], [-72.84535, 18.29997], [-72.83915, 18.30898], [-72.8365, 18.3083], [-72.83633, 18.31141], [-72.82917, 18.31423], [-72.83215, 18.319], [-72.84892, 18.32717], [-72.84295, 18.33894], [-72.84356, 18.34774], [-72.82537, 18.3531], [-72.83137, 18.3648], [-72.82451, 18.36847], [-72.82086, 18.36925], [-72.81587, 18.35989], [-72.80875, 18.35913], [-72.8058, 18.36433], [-72.8081, 18.3699], [-72.81456, 18.36978], [-72.8215, 18.37588], [-72.8142, 18.38916], [-72.81679, 18.42067], [-72.82553, 18.42548], [-72.83374, 18.44328], [-72.85562, 18.44356], [-72.87527, 18.42555], [-72.89185, 18.42448], [-72.90275, 18.4411], [-72.90056, 18.4434], [-72.89001, 18.44237], [-72.89763, 18.4485], [-72.91156, 18.449], [-72.91539, 18.45288], [-72.9314, 18.45805], [-72.93458, 18.4567], [-72.96288, 18.46463], [-72.98311, 18.46526], [-72.98708, 18.46796]]]}, "properties": {"atmart_geo_id": "HTC-0122", "pcode": "HT0122", "nom_fr": "Petit-Goâve", "nom_ht": "Tigwav", "niveau_admin": "3"}}, {"type": "Feature", "geometry": {"type": "Polygon", "coordinates": [[[-73.52052, 18.52924], [-73.52583, 18.52573], [-73.52566, 18.51895], [-73.52813, 18.51756], [-73.53189, 18.52068], [-73.53017, 18.52296], [-73.53891, 18.52403], [-73.5363, 18.52117], [-73.54823, 18.52048], [-73.55905, 18.50986], [-73.56278, 18.50902], [-73.56403, 18.51297], [-73.56411, 18.50809], [-73.56751, 18.50918], [-73.57484, 18.50149], [-73.57981, 18.48888], [-73.59258, 18.48202], [-73.5954, 18.47293], [-73.58667, 18.46284], [-73.55485, 18.4678], [-73.52302, 18.46411], [-73.51118, 18.43799], [-73.51274, 18.4362], [-73.50987, 18.43464], [-73.50846, 18.42585], [-73.51097, 18.42076], [-73.5061, 18.41306], [-73.49912, 18.41356], [-73.49429, 18.40846], [-73.50146, 18.38424], [-73.49062, 18.38147], [-73.48872, 18.37842], [-73.47847, 18.38768], [-73.4723, 18.38922], [-73.46311, 18.37947], [-73.45938, 18.38081], [-73.45227, 18.38577], [-73.4508, 18.39154], [-73.44437, 18.39703], [-73.44916, 18.41475], [-73.44548, 18.43169], [-73.44209, 18.43466], [-73.45072, 18.44627], [-73.43184, 18.4509], [-73.42887, 18.4545], [-73.43495, 18.46755], [-73.43397, 18.4798], [-73.44667, 18.49085], [-73.44976, 18.49691], [-73.44317, 18.51057], [-73.44637, 18.52202], [-73.44299, 18.52467], [-73.45745, 18.52869], [-73.47101, 18.52255], [-73.50769, 18.52857], [-73.51212, 18.52869], [-73.51246, 18.52616], [-73.52052, 18.52924]]]}, "properties": {"atmart_geo_id": "HTC-1022", "pcode": "HT1022", "nom_fr": "Petit Trou de Nippes", "nom_ht": "Ti Trou Nip", "niveau_admin": "3"}}, {"type": "Feature", "geometry": {"type": "Polygon", "coordinates": [[[-72.52649, 19.19889], [-72.53942, 19.21048], [-72.54032, 19.21497], [-72.53629, 19.22216], [-72.54162, 19.22432], [-72.54897, 19.21845], [-72.55253, 19.18714], [-72.60018, 19.16712], [-72.59841, 19.15166], [-72.588, 19.14841], [-72.58254, 19.15287], [-72.57962, 19.14969], [-72.57946, 19.14225], [-72.5715, 19.13929], [-72.56416, 19.14206], [-72.56319, 19.14607], [-72.55911, 19.14443], [-72.55259, 19.14901], [-72.53932, 19.14066], [-72.53251, 19.14815], [-72.52112, 19.15445], [-72.51493, 19.15393], [-72.5122, 19.14806], [-72.51613, 19.14827], [-72.51878, 19.14385], [-72.51403, 19.13871], [-72.51899, 19.13632], [-72.51956, 19.1308], [-72.51554, 19.12997], [-72.5064, 19.13559], [-72.50451, 19.12503], [-72.49889, 19.12063], [-72.49448, 19.12008], [-72.49311, 19.12503], [-72.48802, 19.12649], [-72.49145, 19.11981], [-72.48175, 19.12014], [-72.47647, 19.11681], [-72.47509, 19.1081], [-72.4797, 19.10142], [-72.47452, 19.0983], [-72.47326, 19.09352], [-72.47948, 19.09232], [-72.48608, 19.09715], [-72.48913, 19.09321], [-72.48139, 19.09094], [-72.48275, 19.08342], [-72.47932, 19.0771], [-72.47697, 19.07832], [-72.47745, 19.08297], [-72.47021, 19.08424], [-72.46846, 19.08117], [-72.47307, 19.07575], [-72.46839, 19.07231], [-72.46432, 19.076], [-72.46302, 19.08316], [-72.45074, 19.08369], [-72.45226, 19.0704], [-72.44845, 19.06451], [-72.44088, 19.06284], [-72.44028, 19.05718], [-72.43512, 19.05345], [-72.43489, 19.04505], [-72.42659, 19.04602], [-72.4186, 19.03501], [-72.41984, 19.04411], [-72.41637, 19.04594], [-72.41356, 19.03887], [-72.40864, 19.04046], [-72.40497, 19.0361], [-72.39121, 19.03392], [-72.37975, 19.02555], [-72.38617, 19.01623], [-72.36853, 19.00395], [-72.36855, 18.9961], [-72.37359, 18.99209], [-72.3728, 18.98922], [-72.36729, 18.99134], [-72.35436, 18.98821], [-72.35762, 18.9824], [-72.36615, 18.98468], [-72.36595, 18.97795], [-72.35839, 18.97014], [-72.35418, 18.97574], [-72.35139, 18.9749], [-72.34942, 18.96797], [-72.34372, 18.97623], [-72.34127, 18.97559], [-72.34292, 18.97309], [-72.33833, 18.97012], [-72.33958, 18.95591], [-72.32565, 18.94237], [-72.31772, 18.93976], [-72.30949, 18.93166], [-72.28867, 18.91996], [-72.28406, 18.92353], [-72.27167, 18.91434], [-72.26679, 18.92159], [-72.25994, 18.91691], [-72.246, 18.91997], [-72.24393, 18.91821], [-72.23755, 18.93246], [-72.23774, 18.93803], [-72.22685, 18.94833], [-72.22496, 18.95641], [-72.23822, 18.97035], [-72.24098, 18.98514], [-72.23699, 18.99311], [-72.23784, 19.00205], [-72.2445, 19.01048], [-72.24837, 19.02921], [-72.23852, 19.03682], [-72.24138, 19.0435], [-72.2401, 19.04981], [-72.2297, 19.06084], [-72.22176, 19.08344], [-72.23853, 19.09992], [-72.24064, 19.11574], [-72.22078, 19.12724], [-72.2196, 19.13095], [-72.2425, 19.15615], [-72.25507, 19.16112], [-72.25535, 19.16914], [-72.26186, 19.16967], [-72.26866, 19.16269], [-72.27363, 19.1622], [-72.27488, 19.15676], [-72.28371, 19.15904], [-72.29824, 19.15296], [-72.30671, 19.14289], [-72.31265, 19.12276], [-72.3181, 19.11893], [-72.32287, 19.12104], [-72.32143, 19.11418], [-72.33471, 19.10989], [-72.3419, 19.1174], [-72.35472, 19.11987], [-72.37049, 19.13257], [-72.3754, 19.13199], [-72.3968, 19.14305], [-72.40418, 19.13477], [-72.41368, 19.13128], [-72.4218, 19.1303], [-72.4278, 19.13374], [-72.44262, 19.13148], [-72.45139, 19.14101], [-72.44588, 19.15466], [-72.45229, 19.16899], [-72.45695, 19.17288], [-72.47157, 19.1763], [-72.49081, 19.17591], [-72.50066, 19.18921], [-72.50703, 19.18797], [-72.51424, 19.19651], [-72.52136, 19.19305], [-72.52649, 19.19889]]]}, "properties": {"atmart_geo_id": "HTC-0542", "pcode": "HT0542", "nom_fr": "Petite Rivière de l'Artibonite", "nom_ht": "Ti Rivyè Latibonit", "niveau_admin": "3"}}, {"type": "Feature", "geometry": {"type": "Polygon", "coordinates": [[[-73.18164, 18.4887], [-73.20125, 18.48772], [-73.21271, 18.48086], [-73.23941, 18.47619], [-73.27387, 18.4832], [-73.27354, 18.45933], [-73.27837, 18.45284], [-73.27613, 18.44952], [-73.26302, 18.44715], [-73.25792, 18.44158], [-73.26249, 18.41448], [-73.26052, 18.40933], [-73.2586, 18.40817], [-73.25465, 18.41654], [-73.25178, 18.41661], [-73.24808, 18.42874], [-73.23862, 18.42017], [-73.22821, 18.42357], [-73.22067, 18.4188], [-73.21822, 18.42037], [-73.22118, 18.42342], [-73.21912, 18.42526], [-73.20579, 18.42586], [-73.19658, 18.4242], [-73.19215, 18.41875], [-73.18717, 18.42601], [-73.19665, 18.43154], [-73.19378, 18.44297], [-73.18276, 18.43672], [-73.15151, 18.43693], [-73.14312, 18.43161], [-73.13284, 18.44058], [-73.13615, 18.44362], [-73.13317, 18.44719], [-73.11217, 18.44739], [-73.10713, 18.44979], [-73.10813, 18.45297], [-73.10373, 18.45166], [-73.1061, 18.45644], [-73.11074, 18.45552], [-73.11056, 18.45327], [-73.11529, 18.45637], [-73.11393, 18.46211], [-73.1247, 18.46247], [-73.12001, 18.46588], [-73.1219, 18.4701], [-73.12519, 18.46664], [-73.12522, 18.47494], [-73.14738, 18.4795], [-73.16035, 18.48551], [-73.18164, 18.4887]]]}, "properties": {"atmart_geo_id": "HTC-1012", "pcode": "HT1012", "nom_fr": "Petite Rivière de Nippes", "nom_ht": "Ti Rivyè Nip", "niveau_admin": "3"}}, {"type": "Feature", "geometry": {"type": "Polygon", "coordinates": [[[-72.11062, 19.40361], [-72.11368, 19.40242], [-72.11754, 19.38984], [-72.12737, 19.38468], [-72.13747, 19.38732], [-72.14484, 19.38045], [-72.14409, 19.37341], [-72.15775, 19.37206], [-72.15769, 19.36438], [-72.16853, 19.36548], [-72.16826, 19.36107], [-72.17213, 19.36067], [-72.17261, 19.35478], [-72.16911, 19.34796], [-72.17752, 19.34933], [-72.18036, 19.34543], [-72.17261, 19.34043], [-72.1717, 19.33563], [-72.16699, 19.33667], [-72.16545, 19.33419], [-72.16751, 19.33231], [-72.16008, 19.32503], [-72.15985, 19.32197], [-72.16475, 19.3186], [-72.16454, 19.31161], [-72.15136, 19.30772], [-72.15452, 19.30545], [-72.15175, 19.30184], [-72.155, 19.3009], [-72.1569, 19.29451], [-72.15069, 19.28459], [-72.15866, 19.27921], [-72.15278, 19.26871], [-72.15482, 19.2589], [-72.14914, 19.25651], [-72.14309, 19.25807], [-72.13498, 19.25497], [-72.11874, 19.26527], [-72.09464, 19.26667], [-72.08138, 19.27764], [-72.08059, 19.28131], [-72.07089, 19.2853], [-72.05636, 19.29772], [-72.03035, 19.30763], [-72.02209, 19.31626], [-72.02217, 19.3245], [-72.00867, 19.32742], [-72.01037, 19.33228], [-72.01777, 19.33623], [-72.03464, 19.33592], [-72.03639, 19.34098], [-72.05378, 19.34279], [-72.06472, 19.35409], [-72.07507, 19.35917], [-72.07936, 19.35854], [-72.09982, 19.37232], [-72.10223, 19.38861], [-72.10695, 19.39439], [-72.10523, 19.40188], [-72.11062, 19.40361]]]}, "properties": {"atmart_geo_id": "HTC-0344", "pcode": "HT0344", "nom_fr": "Pignon", "nom_ht": "Piyon", "niveau_admin": "3"}}, {"type": "Feature", "geometry": {"type": "Polygon", "coordinates": [[[-72.63099, 19.76602], [-72.63139, 19.77132], [-72.63962, 19.7723], [-72.64121, 19.76786], [-72.64714, 19.76441], [-72.6466, 19.74534], [-72.62887, 19.74239], [-72.62466, 19.7482], [-72.62338, 19.75695], [-72.61434, 19.75675], [-72.60879, 19.75165], [-72.59809, 19.72419], [-72.59768, 19.71435], [-72.61582, 19.69757], [-72.61496, 19.69444], [-72.59857, 19.68166], [-72.57381, 19.67338], [-72.57615, 19.65734], [-72.57183, 19.65238], [-72.56917, 19.63391], [-72.54599, 19.60356], [-72.53132, 19.61667], [-72.52176, 19.62118], [-72.52495, 19.63929], [-72.51548, 19.65311], [-72.51737, 19.65687], [-72.51407, 19.6627], [-72.49927, 19.66107], [-72.49302, 19.65605], [-72.48819, 19.65644], [-72.48228, 19.66165], [-72.47146, 19.6632], [-72.4759, 19.67101], [-72.47407, 19.67542], [-72.47951, 19.69043], [-72.48578, 19.70046], [-72.48924, 19.69616], [-72.50037, 19.70369], [-72.50779, 19.70261], [-72.51032, 19.71439], [-72.50682, 19.71798], [-72.51524, 19.73144], [-72.51532, 19.74381], [-72.5183, 19.73864], [-72.52897, 19.73882], [-72.53336, 19.73324], [-72.5494, 19.73299], [-72.55555, 19.73685], [-72.55763, 19.73442], [-72.5717, 19.73943], [-72.57393, 19.74294], [-72.57151, 19.74682], [-72.57861, 19.75418], [-72.57565, 19.76654], [-72.58137, 19.76726], [-72.58333, 19.7639], [-72.58833, 19.76397], [-72.597, 19.75879], [-72.63099, 19.76602]]]}, "properties": {"atmart_geo_id": "HTC-0372", "pcode": "HT0372", "nom_fr": "Pilate", "nom_ht": "Pilat", "niveau_admin": "3"}}, {"type": "Feature", "geometry": {"type": "Polygon", "coordinates": [[[-72.30637, 19.76173], [-72.31377, 19.76554], [-72.31493, 19.77027], [-72.31885, 19.77008], [-72.32003, 19.76773], [-72.31434, 19.76029], [-72.31101, 19.74794], [-72.31717, 19.74924], [-72.31975, 19.74549], [-72.31795, 19.74333], [-72.31046, 19.74392], [-72.30808, 19.73906], [-72.31384, 19.73563], [-72.3103, 19.71665], [-72.30425, 19.71227], [-72.30419, 19.70773], [-72.30126, 19.70732], [-72.29401, 19.6964], [-72.28557, 19.69914], [-72.27859, 19.68937], [-72.28546, 19.67379], [-72.28886, 19.6553], [-72.29664, 19.65065], [-72.29507, 19.6486], [-72.29758, 19.64546], [-72.28913, 19.64659], [-72.28485, 19.65044], [-72.27557, 19.64975], [-72.27656, 19.64799], [-72.2731, 19.64698], [-72.27333, 19.64205], [-72.27812, 19.63782], [-72.27191, 19.61312], [-72.27446, 19.59244], [-72.27912, 19.58759], [-72.27278, 19.58269], [-72.27149, 19.57799], [-72.26676, 19.57858], [-72.26361, 19.57421], [-72.25114, 19.5705], [-72.24123, 19.57622], [-72.24066, 19.58055], [-72.23599, 19.58388], [-72.23095, 19.60258], [-72.23315, 19.60707], [-72.23725, 19.6071], [-72.24623, 19.61469], [-72.24565, 19.62157], [-72.25042, 19.63432], [-72.24987, 19.63942], [-72.24494, 19.64254], [-72.24537, 19.65077], [-72.24275, 19.65162], [-72.24047, 19.66095], [-72.23328, 19.66928], [-72.23267, 19.68497], [-72.24044, 19.69097], [-72.24263, 19.69644], [-72.23647, 19.71209], [-72.2443, 19.70821], [-72.25214, 19.71917], [-72.24777, 19.72209], [-72.24509, 19.72893], [-72.24804, 19.72966], [-72.25103, 19.74004], [-72.26877, 19.74116], [-72.26724, 19.74506], [-72.25669, 19.74745], [-72.25759, 19.75874], [-72.26247, 19.76253], [-72.27073, 19.76173], [-72.27136, 19.76407], [-72.27543, 19.763], [-72.28488, 19.76842], [-72.28882, 19.76399], [-72.29488, 19.76559], [-72.30226, 19.76089], [-72.30637, 19.76173]]]}, "properties": {"atmart_geo_id": "HTC-0322", "pcode": "HT0322", "nom_fr": "Plaine du Nord", "nom_ht": "Plèn dinò", "niveau_admin": "3"}}, {"type": "Feature", "geometry": {"type": "Polygon", "coordinates": [[[-72.46035, 19.66884], [-72.45787, 19.67429], [-72.4605, 19.67713], [-72.46565, 19.67289], [-72.46881, 19.66508], [-72.48228, 19.66165], [-72.48819, 19.65644], [-72.49524, 19.65675], [-72.49927, 19.66107], [-72.51407, 19.6627], [-72.51737, 19.65687], [-72.51548, 19.65311], [-72.52495, 19.63929], [-72.52176, 19.62118], [-72.53132, 19.61667], [-72.54599, 19.60356], [-72.54148, 19.59876], [-72.54247, 19.5888], [-72.53588, 19.58257], [-72.52574, 19.57815], [-72.51527, 19.58192], [-72.52307, 19.57415], [-72.52114, 19.57124], [-72.49343, 19.55573], [-72.4881, 19.54694], [-72.46241, 19.52636], [-72.4472, 19.52139], [-72.44193, 19.52282], [-72.44002, 19.52812], [-72.43321, 19.52531], [-72.42476, 19.52978], [-72.41507, 19.54508], [-72.4248, 19.55888], [-72.42305, 19.56626], [-72.42729, 19.57323], [-72.4438, 19.58555], [-72.44581, 19.58991], [-72.44489, 19.60249], [-72.45192, 19.61081], [-72.44826, 19.61678], [-72.4537, 19.62402], [-72.45122, 19.64293], [-72.4614, 19.66288], [-72.46035, 19.66884]]]}, "properties": {"atmart_geo_id": "HTC-0371", "pcode": "HT0371", "nom_fr": "Plaisance", "nom_ht": "Plezans", "niveau_admin": "3"}}, {"type": "Feature", "geometry": {"type": "Polygon", "coordinates": [[[-73.51953, 18.45542], [-73.5252, 18.46485], [-73.56448, 18.46722], [-73.58246, 18.46435], [-73.58667, 18.46284], [-73.58675, 18.45871], [-73.6, 18.45455], [-73.61889, 18.45414], [-73.64178, 18.43889], [-73.6491, 18.44887], [-73.66605, 18.46211], [-73.6724, 18.46073], [-73.6656, 18.44923], [-73.66816, 18.43334], [-73.6595, 18.42835], [-73.6534, 18.42584], [-73.64357, 18.43021], [-73.63154, 18.42201], [-73.6261, 18.42567], [-73.60965, 18.42713], [-73.60166, 18.42044], [-73.59154, 18.41885], [-73.57967, 18.42101], [-73.57851, 18.40647], [-73.57388, 18.40119], [-73.55945, 18.39943], [-73.55897, 18.39124], [-73.54865, 18.38751], [-73.54634, 18.3893], [-73.53863, 18.38462], [-73.53574, 18.38721], [-73.52523, 18.38581], [-73.51812, 18.38793], [-73.511, 18.38304], [-73.50146, 18.38424], [-73.49429, 18.40846], [-73.49912, 18.41356], [-73.5061, 18.41306], [-73.51097, 18.42076], [-73.50846, 18.42585], [-73.50987, 18.43464], [-73.51274, 18.4362], [-73.51118, 18.43799], [-73.51953, 18.45542]]]}, "properties": {"atmart_geo_id": "HTC-1025", "pcode": "HT1025", "nom_fr": "Plaisance du Sud", "nom_ht": "Plezans Disid", "niveau_admin": "3"}}, {"type": "Feature", "geometry": {"type": "Polygon", "coordinates": [[[-73.20477, 18.96978], [-73.23729, 18.96565], [-73.25884, 18.96606], [-73.27663, 18.95658], [-73.30051, 18.93748], [-73.30115, 18.93267], [-73.29818, 18.93088], [-73.30382, 18.92441], [-73.29977, 18.91993], [-73.30092, 18.91338], [-73.29794, 18.9079], [-73.26558, 18.88647], [-73.23835, 18.85011], [-73.22849, 18.84861], [-73.21751, 18.83524], [-73.19201, 18.83668], [-73.1671, 18.82636], [-73.12606, 18.81796], [-73.10095, 18.79897], [-73.07626, 18.79559], [-73.07182, 18.79103], [-73.07154, 18.78578], [-73.06171, 18.78155], [-73.05419, 18.77012], [-73.03671, 18.75651], [-72.99626, 18.74364], [-72.99431, 18.75085], [-72.99714, 18.75879], [-72.99728, 18.79356], [-72.99481, 18.79826], [-73.00552, 18.81793], [-73.02586, 18.82215], [-73.03207, 18.81944], [-73.03978, 18.82554], [-73.04195, 18.83153], [-73.04653, 18.83088], [-73.05198, 18.83886], [-73.06236, 18.84084], [-73.06815, 18.83478], [-73.08023, 18.84166], [-73.08699, 18.85077], [-73.09932, 18.84272], [-73.11766, 18.85351], [-73.1215, 18.86307], [-73.12198, 18.90902], [-73.11875, 18.91251], [-73.09833, 18.91326], [-73.09003, 18.92154], [-73.0905, 18.93053], [-73.11437, 18.9316], [-73.13444, 18.93792], [-73.17991, 18.96347], [-73.20477, 18.96978]]]}, "properties": {"atmart_geo_id": "HTC-0152", "pcode": "HT0152", "nom_fr": "Pointe à Raquette", "nom_ht": "Pwent a Rakèt", "niveau_admin": "3"}}, {"type": "Feature", "geometry": {"type": "Polygon", "coordinates": [[[-74.0355, 18.32444], [-74.04135, 18.33058], [-74.05153, 18.32867], [-74.06222, 18.32255], [-74.06832, 18.3267], [-74.07708, 18.32341], [-74.08445, 18.32696], [-74.09114, 18.31643], [-74.1056, 18.30348], [-74.10067, 18.29632], [-74.10215, 18.29021], [-74.09653, 18.28143], [-74.09397, 18.26509], [-74.10247, 18.26091], [-74.10623, 18.25133], [-74.09211, 18.24803], [-74.08401, 18.23493], [-74.07661, 18.23294], [-74.06237, 18.25359], [-74.06197, 18.26055], [-74.05575, 18.26565], [-74.05396, 18.27259], [-74.04602, 18.28261], [-74.04069, 18.28083], [-74.01875, 18.29119], [-74.01579, 18.3066], [-74.0355, 18.32444]]]}, "properties": {"atmart_geo_id": "HTC-0742", "pcode": "HT0742", "nom_fr": "Port-à-Piment", "nom_ht": "Pòtapiman", "niveau_admin": "3"}}, {"type": "Feature", "geometry": {"type": "Polygon", "coordinates": [[[-72.34839, 18.5655], [-72.3478, 18.56109], [-72.3521, 18.55693], [-72.34768, 18.55562], [-72.35038, 18.54979], [-72.34922, 18.54418], [-72.35577, 18.54099], [-72.36082, 18.5339], [-72.36353, 18.53625], [-72.36391, 18.53301], [-72.37064, 18.53357], [-72.37116, 18.52025], [-72.36714, 18.51013], [-72.36829, 18.50002], [-72.36457, 18.49703], [-72.32907, 18.50258], [-72.31527, 18.5076], [-72.30726, 18.51786], [-72.30715, 18.52508], [-72.3014, 18.52748], [-72.30195, 18.53024], [-72.29703, 18.53044], [-72.29705, 18.53844], [-72.31312, 18.54156], [-72.31656, 18.54385], [-72.31786, 18.55174], [-72.3348, 18.5529], [-72.33749, 18.55438], [-72.33362, 18.55869], [-72.34839, 18.5655]]]}, "properties": {"atmart_geo_id": "HTC-0111", "pcode": "HT0111", "nom_fr": "Port-au-Prince", "nom_ht": "Pòtoprens", "niveau_admin": "3"}}, {"type": "Feature", "geometry": {"type": "Polygon", "coordinates": [[[-72.81638, 19.95254], [-72.81939, 19.95268], [-72.83145, 19.94084], [-72.85004, 19.94396], [-72.86089, 19.94086], [-72.87183, 19.93145], [-72.89119, 19.93598], [-72.9451, 19.92684], [-72.95607, 19.92174], [-72.95593, 19.91355], [-72.95896, 19.90957], [-72.96421, 19.911], [-72.96432, 19.91618], [-72.97374, 19.92413], [-72.99468, 19.92113], [-73.00045, 19.91722], [-72.99955, 19.90617], [-73.00248, 19.90086], [-72.99978, 19.88071], [-73.00702, 19.87285], [-73.00351, 19.867], [-73.00468, 19.85444], [-73.01268, 19.84828], [-73.01406, 19.83705], [-73.01989, 19.83764], [-73.02484, 19.82963], [-73.02029, 19.81361], [-73.02062, 19.79178], [-73.02353, 19.78369], [-73.03364, 19.77418], [-73.03208, 19.76195], [-73.02256, 19.75573], [-73.01726, 19.73959], [-73.00831, 19.72746], [-72.99219, 19.72238], [-72.97852, 19.72246], [-72.9672, 19.7284], [-72.95302, 19.72481], [-72.92744, 19.72927], [-72.92442, 19.72595], [-72.92711, 19.74987], [-72.9262, 19.76666], [-72.92214, 19.77047], [-72.92323, 19.77643], [-72.9276, 19.78155], [-72.93893, 19.78517], [-72.94077, 19.79013], [-72.93205, 19.78725], [-72.92403, 19.79266], [-72.92335, 19.79712], [-72.92886, 19.8108], [-72.88606, 19.83767], [-72.88506, 19.84763], [-72.8473, 19.84338], [-72.85672, 19.85269], [-72.85248, 19.85853], [-72.8415, 19.86124], [-72.83571, 19.87326], [-72.84, 19.88211], [-72.83536, 19.88763], [-72.82793, 19.88863], [-72.82882, 19.89697], [-72.82235, 19.90052], [-72.81307, 19.89739], [-72.78839, 19.89614], [-72.78766, 19.88876], [-72.77184, 19.86927], [-72.77173, 19.86502], [-72.75496, 19.86354], [-72.75428, 19.86567], [-72.74727, 19.86602], [-72.75133, 19.86957], [-72.74178, 19.88011], [-72.74849, 19.8796], [-72.74984, 19.88486], [-72.76654, 19.89429], [-72.76717, 19.90028], [-72.7723, 19.90075], [-72.77129, 19.90813], [-72.76048, 19.92039], [-72.7608, 19.926], [-72.75385, 19.94255], [-72.76363, 19.94466], [-72.76723, 19.94901], [-72.77441, 19.9478], [-72.78108, 19.95169], [-72.80028, 19.94836], [-72.80631, 19.95115], [-72.81031, 19.94812], [-72.81638, 19.95254]]]}, "properties": {"atmart_geo_id": "HTC-0911", "pcode": "HT0911", "nom_fr": "Port-de-Paix", "nom_ht": "Pòdpè", "niveau_admin": "3"}}, {"type": "Feature", "geometry": {"type": "Polygon", "coordinates": [[[-72.47967, 19.82147], [-72.48912, 19.83416], [-72.49165, 19.83402], [-72.49001, 19.81922], [-72.48664, 19.81498], [-72.4753, 19.81537], [-72.46402, 19.80807], [-72.47761, 19.79611], [-72.47699, 19.79142], [-72.48549, 19.79134], [-72.48794, 19.79545], [-72.49939, 19.79424], [-72.51276, 19.79743], [-72.50844, 19.79063], [-72.51077, 19.78584], [-72.5072, 19.77663], [-72.50896, 19.76809], [-72.5018, 19.76404], [-72.50996, 19.76433], [-72.51418, 19.75913], [-72.51286, 19.75149], [-72.51614, 19.73634], [-72.50704, 19.71907], [-72.51032, 19.71439], [-72.50779, 19.70261], [-72.50037, 19.70369], [-72.48924, 19.69616], [-72.48578, 19.70046], [-72.47951, 19.69043], [-72.47407, 19.67542], [-72.4759, 19.67101], [-72.47146, 19.6632], [-72.46565, 19.67289], [-72.44621, 19.68562], [-72.44419, 19.69413], [-72.4464, 19.7004], [-72.43419, 19.70908], [-72.43452, 19.71366], [-72.42881, 19.71972], [-72.42965, 19.72909], [-72.42302, 19.73365], [-72.42353, 19.74009], [-72.41626, 19.7416], [-72.41642, 19.74371], [-72.42352, 19.74463], [-72.42428, 19.74849], [-72.41866, 19.75735], [-72.4179, 19.76649], [-72.40372, 19.76949], [-72.40642, 19.77436], [-72.41435, 19.77833], [-72.42214, 19.7951], [-72.41678, 19.80027], [-72.41897, 19.80693], [-72.41705, 19.80908], [-72.42333, 19.81415], [-72.42313, 19.81706], [-72.42952, 19.81954], [-72.42506, 19.82516], [-72.42723, 19.82927], [-72.43257, 19.83093], [-72.43313, 19.82135], [-72.44464, 19.81741], [-72.4578, 19.82243], [-72.45976, 19.8286], [-72.47022, 19.83301], [-72.46792, 19.82507], [-72.47967, 19.82147]]]}, "properties": {"atmart_geo_id": "HTC-0352", "pcode": "HT0352", "nom_fr": "Port-Margot", "nom_ht": "Pòmago", "niveau_admin": "3"}}, {"type": "Feature", "geometry": {"type": "Polygon", "coordinates": [[[-73.87293, 18.15255], [-73.88399, 18.13454], [-73.89473, 18.12825], [-73.89352, 18.12395], [-73.89762, 18.12043], [-73.90466, 18.12488], [-73.92114, 18.10825], [-73.93404, 18.11335], [-73.94296, 18.10867], [-73.93895, 18.10264], [-73.9397, 18.09932], [-73.92674, 18.09103], [-73.92212, 18.08485], [-73.92332, 18.08246], [-73.91761, 18.07838], [-73.92079, 18.07394], [-73.91713, 18.06436], [-73.90284, 18.04347], [-73.90429, 18.03275], [-73.88742, 18.02503], [-73.87741, 18.05647], [-73.88195, 18.06536], [-73.88047, 18.07504], [-73.87246, 18.08413], [-73.86987, 18.09169], [-73.86126, 18.0957], [-73.85272, 18.10874], [-73.85708, 18.13036], [-73.86379, 18.13695], [-73.86292, 18.1403], [-73.86835, 18.14102], [-73.86734, 18.14848], [-73.87293, 18.15255]]]}, "properties": {"atmart_geo_id": "HTC-0721", "pcode": "HT0721", "nom_fr": "Port-Salut", "nom_ht": "Pò Sali", "niveau_admin": "3"}}, {"type": "Feature", "geometry": {"type": "Polygon", "coordinates": [[[-72.15235, 19.75724], [-72.15087, 19.75309], [-72.14467, 19.74934], [-72.14603, 19.74535], [-72.14308, 19.74606], [-72.14662, 19.74311], [-72.1586, 19.74676], [-72.16431, 19.73796], [-72.16456, 19.72463], [-72.18138, 19.72463], [-72.18747, 19.72086], [-72.20725, 19.71675], [-72.19891, 19.70997], [-72.19858, 19.70352], [-72.18617, 19.69911], [-72.18601, 19.69481], [-72.18745, 19.67717], [-72.19327, 19.66338], [-72.19287, 19.65778], [-72.18717, 19.6545], [-72.18869, 19.64773], [-72.19515, 19.64657], [-72.19779, 19.62389], [-72.18901, 19.62106], [-72.20032, 19.61272], [-72.19937, 19.60701], [-72.20704, 19.60391], [-72.20443, 19.59624], [-72.1826, 19.60984], [-72.17368, 19.62064], [-72.16707, 19.62396], [-72.16868, 19.62913], [-72.17682, 19.63267], [-72.17465, 19.6383], [-72.16903, 19.64183], [-72.16635, 19.64653], [-72.16807, 19.64978], [-72.15772, 19.65709], [-72.15583, 19.66354], [-72.14149, 19.67889], [-72.14228, 19.70119], [-72.13491, 19.7203], [-72.13858, 19.74141], [-72.13112, 19.74827], [-72.1349, 19.75392], [-72.15235, 19.75724]]]}, "properties": {"atmart_geo_id": "HTC-0312", "pcode": "HT0312", "nom_fr": "Quartier Morin", "nom_ht": "Katye Moren", "niveau_admin": "3"}}, {"type": "Feature", "geometry": {"type": "Polygon", "coordinates": [[[-72.09705, 19.44764], [-72.0989, 19.44922], [-72.10238, 19.44151], [-72.10696, 19.43974], [-72.10909, 19.4309], [-72.10538, 19.4245], [-72.11045, 19.42175], [-72.10796, 19.41949], [-72.11086, 19.41671], [-72.11044, 19.41185], [-72.11496, 19.40831], [-72.10523, 19.40188], [-72.10695, 19.39439], [-72.10223, 19.38861], [-72.09982, 19.37232], [-72.07918, 19.35985], [-72.07931, 19.36881], [-72.07045, 19.37009], [-72.05859, 19.37987], [-72.05375, 19.37571], [-72.04895, 19.36112], [-72.04258, 19.35723], [-72.02616, 19.3638], [-72.01652, 19.35999], [-72.01443, 19.36313], [-72.01363, 19.36069], [-72.00749, 19.36326], [-72.00225, 19.35949], [-71.99037, 19.36562], [-71.98894, 19.3686], [-72.00258, 19.39269], [-72.00762, 19.39972], [-72.0218, 19.41016], [-72.02073, 19.41429], [-72.02355, 19.41736], [-72.0312, 19.41986], [-72.03398, 19.42568], [-72.03728, 19.42609], [-72.03777, 19.43225], [-72.04408, 19.43233], [-72.04666, 19.43844], [-72.05071, 19.43732], [-72.06468, 19.4453], [-72.06917, 19.44071], [-72.0644, 19.43707], [-72.07287, 19.43492], [-72.07904, 19.43712], [-72.07941, 19.44325], [-72.08221, 19.44004], [-72.09172, 19.44888], [-72.09705, 19.44764]]]}, "properties": {"atmart_geo_id": "HTC-0343", "pcode": "HT0343", "nom_fr": "Ranquitte", "nom_ht": "Rankit", "niveau_admin": "3"}}, {"type": "Feature", "geometry": {"type": "Polygon", "coordinates": [[[-73.95273, 18.2038], [-73.96253, 18.21152], [-73.96759, 18.22232], [-73.96082, 18.22677], [-73.98369, 18.24625], [-73.98924, 18.26051], [-73.99165, 18.26317], [-74.00475, 18.26194], [-73.99085, 18.24488], [-73.99628, 18.2375], [-73.98656, 18.20975], [-73.99154, 18.20293], [-73.99407, 18.20538], [-73.99716, 18.18834], [-74.00761, 18.18292], [-74.00391, 18.17908], [-74.00083, 18.16583], [-73.97963, 18.16367], [-73.98089, 18.15588], [-73.97482, 18.14622], [-73.96094, 18.13342], [-73.95, 18.13179], [-73.94695, 18.13309], [-73.94857, 18.17558], [-73.94586, 18.18868], [-73.94055, 18.1954], [-73.95273, 18.2038]]]}, "properties": {"atmart_geo_id": "HTC-0743", "pcode": "HT0743", "nom_fr": "Roche à Bâteau", "nom_ht": "Ròcha Bato", "niveau_admin": "3"}}, {"type": "Feature", "geometry": {"type": "Polygon", "coordinates": [[[-74.07734, 18.61602], [-74.072, 18.59809], [-74.07319, 18.58664], [-74.07037, 18.57678], [-74.08951, 18.55928], [-74.08728, 18.55159], [-74.08882, 18.54492], [-74.08434, 18.53652], [-74.09018, 18.52822], [-74.08645, 18.52193], [-74.07708, 18.52545], [-74.07543, 18.52319], [-74.08747, 18.49931], [-74.09614, 18.49825], [-74.09489, 18.49179], [-74.10216, 18.48007], [-74.09708, 18.46403], [-74.09761, 18.45686], [-74.11294, 18.43796], [-74.11969, 18.43462], [-74.1079, 18.41613], [-74.10655, 18.4035], [-74.08186, 18.40764], [-74.06423, 18.40481], [-74.04707, 18.38947], [-74.04128, 18.3876], [-74.03155, 18.41008], [-74.02772, 18.42833], [-74.02961, 18.43414], [-74.03713, 18.43266], [-74.03284, 18.4491], [-74.03388, 18.453], [-74.04228, 18.45665], [-74.04171, 18.47049], [-74.03816, 18.47884], [-74.02961, 18.48199], [-74.03117, 18.49157], [-74.03514, 18.48973], [-74.0415, 18.50107], [-74.03863, 18.5055], [-74.02449, 18.50907], [-74.01701, 18.51787], [-74.00483, 18.52236], [-74.00184, 18.52606], [-73.97981, 18.52088], [-73.96803, 18.52611], [-73.96175, 18.52458], [-73.94608, 18.53232], [-73.95252, 18.54473], [-73.94573, 18.55326], [-73.94836, 18.55886], [-73.95621, 18.56216], [-73.96208, 18.56983], [-73.96237, 18.58201], [-73.95763, 18.58828], [-73.96274, 18.60162], [-73.97742, 18.59997], [-73.9927, 18.60261], [-74.00444, 18.59925], [-74.02628, 18.60167], [-74.06704, 18.61119], [-74.07734, 18.61602]]]}, "properties": {"atmart_geo_id": "HTC-0832", "pcode": "HT0832", "nom_fr": "Roseaux", "nom_ht": "Rozo", "niveau_admin": "3"}}, {"type": "Feature", "geometry": {"type": "Polygon", "coordinates": [[[-72.7482, 19.94215], [-72.75385, 19.94255], [-72.7608, 19.926], [-72.76048, 19.92039], [-72.77129, 19.90813], [-72.7723, 19.90075], [-72.76717, 19.90028], [-72.76654, 19.89429], [-72.74984, 19.88486], [-72.74849, 19.8796], [-72.74178, 19.88011], [-72.75133, 19.86957], [-72.74727, 19.86602], [-72.74531, 19.854], [-72.73553, 19.85129], [-72.73238, 19.84619], [-72.73633, 19.84348], [-72.73492, 19.84055], [-72.73855, 19.8326], [-72.73402, 19.82816], [-72.73019, 19.8124], [-72.72459, 19.8096], [-72.69931, 19.81567], [-72.68947, 19.80857], [-72.67802, 19.80893], [-72.67723, 19.81388], [-72.6846, 19.83163], [-72.67726, 19.83278], [-72.67871, 19.84925], [-72.66344, 19.867], [-72.66171, 19.87062], [-72.66654, 19.87706], [-72.65307, 19.88995], [-72.64661, 19.90626], [-72.65227, 19.91366], [-72.66166, 19.91714], [-72.66888, 19.91608], [-72.67079, 19.92068], [-72.68012, 19.92299], [-72.68498, 19.91991], [-72.68846, 19.92467], [-72.6968, 19.925], [-72.70274, 19.93024], [-72.70769, 19.92785], [-72.7221, 19.93666], [-72.73175, 19.93536], [-72.7482, 19.94215]]]}, "properties": {"atmart_geo_id": "HTC-0921", "pcode": "HT0921", "nom_fr": "Saint-Louis du Nord", "nom_ht": "Sen Lwi dinò", "niveau_admin": "3"}}, {"type": "Feature", "geometry": {"type": "Polygon", "coordinates": [[[-72.74594, 19.25667], [-72.74636, 19.26142], [-72.74909, 19.25772], [-72.74751, 19.25198], [-72.75036, 19.25376], [-72.75257, 19.24894], [-72.75464, 19.25567], [-72.75968, 19.25679], [-72.75622, 19.24796], [-72.76099, 19.25061], [-72.77076, 19.24839], [-72.77545, 19.2398], [-72.78587, 19.23767], [-72.78674, 19.23485], [-72.77698, 19.22677], [-72.76885, 19.24356], [-72.76861, 19.24063], [-72.76392, 19.24311], [-72.75681, 19.23933], [-72.75208, 19.23295], [-72.767, 19.23233], [-72.7797, 19.21948], [-72.77995, 19.22535], [-72.78345, 19.21964], [-72.79058, 19.21972], [-72.79482, 19.22298], [-72.7996, 19.22124], [-72.79278, 19.21462], [-72.79387, 19.21107], [-72.79029, 19.20978], [-72.79045, 19.20656], [-72.7859, 19.20639], [-72.77741, 19.19654], [-72.76213, 19.16462], [-72.74157, 19.14705], [-72.71157, 19.13593], [-72.70022, 19.12817], [-72.70266, 19.10729], [-72.71306, 19.09582], [-72.72978, 19.08828], [-72.75068, 19.08833], [-72.75782, 19.0926], [-72.77081, 19.09301], [-72.81172, 19.07734], [-72.81782, 19.07189], [-72.82368, 19.05805], [-72.81946, 19.04132], [-72.81085, 19.03081], [-72.79618, 19.0278], [-72.76308, 19.01405], [-72.75861, 19.00729], [-72.73794, 18.99031], [-72.73737, 18.98334], [-72.72924, 18.97256], [-72.72742, 18.95331], [-72.71564, 18.9497], [-72.70999, 18.94234], [-72.69931, 18.95854], [-72.68456, 18.96747], [-72.67902, 18.974], [-72.67685, 18.97129], [-72.67861, 18.96859], [-72.67064, 18.96858], [-72.66437, 18.97217], [-72.65821, 18.96738], [-72.64999, 18.97228], [-72.63803, 18.97088], [-72.63544, 18.97604], [-72.63182, 18.97296], [-72.62826, 18.97717], [-72.62704, 18.9727], [-72.62337, 18.97295], [-72.62323, 18.97082], [-72.61987, 18.97117], [-72.61638, 18.97642], [-72.60344, 18.97533], [-72.59815, 18.97156], [-72.59412, 18.97384], [-72.58918, 18.99648], [-72.58356, 19.00325], [-72.58383, 19.01181], [-72.57998, 19.01804], [-72.58666, 19.02937], [-72.58481, 19.03508], [-72.57682, 19.04379], [-72.56878, 19.04712], [-72.55324, 19.07039], [-72.55369, 19.07538], [-72.54735, 19.07918], [-72.55465, 19.08332], [-72.55801, 19.09002], [-72.55801, 19.09445], [-72.55282, 19.10144], [-72.55461, 19.10634], [-72.58562, 19.12598], [-72.60612, 19.13343], [-72.60859, 19.13752], [-72.60781, 19.14942], [-72.62888, 19.16527], [-72.62615, 19.17007], [-72.61699, 19.16561], [-72.6195, 19.17132], [-72.62653, 19.17338], [-72.62451, 19.1823], [-72.61958, 19.18056], [-72.61475, 19.18437], [-72.61705, 19.18834], [-72.62417, 19.18865], [-72.62267, 19.19669], [-72.61999, 19.19205], [-72.6155, 19.19254], [-72.61068, 19.18482], [-72.60456, 19.19163], [-72.60738, 19.19913], [-72.6006, 19.20152], [-72.61059, 19.20674], [-72.61488, 19.20583], [-72.61704, 19.2148], [-72.61244, 19.21525], [-72.61034, 19.20976], [-72.6033, 19.21095], [-72.61203, 19.21974], [-72.61661, 19.2185], [-72.61936, 19.22131], [-72.6211, 19.21289], [-72.62827, 19.2157], [-72.63449, 19.21234], [-72.63529, 19.2167], [-72.62929, 19.2225], [-72.63545, 19.22468], [-72.6348, 19.23064], [-72.63865, 19.22897], [-72.64244, 19.22038], [-72.64255, 19.22521], [-72.64684, 19.22885], [-72.65388, 19.22812], [-72.65941, 19.22087], [-72.66025, 19.22434], [-72.66667, 19.22192], [-72.6714, 19.2265], [-72.6681, 19.23954], [-72.66305, 19.24064], [-72.66838, 19.24191], [-72.67095, 19.24677], [-72.68393, 19.24975], [-72.68587, 19.2578], [-72.68921, 19.25441], [-72.69066, 19.24332], [-72.6965, 19.24853], [-72.69318, 19.25505], [-72.69759, 19.25812], [-72.70382, 19.25514], [-72.7064, 19.24875], [-72.7129, 19.24825], [-72.7123, 19.24562], [-72.70688, 19.24422], [-72.709, 19.24157], [-72.71651, 19.24809], [-72.72065, 19.24416], [-72.72096, 19.25006], [-72.72636, 19.24777], [-72.73063, 19.259], [-72.73478, 19.25403], [-72.73993, 19.25758], [-72.74594, 19.25667]]]}, "properties": {"atmart_geo_id": "HTC-0531", "pcode": "HT0531", "nom_fr": "Saint-Marc", "nom_ht": "Sen Mak", "niveau_admin": "3"}}, {"type": "Feature", "geometry": {"type": "Polygon", "coordinates": [[[-72.34882, 19.48808], [-72.35338, 19.4898], [-72.35462, 19.48346], [-72.35796, 19.48318], [-72.35767, 19.47327], [-72.36413, 19.46249], [-72.37809, 19.45746], [-72.38197, 19.45313], [-72.37917, 19.44075], [-72.38766, 19.44462], [-72.38979, 19.42631], [-72.41231, 19.41852], [-72.41223, 19.40756], [-72.42608, 19.40572], [-72.42516, 19.39858], [-72.43687, 19.39724], [-72.44718, 19.40467], [-72.45954, 19.40714], [-72.45225, 19.39543], [-72.46276, 19.3921], [-72.46761, 19.38386], [-72.47746, 19.38326], [-72.47735, 19.37765], [-72.48601, 19.36848], [-72.4953, 19.36974], [-72.49605, 19.35988], [-72.49331, 19.35343], [-72.49779, 19.33717], [-72.48705, 19.32518], [-72.48267, 19.3135], [-72.45977, 19.29692], [-72.45511, 19.2884], [-72.41677, 19.24851], [-72.4093, 19.24482], [-72.40292, 19.24937], [-72.38988, 19.24128], [-72.38415, 19.24411], [-72.37811, 19.24204], [-72.36476, 19.22971], [-72.35435, 19.23135], [-72.3487, 19.2256], [-72.32735, 19.2158], [-72.31156, 19.21389], [-72.29862, 19.20536], [-72.28675, 19.20908], [-72.2813, 19.20707], [-72.27413, 19.21305], [-72.26801, 19.21339], [-72.25618, 19.22746], [-72.24168, 19.2322], [-72.2391, 19.25193], [-72.24205, 19.26479], [-72.23333, 19.2741], [-72.22659, 19.27493], [-72.21796, 19.28689], [-72.20331, 19.29846], [-72.20071, 19.31144], [-72.20837, 19.31914], [-72.22396, 19.32506], [-72.22435, 19.33853], [-72.23076, 19.3434], [-72.22775, 19.34397], [-72.23329, 19.35838], [-72.23029, 19.36375], [-72.23235, 19.36909], [-72.24149, 19.37472], [-72.24866, 19.38463], [-72.24051, 19.38789], [-72.22883, 19.38423], [-72.23144, 19.39157], [-72.22933, 19.40012], [-72.23111, 19.41723], [-72.223, 19.41559], [-72.22292, 19.4192], [-72.22988, 19.42622], [-72.22694, 19.4332], [-72.25014, 19.44437], [-72.25196, 19.45346], [-72.25708, 19.45609], [-72.25366, 19.47171], [-72.24955, 19.477], [-72.26073, 19.47585], [-72.2654, 19.47067], [-72.27321, 19.46983], [-72.27564, 19.46396], [-72.29069, 19.46769], [-72.3068, 19.46546], [-72.32045, 19.45975], [-72.32879, 19.46296], [-72.32902, 19.46529], [-72.32071, 19.48456], [-72.33007, 19.48376], [-72.33378, 19.48859], [-72.34882, 19.48808]]]}, "properties": {"atmart_geo_id": "HTC-0551", "pcode": "HT0551", "nom_fr": "Saint-Michel de l'Attalaye", "nom_ht": "Sen Michèl Latalay", "niveau_admin": "3"}}, {"type": "Feature", "geometry": {"type": "Polygon", "coordinates": [[[-72.19736, 19.49909], [-72.21155, 19.51387], [-72.21836, 19.48722], [-72.22324, 19.48509], [-72.23148, 19.48887], [-72.24095, 19.489], [-72.25366, 19.47171], [-72.25661, 19.45527], [-72.25196, 19.45346], [-72.25014, 19.44437], [-72.22694, 19.4332], [-72.22988, 19.42622], [-72.22292, 19.4192], [-72.223, 19.41559], [-72.23111, 19.41723], [-72.22933, 19.40012], [-72.23144, 19.39157], [-72.22883, 19.38423], [-72.24051, 19.38789], [-72.24866, 19.38463], [-72.24149, 19.37472], [-72.23235, 19.36909], [-72.23029, 19.36375], [-72.23329, 19.35838], [-72.22775, 19.34397], [-72.23076, 19.3434], [-72.22435, 19.33853], [-72.22396, 19.32506], [-72.20837, 19.31914], [-72.20071, 19.31144], [-72.20333, 19.30055], [-72.18301, 19.29386], [-72.16582, 19.28196], [-72.15913, 19.28282], [-72.15866, 19.27921], [-72.15069, 19.28459], [-72.1569, 19.29451], [-72.155, 19.3009], [-72.15175, 19.30184], [-72.15452, 19.30545], [-72.15136, 19.30772], [-72.16454, 19.31161], [-72.16475, 19.3186], [-72.15985, 19.32197], [-72.16008, 19.32503], [-72.16751, 19.33231], [-72.16545, 19.33419], [-72.16699, 19.33667], [-72.1717, 19.33563], [-72.17261, 19.34043], [-72.18036, 19.34543], [-72.17752, 19.34933], [-72.16911, 19.34796], [-72.17261, 19.35478], [-72.17213, 19.36067], [-72.16826, 19.36107], [-72.16853, 19.36548], [-72.15769, 19.36438], [-72.15775, 19.37206], [-72.14506, 19.37275], [-72.14363, 19.38285], [-72.13747, 19.38732], [-72.12737, 19.38468], [-72.12744, 19.38929], [-72.13385, 19.39754], [-72.13161, 19.41038], [-72.13419, 19.42159], [-72.13881, 19.42973], [-72.14303, 19.43162], [-72.16738, 19.47689], [-72.1838, 19.49566], [-72.19392, 19.49508], [-72.19736, 19.49909]]]}, "properties": {"atmart_geo_id": "HTC-0341", "pcode": "HT0341", "nom_fr": "Saint-Raphaël", "nom_ht": "Sen Rafayèl", "niveau_admin": "3"}}, {"type": "Feature", "geometry": {"type": "Polygon", "coordinates": [[[-73.83885, 18.10094], [-73.84396, 18.1089], [-73.84226, 18.1156], [-73.854, 18.12229], [-73.85272, 18.10874], [-73.8557, 18.10297], [-73.86117, 18.0991], [-73.86126, 18.0957], [-73.86987, 18.09169], [-73.87246, 18.08413], [-73.88047, 18.07504], [-73.88195, 18.06536], [-73.87741, 18.05647], [-73.88094, 18.05111], [-73.88245, 18.0352], [-73.88627, 18.0305], [-73.88664, 18.02439], [-73.87252, 18.02214], [-73.86528, 18.02494], [-73.82728, 18.02687], [-73.80963, 18.02227], [-73.80483, 18.0226], [-73.80202, 18.02652], [-73.79829, 18.02398], [-73.79708, 18.02776], [-73.79265, 18.02631], [-73.78853, 18.02921], [-73.79089, 18.03842], [-73.78288, 18.04333], [-73.78483, 18.05068], [-73.78834, 18.05183], [-73.78569, 18.05234], [-73.78659, 18.05517], [-73.79105, 18.05882], [-73.78682, 18.05449], [-73.79237, 18.05552], [-73.80082, 18.06211], [-73.80149, 18.06573], [-73.80689, 18.06719], [-73.8086, 18.07513], [-73.81371, 18.08118], [-73.83885, 18.10094]]]}, "properties": {"atmart_geo_id": "HTC-0722", "pcode": "HT0722", "nom_fr": "Saint Jean du Sud", "nom_ht": "Sen Jan disid.", "niveau_admin": "3"}}, {"type": "Feature", "geometry": {"type": "Polygon", "coordinates": [[[-73.47898, 18.3408], [-73.48216, 18.34228], [-73.49322, 18.3381], [-73.51542, 18.33575], [-73.55459, 18.33613], [-73.55443, 18.33065], [-73.56062, 18.32222], [-73.56399, 18.32181], [-73.56528, 18.32684], [-73.57101, 18.32041], [-73.58274, 18.32062], [-73.58185, 18.31595], [-73.58478, 18.31583], [-73.58818, 18.30762], [-73.6104, 18.29099], [-73.61309, 18.29523], [-73.62771, 18.29496], [-73.6299, 18.29311], [-73.62702, 18.28972], [-73.63549, 18.27846], [-73.62573, 18.27549], [-73.62237, 18.26535], [-73.63301, 18.25726], [-73.6367, 18.24042], [-73.64432, 18.22798], [-73.63377, 18.22831], [-73.63397, 18.23386], [-73.63149, 18.2355], [-73.63492, 18.24327], [-73.63203, 18.2507], [-73.62185, 18.24888], [-73.62004, 18.25301], [-73.61307, 18.25143], [-73.61015, 18.25669], [-73.60017, 18.24945], [-73.60285, 18.24747], [-73.59992, 18.24326], [-73.60332, 18.24026], [-73.60847, 18.24168], [-73.60818, 18.23608], [-73.61266, 18.23724], [-73.61109, 18.2357], [-73.61639, 18.23176], [-73.61374, 18.22992], [-73.61598, 18.22904], [-73.6151, 18.22304], [-73.61962, 18.21691], [-73.60168, 18.21227], [-73.58673, 18.22018], [-73.58499, 18.22382], [-73.5891, 18.23299], [-73.58585, 18.2359], [-73.58751, 18.23311], [-73.58096, 18.22865], [-73.57883, 18.21743], [-73.56722, 18.21606], [-73.56511, 18.22106], [-73.55968, 18.22336], [-73.55886, 18.2275], [-73.56392, 18.23646], [-73.57532, 18.24968], [-73.57177, 18.25536], [-73.56323, 18.25959], [-73.55768, 18.25683], [-73.55537, 18.26042], [-73.54257, 18.25886], [-73.53743, 18.252], [-73.53325, 18.23624], [-73.52932, 18.23243], [-73.51965, 18.2362], [-73.50964, 18.23276], [-73.50095, 18.23442], [-73.49501, 18.24085], [-73.50786, 18.2451], [-73.50079, 18.24655], [-73.4908, 18.2567], [-73.48559, 18.25466], [-73.48009, 18.25652], [-73.47801, 18.24986], [-73.47494, 18.25], [-73.47727, 18.25513], [-73.47228, 18.25914], [-73.45903, 18.26174], [-73.4516, 18.25517], [-73.45486, 18.2624], [-73.45057, 18.26688], [-73.44356, 18.25878], [-73.44278, 18.2654], [-73.43886, 18.26303], [-73.4347, 18.26527], [-73.43032, 18.26231], [-73.43075, 18.25394], [-73.41961, 18.25495], [-73.42102, 18.25968], [-73.41738, 18.2744], [-73.4275, 18.29331], [-73.43144, 18.29541], [-73.44802, 18.29212], [-73.45819, 18.29308], [-73.46241, 18.30143], [-73.4592, 18.3077], [-73.46309, 18.31246], [-73.45435, 18.31482], [-73.45378, 18.32888], [-73.44165, 18.34082], [-73.47041, 18.33762], [-73.47183, 18.34067], [-73.47898, 18.3408]]]}, "properties": {"atmart_geo_id": "HTC-0732", "pcode": "HT0732", "nom_fr": "Saint Louis du Sud", "nom_ht": "Sen Lwi disid", "niveau_admin": "3"}}, {"type": "Feature", "geometry": {"type": "Polygon", "coordinates": [[[-72.09388, 19.62145], [-72.09443, 19.62729], [-72.1061, 19.63468], [-72.11016, 19.63447], [-72.10835, 19.62278], [-72.11347, 19.61873], [-72.11247, 19.61069], [-72.10575, 19.60299], [-72.11383, 19.59164], [-72.12117, 19.58882], [-72.12214, 19.58557], [-72.11839, 19.57981], [-72.12003, 19.57494], [-72.11529, 19.57525], [-72.11199, 19.57043], [-72.11171, 19.56152], [-72.11407, 19.5588], [-72.10808, 19.55942], [-72.10282, 19.55191], [-72.10434, 19.54941], [-72.10132, 19.54853], [-72.10106, 19.54278], [-72.09803, 19.54139], [-72.09787, 19.53164], [-72.10259, 19.5289], [-72.10364, 19.52392], [-72.09393, 19.51532], [-72.09113, 19.49752], [-72.06212, 19.47768], [-72.06429, 19.47471], [-72.06274, 19.47216], [-72.06621, 19.47185], [-72.07066, 19.46131], [-72.06993, 19.45547], [-72.08011, 19.45856], [-72.09194, 19.44733], [-72.08221, 19.44004], [-72.07941, 19.44325], [-72.07904, 19.43712], [-72.07287, 19.43492], [-72.0644, 19.43707], [-72.06915, 19.44171], [-72.06356, 19.44501], [-72.05071, 19.43732], [-72.04666, 19.43844], [-72.04408, 19.43233], [-72.0384, 19.43249], [-72.03685, 19.42959], [-72.00877, 19.44906], [-72.0026, 19.4464], [-72.01285, 19.4704], [-72.02365, 19.47817], [-72.02509, 19.49451], [-72.01931, 19.4971], [-72.00972, 19.51067], [-72.02737, 19.53653], [-72.04684, 19.54964], [-72.04861, 19.55384], [-72.04386, 19.56335], [-72.0498, 19.56786], [-72.04821, 19.57462], [-72.06639, 19.59236], [-72.08321, 19.598], [-72.09388, 19.62145]]]}, "properties": {"atmart_geo_id": "HTC-0432", "pcode": "HT0432", "nom_fr": "Sainte Suzanne", "nom_ht": "Sent sizàn", "niveau_admin": "3"}}, {"type": "Feature", "geometry": {"type": "Polygon", "coordinates": [[[-72.23266, 18.89845], [-72.2408, 18.90494], [-72.24687, 18.90536], [-72.24363, 18.89972], [-72.24808, 18.8808], [-72.24684, 18.87176], [-72.25334, 18.85805], [-72.25683, 18.85725], [-72.2646, 18.86202], [-72.27884, 18.86014], [-72.28925, 18.86376], [-72.30089, 18.86382], [-72.31545, 18.85807], [-72.32503, 18.86284], [-72.35627, 18.87023], [-72.36469, 18.86587], [-72.36184, 18.86423], [-72.36328, 18.85903], [-72.33575, 18.83835], [-72.3194, 18.81166], [-72.30311, 18.81821], [-72.28171, 18.81663], [-72.27894, 18.80883], [-72.2724, 18.80405], [-72.27902, 18.79754], [-72.25729, 18.78914], [-72.24556, 18.78064], [-72.23718, 18.77746], [-72.22907, 18.77811], [-72.22498, 18.77243], [-72.21787, 18.77375], [-72.20681, 18.75805], [-72.20316, 18.7562], [-72.19984, 18.75852], [-72.19393, 18.75152], [-72.18696, 18.76524], [-72.17658, 18.76029], [-72.17447, 18.76221], [-72.17694, 18.76754], [-72.17514, 18.77202], [-72.18198, 18.77828], [-72.17729, 18.78469], [-72.17555, 18.7971], [-72.16547, 18.79828], [-72.15851, 18.80655], [-72.15537, 18.82857], [-72.16232, 18.83877], [-72.15506, 18.84478], [-72.1571, 18.85139], [-72.16301, 18.85233], [-72.16438, 18.86327], [-72.17898, 18.8635], [-72.18435, 18.86923], [-72.1857, 18.8767], [-72.20044, 18.8796], [-72.19834, 18.88804], [-72.21306, 18.88834], [-72.21813, 18.89155], [-72.22357, 18.88959], [-72.2244, 18.89773], [-72.23266, 18.89845]]]}, "properties": {"atmart_geo_id": "HTC-0622", "pcode": "HT0622", "nom_fr": "Saut d'Eau", "nom_ht": "Sodo", "niveau_admin": "3"}}, {"type": "Feature", "geometry": {"type": "Polygon", "coordinates": [[[-71.81643, 18.7932], [-71.8176, 18.79663], [-71.8206, 18.79687], [-71.83776, 18.78856], [-71.8427, 18.79323], [-71.84849, 18.79195], [-71.85719, 18.78501], [-71.86715, 18.76613], [-71.88213, 18.76706], [-71.89028, 18.77064], [-71.89901, 18.7762], [-71.89837, 18.78055], [-71.91888, 18.7838], [-71.92375, 18.78037], [-71.93639, 18.77956], [-71.93617, 18.77401], [-71.93899, 18.7725], [-71.94391, 18.77506], [-71.95002, 18.77301], [-71.94381, 18.76603], [-71.9386, 18.75287], [-71.94488, 18.75319], [-71.95353, 18.7619], [-71.96126, 18.76357], [-71.98801, 18.77912], [-71.99496, 18.78013], [-71.99692, 18.77181], [-71.99256, 18.7659], [-71.97469, 18.75553], [-71.97625, 18.74683], [-71.9711, 18.74684], [-71.96091, 18.74093], [-71.92597, 18.73896], [-71.92095, 18.73139], [-71.91105, 18.72966], [-71.89351, 18.71955], [-71.8533, 18.71882], [-71.84178, 18.70996], [-71.82902, 18.70462], [-71.80422, 18.68539], [-71.79771, 18.69189], [-71.79403, 18.68926], [-71.78588, 18.69207], [-71.78382, 18.7062], [-71.73798, 18.72229], [-71.72878, 18.77233], [-71.75738, 18.77253], [-71.75993, 18.76512], [-71.76769, 18.76775], [-71.7824, 18.76362], [-71.79469, 18.78181], [-71.80043, 18.78461], [-71.8113, 18.78002], [-71.81904, 18.7852], [-71.82012, 18.78811], [-71.81643, 18.7932]]]}, "properties": {"atmart_geo_id": "HTC-0633", "pcode": "HT0633", "nom_fr": "Savanette", "nom_ht": "Savanèt", "niveau_admin": "3"}}, {"type": "Feature", "geometry": {"type": "Polygon", "coordinates": [[[-72.29549, 18.60537], [-72.30077, 18.60961], [-72.30152, 18.60548], [-72.30533, 18.60606], [-72.30593, 18.59966], [-72.29764, 18.59914], [-72.28985, 18.59302], [-72.31222, 18.57942], [-72.28611, 18.57031], [-72.27912, 18.56373], [-72.25662, 18.55451], [-72.25769, 18.5503], [-72.25361, 18.54479], [-72.24782, 18.54252], [-72.24468, 18.53654], [-72.23835, 18.54046], [-72.23943, 18.5451], [-72.2374, 18.54639], [-72.22796, 18.53646], [-72.22338, 18.53945], [-72.22772, 18.54344], [-72.24339, 18.57793], [-72.24844, 18.58068], [-72.24864, 18.58695], [-72.25358, 18.58736], [-72.25647, 18.59357], [-72.2737, 18.59991], [-72.28926, 18.59774], [-72.28892, 18.60131], [-72.29549, 18.60537]]]}, "properties": {"atmart_geo_id": "HTC-0118", "pcode": "HT0118", "nom_fr": "Tabarre", "nom_ht": "Taba", "niveau_admin": "3"}}, {"type": "Feature", "geometry": {"type": "Polygon", "coordinates": [[[-72.80825, 19.68328], [-72.83041, 19.69674], [-72.82153, 19.71365], [-72.83283, 19.72309], [-72.82911, 19.73159], [-72.83529, 19.73196], [-72.83838, 19.72989], [-72.83775, 19.721], [-72.84026, 19.71632], [-72.85815, 19.7129], [-72.85043, 19.70164], [-72.85534, 19.69006], [-72.87869, 19.67966], [-72.87874, 19.67618], [-72.87258, 19.67346], [-72.85764, 19.67142], [-72.85454, 19.66315], [-72.86779, 19.65821], [-72.87443, 19.64671], [-72.89075, 19.64474], [-72.88025, 19.63826], [-72.88198, 19.63409], [-72.87802, 19.63573], [-72.87628, 19.63144], [-72.85691, 19.61921], [-72.83836, 19.6007], [-72.82048, 19.59391], [-72.82587, 19.5873], [-72.83243, 19.58512], [-72.83312, 19.58115], [-72.84544, 19.57709], [-72.84317, 19.57408], [-72.83633, 19.57361], [-72.81877, 19.54467], [-72.78873, 19.53869], [-72.7781, 19.52005], [-72.76915, 19.51401], [-72.76261, 19.51405], [-72.75063, 19.52308], [-72.74088, 19.52177], [-72.72994, 19.53153], [-72.72817, 19.53643], [-72.73062, 19.54331], [-72.73839, 19.54207], [-72.74582, 19.551], [-72.74805, 19.55899], [-72.73942, 19.56113], [-72.74434, 19.5753], [-72.7346, 19.57244], [-72.71864, 19.58555], [-72.72001, 19.58966], [-72.72918, 19.59653], [-72.72689, 19.60235], [-72.71797, 19.60337], [-72.71209, 19.61225], [-72.71385, 19.6164], [-72.72057, 19.62022], [-72.74948, 19.62315], [-72.75417, 19.62961], [-72.79428, 19.62747], [-72.80196, 19.64174], [-72.80212, 19.64929], [-72.80009, 19.65658], [-72.78478, 19.67776], [-72.79823, 19.68509], [-72.80119, 19.68142], [-72.80825, 19.68328]]]}, "properties": {"atmart_geo_id": "HTC-0522", "pcode": "HT0522", "nom_fr": "Terre Neuve", "nom_ht": "Tènèv", "niveau_admin": "3"}}, {"type": "Feature", "geometry": {"type": "Polygon", "coordinates": [[[-71.92049, 19.72658], [-71.92486, 19.72242], [-71.92478, 19.71538], [-71.96902, 19.70215], [-71.9581, 19.68786], [-71.9614, 19.67048], [-71.97265, 19.6718], [-71.97602, 19.66767], [-71.97883, 19.66809], [-71.98236, 19.65007], [-71.99155, 19.63238], [-71.9858, 19.62402], [-71.98571, 19.61291], [-71.97746, 19.60199], [-71.97932, 19.59676], [-71.96695, 19.57933], [-71.94331, 19.5606], [-71.93249, 19.54608], [-71.90562, 19.52838], [-71.89681, 19.53093], [-71.89421, 19.54354], [-71.88267, 19.54655], [-71.88627, 19.54763], [-71.88289, 19.55102], [-71.88386, 19.56066], [-71.8997, 19.57526], [-71.89514, 19.58109], [-71.89551, 19.58617], [-71.90656, 19.60226], [-71.90384, 19.60748], [-71.89415, 19.61361], [-71.90118, 19.62546], [-71.89227, 19.64744], [-71.89265, 19.67078], [-71.89771, 19.66957], [-71.89094, 19.677], [-71.88593, 19.6776], [-71.88977, 19.68208], [-71.89472, 19.67804], [-71.89785, 19.68038], [-71.90066, 19.67862], [-71.90517, 19.68735], [-71.89789, 19.68613], [-71.89606, 19.68288], [-71.89329, 19.68714], [-71.8888, 19.68436], [-71.88376, 19.68598], [-71.88261, 19.6828], [-71.88048, 19.68452], [-71.87557, 19.6796], [-71.872, 19.68024], [-71.87207, 19.68426], [-71.86671, 19.68573], [-71.86311, 19.69108], [-71.85145, 19.69107], [-71.8457, 19.70766], [-71.85231, 19.71691], [-71.89287, 19.71959], [-71.90803, 19.72624], [-71.92049, 19.72658]]]}, "properties": {"atmart_geo_id": "HTC-0433", "pcode": "HT0433", "nom_fr": "Terrier Rouge", "nom_ht": "Tèrye rouj", "niveau_admin": "3"}}, {"type": "Feature", "geometry": {"type": "Polygon", "coordinates": [[[-71.78199, 18.28091], [-71.78031, 18.28302], [-71.78869, 18.28668], [-71.80624, 18.28652], [-71.81991, 18.27898], [-71.82841, 18.2788], [-71.83798, 18.2828], [-71.8461, 18.27562], [-71.85383, 18.2758], [-71.85506, 18.26501], [-71.88773, 18.23717], [-71.87283, 18.23555], [-71.87009, 18.22693], [-71.88021, 18.22502], [-71.89129, 18.22829], [-71.89403, 18.23219], [-71.919, 18.20615], [-71.91574, 18.19642], [-71.91946, 18.18448], [-71.91241, 18.17625], [-71.91168, 18.17027], [-71.90192, 18.16825], [-71.89325, 18.15789], [-71.88449, 18.15617], [-71.8799, 18.1493], [-71.87047, 18.14656], [-71.85447, 18.12781], [-71.85443, 18.13349], [-71.84578, 18.14385], [-71.84252, 18.15369], [-71.84142, 18.17637], [-71.82768, 18.17976], [-71.82476, 18.18955], [-71.81857, 18.19748], [-71.8276, 18.21515], [-71.82677, 18.22004], [-71.81494, 18.21858], [-71.81851, 18.22486], [-71.80585, 18.22996], [-71.80014, 18.24302], [-71.79154, 18.25168], [-71.78199, 18.28091]]]}, "properties": {"atmart_geo_id": "HTC-0233", "pcode": "HT0233", "nom_fr": "Thiotte", "nom_ht": "Tiòt", "niveau_admin": "3"}}, {"type": "Feature", "geometry": {"type": "Polygon", "coordinates": [[[-71.80156, 19.13171], [-71.81184, 19.13413], [-71.80182, 19.14485], [-71.80305, 19.1468], [-71.80802, 19.15171], [-71.82765, 19.15888], [-71.85324, 19.18873], [-71.85724, 19.19023], [-71.86558, 19.18672], [-71.86042, 19.17859], [-71.8615, 19.16944], [-71.85461, 19.15753], [-71.86704, 19.14028], [-71.87395, 19.1364], [-71.88266, 19.11371], [-71.88841, 19.10631], [-71.91902, 19.09478], [-71.91882, 19.08746], [-71.91516, 19.08695], [-71.91566, 19.08361], [-71.90973, 19.08012], [-71.9137, 19.0702], [-71.90829, 19.06898], [-71.90477, 19.06427], [-71.91094, 19.05515], [-71.90068, 19.055], [-71.89816, 19.04991], [-71.90565, 19.04694], [-71.90046, 19.03798], [-71.89316, 19.03624], [-71.89095, 19.0395], [-71.88789, 19.03279], [-71.88277, 19.03599], [-71.87785, 19.03536], [-71.87647, 19.02678], [-71.87276, 19.02816], [-71.87094, 19.0347], [-71.86495, 19.0349], [-71.86482, 19.02407], [-71.86035, 19.0262], [-71.85641, 19.0219], [-71.85747, 19.01751], [-71.86671, 19.0132], [-71.86636, 19.00698], [-71.87049, 19.00544], [-71.86892, 18.99865], [-71.87232, 18.99561], [-71.86621, 18.99464], [-71.86902, 18.98797], [-71.87505, 18.98585], [-71.87208, 18.98274], [-71.86304, 18.98318], [-71.8623, 18.97773], [-71.85687, 18.97725], [-71.856, 18.98291], [-71.85129, 18.98721], [-71.85234, 18.99302], [-71.84402, 18.99136], [-71.84171, 19.00019], [-71.83498, 19.00086], [-71.83346, 19.00592], [-71.82617, 18.99355], [-71.80617, 18.99838], [-71.80586, 19.00291], [-71.79913, 19.00518], [-71.79625, 18.99974], [-71.7984, 18.99619], [-71.78909, 18.99328], [-71.78665, 18.99718], [-71.79137, 19.00095], [-71.79098, 19.00797], [-71.78507, 19.01234], [-71.77586, 19.01302], [-71.78274, 19.01755], [-71.77092, 19.03181], [-71.76803, 19.03189], [-71.76475, 19.0263], [-71.76114, 19.02743], [-71.76388, 19.03476], [-71.75228, 19.04622], [-71.74676, 19.0472], [-71.74053, 19.0434], [-71.73779, 19.04999], [-71.72336, 19.0537], [-71.72853, 19.05902], [-71.728, 19.06815], [-71.73847, 19.07766], [-71.74171, 19.09696], [-71.74875, 19.10055], [-71.75137, 19.10665], [-71.76387, 19.11186], [-71.77008, 19.12427], [-71.77769, 19.12274], [-71.78905, 19.13093], [-71.80156, 19.13171]]]}, "properties": {"atmart_geo_id": "HTC-0642", "pcode": "HT0642", "nom_fr": "Thomassique", "nom_ht": "Tomasik", "niveau_admin": "3"}}, {"type": "Feature", "geometry": {"type": "Polygon", "coordinates": [[[-72.20681, 18.75805], [-72.21787, 18.77375], [-72.22498, 18.77243], [-72.2265, 18.76696], [-72.22159, 18.75694], [-72.23099, 18.75275], [-72.2306, 18.73814], [-72.23909, 18.7303], [-72.23971, 18.72617], [-72.23538, 18.71844], [-72.23814, 18.707], [-72.24182, 18.70329], [-72.24074, 18.69716], [-72.24429, 18.69287], [-72.23775, 18.65153], [-72.22858, 18.6576], [-72.2137, 18.66138], [-72.21228, 18.65639], [-72.20037, 18.64518], [-72.20432, 18.64041], [-72.19364, 18.63518], [-72.18597, 18.60907], [-72.17302, 18.61273], [-72.17188, 18.61054], [-72.15454, 18.60774], [-72.15184, 18.60354], [-72.15225, 18.59498], [-72.15362, 18.58813], [-72.15649, 18.58676], [-72.15179, 18.57984], [-72.15069, 18.56689], [-72.14337, 18.56739], [-72.14041, 18.58585], [-72.1381, 18.58652], [-72.1294, 18.58553], [-72.12735, 18.5733], [-72.10773, 18.56673], [-72.10298, 18.56862], [-72.09314, 18.56292], [-72.08943, 18.57598], [-72.09077, 18.58165], [-72.08582, 18.59067], [-72.08955, 18.59698], [-72.08183, 18.60495], [-72.0833, 18.61252], [-72.09351, 18.61088], [-72.09334, 18.6153], [-72.08756, 18.61887], [-72.07114, 18.62014], [-72.06997, 18.61217], [-72.06065, 18.61232], [-72.04744, 18.60418], [-72.04796, 18.59437], [-72.03847, 18.58915], [-71.99591, 18.61728], [-72.00042, 18.61759], [-72.00825, 18.62511], [-72.00086, 18.62766], [-72.0026, 18.63202], [-72.00022, 18.63526], [-72.01142, 18.64095], [-72.01394, 18.64655], [-72.01803, 18.64611], [-72.02865, 18.65812], [-72.03482, 18.65916], [-72.03944, 18.66404], [-72.04515, 18.66236], [-72.05733, 18.66958], [-72.05475, 18.68679], [-72.04065, 18.69178], [-72.01917, 18.70972], [-72.00901, 18.71418], [-72.00763, 18.70597], [-72.00112, 18.70296], [-71.99874, 18.70552], [-72.00144, 18.70873], [-71.99906, 18.71667], [-72.00389, 18.7189], [-72.00804, 18.7277], [-72.00531, 18.73007], [-72.00593, 18.73514], [-72.00944, 18.73699], [-72.01708, 18.72417], [-72.02759, 18.72692], [-72.03754, 18.72096], [-72.05675, 18.71878], [-72.06814, 18.72076], [-72.07355, 18.73669], [-72.08398, 18.72705], [-72.0869, 18.71374], [-72.09172, 18.71056], [-72.10984, 18.70831], [-72.11552, 18.70361], [-72.12721, 18.7064], [-72.14722, 18.69468], [-72.16658, 18.70265], [-72.18996, 18.72388], [-72.1973, 18.73218], [-72.20117, 18.74184], [-72.19393, 18.75152], [-72.19984, 18.75852], [-72.20316, 18.7562], [-72.20681, 18.75805]]]}, "properties": {"atmart_geo_id": "HTC-0132", "pcode": "HT0132", "nom_fr": "Thomazeau", "nom_ht": "Tomazo", "niveau_admin": "3"}}, {"type": "Feature", "geometry": {"type": "Polygon", "coordinates": [[[-71.98906, 19.05428], [-72.01113, 19.06529], [-72.01496, 19.05901], [-72.02526, 19.05412], [-72.03073, 19.05472], [-72.03536, 19.06021], [-72.0435, 19.06107], [-72.05878, 19.05546], [-72.06388, 19.05471], [-72.06743, 19.05774], [-72.08105, 19.05314], [-72.0836, 19.06143], [-72.08904, 19.06032], [-72.09503, 19.0454], [-72.1048, 19.0328], [-72.11309, 19.03341], [-72.12317, 19.02781], [-72.11767, 19.02579], [-72.11821, 19.01501], [-72.11496, 19.01594], [-72.10903, 19.01205], [-72.10975, 19.00874], [-72.10546, 19.00922], [-72.09768, 18.99201], [-72.09655, 18.98079], [-72.08021, 18.97314], [-72.07501, 18.96064], [-72.06422, 18.95691], [-72.06035, 18.94367], [-72.04806, 18.93309], [-72.04356, 18.93224], [-72.03626, 18.9415], [-72.0281, 18.94373], [-72.02119, 18.94085], [-72.01191, 18.94324], [-72.0082, 18.94223], [-72.00398, 18.93563], [-71.99838, 18.93651], [-71.99678, 18.92463], [-72.01965, 18.90666], [-72.03113, 18.90559], [-72.04009, 18.89955], [-72.03392, 18.89248], [-72.02841, 18.89372], [-72.02927, 18.88962], [-72.02243, 18.88065], [-72.02124, 18.88991], [-72.01689, 18.89158], [-72.01461, 18.89759], [-72.00819, 18.89913], [-72.00762, 18.90332], [-71.99896, 18.90123], [-71.99203, 18.9061], [-71.97913, 18.90051], [-71.97697, 18.88284], [-71.98076, 18.87967], [-71.97914, 18.87745], [-71.97422, 18.87712], [-71.9653, 18.87017], [-71.96098, 18.87294], [-71.94456, 18.85794], [-71.94006, 18.85973], [-71.93897, 18.85118], [-71.93655, 18.85578], [-71.9289, 18.85108], [-71.93198, 18.85416], [-71.92835, 18.85872], [-71.92562, 18.85268], [-71.92312, 18.85257], [-71.92375, 18.85597], [-71.91006, 18.85476], [-71.91351, 18.85855], [-71.9037, 18.86123], [-71.89916, 18.8678], [-71.8886, 18.87388], [-71.89276, 18.87564], [-71.89063, 18.87952], [-71.90188, 18.87375], [-71.91146, 18.88053], [-71.9155, 18.87987], [-71.91548, 18.88265], [-71.9144, 18.88632], [-71.90581, 18.88789], [-71.90579, 18.8916], [-71.88543, 18.90558], [-71.88322, 18.9132], [-71.88704, 18.91078], [-71.89097, 18.9172], [-71.88309, 18.94267], [-71.88548, 18.95961], [-71.87924, 18.95683], [-71.87484, 18.95826], [-71.87595, 18.97204], [-71.86875, 18.97454], [-71.86817, 18.98193], [-71.87505, 18.98585], [-71.86902, 18.98797], [-71.86621, 18.99464], [-71.87232, 18.99561], [-71.86803, 19.00157], [-71.87049, 19.00544], [-71.86636, 19.00698], [-71.86671, 19.0132], [-71.85747, 19.01751], [-71.85641, 19.0219], [-71.86035, 19.0262], [-71.86482, 19.02407], [-71.86495, 19.0349], [-71.87094, 19.0347], [-71.87276, 19.02816], [-71.87647, 19.02678], [-71.87785, 19.03536], [-71.88277, 19.03599], [-71.88789, 19.03279], [-71.89095, 19.0395], [-71.90431, 19.03169], [-71.90579, 19.02516], [-71.9109, 19.02062], [-71.91803, 19.02384], [-71.93136, 19.01707], [-71.95379, 19.03431], [-71.98906, 19.05428]]]}, "properties": {"atmart_geo_id": "HTC-0613", "pcode": "HT0613", "nom_fr": "Thomonde", "nom_ht": "Tomond", "niveau_admin": "3"}}, {"type": "Feature", "geometry": {"type": "Polygon", "coordinates": [[[-74.27976, 18.38474], [-74.29392, 18.39474], [-74.29615, 18.39181], [-74.29609, 18.37901], [-74.30218, 18.37216], [-74.30861, 18.36703], [-74.32453, 18.36447], [-74.32918, 18.36097], [-74.34313, 18.3643], [-74.35577, 18.36019], [-74.38787, 18.36286], [-74.39971, 18.35757], [-74.41023, 18.36068], [-74.42309, 18.35716], [-74.43235, 18.35891], [-74.43241, 18.3634], [-74.43675, 18.36627], [-74.43573, 18.36094], [-74.4411, 18.35702], [-74.45053, 18.35669], [-74.44766, 18.34997], [-74.43886, 18.34442], [-74.40208, 18.33421], [-74.39731, 18.32551], [-74.40188, 18.31918], [-74.39651, 18.31569], [-74.3838, 18.31433], [-74.38398, 18.31134], [-74.36966, 18.29644], [-74.35836, 18.29616], [-74.31161, 18.28499], [-74.30069, 18.28774], [-74.25755, 18.31155], [-74.25207, 18.31101], [-74.23386, 18.33111], [-74.22174, 18.33676], [-74.22971, 18.35547], [-74.22797, 18.3621], [-74.23504, 18.36809], [-74.24404, 18.37523], [-74.26034, 18.37649], [-74.26507, 18.38137], [-74.27701, 18.38136], [-74.27976, 18.38474]]]}, "properties": {"atmart_geo_id": "HTC-0753", "pcode": "HT0753", "nom_fr": "Tiburon", "nom_ht": "Tibiwon", "niveau_admin": "3"}}, {"type": "Feature", "geometry": {"type": "Polygon", "coordinates": [[[-73.94278, 18.37051], [-73.96754, 18.36992], [-73.9767, 18.36456], [-73.98061, 18.35463], [-73.98835, 18.34869], [-73.98754, 18.34509], [-73.97929, 18.34008], [-73.97265, 18.32342], [-73.95167, 18.32316], [-73.94695, 18.32], [-73.94239, 18.31015], [-73.94416, 18.3026], [-73.94805, 18.30168], [-73.95591, 18.29182], [-73.95041, 18.27476], [-73.9412, 18.26093], [-73.92853, 18.25621], [-73.92339, 18.25111], [-73.91174, 18.24955], [-73.89898, 18.24312], [-73.89205, 18.23743], [-73.88605, 18.22339], [-73.8751, 18.21673], [-73.87538, 18.21188], [-73.88146, 18.20458], [-73.87822, 18.20068], [-73.87775, 18.1893], [-73.89309, 18.17508], [-73.90147, 18.17524], [-73.89447, 18.16825], [-73.8811, 18.16401], [-73.87674, 18.15601], [-73.86734, 18.14848], [-73.86835, 18.14102], [-73.86292, 18.1403], [-73.86379, 18.13695], [-73.85708, 18.13036], [-73.8563, 18.1231], [-73.84226, 18.1156], [-73.84335, 18.12268], [-73.82869, 18.14282], [-73.82008, 18.15134], [-73.81589, 18.15171], [-73.80831, 18.15863], [-73.80368, 18.15849], [-73.78892, 18.16963], [-73.78944, 18.17496], [-73.80945, 18.20391], [-73.80623, 18.20609], [-73.86243, 18.27386], [-73.87577, 18.29937], [-73.86959, 18.29966], [-73.86658, 18.30469], [-73.86803, 18.31072], [-73.87178, 18.31047], [-73.87957, 18.30283], [-73.89194, 18.30505], [-73.90415, 18.31207], [-73.91001, 18.31785], [-73.91144, 18.32526], [-73.92646, 18.3369], [-73.92286, 18.33942], [-73.9278, 18.34255], [-73.92568, 18.34666], [-73.9299, 18.34895], [-73.92689, 18.35311], [-73.9279, 18.36623], [-73.94278, 18.37051]]]}, "properties": {"atmart_geo_id": "HTC-0712", "pcode": "HT0712", "nom_fr": "Torbeck", "nom_ht": "Tòbèk", "niveau_admin": "3"}}, {"type": "Feature", "geometry": {"type": "Polygon", "coordinates": [[[-72.05124, 19.64986], [-72.0665, 19.65566], [-72.06453, 19.65162], [-72.06724, 19.64883], [-72.06411, 19.64478], [-72.06565, 19.63542], [-72.07163, 19.63091], [-72.0789, 19.63161], [-72.09349, 19.6262], [-72.09086, 19.61161], [-72.08536, 19.60102], [-72.07854, 19.59455], [-72.06853, 19.5937], [-72.05714, 19.58548], [-72.0548, 19.57951], [-72.04821, 19.57462], [-72.04932, 19.56665], [-72.04386, 19.56335], [-72.04861, 19.55384], [-72.04684, 19.54964], [-72.02737, 19.53653], [-72.01904, 19.52584], [-72.00001, 19.52362], [-71.96952, 19.50828], [-71.96972, 19.51466], [-71.96391, 19.52294], [-71.97606, 19.53338], [-71.97732, 19.53944], [-71.95895, 19.53941], [-71.94684, 19.55066], [-71.93535, 19.54999], [-71.95104, 19.5679], [-71.96695, 19.57933], [-71.97932, 19.59676], [-71.97746, 19.60199], [-71.98571, 19.61291], [-71.9858, 19.62402], [-71.99155, 19.63238], [-71.98339, 19.64795], [-71.99576, 19.65071], [-72.00708, 19.63619], [-72.01144, 19.6422], [-72.04456, 19.6442], [-72.05124, 19.64986]]]}, "properties": {"atmart_geo_id": "HTC-0431", "pcode": "HT0431", "nom_fr": "Trou du Nord", "nom_ht": "Twou dinò", "niveau_admin": "3"}}, {"type": "Feature", "geometry": {"type": "Polygon", "coordinates": [[[-72.0079, 19.52422], [-72.01904, 19.52584], [-72.00972, 19.51067], [-72.01931, 19.4971], [-72.02522, 19.49391], [-72.02365, 19.47817], [-72.01285, 19.4704], [-72.0026, 19.4464], [-72.00877, 19.44906], [-72.01566, 19.44528], [-72.03685, 19.42959], [-72.03763, 19.42656], [-72.03398, 19.42568], [-72.0312, 19.41986], [-72.02355, 19.41736], [-72.02282, 19.41423], [-72.01587, 19.41368], [-72.00892, 19.41781], [-71.99887, 19.41095], [-71.99213, 19.4098], [-71.98816, 19.40415], [-71.98347, 19.40869], [-71.97484, 19.40872], [-71.96172, 19.40022], [-71.95587, 19.39004], [-71.95147, 19.38766], [-71.93464, 19.39257], [-71.92864, 19.38807], [-71.92865, 19.37415], [-71.92255, 19.3568], [-71.92022, 19.36019], [-71.92154, 19.36429], [-71.91662, 19.36712], [-71.91333, 19.37438], [-71.90315, 19.38003], [-71.8962, 19.3887], [-71.88888, 19.38822], [-71.87432, 19.39451], [-71.88505, 19.4052], [-71.87732, 19.41765], [-71.88116, 19.42799], [-71.87881, 19.43444], [-71.87634, 19.43639], [-71.87335, 19.42896], [-71.86683, 19.42683], [-71.8732, 19.43636], [-71.87471, 19.44405], [-71.89384, 19.46226], [-71.91214, 19.45998], [-71.93488, 19.47629], [-71.95083, 19.49481], [-71.96625, 19.50071], [-71.96952, 19.50828], [-71.99653, 19.52236], [-72.0079, 19.52422]]]}, "properties": {"atmart_geo_id": "HTC-0441", "pcode": "HT0441", "nom_fr": "Vallières", "nom_ht": "Valyè", "niveau_admin": "3"}}, {"type": "Feature", "geometry": {"type": "Polygon", "coordinates": [[[-72.59594, 19.14935], [-72.59999, 19.15863], [-72.60823, 19.15634], [-72.60455, 19.15113], [-72.60781, 19.14942], [-72.6082, 19.13555], [-72.58562, 19.12598], [-72.55461, 19.10634], [-72.55282, 19.10144], [-72.55801, 19.09445], [-72.55801, 19.09002], [-72.55465, 19.08332], [-72.54735, 19.07918], [-72.55369, 19.07538], [-72.55324, 19.07039], [-72.56878, 19.04712], [-72.57682, 19.04379], [-72.58481, 19.03508], [-72.58666, 19.02937], [-72.57998, 19.01804], [-72.58383, 19.01181], [-72.58356, 19.00325], [-72.58918, 18.99648], [-72.59412, 18.97384], [-72.58603, 18.96984], [-72.5585, 18.96501], [-72.55463, 18.96151], [-72.54137, 18.96167], [-72.53652, 18.95734], [-72.53085, 18.95957], [-72.51454, 18.95544], [-72.50907, 18.95957], [-72.49575, 18.95895], [-72.46702, 18.92582], [-72.45949, 18.92725], [-72.45496, 18.91983], [-72.44298, 18.92404], [-72.43564, 18.92346], [-72.43713, 18.92034], [-72.4285, 18.91732], [-72.42809, 18.91482], [-72.41754, 18.92356], [-72.41576, 18.93766], [-72.3939, 18.94736], [-72.37529, 18.98063], [-72.36511, 18.985], [-72.35762, 18.9824], [-72.3545, 18.98454], [-72.35625, 18.99021], [-72.3728, 18.98922], [-72.37359, 18.99209], [-72.36855, 18.9961], [-72.36853, 19.00395], [-72.38617, 19.01623], [-72.37975, 19.02555], [-72.39121, 19.03392], [-72.40497, 19.0361], [-72.40864, 19.04046], [-72.41356, 19.03887], [-72.41637, 19.04594], [-72.41984, 19.04411], [-72.4186, 19.03501], [-72.42659, 19.04602], [-72.43489, 19.04505], [-72.43512, 19.05345], [-72.44028, 19.05718], [-72.44088, 19.06284], [-72.44845, 19.06451], [-72.45226, 19.0704], [-72.45074, 19.08369], [-72.46302, 19.08316], [-72.46432, 19.076], [-72.46839, 19.07231], [-72.47307, 19.07575], [-72.46846, 19.08117], [-72.47021, 19.08424], [-72.47745, 19.08297], [-72.47697, 19.07832], [-72.47932, 19.0771], [-72.48275, 19.08342], [-72.48139, 19.09094], [-72.48913, 19.09321], [-72.48608, 19.09715], [-72.47948, 19.09232], [-72.47326, 19.09352], [-72.47452, 19.0983], [-72.4797, 19.10142], [-72.47509, 19.1081], [-72.47647, 19.11681], [-72.48175, 19.12014], [-72.49145, 19.11981], [-72.48802, 19.12649], [-72.49311, 19.12503], [-72.49448, 19.12008], [-72.49889, 19.12063], [-72.50451, 19.12503], [-72.5064, 19.13559], [-72.51554, 19.12997], [-72.51956, 19.1308], [-72.51899, 19.13632], [-72.51403, 19.13871], [-72.51878, 19.14385], [-72.51813, 19.14669], [-72.5122, 19.14806], [-72.51306, 19.15269], [-72.52112, 19.15445], [-72.53251, 19.14815], [-72.53932, 19.14066], [-72.55259, 19.14901], [-72.55911, 19.14443], [-72.56319, 19.14607], [-72.56416, 19.14206], [-72.5715, 19.13929], [-72.57946, 19.14225], [-72.57962, 19.14969], [-72.58254, 19.15287], [-72.588, 19.14841], [-72.59594, 19.14935]]]}, "properties": {"atmart_geo_id": "HTC-0532", "pcode": "HT0532", "nom_fr": "Verrettes", "nom_ht": "Vèrèt", "niveau_admin": "3"}}]}
