{"titre":"Points d'eau (WPdx)","source_id":"SRC-029","source":"Water Point Data Exchange — relevés Haiti Outreach et partenaires","licence":"CC BY-SA","millesime":"publié le 26/07/2026","legende":{"s":{"F":"fonctionnel","N":"non fonctionnel","?":"statut inconnu"}},"limite":"Couverture concentrée dans le Nord et le Centre : l'absence de point dit l'absence de relevé, pas l'absence d'eau.","type":"FeatureCollection","features":[{"type":"Feature","geometry":{"type":"Point","coordinates":[-73.916218,18.318938]},"properties":{"s":"F"}},{"type":"Feature","geometry":{"type":"Point","coordinates":[-72.882317,18.727156]},"properties":{"s":"F"}},{"type":"Feature","geometry":{"type":"Point","coordinates":[-72.878853,18.72764]},"properties":{"s":"F"}},{"type":"Feature","geometry":{"type":"Point","coordinates":[-72.836329,18.720041]},"properties":{"s":"F"}},{"type":"Feature","geometry":{"type":"Point","coordinates":[-72.841059,18.723631]},"properties":{"s":"F"}},{"type":"Feature","geometry":{"type":"Point","coordinates":[-72.837437,18.722571]},"properties":{"s":"F"}},{"type":"Feature","geometry":{"type":"Point","coordinates":[-72.804914,18.758277]},"properties":{"s":"F"}},{"type":"Feature","geometry":{"type":"Point","coordinates":[-72.845004,18.788113]},"properties":{"s":"F"}},{"type":"Feature","geometry":{"type":"Point","coordinates":[-72.846663,18.791325]},"properties":{"s":"F"}},{"type":"Feature","geometry":{"type":"Point","coordinates":[-71.726296,19.550239]},"properties":{"s":"F"}},{"type":"Feature","geometry":{"type":"Point","coordinates":[-72.18472,18.778015]},"properties":{"s":"F"}},{"type":"Feature","geometry":{"type":"Point","coordinates":[-72.181905,18.781387]},"properties":{"s":"F"}},{"type":"Feature","geometry":{"type":"Point","coordinates":[-72.149304,18.751805]},"properties":{"s":"F"}},{"type":"Feature","geometry":{"type":"Point","coordinates":[-72.147542,18.753855]},"properties":{"s":"F"}},{"type":"Feature","geometry":{"type":"Point","coordinates":[-72.147595,18.757978]},"properties":{"s":"F"}},{"type":"Feature","geometry":{"type":"Point","coordinates":[-72.023006,18.752869]},"properties":{"s":"F"}},{"type":"Feature","geometry":{"type":"Point","coordinates":[-72.024483,18.755083]},"properties":{"s":"F"}},{"type":"Feature","geometry":{"type":"Point","coordinates":[-72.028815,18.760169]},"properties":{"s":"F"}},{"type":"Feature","geometry":{"type":"Point","coordinates":[-72.029967,18.763332]},"properties":{"s":"F"}},{"type":"Feature","geometry":{"type":"Point","coordinates":[-72.031919,18.768426]},"properties":{"s":"F"}},{"type":"Feature","geometry":{"type":"Point","coordinates":[-72.032914,18.771123]},"properties":{"s":"F"}},{"type":"Feature","geometry":{"type":"Point","coordinates":[-72.027968,18.778013]},"properties":{"s":"F"}},{"type":"Feature","geometry":{"type":"Point","coordinates":[-72.015414,18.797477]},"properties":{"s":"F"}},{"type":"Feature","geometry":{"type":"Point","coordinates":[-72.010256,18.796488]},"properties":{"s":"F"}},{"type":"Feature","geometry":{"type":"Point","coordinates":[-72.197946,18.815608]},"properties":{"s":"F"}},{"type":"Feature","geometry":{"type":"Point","coordinates":[-72.147342,18.806313]},"properties":{"s":"F"}},{"type":"Feature","geometry":{"type":"Point","coordinates":[-72.139594,18.806437]},"properties":{"s":"F"}},{"type":"Feature","geometry":{"type":"Point","coordinates":[-72.104452,18.837317]},"properties":{"s":"F"}},{"type":"Feature","geometry":{"type":"Point","coordinates":[-72.218706,18.882673]},"properties":{"s":"F"}},{"type":"Feature","geometry":{"type":"Point","coordinates":[-72.217857,18.885666]},"properties":{"s":"F"}},{"type":"Feature","geometry":{"type":"Point","coordinates":[-72.244709,18.892487]},"properties":{"s":"F"}},{"type":"Feature","geometry":{"type":"Point","coordinates":[-72.178166,18.860959]},"properties":{"s":"F"}},{"type":"Feature","geometry":{"type":"Point","coordinates":[-72.071998,18.89908]},"properties":{"s":"F"}},{"type":"Feature","geometry":{"type":"Point","coordinates":[-72.076038,18.891489]},"properties":{"s":"F"}},{"type":"Feature","geometry":{"type":"Point","coordinates":[-72.067375,18.890584]},"properties":{"s":"F"}},{"type":"Feature","geometry":{"type":"Point","coordinates":[-72.075602,18.89275]},"properties":{"s":"F"}},{"type":"Feature","geometry":{"type":"Point","coordinates":[-72.074152,18.899964]},"properties":{"s":"F"}},{"type":"Feature","geometry":{"type":"Point","coordinates":[-72.069663,18.898965]},"properties":{"s":"F"}},{"type":"Feature","geometry":{"type":"Point","coordinates":[-72.012258,18.877249]},"properties":{"s":"F"}},{"type":"Feature","geometry":{"type":"Point","coordinates":[-72.009062,18.877191]},"properties":{"s":"F"}},{"type":"Feature","geometry":{"type":"Point","coordinates":[-72.011299,18.879007]},"properties":{"s":"F"}},{"type":"Feature","geometry":{"type":"Point","coordinates":[-72.012135,18.897927]},"properties":{"s":"F"}},{"type":"Feature","geometry":{"type":"Point","coordinates":[-72.16753,18.934387]},"properties":{"s":"F"}},{"type":"Feature","geometry":{"type":"Point","coordinates":[-72.113643,18.938587]},"properties":{"s":"F"}},{"type":"Feature","geometry":{"type":"Point","coordinates":[-72.11434,18.942569]},"properties":{"s":"F"}},{"type":"Feature","geometry":{"type":"Point","coordinates":[-72.068465,18.907715]},"properties":{"s":"F"}},{"type":"Feature","geometry":{"type":"Point","coordinates":[-72.076843,18.913721]},"properties":{"s":"F"}},{"type":"Feature","geometry":{"type":"Point","coordinates":[-72.078216,18.920619]},"properties":{"s":"F"}},{"type":"Feature","geometry":{"type":"Point","coordinates":[-72.076611,18.925341]},"properties":{"s":"F"}},{"type":"Feature","geometry":{"type":"Point","coordinates":[-72.076123,18.925551]},"properties":{"s":"F"}},{"type":"Feature","geometry":{"type":"Point","coordinates":[-72.074805,18.925918]},"properties":{"s":"F"}},{"type":"Feature","geometry":{"type":"Point","coordinates":[-72.097308,18.93764]},"properties":{"s":"F"}},{"type":"Feature","geometry":{"type":"Point","coordinates":[-72.038758,18.903044]},"properties":{"s":"F"}},{"type":"Feature","geometry":{"type":"Point","coordinates":[-72.001652,18.795804]},"properties":{"s":"F"}},{"type":"Feature","geometry":{"type":"Point","coordinates":[-72.001186,18.797473]},"properties":{"s":"F"}},{"type":"Feature","geometry":{"type":"Point","coordinates":[-72.868256,18.837056]},"properties":{"s":"F"}},{"type":"Feature","geometry":{"type":"Point","coordinates":[-72.311369,18.846575]},"properties":{"s":"F"}},{"type":"Feature","geometry":{"type":"Point","coordinates":[-72.264433,18.821764]},"properties":{"s":"F"}},{"type":"Feature","geometry":{"type":"Point","coordinates":[-72.288707,18.824213]},"properties":{"s":"F"}},{"type":"Feature","geometry":{"type":"Point","coordinates":[-72.298577,18.840371]},"properties":{"s":"F"}},{"type":"Feature","geometry":{"type":"Point","coordinates":[-72.202906,18.826399]},"properties":{"s":"F"}},{"type":"Feature","geometry":{"type":"Point","coordinates":[-71.994176,18.925687]},"properties":{"s":"F"}},{"type":"Feature","geometry":{"type":"Point","coordinates":[-72.193585,19.001963]},"properties":{"s":"F"}},{"type":"Feature","geometry":{"type":"Point","coordinates":[-72.077745,19.027364]},"properties":{"s":"F"}},{"type":"Feature","geometry":{"type":"Point","coordinates":[-72.007043,19.072543]},"properties":{"s":"F"}},{"type":"Feature","geometry":{"type":"Point","coordinates":[-72.006174,19.077025]},"properties":{"s":"F"}},{"type":"Feature","geometry":{"type":"Point","coordinates":[-72.216833,19.164987]},"properties":{"s":"F"}},{"type":"Feature","geometry":{"type":"Point","coordinates":[-72.225293,19.16518]},"properties":{"s":"F"}},{"type":"Feature","geometry":{"type":"Point","coordinates":[-71.960428,18.798438]},"properties":{"s":"F"}},{"type":"Feature","geometry":{"type":"Point","coordinates":[-71.955852,18.799417]},"properties":{"s":"F"}},{"type":"Feature","geometry":{"type":"Point","coordinates":[-71.9369,18.761675]},"properties":{"s":"F"}},{"type":"Feature","geometry":{"type":"Point","coordinates":[-72.163942,19.190532]},"properties":{"s":"F"}},{"type":"Feature","geometry":{"type":"Point","coordinates":[-71.937418,18.763469]},"properties":{"s":"F"}},{"type":"Feature","geometry":{"type":"Point","coordinates":[-72.133757,19.150662]},"properties":{"s":"F"}},{"type":"Feature","geometry":{"type":"Point","coordinates":[-72.01376,19.170598]},"properties":{"s":"F"}},{"type":"Feature","geometry":{"type":"Point","coordinates":[-72.014415,19.261625]},"properties":{"s":"F"}},{"type":"Feature","geometry":{"type":"Point","coordinates":[-72.047079,19.480275]},"properties":{"s":"F"}},{"type":"Feature","geometry":{"type":"Point","coordinates":[-72.454126,19.526675]},"properties":{"s":"F"}},{"type":"Feature","geometry":{"type":"Point","coordinates":[-72.441628,19.532958]},"properties":{"s":"F"}},{"type":"Feature","geometry":{"type":"Point","coordinates":[-71.872642,18.7518]},"properties":{"s":"F"}},{"type":"Feature","geometry":{"type":"Point","coordinates":[-72.047027,19.514594]},"properties":{"s":"F"}},{"type":"Feature","geometry":{"type":"Point","coordinates":[-72.504076,19.597951]},"properties":{"s":"F"}},{"type":"Feature","geometry":{"type":"Point","coordinates":[-72.485602,19.579582]},"properties":{"s":"F"}},{"type":"Feature","geometry":{"type":"Point","coordinates":[-72.467198,19.598773]},"properties":{"s":"F"}},{"type":"Feature","geometry":{"type":"Point","coordinates":[-72.104025,19.583942]},"properties":{"s":"F"}},{"type":"Feature","geometry":{"type":"Point","coordinates":[-71.865373,18.750563]},"properties":{"s":"F"}},{"type":"Feature","geometry":{"type":"Point","coordinates":[-71.862387,18.750504]},"properties":{"s":"F"}},{"type":"Feature","geometry":{"type":"Point","coordinates":[-71.861249,18.750855]},"properties":{"s":"F"}},{"type":"Feature","geometry":{"type":"Point","coordinates":[-71.897156,18.754456]},"properties":{"s":"F"}},{"type":"Feature","geometry":{"type":"Point","coordinates":[-71.778121,18.774246]},"properties":{"s":"F"}},{"type":"Feature","geometry":{"type":"Point","coordinates":[-71.786561,18.786913]},"properties":{"s":"F"}},{"type":"Feature","geometry":{"type":"Point","coordinates":[-72.070756,19.587197]},"properties":{"s":"F"}},{"type":"Feature","geometry":{"type":"Point","coordinates":[-72.074056,19.59063]},"properties":{"s":"F"}},{"type":"Feature","geometry":{"type":"Point","coordinates":[-72.558709,19.64579]},"properties":{"s":"F"}},{"type":"Feature","geometry":{"type":"Point","coordinates":[-72.425617,19.648491]},"properties":{"s":"F"}},{"type":"Feature","geometry":{"type":"Point","coordinates":[-72.215653,19.607352]},"properties":{"s":"F"}},{"type":"Feature","geometry":{"type":"Point","coordinates":[-71.825089,18.747423]},"properties":{"s":"F"}},{"type":"Feature","geometry":{"type":"Point","coordinates":[-72.484858,19.65122]},"properties":{"s":"F"}},{"type":"Feature","geometry":{"type":"Point","coordinates":[-71.777158,18.787007]},"properties":{"s":"F"}},{"type":"Feature","geometry":{"type":"Point","coordinates":[-71.785843,18.789299]},"properties":{"s":"F"}},{"type":"Feature","geometry":{"type":"Point","coordinates":[-72.418273,19.677659]},"properties":{"s":"F"}},{"type":"Feature","geometry":{"type":"Point","coordinates":[-72.416405,19.67869]},"properties":{"s":"F"}},{"type":"Feature","geometry":{"type":"Point","coordinates":[-71.779054,18.789044]},"properties":{"s":"F"}},{"type":"Feature","geometry":{"type":"Point","coordinates":[-71.784182,18.791191]},"properties":{"s":"F"}},{"type":"Feature","geometry":{"type":"Point","coordinates":[-71.968424,18.807844]},"properties":{"s":"F"}},{"type":"Feature","geometry":{"type":"Point","coordinates":[-71.97172,18.811286]},"properties":{"s":"F"}},{"type":"Feature","geometry":{"type":"Point","coordinates":[-71.951587,18.81114]},"properties":{"s":"F"}},{"type":"Feature","geometry":{"type":"Point","coordinates":[-71.91555,18.822233]},"properties":{"s":"F"}},{"type":"Feature","geometry":{"type":"Point","coordinates":[-71.914757,18.820927]},"properties":{"s":"F"}},{"type":"Feature","geometry":{"type":"Point","coordinates":[-71.768489,18.720478]},"properties":{"s":"F"}},{"type":"Feature","geometry":{"type":"Point","coordinates":[-71.771941,18.722661]},"properties":{"s":"F"}},{"type":"Feature","geometry":{"type":"Point","coordinates":[-71.761949,18.724763]},"properties":{"s":"F"}},{"type":"Feature","geometry":{"type":"Point","coordinates":[-71.942592,18.82407]},"properties":{"s":"F"}},{"type":"Feature","geometry":{"type":"Point","coordinates":[-71.919934,18.825688]},"properties":{"s":"F"}},{"type":"Feature","geometry":{"type":"Point","coordinates":[-71.855358,18.829301]},"properties":{"s":"F"}},{"type":"Feature","geometry":{"type":"Point","coordinates":[-71.890041,18.830009]},"properties":{"s":"F"}},{"type":"Feature","geometry":{"type":"Point","coordinates":[-71.885008,18.830268]},"properties":{"s":"F"}},{"type":"Feature","geometry":{"type":"Point","coordinates":[-71.789744,18.733175]},"properties":{"s":"F"}},{"type":"Feature","geometry":{"type":"Point","coordinates":[-71.953975,18.764565]},"properties":{"s":"F"}},{"type":"Feature","geometry":{"type":"Point","coordinates":[-71.950684,18.763205]},"properties":{"s":"F"}},{"type":"Feature","geometry":{"type":"Point","coordinates":[-71.897704,18.833008]},"properties":{"s":"F"}},{"type":"Feature","geometry":{"type":"Point","coordinates":[-71.958388,18.766678]},"properties":{"s":"F"}},{"type":"Feature","geometry":{"type":"Point","coordinates":[-71.929667,18.816809]},"properties":{"s":"F"}},{"type":"Feature","geometry":{"type":"Point","coordinates":[-72.365303,19.702019]},"properties":{"s":"F"}},{"type":"Feature","geometry":{"type":"Point","coordinates":[-72.163641,18.873822]},"properties":{"s":"F"}},{"type":"Feature","geometry":{"type":"Point","coordinates":[-72.445076,19.72428]},"properties":{"s":"F"}},{"type":"Feature","geometry":{"type":"Point","coordinates":[-72.490945,19.570187]},"properties":{"s":"F"}},{"type":"Feature","geometry":{"type":"Point","coordinates":[-71.762461,18.73113]},"properties":{"s":"F"}},{"type":"Feature","geometry":{"type":"Point","coordinates":[-72.092806,19.549033]},"properties":{"s":"F"}},{"type":"Feature","geometry":{"type":"Point","coordinates":[-71.941593,18.819152]},"properties":{"s":"F"}},{"type":"Feature","geometry":{"type":"Point","coordinates":[-71.851523,18.833777]},"properties":{"s":"F"}},{"type":"Feature","geometry":{"type":"Point","coordinates":[-72.549022,19.810534]},"properties":{"s":"F"}},{"type":"Feature","geometry":{"type":"Point","coordinates":[-72.565451,19.789446]},"properties":{"s":"F"}},{"type":"Feature","geometry":{"type":"Point","coordinates":[-71.794962,18.734985]},"properties":{"s":"F"}},{"type":"Feature","geometry":{"type":"Point","coordinates":[-72.427661,19.669783]},"properties":{"s":"F"}},{"type":"Feature","geometry":{"type":"Point","coordinates":[-71.829865,19.183]},"properties":{"s":"F"}},{"type":"Feature","geometry":{"type":"Point","coordinates":[-73.916847,18.317925]},"properties":{"s":"F"}},{"type":"Feature","geometry":{"type":"Point","coordinates":[-71.793231,18.734322]},"properties":{"s":"F"}},{"type":"Feature","geometry":{"type":"Point","coordinates":[-71.927835,18.815638]},"properties":{"s":"F"}},{"type":"Feature","geometry":{"type":"Point","coordinates":[-72.028519,18.771958]},"properties":{"s":"F"}},{"type":"Feature","geometry":{"type":"Point","coordinates":[-72.434061,19.651315]},"properties":{"s":"F"}},{"type":"Feature","geometry":{"type":"Point","coordinates":[-72.086405,18.940083]},"properties":{"s":"F"}},{"type":"Feature","geometry":{"type":"Point","coordinates":[-72.202961,18.815249]},"properties":{"s":"F"}},{"type":"Feature","geometry":{"type":"Point","coordinates":[-71.919987,19.434575]},"properties":{"s":"F"}},{"type":"Feature","geometry":{"type":"Point","coordinates":[-72.069421,18.892414]},"properties":{"s":"F"}},{"type":"Feature","geometry":{"type":"Point","coordinates":[-72.089784,19.606966]},"properties":{"s":"F"}},{"type":"Feature","geometry":{"type":"Point","coordinates":[-72.846264,18.788026]},"properties":{"s":"F"}},{"type":"Feature","geometry":{"type":"Point","coordinates":[-71.797033,18.852924]},"properties":{"s":"F"}},{"type":"Feature","geometry":{"type":"Point","coordinates":[-72.208271,19.012559]},"properties":{"s":"F"}},{"type":"Feature","geometry":{"type":"Point","coordinates":[-71.734,19.135232]},"properties":{"s":"F"}},{"type":"Feature","geometry":{"type":"Point","coordinates":[-73.917488,18.313723]},"properties":{"s":"F"}},{"type":"Feature","geometry":{"type":"Point","coordinates":[-72.20103,18.815141]},"properties":{"s":"F"}},{"type":"Feature","geometry":{"type":"Point","coordinates":[-72.464894,19.567301]},"properties":{"s":"F"}},{"type":"Feature","geometry":{"type":"Point","coordinates":[-71.989643,19.312896]},"properties":{"s":"F"}},{"type":"Feature","geometry":{"type":"Point","coordinates":[-72.418722,19.64987]},"properties":{"s":"F"}},{"type":"Feature","geometry":{"type":"Point","coordinates":[-72.49511,19.567288]},"properties":{"s":"F"}},{"type":"Feature","geometry":{"type":"Point","coordinates":[-71.993729,18.795706]},"properties":{"s":"F"}},{"type":"Feature","geometry":{"type":"Point","coordinates":[-72.06033,19.482798]},"properties":{"s":"F"}},{"type":"Feature","geometry":{"type":"Point","coordinates":[-72.86396,18.831193]},"properties":{"s":"F"}},{"type":"Feature","geometry":{"type":"Point","coordinates":[-71.965997,18.771523]},"properties":{"s":"F"}},{"type":"Feature","geometry":{"type":"Point","coordinates":[-71.964565,18.780571]},"properties":{"s":"F"}},{"type":"Feature","geometry":{"type":"Point","coordinates":[-71.981749,19.207963]},"properties":{"s":"F"}},{"type":"Feature","geometry":{"type":"Point","coordinates":[-72.425271,19.69895]},"properties":{"s":"F"}},{"type":"Feature","geometry":{"type":"Point","coordinates":[-71.800684,18.836116]},"properties":{"s":"F"}},{"type":"Feature","geometry":{"type":"Point","coordinates":[-72.039142,18.877802]},"properties":{"s":"F"}},{"type":"Feature","geometry":{"type":"Point","coordinates":[-71.90397,19.48967]},"properties":{"s":"F"}},{"type":"Feature","geometry":{"type":"Point","coordinates":[-72.002772,18.872621]},"properties":{"s":"F"}},{"type":"Feature","geometry":{"type":"Point","coordinates":[-72.388831,18.782879]},"properties":{"s":"F"}},{"type":"Feature","geometry":{"type":"Point","coordinates":[-71.767646,18.837046]},"properties":{"s":"F"}},{"type":"Feature","geometry":{"type":"Point","coordinates":[-72.48603,19.620657]},"properties":{"s":"F"}},{"type":"Feature","geometry":{"type":"Point","coordinates":[-72.131709,18.811337]},"properties":{"s":"F"}},{"type":"Feature","geometry":{"type":"Point","coordinates":[-72.060133,19.090409]},"properties":{"s":"F"}},{"type":"Feature","geometry":{"type":"Point","coordinates":[-71.993058,18.93484]},"properties":{"s":"F"}},{"type":"Feature","geometry":{"type":"Point","coordinates":[-72.079549,18.917515]},"properties":{"s":"F"}},{"type":"Feature","geometry":{"type":"Point","coordinates":[-71.80695,18.772635]},"properties":{"s":"F"}},{"type":"Feature","geometry":{"type":"Point","coordinates":[-71.989279,18.798417]},"properties":{"s":"F"}},{"type":"Feature","geometry":{"type":"Point","coordinates":[-72.045161,19.117067]},"properties":{"s":"F"}},{"type":"Feature","geometry":{"type":"Point","coordinates":[-71.940084,19.269901]},"properties":{"s":"F"}},{"type":"Feature","geometry":{"type":"Point","coordinates":[-71.804592,18.841412]},"properties":{"s":"F"}},{"type":"Feature","geometry":{"type":"Point","coordinates":[-71.807468,18.845405]},"properties":{"s":"F"}},{"type":"Feature","geometry":{"type":"Point","coordinates":[-71.857296,19.218549]},"properties":{"s":"F"}},{"type":"Feature","geometry":{"type":"Point","coordinates":[-72.069908,18.89076]},"properties":{"s":"F"}},{"type":"Feature","geometry":{"type":"Point","coordinates":[-72.015066,18.882152]},"properties":{"s":"F"}},{"type":"Feature","geometry":{"type":"Point","coordinates":[-71.78186,18.797569]},"properties":{"s":"F"}},{"type":"Feature","geometry":{"type":"Point","coordinates":[-72.548674,19.655898]},"properties":{"s":"F"}},{"type":"Feature","geometry":{"type":"Point","coordinates":[-72.089923,19.543563]},"properties":{"s":"F"}},{"type":"Feature","geometry":{"type":"Point","coordinates":[-71.780454,18.791711]},"properties":{"s":"F"}},{"type":"Feature","geometry":{"type":"Point","coordinates":[-72.210022,19.009771]},"properties":{"s":"F"}},{"type":"Feature","geometry":{"type":"Point","coordinates":[-71.972496,18.783886]},"properties":{"s":"F"}},{"type":"Feature","geometry":{"type":"Point","coordinates":[-71.838121,19.085261]},"properties":{"s":"F"}},{"type":"Feature","geometry":{"type":"Point","coordinates":[-72.270315,19.677455]},"properties":{"s":"F"}},{"type":"Feature","geometry":{"type":"Point","coordinates":[-72.387827,19.71448]},"properties":{"s":"F"}},{"type":"Feature","geometry":{"type":"Point","coordinates":[-72.233561,19.522033]},"properties":{"s":"F"}},{"type":"Feature","geometry":{"type":"Point","coordinates":[-72.1404,18.920039]},"properties":{"s":"F"}},{"type":"Feature","geometry":{"type":"Point","coordinates":[-71.996173,19.067465]},"properties":{"s":"F"}},{"type":"Feature","geometry":{"type":"Point","coordinates":[-72.030809,18.765699]},"properties":{"s":"F"}},{"type":"Feature","geometry":{"type":"Point","coordinates":[-71.90011,19.360043]},"properties":{"s":"F"}},{"type":"Feature","geometry":{"type":"Point","coordinates":[-72.175959,18.832838]},"properties":{"s":"F"}},{"type":"Feature","geometry":{"type":"Point","coordinates":[-72.461099,19.574455]},"properties":{"s":"F"}},{"type":"Feature","geometry":{"type":"Point","coordinates":[-71.920667,19.434866]},"properties":{"s":"F"}},{"type":"Feature","geometry":{"type":"Point","coordinates":[-72.487662,19.559978]},"properties":{"s":"F"}},{"type":"Feature","geometry":{"type":"Point","coordinates":[-72.48295,19.629484]},"properties":{"s":"F"}},{"type":"Feature","geometry":{"type":"Point","coordinates":[-71.994012,18.936273]},"properties":{"s":"F"}},{"type":"Feature","geometry":{"type":"Point","coordinates":[-72.479284,19.658156]},"properties":{"s":"F"}},{"type":"Feature","geometry":{"type":"Point","coordinates":[-72.553581,19.658683]},"properties":{"s":"F"}},{"type":"Feature","geometry":{"type":"Point","coordinates":[-71.806483,18.739542]},"properties":{"s":"F"}},{"type":"Feature","geometry":{"type":"Point","coordinates":[-72.387763,19.716263]},"properties":{"s":"F"}},{"type":"Feature","geometry":{"type":"Point","coordinates":[-71.820581,18.744945]},"properties":{"s":"F"}},{"type":"Feature","geometry":{"type":"Point","coordinates":[-72.48052,19.57257]},"properties":{"s":"F"}},{"type":"Feature","geometry":{"type":"Point","coordinates":[-71.838403,19.12196]},"properties":{"s":"F"}},{"type":"Feature","geometry":{"type":"Point","coordinates":[-71.803203,18.84582]},"properties":{"s":"F"}},{"type":"Feature","geometry":{"type":"Point","coordinates":[-71.982885,18.871495]},"properties":{"s":"F"}},{"type":"Feature","geometry":{"type":"Point","coordinates":[-72.225527,19.782594]},"properties":{"s":"F"}},{"type":"Feature","geometry":{"type":"Point","coordinates":[-72.161919,18.876817]},"properties":{"s":"F"}},{"type":"Feature","geometry":{"type":"Point","coordinates":[-71.966394,18.778499]},"properties":{"s":"F"}},{"type":"Feature","geometry":{"type":"Point","coordinates":[-72.165065,18.870891]},"properties":{"s":"F"}},{"type":"Feature","geometry":{"type":"Point","coordinates":[-71.755277,18.797052]},"properties":{"s":"F"}},{"type":"Feature","geometry":{"type":"Point","coordinates":[-72.090164,19.032162]},"properties":{"s":"F"}},{"type":"Feature","geometry":{"type":"Point","coordinates":[-71.712645,19.409188]},"properties":{"s":"F"}},{"type":"Feature","geometry":{"type":"Point","coordinates":[-72.551983,19.662647]},"properties":{"s":"F"}},{"type":"Feature","geometry":{"type":"Point","coordinates":[-72.148119,18.923421]},"properties":{"s":"F"}},{"type":"Feature","geometry":{"type":"Point","coordinates":[-71.997535,18.926699]},"properties":{"s":"F"}},{"type":"Feature","geometry":{"type":"Point","coordinates":[-72.568208,19.684673]},"properties":{"s":"F"}},{"type":"Feature","geometry":{"type":"Point","coordinates":[-72.019623,19.071639]},"properties":{"s":"F"}},{"type":"Feature","geometry":{"type":"Point","coordinates":[-71.964886,18.802913]},"properties":{"s":"F"}},{"type":"Feature","geometry":{"type":"Point","coordinates":[-71.817722,18.744354]},"properties":{"s":"F"}},{"type":"Feature","geometry":{"type":"Point","coordinates":[-72.870385,18.731136]},"properties":{"s":"F"}},{"type":"Feature","geometry":{"type":"Point","coordinates":[-71.981768,19.194033]},"properties":{"s":"F"}},{"type":"Feature","geometry":{"type":"Point","coordinates":[-72.947625,18.850555]},"properties":{"s":"N"}},{"type":"Feature","geometry":{"type":"Point","coordinates":[-71.824816,18.859195]},"properties":{"s":"F"}},{"type":"Feature","geometry":{"type":"Point","coordinates":[-71.797204,18.846803]},"properties":{"s":"F"}},{"type":"Feature","geometry":{"type":"Point","coordinates":[-72.804702,18.757603]},"properties":{"s":"F"}},{"type":"Feature","geometry":{"type":"Point","coordinates":[-72.447811,19.722142]},"properties":{"s":"F"}},{"type":"Feature","geometry":{"type":"Point","coordinates":[-72.221675,19.603306]},"properties":{"s":"F"}},{"type":"Feature","geometry":{"type":"Point","coordinates":[-72.168639,18.83875]},"properties":{"s":"F"}},{"type":"Feature","geometry":{"type":"Point","coordinates":[-72.056649,18.849113]},"properties":{"s":"F"}},{"type":"Feature","geometry":{"type":"Point","coordinates":[-71.976533,18.889362]},"properties":{"s":"F"}},{"type":"Feature","geometry":{"type":"Point","coordinates":[-72.00019,18.871772]},"properties":{"s":"F"}},{"type":"Feature","geometry":{"type":"Point","coordinates":[-71.942928,19.268685]},"properties":{"s":"F"}},{"type":"Feature","geometry":{"type":"Point","coordinates":[-72.199293,18.816734]},"properties":{"s":"F"}},{"type":"Feature","geometry":{"type":"Point","coordinates":[-72.320233,19.67793]},"properties":{"s":"N"}},{"type":"Feature","geometry":{"type":"Point","coordinates":[-71.76396,19.080455]},"properties":{"s":"F"}},{"type":"Feature","geometry":{"type":"Point","coordinates":[-71.855934,18.834583]},"properties":{"s":"F"}},{"type":"Feature","geometry":{"type":"Point","coordinates":[-71.812303,19.381025]},"properties":{"s":"F"}},{"type":"Feature","geometry":{"type":"Point","coordinates":[-71.943851,18.765755]},"properties":{"s":"F"}},{"type":"Feature","geometry":{"type":"Point","coordinates":[-72.202372,18.822803]},"properties":{"s":"F"}},{"type":"Feature","geometry":{"type":"Point","coordinates":[-72.019282,19.336465]},"properties":{"s":"F"}},{"type":"Feature","geometry":{"type":"Point","coordinates":[-72.524174,19.712014]},"properties":{"s":"N"}},{"type":"Feature","geometry":{"type":"Point","coordinates":[-72.565425,19.791851]},"properties":{"s":"F"}},{"type":"Feature","geometry":{"type":"Point","coordinates":[-71.905838,18.853066]},"properties":{"s":"F"}},{"type":"Feature","geometry":{"type":"Point","coordinates":[-72.570477,19.685985]},"properties":{"s":"F"}},{"type":"Feature","geometry":{"type":"Point","coordinates":[-72.02515,19.335935]},"properties":{"s":"F"}},{"type":"Feature","geometry":{"type":"Point","coordinates":[-71.960629,18.856302]},"properties":{"s":"F"}},{"type":"Feature","geometry":{"type":"Point","coordinates":[-71.995142,19.041419]},"properties":{"s":"F"}},{"type":"Feature","geometry":{"type":"Point","coordinates":[-71.987742,19.037078]},"properties":{"s":"F"}},{"type":"Feature","geometry":{"type":"Point","coordinates":[-72.455784,19.569622]},"properties":{"s":"F"}},{"type":"Feature","geometry":{"type":"Point","coordinates":[-71.839254,19.082222]},"properties":{"s":"F"}},{"type":"Feature","geometry":{"type":"Point","coordinates":[-71.761424,19.136675]},"properties":{"s":"F"}},{"type":"Feature","geometry":{"type":"Point","coordinates":[-72.249166,19.726117]},"properties":{"s":"F"}},{"type":"Feature","geometry":{"type":"Point","coordinates":[-72.568187,19.682378]},"properties":{"s":"F"}},{"type":"Feature","geometry":{"type":"Point","coordinates":[-72.041967,19.501259]},"properties":{"s":"F"}},{"type":"Feature","geometry":{"type":"Point","coordinates":[-72.007214,18.89562]},"properties":{"s":"F"}},{"type":"Feature","geometry":{"type":"Point","coordinates":[-71.971141,19.173979]},"properties":{"s":"F"}},{"type":"Feature","geometry":{"type":"Point","coordinates":[-72.087753,19.591145]},"properties":{"s":"F"}},{"type":"Feature","geometry":{"type":"Point","coordinates":[-72.248606,19.724516]},"properties":{"s":"F"}},{"type":"Feature","geometry":{"type":"Point","coordinates":[-71.980996,19.187717]},"properties":{"s":"F"}},{"type":"Feature","geometry":{"type":"Point","coordinates":[-71.811521,19.366785]},"properties":{"s":"F"}},{"type":"Feature","geometry":{"type":"Point","coordinates":[-71.832928,19.652294]},"properties":{"s":"N"}},{"type":"Feature","geometry":{"type":"Point","coordinates":[-72.162513,18.840485]},"properties":{"s":"F"}},{"type":"Feature","geometry":{"type":"Point","coordinates":[-71.994621,19.47692]},"properties":{"s":"F"}},{"type":"Feature","geometry":{"type":"Point","coordinates":[-71.811996,18.795678]},"properties":{"s":"F"}},{"type":"Feature","geometry":{"type":"Point","coordinates":[-72.160126,19.154084]},"properties":{"s":"F"}},{"type":"Feature","geometry":{"type":"Point","coordinates":[-71.778975,18.857862]},"properties":{"s":"N"}},{"type":"Feature","geometry":{"type":"Point","coordinates":[-71.982231,19.367946]},"properties":{"s":"F"}},{"type":"Feature","geometry":{"type":"Point","coordinates":[-72.46285,19.562963]},"properties":{"s":"N"}},{"type":"Feature","geometry":{"type":"Point","coordinates":[-71.816135,18.853843]},"properties":{"s":"F"}},{"type":"Feature","geometry":{"type":"Point","coordinates":[-71.793643,19.354308]},"properties":{"s":"F"}},{"type":"Feature","geometry":{"type":"Point","coordinates":[-72.147681,19.529864]},"properties":{"s":"N"}},{"type":"Feature","geometry":{"type":"Point","coordinates":[-71.809363,19.357892]},"properties":{"s":"F"}},{"type":"Feature","geometry":{"type":"Point","coordinates":[-72.045265,19.270501]},"properties":{"s":"N"}},{"type":"Feature","geometry":{"type":"Point","coordinates":[-71.937315,18.821904]},"properties":{"s":"N"}},{"type":"Feature","geometry":{"type":"Point","coordinates":[-71.868044,19.158026]},"properties":{"s":"F"}},{"type":"Feature","geometry":{"type":"Point","coordinates":[-72.053337,18.903395]},"properties":{"s":"F"}},{"type":"Feature","geometry":{"type":"Point","coordinates":[-72.106261,19.605142]},"properties":{"s":"F"}},{"type":"Feature","geometry":{"type":"Point","coordinates":[-71.780581,19.393031]},"properties":{"s":"F"}},{"type":"Feature","geometry":{"type":"Point","coordinates":[-71.77485,18.784143]},"properties":{"s":"F"}},{"type":"Feature","geometry":{"type":"Point","coordinates":[-72.119915,18.9448]},"properties":{"s":"F"}},{"type":"Feature","geometry":{"type":"Point","coordinates":[-71.992816,18.931622]},"properties":{"s":"F"}},{"type":"Feature","geometry":{"type":"Point","coordinates":[-71.963465,18.770426]},"properties":{"s":"F"}},{"type":"Feature","geometry":{"type":"Point","coordinates":[-71.978723,19.21594]},"properties":{"s":"F"}},{"type":"Feature","geometry":{"type":"Point","coordinates":[-71.837289,19.189009]},"properties":{"s":"F"}},{"type":"Feature","geometry":{"type":"Point","coordinates":[-72.02729,19.61454]},"properties":{"s":"N"}},{"type":"Feature","geometry":{"type":"Point","coordinates":[-71.834284,19.188977]},"properties":{"s":"F"}},{"type":"Feature","geometry":{"type":"Point","coordinates":[-72.154639,19.178904]},"properties":{"s":"N"}},{"type":"Feature","geometry":{"type":"Point","coordinates":[-71.918055,18.847487]},"properties":{"s":"F"}},{"type":"Feature","geometry":{"type":"Point","coordinates":[-71.791697,18.851192]},"properties":{"s":"F"}},{"type":"Feature","geometry":{"type":"Point","coordinates":[-72.020326,19.140632]},"properties":{"s":"N"}},{"type":"Feature","geometry":{"type":"Point","coordinates":[-72.449765,19.525132]},"properties":{"s":"F"}},{"type":"Feature","geometry":{"type":"Point","coordinates":[-71.8438,19.077555]},"properties":{"s":"N"}},{"type":"Feature","geometry":{"type":"Point","coordinates":[-72.14386,19.149849]},"properties":{"s":"N"}},{"type":"Feature","geometry":{"type":"Point","coordinates":[-71.71372,19.54562]},"properties":{"s":"F"}},{"type":"Feature","geometry":{"type":"Point","coordinates":[-72.477802,19.651895]},"properties":{"s":"N"}},{"type":"Feature","geometry":{"type":"Point","coordinates":[-72.52269,19.719486]},"properties":{"s":"N"}},{"type":"Feature","geometry":{"type":"Point","coordinates":[-72.034737,19.6057]},"properties":{"s":"N"}},{"type":"Feature","geometry":{"type":"Point","coordinates":[-72.040606,19.089071]},"properties":{"s":"F"}},{"type":"Feature","geometry":{"type":"Point","coordinates":[-71.837988,19.083935]},"properties":{"s":"N"}},{"type":"Feature","geometry":{"type":"Point","coordinates":[-72.02433,19.61675]},"properties":{"s":"N"}},{"type":"Feature","geometry":{"type":"Point","coordinates":[-72.481596,19.619162]},"properties":{"s":"N"}},{"type":"Feature","geometry":{"type":"Point","coordinates":[-73.70925,18.358525]},"properties":{"s":"N"}},{"type":"Feature","geometry":{"type":"Point","coordinates":[-71.837345,19.188037]},"properties":{"s":"F"}},{"type":"Feature","geometry":{"type":"Point","coordinates":[-72.556245,19.649197]},"properties":{"s":"N"}},{"type":"Feature","geometry":{"type":"Point","coordinates":[-72.079584,19.293896]},"properties":{"s":"N"}},{"type":"Feature","geometry":{"type":"Point","coordinates":[-72.510445,19.620792]},"properties":{"s":"N"}},{"type":"Feature","geometry":{"type":"Point","coordinates":[-72.153817,18.807411]},"properties":{"s":"F"}},{"type":"Feature","geometry":{"type":"Point","coordinates":[-72.195476,18.8137]},"properties":{"s":"F"}},{"type":"Feature","geometry":{"type":"Point","coordinates":[-72.193787,19.615552]},"properties":{"s":"F"}},{"type":"Feature","geometry":{"type":"Point","coordinates":[-71.833275,19.377853]},"properties":{"s":"F"}},{"type":"Feature","geometry":{"type":"Point","coordinates":[-72.108928,19.340783]},"properties":{"s":"N"}},{"type":"Feature","geometry":{"type":"Point","coordinates":[-72.44182,19.56716]},"properties":{"s":"N"}},{"type":"Feature","geometry":{"type":"Point","coordinates":[-71.749497,18.793299]},"properties":{"s":"N"}},{"type":"Feature","geometry":{"type":"Point","coordinates":[-72.167672,19.194195]},"properties":{"s":"N"}},{"type":"Feature","geometry":{"type":"Point","coordinates":[-72.45674,19.523629]},"properties":{"s":"N"}},{"type":"Feature","geometry":{"type":"Point","coordinates":[-71.812372,19.282373]},"properties":{"s":"F"}},{"type":"Feature","geometry":{"type":"Point","coordinates":[-72.068141,19.286598]},"properties":{"s":"N"}},{"type":"Feature","geometry":{"type":"Point","coordinates":[-72.209258,18.88399]},"properties":{"s":"N"}},{"type":"Feature","geometry":{"type":"Point","coordinates":[-72.442412,19.567913]},"properties":{"s":"N"}},{"type":"Feature","geometry":{"type":"Point","coordinates":[-71.845795,19.074564]},"properties":{"s":"N"}},{"type":"Feature","geometry":{"type":"Point","coordinates":[-71.983294,19.175685]},"properties":{"s":"N"}},{"type":"Feature","geometry":{"type":"Point","coordinates":[-72.01811,19.693253]},"properties":{"s":"N"}},{"type":"Feature","geometry":{"type":"Point","coordinates":[-72.106781,18.804287]},"properties":{"s":"N"}},{"type":"Feature","geometry":{"type":"Point","coordinates":[-71.821036,18.856316]},"properties":{"s":"N"}},{"type":"Feature","geometry":{"type":"Point","coordinates":[-72.169074,19.213836]},"properties":{"s":"F"}},{"type":"Feature","geometry":{"type":"Point","coordinates":[-72.000552,19.086627]},"properties":{"s":"N"}},{"type":"Feature","geometry":{"type":"Point","coordinates":[-72.02202,19.6114]},"properties":{"s":"N"}},{"type":"Feature","geometry":{"type":"Point","coordinates":[-71.965667,18.873894]},"properties":{"s":"N"}},{"type":"Feature","geometry":{"type":"Point","coordinates":[-72.172739,19.621526]},"properties":{"s":"N"}},{"type":"Feature","geometry":{"type":"Point","coordinates":[-71.925181,19.521965]},"properties":{"s":"N"}},{"type":"Feature","geometry":{"type":"Point","coordinates":[-72.15016,18.761278]},"properties":{"s":"N"}},{"type":"Feature","geometry":{"type":"Point","coordinates":[-72.074239,19.281095]},"properties":{"s":"N"}},{"type":"Feature","geometry":{"type":"Point","coordinates":[-71.925809,18.988405]},"properties":{"s":"N"}},{"type":"Feature","geometry":{"type":"Point","coordinates":[-72.570731,19.815825]},"properties":{"s":"N"}},{"type":"Feature","geometry":{"type":"Point","coordinates":[-72.005453,19.141405]},"properties":{"s":"N"}},{"type":"Feature","geometry":{"type":"Point","coordinates":[-72.25597,19.6034]},"properties":{"s":"N"}},{"type":"Feature","geometry":{"type":"Point","coordinates":[-71.958959,18.843442]},"properties":{"s":"N"}},{"type":"Feature","geometry":{"type":"Point","coordinates":[-72.426241,19.763008]},"properties":{"s":"N"}},{"type":"Feature","geometry":{"type":"Point","coordinates":[-72.546433,19.660742]},"properties":{"s":"N"}},{"type":"Feature","geometry":{"type":"Point","coordinates":[-72.210938,19.756249]},"properties":{"s":"N"}},{"type":"Feature","geometry":{"type":"Point","coordinates":[-72.945438,18.846971]},"properties":{"s":"N"}},{"type":"Feature","geometry":{"type":"Point","coordinates":[-72.014067,19.62305]},"properties":{"s":"N"}},{"type":"Feature","geometry":{"type":"Point","coordinates":[-71.77184,19.4434]},"properties":{"s":"N"}},{"type":"Feature","geometry":{"type":"Point","coordinates":[-71.987004,19.226757]},"properties":{"s":"F"}},{"type":"Feature","geometry":{"type":"Point","coordinates":[-72.205903,19.760551]},"properties":{"s":"N"}},{"type":"Feature","geometry":{"type":"Point","coordinates":[-72.240223,19.533026]},"properties":{"s":"N"}},{"type":"Feature","geometry":{"type":"Point","coordinates":[-71.811168,19.139373]},"properties":{"s":"N"}},{"type":"Feature","geometry":{"type":"Point","coordinates":[-71.988096,19.312778]},"properties":{"s":"F"}},{"type":"Feature","geometry":{"type":"Point","coordinates":[-71.920551,19.350734]},"properties":{"s":"N"}},{"type":"Feature","geometry":{"type":"Point","coordinates":[-71.946557,18.828361]},"properties":{"s":"N"}},{"type":"Feature","geometry":{"type":"Point","coordinates":[-72.20927,19.755645]},"properties":{"s":"N"}},{"type":"Feature","geometry":{"type":"Point","coordinates":[-71.708906,19.402121]},"properties":{"s":"N"}},{"type":"Feature","geometry":{"type":"Point","coordinates":[-72.092023,19.264237]},"properties":{"s":"N"}},{"type":"Feature","geometry":{"type":"Point","coordinates":[-72.526739,19.592717]},"properties":{"s":"N"}},{"type":"Feature","geometry":{"type":"Point","coordinates":[-72.500632,19.672729]},"properties":{"s":"N"}},{"type":"Feature","geometry":{"type":"Point","coordinates":[-73.896123,18.298312]},"properties":{"s":"N"}},{"type":"Feature","geometry":{"type":"Point","coordinates":[-71.925679,18.985163]},"properties":{"s":"N"}},{"type":"Feature","geometry":{"type":"Point","coordinates":[-73.05995,18.782125]},"properties":{"s":"N"}},{"type":"Feature","geometry":{"type":"Point","coordinates":[-72.977071,18.866305]},"properties":{"s":"N"}},{"type":"Feature","geometry":{"type":"Point","coordinates":[-72.023701,19.143538]},"properties":{"s":"N"}},{"type":"Feature","geometry":{"type":"Point","coordinates":[-72.250176,19.721644]},"properties":{"s":"N"}},{"type":"Feature","geometry":{"type":"Point","coordinates":[-72.2026,19.765095]},"properties":{"s":"N"}},{"type":"Feature","geometry":{"type":"Point","coordinates":[-71.986098,19.063233]},"properties":{"s":"N"}},{"type":"Feature","geometry":{"type":"Point","coordinates":[-71.73274,19.41512]},"properties":{"s":"N"}},{"type":"Feature","geometry":{"type":"Point","coordinates":[-72.532164,19.667262]},"properties":{"s":"N"}},{"type":"Feature","geometry":{"type":"Point","coordinates":[-72.386388,19.760828]},"properties":{"s":"N"}},{"type":"Feature","geometry":{"type":"Point","coordinates":[-72.424733,19.631352]},"properties":{"s":"N"}},{"type":"Feature","geometry":{"type":"Point","coordinates":[-71.774819,19.402434]},"properties":{"s":"N"}},{"type":"Feature","geometry":{"type":"Point","coordinates":[-72.4789,19.655777]},"properties":{"s":"N"}},{"type":"Feature","geometry":{"type":"Point","coordinates":[-71.94101,18.800415]},"properties":{"s":"N"}},{"type":"Feature","geometry":{"type":"Point","coordinates":[-71.918425,18.827991]},"properties":{"s":"N"}},{"type":"Feature","geometry":{"type":"Point","coordinates":[-72.472993,19.577435]},"properties":{"s":"N"}},{"type":"Feature","geometry":{"type":"Point","coordinates":[-72.068124,19.27546]},"properties":{"s":"N"}},{"type":"Feature","geometry":{"type":"Point","coordinates":[-72.538811,19.605723]},"properties":{"s":"N"}},{"type":"Feature","geometry":{"type":"Point","coordinates":[-71.920241,18.846113]},"properties":{"s":"N"}},{"type":"Feature","geometry":{"type":"Point","coordinates":[-73.720577,18.376448]},"properties":{"s":"N"}},{"type":"Feature","geometry":{"type":"Point","coordinates":[-72.241703,19.532781]},"properties":{"s":"N"}},{"type":"Feature","geometry":{"type":"Point","coordinates":[-72.564257,19.708265]},"properties":{"s":"N"}},{"type":"Feature","geometry":{"type":"Point","coordinates":[-71.777799,18.799085]},"properties":{"s":"N"}},{"type":"Feature","geometry":{"type":"Point","coordinates":[-73.722903,18.357888]},"properties":{"s":"N"}},{"type":"Feature","geometry":{"type":"Point","coordinates":[-72.575742,19.682167]},"properties":{"s":"N"}},{"type":"Feature","geometry":{"type":"Point","coordinates":[-72.346008,19.619448]},"properties":{"s":"N"}},{"type":"Feature","geometry":{"type":"Point","coordinates":[-72.308297,19.652622]},"properties":{"s":"N"}},{"type":"Feature","geometry":{"type":"Point","coordinates":[-71.70607,19.42826]},"properties":{"s":"N"}},{"type":"Feature","geometry":{"type":"Point","coordinates":[-72.210794,19.609494]},"properties":{"s":"N"}},{"type":"Feature","geometry":{"type":"Point","coordinates":[-72.426495,19.629955]},"properties":{"s":"N"}},{"type":"Feature","geometry":{"type":"Point","coordinates":[-71.81271,19.380117]},"properties":{"s":"N"}},{"type":"Feature","geometry":{"type":"Point","coordinates":[-71.9059,19.339312]},"properties":{"s":"N"}},{"type":"Feature","geometry":{"type":"Point","coordinates":[-72.122731,19.674201]},"properties":{"s":"N"}},{"type":"Feature","geometry":{"type":"Point","coordinates":[-72.522626,19.844105]},"properties":{"s":"N"}},{"type":"Feature","geometry":{"type":"Point","coordinates":[-72.119409,19.478216]},"properties":{"s":"N"}},{"type":"Feature","geometry":{"type":"Point","coordinates":[-72.155424,19.697067]},"properties":{"s":"N"}},{"type":"Feature","geometry":{"type":"Point","coordinates":[-72.978581,18.800229]},"properties":{"s":"F"}},{"type":"Feature","geometry":{"type":"Point","coordinates":[-71.806832,18.769542]},"properties":{"s":"F"}},{"type":"Feature","geometry":{"type":"Point","coordinates":[-72.862599,18.779626]},"properties":{"s":"F"}},{"type":"Feature","geometry":{"type":"Point","coordinates":[-72.302317,18.740169]},"properties":{"s":"F"}},{"type":"Feature","geometry":{"type":"Point","coordinates":[-72.320033,19.673883]},"properties":{"s":"F"}},{"type":"Feature","geometry":{"type":"Point","coordinates":[-71.828462,19.376755]},"properties":{"s":"F"}},{"type":"Feature","geometry":{"type":"Point","coordinates":[-71.812098,19.380421]},"properties":{"s":"F"}},{"type":"Feature","geometry":{"type":"Point","coordinates":[-71.810614,18.747443]},"properties":{"s":"F"}},{"type":"Feature","geometry":{"type":"Point","coordinates":[-71.986776,18.974091]},"properties":{"s":"N"}},{"type":"Feature","geometry":{"type":"Point","coordinates":[-72.244761,19.665245]},"properties":{"s":"F"}},{"type":"Feature","geometry":{"type":"Point","coordinates":[-71.946961,19.362139]},"properties":{"s":"F"}},{"type":"Feature","geometry":{"type":"Point","coordinates":[-72.182985,19.653541]},"properties":{"s":"N"}},{"type":"Feature","geometry":{"type":"Point","coordinates":[-72.283497,19.720058]},"properties":{"s":"F"}},{"type":"Feature","geometry":{"type":"Point","coordinates":[-72.093036,19.439069]},"properties":{"s":"F"}},{"type":"Feature","geometry":{"type":"Point","coordinates":[-71.954122,18.859158]},"properties":{"s":"F"}},{"type":"Feature","geometry":{"type":"Point","coordinates":[-72.3694,18.99135]},"properties":{"s":"F"}},{"type":"Feature","geometry":{"type":"Point","coordinates":[-72.237019,19.637041]},"properties":{"s":"F"}},{"type":"Feature","geometry":{"type":"Point","coordinates":[-72.112069,19.696856]},"properties":{"s":"F"}},{"type":"Feature","geometry":{"type":"Point","coordinates":[-71.93762,19.576115]},"properties":{"s":"N"}},{"type":"Feature","geometry":{"type":"Point","coordinates":[-72.4132,18.737233]},"properties":{"s":"F"}},{"type":"Feature","geometry":{"type":"Point","coordinates":[-72.266118,19.601046]},"properties":{"s":"F"}},{"type":"Feature","geometry":{"type":"Point","coordinates":[-72.195183,19.646017]},"properties":{"s":"F"}},{"type":"Feature","geometry":{"type":"Point","coordinates":[-72.221067,18.602017]},"properties":{"s":"F"}},{"type":"Feature","geometry":{"type":"Point","coordinates":[-72.371017,18.7227]},"properties":{"s":"F"}},{"type":"Feature","geometry":{"type":"Point","coordinates":[-71.954327,19.630638]},"properties":{"s":"N"}},{"type":"Feature","geometry":{"type":"Point","coordinates":[-72.084736,19.58204]},"properties":{"s":"N"}},{"type":"Feature","geometry":{"type":"Point","coordinates":[-72.196867,19.623217]},"properties":{"s":"F"}},{"type":"Feature","geometry":{"type":"Point","coordinates":[-71.795586,18.942231]},"properties":{"s":"N"}},{"type":"Feature","geometry":{"type":"Point","coordinates":[-72.344089,18.711442]},"properties":{"s":"F"}},{"type":"Feature","geometry":{"type":"Point","coordinates":[-73.2878,18.2857]},"properties":{"s":"N"}},{"type":"Feature","geometry":{"type":"Point","coordinates":[-72.19993,19.44162]},"properties":{"s":"F"}},{"type":"Feature","geometry":{"type":"Point","coordinates":[-72.219739,18.783382]},"properties":{"s":"F"}},{"type":"Feature","geometry":{"type":"Point","coordinates":[-72.264614,19.602536]},"properties":{"s":"F"}},{"type":"Feature","geometry":{"type":"Point","coordinates":[-72.113332,19.686152]},"properties":{"s":"F"}},{"type":"Feature","geometry":{"type":"Point","coordinates":[-72.162382,19.553035]},"properties":{"s":"N"}},{"type":"Feature","geometry":{"type":"Point","coordinates":[-71.831448,18.877795]},"properties":{"s":"F"}},{"type":"Feature","geometry":{"type":"Point","coordinates":[-72.210633,18.60325]},"properties":{"s":"F"}},{"type":"Feature","geometry":{"type":"Point","coordinates":[-72.35166,19.764898]},"properties":{"s":"F"}},{"type":"Feature","geometry":{"type":"Point","coordinates":[-71.836122,19.30291]},"properties":{"s":"F"}},{"type":"Feature","geometry":{"type":"Point","coordinates":[-72.312517,18.616167]},"properties":{"s":"F"}},{"type":"Feature","geometry":{"type":"Point","coordinates":[-71.801485,18.85554]},"properties":{"s":"N"}},{"type":"Feature","geometry":{"type":"Point","coordinates":[-72.157916,19.734372]},"properties":{"s":"N"}},{"type":"Feature","geometry":{"type":"Point","coordinates":[-72.120625,18.773769]},"properties":{"s":"F"}},{"type":"Feature","geometry":{"type":"Point","coordinates":[-72.205246,19.663941]},"properties":{"s":"F"}},{"type":"Feature","geometry":{"type":"Point","coordinates":[-71.986196,18.965918]},"properties":{"s":"F"}},{"type":"Feature","geometry":{"type":"Point","coordinates":[-72.092932,19.411805]},"properties":{"s":"N"}},{"type":"Feature","geometry":{"type":"Point","coordinates":[-71.88077,19.50768]},"properties":{"s":"F"}},{"type":"Feature","geometry":{"type":"Point","coordinates":[-71.88206,19.51896]},"properties":{"s":"F"}},{"type":"Feature","geometry":{"type":"Point","coordinates":[-71.99402,19.58454]},"properties":{"s":"N"}},{"type":"Feature","geometry":{"type":"Point","coordinates":[-71.905082,18.827794]},"properties":{"s":"F"}},{"type":"Feature","geometry":{"type":"Point","coordinates":[-72.432398,19.680038]},"properties":{"s":"F"}},{"type":"Feature","geometry":{"type":"Point","coordinates":[-72.073026,19.407194]},"properties":{"s":"F"}},{"type":"Feature","geometry":{"type":"Point","coordinates":[-72.477049,19.625881]},"properties":{"s":"N"}},{"type":"Feature","geometry":{"type":"Point","coordinates":[-72.270809,19.676209]},"properties":{"s":"F"}},{"type":"Feature","geometry":{"type":"Point","coordinates":[-72.221217,19.750029]},"properties":{"s":"F"}},{"type":"Feature","geometry":{"type":"Point","coordinates":[-72.347684,19.766079]},"properties":{"s":"F"}},{"type":"Feature","geometry":{"type":"Point","coordinates":[-71.769578,18.862061]},"properties":{"s":"F"}},{"type":"Feature","geometry":{"type":"Point","coordinates":[-72.024093,19.193619]},"properties":{"s":"N"}},{"type":"Feature","geometry":{"type":"Point","coordinates":[-72.271996,19.612872]},"properties":{"s":"F"}},{"type":"Feature","geometry":{"type":"Point","coordinates":[-71.8898,18.938905]},"properties":{"s":"F"}},{"type":"Feature","geometry":{"type":"Point","coordinates":[-72.151867,19.677383]},"properties":{"s":"F"}},{"type":"Feature","geometry":{"type":"Point","coordinates":[-72.12843,19.38367]},"properties":{"s":"F"}},{"type":"Feature","geometry":{"type":"Point","coordinates":[-71.73096,19.53348]},"properties":{"s":"N"}},{"type":"Feature","geometry":{"type":"Point","coordinates":[-72.220429,19.652233]},"properties":{"s":"F"}},{"type":"Feature","geometry":{"type":"Point","coordinates":[-72.186957,19.73742]},"properties":{"s":"F"}},{"type":"Feature","geometry":{"type":"Point","coordinates":[-71.85552,19.60205]},"properties":{"s":"F"}},{"type":"Feature","geometry":{"type":"Point","coordinates":[-71.988489,19.388925]},"properties":{"s":"F"}},{"type":"Feature","geometry":{"type":"Point","coordinates":[-71.71881,19.44898]},"properties":{"s":"F"}},{"type":"Feature","geometry":{"type":"Point","coordinates":[-72.241306,19.498663]},"properties":{"s":"F"}},{"type":"Feature","geometry":{"type":"Point","coordinates":[-71.89603,19.304385]},"properties":{"s":"F"}},{"type":"Feature","geometry":{"type":"Point","coordinates":[-73.26473,18.23732]},"properties":{"s":"F"}},{"type":"Feature","geometry":{"type":"Point","coordinates":[-72.11779,19.38901]},"properties":{"s":"N"}},{"type":"Feature","geometry":{"type":"Point","coordinates":[-72.20355,19.43255]},"properties":{"s":"F"}},{"type":"Feature","geometry":{"type":"Point","coordinates":[-72.255032,19.73073]},"properties":{"s":"F"}},{"type":"Feature","geometry":{"type":"Point","coordinates":[-72.148462,19.688212]},"properties":{"s":"F"}},{"type":"Feature","geometry":{"type":"Point","coordinates":[-72.227106,19.726261]},"properties":{"s":"F"}},{"type":"Feature","geometry":{"type":"Point","coordinates":[-72.330617,19.703487]},"properties":{"s":"F"}},{"type":"Feature","geometry":{"type":"Point","coordinates":[-72.172486,19.632811]},"properties":{"s":"F"}},{"type":"Feature","geometry":{"type":"Point","coordinates":[-72.416933,18.735017]},"properties":{"s":"F"}},{"type":"Feature","geometry":{"type":"Point","coordinates":[-72.265848,19.709229]},"properties":{"s":"F"}},{"type":"Feature","geometry":{"type":"Point","coordinates":[-72.104194,19.148282]},"properties":{"s":"F"}},{"type":"Feature","geometry":{"type":"Point","coordinates":[-72.01456,18.807609]},"properties":{"s":"F"}},{"type":"Feature","geometry":{"type":"Point","coordinates":[-72.579326,19.814048]},"properties":{"s":"F"}},{"type":"Feature","geometry":{"type":"Point","coordinates":[-72.556892,19.822586]},"properties":{"s":"F"}},{"type":"Feature","geometry":{"type":"Point","coordinates":[-71.70515,19.43289]},"properties":{"s":"F"}},{"type":"Feature","geometry":{"type":"Point","coordinates":[-71.70895,19.40277]},"properties":{"s":"F"}},{"type":"Feature","geometry":{"type":"Point","coordinates":[-71.808007,19.097986]},"properties":{"s":"F"}},{"type":"Feature","geometry":{"type":"Point","coordinates":[-72.09648,19.306832]},"properties":{"s":"F"}},{"type":"Feature","geometry":{"type":"Point","coordinates":[-71.68637,19.44693]},"properties":{"s":"F"}},{"type":"Feature","geometry":{"type":"Point","coordinates":[-72.22084,19.672902]},"properties":{"s":"F"}},{"type":"Feature","geometry":{"type":"Point","coordinates":[-72.532493,19.23321]},"properties":{"s":"N"}},{"type":"Feature","geometry":{"type":"Point","coordinates":[-72.184206,19.595945]},"properties":{"s":"F"}},{"type":"Feature","geometry":{"type":"Point","coordinates":[-71.85282,19.61101]},"properties":{"s":"F"}},{"type":"Feature","geometry":{"type":"Point","coordinates":[-71.929411,19.145034]},"properties":{"s":"F"}},{"type":"Feature","geometry":{"type":"Point","coordinates":[-71.97256,18.811139]},"properties":{"s":"F"}},{"type":"Feature","geometry":{"type":"Point","coordinates":[-71.727654,19.123419]},"properties":{"s":"F"}},{"type":"Feature","geometry":{"type":"Point","coordinates":[-72.223717,19.644179]},"properties":{"s":"F"}},{"type":"Feature","geometry":{"type":"Point","coordinates":[-71.793955,19.341608]},"properties":{"s":"N"}},{"type":"Feature","geometry":{"type":"Point","coordinates":[-72.1808,19.718783]},"properties":{"s":"F"}},{"type":"Feature","geometry":{"type":"Point","coordinates":[-72.130426,19.703394]},"properties":{"s":"N"}},{"type":"Feature","geometry":{"type":"Point","coordinates":[-71.839624,19.080344]},"properties":{"s":"F"}},{"type":"Feature","geometry":{"type":"Point","coordinates":[-71.733992,19.13555]},"properties":{"s":"F"}},{"type":"Feature","geometry":{"type":"Point","coordinates":[-72.169411,19.207913]},"properties":{"s":"N"}},{"type":"Feature","geometry":{"type":"Point","coordinates":[-71.938078,19.376843]},"properties":{"s":"F"}},{"type":"Feature","geometry":{"type":"Point","coordinates":[-72.132348,19.63783]},"properties":{"s":"F"}},{"type":"Feature","geometry":{"type":"Point","coordinates":[-71.89751,18.755554]},"properties":{"s":"F"}},{"type":"Feature","geometry":{"type":"Point","coordinates":[-72.14402,19.203486]},"properties":{"s":"N"}},{"type":"Feature","geometry":{"type":"Point","coordinates":[-72.48479,19.633441]},"properties":{"s":"F"}},{"type":"Feature","geometry":{"type":"Point","coordinates":[-72.068398,19.408095]},"properties":{"s":"F"}},{"type":"Feature","geometry":{"type":"Point","coordinates":[-72.385838,19.76664]},"properties":{"s":"N"}},{"type":"Feature","geometry":{"type":"Point","coordinates":[-72.261004,19.611751]},"properties":{"s":"F"}},{"type":"Feature","geometry":{"type":"Point","coordinates":[-72.093001,19.278396]},"properties":{"s":"F"}},{"type":"Feature","geometry":{"type":"Point","coordinates":[-72.004257,19.148076]},"properties":{"s":"F"}},{"type":"Feature","geometry":{"type":"Point","coordinates":[-72.079405,19.293698]},"properties":{"s":"N"}},{"type":"Feature","geometry":{"type":"Point","coordinates":[-71.73572,19.54909]},"properties":{"s":"F"}},{"type":"Feature","geometry":{"type":"Point","coordinates":[-71.831483,19.186292]},"properties":{"s":"F"}},{"type":"Feature","geometry":{"type":"Point","coordinates":[-72.607092,19.187845]},"properties":{"s":"N"}},{"type":"Feature","geometry":{"type":"Point","coordinates":[-71.932465,19.514992]},"properties":{"s":"F"}},{"type":"Feature","geometry":{"type":"Point","coordinates":[-72.081463,18.779899]},"properties":{"s":"F"}},{"type":"Feature","geometry":{"type":"Point","coordinates":[-72.090124,19.613743]},"properties":{"s":"F"}},{"type":"Feature","geometry":{"type":"Point","coordinates":[-72.334483,19.707738]},"properties":{"s":"N"}},{"type":"Feature","geometry":{"type":"Point","coordinates":[-71.791812,19.21394]},"properties":{"s":"N"}},{"type":"Feature","geometry":{"type":"Point","coordinates":[-72.302225,18.841818]},"properties":{"s":"F"}},{"type":"Feature","geometry":{"type":"Point","coordinates":[-72.003731,19.092538]},"properties":{"s":"F"}},{"type":"Feature","geometry":{"type":"Point","coordinates":[-72.172136,19.573536]},"properties":{"s":"F"}},{"type":"Feature","geometry":{"type":"Point","coordinates":[-72.261339,19.514025]},"properties":{"s":"F"}},{"type":"Feature","geometry":{"type":"Point","coordinates":[-72.285529,19.500709]},"properties":{"s":"F"}},{"type":"Feature","geometry":{"type":"Point","coordinates":[-72.02675,19.59694]},"properties":{"s":"F"}},{"type":"Feature","geometry":{"type":"Point","coordinates":[-71.7099,19.48856]},"properties":{"s":"F"}},{"type":"Feature","geometry":{"type":"Point","coordinates":[-73.28691,18.28278]},"properties":{"s":"F"}},{"type":"Feature","geometry":{"type":"Point","coordinates":[-71.840249,18.888564]},"properties":{"s":"F"}},{"type":"Feature","geometry":{"type":"Point","coordinates":[-72.403028,19.771038]},"properties":{"s":"F"}},{"type":"Feature","geometry":{"type":"Point","coordinates":[-71.831409,19.222214]},"properties":{"s":"F"}},{"type":"Feature","geometry":{"type":"Point","coordinates":[-71.99146,19.57064]},"properties":{"s":"N"}},{"type":"Feature","geometry":{"type":"Point","coordinates":[-72.063017,19.616083]},"properties":{"s":"F"}},{"type":"Feature","geometry":{"type":"Point","coordinates":[-72.125466,19.286031]},"properties":{"s":"F"}},{"type":"Feature","geometry":{"type":"Point","coordinates":[-72.084238,19.333893]},"properties":{"s":"F"}},{"type":"Feature","geometry":{"type":"Point","coordinates":[-71.7861,19.56458]},"properties":{"s":"F"}},{"type":"Feature","geometry":{"type":"Point","coordinates":[-72.262148,19.693816]},"properties":{"s":"F"}},{"type":"Feature","geometry":{"type":"Point","coordinates":[-73.033108,18.820645]},"properties":{"s":"F"}},{"type":"Feature","geometry":{"type":"Point","coordinates":[-72.120964,19.338793]},"properties":{"s":"F"}},{"type":"Feature","geometry":{"type":"Point","coordinates":[-72.144134,19.688483]},"properties":{"s":"F"}},{"type":"Feature","geometry":{"type":"Point","coordinates":[-72.207551,19.713825]},"properties":{"s":"F"}},{"type":"Feature","geometry":{"type":"Point","coordinates":[-71.960286,18.968902]},"properties":{"s":"N"}},{"type":"Feature","geometry":{"type":"Point","coordinates":[-71.710957,19.124038]},"properties":{"s":"N"}},{"type":"Feature","geometry":{"type":"Point","coordinates":[-72.361542,19.698114]},"properties":{"s":"F"}},{"type":"Feature","geometry":{"type":"Point","coordinates":[-74.0918,18.619]},"properties":{"s":"F"}},{"type":"Feature","geometry":{"type":"Point","coordinates":[-72.347624,19.733828]},"properties":{"s":"F"}},{"type":"Feature","geometry":{"type":"Point","coordinates":[-72.089255,19.639234]},"properties":{"s":"F"}},{"type":"Feature","geometry":{"type":"Point","coordinates":[-72.141908,19.616494]},"properties":{"s":"F"}},{"type":"Feature","geometry":{"type":"Point","coordinates":[-72.243333,19.674]},"properties":{"s":"F"}},{"type":"Feature","geometry":{"type":"Point","coordinates":[-72.457888,19.547944]},"properties":{"s":"F"}},{"type":"Feature","geometry":{"type":"Point","coordinates":[-72.475285,19.542879]},"properties":{"s":"F"}},{"type":"Feature","geometry":{"type":"Point","coordinates":[-72.211404,19.769267]},"properties":{"s":"F"}},{"type":"Feature","geometry":{"type":"Point","coordinates":[-71.789509,18.897857]},"properties":{"s":"N"}},{"type":"Feature","geometry":{"type":"Point","coordinates":[-72.822548,18.791277]},"properties":{"s":"F"}},{"type":"Feature","geometry":{"type":"Point","coordinates":[-72.601172,19.180387]},"properties":{"s":"N"}},{"type":"Feature","geometry":{"type":"Point","coordinates":[-72.429928,19.744958]},"properties":{"s":"F"}},{"type":"Feature","geometry":{"type":"Point","coordinates":[-71.846139,19.072974]},"properties":{"s":"N"}},{"type":"Feature","geometry":{"type":"Point","coordinates":[-71.71449,19.42357]},"properties":{"s":"F"}},{"type":"Feature","geometry":{"type":"Point","coordinates":[-71.756681,19.640233]},"properties":{"s":"F"}},{"type":"Feature","geometry":{"type":"Point","coordinates":[-71.945889,19.015601]},"properties":{"s":"F"}},{"type":"Feature","geometry":{"type":"Point","coordinates":[-72.2788,19.60433]},"properties":{"s":"F"}},{"type":"Feature","geometry":{"type":"Point","coordinates":[-72.21035,19.009774]},"properties":{"s":"F"}},{"type":"Feature","geometry":{"type":"Point","coordinates":[-73.110886,18.895197]},"properties":{"s":"N"}},{"type":"Feature","geometry":{"type":"Point","coordinates":[-72.215138,19.664947]},"properties":{"s":"F"}},{"type":"Feature","geometry":{"type":"Point","coordinates":[-71.940243,19.395252]},"properties":{"s":"F"}},{"type":"Feature","geometry":{"type":"Point","coordinates":[-72.014849,19.148658]},"properties":{"s":"N"}},{"type":"Feature","geometry":{"type":"Point","coordinates":[-71.716266,19.53449]},"properties":{"s":"F"}},{"type":"Feature","geometry":{"type":"Point","coordinates":[-72.208555,19.627618]},"properties":{"s":"F"}},{"type":"Feature","geometry":{"type":"Point","coordinates":[-72.201703,19.64265]},"properties":{"s":"F"}},{"type":"Feature","geometry":{"type":"Point","coordinates":[-71.78611,19.61811]},"properties":{"s":"F"}},{"type":"Feature","geometry":{"type":"Point","coordinates":[-72.400886,19.699284]},"properties":{"s":"F"}},{"type":"Feature","geometry":{"type":"Point","coordinates":[-72.243033,19.529033]},"properties":{"s":"F"}},{"type":"Feature","geometry":{"type":"Point","coordinates":[-72.19148,19.40527]},"properties":{"s":"F"}},{"type":"Feature","geometry":{"type":"Point","coordinates":[-72.210741,19.741016]},"properties":{"s":"F"}},{"type":"Feature","geometry":{"type":"Point","coordinates":[-71.941202,19.584923]},"properties":{"s":"N"}},{"type":"Feature","geometry":{"type":"Point","coordinates":[-71.992359,19.379056]},"properties":{"s":"F"}},{"type":"Feature","geometry":{"type":"Point","coordinates":[-72.22071,19.605983]},"properties":{"s":"F"}},{"type":"Feature","geometry":{"type":"Point","coordinates":[-72.118749,19.334071]},"properties":{"s":"F"}},{"type":"Feature","geometry":{"type":"Point","coordinates":[-72.070229,19.344413]},"properties":{"s":"F"}},{"type":"Feature","geometry":{"type":"Point","coordinates":[-72.403774,18.759122]},"properties":{"s":"N"}},{"type":"Feature","geometry":{"type":"Point","coordinates":[-71.78992,19.61692]},"properties":{"s":"F"}},{"type":"Feature","geometry":{"type":"Point","coordinates":[-72.025968,19.347699]},"properties":{"s":"N"}},{"type":"Feature","geometry":{"type":"Point","coordinates":[-72.225163,19.606392]},"properties":{"s":"F"}},{"type":"Feature","geometry":{"type":"Point","coordinates":[-72.291588,19.636054]},"properties":{"s":"F"}},{"type":"Feature","geometry":{"type":"Point","coordinates":[-72.492417,18.785467]},"properties":{"s":"F"}},{"type":"Feature","geometry":{"type":"Point","coordinates":[-71.763448,19.217738]},"properties":{"s":"F"}},{"type":"Feature","geometry":{"type":"Point","coordinates":[-71.73464,19.54696]},"properties":{"s":"F"}},{"type":"Feature","geometry":{"type":"Point","coordinates":[-72.116307,19.371848]},"properties":{"s":"F"}},{"type":"Feature","geometry":{"type":"Point","coordinates":[-72.121623,19.2754]},"properties":{"s":"F"}},{"type":"Feature","geometry":{"type":"Point","coordinates":[-72.181713,19.652535]},"properties":{"s":"F"}},{"type":"Feature","geometry":{"type":"Point","coordinates":[-72.319867,19.510617]},"properties":{"s":"F"}},{"type":"Feature","geometry":{"type":"Point","coordinates":[-72.207194,19.750665]},"properties":{"s":"F"}},{"type":"Feature","geometry":{"type":"Point","coordinates":[-72.256089,19.612992]},"properties":{"s":"F"}},{"type":"Feature","geometry":{"type":"Point","coordinates":[-71.771157,19.20305]},"properties":{"s":"F"}},{"type":"Feature","geometry":{"type":"Point","coordinates":[-72.473057,19.233418]},"properties":{"s":"F"}},{"type":"Feature","geometry":{"type":"Point","coordinates":[-72.244668,19.526696]},"properties":{"s":"F"}},{"type":"Feature","geometry":{"type":"Point","coordinates":[-72.087452,19.294377]},"properties":{"s":"N"}},{"type":"Feature","geometry":{"type":"Point","coordinates":[-72.266276,19.686988]},"properties":{"s":"F"}},{"type":"Feature","geometry":{"type":"Point","coordinates":[-72.062808,19.37433]},"properties":{"s":"N"}},{"type":"Feature","geometry":{"type":"Point","coordinates":[-72.223005,18.782805]},"properties":{"s":"N"}},{"type":"Feature","geometry":{"type":"Point","coordinates":[-72.056893,19.208682]},"properties":{"s":"F"}},{"type":"Feature","geometry":{"type":"Point","coordinates":[-72.086551,19.420136]},"properties":{"s":"N"}},{"type":"Feature","geometry":{"type":"Point","coordinates":[-72.613963,19.219995]},"properties":{"s":"N"}},{"type":"Feature","geometry":{"type":"Point","coordinates":[-72.203599,19.627024]},"properties":{"s":"F"}},{"type":"Feature","geometry":{"type":"Point","coordinates":[-71.709391,19.403124]},"properties":{"s":"F"}},{"type":"Feature","geometry":{"type":"Point","coordinates":[-73.913355,18.308523]},"properties":{"s":"N"}},{"type":"Feature","geometry":{"type":"Point","coordinates":[-72.034216,18.783735]},"properties":{"s":"N"}},{"type":"Feature","geometry":{"type":"Point","coordinates":[-72.598325,19.76141]},"properties":{"s":"F"}},{"type":"Feature","geometry":{"type":"Point","coordinates":[-72.016845,19.350521]},"properties":{"s":"F"}},{"type":"Feature","geometry":{"type":"Point","coordinates":[-71.99664,19.481068]},"properties":{"s":"F"}},{"type":"Feature","geometry":{"type":"Point","coordinates":[-72.961755,18.818873]},"properties":{"s":"N"}},{"type":"Feature","geometry":{"type":"Point","coordinates":[-72.07289,19.417594]},"properties":{"s":"F"}},{"type":"Feature","geometry":{"type":"Point","coordinates":[-71.946192,19.01555]},"properties":{"s":"F"}},{"type":"Feature","geometry":{"type":"Point","coordinates":[-73.899102,18.3025]},"properties":{"s":"N"}},{"type":"Feature","geometry":{"type":"Point","coordinates":[-71.975566,19.267776]},"properties":{"s":"F"}},{"type":"Feature","geometry":{"type":"Point","coordinates":[-72.236151,18.790669]},"properties":{"s":"N"}},{"type":"Feature","geometry":{"type":"Point","coordinates":[-71.77148,19.55244]},"properties":{"s":"F"}},{"type":"Feature","geometry":{"type":"Point","coordinates":[-72.361716,19.698109]},"properties":{"s":"F"}},{"type":"Feature","geometry":{"type":"Point","coordinates":[-72.157895,19.555794]},"properties":{"s":"N"}},{"type":"Feature","geometry":{"type":"Point","coordinates":[-72.169419,19.576877]},"properties":{"s":"N"}},{"type":"Feature","geometry":{"type":"Point","coordinates":[-72.170379,19.575718]},"properties":{"s":"F"}},{"type":"Feature","geometry":{"type":"Point","coordinates":[-72.336188,19.71028]},"properties":{"s":"F"}},{"type":"Feature","geometry":{"type":"Point","coordinates":[-72.265749,18.815559]},"properties":{"s":"N"}},{"type":"Feature","geometry":{"type":"Point","coordinates":[-72.610153,19.183812]},"properties":{"s":"N"}},{"type":"Feature","geometry":{"type":"Point","coordinates":[-72.089587,19.428268]},"properties":{"s":"N"}},{"type":"Feature","geometry":{"type":"Point","coordinates":[-72.303593,19.650583]},"properties":{"s":"N"}},{"type":"Feature","geometry":{"type":"Point","coordinates":[-71.834812,19.283694]},"properties":{"s":"F"}},{"type":"Feature","geometry":{"type":"Point","coordinates":[-72.269601,19.675935]},"properties":{"s":"F"}},{"type":"Feature","geometry":{"type":"Point","coordinates":[-72.430408,19.736637]},"properties":{"s":"F"}},{"type":"Feature","geometry":{"type":"Point","coordinates":[-71.670746,19.228202]},"properties":{"s":"F"}},{"type":"Feature","geometry":{"type":"Point","coordinates":[-72.33494,19.707212]},"properties":{"s":"N"}},{"type":"Feature","geometry":{"type":"Point","coordinates":[-72.40445,18.7409]},"properties":{"s":"F"}},{"type":"Feature","geometry":{"type":"Point","coordinates":[-72.223717,19.603062]},"properties":{"s":"F"}},{"type":"Feature","geometry":{"type":"Point","coordinates":[-72.363027,19.689499]},"properties":{"s":"F"}},{"type":"Feature","geometry":{"type":"Point","coordinates":[-72.284908,19.648622]},"properties":{"s":"F"}},{"type":"Feature","geometry":{"type":"Point","coordinates":[-72.507617,19.618962]},"properties":{"s":"F"}},{"type":"Feature","geometry":{"type":"Point","coordinates":[-71.84473,19.31778]},"properties":{"s":"F"}},{"type":"Feature","geometry":{"type":"Point","coordinates":[-72.984114,18.798192]},"properties":{"s":"F"}},{"type":"Feature","geometry":{"type":"Point","coordinates":[-71.948167,19.634677]},"properties":{"s":"F"}},{"type":"Feature","geometry":{"type":"Point","coordinates":[-71.727777,19.23854]},"properties":{"s":"F"}},{"type":"Feature","geometry":{"type":"Point","coordinates":[-72.096674,19.429639]},"properties":{"s":"F"}},{"type":"Feature","geometry":{"type":"Point","coordinates":[-71.903467,19.50535]},"properties":{"s":"F"}},{"type":"Feature","geometry":{"type":"Point","coordinates":[-72.325254,19.702745]},"properties":{"s":"F"}},{"type":"Feature","geometry":{"type":"Point","coordinates":[-73.916643,18.318013]},"properties":{"s":"F"}},{"type":"Feature","geometry":{"type":"Point","coordinates":[-71.992097,19.311183]},"properties":{"s":"F"}},{"type":"Feature","geometry":{"type":"Point","coordinates":[-71.836375,19.32732]},"properties":{"s":"F"}},{"type":"Feature","geometry":{"type":"Point","coordinates":[-71.817048,19.34823]},"properties":{"s":"N"}},{"type":"Feature","geometry":{"type":"Point","coordinates":[-72.28877,19.621816]},"properties":{"s":"F"}},{"type":"Feature","geometry":{"type":"Point","coordinates":[-72.1593,19.6836]},"properties":{"s":"F"}},{"type":"Feature","geometry":{"type":"Point","coordinates":[-72.113917,19.217094]},"properties":{"s":"F"}},{"type":"Feature","geometry":{"type":"Point","coordinates":[-71.74073,19.54549]},"properties":{"s":"F"}},{"type":"Feature","geometry":{"type":"Point","coordinates":[-72.300373,19.735624]},"properties":{"s":"F"}},{"type":"Feature","geometry":{"type":"Point","coordinates":[-72.347175,19.747821]},"properties":{"s":"F"}},{"type":"Feature","geometry":{"type":"Point","coordinates":[-72.16545,19.43872]},"properties":{"s":"F"}},{"type":"Feature","geometry":{"type":"Point","coordinates":[-71.915701,19.272878]},"properties":{"s":"F"}},{"type":"Feature","geometry":{"type":"Point","coordinates":[-71.833247,19.32873]},"properties":{"s":"F"}},{"type":"Feature","geometry":{"type":"Point","coordinates":[-72.216569,19.737443]},"properties":{"s":"F"}},{"type":"Feature","geometry":{"type":"Point","coordinates":[-72.348725,19.751063]},"properties":{"s":"F"}},{"type":"Feature","geometry":{"type":"Point","coordinates":[-72.552017,19.248228]},"properties":{"s":"N"}},{"type":"Feature","geometry":{"type":"Point","coordinates":[-72.121983,19.6714]},"properties":{"s":"F"}},{"type":"Feature","geometry":{"type":"Point","coordinates":[-71.73441,19.55185]},"properties":{"s":"F"}},{"type":"Feature","geometry":{"type":"Point","coordinates":[-72.26472,19.603376]},"properties":{"s":"F"}},{"type":"Feature","geometry":{"type":"Point","coordinates":[-72.313877,19.698227]},"properties":{"s":"F"}},{"type":"Feature","geometry":{"type":"Point","coordinates":[-72.039055,18.899152]},"properties":{"s":"F"}},{"type":"Feature","geometry":{"type":"Point","coordinates":[-72.042505,19.499917]},"properties":{"s":"F"}},{"type":"Feature","geometry":{"type":"Point","coordinates":[-72.225192,19.527706]},"properties":{"s":"F"}},{"type":"Feature","geometry":{"type":"Point","coordinates":[-71.731211,19.133855]},"properties":{"s":"N"}},{"type":"Feature","geometry":{"type":"Point","coordinates":[-71.954251,18.794966]},"properties":{"s":"F"}},{"type":"Feature","geometry":{"type":"Point","coordinates":[-71.920472,18.916646]},"properties":{"s":"N"}},{"type":"Feature","geometry":{"type":"Point","coordinates":[-72.348007,19.747697]},"properties":{"s":"F"}},{"type":"Feature","geometry":{"type":"Point","coordinates":[-72.245954,19.630795]},"properties":{"s":"F"}},{"type":"Feature","geometry":{"type":"Point","coordinates":[-72.320767,19.6791]},"properties":{"s":"F"}},{"type":"Feature","geometry":{"type":"Point","coordinates":[-73.052337,18.85004]},"properties":{"s":"N"}},{"type":"Feature","geometry":{"type":"Point","coordinates":[-72.172356,19.577532]},"properties":{"s":"F"}},{"type":"Feature","geometry":{"type":"Point","coordinates":[-71.953275,18.794805]},"properties":{"s":"F"}},{"type":"Feature","geometry":{"type":"Point","coordinates":[-71.649499,19.228947]},"properties":{"s":"F"}},{"type":"Feature","geometry":{"type":"Point","coordinates":[-72.252087,19.716656]},"properties":{"s":"F"}},{"type":"Feature","geometry":{"type":"Point","coordinates":[-71.837702,18.929956]},"properties":{"s":"F"}},{"type":"Feature","geometry":{"type":"Point","coordinates":[-72.210681,19.741276]},"properties":{"s":"F"}},{"type":"Feature","geometry":{"type":"Point","coordinates":[-72.0319,19.60961]},"properties":{"s":"N"}},{"type":"Feature","geometry":{"type":"Point","coordinates":[-72.557632,19.241397]},"properties":{"s":"N"}},{"type":"Feature","geometry":{"type":"Point","coordinates":[-71.910784,19.117798]},"properties":{"s":"N"}},{"type":"Feature","geometry":{"type":"Point","coordinates":[-71.983594,19.175187]},"properties":{"s":"F"}},{"type":"Feature","geometry":{"type":"Point","coordinates":[-72.118934,19.672203]},"properties":{"s":"F"}},{"type":"Feature","geometry":{"type":"Point","coordinates":[-72.057338,19.545648]},"properties":{"s":"F"}},{"type":"Feature","geometry":{"type":"Point","coordinates":[-72.31186,18.845565]},"properties":{"s":"F"}},{"type":"Feature","geometry":{"type":"Point","coordinates":[-71.770809,19.353255]},"properties":{"s":"F"}},{"type":"Feature","geometry":{"type":"Point","coordinates":[-71.695503,19.12935]},"properties":{"s":"F"}},{"type":"Feature","geometry":{"type":"Point","coordinates":[-72.292856,19.642428]},"properties":{"s":"F"}},{"type":"Feature","geometry":{"type":"Point","coordinates":[-72.34782,19.749106]},"properties":{"s":"F"}},{"type":"Feature","geometry":{"type":"Point","coordinates":[-71.82064,19.388979]},"properties":{"s":"F"}},{"type":"Feature","geometry":{"type":"Point","coordinates":[-72.289628,19.720174]},"properties":{"s":"N"}},{"type":"Feature","geometry":{"type":"Point","coordinates":[-71.777614,19.354428]},"properties":{"s":"F"}},{"type":"Feature","geometry":{"type":"Point","coordinates":[-72.227183,19.637883]},"properties":{"s":"F"}},{"type":"Feature","geometry":{"type":"Point","coordinates":[-72.227429,19.781086]},"properties":{"s":"F"}},{"type":"Feature","geometry":{"type":"Point","coordinates":[-72.108639,19.709055]},"properties":{"s":"F"}},{"type":"Feature","geometry":{"type":"Point","coordinates":[-71.898435,19.676037]},"properties":{"s":"N"}},{"type":"Feature","geometry":{"type":"Point","coordinates":[-72.185576,19.731821]},"properties":{"s":"F"}},{"type":"Feature","geometry":{"type":"Point","coordinates":[-72.254082,19.61336]},"properties":{"s":"F"}},{"type":"Feature","geometry":{"type":"Point","coordinates":[-72.092829,19.239657]},"properties":{"s":"F"}},{"type":"Feature","geometry":{"type":"Point","coordinates":[-71.71573,19.41495]},"properties":{"s":"N"}},{"type":"Feature","geometry":{"type":"Point","coordinates":[-71.766295,19.378684]},"properties":{"s":"F"}},{"type":"Feature","geometry":{"type":"Point","coordinates":[-72.288383,19.719174]},"properties":{"s":"N"}},{"type":"Feature","geometry":{"type":"Point","coordinates":[-72.180611,19.697339]},"properties":{"s":"F"}},{"type":"Feature","geometry":{"type":"Point","coordinates":[-72.25351,19.720081]},"properties":{"s":"N"}},{"type":"Feature","geometry":{"type":"Point","coordinates":[-72.128794,19.619459]},"properties":{"s":"F"}},{"type":"Feature","geometry":{"type":"Point","coordinates":[-72.259001,19.60613]},"properties":{"s":"F"}},{"type":"Feature","geometry":{"type":"Point","coordinates":[-71.987306,19.072333]},"properties":{"s":"F"}},{"type":"Feature","geometry":{"type":"Point","coordinates":[-71.769367,19.363152]},"properties":{"s":"N"}},{"type":"Feature","geometry":{"type":"Point","coordinates":[-72.059139,19.388259]},"properties":{"s":"F"}},{"type":"Feature","geometry":{"type":"Point","coordinates":[-72.155964,19.726318]},"properties":{"s":"F"}},{"type":"Feature","geometry":{"type":"Point","coordinates":[-72.283224,19.638303]},"properties":{"s":"F"}},{"type":"Feature","geometry":{"type":"Point","coordinates":[-72.208633,18.565983]},"properties":{"s":"F"}},{"type":"Feature","geometry":{"type":"Point","coordinates":[-72.234083,19.639927]},"properties":{"s":"F"}},{"type":"Feature","geometry":{"type":"Point","coordinates":[-72.46769,18.768338]},"properties":{"s":"F"}},{"type":"Feature","geometry":{"type":"Point","coordinates":[-71.824146,19.368324]},"properties":{"s":"F"}},{"type":"Feature","geometry":{"type":"Point","coordinates":[-71.85531,19.58079]},"properties":{"s":"N"}},{"type":"Feature","geometry":{"type":"Point","coordinates":[-71.942462,19.576958]},"properties":{"s":"F"}},{"type":"Feature","geometry":{"type":"Point","coordinates":[-72.123867,19.661143]},"properties":{"s":"F"}},{"type":"Feature","geometry":{"type":"Point","coordinates":[-72.280003,19.719281]},"properties":{"s":"F"}},{"type":"Feature","geometry":{"type":"Point","coordinates":[-73.239098,18.963988]},"properties":{"s":"F"}},{"type":"Feature","geometry":{"type":"Point","coordinates":[-71.972943,19.279025]},"properties":{"s":"F"}},{"type":"Feature","geometry":{"type":"Point","coordinates":[-72.021494,19.185912]},"properties":{"s":"N"}},{"type":"Feature","geometry":{"type":"Point","coordinates":[-71.948803,19.144271]},"properties":{"s":"F"}},{"type":"Feature","geometry":{"type":"Point","coordinates":[-72.18,19.617283]},"properties":{"s":"F"}},{"type":"Feature","geometry":{"type":"Point","coordinates":[-71.77052,19.50363]},"properties":{"s":"N"}},{"type":"Feature","geometry":{"type":"Point","coordinates":[-71.758123,19.391816]},"properties":{"s":"F"}},{"type":"Feature","geometry":{"type":"Point","coordinates":[-71.7824,19.64485]},"properties":{"s":"F"}},{"type":"Feature","geometry":{"type":"Point","coordinates":[-72.027957,19.61683]},"properties":{"s":"N"}},{"type":"Feature","geometry":{"type":"Point","coordinates":[-72.289599,19.631836]},"properties":{"s":"N"}},{"type":"Feature","geometry":{"type":"Point","coordinates":[-71.979804,19.558688]},"properties":{"s":"F"}},{"type":"Feature","geometry":{"type":"Point","coordinates":[-72.247448,19.517652]},"properties":{"s":"N"}},{"type":"Feature","geometry":{"type":"Point","coordinates":[-72.021366,18.820584]},"properties":{"s":"F"}},{"type":"Feature","geometry":{"type":"Point","coordinates":[-73.265389,18.91901]},"properties":{"s":"N"}},{"type":"Feature","geometry":{"type":"Point","coordinates":[-71.964672,19.309026]},"properties":{"s":"F"}},{"type":"Feature","geometry":{"type":"Point","coordinates":[-72.228773,19.723111]},"properties":{"s":"F"}},{"type":"Feature","geometry":{"type":"Point","coordinates":[-72.448188,19.537634]},"properties":{"s":"F"}},{"type":"Feature","geometry":{"type":"Point","coordinates":[-71.901532,18.938186]},"properties":{"s":"N"}},{"type":"Feature","geometry":{"type":"Point","coordinates":[-72.06896,19.434628]},"properties":{"s":"F"}},{"type":"Feature","geometry":{"type":"Point","coordinates":[-71.778787,19.407377]},"properties":{"s":"F"}},{"type":"Feature","geometry":{"type":"Point","coordinates":[-72.234583,19.72005]},"properties":{"s":"F"}},{"type":"Feature","geometry":{"type":"Point","coordinates":[-72.175619,19.571485]},"properties":{"s":"N"}},{"type":"Feature","geometry":{"type":"Point","coordinates":[-72.109383,19.65765]},"properties":{"s":"F"}},{"type":"Feature","geometry":{"type":"Point","coordinates":[-71.851718,19.195171]},"properties":{"s":"N"}},{"type":"Feature","geometry":{"type":"Point","coordinates":[-71.995302,19.478183]},"properties":{"s":"F"}},{"type":"Feature","geometry":{"type":"Point","coordinates":[-73.061369,18.789932]},"properties":{"s":"N"}},{"type":"Feature","geometry":{"type":"Point","coordinates":[-71.994745,19.477142]},"properties":{"s":"F"}},{"type":"Feature","geometry":{"type":"Point","coordinates":[-71.698442,19.21182]},"properties":{"s":"F"}},{"type":"Feature","geometry":{"type":"Point","coordinates":[-73.007598,18.836373]},"properties":{"s":"N"}},{"type":"Feature","geometry":{"type":"Point","coordinates":[-71.792844,19.407686]},"properties":{"s":"F"}},{"type":"Feature","geometry":{"type":"Point","coordinates":[-71.786288,19.412304]},"properties":{"s":"F"}},{"type":"Feature","geometry":{"type":"Point","coordinates":[-71.76011,19.44576]},"properties":{"s":"F"}},{"type":"Feature","geometry":{"type":"Point","coordinates":[-73.679605,18.360217]},"properties":{"s":"N"}},{"type":"Feature","geometry":{"type":"Point","coordinates":[-72.817813,18.793226]},"properties":{"s":"N"}},{"type":"Feature","geometry":{"type":"Point","coordinates":[-72.817564,18.793705]},"properties":{"s":"N"}},{"type":"Feature","geometry":{"type":"Point","coordinates":[-72.200096,18.781709]},"properties":{"s":"N"}},{"type":"Feature","geometry":{"type":"Point","coordinates":[-72.036475,18.787982]},"properties":{"s":"N"}},{"type":"Feature","geometry":{"type":"Point","coordinates":[-72.034034,18.796597]},"properties":{"s":"N"}},{"type":"Feature","geometry":{"type":"Point","coordinates":[-72.11254,18.837371]},"properties":{"s":"N"}},{"type":"Feature","geometry":{"type":"Point","coordinates":[-72.953187,18.862718]},"properties":{"s":"N"}},{"type":"Feature","geometry":{"type":"Point","coordinates":[-72.075571,18.910295]},"properties":{"s":"N"}},{"type":"Feature","geometry":{"type":"Point","coordinates":[-71.953298,18.794914]},"properties":{"s":"N"}},{"type":"Feature","geometry":{"type":"Point","coordinates":[-71.955445,18.799077]},"properties":{"s":"N"}},{"type":"Feature","geometry":{"type":"Point","coordinates":[-71.954255,18.799084]},"properties":{"s":"N"}},{"type":"Feature","geometry":{"type":"Point","coordinates":[-71.789264,18.794795]},"properties":{"s":"N"}},{"type":"Feature","geometry":{"type":"Point","coordinates":[-71.78371,18.799067]},"properties":{"s":"N"}},{"type":"Feature","geometry":{"type":"Point","coordinates":[-71.966979,18.804281]},"properties":{"s":"N"}},{"type":"Feature","geometry":{"type":"Point","coordinates":[-72.097041,18.991695]},"properties":{"s":"F"}},{"type":"Feature","geometry":{"type":"Point","coordinates":[-71.806816,18.793654]},"properties":{"s":"F"}},{"type":"Feature","geometry":{"type":"Point","coordinates":[-71.928876,18.82933]},"properties":{"s":"N"}},{"type":"Feature","geometry":{"type":"Point","coordinates":[-71.899665,18.840919]},"properties":{"s":"F"}},{"type":"Feature","geometry":{"type":"Point","coordinates":[-72.152561,18.74583]},"properties":{"s":"F"}},{"type":"Feature","geometry":{"type":"Point","coordinates":[-71.823846,18.731074]},"properties":{"s":"F"}},{"type":"Feature","geometry":{"type":"Point","coordinates":[-72.174549,18.998772]},"properties":{"s":"F"}},{"type":"Feature","geometry":{"type":"Point","coordinates":[-71.782554,18.799487]},"properties":{"s":"F"}},{"type":"Feature","geometry":{"type":"Point","coordinates":[-71.939564,18.832237]},"properties":{"s":"N"}},{"type":"Feature","geometry":{"type":"Point","coordinates":[-71.783003,18.864513]},"properties":{"s":"N"}},{"type":"Feature","geometry":{"type":"Point","coordinates":[-72.082522,19.028999]},"properties":{"s":"F"}},{"type":"Feature","geometry":{"type":"Point","coordinates":[-72.567847,19.71509]},"properties":{"s":"N"}},{"type":"Feature","geometry":{"type":"Point","coordinates":[-72.02639,19.610775]},"properties":{"s":"N"}},{"type":"Feature","geometry":{"type":"Point","coordinates":[-72.078734,18.915378]},"properties":{"s":"F"}},{"type":"Feature","geometry":{"type":"Point","coordinates":[-72.012263,18.898409]},"properties":{"s":"F"}},{"type":"Feature","geometry":{"type":"Point","coordinates":[-71.786576,18.794186]},"properties":{"s":"N"}},{"type":"Feature","geometry":{"type":"Point","coordinates":[-72.30765,19.63892]},"properties":{"s":"N"}},{"type":"Feature","geometry":{"type":"Point","coordinates":[-71.75163,18.874109]},"properties":{"s":"N"}},{"type":"Feature","geometry":{"type":"Point","coordinates":[-71.744867,18.858376]},"properties":{"s":"N"}},{"type":"Feature","geometry":{"type":"Point","coordinates":[-72.470213,19.598691]},"properties":{"s":"N"}},{"type":"Feature","geometry":{"type":"Point","coordinates":[-72.085547,18.918502]},"properties":{"s":"N"}},{"type":"Feature","geometry":{"type":"Point","coordinates":[-71.749746,18.873785]},"properties":{"s":"N"}},{"type":"Feature","geometry":{"type":"Point","coordinates":[-72.438297,19.55974]},"properties":{"s":"N"}},{"type":"Feature","geometry":{"type":"Point","coordinates":[-71.99785,19.089991]},"properties":{"s":"N"}},{"type":"Feature","geometry":{"type":"Point","coordinates":[-72.440434,19.560044]},"properties":{"s":"N"}},{"type":"Feature","geometry":{"type":"Point","coordinates":[-72.039409,19.085422]},"properties":{"s":"N"}},{"type":"Feature","geometry":{"type":"Point","coordinates":[-72.037027,19.089283]},"properties":{"s":"N"}},{"type":"Feature","geometry":{"type":"Point","coordinates":[-73.88258,18.29538]},"properties":{"s":"N"}},{"type":"Feature","geometry":{"type":"Point","coordinates":[-72.472588,19.587828]},"properties":{"s":"N"}},{"type":"Feature","geometry":{"type":"Point","coordinates":[-72.026585,18.779271]},"properties":{"s":"N"}},{"type":"Feature","geometry":{"type":"Point","coordinates":[-72.160475,19.1277]},"properties":{"s":"N"}},{"type":"Feature","geometry":{"type":"Point","coordinates":[-72.021228,19.260837]},"properties":{"s":"N"}},{"type":"Feature","geometry":{"type":"Point","coordinates":[-72.163464,19.138901]},"properties":{"s":"N"}},{"type":"Feature","geometry":{"type":"Point","coordinates":[-72.148177,19.148217]},"properties":{"s":"N"}},{"type":"Feature","geometry":{"type":"Point","coordinates":[-72.56208,19.185063]},"properties":{"s":"N"}},{"type":"Feature","geometry":{"type":"Point","coordinates":[-72.194672,19.728218]},"properties":{"s":"N"}},{"type":"Feature","geometry":{"type":"Point","coordinates":[-72.268717,19.6436]},"properties":{"s":"F"}},{"type":"Feature","geometry":{"type":"Point","coordinates":[-72.156038,19.161959]},"properties":{"s":"N"}},{"type":"Feature","geometry":{"type":"Point","coordinates":[-72.473874,19.23516]},"properties":{"s":"N"}},{"type":"Feature","geometry":{"type":"Point","coordinates":[-72.518496,19.264282]},"properties":{"s":"N"}},{"type":"Feature","geometry":{"type":"Point","coordinates":[-72.066487,19.285608]},"properties":{"s":"N"}},{"type":"Feature","geometry":{"type":"Point","coordinates":[-72.061841,19.287286]},"properties":{"s":"N"}},{"type":"Feature","geometry":{"type":"Point","coordinates":[-72.027966,19.255883]},"properties":{"s":"N"}},{"type":"Feature","geometry":{"type":"Point","coordinates":[-72.009262,19.275989]},"properties":{"s":"N"}},{"type":"Feature","geometry":{"type":"Point","coordinates":[-72.047419,19.279876]},"properties":{"s":"N"}},{"type":"Feature","geometry":{"type":"Point","coordinates":[-72.123862,19.484011]},"properties":{"s":"N"}},{"type":"Feature","geometry":{"type":"Point","coordinates":[-72.136051,19.504441]},"properties":{"s":"N"}},{"type":"Feature","geometry":{"type":"Point","coordinates":[-72.478757,19.572198]},"properties":{"s":"N"}},{"type":"Feature","geometry":{"type":"Point","coordinates":[-71.930238,18.808558]},"properties":{"s":"F"}},{"type":"Feature","geometry":{"type":"Point","coordinates":[-72.471867,19.597877]},"properties":{"s":"N"}},{"type":"Feature","geometry":{"type":"Point","coordinates":[-71.757161,18.873186]},"properties":{"s":"N"}},{"type":"Feature","geometry":{"type":"Point","coordinates":[-71.756632,18.874256]},"properties":{"s":"N"}},{"type":"Feature","geometry":{"type":"Point","coordinates":[-72.19535,19.6162]},"properties":{"s":"F"}},{"type":"Feature","geometry":{"type":"Point","coordinates":[-72.2867,18.622483]},"properties":{"s":"F"}},{"type":"Feature","geometry":{"type":"Point","coordinates":[-72.122441,19.673972]},"properties":{"s":"F"}},{"type":"Feature","geometry":{"type":"Point","coordinates":[-72.158517,19.722833]},"properties":{"s":"F"}},{"type":"Feature","geometry":{"type":"Point","coordinates":[-72.353319,19.772377]},"properties":{"s":"F"}},{"type":"Feature","geometry":{"type":"Point","coordinates":[-72.129362,19.687023]},"properties":{"s":"F"}},{"type":"Feature","geometry":{"type":"Point","coordinates":[-72.171569,19.582014]},"properties":{"s":"F"}},{"type":"Feature","geometry":{"type":"Point","coordinates":[-71.992615,19.679967]},"properties":{"s":"F"}},{"type":"Feature","geometry":{"type":"Point","coordinates":[-72.318867,19.68645]},"properties":{"s":"F"}},{"type":"Feature","geometry":{"type":"Point","coordinates":[-72.429872,19.629065]},"properties":{"s":"F"}},{"type":"Feature","geometry":{"type":"Point","coordinates":[-72.232009,19.625146]},"properties":{"s":"N"}},{"type":"Feature","geometry":{"type":"Point","coordinates":[-72.235306,19.629202]},"properties":{"s":"N"}},{"type":"Feature","geometry":{"type":"Point","coordinates":[-72.566332,19.672688]},"properties":{"s":"N"}},{"type":"Feature","geometry":{"type":"Point","coordinates":[-72.576882,19.678902]},"properties":{"s":"N"}},{"type":"Feature","geometry":{"type":"Point","coordinates":[-72.478827,19.654402]},"properties":{"s":"N"}},{"type":"Feature","geometry":{"type":"Point","coordinates":[-72.578073,19.686187]},"properties":{"s":"N"}},{"type":"Feature","geometry":{"type":"Point","coordinates":[-72.17772,19.69809]},"properties":{"s":"F"}},{"type":"Feature","geometry":{"type":"Point","coordinates":[-72.579972,19.686893]},"properties":{"s":"N"}},{"type":"Feature","geometry":{"type":"Point","coordinates":[-72.0717,18.39]},"properties":{"s":"F"}},{"type":"Feature","geometry":{"type":"Point","coordinates":[-72.590635,19.693656]},"properties":{"s":"N"}},{"type":"Feature","geometry":{"type":"Point","coordinates":[-72.588515,19.694231]},"properties":{"s":"N"}},{"type":"Feature","geometry":{"type":"Point","coordinates":[-72.559498,19.694328]},"properties":{"s":"N"}},{"type":"Feature","geometry":{"type":"Point","coordinates":[-72.54655,19.666856]},"properties":{"s":"N"}},{"type":"Feature","geometry":{"type":"Point","coordinates":[-72.543807,19.669237]},"properties":{"s":"N"}},{"type":"Feature","geometry":{"type":"Point","coordinates":[-72.530333,19.669373]},"properties":{"s":"N"}},{"type":"Feature","geometry":{"type":"Point","coordinates":[-72.526679,19.668748]},"properties":{"s":"N"}},{"type":"Feature","geometry":{"type":"Point","coordinates":[-72.525903,19.670841]},"properties":{"s":"N"}},{"type":"Feature","geometry":{"type":"Point","coordinates":[-72.472752,19.652386]},"properties":{"s":"N"}},{"type":"Feature","geometry":{"type":"Point","coordinates":[-72.18744,19.658774]},"properties":{"s":"N"}},{"type":"Feature","geometry":{"type":"Point","coordinates":[-72.254875,19.599783]},"properties":{"s":"N"}},{"type":"Feature","geometry":{"type":"Point","coordinates":[-72.163385,19.566911]},"properties":{"s":"N"}},{"type":"Feature","geometry":{"type":"Point","coordinates":[-72.173105,19.583048]},"properties":{"s":"N"}},{"type":"Feature","geometry":{"type":"Point","coordinates":[-72.1411,19.635267]},"properties":{"s":"F"}},{"type":"Feature","geometry":{"type":"Point","coordinates":[-72.500399,19.617529]},"properties":{"s":"N"}},{"type":"Feature","geometry":{"type":"Point","coordinates":[-72.511658,19.621895]},"properties":{"s":"N"}},{"type":"Feature","geometry":{"type":"Point","coordinates":[-72.49423,19.622124]},"properties":{"s":"N"}},{"type":"Feature","geometry":{"type":"Point","coordinates":[-72.491654,19.620655]},"properties":{"s":"N"}},{"type":"Feature","geometry":{"type":"Point","coordinates":[-72.474375,19.629184]},"properties":{"s":"N"}},{"type":"Feature","geometry":{"type":"Point","coordinates":[-72.485988,19.63139]},"properties":{"s":"N"}},{"type":"Feature","geometry":{"type":"Point","coordinates":[-72.482304,19.630694]},"properties":{"s":"N"}},{"type":"Feature","geometry":{"type":"Point","coordinates":[-72.479152,19.640019]},"properties":{"s":"N"}},{"type":"Feature","geometry":{"type":"Point","coordinates":[-72.477371,19.641016]},"properties":{"s":"N"}},{"type":"Feature","geometry":{"type":"Point","coordinates":[-72.427381,19.625641]},"properties":{"s":"N"}},{"type":"Feature","geometry":{"type":"Point","coordinates":[-72.426736,19.626284]},"properties":{"s":"N"}},{"type":"Feature","geometry":{"type":"Point","coordinates":[-72.42811,19.629126]},"properties":{"s":"N"}},{"type":"Feature","geometry":{"type":"Point","coordinates":[-72.312263,19.632367]},"properties":{"s":"N"}},{"type":"Feature","geometry":{"type":"Point","coordinates":[-72.313292,19.647288]},"properties":{"s":"N"}},{"type":"Feature","geometry":{"type":"Point","coordinates":[-72.254689,19.600294]},"properties":{"s":"N"}},{"type":"Feature","geometry":{"type":"Point","coordinates":[-72.158464,19.699209]},"properties":{"s":"N"}},{"type":"Feature","geometry":{"type":"Point","coordinates":[-72.120739,19.658743]},"properties":{"s":"N"}},{"type":"Feature","geometry":{"type":"Point","coordinates":[-72.564415,19.709878]},"properties":{"s":"N"}},{"type":"Feature","geometry":{"type":"Point","coordinates":[-72.56379,19.711382]},"properties":{"s":"N"}},{"type":"Feature","geometry":{"type":"Point","coordinates":[-72.454465,19.715838]},"properties":{"s":"N"}},{"type":"Feature","geometry":{"type":"Point","coordinates":[-72.289476,19.753079]},"properties":{"s":"N"}},{"type":"Feature","geometry":{"type":"Point","coordinates":[-71.950343,19.01196]},"properties":{"s":"N"}},{"type":"Feature","geometry":{"type":"Point","coordinates":[-71.967941,19.015497]},"properties":{"s":"N"}},{"type":"Feature","geometry":{"type":"Point","coordinates":[-71.964902,19.016425]},"properties":{"s":"N"}},{"type":"Feature","geometry":{"type":"Point","coordinates":[-71.962323,19.016474]},"properties":{"s":"N"}},{"type":"Feature","geometry":{"type":"Point","coordinates":[-71.968747,19.019086]},"properties":{"s":"N"}},{"type":"Feature","geometry":{"type":"Point","coordinates":[-71.963587,19.018466]},"properties":{"s":"N"}},{"type":"Feature","geometry":{"type":"Point","coordinates":[-71.958303,19.018467]},"properties":{"s":"N"}},{"type":"Feature","geometry":{"type":"Point","coordinates":[-71.959193,19.02229]},"properties":{"s":"N"}},{"type":"Feature","geometry":{"type":"Point","coordinates":[-71.949249,19.02928]},"properties":{"s":"N"}},{"type":"Feature","geometry":{"type":"Point","coordinates":[-71.737026,19.076751]},"properties":{"s":"N"}},{"type":"Feature","geometry":{"type":"Point","coordinates":[-71.728103,19.129242]},"properties":{"s":"N"}},{"type":"Feature","geometry":{"type":"Point","coordinates":[-71.738317,19.132824]},"properties":{"s":"N"}},{"type":"Feature","geometry":{"type":"Point","coordinates":[-71.735913,19.133314]},"properties":{"s":"N"}},{"type":"Feature","geometry":{"type":"Point","coordinates":[-71.733286,19.134135]},"properties":{"s":"N"}},{"type":"Feature","geometry":{"type":"Point","coordinates":[-71.733328,19.13424]},"properties":{"s":"N"}},{"type":"Feature","geometry":{"type":"Point","coordinates":[-71.731882,19.132815]},"properties":{"s":"N"}},{"type":"Feature","geometry":{"type":"Point","coordinates":[-71.734185,19.135366]},"properties":{"s":"N"}},{"type":"Feature","geometry":{"type":"Point","coordinates":[-71.73134,19.136879]},"properties":{"s":"N"}},{"type":"Feature","geometry":{"type":"Point","coordinates":[-71.67771,19.12278]},"properties":{"s":"N"}},{"type":"Feature","geometry":{"type":"Point","coordinates":[-71.680068,19.136075]},"properties":{"s":"N"}},{"type":"Feature","geometry":{"type":"Point","coordinates":[-71.835328,19.189127]},"properties":{"s":"N"}},{"type":"Feature","geometry":{"type":"Point","coordinates":[-71.839522,19.191954]},"properties":{"s":"N"}},{"type":"Feature","geometry":{"type":"Point","coordinates":[-71.782496,19.156172]},"properties":{"s":"N"}},{"type":"Feature","geometry":{"type":"Point","coordinates":[-71.983858,19.306815]},"properties":{"s":"N"}},{"type":"Feature","geometry":{"type":"Point","coordinates":[-71.994086,19.310775]},"properties":{"s":"N"}},{"type":"Feature","geometry":{"type":"Point","coordinates":[-71.90284,19.336736]},"properties":{"s":"N"}},{"type":"Feature","geometry":{"type":"Point","coordinates":[-72.468001,19.653478]},"properties":{"s":"N"}},{"type":"Feature","geometry":{"type":"Point","coordinates":[-72.479116,19.657353]},"properties":{"s":"N"}},{"type":"Feature","geometry":{"type":"Point","coordinates":[-72.483188,19.658755]},"properties":{"s":"N"}},{"type":"Feature","geometry":{"type":"Point","coordinates":[-72.421309,19.699032]},"properties":{"s":"N"}},{"type":"Feature","geometry":{"type":"Point","coordinates":[-72.156,19.696125]},"properties":{"s":"N"}},{"type":"Feature","geometry":{"type":"Point","coordinates":[-71.905464,19.342943]},"properties":{"s":"N"}},{"type":"Feature","geometry":{"type":"Point","coordinates":[-71.895429,19.304818]},"properties":{"s":"N"}},{"type":"Feature","geometry":{"type":"Point","coordinates":[-71.860562,19.325324]},"properties":{"s":"N"}},{"type":"Feature","geometry":{"type":"Point","coordinates":[-71.891541,19.348315]},"properties":{"s":"N"}},{"type":"Feature","geometry":{"type":"Point","coordinates":[-71.853233,19.398988]},"properties":{"s":"N"}},{"type":"Feature","geometry":{"type":"Point","coordinates":[-71.83101,19.375484]},"properties":{"s":"N"}},{"type":"Feature","geometry":{"type":"Point","coordinates":[-71.830592,19.379515]},"properties":{"s":"N"}},{"type":"Feature","geometry":{"type":"Point","coordinates":[-71.833874,19.380401]},"properties":{"s":"N"}},{"type":"Feature","geometry":{"type":"Point","coordinates":[-71.915494,19.431318]},"properties":{"s":"N"}},{"type":"Feature","geometry":{"type":"Point","coordinates":[-71.922558,19.435728]},"properties":{"s":"N"}},{"type":"Feature","geometry":{"type":"Point","coordinates":[-71.934565,19.573067]},"properties":{"s":"N"}},{"type":"Feature","geometry":{"type":"Point","coordinates":[-71.938565,19.575593]},"properties":{"s":"N"}},{"type":"Feature","geometry":{"type":"Point","coordinates":[-74.1124,18.6459]},"properties":{"s":"F"}},{"type":"Feature","geometry":{"type":"Point","coordinates":[-74.1145,18.6487]},"properties":{"s":"F"}},{"type":"Feature","geometry":{"type":"Point","coordinates":[-73.21898,18.22802]},"properties":{"s":"F"}},{"type":"Feature","geometry":{"type":"Point","coordinates":[-73.15206,18.265]},"properties":{"s":"F"}},{"type":"Feature","geometry":{"type":"Point","coordinates":[-73.1501,18.26688]},"properties":{"s":"F"}},{"type":"Feature","geometry":{"type":"Point","coordinates":[-73.007167,18.77961]},"properties":{"s":"F"}},{"type":"Feature","geometry":{"type":"Point","coordinates":[-73.003242,18.77804]},"properties":{"s":"F"}},{"type":"Feature","geometry":{"type":"Point","coordinates":[-73.16639,18.952803]},"properties":{"s":"F"}},{"type":"Feature","geometry":{"type":"Point","coordinates":[-72.428519,18.720888]},"properties":{"s":"F"}},{"type":"Feature","geometry":{"type":"Point","coordinates":[-72.432761,18.723618]},"properties":{"s":"F"}},{"type":"Feature","geometry":{"type":"Point","coordinates":[-72.446047,18.742431]},"properties":{"s":"F"}},{"type":"Feature","geometry":{"type":"Point","coordinates":[-72.15655,18.704188]},"properties":{"s":"F"}},{"type":"Feature","geometry":{"type":"Point","coordinates":[-72.401551,18.760221]},"properties":{"s":"F"}},{"type":"Feature","geometry":{"type":"Point","coordinates":[-72.397613,18.752116]},"properties":{"s":"F"}},{"type":"Feature","geometry":{"type":"Point","coordinates":[-72.12086,18.952008]},"properties":{"s":"F"}},{"type":"Feature","geometry":{"type":"Point","coordinates":[-72.389756,18.754338]},"properties":{"s":"F"}},{"type":"Feature","geometry":{"type":"Point","coordinates":[-72.212412,18.785652]},"properties":{"s":"F"}},{"type":"Feature","geometry":{"type":"Point","coordinates":[-72.176797,18.793032]},"properties":{"s":"F"}},{"type":"Feature","geometry":{"type":"Point","coordinates":[-72.100422,18.773928]},"properties":{"s":"F"}},{"type":"Feature","geometry":{"type":"Point","coordinates":[-72.04312,18.77483]},"properties":{"s":"F"}},{"type":"Feature","geometry":{"type":"Point","coordinates":[-72.031987,18.775655]},"properties":{"s":"F"}},{"type":"Feature","geometry":{"type":"Point","coordinates":[-72.905688,18.837445]},"properties":{"s":"F"}},{"type":"Feature","geometry":{"type":"Point","coordinates":[-72.903804,18.840865]},"properties":{"s":"F"}},{"type":"Feature","geometry":{"type":"Point","coordinates":[-72.2732,18.8807]},"properties":{"s":"F"}},{"type":"Feature","geometry":{"type":"Point","coordinates":[-72.231117,18.889867]},"properties":{"s":"F"}},{"type":"Feature","geometry":{"type":"Point","coordinates":[-72.244498,18.892414]},"properties":{"s":"F"}},{"type":"Feature","geometry":{"type":"Point","coordinates":[-72.32204,18.824]},"properties":{"s":"F"}},{"type":"Feature","geometry":{"type":"Point","coordinates":[-72.141512,18.844242]},"properties":{"s":"F"}},{"type":"Feature","geometry":{"type":"Point","coordinates":[-72.070651,18.833825]},"properties":{"s":"F"}},{"type":"Feature","geometry":{"type":"Point","coordinates":[-71.824146,18.728928]},"properties":{"s":"F"}},{"type":"Feature","geometry":{"type":"Point","coordinates":[-72.314209,18.858165]},"properties":{"s":"F"}},{"type":"Feature","geometry":{"type":"Point","coordinates":[-72.196643,18.874013]},"properties":{"s":"F"}},{"type":"Feature","geometry":{"type":"Point","coordinates":[-72.020215,18.869286]},"properties":{"s":"F"}},{"type":"Feature","geometry":{"type":"Point","coordinates":[-72.040183,18.882629]},"properties":{"s":"F"}},{"type":"Feature","geometry":{"type":"Point","coordinates":[-72.163837,18.943972]},"properties":{"s":"F"}},{"type":"Feature","geometry":{"type":"Point","coordinates":[-71.782478,19.156216]},"properties":{"s":"F"}},{"type":"Feature","geometry":{"type":"Point","coordinates":[-71.744623,18.833129]},"properties":{"s":"F"}},{"type":"Feature","geometry":{"type":"Point","coordinates":[-72.545608,19.658706]},"properties":{"s":"F"}},{"type":"Feature","geometry":{"type":"Point","coordinates":[-71.792311,18.85245]},"properties":{"s":"F"}},{"type":"Feature","geometry":{"type":"Point","coordinates":[-72.383724,19.772105]},"properties":{"s":"N"}},{"type":"Feature","geometry":{"type":"Point","coordinates":[-71.958872,19.634368]},"properties":{"s":"N"}},{"type":"Feature","geometry":{"type":"Point","coordinates":[-71.959507,18.894453]},"properties":{"s":"F"}},{"type":"Feature","geometry":{"type":"Point","coordinates":[-71.954072,18.797791]},"properties":{"s":"N"}},{"type":"Feature","geometry":{"type":"Point","coordinates":[-71.77495,18.784172]},"properties":{"s":"N"}},{"type":"Feature","geometry":{"type":"Point","coordinates":[-72.02393,19.62448]},"properties":{"s":"N"}},{"type":"Feature","geometry":{"type":"Point","coordinates":[-72.506935,19.62012]},"properties":{"s":"N"}},{"type":"Feature","geometry":{"type":"Point","coordinates":[-72.045807,19.131206]},"properties":{"s":"N"}},{"type":"Feature","geometry":{"type":"Point","coordinates":[-71.841487,19.65977]},"properties":{"s":"N"}},{"type":"Feature","geometry":{"type":"Point","coordinates":[-71.7528,19.45491]},"properties":{"s":"N"}},{"type":"Feature","geometry":{"type":"Point","coordinates":[-71.76863,19.4451]},"properties":{"s":"N"}},{"type":"Feature","geometry":{"type":"Point","coordinates":[-72.526529,19.705069]},"properties":{"s":"N"}},{"type":"Feature","geometry":{"type":"Point","coordinates":[-72.122348,19.670444]},"properties":{"s":"N"}},{"type":"Feature","geometry":{"type":"Point","coordinates":[-72.245441,19.770162]},"properties":{"s":"F"}},{"type":"Feature","geometry":{"type":"Point","coordinates":[-72.578242,19.687567]},"properties":{"s":"N"}},{"type":"Feature","geometry":{"type":"Point","coordinates":[-71.954184,18.971343]},"properties":{"s":"F"}},{"type":"Feature","geometry":{"type":"Point","coordinates":[-71.896793,18.998893]},"properties":{"s":"F"}},{"type":"Feature","geometry":{"type":"Point","coordinates":[-72.579772,19.716314]},"properties":{"s":"N"}},{"type":"Feature","geometry":{"type":"Point","coordinates":[-72.231587,19.620707]},"properties":{"s":"N"}},{"type":"Feature","geometry":{"type":"Point","coordinates":[-72.181968,18.8305]},"properties":{"s":"N"}},{"type":"Feature","geometry":{"type":"Point","coordinates":[-72.211256,19.009795]},"properties":{"s":"F"}},{"type":"Feature","geometry":{"type":"Point","coordinates":[-72.162828,19.553131]},"properties":{"s":"N"}},{"type":"Feature","geometry":{"type":"Point","coordinates":[-72.019563,19.143406]},"properties":{"s":"N"}},{"type":"Feature","geometry":{"type":"Point","coordinates":[-72.50126,19.620682]},"properties":{"s":"F"}},{"type":"Feature","geometry":{"type":"Point","coordinates":[-72.314105,18.857793]},"properties":{"s":"F"}},{"type":"Feature","geometry":{"type":"Point","coordinates":[-72.521001,19.265977]},"properties":{"s":"F"}},{"type":"Feature","geometry":{"type":"Point","coordinates":[-72.401557,18.760182]},"properties":{"s":"N"}},{"type":"Feature","geometry":{"type":"Point","coordinates":[-71.980942,18.789533]},"properties":{"s":"F"}},{"type":"Feature","geometry":{"type":"Point","coordinates":[-72.863821,18.833947]},"properties":{"s":"F"}},{"type":"Feature","geometry":{"type":"Point","coordinates":[-72.247992,19.726647]},"properties":{"s":"F"}},{"type":"Feature","geometry":{"type":"Point","coordinates":[-72.16005,19.150288]},"properties":{"s":"F"}},{"type":"Feature","geometry":{"type":"Point","coordinates":[-71.824673,18.746113]},"properties":{"s":"F"}},{"type":"Feature","geometry":{"type":"Point","coordinates":[-72.214805,19.752104]},"properties":{"s":"N"}},{"type":"Feature","geometry":{"type":"Point","coordinates":[-72.386534,19.732355]},"properties":{"s":"N"}},{"type":"Feature","geometry":{"type":"Point","coordinates":[-72.386296,19.769173]},"properties":{"s":"N"}},{"type":"Feature","geometry":{"type":"Point","coordinates":[-71.902383,18.845275]},"properties":{"s":"F"}},{"type":"Feature","geometry":{"type":"Point","coordinates":[-71.989328,18.798655]},"properties":{"s":"F"}},{"type":"Feature","geometry":{"type":"Point","coordinates":[-71.749439,19.133952]},"properties":{"s":"N"}},{"type":"Feature","geometry":{"type":"Point","coordinates":[-72.860828,18.833403]},"properties":{"s":"F"}},{"type":"Feature","geometry":{"type":"Point","coordinates":[-72.412043,19.697387]},"properties":{"s":"N"}},{"type":"Feature","geometry":{"type":"Point","coordinates":[-72.192675,19.001388]},"properties":{"s":"F"}},{"type":"Feature","geometry":{"type":"Point","coordinates":[-72.193563,19.001949]},"properties":{"s":"F"}},{"type":"Feature","geometry":{"type":"Point","coordinates":[-71.71607,19.42172]},"properties":{"s":"F"}},{"type":"Feature","geometry":{"type":"Point","coordinates":[-72.051333,19.288221]},"properties":{"s":"N"}},{"type":"Feature","geometry":{"type":"Point","coordinates":[-72.521246,19.718014]},"properties":{"s":"N"}},{"type":"Feature","geometry":{"type":"Point","coordinates":[-72.00958,18.807365]},"properties":{"s":"F"}},{"type":"Feature","geometry":{"type":"Point","coordinates":[-72.060677,19.518794]},"properties":{"s":"F"}},{"type":"Feature","geometry":{"type":"Point","coordinates":[-72.532997,19.848912]},"properties":{"s":"N"}},{"type":"Feature","geometry":{"type":"Point","coordinates":[-72.565692,19.792081]},"properties":{"s":"F"}},{"type":"Feature","geometry":{"type":"Point","coordinates":[-71.863888,19.328227]},"properties":{"s":"N"}},{"type":"Feature","geometry":{"type":"Point","coordinates":[-72.602674,19.690709]},"properties":{"s":"F"}},{"type":"Feature","geometry":{"type":"Point","coordinates":[-72.018343,18.873068]},"properties":{"s":"F"}},{"type":"Feature","geometry":{"type":"Point","coordinates":[-72.031013,18.776362]},"properties":{"s":"F"}},{"type":"Feature","geometry":{"type":"Point","coordinates":[-72.468433,19.572466]},"properties":{"s":"F"}},{"type":"Feature","geometry":{"type":"Point","coordinates":[-72.55273,19.661842]},"properties":{"s":"F"}},{"type":"Feature","geometry":{"type":"Point","coordinates":[-71.972619,19.385274]},"properties":{"s":"F"}},{"type":"Feature","geometry":{"type":"Point","coordinates":[-71.868117,18.749825]},"properties":{"s":"F"}},{"type":"Feature","geometry":{"type":"Point","coordinates":[-72.450913,19.608626]},"properties":{"s":"F"}},{"type":"Feature","geometry":{"type":"Point","coordinates":[-72.472707,19.660895]},"properties":{"s":"F"}},{"type":"Feature","geometry":{"type":"Point","coordinates":[-71.931624,18.818016]},"properties":{"s":"F"}},{"type":"Feature","geometry":{"type":"Point","coordinates":[-72.214888,18.955296]},"properties":{"s":"F"}},{"type":"Feature","geometry":{"type":"Point","coordinates":[-72.310573,19.635327]},"properties":{"s":"F"}},{"type":"Feature","geometry":{"type":"Point","coordinates":[-71.933976,18.819955]},"properties":{"s":"N"}},{"type":"Feature","geometry":{"type":"Point","coordinates":[-71.811111,18.742081]},"properties":{"s":"F"}},{"type":"Feature","geometry":{"type":"Point","coordinates":[-72.045343,19.479921]},"properties":{"s":"F"}},{"type":"Feature","geometry":{"type":"Point","coordinates":[-72.474048,19.582132]},"properties":{"s":"F"}},{"type":"Feature","geometry":{"type":"Point","coordinates":[-72.244415,19.526731]},"properties":{"s":"F"}},{"type":"Feature","geometry":{"type":"Point","coordinates":[-72.870221,18.746409]},"properties":{"s":"F"}},{"type":"Feature","geometry":{"type":"Point","coordinates":[-71.753278,19.133736]},"properties":{"s":"F"}},{"type":"Feature","geometry":{"type":"Point","coordinates":[-72.187093,18.81154]},"properties":{"s":"F"}},{"type":"Feature","geometry":{"type":"Point","coordinates":[-72.100524,19.596595]},"properties":{"s":"F"}},{"type":"Feature","geometry":{"type":"Point","coordinates":[-72.352135,19.697054]},"properties":{"s":"F"}},{"type":"Feature","geometry":{"type":"Point","coordinates":[-72.125634,19.019937]},"properties":{"s":"F"}},{"type":"Feature","geometry":{"type":"Point","coordinates":[-71.908095,18.83899]},"properties":{"s":"F"}},{"type":"Feature","geometry":{"type":"Point","coordinates":[-72.936265,18.785878]},"properties":{"s":"F"}},{"type":"Feature","geometry":{"type":"Point","coordinates":[-71.843387,19.076889]},"properties":{"s":"N"}},{"type":"Feature","geometry":{"type":"Point","coordinates":[-72.482141,19.609138]},"properties":{"s":"F"}},{"type":"Feature","geometry":{"type":"Point","coordinates":[-72.016215,18.800816]},"properties":{"s":"F"}},{"type":"Feature","geometry":{"type":"Point","coordinates":[-72.468574,19.563447]},"properties":{"s":"N"}},{"type":"Feature","geometry":{"type":"Point","coordinates":[-72.18018,19.622187]},"properties":{"s":"F"}},{"type":"Feature","geometry":{"type":"Point","coordinates":[-72.241159,19.52758]},"properties":{"s":"F"}},{"type":"Feature","geometry":{"type":"Point","coordinates":[-71.778679,19.616191]},"properties":{"s":"N"}},{"type":"Feature","geometry":{"type":"Point","coordinates":[-72.26832,19.676029]},"properties":{"s":"F"}},{"type":"Feature","geometry":{"type":"Point","coordinates":[-72.102691,18.83246]},"properties":{"s":"F"}},{"type":"Feature","geometry":{"type":"Point","coordinates":[-72.066885,18.906426]},"properties":{"s":"F"}},{"type":"Feature","geometry":{"type":"Point","coordinates":[-71.897519,18.826228]},"properties":{"s":"F"}},{"type":"Feature","geometry":{"type":"Point","coordinates":[-72.233074,19.633455]},"properties":{"s":"F"}},{"type":"Feature","geometry":{"type":"Point","coordinates":[-72.218502,19.602977]},"properties":{"s":"F"}},{"type":"Feature","geometry":{"type":"Point","coordinates":[-71.789646,19.164215]},"properties":{"s":"F"}},{"type":"Feature","geometry":{"type":"Point","coordinates":[-72.080714,19.421965]},"properties":{"s":"N"}},{"type":"Feature","geometry":{"type":"Point","coordinates":[-72.011239,19.143606]},"properties":{"s":"F"}},{"type":"Feature","geometry":{"type":"Point","coordinates":[-71.956958,19.637525]},"properties":{"s":"N"}},{"type":"Feature","geometry":{"type":"Point","coordinates":[-71.863289,19.328477]},"properties":{"s":"F"}},{"type":"Feature","geometry":{"type":"Point","coordinates":[-71.905277,18.827775]},"properties":{"s":"F"}},{"type":"Feature","geometry":{"type":"Point","coordinates":[-72.037989,19.456737]},"properties":{"s":"F"}},{"type":"Feature","geometry":{"type":"Point","coordinates":[-72.428914,19.649452]},"properties":{"s":"F"}},{"type":"Feature","geometry":{"type":"Point","coordinates":[-72.502364,19.616766]},"properties":{"s":"F"}},{"type":"Feature","geometry":{"type":"Point","coordinates":[-72.457159,19.573795]},"properties":{"s":"F"}},{"type":"Feature","geometry":{"type":"Point","coordinates":[-71.928415,19.162107]},"properties":{"s":"F"}},{"type":"Feature","geometry":{"type":"Point","coordinates":[-71.891971,19.307872]},"properties":{"s":"F"}},{"type":"Feature","geometry":{"type":"Point","coordinates":[-72.345661,18.853763]},"properties":{"s":"F"}},{"type":"Feature","geometry":{"type":"Point","coordinates":[-72.364021,18.860396]},"properties":{"s":"F"}},{"type":"Feature","geometry":{"type":"Point","coordinates":[-72.595183,19.68755]},"properties":{"s":"F"}},{"type":"Feature","geometry":{"type":"Point","coordinates":[-71.987672,18.862809]},"properties":{"s":"F"}},{"type":"Feature","geometry":{"type":"Point","coordinates":[-71.960716,18.979109]},"properties":{"s":"F"}},{"type":"Feature","geometry":{"type":"Point","coordinates":[-71.995363,18.931876]},"properties":{"s":"F"}},{"type":"Feature","geometry":{"type":"Point","coordinates":[-72.027952,18.758017]},"properties":{"s":"F"}},{"type":"Feature","geometry":{"type":"Point","coordinates":[-71.938468,18.825428]},"properties":{"s":"F"}},{"type":"Feature","geometry":{"type":"Point","coordinates":[-72.486675,19.568817]},"properties":{"s":"F"}},{"type":"Feature","geometry":{"type":"Point","coordinates":[-72.512958,19.641973]},"properties":{"s":"F"}},{"type":"Feature","geometry":{"type":"Point","coordinates":[-72.383413,19.727355]},"properties":{"s":"F"}},{"type":"Feature","geometry":{"type":"Point","coordinates":[-71.877354,19.160714]},"properties":{"s":"F"}},{"type":"Feature","geometry":{"type":"Point","coordinates":[-71.937409,18.821895]},"properties":{"s":"F"}},{"type":"Feature","geometry":{"type":"Point","coordinates":[-71.783493,18.734124]},"properties":{"s":"F"}},{"type":"Feature","geometry":{"type":"Point","coordinates":[-72.551473,19.66485]},"properties":{"s":"F"}},{"type":"Feature","geometry":{"type":"Point","coordinates":[-72.863445,18.836876]},"properties":{"s":"F"}},{"type":"Feature","geometry":{"type":"Point","coordinates":[-72.02379,19.61584]},"properties":{"s":"N"}},{"type":"Feature","geometry":{"type":"Point","coordinates":[-72.220111,19.604105]},"properties":{"s":"F"}},{"type":"Feature","geometry":{"type":"Point","coordinates":[-71.951748,18.827276]},"properties":{"s":"F"}},{"type":"Feature","geometry":{"type":"Point","coordinates":[-72.13214,19.44772]},"properties":{"s":"N"}},{"type":"Feature","geometry":{"type":"Point","coordinates":[-72.384856,19.733812]},"properties":{"s":"N"}},{"type":"Feature","geometry":{"type":"Point","coordinates":[-71.771267,18.720935]},"properties":{"s":"F"}},{"type":"Feature","geometry":{"type":"Point","coordinates":[-72.242587,19.526347]},"properties":{"s":"F"}},{"type":"Feature","geometry":{"type":"Point","coordinates":[-71.932823,19.271955]},"properties":{"s":"N"}},{"type":"Feature","geometry":{"type":"Point","coordinates":[-72.07191,19.450598]},"properties":{"s":"N"}},{"type":"Feature","geometry":{"type":"Point","coordinates":[-72.118861,18.944986]},"properties":{"s":"F"}},{"type":"Feature","geometry":{"type":"Point","coordinates":[-71.767045,19.406424]},"properties":{"s":"F"}},{"type":"Feature","geometry":{"type":"Point","coordinates":[-71.860774,19.41231]},"properties":{"s":"N"}},{"type":"Feature","geometry":{"type":"Point","coordinates":[-72.569721,19.798738]},"properties":{"s":"F"}},{"type":"Feature","geometry":{"type":"Point","coordinates":[-72.199018,19.741275]},"properties":{"s":"N"}},{"type":"Feature","geometry":{"type":"Point","coordinates":[-72.323916,18.825688]},"properties":{"s":"N"}},{"type":"Feature","geometry":{"type":"Point","coordinates":[-71.733429,19.133696]},"properties":{"s":"F"}},{"type":"Feature","geometry":{"type":"Point","coordinates":[-72.001799,19.150016]},"properties":{"s":"N"}},{"type":"Feature","geometry":{"type":"Point","coordinates":[-72.059879,19.090664]},"properties":{"s":"F"}},{"type":"Feature","geometry":{"type":"Point","coordinates":[-73.90403,18.305245]},"properties":{"s":"N"}},{"type":"Feature","geometry":{"type":"Point","coordinates":[-71.763334,18.84838]},"properties":{"s":"N"}},{"type":"Feature","geometry":{"type":"Point","coordinates":[-72.860439,18.831485]},"properties":{"s":"F"}},{"type":"Feature","geometry":{"type":"Point","coordinates":[-72.123389,19.731561]},"properties":{"s":"N"}},{"type":"Feature","geometry":{"type":"Point","coordinates":[-72.041048,18.79472]},"properties":{"s":"F"}},{"type":"Feature","geometry":{"type":"Point","coordinates":[-72.49089,19.617393]},"properties":{"s":"N"}},{"type":"Feature","geometry":{"type":"Point","coordinates":[-72.492047,19.62255]},"properties":{"s":"N"}},{"type":"Feature","geometry":{"type":"Point","coordinates":[-71.759812,18.867173]},"properties":{"s":"F"}},{"type":"Feature","geometry":{"type":"Point","coordinates":[-72.187432,19.735335]},"properties":{"s":"N"}},{"type":"Feature","geometry":{"type":"Point","coordinates":[-72.00793,19.147301]},"properties":{"s":"N"}},{"type":"Feature","geometry":{"type":"Point","coordinates":[-72.19166,18.850805]},"properties":{"s":"N"}},{"type":"Feature","geometry":{"type":"Point","coordinates":[-72.154172,18.9338]},"properties":{"s":"N"}},{"type":"Feature","geometry":{"type":"Point","coordinates":[-72.445206,19.570857]},"properties":{"s":"N"}},{"type":"Feature","geometry":{"type":"Point","coordinates":[-71.991823,19.064763]},"properties":{"s":"N"}},{"type":"Feature","geometry":{"type":"Point","coordinates":[-72.137303,19.510687]},"properties":{"s":"N"}},{"type":"Feature","geometry":{"type":"Point","coordinates":[-71.923486,18.916754]},"properties":{"s":"F"}},{"type":"Feature","geometry":{"type":"Point","coordinates":[-71.836697,19.185587]},"properties":{"s":"N"}},{"type":"Feature","geometry":{"type":"Point","coordinates":[-72.483701,19.632835]},"properties":{"s":"N"}},{"type":"Feature","geometry":{"type":"Point","coordinates":[-71.806118,18.738341]},"properties":{"s":"F"}},{"type":"Feature","geometry":{"type":"Point","coordinates":[-72.141402,18.758962]},"properties":{"s":"F"}},{"type":"Feature","geometry":{"type":"Point","coordinates":[-72.547823,19.706945]},"properties":{"s":"N"}},{"type":"Feature","geometry":{"type":"Point","coordinates":[-71.932919,19.268874]},"properties":{"s":"N"}},{"type":"Feature","geometry":{"type":"Point","coordinates":[-72.265844,18.813786]},"properties":{"s":"N"}},{"type":"Feature","geometry":{"type":"Point","coordinates":[-72.486915,19.657722]},"properties":{"s":"N"}},{"type":"Feature","geometry":{"type":"Point","coordinates":[-72.460349,19.607683]},"properties":{"s":"N"}},{"type":"Feature","geometry":{"type":"Point","coordinates":[-71.716518,19.096131]},"properties":{"s":"F"}},{"type":"Feature","geometry":{"type":"Point","coordinates":[-71.750519,18.793754]},"properties":{"s":"N"}},{"type":"Feature","geometry":{"type":"Point","coordinates":[-72.126162,19.588089]},"properties":{"s":"N"}},{"type":"Feature","geometry":{"type":"Point","coordinates":[-71.735569,19.13229]},"properties":{"s":"F"}},{"type":"Feature","geometry":{"type":"Point","coordinates":[-72.162397,19.604809]},"properties":{"s":"F"}},{"type":"Feature","geometry":{"type":"Point","coordinates":[-71.762998,18.723034]},"properties":{"s":"F"}},{"type":"Feature","geometry":{"type":"Point","coordinates":[-71.858883,18.783748]},"properties":{"s":"F"}},{"type":"Feature","geometry":{"type":"Point","coordinates":[-71.816186,18.745751]},"properties":{"s":"F"}},{"type":"Feature","geometry":{"type":"Point","coordinates":[-71.781439,19.407786]},"properties":{"s":"F"}},{"type":"Feature","geometry":{"type":"Point","coordinates":[-72.859454,18.82939]},"properties":{"s":"F"}},{"type":"Feature","geometry":{"type":"Point","coordinates":[-72.439677,19.56493]},"properties":{"s":"F"}},{"type":"Feature","geometry":{"type":"Point","coordinates":[-72.477974,19.643772]},"properties":{"s":"F"}},{"type":"Feature","geometry":{"type":"Point","coordinates":[-72.323165,19.685217]},"properties":{"s":"N"}},{"type":"Feature","geometry":{"type":"Point","coordinates":[-71.807743,18.789045]},"properties":{"s":"F"}},{"type":"Feature","geometry":{"type":"Point","coordinates":[-72.574801,19.729437]},"properties":{"s":"N"}},{"type":"Feature","geometry":{"type":"Point","coordinates":[-71.995046,18.928389]},"properties":{"s":"F"}},{"type":"Feature","geometry":{"type":"Point","coordinates":[-71.905178,18.845923]},"properties":{"s":"F"}},{"type":"Feature","geometry":{"type":"Point","coordinates":[-72.217476,19.608681]},"properties":{"s":"F"}},{"type":"Feature","geometry":{"type":"Point","coordinates":[-72.145151,19.529194]},"properties":{"s":"N"}},{"type":"Feature","geometry":{"type":"Point","coordinates":[-72.001044,19.272344]},"properties":{"s":"F"}},{"type":"Feature","geometry":{"type":"Point","coordinates":[-71.961935,18.782981]},"properties":{"s":"F"}},{"type":"Feature","geometry":{"type":"Point","coordinates":[-71.784147,19.372402]},"properties":{"s":"F"}},{"type":"Feature","geometry":{"type":"Point","coordinates":[-71.821296,18.743174]},"properties":{"s":"F"}},{"type":"Feature","geometry":{"type":"Point","coordinates":[-72.526862,19.593893]},"properties":{"s":"F"}},{"type":"Feature","geometry":{"type":"Point","coordinates":[-72.067913,18.879874]},"properties":{"s":"F"}},{"type":"Feature","geometry":{"type":"Point","coordinates":[-71.919195,19.435107]},"properties":{"s":"F"}},{"type":"Feature","geometry":{"type":"Point","coordinates":[-71.76091,18.726319]},"properties":{"s":"F"}},{"type":"Feature","geometry":{"type":"Point","coordinates":[-72.001278,19.073526]},"properties":{"s":"F"}},{"type":"Feature","geometry":{"type":"Point","coordinates":[-72.16084,19.696642]},"properties":{"s":"N"}},{"type":"Feature","geometry":{"type":"Point","coordinates":[-71.689819,19.22529]},"properties":{"s":"F"}},{"type":"Feature","geometry":{"type":"Point","coordinates":[-72.008924,18.899552]},"properties":{"s":"F"}},{"type":"Feature","geometry":{"type":"Point","coordinates":[-71.958566,18.797857]},"properties":{"s":"N"}},{"type":"Feature","geometry":{"type":"Point","coordinates":[-71.818096,18.79893]},"properties":{"s":"F"}},{"type":"Feature","geometry":{"type":"Point","coordinates":[-72.296733,18.837249]},"properties":{"s":"F"}},{"type":"Feature","geometry":{"type":"Point","coordinates":[-71.817879,19.394497]},"properties":{"s":"F"}},{"type":"Feature","geometry":{"type":"Point","coordinates":[-72.555105,19.66306]},"properties":{"s":"N"}},{"type":"Feature","geometry":{"type":"Point","coordinates":[-71.932525,18.82854]},"properties":{"s":"F"}},{"type":"Feature","geometry":{"type":"Point","coordinates":[-71.910293,18.792803]},"properties":{"s":"F"}},{"type":"Feature","geometry":{"type":"Point","coordinates":[-71.753013,18.798271]},"properties":{"s":"N"}},{"type":"Feature","geometry":{"type":"Point","coordinates":[-71.780969,19.402788]},"properties":{"s":"F"}},{"type":"Feature","geometry":{"type":"Point","coordinates":[-71.78229,19.43823]},"properties":{"s":"F"}},{"type":"Feature","geometry":{"type":"Point","coordinates":[-72.491347,19.56998]},"properties":{"s":"N"}},{"type":"Feature","geometry":{"type":"Point","coordinates":[-71.938271,18.826985]},"properties":{"s":"F"}},{"type":"Feature","geometry":{"type":"Point","coordinates":[-71.679918,19.124189]},"properties":{"s":"N"}},{"type":"Feature","geometry":{"type":"Point","coordinates":[-72.052644,19.48178]},"properties":{"s":"F"}},{"type":"Feature","geometry":{"type":"Point","coordinates":[-72.139417,18.918968]},"properties":{"s":"F"}},{"type":"Feature","geometry":{"type":"Point","coordinates":[-72.428196,19.752272]},"properties":{"s":"N"}},{"type":"Feature","geometry":{"type":"Point","coordinates":[-72.08398,19.032159]},"properties":{"s":"F"}},{"type":"Feature","geometry":{"type":"Point","coordinates":[-71.943262,18.764354]},"properties":{"s":"F"}},{"type":"Feature","geometry":{"type":"Point","coordinates":[-71.838197,19.650758]},"properties":{"s":"F"}},{"type":"Feature","geometry":{"type":"Point","coordinates":[-71.861404,18.750887]},"properties":{"s":"F"}},{"type":"Feature","geometry":{"type":"Point","coordinates":[-71.858934,18.783612]},"properties":{"s":"F"}},{"type":"Feature","geometry":{"type":"Point","coordinates":[-71.734493,19.134162]},"properties":{"s":"F"}},{"type":"Feature","geometry":{"type":"Point","coordinates":[-72.453714,19.574439]},"properties":{"s":"N"}},{"type":"Feature","geometry":{"type":"Point","coordinates":[-72.869621,18.832404]},"properties":{"s":"N"}},{"type":"Feature","geometry":{"type":"Point","coordinates":[-71.83999,19.402226]},"properties":{"s":"F"}},{"type":"Feature","geometry":{"type":"Point","coordinates":[-71.778663,19.11131]},"properties":{"s":"F"}},{"type":"Feature","geometry":{"type":"Point","coordinates":[-72.031056,19.13321]},"properties":{"s":"F"}},{"type":"Feature","geometry":{"type":"Point","coordinates":[-72.027492,18.755998]},"properties":{"s":"F"}},{"type":"Feature","geometry":{"type":"Point","coordinates":[-72.876295,18.788578]},"properties":{"s":"F"}},{"type":"Feature","geometry":{"type":"Point","coordinates":[-71.845271,19.37023]},"properties":{"s":"F"}},{"type":"Feature","geometry":{"type":"Point","coordinates":[-72.084363,18.91605]},"properties":{"s":"F"}},{"type":"Feature","geometry":{"type":"Point","coordinates":[-72.082076,19.104899]},"properties":{"s":"N"}},{"type":"Feature","geometry":{"type":"Point","coordinates":[-72.228101,19.63127]},"properties":{"s":"F"}},{"type":"Feature","geometry":{"type":"Point","coordinates":[-72.53137,19.609932]},"properties":{"s":"N"}},{"type":"Feature","geometry":{"type":"Point","coordinates":[-71.773251,19.40397]},"properties":{"s":"F"}},{"type":"Feature","geometry":{"type":"Point","coordinates":[-72.522321,19.263117]},"properties":{"s":"N"}},{"type":"Feature","geometry":{"type":"Point","coordinates":[-72.003668,19.092514]},"properties":{"s":"F"}},{"type":"Feature","geometry":{"type":"Point","coordinates":[-71.760658,19.223833]},"properties":{"s":"F"}},{"type":"Feature","geometry":{"type":"Point","coordinates":[-72.47814,19.601871]},"properties":{"s":"N"}},{"type":"Feature","geometry":{"type":"Point","coordinates":[-72.577167,19.684542]},"properties":{"s":"N"}},{"type":"Feature","geometry":{"type":"Point","coordinates":[-72.202219,18.879388]},"properties":{"s":"N"}},{"type":"Feature","geometry":{"type":"Point","coordinates":[-71.966237,18.803315]},"properties":{"s":"F"}},{"type":"Feature","geometry":{"type":"Point","coordinates":[-71.966986,18.804313]},"properties":{"s":"F"}},{"type":"Feature","geometry":{"type":"Point","coordinates":[-72.549512,19.821522]},"properties":{"s":"F"}},{"type":"Feature","geometry":{"type":"Point","coordinates":[-71.8236,18.730353]},"properties":{"s":"F"}},{"type":"Feature","geometry":{"type":"Point","coordinates":[-72.309944,19.537197]},"properties":{"s":"N"}},{"type":"Feature","geometry":{"type":"Point","coordinates":[-71.992996,18.937615]},"properties":{"s":"F"}},{"type":"Feature","geometry":{"type":"Point","coordinates":[-71.809033,19.143713]},"properties":{"s":"N"}},{"type":"Feature","geometry":{"type":"Point","coordinates":[-72.25033,19.727103]},"properties":{"s":"F"}},{"type":"Feature","geometry":{"type":"Point","coordinates":[-72.249515,19.728228]},"properties":{"s":"F"}},{"type":"Feature","geometry":{"type":"Point","coordinates":[-71.943686,18.765247]},"properties":{"s":"F"}},{"type":"Feature","geometry":{"type":"Point","coordinates":[-72.551394,19.810938]},"properties":{"s":"N"}},{"type":"Feature","geometry":{"type":"Point","coordinates":[-71.6962,19.45946]},"properties":{"s":"N"}},{"type":"Feature","geometry":{"type":"Point","coordinates":[-72.525509,19.593637]},"properties":{"s":"N"}},{"type":"Feature","geometry":{"type":"Point","coordinates":[-71.840243,18.890696]},"properties":{"s":"N"}},{"type":"Feature","geometry":{"type":"Point","coordinates":[-72.212317,19.773065]},"properties":{"s":"N"}},{"type":"Feature","geometry":{"type":"Point","coordinates":[-71.726524,19.415694]},"properties":{"s":"N"}},{"type":"Feature","geometry":{"type":"Point","coordinates":[-71.975248,19.184897]},"properties":{"s":"N"}},{"type":"Feature","geometry":{"type":"Point","coordinates":[-72.875742,18.818785]},"properties":{"s":"F"}},{"type":"Feature","geometry":{"type":"Point","coordinates":[-71.861332,19.158469]},"properties":{"s":"N"}},{"type":"Feature","geometry":{"type":"Point","coordinates":[-71.986341,19.165391]},"properties":{"s":"N"}},{"type":"Feature","geometry":{"type":"Point","coordinates":[-71.978232,19.300674]},"properties":{"s":"N"}},{"type":"Feature","geometry":{"type":"Point","coordinates":[-72.201959,19.614771]},"properties":{"s":"F"}},{"type":"Feature","geometry":{"type":"Point","coordinates":[-71.939461,18.800696]},"properties":{"s":"N"}},{"type":"Feature","geometry":{"type":"Point","coordinates":[-72.524827,19.844006]},"properties":{"s":"N"}},{"type":"Feature","geometry":{"type":"Point","coordinates":[-72.069491,18.888788]},"properties":{"s":"F"}},{"type":"Feature","geometry":{"type":"Point","coordinates":[-72.589353,19.695804]},"properties":{"s":"N"}},{"type":"Feature","geometry":{"type":"Point","coordinates":[-73.722722,18.377598]},"properties":{"s":"N"}},{"type":"Feature","geometry":{"type":"Point","coordinates":[-72.504388,19.632965]},"properties":{"s":"N"}},{"type":"Feature","geometry":{"type":"Point","coordinates":[-71.76443,18.729397]},"properties":{"s":"F"}},{"type":"Feature","geometry":{"type":"Point","coordinates":[-72.451592,19.720844]},"properties":{"s":"F"}},{"type":"Feature","geometry":{"type":"Point","coordinates":[-71.807495,18.845607]},"properties":{"s":"F"}},{"type":"Feature","geometry":{"type":"Point","coordinates":[-72.03246,19.609252]},"properties":{"s":"N"}},{"type":"Feature","geometry":{"type":"Point","coordinates":[-71.790755,19.164534]},"properties":{"s":"N"}},{"type":"Feature","geometry":{"type":"Point","coordinates":[-71.894317,18.845409]},"properties":{"s":"F"}},{"type":"Feature","geometry":{"type":"Point","coordinates":[-71.924603,18.854607]},"properties":{"s":"N"}},{"type":"Feature","geometry":{"type":"Point","coordinates":[-72.079363,19.028681]},"properties":{"s":"F"}},{"type":"Feature","geometry":{"type":"Point","coordinates":[-71.802225,18.739183]},"properties":{"s":"F"}},{"type":"Feature","geometry":{"type":"Point","coordinates":[-71.830981,18.897915]},"properties":{"s":"N"}},{"type":"Feature","geometry":{"type":"Point","coordinates":[-71.68192,19.141984]},"properties":{"s":"F"}},{"type":"Feature","geometry":{"type":"Point","coordinates":[-71.819577,18.744058]},"properties":{"s":"F"}},{"type":"Feature","geometry":{"type":"Point","coordinates":[-72.545848,19.809023]},"properties":{"s":"N"}},{"type":"Feature","geometry":{"type":"Point","coordinates":[-71.778,19.613603]},"properties":{"s":"N"}},{"type":"Feature","geometry":{"type":"Point","coordinates":[-71.968231,19.19333]},"properties":{"s":"N"}},{"type":"Feature","geometry":{"type":"Point","coordinates":[-72.490159,19.616202]},"properties":{"s":"N"}},{"type":"Feature","geometry":{"type":"Point","coordinates":[-72.443789,19.52337]},"properties":{"s":"F"}},{"type":"Feature","geometry":{"type":"Point","coordinates":[-72.01132,19.137688]},"properties":{"s":"F"}},{"type":"Feature","geometry":{"type":"Point","coordinates":[-72.6074,19.204075]},"properties":{"s":"F"}},{"type":"Feature","geometry":{"type":"Point","coordinates":[-72.31705,19.512504]},"properties":{"s":"F"}},{"type":"Feature","geometry":{"type":"Point","coordinates":[-72.604248,19.222195]},"properties":{"s":"F"}},{"type":"Feature","geometry":{"type":"Point","coordinates":[-72.281986,19.502747]},"properties":{"s":"F"}},{"type":"Feature","geometry":{"type":"Point","coordinates":[-72.49489,19.244236]},"properties":{"s":"F"}},{"type":"Feature","geometry":{"type":"Point","coordinates":[-72.371547,19.215918]},"properties":{"s":"F"}},{"type":"Feature","geometry":{"type":"Point","coordinates":[-72.133499,19.249235]},"properties":{"s":"F"}},{"type":"Feature","geometry":{"type":"Point","coordinates":[-72.066463,19.219504]},"properties":{"s":"F"}},{"type":"Feature","geometry":{"type":"Point","coordinates":[-72.508714,19.259061]},"properties":{"s":"F"}},{"type":"Feature","geometry":{"type":"Point","coordinates":[-72.466417,19.27885]},"properties":{"s":"F"}},{"type":"Feature","geometry":{"type":"Point","coordinates":[-72.15267,19.26865]},"properties":{"s":"F"}},{"type":"Feature","geometry":{"type":"Point","coordinates":[-72.071192,19.289883]},"properties":{"s":"F"}},{"type":"Feature","geometry":{"type":"Point","coordinates":[-72.085759,19.29139]},"properties":{"s":"F"}},{"type":"Feature","geometry":{"type":"Point","coordinates":[-72.077121,19.29341]},"properties":{"s":"F"}},{"type":"Feature","geometry":{"type":"Point","coordinates":[-72.045194,19.270647]},"properties":{"s":"F"}},{"type":"Feature","geometry":{"type":"Point","coordinates":[-72.047592,19.281429]},"properties":{"s":"F"}},{"type":"Feature","geometry":{"type":"Point","coordinates":[-72.113964,19.32765]},"properties":{"s":"F"}},{"type":"Feature","geometry":{"type":"Point","coordinates":[-72.060119,19.326794]},"properties":{"s":"F"}},{"type":"Feature","geometry":{"type":"Point","coordinates":[-72.099026,19.33118]},"properties":{"s":"F"}},{"type":"Feature","geometry":{"type":"Point","coordinates":[-72.044464,19.303569]},"properties":{"s":"F"}},{"type":"Feature","geometry":{"type":"Point","coordinates":[-72.040818,19.304185]},"properties":{"s":"F"}},{"type":"Feature","geometry":{"type":"Point","coordinates":[-72.039042,19.467485]},"properties":{"s":"F"}},{"type":"Feature","geometry":{"type":"Point","coordinates":[-72.042643,19.470439]},"properties":{"s":"F"}},{"type":"Feature","geometry":{"type":"Point","coordinates":[-72.043866,19.479374]},"properties":{"s":"F"}},{"type":"Feature","geometry":{"type":"Point","coordinates":[-72.117976,19.063516]},"properties":{"s":"F"}},{"type":"Feature","geometry":{"type":"Point","coordinates":[-72.112795,19.085754]},"properties":{"s":"F"}},{"type":"Feature","geometry":{"type":"Point","coordinates":[-72.356025,19.137099]},"properties":{"s":"F"}},{"type":"Feature","geometry":{"type":"Point","coordinates":[-72.27187,19.622001]},"properties":{"s":"F"}},{"type":"Feature","geometry":{"type":"Point","coordinates":[-72.298055,19.627908]},"properties":{"s":"F"}},{"type":"Feature","geometry":{"type":"Point","coordinates":[-72.199735,19.170854]},"properties":{"s":"F"}},{"type":"Feature","geometry":{"type":"Point","coordinates":[-72.292279,19.642602]},"properties":{"s":"F"}},{"type":"Feature","geometry":{"type":"Point","coordinates":[-72.285416,19.647955]},"properties":{"s":"F"}},{"type":"Feature","geometry":{"type":"Point","coordinates":[-72.228281,19.601557]},"properties":{"s":"F"}},{"type":"Feature","geometry":{"type":"Point","coordinates":[-72.230599,19.646683]},"properties":{"s":"F"}},{"type":"Feature","geometry":{"type":"Point","coordinates":[-72.24152,19.645733]},"properties":{"s":"F"}},{"type":"Feature","geometry":{"type":"Point","coordinates":[-72.34508,19.72983]},"properties":{"s":"F"}},{"type":"Feature","geometry":{"type":"Point","coordinates":[-72.188691,19.615342]},"properties":{"s":"F"}},{"type":"Feature","geometry":{"type":"Point","coordinates":[-72.156191,19.633872]},"properties":{"s":"F"}},{"type":"Feature","geometry":{"type":"Point","coordinates":[-72.172426,19.646154]},"properties":{"s":"F"}},{"type":"Feature","geometry":{"type":"Point","coordinates":[-72.0532,19.605933]},"properties":{"s":"F"}},{"type":"Feature","geometry":{"type":"Point","coordinates":[-72.039075,19.602975]},"properties":{"s":"F"}},{"type":"Feature","geometry":{"type":"Point","coordinates":[-72.02528,19.61886]},"properties":{"s":"F"}},{"type":"Feature","geometry":{"type":"Point","coordinates":[-72.025158,19.618763]},"properties":{"s":"F"}},{"type":"Feature","geometry":{"type":"Point","coordinates":[-72.00443,19.6392]},"properties":{"s":"F"}},{"type":"Feature","geometry":{"type":"Point","coordinates":[-72.56659,19.656272]},"properties":{"s":"F"}},{"type":"Feature","geometry":{"type":"Point","coordinates":[-72.505775,19.653093]},"properties":{"s":"F"}},{"type":"Feature","geometry":{"type":"Point","coordinates":[-72.385998,19.662431]},"properties":{"s":"F"}},{"type":"Feature","geometry":{"type":"Point","coordinates":[-72.412809,19.686264]},"properties":{"s":"F"}},{"type":"Feature","geometry":{"type":"Point","coordinates":[-72.412163,19.690732]},"properties":{"s":"F"}},{"type":"Feature","geometry":{"type":"Point","coordinates":[-72.370394,19.686396]},"properties":{"s":"F"}},{"type":"Feature","geometry":{"type":"Point","coordinates":[-72.223119,19.529211]},"properties":{"s":"F"}},{"type":"Feature","geometry":{"type":"Point","coordinates":[-72.241804,19.53442]},"properties":{"s":"F"}},{"type":"Feature","geometry":{"type":"Point","coordinates":[-72.237133,19.541165]},"properties":{"s":"F"}},{"type":"Feature","geometry":{"type":"Point","coordinates":[-71.82568,19.6386]},"properties":{"s":"N"}},{"type":"Feature","geometry":{"type":"Point","coordinates":[-72.137494,19.523704]},"properties":{"s":"F"}},{"type":"Feature","geometry":{"type":"Point","coordinates":[-72.264754,19.677285]},"properties":{"s":"F"}},{"type":"Feature","geometry":{"type":"Point","coordinates":[-72.057559,19.542206]},"properties":{"s":"F"}},{"type":"Feature","geometry":{"type":"Point","coordinates":[-72.461766,19.552784]},"properties":{"s":"F"}},{"type":"Feature","geometry":{"type":"Point","coordinates":[-72.441508,19.558197]},"properties":{"s":"F"}},{"type":"Feature","geometry":{"type":"Point","coordinates":[-72.233858,19.580852]},"properties":{"s":"F"}},{"type":"Feature","geometry":{"type":"Point","coordinates":[-72.249637,19.599585]},"properties":{"s":"F"}},{"type":"Feature","geometry":{"type":"Point","coordinates":[-72.173408,19.572425]},"properties":{"s":"F"}},{"type":"Feature","geometry":{"type":"Point","coordinates":[-72.169574,19.576619]},"properties":{"s":"F"}},{"type":"Feature","geometry":{"type":"Point","coordinates":[-72.171386,19.578425]},"properties":{"s":"F"}},{"type":"Feature","geometry":{"type":"Point","coordinates":[-72.182669,19.595223]},"properties":{"s":"F"}},{"type":"Feature","geometry":{"type":"Point","coordinates":[-72.338468,19.603683]},"properties":{"s":"F"}},{"type":"Feature","geometry":{"type":"Point","coordinates":[-72.536653,19.611775]},"properties":{"s":"F"}},{"type":"Feature","geometry":{"type":"Point","coordinates":[-72.518952,19.642522]},"properties":{"s":"F"}},{"type":"Feature","geometry":{"type":"Point","coordinates":[-72.432818,19.618371]},"properties":{"s":"F"}},{"type":"Feature","geometry":{"type":"Point","coordinates":[-72.322227,19.630167]},"properties":{"s":"F"}},{"type":"Feature","geometry":{"type":"Point","coordinates":[-72.262363,19.60069]},"properties":{"s":"F"}},{"type":"Feature","geometry":{"type":"Point","coordinates":[-72.277048,19.603677]},"properties":{"s":"F"}},{"type":"Feature","geometry":{"type":"Point","coordinates":[-72.267639,19.610884]},"properties":{"s":"F"}},{"type":"Feature","geometry":{"type":"Point","coordinates":[-72.25185,19.615667]},"properties":{"s":"F"}},{"type":"Feature","geometry":{"type":"Point","coordinates":[-72.288412,19.62223]},"properties":{"s":"F"}},{"type":"Feature","geometry":{"type":"Point","coordinates":[-71.892736,18.938417]},"properties":{"s":"F"}},{"type":"Feature","geometry":{"type":"Point","coordinates":[-72.176307,19.733668]},"properties":{"s":"F"}},{"type":"Feature","geometry":{"type":"Point","coordinates":[-72.29977,19.676437]},"properties":{"s":"F"}},{"type":"Feature","geometry":{"type":"Point","coordinates":[-72.225886,19.695803]},"properties":{"s":"F"}},{"type":"Feature","geometry":{"type":"Point","coordinates":[-72.18935,19.668367]},"properties":{"s":"F"}},{"type":"Feature","geometry":{"type":"Point","coordinates":[-72.154244,19.675021]},"properties":{"s":"F"}},{"type":"Feature","geometry":{"type":"Point","coordinates":[-72.179868,19.684156]},"properties":{"s":"F"}},{"type":"Feature","geometry":{"type":"Point","coordinates":[-72.161287,19.697123]},"properties":{"s":"F"}},{"type":"Feature","geometry":{"type":"Point","coordinates":[-72.143533,19.650767]},"properties":{"s":"F"}},{"type":"Feature","geometry":{"type":"Point","coordinates":[-72.124147,19.666572]},"properties":{"s":"F"}},{"type":"Feature","geometry":{"type":"Point","coordinates":[-72.109903,19.670216]},"properties":{"s":"F"}},{"type":"Feature","geometry":{"type":"Point","coordinates":[-72.110774,19.686038]},"properties":{"s":"F"}},{"type":"Feature","geometry":{"type":"Point","coordinates":[-72.137976,19.687797]},"properties":{"s":"F"}},{"type":"Feature","geometry":{"type":"Point","coordinates":[-72.081517,19.664317]},"properties":{"s":"F"}},{"type":"Feature","geometry":{"type":"Point","coordinates":[-72.593387,19.726582]},"properties":{"s":"F"}},{"type":"Feature","geometry":{"type":"Point","coordinates":[-72.436305,19.721137]},"properties":{"s":"F"}},{"type":"Feature","geometry":{"type":"Point","coordinates":[-72.428408,19.73373]},"properties":{"s":"F"}},{"type":"Feature","geometry":{"type":"Point","coordinates":[-72.365806,19.707127]},"properties":{"s":"F"}},{"type":"Feature","geometry":{"type":"Point","coordinates":[-72.389048,19.723841]},"properties":{"s":"F"}},{"type":"Feature","geometry":{"type":"Point","coordinates":[-72.388843,19.725263]},"properties":{"s":"F"}},{"type":"Feature","geometry":{"type":"Point","coordinates":[-72.376018,19.726427]},"properties":{"s":"F"}},{"type":"Feature","geometry":{"type":"Point","coordinates":[-72.332745,19.70786]},"properties":{"s":"F"}},{"type":"Feature","geometry":{"type":"Point","coordinates":[-72.333195,19.709168]},"properties":{"s":"F"}},{"type":"Feature","geometry":{"type":"Point","coordinates":[-72.338072,19.711315]},"properties":{"s":"F"}},{"type":"Feature","geometry":{"type":"Point","coordinates":[-72.340594,19.714155]},"properties":{"s":"F"}},{"type":"Feature","geometry":{"type":"Point","coordinates":[-72.30391,19.729769]},"properties":{"s":"F"}},{"type":"Feature","geometry":{"type":"Point","coordinates":[-72.301544,19.727846]},"properties":{"s":"F"}},{"type":"Feature","geometry":{"type":"Point","coordinates":[-72.302203,19.729033]},"properties":{"s":"F"}},{"type":"Feature","geometry":{"type":"Point","coordinates":[-72.301643,19.732461]},"properties":{"s":"F"}},{"type":"Feature","geometry":{"type":"Point","coordinates":[-72.348526,19.743422]},"properties":{"s":"F"}},{"type":"Feature","geometry":{"type":"Point","coordinates":[-72.347866,19.747308]},"properties":{"s":"F"}},{"type":"Feature","geometry":{"type":"Point","coordinates":[-72.283068,19.706309]},"properties":{"s":"F"}},{"type":"Feature","geometry":{"type":"Point","coordinates":[-72.280444,19.706685]},"properties":{"s":"F"}},{"type":"Feature","geometry":{"type":"Point","coordinates":[-72.281579,19.706893]},"properties":{"s":"F"}},{"type":"Feature","geometry":{"type":"Point","coordinates":[-72.262842,19.712024]},"properties":{"s":"F"}},{"type":"Feature","geometry":{"type":"Point","coordinates":[-72.29024,19.71549]},"properties":{"s":"F"}},{"type":"Feature","geometry":{"type":"Point","coordinates":[-72.299119,19.727602]},"properties":{"s":"F"}},{"type":"Feature","geometry":{"type":"Point","coordinates":[-72.289574,19.727598]},"properties":{"s":"F"}},{"type":"Feature","geometry":{"type":"Point","coordinates":[-72.253298,19.737175]},"properties":{"s":"F"}},{"type":"Feature","geometry":{"type":"Point","coordinates":[-72.205202,19.71725]},"properties":{"s":"F"}},{"type":"Feature","geometry":{"type":"Point","coordinates":[-72.244117,19.717928]},"properties":{"s":"F"}},{"type":"Feature","geometry":{"type":"Point","coordinates":[-72.215547,19.727106]},"properties":{"s":"F"}},{"type":"Feature","geometry":{"type":"Point","coordinates":[-72.217034,19.735874]},"properties":{"s":"F"}},{"type":"Feature","geometry":{"type":"Point","coordinates":[-72.21547,19.73677]},"properties":{"s":"F"}},{"type":"Feature","geometry":{"type":"Point","coordinates":[-72.216178,19.737914]},"properties":{"s":"F"}},{"type":"Feature","geometry":{"type":"Point","coordinates":[-72.286384,19.71538]},"properties":{"s":"F"}},{"type":"Feature","geometry":{"type":"Point","coordinates":[-72.25008,19.717161]},"properties":{"s":"F"}},{"type":"Feature","geometry":{"type":"Point","coordinates":[-72.28033,19.71762]},"properties":{"s":"F"}},{"type":"Feature","geometry":{"type":"Point","coordinates":[-72.286475,19.720043]},"properties":{"s":"F"}},{"type":"Feature","geometry":{"type":"Point","coordinates":[-72.222008,19.750328]},"properties":{"s":"F"}},{"type":"Feature","geometry":{"type":"Point","coordinates":[-72.20574,19.751341]},"properties":{"s":"F"}},{"type":"Feature","geometry":{"type":"Point","coordinates":[-71.843494,19.071716]},"properties":{"s":"F"}},{"type":"Feature","geometry":{"type":"Point","coordinates":[-72.206226,19.753711]},"properties":{"s":"F"}},{"type":"Feature","geometry":{"type":"Point","coordinates":[-72.245323,19.770066]},"properties":{"s":"F"}},{"type":"Feature","geometry":{"type":"Point","coordinates":[-72.576601,19.802221]},"properties":{"s":"F"}},{"type":"Feature","geometry":{"type":"Point","coordinates":[-72.569124,19.801465]},"properties":{"s":"F"}},{"type":"Feature","geometry":{"type":"Point","coordinates":[-72.542097,19.810975]},"properties":{"s":"F"}},{"type":"Feature","geometry":{"type":"Point","coordinates":[-72.559018,19.823619]},"properties":{"s":"F"}},{"type":"Feature","geometry":{"type":"Point","coordinates":[-71.847952,19.080438]},"properties":{"s":"F"}},{"type":"Feature","geometry":{"type":"Point","coordinates":[-71.881552,19.364031]},"properties":{"s":"F"}},{"type":"Feature","geometry":{"type":"Point","coordinates":[-71.918885,19.17007]},"properties":{"s":"F"}},{"type":"Feature","geometry":{"type":"Point","coordinates":[-71.919793,19.171394]},"properties":{"s":"F"}},{"type":"Feature","geometry":{"type":"Point","coordinates":[-71.776999,19.157168]},"properties":{"s":"F"}},{"type":"Feature","geometry":{"type":"Point","coordinates":[-71.907177,19.105001]},"properties":{"s":"F"}},{"type":"Feature","geometry":{"type":"Point","coordinates":[-72.181411,19.704131]},"properties":{"s":"F"}},{"type":"Feature","geometry":{"type":"Point","coordinates":[-72.186438,19.734111]},"properties":{"s":"F"}},{"type":"Feature","geometry":{"type":"Point","coordinates":[-72.112081,19.729342]},"properties":{"s":"F"}},{"type":"Feature","geometry":{"type":"Point","coordinates":[-72.587714,19.76371]},"properties":{"s":"F"}},{"type":"Feature","geometry":{"type":"Point","coordinates":[-72.594812,19.766344]},"properties":{"s":"F"}},{"type":"Feature","geometry":{"type":"Point","coordinates":[-72.077439,18.88273]},"properties":{"s":"F"}},{"type":"Feature","geometry":{"type":"Point","coordinates":[-71.784053,18.801087]},"properties":{"s":"F"}},{"type":"Feature","geometry":{"type":"Point","coordinates":[-71.756079,18.8679]},"properties":{"s":"F"}},{"type":"Feature","geometry":{"type":"Point","coordinates":[-71.751985,18.869095]},"properties":{"s":"F"}},{"type":"Feature","geometry":{"type":"Point","coordinates":[-72.182393,18.959174]},"properties":{"s":"F"}},{"type":"Feature","geometry":{"type":"Point","coordinates":[-71.990848,18.860242]},"properties":{"s":"F"}},{"type":"Feature","geometry":{"type":"Point","coordinates":[-71.940296,18.825269]},"properties":{"s":"F"}},{"type":"Feature","geometry":{"type":"Point","coordinates":[-71.77623,19.44189]},"properties":{"s":"F"}},{"type":"Feature","geometry":{"type":"Point","coordinates":[-71.852448,18.833682]},"properties":{"s":"F"}},{"type":"Feature","geometry":{"type":"Point","coordinates":[-71.680492,19.150641]},"properties":{"s":"F"}},{"type":"Feature","geometry":{"type":"Point","coordinates":[-72.207196,18.817631]},"properties":{"s":"F"}},{"type":"Feature","geometry":{"type":"Point","coordinates":[-71.730992,18.86852]},"properties":{"s":"F"}},{"type":"Feature","geometry":{"type":"Point","coordinates":[-71.996526,19.480879]},"properties":{"s":"F"}},{"type":"Feature","geometry":{"type":"Point","coordinates":[-72.219894,19.74933]},"properties":{"s":"F"}},{"type":"Feature","geometry":{"type":"Point","coordinates":[-72.589245,19.765624]},"properties":{"s":"F"}},{"type":"Feature","geometry":{"type":"Point","coordinates":[-72.593476,19.776893]},"properties":{"s":"F"}},{"type":"Feature","geometry":{"type":"Point","coordinates":[-72.115349,18.831387]},"properties":{"s":"F"}},{"type":"Feature","geometry":{"type":"Point","coordinates":[-71.893945,19.113958]},"properties":{"s":"F"}},{"type":"Feature","geometry":{"type":"Point","coordinates":[-71.934711,18.820609]},"properties":{"s":"F"}},{"type":"Feature","geometry":{"type":"Point","coordinates":[-72.551243,19.821506]},"properties":{"s":"F"}},{"type":"Feature","geometry":{"type":"Point","coordinates":[-72.134676,19.134504]},"properties":{"s":"F"}},{"type":"Feature","geometry":{"type":"Point","coordinates":[-72.084771,19.57334]},"properties":{"s":"F"}},{"type":"Feature","geometry":{"type":"Point","coordinates":[-71.726723,19.101432]},"properties":{"s":"F"}},{"type":"Feature","geometry":{"type":"Point","coordinates":[-72.080674,18.909904]},"properties":{"s":"F"}},{"type":"Feature","geometry":{"type":"Point","coordinates":[-71.777218,19.407241]},"properties":{"s":"F"}},{"type":"Feature","geometry":{"type":"Point","coordinates":[-71.687134,19.2291]},"properties":{"s":"F"}},{"type":"Feature","geometry":{"type":"Point","coordinates":[-71.872526,18.848613]},"properties":{"s":"F"}},{"type":"Feature","geometry":{"type":"Point","coordinates":[-72.07666,18.852388]},"properties":{"s":"F"}},{"type":"Feature","geometry":{"type":"Point","coordinates":[-72.165742,18.805321]},"properties":{"s":"F"}},{"type":"Feature","geometry":{"type":"Point","coordinates":[-71.98336,18.868688]},"properties":{"s":"F"}},{"type":"Feature","geometry":{"type":"Point","coordinates":[-72.880183,18.794297]},"properties":{"s":"F"}},{"type":"Feature","geometry":{"type":"Point","coordinates":[-71.951664,18.764194]},"properties":{"s":"F"}},{"type":"Feature","geometry":{"type":"Point","coordinates":[-72.01661,19.078435]},"properties":{"s":"F"}},{"type":"Feature","geometry":{"type":"Point","coordinates":[-72.1638,19.606918]},"properties":{"s":"F"}},{"type":"Feature","geometry":{"type":"Point","coordinates":[-72.429449,19.751091]},"properties":{"s":"F"}},{"type":"Feature","geometry":{"type":"Point","coordinates":[-72.253478,18.785018]},"properties":{"s":"F"}},{"type":"Feature","geometry":{"type":"Point","coordinates":[-72.552009,19.671023]},"properties":{"s":"F"}},{"type":"Feature","geometry":{"type":"Point","coordinates":[-72.226546,19.162915]},"properties":{"s":"F"}},{"type":"Feature","geometry":{"type":"Point","coordinates":[-71.950513,18.813035]},"properties":{"s":"F"}},{"type":"Feature","geometry":{"type":"Point","coordinates":[-71.752906,18.863082]},"properties":{"s":"F"}},{"type":"Feature","geometry":{"type":"Point","coordinates":[-73.916123,18.325328]},"properties":{"s":"F"}},{"type":"Feature","geometry":{"type":"Point","coordinates":[-72.355216,19.698871]},"properties":{"s":"N"}},{"type":"Feature","geometry":{"type":"Point","coordinates":[-72.561152,19.67089]},"properties":{"s":"N"}},{"type":"Feature","geometry":{"type":"Point","coordinates":[-72.018123,19.607115]},"properties":{"s":"N"}},{"type":"Feature","geometry":{"type":"Point","coordinates":[-72.187541,18.78234]},"properties":{"s":"N"}},{"type":"Feature","geometry":{"type":"Point","coordinates":[-72.517428,19.261474]},"properties":{"s":"N"}},{"type":"Feature","geometry":{"type":"Point","coordinates":[-72.174311,18.957821]},"properties":{"s":"F"}},{"type":"Feature","geometry":{"type":"Point","coordinates":[-72.02663,19.61626]},"properties":{"s":"N"}},{"type":"Feature","geometry":{"type":"Point","coordinates":[-72.232771,19.62832]},"properties":{"s":"N"}},{"type":"Feature","geometry":{"type":"Point","coordinates":[-72.131185,19.120579]},"properties":{"s":"N"}},{"type":"Feature","geometry":{"type":"Point","coordinates":[-71.941151,19.141833]},"properties":{"s":"N"}},{"type":"Feature","geometry":{"type":"Point","coordinates":[-71.779371,19.613686]},"properties":{"s":"N"}},{"type":"Feature","geometry":{"type":"Point","coordinates":[-72.02513,19.62164]},"properties":{"s":"N"}},{"type":"Feature","geometry":{"type":"Point","coordinates":[-71.93811,19.576268]},"properties":{"s":"N"}},{"type":"Feature","geometry":{"type":"Point","coordinates":[-72.573232,19.818533]},"properties":{"s":"N"}},{"type":"Feature","geometry":{"type":"Point","coordinates":[-71.780513,19.616873]},"properties":{"s":"N"}},{"type":"Feature","geometry":{"type":"Point","coordinates":[-71.925183,18.978347]},"properties":{"s":"N"}},{"type":"Feature","geometry":{"type":"Point","coordinates":[-72.009497,19.140385]},"properties":{"s":"N"}},{"type":"Feature","geometry":{"type":"Point","coordinates":[-72.124258,19.433167]},"properties":{"s":"N"}},{"type":"Feature","geometry":{"type":"Point","coordinates":[-71.951211,18.827306]},"properties":{"s":"N"}},{"type":"Feature","geometry":{"type":"Point","coordinates":[-73.718607,18.369477]},"properties":{"s":"N"}},{"type":"Feature","geometry":{"type":"Point","coordinates":[-72.099018,18.939649]},"properties":{"s":"N"}},{"type":"Feature","geometry":{"type":"Point","coordinates":[-72.489575,19.618659]},"properties":{"s":"N"}},{"type":"Feature","geometry":{"type":"Point","coordinates":[-72.482581,19.618901]},"properties":{"s":"N"}},{"type":"Feature","geometry":{"type":"Point","coordinates":[-72.571286,19.707735]},"properties":{"s":"N"}},{"type":"Feature","geometry":{"type":"Point","coordinates":[-72.08238,19.294751]},"properties":{"s":"N"}},{"type":"Feature","geometry":{"type":"Point","coordinates":[-72.541645,19.724325]},"properties":{"s":"N"}},{"type":"Feature","geometry":{"type":"Point","coordinates":[-72.099114,18.92616]},"properties":{"s":"N"}},{"type":"Feature","geometry":{"type":"Point","coordinates":[-72.162042,19.187292]},"properties":{"s":"N"}},{"type":"Feature","geometry":{"type":"Point","coordinates":[-72.383092,19.734515]},"properties":{"s":"N"}},{"type":"Feature","geometry":{"type":"Point","coordinates":[-72.454258,19.561531]},"properties":{"s":"N"}},{"type":"Feature","geometry":{"type":"Point","coordinates":[-71.84411,18.890687]},"properties":{"s":"N"}},{"type":"Feature","geometry":{"type":"Point","coordinates":[-72.123084,19.427444]},"properties":{"s":"N"}},{"type":"Feature","geometry":{"type":"Point","coordinates":[-72.319032,19.680655]},"properties":{"s":"N"}},{"type":"Feature","geometry":{"type":"Point","coordinates":[-71.988139,19.063813]},"properties":{"s":"N"}},{"type":"Feature","geometry":{"type":"Point","coordinates":[-72.312738,19.657632]},"properties":{"s":"N"}},{"type":"Feature","geometry":{"type":"Point","coordinates":[-72.313875,19.659233]},"properties":{"s":"N"}},{"type":"Feature","geometry":{"type":"Point","coordinates":[-72.022938,19.692029]},"properties":{"s":"N"}},{"type":"Feature","geometry":{"type":"Point","coordinates":[-71.925706,18.982868]},"properties":{"s":"N"}},{"type":"Feature","geometry":{"type":"Point","coordinates":[-72.407486,18.734339]},"properties":{"s":"F"}},{"type":"Feature","geometry":{"type":"Point","coordinates":[-72.269065,19.678019]},"properties":{"s":"F"}},{"type":"Feature","geometry":{"type":"Point","coordinates":[-72.302283,19.63661]},"properties":{"s":"F"}},{"type":"Feature","geometry":{"type":"Point","coordinates":[-72.137181,19.180152]},"properties":{"s":"F"}},{"type":"Feature","geometry":{"type":"Point","coordinates":[-72.915036,18.78109]},"properties":{"s":"F"}},{"type":"Feature","geometry":{"type":"Point","coordinates":[-71.967743,18.938974]},"properties":{"s":"F"}},{"type":"Feature","geometry":{"type":"Point","coordinates":[-72.049496,19.160121]},"properties":{"s":"F"}},{"type":"Feature","geometry":{"type":"Point","coordinates":[-72.225729,18.825794]},"properties":{"s":"F"}},{"type":"Feature","geometry":{"type":"Point","coordinates":[-73.21239,18.2257]},"properties":{"s":"F"}},{"type":"Feature","geometry":{"type":"Point","coordinates":[-72.192981,18.849597]},"properties":{"s":"F"}},{"type":"Feature","geometry":{"type":"Point","coordinates":[-73.076052,18.846985]},"properties":{"s":"F"}},{"type":"Feature","geometry":{"type":"Point","coordinates":[-72.595717,18.492383]},"properties":{"s":"F"}},{"type":"Feature","geometry":{"type":"Point","coordinates":[-72.293167,18.623667]},"properties":{"s":"F"}},{"type":"Feature","geometry":{"type":"Point","coordinates":[-72.041845,19.457835]},"properties":{"s":"F"}},{"type":"Feature","geometry":{"type":"Point","coordinates":[-72.136545,18.924078]},"properties":{"s":"F"}},{"type":"Feature","geometry":{"type":"Point","coordinates":[-71.767134,19.553539]},"properties":{"s":"F"}},{"type":"Feature","geometry":{"type":"Point","coordinates":[-71.72973,19.54898]},"properties":{"s":"F"}},{"type":"Feature","geometry":{"type":"Point","coordinates":[-72.3175,19.6657]},"properties":{"s":"F"}},{"type":"Feature","geometry":{"type":"Point","coordinates":[-72.17933,19.38548]},"properties":{"s":"F"}},{"type":"Feature","geometry":{"type":"Point","coordinates":[-71.903837,19.105153]},"properties":{"s":"F"}},{"type":"Feature","geometry":{"type":"Point","coordinates":[-72.129825,19.613747]},"properties":{"s":"F"}},{"type":"Feature","geometry":{"type":"Point","coordinates":[-72.157219,19.300229]},"properties":{"s":"F"}},{"type":"Feature","geometry":{"type":"Point","coordinates":[-72.257757,19.623939]},"properties":{"s":"F"}},{"type":"Feature","geometry":{"type":"Point","coordinates":[-71.81635,19.4876]},"properties":{"s":"F"}},{"type":"Feature","geometry":{"type":"Point","coordinates":[-72.086275,19.29572]},"properties":{"s":"F"}},{"type":"Feature","geometry":{"type":"Point","coordinates":[-72.3022,18.5583]},"properties":{"s":"F"}},{"type":"Feature","geometry":{"type":"Point","coordinates":[-72.124598,19.417061]},"properties":{"s":"F"}},{"type":"Feature","geometry":{"type":"Point","coordinates":[-72.3742,18.720983]},"properties":{"s":"F"}},{"type":"Feature","geometry":{"type":"Point","coordinates":[-72.078804,18.950253]},"properties":{"s":"F"}},{"type":"Feature","geometry":{"type":"Point","coordinates":[-72.240694,19.534963]},"properties":{"s":"F"}},{"type":"Feature","geometry":{"type":"Point","coordinates":[-72.182564,19.215087]},"properties":{"s":"N"}},{"type":"Feature","geometry":{"type":"Point","coordinates":[-71.899171,18.983348]},"properties":{"s":"F"}},{"type":"Feature","geometry":{"type":"Point","coordinates":[-72.284923,19.71956]},"properties":{"s":"F"}},{"type":"Feature","geometry":{"type":"Point","coordinates":[-73.245191,18.867915]},"properties":{"s":"F"}},{"type":"Feature","geometry":{"type":"Point","coordinates":[-72.08622,19.633988]},"properties":{"s":"F"}},{"type":"Feature","geometry":{"type":"Point","coordinates":[-71.69592,19.46613]},"properties":{"s":"F"}},{"type":"Feature","geometry":{"type":"Point","coordinates":[-72.138875,18.847938]},"properties":{"s":"F"}},{"type":"Feature","geometry":{"type":"Point","coordinates":[-71.796699,19.076435]},"properties":{"s":"F"}},{"type":"Feature","geometry":{"type":"Point","coordinates":[-72.093767,19.640867]},"properties":{"s":"F"}},{"type":"Feature","geometry":{"type":"Point","coordinates":[-72.089055,19.334707]},"properties":{"s":"N"}},{"type":"Feature","geometry":{"type":"Point","coordinates":[-72.377342,18.715192]},"properties":{"s":"F"}},{"type":"Feature","geometry":{"type":"Point","coordinates":[-71.754734,19.155327]},"properties":{"s":"F"}},{"type":"Feature","geometry":{"type":"Point","coordinates":[-71.726068,19.161958]},"properties":{"s":"F"}},{"type":"Feature","geometry":{"type":"Point","coordinates":[-71.845828,19.201288]},"properties":{"s":"N"}},{"type":"Feature","geometry":{"type":"Point","coordinates":[-71.94002,19.267927]},"properties":{"s":"F"}},{"type":"Feature","geometry":{"type":"Point","coordinates":[-71.911198,19.346642]},"properties":{"s":"F"}},{"type":"Feature","geometry":{"type":"Point","coordinates":[-71.859062,19.313817]},"properties":{"s":"F"}},{"type":"Feature","geometry":{"type":"Point","coordinates":[-72.147359,18.923974]},"properties":{"s":"N"}},{"type":"Feature","geometry":{"type":"Point","coordinates":[-71.791437,19.171266]},"properties":{"s":"F"}},{"type":"Feature","geometry":{"type":"Point","coordinates":[-71.929973,19.271919]},"properties":{"s":"F"}},{"type":"Feature","geometry":{"type":"Point","coordinates":[-71.723764,19.548368]},"properties":{"s":"F"}},{"type":"Feature","geometry":{"type":"Point","coordinates":[-72.473507,19.18038]},"properties":{"s":"N"}},{"type":"Feature","geometry":{"type":"Point","coordinates":[-71.772,19.44306]},"properties":{"s":"N"}},{"type":"Feature","geometry":{"type":"Point","coordinates":[-72.211408,18.996713]},"properties":{"s":"F"}},{"type":"Feature","geometry":{"type":"Point","coordinates":[-72.0505,19.3754]},"properties":{"s":"F"}},{"type":"Feature","geometry":{"type":"Point","coordinates":[-72.220567,18.825236]},"properties":{"s":"F"}},{"type":"Feature","geometry":{"type":"Point","coordinates":[-72.09082,18.936464]},"properties":{"s":"N"}},{"type":"Feature","geometry":{"type":"Point","coordinates":[-74.1536,18.6489]},"properties":{"s":"F"}},{"type":"Feature","geometry":{"type":"Point","coordinates":[-72.435388,18.750703]},"properties":{"s":"F"}},{"type":"Feature","geometry":{"type":"Point","coordinates":[-72.004109,19.105325]},"properties":{"s":"F"}},{"type":"Feature","geometry":{"type":"Point","coordinates":[-72.133056,19.690927]},"properties":{"s":"F"}},{"type":"Feature","geometry":{"type":"Point","coordinates":[-72.00667,19.216556]},"properties":{"s":"F"}},{"type":"Feature","geometry":{"type":"Point","coordinates":[-72.431959,19.650526]},"properties":{"s":"F"}},{"type":"Feature","geometry":{"type":"Point","coordinates":[-71.938092,18.799411]},"properties":{"s":"N"}},{"type":"Feature","geometry":{"type":"Point","coordinates":[-72.562262,19.702213]},"properties":{"s":"N"}},{"type":"Feature","geometry":{"type":"Point","coordinates":[-71.692073,19.457992]},"properties":{"s":"N"}},{"type":"Feature","geometry":{"type":"Point","coordinates":[-72.458709,18.76664]},"properties":{"s":"F"}},{"type":"Feature","geometry":{"type":"Point","coordinates":[-72.240894,18.86392]},"properties":{"s":"F"}},{"type":"Feature","geometry":{"type":"Point","coordinates":[-72.223023,18.876668]},"properties":{"s":"F"}},{"type":"Feature","geometry":{"type":"Point","coordinates":[-72.086235,18.940005]},"properties":{"s":"F"}},{"type":"Feature","geometry":{"type":"Point","coordinates":[-71.954865,18.80708]},"properties":{"s":"F"}},{"type":"Feature","geometry":{"type":"Point","coordinates":[-71.941566,18.882808]},"properties":{"s":"F"}},{"type":"Feature","geometry":{"type":"Point","coordinates":[-72.124428,19.430183]},"properties":{"s":"F"}},{"type":"Feature","geometry":{"type":"Point","coordinates":[-72.153434,19.474085]},"properties":{"s":"F"}},{"type":"Feature","geometry":{"type":"Point","coordinates":[-72.242115,19.5279]},"properties":{"s":"F"}},{"type":"Feature","geometry":{"type":"Point","coordinates":[-72.053617,19.59465]},"properties":{"s":"F"}},{"type":"Feature","geometry":{"type":"Point","coordinates":[-72.432184,19.693968]},"properties":{"s":"F"}},{"type":"Feature","geometry":{"type":"Point","coordinates":[-72.300748,19.697223]},"properties":{"s":"F"}},{"type":"Feature","geometry":{"type":"Point","coordinates":[-72.540204,19.727161]},"properties":{"s":"F"}},{"type":"Feature","geometry":{"type":"Point","coordinates":[-72.42641,19.76599]},"properties":{"s":"F"}},{"type":"Feature","geometry":{"type":"Point","coordinates":[-71.86627,19.182016]},"properties":{"s":"F"}},{"type":"Feature","geometry":{"type":"Point","coordinates":[-71.72503,19.536691]},"properties":{"s":"F"}},{"type":"Feature","geometry":{"type":"Point","coordinates":[-71.730137,19.538066]},"properties":{"s":"F"}},{"type":"Feature","geometry":{"type":"Point","coordinates":[-71.718821,19.546221]},"properties":{"s":"F"}},{"type":"Feature","geometry":{"type":"Point","coordinates":[-71.952883,19.638167]},"properties":{"s":"F"}},{"type":"Feature","geometry":{"type":"Point","coordinates":[-72.487955,19.559777]},"properties":{"s":"N"}},{"type":"Feature","geometry":{"type":"Point","coordinates":[-71.888098,19.112968]},"properties":{"s":"N"}},{"type":"Feature","geometry":{"type":"Point","coordinates":[-71.907267,19.111919]},"properties":{"s":"F"}},{"type":"Feature","geometry":{"type":"Point","coordinates":[-73.16847,18.954486]},"properties":{"s":"F"}},{"type":"Feature","geometry":{"type":"Point","coordinates":[-72.149633,18.5404]},"properties":{"s":"F"}},{"type":"Feature","geometry":{"type":"Point","coordinates":[-72.12605,18.5604]},"properties":{"s":"F"}},{"type":"Feature","geometry":{"type":"Point","coordinates":[-72.257867,18.636083]},"properties":{"s":"F"}},{"type":"Feature","geometry":{"type":"Point","coordinates":[-72.248757,18.78456]},"properties":{"s":"F"}},{"type":"Feature","geometry":{"type":"Point","coordinates":[-72.248875,18.875879]},"properties":{"s":"F"}},{"type":"Feature","geometry":{"type":"Point","coordinates":[-72.058151,18.967154]},"properties":{"s":"F"}},{"type":"Feature","geometry":{"type":"Point","coordinates":[-71.815044,18.747334]},"properties":{"s":"F"}},{"type":"Feature","geometry":{"type":"Point","coordinates":[-71.845865,18.749073]},"properties":{"s":"F"}},{"type":"Feature","geometry":{"type":"Point","coordinates":[-71.959329,18.802518]},"properties":{"s":"F"}},{"type":"Feature","geometry":{"type":"Point","coordinates":[-71.895635,18.843584]},"properties":{"s":"F"}},{"type":"Feature","geometry":{"type":"Point","coordinates":[-72.114928,19.32562]},"properties":{"s":"F"}},{"type":"Feature","geometry":{"type":"Point","coordinates":[-72.132474,19.447619]},"properties":{"s":"F"}},{"type":"Feature","geometry":{"type":"Point","coordinates":[-71.920383,19.008967]},"properties":{"s":"F"}},{"type":"Feature","geometry":{"type":"Point","coordinates":[-71.893922,19.113677]},"properties":{"s":"F"}},{"type":"Feature","geometry":{"type":"Point","coordinates":[-71.678913,19.116011]},"properties":{"s":"F"}},{"type":"Feature","geometry":{"type":"Point","coordinates":[-71.717175,19.184565]},"properties":{"s":"F"}},{"type":"Feature","geometry":{"type":"Point","coordinates":[-71.733133,19.229219]},"properties":{"s":"F"}},{"type":"Feature","geometry":{"type":"Point","coordinates":[-71.712457,19.240299]},"properties":{"s":"F"}},{"type":"Feature","geometry":{"type":"Point","coordinates":[-71.771708,19.399119]},"properties":{"s":"F"}},{"type":"Feature","geometry":{"type":"Point","coordinates":[-71.855548,19.406864]},"properties":{"s":"F"}},{"type":"Feature","geometry":{"type":"Point","coordinates":[-71.91619,19.517202]},"properties":{"s":"N"}},{"type":"Feature","geometry":{"type":"Point","coordinates":[-72.079774,19.092884]},"properties":{"s":"F"}},{"type":"Feature","geometry":{"type":"Point","coordinates":[-71.918994,19.524323]},"properties":{"s":"F"}},{"type":"Feature","geometry":{"type":"Point","coordinates":[-72.271,19.6677]},"properties":{"s":"F"}},{"type":"Feature","geometry":{"type":"Point","coordinates":[-71.867289,18.925029]},"properties":{"s":"F"}},{"type":"Feature","geometry":{"type":"Point","coordinates":[-72.270189,19.612871]},"properties":{"s":"F"}},{"type":"Feature","geometry":{"type":"Point","coordinates":[-71.797902,19.326878]},"properties":{"s":"F"}},{"type":"Feature","geometry":{"type":"Point","coordinates":[-72.346302,19.709489]},"properties":{"s":"F"}},{"type":"Feature","geometry":{"type":"Point","coordinates":[-72.375354,18.822195]},"properties":{"s":"F"}},{"type":"Feature","geometry":{"type":"Point","coordinates":[-72.375135,18.823354]},"properties":{"s":"F"}},{"type":"Feature","geometry":{"type":"Point","coordinates":[-72.205867,18.817296]},"properties":{"s":"F"}},{"type":"Feature","geometry":{"type":"Point","coordinates":[-72.204397,18.815918]},"properties":{"s":"F"}},{"type":"Feature","geometry":{"type":"Point","coordinates":[-72.204207,18.816614]},"properties":{"s":"F"}},{"type":"Feature","geometry":{"type":"Point","coordinates":[-72.2027,18.816787]},"properties":{"s":"F"}},{"type":"Feature","geometry":{"type":"Point","coordinates":[-72.201712,18.817095]},"properties":{"s":"F"}},{"type":"Feature","geometry":{"type":"Point","coordinates":[-72.202877,18.820014]},"properties":{"s":"F"}},{"type":"Feature","geometry":{"type":"Point","coordinates":[-72.217056,18.823355]},"properties":{"s":"F"}},{"type":"Feature","geometry":{"type":"Point","coordinates":[-72.1746,18.806791]},"properties":{"s":"F"}},{"type":"Feature","geometry":{"type":"Point","coordinates":[-72.15927,18.806466]},"properties":{"s":"F"}},{"type":"Feature","geometry":{"type":"Point","coordinates":[-72.182008,18.808159]},"properties":{"s":"F"}},{"type":"Feature","geometry":{"type":"Point","coordinates":[-72.198559,18.814378]},"properties":{"s":"F"}},{"type":"Feature","geometry":{"type":"Point","coordinates":[-72.189849,18.832901]},"properties":{"s":"F"}},{"type":"Feature","geometry":{"type":"Point","coordinates":[-72.187977,18.83574]},"properties":{"s":"F"}},{"type":"Feature","geometry":{"type":"Point","coordinates":[-72.165092,18.842366]},"properties":{"s":"F"}},{"type":"Feature","geometry":{"type":"Point","coordinates":[-72.166799,18.848036]},"properties":{"s":"F"}},{"type":"Feature","geometry":{"type":"Point","coordinates":[-72.135694,18.809657]},"properties":{"s":"F"}},{"type":"Feature","geometry":{"type":"Point","coordinates":[-73.91705,18.321797]},"properties":{"s":"F"}},{"type":"Feature","geometry":{"type":"Point","coordinates":[-72.340212,18.698741]},"properties":{"s":"F"}},{"type":"Feature","geometry":{"type":"Point","coordinates":[-72.855867,18.721572]},"properties":{"s":"F"}},{"type":"Feature","geometry":{"type":"Point","coordinates":[-72.861132,18.724263]},"properties":{"s":"F"}},{"type":"Feature","geometry":{"type":"Point","coordinates":[-72.8775,18.728927]},"properties":{"s":"F"}},{"type":"Feature","geometry":{"type":"Point","coordinates":[-72.871406,18.736089]},"properties":{"s":"F"}},{"type":"Feature","geometry":{"type":"Point","coordinates":[-72.870942,18.740178]},"properties":{"s":"F"}},{"type":"Feature","geometry":{"type":"Point","coordinates":[-72.871065,18.740487]},"properties":{"s":"F"}},{"type":"Feature","geometry":{"type":"Point","coordinates":[-72.368257,18.718024]},"properties":{"s":"F"}},{"type":"Feature","geometry":{"type":"Point","coordinates":[-72.878452,18.790133]},"properties":{"s":"F"}},{"type":"Feature","geometry":{"type":"Point","coordinates":[-72.87948,18.792934]},"properties":{"s":"F"}},{"type":"Feature","geometry":{"type":"Point","coordinates":[-72.80565,18.757329]},"properties":{"s":"F"}},{"type":"Feature","geometry":{"type":"Point","coordinates":[-72.386425,18.78445]},"properties":{"s":"F"}},{"type":"Feature","geometry":{"type":"Point","coordinates":[-72.384982,18.796925]},"properties":{"s":"F"}},{"type":"Feature","geometry":{"type":"Point","coordinates":[-72.258133,18.795638]},"properties":{"s":"F"}},{"type":"Feature","geometry":{"type":"Point","coordinates":[-72.19811,18.760584]},"properties":{"s":"F"}},{"type":"Feature","geometry":{"type":"Point","coordinates":[-72.02775,18.771563]},"properties":{"s":"F"}},{"type":"Feature","geometry":{"type":"Point","coordinates":[-72.122533,18.816912]},"properties":{"s":"F"}},{"type":"Feature","geometry":{"type":"Point","coordinates":[-72.027901,18.771722]},"properties":{"s":"F"}},{"type":"Feature","geometry":{"type":"Point","coordinates":[-72.026529,18.771587]},"properties":{"s":"F"}},{"type":"Feature","geometry":{"type":"Point","coordinates":[-72.034217,18.774474]},"properties":{"s":"F"}},{"type":"Feature","geometry":{"type":"Point","coordinates":[-72.030055,18.797712]},"properties":{"s":"F"}},{"type":"Feature","geometry":{"type":"Point","coordinates":[-72.02115,18.797901]},"properties":{"s":"F"}},{"type":"Feature","geometry":{"type":"Point","coordinates":[-72.006073,18.797502]},"properties":{"s":"F"}},{"type":"Feature","geometry":{"type":"Point","coordinates":[-72.962658,18.822083]},"properties":{"s":"F"}},{"type":"Feature","geometry":{"type":"Point","coordinates":[-72.868556,18.825468]},"properties":{"s":"F"}},{"type":"Feature","geometry":{"type":"Point","coordinates":[-72.867639,18.829585]},"properties":{"s":"F"}},{"type":"Feature","geometry":{"type":"Point","coordinates":[-72.862888,18.829647]},"properties":{"s":"F"}},{"type":"Feature","geometry":{"type":"Point","coordinates":[-72.866373,18.8342]},"properties":{"s":"F"}},{"type":"Feature","geometry":{"type":"Point","coordinates":[-72.869223,18.838895]},"properties":{"s":"F"}},{"type":"Feature","geometry":{"type":"Point","coordinates":[-72.865642,18.837906]},"properties":{"s":"F"}},{"type":"Feature","geometry":{"type":"Point","coordinates":[-72.383023,18.807796]},"properties":{"s":"F"}},{"type":"Feature","geometry":{"type":"Point","coordinates":[-72.379286,18.81225]},"properties":{"s":"F"}},{"type":"Feature","geometry":{"type":"Point","coordinates":[-72.375542,18.819667]},"properties":{"s":"F"}},{"type":"Feature","geometry":{"type":"Point","coordinates":[-72.376217,18.820726]},"properties":{"s":"F"}},{"type":"Feature","geometry":{"type":"Point","coordinates":[-72.1123,18.833365]},"properties":{"s":"F"}},{"type":"Feature","geometry":{"type":"Point","coordinates":[-72.110104,18.833545]},"properties":{"s":"F"}},{"type":"Feature","geometry":{"type":"Point","coordinates":[-72.121477,18.838045]},"properties":{"s":"F"}},{"type":"Feature","geometry":{"type":"Point","coordinates":[-72.116748,18.839281]},"properties":{"s":"F"}},{"type":"Feature","geometry":{"type":"Point","coordinates":[-72.136798,18.843793]},"properties":{"s":"F"}},{"type":"Feature","geometry":{"type":"Point","coordinates":[-72.099548,18.830651]},"properties":{"s":"F"}},{"type":"Feature","geometry":{"type":"Point","coordinates":[-72.053527,18.844451]},"properties":{"s":"F"}},{"type":"Feature","geometry":{"type":"Point","coordinates":[-72.064085,18.847909]},"properties":{"s":"F"}},{"type":"Feature","geometry":{"type":"Point","coordinates":[-72.015729,18.804722]},"properties":{"s":"F"}},{"type":"Feature","geometry":{"type":"Point","coordinates":[-72.007764,18.803039]},"properties":{"s":"F"}},{"type":"Feature","geometry":{"type":"Point","coordinates":[-72.007962,18.803737]},"properties":{"s":"F"}},{"type":"Feature","geometry":{"type":"Point","coordinates":[-72.350017,18.85267]},"properties":{"s":"F"}},{"type":"Feature","geometry":{"type":"Point","coordinates":[-72.363138,18.859256]},"properties":{"s":"F"}},{"type":"Feature","geometry":{"type":"Point","coordinates":[-72.240856,18.864187]},"properties":{"s":"F"}},{"type":"Feature","geometry":{"type":"Point","coordinates":[-72.191845,18.866588]},"properties":{"s":"F"}},{"type":"Feature","geometry":{"type":"Point","coordinates":[-72.167847,18.872232]},"properties":{"s":"F"}},{"type":"Feature","geometry":{"type":"Point","coordinates":[-72.122662,18.855713]},"properties":{"s":"F"}},{"type":"Feature","geometry":{"type":"Point","coordinates":[-72.068544,18.850581]},"properties":{"s":"F"}},{"type":"Feature","geometry":{"type":"Point","coordinates":[-72.083516,18.865984]},"properties":{"s":"F"}},{"type":"Feature","geometry":{"type":"Point","coordinates":[-72.060553,18.875611]},"properties":{"s":"F"}},{"type":"Feature","geometry":{"type":"Point","coordinates":[-72.073793,18.882786]},"properties":{"s":"F"}},{"type":"Feature","geometry":{"type":"Point","coordinates":[-72.071202,18.882542]},"properties":{"s":"F"}},{"type":"Feature","geometry":{"type":"Point","coordinates":[-72.007312,18.866534]},"properties":{"s":"F"}},{"type":"Feature","geometry":{"type":"Point","coordinates":[-72.020727,18.869403]},"properties":{"s":"F"}},{"type":"Feature","geometry":{"type":"Point","coordinates":[-72.00316,18.869626]},"properties":{"s":"F"}},{"type":"Feature","geometry":{"type":"Point","coordinates":[-72.013443,18.875077]},"properties":{"s":"F"}},{"type":"Feature","geometry":{"type":"Point","coordinates":[-72.013968,18.881586]},"properties":{"s":"F"}},{"type":"Feature","geometry":{"type":"Point","coordinates":[-72.040242,18.883559]},"properties":{"s":"F"}},{"type":"Feature","geometry":{"type":"Point","coordinates":[-72.011789,18.896916]},"properties":{"s":"F"}},{"type":"Feature","geometry":{"type":"Point","coordinates":[-72.010722,18.897344]},"properties":{"s":"F"}},{"type":"Feature","geometry":{"type":"Point","coordinates":[-72.172157,18.940345]},"properties":{"s":"F"}},{"type":"Feature","geometry":{"type":"Point","coordinates":[-72.174537,18.943555]},"properties":{"s":"F"}},{"type":"Feature","geometry":{"type":"Point","coordinates":[-72.143892,18.921172]},"properties":{"s":"F"}},{"type":"Feature","geometry":{"type":"Point","coordinates":[-72.116457,18.937569]},"properties":{"s":"F"}},{"type":"Feature","geometry":{"type":"Point","coordinates":[-72.114322,18.94613]},"properties":{"s":"F"}},{"type":"Feature","geometry":{"type":"Point","coordinates":[-72.11441,18.947914]},"properties":{"s":"F"}},{"type":"Feature","geometry":{"type":"Point","coordinates":[-72.076807,18.902881]},"properties":{"s":"F"}},{"type":"Feature","geometry":{"type":"Point","coordinates":[-72.072024,18.905393]},"properties":{"s":"F"}},{"type":"Feature","geometry":{"type":"Point","coordinates":[-72.061853,18.906285]},"properties":{"s":"F"}},{"type":"Feature","geometry":{"type":"Point","coordinates":[-72.061802,18.906557]},"properties":{"s":"F"}},{"type":"Feature","geometry":{"type":"Point","coordinates":[-72.062251,18.907238]},"properties":{"s":"F"}},{"type":"Feature","geometry":{"type":"Point","coordinates":[-72.083773,18.909564]},"properties":{"s":"F"}},{"type":"Feature","geometry":{"type":"Point","coordinates":[-72.094223,18.9416]},"properties":{"s":"F"}},{"type":"Feature","geometry":{"type":"Point","coordinates":[-72.094474,18.943198]},"properties":{"s":"F"}},{"type":"Feature","geometry":{"type":"Point","coordinates":[-72.038262,18.902363]},"properties":{"s":"F"}},{"type":"Feature","geometry":{"type":"Point","coordinates":[-72.04723,18.902776]},"properties":{"s":"F"}},{"type":"Feature","geometry":{"type":"Point","coordinates":[-72.213715,18.953983]},"properties":{"s":"F"}},{"type":"Feature","geometry":{"type":"Point","coordinates":[-72.216883,18.979834]},"properties":{"s":"F"}},{"type":"Feature","geometry":{"type":"Point","coordinates":[-72.211458,18.996719]},"properties":{"s":"F"}},{"type":"Feature","geometry":{"type":"Point","coordinates":[-72.121094,18.951987]},"properties":{"s":"F"}},{"type":"Feature","geometry":{"type":"Point","coordinates":[-72.001001,18.992476]},"properties":{"s":"F"}},{"type":"Feature","geometry":{"type":"Point","coordinates":[-71.815261,18.743309]},"properties":{"s":"F"}},{"type":"Feature","geometry":{"type":"Point","coordinates":[-71.82218,18.746451]},"properties":{"s":"F"}},{"type":"Feature","geometry":{"type":"Point","coordinates":[-71.819507,18.745006]},"properties":{"s":"F"}},{"type":"Feature","geometry":{"type":"Point","coordinates":[-71.819113,18.746302]},"properties":{"s":"F"}},{"type":"Feature","geometry":{"type":"Point","coordinates":[-71.815453,18.746137]},"properties":{"s":"F"}},{"type":"Feature","geometry":{"type":"Point","coordinates":[-71.812961,18.74671]},"properties":{"s":"F"}},{"type":"Feature","geometry":{"type":"Point","coordinates":[-71.846008,18.74909]},"properties":{"s":"F"}},{"type":"Feature","geometry":{"type":"Point","coordinates":[-71.769803,18.720114]},"properties":{"s":"F"}},{"type":"Feature","geometry":{"type":"Point","coordinates":[-71.763735,18.727506]},"properties":{"s":"F"}},{"type":"Feature","geometry":{"type":"Point","coordinates":[-71.790288,18.731669]},"properties":{"s":"F"}},{"type":"Feature","geometry":{"type":"Point","coordinates":[-71.994905,18.926694]},"properties":{"s":"F"}},{"type":"Feature","geometry":{"type":"Point","coordinates":[-71.790457,18.731778]},"properties":{"s":"F"}},{"type":"Feature","geometry":{"type":"Point","coordinates":[-71.791719,18.732486]},"properties":{"s":"F"}},{"type":"Feature","geometry":{"type":"Point","coordinates":[-71.969797,18.791341]},"properties":{"s":"F"}},{"type":"Feature","geometry":{"type":"Point","coordinates":[-71.96928,18.791494]},"properties":{"s":"F"}},{"type":"Feature","geometry":{"type":"Point","coordinates":[-71.968575,18.792374]},"properties":{"s":"F"}},{"type":"Feature","geometry":{"type":"Point","coordinates":[-71.984216,18.792744]},"properties":{"s":"F"}},{"type":"Feature","geometry":{"type":"Point","coordinates":[-71.977253,18.793561]},"properties":{"s":"F"}},{"type":"Feature","geometry":{"type":"Point","coordinates":[-71.967926,18.793281]},"properties":{"s":"F"}},{"type":"Feature","geometry":{"type":"Point","coordinates":[-71.998085,18.796705]},"properties":{"s":"F"}},{"type":"Feature","geometry":{"type":"Point","coordinates":[-71.964001,18.795962]},"properties":{"s":"F"}},{"type":"Feature","geometry":{"type":"Point","coordinates":[-71.807746,18.789255]},"properties":{"s":"F"}},{"type":"Feature","geometry":{"type":"Point","coordinates":[-71.80683,18.791836]},"properties":{"s":"F"}},{"type":"Feature","geometry":{"type":"Point","coordinates":[-71.809648,18.793473]},"properties":{"s":"F"}},{"type":"Feature","geometry":{"type":"Point","coordinates":[-71.815513,18.798347]},"properties":{"s":"F"}},{"type":"Feature","geometry":{"type":"Point","coordinates":[-71.784243,18.795824]},"properties":{"s":"F"}},{"type":"Feature","geometry":{"type":"Point","coordinates":[-71.784752,18.79693]},"properties":{"s":"F"}},{"type":"Feature","geometry":{"type":"Point","coordinates":[-71.783214,18.798939]},"properties":{"s":"F"}},{"type":"Feature","geometry":{"type":"Point","coordinates":[-71.781356,18.797829]},"properties":{"s":"F"}},{"type":"Feature","geometry":{"type":"Point","coordinates":[-71.733943,18.777577]},"properties":{"s":"F"}},{"type":"Feature","geometry":{"type":"Point","coordinates":[-71.735758,18.781997]},"properties":{"s":"F"}},{"type":"Feature","geometry":{"type":"Point","coordinates":[-71.738459,18.785717]},"properties":{"s":"F"}},{"type":"Feature","geometry":{"type":"Point","coordinates":[-71.746563,18.792174]},"properties":{"s":"F"}},{"type":"Feature","geometry":{"type":"Point","coordinates":[-71.74193,18.790398]},"properties":{"s":"F"}},{"type":"Feature","geometry":{"type":"Point","coordinates":[-71.956738,18.800061]},"properties":{"s":"F"}},{"type":"Feature","geometry":{"type":"Point","coordinates":[-71.957136,18.802463]},"properties":{"s":"F"}},{"type":"Feature","geometry":{"type":"Point","coordinates":[-71.955315,18.806372]},"properties":{"s":"F"}},{"type":"Feature","geometry":{"type":"Point","coordinates":[-71.953547,18.813828]},"properties":{"s":"F"}},{"type":"Feature","geometry":{"type":"Point","coordinates":[-71.953633,18.815259]},"properties":{"s":"F"}},{"type":"Feature","geometry":{"type":"Point","coordinates":[-71.927271,18.813145]},"properties":{"s":"F"}},{"type":"Feature","geometry":{"type":"Point","coordinates":[-71.933518,18.81935]},"properties":{"s":"F"}},{"type":"Feature","geometry":{"type":"Point","coordinates":[-71.940693,18.824371]},"properties":{"s":"F"}},{"type":"Feature","geometry":{"type":"Point","coordinates":[-71.938419,18.823629]},"properties":{"s":"F"}},{"type":"Feature","geometry":{"type":"Point","coordinates":[-71.918921,18.82381]},"properties":{"s":"F"}},{"type":"Feature","geometry":{"type":"Point","coordinates":[-71.942308,18.825117]},"properties":{"s":"F"}},{"type":"Feature","geometry":{"type":"Point","coordinates":[-71.949457,18.827615]},"properties":{"s":"F"}},{"type":"Feature","geometry":{"type":"Point","coordinates":[-71.948419,18.829735]},"properties":{"s":"F"}},{"type":"Feature","geometry":{"type":"Point","coordinates":[-71.929908,18.828494]},"properties":{"s":"F"}},{"type":"Feature","geometry":{"type":"Point","coordinates":[-71.925225,18.828322]},"properties":{"s":"F"}},{"type":"Feature","geometry":{"type":"Point","coordinates":[-71.901615,18.828634]},"properties":{"s":"F"}},{"type":"Feature","geometry":{"type":"Point","coordinates":[-71.930652,18.832104]},"properties":{"s":"F"}},{"type":"Feature","geometry":{"type":"Point","coordinates":[-71.928041,18.833945]},"properties":{"s":"F"}},{"type":"Feature","geometry":{"type":"Point","coordinates":[-71.907736,18.839094]},"properties":{"s":"F"}},{"type":"Feature","geometry":{"type":"Point","coordinates":[-71.919239,18.846646]},"properties":{"s":"F"}},{"type":"Feature","geometry":{"type":"Point","coordinates":[-71.919647,18.846934]},"properties":{"s":"F"}},{"type":"Feature","geometry":{"type":"Point","coordinates":[-71.908205,18.845712]},"properties":{"s":"F"}},{"type":"Feature","geometry":{"type":"Point","coordinates":[-71.896592,18.827672]},"properties":{"s":"F"}},{"type":"Feature","geometry":{"type":"Point","coordinates":[-71.891446,18.833132]},"properties":{"s":"F"}},{"type":"Feature","geometry":{"type":"Point","coordinates":[-71.86126,18.836788]},"properties":{"s":"F"}},{"type":"Feature","geometry":{"type":"Point","coordinates":[-71.860329,18.840974]},"properties":{"s":"F"}},{"type":"Feature","geometry":{"type":"Point","coordinates":[-71.898874,18.845899]},"properties":{"s":"F"}},{"type":"Feature","geometry":{"type":"Point","coordinates":[-71.894623,18.846224]},"properties":{"s":"F"}},{"type":"Feature","geometry":{"type":"Point","coordinates":[-71.891512,18.84713]},"properties":{"s":"F"}},{"type":"Feature","geometry":{"type":"Point","coordinates":[-71.884952,18.847044]},"properties":{"s":"F"}},{"type":"Feature","geometry":{"type":"Point","coordinates":[-71.882181,18.846551]},"properties":{"s":"F"}},{"type":"Feature","geometry":{"type":"Point","coordinates":[-71.87836,18.84537]},"properties":{"s":"F"}},{"type":"Feature","geometry":{"type":"Point","coordinates":[-71.879173,18.847586]},"properties":{"s":"F"}},{"type":"Feature","geometry":{"type":"Point","coordinates":[-71.875239,18.847772]},"properties":{"s":"F"}},{"type":"Feature","geometry":{"type":"Point","coordinates":[-71.875823,18.847899]},"properties":{"s":"F"}},{"type":"Feature","geometry":{"type":"Point","coordinates":[-71.869749,18.848606]},"properties":{"s":"F"}},{"type":"Feature","geometry":{"type":"Point","coordinates":[-71.819738,18.800035]},"properties":{"s":"F"}},{"type":"Feature","geometry":{"type":"Point","coordinates":[-71.804838,18.83248]},"properties":{"s":"F"}},{"type":"Feature","geometry":{"type":"Point","coordinates":[-71.801057,18.83101]},"properties":{"s":"F"}},{"type":"Feature","geometry":{"type":"Point","coordinates":[-71.791872,18.828945]},"properties":{"s":"F"}},{"type":"Feature","geometry":{"type":"Point","coordinates":[-71.788948,18.830718]},"properties":{"s":"F"}},{"type":"Feature","geometry":{"type":"Point","coordinates":[-71.792522,18.833158]},"properties":{"s":"F"}},{"type":"Feature","geometry":{"type":"Point","coordinates":[-71.770005,18.83643]},"properties":{"s":"F"}},{"type":"Feature","geometry":{"type":"Point","coordinates":[-71.956969,18.873425]},"properties":{"s":"F"}},{"type":"Feature","geometry":{"type":"Point","coordinates":[-71.984696,18.886443]},"properties":{"s":"F"}},{"type":"Feature","geometry":{"type":"Point","coordinates":[-71.980017,18.885211]},"properties":{"s":"F"}},{"type":"Feature","geometry":{"type":"Point","coordinates":[-71.812013,18.850512]},"properties":{"s":"F"}},{"type":"Feature","geometry":{"type":"Point","coordinates":[-71.814852,18.854129]},"properties":{"s":"F"}},{"type":"Feature","geometry":{"type":"Point","coordinates":[-71.825001,18.859091]},"properties":{"s":"F"}},{"type":"Feature","geometry":{"type":"Point","coordinates":[-71.807328,18.858659]},"properties":{"s":"F"}},{"type":"Feature","geometry":{"type":"Point","coordinates":[-71.824586,18.860673]},"properties":{"s":"F"}},{"type":"Feature","geometry":{"type":"Point","coordinates":[-71.836263,18.863028]},"properties":{"s":"F"}},{"type":"Feature","geometry":{"type":"Point","coordinates":[-71.827948,18.863886]},"properties":{"s":"F"}},{"type":"Feature","geometry":{"type":"Point","coordinates":[-71.825037,18.865236]},"properties":{"s":"F"}},{"type":"Feature","geometry":{"type":"Point","coordinates":[-71.797335,18.852881]},"properties":{"s":"F"}},{"type":"Feature","geometry":{"type":"Point","coordinates":[-71.760622,18.856518]},"properties":{"s":"F"}},{"type":"Feature","geometry":{"type":"Point","coordinates":[-71.756818,18.866267]},"properties":{"s":"F"}},{"type":"Feature","geometry":{"type":"Point","coordinates":[-71.763677,18.867508]},"properties":{"s":"F"}},{"type":"Feature","geometry":{"type":"Point","coordinates":[-71.763837,18.867947]},"properties":{"s":"F"}},{"type":"Feature","geometry":{"type":"Point","coordinates":[-71.757509,18.871529]},"properties":{"s":"F"}},{"type":"Feature","geometry":{"type":"Point","coordinates":[-71.74721,18.862202]},"properties":{"s":"F"}},{"type":"Feature","geometry":{"type":"Point","coordinates":[-71.734143,18.860223]},"properties":{"s":"F"}},{"type":"Feature","geometry":{"type":"Point","coordinates":[-71.731746,18.863604]},"properties":{"s":"F"}},{"type":"Feature","geometry":{"type":"Point","coordinates":[-71.995403,18.931004]},"properties":{"s":"F"}},{"type":"Feature","geometry":{"type":"Point","coordinates":[-71.994117,18.932637]},"properties":{"s":"F"}},{"type":"Feature","geometry":{"type":"Point","coordinates":[-71.993537,18.939342]},"properties":{"s":"F"}},{"type":"Feature","geometry":{"type":"Point","coordinates":[-71.989425,18.973689]},"properties":{"s":"F"}},{"type":"Feature","geometry":{"type":"Point","coordinates":[-71.958467,18.97511]},"properties":{"s":"F"}},{"type":"Feature","geometry":{"type":"Point","coordinates":[-71.959761,18.978084]},"properties":{"s":"F"}},{"type":"Feature","geometry":{"type":"Point","coordinates":[-72.211243,19.009795]},"properties":{"s":"F"}},{"type":"Feature","geometry":{"type":"Point","coordinates":[-72.209281,19.011339]},"properties":{"s":"F"}},{"type":"Feature","geometry":{"type":"Point","coordinates":[-72.083405,19.029287]},"properties":{"s":"F"}},{"type":"Feature","geometry":{"type":"Point","coordinates":[-72.087755,19.032249]},"properties":{"s":"F"}},{"type":"Feature","geometry":{"type":"Point","coordinates":[-72.058039,19.094797]},"properties":{"s":"F"}},{"type":"Feature","geometry":{"type":"Point","coordinates":[-72.012355,19.074447]},"properties":{"s":"F"}},{"type":"Feature","geometry":{"type":"Point","coordinates":[-72.012239,19.078518]},"properties":{"s":"F"}},{"type":"Feature","geometry":{"type":"Point","coordinates":[-72.014381,19.08171]},"properties":{"s":"F"}},{"type":"Feature","geometry":{"type":"Point","coordinates":[-72.012315,19.083364]},"properties":{"s":"F"}},{"type":"Feature","geometry":{"type":"Point","coordinates":[-72.009059,19.08768]},"properties":{"s":"F"}},{"type":"Feature","geometry":{"type":"Point","coordinates":[-72.006227,19.088585]},"properties":{"s":"F"}},{"type":"Feature","geometry":{"type":"Point","coordinates":[-72.035244,19.09165]},"properties":{"s":"F"}},{"type":"Feature","geometry":{"type":"Point","coordinates":[-72.033725,19.09888]},"properties":{"s":"F"}},{"type":"Feature","geometry":{"type":"Point","coordinates":[-72.40252,19.145135]},"properties":{"s":"F"}},{"type":"Feature","geometry":{"type":"Point","coordinates":[-72.401315,19.14678]},"properties":{"s":"F"}},{"type":"Feature","geometry":{"type":"Point","coordinates":[-72.162342,19.116784]},"properties":{"s":"F"}},{"type":"Feature","geometry":{"type":"Point","coordinates":[-72.161931,19.122216]},"properties":{"s":"F"}},{"type":"Feature","geometry":{"type":"Point","coordinates":[-72.130402,19.122803]},"properties":{"s":"F"}},{"type":"Feature","geometry":{"type":"Point","coordinates":[-72.035464,19.125375]},"properties":{"s":"F"}},{"type":"Feature","geometry":{"type":"Point","coordinates":[-72.019838,19.136588]},"properties":{"s":"F"}},{"type":"Feature","geometry":{"type":"Point","coordinates":[-72.00919,19.142192]},"properties":{"s":"F"}},{"type":"Feature","geometry":{"type":"Point","coordinates":[-72.007334,19.144367]},"properties":{"s":"F"}},{"type":"Feature","geometry":{"type":"Point","coordinates":[-72.005652,19.145568]},"properties":{"s":"F"}},{"type":"Feature","geometry":{"type":"Point","coordinates":[-72.239835,19.152321]},"properties":{"s":"F"}},{"type":"Feature","geometry":{"type":"Point","coordinates":[-72.232728,19.163354]},"properties":{"s":"F"}},{"type":"Feature","geometry":{"type":"Point","coordinates":[-72.229966,19.163414]},"properties":{"s":"F"}},{"type":"Feature","geometry":{"type":"Point","coordinates":[-72.51578,19.21962]},"properties":{"s":"F"}},{"type":"Feature","geometry":{"type":"Point","coordinates":[-72.018207,19.202597]},"properties":{"s":"F"}},{"type":"Feature","geometry":{"type":"Point","coordinates":[-72.015011,19.211541]},"properties":{"s":"F"}},{"type":"Feature","geometry":{"type":"Point","coordinates":[-72.007705,19.274685]},"properties":{"s":"F"}},{"type":"Feature","geometry":{"type":"Point","coordinates":[-72.110262,19.33948]},"properties":{"s":"F"}},{"type":"Feature","geometry":{"type":"Point","coordinates":[-72.023507,19.326888]},"properties":{"s":"F"}},{"type":"Feature","geometry":{"type":"Point","coordinates":[-72.023293,19.327253]},"properties":{"s":"F"}},{"type":"Feature","geometry":{"type":"Point","coordinates":[-72.023486,19.330311]},"properties":{"s":"F"}},{"type":"Feature","geometry":{"type":"Point","coordinates":[-72.024734,19.334992]},"properties":{"s":"F"}},{"type":"Feature","geometry":{"type":"Point","coordinates":[-71.993397,18.927377]},"properties":{"s":"F"}},{"type":"Feature","geometry":{"type":"Point","coordinates":[-72.020369,19.338249]},"properties":{"s":"F"}},{"type":"Feature","geometry":{"type":"Point","coordinates":[-72.124951,19.418437]},"properties":{"s":"F"}},{"type":"Feature","geometry":{"type":"Point","coordinates":[-72.03644,19.443308]},"properties":{"s":"F"}},{"type":"Feature","geometry":{"type":"Point","coordinates":[-72.116191,19.471512]},"properties":{"s":"F"}},{"type":"Feature","geometry":{"type":"Point","coordinates":[-72.117733,19.473518]},"properties":{"s":"F"}},{"type":"Feature","geometry":{"type":"Point","coordinates":[-72.051048,19.454214]},"properties":{"s":"F"}},{"type":"Feature","geometry":{"type":"Point","coordinates":[-72.061875,19.457202]},"properties":{"s":"F"}},{"type":"Feature","geometry":{"type":"Point","coordinates":[-72.05953,19.462122]},"properties":{"s":"F"}},{"type":"Feature","geometry":{"type":"Point","coordinates":[-72.052417,19.484941]},"properties":{"s":"F"}},{"type":"Feature","geometry":{"type":"Point","coordinates":[-72.01481,19.454897]},"properties":{"s":"F"}},{"type":"Feature","geometry":{"type":"Point","coordinates":[-72.045871,19.458041]},"properties":{"s":"F"}},{"type":"Feature","geometry":{"type":"Point","coordinates":[-72.03028,19.46354]},"properties":{"s":"F"}},{"type":"Feature","geometry":{"type":"Point","coordinates":[-72.046607,19.471719]},"properties":{"s":"F"}},{"type":"Feature","geometry":{"type":"Point","coordinates":[-72.042865,19.470426]},"properties":{"s":"F"}},{"type":"Feature","geometry":{"type":"Point","coordinates":[-72.298887,19.515204]},"properties":{"s":"F"}},{"type":"Feature","geometry":{"type":"Point","coordinates":[-72.278621,19.524441]},"properties":{"s":"F"}},{"type":"Feature","geometry":{"type":"Point","coordinates":[-72.238664,19.523282]},"properties":{"s":"F"}},{"type":"Feature","geometry":{"type":"Point","coordinates":[-72.241238,19.525853]},"properties":{"s":"F"}},{"type":"Feature","geometry":{"type":"Point","coordinates":[-72.242174,19.533524]},"properties":{"s":"F"}},{"type":"Feature","geometry":{"type":"Point","coordinates":[-72.103429,19.53886]},"properties":{"s":"F"}},{"type":"Feature","geometry":{"type":"Point","coordinates":[-72.062276,19.546338]},"properties":{"s":"F"}},{"type":"Feature","geometry":{"type":"Point","coordinates":[-72.077003,19.549569]},"properties":{"s":"F"}},{"type":"Feature","geometry":{"type":"Point","coordinates":[-72.502187,19.598257]},"properties":{"s":"F"}},{"type":"Feature","geometry":{"type":"Point","coordinates":[-72.498057,19.565327]},"properties":{"s":"F"}},{"type":"Feature","geometry":{"type":"Point","coordinates":[-72.493063,19.566715]},"properties":{"s":"F"}},{"type":"Feature","geometry":{"type":"Point","coordinates":[-72.45511,19.566575]},"properties":{"s":"F"}},{"type":"Feature","geometry":{"type":"Point","coordinates":[-72.491803,19.574262]},"properties":{"s":"F"}},{"type":"Feature","geometry":{"type":"Point","coordinates":[-72.486582,19.577218]},"properties":{"s":"F"}},{"type":"Feature","geometry":{"type":"Point","coordinates":[-72.484412,19.575423]},"properties":{"s":"F"}},{"type":"Feature","geometry":{"type":"Point","coordinates":[-72.471872,19.576923]},"properties":{"s":"F"}},{"type":"Feature","geometry":{"type":"Point","coordinates":[-72.48396,19.581483]},"properties":{"s":"F"}},{"type":"Feature","geometry":{"type":"Point","coordinates":[-72.473881,19.582519]},"properties":{"s":"F"}},{"type":"Feature","geometry":{"type":"Point","coordinates":[-72.473368,19.585485]},"properties":{"s":"F"}},{"type":"Feature","geometry":{"type":"Point","coordinates":[-72.472533,19.588708]},"properties":{"s":"F"}},{"type":"Feature","geometry":{"type":"Point","coordinates":[-72.470959,19.595037]},"properties":{"s":"F"}},{"type":"Feature","geometry":{"type":"Point","coordinates":[-72.470782,19.59567]},"properties":{"s":"F"}},{"type":"Feature","geometry":{"type":"Point","coordinates":[-72.469057,19.597712]},"properties":{"s":"F"}},{"type":"Feature","geometry":{"type":"Point","coordinates":[-72.468297,19.598275]},"properties":{"s":"F"}},{"type":"Feature","geometry":{"type":"Point","coordinates":[-72.44163,19.556192]},"properties":{"s":"F"}},{"type":"Feature","geometry":{"type":"Point","coordinates":[-72.441469,19.558321]},"properties":{"s":"F"}},{"type":"Feature","geometry":{"type":"Point","coordinates":[-72.443973,19.568608]},"properties":{"s":"F"}},{"type":"Feature","geometry":{"type":"Point","coordinates":[-72.422328,19.575772]},"properties":{"s":"F"}},{"type":"Feature","geometry":{"type":"Point","coordinates":[-72.255522,19.599295]},"properties":{"s":"F"}},{"type":"Feature","geometry":{"type":"Point","coordinates":[-72.253537,19.599742]},"properties":{"s":"F"}},{"type":"Feature","geometry":{"type":"Point","coordinates":[-72.154774,19.56426]},"properties":{"s":"F"}},{"type":"Feature","geometry":{"type":"Point","coordinates":[-72.157425,19.565569]},"properties":{"s":"F"}},{"type":"Feature","geometry":{"type":"Point","coordinates":[-72.129943,19.5884]},"properties":{"s":"F"}},{"type":"Feature","geometry":{"type":"Point","coordinates":[-72.057038,19.569724]},"properties":{"s":"F"}},{"type":"Feature","geometry":{"type":"Point","coordinates":[-72.084567,19.570463]},"properties":{"s":"F"}},{"type":"Feature","geometry":{"type":"Point","coordinates":[-72.087519,19.582664]},"properties":{"s":"F"}},{"type":"Feature","geometry":{"type":"Point","coordinates":[-72.501628,19.618953]},"properties":{"s":"F"}},{"type":"Feature","geometry":{"type":"Point","coordinates":[-72.501845,19.619713]},"properties":{"s":"F"}},{"type":"Feature","geometry":{"type":"Point","coordinates":[-72.5001,19.62851]},"properties":{"s":"F"}},{"type":"Feature","geometry":{"type":"Point","coordinates":[-72.502292,19.630647]},"properties":{"s":"F"}},{"type":"Feature","geometry":{"type":"Point","coordinates":[-72.486556,19.601892]},"properties":{"s":"F"}},{"type":"Feature","geometry":{"type":"Point","coordinates":[-72.483306,19.605866]},"properties":{"s":"F"}},{"type":"Feature","geometry":{"type":"Point","coordinates":[-72.496565,19.610759]},"properties":{"s":"F"}},{"type":"Feature","geometry":{"type":"Point","coordinates":[-72.492548,19.611055]},"properties":{"s":"F"}},{"type":"Feature","geometry":{"type":"Point","coordinates":[-72.489789,19.610858]},"properties":{"s":"F"}},{"type":"Feature","geometry":{"type":"Point","coordinates":[-72.486972,19.611733]},"properties":{"s":"F"}},{"type":"Feature","geometry":{"type":"Point","coordinates":[-72.490171,19.61422]},"properties":{"s":"F"}},{"type":"Feature","geometry":{"type":"Point","coordinates":[-72.483056,19.612824]},"properties":{"s":"F"}},{"type":"Feature","geometry":{"type":"Point","coordinates":[-72.449793,19.605633]},"properties":{"s":"F"}},{"type":"Feature","geometry":{"type":"Point","coordinates":[-72.446904,19.618044]},"properties":{"s":"F"}},{"type":"Feature","geometry":{"type":"Point","coordinates":[-72.422321,19.644789]},"properties":{"s":"F"}},{"type":"Feature","geometry":{"type":"Point","coordinates":[-72.423601,19.647258]},"properties":{"s":"F"}},{"type":"Feature","geometry":{"type":"Point","coordinates":[-72.423835,19.648073]},"properties":{"s":"F"}},{"type":"Feature","geometry":{"type":"Point","coordinates":[-72.348017,19.618508]},"properties":{"s":"F"}},{"type":"Feature","geometry":{"type":"Point","coordinates":[-72.321518,19.632445]},"properties":{"s":"F"}},{"type":"Feature","geometry":{"type":"Point","coordinates":[-72.259998,19.612201]},"properties":{"s":"F"}},{"type":"Feature","geometry":{"type":"Point","coordinates":[-72.26524,19.61265]},"properties":{"s":"F"}},{"type":"Feature","geometry":{"type":"Point","coordinates":[-72.225993,19.600657]},"properties":{"s":"F"}},{"type":"Feature","geometry":{"type":"Point","coordinates":[-72.223826,19.600056]},"properties":{"s":"F"}},{"type":"Feature","geometry":{"type":"Point","coordinates":[-72.218547,19.606631]},"properties":{"s":"F"}},{"type":"Feature","geometry":{"type":"Point","coordinates":[-72.215428,19.608732]},"properties":{"s":"F"}},{"type":"Feature","geometry":{"type":"Point","coordinates":[-72.216194,19.609858]},"properties":{"s":"F"}},{"type":"Feature","geometry":{"type":"Point","coordinates":[-72.214625,19.610266]},"properties":{"s":"F"}},{"type":"Feature","geometry":{"type":"Point","coordinates":[-72.227487,19.63295]},"properties":{"s":"F"}},{"type":"Feature","geometry":{"type":"Point","coordinates":[-72.164566,19.607119]},"properties":{"s":"F"}},{"type":"Feature","geometry":{"type":"Point","coordinates":[-72.164103,19.607548]},"properties":{"s":"F"}},{"type":"Feature","geometry":{"type":"Point","coordinates":[-72.184977,19.622288]},"properties":{"s":"F"}},{"type":"Feature","geometry":{"type":"Point","coordinates":[-72.182053,19.622257]},"properties":{"s":"F"}},{"type":"Feature","geometry":{"type":"Point","coordinates":[-72.140209,19.60739]},"properties":{"s":"F"}},{"type":"Feature","geometry":{"type":"Point","coordinates":[-72.092774,19.61563]},"properties":{"s":"F"}},{"type":"Feature","geometry":{"type":"Point","coordinates":[-72.038978,19.602978]},"properties":{"s":"F"}},{"type":"Feature","geometry":{"type":"Point","coordinates":[-72.031498,19.609942]},"properties":{"s":"F"}},{"type":"Feature","geometry":{"type":"Point","coordinates":[-72.030547,19.613185]},"properties":{"s":"F"}},{"type":"Feature","geometry":{"type":"Point","coordinates":[-72.02341,19.61465]},"properties":{"s":"F"}},{"type":"Feature","geometry":{"type":"Point","coordinates":[-72.0208,19.61508]},"properties":{"s":"F"}},{"type":"Feature","geometry":{"type":"Point","coordinates":[-72.02152,19.61794]},"properties":{"s":"F"}},{"type":"Feature","geometry":{"type":"Point","coordinates":[-72.550624,19.651996]},"properties":{"s":"F"}},{"type":"Feature","geometry":{"type":"Point","coordinates":[-72.554017,19.653361]},"properties":{"s":"F"}},{"type":"Feature","geometry":{"type":"Point","coordinates":[-72.565593,19.658003]},"properties":{"s":"F"}},{"type":"Feature","geometry":{"type":"Point","coordinates":[-72.57234,19.671422]},"properties":{"s":"F"}},{"type":"Feature","geometry":{"type":"Point","coordinates":[-72.55015,19.670244]},"properties":{"s":"F"}},{"type":"Feature","geometry":{"type":"Point","coordinates":[-72.572145,19.684908]},"properties":{"s":"F"}},{"type":"Feature","geometry":{"type":"Point","coordinates":[-72.546857,19.65202]},"properties":{"s":"F"}},{"type":"Feature","geometry":{"type":"Point","coordinates":[-72.507338,19.652068]},"properties":{"s":"F"}},{"type":"Feature","geometry":{"type":"Point","coordinates":[-72.54918,19.660353]},"properties":{"s":"F"}},{"type":"Feature","geometry":{"type":"Point","coordinates":[-72.542772,19.660063]},"properties":{"s":"F"}},{"type":"Feature","geometry":{"type":"Point","coordinates":[-72.546526,19.671509]},"properties":{"s":"F"}},{"type":"Feature","geometry":{"type":"Point","coordinates":[-72.544734,19.671049]},"properties":{"s":"F"}},{"type":"Feature","geometry":{"type":"Point","coordinates":[-72.435176,19.651465]},"properties":{"s":"F"}},{"type":"Feature","geometry":{"type":"Point","coordinates":[-72.42002,19.659693]},"properties":{"s":"F"}},{"type":"Feature","geometry":{"type":"Point","coordinates":[-72.420152,19.673191]},"properties":{"s":"F"}},{"type":"Feature","geometry":{"type":"Point","coordinates":[-72.415476,19.68218]},"properties":{"s":"F"}},{"type":"Feature","geometry":{"type":"Point","coordinates":[-72.412123,19.685317]},"properties":{"s":"F"}},{"type":"Feature","geometry":{"type":"Point","coordinates":[-72.433542,19.69574]},"properties":{"s":"F"}},{"type":"Feature","geometry":{"type":"Point","coordinates":[-72.431462,19.699814]},"properties":{"s":"F"}},{"type":"Feature","geometry":{"type":"Point","coordinates":[-72.42814,19.699662]},"properties":{"s":"F"}},{"type":"Feature","geometry":{"type":"Point","coordinates":[-72.405399,19.698381]},"properties":{"s":"F"}},{"type":"Feature","geometry":{"type":"Point","coordinates":[-72.403089,19.699669]},"properties":{"s":"F"}},{"type":"Feature","geometry":{"type":"Point","coordinates":[-72.352403,19.697015]},"properties":{"s":"F"}},{"type":"Feature","geometry":{"type":"Point","coordinates":[-72.452819,19.721338]},"properties":{"s":"F"}},{"type":"Feature","geometry":{"type":"Point","coordinates":[-72.450307,19.722221]},"properties":{"s":"F"}},{"type":"Feature","geometry":{"type":"Point","coordinates":[-72.455583,19.725506]},"properties":{"s":"F"}},{"type":"Feature","geometry":{"type":"Point","coordinates":[-72.41781,19.702378]},"properties":{"s":"F"}},{"type":"Feature","geometry":{"type":"Point","coordinates":[-72.403248,19.704335]},"properties":{"s":"F"}},{"type":"Feature","geometry":{"type":"Point","coordinates":[-72.416816,19.706159]},"properties":{"s":"F"}},{"type":"Feature","geometry":{"type":"Point","coordinates":[-72.416591,19.708374]},"properties":{"s":"F"}},{"type":"Feature","geometry":{"type":"Point","coordinates":[-72.389205,19.724339]},"properties":{"s":"F"}},{"type":"Feature","geometry":{"type":"Point","coordinates":[-72.389539,19.72508]},"properties":{"s":"F"}},{"type":"Feature","geometry":{"type":"Point","coordinates":[-72.390154,19.733577]},"properties":{"s":"F"}},{"type":"Feature","geometry":{"type":"Point","coordinates":[-72.381567,19.736484]},"properties":{"s":"F"}},{"type":"Feature","geometry":{"type":"Point","coordinates":[-72.390461,19.738908]},"properties":{"s":"F"}},{"type":"Feature","geometry":{"type":"Point","coordinates":[-72.253375,19.726543]},"properties":{"s":"F"}},{"type":"Feature","geometry":{"type":"Point","coordinates":[-72.248477,19.725793]},"properties":{"s":"F"}},{"type":"Feature","geometry":{"type":"Point","coordinates":[-72.248976,19.726641]},"properties":{"s":"F"}},{"type":"Feature","geometry":{"type":"Point","coordinates":[-72.183409,19.739074]},"properties":{"s":"F"}},{"type":"Feature","geometry":{"type":"Point","coordinates":[-72.182371,19.738558]},"properties":{"s":"F"}},{"type":"Feature","geometry":{"type":"Point","coordinates":[-72.126709,19.726217]},"properties":{"s":"F"}},{"type":"Feature","geometry":{"type":"Point","coordinates":[-72.596381,19.761194]},"properties":{"s":"F"}},{"type":"Feature","geometry":{"type":"Point","coordinates":[-72.594971,19.766266]},"properties":{"s":"F"}},{"type":"Feature","geometry":{"type":"Point","coordinates":[-72.214268,19.772301]},"properties":{"s":"F"}},{"type":"Feature","geometry":{"type":"Point","coordinates":[-72.211865,19.770896]},"properties":{"s":"F"}},{"type":"Feature","geometry":{"type":"Point","coordinates":[-72.568975,19.801414]},"properties":{"s":"F"}},{"type":"Feature","geometry":{"type":"Point","coordinates":[-72.576891,19.803813]},"properties":{"s":"F"}},{"type":"Feature","geometry":{"type":"Point","coordinates":[-72.555364,19.822616]},"properties":{"s":"F"}},{"type":"Feature","geometry":{"type":"Point","coordinates":[-72.547159,19.81053]},"properties":{"s":"F"}},{"type":"Feature","geometry":{"type":"Point","coordinates":[-72.53758,19.833916]},"properties":{"s":"F"}},{"type":"Feature","geometry":{"type":"Point","coordinates":[-72.531902,19.838769]},"properties":{"s":"F"}},{"type":"Feature","geometry":{"type":"Point","coordinates":[-71.953916,19.013988]},"properties":{"s":"F"}},{"type":"Feature","geometry":{"type":"Point","coordinates":[-71.959233,19.015349]},"properties":{"s":"F"}},{"type":"Feature","geometry":{"type":"Point","coordinates":[-71.971199,19.01922]},"properties":{"s":"F"}},{"type":"Feature","geometry":{"type":"Point","coordinates":[-71.964944,19.01821]},"properties":{"s":"F"}},{"type":"Feature","geometry":{"type":"Point","coordinates":[-71.964117,19.021128]},"properties":{"s":"F"}},{"type":"Feature","geometry":{"type":"Point","coordinates":[-71.966121,19.023103]},"properties":{"s":"F"}},{"type":"Feature","geometry":{"type":"Point","coordinates":[-71.977313,19.03019]},"properties":{"s":"F"}},{"type":"Feature","geometry":{"type":"Point","coordinates":[-71.971924,19.038185]},"properties":{"s":"F"}},{"type":"Feature","geometry":{"type":"Point","coordinates":[-71.996464,19.050611]},"properties":{"s":"F"}},{"type":"Feature","geometry":{"type":"Point","coordinates":[-71.997078,19.074959]},"properties":{"s":"F"}},{"type":"Feature","geometry":{"type":"Point","coordinates":[-71.972403,18.926547]},"properties":{"s":"F"}},{"type":"Feature","geometry":{"type":"Point","coordinates":[-71.83778,19.083991]},"properties":{"s":"F"}},{"type":"Feature","geometry":{"type":"Point","coordinates":[-71.821338,19.087956]},"properties":{"s":"F"}},{"type":"Feature","geometry":{"type":"Point","coordinates":[-71.762809,19.066283]},"properties":{"s":"F"}},{"type":"Feature","geometry":{"type":"Point","coordinates":[-71.996054,19.147409]},"properties":{"s":"F"}},{"type":"Feature","geometry":{"type":"Point","coordinates":[-71.915224,19.102042]},"properties":{"s":"F"}},{"type":"Feature","geometry":{"type":"Point","coordinates":[-71.939445,19.141878]},"properties":{"s":"F"}},{"type":"Feature","geometry":{"type":"Point","coordinates":[-71.92575,19.14769]},"properties":{"s":"F"}},{"type":"Feature","geometry":{"type":"Point","coordinates":[-71.921952,19.149293]},"properties":{"s":"F"}},{"type":"Feature","geometry":{"type":"Point","coordinates":[-71.838294,19.134578]},"properties":{"s":"F"}},{"type":"Feature","geometry":{"type":"Point","coordinates":[-71.843492,19.137407]},"properties":{"s":"F"}},{"type":"Feature","geometry":{"type":"Point","coordinates":[-71.838801,19.137235]},"properties":{"s":"F"}},{"type":"Feature","geometry":{"type":"Point","coordinates":[-71.837286,19.137524]},"properties":{"s":"F"}},{"type":"Feature","geometry":{"type":"Point","coordinates":[-71.844783,19.146785]},"properties":{"s":"F"}},{"type":"Feature","geometry":{"type":"Point","coordinates":[-71.79189,19.102191]},"properties":{"s":"F"}},{"type":"Feature","geometry":{"type":"Point","coordinates":[-71.766456,19.12237]},"properties":{"s":"F"}},{"type":"Feature","geometry":{"type":"Point","coordinates":[-71.757263,19.136755]},"properties":{"s":"F"}},{"type":"Feature","geometry":{"type":"Point","coordinates":[-71.726887,19.10122]},"properties":{"s":"F"}},{"type":"Feature","geometry":{"type":"Point","coordinates":[-71.728639,19.110132]},"properties":{"s":"F"}},{"type":"Feature","geometry":{"type":"Point","coordinates":[-71.725017,19.125212]},"properties":{"s":"F"}},{"type":"Feature","geometry":{"type":"Point","coordinates":[-71.735844,19.132213]},"properties":{"s":"F"}},{"type":"Feature","geometry":{"type":"Point","coordinates":[-71.749993,19.134249]},"properties":{"s":"F"}},{"type":"Feature","geometry":{"type":"Point","coordinates":[-71.735923,19.13334]},"properties":{"s":"F"}},{"type":"Feature","geometry":{"type":"Point","coordinates":[-71.734294,19.133279]},"properties":{"s":"F"}},{"type":"Feature","geometry":{"type":"Point","coordinates":[-71.73455,19.133641]},"properties":{"s":"F"}},{"type":"Feature","geometry":{"type":"Point","coordinates":[-71.734711,19.134991]},"properties":{"s":"F"}},{"type":"Feature","geometry":{"type":"Point","coordinates":[-71.731069,19.132651]},"properties":{"s":"F"}},{"type":"Feature","geometry":{"type":"Point","coordinates":[-71.726929,19.138043]},"properties":{"s":"F"}},{"type":"Feature","geometry":{"type":"Point","coordinates":[-71.728936,19.141303]},"properties":{"s":"F"}},{"type":"Feature","geometry":{"type":"Point","coordinates":[-71.736482,19.143293]},"properties":{"s":"F"}},{"type":"Feature","geometry":{"type":"Point","coordinates":[-71.679781,19.129975]},"properties":{"s":"F"}},{"type":"Feature","geometry":{"type":"Point","coordinates":[-71.681382,19.141604]},"properties":{"s":"F"}},{"type":"Feature","geometry":{"type":"Point","coordinates":[-71.680641,19.147357]},"properties":{"s":"F"}},{"type":"Feature","geometry":{"type":"Point","coordinates":[-71.665592,19.146836]},"properties":{"s":"F"}},{"type":"Feature","geometry":{"type":"Point","coordinates":[-71.980773,19.174148]},"properties":{"s":"F"}},{"type":"Feature","geometry":{"type":"Point","coordinates":[-71.982145,19.181289]},"properties":{"s":"F"}},{"type":"Feature","geometry":{"type":"Point","coordinates":[-71.982469,19.197704]},"properties":{"s":"F"}},{"type":"Feature","geometry":{"type":"Point","coordinates":[-71.902716,19.156826]},"properties":{"s":"F"}},{"type":"Feature","geometry":{"type":"Point","coordinates":[-71.931762,19.16238]},"properties":{"s":"F"}},{"type":"Feature","geometry":{"type":"Point","coordinates":[-71.922661,19.161564]},"properties":{"s":"F"}},{"type":"Feature","geometry":{"type":"Point","coordinates":[-71.921254,19.16111]},"properties":{"s":"F"}},{"type":"Feature","geometry":{"type":"Point","coordinates":[-71.925776,19.163111]},"properties":{"s":"F"}},{"type":"Feature","geometry":{"type":"Point","coordinates":[-71.89283,19.15911]},"properties":{"s":"F"}},{"type":"Feature","geometry":{"type":"Point","coordinates":[-71.879876,19.16187]},"properties":{"s":"F"}},{"type":"Feature","geometry":{"type":"Point","coordinates":[-71.886219,19.162647]},"properties":{"s":"F"}},{"type":"Feature","geometry":{"type":"Point","coordinates":[-71.872022,19.162719]},"properties":{"s":"F"}},{"type":"Feature","geometry":{"type":"Point","coordinates":[-71.871936,19.164182]},"properties":{"s":"F"}},{"type":"Feature","geometry":{"type":"Point","coordinates":[-71.870266,19.166107]},"properties":{"s":"F"}},{"type":"Feature","geometry":{"type":"Point","coordinates":[-71.870146,19.166231]},"properties":{"s":"F"}},{"type":"Feature","geometry":{"type":"Point","coordinates":[-71.849675,19.154906]},"properties":{"s":"F"}},{"type":"Feature","geometry":{"type":"Point","coordinates":[-71.844036,19.159322]},"properties":{"s":"F"}},{"type":"Feature","geometry":{"type":"Point","coordinates":[-71.827765,19.185219]},"properties":{"s":"F"}},{"type":"Feature","geometry":{"type":"Point","coordinates":[-71.828543,19.185643]},"properties":{"s":"F"}},{"type":"Feature","geometry":{"type":"Point","coordinates":[-71.788499,19.160918]},"properties":{"s":"F"}},{"type":"Feature","geometry":{"type":"Point","coordinates":[-71.789051,19.161959]},"properties":{"s":"F"}},{"type":"Feature","geometry":{"type":"Point","coordinates":[-71.789795,19.163207]},"properties":{"s":"F"}},{"type":"Feature","geometry":{"type":"Point","coordinates":[-71.789434,19.166319]},"properties":{"s":"F"}},{"type":"Feature","geometry":{"type":"Point","coordinates":[-71.790232,19.168589]},"properties":{"s":"F"}},{"type":"Feature","geometry":{"type":"Point","coordinates":[-71.771935,19.17446]},"properties":{"s":"F"}},{"type":"Feature","geometry":{"type":"Point","coordinates":[-71.792253,19.192132]},"properties":{"s":"F"}},{"type":"Feature","geometry":{"type":"Point","coordinates":[-71.773179,19.191597]},"properties":{"s":"F"}},{"type":"Feature","geometry":{"type":"Point","coordinates":[-71.693145,19.153674]},"properties":{"s":"F"}},{"type":"Feature","geometry":{"type":"Point","coordinates":[-71.994971,19.208815]},"properties":{"s":"F"}},{"type":"Feature","geometry":{"type":"Point","coordinates":[-71.980608,19.210861]},"properties":{"s":"F"}},{"type":"Feature","geometry":{"type":"Point","coordinates":[-71.980184,19.212842]},"properties":{"s":"F"}},{"type":"Feature","geometry":{"type":"Point","coordinates":[-71.999834,19.217574]},"properties":{"s":"F"}},{"type":"Feature","geometry":{"type":"Point","coordinates":[-71.99582,19.223554]},"properties":{"s":"F"}},{"type":"Feature","geometry":{"type":"Point","coordinates":[-71.990094,19.223801]},"properties":{"s":"F"}},{"type":"Feature","geometry":{"type":"Point","coordinates":[-71.836505,19.222352]},"properties":{"s":"F"}},{"type":"Feature","geometry":{"type":"Point","coordinates":[-71.763205,19.2191]},"properties":{"s":"F"}},{"type":"Feature","geometry":{"type":"Point","coordinates":[-71.657187,19.201211]},"properties":{"s":"F"}},{"type":"Feature","geometry":{"type":"Point","coordinates":[-71.689994,19.225025]},"properties":{"s":"F"}},{"type":"Feature","geometry":{"type":"Point","coordinates":[-71.683157,19.232502]},"properties":{"s":"F"}},{"type":"Feature","geometry":{"type":"Point","coordinates":[-71.97228,19.258949]},"properties":{"s":"F"}},{"type":"Feature","geometry":{"type":"Point","coordinates":[-71.969285,19.258633]},"properties":{"s":"F"}},{"type":"Feature","geometry":{"type":"Point","coordinates":[-71.979577,19.263948]},"properties":{"s":"F"}},{"type":"Feature","geometry":{"type":"Point","coordinates":[-71.975099,19.26493]},"properties":{"s":"F"}},{"type":"Feature","geometry":{"type":"Point","coordinates":[-71.960669,19.263127]},"properties":{"s":"F"}},{"type":"Feature","geometry":{"type":"Point","coordinates":[-71.991787,19.271634]},"properties":{"s":"F"}},{"type":"Feature","geometry":{"type":"Point","coordinates":[-71.991923,19.272078]},"properties":{"s":"F"}},{"type":"Feature","geometry":{"type":"Point","coordinates":[-71.940242,19.268703]},"properties":{"s":"F"}},{"type":"Feature","geometry":{"type":"Point","coordinates":[-71.938999,19.26934]},"properties":{"s":"F"}},{"type":"Feature","geometry":{"type":"Point","coordinates":[-71.936448,19.269132]},"properties":{"s":"F"}},{"type":"Feature","geometry":{"type":"Point","coordinates":[-71.934806,19.269519]},"properties":{"s":"F"}},{"type":"Feature","geometry":{"type":"Point","coordinates":[-71.939321,19.270389]},"properties":{"s":"F"}},{"type":"Feature","geometry":{"type":"Point","coordinates":[-71.93735,19.270591]},"properties":{"s":"F"}},{"type":"Feature","geometry":{"type":"Point","coordinates":[-71.93593,19.270921]},"properties":{"s":"F"}},{"type":"Feature","geometry":{"type":"Point","coordinates":[-71.944712,19.272887]},"properties":{"s":"F"}},{"type":"Feature","geometry":{"type":"Point","coordinates":[-71.837416,19.251859]},"properties":{"s":"F"}},{"type":"Feature","geometry":{"type":"Point","coordinates":[-71.814047,19.282754]},"properties":{"s":"F"}},{"type":"Feature","geometry":{"type":"Point","coordinates":[-71.814925,19.284103]},"properties":{"s":"F"}},{"type":"Feature","geometry":{"type":"Point","coordinates":[-71.985768,19.311358]},"properties":{"s":"F"}},{"type":"Feature","geometry":{"type":"Point","coordinates":[-71.887309,19.307244]},"properties":{"s":"F"}},{"type":"Feature","geometry":{"type":"Point","coordinates":[-71.888977,19.308569]},"properties":{"s":"F"}},{"type":"Feature","geometry":{"type":"Point","coordinates":[-71.862955,19.326757]},"properties":{"s":"F"}},{"type":"Feature","geometry":{"type":"Point","coordinates":[-71.861095,19.326453]},"properties":{"s":"F"}},{"type":"Feature","geometry":{"type":"Point","coordinates":[-71.862519,19.328113]},"properties":{"s":"F"}},{"type":"Feature","geometry":{"type":"Point","coordinates":[-71.86216,19.328525]},"properties":{"s":"F"}},{"type":"Feature","geometry":{"type":"Point","coordinates":[-71.799194,19.341562]},"properties":{"s":"F"}},{"type":"Feature","geometry":{"type":"Point","coordinates":[-71.980393,19.369636]},"properties":{"s":"F"}},{"type":"Feature","geometry":{"type":"Point","coordinates":[-71.976291,19.369564]},"properties":{"s":"F"}},{"type":"Feature","geometry":{"type":"Point","coordinates":[-71.91556,19.352329]},"properties":{"s":"F"}},{"type":"Feature","geometry":{"type":"Point","coordinates":[-71.906172,19.361178]},"properties":{"s":"F"}},{"type":"Feature","geometry":{"type":"Point","coordinates":[-71.888882,19.351937]},"properties":{"s":"F"}},{"type":"Feature","geometry":{"type":"Point","coordinates":[-71.84564,19.37397]},"properties":{"s":"F"}},{"type":"Feature","geometry":{"type":"Point","coordinates":[-71.826908,19.374641]},"properties":{"s":"F"}},{"type":"Feature","geometry":{"type":"Point","coordinates":[-71.840436,19.376004]},"properties":{"s":"F"}},{"type":"Feature","geometry":{"type":"Point","coordinates":[-71.837956,19.376395]},"properties":{"s":"F"}},{"type":"Feature","geometry":{"type":"Point","coordinates":[-71.77096,19.353637]},"properties":{"s":"F"}},{"type":"Feature","geometry":{"type":"Point","coordinates":[-71.783628,19.364337]},"properties":{"s":"F"}},{"type":"Feature","geometry":{"type":"Point","coordinates":[-71.771165,19.367746]},"properties":{"s":"F"}},{"type":"Feature","geometry":{"type":"Point","coordinates":[-71.777374,19.374059]},"properties":{"s":"F"}},{"type":"Feature","geometry":{"type":"Point","coordinates":[-71.75134,19.391957]},"properties":{"s":"F"}},{"type":"Feature","geometry":{"type":"Point","coordinates":[-71.7718,19.399147]},"properties":{"s":"F"}},{"type":"Feature","geometry":{"type":"Point","coordinates":[-71.918233,19.435052]},"properties":{"s":"F"}},{"type":"Feature","geometry":{"type":"Point","coordinates":[-71.916759,19.434767]},"properties":{"s":"F"}},{"type":"Feature","geometry":{"type":"Point","coordinates":[-71.920863,19.435603]},"properties":{"s":"F"}},{"type":"Feature","geometry":{"type":"Point","coordinates":[-71.85173,19.410597]},"properties":{"s":"F"}},{"type":"Feature","geometry":{"type":"Point","coordinates":[-71.806364,19.401065]},"properties":{"s":"F"}},{"type":"Feature","geometry":{"type":"Point","coordinates":[-71.763174,19.402035]},"properties":{"s":"F"}},{"type":"Feature","geometry":{"type":"Point","coordinates":[-71.70954,19.40455]},"properties":{"s":"F"}},{"type":"Feature","geometry":{"type":"Point","coordinates":[-71.731517,19.408648]},"properties":{"s":"F"}},{"type":"Feature","geometry":{"type":"Point","coordinates":[-71.71648,19.40761]},"properties":{"s":"F"}},{"type":"Feature","geometry":{"type":"Point","coordinates":[-71.71259,19.40944]},"properties":{"s":"F"}},{"type":"Feature","geometry":{"type":"Point","coordinates":[-71.73274,19.413182]},"properties":{"s":"F"}},{"type":"Feature","geometry":{"type":"Point","coordinates":[-71.72849,19.41589]},"properties":{"s":"F"}},{"type":"Feature","geometry":{"type":"Point","coordinates":[-71.716325,19.420447]},"properties":{"s":"F"}},{"type":"Feature","geometry":{"type":"Point","coordinates":[-71.701003,19.429787]},"properties":{"s":"F"}},{"type":"Feature","geometry":{"type":"Point","coordinates":[-71.90413,19.48192]},"properties":{"s":"F"}},{"type":"Feature","geometry":{"type":"Point","coordinates":[-71.90525,19.48633]},"properties":{"s":"F"}},{"type":"Feature","geometry":{"type":"Point","coordinates":[-71.90375,19.49171]},"properties":{"s":"F"}},{"type":"Feature","geometry":{"type":"Point","coordinates":[-71.74794,19.4791]},"properties":{"s":"F"}},{"type":"Feature","geometry":{"type":"Point","coordinates":[-71.932047,19.55698]},"properties":{"s":"F"}},{"type":"Feature","geometry":{"type":"Point","coordinates":[-71.933758,19.56049]},"properties":{"s":"F"}},{"type":"Feature","geometry":{"type":"Point","coordinates":[-73.880417,18.284397]},"properties":{"s":"N"}},{"type":"Feature","geometry":{"type":"Point","coordinates":[-73.873322,18.283512]},"properties":{"s":"N"}},{"type":"Feature","geometry":{"type":"Point","coordinates":[-73.884998,18.288798]},"properties":{"s":"N"}},{"type":"Feature","geometry":{"type":"Point","coordinates":[-73.889355,18.293115]},"properties":{"s":"N"}},{"type":"Feature","geometry":{"type":"Point","coordinates":[-73.877633,18.298935]},"properties":{"s":"N"}},{"type":"Feature","geometry":{"type":"Point","coordinates":[-73.910283,18.306947]},"properties":{"s":"N"}},{"type":"Feature","geometry":{"type":"Point","coordinates":[-73.719292,18.350122]},"properties":{"s":"N"}},{"type":"Feature","geometry":{"type":"Point","coordinates":[-73.74143,18.354928]},"properties":{"s":"N"}},{"type":"Feature","geometry":{"type":"Point","coordinates":[-73.72622,18.352763]},"properties":{"s":"N"}},{"type":"Feature","geometry":{"type":"Point","coordinates":[-73.723618,18.353502]},"properties":{"s":"N"}},{"type":"Feature","geometry":{"type":"Point","coordinates":[-73.719615,18.354145]},"properties":{"s":"N"}},{"type":"Feature","geometry":{"type":"Point","coordinates":[-73.737652,18.355323]},"properties":{"s":"N"}},{"type":"Feature","geometry":{"type":"Point","coordinates":[-73.729427,18.357495]},"properties":{"s":"N"}},{"type":"Feature","geometry":{"type":"Point","coordinates":[-73.72719,18.356548]},"properties":{"s":"N"}},{"type":"Feature","geometry":{"type":"Point","coordinates":[-73.724353,18.355728]},"properties":{"s":"N"}},{"type":"Feature","geometry":{"type":"Point","coordinates":[-73.716303,18.356188]},"properties":{"s":"N"}},{"type":"Feature","geometry":{"type":"Point","coordinates":[-73.701995,18.355867]},"properties":{"s":"N"}},{"type":"Feature","geometry":{"type":"Point","coordinates":[-73.734475,18.358308]},"properties":{"s":"N"}},{"type":"Feature","geometry":{"type":"Point","coordinates":[-73.723133,18.360872]},"properties":{"s":"N"}},{"type":"Feature","geometry":{"type":"Point","coordinates":[-73.718253,18.374105]},"properties":{"s":"N"}},{"type":"Feature","geometry":{"type":"Point","coordinates":[-73.692597,18.356785]},"properties":{"s":"N"}},{"type":"Feature","geometry":{"type":"Point","coordinates":[-73.682675,18.355997]},"properties":{"s":"N"}},{"type":"Feature","geometry":{"type":"Point","coordinates":[-73.67656,18.355557]},"properties":{"s":"N"}},{"type":"Feature","geometry":{"type":"Point","coordinates":[-73.679932,18.366092]},"properties":{"s":"N"}},{"type":"Feature","geometry":{"type":"Point","coordinates":[-73.058907,18.779901]},"properties":{"s":"N"}},{"type":"Feature","geometry":{"type":"Point","coordinates":[-73.057827,18.781689]},"properties":{"s":"N"}},{"type":"Feature","geometry":{"type":"Point","coordinates":[-73.062721,18.78464]},"properties":{"s":"N"}},{"type":"Feature","geometry":{"type":"Point","coordinates":[-73.066646,18.785963]},"properties":{"s":"N"}},{"type":"Feature","geometry":{"type":"Point","coordinates":[-73.06525,18.787074]},"properties":{"s":"N"}},{"type":"Feature","geometry":{"type":"Point","coordinates":[-73.061786,18.785231]},"properties":{"s":"N"}},{"type":"Feature","geometry":{"type":"Point","coordinates":[-73.074542,18.796227]},"properties":{"s":"N"}},{"type":"Feature","geometry":{"type":"Point","coordinates":[-73.090234,18.856297]},"properties":{"s":"N"}},{"type":"Feature","geometry":{"type":"Point","coordinates":[-72.377363,18.721775]},"properties":{"s":"N"}},{"type":"Feature","geometry":{"type":"Point","coordinates":[-72.182347,18.735517]},"properties":{"s":"N"}},{"type":"Feature","geometry":{"type":"Point","coordinates":[-72.186152,18.744208]},"properties":{"s":"N"}},{"type":"Feature","geometry":{"type":"Point","coordinates":[-72.181052,18.74344]},"properties":{"s":"N"}},{"type":"Feature","geometry":{"type":"Point","coordinates":[-72.884388,18.798563]},"properties":{"s":"N"}},{"type":"Feature","geometry":{"type":"Point","coordinates":[-72.807561,18.757579]},"properties":{"s":"N"}},{"type":"Feature","geometry":{"type":"Point","coordinates":[-72.805115,18.759679]},"properties":{"s":"N"}},{"type":"Feature","geometry":{"type":"Point","coordinates":[-72.817502,18.794609]},"properties":{"s":"N"}},{"type":"Feature","geometry":{"type":"Point","coordinates":[-72.399924,18.76544]},"properties":{"s":"N"}},{"type":"Feature","geometry":{"type":"Point","coordinates":[-72.39693,18.768107]},"properties":{"s":"N"}},{"type":"Feature","geometry":{"type":"Point","coordinates":[-72.39462,18.77421]},"properties":{"s":"N"}},{"type":"Feature","geometry":{"type":"Point","coordinates":[-72.236851,18.78552]},"properties":{"s":"N"}},{"type":"Feature","geometry":{"type":"Point","coordinates":[-72.201952,18.788536]},"properties":{"s":"N"}},{"type":"Feature","geometry":{"type":"Point","coordinates":[-72.153042,18.764377]},"properties":{"s":"N"}},{"type":"Feature","geometry":{"type":"Point","coordinates":[-72.150059,18.76293]},"properties":{"s":"N"}},{"type":"Feature","geometry":{"type":"Point","coordinates":[-72.198184,18.765901]},"properties":{"s":"N"}},{"type":"Feature","geometry":{"type":"Point","coordinates":[-72.155928,18.76626]},"properties":{"s":"N"}},{"type":"Feature","geometry":{"type":"Point","coordinates":[-72.156169,18.767983]},"properties":{"s":"N"}},{"type":"Feature","geometry":{"type":"Point","coordinates":[-72.155743,18.769165]},"properties":{"s":"N"}},{"type":"Feature","geometry":{"type":"Point","coordinates":[-72.153942,18.773955]},"properties":{"s":"N"}},{"type":"Feature","geometry":{"type":"Point","coordinates":[-72.15706,18.779805]},"properties":{"s":"N"}},{"type":"Feature","geometry":{"type":"Point","coordinates":[-72.192821,18.783816]},"properties":{"s":"N"}},{"type":"Feature","geometry":{"type":"Point","coordinates":[-72.190083,18.783652]},"properties":{"s":"N"}},{"type":"Feature","geometry":{"type":"Point","coordinates":[-72.19019,18.784409]},"properties":{"s":"N"}},{"type":"Feature","geometry":{"type":"Point","coordinates":[-72.19786,18.785831]},"properties":{"s":"N"}},{"type":"Feature","geometry":{"type":"Point","coordinates":[-72.181925,18.790134]},"properties":{"s":"N"}},{"type":"Feature","geometry":{"type":"Point","coordinates":[-71.95264,18.92954]},"properties":{"s":"F"}},{"type":"Feature","geometry":{"type":"Point","coordinates":[-72.176913,18.792949]},"properties":{"s":"N"}},{"type":"Feature","geometry":{"type":"Point","coordinates":[-72.147767,18.755431]},"properties":{"s":"N"}},{"type":"Feature","geometry":{"type":"Point","coordinates":[-72.140078,18.76342]},"properties":{"s":"N"}},{"type":"Feature","geometry":{"type":"Point","coordinates":[-72.112324,18.773888]},"properties":{"s":"N"}},{"type":"Feature","geometry":{"type":"Point","coordinates":[-72.119342,18.783217]},"properties":{"s":"N"}},{"type":"Feature","geometry":{"type":"Point","coordinates":[-72.115018,18.796749]},"properties":{"s":"N"}},{"type":"Feature","geometry":{"type":"Point","coordinates":[-72.098571,18.774564]},"properties":{"s":"N"}},{"type":"Feature","geometry":{"type":"Point","coordinates":[-72.035392,18.770999]},"properties":{"s":"N"}},{"type":"Feature","geometry":{"type":"Point","coordinates":[-72.033733,18.771774]},"properties":{"s":"N"}},{"type":"Feature","geometry":{"type":"Point","coordinates":[-72.03461,18.776516]},"properties":{"s":"N"}},{"type":"Feature","geometry":{"type":"Point","coordinates":[-72.023876,18.780432]},"properties":{"s":"N"}},{"type":"Feature","geometry":{"type":"Point","coordinates":[-72.034312,18.785103]},"properties":{"s":"N"}},{"type":"Feature","geometry":{"type":"Point","coordinates":[-72.037536,18.789353]},"properties":{"s":"N"}},{"type":"Feature","geometry":{"type":"Point","coordinates":[-72.946472,18.847417]},"properties":{"s":"N"}},{"type":"Feature","geometry":{"type":"Point","coordinates":[-72.886602,18.801118]},"properties":{"s":"N"}},{"type":"Feature","geometry":{"type":"Point","coordinates":[-72.863753,18.828264]},"properties":{"s":"N"}},{"type":"Feature","geometry":{"type":"Point","coordinates":[-72.866652,18.831791]},"properties":{"s":"N"}},{"type":"Feature","geometry":{"type":"Point","coordinates":[-72.321567,18.822897]},"properties":{"s":"N"}},{"type":"Feature","geometry":{"type":"Point","coordinates":[-72.208694,18.818993]},"properties":{"s":"N"}},{"type":"Feature","geometry":{"type":"Point","coordinates":[-72.178878,18.805019]},"properties":{"s":"N"}},{"type":"Feature","geometry":{"type":"Point","coordinates":[-72.159501,18.806426]},"properties":{"s":"N"}},{"type":"Feature","geometry":{"type":"Point","coordinates":[-72.17981,18.830882]},"properties":{"s":"N"}},{"type":"Feature","geometry":{"type":"Point","coordinates":[-72.176773,18.832459]},"properties":{"s":"N"}},{"type":"Feature","geometry":{"type":"Point","coordinates":[-72.166909,18.84841]},"properties":{"s":"N"}},{"type":"Feature","geometry":{"type":"Point","coordinates":[-72.113276,18.83592]},"properties":{"s":"N"}},{"type":"Feature","geometry":{"type":"Point","coordinates":[-72.100799,18.835951]},"properties":{"s":"N"}},{"type":"Feature","geometry":{"type":"Point","coordinates":[-72.10125,18.837274]},"properties":{"s":"N"}},{"type":"Feature","geometry":{"type":"Point","coordinates":[-72.950727,18.863192]},"properties":{"s":"N"}},{"type":"Feature","geometry":{"type":"Point","coordinates":[-72.966076,18.868551]},"properties":{"s":"N"}},{"type":"Feature","geometry":{"type":"Point","coordinates":[-72.98624,18.871091]},"properties":{"s":"N"}},{"type":"Feature","geometry":{"type":"Point","coordinates":[-72.994434,18.87433]},"properties":{"s":"N"}},{"type":"Feature","geometry":{"type":"Point","coordinates":[-72.998732,18.87856]},"properties":{"s":"N"}},{"type":"Feature","geometry":{"type":"Point","coordinates":[-72.949022,18.858788]},"properties":{"s":"N"}},{"type":"Feature","geometry":{"type":"Point","coordinates":[-72.948104,18.86249]},"properties":{"s":"N"}},{"type":"Feature","geometry":{"type":"Point","coordinates":[-72.946444,18.861382]},"properties":{"s":"N"}},{"type":"Feature","geometry":{"type":"Point","coordinates":[-72.948457,18.863724]},"properties":{"s":"N"}},{"type":"Feature","geometry":{"type":"Point","coordinates":[-72.2328,18.859014]},"properties":{"s":"N"}},{"type":"Feature","geometry":{"type":"Point","coordinates":[-72.231025,18.859741]},"properties":{"s":"N"}},{"type":"Feature","geometry":{"type":"Point","coordinates":[-72.202885,18.868795]},"properties":{"s":"N"}},{"type":"Feature","geometry":{"type":"Point","coordinates":[-72.200181,18.872389]},"properties":{"s":"N"}},{"type":"Feature","geometry":{"type":"Point","coordinates":[-72.23814,18.879912]},"properties":{"s":"N"}},{"type":"Feature","geometry":{"type":"Point","coordinates":[-72.219296,18.881647]},"properties":{"s":"N"}},{"type":"Feature","geometry":{"type":"Point","coordinates":[-72.206055,18.882175]},"properties":{"s":"N"}},{"type":"Feature","geometry":{"type":"Point","coordinates":[-72.213826,18.884932]},"properties":{"s":"N"}},{"type":"Feature","geometry":{"type":"Point","coordinates":[-72.188173,18.866392]},"properties":{"s":"N"}},{"type":"Feature","geometry":{"type":"Point","coordinates":[-72.197019,18.867638]},"properties":{"s":"N"}},{"type":"Feature","geometry":{"type":"Point","coordinates":[-72.155446,18.883425]},"properties":{"s":"N"}},{"type":"Feature","geometry":{"type":"Point","coordinates":[-72.152554,18.884499]},"properties":{"s":"N"}},{"type":"Feature","geometry":{"type":"Point","coordinates":[-72.158071,18.885573]},"properties":{"s":"N"}},{"type":"Feature","geometry":{"type":"Point","coordinates":[-72.121343,18.87158]},"properties":{"s":"N"}},{"type":"Feature","geometry":{"type":"Point","coordinates":[-72.074936,18.896179]},"properties":{"s":"N"}},{"type":"Feature","geometry":{"type":"Point","coordinates":[-72.243167,18.901721]},"properties":{"s":"N"}},{"type":"Feature","geometry":{"type":"Point","coordinates":[-71.952024,18.929711]},"properties":{"s":"F"}},{"type":"Feature","geometry":{"type":"Point","coordinates":[-72.238582,18.900885]},"properties":{"s":"N"}},{"type":"Feature","geometry":{"type":"Point","coordinates":[-71.967042,18.938684]},"properties":{"s":"F"}},{"type":"Feature","geometry":{"type":"Point","coordinates":[-72.152934,18.931597]},"properties":{"s":"N"}},{"type":"Feature","geometry":{"type":"Point","coordinates":[-72.15997,18.933735]},"properties":{"s":"N"}},{"type":"Feature","geometry":{"type":"Point","coordinates":[-72.100782,18.925238]},"properties":{"s":"N"}},{"type":"Feature","geometry":{"type":"Point","coordinates":[-72.121769,18.933002]},"properties":{"s":"N"}},{"type":"Feature","geometry":{"type":"Point","coordinates":[-72.119931,18.93499]},"properties":{"s":"N"}},{"type":"Feature","geometry":{"type":"Point","coordinates":[-72.121744,18.937045]},"properties":{"s":"N"}},{"type":"Feature","geometry":{"type":"Point","coordinates":[-72.106089,18.936681]},"properties":{"s":"N"}},{"type":"Feature","geometry":{"type":"Point","coordinates":[-72.117921,18.939352]},"properties":{"s":"N"}},{"type":"Feature","geometry":{"type":"Point","coordinates":[-72.110978,18.938878]},"properties":{"s":"N"}},{"type":"Feature","geometry":{"type":"Point","coordinates":[-72.075353,18.90999]},"properties":{"s":"N"}},{"type":"Feature","geometry":{"type":"Point","coordinates":[-72.091482,18.910265]},"properties":{"s":"N"}},{"type":"Feature","geometry":{"type":"Point","coordinates":[-72.088761,18.913245]},"properties":{"s":"N"}},{"type":"Feature","geometry":{"type":"Point","coordinates":[-71.961482,18.942242]},"properties":{"s":"F"}},{"type":"Feature","geometry":{"type":"Point","coordinates":[-72.09969,18.927507]},"properties":{"s":"N"}},{"type":"Feature","geometry":{"type":"Point","coordinates":[-72.088782,18.932328]},"properties":{"s":"N"}},{"type":"Feature","geometry":{"type":"Point","coordinates":[-72.098715,18.936511]},"properties":{"s":"N"}},{"type":"Feature","geometry":{"type":"Point","coordinates":[-72.088194,18.935134]},"properties":{"s":"N"}},{"type":"Feature","geometry":{"type":"Point","coordinates":[-72.046311,18.902246]},"properties":{"s":"N"}},{"type":"Feature","geometry":{"type":"Point","coordinates":[-71.931592,18.902855]},"properties":{"s":"F"}},{"type":"Feature","geometry":{"type":"Point","coordinates":[-72.00542,18.92094]},"properties":{"s":"N"}},{"type":"Feature","geometry":{"type":"Point","coordinates":[-72.096956,18.993052]},"properties":{"s":"N"}},{"type":"Feature","geometry":{"type":"Point","coordinates":[-72.000372,18.991552]},"properties":{"s":"N"}},{"type":"Feature","geometry":{"type":"Point","coordinates":[-72.000022,18.99392]},"properties":{"s":"N"}},{"type":"Feature","geometry":{"type":"Point","coordinates":[-71.806719,18.739404]},"properties":{"s":"N"}},{"type":"Feature","geometry":{"type":"Point","coordinates":[-71.804777,18.738517]},"properties":{"s":"N"}},{"type":"Feature","geometry":{"type":"Point","coordinates":[-71.817503,18.743213]},"properties":{"s":"N"}},{"type":"Feature","geometry":{"type":"Point","coordinates":[-71.797693,18.736229]},"properties":{"s":"N"}},{"type":"Feature","geometry":{"type":"Point","coordinates":[-71.953328,18.762441]},"properties":{"s":"N"}},{"type":"Feature","geometry":{"type":"Point","coordinates":[-71.987884,18.771207]},"properties":{"s":"N"}},{"type":"Feature","geometry":{"type":"Point","coordinates":[-71.99707,18.781598]},"properties":{"s":"N"}},{"type":"Feature","geometry":{"type":"Point","coordinates":[-71.973808,18.785434]},"properties":{"s":"N"}},{"type":"Feature","geometry":{"type":"Point","coordinates":[-71.968623,18.792397]},"properties":{"s":"N"}},{"type":"Feature","geometry":{"type":"Point","coordinates":[-71.914855,18.754944]},"properties":{"s":"N"}},{"type":"Feature","geometry":{"type":"Point","coordinates":[-71.908358,18.752732]},"properties":{"s":"N"}},{"type":"Feature","geometry":{"type":"Point","coordinates":[-71.925825,18.908766]},"properties":{"s":"F"}},{"type":"Feature","geometry":{"type":"Point","coordinates":[-71.918902,18.756929]},"properties":{"s":"N"}},{"type":"Feature","geometry":{"type":"Point","coordinates":[-71.773174,18.788694]},"properties":{"s":"N"}},{"type":"Feature","geometry":{"type":"Point","coordinates":[-71.782935,18.793381]},"properties":{"s":"N"}},{"type":"Feature","geometry":{"type":"Point","coordinates":[-71.751769,18.794658]},"properties":{"s":"N"}},{"type":"Feature","geometry":{"type":"Point","coordinates":[-71.782168,18.797413]},"properties":{"s":"N"}},{"type":"Feature","geometry":{"type":"Point","coordinates":[-71.778954,18.796234]},"properties":{"s":"N"}},{"type":"Feature","geometry":{"type":"Point","coordinates":[-71.95603,18.804345]},"properties":{"s":"N"}},{"type":"Feature","geometry":{"type":"Point","coordinates":[-71.927791,18.815308]},"properties":{"s":"N"}},{"type":"Feature","geometry":{"type":"Point","coordinates":[-71.931657,18.818083]},"properties":{"s":"N"}},{"type":"Feature","geometry":{"type":"Point","coordinates":[-71.919976,18.823945]},"properties":{"s":"N"}},{"type":"Feature","geometry":{"type":"Point","coordinates":[-71.910517,18.829199]},"properties":{"s":"N"}},{"type":"Feature","geometry":{"type":"Point","coordinates":[-71.901087,18.828365]},"properties":{"s":"N"}},{"type":"Feature","geometry":{"type":"Point","coordinates":[-71.94492,18.831145]},"properties":{"s":"N"}},{"type":"Feature","geometry":{"type":"Point","coordinates":[-71.93762,18.831647]},"properties":{"s":"N"}},{"type":"Feature","geometry":{"type":"Point","coordinates":[-71.938396,18.83388]},"properties":{"s":"N"}},{"type":"Feature","geometry":{"type":"Point","coordinates":[-71.901115,18.842599]},"properties":{"s":"N"}},{"type":"Feature","geometry":{"type":"Point","coordinates":[-71.901352,18.844481]},"properties":{"s":"N"}},{"type":"Feature","geometry":{"type":"Point","coordinates":[-71.905414,18.845977]},"properties":{"s":"N"}},{"type":"Feature","geometry":{"type":"Point","coordinates":[-71.903163,18.845808]},"properties":{"s":"N"}},{"type":"Feature","geometry":{"type":"Point","coordinates":[-71.929892,18.848355]},"properties":{"s":"N"}},{"type":"Feature","geometry":{"type":"Point","coordinates":[-71.924669,18.849644]},"properties":{"s":"N"}},{"type":"Feature","geometry":{"type":"Point","coordinates":[-71.856941,18.806286]},"properties":{"s":"N"}},{"type":"Feature","geometry":{"type":"Point","coordinates":[-71.885888,18.829734]},"properties":{"s":"N"}},{"type":"Feature","geometry":{"type":"Point","coordinates":[-71.875281,18.828418]},"properties":{"s":"N"}},{"type":"Feature","geometry":{"type":"Point","coordinates":[-71.8813,18.830403]},"properties":{"s":"N"}},{"type":"Feature","geometry":{"type":"Point","coordinates":[-71.878039,18.832185]},"properties":{"s":"N"}},{"type":"Feature","geometry":{"type":"Point","coordinates":[-71.87186,18.832366]},"properties":{"s":"N"}},{"type":"Feature","geometry":{"type":"Point","coordinates":[-71.899871,18.844955]},"properties":{"s":"N"}},{"type":"Feature","geometry":{"type":"Point","coordinates":[-71.846771,18.832298]},"properties":{"s":"N"}},{"type":"Feature","geometry":{"type":"Point","coordinates":[-71.844371,18.832167]},"properties":{"s":"N"}},{"type":"Feature","geometry":{"type":"Point","coordinates":[-71.81119,18.849571]},"properties":{"s":"N"}},{"type":"Feature","geometry":{"type":"Point","coordinates":[-71.765103,18.83869]},"properties":{"s":"N"}},{"type":"Feature","geometry":{"type":"Point","coordinates":[-71.746958,18.802661]},"properties":{"s":"N"}},{"type":"Feature","geometry":{"type":"Point","coordinates":[-71.747134,18.807767]},"properties":{"s":"N"}},{"type":"Feature","geometry":{"type":"Point","coordinates":[-71.917002,18.909037]},"properties":{"s":"F"}},{"type":"Feature","geometry":{"type":"Point","coordinates":[-71.961403,18.857386]},"properties":{"s":"N"}},{"type":"Feature","geometry":{"type":"Point","coordinates":[-71.961321,18.859886]},"properties":{"s":"N"}},{"type":"Feature","geometry":{"type":"Point","coordinates":[-71.96331,18.870195]},"properties":{"s":"N"}},{"type":"Feature","geometry":{"type":"Point","coordinates":[-71.970731,18.8752]},"properties":{"s":"N"}},{"type":"Feature","geometry":{"type":"Point","coordinates":[-71.972986,18.877682]},"properties":{"s":"N"}},{"type":"Feature","geometry":{"type":"Point","coordinates":[-71.929766,18.851956]},"properties":{"s":"N"}},{"type":"Feature","geometry":{"type":"Point","coordinates":[-71.907623,18.851731]},"properties":{"s":"N"}},{"type":"Feature","geometry":{"type":"Point","coordinates":[-71.904589,18.851677]},"properties":{"s":"N"}},{"type":"Feature","geometry":{"type":"Point","coordinates":[-71.811624,18.853216]},"properties":{"s":"N"}},{"type":"Feature","geometry":{"type":"Point","coordinates":[-71.849182,18.855574]},"properties":{"s":"N"}},{"type":"Feature","geometry":{"type":"Point","coordinates":[-71.818076,18.875887]},"properties":{"s":"N"}},{"type":"Feature","geometry":{"type":"Point","coordinates":[-71.821384,18.881622]},"properties":{"s":"N"}},{"type":"Feature","geometry":{"type":"Point","coordinates":[-71.829882,18.886856]},"properties":{"s":"N"}},{"type":"Feature","geometry":{"type":"Point","coordinates":[-71.837403,18.892949]},"properties":{"s":"N"}},{"type":"Feature","geometry":{"type":"Point","coordinates":[-71.763564,18.850909]},"properties":{"s":"N"}},{"type":"Feature","geometry":{"type":"Point","coordinates":[-71.762106,18.853834]},"properties":{"s":"N"}},{"type":"Feature","geometry":{"type":"Point","coordinates":[-71.761508,18.856148]},"properties":{"s":"N"}},{"type":"Feature","geometry":{"type":"Point","coordinates":[-71.781789,18.860701]},"properties":{"s":"N"}},{"type":"Feature","geometry":{"type":"Point","coordinates":[-71.772356,18.861828]},"properties":{"s":"N"}},{"type":"Feature","geometry":{"type":"Point","coordinates":[-71.770931,18.861923]},"properties":{"s":"N"}},{"type":"Feature","geometry":{"type":"Point","coordinates":[-71.774475,18.865508]},"properties":{"s":"N"}},{"type":"Feature","geometry":{"type":"Point","coordinates":[-71.753238,18.867383]},"properties":{"s":"N"}},{"type":"Feature","geometry":{"type":"Point","coordinates":[-71.924481,18.910282]},"properties":{"s":"F"}},{"type":"Feature","geometry":{"type":"Point","coordinates":[-71.773285,18.869526]},"properties":{"s":"N"}},{"type":"Feature","geometry":{"type":"Point","coordinates":[-71.755077,18.870342]},"properties":{"s":"N"}},{"type":"Feature","geometry":{"type":"Point","coordinates":[-71.730317,18.866916]},"properties":{"s":"N"}},{"type":"Feature","geometry":{"type":"Point","coordinates":[-71.749636,18.868771]},"properties":{"s":"N"}},{"type":"Feature","geometry":{"type":"Point","coordinates":[-71.732467,18.86983]},"properties":{"s":"N"}},{"type":"Feature","geometry":{"type":"Point","coordinates":[-71.747959,18.870789]},"properties":{"s":"N"}},{"type":"Feature","geometry":{"type":"Point","coordinates":[-71.734963,18.875632]},"properties":{"s":"N"}},{"type":"Feature","geometry":{"type":"Point","coordinates":[-71.927367,18.940625]},"properties":{"s":"N"}},{"type":"Feature","geometry":{"type":"Point","coordinates":[-71.918114,18.957543]},"properties":{"s":"N"}},{"type":"Feature","geometry":{"type":"Point","coordinates":[-71.921243,18.961141]},"properties":{"s":"N"}},{"type":"Feature","geometry":{"type":"Point","coordinates":[-71.923433,18.971478]},"properties":{"s":"N"}},{"type":"Feature","geometry":{"type":"Point","coordinates":[-71.924107,18.975077]},"properties":{"s":"N"}},{"type":"Feature","geometry":{"type":"Point","coordinates":[-71.924557,18.976739]},"properties":{"s":"N"}},{"type":"Feature","geometry":{"type":"Point","coordinates":[-71.929091,18.991219]},"properties":{"s":"N"}},{"type":"Feature","geometry":{"type":"Point","coordinates":[-72.169026,19.008978]},"properties":{"s":"N"}},{"type":"Feature","geometry":{"type":"Point","coordinates":[-72.077406,19.024854]},"properties":{"s":"N"}},{"type":"Feature","geometry":{"type":"Point","coordinates":[-72.078629,19.026874]},"properties":{"s":"N"}},{"type":"Feature","geometry":{"type":"Point","coordinates":[-71.910927,18.924574]},"properties":{"s":"F"}},{"type":"Feature","geometry":{"type":"Point","coordinates":[-72.001006,19.0439]},"properties":{"s":"N"}},{"type":"Feature","geometry":{"type":"Point","coordinates":[-72.002268,19.070654]},"properties":{"s":"N"}},{"type":"Feature","geometry":{"type":"Point","coordinates":[-72.009411,19.084929]},"properties":{"s":"N"}},{"type":"Feature","geometry":{"type":"Point","coordinates":[-72.004123,19.083973]},"properties":{"s":"N"}},{"type":"Feature","geometry":{"type":"Point","coordinates":[-72.131448,19.126737]},"properties":{"s":"N"}},{"type":"Feature","geometry":{"type":"Point","coordinates":[-72.14685,19.138152]},"properties":{"s":"N"}},{"type":"Feature","geometry":{"type":"Point","coordinates":[-72.149596,19.142256]},"properties":{"s":"N"}},{"type":"Feature","geometry":{"type":"Point","coordinates":[-72.136881,19.141467]},"properties":{"s":"N"}},{"type":"Feature","geometry":{"type":"Point","coordinates":[-72.103224,19.147692]},"properties":{"s":"N"}},{"type":"Feature","geometry":{"type":"Point","coordinates":[-72.060813,19.12591]},"properties":{"s":"N"}},{"type":"Feature","geometry":{"type":"Point","coordinates":[-72.055271,19.127553]},"properties":{"s":"N"}},{"type":"Feature","geometry":{"type":"Point","coordinates":[-72.054604,19.132561]},"properties":{"s":"N"}},{"type":"Feature","geometry":{"type":"Point","coordinates":[-72.051385,19.133328]},"properties":{"s":"N"}},{"type":"Feature","geometry":{"type":"Point","coordinates":[-72.099635,19.147011]},"properties":{"s":"N"}},{"type":"Feature","geometry":{"type":"Point","coordinates":[-72.033438,19.101337]},"properties":{"s":"N"}},{"type":"Feature","geometry":{"type":"Point","coordinates":[-72.04242,19.129164]},"properties":{"s":"N"}},{"type":"Feature","geometry":{"type":"Point","coordinates":[-72.046532,19.132357]},"properties":{"s":"N"}},{"type":"Feature","geometry":{"type":"Point","coordinates":[-72.047616,19.133181]},"properties":{"s":"N"}},{"type":"Feature","geometry":{"type":"Point","coordinates":[-72.04471,19.133227]},"properties":{"s":"N"}},{"type":"Feature","geometry":{"type":"Point","coordinates":[-72.042405,19.133209]},"properties":{"s":"N"}},{"type":"Feature","geometry":{"type":"Point","coordinates":[-72.039239,19.135473]},"properties":{"s":"N"}},{"type":"Feature","geometry":{"type":"Point","coordinates":[-72.039197,19.135656]},"properties":{"s":"N"}},{"type":"Feature","geometry":{"type":"Point","coordinates":[-72.029544,19.1355]},"properties":{"s":"N"}},{"type":"Feature","geometry":{"type":"Point","coordinates":[-72.022958,19.139428]},"properties":{"s":"N"}},{"type":"Feature","geometry":{"type":"Point","coordinates":[-72.003171,19.139272]},"properties":{"s":"N"}},{"type":"Feature","geometry":{"type":"Point","coordinates":[-72.028673,19.140589]},"properties":{"s":"N"}},{"type":"Feature","geometry":{"type":"Point","coordinates":[-72.009631,19.140439]},"properties":{"s":"N"}},{"type":"Feature","geometry":{"type":"Point","coordinates":[-72.026489,19.143269]},"properties":{"s":"N"}},{"type":"Feature","geometry":{"type":"Point","coordinates":[-72.021225,19.143764]},"properties":{"s":"N"}},{"type":"Feature","geometry":{"type":"Point","coordinates":[-72.018179,19.144211]},"properties":{"s":"N"}},{"type":"Feature","geometry":{"type":"Point","coordinates":[-72.003191,19.143699]},"properties":{"s":"N"}},{"type":"Feature","geometry":{"type":"Point","coordinates":[-72.565895,19.18557]},"properties":{"s":"N"}},{"type":"Feature","geometry":{"type":"Point","coordinates":[-72.156857,19.186213]},"properties":{"s":"N"}},{"type":"Feature","geometry":{"type":"Point","coordinates":[-72.166713,19.192008]},"properties":{"s":"N"}},{"type":"Feature","geometry":{"type":"Point","coordinates":[-72.120087,19.151138]},"properties":{"s":"N"}},{"type":"Feature","geometry":{"type":"Point","coordinates":[-72.110521,19.151648]},"properties":{"s":"N"}},{"type":"Feature","geometry":{"type":"Point","coordinates":[-72.128204,19.153113]},"properties":{"s":"N"}},{"type":"Feature","geometry":{"type":"Point","coordinates":[-72.144122,19.155159]},"properties":{"s":"N"}},{"type":"Feature","geometry":{"type":"Point","coordinates":[-72.137791,19.172713]},"properties":{"s":"N"}},{"type":"Feature","geometry":{"type":"Point","coordinates":[-72.137937,19.17638]},"properties":{"s":"N"}},{"type":"Feature","geometry":{"type":"Point","coordinates":[-72.003765,19.248265]},"properties":{"s":"N"}},{"type":"Feature","geometry":{"type":"Point","coordinates":[-72.525798,19.258141]},"properties":{"s":"N"}},{"type":"Feature","geometry":{"type":"Point","coordinates":[-71.909333,18.930925]},"properties":{"s":"F"}},{"type":"Feature","geometry":{"type":"Point","coordinates":[-72.513341,19.259484]},"properties":{"s":"N"}},{"type":"Feature","geometry":{"type":"Point","coordinates":[-72.519269,19.262368]},"properties":{"s":"N"}},{"type":"Feature","geometry":{"type":"Point","coordinates":[-72.516173,19.264657]},"properties":{"s":"N"}},{"type":"Feature","geometry":{"type":"Point","coordinates":[-72.087611,19.268827]},"properties":{"s":"N"}},{"type":"Feature","geometry":{"type":"Point","coordinates":[-72.058549,19.270652]},"properties":{"s":"N"}},{"type":"Feature","geometry":{"type":"Point","coordinates":[-72.062357,19.281632]},"properties":{"s":"N"}},{"type":"Feature","geometry":{"type":"Point","coordinates":[-72.053172,19.289709]},"properties":{"s":"N"}},{"type":"Feature","geometry":{"type":"Point","coordinates":[-72.082785,19.293135]},"properties":{"s":"N"}},{"type":"Feature","geometry":{"type":"Point","coordinates":[-72.074592,19.292646]},"properties":{"s":"N"}},{"type":"Feature","geometry":{"type":"Point","coordinates":[-72.068881,19.293614]},"properties":{"s":"N"}},{"type":"Feature","geometry":{"type":"Point","coordinates":[-72.056544,19.292832]},"properties":{"s":"N"}},{"type":"Feature","geometry":{"type":"Point","coordinates":[-72.063075,19.296054]},"properties":{"s":"N"}},{"type":"Feature","geometry":{"type":"Point","coordinates":[-72.026649,19.25273]},"properties":{"s":"N"}},{"type":"Feature","geometry":{"type":"Point","coordinates":[-72.009647,19.254649]},"properties":{"s":"N"}},{"type":"Feature","geometry":{"type":"Point","coordinates":[-72.021301,19.260584]},"properties":{"s":"N"}},{"type":"Feature","geometry":{"type":"Point","coordinates":[-72.032271,19.265942]},"properties":{"s":"N"}},{"type":"Feature","geometry":{"type":"Point","coordinates":[-72.040746,19.267503]},"properties":{"s":"N"}},{"type":"Feature","geometry":{"type":"Point","coordinates":[-72.045546,19.273984]},"properties":{"s":"N"}},{"type":"Feature","geometry":{"type":"Point","coordinates":[-72.119332,19.339656]},"properties":{"s":"N"}},{"type":"Feature","geometry":{"type":"Point","coordinates":[-72.114211,19.338096]},"properties":{"s":"N"}},{"type":"Feature","geometry":{"type":"Point","coordinates":[-72.110981,19.339793]},"properties":{"s":"N"}},{"type":"Feature","geometry":{"type":"Point","coordinates":[-72.20313,19.44787]},"properties":{"s":"N"}},{"type":"Feature","geometry":{"type":"Point","coordinates":[-72.19518,19.43708]},"properties":{"s":"N"}},{"type":"Feature","geometry":{"type":"Point","coordinates":[-72.118055,19.416388]},"properties":{"s":"N"}},{"type":"Feature","geometry":{"type":"Point","coordinates":[-72.123968,19.421351]},"properties":{"s":"N"}},{"type":"Feature","geometry":{"type":"Point","coordinates":[-72.124232,19.423534]},"properties":{"s":"N"}},{"type":"Feature","geometry":{"type":"Point","coordinates":[-72.116979,19.424645]},"properties":{"s":"N"}},{"type":"Feature","geometry":{"type":"Point","coordinates":[-72.12525,19.426954]},"properties":{"s":"N"}},{"type":"Feature","geometry":{"type":"Point","coordinates":[-72.120177,19.425301]},"properties":{"s":"N"}},{"type":"Feature","geometry":{"type":"Point","coordinates":[-72.124623,19.42959]},"properties":{"s":"N"}},{"type":"Feature","geometry":{"type":"Point","coordinates":[-72.119393,19.428141]},"properties":{"s":"N"}},{"type":"Feature","geometry":{"type":"Point","coordinates":[-72.124237,19.431078]},"properties":{"s":"N"}},{"type":"Feature","geometry":{"type":"Point","coordinates":[-72.126328,19.440612]},"properties":{"s":"N"}},{"type":"Feature","geometry":{"type":"Point","coordinates":[-72.130202,19.446431]},"properties":{"s":"N"}},{"type":"Feature","geometry":{"type":"Point","coordinates":[-72.133277,19.450779]},"properties":{"s":"N"}},{"type":"Feature","geometry":{"type":"Point","coordinates":[-72.137863,19.453125]},"properties":{"s":"N"}},{"type":"Feature","geometry":{"type":"Point","coordinates":[-72.135767,19.453564]},"properties":{"s":"N"}},{"type":"Feature","geometry":{"type":"Point","coordinates":[-72.129962,19.456571]},"properties":{"s":"N"}},{"type":"Feature","geometry":{"type":"Point","coordinates":[-72.123455,19.459297]},"properties":{"s":"N"}},{"type":"Feature","geometry":{"type":"Point","coordinates":[-72.121163,19.461515]},"properties":{"s":"N"}},{"type":"Feature","geometry":{"type":"Point","coordinates":[-72.039398,19.45032]},"properties":{"s":"N"}},{"type":"Feature","geometry":{"type":"Point","coordinates":[-72.013978,19.4544]},"properties":{"s":"N"}},{"type":"Feature","geometry":{"type":"Point","coordinates":[-72.039592,19.467806]},"properties":{"s":"N"}},{"type":"Feature","geometry":{"type":"Point","coordinates":[-72.047182,19.472799]},"properties":{"s":"N"}},{"type":"Feature","geometry":{"type":"Point","coordinates":[-72.04772,19.47514]},"properties":{"s":"N"}},{"type":"Feature","geometry":{"type":"Point","coordinates":[-72.458967,19.517341]},"properties":{"s":"N"}},{"type":"Feature","geometry":{"type":"Point","coordinates":[-72.460201,19.52922]},"properties":{"s":"N"}},{"type":"Feature","geometry":{"type":"Point","coordinates":[-72.458292,19.527605]},"properties":{"s":"N"}},{"type":"Feature","geometry":{"type":"Point","coordinates":[-72.464485,19.530514]},"properties":{"s":"N"}},{"type":"Feature","geometry":{"type":"Point","coordinates":[-72.451235,19.532381]},"properties":{"s":"N"}},{"type":"Feature","geometry":{"type":"Point","coordinates":[-72.467159,19.533903]},"properties":{"s":"N"}},{"type":"Feature","geometry":{"type":"Point","coordinates":[-71.931978,18.937235]},"properties":{"s":"F"}},{"type":"Feature","geometry":{"type":"Point","coordinates":[-71.927896,18.93565]},"properties":{"s":"F"}},{"type":"Feature","geometry":{"type":"Point","coordinates":[-72.462488,19.534661]},"properties":{"s":"N"}},{"type":"Feature","geometry":{"type":"Point","coordinates":[-72.473214,19.53913]},"properties":{"s":"N"}},{"type":"Feature","geometry":{"type":"Point","coordinates":[-72.474041,19.539492]},"properties":{"s":"N"}},{"type":"Feature","geometry":{"type":"Point","coordinates":[-72.475922,19.540559]},"properties":{"s":"N"}},{"type":"Feature","geometry":{"type":"Point","coordinates":[-72.480545,19.549596]},"properties":{"s":"N"}},{"type":"Feature","geometry":{"type":"Point","coordinates":[-72.458208,19.548153]},"properties":{"s":"N"}},{"type":"Feature","geometry":{"type":"Point","coordinates":[-72.446151,19.522967]},"properties":{"s":"N"}},{"type":"Feature","geometry":{"type":"Point","coordinates":[-72.253243,19.511997]},"properties":{"s":"N"}},{"type":"Feature","geometry":{"type":"Point","coordinates":[-72.25316,19.515868]},"properties":{"s":"N"}},{"type":"Feature","geometry":{"type":"Point","coordinates":[-72.244535,19.525128]},"properties":{"s":"N"}},{"type":"Feature","geometry":{"type":"Point","coordinates":[-72.236975,19.540185]},"properties":{"s":"N"}},{"type":"Feature","geometry":{"type":"Point","coordinates":[-72.135556,19.506345]},"properties":{"s":"N"}},{"type":"Feature","geometry":{"type":"Point","coordinates":[-72.135511,19.50814]},"properties":{"s":"N"}},{"type":"Feature","geometry":{"type":"Point","coordinates":[-71.920867,18.936169]},"properties":{"s":"F"}},{"type":"Feature","geometry":{"type":"Point","coordinates":[-72.139736,19.514171]},"properties":{"s":"N"}},{"type":"Feature","geometry":{"type":"Point","coordinates":[-72.522779,19.591808]},"properties":{"s":"N"}},{"type":"Feature","geometry":{"type":"Point","coordinates":[-72.528664,19.594885]},"properties":{"s":"N"}},{"type":"Feature","geometry":{"type":"Point","coordinates":[-72.524055,19.593848]},"properties":{"s":"N"}},{"type":"Feature","geometry":{"type":"Point","coordinates":[-72.529301,19.596922]},"properties":{"s":"N"}},{"type":"Feature","geometry":{"type":"Point","coordinates":[-72.461776,19.552894]},"properties":{"s":"N"}},{"type":"Feature","geometry":{"type":"Point","coordinates":[-72.46214,19.554631]},"properties":{"s":"N"}},{"type":"Feature","geometry":{"type":"Point","coordinates":[-72.481693,19.558507]},"properties":{"s":"N"}},{"type":"Feature","geometry":{"type":"Point","coordinates":[-72.475735,19.561948]},"properties":{"s":"N"}},{"type":"Feature","geometry":{"type":"Point","coordinates":[-72.467025,19.560725]},"properties":{"s":"N"}},{"type":"Feature","geometry":{"type":"Point","coordinates":[-72.462311,19.560102]},"properties":{"s":"N"}},{"type":"Feature","geometry":{"type":"Point","coordinates":[-72.476087,19.565137]},"properties":{"s":"N"}},{"type":"Feature","geometry":{"type":"Point","coordinates":[-72.469003,19.567233]},"properties":{"s":"N"}},{"type":"Feature","geometry":{"type":"Point","coordinates":[-72.460722,19.566681]},"properties":{"s":"N"}},{"type":"Feature","geometry":{"type":"Point","coordinates":[-72.489438,19.569707]},"properties":{"s":"N"}},{"type":"Feature","geometry":{"type":"Point","coordinates":[-72.474058,19.568187]},"properties":{"s":"N"}},{"type":"Feature","geometry":{"type":"Point","coordinates":[-72.47278,19.56996]},"properties":{"s":"N"}},{"type":"Feature","geometry":{"type":"Point","coordinates":[-72.469574,19.569253]},"properties":{"s":"N"}},{"type":"Feature","geometry":{"type":"Point","coordinates":[-72.466032,19.569651]},"properties":{"s":"N"}},{"type":"Feature","geometry":{"type":"Point","coordinates":[-72.472705,19.572685]},"properties":{"s":"N"}},{"type":"Feature","geometry":{"type":"Point","coordinates":[-72.456873,19.573706]},"properties":{"s":"N"}},{"type":"Feature","geometry":{"type":"Point","coordinates":[-72.450789,19.573152]},"properties":{"s":"N"}},{"type":"Feature","geometry":{"type":"Point","coordinates":[-72.473252,19.575022]},"properties":{"s":"N"}},{"type":"Feature","geometry":{"type":"Point","coordinates":[-72.468203,19.575917]},"properties":{"s":"N"}},{"type":"Feature","geometry":{"type":"Point","coordinates":[-72.464926,19.575305]},"properties":{"s":"N"}},{"type":"Feature","geometry":{"type":"Point","coordinates":[-72.45404,19.5764]},"properties":{"s":"N"}},{"type":"Feature","geometry":{"type":"Point","coordinates":[-72.472445,19.578755]},"properties":{"s":"N"}},{"type":"Feature","geometry":{"type":"Point","coordinates":[-72.4555,19.580458]},"properties":{"s":"N"}},{"type":"Feature","geometry":{"type":"Point","coordinates":[-72.470873,19.59597]},"properties":{"s":"N"}},{"type":"Feature","geometry":{"type":"Point","coordinates":[-72.471382,19.596353]},"properties":{"s":"N"}},{"type":"Feature","geometry":{"type":"Point","coordinates":[-72.470798,19.597021]},"properties":{"s":"N"}},{"type":"Feature","geometry":{"type":"Point","coordinates":[-72.437994,19.562929]},"properties":{"s":"N"}},{"type":"Feature","geometry":{"type":"Point","coordinates":[-72.440895,19.566454]},"properties":{"s":"N"}},{"type":"Feature","geometry":{"type":"Point","coordinates":[-72.44748,19.572398]},"properties":{"s":"N"}},{"type":"Feature","geometry":{"type":"Point","coordinates":[-72.448263,19.573223]},"properties":{"s":"N"}},{"type":"Feature","geometry":{"type":"Point","coordinates":[-72.222969,19.599396]},"properties":{"s":"N"}},{"type":"Feature","geometry":{"type":"Point","coordinates":[-72.163304,19.5541]},"properties":{"s":"N"}},{"type":"Feature","geometry":{"type":"Point","coordinates":[-72.163092,19.555987]},"properties":{"s":"N"}},{"type":"Feature","geometry":{"type":"Point","coordinates":[-72.158237,19.556648]},"properties":{"s":"N"}},{"type":"Feature","geometry":{"type":"Point","coordinates":[-72.171505,19.574241]},"properties":{"s":"N"}},{"type":"Feature","geometry":{"type":"Point","coordinates":[-72.169277,19.577037]},"properties":{"s":"N"}},{"type":"Feature","geometry":{"type":"Point","coordinates":[-72.166352,19.577753]},"properties":{"s":"N"}},{"type":"Feature","geometry":{"type":"Point","coordinates":[-72.171443,19.581754]},"properties":{"s":"N"}},{"type":"Feature","geometry":{"type":"Point","coordinates":[-72.172949,19.584178]},"properties":{"s":"N"}},{"type":"Feature","geometry":{"type":"Point","coordinates":[-72.177663,19.591033]},"properties":{"s":"N"}},{"type":"Feature","geometry":{"type":"Point","coordinates":[-72.179798,19.59214]},"properties":{"s":"N"}},{"type":"Feature","geometry":{"type":"Point","coordinates":[-72.058835,19.574251]},"properties":{"s":"N"}},{"type":"Feature","geometry":{"type":"Point","coordinates":[-71.906885,18.935387]},"properties":{"s":"F"}},{"type":"Feature","geometry":{"type":"Point","coordinates":[-72.540336,19.603973]},"properties":{"s":"N"}},{"type":"Feature","geometry":{"type":"Point","coordinates":[-72.533589,19.604918]},"properties":{"s":"N"}},{"type":"Feature","geometry":{"type":"Point","coordinates":[-72.537347,19.60727]},"properties":{"s":"N"}},{"type":"Feature","geometry":{"type":"Point","coordinates":[-72.537054,19.607476]},"properties":{"s":"N"}},{"type":"Feature","geometry":{"type":"Point","coordinates":[-72.537921,19.607546]},"properties":{"s":"N"}},{"type":"Feature","geometry":{"type":"Point","coordinates":[-72.5356,19.612787]},"properties":{"s":"N"}},{"type":"Feature","geometry":{"type":"Point","coordinates":[-72.532552,19.61304]},"properties":{"s":"N"}},{"type":"Feature","geometry":{"type":"Point","coordinates":[-71.900423,18.93877]},"properties":{"s":"F"}},{"type":"Feature","geometry":{"type":"Point","coordinates":[-72.503242,19.61946]},"properties":{"s":"N"}},{"type":"Feature","geometry":{"type":"Point","coordinates":[-72.50145,19.62197]},"properties":{"s":"N"}},{"type":"Feature","geometry":{"type":"Point","coordinates":[-72.505692,19.629597]},"properties":{"s":"N"}},{"type":"Feature","geometry":{"type":"Point","coordinates":[-72.50455,19.629853]},"properties":{"s":"N"}},{"type":"Feature","geometry":{"type":"Point","coordinates":[-72.501737,19.629873]},"properties":{"s":"N"}},{"type":"Feature","geometry":{"type":"Point","coordinates":[-72.538963,19.638022]},"properties":{"s":"N"}},{"type":"Feature","geometry":{"type":"Point","coordinates":[-72.508307,19.637882]},"properties":{"s":"N"}},{"type":"Feature","geometry":{"type":"Point","coordinates":[-72.508307,19.638997]},"properties":{"s":"N"}},{"type":"Feature","geometry":{"type":"Point","coordinates":[-72.518922,19.642237]},"properties":{"s":"N"}},{"type":"Feature","geometry":{"type":"Point","coordinates":[-72.509838,19.640627]},"properties":{"s":"N"}},{"type":"Feature","geometry":{"type":"Point","coordinates":[-72.546684,19.643724]},"properties":{"s":"N"}},{"type":"Feature","geometry":{"type":"Point","coordinates":[-72.514275,19.643738]},"properties":{"s":"N"}},{"type":"Feature","geometry":{"type":"Point","coordinates":[-72.512352,19.644375]},"properties":{"s":"N"}},{"type":"Feature","geometry":{"type":"Point","coordinates":[-72.51497,19.645758]},"properties":{"s":"N"}},{"type":"Feature","geometry":{"type":"Point","coordinates":[-72.480962,19.602118]},"properties":{"s":"N"}},{"type":"Feature","geometry":{"type":"Point","coordinates":[-72.472774,19.600089]},"properties":{"s":"N"}},{"type":"Feature","geometry":{"type":"Point","coordinates":[-72.453064,19.602769]},"properties":{"s":"N"}},{"type":"Feature","geometry":{"type":"Point","coordinates":[-72.452777,19.606494]},"properties":{"s":"N"}},{"type":"Feature","geometry":{"type":"Point","coordinates":[-72.492897,19.612181]},"properties":{"s":"N"}},{"type":"Feature","geometry":{"type":"Point","coordinates":[-72.451539,19.611656]},"properties":{"s":"N"}},{"type":"Feature","geometry":{"type":"Point","coordinates":[-72.493279,19.613294]},"properties":{"s":"N"}},{"type":"Feature","geometry":{"type":"Point","coordinates":[-72.486741,19.6174]},"properties":{"s":"N"}},{"type":"Feature","geometry":{"type":"Point","coordinates":[-72.493333,19.619819]},"properties":{"s":"N"}},{"type":"Feature","geometry":{"type":"Point","coordinates":[-72.484689,19.618227]},"properties":{"s":"N"}},{"type":"Feature","geometry":{"type":"Point","coordinates":[-72.493226,19.6207]},"properties":{"s":"N"}},{"type":"Feature","geometry":{"type":"Point","coordinates":[-72.489873,19.620059]},"properties":{"s":"N"}},{"type":"Feature","geometry":{"type":"Point","coordinates":[-72.47968,19.620744]},"properties":{"s":"N"}},{"type":"Feature","geometry":{"type":"Point","coordinates":[-72.479635,19.620992]},"properties":{"s":"N"}},{"type":"Feature","geometry":{"type":"Point","coordinates":[-72.486482,19.624681]},"properties":{"s":"N"}},{"type":"Feature","geometry":{"type":"Point","coordinates":[-72.478958,19.622678]},"properties":{"s":"N"}},{"type":"Feature","geometry":{"type":"Point","coordinates":[-72.477072,19.624315]},"properties":{"s":"N"}},{"type":"Feature","geometry":{"type":"Point","coordinates":[-72.498955,19.626618]},"properties":{"s":"N"}},{"type":"Feature","geometry":{"type":"Point","coordinates":[-72.485364,19.62839]},"properties":{"s":"N"}},{"type":"Feature","geometry":{"type":"Point","coordinates":[-72.483851,19.627676]},"properties":{"s":"N"}},{"type":"Feature","geometry":{"type":"Point","coordinates":[-72.48482,19.628429]},"properties":{"s":"N"}},{"type":"Feature","geometry":{"type":"Point","coordinates":[-72.479664,19.629627]},"properties":{"s":"N"}},{"type":"Feature","geometry":{"type":"Point","coordinates":[-72.473496,19.627854]},"properties":{"s":"N"}},{"type":"Feature","geometry":{"type":"Point","coordinates":[-72.473297,19.628391]},"properties":{"s":"N"}},{"type":"Feature","geometry":{"type":"Point","coordinates":[-71.905827,18.940154]},"properties":{"s":"F"}},{"type":"Feature","geometry":{"type":"Point","coordinates":[-72.482695,19.644521]},"properties":{"s":"N"}},{"type":"Feature","geometry":{"type":"Point","coordinates":[-72.478016,19.643141]},"properties":{"s":"N"}},{"type":"Feature","geometry":{"type":"Point","coordinates":[-72.483396,19.646499]},"properties":{"s":"N"}},{"type":"Feature","geometry":{"type":"Point","coordinates":[-72.476715,19.6473]},"properties":{"s":"N"}},{"type":"Feature","geometry":{"type":"Point","coordinates":[-72.484627,19.649043]},"properties":{"s":"N"}},{"type":"Feature","geometry":{"type":"Point","coordinates":[-72.476329,19.648295]},"properties":{"s":"N"}},{"type":"Feature","geometry":{"type":"Point","coordinates":[-72.477265,19.649792]},"properties":{"s":"N"}},{"type":"Feature","geometry":{"type":"Point","coordinates":[-72.449229,19.615157]},"properties":{"s":"N"}},{"type":"Feature","geometry":{"type":"Point","coordinates":[-72.425967,19.628282]},"properties":{"s":"N"}},{"type":"Feature","geometry":{"type":"Point","coordinates":[-72.425612,19.634451]},"properties":{"s":"N"}},{"type":"Feature","geometry":{"type":"Point","coordinates":[-72.423837,19.637341]},"properties":{"s":"N"}},{"type":"Feature","geometry":{"type":"Point","coordinates":[-72.34762,19.618712]},"properties":{"s":"N"}},{"type":"Feature","geometry":{"type":"Point","coordinates":[-72.318702,19.633593]},"properties":{"s":"N"}},{"type":"Feature","geometry":{"type":"Point","coordinates":[-72.311338,19.634127]},"properties":{"s":"N"}},{"type":"Feature","geometry":{"type":"Point","coordinates":[-72.309227,19.636272]},"properties":{"s":"N"}},{"type":"Feature","geometry":{"type":"Point","coordinates":[-72.307422,19.642347]},"properties":{"s":"N"}},{"type":"Feature","geometry":{"type":"Point","coordinates":[-72.217309,19.607211]},"properties":{"s":"N"}},{"type":"Feature","geometry":{"type":"Point","coordinates":[-72.214696,19.606521]},"properties":{"s":"N"}},{"type":"Feature","geometry":{"type":"Point","coordinates":[-72.21324,19.609899]},"properties":{"s":"N"}},{"type":"Feature","geometry":{"type":"Point","coordinates":[-72.20531,19.612379]},"properties":{"s":"N"}},{"type":"Feature","geometry":{"type":"Point","coordinates":[-72.232101,19.617026]},"properties":{"s":"N"}},{"type":"Feature","geometry":{"type":"Point","coordinates":[-72.200686,19.61587]},"properties":{"s":"N"}},{"type":"Feature","geometry":{"type":"Point","coordinates":[-72.230748,19.621726]},"properties":{"s":"N"}},{"type":"Feature","geometry":{"type":"Point","coordinates":[-72.231003,19.622794]},"properties":{"s":"N"}},{"type":"Feature","geometry":{"type":"Point","coordinates":[-72.165136,19.607553]},"properties":{"s":"N"}},{"type":"Feature","geometry":{"type":"Point","coordinates":[-72.172796,19.611573]},"properties":{"s":"N"}},{"type":"Feature","geometry":{"type":"Point","coordinates":[-72.186598,19.618582]},"properties":{"s":"N"}},{"type":"Feature","geometry":{"type":"Point","coordinates":[-72.187152,19.619233]},"properties":{"s":"N"}},{"type":"Feature","geometry":{"type":"Point","coordinates":[-72.1853,19.622317]},"properties":{"s":"N"}},{"type":"Feature","geometry":{"type":"Point","coordinates":[-72.101497,19.611146]},"properties":{"s":"N"}},{"type":"Feature","geometry":{"type":"Point","coordinates":[-72.093582,19.600204]},"properties":{"s":"N"}},{"type":"Feature","geometry":{"type":"Point","coordinates":[-72.092259,19.615978]},"properties":{"s":"N"}},{"type":"Feature","geometry":{"type":"Point","coordinates":[-72.025,19.6121]},"properties":{"s":"N"}},{"type":"Feature","geometry":{"type":"Point","coordinates":[-72.02854,19.61656]},"properties":{"s":"N"}},{"type":"Feature","geometry":{"type":"Point","coordinates":[-72.01818,19.619105]},"properties":{"s":"N"}},{"type":"Feature","geometry":{"type":"Point","coordinates":[-72.564863,19.658648]},"properties":{"s":"N"}},{"type":"Feature","geometry":{"type":"Point","coordinates":[-72.556209,19.66806]},"properties":{"s":"N"}},{"type":"Feature","geometry":{"type":"Point","coordinates":[-71.910816,18.943299]},"properties":{"s":"F"}},{"type":"Feature","geometry":{"type":"Point","coordinates":[-72.55437,19.667757]},"properties":{"s":"N"}},{"type":"Feature","geometry":{"type":"Point","coordinates":[-72.552577,19.668355]},"properties":{"s":"N"}},{"type":"Feature","geometry":{"type":"Point","coordinates":[-72.550762,19.667716]},"properties":{"s":"N"}},{"type":"Feature","geometry":{"type":"Point","coordinates":[-72.552221,19.668503]},"properties":{"s":"N"}},{"type":"Feature","geometry":{"type":"Point","coordinates":[-72.551725,19.669263]},"properties":{"s":"N"}},{"type":"Feature","geometry":{"type":"Point","coordinates":[-72.559401,19.670457]},"properties":{"s":"N"}},{"type":"Feature","geometry":{"type":"Point","coordinates":[-72.574077,19.673237]},"properties":{"s":"N"}},{"type":"Feature","geometry":{"type":"Point","coordinates":[-72.583258,19.677243]},"properties":{"s":"N"}},{"type":"Feature","geometry":{"type":"Point","coordinates":[-72.583563,19.677297]},"properties":{"s":"N"}},{"type":"Feature","geometry":{"type":"Point","coordinates":[-72.584052,19.678478]},"properties":{"s":"N"}},{"type":"Feature","geometry":{"type":"Point","coordinates":[-72.58245,19.678785]},"properties":{"s":"N"}},{"type":"Feature","geometry":{"type":"Point","coordinates":[-72.570315,19.679822]},"properties":{"s":"N"}},{"type":"Feature","geometry":{"type":"Point","coordinates":[-72.5729,19.681707]},"properties":{"s":"N"}},{"type":"Feature","geometry":{"type":"Point","coordinates":[-72.587443,19.68675]},"properties":{"s":"N"}},{"type":"Feature","geometry":{"type":"Point","coordinates":[-72.585137,19.687482]},"properties":{"s":"N"}},{"type":"Feature","geometry":{"type":"Point","coordinates":[-72.59977,19.692344]},"properties":{"s":"N"}},{"type":"Feature","geometry":{"type":"Point","coordinates":[-72.596368,19.69072]},"properties":{"s":"N"}},{"type":"Feature","geometry":{"type":"Point","coordinates":[-72.584293,19.691672]},"properties":{"s":"N"}},{"type":"Feature","geometry":{"type":"Point","coordinates":[-72.580027,19.690068]},"properties":{"s":"N"}},{"type":"Feature","geometry":{"type":"Point","coordinates":[-72.559528,19.696118]},"properties":{"s":"N"}},{"type":"Feature","geometry":{"type":"Point","coordinates":[-72.560295,19.698192]},"properties":{"s":"N"}},{"type":"Feature","geometry":{"type":"Point","coordinates":[-72.542822,19.664786]},"properties":{"s":"N"}},{"type":"Feature","geometry":{"type":"Point","coordinates":[-72.526942,19.662698]},"properties":{"s":"N"}},{"type":"Feature","geometry":{"type":"Point","coordinates":[-72.472949,19.660554]},"properties":{"s":"N"}},{"type":"Feature","geometry":{"type":"Point","coordinates":[-72.493261,19.674813]},"properties":{"s":"N"}},{"type":"Feature","geometry":{"type":"Point","coordinates":[-72.436318,19.653991]},"properties":{"s":"N"}},{"type":"Feature","geometry":{"type":"Point","coordinates":[-72.42041,19.666308]},"properties":{"s":"N"}},{"type":"Feature","geometry":{"type":"Point","coordinates":[-72.431939,19.679342]},"properties":{"s":"N"}},{"type":"Feature","geometry":{"type":"Point","coordinates":[-72.422101,19.678443]},"properties":{"s":"N"}},{"type":"Feature","geometry":{"type":"Point","coordinates":[-72.411429,19.690174]},"properties":{"s":"N"}},{"type":"Feature","geometry":{"type":"Point","coordinates":[-72.432189,19.694086]},"properties":{"s":"N"}},{"type":"Feature","geometry":{"type":"Point","coordinates":[-72.409785,19.699382]},"properties":{"s":"N"}},{"type":"Feature","geometry":{"type":"Point","coordinates":[-72.353463,19.697475]},"properties":{"s":"N"}},{"type":"Feature","geometry":{"type":"Point","coordinates":[-72.352447,19.695765]},"properties":{"s":"N"}},{"type":"Feature","geometry":{"type":"Point","coordinates":[-72.357276,19.699564]},"properties":{"s":"N"}},{"type":"Feature","geometry":{"type":"Point","coordinates":[-72.354354,19.697967]},"properties":{"s":"N"}},{"type":"Feature","geometry":{"type":"Point","coordinates":[-72.307882,19.652222]},"properties":{"s":"N"}},{"type":"Feature","geometry":{"type":"Point","coordinates":[-72.318317,19.666128]},"properties":{"s":"N"}},{"type":"Feature","geometry":{"type":"Point","coordinates":[-72.320082,19.671233]},"properties":{"s":"N"}},{"type":"Feature","geometry":{"type":"Point","coordinates":[-72.320782,19.679223]},"properties":{"s":"N"}},{"type":"Feature","geometry":{"type":"Point","coordinates":[-72.320635,19.685912]},"properties":{"s":"N"}},{"type":"Feature","geometry":{"type":"Point","coordinates":[-72.158779,19.693992]},"properties":{"s":"N"}},{"type":"Feature","geometry":{"type":"Point","coordinates":[-72.158645,19.696185]},"properties":{"s":"N"}},{"type":"Feature","geometry":{"type":"Point","coordinates":[-72.157232,19.69743]},"properties":{"s":"N"}},{"type":"Feature","geometry":{"type":"Point","coordinates":[-72.127656,19.662629]},"properties":{"s":"N"}},{"type":"Feature","geometry":{"type":"Point","coordinates":[-72.126262,19.66694]},"properties":{"s":"N"}},{"type":"Feature","geometry":{"type":"Point","coordinates":[-72.124092,19.66589]},"properties":{"s":"N"}},{"type":"Feature","geometry":{"type":"Point","coordinates":[-72.122213,19.666057]},"properties":{"s":"N"}},{"type":"Feature","geometry":{"type":"Point","coordinates":[-72.129179,19.66801]},"properties":{"s":"N"}},{"type":"Feature","geometry":{"type":"Point","coordinates":[-72.12286,19.669724]},"properties":{"s":"N"}},{"type":"Feature","geometry":{"type":"Point","coordinates":[-72.120939,19.668819]},"properties":{"s":"N"}},{"type":"Feature","geometry":{"type":"Point","coordinates":[-72.128327,19.670239]},"properties":{"s":"N"}},{"type":"Feature","geometry":{"type":"Point","coordinates":[-72.118889,19.672177]},"properties":{"s":"N"}},{"type":"Feature","geometry":{"type":"Point","coordinates":[-72.130279,19.676058]},"properties":{"s":"N"}},{"type":"Feature","geometry":{"type":"Point","coordinates":[-72.128814,19.677351]},"properties":{"s":"N"}},{"type":"Feature","geometry":{"type":"Point","coordinates":[-72.126399,19.679419]},"properties":{"s":"N"}},{"type":"Feature","geometry":{"type":"Point","coordinates":[-72.019687,19.674236]},"properties":{"s":"N"}},{"type":"Feature","geometry":{"type":"Point","coordinates":[-72.018374,19.690742]},"properties":{"s":"N"}},{"type":"Feature","geometry":{"type":"Point","coordinates":[-72.016042,19.692478]},"properties":{"s":"N"}},{"type":"Feature","geometry":{"type":"Point","coordinates":[-72.562812,19.705358]},"properties":{"s":"N"}},{"type":"Feature","geometry":{"type":"Point","coordinates":[-72.566444,19.714816]},"properties":{"s":"N"}},{"type":"Feature","geometry":{"type":"Point","coordinates":[-72.578489,19.71594]},"properties":{"s":"N"}},{"type":"Feature","geometry":{"type":"Point","coordinates":[-72.583012,19.726506]},"properties":{"s":"N"}},{"type":"Feature","geometry":{"type":"Point","coordinates":[-72.580163,19.728149]},"properties":{"s":"N"}},{"type":"Feature","geometry":{"type":"Point","coordinates":[-72.576887,19.729695]},"properties":{"s":"N"}},{"type":"Feature","geometry":{"type":"Point","coordinates":[-72.575523,19.729691]},"properties":{"s":"N"}},{"type":"Feature","geometry":{"type":"Point","coordinates":[-72.5933,19.741345]},"properties":{"s":"N"}},{"type":"Feature","geometry":{"type":"Point","coordinates":[-72.584961,19.743827]},"properties":{"s":"N"}},{"type":"Feature","geometry":{"type":"Point","coordinates":[-72.530471,19.702613]},"properties":{"s":"N"}},{"type":"Feature","geometry":{"type":"Point","coordinates":[-72.54663,19.709434]},"properties":{"s":"N"}},{"type":"Feature","geometry":{"type":"Point","coordinates":[-72.549149,19.716642]},"properties":{"s":"N"}},{"type":"Feature","geometry":{"type":"Point","coordinates":[-72.522468,19.715201]},"properties":{"s":"N"}},{"type":"Feature","geometry":{"type":"Point","coordinates":[-72.544175,19.718398]},"properties":{"s":"N"}},{"type":"Feature","geometry":{"type":"Point","coordinates":[-72.543081,19.720642]},"properties":{"s":"N"}},{"type":"Feature","geometry":{"type":"Point","coordinates":[-72.540993,19.726298]},"properties":{"s":"N"}},{"type":"Feature","geometry":{"type":"Point","coordinates":[-72.539119,19.725894]},"properties":{"s":"N"}},{"type":"Feature","geometry":{"type":"Point","coordinates":[-72.456812,19.707333]},"properties":{"s":"N"}},{"type":"Feature","geometry":{"type":"Point","coordinates":[-72.415602,19.70502]},"properties":{"s":"N"}},{"type":"Feature","geometry":{"type":"Point","coordinates":[-72.401213,19.707297]},"properties":{"s":"N"}},{"type":"Feature","geometry":{"type":"Point","coordinates":[-72.388621,19.721987]},"properties":{"s":"N"}},{"type":"Feature","geometry":{"type":"Point","coordinates":[-72.388912,19.7305]},"properties":{"s":"N"}},{"type":"Feature","geometry":{"type":"Point","coordinates":[-72.391627,19.736293]},"properties":{"s":"N"}},{"type":"Feature","geometry":{"type":"Point","coordinates":[-72.392386,19.748218]},"properties":{"s":"N"}},{"type":"Feature","geometry":{"type":"Point","coordinates":[-72.346286,19.709585]},"properties":{"s":"N"}},{"type":"Feature","geometry":{"type":"Point","coordinates":[-72.252172,19.724869]},"properties":{"s":"N"}},{"type":"Feature","geometry":{"type":"Point","coordinates":[-72.25244,19.725823]},"properties":{"s":"N"}},{"type":"Feature","geometry":{"type":"Point","coordinates":[-72.292008,19.745754]},"properties":{"s":"N"}},{"type":"Feature","geometry":{"type":"Point","coordinates":[-72.290923,19.74878]},"properties":{"s":"N"}},{"type":"Feature","geometry":{"type":"Point","coordinates":[-72.182087,19.728458]},"properties":{"s":"N"}},{"type":"Feature","geometry":{"type":"Point","coordinates":[-72.186213,19.730938]},"properties":{"s":"N"}},{"type":"Feature","geometry":{"type":"Point","coordinates":[-72.198065,19.740762]},"properties":{"s":"N"}},{"type":"Feature","geometry":{"type":"Point","coordinates":[-72.188832,19.740068]},"properties":{"s":"N"}},{"type":"Feature","geometry":{"type":"Point","coordinates":[-72.186523,19.740068]},"properties":{"s":"N"}},{"type":"Feature","geometry":{"type":"Point","coordinates":[-72.185351,19.740978]},"properties":{"s":"N"}},{"type":"Feature","geometry":{"type":"Point","coordinates":[-72.127601,19.722981]},"properties":{"s":"N"}},{"type":"Feature","geometry":{"type":"Point","coordinates":[-72.112831,19.728248]},"properties":{"s":"N"}},{"type":"Feature","geometry":{"type":"Point","coordinates":[-72.430492,19.753188]},"properties":{"s":"N"}},{"type":"Feature","geometry":{"type":"Point","coordinates":[-72.438641,19.76265]},"properties":{"s":"N"}},{"type":"Feature","geometry":{"type":"Point","coordinates":[-72.449188,19.76676]},"properties":{"s":"N"}},{"type":"Feature","geometry":{"type":"Point","coordinates":[-72.390721,19.751192]},"properties":{"s":"N"}},{"type":"Feature","geometry":{"type":"Point","coordinates":[-72.389454,19.752948]},"properties":{"s":"N"}},{"type":"Feature","geometry":{"type":"Point","coordinates":[-72.387254,19.756856]},"properties":{"s":"N"}},{"type":"Feature","geometry":{"type":"Point","coordinates":[-72.387034,19.759191]},"properties":{"s":"N"}},{"type":"Feature","geometry":{"type":"Point","coordinates":[-72.384964,19.764243]},"properties":{"s":"N"}},{"type":"Feature","geometry":{"type":"Point","coordinates":[-72.38443,19.765474]},"properties":{"s":"N"}},{"type":"Feature","geometry":{"type":"Point","coordinates":[-72.38442,19.767196]},"properties":{"s":"N"}},{"type":"Feature","geometry":{"type":"Point","coordinates":[-72.382438,19.766709]},"properties":{"s":"N"}},{"type":"Feature","geometry":{"type":"Point","coordinates":[-72.385175,19.76815]},"properties":{"s":"N"}},{"type":"Feature","geometry":{"type":"Point","coordinates":[-72.384609,19.769656]},"properties":{"s":"N"}},{"type":"Feature","geometry":{"type":"Point","coordinates":[-72.354239,19.770733]},"properties":{"s":"N"}},{"type":"Feature","geometry":{"type":"Point","coordinates":[-72.382765,19.774867]},"properties":{"s":"N"}},{"type":"Feature","geometry":{"type":"Point","coordinates":[-72.351405,19.775439]},"properties":{"s":"N"}},{"type":"Feature","geometry":{"type":"Point","coordinates":[-72.380693,19.780682]},"properties":{"s":"N"}},{"type":"Feature","geometry":{"type":"Point","coordinates":[-72.377361,19.790482]},"properties":{"s":"N"}},{"type":"Feature","geometry":{"type":"Point","coordinates":[-72.376376,19.794415]},"properties":{"s":"N"}},{"type":"Feature","geometry":{"type":"Point","coordinates":[-72.290966,19.75031]},"properties":{"s":"N"}},{"type":"Feature","geometry":{"type":"Point","coordinates":[-72.20654,19.761958]},"properties":{"s":"N"}},{"type":"Feature","geometry":{"type":"Point","coordinates":[-71.90044,18.944714]},"properties":{"s":"F"}},{"type":"Feature","geometry":{"type":"Point","coordinates":[-72.207192,19.763286]},"properties":{"s":"N"}},{"type":"Feature","geometry":{"type":"Point","coordinates":[-72.206869,19.763938]},"properties":{"s":"N"}},{"type":"Feature","geometry":{"type":"Point","coordinates":[-72.205192,19.764858]},"properties":{"s":"N"}},{"type":"Feature","geometry":{"type":"Point","coordinates":[-72.205978,19.764949]},"properties":{"s":"N"}},{"type":"Feature","geometry":{"type":"Point","coordinates":[-72.204622,19.76469]},"properties":{"s":"N"}},{"type":"Feature","geometry":{"type":"Point","coordinates":[-72.202135,19.764737]},"properties":{"s":"N"}},{"type":"Feature","geometry":{"type":"Point","coordinates":[-72.205327,19.767497]},"properties":{"s":"N"}},{"type":"Feature","geometry":{"type":"Point","coordinates":[-72.207256,19.768701]},"properties":{"s":"N"}},{"type":"Feature","geometry":{"type":"Point","coordinates":[-72.570642,19.81103]},"properties":{"s":"N"}},{"type":"Feature","geometry":{"type":"Point","coordinates":[-72.571085,19.814347]},"properties":{"s":"N"}},{"type":"Feature","geometry":{"type":"Point","coordinates":[-72.570726,19.819811]},"properties":{"s":"N"}},{"type":"Feature","geometry":{"type":"Point","coordinates":[-72.54907,19.80958]},"properties":{"s":"N"}},{"type":"Feature","geometry":{"type":"Point","coordinates":[-72.515735,19.839075]},"properties":{"s":"N"}},{"type":"Feature","geometry":{"type":"Point","coordinates":[-72.382856,19.808936]},"properties":{"s":"N"}},{"type":"Feature","geometry":{"type":"Point","coordinates":[-72.537218,19.853127]},"properties":{"s":"N"}},{"type":"Feature","geometry":{"type":"Point","coordinates":[-71.834065,19.01324]},"properties":{"s":"N"}},{"type":"Feature","geometry":{"type":"Point","coordinates":[-71.980646,19.061312]},"properties":{"s":"N"}},{"type":"Feature","geometry":{"type":"Point","coordinates":[-71.840744,19.064016]},"properties":{"s":"N"}},{"type":"Feature","geometry":{"type":"Point","coordinates":[-71.842548,19.074407]},"properties":{"s":"N"}},{"type":"Feature","geometry":{"type":"Point","coordinates":[-71.843049,19.077899]},"properties":{"s":"N"}},{"type":"Feature","geometry":{"type":"Point","coordinates":[-71.842371,19.078105]},"properties":{"s":"N"}},{"type":"Feature","geometry":{"type":"Point","coordinates":[-71.843593,19.080389]},"properties":{"s":"N"}},{"type":"Feature","geometry":{"type":"Point","coordinates":[-71.841858,19.081662]},"properties":{"s":"N"}},{"type":"Feature","geometry":{"type":"Point","coordinates":[-71.840361,19.082569]},"properties":{"s":"N"}},{"type":"Feature","geometry":{"type":"Point","coordinates":[-71.841919,19.085493]},"properties":{"s":"N"}},{"type":"Feature","geometry":{"type":"Point","coordinates":[-71.836493,19.093114]},"properties":{"s":"N"}},{"type":"Feature","geometry":{"type":"Point","coordinates":[-71.738066,19.077026]},"properties":{"s":"N"}},{"type":"Feature","geometry":{"type":"Point","coordinates":[-71.728765,19.090593]},"properties":{"s":"N"}},{"type":"Feature","geometry":{"type":"Point","coordinates":[-71.726465,19.094306]},"properties":{"s":"N"}},{"type":"Feature","geometry":{"type":"Point","coordinates":[-71.989916,19.149638]},"properties":{"s":"N"}},{"type":"Feature","geometry":{"type":"Point","coordinates":[-71.939314,19.139018]},"properties":{"s":"N"}},{"type":"Feature","geometry":{"type":"Point","coordinates":[-71.93707,19.138713]},"properties":{"s":"N"}},{"type":"Feature","geometry":{"type":"Point","coordinates":[-71.816511,19.142204]},"properties":{"s":"N"}},{"type":"Feature","geometry":{"type":"Point","coordinates":[-71.722109,19.121117]},"properties":{"s":"N"}},{"type":"Feature","geometry":{"type":"Point","coordinates":[-71.711646,19.124339]},"properties":{"s":"N"}},{"type":"Feature","geometry":{"type":"Point","coordinates":[-71.684522,19.142669]},"properties":{"s":"N"}},{"type":"Feature","geometry":{"type":"Point","coordinates":[-71.657799,19.143842]},"properties":{"s":"N"}},{"type":"Feature","geometry":{"type":"Point","coordinates":[-71.988401,19.153772]},"properties":{"s":"N"}},{"type":"Feature","geometry":{"type":"Point","coordinates":[-71.985195,19.17046]},"properties":{"s":"N"}},{"type":"Feature","geometry":{"type":"Point","coordinates":[-71.973591,19.186683]},"properties":{"s":"N"}},{"type":"Feature","geometry":{"type":"Point","coordinates":[-71.97332,19.188545]},"properties":{"s":"N"}},{"type":"Feature","geometry":{"type":"Point","coordinates":[-71.97045,19.190496]},"properties":{"s":"N"}},{"type":"Feature","geometry":{"type":"Point","coordinates":[-71.965464,19.194534]},"properties":{"s":"N"}},{"type":"Feature","geometry":{"type":"Point","coordinates":[-71.962947,19.197466]},"properties":{"s":"N"}},{"type":"Feature","geometry":{"type":"Point","coordinates":[-71.933073,19.164958]},"properties":{"s":"N"}},{"type":"Feature","geometry":{"type":"Point","coordinates":[-71.933161,19.167221]},"properties":{"s":"N"}},{"type":"Feature","geometry":{"type":"Point","coordinates":[-71.919855,19.171307]},"properties":{"s":"N"}},{"type":"Feature","geometry":{"type":"Point","coordinates":[-71.93053,19.172607]},"properties":{"s":"N"}},{"type":"Feature","geometry":{"type":"Point","coordinates":[-71.861356,19.158759]},"properties":{"s":"N"}},{"type":"Feature","geometry":{"type":"Point","coordinates":[-71.871816,19.162361]},"properties":{"s":"N"}},{"type":"Feature","geometry":{"type":"Point","coordinates":[-71.861097,19.163207]},"properties":{"s":"N"}},{"type":"Feature","geometry":{"type":"Point","coordinates":[-71.699958,19.235905]},"properties":{"s":"N"}},{"type":"Feature","geometry":{"type":"Point","coordinates":[-71.975461,19.267394]},"properties":{"s":"N"}},{"type":"Feature","geometry":{"type":"Point","coordinates":[-71.907977,19.256397]},"properties":{"s":"N"}},{"type":"Feature","geometry":{"type":"Point","coordinates":[-71.911716,19.257591]},"properties":{"s":"N"}},{"type":"Feature","geometry":{"type":"Point","coordinates":[-71.918877,19.2601]},"properties":{"s":"N"}},{"type":"Feature","geometry":{"type":"Point","coordinates":[-71.924949,19.274702]},"properties":{"s":"N"}},{"type":"Feature","geometry":{"type":"Point","coordinates":[-71.917778,19.272761]},"properties":{"s":"N"}},{"type":"Feature","geometry":{"type":"Point","coordinates":[-71.84031,19.25483]},"properties":{"s":"N"}},{"type":"Feature","geometry":{"type":"Point","coordinates":[-71.784615,19.342702]},"properties":{"s":"N"}},{"type":"Feature","geometry":{"type":"Point","coordinates":[-71.784888,19.342918]},"properties":{"s":"N"}},{"type":"Feature","geometry":{"type":"Point","coordinates":[-71.776163,19.34855]},"properties":{"s":"N"}},{"type":"Feature","geometry":{"type":"Point","coordinates":[-71.985024,19.368592]},"properties":{"s":"N"}},{"type":"Feature","geometry":{"type":"Point","coordinates":[-71.983749,19.369703]},"properties":{"s":"N"}},{"type":"Feature","geometry":{"type":"Point","coordinates":[-71.911158,19.351042]},"properties":{"s":"N"}},{"type":"Feature","geometry":{"type":"Point","coordinates":[-71.90679,19.367031]},"properties":{"s":"N"}},{"type":"Feature","geometry":{"type":"Point","coordinates":[-71.884666,19.352025]},"properties":{"s":"N"}},{"type":"Feature","geometry":{"type":"Point","coordinates":[-71.820259,19.355317]},"properties":{"s":"N"}},{"type":"Feature","geometry":{"type":"Point","coordinates":[-71.813214,19.366804]},"properties":{"s":"N"}},{"type":"Feature","geometry":{"type":"Point","coordinates":[-71.812425,19.367324]},"properties":{"s":"N"}},{"type":"Feature","geometry":{"type":"Point","coordinates":[-71.847525,19.369811]},"properties":{"s":"N"}},{"type":"Feature","geometry":{"type":"Point","coordinates":[-71.817257,19.372363]},"properties":{"s":"N"}},{"type":"Feature","geometry":{"type":"Point","coordinates":[-71.848041,19.394731]},"properties":{"s":"N"}},{"type":"Feature","geometry":{"type":"Point","coordinates":[-71.845364,19.393935]},"properties":{"s":"N"}},{"type":"Feature","geometry":{"type":"Point","coordinates":[-71.788018,19.356222]},"properties":{"s":"N"}},{"type":"Feature","geometry":{"type":"Point","coordinates":[-71.776228,19.388798]},"properties":{"s":"N"}},{"type":"Feature","geometry":{"type":"Point","coordinates":[-71.785162,19.391863]},"properties":{"s":"N"}},{"type":"Feature","geometry":{"type":"Point","coordinates":[-71.766312,19.397617]},"properties":{"s":"N"}},{"type":"Feature","geometry":{"type":"Point","coordinates":[-71.766202,19.397733]},"properties":{"s":"N"}},{"type":"Feature","geometry":{"type":"Point","coordinates":[-71.70966,19.399254]},"properties":{"s":"N"}},{"type":"Feature","geometry":{"type":"Point","coordinates":[-71.921258,19.436343]},"properties":{"s":"N"}},{"type":"Feature","geometry":{"type":"Point","coordinates":[-71.859256,19.404178]},"properties":{"s":"N"}},{"type":"Feature","geometry":{"type":"Point","coordinates":[-71.780049,19.406644]},"properties":{"s":"N"}},{"type":"Feature","geometry":{"type":"Point","coordinates":[-71.78208,19.407125]},"properties":{"s":"N"}},{"type":"Feature","geometry":{"type":"Point","coordinates":[-71.899661,18.929925]},"properties":{"s":"F"}},{"type":"Feature","geometry":{"type":"Point","coordinates":[-71.780769,19.411762]},"properties":{"s":"N"}},{"type":"Feature","geometry":{"type":"Point","coordinates":[-71.7315,19.40919]},"properties":{"s":"N"}},{"type":"Feature","geometry":{"type":"Point","coordinates":[-71.71764,19.40894]},"properties":{"s":"N"}},{"type":"Feature","geometry":{"type":"Point","coordinates":[-71.72942,19.41178]},"properties":{"s":"N"}},{"type":"Feature","geometry":{"type":"Point","coordinates":[-71.72625,19.41087]},"properties":{"s":"N"}},{"type":"Feature","geometry":{"type":"Point","coordinates":[-71.729543,19.413022]},"properties":{"s":"N"}},{"type":"Feature","geometry":{"type":"Point","coordinates":[-71.72945,19.41409]},"properties":{"s":"N"}},{"type":"Feature","geometry":{"type":"Point","coordinates":[-71.69395,19.44075]},"properties":{"s":"N"}},{"type":"Feature","geometry":{"type":"Point","coordinates":[-71.69463,19.4451]},"properties":{"s":"N"}},{"type":"Feature","geometry":{"type":"Point","coordinates":[-71.69267,19.44517]},"properties":{"s":"N"}},{"type":"Feature","geometry":{"type":"Point","coordinates":[-71.691219,19.448101]},"properties":{"s":"N"}},{"type":"Feature","geometry":{"type":"Point","coordinates":[-71.75396,19.474]},"properties":{"s":"N"}},{"type":"Feature","geometry":{"type":"Point","coordinates":[-71.74896,19.46637]},"properties":{"s":"N"}},{"type":"Feature","geometry":{"type":"Point","coordinates":[-71.74232,19.49154]},"properties":{"s":"N"}},{"type":"Feature","geometry":{"type":"Point","coordinates":[-71.693077,19.452613]},"properties":{"s":"N"}},{"type":"Feature","geometry":{"type":"Point","coordinates":[-71.69318,19.45291]},"properties":{"s":"N"}},{"type":"Feature","geometry":{"type":"Point","coordinates":[-71.691082,19.455121]},"properties":{"s":"N"}},{"type":"Feature","geometry":{"type":"Point","coordinates":[-71.69727,19.4663]},"properties":{"s":"N"}},{"type":"Feature","geometry":{"type":"Point","coordinates":[-71.92024,19.52352]},"properties":{"s":"N"}},{"type":"Feature","geometry":{"type":"Point","coordinates":[-71.926362,19.525481]},"properties":{"s":"N"}},{"type":"Feature","geometry":{"type":"Point","coordinates":[-71.71333,19.54323]},"properties":{"s":"N"}},{"type":"Feature","geometry":{"type":"Point","coordinates":[-71.72683,19.54885]},"properties":{"s":"N"}},{"type":"Feature","geometry":{"type":"Point","coordinates":[-71.940508,19.580022]},"properties":{"s":"N"}},{"type":"Feature","geometry":{"type":"Point","coordinates":[-71.72962,19.55311]},"properties":{"s":"N"}},{"type":"Feature","geometry":{"type":"Point","coordinates":[-71.72335,19.55714]},"properties":{"s":"N"}},{"type":"Feature","geometry":{"type":"Point","coordinates":[-71.957437,19.633793]},"properties":{"s":"N"}},{"type":"Feature","geometry":{"type":"Point","coordinates":[-71.95922,19.636233]},"properties":{"s":"N"}},{"type":"Feature","geometry":{"type":"Point","coordinates":[-71.95918,19.636312]},"properties":{"s":"N"}},{"type":"Feature","geometry":{"type":"Point","coordinates":[-71.959272,19.637807]},"properties":{"s":"N"}},{"type":"Feature","geometry":{"type":"Point","coordinates":[-71.954522,19.637802]},"properties":{"s":"N"}},{"type":"Feature","geometry":{"type":"Point","coordinates":[-71.95699,19.641665]},"properties":{"s":"N"}},{"type":"Feature","geometry":{"type":"Point","coordinates":[-71.778011,19.615759]},"properties":{"s":"N"}},{"type":"Feature","geometry":{"type":"Point","coordinates":[-71.777703,19.616192]},"properties":{"s":"N"}},{"type":"Feature","geometry":{"type":"Point","coordinates":[-71.922328,19.667357]},"properties":{"s":"N"}},{"type":"Feature","geometry":{"type":"Point","coordinates":[-71.901307,19.671837]},"properties":{"s":"N"}},{"type":"Feature","geometry":{"type":"Point","coordinates":[-71.89713,19.673708]},"properties":{"s":"N"}},{"type":"Feature","geometry":{"type":"Point","coordinates":[-71.895143,19.67608]},"properties":{"s":"N"}},{"type":"Feature","geometry":{"type":"Point","coordinates":[-71.838997,19.653341]},"properties":{"s":"N"}},{"type":"Feature","geometry":{"type":"Point","coordinates":[-71.834622,19.654733]},"properties":{"s":"N"}},{"type":"Feature","geometry":{"type":"Point","coordinates":[-71.83551,19.65722]},"properties":{"s":"N"}},{"type":"Feature","geometry":{"type":"Point","coordinates":[-71.832047,19.658592]},"properties":{"s":"N"}},{"type":"Feature","geometry":{"type":"Point","coordinates":[-71.832733,19.662149]},"properties":{"s":"N"}},{"type":"Feature","geometry":{"type":"Point","coordinates":[-71.839943,19.663119]},"properties":{"s":"N"}},{"type":"Feature","geometry":{"type":"Point","coordinates":[-71.834106,19.663119]},"properties":{"s":"N"}},{"type":"Feature","geometry":{"type":"Point","coordinates":[-74.3167,18.5667]},"properties":{"s":"F"}},{"type":"Feature","geometry":{"type":"Point","coordinates":[-74.2579,18.5604]},"properties":{"s":"F"}},{"type":"Feature","geometry":{"type":"Point","coordinates":[-74.1617,18.6213]},"properties":{"s":"F"}},{"type":"Feature","geometry":{"type":"Point","coordinates":[-74.1562,18.6222]},"properties":{"s":"F"}},{"type":"Feature","geometry":{"type":"Point","coordinates":[-74.1725,18.6499]},"properties":{"s":"F"}},{"type":"Feature","geometry":{"type":"Point","coordinates":[-74.1113,18.6193]},"properties":{"s":"F"}},{"type":"Feature","geometry":{"type":"Point","coordinates":[-74.1211,18.6316]},"properties":{"s":"F"}},{"type":"Feature","geometry":{"type":"Point","coordinates":[-74.1199,18.6327]},"properties":{"s":"F"}},{"type":"Feature","geometry":{"type":"Point","coordinates":[-74.1147,18.64]},"properties":{"s":"F"}},{"type":"Feature","geometry":{"type":"Point","coordinates":[-74.1176,18.646]},"properties":{"s":"F"}},{"type":"Feature","geometry":{"type":"Point","coordinates":[-74.1183,18.6466]},"properties":{"s":"F"}},{"type":"Feature","geometry":{"type":"Point","coordinates":[-74.206,18.6718]},"properties":{"s":"F"}},{"type":"Feature","geometry":{"type":"Point","coordinates":[-74.2065,18.6726]},"properties":{"s":"F"}},{"type":"Feature","geometry":{"type":"Point","coordinates":[-74.1597,18.6564]},"properties":{"s":"F"}},{"type":"Feature","geometry":{"type":"Point","coordinates":[-74.1543,18.656]},"properties":{"s":"F"}},{"type":"Feature","geometry":{"type":"Point","coordinates":[-74.1554,18.6589]},"properties":{"s":"F"}},{"type":"Feature","geometry":{"type":"Point","coordinates":[-74.162,18.6619]},"properties":{"s":"F"}},{"type":"Feature","geometry":{"type":"Point","coordinates":[-74.1919,18.6634]},"properties":{"s":"F"}},{"type":"Feature","geometry":{"type":"Point","coordinates":[-74.1722,18.6648]},"properties":{"s":"F"}},{"type":"Feature","geometry":{"type":"Point","coordinates":[-74.1656,18.6642]},"properties":{"s":"F"}},{"type":"Feature","geometry":{"type":"Point","coordinates":[-74.1584,18.6645]},"properties":{"s":"F"}},{"type":"Feature","geometry":{"type":"Point","coordinates":[-74.1574,18.6636]},"properties":{"s":"F"}},{"type":"Feature","geometry":{"type":"Point","coordinates":[-74.1915,18.6651]},"properties":{"s":"F"}},{"type":"Feature","geometry":{"type":"Point","coordinates":[-74.1584,18.665]},"properties":{"s":"F"}},{"type":"Feature","geometry":{"type":"Point","coordinates":[-74.1968,18.6684]},"properties":{"s":"F"}},{"type":"Feature","geometry":{"type":"Point","coordinates":[-73.27369,18.23638]},"properties":{"s":"F"}},{"type":"Feature","geometry":{"type":"Point","coordinates":[-73.21247,18.22669]},"properties":{"s":"F"}},{"type":"Feature","geometry":{"type":"Point","coordinates":[-73.20924,18.22589]},"properties":{"s":"F"}},{"type":"Feature","geometry":{"type":"Point","coordinates":[-73.20376,18.22554]},"properties":{"s":"F"}},{"type":"Feature","geometry":{"type":"Point","coordinates":[-73.22929,18.23202]},"properties":{"s":"F"}},{"type":"Feature","geometry":{"type":"Point","coordinates":[-73.22595,18.23667]},"properties":{"s":"F"}},{"type":"Feature","geometry":{"type":"Point","coordinates":[-73.246,18.23862]},"properties":{"s":"F"}},{"type":"Feature","geometry":{"type":"Point","coordinates":[-73.22353,18.23993]},"properties":{"s":"F"}},{"type":"Feature","geometry":{"type":"Point","coordinates":[-73.22294,18.24417]},"properties":{"s":"F"}},{"type":"Feature","geometry":{"type":"Point","coordinates":[-73.18683,18.22215]},"properties":{"s":"F"}},{"type":"Feature","geometry":{"type":"Point","coordinates":[-73.17748,18.22118]},"properties":{"s":"F"}},{"type":"Feature","geometry":{"type":"Point","coordinates":[-73.19606,18.2236]},"properties":{"s":"F"}},{"type":"Feature","geometry":{"type":"Point","coordinates":[-73.19506,18.22485]},"properties":{"s":"F"}},{"type":"Feature","geometry":{"type":"Point","coordinates":[-73.19326,18.22275]},"properties":{"s":"F"}},{"type":"Feature","geometry":{"type":"Point","coordinates":[-73.18987,18.24784]},"properties":{"s":"F"}},{"type":"Feature","geometry":{"type":"Point","coordinates":[-73.3318,18.2739]},"properties":{"s":"F"}},{"type":"Feature","geometry":{"type":"Point","coordinates":[-73.29443,18.27986]},"properties":{"s":"F"}},{"type":"Feature","geometry":{"type":"Point","coordinates":[-73.28598,18.29528]},"properties":{"s":"F"}},{"type":"Feature","geometry":{"type":"Point","coordinates":[-73.2886,18.2998]},"properties":{"s":"F"}},{"type":"Feature","geometry":{"type":"Point","coordinates":[-73.23361,18.27875]},"properties":{"s":"F"}},{"type":"Feature","geometry":{"type":"Point","coordinates":[-73.19091,18.25196]},"properties":{"s":"F"}},{"type":"Feature","geometry":{"type":"Point","coordinates":[-73.15244,18.26885]},"properties":{"s":"F"}},{"type":"Feature","geometry":{"type":"Point","coordinates":[-73.15469,18.27444]},"properties":{"s":"F"}},{"type":"Feature","geometry":{"type":"Point","coordinates":[-73.15238,18.27393]},"properties":{"s":"F"}},{"type":"Feature","geometry":{"type":"Point","coordinates":[-73.15739,18.27727]},"properties":{"s":"F"}},{"type":"Feature","geometry":{"type":"Point","coordinates":[-73.14776,18.25606]},"properties":{"s":"F"}},{"type":"Feature","geometry":{"type":"Point","coordinates":[-73.915982,18.310408]},"properties":{"s":"F"}},{"type":"Feature","geometry":{"type":"Point","coordinates":[-73.917367,18.31385]},"properties":{"s":"F"}},{"type":"Feature","geometry":{"type":"Point","coordinates":[-73.917418,18.321167]},"properties":{"s":"F"}},{"type":"Feature","geometry":{"type":"Point","coordinates":[-73.915915,18.324455]},"properties":{"s":"F"}},{"type":"Feature","geometry":{"type":"Point","coordinates":[-73.916118,18.325447]},"properties":{"s":"F"}},{"type":"Feature","geometry":{"type":"Point","coordinates":[-73.91625,18.325605]},"properties":{"s":"F"}},{"type":"Feature","geometry":{"type":"Point","coordinates":[-73.3227,18.30611]},"properties":{"s":"F"}},{"type":"Feature","geometry":{"type":"Point","coordinates":[-73.2902,18.30426]},"properties":{"s":"F"}},{"type":"Feature","geometry":{"type":"Point","coordinates":[-73.29044,18.30927]},"properties":{"s":"F"}},{"type":"Feature","geometry":{"type":"Point","coordinates":[-73.29704,18.31233]},"properties":{"s":"F"}},{"type":"Feature","geometry":{"type":"Point","coordinates":[-73.26233,18.31121]},"properties":{"s":"F"}},{"type":"Feature","geometry":{"type":"Point","coordinates":[-73.27592,18.31731]},"properties":{"s":"F"}},{"type":"Feature","geometry":{"type":"Point","coordinates":[-73.27083,18.31649]},"properties":{"s":"F"}},{"type":"Feature","geometry":{"type":"Point","coordinates":[-73.28294,18.31784]},"properties":{"s":"F"}},{"type":"Feature","geometry":{"type":"Point","coordinates":[-73.2719,18.31758]},"properties":{"s":"F"}},{"type":"Feature","geometry":{"type":"Point","coordinates":[-73.23986,18.30326]},"properties":{"s":"F"}},{"type":"Feature","geometry":{"type":"Point","coordinates":[-73.23353,18.304]},"properties":{"s":"F"}},{"type":"Feature","geometry":{"type":"Point","coordinates":[-73.23678,18.30772]},"properties":{"s":"F"}},{"type":"Feature","geometry":{"type":"Point","coordinates":[-73.24265,18.31008]},"properties":{"s":"F"}},{"type":"Feature","geometry":{"type":"Point","coordinates":[-73.23882,18.31919]},"properties":{"s":"F"}},{"type":"Feature","geometry":{"type":"Point","coordinates":[-73.23427,18.32513]},"properties":{"s":"F"}},{"type":"Feature","geometry":{"type":"Point","coordinates":[-73.076443,18.79893]},"properties":{"s":"F"}},{"type":"Feature","geometry":{"type":"Point","coordinates":[-73.011082,18.781815]},"properties":{"s":"F"}},{"type":"Feature","geometry":{"type":"Point","coordinates":[-73.05115,18.82145]},"properties":{"s":"F"}},{"type":"Feature","geometry":{"type":"Point","coordinates":[-73.052108,18.824419]},"properties":{"s":"F"}},{"type":"Feature","geometry":{"type":"Point","coordinates":[-73.065237,18.827251]},"properties":{"s":"F"}},{"type":"Feature","geometry":{"type":"Point","coordinates":[-73.064379,18.826825]},"properties":{"s":"F"}},{"type":"Feature","geometry":{"type":"Point","coordinates":[-73.064652,18.827272]},"properties":{"s":"F"}},{"type":"Feature","geometry":{"type":"Point","coordinates":[-73.050385,18.831585]},"properties":{"s":"F"}},{"type":"Feature","geometry":{"type":"Point","coordinates":[-73.050632,18.8318]},"properties":{"s":"F"}},{"type":"Feature","geometry":{"type":"Point","coordinates":[-73.097247,18.836306]},"properties":{"s":"F"}},{"type":"Feature","geometry":{"type":"Point","coordinates":[-73.040538,18.804357]},"properties":{"s":"F"}},{"type":"Feature","geometry":{"type":"Point","coordinates":[-73.040559,18.807989]},"properties":{"s":"F"}},{"type":"Feature","geometry":{"type":"Point","coordinates":[-73.040779,18.812417]},"properties":{"s":"F"}},{"type":"Feature","geometry":{"type":"Point","coordinates":[-73.049267,18.818924]},"properties":{"s":"F"}},{"type":"Feature","geometry":{"type":"Point","coordinates":[-73.042228,18.819922]},"properties":{"s":"F"}},{"type":"Feature","geometry":{"type":"Point","coordinates":[-73.044796,18.82027]},"properties":{"s":"F"}},{"type":"Feature","geometry":{"type":"Point","coordinates":[-73.027883,18.821812]},"properties":{"s":"F"}},{"type":"Feature","geometry":{"type":"Point","coordinates":[-73.013716,18.821394]},"properties":{"s":"F"}},{"type":"Feature","geometry":{"type":"Point","coordinates":[-73.010821,18.820948]},"properties":{"s":"F"}},{"type":"Feature","geometry":{"type":"Point","coordinates":[-73.007939,18.821604]},"properties":{"s":"F"}},{"type":"Feature","geometry":{"type":"Point","coordinates":[-73.0451,18.827347]},"properties":{"s":"F"}},{"type":"Feature","geometry":{"type":"Point","coordinates":[-73.036455,18.825491]},"properties":{"s":"F"}},{"type":"Feature","geometry":{"type":"Point","coordinates":[-73.03892,18.827765]},"properties":{"s":"F"}},{"type":"Feature","geometry":{"type":"Point","coordinates":[-73.038239,18.82797]},"properties":{"s":"F"}},{"type":"Feature","geometry":{"type":"Point","coordinates":[-73.031857,18.83345]},"properties":{"s":"F"}},{"type":"Feature","geometry":{"type":"Point","coordinates":[-73.046811,18.838955]},"properties":{"s":"F"}},{"type":"Feature","geometry":{"type":"Point","coordinates":[-73.035296,18.838943]},"properties":{"s":"F"}},{"type":"Feature","geometry":{"type":"Point","coordinates":[-73.039674,18.841774]},"properties":{"s":"F"}},{"type":"Feature","geometry":{"type":"Point","coordinates":[-73.022515,18.842272]},"properties":{"s":"F"}},{"type":"Feature","geometry":{"type":"Point","coordinates":[-73.020801,18.843503]},"properties":{"s":"F"}},{"type":"Feature","geometry":{"type":"Point","coordinates":[-73.019298,18.844203]},"properties":{"s":"F"}},{"type":"Feature","geometry":{"type":"Point","coordinates":[-73.002869,18.842722]},"properties":{"s":"F"}},{"type":"Feature","geometry":{"type":"Point","coordinates":[-73.046689,18.846294]},"properties":{"s":"F"}},{"type":"Feature","geometry":{"type":"Point","coordinates":[-73.040507,18.845594]},"properties":{"s":"F"}},{"type":"Feature","geometry":{"type":"Point","coordinates":[-73.013173,18.847315]},"properties":{"s":"F"}},{"type":"Feature","geometry":{"type":"Point","coordinates":[-73.013664,18.848879]},"properties":{"s":"F"}},{"type":"Feature","geometry":{"type":"Point","coordinates":[-73.265995,18.891153]},"properties":{"s":"F"}},{"type":"Feature","geometry":{"type":"Point","coordinates":[-73.20199,18.888528]},"properties":{"s":"F"}},{"type":"Feature","geometry":{"type":"Point","coordinates":[-73.200475,18.894775]},"properties":{"s":"F"}},{"type":"Feature","geometry":{"type":"Point","coordinates":[-73.189652,18.895422]},"properties":{"s":"F"}},{"type":"Feature","geometry":{"type":"Point","coordinates":[-73.136444,18.861906]},"properties":{"s":"F"}},{"type":"Feature","geometry":{"type":"Point","coordinates":[-73.103143,18.886565]},"properties":{"s":"F"}},{"type":"Feature","geometry":{"type":"Point","coordinates":[-73.098228,18.886383]},"properties":{"s":"F"}},{"type":"Feature","geometry":{"type":"Point","coordinates":[-73.041692,18.879505]},"properties":{"s":"F"}},{"type":"Feature","geometry":{"type":"Point","coordinates":[-73.033863,18.894387]},"properties":{"s":"F"}},{"type":"Feature","geometry":{"type":"Point","coordinates":[-73.21805,18.910768]},"properties":{"s":"F"}},{"type":"Feature","geometry":{"type":"Point","coordinates":[-73.208411,18.917227]},"properties":{"s":"F"}},{"type":"Feature","geometry":{"type":"Point","coordinates":[-73.202714,18.921302]},"properties":{"s":"F"}},{"type":"Feature","geometry":{"type":"Point","coordinates":[-73.133248,18.909486]},"properties":{"s":"F"}},{"type":"Feature","geometry":{"type":"Point","coordinates":[-73.120796,18.931331]},"properties":{"s":"F"}},{"type":"Feature","geometry":{"type":"Point","coordinates":[-73.118152,18.930732]},"properties":{"s":"F"}},{"type":"Feature","geometry":{"type":"Point","coordinates":[-73.11536,18.93048]},"properties":{"s":"F"}},{"type":"Feature","geometry":{"type":"Point","coordinates":[-73.041888,18.901954]},"properties":{"s":"F"}},{"type":"Feature","geometry":{"type":"Point","coordinates":[-73.242625,18.96496]},"properties":{"s":"F"}},{"type":"Feature","geometry":{"type":"Point","coordinates":[-73.239565,18.96478]},"properties":{"s":"F"}},{"type":"Feature","geometry":{"type":"Point","coordinates":[-72.1046,18.3351]},"properties":{"s":"F"}},{"type":"Feature","geometry":{"type":"Point","coordinates":[-72.1452,18.3751]},"properties":{"s":"F"}},{"type":"Feature","geometry":{"type":"Point","coordinates":[-72.04,18.3837]},"properties":{"s":"F"}},{"type":"Feature","geometry":{"type":"Point","coordinates":[-72.67805,18.448717]},"properties":{"s":"F"}},{"type":"Feature","geometry":{"type":"Point","coordinates":[-72.620017,18.440733]},"properties":{"s":"F"}},{"type":"Feature","geometry":{"type":"Point","coordinates":[-72.63645,18.446117]},"properties":{"s":"F"}},{"type":"Feature","geometry":{"type":"Point","coordinates":[-72.605983,18.449267]},"properties":{"s":"F"}},{"type":"Feature","geometry":{"type":"Point","coordinates":[-72.534483,18.402317]},"properties":{"s":"F"}},{"type":"Feature","geometry":{"type":"Point","coordinates":[-72.652617,18.45165]},"properties":{"s":"F"}},{"type":"Feature","geometry":{"type":"Point","coordinates":[-72.651483,18.455283]},"properties":{"s":"F"}},{"type":"Feature","geometry":{"type":"Point","coordinates":[-72.6289,18.451767]},"properties":{"s":"F"}},{"type":"Feature","geometry":{"type":"Point","coordinates":[-72.649083,18.456683]},"properties":{"s":"F"}},{"type":"Feature","geometry":{"type":"Point","coordinates":[-72.5736,18.470917]},"properties":{"s":"F"}},{"type":"Feature","geometry":{"type":"Point","coordinates":[-72.5754,18.476133]},"properties":{"s":"F"}},{"type":"Feature","geometry":{"type":"Point","coordinates":[-72.581883,18.480783]},"properties":{"s":"F"}},{"type":"Feature","geometry":{"type":"Point","coordinates":[-72.569417,18.481117]},"properties":{"s":"F"}},{"type":"Feature","geometry":{"type":"Point","coordinates":[-72.58385,18.490233]},"properties":{"s":"F"}},{"type":"Feature","geometry":{"type":"Point","coordinates":[-72.498817,18.451983]},"properties":{"s":"F"}},{"type":"Feature","geometry":{"type":"Point","coordinates":[-72.496683,18.451267]},"properties":{"s":"F"}},{"type":"Feature","geometry":{"type":"Point","coordinates":[-72.462033,18.4558]},"properties":{"s":"F"}},{"type":"Feature","geometry":{"type":"Point","coordinates":[-72.3038,18.462]},"properties":{"s":"F"}},{"type":"Feature","geometry":{"type":"Point","coordinates":[-72.600333,18.503233]},"properties":{"s":"F"}},{"type":"Feature","geometry":{"type":"Point","coordinates":[-72.620133,18.514617]},"properties":{"s":"F"}},{"type":"Feature","geometry":{"type":"Point","coordinates":[-72.609367,18.514117]},"properties":{"s":"F"}},{"type":"Feature","geometry":{"type":"Point","coordinates":[-72.616883,18.516633]},"properties":{"s":"F"}},{"type":"Feature","geometry":{"type":"Point","coordinates":[-72.605817,18.5198]},"properties":{"s":"F"}},{"type":"Feature","geometry":{"type":"Point","coordinates":[-72.604283,18.52425]},"properties":{"s":"F"}},{"type":"Feature","geometry":{"type":"Point","coordinates":[-72.564907,18.509175]},"properties":{"s":"F"}},{"type":"Feature","geometry":{"type":"Point","coordinates":[-72.559167,18.508333]},"properties":{"s":"F"}},{"type":"Feature","geometry":{"type":"Point","coordinates":[-72.555506,18.509844]},"properties":{"s":"F"}},{"type":"Feature","geometry":{"type":"Point","coordinates":[-72.216367,18.520617]},"properties":{"s":"F"}},{"type":"Feature","geometry":{"type":"Point","coordinates":[-72.159517,18.528967]},"properties":{"s":"F"}},{"type":"Feature","geometry":{"type":"Point","coordinates":[-72.167344,18.544175]},"properties":{"s":"F"}},{"type":"Feature","geometry":{"type":"Point","coordinates":[-72.1149,18.520067]},"properties":{"s":"F"}},{"type":"Feature","geometry":{"type":"Point","coordinates":[-72.142267,18.534683]},"properties":{"s":"F"}},{"type":"Feature","geometry":{"type":"Point","coordinates":[-72.14385,18.539917]},"properties":{"s":"F"}},{"type":"Feature","geometry":{"type":"Point","coordinates":[-72.121417,18.539683]},"properties":{"s":"F"}},{"type":"Feature","geometry":{"type":"Point","coordinates":[-72.099486,18.54394]},"properties":{"s":"F"}},{"type":"Feature","geometry":{"type":"Point","coordinates":[-72.3069,18.58905]},"properties":{"s":"F"}},{"type":"Feature","geometry":{"type":"Point","coordinates":[-72.29775,18.584583]},"properties":{"s":"F"}},{"type":"Feature","geometry":{"type":"Point","coordinates":[-72.260417,18.599383]},"properties":{"s":"F"}},{"type":"Feature","geometry":{"type":"Point","coordinates":[-72.22535,18.552133]},"properties":{"s":"F"}},{"type":"Feature","geometry":{"type":"Point","coordinates":[-72.228017,18.556317]},"properties":{"s":"F"}},{"type":"Feature","geometry":{"type":"Point","coordinates":[-72.2222,18.555467]},"properties":{"s":"F"}},{"type":"Feature","geometry":{"type":"Point","coordinates":[-72.21175,18.570083]},"properties":{"s":"F"}},{"type":"Feature","geometry":{"type":"Point","coordinates":[-72.249817,18.583733]},"properties":{"s":"F"}},{"type":"Feature","geometry":{"type":"Point","coordinates":[-72.21975,18.5894]},"properties":{"s":"F"}},{"type":"Feature","geometry":{"type":"Point","coordinates":[-72.21995,18.594283]},"properties":{"s":"F"}},{"type":"Feature","geometry":{"type":"Point","coordinates":[-72.221017,18.597933]},"properties":{"s":"F"}},{"type":"Feature","geometry":{"type":"Point","coordinates":[-72.16395,18.560133]},"properties":{"s":"F"}},{"type":"Feature","geometry":{"type":"Point","coordinates":[-72.153867,18.564083]},"properties":{"s":"F"}},{"type":"Feature","geometry":{"type":"Point","coordinates":[-72.19655,18.572667]},"properties":{"s":"F"}},{"type":"Feature","geometry":{"type":"Point","coordinates":[-72.1721,18.5789]},"properties":{"s":"F"}},{"type":"Feature","geometry":{"type":"Point","coordinates":[-72.1308,18.552267]},"properties":{"s":"F"}},{"type":"Feature","geometry":{"type":"Point","coordinates":[-72.144733,18.560483]},"properties":{"s":"F"}},{"type":"Feature","geometry":{"type":"Point","coordinates":[-72.1425,18.58345]},"properties":{"s":"F"}},{"type":"Feature","geometry":{"type":"Point","coordinates":[-72.312433,18.600483]},"properties":{"s":"F"}},{"type":"Feature","geometry":{"type":"Point","coordinates":[-72.307617,18.612383]},"properties":{"s":"F"}},{"type":"Feature","geometry":{"type":"Point","coordinates":[-72.3085,18.623917]},"properties":{"s":"F"}},{"type":"Feature","geometry":{"type":"Point","coordinates":[-72.3051,18.628083]},"properties":{"s":"F"}},{"type":"Feature","geometry":{"type":"Point","coordinates":[-72.303817,18.6308]},"properties":{"s":"F"}},{"type":"Feature","geometry":{"type":"Point","coordinates":[-72.290517,18.6037]},"properties":{"s":"F"}},{"type":"Feature","geometry":{"type":"Point","coordinates":[-72.299433,18.611083]},"properties":{"s":"F"}},{"type":"Feature","geometry":{"type":"Point","coordinates":[-72.295733,18.610717]},"properties":{"s":"F"}},{"type":"Feature","geometry":{"type":"Point","coordinates":[-72.277783,18.619617]},"properties":{"s":"F"}},{"type":"Feature","geometry":{"type":"Point","coordinates":[-72.2643,18.62005]},"properties":{"s":"F"}},{"type":"Feature","geometry":{"type":"Point","coordinates":[-72.271583,18.62325]},"properties":{"s":"F"}},{"type":"Feature","geometry":{"type":"Point","coordinates":[-72.2878,18.630133]},"properties":{"s":"F"}},{"type":"Feature","geometry":{"type":"Point","coordinates":[-72.264667,18.631133]},"properties":{"s":"F"}},{"type":"Feature","geometry":{"type":"Point","coordinates":[-72.256467,18.635367]},"properties":{"s":"F"}},{"type":"Feature","geometry":{"type":"Point","coordinates":[-72.257283,18.635617]},"properties":{"s":"F"}},{"type":"Feature","geometry":{"type":"Point","coordinates":[-72.2737,18.645467]},"properties":{"s":"F"}},{"type":"Feature","geometry":{"type":"Point","coordinates":[-72.222733,18.602017]},"properties":{"s":"F"}},{"type":"Feature","geometry":{"type":"Point","coordinates":[-72.226983,18.60735]},"properties":{"s":"F"}},{"type":"Feature","geometry":{"type":"Point","coordinates":[-72.21825,18.6062]},"properties":{"s":"F"}},{"type":"Feature","geometry":{"type":"Point","coordinates":[-72.21415,18.6071]},"properties":{"s":"F"}},{"type":"Feature","geometry":{"type":"Point","coordinates":[-72.23065,18.609083]},"properties":{"s":"F"}},{"type":"Feature","geometry":{"type":"Point","coordinates":[-72.223517,18.609033]},"properties":{"s":"F"}},{"type":"Feature","geometry":{"type":"Point","coordinates":[-72.2127,18.609667]},"properties":{"s":"F"}},{"type":"Feature","geometry":{"type":"Point","coordinates":[-72.242967,18.611433]},"properties":{"s":"F"}},{"type":"Feature","geometry":{"type":"Point","coordinates":[-72.239033,18.613967]},"properties":{"s":"F"}},{"type":"Feature","geometry":{"type":"Point","coordinates":[-72.24595,18.616983]},"properties":{"s":"F"}},{"type":"Feature","geometry":{"type":"Point","coordinates":[-72.229567,18.615833]},"properties":{"s":"F"}},{"type":"Feature","geometry":{"type":"Point","coordinates":[-72.2072,18.615683]},"properties":{"s":"F"}},{"type":"Feature","geometry":{"type":"Point","coordinates":[-72.24085,18.61905]},"properties":{"s":"F"}},{"type":"Feature","geometry":{"type":"Point","coordinates":[-72.238517,18.62005]},"properties":{"s":"F"}},{"type":"Feature","geometry":{"type":"Point","coordinates":[-72.201817,18.6217]},"properties":{"s":"F"}},{"type":"Feature","geometry":{"type":"Point","coordinates":[-72.214033,18.624317]},"properties":{"s":"F"}},{"type":"Feature","geometry":{"type":"Point","coordinates":[-72.21155,18.624033]},"properties":{"s":"F"}},{"type":"Feature","geometry":{"type":"Point","coordinates":[-72.234082,18.639927]},"properties":{"s":"F"}},{"type":"Feature","geometry":{"type":"Point","coordinates":[-72.17935,18.608867]},"properties":{"s":"F"}},{"type":"Feature","geometry":{"type":"Point","coordinates":[-72.101533,18.649317]},"properties":{"s":"F"}},{"type":"Feature","geometry":{"type":"Point","coordinates":[-72.064117,18.645233]},"properties":{"s":"F"}},{"type":"Feature","geometry":{"type":"Point","coordinates":[-72.352967,18.694967]},"properties":{"s":"F"}},{"type":"Feature","geometry":{"type":"Point","coordinates":[-72.350664,18.69488]},"properties":{"s":"F"}},{"type":"Feature","geometry":{"type":"Point","coordinates":[-72.352895,18.697109]},"properties":{"s":"F"}},{"type":"Feature","geometry":{"type":"Point","coordinates":[-72.349129,18.695604]},"properties":{"s":"F"}},{"type":"Feature","geometry":{"type":"Point","coordinates":[-72.349638,18.696632]},"properties":{"s":"F"}},{"type":"Feature","geometry":{"type":"Point","coordinates":[-72.342767,18.69715]},"properties":{"s":"F"}},{"type":"Feature","geometry":{"type":"Point","coordinates":[-72.257667,18.659317]},"properties":{"s":"F"}},{"type":"Feature","geometry":{"type":"Point","coordinates":[-72.259017,18.662117]},"properties":{"s":"F"}},{"type":"Feature","geometry":{"type":"Point","coordinates":[-72.096283,18.650817]},"properties":{"s":"F"}},{"type":"Feature","geometry":{"type":"Point","coordinates":[-72.0994,18.654667]},"properties":{"s":"F"}},{"type":"Feature","geometry":{"type":"Point","coordinates":[-72.088767,18.653183]},"properties":{"s":"F"}},{"type":"Feature","geometry":{"type":"Point","coordinates":[-72.086117,18.652683]},"properties":{"s":"F"}},{"type":"Feature","geometry":{"type":"Point","coordinates":[-72.092283,18.6582]},"properties":{"s":"F"}},{"type":"Feature","geometry":{"type":"Point","coordinates":[-72.853999,18.74836]},"properties":{"s":"F"}},{"type":"Feature","geometry":{"type":"Point","coordinates":[-72.428411,18.718517]},"properties":{"s":"F"}},{"type":"Feature","geometry":{"type":"Point","coordinates":[-72.425744,18.719891]},"properties":{"s":"F"}},{"type":"Feature","geometry":{"type":"Point","coordinates":[-72.423767,18.717767]},"properties":{"s":"F"}},{"type":"Feature","geometry":{"type":"Point","coordinates":[-72.42375,18.719167]},"properties":{"s":"F"}},{"type":"Feature","geometry":{"type":"Point","coordinates":[-72.421755,18.718247]},"properties":{"s":"F"}},{"type":"Feature","geometry":{"type":"Point","coordinates":[-72.430974,18.722997]},"properties":{"s":"F"}},{"type":"Feature","geometry":{"type":"Point","coordinates":[-72.425417,18.7234]},"properties":{"s":"F"}},{"type":"Feature","geometry":{"type":"Point","coordinates":[-72.41745,18.722867]},"properties":{"s":"F"}},{"type":"Feature","geometry":{"type":"Point","coordinates":[-72.43811,18.726409]},"properties":{"s":"F"}},{"type":"Feature","geometry":{"type":"Point","coordinates":[-72.42402,18.725285]},"properties":{"s":"F"}},{"type":"Feature","geometry":{"type":"Point","coordinates":[-72.423967,18.728783]},"properties":{"s":"F"}},{"type":"Feature","geometry":{"type":"Point","coordinates":[-72.4493,18.731791]},"properties":{"s":"F"}},{"type":"Feature","geometry":{"type":"Point","coordinates":[-72.443319,18.731125]},"properties":{"s":"F"}},{"type":"Feature","geometry":{"type":"Point","coordinates":[-72.444302,18.732096]},"properties":{"s":"F"}},{"type":"Feature","geometry":{"type":"Point","coordinates":[-72.441118,18.731525]},"properties":{"s":"F"}},{"type":"Feature","geometry":{"type":"Point","coordinates":[-72.429397,18.732291]},"properties":{"s":"F"}},{"type":"Feature","geometry":{"type":"Point","coordinates":[-72.426883,18.730583]},"properties":{"s":"F"}},{"type":"Feature","geometry":{"type":"Point","coordinates":[-72.42225,18.73105]},"properties":{"s":"F"}},{"type":"Feature","geometry":{"type":"Point","coordinates":[-72.446786,18.733528]},"properties":{"s":"F"}},{"type":"Feature","geometry":{"type":"Point","coordinates":[-72.439408,18.733833]},"properties":{"s":"F"}},{"type":"Feature","geometry":{"type":"Point","coordinates":[-72.404833,18.7335]},"properties":{"s":"F"}},{"type":"Feature","geometry":{"type":"Point","coordinates":[-72.442803,18.735079]},"properties":{"s":"F"}},{"type":"Feature","geometry":{"type":"Point","coordinates":[-72.432767,18.735667]},"properties":{"s":"F"}},{"type":"Feature","geometry":{"type":"Point","coordinates":[-72.421217,18.73515]},"properties":{"s":"F"}},{"type":"Feature","geometry":{"type":"Point","coordinates":[-72.417683,18.735183]},"properties":{"s":"F"}},{"type":"Feature","geometry":{"type":"Point","coordinates":[-72.41905,18.736617]},"properties":{"s":"F"}},{"type":"Feature","geometry":{"type":"Point","coordinates":[-72.415933,18.7358]},"properties":{"s":"F"}},{"type":"Feature","geometry":{"type":"Point","coordinates":[-72.416483,18.736617]},"properties":{"s":"F"}},{"type":"Feature","geometry":{"type":"Point","coordinates":[-72.415701,18.736593]},"properties":{"s":"F"}},{"type":"Feature","geometry":{"type":"Point","coordinates":[-72.405133,18.735783]},"properties":{"s":"F"}},{"type":"Feature","geometry":{"type":"Point","coordinates":[-72.404852,18.735018]},"properties":{"s":"F"}},{"type":"Feature","geometry":{"type":"Point","coordinates":[-72.436549,18.738291]},"properties":{"s":"F"}},{"type":"Feature","geometry":{"type":"Point","coordinates":[-72.420733,18.738483]},"properties":{"s":"F"}},{"type":"Feature","geometry":{"type":"Point","coordinates":[-72.412633,18.738567]},"properties":{"s":"F"}},{"type":"Feature","geometry":{"type":"Point","coordinates":[-72.411217,18.739817]},"properties":{"s":"F"}},{"type":"Feature","geometry":{"type":"Point","coordinates":[-72.445238,18.740249]},"properties":{"s":"F"}},{"type":"Feature","geometry":{"type":"Point","coordinates":[-72.441606,18.740355]},"properties":{"s":"F"}},{"type":"Feature","geometry":{"type":"Point","coordinates":[-72.43275,18.740383]},"properties":{"s":"F"}},{"type":"Feature","geometry":{"type":"Point","coordinates":[-72.432596,18.74039]},"properties":{"s":"F"}},{"type":"Feature","geometry":{"type":"Point","coordinates":[-72.42365,18.741417]},"properties":{"s":"F"}},{"type":"Feature","geometry":{"type":"Point","coordinates":[-72.414917,18.741]},"properties":{"s":"F"}},{"type":"Feature","geometry":{"type":"Point","coordinates":[-72.439828,18.744059]},"properties":{"s":"F"}},{"type":"Feature","geometry":{"type":"Point","coordinates":[-72.4397,18.744067]},"properties":{"s":"F"}},{"type":"Feature","geometry":{"type":"Point","coordinates":[-72.43255,18.744983]},"properties":{"s":"F"}},{"type":"Feature","geometry":{"type":"Point","coordinates":[-72.423112,18.744547]},"properties":{"s":"F"}},{"type":"Feature","geometry":{"type":"Point","coordinates":[-72.432607,18.745248]},"properties":{"s":"F"}},{"type":"Feature","geometry":{"type":"Point","coordinates":[-72.405267,18.7458]},"properties":{"s":"F"}},{"type":"Feature","geometry":{"type":"Point","coordinates":[-72.439017,18.749017]},"properties":{"s":"F"}},{"type":"Feature","geometry":{"type":"Point","coordinates":[-72.41755,18.74855]},"properties":{"s":"F"}},{"type":"Feature","geometry":{"type":"Point","coordinates":[-72.371917,18.702167]},"properties":{"s":"F"}},{"type":"Feature","geometry":{"type":"Point","coordinates":[-72.350088,18.715432]},"properties":{"s":"F"}},{"type":"Feature","geometry":{"type":"Point","coordinates":[-72.36872,18.719665]},"properties":{"s":"F"}},{"type":"Feature","geometry":{"type":"Point","coordinates":[-72.38015,18.722433]},"properties":{"s":"F"}},{"type":"Feature","geometry":{"type":"Point","coordinates":[-72.376595,18.721892]},"properties":{"s":"F"}},{"type":"Feature","geometry":{"type":"Point","coordinates":[-72.375434,18.721903]},"properties":{"s":"F"}},{"type":"Feature","geometry":{"type":"Point","coordinates":[-72.34502,18.708855]},"properties":{"s":"F"}},{"type":"Feature","geometry":{"type":"Point","coordinates":[-72.344897,18.709796]},"properties":{"s":"F"}},{"type":"Feature","geometry":{"type":"Point","coordinates":[-72.343966,18.71089]},"properties":{"s":"F"}},{"type":"Feature","geometry":{"type":"Point","coordinates":[-72.343812,18.711983]},"properties":{"s":"F"}},{"type":"Feature","geometry":{"type":"Point","coordinates":[-72.344927,18.712309]},"properties":{"s":"F"}},{"type":"Feature","geometry":{"type":"Point","coordinates":[-72.341745,18.710451]},"properties":{"s":"F"}},{"type":"Feature","geometry":{"type":"Point","coordinates":[-72.343397,18.712798]},"properties":{"s":"F"}},{"type":"Feature","geometry":{"type":"Point","coordinates":[-72.342619,18.713932]},"properties":{"s":"F"}},{"type":"Feature","geometry":{"type":"Point","coordinates":[-72.344175,18.714387]},"properties":{"s":"F"}},{"type":"Feature","geometry":{"type":"Point","coordinates":[-72.344185,18.71451]},"properties":{"s":"F"}},{"type":"Feature","geometry":{"type":"Point","coordinates":[-72.342792,18.714858]},"properties":{"s":"F"}},{"type":"Feature","geometry":{"type":"Point","coordinates":[-72.343513,18.715115]},"properties":{"s":"F"}},{"type":"Feature","geometry":{"type":"Point","coordinates":[-72.343986,18.716017]},"properties":{"s":"F"}},{"type":"Feature","geometry":{"type":"Point","coordinates":[-72.343668,18.716701]},"properties":{"s":"F"}},{"type":"Feature","geometry":{"type":"Point","coordinates":[-72.342416,18.719619]},"properties":{"s":"F"}},{"type":"Feature","geometry":{"type":"Point","coordinates":[-72.310807,18.730259]},"properties":{"s":"F"}},{"type":"Feature","geometry":{"type":"Point","coordinates":[-72.309501,18.730118]},"properties":{"s":"F"}},{"type":"Feature","geometry":{"type":"Point","coordinates":[-72.304405,18.732617]},"properties":{"s":"F"}},{"type":"Feature","geometry":{"type":"Point","coordinates":[-72.302361,18.735807]},"properties":{"s":"F"}},{"type":"Feature","geometry":{"type":"Point","coordinates":[-72.296385,18.729637]},"properties":{"s":"F"}},{"type":"Feature","geometry":{"type":"Point","coordinates":[-72.296392,18.740953]},"properties":{"s":"F"}},{"type":"Feature","geometry":{"type":"Point","coordinates":[-72.28344,18.749512]},"properties":{"s":"F"}},{"type":"Feature","geometry":{"type":"Point","coordinates":[-72.271582,18.74781]},"properties":{"s":"F"}},{"type":"Feature","geometry":{"type":"Point","coordinates":[-72.170776,18.724399]},"properties":{"s":"F"}},{"type":"Feature","geometry":{"type":"Point","coordinates":[-72.184984,18.739719]},"properties":{"s":"F"}},{"type":"Feature","geometry":{"type":"Point","coordinates":[-72.152646,18.745736]},"properties":{"s":"F"}},{"type":"Feature","geometry":{"type":"Point","coordinates":[-72.037912,18.730011]},"properties":{"s":"F"}},{"type":"Feature","geometry":{"type":"Point","coordinates":[-72.993393,18.797153]},"properties":{"s":"F"}},{"type":"Feature","geometry":{"type":"Point","coordinates":[-72.98919,18.797586]},"properties":{"s":"F"}},{"type":"Feature","geometry":{"type":"Point","coordinates":[-72.985308,18.799273]},"properties":{"s":"F"}},{"type":"Feature","geometry":{"type":"Point","coordinates":[-72.936338,18.785801]},"properties":{"s":"F"}},{"type":"Feature","geometry":{"type":"Point","coordinates":[-72.868133,18.752755]},"properties":{"s":"F"}},{"type":"Feature","geometry":{"type":"Point","coordinates":[-72.858526,18.76156]},"properties":{"s":"F"}},{"type":"Feature","geometry":{"type":"Point","coordinates":[-72.887566,18.767718]},"properties":{"s":"F"}},{"type":"Feature","geometry":{"type":"Point","coordinates":[-72.875163,18.777311]},"properties":{"s":"F"}},{"type":"Feature","geometry":{"type":"Point","coordinates":[-72.854424,18.775361]},"properties":{"s":"F"}},{"type":"Feature","geometry":{"type":"Point","coordinates":[-72.869032,18.782363]},"properties":{"s":"F"}},{"type":"Feature","geometry":{"type":"Point","coordinates":[-72.874663,18.785441]},"properties":{"s":"F"}},{"type":"Feature","geometry":{"type":"Point","coordinates":[-72.857203,18.788559]},"properties":{"s":"F"}},{"type":"Feature","geometry":{"type":"Point","coordinates":[-72.810478,18.757147]},"properties":{"s":"F"}},{"type":"Feature","geometry":{"type":"Point","coordinates":[-72.848055,18.7674]},"properties":{"s":"F"}},{"type":"Feature","geometry":{"type":"Point","coordinates":[-72.846915,18.788462]},"properties":{"s":"F"}},{"type":"Feature","geometry":{"type":"Point","coordinates":[-72.84648,18.7936]},"properties":{"s":"F"}},{"type":"Feature","geometry":{"type":"Point","coordinates":[-72.840049,18.796589]},"properties":{"s":"F"}},{"type":"Feature","geometry":{"type":"Point","coordinates":[-72.531467,18.784617]},"properties":{"s":"F"}},{"type":"Feature","geometry":{"type":"Point","coordinates":[-72.455293,18.759517]},"properties":{"s":"F"}},{"type":"Feature","geometry":{"type":"Point","coordinates":[-72.457572,18.761364]},"properties":{"s":"F"}},{"type":"Feature","geometry":{"type":"Point","coordinates":[-72.464762,18.76634]},"properties":{"s":"F"}},{"type":"Feature","geometry":{"type":"Point","coordinates":[-72.477167,18.768333]},"properties":{"s":"F"}},{"type":"Feature","geometry":{"type":"Point","coordinates":[-72.448916,18.754648]},"properties":{"s":"F"}},{"type":"Feature","geometry":{"type":"Point","coordinates":[-72.308117,18.78635]},"properties":{"s":"F"}},{"type":"Feature","geometry":{"type":"Point","coordinates":[-72.308793,18.799392]},"properties":{"s":"F"}},{"type":"Feature","geometry":{"type":"Point","coordinates":[-72.281074,18.75197]},"properties":{"s":"F"}},{"type":"Feature","geometry":{"type":"Point","coordinates":[-72.277894,18.751332]},"properties":{"s":"F"}},{"type":"Feature","geometry":{"type":"Point","coordinates":[-72.278553,18.754106]},"properties":{"s":"F"}},{"type":"Feature","geometry":{"type":"Point","coordinates":[-72.279164,18.757046]},"properties":{"s":"F"}},{"type":"Feature","geometry":{"type":"Point","coordinates":[-72.276615,18.755517]},"properties":{"s":"F"}},{"type":"Feature","geometry":{"type":"Point","coordinates":[-72.273943,18.75634]},"properties":{"s":"F"}},{"type":"Feature","geometry":{"type":"Point","coordinates":[-72.280246,18.759863]},"properties":{"s":"F"}},{"type":"Feature","geometry":{"type":"Point","coordinates":[-72.276477,18.759214]},"properties":{"s":"F"}},{"type":"Feature","geometry":{"type":"Point","coordinates":[-72.284001,18.761851]},"properties":{"s":"F"}},{"type":"Feature","geometry":{"type":"Point","coordinates":[-72.286032,18.773517]},"properties":{"s":"F"}},{"type":"Feature","geometry":{"type":"Point","coordinates":[-72.25354,18.784459]},"properties":{"s":"F"}},{"type":"Feature","geometry":{"type":"Point","coordinates":[-72.250633,18.784959]},"properties":{"s":"F"}},{"type":"Feature","geometry":{"type":"Point","coordinates":[-72.258203,18.795501]},"properties":{"s":"F"}},{"type":"Feature","geometry":{"type":"Point","coordinates":[-72.239043,18.784257]},"properties":{"s":"F"}},{"type":"Feature","geometry":{"type":"Point","coordinates":[-72.2151,18.784951]},"properties":{"s":"F"}},{"type":"Feature","geometry":{"type":"Point","coordinates":[-72.227972,18.785346]},"properties":{"s":"F"}},{"type":"Feature","geometry":{"type":"Point","coordinates":[-72.240692,18.793244]},"properties":{"s":"F"}},{"type":"Feature","geometry":{"type":"Point","coordinates":[-72.199655,18.765265]},"properties":{"s":"F"}},{"type":"Feature","geometry":{"type":"Point","coordinates":[-72.176262,18.772485]},"properties":{"s":"F"}},{"type":"Feature","geometry":{"type":"Point","coordinates":[-72.184869,18.776032]},"properties":{"s":"F"}},{"type":"Feature","geometry":{"type":"Point","coordinates":[-72.118841,18.780578]},"properties":{"s":"F"}},{"type":"Feature","geometry":{"type":"Point","coordinates":[-72.116022,18.794931]},"properties":{"s":"F"}},{"type":"Feature","geometry":{"type":"Point","coordinates":[-72.053261,18.776985]},"properties":{"s":"F"}},{"type":"Feature","geometry":{"type":"Point","coordinates":[-72.09903,18.794069]},"properties":{"s":"F"}},{"type":"Feature","geometry":{"type":"Point","coordinates":[-72.023168,18.758454]},"properties":{"s":"F"}},{"type":"Feature","geometry":{"type":"Point","coordinates":[-72.024385,18.770394]},"properties":{"s":"F"}},{"type":"Feature","geometry":{"type":"Point","coordinates":[-72.032466,18.7785]},"properties":{"s":"F"}},{"type":"Feature","geometry":{"type":"Point","coordinates":[-72.019632,18.779052]},"properties":{"s":"F"}},{"type":"Feature","geometry":{"type":"Point","coordinates":[-72.010784,18.778942]},"properties":{"s":"F"}},{"type":"Feature","geometry":{"type":"Point","coordinates":[-72.042268,18.780768]},"properties":{"s":"F"}},{"type":"Feature","geometry":{"type":"Point","coordinates":[-72.039414,18.784164]},"properties":{"s":"F"}},{"type":"Feature","geometry":{"type":"Point","coordinates":[-72.033873,18.784615]},"properties":{"s":"F"}},{"type":"Feature","geometry":{"type":"Point","coordinates":[-72.046627,18.785546]},"properties":{"s":"F"}},{"type":"Feature","geometry":{"type":"Point","coordinates":[-72.043088,18.785329]},"properties":{"s":"F"}},{"type":"Feature","geometry":{"type":"Point","coordinates":[-72.043316,18.787283]},"properties":{"s":"F"}},{"type":"Feature","geometry":{"type":"Point","coordinates":[-72.039797,18.792841]},"properties":{"s":"F"}},{"type":"Feature","geometry":{"type":"Point","coordinates":[-72.049621,18.79511]},"properties":{"s":"F"}},{"type":"Feature","geometry":{"type":"Point","coordinates":[-72.044077,18.796988]},"properties":{"s":"F"}},{"type":"Feature","geometry":{"type":"Point","coordinates":[-72.976939,18.803258]},"properties":{"s":"F"}},{"type":"Feature","geometry":{"type":"Point","coordinates":[-72.96413,18.808975]},"properties":{"s":"F"}},{"type":"Feature","geometry":{"type":"Point","coordinates":[-72.981458,18.810639]},"properties":{"s":"F"}},{"type":"Feature","geometry":{"type":"Point","coordinates":[-72.981646,18.810904]},"properties":{"s":"F"}},{"type":"Feature","geometry":{"type":"Point","coordinates":[-72.957244,18.81221]},"properties":{"s":"F"}},{"type":"Feature","geometry":{"type":"Point","coordinates":[-72.962085,18.818365]},"properties":{"s":"F"}},{"type":"Feature","geometry":{"type":"Point","coordinates":[-72.962496,18.821653]},"properties":{"s":"F"}},{"type":"Feature","geometry":{"type":"Point","coordinates":[-72.908997,18.809092]},"properties":{"s":"F"}},{"type":"Feature","geometry":{"type":"Point","coordinates":[-72.902033,18.809677]},"properties":{"s":"F"}},{"type":"Feature","geometry":{"type":"Point","coordinates":[-72.94222,18.824384]},"properties":{"s":"F"}},{"type":"Feature","geometry":{"type":"Point","coordinates":[-72.920798,18.824295]},"properties":{"s":"F"}},{"type":"Feature","geometry":{"type":"Point","coordinates":[-72.896755,18.800961]},"properties":{"s":"F"}},{"type":"Feature","geometry":{"type":"Point","coordinates":[-72.862778,18.801593]},"properties":{"s":"F"}},{"type":"Feature","geometry":{"type":"Point","coordinates":[-72.876779,18.816228]},"properties":{"s":"F"}},{"type":"Feature","geometry":{"type":"Point","coordinates":[-72.875533,18.8312]},"properties":{"s":"F"}},{"type":"Feature","geometry":{"type":"Point","coordinates":[-72.87845,18.838696]},"properties":{"s":"F"}},{"type":"Feature","geometry":{"type":"Point","coordinates":[-72.878135,18.838985]},"properties":{"s":"F"}},{"type":"Feature","geometry":{"type":"Point","coordinates":[-72.336878,18.835079]},"properties":{"s":"F"}},{"type":"Feature","geometry":{"type":"Point","coordinates":[-72.336633,18.843707]},"properties":{"s":"F"}},{"type":"Feature","geometry":{"type":"Point","coordinates":[-72.257219,18.812814]},"properties":{"s":"F"}},{"type":"Feature","geometry":{"type":"Point","coordinates":[-72.264785,18.821549]},"properties":{"s":"F"}},{"type":"Feature","geometry":{"type":"Point","coordinates":[-72.290022,18.822647]},"properties":{"s":"F"}},{"type":"Feature","geometry":{"type":"Point","coordinates":[-72.275954,18.834648]},"properties":{"s":"F"}},{"type":"Feature","geometry":{"type":"Point","coordinates":[-72.204832,18.802891]},"properties":{"s":"F"}},{"type":"Feature","geometry":{"type":"Point","coordinates":[-72.242271,18.810951]},"properties":{"s":"F"}},{"type":"Feature","geometry":{"type":"Point","coordinates":[-72.235525,18.810032]},"properties":{"s":"F"}},{"type":"Feature","geometry":{"type":"Point","coordinates":[-72.217914,18.811822]},"properties":{"s":"F"}},{"type":"Feature","geometry":{"type":"Point","coordinates":[-72.220746,18.825356]},"properties":{"s":"F"}},{"type":"Feature","geometry":{"type":"Point","coordinates":[-72.219688,18.826558]},"properties":{"s":"F"}},{"type":"Feature","geometry":{"type":"Point","coordinates":[-72.21253,18.825671]},"properties":{"s":"F"}},{"type":"Feature","geometry":{"type":"Point","coordinates":[-72.208499,18.825614]},"properties":{"s":"F"}},{"type":"Feature","geometry":{"type":"Point","coordinates":[-72.202907,18.827138]},"properties":{"s":"F"}},{"type":"Feature","geometry":{"type":"Point","coordinates":[-72.19219,18.801667]},"properties":{"s":"F"}},{"type":"Feature","geometry":{"type":"Point","coordinates":[-72.179016,18.805189]},"properties":{"s":"F"}},{"type":"Feature","geometry":{"type":"Point","coordinates":[-72.187055,18.811272]},"properties":{"s":"F"}},{"type":"Feature","geometry":{"type":"Point","coordinates":[-72.157036,18.81925]},"properties":{"s":"F"}},{"type":"Feature","geometry":{"type":"Point","coordinates":[-72.156387,18.82256]},"properties":{"s":"F"}},{"type":"Feature","geometry":{"type":"Point","coordinates":[-72.197017,18.835447]},"properties":{"s":"F"}},{"type":"Feature","geometry":{"type":"Point","coordinates":[-72.187257,18.837158]},"properties":{"s":"F"}},{"type":"Feature","geometry":{"type":"Point","coordinates":[-72.106139,18.805554]},"properties":{"s":"F"}},{"type":"Feature","geometry":{"type":"Point","coordinates":[-72.103744,18.825033]},"properties":{"s":"F"}},{"type":"Feature","geometry":{"type":"Point","coordinates":[-72.116972,18.83928]},"properties":{"s":"F"}},{"type":"Feature","geometry":{"type":"Point","coordinates":[-72.12685,18.84131]},"properties":{"s":"F"}},{"type":"Feature","geometry":{"type":"Point","coordinates":[-72.132741,18.843551]},"properties":{"s":"F"}},{"type":"Feature","geometry":{"type":"Point","coordinates":[-72.149989,18.845477]},"properties":{"s":"F"}},{"type":"Feature","geometry":{"type":"Point","coordinates":[-72.052063,18.801315]},"properties":{"s":"F"}},{"type":"Feature","geometry":{"type":"Point","coordinates":[-72.05516,18.8075]},"properties":{"s":"F"}},{"type":"Feature","geometry":{"type":"Point","coordinates":[-72.066532,18.810563]},"properties":{"s":"F"}},{"type":"Feature","geometry":{"type":"Point","coordinates":[-72.053952,18.810119]},"properties":{"s":"F"}},{"type":"Feature","geometry":{"type":"Point","coordinates":[-72.061231,18.812906]},"properties":{"s":"F"}},{"type":"Feature","geometry":{"type":"Point","coordinates":[-72.066488,18.817848]},"properties":{"s":"F"}},{"type":"Feature","geometry":{"type":"Point","coordinates":[-72.070144,18.820425]},"properties":{"s":"F"}},{"type":"Feature","geometry":{"type":"Point","coordinates":[-72.059651,18.820152]},"properties":{"s":"F"}},{"type":"Feature","geometry":{"type":"Point","coordinates":[-72.065512,18.827408]},"properties":{"s":"F"}},{"type":"Feature","geometry":{"type":"Point","coordinates":[-72.009618,18.807364]},"properties":{"s":"F"}},{"type":"Feature","geometry":{"type":"Point","coordinates":[-72.023923,18.820882]},"properties":{"s":"F"}},{"type":"Feature","geometry":{"type":"Point","coordinates":[-72.008016,18.82076]},"properties":{"s":"F"}},{"type":"Feature","geometry":{"type":"Point","coordinates":[-72.028027,18.82852]},"properties":{"s":"F"}},{"type":"Feature","geometry":{"type":"Point","coordinates":[-72.034731,18.832206]},"properties":{"s":"F"}},{"type":"Feature","geometry":{"type":"Point","coordinates":[-72.972761,18.862365]},"properties":{"s":"F"}},{"type":"Feature","geometry":{"type":"Point","coordinates":[-72.983345,18.866917]},"properties":{"s":"F"}},{"type":"Feature","geometry":{"type":"Point","coordinates":[-72.999998,18.877767]},"properties":{"s":"F"}},{"type":"Feature","geometry":{"type":"Point","coordinates":[-72.948259,18.853064]},"properties":{"s":"F"}},{"type":"Feature","geometry":{"type":"Point","coordinates":[-72.948065,18.853113]},"properties":{"s":"F"}},{"type":"Feature","geometry":{"type":"Point","coordinates":[-72.350302,18.852349]},"properties":{"s":"F"}},{"type":"Feature","geometry":{"type":"Point","coordinates":[-72.364972,18.861303]},"properties":{"s":"F"}},{"type":"Feature","geometry":{"type":"Point","coordinates":[-72.345723,18.853305]},"properties":{"s":"F"}},{"type":"Feature","geometry":{"type":"Point","coordinates":[-72.267017,18.896983]},"properties":{"s":"F"}},{"type":"Feature","geometry":{"type":"Point","coordinates":[-72.210465,18.856853]},"properties":{"s":"F"}},{"type":"Feature","geometry":{"type":"Point","coordinates":[-72.232975,18.858588]},"properties":{"s":"F"}},{"type":"Feature","geometry":{"type":"Point","coordinates":[-72.221869,18.863854]},"properties":{"s":"F"}},{"type":"Feature","geometry":{"type":"Point","coordinates":[-72.238214,18.879678]},"properties":{"s":"F"}},{"type":"Feature","geometry":{"type":"Point","coordinates":[-72.222157,18.87818]},"properties":{"s":"F"}},{"type":"Feature","geometry":{"type":"Point","coordinates":[-72.1598,18.858758]},"properties":{"s":"F"}},{"type":"Feature","geometry":{"type":"Point","coordinates":[-72.173083,18.885494]},"properties":{"s":"F"}},{"type":"Feature","geometry":{"type":"Point","coordinates":[-72.158643,18.886681]},"properties":{"s":"F"}},{"type":"Feature","geometry":{"type":"Point","coordinates":[-72.122649,18.855836]},"properties":{"s":"F"}},{"type":"Feature","geometry":{"type":"Point","coordinates":[-72.129054,18.871007]},"properties":{"s":"F"}},{"type":"Feature","geometry":{"type":"Point","coordinates":[-72.125657,18.880122]},"properties":{"s":"F"}},{"type":"Feature","geometry":{"type":"Point","coordinates":[-72.097164,18.855096]},"properties":{"s":"F"}},{"type":"Feature","geometry":{"type":"Point","coordinates":[-72.088149,18.872583]},"properties":{"s":"F"}},{"type":"Feature","geometry":{"type":"Point","coordinates":[-72.060661,18.8755]},"properties":{"s":"F"}},{"type":"Feature","geometry":{"type":"Point","coordinates":[-72.077444,18.883992]},"properties":{"s":"F"}},{"type":"Feature","geometry":{"type":"Point","coordinates":[-72.064197,18.891654]},"properties":{"s":"F"}},{"type":"Feature","geometry":{"type":"Point","coordinates":[-72.068817,18.89866]},"properties":{"s":"F"}},{"type":"Feature","geometry":{"type":"Point","coordinates":[-72.007901,18.864626]},"properties":{"s":"F"}},{"type":"Feature","geometry":{"type":"Point","coordinates":[-72.020482,18.869594]},"properties":{"s":"F"}},{"type":"Feature","geometry":{"type":"Point","coordinates":[-72.004702,18.867987]},"properties":{"s":"F"}},{"type":"Feature","geometry":{"type":"Point","coordinates":[-72.019168,18.871419]},"properties":{"s":"F"}},{"type":"Feature","geometry":{"type":"Point","coordinates":[-72.039068,18.876494]},"properties":{"s":"F"}},{"type":"Feature","geometry":{"type":"Point","coordinates":[-72.010886,18.89743]},"properties":{"s":"F"}},{"type":"Feature","geometry":{"type":"Point","coordinates":[-72.006755,18.895518]},"properties":{"s":"F"}},{"type":"Feature","geometry":{"type":"Point","coordinates":[-72.26505,18.900617]},"properties":{"s":"F"}},{"type":"Feature","geometry":{"type":"Point","coordinates":[-72.148114,18.921207]},"properties":{"s":"F"}},{"type":"Feature","geometry":{"type":"Point","coordinates":[-72.136906,18.923891]},"properties":{"s":"F"}},{"type":"Feature","geometry":{"type":"Point","coordinates":[-72.11789,18.928414]},"properties":{"s":"F"}},{"type":"Feature","geometry":{"type":"Point","coordinates":[-72.091019,18.909789]},"properties":{"s":"F"}},{"type":"Feature","geometry":{"type":"Point","coordinates":[-72.087414,18.916865]},"properties":{"s":"F"}},{"type":"Feature","geometry":{"type":"Point","coordinates":[-72.073605,18.927467]},"properties":{"s":"F"}},{"type":"Feature","geometry":{"type":"Point","coordinates":[-72.089199,18.930052]},"properties":{"s":"F"}},{"type":"Feature","geometry":{"type":"Point","coordinates":[-72.094066,18.944068]},"properties":{"s":"F"}},{"type":"Feature","geometry":{"type":"Point","coordinates":[-72.09376,18.946029]},"properties":{"s":"F"}},{"type":"Feature","geometry":{"type":"Point","coordinates":[-72.38805,18.985333]},"properties":{"s":"F"}},{"type":"Feature","geometry":{"type":"Point","coordinates":[-72.389078,18.985472]},"properties":{"s":"F"}},{"type":"Feature","geometry":{"type":"Point","coordinates":[-72.368183,18.987917]},"properties":{"s":"F"}},{"type":"Feature","geometry":{"type":"Point","coordinates":[-72.212605,18.958893]},"properties":{"s":"F"}},{"type":"Feature","geometry":{"type":"Point","coordinates":[-72.219302,18.985051]},"properties":{"s":"F"}},{"type":"Feature","geometry":{"type":"Point","coordinates":[-72.175206,18.959265]},"properties":{"s":"F"}},{"type":"Feature","geometry":{"type":"Point","coordinates":[-72.167936,18.990105]},"properties":{"s":"F"}},{"type":"Feature","geometry":{"type":"Point","coordinates":[-72.121293,18.951518]},"properties":{"s":"F"}},{"type":"Feature","geometry":{"type":"Point","coordinates":[-72.108717,18.958306]},"properties":{"s":"F"}},{"type":"Feature","geometry":{"type":"Point","coordinates":[-72.123452,18.992785]},"properties":{"s":"F"}},{"type":"Feature","geometry":{"type":"Point","coordinates":[-72.075689,18.96919]},"properties":{"s":"F"}},{"type":"Feature","geometry":{"type":"Point","coordinates":[-72.096187,18.990278]},"properties":{"s":"F"}},{"type":"Feature","geometry":{"type":"Point","coordinates":[-72.097109,18.991148]},"properties":{"s":"F"}},{"type":"Feature","geometry":{"type":"Point","coordinates":[-72.096942,18.991639]},"properties":{"s":"F"}},{"type":"Feature","geometry":{"type":"Point","coordinates":[-72.084525,18.993741]},"properties":{"s":"F"}},{"type":"Feature","geometry":{"type":"Point","coordinates":[-72.002883,18.954185]},"properties":{"s":"F"}},{"type":"Feature","geometry":{"type":"Point","coordinates":[-72.012697,18.978247]},"properties":{"s":"F"}},{"type":"Feature","geometry":{"type":"Point","coordinates":[-72.031399,18.994262]},"properties":{"s":"F"}},{"type":"Feature","geometry":{"type":"Point","coordinates":[-71.903079,18.723752]},"properties":{"s":"F"}},{"type":"Feature","geometry":{"type":"Point","coordinates":[-71.881508,18.728067]},"properties":{"s":"F"}},{"type":"Feature","geometry":{"type":"Point","coordinates":[-71.856313,18.749406]},"properties":{"s":"F"}},{"type":"Feature","geometry":{"type":"Point","coordinates":[-71.853741,18.749009]},"properties":{"s":"F"}},{"type":"Feature","geometry":{"type":"Point","coordinates":[-71.816569,18.710353]},"properties":{"s":"F"}},{"type":"Feature","geometry":{"type":"Point","coordinates":[-71.806527,18.721516]},"properties":{"s":"F"}},{"type":"Feature","geometry":{"type":"Point","coordinates":[-71.80192,18.726528]},"properties":{"s":"F"}},{"type":"Feature","geometry":{"type":"Point","coordinates":[-71.827143,18.742438]},"properties":{"s":"F"}},{"type":"Feature","geometry":{"type":"Point","coordinates":[-71.802343,18.740942]},"properties":{"s":"F"}},{"type":"Feature","geometry":{"type":"Point","coordinates":[-71.815277,18.743746]},"properties":{"s":"F"}},{"type":"Feature","geometry":{"type":"Point","coordinates":[-71.846196,18.7492]},"properties":{"s":"F"}},{"type":"Feature","geometry":{"type":"Point","coordinates":[-71.820787,18.748714]},"properties":{"s":"F"}},{"type":"Feature","geometry":{"type":"Point","coordinates":[-71.769528,18.717702]},"properties":{"s":"F"}},{"type":"Feature","geometry":{"type":"Point","coordinates":[-71.76218,18.723461]},"properties":{"s":"F"}},{"type":"Feature","geometry":{"type":"Point","coordinates":[-71.77072,18.726151]},"properties":{"s":"F"}},{"type":"Feature","geometry":{"type":"Point","coordinates":[-71.754423,18.725796]},"properties":{"s":"F"}},{"type":"Feature","geometry":{"type":"Point","coordinates":[-71.761522,18.730973]},"properties":{"s":"F"}},{"type":"Feature","geometry":{"type":"Point","coordinates":[-71.781259,18.735254]},"properties":{"s":"F"}},{"type":"Feature","geometry":{"type":"Point","coordinates":[-71.744053,18.725811]},"properties":{"s":"F"}},{"type":"Feature","geometry":{"type":"Point","coordinates":[-71.984405,18.767584]},"properties":{"s":"F"}},{"type":"Feature","geometry":{"type":"Point","coordinates":[-71.997748,18.781698]},"properties":{"s":"F"}},{"type":"Feature","geometry":{"type":"Point","coordinates":[-71.97693,18.794139]},"properties":{"s":"F"}},{"type":"Feature","geometry":{"type":"Point","coordinates":[-71.952793,18.794698]},"properties":{"s":"F"}},{"type":"Feature","geometry":{"type":"Point","coordinates":[-71.945066,18.755206]},"properties":{"s":"F"}},{"type":"Feature","geometry":{"type":"Point","coordinates":[-71.904214,18.75942]},"properties":{"s":"F"}},{"type":"Feature","geometry":{"type":"Point","coordinates":[-71.901553,18.760679]},"properties":{"s":"F"}},{"type":"Feature","geometry":{"type":"Point","coordinates":[-71.935749,18.763803]},"properties":{"s":"F"}},{"type":"Feature","geometry":{"type":"Point","coordinates":[-71.942982,18.766227]},"properties":{"s":"F"}},{"type":"Feature","geometry":{"type":"Point","coordinates":[-71.937019,18.798764]},"properties":{"s":"F"}},{"type":"Feature","geometry":{"type":"Point","coordinates":[-71.869,18.753407]},"properties":{"s":"F"}},{"type":"Feature","geometry":{"type":"Point","coordinates":[-71.899956,18.766589]},"properties":{"s":"F"}},{"type":"Feature","geometry":{"type":"Point","coordinates":[-71.856744,18.784778]},"properties":{"s":"F"}},{"type":"Feature","geometry":{"type":"Point","coordinates":[-71.88594,18.787736]},"properties":{"s":"F"}},{"type":"Feature","geometry":{"type":"Point","coordinates":[-71.885651,18.788033]},"properties":{"s":"F"}},{"type":"Feature","geometry":{"type":"Point","coordinates":[-71.866494,18.793624]},"properties":{"s":"F"}},{"type":"Feature","geometry":{"type":"Point","coordinates":[-71.899475,18.79614]},"properties":{"s":"F"}},{"type":"Feature","geometry":{"type":"Point","coordinates":[-71.894211,18.799979]},"properties":{"s":"F"}},{"type":"Feature","geometry":{"type":"Point","coordinates":[-71.816668,18.771281]},"properties":{"s":"F"}},{"type":"Feature","geometry":{"type":"Point","coordinates":[-71.806909,18.772935]},"properties":{"s":"F"}},{"type":"Feature","geometry":{"type":"Point","coordinates":[-71.810123,18.784817]},"properties":{"s":"F"}},{"type":"Feature","geometry":{"type":"Point","coordinates":[-71.77778,18.774395]},"properties":{"s":"F"}},{"type":"Feature","geometry":{"type":"Point","coordinates":[-71.766204,18.776111]},"properties":{"s":"F"}},{"type":"Feature","geometry":{"type":"Point","coordinates":[-71.757546,18.777129]},"properties":{"s":"F"}},{"type":"Feature","geometry":{"type":"Point","coordinates":[-71.958578,18.801982]},"properties":{"s":"F"}},{"type":"Feature","geometry":{"type":"Point","coordinates":[-71.96686,18.804469]},"properties":{"s":"F"}},{"type":"Feature","geometry":{"type":"Point","coordinates":[-71.964014,18.803326]},"properties":{"s":"F"}},{"type":"Feature","geometry":{"type":"Point","coordinates":[-71.953932,18.814981]},"properties":{"s":"F"}},{"type":"Feature","geometry":{"type":"Point","coordinates":[-71.953231,18.826659]},"properties":{"s":"F"}},{"type":"Feature","geometry":{"type":"Point","coordinates":[-71.951914,18.840246]},"properties":{"s":"F"}},{"type":"Feature","geometry":{"type":"Point","coordinates":[-71.952139,18.840771]},"properties":{"s":"F"}},{"type":"Feature","geometry":{"type":"Point","coordinates":[-71.96128,18.842541]},"properties":{"s":"F"}},{"type":"Feature","geometry":{"type":"Point","coordinates":[-71.959955,18.84262]},"properties":{"s":"F"}},{"type":"Feature","geometry":{"type":"Point","coordinates":[-71.956904,18.845859]},"properties":{"s":"F"}},{"type":"Feature","geometry":{"type":"Point","coordinates":[-71.931804,18.807553]},"properties":{"s":"F"}},{"type":"Feature","geometry":{"type":"Point","coordinates":[-71.929591,18.808437]},"properties":{"s":"F"}},{"type":"Feature","geometry":{"type":"Point","coordinates":[-71.913902,18.819993]},"properties":{"s":"F"}},{"type":"Feature","geometry":{"type":"Point","coordinates":[-71.911529,18.818556]},"properties":{"s":"F"}},{"type":"Feature","geometry":{"type":"Point","coordinates":[-71.946432,18.820375]},"properties":{"s":"F"}},{"type":"Feature","geometry":{"type":"Point","coordinates":[-71.93331,18.821389]},"properties":{"s":"F"}},{"type":"Feature","geometry":{"type":"Point","coordinates":[-71.933037,18.829534]},"properties":{"s":"F"}},{"type":"Feature","geometry":{"type":"Point","coordinates":[-71.908583,18.829097]},"properties":{"s":"F"}},{"type":"Feature","geometry":{"type":"Point","coordinates":[-71.930041,18.832385]},"properties":{"s":"F"}},{"type":"Feature","geometry":{"type":"Point","coordinates":[-71.930659,18.834563]},"properties":{"s":"F"}},{"type":"Feature","geometry":{"type":"Point","coordinates":[-71.926575,18.834605]},"properties":{"s":"F"}},{"type":"Feature","geometry":{"type":"Point","coordinates":[-71.920711,18.837462]},"properties":{"s":"F"}},{"type":"Feature","geometry":{"type":"Point","coordinates":[-71.909798,18.836719]},"properties":{"s":"F"}},{"type":"Feature","geometry":{"type":"Point","coordinates":[-71.900295,18.837806]},"properties":{"s":"F"}},{"type":"Feature","geometry":{"type":"Point","coordinates":[-71.900579,18.83942]},"properties":{"s":"F"}},{"type":"Feature","geometry":{"type":"Point","coordinates":[-71.918871,18.84622]},"properties":{"s":"F"}},{"type":"Feature","geometry":{"type":"Point","coordinates":[-71.929879,18.848377]},"properties":{"s":"F"}},{"type":"Feature","geometry":{"type":"Point","coordinates":[-71.918651,18.847507]},"properties":{"s":"F"}},{"type":"Feature","geometry":{"type":"Point","coordinates":[-71.893886,18.816358]},"properties":{"s":"F"}},{"type":"Feature","geometry":{"type":"Point","coordinates":[-71.894059,18.816624]},"properties":{"s":"F"}},{"type":"Feature","geometry":{"type":"Point","coordinates":[-71.896868,18.820865]},"properties":{"s":"F"}},{"type":"Feature","geometry":{"type":"Point","coordinates":[-71.897477,18.826211]},"properties":{"s":"F"}},{"type":"Feature","geometry":{"type":"Point","coordinates":[-71.854697,18.827797]},"properties":{"s":"F"}},{"type":"Feature","geometry":{"type":"Point","coordinates":[-71.89966,18.838483]},"properties":{"s":"F"}},{"type":"Feature","geometry":{"type":"Point","coordinates":[-71.894763,18.838465]},"properties":{"s":"F"}},{"type":"Feature","geometry":{"type":"Point","coordinates":[-71.899717,18.840555]},"properties":{"s":"F"}},{"type":"Feature","geometry":{"type":"Point","coordinates":[-71.877836,18.840046]},"properties":{"s":"F"}},{"type":"Feature","geometry":{"type":"Point","coordinates":[-71.806963,18.819505]},"properties":{"s":"F"}},{"type":"Feature","geometry":{"type":"Point","coordinates":[-71.788891,18.827244]},"properties":{"s":"F"}},{"type":"Feature","geometry":{"type":"Point","coordinates":[-71.750586,18.828321]},"properties":{"s":"F"}},{"type":"Feature","geometry":{"type":"Point","coordinates":[-71.771063,18.83166]},"properties":{"s":"F"}},{"type":"Feature","geometry":{"type":"Point","coordinates":[-71.753011,18.830082]},"properties":{"s":"F"}},{"type":"Feature","geometry":{"type":"Point","coordinates":[-71.767081,18.83695]},"properties":{"s":"F"}},{"type":"Feature","geometry":{"type":"Point","coordinates":[-71.767647,18.839066]},"properties":{"s":"F"}},{"type":"Feature","geometry":{"type":"Point","coordinates":[-71.760716,18.838133]},"properties":{"s":"F"}},{"type":"Feature","geometry":{"type":"Point","coordinates":[-71.784501,18.848585]},"properties":{"s":"F"}},{"type":"Feature","geometry":{"type":"Point","coordinates":[-71.991555,18.859471]},"properties":{"s":"F"}},{"type":"Feature","geometry":{"type":"Point","coordinates":[-71.957582,18.857769]},"properties":{"s":"F"}},{"type":"Feature","geometry":{"type":"Point","coordinates":[-71.955525,18.858331]},"properties":{"s":"F"}},{"type":"Feature","geometry":{"type":"Point","coordinates":[-71.983111,18.872698]},"properties":{"s":"F"}},{"type":"Feature","geometry":{"type":"Point","coordinates":[-71.968014,18.875183]},"properties":{"s":"F"}},{"type":"Feature","geometry":{"type":"Point","coordinates":[-71.98511,18.886471]},"properties":{"s":"F"}},{"type":"Feature","geometry":{"type":"Point","coordinates":[-71.977318,18.889972]},"properties":{"s":"F"}},{"type":"Feature","geometry":{"type":"Point","coordinates":[-71.953792,18.896249]},"properties":{"s":"F"}},{"type":"Feature","geometry":{"type":"Point","coordinates":[-71.955744,18.899826]},"properties":{"s":"F"}},{"type":"Feature","geometry":{"type":"Point","coordinates":[-71.955362,18.899917]},"properties":{"s":"F"}},{"type":"Feature","geometry":{"type":"Point","coordinates":[-71.911667,18.851481]},"properties":{"s":"F"}},{"type":"Feature","geometry":{"type":"Point","coordinates":[-71.919284,18.878247]},"properties":{"s":"F"}},{"type":"Feature","geometry":{"type":"Point","coordinates":[-71.944744,18.88161]},"properties":{"s":"F"}},{"type":"Feature","geometry":{"type":"Point","coordinates":[-71.931777,18.890056]},"properties":{"s":"F"}},{"type":"Feature","geometry":{"type":"Point","coordinates":[-71.853514,18.871385]},"properties":{"s":"F"}},{"type":"Feature","geometry":{"type":"Point","coordinates":[-71.805841,18.856224]},"properties":{"s":"F"}},{"type":"Feature","geometry":{"type":"Point","coordinates":[-71.828073,18.860853]},"properties":{"s":"F"}},{"type":"Feature","geometry":{"type":"Point","coordinates":[-71.822421,18.862724]},"properties":{"s":"F"}},{"type":"Feature","geometry":{"type":"Point","coordinates":[-71.846979,18.888828]},"properties":{"s":"F"}},{"type":"Feature","geometry":{"type":"Point","coordinates":[-71.778272,18.850921]},"properties":{"s":"F"}},{"type":"Feature","geometry":{"type":"Point","coordinates":[-71.752357,18.851659]},"properties":{"s":"F"}},{"type":"Feature","geometry":{"type":"Point","coordinates":[-71.781428,18.853707]},"properties":{"s":"F"}},{"type":"Feature","geometry":{"type":"Point","coordinates":[-71.751349,18.864979]},"properties":{"s":"F"}},{"type":"Feature","geometry":{"type":"Point","coordinates":[-71.788166,18.884463]},"properties":{"s":"F"}},{"type":"Feature","geometry":{"type":"Point","coordinates":[-71.745243,18.852876]},"properties":{"s":"N"}},{"type":"Feature","geometry":{"type":"Point","coordinates":[-71.738175,18.85659]},"properties":{"s":"F"}},{"type":"Feature","geometry":{"type":"Point","coordinates":[-71.736254,18.861044]},"properties":{"s":"F"}},{"type":"Feature","geometry":{"type":"Point","coordinates":[-71.831289,18.90669]},"properties":{"s":"F"}},{"type":"Feature","geometry":{"type":"Point","coordinates":[-71.80276,18.907546]},"properties":{"s":"F"}},{"type":"Feature","geometry":{"type":"Point","coordinates":[-71.998829,18.957746]},"properties":{"s":"F"}},{"type":"Feature","geometry":{"type":"Point","coordinates":[-71.9826,18.964103]},"properties":{"s":"F"}},{"type":"Feature","geometry":{"type":"Point","coordinates":[-71.985327,18.965702]},"properties":{"s":"F"}},{"type":"Feature","geometry":{"type":"Point","coordinates":[-71.985771,18.965775]},"properties":{"s":"F"}},{"type":"Feature","geometry":{"type":"Point","coordinates":[-71.985358,18.966207]},"properties":{"s":"F"}},{"type":"Feature","geometry":{"type":"Point","coordinates":[-71.991813,18.968244]},"properties":{"s":"F"}},{"type":"Feature","geometry":{"type":"Point","coordinates":[-71.994047,18.973676]},"properties":{"s":"F"}},{"type":"Feature","geometry":{"type":"Point","coordinates":[-71.961996,18.97996]},"properties":{"s":"F"}},{"type":"Feature","geometry":{"type":"Point","coordinates":[-71.961515,18.984201]},"properties":{"s":"F"}},{"type":"Feature","geometry":{"type":"Point","coordinates":[-71.93598,18.952116]},"properties":{"s":"F"}},{"type":"Feature","geometry":{"type":"Point","coordinates":[-71.942248,18.96109]},"properties":{"s":"F"}},{"type":"Feature","geometry":{"type":"Point","coordinates":[-71.949268,18.963765]},"properties":{"s":"F"}},{"type":"Feature","geometry":{"type":"Point","coordinates":[-71.922296,18.968235]},"properties":{"s":"F"}},{"type":"Feature","geometry":{"type":"Point","coordinates":[-71.911975,18.969369]},"properties":{"s":"F"}},{"type":"Feature","geometry":{"type":"Point","coordinates":[-71.939806,18.974327]},"properties":{"s":"F"}},{"type":"Feature","geometry":{"type":"Point","coordinates":[-71.931572,18.975689]},"properties":{"s":"F"}},{"type":"Feature","geometry":{"type":"Point","coordinates":[-71.926631,18.977928]},"properties":{"s":"F"}},{"type":"Feature","geometry":{"type":"Point","coordinates":[-71.909976,18.983953]},"properties":{"s":"F"}},{"type":"Feature","geometry":{"type":"Point","coordinates":[-71.903436,18.988699]},"properties":{"s":"F"}},{"type":"Feature","geometry":{"type":"Point","coordinates":[-71.923784,18.992563]},"properties":{"s":"F"}},{"type":"Feature","geometry":{"type":"Point","coordinates":[-71.909903,18.994454]},"properties":{"s":"F"}},{"type":"Feature","geometry":{"type":"Point","coordinates":[-71.889346,18.951952]},"properties":{"s":"F"}},{"type":"Feature","geometry":{"type":"Point","coordinates":[-71.886985,18.979711]},"properties":{"s":"F"}},{"type":"Feature","geometry":{"type":"Point","coordinates":[-71.880965,18.979722]},"properties":{"s":"F"}},{"type":"Feature","geometry":{"type":"Point","coordinates":[-71.899637,18.980393]},"properties":{"s":"F"}},{"type":"Feature","geometry":{"type":"Point","coordinates":[-71.884205,18.9988]},"properties":{"s":"F"}},{"type":"Feature","geometry":{"type":"Point","coordinates":[-72.171502,19.009455]},"properties":{"s":"F"}},{"type":"Feature","geometry":{"type":"Point","coordinates":[-72.126936,19.026928]},"properties":{"s":"F"}},{"type":"Feature","geometry":{"type":"Point","coordinates":[-72.113741,19.028311]},"properties":{"s":"F"}},{"type":"Feature","geometry":{"type":"Point","coordinates":[-72.126819,19.04459]},"properties":{"s":"F"}},{"type":"Feature","geometry":{"type":"Point","coordinates":[-72.070347,19.0427]},"properties":{"s":"F"}},{"type":"Feature","geometry":{"type":"Point","coordinates":[-72.006447,19.043393]},"properties":{"s":"F"}},{"type":"Feature","geometry":{"type":"Point","coordinates":[-72.006369,19.044422]},"properties":{"s":"F"}},{"type":"Feature","geometry":{"type":"Point","coordinates":[-72.007364,19.047458]},"properties":{"s":"F"}},{"type":"Feature","geometry":{"type":"Point","coordinates":[-72.015759,19.048181]},"properties":{"s":"F"}},{"type":"Feature","geometry":{"type":"Point","coordinates":[-72.127211,19.075454]},"properties":{"s":"F"}},{"type":"Feature","geometry":{"type":"Point","coordinates":[-72.018696,19.061028]},"properties":{"s":"F"}},{"type":"Feature","geometry":{"type":"Point","coordinates":[-72.009041,19.066939]},"properties":{"s":"F"}},{"type":"Feature","geometry":{"type":"Point","coordinates":[-72.020679,19.070665]},"properties":{"s":"F"}},{"type":"Feature","geometry":{"type":"Point","coordinates":[-72.023886,19.075982]},"properties":{"s":"F"}},{"type":"Feature","geometry":{"type":"Point","coordinates":[-72.039735,19.084366]},"properties":{"s":"F"}},{"type":"Feature","geometry":{"type":"Point","coordinates":[-72.030201,19.083836]},"properties":{"s":"F"}},{"type":"Feature","geometry":{"type":"Point","coordinates":[-72.402187,19.144072]},"properties":{"s":"F"}},{"type":"Feature","geometry":{"type":"Point","coordinates":[-72.429699,19.145758]},"properties":{"s":"F"}},{"type":"Feature","geometry":{"type":"Point","coordinates":[-72.428265,19.14697]},"properties":{"s":"F"}},{"type":"Feature","geometry":{"type":"Point","coordinates":[-72.343498,19.125128]},"properties":{"s":"F"}},{"type":"Feature","geometry":{"type":"Point","coordinates":[-72.322296,19.149658]},"properties":{"s":"F"}},{"type":"Feature","geometry":{"type":"Point","coordinates":[-72.220439,19.139716]},"properties":{"s":"F"}},{"type":"Feature","geometry":{"type":"Point","coordinates":[-72.162965,19.116674]},"properties":{"s":"F"}},{"type":"Feature","geometry":{"type":"Point","coordinates":[-72.163148,19.13493]},"properties":{"s":"F"}},{"type":"Feature","geometry":{"type":"Point","coordinates":[-72.163947,19.139109]},"properties":{"s":"F"}},{"type":"Feature","geometry":{"type":"Point","coordinates":[-72.199927,19.141048]},"properties":{"s":"F"}},{"type":"Feature","geometry":{"type":"Point","coordinates":[-72.136219,19.11715]},"properties":{"s":"F"}},{"type":"Feature","geometry":{"type":"Point","coordinates":[-72.111794,19.128496]},"properties":{"s":"F"}},{"type":"Feature","geometry":{"type":"Point","coordinates":[-72.138662,19.139814]},"properties":{"s":"F"}},{"type":"Feature","geometry":{"type":"Point","coordinates":[-72.108514,19.142175]},"properties":{"s":"F"}},{"type":"Feature","geometry":{"type":"Point","coordinates":[-72.089873,19.102632]},"properties":{"s":"F"}},{"type":"Feature","geometry":{"type":"Point","coordinates":[-72.08851,19.102627]},"properties":{"s":"F"}},{"type":"Feature","geometry":{"type":"Point","coordinates":[-72.053951,19.110301]},"properties":{"s":"F"}},{"type":"Feature","geometry":{"type":"Point","coordinates":[-72.067852,19.115189]},"properties":{"s":"F"}},{"type":"Feature","geometry":{"type":"Point","coordinates":[-72.05738,19.122926]},"properties":{"s":"F"}},{"type":"Feature","geometry":{"type":"Point","coordinates":[-72.063497,19.126759]},"properties":{"s":"F"}},{"type":"Feature","geometry":{"type":"Point","coordinates":[-72.087475,19.13324]},"properties":{"s":"F"}},{"type":"Feature","geometry":{"type":"Point","coordinates":[-72.075819,19.141011]},"properties":{"s":"F"}},{"type":"Feature","geometry":{"type":"Point","coordinates":[-72.068657,19.141315]},"properties":{"s":"F"}},{"type":"Feature","geometry":{"type":"Point","coordinates":[-72.086433,19.144683]},"properties":{"s":"F"}},{"type":"Feature","geometry":{"type":"Point","coordinates":[-72.09924,19.146519]},"properties":{"s":"F"}},{"type":"Feature","geometry":{"type":"Point","coordinates":[-72.076402,19.147486]},"properties":{"s":"F"}},{"type":"Feature","geometry":{"type":"Point","coordinates":[-72.095295,19.148144]},"properties":{"s":"F"}},{"type":"Feature","geometry":{"type":"Point","coordinates":[-72.010747,19.103765]},"properties":{"s":"F"}},{"type":"Feature","geometry":{"type":"Point","coordinates":[-72.035054,19.105401]},"properties":{"s":"F"}},{"type":"Feature","geometry":{"type":"Point","coordinates":[-72.005681,19.10689]},"properties":{"s":"F"}},{"type":"Feature","geometry":{"type":"Point","coordinates":[-72.008062,19.111849]},"properties":{"s":"F"}},{"type":"Feature","geometry":{"type":"Point","coordinates":[-72.015807,19.14224]},"properties":{"s":"F"}},{"type":"Feature","geometry":{"type":"Point","coordinates":[-72.00804,19.14046]},"properties":{"s":"F"}},{"type":"Feature","geometry":{"type":"Point","coordinates":[-72.00014,19.141056]},"properties":{"s":"F"}},{"type":"Feature","geometry":{"type":"Point","coordinates":[-72.024604,19.143675]},"properties":{"s":"F"}},{"type":"Feature","geometry":{"type":"Point","coordinates":[-72.018196,19.14396]},"properties":{"s":"F"}},{"type":"Feature","geometry":{"type":"Point","coordinates":[-72.014503,19.145661]},"properties":{"s":"F"}},{"type":"Feature","geometry":{"type":"Point","coordinates":[-72.622392,19.18005]},"properties":{"s":"F"}},{"type":"Feature","geometry":{"type":"Point","coordinates":[-72.571845,19.186087]},"properties":{"s":"F"}},{"type":"Feature","geometry":{"type":"Point","coordinates":[-72.596507,19.18754]},"properties":{"s":"F"}},{"type":"Feature","geometry":{"type":"Point","coordinates":[-72.572907,19.189182]},"properties":{"s":"F"}},{"type":"Feature","geometry":{"type":"Point","coordinates":[-72.567205,19.194017]},"properties":{"s":"F"}},{"type":"Feature","geometry":{"type":"Point","coordinates":[-72.489635,19.175468]},"properties":{"s":"F"}},{"type":"Feature","geometry":{"type":"Point","coordinates":[-72.488607,19.17808]},"properties":{"s":"F"}},{"type":"Feature","geometry":{"type":"Point","coordinates":[-72.490282,19.193043]},"properties":{"s":"F"}},{"type":"Feature","geometry":{"type":"Point","coordinates":[-72.432415,19.176431]},"properties":{"s":"F"}},{"type":"Feature","geometry":{"type":"Point","coordinates":[-72.437744,19.180596]},"properties":{"s":"F"}},{"type":"Feature","geometry":{"type":"Point","coordinates":[-72.363445,19.171248]},"properties":{"s":"F"}},{"type":"Feature","geometry":{"type":"Point","coordinates":[-72.240064,19.152115]},"properties":{"s":"F"}},{"type":"Feature","geometry":{"type":"Point","coordinates":[-72.231688,19.159707]},"properties":{"s":"F"}},{"type":"Feature","geometry":{"type":"Point","coordinates":[-72.206332,19.159497]},"properties":{"s":"F"}},{"type":"Feature","geometry":{"type":"Point","coordinates":[-72.212902,19.162072]},"properties":{"s":"F"}},{"type":"Feature","geometry":{"type":"Point","coordinates":[-72.152787,19.172311]},"properties":{"s":"F"}},{"type":"Feature","geometry":{"type":"Point","coordinates":[-72.167879,19.194372]},"properties":{"s":"F"}},{"type":"Feature","geometry":{"type":"Point","coordinates":[-72.133431,19.151274]},"properties":{"s":"F"}},{"type":"Feature","geometry":{"type":"Point","coordinates":[-72.114322,19.164079]},"properties":{"s":"F"}},{"type":"Feature","geometry":{"type":"Point","coordinates":[-72.103602,19.169918]},"properties":{"s":"F"}},{"type":"Feature","geometry":{"type":"Point","coordinates":[-72.141783,19.176108]},"properties":{"s":"N"}},{"type":"Feature","geometry":{"type":"Point","coordinates":[-72.137111,19.180266]},"properties":{"s":"F"}},{"type":"Feature","geometry":{"type":"Point","coordinates":[-72.141097,19.183639]},"properties":{"s":"F"}},{"type":"Feature","geometry":{"type":"Point","coordinates":[-72.101319,19.19172]},"properties":{"s":"F"}},{"type":"Feature","geometry":{"type":"Point","coordinates":[-72.087673,19.154201]},"properties":{"s":"F"}},{"type":"Feature","geometry":{"type":"Point","coordinates":[-72.054063,19.165613]},"properties":{"s":"F"}},{"type":"Feature","geometry":{"type":"Point","coordinates":[-72.067685,19.171876]},"properties":{"s":"F"}},{"type":"Feature","geometry":{"type":"Point","coordinates":[-72.061681,19.176069]},"properties":{"s":"F"}},{"type":"Feature","geometry":{"type":"Point","coordinates":[-72.074494,19.17955]},"properties":{"s":"F"}},{"type":"Feature","geometry":{"type":"Point","coordinates":[-72.075843,19.187013]},"properties":{"s":"F"}},{"type":"Feature","geometry":{"type":"Point","coordinates":[-72.069271,19.189214]},"properties":{"s":"F"}},{"type":"Feature","geometry":{"type":"Point","coordinates":[-72.061573,19.191454]},"properties":{"s":"F"}},{"type":"Feature","geometry":{"type":"Point","coordinates":[-72.071384,19.199256]},"properties":{"s":"F"}},{"type":"Feature","geometry":{"type":"Point","coordinates":[-72.009324,19.155294]},"properties":{"s":"F"}},{"type":"Feature","geometry":{"type":"Point","coordinates":[-72.003676,19.162394]},"properties":{"s":"F"}},{"type":"Feature","geometry":{"type":"Point","coordinates":[-72.003473,19.166275]},"properties":{"s":"F"}},{"type":"Feature","geometry":{"type":"Point","coordinates":[-72.018207,19.17543]},"properties":{"s":"F"}},{"type":"Feature","geometry":{"type":"Point","coordinates":[-72.020788,19.18454]},"properties":{"s":"F"}},{"type":"Feature","geometry":{"type":"Point","coordinates":[-72.009294,19.1905]},"properties":{"s":"F"}},{"type":"Feature","geometry":{"type":"Point","coordinates":[-72.003526,19.192839]},"properties":{"s":"F"}},{"type":"Feature","geometry":{"type":"Point","coordinates":[-72.607902,19.20673]},"properties":{"s":"F"}},{"type":"Feature","geometry":{"type":"Point","coordinates":[-72.600358,19.226143]},"properties":{"s":"F"}},{"type":"Feature","geometry":{"type":"Point","coordinates":[-72.59524,19.203613]},"properties":{"s":"F"}},{"type":"Feature","geometry":{"type":"Point","coordinates":[-72.557043,19.229847]},"properties":{"s":"F"}},{"type":"Feature","geometry":{"type":"Point","coordinates":[-72.581637,19.23293]},"properties":{"s":"F"}},{"type":"Feature","geometry":{"type":"Point","coordinates":[-72.552037,19.248135]},"properties":{"s":"F"}},{"type":"Feature","geometry":{"type":"Point","coordinates":[-72.506758,19.205868]},"properties":{"s":"F"}},{"type":"Feature","geometry":{"type":"Point","coordinates":[-72.509292,19.21227]},"properties":{"s":"F"}},{"type":"Feature","geometry":{"type":"Point","coordinates":[-72.514572,19.217202]},"properties":{"s":"F"}},{"type":"Feature","geometry":{"type":"Point","coordinates":[-72.525732,19.22165]},"properties":{"s":"F"}},{"type":"Feature","geometry":{"type":"Point","coordinates":[-72.51669,19.222875]},"properties":{"s":"F"}},{"type":"Feature","geometry":{"type":"Point","coordinates":[-72.529828,19.225118]},"properties":{"s":"F"}},{"type":"Feature","geometry":{"type":"Point","coordinates":[-72.517172,19.227155]},"properties":{"s":"F"}},{"type":"Feature","geometry":{"type":"Point","coordinates":[-72.53442,19.229808]},"properties":{"s":"F"}},{"type":"Feature","geometry":{"type":"Point","coordinates":[-72.533098,19.230173]},"properties":{"s":"F"}},{"type":"Feature","geometry":{"type":"Point","coordinates":[-72.531278,19.237105]},"properties":{"s":"F"}},{"type":"Feature","geometry":{"type":"Point","coordinates":[-72.518972,19.237067]},"properties":{"s":"F"}},{"type":"Feature","geometry":{"type":"Point","coordinates":[-72.52052,19.24163]},"properties":{"s":"F"}},{"type":"Feature","geometry":{"type":"Point","coordinates":[-72.503313,19.249949]},"properties":{"s":"F"}},{"type":"Feature","geometry":{"type":"Point","coordinates":[-72.498435,19.20309]},"properties":{"s":"F"}},{"type":"Feature","geometry":{"type":"Point","coordinates":[-72.47268,19.233872]},"properties":{"s":"F"}},{"type":"Feature","geometry":{"type":"Point","coordinates":[-72.474583,19.234855]},"properties":{"s":"F"}},{"type":"Feature","geometry":{"type":"Point","coordinates":[-72.477716,19.237269]},"properties":{"s":"F"}},{"type":"Feature","geometry":{"type":"Point","coordinates":[-72.48061,19.239951]},"properties":{"s":"F"}},{"type":"Feature","geometry":{"type":"Point","coordinates":[-72.184851,19.211417]},"properties":{"s":"F"}},{"type":"Feature","geometry":{"type":"Point","coordinates":[-72.169023,19.213784]},"properties":{"s":"F"}},{"type":"Feature","geometry":{"type":"Point","coordinates":[-72.154271,19.216563]},"properties":{"s":"F"}},{"type":"Feature","geometry":{"type":"Point","coordinates":[-72.18579,19.223399]},"properties":{"s":"F"}},{"type":"Feature","geometry":{"type":"Point","coordinates":[-72.172352,19.237177]},"properties":{"s":"F"}},{"type":"Feature","geometry":{"type":"Point","coordinates":[-72.173524,19.23901]},"properties":{"s":"F"}},{"type":"Feature","geometry":{"type":"Point","coordinates":[-72.153909,19.239003]},"properties":{"s":"F"}},{"type":"Feature","geometry":{"type":"Point","coordinates":[-72.13312,19.228757]},"properties":{"s":"F"}},{"type":"Feature","geometry":{"type":"Point","coordinates":[-72.132642,19.231349]},"properties":{"s":"F"}},{"type":"Feature","geometry":{"type":"Point","coordinates":[-72.108505,19.230473]},"properties":{"s":"F"}},{"type":"Feature","geometry":{"type":"Point","coordinates":[-72.132381,19.234585]},"properties":{"s":"F"}},{"type":"Feature","geometry":{"type":"Point","coordinates":[-72.130179,19.237094]},"properties":{"s":"F"}},{"type":"Feature","geometry":{"type":"Point","coordinates":[-72.118561,19.235708]},"properties":{"s":"F"}},{"type":"Feature","geometry":{"type":"Point","coordinates":[-72.135572,19.239895]},"properties":{"s":"F"}},{"type":"Feature","geometry":{"type":"Point","coordinates":[-72.128497,19.238656]},"properties":{"s":"F"}},{"type":"Feature","geometry":{"type":"Point","coordinates":[-72.105404,19.241287]},"properties":{"s":"F"}},{"type":"Feature","geometry":{"type":"Point","coordinates":[-72.125061,19.247107]},"properties":{"s":"F"}},{"type":"Feature","geometry":{"type":"Point","coordinates":[-72.119405,19.248389]},"properties":{"s":"F"}},{"type":"Feature","geometry":{"type":"Point","coordinates":[-72.060666,19.200253]},"properties":{"s":"F"}},{"type":"Feature","geometry":{"type":"Point","coordinates":[-72.078398,19.203753]},"properties":{"s":"F"}},{"type":"Feature","geometry":{"type":"Point","coordinates":[-72.065865,19.210803]},"properties":{"s":"F"}},{"type":"Feature","geometry":{"type":"Point","coordinates":[-72.068906,19.21676]},"properties":{"s":"F"}},{"type":"Feature","geometry":{"type":"Point","coordinates":[-72.064534,19.215648]},"properties":{"s":"F"}},{"type":"Feature","geometry":{"type":"Point","coordinates":[-72.091035,19.224075]},"properties":{"s":"F"}},{"type":"Feature","geometry":{"type":"Point","coordinates":[-72.091181,19.234416]},"properties":{"s":"F"}},{"type":"Feature","geometry":{"type":"Point","coordinates":[-72.074118,19.234244]},"properties":{"s":"F"}},{"type":"Feature","geometry":{"type":"Point","coordinates":[-72.087887,19.235985]},"properties":{"s":"F"}},{"type":"Feature","geometry":{"type":"Point","coordinates":[-72.076197,19.244366]},"properties":{"s":"F"}},{"type":"Feature","geometry":{"type":"Point","coordinates":[-72.01699,19.22107]},"properties":{"s":"F"}},{"type":"Feature","geometry":{"type":"Point","coordinates":[-72.004884,19.232293]},"properties":{"s":"F"}},{"type":"Feature","geometry":{"type":"Point","coordinates":[-72.02585,19.237]},"properties":{"s":"F"}},{"type":"Feature","geometry":{"type":"Point","coordinates":[-72.036415,19.245663]},"properties":{"s":"F"}},{"type":"Feature","geometry":{"type":"Point","coordinates":[-72.577278,19.277277]},"properties":{"s":"F"}},{"type":"Feature","geometry":{"type":"Point","coordinates":[-72.509863,19.260011]},"properties":{"s":"F"}},{"type":"Feature","geometry":{"type":"Point","coordinates":[-72.524051,19.268725]},"properties":{"s":"F"}},{"type":"Feature","geometry":{"type":"Point","coordinates":[-72.527259,19.27126]},"properties":{"s":"F"}},{"type":"Feature","geometry":{"type":"Point","coordinates":[-72.478172,19.27918]},"properties":{"s":"F"}},{"type":"Feature","geometry":{"type":"Point","coordinates":[-72.160193,19.254169]},"properties":{"s":"F"}},{"type":"Feature","geometry":{"type":"Point","coordinates":[-72.151672,19.291526]},"properties":{"s":"F"}},{"type":"Feature","geometry":{"type":"Point","coordinates":[-72.102135,19.252994]},"properties":{"s":"F"}},{"type":"Feature","geometry":{"type":"Point","coordinates":[-72.137524,19.25554]},"properties":{"s":"F"}},{"type":"Feature","geometry":{"type":"Point","coordinates":[-72.132591,19.256632]},"properties":{"s":"F"}},{"type":"Feature","geometry":{"type":"Point","coordinates":[-72.144427,19.261375]},"properties":{"s":"F"}},{"type":"Feature","geometry":{"type":"Point","coordinates":[-72.123851,19.264533]},"properties":{"s":"F"}},{"type":"Feature","geometry":{"type":"Point","coordinates":[-72.138002,19.267009]},"properties":{"s":"F"}},{"type":"Feature","geometry":{"type":"Point","coordinates":[-72.106645,19.266378]},"properties":{"s":"F"}},{"type":"Feature","geometry":{"type":"Point","coordinates":[-72.119166,19.267597]},"properties":{"s":"F"}},{"type":"Feature","geometry":{"type":"Point","coordinates":[-72.115164,19.272574]},"properties":{"s":"F"}},{"type":"Feature","geometry":{"type":"Point","coordinates":[-72.14934,19.290774]},"properties":{"s":"F"}},{"type":"Feature","geometry":{"type":"Point","coordinates":[-72.102759,19.293458]},"properties":{"s":"F"}},{"type":"Feature","geometry":{"type":"Point","coordinates":[-72.086799,19.253377]},"properties":{"s":"F"}},{"type":"Feature","geometry":{"type":"Point","coordinates":[-72.097967,19.257699]},"properties":{"s":"F"}},{"type":"Feature","geometry":{"type":"Point","coordinates":[-72.086882,19.268836]},"properties":{"s":"F"}},{"type":"Feature","geometry":{"type":"Point","coordinates":[-72.06756,19.27591]},"properties":{"s":"F"}},{"type":"Feature","geometry":{"type":"Point","coordinates":[-72.072594,19.282264]},"properties":{"s":"F"}},{"type":"Feature","geometry":{"type":"Point","coordinates":[-72.06646,19.285912]},"properties":{"s":"F"}},{"type":"Feature","geometry":{"type":"Point","coordinates":[-72.086827,19.287907]},"properties":{"s":"F"}},{"type":"Feature","geometry":{"type":"Point","coordinates":[-72.081098,19.287897]},"properties":{"s":"F"}},{"type":"Feature","geometry":{"type":"Point","coordinates":[-72.052401,19.289205]},"properties":{"s":"F"}},{"type":"Feature","geometry":{"type":"Point","coordinates":[-72.081637,19.291082]},"properties":{"s":"F"}},{"type":"Feature","geometry":{"type":"Point","coordinates":[-72.077164,19.291019]},"properties":{"s":"F"}},{"type":"Feature","geometry":{"type":"Point","coordinates":[-72.080109,19.292801]},"properties":{"s":"F"}},{"type":"Feature","geometry":{"type":"Point","coordinates":[-72.082366,19.294708]},"properties":{"s":"F"}},{"type":"Feature","geometry":{"type":"Point","coordinates":[-72.059875,19.294098]},"properties":{"s":"F"}},{"type":"Feature","geometry":{"type":"Point","coordinates":[-72.057984,19.294618]},"properties":{"s":"F"}},{"type":"Feature","geometry":{"type":"Point","coordinates":[-72.085368,19.296329]},"properties":{"s":"F"}},{"type":"Feature","geometry":{"type":"Point","coordinates":[-72.086445,19.297427]},"properties":{"s":"F"}},{"type":"Feature","geometry":{"type":"Point","coordinates":[-72.073724,19.298172]},"properties":{"s":"F"}},{"type":"Feature","geometry":{"type":"Point","coordinates":[-72.018675,19.259377]},"properties":{"s":"F"}},{"type":"Feature","geometry":{"type":"Point","coordinates":[-72.034289,19.266486]},"properties":{"s":"F"}},{"type":"Feature","geometry":{"type":"Point","coordinates":[-72.043132,19.269405]},"properties":{"s":"F"}},{"type":"Feature","geometry":{"type":"Point","coordinates":[-72.007972,19.276685]},"properties":{"s":"F"}},{"type":"Feature","geometry":{"type":"Point","coordinates":[-72.004812,19.278133]},"properties":{"s":"F"}},{"type":"Feature","geometry":{"type":"Point","coordinates":[-72.17917,19.30433]},"properties":{"s":"F"}},{"type":"Feature","geometry":{"type":"Point","coordinates":[-72.150427,19.313345]},"properties":{"s":"F"}},{"type":"Feature","geometry":{"type":"Point","coordinates":[-72.17664,19.31586]},"properties":{"s":"F"}},{"type":"Feature","geometry":{"type":"Point","coordinates":[-72.18177,19.32283]},"properties":{"s":"F"}},{"type":"Feature","geometry":{"type":"Point","coordinates":[-72.16216,19.343366]},"properties":{"s":"F"}},{"type":"Feature","geometry":{"type":"Point","coordinates":[-72.161316,19.347526]},"properties":{"s":"F"}},{"type":"Feature","geometry":{"type":"Point","coordinates":[-72.109009,19.30136]},"properties":{"s":"F"}},{"type":"Feature","geometry":{"type":"Point","coordinates":[-72.122628,19.305715]},"properties":{"s":"F"}},{"type":"Feature","geometry":{"type":"Point","coordinates":[-72.116677,19.307126]},"properties":{"s":"F"}},{"type":"Feature","geometry":{"type":"Point","coordinates":[-72.114646,19.308369]},"properties":{"s":"F"}},{"type":"Feature","geometry":{"type":"Point","coordinates":[-72.10588,19.310183]},"properties":{"s":"F"}},{"type":"Feature","geometry":{"type":"Point","coordinates":[-72.143221,19.312812]},"properties":{"s":"F"}},{"type":"Feature","geometry":{"type":"Point","coordinates":[-72.127771,19.314449]},"properties":{"s":"F"}},{"type":"Feature","geometry":{"type":"Point","coordinates":[-72.100565,19.313433]},"properties":{"s":"F"}},{"type":"Feature","geometry":{"type":"Point","coordinates":[-72.127993,19.316403]},"properties":{"s":"F"}},{"type":"Feature","geometry":{"type":"Point","coordinates":[-72.126845,19.315511]},"properties":{"s":"F"}},{"type":"Feature","geometry":{"type":"Point","coordinates":[-72.127495,19.317085]},"properties":{"s":"F"}},{"type":"Feature","geometry":{"type":"Point","coordinates":[-72.110791,19.315962]},"properties":{"s":"F"}},{"type":"Feature","geometry":{"type":"Point","coordinates":[-72.107018,19.315812]},"properties":{"s":"F"}},{"type":"Feature","geometry":{"type":"Point","coordinates":[-72.123075,19.319762]},"properties":{"s":"F"}},{"type":"Feature","geometry":{"type":"Point","coordinates":[-72.120627,19.319955]},"properties":{"s":"F"}},{"type":"Feature","geometry":{"type":"Point","coordinates":[-72.120665,19.321065]},"properties":{"s":"F"}},{"type":"Feature","geometry":{"type":"Point","coordinates":[-72.111795,19.320991]},"properties":{"s":"F"}},{"type":"Feature","geometry":{"type":"Point","coordinates":[-72.1189,19.322945]},"properties":{"s":"F"}},{"type":"Feature","geometry":{"type":"Point","coordinates":[-72.115353,19.32358]},"properties":{"s":"F"}},{"type":"Feature","geometry":{"type":"Point","coordinates":[-72.116151,19.32485]},"properties":{"s":"F"}},{"type":"Feature","geometry":{"type":"Point","coordinates":[-72.12802,19.32962]},"properties":{"s":"F"}},{"type":"Feature","geometry":{"type":"Point","coordinates":[-72.120139,19.334221]},"properties":{"s":"F"}},{"type":"Feature","geometry":{"type":"Point","coordinates":[-72.11926,19.33402]},"properties":{"s":"F"}},{"type":"Feature","geometry":{"type":"Point","coordinates":[-72.124507,19.336925]},"properties":{"s":"F"}},{"type":"Feature","geometry":{"type":"Point","coordinates":[-72.120234,19.336526]},"properties":{"s":"F"}},{"type":"Feature","geometry":{"type":"Point","coordinates":[-72.126206,19.338531]},"properties":{"s":"F"}},{"type":"Feature","geometry":{"type":"Point","coordinates":[-72.121324,19.337746]},"properties":{"s":"F"}},{"type":"Feature","geometry":{"type":"Point","coordinates":[-72.12207,19.338197]},"properties":{"s":"F"}},{"type":"Feature","geometry":{"type":"Point","coordinates":[-72.118207,19.338541]},"properties":{"s":"F"}},{"type":"Feature","geometry":{"type":"Point","coordinates":[-72.118076,19.338585]},"properties":{"s":"F"}},{"type":"Feature","geometry":{"type":"Point","coordinates":[-72.117191,19.338273]},"properties":{"s":"F"}},{"type":"Feature","geometry":{"type":"Point","coordinates":[-72.122126,19.340162]},"properties":{"s":"F"}},{"type":"Feature","geometry":{"type":"Point","coordinates":[-72.12083,19.3406]},"properties":{"s":"F"}},{"type":"Feature","geometry":{"type":"Point","coordinates":[-72.109031,19.340278]},"properties":{"s":"F"}},{"type":"Feature","geometry":{"type":"Point","coordinates":[-72.108773,19.340717]},"properties":{"s":"F"}},{"type":"Feature","geometry":{"type":"Point","coordinates":[-72.108159,19.340819]},"properties":{"s":"F"}},{"type":"Feature","geometry":{"type":"Point","coordinates":[-72.122521,19.343048]},"properties":{"s":"F"}},{"type":"Feature","geometry":{"type":"Point","coordinates":[-72.138926,19.347056]},"properties":{"s":"F"}},{"type":"Feature","geometry":{"type":"Point","coordinates":[-72.142277,19.349999]},"properties":{"s":"F"}},{"type":"Feature","geometry":{"type":"Point","coordinates":[-72.127002,19.349613]},"properties":{"s":"F"}},{"type":"Feature","geometry":{"type":"Point","coordinates":[-72.098932,19.301452]},"properties":{"s":"F"}},{"type":"Feature","geometry":{"type":"Point","coordinates":[-72.09828,19.301521]},"properties":{"s":"F"}},{"type":"Feature","geometry":{"type":"Point","coordinates":[-72.091237,19.301132]},"properties":{"s":"F"}},{"type":"Feature","geometry":{"type":"Point","coordinates":[-72.091078,19.303553]},"properties":{"s":"F"}},{"type":"Feature","geometry":{"type":"Point","coordinates":[-72.093059,19.30614]},"properties":{"s":"F"}},{"type":"Feature","geometry":{"type":"Point","coordinates":[-72.073502,19.306972]},"properties":{"s":"F"}},{"type":"Feature","geometry":{"type":"Point","coordinates":[-72.096625,19.31124]},"properties":{"s":"F"}},{"type":"Feature","geometry":{"type":"Point","coordinates":[-72.092803,19.312022]},"properties":{"s":"F"}},{"type":"Feature","geometry":{"type":"Point","coordinates":[-72.090014,19.314955]},"properties":{"s":"F"}},{"type":"Feature","geometry":{"type":"Point","coordinates":[-72.09333,19.318564]},"properties":{"s":"F"}},{"type":"Feature","geometry":{"type":"Point","coordinates":[-72.088481,19.342469]},"properties":{"s":"F"}},{"type":"Feature","geometry":{"type":"Point","coordinates":[-72.096772,19.342963]},"properties":{"s":"F"}},{"type":"Feature","geometry":{"type":"Point","coordinates":[-72.096799,19.343384]},"properties":{"s":"F"}},{"type":"Feature","geometry":{"type":"Point","coordinates":[-72.078736,19.34288]},"properties":{"s":"F"}},{"type":"Feature","geometry":{"type":"Point","coordinates":[-72.07066,19.343144]},"properties":{"s":"F"}},{"type":"Feature","geometry":{"type":"Point","coordinates":[-72.071575,19.343396]},"properties":{"s":"F"}},{"type":"Feature","geometry":{"type":"Point","coordinates":[-72.085166,19.349129]},"properties":{"s":"F"}},{"type":"Feature","geometry":{"type":"Point","coordinates":[-72.043144,19.308299]},"properties":{"s":"F"}},{"type":"Feature","geometry":{"type":"Point","coordinates":[-72.037001,19.307884]},"properties":{"s":"F"}},{"type":"Feature","geometry":{"type":"Point","coordinates":[-72.046309,19.312586]},"properties":{"s":"F"}},{"type":"Feature","geometry":{"type":"Point","coordinates":[-72.025872,19.31257]},"properties":{"s":"F"}},{"type":"Feature","geometry":{"type":"Point","coordinates":[-72.022998,19.31384]},"properties":{"s":"F"}},{"type":"Feature","geometry":{"type":"Point","coordinates":[-72.02412,19.319934]},"properties":{"s":"F"}},{"type":"Feature","geometry":{"type":"Point","coordinates":[-72.011087,19.329195]},"properties":{"s":"F"}},{"type":"Feature","geometry":{"type":"Point","coordinates":[-72.004512,19.328146]},"properties":{"s":"F"}},{"type":"Feature","geometry":{"type":"Point","coordinates":[-72.021886,19.334997]},"properties":{"s":"F"}},{"type":"Feature","geometry":{"type":"Point","coordinates":[-72.01648,19.33735]},"properties":{"s":"F"}},{"type":"Feature","geometry":{"type":"Point","coordinates":[-72.00542,19.339039]},"properties":{"s":"F"}},{"type":"Feature","geometry":{"type":"Point","coordinates":[-72.020103,19.341359]},"properties":{"s":"F"}},{"type":"Feature","geometry":{"type":"Point","coordinates":[-72.322567,19.37575]},"properties":{"s":"F"}},{"type":"Feature","geometry":{"type":"Point","coordinates":[-72.222789,19.378715]},"properties":{"s":"F"}},{"type":"Feature","geometry":{"type":"Point","coordinates":[-72.2075,19.39272]},"properties":{"s":"F"}},{"type":"Feature","geometry":{"type":"Point","coordinates":[-72.157901,19.357092]},"properties":{"s":"F"}},{"type":"Feature","geometry":{"type":"Point","coordinates":[-72.150758,19.357532]},"properties":{"s":"F"}},{"type":"Feature","geometry":{"type":"Point","coordinates":[-72.1599,19.376492]},"properties":{"s":"F"}},{"type":"Feature","geometry":{"type":"Point","coordinates":[-72.1775,19.38317]},"properties":{"s":"F"}},{"type":"Feature","geometry":{"type":"Point","coordinates":[-72.17575,19.39297]},"properties":{"s":"F"}},{"type":"Feature","geometry":{"type":"Point","coordinates":[-72.15107,19.39485]},"properties":{"s":"F"}},{"type":"Feature","geometry":{"type":"Point","coordinates":[-72.1766,19.39888]},"properties":{"s":"F"}},{"type":"Feature","geometry":{"type":"Point","coordinates":[-72.126656,19.352622]},"properties":{"s":"F"}},{"type":"Feature","geometry":{"type":"Point","coordinates":[-72.126747,19.355072]},"properties":{"s":"F"}},{"type":"Feature","geometry":{"type":"Point","coordinates":[-72.14713,19.361562]},"properties":{"s":"F"}},{"type":"Feature","geometry":{"type":"Point","coordinates":[-72.106831,19.360632]},"properties":{"s":"F"}},{"type":"Feature","geometry":{"type":"Point","coordinates":[-72.148629,19.363877]},"properties":{"s":"F"}},{"type":"Feature","geometry":{"type":"Point","coordinates":[-72.115499,19.365526]},"properties":{"s":"F"}},{"type":"Feature","geometry":{"type":"Point","coordinates":[-72.126989,19.375455]},"properties":{"s":"F"}},{"type":"Feature","geometry":{"type":"Point","coordinates":[-72.126852,19.38047]},"properties":{"s":"F"}},{"type":"Feature","geometry":{"type":"Point","coordinates":[-72.127579,19.384711]},"properties":{"s":"F"}},{"type":"Feature","geometry":{"type":"Point","coordinates":[-72.134338,19.38564]},"properties":{"s":"F"}},{"type":"Feature","geometry":{"type":"Point","coordinates":[-72.127374,19.385122]},"properties":{"s":"F"}},{"type":"Feature","geometry":{"type":"Point","coordinates":[-72.141126,19.389078]},"properties":{"s":"F"}},{"type":"Feature","geometry":{"type":"Point","coordinates":[-72.127047,19.38821]},"properties":{"s":"F"}},{"type":"Feature","geometry":{"type":"Point","coordinates":[-72.14987,19.394211]},"properties":{"s":"F"}},{"type":"Feature","geometry":{"type":"Point","coordinates":[-72.051325,19.351452]},"properties":{"s":"F"}},{"type":"Feature","geometry":{"type":"Point","coordinates":[-72.079215,19.362827]},"properties":{"s":"F"}},{"type":"Feature","geometry":{"type":"Point","coordinates":[-72.055843,19.377829]},"properties":{"s":"F"}},{"type":"Feature","geometry":{"type":"Point","coordinates":[-72.073891,19.385635]},"properties":{"s":"F"}},{"type":"Feature","geometry":{"type":"Point","coordinates":[-72.089533,19.390854]},"properties":{"s":"F"}},{"type":"Feature","geometry":{"type":"Point","coordinates":[-72.08135,19.39519]},"properties":{"s":"F"}},{"type":"Feature","geometry":{"type":"Point","coordinates":[-72.074951,19.399261]},"properties":{"s":"F"}},{"type":"Feature","geometry":{"type":"Point","coordinates":[-72.013492,19.35726]},"properties":{"s":"F"}},{"type":"Feature","geometry":{"type":"Point","coordinates":[-72.009608,19.361424]},"properties":{"s":"F"}},{"type":"Feature","geometry":{"type":"Point","coordinates":[-72.026469,19.363351]},"properties":{"s":"F"}},{"type":"Feature","geometry":{"type":"Point","coordinates":[-72.046084,19.393105]},"properties":{"s":"F"}},{"type":"Feature","geometry":{"type":"Point","coordinates":[-72.032704,19.398981]},"properties":{"s":"F"}},{"type":"Feature","geometry":{"type":"Point","coordinates":[-72.63577,19.44141]},"properties":{"s":"F"}},{"type":"Feature","geometry":{"type":"Point","coordinates":[-72.209511,19.403806]},"properties":{"s":"F"}},{"type":"Feature","geometry":{"type":"Point","coordinates":[-72.218901,19.40508]},"properties":{"s":"F"}},{"type":"Feature","geometry":{"type":"Point","coordinates":[-72.20675,19.42538]},"properties":{"s":"F"}},{"type":"Feature","geometry":{"type":"Point","coordinates":[-72.17866,19.40335]},"properties":{"s":"F"}},{"type":"Feature","geometry":{"type":"Point","coordinates":[-72.19736,19.41335]},"properties":{"s":"F"}},{"type":"Feature","geometry":{"type":"Point","coordinates":[-72.18887,19.43527]},"properties":{"s":"F"}},{"type":"Feature","geometry":{"type":"Point","coordinates":[-72.19925,19.43906]},"properties":{"s":"F"}},{"type":"Feature","geometry":{"type":"Point","coordinates":[-72.122508,19.403467]},"properties":{"s":"F"}},{"type":"Feature","geometry":{"type":"Point","coordinates":[-72.127953,19.418328]},"properties":{"s":"F"}},{"type":"Feature","geometry":{"type":"Point","coordinates":[-72.075001,19.401167]},"properties":{"s":"F"}},{"type":"Feature","geometry":{"type":"Point","coordinates":[-72.095525,19.411302]},"properties":{"s":"F"}},{"type":"Feature","geometry":{"type":"Point","coordinates":[-72.082959,19.41035]},"properties":{"s":"F"}},{"type":"Feature","geometry":{"type":"Point","coordinates":[-72.081698,19.410661]},"properties":{"s":"F"}},{"type":"Feature","geometry":{"type":"Point","coordinates":[-72.082259,19.412008]},"properties":{"s":"F"}},{"type":"Feature","geometry":{"type":"Point","coordinates":[-72.080139,19.412292]},"properties":{"s":"F"}},{"type":"Feature","geometry":{"type":"Point","coordinates":[-72.086041,19.412599]},"properties":{"s":"F"}},{"type":"Feature","geometry":{"type":"Point","coordinates":[-72.080821,19.412842]},"properties":{"s":"F"}},{"type":"Feature","geometry":{"type":"Point","coordinates":[-72.081779,19.413371]},"properties":{"s":"F"}},{"type":"Feature","geometry":{"type":"Point","coordinates":[-72.080556,19.414421]},"properties":{"s":"F"}},{"type":"Feature","geometry":{"type":"Point","coordinates":[-72.077741,19.413384]},"properties":{"s":"F"}},{"type":"Feature","geometry":{"type":"Point","coordinates":[-72.078384,19.413882]},"properties":{"s":"F"}},{"type":"Feature","geometry":{"type":"Point","coordinates":[-72.063646,19.413948]},"properties":{"s":"F"}},{"type":"Feature","geometry":{"type":"Point","coordinates":[-72.089194,19.418921]},"properties":{"s":"F"}},{"type":"Feature","geometry":{"type":"Point","coordinates":[-72.083623,19.418581]},"properties":{"s":"F"}},{"type":"Feature","geometry":{"type":"Point","coordinates":[-72.088976,19.424194]},"properties":{"s":"F"}},{"type":"Feature","geometry":{"type":"Point","coordinates":[-72.085633,19.42531]},"properties":{"s":"F"}},{"type":"Feature","geometry":{"type":"Point","coordinates":[-72.092072,19.428147]},"properties":{"s":"F"}},{"type":"Feature","geometry":{"type":"Point","coordinates":[-72.09502,19.431949]},"properties":{"s":"F"}},{"type":"Feature","geometry":{"type":"Point","coordinates":[-72.073982,19.433861]},"properties":{"s":"F"}},{"type":"Feature","geometry":{"type":"Point","coordinates":[-72.082773,19.435004]},"properties":{"s":"F"}},{"type":"Feature","geometry":{"type":"Point","coordinates":[-72.09562,19.438225]},"properties":{"s":"F"}},{"type":"Feature","geometry":{"type":"Point","coordinates":[-72.041154,19.401344]},"properties":{"s":"F"}},{"type":"Feature","geometry":{"type":"Point","coordinates":[-72.031367,19.402238]},"properties":{"s":"F"}},{"type":"Feature","geometry":{"type":"Point","coordinates":[-72.022624,19.402739]},"properties":{"s":"F"}},{"type":"Feature","geometry":{"type":"Point","coordinates":[-72.045543,19.44211]},"properties":{"s":"F"}},{"type":"Feature","geometry":{"type":"Point","coordinates":[-72.035405,19.444132]},"properties":{"s":"F"}},{"type":"Feature","geometry":{"type":"Point","coordinates":[-72.036622,19.449877]},"properties":{"s":"F"}},{"type":"Feature","geometry":{"type":"Point","coordinates":[-72.260994,19.489977]},"properties":{"s":"F"}},{"type":"Feature","geometry":{"type":"Point","coordinates":[-72.282493,19.497667]},"properties":{"s":"F"}},{"type":"Feature","geometry":{"type":"Point","coordinates":[-72.21227,19.45848]},"properties":{"s":"F"}},{"type":"Feature","geometry":{"type":"Point","coordinates":[-72.20692,19.45958]},"properties":{"s":"F"}},{"type":"Feature","geometry":{"type":"Point","coordinates":[-72.206869,19.475372]},"properties":{"s":"F"}},{"type":"Feature","geometry":{"type":"Point","coordinates":[-72.20752,19.47932]},"properties":{"s":"F"}},{"type":"Feature","geometry":{"type":"Point","coordinates":[-72.220921,19.494185]},"properties":{"s":"F"}},{"type":"Feature","geometry":{"type":"Point","coordinates":[-72.165658,19.471975]},"properties":{"s":"F"}},{"type":"Feature","geometry":{"type":"Point","coordinates":[-72.15252,19.475738]},"properties":{"s":"F"}},{"type":"Feature","geometry":{"type":"Point","coordinates":[-72.144056,19.450685]},"properties":{"s":"F"}},{"type":"Feature","geometry":{"type":"Point","coordinates":[-72.112034,19.466728]},"properties":{"s":"F"}},{"type":"Feature","geometry":{"type":"Point","coordinates":[-72.113665,19.468682]},"properties":{"s":"F"}},{"type":"Feature","geometry":{"type":"Point","coordinates":[-72.117507,19.473149]},"properties":{"s":"F"}},{"type":"Feature","geometry":{"type":"Point","coordinates":[-72.100739,19.478872]},"properties":{"s":"F"}},{"type":"Feature","geometry":{"type":"Point","coordinates":[-72.12823,19.484766]},"properties":{"s":"F"}},{"type":"Feature","geometry":{"type":"Point","coordinates":[-72.129619,19.488996]},"properties":{"s":"F"}},{"type":"Feature","geometry":{"type":"Point","coordinates":[-72.110036,19.491819]},"properties":{"s":"F"}},{"type":"Feature","geometry":{"type":"Point","coordinates":[-72.135287,19.49348]},"properties":{"s":"F"}},{"type":"Feature","geometry":{"type":"Point","coordinates":[-72.135403,19.497642]},"properties":{"s":"F"}},{"type":"Feature","geometry":{"type":"Point","coordinates":[-72.057899,19.458804]},"properties":{"s":"F"}},{"type":"Feature","geometry":{"type":"Point","coordinates":[-72.095853,19.476504]},"properties":{"s":"F"}},{"type":"Feature","geometry":{"type":"Point","coordinates":[-72.084475,19.476409]},"properties":{"s":"F"}},{"type":"Feature","geometry":{"type":"Point","coordinates":[-72.055533,19.497057]},"properties":{"s":"F"}},{"type":"Feature","geometry":{"type":"Point","coordinates":[-72.037623,19.456743]},"properties":{"s":"F"}},{"type":"Feature","geometry":{"type":"Point","coordinates":[-72.02626,19.457112]},"properties":{"s":"F"}},{"type":"Feature","geometry":{"type":"Point","coordinates":[-72.042391,19.470652]},"properties":{"s":"F"}},{"type":"Feature","geometry":{"type":"Point","coordinates":[-72.036947,19.488792]},"properties":{"s":"F"}},{"type":"Feature","geometry":{"type":"Point","coordinates":[-72.046205,19.49742]},"properties":{"s":"F"}},{"type":"Feature","geometry":{"type":"Point","coordinates":[-72.448907,19.525149]},"properties":{"s":"F"}},{"type":"Feature","geometry":{"type":"Point","coordinates":[-72.441473,19.532477]},"properties":{"s":"F"}},{"type":"Feature","geometry":{"type":"Point","coordinates":[-72.439977,19.549821]},"properties":{"s":"F"}},{"type":"Feature","geometry":{"type":"Point","coordinates":[-72.325673,19.506679]},"properties":{"s":"F"}},{"type":"Feature","geometry":{"type":"Point","coordinates":[-72.304217,19.532571]},"properties":{"s":"F"}},{"type":"Feature","geometry":{"type":"Point","coordinates":[-72.255333,19.5024]},"properties":{"s":"F"}},{"type":"Feature","geometry":{"type":"Point","coordinates":[-72.283474,19.505448]},"properties":{"s":"F"}},{"type":"Feature","geometry":{"type":"Point","coordinates":[-72.272599,19.506954]},"properties":{"s":"F"}},{"type":"Feature","geometry":{"type":"Point","coordinates":[-72.277364,19.509304]},"properties":{"s":"F"}},{"type":"Feature","geometry":{"type":"Point","coordinates":[-72.270564,19.512915]},"properties":{"s":"F"}},{"type":"Feature","geometry":{"type":"Point","coordinates":[-72.285595,19.526821]},"properties":{"s":"F"}},{"type":"Feature","geometry":{"type":"Point","coordinates":[-72.274045,19.528567]},"properties":{"s":"F"}},{"type":"Feature","geometry":{"type":"Point","coordinates":[-72.227813,19.501687]},"properties":{"s":"F"}},{"type":"Feature","geometry":{"type":"Point","coordinates":[-72.227672,19.502461]},"properties":{"s":"F"}},{"type":"Feature","geometry":{"type":"Point","coordinates":[-72.225354,19.500207]},"properties":{"s":"F"}},{"type":"Feature","geometry":{"type":"Point","coordinates":[-72.228289,19.504797]},"properties":{"s":"F"}},{"type":"Feature","geometry":{"type":"Point","coordinates":[-72.2408,19.509333]},"properties":{"s":"F"}},{"type":"Feature","geometry":{"type":"Point","coordinates":[-72.230539,19.50913]},"properties":{"s":"F"}},{"type":"Feature","geometry":{"type":"Point","coordinates":[-72.230791,19.512283]},"properties":{"s":"F"}},{"type":"Feature","geometry":{"type":"Point","coordinates":[-72.233643,19.521849]},"properties":{"s":"F"}},{"type":"Feature","geometry":{"type":"Point","coordinates":[-72.233517,19.52185]},"properties":{"s":"F"}},{"type":"Feature","geometry":{"type":"Point","coordinates":[-72.227196,19.522472]},"properties":{"s":"F"}},{"type":"Feature","geometry":{"type":"Point","coordinates":[-72.244767,19.524817]},"properties":{"s":"F"}},{"type":"Feature","geometry":{"type":"Point","coordinates":[-72.238798,19.524974]},"properties":{"s":"F"}},{"type":"Feature","geometry":{"type":"Point","coordinates":[-72.24398,19.525131]},"properties":{"s":"F"}},{"type":"Feature","geometry":{"type":"Point","coordinates":[-72.242863,19.52634]},"properties":{"s":"F"}},{"type":"Feature","geometry":{"type":"Point","coordinates":[-72.243953,19.527313]},"properties":{"s":"F"}},{"type":"Feature","geometry":{"type":"Point","coordinates":[-72.240883,19.526769]},"properties":{"s":"F"}},{"type":"Feature","geometry":{"type":"Point","coordinates":[-72.24172,19.527215]},"properties":{"s":"F"}},{"type":"Feature","geometry":{"type":"Point","coordinates":[-72.243047,19.527655]},"properties":{"s":"F"}},{"type":"Feature","geometry":{"type":"Point","coordinates":[-72.243797,19.529283]},"properties":{"s":"F"}},{"type":"Feature","geometry":{"type":"Point","coordinates":[-72.225164,19.528154]},"properties":{"s":"F"}},{"type":"Feature","geometry":{"type":"Point","coordinates":[-72.22439,19.528096]},"properties":{"s":"F"}},{"type":"Feature","geometry":{"type":"Point","coordinates":[-72.243133,19.531117]},"properties":{"s":"F"}},{"type":"Feature","geometry":{"type":"Point","coordinates":[-72.241571,19.530808]},"properties":{"s":"F"}},{"type":"Feature","geometry":{"type":"Point","coordinates":[-72.242288,19.531101]},"properties":{"s":"F"}},{"type":"Feature","geometry":{"type":"Point","coordinates":[-72.242467,19.531167]},"properties":{"s":"F"}},{"type":"Feature","geometry":{"type":"Point","coordinates":[-72.240726,19.531197]},"properties":{"s":"F"}},{"type":"Feature","geometry":{"type":"Point","coordinates":[-72.240015,19.532418]},"properties":{"s":"F"}},{"type":"Feature","geometry":{"type":"Point","coordinates":[-72.240591,19.53563]},"properties":{"s":"F"}},{"type":"Feature","geometry":{"type":"Point","coordinates":[-72.236916,19.53922]},"properties":{"s":"F"}},{"type":"Feature","geometry":{"type":"Point","coordinates":[-72.238217,19.543342]},"properties":{"s":"F"}},{"type":"Feature","geometry":{"type":"Point","coordinates":[-72.238081,19.544214]},"properties":{"s":"F"}},{"type":"Feature","geometry":{"type":"Point","coordinates":[-72.23698,19.544695]},"properties":{"s":"F"}},{"type":"Feature","geometry":{"type":"Point","coordinates":[-72.247802,19.546635]},"properties":{"s":"F"}},{"type":"Feature","geometry":{"type":"Point","coordinates":[-72.238049,19.545281]},"properties":{"s":"F"}},{"type":"Feature","geometry":{"type":"Point","coordinates":[-72.175417,19.500133]},"properties":{"s":"F"}},{"type":"Feature","geometry":{"type":"Point","coordinates":[-72.173055,19.545704]},"properties":{"s":"F"}},{"type":"Feature","geometry":{"type":"Point","coordinates":[-72.135729,19.507153]},"properties":{"s":"F"}},{"type":"Feature","geometry":{"type":"Point","coordinates":[-72.144527,19.546552]},"properties":{"s":"F"}},{"type":"Feature","geometry":{"type":"Point","coordinates":[-72.051136,19.502779]},"properties":{"s":"F"}},{"type":"Feature","geometry":{"type":"Point","coordinates":[-72.055285,19.509478]},"properties":{"s":"F"}},{"type":"Feature","geometry":{"type":"Point","coordinates":[-72.067271,19.511948]},"properties":{"s":"F"}},{"type":"Feature","geometry":{"type":"Point","coordinates":[-72.097059,19.527044]},"properties":{"s":"F"}},{"type":"Feature","geometry":{"type":"Point","coordinates":[-72.0872,19.533796]},"properties":{"s":"F"}},{"type":"Feature","geometry":{"type":"Point","coordinates":[-72.081548,19.542826]},"properties":{"s":"F"}},{"type":"Feature","geometry":{"type":"Point","coordinates":[-72.504098,19.598182]},"properties":{"s":"F"}},{"type":"Feature","geometry":{"type":"Point","coordinates":[-72.502065,19.598613]},"properties":{"s":"F"}},{"type":"Feature","geometry":{"type":"Point","coordinates":[-72.48392,19.55726]},"properties":{"s":"F"}},{"type":"Feature","geometry":{"type":"Point","coordinates":[-72.487888,19.559848]},"properties":{"s":"F"}},{"type":"Feature","geometry":{"type":"Point","coordinates":[-72.454246,19.561457]},"properties":{"s":"F"}},{"type":"Feature","geometry":{"type":"Point","coordinates":[-72.498368,19.565158]},"properties":{"s":"F"}},{"type":"Feature","geometry":{"type":"Point","coordinates":[-72.463413,19.565613]},"properties":{"s":"F"}},{"type":"Feature","geometry":{"type":"Point","coordinates":[-72.49324,19.56855]},"properties":{"s":"F"}},{"type":"Feature","geometry":{"type":"Point","coordinates":[-72.49314,19.573882]},"properties":{"s":"F"}},{"type":"Feature","geometry":{"type":"Point","coordinates":[-72.468277,19.593177]},"properties":{"s":"F"}},{"type":"Feature","geometry":{"type":"Point","coordinates":[-72.475162,19.596387]},"properties":{"s":"F"}},{"type":"Feature","geometry":{"type":"Point","coordinates":[-72.467018,19.599215]},"properties":{"s":"F"}},{"type":"Feature","geometry":{"type":"Point","coordinates":[-72.425838,19.598028]},"properties":{"s":"F"}},{"type":"Feature","geometry":{"type":"Point","coordinates":[-72.342113,19.586728]},"properties":{"s":"F"}},{"type":"Feature","geometry":{"type":"Point","coordinates":[-72.27354,19.57295]},"properties":{"s":"F"}},{"type":"Feature","geometry":{"type":"Point","coordinates":[-72.280867,19.590483]},"properties":{"s":"F"}},{"type":"Feature","geometry":{"type":"Point","coordinates":[-72.266615,19.596188]},"properties":{"s":"F"}},{"type":"Feature","geometry":{"type":"Point","coordinates":[-72.26846,19.59933]},"properties":{"s":"F"}},{"type":"Feature","geometry":{"type":"Point","coordinates":[-72.236046,19.550824]},"properties":{"s":"F"}},{"type":"Feature","geometry":{"type":"Point","coordinates":[-72.235923,19.557256]},"properties":{"s":"F"}},{"type":"Feature","geometry":{"type":"Point","coordinates":[-72.231981,19.559155]},"properties":{"s":"F"}},{"type":"Feature","geometry":{"type":"Point","coordinates":[-72.229873,19.560635]},"properties":{"s":"F"}},{"type":"Feature","geometry":{"type":"Point","coordinates":[-72.222017,19.5633]},"properties":{"s":"F"}},{"type":"Feature","geometry":{"type":"Point","coordinates":[-72.22097,19.564094]},"properties":{"s":"F"}},{"type":"Feature","geometry":{"type":"Point","coordinates":[-72.21739,19.565772]},"properties":{"s":"F"}},{"type":"Feature","geometry":{"type":"Point","coordinates":[-72.150948,19.550192]},"properties":{"s":"F"}},{"type":"Feature","geometry":{"type":"Point","coordinates":[-72.163077,19.553266]},"properties":{"s":"F"}},{"type":"Feature","geometry":{"type":"Point","coordinates":[-72.177109,19.564739]},"properties":{"s":"F"}},{"type":"Feature","geometry":{"type":"Point","coordinates":[-72.15112,19.563899]},"properties":{"s":"F"}},{"type":"Feature","geometry":{"type":"Point","coordinates":[-72.173516,19.572678]},"properties":{"s":"F"}},{"type":"Feature","geometry":{"type":"Point","coordinates":[-72.172878,19.573114]},"properties":{"s":"F"}},{"type":"Feature","geometry":{"type":"Point","coordinates":[-72.173407,19.574033]},"properties":{"s":"F"}},{"type":"Feature","geometry":{"type":"Point","coordinates":[-72.171295,19.574206]},"properties":{"s":"F"}},{"type":"Feature","geometry":{"type":"Point","coordinates":[-72.163941,19.573311]},"properties":{"s":"F"}},{"type":"Feature","geometry":{"type":"Point","coordinates":[-72.168337,19.576848]},"properties":{"s":"F"}},{"type":"Feature","geometry":{"type":"Point","coordinates":[-72.168702,19.577004]},"properties":{"s":"F"}},{"type":"Feature","geometry":{"type":"Point","coordinates":[-72.168227,19.577388]},"properties":{"s":"F"}},{"type":"Feature","geometry":{"type":"Point","coordinates":[-72.1658,19.576652]},"properties":{"s":"F"}},{"type":"Feature","geometry":{"type":"Point","coordinates":[-72.170817,19.577776]},"properties":{"s":"F"}},{"type":"Feature","geometry":{"type":"Point","coordinates":[-72.168671,19.580085]},"properties":{"s":"F"}},{"type":"Feature","geometry":{"type":"Point","coordinates":[-72.173361,19.584641]},"properties":{"s":"F"}},{"type":"Feature","geometry":{"type":"Point","coordinates":[-72.180605,19.590822]},"properties":{"s":"F"}},{"type":"Feature","geometry":{"type":"Point","coordinates":[-72.178343,19.591178]},"properties":{"s":"F"}},{"type":"Feature","geometry":{"type":"Point","coordinates":[-72.179783,19.592114]},"properties":{"s":"F"}},{"type":"Feature","geometry":{"type":"Point","coordinates":[-72.177212,19.590793]},"properties":{"s":"F"}},{"type":"Feature","geometry":{"type":"Point","coordinates":[-72.190395,19.594051]},"properties":{"s":"F"}},{"type":"Feature","geometry":{"type":"Point","coordinates":[-72.184378,19.595441]},"properties":{"s":"F"}},{"type":"Feature","geometry":{"type":"Point","coordinates":[-72.127848,19.552976]},"properties":{"s":"F"}},{"type":"Feature","geometry":{"type":"Point","coordinates":[-72.108215,19.585985]},"properties":{"s":"F"}},{"type":"Feature","geometry":{"type":"Point","coordinates":[-72.106221,19.585565]},"properties":{"s":"F"}},{"type":"Feature","geometry":{"type":"Point","coordinates":[-72.081804,19.556216]},"properties":{"s":"F"}},{"type":"Feature","geometry":{"type":"Point","coordinates":[-72.080121,19.569543]},"properties":{"s":"F"}},{"type":"Feature","geometry":{"type":"Point","coordinates":[-72.080322,19.571683]},"properties":{"s":"F"}},{"type":"Feature","geometry":{"type":"Point","coordinates":[-72.06237,19.574988]},"properties":{"s":"F"}},{"type":"Feature","geometry":{"type":"Point","coordinates":[-72.0856,19.5793]},"properties":{"s":"F"}},{"type":"Feature","geometry":{"type":"Point","coordinates":[-72.062115,19.579023]},"properties":{"s":"F"}},{"type":"Feature","geometry":{"type":"Point","coordinates":[-72.08935,19.580633]},"properties":{"s":"F"}},{"type":"Feature","geometry":{"type":"Point","coordinates":[-72.089432,19.582478]},"properties":{"s":"F"}},{"type":"Feature","geometry":{"type":"Point","coordinates":[-72.082827,19.581715]},"properties":{"s":"F"}},{"type":"Feature","geometry":{"type":"Point","coordinates":[-72.075148,19.581409]},"properties":{"s":"F"}},{"type":"Feature","geometry":{"type":"Point","coordinates":[-72.099661,19.582647]},"properties":{"s":"F"}},{"type":"Feature","geometry":{"type":"Point","coordinates":[-72.089329,19.58337]},"properties":{"s":"F"}},{"type":"Feature","geometry":{"type":"Point","coordinates":[-72.086623,19.584057]},"properties":{"s":"F"}},{"type":"Feature","geometry":{"type":"Point","coordinates":[-72.08927,19.585113]},"properties":{"s":"F"}},{"type":"Feature","geometry":{"type":"Point","coordinates":[-72.087344,19.592339]},"properties":{"s":"F"}},{"type":"Feature","geometry":{"type":"Point","coordinates":[-72.058353,19.591192]},"properties":{"s":"F"}},{"type":"Feature","geometry":{"type":"Point","coordinates":[-72.011177,19.562843]},"properties":{"s":"F"}},{"type":"Feature","geometry":{"type":"Point","coordinates":[-72.00948,19.56559]},"properties":{"s":"F"}},{"type":"Feature","geometry":{"type":"Point","coordinates":[-72.00715,19.576867]},"properties":{"s":"F"}},{"type":"Feature","geometry":{"type":"Point","coordinates":[-72.012667,19.581983]},"properties":{"s":"F"}},{"type":"Feature","geometry":{"type":"Point","coordinates":[-72.03085,19.584183]},"properties":{"s":"F"}},{"type":"Feature","geometry":{"type":"Point","coordinates":[-72.035967,19.585333]},"properties":{"s":"F"}},{"type":"Feature","geometry":{"type":"Point","coordinates":[-72.016598,19.589582]},"properties":{"s":"F"}},{"type":"Feature","geometry":{"type":"Point","coordinates":[-72.01605,19.58971]},"properties":{"s":"F"}},{"type":"Feature","geometry":{"type":"Point","coordinates":[-72.00545,19.593083]},"properties":{"s":"F"}},{"type":"Feature","geometry":{"type":"Point","coordinates":[-72.56096,19.626654]},"properties":{"s":"F"}},{"type":"Feature","geometry":{"type":"Point","coordinates":[-72.562108,19.643968]},"properties":{"s":"F"}},{"type":"Feature","geometry":{"type":"Point","coordinates":[-72.540603,19.603758]},"properties":{"s":"F"}},{"type":"Feature","geometry":{"type":"Point","coordinates":[-72.50483,19.614659]},"properties":{"s":"F"}},{"type":"Feature","geometry":{"type":"Point","coordinates":[-72.503172,19.615589]},"properties":{"s":"F"}},{"type":"Feature","geometry":{"type":"Point","coordinates":[-72.511102,19.617958]},"properties":{"s":"F"}},{"type":"Feature","geometry":{"type":"Point","coordinates":[-72.526977,19.625485]},"properties":{"s":"F"}},{"type":"Feature","geometry":{"type":"Point","coordinates":[-72.534823,19.630169]},"properties":{"s":"F"}},{"type":"Feature","geometry":{"type":"Point","coordinates":[-72.511662,19.639382]},"properties":{"s":"F"}},{"type":"Feature","geometry":{"type":"Point","coordinates":[-72.514043,19.648033]},"properties":{"s":"F"}},{"type":"Feature","geometry":{"type":"Point","coordinates":[-72.514118,19.648165]},"properties":{"s":"F"}},{"type":"Feature","geometry":{"type":"Point","coordinates":[-72.493026,19.605466]},"properties":{"s":"F"}},{"type":"Feature","geometry":{"type":"Point","coordinates":[-72.451819,19.609809]},"properties":{"s":"F"}},{"type":"Feature","geometry":{"type":"Point","coordinates":[-72.496726,19.610733]},"properties":{"s":"F"}},{"type":"Feature","geometry":{"type":"Point","coordinates":[-72.474768,19.616546]},"properties":{"s":"F"}},{"type":"Feature","geometry":{"type":"Point","coordinates":[-72.484954,19.628456]},"properties":{"s":"F"}},{"type":"Feature","geometry":{"type":"Point","coordinates":[-72.478716,19.629648]},"properties":{"s":"F"}},{"type":"Feature","geometry":{"type":"Point","coordinates":[-72.489236,19.63018]},"properties":{"s":"F"}},{"type":"Feature","geometry":{"type":"Point","coordinates":[-72.493387,19.634018]},"properties":{"s":"F"}},{"type":"Feature","geometry":{"type":"Point","coordinates":[-72.486614,19.635245]},"properties":{"s":"F"}},{"type":"Feature","geometry":{"type":"Point","coordinates":[-72.46679,19.645281]},"properties":{"s":"F"}},{"type":"Feature","geometry":{"type":"Point","coordinates":[-72.436428,19.613648]},"properties":{"s":"F"}},{"type":"Feature","geometry":{"type":"Point","coordinates":[-72.449298,19.615212]},"properties":{"s":"F"}},{"type":"Feature","geometry":{"type":"Point","coordinates":[-72.34705,19.609898]},"properties":{"s":"F"}},{"type":"Feature","geometry":{"type":"Point","coordinates":[-72.315022,19.614252]},"properties":{"s":"F"}},{"type":"Feature","geometry":{"type":"Point","coordinates":[-72.348745,19.618175]},"properties":{"s":"F"}},{"type":"Feature","geometry":{"type":"Point","coordinates":[-72.317668,19.62363]},"properties":{"s":"F"}},{"type":"Feature","geometry":{"type":"Point","coordinates":[-72.327105,19.6313]},"properties":{"s":"F"}},{"type":"Feature","geometry":{"type":"Point","coordinates":[-72.324433,19.632182]},"properties":{"s":"F"}},{"type":"Feature","geometry":{"type":"Point","coordinates":[-72.31304,19.633928]},"properties":{"s":"F"}},{"type":"Feature","geometry":{"type":"Point","coordinates":[-72.311283,19.634457]},"properties":{"s":"F"}},{"type":"Feature","geometry":{"type":"Point","coordinates":[-72.309158,19.636028]},"properties":{"s":"F"}},{"type":"Feature","geometry":{"type":"Point","coordinates":[-72.313733,19.6425]},"properties":{"s":"F"}},{"type":"Feature","geometry":{"type":"Point","coordinates":[-72.302767,19.643583]},"properties":{"s":"F"}},{"type":"Feature","geometry":{"type":"Point","coordinates":[-72.279667,19.600161]},"properties":{"s":"F"}},{"type":"Feature","geometry":{"type":"Point","coordinates":[-72.27942,19.60171]},"properties":{"s":"F"}},{"type":"Feature","geometry":{"type":"Point","coordinates":[-72.265011,19.600302]},"properties":{"s":"F"}},{"type":"Feature","geometry":{"type":"Point","coordinates":[-72.262364,19.600091]},"properties":{"s":"F"}},{"type":"Feature","geometry":{"type":"Point","coordinates":[-72.276111,19.603859]},"properties":{"s":"F"}},{"type":"Feature","geometry":{"type":"Point","coordinates":[-72.27539,19.6045]},"properties":{"s":"F"}},{"type":"Feature","geometry":{"type":"Point","coordinates":[-72.266907,19.602795]},"properties":{"s":"F"}},{"type":"Feature","geometry":{"type":"Point","coordinates":[-72.25951,19.60428]},"properties":{"s":"F"}},{"type":"Feature","geometry":{"type":"Point","coordinates":[-72.252296,19.604944]},"properties":{"s":"F"}},{"type":"Feature","geometry":{"type":"Point","coordinates":[-72.28262,19.607003]},"properties":{"s":"F"}},{"type":"Feature","geometry":{"type":"Point","coordinates":[-72.279667,19.60675]},"properties":{"s":"F"}},{"type":"Feature","geometry":{"type":"Point","coordinates":[-72.267957,19.606838]},"properties":{"s":"F"}},{"type":"Feature","geometry":{"type":"Point","coordinates":[-72.252348,19.60505]},"properties":{"s":"F"}},{"type":"Feature","geometry":{"type":"Point","coordinates":[-72.297484,19.60821]},"properties":{"s":"F"}},{"type":"Feature","geometry":{"type":"Point","coordinates":[-72.27835,19.60946]},"properties":{"s":"F"}},{"type":"Feature","geometry":{"type":"Point","coordinates":[-72.255464,19.609975]},"properties":{"s":"F"}},{"type":"Feature","geometry":{"type":"Point","coordinates":[-72.250708,19.60991]},"properties":{"s":"F"}},{"type":"Feature","geometry":{"type":"Point","coordinates":[-72.287206,19.611446]},"properties":{"s":"F"}},{"type":"Feature","geometry":{"type":"Point","coordinates":[-72.28197,19.61072]},"properties":{"s":"F"}},{"type":"Feature","geometry":{"type":"Point","coordinates":[-72.279051,19.610684]},"properties":{"s":"F"}},{"type":"Feature","geometry":{"type":"Point","coordinates":[-72.279251,19.611697]},"properties":{"s":"F"}},{"type":"Feature","geometry":{"type":"Point","coordinates":[-72.27626,19.61041]},"properties":{"s":"F"}},{"type":"Feature","geometry":{"type":"Point","coordinates":[-72.276125,19.611543]},"properties":{"s":"F"}},{"type":"Feature","geometry":{"type":"Point","coordinates":[-72.27313,19.61029]},"properties":{"s":"F"}},{"type":"Feature","geometry":{"type":"Point","coordinates":[-72.27313,19.61053]},"properties":{"s":"F"}},{"type":"Feature","geometry":{"type":"Point","coordinates":[-72.258421,19.611063]},"properties":{"s":"F"}},{"type":"Feature","geometry":{"type":"Point","coordinates":[-72.253689,19.611246]},"properties":{"s":"F"}},{"type":"Feature","geometry":{"type":"Point","coordinates":[-72.270468,19.612856]},"properties":{"s":"F"}},{"type":"Feature","geometry":{"type":"Point","coordinates":[-72.268986,19.612771]},"properties":{"s":"F"}},{"type":"Feature","geometry":{"type":"Point","coordinates":[-72.26949,19.61414]},"properties":{"s":"F"}},{"type":"Feature","geometry":{"type":"Point","coordinates":[-72.26415,19.6126]},"properties":{"s":"F"}},{"type":"Feature","geometry":{"type":"Point","coordinates":[-72.258453,19.613489]},"properties":{"s":"F"}},{"type":"Feature","geometry":{"type":"Point","coordinates":[-72.2588,19.613917]},"properties":{"s":"F"}},{"type":"Feature","geometry":{"type":"Point","coordinates":[-72.258683,19.614183]},"properties":{"s":"F"}},{"type":"Feature","geometry":{"type":"Point","coordinates":[-72.259222,19.614303]},"properties":{"s":"F"}},{"type":"Feature","geometry":{"type":"Point","coordinates":[-72.254401,19.61357]},"properties":{"s":"F"}},{"type":"Feature","geometry":{"type":"Point","coordinates":[-72.252,19.614]},"properties":{"s":"F"}},{"type":"Feature","geometry":{"type":"Point","coordinates":[-72.291086,19.615163]},"properties":{"s":"F"}},{"type":"Feature","geometry":{"type":"Point","coordinates":[-72.287115,19.616901]},"properties":{"s":"F"}},{"type":"Feature","geometry":{"type":"Point","coordinates":[-72.282443,19.616527]},"properties":{"s":"F"}},{"type":"Feature","geometry":{"type":"Point","coordinates":[-72.277534,19.616342]},"properties":{"s":"F"}},{"type":"Feature","geometry":{"type":"Point","coordinates":[-72.27253,19.61563]},"properties":{"s":"F"}},{"type":"Feature","geometry":{"type":"Point","coordinates":[-72.272554,19.615759]},"properties":{"s":"F"}},{"type":"Feature","geometry":{"type":"Point","coordinates":[-72.274239,19.616029]},"properties":{"s":"F"}},{"type":"Feature","geometry":{"type":"Point","coordinates":[-72.269833,19.616803]},"properties":{"s":"F"}},{"type":"Feature","geometry":{"type":"Point","coordinates":[-72.260381,19.61559]},"properties":{"s":"F"}},{"type":"Feature","geometry":{"type":"Point","coordinates":[-72.259104,19.616588]},"properties":{"s":"F"}},{"type":"Feature","geometry":{"type":"Point","coordinates":[-72.252794,19.617066]},"properties":{"s":"F"}},{"type":"Feature","geometry":{"type":"Point","coordinates":[-72.253546,19.617333]},"properties":{"s":"F"}},{"type":"Feature","geometry":{"type":"Point","coordinates":[-72.25346,19.61746]},"properties":{"s":"F"}},{"type":"Feature","geometry":{"type":"Point","coordinates":[-72.283778,19.618837]},"properties":{"s":"F"}},{"type":"Feature","geometry":{"type":"Point","coordinates":[-72.262919,19.619505]},"properties":{"s":"F"}},{"type":"Feature","geometry":{"type":"Point","coordinates":[-72.263899,19.619638]},"properties":{"s":"F"}},{"type":"Feature","geometry":{"type":"Point","coordinates":[-72.25237,19.618652]},"properties":{"s":"F"}},{"type":"Feature","geometry":{"type":"Point","coordinates":[-72.293045,19.622295]},"properties":{"s":"F"}},{"type":"Feature","geometry":{"type":"Point","coordinates":[-72.25172,19.62041]},"properties":{"s":"F"}},{"type":"Feature","geometry":{"type":"Point","coordinates":[-72.289191,19.623239]},"properties":{"s":"F"}},{"type":"Feature","geometry":{"type":"Point","coordinates":[-72.284211,19.623108]},"properties":{"s":"F"}},{"type":"Feature","geometry":{"type":"Point","coordinates":[-72.288117,19.625083]},"properties":{"s":"F"}},{"type":"Feature","geometry":{"type":"Point","coordinates":[-72.288121,19.626468]},"properties":{"s":"F"}},{"type":"Feature","geometry":{"type":"Point","coordinates":[-72.281939,19.626041]},"properties":{"s":"F"}},{"type":"Feature","geometry":{"type":"Point","coordinates":[-72.27253,19.62565]},"properties":{"s":"F"}},{"type":"Feature","geometry":{"type":"Point","coordinates":[-72.288875,19.629092]},"properties":{"s":"F"}},{"type":"Feature","geometry":{"type":"Point","coordinates":[-72.25039,19.62788]},"properties":{"s":"F"}},{"type":"Feature","geometry":{"type":"Point","coordinates":[-72.290015,19.630482]},"properties":{"s":"F"}},{"type":"Feature","geometry":{"type":"Point","coordinates":[-72.289583,19.631967]},"properties":{"s":"F"}},{"type":"Feature","geometry":{"type":"Point","coordinates":[-72.2825,19.63135]},"properties":{"s":"F"}},{"type":"Feature","geometry":{"type":"Point","coordinates":[-72.25617,19.630928]},"properties":{"s":"F"}},{"type":"Feature","geometry":{"type":"Point","coordinates":[-72.254862,19.630846]},"properties":{"s":"F"}},{"type":"Feature","geometry":{"type":"Point","coordinates":[-72.282507,19.632611]},"properties":{"s":"F"}},{"type":"Feature","geometry":{"type":"Point","coordinates":[-72.282711,19.633993]},"properties":{"s":"F"}},{"type":"Feature","geometry":{"type":"Point","coordinates":[-72.272559,19.633765]},"properties":{"s":"F"}},{"type":"Feature","geometry":{"type":"Point","coordinates":[-72.250464,19.63327]},"properties":{"s":"F"}},{"type":"Feature","geometry":{"type":"Point","coordinates":[-72.290144,19.635382]},"properties":{"s":"F"}},{"type":"Feature","geometry":{"type":"Point","coordinates":[-72.297,19.639481]},"properties":{"s":"F"}},{"type":"Feature","geometry":{"type":"Point","coordinates":[-72.271804,19.638759]},"properties":{"s":"F"}},{"type":"Feature","geometry":{"type":"Point","coordinates":[-72.299471,19.640349]},"properties":{"s":"F"}},{"type":"Feature","geometry":{"type":"Point","coordinates":[-72.2904,19.64231]},"properties":{"s":"F"}},{"type":"Feature","geometry":{"type":"Point","coordinates":[-72.283801,19.641151]},"properties":{"s":"F"}},{"type":"Feature","geometry":{"type":"Point","coordinates":[-72.271455,19.640883]},"properties":{"s":"F"}},{"type":"Feature","geometry":{"type":"Point","coordinates":[-72.25944,19.64]},"properties":{"s":"F"}},{"type":"Feature","geometry":{"type":"Point","coordinates":[-72.297083,19.644833]},"properties":{"s":"F"}},{"type":"Feature","geometry":{"type":"Point","coordinates":[-72.290885,19.643925]},"properties":{"s":"F"}},{"type":"Feature","geometry":{"type":"Point","coordinates":[-72.2801,19.644407]},"properties":{"s":"F"}},{"type":"Feature","geometry":{"type":"Point","coordinates":[-72.277105,19.644571]},"properties":{"s":"F"}},{"type":"Feature","geometry":{"type":"Point","coordinates":[-72.271341,19.643423]},"properties":{"s":"F"}},{"type":"Feature","geometry":{"type":"Point","coordinates":[-72.297217,19.647467]},"properties":{"s":"F"}},{"type":"Feature","geometry":{"type":"Point","coordinates":[-72.288641,19.645339]},"properties":{"s":"F"}},{"type":"Feature","geometry":{"type":"Point","coordinates":[-72.287716,19.646446]},"properties":{"s":"F"}},{"type":"Feature","geometry":{"type":"Point","coordinates":[-72.270784,19.647311]},"properties":{"s":"F"}},{"type":"Feature","geometry":{"type":"Point","coordinates":[-72.286978,19.647515]},"properties":{"s":"F"}},{"type":"Feature","geometry":{"type":"Point","coordinates":[-72.22303,19.603732]},"properties":{"s":"F"}},{"type":"Feature","geometry":{"type":"Point","coordinates":[-72.220155,19.604236]},"properties":{"s":"F"}},{"type":"Feature","geometry":{"type":"Point","coordinates":[-72.218234,19.603637]},"properties":{"s":"F"}},{"type":"Feature","geometry":{"type":"Point","coordinates":[-72.216149,19.60985]},"properties":{"s":"F"}},{"type":"Feature","geometry":{"type":"Point","coordinates":[-72.20225,19.612383]},"properties":{"s":"F"}},{"type":"Feature","geometry":{"type":"Point","coordinates":[-72.203007,19.612595]},"properties":{"s":"F"}},{"type":"Feature","geometry":{"type":"Point","coordinates":[-72.24907,19.61707]},"properties":{"s":"F"}},{"type":"Feature","geometry":{"type":"Point","coordinates":[-72.232225,19.617038]},"properties":{"s":"F"}},{"type":"Feature","geometry":{"type":"Point","coordinates":[-72.214409,19.615271]},"properties":{"s":"F"}},{"type":"Feature","geometry":{"type":"Point","coordinates":[-72.247798,19.621549]},"properties":{"s":"F"}},{"type":"Feature","geometry":{"type":"Point","coordinates":[-72.247883,19.62165]},"properties":{"s":"F"}},{"type":"Feature","geometry":{"type":"Point","coordinates":[-72.242533,19.62005]},"properties":{"s":"F"}},{"type":"Feature","geometry":{"type":"Point","coordinates":[-72.242517,19.620267]},"properties":{"s":"F"}},{"type":"Feature","geometry":{"type":"Point","coordinates":[-72.237343,19.624186]},"properties":{"s":"F"}},{"type":"Feature","geometry":{"type":"Point","coordinates":[-72.233683,19.622783]},"properties":{"s":"F"}},{"type":"Feature","geometry":{"type":"Point","coordinates":[-72.24196,19.629145]},"properties":{"s":"F"}},{"type":"Feature","geometry":{"type":"Point","coordinates":[-72.239952,19.629237]},"properties":{"s":"F"}},{"type":"Feature","geometry":{"type":"Point","coordinates":[-72.237192,19.629111]},"properties":{"s":"F"}},{"type":"Feature","geometry":{"type":"Point","coordinates":[-72.217108,19.627638]},"properties":{"s":"F"}},{"type":"Feature","geometry":{"type":"Point","coordinates":[-72.209866,19.627947]},"properties":{"s":"F"}},{"type":"Feature","geometry":{"type":"Point","coordinates":[-72.249814,19.6304]},"properties":{"s":"F"}},{"type":"Feature","geometry":{"type":"Point","coordinates":[-72.247952,19.630376]},"properties":{"s":"F"}},{"type":"Feature","geometry":{"type":"Point","coordinates":[-72.238083,19.63015]},"properties":{"s":"F"}},{"type":"Feature","geometry":{"type":"Point","coordinates":[-72.237695,19.631416]},"properties":{"s":"F"}},{"type":"Feature","geometry":{"type":"Point","coordinates":[-72.238683,19.632167]},"properties":{"s":"F"}},{"type":"Feature","geometry":{"type":"Point","coordinates":[-72.238526,19.632155]},"properties":{"s":"F"}},{"type":"Feature","geometry":{"type":"Point","coordinates":[-72.234142,19.631325]},"properties":{"s":"F"}},{"type":"Feature","geometry":{"type":"Point","coordinates":[-72.226577,19.630149]},"properties":{"s":"F"}},{"type":"Feature","geometry":{"type":"Point","coordinates":[-72.213116,19.63235]},"properties":{"s":"F"}},{"type":"Feature","geometry":{"type":"Point","coordinates":[-72.233638,19.632801]},"properties":{"s":"F"}},{"type":"Feature","geometry":{"type":"Point","coordinates":[-72.228414,19.633567]},"properties":{"s":"F"}},{"type":"Feature","geometry":{"type":"Point","coordinates":[-72.237202,19.637705]},"properties":{"s":"F"}},{"type":"Feature","geometry":{"type":"Point","coordinates":[-72.23406,19.639805]},"properties":{"s":"F"}},{"type":"Feature","geometry":{"type":"Point","coordinates":[-72.249517,19.6417]},"properties":{"s":"F"}},{"type":"Feature","geometry":{"type":"Point","coordinates":[-72.224031,19.641537]},"properties":{"s":"F"}},{"type":"Feature","geometry":{"type":"Point","coordinates":[-72.220663,19.641591]},"properties":{"s":"F"}},{"type":"Feature","geometry":{"type":"Point","coordinates":[-72.208371,19.641214]},"properties":{"s":"F"}},{"type":"Feature","geometry":{"type":"Point","coordinates":[-72.237621,19.644673]},"properties":{"s":"F"}},{"type":"Feature","geometry":{"type":"Point","coordinates":[-72.233713,19.644337]},"properties":{"s":"F"}},{"type":"Feature","geometry":{"type":"Point","coordinates":[-72.231001,19.644395]},"properties":{"s":"F"}},{"type":"Feature","geometry":{"type":"Point","coordinates":[-72.227774,19.643981]},"properties":{"s":"F"}},{"type":"Feature","geometry":{"type":"Point","coordinates":[-72.225318,19.642646]},"properties":{"s":"F"}},{"type":"Feature","geometry":{"type":"Point","coordinates":[-72.217248,19.642872]},"properties":{"s":"F"}},{"type":"Feature","geometry":{"type":"Point","coordinates":[-72.216183,19.6433]},"properties":{"s":"F"}},{"type":"Feature","geometry":{"type":"Point","coordinates":[-72.215966,19.643764]},"properties":{"s":"F"}},{"type":"Feature","geometry":{"type":"Point","coordinates":[-72.20057,19.64438]},"properties":{"s":"F"}},{"type":"Feature","geometry":{"type":"Point","coordinates":[-72.24844,19.64516]},"properties":{"s":"F"}},{"type":"Feature","geometry":{"type":"Point","coordinates":[-72.208321,19.646048]},"properties":{"s":"F"}},{"type":"Feature","geometry":{"type":"Point","coordinates":[-72.247377,19.648882]},"properties":{"s":"F"}},{"type":"Feature","geometry":{"type":"Point","coordinates":[-72.231804,19.649972]},"properties":{"s":"F"}},{"type":"Feature","geometry":{"type":"Point","coordinates":[-72.206843,19.648355]},"properties":{"s":"F"}},{"type":"Feature","geometry":{"type":"Point","coordinates":[-72.162744,19.603955]},"properties":{"s":"F"}},{"type":"Feature","geometry":{"type":"Point","coordinates":[-72.173031,19.609526]},"properties":{"s":"F"}},{"type":"Feature","geometry":{"type":"Point","coordinates":[-72.193101,19.614835]},"properties":{"s":"F"}},{"type":"Feature","geometry":{"type":"Point","coordinates":[-72.171732,19.613552]},"properties":{"s":"F"}},{"type":"Feature","geometry":{"type":"Point","coordinates":[-72.170759,19.616947]},"properties":{"s":"F"}},{"type":"Feature","geometry":{"type":"Point","coordinates":[-72.169999,19.617483]},"properties":{"s":"F"}},{"type":"Feature","geometry":{"type":"Point","coordinates":[-72.153942,19.615558]},"properties":{"s":"F"}},{"type":"Feature","geometry":{"type":"Point","coordinates":[-72.198639,19.617836]},"properties":{"s":"F"}},{"type":"Feature","geometry":{"type":"Point","coordinates":[-72.1869,19.618]},"properties":{"s":"F"}},{"type":"Feature","geometry":{"type":"Point","coordinates":[-72.186633,19.621]},"properties":{"s":"F"}},{"type":"Feature","geometry":{"type":"Point","coordinates":[-72.184292,19.622289]},"properties":{"s":"F"}},{"type":"Feature","geometry":{"type":"Point","coordinates":[-72.1815,19.620867]},"properties":{"s":"F"}},{"type":"Feature","geometry":{"type":"Point","coordinates":[-72.175742,19.62171]},"properties":{"s":"F"}},{"type":"Feature","geometry":{"type":"Point","coordinates":[-72.175617,19.62175]},"properties":{"s":"F"}},{"type":"Feature","geometry":{"type":"Point","coordinates":[-72.188017,19.62255]},"properties":{"s":"F"}},{"type":"Feature","geometry":{"type":"Point","coordinates":[-72.18285,19.623933]},"properties":{"s":"F"}},{"type":"Feature","geometry":{"type":"Point","coordinates":[-72.1735,19.622997]},"properties":{"s":"F"}},{"type":"Feature","geometry":{"type":"Point","coordinates":[-72.199333,19.626493]},"properties":{"s":"F"}},{"type":"Feature","geometry":{"type":"Point","coordinates":[-72.193455,19.626628]},"properties":{"s":"F"}},{"type":"Feature","geometry":{"type":"Point","coordinates":[-72.154119,19.625066]},"properties":{"s":"F"}},{"type":"Feature","geometry":{"type":"Point","coordinates":[-72.156199,19.629646]},"properties":{"s":"F"}},{"type":"Feature","geometry":{"type":"Point","coordinates":[-72.196667,19.631767]},"properties":{"s":"F"}},{"type":"Feature","geometry":{"type":"Point","coordinates":[-72.178667,19.630365]},"properties":{"s":"F"}},{"type":"Feature","geometry":{"type":"Point","coordinates":[-72.160464,19.630783]},"properties":{"s":"F"}},{"type":"Feature","geometry":{"type":"Point","coordinates":[-72.157146,19.633942]},"properties":{"s":"F"}},{"type":"Feature","geometry":{"type":"Point","coordinates":[-72.152525,19.633565]},"properties":{"s":"F"}},{"type":"Feature","geometry":{"type":"Point","coordinates":[-72.195973,19.637042]},"properties":{"s":"F"}},{"type":"Feature","geometry":{"type":"Point","coordinates":[-72.181563,19.637267]},"properties":{"s":"F"}},{"type":"Feature","geometry":{"type":"Point","coordinates":[-72.15319,19.638386]},"properties":{"s":"F"}},{"type":"Feature","geometry":{"type":"Point","coordinates":[-72.180965,19.641837]},"properties":{"s":"F"}},{"type":"Feature","geometry":{"type":"Point","coordinates":[-72.177555,19.641426]},"properties":{"s":"F"}},{"type":"Feature","geometry":{"type":"Point","coordinates":[-72.191297,19.644765]},"properties":{"s":"F"}},{"type":"Feature","geometry":{"type":"Point","coordinates":[-72.180571,19.644166]},"properties":{"s":"F"}},{"type":"Feature","geometry":{"type":"Point","coordinates":[-72.156226,19.64339]},"properties":{"s":"F"}},{"type":"Feature","geometry":{"type":"Point","coordinates":[-72.1817,19.646067]},"properties":{"s":"F"}},{"type":"Feature","geometry":{"type":"Point","coordinates":[-72.153508,19.646271]},"properties":{"s":"F"}},{"type":"Feature","geometry":{"type":"Point","coordinates":[-72.113647,19.600092]},"properties":{"s":"F"}},{"type":"Feature","geometry":{"type":"Point","coordinates":[-72.10169,19.610895]},"properties":{"s":"F"}},{"type":"Feature","geometry":{"type":"Point","coordinates":[-72.145702,19.613589]},"properties":{"s":"F"}},{"type":"Feature","geometry":{"type":"Point","coordinates":[-72.133894,19.614332]},"properties":{"s":"F"}},{"type":"Feature","geometry":{"type":"Point","coordinates":[-72.124653,19.613906]},"properties":{"s":"F"}},{"type":"Feature","geometry":{"type":"Point","coordinates":[-72.145356,19.616054]},"properties":{"s":"F"}},{"type":"Feature","geometry":{"type":"Point","coordinates":[-72.123805,19.617583]},"properties":{"s":"F"}},{"type":"Feature","geometry":{"type":"Point","coordinates":[-72.135931,19.624836]},"properties":{"s":"F"}},{"type":"Feature","geometry":{"type":"Point","coordinates":[-72.147049,19.625827]},"properties":{"s":"F"}},{"type":"Feature","geometry":{"type":"Point","coordinates":[-72.146251,19.627866]},"properties":{"s":"F"}},{"type":"Feature","geometry":{"type":"Point","coordinates":[-72.14611,19.630342]},"properties":{"s":"F"}},{"type":"Feature","geometry":{"type":"Point","coordinates":[-72.143758,19.639736]},"properties":{"s":"F"}},{"type":"Feature","geometry":{"type":"Point","coordinates":[-72.11064,19.639156]},"properties":{"s":"F"}},{"type":"Feature","geometry":{"type":"Point","coordinates":[-72.144652,19.640922]},"properties":{"s":"F"}},{"type":"Feature","geometry":{"type":"Point","coordinates":[-72.144612,19.642032]},"properties":{"s":"F"}},{"type":"Feature","geometry":{"type":"Point","coordinates":[-72.107664,19.641008]},"properties":{"s":"F"}},{"type":"Feature","geometry":{"type":"Point","coordinates":[-72.137538,19.642886]},"properties":{"s":"F"}},{"type":"Feature","geometry":{"type":"Point","coordinates":[-72.144773,19.648128]},"properties":{"s":"F"}},{"type":"Feature","geometry":{"type":"Point","coordinates":[-72.074667,19.6118]},"properties":{"s":"F"}},{"type":"Feature","geometry":{"type":"Point","coordinates":[-72.066567,19.615717]},"properties":{"s":"F"}},{"type":"Feature","geometry":{"type":"Point","coordinates":[-72.063517,19.615467]},"properties":{"s":"F"}},{"type":"Feature","geometry":{"type":"Point","coordinates":[-72.07253,19.62064]},"properties":{"s":"F"}},{"type":"Feature","geometry":{"type":"Point","coordinates":[-72.074117,19.6212]},"properties":{"s":"F"}},{"type":"Feature","geometry":{"type":"Point","coordinates":[-72.053133,19.62005]},"properties":{"s":"F"}},{"type":"Feature","geometry":{"type":"Point","coordinates":[-72.095901,19.624738]},"properties":{"s":"F"}},{"type":"Feature","geometry":{"type":"Point","coordinates":[-72.083183,19.628617]},"properties":{"s":"F"}},{"type":"Feature","geometry":{"type":"Point","coordinates":[-72.084807,19.630784]},"properties":{"s":"F"}},{"type":"Feature","geometry":{"type":"Point","coordinates":[-72.098437,19.632518]},"properties":{"s":"F"}},{"type":"Feature","geometry":{"type":"Point","coordinates":[-72.090703,19.637018]},"properties":{"s":"F"}},{"type":"Feature","geometry":{"type":"Point","coordinates":[-72.088466,19.638897]},"properties":{"s":"F"}},{"type":"Feature","geometry":{"type":"Point","coordinates":[-72.088217,19.639]},"properties":{"s":"F"}},{"type":"Feature","geometry":{"type":"Point","coordinates":[-72.08955,19.6392]},"properties":{"s":"F"}},{"type":"Feature","geometry":{"type":"Point","coordinates":[-72.09631,19.64221]},"properties":{"s":"F"}},{"type":"Feature","geometry":{"type":"Point","coordinates":[-72.086467,19.644832]},"properties":{"s":"F"}},{"type":"Feature","geometry":{"type":"Point","coordinates":[-72.085812,19.646282]},"properties":{"s":"F"}},{"type":"Feature","geometry":{"type":"Point","coordinates":[-72.038433,19.601983]},"properties":{"s":"F"}},{"type":"Feature","geometry":{"type":"Point","coordinates":[-72.01533,19.60114]},"properties":{"s":"F"}},{"type":"Feature","geometry":{"type":"Point","coordinates":[-72.0179,19.60707]},"properties":{"s":"F"}},{"type":"Feature","geometry":{"type":"Point","coordinates":[-72.00604,19.60507]},"properties":{"s":"F"}},{"type":"Feature","geometry":{"type":"Point","coordinates":[-72.03225,19.611867]},"properties":{"s":"F"}},{"type":"Feature","geometry":{"type":"Point","coordinates":[-72.02165,19.610633]},"properties":{"s":"F"}},{"type":"Feature","geometry":{"type":"Point","coordinates":[-72.01642,19.61318]},"properties":{"s":"F"}},{"type":"Feature","geometry":{"type":"Point","coordinates":[-72.018097,19.618958]},"properties":{"s":"F"}},{"type":"Feature","geometry":{"type":"Point","coordinates":[-72.01581,19.62131]},"properties":{"s":"F"}},{"type":"Feature","geometry":{"type":"Point","coordinates":[-72.04435,19.624517]},"properties":{"s":"F"}},{"type":"Feature","geometry":{"type":"Point","coordinates":[-72.023717,19.625517]},"properties":{"s":"F"}},{"type":"Feature","geometry":{"type":"Point","coordinates":[-72.02215,19.62616]},"properties":{"s":"F"}},{"type":"Feature","geometry":{"type":"Point","coordinates":[-72.00944,19.63153]},"properties":{"s":"F"}},{"type":"Feature","geometry":{"type":"Point","coordinates":[-72.037825,19.636487]},"properties":{"s":"F"}},{"type":"Feature","geometry":{"type":"Point","coordinates":[-72.00256,19.63967]},"properties":{"s":"F"}},{"type":"Feature","geometry":{"type":"Point","coordinates":[-72.04508,19.64444]},"properties":{"s":"F"}},{"type":"Feature","geometry":{"type":"Point","coordinates":[-72.049247,19.64953]},"properties":{"s":"F"}},{"type":"Feature","geometry":{"type":"Point","coordinates":[-72.56223,19.66061]},"properties":{"s":"F"}},{"type":"Feature","geometry":{"type":"Point","coordinates":[-72.56819,19.664442]},"properties":{"s":"F"}},{"type":"Feature","geometry":{"type":"Point","coordinates":[-72.576055,19.671167]},"properties":{"s":"F"}},{"type":"Feature","geometry":{"type":"Point","coordinates":[-72.550995,19.672072]},"properties":{"s":"F"}},{"type":"Feature","geometry":{"type":"Point","coordinates":[-72.599382,19.687252]},"properties":{"s":"F"}},{"type":"Feature","geometry":{"type":"Point","coordinates":[-72.567237,19.686878]},"properties":{"s":"F"}},{"type":"Feature","geometry":{"type":"Point","coordinates":[-72.589171,19.696682]},"properties":{"s":"F"}},{"type":"Feature","geometry":{"type":"Point","coordinates":[-72.505152,19.654417]},"properties":{"s":"F"}},{"type":"Feature","geometry":{"type":"Point","coordinates":[-72.529038,19.683443]},"properties":{"s":"F"}},{"type":"Feature","geometry":{"type":"Point","coordinates":[-72.549437,19.68682]},"properties":{"s":"F"}},{"type":"Feature","geometry":{"type":"Point","coordinates":[-72.52751,19.688113]},"properties":{"s":"F"}},{"type":"Feature","geometry":{"type":"Point","coordinates":[-72.5413,19.699337]},"properties":{"s":"F"}},{"type":"Feature","geometry":{"type":"Point","coordinates":[-72.485376,19.659195]},"properties":{"s":"F"}},{"type":"Feature","geometry":{"type":"Point","coordinates":[-72.483283,19.659056]},"properties":{"s":"F"}},{"type":"Feature","geometry":{"type":"Point","coordinates":[-72.479005,19.658499]},"properties":{"s":"F"}},{"type":"Feature","geometry":{"type":"Point","coordinates":[-72.422192,19.660342]},"properties":{"s":"F"}},{"type":"Feature","geometry":{"type":"Point","coordinates":[-72.432922,19.679126]},"properties":{"s":"F"}},{"type":"Feature","geometry":{"type":"Point","coordinates":[-72.411228,19.687276]},"properties":{"s":"F"}},{"type":"Feature","geometry":{"type":"Point","coordinates":[-72.411646,19.687722]},"properties":{"s":"F"}},{"type":"Feature","geometry":{"type":"Point","coordinates":[-72.411068,19.689223]},"properties":{"s":"F"}},{"type":"Feature","geometry":{"type":"Point","coordinates":[-72.408062,19.69152]},"properties":{"s":"F"}},{"type":"Feature","geometry":{"type":"Point","coordinates":[-72.408087,19.694135]},"properties":{"s":"F"}},{"type":"Feature","geometry":{"type":"Point","coordinates":[-72.413251,19.697058]},"properties":{"s":"F"}},{"type":"Feature","geometry":{"type":"Point","coordinates":[-72.432195,19.698955]},"properties":{"s":"F"}},{"type":"Feature","geometry":{"type":"Point","coordinates":[-72.371881,19.682751]},"properties":{"s":"F"}},{"type":"Feature","geometry":{"type":"Point","coordinates":[-72.363458,19.686765]},"properties":{"s":"F"}},{"type":"Feature","geometry":{"type":"Point","coordinates":[-72.358891,19.690287]},"properties":{"s":"F"}},{"type":"Feature","geometry":{"type":"Point","coordinates":[-72.361941,19.697459]},"properties":{"s":"F"}},{"type":"Feature","geometry":{"type":"Point","coordinates":[-72.353371,19.697301]},"properties":{"s":"F"}},{"type":"Feature","geometry":{"type":"Point","coordinates":[-72.361474,19.699632]},"properties":{"s":"F"}},{"type":"Feature","geometry":{"type":"Point","coordinates":[-72.35975,19.697617]},"properties":{"s":"F"}},{"type":"Feature","geometry":{"type":"Point","coordinates":[-72.358637,19.698529]},"properties":{"s":"F"}},{"type":"Feature","geometry":{"type":"Point","coordinates":[-72.304808,19.652092]},"properties":{"s":"F"}},{"type":"Feature","geometry":{"type":"Point","coordinates":[-72.31039,19.655334]},"properties":{"s":"F"}},{"type":"Feature","geometry":{"type":"Point","coordinates":[-72.300612,19.656817]},"properties":{"s":"F"}},{"type":"Feature","geometry":{"type":"Point","coordinates":[-72.315067,19.6629]},"properties":{"s":"F"}},{"type":"Feature","geometry":{"type":"Point","coordinates":[-72.32139,19.671819]},"properties":{"s":"F"}},{"type":"Feature","geometry":{"type":"Point","coordinates":[-72.319915,19.670477]},"properties":{"s":"F"}},{"type":"Feature","geometry":{"type":"Point","coordinates":[-72.31975,19.674567]},"properties":{"s":"F"}},{"type":"Feature","geometry":{"type":"Point","coordinates":[-72.346447,19.675723]},"properties":{"s":"F"}},{"type":"Feature","geometry":{"type":"Point","coordinates":[-72.301885,19.676958]},"properties":{"s":"F"}},{"type":"Feature","geometry":{"type":"Point","coordinates":[-72.315433,19.681083]},"properties":{"s":"F"}},{"type":"Feature","geometry":{"type":"Point","coordinates":[-72.312837,19.680108]},"properties":{"s":"F"}},{"type":"Feature","geometry":{"type":"Point","coordinates":[-72.324893,19.684838]},"properties":{"s":"F"}},{"type":"Feature","geometry":{"type":"Point","coordinates":[-72.319285,19.682542]},"properties":{"s":"F"}},{"type":"Feature","geometry":{"type":"Point","coordinates":[-72.321517,19.685568]},"properties":{"s":"F"}},{"type":"Feature","geometry":{"type":"Point","coordinates":[-72.32105,19.687017]},"properties":{"s":"F"}},{"type":"Feature","geometry":{"type":"Point","coordinates":[-72.319653,19.68648]},"properties":{"s":"F"}},{"type":"Feature","geometry":{"type":"Point","coordinates":[-72.321367,19.690967]},"properties":{"s":"F"}},{"type":"Feature","geometry":{"type":"Point","coordinates":[-72.320338,19.691122]},"properties":{"s":"F"}},{"type":"Feature","geometry":{"type":"Point","coordinates":[-72.32045,19.694892]},"properties":{"s":"F"}},{"type":"Feature","geometry":{"type":"Point","coordinates":[-72.32051,19.698588]},"properties":{"s":"F"}},{"type":"Feature","geometry":{"type":"Point","coordinates":[-72.310793,19.697953]},"properties":{"s":"F"}},{"type":"Feature","geometry":{"type":"Point","coordinates":[-72.309933,19.697752]},"properties":{"s":"F"}},{"type":"Feature","geometry":{"type":"Point","coordinates":[-72.304555,19.697663]},"properties":{"s":"F"}},{"type":"Feature","geometry":{"type":"Point","coordinates":[-72.282651,19.650965]},"properties":{"s":"F"}},{"type":"Feature","geometry":{"type":"Point","coordinates":[-72.281484,19.651926]},"properties":{"s":"F"}},{"type":"Feature","geometry":{"type":"Point","coordinates":[-72.280282,19.653044]},"properties":{"s":"F"}},{"type":"Feature","geometry":{"type":"Point","coordinates":[-72.280909,19.653572]},"properties":{"s":"F"}},{"type":"Feature","geometry":{"type":"Point","coordinates":[-72.279095,19.654087]},"properties":{"s":"F"}},{"type":"Feature","geometry":{"type":"Point","coordinates":[-72.274,19.657]},"properties":{"s":"F"}},{"type":"Feature","geometry":{"type":"Point","coordinates":[-72.298568,19.658823]},"properties":{"s":"F"}},{"type":"Feature","geometry":{"type":"Point","coordinates":[-72.270684,19.657756]},"properties":{"s":"F"}},{"type":"Feature","geometry":{"type":"Point","coordinates":[-72.273573,19.66219]},"properties":{"s":"F"}},{"type":"Feature","geometry":{"type":"Point","coordinates":[-72.27215,19.660933]},"properties":{"s":"F"}},{"type":"Feature","geometry":{"type":"Point","coordinates":[-72.269816,19.66109]},"properties":{"s":"F"}},{"type":"Feature","geometry":{"type":"Point","coordinates":[-72.27565,19.66675]},"properties":{"s":"F"}},{"type":"Feature","geometry":{"type":"Point","coordinates":[-72.273562,19.669551]},"properties":{"s":"F"}},{"type":"Feature","geometry":{"type":"Point","coordinates":[-72.273043,19.673249]},"properties":{"s":"F"}},{"type":"Feature","geometry":{"type":"Point","coordinates":[-72.268496,19.673638]},"properties":{"s":"F"}},{"type":"Feature","geometry":{"type":"Point","coordinates":[-72.267267,19.674525]},"properties":{"s":"F"}},{"type":"Feature","geometry":{"type":"Point","coordinates":[-72.285782,19.675155]},"properties":{"s":"F"}},{"type":"Feature","geometry":{"type":"Point","coordinates":[-72.283705,19.676473]},"properties":{"s":"F"}},{"type":"Feature","geometry":{"type":"Point","coordinates":[-72.279439,19.67663]},"properties":{"s":"F"}},{"type":"Feature","geometry":{"type":"Point","coordinates":[-72.27706,19.676228]},"properties":{"s":"F"}},{"type":"Feature","geometry":{"type":"Point","coordinates":[-72.273703,19.676144]},"properties":{"s":"F"}},{"type":"Feature","geometry":{"type":"Point","coordinates":[-72.27138,19.676958]},"properties":{"s":"F"}},{"type":"Feature","geometry":{"type":"Point","coordinates":[-72.26859,19.675044]},"properties":{"s":"F"}},{"type":"Feature","geometry":{"type":"Point","coordinates":[-72.2682,19.676067]},"properties":{"s":"F"}},{"type":"Feature","geometry":{"type":"Point","coordinates":[-72.28095,19.679933]},"properties":{"s":"F"}},{"type":"Feature","geometry":{"type":"Point","coordinates":[-72.273866,19.677651]},"properties":{"s":"F"}},{"type":"Feature","geometry":{"type":"Point","coordinates":[-72.271562,19.678666]},"properties":{"s":"F"}},{"type":"Feature","geometry":{"type":"Point","coordinates":[-72.270214,19.678737]},"properties":{"s":"F"}},{"type":"Feature","geometry":{"type":"Point","coordinates":[-72.270499,19.678832]},"properties":{"s":"F"}},{"type":"Feature","geometry":{"type":"Point","coordinates":[-72.269964,19.677974]},"properties":{"s":"F"}},{"type":"Feature","geometry":{"type":"Point","coordinates":[-72.269345,19.680595]},"properties":{"s":"F"}},{"type":"Feature","geometry":{"type":"Point","coordinates":[-72.269199,19.680506]},"properties":{"s":"F"}},{"type":"Feature","geometry":{"type":"Point","coordinates":[-72.269775,19.682321]},"properties":{"s":"F"}},{"type":"Feature","geometry":{"type":"Point","coordinates":[-72.262552,19.680982]},"properties":{"s":"F"}},{"type":"Feature","geometry":{"type":"Point","coordinates":[-72.262264,19.683973]},"properties":{"s":"F"}},{"type":"Feature","geometry":{"type":"Point","coordinates":[-72.27045,19.6869]},"properties":{"s":"F"}},{"type":"Feature","geometry":{"type":"Point","coordinates":[-72.269238,19.687355]},"properties":{"s":"F"}},{"type":"Feature","geometry":{"type":"Point","coordinates":[-72.26584,19.687017]},"properties":{"s":"F"}},{"type":"Feature","geometry":{"type":"Point","coordinates":[-72.263175,19.686742]},"properties":{"s":"F"}},{"type":"Feature","geometry":{"type":"Point","coordinates":[-72.258703,19.686482]},"properties":{"s":"F"}},{"type":"Feature","geometry":{"type":"Point","coordinates":[-72.29176,19.690713]},"properties":{"s":"F"}},{"type":"Feature","geometry":{"type":"Point","coordinates":[-72.292265,19.692102]},"properties":{"s":"F"}},{"type":"Feature","geometry":{"type":"Point","coordinates":[-72.286907,19.691317]},"properties":{"s":"F"}},{"type":"Feature","geometry":{"type":"Point","coordinates":[-72.262293,19.691654]},"properties":{"s":"F"}},{"type":"Feature","geometry":{"type":"Point","coordinates":[-72.270187,19.692561]},"properties":{"s":"F"}},{"type":"Feature","geometry":{"type":"Point","coordinates":[-72.269875,19.692541]},"properties":{"s":"F"}},{"type":"Feature","geometry":{"type":"Point","coordinates":[-72.294895,19.699153]},"properties":{"s":"F"}},{"type":"Feature","geometry":{"type":"Point","coordinates":[-72.231691,19.650213]},"properties":{"s":"F"}},{"type":"Feature","geometry":{"type":"Point","coordinates":[-72.247627,19.653027]},"properties":{"s":"F"}},{"type":"Feature","geometry":{"type":"Point","coordinates":[-72.247107,19.654305]},"properties":{"s":"F"}},{"type":"Feature","geometry":{"type":"Point","coordinates":[-72.246848,19.655017]},"properties":{"s":"F"}},{"type":"Feature","geometry":{"type":"Point","coordinates":[-72.236679,19.657164]},"properties":{"s":"F"}},{"type":"Feature","geometry":{"type":"Point","coordinates":[-72.230573,19.656253]},"properties":{"s":"F"}},{"type":"Feature","geometry":{"type":"Point","coordinates":[-72.231142,19.656805]},"properties":{"s":"F"}},{"type":"Feature","geometry":{"type":"Point","coordinates":[-72.226007,19.655124]},"properties":{"s":"F"}},{"type":"Feature","geometry":{"type":"Point","coordinates":[-72.247683,19.659867]},"properties":{"s":"F"}},{"type":"Feature","geometry":{"type":"Point","coordinates":[-72.245782,19.658821]},"properties":{"s":"F"}},{"type":"Feature","geometry":{"type":"Point","coordinates":[-72.24571,19.65908]},"properties":{"s":"F"}},{"type":"Feature","geometry":{"type":"Point","coordinates":[-72.236875,19.65761]},"properties":{"s":"F"}},{"type":"Feature","geometry":{"type":"Point","coordinates":[-72.211225,19.664457]},"properties":{"s":"F"}},{"type":"Feature","geometry":{"type":"Point","coordinates":[-72.204969,19.666604]},"properties":{"s":"F"}},{"type":"Feature","geometry":{"type":"Point","coordinates":[-72.202531,19.669452]},"properties":{"s":"F"}},{"type":"Feature","geometry":{"type":"Point","coordinates":[-72.201494,19.669128]},"properties":{"s":"F"}},{"type":"Feature","geometry":{"type":"Point","coordinates":[-72.248379,19.673091]},"properties":{"s":"F"}},{"type":"Feature","geometry":{"type":"Point","coordinates":[-72.242834,19.677224]},"properties":{"s":"F"}},{"type":"Feature","geometry":{"type":"Point","coordinates":[-72.241818,19.683653]},"properties":{"s":"F"}},{"type":"Feature","geometry":{"type":"Point","coordinates":[-72.205579,19.684501]},"properties":{"s":"F"}},{"type":"Feature","geometry":{"type":"Point","coordinates":[-72.204767,19.682583]},"properties":{"s":"F"}},{"type":"Feature","geometry":{"type":"Point","coordinates":[-72.239757,19.687396]},"properties":{"s":"F"}},{"type":"Feature","geometry":{"type":"Point","coordinates":[-72.207203,19.685296]},"properties":{"s":"F"}},{"type":"Feature","geometry":{"type":"Point","coordinates":[-72.205347,19.685385]},"properties":{"s":"F"}},{"type":"Feature","geometry":{"type":"Point","coordinates":[-72.204984,19.685078]},"properties":{"s":"F"}},{"type":"Feature","geometry":{"type":"Point","coordinates":[-72.217906,19.694833]},"properties":{"s":"F"}},{"type":"Feature","geometry":{"type":"Point","coordinates":[-72.228987,19.695982]},"properties":{"s":"F"}},{"type":"Feature","geometry":{"type":"Point","coordinates":[-72.226433,19.697267]},"properties":{"s":"F"}},{"type":"Feature","geometry":{"type":"Point","coordinates":[-72.22994,19.699455]},"properties":{"s":"F"}},{"type":"Feature","geometry":{"type":"Point","coordinates":[-72.227085,19.698608]},"properties":{"s":"F"}},{"type":"Feature","geometry":{"type":"Point","coordinates":[-72.178433,19.654283]},"properties":{"s":"F"}},{"type":"Feature","geometry":{"type":"Point","coordinates":[-72.17484,19.65336]},"properties":{"s":"F"}},{"type":"Feature","geometry":{"type":"Point","coordinates":[-72.163873,19.655842]},"properties":{"s":"F"}},{"type":"Feature","geometry":{"type":"Point","coordinates":[-72.163562,19.656019]},"properties":{"s":"F"}},{"type":"Feature","geometry":{"type":"Point","coordinates":[-72.162721,19.656883]},"properties":{"s":"F"}},{"type":"Feature","geometry":{"type":"Point","coordinates":[-72.187615,19.659256]},"properties":{"s":"F"}},{"type":"Feature","geometry":{"type":"Point","coordinates":[-72.177533,19.657867]},"properties":{"s":"F"}},{"type":"Feature","geometry":{"type":"Point","coordinates":[-72.162555,19.658342]},"properties":{"s":"F"}},{"type":"Feature","geometry":{"type":"Point","coordinates":[-72.162367,19.659467]},"properties":{"s":"F"}},{"type":"Feature","geometry":{"type":"Point","coordinates":[-72.170333,19.663717]},"properties":{"s":"F"}},{"type":"Feature","geometry":{"type":"Point","coordinates":[-72.184883,19.665783]},"properties":{"s":"F"}},{"type":"Feature","geometry":{"type":"Point","coordinates":[-72.16814,19.665427]},"properties":{"s":"F"}},{"type":"Feature","geometry":{"type":"Point","coordinates":[-72.170325,19.670972]},"properties":{"s":"F"}},{"type":"Feature","geometry":{"type":"Point","coordinates":[-72.170683,19.6719]},"properties":{"s":"F"}},{"type":"Feature","geometry":{"type":"Point","coordinates":[-72.170017,19.672017]},"properties":{"s":"F"}},{"type":"Feature","geometry":{"type":"Point","coordinates":[-72.159958,19.671507]},"properties":{"s":"F"}},{"type":"Feature","geometry":{"type":"Point","coordinates":[-72.15534,19.670138]},"properties":{"s":"F"}},{"type":"Feature","geometry":{"type":"Point","coordinates":[-72.154946,19.672097]},"properties":{"s":"F"}},{"type":"Feature","geometry":{"type":"Point","coordinates":[-72.179566,19.674462]},"properties":{"s":"F"}},{"type":"Feature","geometry":{"type":"Point","coordinates":[-72.179599,19.674879]},"properties":{"s":"F"}},{"type":"Feature","geometry":{"type":"Point","coordinates":[-72.154745,19.673164]},"properties":{"s":"F"}},{"type":"Feature","geometry":{"type":"Point","coordinates":[-72.158088,19.676928]},"properties":{"s":"F"}},{"type":"Feature","geometry":{"type":"Point","coordinates":[-72.183484,19.678947]},"properties":{"s":"F"}},{"type":"Feature","geometry":{"type":"Point","coordinates":[-72.180232,19.678272]},"properties":{"s":"F"}},{"type":"Feature","geometry":{"type":"Point","coordinates":[-72.155293,19.679674]},"properties":{"s":"F"}},{"type":"Feature","geometry":{"type":"Point","coordinates":[-72.151633,19.67952]},"properties":{"s":"F"}},{"type":"Feature","geometry":{"type":"Point","coordinates":[-72.179945,19.681757]},"properties":{"s":"F"}},{"type":"Feature","geometry":{"type":"Point","coordinates":[-72.15205,19.6824]},"properties":{"s":"F"}},{"type":"Feature","geometry":{"type":"Point","coordinates":[-72.182019,19.682543]},"properties":{"s":"F"}},{"type":"Feature","geometry":{"type":"Point","coordinates":[-72.180096,19.682661]},"properties":{"s":"F"}},{"type":"Feature","geometry":{"type":"Point","coordinates":[-72.18121,19.68334]},"properties":{"s":"F"}},{"type":"Feature","geometry":{"type":"Point","coordinates":[-72.172156,19.691707]},"properties":{"s":"F"}},{"type":"Feature","geometry":{"type":"Point","coordinates":[-72.163271,19.693312]},"properties":{"s":"F"}},{"type":"Feature","geometry":{"type":"Point","coordinates":[-72.15905,19.69265]},"properties":{"s":"F"}},{"type":"Feature","geometry":{"type":"Point","coordinates":[-72.157236,19.692527]},"properties":{"s":"F"}},{"type":"Feature","geometry":{"type":"Point","coordinates":[-72.16105,19.696717]},"properties":{"s":"F"}},{"type":"Feature","geometry":{"type":"Point","coordinates":[-72.142733,19.654167]},"properties":{"s":"F"}},{"type":"Feature","geometry":{"type":"Point","coordinates":[-72.119982,19.652738]},"properties":{"s":"F"}},{"type":"Feature","geometry":{"type":"Point","coordinates":[-72.109885,19.653166]},"properties":{"s":"F"}},{"type":"Feature","geometry":{"type":"Point","coordinates":[-72.140436,19.656249]},"properties":{"s":"F"}},{"type":"Feature","geometry":{"type":"Point","coordinates":[-72.107052,19.657423]},"properties":{"s":"F"}},{"type":"Feature","geometry":{"type":"Point","coordinates":[-72.11617,19.658438]},"properties":{"s":"F"}},{"type":"Feature","geometry":{"type":"Point","coordinates":[-72.124794,19.663522]},"properties":{"s":"F"}},{"type":"Feature","geometry":{"type":"Point","coordinates":[-72.125764,19.666711]},"properties":{"s":"F"}},{"type":"Feature","geometry":{"type":"Point","coordinates":[-72.120233,19.665212]},"properties":{"s":"F"}},{"type":"Feature","geometry":{"type":"Point","coordinates":[-72.120431,19.666145]},"properties":{"s":"F"}},{"type":"Feature","geometry":{"type":"Point","coordinates":[-72.100596,19.66709]},"properties":{"s":"F"}},{"type":"Feature","geometry":{"type":"Point","coordinates":[-72.131242,19.668831]},"properties":{"s":"F"}},{"type":"Feature","geometry":{"type":"Point","coordinates":[-72.126088,19.668528]},"properties":{"s":"F"}},{"type":"Feature","geometry":{"type":"Point","coordinates":[-72.122044,19.667909]},"properties":{"s":"F"}},{"type":"Feature","geometry":{"type":"Point","coordinates":[-72.118652,19.668491]},"properties":{"s":"F"}},{"type":"Feature","geometry":{"type":"Point","coordinates":[-72.102783,19.668]},"properties":{"s":"F"}},{"type":"Feature","geometry":{"type":"Point","coordinates":[-72.128235,19.67153]},"properties":{"s":"F"}},{"type":"Feature","geometry":{"type":"Point","coordinates":[-72.127017,19.671267]},"properties":{"s":"F"}},{"type":"Feature","geometry":{"type":"Point","coordinates":[-72.123048,19.670667]},"properties":{"s":"F"}},{"type":"Feature","geometry":{"type":"Point","coordinates":[-72.115144,19.672031]},"properties":{"s":"F"}},{"type":"Feature","geometry":{"type":"Point","coordinates":[-72.113613,19.671683]},"properties":{"s":"F"}},{"type":"Feature","geometry":{"type":"Point","coordinates":[-72.110296,19.671063]},"properties":{"s":"F"}},{"type":"Feature","geometry":{"type":"Point","coordinates":[-72.109921,19.670463]},"properties":{"s":"F"}},{"type":"Feature","geometry":{"type":"Point","coordinates":[-72.107453,19.670596]},"properties":{"s":"F"}},{"type":"Feature","geometry":{"type":"Point","coordinates":[-72.122756,19.674372]},"properties":{"s":"F"}},{"type":"Feature","geometry":{"type":"Point","coordinates":[-72.123329,19.674382]},"properties":{"s":"F"}},{"type":"Feature","geometry":{"type":"Point","coordinates":[-72.130815,19.675]},"properties":{"s":"F"}},{"type":"Feature","geometry":{"type":"Point","coordinates":[-72.128854,19.677362]},"properties":{"s":"F"}},{"type":"Feature","geometry":{"type":"Point","coordinates":[-72.11788,19.680407]},"properties":{"s":"F"}},{"type":"Feature","geometry":{"type":"Point","coordinates":[-72.135706,19.685306]},"properties":{"s":"F"}},{"type":"Feature","geometry":{"type":"Point","coordinates":[-72.134774,19.687384]},"properties":{"s":"F"}},{"type":"Feature","geometry":{"type":"Point","coordinates":[-72.115554,19.686908]},"properties":{"s":"F"}},{"type":"Feature","geometry":{"type":"Point","coordinates":[-72.143175,19.688598]},"properties":{"s":"F"}},{"type":"Feature","geometry":{"type":"Point","coordinates":[-72.134884,19.687668]},"properties":{"s":"F"}},{"type":"Feature","geometry":{"type":"Point","coordinates":[-72.124342,19.689152]},"properties":{"s":"F"}},{"type":"Feature","geometry":{"type":"Point","coordinates":[-72.132751,19.693288]},"properties":{"s":"F"}},{"type":"Feature","geometry":{"type":"Point","coordinates":[-72.117629,19.693682]},"properties":{"s":"F"}},{"type":"Feature","geometry":{"type":"Point","coordinates":[-72.117233,19.69365]},"properties":{"s":"F"}},{"type":"Feature","geometry":{"type":"Point","coordinates":[-72.117308,19.69495]},"properties":{"s":"F"}},{"type":"Feature","geometry":{"type":"Point","coordinates":[-72.132112,19.696149]},"properties":{"s":"F"}},{"type":"Feature","geometry":{"type":"Point","coordinates":[-72.105366,19.699739]},"properties":{"s":"F"}},{"type":"Feature","geometry":{"type":"Point","coordinates":[-72.082714,19.651829]},"properties":{"s":"F"}},{"type":"Feature","geometry":{"type":"Point","coordinates":[-72.079153,19.659741]},"properties":{"s":"F"}},{"type":"Feature","geometry":{"type":"Point","coordinates":[-72.085146,19.661651]},"properties":{"s":"F"}},{"type":"Feature","geometry":{"type":"Point","coordinates":[-72.083406,19.66056]},"properties":{"s":"F"}},{"type":"Feature","geometry":{"type":"Point","coordinates":[-72.084086,19.66156]},"properties":{"s":"F"}},{"type":"Feature","geometry":{"type":"Point","coordinates":[-72.090634,19.66291]},"properties":{"s":"F"}},{"type":"Feature","geometry":{"type":"Point","coordinates":[-72.091296,19.66404]},"properties":{"s":"F"}},{"type":"Feature","geometry":{"type":"Point","coordinates":[-72.089871,19.663505]},"properties":{"s":"F"}},{"type":"Feature","geometry":{"type":"Point","coordinates":[-72.087237,19.662855]},"properties":{"s":"F"}},{"type":"Feature","geometry":{"type":"Point","coordinates":[-72.078817,19.663817]},"properties":{"s":"F"}},{"type":"Feature","geometry":{"type":"Point","coordinates":[-72.095065,19.665298]},"properties":{"s":"F"}},{"type":"Feature","geometry":{"type":"Point","coordinates":[-72.028134,19.665048]},"properties":{"s":"F"}},{"type":"Feature","geometry":{"type":"Point","coordinates":[-72.019493,19.672166]},"properties":{"s":"F"}},{"type":"Feature","geometry":{"type":"Point","coordinates":[-72.022414,19.675394]},"properties":{"s":"F"}},{"type":"Feature","geometry":{"type":"Point","coordinates":[-72.038333,19.690302]},"properties":{"s":"F"}},{"type":"Feature","geometry":{"type":"Point","coordinates":[-72.025086,19.691632]},"properties":{"s":"F"}},{"type":"Feature","geometry":{"type":"Point","coordinates":[-72.019032,19.691772]},"properties":{"s":"F"}},{"type":"Feature","geometry":{"type":"Point","coordinates":[-72.570925,19.715195]},"properties":{"s":"N"}},{"type":"Feature","geometry":{"type":"Point","coordinates":[-72.567923,19.715073]},"properties":{"s":"F"}},{"type":"Feature","geometry":{"type":"Point","coordinates":[-72.565162,19.730695]},"properties":{"s":"F"}},{"type":"Feature","geometry":{"type":"Point","coordinates":[-72.524563,19.712307]},"properties":{"s":"F"}},{"type":"Feature","geometry":{"type":"Point","coordinates":[-72.453802,19.722863]},"properties":{"s":"F"}},{"type":"Feature","geometry":{"type":"Point","coordinates":[-72.451572,19.722765]},"properties":{"s":"F"}},{"type":"Feature","geometry":{"type":"Point","coordinates":[-72.45694,19.728429]},"properties":{"s":"F"}},{"type":"Feature","geometry":{"type":"Point","coordinates":[-72.42218,19.711967]},"properties":{"s":"F"}},{"type":"Feature","geometry":{"type":"Point","coordinates":[-72.419741,19.710088]},"properties":{"s":"F"}},{"type":"Feature","geometry":{"type":"Point","coordinates":[-72.421829,19.712516]},"properties":{"s":"F"}},{"type":"Feature","geometry":{"type":"Point","coordinates":[-72.430395,19.737345]},"properties":{"s":"F"}},{"type":"Feature","geometry":{"type":"Point","coordinates":[-72.430187,19.73747]},"properties":{"s":"F"}},{"type":"Feature","geometry":{"type":"Point","coordinates":[-72.429407,19.746717]},"properties":{"s":"F"}},{"type":"Feature","geometry":{"type":"Point","coordinates":[-72.43082,19.74926]},"properties":{"s":"F"}},{"type":"Feature","geometry":{"type":"Point","coordinates":[-72.430125,19.749975]},"properties":{"s":"F"}},{"type":"Feature","geometry":{"type":"Point","coordinates":[-72.426103,19.74958]},"properties":{"s":"F"}},{"type":"Feature","geometry":{"type":"Point","coordinates":[-72.409768,19.74848]},"properties":{"s":"F"}},{"type":"Feature","geometry":{"type":"Point","coordinates":[-72.380469,19.702647]},"properties":{"s":"F"}},{"type":"Feature","geometry":{"type":"Point","coordinates":[-72.373767,19.704317]},"properties":{"s":"F"}},{"type":"Feature","geometry":{"type":"Point","coordinates":[-72.3625,19.70314]},"properties":{"s":"F"}},{"type":"Feature","geometry":{"type":"Point","coordinates":[-72.39914,19.705512]},"properties":{"s":"F"}},{"type":"Feature","geometry":{"type":"Point","coordinates":[-72.397833,19.707045]},"properties":{"s":"F"}},{"type":"Feature","geometry":{"type":"Point","coordinates":[-72.350018,19.724365]},"properties":{"s":"F"}},{"type":"Feature","geometry":{"type":"Point","coordinates":[-72.354183,19.732759]},"properties":{"s":"F"}},{"type":"Feature","geometry":{"type":"Point","coordinates":[-72.379749,19.739483]},"properties":{"s":"F"}},{"type":"Feature","geometry":{"type":"Point","coordinates":[-72.35269,19.744033]},"properties":{"s":"F"}},{"type":"Feature","geometry":{"type":"Point","coordinates":[-72.350856,19.744038]},"properties":{"s":"F"}},{"type":"Feature","geometry":{"type":"Point","coordinates":[-72.353484,19.74527]},"properties":{"s":"F"}},{"type":"Feature","geometry":{"type":"Point","coordinates":[-72.329894,19.701425]},"properties":{"s":"F"}},{"type":"Feature","geometry":{"type":"Point","coordinates":[-72.32696,19.70146]},"properties":{"s":"F"}},{"type":"Feature","geometry":{"type":"Point","coordinates":[-72.322165,19.700052]},"properties":{"s":"F"}},{"type":"Feature","geometry":{"type":"Point","coordinates":[-72.320753,19.70084]},"properties":{"s":"F"}},{"type":"Feature","geometry":{"type":"Point","coordinates":[-72.333988,19.703658]},"properties":{"s":"F"}},{"type":"Feature","geometry":{"type":"Point","coordinates":[-72.334653,19.704765]},"properties":{"s":"F"}},{"type":"Feature","geometry":{"type":"Point","coordinates":[-72.327668,19.704297]},"properties":{"s":"F"}},{"type":"Feature","geometry":{"type":"Point","coordinates":[-72.3263,19.7032]},"properties":{"s":"F"}},{"type":"Feature","geometry":{"type":"Point","coordinates":[-72.320273,19.70387]},"properties":{"s":"F"}},{"type":"Feature","geometry":{"type":"Point","coordinates":[-72.34979,19.70671]},"properties":{"s":"F"}},{"type":"Feature","geometry":{"type":"Point","coordinates":[-72.337507,19.706297]},"properties":{"s":"F"}},{"type":"Feature","geometry":{"type":"Point","coordinates":[-72.336264,19.707246]},"properties":{"s":"F"}},{"type":"Feature","geometry":{"type":"Point","coordinates":[-72.329068,19.705223]},"properties":{"s":"F"}},{"type":"Feature","geometry":{"type":"Point","coordinates":[-72.320127,19.705283]},"properties":{"s":"F"}},{"type":"Feature","geometry":{"type":"Point","coordinates":[-72.349167,19.708133]},"properties":{"s":"F"}},{"type":"Feature","geometry":{"type":"Point","coordinates":[-72.335268,19.709628]},"properties":{"s":"F"}},{"type":"Feature","geometry":{"type":"Point","coordinates":[-72.334385,19.709383]},"properties":{"s":"F"}},{"type":"Feature","geometry":{"type":"Point","coordinates":[-72.330352,19.709727]},"properties":{"s":"F"}},{"type":"Feature","geometry":{"type":"Point","coordinates":[-72.345911,19.710016]},"properties":{"s":"F"}},{"type":"Feature","geometry":{"type":"Point","coordinates":[-72.336498,19.710548]},"properties":{"s":"F"}},{"type":"Feature","geometry":{"type":"Point","coordinates":[-72.34336,19.717384]},"properties":{"s":"F"}},{"type":"Feature","geometry":{"type":"Point","coordinates":[-72.340662,19.717305]},"properties":{"s":"F"}},{"type":"Feature","geometry":{"type":"Point","coordinates":[-72.339731,19.715118]},"properties":{"s":"F"}},{"type":"Feature","geometry":{"type":"Point","coordinates":[-72.34388,19.723982]},"properties":{"s":"F"}},{"type":"Feature","geometry":{"type":"Point","coordinates":[-72.34277,19.723888]},"properties":{"s":"F"}},{"type":"Feature","geometry":{"type":"Point","coordinates":[-72.346533,19.728493]},"properties":{"s":"F"}},{"type":"Feature","geometry":{"type":"Point","coordinates":[-72.344335,19.728199]},"properties":{"s":"F"}},{"type":"Feature","geometry":{"type":"Point","coordinates":[-72.343779,19.728875]},"properties":{"s":"F"}},{"type":"Feature","geometry":{"type":"Point","coordinates":[-72.344788,19.729404]},"properties":{"s":"F"}},{"type":"Feature","geometry":{"type":"Point","coordinates":[-72.308525,19.727984]},"properties":{"s":"F"}},{"type":"Feature","geometry":{"type":"Point","coordinates":[-72.304562,19.728112]},"properties":{"s":"F"}},{"type":"Feature","geometry":{"type":"Point","coordinates":[-72.345961,19.731826]},"properties":{"s":"F"}},{"type":"Feature","geometry":{"type":"Point","coordinates":[-72.34905,19.734478]},"properties":{"s":"F"}},{"type":"Feature","geometry":{"type":"Point","coordinates":[-72.34635,19.7336]},"properties":{"s":"F"}},{"type":"Feature","geometry":{"type":"Point","coordinates":[-72.345709,19.733587]},"properties":{"s":"F"}},{"type":"Feature","geometry":{"type":"Point","coordinates":[-72.30054,19.73439]},"properties":{"s":"F"}},{"type":"Feature","geometry":{"type":"Point","coordinates":[-72.30136,19.734847]},"properties":{"s":"F"}},{"type":"Feature","geometry":{"type":"Point","coordinates":[-72.347149,19.739997]},"properties":{"s":"F"}},{"type":"Feature","geometry":{"type":"Point","coordinates":[-72.347689,19.741869]},"properties":{"s":"F"}},{"type":"Feature","geometry":{"type":"Point","coordinates":[-72.30619,19.741121]},"properties":{"s":"F"}},{"type":"Feature","geometry":{"type":"Point","coordinates":[-72.305273,19.741376]},"properties":{"s":"F"}},{"type":"Feature","geometry":{"type":"Point","coordinates":[-72.34813,19.742862]},"properties":{"s":"F"}},{"type":"Feature","geometry":{"type":"Point","coordinates":[-72.34844,19.744328]},"properties":{"s":"F"}},{"type":"Feature","geometry":{"type":"Point","coordinates":[-72.30649,19.742993]},"properties":{"s":"F"}},{"type":"Feature","geometry":{"type":"Point","coordinates":[-72.348337,19.746448]},"properties":{"s":"F"}},{"type":"Feature","geometry":{"type":"Point","coordinates":[-72.347788,19.746983]},"properties":{"s":"F"}},{"type":"Feature","geometry":{"type":"Point","coordinates":[-72.34637,19.747165]},"properties":{"s":"F"}},{"type":"Feature","geometry":{"type":"Point","coordinates":[-72.348405,19.747535]},"properties":{"s":"F"}},{"type":"Feature","geometry":{"type":"Point","coordinates":[-72.347883,19.74875]},"properties":{"s":"F"}},{"type":"Feature","geometry":{"type":"Point","coordinates":[-72.347184,19.747997]},"properties":{"s":"F"}},{"type":"Feature","geometry":{"type":"Point","coordinates":[-72.347433,19.749017]},"properties":{"s":"F"}},{"type":"Feature","geometry":{"type":"Point","coordinates":[-72.271906,19.704627]},"properties":{"s":"F"}},{"type":"Feature","geometry":{"type":"Point","coordinates":[-72.286621,19.706397]},"properties":{"s":"F"}},{"type":"Feature","geometry":{"type":"Point","coordinates":[-72.268709,19.705168]},"properties":{"s":"F"}},{"type":"Feature","geometry":{"type":"Point","coordinates":[-72.267728,19.707461]},"properties":{"s":"F"}},{"type":"Feature","geometry":{"type":"Point","coordinates":[-72.27507,19.708229]},"properties":{"s":"F"}},{"type":"Feature","geometry":{"type":"Point","coordinates":[-72.268151,19.708125]},"properties":{"s":"F"}},{"type":"Feature","geometry":{"type":"Point","coordinates":[-72.268074,19.708748]},"properties":{"s":"F"}},{"type":"Feature","geometry":{"type":"Point","coordinates":[-72.255068,19.709652]},"properties":{"s":"F"}},{"type":"Feature","geometry":{"type":"Point","coordinates":[-72.275394,19.711301]},"properties":{"s":"F"}},{"type":"Feature","geometry":{"type":"Point","coordinates":[-72.269327,19.710022]},"properties":{"s":"F"}},{"type":"Feature","geometry":{"type":"Point","coordinates":[-72.269328,19.71048]},"properties":{"s":"F"}},{"type":"Feature","geometry":{"type":"Point","coordinates":[-72.266798,19.710473]},"properties":{"s":"F"}},{"type":"Feature","geometry":{"type":"Point","coordinates":[-72.266898,19.710526]},"properties":{"s":"F"}},{"type":"Feature","geometry":{"type":"Point","coordinates":[-72.265393,19.711]},"properties":{"s":"F"}},{"type":"Feature","geometry":{"type":"Point","coordinates":[-72.265776,19.711181]},"properties":{"s":"F"}},{"type":"Feature","geometry":{"type":"Point","coordinates":[-72.265968,19.712475]},"properties":{"s":"F"}},{"type":"Feature","geometry":{"type":"Point","coordinates":[-72.282827,19.713787]},"properties":{"s":"F"}},{"type":"Feature","geometry":{"type":"Point","coordinates":[-72.282033,19.713893]},"properties":{"s":"F"}},{"type":"Feature","geometry":{"type":"Point","coordinates":[-72.273943,19.71283]},"properties":{"s":"F"}},{"type":"Feature","geometry":{"type":"Point","coordinates":[-72.270066,19.712761]},"properties":{"s":"F"}},{"type":"Feature","geometry":{"type":"Point","coordinates":[-72.271788,19.714679]},"properties":{"s":"F"}},{"type":"Feature","geometry":{"type":"Point","coordinates":[-72.26984,19.71429]},"properties":{"s":"F"}},{"type":"Feature","geometry":{"type":"Point","coordinates":[-72.266109,19.713783]},"properties":{"s":"F"}},{"type":"Feature","geometry":{"type":"Point","coordinates":[-72.265712,19.714051]},"properties":{"s":"F"}},{"type":"Feature","geometry":{"type":"Point","coordinates":[-72.257589,19.714435]},"properties":{"s":"F"}},{"type":"Feature","geometry":{"type":"Point","coordinates":[-72.256954,19.712838]},"properties":{"s":"F"}},{"type":"Feature","geometry":{"type":"Point","coordinates":[-72.28321,19.715224]},"properties":{"s":"F"}},{"type":"Feature","geometry":{"type":"Point","coordinates":[-72.282736,19.716727]},"properties":{"s":"F"}},{"type":"Feature","geometry":{"type":"Point","coordinates":[-72.277298,19.715789]},"properties":{"s":"F"}},{"type":"Feature","geometry":{"type":"Point","coordinates":[-72.270521,19.715262]},"properties":{"s":"F"}},{"type":"Feature","geometry":{"type":"Point","coordinates":[-72.268598,19.716818]},"properties":{"s":"F"}},{"type":"Feature","geometry":{"type":"Point","coordinates":[-72.263843,19.715411]},"properties":{"s":"F"}},{"type":"Feature","geometry":{"type":"Point","coordinates":[-72.259804,19.715424]},"properties":{"s":"F"}},{"type":"Feature","geometry":{"type":"Point","coordinates":[-72.258523,19.717442]},"properties":{"s":"F"}},{"type":"Feature","geometry":{"type":"Point","coordinates":[-72.257051,19.715108]},"properties":{"s":"F"}},{"type":"Feature","geometry":{"type":"Point","coordinates":[-72.255584,19.716115]},"properties":{"s":"F"}},{"type":"Feature","geometry":{"type":"Point","coordinates":[-72.252017,19.716432]},"properties":{"s":"F"}},{"type":"Feature","geometry":{"type":"Point","coordinates":[-72.285842,19.718607]},"properties":{"s":"F"}},{"type":"Feature","geometry":{"type":"Point","coordinates":[-72.280395,19.719441]},"properties":{"s":"F"}},{"type":"Feature","geometry":{"type":"Point","coordinates":[-72.272359,19.718176]},"properties":{"s":"F"}},{"type":"Feature","geometry":{"type":"Point","coordinates":[-72.257644,19.719906]},"properties":{"s":"F"}},{"type":"Feature","geometry":{"type":"Point","coordinates":[-72.256999,19.718579]},"properties":{"s":"F"}},{"type":"Feature","geometry":{"type":"Point","coordinates":[-72.253009,19.717741]},"properties":{"s":"F"}},{"type":"Feature","geometry":{"type":"Point","coordinates":[-72.254605,19.7194]},"properties":{"s":"F"}},{"type":"Feature","geometry":{"type":"Point","coordinates":[-72.283636,19.720296]},"properties":{"s":"F"}},{"type":"Feature","geometry":{"type":"Point","coordinates":[-72.26954,19.72091]},"properties":{"s":"F"}},{"type":"Feature","geometry":{"type":"Point","coordinates":[-72.266282,19.721636]},"properties":{"s":"F"}},{"type":"Feature","geometry":{"type":"Point","coordinates":[-72.25144,19.721021]},"properties":{"s":"F"}},{"type":"Feature","geometry":{"type":"Point","coordinates":[-72.250496,19.721436]},"properties":{"s":"F"}},{"type":"Feature","geometry":{"type":"Point","coordinates":[-72.282724,19.723058]},"properties":{"s":"F"}},{"type":"Feature","geometry":{"type":"Point","coordinates":[-72.275114,19.724018]},"properties":{"s":"F"}},{"type":"Feature","geometry":{"type":"Point","coordinates":[-72.27239,19.72278]},"properties":{"s":"F"}},{"type":"Feature","geometry":{"type":"Point","coordinates":[-72.297421,19.726508]},"properties":{"s":"F"}},{"type":"Feature","geometry":{"type":"Point","coordinates":[-72.295246,19.726507]},"properties":{"s":"F"}},{"type":"Feature","geometry":{"type":"Point","coordinates":[-72.252925,19.728239]},"properties":{"s":"F"}},{"type":"Feature","geometry":{"type":"Point","coordinates":[-72.252123,19.729142]},"properties":{"s":"F"}},{"type":"Feature","geometry":{"type":"Point","coordinates":[-72.252113,19.729376]},"properties":{"s":"F"}},{"type":"Feature","geometry":{"type":"Point","coordinates":[-72.292682,19.730729]},"properties":{"s":"F"}},{"type":"Feature","geometry":{"type":"Point","coordinates":[-72.276473,19.730445]},"properties":{"s":"F"}},{"type":"Feature","geometry":{"type":"Point","coordinates":[-72.252115,19.730002]},"properties":{"s":"F"}},{"type":"Feature","geometry":{"type":"Point","coordinates":[-72.284074,19.741508]},"properties":{"s":"F"}},{"type":"Feature","geometry":{"type":"Point","coordinates":[-72.227294,19.703506]},"properties":{"s":"F"}},{"type":"Feature","geometry":{"type":"Point","coordinates":[-72.22699,19.707753]},"properties":{"s":"F"}},{"type":"Feature","geometry":{"type":"Point","coordinates":[-72.225723,19.708004]},"properties":{"s":"F"}},{"type":"Feature","geometry":{"type":"Point","coordinates":[-72.208018,19.710916]},"properties":{"s":"F"}},{"type":"Feature","geometry":{"type":"Point","coordinates":[-72.23782,19.721402]},"properties":{"s":"F"}},{"type":"Feature","geometry":{"type":"Point","coordinates":[-72.237301,19.72125]},"properties":{"s":"F"}},{"type":"Feature","geometry":{"type":"Point","coordinates":[-72.2362,19.7213]},"properties":{"s":"F"}},{"type":"Feature","geometry":{"type":"Point","coordinates":[-72.234509,19.720161]},"properties":{"s":"F"}},{"type":"Feature","geometry":{"type":"Point","coordinates":[-72.233749,19.720528]},"properties":{"s":"F"}},{"type":"Feature","geometry":{"type":"Point","coordinates":[-72.2315,19.720317]},"properties":{"s":"F"}},{"type":"Feature","geometry":{"type":"Point","coordinates":[-72.231484,19.721322]},"properties":{"s":"F"}},{"type":"Feature","geometry":{"type":"Point","coordinates":[-72.22958,19.722162]},"properties":{"s":"F"}},{"type":"Feature","geometry":{"type":"Point","coordinates":[-72.200186,19.720053]},"properties":{"s":"F"}},{"type":"Feature","geometry":{"type":"Point","coordinates":[-72.249304,19.722805]},"properties":{"s":"F"}},{"type":"Feature","geometry":{"type":"Point","coordinates":[-72.244423,19.722717]},"properties":{"s":"F"}},{"type":"Feature","geometry":{"type":"Point","coordinates":[-72.230091,19.722722]},"properties":{"s":"F"}},{"type":"Feature","geometry":{"type":"Point","coordinates":[-72.228609,19.723946]},"properties":{"s":"F"}},{"type":"Feature","geometry":{"type":"Point","coordinates":[-72.225883,19.722983]},"properties":{"s":"F"}},{"type":"Feature","geometry":{"type":"Point","coordinates":[-72.249569,19.726622]},"properties":{"s":"F"}},{"type":"Feature","geometry":{"type":"Point","coordinates":[-72.245733,19.728234]},"properties":{"s":"F"}},{"type":"Feature","geometry":{"type":"Point","coordinates":[-72.227376,19.728594]},"properties":{"s":"F"}},{"type":"Feature","geometry":{"type":"Point","coordinates":[-72.244224,19.731328]},"properties":{"s":"F"}},{"type":"Feature","geometry":{"type":"Point","coordinates":[-72.22515,19.730417]},"properties":{"s":"F"}},{"type":"Feature","geometry":{"type":"Point","coordinates":[-72.22842,19.736044]},"properties":{"s":"F"}},{"type":"Feature","geometry":{"type":"Point","coordinates":[-72.224917,19.735117]},"properties":{"s":"F"}},{"type":"Feature","geometry":{"type":"Point","coordinates":[-72.22041,19.73732]},"properties":{"s":"F"}},{"type":"Feature","geometry":{"type":"Point","coordinates":[-72.218071,19.736422]},"properties":{"s":"F"}},{"type":"Feature","geometry":{"type":"Point","coordinates":[-72.215954,19.735497]},"properties":{"s":"F"}},{"type":"Feature","geometry":{"type":"Point","coordinates":[-72.217305,19.735862]},"properties":{"s":"F"}},{"type":"Feature","geometry":{"type":"Point","coordinates":[-72.213087,19.735948]},"properties":{"s":"F"}},{"type":"Feature","geometry":{"type":"Point","coordinates":[-72.213087,19.736932]},"properties":{"s":"F"}},{"type":"Feature","geometry":{"type":"Point","coordinates":[-72.21298,19.737295]},"properties":{"s":"F"}},{"type":"Feature","geometry":{"type":"Point","coordinates":[-72.211917,19.736587]},"properties":{"s":"F"}},{"type":"Feature","geometry":{"type":"Point","coordinates":[-72.212043,19.73668]},"properties":{"s":"F"}},{"type":"Feature","geometry":{"type":"Point","coordinates":[-72.211888,19.737366]},"properties":{"s":"F"}},{"type":"Feature","geometry":{"type":"Point","coordinates":[-72.229478,19.737578]},"properties":{"s":"F"}},{"type":"Feature","geometry":{"type":"Point","coordinates":[-72.214136,19.737841]},"properties":{"s":"F"}},{"type":"Feature","geometry":{"type":"Point","coordinates":[-72.212785,19.738343]},"properties":{"s":"F"}},{"type":"Feature","geometry":{"type":"Point","coordinates":[-72.212762,19.738458]},"properties":{"s":"F"}},{"type":"Feature","geometry":{"type":"Point","coordinates":[-72.214756,19.73986]},"properties":{"s":"F"}},{"type":"Feature","geometry":{"type":"Point","coordinates":[-72.212461,19.739971]},"properties":{"s":"F"}},{"type":"Feature","geometry":{"type":"Point","coordinates":[-72.216872,19.74144]},"properties":{"s":"F"}},{"type":"Feature","geometry":{"type":"Point","coordinates":[-72.213855,19.740647]},"properties":{"s":"F"}},{"type":"Feature","geometry":{"type":"Point","coordinates":[-72.212006,19.740331]},"properties":{"s":"F"}},{"type":"Feature","geometry":{"type":"Point","coordinates":[-72.211574,19.741102]},"properties":{"s":"F"}},{"type":"Feature","geometry":{"type":"Point","coordinates":[-72.211003,19.74113]},"properties":{"s":"F"}},{"type":"Feature","geometry":{"type":"Point","coordinates":[-72.21595,19.74479]},"properties":{"s":"F"}},{"type":"Feature","geometry":{"type":"Point","coordinates":[-72.208964,19.743252]},"properties":{"s":"F"}},{"type":"Feature","geometry":{"type":"Point","coordinates":[-72.209089,19.743396]},"properties":{"s":"F"}},{"type":"Feature","geometry":{"type":"Point","coordinates":[-72.208911,19.743829]},"properties":{"s":"F"}},{"type":"Feature","geometry":{"type":"Point","coordinates":[-72.209635,19.744458]},"properties":{"s":"F"}},{"type":"Feature","geometry":{"type":"Point","coordinates":[-72.207806,19.744904]},"properties":{"s":"F"}},{"type":"Feature","geometry":{"type":"Point","coordinates":[-72.207337,19.744626]},"properties":{"s":"F"}},{"type":"Feature","geometry":{"type":"Point","coordinates":[-72.212398,19.746099]},"properties":{"s":"F"}},{"type":"Feature","geometry":{"type":"Point","coordinates":[-72.207736,19.745373]},"properties":{"s":"F"}},{"type":"Feature","geometry":{"type":"Point","coordinates":[-72.20805,19.746673]},"properties":{"s":"F"}},{"type":"Feature","geometry":{"type":"Point","coordinates":[-72.222586,19.747853]},"properties":{"s":"F"}},{"type":"Feature","geometry":{"type":"Point","coordinates":[-72.222471,19.74782]},"properties":{"s":"F"}},{"type":"Feature","geometry":{"type":"Point","coordinates":[-72.222209,19.748226]},"properties":{"s":"F"}},{"type":"Feature","geometry":{"type":"Point","coordinates":[-72.213131,19.749547]},"properties":{"s":"F"}},{"type":"Feature","geometry":{"type":"Point","coordinates":[-72.206294,19.748871]},"properties":{"s":"F"}},{"type":"Feature","geometry":{"type":"Point","coordinates":[-72.206529,19.749637]},"properties":{"s":"F"}},{"type":"Feature","geometry":{"type":"Point","coordinates":[-72.175667,19.700667]},"properties":{"s":"F"}},{"type":"Feature","geometry":{"type":"Point","coordinates":[-72.158218,19.701672]},"properties":{"s":"F"}},{"type":"Feature","geometry":{"type":"Point","coordinates":[-72.157094,19.708242]},"properties":{"s":"F"}},{"type":"Feature","geometry":{"type":"Point","coordinates":[-72.16975,19.717007]},"properties":{"s":"F"}},{"type":"Feature","geometry":{"type":"Point","coordinates":[-72.192887,19.722882]},"properties":{"s":"F"}},{"type":"Feature","geometry":{"type":"Point","coordinates":[-72.185483,19.72255]},"properties":{"s":"F"}},{"type":"Feature","geometry":{"type":"Point","coordinates":[-72.176667,19.722667]},"properties":{"s":"F"}},{"type":"Feature","geometry":{"type":"Point","coordinates":[-72.174617,19.724917]},"properties":{"s":"F"}},{"type":"Feature","geometry":{"type":"Point","coordinates":[-72.170243,19.724545]},"properties":{"s":"F"}},{"type":"Feature","geometry":{"type":"Point","coordinates":[-72.182488,19.726847]},"properties":{"s":"F"}},{"type":"Feature","geometry":{"type":"Point","coordinates":[-72.182267,19.727417]},"properties":{"s":"F"}},{"type":"Feature","geometry":{"type":"Point","coordinates":[-72.172833,19.72505]},"properties":{"s":"F"}},{"type":"Feature","geometry":{"type":"Point","coordinates":[-72.169425,19.72581]},"properties":{"s":"F"}},{"type":"Feature","geometry":{"type":"Point","coordinates":[-72.183176,19.728641]},"properties":{"s":"F"}},{"type":"Feature","geometry":{"type":"Point","coordinates":[-72.181891,19.72806]},"properties":{"s":"F"}},{"type":"Feature","geometry":{"type":"Point","coordinates":[-72.182021,19.728372]},"properties":{"s":"F"}},{"type":"Feature","geometry":{"type":"Point","coordinates":[-72.180231,19.729324]},"properties":{"s":"F"}},{"type":"Feature","geometry":{"type":"Point","coordinates":[-72.178892,19.729415]},"properties":{"s":"F"}},{"type":"Feature","geometry":{"type":"Point","coordinates":[-72.1671,19.728867]},"properties":{"s":"F"}},{"type":"Feature","geometry":{"type":"Point","coordinates":[-72.17897,19.730429]},"properties":{"s":"F"}},{"type":"Feature","geometry":{"type":"Point","coordinates":[-72.154806,19.731459]},"properties":{"s":"F"}},{"type":"Feature","geometry":{"type":"Point","coordinates":[-72.178328,19.732622]},"properties":{"s":"F"}},{"type":"Feature","geometry":{"type":"Point","coordinates":[-72.179592,19.73361]},"properties":{"s":"F"}},{"type":"Feature","geometry":{"type":"Point","coordinates":[-72.176105,19.732937]},"properties":{"s":"F"}},{"type":"Feature","geometry":{"type":"Point","coordinates":[-72.174231,19.733566]},"properties":{"s":"F"}},{"type":"Feature","geometry":{"type":"Point","coordinates":[-72.172309,19.734405]},"properties":{"s":"F"}},{"type":"Feature","geometry":{"type":"Point","coordinates":[-72.158066,19.733246]},"properties":{"s":"F"}},{"type":"Feature","geometry":{"type":"Point","coordinates":[-72.15553,19.732558]},"properties":{"s":"F"}},{"type":"Feature","geometry":{"type":"Point","coordinates":[-72.189824,19.735649]},"properties":{"s":"F"}},{"type":"Feature","geometry":{"type":"Point","coordinates":[-72.186082,19.737184]},"properties":{"s":"F"}},{"type":"Feature","geometry":{"type":"Point","coordinates":[-72.185025,19.737438]},"properties":{"s":"F"}},{"type":"Feature","geometry":{"type":"Point","coordinates":[-72.184906,19.736314]},"properties":{"s":"F"}},{"type":"Feature","geometry":{"type":"Point","coordinates":[-72.182576,19.736442]},"properties":{"s":"F"}},{"type":"Feature","geometry":{"type":"Point","coordinates":[-72.184336,19.736684]},"properties":{"s":"F"}},{"type":"Feature","geometry":{"type":"Point","coordinates":[-72.182442,19.735462]},"properties":{"s":"F"}},{"type":"Feature","geometry":{"type":"Point","coordinates":[-72.182307,19.736822]},"properties":{"s":"F"}},{"type":"Feature","geometry":{"type":"Point","coordinates":[-72.186122,19.737503]},"properties":{"s":"F"}},{"type":"Feature","geometry":{"type":"Point","coordinates":[-72.183791,19.738034]},"properties":{"s":"F"}},{"type":"Feature","geometry":{"type":"Point","coordinates":[-72.110989,19.700429]},"properties":{"s":"F"}},{"type":"Feature","geometry":{"type":"Point","coordinates":[-72.131118,19.702818]},"properties":{"s":"F"}},{"type":"Feature","geometry":{"type":"Point","coordinates":[-72.130792,19.704282]},"properties":{"s":"F"}},{"type":"Feature","geometry":{"type":"Point","coordinates":[-72.129373,19.706212]},"properties":{"s":"F"}},{"type":"Feature","geometry":{"type":"Point","coordinates":[-72.112833,19.706903]},"properties":{"s":"F"}},{"type":"Feature","geometry":{"type":"Point","coordinates":[-72.12678,19.708681]},"properties":{"s":"F"}},{"type":"Feature","geometry":{"type":"Point","coordinates":[-72.107986,19.709372]},"properties":{"s":"F"}},{"type":"Feature","geometry":{"type":"Point","coordinates":[-72.105646,19.70853]},"properties":{"s":"F"}},{"type":"Feature","geometry":{"type":"Point","coordinates":[-72.105044,19.708611]},"properties":{"s":"F"}},{"type":"Feature","geometry":{"type":"Point","coordinates":[-72.10489,19.708635]},"properties":{"s":"F"}},{"type":"Feature","geometry":{"type":"Point","coordinates":[-72.127642,19.710104]},"properties":{"s":"F"}},{"type":"Feature","geometry":{"type":"Point","coordinates":[-72.125872,19.713459]},"properties":{"s":"F"}},{"type":"Feature","geometry":{"type":"Point","coordinates":[-72.112386,19.712889]},"properties":{"s":"F"}},{"type":"Feature","geometry":{"type":"Point","coordinates":[-72.127029,19.726331]},"properties":{"s":"F"}},{"type":"Feature","geometry":{"type":"Point","coordinates":[-72.607225,19.784697]},"properties":{"s":"F"}},{"type":"Feature","geometry":{"type":"Point","coordinates":[-72.585897,19.793647]},"properties":{"s":"F"}},{"type":"Feature","geometry":{"type":"Point","coordinates":[-72.564065,19.794723]},"properties":{"s":"F"}},{"type":"Feature","geometry":{"type":"Point","coordinates":[-72.592285,19.796419]},"properties":{"s":"F"}},{"type":"Feature","geometry":{"type":"Point","coordinates":[-72.440956,19.750638]},"properties":{"s":"F"}},{"type":"Feature","geometry":{"type":"Point","coordinates":[-72.428206,19.751168]},"properties":{"s":"F"}},{"type":"Feature","geometry":{"type":"Point","coordinates":[-72.411949,19.75471]},"properties":{"s":"F"}},{"type":"Feature","geometry":{"type":"Point","coordinates":[-72.425371,19.762531]},"properties":{"s":"F"}},{"type":"Feature","geometry":{"type":"Point","coordinates":[-72.426241,19.762788]},"properties":{"s":"F"}},{"type":"Feature","geometry":{"type":"Point","coordinates":[-72.406847,19.769522]},"properties":{"s":"F"}},{"type":"Feature","geometry":{"type":"Point","coordinates":[-72.424134,19.77148]},"properties":{"s":"F"}},{"type":"Feature","geometry":{"type":"Point","coordinates":[-72.435131,19.77457]},"properties":{"s":"F"}},{"type":"Feature","geometry":{"type":"Point","coordinates":[-72.425032,19.782408]},"properties":{"s":"F"}},{"type":"Feature","geometry":{"type":"Point","coordinates":[-72.433321,19.787224]},"properties":{"s":"F"}},{"type":"Feature","geometry":{"type":"Point","coordinates":[-72.384421,19.764852]},"properties":{"s":"F"}},{"type":"Feature","geometry":{"type":"Point","coordinates":[-72.37705,19.767195]},"properties":{"s":"F"}},{"type":"Feature","geometry":{"type":"Point","coordinates":[-72.385264,19.768428]},"properties":{"s":"F"}},{"type":"Feature","geometry":{"type":"Point","coordinates":[-72.383039,19.769249]},"properties":{"s":"F"}},{"type":"Feature","geometry":{"type":"Point","coordinates":[-72.386853,19.770309]},"properties":{"s":"F"}},{"type":"Feature","geometry":{"type":"Point","coordinates":[-72.384717,19.77106]},"properties":{"s":"F"}},{"type":"Feature","geometry":{"type":"Point","coordinates":[-72.357046,19.770342]},"properties":{"s":"F"}},{"type":"Feature","geometry":{"type":"Point","coordinates":[-72.359831,19.773052]},"properties":{"s":"F"}},{"type":"Feature","geometry":{"type":"Point","coordinates":[-72.352227,19.773574]},"properties":{"s":"F"}},{"type":"Feature","geometry":{"type":"Point","coordinates":[-72.353145,19.780549]},"properties":{"s":"F"}},{"type":"Feature","geometry":{"type":"Point","coordinates":[-72.349219,19.751101]},"properties":{"s":"F"}},{"type":"Feature","geometry":{"type":"Point","coordinates":[-72.349778,19.754409]},"properties":{"s":"F"}},{"type":"Feature","geometry":{"type":"Point","coordinates":[-72.348709,19.755118]},"properties":{"s":"F"}},{"type":"Feature","geometry":{"type":"Point","coordinates":[-72.349891,19.755439]},"properties":{"s":"F"}},{"type":"Feature","geometry":{"type":"Point","coordinates":[-72.347613,19.766041]},"properties":{"s":"F"}},{"type":"Feature","geometry":{"type":"Point","coordinates":[-72.207784,19.750157]},"properties":{"s":"F"}},{"type":"Feature","geometry":{"type":"Point","coordinates":[-72.207235,19.751578]},"properties":{"s":"F"}},{"type":"Feature","geometry":{"type":"Point","coordinates":[-72.206341,19.751612]},"properties":{"s":"F"}},{"type":"Feature","geometry":{"type":"Point","coordinates":[-72.2066,19.752028]},"properties":{"s":"F"}},{"type":"Feature","geometry":{"type":"Point","coordinates":[-72.206862,19.752474]},"properties":{"s":"F"}},{"type":"Feature","geometry":{"type":"Point","coordinates":[-72.204975,19.750816]},"properties":{"s":"F"}},{"type":"Feature","geometry":{"type":"Point","coordinates":[-72.208857,19.753006]},"properties":{"s":"F"}},{"type":"Feature","geometry":{"type":"Point","coordinates":[-72.205386,19.753051]},"properties":{"s":"F"}},{"type":"Feature","geometry":{"type":"Point","coordinates":[-72.204576,19.752691]},"properties":{"s":"F"}},{"type":"Feature","geometry":{"type":"Point","coordinates":[-72.213686,19.757812]},"properties":{"s":"F"}},{"type":"Feature","geometry":{"type":"Point","coordinates":[-72.213449,19.757828]},"properties":{"s":"F"}},{"type":"Feature","geometry":{"type":"Point","coordinates":[-72.202817,19.758413]},"properties":{"s":"F"}},{"type":"Feature","geometry":{"type":"Point","coordinates":[-72.217195,19.761213]},"properties":{"s":"F"}},{"type":"Feature","geometry":{"type":"Point","coordinates":[-72.204726,19.761899]},"properties":{"s":"F"}},{"type":"Feature","geometry":{"type":"Point","coordinates":[-72.210808,19.762818]},"properties":{"s":"F"}},{"type":"Feature","geometry":{"type":"Point","coordinates":[-72.205987,19.763482]},"properties":{"s":"F"}},{"type":"Feature","geometry":{"type":"Point","coordinates":[-72.205582,19.76429]},"properties":{"s":"F"}},{"type":"Feature","geometry":{"type":"Point","coordinates":[-72.205472,19.764354]},"properties":{"s":"F"}},{"type":"Feature","geometry":{"type":"Point","coordinates":[-72.203635,19.763878]},"properties":{"s":"F"}},{"type":"Feature","geometry":{"type":"Point","coordinates":[-72.20107,19.76419]},"properties":{"s":"F"}},{"type":"Feature","geometry":{"type":"Point","coordinates":[-72.245172,19.76728]},"properties":{"s":"F"}},{"type":"Feature","geometry":{"type":"Point","coordinates":[-72.208,19.766233]},"properties":{"s":"F"}},{"type":"Feature","geometry":{"type":"Point","coordinates":[-72.205969,19.765019]},"properties":{"s":"F"}},{"type":"Feature","geometry":{"type":"Point","coordinates":[-72.20269,19.765266]},"properties":{"s":"F"}},{"type":"Feature","geometry":{"type":"Point","coordinates":[-72.205757,19.768124]},"properties":{"s":"F"}},{"type":"Feature","geometry":{"type":"Point","coordinates":[-72.20743,19.769028]},"properties":{"s":"F"}},{"type":"Feature","geometry":{"type":"Point","coordinates":[-72.201667,19.767636]},"properties":{"s":"F"}},{"type":"Feature","geometry":{"type":"Point","coordinates":[-72.214236,19.770557]},"properties":{"s":"F"}},{"type":"Feature","geometry":{"type":"Point","coordinates":[-72.214308,19.77073]},"properties":{"s":"F"}},{"type":"Feature","geometry":{"type":"Point","coordinates":[-72.213506,19.771453]},"properties":{"s":"F"}},{"type":"Feature","geometry":{"type":"Point","coordinates":[-72.211798,19.770861]},"properties":{"s":"F"}},{"type":"Feature","geometry":{"type":"Point","coordinates":[-72.208361,19.770794]},"properties":{"s":"F"}},{"type":"Feature","geometry":{"type":"Point","coordinates":[-72.21553,19.78319]},"properties":{"s":"F"}},{"type":"Feature","geometry":{"type":"Point","coordinates":[-72.198581,19.764026]},"properties":{"s":"F"}},{"type":"Feature","geometry":{"type":"Point","coordinates":[-72.199389,19.764943]},"properties":{"s":"F"}},{"type":"Feature","geometry":{"type":"Point","coordinates":[-72.199179,19.765126]},"properties":{"s":"F"}},{"type":"Feature","geometry":{"type":"Point","coordinates":[-72.571133,19.804011]},"properties":{"s":"F"}},{"type":"Feature","geometry":{"type":"Point","coordinates":[-72.579159,19.814168]},"properties":{"s":"F"}},{"type":"Feature","geometry":{"type":"Point","coordinates":[-72.571739,19.814517]},"properties":{"s":"F"}},{"type":"Feature","geometry":{"type":"Point","coordinates":[-72.569559,19.821177]},"properties":{"s":"F"}},{"type":"Feature","geometry":{"type":"Point","coordinates":[-72.562333,19.820701]},"properties":{"s":"F"}},{"type":"Feature","geometry":{"type":"Point","coordinates":[-72.511478,19.834473]},"properties":{"s":"F"}},{"type":"Feature","geometry":{"type":"Point","coordinates":[-72.50847,19.835325]},"properties":{"s":"F"}},{"type":"Feature","geometry":{"type":"Point","coordinates":[-72.520324,19.84015]},"properties":{"s":"F"}},{"type":"Feature","geometry":{"type":"Point","coordinates":[-72.547952,19.847976]},"properties":{"s":"F"}},{"type":"Feature","geometry":{"type":"Point","coordinates":[-72.462452,19.814571]},"properties":{"s":"F"}},{"type":"Feature","geometry":{"type":"Point","coordinates":[-72.46099,19.814579]},"properties":{"s":"F"}},{"type":"Feature","geometry":{"type":"Point","coordinates":[-72.459997,19.813745]},"properties":{"s":"F"}},{"type":"Feature","geometry":{"type":"Point","coordinates":[-72.459995,19.815262]},"properties":{"s":"F"}},{"type":"Feature","geometry":{"type":"Point","coordinates":[-72.489974,19.822968]},"properties":{"s":"F"}},{"type":"Feature","geometry":{"type":"Point","coordinates":[-72.44556,19.80153]},"properties":{"s":"F"}},{"type":"Feature","geometry":{"type":"Point","coordinates":[-72.43309,19.80449]},"properties":{"s":"F"}},{"type":"Feature","geometry":{"type":"Point","coordinates":[-72.445972,19.806418]},"properties":{"s":"F"}},{"type":"Feature","geometry":{"type":"Point","coordinates":[-72.431383,19.81356]},"properties":{"s":"F"}},{"type":"Feature","geometry":{"type":"Point","coordinates":[-72.568766,19.868866]},"properties":{"s":"F"}},{"type":"Feature","geometry":{"type":"Point","coordinates":[-72.540784,19.85782]},"properties":{"s":"F"}},{"type":"Feature","geometry":{"type":"Point","coordinates":[-71.954617,19.04998]},"properties":{"s":"F"}},{"type":"Feature","geometry":{"type":"Point","coordinates":[-71.915028,19.007326]},"properties":{"s":"F"}},{"type":"Feature","geometry":{"type":"Point","coordinates":[-71.937303,19.014905]},"properties":{"s":"F"}},{"type":"Feature","geometry":{"type":"Point","coordinates":[-71.918211,19.017345]},"properties":{"s":"F"}},{"type":"Feature","geometry":{"type":"Point","coordinates":[-71.925831,19.021234]},"properties":{"s":"F"}},{"type":"Feature","geometry":{"type":"Point","coordinates":[-71.899364,19.00198]},"properties":{"s":"F"}},{"type":"Feature","geometry":{"type":"Point","coordinates":[-71.873549,19.006302]},"properties":{"s":"F"}},{"type":"Feature","geometry":{"type":"Point","coordinates":[-71.837141,19.011419]},"properties":{"s":"F"}},{"type":"Feature","geometry":{"type":"Point","coordinates":[-71.834201,19.013499]},"properties":{"s":"F"}},{"type":"Feature","geometry":{"type":"Point","coordinates":[-71.841868,19.015245]},"properties":{"s":"N"}},{"type":"Feature","geometry":{"type":"Point","coordinates":[-71.801426,19.048856]},"properties":{"s":"F"}},{"type":"Feature","geometry":{"type":"Point","coordinates":[-71.785355,19.030518]},"properties":{"s":"F"}},{"type":"Feature","geometry":{"type":"Point","coordinates":[-71.983621,19.052472]},"properties":{"s":"F"}},{"type":"Feature","geometry":{"type":"Point","coordinates":[-71.974503,19.051375]},"properties":{"s":"F"}},{"type":"Feature","geometry":{"type":"Point","coordinates":[-71.9728,19.051983]},"properties":{"s":"F"}},{"type":"Feature","geometry":{"type":"Point","coordinates":[-71.973325,19.05908]},"properties":{"s":"F"}},{"type":"Feature","geometry":{"type":"Point","coordinates":[-71.986347,19.069609]},"properties":{"s":"F"}},{"type":"Feature","geometry":{"type":"Point","coordinates":[-71.95425,19.068101]},"properties":{"s":"F"}},{"type":"Feature","geometry":{"type":"Point","coordinates":[-71.972467,19.086397]},"properties":{"s":"F"}},{"type":"Feature","geometry":{"type":"Point","coordinates":[-71.983646,19.088007]},"properties":{"s":"F"}},{"type":"Feature","geometry":{"type":"Point","coordinates":[-71.988325,19.090752]},"properties":{"s":"F"}},{"type":"Feature","geometry":{"type":"Point","coordinates":[-71.995363,19.095718]},"properties":{"s":"F"}},{"type":"Feature","geometry":{"type":"Point","coordinates":[-71.999228,19.098079]},"properties":{"s":"F"}},{"type":"Feature","geometry":{"type":"Point","coordinates":[-71.995013,19.099832]},"properties":{"s":"F"}},{"type":"Feature","geometry":{"type":"Point","coordinates":[-71.942609,19.059393]},"properties":{"s":"F"}},{"type":"Feature","geometry":{"type":"Point","coordinates":[-71.923498,19.065281]},"properties":{"s":"F"}},{"type":"Feature","geometry":{"type":"Point","coordinates":[-71.893879,19.050246]},"properties":{"s":"F"}},{"type":"Feature","geometry":{"type":"Point","coordinates":[-71.887824,19.055047]},"properties":{"s":"F"}},{"type":"Feature","geometry":{"type":"Point","coordinates":[-71.858919,19.079783]},"properties":{"s":"F"}},{"type":"Feature","geometry":{"type":"Point","coordinates":[-71.852976,19.079477]},"properties":{"s":"F"}},{"type":"Feature","geometry":{"type":"Point","coordinates":[-71.854296,19.080912]},"properties":{"s":"F"}},{"type":"Feature","geometry":{"type":"Point","coordinates":[-71.892688,19.091466]},"properties":{"s":"F"}},{"type":"Feature","geometry":{"type":"Point","coordinates":[-71.831101,19.069761]},"properties":{"s":"F"}},{"type":"Feature","geometry":{"type":"Point","coordinates":[-71.845208,19.074829]},"properties":{"s":"F"}},{"type":"Feature","geometry":{"type":"Point","coordinates":[-71.846026,19.07713]},"properties":{"s":"F"}},{"type":"Feature","geometry":{"type":"Point","coordinates":[-71.835037,19.075571]},"properties":{"s":"F"}},{"type":"Feature","geometry":{"type":"Point","coordinates":[-71.835976,19.075712]},"properties":{"s":"F"}},{"type":"Feature","geometry":{"type":"Point","coordinates":[-71.840543,19.078665]},"properties":{"s":"F"}},{"type":"Feature","geometry":{"type":"Point","coordinates":[-71.837164,19.077839]},"properties":{"s":"F"}},{"type":"Feature","geometry":{"type":"Point","coordinates":[-71.846518,19.081232]},"properties":{"s":"F"}},{"type":"Feature","geometry":{"type":"Point","coordinates":[-71.834205,19.081434]},"properties":{"s":"F"}},{"type":"Feature","geometry":{"type":"Point","coordinates":[-71.830971,19.081066]},"properties":{"s":"F"}},{"type":"Feature","geometry":{"type":"Point","coordinates":[-71.84182,19.08451]},"properties":{"s":"F"}},{"type":"Feature","geometry":{"type":"Point","coordinates":[-71.838076,19.085214]},"properties":{"s":"F"}},{"type":"Feature","geometry":{"type":"Point","coordinates":[-71.764926,19.068112]},"properties":{"s":"F"}},{"type":"Feature","geometry":{"type":"Point","coordinates":[-71.768703,19.071254]},"properties":{"s":"F"}},{"type":"Feature","geometry":{"type":"Point","coordinates":[-71.763726,19.08063]},"properties":{"s":"F"}},{"type":"Feature","geometry":{"type":"Point","coordinates":[-71.736154,19.07585]},"properties":{"s":"F"}},{"type":"Feature","geometry":{"type":"Point","coordinates":[-71.992181,19.109855]},"properties":{"s":"F"}},{"type":"Feature","geometry":{"type":"Point","coordinates":[-71.957819,19.107946]},"properties":{"s":"F"}},{"type":"Feature","geometry":{"type":"Point","coordinates":[-71.990344,19.133025]},"properties":{"s":"F"}},{"type":"Feature","geometry":{"type":"Point","coordinates":[-71.965405,19.133455]},"properties":{"s":"F"}},{"type":"Feature","geometry":{"type":"Point","coordinates":[-71.959014,19.149658]},"properties":{"s":"F"}},{"type":"Feature","geometry":{"type":"Point","coordinates":[-71.956547,19.149201]},"properties":{"s":"F"}},{"type":"Feature","geometry":{"type":"Point","coordinates":[-71.915276,19.101941]},"properties":{"s":"F"}},{"type":"Feature","geometry":{"type":"Point","coordinates":[-71.912502,19.120678]},"properties":{"s":"F"}},{"type":"Feature","geometry":{"type":"Point","coordinates":[-71.917234,19.125711]},"properties":{"s":"F"}},{"type":"Feature","geometry":{"type":"Point","coordinates":[-71.938595,19.137215]},"properties":{"s":"F"}},{"type":"Feature","geometry":{"type":"Point","coordinates":[-71.940052,19.140995]},"properties":{"s":"F"}},{"type":"Feature","geometry":{"type":"Point","coordinates":[-71.909396,19.142221]},"properties":{"s":"F"}},{"type":"Feature","geometry":{"type":"Point","coordinates":[-71.936672,19.148018]},"properties":{"s":"N"}},{"type":"Feature","geometry":{"type":"Point","coordinates":[-71.89389,19.100456]},"properties":{"s":"F"}},{"type":"Feature","geometry":{"type":"Point","coordinates":[-71.884463,19.107331]},"properties":{"s":"F"}},{"type":"Feature","geometry":{"type":"Point","coordinates":[-71.89833,19.11051]},"properties":{"s":"F"}},{"type":"Feature","geometry":{"type":"Point","coordinates":[-71.893993,19.113987]},"properties":{"s":"F"}},{"type":"Feature","geometry":{"type":"Point","coordinates":[-71.898733,19.116452]},"properties":{"s":"F"}},{"type":"Feature","geometry":{"type":"Point","coordinates":[-71.854433,19.11871]},"properties":{"s":"F"}},{"type":"Feature","geometry":{"type":"Point","coordinates":[-71.895438,19.129357]},"properties":{"s":"F"}},{"type":"Feature","geometry":{"type":"Point","coordinates":[-71.894246,19.138143]},"properties":{"s":"F"}},{"type":"Feature","geometry":{"type":"Point","coordinates":[-71.826193,19.108157]},"properties":{"s":"F"}},{"type":"Feature","geometry":{"type":"Point","coordinates":[-71.840285,19.144896]},"properties":{"s":"F"}},{"type":"Feature","geometry":{"type":"Point","coordinates":[-71.809115,19.143993]},"properties":{"s":"F"}},{"type":"Feature","geometry":{"type":"Point","coordinates":[-71.7789,19.107989]},"properties":{"s":"F"}},{"type":"Feature","geometry":{"type":"Point","coordinates":[-71.777836,19.144849]},"properties":{"s":"F"}},{"type":"Feature","geometry":{"type":"Point","coordinates":[-71.774124,19.14449]},"properties":{"s":"F"}},{"type":"Feature","geometry":{"type":"Point","coordinates":[-71.729648,19.107591]},"properties":{"s":"F"}},{"type":"Feature","geometry":{"type":"Point","coordinates":[-71.708422,19.117257]},"properties":{"s":"F"}},{"type":"Feature","geometry":{"type":"Point","coordinates":[-71.714505,19.120067]},"properties":{"s":"F"}},{"type":"Feature","geometry":{"type":"Point","coordinates":[-71.722756,19.125799]},"properties":{"s":"F"}},{"type":"Feature","geometry":{"type":"Point","coordinates":[-71.729891,19.128629]},"properties":{"s":"F"}},{"type":"Feature","geometry":{"type":"Point","coordinates":[-71.735679,19.134782]},"properties":{"s":"F"}},{"type":"Feature","geometry":{"type":"Point","coordinates":[-71.739918,19.136821]},"properties":{"s":"F"}},{"type":"Feature","geometry":{"type":"Point","coordinates":[-71.738613,19.137479]},"properties":{"s":"F"}},{"type":"Feature","geometry":{"type":"Point","coordinates":[-71.73191,19.136454]},"properties":{"s":"F"}},{"type":"Feature","geometry":{"type":"Point","coordinates":[-71.701409,19.135683]},"properties":{"s":"F"}},{"type":"Feature","geometry":{"type":"Point","coordinates":[-71.729383,19.139731]},"properties":{"s":"F"}},{"type":"Feature","geometry":{"type":"Point","coordinates":[-71.692705,19.145912]},"properties":{"s":"F"}},{"type":"Feature","geometry":{"type":"Point","coordinates":[-71.980631,19.150078]},"properties":{"s":"F"}},{"type":"Feature","geometry":{"type":"Point","coordinates":[-71.953105,19.156444]},"properties":{"s":"F"}},{"type":"Feature","geometry":{"type":"Point","coordinates":[-71.971019,19.16257]},"properties":{"s":"F"}},{"type":"Feature","geometry":{"type":"Point","coordinates":[-71.966423,19.163914]},"properties":{"s":"F"}},{"type":"Feature","geometry":{"type":"Point","coordinates":[-71.9577,19.180522]},"properties":{"s":"F"}},{"type":"Feature","geometry":{"type":"Point","coordinates":[-71.996706,19.182539]},"properties":{"s":"F"}},{"type":"Feature","geometry":{"type":"Point","coordinates":[-71.97598,19.185764]},"properties":{"s":"F"}},{"type":"Feature","geometry":{"type":"Point","coordinates":[-71.971643,19.19709]},"properties":{"s":"F"}},{"type":"Feature","geometry":{"type":"Point","coordinates":[-71.921272,19.151354]},"properties":{"s":"F"}},{"type":"Feature","geometry":{"type":"Point","coordinates":[-71.92663,19.154789]},"properties":{"s":"F"}},{"type":"Feature","geometry":{"type":"Point","coordinates":[-71.92788,19.15934]},"properties":{"s":"F"}},{"type":"Feature","geometry":{"type":"Point","coordinates":[-71.932905,19.161526]},"properties":{"s":"F"}},{"type":"Feature","geometry":{"type":"Point","coordinates":[-71.929369,19.163742]},"properties":{"s":"F"}},{"type":"Feature","geometry":{"type":"Point","coordinates":[-71.943488,19.166378]},"properties":{"s":"F"}},{"type":"Feature","geometry":{"type":"Point","coordinates":[-71.92725,19.177013]},"properties":{"s":"F"}},{"type":"Feature","geometry":{"type":"Point","coordinates":[-71.897173,19.153993]},"properties":{"s":"F"}},{"type":"Feature","geometry":{"type":"Point","coordinates":[-71.863359,19.157497]},"properties":{"s":"F"}},{"type":"Feature","geometry":{"type":"Point","coordinates":[-71.871746,19.162496]},"properties":{"s":"F"}},{"type":"Feature","geometry":{"type":"Point","coordinates":[-71.861176,19.164268]},"properties":{"s":"F"}},{"type":"Feature","geometry":{"type":"Point","coordinates":[-71.87118,19.184759]},"properties":{"s":"F"}},{"type":"Feature","geometry":{"type":"Point","coordinates":[-71.84549,19.156951]},"properties":{"s":"F"}},{"type":"Feature","geometry":{"type":"Point","coordinates":[-71.840621,19.189365]},"properties":{"s":"F"}},{"type":"Feature","geometry":{"type":"Point","coordinates":[-71.8396,19.189456]},"properties":{"s":"F"}},{"type":"Feature","geometry":{"type":"Point","coordinates":[-71.839106,19.189457]},"properties":{"s":"F"}},{"type":"Feature","geometry":{"type":"Point","coordinates":[-71.774635,19.154841]},"properties":{"s":"F"}},{"type":"Feature","geometry":{"type":"Point","coordinates":[-71.787642,19.166056]},"properties":{"s":"F"}},{"type":"Feature","geometry":{"type":"Point","coordinates":[-71.79795,19.16861]},"properties":{"s":"F"}},{"type":"Feature","geometry":{"type":"Point","coordinates":[-71.797483,19.169678]},"properties":{"s":"F"}},{"type":"Feature","geometry":{"type":"Point","coordinates":[-71.790296,19.168615]},"properties":{"s":"F"}},{"type":"Feature","geometry":{"type":"Point","coordinates":[-71.788832,19.170244]},"properties":{"s":"F"}},{"type":"Feature","geometry":{"type":"Point","coordinates":[-71.788555,19.170362]},"properties":{"s":"F"}},{"type":"Feature","geometry":{"type":"Point","coordinates":[-71.79547,19.173794]},"properties":{"s":"F"}},{"type":"Feature","geometry":{"type":"Point","coordinates":[-71.788106,19.196131]},"properties":{"s":"F"}},{"type":"Feature","geometry":{"type":"Point","coordinates":[-71.715181,19.153905]},"properties":{"s":"F"}},{"type":"Feature","geometry":{"type":"Point","coordinates":[-71.725495,19.162288]},"properties":{"s":"F"}},{"type":"Feature","geometry":{"type":"Point","coordinates":[-71.722799,19.162154]},"properties":{"s":"F"}},{"type":"Feature","geometry":{"type":"Point","coordinates":[-71.716058,19.190831]},"properties":{"s":"F"}},{"type":"Feature","geometry":{"type":"Point","coordinates":[-71.718418,19.193063]},"properties":{"s":"F"}},{"type":"Feature","geometry":{"type":"Point","coordinates":[-71.691216,19.157916]},"properties":{"s":"F"}},{"type":"Feature","geometry":{"type":"Point","coordinates":[-71.649056,19.174178]},"properties":{"s":"F"}},{"type":"Feature","geometry":{"type":"Point","coordinates":[-71.641299,19.179994]},"properties":{"s":"F"}},{"type":"Feature","geometry":{"type":"Point","coordinates":[-71.977604,19.216582]},"properties":{"s":"F"}},{"type":"Feature","geometry":{"type":"Point","coordinates":[-71.978208,19.216738]},"properties":{"s":"F"}},{"type":"Feature","geometry":{"type":"Point","coordinates":[-71.98772,19.2203]},"properties":{"s":"F"}},{"type":"Feature","geometry":{"type":"Point","coordinates":[-71.985602,19.227666]},"properties":{"s":"F"}},{"type":"Feature","geometry":{"type":"Point","coordinates":[-71.986485,19.228958]},"properties":{"s":"F"}},{"type":"Feature","geometry":{"type":"Point","coordinates":[-71.960463,19.228065]},"properties":{"s":"F"}},{"type":"Feature","geometry":{"type":"Point","coordinates":[-71.958115,19.240554]},"properties":{"s":"F"}},{"type":"Feature","geometry":{"type":"Point","coordinates":[-71.922986,19.217158]},"properties":{"s":"F"}},{"type":"Feature","geometry":{"type":"Point","coordinates":[-71.919888,19.215273]},"properties":{"s":"F"}},{"type":"Feature","geometry":{"type":"Point","coordinates":[-71.938084,19.222138]},"properties":{"s":"F"}},{"type":"Feature","geometry":{"type":"Point","coordinates":[-71.859901,19.21632]},"properties":{"s":"F"}},{"type":"Feature","geometry":{"type":"Point","coordinates":[-71.868463,19.221439]},"properties":{"s":"F"}},{"type":"Feature","geometry":{"type":"Point","coordinates":[-71.860632,19.222058]},"properties":{"s":"F"}},{"type":"Feature","geometry":{"type":"Point","coordinates":[-71.854803,19.224093]},"properties":{"s":"F"}},{"type":"Feature","geometry":{"type":"Point","coordinates":[-71.836917,19.221968]},"properties":{"s":"F"}},{"type":"Feature","geometry":{"type":"Point","coordinates":[-71.769401,19.229784]},"properties":{"s":"F"}},{"type":"Feature","geometry":{"type":"Point","coordinates":[-71.721701,19.202375]},"properties":{"s":"F"}},{"type":"Feature","geometry":{"type":"Point","coordinates":[-71.722769,19.221769]},"properties":{"s":"F"}},{"type":"Feature","geometry":{"type":"Point","coordinates":[-71.737295,19.241124]},"properties":{"s":"F"}},{"type":"Feature","geometry":{"type":"Point","coordinates":[-71.72491,19.244526]},"properties":{"s":"F"}},{"type":"Feature","geometry":{"type":"Point","coordinates":[-71.733354,19.246351]},"properties":{"s":"F"}},{"type":"Feature","geometry":{"type":"Point","coordinates":[-71.741412,19.248794]},"properties":{"s":"F"}},{"type":"Feature","geometry":{"type":"Point","coordinates":[-71.729368,19.249041]},"properties":{"s":"F"}},{"type":"Feature","geometry":{"type":"Point","coordinates":[-71.658331,19.200176]},"properties":{"s":"F"}},{"type":"Feature","geometry":{"type":"Point","coordinates":[-71.669257,19.21389]},"properties":{"s":"F"}},{"type":"Feature","geometry":{"type":"Point","coordinates":[-71.659362,19.227324]},"properties":{"s":"F"}},{"type":"Feature","geometry":{"type":"Point","coordinates":[-71.687418,19.228035]},"properties":{"s":"F"}},{"type":"Feature","geometry":{"type":"Point","coordinates":[-71.665167,19.230192]},"properties":{"s":"F"}},{"type":"Feature","geometry":{"type":"Point","coordinates":[-71.699976,19.235456]},"properties":{"s":"F"}},{"type":"Feature","geometry":{"type":"Point","coordinates":[-71.686067,19.237055]},"properties":{"s":"F"}},{"type":"Feature","geometry":{"type":"Point","coordinates":[-71.634614,19.220693]},"properties":{"s":"F"}},{"type":"Feature","geometry":{"type":"Point","coordinates":[-71.978108,19.2578]},"properties":{"s":"F"}},{"type":"Feature","geometry":{"type":"Point","coordinates":[-71.996,19.276021]},"properties":{"s":"F"}},{"type":"Feature","geometry":{"type":"Point","coordinates":[-71.98589,19.279295]},"properties":{"s":"F"}},{"type":"Feature","geometry":{"type":"Point","coordinates":[-71.962929,19.281005]},"properties":{"s":"F"}},{"type":"Feature","geometry":{"type":"Point","coordinates":[-71.977248,19.286643]},"properties":{"s":"F"}},{"type":"Feature","geometry":{"type":"Point","coordinates":[-71.97267,19.293862]},"properties":{"s":"F"}},{"type":"Feature","geometry":{"type":"Point","coordinates":[-71.919956,19.251856]},"properties":{"s":"F"}},{"type":"Feature","geometry":{"type":"Point","coordinates":[-71.936302,19.253207]},"properties":{"s":"F"}},{"type":"Feature","geometry":{"type":"Point","coordinates":[-71.918751,19.253056]},"properties":{"s":"F"}},{"type":"Feature","geometry":{"type":"Point","coordinates":[-71.928637,19.26044]},"properties":{"s":"F"}},{"type":"Feature","geometry":{"type":"Point","coordinates":[-71.93358,19.273728]},"properties":{"s":"F"}},{"type":"Feature","geometry":{"type":"Point","coordinates":[-71.894231,19.263057]},"properties":{"s":"F"}},{"type":"Feature","geometry":{"type":"Point","coordinates":[-71.877494,19.296834]},"properties":{"s":"F"}},{"type":"Feature","geometry":{"type":"Point","coordinates":[-71.856385,19.296791]},"properties":{"s":"F"}},{"type":"Feature","geometry":{"type":"Point","coordinates":[-71.811672,19.250609]},"properties":{"s":"F"}},{"type":"Feature","geometry":{"type":"Point","coordinates":[-71.840705,19.254719]},"properties":{"s":"F"}},{"type":"Feature","geometry":{"type":"Point","coordinates":[-71.821304,19.25699]},"properties":{"s":"F"}},{"type":"Feature","geometry":{"type":"Point","coordinates":[-71.821537,19.2638]},"properties":{"s":"F"}},{"type":"Feature","geometry":{"type":"Point","coordinates":[-71.839439,19.265227]},"properties":{"s":"F"}},{"type":"Feature","geometry":{"type":"Point","coordinates":[-71.812297,19.281965]},"properties":{"s":"F"}},{"type":"Feature","geometry":{"type":"Point","coordinates":[-71.836038,19.283092]},"properties":{"s":"F"}},{"type":"Feature","geometry":{"type":"Point","coordinates":[-71.835802,19.291693]},"properties":{"s":"F"}},{"type":"Feature","geometry":{"type":"Point","coordinates":[-71.802135,19.293914]},"properties":{"s":"F"}},{"type":"Feature","geometry":{"type":"Point","coordinates":[-71.848684,19.299675]},"properties":{"s":"F"}},{"type":"Feature","geometry":{"type":"Point","coordinates":[-71.791118,19.267021]},"properties":{"s":"F"}},{"type":"Feature","geometry":{"type":"Point","coordinates":[-71.759942,19.280182]},"properties":{"s":"F"}},{"type":"Feature","geometry":{"type":"Point","coordinates":[-71.798333,19.292991]},"properties":{"s":"F"}},{"type":"Feature","geometry":{"type":"Point","coordinates":[-71.793179,19.296139]},"properties":{"s":"F"}},{"type":"Feature","geometry":{"type":"Point","coordinates":[-71.997178,19.310548]},"properties":{"s":"F"}},{"type":"Feature","geometry":{"type":"Point","coordinates":[-71.987771,19.327282]},"properties":{"s":"F"}},{"type":"Feature","geometry":{"type":"Point","coordinates":[-71.997882,19.327908]},"properties":{"s":"F"}},{"type":"Feature","geometry":{"type":"Point","coordinates":[-71.988606,19.337787]},"properties":{"s":"F"}},{"type":"Feature","geometry":{"type":"Point","coordinates":[-71.903151,19.305479]},"properties":{"s":"F"}},{"type":"Feature","geometry":{"type":"Point","coordinates":[-71.900155,19.326887]},"properties":{"s":"F"}},{"type":"Feature","geometry":{"type":"Point","coordinates":[-71.929171,19.335776]},"properties":{"s":"F"}},{"type":"Feature","geometry":{"type":"Point","coordinates":[-71.928162,19.342807]},"properties":{"s":"F"}},{"type":"Feature","geometry":{"type":"Point","coordinates":[-71.906239,19.343352]},"properties":{"s":"F"}},{"type":"Feature","geometry":{"type":"Point","coordinates":[-71.940486,19.349129]},"properties":{"s":"F"}},{"type":"Feature","geometry":{"type":"Point","coordinates":[-71.870027,19.303219]},"properties":{"s":"F"}},{"type":"Feature","geometry":{"type":"Point","coordinates":[-71.872216,19.310082]},"properties":{"s":"F"}},{"type":"Feature","geometry":{"type":"Point","coordinates":[-71.890523,19.322448]},"properties":{"s":"F"}},{"type":"Feature","geometry":{"type":"Point","coordinates":[-71.877165,19.320497]},"properties":{"s":"F"}},{"type":"Feature","geometry":{"type":"Point","coordinates":[-71.857339,19.322007]},"properties":{"s":"F"}},{"type":"Feature","geometry":{"type":"Point","coordinates":[-71.884394,19.324536]},"properties":{"s":"F"}},{"type":"Feature","geometry":{"type":"Point","coordinates":[-71.868085,19.322847]},"properties":{"s":"F"}},{"type":"Feature","geometry":{"type":"Point","coordinates":[-71.893448,19.328998]},"properties":{"s":"F"}},{"type":"Feature","geometry":{"type":"Point","coordinates":[-71.86712,19.329089]},"properties":{"s":"F"}},{"type":"Feature","geometry":{"type":"Point","coordinates":[-71.87205,19.330762]},"properties":{"s":"F"}},{"type":"Feature","geometry":{"type":"Point","coordinates":[-71.860489,19.330871]},"properties":{"s":"F"}},{"type":"Feature","geometry":{"type":"Point","coordinates":[-71.859172,19.331469]},"properties":{"s":"F"}},{"type":"Feature","geometry":{"type":"Point","coordinates":[-71.852964,19.334616]},"properties":{"s":"F"}},{"type":"Feature","geometry":{"type":"Point","coordinates":[-71.894486,19.339135]},"properties":{"s":"F"}},{"type":"Feature","geometry":{"type":"Point","coordinates":[-71.878084,19.343963]},"properties":{"s":"F"}},{"type":"Feature","geometry":{"type":"Point","coordinates":[-71.856116,19.346829]},"properties":{"s":"F"}},{"type":"Feature","geometry":{"type":"Point","coordinates":[-71.866456,19.349395]},"properties":{"s":"F"}},{"type":"Feature","geometry":{"type":"Point","coordinates":[-71.842381,19.304117]},"properties":{"s":"F"}},{"type":"Feature","geometry":{"type":"Point","coordinates":[-71.836297,19.314255]},"properties":{"s":"F"}},{"type":"Feature","geometry":{"type":"Point","coordinates":[-71.831019,19.332043]},"properties":{"s":"F"}},{"type":"Feature","geometry":{"type":"Point","coordinates":[-71.804717,19.33335]},"properties":{"s":"F"}},{"type":"Feature","geometry":{"type":"Point","coordinates":[-71.799014,19.305882]},"properties":{"s":"F"}},{"type":"Feature","geometry":{"type":"Point","coordinates":[-71.797067,19.323154]},"properties":{"s":"F"}},{"type":"Feature","geometry":{"type":"Point","coordinates":[-71.798816,19.341856]},"properties":{"s":"F"}},{"type":"Feature","geometry":{"type":"Point","coordinates":[-71.784149,19.342886]},"properties":{"s":"F"}},{"type":"Feature","geometry":{"type":"Point","coordinates":[-71.775051,19.348294]},"properties":{"s":"F"}},{"type":"Feature","geometry":{"type":"Point","coordinates":[-71.952552,19.353139]},"properties":{"s":"F"}},{"type":"Feature","geometry":{"type":"Point","coordinates":[-71.959527,19.358328]},"properties":{"s":"F"}},{"type":"Feature","geometry":{"type":"Point","coordinates":[-71.953828,19.362421]},"properties":{"s":"F"}},{"type":"Feature","geometry":{"type":"Point","coordinates":[-71.979254,19.36371]},"properties":{"s":"F"}},{"type":"Feature","geometry":{"type":"Point","coordinates":[-71.985038,19.370529]},"properties":{"s":"F"}},{"type":"Feature","geometry":{"type":"Point","coordinates":[-71.98562,19.373566]},"properties":{"s":"F"}},{"type":"Feature","geometry":{"type":"Point","coordinates":[-71.968591,19.372909]},"properties":{"s":"F"}},{"type":"Feature","geometry":{"type":"Point","coordinates":[-71.967554,19.376268]},"properties":{"s":"F"}},{"type":"Feature","geometry":{"type":"Point","coordinates":[-71.983517,19.378898]},"properties":{"s":"F"}},{"type":"Feature","geometry":{"type":"Point","coordinates":[-71.950513,19.390317]},"properties":{"s":"F"}},{"type":"Feature","geometry":{"type":"Point","coordinates":[-71.992135,19.394419]},"properties":{"s":"F"}},{"type":"Feature","geometry":{"type":"Point","coordinates":[-71.966477,19.393286]},"properties":{"s":"F"}},{"type":"Feature","geometry":{"type":"Point","coordinates":[-71.966672,19.39384]},"properties":{"s":"F"}},{"type":"Feature","geometry":{"type":"Point","coordinates":[-71.952288,19.398854]},"properties":{"s":"F"}},{"type":"Feature","geometry":{"type":"Point","coordinates":[-71.911363,19.355152]},"properties":{"s":"F"}},{"type":"Feature","geometry":{"type":"Point","coordinates":[-71.942149,19.363203]},"properties":{"s":"F"}},{"type":"Feature","geometry":{"type":"Point","coordinates":[-71.908929,19.363414]},"properties":{"s":"F"}},{"type":"Feature","geometry":{"type":"Point","coordinates":[-71.946133,19.367706]},"properties":{"s":"F"}},{"type":"Feature","geometry":{"type":"Point","coordinates":[-71.934337,19.386802]},"properties":{"s":"F"}},{"type":"Feature","geometry":{"type":"Point","coordinates":[-71.871719,19.359972]},"properties":{"s":"F"}},{"type":"Feature","geometry":{"type":"Point","coordinates":[-71.860725,19.364768]},"properties":{"s":"F"}},{"type":"Feature","geometry":{"type":"Point","coordinates":[-71.867613,19.370767]},"properties":{"s":"F"}},{"type":"Feature","geometry":{"type":"Point","coordinates":[-71.895362,19.377007]},"properties":{"s":"F"}},{"type":"Feature","geometry":{"type":"Point","coordinates":[-71.864811,19.384624]},"properties":{"s":"F"}},{"type":"Feature","geometry":{"type":"Point","coordinates":[-71.859867,19.38707]},"properties":{"s":"F"}},{"type":"Feature","geometry":{"type":"Point","coordinates":[-71.853054,19.398865]},"properties":{"s":"F"}},{"type":"Feature","geometry":{"type":"Point","coordinates":[-71.820275,19.355344]},"properties":{"s":"F"}},{"type":"Feature","geometry":{"type":"Point","coordinates":[-71.808754,19.358139]},"properties":{"s":"F"}},{"type":"Feature","geometry":{"type":"Point","coordinates":[-71.820367,19.36695]},"properties":{"s":"F"}},{"type":"Feature","geometry":{"type":"Point","coordinates":[-71.810589,19.367692]},"properties":{"s":"F"}},{"type":"Feature","geometry":{"type":"Point","coordinates":[-71.829514,19.373658]},"properties":{"s":"F"}},{"type":"Feature","geometry":{"type":"Point","coordinates":[-71.83861,19.375649]},"properties":{"s":"F"}},{"type":"Feature","geometry":{"type":"Point","coordinates":[-71.812176,19.38112]},"properties":{"s":"F"}},{"type":"Feature","geometry":{"type":"Point","coordinates":[-71.836275,19.384244]},"properties":{"s":"F"}},{"type":"Feature","geometry":{"type":"Point","coordinates":[-71.838623,19.389873]},"properties":{"s":"F"}},{"type":"Feature","geometry":{"type":"Point","coordinates":[-71.820784,19.389167]},"properties":{"s":"F"}},{"type":"Feature","geometry":{"type":"Point","coordinates":[-71.848099,19.390027]},"properties":{"s":"F"}},{"type":"Feature","geometry":{"type":"Point","coordinates":[-71.832375,19.391246]},"properties":{"s":"F"}},{"type":"Feature","geometry":{"type":"Point","coordinates":[-71.845264,19.393906]},"properties":{"s":"F"}},{"type":"Feature","geometry":{"type":"Point","coordinates":[-71.818037,19.394353]},"properties":{"s":"F"}},{"type":"Feature","geometry":{"type":"Point","coordinates":[-71.817773,19.394402]},"properties":{"s":"F"}},{"type":"Feature","geometry":{"type":"Point","coordinates":[-71.793559,19.354385]},"properties":{"s":"F"}},{"type":"Feature","geometry":{"type":"Point","coordinates":[-71.77719,19.354765]},"properties":{"s":"F"}},{"type":"Feature","geometry":{"type":"Point","coordinates":[-71.76492,19.361262]},"properties":{"s":"F"}},{"type":"Feature","geometry":{"type":"Point","coordinates":[-71.783621,19.364795]},"properties":{"s":"F"}},{"type":"Feature","geometry":{"type":"Point","coordinates":[-71.784133,19.373486]},"properties":{"s":"F"}},{"type":"Feature","geometry":{"type":"Point","coordinates":[-71.777749,19.373935]},"properties":{"s":"F"}},{"type":"Feature","geometry":{"type":"Point","coordinates":[-71.795563,19.388357]},"properties":{"s":"F"}},{"type":"Feature","geometry":{"type":"Point","coordinates":[-71.758031,19.391675]},"properties":{"s":"F"}},{"type":"Feature","geometry":{"type":"Point","coordinates":[-71.780698,19.392495]},"properties":{"s":"F"}},{"type":"Feature","geometry":{"type":"Point","coordinates":[-71.719877,19.37508]},"properties":{"s":"N"}},{"type":"Feature","geometry":{"type":"Point","coordinates":[-71.71304,19.38856]},"properties":{"s":"F"}},{"type":"Feature","geometry":{"type":"Point","coordinates":[-71.709319,19.396638]},"properties":{"s":"F"}},{"type":"Feature","geometry":{"type":"Point","coordinates":[-71.939394,19.410531]},"properties":{"s":"F"}},{"type":"Feature","geometry":{"type":"Point","coordinates":[-71.919939,19.43662]},"properties":{"s":"F"}},{"type":"Feature","geometry":{"type":"Point","coordinates":[-71.851732,19.410669]},"properties":{"s":"F"}},{"type":"Feature","geometry":{"type":"Point","coordinates":[-71.861804,19.413233]},"properties":{"s":"F"}},{"type":"Feature","geometry":{"type":"Point","coordinates":[-71.867056,19.422521]},"properties":{"s":"F"}},{"type":"Feature","geometry":{"type":"Point","coordinates":[-71.891856,19.439991]},"properties":{"s":"F"}},{"type":"Feature","geometry":{"type":"Point","coordinates":[-71.892071,19.440328]},"properties":{"s":"F"}},{"type":"Feature","geometry":{"type":"Point","coordinates":[-71.839808,19.402243]},"properties":{"s":"F"}},{"type":"Feature","geometry":{"type":"Point","coordinates":[-71.807012,19.401475]},"properties":{"s":"F"}},{"type":"Feature","geometry":{"type":"Point","coordinates":[-71.763078,19.402239]},"properties":{"s":"F"}},{"type":"Feature","geometry":{"type":"Point","coordinates":[-71.791382,19.403431]},"properties":{"s":"F"}},{"type":"Feature","geometry":{"type":"Point","coordinates":[-71.781166,19.402811]},"properties":{"s":"F"}},{"type":"Feature","geometry":{"type":"Point","coordinates":[-71.782157,19.403863]},"properties":{"s":"F"}},{"type":"Feature","geometry":{"type":"Point","coordinates":[-71.77325,19.403957]},"properties":{"s":"F"}},{"type":"Feature","geometry":{"type":"Point","coordinates":[-71.781331,19.407133]},"properties":{"s":"F"}},{"type":"Feature","geometry":{"type":"Point","coordinates":[-71.767023,19.406436]},"properties":{"s":"F"}},{"type":"Feature","geometry":{"type":"Point","coordinates":[-71.792902,19.407902]},"properties":{"s":"F"}},{"type":"Feature","geometry":{"type":"Point","coordinates":[-71.789946,19.40828]},"properties":{"s":"F"}},{"type":"Feature","geometry":{"type":"Point","coordinates":[-71.784893,19.408634]},"properties":{"s":"F"}},{"type":"Feature","geometry":{"type":"Point","coordinates":[-71.784782,19.409989]},"properties":{"s":"F"}},{"type":"Feature","geometry":{"type":"Point","coordinates":[-71.786824,19.412975]},"properties":{"s":"F"}},{"type":"Feature","geometry":{"type":"Point","coordinates":[-71.77815,19.417968]},"properties":{"s":"F"}},{"type":"Feature","geometry":{"type":"Point","coordinates":[-71.75188,19.41918]},"properties":{"s":"F"}},{"type":"Feature","geometry":{"type":"Point","coordinates":[-71.78396,19.42483]},"properties":{"s":"F"}},{"type":"Feature","geometry":{"type":"Point","coordinates":[-71.759,19.42413]},"properties":{"s":"F"}},{"type":"Feature","geometry":{"type":"Point","coordinates":[-71.76645,19.4298]},"properties":{"s":"F"}},{"type":"Feature","geometry":{"type":"Point","coordinates":[-71.75708,19.44463]},"properties":{"s":"F"}},{"type":"Feature","geometry":{"type":"Point","coordinates":[-71.75616,19.4469]},"properties":{"s":"F"}},{"type":"Feature","geometry":{"type":"Point","coordinates":[-71.71407,19.40661]},"properties":{"s":"F"}},{"type":"Feature","geometry":{"type":"Point","coordinates":[-71.72951,19.41394]},"properties":{"s":"F"}},{"type":"Feature","geometry":{"type":"Point","coordinates":[-71.72939,19.41417]},"properties":{"s":"F"}},{"type":"Feature","geometry":{"type":"Point","coordinates":[-71.737874,19.417918]},"properties":{"s":"F"}},{"type":"Feature","geometry":{"type":"Point","coordinates":[-71.71693,19.42348]},"properties":{"s":"F"}},{"type":"Feature","geometry":{"type":"Point","coordinates":[-71.73501,19.43082]},"properties":{"s":"F"}},{"type":"Feature","geometry":{"type":"Point","coordinates":[-71.70402,19.43792]},"properties":{"s":"F"}},{"type":"Feature","geometry":{"type":"Point","coordinates":[-71.72089,19.44236]},"properties":{"s":"F"}},{"type":"Feature","geometry":{"type":"Point","coordinates":[-71.72022,19.44413]},"properties":{"s":"F"}},{"type":"Feature","geometry":{"type":"Point","coordinates":[-71.70316,19.4451]},"properties":{"s":"F"}},{"type":"Feature","geometry":{"type":"Point","coordinates":[-71.70171,19.44746]},"properties":{"s":"F"}},{"type":"Feature","geometry":{"type":"Point","coordinates":[-71.7218,19.44781]},"properties":{"s":"F"}},{"type":"Feature","geometry":{"type":"Point","coordinates":[-71.71195,19.44771]},"properties":{"s":"F"}},{"type":"Feature","geometry":{"type":"Point","coordinates":[-71.697998,19.419379]},"properties":{"s":"F"}},{"type":"Feature","geometry":{"type":"Point","coordinates":[-71.69703,19.44242]},"properties":{"s":"F"}},{"type":"Feature","geometry":{"type":"Point","coordinates":[-71.6889,19.44044]},"properties":{"s":"F"}},{"type":"Feature","geometry":{"type":"Point","coordinates":[-71.69656,19.44419]},"properties":{"s":"F"}},{"type":"Feature","geometry":{"type":"Point","coordinates":[-71.989498,19.453617]},"properties":{"s":"F"}},{"type":"Feature","geometry":{"type":"Point","coordinates":[-71.906,19.46825]},"properties":{"s":"F"}},{"type":"Feature","geometry":{"type":"Point","coordinates":[-71.941668,19.481315]},"properties":{"s":"F"}},{"type":"Feature","geometry":{"type":"Point","coordinates":[-71.927593,19.494808]},"properties":{"s":"F"}},{"type":"Feature","geometry":{"type":"Point","coordinates":[-71.80556,19.45378]},"properties":{"s":"F"}},{"type":"Feature","geometry":{"type":"Point","coordinates":[-71.80502,19.45828]},"properties":{"s":"F"}},{"type":"Feature","geometry":{"type":"Point","coordinates":[-71.80231,19.46021]},"properties":{"s":"F"}},{"type":"Feature","geometry":{"type":"Point","coordinates":[-71.80538,19.48945]},"properties":{"s":"F"}},{"type":"Feature","geometry":{"type":"Point","coordinates":[-71.81023,19.49306]},"properties":{"s":"F"}},{"type":"Feature","geometry":{"type":"Point","coordinates":[-71.75214,19.45624]},"properties":{"s":"F"}},{"type":"Feature","geometry":{"type":"Point","coordinates":[-71.766192,19.480441]},"properties":{"s":"F"}},{"type":"Feature","geometry":{"type":"Point","coordinates":[-71.765466,19.481435]},"properties":{"s":"F"}},{"type":"Feature","geometry":{"type":"Point","coordinates":[-71.78141,19.49671]},"properties":{"s":"F"}},{"type":"Feature","geometry":{"type":"Point","coordinates":[-71.71919,19.45203]},"properties":{"s":"F"}},{"type":"Feature","geometry":{"type":"Point","coordinates":[-71.71165,19.45591]},"properties":{"s":"F"}},{"type":"Feature","geometry":{"type":"Point","coordinates":[-71.72339,19.46181]},"properties":{"s":"F"}},{"type":"Feature","geometry":{"type":"Point","coordinates":[-71.74896,19.46619]},"properties":{"s":"F"}},{"type":"Feature","geometry":{"type":"Point","coordinates":[-71.71436,19.47223]},"properties":{"s":"F"}},{"type":"Feature","geometry":{"type":"Point","coordinates":[-71.7472,19.47934]},"properties":{"s":"F"}},{"type":"Feature","geometry":{"type":"Point","coordinates":[-71.70563,19.47949]},"properties":{"s":"F"}},{"type":"Feature","geometry":{"type":"Point","coordinates":[-71.70661,19.47951]},"properties":{"s":"F"}},{"type":"Feature","geometry":{"type":"Point","coordinates":[-71.68755,19.45063]},"properties":{"s":"F"}},{"type":"Feature","geometry":{"type":"Point","coordinates":[-71.969148,19.500309]},"properties":{"s":"F"}},{"type":"Feature","geometry":{"type":"Point","coordinates":[-71.903288,19.504196]},"properties":{"s":"F"}},{"type":"Feature","geometry":{"type":"Point","coordinates":[-71.9027,19.504717]},"properties":{"s":"F"}},{"type":"Feature","geometry":{"type":"Point","coordinates":[-71.9235,19.507778]},"properties":{"s":"F"}},{"type":"Feature","geometry":{"type":"Point","coordinates":[-71.924555,19.508758]},"properties":{"s":"F"}},{"type":"Feature","geometry":{"type":"Point","coordinates":[-71.934013,19.514411]},"properties":{"s":"F"}},{"type":"Feature","geometry":{"type":"Point","coordinates":[-71.922527,19.513994]},"properties":{"s":"F"}},{"type":"Feature","geometry":{"type":"Point","coordinates":[-71.930827,19.518293]},"properties":{"s":"F"}},{"type":"Feature","geometry":{"type":"Point","coordinates":[-71.911334,19.51995]},"properties":{"s":"F"}},{"type":"Feature","geometry":{"type":"Point","coordinates":[-71.927064,19.522453]},"properties":{"s":"F"}},{"type":"Feature","geometry":{"type":"Point","coordinates":[-71.923856,19.522278]},"properties":{"s":"F"}},{"type":"Feature","geometry":{"type":"Point","coordinates":[-71.921761,19.521096]},"properties":{"s":"F"}},{"type":"Feature","geometry":{"type":"Point","coordinates":[-71.91901,19.520766]},"properties":{"s":"F"}},{"type":"Feature","geometry":{"type":"Point","coordinates":[-71.926912,19.52453]},"properties":{"s":"F"}},{"type":"Feature","geometry":{"type":"Point","coordinates":[-71.92468,19.526933]},"properties":{"s":"F"}},{"type":"Feature","geometry":{"type":"Point","coordinates":[-71.949566,19.532101]},"properties":{"s":"F"}},{"type":"Feature","geometry":{"type":"Point","coordinates":[-71.936383,19.533578]},"properties":{"s":"F"}},{"type":"Feature","geometry":{"type":"Point","coordinates":[-71.942731,19.536672]},"properties":{"s":"F"}},{"type":"Feature","geometry":{"type":"Point","coordinates":[-71.916742,19.538106]},"properties":{"s":"F"}},{"type":"Feature","geometry":{"type":"Point","coordinates":[-71.907328,19.546143]},"properties":{"s":"F"}},{"type":"Feature","geometry":{"type":"Point","coordinates":[-71.85257,19.50604]},"properties":{"s":"F"}},{"type":"Feature","geometry":{"type":"Point","coordinates":[-71.88528,19.51127]},"properties":{"s":"F"}},{"type":"Feature","geometry":{"type":"Point","coordinates":[-71.88103,19.51788]},"properties":{"s":"F"}},{"type":"Feature","geometry":{"type":"Point","coordinates":[-71.88216,19.5186]},"properties":{"s":"F"}},{"type":"Feature","geometry":{"type":"Point","coordinates":[-71.88123,19.51996]},"properties":{"s":"F"}},{"type":"Feature","geometry":{"type":"Point","coordinates":[-71.88043,19.52232]},"properties":{"s":"F"}},{"type":"Feature","geometry":{"type":"Point","coordinates":[-71.87984,19.52239]},"properties":{"s":"F"}},{"type":"Feature","geometry":{"type":"Point","coordinates":[-71.87938,19.52369]},"properties":{"s":"F"}},{"type":"Feature","geometry":{"type":"Point","coordinates":[-71.877913,19.526235]},"properties":{"s":"F"}},{"type":"Feature","geometry":{"type":"Point","coordinates":[-71.80304,19.50374]},"properties":{"s":"F"}},{"type":"Feature","geometry":{"type":"Point","coordinates":[-71.82965,19.52624]},"properties":{"s":"F"}},{"type":"Feature","geometry":{"type":"Point","coordinates":[-71.832827,19.530063]},"properties":{"s":"F"}},{"type":"Feature","geometry":{"type":"Point","coordinates":[-71.77119,19.50358]},"properties":{"s":"F"}},{"type":"Feature","geometry":{"type":"Point","coordinates":[-71.751223,19.525838]},"properties":{"s":"F"}},{"type":"Feature","geometry":{"type":"Point","coordinates":[-71.77277,19.5456]},"properties":{"s":"F"}},{"type":"Feature","geometry":{"type":"Point","coordinates":[-71.75384,19.5458]},"properties":{"s":"F"}},{"type":"Feature","geometry":{"type":"Point","coordinates":[-71.774395,19.549308]},"properties":{"s":"F"}},{"type":"Feature","geometry":{"type":"Point","coordinates":[-71.7721,19.54911]},"properties":{"s":"F"}},{"type":"Feature","geometry":{"type":"Point","coordinates":[-71.76549,19.54751]},"properties":{"s":"F"}},{"type":"Feature","geometry":{"type":"Point","coordinates":[-71.727837,19.502394]},"properties":{"s":"F"}},{"type":"Feature","geometry":{"type":"Point","coordinates":[-71.72022,19.50247]},"properties":{"s":"F"}},{"type":"Feature","geometry":{"type":"Point","coordinates":[-71.70494,19.50323]},"properties":{"s":"F"}},{"type":"Feature","geometry":{"type":"Point","coordinates":[-71.747827,19.514954]},"properties":{"s":"F"}},{"type":"Feature","geometry":{"type":"Point","coordinates":[-71.70679,19.51448]},"properties":{"s":"F"}},{"type":"Feature","geometry":{"type":"Point","coordinates":[-71.7067,19.51528]},"properties":{"s":"F"}},{"type":"Feature","geometry":{"type":"Point","coordinates":[-71.73119,19.51952]},"properties":{"s":"F"}},{"type":"Feature","geometry":{"type":"Point","coordinates":[-71.72682,19.51888]},"properties":{"s":"F"}},{"type":"Feature","geometry":{"type":"Point","coordinates":[-71.73372,19.52509]},"properties":{"s":"F"}},{"type":"Feature","geometry":{"type":"Point","coordinates":[-71.73199,19.52819]},"properties":{"s":"F"}},{"type":"Feature","geometry":{"type":"Point","coordinates":[-71.71927,19.52948]},"properties":{"s":"F"}},{"type":"Feature","geometry":{"type":"Point","coordinates":[-71.73317,19.53311]},"properties":{"s":"F"}},{"type":"Feature","geometry":{"type":"Point","coordinates":[-71.73534,19.53561]},"properties":{"s":"F"}},{"type":"Feature","geometry":{"type":"Point","coordinates":[-71.73089,19.53722]},"properties":{"s":"F"}},{"type":"Feature","geometry":{"type":"Point","coordinates":[-71.72037,19.53707]},"properties":{"s":"F"}},{"type":"Feature","geometry":{"type":"Point","coordinates":[-71.71494,19.5375]},"properties":{"s":"F"}},{"type":"Feature","geometry":{"type":"Point","coordinates":[-71.74506,19.5393]},"properties":{"s":"F"}},{"type":"Feature","geometry":{"type":"Point","coordinates":[-71.73043,19.53811]},"properties":{"s":"F"}},{"type":"Feature","geometry":{"type":"Point","coordinates":[-71.72962,19.53991]},"properties":{"s":"F"}},{"type":"Feature","geometry":{"type":"Point","coordinates":[-71.727899,19.540159]},"properties":{"s":"F"}},{"type":"Feature","geometry":{"type":"Point","coordinates":[-71.72783,19.54024]},"properties":{"s":"F"}},{"type":"Feature","geometry":{"type":"Point","coordinates":[-71.71966,19.54063]},"properties":{"s":"F"}},{"type":"Feature","geometry":{"type":"Point","coordinates":[-71.72601,19.54366]},"properties":{"s":"F"}},{"type":"Feature","geometry":{"type":"Point","coordinates":[-71.72673,19.5438]},"properties":{"s":"F"}},{"type":"Feature","geometry":{"type":"Point","coordinates":[-71.72734,19.544393]},"properties":{"s":"F"}},{"type":"Feature","geometry":{"type":"Point","coordinates":[-71.72021,19.54275]},"properties":{"s":"F"}},{"type":"Feature","geometry":{"type":"Point","coordinates":[-71.72083,19.54299]},"properties":{"s":"F"}},{"type":"Feature","geometry":{"type":"Point","coordinates":[-71.71785,19.54496]},"properties":{"s":"F"}},{"type":"Feature","geometry":{"type":"Point","coordinates":[-71.71603,19.5431]},"properties":{"s":"F"}},{"type":"Feature","geometry":{"type":"Point","coordinates":[-71.73431,19.54508]},"properties":{"s":"F"}},{"type":"Feature","geometry":{"type":"Point","coordinates":[-71.73022,19.54704]},"properties":{"s":"F"}},{"type":"Feature","geometry":{"type":"Point","coordinates":[-71.73179,19.54714]},"properties":{"s":"F"}},{"type":"Feature","geometry":{"type":"Point","coordinates":[-71.72924,19.5456]},"properties":{"s":"F"}},{"type":"Feature","geometry":{"type":"Point","coordinates":[-71.72939,19.54602]},"properties":{"s":"F"}},{"type":"Feature","geometry":{"type":"Point","coordinates":[-71.7281,19.54604]},"properties":{"s":"F"}},{"type":"Feature","geometry":{"type":"Point","coordinates":[-71.72771,19.54669]},"properties":{"s":"F"}},{"type":"Feature","geometry":{"type":"Point","coordinates":[-71.72273,19.54565]},"properties":{"s":"F"}},{"type":"Feature","geometry":{"type":"Point","coordinates":[-71.72018,19.54618]},"properties":{"s":"F"}},{"type":"Feature","geometry":{"type":"Point","coordinates":[-71.71776,19.54508]},"properties":{"s":"F"}},{"type":"Feature","geometry":{"type":"Point","coordinates":[-71.7193,19.54525]},"properties":{"s":"F"}},{"type":"Feature","geometry":{"type":"Point","coordinates":[-71.71986,19.54598]},"properties":{"s":"F"}},{"type":"Feature","geometry":{"type":"Point","coordinates":[-71.73571,19.54899]},"properties":{"s":"F"}},{"type":"Feature","geometry":{"type":"Point","coordinates":[-71.73419,19.5495]},"properties":{"s":"F"}},{"type":"Feature","geometry":{"type":"Point","coordinates":[-71.73111,19.54826]},"properties":{"s":"F"}},{"type":"Feature","geometry":{"type":"Point","coordinates":[-71.72865,19.54916]},"properties":{"s":"F"}},{"type":"Feature","geometry":{"type":"Point","coordinates":[-71.7298,19.5497]},"properties":{"s":"F"}},{"type":"Feature","geometry":{"type":"Point","coordinates":[-71.726,19.54793]},"properties":{"s":"F"}},{"type":"Feature","geometry":{"type":"Point","coordinates":[-71.72546,19.549412]},"properties":{"s":"F"}},{"type":"Feature","geometry":{"type":"Point","coordinates":[-71.72555,19.54953]},"properties":{"s":"F"}},{"type":"Feature","geometry":{"type":"Point","coordinates":[-71.72663,19.54998]},"properties":{"s":"F"}},{"type":"Feature","geometry":{"type":"Point","coordinates":[-71.720762,19.548376]},"properties":{"s":"F"}},{"type":"Feature","geometry":{"type":"Point","coordinates":[-71.72208,19.54973]},"properties":{"s":"F"}},{"type":"Feature","geometry":{"type":"Point","coordinates":[-71.97504,19.55416]},"properties":{"s":"F"}},{"type":"Feature","geometry":{"type":"Point","coordinates":[-71.97558,19.55587]},"properties":{"s":"F"}},{"type":"Feature","geometry":{"type":"Point","coordinates":[-71.9761,19.55651]},"properties":{"s":"F"}},{"type":"Feature","geometry":{"type":"Point","coordinates":[-71.986505,19.563749]},"properties":{"s":"F"}},{"type":"Feature","geometry":{"type":"Point","coordinates":[-71.958284,19.562876]},"properties":{"s":"F"}},{"type":"Feature","geometry":{"type":"Point","coordinates":[-71.961885,19.567462]},"properties":{"s":"F"}},{"type":"Feature","geometry":{"type":"Point","coordinates":[-71.991467,19.57145]},"properties":{"s":"F"}},{"type":"Feature","geometry":{"type":"Point","coordinates":[-71.98078,19.57251]},"properties":{"s":"F"}},{"type":"Feature","geometry":{"type":"Point","coordinates":[-71.952517,19.576589]},"properties":{"s":"F"}},{"type":"Feature","geometry":{"type":"Point","coordinates":[-71.99382,19.58471]},"properties":{"s":"F"}},{"type":"Feature","geometry":{"type":"Point","coordinates":[-71.996083,19.5897]},"properties":{"s":"F"}},{"type":"Feature","geometry":{"type":"Point","coordinates":[-71.993444,19.587675]},"properties":{"s":"F"}},{"type":"Feature","geometry":{"type":"Point","coordinates":[-71.994483,19.591367]},"properties":{"s":"F"}},{"type":"Feature","geometry":{"type":"Point","coordinates":[-71.98356,19.593567]},"properties":{"s":"F"}},{"type":"Feature","geometry":{"type":"Point","coordinates":[-71.99996,19.59912]},"properties":{"s":"F"}},{"type":"Feature","geometry":{"type":"Point","coordinates":[-71.935227,19.557065]},"properties":{"s":"F"}},{"type":"Feature","geometry":{"type":"Point","coordinates":[-71.905315,19.56914]},"properties":{"s":"F"}},{"type":"Feature","geometry":{"type":"Point","coordinates":[-71.936847,19.57321]},"properties":{"s":"F"}},{"type":"Feature","geometry":{"type":"Point","coordinates":[-71.934053,19.573897]},"properties":{"s":"F"}},{"type":"Feature","geometry":{"type":"Point","coordinates":[-71.91142,19.573946]},"properties":{"s":"F"}},{"type":"Feature","geometry":{"type":"Point","coordinates":[-71.938365,19.577186]},"properties":{"s":"F"}},{"type":"Feature","geometry":{"type":"Point","coordinates":[-71.940643,19.581378]},"properties":{"s":"F"}},{"type":"Feature","geometry":{"type":"Point","coordinates":[-71.92208,19.582047]},"properties":{"s":"F"}},{"type":"Feature","geometry":{"type":"Point","coordinates":[-71.933822,19.584922]},"properties":{"s":"F"}},{"type":"Feature","geometry":{"type":"Point","coordinates":[-71.932279,19.583914]},"properties":{"s":"F"}},{"type":"Feature","geometry":{"type":"Point","coordinates":[-71.937028,19.586143]},"properties":{"s":"F"}},{"type":"Feature","geometry":{"type":"Point","coordinates":[-71.93393,19.58618]},"properties":{"s":"F"}},{"type":"Feature","geometry":{"type":"Point","coordinates":[-71.932947,19.586513]},"properties":{"s":"F"}},{"type":"Feature","geometry":{"type":"Point","coordinates":[-71.907397,19.597463]},"properties":{"s":"F"}},{"type":"Feature","geometry":{"type":"Point","coordinates":[-71.946266,19.599063]},"properties":{"s":"F"}},{"type":"Feature","geometry":{"type":"Point","coordinates":[-71.89695,19.5511]},"properties":{"s":"F"}},{"type":"Feature","geometry":{"type":"Point","coordinates":[-71.885685,19.559127]},"properties":{"s":"F"}},{"type":"Feature","geometry":{"type":"Point","coordinates":[-71.885185,19.559493]},"properties":{"s":"F"}},{"type":"Feature","geometry":{"type":"Point","coordinates":[-71.899252,19.564435]},"properties":{"s":"F"}},{"type":"Feature","geometry":{"type":"Point","coordinates":[-71.85727,19.57725]},"properties":{"s":"F"}},{"type":"Feature","geometry":{"type":"Point","coordinates":[-71.84013,19.55282]},"properties":{"s":"F"}},{"type":"Feature","geometry":{"type":"Point","coordinates":[-71.84973,19.58044]},"properties":{"s":"F"}},{"type":"Feature","geometry":{"type":"Point","coordinates":[-71.83647,19.58281]},"properties":{"s":"F"}},{"type":"Feature","geometry":{"type":"Point","coordinates":[-71.83273,19.59711]},"properties":{"s":"F"}},{"type":"Feature","geometry":{"type":"Point","coordinates":[-71.83141,19.59963]},"properties":{"s":"F"}},{"type":"Feature","geometry":{"type":"Point","coordinates":[-71.77271,19.55463]},"properties":{"s":"F"}},{"type":"Feature","geometry":{"type":"Point","coordinates":[-71.77823,19.55944]},"properties":{"s":"F"}},{"type":"Feature","geometry":{"type":"Point","coordinates":[-71.7804,19.56066]},"properties":{"s":"F"}},{"type":"Feature","geometry":{"type":"Point","coordinates":[-71.78126,19.56236]},"properties":{"s":"F"}},{"type":"Feature","geometry":{"type":"Point","coordinates":[-71.78564,19.56652]},"properties":{"s":"F"}},{"type":"Feature","geometry":{"type":"Point","coordinates":[-71.77931,19.57434]},"properties":{"s":"F"}},{"type":"Feature","geometry":{"type":"Point","coordinates":[-71.79866,19.57873]},"properties":{"s":"F"}},{"type":"Feature","geometry":{"type":"Point","coordinates":[-71.779975,19.57904]},"properties":{"s":"F"}},{"type":"Feature","geometry":{"type":"Point","coordinates":[-71.7757,19.5778]},"properties":{"s":"F"}},{"type":"Feature","geometry":{"type":"Point","coordinates":[-71.76699,19.57981]},"properties":{"s":"F"}},{"type":"Feature","geometry":{"type":"Point","coordinates":[-71.76397,19.57938]},"properties":{"s":"F"}},{"type":"Feature","geometry":{"type":"Point","coordinates":[-71.75658,19.58439]},"properties":{"s":"F"}},{"type":"Feature","geometry":{"type":"Point","coordinates":[-71.75667,19.58517]},"properties":{"s":"F"}},{"type":"Feature","geometry":{"type":"Point","coordinates":[-71.76878,19.58991]},"properties":{"s":"F"}},{"type":"Feature","geometry":{"type":"Point","coordinates":[-71.77074,19.59074]},"properties":{"s":"F"}},{"type":"Feature","geometry":{"type":"Point","coordinates":[-71.77122,19.59363]},"properties":{"s":"F"}},{"type":"Feature","geometry":{"type":"Point","coordinates":[-71.76188,19.59941]},"properties":{"s":"F"}},{"type":"Feature","geometry":{"type":"Point","coordinates":[-71.75889,19.59846]},"properties":{"s":"F"}},{"type":"Feature","geometry":{"type":"Point","coordinates":[-71.732477,19.551169]},"properties":{"s":"F"}},{"type":"Feature","geometry":{"type":"Point","coordinates":[-71.73179,19.55181]},"properties":{"s":"F"}},{"type":"Feature","geometry":{"type":"Point","coordinates":[-71.72995,19.55041]},"properties":{"s":"F"}},{"type":"Feature","geometry":{"type":"Point","coordinates":[-71.72019,19.55162]},"properties":{"s":"F"}},{"type":"Feature","geometry":{"type":"Point","coordinates":[-71.73688,19.55296]},"properties":{"s":"F"}},{"type":"Feature","geometry":{"type":"Point","coordinates":[-71.7294,19.55273]},"properties":{"s":"F"}},{"type":"Feature","geometry":{"type":"Point","coordinates":[-71.72991,19.55326]},"properties":{"s":"F"}},{"type":"Feature","geometry":{"type":"Point","coordinates":[-71.72812,19.55461]},"properties":{"s":"F"}},{"type":"Feature","geometry":{"type":"Point","coordinates":[-71.7265,19.55279]},"properties":{"s":"F"}},{"type":"Feature","geometry":{"type":"Point","coordinates":[-71.72612,19.55282]},"properties":{"s":"F"}},{"type":"Feature","geometry":{"type":"Point","coordinates":[-71.72619,19.553777]},"properties":{"s":"F"}},{"type":"Feature","geometry":{"type":"Point","coordinates":[-71.72274,19.55337]},"properties":{"s":"F"}},{"type":"Feature","geometry":{"type":"Point","coordinates":[-71.722802,19.554752]},"properties":{"s":"F"}},{"type":"Feature","geometry":{"type":"Point","coordinates":[-71.74139,19.55638]},"properties":{"s":"F"}},{"type":"Feature","geometry":{"type":"Point","coordinates":[-71.73531,19.5554]},"properties":{"s":"F"}},{"type":"Feature","geometry":{"type":"Point","coordinates":[-71.73656,19.55589]},"properties":{"s":"F"}},{"type":"Feature","geometry":{"type":"Point","coordinates":[-71.73265,19.55745]},"properties":{"s":"F"}},{"type":"Feature","geometry":{"type":"Point","coordinates":[-71.722814,19.556703]},"properties":{"s":"F"}},{"type":"Feature","geometry":{"type":"Point","coordinates":[-71.736567,19.55751]},"properties":{"s":"F"}},{"type":"Feature","geometry":{"type":"Point","coordinates":[-71.72504,19.55794]},"properties":{"s":"F"}},{"type":"Feature","geometry":{"type":"Point","coordinates":[-71.962415,19.625118]},"properties":{"s":"F"}},{"type":"Feature","geometry":{"type":"Point","coordinates":[-71.95875,19.628358]},"properties":{"s":"F"}},{"type":"Feature","geometry":{"type":"Point","coordinates":[-71.955157,19.630083]},"properties":{"s":"F"}},{"type":"Feature","geometry":{"type":"Point","coordinates":[-71.961822,19.634903]},"properties":{"s":"F"}},{"type":"Feature","geometry":{"type":"Point","coordinates":[-71.958829,19.634391]},"properties":{"s":"F"}},{"type":"Feature","geometry":{"type":"Point","coordinates":[-71.959215,19.636236]},"properties":{"s":"F"}},{"type":"Feature","geometry":{"type":"Point","coordinates":[-71.956458,19.635013]},"properties":{"s":"F"}},{"type":"Feature","geometry":{"type":"Point","coordinates":[-71.957423,19.637103]},"properties":{"s":"F"}},{"type":"Feature","geometry":{"type":"Point","coordinates":[-71.958004,19.637792]},"properties":{"s":"F"}},{"type":"Feature","geometry":{"type":"Point","coordinates":[-71.9588,19.63865]},"properties":{"s":"F"}},{"type":"Feature","geometry":{"type":"Point","coordinates":[-71.958911,19.638868]},"properties":{"s":"F"}},{"type":"Feature","geometry":{"type":"Point","coordinates":[-71.958465,19.639448]},"properties":{"s":"F"}},{"type":"Feature","geometry":{"type":"Point","coordinates":[-71.954498,19.637772]},"properties":{"s":"F"}},{"type":"Feature","geometry":{"type":"Point","coordinates":[-71.964433,19.641792]},"properties":{"s":"F"}},{"type":"Feature","geometry":{"type":"Point","coordinates":[-71.96437,19.642302]},"properties":{"s":"F"}},{"type":"Feature","geometry":{"type":"Point","coordinates":[-71.959715,19.640663]},"properties":{"s":"F"}},{"type":"Feature","geometry":{"type":"Point","coordinates":[-71.957042,19.641685]},"properties":{"s":"F"}},{"type":"Feature","geometry":{"type":"Point","coordinates":[-71.915012,19.600792]},"properties":{"s":"F"}},{"type":"Feature","geometry":{"type":"Point","coordinates":[-71.909442,19.603672]},"properties":{"s":"F"}},{"type":"Feature","geometry":{"type":"Point","coordinates":[-71.912778,19.629247]},"properties":{"s":"F"}},{"type":"Feature","geometry":{"type":"Point","coordinates":[-71.909078,19.630698]},"properties":{"s":"F"}},{"type":"Feature","geometry":{"type":"Point","coordinates":[-71.905005,19.632407]},"properties":{"s":"F"}},{"type":"Feature","geometry":{"type":"Point","coordinates":[-71.903083,19.633938]},"properties":{"s":"F"}},{"type":"Feature","geometry":{"type":"Point","coordinates":[-71.925167,19.636183]},"properties":{"s":"F"}},{"type":"Feature","geometry":{"type":"Point","coordinates":[-71.85241,19.60957]},"properties":{"s":"F"}},{"type":"Feature","geometry":{"type":"Point","coordinates":[-71.85168,19.63458]},"properties":{"s":"F"}},{"type":"Feature","geometry":{"type":"Point","coordinates":[-71.85397,19.63977]},"properties":{"s":"F"}},{"type":"Feature","geometry":{"type":"Point","coordinates":[-71.85239,19.63952]},"properties":{"s":"F"}},{"type":"Feature","geometry":{"type":"Point","coordinates":[-71.86124,19.64024]},"properties":{"s":"F"}},{"type":"Feature","geometry":{"type":"Point","coordinates":[-71.84891,19.6122]},"properties":{"s":"F"}},{"type":"Feature","geometry":{"type":"Point","coordinates":[-71.82459,19.61086]},"properties":{"s":"F"}},{"type":"Feature","geometry":{"type":"Point","coordinates":[-71.84946,19.61278]},"properties":{"s":"F"}},{"type":"Feature","geometry":{"type":"Point","coordinates":[-71.82339,19.61266]},"properties":{"s":"F"}},{"type":"Feature","geometry":{"type":"Point","coordinates":[-71.84933,19.61519]},"properties":{"s":"F"}},{"type":"Feature","geometry":{"type":"Point","coordinates":[-71.82349,19.61639]},"properties":{"s":"F"}},{"type":"Feature","geometry":{"type":"Point","coordinates":[-71.82182,19.62765]},"properties":{"s":"F"}},{"type":"Feature","geometry":{"type":"Point","coordinates":[-71.84979,19.6372]},"properties":{"s":"F"}},{"type":"Feature","geometry":{"type":"Point","coordinates":[-71.82871,19.63624]},"properties":{"s":"F"}},{"type":"Feature","geometry":{"type":"Point","coordinates":[-71.84879,19.63826]},"properties":{"s":"F"}},{"type":"Feature","geometry":{"type":"Point","coordinates":[-71.845622,19.646727]},"properties":{"s":"F"}},{"type":"Feature","geometry":{"type":"Point","coordinates":[-71.79038,19.60108]},"properties":{"s":"F"}},{"type":"Feature","geometry":{"type":"Point","coordinates":[-71.78804,19.6049]},"properties":{"s":"F"}},{"type":"Feature","geometry":{"type":"Point","coordinates":[-71.75224,19.60406]},"properties":{"s":"F"}},{"type":"Feature","geometry":{"type":"Point","coordinates":[-71.78484,19.608891]},"properties":{"s":"F"}},{"type":"Feature","geometry":{"type":"Point","coordinates":[-71.784181,19.608959]},"properties":{"s":"F"}},{"type":"Feature","geometry":{"type":"Point","coordinates":[-71.76526,19.6081]},"properties":{"s":"F"}},{"type":"Feature","geometry":{"type":"Point","coordinates":[-71.764992,19.608314]},"properties":{"s":"F"}},{"type":"Feature","geometry":{"type":"Point","coordinates":[-71.76337,19.60871]},"properties":{"s":"F"}},{"type":"Feature","geometry":{"type":"Point","coordinates":[-71.75202,19.60859]},"properties":{"s":"F"}},{"type":"Feature","geometry":{"type":"Point","coordinates":[-71.78175,19.61134]},"properties":{"s":"F"}},{"type":"Feature","geometry":{"type":"Point","coordinates":[-71.78071,19.6136]},"properties":{"s":"F"}},{"type":"Feature","geometry":{"type":"Point","coordinates":[-71.77878,19.61298]},"properties":{"s":"F"}},{"type":"Feature","geometry":{"type":"Point","coordinates":[-71.77799,19.6137]},"properties":{"s":"F"}},{"type":"Feature","geometry":{"type":"Point","coordinates":[-71.77657,19.61448]},"properties":{"s":"F"}},{"type":"Feature","geometry":{"type":"Point","coordinates":[-71.76615,19.61252]},"properties":{"s":"F"}},{"type":"Feature","geometry":{"type":"Point","coordinates":[-71.78551,19.61642]},"properties":{"s":"F"}},{"type":"Feature","geometry":{"type":"Point","coordinates":[-71.783855,19.616977]},"properties":{"s":"F"}},{"type":"Feature","geometry":{"type":"Point","coordinates":[-71.78085,19.61564]},"properties":{"s":"F"}},{"type":"Feature","geometry":{"type":"Point","coordinates":[-71.78242,19.61632]},"properties":{"s":"F"}},{"type":"Feature","geometry":{"type":"Point","coordinates":[-71.78168,19.61688]},"properties":{"s":"F"}},{"type":"Feature","geometry":{"type":"Point","coordinates":[-71.78139,19.61749]},"properties":{"s":"F"}},{"type":"Feature","geometry":{"type":"Point","coordinates":[-71.77838,19.61506]},"properties":{"s":"F"}},{"type":"Feature","geometry":{"type":"Point","coordinates":[-71.7781,19.61636]},"properties":{"s":"F"}},{"type":"Feature","geometry":{"type":"Point","coordinates":[-71.7763,19.61633]},"properties":{"s":"F"}},{"type":"Feature","geometry":{"type":"Point","coordinates":[-71.776995,19.617194]},"properties":{"s":"F"}},{"type":"Feature","geometry":{"type":"Point","coordinates":[-71.77365,19.61664]},"properties":{"s":"F"}},{"type":"Feature","geometry":{"type":"Point","coordinates":[-71.76637,19.61588]},"properties":{"s":"F"}},{"type":"Feature","geometry":{"type":"Point","coordinates":[-71.78273,19.61833]},"properties":{"s":"F"}},{"type":"Feature","geometry":{"type":"Point","coordinates":[-71.78032,19.61855]},"properties":{"s":"F"}},{"type":"Feature","geometry":{"type":"Point","coordinates":[-71.75941,19.63498]},"properties":{"s":"F"}},{"type":"Feature","geometry":{"type":"Point","coordinates":[-71.75728,19.63741]},"properties":{"s":"F"}},{"type":"Feature","geometry":{"type":"Point","coordinates":[-71.78874,19.64022]},"properties":{"s":"F"}},{"type":"Feature","geometry":{"type":"Point","coordinates":[-71.995276,19.651364]},"properties":{"s":"F"}},{"type":"Feature","geometry":{"type":"Point","coordinates":[-71.99905,19.652737]},"properties":{"s":"F"}},{"type":"Feature","geometry":{"type":"Point","coordinates":[-71.992233,19.681583]},"properties":{"s":"F"}},{"type":"Feature","geometry":{"type":"Point","coordinates":[-71.923705,19.665572]},"properties":{"s":"F"}},{"type":"Feature","geometry":{"type":"Point","coordinates":[-71.87019,19.65509]},"properties":{"s":"F"}},{"type":"Feature","geometry":{"type":"Point","coordinates":[-71.83652,19.65736]},"properties":{"s":"F"}},{"type":"Feature","geometry":{"type":"Point","coordinates":[-71.83451,19.65717]},"properties":{"s":"F"}},{"type":"Feature","geometry":{"type":"Point","coordinates":[-71.81432,19.65608]},"properties":{"s":"F"}},{"type":"Feature","geometry":{"type":"Point","coordinates":[-71.81303,19.65622]},"properties":{"s":"F"}},{"type":"Feature","geometry":{"type":"Point","coordinates":[-71.83257,19.65821]},"properties":{"s":"F"}},{"type":"Feature","geometry":{"type":"Point","coordinates":[-71.75207,19.65059]},"properties":{"s":"F"}},{"type":"Feature","geometry":{"type":"Point","coordinates":[-71.7516,19.65066]},"properties":{"s":"F"}},{"type":"Feature","geometry":{"type":"Point","coordinates":[-71.77608,19.65397]},"properties":{"s":"F"}},{"type":"Feature","geometry":{"type":"Point","coordinates":[-71.77112,19.65353]},"properties":{"s":"F"}},{"type":"Feature","geometry":{"type":"Point","coordinates":[-71.75594,19.6529]},"properties":{"s":"F"}},{"type":"Feature","geometry":{"type":"Point","coordinates":[-71.75569,19.65375]},"properties":{"s":"F"}},{"type":"Feature","geometry":{"type":"Point","coordinates":[-71.76117,19.66372]},"properties":{"s":"F"}},{"type":"Feature","geometry":{"type":"Point","coordinates":[-71.75711,19.66595]},"properties":{"s":"F"}},{"type":"Feature","geometry":{"type":"Point","coordinates":[-71.75662,19.66857]},"properties":{"s":"F"}},{"type":"Feature","geometry":{"type":"Point","coordinates":[-73.20596,18.22508]},"properties":{"s":"N"}},{"type":"Feature","geometry":{"type":"Point","coordinates":[-73.17106,18.21541]},"properties":{"s":"N"}},{"type":"Feature","geometry":{"type":"Point","coordinates":[-73.28147,18.27769]},"properties":{"s":"N"}},{"type":"Feature","geometry":{"type":"Point","coordinates":[-73.28188,18.27847]},"properties":{"s":"N"}},{"type":"Feature","geometry":{"type":"Point","coordinates":[-73.28865,18.28879]},"properties":{"s":"N"}},{"type":"Feature","geometry":{"type":"Point","coordinates":[-73.29008,18.29157]},"properties":{"s":"N"}},{"type":"Feature","geometry":{"type":"Point","coordinates":[-73.28859,18.29981]},"properties":{"s":"N"}},{"type":"Feature","geometry":{"type":"Point","coordinates":[-73.2262,18.26056]},"properties":{"s":"N"}},{"type":"Feature","geometry":{"type":"Point","coordinates":[-73.30105,18.30211]},"properties":{"s":"N"}},{"type":"Feature","geometry":{"type":"Point","coordinates":[-73.2588,18.3114]},"properties":{"s":"N"}},{"type":"Feature","geometry":{"type":"Point","coordinates":[-73.062045,18.784875]},"properties":{"s":"N"}},{"type":"Feature","geometry":{"type":"Point","coordinates":[-73.060938,18.789752]},"properties":{"s":"N"}},{"type":"Feature","geometry":{"type":"Point","coordinates":[-73.072945,18.795835]},"properties":{"s":"N"}},{"type":"Feature","geometry":{"type":"Point","coordinates":[-73.121264,18.817071]},"properties":{"s":"N"}},{"type":"Feature","geometry":{"type":"Point","coordinates":[-73.124444,18.833163]},"properties":{"s":"N"}},{"type":"Feature","geometry":{"type":"Point","coordinates":[-73.132809,18.839424]},"properties":{"s":"N"}},{"type":"Feature","geometry":{"type":"Point","coordinates":[-73.051574,18.836935]},"properties":{"s":"N"}},{"type":"Feature","geometry":{"type":"Point","coordinates":[-73.055642,18.839081]},"properties":{"s":"N"}},{"type":"Feature","geometry":{"type":"Point","coordinates":[-73.008237,18.81966]},"properties":{"s":"N"}},{"type":"Feature","geometry":{"type":"Point","coordinates":[-73.025096,18.840886]},"properties":{"s":"N"}},{"type":"Feature","geometry":{"type":"Point","coordinates":[-73.254326,18.895966]},"properties":{"s":"N"}},{"type":"Feature","geometry":{"type":"Point","coordinates":[-73.125537,18.856708]},"properties":{"s":"N"}},{"type":"Feature","geometry":{"type":"Point","coordinates":[-73.125445,18.863146]},"properties":{"s":"N"}},{"type":"Feature","geometry":{"type":"Point","coordinates":[-73.091467,18.857229]},"properties":{"s":"N"}},{"type":"Feature","geometry":{"type":"Point","coordinates":[-73.054738,18.866698]},"properties":{"s":"N"}},{"type":"Feature","geometry":{"type":"Point","coordinates":[-73.036945,18.891235]},"properties":{"s":"N"}},{"type":"Feature","geometry":{"type":"Point","coordinates":[-73.034751,18.895237]},"properties":{"s":"N"}},{"type":"Feature","geometry":{"type":"Point","coordinates":[-73.028035,18.902224]},"properties":{"s":"N"}},{"type":"Feature","geometry":{"type":"Point","coordinates":[-72.349631,18.693405]},"properties":{"s":"N"}},{"type":"Feature","geometry":{"type":"Point","coordinates":[-72.2676,18.652217]},"properties":{"s":"N"}},{"type":"Feature","geometry":{"type":"Point","coordinates":[-72.438041,18.726226]},"properties":{"s":"N"}},{"type":"Feature","geometry":{"type":"Point","coordinates":[-72.418736,18.726659]},"properties":{"s":"N"}},{"type":"Feature","geometry":{"type":"Point","coordinates":[-72.42403,18.736134]},"properties":{"s":"N"}},{"type":"Feature","geometry":{"type":"Point","coordinates":[-72.414817,18.735367]},"properties":{"s":"N"}},{"type":"Feature","geometry":{"type":"Point","coordinates":[-72.430625,18.746585]},"properties":{"s":"N"}},{"type":"Feature","geometry":{"type":"Point","coordinates":[-72.421667,18.746583]},"properties":{"s":"N"}},{"type":"Feature","geometry":{"type":"Point","coordinates":[-72.357016,18.713677]},"properties":{"s":"N"}},{"type":"Feature","geometry":{"type":"Point","coordinates":[-72.378338,18.722593]},"properties":{"s":"N"}},{"type":"Feature","geometry":{"type":"Point","coordinates":[-72.347116,18.708017]},"properties":{"s":"N"}},{"type":"Feature","geometry":{"type":"Point","coordinates":[-72.345184,18.708198]},"properties":{"s":"N"}},{"type":"Feature","geometry":{"type":"Point","coordinates":[-72.343062,18.709111]},"properties":{"s":"N"}},{"type":"Feature","geometry":{"type":"Point","coordinates":[-72.288129,18.718398]},"properties":{"s":"N"}},{"type":"Feature","geometry":{"type":"Point","coordinates":[-72.296993,18.734638]},"properties":{"s":"N"}},{"type":"Feature","geometry":{"type":"Point","coordinates":[-72.277758,18.748844]},"properties":{"s":"N"}},{"type":"Feature","geometry":{"type":"Point","coordinates":[-72.935769,18.785048]},"properties":{"s":"N"}},{"type":"Feature","geometry":{"type":"Point","coordinates":[-72.940756,18.787757]},"properties":{"s":"N"}},{"type":"Feature","geometry":{"type":"Point","coordinates":[-72.870557,18.773476]},"properties":{"s":"N"}},{"type":"Feature","geometry":{"type":"Point","coordinates":[-72.892582,18.776399]},"properties":{"s":"N"}},{"type":"Feature","geometry":{"type":"Point","coordinates":[-72.8707,18.796234]},"properties":{"s":"N"}},{"type":"Feature","geometry":{"type":"Point","coordinates":[-72.460584,18.764204]},"properties":{"s":"N"}},{"type":"Feature","geometry":{"type":"Point","coordinates":[-72.457056,18.76906]},"properties":{"s":"N"}},{"type":"Feature","geometry":{"type":"Point","coordinates":[-72.466327,18.770798]},"properties":{"s":"N"}},{"type":"Feature","geometry":{"type":"Point","coordinates":[-72.462429,18.77467]},"properties":{"s":"N"}},{"type":"Feature","geometry":{"type":"Point","coordinates":[-72.440143,18.756937]},"properties":{"s":"N"}},{"type":"Feature","geometry":{"type":"Point","coordinates":[-72.445418,18.758932]},"properties":{"s":"N"}},{"type":"Feature","geometry":{"type":"Point","coordinates":[-72.281263,18.751729]},"properties":{"s":"N"}},{"type":"Feature","geometry":{"type":"Point","coordinates":[-72.253071,18.782158]},"properties":{"s":"N"}},{"type":"Feature","geometry":{"type":"Point","coordinates":[-72.251928,18.782128]},"properties":{"s":"N"}},{"type":"Feature","geometry":{"type":"Point","coordinates":[-72.254923,18.783763]},"properties":{"s":"N"}},{"type":"Feature","geometry":{"type":"Point","coordinates":[-72.251371,18.783003]},"properties":{"s":"N"}},{"type":"Feature","geometry":{"type":"Point","coordinates":[-72.257629,18.786408]},"properties":{"s":"N"}},{"type":"Feature","geometry":{"type":"Point","coordinates":[-72.229558,18.780298]},"properties":{"s":"N"}},{"type":"Feature","geometry":{"type":"Point","coordinates":[-72.248456,18.784183]},"properties":{"s":"N"}},{"type":"Feature","geometry":{"type":"Point","coordinates":[-72.243663,18.783102]},"properties":{"s":"N"}},{"type":"Feature","geometry":{"type":"Point","coordinates":[-72.241308,18.783424]},"properties":{"s":"N"}},{"type":"Feature","geometry":{"type":"Point","coordinates":[-72.238447,18.785596]},"properties":{"s":"N"}},{"type":"Feature","geometry":{"type":"Point","coordinates":[-72.235296,18.786582]},"properties":{"s":"N"}},{"type":"Feature","geometry":{"type":"Point","coordinates":[-72.231409,18.786432]},"properties":{"s":"N"}},{"type":"Feature","geometry":{"type":"Point","coordinates":[-72.22532,18.788468]},"properties":{"s":"N"}},{"type":"Feature","geometry":{"type":"Point","coordinates":[-72.224089,18.78812]},"properties":{"s":"N"}},{"type":"Feature","geometry":{"type":"Point","coordinates":[-72.223766,18.79026]},"properties":{"s":"N"}},{"type":"Feature","geometry":{"type":"Point","coordinates":[-72.155941,18.7673]},"properties":{"s":"N"}},{"type":"Feature","geometry":{"type":"Point","coordinates":[-72.038698,18.786496]},"properties":{"s":"N"}},{"type":"Feature","geometry":{"type":"Point","coordinates":[-72.049972,18.790518]},"properties":{"s":"N"}},{"type":"Feature","geometry":{"type":"Point","coordinates":[-72.996448,18.800184]},"properties":{"s":"N"}},{"type":"Feature","geometry":{"type":"Point","coordinates":[-72.955964,18.808626]},"properties":{"s":"N"}},{"type":"Feature","geometry":{"type":"Point","coordinates":[-72.987135,18.810057]},"properties":{"s":"N"}},{"type":"Feature","geometry":{"type":"Point","coordinates":[-72.978368,18.815562]},"properties":{"s":"N"}},{"type":"Feature","geometry":{"type":"Point","coordinates":[-72.99175,18.834081]},"properties":{"s":"N"}},{"type":"Feature","geometry":{"type":"Point","coordinates":[-72.932202,18.832838]},"properties":{"s":"N"}},{"type":"Feature","geometry":{"type":"Point","coordinates":[-72.892852,18.842423]},"properties":{"s":"N"}},{"type":"Feature","geometry":{"type":"Point","coordinates":[-72.323889,18.826197]},"properties":{"s":"N"}},{"type":"Feature","geometry":{"type":"Point","coordinates":[-72.313372,18.847497]},"properties":{"s":"N"}},{"type":"Feature","geometry":{"type":"Point","coordinates":[-72.266185,18.827551]},"properties":{"s":"N"}},{"type":"Feature","geometry":{"type":"Point","coordinates":[-72.139808,18.806368]},"properties":{"s":"N"}},{"type":"Feature","geometry":{"type":"Point","coordinates":[-72.108413,18.81307]},"properties":{"s":"N"}},{"type":"Feature","geometry":{"type":"Point","coordinates":[-72.119209,18.837513]},"properties":{"s":"N"}},{"type":"Feature","geometry":{"type":"Point","coordinates":[-72.137147,18.844892]},"properties":{"s":"N"}},{"type":"Feature","geometry":{"type":"Point","coordinates":[-72.075883,18.824591]},"properties":{"s":"N"}},{"type":"Feature","geometry":{"type":"Point","coordinates":[-72.996209,18.874319]},"properties":{"s":"N"}},{"type":"Feature","geometry":{"type":"Point","coordinates":[-72.948513,18.854652]},"properties":{"s":"N"}},{"type":"Feature","geometry":{"type":"Point","coordinates":[-72.189658,18.892923]},"properties":{"s":"N"}},{"type":"Feature","geometry":{"type":"Point","coordinates":[-72.082343,18.871704]},"properties":{"s":"N"}},{"type":"Feature","geometry":{"type":"Point","coordinates":[-72.077477,18.88475]},"properties":{"s":"N"}},{"type":"Feature","geometry":{"type":"Point","coordinates":[-72.076085,18.891541]},"properties":{"s":"N"}},{"type":"Feature","geometry":{"type":"Point","coordinates":[-72.175014,18.958939]},"properties":{"s":"N"}},{"type":"Feature","geometry":{"type":"Point","coordinates":[-72.065315,18.952339]},"properties":{"s":"N"}},{"type":"Feature","geometry":{"type":"Point","coordinates":[-72.018961,18.991107]},"properties":{"s":"N"}},{"type":"Feature","geometry":{"type":"Point","coordinates":[-71.762517,18.780537]},"properties":{"s":"N"}},{"type":"Feature","geometry":{"type":"Point","coordinates":[-71.9308,18.834394]},"properties":{"s":"N"}},{"type":"Feature","geometry":{"type":"Point","coordinates":[-71.905031,18.843663]},"properties":{"s":"N"}},{"type":"Feature","geometry":{"type":"Point","coordinates":[-71.901344,18.843651]},"properties":{"s":"N"}},{"type":"Feature","geometry":{"type":"Point","coordinates":[-71.904947,18.845987]},"properties":{"s":"N"}},{"type":"Feature","geometry":{"type":"Point","coordinates":[-71.924856,18.849413]},"properties":{"s":"N"}},{"type":"Feature","geometry":{"type":"Point","coordinates":[-71.875022,18.831413]},"properties":{"s":"N"}},{"type":"Feature","geometry":{"type":"Point","coordinates":[-71.785774,18.849447]},"properties":{"s":"N"}},{"type":"Feature","geometry":{"type":"Point","coordinates":[-71.97325,18.863688]},"properties":{"s":"N"}},{"type":"Feature","geometry":{"type":"Point","coordinates":[-71.970638,18.875066]},"properties":{"s":"N"}},{"type":"Feature","geometry":{"type":"Point","coordinates":[-71.90488,18.851029]},"properties":{"s":"N"}},{"type":"Feature","geometry":{"type":"Point","coordinates":[-71.924519,18.854642]},"properties":{"s":"N"}},{"type":"Feature","geometry":{"type":"Point","coordinates":[-71.943989,18.885194]},"properties":{"s":"N"}},{"type":"Feature","geometry":{"type":"Point","coordinates":[-71.941784,18.890693]},"properties":{"s":"N"}},{"type":"Feature","geometry":{"type":"Point","coordinates":[-71.896387,18.8616]},"properties":{"s":"N"}},{"type":"Feature","geometry":{"type":"Point","coordinates":[-71.814517,18.874887]},"properties":{"s":"N"}},{"type":"Feature","geometry":{"type":"Point","coordinates":[-71.818454,18.876857]},"properties":{"s":"N"}},{"type":"Feature","geometry":{"type":"Point","coordinates":[-71.836107,18.883829]},"properties":{"s":"N"}},{"type":"Feature","geometry":{"type":"Point","coordinates":[-71.837568,18.892677]},"properties":{"s":"N"}},{"type":"Feature","geometry":{"type":"Point","coordinates":[-71.788689,18.852631]},"properties":{"s":"N"}},{"type":"Feature","geometry":{"type":"Point","coordinates":[-71.744593,18.852891]},"properties":{"s":"N"}},{"type":"Feature","geometry":{"type":"Point","coordinates":[-71.736031,18.877187]},"properties":{"s":"N"}},{"type":"Feature","geometry":{"type":"Point","coordinates":[-71.93991,18.903118]},"properties":{"s":"N"}},{"type":"Feature","geometry":{"type":"Point","coordinates":[-71.909356,18.912744]},"properties":{"s":"N"}},{"type":"Feature","geometry":{"type":"Point","coordinates":[-71.903635,18.913326]},"properties":{"s":"N"}},{"type":"Feature","geometry":{"type":"Point","coordinates":[-71.906307,18.939235]},"properties":{"s":"N"}},{"type":"Feature","geometry":{"type":"Point","coordinates":[-71.913935,18.945664]},"properties":{"s":"N"}},{"type":"Feature","geometry":{"type":"Point","coordinates":[-71.991171,18.973429]},"properties":{"s":"N"}},{"type":"Feature","geometry":{"type":"Point","coordinates":[-71.936769,18.966286]},"properties":{"s":"N"}},{"type":"Feature","geometry":{"type":"Point","coordinates":[-72.034154,18.906042]},"properties":{"s":"N"}},{"type":"Feature","geometry":{"type":"Point","coordinates":[-71.924685,18.975549]},"properties":{"s":"N"}},{"type":"Feature","geometry":{"type":"Point","coordinates":[-71.925925,18.981507]},"properties":{"s":"N"}},{"type":"Feature","geometry":{"type":"Point","coordinates":[-71.90094,18.990175]},"properties":{"s":"N"}},{"type":"Feature","geometry":{"type":"Point","coordinates":[-71.916117,18.992585]},"properties":{"s":"N"}},{"type":"Feature","geometry":{"type":"Point","coordinates":[-71.909764,18.999017]},"properties":{"s":"N"}},{"type":"Feature","geometry":{"type":"Point","coordinates":[-71.815801,18.950847]},"properties":{"s":"N"}},{"type":"Feature","geometry":{"type":"Point","coordinates":[-72.07926,19.028618]},"properties":{"s":"N"}},{"type":"Feature","geometry":{"type":"Point","coordinates":[-72.116628,19.061184]},"properties":{"s":"N"}},{"type":"Feature","geometry":{"type":"Point","coordinates":[-72.001742,19.074296]},"properties":{"s":"N"}},{"type":"Feature","geometry":{"type":"Point","coordinates":[-72.024259,19.088539]},"properties":{"s":"N"}},{"type":"Feature","geometry":{"type":"Point","coordinates":[-72.184234,19.114172]},"properties":{"s":"N"}},{"type":"Feature","geometry":{"type":"Point","coordinates":[-72.192086,19.140647]},"properties":{"s":"N"}},{"type":"Feature","geometry":{"type":"Point","coordinates":[-72.106727,19.123479]},"properties":{"s":"N"}},{"type":"Feature","geometry":{"type":"Point","coordinates":[-72.146105,19.127143]},"properties":{"s":"N"}},{"type":"Feature","geometry":{"type":"Point","coordinates":[-72.132863,19.126774]},"properties":{"s":"N"}},{"type":"Feature","geometry":{"type":"Point","coordinates":[-72.089591,19.101011]},"properties":{"s":"N"}},{"type":"Feature","geometry":{"type":"Point","coordinates":[-72.061757,19.123157]},"properties":{"s":"N"}},{"type":"Feature","geometry":{"type":"Point","coordinates":[-72.053481,19.124541]},"properties":{"s":"N"}},{"type":"Feature","geometry":{"type":"Point","coordinates":[-72.056208,19.127152]},"properties":{"s":"N"}},{"type":"Feature","geometry":{"type":"Point","coordinates":[-72.055283,19.127522]},"properties":{"s":"N"}},{"type":"Feature","geometry":{"type":"Point","coordinates":[-72.08627,19.133999]},"properties":{"s":"N"}},{"type":"Feature","geometry":{"type":"Point","coordinates":[-72.075774,19.141115]},"properties":{"s":"N"}},{"type":"Feature","geometry":{"type":"Point","coordinates":[-72.098686,19.147253]},"properties":{"s":"N"}},{"type":"Feature","geometry":{"type":"Point","coordinates":[-72.07633,19.147513]},"properties":{"s":"N"}},{"type":"Feature","geometry":{"type":"Point","coordinates":[-72.006947,19.115176]},"properties":{"s":"N"}},{"type":"Feature","geometry":{"type":"Point","coordinates":[-72.021035,19.143368]},"properties":{"s":"N"}},{"type":"Feature","geometry":{"type":"Point","coordinates":[-72.018339,19.144257]},"properties":{"s":"N"}},{"type":"Feature","geometry":{"type":"Point","coordinates":[-72.570717,19.18641]},"properties":{"s":"N"}},{"type":"Feature","geometry":{"type":"Point","coordinates":[-72.470303,19.180506]},"properties":{"s":"N"}},{"type":"Feature","geometry":{"type":"Point","coordinates":[-72.182373,19.173884]},"properties":{"s":"N"}},{"type":"Feature","geometry":{"type":"Point","coordinates":[-72.166126,19.191129]},"properties":{"s":"N"}},{"type":"Feature","geometry":{"type":"Point","coordinates":[-72.171295,19.197592]},"properties":{"s":"N"}},{"type":"Feature","geometry":{"type":"Point","coordinates":[-72.119973,19.151182]},"properties":{"s":"N"}},{"type":"Feature","geometry":{"type":"Point","coordinates":[-72.117497,19.152453]},"properties":{"s":"N"}},{"type":"Feature","geometry":{"type":"Point","coordinates":[-72.11052,19.151866]},"properties":{"s":"N"}},{"type":"Feature","geometry":{"type":"Point","coordinates":[-72.126129,19.152608]},"properties":{"s":"N"}},{"type":"Feature","geometry":{"type":"Point","coordinates":[-72.10726,19.15623]},"properties":{"s":"N"}},{"type":"Feature","geometry":{"type":"Point","coordinates":[-72.109336,19.167423]},"properties":{"s":"N"}},{"type":"Feature","geometry":{"type":"Point","coordinates":[-72.112111,19.1676]},"properties":{"s":"N"}},{"type":"Feature","geometry":{"type":"Point","coordinates":[-72.103437,19.170962]},"properties":{"s":"N"}},{"type":"Feature","geometry":{"type":"Point","coordinates":[-72.140271,19.176257]},"properties":{"s":"N"}},{"type":"Feature","geometry":{"type":"Point","coordinates":[-72.141904,19.18287]},"properties":{"s":"N"}},{"type":"Feature","geometry":{"type":"Point","coordinates":[-72.106031,19.186089]},"properties":{"s":"N"}},{"type":"Feature","geometry":{"type":"Point","coordinates":[-72.120525,19.188138]},"properties":{"s":"N"}},{"type":"Feature","geometry":{"type":"Point","coordinates":[-72.057417,19.169885]},"properties":{"s":"N"}},{"type":"Feature","geometry":{"type":"Point","coordinates":[-72.07219,19.17013]},"properties":{"s":"N"}},{"type":"Feature","geometry":{"type":"Point","coordinates":[-72.015137,19.166723]},"properties":{"s":"N"}},{"type":"Feature","geometry":{"type":"Point","coordinates":[-72.010563,19.169098]},"properties":{"s":"N"}},{"type":"Feature","geometry":{"type":"Point","coordinates":[-72.601232,19.210485]},"properties":{"s":"N"}},{"type":"Feature","geometry":{"type":"Point","coordinates":[-72.619592,19.222123]},"properties":{"s":"N"}},{"type":"Feature","geometry":{"type":"Point","coordinates":[-72.594847,19.202788]},"properties":{"s":"N"}},{"type":"Feature","geometry":{"type":"Point","coordinates":[-72.586135,19.206693]},"properties":{"s":"N"}},{"type":"Feature","geometry":{"type":"Point","coordinates":[-72.58829,19.207885]},"properties":{"s":"N"}},{"type":"Feature","geometry":{"type":"Point","coordinates":[-72.585562,19.20824]},"properties":{"s":"N"}},{"type":"Feature","geometry":{"type":"Point","coordinates":[-72.558772,19.210707]},"properties":{"s":"N"}},{"type":"Feature","geometry":{"type":"Point","coordinates":[-72.55404,19.210015]},"properties":{"s":"N"}},{"type":"Feature","geometry":{"type":"Point","coordinates":[-72.582198,19.21825]},"properties":{"s":"N"}},{"type":"Feature","geometry":{"type":"Point","coordinates":[-72.558137,19.237715]},"properties":{"s":"N"}},{"type":"Feature","geometry":{"type":"Point","coordinates":[-72.55801,19.238018]},"properties":{"s":"N"}},{"type":"Feature","geometry":{"type":"Point","coordinates":[-72.557442,19.242085]},"properties":{"s":"N"}},{"type":"Feature","geometry":{"type":"Point","coordinates":[-72.55089,19.246193]},"properties":{"s":"N"}},{"type":"Feature","geometry":{"type":"Point","coordinates":[-72.580197,19.249833]},"properties":{"s":"N"}},{"type":"Feature","geometry":{"type":"Point","coordinates":[-72.552123,19.248993]},"properties":{"s":"N"}},{"type":"Feature","geometry":{"type":"Point","coordinates":[-72.551098,19.249502]},"properties":{"s":"N"}},{"type":"Feature","geometry":{"type":"Point","coordinates":[-72.501653,19.205642]},"properties":{"s":"N"}},{"type":"Feature","geometry":{"type":"Point","coordinates":[-72.504855,19.208387]},"properties":{"s":"N"}},{"type":"Feature","geometry":{"type":"Point","coordinates":[-72.508752,19.211555]},"properties":{"s":"N"}},{"type":"Feature","geometry":{"type":"Point","coordinates":[-72.512885,19.214288]},"properties":{"s":"N"}},{"type":"Feature","geometry":{"type":"Point","coordinates":[-72.548802,19.222002]},"properties":{"s":"N"}},{"type":"Feature","geometry":{"type":"Point","coordinates":[-72.525565,19.221472]},"properties":{"s":"N"}},{"type":"Feature","geometry":{"type":"Point","coordinates":[-72.529017,19.223345]},"properties":{"s":"N"}},{"type":"Feature","geometry":{"type":"Point","coordinates":[-72.530408,19.227192]},"properties":{"s":"N"}},{"type":"Feature","geometry":{"type":"Point","coordinates":[-72.531492,19.230987]},"properties":{"s":"N"}},{"type":"Feature","geometry":{"type":"Point","coordinates":[-72.522737,19.247978]},"properties":{"s":"N"}},{"type":"Feature","geometry":{"type":"Point","coordinates":[-72.176074,19.205229]},"properties":{"s":"N"}},{"type":"Feature","geometry":{"type":"Point","coordinates":[-72.185976,19.223385]},"properties":{"s":"N"}},{"type":"Feature","geometry":{"type":"Point","coordinates":[-72.130962,19.228112]},"properties":{"s":"N"}},{"type":"Feature","geometry":{"type":"Point","coordinates":[-72.132297,19.234411]},"properties":{"s":"N"}},{"type":"Feature","geometry":{"type":"Point","coordinates":[-72.133712,19.247834]},"properties":{"s":"N"}},{"type":"Feature","geometry":{"type":"Point","coordinates":[-72.059372,19.202937]},"properties":{"s":"N"}},{"type":"Feature","geometry":{"type":"Point","coordinates":[-72.093135,19.236009]},"properties":{"s":"N"}},{"type":"Feature","geometry":{"type":"Point","coordinates":[-72.572195,19.264137]},"properties":{"s":"N"}},{"type":"Feature","geometry":{"type":"Point","coordinates":[-72.577377,19.281707]},"properties":{"s":"N"}},{"type":"Feature","geometry":{"type":"Point","coordinates":[-72.524808,19.25558]},"properties":{"s":"N"}},{"type":"Feature","geometry":{"type":"Point","coordinates":[-72.520355,19.265588]},"properties":{"s":"N"}},{"type":"Feature","geometry":{"type":"Point","coordinates":[-72.541158,19.272818]},"properties":{"s":"N"}},{"type":"Feature","geometry":{"type":"Point","coordinates":[-72.47928,19.279067]},"properties":{"s":"N"}},{"type":"Feature","geometry":{"type":"Point","coordinates":[-72.467535,19.278365]},"properties":{"s":"N"}},{"type":"Feature","geometry":{"type":"Point","coordinates":[-72.185732,19.250057]},"properties":{"s":"N"}},{"type":"Feature","geometry":{"type":"Point","coordinates":[-72.123233,19.262709]},"properties":{"s":"N"}},{"type":"Feature","geometry":{"type":"Point","coordinates":[-72.124175,19.264132]},"properties":{"s":"N"}},{"type":"Feature","geometry":{"type":"Point","coordinates":[-72.127984,19.277794]},"properties":{"s":"N"}},{"type":"Feature","geometry":{"type":"Point","coordinates":[-72.147679,19.281257]},"properties":{"s":"N"}},{"type":"Feature","geometry":{"type":"Point","coordinates":[-72.136596,19.282962]},"properties":{"s":"N"}},{"type":"Feature","geometry":{"type":"Point","coordinates":[-72.133499,19.288]},"properties":{"s":"?"}},{"type":"Feature","geometry":{"type":"Point","coordinates":[-72.147612,19.297371]},"properties":{"s":"N"}},{"type":"Feature","geometry":{"type":"Point","coordinates":[-72.146365,19.295568]},"properties":{"s":"N"}},{"type":"Feature","geometry":{"type":"Point","coordinates":[-72.100353,19.299785]},"properties":{"s":"N"}},{"type":"Feature","geometry":{"type":"Point","coordinates":[-72.088514,19.286287]},"properties":{"s":"N"}},{"type":"Feature","geometry":{"type":"Point","coordinates":[-72.080606,19.291061]},"properties":{"s":"N"}},{"type":"Feature","geometry":{"type":"Point","coordinates":[-72.080887,19.291225]},"properties":{"s":"N"}},{"type":"Feature","geometry":{"type":"Point","coordinates":[-72.075423,19.292224]},"properties":{"s":"N"}},{"type":"Feature","geometry":{"type":"Point","coordinates":[-72.073004,19.291913]},"properties":{"s":"N"}},{"type":"Feature","geometry":{"type":"Point","coordinates":[-72.083041,19.294992]},"properties":{"s":"N"}},{"type":"Feature","geometry":{"type":"Point","coordinates":[-72.080671,19.294502]},"properties":{"s":"N"}},{"type":"Feature","geometry":{"type":"Point","coordinates":[-72.078737,19.29301]},"properties":{"s":"N"}},{"type":"Feature","geometry":{"type":"Point","coordinates":[-72.076008,19.292862]},"properties":{"s":"N"}},{"type":"Feature","geometry":{"type":"Point","coordinates":[-72.073224,19.293283]},"properties":{"s":"N"}},{"type":"Feature","geometry":{"type":"Point","coordinates":[-72.06928,19.29358]},"properties":{"s":"N"}},{"type":"Feature","geometry":{"type":"Point","coordinates":[-72.066254,19.294412]},"properties":{"s":"N"}},{"type":"Feature","geometry":{"type":"Point","coordinates":[-72.066215,19.294875]},"properties":{"s":"N"}},{"type":"Feature","geometry":{"type":"Point","coordinates":[-72.084069,19.295293]},"properties":{"s":"N"}},{"type":"Feature","geometry":{"type":"Point","coordinates":[-72.077597,19.295433]},"properties":{"s":"N"}},{"type":"Feature","geometry":{"type":"Point","coordinates":[-72.055829,19.295637]},"properties":{"s":"N"}},{"type":"Feature","geometry":{"type":"Point","coordinates":[-72.045254,19.270408]},"properties":{"s":"N"}},{"type":"Feature","geometry":{"type":"Point","coordinates":[-72.045589,19.273991]},"properties":{"s":"N"}},{"type":"Feature","geometry":{"type":"Point","coordinates":[-72.047494,19.279828]},"properties":{"s":"N"}},{"type":"Feature","geometry":{"type":"Point","coordinates":[-72.047879,19.282182]},"properties":{"s":"N"}},{"type":"Feature","geometry":{"type":"Point","coordinates":[-72.158165,19.314924]},"properties":{"s":"N"}},{"type":"Feature","geometry":{"type":"Point","coordinates":[-72.16982,19.31787]},"properties":{"s":"N"}},{"type":"Feature","geometry":{"type":"Point","coordinates":[-72.153072,19.319303]},"properties":{"s":"N"}},{"type":"Feature","geometry":{"type":"Point","coordinates":[-72.18203,19.32235]},"properties":{"s":"N"}},{"type":"Feature","geometry":{"type":"Point","coordinates":[-72.154631,19.325111]},"properties":{"s":"N"}},{"type":"Feature","geometry":{"type":"Point","coordinates":[-72.161292,19.341196]},"properties":{"s":"N"}},{"type":"Feature","geometry":{"type":"Point","coordinates":[-72.159622,19.343067]},"properties":{"s":"N"}},{"type":"Feature","geometry":{"type":"Point","coordinates":[-72.15985,19.347347]},"properties":{"s":"N"}},{"type":"Feature","geometry":{"type":"Point","coordinates":[-72.166358,19.349458]},"properties":{"s":"N"}},{"type":"Feature","geometry":{"type":"Point","coordinates":[-72.100781,19.310769]},"properties":{"s":"N"}},{"type":"Feature","geometry":{"type":"Point","coordinates":[-72.106438,19.315812]},"properties":{"s":"N"}},{"type":"Feature","geometry":{"type":"Point","coordinates":[-72.141679,19.328828]},"properties":{"s":"N"}},{"type":"Feature","geometry":{"type":"Point","coordinates":[-72.119483,19.334332]},"properties":{"s":"N"}},{"type":"Feature","geometry":{"type":"Point","coordinates":[-72.115182,19.332862]},"properties":{"s":"N"}},{"type":"Feature","geometry":{"type":"Point","coordinates":[-72.11537,19.333]},"properties":{"s":"N"}},{"type":"Feature","geometry":{"type":"Point","coordinates":[-72.123013,19.336108]},"properties":{"s":"N"}},{"type":"Feature","geometry":{"type":"Point","coordinates":[-72.122197,19.335242]},"properties":{"s":"N"}},{"type":"Feature","geometry":{"type":"Point","coordinates":[-72.120666,19.337029]},"properties":{"s":"N"}},{"type":"Feature","geometry":{"type":"Point","coordinates":[-72.11959,19.336479]},"properties":{"s":"N"}},{"type":"Feature","geometry":{"type":"Point","coordinates":[-72.117609,19.336931]},"properties":{"s":"N"}},{"type":"Feature","geometry":{"type":"Point","coordinates":[-72.114491,19.336545]},"properties":{"s":"N"}},{"type":"Feature","geometry":{"type":"Point","coordinates":[-72.126451,19.338698]},"properties":{"s":"N"}},{"type":"Feature","geometry":{"type":"Point","coordinates":[-72.118202,19.338922]},"properties":{"s":"N"}},{"type":"Feature","geometry":{"type":"Point","coordinates":[-72.11841,19.339934]},"properties":{"s":"N"}},{"type":"Feature","geometry":{"type":"Point","coordinates":[-72.11396,19.337932]},"properties":{"s":"N"}},{"type":"Feature","geometry":{"type":"Point","coordinates":[-72.108838,19.340484]},"properties":{"s":"N"}},{"type":"Feature","geometry":{"type":"Point","coordinates":[-72.120119,19.342688]},"properties":{"s":"N"}},{"type":"Feature","geometry":{"type":"Point","coordinates":[-72.141904,19.347393]},"properties":{"s":"N"}},{"type":"Feature","geometry":{"type":"Point","coordinates":[-72.12557,19.347722]},"properties":{"s":"N"}},{"type":"Feature","geometry":{"type":"Point","coordinates":[-72.09152,19.302774]},"properties":{"s":"N"}},{"type":"Feature","geometry":{"type":"Point","coordinates":[-72.091188,19.302812]},"properties":{"s":"N"}},{"type":"Feature","geometry":{"type":"Point","coordinates":[-72.093217,19.310615]},"properties":{"s":"N"}},{"type":"Feature","geometry":{"type":"Point","coordinates":[-72.095888,19.324647]},"properties":{"s":"N"}},{"type":"Feature","geometry":{"type":"Point","coordinates":[-72.097418,19.331]},"properties":{"s":"N"}},{"type":"Feature","geometry":{"type":"Point","coordinates":[-72.067132,19.332976]},"properties":{"s":"N"}},{"type":"Feature","geometry":{"type":"Point","coordinates":[-72.067493,19.333462]},"properties":{"s":"N"}},{"type":"Feature","geometry":{"type":"Point","coordinates":[-72.085091,19.342707]},"properties":{"s":"N"}},{"type":"Feature","geometry":{"type":"Point","coordinates":[-72.074573,19.342827]},"properties":{"s":"N"}},{"type":"Feature","geometry":{"type":"Point","coordinates":[-72.06773,19.34269]},"properties":{"s":"N"}},{"type":"Feature","geometry":{"type":"Point","coordinates":[-72.003945,19.328433]},"properties":{"s":"N"}},{"type":"Feature","geometry":{"type":"Point","coordinates":[-72.021299,19.336488]},"properties":{"s":"N"}},{"type":"Feature","geometry":{"type":"Point","coordinates":[-72.023987,19.338065]},"properties":{"s":"N"}},{"type":"Feature","geometry":{"type":"Point","coordinates":[-72.03341,19.34133]},"properties":{"s":"N"}},{"type":"Feature","geometry":{"type":"Point","coordinates":[-72.030567,19.340803]},"properties":{"s":"N"}},{"type":"Feature","geometry":{"type":"Point","coordinates":[-72.030889,19.34114]},"properties":{"s":"N"}},{"type":"Feature","geometry":{"type":"Point","coordinates":[-72.20072,19.36442]},"properties":{"s":"N"}},{"type":"Feature","geometry":{"type":"Point","coordinates":[-72.18243,19.35992]},"properties":{"s":"N"}},{"type":"Feature","geometry":{"type":"Point","coordinates":[-72.166858,19.357972]},"properties":{"s":"N"}},{"type":"Feature","geometry":{"type":"Point","coordinates":[-72.15084,19.358105]},"properties":{"s":"N"}},{"type":"Feature","geometry":{"type":"Point","coordinates":[-72.17303,19.37238]},"properties":{"s":"N"}},{"type":"Feature","geometry":{"type":"Point","coordinates":[-72.189,19.38893]},"properties":{"s":"N"}},{"type":"Feature","geometry":{"type":"Point","coordinates":[-72.17582,19.39405]},"properties":{"s":"N"}},{"type":"Feature","geometry":{"type":"Point","coordinates":[-72.15372,19.39753]},"properties":{"s":"N"}},{"type":"Feature","geometry":{"type":"Point","coordinates":[-72.149327,19.363167]},"properties":{"s":"N"}},{"type":"Feature","geometry":{"type":"Point","coordinates":[-72.112311,19.363378]},"properties":{"s":"N"}},{"type":"Feature","geometry":{"type":"Point","coordinates":[-72.118919,19.369389]},"properties":{"s":"N"}},{"type":"Feature","geometry":{"type":"Point","coordinates":[-72.115871,19.37164]},"properties":{"s":"N"}},{"type":"Feature","geometry":{"type":"Point","coordinates":[-72.126977,19.385366]},"properties":{"s":"N"}},{"type":"Feature","geometry":{"type":"Point","coordinates":[-72.115107,19.387419]},"properties":{"s":"N"}},{"type":"Feature","geometry":{"type":"Point","coordinates":[-72.144806,19.39103]},"properties":{"s":"N"}},{"type":"Feature","geometry":{"type":"Point","coordinates":[-72.074595,19.35225]},"properties":{"s":"N"}},{"type":"Feature","geometry":{"type":"Point","coordinates":[-72.07842,19.36231]},"properties":{"s":"N"}},{"type":"Feature","geometry":{"type":"Point","coordinates":[-72.060817,19.362631]},"properties":{"s":"N"}},{"type":"Feature","geometry":{"type":"Point","coordinates":[-72.058113,19.369191]},"properties":{"s":"N"}},{"type":"Feature","geometry":{"type":"Point","coordinates":[-72.086963,19.371528]},"properties":{"s":"N"}},{"type":"Feature","geometry":{"type":"Point","coordinates":[-72.052848,19.370425]},"properties":{"s":"N"}},{"type":"Feature","geometry":{"type":"Point","coordinates":[-72.090341,19.374897]},"properties":{"s":"N"}},{"type":"Feature","geometry":{"type":"Point","coordinates":[-72.065763,19.373104]},"properties":{"s":"N"}},{"type":"Feature","geometry":{"type":"Point","coordinates":[-72.062367,19.387436]},"properties":{"s":"N"}},{"type":"Feature","geometry":{"type":"Point","coordinates":[-72.073639,19.388451]},"properties":{"s":"N"}},{"type":"Feature","geometry":{"type":"Point","coordinates":[-72.073634,19.39103]},"properties":{"s":"N"}},{"type":"Feature","geometry":{"type":"Point","coordinates":[-72.089315,19.395015]},"properties":{"s":"N"}},{"type":"Feature","geometry":{"type":"Point","coordinates":[-72.06933,19.395113]},"properties":{"s":"N"}},{"type":"Feature","geometry":{"type":"Point","coordinates":[-72.040387,19.356645]},"properties":{"s":"N"}},{"type":"Feature","geometry":{"type":"Point","coordinates":[-72.033543,19.363772]},"properties":{"s":"N"}},{"type":"Feature","geometry":{"type":"Point","coordinates":[-72.038765,19.37557]},"properties":{"s":"N"}},{"type":"Feature","geometry":{"type":"Point","coordinates":[-72.20162,19.4212]},"properties":{"s":"N"}},{"type":"Feature","geometry":{"type":"Point","coordinates":[-72.20043,19.43588]},"properties":{"s":"N"}},{"type":"Feature","geometry":{"type":"Point","coordinates":[-72.16452,19.40618]},"properties":{"s":"N"}},{"type":"Feature","geometry":{"type":"Point","coordinates":[-72.19777,19.43618]},"properties":{"s":"N"}},{"type":"Feature","geometry":{"type":"Point","coordinates":[-72.19955,19.439067]},"properties":{"s":"N"}},{"type":"Feature","geometry":{"type":"Point","coordinates":[-72.080116,19.401917]},"properties":{"s":"N"}},{"type":"Feature","geometry":{"type":"Point","coordinates":[-72.09722,19.409421]},"properties":{"s":"N"}},{"type":"Feature","geometry":{"type":"Point","coordinates":[-72.089136,19.407928]},"properties":{"s":"N"}},{"type":"Feature","geometry":{"type":"Point","coordinates":[-72.086618,19.415364]},"properties":{"s":"N"}},{"type":"Feature","geometry":{"type":"Point","coordinates":[-72.079908,19.422598]},"properties":{"s":"N"}},{"type":"Feature","geometry":{"type":"Point","coordinates":[-72.09565,19.428397]},"properties":{"s":"N"}},{"type":"Feature","geometry":{"type":"Point","coordinates":[-72.095755,19.433447]},"properties":{"s":"N"}},{"type":"Feature","geometry":{"type":"Point","coordinates":[-72.054872,19.434078]},"properties":{"s":"N"}},{"type":"Feature","geometry":{"type":"Point","coordinates":[-72.050299,19.436746]},"properties":{"s":"N"}},{"type":"Feature","geometry":{"type":"Point","coordinates":[-72.04085,19.409467]},"properties":{"s":"N"}},{"type":"Feature","geometry":{"type":"Point","coordinates":[-72.68547,19.465325]},"properties":{"s":"N"}},{"type":"Feature","geometry":{"type":"Point","coordinates":[-72.21703,19.49142]},"properties":{"s":"N"}},{"type":"Feature","geometry":{"type":"Point","coordinates":[-72.129889,19.456439]},"properties":{"s":"N"}},{"type":"Feature","geometry":{"type":"Point","coordinates":[-72.147494,19.461393]},"properties":{"s":"N"}},{"type":"Feature","geometry":{"type":"Point","coordinates":[-72.121771,19.476002]},"properties":{"s":"N"}},{"type":"Feature","geometry":{"type":"Point","coordinates":[-72.135775,19.493196]},"properties":{"s":"N"}},{"type":"Feature","geometry":{"type":"Point","coordinates":[-72.067446,19.497613]},"properties":{"s":"N"}},{"type":"Feature","geometry":{"type":"Point","coordinates":[-72.049864,19.456241]},"properties":{"s":"N"}},{"type":"Feature","geometry":{"type":"Point","coordinates":[-72.460206,19.529123]},"properties":{"s":"N"}},{"type":"Feature","geometry":{"type":"Point","coordinates":[-72.443794,19.523309]},"properties":{"s":"N"}},{"type":"Feature","geometry":{"type":"Point","coordinates":[-72.447436,19.531489]},"properties":{"s":"N"}},{"type":"Feature","geometry":{"type":"Point","coordinates":[-72.267364,19.516833]},"properties":{"s":"N"}},{"type":"Feature","geometry":{"type":"Point","coordinates":[-72.285355,19.534673]},"properties":{"s":"N"}},{"type":"Feature","geometry":{"type":"Point","coordinates":[-72.241606,19.526515]},"properties":{"s":"N"}},{"type":"Feature","geometry":{"type":"Point","coordinates":[-72.24445,19.528967]},"properties":{"s":"N"}},{"type":"Feature","geometry":{"type":"Point","coordinates":[-72.240609,19.532207]},"properties":{"s":"N"}},{"type":"Feature","geometry":{"type":"Point","coordinates":[-72.239922,19.534011]},"properties":{"s":"N"}},{"type":"Feature","geometry":{"type":"Point","coordinates":[-72.23691,19.54507]},"properties":{"s":"N"}},{"type":"Feature","geometry":{"type":"Point","coordinates":[-72.236936,19.545841]},"properties":{"s":"N"}},{"type":"Feature","geometry":{"type":"Point","coordinates":[-72.150318,19.529623]},"properties":{"s":"N"}},{"type":"Feature","geometry":{"type":"Point","coordinates":[-72.136089,19.504565]},"properties":{"s":"N"}},{"type":"Feature","geometry":{"type":"Point","coordinates":[-72.13558,19.508172]},"properties":{"s":"N"}},{"type":"Feature","geometry":{"type":"Point","coordinates":[-72.136857,19.510085]},"properties":{"s":"N"}},{"type":"Feature","geometry":{"type":"Point","coordinates":[-72.140159,19.515099]},"properties":{"s":"N"}},{"type":"Feature","geometry":{"type":"Point","coordinates":[-72.139113,19.524208]},"properties":{"s":"N"}},{"type":"Feature","geometry":{"type":"Point","coordinates":[-72.136995,19.53015]},"properties":{"s":"N"}},{"type":"Feature","geometry":{"type":"Point","coordinates":[-72.136428,19.546128]},"properties":{"s":"N"}},{"type":"Feature","geometry":{"type":"Point","coordinates":[-72.05109,19.50296]},"properties":{"s":"N"}},{"type":"Feature","geometry":{"type":"Point","coordinates":[-72.098775,19.541143]},"properties":{"s":"N"}},{"type":"Feature","geometry":{"type":"Point","coordinates":[-72.078619,19.548531]},"properties":{"s":"N"}},{"type":"Feature","geometry":{"type":"Point","coordinates":[-72.484577,19.555465]},"properties":{"s":"N"}},{"type":"Feature","geometry":{"type":"Point","coordinates":[-72.492903,19.561342]},"properties":{"s":"N"}},{"type":"Feature","geometry":{"type":"Point","coordinates":[-72.466935,19.560016]},"properties":{"s":"N"}},{"type":"Feature","geometry":{"type":"Point","coordinates":[-72.453867,19.563908]},"properties":{"s":"N"}},{"type":"Feature","geometry":{"type":"Point","coordinates":[-72.461423,19.565176]},"properties":{"s":"N"}},{"type":"Feature","geometry":{"type":"Point","coordinates":[-72.47344,19.59366]},"properties":{"s":"N"}},{"type":"Feature","geometry":{"type":"Point","coordinates":[-72.421398,19.578057]},"properties":{"s":"N"}},{"type":"Feature","geometry":{"type":"Point","coordinates":[-72.277625,19.573461]},"properties":{"s":"N"}},{"type":"Feature","geometry":{"type":"Point","coordinates":[-72.266332,19.598758]},"properties":{"s":"N"}},{"type":"Feature","geometry":{"type":"Point","coordinates":[-72.163346,19.554859]},"properties":{"s":"N"}},{"type":"Feature","geometry":{"type":"Point","coordinates":[-72.157658,19.565968]},"properties":{"s":"N"}},{"type":"Feature","geometry":{"type":"Point","coordinates":[-72.172912,19.573218]},"properties":{"s":"N"}},{"type":"Feature","geometry":{"type":"Point","coordinates":[-72.173054,19.573504]},"properties":{"s":"N"}},{"type":"Feature","geometry":{"type":"Point","coordinates":[-72.169302,19.577093]},"properties":{"s":"N"}},{"type":"Feature","geometry":{"type":"Point","coordinates":[-72.157469,19.580648]},"properties":{"s":"N"}},{"type":"Feature","geometry":{"type":"Point","coordinates":[-72.174877,19.584051]},"properties":{"s":"N"}},{"type":"Feature","geometry":{"type":"Point","coordinates":[-72.199785,19.585336]},"properties":{"s":"N"}},{"type":"Feature","geometry":{"type":"Point","coordinates":[-72.174803,19.586355]},"properties":{"s":"N"}},{"type":"Feature","geometry":{"type":"Point","coordinates":[-72.117565,19.560994]},"properties":{"s":"N"}},{"type":"Feature","geometry":{"type":"Point","coordinates":[-72.145625,19.568416]},"properties":{"s":"N"}},{"type":"Feature","geometry":{"type":"Point","coordinates":[-72.085783,19.579375]},"properties":{"s":"N"}},{"type":"Feature","geometry":{"type":"Point","coordinates":[-72.089451,19.580521]},"properties":{"s":"N"}},{"type":"Feature","geometry":{"type":"Point","coordinates":[-72.089245,19.582713]},"properties":{"s":"N"}},{"type":"Feature","geometry":{"type":"Point","coordinates":[-72.089058,19.583739]},"properties":{"s":"N"}},{"type":"Feature","geometry":{"type":"Point","coordinates":[-72.088058,19.586728]},"properties":{"s":"N"}},{"type":"Feature","geometry":{"type":"Point","coordinates":[-72.092743,19.597552]},"properties":{"s":"N"}},{"type":"Feature","geometry":{"type":"Point","coordinates":[-72.007534,19.569411]},"properties":{"s":"N"}},{"type":"Feature","geometry":{"type":"Point","coordinates":[-72.503102,19.621948]},"properties":{"s":"N"}},{"type":"Feature","geometry":{"type":"Point","coordinates":[-72.518195,19.627808]},"properties":{"s":"N"}},{"type":"Feature","geometry":{"type":"Point","coordinates":[-72.458903,19.608182]},"properties":{"s":"N"}},{"type":"Feature","geometry":{"type":"Point","coordinates":[-72.451863,19.607573]},"properties":{"s":"N"}},{"type":"Feature","geometry":{"type":"Point","coordinates":[-72.484788,19.621435]},"properties":{"s":"N"}},{"type":"Feature","geometry":{"type":"Point","coordinates":[-72.485587,19.622833]},"properties":{"s":"N"}},{"type":"Feature","geometry":{"type":"Point","coordinates":[-72.473212,19.62863]},"properties":{"s":"N"}},{"type":"Feature","geometry":{"type":"Point","coordinates":[-72.472449,19.633506]},"properties":{"s":"N"}},{"type":"Feature","geometry":{"type":"Point","coordinates":[-72.327362,19.615523]},"properties":{"s":"N"}},{"type":"Feature","geometry":{"type":"Point","coordinates":[-72.302852,19.633095]},"properties":{"s":"N"}},{"type":"Feature","geometry":{"type":"Point","coordinates":[-72.308878,19.637102]},"properties":{"s":"N"}},{"type":"Feature","geometry":{"type":"Point","coordinates":[-72.274518,19.605703]},"properties":{"s":"N"}},{"type":"Feature","geometry":{"type":"Point","coordinates":[-72.26423,19.60643]},"properties":{"s":"N"}},{"type":"Feature","geometry":{"type":"Point","coordinates":[-72.299271,19.610532]},"properties":{"s":"N"}},{"type":"Feature","geometry":{"type":"Point","coordinates":[-72.27848,19.616451]},"properties":{"s":"N"}},{"type":"Feature","geometry":{"type":"Point","coordinates":[-72.289102,19.618458]},"properties":{"s":"N"}},{"type":"Feature","geometry":{"type":"Point","coordinates":[-72.289577,19.622193]},"properties":{"s":"N"}},{"type":"Feature","geometry":{"type":"Point","coordinates":[-72.27129,19.62193]},"properties":{"s":"N"}},{"type":"Feature","geometry":{"type":"Point","coordinates":[-72.289777,19.625483]},"properties":{"s":"N"}},{"type":"Feature","geometry":{"type":"Point","coordinates":[-72.288332,19.627136]},"properties":{"s":"N"}},{"type":"Feature","geometry":{"type":"Point","coordinates":[-72.294534,19.629745]},"properties":{"s":"N"}},{"type":"Feature","geometry":{"type":"Point","coordinates":[-72.294906,19.635758]},"properties":{"s":"N"}},{"type":"Feature","geometry":{"type":"Point","coordinates":[-72.273084,19.635588]},"properties":{"s":"N"}},{"type":"Feature","geometry":{"type":"Point","coordinates":[-72.272311,19.635687]},"properties":{"s":"N"}},{"type":"Feature","geometry":{"type":"Point","coordinates":[-72.299759,19.638842]},"properties":{"s":"N"}},{"type":"Feature","geometry":{"type":"Point","coordinates":[-72.29111,19.638377]},"properties":{"s":"N"}},{"type":"Feature","geometry":{"type":"Point","coordinates":[-72.281546,19.644108]},"properties":{"s":"N"}},{"type":"Feature","geometry":{"type":"Point","coordinates":[-72.274023,19.643279]},"properties":{"s":"N"}},{"type":"Feature","geometry":{"type":"Point","coordinates":[-72.220457,19.604021]},"properties":{"s":"N"}},{"type":"Feature","geometry":{"type":"Point","coordinates":[-72.220289,19.604146]},"properties":{"s":"N"}},{"type":"Feature","geometry":{"type":"Point","coordinates":[-72.214638,19.607603]},"properties":{"s":"N"}},{"type":"Feature","geometry":{"type":"Point","coordinates":[-72.20158,19.613037]},"properties":{"s":"N"}},{"type":"Feature","geometry":{"type":"Point","coordinates":[-72.240351,19.628385]},"properties":{"s":"N"}},{"type":"Feature","geometry":{"type":"Point","coordinates":[-72.216884,19.628169]},"properties":{"s":"N"}},{"type":"Feature","geometry":{"type":"Point","coordinates":[-72.238022,19.630327]},"properties":{"s":"N"}},{"type":"Feature","geometry":{"type":"Point","coordinates":[-72.224017,19.641382]},"properties":{"s":"N"}},{"type":"Feature","geometry":{"type":"Point","coordinates":[-72.203819,19.641858]},"properties":{"s":"N"}},{"type":"Feature","geometry":{"type":"Point","coordinates":[-72.219955,19.649082]},"properties":{"s":"N"}},{"type":"Feature","geometry":{"type":"Point","coordinates":[-72.182656,19.60016]},"properties":{"s":"N"}},{"type":"Feature","geometry":{"type":"Point","coordinates":[-72.182225,19.600655]},"properties":{"s":"N"}},{"type":"Feature","geometry":{"type":"Point","coordinates":[-72.178241,19.602694]},"properties":{"s":"N"}},{"type":"Feature","geometry":{"type":"Point","coordinates":[-72.177069,19.604056]},"properties":{"s":"N"}},{"type":"Feature","geometry":{"type":"Point","coordinates":[-72.164606,19.607653]},"properties":{"s":"N"}},{"type":"Feature","geometry":{"type":"Point","coordinates":[-72.185373,19.621186]},"properties":{"s":"N"}},{"type":"Feature","geometry":{"type":"Point","coordinates":[-72.181215,19.622058]},"properties":{"s":"N"}},{"type":"Feature","geometry":{"type":"Point","coordinates":[-72.171691,19.620126]},"properties":{"s":"N"}},{"type":"Feature","geometry":{"type":"Point","coordinates":[-72.180638,19.642325]},"properties":{"s":"N"}},{"type":"Feature","geometry":{"type":"Point","coordinates":[-72.175258,19.641322]},"properties":{"s":"N"}},{"type":"Feature","geometry":{"type":"Point","coordinates":[-72.180603,19.644284]},"properties":{"s":"N"}},{"type":"Feature","geometry":{"type":"Point","coordinates":[-72.172459,19.646174]},"properties":{"s":"N"}},{"type":"Feature","geometry":{"type":"Point","coordinates":[-72.146403,19.625466]},"properties":{"s":"N"}},{"type":"Feature","geometry":{"type":"Point","coordinates":[-72.146032,19.633]},"properties":{"s":"N"}},{"type":"Feature","geometry":{"type":"Point","coordinates":[-72.143106,19.636716]},"properties":{"s":"N"}},{"type":"Feature","geometry":{"type":"Point","coordinates":[-72.1375,19.638662]},"properties":{"s":"N"}},{"type":"Feature","geometry":{"type":"Point","coordinates":[-72.038883,19.603017]},"properties":{"s":"N"}},{"type":"Feature","geometry":{"type":"Point","coordinates":[-72.022467,19.608733]},"properties":{"s":"N"}},{"type":"Feature","geometry":{"type":"Point","coordinates":[-72.02465,19.61006]},"properties":{"s":"N"}},{"type":"Feature","geometry":{"type":"Point","coordinates":[-72.021678,19.610727]},"properties":{"s":"N"}},{"type":"Feature","geometry":{"type":"Point","coordinates":[-72.029317,19.612537]},"properties":{"s":"N"}},{"type":"Feature","geometry":{"type":"Point","coordinates":[-72.02881,19.61603]},"properties":{"s":"N"}},{"type":"Feature","geometry":{"type":"Point","coordinates":[-72.021773,19.616912]},"properties":{"s":"N"}},{"type":"Feature","geometry":{"type":"Point","coordinates":[-72.02657,19.61809]},"properties":{"s":"N"}},{"type":"Feature","geometry":{"type":"Point","coordinates":[-72.040448,19.637968]},"properties":{"s":"N"}},{"type":"Feature","geometry":{"type":"Point","coordinates":[-72.040357,19.6383]},"properties":{"s":"N"}},{"type":"Feature","geometry":{"type":"Point","coordinates":[-72.040093,19.638425]},"properties":{"s":"N"}},{"type":"Feature","geometry":{"type":"Point","coordinates":[-72.573218,19.681723]},"properties":{"s":"N"}},{"type":"Feature","geometry":{"type":"Point","coordinates":[-72.484891,19.651429]},"properties":{"s":"N"}},{"type":"Feature","geometry":{"type":"Point","coordinates":[-72.412221,19.685178]},"properties":{"s":"N"}},{"type":"Feature","geometry":{"type":"Point","coordinates":[-72.408414,19.692067]},"properties":{"s":"N"}},{"type":"Feature","geometry":{"type":"Point","coordinates":[-72.409845,19.699351]},"properties":{"s":"N"}},{"type":"Feature","geometry":{"type":"Point","coordinates":[-72.373031,19.654539]},"properties":{"s":"N"}},{"type":"Feature","geometry":{"type":"Point","coordinates":[-72.381386,19.662854]},"properties":{"s":"N"}},{"type":"Feature","geometry":{"type":"Point","coordinates":[-72.388104,19.665225]},"properties":{"s":"N"}},{"type":"Feature","geometry":{"type":"Point","coordinates":[-72.386963,19.671663]},"properties":{"s":"N"}},{"type":"Feature","geometry":{"type":"Point","coordinates":[-72.362641,19.687606]},"properties":{"s":"N"}},{"type":"Feature","geometry":{"type":"Point","coordinates":[-72.352082,19.695195]},"properties":{"s":"N"}},{"type":"Feature","geometry":{"type":"Point","coordinates":[-72.308057,19.652188]},"properties":{"s":"N"}},{"type":"Feature","geometry":{"type":"Point","coordinates":[-72.302975,19.654648]},"properties":{"s":"N"}},{"type":"Feature","geometry":{"type":"Point","coordinates":[-72.348729,19.673433]},"properties":{"s":"N"}},{"type":"Feature","geometry":{"type":"Point","coordinates":[-72.320175,19.69067]},"properties":{"s":"N"}},{"type":"Feature","geometry":{"type":"Point","coordinates":[-72.273539,19.666893]},"properties":{"s":"N"}},{"type":"Feature","geometry":{"type":"Point","coordinates":[-72.273804,19.670915]},"properties":{"s":"N"}},{"type":"Feature","geometry":{"type":"Point","coordinates":[-72.273731,19.673479]},"properties":{"s":"N"}},{"type":"Feature","geometry":{"type":"Point","coordinates":[-72.263927,19.675612]},"properties":{"s":"N"}},{"type":"Feature","geometry":{"type":"Point","coordinates":[-72.206046,19.655681]},"properties":{"s":"N"}},{"type":"Feature","geometry":{"type":"Point","coordinates":[-72.243542,19.672644]},"properties":{"s":"N"}},{"type":"Feature","geometry":{"type":"Point","coordinates":[-72.204822,19.68523]},"properties":{"s":"N"}},{"type":"Feature","geometry":{"type":"Point","coordinates":[-72.218212,19.690316]},"properties":{"s":"N"}},{"type":"Feature","geometry":{"type":"Point","coordinates":[-72.181826,19.6527]},"properties":{"s":"N"}},{"type":"Feature","geometry":{"type":"Point","coordinates":[-72.154891,19.672339]},"properties":{"s":"N"}},{"type":"Feature","geometry":{"type":"Point","coordinates":[-72.154694,19.673081]},"properties":{"s":"N"}},{"type":"Feature","geometry":{"type":"Point","coordinates":[-72.180156,19.688293]},"properties":{"s":"N"}},{"type":"Feature","geometry":{"type":"Point","coordinates":[-72.10641,19.656981]},"properties":{"s":"N"}},{"type":"Feature","geometry":{"type":"Point","coordinates":[-72.127575,19.662828]},"properties":{"s":"N"}},{"type":"Feature","geometry":{"type":"Point","coordinates":[-72.124392,19.664292]},"properties":{"s":"N"}},{"type":"Feature","geometry":{"type":"Point","coordinates":[-72.13086,19.668398]},"properties":{"s":"N"}},{"type":"Feature","geometry":{"type":"Point","coordinates":[-72.123307,19.667769]},"properties":{"s":"N"}},{"type":"Feature","geometry":{"type":"Point","coordinates":[-72.121246,19.668853]},"properties":{"s":"N"}},{"type":"Feature","geometry":{"type":"Point","coordinates":[-72.119264,19.667885]},"properties":{"s":"N"}},{"type":"Feature","geometry":{"type":"Point","coordinates":[-72.122709,19.674235]},"properties":{"s":"N"}},{"type":"Feature","geometry":{"type":"Point","coordinates":[-72.026673,19.69152]},"properties":{"s":"N"}},{"type":"Feature","geometry":{"type":"Point","coordinates":[-72.021863,19.691763]},"properties":{"s":"N"}},{"type":"Feature","geometry":{"type":"Point","coordinates":[-72.563435,19.715672]},"properties":{"s":"N"}},{"type":"Feature","geometry":{"type":"Point","coordinates":[-72.593576,19.741741]},"properties":{"s":"N"}},{"type":"Feature","geometry":{"type":"Point","coordinates":[-72.522803,19.717566]},"properties":{"s":"N"}},{"type":"Feature","geometry":{"type":"Point","coordinates":[-72.523365,19.719114]},"properties":{"s":"N"}},{"type":"Feature","geometry":{"type":"Point","coordinates":[-72.453742,19.705762]},"properties":{"s":"N"}},{"type":"Feature","geometry":{"type":"Point","coordinates":[-72.46505,19.72459]},"properties":{"s":"N"}},{"type":"Feature","geometry":{"type":"Point","coordinates":[-72.402194,19.706922]},"properties":{"s":"N"}},{"type":"Feature","geometry":{"type":"Point","coordinates":[-72.411236,19.710783]},"properties":{"s":"N"}},{"type":"Feature","geometry":{"type":"Point","coordinates":[-72.404812,19.710985]},"properties":{"s":"N"}},{"type":"Feature","geometry":{"type":"Point","coordinates":[-72.42336,19.712914]},"properties":{"s":"N"}},{"type":"Feature","geometry":{"type":"Point","coordinates":[-72.427065,19.715877]},"properties":{"s":"N"}},{"type":"Feature","geometry":{"type":"Point","coordinates":[-72.416421,19.728431]},"properties":{"s":"N"}},{"type":"Feature","geometry":{"type":"Point","coordinates":[-72.428035,19.740545]},"properties":{"s":"N"}},{"type":"Feature","geometry":{"type":"Point","coordinates":[-72.357028,19.70144]},"properties":{"s":"N"}},{"type":"Feature","geometry":{"type":"Point","coordinates":[-72.381405,19.704423]},"properties":{"s":"N"}},{"type":"Feature","geometry":{"type":"Point","coordinates":[-72.366483,19.708359]},"properties":{"s":"N"}},{"type":"Feature","geometry":{"type":"Point","coordinates":[-72.331813,19.707308]},"properties":{"s":"N"}},{"type":"Feature","geometry":{"type":"Point","coordinates":[-72.33359,19.708447]},"properties":{"s":"N"}},{"type":"Feature","geometry":{"type":"Point","coordinates":[-72.348683,19.710334]},"properties":{"s":"N"}},{"type":"Feature","geometry":{"type":"Point","coordinates":[-72.301595,19.736578]},"properties":{"s":"N"}},{"type":"Feature","geometry":{"type":"Point","coordinates":[-72.294878,19.70094]},"properties":{"s":"N"}},{"type":"Feature","geometry":{"type":"Point","coordinates":[-72.284305,19.706703]},"properties":{"s":"N"}},{"type":"Feature","geometry":{"type":"Point","coordinates":[-72.263478,19.711698]},"properties":{"s":"N"}},{"type":"Feature","geometry":{"type":"Point","coordinates":[-72.285201,19.714784]},"properties":{"s":"N"}},{"type":"Feature","geometry":{"type":"Point","coordinates":[-72.272463,19.713757]},"properties":{"s":"N"}},{"type":"Feature","geometry":{"type":"Point","coordinates":[-72.268999,19.713465]},"properties":{"s":"N"}},{"type":"Feature","geometry":{"type":"Point","coordinates":[-72.261284,19.712562]},"properties":{"s":"N"}},{"type":"Feature","geometry":{"type":"Point","coordinates":[-72.259226,19.713277]},"properties":{"s":"N"}},{"type":"Feature","geometry":{"type":"Point","coordinates":[-72.283135,19.715613]},"properties":{"s":"N"}},{"type":"Feature","geometry":{"type":"Point","coordinates":[-72.271311,19.715868]},"properties":{"s":"N"}},{"type":"Feature","geometry":{"type":"Point","coordinates":[-72.25646,19.717512]},"properties":{"s":"N"}},{"type":"Feature","geometry":{"type":"Point","coordinates":[-72.28912,19.72043]},"properties":{"s":"N"}},{"type":"Feature","geometry":{"type":"Point","coordinates":[-72.268398,19.722168]},"properties":{"s":"N"}},{"type":"Feature","geometry":{"type":"Point","coordinates":[-72.25487,19.720125]},"properties":{"s":"N"}},{"type":"Feature","geometry":{"type":"Point","coordinates":[-72.294381,19.723813]},"properties":{"s":"N"}},{"type":"Feature","geometry":{"type":"Point","coordinates":[-72.292471,19.724634]},"properties":{"s":"N"}},{"type":"Feature","geometry":{"type":"Point","coordinates":[-72.278547,19.724079]},"properties":{"s":"N"}},{"type":"Feature","geometry":{"type":"Point","coordinates":[-72.275336,19.723481]},"properties":{"s":"N"}},{"type":"Feature","geometry":{"type":"Point","coordinates":[-72.297855,19.727097]},"properties":{"s":"N"}},{"type":"Feature","geometry":{"type":"Point","coordinates":[-72.297156,19.726192]},"properties":{"s":"N"}},{"type":"Feature","geometry":{"type":"Point","coordinates":[-72.294183,19.728001]},"properties":{"s":"N"}},{"type":"Feature","geometry":{"type":"Point","coordinates":[-72.245363,19.720462]},"properties":{"s":"N"}},{"type":"Feature","geometry":{"type":"Point","coordinates":[-72.230291,19.724889]},"properties":{"s":"N"}},{"type":"Feature","geometry":{"type":"Point","coordinates":[-72.217769,19.727706]},"properties":{"s":"N"}},{"type":"Feature","geometry":{"type":"Point","coordinates":[-72.218085,19.729134]},"properties":{"s":"N"}},{"type":"Feature","geometry":{"type":"Point","coordinates":[-72.218358,19.735372]},"properties":{"s":"N"}},{"type":"Feature","geometry":{"type":"Point","coordinates":[-72.217872,19.74026]},"properties":{"s":"N"}},{"type":"Feature","geometry":{"type":"Point","coordinates":[-72.209929,19.741835]},"properties":{"s":"N"}},{"type":"Feature","geometry":{"type":"Point","coordinates":[-72.210377,19.74514]},"properties":{"s":"N"}},{"type":"Feature","geometry":{"type":"Point","coordinates":[-72.20621,19.749872]},"properties":{"s":"N"}},{"type":"Feature","geometry":{"type":"Point","coordinates":[-72.156864,19.714709]},"properties":{"s":"N"}},{"type":"Feature","geometry":{"type":"Point","coordinates":[-72.199359,19.718562]},"properties":{"s":"N"}},{"type":"Feature","geometry":{"type":"Point","coordinates":[-72.192054,19.721169]},"properties":{"s":"N"}},{"type":"Feature","geometry":{"type":"Point","coordinates":[-72.185298,19.720079]},"properties":{"s":"N"}},{"type":"Feature","geometry":{"type":"Point","coordinates":[-72.183173,19.720273]},"properties":{"s":"N"}},{"type":"Feature","geometry":{"type":"Point","coordinates":[-72.18317,19.721697]},"properties":{"s":"N"}},{"type":"Feature","geometry":{"type":"Point","coordinates":[-72.194581,19.725296]},"properties":{"s":"N"}},{"type":"Feature","geometry":{"type":"Point","coordinates":[-72.193827,19.725433]},"properties":{"s":"N"}},{"type":"Feature","geometry":{"type":"Point","coordinates":[-72.176377,19.726716]},"properties":{"s":"N"}},{"type":"Feature","geometry":{"type":"Point","coordinates":[-72.188873,19.728211]},"properties":{"s":"N"}},{"type":"Feature","geometry":{"type":"Point","coordinates":[-72.17722,19.727796]},"properties":{"s":"N"}},{"type":"Feature","geometry":{"type":"Point","coordinates":[-72.193039,19.730965]},"properties":{"s":"N"}},{"type":"Feature","geometry":{"type":"Point","coordinates":[-72.192419,19.730785]},"properties":{"s":"N"}},{"type":"Feature","geometry":{"type":"Point","coordinates":[-72.190873,19.731742]},"properties":{"s":"N"}},{"type":"Feature","geometry":{"type":"Point","coordinates":[-72.190805,19.732588]},"properties":{"s":"N"}},{"type":"Feature","geometry":{"type":"Point","coordinates":[-72.169411,19.732671]},"properties":{"s":"N"}},{"type":"Feature","geometry":{"type":"Point","coordinates":[-72.155896,19.734376]},"properties":{"s":"N"}},{"type":"Feature","geometry":{"type":"Point","coordinates":[-72.155651,19.735214]},"properties":{"s":"N"}},{"type":"Feature","geometry":{"type":"Point","coordinates":[-72.155871,19.736037]},"properties":{"s":"N"}},{"type":"Feature","geometry":{"type":"Point","coordinates":[-72.193596,19.739517]},"properties":{"s":"N"}},{"type":"Feature","geometry":{"type":"Point","coordinates":[-72.104729,19.70166]},"properties":{"s":"N"}},{"type":"Feature","geometry":{"type":"Point","coordinates":[-72.104774,19.703329]},"properties":{"s":"N"}},{"type":"Feature","geometry":{"type":"Point","coordinates":[-72.104472,19.705313]},"properties":{"s":"N"}},{"type":"Feature","geometry":{"type":"Point","coordinates":[-72.125632,19.720345]},"properties":{"s":"N"}},{"type":"Feature","geometry":{"type":"Point","coordinates":[-72.112109,19.72937]},"properties":{"s":"N"}},{"type":"Feature","geometry":{"type":"Point","coordinates":[-72.615657,19.792385]},"properties":{"s":"N"}},{"type":"Feature","geometry":{"type":"Point","coordinates":[-72.454792,19.771915]},"properties":{"s":"N"}},{"type":"Feature","geometry":{"type":"Point","coordinates":[-72.434875,19.794639]},"properties":{"s":"N"}},{"type":"Feature","geometry":{"type":"Point","coordinates":[-72.350166,19.75393]},"properties":{"s":"N"}},{"type":"Feature","geometry":{"type":"Point","coordinates":[-72.350269,19.760123]},"properties":{"s":"N"}},{"type":"Feature","geometry":{"type":"Point","coordinates":[-72.386343,19.767074]},"properties":{"s":"N"}},{"type":"Feature","geometry":{"type":"Point","coordinates":[-72.385224,19.768043]},"properties":{"s":"N"}},{"type":"Feature","geometry":{"type":"Point","coordinates":[-72.383247,19.769236]},"properties":{"s":"N"}},{"type":"Feature","geometry":{"type":"Point","coordinates":[-72.382079,19.768328]},"properties":{"s":"N"}},{"type":"Feature","geometry":{"type":"Point","coordinates":[-72.380454,19.770889]},"properties":{"s":"N"}},{"type":"Feature","geometry":{"type":"Point","coordinates":[-72.383441,19.773413]},"properties":{"s":"N"}},{"type":"Feature","geometry":{"type":"Point","coordinates":[-72.378066,19.788171]},"properties":{"s":"N"}},{"type":"Feature","geometry":{"type":"Point","coordinates":[-72.349525,19.753849]},"properties":{"s":"N"}},{"type":"Feature","geometry":{"type":"Point","coordinates":[-72.215161,19.751854]},"properties":{"s":"N"}},{"type":"Feature","geometry":{"type":"Point","coordinates":[-72.20625,19.75201]},"properties":{"s":"N"}},{"type":"Feature","geometry":{"type":"Point","coordinates":[-72.206247,19.752674]},"properties":{"s":"N"}},{"type":"Feature","geometry":{"type":"Point","coordinates":[-72.207315,19.754432]},"properties":{"s":"N"}},{"type":"Feature","geometry":{"type":"Point","coordinates":[-72.207022,19.754972]},"properties":{"s":"N"}},{"type":"Feature","geometry":{"type":"Point","coordinates":[-72.204511,19.753055]},"properties":{"s":"N"}},{"type":"Feature","geometry":{"type":"Point","coordinates":[-72.206829,19.75505]},"properties":{"s":"N"}},{"type":"Feature","geometry":{"type":"Point","coordinates":[-72.2038,19.76416]},"properties":{"s":"N"}},{"type":"Feature","geometry":{"type":"Point","coordinates":[-72.199786,19.765997]},"properties":{"s":"N"}},{"type":"Feature","geometry":{"type":"Point","coordinates":[-72.524184,19.843903]},"properties":{"s":"N"}},{"type":"Feature","geometry":{"type":"Point","coordinates":[-72.531964,19.847672]},"properties":{"s":"N"}},{"type":"Feature","geometry":{"type":"Point","coordinates":[-72.473263,19.820952]},"properties":{"s":"N"}},{"type":"Feature","geometry":{"type":"Point","coordinates":[-72.403489,19.801411]},"properties":{"s":"N"}},{"type":"Feature","geometry":{"type":"Point","coordinates":[-72.396903,19.802471]},"properties":{"s":"N"}},{"type":"Feature","geometry":{"type":"Point","coordinates":[-72.53578,19.851475]},"properties":{"s":"N"}},{"type":"Feature","geometry":{"type":"Point","coordinates":[-71.972836,19.018893]},"properties":{"s":"N"}},{"type":"Feature","geometry":{"type":"Point","coordinates":[-71.906065,19.010713]},"properties":{"s":"N"}},{"type":"Feature","geometry":{"type":"Point","coordinates":[-71.949929,19.027175]},"properties":{"s":"N"}},{"type":"Feature","geometry":{"type":"Point","coordinates":[-71.792252,19.035289]},"properties":{"s":"N"}},{"type":"Feature","geometry":{"type":"Point","coordinates":[-71.798621,19.048459]},"properties":{"s":"N"}},{"type":"Feature","geometry":{"type":"Point","coordinates":[-71.979382,19.062352]},"properties":{"s":"N"}},{"type":"Feature","geometry":{"type":"Point","coordinates":[-71.844813,19.074664]},"properties":{"s":"N"}},{"type":"Feature","geometry":{"type":"Point","coordinates":[-71.842101,19.075294]},"properties":{"s":"N"}},{"type":"Feature","geometry":{"type":"Point","coordinates":[-71.839493,19.077386]},"properties":{"s":"N"}},{"type":"Feature","geometry":{"type":"Point","coordinates":[-71.778,19.081003]},"properties":{"s":"N"}},{"type":"Feature","geometry":{"type":"Point","coordinates":[-71.746652,19.050022]},"properties":{"s":"N"}},{"type":"Feature","geometry":{"type":"Point","coordinates":[-71.736696,19.076793]},"properties":{"s":"N"}},{"type":"Feature","geometry":{"type":"Point","coordinates":[-71.96241,19.112569]},"properties":{"s":"N"}},{"type":"Feature","geometry":{"type":"Point","coordinates":[-71.960396,19.113219]},"properties":{"s":"N"}},{"type":"Feature","geometry":{"type":"Point","coordinates":[-71.975745,19.117107]},"properties":{"s":"N"}},{"type":"Feature","geometry":{"type":"Point","coordinates":[-71.953681,19.115806]},"properties":{"s":"N"}},{"type":"Feature","geometry":{"type":"Point","coordinates":[-71.960322,19.121511]},"properties":{"s":"N"}},{"type":"Feature","geometry":{"type":"Point","coordinates":[-71.90415,19.108444]},"properties":{"s":"N"}},{"type":"Feature","geometry":{"type":"Point","coordinates":[-71.908834,19.114302]},"properties":{"s":"N"}},{"type":"Feature","geometry":{"type":"Point","coordinates":[-71.940181,19.139744]},"properties":{"s":"N"}},{"type":"Feature","geometry":{"type":"Point","coordinates":[-71.939217,19.141651]},"properties":{"s":"N"}},{"type":"Feature","geometry":{"type":"Point","coordinates":[-71.898549,19.11544]},"properties":{"s":"N"}},{"type":"Feature","geometry":{"type":"Point","coordinates":[-71.867999,19.118783]},"properties":{"s":"N"}},{"type":"Feature","geometry":{"type":"Point","coordinates":[-71.894182,19.137111]},"properties":{"s":"N"}},{"type":"Feature","geometry":{"type":"Point","coordinates":[-71.839065,19.139085]},"properties":{"s":"N"}},{"type":"Feature","geometry":{"type":"Point","coordinates":[-71.713849,19.114089]},"properties":{"s":"N"}},{"type":"Feature","geometry":{"type":"Point","coordinates":[-71.724621,19.116806]},"properties":{"s":"N"}},{"type":"Feature","geometry":{"type":"Point","coordinates":[-71.677239,19.11711]},"properties":{"s":"N"}},{"type":"Feature","geometry":{"type":"Point","coordinates":[-71.683306,19.126424]},"properties":{"s":"N"}},{"type":"Feature","geometry":{"type":"Point","coordinates":[-71.966563,19.151552]},"properties":{"s":"N"}},{"type":"Feature","geometry":{"type":"Point","coordinates":[-71.959046,19.156583]},"properties":{"s":"N"}},{"type":"Feature","geometry":{"type":"Point","coordinates":[-71.959664,19.174065]},"properties":{"s":"N"}},{"type":"Feature","geometry":{"type":"Point","coordinates":[-71.964965,19.194854]},"properties":{"s":"N"}},{"type":"Feature","geometry":{"type":"Point","coordinates":[-71.924682,19.161087]},"properties":{"s":"N"}},{"type":"Feature","geometry":{"type":"Point","coordinates":[-71.885829,19.184472]},"properties":{"s":"N"}},{"type":"Feature","geometry":{"type":"Point","coordinates":[-71.837338,19.181121]},"properties":{"s":"N"}},{"type":"Feature","geometry":{"type":"Point","coordinates":[-71.773149,19.185326]},"properties":{"s":"N"}},{"type":"Feature","geometry":{"type":"Point","coordinates":[-71.731317,19.154495]},"properties":{"s":"N"}},{"type":"Feature","geometry":{"type":"Point","coordinates":[-71.71825,19.178599]},"properties":{"s":"N"}},{"type":"Feature","geometry":{"type":"Point","coordinates":[-71.735115,19.198949]},"properties":{"s":"N"}},{"type":"Feature","geometry":{"type":"Point","coordinates":[-71.991135,19.202291]},"properties":{"s":"N"}},{"type":"Feature","geometry":{"type":"Point","coordinates":[-71.962675,19.201026]},"properties":{"s":"N"}},{"type":"Feature","geometry":{"type":"Point","coordinates":[-71.938905,19.23537]},"properties":{"s":"N"}},{"type":"Feature","geometry":{"type":"Point","coordinates":[-71.86022,19.215707]},"properties":{"s":"N"}},{"type":"Feature","geometry":{"type":"Point","coordinates":[-71.875574,19.228367]},"properties":{"s":"N"}},{"type":"Feature","geometry":{"type":"Point","coordinates":[-71.862228,19.229913]},"properties":{"s":"N"}},{"type":"Feature","geometry":{"type":"Point","coordinates":[-71.865492,19.23101]},"properties":{"s":"N"}},{"type":"Feature","geometry":{"type":"Point","coordinates":[-71.86266,19.234565]},"properties":{"s":"N"}},{"type":"Feature","geometry":{"type":"Point","coordinates":[-71.854887,19.242865]},"properties":{"s":"N"}},{"type":"Feature","geometry":{"type":"Point","coordinates":[-71.845321,19.20149]},"properties":{"s":"N"}},{"type":"Feature","geometry":{"type":"Point","coordinates":[-71.821538,19.210244]},"properties":{"s":"N"}},{"type":"Feature","geometry":{"type":"Point","coordinates":[-71.830139,19.216761]},"properties":{"s":"N"}},{"type":"Feature","geometry":{"type":"Point","coordinates":[-71.824837,19.218072]},"properties":{"s":"N"}},{"type":"Feature","geometry":{"type":"Point","coordinates":[-71.809908,19.218355]},"properties":{"s":"N"}},{"type":"Feature","geometry":{"type":"Point","coordinates":[-71.819897,19.238394]},"properties":{"s":"N"}},{"type":"Feature","geometry":{"type":"Point","coordinates":[-71.811627,19.237597]},"properties":{"s":"N"}},{"type":"Feature","geometry":{"type":"Point","coordinates":[-71.802104,19.242196]},"properties":{"s":"N"}},{"type":"Feature","geometry":{"type":"Point","coordinates":[-71.835453,19.248291]},"properties":{"s":"N"}},{"type":"Feature","geometry":{"type":"Point","coordinates":[-71.725722,19.201674]},"properties":{"s":"N"}},{"type":"Feature","geometry":{"type":"Point","coordinates":[-71.726397,19.240742]},"properties":{"s":"N"}},{"type":"Feature","geometry":{"type":"Point","coordinates":[-71.72864,19.244372]},"properties":{"s":"N"}},{"type":"Feature","geometry":{"type":"Point","coordinates":[-71.659436,19.221088]},"properties":{"s":"N"}},{"type":"Feature","geometry":{"type":"Point","coordinates":[-71.683311,19.226851]},"properties":{"s":"N"}},{"type":"Feature","geometry":{"type":"Point","coordinates":[-71.638839,19.200322]},"properties":{"s":"N"}},{"type":"Feature","geometry":{"type":"Point","coordinates":[-71.914317,19.258074]},"properties":{"s":"N"}},{"type":"Feature","geometry":{"type":"Point","coordinates":[-71.894214,19.262936]},"properties":{"s":"N"}},{"type":"Feature","geometry":{"type":"Point","coordinates":[-71.837465,19.25161]},"properties":{"s":"N"}},{"type":"Feature","geometry":{"type":"Point","coordinates":[-71.84645,19.291642]},"properties":{"s":"N"}},{"type":"Feature","geometry":{"type":"Point","coordinates":[-71.985496,19.311993]},"properties":{"s":"N"}},{"type":"Feature","geometry":{"type":"Point","coordinates":[-71.909086,19.330835]},"properties":{"s":"N"}},{"type":"Feature","geometry":{"type":"Point","coordinates":[-71.904685,19.337309]},"properties":{"s":"N"}},{"type":"Feature","geometry":{"type":"Point","coordinates":[-71.858906,19.325812]},"properties":{"s":"N"}},{"type":"Feature","geometry":{"type":"Point","coordinates":[-71.861373,19.334823]},"properties":{"s":"N"}},{"type":"Feature","geometry":{"type":"Point","coordinates":[-71.84356,19.329982]},"properties":{"s":"N"}},{"type":"Feature","geometry":{"type":"Point","coordinates":[-71.849785,19.340598]},"properties":{"s":"N"}},{"type":"Feature","geometry":{"type":"Point","coordinates":[-71.814087,19.342773]},"properties":{"s":"N"}},{"type":"Feature","geometry":{"type":"Point","coordinates":[-71.798207,19.322227]},"properties":{"s":"N"}},{"type":"Feature","geometry":{"type":"Point","coordinates":[-71.796955,19.326947]},"properties":{"s":"N"}},{"type":"Feature","geometry":{"type":"Point","coordinates":[-71.79029,19.349976]},"properties":{"s":"N"}},{"type":"Feature","geometry":{"type":"Point","coordinates":[-71.976441,19.357121]},"properties":{"s":"N"}},{"type":"Feature","geometry":{"type":"Point","coordinates":[-71.999047,19.363198]},"properties":{"s":"N"}},{"type":"Feature","geometry":{"type":"Point","coordinates":[-71.98088,19.365603]},"properties":{"s":"N"}},{"type":"Feature","geometry":{"type":"Point","coordinates":[-71.985244,19.372091]},"properties":{"s":"N"}},{"type":"Feature","geometry":{"type":"Point","coordinates":[-71.893055,19.350323]},"properties":{"s":"N"}},{"type":"Feature","geometry":{"type":"Point","coordinates":[-71.881367,19.364115]},"properties":{"s":"N"}},{"type":"Feature","geometry":{"type":"Point","coordinates":[-71.897966,19.365809]},"properties":{"s":"N"}},{"type":"Feature","geometry":{"type":"Point","coordinates":[-71.853115,19.399992]},"properties":{"s":"N"}},{"type":"Feature","geometry":{"type":"Point","coordinates":[-71.821023,19.356163]},"properties":{"s":"N"}},{"type":"Feature","geometry":{"type":"Point","coordinates":[-71.805962,19.357443]},"properties":{"s":"N"}},{"type":"Feature","geometry":{"type":"Point","coordinates":[-71.84729,19.369855]},"properties":{"s":"N"}},{"type":"Feature","geometry":{"type":"Point","coordinates":[-71.848331,19.382821]},"properties":{"s":"N"}},{"type":"Feature","geometry":{"type":"Point","coordinates":[-71.838459,19.383899]},"properties":{"s":"N"}},{"type":"Feature","geometry":{"type":"Point","coordinates":[-71.820052,19.391504]},"properties":{"s":"N"}},{"type":"Feature","geometry":{"type":"Point","coordinates":[-71.790328,19.350219]},"properties":{"s":"N"}},{"type":"Feature","geometry":{"type":"Point","coordinates":[-71.778815,19.374826]},"properties":{"s":"N"}},{"type":"Feature","geometry":{"type":"Point","coordinates":[-71.777336,19.381766]},"properties":{"s":"N"}},{"type":"Feature","geometry":{"type":"Point","coordinates":[-71.777585,19.383121]},"properties":{"s":"N"}},{"type":"Feature","geometry":{"type":"Point","coordinates":[-71.780587,19.393069]},"properties":{"s":"N"}},{"type":"Feature","geometry":{"type":"Point","coordinates":[-71.769146,19.397533]},"properties":{"s":"N"}},{"type":"Feature","geometry":{"type":"Point","coordinates":[-71.742039,19.369875]},"properties":{"s":"N"}},{"type":"Feature","geometry":{"type":"Point","coordinates":[-71.810636,19.422614]},"properties":{"s":"N"}},{"type":"Feature","geometry":{"type":"Point","coordinates":[-71.775973,19.401497]},"properties":{"s":"N"}},{"type":"Feature","geometry":{"type":"Point","coordinates":[-71.775035,19.402307]},"properties":{"s":"N"}},{"type":"Feature","geometry":{"type":"Point","coordinates":[-71.773965,19.401621]},"properties":{"s":"N"}},{"type":"Feature","geometry":{"type":"Point","coordinates":[-71.776344,19.403272]},"properties":{"s":"N"}},{"type":"Feature","geometry":{"type":"Point","coordinates":[-71.784478,19.405487]},"properties":{"s":"N"}},{"type":"Feature","geometry":{"type":"Point","coordinates":[-71.783887,19.405612]},"properties":{"s":"N"}},{"type":"Feature","geometry":{"type":"Point","coordinates":[-71.782781,19.40842]},"properties":{"s":"N"}},{"type":"Feature","geometry":{"type":"Point","coordinates":[-71.78122,19.408662]},"properties":{"s":"N"}},{"type":"Feature","geometry":{"type":"Point","coordinates":[-71.784555,19.410369]},"properties":{"s":"N"}},{"type":"Feature","geometry":{"type":"Point","coordinates":[-71.781021,19.412526]},"properties":{"s":"N"}},{"type":"Feature","geometry":{"type":"Point","coordinates":[-71.778086,19.418198]},"properties":{"s":"N"}},{"type":"Feature","geometry":{"type":"Point","coordinates":[-71.75655,19.42628]},"properties":{"s":"N"}},{"type":"Feature","geometry":{"type":"Point","coordinates":[-71.7701,19.44404]},"properties":{"s":"N"}},{"type":"Feature","geometry":{"type":"Point","coordinates":[-71.76911,19.44467]},"properties":{"s":"N"}},{"type":"Feature","geometry":{"type":"Point","coordinates":[-71.76699,19.44562]},"properties":{"s":"N"}},{"type":"Feature","geometry":{"type":"Point","coordinates":[-71.76655,19.44591]},"properties":{"s":"N"}},{"type":"Feature","geometry":{"type":"Point","coordinates":[-71.76472,19.44687]},"properties":{"s":"N"}},{"type":"Feature","geometry":{"type":"Point","coordinates":[-71.72681,19.41731]},"properties":{"s":"N"}},{"type":"Feature","geometry":{"type":"Point","coordinates":[-71.7053,19.42892]},"properties":{"s":"N"}},{"type":"Feature","geometry":{"type":"Point","coordinates":[-71.73478,19.43186]},"properties":{"s":"N"}},{"type":"Feature","geometry":{"type":"Point","coordinates":[-71.71897,19.432]},"properties":{"s":"N"}},{"type":"Feature","geometry":{"type":"Point","coordinates":[-71.71234,19.43668]},"properties":{"s":"N"}},{"type":"Feature","geometry":{"type":"Point","coordinates":[-71.69303,19.44458]},"properties":{"s":"N"}},{"type":"Feature","geometry":{"type":"Point","coordinates":[-71.923031,19.495235]},"properties":{"s":"N"}},{"type":"Feature","geometry":{"type":"Point","coordinates":[-71.80681,19.45255]},"properties":{"s":"N"}},{"type":"Feature","geometry":{"type":"Point","coordinates":[-71.80392,19.48671]},"properties":{"s":"N"}},{"type":"Feature","geometry":{"type":"Point","coordinates":[-71.80949,19.49761]},"properties":{"s":"N"}},{"type":"Feature","geometry":{"type":"Point","coordinates":[-71.75532,19.4716]},"properties":{"s":"N"}},{"type":"Feature","geometry":{"type":"Point","coordinates":[-71.76327,19.48894]},"properties":{"s":"N"}},{"type":"Feature","geometry":{"type":"Point","coordinates":[-71.78677,19.49648]},"properties":{"s":"N"}},{"type":"Feature","geometry":{"type":"Point","coordinates":[-71.77221,19.49719]},"properties":{"s":"N"}},{"type":"Feature","geometry":{"type":"Point","coordinates":[-71.78374,19.49759]},"properties":{"s":"N"}},{"type":"Feature","geometry":{"type":"Point","coordinates":[-71.73375,19.46402]},"properties":{"s":"N"}},{"type":"Feature","geometry":{"type":"Point","coordinates":[-71.72882,19.47055]},"properties":{"s":"N"}},{"type":"Feature","geometry":{"type":"Point","coordinates":[-71.70303,19.48032]},"properties":{"s":"N"}},{"type":"Feature","geometry":{"type":"Point","coordinates":[-71.74387,19.489]},"properties":{"s":"N"}},{"type":"Feature","geometry":{"type":"Point","coordinates":[-71.70454,19.49428]},"properties":{"s":"N"}},{"type":"Feature","geometry":{"type":"Point","coordinates":[-71.73316,19.49868]},"properties":{"s":"N"}},{"type":"Feature","geometry":{"type":"Point","coordinates":[-71.942335,19.510344]},"properties":{"s":"N"}},{"type":"Feature","geometry":{"type":"Point","coordinates":[-71.927429,19.521948]},"properties":{"s":"N"}},{"type":"Feature","geometry":{"type":"Point","coordinates":[-71.923231,19.521463]},"properties":{"s":"N"}},{"type":"Feature","geometry":{"type":"Point","coordinates":[-71.924505,19.522177]},"properties":{"s":"N"}},{"type":"Feature","geometry":{"type":"Point","coordinates":[-71.92561,19.523316]},"properties":{"s":"N"}},{"type":"Feature","geometry":{"type":"Point","coordinates":[-71.92479,19.522792]},"properties":{"s":"N"}},{"type":"Feature","geometry":{"type":"Point","coordinates":[-71.923832,19.523285]},"properties":{"s":"N"}},{"type":"Feature","geometry":{"type":"Point","coordinates":[-71.921926,19.52333]},"properties":{"s":"N"}},{"type":"Feature","geometry":{"type":"Point","coordinates":[-71.922039,19.526434]},"properties":{"s":"N"}},{"type":"Feature","geometry":{"type":"Point","coordinates":[-71.88179,19.51974]},"properties":{"s":"N"}},{"type":"Feature","geometry":{"type":"Point","coordinates":[-71.87978,19.52175]},"properties":{"s":"N"}},{"type":"Feature","geometry":{"type":"Point","coordinates":[-71.80769,19.50313]},"properties":{"s":"N"}},{"type":"Feature","geometry":{"type":"Point","coordinates":[-71.81539,19.5373]},"properties":{"s":"N"}},{"type":"Feature","geometry":{"type":"Point","coordinates":[-71.81358,19.54745]},"properties":{"s":"N"}},{"type":"Feature","geometry":{"type":"Point","coordinates":[-71.77337,19.50205]},"properties":{"s":"N"}},{"type":"Feature","geometry":{"type":"Point","coordinates":[-71.76946,19.50442]},"properties":{"s":"N"}},{"type":"Feature","geometry":{"type":"Point","coordinates":[-71.76165,19.51555]},"properties":{"s":"N"}},{"type":"Feature","geometry":{"type":"Point","coordinates":[-71.76443,19.52965]},"properties":{"s":"N"}},{"type":"Feature","geometry":{"type":"Point","coordinates":[-71.76008,19.5303]},"properties":{"s":"N"}},{"type":"Feature","geometry":{"type":"Point","coordinates":[-71.75932,19.53159]},"properties":{"s":"N"}},{"type":"Feature","geometry":{"type":"Point","coordinates":[-71.781637,19.53416]},"properties":{"s":"N"}},{"type":"Feature","geometry":{"type":"Point","coordinates":[-71.76795,19.54033]},"properties":{"s":"N"}},{"type":"Feature","geometry":{"type":"Point","coordinates":[-71.77206,19.54445]},"properties":{"s":"N"}},{"type":"Feature","geometry":{"type":"Point","coordinates":[-71.76212,19.54401]},"properties":{"s":"N"}},{"type":"Feature","geometry":{"type":"Point","coordinates":[-71.76208,19.54432]},"properties":{"s":"N"}},{"type":"Feature","geometry":{"type":"Point","coordinates":[-71.7723,19.54968]},"properties":{"s":"N"}},{"type":"Feature","geometry":{"type":"Point","coordinates":[-71.71434,19.50083]},"properties":{"s":"N"}},{"type":"Feature","geometry":{"type":"Point","coordinates":[-71.70684,19.5106]},"properties":{"s":"N"}},{"type":"Feature","geometry":{"type":"Point","coordinates":[-71.73026,19.51803]},"properties":{"s":"N"}},{"type":"Feature","geometry":{"type":"Point","coordinates":[-71.72795,19.51778]},"properties":{"s":"N"}},{"type":"Feature","geometry":{"type":"Point","coordinates":[-71.73103,19.5211]},"properties":{"s":"N"}},{"type":"Feature","geometry":{"type":"Point","coordinates":[-71.73179,19.52287]},"properties":{"s":"N"}},{"type":"Feature","geometry":{"type":"Point","coordinates":[-71.71696,19.52979]},"properties":{"s":"N"}},{"type":"Feature","geometry":{"type":"Point","coordinates":[-71.71867,19.53069]},"properties":{"s":"N"}},{"type":"Feature","geometry":{"type":"Point","coordinates":[-71.7188,19.53523]},"properties":{"s":"N"}},{"type":"Feature","geometry":{"type":"Point","coordinates":[-71.71858,19.53514]},"properties":{"s":"N"}},{"type":"Feature","geometry":{"type":"Point","coordinates":[-71.72417,19.54166]},"properties":{"s":"N"}},{"type":"Feature","geometry":{"type":"Point","coordinates":[-71.72897,19.54377]},"properties":{"s":"N"}},{"type":"Feature","geometry":{"type":"Point","coordinates":[-71.72613,19.54408]},"properties":{"s":"N"}},{"type":"Feature","geometry":{"type":"Point","coordinates":[-71.74039,19.54814]},"properties":{"s":"N"}},{"type":"Feature","geometry":{"type":"Point","coordinates":[-71.72325,19.54846]},"properties":{"s":"N"}},{"type":"Feature","geometry":{"type":"Point","coordinates":[-71.72301,19.54843]},"properties":{"s":"N"}},{"type":"Feature","geometry":{"type":"Point","coordinates":[-71.98309,19.574481]},"properties":{"s":"N"}},{"type":"Feature","geometry":{"type":"Point","coordinates":[-71.99286,19.58288]},"properties":{"s":"N"}},{"type":"Feature","geometry":{"type":"Point","coordinates":[-71.99361,19.58482]},"properties":{"s":"N"}},{"type":"Feature","geometry":{"type":"Point","coordinates":[-71.9934,19.5849]},"properties":{"s":"N"}},{"type":"Feature","geometry":{"type":"Point","coordinates":[-71.98865,19.59575]},"properties":{"s":"N"}},{"type":"Feature","geometry":{"type":"Point","coordinates":[-71.9709,19.598152]},"properties":{"s":"N"}},{"type":"Feature","geometry":{"type":"Point","coordinates":[-71.968727,19.599043]},"properties":{"s":"N"}},{"type":"Feature","geometry":{"type":"Point","coordinates":[-71.962222,19.599058]},"properties":{"s":"N"}},{"type":"Feature","geometry":{"type":"Point","coordinates":[-71.934772,19.55749]},"properties":{"s":"N"}},{"type":"Feature","geometry":{"type":"Point","coordinates":[-71.924033,19.56408]},"properties":{"s":"N"}},{"type":"Feature","geometry":{"type":"Point","coordinates":[-71.935438,19.574057]},"properties":{"s":"N"}},{"type":"Feature","geometry":{"type":"Point","coordinates":[-71.933448,19.572922]},"properties":{"s":"N"}},{"type":"Feature","geometry":{"type":"Point","coordinates":[-71.938172,19.576102]},"properties":{"s":"N"}},{"type":"Feature","geometry":{"type":"Point","coordinates":[-71.935973,19.575952]},"properties":{"s":"N"}},{"type":"Feature","geometry":{"type":"Point","coordinates":[-71.938614,19.578654]},"properties":{"s":"N"}},{"type":"Feature","geometry":{"type":"Point","coordinates":[-71.939985,19.579078]},"properties":{"s":"N"}},{"type":"Feature","geometry":{"type":"Point","coordinates":[-71.93543,19.579058]},"properties":{"s":"N"}},{"type":"Feature","geometry":{"type":"Point","coordinates":[-71.941057,19.582774]},"properties":{"s":"N"}},{"type":"Feature","geometry":{"type":"Point","coordinates":[-71.941921,19.586156]},"properties":{"s":"N"}},{"type":"Feature","geometry":{"type":"Point","coordinates":[-71.908733,19.597488]},"properties":{"s":"N"}},{"type":"Feature","geometry":{"type":"Point","coordinates":[-71.84007,19.55293]},"properties":{"s":"N"}},{"type":"Feature","geometry":{"type":"Point","coordinates":[-71.84348,19.55559]},"properties":{"s":"N"}},{"type":"Feature","geometry":{"type":"Point","coordinates":[-71.84055,19.5562]},"properties":{"s":"N"}},{"type":"Feature","geometry":{"type":"Point","coordinates":[-71.80434,19.59165]},"properties":{"s":"N"}},{"type":"Feature","geometry":{"type":"Point","coordinates":[-71.83379,19.59387]},"properties":{"s":"N"}},{"type":"Feature","geometry":{"type":"Point","coordinates":[-71.83427,19.59451]},"properties":{"s":"N"}},{"type":"Feature","geometry":{"type":"Point","coordinates":[-71.83266,19.59523]},"properties":{"s":"N"}},{"type":"Feature","geometry":{"type":"Point","coordinates":[-71.83237,19.59612]},"properties":{"s":"N"}},{"type":"Feature","geometry":{"type":"Point","coordinates":[-71.83138,19.59786]},"properties":{"s":"N"}},{"type":"Feature","geometry":{"type":"Point","coordinates":[-71.77847,19.55968]},"properties":{"s":"N"}},{"type":"Feature","geometry":{"type":"Point","coordinates":[-71.77573,19.55796]},"properties":{"s":"N"}},{"type":"Feature","geometry":{"type":"Point","coordinates":[-71.73253,19.55112]},"properties":{"s":"N"}},{"type":"Feature","geometry":{"type":"Point","coordinates":[-71.72757,19.55258]},"properties":{"s":"N"}},{"type":"Feature","geometry":{"type":"Point","coordinates":[-71.72979,19.55377]},"properties":{"s":"N"}},{"type":"Feature","geometry":{"type":"Point","coordinates":[-71.73088,19.55575]},"properties":{"s":"N"}},{"type":"Feature","geometry":{"type":"Point","coordinates":[-71.7323,19.5574]},"properties":{"s":"N"}},{"type":"Feature","geometry":{"type":"Point","coordinates":[-71.72866,19.5563]},"properties":{"s":"N"}},{"type":"Feature","geometry":{"type":"Point","coordinates":[-71.72497,19.55508]},"properties":{"s":"N"}},{"type":"Feature","geometry":{"type":"Point","coordinates":[-71.950695,19.627257]},"properties":{"s":"N"}},{"type":"Feature","geometry":{"type":"Point","coordinates":[-71.950703,19.628487]},"properties":{"s":"N"}},{"type":"Feature","geometry":{"type":"Point","coordinates":[-71.9578,19.631768]},"properties":{"s":"N"}},{"type":"Feature","geometry":{"type":"Point","coordinates":[-71.957833,19.633307]},"properties":{"s":"N"}},{"type":"Feature","geometry":{"type":"Point","coordinates":[-71.959738,19.63442]},"properties":{"s":"N"}},{"type":"Feature","geometry":{"type":"Point","coordinates":[-71.957234,19.63389]},"properties":{"s":"N"}},{"type":"Feature","geometry":{"type":"Point","coordinates":[-71.953723,19.633122]},"properties":{"s":"N"}},{"type":"Feature","geometry":{"type":"Point","coordinates":[-71.957773,19.636055]},"properties":{"s":"N"}},{"type":"Feature","geometry":{"type":"Point","coordinates":[-71.956993,19.635088]},"properties":{"s":"N"}},{"type":"Feature","geometry":{"type":"Point","coordinates":[-71.957172,19.637055]},"properties":{"s":"N"}},{"type":"Feature","geometry":{"type":"Point","coordinates":[-71.953398,19.635605]},"properties":{"s":"N"}},{"type":"Feature","geometry":{"type":"Point","coordinates":[-71.95351,19.635845]},"properties":{"s":"N"}},{"type":"Feature","geometry":{"type":"Point","coordinates":[-71.95225,19.635433]},"properties":{"s":"N"}},{"type":"Feature","geometry":{"type":"Point","coordinates":[-71.955872,19.63846]},"properties":{"s":"N"}},{"type":"Feature","geometry":{"type":"Point","coordinates":[-71.959815,19.64071]},"properties":{"s":"N"}},{"type":"Feature","geometry":{"type":"Point","coordinates":[-71.957228,19.640382]},"properties":{"s":"N"}},{"type":"Feature","geometry":{"type":"Point","coordinates":[-71.983173,19.648175]},"properties":{"s":"N"}},{"type":"Feature","geometry":{"type":"Point","coordinates":[-71.979972,19.648988]},"properties":{"s":"N"}},{"type":"Feature","geometry":{"type":"Point","coordinates":[-71.907177,19.601148]},"properties":{"s":"N"}},{"type":"Feature","geometry":{"type":"Point","coordinates":[-71.911178,19.603133]},"properties":{"s":"N"}},{"type":"Feature","geometry":{"type":"Point","coordinates":[-71.91404,19.629743]},"properties":{"s":"N"}},{"type":"Feature","geometry":{"type":"Point","coordinates":[-71.905122,19.634525]},"properties":{"s":"N"}},{"type":"Feature","geometry":{"type":"Point","coordinates":[-71.85286,19.60865]},"properties":{"s":"N"}},{"type":"Feature","geometry":{"type":"Point","coordinates":[-71.85282,19.61057]},"properties":{"s":"N"}},{"type":"Feature","geometry":{"type":"Point","coordinates":[-71.85142,19.61175]},"properties":{"s":"N"}},{"type":"Feature","geometry":{"type":"Point","coordinates":[-71.85007,19.61286]},"properties":{"s":"N"}},{"type":"Feature","geometry":{"type":"Point","coordinates":[-71.85303,19.62861]},"properties":{"s":"N"}},{"type":"Feature","geometry":{"type":"Point","coordinates":[-71.85177,19.63936]},"properties":{"s":"N"}},{"type":"Feature","geometry":{"type":"Point","coordinates":[-71.86789,19.64097]},"properties":{"s":"N"}},{"type":"Feature","geometry":{"type":"Point","coordinates":[-71.86587,19.641]},"properties":{"s":"N"}},{"type":"Feature","geometry":{"type":"Point","coordinates":[-71.86338,19.64061]},"properties":{"s":"N"}},{"type":"Feature","geometry":{"type":"Point","coordinates":[-71.83151,19.60086]},"properties":{"s":"N"}},{"type":"Feature","geometry":{"type":"Point","coordinates":[-71.83108,19.6371]},"properties":{"s":"N"}},{"type":"Feature","geometry":{"type":"Point","coordinates":[-71.84897,19.63954]},"properties":{"s":"N"}},{"type":"Feature","geometry":{"type":"Point","coordinates":[-71.845857,19.643963]},"properties":{"s":"N"}},{"type":"Feature","geometry":{"type":"Point","coordinates":[-71.78004,19.61626]},"properties":{"s":"N"}},{"type":"Feature","geometry":{"type":"Point","coordinates":[-71.773419,19.616192]},"properties":{"s":"N"}},{"type":"Feature","geometry":{"type":"Point","coordinates":[-71.76279,19.63117]},"properties":{"s":"N"}},{"type":"Feature","geometry":{"type":"Point","coordinates":[-71.75835,19.63528]},"properties":{"s":"N"}},{"type":"Feature","geometry":{"type":"Point","coordinates":[-71.757153,19.63888]},"properties":{"s":"N"}},{"type":"Feature","geometry":{"type":"Point","coordinates":[-71.78366,19.6418]},"properties":{"s":"N"}},{"type":"Feature","geometry":{"type":"Point","coordinates":[-71.998431,19.665291]},"properties":{"s":"N"}},{"type":"Feature","geometry":{"type":"Point","coordinates":[-71.990943,19.685197]},"properties":{"s":"N"}},{"type":"Feature","geometry":{"type":"Point","coordinates":[-71.91435,19.651295]},"properties":{"s":"N"}},{"type":"Feature","geometry":{"type":"Point","coordinates":[-71.924532,19.659635]},"properties":{"s":"N"}},{"type":"Feature","geometry":{"type":"Point","coordinates":[-71.924253,19.66426]},"properties":{"s":"N"}},{"type":"Feature","geometry":{"type":"Point","coordinates":[-71.923428,19.667215]},"properties":{"s":"N"}},{"type":"Feature","geometry":{"type":"Point","coordinates":[-71.87132,19.65382]},"properties":{"s":"N"}},{"type":"Feature","geometry":{"type":"Point","coordinates":[-71.86989,19.65476]},"properties":{"s":"N"}},{"type":"Feature","geometry":{"type":"Point","coordinates":[-71.86794,19.655]},"properties":{"s":"N"}},{"type":"Feature","geometry":{"type":"Point","coordinates":[-71.897892,19.673835]},"properties":{"s":"N"}},{"type":"Feature","geometry":{"type":"Point","coordinates":[-71.897068,19.674205]},"properties":{"s":"N"}},{"type":"Feature","geometry":{"type":"Point","coordinates":[-71.89835,19.676347]},"properties":{"s":"N"}},{"type":"Feature","geometry":{"type":"Point","coordinates":[-71.896482,19.675693]},"properties":{"s":"N"}},{"type":"Feature","geometry":{"type":"Point","coordinates":[-71.81606,19.65393]},"properties":{"s":"N"}},{"type":"Feature","geometry":{"type":"Point","coordinates":[-71.81504,19.6547]},"properties":{"s":"N"}},{"type":"Feature","geometry":{"type":"Point","coordinates":[-71.81288,19.65311]},"properties":{"s":"N"}},{"type":"Feature","geometry":{"type":"Point","coordinates":[-71.8147,19.65405]},"properties":{"s":"N"}},{"type":"Feature","geometry":{"type":"Point","coordinates":[-71.81377,19.65479]},"properties":{"s":"N"}},{"type":"Feature","geometry":{"type":"Point","coordinates":[-71.83561,19.65583]},"properties":{"s":"N"}},{"type":"Feature","geometry":{"type":"Point","coordinates":[-71.81135,19.65694]},"properties":{"s":"N"}},{"type":"Feature","geometry":{"type":"Point","coordinates":[-71.8326,19.65818]},"properties":{"s":"N"}},{"type":"Feature","geometry":{"type":"Point","coordinates":[-71.84097,19.67031]},"properties":{"s":"N"}},{"type":"Feature","geometry":{"type":"Point","coordinates":[-71.75377,19.65083]},"properties":{"s":"N"}},{"type":"Feature","geometry":{"type":"Point","coordinates":[-71.7747,19.65556]},"properties":{"s":"N"}},{"type":"Feature","geometry":{"type":"Point","coordinates":[-71.757621,19.655869]},"properties":{"s":"N"}},{"type":"Feature","geometry":{"type":"Point","coordinates":[-71.75531,19.65881]},"properties":{"s":"N"}},{"type":"Feature","geometry":{"type":"Point","coordinates":[-71.767669,19.6619]},"properties":{"s":"N"}},{"type":"Feature","geometry":{"type":"Point","coordinates":[-71.7576,19.66586]},"properties":{"s":"N"}}]}